t,l_hip_yaw_q,l_hip_yaw_dq,l_hip_yaw_tau,l_hip_roll_q,l_hip_roll_dq,l_hip_roll_tau,l_hip_pitch_q,l_hip_pitch_dq,l_hip_pitch_tau,l_knee_q,l_knee_dq,l_knee_tau,l_ankle_pitch_q,l_ankle_pitch_dq,l_ankle_pitch_tau,l_ankle_roll_q,l_ankle_roll_dq,l_ankle_roll_tau,r_hip_yaw_q,r_hip_yaw_dq,r_hip_yaw_tau,r_hip_roll_q,r_hip_roll_dq,r_hip_roll_tau,r_hip_pitch_q,r_hip_pitch_dq,r_hip_pitch_tau,r_knee_q,r_knee_dq,r_knee_tau,r_ankle_pitch_q,r_ankle_pitch_dq,r_ankle_pitch_tau,r_ankle_roll_q,r_ankle_roll_dq,r_ankle_roll_tau,l_ankle_motorA_tau,l_ankle_motorB_tau,l_ankle_motorA_w,l_ankle_motorB_w,com_ref_x,com_ref_y,zmp_ref_x,zmp_ref_y,contact_l,contact_r
0,-0,0,-0.028206,0,0,0.563093,-0.629719,-0.010006,-1.27931,1.06687,-0.00252218,-16.8571,-0.437155,0.0125282,-3.40506,0,0,-5.55112e-17,-0,0,0.028206,0,0,-0.563093,-0.629719,-0.010006,-1.27931,1.06687,-0.00252218,-16.8571,-0.437155,0.0125282,-3.40506,0,0,5.55112e-17,-2.1965,-2.18496,0.00971071,0.00976202,0,0,0,0,True,True
0.005,-0,0,-0.0264533,0,0,0.563093,-0.629769,-0.00560681,-1.23054,1.06686,-0.00141337,-16.7466,-0.437093,0.00702019,-3.20272,0,0,-5.55112e-17,-0,0,0.0264533,0,0,-0.563093,-0.629769,-0.00560681,-1.23054,1.06686,-0.00141337,-16.7466,-0.437093,0.00702019,-3.20272,0,0,5.55112e-17,-2.06596,-2.0551,0.00544147,0.00547022,-4.65945e-07,0,0,0,True,True
0.01,-0,0,-0.00946014,0,0,0.563093,-0.629775,-0.00175425,-0.757671,1.06686,-0.000442489,-15.6655,-0.437085,0.00219674,-1.21191,0,0,-5.55112e-17,-0,0,0.00946014,0,0,-0.563093,-0.629775,-0.00175425,-0.757671,1.06686,-0.000442489,-15.6655,-0.437085,0.00219674,-1.21191,0,0,5.55112e-17,-0.78176,-0.777652,0.00170274,0.00171173,-3.25262e-06,0,0,0,True,True
0.015,-0,0,0.00463303,0,0,0.563093,-0.629787,-0.00265565,-0.365501,1.06686,-0.000669997,-14.7691,-0.437071,0.00332565,0.438762,0,0,-5.55112e-17,-0,0,-0.00463303,0,0,-0.563093,-0.629787,-0.00265565,-0.365501,1.06686,-0.000669997,-14.7691,-0.437071,0.00332565,0.438762,0,0,5.55112e-17,0.283029,0.281541,0.00257778,0.0025914,-8.59589e-06,0,0,0,True,True
0.02,-0,0,0.00261866,0,0,0.563093,-0.629802,-0.00319911,-0.421554,1.06685,-0.000807338,-14.8976,-0.437052,0.00400645,0.201825,0,0,-2.31112e-33,-0,0,-0.00261866,0,0,-0.563093,-0.629802,-0.00319911,-0.421554,1.06685,-0.000807338,-14.8976,-0.437052,0.00400645,0.201825,0,0,-2.31112e-33,0.130189,0.129505,0.00310549,0.00312189,-1.55858e-05,0,0,0,True,True
0.025,-0,0,0.00121242,0,0,0.563093,-0.629819,-0.00347213,-0.460686,1.06685,-0.000876527,-14.9874,-0.437031,0.00434866,0.0360316,0,0,9.62965e-35,-0,0,-0.00121242,0,0,-0.563093,-0.629819,-0.00347213,-0.460686,1.06685,-0.000876527,-14.9874,-0.437031,0.00434866,0.0360316,0,0,9.62965e-35,0.0232424,0.0231203,0.00337075,0.00338856,-2.34515e-05,0,0,0,True,True
0.03,-0,0,0.000347567,0,0,0.563093,-0.629836,-0.00357694,-0.484752,1.06684,-0.000903303,-15.0428,-0.437008,0.00448024,-0.066376,0,0,-5.55112e-17,-0,0,-0.000347567,0,0,-0.563093,-0.629836,-0.00357694,-0.484752,1.06684,-0.000903303,-15.0428,-0.437008,0.00448024,-0.066376,0,0,5.55112e-17,-0.0428162,-0.0425912,0.00347276,0.0034911,-3.17088e-05,0,0,0,True,True
0.035,-0,0,-0.0001666,0,0,0.563093,-0.629854,-0.0035802,-0.49906,1.06684,-0.000904451,-15.0758,-0.436986,0.00448465,-0.127705,0,0,-5.55112e-17,-0,0,0.0001666,0,0,-0.563093,-0.629854,-0.0035802,-0.49906,1.06684,-0.000904451,-15.0758,-0.436986,0.00448465,-0.127705,0,0,5.55112e-17,-0.0823764,-0.0819437,0.0034762,0.00349455,-4.00613e-05,0,0,0,True,True
0.04,-0,0,-0.00045746,0,0,0.563093,-0.629872,-0.00352466,-0.507154,1.06684,-0.000890737,-15.0947,-0.436963,0.0044154,-0.162858,0,0,-5.55112e-17,-0,0,0.00045746,0,0,-0.563093,-0.629872,-0.00352466,-0.507154,1.06684,-0.000890737,-15.0947,-0.436963,0.0044154,-0.162858,0,0,5.55112e-17,-0.105051,-0.1045,0.00342253,0.0034406,-4.83342e-05,0,0,0,True,True
0.045,-0,0,-0.000608783,0,0,0.563093,-0.62989,-0.00343724,-0.511364,1.06683,-0.000868948,-15.1047,-0.436942,0.00430619,-0.181638,0,0,-5.55112e-17,-0,0,0.000608783,0,0,-0.563093,-0.62989,-0.00343724,-0.511364,1.06683,-0.000868948,-15.1047,-0.436942,0.00430619,-0.181638,0,0,5.55112e-17,-0.117165,-0.116549,0.00333789,0.00335551,-5.64295e-05,0,0,0,True,True
0.05,-0,0,-0.000675046,0,0,0.563093,-0.629907,-0.00333454,-0.513208,1.06683,-0.00084327,-15.1092,-0.43692,0.00417781,-0.190421,0,0,-5.55112e-17,-0,0,0.000675046,0,0,-0.563093,-0.629907,-0.00333454,-0.513208,1.06683,-0.00084327,-15.1092,-0.43692,0.00417781,-0.190421,0,0,5.55112e-17,-0.12283,-0.122185,0.00323838,0.00325548,-6.42971e-05,0,0,0,True,True
0.055,-0,0,-0.000691194,0,0,0.563093,-0.629923,-0.00322648,-0.513658,1.06682,-0.000816212,-15.1106,-0.4369,0.00404269,-0.193299,0,0,-5.55112e-17,-0,0,0.000691194,0,0,-0.563093,-0.629923,-0.00322648,-0.513658,1.06682,-0.000816212,-15.1106,-0.4369,0.00404269,-0.193299,0,0,5.55112e-17,-0.124686,-0.124032,0.00313366,0.0031502,-7.1916e-05,0,0,0,True,True
0.06,-0,0,-0.000679268,0,0,0.563093,-0.629939,-0.00311876,-0.513326,1.06682,-0.000789215,-15.1101,-0.43688,0.00390798,-0.192856,0,0,4.83408e-33,-0,0,0.000679268,0,0,-0.563093,-0.629939,-0.00311876,-0.513326,1.06682,-0.000789215,-15.1101,-0.43688,0.00390798,-0.192856,0,0,4.83408e-33,-0.1244,-0.123747,0.00302925,0.00304524,-7.92824e-05,0,0,0,True,True
0.065,-0,0,-0.000652868,0,0,0.563093,-0.629954,-0.00301445,-0.512591,1.06682,-0.000763053,-15.1088,-0.436861,0.0037775,-0.190684,0,0,-5.55112e-17,-0,0,0.000652868,0,0,-0.563093,-0.629954,-0.00301445,-0.512591,1.06682,-0.000763053,-15.1088,-0.436861,0.0037775,-0.190684,0,0,5.55112e-17,-0.122999,-0.122353,0.00292812,0.00294358,-8.64018e-05,0,0,0,True,True
0.07,-0,0,-0.00062014,0,0,0.563093,-0.629969,-0.00291499,-0.511681,1.06681,-0.000738096,-15.107,-0.436842,0.00365309,-0.18774,0,0,7.22224e-34,-0,0,0.00062014,0,0,-0.563093,-0.629969,-0.00291499,-0.511681,1.06681,-0.000738096,-15.107,-0.436842,0.00365309,-0.18774,0,0,7.22224e-34,-0.121099,-0.120464,0.00283169,0.00284664,-9.32843e-05,0,0,0,True,True
0.075,-0,0,-0.000585766,0,0,0.563093,-0.629983,-0.0028209,-0.510724,1.06681,-0.000714478,-15.1051,-0.436824,0.00353538,-0.184575,0,0,-5.55112e-17,-0,0,0.000585766,0,0,-0.563093,-0.629983,-0.0028209,-0.510724,1.06681,-0.000714478,-15.1051,-0.436824,0.00353538,-0.184575,0,0,5.55112e-17,-0.119057,-0.118432,0.00274046,0.00275492,-9.99422e-05,0,0,0,True,True
0.08,-0,0,-0.000552266,0,0,0.563093,-0.629997,-0.00273218,-0.509792,1.0668,-0.000692199,-15.1032,-0.436807,0.00342438,-0.181484,0,0,1.58456e-31,-0,0,0.000552266,0,0,-0.563093,-0.629997,-0.00273218,-0.509792,1.0668,-0.000692199,-15.1032,-0.436807,0.00342438,-0.181484,0,0,1.58456e-31,-0.117063,-0.116448,0.00265442,0.00266843,-0.000106388,0,0,0,True,True
0.085,-0,0,-0.000520846,0,0,0.563093,-0.630011,-0.00264855,-0.508918,1.0668,-0.000671194,-15.1015,-0.43679,0.00331975,-0.178611,0,0,-5.55112e-17,-0,0,0.000520846,0,0,-0.563093,-0.630011,-0.00264855,-0.508918,1.0668,-0.000671194,-15.1015,-0.43679,0.00331975,-0.178611,0,0,5.55112e-17,-0.115209,-0.114605,0.00257332,0.00258691,-0.000112635,0,0,0,True,True
0.09,-0,0,-0.000491945,0,0,0.563093,-0.630024,-0.00256964,-0.508114,1.0668,-0.000651367,-15.0999,-0.436774,0.00322101,-0.176008,0,0,-5.55112e-17,-0,0,0.000491945,0,0,-0.563093,-0.630024,-0.00256964,-0.508114,1.0668,-0.000651367,-15.0999,-0.436774,0.00322101,-0.176008,0,0,5.55112e-17,-0.113531,-0.112935,0.00249679,0.00250997,-0.000118693,0,0,0,True,True
0.095,-0,0,-0.000465573,0,0,0.563093,-0.630036,-0.00249504,-0.50738,1.06679,-0.000632617,-15.0985,-0.436758,0.00312766,-0.17368,0,0,-5.55112e-17,-0,0,0.000465573,0,0,-0.563093,-0.630036,-0.00249504,-0.50738,1.06679,-0.000632617,-15.0985,-0.436758,0.00312766,-0.17368,0,0,5.55112e-17,-0.112028,-0.11144,0.00242444,0.00243723,-0.000124573,0,0,0,True,True
0.1,-0,0,-0.000441527,0,0,0.563093,-0.630049,-0.00242437,-0.506711,1.06679,-0.000614849,-15.0972,-0.436742,0.00303922,-0.171601,0,0,-5.55112e-17,-0,0,0.000441527,0,0,-0.563093,-0.630049,-0.00242437,-0.506711,1.06679,-0.000614849,-15.0972,-0.436742,0.00303922,-0.171601,0,0,5.55112e-17,-0.110687,-0.110106,0.00235589,0.00236832,-0.000130285,0,0,0,True,True
0.105,-0,0,-0.000419512,0,0,0.563093,-0.630061,-0.00235727,-0.506098,1.06679,-0.000597977,-15.0961,-0.436727,0.00295525,-0.16974,0,0,-5.55112e-17,-0,0,0.000419512,0,0,-0.563093,-0.630061,-0.00235727,-0.506098,1.06679,-0.000597977,-15.0961,-0.436727,0.00295525,-0.16974,0,0,5.55112e-17,-0.109487,-0.108912,0.00229081,0.00230289,-0.000135837,0,0,0,True,True
0.11,-0,0,-0.000399215,0,0,0.563093,-0.630072,-0.00229347,-0.505533,1.06679,-0.000581928,-15.095,-0.436713,0.0028754,-0.168061,0,0,-5.55112e-17,-0,0,0.000399215,0,0,-0.563093,-0.630072,-0.00229347,-0.505533,1.06679,-0.000581928,-15.095,-0.436713,0.0028754,-0.168061,0,0,5.55112e-17,-0.108403,-0.107834,0.00222891,0.00224067,-0.000141237,0,0,0,True,True
0.115,-0,0,-0.000380339,0,0,0.563093,-0.630084,-0.00223272,-0.505008,1.06678,-0.000566641,-15.094,-0.436699,0.00279936,-0.16653,0,0,-5.55112e-17,-0,0,0.000380339,0,0,-0.563093,-0.630084,-0.00223272,-0.505008,1.06678,-0.000566641,-15.094,-0.436699,0.00279936,-0.16653,0,0,5.55112e-17,-0.107415,-0.106852,0.00216997,0.00218142,-0.000146493,0,0,0,True,True
0.12,-0,0,-0.000362628,0,0,0.563093,-0.630095,-0.00217481,-0.504515,1.06678,-0.000552066,-15.0931,-0.436685,0.00272687,-0.165117,0,0,-5.55112e-17,-0,0,0.000362628,0,0,-0.563093,-0.630095,-0.00217481,-0.504515,1.06678,-0.000552066,-15.0931,-0.436685,0.00272687,-0.165117,0,0,5.55112e-17,-0.106504,-0.105945,0.00211379,0.00212494,-0.000151612,0,0,0,True,True
0.125,-0,0,-0.000345864,0,0,0.563093,-0.630105,-0.00211958,-0.504049,1.06678,-0.000538163,-15.0923,-0.436671,0.00265774,-0.163798,0,0,-5.55112e-17,-0,0,0.000345864,0,0,-0.563093,-0.630105,-0.00211958,-0.504049,1.06678,-0.000538163,-15.0923,-0.436671,0.00265774,-0.163798,0,0,5.55112e-17,-0.105653,-0.105099,0.00206021,0.00207108,-0.000156599,0,0,0,True,True
0.13,-0,0,-0.000329872,0,0,0.563093,-0.630116,-0.00206691,-0.503604,1.06677,-0.000524899,-15.0915,-0.436658,0.0025918,-0.162554,0,0,1.3e-33,-0,0,0.000329872,0,0,-0.563093,-0.630116,-0.00206691,-0.503604,1.06677,-0.000524899,-15.0915,-0.436658,0.0025918,-0.162554,0,0,1.3e-33,-0.10485,-0.1043,0.0020091,0.0020197,-0.000161461,0,0,0,True,True
0.135,-0,0,-0.000314513,0,0,0.563093,-0.630126,-0.00201667,-0.503176,1.06677,-0.000512246,-15.0907,-0.436645,0.00252892,-0.161368,0,0,-5.55112e-17,-0,0,0.000314513,0,0,-0.563093,-0.630126,-0.00201667,-0.503176,1.06677,-0.000512246,-15.0907,-0.436645,0.00252892,-0.161368,0,0,5.55112e-17,-0.104085,-0.103539,0.00196035,0.0019707,-0.000166204,0,0,0,True,True
0.14,-0,0,-0.000299679,0,0,0.563093,-0.630136,-0.00196879,-0.502763,1.06677,-0.000500184,-15.0899,-0.436633,0.00246898,-0.160229,0,0,2.46519e-33,-0,0,0.000299679,0,0,-0.563093,-0.630136,-0.00196879,-0.502763,1.06677,-0.000500184,-15.0899,-0.436633,0.00246898,-0.160229,0,0,2.46519e-33,-0.10335,-0.102808,0.00191389,0.00192399,-0.000170833,0,0,0,True,True
0.145,-0,0,-0.000285287,0,0,0.563093,-0.630146,-0.00192319,-0.502363,1.06677,-0.000488694,-15.0892,-0.436621,0.00241188,-0.159128,0,0,-5.55112e-17,-0,0,0.000285287,0,0,-0.563093,-0.630146,-0.00192319,-0.502363,1.06677,-0.000488694,-15.0892,-0.436621,0.00241188,-0.159128,0,0,5.55112e-17,-0.10264,-0.102101,0.00186964,0.0018795,-0.000175354,0,0,0,True,True
0.15,-0,0,-0.000271276,0,0,0.563093,-0.630155,-0.0018798,-0.501973,1.06676,-0.000477759,-15.0885,-0.436609,0.00235756,-0.158058,0,0,-5.55112e-17,-0,0,0.000271276,0,0,-0.563093,-0.630155,-0.0018798,-0.501973,1.06676,-0.000477759,-15.0885,-0.436609,0.00235756,-0.158058,0,0,5.55112e-17,-0.101949,-0.101414,0.00182753,0.00183717,-0.000179771,0,0,0,True,True
0.155,-0,0,-0.0002576,0,0,0.563093,-0.630164,-0.00183857,-0.501593,1.06676,-0.000467367,-15.0878,-0.436597,0.00230593,-0.157014,0,0,-5.55112e-17,-0,0,0.0002576,0,0,-0.563093,-0.630164,-0.00183857,-0.501593,1.06676,-0.000467367,-15.0878,-0.436597,0.00230593,-0.157014,0,0,5.55112e-17,-0.101276,-0.100745,0.00178752,0.00179694,-0.000184091,0,0,0,True,True
0.16,-0,0,-0.000244224,0,0,0.563093,-0.630174,-0.00179944,-0.50122,1.06676,-0.000457505,-15.0872,-0.436586,0.00225695,-0.155994,0,0,-5.55112e-17,-0,0,0.000244224,0,0,-0.563093,-0.630174,-0.00179944,-0.50122,1.06676,-0.000457505,-15.0872,-0.436586,0.00225695,-0.155994,0,0,5.55112e-17,-0.100618,-0.10009,0.00174955,0.00175877,-0.000188317,0,0,0,True,True
0.165,-0,0,-0.000231124,0,0,0.563093,-0.630182,-0.00176239,-0.500856,1.06676,-0.000448163,-15.0865,-0.436575,0.00221055,-0.154995,0,0,-5.55112e-17,-0,0,0.000231124,0,0,-0.563093,-0.630182,-0.00176239,-0.500856,1.06676,-0.000448163,-15.0865,-0.436575,0.00221055,-0.154995,0,0,5.55112e-17,-0.0999727,-0.0994483,0.00171358,0.00172262,-0.000192454,0,0,0,True,True
0.17,-0,0,-0.00021828,0,0,0.563093,-0.630191,-0.00172735,-0.500498,1.06675,-0.000439331,-15.0859,-0.436564,0.00216668,-0.154014,0,0,-5.55112e-17,-0,0,0.00021828,0,0,-0.563093,-0.630191,-0.00172735,-0.500498,1.06675,-0.000439331,-15.0859,-0.436564,0.00216668,-0.154014,0,0,5.55112e-17,-0.0993402,-0.0988191,0.00167958,0.00168844,-0.000196508,0,0,0,True,True
0.175,-0,0,-0.000205679,0,0,0.563093,-0.6302,-0.0016943,-0.500148,1.06675,-0.000430998,-15.0852,-0.436553,0.0021253,-0.153052,0,0,-5.55112e-17,-0,0,0.000205679,0,0,-0.563093,-0.6302,-0.0016943,-0.500148,1.06675,-0.000430998,-15.0852,-0.436553,0.0021253,-0.153052,0,0,5.55112e-17,-0.0987195,-0.0982017,0.0016475,0.00165619,-0.000200483,0,0,0,True,True
0.18,-0,0,-0.00019331,0,0,0.563093,-0.630208,-0.00166319,-0.499804,1.06675,-0.000423157,-15.0846,-0.436542,0.00208635,-0.152108,0,0,-7.43168e-33,-0,0,0.00019331,0,0,-0.563093,-0.630208,-0.00166319,-0.499804,1.06675,-0.000423157,-15.0846,-0.436542,0.00208635,-0.152108,0,0,-7.43168e-33,-0.0981101,-0.0975955,0.00161731,0.00162584,-0.000204384,0,0,0,True,True
0.185,-0,0,-0.000181165,0,0,0.563093,-0.630216,-0.001634,-0.499466,1.06675,-0.000415798,-15.084,-0.436532,0.0020498,-0.15118,0,0,-5.55112e-17,-0,0,0.000181165,0,0,-0.563093,-0.630216,-0.001634,-0.499466,1.06675,-0.000415798,-15.084,-0.436532,0.0020498,-0.15118,0,0,5.55112e-17,-0.0975118,-0.0970003,0.00158898,0.00159736,-0.000208214,0,0,0,True,True
0.19,-0,0,-0.000169236,0,0,0.563093,-0.630224,-0.00160668,-0.499134,1.06675,-0.000408913,-15.0834,-0.436522,0.0020156,-0.15027,0,0,-5.55112e-17,-0,0,0.000169236,0,0,-0.563093,-0.630224,-0.00160668,-0.499134,1.06675,-0.000408913,-15.0834,-0.436522,0.0020156,-0.15027,0,0,5.55112e-17,-0.0969244,-0.096416,0.00156247,0.00157071,-0.000211979,0,0,0,True,True
0.195,-0,0,-0.000157517,0,0,0.563093,-0.630232,-0.00158121,-0.498808,1.06674,-0.000402494,-15.0828,-0.436512,0.0019837,-0.149376,0,0,-5.55112e-17,-0,0,0.000157517,0,0,-0.563093,-0.630232,-0.00158121,-0.498808,1.06674,-0.000402494,-15.0828,-0.436512,0.0019837,-0.149376,0,0,5.55112e-17,-0.0963477,-0.0958424,0.00153775,0.00154586,-0.000215683,0,0,0,True,True
0.2,-0,0,-0.000146003,0,0,0.563093,-0.63024,-0.00155755,-0.498487,1.06674,-0.000396533,-15.0822,-0.436502,0.00195408,-0.148499,0,0,-5.55112e-17,-0,0,0.000146003,0,0,-0.563093,-0.63024,-0.00155755,-0.498487,1.06674,-0.000396533,-15.0822,-0.436502,0.00195408,-0.148499,0,0,5.55112e-17,-0.0957817,-0.0952794,0.00151479,0.00152278,-0.00021933,0,0,0,True,True
0.205,-0,0,-0.000134688,0,0,0.563093,-0.630248,-0.00153566,-0.498172,1.06674,-0.000391022,-15.0817,-0.436492,0.00192668,-0.147638,0,0,-7.92159e-32,-0,0,0.000134688,0,0,-0.563093,-0.630248,-0.00153566,-0.498172,1.06674,-0.000391022,-15.0817,-0.436492,0.00192668,-0.147638,0,0,-7.92159e-32,-0.0952265,-0.0947271,0.00149356,0.00150143,-0.000222924,0,0,0,True,True
0.21,-0,0,-0.000123568,0,0,0.563093,-0.630256,-0.00151553,-0.497863,1.06674,-0.000385953,-15.0811,-0.436483,0.00190148,-0.146794,0,0,-1.20371e-34,-0,0,0.000123568,0,0,-0.563093,-0.630256,-0.00151553,-0.497863,1.06674,-0.000385953,-15.0811,-0.436483,0.00190148,-0.146794,0,0,-1.20371e-34,-0.0946818,-0.0941852,0.00147402,0.00148179,-0.000226469,0,0,0,True,True
0.215,-0,0,-0.000112636,0,0,0.563093,-0.630263,-0.00149711,-0.497559,1.06674,-0.000381321,-15.0806,-0.436473,0.00187843,-0.145966,0,0,-5.55112e-17,-0,0,0.000112636,0,0,-0.563093,-0.630263,-0.00149711,-0.497559,1.06674,-0.000381321,-15.0806,-0.436473,0.00187843,-0.145966,0,0,5.55112e-17,-0.0941476,-0.0936539,0.00145615,0.00146383,-0.000229969,0,0,0,True,True
0.22,-0,0,-0.000101888,0,0,0.563093,-0.630271,-0.00148038,-0.49726,1.06673,-0.000377116,-15.08,-0.436464,0.0018575,-0.145154,0,0,-5.55112e-17,-0,0,0.000101888,0,0,-0.563093,-0.630271,-0.00148038,-0.49726,1.06673,-0.000377116,-15.08,-0.436464,0.0018575,-0.145154,0,0,5.55112e-17,-0.093624,-0.093133,0.00143993,0.00144752,-0.000233429,0,0,0,True,True
0.225,-0,0,-9.13186e-05,0,0,0.563093,-0.630278,-0.00146531,-0.496965,1.06673,-0.000373333,-15.0795,-0.436455,0.00183865,-0.144359,0,0,3.49075e-34,-0,0,9.13186e-05,0,0,-0.563093,-0.630278,-0.00146531,-0.496965,1.06673,-0.000373333,-15.0795,-0.436455,0.00183865,-0.144359,0,0,3.49075e-34,-0.0931107,-0.0926225,0.00142532,0.00143283,-0.000236852,0,0,0,True,True
0.23,-0,0,-8.09215e-05,0,0,0.563093,-0.630285,-0.00145188,-0.496676,1.06673,-0.000369964,-15.079,-0.436446,0.00182184,-0.143579,0,0,-5.55112e-17,-0,0,8.09215e-05,0,0,-0.563093,-0.630285,-0.00145188,-0.496676,1.06673,-0.000369964,-15.079,-0.436446,0.00182184,-0.143579,0,0,5.55112e-17,-0.0926077,-0.0921221,0.00141229,0.00141974,-0.000240242,0,0,0,True,True
0.235,-0,0,-7.06916e-05,0,0,0.563093,-0.630293,-0.00144005,-0.496391,1.06673,-0.000367003,-15.0785,-0.436437,0.00180706,-0.142815,0,0,-5.55112e-17,-0,0,7.06916e-05,0,0,-0.563093,-0.630293,-0.00144005,-0.496391,1.06673,-0.000367003,-15.0785,-0.436437,0.00180706,-0.142815,0,0,5.55112e-17,-0.0921149,-0.0916319,0.00140083,0.00140822,-0.000243602,0,0,0,True,True
0.24,-0,0,-6.06232e-05,0,0,0.563093,-0.6303,-0.00142981,-0.496111,1.06673,-0.000364444,-15.078,-0.436428,0.00179425,-0.142067,0,0,-5.55112e-17,-0,0,6.06232e-05,0,0,-0.563093,-0.6303,-0.00142981,-0.496111,1.06673,-0.000364444,-15.078,-0.436428,0.00179425,-0.142067,0,0,5.55112e-17,-0.0916322,-0.0911518,0.00139091,0.00139824,-0.000246937,0,0,0,True,True
0.245,-0,0,-5.07106e-05,0,0,0.563093,-0.630307,-0.00142112,-0.495835,1.06673,-0.000362281,-15.0775,-0.436419,0.0017834,-0.141334,0,0,2.70834e-34,-0,0,5.07106e-05,0,0,-0.563093,-0.630307,-0.00142112,-0.495835,1.06673,-0.000362281,-15.0775,-0.436419,0.0017834,-0.141334,0,0,2.70834e-34,-0.0911594,-0.0906815,0.0013825,0.00138978,-0.00025025,0,0,0,True,True
0.25,-0,0,-4.09481e-05,0,0,0.563093,-0.630314,-0.00141396,-0.495564,1.06672,-0.000360508,-15.077,-0.43641,0.00177447,-0.140617,0,0,-5.55112e-17,-0,0,4.09481e-05,0,0,-0.563093,-0.630314,-0.00141396,-0.495564,1.06672,-0.000360508,-15.077,-0.43641,0.00177447,-0.140617,0,0,5.55112e-17,-0.0906965,-0.090221,0.00137558,0.00138283,-0.000253545,0,0,0,True,True
0.255,-0,0,-3.13299e-05,0,0,0.563093,-0.630321,-0.00140831,-0.495296,1.06672,-0.000359118,-15.0766,-0.436401,0.00176743,-0.139914,0,0,-3.06945e-34,-0,0,3.13299e-05,0,0,-0.563093,-0.630321,-0.00140831,-0.495296,1.06672,-0.000359118,-15.0766,-0.436401,0.00176743,-0.139914,0,0,-3.06945e-34,-0.0902432,-0.0897701,0.00137012,0.00137734,-0.000256825,0,0,0,True,True
0.26,-0,0,-2.18503e-05,0,0,0.563093,-0.630328,-0.00140415,-0.495032,1.06672,-0.000358108,-15.0761,-0.436392,0.00176226,-0.139226,0,0,-5.55112e-17,-0,0,2.18503e-05,0,0,-0.563093,-0.630328,-0.00140415,-0.495032,1.06672,-0.000358108,-15.0761,-0.436392,0.00176226,-0.139226,0,0,5.55112e-17,-0.0897994,-0.0893287,0.00136612,0.00137332,-0.000260094,0,0,0,True,True
0.265,-0,0,-1.25034e-05,0,0,0.563093,-0.630335,-0.00140146,-0.494772,1.06672,-0.00035747,-15.0756,-0.436383,0.00175893,-0.138553,0,0,-5.55112e-17,-0,0,1.25034e-05,0,0,-0.563093,-0.630335,-0.00140146,-0.494772,1.06672,-0.00035747,-15.0756,-0.436383,0.00175893,-0.138553,0,0,5.55112e-17,-0.089365,-0.0888966,0.00136353,0.00137072,-0.000263354,0,0,0,True,True
0.27,-0,0,-3.28352e-06,0,0,0.563093,-0.630342,-0.00140021,-0.494516,1.06672,-0.000357202,-15.0752,-0.436375,0.00175741,-0.137894,0,0,-5.55112e-17,-0,0,3.28352e-06,0,0,-0.563093,-0.630342,-0.00140021,-0.494516,1.06672,-0.000357202,-15.0752,-0.436375,0.00175741,-0.137894,0,0,5.55112e-17,-0.0889399,-0.0884736,0.00136236,0.00136954,-0.00026661,0,0,0,True,True
0.275,-0,0,5.81501e-06,0,0,0.563093,-0.630349,-0.00140038,-0.494262,1.06671,-0.000357297,-15.0748,-0.436366,0.00175768,-0.137249,0,0,-5.55112e-17,-0,0,-5.81501e-06,0,0,-0.563093,-0.630349,-0.00140038,-0.494262,1.06671,-0.000357297,-15.0748,-0.436366,0.00175768,-0.137249,0,0,5.55112e-17,-0.0885238,-0.0880598,0.00136257,0.00136975,-0.000269865,0,0,0,True,True
0.28,-0,0,1.47979e-05,0,0,0.563093,-0.630356,-0.00140197,-0.494012,1.06671,-0.000357751,-15.0743,-0.436357,0.00175972,-0.136618,0,0,0,-0,0,-1.47979e-05,0,0,-0.563093,-0.630356,-0.00140197,-0.494012,1.06671,-0.000357751,-15.0743,-0.436357,0.00175972,-0.136618,0,0,0,-0.0881166,-0.0876547,0.00136415,0.00137134,-0.000273123,0,0,0,True,True
0.285,-0,0,2.36708e-05,0,0,0.563093,-0.630363,-0.00140494,-0.493766,1.06671,-0.00035856,-15.0739,-0.436348,0.0017635,-0.136001,0,0,-5.55112e-17,-0,0,-2.36708e-05,0,0,-0.563093,-0.630363,-0.00140494,-0.493766,1.06671,-0.00035856,-15.0739,-0.436348,0.0017635,-0.136001,0,0,5.55112e-17,-0.0877182,-0.0872584,0.00136709,0.00137429,-0.000276385,0,0,0,True,True
0.29,-0,0,3.24392e-05,0,0,0.563093,-0.63037,-0.00140929,-0.493522,1.06671,-0.00035972,-15.0735,-0.436339,0.00176901,-0.135396,0,0,-5.55112e-17,-0,0,-3.24392e-05,0,0,-0.563093,-0.63037,-0.00140929,-0.493522,1.06671,-0.00035972,-15.0735,-0.436339,0.00176901,-0.135396,0,0,5.55112e-17,-0.0873284,-0.0868707,0.00137136,0.00137859,-0.000279656,0,0,0,True,True
0.295,-0,0,4.11087e-05,0,0,0.563093,-0.630377,-0.00141499,-0.49328,1.06671,-0.000361227,-15.0731,-0.43633,0.00177622,-0.134805,0,0,-5.55112e-17,-0,0,-4.11087e-05,0,0,-0.563093,-0.630377,-0.00141499,-0.49328,1.06671,-0.000361227,-15.0731,-0.43633,0.00177622,-0.134805,0,0,5.55112e-17,-0.0869471,-0.0864913,0.00137695,0.00138421,-0.000282939,0,0,0,True,True
0.3,-0,0,4.96847e-05,0,0,0.563093,-0.630384,-0.00142204,-0.493042,1.06671,-0.000363078,-15.0727,-0.436322,0.00178512,-0.134227,0,0,-5.55112e-17,-0,0,-4.96847e-05,0,0,-0.563093,-0.630384,-0.00142204,-0.493042,1.06671,-0.000363078,-15.0727,-0.436322,0.00178512,-0.134227,0,0,5.55112e-17,-0.086574,-0.0861203,0.00138385,0.00139114,-0.000286237,0,0,0,True,True
0.305,-0,0,5.81727e-05,0,0,0.563093,-0.630391,-0.00143041,-0.492805,1.0667,-0.000365268,-15.0723,-0.436313,0.00179568,-0.133662,0,0,3.66167e-33,-0,0,-5.81727e-05,0,0,-0.563093,-0.630391,-0.00143041,-0.492805,1.0667,-0.000365268,-15.0723,-0.436313,0.00179568,-0.133662,0,0,3.66167e-33,-0.0862091,-0.0857573,0.00139205,0.00139938,-0.000289553,0,0,0,True,True
0.31,-0,0,6.6578e-05,0,0,0.563093,-0.630398,-0.0014401,-0.492572,1.0667,-0.000367795,-15.0719,-0.436304,0.0018079,-0.133109,0,0,0,-0,0,-6.6578e-05,0,0,-0.563093,-0.630398,-0.0014401,-0.492572,1.0667,-0.000367795,-15.0719,-0.436304,0.0018079,-0.133109,0,0,0,-0.0858523,-0.0854023,0.00140152,0.0014089,-0.00029289,0,0,0,True,True
0.315,-0,0,7.49057e-05,0,0,0.563093,-0.630406,-0.00145109,-0.49234,1.0667,-0.000370655,-15.0715,-0.436295,0.00182175,-0.132568,0,0,-5.55112e-17,-0,0,-7.49057e-05,0,0,-0.563093,-0.630406,-0.00145109,-0.49234,1.0667,-0.000370655,-15.0715,-0.436295,0.00182175,-0.132568,0,0,5.55112e-17,-0.0855033,-0.0850552,0.00141226,0.0014197,-0.000296251,0,0,0,True,True
0.32,-0,0,8.31613e-05,0,0,0.563093,-0.630413,-0.00146338,-0.49211,1.0667,-0.000373847,-15.0711,-0.436285,0.00183722,-0.132039,0,0,-5.55112e-17,-0,0,-8.31613e-05,0,0,-0.563093,-0.630413,-0.00146338,-0.49211,1.0667,-0.000373847,-15.0711,-0.436285,0.00183722,-0.132039,0,0,5.55112e-17,-0.085162,-0.0847157,0.00142425,0.00143176,-0.000299639,0,0,0,True,True
0.325,-0,0,9.13497e-05,0,0,0.563093,-0.63042,-0.00147694,-0.491882,1.0667,-0.000377367,-15.0707,-0.436276,0.0018543,-0.131522,0,0,1.00534e-32,-0,0,-9.13497e-05,0,0,-0.563093,-0.63042,-0.00147694,-0.491882,1.0667,-0.000377367,-15.0707,-0.436276,0.0018543,-0.131522,0,0,1.00534e-32,-0.0848283,-0.0843837,0.0014375,0.00144507,-0.000303057,0,0,0,True,True
0.33,-0,0,9.94762e-05,0,0,0.563093,-0.630428,-0.00149177,-0.491656,1.06669,-0.000381212,-15.0704,-0.436267,0.00187298,-0.131016,0,0,0,-0,0,-9.94762e-05,0,0,-0.563093,-0.630428,-0.00149177,-0.491656,1.06669,-0.000381212,-15.0704,-0.436267,0.00187298,-0.131016,0,0,0,-0.084502,-0.0840592,0.00145198,0.00145963,-0.000306508,0,0,0,True,True
0.335,-0,0,0.000107546,0,0,0.563093,-0.630435,-0.00150785,-0.491431,1.06669,-0.000385381,-15.07,-0.436257,0.00189324,-0.130522,0,0,-5.55112e-17,-0,0,-0.000107546,0,0,-0.563093,-0.630435,-0.00150785,-0.491431,1.06669,-0.000385381,-15.07,-0.436257,0.00189324,-0.130522,0,0,5.55112e-17,-0.0841831,-0.083742,0.00146768,0.00147542,-0.000309996,0,0,0,True,True
0.34,-0,0,0.000115563,0,0,0.563093,-0.630443,-0.0015252,-0.491208,1.06669,-0.000389872,-15.0697,-0.436248,0.00191507,-0.130039,0,0,-5.55112e-17,-0,0,-0.000115563,0,0,-0.563093,-0.630443,-0.0015252,-0.491208,1.06669,-0.000389872,-15.0697,-0.436248,0.00191507,-0.130039,0,0,5.55112e-17,-0.0838713,-0.0834318,0.00148461,0.00149243,-0.000313522,0,0,0,True,True
0.345,-0,0,0.000123534,0,0,0.563093,-0.630451,-0.00154378,-0.490987,1.06669,-0.000394683,-15.0693,-0.436238,0.00193846,-0.129566,0,0,0,-0,0,-0.000123534,0,0,-0.563093,-0.630451,-0.00154378,-0.490987,1.06669,-0.000394683,-15.0693,-0.436238,0.00193846,-0.129566,0,0,0,-0.0835666,-0.0831287,0.00150275,0.00151066,-0.00031709,0,0,0,True,True
0.35,-0,0,0.000131462,0,0,0.563093,-0.630458,-0.0015636,-0.490766,1.06669,-0.000399812,-15.069,-0.436229,0.00196341,-0.129105,0,0,-5.55112e-17,-0,0,-0.000131462,0,0,-0.563093,-0.630458,-0.0015636,-0.490766,1.06669,-0.000399812,-15.069,-0.436229,0.00196341,-0.129105,0,0,5.55112e-17,-0.0832688,-0.0828325,0.00152209,0.00153011,-0.000320703,0,0,0,True,True
0.355,-0,0,0.000139352,0,0,0.563093,-0.630466,-0.00158465,-0.490546,1.06668,-0.000405258,-15.0686,-0.436219,0.00198991,-0.128654,0,0,-5.55112e-17,-0,0,-0.000139352,0,0,-0.563093,-0.630466,-0.00158465,-0.490546,1.06668,-0.000405258,-15.0686,-0.436219,0.00198991,-0.128654,0,0,5.55112e-17,-0.0829778,-0.0825431,0.00154264,0.00155076,-0.000324364,0,0,0,True,True
0.36,-0,0,0.000147211,0,0,0.563093,-0.630474,-0.00160692,-0.490328,1.06668,-0.00041102,-15.0683,-0.436209,0.00201794,-0.128213,0,0,-5.55112e-17,-0,0,-0.000147211,0,0,-0.563093,-0.630474,-0.00160692,-0.490328,1.06668,-0.00041102,-15.0683,-0.436209,0.00201794,-0.128213,0,0,5.55112e-17,-0.0826935,-0.0822603,0.00156437,0.00157261,-0.000328075,0,0,0,True,True
0.365,-0,0,0.000155041,0,0,0.563093,-0.630482,-0.00163042,-0.49011,1.06668,-0.000417097,-15.0679,-0.436198,0.00204751,-0.127783,0,0,-3.9638e-32,-0,0,-0.000155041,0,0,-0.563093,-0.630482,-0.00163042,-0.49011,1.06668,-0.000417097,-15.0679,-0.436198,0.00204751,-0.127783,0,0,-3.9638e-32,-0.0824157,-0.081984,0.0015873,0.00159566,-0.000331839,0,0,0,True,True
0.37,-0,0,0.000162848,0,0,0.563093,-0.63049,-0.00165513,-0.489892,1.06668,-0.000423488,-15.0676,-0.436188,0.00207861,-0.127362,0,0,-5.55112e-17,-0,0,-0.000162848,0,0,-0.563093,-0.63049,-0.00165513,-0.489892,1.06668,-0.000423488,-15.0676,-0.436188,0.00207861,-0.127362,0,0,5.55112e-17,-0.0821444,-0.0817141,0.00161141,0.0016199,-0.00033566,0,0,0,True,True
0.375,-0,0,0.000170636,0,0,0.563093,-0.630499,-0.00168105,-0.489676,1.06668,-0.000430191,-15.0673,-0.436178,0.00211124,-0.126952,0,0,-5.55112e-17,-0,0,-0.000170636,0,0,-0.563093,-0.630499,-0.00168105,-0.489676,1.06668,-0.000430191,-15.0673,-0.436178,0.00211124,-0.126952,0,0,5.55112e-17,-0.0818794,-0.0814505,0.00163671,0.00164533,-0.000339539,0,0,0,True,True
0.38,-0,0,0.00017841,0,0,0.563093,-0.630507,-0.00170818,-0.489459,1.06667,-0.000437208,-15.0669,-0.436167,0.00214539,-0.126551,0,0,-5.55112e-17,-0,0,-0.00017841,0,0,-0.563093,-0.630507,-0.00170818,-0.489459,1.06667,-0.000437208,-15.0669,-0.436167,0.00214539,-0.126551,0,0,5.55112e-17,-0.0816207,-0.0811931,0.00166318,0.00167194,-0.000343481,0,0,0,True,True
0.385,-0,0,0.000186175,0,0,0.563093,-0.630516,-0.00173652,-0.489243,1.06667,-0.000444538,-15.0666,-0.436156,0.00218105,-0.126159,0,0,-4.81482e-35,-0,0,-0.000186175,0,0,-0.563093,-0.630516,-0.00173652,-0.489243,1.06667,-0.000444538,-15.0666,-0.436156,0.00218105,-0.126159,0,0,-4.81482e-35,-0.081368,-0.0809418,0.00169084,0.00169974,-0.000347487,0,0,0,True,True
0.39,-0,0,0.000193934,0,0,0.563093,-0.630525,-0.00176606,-0.489027,1.06667,-0.00045218,-15.0663,-0.436145,0.00221824,-0.125777,0,0,-5.55112e-17,-0,0,-0.000193934,0,0,-0.563093,-0.630525,-0.00176606,-0.489027,1.06667,-0.00045218,-15.0663,-0.436145,0.00221824,-0.125777,0,0,5.55112e-17,-0.0811213,-0.0806964,0.00171967,0.00172872,-0.00035156,0,0,0,True,True
0.395,-0,0,0.000201694,0,0,0.563093,-0.630534,-0.00179681,-0.488811,1.06667,-0.000460135,-15.066,-0.436134,0.00225695,-0.125404,0,0,-5.55112e-17,-0,0,-0.000201694,0,0,-0.563093,-0.630534,-0.00179681,-0.488811,1.06667,-0.000460135,-15.066,-0.436134,0.00225695,-0.125404,0,0,5.55112e-17,-0.0808806,-0.080457,0.00174968,0.00175889,-0.000355703,0,0,0,True,True
0.4,-0,0,0.000209457,0,0,0.563093,-0.630543,-0.00182877,-0.488595,1.06667,-0.000468403,-15.0657,-0.436123,0.00229717,-0.12504,0,0,-5.55112e-17,-0,0,-0.000209457,0,0,-0.563093,-0.630543,-0.00182877,-0.488595,1.06667,-0.000468403,-15.0657,-0.436123,0.00229717,-0.12504,0,0,5.55112e-17,-0.0806456,-0.0802232,0.00178086,0.00179024,-0.00035992,0,0,0,True,True
0.405,-0,0,0.000217228,0,0,0.563093,-0.630552,-0.00186193,-0.488379,1.06666,-0.000476984,-15.0654,-0.436111,0.00233891,-0.124685,0,0,-5.55112e-17,-0,0,-0.000217228,0,0,-0.563093,-0.630552,-0.00186193,-0.488379,1.06666,-0.000476984,-15.0654,-0.436111,0.00233891,-0.124685,0,0,5.55112e-17,-0.0804163,-0.0799952,0.00181323,0.00182277,-0.000364213,0,0,0,True,True
0.41,-0,0,0.000225012,0,0,0.563093,-0.630561,-0.0018963,-0.488162,1.06666,-0.00048588,-15.0651,-0.436099,0.00238218,-0.124338,0,0,-5.55112e-17,-0,0,-0.000225012,0,0,-0.563093,-0.630561,-0.0018963,-0.488162,1.06666,-0.00048588,-15.0651,-0.436099,0.00238218,-0.124338,0,0,5.55112e-17,-0.0801927,-0.0797727,0.00184677,0.0018565,-0.000368584,0,0,0,True,True
0.415,-0,0,0.000232814,0,0,0.563093,-0.630571,-0.00193188,-0.487945,1.06666,-0.000495091,-15.0648,-0.436087,0.00242697,-0.124,0,0,-5.55112e-17,-0,0,-0.000232814,0,0,-0.563093,-0.630571,-0.00193188,-0.487945,1.06666,-0.000495091,-15.0648,-0.436087,0.00242697,-0.124,0,0,5.55112e-17,-0.0799745,-0.0795557,0.0018815,0.00189141,-0.000373036,0,0,0,True,True
0.42,-0,0,0.000240636,0,0,0.563093,-0.630581,-0.00196867,-0.487728,1.06666,-0.000504618,-15.0645,-0.436075,0.00247329,-0.12367,0,0,-5.55112e-17,-0,0,-0.000240636,0,0,-0.563093,-0.630581,-0.00196867,-0.487728,1.06666,-0.000504618,-15.0645,-0.436075,0.00247329,-0.12367,0,0,5.55112e-17,-0.0797618,-0.0793441,0.00191742,0.00192751,-0.000377573,0,0,0,True,True
0.425,-0,0,0.000248485,0,0,0.563093,-0.63059,-0.00200668,-0.487509,1.06665,-0.000514463,-15.0642,-0.436062,0.00252115,-0.123349,0,0,0,-0,0,-0.000248485,0,0,-0.563093,-0.63059,-0.00200668,-0.487509,1.06665,-0.000514463,-15.0642,-0.436062,0.00252115,-0.123349,0,0,0,-0.0795543,-0.0791377,0.00195452,0.00196481,-0.000382197,0,0,0,True,True
0.43,-0,0,0.000256363,0,0,0.563093,-0.630601,-0.00204591,-0.48729,1.06665,-0.000524627,-15.0639,-0.43605,0.00257054,-0.123036,0,0,2.46519e-33,-0,0,-0.000256363,0,0,-0.563093,-0.630601,-0.00204591,-0.48729,1.06665,-0.000524627,-15.0639,-0.43605,0.00257054,-0.123036,0,0,2.46519e-33,-0.0793521,-0.0789366,0.00199282,0.0020033,-0.000386912,0,0,0,True,True
0.435,-0,0,0.000264276,0,0,0.563093,-0.630611,-0.00208637,-0.48707,1.06665,-0.000535111,-15.0636,-0.436037,0.00262148,-0.12273,0,0,-5.55112e-17,-0,0,-0.000264276,0,0,-0.563093,-0.630611,-0.00208637,-0.48707,1.06665,-0.000535111,-15.0636,-0.436037,0.00262148,-0.12273,0,0,5.55112e-17,-0.0791551,-0.0787406,0.00203231,0.00204301,-0.000391719,0,0,0,True,True
0.44,-0,0,0.000272228,0,0,0.563093,-0.630621,-0.00212805,-0.486848,1.06665,-0.000545917,-15.0633,-0.436024,0.00267397,-0.122433,0,0,7.90113e-32,-0,0,-0.000272228,0,0,-0.563093,-0.630621,-0.00212805,-0.486848,1.06665,-0.000545917,-15.0633,-0.436024,0.00267397,-0.122433,0,0,7.90113e-32,-0.0789631,-0.0785496,0.00207301,0.00208392,-0.000396621,0,0,0,True,True
0.445,-0,0,0.000280222,0,0,0.563093,-0.630632,-0.00217098,-0.486626,1.06664,-0.000557048,-15.063,-0.43601,0.00272803,-0.122143,0,0,-5.55112e-17,-0,0,-0.000280222,0,0,-0.563093,-0.630632,-0.00217098,-0.486626,1.06664,-0.000557048,-15.063,-0.43601,0.00272803,-0.122143,0,0,5.55112e-17,-0.078776,-0.0783636,0.00211492,0.00212605,-0.000401623,0,0,0,True,True
0.45,-0,0,0.000288264,0,0,0.563093,-0.630643,-0.00221515,-0.486402,1.06664,-0.000568505,-15.0627,-0.435996,0.00278365,-0.121861,0,0,-5.55112e-17,-0,0,-0.000288264,0,0,-0.563093,-0.630643,-0.00221515,-0.486402,1.06664,-0.000568505,-15.0627,-0.435996,0.00278365,-0.121861,0,0,5.55112e-17,-0.0785939,-0.0781825,0.00215805,0.00216941,-0.000406725,0,0,0,True,True
0.455,-0,0,0.000296357,0,0,0.563093,-0.630654,-0.00226057,-0.486177,1.06664,-0.000580291,-15.0624,-0.435982,0.00284086,-0.121587,0,0,1.84889e-33,-0,0,-0.000296357,0,0,-0.563093,-0.630654,-0.00226057,-0.486177,1.06664,-0.000580291,-15.0624,-0.435982,0.00284086,-0.121587,0,0,1.84889e-33,-0.0784166,-0.0780061,0.0022024,0.00221399,-0.000411932,0,0,0,True,True
0.46,-0,0,0.000304505,0,0,0.563093,-0.630666,-0.00230724,-0.48595,1.06663,-0.000592408,-15.0621,-0.435968,0.00289965,-0.121319,0,0,5.41186e-33,-0,0,-0.000304505,0,0,-0.563093,-0.630666,-0.00230724,-0.48595,1.06663,-0.000592408,-15.0621,-0.435968,0.00289965,-0.121319,0,0,5.41186e-33,-0.0782441,-0.0778345,0.00224799,0.00225982,-0.000417247,0,0,0,True,True
0.465,-0,0,0.000312714,0,0,0.563093,-0.630677,-0.00235519,-0.485722,1.06663,-0.000604859,-15.0618,-0.435953,0.00296005,-0.121059,0,0,-5.55112e-17,-0,0,-0.000312714,0,0,-0.563093,-0.630677,-0.00235519,-0.485722,1.06663,-0.000604859,-15.0618,-0.435953,0.00296005,-0.121059,0,0,5.55112e-17,-0.0780762,-0.0776675,0.00229482,0.0023069,-0.000422672,0,0,0,True,True
0.47,-0,0,0.000320987,0,0,0.563093,-0.630689,-0.00240442,-0.485491,1.06663,-0.000617647,-15.0615,-0.435938,0.00302206,-0.120807,0,0,-5.55112e-17,-0,0,-0.000320987,0,0,-0.563093,-0.630689,-0.00240442,-0.485491,1.06663,-0.000617647,-15.0615,-0.435938,0.00302206,-0.120807,0,0,5.55112e-17,-0.0779129,-0.0775051,0.0023429,0.00235523,-0.00042821,0,0,0,True,True
0.475,-0,0,0.000329328,0,0,0.563093,-0.630701,-0.00245493,-0.485259,1.06662,-0.000630776,-15.0612,-0.435923,0.0030857,-0.120561,0,0,-5.55112e-17,-0,0,-0.000329328,0,0,-0.563093,-0.630701,-0.00245493,-0.485259,1.06662,-0.000630776,-15.0612,-0.435923,0.0030857,-0.120561,0,0,5.55112e-17,-0.0777542,-0.0773472,0.00239225,0.00240483,-0.000433864,0,0,0,True,True
0.48,-0,0,0.000337742,0,0,0.563093,-0.630714,-0.00250674,-0.485025,1.06662,-0.000644247,-15.0609,-0.435907,0.00315099,-0.120322,0,0,-5.55112e-17,-0,0,-0.000337742,0,0,-0.563093,-0.630714,-0.00250674,-0.485025,1.06662,-0.000644247,-15.0609,-0.435907,0.00315099,-0.120322,0,0,5.55112e-17,-0.0775999,-0.0771937,0.00244287,0.00245572,-0.000439638,0,0,0,True,True
0.485,-0,0,0.000346232,0,0,0.563093,-0.630727,-0.00255986,-0.484789,1.06662,-0.000658065,-15.0607,-0.435891,0.00321792,-0.12009,0,0,-5.55112e-17,-0,0,-0.000346232,0,0,-0.563093,-0.630727,-0.00255986,-0.484789,1.06662,-0.000658065,-15.0607,-0.435891,0.00321792,-0.12009,0,0,5.55112e-17,-0.0774499,-0.0770446,0.00249477,0.00250789,-0.000445533,0,0,0,True,True
0.49,-0,0,0.000354804,0,0,0.563093,-0.630739,-0.0026143,-0.48455,1.06661,-0.000672233,-15.0604,-0.435875,0.00328653,-0.119864,0,0,-5.55112e-17,-0,0,-0.000354804,0,0,-0.563093,-0.630739,-0.0026143,-0.48455,1.06661,-0.000672233,-15.0604,-0.435875,0.00328653,-0.119864,0,0,5.55112e-17,-0.0773043,-0.0768998,0.00254797,0.00256137,-0.000451555,0,0,0,True,True
0.495,-0,0,0.000363461,0,0,0.563093,-0.630753,-0.00267008,-0.484309,1.06661,-0.000686756,-15.0601,-0.435859,0.00335683,-0.119645,0,0,-5.55112e-17,-0,0,-0.000363461,0,0,-0.563093,-0.630753,-0.00267008,-0.484309,1.06661,-0.000686756,-15.0601,-0.435859,0.00335683,-0.119645,0,0,5.55112e-17,-0.077163,-0.0767593,0.00260247,0.00261616,-0.000457705,0,0,0,True,True
0.5,-0,0,0.000372208,0,0,0.563093,-0.630766,-0.0027272,-0.484066,1.06661,-0.000701637,-15.0598,-0.435842,0.00342884,-0.119433,0,0,-5.55112e-17,-0,0,-0.000372208,0,0,-0.563093,-0.630766,-0.0027272,-0.484066,1.06661,-0.000701637,-15.0598,-0.435842,0.00342884,-0.119433,0,0,5.55112e-17,-0.0770259,-0.0766229,0.00265831,0.00267229,-0.000463986,0,0,0,True,True
0.505,-0,0,0.000381049,0,0,0.563093,-0.63078,-0.00278569,-0.48382,1.0666,-0.000716881,-15.0595,-0.435824,0.00350257,-0.119227,0,0,9.62965e-35,-0,0,-0.000381049,0,0,-0.563093,-0.63078,-0.00278569,-0.48382,1.0666,-0.000716881,-15.0595,-0.435824,0.00350257,-0.119227,0,0,9.62965e-35,-0.0768929,-0.0764906,0.00271548,0.00272976,-0.000470402,0,0,0,True,True
0.51,-0,0,0.000389989,0,0,0.563093,-0.630794,-0.00284555,-0.483571,1.0666,-0.000732491,-15.0592,-0.435807,0.00357804,-0.119028,0,0,-5.55112e-17,-0,0,-0.000389989,0,0,-0.563093,-0.630794,-0.00284555,-0.483571,1.0666,-0.000732491,-15.0592,-0.435807,0.00357804,-0.119028,0,0,5.55112e-17,-0.076764,-0.0763624,0.002774,0.00278858,-0.000476956,0,0,0,True,True
0.515,-0,0,0.000399031,0,0,0.563093,-0.630808,-0.00290681,-0.483319,1.0666,-0.000748473,-15.0589,-0.435789,0.00365528,-0.118834,0,0,-5.55112e-17,-0,0,-0.000399031,0,0,-0.563093,-0.630808,-0.00290681,-0.483319,1.0666,-0.000748473,-15.0589,-0.435789,0.00365528,-0.118834,0,0,5.55112e-17,-0.076639,-0.0762381,0.00283388,0.00284879,-0.000483652,0,0,0,True,True
0.52,-0,0,0.00040818,0,0,0.563093,-0.630823,-0.00296947,-0.483065,1.06659,-0.000764831,-15.0586,-0.43577,0.0037343,-0.118647,0,0,-5.55112e-17,-0,0,-0.00040818,0,0,-0.563093,-0.630823,-0.00296947,-0.483065,1.06659,-0.000764831,-15.0586,-0.43577,0.0037343,-0.118647,0,0,5.55112e-17,-0.0765181,-0.0761178,0.00289516,0.00291038,-0.000490492,0,0,0,True,True
0.525,-0,0,0.00041744,0,0,0.563093,-0.630838,-0.00303355,-0.482807,1.06659,-0.00078157,-15.0584,-0.435751,0.00381512,-0.118466,0,0,-5.55112e-17,-0,0,-0.00041744,0,0,-0.563093,-0.630838,-0.00303355,-0.482807,1.06659,-0.00078157,-15.0584,-0.435751,0.00381512,-0.118466,0,0,5.55112e-17,-0.0764011,-0.0760014,0.00295783,0.00297338,-0.00049748,0,0,0,True,True
0.53,-0,0,0.000426816,0,0,0.563093,-0.630853,-0.00309908,-0.482546,1.06659,-0.000798696,-15.0581,-0.435732,0.00389778,-0.118291,0,0,-5.55112e-17,-0,0,-0.000426816,0,0,-0.563093,-0.630853,-0.00309908,-0.482546,1.06659,-0.000798696,-15.0581,-0.435732,0.00389778,-0.118291,0,0,5.55112e-17,-0.0762879,-0.0758889,0.00302192,0.00303781,-0.000504619,0,0,0,True,True
0.535,-0,0,0.000436313,0,0,0.563093,-0.630869,-0.00316607,-0.482282,1.06658,-0.000816214,-15.0578,-0.435712,0.00398228,-0.118122,0,0,-5.55112e-17,-0,0,-0.000436313,0,0,-0.563093,-0.630869,-0.00316607,-0.482282,1.06658,-0.000816214,-15.0578,-0.435712,0.00398228,-0.118122,0,0,5.55112e-17,-0.0761785,-0.0757801,0.00308745,0.00310368,-0.000511913,0,0,0,True,True
0.54,-0,0,0.000445934,0,0,0.563093,-0.630885,-0.00323453,-0.482014,1.06658,-0.000834129,-15.0575,-0.435692,0.00406866,-0.117958,0,0,-5.55112e-17,-0,0,-0.000445934,0,0,-0.563093,-0.630885,-0.00323453,-0.482014,1.06658,-0.000834129,-15.0575,-0.435692,0.00406866,-0.117958,0,0,5.55112e-17,-0.0760729,-0.0756751,0.00315443,0.00317101,-0.000519364,0,0,0,True,True
0.545,-0,0,0.000455685,0,0,0.563093,-0.630901,-0.0033045,-0.481743,1.06657,-0.000852448,-15.0572,-0.435672,0.00415695,-0.117801,0,0,1.78919e-32,-0,0,-0.000455685,0,0,-0.563093,-0.630901,-0.0033045,-0.481743,1.06657,-0.000852448,-15.0572,-0.435672,0.00415695,-0.117801,0,0,1.78919e-32,-0.0759709,-0.0755737,0.00322288,0.00323982,-0.000526977,0,0,0,True,True
0.55,-0,0,0.000465569,0,0,0.563093,-0.630918,-0.00337598,-0.481468,1.06657,-0.000871177,-15.0569,-0.435651,0.00424715,-0.117649,0,0,-5.55112e-17,-0,0,-0.000465569,0,0,-0.563093,-0.630918,-0.00337598,-0.481468,1.06657,-0.000871177,-15.0569,-0.435651,0.00424715,-0.117649,0,0,5.55112e-17,-0.0758727,-0.075476,0.00329283,0.00331014,-0.000534756,0,0,0,True,True
0.555,-0,0,0.000475591,0,0,0.563093,-0.630935,-0.003449,-0.481189,1.06656,-0.000890321,-15.0566,-0.435629,0.00433932,-0.117502,0,0,-5.55112e-17,-0,0,-0.000475591,0,0,-0.563093,-0.630935,-0.003449,-0.481189,1.06656,-0.000890321,-15.0566,-0.435629,0.00433932,-0.117502,0,0,5.55112e-17,-0.075778,-0.0753818,0.0033643,0.00338198,-0.000542703,0,0,0,True,True
0.56,-0,0,0.000485756,0,0,0.563093,-0.630953,-0.00352357,-0.480906,1.06656,-0.000909887,-15.0563,-0.435607,0.00443346,-0.117361,0,0,-5.55112e-17,-0,0,-0.000485756,0,0,-0.563093,-0.630953,-0.00352357,-0.480906,1.06656,-0.000909887,-15.0563,-0.435607,0.00443346,-0.117361,0,0,5.55112e-17,-0.0756869,-0.0752912,0.0034373,0.00345537,-0.000550822,0,0,0,True,True
0.565,-0,0,0.000496069,0,0,0.563093,-0.63097,-0.00359973,-0.480619,1.06656,-0.000929882,-15.056,-0.435585,0.00452962,-0.117226,0,0,-5.55112e-17,-0,0,-0.000496069,0,0,-0.563093,-0.63097,-0.00359973,-0.480619,1.06656,-0.000929882,-15.056,-0.435585,0.00452962,-0.117226,0,0,5.55112e-17,-0.0755993,-0.0752041,0.00351186,0.00353032,-0.000559117,0,0,0,True,True
0.57,-0,0,0.000506534,0,0,0.563093,-0.630989,-0.0036775,-0.480327,1.06655,-0.000950313,-15.0557,-0.435562,0.00462781,-0.117096,0,0,-5.55112e-17,-0,0,-0.000506534,0,0,-0.563093,-0.630989,-0.0036775,-0.480327,1.06655,-0.000950313,-15.0557,-0.435562,0.00462781,-0.117096,0,0,5.55112e-17,-0.0755152,-0.0751205,0.00358801,0.00360686,-0.000567592,0,0,0,True,True
0.575,-0,0,0.000517156,0,0,0.563093,-0.631007,-0.00375689,-0.480032,1.06655,-0.000971187,-15.0554,-0.435538,0.00472808,-0.116972,0,0,-5.55112e-17,-0,0,-0.000517156,0,0,-0.563093,-0.631007,-0.00375689,-0.480032,1.06655,-0.000971187,-15.0554,-0.435538,0.00472808,-0.116972,0,0,5.55112e-17,-0.0754346,-0.0750403,0.00366576,0.00368502,-0.00057625,0,0,0,True,True
0.58,-0,0,0.00052794,0,0,0.563093,-0.631026,-0.00383793,-0.479732,1.06654,-0.000992511,-15.0551,-0.435515,0.00483044,-0.116852,0,0,-5.55112e-17,-0,0,-0.00052794,0,0,-0.563093,-0.631026,-0.00383793,-0.479732,1.06654,-0.000992511,-15.0551,-0.435515,0.00483044,-0.116852,0,0,5.55112e-17,-0.0753573,-0.0749635,0.00374514,0.00376482,-0.000585096,0,0,0,True,True
0.585,-0,0,0.00053889,0,0,0.563093,-0.631046,-0.00392065,-0.479427,1.06654,-0.00101429,-15.0548,-0.43549,0.00493495,-0.116738,0,0,-5.55112e-17,-0,0,-0.00053889,0,0,-0.563093,-0.631046,-0.00392065,-0.479427,1.06654,-0.00101429,-15.0548,-0.43549,0.00493495,-0.116738,0,0,5.55112e-17,-0.0752834,-0.07489,0.00382618,0.00384628,-0.000594133,0,0,0,True,True
0.59,-0,0,0.000550011,0,0,0.563093,-0.631065,-0.00400508,-0.479117,1.06653,-0.00103654,-15.0545,-0.435465,0.00504162,-0.116629,0,0,-5.55112e-17,-0,0,-0.000550011,0,0,-0.563093,-0.631065,-0.00400508,-0.479117,1.06653,-0.00103654,-15.0545,-0.435465,0.00504162,-0.116629,0,0,5.55112e-17,-0.0752128,-0.0748198,0.0039089,0.00392944,-0.000603365,0,0,0,True,True
0.595,-0,0,0.000561309,0,0,0.563093,-0.631086,-0.00409123,-0.478803,1.06653,-0.00105926,-15.0542,-0.43544,0.00515049,-0.116525,0,0,-5.55112e-17,-0,0,-0.000561309,0,0,-0.563093,-0.631086,-0.00409123,-0.478803,1.06653,-0.00105926,-15.0542,-0.43544,0.00515049,-0.116525,0,0,5.55112e-17,-0.0751455,-0.0747529,0.00399333,0.00401431,-0.000612796,0,0,0,True,True
0.6,-0,0,0.000572788,0,0,0.563093,-0.631106,-0.00417914,-0.478483,1.06652,-0.00108247,-15.0538,-0.435414,0.00526161,-0.116426,0,0,-5.55112e-17,-0,0,-0.000572788,0,0,-0.563093,-0.631106,-0.00417914,-0.478483,1.06652,-0.00108247,-15.0538,-0.435414,0.00526161,-0.116426,0,0,5.55112e-17,-0.0750815,-0.0746892,0.0040795,0.00410093,-0.000622431,0,0,0,True,True
0.605,-0,0,0.000584453,0,0,0.563093,-0.631127,-0.00426883,-0.478159,1.06651,-0.00110616,-15.0535,-0.435387,0.00537499,-0.116333,0,0,-5.55112e-17,-0,0,-0.000584453,0,0,-0.563093,-0.631127,-0.00426883,-0.478159,1.06651,-0.00110616,-15.0535,-0.435387,0.00537499,-0.116333,0,0,5.55112e-17,-0.0750206,-0.0746288,0.00416743,0.00418932,-0.000632273,0,0,0,True,True
0.61,-0,0,0.00059631,0,0,0.563093,-0.631149,-0.00436034,-0.477829,1.06651,-0.00113035,-15.0532,-0.43536,0.00549069,-0.116244,0,0,-5.55112e-17,-0,0,-0.00059631,0,0,-0.563093,-0.631149,-0.00436034,-0.477829,1.06651,-0.00113035,-15.0532,-0.43536,0.00549069,-0.116244,0,0,5.55112e-17,-0.074963,-0.0745714,0.00425716,0.00427951,-0.000642327,0,0,0,True,True
0.615,-0,0,0.000608363,0,0,0.563093,-0.631171,-0.00445369,-0.477493,1.0665,-0.00115506,-15.0529,-0.435332,0.00560874,-0.11616,0,0,-5.55112e-17,-0,0,-0.000608363,0,0,-0.563093,-0.631171,-0.00445369,-0.477493,1.0665,-0.00115506,-15.0529,-0.435332,0.00560874,-0.11616,0,0,5.55112e-17,-0.0749085,-0.0745173,0.00434871,0.00437154,-0.000652596,0,0,0,True,True
0.62,-0,0,0.000620618,0,0,0.563093,-0.631194,-0.00454891,-0.477152,1.0665,-0.00118028,-15.0525,-0.435304,0.00572918,-0.116081,0,0,-5.55112e-17,-0,0,-0.000620618,0,0,-0.563093,-0.631194,-0.00454891,-0.477152,1.0665,-0.00118028,-15.0525,-0.435304,0.00572918,-0.116081,0,0,5.55112e-17,-0.0748571,-0.0744662,0.00444211,0.00446543,-0.000663087,0,0,0,True,True
0.625,-0,0,0.00063308,0,0,0.563093,-0.631217,-0.00464603,-0.476805,1.06649,-0.00120603,-15.0522,-0.435275,0.00585206,-0.116006,0,0,-5.55112e-17,-0,0,-0.00063308,0,0,-0.563093,-0.631217,-0.00464603,-0.476805,1.06649,-0.00120603,-15.0522,-0.435275,0.00585206,-0.116006,0,0,5.55112e-17,-0.0748088,-0.0744182,0.0045374,0.00456122,-0.000673802,0,0,0,True,True
0.63,-0,0,0.000645755,0,0,0.563093,-0.63124,-0.00474509,-0.476452,1.06649,-0.00123231,-15.0519,-0.435245,0.0059774,-0.115937,0,0,-5.55112e-17,-0,0,-0.000645755,0,0,-0.563093,-0.63124,-0.00474509,-0.476452,1.06649,-0.00123231,-15.0519,-0.435245,0.0059774,-0.115937,0,0,5.55112e-17,-0.0747636,-0.0743733,0.00463461,0.00465894,-0.000684746,0,0,0,True,True
0.635,-0,0,0.000658647,0,0,0.563093,-0.631264,-0.00484611,-0.476093,1.06648,-0.00125915,-15.0515,-0.435215,0.00610526,-0.115872,0,0,-5.55112e-17,-0,0,-0.000658647,0,0,-0.563093,-0.631264,-0.00484611,-0.476093,1.06648,-0.00125915,-15.0515,-0.435215,0.00610526,-0.115872,0,0,5.55112e-17,-0.0747214,-0.0743313,0.00473377,0.00475861,-0.000695925,0,0,0,True,True
0.64,-0,0,0.000671763,0,0,0.563093,-0.631288,-0.00494914,-0.475728,1.06647,-0.00128654,-15.0512,-0.435184,0.00623568,-0.115812,0,0,-5.55112e-17,-0,0,-0.000671763,0,0,-0.563093,-0.631288,-0.00494914,-0.475728,1.06647,-0.00128654,-15.0512,-0.435184,0.00623568,-0.115812,0,0,5.55112e-17,-0.0746822,-0.0742924,0.00483492,0.00486029,-0.000707342,0,0,0,True,True
0.645,-0,0,0.000685107,0,0,0.563093,-0.631313,-0.0050542,-0.475357,1.06647,-0.0013145,-15.0508,-0.435153,0.0063687,-0.115756,0,0,-5.55112e-17,-0,0,-0.000685107,0,0,-0.563093,-0.631313,-0.0050542,-0.475357,1.06647,-0.0013145,-15.0508,-0.435153,0.0063687,-0.115756,0,0,5.55112e-17,-0.0746461,-0.0742564,0.00493808,0.00496399,-0.000719002,0,0,0,True,True
0.65,-0,0,0.000698686,0,0,0.563093,-0.631339,-0.00516134,-0.474979,1.06646,-0.00134304,-15.0505,-0.435121,0.00650438,-0.115705,0,0,-5.55112e-17,-0,0,-0.000698686,0,0,-0.563093,-0.631339,-0.00516134,-0.474979,1.06646,-0.00134304,-15.0505,-0.435121,0.00650438,-0.115705,0,0,5.55112e-17,-0.0746128,-0.0742234,0.00504331,0.00506977,-0.000730911,0,0,0,True,True
0.655,-0,0,0.000712506,0,0,0.563093,-0.631365,-0.00527057,-0.474594,1.06645,-0.00137217,-15.0501,-0.435088,0.00664275,-0.115659,0,0,1.07852e-33,-0,0,-0.000712506,0,0,-0.563093,-0.631365,-0.00527057,-0.474594,1.06645,-0.00137217,-15.0501,-0.435088,0.00664275,-0.115659,0,0,1.07852e-33,-0.0745825,-0.0741933,0.00515062,0.00517764,-0.000743073,0,0,0,True,True
0.66,-0,0,0.000726571,0,0,0.563093,-0.631392,-0.00538196,-0.474203,1.06645,-0.00140191,-15.0498,-0.435054,0.00678386,-0.115617,0,0,-5.55112e-17,-0,0,-0.000726571,0,0,-0.563093,-0.631392,-0.00538196,-0.474203,1.06645,-0.00140191,-15.0498,-0.435054,0.00678386,-0.115617,0,0,5.55112e-17,-0.0745552,-0.0741662,0.00526007,0.00528766,-0.000755493,0,0,0,True,True
0.665,-0,0,0.000740888,0,0,0.563093,-0.631419,-0.00549552,-0.473804,1.06644,-0.00143226,-15.0494,-0.43502,0.00692777,-0.11558,0,0,-5.55112e-17,-0,0,-0.000740888,0,0,-0.563093,-0.631419,-0.00549552,-0.473804,1.06644,-0.00143226,-15.0494,-0.43502,0.00692777,-0.11558,0,0,5.55112e-17,-0.0745307,-0.0741418,0.00537169,0.00539986,-0.000768176,0,0,0,True,True
0.67,-0,0,0.000755464,0,0,0.563093,-0.631447,-0.0056113,-0.473398,1.06643,-0.00146323,-15.049,-0.434985,0.00707453,-0.115547,0,0,-5.55112e-17,-0,0,-0.000755464,0,0,-0.563093,-0.631447,-0.0056113,-0.473398,1.06643,-0.00146323,-15.049,-0.434985,0.00707453,-0.115547,0,0,5.55112e-17,-0.0745091,-0.0741204,0.00548551,0.00551428,-0.000781127,0,0,0,True,True
0.675,-0,0,0.000770303,0,0,0.563093,-0.631475,-0.00572934,-0.472985,1.06642,-0.00149485,-15.0487,-0.434949,0.00722419,-0.115519,0,0,-5.55112e-17,-0,0,-0.000770303,0,0,-0.563093,-0.631475,-0.00572934,-0.472985,1.06642,-0.00149485,-15.0487,-0.434949,0.00722419,-0.115519,0,0,5.55112e-17,-0.0744903,-0.0741018,0.00560159,0.00563096,-0.000794353,0,0,0,True,True
0.68,-0,0,0.000785413,0,0,0.563093,-0.631504,-0.00584968,-0.472565,1.06642,-0.00152712,-15.0483,-0.434913,0.00737679,-0.115495,0,0,-5.55112e-17,-0,0,-0.000785413,0,0,-0.563093,-0.631504,-0.00584968,-0.472565,1.06642,-0.00152712,-15.0483,-0.434913,0.00737679,-0.115495,0,0,5.55112e-17,-0.0744744,-0.074086,0.00571995,0.00574994,-0.000807857,0,0,0,True,True
0.685,-0,0,0.000800798,0,0,0.563093,-0.631534,-0.00597235,-0.472136,1.06641,-0.00156005,-15.0479,-0.434875,0.00753241,-0.115475,0,0,-5.55112e-17,-0,0,-0.000800798,0,0,-0.563093,-0.631534,-0.00597235,-0.472136,1.06641,-0.00156005,-15.0479,-0.434875,0.00753241,-0.115475,0,0,5.55112e-17,-0.0744613,-0.0740731,0.00584065,0.00587126,-0.000821646,0,0,0,True,True
0.69,-0,0,0.000816467,0,0,0.563093,-0.631564,-0.00609741,-0.4717,1.0664,-0.00159367,-15.0475,-0.434837,0.00769108,-0.11546,0,0,-5.55112e-17,-0,0,-0.000816467,0,0,-0.563093,-0.631564,-0.00609741,-0.4717,1.0664,-0.00159367,-15.0475,-0.434837,0.00769108,-0.11546,0,0,5.55112e-17,-0.0744511,-0.0740629,0.00596372,0.00599498,-0.000835725,0,0,0,True,True
0.695,-0,0,0.000832425,0,0,0.563093,-0.631594,-0.0062249,-0.471256,1.06639,-0.00162798,-15.0471,-0.434798,0.00785287,-0.115449,0,0,-5.55112e-17,-0,0,-0.000832425,0,0,-0.563093,-0.631594,-0.0062249,-0.471256,1.06639,-0.00162798,-15.0471,-0.434798,0.00785287,-0.115449,0,0,5.55112e-17,-0.0744436,-0.0740555,0.00608922,0.00612113,-0.000850101,0,0,0,True,True
0.7,-0,0,0.000848678,0,0,0.563093,-0.631626,-0.00635485,-0.470804,1.06638,-0.00166299,-15.0467,-0.434759,0.00801784,-0.115443,0,0,-5.55112e-17,-0,0,-0.000848678,0,0,-0.563093,-0.631626,-0.00635485,-0.470804,1.06638,-0.00166299,-15.0467,-0.434759,0.00801784,-0.115443,0,0,5.55112e-17,-0.0744389,-0.0740509,0.00621718,0.00624975,-0.000864777,0,0,0,True,True
0.705,-0,0,0.000865233,0,0,0.563093,-0.631658,-0.00648731,-0.470343,1.06638,-0.00169873,-15.0463,-0.434718,0.00818604,-0.11544,0,0,-5.55112e-17,-0,0,-0.000865233,0,0,-0.563093,-0.631658,-0.00648731,-0.470343,1.06638,-0.00169873,-15.0463,-0.434718,0.00818604,-0.11544,0,0,5.55112e-17,-0.074437,-0.0740491,0.00634765,0.0063809,-0.000879762,0,0,0,True,True
0.71,-0,0,0.000882097,0,0,0.563093,-0.631691,-0.00662234,-0.469873,1.06637,-0.0017352,-15.0459,-0.434677,0.00835754,-0.115443,0,0,1.07852e-33,-0,0,-0.000882097,0,0,-0.563093,-0.631691,-0.00662234,-0.469873,1.06637,-0.0017352,-15.0459,-0.434677,0.00835754,-0.115443,0,0,1.07852e-33,-0.0744379,-0.0740501,0.00648068,0.00651462,-0.000895059,0,0,0,True,True
0.715,-0,0,0.000899277,0,0,0.563093,-0.631724,-0.00675997,-0.469395,1.06636,-0.00177243,-15.0454,-0.434635,0.0085324,-0.115449,0,0,-5.55112e-17,-0,0,-0.000899277,0,0,-0.563093,-0.631724,-0.00675997,-0.469395,1.06636,-0.00177243,-15.0454,-0.434635,0.0085324,-0.115449,0,0,5.55112e-17,-0.0744416,-0.0740538,0.00661632,0.00665097,-0.000910677,0,0,0,True,True
0.72,-0,0,0.000916779,0,0,0.563093,-0.631758,-0.00690026,-0.468908,1.06635,-0.00181043,-15.045,-0.434592,0.00871069,-0.11546,0,0,-5.55112e-17,-0,0,-0.000916779,0,0,-0.563093,-0.631758,-0.00690026,-0.468908,1.06635,-0.00181043,-15.045,-0.434592,0.00871069,-0.11546,0,0,5.55112e-17,-0.0744481,-0.0740603,0.00675461,0.00678998,-0.00092662,0,0,0,True,True
0.725,-0,0,0.00093461,0,0,0.563093,-0.631793,-0.00704325,-0.468411,1.06634,-0.00184921,-15.0446,-0.434548,0.00889246,-0.115475,0,0,0,-0,0,-0.00093461,0,0,-0.563093,-0.631793,-0.00704325,-0.468411,1.06634,-0.00184921,-15.0446,-0.434548,0.00889246,-0.115475,0,0,0,-0.0744574,-0.0740696,0.00689561,0.00693172,-0.000942896,0,0,0,True,True
0.73,-0,0,0.000952776,0,0,0.563093,-0.631829,-0.00718899,-0.467906,1.06633,-0.0018888,-15.0441,-0.434503,0.00907779,-0.115495,0,0,0,-0,0,-0.000952776,0,0,-0.563093,-0.631829,-0.00718899,-0.467906,1.06633,-0.0018888,-15.0441,-0.434503,0.00907779,-0.115495,0,0,0,-0.0744695,-0.0740817,0.00703938,0.00707623,-0.00095951,0,0,0,True,True
0.735,-0,0,0.000971286,0,0,0.563093,-0.631865,-0.00733753,-0.46739,1.06632,-0.0019292,-15.0437,-0.434457,0.00926674,-0.115519,0,0,-5.55112e-17,-0,0,-0.000971286,0,0,-0.563093,-0.631865,-0.00733753,-0.46739,1.06632,-0.0019292,-15.0437,-0.434457,0.00926674,-0.115519,0,0,5.55112e-17,-0.0744845,-0.0740967,0.00718595,0.00722356,-0.00097647,0,0,0,True,True
0.74,-0,0,0.000990145,0,0,0.563093,-0.631902,-0.00748893,-0.466865,1.06631,-0.00197044,-15.0432,-0.43441,0.00945938,-0.115548,0,0,-5.55112e-17,-0,0,-0.000990145,0,0,-0.563093,-0.631902,-0.00748893,-0.466865,1.06631,-0.00197044,-15.0432,-0.43441,0.00945938,-0.115548,0,0,5.55112e-17,-0.0745024,-0.0741146,0.00733539,0.00737378,-0.000993781,0,0,0,True,True
0.745,-0,0,0.00100936,0,0,0.563093,-0.63194,-0.00764324,-0.46633,1.0663,-0.00201254,-15.0428,-0.434362,0.00965578,-0.115581,0,0,-5.55112e-17,-0,0,-0.00100936,0,0,-0.563093,-0.63194,-0.00764324,-0.46633,1.0663,-0.00201254,-15.0428,-0.434362,0.00965578,-0.115581,0,0,5.55112e-17,-0.0745232,-0.0741354,0.00748776,0.00752693,-0.00101145,0,0,0,True,True
0.75,-0,0,0.00102894,0,0,0.563093,-0.631979,-0.00780051,-0.465785,1.06629,-0.0020555,-15.0423,-0.434313,0.00985602,-0.115619,0,0,-5.55112e-17,-0,0,-0.00102894,0,0,-0.563093,-0.631979,-0.00780051,-0.465785,1.06629,-0.0020555,-15.0423,-0.434313,0.00985602,-0.115619,0,0,5.55112e-17,-0.0745471,-0.0741591,0.0076431,0.00768308,-0.00102949,0,0,0,True,True
0.755,-0,0,0.00104889,0,0,0.563093,-0.632018,-0.0079608,-0.46523,1.06628,-0.00209936,-15.0418,-0.434264,0.0100602,-0.115662,0,0,-5.55112e-17,-0,0,-0.00104889,0,0,-0.563093,-0.632018,-0.0079608,-0.46523,1.06628,-0.00209936,-15.0418,-0.434264,0.0100602,-0.115662,0,0,5.55112e-17,-0.074574,-0.074186,0.00780147,0.00784227,-0.0010479,0,0,0,True,True
0.76,-0,0,0.00106921,0,0,0.563093,-0.632058,-0.00812416,-0.464664,1.06627,-0.00214413,-15.0413,-0.434213,0.0102683,-0.115709,0,0,-5.55112e-17,-0,0,-0.00106921,0,0,-0.563093,-0.632058,-0.00812416,-0.464664,1.06627,-0.00214413,-15.0413,-0.434213,0.0102683,-0.115709,0,0,5.55112e-17,-0.0746042,-0.0742161,0.00796294,0.00800458,-0.00106669,0,0,0,True,True
0.765,-0,0,0.00108992,0,0,0.563093,-0.632099,-0.00829065,-0.464088,1.06626,-0.00218983,-15.0408,-0.434161,0.0104805,-0.115762,0,0,-5.55112e-17,-0,0,-0.00108992,0,0,-0.563093,-0.632099,-0.00829065,-0.464088,1.06626,-0.00218983,-15.0408,-0.434161,0.0104805,-0.115762,0,0,5.55112e-17,-0.0746378,-0.0742496,0.00812755,0.00817005,-0.00108586,0,0,0,True,True
0.77,-0,0,0.00111102,0,0,0.563093,-0.632141,-0.00846032,-0.4635,1.06625,-0.00223648,-15.0403,-0.434108,0.0106968,-0.115821,0,0,-5.55112e-17,-0,0,-0.00111102,0,0,-0.563093,-0.632141,-0.00846032,-0.4635,1.06625,-0.00223648,-15.0403,-0.434108,0.0106968,-0.115821,0,0,5.55112e-17,-0.0746749,-0.0742866,0.00829538,0.00833875,-0.00110544,0,0,0,True,True
0.775,-0,0,0.00113251,0,0,0.563093,-0.632184,-0.00863324,-0.462902,1.06624,-0.0022841,-15.0398,-0.434054,0.0109173,-0.115885,0,0,-5.55112e-17,-0,0,-0.00113251,0,0,-0.563093,-0.632184,-0.00863324,-0.462902,1.06624,-0.0022841,-15.0398,-0.434054,0.0109173,-0.115885,0,0,5.55112e-17,-0.0747158,-0.0743274,0.00846649,0.00851073,-0.00112541,0,0,0,True,True
0.78,-0,0,0.00115439,0,0,0.563093,-0.632227,-0.00880946,-0.462293,1.06623,-0.00233271,-15.0393,-0.433999,0.0111422,-0.115956,0,0,-5.55112e-17,-0,0,-0.00115439,0,0,-0.563093,-0.632227,-0.00880946,-0.462293,1.06623,-0.00233271,-15.0393,-0.433999,0.0111422,-0.115956,0,0,5.55112e-17,-0.0747608,-0.0743722,0.00864092,0.00868607,-0.0011458,0,0,0,True,True
0.785,-0,0,0.00117668,0,0,0.563093,-0.632272,-0.00898904,-0.461672,1.06621,-0.00238234,-15.0388,-0.433943,0.0113714,-0.116034,0,0,-5.55112e-17,-0,0,-0.00117668,0,0,-0.563093,-0.632272,-0.00898904,-0.461672,1.06621,-0.00238234,-15.0388,-0.433943,0.0113714,-0.116034,0,0,5.55112e-17,-0.0748102,-0.0744214,0.00881876,0.00886483,-0.0011666,0,0,0,True,True
0.79,-0,0,0.00119938,0,0,0.563093,-0.632317,-0.00917204,-0.46104,1.0662,-0.002433,-15.0382,-0.433885,0.011605,-0.116119,0,0,-5.55112e-17,-0,0,-0.00119938,0,0,-0.563093,-0.632317,-0.00917204,-0.46104,1.0662,-0.002433,-15.0382,-0.433885,0.011605,-0.116119,0,0,5.55112e-17,-0.0748644,-0.0744754,0.00900005,0.00904706,-0.00118783,0,0,0,True,True
0.795,-0,0,0.00122249,0,0,0.563093,-0.632364,-0.00935853,-0.460397,1.06619,-0.00248471,-15.0377,-0.433827,0.0118432,-0.116213,0,0,-5.55112e-17,-0,0,-0.00122249,0,0,-0.563093,-0.632364,-0.00935853,-0.460397,1.06619,-0.00248471,-15.0377,-0.433827,0.0118432,-0.116213,0,0,5.55112e-17,-0.074924,-0.0745348,0.00918487,0.00923284,-0.0012095,0,0,0,True,True
0.8,-0,0,0.001246,0,0,0.563093,-0.632411,-0.00954855,-0.459742,1.06618,-0.0025375,-15.0371,-0.433767,0.0120861,-0.116316,0,0,-5.55112e-17,-0,0,-0.001246,0,0,-0.563093,-0.632411,-0.00954855,-0.459742,1.06618,-0.0025375,-15.0371,-0.433767,0.0120861,-0.116316,0,0,5.55112e-17,-0.0749896,-0.0746001,0.00937328,0.00942222,-0.0012316,0,0,0,True,True
0.805,-0,0,0.00126992,0,0,0.563093,-0.632459,-0.00974218,-0.459076,1.06616,-0.0025914,-15.0366,-0.433706,0.0123336,-0.116429,0,0,-5.55112e-17,-0,0,-0.00126992,0,0,-0.563093,-0.632459,-0.00974218,-0.459076,1.06616,-0.0025914,-15.0366,-0.433706,0.0123336,-0.116429,0,0,5.55112e-17,-0.075062,-0.0746722,0.00956535,0.00961527,-0.00125417,0,0,0,True,True
0.81,-0,0,0.00129425,0,0,0.563093,-0.632508,-0.00993948,-0.458399,1.06615,-0.00264641,-15.036,-0.433643,0.0125859,-0.116554,0,0,-5.55112e-17,-0,0,-0.00129425,0,0,-0.563093,-0.632508,-0.00993948,-0.458399,1.06615,-0.00264641,-15.036,-0.433643,0.0125859,-0.116554,0,0,5.55112e-17,-0.075142,-0.0747519,0.00976113,0.00981207,-0.00127719,0,0,0,True,True
0.815,-0,0,0.00131898,0,0,0.563093,-0.632559,-0.0101405,-0.45771,1.06614,-0.00270258,-15.0355,-0.43358,0.0128431,-0.116693,0,0,-5.55112e-17,-0,0,-0.00131898,0,0,-0.563093,-0.632559,-0.0101405,-0.45771,1.06614,-0.00270258,-15.0355,-0.43358,0.0128431,-0.116693,0,0,5.55112e-17,-0.0752307,-0.0748402,0.00996069,0.0100127,-0.00130068,0,0,0,True,True
0.82,-0,0,0.0013441,0,0,0.563093,-0.63261,-0.0103453,-0.45701,1.06612,-0.00275991,-15.0349,-0.433515,0.0131052,-0.116848,0,0,-5.55112e-17,-0,0,-0.0013441,0,0,-0.563093,-0.63261,-0.0103453,-0.45701,1.06612,-0.00275991,-15.0349,-0.433515,0.0131052,-0.116848,0,0,5.55112e-17,-0.0753295,-0.0749386,0.0101641,0.0102171,-0.00132464,0,0,0,True,True
0.825,-0,0,0.00136961,0,0,0.563093,-0.632662,-0.0105539,-0.4563,1.06611,-0.00281843,-15.0343,-0.433449,0.0133723,-0.11702,0,0,0,-0,0,-0.00136961,0,0,-0.563093,-0.632662,-0.0105539,-0.4563,1.06611,-0.00281843,-15.0343,-0.433449,0.0133723,-0.11702,0,0,0,-0.0754397,-0.0750483,0.0103714,0.0104255,-0.0013491,0,0,0,True,True
0.83,-0,0,0.00139549,0,0,0.563093,-0.632715,-0.0107664,-0.45558,1.0661,-0.00287817,-15.0337,-0.433381,0.0136446,-0.117213,0,0,-5.55112e-17,-0,0,-0.00139549,0,0,-0.563093,-0.632715,-0.0107664,-0.45558,1.0661,-0.00287817,-15.0337,-0.433381,0.0136446,-0.117213,0,0,5.55112e-17,-0.075563,-0.0751711,0.0105827,0.0106379,-0.00137405,0,0,0,True,True
0.835,-0,0,0.00142173,0,0,0.563093,-0.63277,-0.0109829,-0.454849,1.06608,-0.00293914,-15.0332,-0.433312,0.013922,-0.117429,0,0,-5.55112e-17,-0,0,-0.00142173,0,0,-0.563093,-0.63277,-0.0109829,-0.454849,1.06608,-0.00293914,-15.0332,-0.433312,0.013922,-0.117429,0,0,5.55112e-17,-0.0757014,-0.0753089,0.010798,0.0108543,-0.00139951,0,0,0,True,True
0.84,-0,0,0.00144831,0,0,0.563093,-0.632825,-0.0112034,-0.454109,1.06607,-0.00300137,-15.0326,-0.433242,0.0142047,-0.117671,0,0,-5.55112e-17,-0,0,-0.00144831,0,0,-0.563093,-0.632825,-0.0112034,-0.454109,1.06607,-0.00300137,-15.0326,-0.433242,0.0142047,-0.117671,0,0,5.55112e-17,-0.075857,-0.0754637,0.0110174,0.0110748,-0.00142548,0,0,0,True,True
0.845,-0,0,0.00147521,0,0,0.563093,-0.632882,-0.0114279,-0.45336,1.06605,-0.00306488,-15.032,-0.43317,0.0144927,-0.117944,0,0,-5.55112e-17,-0,0,-0.00147521,0,0,-0.563093,-0.632882,-0.0114279,-0.45336,1.06605,-0.00306488,-15.032,-0.43317,0.0144927,-0.117944,0,0,5.55112e-17,-0.076032,-0.0756379,0.0112409,0.0112994,-0.00145198,0,0,0,True,True
0.85,-0,0,0.00150241,0,0,0.563093,-0.632939,-0.0116564,-0.452602,1.06604,-0.00312969,-15.0314,-0.433097,0.0147861,-0.118251,0,0,-5.55112e-17,-0,0,-0.00150241,0,0,-0.563093,-0.632939,-0.0116564,-0.452602,1.06604,-0.00312969,-15.0314,-0.433097,0.0147861,-0.118251,0,0,5.55112e-17,-0.0762287,-0.0758338,0.0114686,0.0115283,-0.00147902,0,0,0,True,True
0.855,-0,0,0.0015299,0,0,0.563093,-0.632998,-0.0118891,-0.451837,1.06602,-0.00319582,-15.0309,-0.433022,0.015085,-0.118595,0,0,6.16302e-34,-0,0,-0.0015299,0,0,-0.563093,-0.632998,-0.0118891,-0.451837,1.06602,-0.00319582,-15.0309,-0.433022,0.015085,-0.118595,0,0,6.16293e-34,-0.0764496,-0.0760536,0.0117005,0.0117614,-0.0015066,0,0,0,True,True
0.86,-0,0,0.00155764,0,0,0.563093,-0.633058,-0.012126,-0.451064,1.066,-0.00326328,-15.0303,-0.432946,0.0153893,-0.11898,0,0,-5.55112e-17,-0,0,-0.00155764,0,0,-0.563093,-0.633058,-0.012126,-0.451064,1.066,-0.00326328,-15.0303,-0.432946,0.0153893,-0.11898,0,0,5.55112e-17,-0.0766968,-0.0762996,0.0119367,0.0119988,-0.00153473,0,0,0,True,True
0.865,-0,0,0.00158564,0,0,0.563093,-0.63312,-0.0123671,-0.450284,1.06599,-0.00333211,-15.0298,-0.432869,0.0156992,-0.119408,0,0,4.91112e-33,-0,0,-0.00158564,0,0,-0.563093,-0.63312,-0.0123671,-0.450284,1.06599,-0.00333211,-15.0298,-0.432869,0.0156992,-0.119408,0,0,4.91112e-33,-0.0769719,-0.0765734,0.0121772,0.0122406,-0.00156343,0,0,0,True,True
0.87,-0,0,0.00161389,0,0,0.563093,-0.633182,-0.0126124,-0.449498,1.06597,-0.00340231,-15.0292,-0.432789,0.0160147,-0.119881,0,0,-5.55112e-17,-0,0,-0.00161389,0,0,-0.563093,-0.633182,-0.0126124,-0.449498,1.06597,-0.00340231,-15.0292,-0.432789,0.0160147,-0.119881,0,0,5.55112e-17,-0.0772756,-0.0768757,0.0124221,0.0124867,-0.0015927,0,0,0,True,True
0.875,-0,0,0.00164242,0,0,0.563093,-0.633246,-0.0128619,-0.448703,1.06595,-0.00347391,-15.0287,-0.432708,0.0163358,-0.120397,0,0,-5.55112e-17,-0,0,-0.00164242,0,0,-0.563093,-0.633246,-0.0128619,-0.448703,1.06595,-0.00347391,-15.0287,-0.432708,0.0163358,-0.120397,0,0,5.55112e-17,-0.0776073,-0.0772057,0.0126714,0.0127373,-0.00162256,0,0,0,True,True
0.88,-0,0,0.00167127,0,0,0.563093,-0.633311,-0.0131158,-0.447899,1.06594,-0.00354693,-15.0281,-0.432626,0.0166627,-0.120952,0,0,-5.55112e-17,-0,0,-0.00167127,0,0,-0.563093,-0.633311,-0.0131158,-0.447899,1.06594,-0.00354693,-15.0281,-0.432626,0.0166627,-0.120952,0,0,5.55112e-17,-0.077964,-0.0775607,0.0129251,0.0129923,-0.00165302,0,0,0,True,True
0.885,-0,0,0.00170054,0,0,0.563093,-0.633377,-0.013374,-0.447084,1.06592,-0.00362139,-15.0276,-0.432542,0.0169954,-0.121536,0,0,-5.55112e-17,-0,0,-0.00170054,0,0,-0.563093,-0.633377,-0.013374,-0.447084,1.06592,-0.00362139,-15.0276,-0.432542,0.0169954,-0.121536,0,0,5.55112e-17,-0.0783396,-0.0779344,0.0131834,0.0132519,-0.00168408,0,0,0,True,True
0.89,-0,0,0.00173038,0,0,0.563093,-0.633444,-0.0136367,-0.446253,1.0659,-0.00369732,-15.0271,-0.432456,0.017334,-0.122134,0,0,-1.54068e-34,-0,0,-0.00173038,0,0,-0.563093,-0.633444,-0.0136367,-0.446253,1.0659,-0.00369732,-15.0271,-0.432456,0.017334,-0.122134,0,0,-1.54081e-34,-0.0787234,-0.0783165,0.0134462,0.0135161,-0.00171576,0,0,0,True,True
0.895,-0,0,0.00176102,0,0,0.563093,-0.633513,-0.0139038,-0.4454,1.06588,-0.00377477,-15.0265,-0.432368,0.0176786,-0.122718,0,0,-5.55112e-17,-0,0,-0.00176102,0,0,-0.563093,-0.633513,-0.0139038,-0.4454,1.06588,-0.00377477,-15.0265,-0.432368,0.0176786,-0.122718,0,0,5.55112e-17,-0.0790989,-0.0786901,0.0137137,0.0137849,-0.00174807,0,0,0,True,True
0.9,-0,0,0.0017928,0,0,0.563093,-0.633583,-0.0141756,-0.444515,1.06586,-0.00385377,-15.0259,-0.432279,0.0180294,-0.123251,0,0,-5.55112e-17,-0,0,-0.0017928,0,0,-0.563093,-0.633583,-0.0141756,-0.444515,1.06586,-0.00385377,-15.0259,-0.432279,0.0180294,-0.123251,0,0,5.55112e-17,-0.0794414,-0.0790309,0.013986,0.0140587,-0.00178101,0,0,0,True,True
0.905,-0,0,0.0018262,0,0,0.563093,-0.633655,-0.0144523,-0.443584,1.06584,-0.00393441,-15.0252,-0.432188,0.0183867,-0.123679,0,0,-1.54074e-34,-0,0,-0.0018262,0,0,-0.563093,-0.633655,-0.0144523,-0.443584,1.06584,-0.00393441,-15.0252,-0.432188,0.0183867,-0.123679,0,0,-1.54074e-34,-0.0797158,-0.0793041,0.0142634,0.0143375,-0.00181461,0,0,0,True,True
0.91,-0,0,0.00186185,0,0,0.563093,-0.633728,-0.0147341,-0.442591,1.06582,-0.00401676,-15.0244,-0.432095,0.0187509,-0.123927,0,0,-5.55112e-17,-0,0,-0.00186185,0,0,-0.563093,-0.633728,-0.0147341,-0.442591,1.06582,-0.00401676,-15.0244,-0.432095,0.0187509,-0.123927,0,0,5.55112e-17,-0.0798749,-0.0794625,0.0145462,0.0146217,-0.00184887,0,0,0,True,True
0.915,-0,0,0.0019006,0,0,0.563093,-0.633802,-0.0150215,-0.441512,1.0658,-0.00410096,-15.0234,-0.432001,0.0191225,-0.1239,0,0,-5.55112e-17,-0,0,-0.0019006,0,0,-0.563093,-0.633802,-0.0150215,-0.441512,1.0658,-0.00410096,-15.0234,-0.432001,0.0191225,-0.1239,0,0,5.55112e-17,-0.0798562,-0.079444,0.0148346,0.0149116,-0.0018838,0,0,0,True,True
0.92,-0,0,0.0019435,0,0,0.563093,-0.633878,-0.0153149,-0.440318,1.06578,-0.00418717,-15.0222,-0.431904,0.0195021,-0.123476,0,0,-5.55112e-17,-0,0,-0.0019435,0,0,-0.563093,-0.633878,-0.0153149,-0.440318,1.06578,-0.00418717,-15.0222,-0.431904,0.0195021,-0.123476,0,0,5.55112e-17,-0.0795814,-0.0791708,0.0151294,0.0152079,-0.00191942,0,0,0,True,True
0.925,-0,0,0.00199181,0,0,0.563093,-0.633955,-0.0156152,-0.438972,1.06576,-0.0042756,-15.0207,-0.431806,0.0198908,-0.122507,0,0,-5.55112e-17,-0,0,-0.00199181,0,0,-0.563093,-0.633955,-0.0156152,-0.438972,1.06576,-0.0042756,-15.0207,-0.431806,0.0198908,-0.122507,0,0,5.55112e-17,-0.0789557,-0.0785485,0.0154312,0.0155112,-0.00195575,0,0,0,True,True
0.93,-0,0,0.00204698,0,0,0.563093,-0.634034,-0.0159232,-0.437436,1.06574,-0.00436653,-15.0188,-0.431705,0.0202897,-0.120828,0,0,-5.55112e-17,-0,0,-0.00204698,0,0,-0.563093,-0.634034,-0.0159232,-0.437436,1.06574,-0.00436653,-15.0188,-0.431705,0.0202897,-0.120828,0,0,5.55112e-17,-0.0778721,-0.0774706,0.0157409,0.0158225,-0.0019928,0,0,0,True,True
0.935,-0,0,0.00211049,0,0,0.563093,-0.634115,-0.01624,-0.435667,1.06572,-0.0044603,-15.0163,-0.431603,0.0207003,-0.118266,0,0,-5.55112e-17,-0,0,-0.00211049,0,0,-0.563093,-0.634115,-0.01624,-0.435667,1.06572,-0.0044603,-15.0163,-0.431603,0.0207003,-0.118266,0,0,5.55112e-17,-0.0762202,-0.0758273,0.0160598,0.016143,-0.00203059,0,0,0,True,True
0.94,-0,0,0.0021836,0,0,0.563093,-0.634197,-0.0165672,-0.433631,1.06569,-0.0045573,-15.0133,-0.431498,0.0211245,-0.114678,0,0,-5.55112e-17,-0,0,-0.0021836,0,0,-0.563093,-0.634197,-0.0165672,-0.433631,1.06569,-0.0045573,-15.0133,-0.431498,0.0211245,-0.114678,0,0,5.55112e-17,-0.0739064,-0.0735256,0.0163891,0.016474,-0.00206915,0,0,0,True,True
0.945,-0,0,0.00226688,0,0,0.563093,-0.63428,-0.0169062,-0.431313,1.06567,-0.00465801,-15.0097,-0.431391,0.0215642,-0.110001,0,0,-5.55112e-17,-0,0,-0.00226688,0,0,-0.563093,-0.63428,-0.0169062,-0.431313,1.06567,-0.00465801,-15.0097,-0.431391,0.0215642,-0.110001,0,0,5.55112e-17,-0.0708905,-0.0705254,0.0167305,0.0168172,-0.0021085,0,0,0,True,True
0.95,-0,0,0.00235933,0,0,0.563093,-0.634366,-0.0172586,-0.428738,1.06565,-0.00476287,-15.0056,-0.431283,0.0220215,-0.104352,0,0,-5.55112e-17,-0,0,-0.00235933,0,0,-0.563093,-0.634366,-0.0172586,-0.428738,1.06565,-0.00476287,-15.0056,-0.431283,0.0220215,-0.104352,0,0,5.55112e-17,-0.0672494,-0.0669032,0.0170856,0.017174,-0.00214867,0,0,0,True,True
0.955,-0,0,0.00245703,0,0,0.563093,-0.634453,-0.0176256,-0.426018,1.06562,-0.00487226,-15.0011,-0.431171,0.0224979,-0.0981999,0,0,0,-0,0,-0.00245703,0,0,-0.563093,-0.634453,-0.0176256,-0.426018,1.06562,-0.00487226,-15.0011,-0.431171,0.0224979,-0.0981999,0,0,0,-0.0632832,-0.0629576,0.0174556,0.0175459,-0.0021897,0,0,0,True,True
0.96,-0,0,0.00255079,0,0,0.563093,-0.634542,-0.0180076,-0.423407,1.0656,-0.00498633,-14.9969,-0.431058,0.0229939,-0.0926231,0,0,-5.55112e-17,-0,0,-0.00255079,0,0,-0.563093,-0.634542,-0.0180076,-0.423407,1.0656,-0.00498633,-14.9969,-0.431058,0.0229939,-0.0926231,0,0,5.55112e-17,-0.0596882,-0.0593812,0.0178408,0.017933,-0.00223162,0,0,0,True,True
0.965,-0,0,0.00262259,0,0,0.563093,-0.634633,-0.018403,-0.421407,1.06557,-0.00510465,-14.9942,-0.430941,0.0235076,-0.0897406,0,0,-5.55112e-17,-0,0,-0.00262259,0,0,-0.563093,-0.634633,-0.018403,-0.421407,1.06557,-0.00510465,-14.9942,-0.430941,0.0235076,-0.0897406,0,0,5.55112e-17,-0.0578296,-0.0575323,0.0182397,0.018334,-0.00227446,0,0,0,True,True
0.97,-0,0,0.00263989,0,0,0.563093,-0.634726,-0.0188065,-0.420925,1.06555,-0.00522584,-14.995,-0.430822,0.0240323,-0.093371,0,0,-5.55112e-17,-0,0,-0.00263989,0,0,-0.563093,-0.634726,-0.0188065,-0.420925,1.06555,-0.00522584,-14.995,-0.430822,0.0240323,-0.093371,0,0,5.55112e-17,-0.0601679,-0.0598587,0.0186472,0.0187435,-0.00231827,0,0,0,True,True
0.975,-0,0,0.00254697,0,0,0.563093,-0.634821,-0.0192066,-0.42351,1.06552,-0.00534667,-15.0028,-0.430701,0.0245533,-0.11005,0,0,-5.55112e-17,-0,0,-0.00254697,0,0,-0.563093,-0.634821,-0.0192066,-0.42351,1.06552,-0.00534667,-15.0028,-0.430701,0.0245533,-0.11005,0,0,5.55112e-17,-0.0709145,-0.0705501,0.0190518,0.0191502,-0.00236304,0,0,0,True,True
0.98,-0,0,0.00225168,0,0,0.563093,-0.634918,-0.0195809,-0.431728,1.0655,-0.00546092,-15.0235,-0.430577,0.0250419,-0.150578,0,0,-4.31409e-33,-0,0,-0.00225168,0,0,-0.563093,-0.634918,-0.0195809,-0.431728,1.0655,-0.00546092,-15.0235,-0.430577,0.0250419,-0.150578,0,0,-4.31408e-33,-0.0970281,-0.0965299,0.0194313,0.0195316,-0.00240875,0,0,0,True,True
0.985,-0,0,0.00160563,0,0,0.563093,-0.635017,-0.0198896,-0.44971,1.06547,-0.00555739,-15.0664,-0.430451,0.025447,-0.232343,0,0,-5.55112e-17,-0,0,-0.00160563,0,0,-0.563093,-0.635017,-0.0198896,-0.44971,1.06547,-0.00555739,-15.0664,-0.430451,0.025447,-0.232343,0,0,5.55112e-17,-0.149712,-0.148943,0.019746,0.0198479,-0.00245531,0,0,0,True,True
0.99,-0,0,0.000395412,0,0,0.563093,-0.635117,-0.0200647,-0.483397,1.06544,-0.00561691,-15.1452,-0.430322,0.0256816,-0.380342,0,0,-5.55112e-17,-0,0,-0.000395412,0,0,-0.563093,-0.635117,-0.0200647,-0.483397,1.06544,-0.00561691,-15.1452,-0.430322,0.0256816,-0.380342,0,0,5.55112e-17,-0.245071,-0.243814,0.0199285,0.0200313,-0.00250251,0,0,0,True,True
0.995,-0,0,0.00068678,0,0,0.552029,-0.635218,-0.0200008,-0.480404,1.06541,-0.00560962,-14.7777,-0.430194,0.0256104,-0.416248,0,0,-5.55112e-17,-0,0,-0.00068678,0,0,-0.552029,-0.635218,-0.0200008,-0.480404,1.06541,-0.00560962,-14.7777,-0.430194,0.0256104,-0.416248,0,0,5.55112e-17,-0.268201,-0.266826,0.0198736,0.0199761,-0.00254992,0,0,0,True,True
1,-0,0,0.00487192,0,0,0.51884,-0.635317,-0.0276817,-0.379254,1.06538,0.00763169,-13.461,-0.430066,0.02005,-0.122833,0,0,-5.55112e-17,-0,0,-0.00487192,0,0,-0.51884,-0.635317,-0.0276817,-0.379254,1.06538,0.00763169,-13.461,-0.430066,0.02005,-0.122833,0,0,5.55112e-17,-0.0791433,-0.0787376,0.0155591,0.0156393,-0.00259684,0,0,0,True,True
1.005,-0,0,0.00905081,0,0,0.485668,-0.635494,-0.0511487,-0.278244,1.06549,0.0472422,-12.1466,-0.429993,0.00390644,0.171308,0,0,-5.55112e-17,-0,0,-0.00905081,0,0,-0.485668,-0.635494,-0.0511487,-0.278244,1.06549,0.0472422,-12.1466,-0.429993,0.00390644,0.171308,0,0,5.55112e-17,0.110375,0.10981,0.0030315,0.00304711,-0.00264228,0,0,0,True,True
1.01,-0,0,0.00932221,0,0,0.474655,-0.635828,-0.0823346,-0.275702,1.06586,0.100031,-11.786,-0.430027,-0.0176966,0.136551,0,0,-5.55112e-17,-0,0,-0.00932221,0,0,-0.474655,-0.635828,-0.0823346,-0.275702,1.06586,0.100031,-11.786,-0.430027,-0.0176966,0.136551,0,0,5.55112e-17,0.0879815,0.0875306,-0.0137329,-0.0138037,-0.00268525,0,0,0,True,True
1.015,-0,0,0.00808651,0,0,0.47474,-0.636318,-0.113226,-0.309912,1.06649,0.152777,-11.8761,-0.43017,-0.0395503,-0.00974745,0,0,-1.77647e-31,-0,0,-0.00808651,0,0,-0.47474,-0.636318,-0.113226,-0.309912,1.06649,0.152777,-11.8761,-0.43017,-0.0395503,-0.00974745,0,0,-1.77649e-31,-0.00628055,-0.00624834,-0.0306911,-0.0308493,-0.00272503,0,0,0,True,True
1.02,-0,0,0.00742015,0,0,0.47486,-0.636961,-0.143902,-0.328192,1.06738,0.205393,-11.934,-0.430423,-0.0614913,-0.0877758,0,0,0,-0,0,-0.00742015,0,0,-0.47486,-0.636961,-0.143902,-0.328192,1.06738,0.205393,-11.934,-0.430423,-0.0614913,-0.0877758,0,0,0,-0.0565587,-0.0562684,-0.0477155,-0.0479617,-0.0027612,0,0,0,True,True
1.025,-0,0,0.00710279,0,0,0.475013,-0.637757,-0.174401,-0.336675,1.06854,0.257806,-11.9738,-0.430785,-0.0834043,-0.123369,0,0,-5.55112e-17,-0,0,-0.00710279,0,0,-0.475013,-0.637757,-0.174401,-0.336675,1.06854,0.257806,-11.9738,-0.430785,-0.0834043,-0.123369,0,0,5.55112e-17,-0.0794977,-0.0790892,-0.0647155,-0.0650498,-0.00279358,0,0,0,True,True
1.03,-0,0,0.00697408,0,0,0.4752,-0.638705,-0.204736,-0.339827,1.06996,0.30995,-12.0055,-0.431257,-0.105213,-0.135346,0,0,-3.14312e-31,-0,0,-0.00697408,0,0,-0.4752,-0.638705,-0.204736,-0.339827,1.06996,0.30995,-12.0055,-0.431257,-0.105213,-0.135346,0,0,-3.14312e-31,-0.0872227,-0.0867737,-0.0816314,-0.0820538,-0.00282211,0,0,0,True,True
1.035,-0,0,0.0069367,0,0,0.475422,-0.639804,-0.234899,-0.34036,1.07164,0.361766,-12.0353,-0.431837,-0.126867,-0.135149,0,0,-5.55112e-17,-0,0,-0.0069367,0,0,-0.475422,-0.639804,-0.234899,-0.34036,1.07164,0.361766,-12.0353,-0.431837,-0.126867,-0.135149,0,0,5.55112e-17,-0.087104,-0.0866547,-0.0984222,-0.0989326,-0.0028468,0,0,0,True,True
1.04,-0,0,0.00693365,0,0,0.475677,-0.641054,-0.264872,-0.339863,1.07358,0.4132,-12.0668,-0.432526,-0.148328,-0.129493,0,0,-7.68798e-32,-0,0,-0.00693365,0,0,-0.475677,-0.641054,-0.264872,-0.339863,1.07358,0.4132,-12.0668,-0.432526,-0.148328,-0.129493,0,0,-7.68865e-32,-0.0834681,-0.0830364,-0.115059,-0.115657,-0.00286769,0,0,0,True,True
1.045,-0,0,0.00693321,0,0,0.475965,-0.642453,-0.29463,-0.339221,1.07577,0.464201,-12.102,-0.433321,-0.16957,-0.122137,0,0,-5.55112e-17,-0,0,-0.00693321,0,0,-0.475965,-0.642453,-0.29463,-0.339221,1.07577,0.464201,-12.102,-0.433321,-0.16957,-0.122137,0,0,5.55112e-17,-0.0787372,-0.0783289,-0.131519,-0.132204,-0.00288484,0,0,0,True,True
1.05,-0,0,0.00691906,0,0,0.476288,-0.644,-0.324149,-0.338892,1.07822,0.514718,-12.1419,-0.434221,-0.190569,-0.115035,0,0,-1.93077e-35,-0,0,-0.00691906,0,0,-0.476288,-0.644,-0.324149,-0.338892,1.07822,0.514718,-12.1419,-0.434221,-0.190569,-0.115035,0,0,1.93077e-35,-0.0741698,-0.073784,-0.147784,-0.148557,-0.00289834,0,0,0,True,True
1.055,-0,0,0.00688406,0,0,0.476643,-0.645694,-0.3534,-0.339078,1.08092,0.564707,-12.1868,-0.435226,-0.211306,-0.10907,0,0,-5.55112e-17,-0,0,-0.00688406,0,0,-0.476643,-0.645694,-0.3534,-0.339078,1.08092,0.564707,-12.1868,-0.435226,-0.211306,-0.10907,0,0,5.55112e-17,-0.0703352,-0.069968,-0.163838,-0.164698,-0.00290824,0,0,0,True,True
1.06,-0,0,0.00682625,0,0,0.477032,-0.647534,-0.382358,-0.339837,1.08387,0.61412,-12.237,-0.436334,-0.231762,-0.104517,0,0,-5.55112e-17,-0,0,-0.00682625,0,0,-0.477032,-0.647534,-0.382358,-0.339837,1.08387,0.61412,-12.237,-0.436334,-0.231762,-0.104517,0,0,5.55112e-17,-0.0674119,-0.0670586,-0.179666,-0.180612,-0.00291463,0,0,0,True,True
1.065,-0,0,0.00674643,0,0,0.477455,-0.649518,-0.410996,-0.341152,1.08706,0.662917,-12.2922,-0.437544,-0.251921,-0.101335,0,0,-5.55112e-17,-0,0,-0.00674643,0,0,-0.477455,-0.649518,-0.410996,-0.341152,1.08706,0.662917,-12.2922,-0.437544,-0.251921,-0.101335,0,0,5.55112e-17,-0.0653724,-0.0650283,-0.195254,-0.196287,-0.00291757,0,0,0,True,True
1.07,-0,0,0.00664668,0,0,0.47791,-0.651644,-0.43929,-0.342968,1.0905,0.711056,-12.3523,-0.438853,-0.271765,-0.09933,0,0,1.75816e-32,-0,0,-0.00664668,0,0,-0.47791,-0.651644,-0.43929,-0.342968,1.0905,0.711056,-12.3523,-0.438853,-0.271765,-0.09933,0,0,1.75473e-32,-0.064093,-0.0637541,-0.210588,-0.211708,-0.00291713,0,0,0,True,True
1.075,-0,0,0.00652953,0,0,0.478398,-0.653911,-0.467217,-0.345219,1.09417,0.758497,-12.4171,-0.440262,-0.29128,-0.0982601,0,0,-5.55112e-17,-0,0,-0.00652953,0,0,-0.478398,-0.653911,-0.467217,-0.345219,1.09417,0.758497,-12.4171,-0.440262,-0.29128,-0.0982601,0,0,5.55112e-17,-0.0634177,-0.0630806,-0.225656,-0.226862,-0.00291338,0,0,0,True,True
1.08,-0,0,0.0063975,0,0,0.478919,-0.656316,-0.494756,-0.347839,1.09808,0.805204,-12.4863,-0.441766,-0.310448,-0.0978851,0,0,-5.55112e-17,-0,0,-0.0063975,0,0,-0.478919,-0.656316,-0.494756,-0.347839,1.09808,0.805204,-12.4863,-0.441766,-0.310448,-0.0978851,0,0,5.55112e-17,-0.0631917,-0.0628541,-0.240445,-0.241736,-0.00290639,0,0,0,True,True
1.085,-0,0,0.00625289,0,0,0.479472,-0.658858,-0.521886,-0.350769,1.10222,0.851142,-12.5598,-0.443366,-0.329256,-0.0979933,0,0,-5.55112e-17,-0,0,-0.00625289,0,0,-0.479472,-0.658858,-0.521886,-0.350769,1.10222,0.851142,-12.5598,-0.443366,-0.329256,-0.0979933,0,0,5.55112e-17,-0.0632788,-0.0629387,-0.254942,-0.25632,-0.00289622,0,0,0,True,True
1.09,-0,0,0.00609767,0,0,0.480057,-0.661535,-0.54859,-0.353958,1.10659,0.89628,-12.6374,-0.445059,-0.347689,-0.0984111,0,0,6.16298e-34,-0,0,-0.00609767,0,0,-0.480057,-0.661535,-0.54859,-0.353958,1.10659,0.89628,-12.6374,-0.445059,-0.347689,-0.0984111,0,0,6.16298e-34,-0.0635669,-0.0632233,-0.269138,-0.2706,-0.00288295,0,0,0,True,True
1.095,-0,0,0.00593351,0,0,0.480675,-0.664344,-0.57485,-0.357365,1.11119,0.940585,-12.7189,-0.446843,-0.365735,-0.0990033,0,0,-5.55112e-17,-0,0,-0.00593351,0,0,-0.480675,-0.664344,-0.57485,-0.357365,1.11119,0.940585,-12.7189,-0.446843,-0.365735,-0.0990033,0,0,5.55112e-17,-0.063969,-0.063621,-0.28302,-0.284568,-0.00286664,0,0,0,True,True
1.1,-0,0,0.00576175,0,0,0.481324,-0.667284,-0.600651,-0.360956,1.116,0.984031,-12.8041,-0.448716,-0.38338,-0.0996702,0,0,-5.55112e-17,-0,0,-0.00576175,0,0,-0.481324,-0.667284,-0.600651,-0.360956,1.116,0.984031,-12.8041,-0.448716,-0.38338,-0.0996702,0,0,5.55112e-17,-0.0644207,-0.064068,-0.296578,-0.298211,-0.00284736,0,0,0,True,True
1.105,-0,0,0.00558351,0,0,0.482005,-0.670351,-0.625978,-0.364705,1.12103,1.02659,-12.893,-0.450677,-0.400613,-0.100342,0,0,-5.55112e-17,-0,0,-0.00558351,0,0,-0.482005,-0.670351,-0.625978,-0.364705,1.12103,1.02659,-12.893,-0.450677,-0.400613,-0.100342,0,0,5.55112e-17,-0.0648767,-0.064519,-0.309804,-0.311522,-0.00282518,0,0,0,True,True
1.11,-0,0,0.00539968,0,0,0.482717,-0.673543,-0.650819,-0.368591,1.12627,1.06824,-12.9854,-0.452722,-0.417423,-0.100971,0,0,-1.00919e-32,-0,0,-0.00539968,0,0,-0.482717,-0.673543,-0.650819,-0.368591,1.12627,1.06824,-12.9854,-0.452722,-0.417423,-0.100971,0,0,-1.00919e-32,-0.0653069,-0.0649442,-0.322689,-0.324491,-0.00280018,0,0,0,True,True
1.115,-0,0,0.00521101,0,0,0.48346,-0.676859,-0.675161,-0.372598,1.13171,1.10896,-13.0812,-0.454851,-0.433802,-0.10153,0,0,0,-0,0,-0.00521101,0,0,-0.48346,-0.676859,-0.675161,-0.372598,1.13171,1.10896,-13.0812,-0.454851,-0.433802,-0.10153,0,0,0,-0.0656931,-0.0653255,-0.335225,-0.337111,-0.00277243,0,0,0,True,True
1.12,-0,0,0.00501811,0,0,0.484234,-0.680295,-0.698995,-0.376713,1.13736,1.14873,-13.1802,-0.45706,-0.449739,-0.102004,0,0,-5.55112e-17,-0,0,-0.00501811,0,0,-0.484234,-0.680295,-0.698995,-0.376713,1.13736,1.14873,-13.1802,-0.45706,-0.449739,-0.102004,0,0,5.55112e-17,-0.0660256,-0.0656533,-0.347404,-0.349374,-0.00274201,0,0,0,True,True
1.125,-0,0,0.00482151,0,0,0.485038,-0.683849,-0.722311,-0.380925,1.1432,1.18754,-13.2824,-0.459348,-0.465227,-0.102388,0,0,6.16298e-34,-0,0,-0.00482151,0,0,-0.485038,-0.683849,-0.722311,-0.380925,1.1432,1.18754,-13.2824,-0.459348,-0.465227,-0.102388,0,0,6.16298e-34,-0.0663012,-0.0659243,-0.359222,-0.361275,-0.00270899,0,0,0,True,True
1.13,-0,0,0.00462168,0,0,0.485872,-0.687518,-0.745102,-0.385226,1.14923,1.22536,-13.3878,-0.461713,-0.48026,-0.102683,0,0,-5.55112e-17,-0,0,-0.00462168,0,0,-0.485872,-0.687518,-0.745102,-0.385226,1.14923,1.22536,-13.3878,-0.461713,-0.48026,-0.102683,0,0,5.55112e-17,-0.0665206,-0.0661393,-0.370672,-0.372809,-0.00267345,0,0,0,True,True
1.135,-0,0,0.00441904,0,0,0.486736,-0.6913,-0.76736,-0.389607,1.15545,1.26219,-13.4961,-0.464151,-0.494831,-0.102895,0,0,-1.80037e-33,-0,0,-0.00441904,0,0,-0.486736,-0.6913,-0.76736,-0.389607,1.15545,1.26219,-13.4961,-0.464151,-0.494831,-0.102895,0,0,-1.58926e-33,-0.0666873,-0.0663019,-0.38175,-0.38397,-0.00263547,0,0,0,True,True
1.14,-0,0,0.00421396,0,0,0.487629,-0.695192,-0.789079,-0.394062,1.16185,1.29802,-13.6072,-0.466661,-0.508936,-0.103032,0,0,-5.55112e-17,-0,0,-0.00421396,0,0,-0.487629,-0.695192,-0.789079,-0.394062,1.16185,1.29802,-13.6072,-0.466661,-0.508936,-0.103032,0,0,5.55112e-17,-0.0668066,-0.0664171,-0.392453,-0.394755,-0.00259512,0,0,0,True,True
1.145,-0,0,0.00400681,0,0,0.488552,-0.699191,-0.810254,-0.398583,1.16843,1.33283,-13.7212,-0.46924,-0.522571,-0.103103,0,0,-5.55112e-17,-0,0,-0.00400681,0,0,-0.488552,-0.699191,-0.810254,-0.398583,1.16843,1.33283,-13.7212,-0.46924,-0.522571,-0.103103,0,0,5.55112e-17,-0.0668842,-0.0664907,-0.402776,-0.40516,-0.00255249,0,0,0,True,True
1.15,-0,0,0.00379793,0,0,0.489503,-0.703294,-0.830882,-0.403165,1.17518,1.36661,-13.8379,-0.471887,-0.535733,-0.103117,0,0,0,-0,0,-0.00379793,0,0,-0.489503,-0.703294,-0.830882,-0.403165,1.17518,1.36661,-13.8379,-0.471887,-0.535733,-0.103117,0,0,0,-0.0669262,-0.0665288,-0.412718,-0.415184,-0.00250765,0,0,0,True,True
1.155,-0,0,0.00358764,0,0,0.490483,-0.7075,-0.85096,-0.407802,1.1821,1.39938,-13.9572,-0.474598,-0.548418,-0.103084,0,0,-5.55112e-17,-0,0,-0.00358764,0,0,-0.490483,-0.7075,-0.85096,-0.407802,1.1821,1.39938,-13.9572,-0.474598,-0.548418,-0.103084,0,0,5.55112e-17,-0.0669384,-0.0665372,-0.422278,-0.424824,-0.00246069,0,0,0,True,True
1.16,-0,0,0.00337628,0,0,0.49149,-0.711804,-0.870485,-0.412487,1.18917,1.43111,-14.0791,-0.477371,-0.560626,-0.103012,0,0,-6.16298e-34,-0,0,-0.00337628,0,0,-0.49149,-0.711804,-0.870485,-0.412487,1.18917,1.43111,-14.0791,-0.477371,-0.560626,-0.103012,0,0,-6.16298e-34,-0.0669263,-0.0665212,-0.431453,-0.43408,-0.00241168,0,0,0,True,True
1.165,-0,0,0.00316415,0,0,0.492525,-0.716204,-0.889456,-0.417214,1.19641,1.46181,-14.2033,-0.480204,-0.572356,-0.102908,0,0,-3.69779e-33,-0,0,-0.00316415,0,0,-0.492525,-0.716204,-0.889456,-0.417214,1.19641,1.46181,-14.2033,-0.480204,-0.572356,-0.102908,0,0,-3.69779e-33,-0.0668948,-0.0664859,-0.440243,-0.442951,-0.00236071,0,0,0,True,True
1.17,-0,0,0.00295155,0,0,0.493588,-0.720698,-0.907872,-0.421977,1.20379,1.49148,-14.3299,-0.483094,-0.583607,-0.102779,0,0,-5.55112e-17,-0,0,-0.00295155,0,0,-0.493588,-0.720698,-0.907872,-0.421977,1.20379,1.49148,-14.3299,-0.483094,-0.583607,-0.102779,0,0,5.55112e-17,-0.0668482,-0.0664354,-0.448649,-0.451437,-0.00230785,0,0,0,True,True
1.175,-0,0,0.00273878,0,0,0.494677,-0.725283,-0.925734,-0.426772,1.21132,1.52011,-14.4588,-0.48604,-0.594381,-0.102632,0,0,4.00593e-33,-0,0,-0.00273878,0,0,-0.494677,-0.725283,-0.925734,-0.426772,1.21132,1.52011,-14.4588,-0.48604,-0.594381,-0.102632,0,0,4.00593e-33,-0.0667901,-0.0663735,-0.456672,-0.459538,-0.00225317,0,0,0,True,True
1.18,-0,0,0.00252612,0,0,0.495793,-0.729956,-0.943042,-0.43159,1.21899,1.54772,-14.5899,-0.489038,-0.604677,-0.10247,0,0,-5.55112e-17,-0,0,-0.00252612,0,0,-0.495793,-0.729956,-0.943042,-0.43159,1.21899,1.54772,-14.5899,-0.489038,-0.604677,-0.10247,0,0,5.55112e-17,-0.0667238,-0.0663033,-0.464312,-0.467257,-0.00219677,0,0,0,True,True
1.185,-0,0,0.00231384,0,0,0.496934,-0.734713,-0.959799,-0.436428,1.2268,1.5743,-14.723,-0.492087,-0.614499,-0.102298,0,0,1.2326e-33,-0,0,-0.00231384,0,0,-0.496934,-0.734713,-0.959799,-0.436428,1.2268,1.5743,-14.723,-0.492087,-0.614499,-0.102298,0,0,1.2326e-33,-0.0666518,-0.0662273,-0.471571,-0.474594,-0.0021387,0,0,0,True,True
1.19,-0,0,0.00210221,0,0,0.498101,-0.739554,-0.976005,-0.441278,1.23474,1.59985,-14.8581,-0.495183,-0.623847,-0.102119,0,0,-5.55112e-17,-0,0,-0.00210221,0,0,-0.498101,-0.739554,-0.976005,-0.441278,1.23474,1.59985,-14.8581,-0.495183,-0.623847,-0.102119,0,0,5.55112e-17,-0.0665761,-0.0661475,-0.478451,-0.481551,-0.00207906,0,0,0,True,True
1.195,-0,0,0.00189149,0,0,0.499293,-0.744474,-0.991663,-0.446136,1.2428,1.62439,-14.9952,-0.498325,-0.632725,-0.101936,0,0,-5.55112e-17,-0,0,-0.00189149,0,0,-0.499293,-0.744474,-0.991663,-0.446136,1.2428,1.62439,-14.9952,-0.498325,-0.632725,-0.101936,0,0,5.55112e-17,-0.0664984,-0.0660657,-0.484955,-0.488132,-0.00201791,0,0,0,True,True
1.2,-0,0,0.00168191,0,0,0.50051,-0.74947,-1.00678,-0.450995,1.25098,1.64791,-15.1341,-0.50151,-0.641136,-0.10175,0,0,-1.95903e-34,-0,0,-0.00168191,0,0,-0.50051,-0.74947,-1.00678,-0.450995,1.25098,1.64791,-15.1341,-0.50151,-0.641136,-0.10175,0,0,1.95903e-34,-0.06642,-0.065983,-0.491086,-0.494339,-0.00195533,0,0,0,True,True
1.205,-0,0,0.00147372,0,0,0.501751,-0.754541,-1.02135,-0.455852,1.25928,1.67043,-15.2747,-0.504737,-0.649084,-0.101564,0,0,-5.62372e-33,-0,0,-0.00147372,0,0,-0.501751,-0.754541,-1.02135,-0.455852,1.25928,1.67043,-15.2747,-0.504737,-0.649084,-0.101564,0,0,-5.62372e-33,-0.0663418,-0.0659004,-0.496847,-0.500175,-0.00189139,0,0,0,True,True
1.21,-0,0,0.00126713,0,0,0.503015,-0.759684,-1.03539,-0.460699,1.26769,1.69196,-15.4171,-0.508001,-0.656572,-0.101377,0,0,-5.55112e-17,-0,0,-0.00126713,0,0,-0.503015,-0.759684,-1.03539,-0.460699,1.26769,1.69196,-15.4171,-0.508001,-0.656572,-0.101377,0,0,5.55112e-17,-0.0662645,-0.0658186,-0.502241,-0.505643,-0.00182617,0,0,0,True,True
1.215,-0,0,0.00106235,0,0,0.504303,-0.764895,-1.04889,-0.465532,1.2762,1.71249,-15.561,-0.511302,-0.663605,-0.101191,0,0,-5.55112e-17,-0,0,-0.00106235,0,0,-0.504303,-0.764895,-1.04889,-0.465532,1.2762,1.71249,-15.561,-0.511302,-0.663605,-0.101191,0,0,5.55112e-17,-0.0661884,-0.065738,-0.507273,-0.510748,-0.00175972,0,0,0,True,True
1.22,-0,0,0.000859592,0,0,0.505613,-0.770173,-1.06186,-0.470347,1.28481,1.73205,-15.7064,-0.514637,-0.670187,-0.101007,0,0,-1.12187e-34,-0,0,-0.000859592,0,0,-0.505613,-0.770173,-1.06186,-0.470347,1.28481,1.73205,-15.7064,-0.514637,-0.670187,-0.101007,0,0,1.12187e-34,-0.0661138,-0.0656588,-0.511946,-0.515494,-0.00169213,0,0,0,True,True
1.225,-0,0,0.000659028,0,0,0.506946,-0.775514,-1.07431,-0.475137,1.29352,1.75064,-15.8533,-0.518004,-0.676323,-0.100823,0,0,-5.55112e-17,-0,0,-0.000659028,0,0,-0.506946,-0.775514,-1.07431,-0.475137,1.29352,1.75064,-15.8533,-0.518004,-0.676323,-0.100823,0,0,5.55112e-17,-0.0660409,-0.065581,-0.516265,-0.519885,-0.00162346,0,0,0,True,True
1.23,-0,0,0.00046084,0,0,0.5083,-0.780916,-1.08625,-0.4799,1.30232,1.76826,-16.0016,-0.521401,-0.682019,-0.100641,0,0,-5.55112e-17,-0,0,-0.00046084,0,0,-0.5083,-0.780916,-1.08625,-0.4799,1.30232,1.76826,-16.0016,-0.521401,-0.682019,-0.100641,0,0,5.55112e-17,-0.0659695,-0.0655048,-0.520235,-0.523926,-0.00155378,0,0,0,True,True
1.235,-0,0,0.000265193,0,0,0.509675,-0.786376,-1.09766,-0.48463,1.3112,1.78494,-16.1511,-0.524824,-0.68728,-0.10046,0,0,-5.55112e-17,-0,0,-0.000265193,0,0,-0.509675,-0.786376,-1.09766,-0.48463,1.3112,1.78494,-16.1511,-0.524824,-0.68728,-0.10046,0,0,5.55112e-17,-0.0658995,-0.0654298,-0.52386,-0.527621,-0.00148315,0,0,0,True,True
1.24,-0,0,7.22422e-05,0,0,0.511071,-0.791892,-1.10857,-0.489323,1.32017,1.80068,-16.3019,-0.528273,-0.692111,-0.10028,0,0,0,-0,0,-7.22422e-05,0,0,-0.511071,-0.791892,-1.10857,-0.489323,1.32017,1.80068,-16.3019,-0.528273,-0.692111,-0.10028,0,0,0,-0.0658307,-0.0653559,-0.527146,-0.530975,-0.00141163,0,0,0,True,True
1.245,-0,0,-0.000117869,0,0,0.512487,-0.797462,-1.11898,-0.493974,1.32921,1.8155,-16.4538,-0.531745,-0.696518,-0.1001,0,0,-5.55112e-17,-0,0,0.000117869,0,0,-0.512487,-0.797462,-1.11898,-0.493974,1.32921,1.8155,-16.4538,-0.531745,-0.696518,-0.1001,0,0,5.55112e-17,-0.0657628,-0.0652828,-0.530097,-0.533994,-0.00133929,0,0,0,True,True
1.25,-0,0,-0.000305007,0,0,0.513922,-0.803082,-1.12889,-0.498581,1.33832,1.8294,-16.6068,-0.535239,-0.700508,-0.0999196,0,0,-3.08149e-34,-0,0,0.000305007,0,0,-0.513922,-0.803082,-1.12889,-0.498581,1.33832,1.8294,-16.6068,-0.535239,-0.700508,-0.0999196,0,0,-3.08149e-34,-0.0656955,-0.0652103,-0.532718,-0.536683,-0.00126618,0,0,0,True,True
1.255,-0,0,-0.000489046,0,0,0.515376,-0.808751,-1.13831,-0.503139,1.3475,1.84239,-16.7608,-0.538751,-0.704085,-0.0997388,0,0,-5.55112e-17,-0,0,0.000489046,0,0,-0.515376,-0.808751,-1.13831,-0.503139,1.3475,1.84239,-16.7608,-0.538751,-0.704085,-0.0997388,0,0,5.55112e-17,-0.0656285,-0.0651379,-0.535017,-0.539046,-0.00119238,0,0,0,True,True
1.26,-0,0,-0.000669871,0,0,0.516849,-0.814465,-1.14724,-0.507644,1.35674,1.8545,-16.9157,-0.542279,-0.707258,-0.0995571,0,0,-1.15556e-34,-0,0,0.000669871,0,0,-0.516849,-0.814465,-1.14724,-0.507644,1.35674,1.8545,-16.9157,-0.542279,-0.707258,-0.0995571,0,0,-1.15556e-34,-0.0655614,-0.0650653,-0.536997,-0.541091,-0.00111793,0,0,0,True,True
1.265,-0,0,-0.000847375,0,0,0.518339,-0.820223,-1.15569,-0.512094,1.36605,1.86572,-17.0716,-0.545823,-0.710031,-0.0993737,0,0,-5.55112e-17,-0,0,0.000847375,0,0,-0.518339,-0.820223,-1.15569,-0.512094,1.36605,1.86572,-17.0716,-0.545823,-0.710031,-0.0993737,0,0,5.55112e-17,-0.0654939,-0.0649923,-0.538664,-0.542821,-0.00104289,0,0,0,True,True
1.27,-0,0,-0.00102146,0,0,0.519847,-0.826022,-1.16367,-0.516484,1.3754,1.87608,-17.2282,-0.54938,-0.712411,-0.0991884,0,0,-5.12779e-34,-0,0,0.00102146,0,0,-0.519847,-0.826022,-1.16367,-0.516484,1.3754,1.87608,-17.2282,-0.54938,-0.712411,-0.0991884,0,0,-5.12779e-34,-0.0654257,-0.0649185,-0.540025,-0.544243,-0.000967324,0,0,0,True,True
1.275,-0,0,-0.00119203,0,0,0.521372,-0.83186,-1.17117,-0.520812,1.38481,1.88558,-17.3856,-0.552947,-0.714405,-0.0990006,0,0,-5.55112e-17,-0,0,0.00119203,0,0,-0.521372,-0.83186,-1.17117,-0.520812,1.38481,1.88558,-17.3856,-0.552947,-0.714405,-0.0990006,0,0,5.55112e-17,-0.0653563,-0.0648435,-0.541084,-0.545363,-0.000891275,0,0,0,True,True
1.28,-0,0,-0.00135902,0,0,0.522912,-0.837734,-1.17822,-0.525075,1.39426,1.89424,-17.5436,-0.556524,-0.71602,-0.0988099,0,0,-5.55112e-17,-0,0,0.00135902,0,0,-0.522912,-0.837734,-1.17822,-0.525075,1.39426,1.89424,-17.5436,-0.556524,-0.71602,-0.0988099,0,0,5.55112e-17,-0.0652857,-0.0647671,-0.541848,-0.546187,-0.000814798,0,0,0,True,True
1.285,-0,0,-0.00152233,0,0,0.524468,-0.843642,-1.18481,-0.529269,1.40375,1.90207,-17.7023,-0.560107,-0.717261,-0.0986161,0,0,-5.55112e-17,-0,0,0.00152233,0,0,-0.524468,-0.843642,-1.18481,-0.529269,1.40375,1.90207,-17.7023,-0.560107,-0.717261,-0.0986161,0,0,5.55112e-17,-0.0652134,-0.064689,-0.542323,-0.546719,-0.000737946,0,0,0,True,True
1.29,-0,0,-0.00168191,0,0,0.526039,-0.849582,-1.19094,-0.533392,1.41328,1.90908,-17.8615,-0.563696,-0.718136,-0.0984186,0,0,-6.3932e-34,-0,0,0.00168191,0,0,-0.526039,-0.849582,-1.19094,-0.533392,1.41328,1.90908,-17.8615,-0.563696,-0.718136,-0.0984186,0,0,-3.23645e-34,-0.0651392,-0.064609,-0.542515,-0.546967,-0.000660766,0,0,0,True,True
1.295,-0,0,-0.00183769,0,0,0.527625,-0.855552,-1.19663,-0.537442,1.42284,1.91529,-18.0211,-0.567289,-0.718651,-0.0982174,0,0,-5.55112e-17,-0,0,0.00183769,0,0,-0.527625,-0.855552,-1.19663,-0.537442,1.42284,1.91529,-18.0211,-0.567289,-0.718651,-0.0982174,0,0,5.55112e-17,-0.065063,-0.0645269,-0.542429,-0.546935,-0.000583307,0,0,0,True,True
1.3,-0,0,-0.0019896,0,0,0.529223,-0.861548,-1.20188,-0.541415,1.43243,1.9207,-18.1813,-0.570883,-0.718813,-0.0980122,0,0,-4.84149e-35,-0,0,0.0019896,0,0,-0.529223,-0.861548,-1.20188,-0.541415,1.43243,1.9207,-18.1813,-0.570883,-0.718813,-0.0980122,0,0,-3.7529e-34,-0.0649845,-0.0644424,-0.542071,-0.546631,-0.000505616,0,0,0,True,True
1.305,-0,0,-0.00213761,0,0,0.530835,-0.86757,-1.2067,-0.545309,1.44205,1.92533,-18.3417,-0.574477,-0.718629,-0.0978027,0,0,-2.31112e-34,-0,0,0.00213761,0,0,-0.530835,-0.86757,-1.2067,-0.545309,1.44205,1.92533,-18.3417,-0.574477,-0.718629,-0.0978027,0,0,-2.31112e-34,-0.0649036,-0.0643556,-0.541448,-0.546059,-0.000427738,0,0,0,True,True
1.31,-0,0,-0.00228167,0,0,0.53246,-0.873615,-1.21108,-0.549123,1.45168,1.92918,-18.5025,-0.578069,-0.718105,-0.0975891,0,0,2.96112e-34,-0,0,0.00228167,0,0,-0.53246,-0.873615,-1.21108,-0.549123,1.45168,1.92918,-18.5025,-0.578069,-0.718105,-0.0975891,0,0,2.96112e-34,-0.0648203,-0.0642662,-0.540565,-0.545226,-0.000349716,0,0,0,True,True
1.315,-0,0,-0.00242173,0,0,0.534096,-0.879681,-1.21504,-0.552853,1.46134,1.93229,-18.6635,-0.581658,-0.717249,-0.0973711,0,0,1.34815e-34,-0,0,0.00242173,0,0,-0.534096,-0.879681,-1.21504,-0.552853,1.46134,1.93229,-18.6635,-0.581658,-0.717249,-0.0973711,0,0,1.34815e-34,-0.0647345,-0.0641743,-0.539429,-0.544137,-0.000271594,0,0,0,True,True
1.32,-0,0,-0.00255775,0,0,0.535743,-0.885766,-1.21857,-0.556498,1.47101,1.93464,-18.8247,-0.585242,-0.716066,-0.0971489,0,0,-5.55112e-17,-0,0,0.00255775,0,0,-0.535743,-0.885766,-1.21857,-0.556498,1.47101,1.93464,-18.8247,-0.585242,-0.716066,-0.0971489,0,0,5.55112e-17,-0.0646461,-0.0640799,-0.538045,-0.5428,-0.000193412,0,0,0,True,True
1.325,-0,0,-0.00268971,0,0,0.537401,-0.891867,-1.2217,-0.560055,1.48069,1.93626,-18.986,-0.588819,-0.714564,-0.0969226,0,0,-2.40741e-36,-0,0,0.00268971,0,0,-0.537401,-0.891867,-1.2217,-0.560055,1.48069,1.93626,-18.986,-0.588819,-0.714564,-0.0969226,0,0,-2.40741e-36,-0.0645552,-0.0639829,-0.53642,-0.541218,-0.00011521,0,0,0,True,True
1.33,-0,0,-0.00281757,0,0,0.539069,-0.897983,-1.22441,-0.563523,1.49037,1.93716,-19.1473,-0.592387,-0.71275,-0.0966922,0,0,-5.55112e-17,-0,0,0.00281757,0,0,-0.539069,-0.897983,-1.22441,-0.563523,1.49037,1.93716,-19.1473,-0.592387,-0.71275,-0.0966922,0,0,5.55112e-17,-0.0644619,-0.0638834,-0.534559,-0.5394,-3.70282e-05,0,0,0,True,True
1.335,-0,0,-0.00294131,0,0,0.540746,-0.904111,-1.22671,-0.5669,1.50006,1.93734,-19.3087,-0.595946,-0.710629,-0.096458,0,0,-5.55112e-17,-0,0,0.00294131,0,0,-0.540746,-0.904111,-1.22671,-0.5669,1.50006,1.93734,-19.3087,-0.595946,-0.710629,-0.096458,0,0,5.55112e-17,-0.0643663,-0.0637815,-0.532468,-0.537349,4.10969e-05,0,0,0,True,True
1.34,-0,0,-0.00306091,0,0,0.542432,-0.91025,-1.22861,-0.570184,1.50974,1.93682,-19.47,-0.599494,-0.70821,-0.0962203,0,0,-1.5359e-34,-0,0,0.00306091,0,0,-0.542432,-0.91025,-1.22861,-0.570184,1.50974,1.93682,-19.47,-0.599494,-0.70821,-0.0962203,0,0,2.11368e-34,-0.0642684,-0.0636775,-0.530153,-0.535073,0.000119129,0,0,0,True,True
1.345,-0,0,-0.00317635,0,0,0.544126,-0.916397,-1.23012,-0.573373,1.51943,1.93562,-19.6312,-0.603028,-0.705498,-0.0959794,0,0,-5.55112e-17,-0,0,0.00317635,0,0,-0.544126,-0.916397,-1.23012,-0.573373,1.51943,1.93562,-19.6312,-0.603028,-0.705498,-0.0959794,0,0,5.55112e-17,-0.0641685,-0.0635714,-0.527621,-0.532577,0.000197032,0,0,0,True,True
1.35,-0,0,-0.00328762,0,0,0.545827,-0.922551,-1.23123,-0.576465,1.5291,1.93373,-19.7922,-0.606549,-0.702501,-0.0957355,0,0,3.85186e-35,-0,0,0.00328762,0,0,-0.545827,-0.922551,-1.23123,-0.576465,1.5291,1.93373,-19.7922,-0.606549,-0.702501,-0.0957355,0,0,3.85186e-35,-0.0640668,-0.0634634,-0.524876,-0.529867,0.000274774,0,0,0,True,True
1.355,-0,0,-0.00339469,0,0,0.547534,-0.928709,-1.23195,-0.57946,1.53876,1.93118,-19.953,-0.610053,-0.699224,-0.0954892,0,0,0,-0,0,0.00339469,0,0,-0.547534,-0.928709,-1.23195,-0.57946,1.53876,1.93118,-19.953,-0.610053,-0.699224,-0.0954892,0,0,0,-0.0639634,-0.0633538,-0.521926,-0.526948,0.000352319,0,0,0,True,True
1.36,-0,0,-0.00349757,0,0,0.549248,-0.934871,-1.23229,-0.582356,1.54841,1.92796,-20.1135,-0.613541,-0.695675,-0.0952409,0,0,3.85186e-35,-0,0,0.00349757,0,0,-0.549248,-0.934871,-1.23229,-0.582356,1.54841,1.92796,-20.1135,-0.613541,-0.695675,-0.0952409,0,0,3.85186e-35,-0.0638588,-0.0632429,-0.518775,-0.523827,0.000429638,0,0,0,True,True
1.365,-0,0,-0.00359624,0,0,0.550967,-0.941032,-1.23224,-0.58515,1.55804,1.9241,-20.2737,-0.61701,-0.691861,-0.094991,0,0,-5.55112e-17,-0,0,0.00359624,0,0,-0.550967,-0.941032,-1.23224,-0.58515,1.55804,1.9241,-20.2737,-0.61701,-0.691861,-0.094991,0,0,5.55112e-17,-0.0637531,-0.063131,-0.51543,-0.52051,0.000506699,0,0,0,True,True
1.37,-0,0,-0.0036907,0,0,0.552691,-0.947193,-1.23182,-0.587843,1.56765,1.9196,-20.4335,-0.620459,-0.687787,-0.0947402,0,0,-5.55112e-17,-0,0,0.0036907,0,0,-0.552691,-0.947193,-1.23182,-0.587843,1.56765,1.9196,-20.4335,-0.620459,-0.687787,-0.0947402,0,0,5.55112e-17,-0.0636468,-0.0630183,-0.511896,-0.517001,0.000583472,0,0,0,True,True
1.375,-0,0,-0.00378094,0,0,0.554418,-0.95335,-1.23102,-0.590431,1.57724,1.91448,-20.5928,-0.623888,-0.683461,-0.0944889,0,0,7.71658e-34,-0,0,0.00378094,0,0,-0.554418,-0.95335,-1.23102,-0.590431,1.57724,1.91448,-20.5928,-0.623888,-0.683461,-0.0944889,0,0,3.839e-34,-0.0635401,-0.0629053,-0.508179,-0.513308,0.000659928,0,0,0,True,True
1.38,-0,0,-0.00386697,0,0,0.556149,-0.959503,-1.22984,-0.592916,1.5868,1.90873,-20.7516,-0.627294,-0.67889,-0.0942377,0,0,-5.55112e-17,-0,0,0.00386697,0,0,-0.556149,-0.959503,-1.22984,-0.592916,1.5868,1.90873,-20.7516,-0.627294,-0.67889,-0.0942377,0,0,5.55112e-17,-0.0634333,-0.0627922,-0.504285,-0.509434,0.000736041,0,0,0,True,True
1.385,-0,0,-0.00394879,0,0,0.557883,-0.965649,-1.2283,-0.595294,1.59633,1.90238,-20.9099,-0.630677,-0.674079,-0.0939874,0,0,-7.84408e-34,-0,0,0.00394879,0,0,-0.557883,-0.965649,-1.2283,-0.595294,1.59633,1.90238,-20.9099,-0.630677,-0.674079,-0.0939874,0,0,7.84408e-34,-0.063327,-0.0626795,-0.50022,-0.505387,0.000811782,0,0,0,True,True
1.39,-0,0,-0.00402639,0,0,0.559619,-0.971786,-1.22639,-0.597565,1.60582,1.89543,-21.0676,-0.634035,-0.669035,-0.0937384,0,0,0,-0,0,0.00402639,0,0,-0.559619,-0.971786,-1.22639,-0.597565,1.60582,1.89543,-21.0676,-0.634035,-0.669035,-0.0937384,0,0,0,-0.0632215,-0.0625677,-0.495988,-0.501172,0.000887127,0,0,0,True,True
1.395,-0,0,-0.00409979,0,0,0.561356,-0.977913,-1.22412,-0.599728,1.61528,1.88789,-21.2246,-0.637367,-0.663765,-0.0934915,0,0,-5.55112e-17,-0,0,0.00409979,0,0,-0.561356,-0.977913,-1.22412,-0.599728,1.61528,1.88789,-21.2246,-0.637367,-0.663765,-0.0934915,0,0,5.55112e-17,-0.0631172,-0.062457,-0.491597,-0.496793,0.00096205,0,0,0,True,True
1.4,-0,0,-0.00416899,0,0,0.563093,-0.984027,-1.22149,-0.601783,1.6247,1.87976,-21.3808,-0.640672,-0.658276,-0.0932474,0,0,-5.55112e-17,-0,0,0.00416899,0,0,-0.563093,-0.984027,-1.22149,-0.601783,1.6247,1.87976,-21.3808,-0.640672,-0.658276,-0.0932474,0,0,5.55112e-17,-0.0630146,-0.0623479,-0.48705,-0.492258,0.00103653,0,0,0,True,True
1.405,-0,0,-0.004234,0,0,0.564831,-0.990128,-1.21849,-0.603727,1.63408,1.87107,-21.5363,-0.64395,-0.652574,-0.0930067,0,0,-5.55112e-17,-0,0,0.004234,0,0,-0.564831,-0.990128,-1.21849,-0.603727,1.63408,1.87107,-21.5363,-0.64395,-0.652574,-0.0930067,0,0,5.55112e-17,-0.062914,-0.062241,-0.482355,-0.487571,0.00111053,0,0,0,True,True
1.41,-0,0,-0.00429482,0,0,0.566568,-0.996212,-1.21515,-0.60556,1.64341,1.86181,-21.691,-0.647198,-0.646666,-0.0927701,0,0,-5.55112e-17,-0,0,0.00429482,0,0,-0.566568,-0.996212,-1.21515,-0.60556,1.64341,1.86181,-21.691,-0.647198,-0.646666,-0.0927701,0,0,5.55112e-17,-0.062816,-0.0621365,-0.477516,-0.482738,0.00118405,0,0,0,True,True
1.415,-0,0,-0.00435148,0,0,0.568304,-1.00228,-1.21144,-0.607282,1.6527,1.852,-21.8448,-0.650416,-0.640557,-0.0925384,0,0,-5.55112e-17,-0,0,0.00435148,0,0,-0.568304,-1.00228,-1.21144,-0.607282,1.6527,1.852,-21.8448,-0.650416,-0.640557,-0.0925384,0,0,5.55112e-17,-0.062721,-0.062035,-0.472539,-0.477764,0.00125705,0,0,0,True,True
1.42,-0,0,-0.00440397,0,0,0.570038,-1.00833,-1.20738,-0.608892,1.66193,1.84164,-21.9977,-0.653604,-0.634255,-0.0923123,0,0,1.54074e-34,-0,0,0.00440397,0,0,-0.570038,-1.00833,-1.20738,-0.608892,1.66193,1.84164,-21.9977,-0.653604,-0.634255,-0.0923123,0,0,1.54074e-34,-0.0626294,-0.061937,-0.467429,-0.472655,0.00132952,0,0,0,True,True
1.425,-0,0,-0.00445233,0,0,0.571769,-1.01435,-1.20298,-0.610388,1.67111,1.83074,-22.1497,-0.656759,-0.627767,-0.0920925,0,0,5.00742e-34,-0,0,0.00445233,0,0,-0.571769,-1.01435,-1.20298,-0.610388,1.67111,1.83074,-22.1497,-0.656759,-0.627767,-0.0920925,0,0,5.00742e-34,-0.0625418,-0.0618428,-0.462191,-0.467415,0.00140144,0,0,0,True,True
1.43,-0,0,-0.00449657,0,0,0.573496,-1.02036,-1.19822,-0.611771,1.68024,1.81932,-22.3006,-0.659881,-0.621098,-0.0918796,0,0,-1.92593e-35,-0,0,0.00449657,0,0,-0.573496,-1.02036,-1.19822,-0.611771,1.68024,1.81932,-22.3006,-0.659881,-0.621098,-0.0918796,0,0,-1.92593e-35,-0.0624586,-0.061753,-0.456832,-0.462052,0.00147278,0,0,0,True,True
1.435,-0,0,-0.00453669,0,0,0.57522,-1.02634,-1.19312,-0.613039,1.68931,1.80737,-22.4504,-0.66297,-0.614255,-0.0916744,0,0,-5.55112e-17,-0,0,0.00453669,0,0,-0.57522,-1.02634,-1.19312,-0.613039,1.68931,1.80737,-22.4504,-0.66297,-0.614255,-0.0916744,0,0,5.55112e-17,-0.0623802,-0.0616681,-0.451356,-0.456569,0.00154353,0,0,0,True,True
1.44,-0,0,-0.00457274,0,0,0.576939,-1.03229,-1.18767,-0.614194,1.69831,1.79491,-22.5991,-0.666024,-0.607244,-0.0914776,0,0,-5.55112e-17,-0,0,0.00457274,0,0,-0.576939,-1.03229,-1.18767,-0.614194,1.69831,1.79491,-22.5991,-0.666024,-0.607244,-0.0914776,0,0,5.55112e-17,-0.0623072,-0.0615884,-0.445769,-0.450972,0.00161366,0,0,0,True,True
1.445,-0,0,-0.00460472,0,0,0.578653,-1.03821,-1.18188,-0.615233,1.70725,1.78195,-22.7467,-0.669042,-0.600073,-0.0912898,0,0,-5.55112e-17,-0,0,0.00460472,0,0,-0.578653,-1.03821,-1.18188,-0.615233,1.70725,1.78195,-22.7467,-0.669042,-0.600073,-0.0912898,0,0,5.55112e-17,-0.0622399,-0.0615144,-0.440076,-0.445266,0.00168317,0,0,0,True,True
1.45,-0,0,-0.00463266,0,0,0.58036,-1.04411,-1.17574,-0.616157,1.71613,1.76849,-22.8931,-0.672025,-0.592747,-0.0911118,0,0,-5.55112e-17,-0,0,0.00463266,0,0,-0.58036,-1.04411,-1.17574,-0.616157,1.71613,1.76849,-22.8931,-0.672025,-0.592747,-0.0911118,0,0,5.55112e-17,-0.0621788,-0.0614466,-0.434282,-0.439457,0.00175204,0,0,0,True,True
1.455,-0,0,-0.00465659,0,0,0.582061,-1.04997,-1.16926,-0.616966,1.72494,1.75453,-23.0382,-0.67497,-0.585273,-0.0909441,0,0,-5.55112e-17,-0,0,0.00465659,0,0,-0.582061,-1.04997,-1.16926,-0.616966,1.72494,1.75453,-23.0382,-0.67497,-0.585273,-0.0909441,0,0,5.55112e-17,-0.0621243,-0.0613853,-0.428392,-0.433549,0.00182024,0,0,0,True,True
1.46,-0,0,-0.00467654,0,0,0.583755,-1.0558,-1.16244,-0.617659,1.73368,1.7401,-23.1819,-0.677877,-0.577657,-0.0907875,0,0,0,-0,0,0.00467654,0,0,-0.583755,-1.0558,-1.16244,-0.617659,1.73368,1.7401,-23.1819,-0.677877,-0.577657,-0.0907875,0,0,0,-0.0620769,-0.0613311,-0.422412,-0.427548,0.00188777,0,0,0,True,True
1.465,-0,0,-0.00469254,0,0,0.585441,-1.06159,-1.15528,-0.618237,1.74234,1.72519,-23.3244,-0.680747,-0.569906,-0.0906424,0,0,9.24446e-34,-0,0,0.00469254,0,0,-0.585441,-1.06159,-1.15528,-0.618237,1.74234,1.72519,-23.3244,-0.680747,-0.569906,-0.0906424,0,0,9.24446e-34,-0.062037,-0.0612843,-0.416346,-0.421459,0.0019546,0,0,0,True,True
1.47,-0,0,-0.00470462,0,0,0.587118,-1.06735,-1.14778,-0.618699,1.75093,1.70981,-23.4655,-0.683576,-0.562026,-0.0905095,0,0,0,-0,0,0.00470462,0,0,-0.587118,-1.06735,-1.14778,-0.618699,1.75093,1.70981,-23.4655,-0.683576,-0.562026,-0.0905095,0,0,0,-0.0620049,-0.0612452,-0.410199,-0.415287,0.00202073,0,0,0,True,True
1.475,-0,0,-0.00471282,0,0,0.588786,-1.07307,-1.13995,-0.619047,1.75944,1.69397,-23.6051,-0.686367,-0.554023,-0.0903894,0,0,-5.55112e-17,-0,0,0.00471282,0,0,-0.588786,-1.07307,-1.13995,-0.619047,1.75944,1.69397,-23.6051,-0.686367,-0.554023,-0.0903894,0,0,5.55112e-17,-0.061981,-0.0612144,-0.403977,-0.409036,0.00208613,0,0,0,True,True
1.48,-0,0,-0.00471718,0,0,0.590444,-1.07875,-1.13177,-0.619279,1.76787,1.67768,-23.7433,-0.689117,-0.545904,-0.0902826,0,0,4.23705e-34,-0,0,0.00471718,0,0,-0.590444,-1.07875,-1.13177,-0.619279,1.76787,1.67768,-23.7433,-0.689117,-0.545904,-0.0902826,0,0,4.23705e-34,-0.0619658,-0.0611921,-0.397684,-0.402713,0.0021508,0,0,0,True,True
1.485,-0,0,-0.00471774,0,0,0.592091,-1.08439,-1.12326,-0.619397,1.77622,1.66094,-23.8799,-0.691826,-0.537676,-0.0901898,0,0,-5.55112e-17,-0,0,0.00471774,0,0,-0.592091,-1.08439,-1.12326,-0.619397,1.77622,1.66094,-23.8799,-0.691826,-0.537676,-0.0901898,0,0,5.55112e-17,-0.0619597,-0.0611788,-0.391326,-0.396321,0.00221473,0,0,0,True,True
1.49,-0,0,-0.00471455,0,0,0.593727,-1.08998,-1.11442,-0.619402,1.78448,1.64376,-24.015,-0.694493,-0.529343,-0.0901117,0,0,-5.55112e-17,-0,0,0.00471455,0,0,-0.593727,-1.08998,-1.11442,-0.619402,1.78448,1.64376,-24.015,-0.694493,-0.529343,-0.0901117,0,0,5.55112e-17,-0.0619632,-0.061175,-0.384906,-0.389865,0.00227789,0,0,0,True,True
1.495,-0,0,-0.00470765,0,0,0.595352,-1.09553,-1.10524,-0.619294,1.79265,1.62615,-24.1485,-0.697119,-0.520914,-0.0900487,0,0,0,-0,0,0.00470765,0,0,-0.595352,-1.09553,-1.10524,-0.619294,1.79265,1.62615,-24.1485,-0.697119,-0.520914,-0.0900487,0,0,0,-0.0619765,-0.061181,-0.37843,-0.383351,0.00234028,0,0,0,True,True
1.5,-0,0,-0.0046971,0,0,0.596963,-1.10104,-1.09572,-0.619073,1.80074,1.60811,-24.2804,-0.699703,-0.512393,-0.0900012,0,0,-5.55112e-17,-0,0,0.0046971,0,0,-0.596963,-1.10104,-1.09572,-0.619073,1.80074,1.60811,-24.2804,-0.699703,-0.512393,-0.0900012,0,0,5.55112e-17,-0.0619999,-0.061197,-0.371903,-0.376782,0.00240188,0,0,0,True,True
1.505,-0,0,-0.00468295,0,0,0.598562,-1.10649,-1.08587,-0.618741,1.80873,1.58966,-24.4106,-0.702243,-0.503787,-0.0899693,0,0,-5.55112e-17,-0,0,0.00468295,0,0,-0.598562,-1.10649,-1.08587,-0.618741,1.80873,1.58966,-24.4106,-0.702243,-0.503787,-0.0899693,0,0,5.55112e-17,-0.0620336,-0.0612233,-0.365329,-0.370165,0.00246269,0,0,0,True,True
1.51,-0,0,-0.00466526,0,0,0.600148,-1.11189,-1.07569,-0.618299,1.81664,1.57079,-24.5391,-0.70474,-0.495102,-0.0899536,0,0,7.22224e-36,-0,0,0.00466526,0,0,-0.600148,-1.11189,-1.07569,-0.618299,1.81664,1.57079,-24.5391,-0.70474,-0.495102,-0.0899536,0,0,7.22224e-36,-0.0620778,-0.0612599,-0.358713,-0.363502,0.00252269,0,0,0,True,True
1.515,-0,0,-0.00464408,0,0,0.601719,-1.11725,-1.06518,-0.617748,1.82444,1.55152,-24.6659,-0.707194,-0.486345,-0.0899541,0,0,-5.55112e-17,-0,0,0.00464408,0,0,-0.601719,-1.11725,-1.06518,-0.617748,1.82444,1.55152,-24.6659,-0.707194,-0.486345,-0.0899541,0,0,5.55112e-17,-0.0621327,-0.0613071,-0.352058,-0.3568,0.00258187,0,0,0,True,True
1.52,-0,0,-0.00461949,0,0,0.603275,-1.12255,-1.05433,-0.61709,1.83215,1.53185,-24.7909,-0.709604,-0.47752,-0.0899711,0,0,-5.55112e-17,-0,0,0.00461949,0,0,-0.603275,-1.12255,-1.05433,-0.61709,1.83215,1.53185,-24.7909,-0.709604,-0.47752,-0.0899711,0,0,5.55112e-17,-0.0621985,-0.0613651,-0.345371,-0.350061,0.00264022,0,0,0,True,True
1.525,-0,0,-0.00459155,0,0,0.604815,-1.12779,-1.04315,-0.616325,1.83976,1.51179,-24.9141,-0.711969,-0.468635,-0.0900049,0,0,-5.55112e-17,-0,0,0.00459155,0,0,-0.604815,-1.12779,-1.04315,-0.616325,1.83976,1.51179,-24.9141,-0.711969,-0.468635,-0.0900049,0,0,5.55112e-17,-0.0622752,-0.0614339,-0.338654,-0.343291,0.00269773,0,0,0,True,True
1.53,-0,0,-0.00456034,0,0,0.60634,-1.13298,-1.03165,-0.615457,1.84727,1.49134,-25.0355,-0.71429,-0.459694,-0.0900556,0,0,-5.55112e-17,-0,0,0.00456034,0,0,-0.60634,-1.13298,-1.03165,-0.615457,1.84727,1.49134,-25.0355,-0.71429,-0.459694,-0.0900556,0,0,5.55112e-17,-0.062363,-0.0615138,-0.331912,-0.336494,0.00275439,0,0,0,True,True
1.535,-0,0,-0.00452594,0,0,0.607847,-1.13811,-1.01981,-0.614486,1.85467,1.47052,-25.1549,-0.716566,-0.450705,-0.0901233,0,0,-5.55112e-17,-0,0,0.00452594,0,0,-0.607847,-1.13811,-1.01981,-0.614486,1.85467,1.47052,-25.1549,-0.716566,-0.450705,-0.0901233,0,0,5.55112e-17,-0.062462,-0.0616047,-0.32515,-0.329674,0.00281018,0,0,0,True,True
1.54,-0,0,-0.00448842,0,0,0.609338,-1.14318,-1.00765,-0.613415,1.86197,1.44932,-25.2725,-0.718797,-0.441672,-0.090208,0,0,-5.55112e-17,-0,0,0.00448842,0,0,-0.609338,-1.14318,-1.00765,-0.613415,1.86197,1.44932,-25.2725,-0.718797,-0.441672,-0.090208,0,0,5.55112e-17,-0.0625723,-0.0617068,-0.318371,-0.322836,0.00286511,0,0,0,True,True
1.545,-0,0,-0.00444788,0,0,0.610811,-1.14818,-0.995155,-0.612246,1.86917,1.42776,-25.3882,-0.720983,-0.432601,-0.0903098,0,0,-5.55112e-17,-0,0,0.00444788,0,0,-0.610811,-1.14818,-0.995155,-0.612246,1.86917,1.42776,-25.3882,-0.720983,-0.432601,-0.0903098,0,0,5.55112e-17,-0.0626938,-0.0618201,-0.311579,-0.315983,0.00291916,0,0,0,True,True
1.55,-0,0,-0.0044044,0,0,0.612265,-1.15313,-0.982336,-0.610982,1.87625,1.40583,-25.5019,-0.723123,-0.423498,-0.0904287,0,0,1.54074e-34,-0,0,0.0044044,0,0,-0.612265,-1.15313,-0.982336,-0.610982,1.87625,1.40583,-25.5019,-0.723123,-0.423498,-0.0904287,0,0,1.54074e-34,-0.0628265,-0.0619444,-0.304779,-0.309119,0.00297233,0,0,0,True,True
1.555,-0,0,-0.00435808,0,0,0.6137,-1.15801,-0.969191,-0.609624,1.88323,1.38356,-25.6136,-0.725218,-0.414368,-0.0905645,0,0,1.54074e-33,-0,0,0.00435808,0,0,-0.6137,-1.15801,-0.969191,-0.609624,1.88323,1.38356,-25.6136,-0.725218,-0.414368,-0.0905645,0,0,1.54074e-33,-0.0629704,-0.0620799,-0.297974,-0.302248,0.00302459,0,0,0,True,True
1.56,-0,0,-0.00430903,0,0,0.615116,-1.16282,-0.955722,-0.608177,1.89009,1.36094,-25.7233,-0.727267,-0.405217,-0.0907171,0,0,-5.55112e-17,-0,0,0.00430903,0,0,-0.615116,-1.16282,-0.955722,-0.608177,1.89009,1.36094,-25.7233,-0.727267,-0.405217,-0.0907171,0,0,5.55112e-17,-0.0631254,-0.0622263,-0.291167,-0.295374,0.00307595,0,0,0,True,True
1.565,-0,0,-0.00425735,0,0,0.616512,-1.16756,-0.94193,-0.606643,1.89683,1.33798,-25.831,-0.72927,-0.396049,-0.0908864,0,0,-5.55112e-17,-0,0,0.00425735,0,0,-0.616512,-1.16756,-0.94193,-0.606643,1.89683,1.33798,-25.831,-0.72927,-0.396049,-0.0908864,0,0,5.55112e-17,-0.0632913,-0.0623836,-0.284364,-0.288501,0.0031264,0,0,0,True,True
1.57,-0,0,-0.00420315,0,0,0.617887,-1.17224,-0.927817,-0.605024,1.90347,1.31469,-25.9367,-0.731228,-0.38687,-0.0910721,0,0,0,-0,0,0.00420315,0,0,-0.617887,-1.17224,-0.927817,-0.605024,1.90347,1.31469,-25.9367,-0.731228,-0.38687,-0.0910721,0,0,0,-0.0634681,-0.0625516,-0.277566,-0.281632,0.00317592,0,0,0,True,True
1.575,-0,0,-0.00414655,0,0,0.619241,-1.17684,-0.913383,-0.603326,1.90998,1.29107,-26.0402,-0.733139,-0.377685,-0.0912738,0,0,-5.55112e-17,-0,0,0.00414655,0,0,-0.619241,-1.17684,-0.913383,-0.603326,1.90998,1.29107,-26.0402,-0.733139,-0.377685,-0.0912738,0,0,5.55112e-17,-0.0636553,-0.0627301,-0.270777,-0.274771,0.00322452,0,0,0,True,True
1.58,-0,0,-0.00408767,0,0,0.620574,-1.18137,-0.898631,-0.601551,1.91638,1.26713,-26.1417,-0.735004,-0.368499,-0.0914913,0,0,-5.55112e-17,-0,0,0.00408767,0,0,-0.620574,-1.18137,-0.898631,-0.601551,1.91638,1.26713,-26.1417,-0.735004,-0.368499,-0.0914913,0,0,5.55112e-17,-0.0638529,-0.0629188,-0.264001,-0.26792,0.00327217,0,0,0,True,True
1.585,-0,0,-0.00402664,0,0,0.621884,-1.18583,-0.883562,-0.599702,1.92265,1.24288,-26.241,-0.736824,-0.359315,-0.0917241,0,0,0,-0,0,0.00402664,0,0,-0.621884,-1.18583,-0.883562,-0.599702,1.92265,1.24288,-26.241,-0.736824,-0.359315,-0.0917241,0,0,0,-0.0640606,-0.0631175,-0.25724,-0.261083,0.00331888,0,0,0,True,True
1.59,-0,0,-0.00396358,0,0,0.623172,-1.19021,-0.868179,-0.597785,1.92881,1.21832,-26.3382,-0.738598,-0.35014,-0.0919717,0,0,-5.55112e-17,-0,0,0.00396358,0,0,-0.623172,-1.19021,-0.868179,-0.597785,1.92881,1.21832,-26.3382,-0.738598,-0.35014,-0.0919717,0,0,5.55112e-17,-0.0642779,-0.0633258,-0.250498,-0.254264,0.00336464,0,0,0,True,True
1.595,-0,0,-0.00389863,0,0,0.624436,-1.19451,-0.852483,-0.595803,1.93484,1.19346,-26.4332,-0.740325,-0.340976,-0.0922336,0,0,-5.55112e-17,-0,0,0.00389863,0,0,-0.624436,-1.19451,-0.852483,-0.595803,1.93484,1.19346,-26.4332,-0.740325,-0.340976,-0.0922336,0,0,5.55112e-17,-0.0645046,-0.0635433,-0.243777,-0.247465,0.00340943,0,0,0,True,True
1.6,-0,0,-0.00383195,0,0,0.625677,-1.19873,-0.836477,-0.59376,1.94074,1.16831,-26.5261,-0.742007,-0.331829,-0.0925092,0,0,-5.55112e-17,-0,0,0.00383195,0,0,-0.625677,-1.19873,-0.836477,-0.59376,1.94074,1.16831,-26.5261,-0.742007,-0.331829,-0.0925092,0,0,5.55112e-17,-0.0647401,-0.0637697,-0.23708,-0.240688,0.00345325,0,0,0,True,True
1.605,-0,0,-0.00376366,0,0,0.626894,-1.20288,-0.820164,-0.591661,1.94652,1.14287,-26.6168,-0.743644,-0.322702,-0.0927979,0,0,1.92593e-35,-0,0,0.00376366,0,0,-0.626894,-1.20288,-0.820164,-0.591661,1.94652,1.14287,-26.6168,-0.743644,-0.322702,-0.0927979,0,0,1.92593e-35,-0.0649841,-0.0640045,-0.23041,-0.233937,0.0034961,0,0,0,True,True
1.61,-0,0,-0.00369393,0,0,0.628086,-1.20694,-0.803546,-0.589512,1.95217,1.11714,-26.7052,-0.745234,-0.313599,-0.0930989,0,0,-5.55112e-17,-0,0,0.00369393,0,0,-0.628086,-1.20694,-0.803546,-0.589512,1.95217,1.11714,-26.7052,-0.745234,-0.313599,-0.0930989,0,0,5.55112e-17,-0.0652361,-0.0642473,-0.223769,-0.227214,0.00353797,0,0,0,True,True
1.615,-0,0,-0.0036229,0,0,0.629253,-1.21091,-0.786627,-0.587316,1.95769,1.09115,-26.7915,-0.74678,-0.304523,-0.0934116,0,0,-5.55112e-17,-0,0,0.0036229,0,0,-0.629253,-1.21091,-0.786627,-0.587316,1.95769,1.09115,-26.7915,-0.74678,-0.304523,-0.0934116,0,0,5.55112e-17,-0.0654955,-0.0644974,-0.21716,-0.220521,0.00357885,0,0,0,True,True
1.62,-0,0,-0.00355075,0,0,0.630394,-1.2148,-0.769409,-0.585078,1.96308,1.06489,-26.8755,-0.74828,-0.295479,-0.0937351,0,0,-5.55112e-17,-0,0,0.00355075,0,0,-0.630394,-1.2148,-0.769409,-0.585078,1.96308,1.06489,-26.8755,-0.74828,-0.295479,-0.0937351,0,0,5.55112e-17,-0.0657618,-0.0647544,-0.210584,-0.21386,0.00361873,0,0,0,True,True
1.625,-0,0,-0.00347762,0,0,0.63151,-1.2186,-0.751896,-0.582805,1.96834,1.03836,-26.9573,-0.749734,-0.286469,-0.0940686,0,0,4.62223e-34,-0,0,0.00347762,0,0,-0.63151,-1.2186,-0.751896,-0.582805,1.96834,1.03836,-26.9573,-0.749734,-0.286469,-0.0940686,0,0,4.62223e-34,-0.0660343,-0.0650176,-0.204043,-0.207234,0.0036576,0,0,0,True,True
1.63,-0,0,-0.0034037,0,0,0.632599,-1.22232,-0.734092,-0.580502,1.97346,1.01159,-27.0368,-0.751144,-0.277496,-0.0944112,0,0,-5.55112e-17,-0,0,0.0034037,0,0,-0.632599,-1.22232,-0.734092,-0.580502,1.97346,1.01159,-27.0368,-0.751144,-0.277496,-0.0944112,0,0,5.55112e-17,-0.0663125,-0.0652864,-0.19754,-0.200644,0.00369547,0,0,0,True,True
1.635,-0,0,-0.00332915,0,0,0.633662,-1.22595,-0.716001,-0.578173,1.97846,0.984564,-27.1141,-0.752509,-0.268563,-0.0947619,0,0,-5.55112e-17,-0,0,0.00332915,0,0,-0.633662,-1.22595,-0.716001,-0.578173,1.97846,0.984564,-27.1141,-0.752509,-0.268563,-0.0947619,0,0,5.55112e-17,-0.0665956,-0.0655602,-0.191075,-0.194092,0.00373231,0,0,0,True,True
1.64,-0,0,-0.00325415,0,0,0.634697,-1.22948,-0.697627,-0.575825,1.98331,0.957299,-27.1891,-0.75383,-0.259672,-0.0951197,0,0,-2.31112e-33,-0,0,0.00325415,0,0,-0.634697,-1.22948,-0.697627,-0.575825,1.98331,0.957299,-27.1891,-0.75383,-0.259672,-0.0951197,0,0,-2.31112e-33,-0.0668829,-0.0658383,-0.18465,-0.18758,0.00376814,0,0,0,True,True
1.645,-0,0,-0.00317887,0,0,0.635704,-1.23292,-0.678974,-0.573464,1.98803,0.929801,-27.2618,-0.755106,-0.250826,-0.0954836,0,0,-5.55112e-17,-0,0,0.00317887,0,0,-0.635704,-1.23292,-0.678974,-0.573464,1.98803,0.929801,-27.2618,-0.755106,-0.250826,-0.0954836,0,0,5.55112e-17,-0.0671737,-0.0661198,-0.178268,-0.181109,0.00380294,0,0,0,True,True
1.65,-0,0,-0.0031035,0,0,0.636684,-1.23627,-0.660048,-0.571095,1.99261,0.902075,-27.3323,-0.756338,-0.242027,-0.0958525,0,0,3.85902e-34,-0,0,0.0031035,0,0,-0.636684,-1.23627,-0.660048,-0.571095,1.99261,0.902075,-27.3323,-0.756338,-0.242027,-0.0958525,0,0,5.38545e-34,-0.0674672,-0.0664042,-0.171927,-0.174679,0.0038367,0,0,0,True,True
1.655,-0,0,-0.00302822,0,0,0.637635,-1.23952,-0.640853,-0.568724,1.99705,0.87413,-27.4004,-0.757526,-0.233277,-0.0962253,0,0,-5.55112e-17,-0,0,0.00302822,0,0,-0.637635,-1.23952,-0.640853,-0.568724,1.99705,0.87413,-27.4004,-0.757526,-0.233277,-0.0962253,0,0,5.55112e-17,-0.0677626,-0.0666906,-0.165631,-0.168293,0.00386942,0,0,0,True,True
1.66,-0,0,-0.00295321,0,0,0.638558,-1.24268,-0.621395,-0.566358,2.00135,0.845971,-27.4663,-0.758671,-0.224577,-0.0966009,0,0,-5.55112e-17,-0,0,0.00295321,0,0,-0.638558,-1.24268,-0.621395,-0.566358,2.00135,0.845971,-27.4663,-0.758671,-0.224577,-0.0966009,0,0,5.55112e-17,-0.0680592,-0.0669781,-0.159378,-0.161951,0.00390109,0,0,0,True,True
1.665,-0,0,-0.00287867,0,0,0.639451,-1.24574,-0.601678,-0.564002,2.00551,0.817606,-27.5298,-0.759772,-0.215928,-0.0969781,0,0,1.2326e-33,-0,0,0.00287867,0,0,-0.639451,-1.24574,-0.601678,-0.564002,2.00551,0.817606,-27.5298,-0.759772,-0.215928,-0.0969781,0,0,1.2326e-33,-0.068356,-0.067266,-0.153171,-0.155653,0.00393171,0,0,0,True,True
1.67,-0,0,-0.00280477,0,0,0.640315,-1.2487,-0.58171,-0.561663,2.00953,0.789042,-27.5911,-0.76083,-0.207332,-0.0973557,0,0,-5.55112e-17,-0,0,0.00280477,0,0,-0.640315,-1.2487,-0.58171,-0.561663,2.00953,0.789042,-27.5911,-0.76083,-0.207332,-0.0973557,0,0,5.55112e-17,-0.0686522,-0.0675535,-0.147009,-0.1494,0.00396127,0,0,0,True,True
1.675,-0,0,-0.0027317,0,0,0.641149,-1.25155,-0.561496,-0.559347,2.0134,0.760285,-27.65,-0.761845,-0.198789,-0.0977326,0,0,-3.08149e-34,-0,0,0.0027317,0,0,-0.641149,-1.25155,-0.561496,-0.559347,2.0134,0.760285,-27.65,-0.761845,-0.198789,-0.0977326,0,0,-3.08149e-34,-0.068947,-0.0678396,-0.140892,-0.143192,0.00398976,0,0,0,True,True
1.68,-0,0,-0.00265966,0,0,0.641953,-1.25431,-0.541044,-0.55706,2.01713,0.731344,-27.7066,-0.762818,-0.1903,-0.0981074,0,0,-5.55112e-17,-0,0,0.00265966,0,0,-0.641953,-1.25431,-0.541044,-0.55706,2.01713,0.731344,-27.7066,-0.762818,-0.1903,-0.0981074,0,0,5.55112e-17,-0.0692394,-0.0681236,-0.134821,-0.137029,0.00401719,0,0,0,True,True
1.685,-0,0,-0.00258883,0,0,0.642727,-1.25696,-0.520358,-0.554808,2.02071,0.702223,-27.761,-0.763748,-0.181865,-0.098479,0,0,-5.55112e-17,-0,0,0.00258883,0,0,-0.642727,-1.25696,-0.520358,-0.554808,2.02071,0.702223,-27.761,-0.763748,-0.181865,-0.098479,0,0,5.55112e-17,-0.0695287,-0.0684045,-0.128795,-0.130912,0.00404354,0,0,0,True,True
1.69,-0,0,-0.00251939,0,0,0.64347,-1.25951,-0.499447,-0.552598,2.02415,0.672932,-27.8129,-0.764637,-0.173485,-0.098846,0,0,-1.07852e-33,-0,0,0.00251939,0,0,-0.64347,-1.25951,-0.499447,-0.552598,2.02415,0.672932,-27.8129,-0.764637,-0.173485,-0.098846,0,0,-1.07852e-33,-0.0698137,-0.0686815,-0.122815,-0.124839,0.00406881,0,0,0,True,True
1.695,-0,0,-0.00245153,0,0,0.644182,-1.26196,-0.478318,-0.550436,2.02744,0.643477,-27.8626,-0.765483,-0.165159,-0.0992074,0,0,-5.55112e-17,-0,0,0.00245153,0,0,-0.644182,-1.26196,-0.478318,-0.550436,2.02744,0.643477,-27.8626,-0.765483,-0.165159,-0.0992074,0,0,5.55112e-17,-0.0700938,-0.0689537,-0.116879,-0.118811,0.004093,0,0,0,True,True
1.7,-0,0,-0.00238542,0,0,0.644863,-1.2643,-0.456979,-0.548327,2.03059,0.613865,-27.91,-0.766288,-0.156886,-0.0995618,0,0,-1.15556e-34,-0,0,0.00238542,0,0,-0.644863,-1.2643,-0.456979,-0.548327,2.03059,0.613865,-27.91,-0.766288,-0.156886,-0.0995618,0,0,-1.15556e-34,-0.070368,-0.0692202,-0.110987,-0.112827,0.0041161,0,0,0,True,True
1.705,-0,0,-0.00232125,0,0,0.645512,-1.26653,-0.435437,-0.546278,2.03358,0.584103,-27.955,-0.767052,-0.148666,-0.0999079,0,0,-3.41434e-35,-0,0,0.00232125,0,0,-0.645512,-1.26653,-0.435437,-0.546278,2.03358,0.584103,-27.955,-0.767052,-0.148666,-0.0999079,0,0,3.41434e-35,-0.0706354,-0.0694801,-0.105138,-0.106886,0.0041381,0,0,0,True,True
1.71,-0,0,-0.0022592,0,0,0.64613,-1.26865,-0.413701,-0.544294,2.03643,0.554199,-27.9977,-0.767775,-0.140498,-0.100245,0,0,-5.55112e-17,-0,0,0.0022592,0,0,-0.64613,-1.26865,-0.413701,-0.544294,2.03643,0.554199,-27.9977,-0.767775,-0.140498,-0.100245,0,0,5.55112e-17,-0.0708951,-0.0697327,-0.099331,-0.100987,0.00415901,0,0,0,True,True
1.715,-0,0,-0.00219942,0,0,0.646715,-1.27067,-0.391779,-0.542381,2.03912,0.52416,-28.0381,-0.768457,-0.132381,-0.100571,0,0,-5.55112e-17,-0,0,0.00219942,0,0,-0.646715,-1.27067,-0.391779,-0.542381,2.03912,0.52416,-28.0381,-0.768457,-0.132381,-0.100571,0,0,5.55112e-17,-0.0711463,-0.069977,-0.0935652,-0.0951288,0.00417881,0,0,0,True,True
1.72,-0,0,-0.00214209,0,0,0.647268,-1.27257,-0.36968,-0.540545,2.04167,0.493993,-28.0762,-0.769099,-0.124313,-0.100885,0,0,-5.55112e-17,-0,0,0.00214209,0,0,-0.647268,-1.27257,-0.36968,-0.540545,2.04167,0.493993,-28.0762,-0.769099,-0.124313,-0.100885,0,0,5.55112e-17,-0.0713882,-0.0702122,-0.0878391,-0.0893103,0.00419751,0,0,0,True,True
1.725,-0,0,-0.00208736,0,0,0.647789,-1.27436,-0.347413,-0.538791,2.04406,0.463705,-28.112,-0.7697,-0.116293,-0.101187,0,0,-5.55112e-17,-0,0,0.00208736,0,0,-0.647789,-1.27436,-0.347413,-0.538791,2.04406,0.463705,-28.112,-0.7697,-0.116293,-0.101187,0,0,5.55112e-17,-0.0716198,-0.0704376,-0.0821511,-0.08353,0.00421509,0,0,0,True,True
1.73,-0,0,-0.00203539,0,0,0.648277,-1.27604,-0.324986,-0.537124,2.04631,0.433305,-28.1455,-0.770262,-0.108318,-0.101475,0,0,-5.55112e-17,-0,0,0.00203539,0,0,-0.648277,-1.27604,-0.324986,-0.537124,2.04631,0.433305,-28.1455,-0.770262,-0.108318,-0.101475,0,0,5.55112e-17,-0.0718405,-0.0706523,-0.0764997,-0.0777863,0.00423156,0,0,0,True,True
1.735,-0,0,-0.00198633,0,0,0.648732,-1.27761,-0.30241,-0.535549,2.0484,0.402798,-28.1766,-0.770783,-0.100388,-0.101747,0,0,-5.55112e-17,-0,0,0.00198633,0,0,-0.648732,-1.27761,-0.30241,-0.535549,2.0484,0.402798,-28.1766,-0.770783,-0.100388,-0.101747,0,0,5.55112e-17,-0.0720495,-0.0708556,-0.0708831,-0.0720775,0.00424692,0,0,0,True,True
1.74,-0,0,-0.00194031,0,0,0.649155,-1.27907,-0.279695,-0.534071,2.05033,0.372194,-28.2054,-0.771266,-0.0924991,-0.102004,0,0,-5.55112e-17,-0,0,0.00194031,0,0,-0.649155,-1.27907,-0.279695,-0.534071,2.05033,0.372194,-28.2054,-0.771266,-0.0924991,-0.102004,0,0,5.55112e-17,-0.072246,-0.0710468,-0.0652995,-0.0664016,0.00426115,0,0,0,True,True
1.745,-0,0,-0.00189747,0,0,0.649544,-1.28041,-0.256849,-0.532694,2.05212,0.341498,-28.2319,-0.771708,-0.0846494,-0.102243,0,0,-5.55112e-17,-0,0,0.00189747,0,0,-0.649544,-1.28041,-0.256849,-0.532694,2.05212,0.341498,-28.2319,-0.771708,-0.0846494,-0.102243,0,0,5.55112e-17,-0.0724294,-0.0712253,-0.0597467,-0.0607567,0.00427426,0,0,0,True,True
1.75,-0,0,-0.00185792,0,0,0.649899,-1.28164,-0.233883,-0.531422,2.05375,0.31072,-28.2561,-0.772112,-0.0768362,-0.102465,0,0,0,-0,0,0.00185792,0,0,-0.649899,-1.28164,-0.233883,-0.531422,2.05375,0.31072,-28.2561,-0.772112,-0.0768362,-0.102465,0,0,0,-0.072599,-0.0713904,-0.0542227,-0.0551407,0.00428625,0,0,0,True,True
1.755,-0,0,-0.00182179,0,0,0.650222,-1.28275,-0.210808,-0.53026,2.05522,0.279865,-28.278,-0.772477,-0.0690567,-0.102668,0,0,-5.55112e-17,-0,0,0.00182179,0,0,-0.650222,-1.28275,-0.210808,-0.53026,2.05522,0.279865,-28.278,-0.772477,-0.0690567,-0.102668,0,0,5.55112e-17,-0.0727541,-0.0715414,-0.0487252,-0.0495512,0.0042971,0,0,0,True,True
1.76,-0,0,-0.00178918,0,0,0.65051,-1.28374,-0.187634,-0.52921,2.05655,0.248942,-28.2976,-0.772803,-0.0613081,-0.102852,0,0,-8.47409e-34,-0,0,0.00178918,0,0,-0.65051,-1.28374,-0.187634,-0.52921,2.05655,0.248942,-28.2976,-0.772803,-0.0613081,-0.102852,0,0,-8.47409e-34,-0.0728944,-0.0716779,-0.0432519,-0.0439859,0.00430683,0,0,0,True,True
1.765,-0,0,-0.00176018,0,0,0.650765,-1.28462,-0.164371,-0.528276,2.05771,0.217958,-28.3149,-0.77309,-0.0535872,-0.103015,0,0,-3.00445e-33,-0,0,0.00176018,0,0,-0.650765,-1.28462,-0.164371,-0.528276,2.05771,0.217958,-28.3149,-0.77309,-0.0535872,-0.103015,0,0,-3.00445e-33,-0.0730192,-0.0717994,-0.0378003,-0.0384424,0.00431542,0,0,0,True,True
1.77,-0,0,-0.00173488,0,0,0.650987,-1.28539,-0.141031,-0.527461,2.05873,0.186921,-28.3299,-0.773338,-0.0458909,-0.103158,0,0,-5.55112e-17,-0,0,0.00173488,0,0,-0.650987,-1.28539,-0.141031,-0.527461,2.05873,0.186921,-28.3299,-0.773338,-0.0458909,-0.103158,0,0,5.55112e-17,-0.073128,-0.0719054,-0.0323679,-0.0329182,0.00432287,0,0,0,True,True
1.775,-0,0,-0.00171336,0,0,0.651174,-1.28603,-0.117623,-0.526768,2.05958,0.155839,-28.3425,-0.773549,-0.0382159,-0.103279,0,0,-5.55112e-17,-0,0,0.00171336,0,0,-0.651174,-1.28603,-0.117623,-0.526768,2.05958,0.155839,-28.3425,-0.773549,-0.0382159,-0.103279,0,0,5.55112e-17,-0.0732206,-0.0719955,-0.026952,-0.0274107,0.00432919,0,0,0,True,True
1.78,-0,0,-0.00169567,0,0,0.651327,-1.28656,-0.0941596,-0.526198,2.06028,0.124718,-28.3529,-0.773721,-0.0305587,-0.103378,0,0,-5.55112e-17,-0,0,0.00169567,0,0,-0.651327,-1.28656,-0.0941596,-0.526198,2.06028,0.124718,-28.3529,-0.773721,-0.0305587,-0.103378,0,0,5.55112e-17,-0.0732965,-0.0720694,-0.0215502,-0.0219171,0.00433437,0,0,0,True,True
1.785,-0,0,-0.00168186,0,0,0.651447,-1.28698,-0.0706513,-0.525753,2.06083,0.0935672,-28.3609,-0.773854,-0.0229159,-0.103456,0,0,-5.55112e-17,-0,0,0.00168186,0,0,-0.651447,-1.28698,-0.0706513,-0.525753,2.06083,0.0935672,-28.3609,-0.773854,-0.0229159,-0.103456,0,0,5.55112e-17,-0.0733555,-0.0721269,-0.0161595,-0.0164348,0.00433841,0,0,0,True,True
1.79,-0,0,-0.00167199,0,0,0.651532,-1.28727,-0.0471093,-0.525434,2.06122,0.0623933,-28.3667,-0.77395,-0.0152839,-0.10351,0,0,-1.84889e-33,-0,0,0.00167199,0,0,-0.651532,-1.28727,-0.0471093,-0.525434,2.06122,0.0623933,-28.3667,-0.77395,-0.0152839,-0.10351,0,0,-1.84889e-33,-0.0733974,-0.0721676,-0.0107772,-0.0109609,0.00434132,0,0,0,True,True
1.795,-0,0,-0.00166608,0,0,0.651583,-1.28745,-0.0235449,-0.525243,2.06145,0.0312041,-28.3702,-0.774007,-0.00765922,-0.103542,0,0,-5.55112e-17,-0,0,0.00166608,0,0,-0.651583,-1.28745,-0.0235449,-0.525243,2.06145,0.0312041,-28.3702,-0.774007,-0.00765922,-0.103542,0,0,5.55112e-17,-0.073422,-0.0721915,-0.00540067,-0.00549272,0.00434308,0,0,0,True,True
1.8,-0,0,-0.00166415,0,0,0.6516,-1.28751,3.08834e-05,-0.525181,2.06153,7.29465e-06,-28.3713,-0.774026,-3.8178e-05,-0.103552,0,0,3.08149e-34,-0,0,0.00166415,0,0,-0.6516,-1.28751,3.08834e-05,-0.525181,2.06153,7.29465e-06,-28.3713,-0.774026,-3.8178e-05,-0.103552,0,0,3.08149e-34,-0.0734291,-0.0721985,-2.69198e-05,-2.73787e-05,0.0043437,0,0,0,True,True
1.805,-0,0,-0.00166619,0,0,0.651583,-1.28745,0.0236066,-0.525247,2.06145,-0.0311895,-28.3702,-0.774008,0.00758286,-0.103538,0,0,-5.55112e-17,-0,0,0.00166619,0,0,-0.651583,-1.28745,0.0236066,-0.525247,2.06145,-0.0311895,-28.3702,-0.774008,0.00758286,-0.103538,0,0,5.55112e-17,-0.0734189,-0.0721885,0.00534682,0.00543796,0.00434318,0,0,0,True,True
1.81,-0,0,-0.00167222,0,0,0.651532,-1.28727,0.0471711,-0.525441,2.06122,-0.0623787,-28.3667,-0.773951,0.0152075,-0.103502,0,0,-5.55112e-17,-0,0,0.00167222,0,0,-0.651532,-1.28727,0.0471711,-0.525441,2.06122,-0.0623787,-28.3667,-0.773951,0.0152075,-0.103502,0,0,5.55112e-17,-0.0733912,-0.0721615,0.0107234,0.0109061,0.00434151,0,0,0,True,True
1.815,-0,0,-0.0016822,0,0,0.651447,-1.28698,0.0707131,-0.525762,2.06083,-0.0935526,-28.3609,-0.773855,0.0228395,-0.103442,0,0,-5.55112e-17,-0,0,0.0016822,0,0,-0.651447,-1.28698,0.0707131,-0.525762,2.06083,-0.0935526,-28.3609,-0.773855,0.0228395,-0.103442,0,0,5.55112e-17,-0.0733463,-0.0721177,0.0161056,0.01638,0.00433871,0,0,0,True,True
1.82,-0,0,-0.00169612,0,0,0.651327,-1.28656,0.0942214,-0.52621,2.06028,-0.124704,-28.3529,-0.773722,0.0304822,-0.103361,0,0,-5.55112e-17,-0,0,0.00169612,0,0,-0.651327,-1.28656,0.0942214,-0.52621,2.06028,-0.124704,-28.3529,-0.773722,0.0304822,-0.103361,0,0,5.55112e-17,-0.0732842,-0.0720573,0.0214962,0.0218623,0.00433477,0,0,0,True,True
1.825,-0,0,-0.00171392,0,0,0.651174,-1.28603,0.117685,-0.526784,2.05958,-0.155824,-28.3425,-0.773551,0.0381394,-0.103257,0,0,-5.55112e-17,-0,0,0.00171392,0,0,-0.651174,-1.28603,0.117685,-0.526784,2.05958,-0.155824,-28.3425,-0.773551,0.0381394,-0.103257,0,0,5.55112e-17,-0.0732052,-0.0719803,0.0268981,0.0273558,0.00432969,0,0,0,True,True
1.83,-0,0,-0.00173556,0,0,0.650987,-1.28539,0.141092,-0.527481,2.05873,-0.186907,-28.3299,-0.773341,0.0458144,-0.103131,0,0,-9.62965e-35,-0,0,0.00173556,0,0,-0.650987,-1.28539,0.141092,-0.527481,2.05873,-0.186907,-28.3299,-0.773341,0.0458144,-0.103131,0,0,-9.62965e-35,-0.0731095,-0.0718872,0.0323139,0.0328633,0.00432347,0,0,0,True,True
1.835,-0,0,-0.00176097,0,0,0.650765,-1.28462,0.164433,-0.528299,2.05771,-0.217944,-28.3149,-0.773092,0.0535107,-0.102984,0,0,-5.55112e-17,-0,0,0.00176097,0,0,-0.650765,-1.28462,0.164433,-0.528299,2.05771,-0.217944,-28.3149,-0.773092,0.0535107,-0.102984,0,0,5.55112e-17,-0.0729975,-0.0717781,0.0377462,0.0383875,0.00431611,0,0,0,True,True
1.84,-0,0,-0.00179008,0,0,0.65051,-1.28374,0.187696,-0.529236,2.05655,-0.248927,-28.2976,-0.772806,0.0612315,-0.102817,0,0,-5.55112e-17,-0,0,0.00179008,0,0,-0.65051,-1.28374,0.187696,-0.529236,2.05655,-0.248927,-28.2976,-0.772806,0.0612315,-0.102817,0,0,5.55112e-17,-0.0728697,-0.0716536,0.0431977,0.0439309,0.00430762,0,0,0,True,True
1.845,-0,0,-0.00182281,0,0,0.650222,-1.28275,0.21087,-0.530289,2.05523,-0.27985,-28.278,-0.77248,0.06898,-0.102629,0,0,-5.55112e-17,-0,0,0.00182281,0,0,-0.650222,-1.28275,0.21087,-0.530289,2.05523,-0.27985,-28.278,-0.77248,0.06898,-0.102629,0,0,5.55112e-17,-0.0727264,-0.0715141,0.048671,0.0494961,0.004298,0,0,0,True,True
1.85,-0,0,-0.00185905,0,0,0.649899,-1.28163,0.233945,-0.531454,2.05375,-0.310705,-28.2562,-0.772116,0.0767594,-0.102421,0,0,-5.55112e-17,-0,0,0.00185905,0,0,-0.649899,-1.28163,0.233945,-0.531454,2.05375,-0.310705,-28.2562,-0.772116,0.0767594,-0.102421,0,0,5.55112e-17,-0.0725681,-0.07136,0.0541684,0.0550855,0.00428724,0,0,0,True,True
1.855,-0,0,-0.00189871,0,0,0.649544,-1.28041,0.256911,-0.532729,2.05212,-0.341484,-28.232,-0.771713,0.0845725,-0.102195,0,0,0,-0,0,0.00189871,0,0,-0.649544,-1.28041,0.256911,-0.532729,2.05212,-0.341484,-28.232,-0.771713,0.0845725,-0.102195,0,0,0,-0.0723955,-0.0711919,0.0596923,0.0607015,0.00427536,0,0,0,True,True
1.86,-0,0,-0.00194167,0,0,0.649155,-1.27906,0.279757,-0.534109,2.05033,-0.372179,-28.2054,-0.77127,0.0924221,-0.101951,0,0,-5.55112e-17,-0,0,0.00194167,0,0,-0.649155,-1.27906,0.279757,-0.534109,2.05033,-0.372179,-28.2054,-0.77127,0.0924221,-0.101951,0,0,5.55112e-17,-0.072209,-0.0710104,0.065245,0.0663463,0.00426235,0,0,0,True,True
1.865,-0,0,-0.0019878,0,0,0.648732,-1.27761,0.302473,-0.535591,2.0484,-0.402783,-28.1766,-0.770788,0.100311,-0.10169,0,0,-5.55112e-17,-0,0,0.0019878,0,0,-0.648732,-1.27761,0.302473,-0.535591,2.0484,-0.402783,-28.1766,-0.770788,0.100311,-0.10169,0,0,5.55112e-17,-0.0720094,-0.0708162,0.0708286,0.072022,0.00424822,0,0,0,True,True
1.87,-0,0,-0.00203698,0,0,0.648277,-1.27604,0.325049,-0.537169,2.04631,-0.43329,-28.1455,-0.770267,0.108241,-0.101413,0,0,-5.55112e-17,-0,0,0.00203698,0,0,-0.648277,-1.27604,0.325049,-0.537169,2.04631,-0.43329,-28.1455,-0.770267,0.108241,-0.101413,0,0,5.55112e-17,-0.0717974,-0.0706098,0.076445,0.0777307,0.00423297,0,0,0,True,True
1.875,-0,0,-0.00208906,0,0,0.647789,-1.27436,0.347475,-0.538839,2.04406,-0.46369,-28.112,-0.769706,0.116215,-0.101121,0,0,-5.55112e-17,-0,0,0.00208906,0,0,-0.647789,-1.27436,0.347475,-0.538839,2.04406,-0.46369,-28.112,-0.769706,0.116215,-0.101121,0,0,5.55112e-17,-0.0715736,-0.0703921,0.0820963,0.0834743,0.0042166,0,0,0,True,True
1.88,-0,0,-0.0021439,0,0,0.647268,-1.27256,0.369743,-0.540596,2.04167,-0.493978,-28.0763,-0.769105,0.124235,-0.100815,0,0,2.31112e-33,-0,0,0.0021439,0,0,-0.647268,-1.27256,0.369743,-0.540596,2.04167,-0.493978,-28.0763,-0.769105,0.124235,-0.100815,0,0,2.31112e-33,-0.0713389,-0.0701637,0.0877841,0.0892544,0.00419912,0,0,0,True,True
1.885,-0,0,-0.00220135,0,0,0.646715,-1.27066,0.391842,-0.542436,2.03912,-0.524145,-28.0382,-0.768464,0.132303,-0.100497,0,0,-5.55112e-17,-0,0,0.00220135,0,0,-0.646715,-1.27066,0.391842,-0.542436,2.03912,-0.524145,-28.0382,-0.768464,0.132303,-0.100497,0,0,5.55112e-17,-0.071094,-0.0699255,0.0935101,0.0950728,0.00418053,0,0,0,True,True
1.89,-0,0,-0.00226124,0,0,0.64613,-1.26865,0.413764,-0.544352,2.03643,-0.554184,-27.9978,-0.767782,0.14042,-0.100166,0,0,-5.55112e-17,-0,0,0.00226124,0,0,-0.64613,-1.26865,0.413764,-0.544352,2.03643,-0.554184,-27.9978,-0.767782,0.14042,-0.100166,0,0,5.55112e-17,-0.0708397,-0.0696781,0.0992757,0.100931,0.00416084,0,0,0,True,True
1.895,-0,0,-0.00232342,0,0,0.645512,-1.26652,0.4355,-0.546339,2.03358,-0.584088,-27.9551,-0.767059,0.148588,-0.099825,0,0,-5.55112e-17,-0,0,0.00232342,0,0,-0.645512,-1.26652,0.4355,-0.546339,2.03358,-0.584088,-27.9551,-0.767059,0.148588,-0.099825,0,0,5.55112e-17,-0.070577,-0.0694226,0.105082,0.10683,0.00414004,0,0,0,True,True
1.9,-0,0,-0.0023877,0,0,0.644863,-1.26429,0.457042,-0.548391,2.03059,-0.61385,-27.91,-0.766296,0.156808,-0.0994744,0,0,7.70372e-35,-0,0,0.0023877,0,0,-0.644863,-1.26429,0.457042,-0.548391,2.03059,-0.61385,-27.91,-0.766296,0.156808,-0.0994744,0,0,7.70372e-35,-0.0703065,-0.0691596,0.110931,0.112771,0.00411814,0,0,0,True,True
1.905,-0,0,-0.00245392,0,0,0.644182,-1.26195,0.478382,-0.550503,2.02744,-0.643462,-27.8627,-0.765491,0.16508,-0.0991157,0,0,-7.70372e-35,-0,0,0.00245392,0,0,-0.644182,-1.26195,0.478382,-0.550503,2.02744,-0.643462,-27.8627,-0.765491,0.16508,-0.0991157,0,0,-7.70372e-35,-0.0700293,-0.0688901,0.116823,0.118755,0.00409516,0,0,0,True,True
1.91,-0,0,-0.0025219,0,0,0.64347,-1.25951,0.499511,-0.552669,2.02415,-0.672917,-27.813,-0.764645,0.173406,-0.09875,0,0,-5.55112e-17,-0,0,0.0025219,0,0,-0.64347,-1.25951,0.499511,-0.552669,2.02415,-0.672917,-27.813,-0.764645,0.173406,-0.09875,0,0,5.55112e-17,-0.0697462,-0.068615,0.122759,0.124782,0.00407108,0,0,0,True,True
1.915,-0,0,-0.00259146,0,0,0.642727,-1.25696,0.520422,-0.554883,2.02071,-0.702208,-27.761,-0.763757,0.181787,-0.0983786,0,0,-5.55112e-17,-0,0,0.00259146,0,0,-0.642727,-1.25696,0.520422,-0.554883,2.02071,-0.702208,-27.761,-0.763757,0.181787,-0.0983786,0,0,5.55112e-17,-0.069458,-0.068335,0.128739,0.130855,0.00404592,0,0,0,True,True
1.92,-0,0,-0.00266241,0,0,0.641953,-1.2543,0.541107,-0.557137,2.01713,-0.731328,-27.7067,-0.762827,0.190221,-0.0980026,0,0,-5.55112e-17,-0,0,0.00266241,0,0,-0.641953,-1.2543,0.541107,-0.557137,2.01713,-0.731328,-27.7067,-0.762827,0.190221,-0.0980026,0,0,5.55112e-17,-0.0691658,-0.0680511,0.134764,0.136972,0.00401968,0,0,0,True,True
1.925,-0,0,-0.00273457,0,0,0.641149,-1.25155,0.56156,-0.559428,2.0134,-0.76027,-27.6501,-0.761855,0.19871,-0.0976235,0,0,-5.55112e-17,-0,0,0.00273457,0,0,-0.641149,-1.25155,0.56156,-0.559428,2.0134,-0.76027,-27.6501,-0.761855,0.19871,-0.0976235,0,0,5.55112e-17,-0.0688703,-0.0677641,0.140835,0.143134,0.00399237,0,0,0,True,True
1.93,-0,0,-0.00280775,0,0,0.640315,-1.24869,0.581774,-0.561747,2.00953,-0.789027,-27.5911,-0.76084,0.207252,-0.0972423,0,0,-5.55112e-17,-0,0,0.00280775,0,0,-0.640315,-1.24869,0.581774,-0.561747,2.00953,-0.789027,-27.5911,-0.76084,0.207252,-0.0972423,0,0,5.55112e-17,-0.0685725,-0.067475,0.146952,0.149342,0.00396399,0,0,0,True,True
1.935,-0,0,-0.00288177,0,0,0.639451,-1.24573,0.601743,-0.564089,2.00551,-0.817591,-27.5299,-0.759783,0.215848,-0.0968603,0,0,0,-0,0,0.00288177,0,0,-0.639451,-1.24573,0.601743,-0.564089,2.00551,-0.817591,-27.5299,-0.759783,0.215848,-0.0968603,0,0,0,-0.0682732,-0.0671846,0.153114,0.155595,0.00393455,0,0,0,True,True
1.94,-0,0,-0.00295643,0,0,0.638558,-1.24267,0.621459,-0.566449,2.00135,-0.845956,-27.4663,-0.758682,0.224497,-0.0964787,0,0,-5.55112e-17,-0,0,0.00295643,0,0,-0.638558,-1.24267,0.621459,-0.566449,2.00135,-0.845956,-27.4663,-0.758682,0.224497,-0.0964787,0,0,5.55112e-17,-0.0679734,-0.0668937,0.159321,0.161892,0.00390404,0,0,0,True,True
1.945,-0,0,-0.00303156,0,0,0.637635,-1.23951,0.640918,-0.568818,1.99705,-0.874114,-27.4005,-0.757538,0.233196,-0.0960988,0,0,-5.55112e-17,-0,0,0.00303156,0,0,-0.637635,-1.23951,0.640918,-0.568818,1.99705,-0.874114,-27.4005,-0.757538,0.233196,-0.0960988,0,0,5.55112e-17,-0.0676738,-0.0666031,0.165573,0.168235,0.00387249,0,0,0,True,True
1.95,-0,0,-0.00310696,0,0,0.636684,-1.23626,0.660113,-0.571192,1.99261,-0.902059,-27.3323,-0.75635,0.241946,-0.0957216,0,0,-5.55112e-17,-0,0,0.00310696,0,0,-0.636684,-1.23626,0.660113,-0.571192,1.99261,-0.902059,-27.3323,-0.75635,0.241946,-0.0957216,0,0,5.55112e-17,-0.0673754,-0.0663138,0.171869,0.174621,0.00383989,0,0,0,True,True
1.955,-0,0,-0.00318245,0,0,0.635704,-1.23291,0.67904,-0.573565,1.98803,-0.929785,-27.2619,-0.755118,0.250745,-0.0953484,0,0,-5.55112e-17,-0,0,0.00318245,0,0,-0.635704,-1.23291,0.67904,-0.573565,1.98803,-0.929785,-27.2619,-0.755118,0.250745,-0.0953484,0,0,5.55112e-17,-0.0670789,-0.0660265,0.178209,0.18105,0.00380626,0,0,0,True,True
1.96,-0,0,-0.00325785,0,0,0.634697,-1.22947,0.697692,-0.57593,1.98331,-0.957283,-27.1892,-0.753842,0.259591,-0.0949801,0,0,0,-0,0,0.00325785,0,0,-0.634697,-1.22947,0.697692,-0.57593,1.98331,-0.957283,-27.1892,-0.753842,0.259591,-0.0949801,0,0,0,-0.0667851,-0.065742,0.184592,0.187521,0.00377158,0,0,0,True,True
1.965,-0,0,-0.00333298,0,0,0.633662,-1.22594,0.716067,-0.578281,1.97846,-0.984548,-27.1142,-0.752522,0.268481,-0.094618,0,0,-5.55112e-17,-0,0,0.00333298,0,0,-0.633662,-1.22594,0.716067,-0.578281,1.97846,-0.984548,-27.1142,-0.752522,0.268481,-0.094618,0,0,5.55112e-17,-0.0664948,-0.065461,0.191016,0.194033,0.00373588,0,0,0,True,True
1.97,-0,0,-0.00340765,0,0,0.632599,-1.22231,0.734158,-0.580613,1.97347,-1.01157,-27.0369,-0.751158,0.277414,-0.094263,0,0,-5.55112e-17,-0,0,0.00340765,0,0,-0.632599,-1.22231,0.734158,-0.580613,1.97347,-1.01157,-27.0369,-0.751158,0.277414,-0.094263,0,0,5.55112e-17,-0.0662087,-0.0651842,0.19748,0.200584,0.00369916,0,0,0,True,True
1.975,-0,0,-0.0034817,0,0,0.63151,-1.21859,0.751962,-0.58292,1.96834,-1.03835,-26.9574,-0.749748,0.286386,-0.0939161,0,0,-5.55112e-17,-0,0,0.0034817,0,0,-0.63151,-1.21859,0.751962,-0.58292,1.96834,-1.03835,-26.9574,-0.749748,0.286386,-0.0939161,0,0,5.55112e-17,-0.0659276,-0.0649125,0.203983,0.207173,0.00366143,0,0,0,True,True
1.98,-0,0,-0.00355494,0,0,0.630394,-1.21479,0.769475,-0.585197,1.96308,-1.06487,-26.8756,-0.748294,0.295396,-0.0935782,0,0,-5.55112e-17,-0,0,0.00355494,0,0,-0.630394,-1.21479,0.769475,-0.585197,1.96308,-1.06487,-26.8756,-0.748294,0.295396,-0.0935782,0,0,5.55112e-17,-0.0656521,-0.0646463,0.210524,0.213799,0.00362268,0,0,0,True,True
1.985,-0,0,-0.00362723,0,0,0.629253,-1.2109,0.786693,-0.587437,1.95769,-1.09113,-26.7916,-0.746794,0.30444,-0.0932504,0,0,-5.55112e-17,-0,0,0.00362723,0,0,-0.629253,-1.2109,0.786693,-0.587437,1.95769,-1.09113,-26.7916,-0.746794,0.30444,-0.0932504,0,0,5.55112e-17,-0.0653829,-0.0643864,0.217099,0.220459,0.00358293,0,0,0,True,True
1.99,-0,0,-0.00369838,0,0,0.628086,-1.20692,0.803613,-0.589637,1.95217,-1.11713,-26.7053,-0.745249,0.313515,-0.0929333,0,0,8.47409e-34,-0,0,0.00369838,0,0,-0.628086,-1.20692,0.803613,-0.589637,1.95217,-1.11713,-26.7053,-0.745249,0.313515,-0.0929333,0,0,8.47409e-34,-0.0651205,-0.0641333,0.223708,0.227152,0.00354219,0,0,0,True,True
1.995,-0,0,-0.00376824,0,0,0.626894,-1.20286,0.820231,-0.59179,1.94652,-1.14285,-26.6168,-0.743659,0.322618,-0.0926279,0,0,-1.15556e-33,-0,0,0.00376824,0,0,-0.626894,-1.20286,0.820231,-0.59179,1.94652,-1.14285,-26.6168,-0.743659,0.322618,-0.0926279,0,0,-1.15556e-33,-0.0648655,-0.0638877,0.230349,0.233875,0.00350046,0,0,0,True,True
2,-0,0,-0.00383665,0,0,0.625677,-1.19872,0.836545,-0.593892,1.94074,-1.16829,-26.5262,-0.742023,0.331744,-0.0923349,0,0,0,-0,0,0.00383665,0,0,-0.625677,-1.19872,0.836545,-0.593892,1.94074,-1.16829,-26.5262,-0.742023,0.331744,-0.0923349,0,0,0,-0.0646186,-0.0636499,0.237018,0.240625,0.00345775,0,0,0,True,True
2.005,-0,0,-0.00390346,0,0,0.624436,-1.1945,0.852551,-0.595939,1.93484,-1.19344,-26.4333,-0.740342,0.340891,-0.0920549,0,0,-5.55112e-17,-0,0,0.00390346,0,0,-0.624436,-1.1945,0.852551,-0.595939,1.93484,-1.19344,-26.4333,-0.740342,0.340891,-0.0920549,0,0,5.55112e-17,-0.06438,-0.0634206,0.243715,0.247402,0.00341407,0,0,0,True,True
2.01,-0,0,-0.00396854,0,0,0.623172,-1.1902,0.868247,-0.597924,1.92881,-1.2183,-26.3383,-0.738614,0.350054,-0.0917887,0,0,-5.55112e-17,-0,0,0.00396854,0,0,-0.623172,-1.1902,0.868247,-0.597924,1.92881,-1.2183,-26.3383,-0.738614,0.350054,-0.0917887,0,0,5.55112e-17,-0.0641504,-0.0632001,0.250435,0.254201,0.00336942,0,0,0,True,True
2.015,-0,0,-0.00403172,0,0,0.621884,-1.18582,0.883631,-0.599845,1.92266,-1.24286,-26.2411,-0.736841,0.359229,-0.0915367,0,0,-5.55112e-17,-0,0,0.00403172,0,0,-0.621884,-1.18582,0.883631,-0.599845,1.92266,-1.24286,-26.2411,-0.736841,0.359229,-0.0915367,0,0,5.55112e-17,-0.0639302,-0.0629889,0.257177,0.261019,0.0033238,0,0,0,True,True
2.02,-0,0,-0.00409289,0,0,0.620574,-1.18136,0.8987,-0.601697,1.91638,-1.26711,-26.1417,-0.735022,0.368412,-0.0912996,0,0,-5.55112e-17,-0,0,0.00409289,0,0,-0.620574,-1.18136,0.8987,-0.601697,1.91638,-1.26711,-26.1417,-0.735022,0.368412,-0.0912996,0,0,5.55112e-17,-0.0637196,-0.0627874,0.263937,0.267856,0.00327724,0,0,0,True,True
2.025,-0,0,-0.0041519,0,0,0.619241,-1.17683,0.913453,-0.603476,1.90998,-1.29105,-26.0403,-0.733157,0.377598,-0.0910778,0,0,-8.85928e-34,-0,0,0.0041519,0,0,-0.619241,-1.17683,0.913453,-0.603476,1.90998,-1.29105,-26.0403,-0.733157,0.377598,-0.0910778,0,0,-8.85928e-34,-0.0635191,-0.0625958,0.270713,0.274706,0.00322974,0,0,0,True,True
2.03,-0,0,-0.00420863,0,0,0.617887,-1.17222,0.927887,-0.605179,1.90347,-1.31467,-25.9367,-0.731246,0.386783,-0.0908717,0,0,-5.55112e-17,-0,0,0.00420863,0,0,-0.617887,-1.17222,0.927887,-0.605179,1.90347,-1.31467,-25.9367,-0.731246,0.386783,-0.0908717,0,0,5.55112e-17,-0.0633288,-0.0624144,0.277501,0.281567,0.00318129,0,0,0,True,True
2.035,-0,0,-0.00426297,0,0,0.616512,-1.16755,0.942001,-0.606801,1.89684,-1.33796,-25.8311,-0.729289,0.395961,-0.0906817,0,0,-5.55112e-17,-0,0,0.00426297,0,0,-0.616512,-1.16755,0.942001,-0.606801,1.89684,-1.33796,-25.8311,-0.729289,0.395961,-0.0906817,0,0,5.55112e-17,-0.0631492,-0.0622435,0.284298,0.288435,0.00313192,0,0,0,True,True
2.04,-0,0,-0.00431478,0,0,0.615116,-1.1628,0.955793,-0.608339,1.89009,-1.36092,-25.7234,-0.727286,0.405128,-0.090508,0,0,-5.55112e-17,-0,0,0.00431478,0,0,-0.615116,-1.1628,0.955793,-0.608339,1.89009,-1.36092,-25.7234,-0.727286,0.405128,-0.090508,0,0,5.55112e-17,-0.0629803,-0.0620833,0.291102,0.295308,0.00308163,0,0,0,True,True
2.045,-0,0,-0.00436397,0,0,0.6137,-1.15799,0.969263,-0.60979,1.88323,-1.38354,-25.6137,-0.725238,0.414279,-0.090351,0,0,-2.08e-33,-0,0,0.00436397,0,0,-0.6137,-1.15799,0.969263,-0.60979,1.88323,-1.38354,-25.6137,-0.725238,0.414279,-0.090351,0,0,-2.08e-33,-0.0628224,-0.061934,0.297907,0.302181,0.00303043,0,0,0,True,True
2.05,-0,0,-0.00441042,0,0,0.612265,-1.15311,0.982407,-0.611151,1.87626,-1.40582,-25.502,-0.723143,0.423408,-0.0902108,0,0,-5.55112e-17,-0,0,0.00441042,0,0,-0.612265,-1.15311,0.982407,-0.611151,1.87626,-1.40582,-25.502,-0.723143,0.423408,-0.0902108,0,0,5.55112e-17,-0.0626756,-0.0617956,0.304712,0.309051,0.00297832,0,0,0,True,True
2.055,-0,0,-0.00445403,0,0,0.610811,-1.14817,0.995227,-0.612419,1.86917,-1.42774,-25.3883,-0.721004,0.432511,-0.0900876,0,0,1.15556e-34,-0,0,0.00445403,0,0,-0.610811,-1.14817,0.995227,-0.612419,1.86917,-1.42774,-25.3883,-0.721004,0.432511,-0.0900876,0,0,1.15556e-34,-0.06254,-0.0616684,0.311511,0.315914,0.00292532,0,0,0,True,True
2.06,-0,0,-0.00449471,0,0,0.609338,-1.14316,1.00772,-0.613592,1.86198,-1.4493,-25.2726,-0.718818,0.441581,-0.0899814,0,0,-5.55112e-17,-0,0,0.00449471,0,0,-0.609338,-1.14316,1.00772,-0.613592,1.86198,-1.4493,-25.2726,-0.718818,0.441581,-0.0899814,0,0,5.55112e-17,-0.0624156,-0.0615522,0.318302,0.322767,0.00287144,0,0,0,True,True
2.065,-0,0,-0.00453237,0,0,0.607847,-1.13809,1.01988,-0.614667,1.85468,-1.4705,-25.1551,-0.716588,0.450613,-0.0898923,0,0,-5.55112e-17,-0,0,0.00453237,0,0,-0.607847,-1.13809,1.01988,-0.614667,1.85468,-1.4705,-25.1551,-0.716588,0.450613,-0.0898923,0,0,5.55112e-17,-0.0623024,-0.0614473,0.325081,0.329605,0.00281668,0,0,0,True,True
2.07,-0,0,-0.00456691,0,0,0.60634,-1.13296,1.03172,-0.615641,1.84727,-1.49132,-25.0356,-0.714312,0.459602,-0.0898202,0,0,-1.92108e-33,-0,0,0.00456691,0,0,-0.60634,-1.13296,1.03172,-0.615641,1.84727,-1.49132,-25.0356,-0.714312,0.459602,-0.0898202,0,0,-1.58411e-33,-0.0622005,-0.0613534,0.331842,0.336424,0.00276105,0,0,0,True,True
2.075,-0,0,-0.00459827,0,0,0.604815,-1.12777,1.04323,-0.616514,1.83976,-1.51177,-24.9142,-0.711992,0.468541,-0.0897651,0,0,-5.55112e-17,-0,0,0.00459827,0,0,-0.604815,-1.12777,1.04323,-0.616514,1.83976,-1.51177,-24.9142,-0.711992,0.468541,-0.0897651,0,0,5.55112e-17,-0.0621098,-0.0612707,0.338583,0.34322,0.00270456,0,0,0,True,True
2.08,-0,0,-0.00462634,0,0,0.603275,-1.12253,1.05441,-0.617282,1.83216,-1.53183,-24.791,-0.709627,0.477426,-0.0897269,0,0,-5.55112e-17,-0,0,0.00462634,0,0,-0.603275,-1.12253,1.05441,-0.617282,1.83216,-1.53183,-24.791,-0.709627,0.477426,-0.0897269,0,0,5.55112e-17,-0.0620302,-0.0611989,0.345299,0.349989,0.00264722,0,0,0,True,True
2.085,-0,0,-0.00465108,0,0,0.601719,-1.11723,1.06525,-0.617945,1.82445,-1.5515,-24.666,-0.707218,0.486249,-0.0897055,0,0,-5.55112e-17,-0,0,0.00465108,0,0,-0.601719,-1.11723,1.06525,-0.617945,1.82445,-1.5515,-24.666,-0.707218,0.486249,-0.0897055,0,0,5.55112e-17,-0.0619615,-0.0611381,0.351986,0.356727,0.00258905,0,0,0,True,True
2.09,-0,0,-0.0046724,0,0,0.600148,-1.11188,1.07577,-0.6185,1.81664,-1.57077,-24.5393,-0.704764,0.495006,-0.0897004,0,0,-5.55112e-17,-0,0,0.0046724,0,0,-0.600148,-1.11188,1.07577,-0.6185,1.81664,-1.57077,-24.5393,-0.704764,0.495006,-0.0897004,0,0,5.55112e-17,-0.0619037,-0.0610879,0.35864,0.363429,0.00253005,0,0,0,True,True
2.095,-0,0,-0.00469023,0,0,0.598562,-1.10647,1.08595,-0.618946,1.80874,-1.58964,-24.4107,-0.702268,0.50369,-0.0897117,0,0,-5.55112e-17,-0,0,0.00469023,0,0,-0.598562,-1.10647,1.08595,-0.618946,1.80874,-1.58964,-24.4107,-0.702268,0.50369,-0.0897117,0,0,5.55112e-17,-0.0618565,-0.0610484,0.365256,0.370091,0.00247024,0,0,0,True,True
2.1,-0,0,-0.00470453,0,0,0.596963,-1.10102,1.0958,-0.619282,1.80074,-1.60809,-24.2805,-0.699727,0.512295,-0.0897389,0,0,4.62223e-34,-0,0,0.00470453,0,0,-0.596963,-1.10102,1.0958,-0.619282,1.80074,-1.60809,-24.2805,-0.699727,0.512295,-0.0897389,0,0,4.62223e-34,-0.0618198,-0.0610192,0.371829,0.376708,0.00240962,0,0,0,True,True
2.105,-0,0,-0.00471522,0,0,0.595352,-1.09551,1.10531,-0.619506,1.79266,-1.62613,-24.1487,-0.697145,0.520815,-0.0897816,0,0,-1.92593e-35,-0,0,0.00471522,0,0,-0.595352,-1.09551,1.10531,-0.619506,1.79266,-1.62613,-24.1487,-0.697145,0.520815,-0.0897816,0,0,-1.92593e-35,-0.0617932,-0.061,0.378356,0.383275,0.0023482,0,0,0,True,True
2.11,-0,0,-0.00472226,0,0,0.593727,-1.08996,1.11449,-0.619619,1.78448,-1.64374,-24.0152,-0.694519,0.529244,-0.0898396,0,0,-5.55112e-17,-0,0,0.00472226,0,0,-0.593727,-1.08996,1.11449,-0.619619,1.78448,-1.64374,-24.0152,-0.694519,0.529244,-0.0898396,0,0,5.55112e-17,-0.0617767,-0.0609908,0.38483,0.389789,0.002286,0,0,0,True,True
2.115,-0,0,-0.00472559,0,0,0.592091,-1.08437,1.12334,-0.619618,1.77622,-1.66092,-23.8801,-0.691852,0.537575,-0.0899124,0,0,-1.92593e-35,-0,0,0.00472559,0,0,-0.592091,-1.08437,1.12334,-0.619618,1.77622,-1.66092,-23.8801,-0.691852,0.537575,-0.0899124,0,0,-1.92593e-35,-0.0617697,-0.0609911,0.391249,0.396244,0.00222304,0,0,0,True,True
2.12,-0,0,-0.00472517,0,0,0.590444,-1.07873,1.13185,-0.619504,1.76787,-1.67766,-23.7434,-0.689144,0.545803,-0.0899995,0,0,-5.55112e-17,-0,0,0.00472517,0,0,-0.590444,-1.07873,1.13185,-0.619504,1.76787,-1.67766,-23.7434,-0.689144,0.545803,-0.0899995,0,0,5.55112e-17,-0.0617721,-0.0610007,0.397607,0.402635,0.00215931,0,0,0,True,True
2.125,-0,0,-0.00472095,0,0,0.588786,-1.07305,1.14003,-0.619275,1.75944,-1.69395,-23.6052,-0.686394,0.553921,-0.0901006,0,0,5.3926e-34,-0,0,0.00472095,0,0,-0.588786,-1.07305,1.14003,-0.619275,1.75944,-1.69395,-23.6052,-0.686394,0.553921,-0.0901006,0,0,5.3926e-34,-0.0617836,-0.0610193,0.403899,0.408958,0.00209484,0,0,0,True,True
2.13,-0,0,-0.00471289,0,0,0.587118,-1.06733,1.14786,-0.618932,1.75093,-1.70979,-23.4656,-0.683604,0.561922,-0.0902149,0,0,-5.55112e-17,-0,0,0.00471289,0,0,-0.587118,-1.06733,1.14786,-0.618932,1.75093,-1.70979,-23.4656,-0.683604,0.561922,-0.0902149,0,0,5.55112e-17,-0.0618036,-0.0610464,0.41012,0.415207,0.00202964,0,0,0,True,True
2.135,-0,0,-0.00470096,0,0,0.585441,-1.06157,1.15536,-0.618473,1.74235,-1.72516,-23.3245,-0.680775,0.569801,-0.0903421,0,0,-5.55112e-17,-0,0,0.00470096,0,0,-0.585441,-1.06157,1.15536,-0.618473,1.74235,-1.72516,-23.3245,-0.680775,0.569801,-0.0903421,0,0,5.55112e-17,-0.061832,-0.0610817,0.416265,0.421379,0.00196371,0,0,0,True,True
2.14,-0,0,-0.0046851,0,0,0.583755,-1.05578,1.16252,-0.617899,1.73368,-1.74007,-23.1821,-0.677906,0.577551,-0.0904815,0,0,-5.55112e-17,-0,0,0.0046851,0,0,-0.583755,-1.05578,1.16252,-0.617899,1.73368,-1.74007,-23.1821,-0.677906,0.577551,-0.0904815,0,0,5.55112e-17,-0.0618683,-0.0611249,0.42233,0.427467,0.00189709,0,0,0,True,True
2.145,-0,0,-0.0046653,0,0,0.582061,-1.04995,1.16934,-0.61721,1.72495,-1.75451,-23.0383,-0.674999,0.585166,-0.0906326,0,0,-5.55112e-17,-0,0,0.0046653,0,0,-0.582061,-1.04995,1.16934,-0.61721,1.72495,-1.75451,-23.0383,-0.674999,0.585166,-0.0906326,0,0,5.55112e-17,-0.0619121,-0.0611755,0.42831,0.433467,0.00182978,0,0,0,True,True
2.15,-0,0,-0.00464152,0,0,0.58036,-1.04408,1.17582,-0.616406,1.71614,-1.76846,-22.8932,-0.672055,0.592639,-0.0907946,0,0,3.31193e-35,-0,0,0.00464152,0,0,-0.58036,-1.04408,1.17582,-0.616406,1.71614,-1.76846,-22.8932,-0.672055,0.592639,-0.0907946,0,0,4.29104e-34,-0.0619629,-0.0612332,0.434199,0.439373,0.00176179,0,0,0,True,True
2.155,-0,0,-0.00461372,0,0,0.578653,-1.03819,1.18196,-0.615486,1.70726,-1.78193,-22.7468,-0.669073,0.599964,-0.0909671,0,0,3.85186e-34,-0,0,0.00461372,0,0,-0.578653,-1.03819,1.18196,-0.615486,1.70726,-1.78193,-22.7468,-0.669073,0.599964,-0.0909671,0,0,3.85186e-34,-0.0620204,-0.0612974,0.439992,0.445181,0.00169314,0,0,0,True,True
2.16,-0,0,-0.00458189,0,0,0.576939,-1.03226,1.18776,-0.614451,1.69832,-1.79489,-22.5993,-0.666055,0.607134,-0.0911492,0,0,-5.55112e-17,-0,0,0.00458189,0,0,-0.576939,-1.03226,1.18776,-0.614451,1.69832,-1.79489,-22.5993,-0.666055,0.607134,-0.0911492,0,0,5.55112e-17,-0.0620841,-0.0613678,0.445684,0.450886,0.00162386,0,0,0,True,True
2.165,-0,0,-0.004546,0,0,0.57522,-1.02631,1.19321,-0.613301,1.68931,-1.80735,-22.4506,-0.663002,0.614143,-0.0913404,0,0,-5.87409e-34,-0,0,0.004546,0,0,-0.57522,-1.02631,1.19321,-0.613301,1.68931,-1.80735,-22.4506,-0.663002,0.614143,-0.0913404,0,0,-5.87409e-34,-0.0621536,-0.0614439,0.45127,0.456482,0.00155394,0,0,0,True,True
2.17,-0,0,-0.00450603,0,0,0.573496,-1.02033,1.19831,-0.612036,1.68024,-1.8193,-22.3007,-0.659914,0.620985,-0.09154,0,0,-5.55112e-17,-0,0,0.00450603,0,0,-0.573496,-1.02033,1.19831,-0.612036,1.68024,-1.8193,-22.3007,-0.659914,0.620985,-0.09154,0,0,5.55112e-17,-0.0622284,-0.0615253,0.456745,0.461964,0.00148342,0,0,0,True,True
2.175,-0,0,-0.00446195,0,0,0.571769,-1.01433,1.20307,-0.610658,1.67112,-1.83072,-22.1498,-0.656792,0.627653,-0.0917472,0,0,-5.55112e-17,-0,0,0.00446195,0,0,-0.571769,-1.01433,1.20307,-0.610658,1.67112,-1.83072,-22.1498,-0.656792,0.627653,-0.0917472,0,0,5.55112e-17,-0.062308,-0.0616115,0.462103,0.467327,0.00141231,0,0,0,True,True
2.18,-0,0,-0.00441376,0,0,0.570038,-1.0083,1.20747,-0.609166,1.66194,-1.84162,-21.9979,-0.653637,0.63414,-0.0919613,0,0,-2.7459e-34,-0,0,0.00441376,0,0,-0.570038,-1.0083,1.20747,-0.609166,1.66194,-1.84162,-21.9979,-0.653637,0.63414,-0.0919613,0,0,1.2533e-34,-0.062392,-0.061702,0.467339,0.472565,0.00134063,0,0,0,True,True
2.185,-0,0,-0.00436142,0,0,0.568304,-1.00225,1.21153,-0.607561,1.6527,-1.85197,-21.845,-0.65045,0.640441,-0.0921817,0,0,-5.55112e-17,-0,0,0.00436142,0,0,-0.568304,-1.00225,1.21153,-0.607561,1.6527,-1.85197,-21.845,-0.65045,0.640441,-0.0921817,0,0,5.55112e-17,-0.0624799,-0.0617964,0.472448,0.477673,0.0012684,0,0,0,True,True
2.19,-0,0,-0.00430492,0,0,0.566568,-0.996185,1.21524,-0.605844,1.64342,-1.86179,-21.6912,-0.647233,0.646548,-0.0924076,0,0,-5.3926e-34,-0,0,0.00430492,0,0,-0.566568,-0.996185,1.21524,-0.605844,1.64342,-1.86179,-21.6912,-0.647233,0.646548,-0.0924076,0,0,-5.3926e-34,-0.0625712,-0.0618943,0.477424,0.482645,0.00119564,0,0,0,True,True
2.195,-0,0,-0.00424426,0,0,0.564831,-0.9901,1.21859,-0.604015,1.63408,-1.87104,-21.5365,-0.643985,0.652455,-0.0926383,0,0,-6.16298e-34,-0,0,0.00424426,0,0,-0.564831,-0.9901,1.21859,-0.604015,1.63408,-1.87104,-21.5365,-0.643985,0.652455,-0.0926383,0,0,-6.16298e-34,-0.0626655,-0.061995,0.482262,0.487478,0.00112237,0,0,0,True,True
2.2,-0,0,-0.00417942,0,0,0.563093,-0.983999,1.22158,-0.602075,1.62471,-1.87974,-21.381,-0.640708,0.658156,-0.0928731,0,0,-5.55112e-17,-0,0,0.00417942,0,0,-0.563093,-0.983999,1.22158,-0.602075,1.62471,-1.87974,-21.381,-0.640708,0.658156,-0.0928731,0,0,5.55112e-17,-0.0627623,-0.0620983,0.486956,0.492163,0.00104861,0,0,0,True,True
2.205,-0,0,-0.00411038,0,0,0.561356,-0.977884,1.22422,-0.600026,1.61529,-1.88786,-21.2247,-0.637403,0.663644,-0.0931113,0,0,-1.29521e-34,-0,0,0.00411038,0,0,-0.561356,-0.977884,1.22422,-0.600026,1.61529,-1.88786,-21.2247,-0.637403,0.663644,-0.0931113,0,0,-5.25296e-34,-0.0628612,-0.0622036,0.491501,0.496697,0.000974384,0,0,0,True,True
2.21,-0,0,-0.00403715,0,0,0.559619,-0.971757,1.22649,-0.597867,1.60583,-1.8954,-21.0677,-0.634072,0.668912,-0.0933522,0,0,-5.55112e-17,-0,0,0.00403715,0,0,-0.559619,-0.971757,1.22649,-0.597867,1.60583,-1.8954,-21.0677,-0.634072,0.668912,-0.0933522,0,0,5.55112e-17,-0.0629618,-0.0623105,0.495892,0.501074,0.000899716,0,0,0,True,True
2.215,-0,0,-0.00395972,0,0,0.557883,-0.965619,1.2284,-0.5956,1.59633,-1.90235,-20.9101,-0.630714,0.673954,-0.0935951,0,0,7.70372e-35,-0,0,0.00395972,0,0,-0.557883,-0.965619,1.2284,-0.5956,1.59633,-1.90235,-20.9101,-0.630714,0.673954,-0.0935951,0,0,7.70372e-35,-0.0630635,-0.0624186,0.500122,0.505289,0.00082463,0,0,0,True,True
2.22,-0,0,-0.00387807,0,0,0.556149,-0.959473,1.22994,-0.593227,1.5868,-1.90871,-20.7518,-0.627332,0.678763,-0.0938394,0,0,3.80159e-34,-0,0,0.00387807,0,0,-0.556149,-0.959473,1.22994,-0.593227,1.5868,-1.90871,-20.7518,-0.627332,0.678763,-0.0938394,0,0,1.16059e-33,-0.0631659,-0.0625274,0.504186,0.509335,0.00074915,0,0,0,True,True
2.225,-0,0,-0.00379221,0,0,0.554418,-0.95332,1.23112,-0.590747,1.57725,-1.91445,-20.593,-0.623927,0.683333,-0.0940844,0,0,-5.55112e-17,-0,0,0.00379221,0,0,-0.554418,-0.95332,1.23112,-0.590747,1.57725,-1.91445,-20.593,-0.623927,0.683333,-0.0940844,0,0,5.55112e-17,-0.0632688,-0.0626366,0.508078,0.513206,0.000673304,0,0,0,True,True
2.23,-0,0,-0.00370214,0,0,0.552691,-0.947162,1.23192,-0.588163,1.56766,-1.91958,-20.4337,-0.620499,0.687658,-0.0943295,0,0,7.70372e-34,-0,0,0.00370214,0,0,-0.552691,-0.947162,1.23192,-0.588163,1.56766,-1.91958,-20.4337,-0.620499,0.687658,-0.0943295,0,0,7.70372e-34,-0.0633716,-0.0627457,0.511794,0.516899,0.000597117,0,0,0,True,True
2.235,-0,0,-0.00360786,0,0,0.550967,-0.941,1.23234,-0.585476,1.55805,-1.92407,-20.2739,-0.61705,0.691729,-0.094574,0,0,-5.55112e-17,-0,0,0.00360786,0,0,-0.550967,-0.941,1.23234,-0.585476,1.55805,-1.92407,-20.2739,-0.61705,0.691729,-0.094574,0,0,5.55112e-17,-0.063474,-0.0628544,0.515326,0.520406,0.000520617,0,0,0,True,True
2.24,-0,0,-0.00350936,0,0,0.549248,-0.934838,1.23239,-0.582686,1.54842,-1.92793,-20.1137,-0.613581,0.695542,-0.0948175,0,0,-5.55112e-17,-0,0,0.00350936,0,0,-0.549248,-0.934838,1.23239,-0.582686,1.54842,-1.92793,-20.1137,-0.613581,0.695542,-0.0948175,0,0,5.55112e-17,-0.0635757,-0.0629624,0.51867,0.523722,0.000443833,0,0,0,True,True
2.245,-0,0,-0.00340666,0,0,0.547534,-0.928677,1.23206,-0.579796,1.53877,-1.93115,-19.9532,-0.610095,0.699089,-0.0950594,0,0,-5.55112e-17,-0,0,0.00340666,0,0,-0.547534,-0.928677,1.23206,-0.579796,1.53877,-1.93115,-19.9532,-0.610095,0.699089,-0.0950594,0,0,5.55112e-17,-0.0636763,-0.0630693,0.521819,0.526841,0.000366795,0,0,0,True,True
2.25,-0,0,-0.00329977,0,0,0.545827,-0.922518,1.23134,-0.576806,1.52911,-1.9337,-19.7924,-0.606591,0.702364,-0.0952992,0,0,3.72681e-34,-0,0,0.00329977,0,0,-0.545827,-0.922518,1.23134,-0.576806,1.52911,-1.9337,-19.7924,-0.606591,0.702364,-0.0952992,0,0,-3.72681e-34,-0.0637755,-0.0631748,0.524768,0.529758,0.000289533,0,0,0,True,True
2.255,-0,0,-0.00318869,0,0,0.544126,-0.916363,1.23023,-0.573718,1.51943,-1.93559,-19.6314,-0.603071,0.70536,-0.0955365,0,0,-5.55112e-17,-0,0,0.00318869,0,0,-0.544126,-0.916363,1.23023,-0.573718,1.51943,-1.93559,-19.6314,-0.603071,0.70536,-0.0955365,0,0,5.55112e-17,-0.0638731,-0.0632786,0.527511,0.532467,0.00021208,0,0,0,True,True
2.26,-0,0,-0.00307343,0,0,0.542432,-0.910215,1.22872,-0.570534,1.50975,-1.93679,-19.4702,-0.599537,0.708069,-0.0957708,0,0,0,-0,0,0.00307343,0,0,-0.542432,-0.910215,1.22872,-0.570534,1.50975,-1.93679,-19.4702,-0.599537,0.708069,-0.0957708,0,0,0,-0.0639689,-0.0633806,0.530042,0.534961,0.000134469,0,0,0,True,True
2.265,-0,0,-0.00295402,0,0,0.540746,-0.904076,1.22682,-0.567256,1.50007,-1.93731,-19.3089,-0.59599,0.710487,-0.0960017,0,0,-5.55112e-17,-0,0,0.00295402,0,0,-0.540746,-0.904076,1.22682,-0.567256,1.50007,-1.93731,-19.3089,-0.59599,0.710487,-0.0960017,0,0,5.55112e-17,-0.0640625,-0.0634805,0.532355,0.537236,5.67325e-05,0,0,0,True,True
2.27,-0,0,-0.00283046,0,0,0.539069,-0.897947,1.22452,-0.563884,1.49038,-1.93712,-19.1475,-0.592432,0.712605,-0.0962291,0,0,1.54074e-34,-0,0,0.00283046,0,0,-0.539069,-0.897947,1.22452,-0.563884,1.49038,-1.93712,-19.1475,-0.592432,0.712605,-0.0962291,0,0,1.54074e-34,-0.0641539,-0.0635781,0.534444,0.539285,-2.10929e-05,0,0,0,True,True
2.275,-0,0,-0.00270279,0,0,0.537401,-0.891831,1.22181,-0.560421,1.48069,-1.93623,-18.9862,-0.588864,0.714418,-0.0964526,0,0,-5.55112e-17,-0,0,0.00270279,0,0,-0.537401,-0.891831,1.22181,-0.560421,1.48069,-1.93623,-18.9862,-0.588864,0.714418,-0.0964526,0,0,5.55112e-17,-0.0642429,-0.0636732,0.536303,0.541102,-9.89712e-05,0,0,0,True,True
2.28,-0,0,-0.00257103,0,0,0.535743,-0.885729,1.21869,-0.556869,1.47102,-1.93461,-18.8249,-0.585288,0.715918,-0.0966719,0,0,1.08574e-33,-0,0,0.00257103,0,0,-0.535743,-0.885729,1.21869,-0.556869,1.47102,-1.93461,-18.8249,-0.585288,0.715918,-0.0966719,0,0,1.08574e-33,-0.0643295,-0.0637659,0.537927,0.542681,-0.000176865,0,0,0,True,True
2.285,-0,0,-0.0024352,0,0,0.534096,-0.879644,1.21515,-0.55323,1.46135,-1.93225,-18.6637,-0.581705,0.717098,-0.096887,0,0,-5.55112e-17,-0,0,0.0024352,0,0,-0.534096,-0.879644,1.21515,-0.55323,1.46135,-1.93225,-18.6637,-0.581705,0.717098,-0.096887,0,0,5.55112e-17,-0.0644134,-0.063856,0.539309,0.544017,-0.000254735,0,0,0,True,True
2.29,-0,0,-0.00229534,0,0,0.53246,-0.873577,1.2112,-0.549505,1.45169,-1.92915,-18.5027,-0.578117,0.717952,-0.0970978,0,0,-5.55112e-17,-0,0,0.00229534,0,0,-0.53246,-0.873577,1.2112,-0.549505,1.45169,-1.92915,-18.5027,-0.578117,0.717952,-0.0970978,0,0,5.55112e-17,-0.0644948,-0.0639434,0.540444,0.545104,-0.000332542,0,0,0,True,True
2.295,-0,0,-0.00215148,0,0,0.530835,-0.867532,1.20682,-0.545697,1.44206,-1.92529,-18.3419,-0.574525,0.718474,-0.0973042,0,0,-5.55112e-17,-0,0,0.00215148,0,0,-0.530835,-0.867532,1.20682,-0.545697,1.44206,-1.92529,-18.3419,-0.574525,0.718474,-0.0973042,0,0,5.55112e-17,-0.0645736,-0.0640282,0.541325,0.545935,-0.000410243,0,0,0,True,True
2.3,-0,0,-0.00200367,0,0,0.529223,-0.861509,1.202,-0.541809,1.43244,-1.92066,-18.1815,-0.570932,0.718656,-0.0975063,0,0,-5.55112e-17,-0,0,0.00200367,0,0,-0.529223,-0.861509,1.202,-0.541809,1.43244,-1.92066,-18.1815,-0.570932,0.718656,-0.0975063,0,0,5.55112e-17,-0.0646499,-0.0641105,0.541946,0.546505,-0.000487797,0,0,0,True,True
2.305,-0,0,-0.00185196,0,0,0.527625,-0.855512,1.19676,-0.537841,1.42285,-1.91525,-18.0214,-0.567339,0.718492,-0.0977041,0,0,0,-0,0,0.00185196,0,0,-0.527625,-0.855512,1.19676,-0.537841,1.42285,-1.91525,-18.0214,-0.567339,0.718492,-0.0977041,0,0,0,-0.0647237,-0.0641903,0.542302,0.546808,-0.00056516,0,0,0,True,True
2.31,-0,0,-0.00169639,0,0,0.526039,-0.849542,1.19107,-0.533797,1.41329,-1.90904,-17.8617,-0.563747,0.717974,-0.0978978,0,0,-5.55112e-17,-0,0,0.00169639,0,0,-0.526039,-0.849542,1.19107,-0.533797,1.41329,-1.90904,-17.8617,-0.563747,0.717974,-0.0978978,0,0,5.55112e-17,-0.0647953,-0.0642678,0.542386,0.546838,-0.000642286,0,0,0,True,True
2.315,-0,0,-0.00153702,0,0,0.524468,-0.843601,1.18493,-0.52968,1.40376,-1.90203,-17.7025,-0.560159,0.717097,-0.0980876,0,0,-5.55112e-17,-0,0,0.00153702,0,0,-0.524468,-0.843601,1.18493,-0.52968,1.40376,-1.90203,-17.7025,-0.560159,0.717097,-0.0980876,0,0,5.55112e-17,-0.0648647,-0.0643431,0.542192,0.546588,-0.000719129,0,0,0,True,True
2.32,-0,0,-0.00137392,0,0,0.522912,-0.837692,1.17835,-0.525492,1.39427,-1.8942,-17.5438,-0.556576,0.715853,-0.0982737,0,0,-4.62223e-34,-0,0,0.00137392,0,0,-0.522912,-0.837692,1.17835,-0.525492,1.39427,-1.8942,-17.5438,-0.556576,0.715853,-0.0982737,0,0,-4.62223e-34,-0.0649322,-0.0644164,0.541715,0.546054,-0.000795641,0,0,0,True,True
2.325,-0,0,-0.00120715,0,0,0.521372,-0.831818,1.1713,-0.521235,1.38482,-1.88554,-17.3858,-0.553001,0.714236,-0.0984566,0,0,-5.55112e-17,-0,0,0.00120715,0,0,-0.521372,-0.831818,1.1713,-0.521235,1.38482,-1.88554,-17.3858,-0.553001,0.714236,-0.0984566,0,0,5.55112e-17,-0.064998,-0.0644879,0.540949,0.545228,-0.000871771,0,0,0,True,True
2.33,-0,0,-0.00103679,0,0,0.519847,-0.825979,1.1638,-0.516913,1.37541,-1.87604,-17.2284,-0.549434,0.71224,-0.0986365,0,0,-5.55112e-17,-0,0,0.00103679,0,0,-0.519847,-0.825979,1.1638,-0.516913,1.37541,-1.87604,-17.2284,-0.549434,0.71224,-0.0986365,0,0,5.55112e-17,-0.0650624,-0.064558,0.539888,0.544106,-0.00094747,0,0,0,True,True
2.335,-0,0,-0.000862925,0,0,0.518339,-0.82018,1.15582,-0.512529,1.36606,-1.86568,-17.0718,-0.545878,0.709857,-0.0988138,0,0,-3.85186e-34,-0,0,0.000862925,0,0,-0.518339,-0.82018,1.15582,-0.512529,1.36606,-1.86568,-17.0718,-0.545878,0.709857,-0.0988138,0,0,-3.85186e-34,-0.0651257,-0.0646268,0.538525,0.542682,-0.00102269,0,0,0,True,True
2.34,-0,0,-0.000685645,0,0,0.516849,-0.814421,1.14737,-0.508085,1.35676,-1.85445,-16.916,-0.542335,0.707081,-0.098989,0,0,-5.55112e-17,-0,0,0.000685645,0,0,-0.516849,-0.814421,1.14737,-0.508085,1.35676,-1.85445,-16.916,-0.542335,0.707081,-0.098989,0,0,5.55112e-17,-0.0651882,-0.0646948,0.536855,0.540949,-0.00109736,0,0,0,True,True
2.345,-0,0,-0.000505047,0,0,0.515376,-0.808706,1.13844,-0.503586,1.34751,-1.84235,-16.761,-0.538807,0.703906,-0.0991626,0,0,-5.55112e-17,-0,0,0.000505047,0,0,-0.515376,-0.808706,1.13844,-0.503586,1.34751,-1.84235,-16.761,-0.538807,0.703906,-0.0991626,0,0,5.55112e-17,-0.0652501,-0.0647623,0.534873,0.538903,-0.00117145,0,0,0,True,True
2.35,-0,0,-0.000321238,0,0,0.513922,-0.803037,1.12903,-0.499034,1.33833,-1.82935,-16.607,-0.535296,0.700325,-0.099335,0,0,-5.55112e-17,-0,0,0.000321238,0,0,-0.513922,-0.803037,1.12903,-0.499034,1.33833,-1.82935,-16.607,-0.535296,0.700325,-0.099335,0,0,5.55112e-17,-0.065312,-0.0648295,0.532573,0.536537,-0.00124489,0,0,0,True,True
2.355,-0,0,-0.000134334,0,0,0.512487,-0.797416,1.11912,-0.494434,1.32922,-1.81545,-16.454,-0.531804,0.696333,-0.0995068,0,0,1.19408e-33,-0,0,0.000134334,0,0,-0.512487,-0.797416,1.11912,-0.494434,1.32922,-1.81545,-16.454,-0.531804,0.696333,-0.0995068,0,0,1.19408e-33,-0.0653741,-0.0648969,0.529949,0.533846,-0.00131761,0,0,0,True,True
2.36,-0,0,5.55408e-05,0,0,0.511071,-0.791846,1.10872,-0.489789,1.32018,-1.80064,-16.3021,-0.528333,0.691923,-0.0996783,0,0,-5.55112e-17,-0,0,-5.55408e-05,0,0,-0.511071,-0.791846,1.10872,-0.489789,1.32018,-1.80064,-16.3021,-0.528333,0.691923,-0.0996783,0,0,5.55112e-17,-0.0654367,-0.0649647,0.526995,0.530825,-0.00138958,0,0,0,True,True
2.365,-0,0,0.000248251,0,0,0.509675,-0.786329,1.09781,-0.485103,1.31121,-1.7849,-16.1513,-0.524885,0.687089,-0.0998502,0,0,-5.55112e-17,-0,0,-0.000248251,0,0,-0.509675,-0.786329,1.09781,-0.485103,1.31121,-1.7849,-16.1513,-0.524885,0.687089,-0.0998502,0,0,5.55112e-17,-0.0655002,-0.0650333,0.523707,0.527468,-0.00146071,0,0,0,True,True
2.37,-0,0,0.000443653,0,0,0.5083,-0.780867,1.08639,-0.48038,1.30233,-1.76822,-16.0018,-0.521462,0.681825,-0.100023,0,0,-5.55112e-17,-0,0,-0.000443653,0,0,-0.5083,-0.780867,1.08639,-0.48038,1.30233,-1.76822,-16.0018,-0.521462,0.681825,-0.100023,0,0,5.55112e-17,-0.0655649,-0.0651029,0.52008,0.523771,-0.00153096,0,0,0,True,True
2.375,-0,0,0.000641592,0,0,0.506946,-0.775465,1.07446,-0.475624,1.29353,-1.75059,-15.8536,-0.518067,0.676126,-0.100196,0,0,3.27408e-34,-0,0,-0.000641592,0,0,-0.506946,-0.775465,1.07446,-0.475624,1.29353,-1.75059,-15.8536,-0.518067,0.676126,-0.100196,0,0,3.27408e-34,-0.0656308,-0.0651737,0.516108,0.519727,-0.00160025,0,0,0,True,True
2.38,-0,0,0.000841903,0,0,0.505613,-0.770123,1.06202,-0.47084,1.28482,-1.732,-15.7067,-0.514701,0.669986,-0.100371,0,0,0,-0,0,-0.000841903,0,0,-0.505613,-0.770123,1.06202,-0.47084,1.28482,-1.732,-15.7067,-0.514701,0.669986,-0.100371,0,0,0,-0.0656983,-0.065246,0.511786,0.515334,-0.00166852,0,0,0,True,True
2.385,-0,0,0.00104441,0,0,0.504303,-0.764844,1.04904,-0.466033,1.27621,-1.71245,-15.5612,-0.511367,0.663401,-0.100546,0,0,-5.55112e-17,-0,0,-0.00104441,0,0,-0.504303,-0.764844,1.04904,-0.466033,1.27621,-1.71245,-15.5612,-0.511367,0.663401,-0.100546,0,0,5.55112e-17,-0.0657674,-0.0653197,0.50711,0.510585,-0.00173571,0,0,0,True,True
2.39,-0,0,0.00124892,0,0,0.503015,-0.759632,1.03554,-0.461207,1.2677,-1.69191,-15.4173,-0.508067,0.656365,-0.100723,0,0,-5.18463e-34,-0,0,-0.00124892,0,0,-0.503015,-0.759632,1.03554,-0.461207,1.2677,-1.69191,-15.4173,-0.508067,0.656365,-0.100723,0,0,-9.78351e-35,-0.0658379,-0.0653948,0.502076,0.505478,-0.00180175,0,0,0,True,True
2.395,-0,0,0.00145524,0,0,0.501751,-0.754489,1.02151,-0.456367,1.25929,-1.67038,-15.275,-0.504803,0.648873,-0.100901,0,0,1.84889e-33,-0,0,-0.00145524,0,0,-0.501751,-0.754489,1.02151,-0.456367,1.25929,-1.67038,-15.275,-0.504803,0.648873,-0.100901,0,0,1.84889e-33,-0.0659097,-0.0654711,0.496679,0.500006,-0.00186656,0,0,0,True,True
2.4,-0,0,0.00166316,0,0,0.50051,-0.749417,1.00694,-0.451518,1.251,-1.64786,-15.1344,-0.501578,0.640922,-0.101078,0,0,-3.08149e-34,-0,0,-0.00166316,0,0,-0.50051,-0.749417,1.00694,-0.451518,1.251,-1.64786,-15.1344,-0.501578,0.640922,-0.101078,0,0,-3.08149e-34,-0.0659823,-0.065548,0.490916,0.494168,-0.00193008,0,0,0,True,True
2.405,-0,0,0.00187246,0,0,0.499293,-0.74442,0.991829,-0.446666,1.24281,-1.62434,-14.9955,-0.498394,0.632508,-0.101255,0,0,-5.55112e-17,-0,0,-0.00187246,0,0,-0.499293,-0.74442,0.991829,-0.446666,1.24281,-1.62434,-14.9955,-0.498394,0.632508,-0.101255,0,0,5.55112e-17,-0.066055,-0.0656251,0.484782,0.487958,-0.00199223,0,0,0,True,True
2.41,-0,0,0.0020829,0,0,0.498101,-0.739499,0.976173,-0.441816,1.23475,-1.5998,-14.8584,-0.495253,0.623626,-0.101429,0,0,-5.55112e-17,-0,0,-0.0020829,0,0,-0.498101,-0.739499,0.976173,-0.441816,1.23475,-1.5998,-14.8584,-0.495253,0.623626,-0.101429,0,0,5.55112e-17,-0.0661271,-0.0657013,0.478275,0.481375,-0.00205295,0,0,0,True,True
2.415,-0,0,0.00229424,0,0,0.496934,-0.734658,0.95997,-0.436974,1.22682,-1.57424,-14.7233,-0.492158,0.614274,-0.101599,0,0,-1.2326e-33,-0,0,-0.00229424,0,0,-0.496934,-0.734658,0.95997,-0.436974,1.22682,-1.57424,-14.7233,-0.492158,0.614274,-0.101599,0,0,-1.2326e-33,-0.0661971,-0.0657753,0.471392,0.474414,-0.00211216,0,0,0,True,True
2.42,-0,0,0.00250623,0,0,0.495793,-0.729899,0.943217,-0.432144,1.21901,-1.54767,-14.5902,-0.48911,0.604449,-0.101762,0,0,0,-0,0,-0.00250623,0,0,-0.495793,-0.729899,0.943217,-0.432144,1.21901,-1.54767,-14.5902,-0.48911,0.604449,-0.101762,0,0,0,-0.0662634,-0.0658457,0.46413,0.467074,-0.00216978,0,0,0,True,True
2.425,-0,0,0.00271859,0,0,0.494677,-0.725226,0.925911,-0.427334,1.21134,-1.52006,-14.4591,-0.486113,0.594148,-0.101914,0,0,-5.55112e-17,-0,0,-0.00271859,0,0,-0.494677,-0.725226,0.925911,-0.427334,1.21134,-1.52006,-14.4591,-0.486113,0.594148,-0.101914,0,0,5.55112e-17,-0.0663241,-0.0659103,0.456487,0.459353,-0.00222574,0,0,0,True,True
2.43,-0,0,0.00293106,0,0,0.493588,-0.72064,0.908052,-0.422548,1.20381,-1.49142,-14.3302,-0.483169,0.583371,-0.102053,0,0,-2.46519e-33,-0,0,-0.00293106,0,0,-0.493588,-0.72064,0.908052,-0.422548,1.20381,-1.49142,-14.3302,-0.483169,0.583371,-0.102053,0,0,-2.46519e-33,-0.0663764,-0.0659665,0.448461,0.451248,-0.00227996,0,0,0,True,True
2.435,-0,0,0.00314334,0,0,0.492525,-0.716145,0.889639,-0.417793,1.19642,-1.46175,-14.2036,-0.48028,0.572115,-0.102172,0,0,-5.55112e-17,-0,0,-0.00314334,0,0,-0.492525,-0.716145,0.889639,-0.417793,1.19642,-1.46175,-14.2036,-0.48028,0.572115,-0.102172,0,0,5.55112e-17,-0.0664174,-0.0660113,0.440052,0.442759,-0.00233237,0,0,0,True,True
2.44,-0,0,0.00335515,0,0,0.49149,-0.711744,0.870671,-0.413075,1.18919,-1.43105,-14.0794,-0.477448,0.560381,-0.102267,0,0,-5.55112e-17,-0,0,-0.00335515,0,0,-0.49149,-0.711744,0.870671,-0.413075,1.18919,-1.43105,-14.0794,-0.477448,0.560381,-0.102267,0,0,5.55112e-17,-0.0664432,-0.066041,0.431258,0.433885,-0.00238288,0,0,0,True,True
2.445,-0,0,0.00356619,0,0,0.490483,-0.707438,0.85115,-0.408399,1.18211,-1.39932,-13.9575,-0.474676,0.548169,-0.10233,0,0,0,-0,0,-0.00356619,0,0,-0.490483,-0.707438,0.85115,-0.408399,1.18211,-1.39932,-13.9575,-0.474676,0.548169,-0.10233,0,0,0,-0.0664497,-0.0660513,0.42208,0.424626,-0.00243141,0,0,0,True,True
2.45,-0,0,0.00377613,0,0,0.489503,-0.703232,0.831076,-0.403772,1.1752,-1.36656,-13.8382,-0.471966,0.535479,-0.102354,0,0,-5.55112e-17,-0,0,-0.00377613,0,0,-0.489503,-0.703232,0.831076,-0.403772,1.1752,-1.36656,-13.8382,-0.471966,0.535479,-0.102354,0,0,5.55112e-17,-0.0664319,-0.0660373,0.412517,0.414982,-0.0024779,0,0,0,True,True
2.455,-0,0,0.00398467,0,0,0.488552,-0.699128,0.810451,-0.399199,1.16845,-1.33276,-13.7216,-0.469321,0.522314,-0.102331,0,0,-5.55112e-17,-0,0,-0.00398467,0,0,-0.488552,-0.699128,0.810451,-0.399199,1.16845,-1.33276,-13.7216,-0.469321,0.522314,-0.102331,0,0,5.55112e-17,-0.0663843,-0.0659936,0.402572,0.404955,-0.00252225,0,0,0,True,True
2.46,-0,0,0.00419147,0,0,0.487629,-0.695128,0.789279,-0.394687,1.16187,-1.29795,-13.6076,-0.466743,0.508674,-0.102251,0,0,-1.12038e-33,-0,0,-0.00419147,0,0,-0.487629,-0.695128,0.789279,-0.394687,1.16187,-1.29795,-13.6076,-0.466743,0.508674,-0.102251,0,0,-1.34481e-33,-0.0663011,-0.0659143,0.392245,0.394546,-0.00256439,0,0,0,True,True
2.465,-0,0,0.0043962,0,0,0.486736,-0.691235,0.767564,-0.390242,1.15547,-1.26213,-13.4964,-0.464234,0.494565,-0.102105,0,0,-5.55112e-17,-0,0,-0.0043962,0,0,-0.486736,-0.691235,0.767564,-0.390242,1.15547,-1.26213,-13.4964,-0.464234,0.494565,-0.102105,0,0,5.55112e-17,-0.0661762,-0.0657935,0.381539,0.383758,-0.00260424,0,0,0,True,True
2.47,-0,0,0.00459848,0,0,0.485872,-0.687452,0.74531,-0.385871,1.14925,-1.2253,-13.3881,-0.461797,0.479988,-0.101884,0,0,-5.55112e-17,-0,0,-0.00459848,0,0,-0.485872,-0.687452,0.74531,-0.385871,1.14925,-1.2253,-13.3881,-0.461797,0.479988,-0.101884,0,0,5.55112e-17,-0.0660037,-0.0656253,0.370457,0.372593,-0.00264172,0,0,0,True,True
2.475,-0,0,0.00479793,0,0,0.485038,-0.683782,0.722523,-0.38158,1.14322,-1.18747,-13.2828,-0.459434,0.464951,-0.101579,0,0,-5.55112e-17,-0,0,-0.00479793,0,0,-0.485038,-0.683782,0.722523,-0.38158,1.14322,-1.18747,-13.2828,-0.459434,0.464951,-0.101579,0,0,5.55112e-17,-0.0657786,-0.0654046,0.359003,0.361056,-0.00267675,0,0,0,True,True
2.48,-0,0,0.00499415,0,0,0.484234,-0.680227,0.699211,-0.377378,1.13737,-1.14867,-13.1806,-0.457148,0.449458,-0.101186,0,0,-5.55112e-17,-0,0,-0.00499415,0,0,-0.484234,-0.680227,0.699211,-0.377378,1.13737,-1.14867,-13.1806,-0.457148,0.449458,-0.101186,0,0,5.55112e-17,-0.0654972,-0.0651277,0.347182,0.349151,-0.00270925,0,0,0,True,True
2.485,-0,0,0.00518667,0,0,0.48346,-0.67679,0.675381,-0.373274,1.13173,-1.1089,-13.0815,-0.45494,0.433516,-0.100702,0,0,-5.55112e-17,-0,0,-0.00518667,0,0,-0.48346,-0.67679,0.675381,-0.373274,1.13173,-1.1089,-13.0815,-0.45494,0.433516,-0.100702,0,0,5.55112e-17,-0.0651585,-0.0647939,0.334998,0.336884,-0.00273915,0,0,0,True,True
2.49,-0,0,0.00537495,0,0,0.482717,-0.673473,0.651042,-0.369277,1.12629,-1.06817,-12.9858,-0.452813,0.417132,-0.100133,0,0,-5.55112e-17,-0,0,-0.00537495,0,0,-0.482717,-0.673473,0.651042,-0.369277,1.12629,-1.06817,-12.9858,-0.452813,0.417132,-0.100133,0,0,5.55112e-17,-0.0647659,-0.0644061,0.322459,0.32426,-0.00276637,0,0,0,True,True
2.495,-0,0,0.00555839,0,0,0.482005,-0.670279,0.626206,-0.365402,1.12105,-1.02652,-12.8934,-0.450768,0.400317,-0.0994925,0,0,-5.55112e-17,-0,0,-0.00555839,0,0,-0.482005,-0.670279,0.626206,-0.365402,1.12105,-1.02652,-12.8934,-0.450768,0.400317,-0.0994925,0,0,5.55112e-17,-0.0643287,-0.0639739,0.30957,0.311287,-0.00279083,0,0,0,True,True
2.5,-0,0,0.00573624,0,0,0.481324,-0.667211,0.600883,-0.361664,1.11602,-0.983962,-12.8045,-0.448809,0.383078,-0.0988089,0,0,-5.55112e-17,-0,0,-0.00573624,0,0,-0.481324,-0.667211,0.600883,-0.361664,1.11602,-0.983962,-12.8045,-0.448809,0.383078,-0.0988089,0,0,5.55112e-17,-0.063865,-0.0635152,0.29634,0.297972,-0.00281246,0,0,0,True,True
2.505,-0,0,0.00590761,0,0,0.480675,-0.66427,0.575087,-0.358083,1.11121,-0.940515,-12.7193,-0.446938,0.365428,-0.0981282,0,0,1.69482e-33,-0,0,-0.00590761,0,0,-0.480675,-0.66427,0.575087,-0.358083,1.11121,-0.940515,-12.7193,-0.446938,0.365428,-0.0981282,0,0,1.69482e-33,-0.0634046,-0.0630596,0.282777,0.284325,-0.00283118,0,0,0,True,True
2.51,-0,0,0.0060714,0,0,0.480057,-0.66146,0.548832,-0.354687,1.10662,-0.896209,-12.6378,-0.445155,0.347377,-0.0975201,0,0,-5.55112e-17,-0,0,-0.0060714,0,0,-0.480057,-0.66146,0.548832,-0.354687,1.10662,-0.896209,-12.6378,-0.445155,0.347377,-0.0975201,0,0,5.55112e-17,-0.0629924,-0.0626518,0.268891,0.270353,-0.00284693,0,0,0,True,True
2.515,-0,0,0.00622625,0,0,0.479472,-0.658782,0.522133,-0.351508,1.10225,-0.851071,-12.5602,-0.443464,0.328938,-0.0970838,0,0,0,-0,0,-0.00622625,0,0,-0.479472,-0.658782,0.522133,-0.351508,1.10225,-0.851071,-12.5602,-0.443464,0.328938,-0.0970838,0,0,0,-0.0626925,-0.0623555,0.254692,0.256068,-0.00285963,0,0,0,True,True
2.52,-0,0,0.00637051,0,0,0.478919,-0.656239,0.495007,-0.348587,1.0981,-0.805131,-12.4867,-0.441866,0.310124,-0.0969536,0,0,-5.55112e-17,-0,0,-0.00637051,0,0,-0.478919,-0.656239,0.495007,-0.348587,1.0981,-0.805131,-12.4867,-0.441866,0.310124,-0.0969536,0,0,5.55112e-17,-0.0625914,-0.0622569,0.24019,0.24148,-0.00286921,0,0,0,True,True
2.525,-0,0,0.00650222,0,0,0.478398,-0.653832,0.467474,-0.345976,1.09419,-0.758423,-12.4175,-0.440363,0.290949,-0.0973025,0,0,0,-0,0,-0.00650222,0,0,-0.478398,-0.653832,0.467474,-0.345976,1.09419,-0.758423,-12.4175,-0.440363,0.290949,-0.0973025,0,0,0,-0.0628007,-0.0624668,0.225396,0.226601,-0.00287561,0,0,0,True,True
2.53,-0,0,0.00661908,0,0,0.47791,-0.651564,0.439552,-0.343732,1.09052,-0.710981,-12.3527,-0.438956,0.271429,-0.0983414,0,0,-8.78224e-33,-0,0,-0.00661908,0,0,-0.47791,-0.651564,0.439552,-0.343732,1.09052,-0.710981,-12.3527,-0.438956,0.271429,-0.0983414,0,0,-8.78224e-33,-0.0634562,-0.0631205,0.210324,0.211443,-0.00287876,0,0,0,True,True
2.535,-0,0,0.00671858,0,0,0.477455,-0.649437,0.411263,-0.341923,1.08708,-0.662842,-12.2926,-0.437648,0.251579,-0.10031,0,0,-5.55112e-17,-0,0,-0.00671858,0,0,-0.477455,-0.649437,0.411263,-0.341923,1.08708,-0.662842,-12.2926,-0.437648,0.251579,-0.10031,0,0,5.55112e-17,-0.0647123,-0.0643715,0.194985,0.196017,-0.00287859,0,0,0,True,True
2.54,-0,0,0.00679818,0,0,0.477032,-0.647451,0.38263,-0.340614,1.08389,-0.614044,-12.2373,-0.43644,0.231414,-0.103451,0,0,-5.55112e-17,-0,0,-0.00679818,0,0,-0.477032,-0.647451,0.38263,-0.340614,1.08389,-0.614044,-12.2373,-0.43644,0.231414,-0.103451,0,0,5.55112e-17,-0.0667251,-0.0663752,0.179392,0.180338,-0.00287503,0,0,0,True,True
2.545,-0,0,0.00685579,0,0,0.476643,-0.64561,0.353678,-0.33986,1.08094,-0.564629,-12.1872,-0.435334,0.210951,-0.107957,0,0,-5.55112e-17,-0,0,-0.00685579,0,0,-0.476643,-0.64561,0.353678,-0.33986,1.08094,-0.564629,-12.1872,-0.435334,0.210951,-0.107957,0,0,5.55112e-17,-0.0696191,-0.0692555,0.16356,0.164419,-0.00286802,0,0,0,True,True
2.55,-0,0,0.00689059,0,0,0.476288,-0.643915,0.324432,-0.339679,1.07825,-0.51464,-12.1422,-0.434331,0.190208,-0.113876,0,0,-5.55112e-17,-0,0,-0.00689059,0,0,-0.476288,-0.643915,0.324432,-0.339679,1.07825,-0.51464,-12.1422,-0.434331,0.190208,-0.113876,0,0,5.55112e-17,-0.0734238,-0.0730417,0.147501,0.148273,-0.00285748,0,0,0,True,True
2.555,-0,0,0.00690447,0,0,0.475965,-0.642366,0.294919,-0.340015,1.0758,-0.464122,-12.1023,-0.433432,0.169202,-0.120937,0,0,-5.55112e-17,-0,0,-0.00690447,0,0,-0.475965,-0.642366,0.294919,-0.340015,1.0758,-0.464122,-12.1023,-0.433432,0.169202,-0.120937,0,0,5.55112e-17,-0.0779649,-0.0775604,0.131231,0.131916,-0.00284334,0,0,0,True,True
2.56,-0,0,0.0069045,0,0,0.475677,-0.640965,0.265166,-0.340669,1.0736,-0.41312,-12.0671,-0.432639,0.147954,-0.128269,0,0,-5.55112e-17,-0,0,-0.0069045,0,0,-0.475677,-0.640965,0.265166,-0.340669,1.0736,-0.41312,-12.0671,-0.432639,0.147954,-0.128269,0,0,5.55112e-17,-0.0826807,-0.082253,0.114766,0.115363,-0.00282553,0,0,0,True,True
2.565,-0,0,0.00690678,0,0,0.475422,-0.639714,0.2352,-0.341187,1.07167,-0.361686,-12.0357,-0.431953,0.126486,-0.13394,0,0,-7.85779e-32,-0,0,-0.00690678,0,0,-0.475422,-0.639714,0.2352,-0.341187,1.07167,-0.361686,-12.0357,-0.431953,0.126486,-0.13394,0,0,-7.85779e-32,-0.0863262,-0.0858807,0.0981249,0.0986339,-0.00280398,0,0,0,True,True
2.57,-0,0,0.00694278,0,0,0.4752,-0.638613,0.205043,-0.340692,1.06999,-0.309868,-12.0059,-0.431374,0.104825,-0.134224,0,0,-5.55112e-17,-0,0,-0.00694278,0,0,-0.4752,-0.638613,0.205043,-0.340692,1.06999,-0.309868,-12.0059,-0.431374,0.104825,-0.134224,0,0,5.55112e-17,-0.086501,-0.0860555,0.0813289,0.0817499,-0.00277862,0,0,0,True,True
2.575,-0,0,0.00706899,0,0,0.475013,-0.637664,0.174714,-0.337609,1.06857,-0.257724,-11.9743,-0.430904,0.083009,-0.122461,0,0,-5.55112e-17,-0,0,-0.00706899,0,0,-0.475013,-0.637664,0.174714,-0.337609,1.06857,-0.257724,-11.9743,-0.430904,0.083009,-0.122461,0,0,5.55112e-17,-0.0789143,-0.0785085,0.0644075,0.0647404,-0.0027494,0,0,0,True,True
2.58,-0,0,0.00738201,0,0,0.47486,-0.636866,0.144222,-0.329246,1.06741,-0.20531,-11.9348,-0.430544,0.0610879,-0.0872982,0,0,-1.97215e-32,-0,0,-0.00738201,0,0,-0.47486,-0.636866,0.144222,-0.329246,1.06741,-0.20531,-11.9348,-0.430544,0.0610879,-0.0872982,0,0,-1.97215e-32,-0.056252,-0.0559632,0.0474015,0.0476462,-0.00271632,0,0,0,True,True
2.585,-0,0,0.00804122,0,0,0.47474,-0.636222,0.113555,-0.311166,1.06652,-0.152692,-11.8773,-0.430293,0.0391376,-0.0100291,0,0,3.15853e-31,-0,0,-0.00804122,0,0,-0.47474,-0.636222,0.113555,-0.311166,1.06652,-0.152692,-11.8773,-0.430293,0.0391376,-0.0100291,0,0,3.15853e-31,-0.00646214,-0.00642898,0.0303703,0.0305269,-0.00267944,0,0,0,True,True
2.59,-0,0,0.00927732,0,0,0.474655,-0.635731,0.0826725,-0.276944,1.06588,-0.0999453,-11.7871,-0.430153,0.0172728,0.136398,0,0,4.42822e-37,-0,0,-0.00927732,0,0,-0.474655,-0.635731,0.0826725,-0.276944,1.06588,-0.0999453,-11.7871,-0.430153,0.0172728,0.136398,0,0,-4.42822e-37,0.087885,0.0874344,0.0134038,0.0134729,-0.00263894,0,0,0,True,True
2.595,-0,0,0.00902723,0,0,0.485668,-0.635395,0.0514945,-0.278894,1.06552,-0.047155,-12.1464,-0.430121,-0.00433955,0.173849,0,0,-5.55112e-17,-0,0,-0.00902723,0,0,-0.485668,-0.635395,0.0514945,-0.278894,1.06552,-0.047155,-12.1464,-0.430121,-0.00433955,0.173849,0,0,5.55112e-17,0.112015,0.11144,-0.00336753,-0.00338489,-0.00259522,0,0,0,True,True
2.6,-0,0,0.00486434,0,0,0.51884,-0.635216,0.0280301,-0.37946,1.06541,-0.0075445,-13.4596,-0.430196,-0.0204856,-0.117988,0,0,-5.55112e-17,-0,0,-0.00486434,0,0,-0.51884,-0.635216,0.0280301,-0.37946,1.06541,-0.0075445,-13.4596,-0.430196,-0.0204856,-0.117988,0,0,5.55112e-17,-0.0760229,-0.0756331,-0.0158968,-0.0159788,-0.00254901,0,0,0,True,True
2.605,-0,0,0.000661214,0,0,0.552029,-0.635115,0.0203511,-0.481114,1.06544,0.00569675,-14.7773,-0.430326,-0.0260478,-0.41307,0,0,-5.55112e-17,-0,0,-0.000661214,0,0,-0.552029,-0.635115,0.0203511,-0.481114,1.06544,0.00569675,-14.7773,-0.430326,-0.0260478,-0.41307,0,0,5.55112e-17,-0.266159,-0.264794,-0.0202127,-0.0203169,-0.0025013,0,0,0,True,True
2.61,-0,0,0.000346458,0,0,0.563093,-0.635012,0.0204218,-0.484759,1.06547,0.00570555,-15.1462,-0.430456,-0.0261274,-0.379688,0,0,-3.85185e-33,-0,0,-0.000346458,0,0,-0.563093,-0.635012,0.0204218,-0.484759,1.06547,0.00570555,-15.1462,-0.430456,-0.0261274,-0.379688,0,0,-3.85187e-33,-0.244655,-0.243399,-0.020274,-0.0203786,-0.00245307,0,0,0,True,True
2.615,-0,0,0.00155425,0,0,0.563093,-0.63491,0.0202553,-0.45114,1.0655,0.00564814,-15.0676,-0.430587,-0.0259035,-0.231866,0,0,-5.55112e-17,-0,0,-0.00155425,0,0,-0.563093,-0.63491,0.0202553,-0.45114,1.0655,0.00564814,-15.0676,-0.430587,-0.0259035,-0.231866,0,0,5.55112e-17,-0.149408,-0.14864,-0.0200998,-0.0202035,-0.00240504,0,0,0,True,True
2.62,-0,0,0.00220571,0,0,0.563093,-0.63481,0.0199541,-0.433007,1.06553,0.00555355,-15.0242,-0.430716,-0.0255077,-0.149357,0,0,-5.55112e-17,-0,0,-0.00220571,0,0,-0.563093,-0.63481,0.0199541,-0.433007,1.06553,0.00555355,-15.0242,-0.430716,-0.0255077,-0.149357,0,0,5.55112e-17,-0.0962432,-0.0957487,-0.0197923,-0.0198945,-0.00235762,0,0,0,True,True
2.625,-0,0,0.00250389,0,0,0.563093,-0.634711,0.0195867,-0.424709,1.06555,0.00544104,-15.0033,-0.430842,-0.0250277,-0.108378,0,0,-1.84889e-33,-0,0,-0.00250389,0,0,-0.563093,-0.634711,0.0195867,-0.424709,1.06555,0.00544104,-15.0033,-0.430842,-0.0250277,-0.108378,0,0,-1.84889e-33,-0.0698383,-0.0694793,-0.0194194,-0.0195198,-0.00231104,0,0,0,True,True
2.63,-0,0,0.00259805,0,0,0.563093,-0.634614,0.0191931,-0.422089,1.06558,0.00532189,-14.9954,-0.430966,-0.024515,-0.0914388,0,0,-5.55112e-17,-0,0,-0.00259805,0,0,-0.563093,-0.634614,0.0191931,-0.422089,1.06558,0.00532189,-14.9954,-0.430966,-0.024515,-0.0914388,0,0,5.55112e-17,-0.0589242,-0.0586212,-0.0190212,-0.0191196,-0.00226538,0,0,0,True,True
2.635,-0,0,0.002581,0,0,0.563093,-0.634519,0.0187961,-0.422565,1.06561,0.00520236,-14.9946,-0.431087,-0.0239984,-0.0876622,0,0,-1.58697e-31,-0,0,-0.002581,0,0,-0.563093,-0.634519,0.0187961,-0.422565,1.06561,0.00520236,-14.9946,-0.431087,-0.0239984,-0.0876622,0,0,-1.58697e-31,-0.0564916,-0.056201,-0.01862,-0.0187163,-0.00222067,0,0,0,True,True
2.64,-0,0,0.00250888,0,0,0.563093,-0.634426,0.0184072,-0.424573,1.06563,0.00508569,-14.9973,-0.431206,-0.0234929,-0.0904626,0,0,-5.55112e-17,-0,0,-0.00250888,0,0,-0.563093,-0.634426,0.0184072,-0.424573,1.06563,0.00508569,-14.9973,-0.431206,-0.0234929,-0.0904626,0,0,5.55112e-17,-0.0582974,-0.0579973,-0.0182274,-0.0183217,-0.00217691,0,0,0,True,True
2.645,-0,0,0.0024145,0,0,0.563093,-0.634335,0.0180317,-0.427202,1.06566,0.0049733,-15.0015,-0.431322,-0.023005,-0.0959912,0,0,-1.2326e-33,-0,0,-0.0024145,0,0,-0.563093,-0.634335,0.0180317,-0.427202,1.06566,0.0049733,-15.0015,-0.431322,-0.023005,-0.0959912,0,0,-1.2326e-33,-0.0618614,-0.0615429,-0.0178486,-0.017941,-0.00213406,0,0,0,True,True
2.65,-0,0,0.00231603,0,0,0.563093,-0.634246,0.0176714,-0.429943,1.06568,0.0048656,-15.0059,-0.431436,-0.022537,-0.102111,0,0,-5.55112e-17,-0,0,-0.00231603,0,0,-0.563093,-0.634246,0.0176714,-0.429943,1.06568,0.0048656,-15.0059,-0.431436,-0.022537,-0.102111,0,0,5.55112e-17,-0.0658065,-0.0654676,-0.0174852,-0.0175757,-0.00209208,0,0,0,True,True
2.655,-0,0,0.00222275,0,0,0.563093,-0.634158,0.0173258,-0.432541,1.06571,0.00476247,-15.0101,-0.431547,-0.0220883,-0.107731,0,0,1.2326e-33,-0,0,-0.00222275,0,0,-0.563093,-0.634158,0.0173258,-0.432541,1.06571,0.00476247,-15.0101,-0.431547,-0.0220883,-0.107731,0,0,1.2326e-33,-0.0694299,-0.0690721,-0.0171367,-0.0172255,-0.00205095,0,0,0,True,True
2.66,-0,0,0.00213864,0,0,0.563093,-0.634072,0.0169938,-0.434883,1.06573,0.00466352,-15.0137,-0.431657,-0.0216573,-0.112381,0,0,-5.55112e-17,-0,0,-0.00213864,0,0,-0.563093,-0.634072,0.0169938,-0.434883,1.06573,0.00466352,-15.0137,-0.431657,-0.0216573,-0.112381,0,0,5.55112e-17,-0.0724275,-0.0720541,-0.016802,-0.0168891,-0.00201062,0,0,0,True,True
2.665,-0,0,0.0020647,0,0,0.563093,-0.633988,0.0166737,-0.436942,1.06575,0.0045683,-15.0167,-0.431764,-0.021242,-0.115937,0,0,-5.55112e-17,-0,0,-0.0020647,0,0,-0.563093,-0.633988,0.0166737,-0.436942,1.06575,0.0045683,-15.0167,-0.431764,-0.021242,-0.115937,0,0,5.55112e-17,-0.0747206,-0.0743353,-0.0164795,-0.016565,-0.00197107,0,0,0,True,True
2.67,-0,0,0.00200038,0,0,0.563093,-0.633906,0.016364,-0.438732,1.06577,0.00447636,-15.0191,-0.431869,-0.0208404,-0.118461,0,0,-5.55112e-17,-0,0,-0.00200038,0,0,-0.563093,-0.633906,0.016364,-0.438732,1.06577,0.00447636,-15.0191,-0.431869,-0.0208404,-0.118461,0,0,5.55112e-17,-0.0763489,-0.075955,-0.0161677,-0.0162515,-0.00193226,0,0,0,True,True
2.675,-0,0,0.00194443,0,0,0.563093,-0.633825,0.0160634,-0.440291,1.0658,0.00438728,-15.0211,-0.431972,-0.0204506,-0.120099,0,0,-5.55112e-17,-0,0,-0.00194443,0,0,-0.563093,-0.633825,0.0160634,-0.440291,1.0658,0.00438728,-15.0211,-0.431972,-0.0204506,-0.120099,0,0,5.55112e-17,-0.0774058,-0.0770063,-0.0158651,-0.0159474,-0.00189418,0,0,0,True,True
2.68,-0,0,0.00189535,0,0,0.563093,-0.633745,0.0157706,-0.441657,1.06582,0.00430072,-15.0226,-0.432074,-0.0200713,-0.121021,0,0,-5.55112e-17,-0,0,-0.00189535,0,0,-0.563093,-0.633745,0.0157706,-0.441657,1.06582,0.00430072,-15.0226,-0.432074,-0.0200713,-0.121021,0,0,5.55112e-17,-0.0780017,-0.077599,-0.0155705,-0.0156513,-0.00185681,0,0,0,True,True
2.685,-0,0,0.00185171,0,0,0.563093,-0.633667,0.0154847,-0.442873,1.06584,0.00421642,-15.0238,-0.432173,-0.0197011,-0.121396,0,0,-7.70372e-35,-0,0,-0.00185171,0,0,-0.563093,-0.633667,0.0154847,-0.442873,1.06584,0.00421642,-15.0238,-0.432173,-0.0197011,-0.121396,0,0,-7.70372e-35,-0.0782443,-0.0778402,-0.0152831,-0.0153624,-0.00182012,0,0,0,True,True
2.69,-0,0,0.00181222,0,0,0.563093,-0.63359,0.015205,-0.443973,1.06586,0.00413415,-15.0248,-0.432271,-0.0193392,-0.121369,0,0,-3.87354e-39,-0,0,-0.00181222,0,0,-0.563093,-0.63359,0.015205,-0.443973,1.06586,0.00413415,-15.0248,-0.432271,-0.0193392,-0.121369,0,0,3.87354e-39,-0.0782286,-0.0778244,-0.0150021,-0.01508,-0.00178411,0,0,0,True,True
2.695,-0,0,0.00177583,0,0,0.563093,-0.633515,0.014931,-0.444986,1.06588,0.00405376,-15.0256,-0.432366,-0.0189848,-0.121065,0,0,0,-0,0,-0.00177583,0,0,-0.563093,-0.633515,0.014931,-0.444986,1.06588,0.00405376,-15.0256,-0.432366,-0.0189848,-0.121065,0,0,0,-0.0780333,-0.07763,-0.0147269,-0.0148034,-0.00174875,0,0,0,True,True
2.7,-0,0,0.0017417,0,0,0.563093,-0.633441,0.0146622,-0.445937,1.0659,0.00397511,-15.0263,-0.43246,-0.0186374,-0.120578,0,0,-5.55112e-17,-0,0,-0.0017417,0,0,-0.563093,-0.633441,0.0146622,-0.445937,1.0659,0.00397511,-15.0263,-0.43246,-0.0186374,-0.120578,0,0,5.55112e-17,-0.0777211,-0.0773193,-0.0144572,-0.0145323,-0.00171404,0,0,0,True,True
2.705,-0,0,0.00170918,0,0,0.563093,-0.633368,0.0143985,-0.446842,1.06592,0.00389813,-15.0269,-0.432553,-0.0182966,-0.119985,0,0,-5.55112e-17,-0,0,-0.00170918,0,0,-0.563093,-0.633368,0.0143985,-0.446842,1.06592,0.00389813,-15.0269,-0.432553,-0.0182966,-0.119985,0,0,5.55112e-17,-0.0773396,-0.0769396,-0.0141927,-0.0142664,-0.00167996,0,0,0,True,True
2.71,-0,0,0.00167779,0,0,0.563093,-0.633297,0.0141394,-0.447717,1.06594,0.00382273,-15.0274,-0.432643,-0.0179622,-0.119338,0,0,-5.55112e-17,-0,0,-0.00167779,0,0,-0.563093,-0.633297,0.0141394,-0.447717,1.06594,0.00382273,-15.0274,-0.432643,-0.0179622,-0.119338,0,0,5.55112e-17,-0.076924,-0.076526,-0.0139331,-0.0140055,-0.0016465,0,0,0,True,True
2.715,-0,0,0.0016472,0,0,0.563093,-0.633227,0.0138851,-0.448569,1.06596,0.00374888,-15.028,-0.432732,-0.0176339,-0.118677,0,0,0,-0,0,-0.0016472,0,0,-0.563093,-0.633227,0.0138851,-0.448569,1.06596,0.00374888,-15.028,-0.432732,-0.0176339,-0.118677,0,0,0,-0.076499,-0.0761032,-0.0136782,-0.0137494,-0.00161364,0,0,0,True,True
2.72,-0,0,0.00161716,0,0,0.563093,-0.633158,0.0136352,-0.449405,1.06598,0.00367652,-15.0285,-0.43282,-0.0173117,-0.118028,0,0,-5.55112e-17,-0,0,-0.00161716,0,0,-0.563093,-0.633158,0.0136352,-0.449405,1.06598,0.00367652,-15.0285,-0.43282,-0.0173117,-0.118028,0,0,5.55112e-17,-0.0760816,-0.0756878,-0.0134281,-0.013498,-0.00158139,0,0,0,True,True
2.725,-0,0,0.00158754,0,0,0.563093,-0.63309,0.0133899,-0.45023,1.066,0.00360565,-15.0291,-0.432906,-0.0169955,-0.117407,0,0,-5.55112e-17,-0,0,-0.00158754,0,0,-0.563093,-0.63309,0.0133899,-0.45023,1.066,0.00360565,-15.0291,-0.432906,-0.0169955,-0.117407,0,0,5.55112e-17,-0.0756823,-0.0752904,-0.0131827,-0.0132513,-0.00154972,0,0,0,True,True
2.73,-0,0,0.00155822,0,0,0.563093,-0.633024,0.0131489,-0.451047,1.06601,0.00353622,-15.0296,-0.43299,-0.0166851,-0.116823,0,0,0,-0,0,-0.00155822,0,0,-0.563093,-0.633024,0.0131489,-0.451047,1.06601,0.00353622,-15.0296,-0.43299,-0.0166851,-0.116823,0,0,0,-0.0753072,-0.0749172,-0.0129417,-0.0130091,-0.00151863,0,0,0,True,True
2.735,-0,0,0.00152917,0,0,0.563093,-0.632959,0.0129124,-0.451856,1.06603,0.00346822,-15.0301,-0.433072,-0.0163806,-0.116282,0,0,4.81482e-36,-0,0,-0.00152917,0,0,-0.563093,-0.632959,0.0129124,-0.451856,1.06603,0.00346822,-15.0301,-0.433072,-0.0163806,-0.116282,0,0,4.81482e-36,-0.0749594,-0.0745711,-0.0127053,-0.0127715,-0.0014881,0,0,0,True,True
2.74,-0,0,0.00150035,0,0,0.563093,-0.632895,0.0126802,-0.452658,1.06605,0.00340162,-15.0307,-0.433154,-0.0160818,-0.115784,0,0,-5.55112e-17,-0,0,-0.00150035,0,0,-0.563093,-0.632895,0.0126802,-0.452658,1.06605,0.00340162,-15.0307,-0.433154,-0.0160818,-0.115784,0,0,5.55112e-17,-0.0746396,-0.0742528,-0.0124734,-0.0125384,-0.00145813,0,0,0,True,True
2.745,-0,0,0.00147178,0,0,0.563093,-0.632832,0.0124523,-0.453454,1.06607,0.00333642,-15.0312,-0.433233,-0.0157887,-0.115329,0,0,-5.55112e-17,-0,0,-0.00147178,0,0,-0.563093,-0.632832,0.0124523,-0.453454,1.06607,0.00333642,-15.0312,-0.433233,-0.0157887,-0.115329,0,0,5.55112e-17,-0.074347,-0.0739616,-0.012246,-0.0123098,-0.0014287,0,0,0,True,True
2.75,-0,0,0.00144345,0,0,0.563093,-0.63277,0.0122287,-0.454243,1.06608,0.00327259,-15.0318,-0.433311,-0.0155013,-0.114913,0,0,-5.55112e-17,-0,0,-0.00144345,0,0,-0.563093,-0.63277,0.0122287,-0.454243,1.06608,0.00327259,-15.0318,-0.433311,-0.0155013,-0.114913,0,0,5.55112e-17,-0.0740799,-0.0736958,-0.0120229,-0.0120856,-0.00139981,0,0,0,True,True
2.755,-0,0,0.00141539,0,0,0.563093,-0.63271,0.0120094,-0.455024,1.0661,0.00321011,-15.0324,-0.433388,-0.0152195,-0.114534,0,0,-5.55112e-17,-0,0,-0.00141539,0,0,-0.563093,-0.63271,0.0120094,-0.455024,1.0661,0.00321011,-15.0324,-0.433388,-0.0152195,-0.114534,0,0,5.55112e-17,-0.0738362,-0.0734532,-0.0118042,-0.0118657,-0.00137144,0,0,0,True,True
2.76,-0,0,0.00138762,0,0,0.563093,-0.63265,0.0117943,-0.455797,1.06611,0.00314897,-15.0329,-0.433464,-0.0149433,-0.114187,0,0,-5.55112e-17,-0,0,-0.00138762,0,0,-0.563093,-0.63265,0.0117943,-0.455797,1.06611,0.00314897,-15.0329,-0.433464,-0.0149433,-0.114187,0,0,5.55112e-17,-0.0736136,-0.0732317,-0.0115898,-0.0116502,-0.00134358,0,0,0,True,True
2.765,-0,0,0.00136016,0,0,0.563093,-0.632592,0.0115834,-0.456562,1.06613,0.00308914,-15.0335,-0.433538,-0.0146725,-0.113869,0,0,-5.55112e-17,-0,0,-0.00136016,0,0,-0.563093,-0.632592,0.0115834,-0.456562,1.06613,0.00308914,-15.0335,-0.433538,-0.0146725,-0.113869,0,0,5.55112e-17,-0.0734096,-0.0730286,-0.0113796,-0.011439,-0.00131622,0,0,0,True,True
2.77,-0,0,0.00133302,0,0,0.563093,-0.632534,0.0113766,-0.457318,1.06614,0.0030306,-15.0341,-0.43361,-0.0144072,-0.113577,0,0,-5.55112e-17,-0,0,-0.00133302,0,0,-0.563093,-0.632534,0.0113766,-0.457318,1.06614,0.0030306,-15.0341,-0.43361,-0.0144072,-0.113577,0,0,5.55112e-17,-0.073222,-0.0728419,-0.0111737,-0.011232,-0.00128936,0,0,0,True,True
2.775,-0,0,0.00130623,0,0,0.563093,-0.632478,0.0111739,-0.458064,1.06616,0.00297333,-15.0347,-0.433682,-0.0141472,-0.113306,0,0,-5.55112e-17,-0,0,-0.00130623,0,0,-0.563093,-0.632478,0.0111739,-0.458064,1.06616,0.00297333,-15.0347,-0.433682,-0.0141472,-0.113306,0,0,5.55112e-17,-0.0730485,-0.0726693,-0.010972,-0.0110292,-0.00126299,0,0,0,True,True
2.78,-0,0,0.00127979,0,0,0.563093,-0.632423,0.0109752,-0.4588,1.06617,0.00291731,-15.0352,-0.433752,-0.0138925,-0.113055,0,0,-5.55112e-17,-0,0,-0.00127979,0,0,-0.563093,-0.632423,0.0109752,-0.4588,1.06617,0.00291731,-15.0352,-0.433752,-0.0138925,-0.113055,0,0,5.55112e-17,-0.0728874,-0.0725088,-0.0107743,-0.0108306,-0.00123708,0,0,0,True,True
2.785,-0,0,0.00125373,0,0,0.563093,-0.632368,0.0107805,-0.459526,1.06619,0.00286252,-15.0358,-0.433821,-0.0136431,-0.11282,0,0,-5.55112e-17,-0,0,-0.00125373,0,0,-0.563093,-0.632368,0.0107805,-0.459526,1.06619,0.00286252,-15.0358,-0.433821,-0.0136431,-0.11282,0,0,5.55112e-17,-0.0727368,-0.072359,-0.0105807,-0.010636,-0.00121164,0,0,0,True,True
2.79,-0,0,0.00122805,0,0,0.563093,-0.632315,0.0105898,-0.460241,1.0662,0.00280894,-15.0364,-0.433888,-0.0133987,-0.1126,0,0,-5.55112e-17,-0,0,-0.00122805,0,0,-0.563093,-0.632315,0.0105898,-0.460241,1.0662,0.00280894,-15.0364,-0.433888,-0.0133987,-0.1126,0,0,5.55112e-17,-0.0725953,-0.0722181,-0.0103911,-0.0104454,-0.00118666,0,0,0,True,True
2.795,-0,0,0.00120276,0,0,0.563093,-0.632262,0.0104029,-0.460945,1.06622,0.00275653,-15.0369,-0.433955,-0.0131594,-0.112391,0,0,0,-0,0,-0.00120276,0,0,-0.563093,-0.632262,0.0104029,-0.460945,1.06622,0.00275653,-15.0369,-0.433955,-0.0131594,-0.112391,0,0,0,-0.0724616,-0.072085,-0.0102054,-0.0102587,-0.00116212,0,0,0,True,True
2.8,-0,0,0.00117785,0,0,0.563093,-0.632211,0.0102198,-0.461638,1.06623,0.00270529,-15.0375,-0.43402,-0.0129251,-0.112193,0,0,0,-0,0,-0.00117785,0,0,-0.563093,-0.632211,0.0102198,-0.461638,1.06623,0.00270529,-15.0375,-0.43402,-0.0129251,-0.112193,0,0,0,-0.0723345,-0.0719585,-0.0100236,-0.010076,-0.00113802,0,0,0,True,True
2.805,-0,0,0.00115335,0,0,0.563093,-0.63216,0.0100405,-0.462321,1.06624,0.00265519,-15.038,-0.434084,-0.0126957,-0.112003,0,0,-5.55112e-17,-0,0,-0.00115335,0,0,-0.563093,-0.63216,0.0100405,-0.462321,1.06624,0.00265519,-15.038,-0.434084,-0.0126957,-0.112003,0,0,5.55112e-17,-0.0722132,-0.0718377,-0.00984557,-0.00989703,-0.00111434,0,0,0,True,True
2.81,-0,0,0.00112923,0,0,0.563093,-0.632111,0.00986488,-0.462992,1.06626,0.00260621,-15.0386,-0.434147,-0.0124711,-0.111822,0,0,-5.55112e-17,-0,0,-0.00112923,0,0,-0.563093,-0.632111,0.00986488,-0.462992,1.06626,0.00260621,-15.0386,-0.434147,-0.0124711,-0.111822,0,0,5.55112e-17,-0.0720968,-0.0717219,-0.00967128,-0.00972185,-0.00109108,0,0,0,True,True
2.815,-0,0,0.00110551,0,0,0.563093,-0.632062,0.0096929,-0.463652,1.06627,0.00255832,-15.0391,-0.434209,-0.0122512,-0.111647,0,0,-5.55112e-17,-0,0,-0.00110551,0,0,-0.563093,-0.632062,0.0096929,-0.463652,1.06627,0.00255832,-15.0391,-0.434209,-0.0122512,-0.111647,0,0,5.55112e-17,-0.0719848,-0.0716103,-0.00950068,-0.00955036,-0.00106823,0,0,0,True,True
2.82,-0,0,0.00108219,0,0,0.563093,-0.632014,0.0095245,-0.464302,1.06628,0.00251151,-15.0396,-0.434269,-0.012036,-0.111478,0,0,-5.55112e-17,-0,0,-0.00108219,0,0,-0.563093,-0.632014,0.0095245,-0.464302,1.06628,0.00251151,-15.0396,-0.434269,-0.012036,-0.111478,0,0,5.55112e-17,-0.0718764,-0.0715025,-0.00933369,-0.00938251,-0.00104578,0,0,0,True,True
2.825,-0,0,0.00105925,0,0,0.563093,-0.631966,0.00935963,-0.46494,1.0663,0.00246575,-15.0401,-0.434329,-0.0118254,-0.111314,0,0,-5.55112e-17,-0,0,-0.00105925,0,0,-0.563093,-0.631966,0.00935963,-0.46494,1.0663,0.00246575,-15.0401,-0.434329,-0.0118254,-0.111314,0,0,5.55112e-17,-0.0717714,-0.0713979,-0.00917026,-0.00921824,-0.00102373,0,0,0,True,True
2.83,-0,0,0.0010367,0,0,0.563093,-0.63192,0.00919822,-0.465568,1.06631,0.00242103,-15.0406,-0.434388,-0.0116192,-0.111154,0,0,0,-0,0,-0.0010367,0,0,-0.563093,-0.63192,0.00919822,-0.465568,1.06631,0.00242103,-15.0406,-0.434388,-0.0116192,-0.111154,0,0,0,-0.0716693,-0.0712962,-0.00901033,-0.00905747,-0.00100206,0,0,0,True,True
2.835,-0,0,0.00101452,0,0,0.563093,-0.631874,0.00904023,-0.466186,1.06632,0.00237731,-15.0411,-0.434445,-0.0114175,-0.110999,0,0,-5.55112e-17,-0,0,-0.00101452,0,0,-0.563093,-0.631874,0.00904023,-0.466186,1.06632,0.00237731,-15.0411,-0.434445,-0.0114175,-0.110999,0,0,5.55112e-17,-0.0715697,-0.0711971,-0.00885382,-0.00890016,-0.000980761,0,0,0,True,True
2.84,-0,0,0.000992722,0,0,0.563093,-0.63183,0.00888559,-0.466793,1.06633,0.00233459,-15.0416,-0.434502,-0.0112202,-0.110847,0,0,-5.55112e-17,-0,0,-0.000992722,0,0,-0.563093,-0.63183,0.00888559,-0.466793,1.06633,0.00233459,-15.0416,-0.434502,-0.0112202,-0.110847,0,0,5.55112e-17,-0.0714725,-0.0711003,-0.0087007,-0.00874624,-0.000959833,0,0,0,True,True
2.845,-0,0,0.000971291,0,0,0.563093,-0.631786,0.00873425,-0.467389,1.06634,0.00229284,-15.0421,-0.434557,-0.0110271,-0.110698,0,0,-5.55112e-17,-0,0,-0.000971291,0,0,-0.563093,-0.631786,0.00873425,-0.467389,1.06634,0.00229284,-15.0421,-0.434557,-0.0110271,-0.110698,0,0,5.55112e-17,-0.0713774,-0.0710057,-0.00855089,-0.00859566,-0.000939265,0,0,0,True,True
2.85,-0,0,0.000950222,0,0,0.563093,-0.631742,0.00858616,-0.467976,1.06635,0.00225205,-15.0426,-0.434612,-0.0108382,-0.110553,0,0,-5.55112e-17,-0,0,-0.000950222,0,0,-0.563093,-0.631742,0.00858616,-0.467976,1.06635,0.00225205,-15.0426,-0.434612,-0.0108382,-0.110553,0,0,5.55112e-17,-0.0712843,-0.0709129,-0.00840434,-0.00844835,-0.000919049,0,0,0,True,True
2.855,-0,0,0.000929509,0,0,0.563093,-0.6317,0.00844126,-0.468552,1.06637,0.00221219,-15.043,-0.434666,-0.0106534,-0.11041,0,0,-5.55112e-17,-0,0,-0.000929509,0,0,-0.563093,-0.6317,0.00844126,-0.468552,1.06637,0.00221219,-15.043,-0.434666,-0.0106534,-0.11041,0,0,5.55112e-17,-0.071193,-0.070822,-0.008261,-0.00830427,-0.000899177,0,0,0,True,True
2.86,-0,0,0.000909145,0,0,0.563093,-0.631658,0.00829949,-0.469119,1.06638,0.00217325,-15.0435,-0.434719,-0.0104727,-0.11027,0,0,-5.55112e-17,-0,0,-0.000909145,0,0,-0.563093,-0.631658,0.00829949,-0.469119,1.06638,0.00217325,-15.0435,-0.434719,-0.0104727,-0.11027,0,0,5.55112e-17,-0.0711033,-0.0707328,-0.00812081,-0.00816335,-0.000879643,0,0,0,True,True
2.865,-0,0,0.000889123,0,0,0.563093,-0.631617,0.00816082,-0.469677,1.06639,0.00213521,-15.0439,-0.43477,-0.010296,-0.110133,0,0,-5.55112e-17,-0,0,-0.000889123,0,0,-0.563093,-0.631617,0.00816082,-0.469677,1.06639,0.00213521,-15.0439,-0.43477,-0.010296,-0.110133,0,0,5.55112e-17,-0.0710152,-0.0706451,-0.00798371,-0.00802554,-0.000860437,0,0,0,True,True
2.87,-0,0,0.000869436,0,0,0.563093,-0.631576,0.00802519,-0.470225,1.0664,0.00209805,-15.0444,-0.434822,-0.0101232,-0.109998,0,0,-5.55112e-17,-0,0,-0.000869436,0,0,-0.563093,-0.631576,0.00802519,-0.470225,1.0664,0.00209805,-15.0444,-0.434822,-0.0101232,-0.109998,0,0,5.55112e-17,-0.0709287,-0.0705589,-0.00784966,-0.00789079,-0.000841554,0,0,0,True,True
2.875,-0,0,0.000850077,0,0,0.563093,-0.631536,0.00789254,-0.470764,1.06641,0.00206175,-15.0448,-0.434872,-0.00995429,-0.109865,0,0,-5.55112e-17,-0,0,-0.000850077,0,0,-0.563093,-0.631536,0.00789254,-0.470764,1.06641,0.00206175,-15.0448,-0.434872,-0.00995429,-0.109865,0,0,5.55112e-17,-0.0708435,-0.0704741,-0.00771859,-0.00775905,-0.000822987,0,0,0,True,True
2.88,-0,0,0.00083104,0,0,0.563093,-0.631497,0.00776284,-0.471294,1.06642,0.0020263,-15.0453,-0.434921,-0.00978914,-0.109734,0,0,-5.55112e-17,-0,0,-0.00083104,0,0,-0.563093,-0.631497,0.00776284,-0.471294,1.06642,0.0020263,-15.0453,-0.434921,-0.00978914,-0.109734,0,0,5.55112e-17,-0.0707598,-0.0703908,-0.00759047,-0.00763027,-0.000804727,0,0,0,True,True
2.885,-0,0,0.000812317,0,0,0.563093,-0.631459,0.00763603,-0.471815,1.06643,0.00199169,-15.0457,-0.43497,-0.00962771,-0.109605,0,0,-5.55112e-17,-0,0,-0.000812317,0,0,-0.563093,-0.631459,0.00763603,-0.471815,1.06643,0.00199169,-15.0457,-0.43497,-0.00962771,-0.109605,0,0,5.55112e-17,-0.0706774,-0.0703087,-0.00746524,-0.00750439,-0.000786768,0,0,0,True,True
2.89,-0,0,0.000793902,0,0,0.563093,-0.631421,0.00751206,-0.472327,1.06644,0.00195789,-15.0461,-0.435017,-0.00946995,-0.109479,0,0,-5.55112e-17,-0,0,-0.000793902,0,0,-0.563093,-0.631421,0.00751206,-0.472327,1.06644,0.00195789,-15.0461,-0.435017,-0.00946995,-0.109479,0,0,5.55112e-17,-0.0705963,-0.070228,-0.00734286,-0.00738136,-0.000769104,0,0,0,True,True
2.895,-0,0,0.000775787,0,0,0.563093,-0.631384,0.00739089,-0.472832,1.06645,0.0019249,-15.0465,-0.435064,-0.00931579,-0.109354,0,0,-5.55112e-17,-0,0,-0.000775787,0,0,-0.563093,-0.631384,0.00739089,-0.472832,1.06645,0.0019249,-15.0465,-0.435064,-0.00931579,-0.109354,0,0,5.55112e-17,-0.0705164,-0.0701485,-0.00722326,-0.00726115,-0.000751728,0,0,0,True,True
2.9,-0,0,0.000757965,0,0,0.563093,-0.631347,0.00727248,-0.473328,1.06646,0.00189269,-15.0469,-0.43511,-0.00916517,-0.109231,0,0,-5.55112e-17,-0,0,-0.000757965,0,0,-0.563093,-0.631347,0.00727248,-0.473328,1.06646,0.00189269,-15.0469,-0.43511,-0.00916517,-0.109231,0,0,5.55112e-17,-0.0704378,-0.0700702,-0.00710642,-0.0071437,-0.000734633,0,0,0,True,True
2.905,-0,0,0.000740429,0,0,0.563093,-0.631311,0.00715678,-0.473816,1.06647,0.00186125,-15.0473,-0.435156,-0.00901803,-0.10911,0,0,0,-0,0,-0.000740429,0,0,-0.563093,-0.631311,0.00715678,-0.473816,1.06647,0.00186125,-15.0473,-0.435156,-0.00901803,-0.10911,0,0,0,-0.0703605,-0.0699932,-0.00699228,-0.00702897,-0.000717812,0,0,0,True,True
2.91,-0,0,0.000723173,0,0,0.563093,-0.631275,0.00704376,-0.474296,1.06648,0.00183057,-15.0477,-0.435201,-0.00887433,-0.108992,0,0,-5.55112e-17,-0,0,-0.000723173,0,0,-0.563093,-0.631275,0.00704376,-0.474296,1.06648,0.00183057,-15.0477,-0.435201,-0.00887433,-0.108992,0,0,5.55112e-17,-0.0702843,-0.0699174,-0.00688081,-0.00691692,-0.00070126,0,0,0,True,True
2.915,-0,0,0.000706189,0,0,0.563093,-0.631241,0.00693336,-0.474769,1.06649,0.00180063,-15.0481,-0.435245,-0.00873399,-0.108875,0,0,0,-0,0,-0.000706189,0,0,-0.563093,-0.631241,0.00693336,-0.474769,1.06649,0.00180063,-15.0481,-0.435245,-0.00873399,-0.108875,0,0,0,-0.0702095,-0.0698429,-0.00677195,-0.00680749,-0.00068497,0,0,0,True,True
2.92,-0,0,0.00068947,0,0,0.563093,-0.631206,0.00682555,-0.475235,1.06649,0.00177143,-15.0484,-0.435288,-0.00859698,-0.10876,0,0,-5.55112e-17,-0,0,-0.00068947,0,0,-0.563093,-0.631206,0.00682555,-0.475235,1.06649,0.00177143,-15.0484,-0.435288,-0.00859698,-0.10876,0,0,5.55112e-17,-0.0701359,-0.0697697,-0.00666567,-0.00670066,-0.000668936,0,0,0,True,True
2.925,-0,0,0.00067301,0,0,0.563093,-0.631172,0.00672029,-0.475693,1.0665,0.00174294,-15.0488,-0.435331,-0.00846323,-0.108647,0,0,-5.55112e-17,-0,0,-0.00067301,0,0,-0.563093,-0.631172,0.00672029,-0.475693,1.0665,0.00174294,-15.0488,-0.435331,-0.00846323,-0.108647,0,0,5.55112e-17,-0.0700636,-0.0696977,-0.00656192,-0.00659637,-0.000653151,0,0,0,True,True
2.93,-0,0,0.0006568,0,0,0.563093,-0.631139,0.00661754,-0.476144,1.06651,0.00171516,-15.0492,-0.435373,-0.0083327,-0.108536,0,0,-5.55112e-17,-0,0,-0.0006568,0,0,-0.563093,-0.631139,0.00661754,-0.476144,1.06651,0.00171516,-15.0492,-0.435373,-0.0083327,-0.108536,0,0,5.55112e-17,-0.0699927,-0.0696271,-0.00646067,-0.00649459,-0.000637611,0,0,0,True,True
2.935,-0,0,0.000640833,0,0,0.563093,-0.631106,0.00651727,-0.476588,1.06652,0.00168807,-15.0495,-0.435414,-0.00820534,-0.108428,0,0,-5.55112e-17,-0,0,-0.000640833,0,0,-0.563093,-0.631106,0.00651727,-0.476588,1.06652,0.00168807,-15.0495,-0.435414,-0.00820534,-0.108428,0,0,5.55112e-17,-0.0699232,-0.0695579,-0.00636188,-0.00639529,-0.000622308,0,0,0,True,True
2.94,-0,0,0.000625103,0,0,0.563093,-0.631074,0.00641943,-0.477026,1.06653,0.00166167,-15.0499,-0.435455,-0.00808109,-0.108322,0,0,-6.35557e-34,-0,0,-0.000625103,0,0,-0.563093,-0.631074,0.00641943,-0.477026,1.06653,0.00166167,-15.0499,-0.435455,-0.00808109,-0.108322,0,0,-6.35557e-34,-0.0698553,-0.0694903,-0.0062655,-0.00629841,-0.000607238,0,0,0,True,True
2.945,-0,0,0.0006096,0,0,0.563093,-0.631042,0.00632399,-0.477458,1.06654,0.00163593,-15.0502,-0.435495,-0.00795992,-0.108218,0,0,-5.55112e-17,-0,0,-0.0006096,0,0,-0.563093,-0.631042,0.00632399,-0.477458,1.06654,0.00163593,-15.0502,-0.435495,-0.00795992,-0.108218,0,0,5.55112e-17,-0.069789,-0.0694243,-0.00617152,-0.00620394,-0.000592394,0,0,0,True,True
2.95,-0,0,0.000594317,0,0,0.563093,-0.631011,0.00623093,-0.477883,1.06654,0.00161085,-15.0506,-0.435534,-0.00784178,-0.108117,0,0,-5.55112e-17,-0,0,-0.000594317,0,0,-0.563093,-0.631011,0.00623093,-0.477883,1.06654,0.00161085,-15.0506,-0.435534,-0.00784178,-0.108117,0,0,5.55112e-17,-0.0697245,-0.0693601,-0.00607988,-0.00611182,-0.000577772,0,0,0,True,True
2.955,-0,0,0.000579244,0,0,0.563093,-0.63098,0.0061402,-0.478303,1.06655,0.00158642,-15.0509,-0.435573,-0.00772663,-0.10802,0,0,-5.55112e-17,-0,0,-0.000579244,0,0,-0.563093,-0.63098,0.0061402,-0.478303,1.06655,0.00158642,-15.0509,-0.435573,-0.00772663,-0.10802,0,0,5.55112e-17,-0.069662,-0.0692979,-0.00599056,-0.00602203,-0.000563364,0,0,0,True,True
2.96,-0,0,0.000564373,0,0,0.563093,-0.630949,0.00605178,-0.478717,1.06656,0.00156263,-15.0512,-0.435612,-0.00761441,-0.107926,0,0,-5.55112e-17,-0,0,-0.000564373,0,0,-0.563093,-0.630949,0.00605178,-0.478717,1.06656,0.00156263,-15.0512,-0.435612,-0.00761441,-0.107926,0,0,5.55112e-17,-0.0696018,-0.069238,-0.00590352,-0.00593454,-0.000549167,0,0,0,True,True
2.965,-0,0,0.000549694,0,0,0.563093,-0.630919,0.00596563,-0.479125,1.06657,0.00153947,-15.0516,-0.435649,-0.00750511,-0.107836,0,0,0,-0,0,-0.000549694,0,0,-0.563093,-0.630919,0.00596563,-0.479125,1.06657,0.00153947,-15.0516,-0.435649,-0.00750511,-0.107836,0,0,0,-0.0695442,-0.0691805,-0.00581874,-0.00584932,-0.000535173,0,0,0,True,True
2.97,-0,0,0.000535196,0,0,0.563093,-0.630889,0.00588174,-0.479529,1.06658,0.00151693,-15.0519,-0.435687,-0.00739867,-0.10775,0,0,-5.55112e-17,-0,0,-0.000535196,0,0,-0.563093,-0.630889,0.00588174,-0.479529,1.06658,0.00151693,-15.0519,-0.435687,-0.00739867,-0.10775,0,0,5.55112e-17,-0.0694894,-0.069126,-0.00573618,-0.00576633,-0.00052138,0,0,0,True,True
2.975,-0,0,0.000520868,0,0,0.563093,-0.63086,0.00580006,-0.479928,1.06658,0.001495,-15.0522,-0.435723,-0.00729506,-0.10767,0,0,-5.55112e-17,-0,0,-0.000520868,0,0,-0.563093,-0.63086,0.00580006,-0.479928,1.06658,0.001495,-15.0522,-0.435723,-0.00729506,-0.10767,0,0,5.55112e-17,-0.0694379,-0.0690748,-0.00565582,-0.00568555,-0.00050778,0,0,0,True,True
2.98,-0,0,0.000506699,0,0,0.563093,-0.630831,0.00572059,-0.480322,1.06659,0.00147367,-15.0526,-0.43576,-0.00719426,-0.107595,0,0,-5.55112e-17,-0,0,-0.000506699,0,0,-0.563093,-0.630831,0.00572059,-0.480322,1.06659,0.00147367,-15.0526,-0.43576,-0.00719426,-0.107595,0,0,5.55112e-17,-0.0693902,-0.0690272,-0.00557763,-0.00560696,-0.000494368,0,0,0,True,True
2.985,-0,0,0.000492676,0,0,0.563093,-0.630803,0.00564328,-0.480712,1.0666,0.00145293,-15.0529,-0.435795,-0.00709622,-0.107527,0,0,-5.55112e-17,-0,0,-0.000492676,0,0,-0.563093,-0.630803,0.00564328,-0.480712,1.0666,0.00145293,-15.0529,-0.435795,-0.00709622,-0.107527,0,0,5.55112e-17,-0.0693467,-0.068984,-0.00550159,-0.00553052,-0.000481141,0,0,0,True,True
2.99,-0,0,0.000478787,0,0,0.563093,-0.630775,0.00556814,-0.481099,1.06661,0.00143279,-15.0532,-0.435831,-0.00700092,-0.107466,0,0,0,-0,0,-0.000478787,0,0,-0.563093,-0.630775,0.00556814,-0.481099,1.06661,0.00143279,-15.0532,-0.435831,-0.00700092,-0.107466,0,0,0,-0.069308,-0.0689454,-0.00542768,-0.00545622,-0.000468092,0,0,0,True,True
2.995,-0,0,0.00046502,0,0,0.563093,-0.630747,0.00549512,-0.481482,1.06661,0.00141322,-15.0535,-0.435865,-0.00690834,-0.107414,0,0,-5.55112e-17,-0,0,-0.00046502,0,0,-0.563093,-0.630747,0.00549512,-0.481482,1.06661,0.00141322,-15.0535,-0.435865,-0.00690834,-0.107414,0,0,5.55112e-17,-0.0692745,-0.068912,-0.00535587,-0.00538404,-0.000455216,0,0,0,True,True
3,-0,0,0.000451366,0,0,0.563093,-0.63072,0.00542423,-0.481862,1.06662,0.00139423,-15.0538,-0.4359,-0.00681846,-0.10737,0,0,-5.55112e-17,-0,0,-0.000451366,0,0,-0.563093,-0.63072,0.00542423,-0.481862,1.06662,0.00139423,-15.0538,-0.4359,-0.00681846,-0.10737,0,0,5.55112e-17,-0.0692465,-0.0688841,-0.00528615,-0.00531396,-0.000442509,0,0,0,True,True
3.005,-0,0,0.000437818,0,0,0.563093,-0.630693,0.00535543,-0.482239,1.06663,0.00137581,-15.0542,-0.435933,-0.00673124,-0.107334,0,0,0,-0,0,-0.000437818,0,0,-0.563093,-0.630693,0.00535543,-0.482239,1.06663,0.00137581,-15.0542,-0.435933,-0.00673124,-0.107334,0,0,0,-0.0692241,-0.0688618,-0.00521851,-0.00524596,-0.000429965,0,0,0,True,True
3.01,-0,0,0.000424377,0,0,0.563093,-0.630667,0.00528872,-0.482613,1.06663,0.00135795,-15.0545,-0.435967,-0.00664667,-0.107307,0,0,-5.55112e-17,-0,0,-0.000424377,0,0,-0.563093,-0.630667,0.00528872,-0.482613,1.06663,0.00135795,-15.0545,-0.435967,-0.00664667,-0.107307,0,0,5.55112e-17,-0.0692069,-0.0688446,-0.00515292,-0.00518003,-0.00041758,0,0,0,True,True
3.015,-0,0,0.000411054,0,0,0.563093,-0.63064,0.00522408,-0.482984,1.06664,0.00134065,-15.0548,-0.436,-0.00656473,-0.107286,0,0,-5.55112e-17,-0,0,-0.000411054,0,0,-0.563093,-0.63064,0.00522408,-0.482984,1.06664,0.00134065,-15.0548,-0.436,-0.00656473,-0.107286,0,0,5.55112e-17,-0.0691935,-0.0688313,-0.00508936,-0.00511615,-0.000405349,0,0,0,True,True
3.02,-0,0,0.000397878,0,0,0.563093,-0.630614,0.00516149,-0.483351,1.06665,0.00132391,-15.0551,-0.436033,-0.0064854,-0.107266,0,0,-5.55112e-17,-0,0,-0.000397878,0,0,-0.563093,-0.630614,0.00516149,-0.483351,1.06665,0.00132391,-15.0551,-0.436033,-0.0064854,-0.107266,0,0,5.55112e-17,-0.0691815,-0.0688193,-0.00502783,-0.00505429,-0.000393267,0,0,0,True,True
3.025,-0,0,0.000384906,0,0,0.563093,-0.630589,0.00510093,-0.483712,1.06665,0.0013077,-15.0554,-0.436065,-0.00640863,-0.107242,0,0,-3.85186e-35,-0,0,-0.000384906,0,0,-0.563093,-0.630589,0.00510093,-0.483712,1.06665,0.0013077,-15.0554,-0.436065,-0.00640863,-0.107242,0,0,-3.85186e-35,-0.069166,-0.0688038,-0.00496829,-0.00499444,-0.000381329,0,0,0,True,True
3.03,-0,0,0.000372238,0,0,0.563093,-0.630563,0.00504235,-0.484064,1.06666,0.00129203,-15.0557,-0.436097,-0.00633438,-0.1072,0,0,-5.55112e-17,-0,0,-0.000372238,0,0,-0.563093,-0.630563,0.00504235,-0.484064,1.06666,0.00129203,-15.0557,-0.436097,-0.00633438,-0.1072,0,0,5.55112e-17,-0.0691392,-0.0687771,-0.0049107,-0.00493656,-0.00036953,0,0,0,True,True
3.035,-0,0,0.000360038,0,0,0.563093,-0.630538,0.0049857,-0.484404,1.06667,0.00127688,-15.056,-0.436128,-0.00626259,-0.10712,0,0,-5.55112e-17,-0,0,-0.000360038,0,0,-0.563093,-0.630538,0.0049857,-0.484404,1.06667,0.00127688,-15.056,-0.436128,-0.00626259,-0.10712,0,0,5.55112e-17,-0.0690883,-0.0687264,-0.00485502,-0.00488058,-0.000357866,0,0,0,True,True
3.04,-0,0,0.000348566,0,0,0.563093,-0.630513,0.0049309,-0.484723,1.06667,0.00126222,-15.0563,-0.436159,-0.00619313,-0.106972,0,0,-5.55112e-17,-0,0,-0.000348566,0,0,-0.563093,-0.630513,0.0049309,-0.484723,1.06667,0.00126222,-15.0563,-0.436159,-0.00619313,-0.106972,0,0,5.55112e-17,-0.0689932,-0.0686318,-0.00480115,-0.00482643,-0.000346333,0,0,0,True,True
3.045,-0,0,0.000338221,0,0,0.563093,-0.630489,0.00487781,-0.485011,1.06668,0.00124802,-15.0564,-0.43619,-0.00612583,-0.106708,0,0,-5.55112e-17,-0,0,-0.000338221,0,0,-0.563093,-0.630489,0.00487781,-0.485011,1.06668,0.00124802,-15.0564,-0.43619,-0.00612583,-0.106708,0,0,5.55112e-17,-0.0688234,-0.0684629,-0.00474895,-0.00477396,-0.000334925,0,0,0,True,True
3.05,-0,0,0.000329612,0,0,0.563093,-0.630465,0.00482621,-0.485251,1.06669,0.00123422,-15.0565,-0.436221,-0.00606043,-0.106257,0,0,-5.55112e-17,-0,0,-0.000329612,0,0,-0.563093,-0.630465,0.00482621,-0.485251,1.06669,0.00123422,-15.0565,-0.436221,-0.00606043,-0.106257,0,0,5.55112e-17,-0.0685327,-0.0681736,-0.00469823,-0.00472297,-0.00032364,0,0,0,True,True
3.055,-0,0,0.000323642,0,0,0.563093,-0.630441,0.00477578,-0.485417,1.06669,0.00122074,-15.0564,-0.436251,-0.00599652,-0.105512,0,0,-5.55112e-17,-0,0,-0.000323642,0,0,-0.563093,-0.630441,0.00477578,-0.485417,1.06669,0.00122074,-15.0564,-0.436251,-0.00599652,-0.105512,0,0,5.55112e-17,-0.0680524,-0.0676958,-0.00464865,-0.00467314,-0.000312475,0,0,0,True,True
3.06,-0,0,0.000321646,0,0,0.563093,-0.630417,0.00472602,-0.485472,1.0667,0.00120745,-15.056,-0.436281,-0.00593346,-0.104316,0,0,-5.55112e-17,-0,0,-0.000321646,0,0,-0.563093,-0.630417,0.00472602,-0.485472,1.0667,0.00120745,-15.056,-0.436281,-0.00593346,-0.104316,0,0,5.55112e-17,-0.0672815,-0.0669289,-0.00459975,-0.00462398,-0.000301426,0,0,0,True,True
3.065,-0,0,0.000325573,0,0,0.563093,-0.630393,0.00467619,-0.485363,1.0667,0.00119415,-15.0553,-0.43631,-0.00587034,-0.102441,0,0,-9.62965e-35,-0,0,-0.000325573,0,0,-0.563093,-0.630393,0.00467619,-0.485363,1.0667,0.00119415,-15.0553,-0.43631,-0.00587034,-0.102441,0,0,-9.62965e-35,-0.0660726,-0.0657263,-0.0045508,-0.00457477,-0.000290493,0,0,0,True,True
3.07,-0,0,0.000338249,0,0,0.563093,-0.63037,0.00462519,-0.48501,1.06671,0.00118058,-15.054,-0.436339,-0.00580577,-0.0995565,0,0,-5.55112e-17,-0,0,-0.000338249,0,0,-0.563093,-0.63037,0.00462519,-0.48501,1.06671,0.00118058,-15.054,-0.436339,-0.00580577,-0.0995565,0,0,5.55112e-17,-0.0642122,-0.0638756,-0.00450072,-0.00452443,-0.000279678,0,0,0,True,True
3.075,-0,0,0.00036276,0,0,0.563093,-0.630347,0.00457139,-0.484328,1.06672,0.00116631,-15.052,-0.436368,-0.00573771,-0.0953004,0,0,-5.55112e-17,-0,0,-0.00036276,0,0,-0.563093,-0.630347,0.00457139,-0.484328,1.06672,0.00116631,-15.052,-0.436368,-0.00573771,-0.0953004,0,0,5.55112e-17,-0.0614674,-0.0611452,-0.00444793,-0.00447137,-0.000268984,0,0,0,True,True
3.08,-0,0,0.000288521,0,0,0.563093,-0.630324,0.00451274,-0.486395,1.06672,0.00115083,-15.0563,-0.436397,-0.00566356,-0.102634,0,0,-5.55112e-17,-0,0,-0.000288521,0,0,-0.563093,-0.630324,0.00451274,-0.486395,1.06672,0.00115083,-15.0563,-0.436397,-0.00566356,-0.102634,0,0,5.55112e-17,-0.066198,-0.0658509,-0.00439044,-0.00441357,-0.00025842,0,0,0,True,True
3.085,-0,0,0.000198713,0,0,0.563093,-0.630302,0.00448192,-0.488894,1.06673,0.00114271,-15.0616,-0.436425,-0.00562463,-0.111811,0,0,-5.55112e-17,-0,0,-0.000198713,0,0,-0.563093,-0.630302,0.00448192,-0.488894,1.06673,0.00114271,-15.0616,-0.436425,-0.00562463,-0.111811,0,0,5.55112e-17,-0.0721172,-0.0717391,-0.00436023,-0.00438321,-0.000248,0,0,0,True,True
