t,l_hip_yaw_q,l_hip_yaw_dq,l_hip_yaw_tau,l_hip_roll_q,l_hip_roll_dq,l_hip_roll_tau,l_hip_pitch_q,l_hip_pitch_dq,l_hip_pitch_tau,l_knee_q,l_knee_dq,l_knee_tau,l_ankle_pitch_q,l_ankle_pitch_dq,l_ankle_pitch_tau,l_ankle_roll_q,l_ankle_roll_dq,l_ankle_roll_tau,r_hip_yaw_q,r_hip_yaw_dq,r_hip_yaw_tau,r_hip_roll_q,r_hip_roll_dq,r_hip_roll_tau,r_hip_pitch_q,r_hip_pitch_dq,r_hip_pitch_tau,r_knee_q,r_knee_dq,r_knee_tau,r_ankle_pitch_q,r_ankle_pitch_dq,r_ankle_pitch_tau,r_ankle_roll_q,r_ankle_roll_dq,r_ankle_roll_tau,l_ankle_motorA_tau,l_ankle_motorB_tau,l_ankle_motorA_w,l_ankle_motorB_w,com_ref_x,com_ref_y,zmp_ref_x,zmp_ref_y,contact_l,contact_r
0,-0,0,-0.0209317,0,-9.63808e-05,0.421127,-0.629719,-0.00997164,-1.3464,1.06687,-0.00251351,-16.6329,-0.437155,0.0124851,-3.42824,0,9.63808e-05,-0.012574,-0,0,0.0368057,0,-9.63808e-05,-0.709459,-0.629719,-0.00997164,-1.24618,1.06687,-0.00251351,-17.159,-0.437155,0.0124851,-3.52487,0,9.63808e-05,-0.0129813,-2.21866,-2.19266,0.00976139,0.009644,0,0,0,0,True,True
0.005,-0,0,-0.0140184,-4.81904e-07,-0.000362828,0.310143,-0.629769,-0.00547729,-1.35241,1.06686,-0.00138071,-16.3443,-0.437093,0.006858,-3.24852,4.81904e-07,0.000362828,-0.0223931,-0,0,0.041404,-4.81904e-07,-0.000362828,-0.830363,-0.629769,-0.00547729,-1.17005,1.06686,-0.00138071,-17.2893,-0.437093,0.006858,-3.41538,4.81904e-07,0.000362828,-0.0237192,-2.10835,-2.07172,0.00563214,0.00502577,-3.86095e-07,1.93864e-07,0,0,True,True
0.01,-0,0,-0.00164458,-3.62828e-06,-0.00105794,0.142705,-0.629774,-0.00137586,-0.980757,1.06686,-0.000347054,-15.03,-0.437087,0.00172292,-1.37354,3.62828e-06,0.00105794,-0.0371941,-0,0,0.0207116,-3.62828e-06,-0.00105794,-1.02456,-0.629774,-0.00137586,-0.638982,1.06686,-0.000347054,-16.5397,-0.437087,0.00172292,-1.48974,3.62828e-06,0.00105794,-0.0409997,-0.907347,-0.860147,0.002258,0.000415113,-2.65086e-06,1.45941e-06,0,0,True,True
0.015,-0,0,0.000932507,-1.10613e-05,-0.00199337,0.0584204,-0.629783,-0.00194104,-0.653068,1.06686,-0.000489764,-14.0457,-0.437076,0.0024308,0.15668,1.10613e-05,0.00199337,-0.044658,-0,0,-0.00571654,-1.10613e-05,-0.00199337,-1.12813,-0.629783,-0.00194104,-0.205126,1.06686,-0.000489764,-15.7832,-0.437076,0.0024308,0.185733,1.10613e-05,0.00199337,-0.0502542,0.0754621,0.126008,0.0036224,0.000146687,-6.75837e-06,4.4483e-06,0,0,True,True
0.02,-0,0,0.000971023,-2.3562e-05,-0.0030371,0.0248738,-0.629793,-0.00210787,-0.72708,1.06686,-0.000532155,-14.1152,-0.437062,0.00264002,-0.0867727,2.3562e-05,0.0030371,-0.0476669,-0,0,-0.00132001,-2.3562e-05,-0.0030371,-1.17058,-0.629793,-0.00210787,-0.25288,1.06686,-0.000532155,-15.9926,-0.437062,0.00264002,-0.0848202,2.3562e-05,0.0030371,-0.0540963,-0.0833055,-0.028491,0.00469471,-0.000605256,-1.16651e-05,9.47405e-06,0,0,True,True
0.025,-0,0,0.0010573,-4.14323e-05,-0.00411538,0.0184549,-0.629804,-0.00199046,-0.7686,1.06685,-0.000503026,-14.1898,-0.437049,0.00249348,-0.247356,4.14323e-05,0.00411538,-0.0483084,-0,0,0.00179407,-4.14323e-05,-0.00411538,-1.1788,-0.629804,-0.00199046,-0.29198,1.06685,-0.000503026,-16.1027,-0.437049,0.00249348,-0.264977,4.14323e-05,0.00411538,-0.0549169,-0.18726,-0.131164,0.00552139,-0.00166472,-1.65464e-05,1.66578e-05,0,0,True,True
0.03,-0,0,0.00103795,-6.47158e-05,-0.00518959,0.0257946,-0.629813,-0.00170528,-0.787553,1.06685,-0.000431782,-14.2536,-0.437037,0.00213706,-0.340764,6.47158e-05,0.00518959,-0.0477616,-0,0,0.00360501,-6.47158e-05,-0.00518959,-1.16945,-0.629813,-0.00170528,-0.319731,1.06685,-0.000431782,-16.1461,-0.437037,0.00213706,-0.369362,6.47158e-05,0.00518959,-0.0541988,-0.247202,-0.19141,0.00618181,-0.00288419,-2.09081e-05,2.6017e-05,0,0,True,True
0.035,-0,0,0.000936569,-9.33282e-05,-0.0062415,0.0393753,-0.629821,-0.0013259,-0.793546,1.06685,-0.000337033,-14.3061,-0.437028,0.00166293,-0.392194,9.33282e-05,0.0062415,-0.0466882,-0,0,0.00455576,-9.33282e-05,-0.0062415,-1.15221,-0.629821,-0.0013259,-0.339188,1.06685,-0.000337033,-16.1521,-0.437028,0.00166293,-0.426011,9.33282e-05,0.0062415,-0.0528046,-0.279765,-0.22502,0.00673153,-0.00417585,-2.44665e-05,3.75177e-05,0,0,True,True
0.04,-0,0,0.000799955,-0.000127131,-0.00726426,0.0550956,-0.629826,-0.000897811,-0.792408,1.06685,-0.000230312,-14.3484,-0.437021,0.00112812,-0.417792,0.000127131,0.00726426,-0.045449,-0,0,0.00498068,-0.000127131,-0.00726426,-1.1324,-0.629826,-0.000897811,-0.352748,1.06685,-0.000230312,-16.1384,-0.437021,0.00112812,-0.453392,0.000127131,0.00726426,-0.0512059,-0.29557,-0.242148,0.00720875,-0.00548926,-2.70689e-05,5.11041e-05,0,0,True,True
0.045,-0,0,0.000660257,-0.000165971,-0.008257,0.0708529,-0.62983,-0.000448473,-0.787606,1.06685,-0.000118604,-14.3821,-0.437017,0.000567076,-0.427846,0.000165971,0.008257,-0.0442286,-0,0,0.005102,-0.000165971,-0.008257,-1.11269,-0.62983,-0.000448473,-0.362205,1.06685,-0.000118604,-16.1155,-0.437017,0.000567076,-0.463344,0.000165971,0.008257,-0.0496408,-0.301358,-0.249291,0.00763943,-0.00679683,-2.86427e-05,6.67147e-05,0,0,True,True
0.05,-0,0,0.000533219,-0.000209701,-0.00922168,0.0856936,-0.629831,6.10009e-06,-0.781144,1.06685,-6.00712e-06,-14.4091,-0.437015,-9.2969e-08,-0.428853,0.000209701,0.00922168,-0.0431104,-0,0,0.00505807,-0.000209701,-0.00922168,-1.09427,-0.629831,6.10009e-06,-0.368867,1.06685,-6.00712e-06,-16.089,-0.437015,-9.2969e-08,-0.463305,0.000209701,0.00922168,-0.0482135,-0.30137,-0.25057,0.00804084,-0.0080846,-2.91629e-05,8.42905e-05,0,0,True,True
0.055,-0,0,0.000423885,-0.000258188,-0.0101613,0.0992993,-0.62983,0.000457009,-0.774134,1.06685,0.000105177,-14.4309,-0.437017,-0.000562187,-0.424854,0.000258188,0.0101613,-0.0421219,-0,0,0.0049313,-0.000258188,-0.0101613,-1.07749,-0.62983,0.000457009,-0.373666,1.06685,0.000105177,-16.0621,-0.437017,-0.000562187,-0.45785,0.000258188,0.0101613,-0.0469559,-0.298228,-0.248564,0.00842433,-0.00934652,-2.86314e-05,0.000103778,0,0,True,True
0.06,-0,0,0.000331799,-0.000311314,-0.0110792,0.111678,-0.629826,0.000899701,-0.767154,1.06685,0.000213748,-14.449,-0.437021,-0.00111345,-0.418308,0.000311314,0.0110792,-0.0412621,-0,0,0.00476895,-0.000311314,-0.0110792,-1.06232,-0.629826,0.000899701,-0.37726,1.06685,0.000213748,-16.0362,-0.437021,-0.00111345,-0.449727,0.000311314,0.0110792,-0.0458638,-0.293517,-0.244849,0.00879715,-0.0105809,-2.70644e-05,0.00012513,0,0,True,True
0.065,-0,0,0.000254297,-0.00036898,-0.0119782,0.122987,-0.629821,0.0013322,-0.760475,1.06685,0.000319155,-14.4644,-0.437028,-0.00165135,-0.410666,0.00036898,0.0119782,-0.0405167,-0,0,0.00459698,-0.00036898,-0.0119782,-1.04855,-0.629821,0.0013322,-0.3801,1.06685,0.000319155,-16.0119,-0.437028,-0.00165135,-0.440527,0.00036898,0.0119782,-0.0449172,-0.288165,-0.240366,0.0091638,-0.0117884,-2.44852e-05,0.000148305,0,0,True,True
0.07,-0,0,0.000188242,-0.000431096,-0.0128608,0.133429,-0.629813,0.00175398,-0.754192,1.06685,0.000421222,-14.4779,-0.437037,-0.0021752,-0.402745,0.000431096,0.0128608,-0.0398675,-0,0,0.00442877,-0.000431096,-0.0128608,-1.0359,-0.629813,0.00175398,-0.382492,1.06685,0.000421222,-15.9891,-0.437037,-0.0021752,-0.431131,0.000431096,0.0128608,-0.0440919,-0.282688,-0.235649,0.009527,-0.0129705,-2.09195e-05,0.00017327,0,0,True,True
0.075,-0,0,0.000130802,-0.000497587,-0.013729,0.143204,-0.629803,0.00216533,-0.748313,1.06685,0.000519971,-14.4902,-0.437049,-0.0026853,-0.394977,0.000497587,0.013729,-0.0392966,-0,0,0.00427054,-0.000497587,-0.013729,-1.02411,-0.629803,0.00216533,-0.384636,1.06685,0.000519971,-15.9679,-0.437049,-0.0026853,-0.421992,0.000497587,0.013729,-0.0433644,-0.277355,-0.230985,0.00988828,-0.0141294,-1.63928e-05,0.000199992,0,0,True,True
0.08,-0,0,7.97009e-05,-0.000568386,-0.0145845,0.152486,-0.629791,0.00256688,-0.742803,1.06686,0.000615524,-14.5017,-0.437064,-0.0031824,-0.38756,0.000568386,0.0145845,-0.0387884,-0,0,0.00412451,-0.000568386,-0.0145845,-1.01297,-0.629791,0.00256688,-0.386661,1.06686,0.000615524,-15.948,-0.437064,-0.0031824,-0.41331,0.000568386,0.0145845,-0.0427149,-0.272284,-0.226511,0.0102485,-0.0152671,-1.09298e-05,0.000228445,0,0,True,True
0.085,-0,0,3.32326e-05,-0.000643433,-0.0154287,0.161413,-0.629778,0.00295943,-0.737614,1.06686,0.000708037,-14.5127,-0.437081,-0.00366747,-0.380563,0.000643433,0.0154287,-0.0383304,-0,0,0.00399085,-0.000643433,-0.0154287,-1.0023,-0.629778,0.00295943,-0.388644,1.06686,0.000708037,-15.9292,-0.437081,-0.00366747,-0.405145,0.000643433,0.0154287,-0.0421275,-0.267514,-0.222277,0.010608,-0.0163854,-4.55303e-06,0.000258606,0,0,True,True
0.09,-0,0,-9.83078e-06,-0.000722673,-0.0162624,0.170092,-0.629762,0.0033438,-0.732694,1.06686,0.000797676,-14.5234,-0.437101,-0.00414148,-0.373988,0.000722673,0.0162624,-0.0379133,-0,0,0.00386875,-0.000722673,-0.0162624,-0.991977,-0.629762,0.0033438,-0.390633,1.06686,0.000797676,-15.9112,-0.437101,-0.00414148,-0.397485,0.000722673,0.0162624,-0.04159,-0.263039,-0.218291,0.010967,-0.0174861,2.71641e-06,0.000290451,0,0,True,True
0.095,-0,0,-5.03614e-05,-0.000806057,-0.0170867,0.178602,-0.629744,0.00372075,-0.727998,1.06687,0.000884597,-14.5339,-0.437123,-0.00460535,-0.367802,0.000806057,0.0170867,-0.0375297,-0,0,0.00375706,-0.000806057,-0.0170867,-0.981892,-0.629744,0.00372075,-0.392653,1.06687,0.000884597,-15.8939,-0.437123,-0.00460535,-0.390287,0.000806057,0.0170867,-0.0410937,-0.258835,-0.214534,0.0113254,-0.0185705,1.08595e-05,0.000323962,0,0,True,True
0.1,-0,0,-8.89792e-05,-0.000893539,-0.0179021,0.187002,-0.629725,0.00409099,-0.72349,1.06687,0.000968938,-14.5444,-0.437147,-0.00505992,-0.361962,0.000893539,0.0179021,-0.0371744,-0,0,0.00365456,-0.000893539,-0.0179021,-0.971976,-0.629725,0.00409099,-0.394718,1.06687,0.000968938,-15.8771,-0.437147,-0.00505992,-0.383497,0.000893539,0.0179021,-0.0406316,-0.254871,-0.210984,0.0116833,-0.0196401,1.98587e-05,0.000359119,0,0,True,True
0.105,-0,0,-0.000126053,-0.000985078,-0.0187093,0.195325,-0.629703,0.00445514,-0.719139,1.06688,0.00105082,-14.5547,-0.437173,-0.00550596,-0.356419,0.000985078,0.0187093,-0.0368443,-0,0,0.0035601,-0.000985078,-0.0187093,-0.962188,-0.629703,0.00445514,-0.396831,1.06688,0.00105082,-15.8608,-0.437173,-0.00550596,-0.377058,0.000985078,0.0187093,-0.0401997,-0.251113,-0.20761,0.0120406,-0.0206958,2.96982e-05,0.000395906,0,0,True,True
0.11,-0,0,-0.000161711,-0.00108063,-0.0195089,0.203582,-0.62968,0.00481377,-0.714929,1.06688,0.00113036,-14.565,-0.437202,-0.00594412,-0.351119,0.00108063,0.0195089,-0.0365384,-0,0,0.00347255,-0.00108063,-0.0195089,-0.952515,-0.62968,0.00481377,-0.39898,1.06688,0.00113036,-15.845,-0.437202,-0.00594412,-0.370908,0.00108063,0.0195089,-0.0397969,-0.247525,-0.204378,0.0123972,-0.0217387,4.03634e-05,0.000434307,0,0,True,True
0.115,-0,0,-0.000195996,-0.00118017,-0.0203013,0.211771,-0.629655,0.00516734,-0.710847,1.06689,0.00120762,-14.5752,-0.437233,-0.00637496,-0.346011,0.00118017,0.0203013,-0.0362566,-0,0,0.00339092,-0.00118017,-0.0203013,-0.942958,-0.629655,0.00516734,-0.401153,1.06689,0.00120762,-15.8295,-0.437233,-0.00637496,-0.364991,0.00118017,0.0203013,-0.0394228,-0.244075,-0.201255,0.0127533,-0.0227697,5.18407e-05,0.000474307,0,0,True,True
0.12,-0,0,-0.00022897,-0.00128365,-0.0210872,0.219894,-0.629628,0.00551627,-0.706881,1.06689,0.00128269,-14.5852,-0.437266,-0.00679896,-0.341056,0.00128365,0.0210872,-0.0359986,-0,0,0.00331445,-0.00128365,-0.0210872,-0.933511,-0.629628,0.00551627,-0.403339,1.06689,0.00128269,-15.8143,-0.437266,-0.00679896,-0.359263,0.00128365,0.0210872,-0.0390768,-0.240738,-0.198217,0.0131088,-0.0237896,6.41178e-05,0.000515892,0,0,True,True
0.125,-0,0,-0.000260715,-0.00139104,-0.0218671,0.227957,-0.6296,0.00586091,-0.703022,1.0669,0.00135561,-14.5952,-0.437301,-0.00721652,-0.336226,0.00139104,0.0218671,-0.0357639,-0,0,0.00324252,-0.00139104,-0.0218671,-0.92417,-0.6296,0.00586091,-0.405534,1.0669,0.00135561,-15.7995,-0.437301,-0.00721652,-0.353692,0.00139104,0.0218671,-0.0387582,-0.237495,-0.195245,0.0134639,-0.0247994,7.7183e-05,0.00055905,0,0,True,True
0.13,-0,0,-0.00029131,-0.00150232,-0.0226415,0.235962,-0.62957,0.00620159,-0.699264,1.06691,0.00142643,-14.605,-0.437338,-0.00762802,-0.331501,0.00150232,0.0226415,-0.0355521,-0,0,0.00317472,-0.00150232,-0.0226415,-0.914928,-0.62957,0.00620159,-0.407734,1.06691,0.00142643,-15.7849,-0.437338,-0.00762802,-0.348256,0.00150232,0.0226415,-0.0384666,-0.234333,-0.192328,0.0138189,-0.0257996,9.10253e-05,0.000603768,0,0,True,True
0.135,-0,0,-0.000320834,-0.00161745,-0.0234109,0.243911,-0.629538,0.00653861,-0.695602,1.06691,0.0014952,-14.6147,-0.437377,-0.0080338,-0.326867,0.00161745,0.0234109,-0.0353631,-0,0,0.00311071,-0.00161745,-0.0234109,-0.905784,-0.629538,0.00653861,-0.409934,1.06691,0.0014952,-15.7707,-0.437377,-0.0080338,-0.342939,0.00161745,0.0234109,-0.0382013,-0.231243,-0.189456,0.0141739,-0.026791,0.000105635,0.000650037,0,0,True,True
0.14,-0,0,-0.000349359,-0.00173643,-0.0241759,0.251804,-0.629504,0.00687224,-0.692033,1.06692,0.00156194,-14.6242,-0.437418,-0.00843418,-0.322316,0.00173643,0.0241759,-0.0351967,-0,0,0.00305026,-0.00173643,-0.0241759,-0.896735,-0.629504,0.00687224,-0.412134,1.06692,0.00156194,-15.7567,-0.437418,-0.00843418,-0.33773,0.00173643,0.0241759,-0.0379621,-0.228219,-0.186624,0.0145291,-0.0277744,0.000121001,0.000697847,0,0,True,True
0.145,-0,0,-0.000376959,-0.00185921,-0.0249369,0.259641,-0.629469,0.00720275,-0.688554,1.06693,0.0016267,-14.6336,-0.437461,-0.00882945,-0.31784,0.00185921,0.0249369,-0.0350529,-0,0,0.00299317,-0.00185921,-0.0249369,-0.887781,-0.629469,0.00720275,-0.41433,1.06693,0.0016267,-15.743,-0.437461,-0.00882945,-0.332622,0.00185921,0.0249369,-0.037749,-0.225257,-0.183828,0.0148846,-0.0287504,0.000137116,0.00074719,0,0,True,True
0.15,-0,0,-0.000403705,-0.0019858,-0.0256944,0.267421,-0.629432,0.00753041,-0.685165,1.06694,0.0016895,-14.6429,-0.437506,-0.00921991,-0.313436,0.0019858,0.0256944,-0.0349316,-0,0,0.0029393,-0.0019858,-0.0256944,-0.878921,-0.629432,0.00753041,-0.416522,1.06694,0.0016895,-15.7296,-0.437506,-0.00921991,-0.32761,0.0019858,0.0256944,-0.0375615,-0.222355,-0.181065,0.0152408,-0.0297196,0.000153971,0.000798057,0,0,True,True
0.155,-0,0,-0.000429669,-0.00211616,-0.026449,0.275145,-0.629394,0.00785547,-0.681865,1.06695,0.00175037,-14.652,-0.437554,-0.00960584,-0.309102,0.00211616,0.026449,-0.0348328,-0,0,0.00288853,-0.00211616,-0.026449,-0.870155,-0.629394,0.00785547,-0.418709,1.06695,0.00175037,-15.7164,-0.437554,-0.00960584,-0.322689,0.00211616,0.026449,-0.0373998,-0.21951,-0.178333,0.0155978,-0.0306828,0.000171558,0.000850443,0,0,True,True
0.16,-0,0,-0.000454925,-0.00225029,-0.0272012,0.282812,-0.629354,0.00817817,-0.678653,1.06696,0.00180933,-14.661,-0.437603,-0.00998751,-0.304835,0.00225029,0.0272012,-0.0347565,-0,0,0.00284076,-0.00225029,-0.0272012,-0.861483,-0.629354,0.00817817,-0.42089,1.06696,0.00180933,-15.7035,-0.437603,-0.00998751,-0.317859,0.00225029,0.0272012,-0.0372636,-0.216721,-0.175632,0.0159558,-0.0316405,0.000189869,0.000904342,0,0,True,True
0.165,-0,0,-0.000479548,-0.00238817,-0.0279514,0.29042,-0.629312,0.00849878,-0.67553,1.06697,0.00186642,-14.6699,-0.437653,-0.0103652,-0.300636,0.00238817,0.0279514,-0.0347028,-0,0,0.00279591,-0.00238817,-0.0279514,-0.852904,-0.629312,0.00849878,-0.423065,1.06697,0.00186642,-15.6908,-0.437653,-0.0103652,-0.313118,0.00238817,0.0279514,-0.0371528,-0.21399,-0.172962,0.0163152,-0.0325935,0.000208899,0.00095975,0,0,True,True
0.17,-0,0,-0.00050361,-0.0025298,-0.0287001,0.29797,-0.629269,0.00881752,-0.672495,1.06698,0.00192165,-14.6786,-0.437706,-0.0107392,-0.296507,0.0025298,0.0287001,-0.0346717,-0,0,0.00275394,-0.0025298,-0.0287001,-0.844419,-0.629269,0.00881752,-0.425232,1.06698,0.00192165,-15.6785,-0.437706,-0.0107392,-0.308468,0.0025298,0.0287001,-0.0370675,-0.211316,-0.170323,0.016676,-0.0335424,0.00022864,0.00101666,0,0,True,True
0.175,-0,0,-0.000527182,-0.00267517,-0.0294479,0.305458,-0.629224,0.00913466,-0.669549,1.06698,0.00197504,-14.6872,-0.437761,-0.0111097,-0.292449,0.00267517,0.0294479,-0.0346635,-0,0,0.00271482,-0.00267517,-0.0294479,-0.836029,-0.629224,0.00913466,-0.427392,1.06698,0.00197504,-15.6664,-0.437761,-0.0111097,-0.303909,0.00267517,0.0294479,-0.0370077,-0.208702,-0.167718,0.0170385,-0.0344878,0.000249086,0.00107508,0,0,True,True
0.18,-0,0,-0.000550322,-0.00282428,-0.0301953,0.312879,-0.629177,0.00945045,-0.666697,1.06699,0.00202662,-14.6956,-0.437817,-0.0114771,-0.288468,0.00282428,0.0301953,-0.0346785,-0,0,0.00267856,-0.00282428,-0.0301953,-0.82774,-0.629177,0.00945045,-0.429544,1.06699,0.00202662,-15.6545,-0.437817,-0.0114771,-0.299448,0.00282428,0.0301953,-0.0369738,-0.20615,-0.165148,0.017403,-0.0354305,0.000270233,0.001135,0,0,True,True
0.185,-0,0,-0.000573069,-0.00297712,-0.0309427,0.320224,-0.629129,0.00976514,-0.663942,1.06701,0.00207642,-14.7039,-0.437876,-0.0118416,-0.284568,0.00297712,0.0309427,-0.0347176,-0,0,0.00264517,-0.00297712,-0.0309427,-0.81956,-0.629129,0.00976514,-0.431684,1.06701,0.00207642,-15.643,-0.437876,-0.0118416,-0.295089,0.00297712,0.0309427,-0.0369667,-0.203665,-0.162616,0.0177696,-0.036371,0.000292076,0.00119641,0,0,True,True
0.19,-0,0,-0.000595427,-0.00313371,-0.0316908,0.32748,-0.62908,0.010079,-0.661291,1.06702,0.00212445,-14.712,-0.437936,-0.0122035,-0.280751,0.00313371,0.0316908,-0.0347819,-0,0,0.00261465,-0.00313371,-0.0316908,-0.811504,-0.62908,0.010079,-0.433808,1.06702,0.00212445,-15.6318,-0.437936,-0.0122035,-0.290833,0.00313371,0.0316908,-0.0369877,-0.201248,-0.160124,0.0181386,-0.0373101,0.000314611,0.00125933,0,0,True,True
0.195,-0,0,-0.000617431,-0.00329403,-0.03244,0.334645,-0.629029,0.0103923,-0.658742,1.06703,0.00217073,-14.7199,-0.437998,-0.012563,-0.277012,0.00329403,0.03244,-0.0348716,-0,0,0.00258685,-0.00329403,-0.03244,-0.803571,-0.629029,0.0103923,-0.435913,1.06703,0.00217073,-15.6209,-0.437998,-0.012563,-0.286674,0.00329403,0.03244,-0.0370367,-0.198895,-0.157666,0.0185104,-0.0382485,0.000337833,0.00132375,0,0,True,True
0.2,-0,0,-0.000639194,-0.00345811,-0.033191,0.34174,-0.628976,0.0107053,-0.656284,1.06704,0.00221528,-14.7276,-0.438061,-0.0129206,-0.273335,0.00345811,0.033191,-0.034985,-0,0,0.00256148,-0.00345811,-0.033191,-0.795738,-0.628976,0.0107053,-0.438004,1.06704,0.00221528,-15.6103,-0.438061,-0.0129206,-0.282595,0.00345811,0.033191,-0.0371117,-0.196596,-0.155236,0.0188851,-0.0391869,0.000361741,0.00138968,0,0,True,True
0.205,-0,0,-0.000660832,-0.00362594,-0.0339442,0.348787,-0.628922,0.0110182,-0.653902,1.06705,0.0022581,-14.7352,-0.438127,-0.0132763,-0.269707,0.00362594,0.0339442,-0.0351202,-0,0,0.00253826,-0.00362594,-0.0339442,-0.78798,-0.628922,0.0110182,-0.440087,1.06705,0.0022581,-15.5999,-0.438127,-0.0132763,-0.278579,0.00362594,0.0339442,-0.0372104,-0.194342,-0.152824,0.019263,-0.0401259,0.000386331,0.00145712,0,0,True,True
0.21,-0,0,-0.00068241,-0.00379755,-0.0347001,0.355796,-0.628866,0.0113313,-0.65159,1.06706,0.0022992,-14.7427,-0.438194,-0.0136305,-0.266119,0.00379755,0.0347001,-0.0352763,-0,0,0.00251701,-0.00379755,-0.0347001,-0.780284,-0.628866,0.0113313,-0.442164,1.06706,0.0022992,-15.5897,-0.438194,-0.0136305,-0.274617,0.00379755,0.0347001,-0.0373318,-0.192124,-0.150425,0.0196443,-0.0410661,0.000411602,0.00152608,0,0,True,True
0.215,-0,0,-0.000703974,-0.00397294,-0.0354592,0.362769,-0.628808,0.0116447,-0.649346,1.06707,0.00233857,-14.7501,-0.438263,-0.0139832,-0.262567,0.00397294,0.0354592,-0.0354533,-0,0,0.00249765,-0.00397294,-0.0354592,-0.772648,-0.628808,0.0116447,-0.444236,1.06707,0.00233857,-15.5797,-0.438263,-0.0139832,-0.270705,0.00397294,0.0354592,-0.0374756,-0.189943,-0.148038,0.0200292,-0.0420081,0.000437551,0.00159655,0,0,True,True
0.22,-0,0,-0.000725567,-0.00415214,-0.0362218,0.369705,-0.628749,0.0119586,-0.647172,1.06708,0.0023762,-14.7573,-0.438334,-0.0143348,-0.259057,0.00415214,0.0362218,-0.0356513,-0,0,0.0024802,-0.00415214,-0.0362218,-0.765073,-0.628749,0.0119586,-0.446301,1.06708,0.0023762,-15.5699,-0.438334,-0.0143348,-0.266846,0.00415214,0.0362218,-0.0376421,-0.187799,-0.145666,0.0204181,-0.0429523,0.000464178,0.00166856,0,0,True,True
0.225,-0,0,-0.000747236,-0.00433516,-0.0369885,0.376602,-0.628689,0.0122732,-0.64507,1.0671,0.0024121,-14.7645,-0.438406,-0.0146853,-0.25559,0.00433516,0.0369885,-0.0358707,-0,0,0.00246468,-0.00433516,-0.0369885,-0.757561,-0.628689,0.0122732,-0.448361,1.0671,0.0024121,-15.5603,-0.438406,-0.0146853,-0.263045,0.00433516,0.0369885,-0.0378315,-0.185697,-0.143309,0.0208111,-0.0438994,0.000491482,0.00174209,0,0,True,True
0.23,-0,0,-0.000769027,-0.00452202,-0.0377597,0.383455,-0.628627,0.0125888,-0.643041,1.06711,0.00244626,-14.7715,-0.438481,-0.0150351,-0.252172,0.00452202,0.0377597,-0.0361118,-0,0,0.00245112,-0.00452202,-0.0377597,-0.750114,-0.628627,0.0125888,-0.450415,1.06711,0.00244626,-15.5509,-0.438481,-0.0150351,-0.259305,0.00452202,0.0377597,-0.0380441,-0.183638,-0.140971,0.0212085,-0.0448499,0.000519462,0.00181718,0,0,True,True
0.235,-0,0,-0.000790992,-0.00471276,-0.0385359,0.390266,-0.628563,0.0129056,-0.641088,1.06712,0.00247866,-14.7784,-0.438557,-0.0153843,-0.248805,0.00471276,0.0385359,-0.0363749,-0,0,0.00243952,-0.00471276,-0.0385359,-0.742732,-0.628563,0.0129056,-0.452463,1.06712,0.00247866,-15.5417,-0.438557,-0.0153843,-0.255629,0.00471276,0.0385359,-0.0382801,-0.181625,-0.138654,0.0216105,-0.0458044,0.000548118,0.00189381,0,0,True,True
0.24,-0,0,-0.00081318,-0.00490738,-0.0393175,0.397033,-0.628497,0.0132239,-0.63921,1.06713,0.00250931,-14.7852,-0.438635,-0.0157332,-0.245493,0.00490738,0.0393175,-0.0366599,-0,0,0.00242991,-0.00490738,-0.0393175,-0.735416,-0.628497,0.0132239,-0.454506,1.06713,0.00250931,-15.5328,-0.438635,-0.0157332,-0.252021,0.00490738,0.0393175,-0.0385396,-0.179659,-0.136359,0.0220173,-0.0467635,0.00057745,0.00197201,0,0,True,True
0.245,-0,0,-0.000835642,-0.00510593,-0.0401051,0.403756,-0.628431,0.0135437,-0.637408,1.06714,0.00253818,-14.7919,-0.438714,-0.0160819,-0.242237,0.00510593,0.0401051,-0.0369671,-0,0,0.00242225,-0.00510593,-0.0401051,-0.728164,-0.628431,0.0135437,-0.456544,1.06714,0.00253818,-15.5241,-0.438714,-0.0160819,-0.24848,0.00510593,0.0401051,-0.0388226,-0.177743,-0.134087,0.0224292,-0.0477278,0.00060746,0.00205179,0,0,True,True
0.25,-0,0,-0.000858424,-0.00530843,-0.0408991,0.410438,-0.628362,0.0138655,-0.635682,1.06716,0.00256527,-14.7984,-0.438795,-0.0164307,-0.239038,0.00530843,0.0408991,-0.0372963,-0,0,0.00241654,-0.00530843,-0.0408991,-0.720974,-0.628362,0.0138655,-0.458579,1.06716,0.00256527,-15.5156,-0.438795,-0.0164307,-0.245008,0.00530843,0.0408991,-0.039129,-0.175876,-0.13184,0.0228464,-0.0486979,0.000638149,0.00213315,0,0,True,True
0.255,-0,0,-0.000881572,-0.00551492,-0.0417,0.41708,-0.628292,0.0141893,-0.634031,1.06717,0.00259056,-14.8049,-0.438878,-0.0167799,-0.235896,0.00551492,0.0417,-0.0376477,-0,0,0.00241275,-0.00551492,-0.0417,-0.713843,-0.628292,0.0141893,-0.46061,1.06717,0.00259056,-15.5072,-0.438878,-0.0167799,-0.241604,0.00551492,0.0417,-0.0394587,-0.174058,-0.129616,0.0232692,-0.0496744,0.000669518,0.00221611,0,0,True,True
0.26,-0,0,-0.000905129,-0.00572543,-0.0425082,0.423684,-0.62822,0.0145156,-0.632454,1.06718,0.00261403,-14.8112,-0.438963,-0.0171296,-0.23281,0.00572543,0.0425082,-0.0380212,-0,0,0.00241083,-0.00572543,-0.0425082,-0.706768,-0.62822,0.0145156,-0.462638,1.06718,0.00261403,-15.4991,-0.438963,-0.0171296,-0.238267,0.00572543,0.0425082,-0.0398117,-0.172289,-0.127415,0.0236977,-0.0506579,0.00070157,0.00230069,0,0,True,True
0.265,-0,0,-0.000929133,-0.00594001,-0.0433243,0.430252,-0.628147,0.0148444,-0.630949,1.0672,0.00263566,-14.8175,-0.43905,-0.0174801,-0.22978,0.00594001,0.0433243,-0.0384168,-0,0,0.00241076,-0.00594001,-0.0433243,-0.699747,-0.628147,0.0148444,-0.464665,1.0672,0.00263566,-15.4913,-0.43905,-0.0174801,-0.234996,0.00594001,0.0433243,-0.040188,-0.170568,-0.125237,0.0241323,-0.0516489,0.000734308,0.0023869,0,0,True,True
0.27,-0,0,-0.000953621,-0.00615868,-0.0441487,0.436788,-0.628072,0.0151761,-0.629517,1.06721,0.00265543,-14.8236,-0.439138,-0.0178315,-0.226803,0.00615868,0.0441487,-0.0388344,-0,0,0.00241249,-0.00615868,-0.0441487,-0.692776,-0.628072,0.0151761,-0.466691,1.06721,0.00265543,-15.4836,-0.439138,-0.0178315,-0.231788,0.00615868,0.0441487,-0.0405873,-0.168895,-0.123082,0.0245731,-0.0526481,0.000767734,0.00247476,0,0,True,True
0.275,-0,0,-0.000978628,-0.00638149,-0.0449819,0.443293,-0.627995,0.0155108,-0.628155,1.06722,0.0026733,-14.8297,-0.439228,-0.0181841,-0.223878,0.00638149,0.0449819,-0.039274,-0,0,0.00241599,-0.00638149,-0.0449819,-0.685853,-0.627995,0.0155108,-0.468716,1.06722,0.0026733,-15.4761,-0.439228,-0.0181841,-0.228643,0.00638149,0.0449819,-0.0410096,-0.167268,-0.120947,0.0250205,-0.0536561,0.000801853,0.00256428,0,0,True,True
0.28,-0,0,-0.00100418,-0.0066085,-0.0458243,0.44977,-0.627917,0.0158489,-0.626862,1.06724,0.00268924,-14.8356,-0.43932,-0.0185382,-0.221005,0.0066085,0.0458243,-0.0397356,-0,0,0.0024212,-0.0066085,-0.0458243,-0.678974,-0.627917,0.0158489,-0.47074,1.06724,0.00268924,-15.4687,-0.43932,-0.0185382,-0.225557,0.0066085,0.0458243,-0.0414548,-0.165686,-0.118832,0.0254745,-0.0546733,0.000836668,0.00265548,0,0,True,True
0.285,-0,0,-0.00103032,-0.00683973,-0.0466764,0.45622,-0.627837,0.0161906,-0.625638,1.06725,0.00270322,-14.8415,-0.439413,-0.0188938,-0.21818,0.00683973,0.0466764,-0.0402192,-0,0,0.00242809,-0.00683973,-0.0466764,-0.672136,-0.627837,0.0161906,-0.472765,1.06725,0.00270322,-15.4616,-0.439413,-0.0188938,-0.222529,0.00683973,0.0466764,-0.0419229,-0.164149,-0.116736,0.0259356,-0.0557004,0.000872184,0.00274838,0,0,True,True
0.29,-0,0,-0.00105706,-0.00707526,-0.0475387,0.462648,-0.627755,0.0165361,-0.62448,1.06726,0.00271519,-14.8472,-0.439509,-0.0192513,-0.215402,0.00707526,0.0475387,-0.0407249,-0,0,0.00243663,-0.00707526,-0.0475387,-0.665336,-0.627755,0.0165361,-0.474791,1.06726,0.00271519,-15.4547,-0.439509,-0.0192513,-0.219556,0.00707526,0.0475387,-0.042414,-0.162654,-0.114658,0.0264038,-0.056738,0.000908406,0.00284301,0,0,True,True
0.295,-0,0,-0.00108443,-0.00731512,-0.0484117,0.469053,-0.627671,0.0168856,-0.623389,1.06728,0.00272511,-14.8529,-0.439606,-0.0196107,-0.21267,0.00731512,0.0484117,-0.0412527,-0,0,0.00244678,-0.00731512,-0.0484117,-0.658572,-0.627671,0.0168856,-0.476819,1.06728,0.00272511,-15.4479,-0.439606,-0.0196107,-0.216637,0.00731512,0.0484117,-0.0429279,-0.161201,-0.112596,0.0268795,-0.0577866,0.000945339,0.00293937,0,0,True,True
0.3,-0,0,-0.00111246,-0.00755938,-0.0492957,0.47544,-0.627586,0.0172394,-0.622363,1.06729,0.00273293,-14.8585,-0.439705,-0.0199724,-0.209981,0.00755938,0.0492957,-0.0418026,-0,0,0.0024585,-0.00755938,-0.0492957,-0.651841,-0.627586,0.0172394,-0.478848,1.06729,0.00273293,-15.4413,-0.439705,-0.0199724,-0.213769,0.00755938,0.0492957,-0.0434646,-0.159789,-0.110549,0.0273629,-0.0588468,0.00098299,0.0030375,0,0,True,True
0.305,-0,0,-0.00114117,-0.00780808,-0.0501914,0.481809,-0.627499,0.0175978,-0.621401,1.0673,0.0027386,-14.864,-0.439806,-0.0203364,-0.207334,0.00780808,0.0501914,-0.0423747,-0,0,0.00247177,-0.00780808,-0.0501914,-0.645141,-0.627499,0.0175978,-0.480879,1.0673,0.0027386,-15.4349,-0.439806,-0.0203364,-0.21095,0.00780808,0.0501914,-0.0440243,-0.158417,-0.108516,0.0278543,-0.0599191,0.00102136,0.00313741,0,0,True,True
0.31,-0,0,-0.00117059,-0.00806129,-0.0510992,0.488163,-0.62741,0.0179609,-0.620503,1.06732,0.00274205,-14.8695,-0.439908,-0.020703,-0.204728,0.00806129,0.0510992,-0.0429691,-0,0,0.00248657,-0.00806129,-0.0510992,-0.638468,-0.62741,0.0179609,-0.482913,1.06732,0.00274205,-15.4286,-0.439908,-0.020703,-0.208178,0.00806129,0.0510992,-0.0446069,-0.157084,-0.106497,0.028354,-0.0610042,0.00106047,0.00323914,0,0,True,True
0.315,-0,0,-0.00120073,-0.00831907,-0.0520194,0.494505,-0.627319,0.0183291,-0.619667,1.06733,0.00274323,-14.8748,-0.440013,-0.0210723,-0.202161,0.00831907,0.0520194,-0.0435859,-0,0,0.00250285,-0.00831907,-0.0520194,-0.63182,-0.627319,0.0183291,-0.484949,1.06733,0.00274323,-15.4225,-0.440013,-0.0210723,-0.205453,0.00831907,0.0520194,-0.0452126,-0.155789,-0.10449,0.0288621,-0.0621026,0.00110031,0.0033427,0,0,True,True
0.32,-0,0,-0.00123162,-0.00858148,-0.0529527,0.500835,-0.627227,0.0187026,-0.618893,1.06735,0.00274206,-14.8801,-0.440119,-0.0214446,-0.199632,0.00858148,0.0529527,-0.0442252,-0,0,0.00252062,-0.00858148,-0.0529527,-0.625195,-0.627227,0.0187026,-0.48699,1.06735,0.00274206,-15.4165,-0.440119,-0.0214446,-0.202771,0.00858148,0.0529527,-0.0458414,-0.154531,-0.102494,0.0293789,-0.0632148,0.00114089,0.00344812,0,0,True,True
0.325,-0,0,-0.00126329,-0.0088486,-0.0538995,0.507156,-0.627132,0.0190816,-0.618181,1.06736,0.00273847,-14.8853,-0.440227,-0.02182,-0.19714,0.0088486,0.0538995,-0.0448871,-0,0,0.00253984,-0.0088486,-0.0538995,-0.618591,-0.627132,0.0190816,-0.489035,1.06736,0.00273847,-15.4107,-0.440227,-0.02182,-0.200132,0.0088486,0.0538995,-0.0464933,-0.153309,-0.100509,0.0299048,-0.0643414,0.00118223,0.00355543,0,0,True,True
0.33,-0,0,-0.00129575,-0.00912048,-0.0548602,0.51347,-0.627036,0.0194663,-0.617529,1.06737,0.00273239,-14.8904,-0.440337,-0.0221987,-0.194683,0.00912048,0.0548602,-0.0455718,-0,0,0.00256051,-0.00912048,-0.0548602,-0.612004,-0.627036,0.0194663,-0.491084,1.06737,0.00273239,-15.4051,-0.440337,-0.0221987,-0.197535,0.00912048,0.0548602,-0.0471685,-0.152123,-0.0985331,0.0304399,-0.065483,0.00122433,0.00366465,0,0,True,True
0.335,-0,0,-0.00132902,-0.0093972,-0.0558354,0.51978,-0.626937,0.0198571,-0.616937,1.06739,0.00272373,-14.8955,-0.440449,-0.0225809,-0.19226,0.0093972,0.0558354,-0.0462794,-0,0,0.0025826,-0.0093972,-0.0558354,-0.605433,-0.626937,0.0198571,-0.493138,1.06739,0.00272373,-15.3996,-0.440449,-0.0225809,-0.194977,0.0093972,0.0558354,-0.0478671,-0.150973,-0.0965665,0.0309846,-0.0666402,0.0012672,0.00377581,0,0,True,True
0.34,-0,0,-0.00136314,-0.00967883,-0.0568255,0.526087,-0.626837,0.0202543,-0.616405,1.0674,0.0027124,-14.9004,-0.440563,-0.0229667,-0.189871,0.00967883,0.0568255,-0.04701,-0,0,0.0026061,-0.00967883,-0.0568255,-0.598875,-0.626837,0.0202543,-0.495199,1.0674,0.0027124,-15.3943,-0.440563,-0.0229667,-0.192459,0.00967883,0.0568255,-0.0485892,-0.149857,-0.0946081,0.0315391,-0.0678134,0.00131084,0.00388895,0,0,True,True
0.345,-0,0,-0.00139812,-0.00996546,-0.0578311,0.532393,-0.626735,0.0206579,-0.615932,1.06741,0.00269831,-14.9053,-0.440679,-0.0233562,-0.187514,0.00996546,0.0578311,-0.0477639,-0,0,0.00263102,-0.00996546,-0.0578311,-0.592327,-0.626735,0.0206579,-0.497266,1.06741,0.00269831,-15.3891,-0.440679,-0.0233562,-0.189978,0.00996546,0.0578311,-0.0493349,-0.148776,-0.0926573,0.0321038,-0.0690034,0.00135528,0.00400409,0,0,True,True
0.35,-0,0,-0.00143398,-0.0102571,-0.0588525,0.538701,-0.626631,0.0210684,-0.615518,1.06743,0.00268135,-14.9102,-0.440797,-0.0237498,-0.18519,0.0102571,0.0588525,-0.048541,-0,0,0.00265733,-0.0102571,-0.0588525,-0.585786,-0.626631,0.0210684,-0.49934,1.06743,0.00268135,-15.384,-0.440797,-0.0237498,-0.187534,0.0102571,0.0588525,-0.0501044,-0.147728,-0.0907135,0.0326788,-0.0702105,0.00140051,0.00412126,0,0,True,True
0.355,-0,0,-0.00147075,-0.010554,-0.0598904,0.545013,-0.626524,0.021486,-0.615161,1.06744,0.00266143,-14.915,-0.440916,-0.0241475,-0.182896,0.010554,0.0598904,-0.0493417,-0,0,0.00268502,-0.010554,-0.0598904,-0.579252,-0.626524,0.021486,-0.501421,1.06744,0.00266143,-15.3791,-0.440916,-0.0241475,-0.185126,0.010554,0.0598904,-0.0508979,-0.146714,-0.0887759,0.0332645,-0.0714355,0.00144655,0.0042405,0,0,True,True
0.36,-0,0,-0.00150845,-0.010856,-0.0609452,0.55133,-0.626416,0.021911,-0.614862,1.06745,0.00263844,-14.9197,-0.441038,-0.0245494,-0.180632,0.010856,0.0609452,-0.0501662,-0,0,0.00271411,-0.010856,-0.0609452,-0.57272,-0.626416,0.021911,-0.503512,1.06745,0.00263844,-15.3743,-0.441038,-0.0245494,-0.182752,0.010856,0.0609452,-0.0517154,-0.145733,-0.086844,0.0338612,-0.0726788,0.00149341,0.00436184,0,0,True,True
0.365,-0,0,-0.0015471,-0.0111634,-0.0620173,0.557656,-0.626305,0.0223436,-0.614621,1.06747,0.00261224,-14.9243,-0.441162,-0.0249559,-0.178398,0.0111634,0.0620173,-0.0510145,-0,0,0.00274457,-0.0111634,-0.0620173,-0.566188,-0.626305,0.0223436,-0.505611,1.06747,0.00261224,-15.3697,-0.441162,-0.0249559,-0.180413,0.0111634,0.0620173,-0.0525571,-0.144784,-0.0849172,0.0344692,-0.0739411,0.00154111,0.00448531,0,0,True,True
0.37,-0,0,-0.00158672,-0.0114762,-0.0631074,0.563992,-0.626192,0.0227842,-0.614436,1.06748,0.00258273,-14.9289,-0.441288,-0.0253669,-0.176192,0.0114762,0.0631074,-0.0518869,-0,0,0.0027764,-0.0114762,-0.0631074,-0.559654,-0.626192,0.0227842,-0.507721,1.06748,0.00258273,-15.3651,-0.441288,-0.0253669,-0.178106,0.0114762,0.0631074,-0.0534233,-0.143867,-0.0829949,0.0350887,-0.0752229,0.00158964,0.00461096,0,0,True,True
0.375,-0,0,-0.00162734,-0.0117945,-0.0642159,0.570341,-0.626077,0.0232329,-0.614308,1.06749,0.00254976,-14.9335,-0.441415,-0.0257827,-0.174015,0.0117945,0.0642159,-0.0527837,-0,0,0.00280961,-0.0117945,-0.0642159,-0.553115,-0.626077,0.0232329,-0.509841,1.06749,0.00254976,-15.3607,-0.441415,-0.0257827,-0.17583,0.0117945,0.0642159,-0.0543141,-0.142983,-0.0810764,0.0357201,-0.0765248,0.00163903,0.00473881,0,0,True,True
0.38,-0,0,-0.00166898,-0.0121184,-0.0653433,0.576705,-0.62596,0.0236902,-0.614237,1.06751,0.0025132,-14.938,-0.441545,-0.0262034,-0.171864,0.0121184,0.0653433,-0.0537051,-0,0,0.00284419,-0.0121184,-0.0653433,-0.546569,-0.62596,0.0236902,-0.511972,1.06751,0.0025132,-15.3565,-0.441545,-0.0262034,-0.173587,0.0121184,0.0653433,-0.0552298,-0.142129,-0.0791612,0.0363636,-0.0778475,0.00168928,0.0048689,0,0,True,True
0.385,-0,0,-0.00171166,-0.0124479,-0.0664902,0.583086,-0.62584,0.0241563,-0.614221,1.06752,0.00247291,-14.9424,-0.441678,-0.0266292,-0.16974,0.0124479,0.0664902,-0.0546512,-0,0,0.00288015,-0.0124479,-0.0664902,-0.540013,-0.62584,0.0241563,-0.514116,1.06752,0.00247291,-15.3523,-0.441678,-0.0266292,-0.171373,0.0124479,0.0664902,-0.0561705,-0.141307,-0.0772488,0.0370197,-0.0791913,0.00174042,0.00500128,0,0,True,True
0.39,-0,0,-0.00175539,-0.0127833,-0.067657,0.589486,-0.625718,0.0246315,-0.614261,1.06753,0.00242873,-14.9468,-0.441812,-0.0270603,-0.167642,0.0127833,0.067657,-0.0556224,-0,0,0.00291748,-0.0127833,-0.067657,-0.533445,-0.625718,0.0246315,-0.516272,1.06753,0.00242873,-15.3483,-0.441812,-0.0270603,-0.169189,0.0127833,0.067657,-0.0571365,-0.140516,-0.0753384,0.0376885,-0.080557,0.00179244,0.00513598,0,0,True,True
0.395,-0,0,-0.00180022,-0.0131245,-0.0688443,0.595907,-0.625594,0.0251162,-0.614357,1.06754,0.0023805,-14.9511,-0.441948,-0.0274967,-0.165569,0.0131245,0.0688443,-0.0566189,-0,0,0.00295618,-0.0131245,-0.0688443,-0.526862,-0.625594,0.0251162,-0.518442,1.06754,0.0023805,-15.3444,-0.441948,-0.0274967,-0.167033,0.0131245,0.0688443,-0.058128,-0.139756,-0.0734295,0.0383705,-0.0819452,0.00184538,0.00527304,0,0,True,True
0.4,-0,0,-0.00184614,-0.0134717,-0.0700527,0.602352,-0.625467,0.0256106,-0.614508,1.06755,0.00232805,-14.9554,-0.442087,-0.0279386,-0.16352,0.0134717,0.0700527,-0.057641,-0,0,0.00299627,-0.0134717,-0.0700527,-0.520263,-0.625467,0.0256106,-0.520625,1.06755,0.00232805,-15.3406,-0.442087,-0.0279386,-0.164905,0.0134717,0.0700527,-0.0591454,-0.139025,-0.0715216,0.039066,-0.0833564,0.00189923,0.0054125,0,0,True,True
0.405,-0,0,-0.00189319,-0.013825,-0.0712826,0.608823,-0.625338,0.0261151,-0.614714,1.06757,0.00227121,-14.9597,-0.442228,-0.0283863,-0.161495,0.013825,0.0712826,-0.0586891,-0,0,0.00303774,-0.013825,-0.0712826,-0.513644,-0.625338,0.0261151,-0.522824,1.06757,0.00227121,-15.3369,-0.442228,-0.0283863,-0.162804,0.013825,0.0712826,-0.0601889,-0.138325,-0.0696141,0.0397752,-0.0847913,0.00195402,0.00555442,0,0,True,True
0.41,-0,0,-0.00194139,-0.0141846,-0.0725347,0.615321,-0.625206,0.0266299,-0.614976,1.06758,0.00220978,-14.9638,-0.442371,-0.0288397,-0.159494,0.0141846,0.0725347,-0.0597634,-0,0,0.0030806,-0.0141846,-0.0725347,-0.507004,-0.625206,0.0266299,-0.525038,1.06758,0.00220978,-15.3334,-0.442371,-0.0288397,-0.16073,0.0141846,0.0725347,-0.0612588,-0.137655,-0.0677063,0.0404986,-0.0862504,0.00200976,0.00569882,0,0,True,True
0.415,-0,0,-0.00199075,-0.0145504,-0.0738094,0.621849,-0.625072,0.0271555,-0.615294,1.06759,0.00214358,-14.968,-0.442516,-0.0292991,-0.157515,0.0145504,0.0738094,-0.0608642,-0,0,0.00312487,-0.0145504,-0.0738094,-0.50034,-0.625072,0.0271555,-0.527268,1.06759,0.00214358,-15.33,-0.442516,-0.0292991,-0.158681,0.0145504,0.0738094,-0.0623554,-0.137015,-0.0657977,0.0412364,-0.0877343,0.00206646,0.00584575,0,0,True,True
0.42,-0,0,-0.00204131,-0.0149226,-0.0751073,0.628408,-0.624935,0.0276922,-0.615666,1.0676,0.00207241,-14.9721,-0.442664,-0.0297646,-0.155559,0.0149226,0.0751073,-0.0619919,-0,0,0.00317053,-0.0149226,-0.0751073,-0.493651,-0.624935,0.0276922,-0.529515,1.0676,0.00207241,-15.3266,-0.442664,-0.0297646,-0.156657,0.0149226,0.0751073,-0.0634791,-0.136404,-0.0638878,0.0419891,-0.0892437,0.00212415,0.00599527,0,0,True,True
0.425,-0,0,-0.00209306,-0.0153015,-0.076429,0.635001,-0.624795,0.0282403,-0.616094,1.06761,0.00199603,-14.9762,-0.442814,-0.0302363,-0.153624,0.0153015,0.076429,-0.0631469,-0,0,0.00321762,-0.0153015,-0.076429,-0.486933,-0.624795,0.0282403,-0.53178,1.06761,0.00199603,-15.3234,-0.442814,-0.0302363,-0.154658,0.0153015,0.076429,-0.0646302,-0.135822,-0.0619759,0.042757,-0.0907792,0.00218284,0.00614742,0,0,True,True
0.43,-0,0,-0.00214605,-0.0156869,-0.0777751,0.64163,-0.624652,0.0288002,-0.616578,1.06762,0.00191424,-14.9802,-0.442966,-0.0307145,-0.151709,0.0156869,0.0777751,-0.0643295,-0,0,0.00326613,-0.0156869,-0.0777751,-0.480184,-0.624652,0.0288002,-0.534063,1.06762,0.00191424,-15.3203,-0.442966,-0.0307145,-0.152682,0.0156869,0.0777751,-0.0658091,-0.13527,-0.0600614,0.0435404,-0.0923414,0.00224254,0.00630225,0,0,True,True
0.435,-0,0,-0.00220029,-0.0160792,-0.0791462,0.648297,-0.624507,0.0293723,-0.617117,1.06763,0.0018268,-14.9842,-0.443121,-0.0311991,-0.149816,0.0160792,0.0791462,-0.0655401,-0,0,0.00331608,-0.0160792,-0.0791462,-0.473403,-0.624507,0.0293723,-0.536364,1.06763,0.0018268,-15.3173,-0.443121,-0.0311991,-0.150728,0.0160792,0.0791462,-0.0670161,-0.134747,-0.0581438,0.0443398,-0.0939309,0.00230327,0.0064598,0,0,True,True
0.44,-0,0,-0.00225579,-0.0164784,-0.0805427,0.655003,-0.624358,0.0299569,-0.617712,1.06764,0.00173347,-14.9881,-0.443278,-0.0316903,-0.147941,0.0164784,0.0805427,-0.0667791,-0,0,0.00336747,-0.0164784,-0.0805427,-0.466587,-0.624358,0.0299569,-0.538685,1.06764,0.00173347,-15.3144,-0.443278,-0.0316903,-0.148797,0.0164784,0.0805427,-0.0682516,-0.134252,-0.0562223,0.0451555,-0.0955484,0.00236505,0.00662012,0,0,True,True
0.445,-0,0,-0.00231259,-0.0168846,-0.0819654,0.661752,-0.624207,0.0305544,-0.618363,1.06764,0.00163397,-14.9921,-0.443438,-0.0321884,-0.146086,0.0168846,0.0819654,-0.0680468,-0,0,0.00342033,-0.0168846,-0.0819654,-0.459734,-0.624207,0.0305544,-0.541026,1.06764,0.00163397,-15.3116,-0.443438,-0.0321884,-0.146888,0.0168846,0.0819654,-0.069516,-0.133786,-0.0542963,0.0459878,-0.0971945,0.0024279,0.00678328,0,0,True,True
0.45,-0,0,-0.00237069,-0.0172981,-0.0834149,0.668545,-0.624053,0.0311652,-0.619069,1.06765,0.00152806,-14.9959,-0.4436,-0.0326933,-0.144249,0.0172981,0.0834149,-0.0693437,-0,0,0.00347465,-0.0172981,-0.0834149,-0.452841,-0.624053,0.0311652,-0.543388,1.06765,0.00152806,-15.3089,-0.4436,-0.0326933,-0.144998,0.0172981,0.0834149,-0.0708098,-0.133348,-0.0523652,0.0468373,-0.0988699,0.00249184,0.00694932,0,0,True,True
0.455,-0,0,-0.00243013,-0.0177188,-0.0848917,0.675384,-0.623896,0.0317898,-0.619832,1.06766,0.00141544,-14.9998,-0.443765,-0.0332052,-0.142429,0.0177188,0.0848917,-0.0706702,-0,0,0.00353046,-0.0177188,-0.0848917,-0.445906,-0.623896,0.0317898,-0.545772,1.06766,0.00141544,-15.3063,-0.443765,-0.0332052,-0.143129,0.0177188,0.0848917,-0.0721332,-0.132938,-0.050428,0.0477043,-0.100575,0.00255688,0.0071183,0,0,True,True
0.46,-0,0,-0.00249093,-0.018147,-0.0863964,0.682273,-0.623735,0.0324285,-0.620651,1.06767,0.00129582,-15.0036,-0.443932,-0.0337243,-0.140626,0.018147,0.0863964,-0.0720267,-0,0,0.00358776,-0.018147,-0.0863964,-0.438926,-0.623735,0.0324285,-0.548178,1.06767,0.00129582,-15.3038,-0.443932,-0.0337243,-0.141278,0.018147,0.0863964,-0.0734868,-0.132556,-0.0484842,0.0485892,-0.102311,0.00262305,0.00729026,0,0,True,True
0.465,-0,0,-0.00255309,-0.0185827,-0.0879298,0.689213,-0.623571,0.0330818,-0.621525,1.06767,0.0011689,-15.0074,-0.444102,-0.0342506,-0.138839,0.0185827,0.0879298,-0.0734137,-0,0,0.00364656,-0.0185827,-0.0879298,-0.431899,-0.623571,0.0330818,-0.550608,1.06767,0.0011689,-15.3015,-0.444102,-0.0342506,-0.139444,0.0185827,0.0879298,-0.0748708,-0.132201,-0.0465328,0.0494924,-0.104078,0.00269036,0.00746528,0,0,True,True
0.47,-0,0,-0.00261666,-0.0190263,-0.0894924,0.696207,-0.623404,0.03375,-0.622456,1.06768,0.00103435,-15.0111,-0.444274,-0.0347844,-0.137067,0.0190263,0.0894924,-0.0748314,-0,0,0.00370688,-0.0190263,-0.0894924,-0.424821,-0.623404,0.03375,-0.553061,1.06768,0.00103435,-15.2992,-0.444274,-0.0347844,-0.137627,0.0190263,0.0894924,-0.0762859,-0.131873,-0.0445729,0.0504144,-0.105877,0.00275884,0.0076434,0,0,True,True
0.475,-0,0,-0.00268165,-0.0194777,-0.0910849,0.703259,-0.623234,0.0344337,-0.623443,1.06768,0.00089184,-15.0148,-0.44445,-0.0353255,-0.135308,0.0194777,0.0910849,-0.0762805,-0,0,0.00376873,-0.0194777,-0.0910849,-0.417691,-0.623234,0.0344337,-0.555539,1.06768,0.00089184,-15.297,-0.44445,-0.0353255,-0.135826,0.0194777,0.0910849,-0.0777322,-0.131572,-0.0426036,0.0513555,-0.107709,0.0028285,0.00782469,0,0,True,True
0.48,-0,0,-0.00274809,-0.0199371,-0.0927079,0.71037,-0.62306,0.0351333,-0.624486,1.06769,0.000741019,-15.0185,-0.444628,-0.0358743,-0.133561,0.0199371,0.0927079,-0.0777612,-0,0,0.00383212,-0.0199371,-0.0927079,-0.410504,-0.62306,0.0351333,-0.558043,1.06769,0.000741019,-15.2949,-0.444628,-0.0358743,-0.134039,0.0199371,0.0927079,-0.0792104,-0.131297,-0.040624,0.0523164,-0.109574,0.00289937,0.00800921,0,0,True,True
0.485,-0,0,-0.002816,-0.0204048,-0.0943621,0.717544,-0.622882,0.0358492,-0.625584,1.06769,0.00058152,-15.0222,-0.444808,-0.0364308,-0.131827,0.0204048,0.0943621,-0.0792742,-0,0,0.00389706,-0.0204048,-0.0943621,-0.403258,-0.622882,0.0358492,-0.560574,1.06769,0.00058152,-15.2929,-0.444808,-0.0364308,-0.132265,0.0204048,0.0943621,-0.0807208,-0.131047,-0.0386332,0.0532973,-0.111472,0.00297147,0.00819701,0,0,True,True
0.49,-0,0,-0.00288541,-0.0208807,-0.0960482,0.724784,-0.622701,0.036582,-0.626739,1.06769,0.000412962,-15.0258,-0.444992,-0.036995,-0.130103,0.0208807,0.0960482,-0.0808198,-0,0,0.00396356,-0.0208807,-0.0960482,-0.39595,-0.622701,0.036582,-0.563132,1.06769,0.000412962,-15.2909,-0.444992,-0.036995,-0.130504,0.0208807,0.0960482,-0.0822639,-0.130823,-0.0366302,0.0542988,-0.113406,0.00304483,0.00838817,0,0,True,True
0.495,-0,0,-0.00295635,-0.0213652,-0.0977669,0.732092,-0.622517,0.0373322,-0.62795,1.06769,0.000234946,-15.0295,-0.445178,-0.0375671,-0.128388,0.0213652,0.0977669,-0.0823984,-0,0,0.00403164,-0.0213652,-0.0977669,-0.388577,-0.622517,0.0373322,-0.565719,1.06769,0.000234946,-15.2891,-0.445178,-0.0375671,-0.128753,0.0213652,0.0977669,-0.0838401,-0.130623,-0.034614,0.0553214,-0.115374,0.00311946,0.00858274,0,0,True,True
0.5,-0,0,-0.00302885,-0.0218584,-0.0995188,0.739472,-0.622328,0.0381001,-0.629216,1.0677,4.70552e-05,-15.0331,-0.445368,-0.0381472,-0.126682,0.0218584,0.0995188,-0.0840107,-0,0,0.00410131,-0.0218584,-0.0995188,-0.381135,-0.622328,0.0381001,-0.568335,1.0677,4.70552e-05,-15.2873,-0.445368,-0.0381472,-0.127013,0.0218584,0.0995188,-0.0854499,-0.130448,-0.0325839,0.0563655,-0.117379,0.00319539,0.00878079,0,0,True,True
0.505,-0,0,-0.00310293,-0.0223604,-0.101305,0.746928,-0.622136,0.0388865,-0.630539,1.0677,-0.000151144,-15.0366,-0.44556,-0.0387353,-0.124984,0.0223604,0.101305,-0.0856571,-0,0,0.00417259,-0.0223604,-0.101305,-0.373622,-0.622136,0.0388865,-0.570982,1.0677,-0.000151144,-15.2857,-0.44556,-0.0387353,-0.125282,0.0223604,0.101305,-0.0870938,-0.130297,-0.0305391,0.0574317,-0.119421,0.00327264,0.0089824,0,0,True,True
0.51,-0,0,-0.00317864,-0.0228715,-0.103125,0.754461,-0.621939,0.0396917,-0.631918,1.06769,-0.000360104,-15.0402,-0.445755,-0.0393316,-0.123293,0.0228715,0.103125,-0.0873381,-0,0,0.0042455,-0.0228715,-0.103125,-0.366034,-0.621939,0.0396917,-0.573661,1.06769,-0.000360104,-15.2841,-0.445755,-0.0393316,-0.123559,0.0228715,0.103125,-0.0887723,-0.130171,-0.028479,0.0585204,-0.1215,0.00335124,0.00918762,0,0,True,True
0.515,-0,0,-0.00325601,-0.0233917,-0.104981,0.762075,-0.621739,0.0405163,-0.633354,1.06769,-0.000580298,-15.0437,-0.445953,-0.039936,-0.12161,0.0233917,0.104981,-0.0890542,-0,0,0.00432007,-0.0233917,-0.104981,-0.358368,-0.621739,0.0405163,-0.576372,1.06769,-0.000580298,-15.2826,-0.445953,-0.039936,-0.121845,0.0233917,0.104981,-0.0904859,-0.130069,-0.0264031,0.0596321,-0.123617,0.00343121,0.00939654,0,0,True,True
0.52,-0,0,-0.00333506,-0.0239213,-0.106873,0.769774,-0.621534,0.0413609,-0.634847,1.06769,-0.000812217,-15.0473,-0.446154,-0.0405487,-0.119934,0.0239213,0.106873,-0.090806,-0,0,0.00439633,-0.0239213,-0.106873,-0.350622,-0.621534,0.0413609,-0.579118,1.06769,-0.000812217,-15.2811,-0.446154,-0.0405487,-0.12014,0.0239213,0.106873,-0.0922351,-0.129991,-0.0243111,0.0607675,-0.125773,0.00351258,0.00960921,0,0,True,True
0.525,-0,0,-0.00341585,-0.0244604,-0.108802,0.777559,-0.621325,0.0422262,-0.636397,1.06768,-0.00105637,-15.0508,-0.446359,-0.0411698,-0.118266,0.0244604,0.108802,-0.0925941,-0,0,0.00447429,-0.0244604,-0.108802,-0.342792,-0.621325,0.0422262,-0.581898,1.06768,-0.00105637,-15.2798,-0.446359,-0.0411698,-0.118444,0.0244604,0.108802,-0.0940206,-0.129939,-0.0222027,0.0619269,-0.127969,0.00359537,0.00982573,0,0,True,True
0.53,-0,0,-0.00349841,-0.0250093,-0.110769,0.785433,-0.621112,0.0431125,-0.638007,1.06768,-0.00131331,-15.0543,-0.446566,-0.0417992,-0.116605,0.0250093,0.110769,-0.0944192,-0,0,0.00455401,-0.0250093,-0.110769,-0.334875,-0.621112,0.0431125,-0.584715,1.06768,-0.00131331,-15.2785,-0.446566,-0.0417992,-0.116756,0.0250093,0.110769,-0.095843,-0.129913,-0.0200777,0.0631111,-0.130205,0.00367962,0.0100461,0,0,True,True
0.535,-0,0,-0.00358276,-0.0255681,-0.112774,0.793399,-0.620894,0.0440207,-0.639675,1.06767,-0.00158357,-15.0578,-0.446777,-0.0424371,-0.114951,0.0255681,0.112774,-0.0962819,-0,0,0.00463551,-0.0255681,-0.112774,-0.32687,-0.620894,0.0440207,-0.587568,1.06767,-0.00158357,-15.2773,-0.446777,-0.0424371,-0.115077,0.0255681,0.112774,-0.097703,-0.129912,-0.0179356,0.0643205,-0.132482,0.00376534,0.0102706,0,0,True,True
0.54,-0,0,-0.00366891,-0.026137,-0.114818,0.801458,-0.620672,0.0449513,-0.641404,1.06766,-0.00186774,-15.0613,-0.44699,-0.0430836,-0.113304,0.026137,0.114818,-0.0981829,-0,0,0.00471881,-0.026137,-0.114818,-0.318775,-0.620672,0.0449513,-0.590459,1.06766,-0.00186774,-15.2762,-0.44699,-0.0430836,-0.113405,0.026137,0.114818,-0.0996012,-0.129938,-0.0157752,0.0655557,-0.134802,0.00385257,0.010499,0,0,True,True
0.545,-0,0,-0.00375684,-0.0267163,-0.116902,0.809609,-0.620444,0.045905,-0.643194,1.06765,-0.00216643,-15.0647,-0.447207,-0.0437385,-0.111659,0.0267163,0.116902,-0.100123,-0,0,0.00480394,-0.0267163,-0.116902,-0.310591,-0.620444,0.045905,-0.593386,1.06765,-0.00216643,-15.2751,-0.447207,-0.0437385,-0.111737,0.0267163,0.116902,-0.101539,-0.129987,-0.0135936,0.0668173,-0.137163,0.00394133,0.0107316,0,0,True,True
0.55,-0,0,-0.00384646,-0.027306,-0.119027,0.817849,-0.620212,0.0468824,-0.645047,1.06764,-0.00248028,-15.0682,-0.447428,-0.0444021,-0.110009,0.027306,0.119027,-0.102104,-0,0,0.00489087,-0.027306,-0.119027,-0.302319,-0.620212,0.0468824,-0.596346,1.06764,-0.00248028,-15.2742,-0.447428,-0.0444021,-0.110064,0.027306,0.119027,-0.103517,-0.130054,-0.0113851,0.068106,-0.139569,0.00403165,0.0109685,0,0,True,True
0.555,-0,0,-0.00393777,-0.0279065,-0.121194,0.82618,-0.619976,0.0478842,-0.646962,1.06763,-0.00280994,-15.0716,-0.447651,-0.0450742,-0.108353,0.0279065,0.121194,-0.104126,-0,0,0.00497964,-0.0279065,-0.121194,-0.293958,-0.619976,0.0478842,-0.599339,1.06763,-0.00280994,-15.2733,-0.447651,-0.0450742,-0.108386,0.0279065,0.121194,-0.105536,-0.130141,-0.00914847,0.0694223,-0.142019,0.00412357,0.0112096,0,0,True,True
0.56,-0,0,-0.00403096,-0.028518,-0.123403,0.834611,-0.619734,0.0489111,-0.648943,1.06761,-0.00315611,-15.075,-0.447879,-0.045755,-0.106702,0.028518,0.123403,-0.106189,-0,0,0.00507038,-0.028518,-0.123403,-0.285499,-0.619734,0.0489111,-0.602373,1.06761,-0.00315611,-15.2725,-0.447879,-0.045755,-0.106714,0.028518,0.123403,-0.107597,-0.130255,-0.00689153,0.0707671,-0.144514,0.0042171,0.0114552,0,0,True,True
0.565,-0,0,-0.00412624,-0.0291406,-0.125656,0.843151,-0.619486,0.0499639,-0.650989,1.0676,-0.00351951,-15.0784,-0.448109,-0.0464444,-0.105069,0.0291406,0.125656,-0.108293,-0,0,0.00516321,-0.0291406,-0.125656,-0.276933,-0.619486,0.0499639,-0.605453,1.0676,-0.00351951,-15.2718,-0.448109,-0.0464444,-0.105062,0.0291406,0.125656,-0.1097,-0.130403,-0.00462149,0.0721408,-0.147054,0.00431229,0.0117052,0,0,True,True
0.57,-0,0,-0.00422367,-0.0297745,-0.127952,0.851805,-0.619234,0.0510432,-0.653102,1.06758,-0.00390086,-15.0817,-0.448343,-0.0471424,-0.103455,0.0297745,0.127952,-0.11044,-0,0,0.00525816,-0.0297745,-0.127952,-0.268257,-0.619234,0.0510432,-0.608581,1.06758,-0.00390086,-15.2712,-0.448343,-0.0471424,-0.103428,0.0297745,0.127952,-0.111845,-0.130587,-0.0023384,0.0735441,-0.149642,0.00440916,0.0119598,0,0,True,True
0.575,-0,0,-0.00432327,-0.0304201,-0.130294,0.860576,-0.618976,0.0521501,-0.655281,1.06756,-0.00430095,-15.0851,-0.44858,-0.0478491,-0.101854,0.0304201,0.130294,-0.11263,-0,0,0.00535522,-0.0304201,-0.130294,-0.259465,-0.618976,0.0521501,-0.611757,1.06756,-0.00430095,-15.2706,-0.44858,-0.0478491,-0.101809,0.0304201,0.130294,-0.114032,-0.130804,-3.877e-05,0.0749778,-0.152277,0.00450775,0.012219,0,0,True,True
0.58,-0,0,-0.004425,-0.0310775,-0.132682,0.869465,-0.618712,0.0532851,-0.657525,1.06753,-0.00472058,-15.0885,-0.448821,-0.0485645,-0.10026,0.0310775,0.132682,-0.114864,-0,0,0.00545438,-0.0310775,-0.132682,-0.250558,-0.618712,0.0532851,-0.614982,1.06753,-0.00472058,-15.2701,-0.448821,-0.0485645,-0.100199,0.0310775,0.132682,-0.116263,-0.13105,0.00228161,0.0764424,-0.15496,0.00460809,0.012483,0,0,True,True
0.585,-0,0,-0.00452886,-0.0317469,-0.135117,0.878475,-0.618443,0.0544492,-0.659836,1.06751,-0.00516059,-15.0919,-0.449066,-0.0492886,-0.0986689,0.0317469,0.135117,-0.117143,-0,0,0.00555564,-0.0317469,-0.135117,-0.241532,-0.618443,0.0544492,-0.618253,1.06751,-0.00516059,-15.2697,-0.449066,-0.0492886,-0.0985913,0.0317469,0.135117,-0.11854,-0.131323,0.00462656,0.0779387,-0.157693,0.00471021,0.0127518,0,0,True,True
0.59,-0,0,-0.00463484,-0.0324287,-0.137599,0.887607,-0.618168,0.0556432,-0.662213,1.06748,-0.00562187,-15.0953,-0.449314,-0.0500214,-0.0970763,0.0324287,0.137599,-0.119467,-0,0,0.00565902,-0.0324287,-0.137599,-0.232387,-0.618168,0.0556432,-0.621571,1.06748,-0.00562187,-15.2693,-0.449314,-0.0500214,-0.0969832,0.0324287,0.137599,-0.120861,-0.13162,0.00699919,0.0794675,-0.160476,0.00481414,0.0130256,0,0,True,True
0.595,-0,0,-0.00474293,-0.0331229,-0.140131,0.896863,-0.617887,0.056868,-0.664658,1.06745,-0.00610532,-15.0987,-0.449566,-0.0507627,-0.0954793,0.0331229,0.140131,-0.121838,-0,0,0.00576453,-0.0331229,-0.140131,-0.22312,-0.617887,0.056868,-0.624936,1.06745,-0.00610532,-15.2691,-0.449566,-0.0507627,-0.0953713,0.0331229,0.140131,-0.12323,-0.13194,0.00940191,0.0810294,-0.16331,0.00491992,0.0133044,0,0,True,True
0.6,-0,0,-0.00485314,-0.03383,-0.142712,0.906244,-0.617599,0.0581245,-0.667171,1.06742,-0.00661191,-15.102,-0.449822,-0.0515126,-0.0938758,0.03383,0.142712,-0.124257,-0,0,0.00587221,-0.03383,-0.142712,-0.213729,-0.617599,0.0581245,-0.628348,1.06742,-0.00661191,-15.2689,-0.449822,-0.0515126,-0.0937536,0.03383,0.142712,-0.125646,-0.132283,0.0118365,0.0826253,-0.166196,0.00502759,0.0135883,0,0,True,True
0.605,-0,0,-0.00496548,-0.03455,-0.145344,0.915752,-0.617306,0.0594136,-0.669754,1.06739,-0.00714264,-15.1054,-0.450081,-0.0522709,-0.0922646,0.03455,0.145344,-0.126724,-0,0,0.00598211,-0.03455,-0.145344,-0.204212,-0.617306,0.0594136,-0.631807,1.06739,-0.00714264,-15.2687,-0.450081,-0.0522709,-0.0921287,0.03455,0.145344,-0.12811,-0.132647,0.0143044,0.084256,-0.169134,0.00513717,0.0138775,0,0,True,True
0.61,-0,0,-0.00507997,-0.0352834,-0.148027,0.92539,-0.617005,0.0607362,-0.672408,1.06735,-0.00769854,-15.1087,-0.450345,-0.0530377,-0.0906452,0.0352834,0.148027,-0.12924,-0,0,0.00609426,-0.0352834,-0.148027,-0.194567,-0.617005,0.0607362,-0.635315,1.06735,-0.00769854,-15.2687,-0.450345,-0.0530377,-0.0904962,0.0352834,0.148027,-0.130625,-0.133034,0.0168065,0.0859222,-0.172126,0.00524872,0.014172,0,0,True,True
0.615,-0,0,-0.00519663,-0.0360303,-0.150764,0.935159,-0.616698,0.0620933,-0.675135,1.06731,-0.00828069,-15.112,-0.450612,-0.0538126,-0.0890178,0.0360303,0.150764,-0.131807,-0,0,0.00620875,-0.0360303,-0.150764,-0.184791,-0.616698,0.0620933,-0.638872,1.06731,-0.00828069,-15.2687,-0.450612,-0.0538126,-0.0888562,0.0360303,0.150764,-0.13319,-0.133443,0.0193432,0.087625,-0.175173,0.00536225,0.014472,0,0,True,True
0.62,-0,0,-0.00531548,-0.036791,-0.153554,0.94506,-0.616384,0.063486,-0.677937,1.06727,-0.00889022,-15.1153,-0.450883,-0.0545958,-0.0873839,0.036791,0.153554,-0.134425,-0,0,0.00632563,-0.036791,-0.153554,-0.174883,-0.616384,0.063486,-0.642479,1.06727,-0.00889022,-15.2688,-0.450883,-0.0545958,-0.0872102,0.036791,0.153554,-0.135807,-0.133877,0.0219142,0.089365,-0.178275,0.00547782,0.0147775,0,0,True,True
0.625,-0,0,-0.00543655,-0.0375658,-0.156399,0.955096,-0.616063,0.0649153,-0.680817,1.06722,-0.00952831,-15.1186,-0.451158,-0.055387,-0.0857473,0.0375658,0.156399,-0.137096,-0,0,0.00644502,-0.0375658,-0.156399,-0.164842,-0.616063,0.0649153,-0.646137,1.06722,-0.00952831,-15.269,-0.451158,-0.055387,-0.0855619,0.0375658,0.156399,-0.138476,-0.134338,0.0245178,0.0911433,-0.181433,0.00559546,0.0150887,0,0,True,True
0.63,-0,0,-0.00555991,-0.038355,-0.1593,0.965266,-0.615735,0.0663823,-0.683778,1.06717,-0.0101962,-15.1218,-0.451437,-0.0561861,-0.084115,0.038355,0.1593,-0.139821,-0,0,0.00656705,-0.038355,-0.1593,-0.154665,-0.615735,0.0663823,-0.64985,1.06717,-0.0101962,-15.2693,-0.451437,-0.0561861,-0.0839185,0.038355,0.1593,-0.1412,-0.134832,0.0271501,0.0929607,-0.184649,0.00571521,0.0154056,0,0,True,True
0.635,-0,0,-0.00568566,-0.0391588,-0.162258,0.975574,-0.615399,0.0678881,-0.686825,1.06712,-0.0108951,-15.125,-0.45172,-0.056993,-0.0824999,0.0391588,0.162258,-0.1426,-0,0,0.00669191,-0.0391588,-0.162258,-0.14435,-0.615399,0.0678881,-0.65362,1.06712,-0.0108951,-15.2696,-0.45172,-0.056993,-0.0822929,0.0391588,0.162258,-0.14398,-0.135367,0.0298036,0.0948182,-0.187923,0.0058371,0.0157284,0,0,True,True
0.64,-0,0,-0.00581401,-0.0399776,-0.165274,0.986025,-0.615056,0.0694339,-0.689962,1.06706,-0.0116264,-15.1283,-0.452007,-0.0578075,-0.0809177,0.0399776,0.165274,-0.145435,-0,0,0.00681977,-0.0399776,-0.165274,-0.13389,-0.615056,0.0694339,-0.657454,1.06706,-0.0116264,-15.2701,-0.452007,-0.0578075,-0.0807008,0.0399776,0.165274,-0.146815,-0.135955,0.0324689,0.0967167,-0.191256,0.00596119,0.0160573,0,0,True,True
0.645,-0,0,-0.00594512,-0.0408116,-0.168349,0.99663,-0.614705,0.071021,-0.693188,1.067,-0.0123914,-15.1315,-0.452298,-0.0586296,-0.0793698,0.0408116,0.168349,-0.148326,-0,0,0.00695067,-0.0408116,-0.168349,-0.123277,-0.614705,0.071021,-0.661357,1.067,-0.0123914,-15.2707,-0.452298,-0.0586296,-0.0791438,0.0408116,0.168349,-0.149707,-0.136596,0.0351455,0.0986571,-0.194649,0.0060875,0.0163922,0,0,True,True
0.65,-0,0,-0.00607895,-0.0416611,-0.171485,1.0074,-0.614346,0.0726507,-0.696496,1.06694,-0.0131915,-15.1348,-0.452593,-0.0594591,-0.0778329,0.0416611,0.171485,-0.151274,-0,0,0.0070844,-0.0416611,-0.171485,-0.1125,-0.614346,0.0726507,-0.665327,1.06694,-0.0131915,-15.2714,-0.452593,-0.0594591,-0.0775982,0.0416611,0.171485,-0.152655,-0.137276,0.0378484,0.10064,-0.198103,0.00621609,0.0167334,0,0,True,True
0.655,-0,0,-0.00621549,-0.0425264,-0.174683,1.01835,-0.613979,0.0743242,-0.699879,1.06687,-0.0140284,-15.138,-0.452892,-0.0602958,-0.0762809,0.0425264,0.174683,-0.154278,-0,0,0.00722071,-0.0425264,-0.174683,-0.101547,-0.613979,0.0743242,-0.669361,1.06687,-0.0140284,-15.2721,-0.452892,-0.0602958,-0.076038,0.0425264,0.174683,-0.155661,-0.137977,0.0405945,0.102667,-0.20162,0.006347,0.017081,0,0,True,True
0.66,-0,0,-0.00635489,-0.0434079,-0.177943,1.02949,-0.613603,0.0760429,-0.703331,1.0668,-0.0149034,-15.1413,-0.453196,-0.0611394,-0.0747024,0.0434079,0.177943,-0.157341,-0,0,0.00735948,-0.0434079,-0.177943,-0.0904061,-0.613603,0.0760429,-0.673463,1.0668,-0.0149034,-15.2728,-0.453196,-0.0611394,-0.0744514,0.0434079,0.177943,-0.158723,-0.138693,0.0433913,0.10474,-0.2052,0.00648027,0.017435,0,0,True,True
0.665,-0,0,-0.00649735,-0.0443059,-0.181268,1.04083,-0.613218,0.077808,-0.70685,1.06672,-0.0158183,-15.1446,-0.453504,-0.0619897,-0.0730968,0.0443059,0.181268,-0.160461,-0,0,0.0075007,-0.0443059,-0.181268,-0.0790656,-0.613218,0.077808,-0.677637,1.06672,-0.0158183,-15.2735,-0.453504,-0.0619897,-0.0728381,0.0443059,0.181268,-0.161843,-0.139423,0.0462395,0.106858,-0.208843,0.00661594,0.0177957,0,0,True,True
0.67,-0,0,-0.00664315,-0.0452206,-0.184657,1.0524,-0.612825,0.0796209,-0.710436,1.06664,-0.0167747,-15.1479,-0.453816,-0.0628462,-0.0714681,0.0452206,0.184657,-0.16364,-0,0,0.00764436,-0.0452206,-0.184657,-0.0675129,-0.612825,0.0796209,-0.681889,1.06664,-0.0167747,-15.2742,-0.453816,-0.0628462,-0.0712022,0.0452206,0.184657,-0.16502,-0.14017,0.0491368,0.109023,-0.212552,0.00675406,0.0181631,0,0,True,True
0.675,-0,0,-0.00679264,-0.0461524,-0.188113,1.0642,-0.612422,0.0814831,-0.714087,1.06655,-0.0177744,-15.1514,-0.454132,-0.0637087,-0.0698212,0.0461524,0.188113,-0.166878,-0,0,0.00779048,-0.0461524,-0.188113,-0.0557339,-0.612422,0.0814831,-0.686225,1.06655,-0.0177744,-15.2749,-0.454132,-0.0637087,-0.0695486,0.0461524,0.188113,-0.168255,-0.140937,0.0520805,0.111236,-0.216326,0.00689469,0.0185374,0,0,True,True
0.68,-0,0,-0.00694621,-0.0471017,-0.191636,1.07625,-0.61201,0.0833961,-0.717799,1.06646,-0.0188192,-15.1549,-0.454453,-0.0645768,-0.0681597,0.0471017,0.191636,-0.170175,-0,0,0.00793901,-0.0471017,-0.191636,-0.0437117,-0.61201,0.0833961,-0.690654,1.06646,-0.0188192,-15.2756,-0.454453,-0.0645768,-0.0678813,0.0471017,0.191636,-0.171546,-0.141727,0.0550684,0.113499,-0.220167,0.00703785,0.0189188,0,0,True,True
0.685,-0,0,-0.00710435,-0.0480688,-0.195227,1.08859,-0.611588,0.0853613,-0.721569,1.06637,-0.019911,-15.1586,-0.454778,-0.0654503,-0.0664855,0.0480688,0.195227,-0.173531,-0,0,0.00808985,-0.0480688,-0.195227,-0.0314266,-0.611588,0.0853613,-0.695184,1.06637,-0.019911,-15.2762,-0.454778,-0.0654503,-0.0662023,0.0480688,0.195227,-0.174894,-0.142541,0.0580994,0.115812,-0.224076,0.00718361,0.0193073,0,0,True,True
0.69,-0,0,-0.00726759,-0.049054,-0.198889,1.10123,-0.611156,0.0873803,-0.725391,1.06626,-0.0210517,-15.1624,-0.455107,-0.0663286,-0.0647988,0.049054,0.198889,-0.176947,-0,0,0.00824286,-0.049054,-0.198889,-0.0188562,-0.611156,0.0873803,-0.699824,1.06626,-0.0210517,-15.2766,-0.455107,-0.0663286,-0.0645119,0.049054,0.198889,-0.178296,-0.14338,0.0611732,0.118176,-0.228053,0.007332,0.019703,0,0,True,True
0.695,-0,0,-0.00743655,-0.0500577,-0.202621,1.11421,-0.610714,0.0894548,-0.729258,1.06616,-0.0222433,-15.1664,-0.455441,-0.0672115,-0.063098,0.0500577,0.202621,-0.180421,-0,0,0.00839785,-0.0500577,-0.202621,-0.00597678,-0.610714,0.0894548,-0.704583,1.06616,-0.0222433,-15.277,-0.455441,-0.0672115,-0.062809,0.0500577,0.202621,-0.181752,-0.144241,0.0642909,0.120593,-0.232099,0.00748309,0.0201063,0,0,True,True
0.7,-0,0,-0.00761184,-0.0510802,-0.206425,1.12755,-0.610262,0.0915864,-0.733163,1.06604,-0.023488,-15.1706,-0.455779,-0.0680984,-0.0613806,0.0510802,0.206425,-0.183955,-0,0,0.00855458,-0.0510802,-0.206425,0.00723533,-0.610262,0.0915864,-0.70947,1.06604,-0.023488,-15.2771,-0.455779,-0.0680984,-0.0610913,0.0510802,0.206425,-0.185261,-0.145123,0.067454,0.123063,-0.236215,0.00763691,0.0205171,0,0,True,True
0.705,-0,0,-0.00779407,-0.0521219,-0.210302,1.14129,-0.609798,0.0937768,-0.737101,1.06592,-0.0247879,-15.1751,-0.456122,-0.0689889,-0.0596438,0.0521219,0.210302,-0.187547,-0,0,0.00871287,-0.0521219,-0.210302,0.0208001,-0.609798,0.0937768,-0.714493,1.06592,-0.0247879,-15.277,-0.456122,-0.0689889,-0.0593564,0.0521219,0.210302,-0.188821,-0.146025,0.0706644,0.125588,-0.240402,0.00779353,0.0209356,0,0,True,True
0.71,-0,0,-0.00798368,-0.0531832,-0.214253,1.15543,-0.609324,0.0960279,-0.74107,1.06579,-0.0261454,-15.1799,-0.456469,-0.0698825,-0.0578856,0.0531832,0.214253,-0.1912,-0,0,0.00887259,-0.0531832,-0.214253,0.0347295,-0.609324,0.0960279,-0.719656,1.06579,-0.0261454,-15.2767,-0.456469,-0.0698825,-0.0576024,0.0531832,0.214253,-0.192433,-0.146945,0.0739238,0.128168,-0.24466,0.00795299,0.021362,0,0,True,True
0.715,-0,0,-0.00818077,-0.0542645,-0.218279,1.16998,-0.608838,0.0983414,-0.745074,1.06566,-0.0275627,-15.1849,-0.456821,-0.0707788,-0.0561067,0.0542645,0.218279,-0.194914,-0,0,0.00903377,-0.0542645,-0.218279,0.0490201,-0.608838,0.0983414,-0.724958,1.06566,-0.0275627,-15.2761,-0.456821,-0.0707788,-0.0558301,0.0542645,0.218279,-0.196098,-0.147885,0.0772332,0.130806,-0.24899,0.00811534,0.0217965,0,0,True,True
0.72,-0,0,-0.00838491,-0.055366,-0.222381,1.18491,-0.60834,0.100719,-0.749131,1.06552,-0.0290422,-15.1902,-0.457177,-0.0716771,-0.054312,0.055366,0.222381,-0.198694,-0,0,0.00919679,-0.055366,-0.222381,0.0636446,-0.60834,0.100719,-0.730387,1.06552,-0.0290422,-15.2754,-0.457177,-0.0716771,-0.0540443,0.055366,0.222381,-0.199822,-0.14885,0.0805915,0.133501,-0.253394,0.00828065,0.0222392,0,0,True,True
0.725,-0,0,-0.00859472,-0.0564883,-0.226561,1.20013,-0.607831,0.103163,-0.753273,1.06537,-0.0305867,-15.1955,-0.457538,-0.0725768,-0.0525141,0.0564883,0.226561,-0.202547,-0,0,0.00936249,-0.0564883,-0.226561,0.0785388,-0.607831,0.103163,-0.735922,1.06537,-0.0305867,-15.2747,-0.457538,-0.0725768,-0.0522571,0.0564883,0.226561,-0.203614,-0.149852,0.0839946,0.136256,-0.257871,0.00844896,0.0226902,0,0,True,True
0.73,-0,0,-0.00880748,-0.0576316,-0.230821,1.2155,-0.607309,0.105676,-0.757557,1.06521,-0.0321987,-15.2007,-0.457903,-0.0734773,-0.0507371,0.0576316,0.230821,-0.206482,-0,0,0.00953248,-0.0576316,-0.230821,0.0935874,-0.607309,0.105676,-0.74152,1.06521,-0.0321987,-15.2742,-0.457903,-0.0734773,-0.050491,0.0576316,0.230821,-0.20749,-0.150913,0.0874336,0.139071,-0.262423,0.00862033,0.0231497,0,0,True,True
0.735,-0,0,-0.00901852,-0.0587965,-0.23516,1.23078,-0.606774,0.108259,-0.762072,1.06505,-0.0338811,-15.2055,-0.458273,-0.0743781,-0.0490203,0.0587965,0.23516,-0.210515,-0,0,0.00970942,-0.0587965,-0.23516,0.108607,-0.606774,0.108259,-0.747115,1.06505,-0.0338811,-15.2742,-0.458273,-0.0743781,-0.048783,0.0587965,0.23516,-0.211477,-0.152068,0.0908925,0.141949,-0.267051,0.00879481,0.0236178,0,0,True,True
0.74,-0,0,-0.00922065,-0.0599832,-0.239583,1.24563,-0.606226,0.110915,-0.766946,1.06487,-0.035637,-15.2094,-0.458647,-0.0752783,-0.0474237,0.0599832,0.239583,-0.214668,-0,0,0.00989736,-0.0599832,-0.239583,0.123329,-0.606226,0.110915,-0.752611,1.06487,-0.035637,-15.2754,-0.458647,-0.0752783,-0.0471893,0.0599832,0.239583,-0.215611,-0.153368,0.0943461,0.144892,-0.271757,0.00897247,0.0240948,0,0,True,True
0.745,-0,0,-0.00940352,-0.0611923,-0.244093,1.25957,-0.605665,0.113647,-0.772355,1.06469,-0.0374698,-15.2116,-0.459025,-0.0761775,-0.0460323,0.0611923,0.244093,-0.218969,-0,0,0.0101021,-0.0611923,-0.244093,0.137386,-0.605665,0.113647,-0.757879,1.06469,-0.0374698,-15.2786,-0.459025,-0.0761775,-0.0457893,0.0611923,0.244093,-0.219943,-0.154885,0.0977577,0.147902,-0.276543,0.00915337,0.0245808,0,0,True,True
0.75,-0,0,-0.00955341,-0.0624242,-0.248692,1.27196,-0.60509,0.116458,-0.778518,1.0645,-0.0393832,-15.2114,-0.459408,-0.0770749,-0.0449574,0.0624242,0.248692,-0.223452,-0,0,0.0103313,-0.0624242,-0.248692,0.150316,-0.60509,0.116458,-0.762754,1.0645,-0.0393832,-15.2846,-0.459408,-0.0770749,-0.0446871,0.0624242,0.248692,-0.224539,-0.156713,0.101078,0.150984,-0.281413,0.00933756,0.025076,0,0,True,True
0.755,-0,0,-0.00965361,-0.0636792,-0.253386,1.28212,-0.6045,0.119351,-0.785688,1.0643,-0.0413811,-15.2078,-0.459796,-0.07797,-0.0443327,0.0636792,0.253386,-0.228156,-0,0,0.0105943,-0.0636792,-0.253386,0.161588,-0.6045,0.119351,-0.767055,1.0643,-0.0413811,-15.2947,-0.459796,-0.07797,-0.0440087,0.0636792,0.253386,-0.229473,-0.158962,0.104245,0.154141,-0.28637,0.0095251,0.0255806,0,0,True,True
0.76,-0,0,-0.00968652,-0.064958,-0.258182,1.28933,-0.603896,0.12233,-0.79411,1.06408,-0.0434683,-15.2,-0.460188,-0.078862,-0.0442974,0.064958,0.258182,-0.233117,-0,0,0.0109009,-0.064958,-0.258182,0.170688,-0.603896,0.12233,-0.770608,1.06408,-0.0434683,-15.3099,-0.460188,-0.078862,-0.0438869,0.064958,0.258182,-0.234822,-0.161744,0.107193,0.157379,-0.291421,0.00971607,0.0260948,0,0,True,True
0.765,-0,0,-0.00963888,-0.0662611,-0.263087,1.29317,-0.603277,0.1254,-0.803932,1.06386,-0.0456497,-15.1872,-0.460585,-0.0797504,-0.0449569,0.0662611,0.263087,-0.238355,-0,0,0.011259,-0.0662611,-0.263087,0.177307,-0.603277,0.1254,-0.773321,1.06386,-0.0456497,-15.331,-0.460585,-0.0797504,-0.0444255,0.0662611,0.263087,-0.240637,-0.165142,0.109868,0.160704,-0.296571,0.00991053,0.0266187,0,0,True,True
0.77,-0,0,-0.00951289,-0.0675889,-0.268108,1.29396,-0.602642,0.128565,-0.815043,1.06363,-0.0479307,-15.17,-0.460986,-0.0806345,-0.0463021,0.0675889,0.268108,-0.243847,-0,0,0.0116679,-0.0675889,-0.268108,0.181705,-0.602642,0.128565,-0.77531,1.06363,-0.0479307,-15.3575,-0.460986,-0.0806345,-0.0456241,0.0675889,0.268108,-0.246893,-0.169136,0.112265,0.164124,-0.301828,0.0101085,0.0271527,0,0,True,True
0.775,-0,0,-0.00934781,-0.0689421,-0.273252,1.29364,-0.601991,0.13183,-0.826761,1.06338,-0.0503167,-15.1511,-0.461391,-0.0815136,-0.048062,0.0689421,0.273252,-0.249485,-0,0,0.0121074,-0.0689421,-0.273252,0.18539,-0.601991,0.13183,-0.777132,1.06338,-0.0503167,-15.3863,-0.461391,-0.0815136,-0.0472359,0.0689421,0.273252,-0.2534,-0.173486,0.11449,0.167643,-0.307196,0.0103102,0.027697,0,0,True,True
0.78,-0,0,-0.00925934,-0.0703214,-0.27852,1.2973,-0.601324,0.135199,-0.837316,1.06312,-0.0528123,-15.1374,-0.461801,-0.0823865,-0.0494429,0.0703214,0.27852,-0.255001,-0,0,0.0125157,-0.0703214,-0.27852,0.192284,-0.601324,0.135199,-0.780176,1.06312,-0.0528123,-15.4095,-0.461801,-0.0823865,-0.04851,0.0703214,0.27852,-0.259633,-0.177515,0.116886,0.171264,-0.312677,0.0105156,0.0282518,0,0,True,True
0.785,-0,0,-0.00950735,-0.0717273,-0.283903,1.31573,-0.600639,0.138671,-0.842971,1.06285,-0.0554198,-15.1437,-0.462215,-0.0832516,-0.0486778,0.0717273,0.283903,-0.259843,-0,0,0.0127523,-0.0717273,-0.283903,0.210668,-0.600639,0.138671,-0.78732,1.06285,-0.0554198,-15.4098,-0.462215,-0.0832516,-0.047754,0.0717273,0.283903,-0.264459,-0.17974,0.120238,0.174979,-0.31826,0.0107247,0.0288173,0,0,True,True
0.79,-0,0,-0.0106041,-0.0731604,-0.289366,1.36995,-0.599937,0.142242,-0.836571,1.06257,-0.0581355,-15.1979,-0.462633,-0.084106,-0.0422389,0.0731604,0.289366,-0.262959,-0,0,0.0125387,-0.0731604,-0.289366,0.256137,-0.599937,0.142242,-0.804002,1.06257,-0.0581355,-15.3543,-0.462633,-0.084106,-0.0416379,0.0731604,0.289366,-0.265694,-0.177222,0.126141,0.178761,-0.323914,0.0109377,0.0293939,0,0,True,True
0.795,-0,0,-0.013463,-0.074621,-0.294833,1.49929,-0.599217,0.14589,-0.805212,1.06227,-0.060945,-15.3508,-0.463056,-0.0849451,-0.0234032,0.074621,0.294833,-0.262364,-0,0,0.0113797,-0.074621,-0.294833,0.355382,-0.599217,0.14589,-0.839954,1.06227,-0.060945,-15.1835,-0.463056,-0.0849451,-0.0242272,0.074621,0.294833,-0.259475,-0.164372,0.137635,0.182547,-0.329566,0.0111547,0.0299816,0,0,True,True
0.8,-0,0,-0.0192882,-0.0761088,-0.300147,1.76562,-0.598478,0.149573,-0.730276,1.06196,-0.0638126,-15.6739,-0.463483,-0.0857608,0.0185259,0.0761088,0.300147,-0.254802,-0,0,0.00863517,-0.0761088,-0.300147,0.541348,-0.598478,0.149573,-0.909158,1.06196,-0.0638126,-14.8124,-0.463483,-0.0857608,0.0122559,0.0761088,0.300147,-0.240658,-0.132238,0.159496,0.186214,-0.335071,0.0113755,0.0305803,0,0,True,True
0.805,-0,0,-0.0283885,-0.0776225,-0.305058,2.21867,-0.597721,0.153216,-0.601153,1.06163,-0.0666744,-16.2053,-0.463914,-0.0865418,0.092262,0.0776225,0.305058,-0.237271,-0,0,0.00415568,-0.0776225,-0.305058,0.816946,-0.597721,0.153216,-1.01957,1.06163,-0.0666744,-14.1953,-0.463914,-0.0865418,0.0696871,0.0776225,0.305058,-0.207572,-0.0733103,0.195387,0.189558,-0.340193,0.0116004,0.0311895,0.000833333,0.00555556,True,True
0.81,-0,0,-0.0393433,-0.0791593,-0.309314,2.85351,-0.596946,0.156739,-0.427605,1.06129,-0.0694593,-16.9014,-0.464348,-0.0872796,0.197201,0.0791593,0.309314,-0.209274,-0,0,-0.00136258,-0.0791593,-0.309314,1.13454,-0.596946,0.156739,-1.16384,1.06129,-0.0694593,-13.3821,-0.464348,-0.0872796,0.139066,0.0791593,0.309314,-0.165346,0.0123183,0.244597,0.192373,-0.3447,0.011829,0.0318081,0.00166667,0.0111111,True,True
0.815,-0,0,-0.0502293,-0.0807156,-0.312758,3.63214,-0.596154,0.160087,-0.227741,1.06094,-0.072114,-17.6869,-0.464786,-0.0879728,0.327194,0.0807156,0.312758,-0.172199,-0,0,-0.00711601,-0.0807156,-0.312758,1.43727,-0.596154,0.160087,-1.32828,1.06094,-0.072114,-12.4599,-0.464786,-0.0879728,0.208915,0.0807156,0.312758,-0.120959,0.119806,0.304052,0.194531,-0.34845,0.0120612,0.0324347,0.0025,0.0166667,True,True
0.82,-0,0,-0.0597235,-0.0822869,-0.315314,4.52279,-0.595345,0.163225,-0.0141924,1.06057,-0.0746006,-18.5101,-0.465228,-0.0886248,0.477348,0.0822869,0.315314,-0.127436,-0,0,-0.0127273,-0.0822869,-0.315314,1.69087,-0.595345,0.163225,-1.50324,1.06057,-0.0746006,-11.489,-0.465228,-0.0886248,0.272244,0.0822869,0.315314,-0.0788332,0.245134,0.371471,0.195967,-0.351375,0.0122969,0.0330674,0.00333333,0.0222222,True,True
0.825,-0,0,-0.0670431,-0.0838687,-0.316948,5.50489,-0.594522,0.166132,0.206107,1.06019,-0.0768901,-19.3425,-0.465673,-0.0892416,0.644888,0.0838687,0.316948,-0.0759949,-0,0,-0.0181337,-0.0838687,-0.316948,1.87945,-0.594522,0.166132,-1.68332,1.06019,-0.0768901,-10.5022,-0.465673,-0.0892416,0.325801,0.0838687,0.316948,-0.041146,0.385903,0.445683,0.196649,-0.353446,0.0125359,0.0337044,0.00416667,0.0277778,True,True
0.83,-0,0,-0.0717008,-0.0854564,-0.317649,6.56575,-0.593684,0.168788,0.429671,1.0598,-0.0789588,-20.1694,-0.46612,-0.0898297,0.828537,0.0854564,0.317649,-0.0185636,-0,0,-0.0234229,-0.0854564,-0.317649,1.99694,-0.593684,0.168788,-1.86566,1.0598,-0.0789588,-9.51621,-0.46612,-0.0898297,0.368297,0.0854564,0.317649,-0.00882767,0.540889,0.526264,0.196564,-0.354658,0.0127778,0.0343438,0.005,0.0333333,True,True
0.835,-0,0,-0.073341,-0.0870452,-0.317416,7.69843,-0.592834,0.171181,0.655047,1.0594,-0.0807851,-20.9839,-0.466571,-0.0903956,1.02805,0.0870452,0.317416,0.0444577,-0,0,-0.0287491,-0.0870452,-0.317416,2.04191,-0.592834,0.171181,-2.049,1.0594,-0.0807851,-8.53832,-0.466571,-0.0903956,0.399307,0.0870452,0.317416,0.0178223,0.709719,0.613272,0.19571,-0.355012,0.0130224,0.0349838,0.00583333,0.0388889,True,True
0.84,-0,0,-0.0716509,-0.0886306,-0.316253,8.90011,-0.591972,0.173294,0.881916,1.059,-0.0823487,-21.784,-0.467024,-0.0909451,1.24378,0.0886306,0.316253,0.112909,-0,0,-0.0343011,-0.0886306,-0.316253,2.01465,-0.591972,0.173294,-2.233,1.059,-0.0823487,-7.57084,-0.467024,-0.0909451,0.418617,0.0886306,0.316253,0.0387828,0.89254,0.706985,0.194087,-0.354516,0.0132696,0.0356225,0.00666667,0.0444444,True,True
0.845,-0,0,-0.0663369,-0.0902078,-0.314163,10.1709,-0.591101,0.175113,1.11051,1.05858,-0.0836291,-22.5699,-0.46748,-0.0914841,1.47607,0.0902078,0.314163,0.186822,-0,0,-0.0402993,-0.0902078,-0.314163,1.91567,-0.591101,0.175113,-2.41788,1.05858,-0.0836291,-6.61346,-0.46748,-0.0914841,0.425861,0.0902078,0.314163,0.0541212,1.08963,0.807591,0.191695,-0.353175,0.013519,0.036258,0.0075,0.05,True,True
0.85,-0,0,-0.0571738,-0.0917722,-0.311147,11.5129,-0.590221,0.176624,1.34115,1.05816,-0.0846055,-23.3435,-0.467939,-0.0920186,1.72455,0.0917722,0.311147,0.266372,-0,0,-0.0470056,-0.0917722,-0.311147,1.74507,-0.590221,0.176624,-2.60423,1.05816,-0.0846055,-5.66482,-0.467939,-0.0920186,0.420315,0.0917722,0.311147,0.0638978,1.30084,0.914725,0.188534,-0.350993,0.0137705,0.0368885,0.00833333,0.0555556,True,True
0.855,-0,0,-0.0441558,-0.0933192,-0.307206,12.9292,-0.589335,0.177813,1.5738,1.05774,-0.0852563,-24.1083,-0.468401,-0.0925565,1.98685,0.0933192,0.307206,0.35182,-0,0,-0.0547334,-0.0933192,-0.307206,1.50228,-0.589335,0.177813,-2.79281,1.05774,-0.0852563,-4.72342,-0.468401,-0.0925565,0.400827,0.0933192,0.307206,0.0681223,1.52475,1.02675,0.184598,-0.347973,0.0140238,0.037512,0.00916667,0.0611111,True,True
0.86,-0,0,-0.0278145,-0.0948443,-0.302334,14.4228,-0.588443,0.178669,1.80751,1.05731,-0.085559,-24.8694,-0.468865,-0.0931098,2.25662,0.0948443,0.302334,0.44344,-0,0,-0.0638431,-0.0948443,-0.302334,1.18628,-0.588443,0.178669,-2.98445,1.05731,-0.085559,-3.78847,-0.468865,-0.0931098,0.365883,0.0948443,0.302334,0.066745,1.75729,1.13955,0.179876,-0.34412,0.0142786,0.0381267,0.01,0.0666667,True,True
0.865,-0,0,-0.00981916,-0.0963426,-0.296525,15.9946,-0.587548,0.17919,2.0395,1.05688,-0.0854904,-25.6344,-0.469332,-0.0936992,2.52021,0.0963426,0.296525,0.541372,-0,0,-0.0746963,-0.0963426,-0.296525,0.796206,-0.587548,0.17919,-3.17981,1.05688,-0.0854904,-2.86075,-0.469332,-0.0936992,0.313928,0.0963426,0.296525,0.0596813,1.98942,1.24459,0.17435,-0.339441,0.0145347,0.0387307,0.0108333,0.0722222,True,True
0.87,-0,0,0.00594888,-0.0978095,-0.289775,17.64,-0.586651,0.179387,2.26373,1.05645,-0.0850266,-26.4147,-0.469802,-0.0943605,2.75131,0.0978095,0.289775,0.645371,-0,0,-0.0875196,-0.0978095,-0.289775,0.332823,-0.586651,0.179387,-3.37895,1.05645,-0.0850266,-1.94393,-0.469802,-0.0943605,0.244122,0.0978095,0.289775,0.046887,2.2034,1.32576,0.167989,-0.33396,0.0147918,0.0393222,0.0116667,0.0777778,True,True
0.875,-0,0,0.0115658,-0.0992403,-0.282085,19.3421,-0.585754,0.179301,2.46864,1.05603,-0.0841446,-27.2276,-0.470275,-0.095156,2.9024,0.0992403,0.282085,0.754328,-0,0,-0.102103,-0.0992403,-0.282085,-0.198582,-0.585754,0.179301,-3.58066,1.05603,-0.0841446,-1.04652,-0.470275,-0.095156,0.157795,0.0992403,0.282085,0.0285251,2.36679,1.35435,0.160746,-0.327721,0.01505,0.0398991,0.0125,0.0833333,True,True
0.88,-0,0,-0.00765816,-0.10063,-0.273469,21.0607,-0.584858,0.179015,2.63376,1.05561,-0.0828241,-28.0982,-0.470753,-0.0961913,2.89274,0.10063,0.273469,0.865404,-0,0,-0.117228,-0.10063,-0.273469,-0.78265,-0.584858,0.179015,-3.78111,1.05561,-0.0828241,-0.185487,-0.470753,-0.0961913,0.0609426,0.10063,0.273469,0.00529836,2.42391,1.28225,0.152552,-0.320818,0.0153091,0.0404596,0.0133333,0.0888889,True,True
0.885,-0,0,-0.118098,-0.101975,-0.263972,22.7077,-0.583964,0.178692,2.84902,1.0552,-0.0810521,-28.9504,-0.471237,-0.0976394,2.7213,0.101975,0.263972,0.971659,-0,0,-0.118967,-0.101975,-0.263972,-1.36726,-0.583964,0.178692,-4.06104,1.0552,-0.0810521,0.61422,-0.471237,-0.0976394,-0.0326603,0.101975,0.263972,-0.020122,2.36997,1.11306,0.143311,-0.313423,0.0155694,0.0410018,0.0141667,0.0944444,True,True
0.89,-0,-0.000343439,-0.566669,-0.10327,-0.253666,24.929,-0.583071,0.178297,3.75323,1.0548,-0.0788467,-29.6083,-0.47173,-0.0994504,2.8769,0.10327,0.253666,1.6096,-0,0.000343439,-0.0399405,-0.10327,-0.253766,-2.06932,-0.583071,0.174923,-4.92653,1.0548,-0.0731237,1.64145,-0.47173,-0.1018,-0.153081,0.10327,0.253766,-0.0516252,2.83504,0.835225,0.13312,-0.305559,0.0158316,0.0415241,0.015,0.1,True,False
0.895,-3.43439e-06,-0.00269003,-1.46745,-0.104512,-0.242568,25.3776,-0.582181,0.176772,5.49561,1.05441,-0.0762964,-28.8182,-0.472232,-0.100476,3.64106,0.104512,0.242568,1.24027,3.43439e-06,0.00269003,0.156291,-0.104513,-0.243333,-2.04537,-0.582215,0.150871,-6.43143,1.05447,-0.0324081,1.96141,-0.472255,-0.118463,-0.236539,0.104513,0.243333,-0.0504245,3.13913,1.5211,0.122905,-0.296367,0.016097,0.0420249,0.015,0.1,True,False
0.9,-2.69003e-05,-0.00854363,-2.57991,-0.105696,-0.230728,25.9715,-0.581303,0.173205,7.62453,1.05404,-0.0734813,-27.8532,-0.472734,-0.0997234,4.58231,0.105696,0.230728,1.16603,2.69003e-05,0.00854363,0.407583,-0.105703,-0.233094,-1.99284,-0.581562,0.0927493,-8.26258,1.05448,0.0626613,2.33584,-0.472914,-0.155411,-0.335811,0.105703,0.233094,-0.0476567,3.72895,2.14333,0.113492,-0.285133,0.0163675,0.0425033,0.015,0.1,True,False
0.905,-8.88707e-05,-0.0179262,-3.62473,-0.106819,-0.218293,26.477,-0.580449,0.167845,9.46475,1.05368,-0.0704146,-27.1007,-0.473229,-0.09743,5.21075,0.106819,0.218293,1.16708,8.88707e-05,0.0179262,0.644981,-0.106844,-0.223103,-1.92717,-0.581287,0.00335359,-9.88218,1.0551,0.207444,2.64501,-0.473809,-0.210798,-0.420892,0.106844,0.223103,-0.0449682,4.15203,2.52828,0.104818,-0.272172,0.0166456,0.0429588,0.015,0.1,True,False
0.91,-0.000206162,-0.0305114,-4.53196,-0.107879,-0.205401,26.8548,-0.579625,0.161101,10.9292,1.05333,-0.0671013,-26.5633,-0.473709,-0.0939998,5.56411,0.107879,0.205401,1.18136,0.000206162,0.0305114,0.854803,-0.107934,-0.213304,-1.85187,-0.581529,-0.11105,-11.2006,1.05655,0.391642,2.8726,-0.475022,-0.280593,-0.486567,0.107934,0.213304,-0.0427634,4.39835,2.73578,0.0966822,-0.257921,0.0169336,0.043391,0.015,0.1,True,False
0.915,-0.000393984,-0.0459825,-5.29026,-0.108873,-0.192164,27.1119,-0.578838,0.153277,12.0581,1.05301,-0.0635531,-26.1801,-0.474169,-0.0897243,5.75339,0.108873,0.192164,1.19447,0.000393984,0.0459825,1.03725,-0.108977,-0.203625,-1.76721,-0.582398,-0.244634,-12.2335,1.05901,0.605477,3.0255,-0.476615,-0.360843,-0.533527,0.108977,0.203625,-0.0410939,4.53403,2.84287,0.0889452,-0.2427,0.0172337,0.0437998,0.015,0.1,True,False
0.92,-0.000665988,-0.0640328,-5.89726,-0.1098,-0.178671,27.2566,-0.578092,0.144612,12.8833,1.0527,-0.0597862,-25.9145,-0.474606,-0.0848256,5.8436,0.1098,0.178671,1.20008,0.000665988,0.0640328,1.19311,-0.109971,-0.193985,-1.67348,-0.583975,-0.391984,-12.9985,1.06261,0.839726,3.11035,-0.478631,-0.447742,-0.562711,0.109971,0.193985,-0.0399626,4.599,2.8934,0.0815071,-0.226764,0.0175478,0.0441851,0.015,0.1,True,False
0.925,-0.00103431,-0.0843652,-6.35681,-0.11066,-0.165,27.298,-0.577392,0.135303,13.4325,1.05241,-0.0558197,-25.7441,-0.475017,-0.0794838,5.87149,0.11066,0.165,1.19615,0.00103431,0.0843652,1.32365,-0.110917,-0.184312,-1.57118,-0.586317,-0.548099,-13.5148,1.06741,1.08579,3.13365,-0.481093,-0.537688,-0.575297,0.110917,0.184312,-0.039343,4.61669,2.91124,0.0742897,-0.210321,0.0178775,0.0445471,0.015,0.1,True,False
0.93,-0.00150964,-0.106692,-6.67693,-0.11145,-0.151219,27.2454,-0.576739,0.125526,13.7321,1.05214,-0.0516744,-25.6537,-0.475401,-0.0738515,5.85776,0.11145,0.151219,1.18288,0.00150964,0.106692,1.43039,-0.111814,-0.174534,-1.46113,-0.589456,-0.708416,-13.8037,1.07346,1.33576,3.10186,-0.484008,-0.627348,-0.572679,0.111814,0.174534,-0.0391918,4.60109,2.9091,0.0672266,-0.193547,0.0182238,0.0448861,0.015,0.1,True,False
0.935,-0.00210123,-0.130736,-6.86836,-0.112172,-0.137385,27.1087,-0.576136,0.115435,13.8087,1.05189,-0.0473728,-25.6312,-0.475756,-0.0680619,5.8144,0.112172,0.137385,1.16148,0.00210123,0.130736,1.51506,-0.112662,-0.164594,-1.34448,-0.593402,-0.868836,-13.8879,1.08077,1.58254,3.02144,-0.487366,-0.713708,-0.55643,0.112662,0.164594,-0.0394556,4.56091,2.89362,0.0602602,-0.176599,0.0185874,0.0452023,0.015,0.1,True,False
0.94,-0.002817,-0.156229,-6.94355,-0.112824,-0.12355,26.8978,-0.575585,0.10517,13.689,1.05167,-0.042938,-25.6661,-0.476081,-0.062232,5.74876,0.112824,0.12355,1.13362,0.002817,0.156229,1.57949,-0.11346,-0.154441,-1.22273,-0.598145,-1.02574,-13.791,1.08929,1.81986,2.89875,-0.491145,-0.794117,-0.528259,0.11346,0.154441,-0.0400763,4.50201,2.86839,0.0533397,-0.159613,0.0189686,0.0454961,0.015,0.1,True,False
0.945,-0.00366353,-0.182913,-6.91577,-0.113407,-0.109761,26.6227,-0.575085,0.0948578,13.3998,1.05146,-0.0383937,-25.7483,-0.476378,-0.0564641,5.66584,0.113407,0.109761,1.10102,0.00366353,0.182913,1.62549,-0.114206,-0.144039,-1.09769,-0.603659,-1.17603,-13.5371,1.09897,2.04234,2.74005,-0.495307,-0.866312,-0.489946,0.114206,0.144039,-0.0409936,4.42871,2.83548,0.0464207,-0.14271,0.0193676,0.0457681,0.015,0.1,True,False
0.95,-0.00464613,-0.21054,-6.79851,-0.113922,-0.0960589,26.2933,-0.574636,0.084611,12.9674,1.05128,-0.0337639,-25.8683,-0.476646,-0.0508472,5.56936,0.113922,0.0960589,1.0653,0.00464613,0.21054,1.65478,-0.1149,-0.133361,-0.971423,-0.609905,-1.31707,-13.1498,1.10971,2.2455,2.55134,-0.499808,-0.928431,-0.44329,0.1149,0.133361,-0.0421466,4.34443,2.79622,0.0394659,-0.125996,0.0197838,0.0460187,0.015,0.1,True,False
0.955,-0.00576892,-0.23887,-6.60491,-0.114368,-0.0824807,25.9195,-0.574239,0.074529,12.4171,1.05113,-0.0290723,-26.0167,-0.476886,-0.0454567,5.46232,0.114368,0.0824807,1.02791,0.00576892,0.23887,1.66895,-0.11554,-0.12239,-0.84615,-0.61683,-1.44674,-12.6518,1.12142,2.42576,2.33833,-0.504592,-0.979017,-0.390054,0.11554,0.12239,-0.0434758,4.25201,2.7516,0.0324447,-0.109562,0.0202169,0.0462485,0.015,0.1,True,False
0.96,-0.00703483,-0.267675,-6.34735,-0.114747,-0.0690601,25.5108,-0.573891,0.0646985,11.7724,1.05099,-0.0243425,-26.1852,-0.477101,-0.040356,5.34718,0.114747,0.0690601,0.990099,0.00703483,0.267675,1.66939,-0.116124,-0.111123,-0.724164,-0.624372,-1.56337,-12.0641,1.13397,2.58036,2.10635,-0.509598,-1.017,-0.331917,0.116124,0.111123,-0.0449231,4.1538,2.70242,0.0253335,-0.0934882,0.0206661,0.0464582,0.015,0.1,True,False
0.965,-0.00844567,-0.296736,-6.03717,-0.115059,-0.0558276,25.0762,-0.573592,0.055194,11.0549,1.05088,-0.0195974,-26.3663,-0.47729,-0.0355966,5.22596,0.115059,0.0558276,0.952872,0.00844567,0.296736,1.65725,-0.116651,-0.0995635,-0.607751,-0.632463,-1.66568,-11.406,1.14723,2.70734,1.86032,-0.514762,-1.04167,-0.27044,0.116651,0.0995635,-0.0464331,4.05173,2.6493,0.0181151,-0.0778423,0.0211304,0.0466484,0.015,0.1,True,False
0.97,-0.0100022,-0.325843,-5.68448,-0.115305,-0.042811,24.6245,-0.573339,0.0460791,10.2836,1.0508,-0.014859,-26.5536,-0.477457,-0.0312201,5.10021,0.115305,0.042811,0.917038,0.0100022,0.325843,1.63349,-0.11712,-0.0877269,-0.4991,-0.641029,-1.75279,-10.6946,1.16104,2.80544,1.60474,-0.520015,-1.05265,-0.207041,0.11712,0.0877269,-0.0479535,3.94731,2.59272,0.0107784,-0.0626816,0.0216088,0.0468197,0.015,0.1,True,False
0.975,-0.0117041,-0.354797,-5.29808,-0.115487,-0.0300354,24.1638,-0.573131,0.0374072,9.47518,1.05073,-0.0101483,-26.742,-0.477602,-0.0272589,4.97116,0.115487,0.0300354,0.883213,0.0117041,0.354797,1.5988,-0.117528,-0.075636,-0.400234,-0.649991,-1.82414,-9.94478,1.17528,2.87399,1.34365,-0.525288,-1.04985,-0.142982,0.117528,0.075636,-0.0494352,3.84172,2.53305,0.00331707,-0.0480543,0.0221002,0.0469728,0.015,0.1,True,False
0.98,-0.0135502,-0.383408,-4.88548,-0.115605,-0.0175235,23.7015,-0.572965,0.0292227,8.64386,1.05069,-0.00548506,-26.9277,-0.477729,-0.0237377,4.83968,0.115605,0.0175235,0.851844,0.0135502,0.383408,1.55369,-0.117876,-0.0633217,-0.312956,-0.65927,-1.87942,-9.16933,1.18978,2.91289,1.08074,-0.530513,-1.03346,-0.0793671,0.117876,0.0633217,-0.0508337,3.7358,2.47058,-0.00427072,-0.0340005,0.0226033,0.0471084,0.015,0.1,True,False
0.985,-0.0155382,-0.411494,-4.45296,-0.115662,-0.00529572,23.2445,-0.572839,0.0215622,7.80155,1.05068,-0.000887635,-27.1077,-0.47784,-0.0206746,4.70645,0.115662,0.00529572,0.823239,0.0155382,0.411494,1.49853,-0.118162,-0.0508216,-0.238798,-0.668786,-1.91859,-8.37891,1.20441,2.92246,0.819274,-0.535623,-1.00387,-0.0171432,0.118162,0.0508216,-0.0521087,3.63019,2.40551,-0.0119836,-0.0205534,0.0231168,0.0472269,0.015,0.1,True,False
0.99,-0.0176651,-0.438887,-4.00571,-0.115658,0.00662966,22.7989,-0.572749,0.0144554,6.95813,1.05069,0.00362721,-27.2801,-0.477936,-0.0180826,4.57196,0.115658,-0.00662966,0.797592,0.0176651,0.438887,1.43355,-0.118384,-0.038179,-0.179001,-0.678456,-1.94175,-7.58246,1.21901,2.9034,0.562237,-0.540552,-0.961656,0.0428877,0.118384,0.038179,-0.0532252,3.52534,2.33804,-0.0198178,-0.00773981,0.0236396,0.0473292,0.015,0.1,True,False
0.995,-0.0199271,-0.465425,-3.54794,-0.115596,0.0182367,22.3704,-0.572694,0.00792603,6.12173,1.05071,0.00804435,-27.444,-0.47802,-0.0159704,4.43665,0.115596,-0.0182367,0.775007,0.0199271,0.465425,1.35891,-0.118543,-0.025442,-0.134493,-0.688203,-1.94917,-6.78732,1.23344,2.8567,0.312305,-0.545239,-0.907538,0.100059,0.118543,0.025442,-0.0541539,3.42161,2.26834,-0.0277679,0.00441838,0.0241703,0.0474156,0.015,0.1,True,False
1,-0.0223194,-0.490957,-3.0831,-0.115476,0.0295118,21.9637,-0.57267,0.00199303,5.29898,1.05077,0.0123504,-27.5987,-0.478096,-0.0143434,4.30091,0.115476,-0.0295118,0.755522,0.0223194,0.490957,1.27476,-0.118639,-0.0126619,-0.105894,-0.697948,-1.94123,-5.99956,1.24758,2.78359,0.0719186,-0.549627,-0.842364,0.153824,0.118639,0.0126619,-0.0548719,3.31929,2.19664,-0.0358276,0.0159041,0.0247076,0.0474867,0.015,0.1,True,False
1.005,-0.0248366,-0.515342,-2.61397,-0.1153,0.0404435,21.5831,-0.572674,-0.00332917,4.49536,1.05084,0.0165338,-27.7445,-0.478164,-0.0132046,4.16522,0.1153,-0.0404435,0.739145,0.0248366,0.515342,1.18124,-0.11867,0.000107853,-0.093521,-0.707615,-1.91841,-5.22423,1.26128,2.68548,-0.15669,-0.553663,-0.767067,0.203745,0.11867,-0.000107853,-0.0553628,3.21871,2.12321,-0.0439904,0.0267043,0.0252502,0.047543,0.015,0.1,True,False
1.01,-0.0274728,-0.538448,-2.14288,-0.115071,0.0510229,21.2324,-0.572703,-0.00802979,3.71539,1.05093,0.0205848,-27.8816,-0.478228,-0.012555,4.03012,0.115071,-0.0510229,0.725881,0.0274728,0.538448,1.07858,-0.118638,0.0128131,-0.0974061,-0.717132,-1.88125,-4.46555,1.27443,2.5639,-0.371468,-0.557298,-0.682652,0.24948,0.118638,-0.0128131,-0.0556176,3.12026,2.04839,-0.0522502,0.0368094,0.025797,0.0475848,0.015,0.1,True,False
1.015,-0.0302211,-0.560154,-1.67179,-0.11479,0.0612433,20.9147,-0.572754,-0.0121013,2.96292,1.05104,0.0244954,-28.0106,-0.478289,-0.0123941,3.89628,0.11479,-0.0612433,0.715723,0.0302211,0.560154,0.967081,-0.118542,0.0254006,-0.117323,-0.726428,-1.83036,-3.72721,1.28692,2.42053,-0.570519,-0.560489,-0.59017,0.29077,0.118542,-0.0254006,-0.0556343,3.02438,1.97255,-0.0606017,0.0462135,0.0263468,0.0476126,0.015,0.1,True,False
1.02,-0.0330743,-0.580348,-1.20247,-0.114459,0.0711009,20.6325,-0.572824,-0.0155387,2.2413,1.05118,0.0282597,-28.1323,-0.478352,-0.012721,3.76441,0.114459,-0.0711009,0.708644,0.0330743,0.580348,0.847157,-0.118384,0.0378189,-0.152815,-0.735436,-1.76637,-3.01247,1.29864,2.25707,-0.752091,-0.5632,-0.4907,0.327431,0.118384,-0.0378189,-0.055419,2.93154,1.89616,-0.069041,0.0549132,0.0268985,0.0476266,0.015,0.1,True,False
1.025,-0.0360246,-0.598926,-0.736539,-0.114079,0.0805943,20.3882,-0.57291,-0.0183395,1.55352,1.05133,0.0318734,-28.2476,-0.478417,-0.0135339,3.63529,0.114079,-0.0805943,0.70461,0.0360246,0.598926,0.719353,-0.118164,0.0500208,-0.203229,-0.744092,-1.68999,-2.32437,1.30949,2.07532,-0.914568,-0.565396,-0.385336,0.359343,0.118164,-0.0500208,-0.0549852,2.84225,1.8197,-0.0775659,0.0629085,0.0274509,0.047627,0.015,0.1,True,False
1.03,-0.0390636,-0.615798,-0.275591,-0.113653,0.0897252,20.1834,-0.573008,-0.0205031,0.902367,1.05149,0.0353342,-28.3572,-0.478487,-0.0148311,3.50978,0.113653,-0.0897252,0.70359,0.0390636,0.615798,0.584352,-0.117883,0.0619637,-0.267746,-0.752336,-1.60193,-1.66581,1.31939,1.8771,-1.05647,-0.567053,-0.275173,0.386445,0.117883,-0.0619637,-0.0543538,2.75709,1.74372,-0.0861764,0.0702016,0.028003,0.047614,0.015,0.1,True,False
1.035,-0.0421826,-0.630879,0.17877,-0.113182,0.098498,20.0194,-0.573115,-0.0220303,0.290479,1.05168,0.0386416,-28.462,-0.478565,-0.0166112,3.38879,0.113182,-0.098498,0.705558,0.0421826,0.630879,0.442979,-0.117544,0.0736118,-0.34542,-0.760111,-1.50297,-1.03964,1.32826,1.66426,-1.17647,-0.568148,-0.161292,0.408726,0.117544,-0.0736118,-0.0535522,2.67664,1.66878,-0.0948749,0.0767976,0.0285539,0.0475877,0.015,0.1,True,False
1.04,-0.0453724,-0.644098,0.624882,-0.112668,0.10692,19.8973,-0.573228,-0.0229235,-0.279554,1.05188,0.0417965,-28.5627,-0.478653,-0.018873,3.27324,0.112668,-0.10692,0.710486,0.0453724,0.644098,0.296197,-0.117147,0.0849367,-0.4352,-0.767365,-1.39391,-0.448715,1.33603,1.43866,-1.27336,-0.568666,-0.044756,0.426221,0.117147,-0.0849367,-0.052614,2.60153,1.59546,-0.103667,0.0827038,0.0291027,0.0475481,0.015,0.1,True,False
1.045,-0.0486235,-0.65539,1.061,-0.112113,0.115002,19.8177,-0.573344,-0.0231859,-0.805176,1.0521,0.0448019,-28.6601,-0.478754,-0.021616,3.16411,0.112113,-0.115002,0.718342,0.0486235,0.65539,0.145094,-0.116695,0.0959186,-0.535969,-0.77405,-1.27559,0.104052,1.34265,1.20219,-1.34612,-0.568596,0.0734057,0.439001,0.116695,-0.0959186,-0.0515776,2.53238,1.52438,-0.11256,0.08793,0.0296485,0.0474951,0.015,0.1,True,False
1.05,-0.0519263,-0.664702,1.48528,-0.111518,0.122758,19.7808,-0.57346,-0.0228217,-1.28385,1.05233,0.047662,-28.7546,-0.478869,-0.0248403,3.06233,0.111518,-0.122758,0.72908,0.0519263,0.664702,-0.00912539,-0.116188,0.106547,-0.64656,-0.780121,-1.14892,0.615725,1.34805,0.956721,-1.39391,-0.567932,0.1922,0.447172,0.116188,-0.106547,-0.0504848,2.46982,1.45613,-0.121566,0.0924887,0.0301906,0.0474288,0.015,0.1,True,False
1.055,-0.0552706,-0.67199,1.89577,-0.110885,0.130205,19.7865,-0.573572,-0.0218358,-1.71304,1.05257,0.0503825,-28.8467,-0.479002,-0.0285467,2.96883,0.110885,-0.130205,0.742639,0.0552706,0.67199,-0.16516,-0.115629,0.116821,-0.765787,-0.785539,-1.01483,1.08334,1.35221,0.704149,-1.41604,-0.566674,0.310676,0.450864,0.115629,-0.116821,-0.0493797,2.41442,1.39132,-0.130699,0.0963942,0.0307283,0.0473487,0.015,0.1,True,False
1.06,-0.0586462,-0.67722,2.29041,-0.110216,0.137362,19.8344,-0.573678,-0.0202336,-2.09026,1.05283,0.0529704,-28.9367,-0.479155,-0.0327368,2.88448,0.110216,-0.137362,0.758937,0.0586462,0.67722,-0.321632,-0.11502,0.126751,-0.892453,-0.790269,-0.874291,1.50392,1.35509,0.446359,-1.41205,-0.564825,0.427932,0.450227,0.11502,-0.126751,-0.048307,2.36673,1.33054,-0.139976,0.0996636,0.031261,0.0472549,0.015,0.1,True,False
1.065,-0.0620428,-0.680368,2.66707,-0.109512,0.144254,19.9237,-0.573775,-0.0180209,-2.41305,1.0531,0.0554337,-29.0248,-0.479329,-0.0374128,2.8101,0.109512,-0.144254,0.777864,0.0620428,0.680368,-0.477108,-0.114362,0.136354,-1.02537,-0.794282,-0.728354,1.87454,1.35668,0.18524,-1.38168,-0.562394,0.543114,0.445427,0.114362,-0.136354,-0.04731,2.32724,1.27436,-0.149418,0.102316,0.0317882,0.0471469,0.015,0.1,True,False
1.07,-0.0654498,-0.681419,3.02348,-0.108773,0.150905,20.0531,-0.573858,-0.0152041,-2.67908,1.05339,0.0577813,-29.1111,-0.479529,-0.0425773,2.74643,0.108773,-0.150905,0.799288,0.0654498,0.681419,-0.630122,-0.113656,0.145659,-1.16336,-0.797553,-0.578096,2.19237,1.35695,-0.0773222,-1.32491,-0.559394,0.655419,0.436633,0.113656,-0.145659,-0.0464296,2.29637,1.2233,-0.159048,0.104374,0.0323094,0.0470243,0.015,0.1,True,False
1.075,-0.0688569,-0.680368,3.35735,-0.108003,0.157346,20.2213,-0.573927,-0.01179,-2.8861,1.05368,0.0600229,-29.1953,-0.479755,-0.0482329,2.69409,0.108003,-0.157346,0.823055,0.0688569,0.680368,-0.779195,-0.112905,0.154702,-1.30528,-0.800063,-0.424647,2.45469,1.3559,-0.339445,-1.24194,-0.55584,0.764092,0.424017,0.112905,-0.154702,-0.0457022,2.27445,1.17786,-0.168892,0.10586,0.0328243,0.0468869,0.015,0.1,True,False
1.08,-0.0722535,-0.67722,3.6663,-0.1072,0.163608,20.4262,-0.573976,-0.00778613,-3.03202,1.05399,0.0621684,-29.2773,-0.480011,-0.0543823,2.65362,0.1072,-0.163608,0.848995,0.0722535,0.67722,-0.922862,-0.112109,0.163528,-1.44999,-0.801799,-0.269178,2.65898,1.35355,-0.599248,-1.13318,-0.551753,0.868427,0.407745,0.112109,-0.163528,-0.045159,2.26175,1.13847,-0.178979,0.106803,0.0333326,0.0467341,0.015,0.1,True,False
1.085,-0.0756291,-0.67199,3.94791,-0.106366,0.169726,20.6654,-0.574005,-0.00320064,-3.11497,1.0543,0.0642281,-29.3566,-0.480299,-0.0610275,2.62541,0.106366,-0.169726,0.876927,0.0756291,0.67199,-1.05969,-0.11127,0.172184,-1.59637,-0.802755,-0.112904,2.80295,1.34991,-0.854855,-0.999332,-0.547156,0.96776,0.387972,0.11127,-0.172184,-0.0448243,2.25843,1.10548,-0.189336,0.107232,0.0338341,0.0465654,0.015,0.1,True,False
1.09,-0.0789734,-0.664702,4.19975,-0.105503,0.175736,20.9363,-0.574008,0.00195734,-3.13326,1.05463,0.0662123,-29.4326,-0.480621,-0.0681696,2.60978,0.105503,-0.175736,0.906663,0.0789734,0.664702,-1.1883,-0.110387,0.180725,-1.74333,-0.802928,0.0429291,2.88458,1.345,-1.10439,-0.84128,-0.542075,1.06147,0.36484,0.110387,-0.180725,-0.0447155,2.26459,1.07921,-0.199996,0.107178,0.0343289,0.0463803,0.015,0.1,True,False
1.095,-0.0822762,-0.65539,4.41939,-0.104609,0.181677,21.2356,-0.573985,0.00767749,-3.0855,1.05497,0.0681306,-29.5045,-0.480981,-0.0758081,2.60687,0.104609,-0.181677,0.937967,0.0822762,0.65539,-1.30738,-0.109463,0.189207,-1.88979,-0.802326,0.197046,2.90215,1.33887,-1.346,-0.660162,-0.536541,1.14895,0.338473,0.109463,-0.189207,-0.0448423,2.2802,1.05989,-0.210989,0.106678,0.0348169,0.0461781,0.015,0.1,True,False
1.1,-0.0855273,-0.644098,4.6044,-0.103686,0.187589,21.5598,-0.573932,0.013948,-2.97056,1.05531,0.0699925,-29.5714,-0.481379,-0.0839405,2.61671,0.103686,-0.187589,0.970551,0.0855273,0.644098,-1.41574,-0.108495,0.197688,-2.03468,-0.800958,0.348152,2.85429,1.33154,-1.5778,-0.457329,-0.530586,1.22965,0.308977,0.108495,-0.197688,-0.0452074,2.3051,1.04773,-0.222346,0.105769,0.0352982,0.0459583,0.015,0.1,True,False
1.105,-0.0887171,-0.630879,4.75245,-0.102733,0.193514,21.9051,-0.573846,0.0207553,-2.78762,1.05567,0.0718063,-29.6321,-0.48182,-0.0925615,2.6392,0.102733,-0.193514,1.00412,0.0887171,0.630879,-1.51227,-0.107486,0.206224,-2.17694,-0.798844,0.494938,2.73998,1.32309,-1.79795,-0.234338,-0.524245,1.30301,0.276438,0.107486,-0.206224,-0.045806,2.33907,1.04284,-0.234097,0.104493,0.0357732,0.0457202,0.015,0.1,True,False
1.11,-0.0918361,-0.615798,4.86128,-0.101751,0.199496,22.267,-0.573724,0.0280836,-2.53624,1.05603,0.0735794,-29.6854,-0.482305,-0.101663,2.67411,0.101751,-0.199496,1.0384,0.0918361,0.615798,-1.59601,-0.106433,0.214872,-2.3155,-0.796009,0.63609,2.55862,1.31356,-2.0046,0.00706,-0.517556,1.36851,0.24093,0.106433,-0.214872,-0.0466269,2.3818,1.04526,-0.246271,0.102895,0.0362422,0.0454631,0.015,0.1,True,False
1.115,-0.0948751,-0.598926,4.92877,-0.100738,0.205577,22.641,-0.573565,0.035915,-2.21635,1.0564,0.0753179,-29.7298,-0.482837,-0.111233,2.72114,0.100738,-0.205577,1.07318,0.0948751,0.598926,-1.66614,-0.105337,0.223681,-2.44932,-0.792483,0.770302,2.31,1.30304,-2.19592,0.264936,-0.51056,1.42562,0.202511,0.105337,-0.223681,-0.047653,2.43295,1.05494,-0.258893,0.101024,0.0367057,0.0451863,0.015,0.1,True,False
1.12,-0.0978254,-0.580348,4.95303,-0.099695,0.211801,23.0223,-0.573365,0.0442286,-1.82831,1.05678,0.0770263,-29.7639,-0.483417,-0.121255,2.77991,0.099695,-0.211801,1.10822,0.0978254,0.580348,-1.72202,-0.104196,0.232701,-2.57735,-0.788306,0.896278,1.9944,1.29161,-2.3701,0.537197,-0.5033,1.47382,0.161237,0.104196,-0.232701,-0.0488629,2.49215,1.07178,-0.271987,0.0989307,0.0371642,0.0448891,0.015,0.1,True,False
1.125,-0.100679,-0.560154,4.93244,-0.0986202,0.218214,23.4059,-0.573122,0.0530007,-1.37299,1.05717,0.0787072,-29.786,-0.484049,-0.131708,2.84997,0.0986202,-0.218214,1.14333,0.100679,0.560154,-1.76318,-0.10301,0.241972,-2.69855,-0.78352,1.01275,1.61259,1.27934,-2.52533,0.821596,-0.495821,1.51258,0.117167,0.10301,-0.241972,-0.0502314,2.55898,1.09567,-0.285572,0.0966709,0.0376185,0.0445707,0.015,0.1,True,False
1.13,-0.103427,-0.538448,4.86571,-0.0975129,0.224857,23.7866,-0.572835,0.0622046,-0.85183,1.05757,0.0803615,-29.7945,-0.484734,-0.142566,2.93088,0.0975129,-0.224857,1.17828,0.103427,0.538448,-1.78937,-0.101777,0.25153,-2.81194,-0.778178,1.11849,1.16591,1.26635,-2.65989,1.11574,-0.488174,1.54141,0.0703729,0.101777,-0.25153,-0.0517317,2.63302,1.12645,-0.299662,0.0943027,0.0380694,0.0442306,0.015,0.1,True,False
1.135,-0.106063,-0.515342,4.75203,-0.0963717,0.231773,24.159,-0.5725,0.0718101,-0.266935,1.05798,0.0819879,-29.7874,-0.485475,-0.153798,3.02217,0.0963717,-0.231773,1.21285,0.106063,0.515342,-1.80055,-0.100495,0.261407,-2.91654,-0.772335,1.2123,0.656352,1.25274,-2.77208,1.41711,-0.480407,1.55978,0.0209564,0.100495,-0.261407,-0.0533358,2.71382,1.164,-0.314269,0.0918877,0.0385179,0.0438679,0.015,0.1,True,False
1.14,-0.10858,-0.490957,4.59113,-0.0951951,0.239003,24.5181,-0.572117,0.0817836,0.378782,1.05839,0.0835828,-29.7634,-0.486272,-0.165366,3.12342,0.0951951,-0.239003,1.24679,0.10858,0.490957,-1.79691,-0.0991625,0.271623,-3.01143,-0.766055,1.29308,0.0866873,1.23863,-2.86027,1.72303,-0.472576,1.56719,-0.0309396,0.0991625,-0.271623,-0.0550161,2.80095,1.20821,-0.329394,0.0894899,0.038965,0.043482,0.015,0.1,True,False
1.145,-0.110973,-0.465425,4.38343,-0.0939816,0.246585,24.8585,-0.571683,0.0920883,1.08145,1.05881,0.0851403,-29.7206,-0.487129,-0.177229,3.23422,0.0939816,-0.246585,1.27982,0.110973,0.465425,-1.77888,-0.0977784,0.282198,-3.09577,-0.759405,1.35978,-0.539415,1.22414,-2.92297,2.03069,-0.464735,1.56319,-0.0851114,0.0977784,-0.282198,-0.0567462,2.89399,1.25901,-0.345038,0.0871759,0.0394118,0.0430722,0.015,0.1,True,False
1.15,-0.113235,-0.438887,4.13012,-0.0927293,0.254556,25.1754,-0.571196,0.102684,1.83606,1.05924,0.0866523,-29.658,-0.488045,-0.189337,3.35418,0.0927293,-0.254556,1.31167,0.113235,0.438887,-1.74714,-0.0963406,0.293141,-3.16879,-0.752457,1.41147,-1.21721,1.2094,-2.95879,2.33711,-0.456944,1.54733,-0.141276,0.0963406,-0.293141,-0.0585017,2.99252,1.31633,-0.36119,0.0850138,0.0398596,0.0426379,0.015,0.1,True,False
1.155,-0.115362,-0.411494,3.83334,-0.0914361,0.262947,25.464,-0.570656,0.113528,2.63623,1.05968,0.0881082,-29.5745,-0.489022,-0.201637,3.4829,0.0914361,-0.262947,1.34201,0.115362,0.411494,-1.70262,-0.094847,0.30446,-3.22981,-0.74529,1.44733,-1.94071,1.19455,-2.96657,2.6391,-0.449262,1.51924,-0.19905,0.094847,-0.30446,-0.060261,3.09608,1.38015,-0.377835,0.0830726,0.0403098,0.0421784,0.015,0.1,True,False
1.16,-0.11735,-0.383408,3.49623,-0.0900998,0.271788,25.72,-0.570061,0.124575,3.47402,1.06012,0.0894948,-29.4698,-0.490061,-0.21407,3.61991,0.0900998,-0.271788,1.37051,0.11735,0.383408,-1.6465,-0.093296,0.316153,-3.27827,-0.737984,1.46672,-2.70241,1.17974,-2.94535,2.93327,-0.441752,1.47863,-0.257931,0.093296,-0.316153,-0.0620054,3.20417,1.45037,-0.394952,0.0814213,0.0407639,0.0416932,0.015,0.1,True,False
1.165,-0.119196,-0.354797,3.1231,-0.0887182,0.281103,25.9395,-0.56941,0.135778,4.33964,1.06057,0.0907968,-29.3441,-0.491163,-0.226575,3.76459,0.0887182,-0.281103,1.39682,0.119196,0.354797,-1.58019,-0.0916855,0.328219,-3.31369,-0.730623,1.46917,-3.49318,1.1651,-2.8945,3.21597,-0.434476,1.42533,-0.317273,0.0916855,-0.328219,-0.0637194,3.31617,1.52685,-0.41251,0.0801276,0.0412232,0.0411818,0.015,0.1,True,False
1.17,-0.120898,-0.325843,2.71946,-0.0872888,0.290911,26.119,-0.568703,0.147088,5.22125,1.06103,0.0919963,-29.1986,-0.492327,-0.239084,3.91606,0.0872888,-0.290911,1.42058,0.120898,0.325843,-1.50528,-0.0900138,0.34065,-3.33572,-0.723292,1.45444,-4.30196,1.15079,-2.81377,3.48322,-0.427498,1.35933,-0.376272,0.0900138,-0.34065,-0.0653907,3.43128,1.60927,-0.430474,0.0792567,0.0416895,0.0406436,0.015,0.1,True,False
1.175,-0.122454,-0.296736,2.29207,-0.0858091,0.301223,26.2556,-0.567939,0.158457,6.1048,1.06149,0.0930735,-29.0355,-0.493554,-0.251531,4.07308,0.0858091,-0.301223,1.44142,0.122454,0.296736,-1.42356,-0.088279,0.353436,-3.34411,-0.716078,1.42255,-5.1157,1.13696,-2.70335,3.73072,-0.420883,1.28079,-0.43395,0.088279,-0.353436,-0.0670102,3.54846,1.69709,-0.448799,0.0788696,0.0421644,0.0400783,0.015,0.1,True,False
1.18,-0.123865,-0.267675,1.84892,-0.0842766,0.312045,26.3469,-0.567118,0.169839,6.97392,1.06196,0.0940062,-28.858,-0.494842,-0.263845,4.23392,0.0842766,-0.312045,1.45894,0.123865,0.267675,-1.3369,-0.0864794,0.366566,-3.33866,-0.709067,1.37385,-5.91919,1.12376,-2.564,3.95379,-0.41469,1.19014,-0.489146,0.0864794,-0.366566,-0.0685715,3.6663,1.78951,-0.467437,0.0790217,0.0426493,0.0394854,0.015,0.1,True,False
1.185,-0.125131,-0.23887,1.39912,-0.0826886,0.323375,26.391,-0.566241,0.181188,7.80991,1.06243,0.0947704,-28.6705,-0.496192,-0.275958,4.39625,0.0826886,-0.323375,1.47265,0.125131,0.23887,-1.24724,-0.0846133,0.380027,-3.31924,-0.70234,1.30903,-6.69517,1.11132,-2.3971,4.14733,-0.408981,1.08807,-0.540522,0.0846133,-0.380027,-0.0700701,3.78298,1.88534,-0.48633,0.0797609,0.043146,0.0388647,0.015,0.1,True,False
1.19,-0.126254,-0.21054,0.952742,-0.0810428,0.335203,26.3865,-0.565306,0.192463,8.59194,1.06291,0.0953404,-28.4787,-0.497602,-0.287803,4.55709,0.0810428,-0.335203,1.482,0.126254,0.21054,-1.15646,-0.0826791,0.393803,-3.28572,-0.695976,1.22918,-7.42438,1.09979,-2.20476,4.30586,-0.40381,0.975579,-0.586565,0.0826791,-0.393803,-0.0715031,3.89616,1.9831,-0.50542,0.0811262,0.043656,0.0382158,0.015,0.1,True,False
1.195,-0.127236,-0.182913,0.520513,-0.0793366,0.347508,26.3318,-0.564316,0.203628,9.29738,1.06339,0.0956889,-28.2891,-0.49907,-0.299317,4.71277,0.0793366,-0.347508,1.48621,0.127236,0.182913,-1.06633,-0.0806753,0.407881,-3.23796,-0.690048,1.13583,-8.08596,1.08927,-1.98989,4.42352,-0.399225,0.85406,-0.62562,0.0806753,-0.407881,-0.0728682,4.00294,2.08093,-0.52464,0.0831463,0.0441807,0.0375384,0.015,0.1,True,False
1.2,-0.128083,-0.156229,0.113488,-0.0775677,0.360264,26.2258,-0.56327,0.214652,9.9023,1.06387,0.0957877,-28.1091,-0.500595,-0.31044,4.85895,0.0775677,-0.360264,1.48427,0.128083,0.156229,-0.978373,-0.0786003,0.422244,-3.1757,-0.684618,1.03098,-8.65785,1.07989,-1.75626,4.49408,-0.395269,0.72528,-0.65592,0.0786003,-0.422244,-0.0741621,4.09983,2.17673,-0.543923,0.0858383,0.0447215,0.0368324,0.015,0.1,True,False
1.205,-0.128798,-0.130736,-0.257408,-0.075734,0.373434,26.0667,-0.562169,0.22551,10.3821,1.06434,0.0956074,-27.9466,-0.502174,-0.321118,4.99068,0.075734,-0.373434,1.47489,0.128798,0.130736,-0.893774,-0.0764529,0.436875,-3.09861,-0.679738,0.917119,-9.11741,1.07171,-1.50854,4.51108,-0.391973,0.591425,-0.675633,0.0764529,-0.436875,-0.0753791,4.18275,2.26813,-0.563195,0.0892076,0.0452796,0.0360977,0.015,0.1,True,False
1.21,-0.12939,-0.106692,-0.581867,-0.0738334,0.386973,25.8526,-0.561015,0.236185,10.7125,1.06482,0.0951186,-27.8094,-0.503806,-0.331303,5.10234,0.0738334,-0.386973,1.45658,0.12939,0.106692,-0.813294,-0.0742316,0.451757,-3.00617,-0.675447,0.797206,-9.4421,1.0648,-1.25231,4.46787,-0.389355,0.455102,-0.682919,0.0742316,-0.451757,-0.0765081,4.2471,2.35246,-0.582383,0.093247,0.0458559,0.0353341,0.015,0.1,True,False
1.215,-0.129865,-0.0843652,-0.850729,-0.0718642,0.400826,25.5806,-0.559808,0.246663,10.8697,1.0653,0.0942918,-27.7053,-0.505487,-0.340955,5.18748,0.0718642,-0.400826,1.42808,0.129865,0.0843652,-0.73717,-0.0719353,0.466869,-2.89769,-0.671766,0.674685,-9.61021,1.05919,-0.994019,4.35768,-0.387422,0.319334,-0.675982,0.0719353,-0.466869,-0.0775288,4.28782,2.42639,-0.601412,0.0979375,0.0464512,0.0345414,0.015,0.1,True,False
1.22,-0.130234,-0.0640328,-1.05651,-0.0698251,0.414933,25.2475,-0.558548,0.25694,10.8316,1.06576,0.0930979,-27.6417,-0.507216,-0.350038,5.2383,0.0698251,-0.414933,1.38921,0.130234,0.0640328,-0.665066,-0.0695629,0.482185,-2.77229,-0.6687,0.553447,-9.60149,1.05486,-0.740986,4.17372,-0.386162,0.187539,-0.653127,0.0695629,-0.482185,-0.0784056,4.29956,2.48504,-0.620205,0.103248,0.047066,0.0337199,0.015,0.1,True,False
1.225,-0.130506,-0.0459825,-1.19393,-0.0677149,0.429223,24.8494,-0.557238,0.267015,10.5778,1.06623,0.0915082,-27.6264,-0.508988,-0.358523,5.24448,0.0677149,-0.429223,1.34275,0.130506,0.0459825,-0.596023,-0.0671134,0.497672,-2.62889,-0.666232,0.437786,-9.39764,1.05178,-0.501285,3.90924,-0.385546,0.0634989,-0.612795,0.0671134,-0.497672,-0.0790771,4.27702,2.52022,-0.638681,0.109133,0.0477005,0.0328693,0.015,0.1,True,False
1.23,-0.130694,-0.0305114,-1.26044,-0.0655329,0.443613,24.383,-0.555878,0.276896,10.0892,1.06668,0.0894947,-27.6685,-0.510801,-0.36639,5.19104,0.0655329,-0.443613,1.29794,0.130694,0.0305114,-0.52845,-0.0645862,0.513279,-2.46623,-0.664322,0.33236,-8.98248,1.04985,-0.283675,3.55749,-0.385527,-0.0486852,-0.55359,0.0645862,-0.513279,-0.0794409,4.21545,2.51696,-0.656757,0.115534,0.0483544,0.0319898,0.015,0.1,True,False
1.235,-0.130811,-0.0179262,-1.25688,-0.0632788,0.458003,23.8467,-0.554469,0.286601,9.34689,1.06712,0.0870285,-27.7807,-0.512652,-0.37363,5.05468,0.0632788,-0.458003,1.27673,0.130811,0.0179262,-0.460109,-0.0619807,0.528934,-2.28281,-0.662908,0.242149,-8.34186,1.04894,-0.0975165,3.11165,-0.386033,-0.144633,-0.474281,0.0619807,-0.528934,-0.0793276,4.11188,2.44754,-0.674344,0.122366,0.0490273,0.0310816,0.015,0.1,True,False
1.24,-0.130873,-0.00854363,-1.18822,-0.0609529,0.472261,23.2437,-0.553012,0.296171,8.33091,1.06755,0.0840782,-27.9824,-0.514537,-0.380249,4.7988,0.0609529,-0.472261,1.32507,0.130873,0.00854363,-0.388077,-0.0592968,0.544521,-2.07683,-0.661901,0.172423,-7.46313,1.04887,0.0473054,2.56473,-0.386973,-0.219728,-0.373779,0.0592968,-0.544521,-0.0784567,3.96826,2.2617,-0.69134,0.129505,0.0497184,0.0301449,0.015,0.1,True,False
1.245,-0.130896,-0.00269003,-1.06593,-0.0585562,0.486202,22.6274,-0.551508,0.305675,7.10512,1.06796,0.0806057,-28.2495,-0.516454,-0.38628,4.46311,0.0585562,-0.486202,1.56945,0.130896,0.00269003,-0.311856,-0.0565354,0.559855,-1.85452,-0.661184,0.128743,-6.39882,1.04941,0.140411,1.94539,-0.38823,-0.269154,-0.25773,0.0565354,-0.559855,-0.0763243,3.88392,1.91025,-0.707616,0.136759,0.0504265,0.0291803,0.015,0.1,True,False
1.25,-0.1309,-0.000343439,-0.866358,-0.0560908,0.499544,18.8291,-0.549955,0.315165,4.49543,1.06836,0.0765641,-27.9534,-0.5184,-0.391729,3.12529,0.0560908,-0.499544,-0.0507734,0.1309,0.000343439,-0.183105,-0.0536983,0.574625,-0.536239,-0.660613,0.113679,-4.47,1.05028,0.177242,0.227598,-0.389664,-0.290922,0.00532933,0.0536983,-0.574625,-0.0269678,2.05905,2.01331,-0.722939,0.143876,0.0511501,0.0281885,0.015,0.1,True,True
1.255,-0.1309,0,-0.706421,-0.0535607,0.511907,16.6215,-0.548356,0.324432,3.1394,1.06873,0.0719174,-27.2875,-0.520372,-0.396349,2.96194,0.0535607,-0.511907,-0.178246,0.1309,0,-0.100422,-0.0507892,0.588343,0.226231,-0.660047,0.11581,-3.38973,1.05119,0.180029,-0.879869,-0.39114,-0.295839,0.167161,0.0507892,-0.588343,-0.00143299,1.8759,1.98699,-0.736804,0.150707,0.0518878,0.0271711,0.0199939,0.0900583,True,True
1.26,-0.1309,-2.77556e-15,-0.563781,-0.0509718,0.522943,13.977,-0.546711,0.333197,1.88621,1.06907,0.0666629,-26.1832,-0.522363,-0.39986,2.89398,0.0509718,-0.522943,-0.385261,0.1309,0,-0.0296699,-0.0478149,0.600568,1.02209,-0.659455,0.12097,-2.39977,1.05208,0.176113,-2.15719,-0.392623,-0.297084,0.363787,0.0478149,-0.600568,0.014295,1.71053,2.06767,-0.7487,0.157162,0.0526375,0.0261304,0.0249877,0.0801167,True,True
1.265,-0.1309,0,-0.440577,-0.0483313,0.532443,11.3532,-0.545024,0.341391,0.686149,1.06939,0.0608304,-24.9288,-0.52437,-0.402222,2.76034,0.0483313,-0.532443,-0.55642,0.1309,0,0.0259573,-0.0447835,0.611082,1.63198,-0.658837,0.12614,-1.43011,1.05295,0.171393,-3.55091,-0.39411,-0.297533,0.579238,0.0447835,-0.611082,0.00974367,1.52174,2.0854,-0.758425,0.163093,0.0533975,0.0250694,0.0299816,0.070175,True,True
1.27,-0.1309,0,-0.332832,-0.0456473,0.540308,8.9213,-0.543297,0.349008,-0.42691,1.06968,0.0544747,-23.5951,-0.526386,-0.403483,2.56798,0.0456473,-0.540308,-0.679966,0.1309,-2.77556e-15,0.0626497,-0.041704,0.619795,1.98201,-0.658194,0.131322,-0.495914,1.05379,0.165945,-5.01935,-0.395598,-0.297267,0.796656,0.041704,-0.619795,-0.0165406,1.32104,2.03754,-0.765932,0.168383,0.054166,0.0239913,0.0349755,0.0602333,True,True
1.275,-0.1309,0,-0.237231,-0.0429282,0.5465,6.73424,-0.541534,0.356032,-1.42159,1.06994,0.0476654,-22.1889,-0.528405,-0.403698,2.35018,0.0429282,-0.5465,-0.767016,0.1309,-2.77556e-15,0.078534,-0.0385856,0.626675,2.05335,-0.657524,0.1365,0.383355,1.05461,0.159855,-6.5368,-0.397083,-0.296355,1.01016,0.0385856,-0.626675,-0.0646212,1.12438,1.95169,-0.771234,0.172964,0.0549412,0.0228995,0.0399694,0.0502916,True,True
1.28,-0.1309,0,-0.151685,-0.0401823,0.55101,4.80872,-0.539737,0.362439,-2.28646,1.07016,0.0404802,-20.7124,-0.530423,-0.402919,2.1258,0.0401823,-0.55101,-0.825274,0.1309,2.77556e-15,0.0736297,-0.0354373,0.631716,1.84397,-0.656829,0.14164,1.20117,1.05539,0.153212,-8.09007,-0.398562,-0.294852,1.21871,0.0354373,-0.631716,-0.134257,0.939955,1.84436,-0.774361,0.176794,0.0557214,0.0217973,0.0449632,0.04035,True,True
1.285,-0.1309,0,-0.07504,-0.0374181,0.55384,3.14559,-0.53791,0.368194,-3.01939,1.07034,0.0330002,-19.1657,-0.532434,-0.401194,1.90445,0.0374181,-0.55384,-0.859504,0.1309,5.55112e-15,0.0485478,-0.0322684,0.634924,1.3572,-0.656108,0.146702,1.95711,1.05614,0.146102,-9.67324,-0.400032,-0.292804,1.42367,0.0322684,-0.634924,-0.225346,0.771482,1.72446,-0.775355,0.179851,0.0565049,0.020688,0.0499571,0.0304083,True,True
1.29,-0.1309,0,-0.00671494,-0.0346439,0.554998,1.74014,-0.536055,0.373257,-3.62196,1.07049,0.0253085,-17.5471,-0.534435,-0.398565,1.69027,0.0346439,-0.554998,-0.872326,0.1309,0,0.003868,-0.0290881,0.636307,0.59635,-0.655362,0.15164,2.65331,1.05685,0.13861,-11.2847,-0.40149,-0.29025,1.6274,0.0290881,-0.636307,-0.338061,0.620255,1.5962,-0.774254,0.182116,0.0572902,0.0195752,0.054951,0.0204666,True,True
1.295,-0.1309,0,0.0535382,-0.0318681,0.554489,0.587205,-0.534177,0.377583,-4.09666,1.0706,0.0174884,-15.8543,-0.53642,-0.395071,1.48418,0.0318681,-0.554489,-0.864808,0.1309,-5.55112e-15,-0.0601061,-0.0259053,0.63587,-0.437507,-0.654591,0.156402,3.29249,1.05753,0.13082,-12.9253,-0.402934,-0.287222,1.83224,0.0259053,-0.63587,-0.472821,0.486322,1.46081,-0.771091,0.183574,0.0580755,0.018462,0.0599449,0.0105249,True,True
1.3,-0.1309,0,0.105791,-0.029099,0.552314,-0.316552,-0.532279,0.381122,-4.44548,1.07066,0.00962319,-14.0844,-0.538385,-0.390745,1.28524,0.029099,-0.552314,-0.836868,0.1309,2.77556e-15,-0.143368,-0.0227294,0.633612,-1.74599,-0.653798,0.160938,3.87696,1.05816,0.122814,-14.5976,-0.404362,-0.283752,2.03962,0.0227294,-0.633612,-0.630139,0.369125,1.31766,-0.765892,0.184209,0.0588593,0.0173518,0.0649387,0.000583268,True,True
1.305,-0.1309,0,0.150045,-0.026345,0.548468,-0.971778,-0.530366,0.383824,-4.66951,1.07069,0.00179556,-12.2354,-0.540327,-0.385619,1.09137,0.026345,-0.548468,-0.787597,0.1309,2.77556e-15,-0.246048,-0.0195692,0.629526,-3.3327,-0.652982,0.165194,4.40783,1.05875,0.114672,-16.3048,-0.405772,-0.279866,2.24892,0.0195692,-0.629526,-0.810313,0.26787,1.16491,-0.758676,0.184002,0.05964,0.016248,0.0699326,-0.00935841,True,True
1.31,-0.1309,0,0.186305,-0.0236144,0.542941,-1.37664,-0.528441,0.385639,-4.76897,1.07068,-0.00591307,-10.307,-0.542242,-0.379726,0.900087,0.0236144,-0.542941,-0.715602,0.1309,-2.77556e-15,-0.367997,-0.0164341,0.623601,-5.20123,-0.652146,0.169124,4.88442,1.05931,0.106475,-18.0507,-0.407161,-0.275598,2.45552,0.0164341,-0.623601,-1.01287,0.181751,1.00016,-0.74946,0.182929,0.0604159,0.0151538,0.0749265,-0.0193001,True,True
1.315,-0.1309,0,0.21461,-0.0209156,0.535718,-1.52814,-0.526509,0.386527,-4.74388,1.07063,-0.0134234,-8.30342,-0.544124,-0.373104,0.709251,0.0209156,-0.535718,-0.619544,0.1309,0,-0.50793,-0.0133332,0.615824,-7.35095,-0.651291,0.172683,5.30335,1.05982,0.0983034,-19.8388,-0.408528,-0.270987,2.64769,0.0133332,-0.615824,-1.23553,0.110174,0.821264,-0.738259,0.180957,0.0611854,0.0140727,0.0799204,-0.0292418,True,True
1.32,-0.1309,0,0.23499,-0.0182572,0.526784,-1.42544,-0.524576,0.386464,-4.59574,1.07055,-0.02066,-6.23775,-0.545973,-0.365804,0.518383,0.0182572,-0.526784,-0.499146,0.1309,0,-0.661774,-0.0102759,0.606183,-9.76874,-0.650419,0.175846,5.65736,1.06029,0.0902426,-21.6709,-0.409871,-0.266088,2.80124,0.0102759,-0.606183,-1.47246,0.0530315,0.627765,-0.725097,0.178042,0.0619469,0.013008,0.0849142,-0.0391834,True,True
1.325,-0.1309,0,0.2473,-0.0156477,0.516125,-1.07674,-0.522645,0.38546,-4.33086,1.07043,-0.0275541,-4.13945,-0.547783,-0.357906,0.330801,0.0156477,-0.516125,-0.356988,0.1309,0,-0.819713,-0.00727139,0.594679,-12.4137,-0.649532,0.178606,5.93367,1.06072,0.0823822,-23.5451,-0.411188,-0.260989,2.87117,0.00727139,-0.594679,-1.71113,0.011067,0.423339,-0.710023,0.174123,0.0626989,0.0119631,0.0899081,-0.0491251,True,True
1.33,-0.1309,0,0.250893,-0.0130959,0.503747,-0.512309,-0.520721,0.383583,-3.96689,1.07027,-0.034049,-2.0682,-0.549552,-0.349534,0.156795,0.0130959,-0.503747,-0.201491,0.1309,2.77556e-15,-0.961454,-0.00432908,0.581341,-15.1899,-0.648633,0.181003,6.11215,1.06111,0.0748219,-25.4492,-0.41248,-0.255825,2.78009,0.00432908,-0.581341,-1.92757,-0.013782,0.219628,-0.693133,0.169116,0.0634399,0.0109415,0.094902,-0.0590668,True,True
1.335,-0.1309,0,0.255854,-0.0106103,0.489691,0.203632,-0.518809,0.381002,-3.627,1.07009,-0.0401084,-0.127569,-0.551278,-0.340894,0.0170003,0.0106103,-0.489691,-0.055127,0.1309,0,-1.05432,-0.00145797,0.566259,-17.9126,-0.647722,0.183141,6.27833,1.06147,0.0676763,-27.2489,-0.413747,-0.250817,2.51981,0.00145797,-0.566259,-2.10165,-0.0209822,0.0432447,-0.674616,0.162911,0.064169,0.00994664,0.0998959,-0.0690084,True,True
1.34,-0.1309,0.000686877,0.306408,-0.00819901,0.474392,1.17233,-0.516911,0.374362,-3.69962,1.06987,-0.0399379,1.93288,-0.552961,-0.334424,-0.110103,0.00819901,-0.474392,0.0772621,0.1309,-0.000686877,-1.07695,0.00133352,0.549668,-21.022,-0.646801,0.185156,6.98421,1.06179,0.0610543,-28.7658,-0.414989,-0.24621,2.43513,-0.00133352,-0.549668,-2.81062,-0.0276825,-0.116927,-0.656691,0.15403,0.0648853,0.0089817,0.10489,-0.0789501,False,True
1.345,-0.130893,0.00538006,0.484487,-0.00586635,0.459643,1.56462,-0.515065,0.346891,-4.94925,1.06969,-0.00652057,2.33548,-0.554622,-0.34037,-0.19214,0.00586635,-0.459643,0.0723122,0.130893,-0.00538006,-1.01339,0.00403871,0.532079,-21.5047,-0.645871,0.187037,8.55901,1.06208,0.0549873,-28.0326,-0.416209,-0.242024,3.18618,-0.00403871,-0.532079,-2.01084,-0.0848081,-0.167743,-0.648639,0.136213,0.0655891,0.00804962,0.10489,-0.0789501,False,True
1.35,-0.130846,0.0170873,0.698538,-0.00360258,0.447248,2.04397,-0.513442,0.284785,-6.46681,1.06981,0.0820593,2.81166,-0.556364,-0.366844,-0.289938,0.00360258,-0.447248,0.0623078,0.130846,-0.0170873,-0.924976,0.00665431,0.514025,-22.2554,-0.644931,0.188836,10.4545,1.06234,0.0494959,-27.1815,-0.417409,-0.238332,4.00646,-0.00665431,-0.514025,-1.803,-0.155282,-0.226072,-0.658097,0.104814,0.0662815,0.00715256,0.10489,-0.0789501,False,True
1.355,-0.130722,0.0358524,0.894852,-0.00139387,0.437646,2.50705,-0.512217,0.190728,-7.79665,1.07051,0.221181,3.2153,-0.558291,-0.411909,-0.373062,0.00139387,-0.437646,0.0510045,0.130722,-0.0358524,-0.838516,0.00917896,0.495798,-22.9979,-0.643982,0.1908,12.0673,1.06257,0.0446438,-26.5417,-0.418592,-0.235443,4.50806,-0.00917896,-0.495798,-1.78744,-0.216776,-0.274211,-0.683913,0.0616689,0.0669642,0.00629222,0.10489,-0.0789501,False,True
1.36,-0.130487,0.0610227,1.06729,0.000773881,0.430854,2.93542,-0.511535,0.0708485,-8.86433,1.07202,0.40051,3.52548,-0.560483,-0.471358,-0.43628,-0.000773881,-0.430854,0.039529,0.130487,-0.0610227,-0.781547,0.0116123,0.477562,-23.6756,-0.643023,0.193124,13.3271,1.06279,0.0404627,-26.1043,-0.419763,-0.233587,4.75162,-0.0116123,-0.477562,-1.82937,-0.265197,-0.309352,-0.722865,0.00998623,0.0676393,0.00546997,0.10489,-0.0789501,False,True
1.365,-0.130112,0.0919651,1.22012,0.00291467,0.426812,3.33089,-0.511509,-0.0691703,-9.68464,1.07451,0.61025,3.74963,-0.563004,-0.541079,-0.480341,-0.00291467,-0.426812,0.0282385,0.130112,-0.0919651,-0.772343,0.0139546,0.459429,-24.2901,-0.642051,0.195917,14.2755,1.06298,0.0369476,-25.8094,-0.420928,-0.232865,4.84983,-0.0139546,-0.459429,-1.88861,-0.300859,-0.332153,-0.771746,-0.0471582,0.0683085,0.00468695,0.10489,-0.0789501,False,True
1.37,-0.129568,0.128066,1.35703,0.005042,0.425399,3.69502,-0.512227,-0.22405,-10.2738,1.07812,0.841169,3.89488,-0.565894,-0.617119,-0.50623,-0.005042,-0.425399,0.0174201,0.129568,-0.128066,-0.819896,0.0162066,0.441477,-24.8464,-0.641064,0.199238,14.9439,1.06316,0.0340722,-25.6216,-0.422092,-0.23331,4.86783,-0.0162066,-0.441477,-1.94703,-0.324261,-0.343382,-0.827423,-0.106856,0.0689736,0.00394409,0.10489,-0.0789501,False,True
1.375,-0.128831,0.16873,1.48111,0.00716866,0.426443,4.02901,-0.513749,-0.388916,-10.6497,1.08292,1.08466,3.96823,-0.569175,-0.695739,-0.515157,-0.00716866,-0.426443,0.00731751,0.128831,-0.16873,-0.926764,0.0183694,0.423769,-25.3499,-0.640059,0.203114,15.3589,1.06332,0.0317989,-25.5198,-0.423261,-0.234913,4.84153,-0.0183694,-0.423769,-1.99768,-0.336073,-0.343933,-0.886898,-0.166405,0.0696359,0.00324213,0.10489,-0.0789501,False,True
1.38,-0.12788,0.213384,1.59491,0.00930643,0.429728,4.33361,-0.516116,-0.559315,-10.8319,1.08897,1.33279,3.97664,-0.572852,-0.773479,-0.508541,-0.00930643,-0.429728,-0.00185657,0.12788,-0.213384,-1.0911,0.0204443,0.406355,-25.8051,-0.639033,0.207557,15.5444,1.06347,0.0300837,-25.4907,-0.424441,-0.237641,4.79023,-0.0204443,-0.406355,-2.03898,-0.337111,-0.334814,-0.947351,-0.223351,0.0702962,0.00258168,0.10489,-0.0789501,False,True
1.385,-0.126697,0.261472,1.70037,0.0114659,0.435001,4.60908,-0.519343,-0.731242,-10.8411,1.09625,1.57844,3.92705,-0.57691,-0.847201,-0.487974,-0.0114659,-0.435001,-0.0099133,0.126697,-0.261472,-1.30798,0.0224329,0.389273,-26.2147,-0.637983,0.212568,15.5237,1.06362,0.028879,-25.5244,-0.425637,-0.241447,4.72412,-0.0224329,-0.389273,-2.07157,-0.328312,-0.317136,-1.0062,-0.275525,0.0709554,0.00196318,0.10489,-0.0789501,False,True
1.39,-0.125266,0.312458,1.79889,0.0136564,0.441975,4.85513,-0.523428,-0.901156,-10.6989,1.10475,1.81529,3.82637,-0.581324,-0.914135,-0.455183,-0.0136564,-0.441975,-0.0166836,0.125266,-0.312458,-1.57042,0.024337,0.372554,-26.5797,-0.636907,0.218139,15.3202,1.06376,0.0281355,-25.6124,-0.426856,-0.246275,4.64857,-0.024337,-0.372554,-2.09668,-0.310707,-0.292085,-1.06111,-0.321069,0.0716137,0.00138696,0.10489,-0.0789501,False,True
1.395,-0.123573,0.365826,1.89129,0.0158857,0.45033,5.07101,-0.528354,-1.066,-10.4272,1.11441,2.03791,3.68139,-0.586051,-0.971907,-0.411974,-0.0158857,-0.45033,-0.0220165,0.123573,-0.365826,-1.87004,0.0261584,0.35622,-26.8991,-0.635802,0.224257,14.9569,1.0639,0.027803,-25.7468,-0.4281,-0.25206,4.56653,-0.0261584,-0.35622,-2.11537,-0.285389,-0.260894,-1.11005,-0.358459,0.0722711,0.000853221,0.10489,-0.0789501,False,True
1.4,-0.121607,0.421079,1.9779,0.0181597,0.459725,5.2556,-0.534088,-1.2232,-10.0474,1.12513,2.24175,3.49868,-0.591043,-1.01855,-0.360181,-0.0181597,-0.459725,-0.0257787,0.121607,-0.421079,-2.19773,0.0278992,0.340285,-27.1707,-0.634665,0.230902,14.4561,1.06404,0.0278311,-25.9199,-0.429376,-0.258733,4.47978,-0.0278992,-0.340285,-2.12833,-0.253474,-0.224807,-1.1513,-0.38651,0.0729274,0.000362042,0.10489,-0.0789501,False,True
1.405,-0.119362,0.47774,2.05856,0.0204829,0.46979,5.40751,-0.540586,-1.37062,-9.5799,1.13682,2.42314,3.28455,-0.596237,-1.05251,-0.301612,-0.0204829,-0.46979,-0.0278556,0.119362,-0.47774,-2.54411,0.0295613,0.324751,-27.3911,-0.633493,0.238047,13.8396,1.06418,0.0281699,-26.1242,-0.430688,-0.266216,4.38951,-0.0295613,-0.324751,-2.13588,-0.216073,-0.185048,-1.18344,-0.404375,0.0735823,-8.66063e-05,0.10489,-0.0789501,False,True
1.41,-0.11683,0.53535,2.13272,0.0228576,0.480141,5.52528,-0.547794,-1.5066,-9.04348,1.14936,2.57925,3.04495,-0.601568,-1.07265,-0.238008,-0.0228576,-0.480141,-0.0281526,0.11683,-0.53535,-2.89993,0.0311467,0.309617,-27.5568,-0.632284,0.245659,13.1274,1.06432,0.0287704,-26.3528,-0.432038,-0.27443,4.29659,-0.0311467,-0.309617,-2.13805,-0.174267,-0.142793,-1.20535,-0.41153,0.0742352,-0.000492861,0.10489,-0.0789501,False,True
1.415,-0.114008,0.593472,2.1995,0.0252843,0.490377,5.60748,-0.555652,-1.62985,-8.45506,1.16262,2.70803,2.78542,-0.606963,-1.07818,-0.171007,-0.0252843,-0.490377,-0.0265979,0.114008,-0.593472,-3.25637,0.0326575,0.29487,-27.664,-0.631036,0.253702,12.3381,1.06447,0.0295848,-26.5993,-0.433432,-0.283287,4.20168,-0.0326575,-0.29487,-2.13475,-0.129082,-0.099147,-1.21622,-0.407755,0.0748852,-0.000856967,0.10489,-0.0789501,False,True
1.42,-0.110895,0.651687,2.25777,0.0277614,0.500088,5.65288,-0.564093,-1.73942,-7.82942,1.17644,2.80813,2.51107,-0.61235,-1.0687,-0.102118,-0.0277614,-0.500088,-0.0231445,0.110895,-0.651687,-3.60531,0.0340954,0.280493,-27.7094,-0.629747,0.262132,11.4884,1.06462,0.0305673,-26.8581,-0.434871,-0.292699,4.10533,-0.0340954,-0.280493,-2.12585,-0.081481,-0.0551256,-1.21548,-0.393099,0.0755316,-0.00117927,0.10489,-0.0789501,False,True
1.425,-0.107491,0.709594,2.30625,0.0302852,0.50886,5.66058,-0.573046,-1.83469,-7.17916,1.1907,2.8788,2.22659,-0.617651,-1.04412,-0.032711,-0.0302852,-0.50886,-0.0177738,0.107491,-0.709594,-3.93945,0.0354624,0.26646,-27.6903,-0.628415,0.270901,10.5928,1.06477,0.0316744,-27.1242,-0.436359,-0.302575,4.00791,-0.0354624,-0.26646,-2.11126,-0.0323526,-0.0116462,-1.20282,-0.367856,0.0761735,-0.00146024,0.10489,-0.0789501,False,True
1.43,-0.103799,0.766815,2.34356,0.03285,0.516281,5.63014,-0.58244,-1.91526,-6.51472,1.20523,2.91987,1.93623,-0.622791,-1.00461,0.0359915,-0.03285,-0.516281,-0.0104984,0.103799,-0.766815,-4.25238,0.03676,0.252745,-27.605,-0.627038,0.279956,9.66432,1.06493,0.0328648,-27.3937,-0.437897,-0.312821,3.90978,-0.03676,-0.252745,-2.09099,0.0174874,0.0304783,-1.17813,-0.332524,0.0768099,-0.00170041,0.10489,-0.0789501,False,True
1.435,-0.0998233,0.822989,2.36834,0.035448,0.521946,5.56161,-0.592199,-1.98094,-5.84453,1.2199,2.93157,1.64386,-0.627697,-0.95063,0.102911,-0.035448,-0.521946,-0.00136555,0.0998233,-0.822989,-4.53867,0.0379898,0.239315,-27.4525,-0.625615,0.289244,8.71402,1.0651,0.0341004,-27.6632,-0.439487,-0.323344,3.81124,-0.0379898,-0.239315,-2.06514,0.0672947,0.0705404,-1.14152,-0.287773,0.0774397,-0.00190046,0.10489,-0.0789501,False,True
1.44,-0.0955695,0.877774,2.37929,0.0380695,0.525467,5.45559,-0.602249,-2.0317,-5.17531,1.23455,2.91454,1.35299,-0.632297,-0.882835,0.167108,-0.0380695,-0.525467,0.00954059,0.0955695,-0.877774,-4.79381,0.0391532,0.226134,-27.2331,-0.624146,0.298705,7.75153,1.06528,0.0353458,-27.9301,-0.44113,-0.334051,3.71259,-0.0391532,-0.226134,-2.03393,0.11639,0.107937,-1.09322,-0.234413,0.0780621,-0.00206113,0.10489,-0.0789501,False,True
1.445,-0.0910456,0.93085,2.37528,0.0407027,0.526479,5.31331,-0.612516,-2.06765,-4.51225,1.24904,2.86972,1.06681,-0.636525,-0.802071,0.227774,-0.0407027,-0.526479,0.0220965,0.0910456,-0.93085,-5.01419,0.0402512,0.213166,-26.948,-0.622628,0.308279,6.78516,1.06546,0.0365689,-28.1922,-0.442828,-0.344848,3.61422,-0.0402512,-0.213166,-1.99763,0.164155,0.142167,-1.03364,-0.173362,0.0786759,-0.00218328,0.10489,-0.0789501,False,True
1.45,-0.086261,0.981914,2.35533,0.0433343,0.524648,5.13654,-0.622926,-2.08894,-3.85933,1.26324,2.79828,0.788218,-0.640318,-0.709336,0.28422,-0.0433343,-0.524648,0.0361385,0.086261,-0.981914,-5.19706,0.0412848,0.200375,-26.5997,-0.621063,0.317905,5.82218,1.06564,0.0377408,-28.4477,-0.444579,-0.355646,3.51656,-0.0412848,-0.200375,-1.95661,0.210023,0.172827,-0.963292,-0.105616,0.0792803,-0.00226786,0.10489,-0.0789501,False,True
1.455,-0.0812264,1.03068,2.31873,0.0459492,0.519679,4.92759,-0.633405,-2.09583,-3.21964,1.27702,2.70159,0.519871,-0.643618,-0.605761,0.335869,-0.0459492,-0.519679,0.0514619,0.0812264,-1.03068,-5.34039,0.0422549,0.187723,-26.1913,-0.619449,0.327519,4.86902,1.06583,0.0388357,-28.6953,-0.446384,-0.366355,3.42015,-0.0422549,-0.187723,-1.91129,0.253477,0.199605,-0.882791,-0.0322272,0.0798743,-0.00231589,0.10489,-0.0789501,False,True
1.46,-0.0759541,1.0769,2.265,0.0485311,0.511325,4.68927,-0.643884,-2.08859,-2.59559,1.29026,2.58117,0.264201,-0.646375,-0.492577,0.382249,-0.0485311,-0.511325,0.0678233,0.0759541,-1.0769,-5.44287,0.0431621,0.175175,-25.7271,-0.617788,0.337058,3.93146,1.06603,0.0398314,-28.9339,-0.448242,-0.376889,3.32557,-0.0431621,-0.175175,-1.86213,0.294043,0.222281,-0.792845,0.0457247,0.0804569,-0.00232848,0.10489,-0.0789501,False,True
1.465,-0.0704575,1.12031,2.19397,0.0510624,0.499392,4.42479,-0.654291,-2.06756,-1.98921,1.30284,2.43865,0.0234402,-0.648544,-0.371096,0.422985,-0.0510624,-0.499392,0.0849427,0.0704575,-1.12031,-5.50377,0.0440067,0.162697,-25.2121,-0.616079,0.346456,3.01481,1.06623,0.0407089,-29.1626,-0.450153,-0.387165,3.23346,-0.0440067,-0.162697,-1.80964,0.331292,0.24072,-0.694237,0.127148,0.0810274,-0.00230681,0.10489,-0.0789501,False,True
1.47,-0.0647511,1.1607,2.10572,0.053525,0.48375,4.13771,-0.664559,-2.03306,-1.40232,1.31465,2.27575,-0.200363,-0.650086,-0.242687,0.457794,-0.053525,-0.48375,0.102508,0.0647511,-1.1607,-5.5229,0.044789,0.150256,-24.6523,-0.614323,0.355649,2.12405,1.06644,0.0414522,-29.3807,-0.452114,-0.397102,3.14458,-0.044789,-0.150256,-1.75434,0.364836,0.254869,-0.587816,0.21096,0.081585,-0.00225212,0.10489,-0.0789501,False,True
1.475,-0.0588505,1.19785,2.00061,0.0558999,0.464335,3.83179,-0.674622,-1.98548,-0.836738,1.32559,2.09424,-0.405333,-0.650971,-0.108757,0.486482,-0.0558999,-0.464335,0.120183,0.0588505,-1.19785,-5.50051,0.0455092,0.137822,-24.0541,-0.612522,0.364574,1.2639,1.06665,0.042049,-29.5878,-0.454124,-0.406623,3.05975,-0.0455092,-0.137822,-1.69678,0.394333,0.264751,-0.474488,0.296102,0.0821288,-0.0021657,0.10489,-0.0789501,False,True
1.48,-0.0527725,1.2316,1.87927,0.0581683,0.441154,3.51094,-0.684414,-1.92522,-0.294413,1.33559,1.89595,-0.589764,-0.651174,0.0292694,0.508937,-0.0581683,-0.441154,0.13761,0.0527725,-1.2316,-5.43724,0.0461672,0.125369,-23.4245,-0.610677,0.373167,0.438919,1.06686,0.0424901,-29.7835,-0.45618,-0.415657,2.97983,-0.0461672,-0.125369,-1.63753,0.419491,0.270463,-0.35521,0.381554,0.0826582,-0.00204888,0.10489,-0.0789501,False,True
1.485,-0.0465346,1.26176,1.74253,0.0603115,0.414289,3.17912,-0.693874,-1.8527,0.22247,1.34455,1.68273,-0.752121,-0.650678,0.169968,0.525131,-0.0603115,-0.414289,0.154428,0.0465346,-1.26176,-5.33402,0.0467629,0.112871,-22.771,-0.60879,0.381367,-0.346491,1.06707,0.0427693,-29.9675,-0.45828,-0.424136,2.90568,-0.0467629,-0.112871,-1.57715,0.440067,0.272167,-0.230979,0.466348,0.0831726,-0.00190302,0.10489,-0.0789501,False,True
1.49,-0.0401549,1.2882,1.59144,0.0623112,0.383896,2.84025,-0.702941,-1.76842,0.711425,1.35242,1.45648,-0.891041,-0.649474,0.311936,0.535111,-0.0623112,-0.383896,0.170272,0.0401549,-1.2882,-5.19206,0.047296,0.100306,-22.1016,-0.606864,0.389113,-1.08805,1.06729,0.0428837,-30.1399,-0.460422,-0.431996,2.83815,-0.047296,-0.100306,-1.51626,0.455877,0.270084,-0.102832,0.549578,0.0836714,-0.00172949,0.10489,-0.0789501,False,True
1.495,-0.0336526,1.31078,1.42722,0.0641504,0.350206,2.4981,-0.711558,-1.67289,1.16963,1.35912,1.21909,-1.00535,-0.647559,0.453803,0.538997,-0.0641504,-0.350206,0.184794,0.0336526,-1.31078,-5.01275,0.047766,0.0876539,-21.4244,-0.604899,0.396347,-1.78162,1.0675,0.0428336,-30.3008,-0.4626,-0.439181,2.77809,-0.047766,-0.0876539,-1.45547,0.466796,0.264484,0.0281689,0.63041,0.0841541,-0.00152967,0.10489,-0.0789501,False,True
1.5,-0.0270472,1.3294,1.25123,0.0658133,0.313517,2.15627,-0.71967,-1.56672,1.59392,1.36461,0.97247,-1.09404,-0.644936,0.594252,0.536975,-0.0658133,-0.313517,0.197666,0.0270472,-1.3294,-4.79768,0.0481725,0.0748972,-20.7477,-0.6029,0.403015,-2.42324,1.06771,0.042622,-30.4505,-0.464813,-0.445637,2.72628,-0.0481725,-0.0748972,-1.3954,0.472759,0.255677,0.160937,0.708091,0.0846203,-0.00130491,0.10489,-0.0789501,False,True
1.505,-0.0203586,1.34398,1.06494,0.0672856,0.274192,1.8181,-0.727226,-1.45057,1.98085,1.36884,0.718542,-1.15635,-0.641616,0.732033,0.52929,-0.0672856,-0.274192,0.208598,0.0203586,-1.34398,-4.54855,0.048515,0.0620197,-20.08,-0.600869,0.409065,-3.00916,1.06793,0.0422549,-30.5895,-0.467057,-0.45132,2.68346,-0.048515,-0.0620197,-1.3367,0.473768,0.244003,0.294372,0.78195,0.0850697,-0.00105655,0.10489,-0.0789501,False,True
1.51,-0.0136074,1.35444,0.869948,0.0685552,0.232649,1.48665,-0.734176,-1.3252,2.32671,1.37179,0.459228,-1.19168,-0.637616,0.865969,0.516236,-0.0685552,-0.232649,0.21734,0.0136074,-1.35444,-4.26718,0.0487927,0.0490068,-19.4297,-0.59881,0.414449,-3.53589,1.06814,0.0417409,-30.7184,-0.469327,-0.45619,2.65027,-0.0487927,-0.0490068,-1.28,0.469887,0.229813,0.427371,0.851407,0.085502,-0.000785871,0.10489,-0.0789501,False,True
1.515,-0.00681419,1.36074,0.667903,0.0696121,0.189354,1.16468,-0.740477,-1.19143,2.62762,1.37343,0.196454,-1.1997,-0.632957,0.994974,0.498147,-0.0696121,-0.189354,0.223699,0.00681419,-1.36074,-3.9555,0.049005,0.0358451,-18.8051,-0.596725,0.419124,-4.00027,1.06834,0.041091,-30.8379,-0.471619,-0.460215,2.62729,-0.049005,-0.0358451,-1.22592,0.46124,0.213466,0.558834,0.91597,0.0859169,-0.000494106,0.10489,-0.0789501,False,True
1.52,-1.2253e-17,1.36284,0.460544,0.0704487,0.144804,0.854625,-0.74609,-1.0502,2.87966,1.37376,-0.067856,-1.18028,-0.627666,1.11805,0.475383,-0.0704487,-0.144804,0.227538,-1.2253e-17,-1.36284,-3.61555,0.0491511,0.022522,-18.2143,-0.594618,0.423052,-4.39951,1.06855,0.0403183,-30.9488,-0.473929,-0.46337,2.61497,-0.0491511,-0.022522,-1.17507,0.448007,0.195307,0.687677,0.975235,0.0863145,-0.000182414,0.10489,-0.0789501,False,True
1.525,0.00681419,1.36074,0.249676,0.0710601,0.0995196,0.558632,-0.750979,-0.902525,3.07891,1.37276,-0.33178,-1.13354,-0.621776,1.2343,0.448323,-0.0710601,-0.0995196,0.228786,-0.00681419,-1.36074,-3.24943,0.0492302,0.00902538,-17.6651,-0.592494,0.426199,-4.73127,1.06875,0.0394378,-31.0522,-0.476252,-0.465636,2.61363,-0.0492302,-0.00902538,-1.12803,0.43042,0.175662,0.812842,1.02888,0.0866945,0.000148134,0.10489,-0.0789501,False,True
1.53,0.0136074,1.35444,0.0371634,0.0714439,0.0540313,0.278541,-0.755116,-0.749532,3.2216,1.37044,-0.593399,-1.05986,-0.615323,1.34293,0.417346,-0.0714439,-0.0540313,0.227436,-0.0136074,-1.35444,-2.85936,0.0492414,-0.00465654,-17.165,-0.590356,0.428537,-4.99371,1.06894,0.0384658,-31.1489,-0.478585,-0.467003,2.62345,-0.0492414,0.00465654,-1.08532,0.408751,0.154821,0.933304,1.07666,0.087057,0.000496566,0.10489,-0.0789501,False,True
1.535,0.0203586,1.34398,-0.17507,0.0716004,0.00886353,0.0159259,-0.758475,-0.592427,3.30423,1.36682,-0.850801,-0.959842,-0.608347,1.44323,0.382828,-0.0716004,-0.00886353,0.223548,-0.0203586,-1.34398,-2.44763,0.0491837,-0.0185353,-16.7208,-0.588209,0.430046,-5.18549,1.06913,0.03742,-31.2399,-0.480922,-0.467466,2.64446,-0.0491837,0.0185353,-1.04742,0.383307,0.133035,1.04809,1.11841,0.0874023,0.000862024,0.10489,-0.0789501,False,True
1.54,0.0270472,1.3294,-0.385052,0.0715326,-0.0354761,-0.227879,-0.76104,-0.432499,3.32364,1.36193,-1.10208,-0.834342,-0.600891,1.53458,0.345122,-0.0715326,0.0354761,0.217246,-0.0270472,-1.3294,-2.01664,0.049056,-0.0326225,-16.3391,-0.586056,0.430709,-5.30587,1.06932,0.0363181,-31.3262,-0.48326,-0.467027,2.67654,-0.049056,0.0326225,-1.01476,0.354418,0.110505,1.15627,1.154,0.0877304,0.00124378,0.10489,-0.0789501,False,True
1.545,0.0336526,1.31078,-0.590775,0.0712457,-0.0785098,-0.451755,-0.7628,-0.271114,3.2771,1.3558,-1.34534,-0.684448,-0.593001,1.61645,0.304558,-0.0712457,0.0785098,0.208708,-0.0336526,-1.31078,-1.56884,0.0488574,-0.0469294,-16.0254,-0.583902,0.430517,-5.35464,1.06949,0.0351783,-31.4085,-0.485593,-0.465695,2.7194,-0.0488574,0.0469294,-0.987703,0.32243,0.0873801,1.25698,1.18335,0.0880416,0.00164123,0.10489,-0.0789501,False,True
1.55,0.0401549,1.2882,-0.790215,0.0707475,-0.119801,-0.654767,-0.763751,-0.109702,3.16244,1.34848,-1.57869,-0.511468,-0.584726,1.68839,0.261432,-0.0707475,0.119801,0.198168,-0.0401549,-1.2882,-1.10678,0.0485868,-0.0614671,-15.7848,-0.581751,0.429467,-5.33219,1.06967,0.0340184,-31.4876,-0.487917,-0.463485,2.77269,-0.0485868,0.0614671,-0.966576,0.287694,0.063756,1.34944,1.20643,0.0883362,0.00205394,0.10489,-0.0789501,False,True
1.555,0.0465346,1.26176,-0.981357,0.0700477,-0.158962,-0.836148,-0.763897,0.0502566,2.97807,1.34001,-1.80026,-0.316925,-0.576117,1.75001,0.216002,-0.0700477,0.158962,0.1859,-0.0465346,-1.26176,-0.633049,0.0482428,-0.0762466,-15.6213,-0.579607,0.427562,-5.23945,1.06983,0.0328552,-31.564,-0.490228,-0.460417,2.8359,-0.0482428,0.0762466,-0.951635,0.250556,0.0396758,1.43291,1.22319,0.0886148,0.00248162,0.10489,-0.0789501,False,True
1.56,0.0527725,1.2316,-1.16223,0.0691578,-0.195664,-0.995276,-0.763248,0.207246,2.72306,1.33047,-2.00819,-0.102533,-0.567226,1.80095,0.168488,-0.0691578,0.195664,0.17221,-0.0527725,-1.2316,-0.150276,0.0478243,-0.091278,-15.5381,-0.577475,0.424811,-5.07793,1.07,0.0317042,-31.638,-0.492521,-0.456516,2.90836,-0.0478243,0.091278,-0.943075,0.211356,0.0151349,1.50676,1.2336,0.0888778,0.00292414,0.10489,-0.0789501,False,True
1.565,0.0588505,1.19785,-1.33095,0.068091,-0.229643,-1.13167,-0.761824,0.359728,2.3972,1.31993,-2.20064,0.129817,-0.558108,1.84092,0.119074,-0.068091,0.229643,0.157429,-0.0588505,-1.19785,0.338915,0.04733,-0.106571,-15.5375,-0.575359,0.42123,-4.84965,1.07015,0.0305791,-31.7098,-0.494793,-0.45181,2.98928,-0.04733,0.106571,-0.941037,0.170418,-0.00991245,1.5704,1.23762,0.0891258,0.00338155,0.10489,-0.0789501,False,True
1.57,0.0647511,1.1607,-1.48575,0.0668614,-0.2607,-1.24499,-0.759651,0.506162,2.00101,1.30847,-2.3758,0.378071,-0.548817,1.86964,0.0679137,-0.0668614,0.2607,0.141901,-0.0647511,-1.1607,0.831904,0.0467586,-0.122134,-15.6206,-0.573263,0.416841,-4.55714,1.0703,0.0294915,-31.7792,-0.497039,-0.446332,3.07781,-0.0467586,0.122134,-0.94563,0.12805,-0.035543,1.62335,1.23518,0.0893594,0.00385408,0.10489,-0.0789501,False,True
1.575,0.0704575,1.12031,-1.62504,0.065484,-0.288707,-1.33505,-0.756763,0.645017,1.53582,1.29617,-2.53189,0.640035,-0.539411,1.88688,0.0151385,-0.065484,0.288707,0.125973,-0.0704575,-1.12031,1.32608,0.0461087,-0.137974,-15.7872,-0.571191,0.411669,-4.20344,1.07045,0.0284503,-31.8458,-0.499256,-0.440119,3.17302,-0.0461087,0.137974,-0.956951,0.0845415,-0.0618535,1.66518,1.22617,0.0895793,0.00434214,0.10489,-0.0789501,False,True
1.58,0.0759541,1.0769,-1.74746,0.0639743,-0.313604,-1.40181,-0.753201,0.774795,1.00382,1.28315,-2.66718,0.913376,-0.529948,1.89239,-0.0391308,-0.0639743,0.313604,0.109984,-0.0759541,-1.0769,1.81886,0.0453788,-0.154096,-16.0361,-0.569146,0.405748,-3.79202,1.07059,0.0274616,-31.9089,-0.50144,-0.433209,3.27398,-0.0453788,0.154096,-0.975104,0.0401692,-0.0889477,1.69554,1.21046,0.0897863,0.0048463,0.10489,-0.0789501,False,True
1.585,0.0812264,1.03068,-1.85189,0.062348,-0.335398,-1.44544,-0.749015,0.894048,0.408092,1.2695,-2.78,1.19564,-0.520487,1.88595,-0.0947689,-0.062348,0.335398,0.0942615,-0.0812264,-1.03068,2.30762,0.0445677,-0.170506,-16.3648,-0.567133,0.399115,-3.3269,1.07072,0.0265285,-31.9676,-0.503588,-0.425644,3.37981,-0.0445677,0.170506,-1.00021,-0.00480056,-0.116921,1.71415,1.18786,0.0899814,0.00536733,0.10489,-0.0789501,False,True
1.59,0.086261,0.981914,-1.9375,0.0606204,-0.354161,-1.46632,-0.74426,1.00139,-0.2473,1.25535,-2.86876,1.48424,-0.511089,1.86737,-0.151628,-0.0606204,0.354161,0.0791092,-0.086261,-0.981914,2.78973,0.0436738,-0.187204,-16.7692,-0.565155,0.391815,-2.81259,1.07085,0.0256506,-32.0209,-0.505697,-0.417466,3.48966,-0.0436738,0.187204,-1.03242,-0.0501036,-0.145846,1.7208,1.15814,0.0901652,0.00590617,0.10489,-0.0789501,False,True
1.595,0.0910456,0.93085,-2.00377,0.0588064,-0.37002,-1.46506,-0.739001,1.09554,-0.9572,1.24081,-2.932,1.77646,-0.501814,1.83646,-0.20952,-0.0588064,0.37002,0.0648048,-0.0910456,-0.93085,3.26242,0.0426957,-0.204192,-17.2441,-0.563215,0.383895,-2.25421,1.07098,0.0248241,-32.0673,-0.507763,-0.408719,3.60277,-0.0426957,0.204192,-1.07187,-0.0954676,-0.175755,1.71537,1.12107,0.0903389,0.00646392,0.10489,-0.0789501,False,True
1.6,0.0955695,0.877774,-2.0505,0.0569202,-0.383158,-1.44254,-0.733305,1.17533,-1.71526,1.22603,-2.96839,2.06943,-0.492724,1.79307,-0.26819,-0.0569202,0.383158,0.0515945,-0.0955695,-0.877774,3.72273,0.0416319,-0.221466,-17.7825,-0.561316,0.375409,-1.65762,1.0711,0.0240417,-32.1054,-0.509784,-0.399451,3.71846,-0.0416319,0.221466,-1.11871,-0.140601,-0.206623,1.6978,1.07636,0.0905034,0.00704182,0.10489,-0.0789501,False,True
1.605,0.0998233,0.822989,-2.07777,0.0549748,-0.393802,-1.39993,-0.727248,1.23971,-2.51378,1.21113,-2.9768,2.3601,-0.483883,1.73709,-0.327298,-0.0549748,0.393802,0.0396898,-0.0998233,-0.822989,4.1674,0.040481,-0.239022,-18.3762,-0.559461,0.366417,-1.0295,1.07122,0.0232922,-32.1339,-0.511757,-0.389709,3.83612,-0.040481,0.239022,-1.17301,-0.185178,-0.238353,1.66813,1.02375,0.0906597,0.00764129,0.10489,-0.0789501,False,True
1.61,0.103799,0.766815,-2.08599,0.0529821,-0.402221,-1.33867,-0.720908,1.28783,-3.34359,1.19626,-2.95634,2.64522,-0.475353,1.66851,-0.386394,-0.0529821,0.402221,0.0292662,-0.103799,-0.766815,4.59275,0.0392416,-0.256855,-19.0153,-0.557652,0.356983,-0.377575,1.07133,0.022561,-32.1515,-0.513681,-0.379544,3.9552,-0.0392416,0.256855,-1.2347,-0.228827,-0.270759,1.62651,0.963003,0.0908088,0.00826385,0.10489,-0.0789501,False,True
1.615,0.107491,0.709594,-2.0758,0.0509526,-0.408712,-1.26049,-0.714369,1.31903,-4.19387,1.18157,-2.90642,2.92128,-0.467198,1.58739,-0.444893,-0.0509526,0.408712,0.0204625,-0.107491,-0.709594,4.99452,0.0379124,-0.274956,-19.6883,-0.555891,0.347179,0.289209,1.07144,0.0218299,-32.1573,-0.515553,-0.369008,4.07512,-0.0379124,0.274956,-1.30352,-0.271112,-0.30355,1.57318,0.893916,0.0909519,0.00891113,0.10489,-0.0789501,False,True
1.62,0.110895,0.651687,-2.04802,0.048895,-0.4136,-1.16735,-0.707718,1.33291,-5.05204,1.1672,-2.82685,3.18448,-0.459479,1.49394,-0.502058,-0.048895,0.4136,0.0133808,-0.110895,-0.651687,5.36775,0.0364921,-0.293314,-20.3822,-0.55418,0.337082,0.960492,1.07155,0.021077,-32.1508,-0.517371,-0.358159,4.19523,-0.0364921,0.293314,-1.37889,-0.311522,-0.336316,1.50855,0.816389,0.09109,0.00958485,0.10489,-0.0789501,False,True
1.625,0.114008,0.593472,-2.00365,0.0468166,-0.417224,-1.06143,-0.70104,1.32932,-5.90361,1.1533,-2.71787,3.43067,-0.452258,1.38856,-0.556981,-0.0468166,0.417224,0.00808771,-0.114008,-0.593472,5.70666,0.0349793,-0.311919,-21.0827,-0.55252,0.32678,1.62432,1.07165,0.0202768,-32.1322,-0.519134,-0.347057,4.31471,-0.0349793,0.311919,-1.45981,-0.349461,-0.368525,1.43318,0.730438,0.0912242,0.0102868,0.10489,-0.0789501,False,True
1.63,0.11683,0.53535,-1.94374,0.0447228,-0.419936,-0.945003,-0.694424,1.30846,-6.73221,1.14002,-2.58029,3.65535,-0.445594,1.27183,-0.608578,-0.0447228,0.419936,0.00461553,-0.11683,-0.53535,6.00455,0.0333729,-0.330757,-21.7742,-0.550912,0.316367,2.26704,1.07175,0.0194002,-32.1023,-0.520842,-0.335768,4.43251,-0.0333729,0.330757,-1.54478,-0.384237,-0.39951,1.34781,0.636247,0.0913555,0.0110187,0.10489,-0.0789501,False,True
1.635,0.119362,0.47774,-1.86935,0.0426172,-0.422091,-0.820363,-0.687956,1.27089,-7.51961,1.1275,-2.41551,3.85359,-0.43954,1.14462,-0.655582,-0.0426172,0.422091,0.00296402,-0.119362,-0.47774,6.25377,0.0316717,-0.349814,-22.4398,-0.549357,0.305949,2.87323,1.07185,0.0184148,-32.0628,-0.522492,-0.324364,4.54726,-0.0316717,0.349814,-1.63166,-0.415062,-0.428473,1.25342,0.534199,0.091485,0.0117825,0.10489,-0.0789501,False,True
1.64,0.121607,0.421079,-1.78147,0.0405019,-0.424039,-0.689689,-0.681715,1.21757,-8.24593,1.11586,-2.22566,4.02008,-0.434148,1.00809,-0.696559,-0.0405019,0.424039,0.00310199,-0.121607,-0.421079,6.44572,0.0298748,-0.369076,-23.0622,-0.547853,0.295643,3.42581,1.07194,0.0172844,-32.0163,-0.524085,-0.312928,4.65721,-0.0298748,0.369076,-1.71765,-0.441056,-0.454493,1.15123,0.424926,0.0916136,0.0125798,0.10489,-0.0789501,False,True
1.645,0.123573,0.365826,-1.68094,0.0383768,-0.426124,-0.554904,-0.67578,1.1499,-8.88993,1.10524,-2.01366,4.14907,-0.429459,0.863765,-0.729928,-0.0383768,0.426124,0.00496876,-0.123573,-0.365826,6.57094,0.027981,-0.388528,-23.6233,-0.5464,0.285578,3.90626,1.07202,0.0159694,-31.9662,-0.525621,-0.301547,4.76026,-0.027981,0.388528,-1.79929,-0.461261,-0.476538,1.0427,0.309335,0.0917421,0.0134124,0.10489,-0.0789501,False,True
1.65,0.125266,0.312458,-1.56842,0.0362406,-0.428672,-0.417517,-0.670217,1.06974,-9.4295,1.09573,-1.78325,4.2345,-0.42551,0.713514,-0.753991,-0.0362406,0.428672,0.00847515,-0.125266,-0.312458,6.61933,0.0259895,-0.408155,-24.1055,-0.544997,0.275897,4.29501,1.0721,0.0144263,-31.9165,-0.527101,-0.290323,4.8539,-0.0259895,0.408155,-1.87249,-0.474659,-0.493487,0.929626,0.188647,0.0918712,0.0142818,0.10489,-0.0789501,False,True
1.655,0.126697,0.261472,-1.4443,0.0340901,-0.43199,-0.278479,-0.665083,0.979445,-9.84224,1.08741,-1.53906,4.26997,-0.422324,0.559618,-0.766986,-0.0340901,0.43199,0.0135036,-0.126697,-0.261472,6.58037,0.0238994,-0.42794,-24.4916,-0.543641,0.266759,4.5719,1.07217,0.0126081,-31.8716,-0.528525,-0.279367,4.93517,-0.0238994,0.42794,-1.93274,-0.480198,-0.504162,0.814065,0.0644114,0.0920017,0.0151896,0.10489,-0.0789501,False,True
1.66,0.12788,0.213384,-1.30872,0.0319207,-0.436359,-0.138056,-0.660422,0.881842,-10.1061,1.08034,-1.2866,4.24888,-0.419914,0.404761,-0.767131,-0.0319207,0.436359,0.0199071,-0.12788,-0.213384,6.44352,0.0217101,-0.447865,-24.7655,-0.542329,0.258336,4.71674,1.07222,0.0104642,-31.8362,-0.529894,-0.2688,5.00052,-0.0217101,0.447865,-1.9755,-0.476827,-0.507353,0.698386,-0.0614773,0.0921339,0.0161369,0.10489,-0.0789501,False,True
1.665,0.128831,0.16873,-1.16154,0.0297265,-0.442025,0.0042702,-0.656264,0.780229,-10.2002,1.07454,-1.03226,4.16447,-0.418277,0.252029,-0.752683,-0.0297265,0.442025,0.0275063,-0.128831,-0.16873,6.19865,0.0194208,-0.46791,-24.9131,-0.541058,0.250817,4.70988,1.07227,0.00794001,-31.8154,-0.531213,-0.258757,5.04521,-0.0194208,0.46791,-1.99679,-0.46353,-0.501856,0.585243,-0.186783,0.092268,0.0171249,0.10489,-0.0789501,False,True
1.67,0.129568,0.128066,-1.00237,0.0275005,-0.449198,0.149823,-0.65262,0.678346,-10.1051,1.07001,-0.783235,4.00988,-0.417394,0.104889,-0.721988,-0.0275005,0.449198,0.0360835,-0.129568,-0.128066,5.83653,0.017031,-0.488051,-24.9223,-0.539821,0.244407,4.53245,1.0723,0.00497742,-31.8149,-0.532482,-0.249384,5.06223,-0.017031,0.488051,-1.99441,-0.439362,-0.4865,0.477552,-0.308937,0.0924041,0.0181544,0.10489,-0.0789501,False,True
1.675,0.130112,0.0919651,-0.830664,0.0252346,-0.458037,0.300683,-0.649481,0.580337,-9.80357,1.06671,-0.5475,3.77825,-0.417228,-0.0328373,-0.673522,-0.0252346,0.458037,0.0453719,-0.130112,-0.0919651,5.34949,0.0145403,-0.508256,-24.7841,-0.538614,0.239328,4.16637,1.07232,0.00151436,-31.842,-0.533706,-0.240843,5.0401,-0.0145403,0.508256,-1.9699,-0.403476,-0.460166,0.378458,-0.425058,0.092542,0.0192259,0.10489,-0.0789501,False,True
1.68,0.130487,0.0610227,-0.645858,0.0229201,-0.468642,0.459515,-0.646816,0.490709,-9.28074,1.06454,-0.333693,3.46265,-0.417722,-0.157016,-0.605916,-0.0229201,0.468642,0.0550372,-0.130487,-0.0610227,4.73221,0.0119484,-0.528479,-24.4928,-0.537428,0.235826,3.59358,1.07232,-0.00251527,-31.9078,-0.53489,-0.233311,4.9589,-0.0119484,0.528479,-1.93207,-0.355153,-0.421793,0.29129,-0.531977,0.0926812,0.0203398,0.10489,-0.0789501,False,True
1.685,0.130722,0.0358524,-0.447583,0.0205481,-0.481039,0.629252,-0.644574,0.414292,-8.52367,1.06337,-0.151053,3.05605,-0.418798,-0.263239,-0.517962,-0.0205481,0.481039,0.0646468,-0.130722,-0.0358524,3.98278,0.00925547,-0.548655,-24.0471,-0.536255,0.234173,2.79443,1.07229,-0.00718214,-32.0313,-0.536039,-0.226991,4.78353,-0.00925547,0.548655,-1.90296,-0.293823,-0.370365,0.219516,-0.626259,0.0928209,0.0214961,0.10489,-0.0789501,False,True
1.69,0.130846,0.0170873,-0.236023,0.0181097,-0.495156,0.812553,-0.642674,0.356214,-7.52099,1.06303,-0.00934382,2.5512,-0.420354,-0.34687,-0.408589,-0.0181097,0.495156,0.0736168,-0.130846,-0.0170873,3.10412,0.00646186,-0.568683,-23.4519,-0.535086,0.234686,1.74481,1.07225,-0.0125625,-32.245,-0.53716,-0.222124,4.45352,-0.00646186,0.568683,-1.9289,-0.21908,-0.304869,0.166684,-0.704224,0.0929603,0.0226943,0.10489,-0.0789501,False,True
1.695,0.130893,0.00538006,-0.0234046,0.0155966,-0.510784,0.998515,-0.641011,0.321901,-6.33195,1.06328,0.0811717,1.97453,-0.422267,-0.403073,-0.28381,-0.0155966,0.510784,0.0807602,-0.130893,-0.00538006,2.14867,0.00356864,-0.588401,-22.7743,-0.533909,0.237749,0.498193,1.07217,-0.0187398,-32.5522,-0.538261,-0.219009,3.96159,-0.00356864,0.588401,-2.15686,-0.135389,-0.228509,0.136368,-0.761939,0.0930983,0.0239336,0.10489,-0.0789501,False,True
1.7,0.1309,0.000686877,0.110639,0.0130019,-0.527401,0.570745,-0.639454,0.313983,-4.70778,1.06384,0.115985,0.845115,-0.424385,-0.429968,-0.0722412,-0.0130019,0.527401,0.0668541,-0.1309,-0.000686877,1.31025,0.00057785,-0.607521,-20.1952,-0.532709,0.243509,-0.790201,1.07206,-0.0257678,-31.9819,-0.53935,-0.217742,3.37158,-0.00057785,0.607521,-1.43131,-0.00796549,-0.0844514,0.129568,-0.797528,0.093234,0.0252128,0.10489,-0.0789501,True,True
1.705,0.1309,2.77556e-15,0.116698,0.0103226,-0.543804,-0.0310002,-0.637872,0.321857,-3.50844,1.06444,0.117102,-0.249679,-0.426566,-0.438959,0.114285,-0.0103226,0.543804,0.0515256,-0.1309,2.77556e-15,0.874975,-0.00250657,-0.625526,-17.6246,-0.531473,0.250793,-1.48621,1.07191,-0.0335305,-30.8579,-0.540438,-0.217263,3.24692,0.00250657,0.625526,-1.23326,0.102895,0.044181,0.136393,-0.818924,0.0933666,0.0265298,0.1031,-0.0669044,True,True
1.71,0.1309,-2.77556e-15,0.0546937,0.00756383,-0.558865,-0.751821,-0.636236,0.332219,-2.45671,1.06501,0.111593,-1.54468,-0.428775,-0.443812,0.336759,-0.00756383,0.558865,0.0526209,-0.1309,0,0.690324,-0.00567741,-0.6419,-14.595,-0.530201,0.258225,-1.87321,1.07172,-0.0418452,-29.1604,-0.541523,-0.216379,3.26572,0.00567741,0.6419,-0.976674,0.246573,0.18644,0.145189,-0.835923,0.0934958,0.0278814,0.10131,-0.0548587,True,True
1.715,0.1309,0,-0.00768707,0.00473392,-0.572181,-1.29679,-0.634549,0.342203,-1.47385,1.06555,0.105308,-3.00335,-0.431004,-0.447512,0.578504,-0.00473392,0.572181,0.078592,-0.1309,-2.77556e-15,0.565278,-0.00892557,-0.656374,-11.5749,-0.528891,0.265565,-2.21648,1.07149,-0.0506219,-27.3123,-0.542602,-0.214943,3.18181,0.00892557,0.656374,-0.730145,0.417281,0.326727,0.153294,-0.850511,0.0936219,0.0292638,0.0995203,-0.042813,True,True
1.72,0.1309,2.77556e-15,-0.0547139,0.00184202,-0.583624,-1.56982,-0.632814,0.351801,-0.583954,1.06606,0.0983357,-4.58469,-0.43325,-0.450136,0.817662,-0.00184202,0.583624,0.127746,-0.1309,0,0.455857,-0.0122412,-0.668833,-8.77173,-0.527545,0.272849,-2.54562,1.07122,-0.0597897,-25.4257,-0.543672,-0.213059,3.00357,0.0122412,0.668833,-0.511037,0.600019,0.451908,0.160543,-0.862637,0.0937451,0.0306731,0.0977305,-0.0307673,True,True
1.725,0.1309,0,-0.0841188,-0.00110231,-0.59314,-1.54681,-0.631031,0.36099,0.186671,1.06654,0.0907685,-6.25908,-0.435506,-0.451759,1.04554,0.00110231,0.59314,0.199191,-0.1309,0,0.356994,-0.0156139,-0.679235,-6.26379,-0.526163,0.280079,-2.84244,1.0709,-0.0692681,-23.5167,-0.544733,-0.210811,2.78013,0.0156139,0.679235,-0.320692,0.788663,0.556873,0.166841,-0.872308,0.0938661,0.0321052,0.0959407,-0.0187216,True,True
1.73,0.1309,0,-0.096049,-0.00408938,-0.600717,-1.22326,-0.629204,0.369738,0.829683,1.06697,0.082702,-8.00982,-0.437767,-0.45244,1.26034,0.00408938,0.600717,0.292673,-0.1309,0,0.26611,-0.0190335,-0.687573,-4.07901,-0.524744,0.287233,-3.0986,1.07052,-0.0789706,-21.5899,-0.545781,-0.208262,2.5397,0.0190335,0.687573,-0.158277,0.981883,0.640585,0.172135,-0.87956,0.0939856,0.0335561,0.0941509,-0.00667585,True,True
1.735,0.1309,0,-0.0914878,-0.00710948,-0.606357,-0.601225,-0.627334,0.378002,1.34477,1.06736,0.074232,-9.82841,-0.44003,-0.452234,1.46376,0.00710948,0.606357,0.40861,-0.1309,0,0.182221,-0.0224896,-0.693853,-2.22243,-0.52329,0.294272,-3.3111,1.07011,-0.0888068,-19.6451,-0.546815,-0.205466,2.29687,0.0224896,0.693853,-0.0224435,1.18097,0.703864,0.176399,-0.884435,0.0941042,0.0350215,0.0923611,0.00536986,True,True
1.74,0.1309,0,-0.0714744,-0.010153,-0.610071,0.317057,-0.625424,0.385729,1.73443,1.06771,0.0654545,-11.7117,-0.44229,-0.451184,1.6589,0.010153,0.610071,0.547931,-0.1309,0,0.105207,-0.025972,-0.698085,-0.690506,-0.521802,0.301149,-3.47951,1.06964,-0.0986825,-17.6795,-0.547835,-0.202466,2.05798,0.025972,0.698085,0.0879981,1.38843,0.748132,0.179614,-0.886973,0.0942225,0.0364976,0.0905713,0.0174156,True,True
1.745,0.1309,2.77556e-15,-0.036792,-0.0132102,-0.611864,1.53171,-0.623477,0.392863,2.00132,1.06802,0.0564653,-13.6601,-0.444542,-0.449328,1.84886,0.0132102,0.611864,0.711816,-0.1309,0,0.0353768,-0.0294705,-0.700276,0.521582,-0.520279,0.307807,-3.60453,1.06912,-0.108501,-15.6898,-0.54884,-0.199305,1.82448,0.0294705,0.700276,0.17379,1.60691,0.774668,0.181766,-0.887209,0.0943415,0.0379802,0.0887815,0.0294613,True,True
1.75,0.1309,0,0.0120572,-0.0162716,-0.611739,3.04559,-0.621495,0.399342,2.14696,1.06828,0.0473605,-15.6757,-0.446783,-0.446703,2.03555,0.0162716,0.611739,0.90127,-0.1309,0,-0.0267765,-0.0329748,-0.700428,1.41661,-0.518724,0.314186,-3.68728,1.06855,-0.118164,-13.6731,-0.549828,-0.196021,1.59488,0.0329748,0.700428,0.235141,1.83822,0.784085,0.182841,-0.885167,0.0944616,0.0394655,0.0869917,0.041507,True,True
1.755,0.1309,-2.77556e-15,0.0746359,-0.0193276,-0.609694,4.86292,-0.619483,0.405104,2.17123,1.06849,0.038237,-17.762,-0.449009,-0.443341,2.21816,0.0193276,0.609694,1.1164,-0.1309,0,-0.0807234,-0.0364748,-0.698536,1.99426,-0.517137,0.320226,-3.72896,1.06794,-0.127571,-11.6286,-0.5508,-0.192655,1.36601,0.0364748,0.698536,0.271752,2.08186,0.775761,0.182821,-0.88087,0.0945836,0.0409492,0.0852019,0.0535527,True,True
1.76,0.1309,0,0.15002,-0.0223685,-0.605719,6.98601,-0.617444,0.410087,2.07226,1.06866,0.0291931,-19.9216,-0.451216,-0.43928,2.3907,0.0223685,0.605719,1.35516,-0.1309,0,-0.125979,-0.0399602,-0.69459,2.25183,-0.515521,0.325872,-3.73086,1.06728,-0.13662,-9.55948,-0.551755,-0.189251,1.13404,0.0399602,0.69459,0.282979,2.33271,0.74702,0.181678,-0.874335,0.0947082,0.0424275,0.0834121,0.0655984,True,True
1.765,0.1309,0,0.235668,-0.0253848,-0.599805,9.4084,-0.615382,0.414242,1.84694,1.06878,0.0203286,-22.1554,-0.453402,-0.43457,2.53786,0.0253848,0.599805,1.61102,-0.1309,-2.77556e-15,-0.162114,-0.0434207,-0.688585,2.18712,-0.513878,0.331079,-3.69455,1.06657,-0.145213,-7.47544,-0.552693,-0.185866,0.895865,0.0434207,0.688585,0.268193,2.57703,0.691827,0.179376,-0.865589,0.0948361,0.0438962,0.0816223,0.0776441,True,True
1.77,0.1309,0,0.325293,-0.0283666,-0.591942,12.1022,-0.613302,0.41754,1.49231,1.06886,0.0117453,-24.4579,-0.455562,-0.429285,2.62826,0.0283666,0.591942,1.86918,-0.1309,0,-0.188645,-0.046846,-0.680519,1.8049,-0.51221,0.33583,-3.62252,1.06582,-0.153257,-5.39788,-0.553613,-0.182573,0.651322,0.046846,0.680519,0.227533,2.78575,0.598746,0.175862,-0.854676,0.094968,0.0453514,0.0798325,0.0896898,True,True
1.775,0.1309,0,0.405186,-0.0313042,-0.582139,14.9954,-0.611207,0.419993,1.00876,1.0689,0.00354716,-26.8118,-0.457695,-0.42354,2.6038,0.0313042,0.582139,2.10009,-0.1309,2.77556e-15,-0.204736,-0.0502259,-0.67042,1.12951,-0.51052,0.340148,-3.5193,1.06504,-0.160671,-3.36795,-0.554518,-0.179476,0.406739,0.0502259,0.67042,0.163295,2.90384,0.447917,0.171062,-0.841691,0.0951048,0.046789,0.0780427,0.101736,True,True
1.78,0.1309,2.77556e-15,0.448888,-0.034188,-0.570435,17.9334,-0.609102,0.421689,0.406578,1.0689,-0.00416128,-29.1749,-0.459797,-0.417528,2.36578,0.034188,0.570435,2.25032,-0.1309,0,-0.208769,-0.0535502,-0.658366,0.227305,-0.508809,0.344134,-3.39376,1.06422,-0.167405,-1.46026,-0.555408,-0.176729,0.179741,0.0535502,0.658366,0.082242,2.83582,0.207622,0.164872,-0.826812,0.0952475,0.0482052,0.0762529,0.113781,True,True
1.785,0.1309,0,0.350232,-0.0370085,-0.556942,20.6885,-0.60699,0.422839,-0.128274,1.06886,-0.0112783,-31.354,-0.46187,-0.41156,1.91445,0.0370085,0.556942,2.29217,-0.1309,0,-0.18442,-0.0568095,-0.644532,-0.737023,-0.507079,0.348018,-3.37655,1.06336,-0.173455,0.228536,-0.556286,-0.174563,0.00288247,0.0568095,0.644532,-0.00210853,2.5655,-0.105531,0.157153,-0.810374,0.0953974,0.0495963,0.0744631,0.125827,True,True
1.79,0.1309,-0.000686877,-0.270214,-0.0397574,-0.541909,23.5518,-0.604874,0.423404,0.152009,1.06879,-0.0177764,-32.961,-0.463913,-0.405627,1.73366,0.0397574,0.541909,2.6966,-0.1309,0.000686877,-0.0342808,-0.0599955,-0.628787,-1.56547,-0.505329,0.347941,-4.05871,1.06248,-0.172853,1.83011,-0.557154,-0.175088,-0.139339,0.0599955,0.628787,-0.0865769,2.67921,-0.455731,0.148137,-0.792587,0.095556,0.0509594,0.0726733,0.137873,True,False
1.795,0.130893,-0.00538006,-1.58795,-0.0424276,-0.52579,24.0197,-0.602756,0.421869,2.36867,1.06868,-0.0238671,-31.7424,-0.465926,-0.398002,2.92652,0.0424276,0.52579,1.88,-0.130893,0.00538006,0.244703,-0.0630974,-0.60938,-1.16443,-0.503599,0.324381,-5.95312,1.06164,-0.137411,2.08933,-0.558036,-0.18697,-0.222009,0.0630974,0.60938,-0.103988,2.9978,0.769749,0.13956,-0.772518,0.0957259,0.0522927,0.0726733,0.137873,True,False
1.8,0.130846,-0.0170873,-3.26363,-0.0450153,-0.509042,24.7016,-0.600655,0.416905,5.09455,1.06855,-0.0297149,-30.3294,-0.467893,-0.38719,4.19295,0.0450153,0.509042,1.65151,-0.130846,0.0170873,0.612603,-0.0660893,-0.584798,-0.619715,-0.502085,0.261051,-8.29584,1.06111,-0.0439723,2.38392,-0.559024,-0.217079,-0.320681,0.0660893,0.584798,-0.122923,3.70282,1.70157,0.132983,-0.749425,0.0959098,0.0535958,0.0726733,0.137873,True,False
1.805,0.130722,-0.0358524,-4.88359,-0.0475181,-0.491938,25.294,-0.598587,0.408841,7.5099,1.06839,-0.0352295,-29.1997,-0.469798,-0.373612,5.00632,0.0475181,0.491938,1.61225,-0.130722,0.0358524,0.97417,-0.0689454,-0.555402,-0.0857122,-0.500989,0.160675,-10.4221,1.0612,0.103098,2.61475,-0.560207,-0.263773,-0.406021,0.0689454,0.555402,-0.139544,4.21934,2.23616,0.128318,-0.723881,0.0961109,0.0548695,0.0726733,0.137873,True,False
1.81,0.130487,-0.0610227,-6.34141,-0.0499347,-0.474634,25.7365,-0.596566,0.398248,9.5115,1.0682,-0.0403034,-28.343,-0.471629,-0.357944,5.45634,0.0499347,0.474634,1.62758,-0.130487,0.0610227,1.30848,-0.0716433,-0.521858,0.408649,-0.500478,0.0299835,-12.216,1.06214,0.2934,2.76952,-0.561661,-0.323383,-0.472521,0.0716433,0.521858,-0.153704,4.52846,2.50865,0.125171,-0.696549,0.0963324,0.0561151,0.0726733,0.137873,True,False
1.815,0.130112,-0.0919651,-7.61697,-0.0522644,-0.457226,26.0302,-0.594605,0.385551,11.1489,1.06798,-0.0448663,-27.6744,-0.473377,-0.340685,5.70288,0.0522644,0.457226,1.65468,-0.130112,0.0919651,1.614,-0.074164,-0.48471,0.865332,-0.500689,-0.12478,-13.6918,1.06413,0.516973,2.8549,-0.563441,-0.392193,-0.520391,0.074164,0.48471,-0.165891,4.71044,2.64535,0.123237,-0.667899,0.0965773,0.0573344,0.0726733,0.137873,True,False
1.82,0.129568,-0.128066,-8.70234,-0.0545069,-0.439767,26.1809,-0.592711,0.371091,12.4573,1.06775,-0.0488728,-27.1453,-0.475036,-0.322219,5.83739,0.0545069,0.439767,1.67293,-0.129568,0.128066,1.89014,-0.0764904,-0.444427,1.28668,-0.501726,-0.297807,-14.8653,1.06731,0.764314,2.87721,-0.565583,-0.466507,-0.550114,0.0764904,0.444427,-0.176382,4.81349,2.71627,0.122264,-0.638278,0.0968481,0.0585288,0.0726733,0.137873,True,False
1.825,0.128831,-0.16873,-9.59787,-0.0566621,-0.422289,26.1975,-0.590894,0.355159,13.4645,1.06749,-0.0522952,-26.7288,-0.4766,-0.302864,5.9094,0.0566621,0.422289,1.67385,-0.128831,0.16873,2.137,-0.0786082,-0.401439,1.67482,-0.503667,-0.483715,-15.7543,1.07177,1.02644,2.84258,-0.568106,-0.542727,-0.562462,0.0786082,0.401439,-0.185321,4.8653,2.75774,0.122028,-0.60796,0.0971469,0.0597001,0.0726733,0.137873,True,False
1.83,0.12788,-0.213384,-10.3094,-0.0587298,-0.404808,26.0912,-0.589159,0.338013,14.1949,1.06722,-0.0551192,-26.4093,-0.478065,-0.282894,5.94465,0.0587298,0.404808,1.65557,-0.12788,0.213384,2.35514,-0.0805048,-0.356157,2.03132,-0.506563,-0.677564,-16.3789,1.07757,1.29498,2.75714,-0.57101,-0.617421,-0.558485,0.0805048,0.356157,-0.19276,4.88172,2.78722,0.12233,-0.577169,0.0974753,0.0608499,0.0726733,0.137873,True,False
1.835,0.126697,-0.261472,-10.8462,-0.0607101,-0.38733,25.8752,-0.587514,0.319894,14.6717,1.06694,-0.0573408,-26.1764,-0.479429,-0.262553,5.95592,0.0607101,0.38733,1.61964,-0.126697,0.261472,2.54539,-0.0821698,-0.308984,2.35698,-0.510443,-0.874878,-16.7609,1.08472,1.56228,2.62707,-0.57428,-0.687398,-0.539494,0.0821698,0.308984,-0.198693,4.87205,2.81192,0.122981,-0.546098,0.0978344,0.0619797,0.0726733,0.137873,True,False
1.84,0.125266,-0.312458,-11.2202,-0.0626031,-0.369854,25.5638,-0.58596,0.301027,14.9183,1.06665,-0.0589649,-26.0222,-0.48069,-0.242062,5.9493,0.0626031,0.369854,1.56923,-0.125266,0.312458,2.70874,-0.0835947,-0.26033,2.65178,-0.515312,-1.07168,-16.9235,1.0932,1.82145,2.45856,-0.577884,-0.749768,-0.507015,0.0835947,0.26033,-0.203071,4.84208,2.83389,0.123809,-0.514914,0.0982247,0.0630907,0.0726733,0.137873,True,False
1.845,0.123573,-0.365826,-11.4441,-0.0644087,-0.352379,25.1726,-0.584503,0.281624,14.9581,1.06635,-0.0600039,-25.9391,-0.481849,-0.22162,5.92761,0.0644087,0.352379,1.50807,-0.123573,0.365826,2.84627,-0.0847731,-0.210614,2.91497,-0.521159,-1.26449,-16.8908,1.10294,2.06649,2.25774,-0.581778,-0.801994,-0.462736,0.0847731,0.210614,-0.205818,4.79579,2.85278,0.124656,-0.483769,0.0986467,0.0641844,0.0726733,0.137873,True,False
1.85,0.121607,-0.421079,-11.5317,-0.0661269,-0.334904,24.7174,-0.583144,0.261883,14.8141,1.06605,-0.0604765,-25.9194,-0.482906,-0.201407,5.89221,0.0661269,0.334904,1.43989,-0.121607,0.421079,2.95899,-0.0857008,-0.160267,3.14516,-0.527957,-1.45037,-16.6867,1.11386,2.29229,2.03061,-0.585904,-0.841922,-0.408447,0.0857008,0.160267,-0.206842,4.7362,2.8673,0.125375,-0.452798,0.0991,0.0652617,0.0726733,0.137873,True,False
1.855,0.119362,-0.47774,-11.4963,-0.0677577,-0.317427,24.2141,-0.581884,0.241993,14.5091,1.06575,-0.060407,-25.9557,-0.483863,-0.181586,5.84387,0.0677577,0.317427,1.3681,-0.119362,0.47774,3.04783,-0.0863758,-0.109738,3.34048,-0.535663,-1.62683,-16.3345,1.12586,2.49464,1.78292,-0.590197,-0.867808,-0.345981,0.0863758,0.109738,-0.20604,4.66573,2.87596,0.125837,-0.422124,0.0995843,0.0663238,0.0726733,0.137873,True,False
1.86,0.11683,-0.53535,-11.3507,-0.0693012,-0.299952,23.678,-0.580724,0.222126,14.0644,1.06545,-0.059824,-26.0403,-0.484722,-0.162302,5.7831,0.0693012,0.299952,1.29563,-0.11683,0.53535,3.11352,-0.0867982,-0.0594914,3.49886,-0.544225,-1.7919,-15.8561,1.13881,2.67022,1.52009,-0.594582,-0.878314,-0.277158,0.0867982,0.0594914,-0.20331,4.5864,2.87742,0.125929,-0.39186,0.100099,0.0673715,0.0726733,0.137873,True,False
1.865,0.114008,-0.593472,-11.107,-0.0707572,-0.282485,23.1238,-0.579663,0.202445,13.4997,1.06515,-0.0587599,-26.1664,-0.485486,-0.143685,5.71034,0.0707572,0.282485,1.22488,-0.114008,0.593472,3.1566,-0.0869707,-0.0100072,3.61817,-0.553582,-1.94401,-15.2715,1.15256,2.81652,1.24715,-0.59898,-0.872509,-0.203741,0.0869707,0.0100072,-0.198555,4.49984,2.87054,0.125552,-0.362108,0.100642,0.0684057,0.0726733,0.137873,True,False
1.87,0.110895,-0.651687,-10.776,-0.072126,-0.265037,22.5648,-0.5787,0.183099,12.8328,1.06486,-0.0572501,-26.3273,-0.486159,-0.125849,5.62593,0.072126,0.265037,1.1577,-0.110895,0.651687,3.17739,-0.0868983,0.0382219,3.69649,-0.563665,-2.08197,-14.5986,1.16697,2.93182,0.968728,-0.603308,-0.849843,-0.127401,0.0868983,-0.0382219,-0.191692,4.40734,2.85447,0.124623,-0.332964,0.101214,0.0694271,0.0726733,0.137873,True,False
1.875,0.107491,-0.709594,-10.3676,-0.0734076,-0.247624,22.0131,-0.577832,0.164225,12.0798,1.06458,-0.0553318,-26.5171,-0.486745,-0.108893,5.53016,0.0734076,0.247624,1.09543,-0.107491,0.709594,3.17598,-0.0865885,0.0846944,3.73223,-0.574402,-2.20491,-13.853,1.18188,3.01504,0.688989,-0.607479,-0.810129,-0.0496965,0.0865885,-0.0846944,-0.182658,4.30986,2.82863,0.123073,-0.304518,0.101812,0.0704362,0.0726733,0.137873,True,False
1.88,0.103799,-0.766815,-9.89006,-0.0746023,-0.230265,21.4789,-0.577058,0.145951,11.2546,1.06431,-0.0530439,-26.7309,-0.487248,-0.0929066,5.42329,0.0746023,0.230265,1.03899,-0.103799,0.766815,3.15234,-0.0860513,0.128905,3.72437,-0.585715,-2.31223,-13.0479,1.19712,3.06574,0.411703,-0.611409,-0.753508,0.0279381,0.0860513,-0.128905,-0.17142,4.20807,2.79264,0.120847,-0.276852,0.102436,0.0714336,0.0726733,0.137873,True,False
1.885,0.0998233,-0.822989,-9.35104,-0.0757103,-0.212984,20.9711,-0.576373,0.12839,10.3695,1.06405,-0.0504262,-26.964,-0.487674,-0.0779636,5.3056,0.0757103,0.212984,0.988883,-0.0998233,0.822989,3.1063,-0.0852994,0.170351,3.67253,-0.597524,-2.40352,-12.1945,1.21254,3.08394,0.140254,-0.615014,-0.680426,0.104197,0.0852994,-0.170351,-0.157979,4.10246,2.74638,0.117902,-0.250045,0.103083,0.0724195,0.0726733,0.137873,True,False
1.89,0.0955695,-0.877774,-8.75708,-0.0767321,-0.195809,20.4967,-0.575774,0.111648,9.43517,1.0638,-0.0475188,-27.2126,-0.488028,-0.064129,5.17741,0.0767321,0.195809,0.945353,-0.0955695,0.877774,3.03768,-0.0843478,0.208543,3.57706,-0.60975,-2.47854,-11.302,1.22796,3.07013,-0.122314,-0.618213,-0.591596,0.177903,0.0843478,-0.208543,-0.142382,3.99339,2.6899,0.11421,-0.22417,0.103752,0.0733942,0.0726733,0.137873,True,False
1.895,0.0910456,-0.93085,-8.11404,-0.0776684,-0.178773,20.0613,-0.575256,0.0958188,8.461,1.06357,-0.0443616,-27.4732,-0.488315,-0.0514572,5.03913,0.0776684,0.178773,0.908386,-0.0910456,0.93085,2.94634,-0.083214,0.243009,3.43909,-0.62231,-2.53717,-10.378,1.24324,3.02514,-0.373244,-0.62093,-0.48797,0.248001,0.083214,-0.243009,-0.124723,3.88112,2.62349,0.10975,-0.199298,0.104441,0.0743578,0.0726733,0.137873,True,False
1.9,0.086261,-0.981914,-7.42728,-0.0785198,-0.161911,19.6688,-0.574815,0.0809868,7.45549,1.06336,-0.0409939,-27.7427,-0.488542,-0.0399929,4.89133,0.0785198,0.161911,0.877798,-0.086261,0.981914,2.83226,-0.0819177,0.273311,3.26053,-0.635121,-2.57937,-9.42873,1.25821,2.95008,-0.610026,-0.623093,-0.370715,0.313558,0.0819177,-0.273311,-0.105149,3.76595,2.54758,0.104513,-0.175493,0.105149,0.0753103,0.0726733,0.137873,True,False
1.905,0.0812264,-1.03068,-6.70183,-0.0792875,-0.145259,19.3219,-0.574446,0.0672259,6.42643,1.06316,-0.0374542,-28.0182,-0.488715,-0.0297717,4.73475,0.0792875,0.145259,0.853303,-0.0812264,1.03068,2.69561,-0.0804809,0.299052,3.04402,-0.648103,-2.60514,-8.45968,1.27274,2.84632,-0.830348,-0.624637,-0.241176,0.373755,0.0804809,-0.299052,-0.0838677,3.64821,2.46282,0.0985005,-0.152817,0.105874,0.0762515,0.0726733,0.137873,True,False
1.91,0.0759541,-1.0769,-5.9426,-0.0799724,-0.128858,19.0223,-0.574143,0.0545999,5.38119,1.06298,-0.0337796,-28.2972,-0.48884,-0.0208203,4.57034,0.0799724,0.128858,0.834567,-0.0759541,1.0769,2.5368,-0.0789272,0.31989,2.79289,-0.661173,-2.61454,-7.4756,1.28668,2.7154,-1.03206,-0.625505,-0.100859,0.427889,0.0789272,-0.31989,-0.061145,3.52836,2.36998,0.091721,-0.131326,0.106615,0.0771814,0.0726733,0.137873,True,False
1.915,0.0704575,-1.12031,-5.15447,-0.080576,-0.112748,18.7705,-0.5739,0.0431627,4.32691,1.06282,-0.0300056,-28.577,-0.488923,-0.0131572,4.39928,0.080576,0.112748,0.821223,-0.0704575,1.12031,2.35654,-0.077282,0.335548,2.51101,-0.674249,-2.60765,-6.48099,1.29989,2.55905,-1.21317,-0.625646,0.0486055,0.475372,0.077282,-0.335548,-0.0373056,3.40698,2.27,0.0841912,-0.11107,0.107369,0.0780995,0.0726733,0.137873,True,False
1.92,0.0647511,-1.1607,-4.34242,-0.0810999,-0.0969708,18.5665,-0.573712,0.0329582,3.27067,1.06268,-0.0261657,-28.8553,-0.488972,-0.00679249,4.22287,0.0810999,0.0969708,0.812888,-0.0647511,1.1607,2.15584,-0.0755717,0.345827,2.20274,-0.687249,-2.58458,-5.4803,1.31227,2.37909,-1.37179,-0.625019,0.205482,0.515732,0.0755717,-0.345827,-0.0127293,3.28476,2.16391,0.0759345,-0.0920943,0.108135,0.0790053,0.0726733,0.137873,True,False
1.925,0.0588505,-1.19785,-3.51158,-0.0815458,-0.0815653,18.4099,-0.573571,0.0240202,2.21965,1.06256,-0.0222914,-29.13,-0.488991,-0.00172882,4.0426,0.0815458,0.0815653,0.809194,-0.0588505,1.19785,1.93601,-0.0738237,0.350616,1.87273,-0.700094,-2.54546,-4.47822,1.32369,2.1775,-1.50615,-0.623591,0.367962,0.548617,0.0738237,-0.350616,0.0121548,3.16248,2.05285,0.0669798,-0.0744375,0.108912,0.0798985,0.0726733,0.137873,True,False
1.93,0.0527725,-1.2316,-2.66728,-0.0819156,-0.0665699,18.2999,-0.573471,0.0163732,1.18115,1.06246,-0.0184116,-29.399,-0.488989,0.00203842,3.86008,0.0819156,0.0665699,0.809811,-0.0527725,1.2316,1.69865,-0.0720656,0.349898,1.5258,-0.712704,-2.49049,-3.47978,1.33404,1.9563,-1.61461,-0.621339,0.534193,0.5738,0.0720656,-0.349898,0.0368781,3.04105,1.93801,0.0573604,-0.0581311,0.109698,0.0807783,0.0726733,0.137873,True,False
1.935,0.0465346,-1.26176,-1.81497,-0.0822115,-0.05202,18.2357,-0.573407,0.0100322,0.162691,1.06238,-0.0145526,-29.6605,-0.488971,0.00452037,3.67707,0.0822115,0.05202,0.814467,-0.0465346,1.26176,1.44565,-0.0703247,0.343761,1.16681,-0.724999,-2.41992,-2.49054,1.34325,1.71761,-1.69568,-0.618249,0.702306,0.591177,0.0703247,-0.343761,0.0609441,2.92151,1.82062,0.0471126,-0.0431994,0.110492,0.0816442,0.0726733,0.137873,True,False
1.94,0.0401549,-1.2882,-0.960227,-0.0824358,-0.0379475,18.2164,-0.573371,0.00500406,-0.828014,1.06231,-0.010738,-29.9129,-0.488944,0.00573395,3.49538,0.0824358,0.0379475,0.822942,-0.0401549,1.2882,1.17909,-0.0686279,0.332399,0.800512,-0.736903,-2.33408,-1.51661,1.35122,1.46363,-1.748,-0.614316,0.870445,0.600771,0.0686279,-0.332399,0.0838431,2.80495,1.70194,0.0362744,-0.0296587,0.111292,0.0824952,0.0726733,0.137873,True,False
1.945,0.0336526,-1.31078,-0.108673,-0.0825909,-0.0243793,18.2414,-0.573357,0.00128744,-1.7831,1.06227,-0.00698849,-30.155,-0.488914,0.00570105,3.3169,0.0825909,0.0243793,0.835074,-0.0336526,1.31078,0.901228,-0.0670007,0.316111,0.431426,-0.74834,-2.23339,-0.564669,1.35788,1.19659,-1.77041,-0.609544,1.0368,0.602728,0.0670007,-0.316111,0.105068,2.69257,1.58322,0.0248843,-0.0175178,0.112097,0.0833308,0.0726733,0.137873,True,False
1.95,0.0270472,-1.3294,0.734097,-0.0826795,-0.011337,18.3103,-0.573358,-0.00112581,-2.69462,1.06224,-0.00332175,-30.3857,-0.488887,0.00444756,3.14354,0.0826795,0.011337,0.850742,-0.0270472,1.3294,0.614438,-0.0654668,0.295304,0.0637431,-0.759237,-2.1184,0.358062,1.36318,0.918769,-1.76194,-0.603948,1.19963,0.597311,0.0654668,-0.295304,0.124131,2.58558,1.46572,0.0129795,-0.00677726,0.112906,0.0841499,0.0726733,0.137873,True,False
1.955,0.0203586,-1.34398,1.56258,-0.0827043,0.0011635,18.4227,-0.573368,-0.00224978,-3.55462,1.06224,0.000247424,-30.6041,-0.488869,0.00200236,2.97719,0.0827043,-0.0011635,0.869858,-0.0203586,1.34398,0.321178,-0.0640477,0.270479,-0.298748,-0.769524,-1.98978,1.24393,1.36707,0.632486,-1.7219,-0.597548,1.3573,0.584889,0.0640477,-0.270479,0.140583,2.48521,1.35066,0.000594839,0.00256987,0.113717,0.0849517,0.0726733,0.137873,True,False
1.96,0.0136074,-1.35444,2.37143,-0.0826679,0.0131132,18.5783,-0.573381,-0.00210348,-4.35527,1.06225,0.00370711,-30.8098,-0.488867,-0.00160364,2.81968,0.0826679,-0.0131132,0.892344,-0.0136074,1.35444,0.0239461,-0.062762,0.242228,-0.652715,-0.779135,-1.84836,2.085,1.36951,0.340083,-1.64985,-0.590375,1.50828,0.565924,0.062762,-0.242228,0.154028,2.39265,1.23921,-0.0122384,0.0105381,0.114531,0.0857353,0.0726733,0.137873,True,False
1.965,0.00681419,-1.36074,3.15549,-0.0825732,0.0245099,18.7769,-0.573389,-0.000709679,-5.08899,1.06227,0.00704815,-31.0024,-0.488885,-0.00633847,2.67277,0.0825732,-0.0245099,0.918119,-0.00681419,1.36074,-0.274746,-0.0616254,0.211219,-0.995302,-0.788008,-1.69512,2.87316,1.37047,0.0439157,-1.54567,-0.582465,1.6512,0.540952,0.0616254,-0.211219,0.164139,2.30904,1.1325,-0.0254935,0.017149,0.115346,0.0864998,0.0726733,0.137873,True,False
1.97,-1.11022e-16,-1.36284,3.90985,-0.0824228,0.0353584,19.0179,-0.573388,0.00190607,-5.74859,1.06232,0.0102639,-31.1818,-0.48893,-0.01217,2.53809,0.0824228,-0.0353584,0.947077,-0,1.36284,-0.572383,-0.0606499,0.178178,-1.32413,-0.796086,-1.53119,3.6004,1.36995,-0.253654,-1.40958,-0.573863,1.78485,0.510563,0.0606499,-0.178178,0.170673,2.23541,1.03162,-0.0391496,0.0224305,0.116161,0.0872442,0.0726733,0.137873,True,False
1.975,-0.00681419,-1.36074,4.6298,-0.0822196,0.0456704,19.3006,-0.57337,0.00571641,-6.32738,1.06238,0.0133501,-31.3479,-0.489007,-0.0190665,2.41714,0.0822196,-0.0456704,0.979079,0.00681419,1.36074,-0.866451,-0.0598436,0.143876,-1.63726,-0.80332,-1.35788,4.25891,1.36794,-0.550267,-1.24215,-0.564617,1.90815,0.475376,0.0598436,-0.143876,0.173474,2.17269,0.937559,-0.0531915,0.026417,0.116976,0.0879675,0.0726733,0.137873,True,False
1.98,-0.0136074,-1.35444,5.31087,-0.0819661,0.055465,19.6238,-0.573331,0.0106929,-6.81929,1.06245,0.0163043,-31.5008,-0.489121,-0.0269972,2.31123,0.0819661,-0.055465,1.01395,0.0136074,1.35444,-1.15444,-0.0592111,0.109102,-1.93318,-0.809665,-1.17664,4.84137,1.36445,-0.843581,-1.04433,-0.554781,2.02022,0.436019,0.0592111,-0.109102,0.172488,2.12167,0.851245,-0.0676107,0.0291483,0.11779,0.0886689,0.0726733,0.137873,True,False
1.985,-0.0203586,-1.34398,5.94877,-0.0816649,0.0647675,19.9855,-0.573263,0.0168068,-7.21904,1.06254,0.0191259,-31.6405,-0.489277,-0.0359327,2.22148,0.0816649,-0.0647675,1.05146,0.0203586,1.34398,-1.43382,-0.0587526,0.0746525,-2.21072,-0.815086,-0.989061,5.34102,1.3595,-1.13127,-0.817431,-0.544415,2.12033,0.393104,0.0587526,-0.0746525,0.167756,2.08298,0.773506,-0.0824048,0.0306693,0.118603,0.0893474,0.0726733,0.137873,True,False
1.99,-0.0270472,-1.3294,6.53938,-0.0813184,0.07361,20.383,-0.573163,0.024029,-7.52215,1.06264,0.0218156,-31.7671,-0.48948,-0.0458446,2.14883,0.0813184,-0.07361,1.09135,0.0270472,1.3294,-1.70208,-0.0584646,0.0413022,-2.46899,-0.819556,-0.796878,5.75191,1.35313,-1.41104,-0.563129,-0.533578,2.20792,0.347203,0.0584646,-0.0413022,0.159416,2.05708,0.705078,-0.0975778,0.03103,0.119416,0.0900021,0.0726733,0.137873,True,False
1.995,-0.0336526,-1.31078,7.07873,-0.0809288,0.0820305,20.8129,-0.573023,0.0323308,-7.72507,1.06276,0.0243747,-31.8804,-0.489735,-0.0567055,2.09397,0.0809288,-0.0820305,1.13326,0.0336526,1.31078,-1.95668,-0.0583396,0.00979077,-2.70735,-0.823055,-0.601919,6.06895,1.34539,-1.68064,-0.283451,-0.522335,2.28256,0.298838,0.0583396,-0.00979077,0.147698,2.04425,0.6466,-0.113139,0.0302851,0.120227,0.0906322,0.0726733,0.137873,True,False
2,-0.0401549,-1.2882,7.56294,-0.0804981,0.0900724,21.2709,-0.572839,0.0416833,-7.82519,1.06289,0.0268051,-31.9804,-0.490047,-0.0684884,2.05736,0.0804981,-0.0900724,1.17677,0.0401549,1.2882,-2.19511,-0.0583667,-0.0191971,-2.92535,-0.825575,-0.406102,6.28805,1.33633,-1.93783,0.0192553,-0.510752,2.34394,0.24846,0.0583667,0.0191971,0.13291,2.04454,0.598614,-0.129103,0.0284942,0.121037,0.0912369,0.0726733,0.137873,True,False
2.005,-0.0465346,-1.26176,7.98827,-0.0800281,0.0977844,21.7518,-0.572606,0.0520574,-7.8209,1.06303,0.0291089,-32.0665,-0.49042,-0.0811662,2.03921,0.0800281,-0.0977844,1.2214,0.0465346,1.26176,-2.41491,-0.0585316,-0.0450466,-3.12263,-0.827116,-0.211404,6.40612,1.32601,-2.18046,0.342357,-0.498896,2.39187,0.19644,0.0585316,0.0450466,0.115427,2.05784,0.561537,-0.145488,0.0257214,0.121848,0.0918154,0.0726733,0.137873,True,False
2.01,-0.0527725,-1.2316,8.35112,-0.0795203,0.10522,22.2497,-0.572319,0.0634232,-7.71158,1.06318,0.0312875,-32.1382,-0.490859,-0.0947107,2.03952,0.0795203,-0.10522,1.2667,0.0527725,1.2316,-2.61372,-0.0588171,-0.0672255,-3.29895,-0.827689,-0.0198355,6.42117,1.31452,-2.40639,0.68297,-0.486834,2.42623,0.143073,0.0588171,0.0672255,0.0956817,2.08389,0.53564,-0.162316,0.022036,0.122658,0.092367,0.0726733,0.137873,True,False
2.015,-0.0588505,-1.19785,8.64809,-0.0789759,0.112435,22.758,-0.571972,0.0757497,-7.49756,1.06334,0.0333416,-32.1948,-0.491367,-0.109091,2.05809,0.0789759,-0.112435,1.31221,0.0588505,1.19785,-2.7893,-0.0592038,-0.0852935,-3.45412,-0.827314,0.166583,6.33224,1.30195,-2.61355,1.03801,-0.474634,2.44697,0.0885716,0.0592038,0.0852935,0.0741405,2.1223,0.521061,-0.179608,0.0175123,0.123469,0.0928911,0.0726733,0.137873,True,False
2.02,-0.0647511,-1.1607,8.87601,-0.0783959,0.11949,23.2697,-0.571561,0.0890037,-7.18014,1.06351,0.035271,-32.2354,-0.49195,-0.124275,2.09452,0.0783959,-0.11949,1.35752,0.0647511,1.1607,-2.93966,-0.0596701,-0.0989091,-3.58803,-0.826023,0.345851,6.13941,1.28839,-2.79993,1.4042,-0.462364,2.45408,0.0330758,0.0596701,0.0989091,0.0512934,2.17256,0.51782,-0.197389,0.0122298,0.124282,0.0933872,0.0726733,0.137873,True,False
2.025,-0.0704575,-1.12031,9.03209,-0.077781,0.126449,23.7773,-0.571082,0.10315,-6.76156,1.06369,0.0370733,-32.2588,-0.49261,-0.140223,2.14829,0.077781,-0.126449,1.40216,0.0704575,1.12031,-3.06311,-0.0601929,-0.107832,-3.70059,-0.823856,0.51601,5.84384,1.27395,-2.96358,1.77818,-0.450093,2.44757,-0.0233322,0.0601929,0.107832,0.027636,2.23407,0.525859,-0.215678,0.00627356,0.125098,0.0938547,0.0726733,0.137873,True,False
2.03,-0.0759541,-1.0769,9.11399,-0.0771314,0.133375,24.2732,-0.57053,0.118149,-6.24498,1.06388,0.0387449,-32.2636,-0.493352,-0.156894,2.21877,0.0771314,-0.133375,1.4457,0.0759541,1.0769,-3.15831,-0.0607484,-0.111924,-3.79182,-0.820863,0.675171,5.44766,1.25875,-3.10261,2.15646,-0.437888,2.42744,-0.0806124,0.0607484,0.111924,0.00365497,2.30617,0.545067,-0.234496,-0.000265693,0.125918,0.0942935,0.0726733,0.137873,True,False
2.035,-0.0812264,-1.03068,9.12,-0.0764473,0.140334,24.7497,-0.5699,0.133957,-5.63447,1.06408,0.0402796,-32.2485,-0.494179,-0.174237,2.30531,0.0764473,-0.140334,1.48766,0.0812264,1.03068,-3.22437,-0.0613121,-0.111146,-3.86183,-0.817104,0.821538,4.95409,1.24292,-3.21525,2.53549,-0.425819,2.39371,-0.138744,0.0613121,0.111146,-0.0201845,2.38814,0.575315,-0.253856,-0.00729175,0.126742,0.0947033,0.0726733,0.137873,True,False
2.04,-0.086261,-0.981914,9.04916,-0.0757281,0.147392,25.1995,-0.56919,0.150527,-4.93508,1.06428,0.0416691,-32.2118,-0.495094,-0.192196,2.40725,0.0757281,-0.147392,1.52757,0.086261,0.981914,-3.26094,-0.0618599,-0.105551,-3.91084,-0.812647,0.953431,4.3674,1.2266,-3.29982,2.91165,-0.413951,2.34639,-0.1977,0.0618599,0.105551,-0.0434498,2.47929,0.616487,-0.273769,-0.0147029,0.127574,0.0950839,0.0726733,0.137873,True,False
2.045,-0.0910456,-0.93085,8.90142,-0.0749733,0.154612,25.6157,-0.568395,0.167806,-4.15291,1.0645,0.0429025,-32.152,-0.496101,-0.210709,2.52394,0.0749733,-0.154612,1.56493,0.0910456,0.93085,-3.26818,-0.0623677,-0.0952793,-3.93926,-0.80757,1.06931,3.69304,1.20992,-3.35478,3.28127,-0.402355,2.28547,-0.257417,0.0623677,0.0952793,-0.0657496,2.5789,0.668496,-0.294236,-0.0223924,0.128413,0.0954354,0.0726733,0.137873,True,False
2.05,-0.0955695,-0.877774,8.67778,-0.074182,0.162059,25.9919,-0.567512,0.185734,-3.2952,1.06471,0.0439665,-32.0676,-0.497201,-0.229701,2.6548,0.074182,-0.162059,1.59923,0.0955695,0.877774,-3.24687,-0.0628126,-0.0805489,-3.94768,-0.801954,1.16781,2.93775,1.19305,-3.37876,3.64059,-0.391097,2.21096,-0.317764,0.0628126,0.0805489,-0.0867397,2.68629,0.731283,-0.315252,-0.030249,0.129263,0.0957578,0.0726733,0.137873,True,False
2.055,-0.0998233,-0.822989,8.38047,-0.0733527,0.169792,26.3223,-0.566538,0.204247,-2.37052,1.06494,0.0448451,-31.9574,-0.498398,-0.249092,2.79924,0.0733527,-0.169792,1.62998,0.0998233,0.822989,-3.19834,-0.0631731,-0.0616451,-3.93691,-0.795892,1.24775,2.10967,1.17614,-3.37064,3.98575,-0.380245,2.12289,-0.378507,0.0631731,0.0616451,-0.106127,2.8008,0.804793,-0.336802,-0.0381575,0.130123,0.0960516,0.0726733,0.137873,True,False
2.06,-0.103799,-0.766815,8.01306,-0.0724841,0.177868,26.6024,-0.56547,0.223274,-1.38896,1.06516,0.0455201,-31.8204,-0.499692,-0.268794,2.9566,0.0724841,-0.177868,1.6567,0.103799,0.766815,-3.12454,-0.0634291,-0.0389106,-3.908,-0.789477,1.30819,1.21862,1.15934,-3.32954,4.31274,-0.369868,2.02135,-0.439281,0.0634291,0.0389106,-0.12367,2.92173,0.888923,-0.358863,-0.0460005,0.130997,0.0963169,0.0726733,0.137873,True,False
2.065,-0.107491,-0.709594,7.58055,-0.0715741,0.186337,26.8282,-0.564305,0.242738,-0.362375,1.06539,0.0459708,-31.6565,-0.501086,-0.288708,3.1261,0.0715741,-0.186337,1.67897,0.107491,0.709594,-3.0279,-0.0635623,-0.0127349,-3.86223,-0.78281,1.34845,0.276178,1.14284,-3.25497,4.61733,-0.360032,1.90651,-0.499549,0.0635623,0.0127349,-0.13918,3.0483,0.983435,-0.381398,-0.0536592,0.131886,0.0965545,0.0726733,0.137873,True,False
2.07,-0.110895,-0.651687,7.0894,-0.0706207,0.195242,26.9971,-0.563042,0.262557,0.695425,1.06562,0.0461746,-31.4662,-0.502579,-0.308731,3.3066,0.0706207,-0.195242,1.69647,0.110895,0.651687,-2.91132,-0.0635564,0.0164565,-3.80108,-0.775992,1.36816,-0.704038,1.12679,-3.14686,4.89504,-0.350803,1.7787,-0.558584,0.0635564,-0.0164565,-0.15252,3.17958,1.08785,-0.404361,-0.0610157,0.132792,0.0967648,0.0726733,0.137873,True,False
2.075,-0.114008,-0.593472,6.54756,-0.0696216,0.204622,27.1073,-0.561679,0.282645,1.76847,1.06585,0.0461071,-31.2511,-0.504173,-0.328752,3.49649,0.0696216,-0.204622,1.70896,0.114008,0.593472,-2.77806,-0.0633977,0.0482114,-3.72619,-0.769128,1.36728,-1.7063,1.11137,-3.00568,5.14107,-0.342245,1.6384,-0.615439,0.0633977,-0.0482114,-0.163596,3.31436,1.20132,-0.427695,-0.0679543,0.133717,0.0969486,0.0726733,0.137873,True,False
2.08,-0.11683,-0.53535,5.96431,-0.0685745,0.214502,27.158,-0.560216,0.302913,2.83853,1.06608,0.0457427,-31.014,-0.505867,-0.348656,3.69352,0.0685745,-0.214502,1.71632,0.11683,0.53535,-2.63155,-0.0630743,0.0820605,-3.63932,-0.76232,1.34618,-2.7127,1.09674,-2.83253,5.35025,-0.334419,1.48635,-0.668943,0.0630743,-0.0820605,-0.172359,3.45106,1.32251,-0.451332,-0.0743646,0.134663,0.0971067,0.0726733,0.137873,True,False
2.085,-0.119362,-0.47774,5.35012,-0.0674766,0.224901,27.1493,-0.55865,0.32327,3.8852,1.06631,0.0450548,-30.7589,-0.50766,-0.368324,3.89458,0.0674766,-0.224901,1.71852,0.119362,0.47774,-2.47533,-0.0625771,0.117526,-3.54217,-0.755666,1.30564,-3.70329,1.08305,-2.62923,5.51702,-0.327381,1.32358,-0.717695,0.0625771,-0.117526,-0.178798,3.58759,1.44954,-0.475193,-0.0801427,0.135631,0.0972401,0.0726733,0.137873,True,False
2.09,-0.121607,-0.421079,4.7163,-0.0663255,0.235824,27.0818,-0.556983,0.343621,4.88609,1.06653,0.0440165,-30.4913,-0.50955,-0.387638,4.09568,0.0663255,-0.235824,1.71555,0.121607,0.421079,-2.3128,-0.0618991,0.154129,-3.43635,-0.749263,1.24696,-4.65628,1.07045,-2.39842,5.63543,-0.321183,1.15147,-0.760083,0.0618991,-0.154129,-0.182936,3.72126,1.5799,-0.499188,-0.0851942,0.136624,0.0973495,0.0726733,0.137873,True,False
2.095,-0.123573,-0.365826,4.07458,-0.0651184,0.247267,26.9562,-0.555214,0.363876,5.8173,1.06675,0.0426012,-30.2176,-0.511536,-0.406477,4.29189,0.0651184,-0.247267,1.70732,0.123573,0.365826,-2.14703,-0.0610358,0.191396,-3.3232,-0.743197,1.17189,-5.5486,1.05906,-2.14367,5.69915,-0.315866,0.971782,-0.79432,0.0610358,-0.191396,-0.18482,3.84874,1.71056,-0.52322,-0.0894356,0.137643,0.0974359,0.0726733,0.137873,True,False
2.1,-0.125266,-0.312458,3.43664,-0.0638528,0.259214,26.7734,-0.553344,0.383943,6.65412,1.06696,0.0407829,-29.9452,-0.513615,-0.424726,4.47748,0.0638528,-0.259214,1.69353,0.125266,0.312458,-1.98062,-0.0599851,0.228863,-3.20368,-0.737544,1.08273,-6.35649,1.04901,-1.86947,5.7016,-0.311465,0.786737,-0.818487,0.0599851,-0.228863,-0.184522,3.96598,1.8381,-0.547184,-0.0927957,0.138689,0.0975004,0.0726733,0.137873,True,False
2.105,-0.126697,-0.261472,2.8135,-0.0625262,0.271635,26.5332,-0.551375,0.403734,7.37186,1.06716,0.0385374,-29.6816,-0.515783,-0.442272,4.64613,0.0625262,-0.271635,1.67354,0.126697,0.261472,-1.81547,-0.0587472,0.266084,-3.07823,-0.732369,0.982321,-7.05635,1.04037,-1.58132,5.63597,-0.307999,0.599001,-0.830599,0.0587472,-0.266084,-0.182132,4.06839,1.95889,-0.570968,-0.0952162,0.139765,0.0975439,0.0726733,0.137873,True,False
2.11,-0.12788,-0.213384,2.21493,-0.0611364,0.284495,26.2348,-0.549307,0.423162,7.94689,1.06734,0.035843,-29.4343,-0.518038,-0.459005,4.79121,0.0611364,-0.284495,1.6463,0.12788,0.213384,-1.65263,-0.0573243,0.302628,-2.94666,-0.727721,0.873978,-7.62564,1.0332,-1.28569,5.49537,-0.305475,0.411707,-0.828677,0.0573243,-0.302628,-0.177749,4.15092,2.06935,-0.594457,-0.0966515,0.140871,0.0975672,0.0726733,0.137873,True,False
2.115,-0.128831,-0.16873,1.64892,-0.0596813,0.297744,25.8759,-0.547143,0.44214,8.35762,1.06752,0.0326811,-29.2101,-0.520373,-0.474821,4.90619,0.0596813,-0.297744,1.61054,0.128831,0.16873,-1.49222,-0.0557209,0.338089,-2.80811,-0.72363,0.761504,-8.04379,1.02751,-0.989945,5.27297,-0.303882,0.228441,-0.810811,0.0557209,-0.338089,-0.171476,4.20844,2.16606,-0.617529,-0.0970675,0.142008,0.0975712,0.0726733,0.137873,True,False
2.12,-0.129568,-0.128066,1.12127,-0.058159,0.311329,25.4527,-0.544886,0.460582,8.58529,1.06767,0.0290375,-29.0141,-0.522786,-0.48962,4.98493,0.058159,-0.311329,1.56533,0.129568,0.128066,-1.33337,-0.0539434,0.372077,-2.66105,-0.720106,0.649109,-8.29287,1.0233,-0.702323,4.96203,-0.303191,0.0532141,-0.775226,0.0539434,-0.372077,-0.16341,4.23628,2.24563,-0.640063,-0.0964404,0.143178,0.0975566,0.0726733,0.137873,True,False
2.125,-0.130112,-0.0919651,0.635346,-0.056568,0.325187,24.9603,-0.542537,0.4784,8.61457,1.06781,0.0249031,-28.85,-0.52527,-0.503303,5.02192,0.056568,-0.325187,1.51145,0.130112,0.0919651,-1.17419,-0.0520001,0.404227,-2.50328,-0.717139,0.541343,-8.35806,1.02049,-0.431765,4.556,-0.30335,-0.109578,-0.720317,0.0520001,-0.404227,-0.153632,4.23116,2.30404,-0.661932,-0.0947547,0.144381,0.0975242,0.0726733,0.137873,True,False
2.13,-0.130487,-0.0610227,0.192078,-0.0549071,0.339249,24.3929,-0.540102,0.4955,8.43357,1.06792,0.0202745,-28.7196,-0.527819,-0.515775,5.01246,0.0549071,-0.339249,1.45413,0.130487,0.0610227,-1.01192,-0.0499011,0.434183,-2.33209,-0.714693,0.443026,-8.22766,1.01898,-0.187821,4.04847,-0.304286,-0.255206,-0.644659,0.0499011,-0.434183,-0.142184,4.1929,2.33517,-0.683004,-0.0920029,0.145616,0.0974744,0.0726733,0.137873,True,False
2.135,-0.130722,-0.0358524,-0.209758,-0.0531755,0.353432,23.7459,-0.537582,0.511783,8.03343,1.06801,0.0151545,-28.6229,-0.530427,-0.526937,4.95272,0.0531755,-0.353432,1.40803,0.130722,0.0358524,-0.843044,-0.0476583,0.461597,-2.14433,-0.712708,0.359177,-7.89257,1.01861,0.0194733,3.43307,-0.305902,-0.37865,-0.546988,0.0476583,-0.461597,-0.12904,4.12738,2.32787,-0.70314,-0.0881868,0.146885,0.0974079,0.0726733,0.137873,True,False
2.14,-0.130846,-0.0170873,-0.572913,-0.0513728,0.367637,23.0179,-0.534984,0.52714,7.40746,1.06807,0.00955163,-28.5582,-0.533088,-0.536692,4.84082,0.0513728,-0.367637,1.40667,0.130846,0.0170873,-0.663396,-0.0452852,0.486108,-1.93653,-0.711101,0.294962,-7.34529,1.01917,0.179678,2.70331,-0.308073,-0.47464,-0.426134,0.0452852,-0.486108,-0.114062,4.05266,2.26116,-0.722182,-0.0833245,0.148186,0.097325,0.0726733,0.137873,True,False
2.145,-0.130893,-0.00538006,-0.882975,-0.0494992,0.381721,22.2655,-0.532311,0.541454,6.61136,1.06811,0.003479,-28.4903,-0.535794,-0.544933,4.75107,0.0494992,-0.381721,1.56616,0.130893,0.00538006,-0.476891,-0.0427972,0.507317,-1.71372,-0.709759,0.255681,-6.62458,1.02041,0.281987,1.89762,-0.310648,-0.537668,-0.288684,0.0427972,-0.507317,-0.0975599,4.08561,2.1142,-0.739933,-0.0774636,0.149518,0.0972261,0.0726733,0.137873,True,False
2.15,-0.1309,-0.000686877,-1.03385,-0.0475556,0.395436,17.9734,-0.529569,0.554655,3.55532,1.06811,-0.0030609,-28.3422,-0.538538,-0.551594,2.90689,0.0475556,-0.395436,-0.384995,0.1309,0.000686877,-0.179079,-0.040212,0.525003,-0.264879,-0.708544,0.243673,-4.22834,1.02199,0.322078,0.196307,-0.313449,-0.565751,0.0146392,0.040212,-0.525003,-0.0522748,1.72413,2.0841,-0.756139,-0.0707758,0.150881,0.0971118,0.0726733,0.137873,True,True
2.155,-0.1309,0,-0.994574,-0.0455448,0.408309,15.8597,-0.526764,0.566912,2.09009,1.06807,-0.0101137,-27.7434,-0.54131,-0.556798,2.71075,0.0455448,-0.408309,-0.479867,0.1309,-2.77556e-15,-0.0388839,-0.0375472,0.53996,0.439744,-0.707322,0.248011,-2.94739,1.02363,0.324736,-0.76685,-0.316306,-0.572748,0.175736,0.0375472,-0.53996,-0.0366717,1.53769,2.01689,-0.770503,-0.0637693,0.152272,0.0969828,0.0835403,0.133331,True,True
2.16,-0.1309,0,-0.844444,-0.0434725,0.419886,13.3728,-0.5239,0.578386,0.543029,1.06801,-0.0177098,-26.8308,-0.544105,-0.560676,2.52689,0.0434725,-0.419886,-0.627781,0.1309,-2.77556e-15,0.0664354,-0.0348124,0.553113,1.16264,-0.706064,0.25521,-1.57143,1.02524,0.319963,-1.80493,-0.319177,-0.575173,0.346343,0.0348124,-0.553113,-0.0401466,1.32858,1.98842,-0.782749,-0.0569413,0.153689,0.0968402,0.0944073,0.12879,True,True
2.165,-0.1309,0,-0.681721,-0.0413459,0.429964,10.9047,-0.52098,0.589017,-0.936475,1.0679,-0.0258048,-25.7369,-0.546917,-0.563212,2.32416,0.0413459,-0.429964,-0.758832,0.1309,0,0.144082,-0.032016,0.564531,1.69346,-0.70477,0.262329,-0.211738,1.02683,0.314176,-2.96508,-0.322058,-0.576505,0.525191,0.032016,-0.564531,-0.067508,1.11639,1.93768,-0.7927,-0.0504541,0.155127,0.0966854,0.105274,0.124248,True,True
2.17,-0.1309,0,-0.529107,-0.0391729,0.438466,8.61297,-0.51801,0.598727,-2.27027,1.06775,-0.0343247,-24.5121,-0.549738,-0.564403,2.11017,0.0391729,-0.438466,-0.859582,0.1309,2.77556e-15,0.190991,-0.0291671,0.574131,1.96148,-0.703441,0.269312,1.06711,1.02838,0.307442,-4.23018,-0.324942,-0.576753,0.70476,0.0291671,-0.574131,-0.119109,0.914036,1.86159,-0.800293,-0.0443665,0.156584,0.0965201,0.116141,0.119707,True,True
2.175,-0.1309,0,-0.38916,-0.0369613,0.445366,6.54986,-0.514993,0.607464,-3.42504,1.06755,-0.0431864,-23.1724,-0.552561,-0.564278,1.89682,0.0369613,-0.445366,-0.932405,0.1309,0,0.205051,-0.0262747,0.581882,1.94894,-0.702077,0.276104,2.23616,1.0299,0.299846,-5.57908,-0.327825,-0.57595,0.881264,0.0262747,-0.581882,-0.194848,0.72818,1.76913,-0.805531,-0.0387183,0.158055,0.0963457,0.127008,0.115165,True,True
2.18,-0.1309,0,-0.262613,-0.0347192,0.45066,4.73231,-0.511935,0.615182,-4.39048,1.06732,-0.0523017,-21.7266,-0.55538,-0.56288,1.69033,0.0347192,-0.45066,-0.979991,0.1309,0,0.186471,-0.0233482,0.587783,1.65422,-0.700679,0.28265,3.28588,1.03138,0.291485,-7.00024,-0.330702,-0.574136,1.05385,0.0233482,-0.587783,-0.294357,0.561493,1.66589,-0.808451,-0.0335385,0.159537,0.0961639,0.137875,0.110624,True,True
2.185,-0.1309,2.77556e-15,-0.149525,-0.0324547,0.454354,3.16178,-0.508841,0.621837,-5.16625,1.06703,-0.0615798,-20.1787,-0.55819,-0.560257,1.49351,0.0324547,-0.454354,-1.00444,0.1309,2.77556e-15,0.136172,-0.0203969,0.59184,1.08056,-0.69925,0.288895,4.21552,1.03282,0.282457,-8.4882,-0.333566,-0.571352,1.22324,0.0203969,-0.59184,-0.417509,0.414683,1.5549,-0.809096,-0.0288504,0.161027,0.0959764,0.148742,0.106082,True,True
2.19,-0.1309,2.77556e-15,-0.0497852,-0.0301757,0.456456,1.83425,-0.505717,0.627382,-5.7553,1.0667,-0.0709279,-18.5293,-0.560983,-0.556454,1.30711,0.0301757,-0.456456,-1.007,0.1309,0,0.0550232,-0.0174299,0.594059,0.23083,-0.697791,0.294782,5.02774,1.03421,0.272858,-10.0414,-0.336415,-0.567639,1.39085,0.0174299,-0.594059,-0.56456,0.287586,1.43741,-0.807511,-0.0246751,0.162521,0.0957847,0.159609,0.101541,True,True
2.195,-0.1309,-2.77556e-15,0.036659,-0.0278901,0.45697,0.74526,-0.502568,0.631767,-6.16069,1.06632,-0.0802519,-16.7769,-0.563754,-0.551515,1.13067,0.0278901,-0.45697,-0.988033,0.1309,-2.77556e-15,-0.056467,-0.0144563,0.594447,-0.894489,-0.696302,0.300249,5.72573,1.03555,0.262782,-11.6609,-0.339243,-0.563031,1.55812,0.0144563,-0.594447,-0.736056,0.179731,1.31333,-0.803738,-0.0210331,0.164014,0.0955905,0.170476,0.0969996,True,True
2.2,-0.1309,0,0.10974,-0.025606,0.455897,-0.107838,-0.499399,0.634937,-6.38428,1.0659,-0.089457,-14.919,-0.566498,-0.54548,0.962901,0.025606,-0.455897,-0.947031,0.1309,-2.77556e-15,-0.198183,-0.0114854,0.593,-2.29751,-0.694788,0.305236,6.31176,1.03683,0.252325,-13.3489,-0.342045,-0.557561,1.72573,0.0114854,-0.593,-0.932527,0.09061,1.18156,-0.797809,-0.0179463,0.165505,0.0953953,0.181343,0.0924581,True,True
2.205,-0.1309,2.77556e-15,0.169283,-0.0233311,0.453232,-0.72512,-0.496218,0.636833,-6.4265,1.06543,-0.098448,-12.9537,-0.569209,-0.538385,0.802005,0.0233311,-0.453232,-0.882747,0.1309,2.77556e-15,-0.370187,-0.0085263,0.589713,-3.98181,-0.69325,0.309683,6.78644,1.03807,0.241576,-15.1086,-0.344818,-0.551259,1.89238,0.0085263,-0.589713,-1.1539,0.0198013,1.04022,-0.789752,-0.0154395,0.166988,0.0952008,0.19221,0.0879167,True,True
2.21,-0.1309,-2.77556e-15,0.215066,-0.0210736,0.448963,-1.10445,-0.493031,0.637402,-6.28696,1.06491,-0.107131,-10.8818,-0.571882,-0.530271,0.646017,0.0210736,-0.448963,-0.79352,0.1309,2.77556e-15,-0.572156,-0.00558826,0.584573,-5.94969,-0.691691,0.31353,7.1482,1.03925,0.230629,-16.9431,-0.347558,-0.544159,2.05284,0.00558826,-0.584573,-1.39845,-0.0329797,0.887067,-0.779589,-0.0135428,0.168461,0.0950085,0.203077,0.0833752,True,True
2.215,-0.1309,0,0.246878,-0.0188415,0.443076,-1.24317,-0.489844,0.636594,-5.96622,1.06436,-0.115413,-8.71018,-0.574512,-0.521181,0.493427,0.0188415,-0.443076,-0.677965,0.1309,0,-0.802208,-0.00268057,0.577566,-8.19669,-0.690115,0.316725,7.3931,1.04037,0.219578,-18.8535,-0.35026,-0.536302,2.19465,0.00268057,-0.577566,-1.66094,-0.0678715,0.720316,-0.767346,-0.0122946,0.16992,0.0948202,0.213944,0.0788337,True,True
2.22,-0.1309,2.77556e-15,0.264568,-0.0166429,0.435553,-1.14197,-0.486665,0.634385,-5.46949,1.06376,-0.123209,-6.45795,-0.577094,-0.511176,0.344314,0.0166429,-0.435553,-0.536344,0.1309,0,-1.05465,0.000187401,0.56868,-10.7012,-0.688524,0.31923,7.51484,1.04144,0.208524,-20.8369,-0.352921,-0.527754,2.29263,-0.000187401,-0.56868,-1.92944,-0.0849156,0.540186,-0.753053,-0.0117463,0.171361,0.0946375,0.224811,0.0742923,True,True
2.225,-0.1309,0,0.268048,-0.014486,0.42638,-0.81269,-0.4835,0.630792,-4.81371,1.06312,-0.130447,-4.16737,-0.579624,-0.500345,0.202207,0.014486,-0.42638,-0.373001,0.1309,0,-1.31597,0.00300623,0.557916,-13.406,-0.686922,0.321035,7.50567,1.04246,0.19758,-22.8809,-0.355538,-0.518615,2.30045,-0.00300623,-0.557916,-2.18012,-0.0842527,0.351552,-0.736769,-0.0119693,0.172781,0.094462,0.235678,0.0697508,True,True
2.23,-0.1309,0,0.257344,-0.0123791,0.415556,-0.292452,-0.480357,0.625907,-4.04023,1.06245,-0.137076,-1.92218,-0.582097,-0.488831,0.0766291,0.0123791,-0.415556,-0.200159,0.1309,-2.77556e-15,-1.55852,0.00576657,0.545305,-16.1857,-0.685314,0.322178,7.35901,1.04342,0.186879,-24.9535,-0.358107,-0.509057,2.13925,-0.00576657,-0.545305,-2.36953,-0.0666736,0.16787,-0.718603,-0.0130646,0.174177,0.0942957,0.246545,0.0652094,True,True
2.235,-0.1309,-2.77556e-15,0.244166,-0.0103304,0.403113,0.355175,-0.477241,0.619958,-3.32223,1.06175,-0.143088,0.151356,-0.584512,-0.476869,-0.0168775,0.0103304,-0.403113,-0.0457111,0.1309,-2.77556e-15,-1.73385,0.00845928,0.530937,-18.8444,-0.683701,0.322777,7.2041,1.04433,0.176586,-26.894,-0.360628,-0.499363,1.80521,-0.00845928,-0.530937,-2.47272,-0.0382317,0.015792,-0.69876,-0.0151744,0.175544,0.0941405,0.257412,0.0606679,True,True
2.24,-0.1309,0.000686877,0.279276,-0.00834795,0.389583,1.14612,-0.474157,0.609434,-3.18779,1.06102,-0.142557,2.0464,-0.586866,-0.466877,-0.096046,0.00834795,-0.389583,0.0668433,0.1309,-0.000686877,-1.78481,0.0110759,0.51505,-21.4222,-0.682086,0.32299,7.67746,1.04519,0.166861,-28.2467,-0.363101,-0.489851,1.69764,-0.0110759,-0.51505,-2.76595,-0.0247042,-0.102422,-0.679505,-0.0196641,0.176881,0.0939986,0.268279,0.0561265,False,True
2.245,-0.130893,0.00538006,0.450016,-0.0064346,0.377286,1.57845,-0.471147,0.576428,-4.56368,1.06033,-0.107596,2.43207,-0.589181,-0.468832,-0.177846,0.0064346,-0.377286,0.0577351,0.130893,-0.00538006,-1.65854,0.0136098,0.498148,-21.8998,-0.680471,0.322799,9.45384,1.046,0.157709,-27.2975,-0.365527,-0.480508,2.68765,-0.0136098,-0.498148,-1.96109,-0.0846672,-0.151001,-0.670289,-0.0320898,0.178186,0.0938725,0.268279,0.0561265,False,True
2.25,-0.130846,0.0170873,0.654787,-0.00457509,0.368514,2.11072,-0.468393,0.506086,-6.25179,1.05995,-0.0154205,2.88476,-0.591554,-0.490666,-0.275846,0.00457509,-0.368514,0.0424527,0.130846,-0.0170873,-1.46812,0.0160574,0.480762,-22.6419,-0.678858,0.322249,11.5856,1.04676,0.149139,-26.2413,-0.367906,-0.471388,3.66148,-0.0160574,-0.480762,-1.74528,-0.1591,-0.206781,-0.678952,-0.0564992,0.17946,0.0937645,0.268279,0.0561265,False,True
2.255,-0.130722,0.0358524,0.841135,-0.00274946,0.363718,2.62474,-0.466086,0.401119,-7.75104,1.06017,0.129445,3.26515,-0.594087,-0.530564,-0.359581,0.00274946,-0.363718,0.026063,0.130722,-0.0358524,-1.269,0.0184174,0.463184,-23.3741,-0.677248,0.321625,13.4117,1.04749,0.141279,-25.4389,-0.37024,-0.462904,4.24541,-0.0184174,-0.463184,-1.72383,-0.224674,-0.252683,-0.704444,-0.0911465,0.180702,0.0936773,0.268279,0.0561265,False,True
2.26,-0.130487,0.0610227,1.00319,-0.000937916,0.362814,3.09947,-0.464382,0.267911,-8.97751,1.06124,0.316542,3.55355,-0.59686,-0.584453,-0.42358,0.000937916,-0.362814,0.00993459,0.130487,-0.0610227,-1.09919,0.0206893,0.445579,-24.0417,-0.675642,0.321161,14.8569,1.04818,0.134211,-24.8752,-0.372535,-0.455371,4.52929,-0.0206893,-0.445579,-1.76224,-0.276945,-0.285865,-0.743576,-0.13303,0.181915,0.0936132,0.268279,0.0561265,False,True
2.265,-0.130112,0.0919651,1.14522,0.000878686,0.365646,3.53702,-0.463407,0.112379,-9.94542,1.06334,0.53591,3.75729,-0.599932,-0.648289,-0.468352,-0.000878686,-0.365646,-0.00557827,0.130112,-0.0919651,-0.981059,0.0228732,0.428057,-24.6479,-0.674037,0.320999,15.9677,1.04883,0.127952,-24.4801,-0.374794,-0.448951,4.64725,-0.0228732,-0.428057,-1.8197,-0.316056,-0.306829,-0.793127,-0.179235,0.183099,0.0935744,0.268279,0.0561265,False,True
2.27,-0.129568,0.128066,1.27092,0.00271855,0.371994,3.93925,-0.463258,-0.0599786,-10.6705,1.0666,0.778105,3.88332,-0.603343,-0.718126,-0.494675,-0.00271855,-0.371994,-0.0201776,0.129568,-0.128066,-0.926127,0.0249698,0.410698,-25.1993,-0.672432,0.321225,16.7786,1.04946,0.122484,-24.2127,-0.377024,-0.443709,4.67612,-0.0249698,-0.410698,-1.87772,-0.342358,-0.316219,-0.849908,-0.22697,0.184256,0.0935629,0.268279,0.0561265,False,True
2.275,-0.128831,0.16873,1.38346,0.00459863,0.381583,4.30762,-0.464007,-0.24407,-11.1701,1.07112,1.03426,3.93846,-0.607113,-0.790189,-0.503591,-0.00459863,-0.381583,-0.0336005,0.128831,-0.16873,-0.938482,0.0269802,0.393561,-25.7024,-0.670824,0.321893,17.3176,1.05006,0.117769,-24.0493,-0.379231,-0.439662,4.6578,-0.0269802,-0.393561,-1.92919,-0.35639,-0.31483,-0.910823,-0.273623,0.185386,0.0935803,0.268279,0.0561265,False,True
2.28,-0.12788,0.213384,1.48547,0.00653438,0.394093,4.64308,-0.465699,-0.43523,-11.4637,1.07694,1.29617,3.92953,-0.611245,-0.860936,-0.496393,-0.00653438,-0.394093,-0.0456089,0.12788,-0.213384,-1.01717,0.0289054,0.376694,-26.1626,-0.669213,0.323039,17.6095,1.05063,0.113758,-23.9748,-0.381421,-0.436798,4.61436,-0.0289054,-0.376694,-1.97244,-0.358867,-0.303607,-0.97293,-0.316804,0.186492,0.0936279,0.268279,0.0561265,False,True
2.285,-0.126697,0.261472,1.57906,0.00853956,0.409157,4.94596,-0.468359,-0.629245,-11.5721,1.08408,1.55637,3.86341,-0.615722,-0.927127,-0.474591,-0.00853956,-0.409157,-0.0559853,0.126697,-0.261472,-1.15777,0.0307471,0.360135,-26.5832,-0.667594,0.324686,17.6785,1.05119,0.110399,-23.9784,-0.383599,-0.435085,4.55701,-0.0307471,-0.360135,-2.00802,-0.350657,-0.283623,-1.03349,-0.354391,0.187572,0.0937067,0.268279,0.0561265,False,True
2.29,-0.125266,0.312458,1.66579,0.010626,0.426372,5.21599,-0.471991,-0.822379,-11.517,1.09251,1.80825,3.74698,-0.620516,-0.985868,-0.439873,-0.010626,-0.426372,-0.0645302,0.125266,-0.312458,-1.3535,0.0325068,0.343912,-26.965,-0.665966,0.326847,17.5483,1.05174,0.107635,-24.0507,-0.385772,-0.434482,4.49128,-0.0325068,-0.343912,-2.03703,-0.332749,-0.256059,-1.09001,-0.384567,0.188629,0.0938174,0.268279,0.0561265,False,True
2.295,-0.123573,0.365826,1.74673,0.0128033,0.445295,5.45234,-0.476583,-1.01139,-11.3208,1.10216,2.04604,3.58706,-0.625581,-1.03465,-0.394045,-0.0128033,-0.445295,-0.0710617,0.123573,-0.365826,-1.596,0.0341862,0.328046,-27.3066,-0.664326,0.329529,17.2426,1.05227,0.105408,-24.1831,-0.387944,-0.434937,4.41991,-0.0341862,-0.328046,-2.06038,-0.30622,-0.222166,-1.14029,-0.405846,0.189661,0.0939605,0.268279,0.0561265,False,True
2.3,-0.121607,0.421079,1.82245,0.0150789,0.465455,5.65372,-0.482105,-1.19352,-11.0055,1.11297,2.26492,3.3903,-0.630862,-1.0714,-0.338977,-0.0150789,-0.465455,-0.0754166,0.121607,-0.421079,-1.87606,0.0357873,0.312547,-27.6052,-0.662671,0.332731,16.7845,1.05279,0.103663,-24.3668,-0.390121,-0.436393,4.3443,-0.0357873,-0.312547,-2.07858,-0.2722,-0.183233,-1.18243,-0.417088,0.190668,0.0941363,0.268279,0.0561265,False,True
2.305,-0.119362,0.47774,1.89306,0.0174578,0.486349,5.81855,-0.488518,-1.3665,-10.5919,1.12481,2.46093,3.16311,-0.636295,-1.09443,-0.276541,-0.0174578,-0.486349,-0.077453,0.119362,-0.47774,-2.18411,0.0373117,0.297418,-27.8564,-0.660998,0.336444,16.1963,1.05331,0.10234,-24.5935,-0.392308,-0.438784,4.26527,-0.0373117,-0.297418,-2.09174,-0.231837,-0.140544,-1.21486,-0.417497,0.191651,0.0943447,0.268279,0.0561265,False,True
2.31,-0.11683,0.53535,1.95826,0.0199424,0.507453,5.94509,-0.49577,-1.52851,-10.0994,1.13758,2.63102,2.91154,-0.641807,-1.10251,-0.208566,-0.0199424,-0.507453,-0.0770529,0.11683,-0.53535,-2.51064,0.0387614,0.282655,-28.0553,-0.659306,0.340654,15.4987,1.05382,0.101384,-24.855,-0.394509,-0.442038,4.18333,-0.0387614,-0.282655,-2.09967,-0.186264,-0.0953488,-1.2363,-0.406612,0.192609,0.0945855,0.268279,0.0561265,False,True
2.315,-0.114008,0.593472,2.01739,0.0225324,0.528225,6.03166,-0.503803,-1.67812,-9.54558,1.15112,2.77292,2.64125,-0.64732,-1.09479,-0.136794,-0.0225324,-0.528225,-0.0741263,0.114008,-0.593472,-2.84657,0.0401382,0.268245,-28.197,-0.657592,0.345338,14.711,1.05432,0.10074,-25.1439,-0.396728,-0.446078,4.09885,-0.0401382,-0.268245,-2.10208,-0.136579,-0.0488373,-1.2458,-0.384288,0.193542,0.0948584,0.268279,0.0561265,False,True
2.32,-0.110895,0.651687,2.06951,0.0252247,0.548111,6.07684,-0.512551,-1.81429,-8.94543,1.16531,2.88511,2.35746,-0.652755,-1.07082,-0.0628516,-0.0252247,-0.548111,-0.0686155,0.110895,-0.651687,-3.18347,0.0414439,0.254168,-28.2768,-0.655853,0.350468,13.8501,1.05482,0.100356,-25.4532,-0.39897,-0.450824,4.01207,-0.0414439,-0.254168,-2.09866,-0.0838273,-0.00211461,-1.24267,-0.350663,0.194449,0.0951629,0.268279,0.0561265,False,True
2.325,-0.107491,0.709594,2.11347,0.0280135,0.56655,6.07955,-0.521946,-1.93627,-8.31179,1.17997,2.96673,2.06492,-0.658028,-1.03046,0.0117682,-0.0280135,-0.56655,-0.0604999,0.107491,-0.709594,-3.51373,0.0426799,0.240402,-28.2907,-0.654087,0.35601,12.9312,1.05532,0.100179,-25.7773,-0.401237,-0.45619,3.92316,-0.0426799,-0.240402,-2.08916,-0.0289938,0.0438104,-1.22651,-0.306131,0.19533,0.0954982,0.268279,0.0561265,False,True
2.33,-0.103799,0.766815,2.14803,0.0308902,0.582987,6.03926,-0.531914,-2.04354,-7.65515,1.19497,3.01748,1.76795,-0.663059,-0.97394,0.0857135,-0.0308902,-0.582987,-0.0498008,0.103799,-0.766815,-3.83063,0.0438479,0.226917,-28.2355,-0.652293,0.361926,11.9675,1.05582,0.100163,-26.1109,-0.403532,-0.462088,3.83225,-0.0438479,-0.226917,-2.07348,0.0270007,0.0880342,-1.19713,-0.251301,0.196184,0.0958636,0.268279,0.0561265,False,True
2.335,-0.0998233,0.822989,2.17187,0.0338433,0.596879,5.95607,-0.542381,-2.13581,-6.98386,1.21015,3.03754,1.47045,-0.667768,-0.901731,0.157775,-0.0338433,-0.596879,-0.0365861,0.0998233,-0.822989,-4.12842,0.0449491,0.213682,-28.1093,-0.650468,0.36817,10.9701,1.05633,0.100261,-26.4498,-0.405858,-0.468431,3.73946,-0.0449491,-0.213682,-2.05162,0.0832968,0.129763,-1.15457,-0.186965,0.19701,0.0962582,0.268279,0.0561265,False,True
2.34,-0.0955695,0.877774,2.18372,0.0368589,0.607704,5.83076,-0.553272,-2.21292,-6.3044,1.22535,3.02749,1.17595,-0.672077,-0.814571,0.226881,-0.0368589,-0.607704,-0.0209742,0.0955695,-0.877774,-4.40227,0.0459847,0.200663,-27.9113,-0.648611,0.374696,9.94906,1.05683,0.100431,-26.7904,-0.408216,-0.475127,3.64497,-0.0459847,-0.200663,-2.02371,0.139093,0.168312,-1.09903,-0.114062,0.197809,0.0966809,0.268279,0.0561265,False,True
2.345,-0.0910456,0.93085,2.18244,0.0399204,0.614973,5.66483,-0.564511,-2.27482,-5.62167,1.24042,2.98823,0.887645,-0.675913,-0.713408,0.292094,-0.0399204,-0.614973,-0.00313723,0.0910456,-0.93085,-4.64824,0.0469557,0.187826,-27.6419,-0.646721,0.381452,8.91266,1.05733,0.100634,-27.1296,-0.410609,-0.482086,3.54903,-0.0469557,-0.187826,-1.99002,0.193638,0.203108,-1.03089,-0.0336457,0.198579,0.0971305,0.268279,0.0561265,False,True
2.35,-0.086261,0.981914,2.16705,0.0430087,0.618239,5.4605,-0.57602,-2.32154,-4.9393,1.25523,2.92092,0.608425,-0.679211,-0.599376,0.352599,-0.0430087,-0.618239,0.0166973,0.086261,-0.981914,-4.86321,0.047863,0.175135,-27.3027,-0.644796,0.388385,7.86836,1.05783,0.100833,-27.465,-0.413037,-0.489219,3.45202,-0.047863,-0.175135,-1.95088,0.24623,0.233683,-0.950664,0.053145,0.199321,0.0976059,0.268279,0.0561265,False,True
2.355,-0.0812264,1.03068,2.13678,0.0461028,0.617113,5.22069,-0.587726,-2.35316,-4.26,1.26963,2.82693,0.34093,-0.681907,-0.47377,0.4077,-0.0461028,-0.617113,0.0382462,0.0812264,-1.03068,-5.04482,0.0487071,0.162558,-26.8967,-0.642837,0.395439,6.82281,1.05834,0.100996,-27.7943,-0.415501,-0.496435,3.35439,-0.0487071,-0.162558,-1.90674,0.296209,0.259678,-0.85899,0.145113,0.200034,0.0981057,0.268279,0.0561265,False,True
2.36,-0.0759541,1.0769,2.09114,0.0491798,0.611267,4.94888,-0.599552,-2.36978,-3.58589,1.2835,2.70779,0.0875782,-0.683948,-0.338009,0.456812,-0.0491798,-0.611267,0.0611725,0.0759541,-1.0769,-5.19137,0.0494886,0.150063,-26.4276,-0.640842,0.402555,5.78211,1.05884,0.101092,-28.1157,-0.418001,-0.503647,3.25672,-0.0494886,-0.150063,-1.85808,0.34296,0.280835,-0.756614,0.241028,0.200718,0.0986286,0.268279,0.0561265,False,True
2.365,-0.0704575,1.12031,2.02991,0.0522154,0.600452,4.6491,-0.611424,-2.37154,-2.91875,1.29671,2.56517,-0.149407,-0.685287,-0.193622,0.499462,-0.0522154,-0.600452,0.0850899,0.0704575,-1.12031,-5.30172,0.0502077,0.137621,-25.9006,-0.638811,0.409673,4.752,1.05935,0.101095,-28.4276,-0.420537,-0.510768,3.15967,-0.0502077,-0.137621,-1.80546,0.385911,0.297,-0.644381,0.339645,0.201372,0.0991731,0.268279,0.0561265,False,True
2.37,-0.0647511,1.1607,1.95314,0.0551843,0.584503,4.32578,-0.623267,-2.35859,-2.26033,1.30915,2.4008,-0.367981,-0.685885,-0.0422151,0.53528,-0.0551843,-0.584503,0.109569,0.0647511,-1.1607,-5.37525,0.0508648,0.125204,-25.3214,-0.636745,0.416731,3.73801,1.05985,0.100982,-28.7285,-0.423109,-0.517713,3.06404,-0.0508648,-0.125204,-1.74947,0.42454,0.308118,-0.523221,0.439728,0.201997,0.0997377,0.268279,0.0561265,False,True
2.375,-0.0588505,1.19785,1.86115,0.0580605,0.563347,3.9836,-0.63501,-2.33109,-1.61251,1.32072,2.21654,-0.56626,-0.685709,0.114552,0.564006,-0.0580605,-0.563347,0.134146,0.0588505,-1.19785,-5.41174,0.0514598,0.112788,-24.6969,-0.634644,0.423669,2.74562,1.06036,0.100731,-29.0174,-0.425715,-0.5244,2.97074,-0.0514598,-0.112788,-1.69073,0.45838,0.314231,-0.394145,0.540064,0.202592,0.100321,0.268279,0.0561265,False,True
2.38,-0.0527725,1.2316,1.7545,0.0608178,0.537009,3.6274,-0.646578,-2.28924,-0.977518,1.33132,2.01425,-0.742519,-0.684739,0.274986,0.585483,-0.0608178,-0.537009,0.158335,0.0527725,-1.2316,-5.4113,0.0519926,0.100353,-24.0343,-0.632509,0.430422,1.78026,1.06086,0.100326,-29.2931,-0.428353,-0.530748,2.88071,-0.0519926,-0.100353,-1.62987,0.487024,0.315473,-0.258237,0.639483,0.203158,0.100921,0.268279,0.0561265,False,True
2.385,-0.0465346,1.26176,1.63399,0.0634306,0.505617,3.26202,-0.657902,-2.23327,-0.358024,1.34086,1.79588,-0.895193,-0.68296,0.437392,0.599657,-0.0634306,-0.505617,0.18164,0.0465346,-1.26176,-5.37433,0.0524633,0.0878815,-23.3418,-0.63034,0.436928,0.847404,1.06136,0.0997531,-29.555,-0.431022,-0.536681,2.79496,-0.0524633,-0.0878815,-1.56756,0.510138,0.312065,-0.116647,0.736869,0.203694,0.101537,0.268279,0.0561265,False,True
2.39,-0.0401549,1.2882,1.50053,0.065874,0.469399,2.89219,-0.668911,-2.16349,0.242763,1.34928,1.5634,-1.02288,-0.680365,0.600089,0.606579,-0.065874,-0.469399,0.203567,0.0401549,-1.2882,-5.30141,0.0528715,0.075357,-22.6278,-0.628139,0.443125,-0.0474558,1.06186,0.0990017,-29.8025,-0.43372,-0.542126,2.71451,-0.0528715,-0.075357,-1.50447,0.527466,0.304305,0.0294158,0.831178,0.204201,0.102167,0.268279,0.0561265,False,True
2.395,-0.0336526,1.31078,1.35523,0.0681246,0.428683,2.52243,-0.679537,-2.08025,0.82107,1.3565,1.31881,-1.12436,-0.676959,0.761441,0.606396,-0.0681246,-0.428683,0.223644,0.0336526,-1.31078,-5.19329,0.0532169,0.062767,-21.9013,-0.625909,0.448951,-0.898832,1.06235,0.0980651,-30.0354,-0.436443,-0.547016,2.64038,-0.0532169,-0.062767,-1.44128,0.538835,0.292559,0.17869,0.921448,0.204679,0.102809,0.268279,0.0561265,False,True
2.4,-0.0270472,1.3294,1.19925,0.0701608,0.38389,2.15692,-0.689714,-1.984,1.37257,1.36246,1.06413,-1.19859,-0.672751,0.919873,0.599349,-0.0701608,-0.38389,0.241432,0.0270472,-1.3294,-5.05084,0.0534991,0.0501003,-21.1714,-0.62365,0.454347,-1.7013,1.06284,0.0969399,-30.2535,-0.43919,-0.551287,2.57358,-0.0534991,-0.0501003,-1.37868,0.544163,0.277248,0.329873,1.00681,0.205129,0.103462,0.268279,0.0561265,False,True
2.405,-0.0203586,1.34398,1.03382,0.0719635,0.335527,1.79948,-0.699377,-1.87529,1.89244,1.36714,0.801397,-1.24474,-0.66776,1.07389,0.585763,-0.0719635,-0.335527,0.256542,0.0203586,-1.34398,-4.87503,0.0537179,0.037347,-20.4473,-0.621365,0.459255,-2.44956,1.06332,0.0956262,-30.4572,-0.441956,-0.554881,2.51507,-0.0537179,-0.037347,-1.31735,0.54346,0.258833,0.48163,1.08651,0.20555,0.104125,0.268279,0.0561265,False,True
2.41,-0.0136074,1.35444,0.860251,0.0735161,0.284174,1.45349,-0.708466,-1.75479,2.37544,1.37048,0.532669,-1.26221,-0.662012,1.22212,0.566033,-0.0735161,-0.284174,0.268645,0.0136074,-1.35444,-4.66692,0.0538726,0.0244981,-19.7384,-0.619057,0.463621,-3.13854,1.0638,0.0941278,-30.6469,-0.444739,-0.557749,2.46573,-0.0538726,-0.0244981,-1.25797,0.536825,0.237798,0.632605,1.15988,0.205943,0.104796,0.268279,0.0561265,False,True
2.415,-0.00681419,1.36074,0.67986,0.0748052,0.230472,1.12185,-0.716925,-1.62327,2.81605,1.37246,0.260006,-1.25064,-0.655539,1.36327,0.540614,-0.0748052,-0.230472,0.277488,0.00681419,-1.36074,-4.42767,0.0539628,0.0115445,-19.0538,-0.616729,0.467395,-3.7635,1.06426,0.0924518,-30.8233,-0.447534,-0.559846,2.42639,-0.0539628,-0.0115445,-1.20118,0.524445,0.214632,0.781442,1.2264,0.206308,0.105473,0.268279,0.0561265,False,True
2.42,4.26642e-17,1.36284,0.49402,0.0758208,0.175106,0.807051,-0.724699,-1.48168,3.20858,1.37308,-0.0145259,-1.20993,-0.648379,1.4962,0.510006,-0.0758208,-0.175106,0.282896,4.26642e-17,-1.36284,-4.15855,0.053988,-0.00152305,-18.4025,-0.614383,0.470528,-4.3201,1.06472,0.0906086,-30.9872,-0.450337,-0.561137,2.39774,-0.053988,0.00152305,-1.14762,0.506587,0.189816,0.926793,1.28564,0.206645,0.106156,0.268279,0.0561265,False,True
2.425,0.00681419,1.36074,0.304151,0.0765563,0.118788,0.5111,-0.731742,-1.33105,3.54736,1.37232,-0.288861,-1.14023,-0.640577,1.61991,0.474734,-0.0765563,-0.118788,0.284783,-0.00681419,-1.36074,-3.86094,0.0539476,-0.0147145,-17.7934,-0.612024,0.472981,-4.80452,1.06517,0.0886115,-31.1396,-0.453145,-0.561592,2.38036,-0.0539476,0.0147145,-1.0979,0.483585,0.1638,1.06734,1.3373,0.206956,0.106843,0.268279,0.0561265,False,True
2.43,0.0136074,1.35444,0.111739,0.0770087,0.0622394,0.23562,-0.73801,-1.17258,3.82688,1.37019,-0.560936,-1.042,-0.63218,1.73352,0.435332,-0.0770087,-0.0622394,0.283152,-0.0136074,-1.35444,-3.53639,0.0538409,-0.0280408,-17.2347,-0.609654,0.474715,-5.21357,1.06561,0.0864765,-31.2817,-0.455953,-0.561192,2.37467,-0.0538409,0.0280408,-1.05255,0.455834,0.13699,1.20181,1.38118,0.207241,0.107534,0.268279,0.0561265,False,True
2.435,0.0203586,1.34398,-0.0816488,0.0771787,0.00617337,-0.0181334,-0.743467,-1.00759,4.04195,1.36671,-0.828697,-0.915966,-0.623242,1.83629,0.392327,-0.0771787,-0.00617337,0.278092,-0.0203586,-1.34398,-3.1866,0.0536672,-0.0415143,-16.7342,-0.607277,0.475702,-5.5447,1.06603,0.0842218,-31.4146,-0.458757,-0.559923,2.38092,-0.0536672,0.0415143,-1.01209,0.423772,0.109738,1.32899,1.41719,0.207499,0.108227,0.268279,0.0561265,False,True
2.44,0.0270472,1.3294,-0.274352,0.0770704,-0.0487228,-0.249222,-0.748086,-0.837519,4.18785,1.3619,-1.0901,-0.763148,-0.613817,1.92762,0.346222,-0.0770704,0.0487228,0.269777,-0.0270472,-1.3294,-2.81348,0.0534258,-0.0551483,-16.299,-0.604896,0.475916,-5.7961,1.06645,0.0818672,-31.5394,-0.461552,-0.557783,2.39918,-0.0534258,0.0551483,-0.976965,0.387868,0.0823285,1.44775,1.44532,0.207732,0.108922,0.268279,0.0561265,False,True
2.445,0.0336526,1.31078,-0.464614,0.0766914,-0.101804,-0.456971,-0.751843,-0.663903,4.26044,1.35581,-1.34311,-0.584836,-0.603965,2.00702,0.297484,-0.0766914,0.101804,0.258457,-0.0336526,-1.31078,-2.4191,0.0531157,-0.0689572,-15.9357,-0.602517,0.47534,-5.9667,1.06685,0.0794337,-31.6574,-0.464335,-0.554773,2.42936,-0.0531157,0.0689572,-0.947576,0.348606,0.0549723,1.55705,1.46563,0.20794,0.109619,0.268279,0.0561265,False,True
2.45,0.0401549,1.2882,-0.650583,0.0760524,-0.152481,-0.640928,-0.754725,-0.488376,4.25632,1.34847,-1.58573,-0.382588,-0.593747,2.07411,0.246532,-0.0760524,0.152481,0.244449,-0.0401549,-1.2882,-2.00574,0.0527362,-0.0829565,-15.6499,-0.600143,0.473962,-6.05622,1.06724,0.0769428,-31.7695,-0.4671,-0.550905,2.47124,-0.0527362,0.0829565,-0.924269,0.306473,0.0278063,1.65595,1.47823,0.208123,0.110316,0.268279,0.0561265,False,True
2.455,0.0465346,1.26176,-0.830336,0.0751666,-0.200235,-0.800818,-0.756726,-0.312643,4.17287,1.33995,-1.81597,-0.158207,-0.583224,2.12861,0.193733,-0.0751666,0.200235,0.228122,-0.0465346,-1.26176,-1.57584,0.0522862,-0.097162,-15.4463,-0.597778,0.47178,-6.06508,1.06762,0.0744157,-31.8763,-0.469844,-0.546196,2.52441,-0.0522862,0.097162,-0.907328,0.261947,0.000893094,1.74362,1.48326,0.208282,0.111014,0.268279,0.0561265,False,True
2.46,0.0527725,1.2316,-1.00191,0.07405,-0.244625,-0.93652,-0.757851,-0.138459,4.00834,1.33031,-2.03186,0.0862792,-0.572461,2.17032,0.139394,-0.07405,0.244625,0.209891,-0.0527725,-1.2316,-1.13198,0.0517646,-0.11159,-15.3286,-0.595425,0.468796,-5.99448,1.06799,0.071873,-31.9786,-0.472562,-0.540669,2.5883,-0.0517646,0.11159,-0.896973,0.215485,-0.0257737,1.81935,1.48088,0.208418,0.111714,0.268279,0.0561265,False,True
2.465,0.0588505,1.19785,-1.16334,0.0727204,-0.285296,-1.04804,-0.758111,0.0323934,3.76191,1.31963,-2.23148,0.34864,-0.561521,2.19909,0.0837668,-0.0727204,0.285296,0.190198,-0.0588505,-1.19785,-0.676829,0.0511703,-0.126256,-15.2994,-0.59309,0.465018,-5.84629,1.06834,0.0693339,-32.0765,-0.475251,-0.534352,2.66217,-0.0511703,0.126256,-0.893371,0.167521,-0.0522608,1.88253,1.47124,0.20853,0.112414,0.268279,0.0561265,False,True
2.47,0.0647511,1.1607,-1.31274,0.071197,-0.321985,-1.13553,-0.757527,0.198121,3.43369,1.308,-2.41295,0.626466,-0.55047,2.21483,0.0270506,-0.071197,0.321985,0.169502,-0.0647511,-1.1607,-0.213132,0.050502,-0.141174,-15.36,-0.590775,0.460463,-5.62305,1.06868,0.0668157,-32.1702,-0.477906,-0.527278,2.74515,-0.050502,0.141174,-0.896658,0.118453,-0.0786836,1.93268,1.45447,0.208619,0.113116,0.268279,0.0561265,False,True
2.475,0.0704575,1.12031,-1.4483,0.0695005,-0.35452,-1.19924,-0.75613,0.356948,3.02482,1.2955,-2.57442,0.917197,-0.539373,2.21747,-0.0305964,-0.0695005,0.35452,0.14826,-0.0704575,-1.12031,0.256335,0.0497585,-0.156359,-15.5106,-0.588485,0.455153,-5.32787,1.06901,0.064333,-32.2593,-0.480523,-0.519486,2.83632,-0.0497585,0.156359,-0.906953,0.0686528,-0.105191,1.96942,1.43065,0.208686,0.113819,0.268279,0.0561265,False,True
2.48,0.0759541,1.0769,-1.56844,0.0676518,-0.382822,-1.2396,-0.753958,0.507135,2.53743,1.28225,-2.71411,1.21813,-0.528295,2.20698,-0.0890448,-0.0676518,0.382822,0.126924,-0.0759541,-1.0769,0.728776,0.0489384,-0.171823,-15.7498,-0.586224,0.449117,-4.96446,1.06932,0.0618979,-32.3433,-0.4831,-0.511015,2.9347,-0.0489384,0.171823,-0.924384,0.0184583,-0.131952,1.9925,1.39982,0.208731,0.114526,0.268279,0.0561265,False,True
2.485,0.0812264,1.03068,-1.67178,0.0656723,-0.406902,-1.25717,-0.751058,0.647005,1.97474,1.26836,-2.83033,1.52646,-0.517303,2.18332,-0.148177,-0.0656723,0.406902,0.105921,-0.0812264,-1.03068,1.20138,0.0480403,-0.187575,-16.075,-0.583994,0.442389,-4.53708,1.06963,0.0595189,-32.4211,-0.485633,-0.501908,3.03937,-0.0480403,0.187575,-0.949096,-0.0318153,-0.159132,2.00174,1.36197,0.208754,0.115237,0.268279,0.0561265,False,True
2.49,0.086261,0.981914,-1.75725,0.0635828,-0.426852,-1.25276,-0.747488,0.774965,1.34106,1.25395,-2.92146,1.83923,-0.506462,2.1465,-0.207866,-0.0635828,0.426852,0.0856526,-0.086261,-0.981914,1.67131,0.0470627,-0.203622,-16.482,-0.5818,0.435009,-4.05057,1.06992,0.0572011,-32.4916,-0.488119,-0.49221,3.14941,-0.0470627,0.203622,-0.981252,-0.0818689,-0.18688,1.99708,1.31702,0.208755,0.115953,0.268279,0.0561265,False,True
2.495,0.0910456,0.93085,-1.82409,0.0614038,-0.442846,-1.22735,-0.743309,0.889532,0.641907,1.23915,-2.98604,2.15341,-0.495838,2.0965,-0.267953,-0.0614038,0.442846,0.0664795,-0.0910456,-0.93085,2.13565,0.0460041,-0.21997,-16.965,-0.579644,0.427023,-3.51038,1.0702,0.0549458,-32.5532,-0.490556,-0.481969,3.26401,-0.0460041,0.21997,-1.02103,-0.131408,-0.215304,1.97855,1.26485,0.208736,0.116676,0.268279,0.0561265,False,True
2.5,0.0955695,0.877774,-1.87191,0.0591544,-0.455123,-1.1822,-0.738592,0.989357,-0.115928,1.22409,-3.02273,2.46581,-0.485497,2.03337,-0.328222,-0.0591544,0.455123,0.0487217,-0.0955695,-0.877774,2.59133,0.044863,-0.236621,-17.5167,-0.577529,0.418482,-2.92271,1.07047,0.0527505,-32.6044,-0.492939,-0.471232,3.38242,-0.044863,0.236621,-1.06858,-0.180129,-0.244455,1.94629,1.20531,0.208694,0.117407,0.268279,0.0561265,False,True
2.505,0.0998233,0.822989,-1.90067,0.0568525,-0.463986,-1.11883,-0.733415,1.07326,-0.924246,1.20892,-3.03044,2.77309,-0.475504,1.95718,-0.388375,-0.0568525,0.463986,0.0326529,-0.0998233,-0.822989,3.03503,0.0436379,-0.253573,-18.1282,-0.575459,0.409442,-2.29457,1.07073,0.0506086,-32.6435,-0.495268,-0.46005,3.50399,-0.0436379,0.253573,-1.12399,-0.227703,-0.274305,1.90052,1.13821,0.208632,0.118148,0.268279,0.0561265,False,True
2.51,0.103799,0.766815,-1.91065,0.0545145,-0.469787,-1.03904,-0.72786,1.14024,-1.77332,1.19379,-3.00829,3.07172,-0.465925,1.86806,-0.448,-0.0545145,0.469787,0.0184987,-0.103799,-0.766815,3.46308,0.0423272,-0.270823,-18.7889,-0.573435,0.399965,-1.63401,1.07097,0.0485098,-32.669,-0.49754,-0.448475,3.62809,-0.0423272,0.270823,-1.18721,-0.273761,-0.304729,1.84159,1.06338,0.20855,0.1189,0.268279,0.0561265,False,True
2.515,0.107491,0.709594,-1.90246,0.0521547,-0.472923,-0.944893,-0.722013,1.18954,-2.65175,1.17884,-2.95577,3.35796,-0.456824,1.76623,-0.506552,-0.0521547,0.472923,0.00643595,-0.107491,-0.709594,3.87128,0.0409296,-0.288365,-19.4865,-0.571459,0.390121,-0.950257,1.07121,0.0464397,-32.6796,-0.499753,-0.436561,3.75408,-0.0409296,0.288365,-1.25797,-0.317876,-0.33549,1.76997,0.980697,0.208446,0.119667,0.268279,0.0561265,False,True
2.52,0.110895,0.651687,-1.87696,0.0497853,-0.473819,-0.838677,-0.715964,1.22066,-3.54636,1.16423,-2.87272,3.62778,-0.448263,1.65206,-0.563326,-0.0497853,0.473819,-0.00340626,-0.110895,-0.651687,4.2548,0.0394436,-0.306189,-20.2072,-0.569534,0.379985,-0.253943,1.07144,0.0443803,-32.6746,-0.501905,-0.424365,3.88123,-0.0394436,0.306189,-1.33567,-0.359548,-0.366223,1.68628,0.890079,0.208322,0.12045,0.268279,0.0561265,False,True
2.525,0.114008,0.593472,-1.83519,0.0474165,-0.472924,-0.722865,-0.709806,1.2334,-4.44211,1.15011,-2.75948,3.87684,-0.440303,1.52608,-0.617439,-0.0474165,0.472924,-0.0109451,-0.114008,-0.593472,4.60805,0.0378677,-0.324285,-20.9358,-0.56766,0.36964,0.442737,1.07166,0.0423096,-32.6538,-0.503996,-0.411949,4.00863,-0.0378677,0.324285,-1.41925,-0.398189,-0.396424,1.5913,0.791579,0.208177,0.12125,0.268279,0.0561265,False,True
2.53,0.11683,0.53535,-1.77833,0.045056,-0.470702,-0.600023,-0.70363,1.22791,-5.32208,1.13663,-2.61694,4.10043,-0.433002,1.38902,-0.667824,-0.045056,0.470702,-0.0161416,-0.11683,-0.53535,4.92453,0.0362007,-0.34264,-21.6557,-0.565837,0.359177,1.12591,1.07186,0.0402024,-32.6177,-0.506025,-0.39938,4.13508,-0.0362007,0.34264,-1.50713,-0.43312,-0.425449,1.48601,0.685399,0.208011,0.122071,0.268279,0.0561265,False,True
2.535,0.119362,0.47774,-1.70758,0.0427095,-0.467619,-0.472704,-0.697527,1.20473,-6.16757,1.12394,-2.44662,4.29348,-0.426413,1.24189,-0.713223,-0.0427095,0.467619,-0.018998,-0.119362,-0.47774,5.19687,0.0344413,-0.36124,-22.3493,-0.564068,0.3487,1.77998,1.07206,0.0380295,-32.568,-0.50799,-0.386729,4.25902,-0.0344413,0.36124,-1.59705,-0.463562,-0.452509,1.3716,0.571943,0.207825,0.122914,0.268279,0.0561265,False,True
2.54,0.121607,0.421079,-1.62409,0.0403799,-0.46414,-0.343319,-0.691583,1.16479,-6.95831,1.11217,-2.25077,4.4505,-0.420583,1.08598,-0.752201,-0.0403799,0.46414,-0.0195548,-0.121607,-0.421079,5.41675,0.0325883,-0.380071,-22.9982,-0.56235,0.33832,2.38776,1.07224,0.0357587,-32.5069,-0.509892,-0.374079,4.37848,-0.0325883,0.380071,-1.6861,-0.488642,-0.476681,1.24951,0.451857,0.207619,0.123782,0.268279,0.0561265,False,True
2.545,0.123573,0.365826,-1.52888,0.0380681,-0.460717,-0.213984,-0.685879,1.10951,-7.6728,1.10143,-2.03246,4.56564,-0.415553,0.922955,-0.783168,-0.0380681,0.460717,-0.0178885,-0.123573,-0.365826,5.57507,0.0306406,-0.399115,-23.584,-0.560685,0.328164,2.93069,1.07242,0.0333539,-32.4377,-0.511731,-0.361518,4.49108,-0.0306406,0.399115,-1.77062,-0.507408,-0.496924,1.12146,0.326068,0.207391,0.124676,0.268279,0.0561265,False,True
2.55,0.125266,0.312458,-1.42275,0.0357727,-0.457785,-0.0863663,-0.680488,1.04075,-8.28885,1.09184,-1.79558,4.63271,-0.411354,0.754831,-0.804415,-0.0357727,0.457785,-0.0141087,-0.125266,-0.312458,5.66205,0.0285972,-0.418357,-24.0881,-0.559069,0.318371,3.38925,1.07258,0.0307757,-32.3642,-0.513507,-0.349146,4.59405,-0.0285972,0.418357,-1.84638,-0.518847,-0.512101,0.989455,0.195822,0.207143,0.125599,0.268279,0.0561265,False,True
2.555,0.126697,0.261472,-1.30625,0.0334902,-0.455755,0.0384664,-0.675472,0.960893,-8.78417,1.08348,-1.54494,4.64523,-0.408005,0.584042,-0.81416,-0.0334902,0.455755,-0.00835777,-0.126697,-0.261472,5.66758,0.026457,-0.437781,-24.4929,-0.557501,0.309095,3.7435,1.07272,0.0279811,-32.2908,-0.515222,-0.337076,4.68421,-0.026457,0.437781,-1.90871,-0.52191,-0.521012,0.855789,0.0627012,0.206874,0.126552,0.268279,0.0561265,False,True
2.56,0.12788,0.213384,-1.17961,0.0312151,-0.455005,0.160179,-0.670879,0.872767,-9.13706,1.07639,-1.2862,4.59653,-0.405513,0.413429,-0.810605,-0.0312151,0.455005,-0.000809762,-0.12788,-0.213384,5.58149,0.0242194,-0.457367,-24.7824,-0.555978,0.300504,3.97366,1.07286,0.0249236,-32.222,-0.516878,-0.325428,4.75788,-0.0242194,0.457367,-1.95292,-0.515553,-0.522421,0.723061,-0.0713602,0.206584,0.127536,0.268279,0.0561265,False,True
2.565,0.128831,0.16873,-1.04276,0.0289402,-0.455877,0.279255,-0.666744,0.779682,-9.32716,1.07061,-1.02592,4.47981,-0.403871,0.246241,-0.791986,-0.0289402,0.455877,0.00832725,-0.128831,-0.16873,5.394,0.0218834,-0.477095,-24.9423,-0.554496,0.292784,4.06072,1.07297,0.0215529,-32.1625,-0.518477,-0.314337,4.81053,-0.0218834,0.477095,-1.97501,-0.498763,-0.5151,0.594154,-0.204075,0.206273,0.128554,0.268279,0.0561265,False,True
2.57,0.129568,0.128066,-0.895321,0.0266564,-0.458665,0.397026,-0.663082,0.685369,-9.33601,1.06613,-0.771484,4.28822,-0.403051,0.0861151,-0.756633,-0.0266564,0.458665,0.0188066,-0.129568,-0.128066,5.09619,0.0194484,-0.49694,-24.9608,-0.55305,0.286135,3.98676,1.07307,0.0178152,-32.1174,-0.520021,-0.30395,4.83589,-0.0194484,0.49694,-1.97281,-0.4706,-0.49785,0.472213,-0.332815,0.20594,0.129605,0.268279,0.0561265,False,True
2.575,0.130112,0.0919651,-0.736708,0.0243535,-0.463611,0.515608,-0.65989,0.593947,-9.14746,1.0629,-0.530995,4.0149,-0.403009,-0.0629515,-0.703003,-0.0243535,0.463611,0.0303338,-0.130112,-0.0919651,4.68057,0.016914,-0.516869,-24.8294,-0.551635,0.280772,3.73504,1.07315,0.0136528,-32.0928,-0.521516,-0.294425,4.82416,-0.016914,0.516869,-1.94806,-0.430222,-0.469524,0.360607,-0.454629,0.205585,0.13069,0.268279,0.0561265,False,True
2.58,0.130487,0.0610227,-0.56625,0.0220203,-0.470894,0.637724,-0.657143,0.509869,-8.7478,1.06082,-0.313228,3.65296,-0.40368,-0.196641,-0.629708,-0.0220203,0.470894,0.0425495,-0.130487,-0.0610227,4.1417,0.0142797,-0.536839,-24.5432,-0.550242,0.276932,3.28935,1.07321,0.00900427,-32.098,-0.522966,-0.285936,4.75873,-0.0142797,0.536839,-1.90995,-0.37691,-0.429034,0.262889,-0.566269,0.205209,0.13181,0.268279,0.0561265,False,True
2.585,0.130722,0.0358524,-0.383421,0.0196446,-0.480611,0.766378,-0.654792,0.437882,-8.12551,1.05977,-0.127524,3.19544,-0.404976,-0.310358,-0.53551,-0.0196446,0.480611,0.0550006,-0.130722,-0.0358524,3.47714,0.0115456,-0.556784,-24.1019,-0.548865,0.274877,2.63255,1.07324,0.0038042,-32.1479,-0.524375,-0.278681,4.61052,-0.0115456,0.556784,-1.88125,-0.310087,-0.375334,0.182748,-0.664212,0.204809,0.132964,0.268279,0.0561265,False,True
2.59,0.130846,0.0170873,-0.188193,0.0172141,-0.492757,0.904305,-0.652764,0.382996,-7.27055,1.05955,0.0162685,2.63513,-0.406784,-0.399264,-0.4193,-0.0172141,0.492757,0.0670896,-0.130846,-0.0170873,2.68849,0.00871189,-0.576601,-23.5114,-0.547494,0.274905,1.74405,1.07325,-0.0020173,-32.2692,-0.525752,-0.272888,4.32939,-0.00871189,0.576601,-1.90944,-0.229327,-0.307376,0.123956,-0.744679,0.204387,0.134153,0.268279,0.0561265,False,True
2.595,0.130893,0.00538006,0.00813749,0.014717,-0.507193,1.043,-0.650962,0.350482,-6.23548,1.05993,0.107831,2.00137,-0.408968,-0.458313,-0.287412,-0.014717,0.507193,0.0774594,-0.130893,-0.00538006,1.82301,0.00577958,-0.596131,-22.8394,-0.546116,0.27737,0.670896,1.07322,-0.00853501,-32.4666,-0.527104,-0.268835,3.91141,-0.00577958,0.596131,-2.14223,-0.13939,-0.228465,0.0903159,-0.803627,0.203941,0.135374,0.268279,0.0561265,False,True
2.6,0.1309,0.000686877,0.122075,0.0121422,-0.523383,0.572696,-0.649259,0.342936,-4.71259,1.06063,0.142712,0.829338,-0.411367,-0.485648,-0.0694013,-0.0121422,0.523383,0.0666399,-0.1309,-0.000686877,1.07563,0.00275058,-0.615082,-20.2361,-0.54472,0.282403,-0.499086,1.07316,-0.0158042,-31.8111,-0.528441,-0.266598,3.3708,-0.00275058,0.615082,-1.40189,-0.00628173,-0.0823444,0.0827937,-0.839194,0.203472,0.136626,0.268279,0.0561265,True,True
2.605,0.1309,-2.77556e-15,0.116309,0.00948317,-0.539789,-0.0408176,-0.647532,0.350389,-3.54827,1.06136,0.143353,-0.269342,-0.413825,-0.493743,0.117766,-0.00948317,0.539789,0.0530008,-0.1309,0,0.699288,-0.000371244,-0.632932,-17.6684,-0.543292,0.288921,-1.16753,1.07306,-0.0237648,-30.6884,-0.52977,-0.265156,3.23282,0.000371244,0.632932,-1.20826,0.105783,0.0454648,0.0903455,-0.859869,0.202981,0.137908,0.260707,0.0656635,True,True
2.61,0.1309,0,0.0464876,0.00674433,-0.554915,-0.759007,-0.645755,0.360252,-2.48462,1.06206,0.137274,-1.54827,-0.416305,-0.497526,0.333779,-0.00674433,0.554915,0.0533486,-0.1309,0,0.554734,-0.00357874,-0.649158,-14.6441,-0.541831,0.295649,-1.58395,1.07292,-0.0322934,-29.033,-0.531092,-0.263355,3.21355,0.00357874,0.649158,-0.959011,0.244653,0.183709,0.100062,-0.876059,0.202468,0.139217,0.253134,0.0752004,True,True
2.615,0.1309,2.77556e-15,-0.0211928,0.00393402,-0.568289,-1.30086,-0.64393,0.369789,-1.47968,1.06273,0.130413,-2.99014,-0.4188,-0.500202,0.566774,-0.00393402,0.568289,0.077567,-0.1309,-2.77556e-15,0.461116,-0.00686283,-0.663489,-11.6239,-0.540336,0.302347,-1.96224,1.07274,-0.0413083,-27.2181,-0.532404,-0.261039,3.10973,0.00686283,0.663489,-0.717201,0.408445,0.319105,0.109045,-0.889864,0.201936,0.14055,0.245561,0.0847374,True,True
2.62,0.1309,2.77556e-15,-0.0710878,0.00106144,-0.579785,-1.57166,-0.642057,0.378975,-0.566201,1.06336,0.122856,-4.55646,-0.421307,-0.501831,0.797978,-0.00106144,0.579785,0.125172,-0.1309,0,0.377721,-0.0102136,-0.67581,-8.81669,-0.538807,0.30903,-2.323,1.07251,-0.0507335,-25.3524,-0.533703,-0.258296,2.92816,0.0102136,0.67581,-0.500495,0.584856,0.439837,0.117143,-0.901219,0.201387,0.141903,0.237988,0.0942744,True,True
2.625,0.1309,-2.77556e-15,-0.10088,-0.00186383,-0.589353,-1.54652,-0.64014,0.387779,0.228214,1.06396,0.114697,-6.21701,-0.423818,-0.502476,1.01939,0.00186383,0.589353,0.195597,-0.1309,2.77556e-15,0.300586,-0.0136209,-0.686077,-6.30297,-0.537245,0.315687,-2.64902,1.07223,-0.0604853,-23.4572,-0.534987,-0.255201,2.70954,0.0136209,0.686077,-0.311389,0.768407,0.541061,0.124273,-0.910127,0.200824,0.143273,0.230415,0.103811,True,True
2.63,0.1309,0,-0.110753,-0.00483209,-0.596981,-1.22065,-0.63818,0.396161,0.894518,1.06451,0.106031,-7.95477,-0.426331,-0.502192,1.2292,0.00483209,0.596981,0.288611,-0.1309,2.77556e-15,0.227838,-0.0170744,-0.694282,-4.11206,-0.53565,0.322289,-2.93266,1.07191,-0.0704745,-21.5408,-0.536255,-0.251814,2.47727,0.0170744,0.694282,-0.149716,0.957783,0.621724,0.130388,-0.91662,0.200249,0.144657,0.222842,0.113348,True,True
2.635,0.1309,0,-0.10177,-0.00783364,-0.602672,-0.596032,-0.636178,0.404073,1.43205,1.06502,0.0969562,-9.76119,-0.42884,-0.501029,1.42882,0.00783364,0.602672,0.404514,-0.1309,-2.77556e-15,0.158922,-0.0205637,-0.700433,-2.24959,-0.534022,0.328793,-3.17134,1.07153,-0.0806089,-19.6046,-0.537505,-0.248185,2.24339,0.0205637,0.700433,-0.0144763,1.15402,0.682511,0.135461,-0.92074,0.199665,0.146053,0.215269,0.122885,True,True
2.64,0.1309,0,-0.0750685,-0.0108588,-0.606436,0.325024,-0.634139,0.411462,1.84316,1.06548,0.0875691,-11.6331,-0.431342,-0.499031,1.62094,0.0108588,0.606436,0.544082,-0.1309,-2.77556e-15,0.0939868,-0.0240787,-0.704538,-0.712263,-0.532362,0.33515,-3.36492,1.0711,-0.090793,-17.6468,-0.538737,-0.244357,2.01306,0.0240787,0.704538,0.0953571,1.35928,0.724677,0.139476,-0.922528,0.199076,0.147456,0.207696,0.132422,True,True
2.645,0.1309,2.77556e-15,-0.031535,-0.013898,-0.60828,1.54254,-0.632064,0.418271,2.13046,1.06589,0.0779668,-13.5709,-0.433831,-0.496238,1.8083,0.013898,0.60828,0.708347,-0.1309,2.77556e-15,0.0335209,-0.0276091,-0.706604,0.504727,-0.530671,0.341302,-3.51424,1.07062,-0.10093,-15.6645,-0.539949,-0.240373,1.78726,0.0276091,0.706604,0.180463,1.5759,0.749352,0.142419,-0.922016,0.198482,0.148864,0.200124,0.141959,True,True
2.65,0.1309,0,0.0282269,-0.0169416,-0.608206,3.05928,-0.629956,0.424436,2.29552,1.06626,0.0682461,-15.5768,-0.436304,-0.492682,1.99255,0.0169416,0.608206,0.898196,-0.1309,2.77556e-15,-0.0218553,-0.0311448,-0.706633,1.40421,-0.528949,0.347189,-3.62052,1.07009,-0.110919,-13.6549,-0.54114,-0.23627,1.56442,0.0311448,0.706633,0.24104,1.80543,0.757028,0.144275,-0.919233,0.197887,0.150273,0.192551,0.151496,True,True
2.655,0.1309,-2.77556e-15,0.103678,-0.0199801,-0.606211,4.87939,-0.627819,0.429894,2.33823,1.06658,0.0585051,-17.6541,-0.438758,-0.488399,2.17267,0.0199801,0.606211,1.11366,-0.1309,0,-0.0715136,-0.0346755,-0.70462,1.98594,-0.527199,0.352751,-3.68498,1.06951,-0.12066,-11.6174,-0.542311,-0.232091,1.34149,0.0346755,0.70462,0.276805,2.04721,0.747009,0.145025,-0.914198,0.197294,0.151681,0.184978,0.161033,True,True
2.66,0.1309,-2.77556e-15,0.193775,-0.0230037,-0.602286,7.00515,-0.625657,0.434586,2.25677,1.06685,0.0488426,-19.8059,-0.441188,-0.483428,2.34259,0.0230037,0.602286,1.35265,-0.1309,0,-0.11488,-0.038191,-0.700556,2.24732,-0.525422,0.357933,-3.70888,1.06888,-0.130051,-9.55485,-0.543461,-0.227881,1.11479,0.038191,0.700556,0.28714,2.29606,0.716589,0.144641,-0.906932,0.196706,0.153085,0.177405,0.17057,True,True
2.665,0.1309,2.77556e-15,0.29581,-0.0260029,-0.596421,9.43016,-0.623474,0.438459,2.04799,1.06707,0.0393597,-22.0326,-0.443592,-0.477819,2.48705,0.0260029,0.596421,1.60867,-0.1309,0,-0.151425,-0.041681,-0.694433,2.18618,-0.52362,0.362689,-3.69372,1.06821,-0.138993,-7.47678,-0.54459,-0.223696,0.8814,0.041681,0.694433,0.271445,2.5383,0.65976,0.143087,-0.897461,0.196124,0.15448,0.169832,0.180107,True,True
2.67,0.1309,2.77556e-15,0.40321,-0.0289679,-0.588607,12.1267,-0.621273,0.441484,1.70884,1.06724,0.03016,-24.3291,-0.445966,-0.471644,2.5749,0.0289679,0.588607,1.867,-0.1309,0,-0.180508,-0.0451353,-0.686253,1.80725,-0.521795,0.367001,-3.64176,1.06749,-0.14739,-5.40437,-0.545698,-0.21961,0.64128,0.0451353,0.686253,0.229884,2.74512,0.565198,0.140308,-0.885831,0.195551,0.155865,0.162259,0.189644,True,True
2.675,0.1309,0,0.501751,-0.031889,-0.578852,15.023,-0.619059,0.443673,1.23943,1.06737,0.0213499,-26.6779,-0.448308,-0.465022,2.54859,0.031889,0.578852,2.09831,-0.1309,-2.77556e-15,-0.201007,-0.0485435,-0.67604,1.13473,-0.51995,0.37089,-3.55717,1.06674,-0.155161,-3.37841,-0.546786,-0.215729,0.400782,0.0485435,0.67604,0.164772,2.86205,0.413279,0.13623,-0.872136,0.194991,0.157235,0.154686,0.199181,True,True
2.68,0.1309,0,0.564028,-0.0347564,-0.567195,17.9652,-0.616836,0.445107,0.649558,1.06745,0.0130382,-29.0367,-0.450616,-0.458145,2.31037,0.0347564,0.567195,2.24956,-0.1309,-2.77556e-15,-0.210764,-0.0518957,-0.663872,0.234558,-0.518086,0.374456,-3.44815,1.06594,-0.162249,-1.47306,-0.547855,-0.212207,0.177403,0.0518957,0.663872,0.082883,2.79461,0.172708,0.130749,-0.856556,0.194446,0.158589,0.147113,0.208718,True,True
2.685,0.1309,0,0.482337,-0.0375609,-0.553747,20.726,-0.614608,0.445992,0.124463,1.0675,0.00533374,-31.2125,-0.45289,-0.451325,1.86099,0.0375609,0.553747,2.29322,-0.1309,0,-0.192418,-0.0551823,-0.649924,-0.728881,-0.516205,0.37792,-3.44461,1.06511,-0.168643,0.214712,-0.548908,-0.209277,0.0034594,0.0551823,0.649924,-0.00222665,2.52707,-0.139732,0.123724,-0.839427,0.193919,0.159924,0.139541,0.218255,True,True
2.69,0.1309,-0.000686877,-0.122123,-0.0402939,-0.538757,23.5858,-0.612376,0.446289,0.414989,1.06751,-0.00173745,-32.8111,-0.45513,-0.444551,1.68287,0.0402939,0.538757,2.69253,-0.1309,0.000686877,-0.0479037,-0.0583949,-0.634073,-1.55326,-0.514307,0.377422,-4.13955,1.06426,-0.168404,1.80836,-0.549948,-0.209018,-0.13586,0.0583949,0.634073,-0.0870077,2.63948,-0.48472,0.115388,-0.820955,0.193413,0.161238,0.131968,0.227792,True,False
2.695,0.130893,-0.00538006,-1.4398,-0.0429485,-0.522676,24.0584,-0.610145,0.444514,2.62771,1.06748,-0.0084307,-31.6005,-0.457335,-0.436083,2.87284,0.0429485,0.522676,1.87756,-0.130893,0.00538006,0.232367,-0.061523,-0.614601,-1.15239,-0.512431,0.353468,-6.03515,1.06343,-0.133525,2.06345,-0.550998,-0.219943,-0.217582,0.061523,0.614601,-0.104119,2.95652,0.736364,0.107488,-0.800195,0.19293,0.16253,0.131968,0.227792,True,False
2.7,0.130846,-0.0170873,-3.11537,-0.0455207,-0.505957,24.7457,-0.607931,0.43936,5.34956,1.06742,-0.0149451,-30.1962,-0.45949,-0.424415,4.13484,0.0455207,0.505957,1.65084,-0.130846,0.0170873,0.602154,-0.064541,-0.590031,-0.607939,-0.510772,0.289797,-8.37916,1.06292,-0.0409982,2.35295,-0.552148,-0.248799,-0.315129,0.064541,0.590031,-0.122687,3.65848,1.66322,0.101594,-0.776393,0.192475,0.163802,0.131968,0.227792,True,False
2.705,0.130722,-0.0358524,-4.73566,-0.0480081,-0.488875,25.342,-0.605751,0.431146,7.76099,1.06733,-0.0211756,-29.0721,-0.461579,-0.40997,4.94692,0.0480081,0.488875,1.6124,-0.130722,0.0358524,0.965724,-0.0674233,-0.560717,-0.0742922,-0.509533,0.189132,-10.5058,1.06302,0.104847,2.5795,-0.553486,-0.293979,-0.399541,0.0674233,0.560717,-0.138979,4.1738,2.19597,0.0976145,-0.750124,0.192048,0.165057,0.131968,0.227792,True,False
2.71,0.130487,-0.0610227,-6.19444,-0.0504094,-0.471587,25.7869,-0.603619,0.420428,9.75859,1.06721,-0.0269944,-28.2189,-0.46359,-0.393433,5.39804,0.0504094,0.471587,1.62783,-0.130487,0.0610227,1.30205,-0.0701481,-0.527314,0.419604,-0.508881,0.0581962,-12.2992,1.06397,0.293681,2.73098,-0.555087,-0.351877,-0.465359,0.0701481,0.527314,-0.152864,4.48324,2.4689,0.0951517,-0.72206,0.191652,0.166296,0.131968,0.227792,True,False
2.715,0.130112,-0.0919651,-7.4717,-0.0527239,-0.454187,26.0818,-0.601547,0.407622,11.3917,1.06706,-0.0323166,-27.5526,-0.465514,-0.375305,5.64664,0.0527239,0.454187,1.65471,-0.130112,0.0919651,1.60958,-0.0726964,-0.490356,0.875672,-0.508951,-0.0967718,-13.7738,1.06596,0.515607,2.81399,-0.557005,-0.418835,-0.512768,0.0726964,0.490356,-0.164819,4.66621,2.607,0.0938972,-0.692676,0.19129,0.167523,0.131968,0.227792,True,False
2.72,0.129568,-0.128066,-8.55952,-0.0549513,-0.436734,26.2328,-0.599543,0.393062,12.6957,1.06689,-0.0370858,-27.0252,-0.467343,-0.355976,5.78339,0.0549513,0.436734,1.67262,-0.129568,0.128066,1.88774,-0.0750517,-0.450305,1.29622,-0.509849,-0.269972,-14.9457,1.06912,0.761182,2.83469,-0.559276,-0.49121,-0.542229,0.0750517,0.450305,-0.175116,4.77043,2.67958,0.0935955,-0.662323,0.190961,0.16874,0.131968,0.227792,True,False
2.725,0.128831,-0.16873,-9.45822,-0.0570913,-0.419259,26.2489,-0.597616,0.377033,13.6982,1.06669,-0.0412657,-26.6102,-0.469073,-0.335767,5.85744,0.0570913,0.419259,1.6732,-0.128831,0.16873,2.13661,-0.0771995,-0.407585,1.68335,-0.511651,-0.456029,-15.8329,1.07357,1.02148,2.79916,-0.561917,-0.56545,-0.554494,0.0771995,0.407585,-0.183894,4.82336,2.72263,0.0940229,-0.631279,0.190667,0.16995,0.131968,0.227792,True,False
2.73,0.12788,-0.213384,-10.1735,-0.0591439,-0.401779,26.1416,-0.595773,0.35979,14.4238,1.06647,-0.0448349,-26.292,-0.470701,-0.314955,5.89439,0.0591439,0.401779,1.65462,-0.12788,0.213384,2.35674,-0.0791275,-0.362598,2.03862,-0.514409,-0.65001,-16.4554,1.07934,1.28818,2.71342,-0.56493,-0.638166,-0.550591,0.0791275,0.362598,-0.191202,4.84077,2.75344,0.0949763,-0.599773,0.19041,0.171155,0.131968,0.227792,True,False
2.735,0.126697,-0.261472,-10.7147,-0.0611091,-0.384301,25.9242,-0.594018,0.341571,14.8957,1.06624,-0.0477836,-26.0606,-0.472223,-0.293788,5.90702,0.0611091,0.384301,1.61847,-0.126697,0.261472,2.54893,-0.0808255,-0.315745,2.36282,-0.518151,-0.847448,-16.8353,1.08645,1.55365,2.58356,-0.568299,-0.706202,-0.531811,0.0808255,0.315745,-0.197029,4.83194,2.77921,0.0962676,-0.567999,0.190188,0.172357,0.131968,0.227792,True,False
2.74,0.125266,-0.312458,-11.0933,-0.0629869,-0.366827,25.6113,-0.592357,0.322599,15.1373,1.066,-0.0501122,-25.9077,-0.473639,-0.272486,5.90143,0.0629869,0.366827,1.5679,-0.125266,0.312458,2.71415,-0.082285,-0.267429,2.65597,-0.522883,-1.04437,-16.9957,1.09488,1.81107,2.4157,-0.571992,-0.766701,-0.499655,0.082285,0.267429,-0.201325,4.80266,2.802,0.0977228,-0.536131,0.190002,0.173558,0.131968,0.227792,True,False
2.745,0.123573,-0.365826,-11.3222,-0.0647773,-0.349354,25.2182,-0.590792,0.303082,15.172,1.06574,-0.051829,-25.8258,-0.474948,-0.251253,5.88049,0.0647773,0.349354,1.50666,-0.123573,0.365826,2.85343,-0.0834997,-0.218064,2.91734,-0.528595,-1.23731,-16.9607,1.10456,2.05446,2.21589,-0.575966,-0.81715,-0.455793,0.0834997,0.218064,-0.204012,4.75696,2.8215,0.0991816,-0.504319,0.189851,0.174758,0.131968,0.227792,True,False
2.75,0.121607,-0.421079,-11.4147,-0.0664804,-0.331883,24.761,-0.589326,0.283219,15.0229,1.06548,-0.0529497,-25.8075,-0.476151,-0.230269,5.84565,0.0664804,0.331883,1.43846,-0.121607,0.421079,2.96776,-0.0844656,-0.168079,3.14558,-0.535256,-1.4233,-16.7541,1.11542,2.27872,1.99006,-0.580164,-0.855416,-0.401994,0.0844656,0.168079,-0.204996,4.69785,2.83646,0.100499,-0.472702,0.189736,0.175959,0.131968,0.227792,True,False
2.755,0.119362,-0.47774,-11.3842,-0.0680962,-0.314413,24.2554,-0.58796,0.263195,14.7126,1.06521,-0.0534962,-25.8452,-0.477251,-0.209699,5.7977,0.0680962,0.314413,1.36668,-0.119362,0.47774,3.05803,-0.0851805,-0.117918,3.33888,-0.542828,-1.5999,-16.3992,1.12735,2.47967,1.74388,-0.58452,-0.87977,-0.340073,0.0851805,0.117918,-0.204175,4.62782,2.84544,0.101544,-0.441404,0.189654,0.177161,0.131968,0.227792,True,False
2.76,0.11683,-0.53535,-11.2435,-0.0696246,-0.296947,23.717,-0.586694,0.243183,14.2624,1.06494,-0.0534952,-25.9313,-0.478248,-0.189688,5.73723,0.0696246,0.296947,1.29427,-0.11683,0.53535,3.12493,-0.0856448,-0.0680406,3.49523,-0.551255,-1.7651,-15.9179,1.14022,2.65399,1.48274,-0.588962,-0.888887,-0.271832,0.0856448,0.0680406,-0.201445,4.54888,2.84714,0.102202,-0.410539,0.189605,0.178365,0.131968,0.227792,True,False
2.765,0.114008,-0.593472,-11.0044,-0.0710656,-0.279493,23.1602,-0.585528,0.223346,13.692,1.06468,-0.0529779,-26.0589,-0.479147,-0.170368,5.66471,0.0710656,0.279493,1.22358,-0.114008,0.593472,3.16897,-0.0858609,-0.0189241,3.61255,-0.560479,-1.91734,-15.3301,1.15389,2.79918,1.21161,-0.593409,-0.88184,-0.199022,0.0858609,0.0189241,-0.196709,4.4627,2.84047,0.102375,-0.38021,0.189587,0.179571,0.131968,0.227792,True,False
2.77,0.110895,-0.651687,-10.6778,-0.0724195,-0.262061,22.5985,-0.584461,0.20383,13.0195,1.06441,-0.0519787,-26.2215,-0.479952,-0.151851,5.58052,0.0724195,0.262061,1.15646,-0.110895,0.651687,3.19047,-0.085834,0.028943,3.68898,-0.570429,-2.05541,-14.6539,1.16821,2.9135,0.935071,-0.59778,-0.858087,-0.1233,0.085834,-0.028943,-0.189884,4.37056,2.8246,0.10198,-0.350513,0.189599,0.180779,0.131968,0.227792,True,False
2.775,0.107491,-0.709594,-10.2733,-0.0736863,-0.244667,22.0439,-0.58349,0.184775,12.2606,1.06416,-0.0505345,-26.4131,-0.480666,-0.13424,5.48498,0.0736863,0.244667,1.09425,-0.107491,0.709594,3.18951,-0.0855715,0.0750631,3.723,-0.581033,-2.17846,-13.9047,1.18302,2.9959,0.657275,-0.60199,-0.81744,-0.0462171,0.0855715,-0.0750631,-0.180908,4.27345,2.79896,0.100947,-0.321537,0.189641,0.181988,0.131968,0.227792,True,False
2.78,0.103799,-0.766815,-9.79951,-0.0748662,-0.227329,21.5067,-0.582613,0.166305,11.4296,1.06391,-0.0486843,-26.6286,-0.481294,-0.117621,5.37837,0.0748662,0.227329,1.03783,-0.103799,0.766815,3.16604,-0.0850834,0.118935,3.71363,-0.592213,-2.28586,-13.0958,1.19817,3.0459,0.381962,-0.605954,-0.760042,0.0308011,0.0850834,-0.118935,-0.169749,4.17205,2.76322,0.0992223,-0.293367,0.189709,0.1832,0.131968,0.227792,True,False
2.785,0.0998233,-0.822989,-9.26386,-0.0759596,-0.210073,20.9956,-0.581827,0.148537,10.5385,1.06367,-0.0464681,-26.8636,-0.481842,-0.102068,5.26099,0.0759596,0.210073,0.987745,-0.0998233,0.822989,3.11993,-0.0843822,0.16006,3.66054,-0.603891,-2.37721,-12.2385,1.21348,3.06354,0.1125,-0.60959,-0.686334,0.106455,0.0843822,-0.16006,-0.156408,4.06686,2.71725,0.0967626,-0.266079,0.189803,0.184412,0.131968,0.227792,True,False
2.79,0.0955695,-0.877774,-8.67298,-0.0769669,-0.192927,20.5179,-0.581128,0.131574,9.59827,1.06344,-0.0439263,-27.114,-0.482315,-0.0876481,5.13317,0.0769669,0.192927,0.944204,-0.0955695,0.877774,3.05101,-0.0834828,0.197951,3.56411,-0.615985,-2.45226,-11.342,1.2288,3.04929,-0.148076,-0.612818,-0.597026,0.179572,0.0834828,-0.197951,-0.140931,3.95823,2.66113,0.0935382,-0.239747,0.189921,0.185625,0.131968,0.227792,True,False
2.795,0.0910456,-0.93085,-8.03276,-0.0778888,-0.175921,20.079,-0.580511,0.115513,8.61831,1.06323,-0.0410997,-27.3764,-0.482719,-0.0744132,4.99535,0.0778888,0.175921,0.907208,-0.0910456,0.93085,2.95914,-0.0824027,0.232144,3.42549,-0.628414,-2.51089,-10.414,1.24397,3.00396,-0.397021,-0.615561,-0.493066,0.249103,0.0824027,-0.232144,-0.123412,3.84646,2.59512,0.0895303,-0.21444,0.190062,0.186837,0.131968,0.227792,True,False
2.8,0.086261,-0.981914,-7.34861,-0.0787261,-0.159091,19.6829,-0.579973,0.100437,7.60718,1.06303,-0.0380286,-27.6478,-0.483059,-0.062408,4.84809,0.0787261,0.159091,0.876585,-0.086261,0.981914,2.84435,-0.0811614,0.262202,3.24661,-0.641094,-2.55305,-9.46088,1.25884,2.92867,-0.631827,-0.617748,-0.375615,0.314117,0.0811614,-0.262202,-0.104,3.73184,2.51969,0.0847302,-0.190222,0.190224,0.188049,0.131968,0.227792,True,False
2.805,0.0812264,-1.03068,-6.6256,-0.0794797,-0.142474,19.3324,-0.579507,0.08642,6.57273,1.06285,-0.0347526,-27.9252,-0.483343,-0.0516675,4.69214,0.0794797,0.142474,0.852053,-0.0812264,1.03068,2.70683,-0.0797806,0.287733,3.03011,-0.653944,-2.57875,-8.48809,1.27326,2.82477,-0.850188,-0.619317,-0.246012,0.3738,0.0797806,-0.287733,-0.0829018,3.6147,2.43546,0.0791387,-0.167155,0.190406,0.189258,0.131968,0.227792,True,False
2.81,0.0759541,-1.0769,-5.86866,-0.0801508,-0.126109,19.0291,-0.579109,0.0735276,5.52237,1.06268,-0.0313099,-28.2059,-0.483576,-0.0422177,4.52845,0.0801508,0.126109,0.833263,-0.0759541,1.0769,2.54702,-0.078284,0.308399,2.7793,-0.666882,-2.58805,-7.50049,1.28709,2.6938,-1.04996,-0.620208,-0.105753,0.427453,0.078284,-0.308399,-0.0603814,3.49551,2.34322,0.0727651,-0.145292,0.190607,0.190465,0.131968,0.227792,True,False
2.815,0.0704575,-1.12031,-5.08273,-0.0807408,-0.110037,18.7737,-0.578772,0.0618137,4.46329,1.06254,-0.0277375,-28.4875,-0.483765,-0.0340762,4.35817,0.0807408,0.110037,0.819834,-0.0704575,1.12031,2.36565,-0.0766967,0.323927,2.49805,-0.679825,-2.58102,-6.50266,1.3002,2.53748,-1.22914,-0.620374,0.0435378,0.474491,0.0766967,-0.323927,-0.0367627,3.37482,2.24389,0.0656266,-0.124683,0.190825,0.191668,0.131968,0.227792,True,False
2.82,0.0647511,-1.1607,-4.27282,-0.0812512,-0.0942974,18.5662,-0.57849,0.0513228,3.40263,1.06241,-0.0240703,-28.7676,-0.483917,-0.0272525,4.18262,0.0812512,0.0942974,0.811383,-0.0647511,1.1607,2.16376,-0.0750448,0.334122,2.19066,-0.692692,-2.55778,-5.49913,1.31247,2.35764,-1.38586,-0.619773,0.200135,0.514446,0.0750448,-0.334122,-0.0124241,3.2533,2.13852,0.0577467,-0.105374,0.191059,0.192865,0.131968,0.227792,True,False
2.825,0.0588505,-1.19785,-3.44408,-0.0816838,-0.0789306,18.4064,-0.578258,0.0420897,2.34758,1.0623,-0.0203413,-29.0441,-0.484037,-0.0217484,4.00326,0.0816838,0.0789306,0.807552,-0.0588505,1.19785,1.94269,-0.0733554,0.338874,1.86177,-0.705403,-2.51848,-4.49462,1.32378,2.15624,-1.51835,-0.618373,0.362242,0.546971,0.0733554,-0.338874,0.0122076,3.13176,2.02822,0.0491549,-0.0873994,0.191308,0.194056,0.131968,0.227792,True,False
2.83,0.0527725,-1.2316,-2.60184,-0.0820405,-0.0639739,18.2933,-0.578069,0.0341395,1.30549,1.0622,-0.016581,-29.3149,-0.484134,-0.0175585,3.82172,0.0820405,0.0639739,0.808027,-0.0527725,1.2316,1.70406,-0.071656,0.338172,1.51614,-0.717877,-2.46331,-3.49423,1.33403,1.9353,-1.62499,-0.616151,0.528016,0.571841,0.071656,-0.338172,0.0366664,3.0111,1.91418,0.0398847,-0.0707916,0.191572,0.19524,0.131968,0.227792,True,False
2.835,0.0465346,-1.26176,-1.75156,-0.0823235,-0.0494625,18.2264,-0.577917,0.0274882,0.283897,1.06213,-0.0128174,-29.5782,-0.484213,-0.0146708,3.63973,0.0823235,0.0494625,0.812548,-0.0465346,1.26176,1.44976,-0.0699737,0.332104,1.1586,-0.730036,-2.39254,-2.50354,1.34313,1.69694,-1.70427,-0.613093,0.695601,0.588957,0.0699737,-0.332104,0.0604591,2.89236,1.79761,0.0299727,-0.0555732,0.191849,0.196414,0.131968,0.227792,True,False
2.84,0.0401549,-1.2882,-0.898805,-0.0825351,-0.0354274,18.2048,-0.577795,0.0221435,-0.709495,1.06208,-0.00907568,-29.8326,-0.484281,-0.0130678,3.45911,0.0825351,0.0354274,0.820911,-0.0401549,1.2882,1.18188,-0.068335,0.320864,0.793836,-0.741802,-2.30651,-1.5287,1.351,1.44335,-1.75485,-0.609195,0.863154,0.598342,0.068335,-0.320864,0.0830791,2.77664,1.67977,0.0194572,-0.0417595,0.192138,0.197579,0.131968,0.227792,True,False
2.845,0.0336526,-1.31078,-0.049181,-0.0826778,-0.0218955,18.2279,-0.577696,0.0181051,-1.66682,1.06204,-0.00537816,-30.0766,-0.484344,-0.0127269,3.28175,0.0826778,0.0218955,0.832963,-0.0336526,1.31078,0.902696,-0.0667651,0.304755,0.426326,-0.753101,-2.20564,-0.576384,1.35756,1.17676,-1.77558,-0.604461,1.02888,0.600146,0.0667651,-0.304755,0.104023,2.66514,1.56189,0.00837707,-0.0293583,0.192439,0.198732,0.131968,0.227792,True,False
2.85,0.0270472,-1.3294,0.791735,-0.0827541,-0.00888807,18.2954,-0.577614,0.0153657,-2.58013,1.06202,-0.00174422,-30.3091,-0.484408,-0.0136215,3.10953,0.0827541,0.00888807,0.848594,-0.0270472,1.3294,0.614587,-0.0652874,0.284181,0.0602169,-0.763859,-2.0905,0.346185,1.36276,0.899453,-1.76552,-0.598906,1.19105,0.594632,0.0652874,-0.284181,0.122808,2.55906,1.44521,-0.00323032,-0.0183692,0.192751,0.199872,0.131968,0.227792,True,False
2.855,0.0203586,-1.34398,1.61847,-0.0827667,0.00357957,18.4067,-0.577542,0.0139123,-3.44149,1.06202,0.00180973,-30.5296,-0.48448,-0.015722,2.94434,0.0827667,-0.00357957,0.867719,-0.0203586,1.34398,0.320016,-0.0639233,0.259645,-0.300746,-0.774006,-1.96177,1.23138,1.36656,0.613735,-1.72397,-0.592551,1.34804,0.582169,0.0639233,-0.259645,0.138989,2.45963,1.33095,-0.0153298,-0.00878434,0.193074,0.200998,0.131968,0.227792,True,False
2.86,0.0136074,-1.35444,2.42568,-0.0827183,0.0154985,18.5618,-0.577474,0.013727,-4.24311,1.06204,0.00527021,-30.7372,-0.484565,-0.0189972,2.78801,0.0827183,-0.0154985,0.890265,-0.0136074,1.35444,0.0214864,-0.062691,0.231735,-0.653266,-0.783476,-1.82028,2.07127,1.3689,0.321945,-1.65052,-0.585425,1.49834,0.563217,0.062691,-0.231735,0.152172,2.36803,1.22028,-0.0278898,-0.000588436,0.193408,0.202109,0.131968,0.227792,True,False
2.865,0.00681419,-1.36074,3.20826,-0.0826117,0.0268668,18.7603,-0.577405,0.0147879,-4.97744,1.06207,0.00862652,-30.9318,-0.48467,-0.0234144,2.64228,0.0826117,-0.0268668,0.916148,-0.00681419,1.36074,-0.27848,-0.0616059,0.201118,-0.994515,-0.792209,-1.66703,2.85783,1.36978,0.0264366,-1.54505,-0.577567,1.64059,0.53831,0.0616059,-0.201118,0.162037,2.2854,1.11432,-0.0408837,0.00624077,0.193751,0.203203,0.131968,0.227792,True,False
2.87,1.48742e-17,-1.36284,3.96129,-0.0824496,0.0376894,19.0017,-0.577327,0.0170704,-5.63731,1.06213,0.0118706,-31.1132,-0.484799,-0.028941,2.50879,0.0824496,-0.0376894,0.945258,1.48742e-17,1.36284,-0.577358,-0.0606798,0.168516,-1.32214,-0.800147,-1.50315,3.58306,1.36917,-0.270434,-1.4078,-0.56902,1.77358,0.508033,0.0606798,-0.168516,0.16834,2.21278,1.01416,-0.0542899,0.0117321,0.194105,0.204279,0.131968,0.227792,True,False
2.875,-0.00681419,-1.36074,4.68008,-0.0822348,0.0479782,19.2852,-0.577234,0.0205482,-6.21608,1.06219,0.0149966,-31.2813,-0.484959,-0.0355449,2.38903,0.0822348,-0.0479782,0.977446,0.00681419,1.36074,-0.872622,-0.0599207,0.134696,-1.63421,-0.80724,-1.32996,4.23925,1.36707,-0.566313,-1.23936,-0.559831,1.89627,0.473002,0.0599207,-0.134696,0.170934,2.15107,0.92079,-0.0680932,0.0159202,0.194469,0.205337,0.131968,0.227792,True,False
2.88,-0.0136074,-1.35444,5.36017,-0.0819698,0.0577523,19.6094,-0.577121,0.0251936,-6.70773,1.06228,0.0180011,-31.4362,-0.485155,-0.0431947,2.2843,0.0819698,-0.0577523,1.01251,0.0136074,1.35444,-1.16174,-0.0593329,0.100443,-1.92923,-0.813446,-1.14891,4.8191,1.3635,-0.858861,-1.04069,-0.550057,2.00777,0.433837,0.0593329,-0.100443,0.169763,2.10104,0.835153,-0.0822847,0.0188457,0.194842,0.206375,0.131968,0.227792,True,False
2.885,-0.0203586,-1.34398,5.99724,-0.0816573,0.0670373,19.9723,-0.576982,0.0309786,-7.107,1.06237,0.020882,-31.5778,-0.485391,-0.0518607,2.19574,0.0816573,-0.0670373,1.05021,0.0203586,1.34398,-1.44218,-0.0589163,0.0665485,-2.20602,-0.818729,-0.961602,5.31595,1.35848,-1.14576,-0.81309,-0.539754,2.10736,0.391144,0.0589163,-0.0665485,0.164871,2.06332,0.758094,-0.096862,0.0205539,0.195227,0.207392,0.131968,0.227792,True,False
2.89,-0.0270472,-1.3294,6.58718,-0.0812995,0.0758652,20.3712,-0.576811,0.0378749,-7.40946,1.06248,0.0236388,-31.7062,-0.485673,-0.0615138,2.12427,0.0812995,-0.0758652,1.09024,0.0270472,1.3294,-1.7114,-0.0586674,0.0337822,-2.4637,-0.823062,-0.769768,5.7239,1.35205,-1.42472,-0.558262,-0.528983,2.19449,0.34549,0.0586674,-0.0337822,0.1564,2.03836,0.690361,-0.111828,0.0210955,0.195622,0.208388,0.131968,0.227792,True,False
2.895,-0.0336526,-1.31078,7.12598,-0.0808986,0.084274,20.8027,-0.576603,0.0458542,-7.6116,1.06261,0.0262719,-31.8213,-0.486006,-0.0721261,2.07056,0.0808986,-0.084274,1.13226,0.0336526,1.31078,-1.96685,-0.0585785,0.00287799,-2.70163,-0.826427,-0.575237,6.03794,1.34424,-1.69349,-0.278231,-0.517809,2.26873,0.297387,0.0585785,-0.00287799,0.144578,2.02641,0.632588,-0.127193,0.0205258,0.196028,0.209362,0.131968,0.227792,True,False
2.9,-0.0401549,-1.2882,7.60975,-0.0804567,0.0923073,21.2622,-0.576353,0.0548882,-7.71086,1.06275,0.0287821,-31.9228,-0.486395,-0.0836703,2.03507,0.0804567,-0.0923073,1.17585,0.0401549,1.2882,-2.206,-0.0586386,-0.0254849,-2.91932,-0.828815,-0.379925,6.254,1.33511,-1.94985,0.0246567,-0.506296,2.32978,0.247279,0.0586386,0.0254849,0.129714,2.02754,0.585285,-0.142971,0.0189046,0.196446,0.210313,0.131968,0.227792,True,False
2.905,-0.0465346,-1.26176,8.0347,-0.0799756,0.100014,21.7447,-0.576054,0.0649483,-7.70566,1.0629,0.0311703,-32.0104,-0.486843,-0.0961185,2.01799,0.0799756,-0.100014,1.22059,0.0465346,1.26176,-2.42636,-0.0588333,-0.0506974,-3.11642,-0.830226,-0.185806,6.36909,1.32474,-2.19164,0.34777,-0.494511,2.37744,0.195532,0.0588333,0.0506974,0.112185,2.04165,0.548833,-0.159178,0.0162968,0.196877,0.21124,0.131968,0.227792,True,False
2.91,-0.0527725,-1.2316,8.3972,-0.0794566,0.107446,22.244,-0.575703,0.0760049,-7.59539,1.06306,0.0334371,-32.0836,-0.487356,-0.109442,2.01929,0.0794566,-0.107446,1.26604,0.0527725,1.2316,-2.62557,-0.0591456,-0.0722327,-3.29267,-0.830673,0.00511117,6.38122,1.31319,-2.41672,0.688232,-0.482522,2.41161,0.142434,0.0591456,0.0722327,0.0924201,2.06846,0.523487,-0.175837,0.012772,0.197321,0.212144,0.131968,0.227792,True,False
2.915,-0.0588505,-1.19785,8.69382,-0.0789011,0.114662,22.7537,-0.575294,0.0880273,-7.38044,1.06323,0.0355823,-32.1415,-0.487937,-0.12361,2.03877,0.0789011,-0.114662,1.31175,0.0588505,1.19785,-2.80138,-0.0595557,-0.0896561,-3.44787,-0.830175,0.190813,6.28949,1.30057,-2.62304,1.04296,-0.470395,2.43223,0.088189,0.0595557,0.0896561,0.070886,2.10759,0.50938,-0.192969,0.008405,0.197779,0.213025,0.131968,0.227792,True,False
2.92,-0.0647511,-1.1607,8.92135,-0.07831,0.12172,23.2667,-0.574823,0.100983,-7.06212,1.06341,0.0376044,-32.1832,-0.488592,-0.138587,2.07604,0.07831,-0.12172,1.35727,0.0647511,1.1607,-2.9518,-0.0600421,-0.102631,-3.58187,-0.828765,0.369303,6.094,1.28696,-2.80857,1.40872,-0.458199,2.43927,0.0329344,0.0600421,0.102631,0.0480706,2.15854,0.506545,-0.210596,0.00327588,0.198253,0.213881,0.131968,0.227792,True,False
2.925,-0.0704575,-1.12031,9.07699,-0.0776839,0.128684,23.7753,-0.574285,0.114836,-6.64267,1.06361,0.0395006,-32.2076,-0.489323,-0.154336,2.13057,0.0776839,-0.128684,1.40216,0.0704575,1.12031,-3.07512,-0.060582,-0.110922,-3.6946,-0.826482,0.53863,5.79591,1.27248,-2.97137,1.78213,-0.446002,2.43274,-0.0232528,0.060582,0.110922,0.0244671,2.22068,0.514931,-0.22874,-0.00252975,0.198743,0.214714,0.131968,0.227792,True,False
2.93,-0.0759541,-1.0769,9.15837,-0.0770231,0.135619,24.272,-0.573675,0.129548,-6.12526,1.06381,0.0412659,-32.2133,-0.490135,-0.170813,2.20176,0.0770231,-0.135619,1.44593,0.0759541,1.0769,-3.17003,-0.0611513,-0.114395,-3.78604,-0.823378,0.69691,5.39739,1.25725,-3.10957,2.15973,-0.433872,2.41266,-0.0803362,0.0611513,0.114395,0.000559925,2.29336,0.534438,-0.247418,-0.00892065,0.19925,0.215524,0.131968,0.227792,True,False
2.935,-0.0812264,-1.03068,9.16377,-0.0763277,0.142589,24.7492,-0.572989,0.145075,-5.514,1.06402,0.0428935,-32.1989,-0.491032,-0.187969,2.28893,0.0763277,-0.142589,1.48813,0.0812264,1.03068,-3.23566,-0.0617259,-0.113013,-3.85629,-0.819513,0.842353,4.90165,1.24139,-3.22138,2.53799,-0.421876,2.37902,-0.138298,0.0617259,0.113013,-0.0231884,2.37586,0.564947,-0.266645,-0.0158,0.199777,0.216311,0.131968,0.227792,True,False
2.94,-0.086261,-0.981914,9.09222,-0.0755973,0.14966,25.1995,-0.572224,0.161371,-4.81392,1.06424,0.0443739,-32.1628,-0.492015,-0.205744,2.39144,0.0755973,-0.14966,1.52826,0.086261,0.981914,-3.27164,-0.0622815,-0.106834,-3.90558,-0.814955,0.973284,4.31297,1.22504,-3.30511,2.91331,-0.410082,2.33183,-0.197113,0.0622815,0.106834,-0.0463481,2.46748,0.606348,-0.28643,-0.0230656,0.200323,0.217075,0.131968,0.227792,True,False
2.945,-0.0910456,-0.93085,8.94365,-0.0748311,0.156896,25.6159,-0.571375,0.178381,-4.03114,1.06446,0.0456956,-32.1035,-0.493089,-0.224076,2.50866,0.0748311,-0.156896,1.56582,0.0910456,0.93085,-3.27817,-0.0627943,-0.0960013,-3.9343,-0.80978,1.08817,3.63681,1.20834,-3.35923,3.28204,-0.398557,2.27106,-0.256718,0.0627943,0.0960013,-0.0685303,2.56751,0.658561,-0.306774,-0.0306099,0.200891,0.217818,0.131968,0.227792,True,False
2.95,-0.0955695,-0.877774,8.71908,-0.0740283,0.164362,25.9922,-0.57044,0.196047,-3.17292,1.0647,0.046844,-32.0196,-0.494256,-0.242891,2.64,0.0740283,-0.164362,1.60031,0.0955695,0.877774,-3.25604,-0.0632415,-0.0807337,-3.94302,-0.804073,1.18565,2.87988,1.19144,-3.38238,3.64045,-0.387371,2.19673,-0.316982,0.0632415,0.0807337,-0.0893935,2.67529,0.721531,-0.327671,-0.0383211,0.201482,0.21854,0.131968,0.227792,True,False
2.955,-0.0998233,-0.822989,8.42076,-0.0731875,0.172116,26.3225,-0.569415,0.214305,-2.24783,1.06493,0.0478024,-31.9097,-0.495518,-0.262108,2.78488,0.0731875,-0.172116,1.63122,0.0998233,0.822989,-3.20663,-0.0636016,-0.0613186,-3.93256,-0.797924,1.26455,2.05036,1.17451,-3.37342,3.98468,-0.37659,2.10886,-0.377672,0.0636016,0.0613186,-0.108647,2.79013,0.795209,-0.349106,-0.0460836,0.202097,0.219243,0.131968,0.227792,True,False
2.96,-0.103799,-0.766815,8.05226,-0.0723071,0.180215,26.6023,-0.568297,0.233084,-1.266,1.06517,0.0485516,-31.7731,-0.496877,-0.281635,2.94265,0.0723071,-0.180215,1.65809,0.103799,0.766815,-3.13189,-0.0638547,-0.0380997,-3.90395,-0.791427,1.32394,1.15804,1.15771,-3.33148,4.31074,-0.366282,2.00753,-0.438419,0.0638547,0.0380997,-0.126052,2.91136,0.879493,-0.371053,-0.0537794,0.202737,0.219928,0.131968,0.227792,True,False
2.965,-0.107491,-0.709594,7.6186,-0.0713853,0.18871,26.8278,-0.567084,0.252307,-0.239297,1.06542,0.0490699,-31.6094,-0.498334,-0.301377,3.11252,0.0713853,-0.18871,1.68049,0.107491,0.709594,-3.0343,-0.0639826,-0.0114672,-3.85848,-0.784684,1.36314,0.21456,1.1412,-3.25605,4.61443,-0.356515,1.89291,-0.498685,0.0639826,0.0114672,-0.141421,3.0382,0.974149,-0.393478,-0.0612893,0.203404,0.220595,0.131968,0.227792,True,False
2.97,-0.110895,-0.651687,7.12628,-0.07042,0.197643,26.9961,-0.565774,0.271893,0.81841,1.06566,0.0493339,-31.4194,-0.499891,-0.321227,3.29337,0.07042,-0.197643,1.6981,0.110895,0.651687,-2.91677,-0.0639693,0.0181529,-3.79762,-0.777796,1.38177,-0.766462,1.12515,-3.14709,4.89127,-0.347353,1.76531,-0.557738,0.0639693,-0.0181529,-0.154619,3.16971,1.0787,-0.416332,-0.0684948,0.2041,0.221248,0.131968,0.227792,True,False
2.975,-0.114008,-0.593472,6.58328,-0.0694089,0.207053,27.1057,-0.564365,0.291756,1.8911,1.06591,0.0493183,-31.2047,-0.501546,-0.341075,3.48358,0.0694089,-0.207053,1.71069,0.114008,0.593472,-2.78259,-0.0638011,0.0503085,-3.72303,-0.770866,1.37982,-1.76925,1.10973,-3.00504,5.13647,-0.338862,1.62522,-0.614629,0.0638011,-0.0503085,-0.165553,3.3047,1.19229,-0.439559,-0.0752801,0.204824,0.221886,0.131968,0.227792,True,False
2.98,-0.11683,-0.53535,5.99893,-0.0683495,0.216965,27.1558,-0.562856,0.311807,2.96051,1.06616,0.0489966,-30.968,-0.503301,-0.360804,3.6809,0.0683495,-0.216965,1.71814,0.11683,0.53535,-2.63524,-0.0634663,0.0845306,-3.63643,-0.763998,1.35766,-2.77586,1.0951,-2.83102,5.34487,-0.331101,1.47336,-0.668179,0.0634663,-0.0845306,-0.174177,3.44158,1.3136,-0.463089,-0.0815342,0.20558,0.222512,0.131968,0.227792,True,False
2.985,-0.119362,-0.47774,5.38373,-0.0672392,0.227398,27.1464,-0.561247,0.331955,4.00613,1.0664,0.0483416,-30.7135,-0.505155,-0.380297,3.88222,0.0672392,-0.227398,1.72042,0.119362,0.47774,-2.47825,-0.0629558,0.120342,-3.53954,-0.75729,1.31607,-3.76627,1.08142,-2.62685,5.51091,-0.324128,1.31077,-0.716982,0.0629558,-0.120342,-0.180479,3.57826,1.44071,-0.486843,-0.0871534,0.206367,0.223128,0.131968,0.227792,True,False
2.99,-0.121607,-0.421079,4.74902,-0.0660755,0.238357,27.0782,-0.559537,0.352107,5.00551,1.06664,0.0473256,-30.4466,-0.507104,-0.399433,4.08353,0.0660755,-0.238357,1.71753,0.121607,0.421079,-2.31505,-0.0622628,0.157264,-3.43399,-0.750837,1.25635,-4.71866,1.06883,-2.39518,5.62865,-0.317993,1.13882,-0.759422,0.0622628,-0.157264,-0.184482,3.71207,1.57113,-0.510731,-0.0920432,0.207187,0.223735,0.131968,0.227792,True,False
2.995,-0.123573,-0.365826,4.10661,-0.0648557,0.249836,26.9519,-0.557726,0.372172,5.93467,1.06687,0.0459212,-30.1739,-0.509149,-0.418093,4.27989,0.0648557,-0.249836,1.70939,0.123573,0.365826,-2.14875,-0.0613831,0.194823,-3.32109,-0.744726,1.18028,-5.60986,1.05747,-2.13958,5.69176,-0.31274,0.959295,-0.793704,0.0613831,-0.194823,-0.186234,3.83963,1.70182,-0.534656,-0.09612,0.208042,0.224335,0.131968,0.227792,True,False
3,-0.125266,-0.312458,3.46817,-0.0635772,0.26182,26.7683,-0.555815,0.392058,6.76883,1.0671,0.0441023,-29.9026,-0.511285,-0.436161,4.46556,0.0635772,-0.26182,1.69569,0.125266,0.312458,-1.98193,-0.0603146,0.232557,-3.20182,-0.739034,1.09017,-6.41606,1.04743,-1.86456,5.69366,-0.3084,0.774396,-0.817905,0.0603146,-0.232557,-0.185809,3.95694,1.82934,-0.558511,-0.0993128,0.208931,0.22493,0.131968,0.227792,True,False
3.005,-0.126697,-0.261472,2.84476,-0.0622375,0.274281,26.5274,-0.553805,0.411679,7.48324,1.06732,0.041844,-29.6405,-0.51351,-0.453523,4.6342,0.0622375,-0.274281,1.67581,0.126697,0.261472,-1.8165,-0.0590576,0.270019,-3.0766,-0.733825,0.98884,-7.11361,1.03882,-1.57564,5.62753,-0.304996,0.5868,-0.830037,0.0590576,-0.270019,-0.183293,4.05937,1.95005,-0.582185,-0.101564,0.209856,0.22552,0.131968,0.227792,True,False
3.01,-0.12788,-0.213384,2.24616,-0.0608344,0.287178,26.2284,-0.551698,0.430946,8.05423,1.06752,0.0391244,-29.3951,-0.515821,-0.470071,4.7792,0.0608344,-0.287178,1.64869,0.12788,0.213384,-1.65351,-0.0576144,0.306781,-2.94526,-0.729146,0.879643,-7.67995,1.03168,-1.27929,5.48651,-0.302532,0.399642,-0.828117,0.0576144,-0.306781,-0.178786,4.14188,2.06037,-0.605562,-0.102827,0.210817,0.226108,0.131968,0.227792,True,False
3.015,-0.128831,-0.16873,1.68034,-0.0593657,0.300467,25.8688,-0.549496,0.449775,8.46016,1.06771,0.0359246,-29.1729,-0.518211,-0.485699,4.89401,0.0593657,-0.300467,1.61307,0.128831,0.16873,-1.49307,-0.0559898,0.342434,-2.80693,-0.725028,0.766386,-8.09445,1.02603,-0.982901,5.26374,-0.300999,0.216515,-0.810234,0.0559898,-0.342434,-0.172389,4.19936,2.15688,-0.628521,-0.10307,0.211814,0.226695,0.131968,0.227792,True,False
3.02,-0.129568,-0.128066,1.1531,-0.0578297,0.31409,25.445,-0.547201,0.468079,8.68232,1.06788,0.0322303,-28.9794,-0.520678,-0.500309,4.9725,0.0578297,-0.31409,1.56801,0.129568,0.128066,-1.33427,-0.0541901,0.376591,-2.66007,-0.721482,0.653289,-8.33921,1.02185,-0.694724,4.95251,-0.300367,0.0414349,-0.774614,0.0541901,-0.376591,-0.164201,4.22711,2.23619,-0.650939,-0.102268,0.212849,0.227281,0.131968,0.227792,True,False
3.025,-0.130112,-0.0919651,0.667739,-0.0562248,0.327986,24.952,-0.544815,0.48577,8.70536,1.06803,0.0280322,-28.818,-0.523214,-0.513802,5.00917,0.0562248,-0.327986,1.5143,0.130112,0.0919651,-1.17523,-0.0522238,0.408884,-2.50249,-0.718495,0.544914,-8.39943,1.01908,-0.423714,4.54628,-0.300585,-0.1212,-0.719654,0.0522238,-0.408884,-0.154298,4.22189,2.2943,-0.67269,-0.100407,0.213922,0.227868,0.131968,0.227792,True,False
3.03,-0.130487,-0.0610227,0.225152,-0.0545498,0.342085,24.384,-0.542343,0.502754,8.51746,1.06816,0.0233269,-28.6906,-0.525816,-0.526081,4.99931,0.0545498,-0.342085,1.45711,0.130487,0.0610227,-1.01314,-0.0501012,0.438959,-2.33147,-0.716033,0.44609,-8.26343,1.01761,-0.179435,4.03865,-0.301579,-0.266656,-0.643935,0.0501012,-0.438959,-0.142722,4.18349,2.32508,-0.693643,-0.0974798,0.215031,0.228456,0.131968,0.227792,True,False
3.035,-0.130722,-0.0358524,-0.175951,-0.0528039,0.356304,23.7363,-0.539788,0.518933,8.1098,1.06826,0.0181172,-28.5972,-0.528475,-0.53705,4.93909,0.0528039,-0.356304,1.41111,0.130722,0.0358524,-0.844444,-0.0478342,0.466467,-2.14387,-0.714034,0.361842,-7.92219,1.01729,0.0280686,3.42327,-0.303252,-0.389911,-0.546196,0.0478342,-0.466467,-0.129447,4.11777,2.31742,-0.713657,-0.093488,0.216177,0.229046,0.131968,0.227792,True,False
3.04,-0.130846,-0.0170873,-0.538392,-0.0509868,0.370544,23.0076,-0.537154,0.534198,7.47573,1.06834,0.0124118,-28.5359,-0.531186,-0.54661,4.82655,0.0509868,-0.370544,1.40973,0.130846,0.0170873,-0.664958,-0.0454366,0.491046,-1.93623,-0.712414,0.297344,-7.36824,1.01789,0.18835,2.69366,-0.305478,-0.485694,-0.425275,0.0454366,-0.491046,-0.114333,4.04269,2.25034,-0.732574,-0.0884501,0.217359,0.229637,0.131968,0.227792,True,False
3.045,-0.130893,-0.00538006,-0.847867,-0.0490985,0.384662,22.2544,-0.534446,0.548432,6.67136,1.06839,0.00622373,-28.4717,-0.533941,-0.554656,4.73602,0.0490985,-0.384662,1.56904,0.130893,0.00538006,-0.478556,-0.0429238,0.512295,-1.71356,-0.711061,0.2579,-6.6407,1.01917,0.290599,1.88825,-0.308109,-0.548499,-0.287762,0.0429238,-0.512295,-0.0976942,4.07504,2.10305,-0.750199,-0.082414,0.218577,0.230231,0.131968,0.227792,True,False
3.05,-0.1309,-0.000686877,-1.00423,-0.0471402,0.398409,17.9632,-0.531669,0.561564,3.60504,1.0684,-0.000443714,-28.3279,-0.536733,-0.561121,2.89282,0.0471402,-0.398409,-0.382082,0.1309,0.000686877,-0.178963,-0.0403136,0.529995,-0.264861,-0.709835,0.24584,-4.23511,1.0208,0.330504,0.191804,-0.310963,-0.576344,0.0146082,0.0403136,-0.529995,-0.0523722,1.71527,2.07311,-0.766276,-0.0755516,0.219828,0.230825,0.131968,0.227792,True,True
3.055,-0.1309,0,-0.96837,-0.0451144,0.411314,15.8493,-0.52883,0.573761,2.13415,1.06838,-0.00763353,-27.7316,-0.539552,-0.566127,2.69753,0.0451144,-0.411314,-0.477145,0.1309,0,-0.0377901,-0.0376238,0.54495,0.43987,-0.708603,0.250193,-2.94933,1.02247,0.332903,-0.768886,-0.313872,-0.583096,0.175193,0.0376238,-0.54495,-0.0367606,1.52938,2.00654,-0.78051,-0.0683705,0.221111,0.231421,0.14365,0.229293,True,True
3.06,-0.1309,0,-0.822852,-0.043027,0.422924,13.3622,-0.525932,0.585181,0.582422,1.06833,-0.0153734,-26.821,-0.542394,-0.569808,2.51484,0.043027,-0.422924,-0.625315,0.1309,0,0.0685849,-0.0348641,0.558102,1.1629,-0.707334,0.25742,-1.56933,1.02413,0.327856,-1.80379,-0.316794,-0.585276,0.345106,0.0348641,-0.558102,-0.0402797,1.32102,1.97894,-0.792626,-0.0613671,0.222423,0.232017,0.155331,0.230793,True,True
3.065,-0.1309,0,-0.664719,-0.0408852,0.433036,10.8945,-0.522978,0.595764,-0.901458,1.06823,-0.023618,-25.7291,-0.54525,-0.572146,2.31323,0.0408852,-0.433036,-0.756527,0.1309,0,0.146976,-0.0320428,0.56952,1.69365,-0.706028,0.264573,-0.205831,1.02575,0.321792,-2.96058,-0.319725,-0.586364,0.523196,0.0320428,-0.56952,-0.0676799,1.10958,1.92899,-0.802447,-0.0547039,0.223759,0.232614,0.167013,0.232294,True,True
3.07,-0.1309,0,-0.516284,-0.0386967,0.441574,8.60345,-0.519974,0.605433,-2.23946,1.06809,-0.0322926,-24.5061,-0.548115,-0.57314,2.10026,0.0386967,-0.441574,-0.857377,0.1309,2.77556e-15,0.194226,-0.0291689,0.579121,1.96142,-0.704688,0.271593,1.07668,1.02735,0.314776,-4.22242,-0.322658,-0.58637,0.701985,0.0291689,-0.579121,-0.119293,0.907956,1.8536,-0.80991,-0.0484399,0.225117,0.23321,0.178695,0.233794,True,True
3.075,-0.1309,0,-0.380009,-0.0364694,0.44851,6.54113,-0.516924,0.614132,-3.39826,1.06791,-0.0413135,-23.1681,-0.550982,-0.572818,1.88788,0.0364694,-0.44851,-0.930286,0.1309,0,0.20822,-0.0262516,0.586876,1.9485,-0.703312,0.278427,2.24924,1.0289,0.306899,-5.56821,-0.325588,-0.585325,0.877711,0.0262516,-0.586876,-0.195016,0.722795,1.76181,-0.81502,-0.0426152,0.226492,0.233806,0.190377,0.235295,True,True
3.08,-0.1309,0,-0.256609,-0.0342116,0.453841,4.72448,-0.513833,0.621817,-4.36756,1.06768,-0.0505918,-21.7238,-0.553844,-0.571225,1.68233,0.0342116,-0.453841,-0.977964,0.1309,-2.77556e-15,0.189183,-0.0233002,0.592782,1.65329,-0.701904,0.285018,3.3023,1.03041,0.298255,-6.98646,-0.328511,-0.583272,1.04954,0.0233002,-0.592782,-0.29448,0.556766,1.65923,-0.817811,-0.0372587,0.22788,0.2344,0.202059,0.236795,True,True
3.085,-0.1309,0,-0.146153,-0.031931,0.457574,3.15491,-0.510706,0.628443,-5.14701,1.0674,-0.0600356,-20.1772,-0.556694,-0.568408,1.48641,0.031931,-0.457574,-1.00252,0.1309,0,0.138059,-0.0203238,0.596846,1.07904,-0.700462,0.29131,4.23514,1.03188,0.288943,-8.4717,-0.331421,-0.580253,1.21818,0.0203238,-0.596846,-0.41756,0.410575,1.54888,-0.818329,-0.0323941,0.229277,0.234993,0.213741,0.238296,True,True
3.09,-0.1309,0,-0.0485572,-0.0296358,0.459716,1.82842,-0.507548,0.633963,-5.73959,1.06708,-0.0695515,-18.5289,-0.559528,-0.564412,1.30088,0.0296358,-0.459716,-1.0052,0.1309,0,0.0557373,-0.0173317,0.599075,0.228603,-0.69899,0.297245,5.05042,1.0333,0.279061,-10.0224,-0.334314,-0.576306,1.38507,0.0173317,-0.599075,-0.564513,0.284059,1.43203,-0.816619,-0.0280425,0.23068,0.235583,0.225422,0.239796,True,True
3.095,-0.1309,0,0.0362096,-0.0273339,0.460271,0.740537,-0.504366,0.638326,-6.14838,1.0667,-0.0790449,-16.7774,-0.562338,-0.559281,1.12529,0.0273339,-0.460271,-0.986381,0.1309,0,-0.0572606,-0.014333,0.599473,-0.897529,-0.69749,0.302763,5.75133,1.03467,0.268705,-11.6395,-0.337184,-0.571467,1.55164,0.014333,-0.599473,-0.735886,0.176749,1.3086,-0.812722,-0.0242246,0.232084,0.236172,0.237104,0.241297,True,True
3.1,-0.1309,0,0.108059,-0.0250331,0.45924,-0.111385,-0.501165,0.641476,-6.37525,1.06629,-0.0884201,-14.9203,-0.56512,-0.553056,0.958332,0.0250331,-0.45924,-0.945538,0.1309,0,-0.200809,-0.011337,0.598039,-2.30148,-0.695963,0.307801,6.34017,1.03599,0.257968,-13.3253,-0.340028,-0.565769,1.71856,0.011337,-0.598039,-0.932207,0.0881387,1.17747,-0.806672,-0.0209624,0.233485,0.236757,0.248786,0.242797,True,True
3.105,-0.1309,0,0.166801,-0.0227415,0.456618,-0.727412,-0.497951,0.643355,-6.42063,1.06582,-0.0975814,-12.9557,-0.567869,-0.545774,0.798225,0.0227415,-0.456618,-0.881433,0.1309,2.77556e-15,-0.37496,-0.00835265,0.594766,-3.98683,-0.694412,0.312299,6.81754,1.03725,0.246943,-15.083,-0.342842,-0.559242,1.88453,0.00835265,-0.594766,-1.1534,0.0178074,1.03676,-0.798496,-0.0182807,0.23488,0.23734,0.260468,0.244298,True,True
3.11,-0.1309,0,0.212201,-0.0204669,0.452394,-1.10541,-0.494731,0.643907,-6.28413,1.06531,-0.106434,-10.8843,-0.570578,-0.537474,0.643003,0.0204669,-0.452394,-0.792403,0.1309,0,-0.579384,-0.00538931,0.589642,-5.95589,-0.69284,0.316197,7.18189,1.03846,0.235723,-16.9154,-0.345621,-0.55192,2.04434,0.00538931,-0.589642,-1.39775,-0.0345275,0.884245,-0.788217,-0.0162099,0.236265,0.237919,0.27215,0.245798,True,True
3.115,-0.1309,0,0.244038,-0.0182175,0.446553,-1.2427,-0.491512,0.643085,-5.96631,1.06476,-0.114884,-8.71306,-0.573244,-0.528201,0.491155,0.0182175,-0.446553,-0.677065,0.1309,-2.77556e-15,-0.812183,-0.00245623,0.582652,-8.20421,-0.69125,0.319442,7.42926,1.03961,0.224403,-18.824,-0.348361,-0.543845,2.18551,0.00245623,-0.582652,-1.66002,-0.0690031,0.718136,-0.775859,-0.0147884,0.237635,0.238494,0.283832,0.247299,True,True
3.12,-0.1309,-2.77556e-15,0.262139,-0.0160014,0.439077,-1.13998,-0.488301,0.640862,-5.47236,1.06416,-0.122847,-6.46105,-0.57586,-0.518015,0.342759,0.0160014,-0.439077,-0.535679,0.1309,0,-1.06763,0.000437213,0.573786,-10.7102,-0.689645,0.321997,7.55335,1.0407,0.213086,-20.8057,-0.351059,-0.535082,2.28291,-0.000437213,-0.573786,-1.92829,-0.0856615,0.538647,-0.761455,-0.0140678,0.238988,0.239065,0.295513,0.248799,True,True
3.125,-0.1309,0,0.26638,-0.0138268,0.429952,-0.809123,-0.485104,0.637255,-4.81916,1.06353,-0.130248,-4.17049,-0.578424,-0.507007,0.201332,0.0138268,-0.429952,-0.372583,0.1309,0,-1.33215,0.00328163,0.563043,-13.4167,-0.68803,0.323849,7.54637,1.04174,0.201884,-22.8481,-0.353712,-0.525733,2.29027,-0.00328163,-0.563043,-2.17876,-0.0846467,0.350644,-0.745063,-0.0141197,0.240318,0.239631,0.307195,0.2503,True,True
3.13,-0.1309,2.77556e-15,0.256705,-0.0117019,0.419178,-0.287245,-0.481928,0.632355,-4.04794,1.06286,-0.137036,-1.9251,-0.58093,-0.495319,0.0763737,0.0117019,-0.419178,-0.199983,0.1309,0,-1.57793,0.00606765,0.550455,-16.1984,-0.686407,0.325036,7.40168,1.04272,0.190932,-24.9193,-0.356317,-0.515968,2.12883,-0.00606765,-0.550455,-2.36802,-0.0667589,0.16755,-0.726793,-0.0150453,0.241622,0.240192,0.318877,0.2518,True,True
3.135,-0.1309,0,0.244654,-0.00963498,0.406786,0.362034,-0.47878,0.626389,-3.3318,1.06216,-0.143201,0.148782,-0.583377,-0.483189,-0.0166107,0.00963498,-0.406786,-0.0457406,0.1309,0,-1.75629,0.00878617,0.536111,-18.8593,-0.68478,0.325675,7.24845,1.04365,0.180398,-26.8585,-0.358872,-0.506072,1.79488,-0.00878617,-0.536111,-2.47116,-0.038062,0.0159716,-0.706849,-0.0169874,0.242897,0.240749,0.330559,0.253301,True,True
3.14,-0.1309,0.000686877,0.280768,-0.00763401,0.393307,1.15427,-0.475664,0.615846,-3.19956,1.06143,-0.14282,2.04268,-0.585762,-0.473026,-0.0953063,0.00763401,-0.393307,0.0665858,0.1309,-0.000686877,-1.8098,0.0114288,0.520249,-21.438,-0.68315,0.325923,7.72358,1.04453,0.17044,-28.2089,-0.361377,-0.496363,1.68773,-0.0114288,-0.520249,-2.76311,-0.0243275,-0.101773,-0.687494,-0.0213083,0.244139,0.241302,0.342241,0.254801,False,True
3.145,-0.130893,0.00538006,0.451207,-0.0057019,0.381061,1.58737,-0.472622,0.582815,-4.57591,1.06073,-0.108033,2.42785,-0.588107,-0.474782,-0.176945,0.0057019,-0.381061,0.0574875,0.130893,-0.00538006,-1.68332,0.0139887,0.503376,-21.918,-0.68152,0.325762,9.50012,1.04536,0.161066,-27.2602,-0.363835,-0.486828,2.67751,-0.0139887,-0.503376,-1.9584,-0.084144,-0.15026,-0.678157,-0.0335492,0.245345,0.241853,0.342241,0.254801,False,True
3.15,-0.130846,0.0170873,0.655531,-0.0038234,0.372337,2.12055,-0.469836,0.512443,-6.26453,1.06035,-0.0160765,2.87993,-0.59051,-0.496367,-0.274747,0.0038234,-0.372337,0.0422129,0.130846,-0.0170873,-1.49264,0.0164625,0.486019,-22.6626,-0.679893,0.325239,11.6321,1.04614,0.152283,-26.2043,-0.366246,-0.477522,3.65096,-0.0164625,-0.486019,-1.74281,-0.1584,-0.205926,-0.686662,-0.0577445,0.246515,0.242403,0.342241,0.254801,False,True
3.155,-0.130722,0.0358524,0.841422,-0.00197853,0.367588,2.6354,-0.467497,0.407441,-7.76411,1.06057,0.12853,3.2598,-0.593071,-0.535971,-0.358312,0.00197853,-0.367588,0.0258215,0.130722,-0.0358524,-1.29319,0.0188489,0.468471,-23.3971,-0.678268,0.324636,13.4585,1.04688,0.144221,-25.4019,-0.36861,-0.468857,4.23492,-0.0188489,-0.468471,-1.7214,-0.223827,-0.251727,-0.711963,-0.0921503,0.247647,0.242956,0.342241,0.254801,False,True
3.16,-0.130487,0.0610227,1.00305,-0.000147523,0.366733,3.11083,-0.465762,0.27419,-8.99074,1.06163,0.315339,3.54783,-0.59587,-0.589529,-0.422179,0.000147523,-0.366733,0.0096824,0.130487,-0.0610227,-1.12298,0.0211472,0.450899,-24.0667,-0.676646,0.324188,14.9036,1.04758,0.136963,-24.838,-0.370934,-0.461151,4.51914,-0.0211472,-0.450899,-1.75969,-0.275989,-0.284827,-0.750881,-0.13377,0.248742,0.243513,0.342241,0.254801,False,True
3.165,-0.130112,0.0919651,1.14471,0.0016888,0.369616,3.54896,-0.464755,0.118608,-9.95868,1.06372,0.534399,3.75132,-0.598966,-0.653006,-0.466852,-0.0016888,-0.369616,-0.00584835,0.130112,-0.0919651,-1.00438,0.0233578,0.433412,-24.6745,-0.675026,0.324036,16.0143,1.04825,0.130525,-24.4427,-0.373222,-0.454561,4.63754,-0.0233578,-0.433412,-1.81695,-0.315024,-0.305726,-0.800201,-0.179691,0.2498,0.244078,0.342241,0.254801,False,True
3.17,-0.129568,0.128066,1.27009,0.00354864,0.376019,3.95164,-0.464575,-0.0538085,-10.6837,1.06698,0.776275,3.87719,-0.6024,-0.722466,-0.493106,-0.00354864,-0.376019,-0.020471,0.129568,-0.128066,-0.948911,0.0254813,0.416088,-25.2272,-0.673406,0.324267,16.8249,1.04889,0.124889,-24.1753,-0.37548,-0.449156,4.66686,-0.0254813,-0.416088,-1.87472,-0.34128,-0.315064,-0.856743,-0.227129,0.25082,0.244652,0.342241,0.254801,False,True
3.175,-0.128831,0.16873,1.38238,0.00544899,0.385669,4.32032,-0.465293,-0.237969,-11.1832,1.07148,1.03211,3.93227,-0.606191,-0.794139,-0.501978,-0.00544899,-0.385669,-0.0339209,0.128831,-0.16873,-0.960689,0.0275187,0.39899,-25.7313,-0.671783,0.324934,17.3634,1.0495,0.120017,-24.0118,-0.377714,-0.444951,4.64893,-0.0275187,-0.39899,-1.92592,-0.355293,-0.313637,-0.917414,-0.273474,0.251803,0.245238,0.342241,0.254801,False,True
3.18,-0.12788,0.213384,1.48421,0.00740533,0.398245,4.65595,-0.466955,-0.429208,-11.4766,1.0773,1.2937,3.92336,-0.610341,-0.86449,-0.494758,-0.00740533,-0.398245,-0.0459586,0.12788,-0.213384,-1.03878,0.0294712,0.382163,-26.1923,-0.670156,0.326074,17.6547,1.05009,0.11586,-23.9373,-0.379929,-0.441934,4.60579,-0.0294712,-0.382163,-1.96888,-0.357773,-0.302387,-0.979278,-0.316339,0.25275,0.245838,0.342241,0.254801,False,True
3.185,-0.126697,0.261472,1.57767,0.00943144,0.413381,4.95887,-0.469585,-0.623316,-11.5848,1.08442,1.5536,3.85732,-0.614836,-0.930282,-0.472954,-0.00943144,-0.413381,-0.0563652,0.126697,-0.261472,-1.17877,0.0313404,0.365647,-26.6134,-0.668523,0.32771,17.723,1.05066,0.112363,-23.941,-0.382133,-0.440073,4.54864,-0.0313404,-0.365647,-2.00416,-0.349585,-0.282384,-1.0396,-0.353605,0.253659,0.246452,0.342241,0.254801,False,True
3.19,-0.125266,0.312458,1.66434,0.0115391,0.430674,5.2288,-0.473188,-0.816554,-11.5295,1.09283,1.80518,3.74102,-0.619644,-0.988626,-0.438247,-0.0115391,-0.430674,-0.06494,0.125266,-0.312458,-1.37388,0.0331277,0.349468,-26.9955,-0.666879,0.329856,17.5919,1.05121,0.109471,-24.0135,-0.38433,-0.439327,4.48303,-0.0331277,-0.349468,-2.03286,-0.331714,-0.254809,-1.09589,-0.383457,0.254531,0.247081,0.342241,0.254801,False,True
3.195,-0.123573,0.365826,1.74528,0.0137382,0.449681,5.46492,-0.477751,-1.00568,-11.3331,1.10247,2.0427,3.58127,-0.624722,-1.03702,-0.392442,-0.0137382,-0.449681,-0.0714997,0.123573,-0.365826,-1.61579,0.034835,0.333648,-27.3373,-0.665224,0.332519,17.2852,1.05175,0.107125,-24.1462,-0.386526,-0.439644,4.41169,-0.034835,-0.333648,-2.05591,-0.305234,-0.220912,-1.14596,-0.404411,0.255366,0.247726,0.342241,0.254801,False,True
3.2,-0.121607,0.421079,1.82105,0.016036,0.46993,5.66595,-0.483245,-1.18794,-11.0175,1.11326,2.26133,3.38471,-0.630014,-1.07338,-0.337404,-0.016036,-0.46993,-0.0758805,0.121607,-0.421079,-1.89529,0.0364642,0.318198,-27.6359,-0.663554,0.335698,16.8261,1.05228,0.105268,-24.3304,-0.388726,-0.440966,4.33605,-0.0364642,-0.318198,-2.07381,-0.271272,-0.181977,-1.18789,-0.415328,0.256164,0.248386,0.342241,0.254801,False,True
3.205,-0.119362,0.47774,1.89175,0.0184375,0.490918,5.83031,-0.48963,-1.36107,-10.6036,1.12509,2.45711,3.15775,-0.635456,-1.09605,-0.275005,-0.0184375,-0.490918,-0.0779393,0.119362,-0.47774,-2.2028,0.038017,0.30312,-27.887,-0.661867,0.339385,16.2366,1.0528,0.103842,-24.5576,-0.390936,-0.443227,4.25691,-0.038017,-0.30312,-2.08665,-0.230973,-0.13929,-1.22013,-0.415414,0.256924,0.249063,0.342241,0.254801,False,True
3.21,-0.11683,0.53535,1.95706,0.0209451,0.512121,5.95629,-0.496856,-1.52323,-10.1108,1.13783,2.62699,2.90642,-0.640975,-1.10376,-0.207069,-0.0209451,-0.512121,-0.0775573,0.11683,-0.53535,-2.52883,0.0394954,0.288409,-28.0857,-0.66016,0.343566,15.5378,1.05332,0.102789,-24.8198,-0.393159,-0.446355,4.17483,-0.0394954,-0.288409,-2.09427,-0.185468,-0.0940988,-1.24139,-0.404207,0.257646,0.249755,0.342241,0.254801,False,True
3.215,-0.114008,0.593472,2.01632,0.0235587,0.532994,6.04221,-0.504863,-1.67302,-9.55655,1.15136,2.76871,2.63638,-0.646493,-1.09569,-0.135338,-0.0235587,-0.532994,-0.0746439,0.114008,-0.593472,-2.8643,0.0409011,0.274053,-28.2271,-0.658431,0.348219,14.7487,1.05383,0.102055,-25.1093,-0.395399,-0.450274,4.09016,-0.0409011,-0.274053,-2.09637,-0.135852,-0.0475928,-1.25073,-0.381562,0.25833,0.250461,0.342241,0.254801,False,True
3.22,-0.110895,0.651687,2.06858,0.0262751,0.552982,6.08666,-0.513586,-1.80937,-8.95597,1.16552,2.88074,2.35284,-0.651931,-1.07137,-0.0614374,-0.0262751,-0.552982,-0.0691407,0.110895,-0.651687,-3.20077,0.0422359,0.260034,-28.3065,-0.656678,0.353315,13.8864,1.05434,0.101586,-25.4195,-0.397661,-0.454902,4.00318,-0.0422359,-0.260034,-2.09263,-0.0831702,-0.00087708,-1.24745,-0.347618,0.258977,0.251182,0.342241,0.254801,False,True
3.225,-0.107491,0.709594,2.11269,0.0290885,0.571526,6.08857,-0.522956,-1.93153,-8.32187,1.18016,2.96221,2.06055,-0.657207,-1.03069,0.0131413,-0.0290885,-0.571526,-0.0610269,0.107491,-0.709594,-3.53062,0.0435015,0.246326,-28.32,-0.654898,0.358822,12.9661,1.05485,0.101331,-25.7444,-0.399948,-0.460153,3.91405,-0.0435015,-0.246326,-2.08282,-0.0284046,0.0450396,-1.23115,-0.302768,0.259585,0.251917,0.342241,0.254801,False,True
3.23,-0.103799,0.766815,2.14739,0.0319903,0.588067,6.04744,-0.532901,-2.039,-7.66474,1.19514,3.01284,1.76383,-0.662238,-0.973843,0.087046,-0.0319903,-0.588067,-0.0503233,0.103799,-0.766815,-3.84715,0.0446992,0.232902,-28.2644,-0.65309,0.3647,12.0009,1.05535,0.101241,-26.0789,-0.402263,-0.465941,3.82292,-0.0446992,-0.232902,-2.06682,0.0275244,0.0892535,-1.20165,-0.247621,0.260155,0.252663,0.342241,0.254801,False,True
3.235,-0.0998233,0.822989,2.17137,0.0349692,0.602061,5.96337,-0.543346,-2.13147,-6.99295,1.21029,3.03279,1.46659,-0.666945,-0.901324,0.159067,-0.0349692,-0.602061,-0.0370975,0.0998233,-0.822989,-4.1446,0.0458305,0.21973,-28.1377,-0.651251,0.370905,11.0021,1.05586,0.101271,-26.4187,-0.404608,-0.472176,3.72992,-0.0458305,-0.21973,-2.04463,0.0837584,0.13097,-1.15896,-0.182969,0.260687,0.253422,0.342241,0.254801,False,True
3.24,-0.0955695,0.877774,2.18337,0.0380109,0.612986,5.83714,-0.554216,-2.20878,-6.31297,1.22547,3.02264,1.17234,-0.671252,-0.813863,0.228135,-0.0380109,-0.612986,-0.021468,0.0955695,-0.877774,-4.41812,0.0468965,0.206776,-27.9392,-0.649381,0.37739,9.97949,1.05637,0.101377,-26.7602,-0.406985,-0.478767,3.63523,-0.0468965,-0.206776,-2.01641,0.139496,0.169505,-1.10331,-0.109752,0.261181,0.25419,0.342241,0.254801,False,True
3.245,-0.0910456,0.93085,2.18222,0.041099,0.62035,5.67029,-0.565434,-2.27089,-5.62972,1.24052,2.9833,0.884288,-0.675084,-0.712409,0.293308,-0.041099,-0.62035,-0.00360697,0.0910456,-0.93085,-4.66378,0.0478982,0.194005,-27.6694,-0.647477,0.384105,8.94162,1.05687,0.101521,-27.1004,-0.409395,-0.485625,3.5391,-0.0478982,-0.194005,-1.98241,0.193987,0.204283,-1.03506,-0.0290222,0.261637,0.254967,0.342241,0.254801,False,True
3.25,-0.086261,0.981914,2.16696,0.0442144,0.623706,5.46505,-0.576925,-2.31782,-4.94683,1.2553,2.91591,0.605318,-0.678376,-0.598096,0.353773,-0.0442144,-0.623706,0.0162577,0.086261,-0.981914,-4.87847,0.0488365,0.181383,-27.3298,-0.64554,0.390995,7.89589,1.05738,0.101665,-27.4367,-0.411841,-0.492659,3.44189,-0.0488365,-0.181383,-1.94299,0.246529,0.234838,-0.954735,0.0580802,0.262055,0.255753,0.342241,0.254801,False,True
3.255,-0.0812264,1.03068,2.13684,0.0473361,0.622663,5.22434,-0.588612,-2.34965,-4.26702,1.26968,2.82186,0.338074,-0.681065,-0.472217,0.408833,-0.0473361,-0.622663,0.0378425,0.0812264,-1.03068,-5.05981,0.0497121,0.168877,-26.9234,-0.643567,0.398004,6.84896,1.05789,0.101776,-27.7669,-0.414322,-0.49978,3.34406,-0.0497121,-0.168877,-1.89858,0.296463,0.260807,-0.86296,0.150358,0.262436,0.256544,0.342241,0.254801,False,True
3.26,-0.0759541,1.0769,2.09135,0.0504411,0.616893,4.95166,-0.600421,-2.36648,-3.59243,1.28352,2.70268,0.0849746,-0.683098,-0.336195,0.457904,-0.0504411,-0.616893,0.0608098,0.0759541,-1.0769,-5.20611,0.0505253,0.156455,-26.454,-0.64156,0.405075,5.80694,1.0584,0.101825,-28.0892,-0.416839,-0.5069,3.24621,-0.0505253,-0.156455,-1.84968,0.343174,0.281935,-0.760483,0.24658,0.262781,0.257341,0.342241,0.254801,False,True
3.265,-0.0704575,1.12031,2.03028,0.053505,0.606145,4.65106,-0.612277,-2.36845,-2.92484,1.2967,2.56001,-0.151759,-0.684427,-0.191556,0.50051,-0.053505,-0.606145,0.0847727,0.0704575,-1.12031,-5.31625,0.0512766,0.144088,-25.9266,-0.639517,0.412147,4.7756,1.05891,0.101784,-28.4019,-0.419391,-0.513931,3.14904,-0.0512766,-0.144088,-1.79683,0.386089,0.298067,-0.648146,0.3455,0.263089,0.258142,0.342241,0.254801,False,True
3.27,-0.0647511,1.1607,1.95369,0.0565025,0.590254,4.32696,-0.624106,-2.35571,-2.266,1.30912,2.39561,-0.370079,-0.685013,-0.0399066,0.536283,-0.0565025,-0.590254,0.109301,0.0647511,-1.1607,-5.38961,0.0519662,0.131748,-25.3473,-0.637438,0.419158,3.76048,1.05942,0.101631,-28.7036,-0.421978,-0.520789,3.05336,-0.0519662,-0.131748,-1.74063,0.424687,0.309146,-0.52688,0.445882,0.263362,0.258945,0.342241,0.254801,False,True
3.275,-0.0588505,1.19785,1.86192,0.0594076,0.569145,3.98407,-0.635834,-2.32841,-1.6178,1.32066,2.21132,-0.568104,-0.684826,0.117091,0.564962,-0.0594076,-0.569145,0.13393,0.0588505,-1.19785,-5.42596,0.0525941,0.119413,-24.7225,-0.635325,0.426047,2.76705,1.05992,0.101343,-28.9931,-0.424599,-0.527391,2.96005,-0.0525941,-0.119413,-1.68167,0.458499,0.315216,-0.397694,0.546511,0.2636,0.25975,0.342241,0.254801,False,True
3.28,-0.0527725,1.2316,1.75552,0.062194,0.542845,3.62724,-0.64739,-2.28676,-0.982478,1.33123,2.00902,-0.74411,-0.683842,0.277747,0.58639,-0.062194,-0.542845,0.158173,0.0527725,-1.2316,-5.42544,0.0531603,0.10706,-24.06,-0.633178,0.432751,1.80076,1.06043,0.100905,-29.2694,-0.427252,-0.533656,2.87005,-0.0531603,-0.10706,-1.62062,0.487121,0.316411,-0.261671,0.646216,0.263804,0.260554,0.342241,0.254801,False,True
3.285,-0.0465346,1.26176,1.63529,0.064836,0.51148,3.26132,-0.658702,-2.231,-0.3627,1.34075,1.79064,-0.896533,-0.682049,0.440361,0.600513,-0.064836,-0.51148,0.181531,0.0465346,-1.26176,-5.38842,0.0536647,0.0946724,-23.3675,-0.630998,0.439207,0.867079,1.06093,0.100303,-29.5319,-0.429935,-0.53951,2.78437,-0.0536647,-0.0946724,-1.55812,0.510218,0.312952,-0.119959,0.743879,0.263976,0.261357,0.342241,0.254801,False,True
3.29,-0.0401549,1.2882,1.50216,0.0673088,0.475278,2.89105,-0.6697,-2.16141,0.238319,1.34914,1.55816,-1.02397,-0.679439,0.603256,0.607382,-0.0673088,-0.475278,0.203511,0.0401549,-1.2882,-5.31551,0.054107,0.082235,-22.6538,-0.628786,0.445353,-0.0284971,1.06143,0.0995252,-29.7799,-0.432647,-0.544878,2.70402,-0.054107,-0.082235,-1.49484,0.527531,0.305137,0.0262322,0.838456,0.264115,0.262157,0.342241,0.254801,False,True
3.295,-0.0336526,1.31078,1.35722,0.0695888,0.434567,2.52095,-0.680316,-2.07836,0.816804,1.35633,1.31357,-1.12521,-0.676016,0.764793,0.607145,-0.0695888,-0.434567,0.223639,0.0336526,-1.31078,-5.20746,0.054487,0.0697347,-21.9276,-0.626544,0.451127,-0.880483,1.06193,0.0985661,-30.0131,-0.435384,-0.549693,2.63001,-0.054487,-0.0697347,-1.43148,0.53889,0.293334,0.175642,0.928982,0.264222,0.262953,0.342241,0.254801,False,True
3.3,-0.0270472,1.3294,1.20164,0.0716545,0.38977,2.15522,-0.690484,-1.9823,1.36843,1.36227,1.0589,-1.1992,-0.671791,0.923398,0.600043,-0.0716545,-0.38977,0.241476,0.0270472,-1.3294,-5.06512,0.0548044,0.0571605,-21.1982,-0.624275,0.456469,-1.68345,1.06242,0.0974221,-30.2316,-0.438144,-0.553891,2.56335,-0.0548044,-0.0571605,-1.36871,0.544211,0.277964,0.326967,1.01459,0.2643,0.263744,0.342241,0.254801,False,True
3.305,-0.0203586,1.34398,1.03666,0.0734865,0.341394,1.79767,-0.700139,-1.87378,1.88836,1.36692,0.796196,-1.24513,-0.666782,1.07758,0.5864,-0.0734865,-0.341394,0.256629,0.0203586,-1.34398,-4.88949,0.0550587,0.0445024,-20.4747,-0.621979,0.461323,-2.43211,1.0629,0.0960933,-30.4356,-0.440923,-0.557416,2.50499,-0.0550587,-0.0445024,-1.30721,0.543503,0.259488,0.478871,1.09452,0.264348,0.264529,0.342241,0.254801,False,True
3.31,-0.0136074,1.35444,0.863561,0.0750684,0.29002,1.45168,-0.709221,-1.75345,2.37137,1.37024,0.527499,-1.2624,-0.661015,1.22595,0.566613,-0.0750684,-0.29002,0.26877,0.0136074,-1.35444,-4.68161,0.0552494,0.0317516,-19.7666,-0.619661,0.465633,-3.12139,1.06338,0.0945837,-30.6255,-0.443718,-0.560216,2.45583,-0.0552494,-0.0317516,-1.24766,0.536865,0.238391,0.629999,1.16811,0.264369,0.265307,0.342241,0.254801,False,True
3.315,-0.00681419,1.36074,0.68367,0.0763867,0.23629,1.12018,-0.717673,-1.62211,2.81193,1.3722,0.254876,-1.25063,-0.654523,1.36724,0.541137,-0.0763867,-0.23629,0.277644,0.00681419,-1.36074,-4.44264,0.0553762,0.018899,-19.0829,-0.617323,0.469349,-3.74655,1.06385,0.0929005,-30.802,-0.446525,-0.562249,2.41669,-0.0553762,-0.018899,-1.19071,0.524483,0.215165,0.778992,1.23482,0.264361,0.266076,0.342241,0.254801,False,True
3.32,-3.70791e-18,1.36284,0.498345,0.0774313,0.180891,0.805639,-0.725442,-1.48068,3.20436,1.37279,-0.0196097,-1.20974,-0.647343,1.50029,0.510473,-0.0774313,-0.180891,0.283075,-3.70791e-18,-1.36284,-4.17383,0.0554384,0.00593563,-18.4328,-0.614968,0.472423,-4.30325,1.06431,0.0910543,-30.966,-0.449341,-0.563478,2.38826,-0.0554384,-0.00593563,-1.13698,0.506621,0.19029,0.9245,1.29425,0.264328,0.266837,0.342241,0.254801,False,True
3.325,0.00681419,1.36074,0.308998,0.0781956,0.124535,0.510072,-0.73248,-1.33022,3.54299,1.372,-0.29389,-1.1399,-0.63952,1.62411,0.475144,-0.0781956,-0.124535,0.284977,-0.00681419,-1.36074,-3.87658,0.0554355,-0.00714858,-17.825,-0.612599,0.474815,-4.78769,1.06476,0.0890586,-31.1184,-0.45216,-0.563874,2.37113,-0.0554355,0.00714858,-1.08709,0.483617,0.164217,1.0652,1.34608,0.26427,0.267587,0.342241,0.254801,False,True
3.33,0.0136074,1.35444,0.117102,0.0786766,0.0679474,0.235103,-0.738745,-1.17191,3.8223,1.36985,-0.565903,-1.04155,-0.631102,1.73782,0.435687,-0.0786766,-0.0679474,0.28335,-0.0136074,-1.35444,-3.55241,0.0553669,-0.0203645,-17.2677,-0.61022,0.476487,-5.19665,1.0652,0.0869298,-31.2603,-0.454979,-0.563417,2.36574,-0.0553669,0.0203645,-1.04157,0.455862,0.137354,1.19983,1.39011,0.264187,0.268327,0.342241,0.254801,False,True
3.335,0.0203586,1.34398,-0.0757881,0.0788751,0.0118424,-0.0180162,-0.744199,-1.00708,4.03711,1.36634,-0.833594,-0.915422,-0.622141,1.84068,0.392627,-0.0788751,-0.0118424,0.278284,-0.0203586,-1.34398,-3.20303,0.0552319,-0.0337242,-16.7688,-0.607834,0.47741,-5.52759,1.06563,0.0846862,-31.393,-0.457794,-0.562096,2.37236,-0.0552319,0.0337242,-1.00095,0.423793,0.110053,1.32715,1.42626,0.26408,0.269056,0.342241,0.254801,False,True
3.34,0.0270472,1.3294,-0.268024,0.0787951,-0.0430906,-0.248346,-0.748815,-0.837158,4.18269,1.36151,-1.09492,-0.762546,-0.612695,1.93208,0.346468,-0.0787951,0.0430906,0.269952,-0.0270472,-1.3294,-2.83033,0.0550297,-0.047241,-16.3355,-0.605446,0.477557,-5.77869,1.06605,0.0823481,-31.5175,-0.4606,-0.559905,2.39109,-0.0550297,0.047241,-0.965679,0.38788,0.0825991,1.44605,1.45451,0.263951,0.269774,0.342241,0.254801,False,True
3.345,0.0336526,1.31078,-0.457862,0.0784442,-0.0962039,-0.455215,-0.752571,-0.663687,4.25491,1.35539,-1.34785,-0.584211,-0.602821,2.01154,0.297678,-0.0784442,0.0962039,0.258604,-0.0336526,-1.31078,-2.43637,0.0547595,-0.0609294,-15.9742,-0.603058,0.476912,-5.94889,1.06645,0.0799368,-31.6349,-0.463393,-0.556849,2.42185,-0.0547595,0.0609294,-0.936139,0.348604,0.0552045,1.55548,1.47493,0.263799,0.270481,0.342241,0.254801,False,True
3.35,0.0401549,1.2882,-0.643462,0.077833,-0.146907,-0.63817,-0.755452,-0.488302,4.25037,1.34803,-1.59038,-0.381976,-0.59258,2.07868,0.246676,-0.077833,0.146907,0.244555,-0.0401549,-1.2882,-2.02341,0.0544204,-0.0748046,-15.6905,-0.600676,0.475464,-6.0379,1.06685,0.0774742,-31.7463,-0.466169,-0.552938,2.46437,-0.0544204,0.0748046,-0.912662,0.306453,0.028006,1.65449,1.48762,0.263626,0.271175,0.342241,0.254801,False,True
3.355,0.0465346,1.26176,-0.822915,0.0769751,-0.194677,-0.79694,-0.757454,-0.312706,4.16643,1.33949,-1.82052,-0.157645,-0.582034,2.13322,0.193826,-0.0769751,0.194677,0.228177,-0.0465346,-1.26176,-1.59388,0.0540114,-0.0888825,-15.4892,-0.598304,0.473207,-6.04617,1.06723,0.0749821,-31.8524,-0.468923,-0.548189,2.51822,-0.0540114,0.0888825,-0.895512,0.261904,0.00106626,1.74226,1.49273,0.263431,0.271859,0.342241,0.254801,False,True
3.36,0.0527725,1.2316,-0.994266,0.0758863,-0.239072,-0.931406,-0.758579,-0.138654,4.00136,1.32983,-2.0363,0.0867509,-0.571247,2.17496,0.139437,-0.0758863,0.239072,0.209883,-0.0527725,-1.2316,-1.15033,0.0535316,-0.103179,-15.3739,-0.595944,0.470144,-5.97488,1.0676,0.0724814,-31.9538,-0.471651,-0.542626,2.58278,-0.0535316,0.103179,-0.8849,0.215414,-0.025621,1.81806,1.49043,0.263216,0.272531,0.342241,0.254801,False,True
3.365,0.0588505,1.19785,-1.15557,0.0745844,-0.279735,-1.04158,-0.758841,0.0320686,3.75431,1.31912,-2.23581,0.348983,-0.560284,2.20374,0.08376,-0.0745844,0.279735,0.190116,-0.0588505,-1.19785,-0.695412,0.0529796,-0.11771,-15.3473,-0.593602,0.466285,-5.82591,1.06795,0.069992,-32.0508,-0.474349,-0.536277,2.65733,-0.0529796,0.11771,-0.880993,0.167414,-0.0521225,1.88128,1.48085,0.262981,0.273192,0.342241,0.254801,False,True
3.37,0.0647511,1.1607,-1.30492,0.0730889,-0.316399,-1.12761,-0.758259,0.19767,3.42542,1.30747,-2.41716,0.626645,-0.54921,2.21949,0.0269938,-0.0730889,0.316399,0.169334,-0.0647511,-1.1607,-0.231864,0.0523545,-0.13249,-15.4107,-0.591282,0.461645,-5.60178,1.0683,0.0675316,-32.1434,-0.477014,-0.529176,2.741,-0.0523545,0.13249,-0.88393,0.118306,-0.0785538,1.93146,1.46414,0.262725,0.273843,0.342241,0.254801,False,True
3.375,0.0704575,1.12031,-1.44055,0.0714204,-0.348892,-1.18975,-0.756864,0.356372,3.01579,1.29495,-2.5785,0.917175,-0.538089,2.22212,-0.0307036,-0.0714204,0.348892,0.147997,-0.0704575,-1.12031,0.237549,0.0516547,-0.147533,-15.5641,-0.588986,0.456245,-5.30561,1.06863,0.0651155,-32.2313,-0.479641,-0.521361,2.83287,-0.0516547,0.147533,-0.893841,0.0684587,-0.105065,1.9682,1.44038,0.262449,0.274484,0.342241,0.254801,False,True
3.38,0.0759541,1.0769,-1.56087,0.0696,-0.377132,-1.22844,-0.754695,0.506435,2.52757,1.28168,-2.71805,1.21788,-0.526989,2.21161,-0.0892033,-0.0696,0.377132,0.126555,-0.0759541,-1.0769,0.710044,0.0508791,-0.16285,-15.8064,-0.586719,0.450115,-4.94109,1.06895,0.0627563,-32.3139,-0.482227,-0.512871,2.932,-0.0508791,0.16285,-0.910859,0.0182112,-0.131823,1.99124,1.4096,0.262153,0.275117,0.342241,0.254801,False,True
3.385,0.0812264,1.03068,-1.6645,0.0676491,-0.401128,-1.24426,-0.7518,0.646182,1.96395,1.26777,-2.83411,1.52594,-0.515973,2.18793,-0.148388,-0.0676491,0.401128,0.105439,-0.0812264,-1.03068,1.18282,0.0500262,-0.178452,-16.1349,-0.584485,0.443287,-4.51248,1.06925,0.0604632,-32.3903,-0.484769,-0.50375,3.03745,-0.0500262,0.178452,-0.935136,-0.0321213,-0.158997,2.00041,1.3718,0.261835,0.275742,0.342241,0.254801,False,True
3.39,0.086261,0.981914,-1.75037,0.0655887,-0.420972,-1.23799,-0.748233,0.774017,1.32926,1.25334,-2.92508,1.83843,-0.505109,2.15106,-0.20813,-0.0655887,0.420972,0.085049,-0.086261,-0.981914,1.65305,0.0490946,-0.194346,-16.5453,-0.582286,0.435802,-4.02462,1.06955,0.0582417,-32.4592,-0.487265,-0.494044,3.1483,-0.0490946,0.194346,-0.966845,-0.0822393,-0.186734,1.99564,1.3269,0.261497,0.276361,0.342241,0.254801,False,True
3.395,0.0910456,0.93085,-1.81774,0.0634393,-0.436834,-1.21065,-0.744059,0.888455,0.629004,1.23852,-2.98947,2.15231,-0.494463,2.10101,-0.268273,-0.0634393,0.436834,0.0657479,-0.0910456,-0.93085,2.11781,0.0480828,-0.210537,-17.0319,-0.580127,0.427706,-3.48296,1.06984,0.0560939,-32.5191,-0.48971,-0.4838,3.26376,-0.0480828,0.210537,-1.00616,-0.131848,-0.215145,1.97698,1.27479,0.261137,0.276974,0.342241,0.254801,False,True
3.4,0.0955695,0.877774,-1.8662,0.0612204,-0.448953,-1.16349,-0.739349,0.988147,-0.130028,1.22345,-3.02596,2.46439,-0.484099,2.03781,-0.328601,-0.0612204,0.448953,0.0478568,-0.0955695,-0.877774,2.57406,0.0469892,-0.227026,-17.5874,-0.578009,0.419047,-2.89368,1.07011,0.0540178,-32.5685,-0.492103,-0.473065,3.38306,-0.0469892,0.227026,-1.05325,-0.180643,-0.24428,1.94453,1.2153,0.260755,0.277584,0.342241,0.254801,False,True
3.405,0.0998233,0.822989,-1.89571,0.0589498,-0.457632,-1.09806,-0.734178,1.07191,-0.939634,1.20826,-3.03344,2.77134,-0.474085,1.96153,-0.388814,-0.0589498,0.457632,0.0316507,-0.0998233,-0.822989,3.01847,0.0458125,-0.243812,-18.2028,-0.575936,0.409884,-2.26383,1.07038,0.0520076,-32.6057,-0.494441,-0.461891,3.50556,-0.0458125,0.243812,-1.10821,-0.228296,-0.274113,1.89855,1.14827,0.260351,0.278192,0.342241,0.254801,False,True
3.41,0.103799,0.766815,-1.90656,0.0566441,-0.463222,-1.01617,-0.72863,1.13874,-1.79008,1.19311,-3.01105,3.06965,-0.464484,1.87231,-0.448501,-0.0566441,0.463222,0.0173566,-0.103799,-0.766815,3.44736,0.0445511,-0.260893,-18.8675,-0.57391,0.400277,-1.60144,1.07063,0.0500532,-32.6292,-0.496722,-0.45033,3.63062,-0.0445511,0.260893,-1.17098,-0.274436,-0.30452,1.83936,1.07351,0.259922,0.2788,0.342241,0.254801,False,True
3.415,0.107491,0.709594,-1.89933,0.0543176,-0.466118,-0.919893,-0.722791,1.18788,-2.66996,1.17815,-2.95825,3.35557,-0.455362,1.77037,-0.507118,-0.0543176,0.466118,0.00515305,-0.107491,-0.709594,3.85654,0.0432036,-0.278261,-19.5693,-0.571933,0.390295,-0.915778,1.07088,0.0481412,-32.6379,-0.498944,-0.438436,3.7576,-0.0432036,0.278261,-1.2413,-0.318636,-0.335263,1.76745,0.990894,0.259469,0.279409,0.342241,0.254801,False,True
3.42,0.110895,0.651687,-1.87489,0.0519829,-0.466746,-0.811543,-0.716751,1.21882,-3.56608,1.16353,-2.87489,3.62508,-0.44678,1.65607,-0.563957,-0.0519829,0.466746,-0.00482934,-0.110895,-0.651687,4.24116,0.0417685,-0.295908,-20.2943,-0.570007,0.380013,-0.217487,1.07111,0.0462539,-32.6308,-0.501106,-0.426267,3.88575,-0.0417685,0.295908,-1.31857,-0.360394,-0.365979,1.68343,0.900356,0.25899,0.280022,0.342241,0.254801,False,True
3.425,0.114008,0.593472,-1.83425,0.0496501,-0.465557,-0.693619,-0.710602,1.23138,-4.46338,1.1494,-2.76132,3.87384,-0.438801,1.52994,-0.618136,-0.0496501,0.465557,-0.0125059,-0.114008,-0.593472,4.5956,0.0402445,-0.313822,-21.0272,-0.568133,0.369514,0.481202,1.07134,0.0443702,-32.6079,-0.503207,-0.413884,4.01416,-0.0402445,0.313822,-1.40174,-0.399122,-0.396164,1.58807,0.801941,0.258485,0.280639,0.342241,0.254801,False,True
3.43,0.11683,0.53535,-1.77858,0.0473273,-0.463013,-0.568716,-0.704437,1.22568,-5.3449,1.13592,-2.6184,4.09716,-0.431481,1.39272,-0.668585,-0.0473273,0.463013,-0.0178357,-0.11683,-0.53535,4.91336,0.0386303,-0.331991,-21.7515,-0.566312,0.358889,1.16637,1.07156,0.0424652,-32.5699,-0.505245,-0.401354,4.1416,-0.0386303,0.331991,-1.48921,-0.434137,-0.425173,1.48237,0.695853,0.257952,0.281264,0.342241,0.254801,False,True
3.435,0.119362,0.47774,-1.70904,0.04502,-0.459583,-0.439419,-0.698345,1.20227,-6.19191,1.12322,-2.44768,4.28996,-0.424874,1.24541,-0.714045,-0.04502,0.459583,-0.0208188,-0.119362,-0.47774,5.18701,0.0369246,-0.350401,-22.4493,-0.564544,0.34824,1.82238,1.07176,0.0405107,-32.5182,-0.50722,-0.388751,4.26648,-0.0369246,0.350401,-1.57875,-0.464661,-0.452218,1.36752,0.582494,0.257391,0.281897,0.342241,0.254801,False,True
3.44,0.121607,0.421079,-1.62677,0.0427315,-0.455731,-0.308176,-0.692414,1.16209,-6.98409,1.11144,-2.2514,4.44677,-0.419027,1.08931,-0.753079,-0.0427315,0.455731,-0.0214933,-0.121607,-0.421079,5.40822,0.0351263,-0.369038,-23.1024,-0.56283,0.33768,2.43198,1.07196,0.0384747,-32.4553,-0.509132,-0.376154,4.38682,-0.0351263,0.369038,-1.66742,-0.489818,-0.476375,1.24496,0.462512,0.256799,0.282542,0.342241,0.254801,False,True
3.445,0.123573,0.365826,-1.53274,0.0404627,-0.451914,-0.177146,-0.686725,1.10654,-7.69991,1.10071,-2.03261,4.56173,-0.413981,0.926072,-0.784095,-0.0404627,0.451914,-0.0199328,-0.123573,-0.365826,5.56782,0.0332342,-0.387884,-23.692,-0.561168,0.327333,2.97654,1.07215,0.0363221,-32.3845,-0.510982,-0.363656,4.50018,-0.0332342,0.387884,-1.75157,-0.508653,-0.496603,1.1164,0.336835,0.256177,0.283199,0.342241,0.254801,False,True
3.45,0.125266,0.312458,-1.42771,0.0382123,-0.448569,-0.0480428,-0.681349,1.0375,-8.3171,1.09111,-1.79523,4.62866,-0.409766,0.757729,-0.805379,-0.0382123,0.448569,-0.016244,-0.125266,-0.312458,5.65599,0.0312474,-0.406925,-24.1998,-0.559556,0.31734,3.43645,1.07233,0.034014,-32.3096,-0.512769,-0.351354,4.60375,-0.0312474,0.406925,-1.82694,-0.52015,-0.511764,0.983871,0.206708,0.255523,0.28387,0.342241,0.254801,False,True
3.455,0.126697,0.261472,-1.3122,0.035977,-0.446109,0.0780153,-0.67635,0.957342,-8.81333,1.08275,-1.54405,4.64108,-0.406403,0.586713,-0.815149,-0.035977,0.446109,-0.0105655,-0.126697,-0.261472,5.66256,0.029165,-0.426143,-24.608,-0.557994,0.307854,3.79171,1.07249,0.0315083,-32.2352,-0.514495,-0.339363,4.6943,-0.029165,0.426143,-1.88888,-0.523259,-0.520657,0.84966,0.0737122,0.254836,0.284556,0.342241,0.254801,False,True
3.46,0.12788,0.213384,-1.18638,0.0337512,-0.444917,0.200637,-0.671776,0.868899,-9.16684,1.07567,-1.28477,4.59233,-0.403899,0.415867,-0.811601,-0.0337512,0.444917,-0.00306721,-0.12788,-0.213384,5.57729,0.026986,-0.44552,-24.9002,-0.556478,0.299044,4.02245,1.07264,0.028759,-32.1657,-0.516162,-0.327803,4.7681,-0.026986,0.44552,-1.93267,-0.516932,-0.522049,0.716377,-0.0602158,0.254115,0.285259,0.342241,0.254801,False,True
3.465,0.128831,0.16873,-1.05013,0.0315278,-0.445338,0.320244,-0.667661,0.775482,-9.35722,1.06991,-1.02393,4.47561,-0.402245,0.248445,-0.792972,-0.0315278,0.445338,0.00604767,-0.128831,-0.16873,5.39036,0.0247098,-0.465035,-25.0623,-0.555004,0.291092,4.10956,1.07278,0.0257167,-32.1061,-0.517773,-0.316809,4.82057,-0.0247098,0.465035,-1.95431,-0.500154,-0.514708,0.586914,-0.19279,0.25336,0.28598,0.342241,0.254801,False,True
3.47,0.129568,0.128066,-0.903028,0.0292979,-0.447675,0.438101,-0.664021,0.680827,-9.36596,1.06544,-0.768917,4.28407,-0.401414,0.08809,-0.757588,-0.0292979,0.447675,0.0165381,-0.129568,-0.128066,5.09278,0.0223357,-0.484663,-25.0825,-0.553567,0.284201,4.03509,1.0729,0.0223281,-32.0613,-0.519331,-0.306529,4.84537,-0.0223357,0.484663,-1.95163,-0.471981,-0.497438,0.464423,-0.32138,0.25257,0.286719,0.342241,0.254801,False,True
3.475,0.130112,0.0919651,-0.744436,0.0270511,-0.452177,0.556252,-0.660852,0.589053,-9.17688,1.06222,-0.527856,4.01087,-0.401364,-0.0611972,-0.703906,-0.0270511,0.452177,0.028116,-0.130112,-0.0919651,4.67701,0.0198631,-0.504373,-24.9519,-0.552162,0.278585,3.78222,1.073,0.0185365,-32.0377,-0.520838,-0.297122,4.83267,-0.0198631,0.504373,-1.92637,-0.431569,-0.469094,0.352286,-0.443038,0.251745,0.287476,0.342241,0.254801,False,True
3.48,0.130487,0.0610227,-0.573634,0.0247761,-0.459029,0.67734,-0.65813,0.504618,-8.77623,1.06016,-0.309524,3.64912,-0.402026,-0.195094,-0.630537,-0.0247761,0.459029,0.0404295,-0.130487,-0.0610227,4.13757,0.0172919,-0.52412,-24.6656,-0.550781,0.274482,3.33468,1.07308,0.0142808,-32.0443,-0.522302,-0.288763,4.76582,-0.0172919,0.52412,-1.88776,-0.378197,-0.42859,0.254068,-0.554515,0.250883,0.288253,0.342241,0.254801,False,True
3.485,0.130722,0.0358524,-0.390053,0.0224608,-0.468339,0.804281,-0.655806,0.43227,-8.15246,1.05912,-0.123273,3.19187,-0.403315,-0.308997,-0.536243,-0.0224608,0.468339,0.0530335,-0.130722,-0.0358524,3.47196,0.0146219,-0.543839,-24.2234,-0.549417,0.272152,2.67532,1.07314,0.00949608,-32.0965,-0.523726,-0.281648,4.61572,-0.0146219,0.543839,-1.85863,-0.311283,-0.374883,0.173469,-0.652292,0.249985,0.289047,0.342241,0.254801,False,True
3.49,0.130846,0.0170873,-0.193622,0.0200927,-0.480115,0.939714,-0.653807,0.377022,-7.29551,1.05892,0.0210452,2.63192,-0.405116,-0.398067,-0.419914,-0.0200927,0.480115,0.06534,-0.130846,-0.0170873,2.68176,0.0118535,-0.563428,-23.6309,-0.54806,0.271895,1.78353,1.07318,0.00411242,-32.2206,-0.525118,-0.276007,4.33223,-0.0118535,0.563428,-1.88655,-0.230401,-0.306929,0.114275,-0.732591,0.24905,0.28986,0.342241,0.254801,False,True
3.495,0.130893,0.00538006,0.00430304,0.0176596,-0.49423,1.07529,-0.652036,0.344145,-6.25808,1.05933,0.113103,1.9986,-0.407295,-0.457249,-0.287894,-0.0176596,0.49423,0.0759826,-0.130893,-0.00538006,1.8143,0.00898765,-0.582726,-22.9562,-0.546698,0.274064,0.706545,1.07318,-0.00194551,-32.4217,-0.526486,-0.272118,3.91157,-0.00898765,0.582726,-2.11934,-0.140315,-0.228033,0.0803022,-0.791375,0.248079,0.290689,0.342241,0.254801,False,True
3.5,0.1309,0.000686877,0.148919,0.0151504,-0.510158,1.15962,-0.650366,0.336239,-5.36384,1.06005,0.148447,1.47942,-0.409689,-0.484686,-0.178225,-0.0151504,0.510158,0.0812695,-0.1309,-0.000686877,1.0927,0.00602627,-0.601442,-22.5037,-0.545319,0.278793,-0.192433,1.07316,-0.00873558,-32.5521,-0.527839,-0.270057,3.65597,-0.00602627,0.601442,-2.98782,-0.0674039,-0.16054,0.0725244,-0.826785,0.247073,0.291533,0.342241,0.254801,False,True
3.505,0.1309,4.71845e-14,0.115659,0.0125581,-0.526336,-0.0204387,-0.648674,0.343332,-3.56307,1.06082,0.149533,-0.267303,-0.412142,-0.492865,0.11689,-0.0125581,0.526336,0.0533981,-0.1309,2.77556e-15,0.688453,0.00297323,-0.619054,-17.7729,-0.54391,0.285002,-1.13984,1.0731,-0.0162055,-30.6523,-0.529187,-0.268796,3.22962,-0.00297323,0.619054,-1.18549,0.105364,0.0447543,0.0798648,-0.847308,0.246033,0.292391,0.330914,0.259274,True,True
3.51,0.1309,0,0.0468169,0.00988706,-0.541237,-0.744873,-0.646933,0.352836,-2.49578,1.06155,0.143894,-1.54275,-0.414618,-0.496729,0.33238,-0.00988706,0.541237,0.0550139,-0.1309,0,0.544101,-0.000164272,-0.635039,-14.7432,-0.542469,0.291421,-1.55892,1.073,-0.0242408,-29.0016,-0.530527,-0.26718,3.21025,0.000164272,0.635039,-0.937091,0.244449,0.182054,0.0893759,-0.863344,0.244961,0.293262,0.319587,0.263747,True,True
3.515,0.1309,0,-0.0198762,0.0071457,-0.554382,-1.29385,-0.645145,0.362016,-1.48671,1.06225,0.13747,-2.9811,-0.417109,-0.499486,0.564791,-0.0071457,0.554382,0.0806673,-0.1309,-2.77556e-15,0.45083,-0.00337716,-0.649126,-11.7166,-0.540996,0.297811,-1.93997,1.07285,-0.0327638,-27.1913,-0.531859,-0.265047,3.10654,0.00337716,0.649126,-0.696304,0.408493,0.3164,0.0981513,-0.876988,0.243861,0.294144,0.30826,0.26822,True,True
3.52,0.1309,0,-0.0687326,0.00434323,-0.565646,-1.57238,-0.643313,0.370848,-0.568747,1.06292,0.130345,-4.54416,-0.419612,-0.501193,0.795391,-0.00434323,0.565646,0.129817,-0.1309,0,0.367792,-0.00665553,-0.661199,-8.90219,-0.539491,0.304189,-2.30359,1.07267,-0.0417011,-25.33,-0.533178,-0.262488,2.92512,0.00665553,0.661199,-0.480712,0.585202,0.436028,0.106041,-0.888177,0.242738,0.295034,0.296933,0.272692,True,True
3.525,0.1309,0,-0.0974522,0.00148924,-0.574978,-1.55539,-0.641437,0.379302,0.230385,1.06356,0.122611,-6.20179,-0.422121,-0.501913,1.01619,-0.00148924,0.574978,0.201868,-0.1309,2.77556e-15,0.291021,-0.00998915,-0.671214,-6.38087,-0.537954,0.310546,-2.63249,1.07244,-0.0509706,-23.439,-0.534483,-0.259575,2.70669,0.00998915,0.671214,-0.292788,0.769097,0.536111,0.112961,-0.896912,0.241593,0.295933,0.285607,0.277165,True,True
3.53,0.1309,0,-0.106227,-0.00140655,-0.582365,-1.23801,-0.63952,0.387338,0.901563,1.06415,0.114362,-7.93702,-0.424632,-0.5017,1.22539,0.00140655,0.582365,0.296581,-0.1309,2.77556e-15,0.218648,-0.0133677,-0.679163,-4.18202,-0.536385,0.316852,-2.91902,1.07216,-0.0604848,-21.5263,-0.535774,-0.256367,2.47464,0.0133677,0.679163,-0.132359,0.958864,0.615608,0.118864,-0.903225,0.240432,0.296837,0.27428,0.281638,True,True
3.535,0.1309,0,-0.096121,-0.00433441,-0.587811,-0.622215,-0.637563,0.394911,1.44409,1.0647,0.105693,-9.74129,-0.427138,-0.500604,1.42438,0.00433441,0.587811,0.41425,-0.1309,-2.77556e-15,0.150121,-0.0167808,-0.685054,-2.31134,-0.534785,0.323067,-3.16057,1.07183,-0.0701524,-19.5936,-0.537047,-0.252914,2.24099,0.0167808,0.685054,0.00157811,1.15554,0.675206,0.123724,-0.907158,0.239259,0.297747,0.262953,0.286111,True,True
3.54,0.1309,0,-0.0682719,-0.00728466,-0.591325,0.28967,-0.63557,0.401968,1.86033,1.06521,0.0967007,-11.6115,-0.429638,-0.498668,1.61587,0.00728466,0.591325,0.55565,-0.1309,0,0.0855959,-0.0202182,-0.688894,-0.765508,-0.533155,0.329139,-3.35698,1.07146,-0.0798799,-17.6389,-0.538303,-0.249259,2.01088,0.0202182,0.688894,0.110046,1.36127,0.71616,0.127525,-0.908749,0.238076,0.29866,0.251626,0.290584,True,True
3.545,0.1309,0,-0.023562,-0.0102477,-0.592914,1.49762,-0.633544,0.40845,2.15288,1.06567,0.0874801,-13.548,-0.432125,-0.49593,1.80259,0.0102477,0.592914,0.721814,-0.1309,0,0.0255642,-0.0236697,-0.690692,0.460299,-0.531494,0.335014,-3.50913,1.07103,-0.0895714,-15.6594,-0.53954,-0.245443,1.78529,0.0236697,0.690692,0.19372,1.5784,0.739598,0.130254,-0.908033,0.236889,0.299575,0.2403,0.295057,True,True
3.55,0.1309,-2.77556e-15,0.0374108,-0.0132138,-0.59258,3.00433,-0.631486,0.414298,2.32332,1.06608,0.0781265,-15.5531,-0.434597,-0.492424,1.98618,0.0132138,0.59258,0.913633,-0.1309,-2.77556e-15,-0.0293511,-0.0271251,-0.690447,1.36896,-0.529805,0.340632,-3.61819,1.07056,-0.0991291,-13.6523,-0.540757,-0.241503,1.56267,0.0271251,0.690447,0.252791,1.80846,0.746011,0.131895,-0.905035,0.2357,0.30049,0.228973,0.299529,True,True
3.555,0.1309,0,0.114114,-0.0161735,-0.590321,4.81393,-0.629401,0.419447,2.37156,1.06645,0.0687358,-17.6302,-0.437049,-0.488183,2.1656,0.0161735,0.590321,1.13114,-0.1309,0,-0.0785207,-0.0305742,-0.688155,1.96031,-0.528088,0.345934,-3.68541,1.07004,-0.108454,-11.6168,-0.541955,-0.23748,1.33994,0.0305742,0.688155,0.286974,2.0508,0.734696,0.132429,-0.899776,0.234514,0.301405,0.217646,0.304002,True,True
3.56,0.1309,2.77556e-15,0.205513,-0.019117,-0.586126,6.92865,-0.627291,0.42384,2.29575,1.06677,0.0594048,-19.7822,-0.439479,-0.483245,2.33479,0.019117,0.586126,1.37224,-0.1309,2.77556e-15,-0.121373,-0.0340067,-0.683806,2.23174,-0.526345,0.350866,-3.71201,1.06948,-0.117447,-9.55572,-0.543132,-0.233419,1.11344,0.0340067,0.683806,0.295649,2.30025,0.702938,0.13183,-0.892275,0.233335,0.302318,0.206319,0.308475,True,True
3.565,0.1309,0,0.308908,-0.0220347,-0.579984,9.34212,-0.625162,0.427426,2.09273,1.06704,0.0502323,-22.0099,-0.441882,-0.477658,2.47848,0.0220347,0.579984,1.63044,-0.1309,0,-0.157385,-0.0374123,-0.677393,2.1811,-0.524579,0.355384,-3.69948,1.06887,-0.12601,-7.47866,-0.544289,-0.229373,0.880246,0.0374123,0.677393,0.278221,2.54312,0.644712,0.13006,-0.882557,0.232166,0.303227,0.194992,0.312948,True,True
3.57,0.1309,0,0.417738,-0.0249169,-0.571889,12.0268,-0.623017,0.430177,1.75934,1.06727,0.0413196,-24.308,-0.444255,-0.471496,2.56553,0.0249169,0.571889,1.89102,-0.1309,0,-0.185928,-0.0407806,-0.668916,1.81301,-0.522791,0.35947,-3.65003,1.06822,-0.134052,-5.40662,-0.545426,-0.225418,0.64031,0.0407806,0.668916,0.234866,2.75067,0.548663,0.127067,-0.870668,0.231011,0.304131,0.183666,0.317421,True,True
3.575,0.1309,0,0.517786,-0.0277536,-0.561845,14.9114,-0.62086,0.432104,1.29554,1.06746,0.0327711,-26.6594,-0.446597,-0.464875,2.53843,0.0277536,0.561845,2.12467,-0.1309,0,-0.205906,-0.0441014,-0.658401,1.1514,-0.520984,0.363148,-3.56776,1.06753,-0.141492,-3.38026,-0.546543,-0.221656,0.399977,0.0441014,0.658401,0.167932,2.86848,0.395113,0.122776,-0.8567,0.229874,0.305029,0.172339,0.321894,True,True
3.58,0.1309,0,0.581653,-0.0305353,-0.549893,17.8426,-0.618696,0.43329,0.710751,1.0676,0.0246948,-29.0219,-0.448904,-0.457985,2.2995,0.0305353,0.549893,2.27836,-0.1309,-2.77556e-15,-0.215197,-0.0473646,-0.645923,0.261587,-0.51916,0.366516,-3.46077,1.0668,-0.148274,-1.47356,-0.547642,-0.218242,0.176729,0.0473646,0.645923,0.0842491,2.80224,0.152672,0.117082,-0.840832,0.22876,0.30592,0.161012,0.326366,True,True
3.585,0.1309,0,0.502048,-0.0332525,-0.536142,20.5939,-0.616528,0.43394,0.18949,1.0677,0.0172,-31.2027,-0.451177,-0.45114,1.84921,0.0332525,0.536142,2.32451,-0.1309,0,-0.196892,-0.0505606,-0.631657,-0.692581,-0.517319,0.369795,-3.45877,1.06604,-0.154387,0.216351,-0.548725,-0.215408,0.00289593,0.0505606,0.631657,-0.00252956,2.536,-0.162073,0.109845,-0.823401,0.227671,0.306803,0.149685,0.330839,True,True
3.59,0.1309,-0.000686877,-0.0916528,-0.0358967,-0.52084,23.0585,-0.614357,0.434013,0.562687,1.06777,0.0103138,-32.5298,-0.453415,-0.444327,1.76399,0.0358967,0.52084,2.44873,-0.1309,0.000686877,-0.0632822,-0.0536812,-0.61547,-1.37655,-0.515462,0.369124,-4.16787,1.06526,-0.153903,1.62116,-0.549796,-0.215222,-0.123663,0.0536812,0.61547,-0.0788776,2.55244,-0.289649,0.101296,-0.804611,0.226612,0.307678,0.138358,0.335312,True,True
3.595,0.130893,-0.00538006,-1.40633,-0.0384609,-0.504437,23.9038,-0.612187,0.43203,2.6897,1.06781,0.00377569,-31.6053,-0.45562,-0.435806,2.85198,0.0384609,0.504437,1.91033,-0.130893,0.00538006,0.218,-0.0567153,-0.595611,-1.0978,-0.513628,0.345003,-6.0485,1.06451,-0.118879,2.06402,-0.550878,-0.226125,-0.217157,0.0567153,0.595611,-0.106299,2.95903,0.708351,0.0931827,-0.783515,0.225584,0.308546,0.138358,0.335312,True,False
3.6,0.130846,-0.0170873,-3.07073,-0.0409411,-0.487386,24.5824,-0.610036,0.426688,5.40422,1.06781,-0.00261735,-30.2132,-0.457773,-0.424071,4.1051,0.0409411,0.487386,1.68595,-0.130846,0.0170873,0.57864,-0.0596373,-0.570566,-0.545653,-0.512012,0.281169,-8.39016,1.06407,-0.026372,2.3525,-0.552058,-0.254797,-0.313999,0.0596373,0.570566,-0.125304,3.65494,1.62953,0.0870738,-0.759355,0.224591,0.30941,0.138358,0.335312,True,False
3.605,0.130722,-0.0358524,-4.68019,-0.0433348,-0.469961,25.1704,-0.607921,0.418303,7.80809,1.06778,-0.00875596,-29.1009,-0.459861,-0.409547,4.90892,0.0433348,0.469961,1.64908,-0.130722,0.0358524,0.933498,-0.062421,-0.540691,-0.00490772,-0.510816,0.180342,-10.5143,1.06424,0.11928,2.57807,-0.553426,-0.299622,-0.397693,0.062421,0.540691,-0.142017,4.1647,2.15718,0.0828748,-0.732708,0.223632,0.310272,0.138358,0.335312,True,False
3.61,0.130487,-0.0610227,-6.1291,-0.0456407,-0.452317,25.6078,-0.605853,0.407427,9.79844,1.06772,-0.0145079,-28.2585,-0.461869,-0.392919,5.35281,0.0456407,0.452317,1.66548,-0.130487,0.0610227,1.26206,-0.0650442,-0.506648,0.49513,-0.510209,0.0492442,-12.3053,1.06526,0.307752,2.72866,-0.555054,-0.356996,-0.462814,0.0650442,0.506648,-0.156285,4.4693,2.42569,0.0801884,-0.704246,0.222708,0.311137,0.138358,0.335312,True,False
3.615,0.130112,-0.0919651,-7.39755,-0.047858,-0.43455,25.8961,-0.603846,0.394475,11.4248,1.06764,-0.0197854,-27.6021,-0.46379,-0.374689,5.59504,0.047858,0.43455,1.69304,-0.130112,0.0919651,1.56279,-0.0674875,-0.468978,0.956393,-0.510324,-0.105891,-13.7776,1.06732,0.529159,2.81083,-0.556996,-0.423268,-0.509551,0.0674875,0.468978,-0.168585,4.64806,2.55991,0.0787052,-0.674443,0.22182,0.312007,0.138358,0.335312,True,False
3.62,0.129568,-0.128066,-8.47769,-0.0499862,-0.416718,26.0414,-0.601909,0.379779,12.7226,1.06752,-0.0245303,-27.0839,-0.465616,-0.355248,5.7262,0.0499862,0.416718,1.71156,-0.129568,0.128066,1.83514,-0.069734,-0.428151,1.38119,-0.511267,-0.279268,-14.9475,1.07055,0.774068,2.83078,-0.559287,-0.4948,-0.53837,0.069734,0.428151,-0.179187,4.74865,2.62903,0.0781696,-0.643654,0.220967,0.312885,0.138358,0.335312,True,False
3.625,0.128831,-0.16873,-9.36986,-0.0520252,-0.398852,26.0529,-0.600049,0.363622,13.7197,1.06739,-0.0287051,-26.6773,-0.467342,-0.334917,5.79541,0.0520252,0.398852,1.71277,-0.128831,0.16873,2.07919,-0.071769,-0.384598,1.77163,-0.513117,-0.465517,-15.8329,1.07506,1.03356,2.79455,-0.561944,-0.568047,-0.550025,0.071769,0.384598,-0.188228,4.79852,2.669,0.078358,-0.612156,0.220148,0.313775,0.138358,0.335312,True,False
3.63,0.12788,-0.213384,-10.0798,-0.0539747,-0.38097,25.942,-0.598272,0.346262,14.4406,1.06724,-0.0322875,-26.3667,-0.468965,-0.313974,5.82825,0.0539747,0.38097,1.69492,-0.12788,0.213384,2.29548,-0.07358,-0.338731,2.12927,-0.515923,-0.659714,-16.4541,1.08089,1.29934,2.70819,-0.564967,-0.639628,-0.54555,0.07358,0.338731,-0.195757,4.81343,2.69709,0.0790675,-0.580178,0.219364,0.314678,0.138358,0.335312,True,False
3.635,0.126697,-0.261472,-10.6167,-0.0558349,-0.363079,25.722,-0.596586,0.327933,14.9087,1.06707,-0.0352674,-26.1419,-0.470482,-0.292665,5.83749,0.0558349,0.363079,1.6596,-0.126697,0.261472,2.48477,-0.0751563,-0.290959,2.45491,-0.519714,-0.857399,-16.8331,1.08805,1.5638,2.57778,-0.56834,-0.706399,-0.526234,0.0751563,0.290959,-0.201761,4.80265,2.7205,0.0801103,-0.547916,0.218613,0.315596,0.138358,0.335312,True,False
3.64,0.125266,-0.312458,-10.9922,-0.0576055,-0.34518,25.4075,-0.594993,0.308857,15.1473,1.06688,-0.0376445,-25.995,-0.471892,-0.271213,5.8292,0.0576055,0.34518,1.60999,-0.125266,0.312458,2.64798,-0.0764895,-0.241692,2.74858,-0.524497,-1.05461,-16.993,1.09653,1.82012,2.40942,-0.572031,-0.765509,-0.493583,0.0764895,0.241692,-0.206189,4.77197,2.74127,0.0813127,-0.515542,0.217895,0.31653,0.138358,0.335312,True,False
3.645,0.123573,-0.365826,-11.2189,-0.0592867,-0.327273,25.0139,-0.593497,0.289245,15.1798,1.06669,-0.039427,-25.9182,-0.473194,-0.249818,5.80623,0.0592867,0.327273,1.54981,-0.123573,0.365826,2.78608,-0.0775732,-0.191356,3.00957,-0.53026,-1.24788,-16.9579,1.10625,2.06233,2.20916,-0.575995,-0.814454,-0.449263,0.0775732,0.191356,-0.208961,4.72536,2.75906,0.082515,-0.48321,0.217209,0.317481,0.138358,0.335312,True,False
3.65,0.121607,-0.421079,-11.3102,-0.0608782,-0.309357,24.5571,-0.592101,0.269294,15.0294,1.06649,-0.0406304,-25.9043,-0.47439,-0.228663,5.76995,0.0608782,0.309357,1.48276,-0.121607,0.421079,2.89999,-0.0784031,-0.140387,3.23654,-0.536975,-1.43427,-16.7517,1.11715,2.28538,1.98292,-0.580176,-0.851113,-0.395043,0.0784031,0.140387,-0.209981,4.66583,2.77262,0.0835719,-0.451056,0.216553,0.31845,0.138358,0.335312,True,False
3.655,0.119362,-0.47774,-11.2792,-0.0623802,-0.291432,24.0529,-0.590804,0.249188,14.7185,1.06629,-0.0412761,-25.9456,-0.475481,-0.207912,5.72115,0.0623802,0.291432,1.41222,-0.119362,0.47774,2.99049,-0.0789771,-0.0892406,3.42774,-0.544602,-1.61132,-16.3975,1.12911,2.48508,1.73638,-0.584506,-0.873762,-0.332735,0.0789771,0.0892406,-0.209143,4.5958,2.7805,0.0843536,-0.419206,0.215927,0.319436,0.138358,0.335312,True,False
3.66,0.11683,-0.53535,-11.1387,-0.0637926,-0.273502,23.5166,-0.589609,0.229102,14.2682,1.06608,-0.0413906,-26.0348,-0.476469,-0.187711,5.66035,0.0637926,0.273502,1.3411,-0.11683,0.53535,3.05823,-0.0792955,-0.0383869,3.58117,-0.553089,-1.77704,-15.9171,1.142,2.65813,1.4749,-0.588913,-0.881086,-0.264142,0.0792955,0.0383869,-0.206342,4.51727,2.78135,0.084746,-0.387774,0.215329,0.32044,0.138358,0.335312,True,False
3.665,0.114008,-0.593472,-10.9004,-0.0651152,-0.255575,22.9627,-0.588513,0.209195,13.6985,1.06587,-0.0410048,-26.1648,-0.477358,-0.16819,5.58797,0.0651152,0.255575,1.27176,-0.114008,0.593472,3.10361,-0.079361,0.0116868,3.69483,-0.562373,-1.92986,-15.3306,1.15569,2.80203,1.20345,-0.593317,-0.872166,-0.191009,0.079361,-0.0116868,-0.201479,4.43186,2.77408,0.0846506,-0.356865,0.214759,0.321461,0.138358,0.335312,True,False
3.67,0.110895,-0.651687,-10.575,-0.0663483,-0.23766,22.4045,-0.587517,0.189617,13.0269,1.06567,-0.0401525,-26.3292,-0.478151,-0.149464,5.50435,0.0663483,0.23766,1.20602,-0.110895,0.651687,3.12686,-0.0791786,0.0604803,3.7669,-0.572387,-2.0686,-14.6556,1.17002,2.91506,0.926607,-0.597635,-0.846464,-0.114995,0.0791786,-0.0604803,-0.194469,4.34082,2.75785,0.0839839,-0.326574,0.214215,0.322498,0.138358,0.335312,True,False
3.675,0.107491,-0.709594,-10.1721,-0.0674918,-0.219774,21.8539,-0.586617,0.170505,12.2695,1.06547,-0.0388703,-26.5221,-0.478852,-0.131634,5.40979,0.0674918,0.219774,1.14521,-0.107491,0.709594,3.12802,-0.0787562,0.107484,3.79593,-0.583059,-2.19236,-13.9077,1.18484,2.99617,0.648516,-0.601782,-0.803802,-0.0376519,0.0787562,-0.107484,-0.185249,4.2451,2.73207,0.0826775,-0.296992,0.213695,0.323551,0.138358,0.335312,True,False
3.68,0.103799,-0.766815,-9.70008,-0.0685461,-0.201937,21.321,-0.585812,0.151984,11.4402,1.06528,-0.0371963,-26.7384,-0.479467,-0.114788,5.30454,0.0685461,0.201937,1.09019,-0.103799,0.766815,3.10697,-0.0781038,0.152185,3.78104,-0.594311,-2.30055,-13.1002,1.19998,3.04488,0.372921,-0.605673,-0.744329,0.0395943,0.0781038,-0.152185,-0.173784,4.14538,2.69639,0.0806763,-0.268202,0.2132,0.324618,0.138358,0.335312,True,False
3.685,0.0998233,-0.822989,-9.16646,-0.0695112,-0.184173,20.8144,-0.585097,0.13417,10.5513,1.0651,-0.0351699,-26.9736,-0.48,-0.099,5.18888,0.0695112,0.184173,1.04149,-0.0998233,0.822989,3.06353,-0.0772343,0.194073,3.72196,-0.606064,-2.39273,-12.2441,1.21529,3.06123,0.103189,-0.609225,-0.668494,0.115441,0.0772343,-0.194073,-0.160077,4.04212,2.65071,0.0779383,-0.240284,0.212727,0.325699,0.138358,0.335312,True,False
3.69,0.0955695,-0.877774,-8.57777,-0.0703878,-0.16651,20.3413,-0.58447,0.117167,9.61347,1.06493,-0.0328306,-27.2238,-0.480457,-0.0843363,5.06315,0.0703878,0.16651,0.999305,-0.0955695,0.877774,2.99749,-0.0761631,0.23265,3.61918,-0.618238,-2.46867,-11.3487,1.2306,3.04569,-0.157639,-0.612358,-0.577016,0.188713,0.0761631,-0.23265,-0.144176,3.93567,2.59509,0.0744334,-0.21331,0.212276,0.326792,0.138358,0.335312,True,False
3.695,0.0910456,-0.93085,-7.93986,-0.0711763,-0.14898,19.9068,-0.583926,0.101069,8.63619,1.06477,-0.0302181,-27.4854,-0.480844,-0.0708509,4.92778,0.0711763,0.14898,0.963614,-0.0910456,0.93085,2.90871,-0.0749078,0.267438,3.47397,-0.630751,-2.52822,-10.4217,1.24575,2.99907,-0.406813,-0.614995,-0.470852,0.258355,0.0749078,-0.267438,-0.126176,3.82632,2.52982,0.0701428,-0.187352,0.211846,0.327895,0.138358,0.335312,True,False
3.7,0.086261,-0.981914,-7.25815,-0.0718776,-0.131619,19.5148,-0.583459,0.0859602,7.62801,1.06463,-0.0273717,-27.7554,-0.481166,-0.0585884,4.78335,0.0718776,0.131619,0.934231,-0.086261,0.981914,2.7972,-0.0734887,0.297991,3.28834,-0.64352,-2.57133,-9.46922,1.26059,2.9225,-0.641816,-0.617066,-0.351172,0.323432,0.0734887,-0.297991,-0.106231,3.71436,2.45538,0.0650579,-0.162474,0.211435,0.329008,0.138358,0.335312,True,False
3.705,0.0812264,-1.03068,-6.53771,-0.0724925,-0.114463,19.168,-0.583066,0.0719139,6.59678,1.0645,-0.0243296,-28.0307,-0.48143,-0.0475843,4.6306,0.0724925,0.114463,0.910855,-0.0812264,1.03068,2.66315,-0.0719279,0.323906,3.06507,-0.656464,-2.59799,-8.49688,1.27497,2.81732,-0.860334,-0.618507,-0.219329,0.383127,0.0719279,-0.323906,-0.0845509,3.60012,2.37239,0.0591795,-0.138737,0.211045,0.330129,0.138358,0.335312,True,False
3.71,0.0759541,-1.0769,-5.78352,-0.0730222,-0.0975534,18.8678,-0.58274,0.0589938,5.54991,1.06438,-0.0211286,-28.3089,-0.481642,-0.0378653,4.47048,0.0730222,0.0975534,0.893121,-0.0759541,1.0769,2.50703,-0.0702496,0.344838,2.80759,-0.6695,-2.60825,-7.50949,1.28876,2.68508,-1.06022,-0.61926,-0.076831,0.436733,0.0702496,-0.344838,-0.0614086,3.48402,2.28165,0.0525169,-0.116196,0.210672,0.331256,0.138358,0.335312,True,False
3.715,0.0704575,-1.12031,-5.00053,-0.073468,-0.0809291,18.6147,-0.582476,0.0472534,4.4946,1.06428,-0.0178041,-28.5872,-0.481808,-0.0294492,4.30409,0.073468,0.0809291,0.880638,-0.0704575,1.12031,2.32959,-0.0684795,0.360505,2.51989,-0.682547,-2.60216,-6.5116,1.30182,2.52748,-1.23945,-0.619275,0.0746836,0.483664,0.0684795,-0.360505,-0.0371356,3.36661,2.18408,0.0450872,-0.0949023,0.210319,0.332388,0.138358,0.335312,True,False
3.72,0.0647511,-1.1607,-4.19379,-0.0738315,-0.064631,18.4087,-0.582268,0.0367358,3.43798,1.0642,-0.0143895,-28.8635,-0.481936,-0.0223463,4.13275,0.0738315,0.064631,0.873017,-0.0647511,1.1607,2.13187,-0.0666446,0.370707,2.20639,-0.695522,-2.57985,-5.50775,1.31403,2.34637,-1.39615,-0.618513,0.233475,0.523449,0.0666446,-0.370707,-0.01212,3.24854,2.08071,0.036914,-0.0748997,0.209982,0.333523,0.138358,0.335312,True,False
3.725,0.0588505,-1.19785,-3.3685,-0.0741143,-0.0486986,18.2492,-0.582109,0.0274747,2.38726,1.06414,-0.010916,-29.1355,-0.482032,-0.0165587,3.95791,0.0741143,0.0486986,0.869901,-0.0588505,1.19785,1.91525,-0.0647725,0.375331,1.87183,-0.708345,-2.54143,-4.50269,1.32529,2.1437,-1.52856,-0.61694,0.39773,0.555737,0.0647725,-0.375331,0.0132004,3.1306,1.97265,0.0280264,-0.0562261,0.209664,0.334659,0.138358,0.335312,True,False
3.73,0.0527725,-1.2316,-2.53001,-0.0743185,-0.0331697,18.1355,-0.581993,0.0194938,1.34979,1.06409,-0.00741228,-29.4013,-0.482102,-0.0120815,3.78118,0.0743185,0.0331697,0.870977,-0.0527725,1.2316,1.68136,-0.0628913,0.374364,1.52109,-0.720936,-2.48709,-3.50154,1.33547,1.9215,-1.63503,-0.614535,0.565591,0.580304,0.0628913,-0.374364,0.0383475,3.01369,1.86108,0.0184579,-0.0389122,0.209362,0.335796,0.138358,0.335312,True,False
3.735,0.0465346,-1.26176,-1.68382,-0.074446,-0.0180791,18.0667,-0.581914,0.0128079,0.333098,1.06407,-0.00390457,-29.659,-0.482152,-0.00890331,3.60429,0.074446,0.0180791,0.875987,-0.0465346,1.26176,1.43211,-0.0610288,0.367896,1.15909,-0.733216,-2.41709,-2.50992,1.3445,1.68191,-1.71407,-0.611284,0.735185,0.597051,0.0610288,-0.367896,0.0628152,2.89884,1.74722,0.00824482,-0.0229813,0.209078,0.336931,0.138358,0.335312,True,False
3.74,0.0401549,-1.2882,-0.835486,-0.0744993,-0.00345783,18.0421,-0.581865,0.00742305,-0.655095,1.06406,-0.00041624,-29.9072,-0.482191,-0.00700681,3.42904,0.0744993,0.00345783,0.884738,-0.0401549,1.2882,1.16959,-0.0592123,0.356125,0.790592,-0.745107,-2.33175,-1.53401,1.35229,1.42709,-1.76434,-0.607184,0.904655,0.606009,0.0592123,-0.356125,0.0860837,2.78715,1.6323,-0.0025747,-0.008449,0.208811,0.338063,0.138358,0.335312,True,False
3.745,0.0336526,-1.31078,0.00938892,-0.0744806,0.0106678,18.0609,-0.58184,0.00333765,-1.60693,1.06406,0.00303217,-30.1446,-0.482223,-0.00636982,3.25729,0.0744806,-0.0106678,0.897088,-0.0336526,1.31078,0.896044,-0.0574676,0.33936,0.420143,-0.756534,-2.23149,-0.580583,1.35877,1.1593,-1.78467,-0.602238,1.07219,0.607328,0.0574676,-0.33936,0.107636,2.6798,1.51755,-0.0139624,0.0046773,0.208562,0.339191,0.138358,0.335312,True,False
3.75,0.0270472,-1.3294,0.845263,-0.0743926,0.0242768,18.1229,-0.581832,0.000543128,-2.51446,1.06409,0.00642302,-30.3702,-0.482254,-0.00696615,3.09091,0.0743926,-0.0242768,0.912944,-0.0270472,1.3294,0.613836,-0.0558187,0.318015,0.0519373,-0.767422,-2.11686,0.343103,1.36388,0.880807,-1.77414,-0.596462,1.23605,0.601281,0.0558187,-0.318015,0.126976,2.57797,1.40419,-0.0258811,0.0163979,0.208329,0.340313,0.138358,0.335312,True,False
3.755,0.0203586,-1.34398,1.66671,-0.0742379,0.0373543,18.2277,-0.581834,-0.000974906,-3.36978,1.06413,0.00974153,-30.5834,-0.482292,-0.00876663,2.93175,0.0742379,-0.0373543,0.932244,-0.0203586,1.34398,0.325375,-0.0542874,0.292604,-0.310248,-0.777702,-1.98854,1.22934,1.36758,0.59394,-1.73206,-0.589877,1.3946,0.588244,0.0542874,-0.292604,0.143646,2.4829,1.2934,-0.0382963,0.026721,0.208115,0.341427,0.138358,0.335312,True,False
3.76,0.0136074,-1.35444,2.46849,-0.0740191,0.0498922,18.3751,-0.581841,-0.00123563,-4.16508,1.06418,0.0129757,-30.7836,-0.482342,-0.0117401,2.7816,0.0740191,-0.0498922,0.954939,-0.0136074,1.35444,0.0331011,-0.0528927,0.26373,-0.6631,-0.787307,-1.84736,2.07013,1.36982,0.301038,-1.65802,-0.582516,1.54632,0.568687,0.0528927,-0.26373,0.157241,2.39575,1.18633,-0.051177,0.0356621,0.207918,0.342533,0.138358,0.335312,True,False
3.765,0.00681419,-1.36074,3.24556,-0.0737389,0.0618889,18.5649,-0.581847,-0.000261896,-4.89283,1.06426,0.0161163,-30.9706,-0.48241,-0.0158544,2.64218,0.0737389,-0.0618889,0.980974,-0.00681419,1.36074,-0.260547,-0.0516501,0.232075,-1.00379,-0.796176,-1.69431,2.85736,1.37059,0.00445716,-1.55194,-0.574414,1.68985,0.543154,0.0516501,-0.232075,0.16743,2.31763,1.08406,-0.0644969,0.0432437,0.20774,0.343629,0.138358,0.335312,True,False
3.77,6.66134e-16,-1.36284,3.99312,-0.0734002,0.0733501,18.7967,-0.581844,0.0019208,-5.54588,1.06434,0.0191563,-31.1444,-0.482501,-0.0210771,2.51506,0.0734002,-0.0733501,1.01026,-4.44089e-16,1.36284,-0.553137,-0.0505719,0.198381,-1.32998,-0.80425,-1.53053,3.58297,1.36987,-0.293443,-1.41406,-0.565617,1.82397,0.512241,0.0505719,-0.198381,0.173961,2.24958,0.987637,-0.0782354,0.049495,0.20758,0.344714,0.138358,0.335312,True,False
3.775,-0.00681419,-1.36074,4.70663,-0.0730054,0.0842885,19.0698,-0.581827,0.00528526,-6.1176,1.06445,0.0220911,-31.3049,-0.48262,-0.0273764,2.4017,0.0730054,-0.0842885,1.04269,0.00681419,1.36074,-0.842247,-0.0496663,0.163433,-1.63976,-0.811481,-1.35733,4.23918,1.36766,-0.590305,-1.24501,-0.556174,1.94763,0.476574,0.0496663,-0.163433,0.176679,2.19246,0.898029,-0.0923778,0.054451,0.20744,0.345788,0.138358,0.335312,True,False
3.78,-0.0136074,-1.35444,5.38173,-0.0725573,0.0947237,19.3829,-0.581791,0.00980337,-6.60199,1.06457,0.0249178,-31.4524,-0.482774,-0.0347212,2.30336,0.0725573,-0.0947237,1.07807,0.0136074,1.35444,-1.12545,-0.0489376,0.12804,-1.93167,-0.817824,-1.17617,4.81862,1.36396,-0.88379,-1.04575,-0.546141,2.05996,0.436784,0.0489376,-0.12804,0.175524,2.14705,0.816131,-0.106916,0.0581526,0.20732,0.346849,0.138358,0.335312,True,False
3.785,-0.0203586,-1.34398,6.01426,-0.0720582,0.104682,19.7342,-0.581729,0.0154467,-6.99381,1.0647,0.027635,-31.587,-0.482968,-0.0430817,2.2211,0.0720582,-0.104682,1.11618,0.0203586,1.34398,-1.40033,-0.0483859,0.0930119,-2.20456,-0.823243,-0.988663,5.31458,1.35882,-1.17158,-0.817633,-0.535575,2.16024,0.393487,0.0483859,-0.0930119,0.170537,2.11392,0.742747,-0.121848,0.0606455,0.207221,0.347897,0.138358,0.335312,True,False
3.79,-0.0270472,-1.3294,6.60022,-0.0715105,0.114196,20.121,-0.581637,0.0221867,-7.28865,1.06484,0.0302425,-31.7086,-0.483205,-0.0524292,2.15579,0.0715105,-0.114196,1.15673,0.0270472,1.3294,-1.66443,-0.0480075,0.0591421,-2.4576,-0.82771,-0.796535,5.72112,1.35225,-1.45138,-0.562383,-0.524538,2.24791,0.347259,0.0480075,-0.0591421,0.161857,2.09348,0.678586,-0.137178,0.0619807,0.207143,0.348931,0.138358,0.335312,True,False
3.795,-0.0336526,-1.31078,7.13571,-0.0709162,0.123305,20.5399,-0.581507,0.0299953,-7.48302,1.065,0.0327407,-31.8174,-0.483492,-0.0627359,2.10806,0.0709162,-0.123305,1.19937,0.0336526,1.31078,-1.9153,-0.0477945,0.0271867,-2.69019,-0.831208,-0.601627,6.03316,1.3443,-1.72093,-0.282054,-0.513096,2.32256,0.298619,0.0477945,-0.0271867,0.149716,2.08596,0.624243,-0.152916,0.0622138,0.207087,0.349951,0.138358,0.335312,True,False
3.8,-0.0401549,-1.2882,7.61694,-0.0702774,0.132053,20.9865,-0.581337,0.0388442,-7.57437,1.06517,0.0351302,-31.913,-0.483833,-0.0739744,2.07829,0.0702774,-0.132053,1.24375,0.0401549,1.2882,-2.1505,-0.0477356,-0.00215334,-2.90188,-0.833727,-0.405865,6.24665,1.33504,-1.97804,0.020979,-0.501313,2.3839,0.248018,0.0477356,0.00215334,0.134424,2.0914,0.580191,-0.169077,0.0614051,0.207054,0.350957,0.138358,0.335312,True,False
3.805,-0.0465346,-1.26176,8.04022,-0.0695957,0.140489,21.4557,-0.581119,0.0487052,-7.56116,1.06535,0.0374114,-31.9953,-0.484232,-0.0861166,2.06665,0.0695957,-0.140489,1.28943,0.0465346,1.26176,-2.36761,-0.047816,-0.0282479,-3.09237,-0.835267,-0.211232,6.35854,1.32452,-2.22052,0.344057,-0.489257,2.43175,0.195827,0.047816,0.0282479,0.116363,2.10968,0.546774,-0.185678,0.0596198,0.207045,0.351948,0.138358,0.335312,True,False
3.81,-0.0527725,-1.2316,8.40198,-0.0688725,0.148666,21.9417,-0.58085,0.0595495,-7.4428,1.06554,0.0395841,-32.0637,-0.484694,-0.0991335,2.07306,0.0688725,-0.148666,1.336,0.0527725,1.2316,-2.56431,-0.0480181,-0.0505504,-3.26144,-0.835839,-0.0197448,6.36684,1.31283,-2.44626,0.68428,-0.476995,2.466,0.142336,0.0480181,0.0505504,0.0959683,2.1405,0.524208,-0.202742,0.056928,0.20706,0.352925,0.138358,0.335312,True,False
3.815,-0.0588505,-1.19785,8.69881,-0.068109,0.156643,22.4377,-0.580524,0.0713469,-7.2197,1.06575,0.0416468,-32.1176,-0.485223,-0.112994,2.09723,0.068109,-0.156643,1.38301,0.0588505,1.19785,-2.73839,-0.0483215,-0.0686073,-3.40891,-0.835464,0.166571,6.27063,1.30006,-2.65319,1.03854,-0.464597,2.48662,0.0877519,0.0483215,0.0686073,0.0737146,2.18343,0.512587,-0.22029,0.0534052,0.207102,0.353889,0.138358,0.335312,True,False
3.82,-0.0647511,-1.1607,8.92754,-0.0673061,0.16448,22.9367,-0.580136,0.0840656,-6.89321,1.06596,0.0435968,-32.1559,-0.485824,-0.127662,2.13872,0.0673061,-0.16448,1.43,0.0647511,1.1607,-2.88787,-0.0487042,-0.0820651,-3.53469,-0.834173,0.345709,6.07003,1.2863,-2.8393,1.40359,-0.452129,2.49359,0.032212,0.0487042,0.0820651,0.0500982,2.23789,0.5119,-0.238346,0.0491321,0.20717,0.354838,0.138358,0.335312,True,False
3.825,-0.0704575,-1.12031,9.08533,-0.0664642,0.172242,23.4312,-0.579683,0.0976712,-6.46563,1.06618,0.0454293,-32.1776,-0.4865,-0.143101,2.19692,0.0664642,-0.172242,1.47653,0.0704575,1.12031,-3.01107,-0.0491422,-0.0906733,-3.63872,-0.832007,0.515706,5.76619,1.27167,-3.00264,1.77603,-0.439661,2.48693,-0.024208,0.0491422,0.0906733,0.0256222,2.30324,0.522056,-0.25693,0.0441953,0.207265,0.355775,0.138358,0.335312,True,False
3.83,-0.0759541,-1.0769,9.16982,-0.0655837,0.179992,23.9136,-0.579159,0.112126,-5.94017,1.06641,0.0471372,-32.1815,-0.487255,-0.159263,2.27116,0.0655837,-0.179992,1.52211,0.0759541,1.0769,-3.10666,-0.0496109,-0.0942844,-3.72104,-0.829016,0.674669,5.36129,1.25628,-3.14134,2.15241,-0.42726,2.46667,-0.0814742,0.0496109,0.0942844,0.000781337,2.37875,0.542917,-0.276062,0.0386868,0.207389,0.3567,0.138358,0.335312,True,False
3.835,-0.0812264,-1.03068,9.17925,-0.0646643,0.187797,24.3762,-0.578562,0.127389,-5.32096,1.06665,0.048711,-32.1661,-0.488092,-0.1761,2.3607,0.0646643,-0.187797,1.56626,0.0812264,1.03068,-3.17375,-0.050085,-0.0928514,-3.78178,-0.82526,0.820794,4.85855,1.24025,-3.25361,2.52919,-0.414994,2.43282,-0.139572,0.050085,0.0928514,-0.023951,2.46367,0.574326,-0.295755,0.0327048,0.207542,0.357613,0.138358,0.335312,True,False
3.84,-0.086261,-0.981914,9.11258,-0.0637057,0.195724,24.8118,-0.577885,0.143413,-4.6131,1.0669,0.0501385,-32.1299,-0.489016,-0.193552,2.46484,0.0637057,-0.195724,1.6085,0.086261,0.981914,-3.21196,-0.0505394,-0.0864226,-3.8212,-0.820808,0.952396,4.26227,1.22374,-3.33778,2.90278,-0.402932,2.38538,-0.198482,0.0505394,0.0864226,-0.0481336,2.55724,0.616142,-0.316019,0.0263527,0.207725,0.358517,0.138358,0.335312,True,False
3.845,-0.0910456,-0.93085,8.96972,-0.0627071,0.203839,25.2133,-0.577127,0.160148,-3.82275,1.06716,0.0514047,-32.0714,-0.490028,-0.211553,2.5829,0.0627071,-0.203839,1.6483,0.0910456,0.93085,-3.22147,-0.0509493,-0.0751342,-3.83973,-0.815736,1.06793,3.57792,1.20688,-3.3923,3.26954,-0.39114,2.32436,-0.258146,0.0509493,0.0751342,-0.0713666,2.65872,0.668259,-0.336855,0.0197396,0.207939,0.359413,0.138358,0.335312,True,False
3.85,-0.0955695,-0.877774,8.75161,-0.0616673,0.212206,25.5743,-0.576284,0.177536,-2.95721,1.06742,0.0524917,-31.9891,-0.491131,-0.230028,2.71426,0.0616673,-0.212206,1.68516,0.0955695,0.877774,-3.20304,-0.0512907,-0.0592015,-3.83801,-0.810129,1.16602,2.81226,1.18982,-3.4158,3.62576,-0.379688,2.24977,-0.318439,0.0512907,0.0592015,-0.0932967,2.7674,0.730606,-0.358257,0.0129789,0.208185,0.360301,0.138358,0.335312,True,False
3.855,-0.0998233,-0.822989,8.46042,-0.060585,0.220885,25.8894,-0.575352,0.195515,-2.02511,1.06768,0.0533785,-31.8817,-0.492328,-0.248894,2.85831,0.060585,-0.220885,1.71856,0.0998233,0.822989,-3.15801,-0.0515413,-0.0389095,-3.81691,-0.804076,1.24549,1.9735,1.17272,-3.40713,3.96762,-0.368643,2.16164,-0.379134,0.0515413,0.0389095,-0.113622,2.8826,0.803127,-0.38021,0.00618797,0.208464,0.361184,0.138358,0.335312,True,False
3.86,-0.103799,-0.766815,8.09967,-0.0594585,0.229934,26.1538,-0.574329,0.214017,-1.0366,1.06795,0.0540418,-31.7484,-0.49362,-0.268059,3.01443,0.0594585,-0.229934,1.74803,0.103799,0.766815,-3.08831,-0.0516798,-0.0146021,-3.77754,-0.797674,1.30538,1.0715,1.15575,-3.36544,4.29116,-0.358072,2.06006,-0.439867,0.0516798,0.0146021,-0.132092,3.00361,0.885728,-0.402689,-0.000513087,0.208775,0.362063,0.138358,0.335312,True,False
3.865,-0.107491,-0.709594,7.67429,-0.0582857,0.239404,26.3638,-0.573212,0.232967,-0.00361326,1.06822,0.0544552,-31.5889,-0.495009,-0.287422,3.18181,0.0582857,-0.239404,1.77313,0.107491,0.709594,-2.99635,-0.0516873,0.0133282,-3.72128,-0.791022,1.34501,0.117942,1.13906,-3.2902,4.59222,-0.348042,1.94519,-0.500106,0.0516873,-0.0133282,-0.148509,3.12967,0.97819,-0.425657,-0.00700311,0.209119,0.36294,0.138358,0.335312,True,False
3.87,-0.110895,-0.651687,7.19073,-0.0570644,0.24934,26.5167,-0.571999,0.252286,1.05995,1.06849,0.0545907,-31.4038,-0.496494,-0.306877,3.35941,0.0570644,-0.24934,1.79352,0.110895,0.651687,-2.88503,-0.0515466,0.0444508,-3.6497,-0.784224,1.36399,-0.873431,1.12284,-3.18134,4.86635,-0.33862,1.81734,-0.559122,0.0515466,-0.0444508,-0.162725,3.25988,1.08007,-0.449067,-0.0131615,0.209498,0.363817,0.138358,0.335312,True,False
3.875,-0.114008,-0.593472,6.65685,-0.0557923,0.259779,26.611,-0.570689,0.271891,2.138,1.06877,0.054418,-31.1947,-0.498077,-0.326309,3.54566,0.0557923,-0.259779,1.80896,0.114008,0.593472,-2.75754,-0.0512428,0.0783066,-3.56457,-0.777382,1.3623,-1.88672,1.10725,-3.03932,5.10881,-0.329869,1.67702,-0.615968,0.0512428,-0.0783066,-0.174637,3.39306,1.19055,-0.472862,-0.0188704,0.209911,0.364697,0.138358,0.335312,True,False
3.88,-0.11683,-0.53535,6.08193,-0.0544666,0.270749,26.646,-0.56928,0.291695,3.2122,1.06904,0.0539056,-30.9642,-0.499757,-0.345601,3.73838,0.0544666,-0.270749,1.81933,0.11683,0.53535,-2.61729,-0.0507635,0.114417,-3.46779,-0.770601,1.34028,-2.9038,1.09245,-2.86523,5.31449,-0.32185,1.52495,-0.669466,0.0507635,-0.114417,-0.184185,3.52767,1.30836,-0.49697,-0.0240169,0.210359,0.36558,0.138358,0.335312,True,False
3.885,-0.119362,-0.47774,5.47636,-0.0530848,0.282269,26.6219,-0.567772,0.311609,4.26194,1.06931,0.0530214,-30.7164,-0.501533,-0.364631,3.93456,0.0530848,-0.282269,1.82459,0.119362,0.47774,-2.46772,-0.0500986,0.152294,-3.36124,-0.76398,1.29873,-3.90443,1.0786,-2.66089,5.47786,-0.314619,1.36216,-0.718206,0.0500986,-0.152294,-0.191345,3.6617,1.43164,-0.521313,-0.0284951,0.210841,0.366469,0.138358,0.335312,True,False
3.89,-0.121607,-0.421079,4.85139,-0.051644,0.294343,26.5396,-0.566164,0.331543,5.26465,1.06957,0.0517329,-30.4567,-0.503404,-0.383276,4.13029,0.051644,-0.294343,1.82472,0.121607,0.421079,-2.31213,-0.0492405,0.191443,-3.24671,-0.757614,1.23893,-4.8665,1.06584,-2.42896,5.59303,-0.308228,1.19003,-0.760566,0.0492405,-0.191443,-0.196124,3.79253,1.55794,-0.545798,-0.0322088,0.211359,0.367367,0.138358,0.335312,True,False
3.895,-0.123573,-0.365826,4.21872,-0.0501414,0.306966,26.4,-0.564457,0.351407,6.19618,1.06982,0.0500082,-30.1913,-0.505366,-0.401415,4.32072,0.0501414,-0.306966,1.81963,0.123573,0.365826,-2.15348,-0.0481842,0.231375,-3.12577,-0.75159,1.16266,-5.76653,1.05431,-2.17299,5.6537,-0.302719,1.01033,-0.794741,0.0481842,-0.231375,-0.198557,3.91686,1.68426,-0.570328,-0.0350733,0.211912,0.368275,0.138358,0.335312,True,False
3.9,-0.125266,-0.312458,3.58994,-0.0485743,0.320122,26.2041,-0.56265,0.371113,7.03152,1.07007,0.0478167,-29.9277,-0.507418,-0.41893,4.50018,0.0485743,-0.320122,1.80902,0.125266,0.312458,-1.9942,-0.0469268,0.271606,-2.9996,-0.745987,1.07223,-6.58033,1.04411,-1.89753,5.65331,-0.298125,0.825301,-0.818795,0.0469268,-0.271606,-0.198697,4.03076,1.8072,-0.594795,-0.0370162,0.2125,0.369194,0.138358,0.335312,True,False
3.905,-0.126697,-0.261472,2.97596,-0.0469401,0.333782,25.9522,-0.560746,0.390575,7.7457,1.0703,0.0451298,-29.6735,-0.509555,-0.435705,4.66241,0.0469401,-0.333782,1.79225,0.126697,0.261472,-1.83599,-0.0454681,0.311664,-2.86892,-0.740868,0.970484,-7.28379,1.03533,-1.60809,5.58508,-0.294466,0.637611,-0.830725,0.0454681,-0.311664,-0.196611,4.12966,1.92312,-0.619086,-0.0379791,0.213123,0.370128,0.138358,0.335312,True,False
3.91,-0.12788,-0.213384,2.38647,-0.0452365,0.347906,25.6436,-0.558744,0.409707,8.31473,1.07052,0.0419218,-29.4361,-0.511775,-0.451629,4.80082,0.0452365,-0.347906,1.76826,0.12788,0.213384,-1.67973,-0.0438102,0.351092,-2.73382,-0.736282,0.860776,-7.85388,1.02803,-1.31119,5.44217,-0.291749,0.450415,-0.828531,0.0438102,-0.351092,-0.192376,4.20858,2.02845,-0.643083,-0.0379162,0.213781,0.371076,0.138358,0.335312,True,False
3.915,-0.128831,-0.16873,1.82932,-0.0434611,0.362445,25.2764,-0.556648,0.428425,8.71668,1.07072,0.0381708,-29.2221,-0.514072,-0.466596,4.90888,0.0434611,-0.362445,1.73575,0.128831,0.16873,-1.5253,-0.0419572,0.389449,-2.59377,-0.73226,0.746939,-8.26948,1.02222,-1.01426,5.21776,-0.289962,0.267323,-0.810286,0.0419572,-0.389449,-0.186066,4.26239,2.11974,-0.666665,-0.0367943,0.214475,0.372041,0.138358,0.335312,True,False
3.92,-0.129568,-0.128066,1.31017,-0.041612,0.377342,24.847,-0.55446,0.446646,8.93245,1.0709,0.0338596,-29.0368,-0.516441,-0.480506,4.9804,0.041612,-0.377342,1.69373,0.129568,0.128066,-1.37159,-0.0399157,0.426306,-2.44756,-0.728813,0.633219,-8.51216,1.01789,-0.725594,4.90517,-0.289075,0.0923745,-0.774199,0.0399157,-0.426306,-0.177746,4.2864,2.19357,-0.689706,-0.0345904,0.215203,0.373023,0.138358,0.335312,True,False
3.925,-0.130112,-0.0919651,0.832225,-0.0396877,0.392533,24.3508,-0.552182,0.464283,8.94635,1.07106,0.0289763,-28.884,-0.518877,-0.49326,5.00979,0.0396877,-0.392533,1.64281,0.130112,0.0919651,-1.2165,-0.0376941,0.461251,-2.29338,-0.725928,0.524214,-8.5666,1.01497,-0.454209,4.49788,-0.289038,-0.0700053,-0.718654,0.0376941,-0.461251,-0.16746,4.2772,2.24593,-0.712078,-0.0312905,0.215965,0.374024,0.138358,0.335312,True,False
3.93,-0.130487,-0.0610227,0.396224,-0.0376867,0.407945,23.7824,-0.549817,0.481244,8.74612,1.07119,0.0235156,-28.7655,-0.521373,-0.50476,4.99212,0.0376867,-0.407945,1.58787,0.130487,0.0610227,-1.05705,-0.0353032,0.493874,-2.1289,-0.723571,0.424791,-8.42061,1.01335,-0.209738,3.98955,-0.289775,-0.215053,-0.642221,0.0353032,-0.493874,-0.155208,4.23435,2.27073,-0.73365,-0.0268886,0.216761,0.375043,0.138358,0.335312,True,False
3.935,-0.130722,-0.0358524,0.000739292,-0.0356082,0.423496,23.1374,-0.54737,0.497432,8.32253,1.07129,0.0174787,-28.6813,-0.523924,-0.514911,4.92323,0.0356082,-0.423496,1.54293,0.130722,0.0358524,-0.889479,-0.0327554,0.523765,-1.95143,-0.72168,0.340019,-8.06464,1.01287,-0.00230377,3.37389,-0.291188,-0.337715,-0.543632,0.0327554,-0.523765,-0.14092,4.16314,2.257,-0.75428,-0.0213886,0.217592,0.376081,0.138358,0.335312,True,False
3.94,-0.130846,-0.0170873,-0.357222,-0.0334517,0.439081,22.4144,-0.544843,0.51274,7.66845,1.07137,0.0108739,-28.6299,-0.526523,-0.523614,4.80059,0.0334517,-0.439081,1.54028,0.130846,0.0170873,-0.709426,-0.0300655,0.550492,-1.758,-0.72017,0.275122,-7.49068,1.01332,0.157566,2.64448,-0.293153,-0.432689,-0.421721,0.0300655,-0.550492,-0.124409,4.08061,2.18414,-0.773809,-0.0148101,0.218455,0.377138,0.138358,0.335312,True,False
3.945,-0.130893,-0.00538006,-0.663505,-0.0312174,0.454558,21.669,-0.542242,0.52705,6.84111,1.0714,0.00371674,-28.5754,-0.529161,-0.530766,4.69866,0.0312174,-0.454558,1.69536,0.130893,0.00538006,-0.52075,-0.0272505,0.57357,-1.55283,-0.718929,0.235457,-6.73889,1.01444,0.258977,1.83974,-0.295515,-0.494434,-0.283132,0.0272505,-0.57357,-0.106051,4.10317,2.03252,-0.792043,-0.00720281,0.219351,0.378213,0.138358,0.335312,True,False
3.95,-0.1309,-0.000686877,-0.834043,-0.0289062,0.46968,21.1732,-0.539572,0.540288,6.17613,1.0714,-0.00397905,-28.3417,-0.53183,-0.536309,5.00801,0.0289062,-0.46968,2.36222,0.1309,0.000686877,-0.364138,-0.0243298,0.592737,-1.3708,-0.717816,0.223384,-6.06222,1.01591,0.297577,1.1898,-0.298097,-0.520961,-0.167979,0.0243298,-0.592737,-0.0892532,4.69582,1.84713,-0.808731,0.00125927,0.220278,0.379305,0.138358,0.335312,True,False
3.955,-0.1309,-4.16334e-14,-0.848166,-0.0265206,0.483975,15.3493,-0.536839,0.552598,2.26875,1.07136,-0.0122251,-27.8307,-0.534524,-0.540373,2.66008,0.0265206,-0.483975,-0.354959,0.1309,0,-0.0348772,-0.0213231,0.608942,0.513676,-0.716695,0.227845,-2.98041,1.01742,0.298391,-0.782856,-0.300725,-0.526236,0.172656,0.0213231,-0.608942,-0.0312174,1.56025,1.92301,-0.823583,0.0100649,0.221234,0.380413,0.147725,0.342453,True,True
3.96,-0.1309,-2.77556e-15,-0.733917,-0.0240664,0.496992,12.8869,-0.534046,0.564116,0.70688,1.07128,-0.0210155,-26.9083,-0.537234,-0.5431,2.4779,0.0240664,-0.496992,-0.50794,0.1309,0,0.0906905,-0.0182404,0.623313,1.20438,-0.715537,0.235189,-1.57371,1.0189,0.291708,-1.80249,-0.303359,-0.526897,0.338474,0.0182404,-0.623313,-0.0280248,1.34972,1.89731,-0.836329,0.0187146,0.222218,0.381535,0.157091,0.349593,True,True
3.965,-0.1309,0,-0.60778,-0.0215507,0.508531,10.4494,-0.531198,0.574771,-0.786283,1.07115,-0.0302896,-25.8038,-0.539955,-0.544482,2.27752,0.0215507,-0.508531,-0.644791,0.1309,0,0.186645,-0.01509,0.635966,1.69823,-0.714343,0.242437,-0.182907,1.02034,0.284014,-2.94062,-0.305994,-0.526452,0.511717,0.01509,-0.635966,-0.0479666,1.13629,1.8501,-0.846796,0.0270454,0.223226,0.382668,0.166458,0.356733,True,True
3.97,-0.1309,0,-0.489362,-0.0189811,0.518516,8.19272,-0.528299,0.584484,-2.13361,1.07098,-0.0399649,-24.5691,-0.542679,-0.544519,2.06595,0.0189811,-0.518516,-0.751632,0.1309,0,0.248313,-0.0118807,0.646817,1.92592,-0.713113,0.249526,1.12728,1.02174,0.275386,-4.18117,-0.308624,-0.524912,0.685143,0.0118807,-0.646817,-0.0916381,0.932754,1.77776,-0.854926,0.0349979,0.224256,0.383811,0.175824,0.363874,True,True
3.975,-0.1309,-2.77556e-15,-0.380157,-0.0163655,0.526922,6.16742,-0.525353,0.593195,-3.30217,1.07075,-0.0499517,-23.2203,-0.5454,-0.543244,1.85489,0.0163655,-0.526922,-0.830662,0.1309,0,0.273006,-0.00862181,0.655839,1.87073,-0.711848,0.256398,2.32781,1.02309,0.265917,-5.50363,-0.311243,-0.522315,0.854979,0.00862181,-0.655839,-0.158993,0.745654,1.68908,-0.860725,0.0425321,0.225304,0.38496,0.185191,0.371014,True,True
3.98,-0.1309,2.77556e-15,-0.28041,-0.0137119,0.533746,4.38973,-0.522367,0.600859,-4.2819,1.07048,-0.0601563,-21.7662,-0.548111,-0.540703,1.65045,0.0137119,-0.533746,-0.884499,0.1309,-2.77556e-15,0.260667,-0.00532235,0.663029,1.53145,-0.710549,0.262995,3.40914,1.0244,0.255708,-6.89689,-0.313847,-0.518703,1.02027,0.00532235,-0.663029,-0.249646,0.577595,1.58957,-0.864231,0.0496185,0.226367,0.386114,0.194557,0.378154,True,True
3.985,-0.1309,2.77556e-15,-0.189946,-0.0110281,0.538995,2.86083,-0.519345,0.607428,-5.07256,1.07015,-0.0704828,-20.2107,-0.550807,-0.536946,1.45541,0.0110281,-0.538995,-0.915241,0.1309,0,0.212066,-0.00199151,0.668396,0.911329,-0.709218,0.269257,4.37056,1.02565,0.244862,-8.35577,-0.31643,-0.51412,1.18155,0.00199151,-0.668396,-0.363407,0.429255,1.48226,-0.865489,0.0562331,0.227441,0.38727,0.203924,0.385295,True,True
3.99,-0.1309,-2.77556e-15,-0.108515,-0.00832192,0.542676,1.57673,-0.516293,0.612854,-5.67716,1.06977,-0.0808329,-18.5544,-0.553481,-0.532021,1.27059,0.00832192,-0.542676,-0.924205,0.1309,2.77556e-15,0.127936,0.00136161,0.671946,0.0129981,-0.707857,0.275125,5.21475,1.02684,0.233482,-9.87891,-0.318988,-0.508607,1.33999,-0.00136161,-0.671946,-0.500447,0.30047,1.36848,-0.864546,0.0623541,0.228525,0.388425,0.213291,0.392435,True,True
3.995,-0.1309,-2.77556e-15,-0.0359383,-0.0056013,0.544793,0.533193,-0.513216,0.617083,-6.09873,1.06934,-0.0911072,-16.7954,-0.556127,-0.525975,1.09569,0.0056013,-0.544793,-0.911863,0.1309,2.77556e-15,0.00862899,0.00472795,0.673685,-1.1634,-0.706467,0.280534,5.94488,1.02798,0.221669,-11.4673,-0.321516,-0.502203,1.49682,-0.00472795,-0.673685,-0.661222,0.190804,1.24833,-0.861444,0.0679601,0.229614,0.389579,0.222657,0.399576,True,True
4,-0.1309,2.77556e-15,0.0278612,-0.00287399,0.545347,-0.272103,-0.510122,0.620056,-6.33905,1.06886,-0.101205,-14.9314,-0.55874,-0.518851,0.929656,0.00287399,-0.545347,-0.877889,0.1309,0,-0.145927,0.00809845,0.67361,-2.62033,-0.705051,0.285421,6.5632,1.02906,0.209522,-13.1233,-0.32401,-0.494943,1.65256,-0.00809845,-0.67361,-0.846202,0.0998118,1.12097,-0.856216,0.073028,0.230705,0.390727,0.232024,0.406716,True,True
4.005,-0.1309,0,0.0828732,-0.000147822,0.544334,-0.838908,-0.507016,0.621713,-6.39846,1.06833,-0.111023,-12.9603,-0.561316,-0.51069,0.771037,0.000147822,-0.544334,-0.821291,0.1309,-2.77556e-15,-0.336,0.011464,0.671715,-4.36157,-0.703613,0.28972,7.07029,1.03008,0.197139,-14.8496,-0.326466,-0.48686,1.80605,-0.011464,-0.671715,-1.05535,0.0271706,0.984894,-0.848893,0.0775322,0.231796,0.391868,0.24139,0.413856,True,True
4.01,-0.1309,0,0.129035,0.00256935,0.541743,-1.1649,-0.503905,0.621993,-6.27653,1.06775,-0.12046,-10.8833,-0.563847,-0.501533,0.618304,-0.00256935,-0.541743,-0.740721,0.1309,0,-0.561461,0.0148156,0.667991,-6.38927,-0.702154,0.293368,7.46468,1.03103,0.184622,-16.6483,-0.328879,-0.47799,1.95276,-0.0148156,-0.667991,-1.28717,-0.0272824,0.838344,-0.839499,0.0814424,0.232883,0.393,0.250757,0.420997,True,True
4.015,-0.1309,0,0.166251,0.00526961,0.537561,-1.24762,-0.500796,0.620845,-5.97395,1.06713,-0.129416,-8.70806,-0.566331,-0.491429,0.470401,-0.00526961,-0.537561,-0.63513,0.1309,0,-0.820568,0.018144,0.662423,-8.69796,-0.700679,0.296306,7.74271,1.03192,0.172072,-18.5187,-0.331246,-0.468378,2.08203,-0.018144,-0.662423,-1.53703,-0.0635682,0.680038,-0.828061,0.0847211,0.233963,0.39412,0.260123,0.428137,True,True
4.02,-0.1309,0,0.194356,0.00794496,0.531776,-1.08882,-0.497696,0.618234,-5.49654,1.06646,-0.137793,-6.45576,-0.568762,-0.480442,0.327711,-0.00794496,-0.531776,-0.505035,0.1309,0,-1.10763,0.0214398,0.655006,-11.2635,-0.699191,0.298489,7.89886,1.03275,0.159599,-20.4541,-0.333562,-0.458087,2.17253,-0.0214398,-0.655006,-1.7943,-0.0816795,0.51056,-0.814616,0.0873204,0.235033,0.395227,0.26949,0.435277,True,True
4.025,-0.1309,0,0.212995,0.0105874,0.524384,-0.702969,-0.494613,0.614168,-4.86266,1.06575,-0.145507,-4.17258,-0.571135,-0.468661,0.193596,-0.0105874,-0.524384,-0.35476,0.1309,0,-1.40888,0.024694,0.645749,-14.0231,-0.697694,0.299894,7.9271,1.03352,0.147323,-22.4354,-0.335826,-0.447217,2.18526,-0.024694,-0.645749,-2.03759,-0.0818962,0.33468,-0.79923,0.0891767,0.236089,0.396316,0.278856,0.442418,True,True
4.03,-0.1309,0,0.221454,0.0131888,0.5154,-0.132569,-0.491554,0.608725,-4.1166,1.065,-0.152493,-1.94934,-0.573448,-0.456232,0.0763979,-0.0131888,-0.5154,-0.195867,0.1309,0,-1.69592,0.0278973,0.634695,-16.8416,-0.696192,0.300544,7.824,1.03423,0.135384,-24.4194,-0.338035,-0.435928,2.05422,-0.0278973,-0.634695,-2.22781,-0.0655195,0.164702,-0.782022,0.0902047,0.237129,0.397388,0.288223,0.449558,True,True
4.035,-0.1309,2.77556e-15,0.223726,0.0157414,0.504885,0.542884,-0.488526,0.602111,-3.42822,1.06422,-0.158727,0.0855185,-0.575698,-0.443383,-0.0119183,-0.0157414,-0.504885,-0.053265,0.1309,-2.77556e-15,-1.90732,0.031041,0.621962,-19.5061,-0.694689,0.300536,7.71255,1.03487,0.123951,-26.2482,-0.340186,-0.424487,1.77999,-0.031041,-0.621962,-2.34063,-0.0394228,0.0231362,-0.763218,0.0902898,0.238149,0.39844,0.297589,0.456699,True,True
4.04,-0.1309,0.000343439,0.23905,0.0182377,0.49324,1.25291,-0.485533,0.591001,-3.33601,1.06342,-0.158377,1.84451,-0.577882,-0.432623,-0.0893639,-0.0182377,-0.49324,0.0472352,0.1309,-0.000343439,-1.92084,0.034117,0.607785,-21.8552,-0.693187,0.29997,8.1953,1.03547,0.113149,-27.4258,-0.34228,-0.413119,1.75017,-0.034117,-0.607785,-2.49394,-0.0308621,-0.0868436,-0.745034,0.0878668,0.239147,0.39947,0.306956,0.463839,True,True
4.045,-0.130896,0.00269003,0.30352,0.0206738,0.481976,1.59611,-0.482616,0.558494,-4.56034,1.06264,-0.124084,2.42481,-0.580024,-0.43441,-0.177465,-0.0206738,-0.481976,0.0544723,0.130896,-0.00269003,-1.63047,0.0371188,0.592522,-22.4554,-0.691689,0.298647,9.82733,1.03601,0.102846,-26.7317,-0.344317,-0.401493,2.62425,-0.0371188,-0.592522,-1.83145,-0.0845174,-0.149726,-0.736573,0.0762401,0.240119,0.400479,0.306956,0.463839,False,True
4.05,-0.130873,0.00854363,0.379242,0.0230574,0.472611,1.92143,-0.479948,0.490687,-6.15129,1.06217,-0.0335657,2.89058,-0.582226,-0.457121,-0.278182,-0.0230574,-0.472611,0.0457363,0.130873,-0.00854363,-1.21689,0.0400422,0.576571,-22.9751,-0.6902,0.296444,11.8085,1.03649,0.0929326,-25.7673,-0.346294,-0.389376,3.5352,-0.0400422,-0.576571,-1.51537,-0.155906,-0.211893,-0.745337,0.050285,0.241065,0.401467,0.306956,0.463839,False,True
4.055,-0.130811,0.0179262,0.443807,0.0253999,0.465538,2.23292,-0.477709,0.390347,-7.55554,1.0623,0.108621,3.28356,-0.584595,-0.498968,-0.364638,-0.0253999,-0.465538,0.0358266,0.130811,-0.0179262,-0.809506,0.0428845,0.560247,-23.4967,-0.688724,0.293616,13.4955,1.03694,0.083549,-25.0396,-0.348211,-0.377165,4.08175,-0.0428845,-0.560247,-1.42734,-0.218563,-0.264084,-0.770252,0.0116793,0.241982,0.402437,0.306956,0.463839,False,True
4.06,-0.130694,0.0305114,0.497248,0.0277128,0.460791,2.51871,-0.476045,0.263708,-8.69415,1.06326,0.292108,3.58354,-0.587216,-0.555816,-0.431309,-0.0277128,-0.460791,0.0257648,0.130694,-0.0305114,-0.455945,0.0456446,0.543762,-23.9727,-0.687264,0.290413,14.8193,1.03733,0.0748178,-24.5311,-0.350066,-0.365231,4.35017,-0.0456446,-0.543762,-1.42895,-0.268275,-0.303171,-0.808193,-0.0364089,0.242871,0.40339,0.306956,0.463839,False,True
4.065,-0.130506,0.0459825,0.542916,0.0300078,0.458329,2.77993,-0.475072,0.116542,-9.58149,1.06523,0.507043,3.79791,-0.590153,-0.623585,-0.47879,-0.0300078,-0.458329,0.0158836,0.130506,-0.0459825,-0.175773,0.0483221,0.527257,-24.4002,-0.68582,0.287001,15.8238,1.03768,0.0667955,-24.1774,-0.351863,-0.353796,4.46355,-0.0483221,-0.527257,-1.46524,-0.305266,-0.329697,-0.856019,-0.090909,0.243729,0.404329,0.306956,0.463839,False,True
4.07,-0.130234,0.0640328,0.583514,0.0322961,0.458054,3.01741,-0.47488,-0.0457899,-10.2334,1.06833,0.744106,3.93369,-0.593452,-0.698316,-0.507944,-0.0322961,-0.458054,0.00643023,0.130234,-0.0640328,0.0218329,0.0509172,0.510835,-24.7811,-0.684394,0.283495,16.5422,1.038,0.0595,-23.9408,-0.353604,-0.342995,4.49218,-0.0509172,-0.510835,-1.5091,-0.32998,-0.34433,-0.910646,-0.148885,0.244558,0.405255,0.306956,0.463839,False,True
4.075,-0.129865,0.0843652,0.621192,0.0345883,0.459829,3.2318,-0.47553,-0.21833,-10.6675,1.07267,0.994572,3.99779,-0.597136,-0.776242,-0.519894,-0.0345883,-0.459829,-0.00240136,0.129865,-0.0843652,0.134781,0.0534305,0.494577,-25.1192,-0.682985,0.279982,17.002,1.03828,0.0529268,-23.7989,-0.355293,-0.332909,4.47444,-0.0534305,-0.494577,-1.54856,-0.343052,-0.347881,-0.969109,-0.207578,0.245355,0.406169,0.306956,0.463839,False,True
4.08,-0.12939,0.106692,0.657592,0.0368944,0.463481,3.42351,-0.477063,-0.396539,-10.9032,1.07828,1.25039,3.99709,-0.601214,-0.85385,-0.515992,-0.0368944,-0.463481,-0.0104526,0.12939,-0.106692,0.16577,0.055863,0.478546,-25.4178,-0.681594,0.276531,17.2282,1.03853,0.047058,-23.737,-0.356933,-0.323589,4.43062,-0.055863,-0.478546,-1.57939,-0.345286,-0.341291,-1.02862,-0.264454,0.246122,0.407074,0.306956,0.463839,False,True
4.085,-0.128798,0.130736,0.69389,0.0392231,0.46881,3.59273,-0.479495,-0.576325,-10.9612,1.08517,1.50426,3.93851,-0.605675,-0.927938,-0.497796,-0.0392231,-0.46881,-0.0175895,0.128798,-0.130736,0.120773,0.058216,0.462797,-25.6795,-0.68022,0.273198,17.2455,1.03875,0.0418676,-23.7443,-0.358529,-0.315066,4.37124,-0.058216,-0.462797,-1.60106,-0.337624,-0.325622,-1.08662,-0.317242,0.246858,0.40797,0.306956,0.463839,False,True
4.09,-0.128083,0.156229,0.730821,0.0415825,0.475593,3.73942,-0.482826,-0.754062,-10.8633,1.09332,1.74973,3.82893,-0.610494,-0.995666,-0.467013,-0.0415825,-0.475593,-0.0236965,0.128083,-0.156229,0.00795135,0.060491,0.447373,-25.9054,-0.678862,0.270031,17.0782,1.03895,0.037324,-23.8112,-0.360084,-0.307355,4.30173,-0.060491,-0.447373,-1.61445,-0.321114,-0.30203,-1.14081,-0.363968,0.247563,0.408858,0.306956,0.463839,False,True
4.095,-0.127236,0.182913,0.768718,0.0439791,0.483586,3.86335,-0.487036,-0.926611,-10.6318,1.10267,1.9812,3.67517,-0.615632,-1.05459,-0.42545,-0.0439791,-0.483586,-0.0286729,0.127236,-0.182913,-0.163164,0.0626897,0.432312,-26.0954,-0.67752,0.267068,16.7507,1.03912,0.0333915,-23.9285,-0.361602,-0.30046,4.22509,-0.0626897,-0.432312,-1.6208,-0.29687,-0.271729,-1.1892,-0.40298,0.248237,0.409737,0.306956,0.463839,False,True
4.1,-0.126254,0.21054,0.807552,0.0464183,0.492527,3.96414,-0.492092,-1.09132,-10.2884,1.11313,2.19398,3.48385,-0.621039,-1.10266,-0.374952,-0.0464183,-0.492527,-0.032431,0.126254,-0.21054,-0.38234,0.0648141,0.417643,-26.2484,-0.676191,0.264341,16.2871,1.03928,0.0300316,-24.0871,-0.363088,-0.294372,4.14313,-0.0648141,-0.417643,-1.62118,-0.266039,-0.235956,-1.23011,-0.432962,0.24888,0.410608,0.306956,0.463839,False,True
4.105,-0.125131,0.23887,0.846988,0.0489043,0.502141,4.04132,-0.497949,-1.24601,-9.85404,1.12461,2.38428,3.26136,-0.626658,-1.13827,-0.317347,-0.0489043,-0.502141,-0.0348955,0.125131,-0.23887,-0.639181,0.0668661,0.403388,-26.3628,-0.674876,0.26187,15.7104,1.03942,0.0272039,-24.2782,-0.364546,-0.289074,4.05714,-0.0668661,-0.403388,-1.61642,-0.229762,-0.195941,-1.26217,-0.452929,0.249492,0.411471,0.306956,0.463839,False,True
4.11,-0.123865,0.267675,0.886441,0.0514397,0.512138,4.09442,-0.504552,-1.38896,-9.3481,1.13697,2.54915,3.0137,-0.632422,-1.16019,-0.254396,-0.0514397,-0.512138,-0.0360042,0.123865,-0.267675,-0.923568,0.068848,0.38956,-26.4364,-0.673573,0.259671,15.0421,1.03955,0.0248665,-24.4937,-0.365979,-0.284538,3.96813,-0.068848,-0.38956,-1.60707,-0.189147,-0.152869,-1.28434,-0.462219,0.250075,0.412325,0.306956,0.463839,False,True
4.115,-0.122454,0.296736,0.925137,0.0540257,0.52222,4.12304,-0.511839,-1.51884,-8.78796,1.1501,2.68644,2.7465,-0.63826,-1.16761,-0.187757,-0.0540257,-0.52222,-0.035709,0.122454,-0.296736,-1.226,0.0707617,0.37617,-26.4675,-0.67228,0.25775,14.3017,1.03967,0.0229767,-24.7259,-0.367391,-0.280727,3.87691,-0.0707617,-0.37617,-1.59351,-0.14524,-0.107857,-1.29585,-0.460472,0.250628,0.41317,0.306956,0.463839,False,True
4.12,-0.120898,0.325843,0.962174,0.0566619,0.532082,4.12691,-0.519741,-1.6347,-8.18885,1.16384,2.79474,2.46496,-0.644098,-1.16004,-0.118953,-0.0566619,-0.532082,-0.033977,0.120898,-0.325843,-1.53783,0.0726097,0.363217,-26.4545,-0.670995,0.256105,13.5067,1.03978,0.0214923,-24.9685,-0.368786,-0.277597,3.7841,-0.0726097,-0.363217,-1.57601,-0.099015,-0.0619388,-1.29621,-0.447603,0.251151,0.414006,0.306956,0.463839,False,True
4.125,-0.119196,0.354797,0.996585,0.0593465,0.541416,4.10598,-0.528186,-1.73591,-7.56371,1.17805,2.87325,2.1738,-0.64986,-1.13734,-0.0493613,-0.0593465,-0.541416,-0.0307932,0.119196,-0.354797,-1.85142,0.0743939,0.350699,-26.3964,-0.669719,0.25473,12.6723,1.03989,0.0203712,-25.216,-0.370167,-0.275101,3.69017,-0.0743939,-0.350699,-1.55482,-0.0513632,-0.0160488,-1.2852,-0.423768,0.251646,0.41483,0.306956,0.463839,False,True
4.13,-0.11735,0.383408,1.02739,0.0620761,0.549913,4.06048,-0.5371,-1.82209,-6.92322,1.19257,2.92174,1.87734,-0.655472,-1.09966,0.0197955,-0.0620761,-0.549913,-0.0261617,0.11735,-0.383408,-2.16022,0.0761166,0.338609,-26.2928,-0.668448,0.253611,11.8113,1.03999,0.019573,-25.4641,-0.371537,-0.273184,3.59547,-0.0761166,-0.338609,-1.5302,-0.0030895,0.0289798,-1.26276,-0.389335,0.252112,0.415644,0.306956,0.463839,False,True
4.135,-0.115362,0.411494,1.05365,0.0648457,0.55727,3.99092,-0.546407,-1.89308,-6.27599,1.20726,2.94044,1.57949,-0.660857,-1.04736,0.0874468,-0.0648457,-0.55727,-0.0201083,0.115362,-0.411494,-2.45877,0.07778,0.326934,-26.1444,-0.667182,0.252729,10.9346,1.04008,0.0190584,-25.7095,-0.372899,-0.271788,3.50024,-0.07778,-0.326934,-1.50242,0.0450834,0.0724175,-1.22906,-0.344844,0.252551,0.416445,0.306956,0.463839,False,True
4.14,-0.113235,0.438887,1.0745,0.0676488,0.563194,3.89818,-0.556031,-1.94889,-5.62872,1.22198,2.92996,1.2838,-0.665945,-0.981069,0.152667,-0.0676488,-0.563194,-0.0126825,0.113235,-0.438887,-2.74267,0.079386,0.315658,-25.9523,-0.665921,0.252064,10.051,1.04018,0.0187903,-25.9497,-0.374255,-0.270854,3.4047,-0.079386,-0.315658,-1.47178,0.0925102,0.113635,-1.18439,-0.290979,0.252964,0.417234,0.306956,0.463839,False,True
4.145,-0.110973,0.465425,1.0892,0.0704776,0.567402,3.78346,-0.565896,-1.98968,-4.98654,1.23656,2.89123,0.993474,-0.670668,-0.901554,0.214664,-0.0704776,-0.567402,-0.003959,0.110973,-0.465425,-3.00849,0.0809366,0.304764,-25.7187,-0.664662,0.251588,9.16776,1.04027,0.0187336,-26.1832,-0.375608,-0.270322,3.30908,-0.0809366,-0.304764,-1.43861,0.138615,0.152101,-1.1292,-0.228536,0.25335,0.418009,0.306956,0.463839,False,True
4.15,-0.10858,0.490957,1.09716,0.0733228,0.569635,3.64829,-0.575927,-2.01567,-4.35327,1.25089,2.82542,0.711435,-0.674961,-0.80975,0.27277,-0.0733228,-0.569635,0.00596111,0.10858,-0.490957,-3.25368,0.0824336,0.294232,-25.4463,-0.663405,0.251274,8.29086,1.04036,0.0188558,-26.4091,-0.376959,-0.270129,3.21363,-0.0824336,-0.294232,-1.40325,0.182885,0.187372,-1.06401,-0.158396,0.253711,0.418769,0.306956,0.463839,False,True
4.155,-0.106063,0.515342,1.09794,0.076174,0.569655,3.49453,-0.586052,-2.02719,-3.73172,1.26482,2.7339,0.440355,-0.678765,-0.706713,0.326427,-0.076174,-0.569655,0.0169496,0.106063,-0.515342,-3.47646,0.0838789,0.284041,-25.1386,-0.662149,0.25109,7.42513,1.04046,0.0191265,-26.6267,-0.378309,-0.270216,3.11867,-0.0838789,-0.284041,-1.36605,0.224862,0.219094,-0.989446,-0.0815028,0.254048,0.419515,0.306956,0.463839,False,True
4.16,-0.103427,0.538448,1.09127,0.0790194,0.567256,3.32431,-0.596199,-2.02459,-3.12398,1.27823,2.61818,0.182681,-0.682028,-0.593593,0.375178,-0.0790194,-0.567256,0.0288515,0.103427,-0.538448,-3.67571,0.085274,0.274168,-24.7994,-0.660894,0.251005,6.57463,1.04055,0.019518,-26.8361,-0.379661,-0.270523,3.02461,-0.085274,-0.274168,-1.32736,0.264136,0.246989,-0.906187,0.00116225,0.254362,0.420245,0.306956,0.463839,False,True
4.165,-0.100679,0.560154,1.07705,0.0818465,0.562265,3.14001,-0.606298,-2.00827,-2.53165,1.291,2.47989,-0.059341,-0.684701,-0.471621,0.418659,-0.0818465,-0.562265,0.0414862,0.100679,-0.560154,-3.85084,0.0866206,0.26459,-24.4334,-0.659639,0.250985,5.74286,1.04065,0.0200049,-27.0372,-0.381014,-0.27099,2.93194,-0.0866206,-0.26459,-1.28752,0.300344,0.270858,-0.81497,0.0885951,0.254653,0.420958,0.306956,0.463839,False,True
4.17,-0.0978254,0.580348,1.05536,0.084642,0.554549,2.94417,-0.616282,-1.97866,-1.95611,1.30303,2.32074,-0.283644,-0.686744,-0.34208,0.456588,-0.084642,-0.554549,0.05465,0.0978254,-0.580348,-4.00168,0.0879199,0.255284,-24.0453,-0.658384,0.250996,4.93292,1.04075,0.0205645,-27.2306,-0.382371,-0.27156,2.8412,-0.0879199,-0.255284,-1.24687,0.333164,0.290573,-0.716573,0.179786,0.254923,0.421653,0.306956,0.463839,False,True
4.175,-0.0948751,0.598926,1.02641,0.087392,0.544022,2.73949,-0.626085,-1.93621,-1.39868,1.31421,2.1425,-0.488333,-0.688122,-0.206292,0.488761,-0.087392,-0.544022,0.0681191,0.0948751,-0.598926,-4.1284,0.0891734,0.246227,-23.6404,-0.657129,0.251004,4.14772,1.04086,0.0211763,-27.4164,-0.38373,-0.27218,2.75302,-0.0891734,-0.246227,-1.20576,0.362317,0.306072,-0.611806,0.273732,0.255172,0.422331,0.306956,0.463839,False,True
4.18,-0.0918361,0.615798,0.990547,0.0900822,0.530643,2.52872,-0.635644,-1.88139,-0.860765,1.32445,1.94699,-0.67168,-0.688807,-0.0655997,0.515051,-0.0900822,-0.530643,0.0816543,0.0918361,-0.615798,-4.23141,0.0903822,0.237394,-23.2241,-0.655874,0.250973,3.39008,1.04097,0.0218225,-27.5953,-0.385092,-0.272796,2.6681,-0.0903822,-0.237394,-1.1645,0.387565,0.31736,-0.501504,0.369451,0.255402,0.422991,0.306956,0.463839,False,True
4.185,-0.0887171,0.630879,0.948218,0.0926984,0.51442,2.31463,-0.644899,-1.81471,-0.343993,1.33368,1.73606,-0.832121,-0.688778,0.0786505,0.535394,-0.0926984,-0.51442,0.0950065,0.0887171,-0.630879,-4.31127,0.0915474,0.228762,-22.802,-0.654619,0.25087,2.66286,1.04108,0.0224877,-27.7677,-0.386458,-0.273358,2.58715,-0.0915474,-0.228762,-1.12344,0.408713,0.3245,-0.386525,0.46599,0.255613,0.423631,0.306956,0.463839,False,True
4.19,-0.0855273,0.644098,0.899954,0.0952264,0.495416,2.09993,-0.653791,-1.7367,0.149718,1.34181,1.51158,-0.968266,-0.68802,0.225122,0.549797,-0.0952264,-0.495416,0.107923,0.0855273,-0.644098,-4.36863,0.0926698,0.220308,-22.3799,-0.653365,0.250661,1.96897,1.04119,0.0231588,-27.9341,-0.387826,-0.27382,2.51093,-0.0926698,-0.220308,-1.0829,0.425613,0.327609,-0.267741,0.562435,0.255807,0.424252,0.306956,0.463839,False,True
4.195,-0.0822762,0.65539,0.846338,0.0976526,0.473743,1.88724,-0.662266,-1.64795,0.618112,1.34879,1.27544,-1.0789,-0.686527,0.372502,0.558324,-0.0976526,-0.473743,0.120153,0.0822762,-0.65539,-4.40417,0.0937504,0.212008,-21.9634,-0.652113,0.250313,1.31144,1.04131,0.0238253,-28.0949,-0.389196,-0.274138,2.4402,-0.0937504,-0.212008,-1.04319,0.438161,0.326855,-0.146037,0.657915,0.255985,0.424852,0.306956,0.463839,False,True
4.2,-0.0789734,0.664702,0.787981,0.0999639,0.449564,1.67906,-0.670271,-1.54907,1.05858,1.35457,1.02955,-1.163,-0.684295,0.519517,0.561095,-0.0999639,-0.449564,0.131458,0.0789734,-0.664702,-4.41856,0.0947899,0.203839,-21.5582,-0.650862,0.249794,0.693406,1.04143,0.0244791,-28.2504,-0.390567,-0.274273,2.37572,-0.0947899,-0.203839,-1.00466,0.446303,0.322446,-0.0223087,0.751617,0.256147,0.425432,0.306956,0.463839,False,True
4.205,-0.0756291,0.67199,0.7255,0.102148,0.423087,1.47766,-0.677756,-1.44075,1.46818,1.35909,0.775808,-1.21974,-0.681332,0.664938,0.558284,-0.102148,-0.423087,0.141616,0.0756291,-0.67199,-4.41243,0.0957888,0.195777,-21.1701,-0.649615,0.249072,0.118128,1.04155,0.0251144,-28.401,-0.391939,-0.274187,2.31824,-0.0957888,-0.195777,-0.967619,0.450033,0.314627,0.102542,0.84278,0.256295,0.425991,0.306956,0.463839,False,True
4.21,-0.0722535,0.67722,0.659503,0.104195,0.394566,1.28515,-0.684678,-1.32374,1.84367,1.36232,0.516139,-1.2485,-0.677646,0.8076,0.550106,-0.104195,-0.394566,0.150429,0.0722535,-0.67722,-4.38632,0.0967477,0.187797,-20.8042,-0.648371,0.248119,-0.411076,1.04168,0.025728,-28.547,-0.393309,-0.273847,2.26846,-0.0967477,-0.187797,-0.932374,0.449394,0.303667,0.227609,0.930709,0.256428,0.426529,0.306956,0.463839,False,True
4.215,-0.0688569,0.680368,0.590577,0.106094,0.36429,1.10338,-0.690994,-1.19886,2.18158,1.36425,0.252463,-1.24892,-0.673256,0.9464,0.536811,-0.106094,-0.36429,0.157729,0.0688569,-0.680368,-4.34072,0.0976668,0.179876,-20.4659,-0.647134,0.246907,-0.890854,1.04181,0.0263187,-28.6884,-0.394677,-0.273226,2.22705,-0.0976668,-0.179876,-0.899228,0.444471,0.289849,0.35199,1.01477,0.256549,0.427045,0.306956,0.463839,False,True
4.22,-0.0654498,0.681419,0.51928,0.107838,0.332579,0.933994,-0.696667,-1.06702,2.47826,1.36485,-0.0132955,-1.22083,-0.668182,1.08031,0.518681,-0.107838,-0.332579,0.163386,0.0654498,-0.681419,-4.276,0.0985464,0.171987,-20.16,-0.645902,0.24541,-1.31788,1.04194,0.026888,-28.8254,-0.396041,-0.272298,2.19461,-0.0985464,-0.171987,-0.868462,0.435397,0.273465,0.474785,1.09439,0.256658,0.427539,0.306956,0.463839,False,True
4.225,-0.0620428,0.680368,0.446144,0.10942,0.299778,0.77838,-0.701664,-0.929174,2.73002,1.36412,-0.279212,-1.16434,-0.662452,1.20839,0.496012,-0.10942,-0.299778,0.167306,0.0620428,-0.680368,-4.19246,0.0993867,0.164105,-19.8911,-0.644679,0.243604,-1.6889,1.04208,0.0274392,-28.9579,-0.3974,-0.271043,2.17166,-0.0993867,-0.164105,-0.840337,0.422338,0.254804,0.595105,1.16907,0.256756,0.42801,0.306956,0.463839,False,True
4.23,-0.0586462,0.67722,0.371672,0.110835,0.266245,0.637703,-0.705958,-0.78639,2.93317,1.36206,-0.54336,-1.07979,-0.656098,1.32975,0.469114,-0.110835,-0.266245,0.169438,0.0586462,-0.67722,-4.09031,0.100187,0.156204,-19.6634,-0.643466,0.241466,-2.00082,1.04222,0.0279778,-29.0858,-0.398752,-0.269444,2.15862,-0.100187,-0.156204,-0.815086,0.405495,0.234139,0.712074,1.23837,0.256843,0.428459,0.306956,0.463839,False,True
4.235,-0.0552706,0.67199,0.29635,0.112082,0.232344,0.512911,-0.709528,-0.639798,3.08412,1.35868,-0.803816,-0.967799,-0.649155,1.44361,0.438294,-0.112082,-0.232344,0.169775,0.0552706,-0.67199,-3.96969,0.100949,0.148257,-19.4805,-0.642265,0.238977,-2.25072,1.04236,0.0285112,-29.2086,-0.400095,-0.267488,2.15583,-0.100949,-0.148257,-0.792911,0.385093,0.211724,0.824837,1.30189,0.25692,0.428886,0.306956,0.463839,False,True
4.24,-0.0519263,0.664702,0.220647,0.113159,0.198438,0.404749,-0.712356,-0.490601,3.17952,1.35402,-1.05866,-0.829229,-0.641662,1.54926,0.403853,-0.113159,-0.198438,0.16835,0.0519263,-0.664702,-3.83068,0.10167,0.140238,-19.3458,-0.641077,0.236118,-2.43594,1.0425,0.0290479,-29.326,-0.401427,-0.265166,2.16348,-0.10167,-0.140238,-0.773981,0.361377,0.187787,0.932564,1.35931,0.256987,0.429289,0.306956,0.463839,False,True
4.245,-0.0486235,0.65539,0.145028,0.114067,0.164879,0.313773,-0.714434,-0.340073,3.21628,1.3481,-1.30597,-0.665193,-0.633662,1.64604,0.366078,-0.114067,-0.164879,0.165236,0.0486235,-0.65539,-3.67332,0.102351,0.132117,-19.2618,-0.639904,0.232874,-2.55412,1.04265,0.0295983,-29.4373,-0.402746,-0.262472,2.18166,-0.102351,-0.132117,-0.758425,0.334604,0.16252,1.03445,1.41032,0.257045,0.42967,0.306956,0.463839,False,True
4.25,-0.0453724,0.644098,0.0699496,0.114808,0.132002,0.240369,-0.715757,-0.189547,3.19169,1.34096,-1.54384,-0.477053,-0.625202,1.73339,0.325233,-0.114808,-0.132002,0.160543,0.0453724,-0.644098,-3.49762,0.102991,0.12387,-19.2307,-0.638748,0.229231,-2.60322,1.0428,0.0301734,-29.5417,-0.404051,-0.259404,2.21033,-0.102991,-0.12387,-0.746341,0.305036,0.136082,1.12974,1.45467,0.257094,0.430028,0.306956,0.463839,False,True
4.255,-0.0421826,0.630879,-0.00412984,0.115387,0.100115,0.184767,-0.716329,-0.0404022,3.10347,1.33266,-1.77037,-0.266398,-0.616328,1.81077,0.281562,-0.115387,-0.100115,0.154412,0.0421826,-0.630879,-3.30354,0.10359,0.115468,-19.254,-0.637611,0.225176,-2.58159,1.04295,0.0307848,-29.6382,-0.40534,-0.255961,2.24934,-0.10359,-0.115468,-0.737789,0.272934,0.108594,1.21768,1.49213,0.257134,0.430363,0.306956,0.463839,False,True
4.26,-0.0390636,0.615798,-0.0767591,0.115809,0.0694977,0.147049,-0.716161,0.10594,2.94983,1.32326,-1.98366,-0.0350386,-0.607094,1.87772,0.23528,-0.115809,-0.0694977,0.147011,0.0390636,-0.615798,-3.09108,0.104146,0.106885,-19.3326,-0.636496,0.220701,-2.48798,1.04311,0.0314447,-29.7254,-0.406611,-0.252145,2.29842,-0.104146,-0.106885,-0.732804,0.238557,0.0801448,1.29761,1.52249,0.257166,0.430676,0.306956,0.463839,False,True
4.265,-0.0360246,0.598926,-0.147496,0.116082,0.040392,0.127156,-0.71527,0.248034,2.72955,1.31282,-2.18185,0.215015,-0.597551,1.93381,0.18658,-0.116082,-0.040392,0.138528,0.0360246,-0.598926,-2.86024,0.104659,0.0980976,-19.4665,-0.635404,0.215796,-2.32159,1.04327,0.0321648,-29.8022,-0.407862,-0.247961,2.3572,-0.104659,-0.0980976,-0.731396,0.202154,0.0507886,1.36886,1.54555,0.257189,0.430967,0.306956,0.463839,False,True
4.27,-0.0330743,0.580348,-0.215918,0.116213,0.013002,0.124889,-0.713681,0.384422,2.44198,1.30144,-2.36307,0.481566,-0.587756,1.97865,0.135637,-0.116213,-0.013002,0.129165,0.0330743,-0.580348,-2.61107,0.105127,0.0890809,-19.6551,-0.634338,0.210455,-2.08208,1.04343,0.0329565,-29.8668,-0.409091,-0.243412,2.42526,-0.105127,-0.0890809,-0.733563,0.163966,0.0205566,1.43083,1.56109,0.257203,0.431235,0.306956,0.463839,False,True
4.275,-0.0302211,0.560154,-0.281628,0.116212,-0.0125095,0.139907,-0.711426,0.513646,2.08717,1.28919,-2.52551,0.762251,-0.577765,2.01187,0.0826113,-0.116212,0.0125095,0.119133,0.0302211,-0.560154,-2.3437,0.105549,0.0798135,-19.8972,-0.6333,0.204674,-1.76967,1.0436,0.0338306,-29.9176,-0.410296,-0.238505,2.50213,-0.105549,-0.0798135,-0.739292,0.124227,-0.0105379,1.48298,1.56892,0.257208,0.431482,0.306956,0.463839,False,True
4.28,-0.0274728,0.538448,-0.344267,0.116088,-0.0360224,0.171714,-0.708544,0.634266,1.66589,1.27618,-2.66739,1.05455,-0.567637,2.03313,0.0276606,-0.116088,0.0360224,0.108643,0.0274728,-0.538448,-2.05842,0.105925,0.0702761,-20.1906,-0.632291,0.19845,-1.38519,1.04377,0.0347963,-29.9526,-0.411476,-0.233247,2.58729,-0.105925,-0.0702761,-0.748574,0.0831644,-0.0424891,1.5248,1.56883,0.257204,0.431708,0.306956,0.463839,False,True
4.285,-0.0248366,0.515342,-0.403521,0.115851,-0.0574589,0.219654,-0.705083,0.744875,1.17968,1.26252,-2.78699,1.35579,-0.557433,2.04211,-0.0290471,-0.115851,0.0574589,0.0979074,0.0248366,-0.515342,-1.75569,0.106252,0.0604519,-20.5324,-0.631315,0.191782,-0.930146,1.04394,0.0358618,-29.9699,-0.412628,-0.227643,2.68027,-0.106252,-0.0604519,-0.761399,0.0410068,-0.075287,1.55584,1.56058,0.25719,0.431913,0.306956,0.463839,False,True
4.29,-0.0223194,0.490957,-0.459122,0.115513,-0.0767825,0.282888,-0.701096,0.84412,0.631045,1.24831,-2.88266,1.66317,-0.547216,2.03854,-0.0873184,-0.115513,0.0767825,0.0871272,0.0223194,-0.490957,-1.43627,0.10653,0.0503269,-20.9187,-0.630374,0.184669,-0.406872,1.04413,0.0370332,-29.9677,-0.413752,-0.221703,2.78062,-0.10653,-0.0503269,-0.777763,-0.00201025,-0.108905,1.5757,1.54396,0.257166,0.432098,0.306956,0.463839,False,True
4.295,-0.0199271,0.465425,-0.51085,0.115083,-0.0939964,0.360387,-0.696642,0.930719,0.0234669,1.23369,-2.95288,1.97372,-0.537048,2.02216,-0.146917,-0.115083,0.0939964,0.0764939,0.0199271,-0.465425,-1.10131,0.106755,0.0398907,-21.3451,-0.629469,0.177116,0.181329,1.04431,0.0383149,-29.944,-0.414845,-0.215431,2.88791,-0.106755,-0.0398907,-0.797658,-0.0456346,-0.143286,1.58406,1.51873,0.25713,0.432264,0.306956,0.463839,False,True
4.3,-0.0176651,0.438887,-0.558523,0.114573,-0.10914,0.450914,-0.691788,1.00349,-0.638381,1.21878,-2.99624,2.28434,-0.526994,1.99275,-0.207544,-0.114573,0.10914,0.0661843,0.0176651,-0.438887,-0.752453,0.106928,0.0291361,-21.8059,-0.628602,0.169127,0.830005,1.04451,0.0397093,-29.8972,-0.415906,-0.208836,3.00179,-0.106928,-0.0291361,-0.821062,-0.0895862,-0.178325,1.58066,1.48467,0.257084,0.432411,0.306956,0.463839,False,True
4.305,-0.0155382,0.411494,-0.601978,0.113992,-0.122288,0.553014,-0.686607,1.06136,-1.34849,1.20373,-3.01153,2.59173,-0.51712,1.95018,-0.268813,-0.113992,0.122288,0.0563587,0.0155382,-0.411494,-0.391991,0.107047,0.0180598,-22.2949,-0.627777,0.16071,1.53333,1.04471,0.0412165,-29.8262,-0.416934,-0.201926,3.12187,-0.107047,-0.0180598,-0.847917,-0.133544,-0.213859,1.56534,1.4416,0.257024,0.432541,0.306956,0.463839,False,True
4.31,-0.0135502,0.383408,-0.641055,0.11335,-0.133545,0.665011,-0.681175,1.10342,-2.09934,1.18867,-2.99779,2.89237,-0.507493,1.89437,-0.330232,-0.11335,0.133545,0.0471594,0.0135502,-0.383408,-0.022994,0.107109,0.00666249,-22.8049,-0.626995,0.151876,2.28389,1.04492,0.0428345,-29.7302,-0.417926,-0.19471,3.24778,-0.107109,-0.00666249,-0.878107,-0.177134,-0.249644,1.53803,1.38936,0.256951,0.432654,0.306956,0.463839,False,True
4.315,-0.0117041,0.354797,-0.675558,0.112657,-0.14304,0.78501,-0.675573,1.12896,-2.88169,1.17375,-2.95433,3.18253,-0.498177,1.82537,-0.391178,-0.112657,0.14304,0.0387103,0.0117041,-0.354797,0.350535,0.107113,-0.00505115,-23.3277,-0.626259,0.14264,3.07238,1.04514,0.0445593,-29.6093,-0.418881,-0.187199,3.379,-0.107113,0.00505115,-0.911423,-0.219912,-0.285346,1.49879,1.32789,0.256864,0.432752,0.306956,0.463839,False,True
4.32,-0.0100022,0.325843,-0.705229,0.11192,-0.150929,0.910918,-0.669885,1.13746,-3.68443,1.15912,-2.88085,3.45817,-0.489239,1.74339,-0.450879,-0.11192,0.150929,0.0311168,0.0100022,-0.325843,0.723527,0.107059,-0.0170721,-23.8546,-0.625569,0.133024,3.88742,1.04537,0.0463848,-29.4643,-0.419798,-0.179408,3.51484,-0.107059,0.0170721,-0.94753,-0.261353,-0.320525,1.44783,1.2572,0.256762,0.432835,0.306956,0.463839,False,True
4.325,-0.00844567,0.296736,-0.729707,0.111147,-0.157385,1.04046,-0.664198,1.1287,-4.49442,1.14494,-2.77749,3.71491,-0.480743,1.6488,-0.508392,-0.111147,0.157385,0.0244662,0.00844567,-0.296736,1.08973,0.106943,-0.0293869,-24.3759,-0.624928,0.123052,4.71532,1.0456,0.0483035,-29.2974,-0.420675,-0.171356,3.65428,-0.106943,0.0293869,-0.985928,-0.30084,-0.354626,1.38552,1.17747,0.256643,0.432904,0.306956,0.463839,False,True
4.33,-0.00703483,0.267675,-0.748495,0.110346,-0.162596,1.17124,-0.658598,1.10275,-5.29641,1.13135,-2.64494,3.94804,-0.472751,1.5422,-0.562599,-0.110346,0.162596,0.018829,0.00703483,-0.267675,1.44165,0.106765,-0.0419779,-24.8814,-0.624338,0.11276,5.53998,1.04585,0.050306,-29.1119,-0.421511,-0.163066,3.79592,-0.106765,0.0419779,-1.02591,-0.337656,-0.386969,1.31245,1.08903,0.256506,0.432961,0.306956,0.463839,False,True
4.335,-0.00576892,0.23887,-0.760929,0.109521,-0.166765,1.30076,-0.653171,1.06003,-6.07307,1.11849,-2.4845,4.15244,-0.465321,1.42447,-0.6122,-0.109521,0.166765,0.0142603,0.00576892,-0.23887,1.77054,0.106523,-0.0548227,-25.3604,-0.623801,0.102189,6.34284,1.04611,0.0523822,-28.9123,-0.422306,-0.154571,3.93783,-0.106523,0.0548227,-1.06656,-0.370978,-0.416752,1.22944,0.992404,0.256351,0.433007,0.306956,0.463839,False,True
4.34,-0.00464613,0.21054,-0.766158,0.108678,-0.170102,1.42654,-0.647998,1.00139,-6.80514,1.1065,-2.29819,4.32258,-0.458506,1.2968,-0.655723,-0.108678,0.170102,0.0108012,0.00464613,-0.21054,2.06646,0.106216,-0.0678944,-25.8017,-0.623317,0.0913902,7.10306,1.04637,0.054521,-28.7045,-0.423057,-0.145911,4.07756,-0.106216,0.0678944,-1.1067,-0.399885,-0.443053,1.13758,0.888388,0.256177,0.433042,0.306956,0.463839,False,True
4.345,-0.00366353,0.182913,-0.763143,0.10782,-0.172827,1.54615,-0.643157,0.928087,-7.47168,1.09551,-2.08882,4.45257,-0.452353,1.16073,-0.691542,-0.10782,0.172827,0.00848061,0.00366353,-0.182913,2.31845,0.105844,-0.0811615,-26.1939,-0.622887,0.0804271,7.79781,1.04665,0.0567112,-28.4956,-0.423765,-0.137138,4.21209,-0.105844,0.0811615,-1.14488,-0.423368,-0.464847,1.03824,0.778043,0.255982,0.433068,0.306956,0.463839,False,True
4.35,-0.002817,0.156229,-0.750658,0.10695,-0.175161,1.65729,-0.638717,0.841858,-8.05056,1.08562,-1.86004,4.53617,-0.446899,1.01819,-0.717912,-0.10695,0.175161,0.00731684,0.002817,-0.156229,2.51481,0.105405,-0.0945876,-26.5258,-0.622512,0.0693742,8.40275,1.04694,0.0589411,-28.2935,-0.424428,-0.128315,4.33782,-0.105405,0.0945876,-1.17946,-0.440344,-0.481023,0.933118,0.66274,0.255767,0.433086,0.306956,0.463839,False,True
4.355,-0.00210123,0.130736,-0.727323,0.106069,-0.17733,1.75794,-0.634738,0.744928,-8.51901,1.07691,-1.61643,4.56684,-0.442171,0.871505,-0.733014,-0.106069,0.17733,0.00731933,0.00210123,-0.130736,2.64345,0.104898,-0.108131,-26.7861,-0.622193,0.0583184,8.89271,1.04724,0.0611999,-28.1067,-0.425048,-0.119518,4.45062,-0.104898,0.108131,-1.20857,-0.449689,-0.490415,0.82425,0.544175,0.255528,0.433096,0.306956,0.463839,False,True
4.36,-0.00150964,0.106692,-0.691647,0.105177,-0.17956,1.84634,-0.631268,0.640017,-8.85427,1.06945,-1.36346,4.53783,-0.438184,0.723447,-0.735005,-0.105177,0.17956,0.00848976,0.00150964,-0.106692,2.69235,0.104324,-0.121746,-26.964,-0.621929,0.0473598,9.24242,1.04755,0.0634769,-27.9441,-0.425624,-0.110837,4.5456,-0.104324,0.121746,-1.23026,-0.450265,-0.491836,0.713996,0.424379,0.255268,0.433099,0.306956,0.463839,False,True
4.365,-0.00103431,0.0843652,-0.64208,0.104273,-0.182077,1.92112,-0.628338,0.530329,-9.03437,1.06327,-1.10751,4.4423,-0.434937,0.577184,-0.722077,-0.104273,0.182077,0.0108228,0.00103431,-0.0843652,2.65015,0.103681,-0.135379,-27.0494,-0.621719,0.0366113,9.42716,1.04788,0.0657625,-27.8146,-0.426156,-0.102374,4.61668,-0.103681,0.135379,-1.24267,-0.440955,-0.484114,0.605047,0.305717,0.254983,0.433096,0.306956,0.463839,False,True
4.37,-0.000665988,0.0640328,-0.577088,0.103356,-0.185103,1.98131,-0.625965,0.419527,-9.03869,1.05838,-0.855817,4.27332,-0.432412,0.43629,-0.692516,-0.103356,0.185103,0.0143058,0.000665988,-0.0640328,2.50672,0.10297,-0.148972,-27.0326,-0.621563,0.0261993,9.42329,1.04821,0.0680482,-27.7276,-0.426647,-0.0942474,4.65538,-0.10297,0.148972,-1.24432,-0.420698,-0.466127,0.500404,0.190873,0.254676,0.433086,0.306956,0.463839,False,True
4.375,-0.000393984,0.0459825,-0.495227,0.102422,-0.188858,2.02629,-0.624143,0.311704,-8.84852,1.05472,-0.616411,4.02398,-0.430574,0.304707,-0.644743,-0.102422,0.188858,0.018917,0.000393984,-0.0459825,2.25395,0.102191,-0.162458,-26.9049,-0.621457,0.0162648,9.20824,1.04856,0.0703268,-27.6938,-0.427099,-0.0865917,4.64854,-0.102191,0.162458,-1.23477,-0.388518,-0.43683,0.403344,0.0828213,0.254344,0.433071,0.306956,0.463839,False,True
4.38,-0.000206162,0.0305114,-0.39523,0.101467,-0.193556,2.05582,-0.622847,0.211335,-8.44726,1.05221,-0.398038,3.68734,-0.429365,0.186703,-0.57735,-0.101467,0.193556,0.0246216,0.000206162,-0.0305114,1.88664,0.101345,-0.175763,-26.6586,-0.6214,0.00696644,8.75987,1.04891,0.072594,-27.7273,-0.427513,-0.0795604,4.57403,-0.101345,0.175763,-1.21563,-0.343547,-0.395277,0.317385,-0.0152028,0.253988,0.433049,0.306956,0.463839,False,True
4.385,-8.88707e-05,0.0179262,-0.276117,0.100487,-0.1994,2.06981,-0.622029,0.123248,-7.82034,1.05074,-0.210072,3.25642,-0.428707,0.0868242,-0.489116,-0.100487,0.1994,0.031363,8.88707e-05,-0.0179262,1.40372,0.100433,-0.188801,-26.2871,-0.621388,-0.00151269,8.05468,1.04928,0.0748488,-27.8498,-0.427894,-0.0733361,4.39331,-0.100433,0.188801,-1.19254,-0.28504,-0.340626,0.24624,-0.0997429,0.253609,0.43302,0.306956,0.463839,False,True
4.39,-2.69003e-05,0.00854363,-0.137333,0.0994734,-0.20658,2.06822,-0.621615,0.0526009,-6.95476,1.05011,-0.0624464,2.72398,-0.428497,0.00984552,-0.379005,-0.0994734,0.20658,0.0390471,2.69003e-05,-0.00854363,0.81,0.0994571,-0.201468,-25.785,-0.621415,-0.00895117,7.06465,1.04966,0.0770965,-28.0973,-0.428247,-0.0681454,4.03982,-0.0994571,0.201468,-1.17888,-0.212384,-0.27213,0.193772,-0.167159,0.253207,0.432983,0.306956,0.463839,False,True
4.395,-3.43439e-06,0.00269003,0.012667,0.0984208,-0.215262,2.05116,-0.621503,0.00489107,-5.90363,1.05011,0.0343842,2.11775,-0.428608,-0.0392753,-0.25332,-0.0984208,0.215262,0.0469759,3.43439e-06,-0.00269003,0.149931,0.0984187,-0.213636,-25.1939,-0.621477,-0.0150652,5.83832,1.05005,0.0793527,-28.483,-0.428576,-0.0642876,3.48161,-0.0984187,0.213636,-1.23814,-0.129866,-0.193547,0.163946,-0.213655,0.252781,0.432938,0.306956,0.463839,False,True
4.4,-3.17448e-18,0.000343439,0.124488,0.0973208,-0.225369,1.78958,-0.621566,-0.017056,-4.91986,1.05046,0.0757414,1.33944,-0.428889,-0.0586853,-0.121016,-0.0973208,0.225369,0.0413286,-3.17448e-18,-0.000343439,-0.375988,0.0973208,-0.225159,-24.0373,-0.621566,-0.0196714,4.70225,1.05046,0.0816034,-28.5635,-0.428889,-0.061932,2.95579,-0.0973208,0.225159,-1.10857,-0.0510772,-0.103034,0.158124,-0.237714,0.252335,0.432884,0.306956,0.463839,True,True
4.405,-3.17448e-18,0,0.15226,0.0961671,-0.235934,1.32787,-0.621674,-0.0233225,-4.35947,1.05087,0.083666,0.572818,-0.429195,-0.0603435,-0.0230623,-0.0961671,0.235934,0.0220337,-3.17448e-18,0,-0.586135,0.0961671,-0.235934,-22.6141,-0.621674,-0.0233225,4.09263,1.05087,0.083666,-28.1611,-0.429195,-0.0603435,2.76881,-0.0961671,0.235934,-1.01759,-0.0014959,-0.0275707,0.166286,-0.24805,0.251867,0.43282,0.301805,0.461596,True,True
4.41,-3.17448e-18,-3.85186e-32,0.128632,0.0949614,-0.245888,0.7415,-0.621799,-0.0266957,-4.07331,1.05129,0.0853434,-0.223692,-0.429493,-0.0586478,0.0610834,-0.0949614,0.245888,-0.00458849,-3.17448e-18,-3.85186e-32,-0.5789,0.0949614,-0.245888,-20.9601,-0.621799,-0.0266957,3.81312,1.05129,0.0853434,-27.4278,-0.429493,-0.0586478,2.74234,-0.0949614,0.245888,-0.907874,0.0353026,0.0428659,0.176452,-0.255211,0.251381,0.432746,0.296655,0.459353,True,True
4.415,-3.17448e-18,0,0.0979894,0.0937082,-0.254944,0.161562,-0.621941,-0.0298432,-3.82698,1.05172,0.0866041,-1.06913,-0.429782,-0.0567609,0.142134,-0.0937082,0.254944,-0.0292037,-3.17448e-18,0,-0.517973,0.0937082,-0.254944,-19.2405,-0.621941,-0.0298432,3.55883,1.05172,0.0866041,-26.6523,-0.429782,-0.0567609,2.63521,-0.0937082,0.254944,-0.793869,0.0714088,0.110112,0.185946,-0.261471,0.250877,0.432663,0.291504,0.45711,True,True
4.42,-3.17448e-18,3.85186e-32,0.0704992,0.092412,-0.263062,-0.364275,-0.622098,-0.0326883,-3.57854,1.05216,0.0874662,-1.94794,-0.430061,-0.0547778,0.213873,-0.092412,0.263062,-0.0488479,-3.17448e-18,3.85186e-32,-0.448091,0.092412,-0.263062,-17.5419,-0.622098,-0.0326883,3.28196,1.05216,0.0874662,-25.8926,-0.430061,-0.0547778,2.44606,-0.092412,0.263062,-0.682338,0.104678,0.168406,0.194659,-0.266867,0.250358,0.43257,0.286353,0.454868,True,True
4.425,-3.17448e-18,0,0.0471915,0.0910776,-0.270227,-0.821587,-0.622268,-0.0351924,-3.33279,1.0526,0.0879509,-2.84361,-0.430329,-0.0527586,0.272175,-0.0910776,0.270227,-0.0628383,-3.17448e-18,0,-0.378049,0.0910776,-0.270227,-15.9024,-0.622268,-0.0351924,2.99594,1.0526,0.0879509,-25.1433,-0.430329,-0.0527586,2.21792,-0.0910776,0.270227,-0.576006,0.132929,0.214646,0.202534,-0.271437,0.249825,0.432469,0.281203,0.452625,True,True
4.43,-3.17448e-18,0,0.0281588,0.0897097,-0.276442,-1.20557,-0.62245,-0.0373404,-3.09157,1.05304,0.08808,-3.74832,-0.430588,-0.0507396,0.315915,-0.0897097,0.276442,-0.0710264,-3.17448e-18,0,-0.312315,0.0897097,-0.276442,-14.3374,-0.62245,-0.0373404,2.70803,1.05304,0.08808,-24.3989,-0.430588,-0.0507396,1.97629,-0.0897097,0.276442,-0.475911,0.155531,0.248013,0.209547,-0.275208,0.249281,0.43236,0.276052,0.450382,True,True
4.435,-3.17448e-18,0,0.0130916,0.0883132,-0.281711,-1.51571,-0.622641,-0.0391311,-2.85516,1.05348,0.0878744,-4.65915,-0.430837,-0.0487433,0.345358,-0.0883132,0.281711,-0.0734668,-3.17448e-18,0,-0.252841,0.0883132,-0.281711,-12.851,-0.622641,-0.0391311,2.42173,1.05348,0.0878744,-23.6544,-0.430837,-0.0487433,1.73522,-0.0883132,0.281711,-0.382253,0.172601,0.268718,0.215685,-0.278202,0.248726,0.432245,0.270902,0.448139,True,True
4.44,-3.17448e-18,0,0.00155415,0.0868926,-0.286041,-1.75297,-0.622841,-0.0405704,-2.62311,1.05392,0.0873544,-5.57594,-0.431076,-0.046784,0.361249,-0.0868926,0.286041,-0.0702522,-3.17448e-18,0,-0.200253,0.0868926,-0.286041,-11.4418,-0.622841,-0.0405704,2.13839,1.05392,0.0873544,-22.9056,-0.431076,-0.046784,1.50199,-0.0868926,0.286041,-0.294863,0.18453,0.277309,0.220947,-0.280435,0.248163,0.432123,0.265751,0.445896,True,True
4.445,-3.17448e-18,0,-0.00688944,0.0854527,-0.289437,-1.91843,-0.623047,-0.0416682,-2.39465,1.05435,0.0865393,-6.49998,-0.431305,-0.044871,0.364339,-0.0854527,0.289437,-0.0614383,-3.17448e-18,0,-0.15454,0.0854527,-0.289437,-10.1067,-0.623047,-0.0416682,1.8582,1.05435,0.0865393,-22.1488,-0.431305,-0.044871,1.28002,-0.0854527,0.289437,-0.21345,0.191737,0.274319,0.225329,-0.281916,0.247594,0.431996,0.260601,0.443654,True,True
4.45,-3.17448e-18,0,-0.0126309,0.0839982,-0.2919,-2.01264,-0.623258,-0.0424359,-2.16903,1.05478,0.0854476,-7.43308,-0.431524,-0.0430117,0.355182,-0.0839982,0.2919,-0.0470202,-3.17448e-18,0,-0.115426,0.0839982,-0.2919,-8.84239,-0.623258,-0.0424359,1.58083,1.05478,0.0854476,-21.3814,-0.431524,-0.0430117,1.07064,-0.0839982,0.2919,-0.137739,0.194553,0.260116,0.22883,-0.28265,0.24702,0.431865,0.25545,0.441411,True,True
4.455,-3.17448e-18,0,-0.0160125,0.0825337,-0.293429,-2.03551,-0.623471,-0.0428852,-1.94566,1.05521,0.0840974,-8.37683,-0.431735,-0.0412122,0.334085,-0.0825337,0.293429,-0.0269413,-3.17448e-18,0,-0.0825632,0.0825337,-0.293429,-7.64687,-0.623471,-0.0428852,1.30583,1.05521,0.0840974,-20.6014,-0.431735,-0.0412122,0.874186,-0.0825337,0.293429,-0.0675504,0.193186,0.234877,0.231445,-0.282641,0.246442,0.43173,0.250299,0.439168,True,True
4.46,-3.17448e-18,0,-0.0173414,0.0810639,-0.294019,-1.98652,-0.623687,-0.0430278,-1.72431,1.05562,0.0825065,-9.33163,-0.431936,-0.0394787,0.301171,-0.0810639,0.294019,-0.00113645,-3.17448e-18,0,-0.0556218,0.0810639,-0.294019,-6.51999,-0.623687,-0.0430278,1.03302,1.05562,0.0825065,-19.8082,-0.431936,-0.0394787,0.69071,-0.0810639,0.294019,-0.00284912,0.187733,0.198651,0.233168,-0.281887,0.245864,0.431592,0.245149,0.436925,True,True
4.465,-3.17448e-18,0,-0.0169138,0.0795935,-0.293669,-1.86539,-0.623902,-0.0428756,-1.5054,1.05603,0.0806927,-10.2953,-0.43213,-0.0378171,0.256549,-0.0795935,0.293669,0.0303736,-3.17448e-18,0,-0.0343217,0.0795935,-0.293669,-5.46458,-0.623902,-0.0428756,0.762881,1.05603,0.0806927,-19.0038,-0.43213,-0.0378171,0.520432,-0.0795935,0.293669,0.0562033,0.178234,0.151531,0.233993,-0.28039,0.245286,0.431452,0.239998,0.434682,True,True
4.47,-3.17448e-18,0,-0.0150482,0.0781273,-0.292378,-1.67359,-0.624115,-0.0424414,-1.29048,1.05643,0.0786751,-11.2607,-0.432315,-0.0362337,0.200659,-0.0781273,0.292378,0.0672942,-3.17448e-18,0,-0.0184109,0.0781273,-0.292378,-4.48759,-0.624115,-0.0424414,0.497251,1.05643,0.0786751,-18.1944,-0.432315,-0.0362337,0.364134,-0.0781273,0.292378,0.1092,0.164777,0.0939749,0.233917,-0.278152,0.24471,0.431311,0.234848,0.432439,True,True
4.475,-3.17448e-18,0,-0.0121237,0.0766698,-0.290158,-1.41724,-0.624326,-0.0417406,-1.08295,1.05682,0.0764748,-12.2115,-0.432492,-0.0347342,0.134894,-0.0766698,0.290158,0.108709,-3.17448e-18,0,-0.0075939,0.0766698,-0.290158,-3.60166,-0.624326,-0.0417406,0.240269,1.05682,0.0764748,-17.3942,-0.432492,-0.0347342,0.223515,-0.0766698,0.290158,0.155438,0.147688,0.027422,0.232948,-0.275187,0.244138,0.43117,0.229697,0.430197,True,True
4.48,-3.17448e-18,0,-0.0086199,0.0752257,-0.287043,-1.11234,-0.624533,-0.0407943,-0.889333,1.05719,0.0741176,-13.1155,-0.432662,-0.0333233,0.0627074,-0.0752257,0.287043,0.152469,-3.17448e-18,0,-0.00139657,0.0752257,-0.287043,-2.82727,-0.624533,-0.0407943,5.18433e-06,1.05719,0.0741176,-16.6307,-0.432662,-0.0333233,0.101599,-0.0752257,0.287043,0.193878,0.127871,-0.0446467,0.231115,-0.271526,0.243572,0.431028,0.224547,0.427954,True,True
4.485,-3.17448e-18,0,-0.00514745,0.0737993,-0.283111,-0.793297,-0.624734,-0.039635,-0.721233,1.05756,0.0716373,-13.914,-0.432825,-0.0320023,-0.0086111,-0.0737993,0.283111,0.194209,-3.17448e-18,0,0.00103369,0.0737993,-0.283111,-2.19606,-0.624734,-0.039635,-0.208984,1.05756,0.0716373,-15.9547,-0.432825,-0.0320023,0.00329441,-0.0737993,0.283111,0.223075,0.10736,-0.114985,0.228486,-0.267234,0.243013,0.430888,0.219396,0.425711,True,True
4.49,-3.17448e-18,0,-0.0023842,0.0723946,-0.278516,-0.517121,-0.624929,-0.0383145,-0.595072,1.05791,0.0690813,-14.5215,-0.432982,-0.0307668,-0.067195,-0.0723946,0.278516,0.227022,-3.17448e-18,0,0.00111312,0.0723946,-0.278516,-1.74587,-0.624929,-0.0383145,-0.365954,1.05791,0.0690813,-15.4395,-0.432982,-0.0307668,-0.0654158,-0.0723946,0.278516,0.241567,0.0895984,-0.17192,0.225206,-0.262439,0.242463,0.43075,0.214245,0.423468,True,True
4.495,-3.17448e-18,0,-0.00070594,0.0710142,-0.27351,-0.331506,-0.625117,-0.0369087,-0.519426,1.05825,0.0665128,-14.8889,-0.433133,-0.0296041,-0.103817,-0.0710142,0.27351,0.245806,-3.17448e-18,0,0.000466973,0.0710142,-0.27351,-1.48174,-0.625117,-0.0369087,-0.459905,1.05825,0.0665128,-15.1281,-0.433133,-0.0296041,-0.1039,-0.0710142,0.27351,0.249809,0.0774411,-0.206532,0.22151,-0.257345,0.241922,0.430613,0.214245,0.423468,True,True
4.5,-3.17448e-18,0,6.56243e-05,0.0696595,-0.268345,-0.23335,-0.625298,-0.0354897,-0.484239,1.05858,0.0639886,-15.0604,-0.433278,-0.0284989,-0.120511,-0.0696595,0.268345,0.252168,-3.17448e-18,0,-3.47507e-06,0.0696595,-0.268345,-1.35422,-0.625298,-0.0354897,-0.503326,1.05858,0.0639886,-14.9836,-0.433278,-0.0284989,-0.120407,-0.0696595,0.268345,0.250864,0.0705723,-0.221068,0.217634,-0.252155,0.241392,0.43048,0.214245,0.423468,True,True
4.505,-3.17448e-18,0,0.000320834,0.0683307,-0.263177,-0.189403,-0.625472,-0.0340999,-0.472284,1.05889,0.0615407,-15.1189,-0.433418,-0.0274409,-0.125382,-0.0683307,0.263177,0.251165,-3.17448e-18,0,-0.000187016,0.0683307,-0.263177,-1.30171,-0.625472,-0.0340999,-0.517821,1.05889,0.0615407,-14.9357,-0.433418,-0.0274409,-0.125085,-0.0683307,0.263177,0.24808,0.0668544,-0.223702,0.213725,-0.246994,0.240872,0.430348,0.214245,0.423468,True,True
4.51,-3.17448e-18,-3.85186e-32,0.000332197,0.0670277,-0.258084,-0.172748,-0.625639,-0.0327588,-0.471652,1.05919,0.0591827,-15.1225,-0.433552,-0.0264239,-0.12461,-0.0670277,0.258084,0.246607,-3.17448e-18,-3.85186e-32,-0.000200063,0.0670277,-0.258084,-1.28497,-0.625639,-0.0327588,-0.51832,1.05919,0.0591827,-14.9348,-0.433552,-0.0264239,-0.124316,-0.0670277,0.258084,0.243506,0.0646244,-0.220631,0.209858,-0.241924,0.240362,0.430219,0.214245,0.423468,True,True
4.515,-3.17448e-18,0,0.000247864,0.0657499,-0.253098,-0.167661,-0.6258,-0.0314734,-0.475736,1.05948,0.0569179,-15.1036,-0.433682,-0.0254445,-0.121664,-0.0657499,0.253098,0.240652,-3.17448e-18,0,-0.000143031,0.0657499,-0.253098,-1.28302,-0.6258,-0.0314734,-0.513071,1.05948,0.0569179,-14.9535,-0.433682,-0.0254445,-0.121457,-0.0657499,0.253098,0.23823,0.062956,-0.215348,0.206064,-0.236971,0.239862,0.430093,0.214245,0.423468,True,True
4.52,-3.17448e-18,3.85186e-32,0.000142354,0.0644967,-0.24823,-0.165797,-0.625954,-0.0302444,-0.481077,1.05976,0.054745,-15.0788,-0.433807,-0.0245005,-0.118311,-0.0644967,0.24823,0.234421,-3.17448e-18,3.85186e-32,-7.14343e-05,0.0644967,-0.24823,-1.28506,-0.625954,-0.0302444,-0.506367,1.05976,0.054745,-14.9773,-0.433807,-0.0245005,-0.118192,-0.0644967,0.24823,0.232821,0.0613885,-0.209643,0.202354,-0.232142,0.239372,0.429969,0.214245,0.423468,True,True
4.525,-3.17448e-18,0,4.88768e-05,0.0632676,-0.243479,-0.163205,-0.626102,-0.0290696,-0.486026,1.06003,0.0526602,-15.0563,-0.433927,-0.0235906,-0.11534,-0.0632676,0.243479,0.228433,-3.17448e-18,0,-9.23678e-06,0.0632676,-0.243479,-1.286,-0.626102,-0.0290696,-0.500226,1.06003,0.0526602,-14.9993,-0.433927,-0.0235906,-0.115284,-0.0632676,0.243479,0.227557,0.0597258,-0.204324,0.198728,-0.227435,0.238891,0.429847,0.214245,0.423468,True,True
4.53,-3.17448e-18,0,-2.12468e-05,0.0620619,-0.238839,-0.158369,-0.626245,-0.0279455,-0.489943,1.06029,0.050659,-15.0388,-0.434043,-0.0227136,-0.113015,-0.0620619,0.238839,0.222878,-3.17448e-18,0,3.63551e-05,0.0620619,-0.238839,-1.28391,-0.626245,-0.0279455,-0.495417,1.06029,0.050659,-15.0169,-0.434043,-0.0227136,-0.112997,-0.0620619,0.238839,0.222548,0.0579111,-0.199672,0.19518,-0.222844,0.238419,0.429728,0.214245,0.423468,True,True
4.535,-3.17448e-18,0,-6.73603e-05,0.0608792,-0.234302,-0.151027,-0.626382,-0.0268685,-0.492709,1.06054,0.0487372,-15.027,-0.434154,-0.0218686,-0.111343,-0.0608792,0.234302,0.21778,-3.17448e-18,0,6.56117e-05,0.0608792,-0.234302,-1.27844,-0.626382,-0.0268685,-0.492064,1.06054,0.0487372,-15.0296,-0.434154,-0.0218686,-0.111345,-0.0608792,0.234302,0.217818,0.0559532,-0.195705,0.191705,-0.218363,0.237957,0.42961,0.214245,0.423468,True,True
4.54,-3.17448e-18,0,-9.32791e-05,0.0597189,-0.22986,-0.141493,-0.626513,-0.0258355,-0.49445,1.06077,0.0468904,-15.0201,-0.434261,-0.0210549,-0.110222,-0.0597189,0.22986,0.21309,-3.17448e-18,0,8.15003e-05,0.0597189,-0.22986,-1.27002,-0.626513,-0.0258355,-0.489992,1.06077,0.0468904,-15.038,-0.434261,-0.0210549,-0.110234,-0.0597189,0.22986,0.213346,0.0538869,-0.192327,0.188295,-0.213984,0.237504,0.429495,0.214245,0.423468,True,True
4.545,-3.17448e-18,0,-0.000104072,0.0585806,-0.225508,-0.130284,-0.62664,-0.0248436,-0.495382,1.061,0.045115,-15.0171,-0.434365,-0.0202714,-0.109519,-0.0585806,0.225508,0.208732,-3.17448e-18,0,8.75132e-05,0.0585806,-0.225508,-1.25934,-0.62664,-0.0248436,-0.488924,1.061,0.045115,-15.0429,-0.434365,-0.0202714,-0.109534,-0.0585806,0.225508,0.209096,0.0517522,-0.189409,0.184947,-0.209701,0.237059,0.429382,0.214245,0.423468,True,True
4.55,-3.17448e-18,0,-0.00010454,0.0574638,-0.221241,-0.117936,-0.626762,-0.0238903,-0.495729,1.06123,0.0434075,-15.0168,-0.434464,-0.0195172,-0.109106,-0.0574638,0.221241,0.204631,-3.17448e-18,0,8.67993e-05,0.0574638,-0.221241,-1.24713,-0.626762,-0.0238903,-0.488574,1.06123,0.0434075,-15.0455,-0.434464,-0.0195172,-0.109122,-0.0574638,0.221241,0.205027,0.0495854,-0.186826,0.181656,-0.205511,0.236622,0.429271,0.214245,0.423468,True,True
4.555,-3.17448e-18,0,-9.86212e-05,0.0563682,-0.217054,-0.104916,-0.626879,-0.0229737,-0.49569,1.06144,0.041765,-15.0183,-0.43456,-0.0187913,-0.10888,-0.0563682,0.217054,0.200725,-3.17448e-18,0,8.18905e-05,0.0563682,-0.217054,-1.23399,-0.626879,-0.0229737,-0.488693,1.06144,0.041765,-15.0463,-0.43456,-0.0187913,-0.108895,-0.0563682,0.217054,0.201104,0.0474152,-0.184472,0.17842,-0.201408,0.236194,0.429162,0.214245,0.423468,True,True
4.56,-3.17448e-18,0,-8.92637e-05,0.0552933,-0.212944,-0.0915932,-0.626991,-0.022092,-0.495421,1.06164,0.0401848,-15.0209,-0.434652,-0.0180928,-0.108759,-0.0552933,0.212944,0.196961,-3.17448e-18,0,7.46809e-05,0.0552933,-0.212944,-1.2204,-0.626991,-0.022092,-0.489089,1.06164,0.0401848,-15.0462,-0.434652,-0.0180928,-0.108773,-0.0552933,0.212944,0.197297,0.0452624,-0.182268,0.175235,-0.19739,0.235774,0.429055,0.214245,0.423468,True,True
4.565,-3.17448e-18,0,-7.85173e-05,0.0542387,-0.208911,-0.0782395,-0.6271,-0.0212437,-0.495037,1.06184,0.0386644,-15.0239,-0.434741,-0.0174207,-0.10869,-0.0542387,0.208911,0.193303,-3.17448e-18,0,6.65046e-05,0.0542387,-0.208911,-1.20673,-0.6271,-0.0212437,-0.489617,1.06184,0.0386644,-15.0456,-0.434741,-0.0174207,-0.108701,-0.0542387,0.208911,0.193585,0.0431408,-0.180156,0.172102,-0.193454,0.235363,0.42895,0.214245,0.423468,True,True
4.57,-3.17448e-18,0,-6.77044e-05,0.0532042,-0.204951,-0.0650402,-0.627204,-0.0204274,-0.494619,1.06203,0.0372013,-15.027,-0.434826,-0.0167739,-0.108634,-0.0532042,0.204951,0.189726,-3.17448e-18,0,5.82426e-05,0.0532042,-0.204951,-1.1932,-0.627204,-0.0204274,-0.490182,1.06203,0.0372013,-15.0448,-0.434826,-0.0167739,-0.108643,-0.0532042,0.204951,0.189953,0.0410587,-0.178098,0.169018,-0.189598,0.234959,0.428847,0.214245,0.423468,True,True
4.575,-3.17448e-18,0,-5.76024e-05,0.0521892,-0.201063,-0.0521123,-0.627304,-0.019642,-0.494218,1.06221,0.0357936,-15.03,-0.434909,-0.0161516,-0.108571,-0.0521892,0.201063,0.186213,-3.17448e-18,0,5.04305e-05,0.0521892,-0.201063,-1.17997,-0.627304,-0.019642,-0.490723,1.06221,0.0357936,-15.044,-0.434909,-0.0161516,-0.108578,-0.0521892,0.201063,0.186389,0.0390204,-0.176071,0.165984,-0.185821,0.234562,0.428746,0.214245,0.423468,True,True
4.58,-3.17448e-18,0,-4.86034e-05,0.0511935,-0.197247,-0.0395211,-0.6274,-0.0188863,-0.493861,1.06239,0.034439,-15.0327,-0.434988,-0.0155527,-0.10849,-0.0511935,0.197247,0.182756,-3.17448e-18,0,4.33547e-05,0.0511935,-0.197247,-1.16712,-0.6274,-0.0188863,-0.491204,1.06239,0.034439,-15.0434,-0.434988,-0.0155527,-0.108495,-0.0511935,0.197247,0.182886,0.037027,-0.174061,0.162998,-0.18212,0.234174,0.428647,0.214245,0.423468,True,True
4.585,-3.17448e-18,0,-4.08447e-05,0.0502168,-0.193501,-0.0272952,-0.627493,-0.0181592,-0.493564,1.06256,0.0331356,-15.0351,-0.435064,-0.0149764,-0.108386,-0.0502168,0.193501,0.179348,-3.17448e-18,0,3.71298e-05,0.0502168,-0.193501,-1.15467,-0.627493,-0.0181592,-0.491611,1.06256,0.0331356,-15.0429,-0.435064,-0.0149764,-0.108389,-0.0502168,0.193501,0.179442,0.0350782,-0.172065,0.160061,-0.178494,0.233792,0.42855,0.214245,0.423468,True,True
4.59,-3.17448e-18,0,-3.43057e-05,0.0492585,-0.189824,-0.0154384,-0.627582,-0.0174597,-0.493329,1.06272,0.0318815,-15.0372,-0.435138,-0.0144218,-0.10826,-0.0492585,0.189824,0.175987,-3.17448e-18,0,3.17608e-05,0.0492585,-0.189824,-1.14264,-0.627582,-0.0174597,-0.491941,1.06272,0.0318815,-15.0428,-0.435138,-0.0144218,-0.108262,-0.0492585,0.189824,0.176053,0.0331724,-0.170081,0.157172,-0.174942,0.233418,0.428454,0.214245,0.423468,True,True
4.595,-3.17448e-18,0,-2.88778e-05,0.0483185,-0.186215,-0.00393967,-0.627667,-0.0167869,-0.493155,1.06288,0.0306749,-15.039,-0.435208,-0.013888,-0.108115,-0.0483185,0.186215,0.172675,-3.17448e-18,0,2.71875e-05,0.0483185,-0.186215,-1.131,-0.627667,-0.0167869,-0.492198,1.06288,0.0306749,-15.0428,-0.435208,-0.013888,-0.108117,-0.0483185,0.186215,0.172719,0.0313077,-0.168111,0.15433,-0.171462,0.233052,0.42836,0.214245,0.423468,True,True
4.6,-3.17448e-18,0,-2.44114e-05,0.0473964,-0.182674,0.00722103,-0.62775,-0.0161397,-0.493033,1.06303,0.029514,-15.0405,-0.435276,-0.0133743,-0.107956,-0.0473964,0.182674,0.169411,-3.17448e-18,0,2.33171e-05,0.0473964,-0.182674,-1.11974,-0.62775,-0.0161397,-0.492391,1.06303,0.029514,-15.043,-0.435276,-0.0133743,-0.107957,-0.0473964,0.182674,0.169441,0.0294818,-0.166158,0.151536,-0.168053,0.232692,0.428268,0.214245,0.423468,True,True
4.605,-3.17448e-18,0,-2.07461e-05,0.0464918,-0.179199,0.0180673,-0.627829,-0.0155172,-0.492956,1.06317,0.0283971,-15.0417,-0.435342,-0.0128799,-0.107787,-0.0464918,0.179199,0.166198,-3.17448e-18,0,2.00448e-05,0.0464918,-0.179199,-1.10881,-0.627829,-0.0155172,-0.49253,1.06317,0.0283971,-15.0434,-0.435342,-0.0128799,-0.107788,-0.0464918,0.179199,0.166217,0.0276926,-0.164227,0.148789,-0.164714,0.232339,0.428178,0.214245,0.423468,True,True
4.61,-3.17448e-18,-3.85186e-32,-1.7729e-05,0.0456044,-0.175789,0.0286236,-0.627905,-0.0149185,-0.492916,1.06331,0.0273225,-15.0427,-0.435405,-0.012404,-0.107612,-0.0456044,0.175789,0.163036,-3.17448e-18,-3.85186e-32,1.72678e-05,0.0456044,-0.175789,-1.0982,-0.627905,-0.0149185,-0.492626,1.06331,0.0273225,-15.0439,-0.435405,-0.012404,-0.107613,-0.0456044,0.175789,0.163049,0.0259381,-0.16232,0.146088,-0.161443,0.231993,0.428089,0.214245,0.423468,True,True
4.615,-3.17448e-18,0,-1.52238e-05,0.0447339,-0.172443,0.0389132,-0.627978,-0.0143428,-0.492905,1.06344,0.0262887,-15.0436,-0.435466,-0.011946,-0.107436,-0.0447339,0.172443,0.159926,-3.17448e-18,0,1.48919e-05,0.0447339,-0.172443,-1.08787,-0.627978,-0.0143428,-0.492688,1.06344,0.0262887,-15.0445,-0.435466,-0.011946,-0.107436,-0.0447339,0.172443,0.159936,0.0242168,-0.160442,0.143433,-0.158239,0.231653,0.428002,0.214245,0.423468,True,True
4.62,-3.17448e-18,3.85186e-32,-1.31148e-05,0.04388,-0.169161,0.048957,-0.628048,-0.0137891,-0.492915,1.06357,0.0252941,-15.0444,-0.435525,-0.011505,-0.10726,-0.04388,0.169161,0.156871,-3.17448e-18,3.85186e-32,1.28358e-05,0.04388,-0.169161,-1.0778,-0.628048,-0.0137891,-0.492726,1.06357,0.0252941,-15.0451,-0.435525,-0.011505,-0.10726,-0.04388,0.169161,0.156879,0.0225271,-0.158595,0.140823,-0.155101,0.23132,0.427916,0.214245,0.423468,True,True
4.625,-3.17448e-18,-3.85186e-32,-1.13076e-05,0.0430423,-0.16594,0.0587736,-0.628116,-0.0132567,-0.49294,1.0637,0.0243373,-15.045,-0.435581,-0.0110806,-0.107088,-0.0430423,0.16594,0.15387,-3.17448e-18,-3.85186e-32,1.10318e-05,0.0430423,-0.16594,-1.06797,-0.628116,-0.0132567,-0.492747,1.0637,0.0243373,-15.0458,-0.435581,-0.0110806,-0.107088,-0.0430423,0.16594,0.153878,0.020868,-0.156779,0.138258,-0.152026,0.230994,0.427833,0.214245,0.423468,True,True
4.63,-3.17448e-18,0,-9.7274e-06,0.0422206,-0.162781,0.0683786,-0.628181,-0.0127447,-0.492975,1.06382,0.0234167,-15.0456,-0.435635,-0.0106721,-0.106921,-0.0422206,0.162781,0.150923,-3.17448e-18,0,9.42522e-06,0.0422206,-0.162781,-1.05835,-0.628181,-0.0127447,-0.492757,1.06382,0.0234167,-15.0465,-0.435635,-0.0106721,-0.106921,-0.0422206,0.162781,0.150932,0.0192384,-0.154998,0.135737,-0.149015,0.230673,0.42775,0.214245,0.423468,True,True
4.635,-3.17448e-18,3.85186e-32,-8.31675e-06,0.0414145,-0.159681,0.077785,-0.628243,-0.0122523,-0.493017,1.06393,0.0225311,-15.0462,-0.435688,-0.0102788,-0.10676,-0.0414145,0.159681,0.148031,-3.17448e-18,3.85186e-32,7.97305e-06,0.0414145,-0.159681,-1.04893,-0.628243,-0.0122523,-0.49276,1.06393,0.0225311,-15.0472,-0.435688,-0.0102788,-0.10676,-0.0414145,0.159681,0.148042,0.0176376,-0.153252,0.133259,-0.146065,0.230359,0.427669,0.214245,0.423468,True,True
4.64,-3.17448e-18,0,-7.03259e-06,0.0406237,-0.15664,0.0870037,-0.628303,-0.0117789,-0.493062,1.06404,0.0216791,-15.0467,-0.435738,-0.00990021,-0.106606,-0.0406237,0.15664,0.145194,-3.17448e-18,0,6.64234e-06,0.0406237,-0.15664,-1.0397,-0.628303,-0.0117789,-0.492759,1.06404,0.0216791,-15.0479,-0.435738,-0.00990021,-0.106606,-0.0406237,0.15664,0.145206,0.0160649,-0.15154,0.130825,-0.143176,0.230051,0.42759,0.214245,0.423468,True,True
4.645,-3.17448e-18,0,-5.8435e-06,0.0398481,-0.153656,0.0960434,-0.628361,-0.0113236,-0.493108,1.06415,0.0208594,-15.0472,-0.435787,-0.00953578,-0.10646,-0.0398481,0.153656,0.142411,-3.17448e-18,0,5.40835e-06,0.0398481,-0.153656,-1.03065,-0.628361,-0.0113236,-0.492759,1.06415,0.0208594,-15.0486,-0.435787,-0.00953578,-0.10646,-0.0398481,0.153656,0.142424,0.0145198,-0.149864,0.128433,-0.140345,0.229748,0.427512,0.214245,0.423468,True,True
4.65,-3.17448e-18,0,-4.72727e-06,0.0390872,-0.15073,0.104911,-0.628417,-0.0108858,-0.493153,1.06425,0.0200708,-15.0476,-0.435834,-0.00918495,-0.106321,-0.0390872,0.15073,0.139681,-3.17448e-18,0,4.25291e-06,0.0390872,-0.15073,-1.02177,-0.628417,-0.0108858,-0.492759,1.06425,0.0200708,-15.0492,-0.435834,-0.00918495,-0.106321,-0.0390872,0.15073,0.139696,0.0130019,-0.148222,0.126082,-0.137572,0.229452,0.427436,0.214245,0.423468,True,True
4.655,-3.17448e-18,0,-3.66863e-06,0.0383408,-0.147859,0.113613,-0.62847,-0.0104648,-0.493197,1.06435,0.0193121,-15.0481,-0.435879,-0.00884723,-0.10619,-0.0383408,0.147859,0.137004,-3.17448e-18,0,3.16295e-06,0.0383408,-0.147859,-1.01306,-0.62847,-0.0104648,-0.492762,1.06435,0.0193121,-15.0498,-0.435879,-0.00884723,-0.10619,-0.0383408,0.147859,0.13702,0.0115107,-0.146615,0.123772,-0.134856,0.229161,0.427361,0.214245,0.423468,True,True
4.66,-3.17448e-18,0,-2.65753e-06,0.0376086,-0.145042,0.122154,-0.628521,-0.01006,-0.493238,1.06444,0.0185821,-15.0486,-0.435922,-0.00852211,-0.106065,-0.0376086,0.145042,0.134378,-3.17448e-18,0,2.12925e-06,0.0376086,-0.145042,-1.00451,-0.628521,-0.01006,-0.492768,1.06444,0.0185821,-15.0504,-0.435922,-0.00852211,-0.106066,-0.0376086,0.145042,0.134395,0.0100459,-0.145042,0.121503,-0.132195,0.228876,0.427287,0.214245,0.423468,True,True
4.665,-3.17448e-18,-3.85186e-32,-1.68765e-06,0.0368904,-0.142279,0.130538,-0.628571,-0.00967072,-0.493276,1.06453,0.0178799,-15.049,-0.435964,-0.00820913,-0.105948,-0.0368904,0.142279,0.131804,-3.17448e-18,-3.85186e-32,1.14547e-06,0.0368904,-0.142279,-0.996116,-0.628571,-0.00967072,-0.492777,1.06453,0.0178799,-15.051,-0.435964,-0.00820913,-0.105948,-0.0368904,0.142279,0.131821,0.0086072,-0.143501,0.119274,-0.129588,0.228596,0.427215,0.214245,0.423468,True,True
4.67,-3.17448e-18,0,-7.55271e-07,0.0361858,-0.139568,0.138767,-0.628618,-0.00929638,-0.493311,1.06462,0.0172042,-15.0494,-0.436004,-0.00790783,-0.105837,-0.0361858,0.139568,0.129279,-3.17448e-18,0,2.07291e-07,0.0361858,-0.139568,-0.987875,-0.628618,-0.00929638,-0.492789,1.06462,0.0172042,-15.0515,-0.436004,-0.00790783,-0.105837,-0.0361858,0.139568,0.129297,0.00719424,-0.141993,0.117083,-0.127034,0.228321,0.427145,0.214245,0.423468,True,True
4.675,-3.17448e-18,3.85186e-32,1.41583e-07,0.0354947,-0.136909,0.146846,-0.628664,-0.0089364,-0.493344,1.06471,0.0165542,-15.0499,-0.436043,-0.00761776,-0.105731,-0.0354947,0.136909,0.126804,-3.17448e-18,3.85186e-32,-6.88165e-07,0.0354947,-0.136909,-0.979783,-0.628664,-0.0089364,-0.492805,1.06471,0.0165542,-15.052,-0.436043,-0.00761776,-0.105732,-0.0354947,0.136909,0.126822,0.00580671,-0.140516,0.114932,-0.124532,0.228052,0.427075,0.214245,0.423468,True,True
4.68,-3.17448e-18,0,1.00377e-06,0.0348167,-0.1343,0.154777,-0.628707,-0.00859024,-0.493373,1.06479,0.0159288,-15.0503,-0.43608,-0.00733852,-0.105632,-0.0348167,0.1343,0.124376,-3.17448e-18,0,-1.54281e-06,0.0348167,-0.1343,-0.97184,-0.628707,-0.00859024,-0.492823,1.06479,0.0159288,-15.0525,-0.43608,-0.00733852,-0.105632,-0.0348167,0.1343,0.124395,0.00444429,-0.139069,0.112818,-0.12208,0.227788,0.427007,0.214245,0.423468,True,True
4.685,-3.17448e-18,0,1.8315e-06,0.0341517,-0.131741,0.162562,-0.628749,-0.00825735,-0.4934,1.06487,0.015327,-15.0507,-0.436116,-0.00706969,-0.105537,-0.0341517,0.131741,0.121996,-3.17448e-18,0,-2.35796e-06,0.0341517,-0.131741,-0.964041,-0.628749,-0.00825735,-0.492844,1.06487,0.015327,-15.0529,-0.436116,-0.00706969,-0.105537,-0.0341517,0.131741,0.122014,0.00310665,-0.137652,0.110741,-0.119678,0.227529,0.42694,0.214245,0.423468,True,True
4.69,-3.17448e-18,-3.85186e-32,2.62467e-06,0.0334993,-0.12923,0.170203,-0.62879,-0.00793724,-0.493424,1.06494,0.0147481,-15.0512,-0.436151,-0.00681087,-0.105447,-0.0334993,0.12923,0.119662,-3.17448e-18,-3.85186e-32,-3.13454e-06,0.0334993,-0.12923,-0.956386,-0.62879,-0.00793724,-0.492867,1.06494,0.0147481,-15.0534,-0.436151,-0.00681087,-0.105447,-0.0334993,0.12923,0.11968,0.00179347,-0.136264,0.108701,-0.117325,0.227275,0.426874,0.214245,0.423468,True,True
4.695,-3.17448e-18,0,3.38304e-06,0.0328594,-0.126768,0.177703,-0.628829,-0.00762941,-0.493446,1.06501,0.0141911,-15.0516,-0.436184,-0.00656171,-0.105361,-0.0328594,0.126768,0.117373,-3.17448e-18,0,-3.8733e-06,0.0328594,-0.126768,-0.948872,-0.628829,-0.00762941,-0.492892,1.06501,0.0141911,-15.0538,-0.436184,-0.00656171,-0.105361,-0.0328594,0.126768,0.11739,0.000504402,-0.134905,0.106697,-0.115019,0.227025,0.42681,0.214245,0.423468,True,True
4.7,-3.17448e-18,3.85186e-32,4.10644e-06,0.0322316,-0.124352,0.185063,-0.628866,-0.00733339,-0.493467,1.06508,0.0136552,-15.052,-0.436217,-0.00632182,-0.105279,-0.0322316,0.124352,0.115128,-3.17448e-18,3.85186e-32,-4.57489e-06,0.0322316,-0.124352,-0.941498,-0.628866,-0.00733339,-0.492919,1.06508,0.0136552,-15.0541,-0.436217,-0.00632182,-0.105279,-0.0322316,0.124352,0.115144,-0.000760901,-0.133572,0.104729,-0.112759,0.226781,0.426747,0.214245,0.423468,True,True
4.705,-3.17448e-18,0,4.79478e-06,0.0316159,-0.121981,0.192287,-0.628902,-0.00704872,-0.493485,1.06515,0.0131396,-15.0524,-0.436248,-0.00609087,-0.105201,-0.0316159,0.121981,0.112926,-3.17448e-18,0,-5.23998e-06,0.0316159,-0.121981,-0.93426,-0.628902,-0.00704872,-0.492946,1.06515,0.0131396,-15.0545,-0.436248,-0.00609087,-0.105201,-0.0316159,0.121981,0.112942,-0.00200279,-0.132267,0.102795,-0.110546,0.226541,0.426684,0.214245,0.423468,True,True
4.71,-3.17448e-18,0,5.44815e-06,0.0310118,-0.119656,0.199375,-0.628937,-0.00677498,-0.493502,1.06521,0.0126435,-15.0528,-0.436278,-0.00586851,-0.105126,-0.0310118,0.119656,0.110767,-3.17448e-18,0,-5.86926e-06,0.0310118,-0.119656,-0.927158,-0.628937,-0.00677498,-0.492975,1.06521,0.0126435,-15.0548,-0.436278,-0.00586851,-0.105126,-0.0310118,0.119656,0.110782,-0.00322164,-0.130987,0.100896,-0.108376,0.226306,0.426624,0.214245,0.423468,True,True
4.715,-3.17448e-18,0,6.06678e-06,0.0304193,-0.117376,0.206331,-0.62897,-0.00651175,-0.493518,1.06528,0.0121662,-15.0531,-0.436306,-0.00565443,-0.105054,-0.0304193,0.117376,0.108649,-3.17448e-18,0,-6.46348e-06,0.0304193,-0.117376,-0.920189,-0.62897,-0.00651175,-0.493004,1.06528,0.0121662,-15.0552,-0.436306,-0.00565443,-0.105054,-0.0304193,0.117376,0.108664,-0.0044178,-0.129733,0.0990308,-0.106251,0.226075,0.426564,0.214245,0.423468,True,True
4.72,-3.17448e-18,0,6.65111e-06,0.0298381,-0.115138,0.213156,-0.629002,-0.00625861,-0.493533,1.06534,0.0117069,-15.0535,-0.436334,-0.00544831,-0.104985,-0.0298381,0.115138,0.106572,-3.17448e-18,0,-7.02348e-06,0.0298381,-0.115138,-0.913351,-0.629002,-0.00625861,-0.493034,1.06534,0.0117069,-15.0555,-0.436334,-0.00544831,-0.104985,-0.0298381,0.115138,0.106586,-0.00559165,-0.128504,0.0971988,-0.104168,0.225849,0.426505,0.214245,0.423468,True,True
4.725,-3.17448e-18,0,7.2017e-06,0.0292679,-0.112943,0.219852,-0.629032,-0.0060152,-0.493547,1.06539,0.0112651,-15.0539,-0.436361,-0.00524986,-0.104918,-0.0292679,0.112943,0.104534,-3.17448e-18,0,-7.55014e-06,0.0292679,-0.112943,-0.906642,-0.629032,-0.0060152,-0.493063,1.06539,0.0112651,-15.0558,-0.436361,-0.00524986,-0.104919,-0.0292679,0.112943,0.104548,-0.00674356,-0.127299,0.0953995,-0.102127,0.225627,0.426448,0.214245,0.423468,True,True
4.73,-3.17448e-18,-3.85186e-32,7.71926e-06,0.0287086,-0.11079,0.226421,-0.629062,-0.00578112,-0.49356,1.06545,0.0108399,-15.0542,-0.436387,-0.00505878,-0.104855,-0.0287086,0.11079,0.102536,-3.17448e-18,-3.85186e-32,-8.04442e-06,0.0287086,-0.11079,-0.90006,-0.629062,-0.00578112,-0.493093,1.06545,0.0108399,-15.0561,-0.436387,-0.00505878,-0.104855,-0.0287086,0.11079,0.102549,-0.00787389,-0.126117,0.0936324,-0.100126,0.225409,0.426391,0.214245,0.423468,True,True
4.735,-3.17448e-18,0,8.20462e-06,0.02816,-0.108678,0.232866,-0.62909,-0.00555604,-0.493572,1.0655,0.0104308,-15.0545,-0.436411,-0.0048748,-0.104793,-0.02816,0.108678,0.100576,-3.17448e-18,0,-8.50732e-06,0.02816,-0.108678,-0.893602,-0.62909,-0.00555604,-0.493123,1.0655,0.0104308,-15.0563,-0.436411,-0.0048748,-0.104793,-0.02816,0.108678,0.100588,-0.00898303,-0.124959,0.091897,-0.0981664,0.225196,0.426336,0.214245,0.423468,True,True
4.74,-3.17448e-18,3.85186e-32,8.65869e-06,0.0276219,-0.106605,0.239189,-0.629118,-0.00533959,-0.493584,1.06555,0.0100373,-15.0549,-0.436435,-0.00469766,-0.104734,-0.0276219,0.106605,0.098654,-3.17448e-18,3.85186e-32,-8.93988e-06,0.0276219,-0.106605,-0.887267,-0.629118,-0.00533959,-0.493152,1.06555,0.0100373,-15.0566,-0.436435,-0.00469766,-0.104734,-0.0276219,0.106605,0.0986654,-0.0100714,-0.123823,0.0901927,-0.0962456,0.224986,0.426281,0.214245,0.423468,True,True
4.745,-3.17448e-18,0,9.08245e-06,0.027094,-0.104573,0.245392,-0.629144,-0.00513146,-0.493595,1.0656,0.00965855,-15.0552,-0.436458,-0.00452709,-0.104676,-0.027094,0.104573,0.0967684,-3.17448e-18,0,-9.34317e-06,0.027094,-0.104573,-0.881053,-0.629144,-0.00513146,-0.493182,1.0656,0.00965855,-15.0568,-0.436458,-0.00452709,-0.104677,-0.027094,0.104573,0.0967791,-0.0111392,-0.122709,0.088519,-0.0943632,0.224781,0.426228,0.214245,0.423468,True,True
4.75,-3.17448e-18,0,9.47695e-06,0.0265761,-0.102579,0.251476,-0.629169,-0.00493133,-0.493606,1.06565,0.00929418,-15.0555,-0.436481,-0.00436284,-0.104621,-0.0265761,0.102579,0.0949189,-3.17448e-18,0,-9.71828e-06,0.0265761,-0.102579,-0.874958,-0.629169,-0.00493133,-0.49321,1.06565,0.00929418,-15.0571,-0.436481,-0.00436284,-0.104621,-0.0265761,0.102579,0.0949289,-0.012187,-0.121617,0.0868754,-0.0925184,0.224579,0.426176,0.214245,0.423468,True,True
4.755,-3.17448e-18,0,9.84325e-06,0.0260682,-0.100623,0.257445,-0.629193,-0.00473889,-0.493617,1.0657,0.00894358,-15.0558,-0.436502,-0.00420469,-0.104568,-0.0260682,0.100623,0.0931047,-3.17448e-18,0,-1.00663e-05,0.0260682,-0.100623,-0.868978,-0.629193,-0.00473889,-0.493239,1.0657,0.00894358,-15.0573,-0.436502,-0.00420469,-0.104568,-0.0260682,0.100623,0.0931141,-0.013215,-0.120547,0.0852614,-0.0907105,0.224381,0.426124,0.214245,0.423468,True,True
4.76,-3.17448e-18,0,1.01824e-05,0.0255699,-0.098704,0.2633,-0.629216,-0.00455384,-0.493627,1.06574,0.00860625,-15.0561,-0.436523,-0.0040524,-0.104516,-0.0255699,0.098704,0.0913252,-3.17448e-18,0,-1.03883e-05,0.0255699,-0.098704,-0.863113,-0.629216,-0.00455384,-0.493266,1.06574,0.00860625,-15.0575,-0.436523,-0.0040524,-0.104516,-0.0255699,0.098704,0.091334,-0.0142237,-0.119497,0.0836765,-0.0889387,0.224187,0.426074,0.214245,0.423468,True,True
4.765,-3.17448e-18,-3.85186e-32,1.04956e-05,0.0250811,-0.0968217,0.269043,-0.629239,-0.00437591,-0.493638,1.06578,0.00828167,-15.0563,-0.436543,-0.00390576,-0.104466,-0.0250811,0.0968217,0.0895797,-3.17448e-18,-3.85186e-32,-1.06854e-05,0.0250811,-0.0968217,-0.85736,-0.629239,-0.00437591,-0.493294,1.06578,0.00828167,-15.0577,-0.436543,-0.00390576,-0.104466,-0.0250811,0.0968217,0.0895879,-0.0152134,-0.118467,0.0821203,-0.0872023,0.223997,0.426025,0.214245,0.423468,True,True
4.77,-3.17448e-18,0,1.07839e-05,0.0246017,-0.0949752,0.274677,-0.62926,-0.00420482,-0.493648,1.06582,0.00796936,-15.0566,-0.436562,-0.00376454,-0.104418,-0.0246017,0.0949752,0.0878675,-3.17448e-18,0,-1.09587e-05,0.0246017,-0.0949752,-0.851717,-0.62926,-0.00420482,-0.49332,1.06582,0.00796936,-15.0579,-0.436562,-0.00376454,-0.104418,-0.0246017,0.0949752,0.0878752,-0.0161844,-0.117457,0.0805921,-0.0855004,0.223811,0.425976,0.214245,0.423468,True,True
4.775,-3.17448e-18,3.85186e-32,1.10484e-05,0.0241314,-0.093164,0.280203,-0.629281,-0.00404031,-0.493657,1.06586,0.00766886,-15.0569,-0.43658,-0.00362855,-0.104371,-0.0241314,0.093164,0.086188,-3.17448e-18,3.85186e-32,-1.12091e-05,0.0241314,-0.093164,-0.846182,-0.629281,-0.00404031,-0.493346,1.06586,0.00766886,-15.0581,-0.43658,-0.00362855,-0.104371,-0.0241314,0.093164,0.0861952,-0.0171371,-0.116467,0.0790917,-0.0838325,0.223628,0.425928,0.214245,0.423468,True,True
4.78,-3.17448e-18,-3.85186e-32,1.12901e-05,0.0236701,-0.0913872,0.285623,-0.6293,-0.00388214,-0.493667,1.0659,0.00737973,-15.0571,-0.436598,-0.00349759,-0.104326,-0.0236701,0.0913872,0.0845406,-3.17448e-18,-3.85186e-32,-1.14378e-05,0.0236701,-0.0913872,-0.840753,-0.6293,-0.00388214,-0.493372,1.0659,0.00737973,-15.0583,-0.436598,-0.00349759,-0.104326,-0.0236701,0.0913872,0.0845473,-0.0180719,-0.115496,0.0776184,-0.0821978,0.223448,0.425882,0.214245,0.423468,True,True
4.785,-3.17448e-18,0,1.15101e-05,0.0232175,-0.0896443,0.290939,-0.629319,-0.00373005,-0.493677,1.06593,0.00710152,-15.0574,-0.436615,-0.00337147,-0.104282,-0.0232175,0.0896443,0.0829246,-3.17448e-18,0,-1.16457e-05,0.0232175,-0.0896443,-0.835428,-0.629319,-0.00373005,-0.493396,1.06593,0.00710152,-15.0585,-0.436615,-0.00337147,-0.104282,-0.0232175,0.0896443,0.0829308,-0.018989,-0.114544,0.0761719,-0.0805955,0.223272,0.425836,0.214245,0.423468,True,True
4.79,-3.17448e-18,3.85186e-32,1.17094e-05,0.0227736,-0.0879345,0.296154,-0.629338,-0.00358381,-0.493686,1.06597,0.00683383,-15.0576,-0.436632,-0.00325001,-0.104239,-0.0227736,0.0879345,0.0813394,-3.17448e-18,3.85186e-32,-1.18337e-05,0.0227736,-0.0879345,-0.830206,-0.629338,-0.00358381,-0.493421,1.06597,0.00683383,-15.0586,-0.436632,-0.00325001,-0.104239,-0.0227736,0.0879345,0.0813452,-0.0198888,-0.11361,0.0747517,-0.0790252,0.223099,0.425791,0.214245,0.423468,True,True
4.795,-3.17448e-18,0,1.1889e-05,0.0223382,-0.0862574,0.301269,-0.629355,-0.00344321,-0.493696,1.066,0.00657625,-15.0578,-0.436648,-0.00313304,-0.104198,-0.0223382,0.0862574,0.0797845,-3.17448e-18,0,-1.20029e-05,0.0223382,-0.0862574,-0.825083,-0.629355,-0.00344321,-0.493444,1.066,0.00657625,-15.0588,-0.436648,-0.00313304,-0.104198,-0.0223382,0.0862574,0.0797899,-0.0207716,-0.112694,0.0733573,-0.077486,0.22293,0.425747,0.214245,0.423468,True,True
4.8,-3.17448e-18,0,1.20498e-05,0.021911,-0.0846122,0.306286,-0.629372,-0.00330803,-0.493705,1.06604,0.00632842,-15.058,-0.436663,-0.00302039,-0.104159,-0.021911,0.0846122,0.0782593,-3.17448e-18,0,-1.21541e-05,0.021911,-0.0846122,-0.820059,-0.629372,-0.00330803,-0.493467,1.06604,0.00632842,-15.059,-0.436663,-0.00302039,-0.104159,-0.021911,0.0846122,0.0782642,-0.0216377,-0.111796,0.0719883,-0.0759774,0.222764,0.425704,0.214245,0.423468,True,True
4.805,-3.17448e-18,0,1.21928e-05,0.021492,-0.0829984,0.311207,-0.629388,-0.00317806,-0.493715,1.06607,0.00608994,-15.0582,-0.436678,-0.00291189,-0.10412,-0.021492,0.0829984,0.0767631,-3.17448e-18,0,-1.22882e-05,0.021492,-0.0829984,-0.815131,-0.629388,-0.00317806,-0.49349,1.06607,0.00608994,-15.0591,-0.436678,-0.00291189,-0.10412,-0.021492,0.0829984,0.0767677,-0.0224875,-0.110915,0.0706442,-0.0744987,0.222601,0.425661,0.214245,0.423468,True,True
4.81,-3.17448e-18,0,1.23189e-05,0.0210811,-0.0814154,0.316034,-0.629404,-0.00305309,-0.493724,1.0661,0.00586048,-15.0584,-0.436692,-0.00280739,-0.104083,-0.0210811,0.0814154,0.0752955,-3.17448e-18,0,-1.24061e-05,0.0210811,-0.0814154,-0.810297,-0.629404,-0.00305309,-0.493512,1.0661,0.00586048,-15.0593,-0.436692,-0.00280739,-0.104083,-0.0210811,0.0814154,0.0752998,-0.0233213,-0.110051,0.0693247,-0.0730494,0.222441,0.425619,0.214245,0.423468,True,True
4.815,-3.17448e-18,0,1.24289e-05,0.0206779,-0.0798625,0.320769,-0.629419,-0.00293295,-0.493733,1.06612,0.00563969,-15.0586,-0.436706,-0.00270674,-0.104047,-0.0206779,0.0798625,0.0738559,-3.17448e-18,0,-1.25085e-05,0.0206779,-0.0798625,-0.805557,-0.629419,-0.00293295,-0.493533,1.06612,0.00563969,-15.0594,-0.436706,-0.00270674,-0.104047,-0.0206779,0.0798625,0.0738598,-0.0241393,-0.109204,0.0680293,-0.0716287,0.222284,0.425579,0.214245,0.423468,True,True
4.82,-3.17448e-18,0,1.25236e-05,0.0202824,-0.0783393,0.325412,-0.629433,-0.00281744,-0.493742,1.06615,0.00542724,-15.0588,-0.436719,-0.0026098,-0.104012,-0.0202824,0.0783393,0.0724437,-3.17448e-18,0,-1.25963e-05,0.0202824,-0.0783393,-0.800907,-0.629433,-0.00281744,-0.493553,1.06615,0.00542724,-15.0595,-0.436719,-0.0026098,-0.104012,-0.0202824,0.0783393,0.0724474,-0.0249419,-0.108373,0.0667576,-0.0702363,0.22213,0.425538,0.214245,0.423468,True,True
4.825,-3.17448e-18,-3.85186e-32,1.26038e-05,0.0198945,-0.0768451,0.329967,-0.629447,-0.00270639,-0.493751,1.06618,0.00522282,-15.059,-0.436732,-0.00251642,-0.103978,-0.0198945,0.0768451,0.0710585,-3.17448e-18,-3.85186e-32,-1.26701e-05,0.0198945,-0.0768451,-0.796346,-0.629447,-0.00270639,-0.493574,1.06618,0.00522282,-15.0597,-0.436732,-0.00251642,-0.103978,-0.0198945,0.0768451,0.0710619,-0.0257293,-0.107558,0.0655091,-0.0688713,0.221979,0.425499,0.214245,0.423468,True,True
4.83,-3.17448e-18,0,1.26704e-05,0.019514,-0.0753794,0.334435,-0.62946,-0.00259963,-0.49376,1.0662,0.00502612,-15.0591,-0.436744,-0.00242648,-0.103945,-0.019514,0.0753794,0.0696997,-3.17448e-18,0,-1.27308e-05,0.019514,-0.0753794,-0.791873,-0.62946,-0.00259963,-0.493593,1.0662,0.00502612,-15.0598,-0.436744,-0.00242648,-0.103945,-0.019514,0.0753794,0.0697028,-0.0265019,-0.106759,0.0642836,-0.0675334,0.221831,0.42546,0.214245,0.423468,True,True
4.835,-3.17448e-18,3.85186e-32,1.27239e-05,0.0191407,-0.0739417,0.338817,-0.629473,-0.002497,-0.493769,1.06623,0.00483684,-15.0593,-0.436756,-0.00233985,-0.103913,-0.0191407,0.0739417,0.0683668,-3.17448e-18,3.85186e-32,-1.27789e-05,0.0191407,-0.0739417,-0.787486,-0.629473,-0.002497,-0.493612,1.06623,0.00483684,-15.0599,-0.436756,-0.00233985,-0.103913,-0.0191407,0.0739417,0.0683696,-0.0272599,-0.105975,0.0630805,-0.0662219,0.221686,0.425423,0.214245,0.423468,True,True
4.84,-3.17448e-18,0,1.27652e-05,0.0187746,-0.0725314,0.343115,-0.629485,-0.00239833,-0.493778,1.06625,0.00465472,-15.0595,-0.436768,-0.0022564,-0.103883,-0.0187746,0.0725314,0.0670593,-3.17448e-18,0,-1.28152e-05,0.0187746,-0.0725314,-0.783182,-0.629485,-0.00239833,-0.493631,1.06625,0.00465472,-15.06,-0.436768,-0.0022564,-0.103883,-0.0187746,0.0725314,0.0670619,-0.0280036,-0.105206,0.0618995,-0.0649364,0.221543,0.425385,0.214245,0.423468,True,True
4.845,-3.17448e-18,0,1.27948e-05,0.0184154,-0.071148,0.347331,-0.629497,-0.00230347,-0.493787,1.06628,0.00447948,-15.0596,-0.436779,-0.00217601,-0.103853,-0.0184154,0.071148,0.0657767,-3.17448e-18,0,-1.28403e-05,0.0184154,-0.071148,-0.778962,-0.629497,-0.00230347,-0.493649,1.06628,0.00447948,-15.0602,-0.436779,-0.00217601,-0.103853,-0.0184154,0.071148,0.0657792,-0.0287332,-0.104452,0.0607402,-0.0636762,0.221404,0.425349,0.214245,0.423468,True,True
4.85,-3.17448e-18,0,1.28135e-05,0.0180631,-0.069791,0.351466,-0.629508,-0.00221228,-0.493796,1.0663,0.00431085,-15.0597,-0.43679,-0.00209857,-0.103824,-0.0180631,0.069791,0.0645186,-3.17448e-18,0,-1.28547e-05,0.0180631,-0.069791,-0.774822,-0.629508,-0.00221228,-0.493667,1.0663,0.00431085,-15.0603,-0.43679,-0.00209857,-0.103824,-0.0180631,0.069791,0.0645209,-0.0294491,-0.103713,0.0596023,-0.0624409,0.221267,0.425313,0.214245,0.423468,True,True
4.855,-3.17448e-18,-3.85186e-32,1.28218e-05,0.0177175,-0.06846,0.355522,-0.629519,-0.00212462,-0.493805,1.06632,0.00414859,-15.0599,-0.4368,-0.00202397,-0.103796,-0.0177175,0.06846,0.0632845,-3.17448e-18,-3.85186e-32,-1.28591e-05,0.0177175,-0.06846,-0.770762,-0.629519,-0.00212462,-0.493684,1.06632,0.00414859,-15.0604,-0.4368,-0.00202397,-0.103796,-0.0177175,0.06846,0.0632866,-0.0301514,-0.102988,0.0584853,-0.06123,0.221132,0.425278,0.214245,0.423468,True,True
4.86,-3.17448e-18,0,1.28203e-05,0.0173785,-0.0671543,0.359501,-0.62953,-0.00204036,-0.493814,1.06634,0.00399246,-15.06,-0.43681,-0.0019521,-0.103769,-0.0173785,0.0671543,0.0620739,-3.17448e-18,0,-1.28541e-05,0.0173785,-0.0671543,-0.766779,-0.62953,-0.00204036,-0.4937,1.06634,0.00399246,-15.0605,-0.43681,-0.0019521,-0.103769,-0.0173785,0.0671543,0.0620758,-0.0308405,-0.102277,0.0573888,-0.060043,0.221,0.425244,0.214245,0.423468,True,True
4.865,-3.17448e-18,3.85186e-32,1.28095e-05,0.0170459,-0.0658736,0.363403,-0.62954,-0.00195936,-0.493822,1.06636,0.00384223,-15.0601,-0.436819,-0.00188287,-0.103743,-0.0170459,0.0658736,0.0608864,-3.17448e-18,3.85186e-32,-1.28401e-05,0.0170459,-0.0658736,-0.762873,-0.62954,-0.00195936,-0.493717,1.06636,0.00384223,-15.0606,-0.436819,-0.00188287,-0.103743,-0.0170459,0.0658736,0.0608881,-0.0315166,-0.101579,0.0563126,-0.0588794,0.220871,0.42521,0.214245,0.423468,True,True
4.87,-3.17448e-18,0,1.279e-05,0.0167197,-0.0646174,0.36723,-0.629549,-0.0018815,-0.493831,1.06638,0.00369766,-15.0603,-0.436829,-0.00181616,-0.103718,-0.0167197,0.0646174,0.0597215,-3.17448e-18,0,-1.28177e-05,0.0167197,-0.0646174,-0.759042,-0.629549,-0.0018815,-0.493732,1.06638,0.00369766,-15.0607,-0.436829,-0.00181616,-0.103718,-0.0167197,0.0646174,0.0597231,-0.0321799,-0.100895,0.0552563,-0.0577387,0.220744,0.425177,0.214245,0.423468,True,True
4.875,-3.17448e-18,0,1.27624e-05,0.0163998,-0.0633851,0.370985,-0.629558,-0.00180665,-0.493839,1.0664,0.00355855,-15.0604,-0.436838,-0.0017519,-0.103693,-0.0163998,0.0633851,0.0585789,-3.17448e-18,0,-1.27873e-05,0.0163998,-0.0633851,-0.755284,-0.629558,-0.00180665,-0.493748,1.0664,0.00355855,-15.0608,-0.436838,-0.0017519,-0.103693,-0.0163998,0.0633851,0.0585803,-0.0328307,-0.100224,0.0542195,-0.0566205,0.22062,0.425144,0.214245,0.423468,True,True
4.88,-3.17448e-18,0,1.2727e-05,0.0160859,-0.0621764,0.374667,-0.629567,-0.00173471,-0.493848,1.06641,0.0034247,-15.0605,-0.436846,-0.00168998,-0.103669,-0.0160859,0.0621764,0.057458,-3.17448e-18,0,-1.27494e-05,0.0160859,-0.0621764,-0.751598,-0.629567,-0.00173471,-0.493763,1.06641,0.0034247,-15.0608,-0.436846,-0.00168998,-0.103669,-0.0160859,0.0621764,0.0574593,-0.0334692,-0.0995665,0.0532018,-0.0555242,0.220498,0.425112,0.214245,0.423468,True,True
4.885,-3.17448e-18,0,1.26843e-05,0.015778,-0.0609907,0.378279,-0.629576,-0.00166556,-0.493856,1.06643,0.00329589,-15.0606,-0.436854,-0.00163033,-0.103647,-0.015778,0.0609907,0.0563585,-3.17448e-18,0,-1.27045e-05,0.015778,-0.0609907,-0.747983,-0.629576,-0.00166556,-0.493777,1.06643,0.00329589,-15.0609,-0.436854,-0.00163033,-0.103647,-0.015778,0.0609907,0.0563597,-0.0340957,-0.0989212,0.052203,-0.0544496,0.220378,0.425081,0.214245,0.423468,True,True
4.89,-3.17448e-18,0,1.26348e-05,0.015476,-0.0598278,0.381822,-0.629584,-0.0015991,-0.493865,1.06645,0.00317195,-15.0607,-0.436862,-0.00157285,-0.103624,-0.015476,0.0598278,0.0552799,-3.17448e-18,0,-1.2653e-05,0.015476,-0.0598278,-0.744437,-0.629584,-0.0015991,-0.493792,1.06645,0.00317195,-15.061,-0.436862,-0.00157285,-0.103624,-0.015476,0.0598278,0.055281,-0.0347104,-0.0982884,0.0512226,-0.0533961,0.220261,0.42505,0.214245,0.423468,True,True
4.895,-3.17448e-18,-3.85186e-32,1.2579e-05,0.0151797,-0.058687,0.385297,-0.629592,-0.00153521,-0.493873,1.06646,0.00305268,-15.0608,-0.43687,-0.00151747,-0.103603,-0.0151797,0.058687,0.0542219,-3.17448e-18,-3.85186e-32,-1.25952e-05,0.0151797,-0.058687,-0.740959,-0.629592,-0.00153521,-0.493805,1.06646,0.00305268,-15.0611,-0.43687,-0.00151747,-0.103603,-0.0151797,0.058687,0.0542229,-0.0353134,-0.0976678,0.0502605,-0.0523633,0.220145,0.42502,0.214245,0.423468,True,True
4.9,-3.17448e-18,0,1.25171e-05,0.0148891,-0.0575681,0.388705,-0.629599,-0.00147381,-0.493881,1.06648,0.00293792,-15.0609,-0.436878,-0.0014641,-0.103582,-0.0148891,0.0575681,0.0531841,-3.17448e-18,0,-1.25317e-05,0.0148891,-0.0575681,-0.737547,-0.629599,-0.00147381,-0.493819,1.06648,0.00293792,-15.0612,-0.436878,-0.0014641,-0.103582,-0.0148891,0.0575681,0.053185,-0.0359051,-0.0970591,0.0493161,-0.0513508,0.220032,0.42499,0.214245,0.423468,True,True
4.905,-3.17448e-18,3.85186e-32,1.24497e-05,0.014604,-0.0564705,0.392048,-0.629606,-0.0014148,-0.49389,1.06649,0.00282748,-15.061,-0.436885,-0.00141268,-0.103562,-0.014604,0.0564705,0.052166,-3.17448e-18,3.85186e-32,-1.24627e-05,0.014604,-0.0564705,-0.734201,-0.629606,-0.0014148,-0.493832,1.06649,0.00282748,-15.0612,-0.436885,-0.00141268,-0.103562,-0.014604,0.0564705,0.0521668,-0.0364856,-0.0964621,0.0483894,-0.0503582,0.219922,0.424961,0.214245,0.423468,True,True
4.91,-3.17448e-18,-3.85186e-32,1.23769e-05,0.0143244,-0.0553939,0.395328,-0.629613,-0.00135808,-0.493898,1.06651,0.00272121,-15.0611,-0.436892,-0.00136313,-0.103542,-0.0143244,0.0553939,0.0511674,-3.17448e-18,-3.85186e-32,-1.23885e-05,0.0143244,-0.0553939,-0.730919,-0.629613,-0.00135808,-0.493845,1.06651,0.00272121,-15.0613,-0.436892,-0.00136313,-0.103542,-0.0143244,0.0553939,0.0511681,-0.0370551,-0.0958766,0.0474798,-0.0493851,0.219813,0.424933,0.214245,0.423468,True,True
4.915,-3.17448e-18,-3.85186e-32,1.22993e-05,0.0140501,-0.0543379,0.398544,-0.62962,-0.00130358,-0.493906,1.06652,0.00261895,-15.0612,-0.436898,-0.00131537,-0.103524,-0.0140501,0.0543379,0.0501877,-3.17448e-18,-3.85186e-32,-1.23096e-05,0.0140501,-0.0543379,-0.7277,-0.62962,-0.00130358,-0.493857,1.06652,0.00261895,-15.0614,-0.436898,-0.00131537,-0.103524,-0.0140501,0.0543379,0.0501884,-0.0376139,-0.0953024,0.0465871,-0.048431,0.219706,0.424905,0.214245,0.423468,True,True
4.92,-3.17448e-18,3.85186e-32,1.22172e-05,0.013781,-0.0533021,0.401699,-0.629626,-0.00125119,-0.493914,1.06653,0.00252055,-15.0613,-0.436905,-0.00126936,-0.103505,-0.013781,0.0533021,0.0492267,-3.17448e-18,3.85186e-32,-1.22263e-05,0.013781,-0.0533021,-0.724543,-0.629626,-0.00125119,-0.49387,1.06653,0.00252055,-15.0615,-0.436905,-0.00126936,-0.103505,-0.013781,0.0533021,0.0492273,-0.0381622,-0.0947392,0.045711,-0.0474957,0.219602,0.424878,0.214245,0.423468,True,True
4.925,-3.17448e-18,3.85186e-32,1.21307e-05,0.0135171,-0.0522861,0.404794,-0.629633,-0.00120085,-0.493922,1.06654,0.00242586,-15.0614,-0.436911,-0.00122501,-0.103488,-0.0135171,0.0522861,0.0482841,-3.17448e-18,3.85186e-32,-1.21388e-05,0.0135171,-0.0522861,-0.721446,-0.629633,-0.00120085,-0.493881,1.06654,0.00242586,-15.0615,-0.436911,-0.00122501,-0.103488,-0.0135171,0.0522861,0.0482846,-0.0387001,-0.0941869,0.0448513,-0.0465788,0.219499,0.424851,0.214245,0.423468,True,True
4.93,-3.17448e-18,0,1.20404e-05,0.0132582,-0.0512896,0.40783,-0.629638,-0.00115247,-0.493929,1.06656,0.00233474,-15.0614,-0.436917,-0.00118227,-0.103471,-0.0132582,0.0512896,0.0473594,-3.17448e-18,0,-1.20475e-05,0.0132582,-0.0512896,-0.718408,-0.629638,-0.00115247,-0.493893,1.06656,0.00233474,-15.0616,-0.436917,-0.00118227,-0.103471,-0.0132582,0.0512896,0.0473598,-0.0392278,-0.0936451,0.0440075,-0.0456798,0.219398,0.424824,0.214245,0.423468,True,True
4.935,-3.17448e-18,0,1.19463e-05,0.0130042,-0.0503121,0.410807,-0.629644,-0.00110598,-0.493937,1.06657,0.00224706,-15.0615,-0.436923,-0.00114108,-0.103454,-0.0130042,0.0503121,0.0464523,-3.17448e-18,0,-1.19526e-05,0.0130042,-0.0503121,-0.715428,-0.629644,-0.00110598,-0.493904,1.06657,0.00224706,-15.0616,-0.436923,-0.00114108,-0.103454,-0.0130042,0.0503121,0.0464527,-0.0397456,-0.0931138,0.0431795,-0.0447985,0.219299,0.424798,0.214245,0.423468,True,True
4.94,-3.17448e-18,0,1.18489e-05,0.012755,-0.0493533,0.413728,-0.629649,-0.0010613,-0.493945,1.06658,0.00216268,-15.0616,-0.436929,-0.00110138,-0.103438,-0.012755,0.0493533,0.0455625,-3.17448e-18,0,-1.18544e-05,0.012755,-0.0493533,-0.712506,-0.629649,-0.0010613,-0.493915,1.06658,0.00216268,-15.0617,-0.436929,-0.00110138,-0.103438,-0.012755,0.0493533,0.0455629,-0.0402537,-0.0925928,0.0423669,-0.0439344,0.219203,0.424773,0.214245,0.423468,True,True
4.945,-3.17448e-18,0,1.17484e-05,0.0125107,-0.0484129,0.416593,-0.629655,-0.00101837,-0.493953,1.06659,0.00208148,-15.0617,-0.436934,-0.00106311,-0.103423,-0.0125107,0.0484129,0.0446896,-3.17448e-18,0,-1.17532e-05,0.0125107,-0.0484129,-0.709639,-0.629655,-0.00101837,-0.493926,1.06659,0.00208148,-15.0618,-0.436934,-0.00106311,-0.103423,-0.0125107,0.0484129,0.0446899,-0.0407521,-0.0920817,0.0415695,-0.0430873,0.219108,0.424748,0.214245,0.423468,True,True
4.95,-3.17448e-18,0,1.1645e-05,0.0122709,-0.0474905,0.419403,-0.62966,-0.000977121,-0.49396,1.0666,0.00200335,-15.0617,-0.436939,-0.00102623,-0.103408,-0.0122709,0.0474905,0.0438334,-3.17448e-18,0,-1.16491e-05,0.0122709,-0.0474905,-0.706827,-0.62966,-0.000977121,-0.493936,1.0666,0.00200335,-15.0618,-0.436939,-0.00102623,-0.103408,-0.0122709,0.0474905,0.0438337,-0.0412411,-0.0915805,0.040787,-0.0422567,0.219014,0.424724,0.214245,0.423468,True,True
4.955,-3.17448e-18,0,1.15389e-05,0.0120357,-0.0465857,0.422159,-0.629664,-0.000937483,-0.493968,1.06661,0.00192816,-15.0618,-0.436944,-0.000990678,-0.103393,-0.0120357,0.0465857,0.0429935,-3.17448e-18,0,-1.15425e-05,0.0120357,-0.0465857,-0.704069,-0.629664,-0.000937483,-0.493946,1.06661,0.00192816,-15.0619,-0.436944,-0.000990678,-0.103393,-0.0120357,0.0465857,0.0429937,-0.041721,-0.0910889,0.0400191,-0.0414424,0.218923,0.4247,0.214245,0.423468,True,True
4.96,-3.17448e-18,0,1.14304e-05,0.0118051,-0.0456982,0.424862,-0.629669,-0.000899398,-0.493975,1.06662,0.00185581,-15.0618,-0.436949,-0.000956409,-0.103379,-0.0118051,0.0456982,0.0421695,-3.17448e-18,0,-1.14335e-05,0.0118051,-0.0456982,-0.701364,-0.629669,-0.000899398,-0.493956,1.06662,0.00185581,-15.0619,-0.436949,-0.000956409,-0.103379,-0.0118051,0.0456982,0.0421697,-0.0421917,-0.0906068,0.0392655,-0.040644,0.218833,0.424676,0.214245,0.423468,True,True
4.965,-3.17448e-18,-3.85186e-32,1.13198e-05,0.0115788,-0.0448278,0.427514,-0.629673,-0.000862804,-0.493982,1.06663,0.00178618,-15.0619,-0.436954,-0.000923375,-0.103366,-0.0115788,0.0448278,0.0413613,-3.17448e-18,-3.85186e-32,-1.13224e-05,0.0115788,-0.0448278,-0.69871,-0.629673,-0.000862804,-0.493966,1.06663,0.00178618,-15.062,-0.436954,-0.000923375,-0.103366,-0.0115788,0.0448278,0.0413614,-0.0426536,-0.0901339,0.0385261,-0.0398613,0.218745,0.424653,0.214245,0.423468,True,True
4.97,-3.17448e-18,-3.85186e-32,1.12071e-05,0.0113568,-0.043974,0.430116,-0.629678,-0.000827646,-0.49399,1.06664,0.00171918,-15.062,-0.436958,-0.00089153,-0.103353,-0.0113568,0.043974,0.0405684,-3.17448e-18,-3.85186e-32,-1.12093e-05,0.0113568,-0.043974,-0.696107,-0.629678,-0.000827646,-0.493975,1.06664,0.00171918,-15.062,-0.436958,-0.00089153,-0.103353,-0.0113568,0.043974,0.0405685,-0.0431068,-0.0896701,0.0378005,-0.0390939,0.218659,0.42463,0.214245,0.423468,True,True
4.975,-3.17448e-18,0,1.10926e-05,0.011139,-0.0431366,0.432667,-0.629682,-0.000793867,-0.493997,1.06664,0.0016547,-15.062,-0.436963,-0.00086083,-0.10334,-0.011139,0.0431366,0.0397906,-3.17448e-18,0,-1.10945e-05,0.011139,-0.0431366,-0.693554,-0.629682,-0.000793867,-0.493984,1.06664,0.0016547,-15.0621,-0.436963,-0.00086083,-0.10334,-0.011139,0.0431366,0.0397907,-0.0435514,-0.0892152,0.0370885,-0.0383415,0.218574,0.424608,0.214245,0.423468,True,True
4.98,-3.17448e-18,3.85186e-32,1.09765e-05,0.0109254,-0.0423152,0.43517,-0.629686,-0.000761415,-0.494004,1.06665,0.00159265,-15.0621,-0.436967,-0.000831234,-0.103328,-0.0109254,0.0423152,0.0390276,-3.17448e-18,3.85186e-32,-1.09781e-05,0.0109254,-0.0423152,-0.69105,-0.629686,-0.000761415,-0.493993,1.06665,0.00159265,-15.0621,-0.436967,-0.000831234,-0.103328,-0.0109254,0.0423152,0.0390278,-0.0439876,-0.0887691,0.0363898,-0.0376038,0.218491,0.424586,0.214245,0.423468,True,True
4.985,-3.17448e-18,3.85186e-32,1.08589e-05,0.0107159,-0.0415095,0.437625,-0.629689,-0.000730238,-0.494011,1.06666,0.00153294,-15.0621,-0.436971,-0.0008027,-0.103316,-0.0107159,0.0415095,0.0382792,-3.17448e-18,3.85186e-32,-1.08602e-05,0.0107159,-0.0415095,-0.688594,-0.629689,-0.000730238,-0.494002,1.06666,0.00153294,-15.0622,-0.436971,-0.0008027,-0.103316,-0.0107159,0.0415095,0.0382793,-0.0444156,-0.0883315,0.0357043,-0.0368805,0.21841,0.424565,0.214245,0.423468,True,True
4.99,-3.17448e-18,-3.85186e-32,1.07401e-05,0.0105103,-0.0407193,0.440034,-0.629693,-0.000700287,-0.494018,1.06667,0.00147548,-15.0622,-0.436975,-0.000775189,-0.103305,-0.0105103,0.0407193,0.037545,-3.17448e-18,-3.85186e-32,-1.07411e-05,0.0105103,-0.0407193,-0.686184,-0.629693,-0.000700287,-0.49401,1.06667,0.00147548,-15.0622,-0.436975,-0.000775189,-0.103305,-0.0105103,0.0407193,0.037545,-0.0448356,-0.0879024,0.0350316,-0.0361714,0.21833,0.424544,0.214245,0.423468,True,True
4.995,-3.17448e-18,0,1.06201e-05,0.0103087,-0.0399443,0.442396,-0.629696,-0.000671515,-0.494025,1.06668,0.00142018,-15.0622,-0.436979,-0.000748664,-0.103294,-0.0103087,0.0399443,0.0368247,-3.17448e-18,0,-1.0621e-05,0.0103087,-0.0399443,-0.683821,-0.629696,-0.000671515,-0.494019,1.06668,0.00142018,-15.0622,-0.436979,-0.000748664,-0.103294,-0.0103087,0.0399443,0.0368248,-0.0452476,-0.0874814,0.0343716,-0.0354761,0.218252,0.424524,0.214245,0.423468,True,True
5,-3.17448e-18,3.85186e-32,1.04992e-05,0.0101109,-0.0391841,0.444713,-0.6297,-0.000643877,-0.494032,1.06668,0.00136696,-15.0623,-0.436982,-0.000723088,-0.103283,-0.0101109,0.0391841,0.0361182,-3.17448e-18,3.85186e-32,-1.04998e-05,0.0101109,-0.0391841,-0.681502,-0.6297,-0.000643877,-0.494027,1.06668,0.00136696,-15.0623,-0.436982,-0.000723088,-0.103283,-0.0101109,0.0391841,0.0361182,-0.0456518,-0.0870686,0.0337239,-0.0347944,0.218175,0.424503,0.214245,0.423468,True,True
5.005,-3.17448e-18,0,1.03774e-05,0.00991684,-0.0384384,0.446986,-0.629703,-0.000617328,-0.494039,1.06669,0.00131575,-15.0623,-0.436986,-0.000698426,-0.103273,-0.00991684,0.0384384,0.0354251,-3.17448e-18,0,-1.03779e-05,0.00991684,-0.0384384,-0.679228,-0.629703,-0.000617328,-0.494035,1.06669,0.00131575,-15.0623,-0.436986,-0.000698426,-0.103273,-0.00991684,0.0384384,0.0354251,-0.0460485,-0.0866637,0.0330884,-0.034126,0.218099,0.424484,0.214245,0.423468,True,True
5.01,-3.17448e-18,0,1.02549e-05,0.0097265,-0.0377071,0.449216,-0.629706,-0.000591827,-0.494045,1.0667,0.00126647,-15.0623,-0.436989,-0.000674646,-0.103263,-0.0097265,0.0377071,0.0347452,-3.17448e-18,0,-1.02553e-05,0.0097265,-0.0377071,-0.676997,-0.629706,-0.000591827,-0.494042,1.0667,0.00126647,-15.0624,-0.436989,-0.000674646,-0.103263,-0.0097265,0.0377071,0.0347452,-0.0464376,-0.0862665,0.0324649,-0.0334707,0.218025,0.424464,0.214245,0.423468,True,True
5.015,-3.17448e-18,0,1.01319e-05,0.00953977,-0.0369898,0.451403,-0.629709,-0.000567333,-0.494052,1.0667,0.00121905,-15.0624,-0.436993,-0.000651713,-0.103253,-0.00953977,0.0369898,0.0340782,-3.17448e-18,0,-1.01321e-05,0.00953977,-0.0369898,-0.674809,-0.629709,-0.000567333,-0.49405,1.0667,0.00121905,-15.0624,-0.436993,-0.000651713,-0.103253,-0.00953977,0.0369898,0.0340782,-0.0468194,-0.085877,0.0318531,-0.0328282,0.217953,0.424445,0.214245,0.423468,True,True
5.02,-3.17448e-18,0,1.00083e-05,0.0093566,-0.0362863,0.453548,-0.629711,-0.000543807,-0.494059,1.06671,0.00117341,-15.0624,-0.436996,-0.000629598,-0.103244,-0.0093566,0.0362863,0.0334238,-3.17448e-18,0,-1.00085e-05,0.0093566,-0.0362863,-0.672663,-0.629711,-0.000543807,-0.494057,1.06671,0.00117341,-15.0624,-0.436996,-0.000629598,-0.103244,-0.0093566,0.0362863,0.0334239,-0.0471941,-0.0854949,0.0312529,-0.0321982,0.217881,0.424426,0.214245,0.423468,True,True
5.025,-3.17448e-18,0,9.88449e-06,0.00917691,-0.0355963,0.455653,-0.629714,-0.000521212,-0.494065,1.06671,0.00112948,-15.0625,-0.436999,-0.00060827,-0.103235,-0.00917691,0.0355963,0.032782,-3.17448e-18,0,-9.88457e-06,0.00917691,-0.0355963,-0.670558,-0.629714,-0.000521212,-0.494064,1.06671,0.00112948,-15.0625,-0.436999,-0.00060827,-0.103235,-0.00917691,0.0355963,0.032782,-0.0475616,-0.0851201,0.030664,-0.0315805,0.217812,0.424408,0.214245,0.423468,True,True
5.03,-3.17448e-18,0,9.76041e-06,0.00900063,-0.0349195,0.457717,-0.629717,-0.000499512,-0.494071,1.06672,0.00108721,-15.0625,-0.437002,-0.000587701,-0.103226,-0.00900063,0.0349195,0.0321523,-3.17448e-18,0,-9.76043e-06,0.00900063,-0.0349195,-0.668492,-0.629717,-0.000499512,-0.494071,1.06672,0.00108721,-15.0625,-0.437002,-0.000587701,-0.103226,-0.00900063,0.0349195,0.0321523,-0.0479223,-0.0847526,0.0300861,-0.0309749,0.217743,0.42439,0.214245,0.423468,True,True
5.035,-3.17448e-18,0,9.6362e-06,0.00882771,-0.0342557,0.459742,-0.629719,-0.000478672,-0.494078,1.06672,0.00104653,-15.0625,-0.437005,-0.000567862,-0.103218,-0.00882771,0.0342557,0.0315346,-3.17448e-18,0,-9.63617e-06,0.00882771,-0.0342557,-0.666467,-0.629719,-0.000478672,-0.494078,1.06672,0.00104653,-15.0625,-0.437005,-0.000567862,-0.103218,-0.00882771,0.0342557,0.0315346,-0.0482761,-0.0843921,0.0295192,-0.0303811,0.217676,0.424372,0.214245,0.423468,True,True
5.04,-3.17448e-18,0,9.51195e-06,0.00865808,-0.0336047,0.461728,-0.629721,-0.000458659,-0.494084,1.06673,0.00100739,-15.0626,-0.437008,-0.000548727,-0.10321,-0.00865808,0.0336047,0.0309286,-3.17448e-18,0,-9.51188e-06,0.00865808,-0.0336047,-0.664479,-0.629721,-0.000458659,-0.494085,1.06673,0.00100739,-15.0626,-0.437008,-0.000548727,-0.10321,-0.00865808,0.0336047,0.0309286,-0.0486233,-0.0840385,0.028963,-0.0297989,0.21761,0.424355,0.214245,0.423468,True,True
5.045,-3.17448e-18,0,9.38775e-06,0.00849167,-0.0329661,0.463677,-0.629724,-0.000439441,-0.49409,1.06673,0.00096971,-15.0626,-0.43701,-0.00053027,-0.103202,-0.00849167,0.0329661,0.0303341,-3.17448e-18,0,-9.38766e-06,0.00849167,-0.0329661,-0.66253,-0.629724,-0.000439441,-0.494091,1.06673,0.00096971,-15.0626,-0.43701,-0.00053027,-0.103202,-0.00849167,0.0329661,0.0303341,-0.0489639,-0.0836916,0.0284172,-0.0292281,0.217545,0.424338,0.214245,0.423468,True,True
5.05,-3.17448e-18,0,9.2637e-06,0.00832842,-0.0323399,0.465588,-0.629726,-0.000420986,-0.494096,1.06674,0.000933452,-15.0626,-0.437013,-0.000512466,-0.103195,-0.00832842,0.0323399,0.0297509,-3.17448e-18,0,-9.2636e-06,0.00832842,-0.0323399,-0.660618,-0.629726,-0.000420986,-0.494097,1.06674,0.000933452,-15.0626,-0.437013,-0.000512466,-0.103195,-0.00832842,0.0323399,0.0297509,-0.0492981,-0.0833514,0.0278818,-0.0286683,0.217482,0.424321,0.214245,0.423468,True,True
5.055,-3.17448e-18,0,9.13988e-06,0.00816827,-0.0317257,0.467463,-0.629728,-0.000403267,-0.494102,1.06674,0.000898558,-15.0627,-0.437016,-0.000495292,-0.103187,-0.00816827,0.0317257,0.0291788,-3.17448e-18,0,-9.13976e-06,0.00816827,-0.0317257,-0.658742,-0.629728,-0.000403267,-0.494104,1.06674,0.000898558,-15.0626,-0.437016,-0.000495292,-0.103187,-0.00816827,0.0317257,0.0291788,-0.0496261,-0.0830178,0.0273566,-0.0281196,0.21742,0.424305,0.214245,0.423468,True,True
5.06,-3.17448e-18,0,9.01635e-06,0.00801116,-0.0311232,0.469303,-0.62973,-0.000386253,-0.494108,1.06675,0.000864977,-15.0627,-0.437018,-0.000478724,-0.10318,-0.00801116,0.0311232,0.0286175,-3.17448e-18,0,-9.01624e-06,0.00801116,-0.0311232,-0.656902,-0.62973,-0.000386253,-0.49411,1.06675,0.000864977,-15.0627,-0.437018,-0.000478724,-0.10318,-0.00801116,0.0311232,0.0286175,-0.0499478,-0.0826905,0.0268412,-0.0275815,0.217358,0.424289,0.214245,0.423468,True,True
5.065,-3.17448e-18,0,8.89319e-06,0.00785703,-0.0305324,0.471107,-0.629732,-0.000369917,-0.494114,1.06675,0.000832658,-15.0627,-0.43702,-0.00046274,-0.103174,-0.00785703,0.0305324,0.0280669,-3.17448e-18,0,-8.89309e-06,0.00785703,-0.0305324,-0.655097,-0.629732,-0.000369917,-0.494115,1.06675,0.000832658,-15.0627,-0.43702,-0.00046274,-0.103174,-0.00785703,0.0305324,0.0280669,-0.0502635,-0.0823694,0.0263356,-0.0270539,0.217299,0.424273,0.214245,0.423468,True,True
5.07,-3.17448e-18,-3.85186e-32,8.77048e-06,0.00770583,-0.0299529,0.472877,-0.629734,-0.000354234,-0.49412,1.06676,0.000801554,-15.0627,-0.437023,-0.00044732,-0.103167,-0.00770583,0.0299529,0.0275268,-3.17448e-18,-3.85186e-32,-8.77038e-06,0.00770583,-0.0299529,-0.653326,-0.629734,-0.000354234,-0.494121,1.06676,0.000801554,-15.0627,-0.437023,-0.00044732,-0.103167,-0.00770583,0.0299529,0.0275268,-0.0505733,-0.0820545,0.0258396,-0.0265366,0.21724,0.424258,0.214245,0.423468,True,True
5.075,-3.17448e-18,0,8.64826e-06,0.0075575,-0.0293846,0.474613,-0.629735,-0.000339178,-0.494126,1.06676,0.00077162,-15.0628,-0.437025,-0.000432442,-0.103161,-0.0075575,0.0293846,0.0269969,-3.17448e-18,0,-8.64818e-06,0.0075575,-0.0293846,-0.651589,-0.629735,-0.000339178,-0.494127,1.06676,0.00077162,-15.0628,-0.437025,-0.000432442,-0.103161,-0.0075575,0.0293846,0.0269969,-0.0508772,-0.0817457,0.025353,-0.0260295,0.217182,0.424243,0.214245,0.423468,True,True
5.08,-3.17448e-18,3.85186e-32,8.52661e-06,0.00741199,-0.0288272,0.476316,-0.629737,-0.000324725,-0.494131,1.06676,0.000742811,-15.0628,-0.437027,-0.000418086,-0.103154,-0.00741199,0.0288272,0.026477,-3.17448e-18,3.85186e-32,-8.52655e-06,0.00741199,-0.0288272,-0.649886,-0.629737,-0.000324725,-0.494132,1.06676,0.000742811,-15.0628,-0.437027,-0.000418086,-0.103154,-0.00741199,0.0288272,0.026477,-0.0511754,-0.0814427,0.0248757,-0.0255322,0.217126,0.424228,0.214245,0.423468,True,True
5.085,-3.17448e-18,0,8.40557e-06,0.00726923,-0.0282806,0.477987,-0.629739,-0.00031085,-0.494137,1.06677,0.000715084,-15.0628,-0.437029,-0.000404234,-0.103149,-0.00726923,0.0282806,0.025967,-3.17448e-18,0,-8.40554e-06,0.00726923,-0.0282806,-0.648214,-0.629739,-0.00031085,-0.494137,1.06677,0.000715084,-15.0628,-0.437029,-0.000404234,-0.103149,-0.00726923,0.0282806,0.025967,-0.051468,-0.0811455,0.0244074,-0.0250446,0.21707,0.424213,0.214245,0.423468,True,True
5.09,-3.17448e-18,0,8.2852e-06,0.00712918,-0.0277445,0.479627,-0.62974,-0.000297532,-0.494143,1.06677,0.0006884,-15.0628,-0.437031,-0.000390868,-0.103143,-0.00712918,0.0277445,0.0254666,-3.17448e-18,0,-8.2852e-06,0.00712918,-0.0277445,-0.646574,-0.62974,-0.000297532,-0.494143,1.06677,0.0006884,-15.0628,-0.437031,-0.000390868,-0.103143,-0.00712918,0.0277445,0.0254666,-0.0517552,-0.080854,0.0239479,-0.0245665,0.217016,0.424199,0.214245,0.423468,True,True
5.095,-3.17448e-18,0,8.16555e-06,0.00699179,-0.0272187,0.481235,-0.629742,-0.000284749,-0.494148,1.06677,0.000662718,-15.0628,-0.437033,-0.000377969,-0.103137,-0.00699179,0.0272187,0.0249758,-3.17448e-18,0,-8.16559e-06,0.00699179,-0.0272187,-0.644966,-0.629742,-0.000284749,-0.494148,1.06677,0.000662718,-15.0628,-0.437033,-0.000377969,-0.103137,-0.00699179,0.0272187,0.0249758,-0.0520369,-0.0805681,0.0234973,-0.0240978,0.216962,0.424185,0.214245,0.423468,True,True
5.1,-3.17448e-18,0,8.04666e-06,0.006857,-0.026703,0.482812,-0.629743,-0.00027248,-0.494153,1.06678,0.000638001,-15.0629,-0.437035,-0.000365522,-0.103132,-0.006857,0.026703,0.0244942,-3.17448e-18,0,-8.04673e-06,0.006857,-0.026703,-0.643388,-0.629743,-0.00027248,-0.494152,1.06678,0.000638001,-15.0629,-0.437035,-0.000365522,-0.103132,-0.006857,0.026703,0.0244942,-0.0523133,-0.0802876,0.0230552,-0.0236382,0.21691,0.424171,0.214245,0.423468,True,True
5.105,-3.17448e-18,0,7.92858e-06,0.00672476,-0.0261973,0.48436,-0.629744,-0.000260705,-0.494159,1.06678,0.000614213,-15.0629,-0.437037,-0.000353508,-0.103127,-0.00672476,0.0261973,0.0240217,-3.17448e-18,0,-7.92869e-06,0.00672476,-0.0261973,-0.64184,-0.629744,-0.000260705,-0.494157,1.06678,0.000614213,-15.0629,-0.437037,-0.000353508,-0.103127,-0.00672476,0.0261973,0.0240217,-0.0525845,-0.0800125,0.0226215,-0.0231876,0.216859,0.424157,0.214245,0.423468,True,True
5.11,-3.17448e-18,0,7.81135e-06,0.00659502,-0.0257013,0.485878,-0.629746,-0.000249404,-0.494164,1.06678,0.000591318,-15.0629,-0.437038,-0.000341913,-0.103122,-0.00659502,0.0257013,0.0235582,-3.17448e-18,0,-7.8115e-06,0.00659502,-0.0257013,-0.640321,-0.629746,-0.000249404,-0.494162,1.06678,0.000591318,-15.0629,-0.437038,-0.000341913,-0.103122,-0.00659502,0.0257013,0.0235582,-0.0528506,-0.0797426,0.022196,-0.0227458,0.216808,0.424144,0.214245,0.423468,True,True
5.115,-3.17448e-18,0,7.69499e-06,0.00646774,-0.0252149,0.487367,-0.629747,-0.00023856,-0.494169,1.06679,0.000569282,-15.0629,-0.43704,-0.000330722,-0.103117,-0.00646774,0.0252149,0.0231034,-3.17448e-18,0,-7.69518e-06,0.00646774,-0.0252149,-0.638832,-0.629747,-0.00023856,-0.494167,1.06679,0.000569282,-15.0629,-0.43704,-0.000330722,-0.103117,-0.00646774,0.0252149,0.0231035,-0.0531118,-0.0794778,0.0217787,-0.0223126,0.216759,0.424131,0.214245,0.423468,True,True
5.12,-3.17448e-18,-3.85186e-32,7.57956e-06,0.00634287,-0.0247379,0.488828,-0.629748,-0.000228154,-0.494174,1.06679,0.000548074,-15.0629,-0.437042,-0.00031992,-0.103113,-0.00634287,0.0247379,0.0226573,-3.17448e-18,-3.85186e-32,-7.57979e-06,0.00634287,-0.0247379,-0.63737,-0.629748,-0.000228154,-0.494171,1.06679,0.000548074,-15.063,-0.437042,-0.00031992,-0.103113,-0.00634287,0.0247379,0.0226573,-0.053368,-0.0792182,0.0213693,-0.0218879,0.21671,0.424118,0.214245,0.423468,True,True
5.125,-3.17448e-18,-3.85186e-32,7.46507e-06,0.00622036,-0.0242701,0.490261,-0.629749,-0.00021817,-0.494179,1.06679,0.000527662,-15.063,-0.437043,-0.000309492,-0.103108,-0.00622036,0.0242701,0.0222196,-3.17448e-18,-3.85186e-32,-7.46534e-06,0.00622036,-0.0242701,-0.635936,-0.629749,-0.00021817,-0.494175,1.06679,0.000527662,-15.063,-0.437043,-0.000309492,-0.103108,-0.00622036,0.0242701,0.0222196,-0.0536194,-0.0789634,0.0209677,-0.0214715,0.216662,0.424106,0.214245,0.423468,True,True
5.13,-3.17448e-18,3.85186e-32,7.35156e-06,0.00610017,-0.0238114,0.491668,-0.62975,-0.00020859,-0.494184,1.06679,0.000508016,-15.063,-0.437045,-0.000299426,-0.103104,-0.00610017,0.0238114,0.0217901,-3.17448e-18,3.85186e-32,-7.35187e-06,0.00610017,-0.0238114,-0.63453,-0.62975,-0.00020859,-0.49418,1.06679,0.000508016,-15.063,-0.437045,-0.000299426,-0.103104,-0.00610017,0.0238114,0.0217902,-0.0538661,-0.0787135,0.0205738,-0.0210632,0.216616,0.424094,0.214245,0.423468,True,True
5.135,-3.17448e-18,3.85186e-32,7.23906e-06,0.00598225,-0.0233615,0.493047,-0.629751,-0.000199399,-0.494189,1.0668,0.000489107,-15.063,-0.437046,-0.000289708,-0.1031,-0.00598225,0.0233615,0.0213688,-3.17448e-18,3.85186e-32,-7.23941e-06,0.00598225,-0.0233615,-0.63315,-0.629751,-0.000199399,-0.494184,1.0668,0.000489107,-15.063,-0.437046,-0.000289708,-0.1031,-0.00598225,0.0233615,0.0213688,-0.0541082,-0.0784684,0.0201874,-0.0206629,0.21657,0.424081,0.214245,0.423468,True,True
5.14,-3.17448e-18,-3.85186e-32,7.12758e-06,0.00586656,-0.0229203,0.494401,-0.629752,-0.000190582,-0.494194,1.0668,0.000470908,-15.063,-0.437048,-0.000280326,-0.103096,-0.00586656,0.0229203,0.0209554,-3.17448e-18,-3.85186e-32,-7.12798e-06,0.00586656,-0.0229203,-0.631796,-0.629752,-0.000190582,-0.494188,1.0668,0.000470908,-15.063,-0.437048,-0.000280326,-0.103096,-0.00586656,0.0229203,0.0209554,-0.0543457,-0.0782279,0.0198084,-0.0202704,0.216525,0.42407,0.214245,0.423468,True,True
5.145,-3.17448e-18,0,7.01715e-06,0.00575305,-0.0224876,0.495729,-0.629753,-0.000182124,-0.494199,1.0668,0.000453391,-15.063,-0.437049,-0.000271267,-0.103092,-0.00575305,0.0224876,0.0205498,-3.17448e-18,0,-7.01759e-06,0.00575305,-0.0224876,-0.630468,-0.629753,-0.000182124,-0.494192,1.0668,0.000453391,-15.063,-0.437049,-0.000271267,-0.103092,-0.00575305,0.0224876,0.0205499,-0.0545788,-0.077992,0.0194367,-0.0198856,0.216481,0.424058,0.214245,0.423468,True,True
5.15,-3.17448e-18,0,6.9078e-06,0.00564168,-0.0220634,0.497031,-0.629754,-0.000174011,-0.494204,1.0668,0.000436531,-15.063,-0.43705,-0.00026252,-0.103088,-0.00564168,0.0220634,0.0201519,-3.17448e-18,0,-6.90828e-06,0.00564168,-0.0220634,-0.629165,-0.629754,-0.000174011,-0.494195,1.0668,0.000436531,-15.0631,-0.43705,-0.00026252,-0.103088,-0.00564168,0.0220634,0.0201519,-0.0548076,-0.0777605,0.0190721,-0.0195083,0.216438,0.424047,0.214245,0.423468,True,True
5.155,-3.17448e-18,0,6.79954e-06,0.00553241,-0.0216473,0.498309,-0.629755,-0.000166229,-0.494209,1.06681,0.000420304,-15.063,-0.437052,-0.000254074,-0.103085,-0.00553241,0.0216473,0.0197615,-3.17448e-18,0,-6.80006e-06,0.00553241,-0.0216473,-0.627886,-0.629755,-0.000166229,-0.494199,1.06681,0.000420304,-15.0631,-0.437052,-0.000254074,-0.103085,-0.00553241,0.0216473,0.0197615,-0.055032,-0.0775335,0.0187144,-0.0191384,0.216395,0.424035,0.214245,0.423468,True,True
5.16,-3.17448e-18,3.85186e-32,6.69238e-06,0.00542521,-0.0212393,0.499563,-0.629756,-0.000158766,-0.494213,1.06681,0.000404685,-15.0631,-0.437053,-0.000245918,-0.103081,-0.00542521,0.0212393,0.0193784,-3.17448e-18,3.85186e-32,-6.69294e-06,0.00542521,-0.0212393,-0.626632,-0.629756,-0.000158766,-0.494203,1.06681,0.000404685,-15.0631,-0.437053,-0.000245918,-0.103081,-0.00542521,0.0212393,0.0193784,-0.0552523,-0.0773108,0.0183637,-0.0187757,0.216353,0.424024,0.214245,0.423468,True,True
5.165,-3.17448e-18,0,6.58635e-06,0.00532002,-0.0208392,0.500793,-0.629756,-0.000151609,-0.494218,1.06681,0.000389651,-15.0631,-0.437054,-0.000238042,-0.103078,-0.00532002,0.0208392,0.0190025,-3.17448e-18,0,-6.58695e-06,0.00532002,-0.0208392,-0.625402,-0.629756,-0.000151609,-0.494206,1.06681,0.000389651,-15.0631,-0.437054,-0.000238042,-0.103078,-0.00532002,0.0208392,0.0190026,-0.0554684,-0.0770923,0.0180196,-0.0184202,0.216313,0.424014,0.214245,0.423468,True,True
5.17,-3.17448e-18,0,6.48145e-06,0.00521682,-0.0204469,0.502,-0.629757,-0.000144746,-0.494222,1.06681,0.000375181,-15.0631,-0.437055,-0.000230435,-0.103075,-0.00521682,0.0204469,0.0186337,-3.17448e-18,0,-6.48209e-06,0.00521682,-0.0204469,-0.624194,-0.629757,-0.000144746,-0.49421,1.06681,0.000375181,-15.0631,-0.437055,-0.000230435,-0.103075,-0.00521682,0.0204469,0.0186338,-0.0556805,-0.0768779,0.0176822,-0.0180716,0.216272,0.424003,0.214245,0.423468,True,True
5.175,-3.17448e-18,0,6.3777e-06,0.00511555,-0.0200621,0.503185,-0.629758,-0.000138165,-0.494227,1.06681,0.000361252,-15.0631,-0.437056,-0.000223088,-0.103071,-0.00511555,0.0200621,0.0182719,-3.17448e-18,0,-6.37838e-06,0.00511555,-0.0200621,-0.62301,-0.629758,-0.000138165,-0.494213,1.06681,0.000361252,-15.0631,-0.437056,-0.000223088,-0.103071,-0.00511555,0.0200621,0.0182719,-0.0558886,-0.0766676,0.0173512,-0.0177298,0.216233,0.423993,0.214245,0.423468,True,True
5.18,-3.17448e-18,0,6.27511e-06,0.00501619,-0.0196849,0.504347,-0.629758,-0.000131855,-0.494231,1.06682,0.000347846,-15.0631,-0.437057,-0.000215991,-0.103068,-0.00501619,0.0196849,0.0179168,-3.17448e-18,0,-6.27583e-06,0.00501619,-0.0196849,-0.621848,-0.629758,-0.000131855,-0.494216,1.06682,0.000347846,-15.0632,-0.437057,-0.000215991,-0.103068,-0.00501619,0.0196849,0.0179169,-0.0560928,-0.0764613,0.0170266,-0.0173947,0.216195,0.423983,0.214245,0.423468,True,True
5.185,-3.17448e-18,-3.85186e-32,6.17368e-06,0.0049187,-0.019315,0.505487,-0.629759,-0.000125805,-0.494235,1.06682,0.000334942,-15.0631,-0.437059,-0.000209136,-0.103066,-0.0049187,0.019315,0.0175684,-3.17448e-18,-3.85186e-32,-6.17444e-06,0.0049187,-0.019315,-0.620707,-0.629759,-0.000125805,-0.49422,1.06682,0.000334942,-15.0632,-0.437059,-0.000209136,-0.103066,-0.0049187,0.019315,0.0175685,-0.0562933,-0.0762588,0.0167083,-0.0170662,0.216157,0.423973,0.214245,0.423468,True,True
5.19,-3.17448e-18,-3.85186e-32,6.07343e-06,0.00482305,-0.0189522,0.506605,-0.62976,-0.000120006,-0.49424,1.06682,0.000322521,-15.0631,-0.43706,-0.000202515,-0.103063,-0.00482305,0.0189522,0.0172266,-3.17448e-18,-3.85186e-32,-6.07423e-06,0.00482305,-0.0189522,-0.619589,-0.62976,-0.000120006,-0.494223,1.06682,0.000322521,-15.0632,-0.43706,-0.000202515,-0.103063,-0.00482305,0.0189522,0.0172267,-0.05649,-0.0760602,0.0163961,-0.0167442,0.216119,0.423963,0.214245,0.423468,True,True
5.195,-3.17448e-18,0,5.97437e-06,0.00472918,-0.0185966,0.507703,-0.62976,-0.000114447,-0.494244,1.06682,0.000310565,-15.0631,-0.437061,-0.000196117,-0.10306,-0.00472918,0.0185966,0.0168912,-3.17448e-18,0,-5.97519e-06,0.00472918,-0.0185966,-0.618491,-0.62976,-0.000114447,-0.494226,1.06682,0.000310565,-15.0632,-0.437061,-0.000196117,-0.10306,-0.00472918,0.0185966,0.0168913,-0.056683,-0.0758654,0.0160899,-0.0164285,0.216083,0.423953,0.214245,0.423468,True,True
5.2,-3.17448e-18,0,5.87649e-06,0.00463708,-0.0182478,0.508779,-0.629761,-0.000109119,-0.494248,1.06682,0.000299056,-15.0631,-0.437062,-0.000189937,-0.103058,-0.00463708,0.0182478,0.016562,-3.17448e-18,0,-5.87735e-06,0.00463708,-0.0182478,-0.617414,-0.629761,-0.000109119,-0.494229,1.06682,0.000299056,-15.0632,-0.437062,-0.000189937,-0.103058,-0.00463708,0.0182478,0.0165621,-0.0568724,-0.0756742,0.0157896,-0.0161189,0.216047,0.423944,0.214245,0.423468,True,True
5.205,-3.17448e-18,3.85186e-32,5.7798e-06,0.0045467,-0.0179059,0.509836,-0.629761,-0.000104013,-0.494252,1.06682,0.000287978,-15.0631,-0.437062,-0.000183965,-0.103055,-0.0045467,0.0179059,0.0162391,-3.17448e-18,3.85186e-32,-5.78069e-06,0.0045467,-0.0179059,-0.616357,-0.629761,-0.000104013,-0.494232,1.06682,0.000287978,-15.0632,-0.437062,-0.000183965,-0.103055,-0.0045467,0.0179059,0.0162391,-0.0570583,-0.0754867,0.0154951,-0.0158155,0.216012,0.423935,0.214245,0.423468,True,True
5.21,-3.17448e-18,3.85186e-32,5.6843e-06,0.00445802,-0.0175706,0.510873,-0.629762,-9.91192e-05,-0.494256,1.06683,0.000277314,-15.0631,-0.437063,-0.000178195,-0.103053,-0.00445802,0.0175706,0.0159221,-3.17448e-18,3.85186e-32,-5.68523e-06,0.00445802,-0.0175706,-0.61532,-0.629762,-9.91192e-05,-0.494235,1.06683,0.000277314,-15.0632,-0.437063,-0.000178195,-0.103053,-0.00445802,0.0175706,0.0159222,-0.0572408,-0.0753026,0.0152063,-0.015518,0.215978,0.423925,0.214245,0.423468,True,True
5.215,-3.17448e-18,-3.85186e-32,5.59e-06,0.004371,-0.0172419,0.51189,-0.629762,-9.44302e-05,-0.49426,1.06683,0.00026705,-15.0632,-0.437064,-0.000172619,-0.10305,-0.004371,0.0172419,0.0156111,-3.17448e-18,-3.85186e-32,-5.59096e-06,0.004371,-0.0172419,-0.614303,-0.629762,-9.44302e-05,-0.494237,1.06683,0.00026705,-15.0632,-0.437064,-0.000172619,-0.10305,-0.004371,0.0172419,0.0156112,-0.0574199,-0.0751221,0.0149231,-0.0152264,0.215944,0.423917,0.214245,0.423468,True,True
5.22,-3.17448e-18,0,5.4969e-06,0.0042856,-0.0169196,0.512888,-0.629763,-8.99375e-05,-0.494264,1.06683,0.000257169,-15.0632,-0.437065,-0.000167231,-0.103048,-0.0042856,0.0169196,0.0153059,-3.17448e-18,0,-5.49788e-06,0.0042856,-0.0169196,-0.613304,-0.629763,-8.99375e-05,-0.49424,1.06683,0.000257169,-15.0633,-0.437065,-0.000167231,-0.103048,-0.0042856,0.0169196,0.015306,-0.0575956,-0.0749449,0.0146454,-0.0149405,0.215911,0.423908,0.214245,0.423468,True,True
5.225,-3.17448e-18,0,5.405e-06,0.0042018,-0.0166036,0.513868,-0.629763,-8.56333e-05,-0.494268,1.06683,0.000247657,-15.0632,-0.437066,-0.000162024,-0.103046,-0.0042018,0.0166036,0.0150064,-3.17448e-18,0,-5.40601e-06,0.0042018,-0.0166036,-0.612325,-0.629763,-8.56333e-05,-0.494242,1.06683,0.000247657,-15.0633,-0.437066,-0.000162024,-0.103046,-0.0042018,0.0166036,0.0150065,-0.0577681,-0.0747711,0.0143731,-0.0146603,0.215878,0.423899,0.214245,0.423468,True,True
5.23,-3.17448e-18,-3.85186e-32,5.31429e-06,0.00411956,-0.0162938,0.514829,-0.629764,-8.15102e-05,-0.494272,1.06683,0.000238501,-15.0632,-0.437067,-0.000156991,-0.103044,-0.00411956,0.0162938,0.0147125,-3.17448e-18,-3.85186e-32,-5.31533e-06,0.00411956,-0.0162938,-0.611363,-0.629764,-8.15102e-05,-0.494245,1.06683,0.000238501,-15.0633,-0.437067,-0.000156991,-0.103044,-0.00411956,0.0162938,0.0147126,-0.0579374,-0.0746005,0.0141061,-0.0143856,0.215846,0.423891,0.214245,0.423468,True,True
5.235,-3.17448e-18,3.85186e-32,5.22478e-06,0.00403886,-0.0159901,0.515772,-0.629764,-7.75609e-05,-0.494276,1.06683,0.000229687,-15.0632,-0.437067,-0.000152126,-0.103042,-0.00403886,0.0159901,0.0144241,-3.17448e-18,3.85186e-32,-5.22584e-06,0.00403886,-0.0159901,-0.61042,-0.629764,-7.75609e-05,-0.494247,1.06683,0.000229687,-15.0633,-0.437067,-0.000152126,-0.103042,-0.00403886,0.0159901,0.0144242,-0.0581035,-0.0744331,0.0138443,-0.0141163,0.215815,0.423883,0.214245,0.423468,True,True
5.24,-3.17448e-18,3.85186e-32,5.13646e-06,0.00395966,-0.0156923,0.516698,-0.629765,-7.37785e-05,-0.49428,1.06683,0.000221202,-15.0632,-0.437068,-0.000147424,-0.10304,-0.00395966,0.0156923,0.014141,-3.17448e-18,3.85186e-32,-5.13755e-06,0.00395966,-0.0156923,-0.609494,-0.629765,-7.37785e-05,-0.49425,1.06683,0.000221202,-15.0633,-0.437068,-0.000147424,-0.10304,-0.00395966,0.0156923,0.0141411,-0.0582666,-0.0742689,0.0135875,-0.0138523,0.215784,0.423874,0.214245,0.423468,True,True
5.245,-3.17448e-18,0,5.04933e-06,0.00388194,-0.0154003,0.517606,-0.629765,-7.01564e-05,-0.494283,1.06683,0.000213034,-15.0632,-0.437069,-0.000142878,-0.103038,-0.00388194,0.0154003,0.0138632,-3.17448e-18,0,-5.05044e-06,0.00388194,-0.0154003,-0.608586,-0.629765,-7.01564e-05,-0.494252,1.06683,0.000213034,-15.0633,-0.437069,-0.000142878,-0.103038,-0.00388194,0.0154003,0.0138634,-0.0584266,-0.0741077,0.0133358,-0.0135935,0.215754,0.423866,0.214245,0.423468,True,True
5.25,-3.17448e-18,0,4.96339e-06,0.00380566,-0.0151141,0.518497,-0.629765,-6.66881e-05,-0.494287,1.06683,0.000205171,-15.0632,-0.43707,-0.000138483,-0.103037,-0.00380566,0.0151141,0.0135906,-3.17448e-18,0,-4.96452e-06,0.00380566,-0.0151141,-0.607694,-0.629765,-6.66881e-05,-0.494254,1.06683,0.000205171,-15.0633,-0.43707,-0.000138483,-0.103037,-0.00380566,0.0151141,0.0135907,-0.0585837,-0.0739495,0.013089,-0.0133399,0.215724,0.423859,0.214245,0.423468,True,True
5.255,-3.17448e-18,0,4.87863e-06,0.0037308,-0.0148336,0.519372,-0.629766,-6.33675e-05,-0.494291,1.06684,0.000197602,-15.0632,-0.43707,-0.000134234,-0.103035,-0.0037308,0.0148336,0.013323,-3.17448e-18,0,-4.87979e-06,0.0037308,-0.0148336,-0.60682,-0.629766,-6.33675e-05,-0.494257,1.06684,0.000197602,-15.0633,-0.43707,-0.000134234,-0.103035,-0.0037308,0.0148336,0.0133231,-0.0587379,-0.0737943,0.012847,-0.0130913,0.215695,0.423851,0.214245,0.423468,True,True
5.26,-3.17448e-18,0,4.79504e-06,0.00365732,-0.0145585,0.52023,-0.629766,-6.01886e-05,-0.494294,1.06684,0.000190315,-15.0632,-0.437071,-0.000130126,-0.103033,-0.00365732,0.0145585,0.0130604,-3.17448e-18,0,-4.79623e-06,0.00365732,-0.0145585,-0.605961,-0.629766,-6.01886e-05,-0.494259,1.06684,0.000190315,-15.0633,-0.437071,-0.000130126,-0.103033,-0.00365732,0.0145585,0.0130605,-0.0588893,-0.073642,0.0126097,-0.0128476,0.215666,0.423843,0.214245,0.423468,True,True
5.265,-3.17448e-18,0,4.71263e-06,0.00358521,-0.0142889,0.521073,-0.629766,-5.71459e-05,-0.494298,1.06684,0.0001833,-15.0632,-0.437072,-0.000126154,-0.103032,-0.00358521,0.0142889,0.0128027,-3.17448e-18,0,-4.71384e-06,0.00358521,-0.0142889,-0.605118,-0.629766,-5.71459e-05,-0.494261,1.06684,0.0001833,-15.0634,-0.437072,-0.000126154,-0.103032,-0.00358521,0.0142889,0.0128028,-0.0590379,-0.0734926,0.0123771,-0.0126088,0.215638,0.423836,0.214245,0.423468,True,True
5.27,-3.17448e-18,0,4.63139e-06,0.00351444,-0.0140246,0.5219,-0.629766,-5.42337e-05,-0.494301,1.06684,0.000176546,-15.0632,-0.437072,-0.000122312,-0.10303,-0.00351444,0.0140246,0.0125497,-3.17448e-18,0,-4.63261e-06,0.00351444,-0.0140246,-0.604291,-0.629766,-5.42337e-05,-0.494263,1.06684,0.000176546,-15.0634,-0.437072,-0.000122312,-0.10303,-0.00351444,0.0140246,0.0125498,-0.0591837,-0.0733459,0.012149,-0.0123747,0.215611,0.423829,0.214245,0.423468,True,True
5.275,-3.17448e-18,0,4.55131e-06,0.00344497,-0.0137655,0.522711,-0.629767,-5.14469e-05,-0.494305,1.06684,0.000170044,-15.0632,-0.437073,-0.000118597,-0.103029,-0.00344497,0.0137655,0.0123013,-3.17448e-18,0,-4.55254e-06,0.00344497,-0.0137655,-0.60348,-0.629767,-5.14469e-05,-0.494265,1.06684,0.000170044,-15.0634,-0.437073,-0.000118597,-0.103029,-0.00344497,0.0137655,0.0123015,-0.0593269,-0.0732019,0.0119255,-0.0121452,0.215584,0.423822,0.214245,0.423468,True,True
5.28,-3.17448e-18,-3.85186e-32,4.47237e-06,0.00337678,-0.0135116,0.523508,-0.629767,-4.87805e-05,-0.494308,1.06684,0.000163784,-15.0632,-0.437073,-0.000115004,-0.103028,-0.00337678,0.0135116,0.0120576,-3.17448e-18,-3.85186e-32,-4.47363e-06,0.00337678,-0.0135116,-0.602683,-0.629767,-4.87805e-05,-0.494267,1.06684,0.000163784,-15.0634,-0.437073,-0.000115004,-0.103028,-0.00337678,0.0135116,0.0120577,-0.0594674,-0.0730606,0.0117063,-0.0119204,0.215557,0.423815,0.214245,0.423468,True,True
5.285,-3.17448e-18,-3.85186e-32,4.39459e-06,0.00330985,-0.0132627,0.524289,-0.629767,-4.62296e-05,-0.494312,1.06684,0.000157758,-15.0632,-0.437074,-0.000111528,-0.103026,-0.00330985,0.0132627,0.0118184,-3.17448e-18,-3.85186e-32,-4.39586e-06,0.00330985,-0.0132627,-0.601901,-0.629767,-4.62296e-05,-0.494268,1.06684,0.000157758,-15.0634,-0.437074,-0.000111528,-0.103026,-0.00330985,0.0132627,0.0118185,-0.0596054,-0.0729219,0.0114914,-0.0117,0.215531,0.423808,0.214245,0.423468,True,True
5.29,-3.17448e-18,3.85186e-32,4.31794e-06,0.00324415,-0.0130187,0.525057,-0.629767,-4.37894e-05,-0.494315,1.06684,0.000151956,-15.0632,-0.437075,-0.000108166,-0.103025,-0.00324415,0.0130187,0.0115835,-3.17448e-18,3.85186e-32,-4.31923e-06,0.00324415,-0.0130187,-0.601134,-0.629767,-4.37894e-05,-0.49427,1.06684,0.000151956,-15.0634,-0.437075,-0.000108166,-0.103025,-0.00324415,0.0130187,0.0115836,-0.0597409,-0.0727858,0.0112808,-0.011484,0.215506,0.423801,0.214245,0.423468,True,True
5.295,-3.17448e-18,3.85186e-32,4.24242e-06,0.00317966,-0.0127796,0.52581,-0.629768,-4.14556e-05,-0.494318,1.06684,0.00014637,-15.0632,-0.437075,-0.000104914,-0.103024,-0.00317966,0.0127796,0.011353,-3.17448e-18,3.85186e-32,-4.24372e-06,0.00317966,-0.0127796,-0.600381,-0.629768,-4.14556e-05,-0.494272,1.06684,0.00014637,-15.0634,-0.437075,-0.000104914,-0.103024,-0.00317966,0.0127796,0.0113531,-0.0598738,-0.0726522,0.0110744,-0.0112723,0.215481,0.423794,0.214245,0.423468,True,True
5.3,-3.17448e-18,0,4.16802e-06,0.00311636,-0.0125453,0.526549,-0.629768,-3.92238e-05,-0.494322,1.06684,0.000140991,-15.0632,-0.437076,-0.000101768,-0.103023,-0.00311636,0.0125453,0.0111267,-3.17448e-18,0,-4.16934e-06,0.00311636,-0.0125453,-0.599642,-0.629768,-3.92238e-05,-0.494273,1.06684,0.000140991,-15.0634,-0.437076,-0.000101768,-0.103023,-0.00311636,0.0125453,0.0111268,-0.0600044,-0.0725211,0.010872,-0.0110649,0.215456,0.423788,0.214245,0.423468,True,True
5.305,-3.17448e-18,0,4.09474e-06,0.00305421,-0.0123156,0.527275,-0.629768,-3.709e-05,-0.494325,1.06684,0.000135813,-15.0632,-0.437076,-9.87233e-05,-0.103021,-0.00305421,0.0123156,0.0109045,-3.17448e-18,0,-4.09607e-06,0.00305421,-0.0123156,-0.598916,-0.629768,-3.709e-05,-0.494275,1.06684,0.000135813,-15.0634,-0.437076,-9.87233e-05,-0.103021,-0.00305421,0.0123156,0.0109046,-0.0601326,-0.0723924,0.0106737,-0.0108616,0.215432,0.423782,0.214245,0.423468,True,True
5.31,-3.17448e-18,0,4.02256e-06,0.0029932,-0.0120905,0.527987,-0.629768,-3.505e-05,-0.494328,1.06684,0.000130828,-15.0632,-0.437077,-9.57776e-05,-0.10302,-0.0029932,0.0120905,0.0106864,-3.17448e-18,0,-4.0239e-06,0.0029932,-0.0120905,-0.598203,-0.629768,-3.505e-05,-0.494277,1.06684,0.000130828,-15.0634,-0.437077,-9.57776e-05,-0.10302,-0.0029932,0.0120905,0.0106865,-0.0602584,-0.072266,0.0104792,-0.0106625,0.215408,0.423775,0.214245,0.423468,True,True
5.315,-3.17448e-18,0,3.95147e-06,0.00293331,-0.0118699,0.528686,-0.629768,-3.31002e-05,-0.494331,1.06685,0.000126027,-15.0632,-0.437077,-9.29272e-05,-0.103019,-0.00293331,0.0118699,0.0104722,-3.17448e-18,0,-3.95282e-06,0.00293331,-0.0118699,-0.597504,-0.629768,-3.31002e-05,-0.494278,1.06685,0.000126027,-15.0634,-0.437077,-9.29272e-05,-0.103019,-0.00293331,0.0118699,0.0104724,-0.060382,-0.072142,0.0102887,-0.0104673,0.215385,0.423769,0.214245,0.423468,True,True
5.32,-3.17448e-18,0,3.88146e-06,0.0028745,-0.0116538,0.529372,-0.629769,-3.12368e-05,-0.494334,1.06685,0.000121405,-15.0632,-0.437078,-9.01686e-05,-0.103018,-0.0028745,0.0116538,0.010262,-3.17448e-18,0,-3.88282e-06,0.0028745,-0.0116538,-0.596818,-0.629769,-3.12368e-05,-0.49428,1.06685,0.000121405,-15.0635,-0.437078,-9.01686e-05,-0.103018,-0.0028745,0.0116538,0.0102622,-0.0605033,-0.0720202,0.010102,-0.010276,0.215362,0.423763,0.214245,0.423468,True,True
5.325,-3.17448e-18,-3.85186e-32,3.81253e-06,0.00281677,-0.011442,0.530046,-0.629769,-2.94563e-05,-0.494337,1.06685,0.000116955,-15.0632,-0.437078,-8.74989e-05,-0.103017,-0.00281677,0.011442,0.0100556,-3.17448e-18,-3.85186e-32,-3.8139e-06,0.00281677,-0.011442,-0.596144,-0.629769,-2.94563e-05,-0.494281,1.06685,0.000116955,-15.0635,-0.437078,-8.74989e-05,-0.103017,-0.00281677,0.011442,0.0100557,-0.0606225,-0.0719007,0.00991897,-0.0100887,0.21534,0.423757,0.214245,0.423468,True,True
5.33,-3.17448e-18,-3.85186e-32,3.74467e-06,0.00276008,-0.0112344,0.530708,-0.629769,-2.77553e-05,-0.494341,1.06685,0.00011267,-15.0632,-0.437078,-8.49147e-05,-0.103017,-0.00276008,0.0112344,0.00985291,-3.17448e-18,-3.85186e-32,-3.74605e-06,0.00276008,-0.0112344,-0.595482,-0.629769,-2.77553e-05,-0.494282,1.06685,0.00011267,-15.0635,-0.437078,-8.49147e-05,-0.103017,-0.00276008,0.0112344,0.00985307,-0.0607395,-0.0717833,0.00973964,-0.00990508,0.215318,0.423751,0.214245,0.423468,True,True
5.335,-3.17448e-18,3.85186e-32,3.67786e-06,0.00270442,-0.011031,0.531357,-0.629769,-2.61306e-05,-0.494344,1.06685,0.000108544,-15.0632,-0.437079,-8.24134e-05,-0.103016,-0.00270442,0.011031,0.00965391,-3.17448e-18,3.85186e-32,-3.67924e-06,0.00270442,-0.011031,-0.594832,-0.629769,-2.61306e-05,-0.494284,1.06685,0.000108544,-15.0635,-0.437079,-8.24134e-05,-0.103016,-0.00270442,0.011031,0.00965406,-0.0608543,-0.0716681,0.0095639,-0.00972522,0.215296,0.423746,0.214245,0.423468,True,True
5.34,-3.17448e-18,3.85186e-32,3.61209e-06,0.00264977,-0.0108318,0.531995,-0.629769,-2.4579e-05,-0.494347,1.06685,0.000104571,-15.0632,-0.437079,-7.99919e-05,-0.103015,-0.00264977,0.0108318,0.00945849,-3.17448e-18,3.85186e-32,-3.61348e-06,0.00264977,-0.0108318,-0.594195,-0.629769,-2.4579e-05,-0.494285,1.06685,0.000104571,-15.0635,-0.437079,-7.99919e-05,-0.103015,-0.00264977,0.0108318,0.00945865,-0.0609672,-0.071555,0.00939171,-0.009549,0.215275,0.42374,0.214245,0.423468,True,True
5.345,-3.17448e-18,0,3.54735e-06,0.00259611,-0.0106366,0.532621,-0.629769,-2.30976e-05,-0.49435,1.06685,0.000100745,-15.0632,-0.43708,-7.76476e-05,-0.103014,-0.00259611,0.0106366,0.0092666,-3.17448e-18,0,-3.54875e-06,0.00259611,-0.0106366,-0.593568,-0.629769,-2.30976e-05,-0.494286,1.06685,0.000100745,-15.0635,-0.43708,-7.76476e-05,-0.103014,-0.00259611,0.0106366,0.00926676,-0.061078,-0.0714439,0.00922298,-0.00937638,0.215254,0.423735,0.214245,0.423468,True,True
5.35,-3.17448e-18,0,3.48364e-06,0.00254341,-0.0104453,0.533236,-0.629769,-2.16834e-05,-0.494352,1.06685,9.70611e-05,-15.0632,-0.43708,-7.53778e-05,-0.103013,-0.00254341,0.0104453,0.00907816,-3.17448e-18,0,-3.48505e-06,0.00254341,-0.0104453,-0.592953,-0.629769,-2.16834e-05,-0.494287,1.06685,9.70611e-05,-15.0635,-0.43708,-7.53778e-05,-0.103013,-0.00254341,0.0104453,0.00907832,-0.0611868,-0.0713348,0.00905767,-0.00920727,0.215234,0.423729,0.214245,0.423468,True,True
5.355,-3.17448e-18,0,3.42093e-06,0.00249165,-0.010258,0.53384,-0.629769,-2.03337e-05,-0.494355,1.06685,9.35136e-05,-15.0632,-0.43708,-7.31799e-05,-0.103013,-0.00249165,0.010258,0.00889309,-3.17448e-18,0,-3.42235e-06,0.00249165,-0.010258,-0.59235,-0.629769,-2.03337e-05,-0.494288,1.06685,9.35136e-05,-15.0635,-0.43708,-7.31799e-05,-0.103013,-0.00249165,0.010258,0.00889325,-0.0612937,-0.0712277,0.00889571,-0.00904163,0.215214,0.423724,0.214245,0.423468,True,True
5.36,-3.17448e-18,0,3.35923e-06,0.00244083,-0.0100744,0.534433,-0.629769,-1.90458e-05,-0.494358,1.06685,9.00973e-05,-15.0632,-0.437081,-7.10516e-05,-0.103012,-0.00244083,0.0100744,0.00871134,-3.17448e-18,0,-3.36065e-06,0.00244083,-0.0100744,-0.591757,-0.629769,-1.90458e-05,-0.494289,1.06685,9.00973e-05,-15.0635,-0.437081,-7.10516e-05,-0.103012,-0.00244083,0.0100744,0.0087115,-0.0613987,-0.0711225,0.00873704,-0.00887938,0.215194,0.423719,0.214245,0.423468,True,True
5.365,-3.17448e-18,-3.85186e-32,3.29852e-06,0.00239091,-0.00989468,0.535015,-0.62977,-1.78171e-05,-0.494361,1.06685,8.68075e-05,-15.0632,-0.437081,-6.89903e-05,-0.103011,-0.00239091,0.00989468,0.00853283,-3.17448e-18,-3.85186e-32,-3.29995e-06,0.00239091,-0.00989468,-0.591174,-0.62977,-1.78171e-05,-0.49429,1.06685,8.68075e-05,-15.0635,-0.437081,-6.89903e-05,-0.103011,-0.00239091,0.00989468,0.00853299,-0.0615018,-0.0710192,0.0085816,-0.00872046,0.215174,0.423714,0.214245,0.423468,True,True
5.37,-3.17448e-18,0,3.23878e-06,0.00234188,-0.00971859,0.535587,-0.62977,-1.66453e-05,-0.494364,1.06685,8.36392e-05,-15.0632,-0.437081,-6.6994e-05,-0.103011,-0.00234188,0.00971859,0.00835749,-3.17448e-18,0,-3.24022e-06,0.00234188,-0.00971859,-0.590603,-0.62977,-1.66453e-05,-0.494291,1.06685,8.36392e-05,-15.0635,-0.437081,-6.6994e-05,-0.103011,-0.00234188,0.00971859,0.00835765,-0.0616031,-0.0709177,0.00842934,-0.00856481,0.215155,0.423709,0.214245,0.423468,True,True
5.375,-3.17448e-18,3.85186e-32,3.18001e-06,0.00229372,-0.00954613,0.536148,-0.62977,-1.55278e-05,-0.494367,1.06685,8.05881e-05,-15.0632,-0.437082,-6.50603e-05,-0.10301,-0.00229372,0.00954613,0.00818526,-3.17448e-18,3.85186e-32,-3.18145e-06,0.00229372,-0.00954613,-0.590041,-0.62977,-1.55278e-05,-0.494292,1.06685,8.05881e-05,-15.0635,-0.437082,-6.50603e-05,-0.10301,-0.00229372,0.00954613,0.00818542,-0.0617026,-0.0708181,0.0082802,-0.00841238,0.215137,0.423704,0.214245,0.423468,True,True
5.38,-3.17448e-18,0,3.1222e-06,0.00224642,-0.00937723,0.5367,-0.62977,-1.44626e-05,-0.49437,1.06685,7.76496e-05,-15.0632,-0.437082,-6.31871e-05,-0.103009,-0.00224642,0.00937723,0.00801608,-3.17448e-18,0,-3.12364e-06,0.00224642,-0.00937723,-0.58949,-0.62977,-1.44626e-05,-0.494293,1.06685,7.76496e-05,-15.0635,-0.437082,-6.31871e-05,-0.103009,-0.00224642,0.00937723,0.00801624,-0.0618003,-0.0707202,0.00813413,-0.00826311,0.215118,0.423699,0.214245,0.423468,True,True
5.385,-3.17448e-18,0,3.06533e-06,0.00219995,-0.00921182,0.537241,-0.62977,-1.34473e-05,-0.494372,1.06685,7.48196e-05,-15.0632,-0.437082,-6.13723e-05,-0.103009,-0.00219995,0.00921182,0.00784988,-3.17448e-18,0,-3.06677e-06,0.00219995,-0.00921182,-0.588948,-0.62977,-1.34473e-05,-0.494294,1.06685,7.48196e-05,-15.0636,-0.437082,-6.13723e-05,-0.103009,-0.00219995,0.00921182,0.00785005,-0.0618964,-0.0706241,0.00799107,-0.00811694,0.2151,0.423694,0.214245,0.423468,True,True
5.39,-3.17448e-18,0,3.00939e-06,0.0021543,-0.00904985,0.537773,-0.62977,-1.24799e-05,-0.494375,1.06685,7.2094e-05,-15.0632,-0.437083,-5.96141e-05,-0.103008,-0.0021543,0.00904985,0.0076866,-3.17448e-18,0,-3.01084e-06,0.0021543,-0.00904985,-0.588416,-0.62977,-1.24799e-05,-0.494295,1.06685,7.2094e-05,-15.0636,-0.437083,-5.96141e-05,-0.103008,-0.0021543,0.00904985,0.00768677,-0.0619907,-0.0705297,0.00785096,-0.00797381,0.215082,0.423689,0.214245,0.423468,True,True
5.395,-3.17448e-18,-3.85186e-32,2.95437e-06,0.00210945,-0.00889125,0.538296,-0.62977,-1.15584e-05,-0.494378,1.06685,6.94688e-05,-15.0632,-0.437083,-5.79104e-05,-0.103008,-0.00210945,0.00889125,0.00752619,-3.17448e-18,-3.85186e-32,-2.95582e-06,0.00210945,-0.00889125,-0.587893,-0.62977,-1.15584e-05,-0.494295,1.06685,6.94688e-05,-15.0636,-0.437083,-5.79104e-05,-0.103008,-0.00210945,0.00889125,0.00752635,-0.0620835,-0.0704369,0.00771377,-0.00783368,0.215065,0.423685,0.214245,0.423468,True,True
5.4,-3.17448e-18,-3.85186e-32,2.90027e-06,0.00206539,-0.00873597,0.53881,-0.62977,-1.06808e-05,-0.49438,1.06685,6.69403e-05,-15.0632,-0.437083,-5.62595e-05,-0.103007,-0.00206539,0.00873597,0.00736857,-3.17448e-18,-3.85186e-32,-2.90172e-06,0.00206539,-0.00873597,-0.587379,-0.62977,-1.06808e-05,-0.494296,1.06685,6.69403e-05,-15.0636,-0.437083,-5.62595e-05,-0.103007,-0.00206539,0.00873597,0.00736874,-0.0621746,-0.0703458,0.00757944,-0.00769648,0.215048,0.42368,0.214245,0.423468,True,True
5.405,-3.17448e-18,3.85186e-32,2.84706e-06,0.00202209,-0.00858394,0.539314,-0.62977,-9.84538e-06,-0.494383,1.06685,6.45049e-05,-15.0632,-0.437084,-5.46595e-05,-0.103007,-0.00202209,0.00858394,0.00721369,-3.17448e-18,3.85186e-32,-2.84851e-06,0.00202209,-0.00858394,-0.586875,-0.62977,-9.84538e-06,-0.494297,1.06685,6.45049e-05,-15.0636,-0.437084,-5.46595e-05,-0.103007,-0.00202209,0.00858394,0.00721386,-0.0622641,-0.0702562,0.00744791,-0.00756218,0.215031,0.423676,0.214245,0.423468,True,True
5.41,-3.17448e-18,0,2.79473e-06,0.00197955,-0.00843512,0.53981,-0.62977,-9.05023e-06,-0.494386,1.06685,6.21591e-05,-15.0632,-0.437084,-5.31089e-05,-0.103007,-0.00197955,0.00843512,0.0070615,-3.17448e-18,0,-2.79619e-06,0.00197955,-0.00843512,-0.586379,-0.62977,-9.05023e-06,-0.494297,1.06685,6.21591e-05,-15.0636,-0.437084,-5.31089e-05,-0.103007,-0.00197955,0.00843512,0.00706167,-0.0623521,-0.0701682,0.00731915,-0.00743071,0.215015,0.423671,0.214245,0.423468,True,True
5.415,-3.17448e-18,0,2.74328e-06,0.00193774,-0.00828944,0.540297,-0.62977,-8.29368e-06,-0.494388,1.06685,5.98994e-05,-15.0632,-0.437084,-5.16058e-05,-0.103006,-0.00193774,0.00828944,0.00691194,-3.17448e-18,0,-2.74474e-06,0.00193774,-0.00828944,-0.585892,-0.62977,-8.29368e-06,-0.494298,1.06685,5.98994e-05,-15.0636,-0.437084,-5.16058e-05,-0.103006,-0.00193774,0.00828944,0.00691211,-0.0624386,-0.0700818,0.0071931,-0.00730202,0.214998,0.423667,0.214245,0.423468,True,True
5.42,-3.17448e-18,3.85186e-32,2.6927e-06,0.00189665,-0.00814686,0.540775,-0.62977,-7.5741e-06,-0.494391,1.06685,5.77228e-05,-15.0632,-0.437084,-5.01487e-05,-0.103006,-0.00189665,0.00814686,0.00676495,-3.17448e-18,3.85186e-32,-2.69416e-06,0.00189665,-0.00814686,-0.585414,-0.62977,-7.5741e-06,-0.494298,1.06685,5.77228e-05,-15.0636,-0.437084,-5.01487e-05,-0.103006,-0.00189665,0.00814686,0.00676511,-0.0625236,-0.0699968,0.00706972,-0.00717608,0.214982,0.423663,0.214245,0.423468,True,True
5.425,-3.17448e-18,-3.85186e-32,2.64297e-06,0.00185627,-0.00800731,0.541245,-0.62977,-6.88989e-06,-0.494394,1.06685,5.5626e-05,-15.0632,-0.437085,-4.87361e-05,-0.103005,-0.00185627,0.00800731,0.00662047,-3.17448e-18,-3.85186e-32,-2.64442e-06,0.00185627,-0.00800731,-0.584943,-0.62977,-6.88989e-06,-0.494299,1.06685,5.5626e-05,-15.0636,-0.437085,-4.87361e-05,-0.103005,-0.00185627,0.00800731,0.00662064,-0.0626071,-0.0699133,0.00694896,-0.00705283,0.214967,0.423659,0.214245,0.423468,True,True
5.43,-3.17448e-18,0,2.59408e-06,0.00181658,-0.00787075,0.541707,-0.62977,-6.23956e-06,-0.494396,1.06686,5.3606e-05,-15.0632,-0.437085,-4.73664e-05,-0.103005,-0.00181658,0.00787075,0.00647846,-3.17448e-18,0,-2.59553e-06,0.00181658,-0.00787075,-0.584481,-0.62977,-6.23956e-06,-0.494299,1.06686,5.3606e-05,-15.0636,-0.437085,-4.73664e-05,-0.103005,-0.00181658,0.00787075,0.00647862,-0.0626893,-0.0698312,0.00683077,-0.00693222,0.214951,0.423655,0.214245,0.423468,True,True
5.435,-3.17448e-18,3.85186e-32,2.54602e-06,0.00177757,-0.00773713,0.542162,-0.62977,-5.62164e-06,-0.494399,1.06686,5.166e-05,-15.0632,-0.437085,-4.60383e-05,-0.103005,-0.00177757,0.00773713,0.00633885,-3.17448e-18,3.85186e-32,-2.54747e-06,0.00177757,-0.00773713,-0.584027,-0.62977,-5.62164e-06,-0.494299,1.06686,5.166e-05,-15.0636,-0.437085,-4.60383e-05,-0.103005,-0.00177757,0.00773713,0.00633902,-0.06277,-0.0697505,0.00671512,-0.00681421,0.214936,0.423651,0.214245,0.423468,True,True
5.44,-3.17448e-18,0,2.49877e-06,0.00173921,-0.00760639,0.542608,-0.62977,-5.03474e-06,-0.494401,1.06686,4.97852e-05,-15.0632,-0.437085,-4.47504e-05,-0.103004,-0.00173921,0.00760639,0.00620161,-3.17448e-18,0,-2.50023e-06,0.00173921,-0.00760639,-0.583581,-0.62977,-5.03474e-06,-0.4943,1.06686,4.97852e-05,-15.0636,-0.437085,-4.47504e-05,-0.103004,-0.00173921,0.00760639,0.00620178,-0.0628494,-0.0696712,0.00660196,-0.00669876,0.214921,0.423647,0.214245,0.423468,True,True
5.445,-3.17448e-18,0,2.45234e-06,0.0017015,-0.00747849,0.543047,-0.62977,-4.47751e-06,-0.494404,1.06686,4.79789e-05,-15.0632,-0.437085,-4.35014e-05,-0.103004,-0.0017015,0.00747849,0.00606667,-3.17448e-18,0,-2.4538e-06,0.0017015,-0.00747849,-0.583142,-0.62977,-4.47751e-06,-0.4943,1.06686,4.79789e-05,-15.0636,-0.437085,-4.35014e-05,-0.103004,-0.0017015,0.00747849,0.00606684,-0.0629275,-0.0695933,0.00649125,-0.00658582,0.214907,0.423643,0.214245,0.423468,True,True
5.45,-3.17448e-18,0,2.4067e-06,0.00166443,-0.00735338,0.543478,-0.62977,-3.94866e-06,-0.494406,1.06686,4.62385e-05,-15.0632,-0.437086,-4.22898e-05,-0.103004,-0.00166443,0.00735338,0.00593399,-3.17448e-18,0,-2.40816e-06,0.00166443,-0.00735338,-0.582711,-0.62977,-3.94866e-06,-0.4943,1.06686,4.62385e-05,-15.0636,-0.437086,-4.22898e-05,-0.103004,-0.00166443,0.00735338,0.00593416,-0.0630042,-0.0695166,0.00638296,-0.00647534,0.214892,0.423639,0.214245,0.423468,True,True
5.455,-3.17448e-18,0,2.36185e-06,0.00162797,-0.00723101,0.543902,-0.62977,-3.44697e-06,-0.494409,1.06686,4.45616e-05,-15.0632,-0.437086,-4.11146e-05,-0.103004,-0.00162797,0.00723101,0.00580352,-3.17448e-18,0,-2.36331e-06,0.00162797,-0.00723101,-0.582286,-0.62977,-3.44697e-06,-0.494301,1.06686,4.45616e-05,-15.0637,-0.437086,-4.11146e-05,-0.103004,-0.00162797,0.00723101,0.00580368,-0.0630797,-0.0694413,0.00627703,-0.0063673,0.214878,0.423635,0.214245,0.423468,True,True
5.46,-3.17448e-18,0,2.31778e-06,0.00159212,-0.00711134,0.544319,-0.62977,-2.97124e-06,-0.494411,1.06686,4.29457e-05,-15.0632,-0.437086,-3.99745e-05,-0.103003,-0.00159212,0.00711134,0.0056752,-3.17448e-18,0,-2.31923e-06,0.00159212,-0.00711134,-0.581869,-0.62977,-2.97124e-06,-0.494301,1.06686,4.29457e-05,-15.0637,-0.437086,-3.99745e-05,-0.103003,-0.00159212,0.00711134,0.00567537,-0.063154,-0.0693671,0.00617343,-0.00626164,0.214864,0.423632,0.214245,0.423468,True,True
5.465,-3.17448e-18,0,2.27447e-06,0.00155685,-0.00699432,0.544729,-0.62977,-2.52033e-06,-0.494414,1.06686,4.13886e-05,-15.0632,-0.437086,-3.88683e-05,-0.103003,-0.00155685,0.00699432,0.005549,-3.17448e-18,0,-2.27592e-06,0.00155685,-0.00699432,-0.581459,-0.62977,-2.52033e-06,-0.494301,1.06686,4.13886e-05,-15.0637,-0.437086,-3.88683e-05,-0.103003,-0.00155685,0.00699432,0.00554916,-0.063227,-0.0692943,0.00607212,-0.00615833,0.21485,0.423628,0.214245,0.423468,True,True
5.47,-3.17448e-18,0,2.23192e-06,0.00152217,-0.00687992,0.545132,-0.62977,-2.09315e-06,-0.494416,1.06686,3.98881e-05,-15.0632,-0.437087,-3.77949e-05,-0.103003,-0.00152217,0.00687992,0.00542486,-3.17448e-18,0,-2.23337e-06,0.00152217,-0.00687992,-0.581056,-0.62977,-2.09315e-06,-0.494301,1.06686,3.98881e-05,-15.0637,-0.437087,-3.77949e-05,-0.103003,-0.00152217,0.00687992,0.00542503,-0.0632989,-0.0692226,0.00597307,-0.00605733,0.214837,0.423624,0.214245,0.423468,True,True
5.475,-3.17448e-18,0,2.19012e-06,0.00148806,-0.00676808,0.545529,-0.629771,-1.68865e-06,-0.494419,1.06686,3.84419e-05,-15.0632,-0.437087,-3.67533e-05,-0.103003,-0.00148806,0.00676808,0.00530274,-3.17448e-18,0,-2.19156e-06,0.00148806,-0.00676808,-0.580659,-0.629771,-1.68865e-06,-0.494301,1.06686,3.84419e-05,-15.0637,-0.437087,-3.67533e-05,-0.103003,-0.00148806,0.00676808,0.0053029,-0.0633695,-0.069152,0.00587623,-0.0059586,0.214824,0.423621,0.214245,0.423468,True,True
5.48,-3.17448e-18,0,2.14905e-06,0.00145449,-0.00665876,0.545919,-0.629771,-1.30582e-06,-0.494421,1.06686,3.70482e-05,-15.0632,-0.437087,-3.57424e-05,-0.103003,-0.00145449,0.00665876,0.00518259,-3.17448e-18,0,-2.1505e-06,0.00145449,-0.00665876,-0.580269,-0.629771,-1.30582e-06,-0.494301,1.06686,3.70482e-05,-15.0637,-0.437087,-3.57424e-05,-0.103003,-0.00145449,0.00665876,0.00518276,-0.0634391,-0.0690827,0.00578158,-0.0058621,0.214811,0.423617,0.214245,0.423468,True,True
5.485,-3.17448e-18,0,2.10872e-06,0.00142147,-0.00655193,0.546303,-0.629771,-9.43685e-07,-0.494424,1.06686,3.57048e-05,-15.0632,-0.437087,-3.47611e-05,-0.103002,-0.00142147,0.00655193,0.00506437,-3.17448e-18,0,-2.11016e-06,0.00142147,-0.00655193,-0.579885,-0.629771,-9.43685e-07,-0.494301,1.06686,3.57048e-05,-15.0637,-0.437087,-3.47611e-05,-0.103002,-0.00142147,0.00655193,0.00506454,-0.0635075,-0.0690144,0.00568908,-0.0057678,0.214798,0.423614,0.214245,0.423468,True,True
5.49,-3.17448e-18,0,2.06911e-06,0.00138897,-0.00644755,0.54668,-0.629771,-6.01324e-07,-0.494426,1.06686,3.44099e-05,-15.0632,-0.437087,-3.38086e-05,-0.103002,-0.00138897,0.00644755,0.00494804,-3.17448e-18,0,-2.07054e-06,0.00138897,-0.00644755,-0.579508,-0.629771,-6.01324e-07,-0.494301,1.06686,3.44099e-05,-15.0637,-0.437087,-3.38086e-05,-0.103002,-0.00138897,0.00644755,0.00494821,-0.0635749,-0.0689473,0.00559869,-0.00567566,0.214785,0.423611,0.214245,0.423468,True,True
5.495,-3.17448e-18,0,2.03021e-06,0.00135699,-0.00634557,0.547052,-0.629771,-2.77843e-07,-0.494428,1.06686,3.31617e-05,-15.0632,-0.437087,-3.28838e-05,-0.103002,-0.00135699,0.00634557,0.00483355,-3.17448e-18,0,-2.03164e-06,0.00135699,-0.00634557,-0.579136,-0.629771,-2.77843e-07,-0.494301,1.06686,3.31617e-05,-15.0637,-0.437087,-3.28838e-05,-0.103002,-0.00135699,0.00634557,0.00483372,-0.0636412,-0.0688812,0.00551038,-0.00558565,0.214773,0.423607,0.214245,0.423468,True,True
5.5,-3.17448e-18,0,1.99202e-06,0.00132552,-0.00624596,0.547418,-0.629771,2.76148e-08,-0.494431,1.06686,3.19583e-05,-15.0632,-0.437088,-3.1986e-05,-0.103002,-0.00132552,0.00624596,0.00472086,-3.17448e-18,0,-1.99344e-06,0.00132552,-0.00624596,-0.578771,-0.629771,2.76148e-08,-0.494301,1.06686,3.19583e-05,-15.0637,-0.437088,-3.1986e-05,-0.103002,-0.00132552,0.00624596,0.00472103,-0.0637064,-0.0688161,0.00542413,-0.00549773,0.21476,0.423604,0.214245,0.423468,True,True
5.505,-3.17448e-18,0,1.95453e-06,0.00129453,-0.00614869,0.547778,-0.629771,3.15869e-07,-0.494433,1.06686,3.07982e-05,-15.0632,-0.437088,-3.1114e-05,-0.103002,-0.00129453,0.00614869,0.00460993,-3.17448e-18,0,-1.95595e-06,0.00129453,-0.00614869,-0.578411,-0.629771,3.15869e-07,-0.494301,1.06686,3.07982e-05,-15.0637,-0.437088,-3.1114e-05,-0.103002,-0.00129453,0.00614869,0.0046101,-0.0637707,-0.0687521,0.00533988,-0.00541187,0.214748,0.423601,0.214245,0.423468,True,True
5.51,-3.17448e-18,0,1.91774e-06,0.00126403,-0.0060537,0.548132,-0.629771,5.87707e-07,-0.494435,1.06686,2.96796e-05,-15.0632,-0.437088,-3.02673e-05,-0.103002,-0.00126403,0.0060537,0.00450072,-3.17448e-18,0,-1.91916e-06,0.00126403,-0.0060537,-0.578056,-0.629771,5.87707e-07,-0.494301,1.06686,2.96796e-05,-15.0637,-0.437088,-3.02673e-05,-0.103002,-0.00126403,0.0060537,0.00450088,-0.0638339,-0.0686891,0.00525762,-0.00532804,0.214737,0.423598,0.214245,0.423468,True,True
5.515,-3.17448e-18,0,1.88165e-06,0.001234,-0.00596098,0.548481,-0.629771,8.43884e-07,-0.494438,1.06686,2.86009e-05,-15.0632,-0.437088,-2.94448e-05,-0.103002,-0.001234,0.00596098,0.00439319,-3.17448e-18,0,-1.88306e-06,0.001234,-0.00596098,-0.577708,-0.629771,8.43884e-07,-0.494301,1.06686,2.86009e-05,-15.0637,-0.437088,-2.94448e-05,-0.103002,-0.001234,0.00596098,0.00439335,-0.0638962,-0.068627,0.00517732,-0.00524621,0.214725,0.423595,0.214245,0.423468,True,True
5.52,-3.17448e-18,-3.85186e-32,1.84626e-06,0.00120442,-0.00587048,0.548824,-0.629771,1.08512e-06,-0.49444,1.06686,2.75607e-05,-15.0632,-0.437088,-2.86458e-05,-0.103002,-0.00120442,0.00587048,0.00428729,-3.17448e-18,-3.85186e-32,-1.84766e-06,0.00120442,-0.00587048,-0.577364,-0.629771,1.08512e-06,-0.494301,1.06686,2.75607e-05,-15.0637,-0.437088,-2.86458e-05,-0.103002,-0.00120442,0.00587048,0.00428745,-0.0639575,-0.0685659,0.00509894,-0.00516634,0.214713,0.423592,0.214245,0.423468,True,True
5.525,-3.17448e-18,0,1.81155e-06,0.00117529,-0.00578218,0.549162,-0.629771,1.31212e-06,-0.494442,1.06686,2.65575e-05,-15.0632,-0.437088,-2.78696e-05,-0.103002,-0.00117529,0.00578218,0.004183,-3.17448e-18,0,-1.81295e-06,0.00117529,-0.00578218,-0.577026,-0.629771,1.31212e-06,-0.494301,1.06686,2.65575e-05,-15.0637,-0.437088,-2.78696e-05,-0.103002,-0.00117529,0.00578218,0.00418315,-0.0640179,-0.0685057,0.00502246,-0.00508841,0.214702,0.423589,0.214245,0.423468,True,True
5.53,-3.17448e-18,3.85186e-32,1.77754e-06,0.0011466,-0.00569603,0.549496,-0.62977,1.52553e-06,-0.494444,1.06686,2.55898e-05,-15.0632,-0.437088,-2.71153e-05,-0.103001,-0.0011466,0.00569603,0.00408026,-3.17448e-18,3.85186e-32,-1.77893e-06,0.0011466,-0.00569603,-0.576693,-0.62977,1.52553e-06,-0.494301,1.06686,2.55898e-05,-15.0637,-0.437088,-2.71153e-05,-0.103001,-0.0011466,0.00569603,0.00408042,-0.0640774,-0.0684464,0.00494785,-0.00501238,0.214691,0.423586,0.214245,0.423468,True,True
5.535,-3.17448e-18,-3.85186e-32,1.74423e-06,0.00111833,-0.00561201,0.549824,-0.62977,1.72599e-06,-0.494446,1.06686,2.46563e-05,-15.0632,-0.437089,-2.63823e-05,-0.103001,-0.00111833,0.00561201,0.00397904,-3.17448e-18,-3.85186e-32,-1.74561e-06,0.00111833,-0.00561201,-0.576364,-0.62977,1.72599e-06,-0.494301,1.06686,2.46563e-05,-15.0638,-0.437089,-2.63823e-05,-0.103001,-0.00111833,0.00561201,0.0039792,-0.064136,-0.068388,0.00487507,-0.00493823,0.21468,0.423583,0.214245,0.423468,True,True
5.54,-3.17448e-18,-3.85186e-32,1.71162e-06,0.00109048,-0.00553008,0.550147,-0.62977,1.91412e-06,-0.494448,1.06686,2.37557e-05,-15.0632,-0.437089,-2.56698e-05,-0.103001,-0.00109048,0.00553008,0.00387931,-3.17448e-18,-3.85186e-32,-1.71299e-06,0.00109048,-0.00553008,-0.576041,-0.62977,1.91412e-06,-0.4943,1.06686,2.37557e-05,-15.0638,-0.437089,-2.56698e-05,-0.103001,-0.00109048,0.00553008,0.00387946,-0.0641938,-0.0683304,0.00480411,-0.00486593,0.214669,0.42358,0.214245,0.423468,True,True
5.545,-3.17448e-18,3.85186e-32,1.67972e-06,0.00106303,-0.00545022,0.550466,-0.62977,2.09048e-06,-0.49445,1.06686,2.28868e-05,-15.0632,-0.437089,-2.49772e-05,-0.103001,-0.00106303,0.00545022,0.00378102,-3.17448e-18,3.85186e-32,-1.68108e-06,0.00106303,-0.00545022,-0.575722,-0.62977,2.09048e-06,-0.4943,1.06686,2.28868e-05,-15.0638,-0.437089,-2.49772e-05,-0.103001,-0.00106303,0.00545022,0.00378117,-0.0642507,-0.0682737,0.00473494,-0.00479546,0.214658,0.423577,0.214245,0.423468,True,True
5.55,-3.17448e-18,3.85186e-32,1.64854e-06,0.00103598,-0.00537239,0.55078,-0.62977,2.25563e-06,-0.494453,1.06686,2.20482e-05,-15.0632,-0.437089,-2.43038e-05,-0.103001,-0.00103598,0.00537239,0.00368412,-3.17448e-18,3.85186e-32,-1.64989e-06,0.00103598,-0.00537239,-0.575408,-0.62977,2.25563e-06,-0.4943,1.06686,2.20482e-05,-15.0638,-0.437089,-2.43038e-05,-0.103001,-0.00103598,0.00537239,0.00368427,-0.0643068,-0.0682178,0.00466753,-0.00472677,0.214648,0.423574,0.214245,0.423468,True,True
5.555,-3.17448e-18,0,1.61808e-06,0.00100931,-0.00529657,0.551089,-0.62977,2.41009e-06,-0.494455,1.06686,2.12388e-05,-15.0632,-0.437089,-2.36489e-05,-0.103001,-0.00100931,0.00529657,0.00358858,-3.17448e-18,0,-1.61943e-06,0.00100931,-0.00529657,-0.575099,-0.62977,2.41009e-06,-0.4943,1.06686,2.12388e-05,-15.0638,-0.437089,-2.36489e-05,-0.103001,-0.00100931,0.00529657,0.00358873,-0.0643621,-0.0681626,0.00460186,-0.00465986,0.214638,0.423572,0.214245,0.423468,True,True
5.56,-3.17448e-18,0,1.58836e-06,0.00098301,-0.00522272,0.551393,-0.62977,2.55437e-06,-0.494457,1.06686,2.04576e-05,-15.0632,-0.437089,-2.30119e-05,-0.103001,-0.00098301,0.00522272,0.00349435,-3.17448e-18,0,-1.5897e-06,0.00098301,-0.00522272,-0.574795,-0.62977,2.55437e-06,-0.494299,1.06686,2.04576e-05,-15.0638,-0.437089,-2.30119e-05,-0.103001,-0.00098301,0.00522272,0.0034945,-0.0644167,-0.0681082,0.0045379,-0.0045947,0.214627,0.423569,0.214245,0.423468,True,True
5.565,-3.17448e-18,0,1.55938e-06,0.000957078,-0.00515083,0.551693,-0.62977,2.68892e-06,-0.49446,1.06686,1.97033e-05,-15.0632,-0.437089,-2.23922e-05,-0.103001,-0.000957078,0.00515083,0.00340137,-3.17448e-18,0,-1.56073e-06,0.000957078,-0.00515083,-0.574495,-0.62977,2.68892e-06,-0.494298,1.06686,1.97033e-05,-15.0638,-0.437089,-2.23922e-05,-0.103001,-0.000957078,0.00515083,0.00340152,-0.0644705,-0.0680545,0.00447563,-0.00453126,0.214617,0.423566,0.214245,0.423468,True,True
5.57,-3.17448e-18,0,1.53116e-06,0.000931501,-0.00508087,0.551988,-0.62977,2.8142e-06,-0.494462,1.06686,1.89749e-05,-15.0631,-0.437089,-2.17891e-05,-0.103,-0.000931501,0.00508087,0.0033096,-3.17448e-18,0,-1.53251e-06,0.000931501,-0.00508087,-0.5742,-0.62977,2.8142e-06,-0.494297,1.06686,1.89749e-05,-15.0638,-0.437089,-2.17891e-05,-0.103,-0.000931501,0.00508087,0.00330974,-0.0645236,-0.0680015,0.00441503,-0.00446951,0.214607,0.423564,0.214245,0.423468,True,True
5.575,-3.17448e-18,0,1.5037e-06,0.000906269,-0.0050128,0.552277,-0.62977,2.93063e-06,-0.494466,1.06686,1.82715e-05,-15.0631,-0.43709,-2.12021e-05,-0.103,-0.000906269,0.0050128,0.00321896,-3.17448e-18,0,-1.50507e-06,0.000906269,-0.0050128,-0.573911,-0.62977,2.93063e-06,-0.494296,1.06686,1.82715e-05,-15.0638,-0.43709,-2.12021e-05,-0.103,-0.000906269,0.0050128,0.0032191,-0.064576,-0.0679491,0.00435608,-0.00440945,0.214598,0.423561,0.214245,0.423468,True,True
5.58,-3.17448e-18,0,1.47701e-06,0.000881373,-0.00494662,0.552562,-0.62977,3.03858e-06,-0.494469,1.06686,1.7592e-05,-15.0631,-0.43709,-2.06305e-05,-0.103,-0.000881373,0.00494662,0.00312938,-3.17448e-18,0,-1.4784e-06,0.000881373,-0.00494662,-0.573626,-0.62977,3.03858e-06,-0.494293,1.06686,1.7592e-05,-15.0638,-0.43709,-2.06305e-05,-0.103,-0.000881373,0.00494662,0.00312953,-0.0646278,-0.0678973,0.00429875,-0.00435104,0.214588,0.423558,0.214245,0.423468,True,True
5.585,-3.17448e-18,0,1.45108e-06,0.000856803,-0.00488229,0.55284,-0.62977,3.13844e-06,-0.494474,1.06686,1.69354e-05,-15.0631,-0.43709,-2.00738e-05,-0.103,-0.000856803,0.00488229,0.00304078,-3.17448e-18,0,-1.4525e-06,0.000856803,-0.00488229,-0.573348,-0.62977,3.13844e-06,-0.49429,1.06686,1.69354e-05,-15.0638,-0.43709,-2.00738e-05,-0.103,-0.000856803,0.00488229,0.00304093,-0.0646789,-0.067846,0.00424304,-0.00429427,0.214578,0.423556,0.214245,0.423468,True,True
5.59,-3.17448e-18,0,1.42589e-06,0.00083255,-0.0048198,0.553112,-0.62977,3.23053e-06,-0.49448,1.06686,1.63008e-05,-15.0631,-0.43709,-1.95314e-05,-0.102999,-0.00083255,0.0048198,0.00295306,-3.17448e-18,0,-1.42736e-06,0.00083255,-0.0048198,-0.573076,-0.62977,3.23053e-06,-0.494286,1.06686,1.63008e-05,-15.0639,-0.43709,-1.95314e-05,-0.102999,-0.00083255,0.0048198,0.00295321,-0.0647296,-0.0677952,0.00418892,-0.00423911,0.214569,0.423553,0.214245,0.423468,True,True
5.595,-3.17448e-18,-3.85186e-32,1.40142e-06,0.000808605,-0.00475913,0.553376,-0.62977,3.31518e-06,-0.494487,1.06686,1.56875e-05,-15.0631,-0.43709,-1.90026e-05,-0.102999,-0.000808605,0.00475913,0.00286611,-3.17448e-18,-3.85186e-32,-1.40295e-06,0.000808605,-0.00475913,-0.572812,-0.62977,3.31518e-06,-0.49428,1.06686,1.56875e-05,-15.0639,-0.43709,-1.90026e-05,-0.102999,-0.000808605,0.00475913,0.00286627,-0.0647797,-0.0677448,0.00413638,-0.00418557,0.21456,0.423551,0.214245,0.423468,True,True
5.6,-3.17448e-18,0,1.37761e-06,0.000784959,-0.00470026,0.553632,-0.62977,3.39267e-06,-0.494496,1.06686,1.50944e-05,-15.063,-0.43709,-1.8487e-05,-0.102999,-0.000784959,0.00470026,0.00277982,-3.17448e-18,0,-1.37925e-06,0.000784959,-0.00470026,-0.572556,-0.62977,3.39267e-06,-0.494272,1.06686,1.50944e-05,-15.0639,-0.43709,-1.8487e-05,-0.102999,-0.000784959,0.00470026,0.00277998,-0.0648294,-0.0676948,0.0040854,-0.00413361,0.21455,0.423549,0.214245,0.423468,True,True
5.605,-3.17448e-18,3.85186e-32,1.35442e-06,0.000761603,-0.00464319,0.553879,-0.62977,3.46328e-06,-0.494508,1.06686,1.45208e-05,-15.063,-0.43709,-1.7984e-05,-0.102998,-0.000761603,0.00464319,0.00269405,-3.17448e-18,3.85186e-32,-1.35618e-06,0.000761603,-0.00464319,-0.572309,-0.62977,3.46328e-06,-0.494262,1.06686,1.45208e-05,-15.064,-0.43709,-1.7984e-05,-0.102998,-0.000761603,0.00464319,0.00269422,-0.0648788,-0.0676451,0.00403598,-0.00408324,0.214541,0.423546,0.214245,0.423468,True,True
5.61,-3.17448e-18,-3.85186e-32,1.33174e-06,0.000738527,-0.00458791,0.554117,-0.62977,3.52726e-06,-0.494522,1.06686,1.39658e-05,-15.0629,-0.43709,-1.74931e-05,-0.102998,-0.000738527,0.00458791,0.00260868,-3.17448e-18,-3.85186e-32,-1.33367e-06,0.000738527,-0.00458791,-0.572072,-0.62977,3.52726e-06,-0.494249,1.06686,1.39658e-05,-15.064,-0.43709,-1.74931e-05,-0.102998,-0.000738527,0.00458791,0.00260887,-0.0649279,-0.0675955,0.00398811,-0.00403443,0.214532,0.423544,0.214245,0.423468,True,True
5.615,-3.17448e-18,0,1.30949e-06,0.000715724,-0.00453439,0.554343,-0.62977,3.58489e-06,-0.494539,1.06686,1.34288e-05,-15.0629,-0.43709,-1.70137e-05,-0.102997,-0.000715724,0.00453439,0.00252363,-3.17448e-18,0,-1.31161e-06,0.000715724,-0.00453439,-0.571845,-0.62977,3.58489e-06,-0.494233,1.06686,1.34288e-05,-15.0641,-0.43709,-1.70137e-05,-0.102997,-0.000715724,0.00453439,0.00252383,-0.0649768,-0.0675461,0.00394177,-0.00398719,0.214524,0.423541,0.214245,0.423468,True,True
5.62,-3.17448e-18,0,1.28753e-06,0.000693183,-0.00448265,0.554559,-0.62977,3.63642e-06,-0.49456,1.06686,1.29089e-05,-15.0628,-0.43709,-1.65453e-05,-0.102996,-0.000693183,0.00448265,0.00243883,-3.17448e-18,0,-1.28989e-06,0.000693183,-0.00448265,-0.571629,-0.62977,3.63642e-06,-0.494213,1.06686,1.29089e-05,-15.0642,-0.43709,-1.65453e-05,-0.102996,-0.000693183,0.00448265,0.00243906,-0.0650255,-0.0674968,0.00389698,-0.00394151,0.214515,0.423539,0.214245,0.423468,True,True
5.625,-3.17448e-18,0,1.26578e-06,0.000670897,-0.00443268,0.554766,-0.62977,3.68214e-06,-0.494583,1.06686,1.24055e-05,-15.0627,-0.43709,-1.60876e-05,-0.102996,-0.000670897,0.00443268,0.00235439,-3.17448e-18,0,-1.2684e-06,0.000670897,-0.00443268,-0.571423,-0.62977,3.68214e-06,-0.494191,1.06686,1.24055e-05,-15.0643,-0.43709,-1.60876e-05,-0.102996,-0.000670897,0.00443268,0.00235464,-0.0650741,-0.0674478,0.00385372,-0.00389739,0.214506,0.423537,0.214245,0.423468,True,True
5.63,-3.17448e-18,3.85186e-32,1.24415e-06,0.000648856,-0.00438446,0.554967,-0.62977,3.72238e-06,-0.494607,1.06686,1.19178e-05,-15.0626,-0.437091,-1.56402e-05,-0.102995,-0.000648856,0.00438446,0.00227061,-3.17448e-18,3.85186e-32,-1.24705e-06,0.000648856,-0.00438446,-0.571222,-0.62977,3.72238e-06,-0.494168,1.06686,1.19178e-05,-15.0644,-0.437091,-1.56402e-05,-0.102995,-0.000648856,0.00438446,0.00227087,-0.0651222,-0.0673991,0.00381198,-0.00385481,0.214498,0.423535,0.214245,0.423468,True,True
5.635,-3.17448e-18,0,1.2227e-06,0.000627052,-0.00433798,0.555171,-0.62977,3.75756e-06,-0.494629,1.06686,1.14453e-05,-15.0625,-0.437091,-1.52028e-05,-0.102995,-0.000627052,0.00433798,0.00218815,-3.17448e-18,0,-1.22582e-06,0.000627052,-0.00433798,-0.571018,-0.62977,3.75756e-06,-0.494148,1.06686,1.14453e-05,-15.0644,-0.437091,-1.52028e-05,-0.102995,-0.000627052,0.00433798,0.00218843,-0.0651697,-0.0673513,0.00377175,-0.00381376,0.214489,0.423532,0.214245,0.423468,True,True
5.64,-3.17448e-18,-3.85186e-32,1.20166e-06,0.000605477,-0.0042932,0.555392,-0.62977,3.78819e-06,-0.494642,1.06686,1.09872e-05,-15.0625,-0.437091,-1.47754e-05,-0.102995,-0.000605477,0.0042932,0.00210832,-3.17448e-18,-3.85186e-32,-1.20489e-06,0.000605477,-0.0042932,-0.570797,-0.62977,3.78819e-06,-0.494135,1.06686,1.09872e-05,-15.0645,-0.437091,-1.47754e-05,-0.102995,-0.000605477,0.0042932,0.00210861,-0.0652158,-0.0673052,0.00373299,-0.00377421,0.214481,0.42353,0.214245,0.423468,True,True
5.645,-3.17448e-18,0,1.18168e-06,0.000584121,-0.00425004,0.555658,-0.62977,3.81496e-06,-0.494636,1.06686,1.05428e-05,-15.0625,-0.437091,-1.43578e-05,-0.102995,-0.000584121,0.00425004,0.00203343,-3.17448e-18,0,-1.18477e-06,0.000584121,-0.00425004,-0.570531,-0.62977,3.81496e-06,-0.494143,1.06686,1.05428e-05,-15.0645,-0.437091,-1.43578e-05,-0.102995,-0.000584121,0.00425004,0.0020337,-0.0652593,-0.0672621,0.00369566,-0.00373609,0.214472,0.423528,0.214245,0.423468,True,True
5.65,-3.17448e-18,3.85186e-32,1.16412e-06,0.000562976,-0.00420839,0.556011,-0.62977,3.83877e-06,-0.494593,1.06686,1.01115e-05,-15.0627,-0.437091,-1.39503e-05,-0.102995,-0.000562976,0.00420839,0.00196734,-3.17448e-18,3.85186e-32,-1.1666e-06,0.000562976,-0.00420839,-0.570177,-0.62977,3.83877e-06,-0.494187,1.06686,1.01115e-05,-15.0643,-0.437091,-1.39503e-05,-0.102995,-0.000562976,0.00420839,0.00196755,-0.0652981,-0.0672243,0.00365961,-0.00369929,0.214464,0.423526,0.214245,0.423468,True,True
5.655,-3.17448e-18,0,1.15175e-06,0.000542037,-0.00416799,0.556524,-0.62977,3.86079e-06,-0.494483,1.06686,9.69248e-06,-15.0631,-0.437091,-1.35533e-05,-0.102996,-0.000542037,0.00416799,0.00191636,-3.17448e-18,0,-1.15285e-06,0.000542037,-0.00416799,-0.569663,-0.62977,3.86079e-06,-0.494299,1.06686,9.69248e-06,-15.0639,-0.437091,-1.35533e-05,-0.102996,-0.000542037,0.00416799,0.00191646,-0.0653285,-0.0671955,0.00362466,-0.0036636,0.214456,0.423524,0.214245,0.423468,True,True
5.66,-3.17448e-18,-3.85186e-32,1.15016e-06,0.000521296,-0.00412846,0.55731,-0.62977,3.88252e-06,-0.49426,1.06686,9.28485e-06,-15.064,-0.437091,-1.31674e-05,-0.102998,-0.000521296,0.00412846,0.00189056,-3.17448e-18,-3.85186e-32,-1.14863e-06,0.000521296,-0.00412846,-0.568877,-0.62977,3.88252e-06,-0.494525,1.06686,9.28485e-06,-15.063,-0.437091,-1.31674e-05,-0.102998,-0.000521296,0.00412846,0.00189042,-0.0653451,-0.0671816,0.00359046,-0.00362868,0.214448,0.423521,0.214245,0.423468,True,True
5.665,-3.17448e-18,-3.85186e-32,1.17095e-06,0.000500752,-0.00408915,0.558545,-0.62977,3.90584e-06,-0.493849,1.06686,8.8875e-06,-15.0657,-0.437091,-1.27933e-05,-0.103001,-0.000500752,0.00408915,0.00190564,-3.17448e-18,-3.85186e-32,-1.16492e-06,0.000500752,-0.00408915,-0.567639,-0.62977,3.90584e-06,-0.494937,1.06686,8.8875e-06,-15.0613,-0.437091,-1.27933e-05,-0.103001,-0.000500752,0.00408915,0.00190509,-0.0653388,-0.0671916,0.00355644,-0.00359396,0.21444,0.423519,0.214245,0.423468,True,True
5.67,-3.17448e-18,3.85186e-32,1.23906e-06,0.000480405,-0.004049,0.560503,-0.62977,3.93304e-06,-0.49314,1.06686,8.49894e-06,-15.0685,-0.437091,-1.2432e-05,-0.103005,-0.000480405,0.004049,0.00198583,-3.17448e-18,3.85186e-32,-1.22579e-06,0.000480405,-0.004049,-0.56568,-0.62977,3.93304e-06,-0.49565,1.06686,8.49894e-06,-15.0585,-0.437091,-1.2432e-05,-0.103005,-0.000480405,0.004049,0.0019845,-0.0652958,-0.0672394,0.00352168,-0.00355851,0.214432,0.423517,0.214245,0.423468,True,True
5.675,-3.17448e-18,3.85186e-32,1.40128e-06,0.000460262,-0.00400636,0.563504,-0.62977,3.9667e-06,-0.491999,1.06686,8.11712e-06,-15.073,-0.437091,-1.20838e-05,-0.10301,-0.000460262,0.00400636,0.00215964,-3.17448e-18,3.85186e-32,-1.37728e-06,0.000460262,-0.00400636,-0.562679,-0.62977,3.9667e-06,-0.496794,1.06686,8.11712e-06,-15.054,-0.437091,-1.20838e-05,-0.10301,-0.000460262,0.00400636,0.00215687,-0.0651996,-0.0673411,0.00348474,-0.00352089,0.214424,0.423515,0.214245,0.423468,True,True
5.68,-3.17448e-18,0,8.07876e-07,0.000440341,-0.00395899,0.559814,-0.62977,4.00922e-06,-0.493629,1.06686,7.73962e-06,-15.0666,-0.437091,-1.17488e-05,-0.103041,-0.000440341,0.00395899,0.00173967,-3.17448e-18,0,-8.02281e-07,0.000440341,-0.00395899,-0.566371,-0.62977,4.00922e-06,-0.49518,1.06686,7.73962e-06,-15.0604,-0.437091,-1.17488e-05,-0.103041,-0.000440341,0.00395899,0.00173895,-0.0654608,-0.0671209,0.00344366,-0.00347913,0.214417,0.423513,0.214245,0.423468,True,True
5.685,-3.17448e-18,0,3.15044e-07,0.000420672,-0.00393382,0.554837,-0.62977,4.03296e-06,-0.49579,1.06686,7.55164e-06,-15.0581,-0.437091,-1.15846e-05,-0.103068,-0.000420672,0.00393382,0.00120662,-3.17448e-18,0,-3.21531e-07,0.000420672,-0.00393382,-0.571358,-0.62977,4.03296e-06,-0.493033,1.06686,7.55164e-06,-15.069,-0.437091,-1.15846e-05,-0.103068,-0.000420672,0.00393382,0.00120751,-0.0657843,-0.0668338,0.00342181,-0.00345697,0.214409,0.423511,0.214245,0.423468,True,True
