iteration,time_s,fps,collect_s,update_s,reward_per_step,value_loss,surrogate,entropy,kl,lr,std,symmetry,ep_tracking_lin_vel,ep_tracking_ang_vel,ep_lin_vel_z,ep_ang_vel_xy,ep_orientation,ep_base_height,ep_torques,ep_torque_limits,ep_dof_vel,ep_dof_acc,ep_action_rate,ep_dof_pos_limits,ep_alive,ep_hip_pos,ep_contact,ep_feet_swing_height,ep_contact_no_vel,ep_stand_still,ep_termination,ep_length_s,unstable_resets
4000,4.4,5583,3.57,0.83,0.01597,0.33632,-0.0111,5.56031,0.01887,1e-05,0.43023,0.0,0.00164,0.00316,-0.01537,-0.01243,-0.00165,-0.00222,-0.00257,-0.00171,-0.00219,-0.00084,-0.00201,-0.03442,0.00298,-0.00477,0.00415,-0.00169,-0.00177,-0.00208,-0.2,0.39667,0
4001,7.7,7358,2.92,0.42,0.01536,0.05263,-0.00927,5.57123,0.01166,0.00011,0.43088,0.0,0.00415,0.00552,-0.01188,-0.00708,-0.00415,-0.00278,-0.00329,-0.00173,-0.00291,-0.00135,-0.00304,-0.02101,0.00544,-0.00577,0.00794,-0.00281,-0.00286,-0.0061,-0.2,0.72476,0
4002,11.2,7101,3.03,0.43,0.02235,0.05767,-0.01116,5.59442,0.0148,0.00011,0.43174,0.0,0.01063,0.00942,-0.02187,-0.00684,-0.00658,-0.00378,-0.00494,-0.00236,-0.00568,-0.00236,-0.00469,-0.01727,0.00853,-0.00949,0.01248,-0.00247,-0.0065,-0.01904,-0.2,1.13778,0
4003,14.8,6928,3.09,0.46,0.02364,0.02954,-0.00954,5.61622,0.01538,8e-05,0.43246,0.0,0.03334,0.01721,-0.0607,-0.0114,-0.01151,-0.00734,-0.00724,-0.00374,-0.01224,-0.00433,-0.00863,-0.01604,0.01359,-0.01368,0.02047,-0.01095,-0.00835,-0.02021,-0.2,1.812,0
4004,18.5,6523,3.24,0.53,0.02413,0.02793,-0.0079,5.63101,0.01522,3e-05,0.43289,0.0,0.05283,0.02575,-0.01695,-0.00496,-0.00477,-0.00281,-0.00613,-0.00211,-0.0067,-0.00352,-0.00817,-0.00828,0.0147,-0.00678,0.02578,-0.00164,-0.00465,-0.03208,-0.125,1.96,0
4005,22.5,6164,3.47,0.52,0.02404,0.0276,-0.00913,5.63934,0.01384,0.00011,0.43322,0.0,0.08419,0.03687,-0.01467,-0.00515,-0.00378,-0.00219,-0.00682,-0.00175,-0.00894,-0.00471,-0.01045,-0.00424,0.0191,-0.00594,0.03835,-0.00141,-0.00839,-0.03441,-0.0697,2.54727,0
4006,26.1,6839,3.1,0.49,0.02515,0.02051,-0.01065,5.64943,0.0148,5e-05,0.43355,0.0,0.08563,0.0371,-0.02061,-0.00632,-0.00439,-0.00258,-0.0082,-0.00217,-0.00919,-0.00487,-0.01102,-0.00759,0.0201,-0.0071,0.03839,-0.00611,-0.00554,-0.01007,-0.08182,2.68,0
4007,29.9,6402,3.33,0.51,0.02577,0.02509,-0.00866,5.65953,0.01317,0.00017,0.43411,0.0,0.12843,0.05461,-0.01046,-0.00647,-0.00369,-0.00201,-0.00884,-0.00207,-0.00979,-0.00581,-0.01366,-0.00236,0.02643,-0.00593,0.05268,-0.00323,-0.00731,-0.03283,-0.05833,3.52417,0
4008,33.7,6505,3.35,0.43,0.02444,0.03074,-0.00566,5.67341,0.02003,1e-05,0.43438,0.0,0.0951,0.04463,-0.0221,-0.00803,-0.00549,-0.00304,-0.00956,-0.00325,-0.01172,-0.00574,-0.01351,-0.01171,0.02422,-0.00908,0.04525,-0.00606,-0.01116,-0.03554,-0.12,3.229,0
4009,38.0,5685,3.85,0.47,0.02597,0.01139,-0.00562,5.67646,0.01064,0.00011,0.4345,0.0,0.16558,0.06366,-0.00816,-0.00614,-0.00299,-0.00108,-0.00988,-0.0016,-0.00963,-0.00624,-0.01529,-0.00215,0.03066,-0.00505,0.06485,-0.00376,-0.00496,0.0,-0.025,4.0875,0
4010,42.5,5473,3.95,0.54,0.02255,0.09455,-0.0108,5.68149,0.01495,0.00017,0.43492,0.0,0.19203,0.07626,-0.02474,-0.00891,-0.00511,-0.00227,-0.01297,-0.00316,-0.0145,-0.00908,-0.02029,-0.00713,0.03776,-0.01097,0.07542,-0.005,-0.00894,-0.02643,-0.02857,5.03429,0
4011,46.3,6592,3.25,0.48,0.02032,0.0618,-0.01051,5.69776,0.01502,8e-05,0.43539,0.0,0.18257,0.07591,-0.01426,-0.00902,-0.00478,-0.00279,-0.01322,-0.003,-0.01458,-0.00921,-0.02041,-0.00534,0.03856,-0.01041,0.07681,-0.00558,-0.01154,-0.03153,-0.08333,5.14083,0
4012,50.5,5758,3.7,0.57,0.02182,0.03481,-0.00891,5.71126,0.01396,5e-05,0.43583,0.0,0.21877,0.08959,-0.01802,-0.00973,-0.00552,-0.00282,-0.01404,-0.00287,-0.01454,-0.00953,-0.02241,-0.00635,0.04346,-0.00995,0.08645,-0.00387,-0.01002,-0.04465,-0.09762,5.79429,0
4013,55.0,5470,3.97,0.53,0.02353,0.02153,-0.00791,5.72084,0.01624,1e-05,0.43608,0.0,0.25348,0.10079,-0.01916,-0.00976,-0.00613,-0.0028,-0.01476,-0.00277,-0.01478,-0.01072,-0.02457,-0.00453,0.04769,-0.00899,0.09619,-0.00409,-0.00762,-0.04697,-0.12,6.358,0
4014,59.8,5190,4.15,0.59,0.02495,0.00805,-0.00707,5.72148,0.00961,0.00011,0.43597,0.0,0.22496,0.0871,-0.02159,-0.01008,-0.0059,-0.0028,-0.01389,-0.00263,-0.01418,-0.00917,-0.02192,-0.00422,0.04219,-0.00872,0.08661,-0.00595,-0.00753,-0.0204,-0.07,5.626,0
4015,64.6,5122,4.27,0.53,0.0259,0.01161,-0.00861,5.71733,0.01572,0.00017,0.4359,0.0,0.29916,0.1175,-0.01727,-0.01142,-0.00666,-0.00143,-0.01837,-0.00323,-0.01837,-0.01279,-0.02922,-0.00391,0.05628,-0.00984,0.11794,-0.00908,-0.00872,0.0,-0.04,7.504,0
4016,68.8,5848,3.82,0.39,0.02646,0.00513,-0.00941,5.71265,0.01457,0.00011,0.43559,0.0,0.33169,0.12969,-0.01006,-0.00934,-0.00433,-0.00129,-0.01841,-0.00205,-0.01731,-0.01227,-0.02974,-0.00048,0.05891,-0.00729,0.1255,-0.00746,-0.0077,0.0,0.0,7.855,0
4017,73.5,5165,4.21,0.54,0.02661,0.01173,-0.00484,5.70169,0.01876,1e-05,0.43525,0.0,0.34165,0.13213,-0.01425,-0.0118,-0.00654,-0.00277,-0.02146,-0.00248,-0.02164,-0.01378,-0.03217,-0.00215,0.06321,-0.01016,0.13588,-0.00674,-0.01048,0.0,0.0,8.4275,0
4018,77.9,5569,3.87,0.54,0.02618,0.00586,-0.00669,5.69766,0.00941,0.00011,0.43498,0.0,0.26481,0.10702,-0.01112,-0.01013,-0.00445,-0.00158,-0.01571,-0.00273,-0.01469,-0.01054,-0.02562,-0.00675,0.04911,-0.00836,0.09972,-0.00569,-0.00756,0.0,-0.05714,6.54857,0
4019,82.5,5341,4.07,0.53,0.02659,0.00448,-0.00941,5.68548,0.01443,0.00011,0.43435,0.0,0.35797,0.13884,-0.01705,-0.01265,-0.00578,-0.00208,-0.02283,-0.00312,-0.02201,-0.01405,-0.03458,-0.00187,0.06658,-0.01118,0.13624,-0.00795,-0.01362,0.0,0.0,8.8775,0
4020,87.0,5496,3.99,0.48,0.02492,0.1745,-0.00593,5.67731,0.01511,0.00017,0.43435,0.0,0.34996,0.13783,-0.01583,-0.01117,-0.00501,-0.00249,-0.02186,-0.00311,-0.02198,-0.01363,-0.03343,-0.00052,0.0642,-0.00931,0.13526,-0.008,-0.0127,0.0,0.0,8.56,0
4021,90.9,6262,3.33,0.59,0.01792,0.05118,-0.0101,5.68538,0.01478,0.00011,0.43459,0.0,0.3605,0.14407,-0.02378,-0.01408,-0.00657,-0.00329,-0.0233,-0.00437,-0.02489,-0.01591,-0.0366,-0.00299,0.06957,-0.01137,0.14342,-0.00871,-0.01577,-0.01714,-0.01429,9.27571,0
4022,95.1,5836,3.69,0.52,0.01887,0.02773,-0.00881,5.6917,0.01393,8e-05,0.43477,0.0,0.36139,0.14748,-0.01852,-0.01484,-0.00788,-0.0028,-0.02229,-0.00394,-0.02072,-0.01447,-0.03565,-0.0033,0.06938,-0.01394,0.14166,-0.0087,-0.0105,-0.02743,-0.10909,9.25091,0
4023,99.5,5639,3.98,0.37,0.02295,0.01415,-0.00967,5.69908,0.01315,0.00011,0.43502,0.0,0.42734,0.17316,-0.02514,-0.01662,-0.00954,-0.0061,-0.02781,-0.00552,-0.0244,-0.01757,-0.042,-0.00923,0.08247,-0.01764,0.16778,-0.00787,-0.01311,-0.05927,-0.10909,10.99636,0
4024,104.1,5343,4.07,0.53,0.02555,0.01234,-0.00783,5.70268,0.01471,0.00011,0.43508,0.0,0.4644,0.18272,-0.023,-0.01647,-0.00864,-0.00335,-0.02905,-0.00476,-0.02877,-0.01837,-0.04469,-0.00144,0.08755,-0.0158,0.17912,-0.01286,-0.0173,-0.00991,0.0,11.67333,0
4025,108.8,5192,4.25,0.48,0.02561,0.01025,-0.00736,5.7037,0.01378,0.00011,0.43502,0.0,0.44279,0.18482,-0.03032,-0.02072,-0.01094,-0.00245,-0.02998,-0.00625,-0.02692,-0.01931,-0.04705,-0.0038,0.09185,-0.02063,0.18324,-0.01237,-0.01505,-0.05555,-0.08333,12.24667,0
4026,113.7,5012,4.35,0.55,0.02626,0.01326,-0.00613,5.69996,0.01814,1e-05,0.43489,0.0,0.44031,0.17609,-0.01742,-0.01452,-0.00709,-0.0024,-0.02542,-0.00373,-0.02224,-0.01615,-0.04068,-0.00408,0.0801,-0.01202,0.16674,-0.01227,-0.01082,-0.00811,-0.0375,10.68,0
4027,118.7,4909,4.43,0.58,0.02614,0.00221,-0.00862,5.69308,0.00826,0.00011,0.43422,0.0,0.39386,0.15555,-0.02035,-0.01608,-0.00707,-0.0026,-0.02416,-0.00401,-0.02572,-0.0171,-0.03811,-0.00781,0.07421,-0.01429,0.15521,-0.01261,-0.01204,0.0,-0.06667,9.89444,0
4028,123.4,5331,4.07,0.54,0.02696,0.0014,-0.00984,5.64982,0.01423,0.00026,0.43199,0.0,0.57562,0.22455,-0.01553,-0.01647,-0.00675,-0.00146,-0.02958,-0.00323,-0.0262,-0.02011,-0.05057,-0.00091,0.10128,-0.01356,0.21643,-0.0109,-0.01116,-0.03876,0.0,13.50444,0
4029,127.9,5391,4.01,0.55,0.02699,0.00154,-0.01018,5.58971,0.01473,0.00026,0.43017,0.0,0.46247,0.18547,-0.01136,-0.00994,-0.00409,-0.00112,-0.02216,-0.00201,-0.01918,-0.01602,-0.04062,-0.00014,0.08055,-0.0066,0.16578,-0.00334,-0.00858,-0.10682,0.0,10.74,0
4030,132.7,5143,4.24,0.54,0.02714,0.00148,-0.00968,5.53717,0.01407,0.00026,0.42803,0.0,0.52219,0.20474,-0.01647,-0.01617,-0.00672,-0.00212,-0.02979,-0.00401,-0.0262,-0.01902,-0.04688,-0.00131,0.09294,-0.01425,0.19688,-0.0113,-0.01238,0.0,0.0,12.3925,0
4031,136.7,6087,3.53,0.5,0.02305,0.04273,-0.01171,5.4963,0.0145,0.00017,0.42748,0.0,0.54867,0.21405,-0.02011,-0.01817,-0.00928,-0.00325,-0.03225,-0.00426,-0.03304,-0.02083,-0.05107,-0.00194,0.10112,-0.01727,0.21413,-0.0148,-0.0168,0.0,0.0,13.48333,0
4032,140.6,6303,3.42,0.48,0.02219,0.03796,-0.01072,5.49843,0.01509,8e-05,0.42777,0.0,0.6018,0.23504,-0.0212,-0.01872,-0.00732,-0.00258,-0.03398,-0.00443,-0.03297,-0.02341,-0.05576,-0.00035,0.1086,-0.01608,0.22822,-0.01298,-0.01782,-0.0356,0.0,14.48,0
4033,144.9,5744,3.71,0.56,0.023,0.03146,-0.01031,5.51299,0.01565,5e-05,0.42842,0.0,0.56883,0.22308,-0.02704,-0.01872,-0.00802,-0.00331,-0.03151,-0.00509,-0.0304,-0.02182,-0.05265,-0.00411,0.1036,-0.01825,0.21642,-0.01157,-0.01782,-0.05886,-0.08462,13.81308,0
4034,149.4,5420,4.01,0.52,0.02439,0.0139,-0.00945,5.5278,0.01405,0.00011,0.42874,0.0,0.62257,0.24839,-0.02916,-0.01942,-0.00858,-0.00352,-0.03393,-0.00549,-0.03174,-0.02339,-0.0575,-0.00526,0.11355,-0.01651,0.23597,-0.01153,-0.0171,-0.07735,-0.06364,15.13939,0
4035,154.1,5290,4.11,0.53,0.02581,0.01071,-0.00738,5.53509,0.0147,0.00017,0.42908,0.0,0.50949,0.20386,-0.02051,-0.01726,-0.00734,-0.00233,-0.02905,-0.00405,-0.02883,-0.01966,-0.04734,-0.00252,0.09328,-0.01439,0.19657,-0.01372,-0.01428,-0.00697,-0.03,12.438,0
4036,158.7,5323,4.0,0.62,0.0263,0.00331,-0.00566,5.53834,0.0163,3e-05,0.42892,0.0,0.51484,0.2022,-0.03787,-0.01827,-0.00798,-0.00341,-0.02679,-0.00429,-0.02726,-0.01944,-0.04748,-0.01016,0.09333,-0.01612,0.19301,-0.01038,-0.01759,-0.09476,-0.0875,12.44375,0
4037,163.4,5242,4.33,0.36,0.02733,0.00581,-0.007,5.52778,0.01183,0.00017,0.42824,0.0,0.52489,0.20529,-0.02054,-0.01818,-0.00748,-0.00347,-0.0318,-0.00462,-0.03265,-0.02101,-0.0491,-0.00093,0.09579,-0.01389,0.20585,-0.01232,-0.01788,0.0,0.0,12.772,0
4038,167.9,5449,3.99,0.52,0.027,0.00607,-0.00351,5.51044,0.0151,5e-05,0.42788,0.0,0.47689,0.19067,-0.01538,-0.01551,-0.00526,-0.00167,-0.02385,-0.003,-0.02054,-0.01604,-0.04234,-0.00585,0.08508,-0.01063,0.17971,-0.01116,-0.00837,-0.02931,-0.08,11.344,0
4039,172.7,5083,4.3,0.54,0.02722,0.013,-0.00627,5.50697,0.0135,5e-05,0.42788,0.0,0.66048,0.26032,-0.01753,-0.01982,-0.00668,-0.0009,-0.03208,-0.0031,-0.0264,-0.02122,-0.05536,-9e-05,0.11532,-0.0167,0.24285,-0.01648,-0.00931,-0.02108,0.0,15.37667,0
4040,177.7,4952,4.36,0.6,0.02687,0.00365,-0.00807,5.50392,0.01095,0.00017,0.42744,0.0,0.41489,0.16406,-0.03732,-0.01654,-0.00839,-0.00456,-0.02783,-0.00566,-0.03228,-0.01906,-0.0417,-0.00883,0.08079,-0.01802,0.16891,-0.01636,-0.02144,0.0,-0.08,10.772,0
4041,182.9,4718,4.8,0.41,0.02389,0.13772,-0.01126,5.4947,0.01498,0.00017,0.42753,0.0,0.52527,0.205,-0.03077,-0.01925,-0.01054,-0.00432,-0.03232,-0.00587,-0.03263,-0.02082,-0.05133,-0.00467,0.09862,-0.0228,0.20444,-0.01321,-0.01803,-0.01624,-0.05,13.15,0
4042,187.1,5824,3.74,0.48,0.01635,0.09256,-0.00936,5.51363,0.01777,1e-05,0.428,0.0,0.46049,0.17911,-0.02072,-0.0152,-0.0053,-0.00188,-0.02395,-0.00356,-0.02109,-0.01623,-0.0398,-0.01472,0.08182,-0.01197,0.17308,-0.00802,-0.01039,-0.04774,-0.0787,10.90981,0
4043,191.6,5470,4.04,0.45,0.01983,0.03161,-0.00812,5.52017,0.01207,0.00011,0.42832,0.0,0.51111,0.19866,-0.01933,-0.01521,-0.00694,-0.00268,-0.0268,-0.00353,-0.02302,-0.01806,-0.04552,-0.00705,0.09103,-0.01299,0.19219,-0.00863,-0.01162,-0.05884,-0.08842,12.13732,0
4044,196.1,5522,3.9,0.55,0.02448,0.01414,-0.00659,5.53267,0.01685,2e-05,0.42865,0.0,0.3813,0.15147,-0.01742,-0.01318,-0.00678,-0.00261,-0.02131,-0.00332,-0.01855,-0.01416,-0.0352,-0.00618,0.07059,-0.01238,0.14495,-0.00856,-0.00923,-0.03642,-0.09,9.412,0
4045,200.8,5245,4.18,0.51,0.02592,0.01873,-0.00744,5.53628,0.0103,0.00011,0.42882,0.0,0.62563,0.24322,-0.03212,-0.02017,-0.00878,-0.00292,-0.03327,-0.00511,-0.03095,-0.02256,-0.05527,-0.00668,0.11166,-0.01788,0.23493,-0.01361,-0.01619,-0.0506,-0.03636,14.88818,0
4046,205.1,5703,3.96,0.34,0.02634,0.00598,-0.00726,5.54155,0.01289,0.00011,0.42884,0.0,0.39348,0.15687,-0.01728,-0.01313,-0.00629,-0.00224,-0.02263,-0.00375,-0.01767,-0.01362,-0.03658,-0.00403,0.07265,-0.01127,0.14891,-0.00834,-0.00926,-0.03379,-0.05926,9.68667,0
4047,209.7,5329,4.05,0.56,0.02717,0.00372,-0.00878,5.53231,0.01516,0.00017,0.42819,0.0,0.6481,0.2537,-0.024,-0.0174,-0.00663,-0.00211,-0.03352,-0.00437,-0.03018,-0.02302,-0.05786,-0.00374,0.11514,-0.01536,0.24144,-0.00854,-0.01616,-0.09448,-0.01667,15.35167,0
4048,214.1,5624,4.02,0.35,0.02724,0.00519,-0.00562,5.51584,0.01409,0.00011,0.42771,0.0,0.64922,0.25693,-0.02199,-0.01959,-0.00747,-0.00174,-0.03411,-0.00438,-0.03164,-0.02436,-0.05882,-0.00154,0.11766,-0.01697,0.24789,-0.01116,-0.01457,-0.06035,0.0,15.68833,0
4049,218.8,5184,4.24,0.5,0.02688,0.00633,-0.00695,5.50157,0.01468,0.00026,0.42713,0.0,0.65191,0.25354,-0.01977,-0.01889,-0.00662,-0.0014,-0.03374,-0.00462,-0.02869,-0.02287,-0.05652,-0.00141,0.11357,-0.01767,0.23968,-0.01296,-0.01299,-0.03722,-0.02857,15.14286,0
4050,223.5,5247,4.1,0.58,0.02695,0.01218,-0.00088,5.49469,0.02284,1e-05,0.42709,0.0,0.45678,0.17923,-0.0178,-0.01568,-0.0061,-0.00223,-0.02555,-0.00368,-0.02474,-0.01723,-0.04102,-0.0034,0.08317,-0.01342,0.17614,-0.00877,-0.01442,-0.02844,-0.00556,11.08917,0
4051,228.1,5285,4.15,0.5,0.02696,0.00403,-0.0073,5.49346,0.00959,0.00011,0.4269,0.0,0.43516,0.17062,-0.01691,-0.01445,-0.00585,-0.002,-0.02475,-0.00367,-0.02193,-0.01533,-0.0389,-0.0068,0.07832,-0.01417,0.16453,-0.0085,-0.01108,-0.02619,-0.03077,10.44308,0
4052,232.1,6174,3.5,0.48,0.02206,0.05066,-0.01069,5.48876,0.01604,5e-05,0.42689,0.0,0.6329,0.24556,-0.01734,-0.01811,-0.00618,-0.00145,-0.03274,-0.00394,-0.02818,-0.02081,-0.05576,-0.00237,0.1106,-0.01524,0.23364,-0.01259,-0.01279,-0.03387,-0.01667,14.74667,0
4053,236.1,6185,3.44,0.54,0.02178,0.04867,-0.0091,5.49819,0.01445,3e-05,0.42729,0.0,0.63037,0.2446,-0.01643,-0.0186,-0.00632,-0.00139,-0.03103,-0.00367,-0.02671,-0.02131,-0.05442,-0.00115,0.10981,-0.01449,0.23213,-0.01311,-0.01187,-0.04311,-0.02667,14.64089,0
4054,240.4,5712,3.95,0.36,0.02319,0.02911,-0.00884,5.50915,0.01313,0.00011,0.42769,0.0,0.5219,0.20766,-0.01928,-0.01628,-0.00757,-0.0027,-0.02835,-0.00419,-0.02598,-0.01886,-0.04746,-0.00467,0.09492,-0.01594,0.19962,-0.01034,-0.01434,-0.0465,-0.07292,12.65563,0
4055,244.7,5693,3.83,0.49,0.02499,0.00976,-0.00839,5.52098,0.01437,0.00017,0.42799,0.0,0.46954,0.18396,-0.01786,-0.01443,-0.0062,-0.00217,-0.02553,-0.00375,-0.02308,-0.0173,-0.04272,-0.00497,0.08546,-0.01368,0.17727,-0.00982,-0.01307,-0.03747,-0.05208,11.39458,0
4056,249.2,5531,4.09,0.35,0.02671,0.01102,-0.00503,5.52589,0.01803,2e-05,0.42804,0.0,0.56268,0.21839,-0.01796,-0.01674,-0.00719,-0.00191,-0.02884,-0.00374,-0.02741,-0.02044,-0.05005,-0.00145,0.10099,-0.01523,0.21464,-0.00866,-0.01525,-0.06588,-0.00833,13.465,0
4057,253.7,5452,3.98,0.53,0.02655,0.00964,-0.00415,5.52683,0.00936,0.00011,0.42804,0.0,0.46638,0.18183,-0.0147,-0.01463,-0.00531,-0.00158,-0.02313,-0.00277,-0.01867,-0.01474,-0.04006,-0.00896,0.08133,-0.01206,0.17038,-0.01075,-0.00872,-0.02569,-0.06154,10.84462,0
4058,258.5,5129,4.23,0.57,0.02739,0.00527,-0.00346,5.52447,0.01481,8e-05,0.42779,0.0,0.60963,0.24145,-0.01989,-0.01903,-0.00701,-0.00228,-0.03309,-0.0046,-0.0308,-0.02192,-0.0541,-0.00128,0.10923,-0.01703,0.2321,-0.01312,-0.01445,-0.00429,0.0,14.56444,0
4059,263.1,5340,4.02,0.58,0.02703,0.00761,-0.00514,5.51395,0.01451,0.00017,0.42735,0.0,0.50397,0.19606,-0.01871,-0.01499,-0.00622,-0.00195,-0.02665,-0.00364,-0.02292,-0.01697,-0.0439,-0.00376,0.08836,-0.01265,0.18588,-0.00993,-0.01037,-0.02232,-0.03077,11.78128,0
4060,267.7,5294,4.05,0.59,0.02733,0.00579,-0.00603,5.50142,0.01489,0.00011,0.42699,0.0,0.58368,0.22668,-0.01673,-0.01563,-0.00619,-0.00182,-0.03015,-0.00518,-0.02607,-0.01961,-0.05131,-0.00108,0.10421,-0.0131,0.21884,-0.00986,-0.01538,-0.06098,0.0,13.89417,0
4061,272.2,5443,4.16,0.36,0.02704,0.02656,-0.00776,5.49774,0.01521,5e-05,0.42703,0.0,0.59192,0.2317,-0.02121,-0.01752,-0.00618,-0.00153,-0.03055,-0.00389,-0.02812,-0.02124,-0.0518,-0.00284,0.10452,-0.01444,0.2196,-0.01106,-0.01442,-0.05555,-0.00909,13.93545,0
4062,276.7,5478,4.0,0.49,0.02248,0.16318,-0.00881,5.50698,0.01197,0.00026,0.42755,0.0,0.34594,0.13571,-0.01868,-0.01316,-0.007,-0.00496,-0.02291,-0.00506,-0.0207,-0.01258,-0.03273,-0.01435,0.06448,-0.01346,0.13455,-0.00702,-0.0167,-0.0098,-0.08571,8.59714,0
4063,280.5,6412,3.39,0.45,0.01802,0.06534,-0.00942,5.52939,0.01643,0.00011,0.42809,0.0,0.52417,0.20666,-0.02383,-0.01656,-0.00777,-0.00337,-0.02924,-0.00502,-0.02573,-0.01836,-0.04765,-0.00441,0.09498,-0.01645,0.2003,-0.01089,-0.0144,-0.03026,-0.06875,12.66354,0
4064,284.9,5606,3.83,0.56,0.02039,0.03362,-0.01012,5.54294,0.01314,8e-05,0.42845,0.0,0.59172,0.23306,-0.03003,-0.01817,-0.00851,-0.00292,-0.03092,-0.00447,-0.02703,-0.02028,-0.05239,-0.00452,0.10581,-0.01676,0.22284,-0.01289,-0.01423,-0.04721,-0.07333,14.10867,0
4065,290.1,4745,4.62,0.56,0.02399,0.01641,-0.00829,5.55294,0.0166,1e-05,0.42866,0.0,0.59096,0.23185,-0.02329,-0.01939,-0.00719,-0.00241,-0.03076,-0.0044,-0.0276,-0.0208,-0.05315,-0.00727,0.10589,-0.01723,0.22173,-0.01156,-0.01367,-0.03828,-0.05833,14.11917,0
4066,294.5,5547,3.93,0.5,0.02604,0.0176,-0.00706,5.55613,0.01099,0.00011,0.42876,0.0,0.42354,0.16849,-0.02135,-0.01332,-0.00678,-0.00154,-0.02314,-0.00293,-0.02057,-0.01431,-0.03815,-0.00277,0.07633,-0.01108,0.15891,-0.01093,-0.0094,-0.0265,-0.02857,10.17714,0
4067,299.1,5372,4.18,0.39,0.02588,0.01639,-0.00619,5.56197,0.0152,3e-05,0.42894,0.0,0.53311,0.21163,-0.02612,-0.01728,-0.0079,-0.00275,-0.03075,-0.00505,-0.02802,-0.01987,-0.04912,-0.00637,0.09719,-0.01797,0.20453,-0.01017,-0.01539,-0.03617,-0.06061,12.95909,0
4068,303.9,5131,4.29,0.5,0.02625,0.01533,-0.00636,5.56623,0.013,0.00011,0.42917,0.0,0.62314,0.23628,-0.02656,-0.01877,-0.00823,-0.00259,-0.03319,-0.00413,-0.02822,-0.02073,-0.05367,-0.00389,0.10981,-0.01927,0.23151,-0.01109,-0.01405,-0.06089,-0.05,14.642,0
4069,308.5,5348,4.18,0.41,0.02647,0.01077,-0.00541,5.57231,0.01536,3e-05,0.42932,0.0,0.6481,0.25364,-0.01798,-0.01907,-0.00728,-0.00205,-0.03311,-0.00418,-0.02836,-0.02219,-0.05603,-0.00422,0.11438,-0.01643,0.24197,-0.01074,-0.01385,-0.06127,-0.025,15.25083,0
4070,312.1,6833,3.22,0.38,0.02657,0.00434,-0.00804,5.57127,0.0128,0.00017,0.42899,0.0,0.62155,0.24089,-0.01599,-0.01639,-0.00637,-0.00134,-0.02939,-0.00319,-0.02351,-0.02009,-0.05235,-0.00326,0.10752,-0.01108,0.22706,-0.01011,-0.00971,-0.07122,-0.03333,14.33667,0
4071,315.7,6894,3.17,0.4,0.02703,0.00518,-0.00553,5.55434,0.01869,1e-05,0.42848,0.0,0.47819,0.18365,-0.02282,-0.01774,-0.0078,-0.00282,-0.02625,-0.00428,-0.02781,-0.01861,-0.0434,-0.00601,0.08608,-0.01871,0.18058,-0.01452,-0.01635,0.0,-0.02857,11.47714,0
4072,319.3,6740,3.26,0.39,0.02648,0.05301,-0.00724,5.55156,0.00982,0.00017,0.42864,0.0,0.6436,0.2517,-0.01996,-0.01827,-0.00747,-0.00153,-0.03393,-0.00515,-0.02948,-0.02239,-0.05647,-0.00221,0.11445,-0.01818,0.23855,-0.01221,-0.01615,-0.05743,-0.00606,15.26,0
4073,322.5,7800,2.75,0.4,0.02107,0.04389,-0.00824,5.56178,0.01407,5e-05,0.42894,0.0,0.5863,0.23006,-0.01397,-0.01642,-0.00552,-0.00099,-0.02874,-0.00303,-0.02262,-0.01905,-0.04937,-0.00351,0.10177,-0.01247,0.21171,-0.01442,-0.00939,-0.03251,-0.025,13.57,0
4074,325.8,7280,2.96,0.42,0.02189,0.03369,-0.00956,5.57207,0.01463,2e-05,0.42928,0.0,0.65399,0.25767,-0.02273,-0.01969,-0.00848,-0.0023,-0.03284,-0.00386,-0.02863,-0.0224,-0.05722,-0.00559,0.11718,-0.01769,0.24771,-0.01187,-0.01455,-0.06447,-0.06,15.624,0
4075,329.4,6797,3.14,0.47,0.02391,0.03287,-0.00807,5.58084,0.0136,3e-05,0.4295,0.0,0.72045,0.28638,-0.03666,-0.0236,-0.01022,-0.00343,-0.03934,-0.00647,-0.03696,-0.02615,-0.06617,-0.00738,0.13152,-0.02481,0.27358,-0.01629,-0.02147,-0.07119,-0.05882,17.53569,0
4076,333.1,6778,3.22,0.4,0.02516,0.01061,-0.00773,5.58743,0.01367,3e-05,0.42965,0.0,0.60374,0.23461,-0.01843,-0.01721,-0.00699,-0.00232,-0.03086,-0.0041,-0.02712,-0.02055,-0.05274,-0.00348,0.1068,-0.01537,0.22824,-0.00972,-0.01434,-0.04485,-0.02917,14.24042,0
4077,336.8,6566,3.29,0.45,0.02573,0.00588,-0.00806,5.58791,0.01183,0.00017,0.42936,0.0,0.54425,0.21186,-0.03337,-0.01971,-0.00835,-0.00382,-0.03164,-0.00562,-0.03108,-0.02071,-0.05085,-0.00846,0.09974,-0.01965,0.21078,-0.01572,-0.01808,-0.02416,-0.05714,13.29857,0
4078,340.6,6425,3.41,0.41,0.02696,0.00381,-0.00851,5.57362,0.01388,0.00011,0.42872,0.0,0.83081,0.32123,-0.02445,-0.0251,-0.0086,-0.00204,-0.044,-0.00588,-0.03957,-0.02923,-0.07277,-0.00224,0.14557,-0.02306,0.30993,-0.01735,-0.01971,-0.0191,0.0,19.41,0
4079,344.3,6809,3.19,0.42,0.02691,0.00279,-0.00796,5.55119,0.01538,0.00026,0.42768,0.0,0.82085,0.31152,-0.02074,-0.02321,-0.00868,-0.0011,-0.04026,-0.00479,-0.03625,-0.02789,-0.07017,-0.00184,0.14156,-0.01762,0.30494,-0.01272,-0.01647,-0.0442,0.0,18.875,0
4080,348.0,6527,3.32,0.45,0.02718,0.00174,-0.01078,5.51471,0.01585,0.00017,0.42617,0.0,0.75035,0.28944,-0.0183,-0.02025,-0.00768,-0.0015,-0.03714,-0.00452,-0.03079,-0.0248,-0.06329,-0.00043,0.1308,-0.01596,0.27644,-0.01413,-0.01444,-0.04657,0.0,17.44,0
4081,351.6,6779,3.21,0.42,0.02738,0.00694,-0.00559,5.48843,0.01596,2e-05,0.42581,0.0,0.76475,0.29702,-0.02129,-0.02042,-0.00792,-0.00176,-0.03807,-0.0051,-0.03331,-0.02623,-0.06573,-0.00125,0.13391,-0.01633,0.28411,-0.01173,-0.01697,-0.07424,0.0,17.855,0
4082,355.4,6475,3.41,0.38,0.02743,0.00993,-0.00692,5.48727,0.0123,0.00017,0.42587,0.0,0.72853,0.28265,-0.02554,-0.02288,-0.00944,-0.00245,-0.03977,-0.00537,-0.03673,-0.02531,-0.06524,-0.00172,0.12945,-0.02006,0.27275,-0.01506,-0.01788,-0.00794,0.0,17.26,0
4083,359.0,6989,3.12,0.4,0.02186,0.14588,-0.01199,5.4945,0.01529,8e-05,0.42617,0.0,0.67344,0.26437,-0.02286,-0.02243,-0.00787,-0.00187,-0.03709,-0.00526,-0.03361,-0.0244,-0.05942,-0.00386,0.12119,-0.01837,0.25638,-0.01554,-0.01654,-0.02001,-0.00909,16.15909,0
4084,362.2,7523,2.82,0.45,0.01874,0.05932,-0.00987,5.5056,0.01778,1e-05,0.42645,0.0,0.73084,0.2839,-0.0224,-0.02168,-0.00768,-0.00193,-0.03671,-0.00512,-0.03203,-0.02526,-0.06361,-0.00518,0.1283,-0.01839,0.27012,-0.01391,-0.01489,-0.05663,-0.02566,17.10667,0
4085,365.8,6909,3.16,0.4,0.02143,0.02204,-0.00891,5.51241,0.01218,0.00011,0.42686,0.0,0.5292,0.21075,-0.02224,-0.01742,-0.00805,-0.0035,-0.02953,-0.0048,-0.0255,-0.01847,-0.04812,-0.00622,0.09732,-0.01724,0.20414,-0.01074,-0.01335,-0.03514,-0.08333,12.97549,0
4086,369.4,6880,3.08,0.49,0.02439,0.01958,-0.00765,5.52368,0.01536,5e-05,0.42717,0.0,0.56446,0.22477,-0.03281,-0.02171,-0.00971,-0.00415,-0.03306,-0.00586,-0.03022,-0.02007,-0.05193,-0.00846,0.10384,-0.02256,0.21366,-0.0156,-0.01868,-0.02474,-0.07273,13.84485,0
4087,372.9,6847,3.15,0.44,0.02661,0.01406,-0.00638,5.53106,0.01554,2e-05,0.42736,0.0,0.6939,0.26969,-0.02022,-0.02081,-0.00743,-0.00174,-0.03653,-0.00484,-0.03024,-0.02283,-0.05951,-0.0023,0.12243,-0.02043,0.25586,-0.015,-0.01418,-0.01955,0.0,16.32333,0
4088,377.0,6012,3.59,0.5,0.02606,0.00778,-0.00741,5.53365,0.01003,0.00011,0.42738,0.0,0.51891,0.20637,-0.02776,-0.01702,-0.00662,-0.00216,-0.02776,-0.0041,-0.02368,-0.01815,-0.04676,-0.0058,0.09465,-0.0154,0.1974,-0.01074,-0.01213,-0.05633,-0.025,12.62,0
4089,381.2,5837,3.7,0.51,0.02631,0.01238,-0.00657,5.53392,0.01418,3e-05,0.42736,0.0,0.72686,0.28054,-0.03225,-0.02169,-0.00902,-0.00395,-0.03795,-0.00672,-0.03355,-0.02432,-0.06387,-0.00545,0.12814,-0.02108,0.26706,-0.01462,-0.01799,-0.04338,-0.02424,17.08485,0
4090,385.2,6149,3.53,0.46,0.02624,0.01698,-0.00604,5.53471,0.01283,5e-05,0.42738,0.0,0.58587,0.23158,-0.02474,-0.01907,-0.00792,-0.00239,-0.03204,-0.0049,-0.03041,-0.02165,-0.05301,-0.00416,0.10667,-0.0176,0.22415,-0.01128,-0.01689,-0.05272,-0.0375,14.22271,0
4091,389.1,6437,3.41,0.41,0.02712,0.00655,-0.00683,5.53623,0.01198,0.00017,0.42743,0.0,0.49878,0.19498,-0.01351,-0.01455,-0.00554,-0.00148,-0.02531,-0.00312,-0.02075,-0.01625,-0.04308,-0.00364,0.08801,-0.01259,0.18594,-0.00953,-0.00893,-0.04379,-0.02727,11.73455,0
4092,393.2,5952,3.58,0.55,0.02743,0.00564,-0.00662,5.53433,0.01666,8e-05,0.42733,0.0,0.56265,0.22087,-0.01615,-0.01663,-0.00608,-0.00133,-0.0288,-0.00369,-0.02675,-0.02062,-0.04873,-0.00115,0.09957,-0.01284,0.21008,-0.01055,-0.01248,-0.02862,0.0,13.27545,0
4093,397.1,6337,3.43,0.45,0.02549,0.04679,-0.00817,5.53398,0.01388,0.00017,0.42765,0.0,0.65245,0.25745,-0.02286,-0.01854,-0.00787,-0.00194,-0.03365,-0.00473,-0.02889,-0.02189,-0.05756,-0.00381,0.11721,-0.01611,0.24906,-0.01128,-0.01438,-0.05694,-0.02,15.628,0
4094,400.4,7440,2.87,0.43,0.02156,0.04642,-0.00795,5.54657,0.01655,2e-05,0.42791,0.0,0.64791,0.25741,-0.02164,-0.01958,-0.00864,-0.00209,-0.03518,-0.00506,-0.03174,-0.02259,-0.05886,-0.0018,0.11802,-0.01872,0.24723,-0.01274,-0.01611,-0.02168,0.0,15.736,0
4095,404.4,6100,3.54,0.49,0.02235,0.03387,-0.00826,5.5516,0.01294,5e-05,0.42811,0.0,0.63464,0.24776,-0.01711,-0.01701,-0.00665,-0.00157,-0.03168,-0.00403,-0.02547,-0.02036,-0.054,-0.00289,0.1119,-0.01483,0.23565,-0.01192,-0.01156,-0.04765,-0.02333,14.91944,0
4096,408.9,5505,4.02,0.44,0.02441,0.01919,-0.0087,5.5584,0.01457,5e-05,0.42831,0.0,0.57414,0.22505,-0.01839,-0.01687,-0.00685,-0.00241,-0.03055,-0.00411,-0.02702,-0.01946,-0.05037,-0.00265,0.10227,-0.01441,0.21765,-0.00965,-0.01434,-0.04297,-0.02921,13.63613,0
4097,413.0,6010,3.56,0.53,0.02565,0.01211,-0.00936,5.56352,0.01339,0.00017,0.4283,0.0,0.60391,0.23695,-0.021,-0.0187,-0.00727,-0.00193,-0.03134,-0.00448,-0.02737,-0.02081,-0.05267,-0.00591,0.10765,-0.01594,0.22581,-0.01159,-0.01292,-0.05012,-0.02745,14.35392,0
4098,416.8,6410,3.35,0.49,0.02634,0.01542,-0.00566,5.56515,0.02154,1e-05,0.42832,0.0,0.49367,0.19516,-0.02133,-0.01673,-0.00692,-0.00234,-0.02772,-0.00467,-0.0246,-0.01715,-0.04473,-0.0049,0.08907,-0.01594,0.18476,-0.01162,-0.01297,-0.02461,-0.0375,11.87625,0
4099,420.5,6540,3.34,0.42,0.02649,0.00896,-0.00662,5.56724,0.00991,0.00011,0.42842,0.0,0.60414,0.23805,-0.02018,-0.01789,-0.00729,-0.0022,-0.0318,-0.00441,-0.02789,-0.0214,-0.05361,-0.00301,0.1076,-0.016,0.22845,-0.01027,-0.01465,-0.03869,-0.03333,14.34722,0
4100,424.4,6439,3.33,0.49,0.02717,0.00224,-0.00963,5.55885,0.01481,0.00017,0.42744,0.0,0.73379,0.289,-0.02178,-0.0213,-0.00748,-0.00213,-0.0369,-0.00585,-0.03132,-0.02454,-0.06317,-0.00195,0.12941,-0.0184,0.2706,-0.01656,-0.01484,-0.0273,0.0,17.255,0
4101,428.2,6500,3.32,0.46,0.02717,0.01664,-0.00682,5.53993,0.01425,0.00011,0.42739,0.0,0.73394,0.28675,-0.02328,-0.02217,-0.00903,-0.00211,-0.03902,-0.00512,-0.03444,-0.02535,-0.06503,-0.002,0.13157,-0.01912,0.27634,-0.01436,-0.01736,-0.03646,-0.00714,17.54262,0
4102,431.9,6654,3.26,0.44,0.02726,0.01284,-0.00545,5.54531,0.01555,0.00011,0.42766,0.0,0.52192,0.20633,-0.01709,-0.01559,-0.00544,-0.00142,-0.02821,-0.00402,-0.02508,-0.01863,-0.04685,-0.00246,0.09333,-0.01423,0.19402,-0.01161,-0.0124,-0.00122,-0.00513,12.44385,0
4103,435.6,6569,3.28,0.46,0.0266,0.0021,-0.00923,5.53958,0.01361,0.00011,0.42709,0.0,0.57252,0.22269,-0.02303,-0.01748,-0.00719,-0.00224,-0.02998,-0.00432,-0.02733,-0.01943,-0.05058,-0.00541,0.1016,-0.01553,0.21454,-0.01229,-0.01451,-0.01737,-0.04118,13.54706,0
4104,439.0,7255,2.92,0.47,0.02092,0.08793,-0.01086,5.52134,0.01522,0.00011,0.42684,0.0,0.67173,0.26089,-0.01857,-0.01669,-0.00614,-0.00161,-0.03389,-0.00427,-0.02809,-0.02188,-0.05767,-0.00225,0.1176,-0.01362,0.24955,-0.01015,-0.01525,-0.07244,0.0,15.68,0
4105,442.2,7626,2.8,0.42,0.01924,0.08874,-0.01186,5.53074,0.01306,8e-05,0.42722,0.0,0.71119,0.27728,-0.01968,-0.02059,-0.00774,-0.00238,-0.0373,-0.0054,-0.03254,-0.02506,-0.06223,-0.00321,0.12556,-0.01711,0.2653,-0.01234,-0.01659,-0.04451,-0.02727,16.74136,0
4106,445.8,6882,3.1,0.47,0.02055,0.02938,-0.01024,5.54218,0.01462,0.00011,0.42762,0.0,0.56847,0.22135,-0.0222,-0.01796,-0.0082,-0.00264,-0.0301,-0.00436,-0.02677,-0.01996,-0.05031,-0.00459,0.10197,-0.01539,0.21414,-0.01177,-0.01345,-0.04319,-0.09083,13.59633,0
4107,449.5,6694,3.25,0.42,0.02456,0.01458,-0.01065,5.5528,0.01608,8e-05,0.42803,0.0,0.61038,0.24777,-0.02473,-0.01969,-0.00889,-0.0025,-0.03389,-0.00549,-0.03005,-0.02179,-0.05559,-0.00402,0.11193,-0.01653,0.23228,-0.01411,-0.01571,-0.03592,-0.05455,14.92455,0
4108,453.2,6639,3.24,0.46,0.02566,0.00753,-0.00956,5.56039,0.01467,0.00017,0.42822,0.0,0.64723,0.25073,-0.01966,-0.01843,-0.00729,-0.00176,-0.03409,-0.00408,-0.0288,-0.02127,-0.05772,-0.00356,0.11553,-0.01683,0.24267,-0.01042,-0.01541,-0.05251,-0.02963,15.40407,0
4109,457.0,6449,3.31,0.5,0.02629,0.00874,-0.00703,5.55845,0.01611,0.00017,0.42822,0.0,0.55021,0.2172,-0.01942,-0.01589,-0.0072,-0.00166,-0.02914,-0.00399,-0.02539,-0.01864,-0.04848,-0.00175,0.09956,-0.01357,0.2118,-0.00927,-0.01315,-0.04751,-0.01429,13.27429,0
4110,460.9,6325,3.45,0.43,0.02661,0.00726,-0.0071,5.56002,0.0158,0.00017,0.42816,0.0,0.71474,0.27819,-0.01982,-0.01995,-0.00791,-0.00154,-0.0366,-0.00499,-0.03236,-0.02465,-0.06199,-0.00247,0.126,-0.01565,0.26666,-0.01347,-0.01613,-0.04518,-0.00833,16.79944,0
4111,464.6,6622,3.27,0.44,0.02676,0.00853,-0.00631,5.55381,0.01813,1e-05,0.428,0.0,0.6766,0.26482,-0.03065,-0.02083,-0.00927,-0.00261,-0.0351,-0.00485,-0.03323,-0.02341,-0.0597,-0.00674,0.12081,-0.01801,0.25428,-0.01425,-0.01738,-0.04182,-0.02,16.108,0
4112,468.2,6724,3.24,0.41,0.02686,0.0108,-0.00561,5.55349,0.01081,0.00017,0.42808,0.0,0.62323,0.24375,-0.02081,-0.01774,-0.00569,-0.00137,-0.03013,-0.00401,-0.02554,-0.02,-0.0529,-0.0046,0.10777,-0.01499,0.22593,-0.01315,-0.0118,-0.0312,-0.03333,14.36875,0
4113,471.9,6658,3.18,0.51,0.02718,0.00268,-0.00596,5.54984,0.013,0.00011,0.42765,0.0,0.61607,0.24044,-0.03118,-0.01768,-0.00764,-0.00201,-0.03144,-0.004,-0.02866,-0.02094,-0.0539,-0.00928,0.10908,-0.01486,0.23413,-0.00885,-0.01729,-0.06249,-0.02857,14.54429,0
4114,475.4,7013,3.07,0.43,0.02473,0.05586,-0.00888,5.5353,0.01403,0.00017,0.42739,0.0,0.67212,0.26038,-0.02027,-0.01868,-0.0068,-0.00168,-0.0345,-0.00474,-0.02985,-0.02168,-0.05779,-0.00269,0.11757,-0.0163,0.24938,-0.01338,-0.0165,-0.01714,0.0,15.67615,0
4115,478.6,7666,2.76,0.45,0.02122,0.04328,-0.00816,5.53961,0.01863,1e-05,0.42758,0.0,0.62947,0.24042,-0.01655,-0.01711,-0.00696,-0.0014,-0.03085,-0.00409,-0.02636,-0.0203,-0.05295,-0.00185,0.10974,-0.013,0.23534,-0.01236,-0.01371,-0.04457,-0.02,14.632,0
4116,482.1,7195,2.99,0.43,0.02347,0.01836,-0.00736,5.54331,0.00871,8e-05,0.42776,0.0,0.64617,0.25202,-0.02165,-0.01935,-0.00735,-0.002,-0.03328,-0.00538,-0.03068,-0.02348,-0.05643,-0.00298,0.11414,-0.01668,0.23909,-0.01372,-0.01479,-0.03401,-0.03846,15.21846,0
4117,485.6,6846,3.15,0.44,0.02553,0.0067,-0.00801,5.5499,0.0155,5e-05,0.42785,0.0,0.78143,0.30265,-0.02249,-0.02087,-0.0082,-0.00159,-0.03912,-0.00484,-0.03415,-0.02554,-0.06732,-0.0016,0.13753,-0.01753,0.29275,-0.01262,-0.01714,-0.0636,-0.01354,18.3374,0
4118,489.2,6943,3.12,0.42,0.02611,0.01625,-0.00624,5.55046,0.01477,3e-05,0.42784,0.0,0.74929,0.29061,-0.02487,-0.02145,-0.0091,-0.00185,-0.03863,-0.00518,-0.03474,-0.02576,-0.06559,-0.00348,0.13326,-0.01861,0.28362,-0.01399,-0.01749,-0.05071,-0.01481,17.76833,0
4119,492.8,6820,3.2,0.4,0.02616,0.00696,-0.00697,5.55115,0.01358,0.00017,0.42795,0.0,0.62811,0.24522,-0.02001,-0.01688,-0.00642,-0.00154,-0.03072,-0.00381,-0.02605,-0.02034,-0.05331,-0.00457,0.11025,-0.0143,0.23471,-0.01166,-0.01299,-0.06285,-0.02667,14.7,0
4120,496.5,6530,3.27,0.5,0.02694,0.01834,-0.00727,5.55094,0.01598,0.00011,0.428,0.0,0.65053,0.25168,-0.02059,-0.01992,-0.00795,-0.00132,-0.03471,-0.00516,-0.0338,-0.02491,-0.0584,-0.00389,0.11675,-0.01641,0.24723,-0.01223,-0.01589,-0.0292,0.0,15.567,0
4121,500.2,6717,3.22,0.43,0.02592,0.00667,-0.00834,5.55162,0.01486,0.00011,0.42791,0.0,0.6308,0.24746,-0.02918,-0.0208,-0.00963,-0.00285,-0.03518,-0.00614,-0.0321,-0.02259,-0.05701,-0.00751,0.11378,-0.01934,0.23912,-0.0139,-0.01862,-0.05519,-0.06667,15.17067,0
4122,504.0,6556,3.19,0.56,0.02724,0.00669,-0.00626,5.54446,0.01561,0.00011,0.42772,0.0,0.7591,0.29325,-0.02133,-0.01983,-0.00857,-0.00154,-0.03789,-0.00482,-0.033,-0.02485,-0.06427,-0.00329,0.1325,-0.01674,0.2805,-0.01431,-0.01595,-0.03454,-0.00833,17.66667,0
4123,507.8,6448,3.35,0.46,0.02702,0.01114,-0.00718,5.54012,0.01447,8e-05,0.42769,0.0,0.74671,0.28859,-0.02341,-0.01934,-0.00914,-0.00182,-0.03671,-0.00447,-0.03175,-0.0247,-0.06428,-0.00306,0.13178,-0.01581,0.28055,-0.01219,-0.01582,-0.05955,-0.02222,17.57,0
4124,511.4,6703,3.24,0.42,0.02646,0.04268,-0.00982,5.53991,0.01196,0.00017,0.42784,0.0,0.64985,0.25283,-0.02207,-0.01976,-0.00875,-0.00196,-0.034,-0.00455,-0.03131,-0.02197,-0.0572,-0.00489,0.11482,-0.01747,0.24173,-0.01538,-0.0152,-0.00797,-0.03333,15.31,0
4125,514.9,7074,3.05,0.43,0.01947,0.1275,-0.01181,5.54941,0.01494,8e-05,0.42828,0.0,0.63972,0.25111,-0.02622,-0.01864,-0.00744,-0.00196,-0.03256,-0.00472,-0.03001,-0.02265,-0.05618,-0.0042,0.11352,-0.01547,0.23935,-0.01143,-0.01372,-0.06824,-0.00476,15.13667,0
4126,518.6,6727,3.19,0.46,0.01867,0.07788,-0.00896,5.56306,0.01756,1e-05,0.42858,0.0,0.58981,0.22991,-0.0181,-0.01743,-0.00713,-0.00169,-0.02986,-0.00395,-0.02531,-0.01929,-0.05101,-0.0074,0.10439,-0.0141,0.22244,-0.01077,-0.01234,-0.05146,-0.05778,13.91808,0
4127,522.2,6750,3.22,0.42,0.02362,0.01905,-0.0086,5.56942,0.01042,0.00011,0.42885,0.0,0.56667,0.21853,-0.02023,-0.01625,-0.00691,-0.00173,-0.02807,-0.00386,-0.0229,-0.0179,-0.04831,-0.01052,0.09912,-0.01306,0.2112,-0.00971,-0.01053,-0.05758,-0.06429,13.21536,0
4128,525.7,7128,3.04,0.41,0.02528,0.01018,-0.00795,5.57945,0.01463,0.00011,0.42909,0.0,0.57928,0.22986,-0.03735,-0.01971,-0.00857,-0.00333,-0.03126,-0.00564,-0.03075,-0.02157,-0.05329,-0.0073,0.10549,-0.02038,0.2193,-0.01825,-0.01624,-0.0455,-0.04643,14.065,0
4129,529.2,6928,3.14,0.4,0.0264,0.00641,-0.00937,5.58238,0.01409,0.00017,0.42898,0.0,0.67587,0.26068,-0.02095,-0.0202,-0.00828,-0.00139,-0.03517,-0.0045,-0.03183,-0.02262,-0.05936,-0.0019,0.11975,-0.01759,0.25549,-0.01404,-0.01474,-0.02556,-0.02,15.96717,0
4130,532.8,6873,3.18,0.39,0.02647,0.00636,-0.00536,5.57489,0.01549,3e-05,0.42881,0.0,0.66977,0.26113,-0.02393,-0.01981,-0.00841,-0.00159,-0.03469,-0.0048,-0.03054,-0.02286,-0.0585,-0.00399,0.11917,-0.0187,0.25333,-0.01212,-0.01396,-0.07067,-0.01212,15.8897,0
4131,536.4,6815,3.21,0.4,0.02702,0.01071,-0.00558,5.57093,0.01186,0.00017,0.42866,0.0,0.66949,0.265,-0.02591,-0.02147,-0.00791,-0.0018,-0.03598,-0.00511,-0.03302,-0.02393,-0.05975,-0.00411,0.12136,-0.01967,0.25157,-0.01561,-0.0167,-0.0384,-0.00444,16.18111,0
4132,540.0,6887,3.14,0.42,0.02709,0.00522,-0.00635,5.56868,0.0148,0.00017,0.42841,0.0,0.75793,0.2905,-0.01932,-0.02021,-0.00786,-0.00122,-0.03788,-0.00475,-0.03216,-0.02469,-0.0644,-0.00256,0.13159,-0.01628,0.28217,-0.0145,-0.01442,-0.0462,-0.01667,17.54556,0
4133,543.6,6821,3.17,0.43,0.02709,0.00333,-0.00934,5.55575,0.01419,8e-05,0.42787,0.0,0.45097,0.1756,-0.01681,-0.01363,-0.00611,-0.00142,-0.0237,-0.00334,-0.02224,-0.01594,-0.04004,-0.00432,0.08152,-0.01327,0.17238,-0.00813,-0.01294,-0.04625,-0.02,10.86867,0
4134,547.2,6808,3.2,0.41,0.02736,0.00693,-0.00815,5.53909,0.01487,0.00017,0.42715,0.0,0.58785,0.22558,-0.01917,-0.01793,-0.0075,-0.00124,-0.03139,-0.00465,-0.03033,-0.02034,-0.05179,-0.00173,0.10393,-0.0154,0.22172,-0.01347,-0.01539,-0.0068,0.0,13.85733,0
4135,550.6,7070,3.1,0.38,0.02384,0.04995,-0.01079,5.53206,0.01537,0.00017,0.42733,0.0,0.4811,0.18463,-0.01733,-0.01422,-0.0055,-0.00112,-0.02491,-0.00339,-0.02386,-0.01762,-0.0426,-0.0025,0.08537,-0.01182,0.18089,-0.00926,-0.0113,-0.03136,-0.01333,11.382,0
4136,554.0,7425,2.85,0.46,0.02196,0.0434,-0.00941,5.54579,0.01483,8e-05,0.4278,0.0,0.70136,0.27196,-0.01886,-0.02032,-0.00732,-0.00127,-0.03566,-0.00459,-0.03123,-0.02304,-0.06069,-0.00193,0.1232,-0.01736,0.26096,-0.01467,-0.01495,-0.02213,-0.00769,16.42718,0
4137,557.4,7228,2.97,0.43,0.02332,0.02825,-0.00984,5.55963,0.01426,3e-05,0.42821,0.0,0.64771,0.25022,-0.02311,-0.01844,-0.00727,-0.00178,-0.03282,-0.00414,-0.02865,-0.02162,-0.05644,-0.00582,0.11437,-0.01529,0.2446,-0.0114,-0.01434,-0.0514,-0.05417,15.24896,0
4138,560.9,6866,3.1,0.48,0.02514,0.02076,-0.00882,5.56852,0.01412,0.00011,0.42857,0.0,0.66635,0.25688,-0.01628,-0.01862,-0.00694,-0.00136,-0.03285,-0.00409,-0.02853,-0.0217,-0.05631,-0.0026,0.11615,-0.01521,0.24896,-0.01295,-0.01331,-0.03209,-0.01765,15.48706,0
4139,564.8,6410,3.38,0.45,0.02568,0.01746,-0.00903,5.57526,0.0155,0.00011,0.42865,0.0,0.70037,0.27023,-0.02002,-0.01907,-0.00743,-0.00137,-0.03434,-0.00447,-0.02999,-0.02299,-0.05995,-0.00338,0.1226,-0.01439,0.26143,-0.01111,-0.01486,-0.06435,-0.01042,16.34667,0
4140,568.8,6131,3.52,0.49,0.02602,0.01092,-0.00751,5.57516,0.0129,0.00011,0.4287,0.0,0.64339,0.24877,-0.01796,-0.01883,-0.00722,-0.00128,-0.03255,-0.0045,-0.02966,-0.02148,-0.05568,-0.0041,0.11265,-0.01569,0.23994,-0.0128,-0.01497,-0.02858,-0.02,15.02029,0
4141,573.4,5315,4.21,0.41,0.0266,0.01184,-0.00735,5.57791,0.01501,0.00017,0.42893,0.0,0.58597,0.23062,-0.0234,-0.01754,-0.00784,-0.00151,-0.03083,-0.00469,-0.02773,-0.01999,-0.05168,-0.00735,0.10475,-0.01589,0.22071,-0.01156,-0.01405,-0.04446,-0.02667,13.96622,0
4142,577.1,6557,3.29,0.46,0.02681,0.0102,-0.00703,5.58423,0.01397,0.00011,0.42915,0.0,0.68575,0.26175,-0.01883,-0.01867,-0.00667,-0.00135,-0.03418,-0.00446,-0.03005,-0.02269,-0.05851,-0.00493,0.11982,-0.01494,0.25571,-0.01322,-0.01454,-0.03766,-0.00909,15.97576,0
4143,580.8,6705,3.26,0.4,0.02679,0.00971,-0.00706,5.58873,0.01462,5e-05,0.42919,0.0,0.66513,0.25465,-0.01917,-0.02027,-0.00698,-0.00138,-0.033,-0.00449,-0.02882,-0.02204,-0.0568,-0.00577,0.11761,-0.01717,0.25043,-0.01337,-0.01296,-0.05062,-0.025,15.68083,0
4144,584.6,6529,3.35,0.41,0.0266,0.01136,-0.0067,5.58904,0.01557,2e-05,0.42919,0.0,0.62333,0.24499,-0.0203,-0.0177,-0.00721,-0.0017,-0.03219,-0.00438,-0.02804,-0.02066,-0.05533,-0.00594,0.11206,-0.01507,0.23852,-0.01019,-0.01399,-0.05461,-0.01905,14.94119,0
4145,588.4,6399,3.37,0.47,0.02517,0.07332,-0.00749,5.59131,0.00844,0.00011,0.42938,0.0,0.69165,0.27126,-0.02593,-0.01895,-0.00873,-0.00177,-0.03549,-0.00542,-0.03174,-0.02298,-0.0617,-0.00463,0.12419,-0.01661,0.26395,-0.01378,-0.01783,-0.06503,-0.01765,16.55843,0
4146,591.4,8155,2.61,0.41,0.01973,0.04385,-0.00871,5.60125,0.01639,3e-05,0.42966,0.0,0.62803,0.24386,-0.01805,-0.01835,-0.0074,-0.00136,-0.0323,-0.00481,-0.02833,-0.02067,-0.05454,-0.00379,0.10992,-0.01513,0.23399,-0.01318,-0.01362,-0.02637,-0.02619,14.65583,0
4147,594.7,7603,2.82,0.41,0.02082,0.02507,-0.00989,5.60916,0.01442,3e-05,0.43001,0.0,0.65737,0.25432,-0.01786,-0.0187,-0.00716,-0.00161,-0.03222,-0.00414,-0.02833,-0.02171,-0.05664,-0.00303,0.11516,-0.01512,0.24558,-0.01253,-0.01291,-0.04759,-0.03556,15.35422,0
4148,598.4,6605,3.29,0.43,0.0238,0.02252,-0.00926,5.61982,0.01301,0.00017,0.43048,0.0,0.68878,0.26868,-0.02353,-0.02135,-0.00824,-0.00165,-0.03532,-0.00509,-0.03103,-0.02325,-0.06098,-0.00581,0.12245,-0.01728,0.25726,-0.01346,-0.01487,-0.04676,-0.03148,16.32667,0
4149,601.9,7036,3.1,0.4,0.02462,0.0189,-0.00559,5.63174,0.01975,1e-05,0.43073,0.0,0.55582,0.22246,-0.02992,-0.01999,-0.00882,-0.00314,-0.03143,-0.00503,-0.02972,-0.01971,-0.05163,-0.00568,0.10341,-0.0169,0.21491,-0.01577,-0.01649,-0.01843,-0.05714,13.78762,0
4150,605.4,6989,3.09,0.42,0.0256,0.01113,-0.00655,5.63349,0.00928,0.00011,0.43073,0.0,0.67694,0.25957,-0.02771,-0.02189,-0.00867,-0.00236,-0.03574,-0.0054,-0.03606,-0.02386,-0.06052,-0.00362,0.12163,-0.01877,0.25807,-0.0152,-0.01931,-0.03272,-0.03333,16.218,0
4151,608.9,6966,3.1,0.43,0.02662,0.01171,-0.0061,5.63484,0.01398,8e-05,0.43073,0.0,0.69312,0.27228,-0.02287,-0.02021,-0.0086,-0.00159,-0.03596,-0.00534,-0.03353,-0.02431,-0.06204,-0.00401,0.12453,-0.01533,0.264,-0.0134,-0.01776,-0.04052,-0.01786,16.60393,0
4152,612.6,6642,3.29,0.41,0.02692,0.00578,-0.00985,5.6325,0.01456,0.00017,0.43032,0.0,0.74578,0.28676,-0.02106,-0.02137,-0.00785,-0.00159,-0.03763,-0.00518,-0.03335,-0.02432,-0.0643,-0.00327,0.13108,-0.01901,0.27852,-0.01439,-0.0159,-0.03702,-0.00769,17.47744,0
4153,616.4,6524,3.39,0.38,0.02698,0.01727,-0.00381,5.62341,0.01615,5e-05,0.43024,0.0,0.66064,0.25636,-0.01714,-0.01819,-0.00667,-0.00093,-0.03224,-0.00397,-0.0285,-0.02183,-0.05742,-0.00255,0.1155,-0.01388,0.24693,-0.01122,-0.01322,-0.04342,0.0,15.40031,0
4154,620.1,6683,3.18,0.5,0.02659,0.01003,-0.00727,5.62854,0.01381,3e-05,0.43045,0.0,0.53838,0.20841,-0.02244,-0.0167,-0.00697,-0.00189,-0.0282,-0.00476,-0.02655,-0.01895,-0.04831,-0.00686,0.09656,-0.01403,0.20182,-0.00998,-0.01541,-0.04546,-0.02667,12.87533,0
4155,623.6,6871,3.15,0.43,0.02676,0.01036,-0.00738,5.62988,0.01342,0.00011,0.4305,0.0,0.65007,0.2496,-0.01855,-0.01814,-0.00655,-0.00096,-0.03135,-0.00327,-0.02743,-0.02119,-0.05539,-0.00362,0.11456,-0.01333,0.2459,-0.01063,-0.01345,-0.05842,-0.00769,15.27462,0
4156,627.1,7177,3.01,0.42,0.02209,0.05292,-0.01028,5.63326,0.01527,8e-05,0.43084,0.0,0.8086,0.31288,-0.02891,-0.02407,-0.00841,-0.00219,-0.04007,-0.00534,-0.03736,-0.02838,-0.07019,-0.00431,0.14271,-0.02058,0.30241,-0.01454,-0.01799,-0.07078,-0.01071,19.02857,0
4157,630.4,7421,2.89,0.42,0.0207,0.03943,-0.00803,5.64018,0.01537,2e-05,0.43103,0.0,0.56021,0.21758,-0.03034,-0.01789,-0.00807,-0.002,-0.02853,-0.00392,-0.02563,-0.01909,-0.04957,-0.00608,0.09962,-0.01428,0.21126,-0.0164,-0.01139,-0.03321,-0.03846,13.28308,0
4158,633.8,7196,2.99,0.43,0.02366,0.02553,-0.00757,5.64304,0.01474,1e-05,0.43114,0.0,0.72721,0.28265,-0.01895,-0.01994,-0.0073,-0.0012,-0.03537,-0.00407,-0.03046,-0.0236,-0.06236,-0.00184,0.12767,-0.01435,0.27322,-0.01249,-0.01438,-0.04964,-0.01044,17.02278,0
4159,637.3,6962,3.09,0.44,0.02503,0.01686,-0.00674,5.64513,0.00953,0.00011,0.43116,0.0,0.74015,0.29148,-0.02353,-0.02089,-0.00746,-0.00148,-0.03741,-0.00513,-0.03251,-0.02444,-0.06452,-0.00479,0.13135,-0.01632,0.2788,-0.01317,-0.01579,-0.05564,-0.01556,17.51289,0
4160,641.1,6438,3.4,0.42,0.02556,0.01031,-0.00757,5.64711,0.01424,8e-05,0.43112,0.0,0.63078,0.24406,-0.02056,-0.01816,-0.00712,-0.00151,-0.0326,-0.00469,-0.02971,-0.02155,-0.05646,-0.00328,0.11245,-0.01484,0.23838,-0.01106,-0.01558,-0.04468,-0.01765,14.99373,0
4161,644.9,6518,3.25,0.52,0.0263,0.01385,-0.0067,5.64698,0.01342,8e-05,0.43116,0.0,0.62447,0.24275,-0.02192,-0.01742,-0.00678,-0.00157,-0.03042,-0.00411,-0.02759,-0.02133,-0.05416,-0.00523,0.1114,-0.01274,0.23687,-0.00982,-0.01462,-0.08685,-0.01875,14.85271,0
4162,648.7,6501,3.3,0.48,0.02616,0.01736,-0.0067,5.6518,0.01251,8e-05,0.43139,0.0,0.59535,0.23017,-0.02378,-0.0196,-0.00799,-0.00203,-0.03177,-0.00465,-0.03049,-0.02117,-0.05369,-0.00546,0.108,-0.01683,0.22851,-0.01252,-0.01776,-0.03229,-0.03077,14.40026,0
4163,652.3,6765,3.18,0.45,0.026,0.00875,-0.00771,5.65953,0.01451,0.00017,0.43154,0.0,0.67761,0.26137,-0.02507,-0.01858,-0.00695,-0.002,-0.03305,-0.00499,-0.02952,-0.0221,-0.05858,-0.00613,0.11901,-0.01557,0.25321,-0.01161,-0.01807,-0.0806,-0.02778,15.86815,0
4164,655.9,6958,3.15,0.38,0.02658,0.01878,-0.00585,5.66028,0.01683,3e-05,0.43159,0.0,0.59784,0.23119,-0.02538,-0.01782,-0.0069,-0.00153,-0.03047,-0.00474,-0.02837,-0.02146,-0.05289,-0.00698,0.10711,-0.01434,0.2287,-0.00906,-0.01498,-0.06834,-0.04545,14.28182,0
4165,659.5,6809,3.14,0.47,0.02704,0.0016,-0.01043,5.65663,0.01012,0.00017,0.43102,0.0,0.67887,0.26638,-0.02283,-0.02038,-0.00739,-0.00145,-0.03467,-0.00461,-0.03029,-0.02285,-0.05965,-0.00552,0.12125,-0.01621,0.25801,-0.01224,-0.01352,-0.04531,-0.02667,16.16667,0
4166,663.2,6650,3.26,0.44,0.02493,0.1026,-0.01147,5.63952,0.01566,0.00026,0.43102,0.0,0.82249,0.31915,-0.02342,-0.02392,-0.00877,-0.00144,-0.04099,-0.00572,-0.03566,-0.02754,-0.07118,-0.00288,0.14453,-0.01772,0.30721,-0.01521,-0.01702,-0.0513,0.0,19.27125,0
4167,666.4,7525,2.87,0.4,0.01937,0.07314,-0.00916,5.65737,0.01789,2e-05,0.43156,0.0,0.6944,0.2687,-0.02244,-0.02019,-0.00701,-0.00146,-0.03473,-0.0043,-0.0301,-0.02302,-0.06072,-0.00481,0.1224,-0.01645,0.26059,-0.0129,-0.01454,-0.04811,-0.03333,16.31963,0
4168,669.9,7145,2.95,0.49,0.01934,0.04585,-0.00922,5.66516,0.014,2e-05,0.43177,0.0,0.63822,0.24705,-0.02237,-0.02071,-0.00832,-0.0019,-0.03359,-0.00445,-0.03031,-0.02187,-0.0576,-0.00565,0.11419,-0.01728,0.24218,-0.01461,-0.01517,-0.02025,-0.04519,15.22599,0
4169,673.4,6950,3.1,0.43,0.02403,0.02962,-0.00683,5.67025,0.01419,1e-05,0.43191,0.0,0.65217,0.25404,-0.02083,-0.02013,-0.00717,-0.00166,-0.03314,-0.00408,-0.02796,-0.02134,-0.05715,-0.00486,0.11639,-0.01594,0.24562,-0.01269,-0.01369,-0.0462,-0.03333,15.51882,0
4170,677.3,6352,3.36,0.51,0.02459,0.02159,-0.00686,5.67516,0.01135,0.00011,0.43219,0.0,0.5842,0.23083,-0.03044,-0.02007,-0.00876,-0.00247,-0.03221,-0.00458,-0.03096,-0.02151,-0.05345,-0.00827,0.10596,-0.01802,0.22378,-0.01219,-0.01422,-0.04075,-0.05625,14.12813,0
4171,681.1,6408,3.33,0.5,0.02613,0.00514,-0.01003,5.67964,0.01566,8e-05,0.43193,0.0,0.56075,0.21945,-0.0169,-0.01794,-0.00683,-0.00124,-0.02975,-0.00435,-0.02713,-0.02029,-0.05004,-0.00461,0.10048,-0.01406,0.21257,-0.01168,-0.01289,-0.02953,-0.0219,13.39743,0
4172,685.1,6134,3.48,0.52,0.02708,0.01206,-0.00705,5.66689,0.01523,8e-05,0.4315,0.0,0.7849,0.30581,-0.02056,-0.02127,-0.00732,-0.00108,-0.03801,-0.0042,-0.03218,-0.02605,-0.06768,-0.00418,0.13861,-0.0156,0.29449,-0.01351,-0.0145,-0.07207,0.0,18.48182,0
4173,689.1,6187,3.51,0.47,0.02672,0.01821,-0.00703,5.66423,0.01569,3e-05,0.4316,0.0,0.71733,0.27893,-0.02176,-0.02077,-0.00701,-0.00134,-0.03677,-0.00419,-0.03146,-0.02435,-0.06304,-0.00441,0.12775,-0.01494,0.27079,-0.01265,-0.01442,-0.04773,-0.01538,17.03385,0
4174,692.7,6772,3.2,0.43,0.02653,0.00507,-0.00763,5.66538,0.01136,8e-05,0.43155,0.0,0.48195,0.18892,-0.01845,-0.01532,-0.00669,-0.00153,-0.02576,-0.00401,-0.02494,-0.01781,-0.04385,-0.00467,0.08753,-0.01295,0.18483,-0.00789,-0.01449,-0.05424,-0.02143,11.67071,0
4175,696.5,6546,3.26,0.49,0.02686,0.00682,-0.00705,5.65572,0.01338,0.00017,0.43094,0.0,0.69204,0.26639,-0.01782,-0.01979,-0.00841,-0.00111,-0.03513,-0.00467,-0.02997,-0.02283,-0.06006,-0.0026,0.12181,-0.01663,0.25855,-0.01247,-0.01378,-0.04405,0.0,16.24077,0
4176,700.1,6747,3.19,0.46,0.02703,0.01014,-0.00511,5.6437,0.01488,5e-05,0.4308,0.0,0.64425,0.25271,-0.02234,-0.01786,-0.00673,-0.00189,-0.0313,-0.00413,-0.02666,-0.0209,-0.05522,-0.00421,0.11325,-0.01335,0.24285,-0.01224,-0.01345,-0.06269,-0.01538,15.10051,0
4177,703.6,7149,3.01,0.43,0.02131,0.03782,-0.01151,5.64452,0.0133,0.00011,0.43101,0.0,0.78598,0.30027,-0.02203,-0.02278,-0.009,-0.00163,-0.04032,-0.00574,-0.03608,-0.02743,-0.06922,-0.0039,0.13892,-0.01774,0.29599,-0.0122,-0.01741,-0.07355,-0.01111,18.52222,0
4178,707.1,6934,3.06,0.49,0.02199,0.03213,-0.00833,5.65131,0.01798,1e-05,0.43121,0.0,0.72933,0.28264,-0.02331,-0.02201,-0.00836,-0.00158,-0.03771,-0.00454,-0.03563,-0.02548,-0.06497,-0.00367,0.13031,-0.01915,0.27695,-0.01423,-0.0188,-0.03439,0.0,17.37486,0
4179,711.3,5883,3.62,0.55,0.02416,0.0117,-0.00838,5.65338,0.00938,0.00011,0.43123,0.0,0.73709,0.28429,-0.02072,-0.02172,-0.00871,-0.00168,-0.03832,-0.00524,-0.03248,-0.02431,-0.06519,-0.00318,0.13077,-0.01734,0.27699,-0.01557,-0.01638,-0.02785,-0.02444,17.43578,0
4180,715.3,6136,3.69,0.32,0.02598,0.01863,-0.00707,5.65798,0.01618,2e-05,0.43142,0.0,0.70235,0.27203,-0.01788,-0.02006,-0.0078,-0.00103,-0.03569,-0.00398,-0.03068,-0.02346,-0.06166,-0.00171,0.12398,-0.01569,0.26306,-0.01478,-0.01444,-0.02488,0.0,16.531,0
4181,719.4,5965,3.63,0.49,0.02546,0.01063,-0.00744,5.66145,0.0127,0.00011,0.43149,0.0,0.63254,0.24671,-0.02294,-0.01921,-0.00715,-0.00212,-0.03186,-0.00506,-0.02803,-0.02179,-0.05634,-0.00869,0.11206,-0.0167,0.23699,-0.01106,-0.01453,-0.05716,-0.02958,14.94075,0
4182,723.7,5700,3.82,0.49,0.02699,0.00431,-0.00811,5.65569,0.01323,0.00011,0.43109,0.0,0.72026,0.27793,-0.02391,-0.02273,-0.0092,-0.0016,-0.03864,-0.00511,-0.03685,-0.02579,-0.06522,-0.00218,0.12896,-0.01723,0.27557,-0.01608,-0.02043,-0.00555,0.0,17.19436,0
4183,727.9,5848,3.75,0.46,0.02689,0.00597,-0.00695,5.63905,0.01494,3e-05,0.43055,0.0,0.65137,0.25113,-0.02262,-0.01942,-0.00711,-0.00179,-0.03325,-0.00424,-0.02969,-0.02235,-0.05793,-0.00464,0.11494,-0.01525,0.24278,-0.01238,-0.01535,-0.04919,-0.01429,15.32571,0
4184,732.1,5880,3.67,0.51,0.0271,0.00923,-0.00729,5.63198,0.01278,8e-05,0.43035,0.0,0.70814,0.27444,-0.02697,-0.02213,-0.0082,-0.00147,-0.03696,-0.00525,-0.03537,-0.02599,-0.06456,-0.0044,0.12704,-0.01844,0.2688,-0.01388,-0.01757,-0.04797,0.0,16.93917,0
4185,736.1,6199,3.47,0.5,0.02665,0.00813,-0.00669,5.62614,0.01497,0.00011,0.43006,0.0,0.71424,0.27639,-0.02304,-0.02142,-0.00846,-0.00171,-0.03644,-0.00524,-0.03412,-0.02573,-0.06364,-0.004,0.12737,-0.01713,0.26823,-0.01331,-0.01813,-0.05137,-0.01282,16.98205,0
4186,739.8,6649,3.3,0.39,0.02693,0.00776,-0.00459,5.62045,0.01561,5e-05,0.42998,0.0,0.69307,0.26917,-0.02302,-0.01994,-0.00783,-0.00149,-0.03534,-0.00441,-0.03175,-0.02349,-0.06136,-0.00236,0.12362,-0.01581,0.26331,-0.011,-0.01662,-0.06656,-0.01176,16.48294,0
4187,743.3,6888,3.16,0.4,0.02308,0.07889,-0.00733,5.62277,0.01231,8e-05,0.43026,0.0,0.59707,0.23087,-0.01781,-0.0187,-0.00713,-0.00159,-0.03024,-0.00354,-0.02685,-0.01994,-0.05231,-0.00525,0.10538,-0.01555,0.22388,-0.01268,-0.01352,-0.02759,-0.02667,14.05111,0
4188,746.6,7578,2.86,0.38,0.01999,0.01869,-0.00863,5.63336,0.01401,0.00017,0.43049,0.0,0.74491,0.28918,-0.01931,-0.02085,-0.00821,-0.00117,-0.03632,-0.00409,-0.03175,-0.02515,-0.06479,-0.00283,0.13098,-0.01598,0.27957,-0.01311,-0.01559,-0.0522,-0.00667,17.46467,0
4189,750.3,6539,3.3,0.45,0.02352,0.02387,-0.00817,5.63696,0.01474,5e-05,0.43058,0.0,0.76042,0.29374,-0.02417,-0.02279,-0.00897,-0.00157,-0.03979,-0.00489,-0.03627,-0.02676,-0.06843,-0.00233,0.13572,-0.01796,0.28588,-0.01387,-0.01908,-0.05391,0.0,18.09667,0
4190,754.2,6420,3.45,0.38,0.02507,0.00809,-0.01094,5.64104,0.01234,0.00017,0.43061,0.0,0.60726,0.2361,-0.02037,-0.0194,-0.00702,-0.00192,-0.03148,-0.00441,-0.02769,-0.02002,-0.05399,-0.00763,0.10862,-0.01641,0.22981,-0.01171,-0.013,-0.03741,-0.04,14.48267,0
4191,758.0,6455,3.43,0.38,0.02628,0.00684,-0.00869,5.6385,0.01451,8e-05,0.4305,0.0,0.72916,0.28511,-0.01915,-0.02078,-0.00847,-0.00136,-0.03663,-0.00455,-0.03166,-0.024,-0.06372,-0.00252,0.12937,-0.0164,0.27595,-0.01233,-0.01582,-0.05775,-0.00667,17.2496,0
4192,762.1,5957,3.6,0.53,0.02672,0.00489,-0.00894,5.63257,0.01423,0.00011,0.43015,0.0,0.67886,0.2642,-0.02049,-0.01989,-0.00774,-0.00131,-0.03443,-0.00402,-0.03069,-0.02368,-0.05993,-0.00301,0.12067,-0.01502,0.25867,-0.01171,-0.01432,-0.04958,-0.00714,16.09,0
4193,766.3,5851,3.71,0.49,0.02665,0.00777,-0.00581,5.62456,0.01523,0.00026,0.42998,0.0,0.69929,0.26698,-0.01961,-0.02134,-0.00777,-0.00133,-0.036,-0.00429,-0.03124,-0.02368,-0.06156,-0.00283,0.12366,-0.01673,0.26183,-0.0154,-0.01499,-0.0274,-0.01282,16.48744,0
4194,770.5,5831,3.77,0.44,0.02688,0.01378,-0.00451,5.62685,0.02407,1e-05,0.43015,0.0,0.72406,0.28074,-0.02037,-0.02096,-0.00836,-0.00138,-0.03677,-0.00449,-0.03105,-0.02325,-0.06344,-0.00303,0.12824,-0.0165,0.27398,-0.01312,-0.01531,-0.04591,-0.00588,17.09853,0
4195,774.5,6202,3.46,0.5,0.02614,0.01762,-0.00694,5.62919,0.01069,0.00011,0.43032,0.0,0.59899,0.23485,-0.01741,-0.01833,-0.00651,-0.0019,-0.0303,-0.0039,-0.02517,-0.01931,-0.05226,-0.00569,0.10618,-0.01405,0.22426,-0.01383,-0.01127,-0.03667,-0.04111,14.15789,0
4196,778.3,6355,3.44,0.42,0.02681,0.00675,-0.0061,5.63484,0.01523,0.00011,0.43044,0.0,0.70252,0.2737,-0.0207,-0.02029,-0.00756,-0.00151,-0.03586,-0.00469,-0.03241,-0.0243,-0.062,-0.00283,0.12499,-0.01586,0.26678,-0.01198,-0.01749,-0.05604,-0.0125,16.66583,0
4197,782.1,6560,3.29,0.45,0.02637,0.04529,-0.01073,5.6363,0.01206,0.00026,0.4306,0.0,0.69772,0.26857,-0.02333,-0.01968,-0.00797,-0.00159,-0.03433,-0.00445,-0.03109,-0.02323,-0.06051,-0.00413,0.12207,-0.01577,0.25895,-0.01356,-0.01545,-0.061,-0.00769,16.27615,0
4198,785.3,7626,2.81,0.42,0.02028,0.05267,-0.00583,5.64788,0.02544,1e-05,0.43085,0.0,0.67757,0.26218,-0.02217,-0.0195,-0.00739,-0.00109,-0.03346,-0.00413,-0.03022,-0.02296,-0.05987,-0.0026,0.1198,-0.01484,0.25432,-0.01158,-0.01464,-0.05294,-0.01061,15.97394,0
4199,788.9,6896,3.09,0.47,0.02128,0.04838,-0.00758,5.65298,0.01139,5e-05,0.43107,0.0,0.65811,0.25517,-0.01817,-0.01841,-0.00752,-0.00157,-0.03221,-0.00347,-0.02662,-0.0212,-0.05686,-0.00458,0.11521,-0.01397,0.24533,-0.01224,-0.0121,-0.0532,-0.03636,15.36197,0
4200,792.7,6557,3.28,0.47,0.02238,0.02823,-0.00806,5.66369,0.01388,0.00017,0.43169,0.0,0.47908,0.18878,-0.02239,-0.01766,-0.00798,-0.00266,-0.02658,-0.004,-0.02354,-0.01676,-0.0443,-0.00949,0.08766,-0.01436,0.1839,-0.0113,-0.01273,-0.02483,-0.0763,11.68807,0
4201,796.5,6330,3.45,0.43,0.0255,0.02337,-0.00525,5.67837,0.02132,1e-05,0.432,0.0,0.72399,0.28174,-0.02461,-0.02124,-0.00861,-0.00152,-0.03627,-0.00438,-0.03239,-0.02426,-0.0633,-0.00344,0.12786,-0.01689,0.27087,-0.01256,-0.01636,-0.05469,-0.00686,17.04784,0
4202,800.5,6220,3.49,0.46,0.02583,0.01486,-0.00725,5.68328,0.01021,0.00011,0.43224,0.0,0.77038,0.2999,-0.02237,-0.02236,-0.00833,-0.00137,-0.03861,-0.00473,-0.03454,-0.02654,-0.06805,-0.00292,0.1371,-0.01673,0.29082,-0.01354,-0.01662,-0.05684,-0.00588,18.27941,0
4203,804.5,6137,3.53,0.47,0.02583,0.00588,-0.00611,5.68707,0.0138,0.00017,0.43213,0.0,0.58593,0.22656,-0.02715,-0.01871,-0.00742,-0.00188,-0.02916,-0.00401,-0.0267,-0.01956,-0.05124,-0.00806,0.10358,-0.01449,0.22016,-0.01344,-0.01321,-0.04218,-0.03529,13.81078,0
4204,808.7,5812,3.81,0.42,0.02679,0.00847,-0.00736,5.67817,0.01566,8e-05,0.43194,0.0,0.77146,0.3006,-0.02269,-0.02071,-0.00756,-0.00141,-0.0368,-0.00394,-0.03118,-0.02483,-0.06656,-0.0028,0.13502,-0.01517,0.28817,-0.01324,-0.01471,-0.07935,-0.0125,18.00292,0
4205,812.9,5924,3.7,0.44,0.02672,0.01263,-0.00802,5.67802,0.01416,0.00011,0.43204,0.0,0.82092,0.3125,-0.02381,-0.02208,-0.00846,-0.00153,-0.04014,-0.00505,-0.03446,-0.02682,-0.07132,-0.00364,0.14423,-0.01826,0.30613,-0.01559,-0.01805,-0.06987,-0.01176,19.23059,0
4206,817.1,5785,3.83,0.42,0.02648,0.00346,-0.00736,5.6735,0.01389,0.00011,0.43157,0.0,0.55679,0.21645,-0.02659,-0.01828,-0.00801,-0.00229,-0.02925,-0.00342,-0.02697,-0.01954,-0.04936,-0.00689,0.09946,-0.01538,0.20842,-0.01126,-0.01221,-0.05872,-0.04167,13.26083,0
4207,821.1,6235,3.52,0.42,0.02715,0.01014,-0.00611,5.6559,0.01519,5e-05,0.43112,0.0,0.71809,0.27966,-0.02116,-0.02088,-0.00776,-0.00141,-0.03616,-0.0045,-0.03318,-0.02473,-0.06339,-0.00316,0.12676,-0.01699,0.26789,-0.01503,-0.01726,-0.03682,0.0,16.90167,0
4208,824.6,7012,3.08,0.43,0.02177,0.07331,-0.01152,5.66043,0.01458,0.00026,0.43192,0.0,0.6469,0.24463,-0.01962,-0.01871,-0.00704,-0.00124,-0.03131,-0.0037,-0.02792,-0.0219,-0.05553,-0.00562,0.11284,-0.01474,0.24078,-0.01027,-0.01363,-0.05901,-0.02667,15.04511,0
4209,827.8,7747,2.75,0.42,0.01888,0.06788,-0.00422,5.6888,0.0212,1e-05,0.43244,0.0,0.63745,0.24641,-0.02183,-0.02001,-0.00769,-0.0016,-0.03295,-0.00419,-0.03032,-0.0225,-0.0568,-0.00575,0.11386,-0.01622,0.24196,-0.01326,-0.01512,-0.03248,-0.02879,15.18197,0
4210,831.2,7037,3.0,0.49,0.02242,0.02939,-0.00673,5.69445,0.0107,8e-05,0.43265,0.0,0.67806,0.26115,-0.02464,-0.02012,-0.00863,-0.00236,-0.03355,-0.00418,-0.02791,-0.02188,-0.05901,-0.00722,0.11985,-0.01569,0.25287,-0.0132,-0.01376,-0.0646,-0.04317,15.9797,0
4211,834.8,7006,3.07,0.43,0.02472,0.03274,-0.00872,5.70232,0.01354,8e-05,0.43305,0.0,0.53787,0.21166,-0.02378,-0.01753,-0.00703,-0.00185,-0.02832,-0.00376,-0.02651,-0.01904,-0.04874,-0.00674,0.09769,-0.01476,0.20673,-0.01149,-0.01539,-0.03762,-0.03509,13.02596,0
4212,838.5,6609,3.25,0.47,0.02546,0.01482,-0.00727,5.71428,0.01333,5e-05,0.43345,0.0,0.64812,0.25068,-0.02149,-0.02005,-0.00735,-0.00157,-0.03249,-0.00393,-0.02867,-0.02238,-0.0565,-0.00672,0.11426,-0.01451,0.24278,-0.0117,-0.01446,-0.05382,-0.03778,15.23489,0
4213,842.2,6652,3.28,0.42,0.02588,0.00674,-0.00923,5.72088,0.01533,3e-05,0.43363,0.0,0.60494,0.24321,-0.03462,-0.02185,-0.00987,-0.00317,-0.03433,-0.00479,-0.03225,-0.02189,-0.05702,-0.01082,0.11221,-0.02039,0.23267,-0.0192,-0.01614,-0.02193,-0.05714,14.96071,0
4214,845.9,6666,3.19,0.49,0.02662,0.00366,-0.00928,5.71586,0.01064,0.00017,0.43303,0.0,0.62861,0.24199,-0.02239,-0.02002,-0.00726,-0.0012,-0.03295,-0.00384,-0.02994,-0.02351,-0.05644,-0.00536,0.1125,-0.01528,0.23686,-0.01104,-0.0138,-0.06613,-0.00833,14.99944,0
4215,849.5,6751,3.22,0.42,0.02674,0.00421,-0.0064,5.69571,0.01471,8e-05,0.43244,0.0,0.68264,0.26263,-0.01807,-0.01895,-0.00738,-0.00142,-0.03274,-0.00364,-0.02806,-0.02275,-0.05881,-0.00285,0.11973,-0.01482,0.25359,-0.0132,-0.01296,-0.05145,-0.01429,15.96357,0
4216,853.3,6459,3.42,0.39,0.02705,0.01169,-0.0059,5.68432,0.01512,0.00011,0.43207,0.0,0.59703,0.23045,-0.01779,-0.01796,-0.00672,-0.00109,-0.03044,-0.00353,-0.02746,-0.02098,-0.05294,-0.00273,0.10687,-0.01393,0.22691,-0.01118,-0.01307,-0.03677,0.0,14.24902,0
4217,857.0,6555,3.27,0.48,0.02654,0.00801,-0.00735,5.68067,0.01408,8e-05,0.43207,0.0,0.64191,0.24377,-0.02168,-0.02055,-0.00863,-0.0019,-0.03417,-0.00503,-0.02993,-0.02178,-0.05764,-0.01457,0.11452,-0.01788,0.24519,-0.0126,-0.01542,-0.0305,-0.02778,15.26889,0
4218,860.7,6737,3.21,0.44,0.02509,0.04868,-0.00994,5.68144,0.01387,0.00026,0.43235,0.0,0.64237,0.24674,-0.02054,-0.02034,-0.00833,-0.0015,-0.03287,-0.00378,-0.03049,-0.02204,-0.05653,-0.00413,0.11437,-0.01667,0.24334,-0.01364,-0.01575,-0.02453,-0.01765,15.24941,0
4219,863.8,7991,2.66,0.41,0.02094,0.03508,-0.00828,5.6906,0.0155,5e-05,0.43257,0.0,0.60052,0.22859,-0.01299,-0.01614,-0.00544,-0.0009,-0.02926,-0.0025,-0.02422,-0.01939,-0.05039,-0.00085,0.10362,-0.01218,0.22321,-0.01089,-0.01075,-0.0311,0.0,13.81636,0
4220,867.6,6365,3.33,0.53,0.02238,0.02456,-0.01051,5.69923,0.01433,0.00017,0.43305,0.0,0.68258,0.26023,-0.01853,-0.01961,-0.00732,-0.0011,-0.03333,-0.00312,-0.03029,-0.02346,-0.05962,-0.00232,0.12011,-0.01528,0.25566,-0.0131,-0.01381,-0.04363,-0.01042,16.01467,0
4221,871.3,6712,3.23,0.43,0.02392,0.01768,-0.00596,5.71348,0.02184,1e-05,0.43336,0.0,0.70106,0.27263,-0.01881,-0.02004,-0.00733,-0.00128,-0.03412,-0.00384,-0.02905,-0.02307,-0.06107,-0.00326,0.12327,-0.01657,0.26272,-0.01247,-0.01395,-0.05382,-0.02544,16.4364,0
4222,875.2,6224,3.45,0.5,0.02467,0.02021,-0.00698,5.71635,0.00977,8e-05,0.43343,0.0,0.70508,0.27337,-0.03155,-0.02366,-0.00994,-0.00249,-0.03795,-0.00512,-0.03426,-0.02441,-0.06407,-0.00654,0.12768,-0.02095,0.26765,-0.01871,-0.01925,-0.03674,-0.02396,17.02396,0
4223,879.2,6232,3.62,0.32,0.02607,0.01331,-0.00803,5.71855,0.01559,8e-05,0.43356,0.0,0.67143,0.2573,-0.02123,-0.02095,-0.00778,-0.00124,-0.03453,-0.004,-0.03116,-0.0228,-0.0596,-0.00341,0.11839,-0.01757,0.25217,-0.01346,-0.01501,-0.02792,-0.00513,15.78544,0
4224,883.3,5909,3.67,0.49,0.0257,0.00515,-0.00868,5.71958,0.01437,0.00017,0.43329,0.0,0.60282,0.23623,-0.02688,-0.01863,-0.00847,-0.00232,-0.03214,-0.00424,-0.03172,-0.02348,-0.05567,-0.0061,0.10998,-0.01589,0.2318,-0.00886,-0.01631,-0.08729,-0.03472,14.66444,0
4225,887.5,5974,3.65,0.46,0.0266,0.01203,-0.00646,5.71167,0.01415,0.00011,0.43323,0.0,0.67467,0.26206,-0.02627,-0.02182,-0.00806,-0.00168,-0.03601,-0.00454,-0.03187,-0.02332,-0.06099,-0.00528,0.12111,-0.01875,0.25688,-0.01289,-0.01515,-0.05675,-0.00667,16.14867,0
4226,891.3,6460,3.37,0.43,0.02653,0.00386,-0.00864,5.709,0.01574,0.00011,0.43291,0.0,0.54317,0.2076,-0.01771,-0.01623,-0.00545,-0.00115,-0.02694,-0.00317,-0.02359,-0.01808,-0.04701,-0.00503,0.09457,-0.01103,0.20365,-0.00942,-0.01124,-0.03855,-0.02667,12.61,0
4227,895.0,6551,3.26,0.49,0.02719,0.00733,-0.00608,5.69428,0.01324,0.00017,0.43223,0.0,0.68096,0.2588,-0.02169,-0.02001,-0.00802,-0.00147,-0.03477,-0.00364,-0.0323,-0.02339,-0.05937,-0.00367,0.12022,-0.01526,0.25705,-0.01206,-0.01674,-0.03652,0.0,16.02929,0
4228,898.9,6410,3.39,0.45,0.02696,0.00788,-0.00609,5.68209,0.01381,0.00017,0.43194,0.0,0.774,0.29471,-0.02052,-0.02232,-0.00887,-0.0012,-0.03881,-0.00376,-0.03423,-0.02564,-0.0672,-0.00289,0.13535,-0.01676,0.29062,-0.01466,-0.01666,-0.02815,-0.00392,18.04706,0
4229,902.3,7066,3.01,0.47,0.02174,0.05096,-0.01216,5.68439,0.01406,0.00017,0.43245,0.0,0.74534,0.28304,-0.01834,-0.01941,-0.00704,-0.00103,-0.03529,-0.00347,-0.02856,-0.02315,-0.06341,-0.00206,0.12884,-0.01408,0.27775,-0.0099,-0.01371,-0.08213,0.0,17.17813,0
4230,905.9,6959,3.1,0.43,0.02064,0.02485,-0.00649,5.70183,0.01632,3e-05,0.4328,0.0,0.62295,0.24153,-0.02115,-0.01903,-0.0081,-0.00165,-0.03213,-0.00405,-0.02928,-0.02136,-0.05493,-0.00441,0.11118,-0.01492,0.23495,-0.01283,-0.01455,-0.03875,-0.02778,14.82389,0
4231,909.5,6750,3.19,0.45,0.02397,0.03497,-0.00992,5.71062,0.01354,3e-05,0.43319,0.0,0.82136,0.31569,-0.02105,-0.02252,-0.00927,-0.00144,-0.04003,-0.00392,-0.03329,-0.02649,-0.07126,-0.00326,0.14295,-0.01716,0.30643,-0.01471,-0.01387,-0.06213,-0.00729,19.0601,0
4232,913.1,6851,3.21,0.38,0.02491,0.01742,-0.00785,5.72113,0.01373,0.00017,0.43361,0.0,0.70662,0.27176,-0.02166,-0.01988,-0.00708,-0.00149,-0.0344,-0.00383,-0.03007,-0.02356,-0.06077,-0.00404,0.12414,-0.0143,0.26474,-0.01078,-0.01382,-0.07049,-0.02632,16.55263,0
4233,916.8,6551,3.33,0.42,0.02575,0.01209,-0.00583,5.73119,0.0162,5e-05,0.43381,0.0,0.74506,0.28337,-0.02227,-0.02199,-0.00843,-0.00151,-0.0374,-0.00406,-0.03338,-0.02524,-0.06536,-0.00366,0.13061,-0.01736,0.27945,-0.01235,-0.01672,-0.05729,-0.00741,17.41444,0
4234,920.9,6123,3.51,0.51,0.02621,0.00882,-0.00572,5.73265,0.01229,0.00017,0.4338,0.0,0.62332,0.24698,-0.03523,-0.02228,-0.00947,-0.00272,-0.03351,-0.00459,-0.03265,-0.02291,-0.05853,-0.00875,0.11371,-0.01739,0.24036,-0.01706,-0.01622,-0.04228,-0.03571,15.16143,0
4235,924.8,6267,3.61,0.31,0.02675,0.00876,-0.00564,5.73025,0.01833,2e-05,0.43369,0.0,0.72343,0.28669,-0.02446,-0.02261,-0.01001,-0.00194,-0.03981,-0.0046,-0.03621,-0.02581,-0.06714,-0.00531,0.13288,-0.01859,0.28157,-0.01563,-0.01755,-0.02581,-0.00769,17.71744,0
4236,928.8,6048,3.57,0.49,0.02685,0.02123,-0.00533,5.73085,0.01295,2e-05,0.43379,0.0,0.74831,0.29272,-0.02198,-0.02142,-0.00835,-0.00136,-0.03734,-0.00372,-0.03293,-0.02534,-0.06682,-0.00345,0.13367,-0.01561,0.28295,-0.01304,-0.01752,-0.076,0.0,17.82267,0
4237,932.6,6509,3.31,0.47,0.02586,0.01358,-0.00768,5.73555,0.01036,0.00011,0.43404,0.0,0.63526,0.24461,-0.02046,-0.02001,-0.00768,-0.00149,-0.03348,-0.00391,-0.03022,-0.0224,-0.05691,-0.00477,0.11341,-0.01601,0.2409,-0.01304,-0.01438,-0.03467,-0.02698,15.12127,0
4238,936.3,6692,3.23,0.44,0.02684,0.00674,-0.00723,5.73714,0.01455,0.00011,0.43394,0.0,0.63567,0.24122,-0.01959,-0.01838,-0.00791,-0.00102,-0.03236,-0.00349,-0.02961,-0.02205,-0.05587,-0.00294,0.11225,-0.0138,0.24053,-0.00951,-0.0146,-0.06513,-0.00513,14.96692,0
4239,939.9,6907,3.14,0.42,0.02427,0.04784,-0.00992,5.73525,0.013,0.00026,0.43417,0.0,0.7114,0.27214,-0.0179,-0.01894,-0.00654,-0.00152,-0.03438,-0.00342,-0.02962,-0.02312,-0.06141,-0.00263,0.12342,-0.01367,0.26556,-0.01185,-0.01447,-0.05541,-0.00417,16.45667,0
4240,942.9,8125,2.62,0.41,0.02091,0.01849,-0.00882,5.74649,0.01503,5e-05,0.43438,0.0,0.63078,0.24151,-0.01842,-0.02055,-0.00814,-0.00167,-0.03388,-0.00398,-0.02856,-0.02139,-0.05609,-0.00427,0.11192,-0.01698,0.23755,-0.01398,-0.01233,-0.02487,-0.03077,14.92308,0
4241,946.6,6609,3.17,0.55,0.0238,0.01203,-0.0083,5.74945,0.01259,0.00017,0.43443,0.0,0.7596,0.29099,-0.01956,-0.02122,-0.00765,-0.00123,-0.03732,-0.00389,-0.03155,-0.02483,-0.06573,-0.00203,0.13271,-0.0166,0.28285,-0.01418,-0.01478,-0.05814,0.0,17.69417,0
4242,950.3,6704,3.24,0.42,0.02489,0.01085,-0.00306,5.75004,0.01913,1e-05,0.43443,0.0,0.72434,0.27777,-0.02121,-0.02089,-0.00805,-0.00166,-0.03688,-0.00433,-0.0319,-0.0248,-0.06418,-0.00407,0.12832,-0.01675,0.27071,-0.01516,-0.01492,-0.05166,-0.01491,17.10939,0
4243,954.0,6533,3.33,0.43,0.02617,0.00517,-0.00734,5.74889,0.00871,8e-05,0.43437,0.0,0.80344,0.30537,-0.02552,-0.0245,-0.00961,-0.00221,-0.0418,-0.00469,-0.03789,-0.02731,-0.071,-0.0041,0.14196,-0.02038,0.30089,-0.0171,-0.01886,-0.03556,-0.0098,18.92745,0
4244,957.9,6372,3.41,0.44,0.02632,0.01401,-0.00611,5.74468,0.01535,2e-05,0.43434,0.0,0.74719,0.28476,-0.0238,-0.0207,-0.00708,-0.00169,-0.03632,-0.00403,-0.03093,-0.02477,-0.06446,-0.00443,0.12943,-0.01567,0.27528,-0.01544,-0.01491,-0.06013,-0.0125,17.2575,0
4245,962.0,5943,3.6,0.53,0.02672,0.00954,-0.00672,5.7447,0.01031,0.00011,0.43438,0.0,0.71059,0.27064,-0.02006,-0.02119,-0.00774,-0.00172,-0.03688,-0.00389,-0.03241,-0.02345,-0.06267,-0.00277,0.12558,-0.01618,0.26799,-0.01463,-0.0168,-0.02573,-0.01538,16.74436,0
4246,965.9,6337,3.43,0.45,0.02663,0.00526,-0.00712,5.74426,0.01622,2e-05,0.43432,0.0,0.66731,0.25634,-0.02215,-0.02012,-0.00778,-0.00145,-0.03551,-0.004,-0.03149,-0.02371,-0.06041,-0.00518,0.11997,-0.01646,0.25366,-0.01157,-0.01575,-0.05333,-0.01778,15.99667,0
4247,969.6,6577,3.27,0.47,0.02671,0.0132,-0.00676,5.744,0.01071,0.00011,0.43443,0.0,0.75215,0.29114,-0.02346,-0.02258,-0.00844,-0.00196,-0.03926,-0.00464,-0.03364,-0.02566,-0.06586,-0.00627,0.13354,-0.01598,0.28298,-0.01577,-0.01703,-0.03593,-0.02,17.80467,0
4248,973.6,6181,3.49,0.48,0.02635,0.0122,-0.00593,5.74996,0.01399,0.00011,0.43465,0.0,0.50827,0.19415,-0.02506,-0.01936,-0.00848,-0.00238,-0.02968,-0.00459,-0.02843,-0.01867,-0.04688,-0.01092,0.09237,-0.01825,0.19464,-0.01202,-0.01569,-0.02061,-0.06667,12.31667,0
4249,977.5,6282,3.48,0.43,0.02686,0.02886,-0.01123,5.75582,0.01491,0.00011,0.43496,0.0,0.7529,0.2834,-0.02155,-0.02232,-0.00783,-0.00164,-0.03791,-0.00408,-0.03273,-0.02536,-0.0649,-0.00432,0.13091,-0.01743,0.28064,-0.0138,-0.01501,-0.0408,-0.01875,17.45437,0
4250,981.0,7023,3.08,0.42,0.02033,0.05752,-0.01123,5.7614,0.01286,8e-05,0.43521,0.0,0.76577,0.29224,-0.02175,-0.02294,-0.00893,-0.00171,-0.04028,-0.0044,-0.03502,-0.02586,-0.06857,-0.00345,0.13452,-0.01893,0.28768,-0.0145,-0.01644,-0.03366,-0.00417,17.93646,0
4251,985.0,6210,3.12,0.83,0.0199,0.03321,-0.01024,5.77249,0.01414,8e-05,0.43567,0.0,0.70779,0.27012,-0.01975,-0.01951,-0.00707,-0.00153,-0.03544,-0.00373,-0.03001,-0.02317,-0.06179,-0.00449,0.12421,-0.01475,0.26555,-0.01195,-0.01535,-0.05802,-0.02677,16.56114,0
4252,995.7,2306,10.19,0.47,0.02439,0.01061,-0.00953,5.78407,0.01473,0.00017,0.43607,0.0,0.70328,0.27266,-0.02183,-0.02211,-0.00831,-0.00197,-0.03812,-0.00453,-0.033,-0.02418,-0.0641,-0.00484,0.12596,-0.01937,0.26745,-0.01367,-0.01592,-0.03752,-0.02,16.79418,0
4253,1000.2,5358,4.0,0.58,0.02552,0.01328,-0.00692,5.78945,0.01624,5e-05,0.43616,0.0,0.73372,0.28153,-0.02182,-0.02019,-0.0077,-0.00161,-0.03611,-0.00405,-0.03047,-0.02381,-0.06357,-0.00339,0.12779,-0.0162,0.2719,-0.01504,-0.01392,-0.05821,-0.0125,17.03917,0
4254,1005.3,4824,4.66,0.44,0.02632,0.01063,-0.00675,5.79121,0.0146,3e-05,0.43607,0.0,0.69956,0.26844,-0.02129,-0.02176,-0.00786,-0.00168,-0.03694,-0.00446,-0.03371,-0.02498,-0.0626,-0.00377,0.1235,-0.01758,0.26202,-0.01434,-0.01488,-0.03876,-0.00714,16.46643,0
4255,1009.8,5474,3.98,0.51,0.02631,0.00622,-0.00721,5.78642,0.011,0.00017,0.43572,0.0,0.69322,0.26407,-0.02318,-0.02217,-0.00822,-0.00165,-0.03764,-0.00467,-0.0369,-0.02638,-0.06425,-0.00724,0.12547,-0.01733,0.26762,-0.01278,-0.01792,-0.04573,-0.02143,16.72929,0
4256,1014.4,5348,4.06,0.53,0.02631,0.01364,-0.00504,5.7746,0.01624,8e-05,0.43552,0.0,0.60164,0.23273,-0.02586,-0.01986,-0.00892,-0.00222,-0.03452,-0.00552,-0.03109,-0.02128,-0.05552,-0.00864,0.11107,-0.01868,0.23303,-0.01196,-0.01762,-0.07447,-0.03077,14.80938,0
4257,1019.3,5073,4.37,0.48,0.02694,0.0056,-0.00643,5.77091,0.01611,3e-05,0.43538,0.0,0.73731,0.28163,-0.02257,-0.02126,-0.00781,-0.00175,-0.03892,-0.00475,-0.035,-0.02583,-0.06655,-0.00391,0.13176,-0.01761,0.28075,-0.01352,-0.01809,-0.05529,-0.00417,17.5674,0
4258,1024.3,4932,4.5,0.48,0.02694,0.02384,-0.00678,5.76878,0.01399,2e-05,0.43536,0.0,0.79531,0.30324,-0.02189,-0.02194,-0.00842,-0.00142,-0.03983,-0.00463,-0.03497,-0.02699,-0.07069,-0.00385,0.13945,-0.01973,0.29757,-0.01407,-0.01557,-0.06376,0.0,18.59375,0
4259,1028.7,5550,4.07,0.36,0.02603,0.02347,-0.00753,5.77394,0.01002,0.00011,0.43568,0.0,0.49448,0.19082,-0.02711,-0.01725,-0.00649,-0.0024,-0.02737,-0.0045,-0.02463,-0.01802,-0.04545,-0.00809,0.08909,-0.01422,0.18618,-0.01078,-0.01238,-0.02895,-0.03529,11.87824,0
4260,1033.2,5435,3.97,0.55,0.02248,0.06442,-0.01053,5.78705,0.01369,0.00011,0.43625,0.0,0.59992,0.22914,-0.02095,-0.01911,-0.0063,-0.00182,-0.03147,-0.00446,-0.02806,-0.02168,-0.05392,-0.00629,0.10665,-0.01467,0.22595,-0.0119,-0.01252,-0.04435,-0.03846,14.21974,0
4261,1037.1,6337,3.41,0.47,0.02053,0.03614,-0.00868,5.79864,0.01367,8e-05,0.43665,0.0,0.69911,0.26713,-0.02354,-0.0215,-0.00865,-0.00163,-0.0372,-0.00458,-0.03313,-0.02511,-0.06369,-0.00449,0.12375,-0.01826,0.26239,-0.01521,-0.01503,-0.03498,-0.025,16.50021,0
4262,1041.4,5659,3.84,0.51,0.02356,0.02971,-0.00718,5.80748,0.01497,2e-05,0.4369,0.0,0.71759,0.27452,-0.02063,-0.01993,-0.00661,-0.0013,-0.03613,-0.00386,-0.03093,-0.02417,-0.06316,-0.00372,0.12622,-0.01517,0.27052,-0.01145,-0.01359,-0.06686,-0.00667,16.82883,0
4263,1045.8,5588,3.94,0.46,0.02482,0.01433,-0.00807,5.81208,0.01081,0.00011,0.43707,0.0,0.6365,0.2463,-0.02128,-0.0185,-0.00744,-0.00188,-0.03304,-0.00394,-0.02848,-0.02136,-0.05772,-0.0048,0.11335,-0.01513,0.24058,-0.01192,-0.01402,-0.05145,-0.02982,15.11333,0
4264,1050.2,5568,3.92,0.5,0.02573,0.01566,-0.00822,5.81586,0.01418,0.00011,0.43721,0.0,0.71473,0.27361,-0.02517,-0.02102,-0.00757,-0.00188,-0.03754,-0.00431,-0.03189,-0.02426,-0.06411,-0.00466,0.12653,-0.01661,0.26891,-0.01293,-0.01593,-0.06557,-0.02982,16.87105,0
4265,1054.8,5360,4.08,0.5,0.02666,0.01139,-0.005,5.81928,0.01382,0.00011,0.4372,0.0,0.74626,0.28864,-0.01848,-0.02004,-0.00718,-0.00135,-0.03714,-0.00407,-0.03157,-0.02473,-0.06594,-0.00122,0.13112,-0.01549,0.28079,-0.01321,-0.01458,-0.05574,0.0,17.48222,0
4266,1059.5,5296,4.16,0.48,0.02635,0.01812,-0.00492,5.82096,0.01348,0.00011,0.43744,0.0,0.6042,0.23026,-0.01668,-0.0169,-0.00631,-0.00134,-0.03085,-0.00331,-0.02597,-0.02055,-0.05262,-0.00314,0.10558,-0.01372,0.22443,-0.01147,-0.011,-0.04526,-0.01292,14.07704,0
4267,1064.1,5346,4.17,0.43,0.02637,0.01842,-0.00577,5.82883,0.01956,1e-05,0.43761,0.0,0.69088,0.26074,-0.0223,-0.02055,-0.00689,-0.0017,-0.03615,-0.00492,-0.03211,-0.02335,-0.06234,-0.00669,0.12209,-0.01716,0.26001,-0.01321,-0.01856,-0.03518,-0.03333,16.27933,0
4268,1068.4,5613,3.93,0.45,0.02694,0.002,-0.00803,5.82452,0.00797,0.00011,0.43695,0.0,0.73468,0.28342,-0.02314,-0.02271,-0.00841,-0.00217,-0.04004,-0.00498,-0.03538,-0.02517,-0.06701,-0.00383,0.13124,-0.02016,0.27977,-0.01575,-0.01669,-0.02773,-0.00625,17.49875,0
4269,1073.2,5126,4.33,0.47,0.02694,0.0197,-0.0058,5.80109,0.01378,5e-05,0.43648,0.0,0.72062,0.27836,-0.01775,-0.01859,-0.00668,-0.00147,-0.03637,-0.0043,-0.0299,-0.02335,-0.06396,-0.00145,0.12632,-0.01348,0.27047,-0.01229,-0.01455,-0.05868,-0.00769,16.84333,0
4270,1077.9,5239,4.23,0.46,0.02529,0.05579,-0.01002,5.803,0.00976,0.00017,0.43667,0.0,0.65161,0.24985,-0.01963,-0.01959,-0.00708,-0.00153,-0.03428,-0.00436,-0.03108,-0.02288,-0.05853,-0.00299,0.11569,-0.0159,0.24656,-0.01207,-0.01485,-0.03614,-0.00833,15.42546,0
4271,1081.8,6335,3.38,0.5,0.01991,0.02895,-0.01039,5.81542,0.01401,0.00011,0.43719,0.0,0.69097,0.26451,-0.01862,-0.02034,-0.00627,-0.00143,-0.03498,-0.00405,-0.03058,-0.02473,-0.06073,-0.00478,0.12046,-0.01513,0.25635,-0.01387,-0.01269,-0.03527,-0.02222,16.06111,0
4272,1086.0,5855,3.68,0.51,0.02179,0.01631,-0.00834,5.82754,0.01522,3e-05,0.43748,0.0,0.69178,0.26565,-0.01891,-0.02085,-0.00672,-0.00152,-0.03639,-0.0044,-0.03292,-0.02484,-0.06231,-0.00235,0.12219,-0.01669,0.25856,-0.01659,-0.01467,-0.00851,-0.01569,16.29157,0
4273,1090.4,5581,3.87,0.53,0.02512,0.01153,-0.00809,5.83074,0.01383,0.00017,0.4377,0.0,0.7627,0.28848,-0.02337,-0.02175,-0.00806,-0.00176,-0.03908,-0.00486,-0.03505,-0.02659,-0.06782,-0.00347,0.13397,-0.01856,0.28614,-0.01367,-0.01715,-0.04303,0.0,17.86313,0
4274,1094.8,5577,3.93,0.47,0.02539,0.0106,-0.00603,5.83347,0.01726,2e-05,0.43778,0.0,0.76238,0.29016,-0.02264,-0.02061,-0.00743,-0.00179,-0.0382,-0.00441,-0.03249,-0.02488,-0.06708,-0.00369,0.13252,-0.01728,0.28252,-0.01406,-0.01481,-0.05463,-0.00909,17.66894,0
4275,1099.2,5560,4.01,0.41,0.0254,0.01773,-0.00589,5.835,0.01197,3e-05,0.4379,0.0,0.64774,0.24529,-0.03643,-0.02125,-0.00857,-0.00299,-0.03425,-0.00497,-0.03536,-0.02456,-0.05947,-0.01021,0.11612,-0.01783,0.24704,-0.01662,-0.02139,-0.07121,-0.03333,15.48222,0
4276,1103.8,5349,4.09,0.5,0.0259,0.00919,-0.00789,5.83711,0.01138,8e-05,0.43792,0.0,0.70301,0.26768,-0.0287,-0.02135,-0.00822,-0.00248,-0.03695,-0.00501,-0.03423,-0.02523,-0.06391,-0.00668,0.12531,-0.01768,0.26507,-0.01629,-0.01673,-0.06274,-0.02667,16.70867,0
4277,1108.4,5400,4.03,0.52,0.02637,0.00904,-0.00865,5.83252,0.01436,0.00017,0.43752,0.0,0.62,0.23737,-0.02353,-0.01891,-0.00723,-0.00167,-0.03426,-0.00407,-0.03339,-0.02329,-0.05753,-0.00445,0.11174,-0.01544,0.23704,-0.01206,-0.01704,-0.03408,-0.01042,14.89854,0
4278,1113.2,5084,4.32,0.52,0.02621,0.01593,-0.0053,5.82414,0.01524,0.00017,0.43717,0.0,0.69047,0.26541,-0.02087,-0.0203,-0.0074,-0.00219,-0.03676,-0.00512,-0.03348,-0.02429,-0.06283,-0.00527,0.12224,-0.01728,0.25755,-0.01605,-0.01696,-0.02545,-0.02381,16.29929,0
4279,1117.8,5352,4.05,0.54,0.02657,0.01094,-0.00712,5.82315,0.0161,5e-05,0.43715,0.0,0.74585,0.28349,-0.0205,-0.02172,-0.00799,-0.00171,-0.03926,-0.00446,-0.03512,-0.02661,-0.06745,-0.00446,0.13171,-0.0183,0.28087,-0.01454,-0.01615,-0.04457,-0.01579,17.56105,0
4280,1122.6,5078,4.34,0.5,0.02684,0.01525,-0.00696,5.82372,0.01402,0.00017,0.43719,0.0,0.71078,0.26713,-0.01785,-0.01932,-0.00695,-0.00143,-0.0361,-0.00425,-0.03125,-0.02383,-0.06274,-0.00195,0.12338,-0.01525,0.26202,-0.01423,-0.01415,-0.0275,0.0,16.45111,0
4281,1126.9,5768,3.83,0.43,0.02194,0.04748,-0.01175,5.83153,0.01534,0.00017,0.43756,0.0,0.6818,0.26223,-0.01833,-0.01927,-0.00705,-0.00124,-0.03515,-0.00392,-0.03088,-0.02407,-0.0609,-0.00312,0.12006,-0.01607,0.25648,-0.01384,-0.01295,-0.03632,-0.01053,16.00737,0
4282,1131.0,6078,3.59,0.45,0.02021,0.04309,-0.00715,5.84512,0.02111,1e-05,0.43779,0.0,0.64984,0.24859,-0.01828,-0.01932,-0.00701,-0.00136,-0.03408,-0.00397,-0.03052,-0.02311,-0.0586,-0.00549,0.11465,-0.01594,0.2441,-0.01246,-0.01387,-0.04726,-0.03111,15.28644,0
4283,1135.4,5527,3.93,0.52,0.0231,0.02154,-0.00703,5.84922,0.01051,0.00011,0.43795,0.0,0.77624,0.29873,-0.02103,-0.01998,-0.00738,-0.00187,-0.03776,-0.00448,-0.0321,-0.02563,-0.06777,-0.00326,0.13453,-0.015,0.28938,-0.01188,-0.01483,-0.08622,-0.02698,17.93698,0
4284,1139.6,5878,3.83,0.35,0.02496,0.00684,-0.00799,5.85566,0.01441,5e-05,0.43804,0.0,0.727,0.28009,-0.02473,-0.02261,-0.00797,-0.00262,-0.03901,-0.00544,-0.03565,-0.02542,-0.06644,-0.0057,0.12895,-0.0196,0.27263,-0.01759,-0.01658,-0.02537,-0.02333,17.19317,0
4285,1144.1,5481,4.02,0.46,0.02558,0.0179,-0.00856,5.85546,0.01236,0.00017,0.43803,0.0,0.70966,0.26766,-0.02201,-0.02107,-0.00763,-0.00243,-0.03827,-0.00501,-0.03425,-0.02482,-0.06447,-0.00523,0.12598,-0.0189,0.26523,-0.01445,-0.01841,-0.04681,-0.03125,16.79771,0
4286,1148.4,5647,3.9,0.45,0.02591,0.0089,-0.00632,5.85727,0.01541,8e-05,0.43811,0.0,0.72515,0.27773,-0.02296,-0.021,-0.00749,-0.00177,-0.03714,-0.00454,-0.03227,-0.02483,-0.06402,-0.00578,0.12741,-0.01686,0.27146,-0.01554,-0.01451,-0.05141,-0.02333,16.98858,0
4287,1153.0,5381,4.04,0.52,0.02654,0.00788,-0.00708,5.85551,0.01555,5e-05,0.43799,0.0,0.68659,0.26342,-0.01847,-0.01954,-0.00736,-0.00142,-0.03594,-0.0041,-0.03027,-0.02281,-0.06185,-0.00255,0.12156,-0.01564,0.25874,-0.01587,-0.01407,-0.04356,-0.01538,16.20795,0
4288,1157.4,5519,4.11,0.35,0.02658,0.00929,-0.00643,5.85225,0.01488,8e-05,0.43781,0.0,0.73746,0.27955,-0.02004,-0.02137,-0.0075,-0.00185,-0.03894,-0.00487,-0.035,-0.02599,-0.0662,-0.00236,0.13047,-0.01723,0.27781,-0.01398,-0.01716,-0.0426,-0.00392,17.39539,0
4289,1162.1,5235,4.14,0.56,0.02664,0.00528,-0.00899,5.84295,0.01493,0.00026,0.43717,0.0,0.71509,0.27219,-0.02072,-0.02116,-0.00757,-0.00159,-0.03807,-0.00443,-0.03302,-0.02452,-0.0639,-0.00313,0.12599,-0.01759,0.27066,-0.01479,-0.01482,-0.03419,-0.00769,16.79872,0
4290,1166.5,5646,3.99,0.37,0.02652,0.00839,-0.00497,5.82834,0.01555,8e-05,0.43692,0.0,0.57097,0.21665,-0.02352,-0.01881,-0.0078,-0.00188,-0.0318,-0.00449,-0.02999,-0.02143,-0.0526,-0.00864,0.10223,-0.01825,0.21863,-0.0115,-0.01427,-0.03478,-0.03636,13.6303,0
4291,1171.4,5000,4.41,0.5,0.02456,0.05935,-0.01044,5.82892,0.01313,0.00026,0.43733,0.0,0.75879,0.28774,-0.0197,-0.02084,-0.00685,-0.00136,-0.03766,-0.00426,-0.0323,-0.02592,-0.06686,-0.00293,0.13201,-0.01586,0.27966,-0.01517,-0.01488,-0.05351,-0.00769,17.60161,0
4292,1175.3,6292,3.44,0.47,0.01979,0.02874,-0.00992,5.84184,0.01556,0.00011,0.43762,0.0,0.63021,0.23717,-0.01857,-0.01793,-0.0062,-0.00155,-0.03209,-0.00392,-0.02868,-0.02145,-0.05623,-0.00345,0.11068,-0.01377,0.23622,-0.01193,-0.01459,-0.05159,-0.01481,14.75667,0
4293,1179.6,5744,3.73,0.54,0.02143,0.05557,-0.00928,5.84869,0.0184,1e-05,0.43779,0.0,0.76057,0.28927,-0.02164,-0.02056,-0.00741,-0.00157,-0.03782,-0.00433,-0.03318,-0.02597,-0.06762,-0.00305,0.13279,-0.01617,0.28519,-0.01402,-0.01455,-0.06222,-0.02208,17.70496,0
4294,1184.8,4723,4.62,0.58,0.02263,0.04182,-0.00747,5.85437,0.01008,8e-05,0.43814,0.0,0.62505,0.23872,-0.02681,-0.01916,-0.00792,-0.00264,-0.03387,-0.00471,-0.02998,-0.02157,-0.05749,-0.00791,0.11127,-0.01702,0.23563,-0.01549,-0.01403,-0.03289,-0.05556,14.83619,0
4295,1189.8,4890,4.56,0.47,0.0247,0.02083,-0.00948,5.86589,0.01431,3e-05,0.43843,0.0,0.66094,0.2526,-0.02855,-0.02057,-0.00811,-0.0026,-0.03566,-0.00499,-0.03343,-0.0236,-0.06143,-0.0054,0.11931,-0.01723,0.25331,-0.01378,-0.01727,-0.06462,-0.02812,15.90833,0
4296,1194.4,5389,4.01,0.55,0.0251,0.01363,-0.00656,5.8723,0.01422,0.00011,0.43872,0.0,0.58775,0.22532,-0.02286,-0.01883,-0.00731,-0.00235,-0.03194,-0.00496,-0.03015,-0.02148,-0.05411,-0.00573,0.10527,-0.01588,0.22198,-0.01389,-0.01452,-0.02171,-0.03333,14.03578,0
4297,1198.8,5614,3.92,0.46,0.02625,0.00852,-0.00729,5.87656,0.01466,0.00011,0.43868,0.0,0.73545,0.27939,-0.02402,-0.0227,-0.009,-0.00228,-0.0413,-0.00546,-0.03673,-0.0261,-0.06821,-0.00524,0.13122,-0.02031,0.27545,-0.01806,-0.01738,-0.01021,-0.01569,17.49618,0
4298,1202.7,6177,3.48,0.5,0.02632,0.00403,-0.0092,5.86796,0.01511,0.00026,0.43783,0.0,0.67284,0.25773,-0.02295,-0.02001,-0.00683,-0.00193,-0.03658,-0.00474,-0.03345,-0.02409,-0.06185,-0.00353,0.11974,-0.01678,0.25249,-0.01645,-0.01608,-0.02785,-0.02143,15.965,0
4299,1206.6,6349,3.47,0.4,0.02673,0.02299,-0.00457,5.8479,0.01708,3e-05,0.43759,0.0,0.71208,0.27217,-0.02071,-0.02083,-0.00756,-0.00159,-0.03741,-0.00419,-0.03376,-0.02447,-0.06464,-0.00334,0.12651,-0.01639,0.2712,-0.01323,-0.01591,-0.03683,-0.00625,16.86854,0
4300,1210.6,6248,3.5,0.43,0.02677,0.00596,-0.00657,5.84458,0.00878,0.00017,0.43713,0.0,0.75894,0.28995,-0.02335,-0.02245,-0.00804,-0.00172,-0.03989,-0.00511,-0.03585,-0.02681,-0.06964,-0.00509,0.13545,-0.018,0.28982,-0.01697,-0.01657,-0.03306,-0.00588,18.06,0
4301,1216.4,4187,5.31,0.56,0.02696,0.01176,-0.00641,5.83046,0.01519,0.00011,0.43677,0.0,0.73446,0.28061,-0.02608,-0.02129,-0.00717,-0.00194,-0.03825,-0.00479,-0.03652,-0.02753,-0.06765,-0.00383,0.13118,-0.01824,0.27753,-0.01441,-0.01791,-0.06752,-0.00444,17.49111,0
4302,1223.4,3512,6.46,0.54,0.02103,0.02726,-0.01293,5.82934,0.01454,0.00011,0.43674,0.0,0.6825,0.25685,-0.01865,-0.01851,-0.00664,-0.0017,-0.03436,-0.00389,-0.03028,-0.02329,-0.06027,-0.00491,0.11848,-0.01519,0.25539,-0.01036,-0.01471,-0.05883,-0.01714,15.79729,0
4303,1230.7,3403,6.65,0.57,0.02152,0.04782,-0.0067,5.83327,0.01995,1e-05,0.43687,0.0,0.67348,0.25907,-0.01827,-0.01931,-0.00656,-0.00148,-0.03467,-0.00418,-0.03217,-0.02442,-0.06097,-0.00289,0.11891,-0.01417,0.25405,-0.01276,-0.01512,-0.04532,-0.00625,15.855,0
4304,1238.2,3268,6.95,0.57,0.02295,0.0202,-0.00747,5.83741,0.00768,8e-05,0.43708,0.0,0.62764,0.24103,-0.02302,-0.01838,-0.00708,-0.00208,-0.03312,-0.00463,-0.02879,-0.02153,-0.05695,-0.00605,0.11106,-0.01494,0.23607,-0.01297,-0.01352,-0.05064,-0.03968,14.80746,0
4305,1246.2,3070,7.43,0.58,0.02494,0.01411,-0.00733,5.84436,0.01644,1e-05,0.43727,0.0,0.67978,0.25639,-0.02075,-0.01956,-0.00674,-0.00159,-0.03558,-0.00471,-0.03368,-0.02534,-0.06204,-0.00423,0.12065,-0.01589,0.25851,-0.01204,-0.01503,-0.05765,-0.01667,16.08667,0
4306,1254.0,3154,7.24,0.55,0.02532,0.02156,-0.00709,5.84829,0.00935,0.00011,0.4375,0.0,0.71807,0.27078,-0.02485,-0.02096,-0.00802,-0.00205,-0.03712,-0.00453,-0.03266,-0.02415,-0.06431,-0.0053,0.12574,-0.01838,0.26856,-0.01906,-0.01545,-0.0418,-0.02549,16.76569,0
4307,1262.3,2974,7.61,0.65,0.02542,0.02058,-0.0065,5.85551,0.01617,3e-05,0.43775,0.0,0.71132,0.26947,-0.02135,-0.01973,-0.00701,-0.00206,-0.03546,-0.00449,-0.03125,-0.02471,-0.06366,-0.00462,0.12437,-0.01711,0.26689,-0.01159,-0.01425,-0.07258,-0.025,16.58315,0
4308,1270.3,3069,7.47,0.54,0.02638,0.02386,-0.00624,5.86025,0.01523,1e-05,0.43789,0.0,0.70165,0.26962,-0.0211,-0.02168,-0.0074,-0.00187,-0.03806,-0.00518,-0.03387,-0.02429,-0.06485,-0.00293,0.12498,-0.01824,0.26668,-0.01513,-0.01623,-0.03097,-0.00667,16.66356,0
4309,1278.1,3158,7.19,0.59,0.02608,0.00834,-0.00683,5.86249,0.00865,0.00011,0.43786,0.0,0.67008,0.2611,-0.02562,-0.0207,-0.00743,-0.00215,-0.03653,-0.00529,-0.03461,-0.02437,-0.06251,-0.00529,0.12053,-0.01658,0.25636,-0.01582,-0.01906,-0.03636,-0.0193,16.07088,0
4310,1285.8,3172,7.16,0.59,0.02667,0.01405,-0.00658,5.86095,0.01663,2e-05,0.43788,0.0,0.63759,0.24341,-0.01829,-0.0191,-0.00707,-0.00157,-0.0338,-0.00387,-0.0298,-0.02282,-0.05851,-0.00285,0.1133,-0.01498,0.23982,-0.01324,-0.01331,-0.03282,-0.0125,15.10708,0
4311,1293.2,3348,6.84,0.5,0.0263,0.00749,-0.00578,5.86194,0.01118,3e-05,0.4379,0.0,0.72574,0.27679,-0.02302,-0.02167,-0.00787,-0.00176,-0.03935,-0.00507,-0.03611,-0.0262,-0.06772,-0.00491,0.13031,-0.01747,0.27799,-0.01442,-0.01703,-0.04866,-0.01667,17.37417,0
4312,1297.1,6201,3.52,0.45,0.02327,0.06669,-0.0098,5.8635,0.01041,0.00017,0.43811,0.0,0.68739,0.26111,-0.01994,-0.01974,-0.00733,-0.00181,-0.03646,-0.00397,-0.03305,-0.02343,-0.06166,-0.00338,0.12153,-0.01569,0.26202,-0.01308,-0.0161,-0.03695,-0.00556,16.20454,0
4313,1300.4,7423,2.9,0.42,0.01964,0.04997,-0.00887,5.87542,0.0166,2e-05,0.4385,0.0,0.65451,0.24922,-0.02339,-0.01936,-0.00628,-0.00171,-0.03271,-0.00437,-0.02883,-0.0223,-0.05864,-0.00565,0.11418,-0.01509,0.24262,-0.01824,-0.0135,-0.0413,-0.02667,15.224,0
4314,1304.2,6465,3.24,0.56,0.02232,0.02914,-0.00808,5.88405,0.01267,5e-05,0.43881,0.0,0.69278,0.26618,-0.02283,-0.0189,-0.00697,-0.00178,-0.03532,-0.00439,-0.03117,-0.02404,-0.06313,-0.00377,0.12263,-0.01597,0.26367,-0.01099,-0.01435,-0.07688,-0.01583,16.35058,0
4315,1311.4,3457,6.57,0.54,0.02439,0.01383,-0.00969,5.88853,0.0135,5e-05,0.43885,0.0,0.6358,0.24526,-0.02803,-0.02105,-0.00776,-0.00297,-0.03656,-0.0055,-0.03468,-0.02327,-0.06105,-0.00676,0.11613,-0.01853,0.24627,-0.01439,-0.01921,-0.03358,-0.03889,15.48444,0
4316,1315.3,6183,3.58,0.4,0.02523,0.03209,-0.00759,5.88755,0.01446,3e-05,0.4389,0.0,0.70845,0.26979,-0.02281,-0.02101,-0.00753,-0.00206,-0.03781,-0.00496,-0.03418,-0.02479,-0.0652,-0.00566,0.12703,-0.0181,0.27104,-0.01352,-0.01726,-0.04986,-0.025,16.9375,0
4317,1319.1,6474,3.37,0.43,0.02548,0.00981,-0.00874,5.89201,0.01361,5e-05,0.43909,0.0,0.6518,0.25253,-0.02632,-0.02036,-0.00718,-0.00231,-0.03513,-0.00519,-0.03048,-0.02325,-0.0603,-0.00707,0.11581,-0.01697,0.24609,-0.01447,-0.01332,-0.04568,-0.03854,15.44146,0
4318,1322.9,6495,3.34,0.44,0.02665,0.01641,-0.00667,5.89511,0.01559,2e-05,0.43919,0.0,0.80609,0.31088,-0.02243,-0.02323,-0.00873,-0.00204,-0.04276,-0.00547,-0.03729,-0.02776,-0.07321,-0.00261,0.1428,-0.01937,0.30573,-0.01616,-0.01781,-0.03888,0.0,19.03986,0
4319,1326.9,6165,3.42,0.57,0.02589,0.01615,-0.00585,5.89791,0.01327,2e-05,0.43931,0.0,0.64874,0.24708,-0.02347,-0.01928,-0.00669,-0.00211,-0.0346,-0.00423,-0.03122,-0.02294,-0.0601,-0.00622,0.116,-0.01712,0.24579,-0.01311,-0.01419,-0.03992,-0.02407,15.46722,0
4320,1334.3,3335,6.75,0.62,0.02634,0.01895,-0.00595,5.90191,0.01508,1e-05,0.4395,0.0,0.76159,0.29438,-0.02645,-0.02296,-0.00814,-0.00264,-0.04183,-0.00592,-0.03753,-0.02659,-0.07025,-0.00512,0.1353,-0.02029,0.28642,-0.01697,-0.01749,-0.03335,-0.00833,18.03964,0
4321,1342.4,3024,7.5,0.63,0.02648,0.01121,-0.0073,5.9046,0.0095,0.00011,0.43956,0.0,0.79653,0.30435,-0.0224,-0.02249,-0.00803,-0.00173,-0.04159,-0.00477,-0.0359,-0.0274,-0.07114,-0.00277,0.13965,-0.01808,0.29985,-0.01518,-0.01612,-0.06143,-0.00313,18.61979,0
4322,1350.5,3048,7.47,0.59,0.02539,0.03906,-0.00922,5.90465,0.01362,0.00026,0.43973,0.0,0.59552,0.22923,-0.02648,-0.01938,-0.0076,-0.00223,-0.03337,-0.00455,-0.03153,-0.02205,-0.05581,-0.00696,0.10711,-0.01631,0.22662,-0.01457,-0.01489,-0.02837,-0.04,14.2808,0
4323,1357.1,3717,6.06,0.56,0.02007,0.04891,-0.00843,5.91394,0.017,0.00011,0.44006,0.0,0.56347,0.2189,-0.01814,-0.01781,-0.006,-0.00175,-0.03112,-0.0043,-0.02792,-0.01999,-0.05315,-0.00494,0.10072,-0.01602,0.2161,-0.01161,-0.01263,-0.01472,-0.02941,13.42882,0
4324,1364.0,3531,6.39,0.57,0.02196,0.03212,-0.0079,5.92408,0.01766,1e-05,0.44034,0.0,0.75873,0.28787,-0.02025,-0.02,-0.00676,-0.00156,-0.03773,-0.00475,-0.03357,-0.02612,-0.06791,-0.00285,0.13242,-0.01517,0.28455,-0.01321,-0.01578,-0.05969,-0.01458,17.65583,0
4325,1371.7,3214,6.92,0.73,0.02373,0.04586,-0.00828,5.9314,0.01149,3e-05,0.44075,0.0,0.77736,0.29765,-0.02248,-0.02204,-0.0082,-0.00208,-0.04116,-0.00515,-0.03558,-0.02677,-0.07137,-0.00348,0.13745,-0.01939,0.29341,-0.01465,-0.01665,-0.05482,-0.0146,18.32676,0
4326,1379.6,3104,7.33,0.59,0.02451,0.00675,-0.01043,5.94136,0.01106,0.00017,0.44082,0.0,0.60668,0.23246,-0.02802,-0.01927,-0.00699,-0.00274,-0.03322,-0.00492,-0.02989,-0.02138,-0.05638,-0.00717,0.10869,-0.01605,0.23298,-0.01293,-0.01533,-0.05652,-0.02292,14.49156,0
4327,1386.0,3865,5.91,0.45,0.02571,0.01669,-0.00725,5.94051,0.01531,0.00017,0.44081,0.0,0.73074,0.2788,-0.02538,-0.02231,-0.00788,-0.00207,-0.04025,-0.00523,-0.03658,-0.02627,-0.0688,-0.00485,0.13078,-0.01844,0.27957,-0.01523,-0.01701,-0.0278,-0.01961,17.43686,0
4328,1389.7,6576,3.32,0.42,0.02606,0.00454,-0.00683,5.94185,0.01413,0.00011,0.4406,0.0,0.607,0.23194,-0.01678,-0.01611,-0.00557,-0.00145,-0.03057,-0.00343,-0.02596,-0.0206,-0.05436,-0.00357,0.1063,-0.013,0.22732,-0.01099,-0.01211,-0.04914,-0.02222,14.17344,0
4329,1393.5,6510,3.3,0.48,0.02672,0.00455,-0.00705,5.92807,0.01508,8e-05,0.44,0.0,0.71312,0.26825,-0.02256,-0.02014,-0.00647,-0.00222,-0.03745,-0.00502,-0.03307,-0.02471,-0.06479,-0.00396,0.12406,-0.01781,0.26532,-0.0138,-0.01434,-0.02689,0.0,16.54133,0
4330,1397.1,6800,3.18,0.43,0.02667,0.01157,-0.00588,5.91756,0.01612,2e-05,0.43986,0.0,0.73705,0.27862,-0.03263,-0.02211,-0.00813,-0.00221,-0.03931,-0.00487,-0.03661,-0.02629,-0.06769,-0.00581,0.13,-0.01781,0.27737,-0.01624,-0.01809,-0.05463,-0.01111,17.33389,0
4331,1400.7,6774,3.2,0.42,0.02659,0.00673,-0.00605,5.91669,0.00898,0.00011,0.43975,0.0,0.61259,0.23073,-0.01946,-0.01773,-0.00617,-0.00172,-0.03254,-0.0044,-0.02932,-0.02171,-0.05707,-0.00503,0.10821,-0.01404,0.23212,-0.01036,-0.01458,-0.05799,-0.02143,14.42833,0
4332,1404.3,6803,3.25,0.36,0.02656,0.01384,-0.00616,5.91415,0.01434,8e-05,0.43972,0.0,0.6028,0.22783,-0.02181,-0.018,-0.00629,-0.00209,-0.03315,-0.00463,-0.02916,-0.02079,-0.05619,-0.00487,0.10719,-0.01422,0.2297,-0.0112,-0.01457,-0.03923,-0.03667,14.292,0
4333,1407.7,7230,3.03,0.37,0.02292,0.0578,-0.01085,5.92246,0.01446,0.00017,0.44034,0.0,0.76156,0.29074,-0.01993,-0.02147,-0.00777,-0.00162,-0.03953,-0.00476,-0.03399,-0.0255,-0.06851,-0.00192,0.13236,-0.01713,0.28443,-0.01471,-0.01598,-0.03446,0.0,17.64763,0
4334,1410.8,8016,2.66,0.4,0.02043,0.06175,-0.00709,5.93948,0.01874,1e-05,0.44062,0.0,0.7796,0.29514,-0.02157,-0.02054,-0.00724,-0.00184,-0.03924,-0.00453,-0.03423,-0.02586,-0.0699,-0.00333,0.13646,-0.0156,0.29486,-0.01218,-0.01627,-0.06762,-0.00702,18.19526,0
4335,1414.3,7072,3.02,0.45,0.02238,0.03078,-0.00824,5.944,0.01095,0.00011,0.44093,0.0,0.62506,0.2381,-0.02216,-0.01955,-0.00741,-0.00244,-0.03386,-0.00459,-0.03009,-0.02234,-0.05819,-0.00772,0.1113,-0.01694,0.2366,-0.01307,-0.01383,-0.04706,-0.04924,14.84,0
4336,1417.9,6686,3.24,0.44,0.02397,0.02411,-0.00589,5.95578,0.01455,8e-05,0.44146,0.0,0.71211,0.27362,-0.02682,-0.02035,-0.00749,-0.0024,-0.03733,-0.00489,-0.03239,-0.02431,-0.0654,-0.00775,0.12576,-0.0166,0.26942,-0.01329,-0.01566,-0.06426,-0.03367,16.76813,0
4337,1421.8,6301,3.37,0.53,0.0259,0.01024,-0.00978,5.96753,0.01306,0.00017,0.44183,0.0,0.73474,0.2767,-0.02136,-0.02077,-0.0074,-0.00144,-0.03816,-0.00472,-0.03398,-0.02575,-0.0668,-0.00402,0.12853,-0.01543,0.27649,-0.01317,-0.01586,-0.03965,-0.01481,17.13769,0
4338,1425.7,6383,3.4,0.45,0.02616,0.01015,-0.00851,5.97284,0.01437,0.00017,0.44196,0.0,0.71928,0.27259,-0.02218,-0.02116,-0.0076,-0.0018,-0.03898,-0.00541,-0.03612,-0.02632,-0.06651,-0.00366,0.12738,-0.01696,0.27343,-0.01387,-0.01671,-0.03517,-0.00392,16.98412,0
4339,1429.8,5976,3.55,0.56,0.02602,0.01136,-0.00653,5.97297,0.01479,8e-05,0.442,0.0,0.635,0.24305,-0.02317,-0.01895,-0.00756,-0.00244,-0.0344,-0.00485,-0.03147,-0.02199,-0.0592,-0.0045,0.11352,-0.01615,0.24305,-0.0128,-0.01688,-0.03769,-0.02821,15.13538,0
4340,1433.5,6633,3.27,0.43,0.02635,0.00213,-0.00913,5.96632,0.01344,0.00017,0.44123,0.0,0.69433,0.26116,-0.02102,-0.01973,-0.00634,-0.00178,-0.03584,-0.0043,-0.03012,-0.02322,-0.06304,-0.00515,0.12112,-0.01502,0.25946,-0.01406,-0.01327,-0.03868,-0.025,16.14917,0
4341,1437.2,6575,3.21,0.53,0.02676,0.01686,-0.00584,5.94351,0.01514,0.00011,0.44088,0.0,0.72171,0.27322,-0.01993,-0.02015,-0.00726,-0.00155,-0.03721,-0.00466,-0.03282,-0.02523,-0.0654,-0.00247,0.12646,-0.01519,0.27084,-0.01303,-0.01554,-0.0477,0.0,16.862,0
4342,1440.9,6817,3.13,0.48,0.02633,0.00694,-0.00668,5.94503,0.0156,3e-05,0.44093,0.0,0.65394,0.24984,-0.01898,-0.01831,-0.00628,-0.00154,-0.0327,-0.0039,-0.02823,-0.0218,-0.05941,-0.00506,0.11427,-0.01339,0.24668,-0.00977,-0.01342,-0.06561,-0.02111,15.236,0
4343,1444.5,6741,3.23,0.41,0.02502,0.05526,-0.00911,5.94651,0.00939,0.00017,0.44102,0.0,0.70226,0.26752,-0.01822,-0.01838,-0.00667,-0.0015,-0.03622,-0.00448,-0.03069,-0.02348,-0.06324,-0.00163,0.12246,-0.01294,0.2622,-0.01204,-0.01505,-0.06008,-0.00625,16.32771,0
4344,1447.5,8082,2.67,0.37,0.01984,0.05348,-0.00998,5.95398,0.01547,3e-05,0.44128,0.0,0.65927,0.25273,-0.02138,-0.01813,-0.0064,-0.00149,-0.03397,-0.00451,-0.02904,-0.02276,-0.06076,-0.00374,0.11636,-0.0136,0.25001,-0.00972,-0.01362,-0.07007,-0.01538,15.51491,0
4345,1452.7,4760,4.7,0.46,0.02105,0.03933,-0.00817,5.9625,0.01689,1e-05,0.4416,0.0,0.69407,0.26383,-0.02245,-0.01921,-0.00708,-0.00176,-0.03526,-0.00427,-0.03144,-0.02474,-0.06309,-0.00321,0.12247,-0.01483,0.26236,-0.01111,-0.01467,-0.06185,-0.02917,16.32942,0
4346,1456.4,6566,3.27,0.48,0.0238,0.03093,-0.0071,5.96865,0.00987,0.00011,0.44186,0.0,0.72913,0.27806,-0.02176,-0.02043,-0.0073,-0.0017,-0.0381,-0.00482,-0.03468,-0.02665,-0.06769,-0.00336,0.12966,-0.01553,0.27759,-0.01198,-0.01697,-0.06668,-0.02407,17.28759,0
4347,1459.9,7085,3.08,0.39,0.02518,0.02058,-0.00769,5.97553,0.01462,5e-05,0.44198,0.0,0.67454,0.25729,-0.02011,-0.01865,-0.00638,-0.00157,-0.03471,-0.00403,-0.03107,-0.02277,-0.06159,-0.00365,0.11867,-0.01455,0.2554,-0.01234,-0.01509,-0.03724,-0.01786,15.82286,0
4348,1463.6,6644,3.19,0.51,0.02527,0.02412,-0.00695,5.97857,0.01507,2e-05,0.44214,0.0,0.70635,0.26744,-0.02072,-0.01994,-0.00767,-0.00172,-0.03798,-0.00526,-0.03346,-0.02509,-0.06574,-0.00446,0.12456,-0.01658,0.26729,-0.01297,-0.01581,-0.03962,-0.02281,16.60789,0
4349,1468.8,4760,4.48,0.68,0.0258,0.02435,-0.00759,5.984,0.01069,0.00011,0.44247,0.0,0.65977,0.25038,-0.02128,-0.01909,-0.00661,-0.00207,-0.03521,-0.00515,-0.03148,-0.02326,-0.06157,-0.00484,0.11714,-0.0155,0.2495,-0.0135,-0.01588,-0.03299,-0.01875,15.61917,0
4350,1473.1,5673,3.87,0.46,0.02595,0.01464,-0.00505,5.99298,0.01471,0.00017,0.44269,0.0,0.63242,0.23987,-0.02225,-0.01857,-0.00733,-0.00207,-0.03416,-0.00497,-0.03062,-0.02281,-0.05853,-0.00455,0.11275,-0.01496,0.24132,-0.01128,-0.01483,-0.04373,-0.02037,15.03389,0
4351,1476.9,6556,3.33,0.42,0.02614,0.0109,-0.00708,5.99819,0.01576,0.00017,0.44278,0.0,0.70269,0.27062,-0.01883,-0.01978,-0.00672,-0.00163,-0.03645,-0.00477,-0.03063,-0.02389,-0.0648,-0.00277,0.12391,-0.01498,0.26483,-0.01229,-0.01283,-0.05621,-0.00926,16.52074,0
4352,1480.5,6752,3.2,0.44,0.02644,0.01004,-0.00756,6.00113,0.01528,0.00011,0.44283,0.0,0.67153,0.2556,-0.02067,-0.01902,-0.00695,-0.00165,-0.03559,-0.00485,-0.03108,-0.02339,-0.06243,-0.00366,0.11853,-0.01548,0.253,-0.01188,-0.0148,-0.04079,-0.01176,15.80424,0
4353,1484.7,5826,3.82,0.4,0.02626,0.00614,-0.00682,5.99984,0.01536,0.00011,0.44254,0.0,0.64111,0.24784,-0.02674,-0.0213,-0.00829,-0.00227,-0.03609,-0.00523,-0.03186,-0.02293,-0.06071,-0.00635,0.11621,-0.01745,0.2477,-0.01341,-0.01467,-0.03093,-0.03571,15.49524,0
4354,1488.5,6540,3.3,0.45,0.02122,0.05337,-0.01093,5.99101,0.01343,0.00011,0.44238,0.0,0.63321,0.23909,-0.01941,-0.01712,-0.00674,-0.0017,-0.03293,-0.00466,-0.02866,-0.02201,-0.05757,-0.00395,0.11051,-0.01372,0.23558,-0.01065,-0.01299,-0.04575,-0.01333,14.73467,0
4355,1491.7,7509,2.86,0.42,0.02023,0.03486,-0.01102,5.99326,0.01409,5e-05,0.44258,0.0,0.76367,0.28844,-0.02211,-0.02236,-0.00776,-0.00187,-0.03991,-0.00548,-0.03478,-0.02646,-0.07004,-0.00357,0.13518,-0.01804,0.28974,-0.01491,-0.01735,-0.04921,-0.01111,18.02422,0
4356,1495.4,6685,3.17,0.51,0.02319,0.01721,-0.00842,6.00027,0.0132,5e-05,0.44281,0.0,0.66928,0.26045,-0.02339,-0.02062,-0.00865,-0.00226,-0.03697,-0.00485,-0.03373,-0.02464,-0.06413,-0.0034,0.12144,-0.01691,0.25888,-0.01305,-0.01623,-0.04575,-0.0425,16.19258,0
4357,1499.1,6721,3.24,0.41,0.02492,0.00753,-0.00879,6.00142,0.01325,0.00011,0.44263,0.0,0.65912,0.25302,-0.02246,-0.02008,-0.00739,-0.00212,-0.03575,-0.00479,-0.0314,-0.02306,-0.06105,-0.00383,0.1183,-0.01539,0.25226,-0.0127,-0.01431,-0.04154,-0.02389,15.77294,0
4358,1502.7,6755,3.28,0.36,0.02604,0.00981,-0.00567,5.99622,0.01349,8e-05,0.44248,0.0,0.65621,0.24844,-0.02076,-0.01793,-0.00649,-0.00144,-0.03389,-0.00479,-0.02997,-0.02194,-0.05994,-0.00465,0.1153,-0.0138,0.24741,-0.01069,-0.01612,-0.05676,-0.01429,15.37286,0
4359,1506.5,6531,3.37,0.4,0.02626,0.01769,-0.00631,5.99691,0.01522,3e-05,0.4426,0.0,0.6933,0.26253,-0.02139,-0.01928,-0.00675,-0.00158,-0.03509,-0.00476,-0.03113,-0.02412,-0.06356,-0.00325,0.1221,-0.01402,0.26219,-0.01055,-0.01525,-0.05931,-0.01111,16.27978,0
4360,1510.3,6509,3.34,0.43,0.02619,0.00532,-0.00808,5.99838,0.01104,0.00017,0.4424,0.0,0.69855,0.26581,-0.02635,-0.0232,-0.00814,-0.00227,-0.03838,-0.00588,-0.03629,-0.02556,-0.06644,-0.00681,0.12547,-0.01958,0.26749,-0.01834,-0.02052,-0.03514,-0.03438,16.72875,0
4361,1514.0,6536,3.28,0.48,0.02677,0.0088,-0.00585,5.99141,0.01864,1e-05,0.44229,0.0,0.79138,0.29864,-0.02269,-0.02147,-0.00891,-0.00188,-0.04112,-0.00515,-0.03647,-0.02717,-0.07311,-0.00188,0.14021,-0.01711,0.30181,-0.01205,-0.01887,-0.07572,0.0,18.69467,0
4362,1517.8,6431,3.36,0.46,0.0262,0.01033,-0.00572,5.99128,0.0095,8e-05,0.44231,0.0,0.69628,0.26107,-0.02362,-0.01973,-0.00626,-0.00193,-0.03533,-0.00458,-0.03244,-0.02499,-0.06405,-0.0053,0.12303,-0.01592,0.26389,-0.01033,-0.01575,-0.06464,-0.02157,16.40412,0
4363,1521.6,6488,3.28,0.51,0.02644,0.00337,-0.00849,5.98282,0.01487,3e-05,0.44165,0.0,0.6668,0.25573,-0.02333,-0.0189,-0.00736,-0.00212,-0.03514,-0.00499,-0.03154,-0.02326,-0.06293,-0.00452,0.11958,-0.01579,0.25481,-0.01109,-0.01585,-0.05549,-0.01667,15.94458,0
4364,1525.4,6575,3.31,0.43,0.0242,0.05259,-0.00901,5.96939,0.00969,0.00017,0.44153,0.0,0.73143,0.27626,-0.02532,-0.02086,-0.0079,-0.002,-0.03832,-0.00502,-0.03487,-0.02563,-0.06806,-0.00451,0.12987,-0.01722,0.27947,-0.01202,-0.01791,-0.05981,-0.0037,17.31667,0
4365,1528.6,7705,2.8,0.39,0.02028,0.04573,-0.00965,5.9737,0.01589,3e-05,0.4418,0.0,0.61237,0.23402,-0.0216,-0.02008,-0.00761,-0.00213,-0.03403,-0.00503,-0.03041,-0.02214,-0.0578,-0.00553,0.11067,-0.01574,0.23655,-0.01282,-0.01444,-0.022,-0.04375,14.75646,0
4366,1532.1,6984,3.11,0.41,0.022,0.0408,-0.01005,5.98305,0.0147,1e-05,0.44216,0.0,0.72504,0.27651,-0.02256,-0.02101,-0.00777,-0.00226,-0.03757,-0.00496,-0.032,-0.0247,-0.0665,-0.00353,0.12839,-0.01591,0.27497,-0.01273,-0.0155,-0.05147,-0.02286,17.11924,0
4367,1535.7,6781,3.27,0.35,0.02352,0.03099,-0.00754,5.99051,0.00949,0.00011,0.44244,0.0,0.76004,0.28867,-0.02278,-0.0223,-0.00839,-0.00219,-0.03995,-0.00517,-0.03515,-0.02639,-0.07027,-0.00403,0.13459,-0.01809,0.28799,-0.01569,-0.0162,-0.03654,-0.02685,17.94537,0
4368,1539.5,6556,3.33,0.42,0.02474,0.01417,-0.00874,6.00316,0.01755,1e-05,0.44277,0.0,0.68762,0.25898,-0.02342,-0.02114,-0.00826,-0.00248,-0.03724,-0.00535,-0.03405,-0.02475,-0.06458,-0.00621,0.12236,-0.01552,0.26168,-0.01275,-0.01674,-0.04387,-0.03684,16.31518,0
4369,1543.3,6456,3.34,0.46,0.02541,0.01566,-0.00688,6.00877,0.00863,0.00011,0.44303,0.0,0.75073,0.28679,-0.02541,-0.02158,-0.00888,-0.00231,-0.03958,-0.00531,-0.03431,-0.02624,-0.07026,-0.00355,0.13303,-0.01638,0.28471,-0.01303,-0.01599,-0.05432,-0.02821,17.73692,0
4370,1547.2,6260,3.51,0.41,0.02594,0.00779,-0.00908,6.01489,0.01497,0.00017,0.443,0.0,0.71419,0.2756,-0.02135,-0.0208,-0.00766,-0.00181,-0.03742,-0.00498,-0.03252,-0.02495,-0.06588,-0.00454,0.1282,-0.01642,0.27545,-0.01101,-0.01537,-0.0761,-0.01667,17.09278,0
4371,1551.0,6381,3.39,0.46,0.02624,0.00638,-0.00675,6.01055,0.01404,5e-05,0.44288,0.0,0.68672,0.26223,-0.02666,-0.02042,-0.00837,-0.00258,-0.03707,-0.00493,-0.03416,-0.02409,-0.06441,-0.00451,0.12246,-0.01646,0.26343,-0.01192,-0.01577,-0.04832,-0.01053,16.32825,0
4372,1554.8,6550,3.36,0.4,0.02631,0.01403,-0.00807,6.00801,0.01427,0.00017,0.44287,0.0,0.66366,0.2522,-0.01864,-0.01815,-0.00667,-0.00171,-0.03436,-0.00491,-0.02972,-0.02309,-0.06079,-0.00403,0.11741,-0.01377,0.25183,-0.01111,-0.0133,-0.0481,-0.00833,15.655,0
4373,1558.6,6383,3.44,0.41,0.02643,0.00417,-0.00876,6.00585,0.01486,8e-05,0.44262,0.0,0.59327,0.23024,-0.02084,-0.01823,-0.00688,-0.0025,-0.03482,-0.00587,-0.03232,-0.02199,-0.05828,-0.00331,0.10978,-0.01623,0.23243,-0.01225,-0.01911,-0.03188,-0.025,14.6375,0
4374,1562.4,6519,3.29,0.48,0.02615,0.04497,-0.00916,5.99677,0.01054,0.00017,0.44246,0.0,0.7078,0.26664,-0.0251,-0.02135,-0.00885,-0.00243,-0.03887,-0.00636,-0.03562,-0.02504,-0.06699,-0.00517,0.12615,-0.01775,0.2689,-0.01363,-0.01945,-0.03335,-0.01469,16.82014,0
4375,1565.9,7146,3.01,0.43,0.02019,0.04859,-0.01065,6.00229,0.01671,5e-05,0.44278,0.0,0.71449,0.26812,-0.0193,-0.02059,-0.00731,-0.00176,-0.03609,-0.00454,-0.03085,-0.02397,-0.06443,-0.0014,0.12448,-0.01471,0.2666,-0.01495,-0.01399,-0.02334,-0.00833,16.59722,0
4376,1569.2,7312,2.88,0.48,0.01972,0.04831,-0.01052,6.01073,0.0153,3e-05,0.44312,0.0,0.68677,0.25938,-0.02121,-0.01991,-0.00727,-0.00199,-0.03495,-0.00472,-0.03125,-0.02397,-0.0633,-0.00401,0.12077,-0.01547,0.25947,-0.01284,-0.01493,-0.04636,-0.02583,16.10303,0
4377,1572.9,6700,3.26,0.41,0.02304,0.0372,-0.00835,6.01999,0.01403,0.00011,0.44363,0.0,0.66577,0.25575,-0.01987,-0.02058,-0.00771,-0.00254,-0.03597,-0.00487,-0.031,-0.02355,-0.06254,-0.00814,0.11898,-0.01605,0.25449,-0.01233,-0.01352,-0.04526,-0.04123,15.8644,0
4378,1576.9,6177,3.57,0.41,0.02358,0.02953,-0.00863,6.03624,0.01547,5e-05,0.44426,0.0,0.63042,0.23771,-0.02148,-0.01891,-0.00681,-0.00193,-0.03305,-0.00472,-0.0297,-0.02276,-0.05904,-0.0067,0.11182,-0.01403,0.23978,-0.01074,-0.01396,-0.0555,-0.039,14.90923,0
4379,1580.8,6223,3.42,0.53,0.02494,0.01612,-0.00867,6.04905,0.01362,8e-05,0.44473,0.0,0.65084,0.24831,-0.02021,-0.01803,-0.00736,-0.00206,-0.03361,-0.00401,-0.02878,-0.02229,-0.06004,-0.00397,0.1156,-0.01382,0.24823,-0.01054,-0.01337,-0.05795,-0.02778,15.41315,0
4380,1584.7,6323,3.46,0.42,0.0255,0.01461,-0.00815,6.05892,0.01557,5e-05,0.44496,0.0,0.66612,0.25288,-0.02094,-0.0202,-0.00789,-0.00237,-0.03603,-0.00564,-0.0331,-0.0241,-0.06354,-0.0054,0.11949,-0.01677,0.255,-0.01243,-0.01847,-0.04646,-0.02813,15.93229,0
4381,1588.4,6591,3.28,0.45,0.02604,0.00605,-0.00826,6.0627,0.01412,8e-05,0.44489,0.0,0.59572,0.22332,-0.01952,-0.01796,-0.0073,-0.00196,-0.03137,-0.00446,-0.0285,-0.02076,-0.05476,-0.00356,0.10565,-0.01263,0.22717,-0.00927,-0.0155,-0.05337,-0.01818,14.08606,0
4382,1592.2,6472,3.35,0.44,0.02646,0.00546,-0.00832,6.05531,0.01359,0.00017,0.44436,0.0,0.63625,0.24499,-0.01982,-0.01817,-0.00662,-0.00182,-0.0336,-0.00446,-0.02935,-0.02254,-0.05961,-0.00371,0.11368,-0.01244,0.24404,-0.0112,-0.01385,-0.05037,-0.0125,15.15687,0
4383,1596.2,6170,3.5,0.49,0.02686,0.00347,-0.00709,6.03767,0.01423,0.00017,0.44371,0.0,0.80685,0.30225,-0.02257,-0.02291,-0.00816,-0.00215,-0.04206,-0.00578,-0.03726,-0.02734,-0.07405,-0.00242,0.14147,-0.01771,0.30484,-0.01516,-0.01901,-0.03387,0.0,18.86231,0
4384,1600.0,6439,3.41,0.41,0.02661,0.00703,-0.00522,6.02278,0.01565,5e-05,0.44351,0.0,0.76179,0.2882,-0.02163,-0.02299,-0.00938,-0.00223,-0.04115,-0.00604,-0.03673,-0.02735,-0.07148,-0.00418,0.13631,-0.01818,0.28977,-0.01543,-0.01781,-0.03751,-0.01333,18.17511,0
4385,1603.5,6984,3.12,0.4,0.02325,0.0526,-0.00821,6.02329,0.01339,0.00011,0.44359,0.0,0.77134,0.29108,-0.02415,-0.02335,-0.00889,-0.0021,-0.04063,-0.00509,-0.03654,-0.02743,-0.07198,-0.00319,0.13618,-0.01801,0.29145,-0.01464,-0.01602,-0.02871,0.0,18.15714,0
4386,1606.8,7571,2.76,0.48,0.02015,0.03382,-0.00675,6.02827,0.01506,3e-05,0.44371,0.0,0.72275,0.27283,-0.02099,-0.0212,-0.00786,-0.00214,-0.03761,-0.0056,-0.03345,-0.02503,-0.06648,-0.00652,0.1275,-0.01549,0.27394,-0.01228,-0.01596,-0.05842,-0.02353,17.00059,0
4387,1610.5,6658,3.25,0.44,0.02246,0.03567,-0.00852,6.03385,0.01488,1e-05,0.44408,0.0,0.74712,0.28213,-0.02478,-0.02188,-0.00871,-0.00245,-0.03998,-0.00557,-0.0363,-0.0271,-0.07032,-0.0044,0.13292,-0.01725,0.28615,-0.01232,-0.01765,-0.04936,-0.03636,17.72333,0
4388,1614.2,6616,3.22,0.49,0.02467,0.0176,-0.00706,6.04164,0.01143,0.00017,0.44441,0.0,0.69725,0.26099,-0.02037,-0.02038,-0.008,-0.00244,-0.03712,-0.00519,-0.03232,-0.0245,-0.06481,-0.00385,0.12322,-0.01613,0.26415,-0.01316,-0.01552,-0.04942,-0.02778,16.42949,0
4389,1617.8,6772,3.22,0.41,0.02563,0.02724,-0.00753,6.0574,0.01698,3e-05,0.4448,0.0,0.70473,0.26928,-0.02328,-0.02144,-0.00775,-0.00214,-0.03709,-0.00514,-0.03231,-0.02501,-0.06565,-0.00607,0.1247,-0.01647,0.26502,-0.01192,-0.01502,-0.07289,-0.01667,16.62656,0
4390,1621.5,6740,3.28,0.36,0.02528,0.00457,-0.01003,6.06022,0.01112,0.00017,0.44448,0.0,0.59389,0.21985,-0.01872,-0.0189,-0.00712,-0.00235,-0.03194,-0.00428,-0.0293,-0.02108,-0.05477,-0.00928,0.10532,-0.01575,0.22496,-0.01065,-0.01399,-0.02611,-0.05042,14.04229,0
4391,1625.4,6226,3.52,0.42,0.02653,0.00958,-0.00375,6.04355,0.0176,2e-05,0.44406,0.0,0.68326,0.25819,-0.01856,-0.01911,-0.00759,-0.00204,-0.03567,-0.00434,-0.0306,-0.02288,-0.06255,-0.00318,0.11998,-0.0142,0.2576,-0.01121,-0.01544,-0.04377,-0.01176,15.99735,0
4392,1629.4,6112,3.51,0.51,0.02648,0.00343,-0.00919,6.03673,0.01065,0.00011,0.44357,0.0,0.70623,0.2694,-0.02647,-0.02185,-0.00873,-0.00249,-0.03887,-0.00594,-0.03674,-0.02641,-0.06829,-0.00403,0.12769,-0.01868,0.27218,-0.01608,-0.01825,-0.04238,0.0,17.02537,0
4393,1633.2,6543,3.32,0.44,0.02653,0.00977,-0.00544,6.02214,0.01547,3e-05,0.44327,0.0,0.80737,0.3051,-0.02385,-0.02339,-0.00892,-0.00254,-0.042,-0.00546,-0.03718,-0.02792,-0.07544,-0.00373,0.14226,-0.01837,0.30252,-0.01451,-0.01648,-0.06417,-0.00417,18.96771,0
4394,1636.9,6592,3.32,0.41,0.02645,0.01986,-0.00718,6.02211,0.01293,0.00017,0.44351,0.0,0.71375,0.26519,-0.0186,-0.01987,-0.00732,-0.00188,-0.03678,-0.00447,-0.03162,-0.0246,-0.06457,-0.00191,0.12405,-0.01498,0.26716,-0.01161,-0.01435,-0.04755,-0.00222,16.54011,0
4395,1640.7,6580,3.3,0.43,0.02522,0.06083,-0.00967,6.03377,0.01393,0.00017,0.44411,0.0,0.70174,0.26369,-0.02121,-0.02246,-0.00913,-0.00274,-0.03892,-0.00563,-0.03539,-0.02452,-0.06648,-0.0036,0.12567,-0.01886,0.26806,-0.01554,-0.0182,-0.02047,-0.00938,16.75667,0
4396,1643.8,7775,2.76,0.4,0.01993,0.03288,-0.01127,6.05217,0.01525,0.00011,0.44485,0.0,0.68807,0.26367,-0.02514,-0.021,-0.00872,-0.00319,-0.03778,-0.00541,-0.03312,-0.02392,-0.06543,-0.00602,0.12328,-0.018,0.26472,-0.01439,-0.0152,-0.03024,-0.01429,16.43786,0
4397,1647.3,7151,3.03,0.41,0.02108,0.03898,-0.01037,6.06788,0.0164,2e-05,0.44543,0.0,0.61486,0.23073,-0.01911,-0.01932,-0.00775,-0.00215,-0.03342,-0.00492,-0.03068,-0.02261,-0.0578,-0.00365,0.10931,-0.01644,0.23319,-0.01255,-0.01386,-0.02975,-0.02222,14.57413,0
4398,1651.0,6625,3.25,0.46,0.0238,0.02478,-0.00898,6.08188,0.01125,0.00017,0.44619,0.0,0.60114,0.22684,-0.01961,-0.01861,-0.00675,-0.00233,-0.03328,-0.00498,-0.02851,-0.02088,-0.05595,-0.00463,0.10663,-0.014,0.22697,-0.01229,-0.01339,-0.02688,-0.02315,14.21741,0
4399,1654.7,6671,3.27,0.41,0.02485,0.02388,-0.00787,6.10286,0.0157,5e-05,0.44674,0.0,0.73864,0.27324,-0.02384,-0.02317,-0.00897,-0.00273,-0.0402,-0.00585,-0.03746,-0.02685,-0.06871,-0.00786,0.13046,-0.0185,0.28127,-0.01404,-0.01794,-0.03823,-0.02444,17.39474,0
4400,1658.4,6659,3.21,0.48,0.02515,0.01828,-0.00809,6.11383,0.01329,8e-05,0.4472,0.0,0.57762,0.22047,-0.01673,-0.01782,-0.0069,-0.0024,-0.03162,-0.00432,-0.02643,-0.01999,-0.05453,-0.00434,0.1042,-0.01423,0.22233,-0.01121,-0.01371,-0.05002,-0.04286,13.89333,0
4401,1662.1,6539,3.32,0.44,0.02559,0.01265,-0.008,6.12087,0.0147,0.00017,0.44738,0.0,0.76759,0.291,-0.02465,-0.02269,-0.00846,-0.00277,-0.04064,-0.00567,-0.03483,-0.02694,-0.07193,-0.00683,0.13721,-0.01957,0.29161,-0.01421,-0.01624,-0.0602,-0.01607,18.29446,0
4402,1665.9,6594,3.29,0.44,0.0262,0.0101,-0.00725,6.12137,0.01642,0.00011,0.44731,0.0,0.60022,0.22921,-0.01879,-0.01773,-0.00713,-0.00201,-0.03212,-0.00423,-0.02838,-0.02147,-0.05634,-0.00325,0.10723,-0.01346,0.22818,-0.01099,-0.01335,-0.04104,-0.01026,14.29667,0
4403,1669.8,6246,3.5,0.43,0.0262,0.00669,-0.00669,6.11992,0.01344,8e-05,0.44722,0.0,0.68986,0.26055,-0.02127,-0.02075,-0.00768,-0.00232,-0.03749,-0.00549,-0.03196,-0.02453,-0.06415,-0.00535,0.12199,-0.01602,0.25924,-0.01182,-0.01502,-0.04792,-0.02,16.265,0
4404,1673.5,6628,3.27,0.44,0.02634,0.00685,-0.00675,6.11181,0.01171,0.00017,0.44672,0.0,0.76358,0.28883,-0.02394,-0.02275,-0.00853,-0.00263,-0.04125,-0.0057,-0.03623,-0.0263,-0.07134,-0.00482,0.13558,-0.01758,0.28849,-0.01642,-0.02001,-0.0463,-0.01111,18.07722,0
4405,1677.4,6364,3.36,0.5,0.02676,0.00537,-0.00524,6.09618,0.01524,0.00011,0.44619,0.0,0.7516,0.2804,-0.0198,-0.02112,-0.00768,-0.00195,-0.03812,-0.00479,-0.03384,-0.02654,-0.06901,-0.00227,0.13199,-0.01532,0.28551,-0.01157,-0.01561,-0.0553,0.0,17.59933,0
4406,1680.8,7168,2.99,0.44,0.02245,0.06012,-0.00994,6.09088,0.01633,0.00017,0.44634,0.0,0.75017,0.27698,-0.02082,-0.02155,-0.00767,-0.00237,-0.03967,-0.00548,-0.03521,-0.02633,-0.06928,-0.003,0.13153,-0.01765,0.28392,-0.01235,-0.01763,-0.0488,0.0,17.53771,0
4407,1684.1,7480,2.87,0.41,0.02073,0.02845,-0.00677,6.10178,0.0192,2e-05,0.4466,0.0,0.73648,0.27492,-0.02055,-0.02075,-0.00819,-0.00252,-0.03784,-0.0049,-0.0318,-0.02439,-0.06707,-0.00415,0.12857,-0.01541,0.27643,-0.01145,-0.01563,-0.05995,-0.01961,17.14275,0
4408,1687.8,6659,3.21,0.48,0.02388,0.03131,-0.00857,6.10652,0.01172,8e-05,0.44688,0.0,0.75919,0.28696,-0.02222,-0.02265,-0.00893,-0.00249,-0.04136,-0.00533,-0.03565,-0.02643,-0.07122,-0.00367,0.13552,-0.01766,0.29079,-0.01511,-0.01628,-0.03056,-0.00533,18.06993,0
4409,1691.4,6722,3.23,0.43,0.02404,0.02181,-0.00666,6.11756,0.01559,3e-05,0.44719,0.0,0.60894,0.23223,-0.02185,-0.01933,-0.00789,-0.00299,-0.03383,-0.00551,-0.02936,-0.02186,-0.05746,-0.00735,0.10905,-0.01642,0.23089,-0.01364,-0.01345,-0.03133,-0.03947,14.54061,0
4410,1695.2,6530,3.29,0.47,0.02542,0.01213,-0.00827,6.12368,0.01253,0.00017,0.44752,0.0,0.70672,0.2649,-0.02432,-0.02109,-0.00811,-0.00248,-0.03756,-0.00515,-0.03418,-0.02498,-0.06594,-0.0056,0.12452,-0.0157,0.26795,-0.01257,-0.01777,-0.04974,-0.01569,16.60245,0
4411,1699.0,6516,3.3,0.47,0.02527,0.0185,-0.00313,6.13107,0.02278,1e-05,0.44778,0.0,0.62174,0.23638,-0.02765,-0.02008,-0.00788,-0.00306,-0.03414,-0.00516,-0.03029,-0.02208,-0.05892,-0.00888,0.11119,-0.01728,0.23534,-0.01506,-0.01454,-0.03636,-0.04444,14.825,0
4412,1702.6,6692,3.24,0.44,0.02593,0.01115,-0.00671,6.13335,0.0101,0.00011,0.44789,0.0,0.72924,0.27216,-0.02184,-0.02152,-0.00804,-0.00217,-0.03868,-0.00491,-0.03338,-0.02549,-0.06767,-0.00425,0.12802,-0.01579,0.2757,-0.01274,-0.01547,-0.04336,-0.02353,17.06882,0
4413,1706.4,6432,3.35,0.47,0.02596,0.01324,-0.00678,6.13488,0.01428,5e-05,0.44803,0.0,0.74543,0.27948,-0.02074,-0.02022,-0.00725,-0.00231,-0.03735,-0.00484,-0.0309,-0.02452,-0.06768,-0.00386,0.13042,-0.0144,0.28315,-0.0104,-0.0147,-0.07898,-0.00926,17.38981,0
4414,1710.2,6567,3.3,0.44,0.02608,0.00575,-0.00814,6.13663,0.01466,0.00011,0.44792,0.0,0.63361,0.23488,-0.01782,-0.018,-0.00697,-0.00216,-0.03324,-0.00454,-0.0286,-0.02189,-0.05758,-0.00341,0.11047,-0.0147,0.23853,-0.01006,-0.01338,-0.04662,-0.02,14.72889,0
4415,1714.0,6527,3.3,0.46,0.02637,0.00319,-0.00897,6.12218,0.01312,0.00026,0.44674,0.0,0.66542,0.2514,-0.02667,-0.02188,-0.00877,-0.00304,-0.03705,-0.00581,-0.03448,-0.02494,-0.0632,-0.01001,0.11944,-0.0173,0.25295,-0.01558,-0.01687,-0.02536,-0.04,15.92467,0
4416,1717.6,6695,3.25,0.42,0.02469,0.04043,-0.01003,6.10054,0.01379,0.00011,0.44665,0.0,0.80364,0.29984,-0.01986,-0.02279,-0.00833,-0.00249,-0.04171,-0.0055,-0.03674,-0.02866,-0.07354,-0.0029,0.14021,-0.01627,0.30244,-0.01299,-0.01661,-0.05648,0.0,18.694,0
4417,1720.7,7972,2.7,0.38,0.02033,0.05354,-0.00995,6.10881,0.0156,3e-05,0.44693,0.0,0.73237,0.27598,-0.02077,-0.02037,-0.00727,-0.00237,-0.03835,-0.00494,-0.03288,-0.02547,-0.06737,-0.00467,0.12837,-0.01651,0.27691,-0.01246,-0.01472,-0.05213,-0.01071,17.11643,0
4418,1724.1,7179,3.03,0.4,0.0217,0.04201,-0.00917,6.11757,0.01504,2e-05,0.44723,0.0,0.75466,0.28303,-0.02113,-0.02336,-0.00866,-0.00298,-0.04062,-0.00576,-0.03572,-0.02692,-0.07053,-0.00378,0.13287,-0.01772,0.28498,-0.01508,-0.0153,-0.02759,-0.02,17.71632,0
4419,1727.8,6727,3.24,0.41,0.02298,0.02559,-0.00785,6.12695,0.01251,0.00011,0.44757,0.0,0.66644,0.25265,-0.02248,-0.02142,-0.0086,-0.00323,-0.03653,-0.00503,-0.03269,-0.02435,-0.06318,-0.00572,0.11992,-0.01728,0.25867,-0.01267,-0.01561,-0.03808,-0.04117,15.98873,0
4420,1731.6,6533,3.28,0.48,0.02517,0.01619,-0.0065,6.13687,0.01557,0.00017,0.44784,0.0,0.67491,0.25352,-0.0201,-0.0213,-0.00734,-0.00252,-0.03615,-0.00503,-0.03231,-0.02509,-0.06265,-0.00788,0.11896,-0.0154,0.25645,-0.012,-0.01448,-0.03584,-0.03158,15.8614,0
4421,1735.3,6533,3.33,0.43,0.02592,0.01866,-0.00604,6.14532,0.01661,8e-05,0.4481,0.0,0.74088,0.27925,-0.02061,-0.02242,-0.00843,-0.00296,-0.0399,-0.00565,-0.03563,-0.02628,-0.06907,-0.00326,0.13177,-0.01759,0.28394,-0.01346,-0.01708,-0.0375,0.0,17.56958,0
4422,1739.1,6420,3.33,0.5,0.02535,0.01521,-0.00705,6.15193,0.01386,5e-05,0.4482,0.0,0.72995,0.2748,-0.02654,-0.02214,-0.0093,-0.00296,-0.03929,-0.00542,-0.03454,-0.02569,-0.06907,-0.00761,0.12967,-0.0177,0.278,-0.01341,-0.01605,-0.06019,-0.0125,17.28979,0
4423,1742.9,6465,3.32,0.48,0.02592,0.0207,-0.00701,6.15919,0.01331,0.00017,0.44876,0.0,0.5049,0.18876,-0.02958,-0.01631,-0.007,-0.00338,-0.02868,-0.00461,-0.0259,-0.01782,-0.04795,-0.00883,0.08982,-0.01412,0.19283,-0.00872,-0.01451,-0.03888,-0.02917,11.97646,0
4424,1746.8,6365,3.43,0.43,0.02533,0.02136,-0.00591,6.1753,0.0161,3e-05,0.44919,0.0,0.69032,0.26237,-0.02099,-0.02103,-0.00789,-0.0029,-0.03781,-0.00518,-0.0339,-0.02471,-0.06549,-0.00448,0.12344,-0.01668,0.26601,-0.01236,-0.0156,-0.0376,-0.02222,16.45861,0
4425,1750.6,6540,3.35,0.41,0.02564,0.00954,-0.00836,6.17994,0.01158,0.00017,0.44929,0.0,0.68172,0.25651,-0.01963,-0.01909,-0.0073,-0.00249,-0.03556,-0.00456,-0.03019,-0.02293,-0.0629,-0.00552,0.11989,-0.01542,0.25995,-0.01042,-0.01551,-0.07017,-0.03077,15.98513,0
4426,1754.4,6477,3.33,0.46,0.02641,0.00618,-0.00477,6.17654,0.0156,5e-05,0.44911,0.0,0.71894,0.272,-0.02142,-0.02188,-0.00773,-0.00254,-0.03929,-0.00519,-0.0353,-0.02635,-0.06832,-0.00343,0.12786,-0.0174,0.27326,-0.01365,-0.01549,-0.02539,0.0,17.04867,0
4427,1757.6,7515,2.85,0.42,0.02076,0.0578,-0.01001,6.17411,0.01454,0.00017,0.44926,0.0,0.78479,0.29352,-0.02001,-0.02262,-0.00776,-0.00217,-0.04071,-0.00471,-0.03652,-0.02808,-0.07234,-0.00265,0.1374,-0.01619,0.29751,-0.01288,-0.01648,-0.04038,0.0,18.31979,0
4428,1761.0,7321,2.92,0.43,0.02023,0.02545,-0.00499,6.18898,0.01906,2e-05,0.44961,0.0,0.64925,0.24574,-0.01835,-0.0186,-0.00692,-0.00294,-0.03501,-0.00422,-0.02867,-0.02169,-0.06064,-0.00427,0.11525,-0.01354,0.2485,-0.01114,-0.01394,-0.04356,-0.01778,15.36644,0
4429,1764.6,6866,3.13,0.45,0.02346,0.01268,-0.00834,6.19376,0.01272,8e-05,0.44969,0.0,0.73684,0.2777,-0.02185,-0.02113,-0.00763,-0.00267,-0.0384,-0.00488,-0.03397,-0.02652,-0.06857,-0.00589,0.12991,-0.01613,0.27998,-0.01211,-0.01543,-0.06141,-0.01961,17.32176,0
4430,1768.2,6839,3.18,0.42,0.02459,0.0083,-0.00633,6.19507,0.0147,3e-05,0.44967,0.0,0.72222,0.27174,-0.02421,-0.02157,-0.00826,-0.00324,-0.03905,-0.00517,-0.03393,-0.0252,-0.06809,-0.00658,0.12799,-0.01702,0.27684,-0.01149,-0.01606,-0.06311,-0.03333,17.066,0
4431,1771.9,6486,3.33,0.46,0.02562,0.01068,-0.00711,6.19386,0.01409,8e-05,0.44948,0.0,0.67304,0.25338,-0.02423,-0.02092,-0.00812,-0.00328,-0.03687,-0.00527,-0.03387,-0.02496,-0.06477,-0.00456,0.12024,-0.0171,0.25813,-0.01332,-0.01687,-0.03522,-0.01667,16.03167,0
4432,1775.8,6452,3.37,0.44,0.02554,0.00793,-0.00913,6.1884,0.0137,0.00017,0.44908,0.0,0.68539,0.25759,-0.02041,-0.02035,-0.00746,-0.00266,-0.03695,-0.00485,-0.03172,-0.02431,-0.06497,-0.00437,0.12234,-0.01601,0.26212,-0.01067,-0.01469,-0.06372,-0.02708,16.31146,0
4433,1779.6,6447,3.39,0.43,0.02628,0.01252,-0.00774,6.17996,0.01676,3e-05,0.44892,0.0,0.73757,0.2782,-0.02736,-0.02327,-0.00881,-0.00394,-0.04201,-0.0065,-0.03922,-0.02757,-0.07122,-0.0061,0.13312,-0.02009,0.28385,-0.01705,-0.02053,-0.0278,0.0,17.74963,0
4434,1783.3,6517,3.32,0.45,0.0259,0.01134,-0.00796,6.17746,0.01215,0.00017,0.44869,0.0,0.66857,0.25527,-0.02128,-0.0191,-0.00666,-0.00295,-0.036,-0.00477,-0.03088,-0.02357,-0.06352,-0.00457,0.12003,-0.01461,0.25825,-0.01086,-0.01484,-0.0557,-0.01667,16.00444,0
4435,1787.1,6507,3.32,0.46,0.026,0.00743,-0.00786,6.17246,0.01605,5e-05,0.44847,0.0,0.73813,0.2758,-0.02009,-0.01783,-0.00709,-0.00245,-0.03561,-0.00445,-0.02805,-0.02398,-0.06747,-0.00551,0.12907,-0.01247,0.28028,-0.00875,-0.01358,-0.09857,-0.02308,17.20962,0
4436,1791.0,6379,3.39,0.46,0.02609,0.01034,-0.00577,6.16994,0.01529,8e-05,0.44845,0.0,0.66669,0.25099,-0.02412,-0.01945,-0.00759,-0.00289,-0.0364,-0.00542,-0.03234,-0.0242,-0.06393,-0.00681,0.11967,-0.01602,0.25573,-0.0107,-0.01677,-0.07078,-0.01316,15.95579,0
4437,1794.5,7017,3.09,0.42,0.023,0.07053,-0.00956,6.17612,0.01294,0.00017,0.44891,0.0,0.69031,0.25629,-0.01829,-0.01879,-0.00671,-0.00256,-0.03614,-0.00464,-0.02952,-0.02379,-0.0641,-0.00354,0.1205,-0.01386,0.25996,-0.01016,-0.01386,-0.06798,-0.01667,16.06648,0
4438,1797.7,7642,2.82,0.4,0.0195,0.04435,-0.01086,6.19251,0.0182,2e-05,0.44934,0.0,0.68725,0.25796,-0.02322,-0.02025,-0.00692,-0.00358,-0.03755,-0.00542,-0.03279,-0.02472,-0.06539,-0.00731,0.12269,-0.01645,0.2635,-0.01233,-0.01431,-0.04481,-0.02111,16.35867,0
4439,1801.2,7071,3.04,0.43,0.02149,0.03954,-0.00963,6.20017,0.01275,2e-05,0.44971,0.0,0.70764,0.26364,-0.0226,-0.02081,-0.00809,-0.00341,-0.03849,-0.00564,-0.03342,-0.02468,-0.06655,-0.0054,0.12498,-0.01654,0.26894,-0.01238,-0.01621,-0.04039,-0.03333,16.66439,0
4440,1804.9,6535,3.25,0.51,0.02322,0.03596,-0.00712,6.20775,0.01371,3e-05,0.44996,0.0,0.68224,0.25952,-0.02396,-0.02164,-0.00788,-0.00323,-0.03815,-0.00578,-0.03471,-0.02552,-0.06583,-0.00577,0.12278,-0.018,0.261,-0.01452,-0.01666,-0.03037,-0.02815,16.371,0
4441,1808.7,6459,3.32,0.48,0.02477,0.00934,-0.00841,6.21205,0.0134,0.00011,0.45,0.0,0.68352,0.25953,-0.02423,-0.02019,-0.00762,-0.00329,-0.0376,-0.00588,-0.03106,-0.02322,-0.06452,-0.00566,0.12145,-0.01629,0.25907,-0.01421,-0.01772,-0.04723,-0.01667,16.19278,0
4442,1812.5,6467,3.32,0.48,0.02508,0.0075,-0.00815,6.21104,0.01252,8e-05,0.44991,0.0,0.65355,0.25225,-0.02382,-0.01999,-0.00727,-0.00344,-0.03702,-0.00534,-0.0316,-0.02386,-0.0639,-0.0048,0.11805,-0.0167,0.2477,-0.01193,-0.01526,-0.05773,-0.025,15.73979,0
4443,1816.3,6571,3.32,0.42,0.02568,0.00811,-0.00648,6.20672,0.01707,2e-05,0.44972,0.0,0.58024,0.22013,-0.0239,-0.01847,-0.0068,-0.00367,-0.03387,-0.00518,-0.03106,-0.02211,-0.05742,-0.00559,0.1055,-0.01471,0.22431,-0.013,-0.0176,-0.02673,-0.02143,14.06643,0
4444,1819.9,6712,3.19,0.47,0.02628,0.0063,-0.00742,6.20263,0.01026,0.00011,0.44945,0.0,0.74687,0.28358,-0.01806,-0.02009,-0.00724,-0.00313,-0.04023,-0.005,-0.03241,-0.0251,-0.06999,-0.00185,0.13133,-0.01515,0.28267,-0.01383,-0.01432,-0.03548,0.0,17.51125,0
4445,1823.7,6461,3.3,0.51,0.02588,0.0104,-0.00692,6.1928,0.01301,0.00011,0.44921,0.0,0.68252,0.25924,-0.02398,-0.02153,-0.00764,-0.00317,-0.03859,-0.00645,-0.03545,-0.02621,-0.06581,-0.00512,0.12348,-0.01698,0.2613,-0.01271,-0.0198,-0.04595,-0.0125,16.46458,0
4446,1827.4,6721,3.25,0.4,0.02602,0.02019,-0.00728,6.18972,0.01542,0.00011,0.4493,0.0,0.75008,0.28151,-0.02048,-0.02083,-0.0072,-0.00304,-0.03953,-0.00517,-0.03366,-0.0264,-0.07071,-0.00314,0.13332,-0.01627,0.2857,-0.01295,-0.01696,-0.05327,-0.02,17.77533,0
4447,1831.1,6622,3.22,0.49,0.02506,0.05102,-0.01029,6.20033,0.01466,0.00017,0.44997,0.0,0.64225,0.24254,-0.02492,-0.0207,-0.00763,-0.00363,-0.03654,-0.00601,-0.03234,-0.02401,-0.06173,-0.00916,0.11527,-0.0156,0.24677,-0.01293,-0.0163,-0.03474,-0.04615,15.36923,0
4448,1834.3,7807,2.71,0.44,0.02035,0.01628,-0.00957,6.21549,0.01436,0.00011,0.45023,0.0,0.7079,0.26683,-0.01988,-0.01987,-0.00706,-0.00284,-0.03821,-0.00498,-0.03208,-0.02501,-0.06723,-0.00324,0.12448,-0.01588,0.26504,-0.01308,-0.01549,-0.04699,-0.01667,16.59722,0
4449,1837.7,7134,2.94,0.5,0.02204,0.01636,-0.00972,6.21862,0.01598,3e-05,0.45034,0.0,0.68286,0.25608,-0.02114,-0.02055,-0.00693,-0.00308,-0.03775,-0.00526,-0.03359,-0.0255,-0.06555,-0.00554,0.12127,-0.01651,0.25981,-0.01292,-0.0149,-0.03704,-0.01579,16.17,0
4450,1841.2,7101,3.04,0.42,0.02455,0.01358,-0.00697,6.22535,0.01083,0.00017,0.45073,0.0,0.7628,0.28735,-0.02065,-0.02165,-0.00757,-0.00371,-0.04213,-0.0058,-0.03611,-0.02751,-0.07255,-0.00349,0.13536,-0.0176,0.29089,-0.01509,-0.01668,-0.03213,-0.00526,18.04733,0
4451,1844.7,6874,3.14,0.43,0.02501,0.01371,-0.00789,6.23641,0.01534,0.00017,0.45106,0.0,0.71268,0.26739,-0.01941,-0.01877,-0.00654,-0.00284,-0.0366,-0.00457,-0.03016,-0.02439,-0.06645,-0.00431,0.12444,-0.01472,0.26658,-0.01119,-0.01379,-0.06484,-0.01825,16.59148,0
4452,1848.5,6607,3.2,0.52,0.02527,0.01242,-0.00735,6.24226,0.01473,0.00017,0.45138,0.0,0.58825,0.21902,-0.01835,-0.01738,-0.00605,-0.00283,-0.03127,-0.00452,-0.02611,-0.02081,-0.05568,-0.01175,0.10281,-0.01362,0.22037,-0.01002,-0.01186,-0.03668,-0.05294,13.70765,0
4453,1852.2,6591,3.3,0.43,0.02604,0.01144,-0.00595,6.2462,0.0164,0.00011,0.45148,0.0,0.7109,0.2657,-0.02078,-0.01983,-0.00717,-0.00335,-0.03949,-0.0054,-0.03363,-0.02467,-0.06753,-0.00459,0.12609,-0.01607,0.26866,-0.01264,-0.01726,-0.0401,-0.01471,16.81147,0
4454,1855.9,6640,3.15,0.55,0.02635,0.00685,-0.00704,6.2466,0.01432,0.00011,0.45129,0.0,0.71887,0.2684,-0.0247,-0.02137,-0.00757,-0.003,-0.03897,-0.00536,-0.03421,-0.0267,-0.06978,-0.00412,0.12974,-0.01814,0.27539,-0.01239,-0.01695,-0.06193,-0.0037,17.29926,0
4455,1859.5,6755,3.17,0.47,0.02632,0.01834,-0.0072,6.24423,0.01365,0.00011,0.45124,0.0,0.71097,0.27006,-0.0216,-0.02113,-0.00789,-0.00314,-0.03975,-0.00582,-0.03433,-0.02571,-0.07017,-0.00534,0.12933,-0.01834,0.27596,-0.0109,-0.01772,-0.06992,-0.01333,17.24356,0
4456,1863.1,6786,3.18,0.44,0.02604,0.0147,-0.00772,6.24973,0.01411,0.00011,0.4515,0.0,0.636,0.2381,-0.01891,-0.01825,-0.00632,-0.00302,-0.03522,-0.00516,-0.03029,-0.02236,-0.06028,-0.00465,0.11234,-0.01445,0.24064,-0.01225,-0.01611,-0.02101,-0.00784,14.97824,0
4457,1866.9,6519,3.33,0.44,0.02594,0.00289,-0.01081,6.24451,0.0159,0.00011,0.45078,0.0,0.59558,0.22301,-0.01893,-0.01667,-0.00576,-0.00246,-0.03111,-0.00414,-0.02674,-0.02164,-0.05572,-0.0048,0.10413,-0.01228,0.22333,-0.00923,-0.01164,-0.0529,-0.01905,13.88345,0
4458,1870.2,7385,2.92,0.41,0.02245,0.05232,-0.01041,6.22634,0.01585,0.00011,0.4504,0.0,0.67598,0.24858,-0.01872,-0.01871,-0.00608,-0.00248,-0.03658,-0.00476,-0.03155,-0.02424,-0.06324,-0.0033,0.11767,-0.0144,0.25388,-0.01243,-0.01502,-0.03351,-0.00833,15.6894,0
4459,1873.4,7702,2.79,0.4,0.02093,0.05301,-0.01043,6.22954,0.01433,8e-05,0.45072,0.0,0.70227,0.263,-0.02034,-0.01867,-0.00656,-0.00231,-0.03679,-0.00429,-0.03192,-0.02592,-0.06693,-0.0046,0.12428,-0.0134,0.26766,-0.00923,-0.01503,-0.08876,-0.01667,16.57018,0
4460,1876.9,7114,2.99,0.46,0.02276,0.02915,-0.00838,6.24028,0.01384,5e-05,0.45111,0.0,0.76809,0.28863,-0.02372,-0.02106,-0.0078,-0.00315,-0.04127,-0.00555,-0.03539,-0.02787,-0.07384,-0.00443,0.13636,-0.01724,0.29219,-0.01144,-0.01636,-0.07741,-0.02386,18.18147,0
4461,1880.4,7038,3.09,0.4,0.02438,0.01275,-0.0076,6.25024,0.01515,8e-05,0.45148,0.0,0.70886,0.26765,-0.02362,-0.02031,-0.00705,-0.00355,-0.03912,-0.00557,-0.03388,-0.02527,-0.06856,-0.00577,0.12644,-0.01705,0.27002,-0.01285,-0.0167,-0.04697,-0.02544,16.85877,0
4462,1883.9,6957,3.09,0.45,0.02524,0.01946,-0.00651,6.25858,0.01495,5e-05,0.45173,0.0,0.69134,0.25888,-0.02509,-0.02043,-0.00723,-0.00325,-0.03848,-0.00588,-0.03484,-0.02539,-0.06703,-0.00775,0.12381,-0.01745,0.26402,-0.01235,-0.01784,-0.05161,-0.02105,16.50825,0
4463,1887.4,6966,3.13,0.4,0.02503,0.0051,-0.00862,6.2592,0.01166,0.00017,0.45134,0.0,0.57105,0.21411,-0.02357,-0.0176,-0.0068,-0.00346,-0.03291,-0.00561,-0.0302,-0.02194,-0.05651,-0.008,0.10326,-0.0146,0.21907,-0.00997,-0.01668,-0.03605,-0.0463,13.76796,0
4464,1891.1,6776,3.11,0.51,0.02657,0.00466,-0.00857,6.23815,0.0149,0.00017,0.45067,0.0,0.77359,0.29196,-0.0227,-0.02025,-0.00703,-0.00229,-0.03995,-0.00487,-0.03351,-0.02746,-0.07333,-0.0039,0.13669,-0.01542,0.29336,-0.01193,-0.0151,-0.08006,0.0,18.22583,0
4465,1894.6,6957,3.09,0.44,0.02649,0.00207,-0.00804,6.22184,0.01133,0.00011,0.44991,0.0,0.74949,0.2784,-0.0219,-0.01967,-0.0067,-0.00249,-0.03896,-0.00591,-0.03396,-0.0267,-0.07087,-0.00407,0.13223,-0.01468,0.28262,-0.01214,-0.01718,-0.06724,-0.00769,17.63077,0
4466,1898.3,6637,3.25,0.45,0.02671,0.00914,-0.00712,6.19581,0.01548,8e-05,0.44901,0.0,0.6865,0.25533,-0.02087,-0.01881,-0.00624,-0.00246,-0.03773,-0.00509,-0.0321,-0.02449,-0.06547,-0.00316,0.12159,-0.0159,0.26051,-0.01166,-0.01544,-0.04437,0.0,16.21184,0
4467,1901.8,6966,3.11,0.42,0.02659,0.01173,-0.00615,6.18722,0.01477,0.00026,0.44888,0.0,0.7248,0.27265,-0.0206,-0.01857,-0.00634,-0.00249,-0.03773,-0.00501,-0.03159,-0.0253,-0.06862,-0.00303,0.12808,-0.01482,0.27587,-0.01063,-0.01455,-0.07793,-0.005,17.078,0
4468,1905.4,6835,3.07,0.53,0.02477,0.03314,-0.0107,6.1934,0.01675,0.00026,0.44928,0.0,0.71728,0.26249,-0.01868,-0.01842,-0.00632,-0.00242,-0.0368,-0.00483,-0.02975,-0.02397,-0.06645,-0.00383,0.12407,-0.0138,0.26559,-0.0125,-0.01294,-0.05262,-0.01569,16.54333,0
4469,1908.4,8218,2.58,0.42,0.02066,0.03916,-0.01081,6.20426,0.01504,0.00017,0.44967,0.0,0.73678,0.272,-0.02209,-0.0201,-0.00674,-0.00281,-0.03917,-0.00555,-0.03534,-0.02685,-0.07006,-0.00319,0.12973,-0.01604,0.27703,-0.01327,-0.0177,-0.03389,-0.00417,17.29788,0
4470,1912.1,6720,3.16,0.5,0.0216,0.0254,-0.01007,6.2199,0.01456,5e-05,0.45008,0.0,0.57592,0.21666,-0.02197,-0.01742,-0.00628,-0.00342,-0.03357,-0.00603,-0.03111,-0.02283,-0.0574,-0.00636,0.10481,-0.01521,0.22053,-0.01032,-0.01795,-0.03524,-0.03235,13.97412,0
4471,1915.5,7088,3.04,0.42,0.02335,0.01931,-0.00821,6.2277,0.01548,2e-05,0.45031,0.0,0.65548,0.24507,-0.02714,-0.01829,-0.00749,-0.0036,-0.03499,-0.00493,-0.02961,-0.02312,-0.06273,-0.00576,0.1153,-0.01524,0.24664,-0.01165,-0.01474,-0.05858,-0.03333,15.37373,0
4472,1919.1,6932,3.04,0.5,0.02457,0.0406,-0.00734,6.23213,0.01242,3e-05,0.45051,0.0,0.69426,0.26225,-0.02174,-0.02023,-0.00694,-0.00288,-0.03778,-0.00526,-0.0317,-0.02445,-0.06675,-0.00403,0.12306,-0.0168,0.26205,-0.015,-0.01442,-0.03053,-0.01296,16.40833,0
4473,1922.6,7102,3.05,0.41,0.02462,0.02006,-0.00894,6.24267,0.0132,0.00011,0.45109,0.0,0.61511,0.23315,-0.02728,-0.02047,-0.00751,-0.00398,-0.03617,-0.00581,-0.03285,-0.02272,-0.06059,-0.00665,0.11127,-0.018,0.23442,-0.01744,-0.01586,-0.00349,-0.04444,14.83593,0
4474,1926.1,6928,3.13,0.41,0.02523,0.01046,-0.00716,6.2541,0.01318,8e-05,0.45119,0.0,0.67627,0.25211,-0.0257,-0.02,-0.00732,-0.00278,-0.03702,-0.00526,-0.03334,-0.02567,-0.06556,-0.00504,0.11989,-0.01811,0.25285,-0.01427,-0.01487,-0.03582,-0.025,15.98528,0
4475,1929.7,6779,3.22,0.41,0.02593,0.01311,-0.00714,6.25195,0.01227,0.00011,0.45109,0.0,0.68918,0.25923,-0.0209,-0.01949,-0.00626,-0.00304,-0.0379,-0.00536,-0.03288,-0.02549,-0.06694,-0.00306,0.122,-0.01624,0.25844,-0.01444,-0.01482,-0.02336,-0.00667,16.26667,0
4476,1933.3,6859,3.18,0.4,0.02588,0.00537,-0.00869,6.24819,0.01515,0.00011,0.45089,0.0,0.65574,0.24728,-0.02982,-0.01963,-0.0084,-0.00347,-0.0376,-0.00567,-0.03348,-0.02365,-0.06564,-0.00732,0.11889,-0.01798,0.25241,-0.01217,-0.01805,-0.04355,-0.02222,15.85222,0
4477,1936.9,6881,3.16,0.42,0.02632,0.00448,-0.00923,6.23319,0.01448,0.00017,0.45006,0.0,0.65604,0.24199,-0.01633,-0.01564,-0.00534,-0.00239,-0.03323,-0.00428,-0.02624,-0.02209,-0.06103,-0.00318,0.11356,-0.01204,0.24297,-0.0091,-0.01308,-0.07291,-0.00667,15.14067,0
4478,1940.5,6775,3.18,0.45,0.02617,0.00938,-0.00701,6.21527,0.0142,5e-05,0.44978,0.0,0.72261,0.27095,-0.02581,-0.02147,-0.00756,-0.00362,-0.04034,-0.00611,-0.03529,-0.02579,-0.07024,-0.0077,0.12897,-0.01827,0.27459,-0.01466,-0.01821,-0.0307,-0.01,17.196,0
4479,1943.7,7682,2.76,0.44,0.02137,0.06625,-0.0109,6.21441,0.01247,0.00017,0.44988,0.0,0.71365,0.26575,-0.01995,-0.01984,-0.00676,-0.00257,-0.03883,-0.00525,-0.03226,-0.02511,-0.06777,-0.00281,0.12542,-0.01524,0.26825,-0.01463,-0.01493,-0.01653,-0.00444,16.72222,0
4480,1946.8,7889,2.71,0.41,0.02039,0.05893,-0.0098,6.22366,0.01477,8e-05,0.45028,0.0,0.68298,0.25621,-0.02514,-0.02039,-0.00733,-0.00308,-0.03866,-0.00586,-0.03491,-0.02598,-0.06784,-0.00519,0.12345,-0.01788,0.26061,-0.0143,-0.01735,-0.0446,-0.02,16.45992,0
4481,1950.2,7249,2.98,0.41,0.02197,0.03487,-0.0119,6.23803,0.01381,8e-05,0.45083,0.0,0.68252,0.25819,-0.01949,-0.01883,-0.00655,-0.00266,-0.03639,-0.00448,-0.02979,-0.02387,-0.06457,-0.00383,0.12104,-0.01542,0.25831,-0.01225,-0.01359,-0.04538,-0.03426,16.13889,0
4482,1953.7,7047,3.06,0.43,0.02323,0.03894,-0.00955,6.25102,0.0149,3e-05,0.45129,0.0,0.63048,0.23766,-0.02194,-0.0175,-0.00649,-0.00248,-0.03326,-0.00482,-0.02862,-0.02289,-0.06124,-0.00544,0.11241,-0.01336,0.2397,-0.0094,-0.01498,-0.07478,-0.03438,14.98823,0
4483,1957.3,6891,3.12,0.45,0.02417,0.03024,-0.00904,6.26052,0.0138,5e-05,0.45172,0.0,0.66799,0.2526,-0.02597,-0.02137,-0.00807,-0.0034,-0.03763,-0.00601,-0.03296,-0.02467,-0.06565,-0.00697,0.12109,-0.01772,0.25672,-0.014,-0.01724,-0.04913,-0.0451,16.14588,0
4484,1960.8,7033,3.1,0.4,0.02462,0.01266,-0.00862,6.26976,0.01313,0.00017,0.45203,0.0,0.56991,0.2168,-0.02643,-0.01674,-0.00636,-0.00294,-0.03156,-0.0048,-0.02749,-0.02065,-0.05606,-0.0081,0.10349,-0.01434,0.21825,-0.01029,-0.01525,-0.09393,-0.04792,13.79833,0
4485,1964.3,6865,3.15,0.43,0.02579,0.01236,-0.00907,6.27551,0.01526,0.00011,0.45221,0.0,0.73261,0.27394,-0.02615,-0.02153,-0.00745,-0.0029,-0.04062,-0.00531,-0.03557,-0.02676,-0.07112,-0.00437,0.1305,-0.01807,0.27823,-0.01298,-0.01731,-0.04657,-0.01176,17.39969,0
4486,1967.9,6877,3.15,0.42,0.02602,0.01531,-0.00737,6.28231,0.01603,5e-05,0.45257,0.0,0.7887,0.29338,-0.0234,-0.02121,-0.00729,-0.0029,-0.0412,-0.00535,-0.03534,-0.0279,-0.075,-0.00361,0.13862,-0.01767,0.29642,-0.01243,-0.01636,-0.06652,-0.02143,18.48214,0
4487,1971.7,6531,3.29,0.48,0.02577,0.01812,-0.00709,6.28922,0.01611,1e-05,0.45279,0.0,0.65295,0.24746,-0.0205,-0.01877,-0.00706,-0.00281,-0.03691,-0.00483,-0.03171,-0.02369,-0.06402,-0.00369,0.11781,-0.01638,0.2509,-0.01158,-0.01522,-0.0396,-0.0193,15.70807,0
4488,1975.3,6818,3.15,0.45,0.02574,0.00495,-0.00721,6.28993,0.0094,0.00011,0.4526,0.0,0.71228,0.26464,-0.02026,-0.0189,-0.0065,-0.00212,-0.03617,-0.00452,-0.03105,-0.02524,-0.06743,-0.00507,0.12524,-0.01591,0.26569,-0.01045,-0.01519,-0.07249,-0.01556,16.69844,0
4489,1978.9,6854,3.11,0.47,0.02368,0.06726,-0.01011,6.28446,0.01353,0.00017,0.45279,0.0,0.70343,0.26256,-0.01897,-0.01923,-0.00614,-0.00236,-0.03639,-0.00492,-0.0311,-0.02515,-0.06643,-0.00306,0.12307,-0.01489,0.26258,-0.01366,-0.01402,-0.03221,-0.00417,16.41,0
4490,1982.0,7993,2.69,0.38,0.02004,0.05154,-0.00759,6.29614,0.02005,2e-05,0.45312,0.0,0.70982,0.26574,-0.01928,-0.01932,-0.00626,-0.00252,-0.03789,-0.0049,-0.03197,-0.02492,-0.06743,-0.00407,0.12435,-0.01531,0.26489,-0.01392,-0.0151,-0.02446,-0.01176,16.57941,0
4491,1985.3,7328,2.96,0.4,0.02192,0.02912,-0.00726,6.30303,0.01235,0.00011,0.45348,0.0,0.72345,0.27553,-0.02451,-0.02215,-0.0082,-0.00325,-0.04045,-0.00532,-0.03521,-0.02651,-0.07122,-0.00742,0.12978,-0.01922,0.27537,-0.01599,-0.01591,-0.02435,-0.03176,17.30341,0
4492,1988.8,7121,3.03,0.42,0.02397,0.02309,-0.00874,6.31304,0.0138,5e-05,0.45372,0.0,0.77503,0.2898,-0.02448,-0.02093,-0.00732,-0.00291,-0.04106,-0.00537,-0.0351,-0.02759,-0.0734,-0.00466,0.1361,-0.01608,0.29228,-0.01242,-0.01785,-0.0652,-0.01304,18.14623,0
4493,1992.3,6949,3.11,0.42,0.02508,0.02085,-0.00687,6.32002,0.01363,5e-05,0.45394,0.0,0.77274,0.29032,-0.02038,-0.02054,-0.00679,-0.00227,-0.04016,-0.00473,-0.03453,-0.02718,-0.07312,-0.00358,0.13592,-0.01602,0.29104,-0.01197,-0.01689,-0.0682,-0.01228,18.12298,0
4494,1995.8,6974,3.11,0.41,0.02535,0.01683,-0.00779,6.33001,0.01335,0.00011,0.45437,0.0,0.69707,0.25852,-0.02248,-0.01948,-0.00735,-0.00313,-0.03804,-0.00506,-0.03172,-0.02404,-0.06737,-0.00604,0.12333,-0.01773,0.26169,-0.01281,-0.01674,-0.04263,-0.02549,16.44353,0
4495,1999.5,6693,3.21,0.46,0.02543,0.01012,-0.00715,6.34212,0.01481,8e-05,0.4547,0.0,0.63824,0.24248,-0.03001,-0.02055,-0.00763,-0.00337,-0.03582,-0.00557,-0.03285,-0.02458,-0.06398,-0.01114,0.11536,-0.01709,0.24321,-0.01553,-0.01676,-0.04582,-0.04444,15.38089,0
4496,2003.1,6772,3.2,0.42,0.02599,0.01861,-0.00762,6.34461,0.01663,1e-05,0.45476,0.0,0.78401,0.2916,-0.02244,-0.02149,-0.00748,-0.00253,-0.0416,-0.00507,-0.03683,-0.02863,-0.07477,-0.00373,0.13853,-0.01708,0.29566,-0.01347,-0.01749,-0.05065,-0.00222,18.47072,0
4497,2006.8,6623,3.22,0.49,0.0254,0.00945,-0.00771,6.34402,0.00999,0.00011,0.45461,0.0,0.70715,0.26506,-0.02229,-0.01972,-0.00715,-0.00289,-0.03808,-0.00482,-0.033,-0.02517,-0.068,-0.00443,0.12509,-0.0157,0.26785,-0.012,-0.01693,-0.05543,-0.02381,16.67857,0
4498,2010.4,6856,3.17,0.41,0.02595,0.00804,-0.00593,6.33541,0.01513,0.00011,0.45435,0.0,0.68254,0.25581,-0.02424,-0.02131,-0.00775,-0.00328,-0.0393,-0.00539,-0.03463,-0.02485,-0.06732,-0.00638,0.12351,-0.01911,0.26242,-0.01224,-0.01778,-0.04432,-0.01905,16.46833,0
4499,2014.1,6703,3.23,0.44,0.02608,0.05507,-0.00874,6.33482,0.01308,0.00026,0.45473,0.0,0.68686,0.25512,-0.01971,-0.01797,-0.0064,-0.00219,-0.03582,-0.00446,-0.02994,-0.02442,-0.06626,-0.00358,0.12099,-0.0143,0.259,-0.01084,-0.01448,-0.05716,-0.00074,16.13248,0
4500,2017.3,7722,2.77,0.41,0.02017,0.05164,-0.00992,6.34846,0.01366,8e-05,0.45511,0.0,0.70707,0.2602,-0.02617,-0.01939,-0.00625,-0.00258,-0.03689,-0.00501,-0.03203,-0.02488,-0.06688,-0.00685,0.12375,-0.01566,0.26455,-0.01073,-0.01802,-0.06048,-0.01429,16.50019,0
4501,2020.7,7278,2.91,0.47,0.02065,0.02651,-0.01063,6.35815,0.01332,0.00011,0.45558,0.0,0.73623,0.27528,-0.02173,-0.02159,-0.00743,-0.00255,-0.04029,-0.00513,-0.03619,-0.02794,-0.07132,-0.0033,0.1309,-0.01735,0.27985,-0.01309,-0.01705,-0.03401,-0.01078,17.45363,0
4502,2024.1,7105,3.04,0.42,0.02329,0.02594,-0.009,6.36767,0.01413,8e-05,0.45588,0.0,0.67342,0.2519,-0.02699,-0.01988,-0.00762,-0.0034,-0.03697,-0.00533,-0.03253,-0.02466,-0.06658,-0.00554,0.12085,-0.01701,0.25603,-0.01136,-0.01711,-0.05565,-0.045,16.11275,0
4503,2027.6,6995,3.02,0.49,0.024,0.01262,-0.00912,6.37335,0.01453,0.00011,0.45611,0.0,0.55525,0.20695,-0.0193,-0.01581,-0.00586,-0.00288,-0.03026,-0.00438,-0.02579,-0.01994,-0.05371,-0.0063,0.09843,-0.01329,0.20881,-0.00986,-0.01267,-0.03604,-0.03093,13.12378,0
4504,2031.4,6469,3.29,0.51,0.02503,0.01763,-0.01009,6.37803,0.0168,2e-05,0.45628,0.0,0.70719,0.26453,-0.02254,-0.02005,-0.0077,-0.00287,-0.03835,-0.00515,-0.03315,-0.02571,-0.06945,-0.00418,0.12624,-0.01675,0.26732,-0.01191,-0.01766,-0.05472,-0.01889,16.83233,0
4505,2035.2,6571,3.32,0.42,0.02551,0.01517,-0.00824,6.38122,0.01159,0.00011,0.45634,0.0,0.62323,0.23389,-0.01923,-0.01922,-0.00615,-0.00261,-0.03417,-0.0045,-0.03124,-0.02394,-0.06143,-0.00506,0.11118,-0.0167,0.23499,-0.01372,-0.01477,-0.01166,-0.01842,14.82447,0
4506,2039.0,6383,3.32,0.53,0.02528,0.0198,-0.00784,6.38648,0.01494,0.00011,0.45654,0.0,0.67215,0.24835,-0.0203,-0.01839,-0.00657,-0.00293,-0.03634,-0.00538,-0.03133,-0.02462,-0.06437,-0.00425,0.11922,-0.01496,0.25458,-0.01035,-0.01661,-0.06114,-0.026,15.89587,0
4507,2042.9,6302,3.47,0.43,0.02581,0.00375,-0.00896,6.38467,0.01501,0.00011,0.45608,0.0,0.7471,0.27886,-0.02621,-0.02201,-0.00732,-0.00314,-0.04062,-0.00567,-0.03545,-0.02724,-0.0722,-0.0061,0.13246,-0.01878,0.28148,-0.01423,-0.0178,-0.04094,-0.01905,17.66143,0
4508,2047.1,5943,3.69,0.44,0.02615,0.00378,-0.00862,6.36535,0.01612,3e-05,0.45527,0.0,0.7529,0.27645,-0.02072,-0.01957,-0.00627,-0.00233,-0.03854,-0.00465,-0.03254,-0.02594,-0.07126,-0.0031,0.1321,-0.01466,0.28383,-0.01127,-0.01693,-0.06828,-0.00417,17.61292,0
4509,2050.7,6828,3.18,0.42,0.02629,0.00556,-0.00665,6.34795,0.0126,0.00017,0.45433,0.0,0.77009,0.29208,-0.03294,-0.02263,-0.00861,-0.00371,-0.04225,-0.00587,-0.03792,-0.0283,-0.07633,-0.00745,0.13853,-0.01663,0.29524,-0.01309,-0.01915,-0.06401,-0.01333,18.47133,0
4510,2054.1,7171,3.01,0.42,0.02248,0.04648,-0.00915,6.32907,0.01418,8e-05,0.45398,0.0,0.61756,0.22996,-0.01811,-0.01752,-0.00644,-0.00331,-0.03384,-0.00507,-0.02803,-0.02174,-0.0594,-0.00583,0.10855,-0.01414,0.23085,-0.00996,-0.01348,-0.03861,-0.01026,14.47333,0
4511,2057.5,7321,2.89,0.46,0.02017,0.06116,-0.00679,6.33238,0.01651,1e-05,0.45408,0.0,0.61736,0.22811,-0.01726,-0.01708,-0.00566,-0.00242,-0.03305,-0.00405,-0.02887,-0.02225,-0.05987,-0.00373,0.10849,-0.01394,0.23179,-0.01033,-0.01339,-0.03581,-0.01111,14.46593,0
4512,2060.9,7185,2.99,0.43,0.02179,0.02787,-0.00616,6.33615,0.01325,2e-05,0.4542,0.0,0.67561,0.25238,-0.02454,-0.0201,-0.00703,-0.00295,-0.03715,-0.00501,-0.03343,-0.02531,-0.0665,-0.00542,0.12112,-0.01741,0.25762,-0.01213,-0.0162,-0.04034,-0.03333,16.14986,0
4513,2064.5,6866,3.1,0.48,0.02384,0.01725,-0.00772,6.33886,0.0095,8e-05,0.45432,0.0,0.7519,0.27792,-0.02524,-0.02094,-0.0074,-0.0033,-0.04037,-0.00575,-0.03573,-0.02746,-0.07329,-0.00417,0.13294,-0.01729,0.28342,-0.01421,-0.0182,-0.0554,-0.02292,17.725,0
4514,2068.0,6967,3.11,0.42,0.02498,0.02841,-0.00867,6.34527,0.01291,8e-05,0.45465,0.0,0.63017,0.24182,-0.02893,-0.01918,-0.00762,-0.00362,-0.03691,-0.00577,-0.03324,-0.02355,-0.06421,-0.00585,0.11472,-0.01569,0.24412,-0.01374,-0.01926,-0.03368,-0.02333,15.29633,0
4515,2071.6,6825,3.1,0.5,0.02496,0.01169,-0.00791,6.35442,0.01422,0.00011,0.45491,0.0,0.6929,0.25859,-0.02453,-0.01955,-0.00669,-0.0033,-0.03911,-0.00548,-0.03592,-0.02652,-0.06954,-0.00433,0.12428,-0.01595,0.2662,-0.01183,-0.01914,-0.03796,-0.02157,16.57059,0
4516,2075.1,7062,3.07,0.41,0.02577,0.01193,-0.00734,6.35277,0.0155,0.00011,0.45475,0.0,0.67859,0.25574,-0.02209,-0.01979,-0.00669,-0.00223,-0.03685,-0.00531,-0.03328,-0.02682,-0.06715,-0.00618,0.12207,-0.01633,0.26012,-0.01144,-0.01554,-0.06768,-0.02,16.27622,0
4517,2078.7,6847,3.12,0.47,0.02583,0.01906,-0.01041,6.35221,0.01675,1e-05,0.45484,0.0,0.66981,0.25385,-0.02174,-0.01985,-0.00661,-0.00324,-0.03767,-0.00557,-0.0322,-0.02416,-0.06588,-0.00668,0.11966,-0.01671,0.25368,-0.01454,-0.01437,-0.02239,-0.025,15.955,0
4518,2082.2,6983,3.11,0.41,0.02539,0.01952,-0.00653,6.3552,0.00845,0.00011,0.4551,0.0,0.70918,0.27175,-0.02772,-0.02177,-0.00839,-0.00367,-0.04172,-0.0064,-0.0375,-0.02699,-0.07216,-0.00508,0.12968,-0.01874,0.27339,-0.01463,-0.02064,-0.0197,-0.01852,17.29093,0
4519,2085.7,6964,3.15,0.38,0.02614,0.00628,-0.00826,6.35851,0.01464,0.00017,0.45493,0.0,0.71442,0.26525,-0.02102,-0.02078,-0.00615,-0.00282,-0.03905,-0.0052,-0.03304,-0.02542,-0.06846,-0.0054,0.12599,-0.01625,0.26877,-0.01377,-0.01539,-0.03365,-0.01111,16.79833,0
4520,2089.2,6978,3.09,0.43,0.0248,0.03532,-0.00974,6.35085,0.01556,0.00026,0.45507,0.0,0.74695,0.27508,-0.02098,-0.01985,-0.00667,-0.00297,-0.0402,-0.00525,-0.03471,-0.02645,-0.07183,-0.00484,0.1311,-0.01529,0.2816,-0.0118,-0.01808,-0.04884,-0.01404,17.47965,0
4521,2092.2,8224,2.52,0.47,0.02018,0.01887,-0.00974,6.35749,0.01434,0.00011,0.45536,0.0,0.75182,0.27878,-0.02083,-0.02055,-0.00688,-0.00295,-0.04022,-0.00522,-0.0336,-0.02555,-0.0721,-0.00256,0.13208,-0.01572,0.28416,-0.0135,-0.01552,-0.03264,-0.00313,17.61042,0
4522,2095.4,7608,2.78,0.45,0.02209,0.01764,-0.01097,6.36397,0.01534,8e-05,0.45561,0.0,0.79141,0.29574,-0.02657,-0.02208,-0.00718,-0.00319,-0.04356,-0.0063,-0.03904,-0.02898,-0.07815,-0.00437,0.1403,-0.01778,0.29915,-0.01399,-0.01911,-0.0421,0.0,18.70632,0
4523,2098.8,7355,2.96,0.38,0.024,0.01057,-0.00988,6.37181,0.01511,0.00011,0.4558,0.0,0.75486,0.2829,-0.02458,-0.02201,-0.00762,-0.003,-0.04174,-0.00544,-0.03706,-0.02861,-0.07498,-0.00487,0.13549,-0.01829,0.28822,-0.01271,-0.0181,-0.05565,-0.00938,18.0651,0
4524,2102.3,7095,3.02,0.45,0.02517,0.01329,-0.00772,6.37599,0.01446,0.00011,0.45597,0.0,0.7375,0.27593,-0.02488,-0.01869,-0.00669,-0.00244,-0.03859,-0.00482,-0.03271,-0.02599,-0.07244,-0.00498,0.13035,-0.01476,0.27942,-0.01079,-0.01644,-0.0834,-0.025,17.38,0
4525,2105.8,7029,3.09,0.41,0.02538,0.02374,-0.00546,6.37981,0.01778,2e-05,0.45614,0.0,0.72226,0.2669,-0.02405,-0.01996,-0.00707,-0.00261,-0.03861,-0.00481,-0.03207,-0.02526,-0.07035,-0.00441,0.12836,-0.01534,0.27327,-0.01162,-0.01615,-0.06553,-0.0098,17.11529,0
4526,2109.3,7019,3.08,0.42,0.02502,0.01398,-0.0069,6.3822,0.01177,0.00017,0.45635,0.0,0.61917,0.22708,-0.01997,-0.0178,-0.00646,-0.00289,-0.03423,-0.0051,-0.03007,-0.02297,-0.06079,-0.00812,0.11034,-0.01403,0.23525,-0.01081,-0.01572,-0.03699,-0.04216,14.71176,0
4527,2112.8,6862,3.14,0.44,0.02599,0.01293,-0.00499,6.38483,0.01834,2e-05,0.4564,0.0,0.7209,0.27076,-0.02788,-0.02273,-0.00771,-0.00306,-0.04161,-0.00612,-0.0373,-0.02807,-0.07271,-0.00785,0.13041,-0.01831,0.27399,-0.01555,-0.01749,-0.01703,-0.02143,17.3881,0
4528,2116.3,7006,3.09,0.41,0.02577,0.00388,-0.00944,6.38071,0.01198,0.00017,0.45597,0.0,0.6672,0.25121,-0.02359,-0.02007,-0.00698,-0.00311,-0.03807,-0.00558,-0.0336,-0.02477,-0.06772,-0.00618,0.12054,-0.018,0.2525,-0.0136,-0.01755,-0.03313,-0.02444,16.07267,0
4529,2119.9,6956,3.12,0.41,0.02652,0.00954,-0.0083,6.36425,0.01388,0.00011,0.45558,0.0,0.72905,0.27168,-0.02271,-0.02062,-0.0064,-0.0023,-0.03972,-0.0048,-0.03457,-0.02687,-0.07169,-0.00341,0.12906,-0.01677,0.27531,-0.01294,-0.01585,-0.03828,0.0,17.20812,0
4530,2123.4,6942,3.11,0.43,0.02622,0.01733,-0.00601,6.35946,0.01374,3e-05,0.45552,0.0,0.754,0.28263,-0.02512,-0.02091,-0.00716,-0.0021,-0.04004,-0.00505,-0.03477,-0.02833,-0.07431,-0.00397,0.13462,-0.01741,0.28625,-0.01194,-0.01601,-0.07309,-0.00714,17.94964,0
4531,2126.7,7553,2.85,0.4,0.02131,0.06868,-0.00948,6.36242,0.01153,0.00017,0.45575,0.0,0.66549,0.25073,-0.01933,-0.01786,-0.00572,-0.00197,-0.03561,-0.00472,-0.03066,-0.02453,-0.06527,-0.00292,0.11743,-0.01346,0.25078,-0.01204,-0.01419,-0.03869,-0.02111,15.65789,0
4532,2129.7,8058,2.64,0.41,0.01971,0.04113,-0.00854,6.37257,0.01586,3e-05,0.45599,0.0,0.73395,0.27358,-0.02293,-0.02023,-0.00664,-0.00273,-0.04007,-0.00513,-0.03484,-0.02619,-0.07187,-0.00419,0.12882,-0.01621,0.27375,-0.01495,-0.01637,-0.02065,-0.01569,17.17651,0
4533,2133.1,7317,2.95,0.4,0.02207,0.01931,-0.00924,6.38141,0.01361,0.00017,0.45649,0.0,0.67624,0.25441,-0.02648,-0.0213,-0.0081,-0.00309,-0.03851,-0.00516,-0.03464,-0.0256,-0.06782,-0.00476,0.1213,-0.0172,0.25722,-0.01655,-0.0151,-0.01348,-0.04533,16.1736,0
4534,2136.5,7181,3.05,0.38,0.02433,0.01604,-0.00902,6.39493,0.01423,0.00011,0.45685,0.0,0.79027,0.29549,-0.02619,-0.02204,-0.00758,-0.00284,-0.04295,-0.00568,-0.03743,-0.02957,-0.07875,-0.00371,0.14059,-0.01914,0.2995,-0.01396,-0.01769,-0.06104,-0.01587,18.74571,0
4535,2139.9,7225,3.0,0.4,0.02536,0.01431,-0.00746,6.40284,0.01438,0.00011,0.45718,0.0,0.73075,0.26795,-0.02109,-0.01967,-0.00651,-0.00228,-0.03852,-0.00479,-0.03385,-0.02697,-0.07064,-0.00396,0.12864,-0.0139,0.275,-0.0133,-0.01615,-0.04342,-0.00714,17.15214,0
4536,2143.4,7125,3.03,0.42,0.02573,0.02307,-0.00778,6.40717,0.01389,3e-05,0.45733,0.0,0.68502,0.25417,-0.02188,-0.01957,-0.00675,-0.00281,-0.03737,-0.00524,-0.03279,-0.02488,-0.06769,-0.00451,0.1213,-0.01785,0.25774,-0.0135,-0.01513,-0.03305,-0.01667,16.17292,0
4537,2146.9,7001,3.12,0.39,0.02541,0.01074,-0.0067,6.41313,0.01119,0.00017,0.45758,0.0,0.65535,0.24465,-0.02239,-0.01669,-0.00611,-0.00246,-0.03357,-0.00433,-0.02931,-0.02389,-0.06454,-0.00382,0.11635,-0.0125,0.24927,-0.01001,-0.01575,-0.07681,-0.03542,15.51333,0
4538,2150.4,6915,3.11,0.45,0.02592,0.01201,-0.00662,6.42041,0.01599,0.00017,0.45773,0.0,0.77891,0.29131,-0.02156,-0.02023,-0.0068,-0.00219,-0.0408,-0.00493,-0.03345,-0.02709,-0.0748,-0.00377,0.13738,-0.01498,0.29474,-0.0119,-0.01529,-0.07475,-0.01111,18.31747,0
4539,2154.0,6857,3.11,0.48,0.02612,0.00487,-0.00733,6.41908,0.01572,0.00017,0.45745,0.0,0.69854,0.26098,-0.0236,-0.02031,-0.00681,-0.00213,-0.03869,-0.0053,-0.03593,-0.02826,-0.0695,-0.00375,0.12518,-0.01507,0.26881,-0.01143,-0.01525,-0.05041,-0.01364,16.69015,0
4540,2157.5,7079,3.06,0.41,0.02631,0.00937,-0.00739,6.40043,0.01542,0.00011,0.45698,0.0,0.67303,0.25223,-0.02102,-0.01931,-0.0067,-0.00242,-0.03754,-0.00515,-0.03323,-0.02496,-0.06683,-0.0036,0.12023,-0.0152,0.25724,-0.01284,-0.01574,-0.02829,-0.00769,16.03038,0
4541,2161.0,6985,3.02,0.5,0.02394,0.04279,-0.01087,6.39203,0.01455,0.00026,0.45687,0.0,0.67887,0.25669,-0.02214,-0.01906,-0.00665,-0.00256,-0.03784,-0.00523,-0.03238,-0.02442,-0.06781,-0.00415,0.12133,-0.01627,0.25946,-0.01198,-0.01509,-0.04252,-0.0125,16.17771,0
4542,2163.9,8360,2.54,0.4,0.02005,0.02375,-0.00959,6.39997,0.01664,5e-05,0.45709,0.0,0.83987,0.31089,-0.02316,-0.02107,-0.00751,-0.0026,-0.04383,-0.00523,-0.03632,-0.02957,-0.08029,-0.00342,0.1469,-0.0167,0.31442,-0.01366,-0.01663,-0.07291,-0.00385,19.58731,0
4543,2167.3,7342,2.93,0.42,0.02215,0.02168,-0.00856,6.40462,0.01398,8e-05,0.45729,0.0,0.70389,0.26308,-0.02846,-0.0209,-0.00787,-0.00329,-0.039,-0.00563,-0.03348,-0.02574,-0.07028,-0.00738,0.12546,-0.01824,0.26671,-0.01379,-0.01548,-0.04446,-0.02456,16.72789,0
4544,2170.7,7277,2.97,0.41,0.02428,0.02,-0.00826,6.41085,0.01425,3e-05,0.45751,0.0,0.78961,0.29145,-0.02495,-0.02205,-0.00689,-0.00226,-0.04256,-0.00538,-0.03833,-0.02976,-0.07773,-0.00442,0.13987,-0.01786,0.29904,-0.01379,-0.01706,-0.04774,-0.01176,18.64882,0
4545,2174.1,7247,2.97,0.42,0.02492,0.01492,-0.00857,6.41501,0.01462,3e-05,0.45768,0.0,0.62302,0.23132,-0.03126,-0.01782,-0.00749,-0.00333,-0.03338,-0.00482,-0.03026,-0.02358,-0.06159,-0.00881,0.11082,-0.01483,0.23534,-0.01248,-0.0165,-0.06776,-0.04286,14.77571,0
4546,2177.6,6974,3.05,0.47,0.02534,0.01315,-0.00804,6.41549,0.01135,0.00017,0.45762,0.0,0.70807,0.26351,-0.02689,-0.02111,-0.00694,-0.00276,-0.03986,-0.00541,-0.03535,-0.02687,-0.07077,-0.00554,0.12641,-0.0179,0.26856,-0.01399,-0.01815,-0.04343,-0.01458,16.85479,0
4547,2181.1,7014,3.09,0.41,0.02535,0.01837,-0.00714,6.41631,0.01382,0.00011,0.45785,0.0,0.69782,0.2602,-0.02037,-0.01879,-0.00666,-0.00272,-0.03794,-0.00491,-0.03062,-0.02397,-0.0685,-0.00519,0.12335,-0.01492,0.26357,-0.0126,-0.01466,-0.04425,-0.02095,16.44667,0
4548,2184.8,6594,3.31,0.42,0.02583,0.00914,-0.00863,6.41986,0.01537,8e-05,0.45781,0.0,0.5859,0.21837,-0.02172,-0.01637,-0.00582,-0.00256,-0.03312,-0.00493,-0.02699,-0.02079,-0.05842,-0.00626,0.10413,-0.01526,0.21993,-0.01004,-0.01371,-0.04641,-0.02619,13.88429,0
4549,2188.4,6770,3.18,0.45,0.02591,0.0167,-0.0081,6.41843,0.01345,0.00011,0.45792,0.0,0.73838,0.27151,-0.02149,-0.01928,-0.0063,-0.00215,-0.03929,-0.00505,-0.03497,-0.02731,-0.07169,-0.00294,0.12973,-0.01456,0.27737,-0.01253,-0.01609,-0.05089,-0.00476,17.2973,0
4550,2192.2,6619,3.18,0.53,0.0256,0.01023,-0.00762,6.42487,0.01511,5e-05,0.45816,0.0,0.59674,0.22153,-0.0209,-0.01586,-0.00597,-0.0025,-0.03212,-0.00426,-0.02596,-0.02083,-0.05891,-0.00605,0.10562,-0.01307,0.22634,-0.00896,-0.012,-0.07004,-0.05385,14.08308,0
4551,2195.7,6884,3.15,0.42,0.02594,0.01465,-0.00638,6.42597,0.01218,0.00017,0.45811,0.0,0.7307,0.26799,-0.02074,-0.01984,-0.00589,-0.00254,-0.04,-0.0058,-0.03524,-0.02782,-0.07163,-0.00424,0.12907,-0.01529,0.27582,-0.01239,-0.01789,-0.0503,-0.01471,17.20971,0
4552,2198.8,7901,2.7,0.41,0.02045,0.04654,-0.01187,6.43181,0.01468,0.00017,0.45852,0.0,0.69971,0.25924,-0.0184,-0.01786,-0.00532,-0.00173,-0.03595,-0.00429,-0.02977,-0.02502,-0.06786,-0.00482,0.12148,-0.01361,0.26396,-0.01106,-0.01195,-0.06019,-0.01786,16.19726,0
4553,2201.9,8121,2.63,0.4,0.02034,0.03012,-0.00789,6.44711,0.01622,3e-05,0.45878,0.0,0.76546,0.28621,-0.02264,-0.02122,-0.00707,-0.00231,-0.04137,-0.00497,-0.03531,-0.02772,-0.07546,-0.00377,0.13569,-0.01639,0.29166,-0.01394,-0.01627,-0.04698,-0.01211,18.09168,0
4554,2205.2,7274,2.94,0.44,0.02336,0.02996,-0.00725,6.45663,0.01398,8e-05,0.45945,0.0,0.80232,0.29764,-0.02418,-0.02224,-0.00755,-0.00274,-0.04376,-0.00582,-0.03778,-0.02921,-0.07872,-0.00365,0.14202,-0.01863,0.30347,-0.01352,-0.01766,-0.06081,-0.01439,18.93568,0
4555,2208.8,6870,3.17,0.41,0.02448,0.01196,-0.0091,6.47075,0.01513,5e-05,0.45971,0.0,0.56681,0.21056,-0.02427,-0.01688,-0.00596,-0.00293,-0.03215,-0.0049,-0.02794,-0.02065,-0.05582,-0.00553,0.10096,-0.01368,0.2144,-0.01266,-0.01339,-0.02141,-0.0193,13.4614,0
4556,2212.3,7059,3.05,0.43,0.02541,0.00765,-0.0087,6.47105,0.01127,0.00017,0.45954,0.0,0.75613,0.27786,-0.02245,-0.02033,-0.00635,-0.00282,-0.03999,-0.00503,-0.03429,-0.02676,-0.07309,-0.00373,0.13289,-0.01571,0.28638,-0.01192,-0.01659,-0.05735,-0.01,17.71817,0
4557,2215.8,6940,3.13,0.41,0.02543,0.01373,-0.00822,6.46775,0.01615,8e-05,0.45948,0.0,0.69096,0.25482,-0.02269,-0.0188,-0.00597,-0.00273,-0.03791,-0.00527,-0.03281,-0.02523,-0.06826,-0.0044,0.12319,-0.01582,0.26212,-0.01071,-0.01726,-0.05762,-0.01333,16.42496,0
4558,2219.3,7158,3.08,0.36,0.02608,0.00801,-0.00749,6.46999,0.01493,0.00017,0.45957,0.0,0.72197,0.26836,-0.02591,-0.02007,-0.00674,-0.00253,-0.04019,-0.00582,-0.03409,-0.02655,-0.07129,-0.00575,0.12906,-0.01707,0.27516,-0.01271,-0.01702,-0.05271,0.0,17.208,0
4559,2222.8,6937,3.14,0.4,0.02578,0.00258,-0.01112,6.46113,0.01444,0.00017,0.45875,0.0,0.73576,0.2766,-0.02426,-0.02155,-0.00689,-0.00242,-0.04093,-0.00539,-0.03776,-0.02837,-0.07296,-0.00486,0.13134,-0.01718,0.28017,-0.01529,-0.019,-0.02294,-0.01905,17.51167,0
4560,2226.6,6571,3.22,0.52,0.0261,0.00512,-0.00976,6.43035,0.01596,0.00017,0.45767,0.0,0.75784,0.27765,-0.02019,-0.01918,-0.00629,-0.00193,-0.03904,-0.00449,-0.03423,-0.02819,-0.07379,-0.00246,0.13252,-0.01525,0.28452,-0.01189,-0.01421,-0.06477,0.0,17.66902,0
4561,2230.0,7116,3.06,0.4,0.02612,0.01109,-0.00651,6.41557,0.01423,8e-05,0.45747,0.0,0.73816,0.27565,-0.02191,-0.02058,-0.00663,-0.0021,-0.04079,-0.00555,-0.03591,-0.0287,-0.0739,-0.00259,0.13174,-0.01671,0.28114,-0.01277,-0.01663,-0.05227,0.0,17.56472,0
4562,2233.3,7402,2.93,0.39,0.02289,0.05634,-0.0105,6.42046,0.01334,0.00026,0.4579,0.0,0.73848,0.2718,-0.02086,-0.02031,-0.00611,-0.00237,-0.04005,-0.0048,-0.03417,-0.02673,-0.07245,-0.00253,0.12982,-0.01664,0.27815,-0.01425,-0.0145,-0.03083,-0.00333,17.3095,0
4563,2236.2,8457,2.5,0.4,0.02032,0.03489,-0.00993,6.43189,0.01635,3e-05,0.45814,0.0,0.76315,0.28027,-0.02208,-0.02094,-0.00686,-0.00278,-0.04111,-0.00539,-0.03538,-0.02761,-0.07429,-0.00356,0.13359,-0.01636,0.28709,-0.01304,-0.01695,-0.0424,-0.01556,17.81178,0
4564,2239.6,7361,2.9,0.44,0.02232,0.02644,-0.0096,6.4375,0.01341,0.00011,0.45846,0.0,0.6778,0.2513,-0.02256,-0.01945,-0.00687,-0.00307,-0.03822,-0.00561,-0.03289,-0.02463,-0.06797,-0.00514,0.12146,-0.01671,0.25937,-0.01207,-0.01662,-0.04698,-0.029,16.19495,0
4565,2243.0,7102,3.04,0.42,0.0235,0.01557,-0.00676,6.44713,0.01607,2e-05,0.45872,0.0,0.65068,0.24087,-0.02531,-0.01888,-0.00676,-0.00308,-0.03641,-0.00565,-0.03314,-0.02527,-0.06586,-0.00514,0.11639,-0.01655,0.24523,-0.01442,-0.01743,-0.0379,-0.04033,15.5183,0
4566,2246.6,6967,3.02,0.5,0.02543,0.00498,-0.00945,6.44563,0.01108,0.00017,0.4582,0.0,0.6812,0.25764,-0.02026,-0.01906,-0.00593,-0.00237,-0.03687,-0.00471,-0.03183,-0.02506,-0.06753,-0.00561,0.12152,-0.01467,0.26071,-0.0115,-0.01466,-0.05501,-0.02188,16.20312,0
4567,2250.0,7119,3.03,0.42,0.02594,0.01477,-0.00619,6.43038,0.01584,0.00017,0.45785,0.0,0.75177,0.27756,-0.02199,-0.02074,-0.00641,-0.00251,-0.04077,-0.00523,-0.03521,-0.0278,-0.0742,-0.00306,0.13258,-0.01604,0.28386,-0.01248,-0.01582,-0.05667,-0.00351,17.67789,0
4568,2253.6,6910,3.15,0.41,0.02554,0.01032,-0.00503,6.4326,0.01354,8e-05,0.4579,0.0,0.57602,0.21544,-0.02021,-0.01706,-0.00603,-0.00294,-0.03272,-0.00427,-0.02792,-0.02096,-0.05773,-0.00693,0.10358,-0.01454,0.22265,-0.00972,-0.01343,-0.05186,-0.0375,13.81087,0
4569,2257.2,6705,3.24,0.42,0.02617,0.00423,-0.00769,6.42471,0.01489,0.00017,0.45712,0.0,0.60409,0.22481,-0.0216,-0.0172,-0.0059,-0.00222,-0.03435,-0.00452,-0.02898,-0.02144,-0.0599,-0.00369,0.10706,-0.01303,0.22851,-0.01121,-0.01404,-0.02686,-0.01333,14.27511,0
4570,2260.8,6952,3.12,0.41,0.02634,0.0099,-0.0062,6.40522,0.01354,0.00011,0.45663,0.0,0.70499,0.26342,-0.02263,-0.02037,-0.00668,-0.00303,-0.04071,-0.00521,-0.03552,-0.02668,-0.07105,-0.00463,0.12671,-0.01705,0.2697,-0.01262,-0.01701,-0.03451,0.0,16.89412,0
4571,2264.3,7053,3.08,0.4,0.02567,0.01379,-0.00647,6.39878,0.01311,5e-05,0.45653,0.0,0.60131,0.22497,-0.02113,-0.01758,-0.00596,-0.00277,-0.03416,-0.00482,-0.0302,-0.02291,-0.06098,-0.00914,0.10812,-0.01396,0.23228,-0.01177,-0.01516,-0.0371,-0.03889,14.4163,0
4572,2268.5,5821,3.69,0.53,0.02572,0.05634,-0.00936,6.40175,0.01341,0.00026,0.45702,0.0,0.73203,0.27697,-0.02546,-0.02089,-0.00724,-0.00272,-0.04155,-0.00573,-0.03506,-0.02704,-0.07351,-0.00369,0.13193,-0.01891,0.28079,-0.0135,-0.01659,-0.07054,0.0,17.59091,0
4573,2273.7,4729,4.71,0.49,0.01979,0.03376,-0.01282,6.41709,0.0151,0.00017,0.45751,0.0,0.65714,0.24327,-0.01955,-0.01785,-0.00566,-0.00258,-0.0357,-0.00462,-0.03077,-0.02451,-0.06508,-0.00473,0.11543,-0.01371,0.24797,-0.01068,-0.01418,-0.05049,-0.01875,15.39062,0
4574,2278.9,4751,4.66,0.51,0.01964,0.05265,-0.00558,6.42806,0.0164,3e-05,0.45768,0.0,0.74847,0.27674,-0.02594,-0.02021,-0.00681,-0.00302,-0.04016,-0.00523,-0.03498,-0.02768,-0.07411,-0.00554,0.13198,-0.01652,0.28365,-0.01159,-0.01615,-0.07095,-0.02632,17.59789,0
4575,2284.9,4092,5.5,0.51,0.02202,0.01834,-0.01012,6.43166,0.01343,0.00017,0.45785,0.0,0.67789,0.25122,-0.02332,-0.01954,-0.00755,-0.00308,-0.03646,-0.0047,-0.03205,-0.0247,-0.06722,-0.00557,0.12035,-0.01561,0.25801,-0.01285,-0.0155,-0.053,-0.04697,16.04606,0
4576,2291.1,3950,5.7,0.52,0.02465,0.01273,-0.00908,6.43461,0.01456,0.00011,0.45801,0.0,0.71419,0.268,-0.03135,-0.02163,-0.00824,-0.00301,-0.04023,-0.00558,-0.03611,-0.02709,-0.0719,-0.00597,0.12856,-0.01929,0.27259,-0.01407,-0.01729,-0.05652,-0.02059,17.14147,0
4577,2297.4,3879,5.77,0.56,0.02561,0.00955,-0.00996,6.43539,0.01432,0.00017,0.45791,0.0,0.73753,0.27864,-0.02703,-0.02185,-0.0081,-0.00305,-0.04248,-0.006,-0.03888,-0.0289,-0.07587,-0.00465,0.13415,-0.01823,0.28621,-0.01441,-0.01852,-0.03551,-0.00588,17.88647,0
4578,2303.9,3810,5.88,0.57,0.02553,0.01181,-0.00599,6.43222,0.01756,3e-05,0.45794,0.0,0.74378,0.27764,-0.02149,-0.02062,-0.00739,-0.00409,-0.04209,-0.00575,-0.03532,-0.02627,-0.07389,-0.00527,0.13258,-0.01677,0.28473,-0.01273,-0.01696,-0.04372,-0.01714,17.67671,0
4579,2310.3,3847,5.9,0.49,0.0259,0.01129,-0.00685,6.43572,0.01112,0.00017,0.45803,0.0,0.76533,0.28165,-0.02252,-0.02228,-0.00696,-0.00246,-0.04159,-0.00524,-0.03593,-0.02798,-0.07508,-0.00416,0.13504,-0.01749,0.29105,-0.01344,-0.01552,-0.04558,-0.00625,18.005,0
4580,2316.7,3820,5.84,0.59,0.02598,0.01862,-0.00644,6.43801,0.01552,5e-05,0.45809,0.0,0.6526,0.24339,-0.02341,-0.01861,-0.00613,-0.00261,-0.0367,-0.00525,-0.03215,-0.02435,-0.06536,-0.00513,0.11615,-0.01496,0.24772,-0.01174,-0.01509,-0.04418,-0.0125,15.48625,0
4581,2322.7,4086,5.52,0.5,0.02564,0.01784,-0.00743,6.44465,0.0148,8e-05,0.45846,0.0,0.56408,0.20843,-0.02588,-0.01762,-0.00649,-0.00288,-0.03255,-0.00452,-0.029,-0.02177,-0.05754,-0.00547,0.10259,-0.01553,0.21962,-0.00838,-0.01676,-0.07244,-0.02273,13.67818,0
4582,2328.9,3997,5.62,0.53,0.02545,0.00911,-0.00863,6.45247,0.01401,0.00011,0.45863,0.0,0.56201,0.20857,-0.0206,-0.01679,-0.00612,-0.00262,-0.03238,-0.00436,-0.02845,-0.02096,-0.05673,-0.00616,0.10064,-0.01478,0.21601,-0.01065,-0.01332,-0.02992,-0.02556,13.41911,0
4583,2334.3,4557,4.87,0.53,0.0217,0.04491,-0.01135,6.45214,0.01527,0.00011,0.45866,0.0,0.70071,0.25777,-0.02199,-0.02008,-0.00709,-0.00301,-0.03855,-0.0055,-0.03377,-0.02567,-0.06876,-0.00566,0.12421,-0.01514,0.26697,-0.01167,-0.01664,-0.04075,-0.01071,16.56083,0
4584,2339.4,4773,4.55,0.6,0.02062,0.04513,-0.0083,6.45906,0.02048,1e-05,0.45896,0.0,0.77409,0.28964,-0.02675,-0.02143,-0.00776,-0.00259,-0.04304,-0.00531,-0.03719,-0.03023,-0.07796,-0.00399,0.13834,-0.01761,0.2947,-0.01221,-0.01727,-0.08547,0.0,18.44487,0
4585,2345.1,4327,5.23,0.45,0.02274,0.0257,-0.00679,6.46412,0.01134,5e-05,0.4592,0.0,0.72531,0.27089,-0.02491,-0.02127,-0.00769,-0.00319,-0.04127,-0.0055,-0.03694,-0.02708,-0.07321,-0.00504,0.12946,-0.01755,0.27804,-0.01312,-0.01788,-0.04695,-0.02157,17.26147,0
4586,2350.7,4354,5.1,0.54,0.0233,0.01027,-0.0074,6.47137,0.01526,2e-05,0.45939,0.0,0.67156,0.24894,-0.0218,-0.01877,-0.00682,-0.003,-0.03733,-0.00534,-0.03131,-0.0246,-0.06724,-0.00506,0.11975,-0.01654,0.25421,-0.01079,-0.0156,-0.07254,-0.0415,15.96617,0
4587,2354.2,7035,3.06,0.44,0.02458,0.0129,-0.00854,6.47204,0.01052,0.00017,0.45925,0.0,0.67101,0.25096,-0.02655,-0.02089,-0.00754,-0.00325,-0.0387,-0.00553,-0.03455,-0.02599,-0.06857,-0.00725,0.12112,-0.01782,0.25875,-0.01369,-0.01777,-0.04141,-0.02392,16.14898,0
4588,2357.8,6893,3.1,0.47,0.02586,0.01682,-0.00674,6.46879,0.01502,0.00011,0.45924,0.0,0.79286,0.28889,-0.02281,-0.02112,-0.00701,-0.00245,-0.04189,-0.00515,-0.03633,-0.02963,-0.07768,-0.00428,0.13889,-0.0164,0.29965,-0.01058,-0.01738,-0.08203,-0.00625,18.51896,0
4589,2361.4,6730,3.19,0.46,0.02591,0.01699,-0.00657,6.47226,0.01503,5e-05,0.4594,0.0,0.77318,0.28733,-0.0223,-0.02168,-0.00705,-0.00253,-0.04194,-0.00548,-0.03627,-0.02872,-0.07627,-0.00297,0.13603,-0.01753,0.29139,-0.01359,-0.01714,-0.04779,0.0,18.13722,0
4590,2365.2,6621,3.21,0.5,0.02539,0.00764,-0.00649,6.473,0.01388,5e-05,0.4593,0.0,0.6399,0.2385,-0.02364,-0.01815,-0.00723,-0.00326,-0.03608,-0.00563,-0.03104,-0.02399,-0.06453,-0.00687,0.11412,-0.01674,0.24541,-0.01164,-0.01435,-0.05184,-0.04103,15.2159,0
4591,2368.6,7072,3.09,0.39,0.02633,0.00283,-0.00962,6.45962,0.00992,0.00017,0.45818,0.0,0.71281,0.26267,-0.02222,-0.01946,-0.00705,-0.00354,-0.03956,-0.00488,-0.03322,-0.0254,-0.07071,-0.00355,0.12606,-0.01569,0.26961,-0.01312,-0.01588,-0.05211,-0.00159,16.8081,0
4592,2372.2,6939,3.1,0.44,0.02646,0.01014,-0.00622,6.42287,0.01545,8e-05,0.4573,0.0,0.64732,0.23948,-0.02127,-0.01852,-0.00653,-0.00273,-0.03611,-0.00481,-0.03178,-0.02399,-0.06415,-0.0045,0.1149,-0.01443,0.2457,-0.01347,-0.0142,-0.01492,0.0,15.32,0
4593,2375.7,7030,3.05,0.44,0.02434,0.05286,-0.01111,6.41993,0.01354,0.00026,0.45748,0.0,0.70694,0.25754,-0.02454,-0.01955,-0.00659,-0.00351,-0.03908,-0.00538,-0.03373,-0.02604,-0.06988,-0.00616,0.12441,-0.01654,0.26669,-0.01156,-0.01676,-0.05042,-0.02105,16.58842,0
4594,2378.7,8225,2.57,0.42,0.01987,0.03375,-0.00918,6.42898,0.01883,2e-05,0.45768,0.0,0.73633,0.27038,-0.02467,-0.01963,-0.00681,-0.00362,-0.04002,-0.00556,-0.03429,-0.02696,-0.07301,-0.0052,0.12978,-0.0163,0.27894,-0.01062,-0.01801,-0.07412,-0.01667,17.30438,0
4595,2381.9,7632,2.82,0.4,0.02108,0.03735,-0.00984,6.43495,0.01244,5e-05,0.45799,0.0,0.71165,0.26243,-0.02315,-0.01983,-0.00726,-0.00366,-0.03988,-0.00564,-0.03394,-0.02613,-0.07121,-0.00588,0.12634,-0.01751,0.26978,-0.01215,-0.01668,-0.05423,-0.02807,16.84535,0
4596,2385.4,7067,2.99,0.48,0.02349,0.02563,-0.00801,6.44532,0.01619,1e-05,0.45834,0.0,0.70477,0.25825,-0.02231,-0.02034,-0.00679,-0.00288,-0.03844,-0.00513,-0.03252,-0.02609,-0.06931,-0.00852,0.12395,-0.01809,0.26522,-0.01197,-0.01509,-0.05721,-0.025,16.527,0
4597,2388.9,6979,3.11,0.41,0.02435,0.01979,-0.00818,6.45083,0.01109,0.00011,0.45859,0.0,0.74838,0.27408,-0.02711,-0.02081,-0.00739,-0.0035,-0.04073,-0.00553,-0.03405,-0.02735,-0.07377,-0.00658,0.13151,-0.01722,0.2819,-0.01403,-0.01757,-0.06726,-0.02745,17.5351,0
4598,2392.4,7003,3.08,0.43,0.02562,0.01163,-0.00574,6.45599,0.01415,3e-05,0.45868,0.0,0.6783,0.24779,-0.02391,-0.01959,-0.00693,-0.00313,-0.03752,-0.005,-0.03453,-0.02574,-0.06713,-0.00613,0.11941,-0.01522,0.25711,-0.01287,-0.01787,-0.02882,-0.01538,15.92077,0
4599,2396.0,6878,3.16,0.41,0.02554,0.00715,-0.00818,6.454,0.01183,0.00017,0.45851,0.0,0.75019,0.27288,-0.02688,-0.02178,-0.00757,-0.00383,-0.04209,-0.0061,-0.03756,-0.02849,-0.07541,-0.00674,0.13294,-0.01919,0.28424,-0.01291,-0.01967,-0.05103,-0.02,17.72483,0
4600,2399.5,6969,3.13,0.39,0.02599,0.00782,-0.00735,6.44454,0.0163,0.00017,0.45814,0.0,0.58188,0.21463,-0.02144,-0.01659,-0.00621,-0.00313,-0.033,-0.00469,-0.0296,-0.02176,-0.059,-0.00446,0.10415,-0.01434,0.22302,-0.00887,-0.01592,-0.05445,-0.01875,13.88646,0
4601,2403.1,6800,3.12,0.49,0.02614,0.0053,-0.00938,6.43177,0.01666,3e-05,0.45775,0.0,0.73466,0.27496,-0.02443,-0.02123,-0.00676,-0.00256,-0.04093,-0.00509,-0.03532,-0.02739,-0.0744,-0.00398,0.13126,-0.01775,0.27944,-0.01334,-0.01624,-0.05191,-0.00625,17.50125,0
4602,2406.7,6796,3.2,0.42,0.02637,0.00703,-0.00863,6.42348,0.01152,0.00017,0.45745,0.0,0.75206,0.27773,-0.02026,-0.0211,-0.00674,-0.00345,-0.04139,-0.00522,-0.03557,-0.02731,-0.07343,-0.00349,0.13231,-0.01737,0.28315,-0.01429,-0.01628,-0.02173,0.0,17.64088,0
4603,2410.3,6823,3.15,0.45,0.02617,0.00476,-0.00914,6.41407,0.01502,0.00011,0.45691,0.0,0.68772,0.25168,-0.02004,-0.01859,-0.00619,-0.00291,-0.03763,-0.0047,-0.0333,-0.02521,-0.06828,-0.00258,0.12071,-0.01495,0.26134,-0.01142,-0.01639,-0.03422,-0.01111,16.095,0
4604,2413.5,7894,2.71,0.4,0.02084,0.04623,-0.01089,6.40065,0.01545,0.00017,0.45664,0.0,0.76677,0.28289,-0.02606,-0.02316,-0.00822,-0.00385,-0.04499,-0.00638,-0.0398,-0.02913,-0.07772,-0.00482,0.13706,-0.02074,0.29195,-0.01508,-0.01912,-0.01749,-0.00667,18.27467,0
4605,2416.5,8004,2.66,0.41,0.02038,0.02907,-0.00864,6.40377,0.01455,8e-05,0.45696,0.0,0.71662,0.26388,-0.0227,-0.02118,-0.00709,-0.00316,-0.04095,-0.00571,-0.03659,-0.02768,-0.07235,-0.00436,0.127,-0.01653,0.27326,-0.01369,-0.01675,-0.02358,-0.01667,16.93343,0
4606,2419.9,7398,2.91,0.41,0.02411,0.0121,-0.00789,6.4097,0.01633,2e-05,0.45708,0.0,0.76938,0.28252,-0.02429,-0.02169,-0.00728,-0.00389,-0.0428,-0.00609,-0.03738,-0.02822,-0.07722,-0.00413,0.13619,-0.01883,0.29311,-0.01223,-0.01931,-0.05472,-0.01,18.15917,0
4607,2423.3,7051,3.06,0.43,0.02519,0.00766,-0.00784,6.40817,0.01062,0.00017,0.4567,0.0,0.77739,0.28624,-0.02259,-0.02102,-0.00703,-0.00359,-0.0426,-0.0058,-0.03507,-0.02742,-0.07693,-0.0036,0.13659,-0.01751,0.29231,-0.0127,-0.01749,-0.05405,-0.00588,18.21137,0
4608,2426.9,6866,3.12,0.46,0.02577,0.01204,-0.00279,6.3985,0.02372,1e-05,0.4565,0.0,0.7,0.26115,-0.02394,-0.02114,-0.0075,-0.00366,-0.04191,-0.00624,-0.0373,-0.02677,-0.072,-0.00415,0.12656,-0.01718,0.26994,-0.01219,-0.02034,-0.03907,-0.00667,16.87533,0
4609,2430.5,6842,3.13,0.46,0.02565,0.02025,-0.00435,6.39838,0.01575,1e-05,0.45655,0.0,0.78192,0.29059,-0.02305,-0.0215,-0.00716,-0.00297,-0.04269,-0.00581,-0.0365,-0.02867,-0.07832,-0.00391,0.13796,-0.01815,0.29584,-0.01285,-0.01674,-0.05914,-0.012,18.395,0
4610,2434.1,6814,3.15,0.46,0.02567,0.00715,-0.00322,6.39879,0.00859,8e-05,0.45647,0.0,0.63623,0.23288,-0.02467,-0.01863,-0.00712,-0.00331,-0.03586,-0.0053,-0.03336,-0.02539,-0.0659,-0.0064,0.11505,-0.01707,0.24428,-0.00834,-0.01826,-0.09336,-0.04,15.34044,0
4611,2437.7,6802,3.17,0.45,0.02672,0.00099,-0.01172,6.37333,0.01262,0.00026,0.45453,0.0,0.79544,0.29227,-0.02435,-0.02096,-0.00702,-0.00289,-0.04319,-0.00544,-0.03623,-0.029,-0.07871,-0.00316,0.13904,-0.01618,0.29825,-0.01323,-0.01612,-0.06293,0.0,18.53833,0
4612,2441.3,6824,3.21,0.4,0.02682,0.00112,-0.01263,6.30461,0.01458,0.00026,0.45202,0.0,0.79449,0.28892,-0.02162,-0.02085,-0.00697,-0.00246,-0.04187,-0.00471,-0.03641,-0.02908,-0.07827,-0.00243,0.138,-0.01642,0.29866,-0.01206,-0.01576,-0.06482,0.0,18.40067,0
4613,2444.9,6840,3.17,0.42,0.0268,0.0034,-0.00685,6.24559,0.01556,0.00026,0.45036,0.0,0.79517,0.29257,-0.02138,-0.02127,-0.00709,-0.00272,-0.04243,-0.00509,-0.03582,-0.02868,-0.0781,-0.00221,0.13858,-0.01689,0.29835,-0.01378,-0.0153,-0.04563,0.0,18.47687,0
4614,2448.4,7155,3.03,0.4,0.02414,0.04649,-0.00982,6.21312,0.01575,0.00017,0.44976,0.0,0.71198,0.26133,-0.02109,-0.01965,-0.00638,-0.00332,-0.03881,-0.00507,-0.03313,-0.02548,-0.0696,-0.00236,0.1241,-0.01594,0.2658,-0.01172,-0.01648,-0.04348,-0.01538,16.54667,0
4615,2451.4,8218,2.59,0.4,0.02052,0.0323,-0.00922,6.21476,0.01361,8e-05,0.4501,0.0,0.63089,0.2326,-0.01826,-0.01699,-0.00575,-0.00257,-0.03492,-0.00438,-0.02952,-0.02267,-0.06214,-0.00247,0.11105,-0.01358,0.24037,-0.00914,-0.01434,-0.04762,-0.00278,14.80713,0
4616,2454.6,7501,2.87,0.41,0.02283,0.02215,-0.00886,6.22679,0.01736,1e-05,0.45051,0.0,0.74879,0.27443,-0.02049,-0.02007,-0.00677,-0.00307,-0.0394,-0.00493,-0.03325,-0.02698,-0.07251,-0.0031,0.12992,-0.01544,0.28005,-0.01081,-0.01587,-0.05995,-0.02029,17.32232,0
4617,2458.1,7005,3.1,0.41,0.02443,0.013,-0.00825,6.23132,0.01069,0.00011,0.4506,0.0,0.74007,0.27362,-0.02203,-0.02082,-0.00665,-0.00246,-0.03912,-0.00494,-0.03403,-0.02735,-0.07227,-0.00443,0.12957,-0.01541,0.27821,-0.01323,-0.01531,-0.0455,-0.01591,17.27594,0
4618,2461.6,7122,3.1,0.35,0.02554,0.02016,-0.00695,6.23627,0.01327,8e-05,0.45094,0.0,0.70683,0.26206,-0.02233,-0.02158,-0.00697,-0.00329,-0.04036,-0.00518,-0.03528,-0.0264,-0.07056,-0.00529,0.12557,-0.01682,0.2687,-0.01404,-0.01665,-0.02621,-0.01569,16.74314,0
4619,2465.1,6944,3.11,0.43,0.02579,0.01047,-0.00785,6.24536,0.01459,5e-05,0.4512,0.0,0.66611,0.24708,-0.02135,-0.01788,-0.00602,-0.00279,-0.03554,-0.00463,-0.02962,-0.0236,-0.06553,-0.00572,0.117,-0.01489,0.2503,-0.00945,-0.01447,-0.06958,-0.01429,15.59952,0
4620,2468.7,6959,3.13,0.4,0.02621,0.01356,-0.00715,6.24798,0.01361,0.00011,0.45134,0.0,0.61687,0.22379,-0.02004,-0.01836,-0.00651,-0.00318,-0.03499,-0.00417,-0.03063,-0.02227,-0.06041,-0.00531,0.10876,-0.01346,0.23416,-0.01165,-0.01479,-0.01575,-0.02353,14.50118,0
4621,2472.2,7038,3.07,0.42,0.02625,0.01544,-0.0063,6.25048,0.01915,1e-05,0.45141,0.0,0.77414,0.28794,-0.02482,-0.02002,-0.0075,-0.00339,-0.04187,-0.00539,-0.03494,-0.02779,-0.07717,-0.00511,0.13627,-0.01575,0.29356,-0.01289,-0.01611,-0.06517,-0.00588,18.16961,0
4622,2475.7,6974,3.03,0.5,0.02603,0.00821,-0.00701,6.25096,0.01008,0.00017,0.45137,0.0,0.61971,0.2265,-0.02122,-0.0198,-0.00628,-0.00349,-0.03541,-0.00509,-0.03194,-0.02416,-0.06262,-0.00605,0.11032,-0.01665,0.2354,-0.01127,-0.01554,-0.03624,-0.0275,14.70917,0
4623,2479.2,6993,3.09,0.42,0.02649,0.01068,-0.00275,6.24987,0.01591,3e-05,0.45135,0.0,0.73409,0.27329,-0.02658,-0.02053,-0.00689,-0.00317,-0.04059,-0.00507,-0.03604,-0.02693,-0.07345,-0.00403,0.12999,-0.01648,0.27787,-0.01174,-0.01863,-0.0565,0.0,17.33167,0
4624,2482.7,6929,3.13,0.41,0.0262,0.03361,-0.00892,6.25259,0.01162,0.00017,0.45161,0.0,0.67671,0.25077,-0.02281,-0.01955,-0.00655,-0.00405,-0.03798,-0.00476,-0.03185,-0.02412,-0.06628,-0.00538,0.11968,-0.01662,0.25635,-0.01165,-0.01426,-0.0401,-0.01471,15.95776,0
4625,2485.8,8104,2.68,0.35,0.0209,0.03592,-0.00747,6.26638,0.01533,5e-05,0.45209,0.0,0.67583,0.25059,-0.02074,-0.0193,-0.00666,-0.00314,-0.0377,-0.00457,-0.03298,-0.02535,-0.06777,-0.00317,0.12107,-0.01536,0.25973,-0.01028,-0.01572,-0.0445,0.0,16.14308,0
4626,2488.9,7816,2.72,0.42,0.02141,0.01827,-0.00814,6.2763,0.01169,8e-05,0.45231,0.0,0.61209,0.22648,-0.01741,-0.01674,-0.00577,-0.00241,-0.03223,-0.00356,-0.02678,-0.0215,-0.05936,-0.00312,0.10701,-0.01346,0.23055,-0.0098,-0.01288,-0.05082,-0.01548,14.2675,0
4627,2492.3,7193,3.01,0.4,0.02439,0.0143,-0.00892,6.28128,0.0154,5e-05,0.45255,0.0,0.7185,0.26633,-0.02074,-0.01951,-0.00658,-0.00264,-0.03767,-0.00466,-0.03261,-0.02582,-0.06976,-0.00346,0.12559,-0.01539,0.27039,-0.01164,-0.01607,-0.04975,-0.02292,16.745,0
4628,2495.9,6935,3.07,0.47,0.02548,0.01958,-0.00852,6.29086,0.01614,1e-05,0.45283,0.0,0.74182,0.27536,-0.02295,-0.02061,-0.00674,-0.00294,-0.04023,-0.0053,-0.03382,-0.0269,-0.07286,-0.00356,0.13141,-0.01726,0.28178,-0.01194,-0.01621,-0.06316,-0.01111,17.52093,0
4629,2499.4,7058,3.07,0.41,0.02536,0.01197,-0.00716,6.29473,0.01023,0.00017,0.45281,0.0,0.74494,0.27435,-0.02194,-0.02198,-0.00745,-0.0032,-0.04024,-0.00517,-0.03452,-0.02652,-0.07296,-0.00567,0.13103,-0.01646,0.28011,-0.01305,-0.01658,-0.04155,-0.02368,17.47105,0
4630,2502.9,6991,3.04,0.48,0.02591,0.00718,-0.00623,6.28856,0.01549,0.00017,0.45252,0.0,0.58429,0.21767,-0.02016,-0.01677,-0.00604,-0.00375,-0.03265,-0.00457,-0.02827,-0.02121,-0.05788,-0.00669,0.10392,-0.01365,0.22309,-0.00864,-0.01412,-0.04089,-0.03111,13.85578,0
4631,2506.4,7007,3.08,0.42,0.02673,0.00929,-0.00575,6.2829,0.01492,8e-05,0.45243,0.0,0.74564,0.27554,-0.02164,-0.0208,-0.00658,-0.00283,-0.03917,-0.00449,-0.03314,-0.0266,-0.07175,-0.00242,0.13034,-0.01645,0.2798,-0.01293,-0.01483,-0.04661,0.0,17.37857,0
4632,2510.0,6846,3.1,0.49,0.02631,0.00844,-0.00681,6.28246,0.01312,0.00011,0.45244,0.0,0.68647,0.25593,-0.02084,-0.0206,-0.00712,-0.00347,-0.0383,-0.00523,-0.03288,-0.02555,-0.06784,-0.00639,0.12183,-0.01852,0.26041,-0.01213,-0.01428,-0.044,-0.01765,16.2442,0
4633,2513.5,7039,3.1,0.39,0.02646,0.0118,-0.00616,6.27878,0.01463,0.00011,0.45228,0.0,0.73101,0.27359,-0.02068,-0.01993,-0.00646,-0.00311,-0.03939,-0.00489,-0.03273,-0.02573,-0.07019,-0.0022,0.12717,-0.01525,0.27315,-0.013,-0.01439,-0.03689,0.0,16.95583,0
4634,2517.0,7052,3.06,0.42,0.02635,0.01871,-0.00618,6.2763,0.01317,8e-05,0.45234,0.0,0.71632,0.26985,-0.02489,-0.02032,-0.00664,-0.00307,-0.04014,-0.00518,-0.03433,-0.02642,-0.07029,-0.003,0.1277,-0.01528,0.27396,-0.01148,-0.01673,-0.04823,-0.00714,17.02714,0
4635,2520.3,7307,2.96,0.4,0.02248,0.06197,-0.01054,6.28321,0.01418,0.00017,0.45293,0.0,0.62493,0.22853,-0.02281,-0.01726,-0.00587,-0.00319,-0.03312,-0.00394,-0.0291,-0.02245,-0.06038,-0.00517,0.10988,-0.01195,0.2376,-0.00877,-0.01441,-0.0633,-0.02105,14.65018,0
4636,2523.2,8418,2.55,0.37,0.02079,0.0317,-0.00792,6.29853,0.01406,8e-05,0.45337,0.0,0.68302,0.25218,-0.02184,-0.01935,-0.00657,-0.0039,-0.03766,-0.00473,-0.03199,-0.02493,-0.06716,-0.00374,0.12142,-0.01667,0.26064,-0.00988,-0.01609,-0.06036,-0.01667,16.18944,0
4637,2526.6,7354,2.93,0.42,0.02267,0.02597,-0.00743,6.30615,0.01428,5e-05,0.45358,0.0,0.66826,0.25153,-0.02341,-0.01969,-0.00721,-0.00319,-0.03733,-0.00519,-0.03227,-0.02491,-0.06678,-0.00536,0.12032,-0.01681,0.25699,-0.01153,-0.01514,-0.05015,-0.02939,16.04318,0
4638,2529.9,7296,2.98,0.39,0.02492,0.02927,-0.00703,6.31411,0.01594,1e-05,0.45391,0.0,0.74567,0.27542,-0.02163,-0.01981,-0.00622,-0.00248,-0.03825,-0.00441,-0.03209,-0.02671,-0.07094,-0.00481,0.12952,-0.01526,0.27934,-0.01082,-0.01461,-0.06925,-0.01394,17.2693,0
4639,2533.3,7315,2.96,0.4,0.0255,0.00648,-0.00797,6.31805,0.00845,0.00011,0.4539,0.0,0.69988,0.25793,-0.0184,-0.01906,-0.00696,-0.00348,-0.03722,-0.00499,-0.03226,-0.02455,-0.06729,-0.00394,0.12256,-0.01461,0.26441,-0.01061,-0.01658,-0.04523,-0.01562,16.34188,0
4640,2536.7,7220,2.99,0.42,0.02576,0.01008,-0.00518,6.31353,0.01411,0.00011,0.45372,0.0,0.73303,0.26962,-0.02227,-0.02083,-0.00713,-0.00305,-0.03995,-0.0052,-0.03442,-0.02686,-0.0718,-0.00389,0.12895,-0.01743,0.27676,-0.01269,-0.01609,-0.0441,-0.01296,17.19333,0
4641,2540.1,7198,3.05,0.37,0.02574,0.01801,-0.00705,6.31362,0.01408,0.00011,0.45391,0.0,0.69729,0.25874,-0.02477,-0.02074,-0.00725,-0.00351,-0.03925,-0.00508,-0.0341,-0.02575,-0.06884,-0.0046,0.12413,-0.01689,0.26615,-0.01348,-0.0156,-0.04433,-0.01771,16.55104,0
4642,2543.5,7252,2.97,0.41,0.0263,0.00983,-0.00808,6.32282,0.01469,0.00011,0.4544,0.0,0.69527,0.26055,-0.02423,-0.01969,-0.00765,-0.00352,-0.03908,-0.00501,-0.03168,-0.02424,-0.0682,-0.00615,0.12373,-0.01611,0.26441,-0.01176,-0.01547,-0.05401,-0.00741,16.49685,0
4643,2547.0,7136,3.04,0.4,0.02662,0.00886,-0.00699,6.32963,0.01441,0.00017,0.45438,0.0,0.70639,0.26179,-0.02154,-0.02032,-0.00684,-0.00315,-0.03845,-0.00501,-0.03352,-0.02546,-0.06878,-0.00317,0.1246,-0.01649,0.26727,-0.01193,-0.01595,-0.04063,0.0,16.61333,0
4644,2550.4,7198,3.05,0.36,0.02667,0.00754,-0.00801,6.32759,0.01586,0.00017,0.4543,0.0,0.8202,0.30274,-0.02126,-0.02209,-0.00724,-0.00357,-0.04388,-0.00503,-0.03629,-0.02792,-0.07817,-0.00213,0.14159,-0.01683,0.3045,-0.01545,-0.01631,-0.02906,0.0,18.87833,0
4645,2553.9,7014,3.04,0.46,0.02509,0.03857,-0.01087,6.33199,0.0158,0.00017,0.45473,0.0,0.78046,0.28588,-0.02428,-0.02277,-0.00764,-0.00323,-0.04264,-0.00537,-0.03875,-0.02861,-0.07506,-0.00409,0.13663,-0.01829,0.29329,-0.01465,-0.01795,-0.02426,-0.0037,18.21796,0
4646,2556.8,8453,2.51,0.39,0.02064,0.03293,-0.01067,6.34309,0.0145,8e-05,0.45496,0.0,0.68859,0.25454,-0.02092,-0.01891,-0.00671,-0.00284,-0.03707,-0.00505,-0.03295,-0.02568,-0.06725,-0.00311,0.1229,-0.01665,0.26434,-0.0098,-0.01804,-0.06993,0.0,16.38667,0
4647,2559.9,7849,2.72,0.41,0.02155,0.01869,-0.00958,6.34725,0.01449,3e-05,0.45515,0.0,0.7473,0.27542,-0.02007,-0.02015,-0.007,-0.00363,-0.03947,-0.00465,-0.03368,-0.02589,-0.07148,-0.00426,0.13138,-0.01588,0.28518,-0.01113,-0.01613,-0.05333,-0.01263,17.51761,0
4648,2563.2,7416,2.92,0.39,0.02424,0.01825,-0.00899,6.353,0.01349,0.00017,0.45544,0.0,0.78657,0.28986,-0.0239,-0.02258,-0.00785,-0.00369,-0.04262,-0.00548,-0.03798,-0.02835,-0.07595,-0.00416,0.13829,-0.01829,0.29762,-0.01354,-0.01794,-0.04919,-0.00583,18.43858,0
4649,2566.7,7169,2.97,0.45,0.02466,0.02125,-0.00832,6.36252,0.01886,1e-05,0.45564,0.0,0.59179,0.21681,-0.0266,-0.01788,-0.00604,-0.00365,-0.03321,-0.00479,-0.02996,-0.02195,-0.05754,-0.00767,0.10471,-0.01447,0.22574,-0.01009,-0.01551,-0.04054,-0.04792,13.96125,0
4650,2570.1,7131,3.01,0.44,0.02526,0.00996,-0.00789,6.36467,0.00947,0.00011,0.45563,0.0,0.72981,0.27168,-0.02113,-0.01954,-0.00701,-0.00377,-0.03886,-0.00503,-0.03236,-0.02556,-0.0696,-0.00403,0.12766,-0.0161,0.27494,-0.01061,-0.01485,-0.07025,-0.02821,17.02179,0
4651,2573.5,7196,3.0,0.41,0.026,0.01501,-0.00818,6.36299,0.01525,0.00011,0.45555,0.0,0.79804,0.2946,-0.02145,-0.02104,-0.00731,-0.00339,-0.043,-0.0051,-0.03539,-0.0274,-0.0765,-0.0026,0.13908,-0.01733,0.30068,-0.01263,-0.01575,-0.05382,-0.00526,18.54421,0
4652,2577.1,6951,3.04,0.49,0.02581,0.0067,-0.00851,6.36089,0.01607,5e-05,0.45539,0.0,0.67421,0.24722,-0.02406,-0.022,-0.00744,-0.00406,-0.03914,-0.00587,-0.0371,-0.02599,-0.06644,-0.00912,0.12016,-0.01966,0.25782,-0.01398,-0.0185,-0.00504,-0.02143,16.02095,0
4653,2580.5,7037,3.08,0.41,0.0261,0.0032,-0.0093,6.34548,0.01387,0.00017,0.45424,0.0,0.63577,0.23336,-0.0315,-0.01895,-0.00706,-0.00375,-0.03371,-0.00513,-0.03213,-0.02381,-0.062,-0.00698,0.11149,-0.01508,0.23793,-0.01069,-0.01782,-0.05248,-0.01333,14.86533,0
4654,2584.1,6902,3.17,0.39,0.02644,0.00504,-0.00773,6.31488,0.01311,0.00011,0.45349,0.0,0.67274,0.24898,-0.02967,-0.02029,-0.00788,-0.0039,-0.0371,-0.00548,-0.03421,-0.02448,-0.06544,-0.00554,0.11914,-0.01799,0.25243,-0.01399,-0.01745,-0.02661,-0.01176,15.88549,0
4655,2587.5,7210,3.05,0.36,0.0267,0.01006,-0.00838,6.29986,0.01612,8e-05,0.45309,0.0,0.69403,0.25756,-0.01821,-0.01984,-0.0062,-0.00214,-0.03637,-0.00404,-0.03079,-0.02448,-0.06508,-0.00297,0.12126,-0.01479,0.26399,-0.01165,-0.01188,-0.0383,0.0,16.168,0
4656,2590.6,7978,2.7,0.38,0.02152,0.04336,-0.01179,6.30162,0.01369,0.00026,0.45355,0.0,0.73069,0.2706,-0.02224,-0.02051,-0.00687,-0.00194,-0.03725,-0.00431,-0.03266,-0.02647,-0.06915,-0.0042,0.12744,-0.01582,0.27369,-0.01295,-0.01354,-0.04449,-0.01042,16.99208,0
4657,2593.6,8198,2.61,0.39,0.02036,0.01334,-0.00806,6.31414,0.01518,8e-05,0.45372,0.0,0.76042,0.27948,-0.02211,-0.02118,-0.00753,-0.00401,-0.04161,-0.00509,-0.0373,-0.0271,-0.07298,-0.00333,0.13327,-0.01656,0.28857,-0.01304,-0.01825,-0.01805,-0.00556,17.7687,0
4658,2596.9,7470,2.88,0.41,0.02365,0.01993,-0.00746,6.31537,0.01285,5e-05,0.45372,0.0,0.80453,0.29401,-0.02527,-0.02331,-0.00814,-0.00398,-0.04365,-0.00578,-0.03825,-0.02866,-0.07712,-0.00345,0.14141,-0.01884,0.30466,-0.01354,-0.01807,-0.0442,-0.00303,18.85402,0
4659,2600.3,7126,3.05,0.39,0.02485,0.00992,-0.00828,6.31975,0.01234,0.00017,0.45403,0.0,0.71607,0.26701,-0.02205,-0.01913,-0.00655,-0.00326,-0.03783,-0.00518,-0.03181,-0.02485,-0.06885,-0.00369,0.12549,-0.01511,0.26995,-0.01141,-0.01536,-0.05888,-0.01111,16.73222,0
4660,2603.7,7238,3.03,0.37,0.02557,0.00912,-0.00896,6.32348,0.01826,2e-05,0.454,0.0,0.71691,0.26345,-0.02749,-0.02036,-0.00776,-0.0034,-0.03856,-0.00496,-0.03438,-0.02604,-0.06967,-0.0055,0.12576,-0.01705,0.26948,-0.01199,-0.01565,-0.05021,-0.01579,16.76807,0
4661,2607.3,6936,3.08,0.46,0.02582,0.01635,-0.00723,6.32296,0.01047,0.00011,0.45405,0.0,0.70481,0.26056,-0.02081,-0.02009,-0.00661,-0.00355,-0.03877,-0.00515,-0.03374,-0.02542,-0.06849,-0.00628,0.12433,-0.01637,0.26672,-0.01217,-0.01508,-0.04428,-0.025,16.5775,0
4662,2610.8,7000,3.11,0.4,0.02581,0.00728,-0.00518,6.32448,0.01879,1e-05,0.45406,0.0,0.71395,0.26431,-0.02106,-0.01941,-0.00692,-0.00278,-0.03729,-0.00445,-0.03145,-0.02482,-0.0678,-0.00447,0.12478,-0.01637,0.26907,-0.01157,-0.01357,-0.06666,-0.00533,16.6367,0
4663,2614.3,6936,3.12,0.43,0.02633,0.01105,-0.00621,6.32375,0.01025,0.00011,0.454,0.0,0.78959,0.29422,-0.02212,-0.02161,-0.00745,-0.00323,-0.04167,-0.00551,-0.03486,-0.02743,-0.07472,-0.00305,0.13822,-0.0166,0.29887,-0.0127,-0.01598,-0.05973,-0.00625,18.42969,0
4664,2617.9,6917,3.15,0.4,0.02595,0.01323,-0.00485,6.3205,0.01541,3e-05,0.4539,0.0,0.64915,0.24082,-0.01803,-0.01905,-0.0062,-0.00323,-0.03382,-0.004,-0.02838,-0.02213,-0.06042,-0.00759,0.11302,-0.01323,0.24506,-0.01209,-0.01237,-0.03576,-0.03385,15.06928,0
4665,2621.4,7006,3.1,0.4,0.0266,0.00695,-0.00695,6.31485,0.01275,0.00017,0.4536,0.0,0.70319,0.2598,-0.02117,-0.01914,-0.00685,-0.00258,-0.03737,-0.00478,-0.03211,-0.0254,-0.06769,-0.00382,0.12439,-0.01526,0.2675,-0.01022,-0.01413,-0.06254,0.0,16.58531,0
4666,2624.9,7075,3.02,0.45,0.02429,0.04515,-0.01068,6.30834,0.01526,0.00017,0.45385,0.0,0.78964,0.29195,-0.02103,-0.02202,-0.00751,-0.00381,-0.04198,-0.00467,-0.03587,-0.02682,-0.07548,-0.00266,0.13811,-0.01761,0.29819,-0.01384,-0.01566,-0.033,0.0,18.41417,0
4667,2627.9,8208,2.55,0.45,0.02051,0.02285,-0.00906,6.31839,0.01514,8e-05,0.45407,0.0,0.76083,0.2761,-0.02058,-0.01985,-0.00657,-0.00338,-0.03929,-0.00477,-0.03405,-0.02631,-0.07217,-0.00301,0.13124,-0.01399,0.28502,-0.01186,-0.0161,-0.05117,-0.00714,17.49857,0
4668,2631.1,7540,2.87,0.39,0.02274,0.02383,-0.00912,6.32475,0.0147,8e-05,0.45426,0.0,0.78214,0.28779,-0.02182,-0.02248,-0.00745,-0.00327,-0.04151,-0.005,-0.03493,-0.02687,-0.0738,-0.00333,0.13626,-0.01864,0.2931,-0.01344,-0.01488,-0.04074,0.0,18.16735,0
4669,2634.5,7176,3.0,0.42,0.02449,0.00983,-0.00794,6.32875,0.01345,5e-05,0.45426,0.0,0.68909,0.25941,-0.02766,-0.02189,-0.00749,-0.00419,-0.04062,-0.00603,-0.03544,-0.02533,-0.06819,-0.00638,0.12432,-0.02024,0.26462,-0.01409,-0.01728,-0.02126,-0.0098,16.57569,0
4670,2638.1,7010,3.05,0.46,0.02538,0.01633,-0.00778,6.32908,0.01377,8e-05,0.45428,0.0,0.77618,0.2848,-0.02606,-0.02179,-0.00827,-0.00418,-0.04266,-0.00572,-0.03753,-0.02773,-0.07502,-0.00447,0.13709,-0.0184,0.29373,-0.01299,-0.01845,-0.04261,-0.01429,18.27841,0
4671,2641.5,7061,3.09,0.39,0.02582,0.00678,-0.00709,6.33051,0.01402,5e-05,0.45422,0.0,0.80471,0.2983,-0.02813,-0.02275,-0.00818,-0.00351,-0.04395,-0.00611,-0.0392,-0.02958,-0.07864,-0.00411,0.14308,-0.01873,0.30971,-0.01291,-0.01876,-0.05722,-0.00513,19.07774,0
4672,2645.1,6965,3.09,0.44,0.02587,0.01187,-0.00678,6.32646,0.01247,0.00017,0.45409,0.0,0.67296,0.24739,-0.02251,-0.01825,-0.00631,-0.00318,-0.03629,-0.00458,-0.03045,-0.02357,-0.06528,-0.00368,0.11819,-0.01426,0.25444,-0.01133,-0.01374,-0.06587,-0.01042,15.75917,0
4673,2648.6,7032,3.07,0.42,0.02586,0.01381,-0.00555,6.32626,0.01827,1e-05,0.45426,0.0,0.60623,0.22243,-0.0297,-0.0193,-0.00672,-0.0043,-0.03461,-0.00534,-0.03098,-0.02253,-0.05913,-0.00799,0.10788,-0.01711,0.23038,-0.01095,-0.01553,-0.03684,-0.02778,14.38381,0
4674,2652.1,6998,3.07,0.44,0.02619,0.01406,-0.00736,6.3287,0.00948,0.00011,0.4544,0.0,0.74213,0.27649,-0.02178,-0.02163,-0.0076,-0.00372,-0.04134,-0.00532,-0.03622,-0.0258,-0.0725,-0.00424,0.13098,-0.01832,0.28249,-0.01382,-0.01709,-0.02104,-0.00933,17.46427,0
4675,2655.5,7182,3.01,0.41,0.02608,0.01044,-0.00653,6.33249,0.01524,0.00017,0.45449,0.0,0.5985,0.22249,-0.0217,-0.01777,-0.00611,-0.00309,-0.03277,-0.00537,-0.02843,-0.02213,-0.05801,-0.00612,0.10646,-0.01455,0.22628,-0.01055,-0.01384,-0.04074,-0.03333,14.19433,0
4676,2659.0,6936,3.07,0.47,0.02623,0.01901,-0.00725,6.3319,0.01564,0.00017,0.45449,0.0,0.63119,0.23138,-0.0199,-0.01848,-0.00615,-0.00352,-0.03489,-0.00475,-0.03098,-0.02263,-0.06116,-0.00523,0.11142,-0.01348,0.24005,-0.01084,-0.01583,-0.03288,-0.02667,14.856,0
4677,2662.1,8037,2.65,0.41,0.02019,0.04141,-0.01059,6.33974,0.01458,0.00017,0.45474,0.0,0.78197,0.28863,-0.026,-0.02189,-0.00729,-0.00316,-0.04006,-0.00533,-0.03558,-0.02822,-0.07404,-0.00452,0.13607,-0.01612,0.29364,-0.01234,-0.01662,-0.05882,-0.01167,18.1425,0
4678,2665.1,8126,2.67,0.35,0.02013,0.02302,-0.00816,6.3472,0.01593,5e-05,0.45488,0.0,0.69156,0.2611,-0.02241,-0.02011,-0.00724,-0.0032,-0.03815,-0.005,-0.03261,-0.02472,-0.06798,-0.00512,0.12356,-0.0165,0.26597,-0.01249,-0.01473,-0.04321,-0.025,16.475,0
4679,2668.5,7361,2.91,0.43,0.0231,0.02236,-0.009,6.35226,0.01418,3e-05,0.45507,0.0,0.71388,0.26404,-0.02262,-0.02058,-0.00729,-0.00315,-0.03842,-0.00501,-0.03387,-0.02625,-0.06882,-0.00466,0.12572,-0.0173,0.26897,-0.01188,-0.01554,-0.05445,-0.02533,16.7622,0
4680,2671.9,7232,2.98,0.42,0.02456,0.01609,-0.00819,6.35834,0.0134,8e-05,0.45532,0.0,0.65347,0.24129,-0.03522,-0.02058,-0.00733,-0.00364,-0.03611,-0.00523,-0.03339,-0.02458,-0.06415,-0.00766,0.11617,-0.01928,0.24593,-0.01418,-0.01723,-0.06226,-0.03158,15.48895,0
4681,2675.3,7105,3.05,0.41,0.02585,0.00853,-0.00715,6.3619,0.01225,0.00011,0.45536,0.0,0.72838,0.27063,-0.02272,-0.02172,-0.00717,-0.00349,-0.03912,-0.00504,-0.03405,-0.02625,-0.07062,-0.00317,0.12871,-0.01847,0.27765,-0.01179,-0.01526,-0.04495,-0.01042,17.16188,0
4682,2678.9,6952,3.12,0.41,0.02611,0.00305,-0.00845,6.34942,0.015,0.00017,0.45452,0.0,0.66365,0.24494,-0.02088,-0.01911,-0.00671,-0.00307,-0.03515,-0.00436,-0.03037,-0.02319,-0.06327,-0.00422,0.11665,-0.01578,0.25116,-0.01058,-0.01427,-0.04261,-0.01053,15.55395,0
4683,2682.4,6830,3.17,0.43,0.02633,0.01711,-0.00485,6.33071,0.01832,1e-05,0.4542,0.0,0.80816,0.30082,-0.02573,-0.0228,-0.0075,-0.00321,-0.04392,-0.0058,-0.03888,-0.02988,-0.07936,-0.00525,0.14373,-0.0184,0.30921,-0.01291,-0.01883,-0.05799,-0.00417,19.16375,0
4684,2686.0,6889,3.11,0.46,0.02628,0.01681,-0.00604,6.33033,0.00956,0.00011,0.45428,0.0,0.71679,0.26315,-0.02182,-0.02062,-0.00671,-0.00341,-0.03921,-0.00517,-0.03394,-0.02548,-0.06926,-0.00461,0.12651,-0.01631,0.27378,-0.01294,-0.01596,-0.03265,-0.00526,16.86798,0
4685,2689.5,6999,3.12,0.39,0.02611,0.00209,-0.00969,6.32127,0.01411,0.00017,0.45325,0.0,0.6844,0.25082,-0.02446,-0.0202,-0.00668,-0.00325,-0.03664,-0.00492,-0.03249,-0.02466,-0.06533,-0.00618,0.1202,-0.01655,0.25823,-0.01137,-0.01523,-0.04503,-0.01778,16.02667,0
4686,2693.1,6961,3.13,0.4,0.02673,0.00589,-0.00703,6.28915,0.01564,0.00011,0.45248,0.0,0.72287,0.26648,-0.02352,-0.02025,-0.00658,-0.00324,-0.03857,-0.00496,-0.03427,-0.02646,-0.07033,-0.004,0.12853,-0.01626,0.27561,-0.01002,-0.01639,-0.06915,0.0,17.1369,0
4687,2696.5,7116,3.03,0.42,0.02365,0.04725,-0.01037,6.28785,0.01468,0.00026,0.45325,0.0,0.79304,0.28871,-0.02502,-0.02276,-0.00721,-0.00372,-0.04132,-0.00497,-0.03613,-0.02762,-0.07419,-0.00476,0.13728,-0.01716,0.29666,-0.01378,-0.01554,-0.03867,0.0,18.30344,0
4688,2699.5,8332,2.53,0.42,0.02032,0.03703,-0.0054,6.30885,0.01605,2e-05,0.45365,0.0,0.68156,0.25269,-0.02226,-0.02022,-0.00662,-0.00369,-0.03762,-0.00535,-0.03252,-0.02398,-0.066,-0.00504,0.12102,-0.01683,0.25866,-0.01155,-0.01583,-0.03091,-0.00926,16.13641,0
4689,2702.7,7546,2.84,0.41,0.0223,0.02196,-0.00878,6.31543,0.01082,0.00011,0.45402,0.0,0.76801,0.28188,-0.02282,-0.02075,-0.00729,-0.00419,-0.03998,-0.00505,-0.03483,-0.02762,-0.07264,-0.00435,0.1342,-0.01628,0.2904,-0.0114,-0.01641,-0.06418,-0.03095,17.89294,0
4690,2706.2,7114,2.96,0.5,0.02453,0.02812,-0.00763,6.32628,0.0146,3e-05,0.45436,0.0,0.68899,0.25422,-0.02415,-0.0191,-0.00655,-0.0031,-0.03576,-0.00474,-0.03066,-0.02457,-0.06527,-0.00537,0.12109,-0.01591,0.25977,-0.00959,-0.01363,-0.08306,-0.02444,16.14533,0
4691,2709.6,7234,2.99,0.41,0.02488,0.00806,-0.0084,6.3329,0.01213,0.00017,0.45461,0.0,0.63151,0.23199,-0.02147,-0.01798,-0.00616,-0.00315,-0.03317,-0.00434,-0.02802,-0.02232,-0.06001,-0.01288,0.11095,-0.01435,0.23825,-0.01088,-0.01225,-0.04944,-0.02778,14.79278,0
4692,2713.0,7093,3.01,0.46,0.0262,0.00358,-0.00825,6.33101,0.01557,0.00017,0.45422,0.0,0.79994,0.29667,-0.02549,-0.02281,-0.00779,-0.00411,-0.04321,-0.00568,-0.03754,-0.02805,-0.07643,-0.0031,0.1412,-0.01898,0.30108,-0.01485,-0.01834,-0.04317,0.0,18.826,0
4693,2716.5,7081,3.08,0.39,0.02635,0.01522,-0.00807,6.3231,0.01383,0.00011,0.4542,0.0,0.73377,0.26717,-0.02066,-0.01939,-0.00676,-0.00354,-0.03875,-0.00484,-0.03281,-0.02482,-0.06889,-0.00241,0.1278,-0.01495,0.27681,-0.01085,-0.01719,-0.05767,0.0,17.0402,0
4694,2720.0,6982,3.04,0.48,0.02574,0.00349,-0.00995,6.3192,0.01543,5e-05,0.45384,0.0,0.58885,0.21906,-0.02352,-0.01832,-0.00637,-0.00281,-0.03223,-0.00453,-0.02794,-0.02156,-0.05761,-0.01084,0.1043,-0.0155,0.22373,-0.01075,-0.01271,-0.04231,-0.04444,13.90711,0
4695,2723.5,7122,3.03,0.42,0.02641,0.00787,-0.00588,6.3039,0.01294,0.00011,0.45322,0.0,0.63616,0.23813,-0.02197,-0.01898,-0.00631,-0.00263,-0.03494,-0.00452,-0.03068,-0.02272,-0.0618,-0.00546,0.11348,-0.01702,0.24346,-0.01074,-0.01457,-0.05145,-0.01667,15.13083,0
4696,2727.0,6941,3.06,0.48,0.02681,0.00874,-0.00616,6.29163,0.01623,8e-05,0.45291,0.0,0.71205,0.26107,-0.02102,-0.02091,-0.00715,-0.00374,-0.03903,-0.00551,-0.03465,-0.0253,-0.0684,-0.00378,0.1254,-0.0176,0.27068,-0.01215,-0.0163,-0.02961,0.0,16.7199,0
4697,2730.5,7052,3.07,0.42,0.0262,0.0506,-0.01016,6.29124,0.0114,0.00026,0.4533,0.0,0.75839,0.28227,-0.02503,-0.02323,-0.00728,-0.00337,-0.0405,-0.0054,-0.03658,-0.02816,-0.07228,-0.00447,0.13406,-0.01856,0.2873,-0.01328,-0.0158,-0.03164,0.0,17.875,0
4698,2733.4,8369,2.55,0.39,0.02018,0.02408,-0.01119,6.30605,0.01642,0.00017,0.45374,0.0,0.70447,0.26284,-0.01883,-0.01903,-0.00576,-0.00236,-0.03545,-0.00411,-0.02952,-0.02443,-0.0658,-0.00468,0.12247,-0.01346,0.26585,-0.01085,-0.01252,-0.06327,-0.02037,16.32907,0
4699,2736.6,7695,2.75,0.44,0.02074,0.02251,-0.00928,6.316,0.01453,8e-05,0.4541,0.0,0.70643,0.2591,-0.02104,-0.01968,-0.00713,-0.00305,-0.03693,-0.00447,-0.03137,-0.02497,-0.06674,-0.00439,0.12359,-0.01587,0.26584,-0.01066,-0.01374,-0.07149,-0.03651,16.47905,0
4700,2740.1,7207,2.98,0.43,0.02439,0.01597,-0.00863,6.32685,0.01404,0.00017,0.45474,0.0,0.76397,0.27975,-0.02181,-0.02074,-0.00669,-0.00317,-0.03969,-0.00473,-0.03319,-0.02678,-0.07227,-0.00357,0.13336,-0.01711,0.28648,-0.01128,-0.01526,-0.06659,-0.00702,17.78161,0
4701,2743.6,6970,3.05,0.48,0.02524,0.0119,-0.00492,6.34131,0.01388,0.00011,0.45506,0.0,0.73113,0.2713,-0.0237,-0.02185,-0.00709,-0.00392,-0.03993,-0.00544,-0.03363,-0.02525,-0.07115,-0.00524,0.13027,-0.01697,0.27837,-0.01271,-0.01694,-0.05582,-0.02353,17.36882,0
4702,2747.2,6783,3.16,0.46,0.02609,0.00962,-0.0078,6.34098,0.01404,0.00011,0.45487,0.0,0.79128,0.28782,-0.02299,-0.0227,-0.00723,-0.0029,-0.04175,-0.00461,-0.03582,-0.02759,-0.07464,-0.00268,0.13713,-0.01793,0.29442,-0.01422,-0.01615,-0.03584,0.0,18.28404,0
4703,2750.8,6865,3.12,0.46,0.0261,0.00817,-0.00642,6.33319,0.01514,0.00011,0.45452,0.0,0.67591,0.25041,-0.02806,-0.02082,-0.00686,-0.00344,-0.03708,-0.00557,-0.03216,-0.02429,-0.06527,-0.00625,0.11933,-0.01686,0.25514,-0.01261,-0.01546,-0.04681,-0.01765,15.91118,0
4704,2754.3,7057,3.08,0.41,0.02633,0.01635,-0.00758,6.32785,0.013,0.00011,0.45455,0.0,0.69677,0.25661,-0.02052,-0.01918,-0.00629,-0.0032,-0.03633,-0.00461,-0.03057,-0.02332,-0.0653,-0.00398,0.12135,-0.01523,0.2622,-0.01046,-0.01472,-0.05814,-0.01176,16.17961,0
4705,2757.8,6970,3.05,0.47,0.02581,0.00407,-0.00827,6.32346,0.01353,0.00017,0.45388,0.0,0.60303,0.22015,-0.01791,-0.01847,-0.00641,-0.00356,-0.03358,-0.00439,-0.02898,-0.02142,-0.05751,-0.00528,0.10646,-0.01662,0.22807,-0.0127,-0.01274,-0.0232,-0.02222,14.19472,0
4706,2761.2,7296,2.98,0.39,0.02666,0.00422,-0.00653,6.30405,0.01369,8e-05,0.45333,0.0,0.75685,0.2811,-0.02354,-0.02231,-0.00754,-0.00305,-0.04112,-0.00545,-0.0363,-0.02772,-0.07257,-0.00422,0.13378,-0.01757,0.28736,-0.01422,-0.01618,-0.03212,0.0,17.8375,0
4707,2764.8,6847,3.1,0.49,0.02669,0.00605,-0.00568,6.29485,0.01175,8e-05,0.45303,0.0,0.73012,0.27073,-0.02312,-0.02162,-0.00709,-0.00324,-0.04029,-0.00525,-0.03482,-0.02593,-0.07072,-0.0035,0.12942,-0.01759,0.27717,-0.01342,-0.01614,-0.03857,0.0,17.25648,0
4708,2768.0,7561,2.78,0.47,0.02257,0.0369,-0.00976,6.29246,0.01441,0.00017,0.45309,0.0,0.66716,0.24509,-0.02105,-0.02,-0.00627,-0.00285,-0.03577,-0.00447,-0.03052,-0.02382,-0.06368,-0.00376,0.11703,-0.01658,0.25099,-0.01275,-0.01313,-0.03445,-0.00667,15.60389,0
4709,2770.9,8444,2.52,0.39,0.02058,0.02976,-0.01038,6.30445,0.01277,8e-05,0.45346,0.0,0.67247,0.2507,-0.02174,-0.02026,-0.00663,-0.00278,-0.03634,-0.00505,-0.03108,-0.02351,-0.06401,-0.00475,0.1184,-0.01686,0.25576,-0.01157,-0.01348,-0.03148,-0.02353,15.78725,0
4710,2774.2,7611,2.85,0.38,0.0232,0.02797,-0.00757,6.31526,0.01667,1e-05,0.45383,0.0,0.63541,0.23626,-0.02157,-0.01863,-0.00636,-0.00251,-0.03358,-0.00418,-0.02911,-0.02257,-0.06072,-0.00595,0.11181,-0.01567,0.24042,-0.01055,-0.01254,-0.05389,-0.01875,14.90865,0
4711,2777.6,7111,2.99,0.46,0.02469,0.03136,-0.0072,6.32546,0.0118,0.00011,0.45444,0.0,0.65251,0.23978,-0.02771,-0.01995,-0.00707,-0.00356,-0.03486,-0.0051,-0.03189,-0.02389,-0.06318,-0.00591,0.11531,-0.01531,0.24841,-0.01358,-0.01583,-0.05033,-0.03148,15.37454,0
4712,2781.1,7033,3.07,0.42,0.02489,0.02169,-0.00872,6.34511,0.01383,8e-05,0.45495,0.0,0.69059,0.25448,-0.02319,-0.01943,-0.00633,-0.00299,-0.03613,-0.0044,-0.03083,-0.02459,-0.06596,-0.00697,0.12214,-0.01508,0.26322,-0.0091,-0.01434,-0.08467,-0.03632,16.28511,0
4713,2784.6,7072,3.08,0.4,0.0259,0.00691,-0.00856,6.35299,0.01445,0.00017,0.45509,0.0,0.66785,0.24632,-0.02034,-0.01851,-0.00598,-0.00295,-0.03539,-0.00427,-0.03008,-0.02292,-0.06288,-0.0043,0.11598,-0.01333,0.25052,-0.01076,-0.01352,-0.04282,-0.01778,15.46422,0
4714,2788.1,7033,3.05,0.44,0.0261,0.00937,-0.00489,6.34954,0.01498,0.00011,0.45505,0.0,0.68777,0.25128,-0.04272,-0.02271,-0.00765,-0.00367,-0.0376,-0.00531,-0.03697,-0.02687,-0.0664,-0.00803,0.12122,-0.01895,0.25951,-0.01991,-0.02017,-0.03017,-0.02308,16.16231,0
4715,2791.6,6994,3.06,0.45,0.02648,0.00345,-0.00872,6.34228,0.01505,8e-05,0.45452,0.0,0.72436,0.26717,-0.02496,-0.02051,-0.00704,-0.00256,-0.03782,-0.00473,-0.03275,-0.02576,-0.068,-0.00447,0.12608,-0.01646,0.27203,-0.01205,-0.01419,-0.05131,-0.01111,16.81056,0
4716,2795.1,7108,3.06,0.4,0.02635,0.01344,-0.00781,6.3303,0.01421,0.00011,0.45442,0.0,0.65193,0.24091,-0.0179,-0.01831,-0.00577,-0.00303,-0.03494,-0.00416,-0.0295,-0.02237,-0.06202,-0.00513,0.11404,-0.01514,0.2456,-0.01161,-0.01173,-0.02832,-0.01429,15.205,0
4717,2798.6,6909,3.11,0.44,0.02624,0.0141,-0.00568,6.33461,0.01497,5e-05,0.45462,0.0,0.64617,0.24115,-0.02049,-0.01921,-0.00628,-0.00293,-0.0356,-0.00423,-0.03026,-0.02318,-0.06188,-0.00486,0.11435,-0.01466,0.24603,-0.01167,-0.01463,-0.03593,-0.01765,15.24706,0
4718,2802.1,7103,3.04,0.42,0.02465,0.04101,-0.00846,6.34053,0.01072,0.00017,0.4551,0.0,0.77968,0.28545,-0.02333,-0.0214,-0.00704,-0.00308,-0.04103,-0.00468,-0.03433,-0.02715,-0.07233,-0.00513,0.13644,-0.01678,0.29297,-0.01186,-0.01635,-0.07096,-0.01111,18.19222,0
4719,2805.0,8430,2.51,0.4,0.0206,0.0294,-0.01047,6.35781,0.0169,0.00011,0.45568,0.0,0.75599,0.27784,-0.01983,-0.01982,-0.00655,-0.00301,-0.03936,-0.00443,-0.03265,-0.02603,-0.07182,-0.00282,0.1324,-0.01515,0.2867,-0.01103,-0.01462,-0.06816,-0.00294,17.65392,0
4720,2808.2,7643,2.73,0.49,0.02152,0.03073,-0.00868,6.36924,0.01537,5e-05,0.4559,0.0,0.74858,0.27912,-0.0277,-0.02198,-0.00764,-0.00361,-0.04071,-0.00571,-0.036,-0.0271,-0.07334,-0.00618,0.13368,-0.01844,0.28671,-0.01523,-0.01779,-0.05588,-0.01944,17.82444,0
4721,2811.6,7346,2.96,0.39,0.0242,0.01597,-0.00774,6.37457,0.01604,1e-05,0.45607,0.0,0.82402,0.30481,-0.02494,-0.02285,-0.00753,-0.00327,-0.04355,-0.00524,-0.03718,-0.02908,-0.0782,-0.00359,0.14397,-0.01804,0.31154,-0.01278,-0.01628,-0.05821,-0.00852,19.19637,0
4722,2815.0,7072,3.03,0.45,0.02502,0.00716,-0.00772,6.37583,0.00808,0.00011,0.45605,0.0,0.72384,0.26721,-0.02408,-0.02138,-0.00686,-0.00336,-0.0392,-0.00535,-0.03453,-0.02606,-0.07009,-0.00476,0.12736,-0.01791,0.27367,-0.01448,-0.01565,-0.02541,-0.01667,16.98193,0
4723,2818.5,7124,3.06,0.39,0.02624,0.0048,-0.00713,6.37294,0.01305,8e-05,0.45588,0.0,0.7025,0.25941,-0.02064,-0.01979,-0.00606,-0.00327,-0.03765,-0.00466,-0.03232,-0.02493,-0.06649,-0.00284,0.12384,-0.01546,0.26735,-0.01221,-0.01462,-0.04569,0.0,16.51238,0
4724,2822.0,6973,3.07,0.46,0.02611,0.01617,-0.00603,6.36767,0.01642,3e-05,0.45573,0.0,0.75599,0.27752,-0.02334,-0.02157,-0.0073,-0.00374,-0.04138,-0.00502,-0.03613,-0.02654,-0.07251,-0.0041,0.13349,-0.01874,0.28633,-0.0144,-0.01653,-0.03525,-0.00211,17.79923,0
4725,2825.5,7015,3.08,0.42,0.02594,0.01368,-0.00703,6.36882,0.01292,8e-05,0.45596,0.0,0.71698,0.26194,-0.02318,-0.02011,-0.00644,-0.00396,-0.03878,-0.00487,-0.03327,-0.02511,-0.06771,-0.00565,0.12599,-0.01592,0.27145,-0.01187,-0.01695,-0.05478,-0.01863,16.79882,0
4726,2829.1,6782,3.1,0.52,0.02614,0.00693,-0.00784,6.3704,0.012,8e-05,0.45602,0.0,0.73725,0.27275,-0.02196,-0.01956,-0.00616,-0.00265,-0.03752,-0.00418,-0.03082,-0.02566,-0.06967,-0.00438,0.12919,-0.01609,0.2772,-0.01149,-0.0128,-0.07226,-0.0098,17.22559,0
4727,2832.7,6958,3.1,0.43,0.02658,0.00244,-0.00942,6.35838,0.01381,0.00011,0.45515,0.0,0.78134,0.2877,-0.02079,-0.02055,-0.00647,-0.00274,-0.04064,-0.0048,-0.03376,-0.02673,-0.07431,-0.00288,0.13749,-0.01499,0.29649,-0.01181,-0.01659,-0.07336,0.0,18.33205,0
4728,2836.2,7008,3.03,0.48,0.0265,0.00657,-0.00761,6.33043,0.01483,0.00011,0.45425,0.0,0.74549,0.27572,-0.02197,-0.02037,-0.00647,-0.00281,-0.03855,-0.00455,-0.03342,-0.02677,-0.07077,-0.00402,0.13032,-0.01636,0.28144,-0.01171,-0.01488,-0.05534,-0.00556,17.37648,0
4729,2839.4,7680,2.72,0.48,0.02162,0.03841,-0.01246,6.31819,0.01388,0.00011,0.45415,0.0,0.67913,0.25194,-0.02427,-0.02075,-0.00661,-0.00329,-0.0374,-0.00486,-0.03369,-0.02488,-0.06542,-0.00576,0.12033,-0.01519,0.25945,-0.01251,-0.01579,-0.02346,-0.01333,16.04422,0
4730,2842.3,8260,2.59,0.39,0.02109,0.03718,-0.01076,6.32309,0.01601,3e-05,0.45444,0.0,0.79427,0.29374,-0.02139,-0.02181,-0.00712,-0.00334,-0.04232,-0.00545,-0.03498,-0.02814,-0.07525,-0.0041,0.1391,-0.01742,0.2997,-0.01461,-0.0148,-0.04777,-0.00556,18.5463,0
4731,2845.7,7399,2.89,0.43,0.02267,0.02813,-0.00958,6.3341,0.01189,8e-05,0.45498,0.0,0.71812,0.2695,-0.0244,-0.02117,-0.00731,-0.00403,-0.03964,-0.00519,-0.03454,-0.02549,-0.06992,-0.00678,0.12743,-0.0176,0.27554,-0.01282,-0.01691,-0.03833,-0.03246,16.99079,0
4732,2849.2,7023,3.02,0.48,0.02434,0.02725,-0.00805,6.34767,0.01368,3e-05,0.45536,0.0,0.65192,0.24109,-0.02906,-0.01987,-0.00752,-0.00391,-0.03707,-0.00523,-0.03351,-0.02436,-0.06474,-0.00685,0.11707,-0.01772,0.25136,-0.01523,-0.01599,-0.03492,-0.02105,15.60991,0
4733,2852.6,7095,3.05,0.42,0.02508,0.01856,-0.00847,6.3552,0.01381,8e-05,0.45579,0.0,0.69418,0.259,-0.02904,-0.02031,-0.00735,-0.00387,-0.03863,-0.00507,-0.03296,-0.02493,-0.06745,-0.00687,0.12374,-0.01737,0.26593,-0.01336,-0.0159,-0.04907,-0.01852,16.49833,0
4734,2856.2,6948,3.05,0.48,0.02554,0.01063,-0.00743,6.36317,0.015,0.00026,0.45605,0.0,0.60935,0.22761,-0.02179,-0.0185,-0.00663,-0.00311,-0.03312,-0.00454,-0.02879,-0.02172,-0.05929,-0.00741,0.10823,-0.01476,0.23375,-0.01035,-0.01318,-0.03963,-0.0375,14.43125,0
4735,2859.7,7007,3.08,0.43,0.02612,0.01129,-0.00566,6.37025,0.01663,0.00011,0.45619,0.0,0.7773,0.28386,-0.02181,-0.02107,-0.00736,-0.0036,-0.03986,-0.005,-0.03459,-0.02695,-0.07236,-0.00548,0.13615,-0.01527,0.29482,-0.01054,-0.01595,-0.07458,-0.01071,18.15393,0
4736,2863.2,6977,3.07,0.45,0.02655,0.00802,-0.00623,6.37297,0.0141,0.00011,0.45633,0.0,0.73604,0.27562,-0.02083,-0.02019,-0.00705,-0.0037,-0.04152,-0.00477,-0.03367,-0.02548,-0.07129,-0.00278,0.13003,-0.01612,0.27946,-0.01361,-0.01506,-0.03745,0.0,17.33769,0
4737,2866.7,7124,3.04,0.41,0.02633,0.00246,-0.00844,6.36291,0.01524,0.00026,0.45543,0.0,0.70932,0.26453,-0.02454,-0.02155,-0.00681,-0.00352,-0.04046,-0.00566,-0.03504,-0.02614,-0.06899,-0.00642,0.12694,-0.01651,0.27249,-0.01208,-0.01697,-0.03964,-0.01875,16.92583,0
4738,2870.2,6938,3.13,0.41,0.02638,0.02037,-0.00629,6.3405,0.01445,0.00011,0.4552,0.0,0.75262,0.27874,-0.02423,-0.0207,-0.00678,-0.00368,-0.04014,-0.00555,-0.03471,-0.02688,-0.0722,-0.00486,0.13167,-0.01525,0.28308,-0.01255,-0.01647,-0.05101,-0.0125,17.55562,0
4739,2873.6,7228,2.99,0.41,0.02381,0.03531,-0.01092,6.34875,0.01454,0.00026,0.45575,0.0,0.64637,0.23964,-0.01815,-0.01711,-0.00558,-0.00251,-0.03425,-0.00374,-0.02904,-0.02255,-0.06185,-0.0026,0.11321,-0.01213,0.24437,-0.01076,-0.01326,-0.04023,-0.01786,15.09512,0
4740,2876.5,8496,2.5,0.39,0.02026,0.02914,-0.00573,6.36021,0.02092,1e-05,0.45588,0.0,0.7161,0.26278,-0.02249,-0.02042,-0.00692,-0.00291,-0.0373,-0.00463,-0.03195,-0.02526,-0.06818,-0.00509,0.12526,-0.0155,0.2713,-0.0125,-0.01494,-0.04397,-0.02,16.70083,0
4741,2879.7,7577,2.85,0.39,0.02245,0.01765,-0.00708,6.36083,0.01173,5e-05,0.45587,0.0,0.76499,0.28527,-0.02422,-0.02235,-0.00798,-0.0046,-0.04401,-0.00598,-0.03667,-0.02713,-0.07515,-0.00442,0.13654,-0.01879,0.29392,-0.01385,-0.01846,-0.0325,-0.0119,18.20578,0
4742,2883.2,7183,2.94,0.49,0.02459,0.02268,-0.00697,6.36192,0.01354,8e-05,0.45601,0.0,0.6943,0.26138,-0.02791,-0.02156,-0.00787,-0.00392,-0.03959,-0.0057,-0.03464,-0.02578,-0.06891,-0.00826,0.124,-0.01815,0.26595,-0.01292,-0.01586,-0.03524,-0.02105,16.53386,0
4743,2886.5,7288,2.97,0.41,0.02551,0.01274,-0.0074,6.36754,0.01222,0.00011,0.45619,0.0,0.68762,0.25792,-0.02468,-0.01977,-0.0067,-0.00338,-0.03821,-0.00498,-0.03383,-0.02468,-0.068,-0.00527,0.12222,-0.0162,0.26155,-0.01179,-0.01652,-0.04271,-0.01667,16.29667,0
4744,2890.0,7092,3.05,0.41,0.02569,0.00597,-0.00962,6.37036,0.01498,0.00017,0.45611,0.0,0.69164,0.25523,-0.02011,-0.01975,-0.00647,-0.00298,-0.03758,-0.00476,-0.0322,-0.02502,-0.06638,-0.00516,0.1218,-0.01475,0.26097,-0.01121,-0.0153,-0.05143,-0.01852,16.24037,0
4745,2893.4,7218,3.0,0.41,0.02634,0.00962,-0.00609,6.36448,0.0136,0.00017,0.45594,0.0,0.74972,0.27997,-0.02197,-0.02078,-0.00678,-0.00387,-0.04162,-0.00524,-0.03461,-0.0258,-0.07201,-0.00539,0.13243,-0.0155,0.28616,-0.01302,-0.01661,-0.03365,-0.01111,17.65667,0
4746,2896.8,7173,3.01,0.42,0.02608,0.01566,-0.00634,6.36523,0.01543,0.00017,0.45615,0.0,0.67356,0.25025,-0.02481,-0.02049,-0.00691,-0.00359,-0.03814,-0.00529,-0.03267,-0.02416,-0.06649,-0.00657,0.11872,-0.01632,0.25481,-0.01341,-0.01423,-0.01536,-0.025,15.8295,0
4747,2900.2,7209,2.99,0.42,0.0262,0.00946,-0.00503,6.37199,0.01836,2e-05,0.45636,0.0,0.68857,0.25553,-0.02202,-0.01915,-0.00624,-0.00431,-0.03867,-0.00563,-0.03366,-0.02499,-0.06734,-0.0062,0.12186,-0.01761,0.26309,-0.01043,-0.01585,-0.05556,-0.01765,16.24784,0
4748,2903.8,6971,3.08,0.44,0.02662,0.00349,-0.00828,6.37017,0.01183,0.00017,0.45596,0.0,0.68069,0.25444,-0.02343,-0.01968,-0.00686,-0.00455,-0.03919,-0.00566,-0.03359,-0.02408,-0.06801,-0.0046,0.12259,-0.0171,0.26019,-0.01246,-0.01728,-0.03042,0.0,16.34533,0
4749,2907.3,6855,3.12,0.47,0.02619,0.04499,-0.00992,6.36043,0.01468,0.00011,0.45606,0.0,0.78896,0.28842,-0.02374,-0.02125,-0.00706,-0.00289,-0.04131,-0.00524,-0.03499,-0.02799,-0.07515,-0.00393,0.13744,-0.01678,0.29792,-0.0122,-0.01464,-0.06278,-0.00317,18.32476,0
4750,2910.3,8301,2.59,0.37,0.01937,0.02971,-0.00847,6.36979,0.01234,8e-05,0.45653,0.0,0.64533,0.23749,-0.02255,-0.01784,-0.00612,-0.00365,-0.03523,-0.00461,-0.03066,-0.02313,-0.06287,-0.00728,0.11363,-0.01424,0.24669,-0.01104,-0.01453,-0.03455,-0.04,15.15,0
4751,2913.4,7977,2.67,0.41,0.02133,0.03277,-0.01033,6.37967,0.01545,3e-05,0.45692,0.0,0.67639,0.24835,-0.02496,-0.01989,-0.00658,-0.00371,-0.03795,-0.00526,-0.0343,-0.02559,-0.06626,-0.00465,0.12054,-0.01664,0.25961,-0.01246,-0.01943,-0.04261,0.0,16.072,0
4752,2916.8,7299,2.91,0.46,0.02404,0.01715,-0.00918,6.38812,0.0135,0.00017,0.45737,0.0,0.70549,0.26235,-0.02631,-0.02177,-0.00765,-0.00357,-0.04043,-0.00551,-0.03579,-0.02701,-0.06985,-0.00753,0.1259,-0.01788,0.27083,-0.01385,-0.01589,-0.02256,-0.01833,16.78725,0
4753,2920.2,7049,3.07,0.42,0.02472,0.01235,-0.0058,6.39965,0.0151,5e-05,0.4576,0.0,0.68991,0.25497,-0.02277,-0.01926,-0.00607,-0.00299,-0.036,-0.00451,-0.03053,-0.0244,-0.0666,-0.00718,0.12073,-0.01469,0.26105,-0.011,-0.01304,-0.05183,-0.03725,16.09765,0
4754,2923.8,6943,3.07,0.47,0.02615,0.01392,-0.00754,6.40352,0.01331,8e-05,0.45771,0.0,0.70611,0.26403,-0.02307,-0.01997,-0.00687,-0.00373,-0.03937,-0.0059,-0.03438,-0.02599,-0.06925,-0.00353,0.12603,-0.01677,0.2686,-0.01265,-0.01713,-0.03457,-0.00444,16.80344,0
4755,2927.3,7077,3.05,0.43,0.02603,0.01089,-0.00641,6.40572,0.01551,5e-05,0.45767,0.0,0.80778,0.29879,-0.0237,-0.02101,-0.00667,-0.00244,-0.04154,-0.00519,-0.03634,-0.03026,-0.07695,-0.00519,0.14014,-0.01638,0.30108,-0.01112,-0.01492,-0.08408,-0.01026,18.68564,0
4756,2930.8,6977,3.12,0.4,0.02634,0.01005,-0.00714,6.40256,0.01153,0.00017,0.45754,0.0,0.77254,0.28729,-0.01944,-0.0189,-0.00629,-0.00368,-0.04083,-0.00452,-0.03215,-0.02555,-0.07356,-0.0023,0.13468,-0.01484,0.29219,-0.01207,-0.01445,-0.06492,0.0,17.95795,0
4757,2934.2,7150,3.07,0.37,0.02616,0.00466,-0.00709,6.39412,0.01355,0.00011,0.45711,0.0,0.7162,0.26364,-0.02393,-0.02152,-0.0072,-0.00365,-0.04026,-0.00523,-0.03667,-0.02701,-0.07018,-0.00603,0.12689,-0.01756,0.27284,-0.01403,-0.01609,-0.02348,-0.01538,16.91808,0
4758,2937.8,6906,3.14,0.42,0.02573,0.01248,-0.00653,6.38089,0.01268,0.00011,0.45684,0.0,0.61342,0.22969,-0.0277,-0.01887,-0.00668,-0.00337,-0.03528,-0.00503,-0.03172,-0.02412,-0.06162,-0.0078,0.11025,-0.01584,0.23472,-0.01165,-0.01445,-0.03504,-0.03158,14.69947,0
4759,2941.3,7013,3.08,0.42,0.02669,0.00403,-0.0058,6.37424,0.01394,0.00017,0.45633,0.0,0.76908,0.28506,-0.02273,-0.0208,-0.00682,-0.00342,-0.04176,-0.00527,-0.03688,-0.02781,-0.0748,-0.00324,0.13416,-0.01722,0.28788,-0.01385,-0.01548,-0.02733,0.0,17.88861,0
4760,2944.6,7424,2.9,0.41,0.02323,0.03259,-0.01029,6.36128,0.01591,0.00026,0.45639,0.0,0.81912,0.2999,-0.02459,-0.02239,-0.00745,-0.00399,-0.04407,-0.00541,-0.0363,-0.0282,-0.07775,-0.0039,0.14265,-0.0167,0.30785,-0.01354,-0.01677,-0.05233,0.0,19.02039,0
4761,2947.6,8289,2.53,0.43,0.02041,0.02225,-0.00517,6.37496,0.02535,1e-05,0.45683,0.0,0.72011,0.2671,-0.02787,-0.02078,-0.00748,-0.00357,-0.03882,-0.00541,-0.03413,-0.02617,-0.07049,-0.00441,0.12708,-0.01691,0.27368,-0.01519,-0.01525,-0.04874,-0.01667,16.94444,0
4762,2951.0,7217,2.95,0.45,0.0232,0.01664,-0.00678,6.37854,0.01039,0.00011,0.45693,0.0,0.73919,0.2758,-0.02696,-0.0212,-0.00757,-0.00429,-0.04206,-0.0057,-0.03636,-0.02701,-0.07319,-0.00569,0.1319,-0.01717,0.28201,-0.01311,-0.01771,-0.0579,-0.00643,17.58686,0
4763,2954.4,7114,3.04,0.42,0.02478,0.01914,-0.00483,6.38217,0.01305,5e-05,0.45712,0.0,0.76965,0.28362,-0.02486,-0.02122,-0.00756,-0.00404,-0.04164,-0.00538,-0.03463,-0.02681,-0.07457,-0.00501,0.13545,-0.01724,0.29162,-0.01231,-0.01528,-0.06057,-0.01667,18.06,0
4764,2957.9,6998,3.02,0.49,0.02544,0.01266,-0.00691,6.38795,0.0123,0.00011,0.45735,0.0,0.65195,0.24198,-0.02144,-0.01884,-0.00688,-0.00304,-0.03553,-0.00479,-0.03044,-0.02335,-0.06331,-0.00611,0.11477,-0.01428,0.24607,-0.01122,-0.01344,-0.04609,-0.02632,15.30237,0
4765,2961.4,7124,3.04,0.41,0.02617,0.00468,-0.00825,6.38549,0.01519,0.00017,0.45713,0.0,0.74224,0.27616,-0.01924,-0.019,-0.00701,-0.00304,-0.03942,-0.00495,-0.03178,-0.02483,-0.07198,-0.00257,0.12894,-0.01487,0.27904,-0.0132,-0.01353,-0.03833,0.0,17.1924,0
4766,2964.8,7161,3.08,0.35,0.02619,0.00614,-0.00683,6.37071,0.01566,0.00011,0.45664,0.0,0.75874,0.27873,-0.02488,-0.02068,-0.00769,-0.00326,-0.04028,-0.00533,-0.03474,-0.02714,-0.07418,-0.00516,0.13324,-0.01739,0.2887,-0.01126,-0.01566,-0.06843,0.0,17.765,0
4767,2968.3,6941,3.09,0.45,0.02629,0.00861,-0.00777,6.3611,0.01539,0.00011,0.45641,0.0,0.80413,0.29699,-0.02694,-0.02199,-0.0078,-0.00455,-0.04381,-0.00633,-0.03689,-0.02901,-0.07818,-0.00426,0.14203,-0.01858,0.30779,-0.01276,-0.01658,-0.06005,0.0,18.93752,0
4768,2971.8,7057,3.06,0.42,0.02619,0.00804,-0.00701,6.35986,0.01157,0.00011,0.45631,0.0,0.72928,0.27015,-0.02263,-0.01933,-0.00687,-0.00306,-0.03866,-0.00497,-0.03284,-0.02613,-0.07021,-0.00357,0.12763,-0.01496,0.27508,-0.01149,-0.01423,-0.0601,-0.00417,17.01667,0
4769,2975.4,6963,3.11,0.42,0.02622,0.01416,-0.00667,6.35681,0.0157,8e-05,0.45623,0.0,0.69594,0.25802,-0.02335,-0.02022,-0.00684,-0.00364,-0.04017,-0.00506,-0.03559,-0.02583,-0.06964,-0.0047,0.12351,-0.01725,0.26673,-0.01182,-0.01755,-0.02787,-0.00667,16.46789,0
4770,2978.8,7123,3.02,0.43,0.02459,0.04892,-0.01087,6.3631,0.01324,0.00026,0.45687,0.0,0.70814,0.2652,-0.02409,-0.01989,-0.00694,-0.00353,-0.03825,-0.00524,-0.03409,-0.02616,-0.06912,-0.00499,0.12596,-0.01438,0.2721,-0.01117,-0.01733,-0.05535,-0.0125,16.79471,0
4771,2981.8,8304,2.55,0.41,0.0203,0.01933,-0.00925,6.37901,0.01431,0.00011,0.45719,0.0,0.66177,0.24471,-0.02089,-0.01957,-0.00646,-0.00351,-0.03731,-0.00481,-0.03241,-0.02446,-0.06495,-0.00372,0.11749,-0.01549,0.25328,-0.01257,-0.01534,-0.02176,-0.01111,15.665,0
4772,2984.9,7775,2.74,0.42,0.02186,0.02448,-0.0096,6.3849,0.01707,2e-05,0.45734,0.0,0.81511,0.30294,-0.02533,-0.02214,-0.00761,-0.00395,-0.04464,-0.00635,-0.0387,-0.03056,-0.07875,-0.0029,0.14439,-0.01628,0.31023,-0.01317,-0.01923,-0.05937,-0.00351,19.25228,0
4773,2988.3,7230,2.93,0.47,0.02323,0.01933,-0.00691,6.38815,0.01011,0.00011,0.45754,0.0,0.69328,0.26344,-0.04551,-0.02364,-0.00972,-0.00462,-0.04165,-0.00639,-0.03784,-0.02701,-0.07208,-0.00831,0.12719,-0.01959,0.2704,-0.01933,-0.01901,-0.03892,-0.03056,16.95889,0
4774,2991.8,7178,3.01,0.41,0.02441,0.04018,-0.00544,6.39553,0.02203,1e-05,0.45775,0.0,0.67193,0.24991,-0.02294,-0.01905,-0.00658,-0.00288,-0.03594,-0.00461,-0.03075,-0.02448,-0.06484,-0.00443,0.11795,-0.01431,0.25479,-0.01091,-0.01329,-0.04749,-0.01429,15.7273,0
4775,2995.2,7185,3.01,0.41,0.02497,0.0069,-0.00799,6.39921,0.00897,0.00011,0.4578,0.0,0.64515,0.23705,-0.02393,-0.01867,-0.00637,-0.0039,-0.03491,-0.00535,-0.03111,-0.024,-0.0626,-0.00608,0.11404,-0.0145,0.24597,-0.01032,-0.01477,-0.06267,-0.01863,15.20569,0
4776,2998.7,6916,3.09,0.47,0.02605,0.00616,-0.00626,6.39565,0.01394,0.00011,0.45748,0.0,0.69721,0.25895,-0.03056,-0.02201,-0.00828,-0.00512,-0.04013,-0.00577,-0.03475,-0.02547,-0.06996,-0.00571,0.12592,-0.01876,0.26908,-0.01509,-0.01598,-0.03752,0.0,16.78949,0
4777,3002.3,6858,3.1,0.48,0.02645,0.00163,-0.01096,6.37354,0.01354,0.00026,0.45583,0.0,0.72855,0.27102,-0.0266,-0.02152,-0.00754,-0.00341,-0.04078,-0.00485,-0.03543,-0.02671,-0.07178,-0.00443,0.12927,-0.01788,0.27771,-0.01268,-0.01557,-0.04034,0.0,17.23667,0
4778,3005.8,7077,3.06,0.41,0.02647,0.00409,-0.00891,6.32495,0.01623,0.00011,0.4546,0.0,0.77829,0.29339,-0.01975,-0.01962,-0.00696,-0.00338,-0.04086,-0.00452,-0.03194,-0.02634,-0.07438,-0.00243,0.13629,-0.01374,0.29572,-0.01212,-0.01302,-0.06557,0.0,18.17146,0
4779,3009.2,7194,3.07,0.35,0.02654,0.01268,-0.00833,6.30781,0.01276,0.00011,0.45445,0.0,0.7356,0.27172,-0.02362,-0.02001,-0.00653,-0.00361,-0.03954,-0.00514,-0.03138,-0.02522,-0.07134,-0.00273,0.12893,-0.01566,0.27746,-0.01246,-0.01365,-0.05593,0.0,17.19073,0
4780,3012.7,6932,3.09,0.45,0.0262,0.01089,-0.0075,6.30644,0.01443,0.00026,0.45426,0.0,0.72319,0.26635,-0.02581,-0.01968,-0.00678,-0.00492,-0.03998,-0.00579,-0.03373,-0.02539,-0.07011,-0.00556,0.12813,-0.01447,0.27604,-0.01223,-0.0159,-0.05724,-0.01481,17.08352,0
4781,3015.9,7714,2.78,0.4,0.02119,0.05322,-0.01038,6.30073,0.0157,0.00017,0.45418,0.0,0.67871,0.25285,-0.02348,-0.01946,-0.00642,-0.00334,-0.03737,-0.00438,-0.03126,-0.02389,-0.06615,-0.0058,0.11956,-0.01443,0.25687,-0.01283,-0.01349,-0.03649,-0.01765,15.94108,0
4782,3018.9,8156,2.58,0.44,0.01975,0.0192,-0.00965,6.30582,0.01478,0.00011,0.45441,0.0,0.69449,0.25681,-0.02268,-0.02076,-0.0068,-0.00384,-0.03896,-0.00481,-0.03329,-0.02508,-0.06861,-0.00381,0.12349,-0.01659,0.26628,-0.01316,-0.01507,-0.03573,-0.00556,16.46516,0
4783,3022.3,7259,2.96,0.43,0.02302,0.03472,-0.00819,6.3115,0.01932,1e-05,0.45465,0.0,0.63649,0.23857,-0.02506,-0.01911,-0.00685,-0.00431,-0.03619,-0.00526,-0.03177,-0.02404,-0.06258,-0.00584,0.11395,-0.01466,0.24546,-0.01323,-0.01374,-0.02918,-0.015,15.19288,0
4784,3025.8,7171,3.02,0.41,0.02386,0.02901,-0.00767,6.31717,0.0116,0.00011,0.455,0.0,0.62531,0.23324,-0.02403,-0.02013,-0.00703,-0.00414,-0.03571,-0.00542,-0.03057,-0.02274,-0.06209,-0.00722,0.11162,-0.01642,0.23852,-0.01194,-0.01376,-0.03014,-0.03185,14.88311,0
4785,3029.3,6946,3.04,0.5,0.0256,0.01306,-0.00956,6.33217,0.01488,0.00011,0.45554,0.0,0.68527,0.25471,-0.0216,-0.01899,-0.00671,-0.0042,-0.03784,-0.00481,-0.03095,-0.0238,-0.06649,-0.00352,0.1219,-0.01518,0.26242,-0.01112,-0.01438,-0.04749,-0.00588,16.25353,0
4786,3032.8,7120,3.05,0.4,0.02524,0.02237,-0.00692,6.34158,0.01311,5e-05,0.45583,0.0,0.68364,0.25645,-0.03226,-0.02183,-0.00825,-0.00528,-0.04082,-0.00624,-0.03661,-0.02635,-0.06897,-0.00659,0.12296,-0.01834,0.26238,-0.01432,-0.0175,-0.02004,-0.02222,16.395,0
4787,3036.2,7155,3.09,0.35,0.02545,0.00333,-0.01026,6.33928,0.01344,0.00026,0.4551,0.0,0.70557,0.26145,-0.0274,-0.0199,-0.00724,-0.00456,-0.03903,-0.00535,-0.03246,-0.02535,-0.06906,-0.00629,0.12354,-0.01478,0.26664,-0.01208,-0.01477,-0.05276,-0.02647,16.47147,0
4788,3039.7,6936,3.12,0.43,0.0265,0.0088,-0.0058,6.31382,0.01813,2e-05,0.45468,0.0,0.82981,0.3054,-0.02629,-0.02207,-0.00758,-0.00346,-0.04232,-0.00498,-0.03652,-0.03064,-0.07902,-0.00393,0.14546,-0.01618,0.31389,-0.01228,-0.01593,-0.08565,0.0,19.39412,0
4789,3043.2,7126,3.03,0.42,0.0264,0.00558,-0.00788,6.30955,0.0103,0.00011,0.45445,0.0,0.79396,0.29557,-0.02423,-0.02195,-0.00735,-0.00448,-0.04223,-0.00553,-0.03479,-0.02769,-0.07593,-0.00334,0.13965,-0.01703,0.3008,-0.01231,-0.01589,-0.06768,0.0,18.62,0
4790,3046.7,6941,3.08,0.46,0.02634,0.01196,-0.00897,6.29802,0.01386,0.00011,0.45422,0.0,0.76742,0.28742,-0.02247,-0.02069,-0.00788,-0.00393,-0.0423,-0.00519,-0.03444,-0.02686,-0.07545,-0.00376,0.1355,-0.01635,0.29344,-0.01168,-0.01482,-0.06476,-0.01176,18.06686,0
4791,3050.2,7111,3.04,0.41,0.02386,0.06223,-0.00999,6.29699,0.01476,8e-05,0.45432,0.0,0.71011,0.26497,-0.02021,-0.01872,-0.00596,-0.00326,-0.03691,-0.00446,-0.03134,-0.02552,-0.0678,-0.00429,0.1232,-0.01318,0.26753,-0.00967,-0.01405,-0.06206,-0.01111,16.42611,0
4792,3053.1,8341,2.55,0.4,0.01928,0.03888,-0.00869,6.30401,0.01469,3e-05,0.45456,0.0,0.68428,0.2573,-0.04015,-0.02097,-0.00832,-0.00483,-0.0384,-0.00605,-0.03319,-0.02497,-0.06715,-0.0087,0.12151,-0.01705,0.26019,-0.01758,-0.01526,-0.04576,-0.02778,16.20083,0
4793,3056.3,7675,2.8,0.4,0.02155,0.01383,-0.01004,6.31005,0.01386,3e-05,0.4547,0.0,0.72942,0.27265,-0.02269,-0.02049,-0.00786,-0.00378,-0.0388,-0.00471,-0.03155,-0.02498,-0.07056,-0.00379,0.12836,-0.01628,0.27691,-0.01245,-0.01381,-0.06074,-0.03368,17.11521,0
4794,3059.7,7335,2.97,0.38,0.02477,0.01597,-0.0073,6.31251,0.01256,5e-05,0.45481,0.0,0.74606,0.27706,-0.02372,-0.02117,-0.00692,-0.00397,-0.04047,-0.0049,-0.03471,-0.02736,-0.07243,-0.00277,0.13112,-0.01596,0.28374,-0.01367,-0.01478,-0.03794,-0.00625,17.48292,0
4795,3063.1,7112,3.01,0.45,0.02568,0.01759,-0.00667,6.31586,0.01505,2e-05,0.45491,0.0,0.78298,0.29531,-0.02773,-0.02253,-0.00784,-0.00421,-0.04318,-0.00619,-0.03876,-0.02963,-0.07773,-0.00719,0.13911,-0.01716,0.29872,-0.01452,-0.01779,-0.05221,-0.01333,18.548,0
4796,3066.6,7094,3.04,0.42,0.02532,0.00621,-0.00752,6.31788,0.00981,0.00011,0.45484,0.0,0.6095,0.23092,-0.0274,-0.01914,-0.00757,-0.00478,-0.03551,-0.00527,-0.02967,-0.02213,-0.06068,-0.00976,0.10961,-0.01704,0.23261,-0.01259,-0.01351,-0.03549,-0.03519,14.61509,0
4797,3070.1,6980,3.09,0.43,0.02599,0.0197,-0.0061,6.3151,0.01469,8e-05,0.45485,0.0,0.65379,0.24529,-0.02173,-0.01922,-0.00673,-0.00391,-0.03614,-0.00444,-0.03044,-0.02383,-0.06368,-0.00392,0.11656,-0.01474,0.2496,-0.0116,-0.01427,-0.04525,-0.01111,15.54083,0
4798,3073.6,7096,3.06,0.41,0.0258,0.00859,-0.00588,6.32101,0.01509,5e-05,0.45516,0.0,0.75618,0.2796,-0.05053,-0.02274,-0.01024,-0.00593,-0.0429,-0.00701,-0.03929,-0.02854,-0.07519,-0.00738,0.1351,-0.01995,0.28929,-0.02195,-0.02224,-0.05365,-0.03111,18.01333,0
4799,3077.0,7204,3.05,0.37,0.02629,0.00567,-0.00733,6.31842,0.01005,0.00017,0.45461,0.0,0.70228,0.26112,-0.02835,-0.01979,-0.00778,-0.00382,-0.03651,-0.00463,-0.03202,-0.02528,-0.06804,-0.00589,0.12312,-0.01597,0.26518,-0.01086,-0.01369,-0.05981,-0.01429,16.41595,0
