t,l_hip_yaw_q,l_hip_yaw_dq,l_hip_yaw_tau,l_hip_roll_q,l_hip_roll_dq,l_hip_roll_tau,l_hip_pitch_q,l_hip_pitch_dq,l_hip_pitch_tau,l_knee_q,l_knee_dq,l_knee_tau,l_ankle_pitch_q,l_ankle_pitch_dq,l_ankle_pitch_tau,l_ankle_roll_q,l_ankle_roll_dq,l_ankle_roll_tau,r_hip_yaw_q,r_hip_yaw_dq,r_hip_yaw_tau,r_hip_roll_q,r_hip_roll_dq,r_hip_roll_tau,r_hip_pitch_q,r_hip_pitch_dq,r_hip_pitch_tau,r_knee_q,r_knee_dq,r_knee_tau,r_ankle_pitch_q,r_ankle_pitch_dq,r_ankle_pitch_tau,r_ankle_roll_q,r_ankle_roll_dq,r_ankle_roll_tau,l_ankle_motorA_tau,l_ankle_motorB_tau,l_ankle_motorA_w,l_ankle_motorB_w,com_ref_x,com_ref_y,zmp_ref_x,zmp_ref_y,contact_l,contact_r
0,-0,0,-0.0171035,0,-7.94801e-05,0.459378,-0.552046,-0.00466892,-0.904806,1.0064,-0.000910408,-14.632,-0.454349,0.00557933,-1.66982,0,7.94801e-05,-0.00903436,-0,0,0.0107714,0,-7.94801e-05,-0.688391,-0.552046,-0.00466892,-0.863559,1.0064,-0.000910408,-15.0597,-0.454349,0.00557933,-1.67334,0,7.94801e-05,-0.00903436,-0.841264,-0.828559,0.00563585,0.00552281,0,0,0,0,True,True
0.005,-0,0,-0.01953,-3.974e-07,-0.00029884,0.367716,-0.55207,-0.00245907,-0.918231,1.00639,-0.000479512,-14.4538,-0.454321,0.00293859,-1.65693,3.974e-07,0.00029884,-0.0162682,-0,0,0.00811773,-3.974e-07,-0.00029884,-0.780053,-0.55207,-0.00245907,-0.843957,1.00639,-0.000479512,-15.2239,-0.454321,0.00293859,-1.66327,3.974e-07,0.00029884,-0.0162682,-0.839906,-0.817028,0.00315109,0.00272608,-1.05724e-07,1.64102e-07,0,0,True,True
0.01,-0,0,-0.0167074,-2.9884e-06,-0.00086947,0.225511,-0.552071,-0.000285239,-0.759936,1.00639,-5.56543e-05,-13.7445,-0.45432,0.000340893,-0.893035,2.9884e-06,0.00086947,-0.0274991,-0,0,-0.00258554,-2.9884e-06,-0.00086947,-0.922244,-0.552071,-0.000285239,-0.634466,1.00639,-5.56543e-05,-15.0459,-0.45432,0.000340893,-0.903753,2.9884e-06,0.00086947,-0.0274991,-0.465853,-0.427182,0.000959182,-0.000277397,-6.72033e-07,1.23393e-06,0,0,True,True
0.015,-0,0,-0.0128152,-9.0921e-06,-0.00163414,0.152906,-0.552073,-0.000220012,-0.612311,1.00639,-4.29886e-05,-13.2212,-0.454318,0.000263001,-0.226377,9.0921e-06,0.00163414,-0.0332538,-0,0,-0.0105115,-9.0921e-06,-0.00163414,-0.994809,-0.552073,-0.000220012,-0.460728,1.00639,-4.29886e-05,-14.794,-0.454318,0.000263001,-0.239336,9.0921e-06,0.00163414,-0.0332538,-0.13657,-0.0898066,0.00142506,-0.000899061,-1.40862e-06,3.75372e-06,0,0,True,True
0.02,-0,0,-0.0148342,-1.93298e-05,-0.00248404,0.124466,-0.552073,7.99296e-05,-0.650396,1.00639,1.53781e-05,-13.2476,-0.454317,-9.53078e-05,-0.362788,1.93298e-05,0.00248404,-0.0355417,-0,0,-0.0100995,-1.93298e-05,-0.00248404,-1.02318,-0.552073,7.99296e-05,-0.488701,1.00639,1.53781e-05,-14.927,-0.454317,-9.53078e-05,-0.37664,1.93298e-05,0.00248404,-0.0355417,-0.206385,-0.156402,0.00167111,-0.00186175,-1.68082e-06,7.97971e-06,0,0,True,True
0.025,-0,0,-0.0157131,-3.39325e-05,-0.00335951,0.119777,-0.552072,0.000530448,-0.670846,1.00639,0.000102982,-13.2861,-0.454319,-0.00063343,-0.444264,3.39325e-05,0.00335951,-0.0359744,-0,0,-0.00952677,-3.39325e-05,-0.00335951,-1.02777,-0.552072,0.000530448,-0.507667,1.00639,0.000102982,-14.9836,-0.454319,-0.00063343,-0.458286,3.39325e-05,0.00335951,-0.0359744,-0.247429,-0.196835,0.00175553,-0.00302245,-1.04195e-06,1.40071e-05,0,0,True,True
0.03,-0,0,-0.0159127,-5.2925e-05,-0.00423,0.126915,-0.552068,0.00106038,-0.679382,1.00639,0.000205882,-13.323,-0.454323,-0.00126626,-0.485387,5.2925e-05,0.00423,-0.0354932,-0,0,-0.00899134,-5.2925e-05,-0.00423,-1.02052,-0.552068,0.00106038,-0.519046,1.00639,0.000205882,-14.9946,-0.454323,-0.00126626,-0.499223,5.2925e-05,0.00423,-0.0354932,-0.267654,-0.217733,0.00174168,-0.00427432,7.51197e-07,2.18461e-05,0,0,True,True
0.035,-0,0,-0.0157649,-7.62325e-05,-0.00508153,0.139182,-0.552061,0.00162725,-0.681214,1.00639,0.000315728,-13.3554,-0.454331,-0.00194297,-0.502605,7.62325e-05,0.00508153,-0.0346262,-0,0,-0.00853116,-7.62325e-05,-0.00508153,-1.00812,-0.552061,0.00162725,-0.525628,1.00639,0.000315728,-14.9822,-0.454331,-0.00194297,-0.516103,7.62325e-05,0.00508153,-0.0346262,-0.275656,-0.22695,0.00167046,-0.0055566,3.81892e-06,3.14658e-05,0,0,True,True
0.04,-0,0,-0.0154595,-0.00010374,-0.00590922,0.153006,-0.552052,0.00220652,-0.679469,1.00639,0.000427679,-13.3827,-0.454343,-0.00263419,-0.506142,0.00010374,0.00590922,-0.033655,-0,0,-0.00815346,-0.00010374,-0.00590922,-0.994145,-0.552052,0.00220652,-0.529249,1.00639,0.000427679,-14.959,-0.454343,-0.00263419,-0.519261,0.00010374,0.00590922,-0.033655,-0.276744,-0.229398,0.00156777,-0.00683646,8.20956e-06,4.28188e-05,0,0,True,True
0.045,-0,0,-0.0151005,-0.000135325,-0.00671278,0.166625,-0.552039,0.00278465,-0.675977,1.0064,0.000539038,-13.4052,-0.454358,-0.00332369,-0.502221,0.000135325,0.00671278,-0.032718,-0,0,-0.00785121,-0.000135325,-0.00671278,-0.980364,-0.552039,0.00278465,-0.531099,1.0064,0.000539038,-14.932,-0.454358,-0.00332369,-0.514972,0.000135325,0.00671278,-0.032718,-0.274127,-0.228094,0.00144962,-0.00809745,1.39308e-05,5.58542e-05,0,0,True,True
0.05,-0,0,-0.0147417,-0.000170868,-0.00749404,0.179282,-0.552024,0.00335473,-0.671775,1.0064,0.000648405,-13.4237,-0.454376,-0.00400313,-0.494556,0.000170868,0.00749404,-0.0318744,-0,0,-0.0076121,-0.000170868,-0.00749404,-0.967531,-0.552024,0.00335473,-0.531937,1.0064,0.000648405,-14.9048,-0.454376,-0.00400313,-0.506975,0.000170868,0.00749404,-0.0318744,-0.269705,-0.224852,0.00132564,-0.00933254,2.09689e-05,7.05232e-05,0,0,True,True
0.055,-0,0,-0.0144078,-0.000210265,-0.00825558,0.190764,-0.552006,0.00391368,-0.667419,1.0064,0.000755135,-13.439,-0.454398,-0.00466882,-0.485289,0.000210265,0.00825558,-0.0311407,-0,0,-0.0074229,-0.000210265,-0.00825558,-0.955862,-0.552006,0.00391368,-0.532243,1.0064,0.000755135,-14.8789,-0.454398,-0.00466882,-0.497417,0.000210265,0.00825558,-0.0311407,-0.264558,-0.220731,0.00120139,-0.0105399,2.92997e-05,8.67825e-05,0,0,True,True
0.06,-0,0,-0.0141075,-0.000253424,-0.00900004,0.201129,-0.551985,0.00446062,-0.66318,1.00641,0.00085901,-13.4519,-0.454423,-0.00531963,-0.475589,0.000253424,0.00900004,-0.0305117,-0,0,-0.00727155,-0.000253424,-0.00900004,-0.945298,-0.551985,0.00446062,-0.532307,1.00641,0.00085901,-14.855,-0.454423,-0.00531963,-0.487466,0.000253424,0.00900004,-0.0305117,-0.259269,-0.21632,0.00107984,-0.0117202,3.88951e-05,0.000104594,0,0,True,True
0.065,-0,0,-0.0138412,-0.000300266,-0.00972976,0.21055,-0.551961,0.00499574,-0.659169,1.00641,0.000960031,-13.4631,-0.454451,-0.00595577,-0.466047,0.000300266,0.00972976,-0.0299735,-0,0,-0.007148,-0.000300266,-0.00972976,-0.935666,-0.551961,0.00499574,-0.532301,1.00641,0.000960031,-14.8331,-0.454451,-0.00595577,-0.477708,0.000300266,0.00972976,-0.0299735,-0.254123,-0.211924,0.000962444,-0.0128754,4.97269e-05,0.000123926,0,0,True,True
0.07,-0,0,-0.0136054,-0.000350722,-0.0104467,0.219227,-0.551935,0.0055198,-0.655413,1.00642,0.0010583,-13.4732,-0.454482,-0.00657811,-0.456924,0.000350722,0.0104467,-0.0295101,-0,0,-0.00704445,-0.000350722,-0.0104467,-0.926769,-0.551935,0.0055198,-0.532322,1.00642,0.0010583,-14.8129,-0.454482,-0.00657811,-0.468396,0.000350722,0.0104467,-0.0295101,-0.249239,-0.207685,0.000849748,-0.0140078,6.17679e-05,0.000144748,0,0,True,True
0.075,-0,0,-0.0133958,-0.000404732,-0.0111524,0.227345,-0.551906,0.00603374,-0.651895,1.00642,0.00115397,-13.4824,-0.454517,-0.0071877,-0.448299,0.000404732,0.0111524,-0.0291067,-0,0,-0.00695509,-0.000404732,-0.0111524,-0.918422,-0.551906,0.00603374,-0.53242,1.00642,0.00115397,-14.7942,-0.454517,-0.0071877,-0.459605,0.000404732,0.0111524,-0.0291067,-0.244647,-0.203652,0.000741788,-0.0151194,7.49932e-05,0.000167038,0,0,True,True
0.08,-0,0,-0.0132079,-0.000462246,-0.0118482,0.235057,-0.551874,0.00653848,-0.648584,1.00643,0.00124718,-13.4911,-0.454554,-0.00778566,-0.440158,0.000462246,0.0118482,-0.028751,-0,0,-0.00687581,-0.000462246,-0.0118482,-0.910472,-0.551874,0.00653848,-0.532617,1.00643,0.00124718,-14.7766,-0.454554,-0.00778566,-0.451315,0.000462246,0.0118482,-0.028751,-0.24033,-0.199828,0.000638349,-0.0162124,8.93797e-05,0.000190773,0,0,True,True
0.085,-0,0,-0.0130377,-0.000523214,-0.0125349,0.242482,-0.55184,0.00703492,-0.645446,1.00643,0.00133806,-13.4994,-0.454595,-0.00837299,-0.432447,0.000523214,0.0125349,-0.0284333,-0,0,-0.00680381,-0.000523214,-0.0125349,-0.902802,-0.55184,0.00703492,-0.532921,1.00643,0.00133806,-14.76,-0.454595,-0.00837299,-0.44347,0.000523214,0.0125349,-0.0284333,-0.236255,-0.196192,0.000539108,-0.0172883,0.000104907,0.000215934,0,0,True,True
0.09,-0,0,-0.0128823,-0.000587595,-0.0132134,0.249708,-0.551804,0.00752383,-0.642447,1.00644,0.00142675,-13.5076,-0.454638,-0.00895058,-0.4251,0.000587595,0.0132134,-0.0281466,-0,0,-0.00673726,-0.000587595,-0.0132134,-0.895324,-0.551804,0.00752383,-0.533329,1.00644,0.00142675,-14.744,-0.454638,-0.00895058,-0.435999,0.000587595,0.0132134,-0.0281466,-0.232384,-0.192716,0.000443713,-0.0183487,0.000121555,0.000242503,0,0,True,True
0.095,-0,0,-0.0127393,-0.000655348,-0.0138843,0.256797,-0.551765,0.0080059,-0.639563,1.00645,0.00151333,-13.5156,-0.454684,-0.00951923,-0.418053,0.000655348,0.0138843,-0.027886,-0,0,-0.00667504,-0.000655348,-0.0138843,-0.88798,-0.551765,0.0080059,-0.533837,1.00645,0.00151333,-14.7286,-0.454684,-0.00951923,-0.428839,0.000655348,0.0138843,-0.027886,-0.228681,-0.189371,0.000351835,-0.0193948,0.000139308,0.000270463,0,0,True,True
0.1,-0,0,-0.0126071,-0.000726438,-0.0145482,0.263788,-0.551724,0.00848171,-0.636772,1.00646,0.00159788,-13.5235,-0.454733,-0.0100796,-0.411253,0.000726438,0.0145482,-0.0276482,-0,0,-0.00661651,-0.000726438,-0.0145482,-0.880729,-0.551724,0.00848171,-0.534436,1.00646,0.00159788,-14.7136,-0.454733,-0.0100796,-0.421933,0.000726438,0.0145482,-0.0276482,-0.225119,-0.186134,0.000263176,-0.0204276,0.000158149,0.0002998,0,0,True,True
0.105,-0,0,-0.0124845,-0.00080083,-0.0152055,0.270705,-0.55168,0.00895179,-0.634061,1.00647,0.00168048,-13.5314,-0.454785,-0.0106323,-0.404661,0.00080083,0.0152055,-0.027431,-0,0,-0.00656132,-0.00080083,-0.0152055,-0.873548,-0.55168,0.00895179,-0.535122,1.00647,0.00168048,-14.699,-0.454785,-0.0106323,-0.415242,0.00080083,0.0152055,-0.027431,-0.221674,-0.182987,0.00017748,-0.0214481,0.000178064,0.0003305,0,0,True,True
0.11,-0,0,-0.0123711,-0.000878493,-0.0158566,0.277563,-0.551634,0.00941662,-0.631421,1.00647,0.0017612,-13.5392,-0.454839,-0.0111778,-0.398253,0.000878493,0.0158566,-0.0272334,-0,0,-0.00650933,-0.000878493,-0.0158566,-0.866425,-0.551634,0.00941662,-0.535889,1.00647,0.0017612,-14.6847,-0.454839,-0.0111778,-0.408742,0.000878493,0.0158566,-0.0272334,-0.218336,-0.179917,9.45178e-05,-0.022457,0.000199039,0.000362549,0,0,True,True
0.115,-0,0,-0.0122666,-0.000959396,-0.0165019,0.284363,-0.551586,0.00987663,-0.628851,1.00648,0.00184007,-13.5469,-0.454897,-0.0117167,-0.392024,0.000959396,0.0165019,-0.027055,-0,0,-0.00646049,-0.000959396,-0.0165019,-0.859358,-0.551586,0.00987663,-0.536736,1.00648,0.00184007,-14.6708,-0.454897,-0.0117167,-0.402428,0.000959396,0.0165019,-0.027055,-0.215101,-0.176924,1.40789e-05,-0.0234553,0.000221061,0.000395935,0,0,True,True
0.12,-0,0,-0.0121713,-0.00104351,-0.017142,0.291101,-0.551536,0.0103323,-0.626356,1.00649,0.00191718,-13.5546,-0.454957,-0.0122495,-0.385987,0.00104351,0.017142,-0.0268961,-0,0,-0.00641484,-0.00104351,-0.017142,-0.852352,-0.551536,0.0103323,-0.537665,1.00649,0.00191718,-14.6571,-0.454957,-0.0122495,-0.396312,0.00104351,0.017142,-0.0268961,-0.211975,-0.174012,-6.40538e-05,-0.0244437,0.000244119,0.000430647,0,0,True,True
0.125,-0,0,-0.0120855,-0.00113082,-0.0177771,0.297767,-0.551483,0.0107841,-0.623938,1.0065,0.00199257,-13.5622,-0.455019,-0.0127766,-0.38015,0.00113082,0.0177771,-0.0267575,-0,0,-0.00637257,-0.00113082,-0.0177771,-0.845418,-0.551483,0.0107841,-0.538676,1.0065,0.00199257,-14.6438,-0.455019,-0.0127766,-0.390404,0.00113082,0.0177771,-0.0267575,-0.208964,-0.171186,-0.000140115,-0.0254231,0.000268203,0.000466674,0,0,True,True
0.13,-0,0,-0.012009,-0.00122128,-0.0184078,0.304358,-0.551428,0.0112325,-0.621592,1.00651,0.0020663,-13.5698,-0.455084,-0.0132988,-0.37449,0.00122128,0.0184078,-0.0266391,-0,0,-0.00633395,-0.00122128,-0.0184078,-0.838558,-0.551428,0.0112325,-0.539761,1.00651,0.0020663,-14.6309,-0.455084,-0.0132988,-0.38468,0.00122128,0.0184078,-0.0266391,-0.206055,-0.168435,-0.000214328,-0.0263944,0.000293302,0.000504006,0,0,True,True
0.135,-0,0,-0.011941,-0.00131489,-0.0190346,0.310884,-0.551371,0.0116779,-0.619302,1.00652,0.00213844,-13.5772,-0.455152,-0.0138163,-0.368942,0.00131489,0.0190346,-0.0265402,-0,0,-0.00629923,-0.00131489,-0.0190346,-0.831764,-0.551371,0.0116779,-0.540906,1.00652,0.00213844,-14.6183,-0.455152,-0.0138163,-0.379075,0.00131489,0.0190346,-0.0265402,-0.203216,-0.165725,-0.000286836,-0.0273582,0.000319409,0.000542635,0,0,True,True
0.14,-0,0,-0.0118805,-0.00141163,-0.0196577,0.317355,-0.551311,0.0121206,-0.617051,1.00653,0.002209,-13.5844,-0.455222,-0.0143296,-0.363445,0.00141163,0.0196577,-0.0264599,-0,0,-0.0062686,-0.00141163,-0.0196577,-0.825025,-0.551311,0.0121206,-0.542098,1.00653,0.002209,-14.6059,-0.455222,-0.0143296,-0.373527,0.00141163,0.0196577,-0.0264599,-0.200416,-0.163028,-0.000357672,-0.0283153,0.000346515,0.000582553,0,0,True,True
0.145,-0,0,-0.0118271,-0.00151147,-0.0202777,0.323775,-0.551249,0.0125609,-0.614832,1.00654,0.002278,-13.5916,-0.455295,-0.0148389,-0.357969,0.00151147,0.0202777,-0.0263979,-0,0,-0.0062422,-0.00151147,-0.0202777,-0.81834,-0.551249,0.0125609,-0.543328,1.00654,0.002278,-14.5937,-0.455295,-0.0148389,-0.368007,0.00151147,0.0202777,-0.0263979,-0.197639,-0.160329,-0.000426797,-0.0292662,0.000374615,0.000623753,0,0,True,True
0.15,-0,0,-0.0117809,-0.00161441,-0.0208949,0.330141,-0.551185,0.0129989,-0.612644,1.00656,0.00234545,-13.5986,-0.455371,-0.0153443,-0.352512,0.00161441,0.0208949,-0.0263542,-0,0,-0.00622007,-0.00161441,-0.0208949,-0.81171,-0.551185,0.0129989,-0.544596,1.00656,0.00234545,-14.5817,-0.455371,-0.0153443,-0.362513,0.00161441,0.0208949,-0.0263542,-0.194885,-0.157627,-0.000494153,-0.0302113,0.0004037,0.000666228,0,0,True,True
0.155,-0,0,-0.011742,-0.00172042,-0.0215096,0.336452,-0.551119,0.0134349,-0.610491,1.00657,0.00241135,-13.6055,-0.455449,-0.0158462,-0.347086,0.00172042,0.0215096,-0.0263291,-0,0,-0.00620217,-0.00172042,-0.0215096,-0.805137,-0.551119,0.0134349,-0.545903,1.00657,0.00241135,-14.57,-0.455449,-0.0158462,-0.357055,0.00172042,0.0215096,-0.0263291,-0.192159,-0.154926,-0.000559688,-0.0311512,0.000433764,0.000709974,0,0,True,True
0.16,-0,0,-0.0117105,-0.0018295,-0.0221225,0.342705,-0.551051,0.0138691,-0.608377,1.00658,0.00247573,-13.6122,-0.455529,-0.0163448,-0.341704,0.0018295,0.0221225,-0.0263226,-0,0,-0.00618841,-0.0018295,-0.0221225,-0.798626,-0.551051,0.0138691,-0.547253,1.00658,0.00247573,-14.5585,-0.455529,-0.0163448,-0.351648,0.0018295,0.0221225,-0.0263226,-0.189469,-0.152235,-0.000623371,-0.0320864,0.000464803,0.000754986,0,0,True,True
0.165,-0,0,-0.0116867,-0.00194164,-0.0227337,0.348898,-0.550981,0.0143018,-0.606306,1.00659,0.0025386,-13.6188,-0.455612,-0.0168404,-0.336383,0.00194164,0.0227337,-0.0263349,-0,0,-0.00617871,-0.00194164,-0.0227337,-0.792176,-0.550981,0.0143018,-0.548647,1.00659,0.0025386,-14.5472,-0.455612,-0.0168404,-0.346309,0.00194164,0.0227337,-0.0263349,-0.186822,-0.149561,-0.000685193,-0.0330175,0.00049681,0.00080126,0,0,True,True
0.17,-0,0,-0.0116708,-0.00205684,-0.0233438,0.35503,-0.550908,0.0147333,-0.604282,1.00661,0.00259999,-13.6253,-0.455698,-0.0173333,-0.331137,0.00205684,0.0233438,-0.026366,-0,0,-0.00617299,-0.00205684,-0.0233438,-0.78579,-0.550908,0.0147333,-0.550091,1.00661,0.00259999,-14.5362,-0.455698,-0.0173333,-0.34105,0.00205684,0.0233438,-0.026366,-0.184226,-0.146911,-0.000745168,-0.0339452,0.000529781,0.000848793,0,0,True,True
0.175,-0,0,-0.0116629,-0.00217508,-0.0239531,0.361101,-0.550833,0.0151638,-0.602306,1.00662,0.0026599,-13.6316,-0.455786,-0.0178237,-0.325976,0.00217508,0.0239531,-0.0264158,-0,0,-0.00617114,-0.00217508,-0.0239531,-0.779467,-0.550833,0.0151638,-0.551585,1.00662,0.0026599,-14.5255,-0.455786,-0.0178237,-0.335884,0.00217508,0.0239531,-0.0264158,-0.181685,-0.144291,-0.000803331,-0.03487,0.000563712,0.000897583,0,0,True,True
0.18,-0,0,-0.0116629,-0.00229637,-0.0245621,0.367112,-0.550756,0.0155937,-0.60038,1.00663,0.00271838,-13.6379,-0.455876,-0.0183121,-0.320908,0.00229637,0.0245621,-0.0264845,-0,0,-0.00617311,-0.00229637,-0.0245621,-0.773208,-0.550756,0.0155937,-0.553132,1.00663,0.00271838,-14.515,-0.455876,-0.0183121,-0.330817,0.00229637,0.0245621,-0.0264845,-0.179204,-0.141703,-0.000859729,-0.0357925,0.0005986,0.000947629,0,0,True,True
0.185,-0,0,-0.0116711,-0.0024207,-0.0251712,0.373064,-0.550677,0.0160233,-0.598506,1.00665,0.00277544,-13.644,-0.455969,-0.0187988,-0.315938,0.0024207,0.0251712,-0.0265718,-0,0,-0.00617884,-0.0024207,-0.0251712,-0.767012,-0.550677,0.0160233,-0.554732,1.00665,0.00277544,-14.5048,-0.455969,-0.0187988,-0.325854,0.0024207,0.0251712,-0.0265718,-0.176785,-0.139152,-0.000914421,-0.0367134,0.000634442,0.000998931,0,0,True,True
0.19,-0,0,-0.0116874,-0.00254808,-0.0257807,0.378958,-0.550596,0.016453,-0.596683,1.00666,0.00283111,-13.65,-0.456064,-0.0192841,-0.311067,0.00254808,0.0257807,-0.0266777,-0,0,-0.00618826,-0.00254808,-0.0257807,-0.760877,-0.550596,0.016453,-0.556388,1.00666,0.00283111,-14.4949,-0.456064,-0.0192841,-0.320998,0.00254808,0.0257807,-0.0266777,-0.174429,-0.136637,-0.000967471,-0.0376334,0.000671236,0.00105149,0,0,True,True
0.195,-0,0,-0.0117117,-0.00267851,-0.0263912,0.384795,-0.550513,0.016883,-0.594911,1.00667,0.00288541,-13.6559,-0.456162,-0.0197684,-0.306295,0.00267851,0.0263912,-0.026802,-0,0,-0.00620135,-0.00267851,-0.0263912,-0.754802,-0.550513,0.016883,-0.558098,1.00667,0.00288541,-14.4852,-0.456162,-0.0197684,-0.316247,0.00267851,0.0263912,-0.026802,-0.172135,-0.134159,-0.00101895,-0.038553,0.000708981,0.00110531,0,0,True,True
0.2,-0,0,-0.0117441,-0.00281199,-0.0270029,0.390579,-0.550427,0.0173137,-0.593189,1.00669,0.00293837,-13.6617,-0.456262,-0.0202521,-0.301619,0.00281199,0.0270029,-0.0269447,-0,0,-0.00621808,-0.00281199,-0.0270029,-0.748785,-0.550427,0.0173137,-0.559862,1.00669,0.00293837,-14.4758,-0.456262,-0.0202521,-0.311598,0.00281199,0.0270029,-0.0269447,-0.169903,-0.131716,-0.00106891,-0.039473,0.000747676,0.00116038,0,0,True,True
0.205,-0,0,-0.0117844,-0.00294854,-0.0276163,0.39631,-0.55034,0.0177454,-0.591516,1.0067,0.00298999,-13.6675,-0.456364,-0.0207354,-0.297035,0.00294854,0.0276163,-0.0271056,-0,0,-0.00623843,-0.00294854,-0.0276163,-0.742824,-0.55034,0.0177454,-0.56168,1.0067,0.00298999,-14.4667,-0.456364,-0.0207354,-0.307048,0.00294854,0.0276163,-0.0271056,-0.167729,-0.129306,-0.00111742,-0.0403939,0.000787322,0.00121672,0,0,True,True
0.21,-0,0,-0.0118325,-0.00308816,-0.0282318,0.401992,-0.55025,0.0181784,-0.58989,1.00672,0.00304029,-13.6731,-0.456469,-0.0212187,-0.292539,0.00308816,0.0282318,-0.0272845,-0,0,-0.00626238,-0.00308816,-0.0282318,-0.736916,-0.55025,0.0181784,-0.563552,1.00672,0.00304029,-14.4578,-0.456469,-0.0212187,-0.302592,0.00308816,0.0282318,-0.0272845,-0.165611,-0.126927,-0.00116454,-0.0413164,0.000827919,0.00127433,0,0,True,True
0.215,-0,0,-0.0118885,-0.00323086,-0.0288497,0.407626,-0.550158,0.0186131,-0.588309,1.00673,0.0030893,-13.6786,-0.456576,-0.0217024,-0.288125,0.00323086,0.0288497,-0.0274814,-0,0,-0.00628991,-0.00323086,-0.0288497,-0.731059,-0.550158,0.0186131,-0.565475,1.00673,0.0030893,-14.4492,-0.456576,-0.0217024,-0.298224,0.00323086,0.0288497,-0.0274814,-0.163547,-0.124576,-0.00121031,-0.042241,0.000869469,0.0013332,0,0,True,True
0.22,-0,0,-0.0119522,-0.00337665,-0.0294705,0.413215,-0.550064,0.0190498,-0.586771,1.00675,0.003137,-13.684,-0.456686,-0.0221868,-0.283787,0.00337665,0.0294705,-0.0276961,-0,0,-0.006321,-0.00337665,-0.0294705,-0.725252,-0.550064,0.0190498,-0.56745,1.00675,0.003137,-14.4407,-0.456686,-0.0221868,-0.293939,0.00337665,0.0294705,-0.0276961,-0.161534,-0.122252,-0.00125477,-0.0431684,0.000911974,0.00139336,0,0,True,True
0.225,-0,0,-0.0120236,-0.00352556,-0.0300946,0.418761,-0.549967,0.0194887,-0.585277,1.00677,0.00318342,-13.6894,-0.456798,-0.0226721,-0.279523,0.00352556,0.0300946,-0.0279285,-0,0,-0.00635565,-0.00352556,-0.0300946,-0.719492,-0.549967,0.0194887,-0.569476,1.00677,0.00318342,-14.4325,-0.456798,-0.0226721,-0.289733,0.00352556,0.0300946,-0.0279285,-0.15957,-0.119951,-0.00129795,-0.0440991,0.000955437,0.0014548,0,0,True,True
0.23,-0,0,-0.0121025,-0.0036776,-0.0307223,0.424266,-0.549869,0.0199301,-0.583823,1.00678,0.00322856,-13.6946,-0.456913,-0.0231587,-0.275327,0.0036776,0.0307223,-0.0281785,-0,0,-0.00639382,-0.0036776,-0.0307223,-0.713777,-0.549869,0.0199301,-0.571552,1.00678,0.00322856,-14.4246,-0.456913,-0.0231587,-0.285602,0.0036776,0.0307223,-0.0281785,-0.157653,-0.117673,-0.00133989,-0.0450338,0.000999861,0.00151752,0,0,True,True
0.235,-0,0,-0.0121891,-0.00383279,-0.031354,0.429733,-0.549768,0.0203744,-0.582409,1.0068,0.0032724,-13.6997,-0.45703,-0.0236468,-0.271196,0.00383279,0.031354,-0.0284461,-0,0,-0.00643549,-0.00383279,-0.031354,-0.708105,-0.549768,0.0203744,-0.573679,1.0068,0.0032724,-14.4168,-0.45703,-0.0236468,-0.281543,0.00383279,0.031354,-0.0284461,-0.15578,-0.115414,-0.00138061,-0.0459729,0.00104525,0.00158155,0,0,True,True
0.24,-0,0,-0.0122832,-0.00399114,-0.0319901,0.435163,-0.549665,0.0208218,-0.581035,1.00681,0.00331496,-13.7048,-0.457149,-0.0241367,-0.267128,0.00399114,0.0319901,-0.0287312,-0,0,-0.00648065,-0.00399114,-0.0319901,-0.702474,-0.549665,0.0208218,-0.575856,1.00681,0.00331496,-14.4093,-0.457149,-0.0241367,-0.277552,0.00399114,0.0319901,-0.0287312,-0.153952,-0.113175,-0.00142013,-0.0469171,0.00109161,0.00164688,0,0,True,True
0.245,-0,0,-0.0123849,-0.00415269,-0.0326309,0.440557,-0.54956,0.0212726,-0.579698,1.00683,0.00335622,-13.7098,-0.457271,-0.0246288,-0.263121,0.00415269,0.0326309,-0.0290337,-0,0,-0.00652927,-0.00415269,-0.0326309,-0.696882,-0.54956,0.0212726,-0.578083,1.00683,0.00335622,-14.4019,-0.457271,-0.0246288,-0.273629,0.00415269,0.0326309,-0.0290337,-0.152165,-0.110954,-0.00145847,-0.0478668,0.00113894,0.00171353,0,0,True,True
0.25,-0,0,-0.0124941,-0.00431745,-0.0332769,0.445919,-0.549452,0.0217271,-0.5784,1.00685,0.00339618,-13.7146,-0.457396,-0.0251233,-0.259173,0.00431745,0.0332769,-0.0293537,-0,0,-0.00658133,-0.00431745,-0.0332769,-0.691327,-0.549452,0.0217271,-0.58036,1.00685,0.00339618,-14.3948,-0.457396,-0.0251233,-0.26977,0.00431745,0.0332769,-0.0293537,-0.150421,-0.10875,-0.00149563,-0.0488227,0.00118726,0.00178151,0,0,True,True
0.255,-0,0,-0.0126109,-0.00448545,-0.0339284,0.45125,-0.549343,0.0221856,-0.577138,1.00687,0.00343482,-13.7194,-0.457522,-0.0256204,-0.255282,0.00448545,0.0339284,-0.029691,-0,0,-0.00663681,-0.00448545,-0.0339284,-0.685808,-0.549343,0.0221856,-0.582689,1.00687,0.00343482,-14.3878,-0.457522,-0.0256204,-0.265975,0.00448545,0.0339284,-0.029691,-0.148717,-0.106563,-0.00153165,-0.0497853,0.00123656,0.00185082,0,0,True,True
0.26,-0,0,-0.0127352,-0.00465673,-0.0345858,0.456551,-0.549231,0.0226484,-0.575913,1.00688,0.00347213,-13.7241,-0.457652,-0.0261205,-0.251449,0.00465673,0.0345858,-0.0300457,-0,0,-0.00669567,-0.00465673,-0.0345858,-0.680323,-0.549231,0.0226484,-0.585068,1.00688,0.00347213,-14.3811,-0.457652,-0.0261205,-0.262243,0.00465673,0.0345858,-0.0300457,-0.147054,-0.104392,-0.00156652,-0.0507551,0.00128686,0.00192148,0,0,True,True
0.265,-0,0,-0.0128672,-0.00483131,-0.0352495,0.461824,-0.549116,0.0231158,-0.574724,1.0069,0.00350809,-13.7287,-0.457784,-0.0266239,-0.247671,0.00483131,0.0352495,-0.0304178,-0,0,-0.00675791,-0.00483131,-0.0352495,-0.67487,-0.549116,0.0231158,-0.5875,1.0069,0.00350809,-14.3746,-0.457784,-0.0266239,-0.258573,0.00483131,0.0352495,-0.0304178,-0.145432,-0.102237,-0.00160026,-0.0517327,0.00133816,0.0019935,0,0,True,True
0.27,-0,0,-0.0130068,-0.00500923,-0.0359197,0.467072,-0.548999,0.023588,-0.573571,1.00692,0.00354269,-13.7333,-0.457918,-0.0271307,-0.243947,0.00500923,0.0359197,-0.0308073,-0,0,-0.00682349,-0.00500923,-0.0359197,-0.669447,-0.548999,0.023588,-0.589983,1.00692,0.00354269,-14.3682,-0.457918,-0.0271307,-0.254964,0.00500923,0.0359197,-0.0308073,-0.143848,-0.100097,-0.00163289,-0.0527187,0.00139047,0.0020669,0,0,True,True
0.275,-0,0,-0.013154,-0.00519051,-0.036597,0.472295,-0.54888,0.0240654,-0.572452,1.00694,0.0035759,-13.7377,-0.458055,-0.0276413,-0.240278,0.00519051,0.036597,-0.0312142,-0,0,-0.0068924,-0.00519051,-0.036597,-0.664053,-0.54888,0.0240654,-0.592519,1.00694,0.0035759,-14.362,-0.458055,-0.0276413,-0.251415,0.00519051,0.036597,-0.0312142,-0.142304,-0.0979718,-0.00166441,-0.0537134,0.00144379,0.00214169,0,0,True,True
0.28,-0,0,-0.0133089,-0.0053752,-0.0372817,0.477496,-0.548759,0.0245483,-0.571368,1.00695,0.00360769,-13.7421,-0.458194,-0.028156,-0.236661,0.0053752,0.0372817,-0.0316384,-0,0,-0.00696463,-0.0053752,-0.0372817,-0.658685,-0.548759,0.0245483,-0.595109,1.00695,0.00360769,-14.3561,-0.458194,-0.028156,-0.247924,0.0053752,0.0372817,-0.0316384,-0.140798,-0.0958605,-0.00169483,-0.0547176,0.00149815,0.00221787,0,0,True,True
0.285,-0,0,-0.0134715,-0.00556333,-0.0379742,0.482677,-0.548635,0.0250369,-0.570318,1.00697,0.00363804,-13.7465,-0.458336,-0.028675,-0.233095,0.00556333,0.0379742,-0.0320802,-0,0,-0.00704016,-0.00556333,-0.0379742,-0.653343,-0.548635,0.0250369,-0.597752,1.00697,0.00363804,-14.3503,-0.458336,-0.028675,-0.24449,0.00556333,0.0379742,-0.0320802,-0.13933,-0.0937626,-0.00172417,-0.0557317,0.00155354,0.00229548,0,0,True,True
0.29,-0,0,-0.0136419,-0.00575494,-0.0386747,0.487839,-0.548508,0.0255316,-0.569302,1.00699,0.00366691,-13.7507,-0.458481,-0.0291985,-0.229579,0.00575494,0.0386747,-0.0325394,-0,0,-0.00711897,-0.00575494,-0.0386747,-0.648023,-0.548508,0.0255316,-0.60045,1.00699,0.00366691,-14.3446,-0.458481,-0.0291985,-0.241113,0.00575494,0.0386747,-0.0325394,-0.1379,-0.0916772,-0.00175241,-0.0567563,0.00160998,0.00237453,0,0,True,True
0.295,-0,0,-0.0138201,-0.00595007,-0.0393838,0.492983,-0.54838,0.0260326,-0.568318,1.00701,0.00369427,-13.7549,-0.458628,-0.0297269,-0.226111,0.00595007,0.0393838,-0.0330162,-0,0,-0.00720106,-0.00595007,-0.0393838,-0.642725,-0.54838,0.0260326,-0.603202,1.00701,0.00369427,-14.3392,-0.458628,-0.0297269,-0.237789,0.00595007,0.0393838,-0.0330162,-0.136505,-0.0896033,-0.00177958,-0.0577919,0.00166748,0.00245502,0,0,True,True
0.3,-0,0,-0.0140061,-0.00614878,-0.0401017,0.498112,-0.548248,0.0265403,-0.567366,1.00703,0.00372008,-13.759,-0.458778,-0.0302604,-0.222688,0.00614878,0.0401017,-0.0335105,-0,0,-0.00728642,-0.00614878,-0.0401017,-0.637446,-0.548248,0.0265403,-0.606009,1.00703,0.00372008,-14.3339,-0.458778,-0.0302604,-0.234517,0.00614878,0.0401017,-0.0335105,-0.135145,-0.08754,-0.00180566,-0.0588391,0.00172606,0.00253699,0,0,True,True
0.305,-0,0,-0.0141999,-0.00635109,-0.0408289,0.503227,-0.548114,0.027055,-0.566445,1.00705,0.00374429,-13.763,-0.458931,-0.0307993,-0.219309,0.00635109,0.0408289,-0.0340226,-0,0,-0.00737505,-0.00635109,-0.0408289,-0.632185,-0.548114,0.027055,-0.608871,1.00705,0.00374429,-14.3288,-0.458931,-0.0307993,-0.231295,0.00635109,0.0408289,-0.0340226,-0.13382,-0.0854861,-0.00183066,-0.0598983,0.00178571,0.00262044,0,0,True,True
0.31,-0,0,-0.0144017,-0.00655707,-0.0415657,0.50833,-0.547978,0.0275769,-0.565556,1.00706,0.00376686,-13.7669,-0.459086,-0.0313438,-0.215971,0.00655707,0.0415657,-0.0345524,-0,0,-0.00746694,-0.00655707,-0.0415657,-0.626941,-0.547978,0.0275769,-0.611789,1.00706,0.00376686,-14.3239,-0.459086,-0.0313438,-0.22812,0.00655707,0.0415657,-0.0345524,-0.132528,-0.0834404,-0.00185457,-0.0609701,0.00184646,0.00270541,0,0,True,True
0.315,-0,0,-0.0146115,-0.00676675,-0.0423125,0.513422,-0.547838,0.0281064,-0.564696,1.00708,0.00378773,-13.7708,-0.459244,-0.0318942,-0.212673,0.00676675,0.0423125,-0.0351001,-0,0,-0.00756209,-0.00676675,-0.0423125,-0.621712,-0.547838,0.0281064,-0.614764,1.00708,0.00378773,-14.3191,-0.459244,-0.0318942,-0.224991,0.00676675,0.0423125,-0.0351001,-0.131268,-0.081402,-0.00187738,-0.0620551,0.00190832,0.0027919,0,0,True,True
0.32,-0,0,-0.0148294,-0.00698019,-0.0430698,0.518505,-0.547696,0.0286438,-0.563866,1.0071,0.00380684,-13.7747,-0.459405,-0.0324506,-0.209412,0.00698019,0.0430698,-0.0356657,-0,0,-0.00766051,-0.00698019,-0.0430698,-0.616496,-0.547696,0.0286438,-0.617795,1.0071,0.00380684,-14.3145,-0.459405,-0.0324506,-0.221906,0.00698019,0.0430698,-0.0356657,-0.130039,-0.0793699,-0.00189906,-0.0631537,0.0019713,0.00287994,0,0,True,True
0.325,-0,0,-0.0150553,-0.00719745,-0.0438377,0.52358,-0.547552,0.0291894,-0.563065,1.00712,0.00382415,-13.7784,-0.459569,-0.0330135,-0.206188,0.00719745,0.0438377,-0.0362495,-0,0,-0.00776219,-0.00719745,-0.0438377,-0.611292,-0.547552,0.0291894,-0.620883,1.00712,0.00382415,-14.3101,-0.459569,-0.0330135,-0.218864,0.00719745,0.0438377,-0.0362495,-0.128842,-0.0773432,-0.00191962,-0.0642664,0.00203542,0.00296956,0,0,True,True
0.33,-0,0,-0.0152895,-0.00741857,-0.0446169,0.528649,-0.547405,0.0297434,-0.562293,1.00714,0.00383958,-13.7821,-0.459735,-0.033583,-0.202999,0.00741857,0.0446169,-0.0368515,-0,0,-0.00786712,-0.00741857,-0.0446169,-0.606098,-0.547405,0.0297434,-0.62403,1.00714,0.00383958,-14.3058,-0.459735,-0.033583,-0.215864,0.00741857,0.0446169,-0.0368515,-0.127674,-0.0753215,-0.00193902,-0.0653939,0.00210069,0.00306076,0,0,True,True
0.335,-0,0,-0.0155319,-0.00764362,-0.0454076,0.533712,-0.547254,0.0303063,-0.56155,1.00716,0.00385305,-13.7857,-0.459905,-0.0341594,-0.199845,0.00764362,0.0454076,-0.0374719,-0,0,-0.0079753,-0.00764362,-0.0454076,-0.600913,-0.547254,0.0303063,-0.627235,1.00716,0.00385305,-14.3017,-0.459905,-0.0341594,-0.212904,0.00764362,0.0454076,-0.0374719,-0.126537,-0.0733042,-0.00195724,-0.0665367,0.00216713,0.00315359,0,0,True,True
0.34,-0,0,-0.0157828,-0.00787264,-0.0462102,0.538773,-0.547102,0.0308784,-0.560835,1.00718,0.00386451,-13.7893,-0.460077,-0.0347429,-0.196726,0.00787264,0.0462102,-0.0381107,-0,0,-0.00808672,-0.00787264,-0.0462102,-0.595734,-0.547102,0.0308784,-0.630501,1.00718,0.00386451,-14.2977,-0.460077,-0.0347429,-0.209986,0.00787264,0.0462102,-0.0381107,-0.125431,-0.0712914,-0.00197427,-0.0676952,0.00223476,0.00324805,0,0,True,True
0.345,-0,0,-0.0160422,-0.00810572,-0.0470251,0.543831,-0.546946,0.0314599,-0.560148,1.0072,0.00387387,-13.7928,-0.460252,-0.0353337,-0.193641,0.00810572,0.0470251,-0.0387682,-0,0,-0.00820137,-0.00810572,-0.0470251,-0.590561,-0.546946,0.0314599,-0.633828,1.0072,0.00387387,-14.2939,-0.460252,-0.0353337,-0.207109,0.00810572,0.0470251,-0.0387682,-0.124354,-0.0692828,-0.00199008,-0.06887,0.00230358,0.00334419,0,0,True,True
0.35,-0,0,-0.0163102,-0.0083429,-0.0478528,0.54889,-0.546787,0.0320512,-0.559489,1.00722,0.00388105,-13.7963,-0.46043,-0.0359322,-0.190592,0.0083429,0.0478528,-0.0394445,-0,0,-0.00831924,-0.0083429,-0.0478528,-0.585392,-0.546787,0.0320512,-0.637217,1.00722,0.00388105,-14.2903,-0.46043,-0.0359322,-0.204274,0.0083429,0.0478528,-0.0394445,-0.123309,-0.0672788,-0.00200465,-0.0700616,0.00237363,0.00344201,0,0,True,True
0.355,-0,0,-0.016587,-0.00858424,-0.0486935,0.553951,-0.546625,0.0326526,-0.558859,1.00724,0.00388596,-13.7997,-0.460612,-0.0365386,-0.187578,0.00858424,0.0486935,-0.0401396,-0,0,-0.00844033,-0.00858424,-0.0486935,-0.580223,-0.546625,0.0326526,-0.640671,1.00724,0.00388596,-14.2868,-0.460612,-0.0365386,-0.201481,0.00858424,0.0486935,-0.0401396,-0.122294,-0.0652793,-0.00201795,-0.0712707,0.00244491,0.00354155,0,0,True,True
0.36,-0,0,-0.0168726,-0.00882983,-0.0495478,0.559016,-0.54646,0.0332645,-0.558256,1.00726,0.0038885,-13.803,-0.460796,-0.037153,-0.1846,0.00882983,0.0495478,-0.0408539,-0,0,-0.00856463,-0.00882983,-0.0495478,-0.575055,-0.54646,0.0332645,-0.64419,1.00726,0.0038885,-14.2834,-0.460796,-0.037153,-0.198731,0.00882983,0.0495478,-0.0408539,-0.121311,-0.0632845,-0.00202996,-0.0724976,0.00251744,0.00364284,0,0,True,True
0.365,-0,0,-0.0171673,-0.00907972,-0.050416,0.564086,-0.546293,0.0338873,-0.557681,1.00728,0.00388858,-13.8063,-0.460983,-0.0377759,-0.181658,0.00907972,0.050416,-0.0415875,-0,0,-0.00869214,-0.00907972,-0.050416,-0.569885,-0.546293,0.0338873,-0.647776,1.00728,0.00388858,-14.2802,-0.460983,-0.0377759,-0.196024,0.00907972,0.050416,-0.0415875,-0.120359,-0.061294,-0.00204066,-0.0737431,0.00259125,0.00374591,0,0,True,True
0.37,-0,0,-0.0174712,-0.00933399,-0.0512985,0.569163,-0.546122,0.0345213,-0.557134,1.0073,0.0038861,-13.8095,-0.461174,-0.0384074,-0.178751,0.00933399,0.0512985,-0.0423405,-0,0,-0.00882285,-0.00933399,-0.0512985,-0.564711,-0.546122,0.0345213,-0.65143,1.0073,0.0038861,-14.2771,-0.461174,-0.0384074,-0.193359,0.00933399,0.0512985,-0.0423405,-0.119439,-0.0593076,-0.00205003,-0.0750076,0.00266635,0.00385077,0,0,True,True
0.375,-0,0,-0.0177843,-0.00959271,-0.0521958,0.574249,-0.545947,0.0351669,-0.556613,1.00731,0.00388094,-13.8127,-0.461367,-0.0390478,-0.175879,0.00959271,0.0521958,-0.0431131,-0,0,-0.00895678,-0.00959271,-0.0521958,-0.559532,-0.545947,0.0351669,-0.655153,1.00731,0.00388094,-14.2742,-0.461367,-0.0390478,-0.190734,0.00959271,0.0521958,-0.0431131,-0.118549,-0.0573245,-0.00205804,-0.0762917,0.00274277,0.00395747,0,0,True,True
0.38,-0,0,-0.0181069,-0.00985595,-0.0531082,0.579344,-0.54577,0.0358244,-0.556119,1.00733,0.00387299,-13.8158,-0.461564,-0.0396974,-0.173039,0.00985595,0.0531082,-0.0439056,-0,0,-0.00909393,-0.00985595,-0.0531082,-0.554346,-0.54577,0.0358244,-0.658946,1.00733,0.00387299,-14.2715,-0.461564,-0.0396974,-0.18815,0.00985595,0.0531082,-0.0439056,-0.11769,-0.0553437,-0.00206466,-0.0775959,0.00282052,0.00406604,0,0,True,True
0.385,-0,0,-0.018439,-0.0101238,-0.0540362,0.584451,-0.545589,0.0364942,-0.555652,1.00735,0.00386213,-13.8189,-0.461764,-0.0403564,-0.170229,0.0101238,0.0540362,-0.0447183,-0,0,-0.00923431,-0.0101238,-0.0540362,-0.549151,-0.545589,0.0364942,-0.662809,1.00735,0.00386213,-14.2689,-0.461764,-0.0403564,-0.185602,0.0101238,0.0540362,-0.0447183,-0.116859,-0.0533639,-0.00206984,-0.0789209,0.00289963,0.00417649,0,0,True,True
0.39,-0,0,-0.0187808,-0.0103963,-0.0549802,0.589571,-0.545405,0.0371768,-0.55521,1.00737,0.00384822,-13.822,-0.461968,-0.041025,-0.167445,0.0103963,0.0549802,-0.0455512,-0,0,-0.00937793,-0.0103963,-0.0549802,-0.543947,-0.545405,0.0371768,-0.666744,1.00737,0.00384822,-14.2664,-0.461968,-0.041025,-0.183088,0.0103963,0.0549802,-0.0455512,-0.116056,-0.0513833,-0.00207356,-0.0802671,0.00298012,0.00428888,0,0,True,True
0.395,-0,0,-0.0191324,-0.0106736,-0.0559405,0.594706,-0.545217,0.0378724,-0.554792,1.00739,0.00383113,-13.8249,-0.462174,-0.0417035,-0.164686,0.0106736,0.0559405,-0.0464048,-0,0,-0.00952481,-0.0106736,-0.0559405,-0.538731,-0.545217,0.0378724,-0.67075,1.00739,0.00383113,-14.264,-0.462174,-0.0417035,-0.180606,0.0106736,0.0559405,-0.0464048,-0.11528,-0.0494001,-0.00207576,-0.0816351,0.00306201,0.00440323,0,0,True,True
0.4,-0,0,-0.0194938,-0.0109557,-0.0569178,0.599856,-0.545026,0.0385815,-0.554398,1.00741,0.00381072,-13.8279,-0.462385,-0.0423922,-0.161947,0.0109557,0.0569178,-0.0472792,-0,0,-0.00967494,-0.0109557,-0.0569178,-0.533502,-0.545026,0.0385815,-0.674828,1.00741,0.00381072,-14.2619,-0.462385,-0.0423922,-0.17815,0.0109557,0.0569178,-0.0472792,-0.114528,-0.0474124,-0.00207639,-0.0830256,0.00314532,0.00451957,0,0,True,True
0.405,-0,0,-0.0198653,-0.0112428,-0.0579123,0.605023,-0.544831,0.0393044,-0.554028,1.00743,0.00378683,-13.8308,-0.462598,-0.0430913,-0.159224,0.0112428,0.0579123,-0.0481747,-0,0,-0.00982833,-0.0112428,-0.0579123,-0.528259,-0.544831,0.0393044,-0.678979,1.00743,0.00378683,-14.2598,-0.462598,-0.0430913,-0.175719,0.0112428,0.0579123,-0.0481747,-0.113799,-0.0454183,-0.00207538,-0.084439,0.00323009,0.00463795,0,0,True,True
0.41,-0,0,-0.0202469,-0.0115348,-0.0589246,0.61021,-0.544633,0.0400416,-0.55368,1.00745,0.00375929,-13.8336,-0.462816,-0.0438009,-0.156515,0.0115348,0.0589246,-0.0490915,-0,0,-0.00998498,-0.0115348,-0.0589246,-0.522999,-0.544633,0.0400416,-0.683204,1.00745,0.00375929,-14.2579,-0.462816,-0.0438009,-0.17331,0.0115348,0.0589246,-0.0490915,-0.113092,-0.0434163,-0.00207265,-0.0858759,0.00331633,0.00475839,0,0,True,True
0.415,-0,0,-0.0206389,-0.011832,-0.059955,0.615417,-0.544431,0.0407935,-0.553354,1.00747,0.00372795,-13.8363,-0.463036,-0.0445214,-0.153818,0.011832,0.059955,-0.0500299,-0,0,-0.0101449,-0.011832,-0.059955,-0.51772,-0.544431,0.0407935,-0.687503,1.00747,0.00372795,-14.2561,-0.463036,-0.0445214,-0.170919,0.011832,0.059955,-0.0500299,-0.112406,-0.041405,-0.00206814,-0.0873369,0.00340407,0.00488093,0,0,True,True
0.42,-0,0,-0.0210412,-0.0121344,-0.0610041,0.620649,-0.544225,0.0415604,-0.55305,1.00749,0.00369261,-13.8391,-0.463261,-0.045253,-0.151132,0.0121344,0.0610041,-0.0509902,-0,0,-0.010308,-0.0121344,-0.0610041,-0.51242,-0.544225,0.0415604,-0.691877,1.00749,0.00369261,-14.2544,-0.463261,-0.045253,-0.168547,0.0121344,0.0610041,-0.0509902,-0.111741,-0.0393838,-0.00206175,-0.0888225,0.00349333,0.00500562,0,0,True,True
0.425,-0,0,-0.0214542,-0.0124421,-0.0620723,0.625906,-0.544015,0.0423428,-0.552768,1.0075,0.0036531,-13.8417,-0.463489,-0.0459959,-0.148456,0.0124421,0.0620723,-0.0519725,-0,0,-0.0104744,-0.0124421,-0.0620723,-0.507096,-0.544015,0.0423428,-0.696329,1.0075,0.0036531,-14.2528,-0.463489,-0.0459959,-0.166193,0.0124421,0.0620723,-0.0519725,-0.111096,-0.0373526,-0.00205341,-0.0903333,0.00358415,0.00513248,0,0,True,True
0.43,-0,0,-0.0218781,-0.0127551,-0.06316,0.631192,-0.543802,0.043141,-0.552507,1.00752,0.00360921,-13.8444,-0.463721,-0.0467503,-0.145792,0.0127551,0.06316,-0.052977,-0,0,-0.0106439,-0.0127551,-0.06316,-0.501746,-0.543802,0.043141,-0.700861,1.00752,0.00360921,-14.2514,-0.463721,-0.0467503,-0.163858,0.0127551,0.06316,-0.052977,-0.110473,-0.0353117,-0.00204302,-0.0918698,0.00367655,0.00526157,0,0,True,True
0.435,-0,0,-0.022313,-0.0130737,-0.0642677,0.636511,-0.543584,0.0439556,-0.552267,1.00754,0.00356075,-13.847,-0.463956,-0.0475164,-0.143142,0.0130737,0.0642677,-0.0540041,-0,0,-0.0108166,-0.0130737,-0.0642677,-0.496367,-0.543584,0.0439556,-0.705476,1.00754,0.00356075,-14.2501,-0.463956,-0.0475164,-0.161545,0.0130737,0.0642677,-0.0540041,-0.109872,-0.033262,-0.00203051,-0.0934327,0.00377056,0.00539292,0,0,True,True
0.44,-0,0,-0.0227593,-0.0133978,-0.065396,0.641864,-0.543362,0.044787,-0.552049,1.00756,0.0035075,-13.8495,-0.464196,-0.0482945,-0.140507,0.0133978,0.065396,-0.0550538,-0,0,-0.0109924,-0.0133978,-0.065396,-0.490956,-0.543362,0.044787,-0.710175,1.00756,0.0035075,-14.249,-0.464196,-0.0482945,-0.159256,0.0133978,0.065396,-0.0550538,-0.109295,-0.0312043,-0.0020158,-0.0950225,0.0038662,0.00552657,0,0,True,True
0.445,-0,0,-0.0232171,-0.0137276,-0.0665451,0.647255,-0.543136,0.0456357,-0.551854,1.00758,0.00344923,-13.8521,-0.464439,-0.0490849,-0.13789,0.0137276,0.0665451,-0.0561265,-0,0,-0.0111714,-0.0137276,-0.0665451,-0.485511,-0.543136,0.0456357,-0.714961,1.00758,0.00344923,-14.2479,-0.464439,-0.0490849,-0.156993,0.0137276,0.0665451,-0.0561265,-0.108742,-0.0291392,-0.0019988,-0.0966398,0.00396351,0.00566256,0,0,True,True
0.45,-0,0,-0.0236868,-0.0140632,-0.0677157,0.652684,-0.542906,0.046502,-0.55168,1.00759,0.00338573,-13.8545,-0.464687,-0.0498878,-0.135289,0.0140632,0.0677157,-0.0572226,-0,0,-0.0113535,-0.0140632,-0.0677157,-0.48003,-0.542906,0.046502,-0.719837,1.00759,0.00338573,-14.247,-0.464687,-0.0498878,-0.154754,0.0140632,0.0677157,-0.0572226,-0.108215,-0.027066,-0.00197945,-0.0982852,0.00406251,0.00580094,0,0,True,True
0.455,-0,0,-0.0241685,-0.0144048,-0.0689082,0.658148,-0.542671,0.0473866,-0.551527,1.00761,0.00331673,-13.857,-0.464938,-0.0507034,-0.132699,0.0144048,0.0689082,-0.0583428,-0,0,-0.0115388,-0.0144048,-0.0689082,-0.474517,-0.542671,0.0473866,-0.7248,1.00761,0.00331673,-14.2462,-0.464938,-0.0507034,-0.152535,0.0144048,0.0689082,-0.0583428,-0.107709,-0.0249816,-0.00195763,-0.0999594,0.00416324,0.00594176,0,0,True,True
0.46,-0,0,-0.0246625,-0.0147523,-0.0701232,0.66364,-0.542432,0.0482899,-0.551396,1.00763,0.00324199,-13.8594,-0.465194,-0.0515319,-0.130109,0.0147523,0.0701232,-0.0594881,-0,0,-0.0117275,-0.0147523,-0.0701232,-0.468975,-0.542432,0.0482899,-0.729849,1.00763,0.00324199,-14.2455,-0.465194,-0.0515319,-0.150324,0.0147523,0.0701232,-0.0594881,-0.107221,-0.0228794,-0.00193325,-0.101663,0.00426573,0.00608505,0,0,True,True
0.465,-0,0,-0.025169,-0.015106,-0.0713611,0.66916,-0.542188,0.0492123,-0.551284,1.00764,0.00316122,-13.8617,-0.465453,-0.0523736,-0.127515,0.015106,0.0713611,-0.0606589,-0,0,-0.0119196,-0.015106,-0.0713611,-0.463405,-0.542188,0.0492123,-0.734984,1.00764,0.00316122,-14.245,-0.465453,-0.0523736,-0.148117,0.015106,0.0713611,-0.0606589,-0.106748,-0.0207575,-0.00190613,-0.103396,0.00437001,0.00623087,0,0,True,True
0.47,-0,0,-0.0256882,-0.0154659,-0.0726225,0.674723,-0.54194,0.0501545,-0.551194,1.00766,0.00307416,-13.864,-0.465717,-0.0532286,-0.124932,0.0154659,0.0726225,-0.0618548,-0,0,-0.0121147,-0.0154659,-0.0726225,-0.457794,-0.54194,0.0501545,-0.740214,1.00766,0.00307416,-14.2446,-0.465717,-0.0532286,-0.145931,0.0154659,0.0726225,-0.0618548,-0.106299,-0.0186236,-0.00187615,-0.10516,0.00447611,0.00637926,0,0,True,True
0.475,-0,0,-0.0262207,-0.0158322,-0.0739079,0.680343,-0.541687,0.0511168,-0.551126,1.00767,0.0029805,-13.8663,-0.465986,-0.0540973,-0.122374,0.0158322,0.0739079,-0.0630751,-0,0,-0.0123129,-0.0158322,-0.0739079,-0.45213,-0.541687,0.0511168,-0.745547,1.00767,0.0029805,-14.2443,-0.465986,-0.0540973,-0.143779,0.0158322,0.0739079,-0.0630751,-0.105879,-0.0164853,-0.00184321,-0.106955,0.00458407,0.00653028,0,0,True,True
0.48,-0,0,-0.0267666,-0.016205,-0.0752177,0.686024,-0.541429,0.0520999,-0.551079,1.00769,0.00287996,-13.8685,-0.466258,-0.0549799,-0.119842,0.016205,0.0752177,-0.0643202,-0,0,-0.0125141,-0.016205,-0.0752177,-0.44641,-0.541429,0.0520999,-0.750985,1.00769,0.00287996,-14.2441,-0.466258,-0.0549799,-0.141661,0.016205,0.0752177,-0.0643202,-0.105489,-0.0143425,-0.00180724,-0.108782,0.00469392,0.00668397,0,0,True,True
0.485,-0,0,-0.0273263,-0.0165844,-0.0765526,0.691766,-0.541166,0.0531044,-0.551052,1.0077,0.0027722,-13.8708,-0.466536,-0.0558766,-0.117328,0.0165844,0.0765526,-0.0655906,-0,0,-0.0127182,-0.0165844,-0.0765526,-0.440633,-0.541166,0.0531044,-0.756528,1.0077,0.0027722,-14.244,-0.466536,-0.0558766,-0.139572,0.0165844,0.0765526,-0.0655906,-0.105126,-0.0121912,-0.00176817,-0.110641,0.0048057,0.00684038,0,0,True,True
0.49,-0,0,-0.0278999,-0.0169705,-0.077913,0.697565,-0.540898,0.0541308,-0.551045,1.00771,0.00265691,-13.873,-0.466817,-0.0567877,-0.114824,0.0169705,0.077913,-0.0668872,-0,0,-0.0129254,-0.0169705,-0.077913,-0.434803,-0.540898,0.0541308,-0.762175,1.00771,0.00265691,-14.244,-0.466817,-0.0567877,-0.137501,0.0169705,0.077913,-0.0668872,-0.104787,-0.0100268,-0.00172587,-0.112534,0.00491944,0.00699956,0,0,True,True
0.495,-0,0,-0.0284876,-0.0173635,-0.0792995,0.703421,-0.540624,0.0551797,-0.551057,1.00773,0.00253372,-13.8753,-0.467103,-0.0577134,-0.112322,0.0173635,0.0792995,-0.0682105,-0,0,-0.0131357,-0.0173635,-0.0792995,-0.428919,-0.540624,0.0551797,-0.767925,1.00773,0.00253372,-14.2442,-0.467103,-0.0577134,-0.135443,0.0173635,0.0792995,-0.0682105,-0.104467,-0.00784477,-0.00168021,-0.11446,0.00503518,0.00716157,0,0,True,True
0.5,-0,0,-0.0290897,-0.0177635,-0.0807127,0.70933,-0.540346,0.0562516,-0.551088,1.00774,0.00240229,-13.8774,-0.467394,-0.0586539,-0.109816,0.0177635,0.0807127,-0.0695614,-0,0,-0.0133491,-0.0177635,-0.0807127,-0.422983,-0.540346,0.0562516,-0.773778,1.00774,0.00240229,-14.2444,-0.467394,-0.0586539,-0.13339,0.0177635,0.0807127,-0.0695614,-0.104164,-0.00564152,-0.00163104,-0.116421,0.00515296,0.00732646,0,0,True,True
0.505,-0,0,-0.0297064,-0.0181707,-0.082153,0.715293,-0.540062,0.0573473,-0.551136,1.00775,0.00226222,-13.8796,-0.46769,-0.0596095,-0.107302,0.0181707,0.082153,-0.0709403,-0,0,-0.0135656,-0.0181707,-0.082153,-0.416994,-0.540062,0.0573473,-0.779734,1.00775,0.00226222,-14.2448,-0.46769,-0.0596095,-0.131338,0.0181707,0.082153,-0.0709403,-0.103876,-0.00341433,-0.00157817,-0.118416,0.00527281,0.0074943,0,0,True,True
0.51,-0,0,-0.0303382,-0.0185851,-0.0836211,0.721311,-0.539772,0.0584673,-0.551202,1.00776,0.00211311,-13.8816,-0.46799,-0.0605804,-0.104775,0.0185851,0.0836211,-0.0723479,-0,0,-0.0137852,-0.0185851,-0.0836211,-0.410952,-0.539772,0.0584673,-0.785795,1.00776,0.00211311,-14.2453,-0.46799,-0.0605804,-0.129284,0.0185851,0.0836211,-0.0723479,-0.103602,-0.00116136,-0.00152142,-0.120447,0.00539477,0.00766512,0,0,True,True
0.515,-0,0,-0.0309852,-0.0190069,-0.0851176,0.727383,-0.539477,0.0596121,-0.551285,1.00777,0.00195455,-13.8837,-0.468296,-0.0615666,-0.102236,0.0190069,0.0851176,-0.0737847,-0,0,-0.0140078,-0.0190069,-0.0851176,-0.404855,-0.539477,0.0596121,-0.791963,1.00777,0.00195455,-14.2459,-0.468296,-0.0615666,-0.127228,0.0190069,0.0851176,-0.0737847,-0.103343,0.00111823,-0.00146059,-0.122515,0.00551889,0.007839,0,0,True,True
0.52,-0,0,-0.0316479,-0.0194362,-0.0866431,0.733512,-0.539176,0.0607824,-0.551387,1.00778,0.00178609,-13.8856,-0.468606,-0.0625685,-0.0996857,0.0194362,0.0866431,-0.0752513,-0,0,-0.0142334,-0.0194362,-0.0866431,-0.398702,-0.539176,0.0607824,-0.79824,1.00778,0.00178609,-14.2466,-0.468606,-0.0625685,-0.12517,0.0194362,0.0866431,-0.0752513,-0.103098,0.003424,-0.00139547,-0.124619,0.0056452,0.00801599,0,0,True,True
0.525,-0,0,-0.0323269,-0.0198733,-0.0881982,0.7397,-0.538869,0.0619789,-0.551508,1.00779,0.0016073,-13.8876,-0.468921,-0.0635862,-0.0971297,0.0198733,0.0881982,-0.0767481,-0,0,-0.0144621,-0.0198733,-0.0881982,-0.39249,-0.538869,0.0619789,-0.80463,1.00779,0.0016073,-14.2475,-0.468921,-0.0635862,-0.123118,0.0198733,0.0881982,-0.0767481,-0.102871,0.00575355,-0.00132584,-0.126761,0.00577375,0.00819614,0,0,True,True
0.53,-0,0,-0.0330227,-0.0203182,-0.0897836,0.745951,-0.538556,0.0632023,-0.551649,1.0078,0.00141768,-13.8895,-0.469242,-0.06462,-0.0945795,0.0203182,0.0897836,-0.0782754,-0,0,-0.0146937,-0.0203182,-0.0897836,-0.386215,-0.538556,0.0632023,-0.811141,1.0078,0.00141768,-14.2485,-0.469242,-0.06462,-0.121083,0.0203182,0.0897836,-0.0782754,-0.102669,0.00810143,-0.0012515,-0.128941,0.00590458,0.00837953,0,0,True,True
0.535,-0,0,-0.0337363,-0.0207711,-0.0913998,0.752272,-0.538237,0.0644533,-0.551814,1.00781,0.00121675,-13.8914,-0.469568,-0.06567,-0.092056,0.0207711,0.0913998,-0.0798335,-0,0,-0.0149284,-0.0207711,-0.0913998,-0.379872,-0.538237,0.0644533,-0.817782,1.00781,0.00121675,-14.2496,-0.469568,-0.06567,-0.119086,0.0207711,0.0913998,-0.0798335,-0.102501,0.0104575,-0.00117227,-0.13116,0.00603773,0.00856622,0,0,True,True
0.54,-0,0,-0.0344687,-0.0212322,-0.0930475,0.758673,-0.537912,0.0657326,-0.552004,1.00781,0.00100402,-13.8933,-0.469899,-0.0667366,-0.089589,0.0212322,0.0930475,-0.0814223,-0,0,-0.0151661,-0.0212322,-0.0930475,-0.373451,-0.537912,0.0657326,-0.824568,1.00781,0.00100402,-14.2509,-0.469899,-0.0667366,-0.117158,0.0212322,0.0930475,-0.0814223,-0.102383,0.0128067,-0.00108801,-0.133419,0.00617325,0.00875627,0,0,True,True
0.545,-0,0,-0.0352211,-0.0217016,-0.0947273,0.76517,-0.53758,0.0670411,-0.552222,1.00782,0.000778952,-13.8952,-0.470235,-0.0678201,-0.0872019,0.0217016,0.0947273,-0.0830414,-0,0,-0.0154069,-0.0217016,-0.0947273,-0.366942,-0.53758,0.0670411,-0.831512,1.00782,0.000778952,-14.2523,-0.470235,-0.0678201,-0.115322,0.0217016,0.0947273,-0.0830414,-0.102327,0.0151374,-0.00099865,-0.135719,0.00631118,0.00894974,0,0,True,True
0.55,-0,0,-0.0359936,-0.0221795,-0.0964398,0.771765,-0.537242,0.0683797,-0.552464,1.00782,0.000541017,-13.8972,-0.470577,-0.0689208,-0.0848797,0.0221795,0.0964398,-0.0846915,-0,0,-0.0156507,-0.0221795,-0.0964398,-0.360342,-0.537242,0.0683797,-0.838611,1.00782,0.000541017,-14.2538,-0.470577,-0.0689208,-0.113564,0.0221795,0.0964398,-0.0846915,-0.102324,0.0174574,-0.000904132,-0.13806,0.00645157,0.0091467,0,0,True,True
0.555,-0,0,-0.0367853,-0.022666,-0.0981857,0.778448,-0.536896,0.0697493,-0.552724,1.00782,0.000289641,-13.8992,-0.470924,-0.070039,-0.0825655,0.022666,0.0981857,-0.0863738,-0,0,-0.0158974,-0.022666,-0.0981857,-0.353658,-0.536896,0.0697493,-0.845848,1.00782,0.000289641,-14.2555,-0.470924,-0.070039,-0.111826,0.022666,0.0981857,-0.0863738,-0.102348,0.0197959,-0.000804319,-0.140443,0.00659446,0.00934722,0,0,True,True
0.56,-0,0,-0.0375953,-0.0231614,-0.0999656,0.785208,-0.536544,0.0711506,-0.552996,1.00782,2.42115e-05,-13.9011,-0.471277,-0.0711748,-0.0802032,0.0231614,0.0999656,-0.08809,-0,0,-0.0161466,-0.0231614,-0.0999656,-0.346898,-0.536544,0.0711506,-0.853205,1.00782,2.42115e-05,-14.2572,-0.471277,-0.0711748,-0.110052,0.0231614,0.0999656,-0.08809,-0.102372,0.0221817,-0.000698921,-0.142869,0.0067399,0.00955137,0,0,True,True
0.565,-0,0,-0.0384234,-0.0236657,-0.10178,0.792042,-0.536185,0.0725843,-0.553277,1.00782,-0.000255917,-13.9029,-0.471636,-0.0723284,-0.0777671,0.0236657,0.10178,-0.0898409,-0,0,-0.0163983,-0.0236657,-0.10178,-0.340062,-0.536185,0.0725843,-0.860674,1.00782,-0.000255917,-14.259,-0.471636,-0.0723284,-0.108215,0.0236657,0.10178,-0.0898409,-0.102382,0.0246282,-0.00058756,-0.145338,0.00688795,0.00975922,0,0,True,True
0.57,-0,0,-0.0392701,-0.0241792,-0.10363,0.798952,-0.535818,0.0740512,-0.553567,1.00782,-0.000551421,-13.9047,-0.472001,-0.0734998,-0.0752561,0.0241792,0.10363,-0.0916272,-0,0,-0.0166523,-0.0241792,-0.10363,-0.333149,-0.535818,0.0740512,-0.868259,1.00782,-0.000551421,-14.261,-0.472001,-0.0734998,-0.106315,0.0241792,0.10363,-0.0916272,-0.102379,0.0271364,-0.000469831,-0.147851,0.00703866,0.00997085,0,0,True,True
0.575,-0,0,-0.0401359,-0.024702,-0.105517,0.805943,-0.535444,0.0755521,-0.553868,1.00782,-0.000863,-13.9064,-0.472371,-0.0746891,-0.0726814,0.024702,0.105517,-0.0934493,-0,0,-0.0169084,-0.024702,-0.105517,-0.326154,-0.535444,0.0755521,-0.875965,1.00782,-0.000863,-14.263,-0.472371,-0.0746891,-0.104363,0.024702,0.105517,-0.0934493,-0.102369,0.0297009,-0.000345334,-0.150409,0.00719207,0.0101863,0,0,True,True
0.58,-0,0,-0.0410219,-0.0252343,-0.10744,0.813019,-0.535063,0.0770877,-0.554182,1.00781,-0.00119138,-13.908,-0.472747,-0.0758963,-0.070058,0.0252343,0.10744,-0.0953076,-0,0,-0.0171668,-0.0252343,-0.10744,-0.319074,-0.535063,0.0770877,-0.883802,1.00781,-0.00119138,-14.2651,-0.472747,-0.0758963,-0.102375,0.0252343,0.10744,-0.0953076,-0.102359,0.0323147,-0.000213683,-0.153013,0.00734823,0.0104057,0,0,True,True
0.585,-0,0,-0.041929,-0.0257764,-0.109401,0.820185,-0.534673,0.078659,-0.554511,1.0078,-0.00153732,-13.9096,-0.47313,-0.0771217,-0.0674009,0.0257764,0.109401,-0.0972029,-0,0,-0.0174273,-0.0257764,-0.109401,-0.311903,-0.534673,0.078659,-0.891778,1.0078,-0.00153732,-14.2673,-0.47313,-0.0771217,-0.100366,0.0257764,0.109401,-0.0972029,-0.102358,0.0349707,-7.45094e-05,-0.155662,0.00750721,0.0106291,0,0,True,True
0.59,-0,0,-0.042858,-0.0263283,-0.1114,0.827444,-0.534276,0.0802668,-0.554856,1.00779,-0.00190159,-13.9111,-0.473519,-0.0783652,-0.0647229,0.0263283,0.1114,-0.0991354,-0,0,-0.01769,-0.0263283,-0.1114,-0.30464,-0.534276,0.0802668,-0.899901,1.00779,-0.00190159,-14.2697,-0.473519,-0.0783652,-0.098349,0.0263283,0.1114,-0.0991354,-0.102372,0.0376629,7.25417e-05,-0.158358,0.00766905,0.0108566,0,0,True,True
0.595,-0,0,-0.04381,-0.0268904,-0.113439,0.8348,-0.533871,0.0819121,-0.555219,1.00778,-0.00228501,-13.9126,-0.473914,-0.0796271,-0.0620345,0.0268904,0.113439,-0.101106,-0,0,-0.0179548,-0.0268904,-0.113439,-0.29728,-0.533871,0.0819121,-0.908178,1.00778,-0.00228501,-14.2721,-0.473914,-0.0796271,-0.0963359,0.0268904,0.113439,-0.101106,-0.102407,0.0403865,0.000227817,-0.161102,0.00783381,0.0110882,0,0,True,True
0.6,-0,0,-0.0447857,-0.0274627,-0.115517,0.842256,-0.533457,0.083596,-0.5556,1.00777,-0.00268843,-13.9141,-0.474315,-0.0809076,-0.0593432,0.0274627,0.115517,-0.103115,-0,0,-0.0182216,-0.0274627,-0.115517,-0.289821,-0.533457,0.083596,-0.916615,1.00777,-0.00268843,-14.2747,-0.474315,-0.0809076,-0.0943341,0.0274627,0.115517,-0.103115,-0.102468,0.0431383,0.000391662,-0.163894,0.00800154,0.011324,0,0,True,True
0.605,-0,0,-0.045786,-0.0280455,-0.117636,0.849814,-0.533035,0.0853194,-0.556001,1.00776,-0.00311271,-13.9156,-0.474723,-0.0822067,-0.0566537,0.0280455,0.117636,-0.105164,-0,0,-0.0184906,-0.0280455,-0.117636,-0.282259,-0.533035,0.0853194,-0.925217,1.00776,-0.00311271,-14.2774,-0.474723,-0.0822067,-0.0923489,0.0280455,0.117636,-0.105164,-0.102557,0.0459163,0.000564424,-0.166735,0.0081723,0.0115642,0,0,True,True
0.61,-0,0,-0.0468116,-0.0286391,-0.119797,0.857476,-0.532604,0.0870834,-0.55642,1.00774,-0.00355879,-13.917,-0.475137,-0.0835246,-0.0539683,0.0286391,0.119797,-0.107252,-0,0,-0.0187615,-0.0286391,-0.119797,-0.274593,-0.532604,0.0870834,-0.93399,1.00774,-0.00355879,-14.2803,-0.475137,-0.0835246,-0.0903829,0.0286391,0.119797,-0.107252,-0.102675,0.0487201,0.000746462,-0.169626,0.00834615,0.0118088,0,0,True,True
0.615,-0,0,-0.0478633,-0.0292435,-0.122,0.865245,-0.532164,0.0888891,-0.556859,1.00772,-0.00402761,-13.9184,-0.475558,-0.0848615,-0.0512869,0.0292435,0.122,-0.109382,-0,0,-0.0190343,-0.0292435,-0.122,-0.26682,-0.532164,0.0888891,-0.942937,1.00772,-0.00402761,-14.2833,-0.475558,-0.0848615,-0.0884364,0.0292435,0.122,-0.109382,-0.102824,0.05155,0.000938146,-0.172567,0.00852314,0.0120579,0,0,True,True
0.62,-0,0,-0.0489418,-0.0298591,-0.124246,0.873123,-0.531715,0.0907377,-0.557316,1.0077,-0.00452017,-13.9198,-0.475986,-0.0862175,-0.0486078,0.0298591,0.124246,-0.111553,-0,0,-0.0193089,-0.0298591,-0.124246,-0.258937,-0.531715,0.0907377,-0.95206,1.0077,-0.00452017,-14.2864,-0.475986,-0.0862175,-0.086508,0.0298591,0.124246,-0.111553,-0.103002,0.0544075,0.00113987,-0.17556,0.00870335,0.0123115,0,0,True,True
0.625,-0,0,-0.0500476,-0.030486,-0.126537,0.881112,-0.531257,0.0926303,-0.557791,1.00768,-0.0050375,-13.9211,-0.47642,-0.0875928,-0.045928,0.030486,0.126537,-0.113766,-0,0,-0.0195852,-0.030486,-0.126537,-0.250943,-0.531257,0.0926303,-0.961363,1.00768,-0.0050375,-14.2897,-0.47642,-0.0875928,-0.0845949,0.030486,0.126537,-0.113766,-0.10321,0.0572947,0.00135203,-0.178605,0.00888682,0.0125698,0,0,True,True
0.63,-0,0,-0.0511815,-0.0311244,-0.128872,0.889214,-0.530789,0.0945682,-0.558283,1.00765,-0.00558068,-13.9224,-0.476862,-0.0889875,-0.0432438,0.0311244,0.128872,-0.116023,-0,0,-0.0198629,-0.0311244,-0.128872,-0.242833,-0.530789,0.0945682,-0.970849,1.00765,-0.00558068,-14.2931,-0.476862,-0.0889875,-0.0826938,0.0311244,0.128872,-0.116023,-0.103445,0.0602139,0.00157508,-0.181703,0.00907363,0.0128329,0,0,True,True
0.635,-0,0,-0.0523441,-0.0317747,-0.131253,0.897432,-0.530311,0.0965525,-0.558793,1.00762,-0.00615085,-13.9237,-0.47731,-0.0904016,-0.0405512,0.0317747,0.131253,-0.118324,-0,0,-0.0201418,-0.0317747,-0.131253,-0.234607,-0.530311,0.0965525,-0.98052,1.00762,-0.00615085,-14.2966,-0.47731,-0.0904016,-0.0808008,0.0317747,0.131253,-0.118324,-0.103707,0.0631676,0.00180948,-0.184855,0.00926384,0.0131009,0,0,True,True
0.64,-0,0,-0.053536,-0.032437,-0.133681,0.905769,-0.529823,0.0985844,-0.559319,1.00759,-0.00674919,-13.925,-0.477766,-0.0918352,-0.0378463,0.032437,0.133681,-0.120669,-0,0,-0.0204219,-0.032437,-0.133681,-0.226259,-0.529823,0.0985844,-0.990378,1.00759,-0.00674919,-14.3003,-0.477766,-0.0918352,-0.0789124,0.032437,0.133681,-0.120669,-0.103993,0.0661582,0.0020557,-0.188061,0.0094575,0.0133737,0,0,True,True
0.645,-0,0,-0.054758,-0.0331115,-0.136156,0.91423,-0.529325,0.100665,-0.559861,1.00755,-0.0073769,-13.9262,-0.478228,-0.0932885,-0.0351254,0.0331115,0.136156,-0.12306,-0,0,-0.0207029,-0.0331115,-0.136156,-0.217787,-0.529325,0.100665,-1.00043,1.00755,-0.0073769,-14.3041,-0.478228,-0.0932885,-0.0770252,0.0331115,0.136156,-0.12306,-0.104303,0.0691882,0.00231426,-0.191323,0.0096547,0.0136517,0,0,True,True
0.65,-0,0,-0.0560108,-0.0337985,-0.13868,0.922818,-0.528816,0.102797,-0.560418,1.00751,-0.00803528,-13.9274,-0.478698,-0.0947613,-0.0323854,0.0337985,0.13868,-0.125498,-0,0,-0.0209845,-0.0337985,-0.13868,-0.209186,-0.528816,0.102797,-1.01067,1.00751,-0.00803528,-14.308,-0.478698,-0.0947613,-0.0751362,0.0337985,0.13868,-0.125498,-0.104635,0.0722594,0.0025857,-0.19464,0.00985549,0.0139348,0,0,True,True
0.655,-0,0,-0.0572951,-0.0344983,-0.141253,0.931542,-0.528297,0.10498,-0.560989,1.00747,-0.00872565,-13.9285,-0.479176,-0.0962539,-0.0296236,0.0344983,0.141253,-0.127982,-0,0,-0.0212666,-0.0344983,-0.141253,-0.20045,-0.528297,0.10498,-1.02111,1.00747,-0.00872565,-14.3121,-0.479176,-0.0962539,-0.073243,0.0344983,0.141253,-0.127982,-0.104988,0.0753737,0.00287057,-0.198015,0.01006,0.0142231,0,0,True,True
0.66,-0,0,-0.0586117,-0.0352111,-0.143877,0.940409,-0.527767,0.107215,-0.561574,1.00743,-0.0094494,-13.9296,-0.479661,-0.0977661,-0.0268377,0.0352111,0.143877,-0.130514,-0,0,-0.0215488,-0.0352111,-0.143877,-0.191574,-0.527767,0.107215,-1.03175,1.00743,-0.0094494,-14.3162,-0.479661,-0.0977661,-0.0713437,0.0352111,0.143877,-0.130514,-0.105361,0.0785325,0.00316944,-0.201447,0.0102681,0.0145168,0,0,True,True
0.665,-0,0,-0.0599615,-0.0359371,-0.146552,0.949431,-0.527225,0.109506,-0.56217,1.00738,-0.010208,-13.9307,-0.480154,-0.0992979,-0.0240256,0.0359371,0.146552,-0.133093,-0,0,-0.021831,-0.0359371,-0.146552,-0.182548,-0.527225,0.109506,-1.0426,1.00738,-0.010208,-14.3205,-0.480154,-0.0992979,-0.0694365,0.0359371,0.146552,-0.133093,-0.105755,0.0817371,0.00348293,-0.204938,0.0104801,0.0148159,0,0,True,True
0.67,-0,0,-0.0613453,-0.0366766,-0.14928,0.958622,-0.526672,0.111852,-0.562778,1.00733,-0.0110029,-13.9319,-0.480654,-0.100849,-0.0211854,0.0366766,0.14928,-0.13572,-0,0,-0.0221128,-0.0366766,-0.14928,-0.173365,-0.526672,0.111852,-1.05366,1.00733,-0.0110029,-14.3248,-0.480654,-0.100849,-0.0675198,0.0366766,0.14928,-0.13572,-0.106167,0.0849885,0.00381164,-0.208488,0.010696,0.0151206,0,0,True,True
0.675,-0,0,-0.0627639,-0.0374299,-0.152061,0.967998,-0.526106,0.114256,-0.563395,1.00727,-0.0118356,-13.933,-0.481162,-0.10242,-0.0183153,0.0374299,0.152061,-0.138396,-0,0,-0.022394,-0.0374299,-0.152061,-0.164012,-0.526106,0.114256,-1.06493,1.00727,-0.0118356,-14.3292,-0.481162,-0.10242,-0.0655921,0.0374299,0.152061,-0.138396,-0.106597,0.0882877,0.0041562,-0.212098,0.0109159,0.015431,0,0,True,True
0.68,-0,0,-0.0642184,-0.0381972,-0.154896,0.97758,-0.525529,0.116719,-0.564019,1.00721,-0.0127079,-13.9342,-0.481678,-0.104011,-0.015413,0.0381972,0.154896,-0.141119,-0,0,-0.0226742,-0.0381972,-0.154896,-0.154479,-0.525529,0.116719,-1.07643,1.00721,-0.0127079,-14.3336,-0.481678,-0.104011,-0.0636515,0.0381972,0.154896,-0.141119,-0.107044,0.0916357,0.00451726,-0.215769,0.0111397,0.0157471,0,0,True,True
0.685,-0,0,-0.0657096,-0.0389788,-0.157786,0.987392,-0.524939,0.119242,-0.564649,1.00714,-0.0136213,-13.9354,-0.482202,-0.105621,-0.0124761,0.0389788,0.157786,-0.143891,-0,0,-0.0229533,-0.0389788,-0.157786,-0.144749,-0.524939,0.119242,-1.08815,1.00714,-0.0136213,-14.3381,-0.482202,-0.105621,-0.0616958,0.0389788,0.157786,-0.143891,-0.107506,0.0950334,0.00489547,-0.219501,0.0113677,0.0160692,0,0,True,True
0.69,-0,0,-0.0672386,-0.0397751,-0.160732,0.997463,-0.524337,0.121828,-0.565281,1.00707,-0.0145777,-13.9367,-0.482734,-0.10725,-0.00950163,0.0397751,0.160732,-0.146709,-0,0,-0.0232308,-0.0397751,-0.160732,-0.134809,-0.524337,0.121828,-1.10011,1.00707,-0.0145777,-14.3425,-0.482734,-0.10725,-0.0597226,0.0397751,0.160732,-0.146709,-0.107982,0.0984819,0.00529148,-0.223294,0.0115999,0.0163972,0,0,True,True
0.695,-0,0,-0.0688064,-0.0405861,-0.163735,1.00782,-0.523721,0.124477,-0.565913,1.007,-0.0155788,-13.9382,-0.483275,-0.108899,-0.00648638,0.0405861,0.163735,-0.149575,-0,0,-0.0235064,-0.0405861,-0.163735,-0.124641,-0.523721,0.124477,-1.1123,1.007,-0.0155788,-14.3469,-0.483275,-0.108899,-0.057729,0.0405861,0.163735,-0.149575,-0.108469,0.101982,0.00570595,-0.227151,0.0118363,0.0167314,0,0,True,True
0.7,-0,0,-0.0704141,-0.0414124,-0.166796,1.0185,-0.523092,0.127192,-0.566542,1.00692,-0.0166265,-13.9399,-0.483823,-0.110566,-0.00342688,0.0414124,0.166796,-0.152486,-0,0,-0.0237799,-0.0414124,-0.166796,-0.114229,-0.523092,0.127192,-1.12474,1.00692,-0.0166265,-14.3511,-0.483823,-0.110566,-0.055712,0.0414124,0.166796,-0.152486,-0.108965,0.105536,0.00613957,-0.23107,0.0120771,0.0170718,0,0,True,True
0.705,-0,0,-0.0720629,-0.0422541,-0.169916,1.02953,-0.522449,0.129975,-0.567168,1.00683,-0.0177228,-13.9417,-0.48438,-0.112252,-0.000319942,0.0422541,0.169916,-0.155443,-0,0,-0.024051,-0.0422541,-0.169916,-0.103559,-0.522449,0.129975,-1.13743,1.00683,-0.0177228,-14.3552,-0.48438,-0.112252,-0.0536689,0.0422541,0.169916,-0.155443,-0.109468,0.109144,0.006593,-0.235053,0.0123223,0.0174186,0,0,True,True
0.71,-0,0,-0.0737542,-0.0431116,-0.173095,1.04093,-0.521792,0.132827,-0.567787,1.00674,-0.0188697,-13.9438,-0.484946,-0.113957,0.00283652,0.0431116,0.173095,-0.158446,-0,0,-0.0243195,-0.0431116,-0.173095,-0.0926225,-0.521792,0.132827,-1.15038,1.00674,-0.0188697,-14.3591,-0.484946,-0.113957,-0.0515983,0.0431116,0.173095,-0.158446,-0.109977,0.112807,0.00706693,-0.239101,0.0125721,0.0177719,0,0,True,True
0.715,-0,0,-0.0754897,-0.0439851,-0.176335,1.05271,-0.521121,0.135749,-0.568402,1.00664,-0.0200693,-13.9461,-0.48552,-0.11568,0.00604225,0.0439851,0.176335,-0.161496,-0,0,-0.0245851,-0.0439851,-0.176335,-0.08142,-0.521121,0.135749,-1.16358,1.00664,-0.0200693,-14.3629,-0.48552,-0.11568,-0.0495011,0.0439851,0.176335,-0.161496,-0.110493,0.116527,0.00756208,-0.243213,0.0128264,0.0181318,0,0,True,True
0.72,-0,0,-0.077271,-0.0448749,-0.179636,1.06483,-0.520435,0.138745,-0.569016,1.00654,-0.0213239,-13.9486,-0.486103,-0.117421,0.00929284,0.0448749,0.179636,-0.164597,-0,0,-0.0248477,-0.0448749,-0.179636,-0.0699668,-0.520435,0.138745,-1.17705,1.00654,-0.0213239,-14.3665,-0.486103,-0.117421,-0.0473826,0.0448749,0.179636,-0.164597,-0.111021,0.120303,0.00807922,-0.24739,0.0130854,0.0184984,0,0,True,True
0.725,-0,0,-0.0791003,-0.0457814,-0.182999,1.07724,-0.519733,0.141816,-0.569636,1.00643,-0.0226356,-13.9511,-0.486694,-0.119181,0.012577,0.0457814,0.182999,-0.167752,-0,0,-0.0251071,-0.0457814,-0.182999,-0.0583007,-0.519733,0.141816,-1.19079,1.00643,-0.0226356,-14.3702,-0.486694,-0.119181,-0.0452553,0.0457814,0.182999,-0.167752,-0.111569,0.124132,0.00861917,-0.251634,0.0133492,0.0188719,0,0,True,True
0.73,-0,0,-0.0809803,-0.0467049,-0.186426,1.08979,-0.519016,0.144964,-0.570278,1.00631,-0.0240069,-13.9535,-0.487294,-0.120957,0.0158735,0.0467049,0.186426,-0.170973,-0,0,-0.0253631,-0.0467049,-0.186426,-0.046491,-0.519016,0.144964,-1.2048,1.00631,-0.0240069,-14.3741,-0.487294,-0.120957,-0.0431418,0.0467049,0.186426,-0.170973,-0.112157,0.128013,0.00918293,-0.255943,0.0136179,0.0192524,0,0,True,True
0.735,-0,0,-0.0829138,-0.0476457,-0.189918,1.10224,-0.518284,0.148191,-0.570962,1.00619,-0.0254404,-13.9555,-0.487904,-0.122751,0.0191464,0.0476457,0.189918,-0.174275,-0,0,-0.0256158,-0.0476457,-0.189918,-0.0346496,-0.518284,0.148191,-1.21907,1.00619,-0.0254404,-14.3786,-0.487904,-0.122751,-0.0410793,0.0476457,0.189918,-0.174275,-0.112811,0.131937,0.00977165,-0.260321,0.0138915,0.0196401,0,0,True,True
0.74,-0,0,-0.0849041,-0.0486041,-0.193477,1.11426,-0.517534,0.1515,-0.57172,1.00606,-0.0269387,-13.9566,-0.488522,-0.124562,0.0223411,0.0486041,0.193477,-0.177678,-0,0,-0.0258646,-0.0486041,-0.193477,-0.0229405,-0.517534,0.1515,-1.23362,1.00606,-0.0269387,-14.3842,-0.488522,-0.124562,-0.0391244,0.0486041,0.193477,-0.177678,-0.113576,0.135892,0.0103868,-0.264766,0.0141702,0.0200349,0,0,True,True
0.745,-0,0,-0.086955,-0.0495805,-0.197105,1.12534,-0.516769,0.154894,-0.572593,1.00592,-0.0285049,-13.9561,-0.489149,-0.126389,0.0253798,0.0495805,0.197105,-0.181214,-0,0,-0.0261091,-0.0495805,-0.197105,-0.0115882,-0.516769,0.154894,-1.24845,1.00592,-0.0285049,-14.3917,-0.489149,-0.126389,-0.0373564,0.0495805,0.197105,-0.181214,-0.114511,0.139863,0.0110303,-0.269282,0.0144541,0.0204372,0,0,True,True
0.75,-0,0,-0.0890703,-0.0505751,-0.200805,1.13481,-0.515986,0.158375,-0.573634,1.00577,-0.0301422,-13.9533,-0.489786,-0.128233,0.0281592,0.0505751,0.200805,-0.18492,-0,0,-0.0263484,-0.0505751,-0.200805,-0.000876595,-0.515986,0.158375,-1.26356,1.00577,-0.0301422,-14.4021,-0.489786,-0.128233,-0.0358803,0.0505751,0.200805,-0.18492,-0.115698,0.143826,0.0117045,-0.273871,0.0147432,0.0208471,0,0,True,True
0.755,-0,0,-0.0912532,-0.0515885,-0.204582,1.14188,-0.515185,0.161946,-0.574899,1.00562,-0.0318542,-13.947,-0.490432,-0.130092,0.0305542,0.0515885,0.204582,-0.188843,-0,0,-0.0265807,-0.0515885,-0.204582,0.00887004,-0.515185,0.161946,-1.27895,1.00562,-0.0318542,-14.4165,-0.490432,-0.130092,-0.034822,0.0515885,0.204582,-0.188843,-0.117232,0.147751,0.0124126,-0.278534,0.0150376,0.0212647,0,0,True,True
0.76,-0,0,-0.0935063,-0.052621,-0.208442,1.14574,-0.514366,0.165612,-0.576441,1.00545,-0.0336448,-13.9364,-0.491087,-0.131968,0.0324325,0.052621,0.208442,-0.19303,-0,0,-0.0268039,-0.052621,-0.208442,0.0173401,-0.514366,0.165612,-1.29466,1.00545,-0.0336448,-14.4362,-0.491087,-0.131968,-0.034314,0.052621,0.208442,-0.19303,-0.119214,0.151607,0.0131585,-0.283278,0.0153375,0.0216901,0,0,True,True
0.765,-0,0,-0.09583,-0.0536729,-0.212391,1.14578,-0.513529,0.169377,-0.578286,1.00528,-0.0355185,-13.9206,-0.491751,-0.133859,0.0336912,0.0536729,0.212391,-0.197512,-0,0,-0.0270148,-0.0536729,-0.212391,0.0243498,-0.513529,0.169377,-1.31071,1.00528,-0.0355185,-14.4619,-0.491751,-0.133859,-0.0344577,0.0536729,0.212391,-0.197512,-0.121718,0.155367,0.0139467,-0.288106,0.015643,0.0221236,0,0,True,True
0.77,-0,0,-0.0982218,-0.0547449,-0.216436,1.14214,-0.512672,0.173245,-0.580396,1.0051,-0.0374801,-13.9,-0.492425,-0.135765,0.0343333,0.0547449,0.216436,-0.202281,-0,0,-0.0272104,-0.0547449,-0.216436,0.0300636,-0.512672,0.173245,-1.32715,1.0051,-0.0374801,-14.4934,-0.492425,-0.135765,-0.0352468,0.0547449,0.216436,-0.202281,-0.124738,0.159026,0.0147822,-0.293023,0.0159541,0.0225653,0,0,True,True
0.775,-0,0,-0.100675,-0.0558373,-0.220583,1.1367,-0.511796,0.177221,-0.582594,1.00491,-0.0395344,-13.877,-0.493109,-0.137686,0.0346129,0.0558373,0.220583,-0.207228,-0,0,-0.0273888,-0.0558373,-0.220583,0.0353892,-0.511796,0.177221,-1.34404,1.00491,-0.0395344,-14.528,-0.493109,-0.137686,-0.036423,0.0558373,0.220583,-0.207228,-0.128067,0.162632,0.0156694,-0.298034,0.0162711,0.0230155,0,0,True,True
0.78,-0,0,-0.103181,-0.0569507,-0.224834,1.13479,-0.5109,0.181307,-0.584456,1.0047,-0.0416857,-13.8585,-0.493802,-0.139622,0.0352962,0.0569507,0.224834,-0.212054,-0,0,-0.027554,-0.0569507,-0.224834,0.0426556,-0.5109,0.181307,-1.36141,1.0047,-0.0416857,-14.5576,-0.493802,-0.139622,-0.0372164,0.0569507,0.224834,-0.212054,-0.131106,0.166351,0.0166102,-0.303139,0.0165939,0.0234743,0,0,True,True
0.785,-0,0,-0.105727,-0.0580856,-0.229181,1.14827,-0.509983,0.185506,-0.585118,1.00449,-0.0439363,-13.8592,-0.494505,-0.14157,0.038116,0.0580856,0.229181,-0.216102,-0,0,-0.0277226,-0.0580856,-0.229181,0.0567387,-0.509983,0.185506,-1.3793,1.00449,-0.0439363,-14.5652,-0.494505,-0.14157,-0.0358978,0.0580856,0.229181,-0.216102,-0.132505,0.170564,0.0175998,-0.308332,0.0169228,0.0239421,0,0,True,True
0.79,-0,0,-0.108313,-0.0592425,-0.233593,1.20065,-0.509045,0.189811,-0.582983,1.00426,-0.0462836,-13.9083,-0.495218,-0.143527,0.0465372,0.0592425,0.233593,-0.218082,-0,0,-0.0279396,-0.0592425,-0.233593,0.0868871,-0.509045,0.189811,-1.39758,1.00426,-0.0462836,-14.5168,-0.495218,-0.143527,-0.0290256,0.0592425,0.233593,-0.218082,-0.129588,0.176056,0.0186201,-0.313587,0.0172579,0.0244189,0,0,True,True
0.795,-0,0,-0.110964,-0.0604216,-0.237999,1.33547,-0.508085,0.194205,-0.575269,1.00403,-0.0487158,-14.0588,-0.49594,-0.145489,0.0670124,0.0604216,0.237999,-0.215629,-0,0,-0.0283053,-0.0604216,-0.237999,0.149594,-0.508085,0.194205,-1.41586,1.00403,-0.0487158,-14.3504,-0.49594,-0.145489,-0.010218,0.0604216,0.237999,-0.215629,-0.117389,0.184305,0.019627,-0.318847,0.0175992,0.0249048,0,0,True,True
0.8,-0,0,-0.113787,-0.0616225,-0.242255,1.61676,-0.507103,0.198648,-0.558214,1.00378,-0.0512024,-14.388,-0.496673,-0.147446,0.109045,0.0616225,0.242255,-0.205309,-0,0,-0.0289986,-0.0616225,-0.242255,0.267934,-0.507103,0.198648,-1.43318,1.00378,-0.0512024,-13.9754,-0.496673,-0.147446,0.0298701,0.0616225,0.242255,-0.205309,-0.0886272,0.197519,0.0205293,-0.323998,0.0179468,0.0253998,0,0,True,True
0.805,-0,0,-0.117007,-0.0628441,-0.246122,2.08227,-0.506099,0.203071,-0.530375,1.00351,-0.0536883,-14.9389,-0.497415,-0.149383,0.178208,0.0628441,0.246122,-0.185203,-0,0,-0.0301981,-0.0628441,-0.246122,0.452712,-0.506099,0.203071,-1.44825,1.00351,-0.0536883,-13.341,-0.497415,-0.149383,0.0965889,0.0628441,0.246122,-0.185203,-0.0390855,0.217047,0.0211766,-0.328852,0.0183007,0.0259034,0.000892857,0.00535714,True,True
0.81,-0,0,-0.12087,-0.0640837,-0.249364,2.70008,-0.505072,0.207401,-0.495068,1.00324,-0.0561121,-15.6683,-0.498167,-0.151289,0.269811,0.0640837,0.249364,-0.157216,-0,0,-0.0319451,-0.0640837,-0.249364,0.687269,-0.505072,0.207401,-1.46005,1.00324,-0.0561121,-12.4967,-0.498167,-0.151289,0.185088,0.0640837,0.249364,-0.157216,0.0275155,0.241918,0.0214161,-0.333223,0.018661,0.0264144,0.00178571,0.0107143,True,True
0.815,-0,0,-0.125507,-0.0653377,-0.251834,3.40925,-0.504025,0.211588,-0.457097,1.00295,-0.0584281,-16.4988,-0.498928,-0.153159,0.37508,0.0653377,0.251834,-0.124767,-0,0,-0.0341678,-0.0653377,-0.251834,0.94538,-0.504025,0.211588,-1.46811,1.00295,-0.0584281,-11.5319,-0.498928,-0.153159,0.286561,0.0653377,0.251834,-0.124767,0.104296,0.270247,0.0211521,-0.337002,0.0190273,0.0269313,0.00267857,0.0160714,True,True
0.82,-0,0,-0.130951,-0.0666021,-0.253462,4.16726,-0.502956,0.215601,-0.419638,1.00265,-0.0606045,-17.377,-0.499698,-0.154997,0.488182,0.0666021,0.253462,-0.0902049,-0,0,-0.0367855,-0.0666021,-0.253462,1.20954,-0.502956,0.215601,-1.47212,1.00265,-0.0606045,-10.5081,-0.499698,-0.154997,0.395202,0.0666021,0.253462,-0.0902049,0.186626,0.300835,0.0203346,-0.340137,0.0193995,0.0274525,0.00357143,0.0214286,True,True
0.825,-0,0,-0.137182,-0.0678724,-0.254217,4.95079,-0.501869,0.219422,-0.384404,1.00235,-0.062617,-18.2738,-0.500478,-0.156805,0.606231,0.0678724,0.254217,-0.0547935,-0,0,-0.0397352,-0.0678724,-0.254217,1.4705,-0.501869,0.219422,-1.47179,1.00235,-0.062617,-9.45831,-0.500478,-0.156805,0.50817,0.0678724,0.254217,-0.0547935,0.272145,0.333162,0.0189392,-0.342607,0.0197775,0.0279762,0.00446429,0.0267857,True,True
0.83,-0,0,-0.144166,-0.0691442,-0.254088,5.74798,-0.500762,0.223035,-0.352274,1.00203,-0.0644457,-19.1748,-0.501266,-0.158589,0.728024,0.0691442,0.254088,-0.0191566,-0,0,-0.0429715,-0.0691442,-0.254088,1.7238,-0.500762,0.223035,-1.46681,1.00203,-0.0644457,-8.39897,-0.501266,-0.158589,0.624307,0.0691442,0.254088,-0.0191566,0.359801,0.367076,0.0169556,-0.34441,0.020161,0.0285006,0.00535714,0.0321429,True,True
0.835,-0,0,-0.151881,-0.0704133,-0.253076,6.55364,-0.499638,0.226426,-0.323656,1.0017,-0.0660725,-20.0737,-0.502064,-0.160353,0.853161,0.0704133,0.253076,0.0164514,-0,0,-0.0464669,-0.0704133,-0.253076,1.96765,-0.499638,0.226426,-1.45696,1.0017,-0.0660725,-7.33687,-0.502064,-0.160353,0.743241,0.0704133,0.253076,0.0164514,0.449212,0.402559,0.0143801,-0.345548,0.0205498,0.0290237,0.00625,0.0375,True,True
0.84,-0,0,-0.160342,-0.071675,-0.251182,7.36631,-0.498498,0.229583,-0.298683,1.00137,-0.0674802,-20.9691,-0.50287,-0.162103,0.981356,0.071675,0.251182,0.0519822,-0,0,-0.0502148,-0.071675,-0.251182,2.20179,-0.498498,0.229583,-1.44223,1.00137,-0.0674802,-6.27376,-0.50287,-0.162103,0.86468,0.071675,0.251182,0.0519822,0.540199,0.439503,0.011211,-0.346027,0.0209436,0.0295439,0.00714286,0.0428571,True,True
0.845,-0,0,-0.169652,-0.0729251,-0.24841,8.18657,-0.497342,0.232495,-0.277287,1.00103,-0.0686514,-21.8625,-0.503685,-0.163844,1.11176,0.0729251,0.24841,0.087497,-0,0,-0.0542379,-0.0729251,-0.24841,2.42668,-0.497342,0.232495,-1.42309,1.00103,-0.0686514,-5.20924,-0.503685,-0.163844,0.987705,0.0729251,0.24841,0.087497,0.632369,0.477451,0.00744573,-0.345853,0.0213423,0.0300593,0.00803571,0.0482143,True,True
0.85,-0,0,-0.180064,-0.0741591,-0.244759,9.01588,-0.496173,0.235151,-0.259179,1.00068,-0.0695685,-22.7571,-0.504508,-0.165583,1.24208,0.0741591,0.244759,0.123107,-0,0,-0.0586038,-0.0741591,-0.244759,2.64314,-0.496173,0.235151,-1.40093,1.00068,-0.0695685,-4.14286,-0.504508,-0.165583,1.10985,0.0741591,0.244759,0.123107,0.724629,0.515218,0.00307783,-0.345031,0.0217455,0.0305681,0.00892857,0.0535714,True,True
0.855,-0,0,-0.1921,-0.0753727,-0.240225,9.85577,-0.494991,0.237547,-0.243738,1.00033,-0.0702134,-23.6575,-0.505341,-0.167333,1.36738,0.0753727,0.240225,0.158927,-0,0,-0.0634515,-0.0753727,-0.240225,2.85202,-0.494991,0.237547,-1.3788,1.00033,-0.0702134,-3.07626,-0.505341,-0.167333,1.22581,0.0753727,0.240225,0.158927,0.814511,0.550328,-0.0019066,-0.343572,0.0221531,0.0310684,0.00982143,0.0589286,True,True
0.86,-0,0,-0.206729,-0.0765614,-0.234804,10.7069,-0.493797,0.239688,-0.229786,0.999979,-0.0705683,-24.5688,-0.506182,-0.169119,1.4781,0.0765614,0.234804,0.195033,-0,0,-0.0690338,-0.0765614,-0.234804,3.05397,-0.493797,0.239688,-1.36254,0.999979,-0.0705683,-2.01588,-0.506182,-0.169119,1.32535,0.0765614,0.234804,0.195033,0.897156,0.578114,-0.00753392,-0.341493,0.0225649,0.0315584,0.0107143,0.0642857,True,True
0.865,-0,0,-0.225652,-0.0777207,-0.228489,11.5678,-0.492594,0.2416,-0.215205,0.999626,-0.0706166,-25.4971,-0.507032,-0.170984,1.55714,0.0777207,0.228489,0.231392,-0,0,-0.0757826,-0.0777207,-0.228489,3.24901,-0.492594,0.2416,-1.36267,0.999626,-0.0706166,-0.977142,-0.507032,-0.170984,1.39018,0.0777207,0.228489,0.231392,0.963723,0.590342,-0.0138506,-0.338832,0.0229807,0.0320363,0.0116071,0.0696429,True,True
0.87,-0,0,-0.251746,-0.0788462,-0.221276,12.4321,-0.491381,0.243348,-0.196324,0.999273,-0.070345,-26.4475,-0.507891,-0.173003,1.57519,0.0788462,0.221276,0.267745,-0,0,-0.0844065,-0.0788462,-0.221276,3.43602,-0.491381,0.243348,-1.39726,0.999273,-0.070345,0.00887798,-0.507891,-0.173003,1.38902,0.0788462,0.221276,0.267745,0.998932,0.573065,-0.0209345,-0.335662,0.0234003,0.0325003,0.0125,0.075,True,True
0.875,-0,0,-0.289521,-0.0799335,-0.213171,13.2846,-0.490161,0.245058,-0.167343,0.998922,-0.0697478,-27.4218,-0.508762,-0.17531,1.48567,0.0799335,0.213171,0.303389,-0,0,-0.0960073,-0.0799335,-0.213171,3.61157,-0.490161,0.245058,-1.49497,0.998922,-0.0697478,0.886152,-0.508762,-0.17531,1.27222,0.0799335,0.213171,0.30339,0.978254,0.504321,-0.0289126,-0.332119,0.023824,0.0329483,0.0133929,0.0803571,True,True
0.88,-0,0,-0.332491,-0.080978,-0.204208,14.0949,-0.488931,0.246954,-0.159142,0.998575,-0.0688343,-28.3844,-0.509645,-0.17812,1.33018,0.080978,0.204208,0.336931,-0,0,-0.114449,-0.080978,-0.204209,3.77218,-0.488931,0.246917,-1.59796,0.998575,-0.0687719,1.74564,-0.509645,-0.178145,1.09432,0.080978,0.204209,0.337221,0.922077,0.405276,-0.0379778,-0.328441,0.0242522,0.0333787,0.0142857,0.0857143,True,True
0.885,-0,0,-0.951453,-0.0819755,-0.194463,20.9978,-0.487691,0.248901,2.3179,0.998234,-0.0676176,-27.5381,-0.510543,-0.181283,2.76323,0.0819755,0.194463,1.31534,-0,0,0.00898749,-0.0819756,-0.194754,-1.69647,-0.487691,0.241257,-4.01091,0.998235,-0.0547222,1.37524,-0.510543,-0.186535,-0.190503,0.0819756,0.194754,-0.018636,2.34884,0.408494,-0.0479268,-0.324536,0.0246859,0.0337897,0.015,0.09,True,False
0.89,-0,0,-1.70829,-0.0829226,-0.184068,21.6104,-0.486442,0.249858,4.35717,0.997899,-0.0660844,-26.5476,-0.511457,-0.183774,3.70499,0.0829226,0.184068,1.116,-0,0,0.113812,-0.0829255,-0.185797,-1.81802,-0.486518,0.204738,-5.79382,0.998028,0.00978802,1.59776,-0.51151,-0.214526,-0.308614,0.0829255,0.185797,-0.0169489,2.69465,1.00211,-0.0576387,-0.31947,0.0251269,0.0341797,0.015,0.09,True,False
0.895,-0,0,-2.56029,-0.0838162,-0.173171,22.3309,-0.485192,0.249259,6.60674,0.997573,-0.0642359,-25.4839,-0.512381,-0.185023,4.68453,0.0838162,0.173171,1.1479,-0,0,0.234857,-0.0838335,-0.178015,-1.94548,-0.485644,0.123789,-7.7708,0.998332,0.145934,1.83046,-0.512688,-0.269723,-0.435386,0.0838335,0.178015,-0.0146381,3.22289,1.45093,-0.0664437,-0.312781,0.0255779,0.0345477,0.015,0.09,True,False
0.9,-0,0,-3.32128,-0.0846543,-0.161889,22.9322,-0.483949,0.247544,8.44267,0.997257,-0.06211,-24.7267,-0.513308,-0.185434,5.26184,0.0846543,0.161889,1.19739,-0,0,0.341998,-0.0847056,-0.171342,-2.05188,-0.48528,0.00467169,-9.4382,0.999488,0.342791,2.00731,-0.514207,-0.347462,-0.536588,0.0847056,0.171342,-0.0125705,3.55635,1.6932,-0.0746625,-0.304958,0.0260418,0.0348928,0.015,0.09,True,False
0.905,-0,0,-3.95142,-0.0854351,-0.150317,23.3993,-0.482717,0.245123,9.84749,0.996952,-0.0597466,-24.2224,-0.514235,-0.185376,5.55116,0.0854351,0.150317,1.23391,-0,0,0.43071,-0.0855469,-0.165604,-2.13539,-0.485597,-0.144364,-10.7551,1.00176,0.586014,2.12653,-0.516163,-0.441651,-0.609283,0.0855469,0.165604,-0.0108619,3.73223,1.80571,-0.082601,-0.296443,0.0265214,0.0352144,0.015,0.09,True,False
0.91,-0,0,-4.44049,-0.0861575,-0.138538,23.7443,-0.481498,0.242283,10.8683,0.996659,-0.057183,-23.8993,-0.515161,-0.1851,5.67278,0.0861575,0.138538,1.25665,-0,0,0.500487,-0.0863617,-0.16062,-2.19733,-0.486724,-0.315639,-11.7417,1.00535,0.862025,2.19396,-0.518624,-0.546386,-0.654793,0.0863617,0.16062,-0.00951468,3.81189,1.84712,-0.0904544,-0.287547,0.0270193,0.0355119,0.015,0.09,True,False
0.915,-0,0,-4.78785,-0.0868205,-0.126622,23.9792,-0.480294,0.23924,11.5438,0.99638,-0.0544559,-23.7143,-0.516086,-0.184784,5.69553,0.0868205,0.126622,1.2671,-0,0,0.551502,-0.0871531,-0.156212,-2.23905,-0.488754,-0.50204,-12.4211,1.01038,1.1581,2.21513,-0.521627,-0.656062,-0.674853,0.0871531,0.156212,-0.00852221,3.83186,1.84964,-0.0983532,-0.278502,0.0275378,0.0357851,0.015,0.09,True,False
0.92,-0,0,-4.99953,-0.0874237,-0.114632,24.1156,-0.479106,0.236165,11.9096,0.996115,-0.0516013,-23.6397,-0.517009,-0.184563,5.65829,0.0874237,0.114632,1.26746,-0,0,0.584517,-0.0879238,-0.152207,-2.26195,-0.491744,-0.697057,-12.8195,1.01693,1.46253,2.19532,-0.525184,-0.765476,-0.671604,0.0879238,0.152207,-0.00787326,3.81368,1.83046,-0.106389,-0.269489,0.0280783,0.0360338,0.015,0.09,True,False
0.925,-0,0,-5.08613,-0.0879668,-0.102624,24.1639,-0.477932,0.233197,12.0009,0.995864,-0.0486545,-23.6553,-0.517932,-0.184543,5.5834,0.0879668,0.102624,1.25991,-0,0,0.600776,-0.0886752,-0.148438,-2.2675,-0.495724,-0.894834,-12.9662,1.02501,1.76477,2.13966,-0.529282,-0.869933,-0.647551,0.0886752,0.148438,-0.00755412,3.77043,1.79882,-0.114631,-0.260655,0.0286421,0.0362579,0.015,0.09,True,False
0.93,-0,0,-5.06115,-0.0884499,-0.0906479,24.134,-0.476774,0.230456,11.8533,0.995628,-0.04565,-23.7443,-0.518855,-0.184806,5.48432,0.0884499,0.0906479,1.24636,-0,0,0.601899,-0.0894082,-0.144744,-2.25719,-0.500693,-1.09022,-12.8923,1.03458,2.05555,2.05308,-0.533884,-0.965329,-0.605478,0.0894082,0.144744,-0.00754978,3.71038,1.75988,-0.123127,-0.252122,0.0292295,0.0364574,0.015,0.09,True,False
0.935,-0,0,-4.93979,-0.0888733,-0.0787474,24.035,-0.475628,0.228037,11.5029,0.995408,-0.0426214,-23.8916,-0.51978,-0.185416,5.3698,0.0888733,0.0787474,1.22838,-0,0,0.589756,-0.0901227,-0.140973,-2.23257,-0.506626,-1.27881,-12.6298,1.04556,2.32703,1.94031,-0.538935,-1.04821,-0.548329,0.0901227,0.140973,-0.00784433,3.63915,1.71673,-0.131915,-0.243986,0.0298409,0.0366325,0.015,0.09,True,False
0.94,-0,0,-4.73789,-0.0892374,-0.0669608,23.8751,-0.474493,0.226022,10.985,0.995202,-0.0396002,-24.0828,-0.520709,-0.186422,5.24587,0.0892374,0.0669608,1.20716,-0,0,0.566349,-0.0908179,-0.136982,-2.1952,-0.513481,-1.45694,-12.2104,1.05785,2.57275,1.80583,-0.544366,-1.11581,-0.479096,0.0908179,0.136982,-0.00842106,3.56071,1.67145,-0.141014,-0.236324,0.030476,0.0367835,0.015,0.09,True,False
0.945,-0,0,-4.47105,-0.0895429,-0.0553215,23.662,-0.473368,0.224471,10.333,0.995012,-0.0366166,-24.305,-0.521644,-0.187854,5.11692,0.0895429,0.0553215,1.18364,-0,0,0.533693,-0.0914925,-0.132635,-2.14669,-0.521196,-1.62165,-11.6642,1.07129,2.78767,1.65383,-0.550093,-1.16603,-0.400705,0.0914925,0.132635,-0.00926233,3.47798,1.62546,-0.150435,-0.229193,0.0311342,0.0369105,0.015,0.09,True,False
0.95,-0,0,-4.15399,-0.0897906,-0.0438586,23.4029,-0.472249,0.223429,9.57776,0.994836,-0.0336982,-24.5464,-0.522587,-0.189731,4.98606,0.0897906,0.0438586,1.15852,-0,0,0.493713,-0.0921443,-0.127806,-2.0886,-0.529697,-1.77067,-11.019,1.08572,2.96809,1.48819,-0.556026,-1.19742,-0.315914,0.0921443,0.127806,-0.0103492,3.39307,1.57978,-0.160176,-0.222633,0.0318147,0.0370141,0.015,0.09,True,False
0.955,-0,0,-3.80009,-0.0899815,-0.0325968,23.1045,-0.471133,0.222928,8.74667,0.994675,-0.0308705,-24.7972,-0.523541,-0.192057,4.85538,0.0899815,0.0325968,1.13235,-0,0,0.448174,-0.0927705,-0.12238,-2.02254,-0.538903,-1.90233,-10.2994,1.10097,3.11147,1.31246,-0.562067,-1.20915,-0.227255,0.0927705,0.12238,-0.0116612,3.30743,1.53502,-0.170227,-0.216668,0.0325164,0.0370945,0.015,0.09,True,False
0.96,-0,0,-3.42107,-0.0901166,-0.0215572,22.7727,-0.470019,0.222985,7.86327,0.994527,-0.0281567,-25.0494,-0.524508,-0.194829,4.7261,0.0901166,0.0215572,1.10553,-0,0,0.398625,-0.0933681,-0.11625,-1.95005,-0.548721,-2.01547,-9.52658,1.11684,3.21638,1.12988,-0.568117,-1.20091,-0.136984,0.0933681,0.11625,-0.013176,3.222,1.49145,-0.180568,-0.211309,0.033238,0.0371523,0.015,0.09,True,False
0.965,-0,0,-3.02691,-0.090197,-0.0107574,22.4135,-0.468904,0.223609,6.94723,0.994393,-0.0255776,-25.297,-0.52549,-0.198032,4.59879,0.090197,0.0107574,1.07841,-0,0,0.346375,-0.093933,-0.109323,-1.87266,-0.559057,-2.1094,-8.71832,1.13313,3.28228,0.943406,-0.574076,-1.17288,-0.0470644,0.093933,0.109323,-0.0148687,3.13733,1.44912,-0.191175,-0.206557,0.0339784,0.0371879,0.015,0.09,True,False
0.97,-0,0,-2.62581,-0.0902241,-0.0002119,22.0324,-0.467783,0.224798,6.01457,0.994271,-0.0231517,-25.5356,-0.526488,-0.201646,4.47362,0.0902241,0.0002119,1.05126,-0,0,0.292483,-0.0944613,-0.101519,-1.79187,-0.569815,-2.18376,-7.88907,1.14966,3.30938,0.755712,-0.579846,-1.12562,0.040826,0.0944613,0.101519,-0.0167123,3.05368,1.40792,-0.202018,-0.202403,0.034736,0.0372019,0.015,0.09,True,False
0.975,-0,0,-2.22433,-0.0901992,0.010068,21.6343,-0.466656,0.226543,5.07801,0.994162,-0.0208955,-25.7624,-0.527506,-0.205648,4.35056,0.0901992,-0.010068,1.02424,-0,0,0.237777,-0.0949482,-0.0927698,-1.70911,-0.580895,-2.23849,-7.05035,1.16623,3.29851,0.569268,-0.585333,-1.06002,0.125284,0.0949482,0.0927698,-0.0186768,2.97118,1.36769,-0.213066,-0.198831,0.0355095,0.0371948,0.015,0.09,True,False
0.98,-0,0,-1.82759,-0.0901235,0.0200735,21.2243,-0.465518,0.228831,4.1474,0.994063,-0.0188232,-25.9758,-0.528545,-0.210008,4.22946,0.0901235,-0.0200735,0.99752,-0,0,0.182873,-0.095389,-0.0830248,-1.62574,-0.5922,-2.27374,-6.21114,1.18265,3.251,0.386352,-0.590446,-0.977267,0.205155,0.095389,0.0830248,-0.0207296,2.88985,1.32825,-0.224284,-0.195819,0.0362973,0.0371672,0.015,0.09,True,False
0.985,-0,0,-1.43943,-0.0899984,0.0297989,20.807,-0.464367,0.231644,3.23028,0.993973,-0.0169472,-26.1754,-0.529606,-0.214696,4.11011,0.0899984,-0.0297989,0.971248,-0,0,0.128211,-0.0957785,-0.0722492,-1.54306,-0.603632,-2.28982,-5.37839,1.19874,3.16854,0.209086,-0.595105,-0.878725,0.279505,0.0957785,0.0722492,-0.0228356,2.80971,1.28938,-0.235639,-0.193342,0.037098,0.0371196,0.015,0.09,True,False
0.99,-0,0,-1.06271,-0.0898255,0.0392408,20.3869,-0.463201,0.23496,2.33233,0.993893,-0.0152779,-26.3612,-0.530692,-0.219682,3.99238,0.0898255,-0.0392408,0.945582,-0,0,0.0740944,-0.0961115,-0.0604261,-1.46227,-0.615098,-2.28717,-4.55746,1.21433,3.05311,0.0394678,-0.599234,-0.765936,0.347593,0.0961115,0.0604261,-0.024957,2.73079,1.25091,-0.247098,-0.191372,0.0379101,0.0370526,0.015,0.09,True,False
0.995,-0,0,-0.699495,-0.089606,0.0483984,19.9682,-0.462018,0.238758,1.4579,0.993821,-0.0138241,-26.5342,-0.531803,-0.224934,3.87628,0.089606,-0.0483984,0.92068,-0,0,0.0207234,-0.0963827,-0.0475579,-1.38446,-0.626504,-2.26631,-3.75258,1.22927,2.90687,-0.120613,-0.602765,-0.640563,0.408849,0.0963827,0.0475579,-0.0270543,2.65321,1.21273,-0.258628,-0.189878,0.0387323,0.0369669,0.015,0.09,True,False
1,-0,0,-0.351245,-0.0893415,0.0572734,19.5551,-0.460814,0.243014,0.610382,0.993755,-0.0125929,-26.6953,-0.532941,-0.230421,3.762,0.0893415,-0.0572734,0.896704,-0,0,-0.0317649,-0.0965871,-0.0336669,-1.31064,-0.637761,-2.22784,-2.96725,1.2434,2.73218,-0.269361,-0.605639,-0.504347,0.462847,0.0965871,0.0336669,-0.0290865,2.57721,1.17481,-0.270201,-0.188828,0.0395632,0.0368628,0.015,0.09,True,False
1.005,-0,0,-0.0190149,-0.0890333,0.0658702,19.1515,-0.459588,0.247703,-0.207427,0.993695,-0.0115898,-26.846,-0.534107,-0.236114,3.64997,0.0890333,-0.0658702,0.873825,-0,0,-0.0832636,-0.0967194,-0.0187957,-1.24167,-0.648782,-2.17239,-2.20453,1.25659,2.53147,-0.405074,-0.607808,-0.359084,0.509295,0.0967194,0.0187957,-0.0310125,2.50312,1.13722,-0.28179,-0.188189,0.0404014,0.0367411,0.015,0.09,True,False
1.01,-0,0,0.296402,-0.0886828,0.0741958,18.7614,-0.458337,0.252802,-0.993044,0.993639,-0.0108188,-26.9874,-0.535302,-0.241983,3.54079,0.0886828,-0.0741958,0.85222,-0,0,-0.133667,-0.096775,-0.00300686,-1.17832,-0.659485,-2.10065,-1.46736,1.26871,2.30724,-0.52614,-0.60923,-0.206593,0.548013,0.096775,0.00300686,-0.0327916,2.43137,1.10014,-0.293372,-0.187929,0.0412458,0.0366021,0.015,0.09,True,False
1.015,-0,0,0.594349,-0.0882913,0.08226,18.3886,-0.45706,0.258287,-1.7441,0.993586,-0.0102825,-27.1211,-0.536527,-0.248004,3.43523,0.0882913,-0.08226,0.832077,-0,0,-0.182845,-0.0967495,0.0136171,-1.1212,-0.669789,-2.01337,-0.758709,1.27966,2.06206,-0.631052,-0.609874,-0.0486916,0.578928,0.0967495,-0.0136171,-0.034385,2.36251,1.06379,-0.304927,-0.188013,0.0420951,0.0364464,0.015,0.09,True,False
1.02,-0,0,0.874218,-0.0878602,0.0900755,18.0366,-0.455754,0.264134,-2.45818,0.993536,-0.00998221,-27.2483,-0.537782,-0.254152,3.33422,0.0878602,-0.0900755,0.813594,-0,0,-0.23063,-0.0966388,0.0309752,-1.07082,-0.679618,-1.91134,-0.0817455,1.28934,1.79851,-0.718413,-0.609717,0.112824,0.602058,0.0966388,-0.0309752,-0.0357569,2.29715,1.02847,-0.316441,-0.18841,0.0429481,0.0362744,0.015,0.09,True,False
1.025,-0,0,1.13537,-0.0873906,0.0976579,17.7091,-0.454418,0.270325,-3.13274,0.993487,-0.00991817,-27.3702,-0.539068,-0.260407,3.23877,0.0873906,-0.0976579,0.796976,-0,0,-0.2768,-0.0964397,0.04895,-1.02755,-0.688902,-1.7954,0.560083,1.29765,1.5192,-0.786961,-0.608746,0.276202,0.617507,0.0964397,-0.04895,-0.0368756,2.23596,0.994533,-0.327903,-0.189085,0.0438038,0.0360865,0.015,0.09,True,False
1.03,-0,0,1.3771,-0.0868836,0.105026,17.4095,-0.453051,0.276838,-3.76507,0.993437,-0.0100894,-27.4881,-0.540386,-0.266749,3.14995,0.0868836,-0.105026,0.782428,-0,0,-0.321081,-0.0961493,0.0674094,-0.991633,-0.697573,-1.6665,1.16302,1.30453,1.22675,-0.835585,-0.606955,0.439748,0.625456,0.0961493,-0.0674094,-0.0377151,2.17964,0.962338,-0.339307,-0.190008,0.0446613,0.0358831,0.015,0.09,True,False
1.035,-0,0,1.59862,-0.0863403,0.112202,17.1409,-0.45165,0.283658,-4.35225,0.993386,-0.010494,-27.6029,-0.541736,-0.273164,3.06887,0.0863403,-0.112202,0.770156,-0,0,-0.363146,-0.0957656,0.0862102,-0.963209,-0.705567,-1.52562,1.72303,1.30992,0.923776,-0.863349,-0.604348,0.601844,0.626148,0.0957656,-0.0862102,-0.0382555,2.12892,0.932269,-0.350655,-0.191147,0.0455195,0.0356646,0.015,0.09,True,False
1.04,-0,0,1.79902,-0.0857616,0.119211,16.9065,-0.450214,0.290768,-4.89122,0.993332,-0.0111294,-27.7154,-0.543118,-0.279639,2.9966,0.0857616,-0.119211,0.760357,-0,0,-0.402623,-0.0952872,0.105201,-0.9423,-0.712829,-1.37386,2.2358,1.31377,0.612903,-0.869512,-0.600937,0.760958,0.619883,0.0952872,-0.105201,-0.0384845,2.08449,0.90471,-0.36195,-0.192471,0.0463777,0.0354312,0.015,0.09,True,False
1.045,-0,0,1.9773,-0.0851482,0.12608,16.709,-0.448742,0.298158,-5.37878,0.993274,-0.0119925,-27.8264,-0.544532,-0.286166,2.93419,0.0851482,-0.12608,0.753213,-0,0,-0.439112,-0.0947136,0.124227,-0.928839,-0.719306,-1.21241,2.69687,1.31604,0.29675,-0.853554,-0.596739,0.915657,0.607002,0.0947136,-0.124227,-0.0383976,2.047,0.880027,-0.373203,-0.193951,0.0472352,0.0351831,0.015,0.09,True,False
1.05,-0,0,2.13237,-0.0845008,0.132842,16.5511,-0.447233,0.305818,-5.81166,0.993212,-0.0130799,-27.9365,-0.54598,-0.292738,2.88258,0.0845008,-0.132842,0.748884,-0,0,-0.472196,-0.094045,0.143131,-0.922668,-0.724953,-1.04254,3.1017,1.31673,-0.0220701,-0.815193,-0.59178,1.06461,0.587872,0.094045,-0.143131,-0.0379985,2.01707,0.858562,-0.384431,-0.195558,0.0480912,0.0349205,0.015,0.09,True,False
1.055,-0,0,2.26305,-0.0838198,0.139531,16.4348,-0.445684,0.313742,-6.18658,0.993144,-0.0143879,-28.0458,-0.54746,-0.299354,2.84257,0.0838198,-0.139531,0.747501,-0,0,-0.501465,-0.0932823,0.161763,-0.923561,-0.729731,-0.86563,3.44578,1.31582,-0.34095,-0.754402,-0.586093,1.20658,0.562878,0.0932823,-0.161763,-0.0372989,1.99521,0.840618,-0.395653,-0.197264,0.0489453,0.0346435,0.015,0.09,True,False
1.06,-0,0,2.36813,-0.0831055,0.146183,16.362,-0.444095,0.321925,-6.50035,0.993068,-0.0159134,-28.1547,-0.548973,-0.306012,2.81485,0.0831055,-0.146183,0.749164,-0,0,-0.526529,-0.0924273,0.179977,-0.931228,-0.733609,-0.683166,3.72478,1.31332,-0.65729,-0.671427,-0.579714,1.34046,0.532403,0.0924273,-0.179977,-0.0363184,1.98183,0.826451,-0.406896,-0.199041,0.0497971,0.0343522,0.015,0.09,True,False
1.065,-0,0,2.44633,-0.082358,0.152838,16.334,-0.442465,0.330368,-6.74988,0.992985,-0.0176532,-28.263,-0.55052,-0.312715,2.79992,0.082358,-0.152838,0.753936,-0,0,-0.547038,-0.0914825,0.197643,-0.945327,-0.736563,-0.496712,3.93457,1.30925,-0.9685,-0.56679,-0.572688,1.46521,0.496818,0.0914825,-0.197643,-0.0350835,1.97722,0.816262,-0.418187,-0.200864,0.0506461,0.0340464,0.015,0.09,True,False
1.07,-0,0,2.49634,-0.0815771,0.159535,16.3517,-0.440791,0.339071,-6.93223,0.992892,-0.0196053,-28.3704,-0.5521,-0.319466,2.79808,0.0815771,-0.159535,0.761838,-0,0,-0.562695,-0.0904509,0.214641,-0.965474,-0.738576,-0.30792,4.07143,1.30364,-1.272,-0.441296,-0.565062,1.57992,0.456468,0.0904509,-0.214641,-0.033627,1.98157,0.810188,-0.429558,-0.202706,0.0514923,0.0337262,0.015,0.09,True,False
1.075,-0,0,2.51685,-0.0807626,0.166316,16.4153,-0.439074,0.348037,-7.04474,0.992788,-0.0217681,-28.4763,-0.553715,-0.326269,2.80946,0.0807626,-0.166316,0.77286,-0,0,-0.573267,-0.0893361,0.230871,-0.991248,-0.739642,-0.118516,4.13205,1.29653,-1.56521,-0.296025,-0.556889,1.68373,0.411664,0.0893361,-0.230871,-0.0319865,1.99493,0.8083,-0.441043,-0.204541,0.0523357,0.0333913,0.015,0.09,True,False
1.08,-0,0,2.50655,-0.0799139,0.173225,16.5246,-0.437311,0.357272,-7.08495,0.992674,-0.0241415,-28.5798,-0.555363,-0.33313,2.83398,0.0799139,-0.173225,0.786954,-0,0,-0.578592,-0.0881422,0.246253,-1.0222,-0.739761,0.069712,4.11366,1.28799,-1.84558,-0.132328,-0.548225,1.77587,0.362678,0.0881422,-0.246253,-0.030203,2.01721,0.810603,-0.452676,-0.206343,0.0531762,0.0330415,0.015,0.09,True,False
1.085,-0,0,2.46414,-0.0790304,0.180305,16.6788,-0.435501,0.36678,-7.05074,0.992547,-0.0267264,-28.6797,-0.557046,-0.340053,2.8714,0.0790304,-0.180305,0.804049,-0,0,-0.578582,-0.0868736,0.260726,-1.05783,-0.738945,0.254931,4.01404,1.27808,-2.11055,0.0481913,-0.53913,1.85561,0.309734,0.0868736,-0.260726,-0.0283201,2.04824,0.817036,-0.464492,-0.208084,0.0540141,0.0326765,0.015,0.09,True,False
1.09,-0,0,2.38839,-0.0781109,0.187596,16.8762,-0.433643,0.376567,-6.94032,0.992407,-0.0295251,-28.7745,-0.558763,-0.347042,2.92133,0.0781109,-0.187596,0.824056,-0,0,-0.573223,-0.085535,0.274252,-1.09765,-0.737212,0.435275,3.83163,1.26688,-2.35757,0.243696,-0.529669,1.9223,0.253017,0.085535,-0.274252,-0.0263819,2.08775,0.827486,-0.476522,-0.209739,0.0548499,0.0322959,0.015,0.09,True,False
1.095,-0,0,2.27815,-0.0771544,0.195141,17.1148,-0.431736,0.386637,-6.75229,0.992252,-0.0325414,-28.8623,-0.560516,-0.354096,2.9833,0.0771544,-0.195141,0.846877,-0,0,-0.562577,-0.0841311,0.286816,-1.14109,-0.734592,0.608864,3.56553,1.2545,-2.58413,0.452139,-0.519907,1.97527,0.192674,0.0841311,-0.286816,-0.0244323,2.13541,0.841794,-0.488797,-0.211277,0.0556841,0.0318991,0.015,0.09,True,False
1.1,-0,0,2.13241,-0.0761595,0.202978,17.3917,-0.429777,0.396996,-6.48571,0.992081,-0.0357806,-28.941,-0.562304,-0.361215,3.05676,0.0761595,-0.202978,0.872419,-0,0,-0.546774,-0.0826668,0.298421,-1.18759,-0.731123,0.773818,3.2156,1.24104,-2.78772,0.671287,-0.509916,2.01391,0.128826,0.0826668,-0.298421,-0.0225134,2.19088,0.859781,-0.501342,-0.212669,0.0565174,0.0314858,0.015,0.09,True,False
1.105,-0,0,1.95039,-0.0751246,0.211145,17.7036,-0.427766,0.407643,-6.14018,0.991894,-0.0392493,-29.0081,-0.564128,-0.368394,3.1412,0.0751246,-0.211145,0.900597,-0,0,-0.526012,-0.0811469,0.309093,-1.23652,-0.726854,0.928282,2.78249,1.22662,-2.96588,0.898746,-0.499768,2.0376,0.0615836,0.0811469,-0.309093,-0.020665,2.25382,0.881267,-0.514178,-0.213884,0.0573507,0.0310553,0.015,0.09,True,False
1.11,-0,0,1.73163,-0.074048,0.219675,18.0463,-0.4257,0.418578,-5.71603,0.991689,-0.0429558,-29.0608,-0.565988,-0.375622,3.23618,0.074048,-0.219675,0.931346,-0,0,-0.500558,-0.0795759,0.318876,-1.28723,-0.721841,1.07044,2.26779,1.21138,-3.11618,1.13199,-0.48954,2.04574,-0.00893057,0.0795759,-0.318876,-0.018923,2.32396,0.906096,-0.527319,-0.214887,0.0581851,0.030607,0.015,0.09,True,False
1.115,-0,0,1.4761,-0.0729279,0.228598,18.4152,-0.42358,0.429796,-5.21442,0.991464,-0.0469092,-29.0963,-0.567885,-0.382887,3.3414,0.0729279,-0.228598,0.964616,-0,0,-0.470748,-0.0779581,0.327831,-1.33901,-0.71615,1.19854,1.67415,1.19546,-3.23627,1.36838,-0.479311,2.03774,-0.082556,0.0779581,-0.327831,-0.0173199,2.40108,0.934166,-0.540774,-0.215643,0.0590219,0.0301401,0.015,0.09,True,False
1.12,-0,0,1.18437,-0.0717621,0.237941,18.805,-0.421402,0.441289,-4.63764,0.99122,-0.0511203,-29.1116,-0.569817,-0.390169,3.4567,0.0717621,-0.237941,1.00037,-0,0,-0.43699,-0.0762976,0.336033,-1.3911,-0.709855,1.31091,1.00545,1.17902,-3.32395,1.60517,-0.469163,2.01303,-0.159062,0.0762976,-0.336033,-0.0158833,2.48507,0.965445,-0.554542,-0.216116,0.0598624,0.0296538,0.015,0.09,True,False
1.125,-0,0,0.857777,-0.0705485,0.247725,19.2097,-0.419167,0.453046,-3.98942,0.990953,-0.0556007,-29.1037,-0.571786,-0.397445,3.5821,0.0705485,-0.247725,1.03855,-0,0,-0.399774,-0.0745978,0.34357,-1.4427,-0.70304,1.40603,0.267093,1.16222,-3.37713,1.83954,-0.459181,1.9711,-0.23811,0.0745978,-0.34357,-0.0146366,2.5759,0.999986,-0.568615,-0.216266,0.0607081,0.0291475,0.015,0.09,True,False
1.13,-0,0,0.49859,-0.0692848,0.257965,19.6228,-0.416872,0.46505,-3.27526,0.990664,-0.0603631,-29.0699,-0.573792,-0.404686,3.71772,0.0692848,-0.257965,1.07908,-0,0,-0.359679,-0.0728619,0.350542,-1.49297,-0.695795,1.48249,-0.533772,1.14525,-3.39398,2.06855,-0.449452,1.91149,-0.319211,0.0728619,-0.350542,-0.0135985,2.67356,1.03792,-0.582978,-0.216056,0.0615609,0.0286201,0.015,0.09,True,False
1.135,-0,0,0.110244,-0.0679688,0.268674,20.0372,-0.414516,0.477282,-2.50288,0.99035,-0.0654209,-29.0082,-0.575833,-0.411862,3.86369,0.0679688,-0.268674,1.12182,-0,0,-0.317382,-0.0710924,0.357054,-1.54102,-0.688215,1.53914,-1.38786,1.12828,-3.37299,2.28917,-0.440066,1.83386,-0.401686,0.0710924,-0.357054,-0.0127831,2.778,1.07943,-0.597605,-0.215446,0.0624226,0.028071,0.015,0.09,True,False
1.14,-0,0,-0.30249,-0.0665981,0.279854,20.4453,-0.412099,0.489723,-1.68267,0.990009,-0.0707889,-28.9173,-0.57791,-0.418934,4.01999,0.0665981,-0.279854,1.16648,-0,0,-0.273663,-0.0692913,0.363219,-1.5859,-0.680404,1.57502,-2.28342,1.11152,-3.31305,2.49825,-0.431113,1.73803,-0.484612,0.0692913,-0.363219,-0.0122004,2.889,1.12472,-0.612467,-0.214399,0.0632952,0.0274991,0.015,0.09,True,False
1.145,-0,0,-0.733334,-0.0651703,0.291505,20.8389,-0.409619,0.502349,-0.828106,0.989642,-0.0764827,-28.7973,-0.580022,-0.425867,4.18619,0.0651703,-0.291505,1.21261,-0,0,-0.229415,-0.0674602,0.369154,-1.62667,-0.672465,1.58954,-3.20591,1.09515,-3.2136,2.69249,-0.422685,1.62406,-0.566787,0.0674602,-0.369154,-0.0118565,3.00599,1.17393,-0.627525,-0.212879,0.0641807,0.0269036,0.015,0.09,True,False
1.15,-0,0,-1.17439,-0.063683,0.303617,21.2093,-0.407076,0.51514,0.0438371,0.989245,-0.0825196,-28.6494,-0.582169,-0.432621,4.36121,0.063683,-0.303617,1.25948,-0,0,-0.185629,-0.0655998,0.374976,-1.66236,-0.664508,1.58247,-4.13766,1.07938,-3.07476,2.86839,-0.414873,1.49229,-0.646691,0.0655998,-0.374976,-0.0117535,3.1279,1.22705,-0.642737,-0.210857,0.0650814,0.0262836,0.015,0.09,True,False
1.155,-0,0,-1.61612,-0.0621341,0.316175,21.5474,-0.404468,0.528078,0.912489,0.988817,-0.0889189,-28.4772,-0.584349,-0.439159,4.54301,0.0621341,-0.316175,1.30606,-0,0,-0.143384,-0.0637104,0.380806,-1.69199,-0.656641,1.55402,-5.05783,1.0644,-2.89748,3.02224,-0.407762,1.34346,-0.722464,0.0637104,-0.380806,-0.0118906,3.25293,1.28385,-0.658056,-0.208307,0.0659993,0.0256383,0.015,0.09,True,False
1.16,-0,0,-2.04742,-0.0605213,0.329157,21.8436,-0.401795,0.541151,1.75347,0.988355,-0.0957025,-28.2859,-0.586561,-0.445448,4.72838,0.0605213,-0.329157,1.35087,-0,0,-0.10381,-0.0617917,0.38676,-1.71461,-0.648968,1.50496,-5.94234,1.05041,-2.68372,3.15009,-0.401438,1.17876,-0.791906,0.0617917,-0.38676,-0.0122635,3.37838,1.34383,-0.673435,-0.205216,0.0669368,0.0249668,0.015,0.09,True,False
1.165,-0,0,-2.45582,-0.0588425,0.342533,22.0881,-0.399056,0.554355,2.53902,0.98786,-0.102896,-28.0828,-0.588803,-0.451459,4.91276,0.0588425,-0.342533,1.39199,-0,0,-0.0680484,-0.0598428,0.392953,-1.72933,-0.641591,1.43666,-6.76428,1.03757,-2.43659,3.24774,-0.395975,0.999928,-0.852494,0.0598428,-0.392953,-0.0128652,3.50054,1.40614,-0.688828,-0.201577,0.0678959,0.0242684,0.015,0.09,True,False
1.17,-0,0,-2.8279,-0.0570959,0.356268,22.271,-0.396251,0.5677,3.23865,0.987327,-0.110528,-27.8771,-0.591075,-0.457172,5.09024,0.0570959,-0.356268,1.42701,-0,0,-0.0371852,-0.0578622,0.399496,-1.7353,-0.634601,1.35114,-7.49448,1.02604,-2.16046,3.31072,-0.391439,0.809324,-0.901436,0.0578622,-0.399496,-0.0136859,3.61467,1.46961,-0.704189,-0.197399,0.0688785,0.0235424,0.015,0.09,True,False
1.175,-0,0,-3.14978,-0.0552798,0.370319,22.3826,-0.393379,0.581208,3.82022,0.986754,-0.118635,-27.6794,-0.593375,-0.462573,5.25362,0.0552798,-0.370319,1.45307,-0,0,-0.0121798,-0.0558479,0.406495,-1.7318,-0.62808,1.25113,-8.10247,1.01596,-1.86112,3.3343,-0.387882,0.609985,-0.935752,0.0558479,-0.406495,-0.0147123,3.71506,1.53277,-0.719481,-0.192701,0.0698866,0.022788,0.015,0.09,True,False
1.18,-0,0,-3.4078,-0.0533928,0.384638,22.4131,-0.390439,0.594919,4.2513,0.98614,-0.127257,-27.501,-0.595701,-0.467661,5.39465,0.0533928,-0.384638,1.46704,-0,0,0.00621337,-0.0537972,0.414048,-1.71819,-0.62209,1.14011,-8.55769,1.00743,-1.54576,3.31358,-0.385339,0.405654,-0.952377,0.0537972,-0.414048,-0.0159275,3.79529,1.5938,-0.73467,-0.18752,0.0709216,0.0220048,0.015,0.09,True,False
1.185,-0,0,-3.58919,-0.0514335,0.399172,22.3534,-0.38743,0.608886,4.50062,0.985482,-0.136442,-27.3535,-0.598052,-0.472444,5.5041,0.0514335,-0.399172,1.46597,-0,0,0.0175219,-0.0517074,0.422242,-1.69402,-0.616678,1.02224,-8.83079,1.0005,-1.22303,3.24345,-0.383825,0.200789,-0.94828,0.0517074,-0.422242,-0.0173095,3.84855,1.65026,-0.749727,-0.181903,0.071985,0.0211923,0.015,0.09,True,False
1.19,-0,0,-3.6829,-0.049401,0.41386,22.1951,-0.38435,0.623183,4.53949,0.984776,-0.146245,-27.248,-0.600425,-0.476937,5.57151,0.049401,-0.41386,1.44794,-0,0,0.021622,-0.0495748,0.431156,-1.65896,-0.611868,0.902349,-8.895,0.995199,-0.902883,3.11872,-0.383331,0.000533404,-0.920582,0.0495748,-0.431156,-0.0188284,3.86819,1.69836,-0.764632,-0.175915,0.0730775,0.0203501,0.015,0.09,True,False
1.195,-0,0,-3.68025,-0.0472949,0.428637,21.9312,-0.381198,0.637898,4.34262,0.984019,-0.156729,-27.1958,-0.602821,-0.481169,5.58419,0.0472949,-0.428637,1.41382,-0,0,0.0187909,-0.0473958,0.440847,-1.61284,-0.607655,0.785867,-8.72711,0.991475,-0.59653,2.93405,-0.38382,-0.189337,-0.866651,0.0473958,-0.440847,-0.020443,3.84836,1.73125,-0.779366,-0.169632,0.0741999,0.0194779,0.015,0.09,True,False
1.2,-0,0,-3.5756,-0.0451147,0.443426,21.5565,-0.377971,0.653138,3.88823,0.983208,-0.167964,-27.2092,-0.605237,-0.485174,5.52497,0.0451147,-0.443426,1.37033,-0,0,0.00974622,-0.0451663,0.451351,-1.55562,-0.604009,0.678705,-8.30808,0.989233,-0.316215,2.684,-0.385224,-0.36249,-0.784153,0.0451663,-0.451351,-0.0220932,3.78508,1.73574,-0.793914,-0.163147,0.0753522,0.0185758,0.015,0.09,True,False
1.205,-0,0,-3.36698,-0.0428606,0.458136,21.0688,-0.374667,0.669032,3.15686,0.98234,-0.180033,-27.3043,-0.607673,-0.488998,5.36772,0.0428606,-0.458136,1.3357,-0,0,-0.00431729,-0.0428823,0.462667,-1.48725,-0.600868,0.587175,-7.62289,0.988313,-0.0750558,2.36298,-0.387445,-0.512119,-0.671061,0.0428823,-0.462667,-0.0236892,3.67794,1.68613,-0.808261,-0.156573,0.076534,0.0176437,0.015,0.09,True,False
1.21,-0,0,-3.0565,-0.0405333,0.472649,20.4716,-0.371281,0.685739,2.12884,0.981408,-0.193037,-27.5058,-0.610127,-0.492702,5.07116,0.0405333,-0.472649,1.35008,-0,0,-0.0216685,-0.0405397,0.474741,-1.40754,-0.598137,0.517908,-6.6596,0.988483,0.113109,1.9651,-0.390345,-0.631017,-0.525578,0.0405397,-0.474741,-0.025092,3.53426,1.53381,-0.822385,-0.15006,0.0777446,0.0166819,0.015,0.09,True,False
1.215,-0,0,-2.66518,-0.0381341,0.486796,19.8246,-0.36781,0.703469,0.873119,0.980409,-0.2071,-27.7814,-0.6126,-0.496368,4.6859,0.0381341,-0.486796,1.54051,-0,0,-0.0387853,-0.0381349,0.487433,-1.31811,-0.595689,0.47782,-5.47884,0.989444,0.233807,1.51115,-0.393755,-0.711627,-0.355834,0.0381349,-0.487433,-0.025993,3.46934,1.21403,-0.836255,-0.143813,0.0789827,0.0156909,0.015,0.09,True,False
1.22,-0,0,-1.06684,-0.0356653,0.500312,9.55515,-0.364246,0.722287,-7.15694,0.979337,-0.222305,-30.9388,-0.615091,-0.499982,1.6501,0.0356653,-0.500312,-0.203535,-0,0,0.485585,-0.0356653,0.50039,6.10078,-0.593359,0.470278,2.4972,0.990821,0.280341,3.72884,-0.397462,-0.750618,1.32613,0.0356653,-0.50039,-0.0636973,0.696356,0.95294,-0.849668,-0.138011,0.0802468,0.0146718,0.015,0.09,True,True
1.225,-0,0,-0.958338,-0.033131,0.512797,8.41239,-0.360587,0.741396,-7.24645,0.978186,-0.238394,-29.5655,-0.617599,-0.503002,1.63322,0.033131,-0.512797,-0.27331,-0,0,0.444575,-0.033131,0.512797,5.67344,-0.590986,0.482266,2.78151,0.992247,0.281757,2.16653,-0.401261,-0.764024,1.35752,0.033131,-0.512797,-0.124735,0.637798,0.994735,-0.861806,-0.1324,0.0815349,0.0136262,0.0215476,0.0792857,True,True
1.23,-0,0,-0.83426,-0.0305374,0.523871,7.17545,-0.356832,0.75984,-7.27812,0.976953,-0.255001,-27.7733,-0.620121,-0.504839,1.67628,0.0305374,-0.523871,-0.391209,-0,0,0.381756,-0.0305374,0.523871,4.93751,-0.588536,0.497383,3.11683,0.993638,0.27419,0.469114,-0.405102,-0.771573,1.43464,0.0305374,-0.523871,-0.257047,0.575807,1.09987,-0.871809,-0.126663,0.082845,0.0125566,0.0280952,0.0685714,True,True
1.235,-0,0,-0.701043,-0.0278923,0.533319,5.9221,-0.352988,0.777392,-7.27395,0.975636,-0.27199,-25.8467,-0.622648,-0.505402,1.6909,0.0278923,-0.533319,-0.49754,-0,0,0.313364,-0.0278923,0.533319,4.08501,-0.586012,0.512062,3.43066,0.994989,0.265459,-1.35716,-0.408977,-0.777521,1.48359,0.0278923,-0.533319,-0.383576,0.507444,1.18294,-0.879435,-0.12086,0.0841746,0.0114664,0.0346429,0.0578571,True,True
1.24,-0,0,-0.563726,-0.0252042,0.541047,4.69483,-0.349059,0.794038,-7.23845,0.974233,-0.289282,-23.8835,-0.625175,-0.504756,1.67397,0.0252042,-0.541047,-0.586577,-0,0,0.24561,-0.0252042,0.541047,3.17467,-0.583416,0.526268,3.70584,0.996293,0.255667,-3.25799,-0.412877,-0.781935,1.50368,0.0252042,-0.541047,-0.494466,0.435209,1.23834,-0.884677,-0.115121,0.0855216,0.010359,0.0411905,0.0471429,True,True
1.245,-0,0,-0.425184,-0.0224818,0.547018,3.5113,-0.345048,0.809759,-7.16964,0.972743,-0.306788,-21.906,-0.627695,-0.502972,1.64047,0.0224818,-0.547018,-0.665683,-0,0,0.180627,-0.0224818,0.547018,2.21731,-0.58075,0.539961,3.94153,0.997546,0.24493,-5.19483,-0.416796,-0.784891,1.5095,0.0224818,-0.547018,-0.59682,0.361569,1.27858,-0.887573,-0.109537,0.0868839,0.00923797,0.0477381,0.0364286,True,True
1.25,-0,0,-0.286686,-0.019734,0.551225,2.37739,-0.340961,0.824524,-7.06552,0.971165,-0.324406,-19.9198,-0.630204,-0.500119,1.59998,0.019734,-0.551225,-0.740088,-0,0,0.119445,-0.019734,0.551225,1.21606,-0.578016,0.553091,4.13834,0.998742,0.233366,-7.15124,-0.420726,-0.786457,1.51045,0.019734,-0.551225,-0.695771,0.287716,1.31202,-0.888184,-0.104176,0.0882593,0.00810704,0.0542857,0.0257143,True,True
1.255,-0,0,-0.148648,-0.0169696,0.55367,1.29341,-0.336803,0.838289,-6.92419,0.969499,-0.342027,-17.9225,-0.632697,-0.496262,1.55816,0.0169696,-0.55367,-0.813234,-0,0,0.0625074,-0.0169696,0.55367,0.17023,-0.575219,0.5656,4.29707,0.999879,0.221091,-9.12261,-0.424661,-0.786692,1.51223,0.0169696,-0.55367,-0.794752,0.214109,1.34388,-0.886571,-0.0990944,0.0896459,0.00696978,0.0608333,0.015,True,True
1.26,-0,0,-0.0110562,-0.0141973,0.554359,0.257469,-0.332578,0.851,-6.74396,0.967745,-0.359536,-15.9089,-0.635167,-0.491464,1.51789,0.0141973,-0.554359,-0.887117,-0,0,0.00996278,-0.0141973,0.554359,-0.922546,-0.57236,0.577424,4.41829,1.00095,0.208224,-11.1103,-0.428593,-0.785648,1.51778,0.0141973,-0.554359,-0.8958,0.140799,1.37697,-0.882792,-0.0943449,0.0910415,0.00582981,0.067381,0.00428571,True,True
1.265,-0,0,0.126281,-0.011426,0.553293,-0.73245,-0.328293,0.862593,-6.52365,0.965904,-0.37681,-13.8745,-0.637611,-0.485783,1.47958,0.011426,-0.553293,-0.962291,-0,0,-0.0381559,-0.011426,0.553293,-2.06474,-0.569444,0.588493,4.50212,1.00196,0.194878,-13.1179,-0.432517,-0.783371,1.52764,0.011426,-0.553293,-0.999537,0.0676085,1.41189,-0.8769,-0.0899779,0.0924443,0.00469072,0.0739286,-0.00642857,True,True
1.27,-0,0,0.263554,-0.00866438,0.550467,-1.67685,-0.323952,0.873004,-6.26329,0.963977,-0.393725,-11.8189,-0.640025,-0.479278,1.44088,0.00866438,-0.550467,-1.0375,-0,0,-0.0818164,-0.00866438,0.550467,-3.25738,-0.566475,0.598735,4.54808,1.0029,0.18117,-15.1485,-0.436427,-0.779905,1.53958,0.00866438,-0.550467,-1.10479,-0.00576039,1.4466,-0.868945,-0.0860481,0.0938521,0.0035561,0.0804762,-0.0171429,True,True
1.275,-0,0,0.400789,-0.00592131,0.545875,-2.57287,-0.319563,0.882173,-5.96534,0.961967,-0.410158,-9.75003,-0.642404,-0.472015,1.39556,0.00592131,-0.545875,-1.10881,-0,0,-0.120882,-0.00592131,0.545875,-4.49804,-0.563457,0.608084,4.55517,1.00377,0.167216,-17.2018,-0.440316,-0.775301,1.54749,0.00592131,-0.545875,-1.20769,-0.0796604,1.4752,-0.858978,-0.0826181,0.0952629,0.00242955,0.0870238,-0.0278571,True,True
1.28,-0,0,0.537633,-0.00320563,0.539505,-3.41175,-0.31513,0.890065,-5.6368,0.959875,-0.425997,-7.69128,-0.644745,-0.464068,1.33141,0.00320563,-0.539505,-1.16804,-0,0,-0.154981,-0.00320563,0.539505,-5.77762,-0.560394,0.616491,4.52194,1.00457,0.153136,-19.2699,-0.44418,-0.769627,1.53918,0.00320563,-0.539505,-1.30011,-0.154433,1.48584,-0.847061,-0.0797643,0.0966747,0.00131469,0.0935714,-0.0385714,True,True
1.285,-0,0,0.67301,-0.000526261,0.53135,-4.1747,-0.310662,0.896693,-5.2929,0.957707,-0.441152,-5.69261,-0.647045,-0.455541,1.22676,0.000526261,-0.53135,-1.20016,-0,0,-0.1833,-0.000526261,0.53135,-7.07505,-0.557292,0.623942,4.44682,1.0053,0.139053,-21.3305,-0.448012,-0.762995,1.49292,0.000526261,-0.53135,-1.36704,-0.23031,1.45707,-0.833283,-0.0775846,0.0980855,0.000215148,0.100119,-0.0492857,True,True
1.29,-0,0,0.804551,0.00210787,0.521421,-4.82661,-0.306163,0.902163,-4.96324,0.955464,-0.455588,-3.84884,-0.6493,-0.446575,1.04495,-0.00210787,-0.521421,-1.17919,-0,0,-0.204267,0.00210787,0.521421,-8.34842,-0.554155,0.630491,4.32898,1.00596,0.125099,-23.3363,-0.45181,-0.75559,1.37172,-0.00210787,-0.521421,-1.3824,-0.307232,1.35218,-0.817787,-0.0762096,0.0994936,-0.000865438,0.106667,-0.06,True,True
1.295,-0,0,0.927717,0.00468795,0.509761,-5.30798,-0.30164,0.906754,-4.7004,0.953151,-0.469363,-2.3246,-0.65151,-0.437391,0.728572,-0.00468795,-0.509761,-1.06351,-0,0,-0.215039,0.00468795,0.509761,-9.52123,-0.550987,0.636313,4.17012,1.00656,0.111415,-25.1969,-0.455568,-0.747728,1.11729,-0.00468795,-0.509761,-1.30419,-0.384421,1.11299,-0.800815,-0.0758179,0.100898,-0.00192347,0.113214,-0.0707143,True,True
1.3,-0,0,1.05348,0.00720548,0.496488,-5.72137,-0.297096,0.910965,-4.4928,0.95077,-0.482624,-1.01214,-0.653674,-0.428341,0.355573,-0.00720548,-0.496488,-0.897355,-0,0,-0.20999,0.00720548,0.496488,-10.4624,-0.547792,0.641783,3.99106,1.00708,0.0981473,-26.8311,-0.459287,-0.73993,0.788954,-0.00720548,-0.496488,-1.15658,-0.453861,0.809427,-0.782798,-0.0766742,0.102297,-0.00295551,0.119762,-0.0814286,True,True
1.305,-0,0,0.0231797,0.00965283,0.48189,1.11829,-0.292531,0.903862,-2.45697,0.948325,-0.479539,1.58383,-0.655794,-0.424323,-0.14818,-0.00965283,-0.48189,0.0303401,-0,0,0.274387,0.00965283,0.481848,-18.9378,-0.544569,0.646787,2.15539,1.00754,0.0853286,-29.1444,-0.462968,-0.732115,1.07819,-0.00965283,-0.481848,-2.35966,-0.0523635,-0.0958111,-0.768833,-0.0834649,0.103691,-0.00395844,0.125,-0.09,False,True
1.31,-0,0,1.21193e-05,0.0120244,0.466526,1.17833,-0.288057,0.850827,-5.28562,0.945975,-0.411979,1.71037,-0.657918,-0.438848,-0.277205,-0.0120244,-0.466526,0.0313175,-0,0,1.40579,0.012024,0.466229,-19.378,-0.541324,0.649811,5.48046,1.00793,0.0727828,-27.115,-0.466608,-0.722594,2.80519,-0.012024,-0.466229,-1.75021,-0.115659,-0.16153,-0.772828,-0.109304,0.105084,-0.00492983,0.125,-0.09,False,True
1.315,-0,0,-0.040117,0.0143181,0.450973,1.23549,-0.284022,0.730353,-8.52928,0.944205,-0.250856,1.82664,-0.660182,-0.479497,-0.41849,-0.0143181,-0.450973,0.031327,-0,0,2.75925,0.0143151,0.450008,-19.9598,-0.538071,0.649992,9.21984,1.00826,0.0604852,-24.967,-0.470194,-0.710477,4.42163,-0.0143151,-0.450008,-1.58841,-0.185547,-0.232908,-0.802779,-0.161367,0.106478,-0.00586815,0.125,-0.09,False,True
1.32,-0,0,-0.0915905,0.0165341,0.435588,1.28863,-0.280754,0.549596,-11.4054,0.943466,-0.00746074,1.8925,-0.662713,-0.542135,-0.534242,-0.0165341,-0.435588,0.0307723,-0,0,4.05101,0.0165241,0.433432,-20.4766,-0.534824,0.647979,12.4057,1.00854,0.0486335,-23.3354,-0.473713,-0.696613,5.35065,-0.0165241,-0.433432,-1.56274,-0.243004,-0.291179,-0.854809,-0.235269,0.107879,-0.00677251,0.125,-0.09,False,True
1.325,-0,0,-0.149094,0.018674,0.420571,1.3374,-0.278526,0.318866,-13.8313,0.94413,0.301966,1.90907,-0.665604,-0.620832,-0.619446,-0.018674,-0.420571,0.0299091,-0,0,5.20423,0.0186494,0.416651,-20.9064,-0.531591,0.644383,15.0035,1.00875,0.0373672,-22.1313,-0.47716,-0.68175,5.81769,-0.0186494,-0.416651,-1.58168,-0.285421,-0.333937,-0.923138,-0.324942,0.109292,-0.00764241,0.125,-0.09,False,True
1.33,-0,0,-0.208487,0.0207398,0.406031,1.38123,-0.277565,0.0479952,-15.8168,0.946486,0.661374,1.88183,-0.668921,-0.70937,-0.673644,-0.0207398,-0.406031,0.0289019,-0,0,6.18755,0.0206906,0.399765,-21.2569,-0.52838,0.639633,17.0723,1.00891,0.0267627,-21.24,-0.48053,-0.666396,6.03309,-0.0206906,-0.399765,-1.61247,-0.312515,-0.36101,-1.00163,-0.424099,0.110722,-0.00847757,0.125,-0.09,False,True
1.335,-0,0,-0.266448,0.0227343,0.392004,1.41939,-0.278046,-0.25361,-17.3765,0.950744,1.05499,1.81582,-0.672697,-0.801384,-0.697034,-0.0227343,-0.392004,0.0278658,-0,0,6.98586,0.0226471,0.382839,-21.538,-0.525195,0.634057,18.6535,1.00902,0.0168574,-20.5984,-0.483824,-0.650914,6.11356,-0.0226471,-0.382839,-1.64067,-0.324362,-0.372523,-1.08395,-0.526351,0.112175,-0.0092779,0.125,-0.09,False,True
1.34,-0,0,-0.320361,0.0246599,0.378484,1.45115,-0.280101,-0.577025,-18.5309,0.957036,1.46758,1.71593,-0.676935,-0.890558,-0.690614,-0.0246599,-0.378484,0.0268835,-0,0,7.59567,0.0245189,0.365916,-21.7601,-0.52204,0.627925,19.7825,1.00908,0.007663,-20.1703,-0.48704,-0.635588,6.12144,-0.0245189,-0.365916,-1.66116,-0.321452,-0.368987,-1.16377,-0.625389,0.113653,-0.0100434,0.125,-0.09,False,True
1.345,-0,0,-0.368252,0.0265191,0.365425,1.47593,-0.283817,-0.913923,-19.3077,0.96542,1.88476,1.58702,-0.681603,-0.970834,-0.656235,-0.0265191,-0.365425,0.0260139,-0,0,8.02189,0.0263062,0.349028,-21.9321,-0.518916,0.621473,20.4946,1.0091,-0.00082709,-19.9312,-0.49018,-0.620646,6.08946,-0.0263062,-0.349028,-1.67317,-0.304711,-0.351331,-1.23501,-0.715187,0.11516,-0.0107741,0.125,-0.09,False,True
1.35,-0,0,-0.408746,0.0283141,0.35276,1.49326,-0.28924,-1.25672,-19.7404,0.975884,2.29335,1.43397,-0.686643,-1.03664,-0.596539,-0.0283141,-0.35276,0.0252988,-0,0,8.27554,0.0280092,0.332195,-22.0613,-0.515825,0.614914,20.8284,1.00907,-0.00863342,-19.8601,-0.493246,-0.60628,6.03492,-0.0280092,-0.332195,-1.67768,-0.275459,-0.320878,-1.29205,-0.790217,0.116698,-0.0114702,0.125,-0.09,False,True
1.355,-0,0,-0.441021,0.0300467,0.340405,1.50287,-0.296384,-1.59867,-19.867,0.988353,2.68172,1.26157,-0.691969,-1.08306,-0.514806,-0.0300467,-0.340405,0.0247663,-0,0,8.37183,0.0296282,0.315435,-22.1527,-0.512767,0.60844,20.8259,1.00901,-0.0157877,-19.9361,-0.496242,-0.592652,5.96729,-0.0296282,-0.315435,-1.67609,-0.235335,-0.279273,-1.32991,-0.845625,0.118269,-0.0121319,0.125,-0.09,False,True
1.36,-0,0,-0.464733,0.0317182,0.328263,1.50467,-0.305227,-1.93397,-19.728,1.0027,3.03995,1.07447,-0.697474,-1.10599,-0.414751,-0.0317182,-0.328263,0.0244336,-0,0,8.32844,0.0311636,0.29876,-22.2096,-0.509741,0.602224,20.5308,1.00891,-0.0223305,-20.1372,-0.499173,-0.579894,5.89208,-0.0311636,-0.29876,-1.66967,-0.186189,-0.228383,-1.3444,-0.877368,0.119874,-0.0127594,0.125,-0.09,False,True
1.365,-0,0,-0.479926,0.0333293,0.316233,1.49876,-0.315724,-2.25776,-19.3634,1.01875,3.35997,0.876999,-0.703029,-1.10221,-0.300297,-0.0333293,-0.316233,0.024309,-0,0,8.16405,0.0326158,0.282181,-22.2338,-0.506745,0.59642,19.9864,1.00879,-0.0283096,-20.4415,-0.502041,-0.568111,5.81248,-0.0326158,-0.282181,-1.65937,-0.129972,-0.170181,-1.33224,-0.882297,0.121513,-0.0133529,0.125,-0.09,False,True
1.37,-0,0,-0.486932,0.0348805,0.304211,1.4854,-0.327805,-2.56609,-18.8109,1.0363,3.63553,0.673093,-0.708496,-1.06943,-0.175371,-0.0348805,-0.304211,0.0243928,-0,0,7.89709,0.0339854,0.265709,-22.2258,-0.503776,0.591163,19.2336,1.00863,-0.0337782,-20.8277,-0.504854,-0.557385,5.73008,-0.0339854,-0.265709,-1.64585,-0.0686292,-0.106649,-1.29104,-0.858176,0.123185,-0.0139129,0.125,-0.09,False,True
1.375,-0,0,-0.486266,0.0363715,0.292095,1.46507,-0.341384,-2.85584,-18.1041,1.05511,3.86208,0.46622,-0.713724,-1.00624,-0.0437354,-0.0363715,-0.292095,0.0246788,-0,0,7.54475,0.0352729,0.249358,-22.1854,-0.500833,0.586568,18.3092,1.00845,-0.0387936,-21.2765,-0.507615,-0.547775,5.64517,-0.0352729,-0.249358,-1.62959,-0.0040203,-0.0396904,-1.21932,-0.803662,0.124891,-0.0144395,0.125,-0.09,False,True
1.38,-0,0,-0.478528,0.0378015,0.279788,1.43839,-0.356363,-3.12458,-17.2718,1.07492,4.03664,0.259372,-0.718558,-0.912061,0.0911153,-0.0378015,-0.279788,0.0251546,-0,0,7.1224,0.036479,0.233142,-22.1118,-0.497911,0.582737,17.2448,1.00824,-0.0434162,-21.771,-0.510331,-0.539321,5.55698,-0.036479,-0.233142,-1.61092,0.0621346,0.0289215,-1.11641,-0.718248,0.126628,-0.0149331,0.125,-0.09,False,True
1.385,-0,0,-0.464324,0.0391693,0.267199,1.40611,-0.37263,-3.37047,-16.3371,1.09547,4.15757,0.0550877,-0.722844,-0.787094,0.226016,-0.0391693,-0.267199,0.0258026,-0,0,6.64325,0.0376043,0.217076,-22.004,-0.495006,0.579756,16.0662,1.00801,-0.0477083,-22.2973,-0.513008,-0.532047,5.46399,-0.0376043,-0.217076,-1.59009,0.128283,0.0975755,-0.982453,-0.602181,0.128397,-0.0153942,0.125,-0.09,False,True
1.39,-0,0,-0.444208,0.0404735,0.25425,1.36914,-0.390068,-3.59211,-15.318,1.1165,4.22432,-0.144477,-0.726429,-0.632209,0.358142,-0.0404735,-0.25425,0.0265999,-0,0,6.11831,0.0386497,0.201181,-21.8609,-0.492113,0.577697,14.7943,1.00776,-0.0517337,-22.8439,-0.515652,-0.525963,5.3643,-0.0386497,-0.201181,-1.56725,0.193046,0.164829,-0.818242,-0.456384,0.130195,-0.0158232,0.125,-0.09,False,True
1.395,-0,0,-0.418647,0.0417118,0.240873,1.32846,-0.408551,-3.78841,-14.2277,1.13772,4.23729,-0.337465,-0.729166,-0.448875,0.484997,-0.0417118,-0.240873,0.0275195,-0,0,5.55653,0.0396161,0.185478,-21.6815,-0.489229,0.576623,13.445,1.0075,-0.0555572,-23.4018,-0.518268,-0.521065,5.25598,-0.0396161,-0.185478,-1.5425,0.25521,0.229401,-0.625195,-0.282367,0.13202,-0.0162205,0.125,-0.09,False,True
1.4,-0,0,-0.387998,0.0428822,0.227016,1.28515,-0.427952,-3.95849,-13.0756,1.15887,4.19757,-0.522216,-0.730918,-0.239077,0.604381,-0.0428822,-0.227016,0.0285299,-0,0,4.96518,0.0405045,0.169994,-21.4646,-0.486347,0.576584,12.0307,1.00721,-0.0592438,-23.9638,-0.520863,-0.517341,5.13724,-0.0405045,-0.169994,-1.51586,0.313712,0.290161,-0.405256,-0.0821506,0.133872,-0.0165868,0.125,-0.09,False,True
1.405,-0,0,-0.352518,0.043982,0.212641,1.2403,-0.448136,-4.1016,-11.8682,1.17969,4.10686,-0.697177,-0.731557,-0.00525554,0.71436,-0.043982,-0.212641,0.0295965,-0,0,4.35022,0.041316,0.154755,-21.2096,-0.483463,0.577623,10.5609,1.0069,-0.0628587,-24.5239,-0.523441,-0.514765,5.00661,-0.041316,-0.154755,-1.48734,0.367618,0.346108,-0.160837,0.141801,0.135747,-0.0169224,0.125,-0.09,False,True
1.41,-0,0,-0.31238,0.0450086,0.197732,1.195,-0.468968,-4.21705,-10.6102,1.19994,3.96729,-0.860804,-0.73097,0.249758,0.813235,-0.0450086,-0.197732,0.0306818,-0,0,3.71672,0.0420521,0.139792,-20.9161,-0.480571,0.579769,9.04358,1.00658,-0.0664663,-25.0772,-0.52601,-0.513303,4.86314,-0.0420521,-0.139792,-1.45691,0.416113,0.396367,0.105243,0.386643,0.137645,-0.0172281,0.125,-0.09,False,True
1.415,-0,0,-0.267703,0.0459593,0.182288,1.15031,-0.490307,-4.30418,-9.30524,1.21937,3.78138,-1.01149,-0.729059,0.522794,0.899531,-0.0459593,-0.182288,0.0317466,-0,0,3.06928,0.042714,0.125139,-20.584,-0.477665,0.583042,7.48594,1.00624,-0.0701303,-25.6194,-0.528574,-0.512912,4.7065,-0.042714,-0.125139,-1.42456,0.45849,0.440174,0.389806,0.649199,0.139562,-0.0175045,0.125,-0.09,False,True
1.42,-0,0,-0.218594,0.0468315,0.16633,1.1072,-0.51201,-4.36237,-7.95718,1.23775,3.55197,-1.14752,-0.725742,0.810397,0.971995,-0.0468315,-0.16633,0.0327512,-0,0,2.41237,0.0433034,0.110829,-20.2143,-0.47474,0.587449,5.89542,1.00588,-0.0739125,-26.1464,-0.531139,-0.513537,4.53709,-0.0433034,-0.110829,-1.39028,0.494145,0.476883,0.689374,0.92602,0.141496,-0.0177522,0.125,-0.09,False,True
1.425,-0,0,-0.165191,0.0476226,0.149897,1.06655,-0.533931,-4.39103,-6.57052,1.25489,3.28215,-1.26701,-0.720955,1.10888,1.02961,-0.0476226,-0.149897,0.0336571,-0,0,1.75063,0.0438223,0.0968977,-19.8085,-0.471791,0.592986,4.28031,1.0055,-0.0778726,-26.6542,-0.53371,-0.515113,4.35604,-0.0438223,-0.0968977,-1.35412,0.522584,0.505973,1.00022,1.21343,0.143446,-0.0179721,0.125,-0.09,False,True
1.43,-0,0,-0.107714,0.0483304,0.133047,1.02908,-0.55592,-4.38965,-5.15125,1.27057,2.97528,-1.36789,-0.714654,1.41437,1.0716,-0.0483304,-0.133047,0.0344282,-0,0,1.08906,0.0442724,0.0833786,-19.3692,-0.46881,0.599633,2.65024,1.0051,-0.0820667,-27.1391,-0.53629,-0.517566,4.16521,-0.0442724,-0.0833786,-1.31623,0.543434,0.527056,1.31841,1.50761,0.145408,-0.0181648,0.125,-0.09,False,True
1.435,-0,0,-0.0465042,0.0489531,0.115857,0.995384,-0.577827,-4.35782,-3.70725,1.28464,2.63492,-1.44796,-0.706812,1.7229,1.0975,-0.0489531,-0.115857,0.0350324,-0,0,0.433135,0.0446561,0.0703043,-18.9004,-0.465794,0.607358,1.01642,1.00468,-0.0865471,-27.5976,-0.538885,-0.520811,3.96712,-0.0446561,-0.0703043,-1.27688,0.556449,0.539895,1.63992,1.8046,0.147382,-0.0183313,0.125,-0.09,False,True
1.44,-0,0,0.0179425,0.049489,0.0984147,0.965875,-0.599498,-4.29532,-2.24861,1.29692,2.26486,-1.50486,-0.697425,2.03046,1.10712,-0.049489,-0.0984147,0.0354435,-0,0,-0.211194,0.0449755,0.0577035,-18.4074,-0.462737,0.616115,-0.60825,1.00424,-0.091361,-28.0266,-0.541499,-0.524754,3.76484,-0.0449755,-0.0577035,-1.23649,0.561531,0.544417,1.96063,2.10044,0.149363,-0.0184723,0.125,-0.09,False,True
1.445,-0,0,0.0849541,0.0499372,0.0808218,0.940816,-0.62078,-4.20217,-0.787706,1.30729,1.86911,-1.5362,-0.686507,2.33306,1.10061,-0.0499372,-0.0808218,0.0356423,-0,0,-0.837584,0.0452331,0.0455997,-17.897,-0.459633,0.625844,-2.20936,1.00377,-0.0965497,-28.4236,-0.544133,-0.529295,3.56186,-0.0452331,-0.0455997,-1.19565,0.558732,0.540718,2.27648,2.39122,0.15135,-0.0185887,0.125,-0.09,False,True
1.45,-0,0,0.15368,0.0502972,0.0631866,0.920322,-0.64152,-4.07867,0.660901,1.31561,1.45182,-1.53958,-0.674094,2.62684,1.07847,-0.0502972,-0.0631866,0.0356179,-0,0,-1.43947,0.0454315,0.0340095,-17.3773,-0.456478,0.636477,-3.77137,1.00327,-0.102148,-28.787,-0.546791,-0.534329,3.36191,-0.0454315,-0.0340095,-1.15505,0.548267,0.529072,2.58352,2.67312,0.15334,-0.0186815,0.125,-0.09,False,True
1.455,-0,0,0.223107,0.0505691,0.0456209,0.904383,-0.661567,-3.92549,2.08076,1.32181,1.01734,-1.51277,-0.660239,2.90815,1.04151,-0.0505691,-0.0456209,0.0353679,-0,0,-2.01028,0.0455732,0.0229406,-16.8579,-0.453268,0.647935,-5.27803,1.00274,-0.108185,-29.1161,-0.549476,-0.53975,3.16875,-0.0455732,-0.0229406,-1.11551,0.530505,0.50992,2.87798,2.94256,0.155331,-0.0187514,0.125,-0.09,False,True
1.46,-0,0,0.292091,0.0507534,0.028235,0.892895,-0.680775,-3.74371,3.454,1.32579,0.570107,-1.45376,-0.645013,3.1736,0.990834,-0.0507534,-0.028235,0.0348989,-0,0,-2.5437,0.0456609,0.0123908,-16.3491,-0.449999,0.660136,-6.71304,1.00219,-0.114682,-29.4116,-0.552189,-0.545454,2.98605,-0.0456609,-0.0123908,-1.07789,0.505964,0.483855,3.15639,3.19621,0.157321,-0.0187993,0.125,-0.09,False,True
1.465,-0,0,0.359408,0.0508514,0.0111343,0.885684,-0.699004,-3.53481,4.76194,1.32751,0.114673,-1.36096,-0.628503,3.42014,0.927813,-0.0508514,-0.0111343,0.0342256,-0,0,-3.03393,0.0456971,0.00234661,-15.8623,-0.446667,0.672997,-8.06063,1.0016,-0.121654,-29.675,-0.554931,-0.551343,2.81715,-0.0456971,-0.00234661,-1.04303,0.475287,0.451597,3.41561,3.4311,0.159308,-0.0188262,0.125,-0.09,False,True
1.47,-0,0,0.423811,0.0508648,-0.00558543,0.882535,-0.716123,-3.30075,5.98576,1.32693,-0.34437,-1.23326,-0.610811,3.64512,0.854004,-0.0508648,0.00558543,0.0333703,-0,0,-3.4759,0.0456843,-0.00721749,-15.4089,-0.443269,0.686438,-9.30618,1.00097,-0.129111,-29.9091,-0.557702,-0.557327,2.66498,-0.0456843,0.00721749,-1.01172,0.439211,0.413957,3.65293,3.64463,0.161289,-0.0188328,0.125,-0.09,False,True
1.475,-0,0,0.484094,0.0507956,-0.021841,0.883222,-0.732011,-3.0439,7.10723,1.32406,-0.802426,-1.07021,-0.592052,3.84632,0.771074,-0.0507956,0.021841,0.0323613,-0,0,-3.86543,0.0456249,-0.0163391,-15,-0.439803,0.700388,-10.4367,1.00031,-0.137057,-30.1175,-0.560504,-0.563331,2.53198,-0.0456249,0.0163391,-0.984591,0.39854,0.371801,3.86607,3.83464,0.163263,-0.0188198,0.125,-0.09,False,True
1.48,-0,0,0.539151,0.0506464,-0.0375644,0.887521,-0.746562,-2.76705,8.10935,1.31891,-1.25493,-0.87206,-0.572348,4.02198,0.680728,-0.0506464,0.0375644,0.0312312,-0,0,-4.19932,0.0455209,-0.0250674,-14.6462,-0.436265,0.714788,-11.4412,0.999601,-0.145496,-30.3041,-0.563336,-0.569292,2.42005,-0.0455209,0.0250674,-0.96216,0.354097,0.326004,4.05319,3.99942,0.165228,-0.0187879,0.125,-0.09,False,True
1.485,-0,0,0.588025,0.0504199,-0.0527045,0.895221,-0.759682,-2.47337,8.97695,1.31151,-1.69741,-0.639839,-0.551832,4.17077,0.58462,-0.0504199,0.0527045,0.0300149,-0,0,-4.47538,0.0453742,-0.0334626,-14.3568,-0.432655,0.729593,-12.3109,0.998852,-0.154428,-30.4734,-0.566197,-0.575165,2.33059,-0.0453742,0.0334626,-0.944771,0.306691,0.277409,4.21295,4.13766,0.167183,-0.0187377,0.125,-0.09,False,True
1.49,-0,0,0.629946,0.0501193,-0.0672278,0.906136,-0.771296,-2.16631,9.69714,1.30194,-2.12547,-0.375375,-0.53064,4.29178,0.484282,-0.0501193,0.0672278,0.0287483,-0,0,-4.69227,0.0451863,-0.0415942,-14.1396,-0.428969,0.744777,-13.0392,0.998057,-0.163855,-30.6293,-0.569087,-0.580922,2.26449,-0.0451863,0.0415942,-0.932619,0.257075,0.226791,4.34442,4.24849,0.169126,-0.0186695,0.125,-0.09,False,True
1.495,-0,0,0.664351,0.0497477,-0.0811186,0.920095,-0.781345,-1.8496,10.2595,1.29026,-2.53488,-0.0812774,-0.508914,4.38448,0.381061,-0.0497477,0.0811186,0.0274664,-0,0,-4.84942,0.0449583,-0.0495393,-14.0005,-0.425207,0.760329,-13.6219,0.997213,-0.17378,-30.7756,-0.572006,-0.586549,2.2222,-0.0449583,0.0495393,-0.92577,0.205921,0.174826,4.44705,4.3314,0.171058,-0.0185838,0.125,-0.09,False,True
1.5,-0,0,0.690889,0.0493081,-0.0943778,0.936943,-0.789792,-1.5271,10.6565,1.27659,-2.92155,0.239121,-0.486795,4.44866,0.276072,-0.0493081,0.0943778,0.0262023,-0,0,-4.94679,0.0446909,-0.0573806,-13.9434,-0.421366,0.776259,-14.0563,0.996319,-0.18421,-30.9149,-0.574953,-0.592048,2.20371,-0.0446909,0.0573806,-0.924185,0.153787,0.122067,4.52065,4.38617,0.172976,-0.0184808,0.125,-0.09,False,True
1.505,-0,0,0.709411,0.0488039,-0.107022,0.956527,-0.796616,-1.2028,10.8828,1.26104,-3.28156,0.581852,-0.464427,4.48436,0.170172,-0.0488039,0.107022,0.0249858,-0,0,-4.98461,0.0443845,-0.0652039,-13.9704,-0.417444,0.792589,-14.3416,0.995371,-0.195158,-31.0492,-0.577927,-0.597431,2.20863,-0.0443845,0.0652039,-0.92775,0.101111,0.0689324,4.56528,4.41285,0.174882,-0.0183603,0.125,-0.09,False,True
1.51,-0,0,0.719949,0.0482379,-0.119082,0.97869,-0.80182,-0.880679,10.9359,1.24377,-3.61114,0.942423,-0.441952,4.49182,0.0639514,-0.0482379,0.119082,0.0238434,-0,0,-4.96325,0.0440389,-0.0730964,-14.0813,-0.41344,0.809358,-14.4781,0.994367,-0.206641,-31.1791,-0.580927,-0.602717,2.23618,-0.0440389,0.0730964,-0.936303,0.0482005,0.0157041,4.5812,4.41166,0.176774,-0.0182225,0.125,-0.09,False,True
1.515,-0,0,0.722691,0.0476131,-0.1306,1.00325,-0.805423,-0.564711,10.8154,1.22493,-3.90667,1.31595,-0.419509,4.47138,-0.0422545,-0.0476131,0.1306,0.0227974,-0,0,-4.88298,0.0436535,-0.0811442,-14.274,-0.409351,0.826613,-14.4671,0.993305,-0.218681,-31.304,-0.583954,-0.607932,2.2853,-0.0436535,0.0811442,-0.949662,-0.00476069,-0.0374655,4.56881,4.38292,0.178654,-0.0180669,0.125,-0.09,False,True
1.52,-0,0,0.717948,0.0469319,-0.14163,1.03001,-0.807467,-0.258758,10.5229,1.2047,-4.16471,1.6973,-0.397238,4.42347,-0.148335,-0.0469319,0.14163,0.0218666,-0,0,-4.74392,0.0432274,-0.0894307,-14.5448,-0.405174,0.84441,-14.3104,0.99218,-0.231309,-31.4222,-0.587006,-0.6131,2.35478,-0.0432274,0.0894307,-0.967653,-0.0577003,-0.0905376,4.52855,4.32701,0.180521,-0.0178933,0.125,-0.09,False,True
1.525,-0,0,0.706132,0.0461968,-0.152231,1.05873,-0.80801,0.0334514,10.0614,1.18329,-4.38193,2.08119,-0.375275,4.34848,-0.254357,-0.0461968,0.152231,0.0210657,-0,0,-4.54599,0.0427592,-0.0980345,-14.8885,-0.400907,0.862805,-14.0101,0.990991,-0.244559,-31.5305,-0.590085,-0.618246,2.44339,-0.0427592,0.0980345,-0.990148,-0.110636,-0.143563,4.46089,4.2443,0.182378,-0.017701,0.125,-0.09,False,True
1.53,-0,0,0.687731,0.0454096,-0.162471,1.0891,-0.807132,0.30837,9.43599,1.16089,-4.55515,2.46237,-0.353753,4.24678,-0.36051,-0.0454096,0.162471,0.020406,-0,0,-4.28904,0.0422471,-0.107028,-15.2984,-0.396546,0.881857,-13.569,0.989735,-0.258472,-31.6248,-0.593189,-0.623385,2.55018,-0.0422471,0.107028,-1.01709,-0.163644,-0.196653,4.36624,4.13512,0.184225,-0.0174895,0.125,-0.09,False,True
1.535,-0,0,0.663297,0.0445721,-0.172422,1.1208,-0.804927,0.562664,8.65286,1.13773,-4.68135,2.83564,-0.332807,4.11868,-0.467027,-0.0445721,0.172422,0.0198952,-0,0,-3.97301,0.0416889,-0.116477,-15.7666,-0.392088,0.901616,-12.99,0.988407,-0.27309,-31.6997,-0.596319,-0.628526,2.67463,-0.0416889,0.116477,-1.04851,-0.216827,-0.249937,4.24497,3.99972,0.186064,-0.0172579,0.125,-0.09,False,True
1.54,-0,0,0.633442,0.0436854,-0.182159,1.15339,-0.801506,0.793246,7.72007,1.11407,-4.75767,3.19597,-0.312566,3.96443,-0.574104,-0.0436854,0.182159,0.0195383,-0,0,-3.5982,0.0410823,-0.126438,-16.2842,-0.38753,0.922128,-12.277,0.987004,-0.288462,-31.749,-0.599474,-0.633666,2.81692,-0.0410823,0.126438,-1.08455,-0.270272,-0.303527,4.09738,3.83831,0.187897,-0.0170054,0.125,-0.09,False,True
1.545,-0,0,0.598838,0.0427505,-0.191759,1.18642,-0.796994,0.997312,6.64768,1.09016,-4.78151,3.53853,-0.293162,3.7842,-0.681804,-0.0427505,0.191759,0.0193372,-0,0,-3.16569,0.0404246,-0.136957,-16.8415,-0.382867,0.943425,-11.4349,0.985522,-0.304635,-31.7657,-0.602655,-0.638789,2.97795,-0.0404246,0.136957,-1.12543,-0.323997,-0.357463,3.92371,3.65101,0.189727,-0.0167309,0.125,-0.09,False,True
1.55,-0,0,0.56023,0.0417678,-0.201298,1.21934,-0.791532,1.17239,5.44826,1.06626,-4.75056,3.85866,-0.274724,3.57818,-0.78995,-0.0417678,0.201298,0.0192909,-0,0,-2.67771,0.0397127,-0.148073,-17.4275,-0.378095,0.965526,-10.4711,0.983958,-0.321658,-31.7428,-0.605862,-0.643868,3.15936,-0.0397127,0.148073,-1.1714,-0.377908,-0.411666,3.72421,3.43795,0.191555,-0.0164334,0.125,-0.09,False,True
1.555,-0,0,0.518452,0.0407375,-0.210853,1.25155,-0.78527,1.31638,4.13766,1.04265,-4.66299,4.15185,-0.257381,3.34661,-0.898017,-0.0407375,0.210853,0.0193963,-0,0,-2.13817,0.0389438,-0.15981,-18.0308,-0.373212,0.988437,-9.39563,0.982306,-0.33958,-31.6733,-0.609094,-0.648858,3.36314,-0.0389438,0.15981,-1.22261,-0.431736,-0.465878,3.49917,3.19934,0.193386,-0.0161118,0.125,-0.09,False,True
1.56,-0,0,0.474435,0.0396593,-0.220496,1.28238,-0.778369,1.42768,2.73576,1.01963,-4.51758,4.41369,-0.241258,3.0899,-1.00502,-0.0396593,0.220496,0.0196475,-0,0,-1.55305,0.0381147,-0.172181,-18.6384,-0.368211,1.01215,-8.2228,0.980562,-0.358444,-31.5519,-0.612351,-0.653705,3.5911,-0.0381147,0.172181,-1.27902,-0.484988,-0.519609,3.24906,2.93553,0.195222,-0.0157649,0.125,-0.09,False,True
1.565,-0,0,0.429218,0.0385325,-0.230298,1.3111,-0.770994,1.5052,1.26729,0.997475,-4.31395,4.63974,-0.226482,2.80875,-1.10942,-0.0385325,0.230298,0.0200365,-0,0,-0.930849,0.037222,-0.185189,-19.2369,-0.36309,1.03664,-6.97223,0.978721,-0.378296,-31.375,-0.615631,-0.658344,3.84402,-0.037222,0.185189,-1.34017,-0.53689,-0.572089,2.97463,2.64716,0.197066,-0.0153915,0.125,-0.09,False,True
1.57,-0,0,0.383934,0.0373563,-0.240324,1.33697,-0.763317,1.54856,-0.237517,0.976487,-4.05285,4.82547,-0.213171,2.50429,-1.20902,-0.0373563,0.240324,0.0205532,-0,0,-0.282808,0.0362628,-0.198821,-19.8116,-0.357845,1.06188,-5.66977,0.976779,-0.399176,-31.1424,-0.618934,-0.662701,4.12065,-0.0362628,0.198821,-1.40505,-0.586351,-0.622224,2.67705,2.33534,0.198922,-0.0149905,0.125,-0.09,False,True
1.575,-0,0,0.339787,0.0361293,-0.250634,1.35918,-0.755508,1.55816,-1.74275,0.956947,-3.73642,4.96613,-0.201439,2.17825,-1.30097,-0.0361293,0.250634,0.0211855,-0,0,0.377055,0.0352338,-0.213053,-20.3471,-0.352471,1.08782,-4.34814,0.974729,-0.421125,-30.8579,-0.622258,-0.666699,4.4167,-0.0352338,0.213053,-1.47186,-0.631945,-0.668579,2.35812,2.00175,0.200793,-0.0145608,0.125,-0.09,False,True
1.58,-0,0,0.297999,0.03485,-0.261283,1.37695,-0.747735,1.53535,-3.20716,0.939123,-3.3685,5.05676,-0.191388,1.83315,-1.38175,-0.03485,0.261283,0.02192,-0,0,1.03222,0.0341322,-0.227847,-20.8273,-0.346966,1.11445,-3.04672,0.972568,-0.444184,-30.53,-0.625601,-0.670262,4.72403,-0.0341322,0.227847,-1.53797,-0.671919,-0.709395,2.02038,1.64887,0.202684,-0.0141012,0.125,-0.09,False,True
1.585,-0,0,0.259725,0.0335165,-0.272316,1.38951,-0.740155,1.48248,-4.58547,0.923262,-2.9549,5.09213,-0.183107,1.47241,-1.44731,-0.0335165,0.272316,0.0227417,-0,0,1.66429,0.0329553,-0.243152,-21.2362,-0.341327,1.14172,-1.81042,0.970288,-0.4684,-30.1719,-0.628961,-0.673317,5.03048,-0.0329553,0.243152,-1.59982,-0.70425,-0.742634,1.6673,1.2801,0.204598,-0.0136108,0.125,-0.09,False,True
1.59,-0,0,0.225961,0.0321268,-0.283774,1.39615,-0.73291,1.40305,-5.83049,0.909574,-2.50356,5.06686,-0.176664,1.10051,-1.49322,-0.0321268,0.283774,0.0236347,-0,0,2.25403,0.0317007,-0.258907,-21.5579,-0.335549,1.16963,-0.687365,0.967883,-0.493826,-29.8005,-0.632334,-0.675803,5.32027,-0.0317007,0.258907,-1.65314,-0.726738,-0.766079,1.30338,0.899878,0.206537,-0.0130886,0.125,-0.09,False,True
1.595,-0,0,0.197437,0.0306787,-0.295687,1.39622,-0.726124,1.30165,-6.8962,0.898226,-2.02466,4.97554,-0.172102,0.723009,-1.51498,-0.0306787,0.295687,0.0245817,-0,0,2.78265,0.0303663,-0.27504,-21.7778,-0.329631,1.19819,0.274518,0.965349,-0.520526,-29.4349,-0.635719,-0.677668,5.57547,-0.0303663,0.27504,-1.69313,-0.737141,-0.777467,0.934208,0.513762,0.208506,-0.0125338,0.125,-0.09,False,True
1.6,-0,0,0.17452,0.0291699,-0.308078,1.38921,-0.719894,1.18392,-7.74128,0.889328,-1.53049,4.81288,-0.169434,0.346563,-1.50831,-0.0291699,0.308078,0.025564,-0,0,3.2333,0.0289503,-0.291469,-21.8833,-0.323567,1.22745,1.03165,0.962678,-0.548576,-29.0938,-0.639111,-0.678872,5.77807,-0.0289503,0.291469,-1.71499,-0.733333,-0.774647,0.566454,0.128381,0.210507,-0.0119459,0.125,-0.09,False,True
1.605,-0,0,0.157149,0.027598,-0.320961,1.37474,-0.714285,1.0564,-8.33267,0.882921,-1.0352,4.57392,-0.168637,-0.0212053,-1.46949,-0.027598,0.320961,0.0265602,-0,0,3.59247,0.0274516,-0.30811,-21.8641,-0.317356,1.25745,1.54901,0.959863,-0.578068,-28.7932,-0.642507,-0.679386,5.91255,-0.0274516,0.30811,-1.71457,-0.713462,-0.755733,0.207753,-0.248646,0.212542,-0.0113243,0.125,-0.09,False,True
1.61,-0,0,0.144817,0.0259603,-0.334335,1.35261,-0.70933,0.92627,-8.64821,0.878976,-0.554404,4.25416,-0.169646,-0.371866,-1.39555,-0.0259603,0.334335,0.0275437,-0,0,3.85101,0.0258692,-0.324869,-21.7134,-0.310993,1.28829,1.8036,0.956898,-0.609103,-28.5431,-0.645905,-0.679185,5.96848,-0.0258692,0.324869,-1.6894,-0.676075,-0.719231,-0.133466,-0.608891,0.214614,-0.0106686,0.125,-0.09,False,True
1.615,-0,0,0.136601,0.0242546,-0.348188,1.32279,-0.705022,0.801057,-8.67807,0.877377,-0.104645,3.84956,-0.172355,-0.696412,-1.28446,-0.0242546,0.348188,0.0284788,-0,0,4.0045,0.0242029,-0.341652,-21.4279,-0.304473,1.32004,1.78638,0.953772,-0.641795,-28.3459,-0.649299,-0.678246,5.94264,-0.0242029,0.341652,-1.64035,-0.620177,-0.66409,-0.448207,-0.943342,0.216724,-0.00997881,0.125,-0.09,False,True
1.62,-0,0,0.131236,0.0224784,-0.362484,1.28537,-0.701319,0.688356,-8.42409,0.877929,0.297139,3.35647,-0.17661,-0.985495,-1.13505,-0.0224784,0.362484,0.0293135,-0,0,4.05278,0.0224527,-0.358358,-21.0084,-0.297792,1.3528,1.5022,0.95048,-0.676257,-28.1954,-0.652687,-0.676539,5.8409,-0.0224527,0.358358,-1.5744,-0.545216,-0.589683,-0.727153,-1.24263,0.218873,-0.00925489,0.125,-0.09,False,True
1.625,-0,0,0.127197,0.0206298,-0.377159,1.24052,-0.698139,0.595544,-7.89728,0.880349,0.634085,2.77137,-0.18221,-1.22963,-0.946768,-0.0206298,0.377159,0.0299688,-0,0,3.99849,0.0206193,-0.374878,-20.4599,-0.290945,1.38662,0.967801,0.94701,-0.712601,-28.0752,-0.656065,-0.674023,5.68026,-0.0206193,0.374878,-1.50968,-0.450978,-0.495685,-0.960864,-1.49722,0.221061,-0.00849711,0.125,-0.09,False,True
1.63,-0,0,0.122752,0.0187069,-0.392096,1.18825,-0.695363,0.529602,-7.11333,0.88427,0.889709,2.09059,-0.188907,-1.41931,-0.719356,-0.0187069,0.392096,0.0303191,-0,0,3.84438,0.0187039,-0.391086,-19.7935,-0.283926,1.42156,0.208624,0.943354,-0.750923,-27.9576,-0.659427,-0.670637,5.49359,-0.0187039,0.391086,-1.48496,-0.33741,-0.38188,-1.13993,-1.69753,0.223289,-0.00770595,0.125,-0.09,False,True
1.635,-0,0,0.115779,0.0167088,-0.407107,1.1289,-0.692843,0.497046,-6.14136,0.889246,1.048,1.35078,-0.196403,-1.54504,-0.46596,-0.0167088,0.407107,0.0301204,-0,0,3.59613,0.0167085,-0.406813,-19.0788,-0.27673,1.45758,-0.680458,0.939501,-0.791287,-27.7503,-0.662771,-0.666295,5.43764,-0.0167085,0.406813,-1.62937,-0.211232,-0.254694,-1.25499,-1.83395,0.225555,-0.00688219,0.125,-0.09,False,True
1.64,-0,0,-1.50272,0.0146358,-0.42184,-5.87646,-0.690393,0.500105,6.64822,0.89475,1.10405,6.29599,-0.204357,-1.60416,1.24204,-0.0146358,0.42184,0.185817,-0,0,1.7047,0.0146358,-0.421806,-9.03208,-0.26935,1.49443,-13.3044,0.935441,-0.833619,-33.2656,-0.66609,-0.660809,1.38876,-0.0146358,0.421806,0.146164,0.750306,0.491668,-1.30364,-1.90356,0.227858,-0.00602702,0.125,-0.09,True,True
1.645,-0,0,-1.3776,0.0124904,-0.435684,-5.39181,-0.687841,0.524197,7.22575,0.900286,1.09889,4.88631,-0.212445,-1.62309,1.2538,-0.0124904,0.435684,0.231021,-0,0,1.55032,0.0124904,-0.435684,-7.93488,-0.261785,1.53109,-13.4749,0.931164,-0.877378,-31.9203,-0.669379,-0.653711,1.32956,-0.0124904,0.435684,0.214689,0.788114,0.465633,-1.31275,-1.93237,0.230197,-0.00514227,0.138095,-0.0792857,True,True
1.65,-0,0,-1.20826,0.0102789,-0.448089,-4.65044,-0.685151,0.551895,7.83797,0.905739,1.08069,3.38186,-0.220588,-1.63258,1.20668,-0.0102789,0.448089,0.322479,-0,0,1.37048,0.0102789,-0.448089,-6.74549,-0.254039,1.56644,-13.5474,0.926667,-0.921884,-30.2256,-0.672628,-0.644561,1.27365,-0.0102789,0.448089,0.315479,0.829083,0.377564,-1.31347,-1.95074,0.232567,-0.00423073,0.15119,-0.0685714,True,True
1.655,-0,0,-1.02307,0.0080095,-0.458821,-3.78556,-0.682323,0.579329,8.41948,0.911093,1.05965,1.74055,-0.228771,-1.63898,1.1417,-0.0080095,0.458821,0.421563,-0,0,1.1738,0.0080095,-0.458821,-5.53015,-0.246121,1.60003,-13.536,0.921946,-0.966762,-28.3671,-0.675825,-0.633265,1.20836,-0.0080095,0.458821,0.419013,0.866501,0.275184,-1.31231,-1.96484,0.234965,-0.00329574,0.164286,-0.0578571,True,True
1.66,-0,0,-0.834151,0.00569073,-0.467797,-2.84836,-0.679358,0.606307,8.94152,0.916335,1.03595,-0.00113996,-0.236978,-1.64226,1.07213,-0.00569073,0.467797,0.52024,-0,0,0.968554,0.00569073,-0.467797,-4.33325,-0.238039,1.63164,-13.4474,0.916999,-1.01177,-26.4339,-0.67896,-0.619875,1.13582,-0.00569073,0.467797,0.519189,0.901331,0.170787,-1.3093,-1.9746,0.237387,-0.00234089,0.177381,-0.0471429,True,True
1.665,-0,0,-0.646068,0.00333154,-0.474986,-1.85405,-0.676259,0.632656,9.39289,0.921453,1.00982,-1.81124,-0.245193,-1.64247,1.00224,-0.00333154,0.474986,0.619859,-0,0,0.759687,0.00333154,-0.474986,-3.17621,-0.229804,1.66116,-13.2823,0.911828,-1.05667,-24.4599,-0.682024,-0.604487,1.06041,-0.00333154,0.474986,0.617357,0.936663,0.0655787,-1.30451,-1.98004,0.239828,-0.00136984,0.190476,-0.0364286,True,True
1.67,-0,0,-0.46088,0.000940876,-0.480384,-0.808232,-0.673031,0.658214,9.76914,0.926434,0.981494,-3.6763,-0.253402,-1.63971,0.934582,-0.000940876,0.480384,0.722036,-0,0,0.549448,0.000940876,-0.480384,-2.06716,-0.221428,1.68849,-13.0403,0.906433,-1.10127,-22.4579,-0.685005,-0.587219,0.984736,-0.000940876,0.480384,0.715186,0.974891,-0.0403093,-1.29804,-1.98125,0.242285,-0.000386303,0.203571,-0.0257143,True,True
1.675,-0,0,-0.279322,-0.0014723,-0.483995,0.288559,-0.669677,0.68282,10.0689,0.931268,0.951239,-5.59286,-0.26159,-1.63406,0.870493,0.0014723,0.483995,0.828198,-0,0,0.338631,-0.0014723,-0.483995,-1.00768,-0.21292,1.71352,-12.72,0.900815,-1.14532,-20.4303,-0.687896,-0.568199,0.91015,0.0014723,0.483995,0.81416,1.0177,-0.147203,-1.28998,-1.97833,0.244752,0.000606047,0.216667,-0.015,True,True
1.68,-0,0,-0.101474,-0.00389908,-0.485825,1.43812,-0.666203,0.706315,10.2917,0.935946,0.9193,-7.56229,-0.269743,-1.62561,0.810413,0.00389908,0.485825,0.939223,-0,0,0.127285,-0.00389908,-0.485825,0.00330387,-0.204292,1.73616,-12.3197,0.894979,-1.1886,-18.3748,-0.690687,-0.54756,0.837081,0.00389908,0.485825,0.915196,1.06591,-0.255499,-1.28041,-1.97136,0.247227,0.00160354,0.229762,-0.00428571,True,True
1.685,-0,0,0.0728426,-0.00633055,-0.485873,2.64246,-0.662614,0.728538,10.4374,0.940461,0.88592,-9.58727,-0.277847,-1.61446,0.75379,0.00633055,0.485873,1.05488,-0,0,-0.0848458,-0.00633055,-0.485873,0.967034,-0.195558,1.75628,-11.8374,0.888929,-1.23084,-16.2889,-0.693371,-0.52544,0.764935,0.00633055,0.485873,1.01807,1.11909,-0.365312,-1.26941,-1.96043,0.249705,0.00260254,0.242857,0.00642857,True,True
1.69,-0,0,0.243779,-0.00875781,-0.484135,3.90171,-0.658918,0.749328,10.5053,0.944805,0.851336,-11.6684,-0.285888,-1.60066,0.698653,0.00875781,0.484135,1.17292,-0,0,-0.298005,-0.00875781,-0.484135,1.88274,-0.18673,1.77376,-11.2728,0.882671,-1.27177,-14.1743,-0.695941,-0.501983,0.691679,0.00875781,0.484135,1.12049,1.17468,-0.47604,-1.25706,-1.9456,0.252182,0.00359937,0.255952,0.0171429,True,True
1.695,-0,0,0.411188,-0.0111719,-0.480601,5.21134,-0.655121,0.768531,10.4941,0.948974,0.815788,-13.8004,-0.293853,-1.58432,0.640768,0.0111719,0.480601,1.28756,-0,0,-0.512114,-0.0111719,-0.480601,2.74518,-0.17782,1.78847,-10.6292,0.876212,-1.31112,-12.0422,-0.698391,-0.477343,0.612996,0.0111719,0.480601,1.21653,1.22648,-0.58573,-1.24344,-1.92695,0.254653,0.0045904,0.269048,0.0278571,True,True
1.7,-0,0,0.574255,-0.0135638,-0.475262,6.55791,-0.651232,0.78601,10.4024,0.952963,0.779527,-15.9656,-0.301731,-1.56554,0.572194,0.0135638,0.475262,1.38705,-0,0,-0.726357,-0.0135638,-0.475262,3.54121,-0.168845,1.80032,-9.91676,0.86956,-1.34862,-9.9213,-0.700715,-0.451691,0.520851,0.0135638,0.475262,1.29421,1.26224,-0.690076,-1.22868,-1.90459,0.257114,0.00557193,0.282143,0.0385714,True,True
1.705,-0,0,0.730922,-0.0159245,-0.468112,7.91207,-0.647261,0.80167,10.2297,0.956769,0.742828,-18.1245,-0.309509,-1.5445,0.478988,0.0159245,0.468112,1.44979,-0,0,-0.938506,-0.0159245,-0.468112,4.24433,-0.159817,1.80929,-9.15933,0.862725,-1.38407,-7.87113,-0.702908,-0.42522,0.401203,0.0159245,0.468112,1.33146,1.25977,-0.780819,-1.21295,-1.87868,0.259562,0.00654027,0.295238,0.0492857,True,True
1.71,-0,0,0.876924,-0.0182449,-0.459167,9.2171,-0.643216,0.815497,9.97821,0.960391,0.706014,-20.1988,-0.317176,-1.52151,0.337641,0.0182449,0.459167,1.43822,-0,0,-1.1438,-0.0182449,-0.459167,4.80629,-0.150752,1.81553,-8.40451,0.855719,-1.41737,-6.00286,-0.704967,-0.398157,0.230471,0.0182449,0.459167,1.28995,1.18083,-0.843215,-1.19654,-1.84955,0.261993,0.00749173,0.308333,0.06,True,True
1.715,-0,0,1.00415,-0.0205162,-0.448479,10.3717,-0.639106,0.827625,9.65764,0.963829,0.669484,-22.047,-0.324724,-1.49711,0.111365,0.0205162,0.448479,1.29165,-0,0,-1.3333,-0.0205162,-0.448479,5.14711,-0.141662,1.81948,-7.73972,0.848552,-1.4487,-4.50776,-0.70689,-0.370774,-0.028075,0.0205162,0.448479,1.10798,0.964202,-0.852848,-1.17996,-1.81775,0.264403,0.00842269,0.321429,0.0707143,True,True
1.72,-0,0,1.08143,-0.0227297,-0.436185,11.1997,-0.634939,0.838444,9.39166,0.967086,0.633754,-23.5481,-0.332147,-1.4722,-0.14971,0.0227297,0.436185,1.04238,-0,0,-1.53426,-0.0227297,-0.436185,5.43042,-0.132557,1.82201,-7.26056,0.841232,-1.47858,-3.27374,-0.708675,-0.343433,-0.319426,0.0227297,0.436185,0.847295,0.657724,-0.80741,-1.16399,-1.7843,0.266789,0.00932967,0.334524,0.0814286,True,True
1.725,-0,0,1.15625,-0.024878,-0.422563,19.5955,-0.630721,0.84792,3.39677,0.970167,0.598895,-28.7514,-0.339446,-1.44682,-0.995496,0.024878,0.422563,2.35842,-0,0,0.0265489,-0.024878,-0.422658,-1.24451,-0.123442,1.80921,-0.903817,0.833766,-1.48612,1.68956,-0.710324,-0.323087,-0.105411,0.024878,0.422658,-0.0278804,1.15765,-2.15296,-1.14848,-1.74941,0.269152,0.0102096,0.345,0.09,True,False
1.73,-0,0,-0.421916,-0.0269554,-0.408043,19.8885,-0.62646,0.854605,7.87693,0.973075,0.563938,-25.6193,-0.346615,-1.41854,1.53675,0.0269554,0.408043,1.70567,-0,0,0.114127,-0.0269563,-0.408643,-1.31835,-0.114465,1.73554,-4.61484,0.826371,-1.40531,1.80998,-0.711906,-0.33023,-0.289513,0.0269563,0.408643,-0.0281728,1.97297,-0.436531,-1.13071,-1.71098,0.271493,0.0110602,0.345,0.09,True,False
1.735,-0,0,-2.36238,-0.0289585,-0.393046,20.2761,-0.622175,0.85762,12.9668,0.975806,0.52852,-22.2851,-0.353631,-1.38614,3.78687,0.0289585,0.393046,1.48107,-0,0,0.231614,-0.0289645,-0.394832,-1.39167,-0.106087,1.57122,-8.95964,0.819713,-1.19293,1.9176,-0.713626,-0.37829,-0.500424,0.0289645,0.394832,-0.0274323,2.94888,0.837079,-1.10913,-1.66807,0.273818,0.0118801,0.345,0.09,True,False
1.74,-0,0,-4.25479,-0.0308858,-0.37784,20.5997,-0.617884,0.857594,17.3989,0.97836,0.493391,-19.6352,-0.360476,-1.35098,5.0911,0.0308858,0.37784,1.41128,-0,0,0.357738,-0.0309046,-0.381543,-1.45797,-0.0987529,1.32359,-12.9122,0.814441,-0.859598,1.97585,-0.715689,-0.463988,-0.685568,0.0309046,0.381543,-0.0262301,3.55838,1.53133,-1.08493,-1.62224,0.276133,0.0126686,0.345,0.09,True,False
1.745,-0,0,-5.97759,-0.0327369,-0.362583,20.8514,-0.613599,0.855139,21.099,0.98074,0.459136,-17.5812,-0.367141,-1.31427,5.76806,0.0327369,0.362583,1.4018,-0,0,0.483954,-0.0327799,-0.368917,-1.51695,-0.0928507,1.00469,-16.3303,0.811117,-0.423915,1.98497,-0.718266,-0.580774,-0.834792,0.0327799,0.368917,-0.0248494,3.89476,1.87152,-1.05919,-1.5748,0.278447,0.0134255,0.345,0.09,True,False
1.75,-0,0,-7.47121,-0.0345116,-0.347363,21.049,-0.609333,0.850707,24.1087,0.982952,0.426113,-15.9999,-0.373619,-1.27682,6.09924,0.0345116,0.347363,1.41493,-0,0,0.604467,-0.0345938,-0.356992,-1.56869,-0.088706,0.626817,-19.1871,0.810202,0.0939872,1.94856,-0.721496,-0.720804,-0.943678,0.0345938,0.356992,-0.0234622,4.07295,2.02418,-1.03266,-1.52663,0.280766,0.0141507,0.345,0.09,True,False
1.755,-0,0,-8.69884,-0.0362105,-0.33222,21.2127,-0.605092,0.844663,26.4461,0.985001,0.394549,-14.835,-0.379909,-1.23921,6.23779,0.0362105,0.33222,1.43416,-0,0,0.714356,-0.0363498,-0.34574,-1.61294,-0.0865825,0.202597,-21.4636,0.812057,0.672488,1.86985,-0.725474,-0.875085,-1.00881,0.0363498,0.34574,-0.0221885,4.15836,2.07705,-1.0059,-1.47834,0.283098,0.0148444,0.345,0.09,True,False
1.76,-0,0,-9.6427,-0.0378338,-0.317162,21.3608,-0.600886,0.837329,28.1286,0.986897,0.364591,-14.0589,-0.386011,-1.20192,6.26449,0.0378338,0.317162,1.45355,-0,0,0.809685,-0.0380512,-0.335077,-1.64935,-0.08668,-0.255183,-23.1567,0.816927,1.28902,1.75248,-0.730247,-1.03384,-1.02852,0.0380512,0.335077,-0.0211121,4.18742,2.07445,-0.979387,-1.4304,0.285448,0.0155068,0.345,0.09,True,False
1.765,-0,0,-10.3016,-0.0393821,-0.302176,21.5074,-0.596719,0.829002,29.1861,0.988647,0.33633,-13.6488,-0.391928,-1.16533,6.22318,0.0393821,0.302176,1.47169,-0,0,0.887652,-0.0397006,-0.32489,-1.67749,-0.0891344,-0.733979,-24.2849,0.824947,1.921,1.60101,-0.735813,-1.18702,-1.00336,0.0397006,0.32489,-0.0202898,4.18119,2.03915,-0.953504,-1.38321,0.28782,0.0161379,0.345,0.09,True,False
1.77,-0,0,-10.6887,-0.0408556,-0.287238,21.6603,-0.592596,0.819963,29.6672,0.99026,0.309813,-13.5736,-0.397665,-1.12978,6.14046,0.0408556,0.287238,1.4885,-0,0,0.946694,-0.0413001,-0.315039,-1.69697,-0.0940198,-1.22199,-24.8883,0.836137,2.54692,1.42101,-0.742117,-1.32493,-0.936191,0.0413001,0.315039,-0.0197573,4.15302,1.98442,-0.9286,-1.33707,0.290219,0.016738,0.345,0.09,True,False
1.775,-0,0,-10.8282,-0.0422545,-0.272317,21.822,-0.588519,0.810471,29.6376,0.991745,0.285052,-13.7918,-0.403226,-1.09552,6.03513,0.0422545,0.272317,1.5038,-0,0,0.986464,-0.042851,-0.305375,-1.70746,-0.101354,-1.70863,-25.0261,0.850416,3.1474,1.21891,-0.749062,-1.43877,-0.831881,0.042851,0.305375,-0.0195331,4.11226,1.91968,-0.904969,-1.29222,0.292647,0.0173071,0.345,0.09,True,False
1.78,-0,0,-10.7519,-0.0435788,-0.257381,21.9897,-0.584491,0.800762,29.1744,0.993111,0.262029,-14.2533,-0.40862,-1.06279,5.92153,0.0435788,0.257381,1.51709,-0,0,1.00768,-0.0443538,-0.29574,-1.70873,-0.111106,-2.18493,-24.7693,0.867611,3.70601,1.00144,-0.756505,-1.52109,-0.696688,0.0443538,0.29574,-0.0196212,4.06578,1.8524,-0.882851,-1.24886,0.295105,0.0178453,0.345,0.09,True,False
1.785,-0,0,-10.4948,-0.0448283,-0.242401,22.1577,-0.580512,0.791047,28.3583,0.994366,0.240698,-14.905,-0.413854,-1.03175,5.80996,0.0448283,0.242401,1.52763,-0,0,1.01184,-0.0458084,-0.28598,-1.70073,-0.123203,-2.64366,-24.1932,0.887476,4.20971,0.775163,-0.764273,-1.56605,-0.53756,0.0458084,0.28598,-0.0200147,4.01829,1.78818,-0.862432,-1.20715,0.297593,0.0183527,0.345,0.09,True,False
1.79,-0,0,-10.0917,-0.0460028,-0.227358,22.3183,-0.576581,0.781511,27.2654,0.995518,0.220995,-15.6967,-0.418937,-1.00251,5.70635,0.0460028,0.227358,1.53479,-0,0,1.00095,-0.0472136,-0.275948,-1.68359,-0.137543,-3.07936,-23.3697,0.909708,4.64889,0.545915,-0.772166,-1.56952,-0.361458,0.0472136,0.275948,-0.0206977,3.97235,1.73038,-0.843846,-1.16717,0.300111,0.0188294,0.345,0.09,True,False
1.795,-0,0,-9.57449,-0.0471019,-0.212238,22.4634,-0.572697,0.77232,25.9622,0.996576,0.202838,-16.5845,-0.423879,-0.975157,5.61229,0.0471019,0.212238,1.53825,-0,0,0.977192,-0.0485679,-0.265504,-1.65769,-0.153997,-3.48818,-22.362,0.933965,5.01717,0.318521,-0.779968,-1.52899,-0.17485,0.0485679,0.265504,-0.0216472,3.92854,1.68,-0.827188,-1.12902,0.302659,0.0192752,0.345,0.09,True,False
1.8,-0,0,-8.97003,-0.0481252,-0.197037,22.5852,-0.568858,0.76362,24.5021,0.997546,0.186135,-17.5333,-0.428689,-0.949755,5.52568,0.0481252,0.197037,1.53803,-0,0,0.942668,-0.0498687,-0.254525,-1.62363,-0.172424,-3.86755,-21.2213,0.95988,5.31094,0.0966461,-0.787455,-1.44339,0.0165835,0.0498687,0.254525,-0.0228349,3.88583,1.63598,-0.812516,-1.09273,0.305234,0.0196903,0.345,0.09,True,False
1.805,-0,0,-8.29967,-0.0490722,-0.18176,22.6767,-0.56506,0.755548,22.9249,0.998437,0.170787,-18.5168,-0.433377,-0.926335,5.44188,0.0490722,0.18176,1.53445,-0,0,0.899258,-0.0511131,-0.242902,-1.58229,-0.192673,-4.21593,-19.9855,0.987074,5.52883,-0.117158,-0.794402,-1.31289,0.208044,0.0511131,0.242902,-0.0242277,3.84208,1.59583,-0.799864,-1.05836,0.307835,0.0200746,0.345,0.09,True,False
1.81,-0,0,-7.57932,-0.0499428,-0.166423,22.7317,-0.561302,0.748229,21.2579,0.999254,0.156689,-19.5164,-0.437952,-0.904918,5.35504,0.0499428,0.166423,1.52793,-0,0,0.848491,-0.0522977,-0.230542,-1.53474,-0.214584,-4.53246,-18.6808,1.01517,5.67114,-0.321286,-0.800584,-1.13868,0.395571,0.0522977,0.230542,-0.025788,3.79462,1.55636,-0.789242,-1.02593,0.310461,0.0204283,0.345,0.09,True,False
1.815,-0,0,-6.82005,-0.0507365,-0.151047,22.7447,-0.557578,0.741785,19.5179,1,0.143733,-20.5197,-0.442426,-0.885518,5.25919,0.0507365,0.151047,1.51884,-0,0,0.791517,-0.0534185,-0.217373,-1.48226,-0.237997,-4.81666,-17.3223,1.04379,5.73941,-0.514844,-0.805789,-0.922747,0.575903,0.0534185,0.217373,-0.0274743,3.74069,1.51437,-0.78065,-0.995478,0.313108,0.0207515,0.345,0.09,True,False
1.82,-0,0,-6.02918,-0.0514532,-0.135664,22.7109,-0.553884,0.736329,17.7137,1.00069,0.131808,-21.5182,-0.446807,-0.868137,5.14892,0.0514532,0.135664,1.50746,-0,0,0.729104,-0.0544714,-0.203344,-1.42629,-0.26275,-5.06825,-15.917,1.07256,5.73601,-0.697389,-0.809812,-0.667757,0.746312,0.0544714,0.203344,-0.029241,3.67771,1.46704,-0.774069,-0.967026,0.315775,0.0210443,0.345,0.09,True,False
1.825,-0,0,-5.21131,-0.0520931,-0.120312,22.6257,-0.550215,0.731974,15.8489,1.00132,0.120799,-22.5063,-0.451107,-0.852773,5.01979,0.0520931,0.120312,1.49384,-0,0,0.661677,-0.055452,-0.188429,-1.36836,-0.28868,-5.28694,-14.4662,1.10115,5.66387,-0.86869,-0.812466,-0.376925,0.904448,0.055452,0.188429,-0.0310384,3.60346,1.41214,-0.76947,-0.9406,0.31846,0.021307,0.345,0.09,True,False
1.83,-0,0,-4.36943,-0.0526564,-0.105037,22.4848,-0.546564,0.728823,13.9242,1.0019,0.110589,-23.4794,-0.455335,-0.839413,4.86858,0.0526564,0.105037,1.47785,-0,0,0.589382,-0.0563557,-0.172626,-1.31003,-0.31562,-5.47232,-12.9669,1.1292,5.52627,-1.0285,-0.813581,-0.05395,1.04821,0.0563557,0.172626,-0.0328132,3.51621,1.3482,-0.76681,-0.916223,0.321159,0.0215398,0.345,0.09,True,False
1.835,-0,0,-3.50591,-0.0531435,-0.0898926,22.2842,-0.542927,0.726974,11.9395,1.00243,0.10106,-24.4332,-0.459501,-0.828034,4.69341,0.0531435,0.0898926,1.45913,-0,0,0.512157,-0.0571782,-0.15596,-1.25283,-0.343403,-5.62378,-11.4149,1.15641,5.32674,-1.17639,-0.813006,0.297036,1.17566,0.0571782,0.15596,-0.0345098,3.41473,1.27457,-0.766029,-0.89391,0.323871,0.0217432,0.345,0.09,True,False
1.84,-0,0,-2.62333,-0.0535553,-0.0749373,22.0204,-0.539295,0.726509,9.8956,1.00291,0.09209,-25.3628,-0.463615,-0.818599,4.49378,0.0535553,0.0749373,1.43716,-0,0,0.429823,-0.0579153,-0.138483,-1.1982,-0.371858,-5.74052,-9.80547,1.18247,5.06902,-1.31159,-0.810611,0.671497,1.28501,0.0579153,0.138483,-0.0360714,3.29841,1.19136,-0.767051,-0.873668,0.326592,0.0219175,0.345,0.09,True,False
1.845,-0,0,-1.72514,-0.0538929,-0.0602363,21.6908,-0.535662,0.7275,7.796,1.00335,0.0835539,-26.2622,-0.467687,-0.811054,4.27054,0.0538929,0.0602363,1.41137,-0,0,0.342188,-0.0585631,-0.120277,-1.14737,-0.400808,-5.82155,-8.13562,1.2071,4.75702,-1.43286,-0.806291,1.06453,1.3746,0.0585631,0.120277,-0.0374421,3.16726,1.09942,-0.769777,-0.855491,0.329321,0.0220633,0.345,0.09,True,False
1.85,-0,0,-0.816205,-0.0541576,-0.0458581,21.2937,-0.53202,0.729998,5.6476,1.00375,0.0753271,-27.1247,-0.471726,-0.805325,4.02594,0.0541576,0.0458581,1.3812,-0,0,0.24915,-0.0591181,-0.10145,-1.10135,-0.430073,-5.86576,-6.40491,1.23004,4.39488,-1.53847,-0.799966,1.47088,1.443,0.0591181,0.10145,-0.0385692,3.02204,1.00021,-0.774086,-0.839356,0.332055,0.0221812,0.345,0.09,True,False
1.855,-0,0,0.0969478,-0.0543514,-0.0318737,20.8295,-0.528362,0.734028,3.46167,1.0041,0.0672843,-27.9426,-0.47574,-0.801312,3.76355,0.0543514,0.0318737,1.34632,-0,0,0.150801,-0.0595776,-0.082135,-1.06089,-0.459466,-5.87201,-4.61659,1.25105,3.98696,-1.62612,-0.791582,1.88505,1.48902,0.0595776,0.082135,-0.039406,2.86432,0.895745,-0.77983,-0.825216,0.33479,0.0222719,0.345,0.09,True,False
1.86,-0,0,1.00603,-0.0544764,-0.0183538,20.3006,-0.524679,0.739591,1.25405,1.00442,0.0593024,-28.7078,-0.479739,-0.798894,3.48816,0.0544764,0.0183538,1.30667,-0,0,0.0475242,-0.0599394,-0.0624857,-1.02639,-0.488793,-5.83921,-2.77834,1.26991,3.53792,-1.69295,-0.781115,2.3013,1.51187,0.0599394,0.0624857,-0.0399147,2.69652,0.788381,-0.78684,-0.813001,0.337523,0.0223361,0.345,0.09,True,False
1.865,-0,0,1.90111,-0.054535,-0.00536576,19.7125,-0.520966,0.746659,-0.954871,1.0047,0.0512626,-29.4126,-0.483729,-0.797922,3.20559,0.054535,0.00536576,1.26263,-0,0,-0.0599394,-0.0602024,-0.0426725,-0.997993,-0.517858,-5.76651,-0.90261,1.28643,3.05269,-1.73565,-0.768569,2.71381,1.51121,0.0602024,0.0426725,-0.0400686,2.52189,0.680697,-0.79492,-0.802613,0.340253,0.0223747,0.345,0.09,True,False
1.87,-0,0,2.771,-0.05453,0.00702946,19.0736,-0.517213,0.755172,-3.14083,1.00493,0.0430531,-30.0501,-0.487718,-0.798225,2.92237,0.05453,-0.00702946,1.21506,-0,0,-0.170449,-0.0603662,-0.0228754,-0.975554,-0.546458,-5.65336,0.993244,1.30044,2.53655,-1.7505,-0.753977,3.11681,1.48726,0.0603662,0.0228754,-0.039855,2.34435,0.575281,-0.803859,-0.793926,0.342976,0.0223886,0.345,0.09,True,False
1.875,-0,0,3.60374,-0.0544647,0.0187812,18.3956,-0.513414,0.76504,-5.27664,1.00513,0.0345721,-30.6152,-0.491712,-0.799612,2.64535,0.0544647,-0.0187812,1.16527,-0,0,-0.282471,-0.0604312,-0.00327695,-0.958712,-0.574391,-5.49972,2.8873,1.31179,1.99507,-1.73361,-0.737401,3.50465,1.44082,0.0604312,0.00327695,-0.039276,2.16831,0.474548,-0.81343,-0.786786,0.345689,0.0223789,0.345,0.09,True,False
1.88,-0,0,4.38727,-0.0543422,0.0298525,17.6933,-0.509562,0.776151,-7.3335,1.00528,0.0257301,-31.1053,-0.495714,-0.801881,2.38116,0.0543422,-0.0298525,1.11489,-0,0,-0.394127,-0.0603989,0.015945,-0.946959,-0.601455,-5.30611,4.75378,1.32039,1.43407,-1.68109,-0.71893,3.87203,1.37329,0.0603989,-0.015945,-0.0383492,1.99834,0.380579,-0.823406,-0.781017,0.34839,0.0223465,0.345,0.09,True,False
1.885,-0,0,5.11016,-0.0541662,0.0402232,16.9843,-0.505652,0.788368,-9.28255,1.00538,0.0164525,-31.5207,-0.49973,-0.804821,2.13581,0.0541662,-0.0402232,1.06575,-0,0,-0.503294,-0.0602717,0.0346255,-0.939717,-0.627452,-5.07374,6.56407,1.32613,0.859625,-1.58934,-0.698681,4.21411,1.28664,0.0602717,-0.0346255,-0.0371071,1.8388,0.295016,-0.833563,-0.776426,0.351074,0.0222926,0.345,0.09,True,False
1.89,-0,0,5.76226,-0.05394,0.0498927,16.2877,-0.501679,0.801546,-11.0965,1.00544,0.00668104,-31.8647,-0.503763,-0.808227,1.91428,0.05394,-0.0498927,1.01964,-0,0,-0.607729,-0.0600527,0.0526189,-0.936412,-0.652193,-4.80456,8.28804,1.32898,0.27794,-1.45531,-0.676789,4.52662,1.18329,0.0600527,-0.0526189,-0.0355951,1.69349,0.219017,-0.843697,-0.772808,0.353741,0.0222182,0.345,0.09,True,False
1.895,-0,0,6.33531,-0.0536672,0.0588815,15.6239,-0.497637,0.815535,-12.7508,1.00545,-0.00362605,-32.1434,-0.507813,-0.811909,1.72028,0.0536672,-0.0588815,0.978115,-0,0,-0.705224,-0.0597455,0.0698051,-0.936537,-0.675498,-4.50128,9.89557,1.32891,-0.30471,-1.27677,-0.653414,4.80599,1.06602,0.0597455,-0.0698051,-0.033869,1.5654,0.153292,-0.85363,-0.769956,0.356387,0.0221243,0.345,0.09,True,False
1.9,-0,0,6.82335,-0.0533512,0.0672318,15.0127,-0.493523,0.830189,-14.2252,1.00541,-0.0144944,-32.3654,-0.511882,-0.815695,1.55622,0.0533512,-0.0672318,0.942342,-0,0,-0.793748,-0.0593546,0.0860936,-0.939689,-0.697206,-4.16733,11.3579,1.32593,-0.882069,-1.05254,-0.628729,5.0494,0.937783,0.0593546,-0.0860936,-0.0319911,1.45661,0.0981889,-0.863223,-0.767672,0.359011,0.0220121,0.345,0.09,True,False
1.905,-0,0,7.22282,-0.0529949,0.0750066,14.4728,-0.489335,0.845381,-15.5039,1.0053,-0.0259357,-32.5409,-0.51597,-0.819445,1.42333,0.0529949,-0.0750066,0.91303,-0,0,-0.871577,-0.0588846,0.101426,-0.94559,-0.717171,-3.80681,12.6492,1.32009,-1.44799,-0.782686,-0.60292,5.2548,0.801541,0.0588846,-0.101426,-0.0300265,1.36824,0.0538073,-0.872378,-0.765768,0.361609,0.0218823,0.345,0.09,True,False
1.91,-0,0,7.53253,-0.0526011,0.0822881,14.0204,-0.48507,0.861002,-16.5765,1.00515,-0.03795,-32.6804,-0.520076,-0.823052,1.32195,0.0526011,-0.0822881,0.890455,-0,0,-0.937388,-0.0583404,0.115775,-0.954085,-0.735274,-3.4244,13.7473,1.31146,-1.99651,-0.46864,-0.576181,5.42091,0.660106,0.0583404,-0.115775,-0.0280391,1.30066,0.0201062,-0.881045,-0.764078,0.364181,0.0217358,0.345,0.09,True,False
1.915,-0,0,7.75333,-0.052172,0.0891745,13.6686,-0.480725,0.876973,-17.437,1.00493,-0.0505297,-32.7943,-0.5242,-0.826443,1.25176,0.052172,-0.0891745,0.874552,-0,0,-0.990307,-0.0577269,0.129146,-0.965116,-0.751415,-3.02521,14.6348,1.30013,-2.52191,-0.113187,-0.548711,5.54712,0.515993,0.0577269,-0.129146,-0.0260883,1.25368,-0.00302247,-0.889222,-0.762459,0.366726,0.0215733,0.345,0.09,True,False
1.92,-0,0,7.88763,-0.0517094,0.0957764,13.4272,-0.4763,0.893244,-18.0838,1.00464,-0.0636632,-32.8917,-0.528341,-0.829581,1.21207,0.0517094,-0.0957764,0.865045,-0,0,-1.02991,-0.0570489,0.14157,-0.978695,-0.765526,-2.61467,15.2991,1.28624,-3.01877,0.279571,-0.52071,5.63344,0.37131,0.0570489,-0.14157,-0.0242265,1.22675,-0.0157313,-0.896947,-0.760792,0.369242,0.0213952,0.345,0.09,True,False
1.925,-0,0,7.93879,-0.0512143,0.102213,13.3018,-0.471793,0.909796,-18.5189,1.00429,-0.0773383,-32.9796,-0.532496,-0.832458,1.20191,0.0512143,-0.102213,0.861572,-0,0,-1.0562,-0.0563112,0.153104,-0.994866,-0.777562,-2.19837,15.7324,1.26994,-3.48197,0.70437,-0.492377,5.68035,0.227686,0.0563112,-0.153104,-0.0224973,1.21912,-0.0182411,-0.904295,-0.758984,0.371728,0.0212018,0.345,0.09,True,False
1.93,-0,0,7.91054,-0.0506872,0.108606,13.2946,-0.467202,0.926637,-18.7465,1.00387,-0.0915462,-33.063,-0.536665,-0.83509,1.22008,0.0506872,-0.108606,0.863784,-0,0,-1.06952,-0.0555179,0.163822,-1.01367,-0.787509,-1.78195,15.9316,1.25142,-3.90675,1.15498,-0.463907,5.6887,0.0862449,0.0555179,-0.163822,-0.0209349,1.22994,-0.0108889,-0.91137,-0.756963,0.374185,0.0209933,0.345,0.09,True,False
1.935,-0,0,7.80644,-0.0501282,0.115079,13.4041,-0.462526,0.943798,-18.7729,1.00337,-0.106284,-33.1444,-0.540847,-0.837514,1.26515,0.0501282,-0.115079,0.871401,-0,0,-1.0705,-0.0546729,0.173815,-1.03512,-0.795382,-1.37095,15.8973,1.23087,-4.28862,1.62445,-0.43549,5.65957,-0.0523852,0.0546729,-0.173815,-0.0195645,1.25828,0.0058287,-0.918293,-0.754675,0.376614,0.0207696,0.345,0.09,True,False
1.94,-0,0,7.62945,-0.0495365,0.121752,13.6259,-0.457764,0.961331,-18.6048,1.0028,-0.121555,-33.2239,-0.54504,-0.839776,1.33551,0.0495365,-0.121752,0.884241,-0,0,-1.05996,-0.0537797,0.183181,-1.05916,-0.801219,-0.970744,15.6334,1.20853,-4.62339,2.10536,-0.407311,5.59413,-0.188025,0.0537797,-0.183181,-0.0184027,1.30318,0.0312496,-0.925192,-0.752081,0.379014,0.0205303,0.345,0.09,True,False
1.945,-0,0,7.38173,-0.0489107,0.128737,13.9527,-0.452913,0.9793,-18.249,1.00216,-0.137375,-33.2991,-0.549245,-0.841925,1.42946,0.0489107,-0.128737,0.902234,-0,0,-1.03884,-0.0528411,0.192028,-1.08569,-0.805089,-0.586438,15.1461,1.18464,-4.90714,2.5901,-0.379549,5.49358,-0.32087,0.0528411,-0.192028,-0.017459,1.36372,0.0645985,-0.932198,-0.749149,0.381386,0.0202751,0.345,0.09,True,False
1.95,-0,0,7.06459,-0.0482491,0.136136,14.3754,-0.447971,0.997773,-17.7124,1.00143,-0.153764,-33.3656,-0.55346,-0.844008,1.54549,0.0482491,-0.136136,0.925438,-0,0,-1.00814,-0.0518594,0.200464,-1.11451,-0.807083,-0.222835,14.4438,1.15946,-5.13616,3.07108,-0.352375,5.35899,-0.451386,0.0518594,-0.200464,-0.0167368,1.43917,0.105102,-0.939428,-0.745851,0.383733,0.0200033,0.345,0.09,True,False
1.955,-0,0,6.67873,-0.0475493,0.144044,14.883,-0.442935,1.01682,-17.0013,1.00062,-0.170755,-33.4171,-0.557685,-0.846065,1.68263,0.0475493,-0.144044,0.954056,-0,0,-0.968893,-0.0508365,0.208598,-1.14534,-0.807317,0.11562,13.5362,1.13328,-5.30696,3.54093,-0.325959,5.19134,-0.5802,0.0508365,-0.208598,-0.0162347,1.52918,0.152157,-0.946987,-0.742159,0.386056,0.019714,0.345,0.09,True,False
1.96,-0,0,6.22458,-0.0468086,0.152539,15.4633,-0.437803,1.03651,-16.1216,0.999723,-0.188387,-33.4454,-0.56192,-0.848118,1.84086,0.0468086,-0.152539,0.988449,-0,0,-0.922142,-0.0497735,0.216538,-1.17778,-0.805927,0.424862,12.4346,1.10639,-5.41626,3.99262,-0.300462,4.9914,-0.707956,0.0497735,-0.216538,-0.0159475,1.63398,0.205508,-0.954955,-0.73804,0.388357,0.0194062,0.345,0.09,True,False
1.965,-0,0,5.7029,-0.0460239,0.161688,16.1029,-0.43257,1.05688,-15.0802,0.998736,-0.206704,-33.4409,-0.566166,-0.850177,2.02141,0.0460239,-0.161688,1.02912,-0,0,-0.86894,-0.0486711,0.224389,-1.21138,-0.803069,0.701239,11.1521,1.07911,-5.46104,4.41957,-0.276045,4.7598,-0.83518,0.0486711,-0.224389,-0.0158669,1.75453,0.265413,-0.963386,-0.733454,0.390639,0.019079,0.345,0.09,True,False
1.97,-0,0,5.11544,-0.0451918,0.171543,16.7875,-0.427234,1.07798,-13.8852,0.997656,-0.225754,-33.3934,-0.570422,-0.852227,2.2268,0.0451918,-0.171543,1.07665,-0,0,-0.810382,-0.0475296,0.232249,-1.24557,-0.798915,0.941548,9.70442,1.05178,-5.4386,4.8156,-0.252864,4.49705,-0.962109,0.0475296,-0.232249,-0.0159819,1.89251,0.332711,-0.972307,-0.728353,0.392905,0.018731,0.345,0.09,True,False
1.975,-0,0,4.46568,-0.0443085,0.182141,17.5017,-0.42179,1.09983,-12.5478,0.996479,-0.24559,-33.2926,-0.574688,-0.854238,2.46054,0.0443085,-0.182141,1.13158,-0,0,-0.747636,-0.0463486,0.240213,-1.27968,-0.793653,1.14309,8.11057,1.02473,-5.34674,5.17493,-0.231074,4.20365,-1.08853,0.0463486,-0.240213,-0.0162794,2.05008,0.408764,-0.981709,-0.722677,0.395159,0.018361,0.345,0.09,True,False
1.98,-0,0,3.75967,-0.0433704,0.193502,18.2291,-0.416236,1.12242,-11.0839,0.9952,-0.26626,-33.1294,-0.578964,-0.856157,2.72631,0.0433704,-0.193502,1.19417,-0,0,-0.681982,-0.0451274,0.248366,-1.31296,-0.787484,1.30375,6.39444,0.998311,-5.18394,5.49205,-0.210827,3.88019,-1.21361,0.0451274,-0.248366,-0.0167441,2.22929,0.495211,-0.991558,-0.716362,0.397403,0.0179676,0.345,0.09,True,False
1.985,-0,0,3.00663,-0.0423735,0.20563,18.9522,-0.410566,1.14573,-9.51607,0.993816,-0.287816,-32.8974,-0.58325,-0.857914,3.02671,0.0423735,-0.20563,1.26418,-0,0,-0.61484,-0.0438649,0.256786,-1.3446,-0.780616,1.42212,4.58604,0.972888,-4.94967,5.76152,-0.192272,3.52755,-1.33572,0.0438649,-0.256786,-0.0173589,2.43125,0.59353,-1.00179,-0.709336,0.399642,0.0175495,0.345,0.09,True,False
1.99,-0,0,2.21954,-0.0413141,0.218512,19.652,-0.404778,1.16973,-7.87542,0.992322,-0.310302,-32.5946,-0.587544,-0.859427,3.36154,0.0413141,-0.218512,1.3405,-0,0,-0.547781,-0.0425596,0.265543,-1.37371,-0.773263,1.49762,2.72271,0.948815,-4.64474,5.97788,-0.175552,3.14712,-1.45231,0.0425596,-0.265543,-0.018105,2.65506,0.704432,-1.01231,-0.701529,0.401881,0.0171053,0.345,0.09,True,False
1.995,-0,0,1.41522,-0.0401884,0.232118,20.3087,-0.398869,1.19437,-6.20262,0.990713,-0.333764,-32.2249,-0.591844,-0.860609,3.72608,0.0401884,-0.232118,1.42093,-0,0,-0.482498,-0.0412095,0.274697,-1.39935,-0.76564,1.53071,0.849693,0.926441,-4.27172,6.13542,-0.160801,2.74101,-1.55987,0.0412095,-0.274697,-0.0189624,2.89672,0.8272,-1.02301,-0.692876,0.404122,0.0166336,0.345,0.09,True,False
2,-0,0,0.614069,-0.0389929,0.246401,20.9014,-0.392835,1.21962,-4.54804,0.988984,-0.358247,-31.7991,-0.59615,-0.86137,4.10969,0.0389929,-0.246401,1.50196,-0,0,-0.420737,-0.0398126,0.284297,-1.42055,-0.757956,1.52303,-0.98021,0.906097,-3.83535,6.22814,-0.148142,2.31232,-1.6539,0.0398126,-0.284297,-0.0199102,3.14831,0.959119,-1.03378,-0.683325,0.406371,0.0161332,0.345,0.09,True,False
2.005,-0,0,-0.160889,-0.0377244,0.261296,21.4091,-0.386673,1.24543,-2.97006,0.987131,-0.383799,-31.3351,-0.600458,-0.861632,4.49527,0.0377244,-0.261296,1.5788,-0,0,-0.364176,-0.0383665,0.294383,-1.43638,-0.750409,1.47758,-2.70848,0.888087,-3.34294,6.24974,-0.137678,1.86536,-1.72912,0.0383665,-0.294383,-0.0209273,3.39772,1.09522,-1.04449,-0.672847,0.408632,0.0156029,0.345,0.09,True,False
2.01,-0,0,-0.88554,-0.0363799,0.276728,21.8117,-0.38038,1.2718,-1.53148,0.985146,-0.410473,-30.8566,-0.604766,-0.86133,4.8602,0.0363799,-0.276728,1.64561,-0,0,-0.314266,-0.0368688,0.304983,-1.44593,-0.74318,1.39881,-4.2743,0.872668,-2.80463,6.19379,-0.129488,1.40582,-1.77976,0.0368688,-0.304983,-0.0219929,3.62929,1.22854,-1.05503,-0.661434,0.410908,0.0150416,0.345,0.09,True,False
2.015,-0,0,-1.53675,-0.0349571,0.292604,22.0908,-0.373955,1.29875,-0.293884,0.983026,-0.438336,-30.39,-0.609071,-0.860418,5.1788,0.0349571,-0.292604,1.69602,-0,0,-0.272051,-0.0353167,0.316118,-1.44837,-0.736421,1.29261,-5.61949,0.860041,-2.23345,6.05391,-0.12362,0.940842,-1.80002,0.0353167,-0.316118,-0.0230871,3.82549,1.35096,-1.06529,-0.64911,0.413205,0.0144484,0.345,0.09,True,False
2.02,-0,0,-2.09467,-0.0334539,0.308825,22.2315,-0.367393,1.32634,0.689106,0.980763,-0.467467,-29.9605,-0.61337,-0.858868,5.42618,0.0334539,-0.308825,1.72391,-0,0,-0.238009,-0.0337076,0.327798,-1.443,-0.730254,1.1662,-6.6943,0.850333,-1.64516,5.8242,-0.12008,0.478959,-1.78459,0.0337076,-0.327798,-0.0241909,3.96937,1.45454,-1.07518,-0.635922,0.415524,0.0138226,0.345,0.09,True,False
2.025,-0,0,-2.54488,-0.0318688,0.325284,22.2232,-0.360691,1.35463,1.37864,0.978351,-0.497962,-29.5877,-0.61766,-0.856671,5.58274,0.0318688,-0.325284,1.72439,-0,0,-0.211953,-0.0320387,0.340022,-1.4293,-0.724759,1.02782,-7.46294,0.843589,-1.05773,5.49949,-0.11883,0.0299045,-1.72912,0.0320387,-0.340022,-0.0252851,4.04756,1.53305,-1.08461,-0.62194,0.417869,0.0131635,0.345,0.09,True,False
2.03,-0,0,-2.87979,-0.030201,0.341872,22.0607,-0.353846,1.38375,1.75584,0.975783,-0.529928,-29.281,-0.621937,-0.853823,5.63845,0.030201,-0.341872,1.69498,-0,0,-0.19302,-0.0303074,0.352783,-1.40692,-0.719976,0.886369,-7.9077,0.839756,-0.490673,5.0756,-0.119781,-0.395696,-1.63065,0.0303074,-0.352783,-0.0263482,4.0533,1.5832,-1.09351,-0.607243,0.420242,0.0124709,0.345,0.09,True,False
2.035,-0,0,-3.09894,-0.0284501,0.358476,21.7443,-0.346854,1.4138,1.82403,0.973052,-0.563481,-29.0372,-0.626198,-0.850317,5.59606,0.0284501,-0.358476,1.63732,-0,0,-0.179764,-0.0285109,0.36606,-1.37576,-0.715895,0.750885,-8.03024,0.838682,0.035818,4.54936,-0.122787,-0.786703,-1.4877,0.0285109,-0.36606,-0.0273519,3.98923,1.60511,-1.10179,-0.591909,0.422646,0.0117446,0.345,0.09,True,False
2.04,-0,0,-3.20786,-0.0266163,0.374987,21.2797,-0.339708,1.44488,1.60755,0.970148,-0.59874,-28.8389,-0.63044,-0.846136,5.47344,0.0266163,-0.374987,1.55978,-0,0,-0.17033,-0.0266468,0.379813,-1.33586,-0.712467,0.630119,-7.84977,0.840114,0.501721,3.91839,-0.127648,-1.13184,-1.30013,0.0266468,-0.379813,-0.0282535,3.87039,1.60156,-1.10936,-0.576002,0.425082,0.0109845,0.345,0.09,True,False
2.045,-0,0,-3.21542,-0.0247003,0.391285,20.6783,-0.332405,1.47705,1.14737,0.967064,-0.63581,-28.6545,-0.634659,-0.841237,5.30598,0.0247003,-0.391285,1.48215,-0,0,-0.162665,-0.0247128,0.39398,-1.28739,-0.709594,0.53213,-7.39798,0.8437,0.887864,3.18071,-0.134105,-1.41999,-1.06871,0.0247128,-0.39398,-0.0289843,3.72872,1.57601,-1.11611,-0.559566,0.42755,0.0101911,0.345,0.09,True,False
2.05,-0,0,-3.12962,-0.0227034,0.407243,19.957,-0.324938,1.51032,0.495121,0.96379,-0.674772,-28.4355,-0.638852,-0.835545,5.15225,0.0227034,-0.407243,1.44477,-0,0,-0.154686,-0.022707,0.408452,-1.23041,-0.707145,0.464054,-6.71157,0.848993,1.17632,2.33414,-0.141848,-1.64038,-0.794472,0.022707,-0.408452,-0.0294289,3.62227,1.52894,-1.12186,-0.542623,0.430051,0.00936486,0.345,0.09,True,False
2.055,-0,0,-2.95627,-0.0206278,0.422693,19.1922,-0.317302,1.5446,-0.243655,0.960317,-0.715667,-28.0833,-0.643015,-0.828938,5.18437,0.0206278,-0.422693,1.57872,-0,0,-0.144238,-0.0206282,0.42305,-1.16558,-0.704954,0.43206,-5.86808,0.855463,1.35044,1.42489,-0.150509,-1.7825,-0.493854,0.0206282,-0.42305,-0.0293448,3.73021,1.45331,-1.12637,-0.52517,0.432584,0.00850657,0.345,0.09,True,False
2.06,-0,0,-1.52917,-0.0184765,0.437389,9.71407,-0.309492,1.57959,-11.9186,0.956634,-0.758404,-33.0904,-0.647142,-0.821187,1.25095,0.0184765,-0.437389,-0.147452,-0,0,1.51361,-0.0184765,0.437431,5.20542,-0.702825,0.437567,5.98275,0.862497,1.40671,5.82016,-0.159673,-1.84428,1.17394,0.0184765,-0.437431,-0.273822,0.527931,0.722849,-1.12926,-0.507159,0.435149,0.00761746,0.345,0.09,True,True
2.065,-0,0,-1.39737,-0.0162539,0.45096,8.55249,-0.301506,1.61438,-12.2074,0.952733,-0.802568,-31.7817,-0.651227,-0.811809,1.19678,0.0162539,-0.45096,-0.214423,-0,0,1.38386,-0.0162539,0.45096,4.77869,-0.700578,0.464918,6.66773,0.86953,1.39339,4.48275,-0.168952,-1.8583,1.19938,0.0162539,-0.45096,-0.310484,0.452841,0.743814,-1.12977,-0.488372,0.437743,0.00669942,0.358095,0.0792857,True,True
2.07,-0,0,-1.23607,-0.0139669,0.463056,7.28458,-0.293348,1.648,-12.447,0.948608,-0.847628,-30.1675,-0.65526,-0.800367,1.13726,0.0139669,-0.463056,-0.304961,-0,0,1.21162,-0.0139669,0.463056,4.13922,-0.698176,0.496024,7.42125,0.876431,1.36575,3.10976,-0.178256,-1.86177,1.14039,0.0139669,-0.463056,-0.379854,0.358509,0.778663,-1.12721,-0.46862,0.440364,0.00575524,0.37119,0.0685714,True,True
2.075,-0,0,-1.05622,-0.0116234,0.473484,5.98079,-0.285026,1.67998,-12.6131,0.944256,-0.89324,-28.3845,-0.65923,-0.786744,1.07204,0.0116234,-0.473484,-0.403954,-0,0,1.02289,-0.0116234,0.473484,3.38011,-0.695618,0.526913,8.15724,0.883188,1.33539,1.60647,-0.18757,-1.86231,1.06424,0.0116234,-0.473484,-0.461554,0.255403,0.81658,-1.12134,-0.447922,0.443008,0.00478825,0.384286,0.0578571,True,True
2.08,-0,0,-0.866299,-0.00923205,0.482163,4.69141,-0.276548,1.71012,-12.6994,0.939676,-0.939145,-26.514,-0.663127,-0.770977,1.00378,0.00923205,-0.482163,-0.505491,-0,0,0.829337,-0.00923205,0.482163,2.54325,-0.692906,0.557376,8.83617,0.889785,1.30247,-0.00412122,-0.196879,-1.85984,0.987855,0.00923205,-0.482163,-0.548899,0.149029,0.854715,-1.11212,-0.426368,0.445671,0.00380205,0.397381,0.0471429,True,True
2.085,-0,0,-0.671038,-0.00680175,0.489064,3.44183,-0.267925,1.73826,-12.7042,0.934865,-0.985108,-24.5928,-0.66694,-0.753155,0.934903,0.00680175,-0.489064,-0.608214,-0,0,0.635578,-0.00680175,0.489064,1.64398,-0.690044,0.587224,9.44218,0.896212,1.26721,-1.6914,-0.206168,-1.85443,0.913747,0.00680175,-0.489064,-0.640756,0.0415765,0.893309,-1.09963,-0.404062,0.448349,0.0028003,0.410476,0.0364286,True,True
2.09,-0,0,-0.472656,-0.00434141,0.494184,2.24224,-0.259166,1.76429,-12.6264,0.929825,-1.0309,-22.6362,-0.670659,-0.733395,0.866762,0.00434141,-0.494184,-0.712073,-0,0,0.443716,-0.00434141,0.494184,0.688532,-0.687034,0.61628,9.96879,0.902457,1.22987,-3.44189,-0.215423,-1.84615,0.843261,0.00434141,-0.494184,-0.737106,-0.0662347,0.93299,-1.08396,-0.381118,0.451037,0.00178668,0.423571,0.0257143,True,True
2.095,-0,0,-0.271991,-0.00185991,0.497527,1.0952,-0.250282,1.7881,-12.4647,0.924556,-1.07628,-20.6483,-0.674274,-0.711825,0.79999,0.00185991,-0.497527,-0.817524,-0,0,0.25453,-0.00185991,0.497527,-0.32187,-0.683881,0.644369,10.4139,0.908511,1.19072,-5.25152,-0.22463,-1.83509,0.777017,0.00185991,-0.497527,-0.83836,-0.174404,0.974392,-1.06525,-0.357654,0.453733,0.000764859,0.436667,0.015,True,True
2.1,-0,0,-0.0691701,0.000633865,0.499098,-6.90234e-05,-0.241285,1.80958,-12.2177,0.919062,-1.121,-18.6279,-0.677777,-0.68858,0.734588,-0.000633865,-0.499098,-0.924896,-0,0,0.0681266,0.000633865,0.499098,-1.38839,-0.680591,0.671323,10.7773,0.914364,1.15001,-7.12098,-0.233774,-1.82134,0.71501,-0.000633865,-0.499098,-0.944786,-0.283157,1.01774,-1.04362,-0.333794,0.45643,-0.000261506,0.449762,0.00428571,True,True
2.105,-0,0,0.135977,0.00313107,0.498897,-1.04481,-0.232186,1.82861,-11.8842,0.913346,-1.16481,-16.573,-0.68116,-0.663798,0.669745,-0.00313107,-0.498897,-1.03366,-0,0,-0.115651,0.00313107,0.498897,-2.51253,-0.677168,0.696971,11.0589,0.920011,1.10801,-9.05231,-0.242843,-1.80498,0.656439,-0.00313107,-0.498897,-1.05581,-0.392526,1.06227,-1.01921,-0.309669,0.459127,-0.00128878,0.462857,-0.00642857,True,True
2.11,-0,0,0.343622,0.00562284,0.496919,-2.03845,-0.222999,1.84505,-11.4638,0.907414,-1.20743,-14.4857,-0.684415,-0.637625,0.603349,-0.00562284,-0.496919,-1.14142,-0,0,-0.296943,0.00562284,0.496919,-3.69412,-0.673621,0.721147,11.2578,0.925445,1.06494,-11.0459,-0.251824,-1.78609,0.599224,-0.00562284,-0.496919,-1.16905,-0.501869,1.10521,-0.992153,-0.285419,0.461817,-0.00231333,0.475952,-0.0171429,True,True
2.115,-0,0,0.553637,0.00810026,0.493153,-2.97602,-0.213736,1.85879,-10.9591,0.901272,-1.24858,-12.3768,-0.687536,-0.610214,0.531114,-0.00810026,-0.493153,-1.24233,-0,0,-0.475606,0.00810026,0.493153,-4.92864,-0.669957,0.743691,11.3725,0.93066,1.02106,-13.0968,-0.260704,-1.76476,0.539133,-0.00810026,-0.493153,-1.27874,-0.609203,1.1403,-0.962583,-0.261197,0.464498,-0.00333151,0.489048,-0.0278571,True,True
2.12,-0,0,0.765205,0.0105544,0.487589,-3.84464,-0.204411,1.86974,-10.3784,0.894928,-1.288,-10.2738,-0.690517,-0.581737,0.445149,-0.0105544,-0.487589,-1.32464,-0,0,-0.650846,0.0105544,0.487589,-6.20314,-0.666184,0.76446,11.3998,0.935655,0.976625,-15.1889,-0.269471,-1.74109,0.468362,-0.0105544,-0.487589,-1.37337,-0.710172,1.1553,-0.930656,-0.237174,0.467166,-0.00433964,0.502143,-0.0385714,True,True
2.125,-0,0,0.976165,0.0129761,0.480221,-4.61805,-0.195038,1.87786,-9.74128,0.888392,-1.32547,-8.23398,-0.693353,-0.55239,0.331721,-0.0129761,-0.480221,-1.36681,-0,0,-0.820644,0.0129761,0.480221,-7.48954,-0.662312,0.78335,11.3358,0.940427,0.931909,-17.2857,-0.278115,-1.71526,0.373294,-0.0129761,-0.480221,-1.43186,-0.796414,1.12811,-0.896556,-0.213542,0.469815,-0.00533405,0.515238,-0.0492857,True,True
2.13,-0,0,1.18194,0.0153566,0.471061,-5.24815,-0.185632,1.88329,-9.08772,0.881673,-1.36088,-6.36451,-0.696041,-0.522409,0.167802,-0.0153566,-0.471061,-1.33146,-0,0,-0.980793,0.0153566,0.471061,-8.73374,-0.65835,0.80033,11.1762,0.944974,0.887251,-19.3147,-0.286624,-1.68758,0.231043,-0.0153566,-0.471061,-1.41764,-0.852994,1.02078,-0.860519,-0.190519,0.472444,-0.00631107,0.528333,-0.06,True,True
2.135,-0,0,1.3739,0.0176868,0.460161,-5.65476,-0.176205,1.88645,-8.49201,0.874783,-1.39436,-4.85005,-0.698578,-0.492087,-0.0824235,-0.0176868,-0.460161,-1.15847,-0,0,-1.12321,0.0176868,0.460161,-9.83917,-0.654309,0.815507,10.9199,0.949299,0.843077,-21.1442,-0.294991,-1.65858,0.00589495,-0.0176868,-0.460161,-1.27172,-0.855247,0.772839,-0.822868,-0.168355,0.475047,-0.00726705,0.541429,-0.0707143,True,True
2.14,-0,0,1.57557,0.0199582,0.447652,-5.99443,-0.166768,1.88814,-8.05098,0.86773,-1.42632,-3.58788,-0.700962,-0.461824,-0.364249,-0.0199582,-0.447652,-0.908359,-0,0,-1.21369,0.0199582,0.447651,-10.6378,-0.650195,0.829223,10.6901,0.953405,0.799946,-22.6536,-0.30321,-1.62917,-0.252424,-0.0199582,-0.447651,-1.02654,-0.818524,0.454343,-0.784088,-0.14735,0.477624,-0.00819855,0.554524,-0.0814286,True,True
2.145,-0,0,0.00409944,0.0221633,0.433889,1.23274,-0.157324,1.87482,-1.09101,0.86052,-1.43682,1.6741,-0.703196,-0.437999,-0.0866026,-0.0221633,-0.433889,0.0284153,-0,0,-1.53347,0.0221633,0.433803,-19.5668,-0.646016,0.841449,4.08203,0.957299,0.757927,-28.2163,-0.311282,-1.59938,-1.10327,-0.0221633,-0.433803,-2.36533,-0.0227369,-0.0638474,-0.750809,-0.133628,0.480173,-0.00910247,0.565,-0.09,False,True
2.15,-0,0,-0.0716959,0.0242971,0.419583,1.30331,-0.148019,1.80224,-4.72125,0.853361,-1.36302,1.78354,-0.705342,-0.439223,-0.258491,-0.0242971,-0.419583,0.0288418,-0,0,-0.00413718,0.0242962,0.419037,-19.8984,-0.641781,0.850877,8.4548,0.960984,0.71592,-25.2054,-0.319203,-1.5668,1.38028,-0.0242962,-0.419037,-1.72703,-0.107035,-0.15139,-0.742156,-0.145303,0.482696,-0.00997646,0.565,-0.09,False,True
2.155,-0,0,-0.175757,0.0263591,0.405404,1.37293,-0.139301,1.6416,-8.96912,0.846889,-1.1639,1.8787,-0.707588,-0.477697,-0.455451,-0.0263591,-0.405404,0.0282451,-0,0,1.87967,0.0263536,0.403763,-20.3289,-0.637508,0.856704,13.4191,0.964458,0.673503,-22.0043,-0.32695,-1.53021,3.57581,-0.0263536,-0.403763,-1.51766,-0.204148,-0.251164,-0.770822,-0.194115,0.485199,-0.0108191,0.565,-0.09,False,True
2.16,-0,0,-0.289786,0.0283511,0.39168,1.43608,-0.131604,1.40003,-12.8325,0.841722,-0.849542,1.92658,-0.710119,-0.550487,-0.628569,-0.0283511,-0.39168,0.0271626,-0,0,3.7209,0.0283339,0.388251,-20.6883,-0.633214,0.859487,17.74,0.967719,0.631505,-19.4601,-0.334506,-1.49099,4.85196,-0.0283339,-0.388251,-1.45571,-0.28963,-0.338717,-0.83412,-0.27691,0.487688,-0.0116298,0.565,-0.09,False,True
2.165,-0,0,-0.405764,0.0302759,0.378566,1.49248,-0.125301,1.08921,-16.1774,0.838394,-0.437555,1.92787,-0.713093,-0.651659,-0.768415,-0.0302759,-0.378566,0.0258716,-0,0,5.40266,0.0302362,0.37266,-20.9674,-0.628913,0.859778,21.3504,0.970773,0.590569,-17.4843,-0.34186,-1.45035,5.52019,-0.0302362,-0.37266,-1.44901,-0.358708,-0.409396,-0.926234,-0.387652,0.490171,-0.0124082,0.565,-0.09,False,True
2.17,-0,0,-0.518134,0.0321368,0.366117,1.54209,-0.120711,0.720925,-18.9826,0.837347,0.0531526,1.88628,-0.716636,-0.774078,-0.870928,-0.0321368,-0.366117,0.0245432,-0,0,6.86839,0.0320605,0.357083,-21.1838,-0.624616,0.857991,24.2957,0.973625,0.551088,-15.9557,-0.349009,-1.40908,5.85406,-0.0320605,-0.357083,-1.46205,-0.409338,-0.46119,-1.04008,-0.519172,0.492656,-0.0131542,0.565,-0.09,False,True
2.175,-0,0,-0.622188,0.0339371,0.354317,1.5846,-0.118092,0.30716,-21.2337,0.838926,0.602385,1.80507,-0.720834,-0.909545,-0.932941,-0.0339371,-0.354317,0.023298,-0,0,8.08322,0.033807,0.341566,-21.3573,-0.620333,0.854466,26.5978,0.976284,0.513307,-14.818,-0.355951,-1.36777,6.00248,-0.033807,-0.341566,-1.47945,-0.439958,-0.492502,-1.16744,-0.663289,0.495148,-0.013868,0.565,-0.09,False,True
2.18,-0,0,-0.714106,0.0356799,0.3431,1.61959,-0.11764,-0.139989,-22.9295,0.843371,1.18911,1.68779,-0.725731,-1.04912,-0.95282,-0.0356799,-0.3431,0.0222216,-0,0,9.02991,0.0354761,0.326129,-21.5064,-0.616071,0.849505,28.2753,0.978758,0.477383,-14.0443,-0.362687,-1.32689,6.04377,-0.0354761,-0.326129,-1.49587,-0.449785,-0.502487,-1.29935,-0.81111,0.497654,-0.0145496,0.565,-0.09,False,True
2.185,-0,0,-0.791067,0.0373681,0.332365,1.64662,-0.119492,-0.60867,-24.0866,0.850817,1.79225,1.53867,-0.731325,-1.18358,-0.930868,-0.0373681,-0.332365,0.0213738,-0,0,9.70629,0.0370683,0.310766,-21.6455,-0.611838,0.843394,29.3563,0.981058,0.443413,-13.6142,-0.36922,-1.28681,6.01975,-0.0370683,-0.310766,-1.51033,-0.43901,-0.491266,-1.42648,-0.953473,0.500179,-0.0151992,0.565,-0.09,False,True
2.19,-0,0,-0.851327,0.0390036,0.321986,1.66529,-0.123726,-1.08769,-24.7407,0.861293,2.3916,1.36277,-0.737567,-1.30392,-0.869429,-0.0390036,-0.321986,0.0207936,-0,0,10.123,0.0385838,0.295461,-21.784,-0.607637,0.8364,29.884,0.983192,0.411446,-13.5016,-0.375555,-1.24785,5.95502,-0.0385838,-0.295461,-1.52312,-0.408832,-0.459987,-1.53977,-1.08147,0.502725,-0.0158171,0.565,-0.09,False,True
2.195,-0,0,-0.894218,0.0405879,0.311822,1.67526,-0.130369,-1.56692,-24.9438,0.874733,2.96882,1.16584,-0.744364,-1.4019,-0.772657,-0.0405879,-0.311822,0.0205033,-0,0,10.3008,0.0400229,0.280189,-21.9258,-0.603474,0.82878,29.9166,0.985172,0.381495,-13.671,-0.381698,-1.21028,5.8664,-0.0400229,-0.280189,-1.53448,-0.361343,-0.41072,-1.63084,-1.18695,0.505296,-0.0164033,0.565,-0.09,False,True
2.2,-0,0,-0.920038,0.0421218,0.301725,1.67634,-0.139396,-2.03765,-24.7593,0.890981,3.50808,0.953954,-0.751586,-1.47044,-0.646041,-0.0421218,-0.301725,0.0205114,-0,0,10.2677,0.0413857,0.264924,-22.0703,-0.59935,0.820767,29.5228,0.987007,0.353541,-14.079,-0.387658,-1.17431,5.76667,-0.0413857,-0.264924,-1.54421,-0.299286,-0.346214,-1.69249,-1.26291,0.507893,-0.016958,0.565,-0.09,False,True
2.205,-0,0,-0.929844,0.0436052,0.291546,1.66848,-0.150745,-2.49274,-24.2548,0.909814,3.99658,0.733048,-0.759068,-1.50385,-0.495808,-0.0436052,-0.291546,0.0208148,-0,0,10.055,0.0426721,0.249643,-22.2134,-0.595266,0.812576,28.7752,0.988708,0.327536,-14.6785,-0.393441,-1.14011,5.66527,-0.0426721,-0.249643,-1.55179,-0.225754,-0.269603,-1.71892,-1.30377,0.510517,-0.0174812,0.565,-0.09,False,True
2.21,-0,0,-0.925198,0.0450373,0.281141,1.65183,-0.164323,-2.92664,-23.4964,0.930947,4.42463,0.50851,-0.766624,-1.49799,-0.328333,-0.0450373,-0.281141,0.0214011,-0,0,9.69453,0.0438821,0.234325,-22.3489,-0.591224,0.804401,27.7438,0.990283,0.303411,-15.4236,-0.399059,-1.10781,5.568,-0.0438821,-0.234325,-1.55665,-0.143901,-0.184109,-1.70587,-1.30546,0.513167,-0.017973,0.565,-0.09,False,True
2.215,-0,0,-0.907903,0.0464166,0.270375,1.62675,-0.180012,-3.33527,-22.5431,0.95406,4.7855,0.284878,-0.774048,-1.45023,-0.149684,-0.0464166,-0.270375,0.0222505,-0,0,9.21582,0.0450154,0.218959,-22.4698,-0.587222,0.796415,26.491,0.991742,0.28108,-16.2731,-0.404519,-1.0775,5.47695,-0.0450154,-0.218959,-1.55842,-0.0567162,-0.0928101,-1.65057,-1.26544,0.515844,-0.0184336,0.565,-0.09,False,True
2.22,-0,0,-0.879782,0.047741,0.259124,1.59385,-0.197676,-3.71579,-21.4438,0.978802,5.07508,0.0657091,-0.781127,-1.35929,0.0346802,-0.047741,-0.259124,0.0233367,-0,0,8.64454,0.0460717,0.203541,-22.569,-0.58326,0.788777,25.0679,0.993093,0.260445,-17.1931,-0.409834,-1.04922,5.39091,-0.0460717,-0.203541,-1.55701,0.0331243,0.00151368,-1.55165,-1.18249,0.518545,-0.0188629,0.565,-0.09,False,True
2.225,-0,0,-0.842505,0.0490078,0.247279,1.55394,-0.217169,-4.06633,-20.236,1.00481,5.29143,-0.146419,-0.787641,-1.22509,0.220028,-0.0490078,-0.247279,0.0246282,-0,0,8.0016,0.0470508,0.188074,-22.6396,-0.579334,0.781632,23.514,0.994346,0.2414,-18.1571,-0.415012,-1.02303,5.30621,-0.0470508,-0.188074,-1.55253,0.123316,0.0964406,-1.40895,-1.05661,0.521269,-0.019261,0.565,-0.09,False,True
2.23,-0,0,-0.797476,0.0502138,0.234747,1.50807,-0.238339,-4.3857,-18.9463,1.03172,5.4343,-0.349772,-0.793377,-1.04859,0.402354,-0.0502138,-0.234747,0.0260886,-0,0,7.30306,0.0479524,0.172573,-22.6756,-0.575443,0.775117,21.8574,0.995507,0.22383,-19.1456,-0.420064,-0.998947,5.21785,-0.0479524,-0.172573,-1.54526,0.211921,0.189907,-1.2233,-0.888785,0.524014,-0.0196282,0.565,-0.09,False,True
2.235,-0,0,-0.74578,0.0513553,0.221455,1.45747,-0.261026,-4.67315,-17.5914,1.05915,5.50471,-0.543273,-0.798127,-0.831565,0.578281,-0.0513553,-0.221455,0.0276769,-0,0,6.56065,0.0487765,0.157057,-22.6711,-0.571583,0.769362,20.1164,0.996584,0.20762,-20.1447,-0.425001,-0.976982,5.12048,-0.0487765,-0.157057,-1.53542,0.297323,0.280161,-0.996432,-0.68084,0.526779,-0.0199644,0.565,-0.09,False,True
2.24,-0,0,-0.688172,0.0524284,0.207352,1.40351,-0.285071,-4.92812,-16.1802,1.08676,5.5046,-0.726267,-0.801693,-0.576488,0.744935,-0.0524284,-0.207352,0.029348,-0,0,5.78254,0.049523,0.141558,-22.6211,-0.56775,0.76449,18.3019,0.997584,0.192649,-21.1446,-0.429834,-0.957139,5.00909,-0.049523,-0.141558,-1.52318,0.378159,0.365699,-0.730773,-0.435284,0.52956,-0.02027,0.565,-0.09,False,True
2.245,-0,0,-0.6251,0.0534288,0.192409,1.34766,-0.310308,-5.1501,-14.7156,1.1142,5.43654,-0.898308,-0.803892,-0.286436,0.899815,-0.0534288,-0.192409,0.0310524,-0,0,4.97435,0.0501921,0.126112,-22.5206,-0.563938,0.76062,16.4195,0.998511,0.178795,-22.1382,-0.434573,-0.939415,4.87946,-0.0501921,-0.126112,-1.50853,0.453255,0.445204,-0.429372,-0.155207,0.532357,-0.0205452,0.565,-0.09,False,True
2.25,-0,0,-0.556752,0.0543524,0.176622,1.29142,-0.336572,-5.33852,-13.1968,1.14113,5.30352,-1.05895,-0.804557,0.0350007,1.04068,-0.0543524,-0.176622,0.0327375,-0,0,4.14009,0.0507841,0.110764,-22.3651,-0.560144,0.757862,14.472,0.999372,0.165932,-23.1195,-0.439228,-0.923794,4.72844,-0.0507841,-0.110764,-1.4913,0.521568,0.517488,-0.0958231,0.155792,0.535166,-0.0207903,0.565,-0.09,False,True
2.255,-0,0,-0.48313,0.055195,0.160015,1.23625,-0.363693,-5.49266,-11.6213,1.16723,5.10889,-1.20758,-0.803542,0.383763,1.16549,-0.055195,-0.160015,0.034348,-0,0,3.28309,0.0512997,0.0955659,-22.1504,-0.55636,0.756319,12.4611,1.00017,0.153931,-24.0831,-0.44381,-0.910249,4.55417,-0.0512997,-0.0955659,-1.47112,0.582151,0.581468,0.265787,0.493662,0.537985,-0.0210057,0.565,-0.09,False,True
2.26,-0,0,-0.40413,0.0559526,0.14264,1.18351,-0.391498,-5.61161,-9.98601,1.19222,4.85624,-1.34324,-0.80072,0.755367,1.27237,-0.0559526,-0.14264,0.0358281,-0,0,2.4068,0.0517398,0.0805765,-21.8731,-0.55258,0.75608,10.3895,1.00091,0.14266,-25.0233,-0.44833,-0.89874,4.35615,-0.0517398,-0.0805765,-1.44751,0.634132,0.63615,0.650914,0.853935,0.540812,-0.0211918,0.565,-0.09,False,True
2.265,-0,0,-0.319638,0.0566214,0.124575,1.13438,-0.419809,-5.69435,-8.28945,1.2158,4.54941,-1.46459,-0.795988,1.14494,1.35962,-0.0566214,-0.124575,0.0371228,-0,0,1.51545,0.0521055,0.0658593,-21.5303,-0.548799,0.75722,8.26211,1.0016,0.131988,-25.9335,-0.452798,-0.889208,4.13526,-0.0521055,-0.0658593,-1.4199,0.676718,0.680643,1.0546,1.23177,0.543644,-0.0213493,0.565,-0.09,False,True
2.27,-0,0,-0.229633,0.0571984,0.105924,1.08983,-0.448442,-5.73975,-6.53251,1.23771,4.19248,-1.56975,-0.78927,1.54727,1.42579,-0.0571984,-0.105924,0.0381807,-0,0,0.614508,0.0523984,0.051482,-21.1208,-0.545008,0.759794,6.08717,1.00223,0.121777,-26.8063,-0.457223,-0.881571,3.89378,-0.0523984,-0.051482,-1.38785,0.709215,0.714187,1.47152,1.622,0.546477,-0.0214787,0.565,-0.09,False,True
2.275,-0,0,-0.134287,0.0576807,0.086818,1.05054,-0.477206,-5.74669,-4.71962,1.25772,3.78982,-1.65633,-0.780516,1.95687,1.46972,-0.0576807,-0.086818,0.0389568,-0,0,-0.289041,0.0526203,0.0375139,-20.6453,-0.541201,0.763832,3.8771,1.00281,0.111893,-27.6338,-0.461614,-0.875725,3.6353,-0.0526203,-0.0375139,-1.35108,0.73106,0.736197,1.89605,2.0192,0.549311,-0.0215808,0.565,-0.09,False,True
2.28,-0,0,-0.0340524,0.0580665,0.0674051,1.01693,-0.505908,-5.71414,-2.85945,1.27561,3.34609,-1.72142,-0.769702,2.36804,1.49065,-0.0580665,-0.0674051,0.0394147,-0,0,-1.18662,0.0527735,0.024024,-20.1065,-0.53737,0.769339,1.64863,1.00335,0.102202,-28.4079,-0.46598,-0.871541,3.36463,-0.0527735,-0.024024,-1.30965,0.741865,0.746305,2.32236,2.41775,0.552141,-0.0216564,0.565,-0.09,False,True
2.285,-0,0,0.0702743,0.0583547,0.0478506,0.989109,-0.534348,-5.6413,-0.965327,1.29118,2.86626,-1.76165,-0.756835,2.77504,1.4883,-0.0583547,-0.0478506,0.0395294,-0,0,-2.06821,0.0528605,0.0110774,-19.5105,-0.533508,0.776288,-0.577235,1.00384,0.0925754,-29.1209,-0.470329,-0.868864,3.08754,-0.0528605,-0.0110774,-1.26405,0.741458,0.744406,2.74452,2.81197,0.554965,-0.0217063,0.565,-0.09,False,True
2.29,-0,0,0.177517,0.058545,0.0283284,0.966955,-0.562321,-5.52774,0.944752,1.30427,2.35563,-1.77331,-0.741951,3.17211,1.46296,-0.058545,-0.0283284,0.0392897,-0,0,-2.92269,0.0528843,-0.00126771,-18.866,-0.529607,0.784627,-2.77587,1.00428,0.0828897,-29.7662,-0.474668,-0.867516,2.81046,-0.0528843,0.00126771,-1.21521,0.72992,0.730693,3.15665,3.19622,0.55778,-0.0217315,0.565,-0.09,False,True
2.295,-0,0,0.286132,0.058638,0.00901433,0.95014,-0.589625,-5.37352,2.84843,1.31474,1.81978,-1.75256,-0.725114,3.55374,1.41549,-0.058638,-0.00901433,0.0386987,-0,0,-3.73839,0.0528479,-0.0129637,-18.1854,-0.525661,0.79427,-4.92002,1.00467,0.0730325,-30.3392,-0.479004,-0.867302,2.54005,-0.0528479,0.0129637,-1.16452,0.707611,0.70567,3.55304,3.56505,0.560583,-0.0217331,0.565,-0.09,False,True
2.3,-0,0,0.39426,0.0586352,-0.00992107,0.938201,-0.616057,-5.17927,4.71972,1.32247,1.26458,-1.69558,-0.706414,3.91469,1.34735,-0.0586352,0.00992107,0.0377748,-0,0,-4.50368,0.0527546,-0.023977,-17.4837,-0.521664,0.805109,-6.98111,1.00501,0.0629039,-30.8377,-0.483341,-0.868013,2.28273,-0.0527546,0.023977,-1.11363,0.675172,0.670144,3.92834,3.91337,0.563371,-0.021712,0.565,-0.09,False,True
2.305,-0,0,0.499824,0.0585388,-0.0283202,0.930618,-0.641418,-4.94634,6.53007,1.32739,0.696091,-1.59888,-0.685967,4.25024,1.26054,-0.0585388,0.0283202,0.0365508,-0,0,-5.20769,0.0526081,-0.034291,-16.7786,-0.51761,0.817017,-8.93072,1.00529,0.052419,-31.2622,-0.487684,-0.869436,2.04423,-0.0526081,0.034291,-1.06437,0.633513,0.6252,4.27769,4.23654,0.566143,-0.0216694,0.565,-0.09,False,True
2.31,-0,0,0.600656,0.058352,-0.046045,0.926876,-0.66552,-4.67677,8.24966,1.32943,0.120522,-1.45956,-0.663912,4.55625,1.15752,-0.058352,0.046045,0.0350715,-0,0,-5.84093,0.0524117,-0.0439086,-16.0894,-0.513494,0.829854,-10.7422,1.00553,0.0415101,-31.6166,-0.492036,-0.871364,1.82929,-0.0524117,0.0439086,-1.01849,0.58377,0.57214,4.59685,4.53049,0.568894,-0.0216064,0.565,-0.09,False,True
2.315,-0,0,0.694635,0.0580784,-0.0629824,0.926522,-0.688186,-4.37339,9.84884,1.32859,-0.455866,-1.27558,-0.640405,4.82925,1.04105,-0.0580784,0.0629824,0.0333918,-0,0,-6.39583,0.052169,-0.0528538,-15.4361,-0.509312,0.843478,-12.3918,1.00571,0.0301267,-31.9071,-0.496398,-0.873605,1.64142,-0.052169,0.0528538,-0.977449,0.527245,0.512416,4.88228,4.79186,0.571624,-0.021524,0.565,-0.09,False,True
2.32,-0,0,0.779832,0.0577222,-0.0790481,0.929206,-0.709254,-4.0397,11.2996,1.32487,-1.02685,-1.04595,-0.615619,5.06655,0.914037,-0.0577222,0.0790481,0.0315721,-0,0,-6.86708,0.0518832,-0.0611717,-14.8382,-0.505059,0.857754,-13.86,1.00583,0.0182353,-32.1424,-0.500772,-0.875989,1.48291,-0.0518832,0.0611717,-0.942347,0.465335,0.447543,5.13123,5.01801,0.574329,-0.0214232,0.565,-0.09,False,True
2.325,-0,0,0.854622,0.0572879,-0.094189,0.934687,-0.728583,-3.67989,12.5768,1.31832,-1.58631,-0.770945,-0.589739,5.2662,0.779401,-0.0572879,0.094189,0.0296755,-0,0,-7.25169,0.0515573,-0.0689279,-14.314,-0.500734,0.872559,-15.1319,1.00589,0.00581753,-32.3324,-0.505158,-0.878376,1.35498,-0.0515573,0.0689279,-0.913814,0.399447,0.379014,5.34173,5.20703,0.577008,-0.0213049,0.565,-0.09,False,True
2.33,-0,0,0.917773,0.0567803,-0.108383,0.942835,-0.746053,-3.29867,13.6592,1.30901,-2.12833,-0.45217,-0.562957,5.427,0.639877,-0.0567803,0.108383,0.0277632,-0,0,-7.54893,0.0511939,-0.0762064,-13.8789,-0.496334,0.887794,-16.1976,1.00589,-0.00713242,-32.4876,-0.509556,-0.880661,1.25802,-0.0511939,0.0762064,-0.892071,0.330923,0.308222,5.51257,5.35777,0.579659,-0.0211699,0.565,-0.09,False,True
2.335,-0,0,0.968481,0.0562041,-0.121636,0.953605,-0.761569,-2.90117,14.5301,1.29704,-2.64724,-0.0925883,-0.535469,5.54841,0.497895,-0.0562041,0.121636,0.0258921,-0,0,-7.75992,0.0507952,-0.0831065,-13.5457,-0.491856,0.903384,-17.0518,1.00582,-0.0206115,-32.6178,-0.513964,-0.882773,1.19182,-0.0507952,0.0831065,-0.877021,0.260968,0.236387,5.64326,5.46968,0.582281,-0.0210188,0.565,-0.09,False,True
2.34,-0,0,1.00637,0.0555639,-0.133984,0.967008,-0.775065,-2.49282,15.1778,1.28254,-3.13766,0.303564,-0.507473,5.63048,0.35547,-0.0555639,0.133984,0.0241119,-0,0,-7.88719,0.0503629,-0.0897394,-13.3231,-0.4873,0.919286,-17.6932,1.00568,-0.0346117,-32.7317,-0.518383,-0.884674,1.1558,-0.0503629,0.0897394,-0.868376,0.190596,0.16451,5.73387,5.54282,0.584874,-0.0208522,0.565,-0.09,False,True
2.345,-0,0,1.03146,0.0548642,-0.145481,0.983082,-0.786498,-2.0792,15.5951,1.26566,-3.59451,0.730921,-0.479164,5.67372,0.214142,-0.0548642,0.145481,0.0224638,-0,0,-7.93403,0.0498978,-0.0962235,-13.2166,-0.482663,0.935483,-18.124,1.00547,-0.0491234,-32.8361,-0.522811,-0.886359,1.14908,-0.0498978,0.0962235,-0.865772,0.12059,0.0933442,5.78498,5.57765,0.587436,-0.0206702,0.565,-0.09,False,True
2.35,-0,0,1.04409,0.0541091,-0.156203,1.00185,-0.795857,-1.66591,15.7791,1.24659,-4.01306,1.18319,-0.450736,5.67897,0.0749467,-0.0541091,0.156203,0.02098,-0,0,-7.90398,0.0494006,-0.102681,-13.2275,-0.477945,0.951984,-18.3486,1.00519,-0.0641396,-32.9354,-0.527247,-0.887844,1.1705,-0.0494006,0.102681,-0.86886,0.0514942,0.0233831,5.79749,5.57499,0.589968,-0.020473,0.565,-0.09,False,True
2.355,-0,0,1.04487,0.0533022,-0.166237,1.02332,-0.803157,-1.25844,15.7309,1.22553,-4.38884,1.65341,-0.422375,5.64728,-0.0615676,-0.0533022,0.166237,0.0196839,-0,0,-7.80024,0.048871,-0.109234,-13.3542,-0.473144,0.968823,-18.3729,1.00483,-0.0796583,-33.0319,-0.53169,-0.889165,1.21862,-0.048871,0.109234,-0.877353,-0.0163884,-0.0451268,5.77253,5.53583,0.59247,-0.0202605,0.565,-0.09,False,True
2.36,-0,0,1.03457,0.0524467,-0.17568,1.04742,-0.808441,-0.862136,15.4543,1.2027,-4.71766,2.1342,-0.394263,5.5798,-0.19529,-0.0524467,0.17568,0.018591,-0,0,-7.62534,0.0483083,-0.115999,-13.5918,-0.468257,0.98605,-18.2035,1.0044,-0.0956845,-33.1253,-0.536139,-0.890365,1.29175,-0.0483083,0.115999,-0.891053,-0.0829723,-0.112159,5.71133,5.46127,0.594943,-0.0200324,0.565,-0.09,False,True
2.365,-0,0,1.01407,0.0515454,-0.184635,1.07402,-0.811778,-0.482047,14.9556,1.17835,-4.9956,2.61799,-0.366577,5.47764,-0.326475,-0.0515454,0.184635,0.0177101,-0,0,-7.38095,0.047711,-0.123089,-13.9332,-0.463283,1.00373,-17.847,1.00388,-0.112232,-33.2132,-0.540593,-0.891494,1.3881,-0.047711,0.123089,-0.909872,-0.148354,-0.17787,5.61509,5.35235,0.597387,-0.0197882,0.565,-0.09,False,True
2.37,-0,0,0.984322,0.0506004,-0.19321,1.10293,-0.813261,-0.122938,14.2426,1.15275,-5.2189,3.09729,-0.339487,5.34184,-0.455636,-0.0506004,0.19321,0.0170442,-0,0,-7.06789,0.0470774,-0.130604,-14.369,-0.45822,1.02192,-17.3096,1.00327,-0.129324,-33.2911,-0.545054,-0.892596,1.50611,-0.0470774,0.130604,-0.933848,-0.212764,-0.242541,5.48492,5.21005,0.599805,-0.0195271,0.565,-0.09,False,True
2.375,-0,0,0.946285,0.0496133,-0.201509,1.13383,-0.813007,0.210779,13.325,1.12617,-5.38405,3.56484,-0.313158,5.17327,-0.583438,-0.0496133,0.201509,0.0165919,-0,0,-6.68637,0.046405,-0.138636,-14.8883,-0.453064,1.0407,-16.5972,1.00258,-0.146991,-33.3524,-0.549519,-0.893707,1.64476,-0.046405,0.138636,-0.963174,-0.276509,-0.306528,5.32179,5.03515,0.602198,-0.0192485,0.565,-0.09,False,True
2.38,-0,0,0.900937,0.0485853,-0.209637,1.16636,-0.811154,0.515061,12.2135,1.09891,-5.48768,4.01377,-0.287754,4.97262,-0.710556,-0.0485853,0.209637,0.016348,-0,0,-6.23634,0.045691,-0.147263,-15.4791,-0.447813,1.06012,-15.7154,1.0018,-0.165272,-33.389,-0.553991,-0.894848,1.80409,-0.045691,0.147263,-0.998214,-0.339909,-0.370186,5.12645,4.82829,0.604568,-0.0189512,0.565,-0.09,False,True
2.385,-0,0,0.849275,0.0475169,-0.217695,1.20004,-0.807857,0.786266,10.9209,1.07129,-5.52668,4.43762,-0.263432,4.74041,-0.837532,-0.0475169,0.217695,0.0163046,-0,0,-5.71818,0.0449324,-0.156551,-16.1281,-0.442463,1.08023,-14.6705,1.00093,-0.184212,-33.3912,-0.558468,-0.896022,1.98543,-0.0449324,0.156551,-1.0395,-0.403218,-0.433802,4.89952,4.58994,0.606919,-0.0186341,0.565,-0.09,False,True
2.39,-0,0,0.792343,0.0464083,-0.225781,1.23431,-0.803291,1.02119,9.46229,1.04364,-5.49827,4.83037,-0.24035,4.47708,-0.964615,-0.0464083,0.225781,0.0164509,-0,0,-5.13328,0.0441255,-0.166551,-16.821,-0.43701,1.10108,-13.4701,0.999961,-0.20386,-33.3486,-0.562951,-0.897216,2.19153,-0.0441255,0.166551,-1.08764,-0.466549,-0.497509,4.64149,4.32044,0.609252,-0.0182961,0.565,-0.09,False,True
2.395,-0,0,0.731268,0.0452591,-0.233983,1.2685,-0.797645,1.21711,7.85647,1.01631,-5.40011,5.18639,-0.218661,4.183,-1.09159,-0.0452591,0.233983,0.0167741,-0,0,-4.48493,0.0432668,-0.177298,-17.5428,-0.431452,1.12266,-12.1252,0.998892,-0.224268,-33.2508,-0.56744,-0.898391,2.42619,-0.0432668,0.177298,-1.14324,-0.529786,-0.561206,4.35282,4.02012,0.611572,-0.0179358,0.565,-0.09,False,True
2.4,-0,0,0.667299,0.0440685,-0.242386,1.30188,-0.79112,1.3719,6.12724,0.98964,-5.23059,5.50026,-0.19852,3.85868,-1.21758,-0.0440685,0.242386,0.0172592,-0,0,-3.77904,0.0423525,-0.188813,-18.2771,-0.425784,1.14498,-10.6516,0.997718,-0.245487,-33.0887,-0.571935,-0.899493,2.69343,-0.0423525,0.188813,-1.20662,-0.592494,-0.624466,4.03406,3.68943,0.613882,-0.0175519,0.565,-0.09,False,True
2.405,-0,0,0.601837,0.0428353,-0.251066,1.33363,-0.783926,1.48412,4.30477,0.964,-4.98904,5.76666,-0.180075,3.50492,-1.34093,-0.0428353,0.251066,0.0178892,-0,0,-3.02493,0.0413787,-0.201097,-19.0064,-0.420002,1.16801,-9.07218,0.996437,-0.267566,-32.8557,-0.576435,-0.900447,2.99615,-0.0413787,0.201097,-1.27756,-0.653835,-0.686452,3.68607,3.32911,0.616186,-0.0171429,0.565,-0.09,False,True
2.41,-0,0,0.536447,0.0415578,-0.260088,1.36286,-0.776279,1.55319,2.42694,0.939749,-4.6762,5.98018,-0.163471,3.12301,-1.45901,-0.0415578,0.260088,0.0186453,-0,0,-2.23575,0.0403416,-0.214139,-19.7117,-0.414104,1.19172,-7.4186,0.995043,-0.290552,-32.5502,-0.580939,-0.90117,3.33436,-0.0403416,0.214139,-1.35497,-0.712498,-0.745854,3.31021,2.94042,0.618488,-0.0167076,0.565,-0.09,False,True
2.415,-0,0,0.472824,0.0402344,-0.269511,1.38866,-0.768394,1.57955,0.539977,0.917238,-4.29457,6.13514,-0.148844,2.71502,-1.56817,-0.0402344,0.269511,0.0195073,-0,0,-1.42876,0.0392373,-0.227905,-20.3729,-0.408085,1.21606,-5.73266,0.993531,-0.314492,-32.1763,-0.585446,-0.901568,3.70334,-0.0392373,0.227905,-1.43663,-0.766666,-0.800849,2.90858,2.52539,0.620793,-0.0162446,0.565,-0.09,False,True
2.42,-0,0,0.412724,0.0388627,-0.279381,1.41007,-0.760483,1.56487,-1.30193,0.896803,-3.84892,6.22551,-0.13632,2.28405,-1.66379,-0.0388627,0.279381,0.0204542,-0,0,-0.624891,0.0380625,-0.242349,-20.9689,-0.401943,1.24098,-4.0663,0.991898,-0.339431,-31.7455,-0.589955,-0.901554,4.09215,-0.0380625,0.242349,-1.51892,-0.814023,-0.849117,2.4843,2.08709,0.623105,-0.0157525,0.565,-0.09,False,True
2.425,-0,0,0.357838,0.0374406,-0.289734,1.42614,-0.752745,1.51221,-3.03852,0.878749,-3.34663,6.24492,-0.126004,1.83442,-1.7404,-0.0374406,0.289734,0.0214646,-0,0,0.152136,0.0368138,-0.257404,-21.4785,-0.395675,1.26646,-2.47993,0.990137,-0.365415,-31.2768,-0.594462,-0.901046,4.48313,-0.0368138,0.257404,-1.59691,-0.851848,-0.887924,2.04175,1.62981,0.625427,-0.0152302,0.565,-0.09,False,True
2.43,-0,0,0.309623,0.0359654,-0.300598,1.43598,-0.745361,1.42612,-4.60709,0.863337,-2.79802,6.18684,-0.117976,1.37191,-1.79205,-0.0359654,0.300598,0.0225173,-0,0,0.877475,0.0354885,-0.272993,-21.881,-0.389278,1.29248,-1.03853,0.988244,-0.3925,-30.7948,-0.598965,-0.89998,4.85282,-0.0354885,0.272993,-1.66458,-0.877171,-0.914289,1.58671,1.15932,0.627764,-0.0146766,0.565,-0.09,False,True
2.435,-0,0,0.269122,0.0344346,-0.311989,1.43876,-0.738484,1.31264,-5.94769,0.850769,-2.2164,6.04481,-0.112285,0.90376,-1.81278,-0.0344346,0.311989,0.0235924,-0,0,1.52731,0.0340839,-0.289022,-22.1578,-0.38275,1.31906,0.194246,0.986212,-0.42075,-30.3271,-0.603462,-0.898314,5.17462,-0.0340839,0.289022,-1.71541,-0.887015,-0.925216,1.12645,0.682851,0.630121,-0.0140908,0.565,-0.09,False,True
2.44,-0,0,0.236793,0.0328455,-0.323913,1.43378,-0.732235,1.17918,-7.00925,0.841173,-1.61784,5.81286,-0.108938,0.438668,-1.79714,-0.0328455,0.323913,0.0246705,-0,0,2.0813,0.0325982,-0.30539,-22.2937,-0.376088,1.34627,1.1632,0.984036,-0.450246,-29.9,-0.607948,-0.896025,5.42287,-0.0325982,0.30539,-1.74314,-0.878672,-0.917973,0.669658,0.209099,0.632499,-0.0134721,0.565,-0.09,False,True
2.445,-0,0,0.212413,0.0311955,-0.336368,1.42052,-0.726692,1.03418,-7.75541,0.834591,-1.02072,5.48579,-0.107898,-0.0134548,-1.74075,-0.0311955,0.336368,0.0257327,-0,0,2.52478,0.03103,-0.321988,-22.2783,-0.369288,1.37419,1.82876,0.98171,-0.481082,-29.5334,-0.612422,-0.893105,5.57754,-0.03103,0.321988,-1.7428,-0.849965,-0.89035,0.226257,-0.252022,0.634903,-0.0128199,0.565,-0.09,False,True
2.45,-0,0,0.195068,0.0294818,-0.349342,1.39865,-0.721893,0.886742,-8.16874,0.830966,-0.444941,5.05947,-0.109073,-0.441802,-1.64067,-0.0294818,0.349342,0.0267577,-0,0,2.85028,0.0293784,-0.338704,-22.1064,-0.362346,1.40292,2.17232,0.979225,-0.513366,-29.2367,-0.61688,-0.889558,5.62859,-0.0293784,0.338704,-1.71197,-0.799448,-0.840856,-0.19296,-0.689698,0.637335,-0.0121338,0.565,-0.09,False,True
2.455,-0,0,0.183254,0.027702,-0.362811,1.36805,-0.717825,0.746109,-8.25207,0.830141,0.0889615,4.53082,-0.112316,-0.835071,-1.49554,-0.027702,0.362811,0.0277176,-0,0,3.05775,0.027643,-0.355426,-21.7787,-0.355258,1.4326,2.1985,0.976576,-0.547216,-29.0062,-0.621318,-0.885382,5.57923,-0.027643,0.355426,-1.65234,-0.726465,-0.768777,-0.57671,-1.09261,0.639796,-0.0114138,0.565,-0.09,False,True
2.46,-0,0,0.175062,0.0258537,-0.376734,1.32878,-0.714432,0.621178,-8.02641,0.831856,0.560682,3.89762,-0.117424,-1.18186,-1.30538,-0.0258537,0.376734,0.0285706,-0,0,3.15343,0.0258241,-0.37204,-21.3014,-0.34802,1.46331,1.9336,0.973753,-0.582749,-28.8237,-0.625733,-0.880561,5.44792,-0.0258241,0.37204,-1.57234,-0.63107,-0.674088,-0.913624,-1.44934,0.642288,-0.0106598,0.565,-0.09,False,True
2.465,-0,0,0.168392,0.0239347,-0.391045,1.28101,-0.711613,0.52011,-7.52556,0.835748,0.95087,3.15803,-0.124135,-1.47098,-1.07117,-0.0239347,0.391045,0.0292486,-0,0,3.14703,0.0239226,-0.388429,-20.6864,-0.340625,1.49513,1.42082,0.970748,-0.620072,-28.6566,-0.630123,-0.875057,5.27037,-0.0239226,0.388429,-1.49162,-0.5138,-0.557214,-1.19257,-1.74864,0.644812,-0.00987232,0.565,-0.09,False,True
2.47,-0,0,0.161126,0.0219433,-0.405635,1.22483,-0.709231,0.450093,-6.78824,0.841364,1.24153,2.31,-0.132134,-1.69162,-0.794143,-0.0219433,0.405635,0.0296379,-0,0,3.0475,0.0219398,-0.404463,-19.9509,-0.333069,1.52806,0.713751,0.967552,-0.659271,-28.4565,-0.634484,-0.868792,5.10476,-0.0219398,0.404463,-1.45012,-0.375357,-0.418688,-1.40281,-1.97965,0.647367,-0.00905176,0.565,-0.09,False,True
2.475,-0,0,0.151069,0.0198783,-0.420323,1.16086,-0.707112,0.417303,-5.89567,0.848163,1.41601,1.39987,-0.141051,-1.83332,-0.490983,-0.0198783,0.420323,0.0294995,-0,0,2.8619,0.0198779,-0.419978,-19.1722,-0.325345,1.56203,-0.0783376,0.964156,-0.700387,-28.1238,-0.638811,-0.861647,5.12356,-0.0198779,0.419978,-1.57883,-0.22423,-0.266703,-1.53403,-2.13177,0.649954,-0.00819902,0.565,-0.09,False,True
2.48,-0,0,-1.52552,0.01774,-0.434767,-5.0944,-0.705058,0.423046,5.86981,0.855524,1.47103,5.74517,-0.150467,-1.89408,1.16232,-0.01774,0.434767,0.281938,-0,0,1.49688,0.01774,-0.434726,-9.81236,-0.317448,1.59672,-11.668,0.960549,-0.743338,-33.0823,-0.6431,-0.853387,1.21533,-0.01774,0.434726,0.129422,0.778252,0.383972,-1.5845,-2.20279,0.652572,-0.00731535,0.565,-0.09,True,True
2.485,-0,0,-1.3965,0.0155307,-0.448343,-4.68059,-0.702882,0.451177,6.57966,0.862874,1.45562,4.4181,-0.159992,-1.9068,1.18725,-0.0155307,0.448343,0.317776,-0,0,1.3691,0.0155307,-0.448343,-8.63096,-0.309377,1.63123,-11.9828,0.956722,-0.787716,-31.7762,-0.647345,-0.843511,1.1631,-0.0155307,0.448343,0.199385,0.815977,0.371197,-1.58755,-2.22515,0.655218,-0.00640262,0.578095,-0.0792857,True,True
2.49,-0,0,-1.22376,0.0132566,-0.46048,-4.05268,-0.700546,0.48314,7.3617,0.870081,1.42579,3.06585,-0.169535,-1.90893,1.12788,-0.0132566,0.46048,0.386779,-0,0,1.21241,0.0132566,-0.46048,-7.34633,-0.301136,1.66456,-12.2515,0.952671,-0.832999,-30.1666,-0.651535,-0.831565,1.10614,-0.0132566,0.46048,0.293104,0.83497,0.292861,-1.58105,-2.23593,0.65789,-0.00546366,0.59119,-0.0685714,True,True
2.495,-0,0,-1.03415,0.0109259,-0.470947,-3.30621,-0.69805,0.514872,8.12632,0.877132,1.39328,1.58631,-0.179081,-1.90816,1.05101,-0.0109259,0.470947,0.467486,-0,0,1.03718,0.0109259,-0.470947,-6.02765,-0.292732,1.69628,-12.4478,0.948392,-0.878846,-28.3904,-0.655661,-0.817429,1.04325,-0.0109259,0.470947,0.394653,0.85346,0.197518,-1.57286,-2.24263,0.660584,-0.00450181,0.604286,-0.0578571,True,True
2.5,-0,0,-0.839502,0.00854713,-0.479663,-2.48273,-0.695397,0.546165,8.83301,0.884013,1.35825,-0.000244185,-0.188616,-1.90442,0.973659,-0.00854713,0.479663,0.553352,-0,0,0.851611,0.00854713,-0.479663,-4.72465,-0.284173,1.72615,-12.5643,0.943883,-0.925003,-26.5279,-0.65971,-0.801143,0.977038,-0.00854713,0.479663,0.498218,0.875337,0.0983034,-1.56297,-2.24515,0.663295,-0.00352066,0.617381,-0.0471429,True,True
2.505,-0,0,-0.644398,0.00612924,-0.486602,-1.59694,-0.692589,0.576829,9.46575,0.890714,1.32093,-1.66415,-0.198125,-1.89776,0.898485,-0.00612924,0.486602,0.64352,-0,0,0.660309,0.00612924,-0.486602,-3.46242,-0.27547,1.75403,-12.5986,0.939142,-0.971233,-24.6149,-0.663672,-0.782797,0.910038,-0.00612924,0.486602,0.602656,0.901323,-0.00284769,-1.55145,-2.2435,0.666021,-0.00252388,0.630476,-0.0364286,True,True
2.51,-0,0,-0.450942,0.00368111,-0.491761,-0.654715,-0.689629,0.606685,10.0181,0.897223,1.28158,-3.39236,-0.207594,-1.88827,0.826918,-0.00368111,0.491761,0.73812,-0,0,0.465443,0.00368111,-0.491761,-2.25093,-0.266633,1.77981,-12.5494,0.934171,-1.01731,-22.6663,-0.667538,-0.762507,0.843657,-0.00368111,0.491761,0.708043,0.932222,-0.105307,-1.53839,-2.23778,0.668756,-0.00151515,0.643571,-0.0257143,True,True
2.515,-0,0,-0.259911,0.00121163,-0.495143,0.342855,-0.686522,0.635559,10.4881,0.90353,1.24048,-5.18098,-0.217008,-1.87604,0.759611,-0.00121163,0.495143,0.837634,-0,0,0.267847,0.00121163,-0.495143,-1.09257,-0.257672,1.80339,-12.4156,0.928969,-1.06299,-20.6856,-0.671297,-0.740404,0.778557,-0.00121163,0.495143,0.814904,0.968695,-0.209084,-1.52387,-2.22807,0.671497,-0.000498137,0.656667,-0.015,True,True
2.52,-0,0,-0.0714172,-0.00127032,-0.496753,1.39697,-0.683273,0.663281,10.8755,0.909627,1.19787,-7.0307,-0.226354,-1.86115,0.696573,0.00127032,0.496753,0.942353,-0,0,0.0676589,-0.00127032,-0.496753,0.0135459,-0.248599,1.82464,-12.1957,0.923541,-1.10802,-18.6717,-0.674942,-0.71662,0.714756,0.00127032,0.496753,0.9236,1.01095,-0.314378,-1.50798,-2.21447,0.67424,0.000523501,0.669762,-0.00428571,True,True
2.525,-0,0,0.114691,-0.00375589,-0.496591,2.50913,-0.679889,0.68968,11.1804,0.915509,1.154,-8.94355,-0.235619,-1.84369,0.636997,0.00375589,0.496591,1.05171,-0,0,-0.135272,-0.00375589,-0.496591,1.06874,-0.239426,1.84346,-11.8884,0.917889,-1.15216,-16.6226,-0.678463,-0.691295,0.651448,0.00375589,0.496591,1.03362,1.05819,-0.421194,-1.49079,-2.19705,0.67698,0.00154613,0.682857,0.00642857,True,True
2.53,-0,0,0.298549,-0.00623623,-0.494653,3.67915,-0.676377,0.71459,11.4019,0.921168,1.10913,-10.9199,-0.244791,-1.82372,0.578802,0.00623623,0.494653,1.16332,-0,0,-0.341097,-0.00623623,-0.494653,2.07248,-0.230164,1.8597,-11.4935,0.912019,-1.19512,-14.5403,-0.681855,-0.664573,0.586525,0.00623623,0.494653,1.14256,1.10768,-0.528885,-1.47238,-2.17588,0.679714,0.00256611,0.695952,0.0171429,True,True
2.535,-0,0,0.480004,-0.00870242,-0.490927,4.90249,-0.672743,0.73785,11.5383,0.9266,1.0635,-12.9549,-0.253857,-1.80135,0.517762,0.00870242,0.490927,1.27143,-0,0,-0.549677,-0.00870242,-0.490927,3.01987,-0.220829,1.87324,-11.0134,0.905938,-1.23663,-12.4355,-0.685109,-0.636609,0.515708,0.00870242,0.490927,1.24461,1.15328,-0.635524,-1.45284,-2.15104,0.682437,0.00357979,0.709048,0.0278571,True,True
2.54,-0,0,0.658252,-0.0111455,-0.485404,6.16629,-0.668998,0.759317,11.5863,0.931802,1.01735,-15.0326,-0.262804,-1.77666,0.446099,0.0111455,0.485404,1.36457,-0,0,-0.760192,-0.0111455,-0.485404,3.89808,-0.211432,1.884,-10.4561,0.899653,-1.27643,-10.3355,-0.688221,-0.607573,0.431127,0.0111455,0.485404,1.32804,1.183,-0.736919,-1.43229,-2.12263,0.685146,0.00458352,0.722143,0.0385714,True,True
2.545,-0,0,0.831254,-0.0135565,-0.478077,7.44264,-0.66515,0.778885,11.5412,0.936773,0.970966,-17.117,-0.271623,-1.74985,0.350259,0.0135565,0.478077,1.42177,-0,0,-0.970499,-0.0135565,-0.478077,4.68094,-0.201989,1.89195,-9.84041,0.893174,-1.31429,-8.2974,-0.691185,-0.577661,0.319093,0.0135565,0.478077,1.37141,1.1753,-0.825063,-1.4109,-2.09081,0.687836,0.0055736,0.735238,0.0492857,True,True
2.55,-0,0,0.994768,-0.0159263,-0.468958,8.67783,-0.661209,0.796521,11.3977,0.941512,0.924694,-19.1369,-0.280303,-1.72122,0.207487,0.0159263,0.468958,1.40664,-0,0,-1.17606,-0.0159263,-0.468958,5.32046,-0.192513,1.89721,-9.205,0.88651,-1.3501,-6.42745,-0.693997,-0.547112,0.156662,0.0159263,0.468958,1.33748,1.09316,-0.885691,-1.38896,-2.05589,0.690504,0.00654636,0.748333,0.06,True,True
2.555,-0,0,1.14064,-0.018246,-0.458097,9.776,-0.657185,0.812329,11.1528,0.94602,0.878958,-20.9622,-0.288835,-1.69129,-0.0176994,0.018246,0.458097,1.26057,-0,0,-1.36834,-0.018246,-0.458097,5.73663,-0.183017,1.90019,-8.62188,0.879673,-1.38397,-4.90919,-0.696656,-0.516222,-0.0918343,0.018246,0.458097,1.16639,0.877506,-0.895202,-1.36696,-2.01844,0.693147,0.00749816,0.761429,0.0707143,True,True
2.56,-0,0,1.23399,-0.0205072,-0.445626,10.5707,-0.653086,0.82664,10.9298,0.950302,0.834325,-22.4726,-0.297216,-1.66096,-0.275657,0.0205072,0.445626,1.016,-0,0,-1.57006,-0.0205072,-0.445626,6.0847,-0.173511,1.9017,-8.1881,0.87267,-1.41631,-3.64163,-0.69916,-0.485397,-0.371756,0.0205072,0.445626,0.918424,0.575999,-0.851622,-1.34571,-1.97944,0.695762,0.00842555,0.774524,0.0814286,True,True
2.565,-0,0,1.6078,-0.0227023,-0.431812,19.5952,-0.648918,0.839427,4.21913,0.954364,0.79086,-28.0965,-0.305445,-1.63029,-1.12835,0.0227023,0.431812,2.35978,-0,0,-0.00922293,-0.0227023,-0.4319,-1.23982,-0.163999,1.88825,-1.12938,0.865509,-1.42735,1.67057,-0.70151,-0.460906,-0.0830139,0.0227023,0.4319,-0.0283381,1.09241,-2.22059,-1.32504,-1.93913,0.698348,0.00932543,0.785,0.09,True,False
2.57,-0,0,0.0840011,-0.0248254,-0.417076,19.9348,-0.644692,0.849411,8.57386,0.95821,0.747435,-25.1067,-0.313519,-1.59685,1.34736,0.0248254,0.417076,1.72435,-0,0,0.0679321,-0.0248262,-0.417633,-1.31091,-0.154628,1.81585,-4.74515,0.858397,-1.35485,1.77777,-0.703769,-0.461004,-0.252598,0.0248262,0.417633,-0.0287591,1.88998,-0.542846,-1.30226,-1.89538,0.700908,0.0101954,0.785,0.09,True,False
2.575,-0,0,-1.79326,-0.0268731,-0.401827,20.3744,-0.640424,0.855806,13.5171,0.961838,0.703614,-21.9285,-0.321414,-1.55942,3.53453,0.0268731,0.401827,1.51799,-0,0,0.173516,-0.0268786,-0.403496,-1.38104,-0.145841,1.65584,-8.9756,0.851961,-1.15818,1.87039,-0.70612,-0.49766,-0.446928,0.0268786,0.403496,-0.0281586,2.84563,0.688196,-1.27584,-1.84727,0.703447,0.0110342,0.785,0.09,True,False
2.58,-0,0,-3.62843,-0.0288436,-0.386332,20.7411,-0.636134,0.859154,17.8197,0.965246,0.66024,-19.4022,-0.329113,-1.51939,4.80755,0.0288436,0.386332,1.45767,-0,0,0.28881,-0.0288612,-0.389815,-1.44449,-0.13807,1.41535,-12.8229,0.846815,-0.847338,1.91616,-0.708745,-0.568009,-0.617782,0.0288612,0.389815,-0.027077,3.44512,1.36131,-1.24698,-1.79637,0.705972,0.011841,0.785,0.09,True,False
2.585,-0,0,-5.30538,-0.0307364,-0.370751,21.0257,-0.631833,0.859995,21.4152,0.96844,0.617967,-17.4394,-0.336607,-1.47796,5.47625,0.0307364,0.370751,1.45163,-0,0,0.405788,-0.0307768,-0.376743,-1.50098,-0.131687,1.10597,-16.1544,0.843488,-0.439743,1.91584,-0.7118,-0.666229,-0.755857,0.0307768,0.376743,-0.0257901,3.77918,1.69561,-1.21676,-1.74399,0.708489,0.0126155,0.785,0.09,True,False
2.59,-0,0,-6.76808,-0.0325511,-0.355179,21.2456,-0.627534,0.858737,24.3498,0.971426,0.577194,-15.9194,-0.343893,-1.43593,5.81247,0.0325511,0.355179,1.46478,-0,0,0.518938,-0.0326286,-0.364332,-1.55049,-0.12701,0.739398,-18.9502,0.842418,0.0459202,1.87315,-0.715408,-0.785318,-0.85715,0.0326286,0.364332,-0.0244674,3.95956,1.85116,-1.18592,-1.691,0.711007,0.0133577,0.785,0.09,True,False
2.595,-0,0,-7.98204,-0.0342882,-0.339664,21.4208,-0.623245,0.855715,26.6461,0.974212,0.538171,-14.7861,-0.350967,-1.39389,5.96421,0.0342882,0.339664,1.48196,-0,0,0.623602,-0.0344201,-0.352568,-1.59274,-0.124294,0.327513,-21.1963,0.843947,0.589711,1.79136,-0.719653,-0.917223,-0.918538,0.0344201,0.352568,-0.0232282,4.04993,1.91228,-1.15501,-1.63802,0.713531,0.0140675,0.785,0.09,True,False
2.6,-0,0,-8.93015,-0.0359478,-0.324225,21.5696,-0.618976,0.851227,28.3228,0.976808,0.501055,-14.0129,-0.357831,-1.35228,6.00921,0.0359478,0.324225,1.49793,-0,0,0.716011,-0.0361543,-0.341385,-1.62734,-0.123735,-0.117716,-22.892,0.848315,1.17087,1.67398,-0.72458,-1.05316,-0.93839,0.0361543,0.341385,-0.0221576,4.08566,1.92133,-1.12446,-1.58552,0.716069,0.0147453,0.785,0.09,True,False
2.605,-0,0,-9.61011,-0.0375304,-0.30886,21.7068,-0.614733,0.845557,29.4077,0.979223,0.465945,-13.5795,-0.36449,-1.3115,5.98891,0.0375304,0.30886,1.51179,-0,0,0.793383,-0.0378339,-0.33068,-1.65388,-0.125471,-0.584556,-24.0537,0.855656,1.76859,1.52519,-0.730185,-1.18403,-0.916967,0.0378339,0.33068,-0.0213147,4.08694,1.89955,-1.09467,-1.53388,0.718624,0.0153911,0.785,0.09,True,False
2.61,-0,0,-10.0322,-0.0390364,-0.293552,21.8419,-0.610521,0.838971,29.9431,0.981467,0.432891,-13.4608,-0.370946,-1.27186,5.92757,0.0390364,0.293552,1.5239,-0,0,0.854,-0.0394611,-0.320329,-1.67198,-0.12958,-1.06192,-24.7163,0.866001,2.36292,1.34995,-0.73642,-1.301,-0.856523,0.0394611,0.320329,-0.0207385,4.06622,1.85874,-1.06596,-1.4834,0.7212,0.0160051,0.785,0.09,True,False
2.615,-0,0,-10.2167,-0.0404659,-0.27828,21.9791,-0.606343,0.831723,29.986,0.983552,0.401906,-13.6222,-0.377208,-1.23363,5.84175,0.0404659,0.27828,1.53458,-0,0,0.897205,-0.0410372,-0.310191,-1.68134,-0.13609,-1.53977,-24.9307,0.879285,2.93568,1.15391,-0.743195,-1.39591,-0.761092,0.0410372,0.310191,-0.0204513,4.03204,1.80693,-1.03862,-1.43434,0.7238,0.0165874,0.785,0.09,True,False
2.62,-0,0,-10.1909,-0.0418192,-0.263018,22.1183,-0.602204,0.824049,29.6038,0.985486,0.372969,-14.0215,-0.383283,-1.19702,5.74403,0.0418192,0.263018,1.54367,-0,0,0.923297,-0.042563,-0.300119,-1.68179,-0.144978,-2.00945,-24.7587,0.895357,3.47119,0.943011,-0.750379,-1.46174,-0.636026,0.042563,0.300119,-0.0204617,3.99065,1.75045,-1.01287,-1.38689,0.726425,0.0171383,0.785,0.09,True,False
2.625,-0,0,-9.98553,-0.0430961,-0.247742,22.2555,-0.598103,0.816163,28.8676,0.987281,0.346034,-14.6126,-0.389178,-1.1622,5.64378,0.0430961,0.247742,1.55069,-0,0,0.933323,-0.0440384,-0.289965,-1.67331,-0.156184,-2.46383,-24.2669,0.913997,3.95668,0.723077,-0.757812,-1.49285,-0.487423,0.0440384,0.289965,-0.020767,3.94643,1.69428,-0.988903,-1.3412,0.729077,0.0176577,0.785,0.09,True,False
2.63,-0,0,-9.63196,-0.0442966,-0.232435,22.3851,-0.594042,0.80826,27.8465,0.988947,0.32103,-15.3502,-0.394905,-1.12929,5.54688,0.0442966,0.232435,1.55511,-0,0,0.928832,-0.0454627,-0.279584,-1.65606,-0.169616,-2.89734,-23.5201,0.934924,4.38245,0.499414,-0.765308,-1.48511,-0.321552,0.0454627,0.279584,-0.021355,3.90198,1.6417,-0.966855,-1.29739,0.731754,0.0181457,0.785,0.09,True,False
2.635,-0,0,-9.15937,-0.0454205,-0.217082,22.5002,-0.59002,0.800516,26.6019,0.990492,0.297871,-16.1937,-0.400471,-1.09839,5.45559,0.0454205,0.217082,1.55654,-0,0,0.911616,-0.0468343,-0.26884,-1.63042,-0.185158,-3.30588,-22.5765,0.957821,4.74173,0.276507,-0.772663,-1.43585,-0.144403,0.0468343,0.26884,-0.0222061,3.85817,1.5941,-0.946824,-1.25553,0.734456,0.0186025,0.785,0.09,True,False
2.64,-0,0,-8.5932,-0.0464674,-0.201682,22.5938,-0.586037,0.793091,25.1848,0.991925,0.276455,-17.1093,-0.405889,-1.06955,5.36888,0.0464674,0.201682,1.55485,-0,0,0.88349,-0.0481511,-0.257611,-1.597,-0.202675,-3.68656,-21.4846,0.982341,5.03033,0.0578853,-0.779666,-1.34377,0.0386067,0.0481511,0.257611,-0.0232941,3.8144,1.55105,-0.928874,-1.21568,0.737182,0.0190281,0.785,0.09,True,False
2.645,-0,0,-7.95428,-0.0474373,-0.186237,22.6591,-0.582089,0.786133,23.6343,0.993256,0.256676,-18.0706,-0.411167,-1.04281,5.2833,0.0474373,0.186237,1.55014,-0,0,0.846116,-0.0494104,-0.245786,-1.55664,-0.222023,-4.03743,-20.2819,1.00812,5.24619,-0.153869,-0.786101,-1.20876,0.222764,0.0494104,0.245786,-0.0245876,3.76898,1.51078,-0.913041,-1.17789,0.739931,0.0194225,0.785,0.09,True,False
2.65,-0,0,-7.25873,-0.0483298,-0.170761,22.6901,-0.578176,0.77978,21.9789,0.994492,0.238418,-19.0578,-0.416317,-1.0182,5.19401,0.0483298,0.170761,1.54266,-0,0,0.800899,-0.0506089,-0.233274,-1.51039,-0.24305,-4.35727,-18.9949,1.0348,5.38899,-0.357006,-0.791754,-1.03172,0.404058,0.0506089,0.233274,-0.0260501,3.71965,1.47074,-0.899342,-1.14219,0.7427,0.0197861,0.785,0.09,True,False
2.655,-0,0,-6.51838,-0.0491449,-0.155275,22.6809,-0.574292,0.774163,20.237,0.99564,0.221563,-20.0568,-0.421349,-0.995727,5.09579,0.0491449,0.155275,1.53262,-0,0,0.748924,-0.0517431,-0.220001,-1.45946,-0.265596,-4.64526,-17.6407,1.06201,5.45965,-0.550413,-0.796418,-0.81439,0.579096,0.0517431,0.220001,-0.0276404,3.66388,1.42822,-0.887775,-1.10861,0.745489,0.0201188,0.785,0.09,True,False
2.66,-0,0,-5.74158,-0.0498826,-0.139808,22.6265,-0.570434,0.769409,18.4198,0.996708,0.205989,-21.0577,-0.426274,-0.975398,4.98369,0.0498826,0.139808,1.52015,-0,0,0.690951,-0.0528089,-0.205915,-1.40523,-0.289502,-4.90079,-16.2283,1.0894,5.46001,-0.733403,-0.799898,-0.559216,0.74498,0.0528089,0.205915,-0.0293133,3.59927,1.38068,-0.878324,-1.07716,0.748293,0.0204209,0.785,0.09,True,False
2.665,-0,0,-4.93413,-0.050543,-0.124397,22.5218,-0.566598,0.765636,16.5335,0.9977,0.191572,-22.0529,-0.431103,-0.957208,4.85351,0.050543,0.124397,1.50526,-0,0,0.627433,-0.0538023,-0.190989,-1.34917,-0.314604,-5.12334,-14.761,1.11661,5.39258,-0.90549,-0.80201,-0.269246,0.899181,0.0538023,0.190989,-0.0310191,3.52368,1.32608,-0.870958,-1.04789,0.751113,0.0206926,0.785,0.09,True,False
2.67,-0,0,-4.10022,-0.0511265,-0.109088,22.3624,-0.562778,0.762957,14.581,0.998624,0.178182,-23.0365,-0.435846,-0.94114,4.70212,0.0511265,0.109088,1.48777,-0,0,0.558568,-0.0547188,-0.175218,-1.29277,-0.340735,-5.31227,-13.2386,1.14333,5.26032,-1.06619,-0.80259,0.0519481,1.03944,0.0547188,0.175218,-0.0327051,3.43538,1.26302,-0.865632,-1.0208,0.753944,0.0209343,0.785,0.09,True,False
2.675,-0,0,-3.24338,-0.0516339,-0.0939309,22.1439,-0.558968,0.761476,12.5646,0.999482,0.165691,-24.0027,-0.440514,-0.927167,4.52766,0.0516339,0.0939309,1.46731,-0,0,0.484365,-0.0555544,-0.158628,-1.23748,-0.367727,-5.46684,-11.6585,1.16922,5.06651,-1.21485,-0.801491,0.400324,1.16369,0.0555544,0.158628,-0.0343159,3.33316,1.19083,-0.862283,-0.995898,0.756785,0.0211465,0.785,0.09,True,False
2.68,-0,0,-2.36722,-0.0520658,-0.0789854,21.8629,-0.555163,0.761283,10.4872,1.00028,0.153964,-24.9455,-0.445118,-0.915247,4.32961,0.0520658,0.0789854,1.44341,-0,0,0.404733,-0.0563051,-0.141269,-1.18464,-0.395404,-5.58614,-10.0183,1.19399,4.81474,-1.3505,-0.798587,0.771406,1.27004,0.0563051,0.141269,-0.0357955,3.21641,1.10962,-0.860829,-0.973196,0.759632,0.0213295,0.785,0.09,True,False
2.685,-0,0,-1.4761,-0.0524237,-0.0643148,21.5167,-0.551355,0.762453,8.35395,1.00102,0.142866,-25.8584,-0.449667,-0.90532,4.10887,0.0524237,0.0643148,1.41554,-0,0,0.319571,-0.0569671,-0.12322,-1.13544,-0.423588,-5.66914,-8.31668,1.21736,4.50881,-1.47175,-0.793777,1.16033,1.3568,0.0569671,0.12322,-0.0370892,3.08522,1.02019,-0.861167,-0.952675,0.762485,0.0214838,0.785,0.09,True,False
2.69,-0,0,-0.575624,-0.052709,-0.0499863,21.1041,-0.547538,0.765043,6.17349,1.00171,0.13226,-26.7339,-0.454171,-0.897303,3.86771,0.052709,0.0499863,1.38324,-0,0,0.228875,-0.0575373,-0.104586,-1.09083,-0.452095,-5.71471,-6.55475,1.23908,4.15282,-1.57671,-0.786984,1.56189,1.4225,0.0575373,0.104586,-0.0381455,2.94042,0.92399,-0.863168,-0.934304,0.765339,0.0216103,0.785,0.09,True,False
2.695,-0,0,0.327143,-0.0529236,-0.0360694,20.6258,-0.543705,0.769083,3.9584,1.00234,0.122007,-27.5639,-0.45864,-0.891091,3.60974,0.0529236,0.0360694,1.34627,-0,0,0.132834,-0.058013,-0.0854976,-1.05149,-0.480735,-5.72172,-4.73721,1.25889,3.75111,-1.66297,-0.778158,1.97061,1.46599,0.058013,0.0854976,-0.0389195,2.78366,0.822956,-0.86668,-0.918029,0.768192,0.0217095,0.785,0.09,True,False
2.7,-0,0,1.22356,-0.0530697,-0.0226324,20.0846,-0.539847,0.77458,1.72559,1.00293,0.111973,-28.3405,-0.463082,-0.886553,3.33975,0.0530697,0.0226324,1.30471,-0,0,0.0319207,-0.0583923,-0.0661038,-1.01781,-0.509312,-5.68916,-2.87293,1.27659,3.30836,-1.72761,-0.767278,2.3808,1.48652,0.0583923,0.0661038,-0.0393751,2.61746,0.719386,-0.871526,-0.903768,0.771041,0.0217822,0.785,0.09,True,False
2.705,-0,0,2.10359,-0.0531499,-0.00974013,19.4866,-0.535959,0.781508,-0.50381,1.00346,0.102026,-29.0558,-0.467505,-0.883533,3.06353,0.0531499,0.00974013,1.25904,-0,0,-0.0730482,-0.058674,-0.0465695,-0.98992,-0.537627,-5.61624,-0.975391,1.29198,2.82953,-1.76725,-0.75435,2.78671,1.48383,0.058674,0.0465695,-0.0394875,2.44509,0.615752,-0.877503,-0.891414,0.773884,0.0218294,0.785,0.09,True,False
2.71,-0,0,2.95611,-0.0531671,0.00254965,18.8409,-0.532032,0.789813,-2.70511,1.00395,0.0920399,-29.7034,-0.471917,-0.881853,2.78746,0.0531671,-0.00254965,1.21022,-0,0,-0.180878,-0.058858,-0.0270685,-0.967684,-0.565475,-5.50256,0.937267,1.30489,2.31993,-1.77818,-0.73941,3.18263,1.4582,0.058858,0.0270685,-0.0392457,2.2705,0.514513,-0.884396,-0.880831,0.776717,0.021852,0.785,0.09,True,False
2.715,-0,0,3.7695,-0.0531244,0.0141899,18.1595,-0.528061,0.799413,-4.85104,1.00438,0.081901,-30.2786,-0.476324,-0.881314,2.51818,0.0531244,-0.0141899,1.15962,-0,0,-0.290007,-0.0589447,-0.00777671,-0.950774,-0.592652,-5.34819,2.84261,1.31518,1.78515,-1.75657,-0.722524,3.56304,1.41053,0.0589447,0.00777671,-0.0386532,2.09802,0.417937,-0.891973,-0.871856,0.779538,0.0218511,0.785,0.09,True,False
2.72,-0,0,4.5322,-0.0530252,0.0251478,17.4578,-0.524038,0.810201,-6.91307,1.00477,0.071507,-30.7794,-0.48073,-0.881708,2.26204,0.0530252,-0.0251478,1.10891,-0,0,-0.398564,-0.0589357,0.0111359,-0.938732,-0.618957,-5.15378,4.71462,1.32274,1.23105,-1.69861,-0.70378,3.92274,1.34228,0.0589357,-0.0111359,-0.0377285,1.93209,0.327956,-0.900004,-0.864305,0.782345,0.0218276,0.785,0.09,True,False
2.725,-0,0,5.23343,-0.0528729,0.0354073,16.7534,-0.519959,0.822051,-8.86288,1.0051,0.0607712,-31.2064,-0.485141,-0.882822,2.02474,0.0528729,-0.0354073,1.05989,-0,0,-0.504465,-0.0588334,0.0295121,-0.931039,-0.64419,-4.92071,6.52475,1.32749,0.663699,-1.60086,-0.683296,4.25701,1.25545,0.0588334,-0.0295121,-0.0365045,1.77689,0.246077,-0.908265,-0.857976,0.785133,0.0217827,0.785,0.09,True,False
2.73,-0,0,5.86384,-0.0526711,0.0449722,16.0656,-0.515818,0.834824,-10.6739,1.00538,0.049624,-31.5635,-0.489558,-0.884448,1.81095,0.0526711,-0.0449722,1.01428,-0,0,-0.605535,-0.0586406,0.0472142,-0.927187,-0.668164,-4.65105,8.24325,1.32937,0.0893053,-1.46043,-0.66121,4.56175,1.1525,0.0586406,-0.0472142,-0.0350262,1.63601,0.173363,-0.916552,-0.852661,0.787902,0.0217174,0.785,0.09,True,False
2.735,-0,0,6.41595,-0.0524232,0.0538671,15.4143,-0.511611,0.84838,-12.3226,1.0056,0.0380134,-31.8569,-0.493985,-0.886394,1.62415,0.0524232,-0.0538671,0.973533,-0,0,-0.699659,-0.0583612,0.0641296,-0.926731,-0.690701,-4.34763,9.84058,1.32838,-0.485877,-1.27531,-0.637679,4.83351,1.0362,0.0583612,-0.0641296,-0.0333483,1.51227,0.110479,-0.92469,-0.848148,0.790648,0.0216328,0.785,0.09,True,False
2.74,-0,0,6.88457,-0.0521324,0.0621377,14.819,-0.507334,0.862585,-13.7896,1.00576,0.0259046,-32.0953,-0.498422,-0.88849,1.46661,0.0521324,-0.0621377,0.938727,-0,0,-0.784912,-0.0579993,0.0801744,-0.929324,-0.71164,-4.014,11.2889,1.32452,-1.05563,-1.04457,-0.612875,5.06963,0.909445,0.0579993,-0.0801744,-0.0315312,1.40758,0.0577753,-0.932541,-0.844237,0.793369,0.0215299,0.785,0.09,True,False
2.745,-0,0,7.26682,-0.0518018,0.0698501,14.2978,-0.502985,0.877319,-15.0602,1.00585,0.0132781,-32.2887,-0.50287,-0.890597,1.33955,0.0518018,-0.0698501,0.910482,-0,0,-0.859681,-0.0575595,0.0952958,-0.934732,-0.730841,-3.65433,12.5631,1.31782,-1.61384,-0.768504,-0.586982,5.26817,0.775141,0.0575595,-0.0952958,-0.0296377,1.32301,0.0154016,-0.940013,-0.84074,0.796064,0.0214096,0.785,0.09,True,False
2.75,-0,0,7.56204,-0.0514339,0.0770887,13.866,-0.498561,0.892482,-16.1246,1.00589,0.00012719,-32.4474,-0.507328,-0.892609,1.24336,0.0514339,-0.0770887,0.889014,-0,0,-0.922744,-0.0570464,0.109472,-0.942825,-0.748183,-3.27334,13.6423,1.30838,-2.15461,-0.44877,-0.560193,5.42795,0.636009,0.0570464,-0.109472,-0.0277288,1.25893,-0.0166058,-0.94706,-0.83749,0.798731,0.0212727,0.785,0.09,True,False
2.755,-0,0,7.77142,-0.0510309,0.083953,13.5363,-0.49406,0.908003,-16.9775,1.00586,-0.0135457,-32.5812,-0.511796,-0.894457,1.17789,0.0510309,-0.083953,0.874229,-0,0,-0.97331,-0.0564648,0.122709,-0.953561,-0.763574,-2.87618,14.5099,1.29628,-2.67226,-0.0883581,-0.532703,5.54844,0.49446,0.0564648,-0.122709,-0.0258611,1.21518,-0.0382694,-0.953681,-0.834346,0.801369,0.0211198,0.785,0.09,True,False
2.76,-0,0,7.89749,-0.0505944,0.0905544,13.3173,-0.489481,0.923836,-17.6179,1.00575,-0.027733,-32.6987,-0.516273,-0.896103,1.14257,0.0505944,-0.0905544,0.865847,-0,0,-1.01101,-0.0558193,0.135042,-0.966953,-0.776945,-2.46827,15.1542,1.28165,-3.16144,0.308468,-0.504709,5.62971,0.352492,0.0558193,-0.135042,-0.024084,1.1913,-0.0496673,-0.959916,-0.831191,0.803977,0.0209513,0.785,0.09,True,False
2.765,-0,0,7.94356,-0.0501254,0.0970112,13.2143,-0.484822,0.939968,-18.0477,1.00558,-0.0424254,-32.8064,-0.520757,-0.897542,1.13655,0.0501254,-0.0970112,0.863512,-0,0,-1.03589,-0.0551143,0.146527,-0.983036,-0.788257,-2.05519,15.5682,1.26466,-3.61707,0.736323,-0.476406,5.67226,0.211626,0.0551143,-0.146527,-0.0224385,1.1866,-0.0509697,-0.965843,-0.827933,0.806554,0.0207676,0.785,0.09,True,False
2.77,-0,0,7.9131,-0.0496243,0.103446,13.2286,-0.480081,0.956407,-18.2716,1.00533,-0.0576159,-32.909,-0.525248,-0.898791,1.15869,0.0496243,-0.103446,0.866881,-0,0,-1.04828,-0.054354,0.157237,-1.00184,-0.797497,-1.64253,15.7492,1.24548,-4.03441,1.18891,-0.447986,5.67694,0.0728795,0.054354,-0.157237,-0.0209568,1.20026,-0.0424935,-0.971564,-0.8245,0.809101,0.0205686,0.785,0.09,True,False
2.775,-0,0,7.80927,-0.0490909,0.109979,13.3585,-0.475257,0.973186,-18.2953,1.005,-0.0733026,-33.0084,-0.529745,-0.899883,1.20754,0.0490909,-0.109979,0.875666,-0,0,-1.0488,-0.053542,0.16726,-1.02335,-0.804682,-1.23577,15.6982,1.22432,-4.40902,1.65925,-0.419636,5.64479,-0.0632135,0.053542,-0.16726,-0.0196621,1.23134,-0.0247424,-0.977198,-0.82084,0.811617,0.0203545,0.785,0.09,True,False
2.78,-0,0,7.63453,-0.0485245,0.116728,13.5991,-0.470349,0.990356,-18.1255,1.0046,-0.0894904,-33.1044,-0.534247,-0.900865,1.28141,0.0485245,-0.116728,0.889666,-0,0,-1.03823,-0.0526814,0.176692,-1.04751,-0.809855,-0.84025,15.4191,1.20139,-4.7367,2.13998,-0.391538,5.57695,-0.196557,0.0526814,-0.176692,-0.0185699,1.27883,0.00159465,-0.982873,-0.816912,0.814105,0.0201247,0.785,0.09,True,False
2.785,-0,0,7.39046,-0.0479237,0.123805,13.9431,-0.465354,1.00798,-17.7686,1.00411,-0.106193,-33.1947,-0.538754,-0.901784,1.37848,0.0479237,-0.123805,0.908783,-0,0,-1.01746,-0.051775,0.185638,-1.07419,-0.813085,-0.461009,14.918,1.17695,-5.01351,2.62355,-0.363867,5.47452,-0.327416,0.051775,-0.185638,-0.017689,1.34173,0.0357076,-0.988714,-0.812684,0.816563,0.0198788,0.785,0.09,True,False
2.79,-0,0,7.07779,-0.0472865,0.13131,14.3813,-0.460269,1.02612,-17.2308,1.00353,-0.123433,-33.2746,-0.543265,-0.902684,1.49714,0.0472865,-0.13131,0.933044,-0,0,-0.987419,-0.050825,0.194202,-1.10318,-0.814465,-0.102802,14.203,1.15126,-5.23572,3.10248,-0.336793,5.33852,-0.456315,0.050825,-0.194202,-0.0170227,1.41924,0.0767933,-0.994836,-0.808128,0.818995,0.0196161,0.785,0.09,True,False
2.795,-0,0,6.69661,-0.0466106,0.139334,14.9029,-0.455093,1.04484,-16.5178,1.00287,-0.141242,-33.3376,-0.547781,-0.9036,1.63638,0.0466106,-0.139334,0.962631,-0,0,-0.949085,-0.049833,0.20249,-1.13419,-0.814113,0.229963,13.2833,1.12459,-5.39977,3.56955,-0.310482,5.16981,-0.583927,0.049833,-0.20249,-0.0165696,1.51096,0.124233,-1.00134,-0.803213,0.821402,0.0193358,0.785,0.09,True,False
2.8,-0,0,6.24683,-0.0458931,0.147956,15.4956,-0.449821,1.06421,-15.6352,1.00212,-0.159658,-33.3755,-0.552301,-0.904554,1.7962,0.0458931,-0.147956,0.997904,-0,0,-0.90343,-0.0488001,0.210607,-1.16684,-0.812165,0.533247,12.1697,1.09726,-5.5023,4.01789,-0.285095,4.96905,-0.710932,0.0488001,-0.210607,-0.0163247,1.61713,0.177786,-1.00829,-0.797904,0.823786,0.0190369,0.785,0.09,True,False
2.805,-0,0,5.72872,-0.045131,0.15724,16.1463,-0.444451,1.08427,-14.589,1.00128,-0.178726,-33.3787,-0.556826,-0.905548,1.97794,0.045131,-0.15724,1.03938,-0,0,-0.85145,-0.047727,0.218654,-1.20065,-0.80878,0.803408,10.8749,1.06957,-5.54017,4.44109,-0.260791,4.73676,-0.837879,0.047727,-0.218654,-0.0162802,1.73881,0.237756,-1.01576,-0.792157,0.826149,0.0187183,0.785,0.09,True,False
2.81,-0,0,5.14362,-0.0443207,0.167239,16.8409,-0.438978,1.10506,-13.387,1.00033,-0.198496,-33.3367,-0.561357,-0.906566,2.18436,0.0443207,-0.167239,1.0877,-0,0,-0.79419,-0.0466136,0.226727,-1.23505,-0.804131,1.03724,9.41388,1.04186,-5.51058,4.83316,-0.237727,4.47334,-0.965016,0.0466136,-0.226727,-0.0164257,1.87782,0.305068,-1.02375,-0.785921,0.828496,0.0183787,0.785,0.09,True,False
2.815,-0,0,4.49478,-0.0434586,0.177986,17.5641,-0.4334,1.12659,-12.04,0.999292,-0.219018,-33.2392,-0.565892,-0.907571,2.41931,0.0434586,-0.177986,1.14344,-0,0,-0.732777,-0.0454597,0.234917,-1.26938,-0.798408,1.23202,7.8054,1.01447,-5.41117,5.18848,-0.216058,4.17915,-1.09213,0.0454597,-0.234917,-0.0167481,2.03652,0.381204,-1.03225,-0.779133,0.830829,0.0180168,0.785,0.09,True,False
2.82,-0,0,3.7881,-0.0425409,0.189502,18.2998,-0.427712,1.14885,-10.5639,0.998145,-0.240345,-33.077,-0.570432,-0.908507,2.68685,0.0425409,-0.189502,1.20694,-0,0,-0.668466,-0.0442644,0.243307,-1.30291,-0.791811,1.38561,6.07319,0.987747,-5.24029,5.50169,-0.195936,3.85468,-1.21834,0.0442644,-0.243307,-0.0172328,2.21721,0.467948,-1.04122,-0.771724,0.833152,0.0176313,0.785,0.09,True,False
2.825,-0,0,3.0329,-0.0415636,0.20179,19.0302,-0.421911,1.17183,-8.98145,0.996888,-0.262526,-32.8436,-0.574977,-0.909299,2.98994,0.0415636,-0.20179,1.278,-0,0,-0.602665,-0.0430266,0.251973,-1.33482,-0.784552,1.49657,4.24749,0.962063,-4.99726,5.76747,-0.177511,3.50069,-1.34198,0.0430266,-0.251973,-0.0178626,2.42121,0.566919,-1.0506,-0.76362,0.835469,0.0172208,0.785,0.09,True,False
2.83,-0,0,2.24242,-0.040523,0.214835,19.7366,-0.415994,1.19547,-7.32455,0.995519,-0.285609,-32.5374,-0.579525,-0.909862,3.32864,0.040523,-0.214835,1.35555,-0,0,-0.536947,-0.0417447,0.260983,-1.36422,-0.776845,1.56431,2.3663,0.937774,-4.68279,5.98042,-0.160929,3.11848,-1.46039,0.0417447,-0.260983,-0.0186188,2.64777,0.678939,-1.06029,-0.754746,0.837784,0.0167839,0.785,0.09,True,False
2.835,-0,0,1.43401,-0.0394152,0.228607,20.3987,-0.409957,1.21974,-5.63525,0.994032,-0.309639,-32.1625,-0.584076,-0.910104,3.69825,0.0394152,-0.228607,1.43733,-0,0,-0.473023,-0.0404168,0.270392,-1.39017,-0.768909,1.58927,0.476041,0.915235,-4.29937,6.13487,-0.146326,2.7101,-1.56993,0.0404168,-0.270392,-0.0194812,2.89288,0.80332,-1.07017,-0.745035,0.840101,0.0163193,0.785,0.09,True,False
2.84,-0,0,0.628738,-0.0382369,0.243056,20.9954,-0.403797,1.2446,-3.96583,0.992423,-0.334662,-31.7307,-0.588626,-0.909935,4.08779,0.0382369,-0.243056,1.51976,-0,0,-0.412664,-0.0390408,0.280249,-1.41173,-0.760953,1.57313,-1.36878,0.894781,-3.85177,6.22477,-0.133828,2.27864,-1.66591,0.0390408,-0.280249,-0.0204285,3.14839,0.937258,-1.08013,-0.734434,0.842424,0.0158256,0.785,0.09,True,False
2.845,-0,0,-0.149491,-0.0369847,0.258119,21.5053,-0.397511,1.27,-2.37712,0.990686,-0.360726,-31.261,-0.593175,-0.909274,4.47952,0.0369847,-0.258119,1.59786,-0,0,-0.357578,-0.0376143,0.29059,-1.42794,-0.753177,1.51895,-3.10751,0.876717,-3.34739,6.24375,-0.12354,1.82844,-1.74284,0.0376143,-0.29059,-0.0214393,3.40174,1.07557,-1.09003,-0.722913,0.844759,0.0153018,0.785,0.09,True,False
2.85,-0,0,-0.875648,-0.0356557,0.273714,21.9077,-0.391097,1.29594,-0.934604,0.988816,-0.387884,-30.7783,-0.597719,-0.908057,4.84987,0.0356557,-0.273714,1.66562,-0,0,-0.309238,-0.0361349,0.301442,-1.4379,-0.745763,1.43131,-4.67702,0.861307,-2.79659,6.18525,-0.115544,1.36528,-1.79473,0.0361349,-0.301442,-0.0224924,3.63668,1.21094,-1.09977,-0.710468,0.847108,0.0147466,0.785,0.09,True,False
2.855,-0,0,-1.52575,-0.0342475,0.28975,22.1839,-0.384551,1.32245,0.297605,0.986807,-0.416203,-30.3105,-0.602256,-0.906243,5.17208,0.0342475,-0.28975,1.71647,-0,0,-0.268695,-0.0345999,0.31282,-1.44077,-0.738864,1.31629,-6.01697,0.848751,-2.21272,6.0428,-0.109887,0.896435,-1.81558,0.0345999,-0.31282,-0.0235676,3.83499,1.33487,-1.10924,-0.697127,0.849476,0.0141592,0.785,0.09,True,False
2.86,-0,0,-2.07931,-0.0327582,0.306124,22.3187,-0.377872,1.34957,1.26397,0.984654,-0.445763,-29.8839,-0.606781,-0.903808,5.42038,0.0327582,-0.306124,1.74414,-0,0,-0.236411,-0.0330067,0.324732,-1.43586,-0.7326,1.18132,-7.07598,0.83918,-1.61196,5.81039,-0.106579,0.430638,-1.79991,0.0330067,-0.324732,-0.0246457,3.97916,1.43907,-1.11835,-0.682943,0.851867,0.0135389,0.785,0.09,True,False
2.865,-0,0,-2.52162,-0.0311863,0.322727,22.3016,-0.371056,1.3774,1.92476,0.982349,-0.476657,-29.5186,-0.611294,-0.900747,5.57467,0.0311863,-0.322727,1.74368,-0,0,-0.212158,-0.0313526,0.337174,-1.42263,-0.727051,1.03491,-7.81754,0.832632,-1.01274,5.48284,-0.105581,-0.0221624,-1.74332,0.0313526,-0.337174,-0.0257075,4.05555,1.51711,-1.12702,-0.667995,0.854282,0.0128851,0.785,0.09,True,False
2.87,-0,0,-2.84522,-0.0295309,0.339446,22.1275,-0.364098,1.40606,2.26142,0.979887,-0.508995,-29.224,-0.615789,-0.897063,5.62497,0.0295309,-0.339446,1.71266,-0,0,-0.195005,-0.0296349,0.350135,-1.40075,-0.722251,0.886187,-8.22428,0.829052,-0.43507,5.05602,-0.106801,-0.451118,-1.64289,0.0296349,-0.350135,-0.0267319,4.05745,1.56568,-1.13517,-0.652367,0.856725,0.0121974,0.785,0.09,True,False
2.875,-0,0,-3.05018,-0.0277918,0.35617,21.7971,-0.356995,1.43565,2.27885,0.977259,-0.542893,-28.9962,-0.620264,-0.892757,5.57457,0.0277918,-0.35617,1.6528,-0,0,-0.183427,-0.0278512,0.363591,-1.3701,-0.718189,0.744448,-8.29931,0.828281,0.100442,4.52686,-0.110092,-0.84489,-1.49728,0.0278512,-0.363591,-0.0276911,3.98783,1.58511,-1.14274,-0.636145,0.859197,0.0114758,0.785,0.09,True,False
2.88,-0,0,-3.14289,-0.0259692,0.372783,21.3168,-0.349742,1.46628,2.00381,0.974458,-0.578469,-28.8168,-0.624716,-0.887812,5.44203,0.0259692,-0.372783,1.57252,-0,0,-0.175488,-0.025999,0.377502,-1.33073,-0.714807,0.618619,-8.06402,0.830057,0.57343,3.89318,-0.11525,-1.19205,-1.30656,0.025999,-0.377502,-0.0285435,3.86213,1.57851,-1.14962,-0.6194,0.8617,0.0107203,0.785,0.09,True,False
2.885,-0,0,-3.13329,-0.024064,0.389169,20.6985,-0.342332,1.49802,1.47998,0.971475,-0.615832,-28.6532,-0.629142,-0.88219,5.26313,0.024064,-0.389169,1.49147,-0,0,-0.169062,-0.0240762,0.391799,-1.28283,-0.712003,0.516888,-7.55267,0.834015,0.964501,3.15318,-0.122012,-1.48139,-1.07174,0.0240762,-0.391799,-0.0292213,3.71236,1.5496,-1.1557,-0.602176,0.864235,0.00993117,0.785,0.09,True,False
2.89,-0,0,-3.03056,-0.0220776,0.405197,19.9595,-0.334761,1.53088,0.761339,0.9683,-0.655065,-28.4569,-0.633538,-0.875815,5.09581,0.0220776,-0.405197,1.44944,-0,0,-0.162008,-0.022081,0.406375,-1.22646,-0.709638,0.446451,-6.80443,0.839702,1.25564,2.30485,-0.130064,-1.70209,-0.794095,0.022081,-0.406375,-0.0296112,3.59587,1.49897,-1.16082,-0.584497,0.866801,0.00910903,0.785,0.09,True,False
2.895,-0,0,-2.84209,-0.020012,0.420703,19.1773,-0.327023,1.56478,-0.0420456,0.964924,-0.696211,-28.1281,-0.6379,-0.868566,5.11248,0.020012,-0.420703,1.57741,-0,0,-0.152107,-0.0200124,0.42105,-1.16227,-0.707539,0.413486,-5.90134,0.846572,1.43021,1.39452,-0.139033,-1.8437,-0.490376,0.0200124,-0.42105,-0.0294742,3.69185,1.41983,-1.16473,-0.566361,0.869398,0.00825473,0.785,0.09,True,False
2.9,-0,0,-1.48883,-0.0178705,0.435441,9.84339,-0.319114,1.5994,-11.6085,0.961338,-0.739192,-33.0742,-0.642224,-0.860207,1.20848,0.0178705,-0.435441,-0.127674,-0,0,1.52491,-0.0178705,0.435483,5.06588,-0.705503,0.419277,5.84021,0.854004,1.48497,5.72505,-0.148501,-1.90425,1.15948,0.0178705,-0.435483,-0.284351,0.520142,0.688183,-1.16703,-0.547708,0.872026,0.00736951,0.785,0.09,True,True
2.905,-0,0,-1.36179,-0.0156576,0.449047,8.6568,-0.311029,1.63384,-11.9294,0.957532,-0.783599,-31.7692,-0.646503,-0.850236,1.15661,0.0156576,-0.449047,-0.1982,-0,0,1.39619,-0.0156576,0.449047,4.65561,-0.703346,0.447573,6.55602,0.861422,1.46911,4.40058,-0.158076,-1.91668,1.18439,0.0156576,-0.449047,-0.320112,0.443758,0.712743,-1.16697,-0.528299,0.874682,0.00645526,0.798095,0.0792857,True,True
2.91,-0,0,-1.20595,-0.0133801,0.461172,7.36758,-0.302775,1.66711,-12.2051,0.953502,-0.828913,-30.1613,-0.650726,-0.838192,1.10011,0.0133801,-0.461172,-0.292463,-0,0,1.22349,-0.0133801,0.461172,4.0312,-0.701027,0.479718,7.34483,0.868695,1.43881,3.05336,-0.167667,-1.91853,1.12502,0.0133801,-0.461172,-0.389096,0.34837,0.751662,-1.16383,-0.50792,0.877364,0.0055148,0.81119,0.0685714,True,True
2.915,-0,0,-1.03159,-0.0110459,0.471628,6.04471,-0.294358,1.69875,-12.4086,0.949243,-0.874796,-28.3875,-0.654884,-0.823957,1.0376,0.0110459,-0.471628,-0.394377,-0,0,1.03386,-0.0110459,0.471628,3.28857,-0.698549,0.511629,8.11626,0.87581,1.40584,1.57954,-0.177261,-1.91747,1.04804,0.0110459,-0.471628,-0.469605,0.244615,0.792934,-1.15736,-0.486587,0.880067,0.00455148,0.824286,0.0578571,True,True
2.92,-0,0,-0.846841,-0.00866378,0.480334,4.73781,-0.285788,1.72856,-12.5322,0.944754,-0.920991,-26.5276,-0.658966,-0.80757,0.971696,0.00866378,-0.480334,-0.498176,-0,0,0.839142,-0.00866378,0.480334,2.4691,-0.695911,0.543099,8.82957,0.882753,1.37036,-0.00123012,-0.186842,-1.91346,0.970501,0.00866378,-0.480334,-0.555147,0.137877,0.833789,-1.14754,-0.464389,0.882788,0.00356888,0.837381,0.0471429,True,True
2.925,-0,0,-0.656288,-0.00624256,0.487262,3.47189,-0.277073,1.75639,-12.5736,0.940033,-0.967265,-24.6172,-0.66296,-0.789121,0.904969,0.00624256,-0.487262,-0.602789,-0,0,0.643919,-0.00624256,0.487262,1.58729,-0.693118,0.573938,9.46874,0.889513,1.33259,-1.65951,-0.196396,-1.90653,0.895118,0.00624256,-0.487262,-0.644945,0.0302136,0.874741,-1.13443,-0.441432,0.885523,0.00257067,0.850476,0.0364286,True,True
2.93,-0,0,-0.462092,-0.00379116,0.49241,2.25688,-0.268224,1.78211,-12.5314,0.935081,-1.01338,-22.671,-0.666857,-0.768728,0.838845,0.00379116,-0.49241,-0.708327,-0,0,0.450292,-0.00379116,0.49241,0.648962,-0.690172,0.603966,10.0273,0.896079,1.29281,-3.38237,-0.205907,-1.89678,0.823342,0.00379116,-0.49241,-0.739169,-0.0777312,0.916571,-1.11815,-0.41783,0.888267,0.00156053,0.863571,0.0257143,True,True
2.935,-0,0,-0.265084,-0.00131846,0.495783,1.09512,-0.259252,1.80563,-12.4043,0.929899,-1.05911,-20.6926,-0.670647,-0.74652,0.773994,0.00131846,-0.495783,-0.815332,-0,0,0.259037,-0.00131846,0.495783,-0.34485,-0.687078,0.633009,10.5034,0.902441,1.25128,-5.16593,-0.215363,-1.88429,0.755834,0.00131846,-0.495783,-0.838317,-0.185996,0.959989,-1.09881,-0.393701,0.891017,0.000542136,0.876667,0.015,True,True
2.94,-0,0,-0.065405,0.00116668,0.497385,-0.0142692,-0.250168,1.82684,-12.1909,0.92449,-1.10421,-18.6807,-0.674322,-0.72263,0.710437,-0.00116668,-0.497385,-0.924169,-0,0,0.070268,0.00116668,0.497385,-1.39534,-0.683842,0.660897,10.8967,0.908592,1.20826,-7.0109,-0.22475,-1.86916,0.692602,-0.00116668,-0.497385,-0.942682,-0.294824,1.00526,-1.07656,-0.369169,0.893768,-0.000480865,0.889762,0.00428571,True,True
2.945,-0,0,0.137092,0.00365539,0.497215,-1.07263,-0.240983,1.8456,-11.89,0.918857,-1.1484,-16.6335,-0.677874,-0.697198,0.647366,-0.00365539,-0.497215,-1.03432,-0,0,-0.116167,0.00365539,0.497215,-2.504,-0.680469,0.687458,11.2073,0.914524,1.164,-8.91926,-0.234055,-1.85146,0.632838,-0.00365539,-0.497215,-1.0517,-0.404252,1.05161,-1.05152,-0.344366,0.896516,-0.00150484,0.902857,-0.00642857,True,True
2.95,-0,0,0.342553,0.00613883,0.495269,-2.07945,-0.231712,1.86179,-11.5014,0.913006,-1.19142,-14.5529,-0.681294,-0.670369,0.58267,-0.00613883,-0.495269,-1.1434,-0,0,-0.3004,0.00613883,0.495269,-3.67062,-0.676967,0.712527,11.4345,0.920232,1.11874,-10.8914,-0.243265,-1.83126,0.574457,-0.00613883,-0.495269,-1.16296,-0.513643,1.0963,-1.02382,-0.319431,0.899258,-0.00252614,0.915952,-0.0171429,True,True
2.955,-0,0,0.550839,0.00860808,0.491536,-3.02983,-0.222365,1.87529,-11.0273,0.906943,-1.233,-12.4495,-0.684577,-0.642295,0.51207,-0.00860808,-0.491536,-1.24556,-0,0,-0.482281,0.00860808,0.491536,-4.89067,-0.673344,0.735942,11.5763,0.925711,1.07272,-12.9224,-0.252368,-1.80866,0.513229,-0.00860808,-0.491536,-1.27073,-0.621018,1.13307,-0.993605,-0.294518,0.90199,-0.00354114,0.929048,-0.0278571,True,True
2.96,-0,0,0.761126,0.0110542,0.486007,-3.91093,-0.212959,1.88601,-10.4758,0.900676,-1.27286,-10.3509,-0.687717,-0.613148,0.427697,-0.0110542,-0.486007,-1.3291,-0,0,-0.661003,0.0110542,0.486007,-6.15127,-0.669608,0.757561,11.6294,0.930959,1.0262,-14.9965,-0.261352,-1.78376,0.44138,-0.0110542,-0.486007,-1.36354,-0.722036,1.14971,-0.961028,-0.269795,0.904706,-0.00454615,0.942143,-0.0385714,True,True
2.965,-0,0,0.971275,0.0134681,0.478673,-4.69659,-0.203505,1.89391,-9.86547,0.894214,-1.31079,-8.31365,-0.690709,-0.583124,0.315871,-0.0134681,-0.478673,-1.37259,-0,0,-0.83453,0.0134681,0.478673,-7.42459,-0.665768,0.777276,11.5891,0.935973,0.979457,-17.0778,-0.270205,-1.75673,0.345365,-0.0134681,-0.478673,-1.42042,-0.808377,1.12423,-0.926272,-0.245457,0.907404,-0.00553751,0.955238,-0.0492857,True,True
2.97,-0,0,1.17676,0.0158409,0.469548,-5.33885,-0.194019,1.89914,-9.23465,0.887568,-1.34667,-6.44414,-0.693549,-0.552462,0.153672,-0.0158409,-0.469548,-1.33882,-0,0,-0.998623,0.0158409,0.469548,-8.65701,-0.661835,0.795056,11.4497,0.940754,0.932834,-19.0952,-0.278919,-1.72789,0.202456,-0.0158409,-0.469548,-1.40504,-0.865184,1.01884,-0.889575,-0.221724,0.91008,-0.00651153,0.968333,-0.06,True,True
2.975,-0,0,1.36906,0.0181636,0.458682,-5.7577,-0.184514,1.90208,-8.65482,0.880747,-1.38062,-4.92551,-0.696234,-0.521459,-0.0945263,-0.0181636,-0.458682,-1.16802,-0,0,-1.14513,0.0181636,0.458682,-9.75289,-0.657817,0.811001,11.2078,0.945302,0.886758,-20.9192,-0.287484,-1.69776,-0.0227766,-0.0181636,-0.458682,-1.25886,-0.867934,0.773427,-0.851262,-0.19885,0.912729,-0.00746458,0.981429,-0.0707143,True,True
2.98,-0,0,1.57076,0.0204277,0.446205,-6.10812,-0.174999,1.90355,-8.223,0.873762,-1.41302,-3.65706,-0.698763,-0.490523,-0.374084,-0.0204277,-0.446205,-0.920447,-0,0,-1.23904,0.0204277,0.446205,-10.5461,-0.653725,0.825443,10.9867,0.949621,0.841797,-22.4294,-0.295896,-1.66724,-0.280694,-0.0204277,-0.446205,-1.01436,-0.831834,0.457823,-0.811827,-0.177144,0.915351,-0.00839319,0.994524,-0.0814286,True,True
2.985,-0,0,0.0105351,0.0226257,0.432473,1.23968,-0.165478,1.89007,-1.13826,0.866617,-1.42417,1.6698,-0.701139,-0.465898,-0.082271,-0.0226257,-0.432473,0.0283526,-0,0,-1.62392,0.0226257,0.432385,-19.5951,-0.649563,0.838354,4.24959,0.95372,0.798017,-28.0716,-0.304157,-1.63637,-1.13645,-0.0226257,-0.432385,-2.36052,-0.0206352,-0.0616179,-0.777766,-0.162596,0.917945,-0.00929429,1.005,-0.09,False,True
2.99,-0,0,-0.0662646,0.0247525,0.418198,1.31068,-0.156098,1.8177,-4.75085,0.85952,-1.35194,1.7765,-0.703422,-0.465759,-0.251341,-0.0247525,-0.418198,0.028778,-0,0,-0.102114,0.0247516,0.417643,-19.9365,-0.645341,0.84846,8.60026,0.957601,0.754283,-25.0866,-0.31226,-1.60274,1.33759,-0.0247516,-0.417643,-1.72557,-0.103529,-0.147745,-0.76777,-0.172883,0.920512,-0.0101655,1.005,-0.09,False,True
2.995,-0,0,-0.17145,0.0268077,0.404051,1.38072,-0.147302,1.65782,-8.97743,0.853098,-1.1558,1.86856,-0.705796,-0.502023,-0.445075,-0.0268077,-0.404051,0.0281823,-0,0,1.77278,0.0268021,0.402385,-20.3779,-0.641078,0.854979,13.5388,0.961263,0.710156,-21.9134,-0.320184,-1.56513,3.52323,-0.0268021,-0.402385,-1.51966,-0.19904,-0.245896,-0.794246,-0.21946,0.923057,-0.0110054,1.005,-0.09,False,True
3,-0,0,-0.28639,0.028793,0.390357,1.4441,-0.13952,1.41756,-12.8211,0.847962,-0.845726,1.91386,-0.708442,-0.571837,-0.615406,-0.028793,-0.390357,0.0271048,-0,0,3.60573,0.0287754,0.38688,-20.7462,-0.636791,0.858449,17.8371,0.964703,0.666481,-19.3909,-0.327912,-1.52493,4.79606,-0.0287754,-0.38688,-1.45945,-0.283137,-0.332045,-0.854586,-0.299255,0.925588,-0.0118134,1.005,-0.09,False,True
3.005,-0,0,-0.403069,0.0307112,0.377269,1.50053,-0.133126,1.10851,-16.1495,0.844641,-0.439103,1.91318,-0.711515,-0.669404,-0.753058,-0.0307112,-0.377269,0.0258209,-0,0,5.28081,0.0306709,0.371289,-21.0321,-0.632494,0.85941,21.4292,0.967927,0.623916,-17.4308,-0.335433,-1.48333,5.46545,-0.0306709,-0.371289,-1.45334,-0.351129,-0.401616,-0.943112,-0.406369,0.928111,-0.012589,1.005,-0.09,False,True
3.01,-0,0,-0.515987,0.0325657,0.364843,1.54999,-0.128435,0.742315,-18.9429,0.843571,0.0454315,1.87023,-0.715136,-0.787746,-0.854045,-0.0325657,-0.364843,0.0245001,-0,0,6.74215,0.0324883,0.355705,-21.2529,-0.628197,0.858265,24.3613,0.970942,0.582861,-15.9127,-0.342745,-1.44113,5.80272,-0.0324883,-0.355705,-1.46633,-0.401007,-0.452636,-1.05289,-0.533794,0.930635,-0.0133323,1.005,-0.09,False,True
3.015,-0,0,-0.620493,0.0343597,0.353063,1.59219,-0.125703,0.330853,-21.1877,0.845095,0.58799,1.78829,-0.719392,-0.918843,-0.915253,-0.0343597,-0.353063,0.0232617,-0,0,7.95535,0.0342279,0.340177,-21.4287,-0.623911,0.855349,26.656,0.973756,0.543567,-14.7804,-0.349845,-1.39892,5.95558,-0.0342279,-0.340177,-1.48332,-0.431234,-0.483537,-1.1759,-0.673524,0.933166,-0.0140433,1.005,-0.09,False,True
3.02,-0,0,-0.712822,0.0360963,0.341862,1.62675,-0.125126,-0.113936,-22.8831,0.849451,1.16788,1.67087,-0.724325,-1.05394,-0.935057,-0.0360963,-0.341862,0.0221908,-0,0,8.90335,0.0358901,0.324724,-21.5778,-0.619644,0.850961,28.3323,0.976378,0.506192,-14.0073,-0.356734,-1.35715,6.00159,-0.0358901,-0.324724,-1.49912,-0.441032,-0.493476,-1.30333,-0.81685,0.935709,-0.0147221,1.005,-0.09,False,True
3.025,-0,0,-0.790191,0.0377783,0.331141,1.65325,-0.126842,-0.580349,-24.0456,0.856774,1.76433,1.52213,-0.729932,-1.18399,-0.91371,-0.0377783,-0.331141,0.0213466,-0,0,9.58381,0.0374752,0.309345,-21.7148,-0.615402,0.845383,29.4178,0.978818,0.470834,-13.5735,-0.363416,-1.31622,5.98207,-0.0374752,-0.309345,-1.51284,-0.430565,-0.482552,-1.42607,-0.954792,0.938269,-0.0153689,1.005,-0.09,False,True
3.03,-0,0,-0.850878,0.0394077,0.320775,1.67132,-0.13093,-1.05732,-24.7099,0.867094,2.35748,1.34702,-0.736165,-1.30015,-0.85345,-0.0394077,-0.320775,0.0207682,-0,0,10.0069,0.0389836,0.294025,-21.8495,-0.61119,0.838882,29.9548,0.981086,0.437544,-13.4537,-0.369896,-1.27643,5.92122,-0.0389836,-0.294025,-1.52484,-0.40098,-0.45186,-1.53518,-1.0786,0.940851,-0.0159839,1.005,-0.09,False,True
3.035,-0,0,-0.894216,0.040986,0.310623,1.68065,-0.137415,-1.53484,-24.9266,0.880348,2.92916,1.15116,-0.742933,-1.39432,-0.758283,-0.040986,-0.310623,0.0204782,-0,0,10.1929,0.0404154,0.27874,-21.9861,-0.607013,0.831711,29.9998,0.983193,0.406334,-13.6137,-0.37618,-1.23805,5.83558,-0.0404154,-0.27874,-1.53543,-0.354296,-0.403394,-1.62244,-1.18025,0.943456,-0.0165673,1.005,-0.09,False,True
3.04,-0,0,-0.920488,0.0425139,0.300539,1.68108,-0.146278,-2.00425,-24.7574,0.896386,3.46374,0.940456,-0.750108,-1.45948,-0.633534,-0.0425139,-0.300539,0.0204852,-0,0,10.1687,0.041771,0.263467,-22.1244,-0.602873,0.824106,29.62,0.98515,0.377186,-14.0114,-0.382277,-1.20129,5.73777,-0.041771,-0.263467,-1.54447,-0.293171,-0.339824,-1.68072,-1.25283,0.946086,-0.017119,1.005,-0.09,False,True
3.045,-0,0,-0.930728,0.0439914,0.290373,1.67258,-0.157458,-2.45843,-24.2683,0.914986,3.94845,0.720723,-0.757528,-1.49002,-0.485272,-0.0439914,-0.290373,0.0207868,-0,0,9.96519,0.0430501,0.248181,-22.2607,-0.598772,0.816282,28.8864,0.986965,0.350051,-14.6009,-0.388193,-1.16633,5.63721,-0.0430501,-0.248181,-1.55147,-0.220621,-0.264203,-1.70427,-1.29079,0.948741,-0.0176394,1.005,-0.09,False,True
3.05,-0,0,-0.926468,0.0454177,0.279983,1.65533,-0.170862,-2.89183,-23.5241,0.93587,4.37361,0.497242,-0.765008,-1.48178,-0.319742,-0.0454177,-0.279983,0.021371,-0,0,9.61335,0.0442528,0.232863,-22.3893,-0.59471,0.808434,27.8676,0.98865,0.324858,-15.337,-0.39394,-1.13329,5.53988,-0.0442528,-0.232863,-1.55588,-0.139736,-0.179688,-1.68884,-1.29009,0.951423,-0.0181283,1.005,-0.09,False,True
3.055,-0,0,-0.909488,0.0467912,0.269233,1.62969,-0.186376,-3.30031,-22.5827,0.958722,4.73243,0.274485,-0.772346,-1.43211,-0.142917,-0.0467912,-0.269233,0.0222181,-0,0,9.14233,0.0453787,0.217503,-22.5034,-0.590688,0.800738,26.6249,0.990214,0.301521,-16.1794,-0.399526,-1.10226,5.44813,-0.0453787,-0.217503,-1.55729,-0.0534568,-0.089308,-1.63165,-1.24814,0.954129,-0.018586,1.005,-0.09,False,True
3.06,-0,0,-0.88159,0.04811,0.257999,1.59629,-0.203866,-3.68099,-21.4926,0.983195,5.02069,0.0559751,-0.779329,-1.3397,0.0397982,-0.04811,-0.257999,0.0233023,-0,0,8.57751,0.0464278,0.202096,-22.596,-0.586703,0.793355,25.2092,0.991665,0.27994,-17.094,-0.404962,-1.0733,5.36103,-0.0464278,-0.202096,-1.55557,0.0355669,0.00418271,-1.53126,-1.1637,0.95686,-0.0190125,1.005,-0.09,False,True
3.065,-0,0,-0.84443,0.0493712,0.246171,1.55594,-0.223186,-4.03191,-20.2911,1.00893,5.23634,-0.155707,-0.785743,-1.20443,0.223695,-0.0493712,-0.246171,0.0245921,-0,0,7.93969,0.0473997,0.186646,-22.6604,-0.582754,0.786432,23.6598,0.993013,0.260006,-18.0545,-0.410259,-1.04644,5.27519,-0.0473997,-0.186646,-1.55083,0.125041,0.0983738,-1.38748,-1.03672,0.959613,-0.0194079,1.005,-0.09,False,True
3.07,-0,0,-0.799407,0.0505717,0.233657,1.50971,-0.244185,-4.35182,-19.0049,1.03556,5.37901,-0.358807,-0.791373,-1.02719,0.404761,-0.0505717,-0.233657,0.026051,-0,0,7.24497,0.0482943,0.171166,-22.6904,-0.578838,0.780109,22.0048,0.994265,0.241604,-19.0413,-0.415427,-1.02171,5.18579,-0.0482943,-0.171166,-1.54329,0.213027,0.191199,-1.20109,-0.868131,0.962386,-0.0197722,1.005,-0.09,False,True
3.075,-0,0,-0.747603,0.0517078,0.220385,1.45881,-0.266704,-4.6399,-17.6508,1.06272,5.44961,-0.552207,-0.796015,-0.809708,0.579601,-0.0517078,-0.220385,0.027638,-0,0,6.50523,0.0491114,0.155676,-22.6804,-0.574953,0.774516,20.263,0.995429,0.224614,-20.04,-0.420476,-0.999131,5.08759,-0.0491114,-0.155676,-1.53316,0.297898,0.280897,-0.973779,-0.659714,0.965178,-0.0201058,1.005,-0.09,False,True
3.08,-0,0,-0.689778,0.0527756,0.206301,1.40462,-0.290584,-4.89554,-16.2381,1.09005,5.44997,-0.735213,-0.799471,-0.554431,0.745311,-0.0527756,-0.206301,0.0293077,-0,0,5.72885,0.049851,0.140207,-22.6251,-0.571093,0.769781,18.4455,0.996511,0.208916,-21.0408,-0.425418,-0.978697,4.97559,-0.049851,-0.140207,-1.52059,0.378275,0.365949,-0.707925,-0.413936,0.967986,-0.0204087,1.005,-0.09,False,True
3.085,-0,0,-0.626386,0.0537708,0.191378,1.34859,-0.31566,-5.11817,-14.7703,1.11722,5.38257,-0.907329,-0.801559,-0.264399,0.899358,-0.0537708,-0.191378,0.0310106,-0,0,4.92166,0.0505134,0.124795,-22.5196,-0.567255,0.766022,16.5585,0.997518,0.194383,-22.0361,-0.430263,-0.960405,4.84557,-0.0505134,-0.124795,-1.50558,0.45297,0.445021,-0.40655,-0.133857,0.970809,-0.0206814,1.005,-0.09,False,True
3.09,-0,0,-0.557624,0.0546893,0.175613,1.29222,-0.341765,-5.30719,-13.247,1.14388,5.25037,-1.06806,-0.802115,0.0568211,1.03947,-0.0546893,-0.175613,0.0326938,-0,0,4.08793,0.051099,0.109486,-22.3593,-0.563433,0.763352,14.605,0.998455,0.180888,-23.0198,-0.435022,-0.94424,4.69436,-0.051099,-0.109486,-1.48796,0.520925,0.516913,-0.0732237,0.176948,0.973644,-0.0209239,1.005,-0.09,False,True
3.095,-0,0,-0.483505,0.0555269,0.159029,1.23696,-0.368731,-5.46183,-11.6658,1.16972,5.05664,-1.21676,-0.800991,0.405188,1.16359,-0.0555269,-0.159029,0.034302,-0,0,3.2312,0.0516083,0.0943299,-22.1401,-0.559622,0.761874,12.5875,0.999327,0.1683,-23.9863,-0.439706,-0.930174,4.52008,-0.0516083,-0.0943299,-1.46738,0.581181,0.580527,0.287982,0.514444,0.976488,-0.0211369,1.005,-0.09,False,True
3.1,-0,0,-0.403939,0.0562796,0.141677,1.18415,-0.396384,-5.58118,-10.0244,1.19445,4.80495,-1.35243,-0.798063,0.776231,1.26982,-0.0562796,-0.141677,0.0357793,-0,0,2.35514,0.0520423,0.0793864,-21.8582,-0.555814,0.761681,10.5088,1.00014,0.156484,-24.9295,-0.444324,-0.918165,4.32222,-0.0520423,-0.0793864,-1.44335,0.632856,0.634864,0.672537,0.874177,0.979339,-0.0213207,1.005,-0.09,False,True
3.105,-0,0,-0.31883,0.0569437,0.123636,1.13497,-0.424543,-5.66421,-8.32145,1.21777,4.49912,-1.47369,-0.793228,1.16508,1.35645,-0.0569437,-0.123636,0.0370708,-0,0,1.46415,0.0524021,0.0647187,-21.5113,-0.552005,0.762847,8.37426,1.00089,0.145305,-25.8427,-0.448887,-0.908153,4.10165,-0.0524021,-0.0647187,-1.41537,0.675152,0.679028,1.07549,1.25131,0.982194,-0.021476,1.005,-0.09,False,True
3.11,-0,0,-0.228176,0.057516,0.105013,1.09036,-0.453026,-5.70977,-6.55821,1.23944,4.14323,-1.57863,-0.786412,1.56654,1.42203,-0.057516,-0.105013,0.0381252,-0,0,0.563855,0.0526895,0.0503941,-21.0979,-0.548186,0.765429,6.19253,1.00159,0.134626,-26.7186,-0.453405,-0.900055,3.86067,-0.0526895,-0.0503941,-1.38297,0.707374,0.712259,1.49152,1.6407,0.985051,-0.0216033,1.005,-0.09,False,True
3.115,-0,0,-0.132169,0.0579938,0.0859346,1.05102,-0.481641,-5.71675,-4.7394,1.2592,3.74162,-1.66485,-0.777563,1.97513,1.4654,-0.0579938,-0.0859346,0.0388975,-0,0,-0.338655,0.0529061,0.036482,-20.6187,-0.54435,0.769457,3.97626,1.00224,0.124308,-27.549,-0.457888,-0.893765,3.60288,-0.0529061,-0.036482,-1.34592,0.72896,0.733975,1.91502,2.0369,0.987907,-0.0217033,1.005,-0.09,False,True
3.12,-0,0,-0.0312848,0.0583753,0.066552,1.01734,-0.510193,-5.68413,-2.87396,1.27685,3.29898,-1.72941,-0.766661,2.38516,1.48582,-0.0583753,-0.066552,0.0393518,-0,0,-1.23472,0.0530543,0.0230508,-20.0769,-0.540491,0.774937,1.74241,1.00283,0.114215,-28.3258,-0.462343,-0.889152,3.3331,-0.0530543,-0.0230508,-1.3043,0.739527,0.743814,2.34016,2.43432,0.990758,-0.0217769,1.005,-0.09,False,True
3.125,-0,0,0.0736565,0.0586594,0.0470295,0.989434,-0.538482,-5.61114,-0.97541,1.29219,2.82026,-1.76894,-0.753711,2.79088,1.48303,-0.0586594,-0.0470295,0.0394634,-0,0,-2.1143,0.0531366,0.0101652,-19.4783,-0.536601,0.781845,-0.487857,1.00338,0.104216,-29.0415,-0.466779,-0.886061,3.0571,-0.0531366,-0.0101652,-1.25859,0.738908,0.741681,2.76103,2.82729,0.993604,-0.021825,1.005,-0.09,False,True
3.13,-0,0,0.181458,0.0588456,0.0275406,0.967176,-0.566305,-5.49737,0.938076,1.30506,2.31078,-1.77973,-0.738752,3.18659,1.45731,-0.0588456,-0.0275406,0.0392212,-0,0,-2.96628,0.0531559,-0.00211731,-18.8321,-0.532673,0.790128,-2.68982,1.00388,0.0941834,-29.6894,-0.471204,-0.884311,2.78128,-0.0531559,0.00211731,-1.20976,0.727194,0.727775,3.17176,3.2102,0.99644,-0.0218485,1.005,-0.09,False,True
3.135,-0,0,0.290556,0.0589348,0.0082609,0.950239,-0.593456,-5.34288,2.84403,1.3153,1.77612,-1.75793,-0.721846,3.56676,1.40957,-0.0589348,-0.0082609,0.0386289,-0,0,-3.77902,0.0531154,-0.0137497,-18.1504,-0.5287,0.799702,-4.83621,1.00432,0.0840038,-30.2649,-0.475622,-0.883706,2.51225,-0.0531154,0.0137497,-1.15917,0.704752,0.702609,3.56667,3.57761,0.999263,-0.0218484,1.005,-0.09,False,True
3.14,-0,0,0.39908,0.0589282,-0.0106398,0.938168,-0.619734,-5.14837,4.71642,1.32282,1.22215,-1.69976,-0.703084,3.92621,1.34126,-0.0589282,0.0106398,0.0377049,-0,0,-4.54101,0.0530184,-0.0246992,-17.4485,-0.524676,0.810461,-6.89847,1.00472,0.0735741,-30.766,-0.480041,-0.884035,2.25638,-0.0530184,0.0246992,-1.10847,0.67223,0.666999,3.94044,3.92444,1.00207,-0.0218259,1.005,-0.09,False,True
3.145,-0,0,0.504943,0.0588284,-0.0290046,0.930446,-0.64494,-4.91518,6.52668,1.32752,0.654951,-1.60177,-0.682583,4.26023,1.25441,-0.0588284,0.0290046,0.0364822,-0,0,-5.24149,0.0528684,-0.0349501,-16.7441,-0.520595,0.822279,-8.84832,1.00506,0.0628072,-31.1934,-0.484463,-0.885086,2.01932,-0.0528684,0.0349501,-1.05948,0.630544,0.622032,4.28823,4.24609,1.00486,-0.0217819,1.005,-0.09,False,True
3.15,-0,0,0.605976,0.0586382,-0.046696,0.926569,-0.668885,-4.64541,8.24508,1.32937,0.0807113,-1.46107,-0.660482,4.5647,1.15145,-0.0586382,0.046696,0.0350058,-0,0,-5.87111,0.0526689,-0.0445064,-16.0565,-0.516453,0.835018,-10.6592,1.00534,0.0516331,-31.5509,-0.488892,-0.886651,1.80575,-0.0526689,0.0445064,-1.01389,0.58083,0.569013,4.60582,4.53853,1.00763,-0.0217175,1.005,-0.09,False,True
3.155,-0,0,0.700062,0.0583614,-0.0636018,0.926094,-0.691394,-4.3419,9.8421,1.32833,-0.494308,-1.27568,-0.636936,4.83621,1.03517,-0.0583614,0.0636018,0.0333302,-0,0,-6.42246,0.0524234,-0.0533927,-15.4056,-0.512245,0.848538,-12.3077,1.00557,0.0399994,-31.8448,-0.493329,-0.888538,1.61912,-0.0524234,0.0533927,-0.973166,0.524392,0.509392,4.88972,4.79842,1.01038,-0.0216339,1.005,-0.09,False,True
3.16,-0,0,0.78528,0.0580022,-0.0796384,0.928675,-0.712304,-4.00818,11.2899,1.32442,-1.06389,-1.04466,-0.61212,5.07207,0.908458,-0.0580022,0.0796384,0.0315159,-0,0,-6.89036,0.052135,-0.061655,-14.8109,-0.507968,0.862706,-13.7743,1.00574,0.0278709,-32.0839,-0.497777,-0.890577,1.46172,-0.052135,0.061655,-0.93837,0.462622,0.444678,5.13721,5.02315,1.0131,-0.021532,1.005,-0.09,False,True
3.165,-0,0,0.86002,0.057565,-0.094753,0.93408,-0.731476,-3.64845,12.5635,1.31769,-1.62192,-0.768332,-0.586216,5.27037,0.774219,-0.057565,0.094753,0.0296254,-0,0,-7.27197,0.0518068,-0.0693596,-14.2903,-0.503618,0.8774,-15.0445,1.00585,0.015228,-32.278,-0.502235,-0.892628,1.33475,-0.0518068,0.0693596,-0.910127,0.396922,0.376359,5.34634,5.21085,1.0158,-0.0214127,1.005,-0.09,False,True
3.17,-0,0,0.923061,0.0570546,-0.108924,0.94218,-0.748789,-3.26742,13.6419,1.3082,-2.16251,-0.448349,-0.559416,5.42993,0.635171,-0.0570546,0.108924,0.0277198,-0,0,-7.56666,0.0514414,-0.076591,-13.8594,-0.499194,0.892524,-16.1084,1.0059,0.00206375,-32.4374,-0.506703,-0.894588,1.23864,-0.0514414,0.076591,-0.888657,0.328625,0.305815,5.51593,5.36036,1.01847,-0.0212768,1.005,-0.09,False,True
3.175,-0,0,0.973614,0.0564758,-0.122158,0.952934,-0.76415,-2.87025,14.5086,1.29607,-2.67998,-0.0877157,-0.531916,5.55023,0.493721,-0.0564758,0.122158,0.0258554,-0,0,-7.77562,0.0510409,-0.0834489,-13.5306,-0.494693,0.908004,-16.9608,1.00587,-0.0116197,-32.572,-0.511181,-0.896384,1.17324,-0.0510409,0.0834489,-0.873873,0.258926,0.234257,5.64549,5.47117,1.02111,-0.0211248,1.005,-0.09,False,True
3.18,-0,0,1.01132,0.0558331,-0.134489,0.966353,-0.777491,-2.46236,15.152,1.28141,-3.16897,0.309295,-0.503914,5.63132,0.351863,-0.0558331,0.134489,0.0240816,-0,0,-7.90141,0.0506069,-0.0900444,-13.3125,-0.490114,0.923797,-17.6007,1.00578,-0.0258147,-32.6902,-0.515667,-0.897983,1.13801,-0.0506069,0.0900444,-0.865503,0.188825,0.162675,5.73511,5.54334,1.02372,-0.0209574,1.005,-0.09,False,True
3.185,-0,0,1.0362,0.0551309,-0.145973,0.982472,-0.788773,-2.04931,15.5651,1.26438,-3.62442,0.737292,-0.475603,5.67373,0.211113,-0.0551309,0.145973,0.0224391,-0,0,-7.94734,0.0501405,-0.0964962,-13.2105,-0.485455,0.939887,-18.0301,1.00562,-0.0405121,-32.7988,-0.520161,-0.899375,1.13213,-0.0501405,0.0964962,-0.863199,0.119098,0.0918084,5.78537,5.57735,1.0263,-0.0207747,1.005,-0.09,False,True
3.19,-0,0,1.04861,0.0543733,-0.156684,1.00132,-0.797985,-1.63671,15.7453,1.24516,-4.04159,1.18997,-0.447176,5.6783,0.0724839,-0.0543733,0.156684,0.02096,-0,0,-7.91686,0.049642,-0.102926,-13.2258,-0.480715,0.956285,-18.2535,1.00538,-0.0557049,-32.902,-0.524661,-0.90058,1.15446,-0.049642,0.102926,-0.866622,0.0502756,0.0221407,5.79719,5.57401,1.02884,-0.0205768,1.005,-0.09,False,True
3.195,-0,0,1.04915,0.0535641,-0.166709,1.02288,-0.805141,-1.23005,15.6934,1.22396,-4.41602,1.66036,-0.41882,5.64606,-0.0634949,-0.0535641,0.166709,0.0196675,-0,0,-7.81313,0.0491112,-0.109455,-13.3567,-0.475892,0.973023,-18.2768,1.00506,-0.071391,-33.002,-0.529167,-0.901632,1.20356,-0.0491112,0.109455,-0.875487,-0.0173485,-0.046092,5.77168,5.53431,1.03136,-0.0203636,1.005,-0.09,False,True
3.2,-0,0,1.03861,0.0527063,-0.176145,1.0471,-0.810285,-0.834631,15.4135,1.201,-4.74353,2.14109,-0.390716,5.57816,-0.196732,-0.0527063,0.176145,0.0185771,-0,0,-7.63857,0.0485474,-0.116202,-13.5983,-0.470984,0.990151,-18.1065,1.00466,-0.0875755,-33.0986,-0.533677,-0.902575,1.27773,-0.0485474,0.116202,-0.889587,-0.0836981,-0.112873,5.71005,5.45933,1.03385,-0.0201349,1.005,-0.09,False,True
3.205,-0,0,1.01787,0.0518026,-0.185094,1.07384,-0.813487,-0.455521,14.9116,1.17653,-5.02019,2.62461,-0.363038,5.47571,-0.327496,-0.0518026,0.185094,0.0176976,-0,0,-7.39474,0.0479492,-0.123276,-13.9432,-0.46599,1.00773,-17.7492,1.00418,-0.104272,-33.1893,-0.538192,-0.903458,1.37513,-0.0479492,0.123276,-0.908817,-0.148877,-0.178364,5.6135,5.35011,1.03631,-0.0198901,1.005,-0.09,False,True
3.21,-0,0,0.987864,0.0508553,-0.193662,1.1029,-0.81484,-0.097465,14.1958,1.1508,-5.24223,3.10344,-0.335959,5.3397,-0.456316,-0.0508553,0.193662,0.0170322,-0,0,-7.08234,0.0473146,-0.130778,-14.3823,-0.460907,1.02583,-17.2108,1.00362,-0.121502,-33.2695,-0.542712,-0.904324,1.49413,-0.0473146,0.130778,-0.933195,-0.213124,-0.242857,5.48312,5.2076,1.03874,-0.0196285,1.005,-0.09,False,True
3.215,-0,0,0.949557,0.049866,-0.201956,1.13398,-0.814462,0.235129,13.2753,1.1241,-5.40612,3.57038,-0.309642,5.17099,-0.583867,-0.049866,0.201956,0.0165795,-0,0,-6.70144,0.0466414,-0.138801,-14.9047,-0.455732,1.04451,-16.4973,1.00297,-0.139298,-33.3328,-0.547236,-0.905209,1.63369,-0.0466414,0.138801,-0.962891,-0.276751,-0.306711,5.31984,5.03258,1.04115,-0.0193492,1.005,-0.09,False,True
3.22,-0,0,0.903919,0.0488358,-0.210078,1.16671,-0.812489,0.538224,12.1608,1.09674,-5.50848,4.01856,-0.284249,4.97026,-0.710835,-0.0488358,0.210078,0.0163348,-0,0,-6.25189,0.0459266,-0.147421,-15.4982,-0.450462,1.06383,-15.614,1.00223,-0.157697,-33.3709,-0.551764,-0.906133,1.79376,-0.0459266,0.147421,-0.998255,-0.340082,-0.370288,5.12442,4.82564,1.04354,-0.0190514,1.005,-0.09,False,True
3.225,-0,0,0.851947,0.0477652,-0.218129,1.20059,-0.809079,0.808175,10.8651,1.06902,-5.54617,4.44158,-0.259939,4.738,-0.83777,-0.0477652,0.218129,0.0162901,-0,0,-5.73392,0.0451672,-0.156705,-16.1497,-0.445094,1.08385,-14.567,1.00139,-0.176745,-33.3742,-0.556297,-0.9071,1.97569,-0.0451672,0.156705,-1.0398,-0.403377,-0.433876,4.89743,4.58723,1.0459,-0.0187338,1.005,-0.09,False,True
3.23,-0,0,0.794679,0.0466545,-0.226207,1.23508,-0.804407,1.04177,9.40295,1.04128,-5.51637,4.83346,-0.236869,4.4746,-0.964925,-0.0466545,0.226207,0.0164351,-0,0,-5.14887,0.0443596,-0.166702,-16.845,-0.439624,1.10458,-13.3641,1.00046,-0.19649,-33.3323,-0.560835,-0.908094,2.18219,-0.0443596,0.166702,-1.08815,-0.466749,-0.497614,4.63933,4.31767,1.04825,-0.0183953,1.005,-0.09,False,True
3.235,-0,0,0.733244,0.0455031,-0.234402,1.26951,-0.798662,1.2363,7.79321,1.01385,-5.41673,5.18859,-0.215193,4.18043,-1.09208,-0.0455031,0.234402,0.016757,-0,0,-4.49994,0.0435002,-0.177449,-17.569,-0.434048,1.12606,-12.0159,0.999426,-0.216985,-33.2348,-0.565378,-0.909077,2.4171,-0.0435002,0.177449,-1.1439,-0.530085,-0.561398,4.35055,4.01726,1.05058,-0.0180345,1.005,-0.09,False,True
3.24,-0,0,0.668894,0.0443105,-0.242796,1.30313,-0.792044,1.3896,6.05955,0.987109,-5.24556,5.50161,-0.195064,3.85596,-1.21838,-0.0443105,0.242796,0.0172408,-0,0,-3.79302,0.0425851,-0.188965,-18.3054,-0.428363,1.14827,-10.5383,0.998289,-0.238279,-33.0725,-0.569926,-0.909992,2.68452,-0.0425851,0.188965,-1.20738,-0.592946,-0.624801,4.03163,3.68642,1.05291,-0.0176501,1.005,-0.09,False,True
3.245,-0,0,0.603037,0.0430752,-0.251466,1.33513,-0.784766,1.50024,4.2322,0.961399,-5.00219,5.76722,-0.176633,3.50195,-1.34212,-0.0430752,0.251466,0.0178697,-0,0,-3.03743,0.0416105,-0.201253,-19.0366,-0.422565,1.17119,-8.95417,0.997043,-0.260424,-32.8391,-0.574478,-0.910766,2.98741,-0.0416105,0.201253,-1.27839,-0.65449,-0.686982,3.68339,3.32586,1.05522,-0.0172407,1.005,-0.09,False,True
3.25,-0,0,0.537251,0.0417958,-0.260479,1.36463,-0.777042,1.56762,2.34918,0.937087,-4.68731,5.98002,-0.160045,3.11969,-1.46068,-0.0417958,0.260479,0.0186249,-0,0,-2.24642,0.0405726,-0.214299,-19.7437,-0.416651,1.19478,-7.29542,0.995684,-0.283466,-32.5326,-0.579033,-0.911313,3.32587,-0.0405726,0.214299,-1.35588,-0.713396,-0.74662,3.30716,2.93682,1.05754,-0.0168049,1.005,-0.09,False,True
3.255,-0,0,0.473248,0.0404704,-0.269891,1.39068,-0.769089,1.59218,0.456994,0.914526,-4.30341,6.13434,-0.145436,2.71122,-1.57037,-0.0404704,0.269891,0.0194861,-0,0,-1.43735,0.0394675,-0.228072,-20.4065,-0.410617,1.21899,-5.6041,0.994208,-0.307452,-32.1575,-0.583591,-0.911541,3.69525,-0.0394675,0.228072,-1.43761,-0.767829,-0.801875,2.90504,2.52132,1.05986,-0.0163413,1.005,-0.09,False,True
3.26,-0,0,0.412809,0.0390969,-0.27975,1.41234,-0.76112,1.5756,-1.38975,0.894053,-3.85523,6.22413,-0.132933,2.27963,-1.66652,-0.0390969,0.27975,0.0204321,-0,0,-0.631385,0.0382918,-0.242523,-21.0038,-0.404461,1.24378,-3.93264,0.99261,-0.332425,-31.7254,-0.588149,-0.911359,4.08461,-0.0382918,0.242523,-1.51997,-0.815454,-0.850406,2.48014,2.0824,1.06218,-0.0158487,1.005,-0.09,False,True
3.265,-0,0,0.357647,0.0376729,-0.290093,1.42865,-0.753333,1.52094,-3.13026,0.875974,-3.3502,6.24302,-0.12264,1.82926,-1.74361,-0.0376729,0.290093,0.0214414,-0,0,0.147528,0.0370423,-0.257587,-21.5142,-0.39818,1.26912,-2.34202,0.990884,-0.358435,-31.2553,-0.592705,-0.910687,4.47622,-0.0370423,0.257587,-1.59803,-0.853522,-0.889454,2.03683,1.62438,1.06452,-0.0153259,1.005,-0.09,False,True
3.27,-0,0,0.309244,0.0361959,-0.300945,1.4387,-0.74591,1.43278,-4.70122,0.860551,-2.79866,6.18444,-0.11464,1.36588,-1.79565,-0.0361959,0.300945,0.0224928,-0,0,0.874266,0.035716,-0.273184,-21.917,-0.39177,1.295,-0.897878,0.989026,-0.385535,-30.7722,-0.597256,-0.909462,4.84653,-0.035716,0.273184,-1.66575,-0.879035,-0.916008,1.58092,1.15304,1.06686,-0.0147718,1.005,-0.09,False,True
3.275,-0,0,0.268659,0.0346634,-0.312323,1.44165,-0.739005,1.31722,-6.04209,0.847987,-2.21401,6.0419,-0.108981,0.896797,-1.81659,-0.0346634,0.312323,0.0235661,-0,0,1.52476,0.0343105,-0.289222,-22.1935,-0.38523,1.32143,0.335448,0.987029,-0.413791,-30.3041,-0.601799,-0.907641,5.16879,-0.0343105,0.289222,-1.71658,-0.888989,-0.927048,1.11971,0.675639,1.06923,-0.0141855,1.005,-0.09,False,True
3.28,-0,0,0.236362,0.0330727,-0.324233,1.43682,-0.732738,1.18169,-7.10133,0.838411,-1.61243,5.8094,-0.105672,0.430736,-1.80097,-0.0330727,0.324233,0.024642,-0,0,2.07845,0.0328238,-0.305597,-22.3284,-0.378556,1.34848,1.30225,0.984888,-0.443281,-29.8774,-0.606332,-0.905202,5.41718,-0.0328238,0.305597,-1.74424,-0.880654,-0.919816,0.661938,0.200926,1.07162,-0.0135663,1.005,-0.09,False,True
3.285,-0,0,0.212124,0.0314211,-0.336673,1.42365,-0.727189,1.03472,-7.84232,0.831863,-1.01239,5.48173,-0.104674,-0.0223346,-1.74438,-0.0314211,0.336673,0.0257015,-0,0,2.52057,0.0312545,-0.322201,-22.3112,-0.371745,1.37624,1.96266,0.982596,-0.474102,-29.5121,-0.610851,-0.90214,5.57161,-0.0312545,0.322201,-1.74378,-0.851843,-0.892096,0.217578,-0.261133,1.07404,-0.0129135,1.005,-0.09,False,True
3.29,-0,0,0.195018,0.029706,-0.349631,1.40181,-0.722391,0.885477,-8.24763,0.828287,-0.433928,5.05477,-0.105896,-0.451549,-1.64388,-0.029706,0.349631,0.0267235,-0,0,2.84364,0.0296017,-0.338921,-22.1366,-0.364793,1.40482,2.29808,0.980147,-0.50636,-29.2178,-0.615353,-0.898458,5.62207,-0.0296017,0.338921,-1.71278,-0.801111,-0.842395,-0.202518,-0.699666,1.07648,-0.0122269,1.005,-0.09,False,True
3.295,-0,0,0.183511,0.0279248,-0.363082,1.37118,-0.718334,0.743252,-8.32038,0.827523,0.102302,4.52547,-0.109189,-0.845554,-1.49813,-0.0279248,0.363082,0.0276804,-0,0,3.04774,0.0278653,-0.355644,-21.8057,-0.357697,1.43433,2.31344,0.977532,-0.540173,-28.9903,-0.619836,-0.894157,5.57187,-0.0278653,0.355644,-1.65296,-0.727818,-0.770016,-0.587017,-1.1033,1.07895,-0.0115064,1.005,-0.09,False,True
3.3,-0,0,0.175661,0.0260752,-0.376986,1.33181,-0.714959,0.616999,-8.08208,0.82931,0.575906,3.89164,-0.114351,-1.1929,-1.30722,-0.0260752,0.376986,0.0285306,-0,0,3.13931,0.0260453,-0.372256,-21.3246,-0.35045,1.46488,2.03559,0.974745,-0.575657,-28.8115,-0.624295,-0.889221,5.43957,-0.0260453,0.372256,-1.57274,-0.632041,-0.674956,-0.924506,-1.46058,1.08146,-0.0107519,1.005,-0.09,False,True
3.305,-0,0,0.169333,0.0241549,-0.391277,1.28388,-0.712164,0.514917,-7.56711,0.833282,0.967467,3.1515,-0.121119,-1.48238,-1.07218,-0.0241549,0.391277,0.0292067,-0,0,3.12837,0.0241427,-0.388639,-20.7053,-0.343048,1.49653,1.50833,0.971776,-0.612921,-28.6486,-0.628728,-0.883612,5.26085,-0.0241427,0.388639,-1.49173,-0.51435,-0.557671,-1.20382,-1.76023,1.08399,-0.00996386,1.005,-0.09,False,True
3.31,-0,0,0.162377,0.0221624,-0.405846,1.22746,-0.709809,0.444217,-6.81479,0.838984,1.25895,2.30305,-0.129175,-1.70317,-0.7943,-0.0221624,0.405846,0.0295956,-0,0,3.02419,0.0221589,-0.404664,-19.9652,-0.335485,1.5293,0.785757,0.968616,-0.652049,-28.4532,-0.633131,-0.877254,5.09349,-0.0221589,0.404664,-1.44967,-0.375474,-0.418725,-1.41422,-1.99136,1.08656,-0.00914279,1.005,-0.09,False,True
3.315,-0,0,0.152561,0.0200965,-0.420513,1.1632,-0.707722,0.411084,-5.90748,0.845872,1.43371,1.39263,-0.13815,-1.8448,-0.490348,-0.0200965,0.420513,0.0294586,-0,0,2.83432,0.0200961,-0.420164,-19.1817,-0.327755,1.56311,-0.0217765,0.965255,-0.693084,-28.1256,-0.637501,-0.870028,5.10974,-0.0200961,0.420164,-1.57745,-0.223946,-0.266351,-1.54539,-2.1434,1.08916,-0.00828957,1.005,-0.09,False,True
3.32,-0,0,-1.52438,0.0179573,-0.434938,-5.05296,-0.705699,0.416796,5.82641,0.853321,1.48851,5.71764,-0.147623,-1.90531,1.15838,-0.0179573,0.434938,0.285687,-0,0,1.48524,0.0179573,-0.434897,-9.85805,-0.319854,1.59764,-11.5806,0.961685,-0.735947,-33.0676,-0.641831,-0.861697,1.20567,-0.0179573,0.434897,0.127309,0.778928,0.379351,-1.59561,-2.21415,1.09178,-0.00740544,1.005,-0.09,True,True
3.325,-0,0,-1.39576,0.0157471,-0.448495,-4.6441,-0.703554,0.445066,6.54463,0.860757,1.47262,4.3942,-0.157203,-1.91768,1.18326,-0.0157471,0.448495,0.321444,-0,0,1.35844,0.0157471,-0.448495,-8.6694,-0.311778,1.63199,-11.9038,0.957896,-0.780232,-31.7629,-0.646117,-0.851756,1.15391,-0.0157471,0.448495,0.19809,0.81657,0.366615,-1.59833,-2.23615,1.09444,-0.0064923,1.0181,-0.0792857,True,True
3.33,-0,0,-1.22306,0.0134723,-0.460613,-4.02124,-0.701248,0.477192,7.33633,0.868048,1.44227,3.04922,-0.1668,-1.91946,1.12384,-0.0134723,0.460613,0.39042,-0,0,1.2029,0.0134723,-0.460613,-7.37831,-0.303534,1.66516,-12.1821,0.953883,-0.825419,-30.1558,-0.650349,-0.839744,1.09754,-0.0134723,0.460613,0.292576,0.835514,0.288277,-1.59149,-2.24655,1.09712,-0.00555295,1.03119,-0.0685714,True,True
3.335,-0,0,-1.0334,0.011141,-0.47106,-3.28043,-0.698782,0.509083,8.11079,0.87518,1.40925,1.57809,-0.176398,-1.91833,1.04676,-0.011141,0.47106,0.470828,-0,0,1.02885,0.011141,-0.47106,-6.05366,-0.295127,1.69671,-12.3886,0.949642,-0.87117,-28.3831,-0.654515,-0.825543,1.03511,-0.011141,0.47106,0.394622,0.853684,0.193043,-1.58295,-2.25289,1.09982,-0.00459076,1.04429,-0.0578571,True,True
3.34,-0,0,-0.838626,0.00876172,-0.479758,-2.46295,-0.696157,0.540534,8.82721,0.88214,1.37372,0.00016559,-0.185983,-1.91425,0.96909,-0.00876172,0.479758,0.556209,-0,0,0.844392,0.00876172,-0.479758,-4.74501,-0.286567,1.72642,-12.5154,0.945171,-0.917232,-26.5245,-0.658604,-0.809191,0.969268,-0.00876172,0.479758,0.4985,0.875058,0.0940119,-1.57273,-2.25504,1.10254,-0.00360931,1.05738,-0.0471429,True,True
3.345,-0,0,-0.643326,0.0063434,-0.486678,-1.58323,-0.693376,0.571353,9.46957,0.888917,1.33591,-1.65524,-0.19554,-1.90726,0.893562,-0.0063434,0.486678,0.645828,-0,0,0.654113,0.0063434,-0.486678,-3.47734,-0.277863,1.75415,-12.56,0.940469,-0.963369,-24.6154,-0.662607,-0.790779,0.902589,-0.0063434,0.486678,0.603171,0.900479,-0.00692682,-1.56089,-2.25305,1.10528,-0.00261226,1.07048,-0.0364286,True,True
3.35,-0,0,-0.449594,0.00389494,-0.491818,-0.647023,-0.690444,0.601361,10.0314,0.895499,1.29608,-3.37524,-0.205056,-1.89744,0.82164,-0.00389494,0.491818,0.739873,-0,0,0.460159,0.00389494,-0.491818,-2.26053,-0.269025,1.77978,-12.5211,0.935537,-1.00935,-22.6706,-0.666512,-0.770426,0.836511,-0.00389494,0.491818,0.708766,0.930807,-0.10917,-1.54751,-2.24699,1.10802,-0.0016033,1.08357,-0.0257143,True,True
3.355,-0,0,-0.258207,0.00142522,-0.495183,0.344625,-0.687363,0.630384,10.5108,0.901878,1.25451,-5.15597,-0.214515,-1.88489,0.75399,-0.00142522,0.495183,0.838846,-0,0,0.263361,0.00142522,-0.495183,-1.09695,-0.260065,1.8032,-12.3973,0.930376,-1.05494,-20.6934,-0.670311,-0.748258,0.771708,-0.00142522,0.495183,0.815831,0.966726,-0.212736,-1.53269,-2.23695,1.11077,-0.000586104,1.09667,-0.015,True,True
3.36,-0,0,-0.0692772,-0.00105689,-0.496776,1.39291,-0.68414,0.658252,10.9075,0.908044,1.21145,-6.99813,-0.223905,-1.8697,0.690618,0.00105689,0.496776,0.943042,-0,0,0.0638608,-0.00105689,-0.496776,0.0143099,-0.250993,1.8243,-12.1874,0.924988,-1.09988,-18.6827,-0.673995,-0.724412,0.7082,0.00105689,0.496776,0.92473,1.00844,-0.317827,-1.5165,-2.22302,1.11352,0.000435687,1.10976,-0.00428571,True,True
3.365,-0,0,0.117347,-0.00354255,-0.496599,2.49932,-0.68078,0.684794,11.2216,0.913992,1.16714,-8.90371,-0.233212,-1.85194,0.630714,0.00354255,0.496599,1.05189,-0,0,-0.138489,-0.00354255,-0.496599,1.07459,-0.241822,1.84295,-11.8901,0.919377,-1.14393,-16.6367,-0.677555,-0.699024,0.645177,0.00354255,0.496599,1.03495,1.05515,-0.424442,-1.49902,-2.20529,1.11627,0.00145843,1.12286,0.00642857,True,True
3.37,-0,0,0.3018,-0.00602288,-0.494644,3.66362,-0.677292,0.709843,11.4524,0.919716,1.12184,-10.8731,-0.242424,-1.83168,0.572189,0.00602288,0.494644,1.16297,-0,0,-0.343834,-0.00602288,-0.494644,2.08337,-0.232564,1.85904,-11.505,0.913549,-1.1868,-14.5572,-0.680985,-0.67224,0.580527,0.00602288,0.494644,1.14407,1.10412,-0.531934,-1.48033,-2.18382,1.11901,0.0024785,1.13595,0.0171429,True,True
3.375,-0,0,0.483931,-0.00848899,-0.490904,4.88128,-0.673682,0.733239,11.5978,0.925211,1.07578,-12.9013,-0.251529,-1.80902,0.510813,0.00848899,0.490904,1.27056,-0,0,-0.552034,-0.00848899,-0.490904,3.03576,-0.223231,1.87243,-11.0347,0.907509,-1.22822,-12.455,-0.684278,-0.644213,0.509967,0.00848899,0.490904,1.24629,1.14918,-0.638372,-1.46052,-2.15868,1.12174,0.00349223,1.14905,0.0278571,True,True
3.38,-0,0,0.662939,-0.0109319,-0.485366,6.13944,-0.669959,0.754838,11.6547,0.930474,1.02922,-14.9727,-0.260514,-1.78406,0.438812,0.0109319,0.485366,1.36318,-0,0,-0.762267,-0.0109319,-0.485366,3.91893,-0.213839,1.88304,-10.4869,0.901266,-1.26793,-10.3573,-0.687427,-0.615114,0.425634,0.0109319,0.485366,1.32988,1.17837,-0.739567,-1.43969,-2.12998,1.12445,0.00449597,1.16214,0.0385714,True,True
3.385,-0,0,0.83679,-0.0133426,-0.478024,7.41028,-0.666133,0.774535,11.618,0.935503,0.982445,-17.0515,-0.269369,-1.75698,0.342649,0.0133426,0.478024,1.41989,-0,0,-0.972398,-0.0133426,-0.478024,4.70673,-0.204401,1.89084,-9.88029,0.89483,-1.3057,-8.321,-0.690429,-0.585139,0.313856,0.0133426,0.478024,1.37343,1.17016,-0.827527,-1.41804,-2.09787,1.12715,0.00548604,1.17524,0.0492857,True,True
3.39,-0,0,1.00125,-0.0157122,-0.468891,8.6403,-0.662214,0.792297,11.482,0.940298,0.935784,-19.0667,-0.278084,-1.72808,0.199616,0.0157122,0.468891,1.40438,-0,0,-1.17791,-0.0157122,-0.468891,5.3512,-0.194931,1.89595,-9.25284,0.888209,-1.34142,-6.45208,-0.693279,-0.554527,0.151729,0.0157122,0.468891,1.33978,1.08762,-0.888015,-1.39584,-2.06268,1.12982,0.00645874,1.18833,0.06,True,True
3.395,-0,0,1.14819,-0.0180316,-0.458017,9.73401,-0.658211,0.808223,11.243,0.944861,0.889672,-20.8892,-0.28665,-1.69789,-0.0256832,0.0180316,0.458017,1.25816,-0,0,-1.37029,-0.0180316,-0.458017,5.77234,-0.185442,1.89877,-8.67568,0.881416,-1.3752,-4.93348,-0.695974,-0.523575,-0.0963381,0.0180316,0.458017,1.1692,0.87181,-0.89749,-1.3736,-2.02496,1.13247,0.00741047,1.20143,0.0707143,True,True
3.4,-0,0,1.24252,-0.0202923,-0.445531,10.5256,-0.654132,0.822644,11.024,0.949195,0.844676,-22.3987,-0.295063,-1.66732,-0.28361,0.0202923,0.445531,1.01375,-0,0,-1.57204,-0.0202923,-0.445531,6.12495,-0.175943,1.90012,-8.24576,0.874457,-1.40743,-3.66467,-0.698514,-0.492692,-0.375701,0.0202923,0.445531,0.921924,0.570437,-0.854013,-1.3521,-1.9857,1.13509,0.00833774,1.21452,0.0814286,True,True
3.405,-0,0,1.6328,-0.0224869,-0.431702,19.5905,-0.649984,0.835532,4.27433,0.953307,0.800862,-28.0495,-0.303323,-1.63639,-1.14038,0.0224869,0.431702,2.36119,-0,0,-0.0113938,-0.0224869,-0.431789,-1.23853,-0.16644,1.88653,-1.14808,0.867341,-1.41842,1.66966,-0.700901,-0.468106,-0.082288,0.0224869,0.431789,-0.0283755,1.08739,-2.22761,-1.3312,-1.94513,1.13768,0.00923747,1.225,0.09,True,False
3.41,-0,0,0.112979,-0.0246093,-0.416949,19.9326,-0.645776,0.845618,8.62266,0.957203,0.757093,-25.0673,-0.311427,-1.60271,1.33262,0.0246093,0.416949,1.72651,-0,0,0.0648286,-0.0246102,-0.417501,-1.30933,-0.157078,1.81409,-4.75866,0.860273,-1.34615,1.77601,-0.703195,-0.467937,-0.250993,0.0246102,0.417501,-0.0288085,1.88403,-0.551636,-1.30818,-1.90112,1.14025,0.0101073,1.225,0.09,True,False
3.415,-0,0,-1.75943,-0.0266564,-0.401679,20.3752,-0.641528,0.852121,13.558,0.960878,0.712925,-21.8974,-0.31935,-1.56505,3.51717,0.0266564,0.401679,1.5209,-0,0,0.169307,-0.0266619,-0.403337,-1.37913,-0.148299,1.65421,-8.98248,0.85388,-1.15015,1.86766,-0.70558,-0.504058,-0.444273,0.0266619,0.403337,-0.0282219,2.83877,0.677704,-1.28154,-1.85276,1.14279,0.0109458,1.225,0.09,True,False
3.42,-0,0,-3.58983,-0.0286261,-0.386161,20.7445,-0.637255,0.855577,17.8533,0.964333,0.669207,-19.3778,-0.327077,-1.52478,4.7897,0.0286261,0.386161,1.46077,-0,0,0.28355,-0.0286436,-0.389621,-1.44229,-0.140536,1.41403,-12.8232,0.848772,-0.840415,1.91258,-0.708236,-0.573614,-0.614155,0.0286436,0.389621,-0.0271534,3.43809,1.35052,-1.25246,-1.80161,1.14532,0.0117523,1.225,0.09,True,False
3.425,-0,0,-5.26247,-0.030518,-0.370555,21.0313,-0.632972,0.856525,21.4424,0.96757,0.626599,-17.4203,-0.334598,-1.48312,5.45928,0.030518,0.370555,1.45462,-0,0,0.399575,-0.0305581,-0.376507,-1.49851,-0.134159,1.10512,-16.1488,0.845476,-0.434308,1.91157,-0.711316,-0.670813,-0.75139,0.0305581,0.376507,-0.0258779,3.77246,1.68539,-1.22203,-1.74898,1.14784,0.0125265,1.225,0.09,True,False
3.43,-0,0,-6.72162,-0.0323317,-0.354954,21.253,-0.62869,0.855366,24.372,0.970599,0.5855,-15.9042,-0.341909,-1.44087,5.79692,0.0323317,0.354954,1.46754,-0,0,0.511894,-0.0324087,-0.364051,-1.54779,-0.129484,0.739145,-18.9397,0.844429,0.0495433,1.86834,-0.714944,-0.788688,-0.852007,0.0324087,0.364051,-0.0245646,3.95336,1.84185,-1.19098,-1.69574,1.15036,0.0132683,1.225,0.09,True,False
3.435,-0,0,-7.933,-0.0340675,-0.339408,21.4294,-0.624418,0.852436,26.6647,0.973425,0.546164,-14.7737,-0.349007,-1.3986,5.95013,0.0340675,0.339408,1.48447,-0,0,0.615875,-0.0341986,-0.352237,-1.58983,-0.126768,0.327954,-21.1824,0.845971,0.591279,1.78618,-0.719203,-0.919232,-0.912913,0.0341986,0.352237,-0.023333,4.04427,1.90389,-1.15987,-1.64252,1.15289,0.0139777,1.225,0.09,True,False
3.44,-0,0,-8.87963,-0.0357258,-0.323935,21.579,-0.620166,0.848033,28.3397,0.97606,0.508748,-14.0019,-0.355895,-1.35678,5.99636,0.0357258,0.323935,1.50023,-0,0,0.707766,-0.035931,-0.340999,-1.62425,-0.126205,-0.116526,-22.8765,0.850341,1.17023,1.66861,-0.724136,-1.05371,-0.932493,0.035931,0.340999,-0.0222677,4.08047,1.91371,-1.12914,-1.58978,1.15543,0.014655,1.225,0.09,True,False
3.445,-0,0,-9.55922,-0.0373069,-0.308536,21.7164,-0.615938,0.842437,29.4247,0.978513,0.473351,-13.5688,-0.362575,-1.31579,5.97689,0.0373069,0.308536,1.51394,-0,0,0.784796,-0.0376086,-0.330239,-1.65062,-0.127933,-0.582608,-24.0385,0.857673,1.7657,1.51978,-0.72974,-1.18309,-0.911009,0.0376086,0.330239,-0.0214281,4.08205,1.89246,-1.09916,-1.5379,1.15799,0.0153002,1.225,0.09,True,False
3.45,-0,0,-9.98196,-0.0388111,-0.293194,21.8511,-0.611741,0.835916,29.9618,0.980794,0.440025,-13.4494,-0.369052,-1.27594,5.9159,0.0388111,0.293194,1.52597,-0,0,0.845246,-0.0392334,-0.319831,-1.66858,-0.132031,-1.05925,-24.703,0.867998,2.35782,1.34465,-0.735967,-1.29857,-0.850694,0.0392334,0.319831,-0.0208533,4.06143,1.85189,-1.07026,-1.48719,1.16057,0.0159136,1.225,0.09,True,False
3.455,-0,0,-10.1679,-0.0402388,-0.277888,21.9876,-0.607579,0.828723,30.0078,0.982913,0.408783,-13.6093,-0.375334,-1.23751,5.82993,0.0402388,0.277888,1.53663,-0,0,0.888449,-0.0408069,-0.309636,-1.67784,-0.138525,-1.53645,-24.9206,0.881252,2.9285,1.14881,-0.742726,-1.39205,-0.755548,0.0408069,0.309636,-0.0205657,4.02717,1.80003,-1.04274,-1.4379,1.16317,0.0164952,1.225,0.09,True,False
3.46,-0,0,-10.1442,-0.04159,-0.262592,22.1257,-0.603454,0.821093,29.6293,0.984882,0.379605,-14.0066,-0.381427,-1.2007,5.73164,0.04159,0.262592,1.54577,-0,0,0.91468,-0.0423298,-0.299508,-1.67821,-0.147396,-2.00558,-24.7527,0.897283,3.46211,0.938162,-0.749888,-1.45653,-0.630879,0.0423298,0.299508,-0.0205743,3.98551,1.74325,-1.01682,-1.39023,1.1658,0.0170453,1.225,0.09,True,False
3.465,-0,0,-9.94119,-0.0428647,-0.247283,22.2617,-0.599368,0.813242,28.8973,0.986709,0.352443,-14.5955,-0.387341,-1.16569,5.63051,0.0428647,0.247283,1.55288,-0,0,0.924958,-0.043802,-0.289298,-1.66969,-0.158581,-2.45952,-24.2653,0.915873,3.94593,0.718501,-0.757291,-1.48641,-0.482737,0.043802,0.289298,-0.0208763,3.9409,1.68659,-0.992684,-1.34433,1.16845,0.0175638,1.225,0.09,True,False
3.47,-0,0,-9.59003,-0.0440628,-0.231944,22.3898,-0.595322,0.805363,27.8802,0.988406,0.327229,-15.331,-0.393084,-1.13259,5.53259,0.0440628,0.231944,1.55742,-0,0,0.920802,-0.0452228,-0.278864,-1.65245,-0.171991,-2.89271,-23.5228,0.936743,4.37027,0.49509,-0.764752,-1.47756,-0.317349,0.0452228,0.278864,-0.02146,3.89601,1.63343,-0.970473,-1.30031,1.17113,0.018051,1.225,0.09,True,False
3.475,-0,0,-9.11969,-0.0451842,-0.216562,22.5034,-0.591314,0.797634,26.6392,0.989981,0.303874,-16.1727,-0.398667,-1.10151,5.4403,0.0451842,0.216562,1.55897,-0,0,0.903977,-0.0465906,-0.26807,-1.62686,-0.187508,-3.30105,-22.583,0.959575,4.72835,0.27239,-0.772067,-1.42731,-0.140674,0.0465906,0.26807,-0.0223058,3.85177,1.58525,-0.950283,-1.25825,1.17383,0.0185068,1.225,0.09,True,False
3.48,-0,0,-8.55545,-0.0462285,-0.201133,22.5955,-0.587345,0.790214,25.225,0.991445,0.282279,-17.0866,-0.404099,-1.07249,5.3528,0.0462285,0.201133,1.55738,-0,0,0.876269,-0.0479035,-0.256793,-1.59354,-0.205001,-3.68161,-21.4943,0.984026,5.01596,0.0539133,-0.779025,-1.33436,0.0418945,0.0479035,0.256793,-0.0233878,3.80767,1.54175,-0.932179,-1.21821,1.17656,0.0189314,1.225,0.09,True,False
3.485,-0,0,-7.91806,-0.0471955,-0.185662,22.6593,-0.583412,0.783252,23.6768,0.992804,0.262335,-18.0465,-0.409392,-1.04559,5.26676,0.0471955,0.185662,1.55275,-0,0,0.839323,-0.0491585,-0.244924,-1.55333,-0.224324,-4.03245,-20.2938,1.00973,5.23102,-0.157764,-0.785411,-1.19858,0.225654,0.0491585,0.244924,-0.0246745,3.76207,1.50121,-0.916197,-1.18023,1.1793,0.0193248,1.225,0.09,True,False
3.49,-0,0,-7.22361,-0.0480851,-0.170161,22.6888,-0.579513,0.776885,22.0226,0.994068,0.243928,-19.0327,-0.414555,-1.02081,5.17736,0.0480851,0.170161,1.54529,-0,0,0.794527,-0.0503527,-0.23237,-1.50726,-0.245326,-4.35231,-19.0082,1.03634,5.37317,-0.360889,-0.791011,-1.02086,0.406595,0.0503527,0.23237,-0.0261295,3.71268,1.46111,-0.902354,-1.14435,1.18207,0.0196872,1.225,0.09,True,False
3.495,-0,0,-6.48398,-0.0488971,-0.154651,22.6782,-0.575643,0.771246,20.2812,0.995244,0.226939,-20.031,-0.4196,-0.998185,5.07926,0.0488971,0.154651,1.53522,-0,0,0.742956,-0.0514823,-0.21906,-1.45657,-0.267847,-4.64035,-17.6543,1.06347,5.44329,-0.554345,-0.795619,-0.802937,0.581321,0.0514823,0.21906,-0.0277117,3.65696,1.41867,-0.890647,-1.11059,1.18486,0.0200187,1.225,0.09,True,False
3.5,-0,0,-5.70757,-0.0496316,-0.139162,22.6223,-0.5718,0.766461,18.4638,0.996337,0.211245,-21.0314,-0.424537,-0.977706,4.96737,0.0496316,0.139162,1.5227,-0,0,0.685366,-0.0525433,-0.204941,-1.40261,-0.291729,-4.89596,-16.2415,1.09077,5.4432,-0.737432,-0.79904,-0.547243,0.746925,0.0525433,0.204941,-0.0293757,3.59242,1.37128,-0.881061,-1.07898,1.18767,0.0203196,1.225,0.09,True,False
3.505,-0,0,-4.90025,-0.0502887,-0.123731,22.5161,-0.567979,0.762648,16.5765,0.997356,0.196723,-22.0266,-0.429377,-0.959371,4.8374,0.0502887,0.123731,1.50774,-0,0,0.622208,-0.0535317,-0.189986,-1.34685,-0.316807,-5.11856,-14.7731,1.1179,5.37538,-0.909652,-0.801092,-0.25682,0.90087,0.0535317,0.189986,-0.031072,3.51688,1.31683,-0.873566,-1.04955,1.19048,0.0205901,1.225,0.09,True,False
3.51,-0,0,-4.0663,-0.0508689,-0.108403,22.3551,-0.564174,0.759921,14.6224,0.998305,0.183244,-23.0103,-0.434131,-0.943166,4.68617,0.0508689,0.108403,1.49015,-0,0,0.553678,-0.0544432,-0.174193,-1.29077,-0.342915,-5.30753,-13.2489,1.14452,5.24276,-1.07051,-0.801608,0.0647657,1.04088,0.0544432,0.174193,-0.0327475,3.42859,1.25391,-0.868117,-1.02231,1.19331,0.0208305,1.225,0.09,True,False
3.515,-0,0,-3.20932,-0.0513727,-0.0932297,22.135,-0.56038,0.758384,12.6039,0.999188,0.170678,-23.9768,-0.438809,-0.929062,4.51182,0.0513727,0.0932297,1.46959,-0,0,0.479791,-0.0552736,-0.157584,-1.23581,-0.369882,-5.4621,-11.6666,1.17033,5.04863,-1.21933,-0.800444,0.413472,1.16489,0.0552736,0.157584,-0.0343472,3.32636,1.18184,-0.86465,-0.997267,1.19615,0.0210413,1.225,0.09,True,False
3.52,-0,0,-2.33301,-0.0518012,-0.0782695,21.8523,-0.55659,0.758127,10.5241,1.00001,0.158891,-24.9201,-0.443421,-0.917018,4.31383,0.0518012,0.0782695,1.44557,-0,0,0.400459,-0.056019,-0.140212,-1.18332,-0.397536,-5.58136,-10.0237,1.19501,4.79653,-1.35513,-0.797474,0.784825,1.271,0.056019,0.140212,-0.0358151,3.20957,1.10073,-0.863083,-0.974431,1.199,0.0212229,1.225,0.09,True,False
3.525,-0,0,-1.44181,-0.0521554,-0.0635862,21.5043,-0.552798,0.759226,8.38835,1.00078,0.147747,-25.8335,-0.447979,-0.906973,4.09312,0.0521554,0.0635862,1.41758,-0,0,0.315589,-0.0566757,-0.122156,-1.13445,-0.425696,-5.66425,-8.31908,1.21829,4.49029,-1.47651,-0.792596,1.17396,1.3575,0.0566757,0.122156,-0.0370964,3.07832,1.01139,-0.863314,-0.953785,1.20185,0.0213758,1.225,0.09,True,False
3.53,-0,0,-0.541373,-0.052437,-0.0492471,21.0897,-0.548998,0.761736,6.2053,1.00149,0.137109,-26.7094,-0.452491,-0.898845,3.852,0.052437,0.0492471,1.38517,-0,0,0.225186,-0.0572406,-0.103523,-1.09014,-0.454178,-5.70964,-6.55403,1.23991,4.13397,-1.58157,-0.785734,1.57566,1.42293,0.0572406,0.103523,-0.03814,2.93347,0.915279,-0.865213,-0.935297,1.2047,0.0215008,1.225,0.09,True,False
3.535,-0,0,0.36115,-0.0526479,-0.0353217,20.6094,-0.545181,0.765689,3.98771,1.00215,0.12684,-27.5398,-0.456967,-0.892529,3.59409,0.0526479,0.0353217,1.34808,-0,0,0.12945,-0.0577109,-0.0844402,-1.05108,-0.482792,-5.7164,-4.73334,1.25963,3.73195,-1.66788,-0.776839,1.98445,1.46614,0.0577109,0.0844402,-0.0389012,2.77668,0.814346,-0.868628,-0.918912,1.20755,0.0215985,1.225,0.09,True,False
3.54,-0,0,1.25707,-0.0527903,-0.0218783,20.0662,-0.541341,0.77109,1.75264,1.00276,0.116802,-28.3165,-0.461416,-0.887892,3.32424,0.0527903,0.0218783,1.3064,-0,0,0.0288615,-0.058085,-0.0650587,-1.01764,-0.511342,-5.68352,-2.866,1.27723,3.28887,-1.73249,-0.765889,2.39465,1.48639,0.058085,0.0650587,-0.0393442,2.61048,0.710903,-0.87338,-0.904549,1.2104,0.0216697,1.225,0.09,True,False
3.545,-0,0,2.13632,-0.0528667,-0.00898174,19.4663,-0.53747,0.777914,-0.478684,1.00332,0.106865,-29.0319,-0.465846,-0.884779,3.04823,0.0528667,0.00898174,1.26063,-0,0,-0.0757512,-0.0583615,-0.0455428,-0.989936,-0.539627,-5.61022,-0.965621,1.29252,2.80973,-1.77203,-0.752893,2.80049,1.48342,0.0583615,0.0455428,-0.0394445,2.43817,0.607427,-0.879269,-0.8921,1.21324,0.0217153,1.225,0.09,True,False
3.55,-0,0,2.98776,-0.0528801,0.00331053,18.8186,-0.533562,0.786108,-2.68148,1.00383,0.0969026,-29.6795,-0.470264,-0.88301,2.77247,0.0528801,-0.00331053,1.21173,-0,0,-0.183185,-0.0585404,-0.0260661,-0.967836,-0.567444,-5.4961,0.949561,1.30533,2.29982,-1.7828,-0.737885,3.19628,1.45753,0.0585404,0.0260661,-0.0391915,2.26369,0.506379,-0.886076,-0.881428,1.21607,0.0217363,1.225,0.09,True,False
3.555,-0,0,3.79976,-0.0528336,0.0149517,18.1356,-0.529609,0.795588,-4.8284,1.00429,0.0867995,-30.2546,-0.474676,-0.882387,2.50357,0.0528336,-0.0149517,1.16105,-0,0,-0.291873,-0.0586222,-0.00680384,-0.951008,-0.594588,-5.34123,2.85701,1.31552,1.76474,-1.76092,-0.72093,3.57649,1.40962,0.0586222,0.00680384,-0.0385889,2.09137,0.410022,-0.893571,-0.87237,1.21888,0.0217338,1.225,0.09,True,False
3.56,-0,0,4.5608,-0.0527306,0.0259092,17.4324,-0.525606,0.806248,-6.8909,1.00469,0.0764533,-30.7553,-0.479088,-0.882701,2.24787,0.0527306,-0.0259092,1.11028,-0,0,-0.399942,-0.0586084,0.0120747,-0.938992,-0.620857,-5.14629,4.73063,1.32298,1.21036,-1.70262,-0.70212,3.93593,1.34115,0.0586084,-0.0120747,-0.0376558,1.92564,0.320276,-0.901522,-0.86474,1.22169,0.0217086,1.225,0.09,True,False
3.565,-0,0,5.26015,-0.0525745,0.0361675,16.7269,-0.521547,0.817962,-8.84065,1.00505,0.0657769,-31.1822,-0.483503,-0.883738,2.01103,0.0525745,-0.0361675,1.06121,-0,0,-0.505308,-0.0585014,0.0304131,-0.931274,-0.646051,-4.91266,6.54181,1.32762,0.642756,-1.60444,-0.68157,4.2699,1.25416,0.0585014,-0.0304131,-0.0364253,1.77065,0.238636,-0.909707,-0.858336,1.22447,0.0216621,1.225,0.09,True,False
3.57,-0,0,5.88851,-0.0523689,0.0457308,16.0383,-0.517426,0.830591,-10.6511,1.00535,0.0547,-31.5393,-0.487926,-0.885291,1.79769,0.0523689,-0.0457308,1.01555,-0,0,-0.605804,-0.0583043,0.0480746,-0.927351,-0.669983,-4.64243,8.26079,1.3294,0.0681294,-1.46352,-0.659421,4.5743,1.1511,0.0583043,-0.0480746,-0.0349426,1.62999,0.166152,-0.917921,-0.852949,1.22723,0.0215951,1.225,0.09,True,False
3.575,-0,0,6.4385,-0.0521172,0.0546242,15.3867,-0.513241,0.843997,-12.2989,1.0056,0.0431701,-31.8329,-0.492356,-0.887167,1.61129,0.0521172,-0.0546242,0.974777,-0,0,-0.699325,-0.0580207,0.0649479,-0.926783,-0.692476,-4.33844,9.85802,1.3283,-0.507261,-1.27785,-0.635828,4.8457,1.03474,0.0580207,-0.0649479,-0.0332625,1.50644,0.103474,-0.925988,-0.848369,1.22997,0.0215089,1.225,0.09,True,False
3.58,-0,0,6.90501,-0.0518226,0.0628939,14.7914,-0.508986,0.858044,-13.7645,1.00578,0.031152,-32.0718,-0.496797,-0.889196,1.4541,0.0518226,-0.0628939,0.939943,-0,0,-0.78396,-0.0576548,0.0809501,-0.929231,-0.713368,-4.00426,11.3057,1.32433,-1.07719,-1.04653,-0.610964,5.08145,0.907995,0.0576548,-0.0809501,-0.0314456,1.40192,0.05095,-0.933773,-0.844393,1.23269,0.0214043,1.225,0.09,True,False
3.585,-0,0,7.28525,-0.0514882,0.0706065,14.2705,-0.50466,0.872614,-15.0335,1.00591,0.0186258,-32.2658,-0.501248,-0.89124,1.32734,0.0514882,-0.0706065,0.911676,-0,0,-0.858113,-0.0572112,0.0960295,-0.934467,-0.732518,-3.64407,12.5788,1.31753,-1.63557,-0.769881,-0.585013,5.27964,0.773757,0.0572112,-0.0960295,-0.0295544,1.3175,0.0087262,-0.941184,-0.840833,1.23538,0.0212824,1.225,0.09,True,False
3.59,-0,0,7.57867,-0.0511166,0.0778468,13.8396,-0.50026,0.887609,-16.096,1.00597,0.00558459,-32.4252,-0.50571,-0.893193,1.23142,0.0511166,-0.0778468,0.890201,-0,0,-0.920577,-0.0566945,0.110165,-0.942368,-0.749808,-3.2626,13.6564,1.30798,-2.17648,-0.449576,-0.558167,5.43908,0.634747,0.0566945,-0.110165,-0.02765,1.25356,-0.0231563,-0.948173,-0.837524,1.23804,0.0211437,1.225,0.09,True,False
3.595,-0,0,7.7865,-0.0507098,0.0847148,13.5108,-0.495784,0.902956,-16.9469,1.00596,-0.00796949,-32.56,-0.51018,-0.894986,1.1662,0.0507098,-0.0847148,0.875433,-0,0,-0.970578,-0.0561095,0.123365,-0.952896,-0.765144,-2.86502,14.5221,1.29577,-2.69426,-0.0886356,-0.530622,5.55928,0.493371,0.0561095,-0.123365,-0.0257886,1.20996,-0.0447122,-0.954743,-0.834324,1.24067,0.0209891,1.225,0.09,True,False
3.6,-0,0,7.91136,-0.0502694,0.0913218,13.2931,-0.491231,0.918612,-17.5852,1.00589,-0.0220288,-32.6785,-0.514659,-0.896583,1.13117,0.0502694,-0.0913218,0.867103,-0,0,-1.00777,-0.0554609,0.135664,-0.966068,-0.778459,-2.45674,15.1643,1.28103,-3.18356,0.308653,-0.502574,5.6403,0.351618,0.0554609,-0.135664,-0.0240195,1.18626,-0.0560104,-0.960933,-0.831116,1.24327,0.0208189,1.225,0.09,True,False
3.605,-0,0,7.95656,-0.0497966,0.0977867,13.1915,-0.486598,0.934561,-18.013,1.00574,-0.0365841,-32.7874,-0.519146,-0.897977,1.12549,0.0497966,-0.0977867,0.864866,-0,0,-1.03219,-0.0547529,0.147119,-0.981921,-0.789712,-2.04336,15.576,1.26393,-3.63931,0.736883,-0.474219,5.68266,0.210998,0.0547529,-0.147119,-0.0223834,1.18181,-0.0572134,-0.966822,-0.827808,1.24585,0.0206334,1.225,0.09,True,False
3.61,-0,0,7.92561,-0.0492916,0.104231,13.2074,-0.481885,0.950814,-18.2347,1.00552,-0.0516282,-32.8911,-0.523639,-0.899186,1.14804,0.0492916,-0.104231,0.868378,-0,0,-1.0442,-0.0539897,0.157804,-1.00048,-0.798892,-1.63045,15.7546,1.24464,-4.05677,1.18974,-0.445748,5.68722,0.0725183,0.0539897,-0.157804,-0.0209121,1.19577,-0.0486335,-0.972512,-0.824329,1.24839,0.0204328,1.225,0.09,True,False
3.615,-0,0,7.82164,-0.0487542,0.110777,13.339,-0.47709,0.967404,-18.2563,1.00523,-0.0671588,-32.9916,-0.528138,-0.900245,1.19737,0.0487542,-0.110777,0.877352,-0,0,-1.04442,-0.0531749,0.167807,-1.02175,-0.806016,-1.22352,15.7011,1.22336,-4.43149,1.66024,-0.417347,5.65501,-0.0632999,0.0531749,-0.167807,-0.0196286,1.22722,-0.0307752,-0.978123,-0.820627,1.2509,0.0202168,1.225,0.09,True,False
3.62,-0,0,7.64706,-0.0481838,0.117542,13.5812,-0.472211,0.98438,-18.0842,1.00485,-0.0831807,-33.0888,-0.532642,-0.9012,1.27175,0.0481838,-0.117542,0.891574,-0,0,-1.03362,-0.0523116,0.177226,-1.04566,-0.811127,-0.827888,15.4194,1.20033,-4.75929,2.141,-0.389198,5.58718,-0.196373,0.0523116,-0.177226,-0.0185484,1.27511,-0.0043336,-0.983782,-0.816662,1.25338,0.0199852,1.225,0.09,True,False
3.625,-0,0,7.40341,-0.0475788,0.124636,13.9269,-0.467246,1.0018,-17.725,1.0044,-0.099707,-33.18,-0.53715,-0.902097,1.36932,0.0475788,-0.124636,0.91093,-0,0,-1.01271,-0.0514026,0.186164,-1.07208,-0.814295,-0.448603,14.9157,1.17577,-5.03623,2.62447,-0.361475,5.48483,-0.326979,0.0514026,-0.186164,-0.0176801,1.33843,0.0298694,-0.989615,-0.812402,1.25583,0.0197375,1.225,0.09,True,False
3.63,-0,0,7.09133,-0.0469374,0.132161,14.3668,-0.462193,1.01974,-17.1847,1.00386,-0.11676,-33.2608,-0.541663,-0.902982,1.48841,0.0469374,-0.132161,0.935427,-0,0,-0.982606,-0.05045,0.194727,-1.10081,-0.815613,-0.0904175,14.1979,1.14996,-5.25855,3.10319,-0.334349,5.34897,-0.455658,0.05045,-0.194727,-0.0170266,1.41631,0.0710143,-0.995737,-0.807817,1.25825,0.019473,1.225,0.09,True,False
3.635,-0,0,6.71084,-0.0462572,0.140208,14.89,-0.457049,1.03826,-16.4689,1.00323,-0.134369,-33.3246,-0.54618,-0.903889,1.62794,0.0462572,-0.140208,0.96523,-0,0,-0.944283,-0.0494553,0.20302,-1.13156,-0.815199,0.242258,13.2752,1.12318,-5.4227,3.56994,-0.307986,5.18044,-0.583093,0.0494553,-0.20302,-0.0165867,1.50831,0.118464,-1.00225,-0.802879,1.26065,0.0191909,1.225,0.09,True,False
3.64,-0,0,6.26173,-0.0455353,0.148855,15.4843,-0.45181,1.05742,-15.5832,1.00251,-0.152574,-33.3633,-0.550702,-0.904841,1.78786,0.0455353,-0.148855,1.00068,-0,0,-0.898708,-0.0484198,0.211149,-1.16394,-0.813191,0.545382,12.1584,1.09574,-5.52529,4.01788,-0.282545,4.97991,-0.709981,0.0484198,-0.211149,-0.0163554,1.61464,0.171961,-1.00922,-0.797551,1.26303,0.0188901,1.225,0.09,True,False
3.645,-0,0,5.74417,-0.0447687,0.158167,16.1367,-0.446474,1.07726,-14.5335,1.0017,-0.171419,-33.3671,-0.555228,-0.905839,1.96947,0.0447687,-0.158167,1.0423,-0,0,-0.846872,-0.0473438,0.219215,-1.19748,-0.809745,0.815304,10.8598,1.06793,-5.56318,4.44062,-0.258186,4.74787,-0.836884,0.0473438,-0.219215,-0.0163247,1.73633,0.231795,-1.01671,-0.791791,1.26538,0.0185695,1.225,0.09,True,False
3.65,-0,0,5.15942,-0.0439537,0.168195,16.8329,-0.441038,1.09782,-13.3272,1.0008,-0.190952,-33.3256,-0.55976,-0.906868,2.17553,0.0439537,-0.168195,1.09071,-0,0,-0.789812,-0.0462276,0.227313,-1.23162,-0.805038,1.04881,9.3945,1.0401,-5.53351,4.83219,-0.235066,4.4847,-0.964065,0.0462276,-0.227313,-0.0164842,1.8752,0.298888,-1.02473,-0.785546,1.26772,0.0182279,1.225,0.09,True,False
3.655,-0,0,4.51062,-0.0430867,0.178975,17.558,-0.435496,1.11911,-11.9751,0.999793,-0.211224,-33.2284,-0.564297,-0.90789,2.40991,0.0430867,-0.178975,1.14652,-0,0,-0.728651,-0.0450707,0.235535,-1.2657,-0.799257,1.24316,7.78097,1.0126,-5.4339,5.187,-0.213339,4.19074,-1.09132,0.0450707,-0.235535,-0.0168208,2.03364,0.374732,-1.03328,-0.778754,1.27005,0.0178639,1.225,0.09,True,False
3.66,-0,0,3.8036,-0.0421639,0.190526,18.2955,-0.429847,1.14114,-10.493,0.998685,-0.232286,-33.0662,-0.568839,-0.908849,2.67679,0.0421639,-0.190526,1.21009,-0,0,-0.664635,-0.0438723,0.243965,-1.29899,-0.792606,1.39621,6.04289,0.985765,-5.26264,5.49972,-0.193159,3.86644,-1.21778,0.0438723,-0.243965,-0.0173196,2.214,0.461137,-1.0423,-0.771345,1.27236,0.0174763,1.225,0.09,True,False
3.665,-0,0,3.04766,-0.0411814,0.202852,19.028,-0.424085,1.16386,-8.90352,0.99747,-0.254188,-32.8325,-0.573385,-0.909671,2.97924,0.0411814,-0.202852,1.28125,-0,0,-0.59917,-0.0426311,0.252678,-1.33066,-0.785295,1.50648,4.21042,0.95997,-5.01903,5.76506,-0.174675,3.51255,-1.34179,0.0426311,-0.252678,-0.0179635,2.4177,0.559765,-1.05174,-0.763246,1.27467,0.0170637,1.225,0.09,True,False
3.67,-0,0,2.25602,-0.0401354,0.215938,19.7365,-0.418208,1.18724,-7.23866,0.996143,-0.276976,-32.5255,-0.577936,-0.910269,3.31747,0.0401354,-0.215938,1.35895,-0,0,-0.533823,-0.0413455,0.261741,-1.35985,-0.777541,1.57337,2.32161,0.935575,-4.7037,5.97764,-0.158033,3.13033,-1.46068,0.0413455,-0.261741,-0.0187335,2.64409,0.67149,-1.06149,-0.75438,1.27697,0.0166245,1.225,0.09,True,False
3.675,-0,0,1.4461,-0.0390221,0.229754,20.4007,-0.412212,1.21125,-5.54055,0.994701,-0.300696,-32.1494,-0.582488,-0.910551,3.68692,0.0390221,-0.229754,1.44098,-0,0,-0.470303,-0.0400136,0.271211,-1.38562,-0.769562,1.59731,0.423072,0.912933,-4.31913,6.13179,-0.143372,2.72182,-1.57077,0.0400136,-0.271211,-0.0196092,2.88924,0.795677,-1.07145,-0.744681,1.27928,0.0161576,1.225,0.09,True,False
3.68,-0,0,0.639104,-0.0378379,0.24425,20.9996,-0.406095,1.23582,-3.86183,0.993137,-0.325392,-31.7159,-0.587041,-0.910427,4.07672,0.0378379,-0.24425,1.52373,-0,0,-0.41038,-0.0386334,0.281134,-1.40703,-0.761568,1.57995,-1.43036,0.892383,-3.87002,6.22147,-0.130815,2.29007,-1.66738,0.0386334,-0.281134,-0.020569,3.14507,0.929561,-1.08148,-0.734096,1.2816,0.0156615,1.225,0.09,True,False
3.685,-0,0,-0.140878,-0.0365796,0.259362,21.5115,-0.399854,1.26093,-2.26385,0.991447,-0.351112,-31.2442,-0.591592,-0.909817,4.46914,0.0365796,-0.259362,1.60226,-0,0,-0.35576,-0.0372023,0.291548,-1.42312,-0.753762,1.52436,-3.17753,0.874233,-3.36379,6.2403,-0.120471,1.83943,-1.74495,0.0372023,-0.291548,-0.021591,3.39902,1.06797,-1.09148,-0.722594,1.28392,0.0151351,1.225,0.09,True,False
3.69,-0,0,-0.868576,-0.0352443,0.275008,21.9156,-0.393486,1.28656,-0.812752,0.989625,-0.377908,-30.7594,-0.596139,-0.908656,4.84052,0.0352443,-0.275008,1.67049,-0,0,-0.307914,-0.0357179,0.302477,-1.433,-0.746325,1.43514,-4.75467,0.858746,-2.81079,6.18167,-0.112421,1.37566,-1.79744,0.0357179,-0.302477,-0.0226537,3.63477,1.20357,-1.10132,-0.710172,1.28626,0.0145773,1.225,0.09,True,False
3.695,-0,0,-1.51974,-0.0338295,0.291097,22.193,-0.386989,1.31275,0.426557,0.987667,-0.405846,-30.2897,-0.600679,-0.906904,5.16394,0.0338295,-0.291097,1.72184,-0,0,-0.26789,-0.0341775,0.313937,-1.43583,-0.739411,1.31837,-6.10069,0.846125,-2.22443,6.03909,-0.106714,0.906066,-1.81878,0.0341775,-0.313937,-0.0237364,3.83398,1.32779,-1.11089,-0.696858,1.28862,0.0139872,1.225,0.09,True,False
3.7,-0,0,-2.07363,-0.0323333,0.307526,22.3285,-0.380359,1.33954,1.39777,0.985567,-0.435003,-29.8617,-0.605208,-0.904538,5.41337,0.0323333,-0.307526,1.74997,-0,0,-0.236142,-0.0325785,0.325934,-1.43093,-0.733141,1.18154,-7.1635,0.836501,-1.62095,5.80651,-0.10336,0.439414,-1.80344,0.0325785,-0.325934,-0.0248194,3.97902,1.43226,-1.12011,-0.682709,1.291,0.0133641,1.225,0.09,True,False
3.705,-0,0,-2.51534,-0.0307542,0.324183,22.3114,-0.373593,1.36703,2.06051,0.983317,-0.465473,-29.4958,-0.609724,-0.901555,5.56852,0.0307542,-0.324183,1.7499,-0,0,-0.212427,-0.0309182,0.338463,-1.41776,-0.727595,1.03321,-7.90601,0.829916,-1.01891,5.47871,-0.10232,-0.014301,-1.74698,0.0309182,-0.338463,-0.0258832,4.05609,1.51047,-1.1289,-0.667804,1.2934,0.0127073,1.225,0.09,True,False
3.71,-0,0,-2.83729,-0.0290914,0.340957,22.1364,-0.366688,1.39532,2.39583,0.980912,-0.497363,-29.2017,-0.614224,-0.89796,5.61921,0.0290914,-0.340957,1.71917,-0,0,-0.195802,-0.0291939,0.351512,-1.39599,-0.722809,0.882585,-8.31048,0.826312,-0.438412,5.05156,-0.103503,-0.444173,-1.64644,0.0291939,-0.351512,-0.0269061,4.05838,1.55905,-1.13718,-0.652231,1.29583,0.0120166,1.225,0.09,True,False
3.715,-0,0,-3.03955,-0.0273447,0.357734,21.8043,-0.35964,1.42454,2.40853,0.978344,-0.530789,-28.9753,-0.618704,-0.893755,5.56866,0.0273447,-0.357734,1.65946,-0,0,-0.184722,-0.0274031,0.365053,-1.3655,-0.71877,0.739033,-8.37991,0.825531,0.0997709,4.522,-0.106762,-0.838804,-1.50049,0.0274031,-0.365053,-0.0278601,3.9888,1.5783,-1.14489,-0.636078,1.29829,0.0112919,1.225,0.09,True,False
3.72,-0,0,-3.1286,-0.0255141,0.374398,21.3216,-0.352443,1.45479,2.12551,0.975604,-0.565867,-28.7985,-0.623161,-0.888928,5.43538,0.0255141,-0.374398,1.57915,-0,0,-0.177233,-0.0255434,0.379045,-1.32637,-0.715419,0.611557,-8.13585,0.82731,0.575151,3.88787,-0.111891,-1.18671,-1.30921,0.0255434,-0.379045,-0.028703,3.86271,1.57134,-1.15193,-0.619418,1.30079,0.0105331,1.225,0.09,True,False
3.725,-0,0,-3.11458,-0.0236007,0.390833,20.7,-0.345092,1.48614,1.59077,0.972685,-0.602702,-28.6384,-0.627593,-0.88344,5.25494,0.0236007,-0.390833,1.49777,-0,0,-0.171193,-0.0236126,0.393418,-1.27878,-0.712654,0.508407,-7.61289,0.831283,0.968223,3.1474,-0.118629,-1.47663,-1.07368,0.0236126,-0.393418,-0.0293669,3.71194,1.54188,-1.15819,-0.6023,1.30331,0.00974059,1.225,0.09,True,False
3.73,-0,0,-3.00693,-0.0216058,0.406907,19.9571,-0.337582,1.5186,0.85862,0.969577,-0.64138,-28.4468,-0.631996,-0.877218,5.08482,0.0216058,-0.406907,1.45486,-0,0,-0.164447,-0.0216092,0.408062,-1.22282,-0.710335,0.43684,-6.8506,0.836992,1.26088,2.29862,-0.126658,-1.69772,-0.795206,0.0216092,-0.408062,-0.0297383,3.59344,1.49047,-1.16349,-0.584747,1.30586,0.00891499,1.225,0.09,True,False
3.735,-0,0,-2.81351,-0.0195316,0.422455,19.1705,-0.329906,1.55208,0.0402399,0.966271,-0.681941,-28.1238,-0.636365,-0.870143,5.09718,0.0195316,-0.422455,1.58122,-0,0,-0.154756,-0.019532,0.422795,-1.15912,-0.708286,0.403082,-5.93218,0.843892,1.43641,1.38792,-0.135606,-1.8395,-0.490638,0.019532,-0.422795,-0.0295794,3.6861,1.41033,-1.16762,-0.56676,1.30845,0.00805712,1.225,0.09,True,False
3.74,-0,0,-1.47752,-0.0173812,0.437233,9.87373,-0.322061,1.58629,-11.5163,0.962758,-0.724309,-33.0637,-0.640697,-0.86198,1.19543,0.0173812,-0.437233,-0.120125,-0,0,1.53148,-0.0173812,0.437273,5.02963,-0.706304,0.40842,5.80168,0.851356,1.49158,5.71259,-0.145053,-1.9,1.15647,0.0173812,-0.437273,-0.287612,0.518694,0.676592,-1.17015,-0.548281,1.31107,0.00716825,1.225,0.09,True,True
3.745,-0,0,-1.35185,-0.0151593,0.450877,8.68121,-0.314043,1.6203,-11.8436,0.959028,-0.768077,-31.7591,-0.644985,-0.85222,1.14383,0.0151593,-0.450877,-0.191512,-0,0,1.40327,-0.0151593,0.450877,4.62269,-0.704201,0.436458,6.52515,0.858808,1.47583,4.39141,-0.154606,-1.91229,1.18096,0.0151593,-0.450877,-0.32299,0.441849,0.701875,-1.17033,-0.529062,1.31371,0.00625027,1.2381,0.0792857,True,True
3.75,-0,0,-1.1977,-0.0128725,0.463039,7.387,-0.305858,1.65312,-12.1273,0.955077,-0.812727,-30.1524,-0.649219,-0.840397,1.08783,0.0128725,-0.463039,-0.28674,-0,0,1.23063,-0.0128725,0.463039,4.00124,-0.701939,0.468377,7.32355,0.866115,1.44558,3.05177,-0.164175,-1.91395,1.12116,0.0128725,-0.463039,-0.391678,0.346049,0.741706,-1.16745,-0.508883,1.31638,0.00530599,1.25119,0.0685714,True,True
3.755,-0,0,-1.02516,-0.0105289,0.473531,6.05955,-0.297512,1.68432,-12.3399,0.950901,-0.857923,-28.3809,-0.653389,-0.826393,1.02579,0.0105289,-0.473531,-0.389462,-0,0,1.04088,-0.0105289,0.473531,3.26217,-0.699518,0.50006,8.10527,0.873263,1.41265,1.58723,-0.173746,-1.91271,1.04358,0.0105289,-0.473531,-0.471636,0.241978,0.783767,-1.16124,-0.487759,1.31907,0.00433877,1.26429,0.0578571,True,True
3.76,-0,0,-0.842224,-0.00813715,0.482274,4.74826,-0.289015,1.71366,-12.4733,0.946498,-0.90341,-26.5237,-0.657483,-0.810247,0.960314,0.00813715,-0.482274,-0.493948,-0,0,0.845918,-0.00813715,0.482274,2.44678,-0.696939,0.531303,8.82925,0.880241,1.37721,0.0164526,-0.183303,-1.90852,0.965338,0.00813715,-0.482274,-0.556422,0.134987,0.825301,-1.15169,-0.465781,1.32178,0.00335219,1.27738,0.0471429,True,True
3.765,-0,0,-0.653423,-0.00570614,0.489241,3.47801,-0.280375,1.741,-12.5249,0.941867,-0.948953,-24.6164,-0.661492,-0.792049,0.893999,0.00570614,-0.489241,-0.599194,-0,0,0.650302,-0.00570614,0.489241,1.56936,-0.694205,0.561913,9.47943,0.887036,1.3395,-1.63148,-0.192831,-1.90141,0.889183,0.00570614,-0.489241,-0.645355,0.0271004,0.866887,-1.13887,-0.443054,1.3245,0.00234992,1.29048,0.0364286,True,True
3.77,-0,0,-0.460885,-0.00324474,0.494428,2.25866,-0.271605,1.76624,-12.4933,0.937008,-0.99432,-22.6733,-0.665404,-0.771918,0.828288,0.00324474,-0.494428,-0.705349,-0,0,0.456119,-0.00324474,0.494428,0.635615,-0.691319,0.591713,10.0494,0.893636,1.29976,-3.34379,-0.202317,-1.89147,0.816596,0.00324474,-0.494428,-0.738651,-0.0810555,0.90934,-1.12288,-0.41969,1.32723,0.00133564,1.30357,0.0257143,True,True
3.775,-0,0,-0.265423,-0.000761853,0.497841,1.09252,-0.262713,1.78926,-12.3773,0.931924,-1.03927,-20.6979,-0.669211,-0.749982,0.763855,0.000761853,-0.497841,-0.812968,-0,0,0.264132,-0.000761853,0.497841,-0.353437,-0.688287,0.620528,10.5372,0.900033,1.25828,-5.11668,-0.211746,-1.8788,0.748243,0.000761853,-0.497841,-0.83682,-0.189527,0.953382,-1.10385,-0.39581,1.32996,0.000313014,1.31667,0.015,True,True
3.78,-0,0,-0.0671716,0.00173367,0.499484,-0.0213328,-0.253712,1.80994,-12.1754,0.926616,-1.08357,-18.689,-0.672904,-0.726376,0.700722,-0.00173367,-0.499484,-0.922418,-0,0,0.0744433,0.00173367,0.499484,-1.399,-0.685114,0.648187,10.9426,0.906219,1.2153,-6.95085,-0.221105,-1.86349,0.684131,-0.00173367,-0.499484,-0.940158,-0.298559,0.99928,-1.08191,-0.371537,1.3327,-0.000714306,1.32976,0.00428571,True,True
3.785,-0,0,0.134022,0.00423299,0.499357,-1.08425,-0.244614,1.82818,-11.8865,0.921088,-1.12694,-16.6447,-0.676475,-0.701238,0.638078,-0.00423299,-0.499357,-1.03318,-0,0,-0.113112,0.00423299,0.499357,-2.50255,-0.681806,0.674521,11.2658,0.912186,1.17109,-8.84827,-0.230381,-1.84561,0.623444,-0.00423299,-0.499357,-1.04809,-0.408188,1.04626,-1.0572,-0.347001,1.33543,-0.00174269,1.34286,-0.00642857,True,True
3.79,-0,0,0.338311,0.00672725,0.497455,-2.09574,-0.23543,1.84383,-11.5104,0.915346,-1.16912,-14.5668,-0.679916,-0.674711,0.573811,-0.00672725,-0.497455,-1.14286,-0,0,-0.29868,0.00672725,0.497455,-3.66385,-0.678369,0.699363,11.506,0.91793,1.12587,-10.8093,-0.239561,-1.82523,0.564092,-0.00672725,-0.497455,-1.1582,-0.517776,1.09158,-1.02984,-0.322342,1.33816,-0.0027685,1.35595,-0.0171429,True,True
3.795,-0,0,0.545568,0.00920754,0.493769,-3.05094,-0.226175,1.85678,-11.0493,0.909397,-1.20983,-12.4661,-0.683222,-0.646951,0.503645,-0.00920754,-0.493769,-1.24564,-0,0,-0.482123,0.00920754,0.493769,-4.87838,-0.674812,0.722552,11.6614,0.923445,1.0799,-12.8292,-0.248633,-1.80245,0.501849,-0.00920754,-0.493769,-1.26477,-0.625348,1.12898,-0.999978,-0.297713,1.34087,-0.00378809,1.36905,-0.0278571,True,True
3.8,-0,0,0.754989,0.0116649,0.488286,-3.93708,-0.216862,1.86692,-10.511,0.903248,-1.2488,-10.3697,-0.686386,-0.618126,0.419728,-0.0116649,-0.488286,-1.32983,-0,0,-0.662648,0.0116649,0.488286,-6.1333,-0.671143,0.743945,11.7283,0.928729,1.03342,-14.8923,-0.257585,-1.77737,0.42896,-0.0116649,-0.488286,-1.35635,-0.726574,1.14628,-0.96776,-0.273283,1.34357,-0.00479781,1.38214,-0.0385714,True,True
3.805,-0,0,0.96447,0.0140904,0.481001,-4.7281,-0.207506,1.87425,-9.91384,0.896909,-1.28581,-8.33407,-0.689403,-0.588434,0.308415,-0.0140904,-0.481001,-1.37405,-0,0,-0.838222,0.0140904,0.481001,-7.4009,-0.667372,0.763437,11.7018,0.933779,0.98673,-16.963,-0.266407,-1.75017,0.331932,-0.0140904,-0.481001,-1.41206,-0.813158,1.12155,-0.933374,-0.249245,1.34625,-0.00579397,1.39524,-0.0492857,True,True
3.81,-0,0,1.16955,0.0164749,0.471926,-5.37619,-0.19812,1.87887,-9.29519,0.89039,-1.32076,-6.46495,-0.69227,-0.558113,0.146854,-0.0164749,-0.471926,-1.34126,-0,0,-1.0046,0.0164749,0.471926,-8.62782,-0.663509,0.780992,11.5756,0.938596,0.940152,-18.9711,-0.275087,-1.72114,0.188143,-0.0164749,-0.471926,-1.39573,-0.870293,1.01713,-0.897057,-0.225821,1.34891,-0.00677289,1.40833,-0.06,True,True
3.815,-0,0,1.36179,0.0188097,0.461111,-5.80159,-0.188717,1.8812,-8.72505,0.883701,-1.35374,-4.94451,-0.694984,-0.527462,-0.100459,-0.0188097,-0.461111,-1.17186,-0,0,-1.15358,0.0188097,0.461111,-9.71893,-0.659563,0.79671,11.3451,0.943181,0.894123,-20.7885,-0.283618,-1.69083,-0.0376421,-0.0188097,-0.461111,-1.24913,-0.873544,0.773106,-0.859136,-0.203264,1.35154,-0.00773095,1.42143,-0.0707143,True,True
3.82,-0,0,1.56328,0.0210861,0.448686,-6.15855,-0.179308,1.88203,-8.30021,0.876852,-1.38513,-3.67284,-0.697544,-0.496892,-0.378895,-0.0210861,-0.448686,-0.926037,-0,0,-1.24974,0.0210861,0.448686,-10.5092,-0.655542,0.810914,11.1332,0.947537,0.849216,-22.2951,-0.291995,-1.66013,-0.295798,-0.0210861,-0.448686,-1.00482,-0.838063,0.459247,-0.820108,-0.18189,1.35415,-0.00866468,1.43452,-0.0814286,True,True
3.825,-0,0,0.0132968,0.0232965,0.435007,1.24665,-0.169897,1.86791,-1.18798,0.86985,-1.39534,1.66924,-0.699953,-0.472574,-0.0828577,-0.0232965,-0.435007,0.028237,-0,0,-1.66284,0.0232965,0.434917,-19.6148,-0.651453,0.823578,4.36843,0.951673,0.805497,-27.9517,-0.300219,-1.62907,-1.14871,-0.0232965,-0.434917,-2.35278,-0.02099,-0.0618485,-0.786394,-0.167614,1.35672,-0.009571,1.445,-0.09,False,True
3.83,-0,0,-0.0654366,0.0254361,0.420793,1.31871,-0.160629,1.7951,-4.79174,0.862899,-1.32268,1.77423,-0.70227,-0.472425,-0.250238,-0.0254361,-0.420793,0.0286439,-0,0,-0.145815,0.0254352,0.420223,-19.9629,-0.647306,0.833447,8.71107,0.955592,0.76181,-24.9764,-0.308286,-1.59526,1.32156,-0.0254352,-0.420223,-1.71904,-0.103032,-0.147136,-0.776434,-0.17785,1.35927,-0.0104475,1.445,-0.09,False,True
3.835,-0,0,-0.172951,0.0275045,0.406718,1.3899,-0.151946,1.63511,-9.00584,0.856623,-1.12695,1.86424,-0.704677,-0.508154,-0.441822,-0.0275045,-0.406718,0.0280283,-0,0,1.723,0.0274988,0.405011,-20.4128,-0.643119,0.839752,13.6378,0.959291,0.717704,-21.8162,-0.316172,-1.55746,3.50245,-0.0274988,-0.405011,-1.51482,-0.19746,-0.244217,-0.80243,-0.223844,1.3618,-0.0112929,1.445,-0.09,False,True
3.84,-0,0,-0.290019,0.0295033,0.393105,1.45426,-0.144278,1.39509,-12.836,0.851629,-0.818207,1.90758,-0.707352,-0.576883,-0.609982,-0.0295033,-0.393105,0.0269349,-0,0,3.54926,0.0294853,0.389548,-20.7893,-0.638909,0.843022,17.9241,0.962769,0.674033,-19.3055,-0.323861,-1.51706,4.77329,-0.0294853,-0.389548,-1.45563,-0.280468,-0.329282,-0.861747,-0.302499,1.36431,-0.0121064,1.445,-0.09,False,True
3.845,-0,0,-0.408549,0.0314355,0.380105,1.51148,-0.137995,1.08662,-16.151,0.848441,-0.413797,1.90513,-0.710446,-0.672828,-0.745563,-0.0314355,-0.380105,0.0256389,-0,0,5.21755,0.0313942,0.373992,-21.0827,-0.634689,0.843792,21.5044,0.966031,0.631463,-17.356,-0.331343,-1.47525,5.44253,-0.0313942,-0.373992,-1.45004,-0.347425,-0.397815,-0.948718,-0.407933,1.36681,-0.0128876,1.445,-0.09,False,True
3.85,-0,0,-0.523037,0.0333044,0.367772,1.56154,-0.133411,0.721354,-18.932,0.847492,0.0676927,1.86063,-0.71408,-0.789047,-0.844663,-0.0333044,-0.367772,0.0243086,-0,0,6.67252,0.0332253,0.35844,-21.3104,-0.630471,0.84246,24.4261,0.969084,0.590397,-15.847,-0.338613,-1.43286,5.7805,-0.0332253,-0.35844,-1.4633,-0.396364,-0.447884,-1.05645,-0.533175,1.36931,-0.0136365,1.445,-0.09,False,True
3.855,-0,0,-0.628841,0.0351132,0.356088,1.60417,-0.130782,0.311097,-21.1667,0.849118,0.606482,1.77742,-0.718336,-0.917578,-0.904261,-0.0351132,-0.356088,0.0230629,-0,0,7.88025,0.0349786,0.342939,-21.492,-0.626264,0.839358,26.7125,0.971935,0.551091,-14.7222,-0.345671,-1.39045,5.93436,-0.0349786,-0.342939,-1.4804,-0.425797,-0.477967,-1.17696,-0.670276,1.37182,-0.0143533,1.445,-0.09,False,True
3.86,-0,0,-0.722216,0.0368652,0.344988,1.63897,-0.130301,-0.132277,-22.8549,0.853556,1.18202,1.65902,-0.723256,-1.04974,-0.922803,-0.0368652,-0.344988,0.0219861,-0,0,8.82403,0.0366547,0.32751,-21.6459,-0.622077,0.834782,28.3834,0.974595,0.513705,-13.9544,-0.352518,-1.34849,5.98143,-0.0366547,-0.32751,-1.49619,-0.43498,-0.487259,-1.30155,-0.810607,1.37434,-0.0150379,1.445,-0.09,False,True
3.865,-0,0,-0.8004,0.0385631,0.33437,1.66554,-0.132104,-0.597148,-24.0138,0.860938,1.77374,1.50963,-0.728834,-1.17659,-0.900586,-0.0385631,-0.33437,0.0211371,-0,0,9.5017,0.0382537,0.312152,-21.7865,-0.617916,0.829011,29.467,0.977072,0.47834,-13.5234,-0.359156,-1.30735,5.9629,-0.0382537,-0.312152,-1.50978,-0.4241,-0.475878,-1.42117,-0.945285,1.37688,-0.0156905,1.445,-0.09,False,True
3.87,-0,0,-0.861699,0.0402089,0.324108,1.68351,-0.136272,-1.07254,-24.6779,0.871294,2.36194,1.33416,-0.735022,-1.2894,-0.839847,-0.0402089,-0.324108,0.0205548,-0,0,9.92347,0.0397762,0.29685,-21.9234,-0.613787,0.822309,30.0053,0.979378,0.44505,-13.404,-0.365591,-1.26736,5.90284,-0.0397762,-0.29685,-1.52158,-0.394303,-0.444921,-1.52699,-1.06566,1.37944,-0.0163114,1.445,-0.09,False,True
3.875,-0,0,-0.905467,0.0418042,0.314063,1.69261,-0.14283,-1.54854,-24.8977,0.884558,2.92867,1.13819,-0.741728,-1.38013,-0.744559,-0.0418042,-0.314063,0.0202616,-0,0,10.1093,0.0412222,0.281584,-22.061,-0.609693,0.814927,30.0548,0.981523,0.413849,-13.5623,-0.37183,-1.22878,5.81768,-0.0412222,-0.281584,-1.5319,-0.347589,-0.396365,-1.6109,-1.16381,1.38202,-0.0169007,1.445,-0.09,False,True
3.88,-0,0,-0.932006,0.0433496,0.304086,1.69265,-0.151757,-2.01654,-24.7338,0.90058,3.45841,0.927557,-0.748823,-1.44187,-0.619981,-0.0433496,-0.304086,0.0202664,-0,0,10.086,0.042592,0.266329,-22.1991,-0.605638,0.807099,29.6816,0.983517,0.384721,-13.9567,-0.377879,-1.19182,5.71993,-0.042592,-0.266329,-1.54063,-0.286586,-0.332847,-1.66584,-1.23288,1.38463,-0.0174585,1.445,-0.09,False,True
3.885,-0,0,-0.942363,0.044845,0.29403,1.68365,-0.162995,-2.46949,-24.2517,0.919142,3.93854,0.707985,-0.756147,-1.46905,-0.472099,-0.044845,-0.29403,0.0205669,-0,0,9.88371,0.0438855,0.251063,-22.3344,-0.601622,0.799038,28.9559,0.98537,0.35762,-14.542,-0.383748,-1.15666,5.61893,-0.0438855,-0.251063,-1.54733,-0.214266,-0.257381,-1.68613,-1.26742,1.38726,-0.0179848,1.445,-0.09,False,True
3.89,-0,0,-0.938078,0.0462899,0.283748,1.66578,-0.176452,-2.90185,-23.5148,0.939966,4.35944,0.484678,-0.763514,-1.45759,-0.307081,-0.0462899,-0.283748,0.0211512,-0,0,9.53326,0.0451026,0.235768,-22.4611,-0.597647,0.790937,27.9452,0.987093,0.332478,-15.2736,-0.389445,-1.12342,5.52067,-0.0451026,-0.235768,-1.55145,-0.13368,-0.173084,-1.66755,-1.26342,1.38991,-0.0184799,1.445,-0.09,False,True
3.895,-0,0,-0.920935,0.0476825,0.273107,1.63943,-0.192014,-3.30949,-22.5804,0.962736,4.71432,0.262045,-0.770722,-1.40483,-0.130828,-0.0476825,-0.273107,0.0220002,-0,0,9.06335,0.0462432,0.220432,-22.5727,-0.593713,0.782973,26.7101,0.988695,0.30921,-16.1117,-0.394982,-1.09218,5.42755,-0.0462432,-0.220432,-1.55261,-0.0477328,-0.0829515,-1.60734,-1.2183,1.39259,-0.0189438,1.445,-0.09,False,True
3.9,-0,0,-0.892739,0.0490209,0.261979,1.60523,-0.209547,-3.68951,-21.4962,0.987109,4.99898,0.0435594,-0.777562,-1.30947,0.0513043,-0.0490209,-0.261979,0.023088,-0,0,8.49905,0.047307,0.205053,-22.6622,-0.589818,0.775305,25.3008,0.990185,0.287717,-17.0226,-0.400367,-1.06302,5.33877,-0.047307,-0.205053,-1.55064,0.040953,0.0102871,-1.50409,-1.13084,1.39529,-0.0193765,1.445,-0.09,False,True
3.905,-0,0,-0.855143,0.0503023,0.250257,1.56402,-0.228909,-4.03992,-20.299,1.01273,5.21133,-0.168226,-0.783817,-1.17141,0.234639,-0.0503023,-0.250257,0.0243832,-0,0,7.86096,0.0482937,0.189635,-22.7231,-0.58596,0.76808,23.756,0.991572,0.267895,-17.9803,-0.405612,-1.03597,5.25107,-0.0482937,-0.189635,-1.54561,0.1301,0.104236,-1.35758,-1.00098,1.39802,-0.0197782,1.445,-0.09,False,True
3.91,-0,0,-0.809546,0.0515235,0.237845,1.51687,-0.249946,-4.35944,-19.0152,1.03922,5.35094,-0.371568,-0.789276,-0.991502,0.415177,-0.0515235,-0.237845,0.0258493,-0,0,7.16512,0.0492033,0.17419,-22.7492,-0.582137,0.761437,22.1037,0.992864,0.249629,-18.965,-0.410727,-1.01107,5.15971,-0.0492033,-0.17419,-1.53773,0.217777,0.196834,-1.1686,-0.829654,1.40076,-0.0201491,1.445,-0.09,False,True
3.915,-0,0,-0.757027,0.0526808,0.22467,1.46502,-0.272503,-4.64718,-17.6616,1.06624,5.41867,-0.565347,-0.793732,-0.77149,0.589519,-0.0526808,-0.22467,0.0274453,-0,0,6.42338,0.0500356,0.158741,-22.7348,-0.578345,0.755507,20.3624,0.994068,0.232803,-19.9627,-0.415723,-0.988309,5.05941,-0.0500356,-0.158741,-1.52724,0.302356,0.286316,-0.938802,-0.618623,1.40352,-0.0204892,1.445,-0.09,False,True
3.92,-0,0,-0.698338,0.0537702,0.210679,1.40984,-0.296418,-4.9025,-16.2475,1.09341,5.4163,-0.748852,-0.796991,-0.513802,0.754748,-0.0537702,-0.210679,0.0291253,-0,0,5.64419,0.0507907,0.143317,-22.6746,-0.574582,0.750415,18.5435,0.995192,0.217296,-20.9632,-0.42061,-0.967711,4.94514,-0.0507907,-0.143317,-1.51428,0.382455,0.371156,-0.670585,-0.370352,1.4063,-0.0207988,1.445,-0.09,False,True
3.925,-0,0,-0.633927,0.0547876,0.195843,1.35281,-0.321528,-5.12478,-14.7762,1.1204,5.34626,-0.921569,-0.79887,-0.221478,0.908308,-0.0547876,-0.195843,0.0308395,-0,0,4.83349,0.0514688,0.127955,-22.5636,-0.570841,0.746283,16.653,0.996241,0.202985,-21.9591,-0.4254,-0.949267,4.81266,-0.0514688,-0.127955,-1.49886,0.456875,0.450008,-0.366957,-0.0879018,1.40909,-0.0210782,1.445,-0.09,False,True
3.93,-0,0,-0.563985,0.0557286,0.180159,1.29544,-0.347666,-5.31336,-13.2476,1.14687,5.21145,-1.08298,-0.799206,0.10191,1.04791,-0.0557286,-0.180159,0.0325347,-0,0,3.99569,0.0520703,0.112701,-22.3973,-0.567119,0.74322,14.6944,0.997222,0.189743,-22.944,-0.430103,-0.932963,4.65882,-0.0520703,-0.112701,-1.48079,0.52455,0.521658,-0.0314949,0.22515,1.41189,-0.0213278,1.445,-0.09,False,True
3.935,-0,0,-0.488517,0.0565891,0.16365,1.23919,-0.374662,-5.46743,-11.6595,1.17251,5.01512,-1.23238,-0.797851,0.452312,1.17146,-0.0565891,-0.16365,0.0341552,-0,0,3.13452,0.0525958,0.097608,-22.1714,-0.563409,0.741331,12.6701,0.998139,0.177442,-23.912,-0.43473,-0.918773,4.48178,-0.0525958,-0.097608,-1.45972,0.584509,0.584998,0.331722,0.564759,1.4147,-0.0215478,1.445,-0.09,False,True
3.94,-0,0,-0.407428,0.0573651,0.146368,1.18541,-0.40234,-5.58605,-10.0099,1.19702,4.76081,-1.36877,-0.794682,0.82524,1.27706,-0.0573651,-0.146368,0.0356447,-0,0,2.25381,0.0530463,0.0827342,-21.8823,-0.559706,0.740706,10.5835,0.998996,0.165949,-24.8569,-0.439291,-0.906656,4.28107,-0.0530463,-0.0827342,-1.43516,0.635863,0.639016,0.718146,0.926453,1.41752,-0.0217389,1.445,-0.09,False,True
3.945,-0,0,-0.32062,0.0580528,0.128391,1.1353,-0.430522,-5.66813,-8.29752,1.22012,4.45232,-1.49069,-0.789599,1.21581,1.36298,-0.0580528,-0.128391,0.036948,-0,0,1.35819,0.0534231,0.0681441,-21.5275,-0.556002,0.74142,8.44035,0.999798,0.15513,-25.7718,-0.443796,-0.89655,4.05765,-0.0534231,-0.0681441,-1.4066,0.677809,0.682812,1.12281,1.30538,1.42034,-0.0219016,1.445,-0.09,False,True
3.95,-0,0,-0.228098,0.058649,0.109825,1.08981,-0.459022,-5.71252,-6.5241,1.24155,4.09372,-1.59623,-0.782524,1.6188,1.42775,-0.058649,-0.109825,0.0380136,-0,0,0.453468,0.0537278,0.0539057,-21.1058,-0.552291,0.743527,6.24955,1.00055,0.144847,-26.6492,-0.448256,-0.888374,3.81388,-0.0537278,-0.0539057,-1.37361,0.709649,0.715624,1.54036,1.69636,1.42316,-0.0220366,1.445,-0.09,False,True
3.955,-0,0,-0.130066,0.0591511,0.0907989,1.04962,-0.487647,-5.71809,-4.69466,1.26106,3.68938,-1.6829,-0.773411,2.0287,1.47025,-0.0591511,-0.0907989,0.0387963,-0,0,-0.453049,0.0539622,0.040089,-20.618,-0.548567,0.747057,4.02422,1.00125,0.134964,-27.4808,-0.45268,-0.882022,3.55347,-0.0539622,-0.040089,-1.33596,0.730823,0.736873,1.96518,2.09396,1.42598,-0.0221445,1.445,-0.09,False,True
3.96,-0,0,-0.0270182,0.059557,0.0714638,1.01516,-0.516203,-5.6838,-2.81851,1.27844,3.24397,-1.74774,-0.762237,2.43983,1.48973,-0.059557,-0.0714638,0.03926,-0,0,-1.35252,0.0541287,0.0267626,-20.0674,-0.544821,0.752016,1.78178,1.0019,0.125345,-28.2585,-0.457076,-0.877361,3.28131,-0.0541287,-0.0267626,-1.29375,0.740956,0.746206,2.39142,2.49253,1.42879,-0.0222262,1.445,-0.09,False,True
3.965,-0,0,0.0801952,0.0598657,0.0519843,0.986531,-0.544485,-5.60889,-0.909582,1.2935,2.76248,-1.78733,-0.749012,2.84641,1.48596,-0.0598657,-0.0519843,0.0393802,-0,0,-2.23475,0.0542298,0.0139918,-19.4602,-0.541047,0.758376,-0.456198,1.0025,0.115857,-28.9744,-0.461453,-0.874233,3.00325,-0.0542298,-0.0139918,-1.24753,0.739892,0.743543,2.81314,2.88642,1.4316,-0.0222827,1.445,-0.09,False,True
3.97,-0,0,0.190342,0.0600769,0.0325345,0.963625,-0.572291,-5.49295,1.01356,1.30606,2.25023,-1.79794,-0.733773,3.24272,1.45926,-0.0600769,-0.0325345,0.0391459,-0,0,-3.08852,0.0542686,0.00183391,-18.8056,-0.537237,0.766084,-2.66462,1.00306,0.106375,-29.6222,-0.465819,-0.872459,2.72574,-0.0542686,-0.00183391,-1.19828,0.727735,0.729101,3.22448,3.26998,1.43439,-0.0223148,1.445,-0.09,False,True
3.975,-0,0,0.301818,0.0601911,0.0132901,0.946123,-0.599415,-5.33608,2.92806,1.316,1.71282,-1.77568,-0.716585,3.62326,1.41057,-0.0601911,-0.0132901,0.0385609,-0,0,-3.90213,0.0542482,-0.00966429,-18.1164,-0.533386,0.775055,-4.81589,1.00356,0.0967828,-30.1973,-0.470178,-0.871838,2.45541,-0.0542482,0.00966429,-1.14739,0.704871,0.703415,3.61975,3.6378,1.43717,-0.0223236,1.445,-0.09,False,True
3.98,-0,0,0.412709,0.0602098,-0.0055789,0.933578,-0.625652,-5.139,4.80754,1.32319,1.15616,-1.71675,-0.697541,3.98284,1.34139,-0.0602098,0.0055789,0.0376441,-0,0,-4.66409,0.054172,-0.0204706,-17.408,-0.529487,0.785182,-6.88126,1.00402,0.0869776,-30.6978,-0.474537,-0.87216,2.19859,-0.054172,0.0204706,-1.09654,0.671968,0.667323,3.99366,3.98482,1.43994,-0.0223102,1.445,-0.09,False,True
3.985,-0,0,0.520886,0.0601353,-0.0239154,0.925488,-0.650805,-4.90311,6.6232,1.32756,0.586313,-1.61771,-0.676757,4.31679,1.25379,-0.0601353,0.0239154,0.0364284,-0,0,-5.3637,0.0540435,-0.0305703,-16.6983,-0.525534,0.796339,-8.83231,1.00443,0.0768714,-31.1245,-0.4789,-0.87321,1.96092,-0.0540435,0.0305703,-1.04752,0.629958,0.621936,4.34138,4.30644,1.44269,-0.0222756,1.445,-0.09,False,True
3.99,-0,0,0.624138,0.0599706,-0.0415822,0.921357,-0.674683,-4.63053,8.34508,1.32906,0.00950619,-1.4757,-0.654373,4.62103,1.15024,-0.0599706,0.0415822,0.0349591,-0,0,-5.99178,0.0538663,-0.0399682,-16.007,-0.521523,0.808388,-10.6425,1.00479,0.0663931,-31.4814,-0.483269,-0.874781,1.74697,-0.0538663,0.0399682,-1.00205,0.579997,0.568578,4.65874,4.59867,1.44542,-0.022221,1.445,-0.09,False,True
3.995,-0,0,0.720316,0.0597194,-0.0584667,0.920755,-0.69711,-4.32417,9.9436,1.32766,-0.568,-1.28877,-0.630546,4.89217,1.03355,-0.0597194,0.0584667,0.0332907,-0,0,-6.5411,0.0536438,-0.0486905,-15.354,-0.51745,0.821189,-12.2884,1.0051,0.0554899,-31.7752,-0.487647,-0.876679,1.56016,-0.0536438,0.0486905,-0.961551,0.523402,0.508716,4.94228,4.85823,1.44812,-0.0221474,1.445,-0.09,False,True
4,-0,0,0.807469,0.0593859,-0.0744856,0.923345,-0.717925,-3.98761,11.3909,1.32338,-1.13998,-1.05605,-0.605451,5.12759,0.906645,-0.0593859,0.0744856,0.0314834,-0,0,-7.00672,0.0533793,-0.0567847,-14.7589,-0.513311,0.834609,-13.7509,1.00535,0.0441262,-32.0144,-0.492036,-0.878735,1.40268,-0.0533793,0.0567847,-0.927052,0.461573,0.443872,5.18932,5.08255,1.4508,-0.0220558,1.445,-0.09,False,True
4.005,-0,0,0.883967,0.0589746,-0.089586,0.928902,-0.736986,-3.62509,12.6622,1.31626,-1.70034,-0.777931,-0.579271,5.32544,0.772426,-0.0589746,0.089586,0.0295995,-0,0,-7.38605,0.0530759,-0.0643185,-14.2396,-0.509104,0.84853,-15.0155,1.00554,0.0322822,-32.2092,-0.496435,-0.880812,1.27572,-0.0530759,0.0643185,-0.899146,0.395918,0.375535,5.39799,5.26981,1.45345,-0.0219472,1.445,-0.09,False,True
4.01,-0,0,0.948573,0.0584901,-0.103745,0.937302,-0.754176,-3.24139,13.7365,1.30637,-2.24318,-0.456153,-0.552197,5.48457,0.633613,-0.0584901,0.103745,0.0276994,-0,0,-7.6787,0.0527362,-0.0713779,-13.8116,-0.504826,0.862854,-16.0727,1.00567,0.0199515,-32.3699,-0.500844,-0.882806,1.1797,-0.0527362,0.0713779,-0.878029,0.327767,0.305088,5.56715,5.41891,1.45607,-0.0218222,1.445,-0.09,False,True
4.015,-0,0,1.00049,0.0579371,-0.116971,0.948502,-0.7694,-2.84167,14.5978,1.29383,-2.76285,-0.0938118,-0.524425,5.60452,0.492599,-0.0579371,0.116971,0.0258391,-0,0,-7.88608,0.0523622,-0.0780638,-13.4871,-0.500475,0.877511,-16.9175,1.00574,0.00713713,-32.5063,-0.505263,-0.884648,1.11447,-0.0523622,0.0780638,-0.863596,0.258307,0.233733,5.69636,5.52939,1.45866,-0.0216815,1.445,-0.09,False,True
4.02,-0,0,1.03935,0.0573204,-0.129295,0.962513,-0.782593,-2.43141,15.2346,1.27874,-3.254,0.30473,-0.496151,5.68541,0.351355,-0.0573204,0.129295,0.0240671,-0,0,-8.01091,0.0519555,-0.0844888,-13.2748,-0.496051,0.892456,-17.549,1.00574,-0.00615171,-32.6266,-0.50969,-0.886305,1.07952,-0.0519555,0.0844888,-0.855561,0.188528,0.162448,5.78577,5.60136,1.46122,-0.0215256,1.445,-0.09,False,True
4.025,-0,0,1.06516,0.0566442,-0.140772,0.979364,-0.793714,-2.01621,15.6401,1.26129,-3.71158,0.733997,-0.467571,5.72778,0.211363,-0.0566442,0.140772,0.0224237,-0,0,-8.05658,0.0515173,-0.0907722,-13.1794,-0.491551,0.907676,-17.9696,1.00568,-0.0199039,-32.7376,-0.514126,-0.887772,1.07404,-0.0515173,0.0907722,-0.853571,0.11919,0.0919573,5.83599,5.63534,1.46375,-0.0213547,1.445,-0.09,False,True
4.03,-0,0,1.07829,0.0559126,-0.151475,0.999077,-0.802755,-1.60166,15.812,1.24163,-4.13086,1.18761,-0.438874,5.73252,0.0736,-0.0559126,0.151475,0.0209405,-0,0,-8.0266,0.0510478,-0.0970367,-13.2023,-0.486974,0.92318,-18.1837,1.00554,-0.0341099,-32.8433,-0.518568,-0.88907,1.09686,-0.0510478,0.0970367,-0.857277,0.0508034,0.0227246,5.84797,5.63218,1.46625,-0.0211689,1.445,-0.09,False,True
4.035,-0,0,1.07932,0.0551294,-0.161489,1.02164,-0.809731,-1.19328,15.7511,1.21998,-4.5074,1.65856,-0.410246,5.70068,-0.0614512,-0.0551294,0.161489,0.0196403,-0,0,-7.92404,0.0505469,-0.103404,-13.3413,-0.482319,0.939001,-18.1973,1.00534,-0.0487644,-32.9459,-0.523017,-0.890236,1.14648,-0.0505469,0.103404,-0.866379,-0.0163592,-0.0450367,5.82284,5.59288,1.46871,-0.0209681,1.445,-0.09,False,True
4.04,-0,0,1.06903,0.0542978,-0.170909,1.04698,-0.814688,-0.796392,15.4616,1.19655,-4.83702,2.13941,-0.381867,5.63342,-0.193747,-0.0542978,0.170909,0.0185385,-0,0,-7.7512,0.0500138,-0.109993,-13.5915,-0.477584,0.955187,-18.0168,1.00505,-0.0638691,-33.0449,-0.527471,-0.891318,1.22111,-0.0500138,0.109993,-0.880651,-0.0822456,-0.111334,5.76183,5.51855,1.47115,-0.020752,1.445,-0.09,False,True
4.045,-0,0,1.04827,0.0534203,-0.179837,1.07496,-0.817695,-0.416059,14.9496,1.17161,-5.11577,2.62261,-0.353911,5.53183,-0.323609,-0.0534203,0.179837,0.0176438,-0,0,-7.50944,0.049447,-0.116913,-13.9455,-0.472767,0.971797,-17.6484,1.0047,-0.0794336,-33.1378,-0.53193,-0.892364,1.31878,-0.049447,0.116913,-0.89996,-0.146986,-0.176358,5.66612,5.41021,1.47356,-0.0205201,1.445,-0.09,False,True
4.05,-0,0,1.01798,0.0524994,-0.188375,1.10538,-0.818848,-0.0570426,14.2226,1.1454,-5.33986,3.10072,-0.326549,5.3969,-0.451625,-0.0524994,0.188375,0.0169598,-0,0,-7.19915,0.0488446,-0.124266,-14.394,-0.467866,0.988898,-17.098,1.00426,-0.095476,-33.2199,-0.536394,-0.893422,1.43772,-0.0488446,0.124266,-0.924298,-0.210847,-0.240428,5.5368,5.26879,1.47594,-0.0202716,1.445,-0.09,False,True
4.055,-0,0,0.979083,0.0515366,-0.196627,1.13793,-0.818265,0.276233,13.2898,1.11821,-5.5057,3.56654,-0.299942,5.22946,-0.578529,-0.0515366,0.196627,0.0164856,-0,0,-6.82009,0.0482043,-0.132144,-14.9262,-0.462878,1.00655,-16.3709,1.00374,-0.112023,-33.2847,-0.540864,-0.894528,1.57676,-0.0482043,0.132144,-0.953818,-0.27417,-0.303934,5.37475,5.09505,1.47829,-0.0200058,1.445,-0.09,False,True
4.06,-0,0,0.932534,0.0505331,-0.204698,1.17222,-0.816086,0.579701,12.1613,1.09034,-5.60984,4.01328,-0.274254,5.03013,-0.705074,-0.0505331,0.204698,0.0162168,-0,0,-6.37172,0.0475232,-0.140624,-15.5299,-0.457801,1.02481,-15.472,1.00314,-0.129109,-33.3236,-0.545339,-0.895705,1.73583,-0.0475232,0.140624,-0.988862,-0.337313,-0.36727,5.18068,4.88955,1.48062,-0.0197216,1.445,-0.09,False,True
4.065,-0,0,0.8793,0.0494896,-0.212685,1.20778,-0.812468,0.84968,10.8491,1.06211,-5.64904,4.43462,-0.249641,4.79936,-0.831878,-0.0494896,0.212685,0.0161462,-0,0,-5.85387,0.0467981,-0.149773,-16.192,-0.45263,1.04373,-14.4067,1.00245,-0.146774,-33.327,-0.549821,-0.896958,1.91628,-0.0467981,0.149773,-1.02996,-0.400567,-0.430763,4.95511,4.65266,1.48293,-0.0194179,1.445,-0.09,False,True
4.07,-0,0,0.8204,0.0484063,-0.220686,1.24404,-0.807589,1.08291,9.36771,1.03385,-5.62034,4.8247,-0.22626,4.53743,-0.959265,-0.0484063,0.220686,0.0162641,-0,0,-5.26746,0.0460255,-0.159642,-16.8986,-0.447363,1.06333,-13.1819,1.00167,-0.165063,-33.2841,-0.554309,-0.898271,2.12104,-0.0460255,0.159642,-1.07779,-0.464084,-0.494583,4.69841,4.38461,1.48522,-0.0190934,1.445,-0.09,False,True
4.075,-0,0,0.756949,0.0472828,-0.228789,1.28032,-0.801639,1.27658,7.735,1.00591,-5.52121,5.17802,-0.204267,4.24463,-1.08708,-0.0472828,0.228789,0.0165583,-0,0,-4.61531,0.0452017,-0.170266,-17.6346,-0.441997,1.08363,-11.8076,1.0008,-0.184023,-33.1841,-0.558804,-0.899608,2.35429,-0.0452017,0.170266,-1.13302,-0.52778,-0.558664,4.41092,4.08562,1.48749,-0.018747,1.445,-0.09,False,True
4.08,-0,0,0.690205,0.0461184,-0.237079,1.31587,-0.794823,1.42849,5.97418,0.978637,-5.34978,5.48934,-0.183814,3.9213,-1.21452,-0.0461184,0.237079,0.0170145,-0,0,-3.90302,0.0443228,-0.181666,-18.3838,-0.436527,1.10461,-10.299,0.999832,-0.2037,-33.0174,-0.563305,-0.900913,2.62063,-0.0443228,0.181666,-1.1961,-0.591244,-0.622603,4.09305,3.75597,1.48976,-0.0183771,1.445,-0.09,False,True
4.085,-0,0,0.621603,0.044912,-0.245631,1.34985,-0.787354,1.53706,4.11512,0.952408,-5.10514,5.75348,-0.165054,3.56808,-1.33993,-0.044912,0.245631,0.0176162,-0,0,-3.13974,0.043385,-0.193846,-19.1287,-0.430951,1.12625,-8.6785,0.998763,-0.224142,-32.7772,-0.567813,-0.902111,2.92368,-0.043385,0.193846,-1.26694,-0.65365,-0.685578,3.74549,3.39627,1.49201,-0.0179824,1.445,-0.09,False,True
4.09,-0,0,0.552782,0.0436621,-0.254512,1.38136,-0.779453,1.60161,2.19591,0.927586,-4.78774,5.96514,-0.148133,3.18613,-1.46066,-0.0436621,0.254512,0.0183451,-0,0,-2.33876,0.0423843,-0.206791,-19.8503,-0.425264,1.14851,-6.9779,0.997591,-0.245391,-32.4612,-0.572326,-0.903114,3.26417,-0.0423843,0.206791,-1.34461,-0.713673,-0.746266,3.36946,3.00762,1.49427,-0.0175615,1.445,-0.09,False,True
4.095,-0,0,0.485556,0.0423668,-0.26378,1.40943,-0.771338,1.62247,0.263715,0.904531,-4.39984,6.11868,-0.133192,2.77737,-1.57298,-0.0423668,0.26378,0.019181,-0,0,-1.51778,0.0413171,-0.220472,-20.528,-0.419466,1.17132,-5.23994,0.99631,-0.267489,-32.0738,-0.576844,-0.903831,3.63795,-0.0413171,0.220472,-1.42696,-0.76945,-0.802799,2.96692,2.5919,1.49652,-0.017113,1.445,-0.09,False,True
4.1,-0,0,0.421842,0.0410243,-0.273482,1.43307,-0.763228,1.60125,-1.62545,0.883587,-3.94603,6.20806,-0.12036,2.34478,-1.67208,-0.0410243,0.273482,0.0201026,-0,0,-0.698553,0.0401796,-0.234838,-21.1404,-0.413551,1.19465,-3.51849,0.994916,-0.290475,-31.6268,-0.581365,-0.90417,4.03427,-0.0401796,0.234838,-1.51041,-0.818582,-0.852777,2.54088,2.15207,1.49878,-0.0166357,1.445,-0.09,False,True
4.105,-0,0,0.363532,0.039632,-0.283655,1.45128,-0.755326,1.54097,-3.40856,0.865071,-3.4336,6.22682,-0.109745,1.89263,-1.75227,-0.039632,0.283655,0.0210883,-0,0,0.0939902,0.0389687,-0.249825,-21.6653,-0.407519,1.21844,-1.87694,0.993405,-0.314394,-31.1401,-0.585886,-0.904051,4.43507,-0.0389687,0.249825,-1.58996,-0.858224,-0.893346,2.09566,1.69238,1.50105,-0.0161284,1.445,-0.09,False,True
4.11,-0,0,0.312303,0.0381877,-0.294326,1.46311,-0.747818,1.44623,-5.01936,0.849251,-2.87294,6.16827,-0.101433,1.4267,-1.80729,-0.0381877,0.294326,0.0221168,-0,0,0.833503,0.0376814,-0.265351,-22.0813,-0.401367,1.24271,-0.384239,0.991772,-0.339294,-30.6401,-0.590405,-0.903411,4.81591,-0.0376814,0.265351,-1.65942,-0.885249,-0.92137,1.63704,1.21859,1.50334,-0.0155899,1.445,-0.09,False,True
4.115,-0,0,0.269411,0.0366888,-0.305511,1.46766,-0.740864,1.32323,-6.39387,0.836341,-2.27759,6.02573,-0.0954777,0.954351,-1.83082,-0.0366888,0.305511,0.0231677,-0,0,1.49453,0.0363152,-0.281322,-22.3687,-0.395092,1.26745,0.891425,0.990012,-0.365235,-30.1566,-0.59492,-0.902213,5.14868,-0.0363152,0.281322,-1.71202,-0.896506,-0.933682,1.17241,0.73804,1.50564,-0.0150193,1.445,-0.09,False,True
4.12,-0,0,0.235488,0.0351326,-0.317218,1.46417,-0.734586,1.1796,-7.47706,0.826476,-1.66405,5.79302,-0.0918897,0.484447,-1.81707,-0.0351326,0.317218,0.0242221,-0,0,2.05514,0.0348682,-0.297633,-22.5115,-0.388692,1.29273,1.89039,0.988119,-0.392289,-29.7179,-0.599427,-0.900439,5.40594,-0.0348682,0.297633,-1.74124,-0.889118,-0.927384,0.710631,0.25961,1.50797,-0.014416,1.445,-0.09,False,True
4.125,-0,0,0.210412,0.0335166,-0.329444,1.45204,-0.729068,1.02411,-8.22933,0.819701,-1.05127,5.46479,-0.0906332,0.0271682,-1.76143,-0.0335166,0.329444,0.0252616,-0,0,2.49945,0.0333389,-0.314171,-22.4984,-0.382165,1.31864,2.56939,0.986089,-0.420547,-29.3458,-0.603924,-0.898095,5.56612,-0.0333389,0.314171,-1.7419,-0.860783,-0.90014,0.261892,-0.206523,1.51031,-0.0137793,1.445,-0.09,False,True
4.13,-0,0,0.193283,0.0318382,-0.342178,1.43086,-0.724345,0.866238,-8.63121,0.815963,-0.459873,5.03682,-0.091618,-0.406364,-1.6608,-0.0318382,0.342178,0.0262665,-0,0,2.81925,0.0317264,-0.330821,-22.3236,-0.375506,1.3453,2.90753,0.983914,-0.450108,-29.0509,-0.608408,-0.895193,5.61812,-0.0317264,0.330821,-1.7114,-0.80998,-0.850388,-0.162695,-0.649229,1.51269,-0.0131089,1.445,-0.09,False,True
4.135,-0,0,0.182513,0.0300948,-0.355399,1.40043,-0.720405,0.715647,-8.68501,0.815102,0.0888691,4.50607,-0.0946968,-0.804516,-1.51383,-0.0300948,0.355399,0.0272111,-0,0,3.01445,0.0300307,-0.347466,-21.9878,-0.368712,1.37283,2.90885,0.981588,-0.481086,-28.8297,-0.612876,-0.891744,5.56475,-0.0300307,0.347466,-1.65136,-0.73606,-0.777417,-0.551515,-1.05686,1.51509,-0.0124047,1.445,-0.09,False,True
4.14,-0,0,0.176028,0.0282842,-0.369068,1.36075,-0.717188,0.581637,-8.41263,0.816852,0.573935,3.87047,-0.0996632,-1.15557,-1.32069,-0.0282842,0.369068,0.028057,-0,0,3.09185,0.0282518,-0.36399,-21.4972,-0.361778,1.40134,2.60067,0.979103,-0.513591,-28.6639,-0.617326,-0.887746,5.42443,-0.0282518,0.36399,-1.57003,-0.639148,-0.681271,-0.892882,-1.41768,1.51753,-0.0116668,1.445,-0.09,False,True
4.145,-0,0,0.171505,0.0264041,-0.383125,1.31192,-0.714589,0.472736,-7.84975,0.820841,0.975348,3.12838,-0.106253,-1.44808,-1.0826,-0.0264041,0.383125,0.0287405,-0,0,3.06235,0.0263908,-0.38027,-20.8639,-0.354698,1.4309,2.02814,0.976452,-0.547727,-28.5202,-0.621754,-0.883168,5.23252,-0.0263908,0.38027,-1.4867,-0.519907,-0.5625,-1.1754,-1.72019,1.51999,-0.0108955,1.445,-0.09,False,True
4.15,-0,0,0.166587,0.0244529,-0.397467,1.25394,-0.712461,0.39644,-7.03738,0.826605,1.27461,2.278,-0.114144,-1.67105,-0.80109,-0.0244529,0.397467,0.0291538,-0,0,2.93643,0.0244491,-0.396176,-20.1051,-0.347469,1.46152,1.24689,0.973626,-0.583574,-28.3507,-0.626157,-0.877945,5.04541,-0.0244491,0.396176,-1.44031,-0.379183,-0.421784,-1.38814,-1.95334,1.52249,-0.0100914,1.445,-0.09,False,True
4.155,-0,0,0.158771,0.0224295,-0.411925,1.18757,-0.710624,0.359177,-6.0631,0.833587,1.45472,1.36588,-0.122963,-1.8139,-0.493327,-0.0224295,0.411925,0.0290597,-0,0,2.7238,0.022429,-0.411541,-19.2997,-0.340083,1.49314,0.372555,0.970616,-0.621176,-28.0546,-0.630533,-0.871963,5.03548,-0.022429,0.411541,-1.56139,-0.22571,-0.267553,-1.52067,-2.10644,1.52501,-0.00925536,1.445,-0.09,False,True
4.16,-0,0,-1.50763,0.0203337,-0.426167,-4.83424,-0.708869,0.36228,5.55143,0.841152,1.51241,5.62388,-0.132283,-1.87469,1.13404,-0.0203337,0.426167,0.301429,-0,0,1.4222,0.0203337,-0.42612,-10.1693,-0.332537,1.52545,-11.0702,0.967414,-0.66046,-32.944,-0.634877,-0.864987,1.15483,-0.0203337,0.42612,0.117478,0.777831,0.356089,-1.57128,-2.17733,1.52756,-0.00838869,1.445,-0.09,True,True
4.165,-0,0,-1.38129,0.0181678,-0.439554,-4.45115,-0.707002,0.388821,6.31017,0.848712,1.49798,4.31985,-0.14171,-1.8868,1.15778,-0.0181678,0.439554,0.336654,-0,0,1.29851,0.0181678,-0.439554,-8.94583,-0.324829,1.55752,-11.4274,0.964012,-0.701033,-31.6474,-0.639183,-0.856482,1.10331,-0.0181678,0.439554,0.191346,0.814499,0.343178,-1.57383,-2.19893,1.53015,-0.00749329,1.4581,-0.0792857,True,True
4.17,-0,0,-1.20892,0.0159381,-0.451499,-3.85591,-0.704981,0.419373,7.15446,0.856132,1.46881,3.01472,-0.151151,-1.88819,1.09781,-0.0159381,0.451499,0.406501,-0,0,1.14693,0.0159381,-0.451499,-7.61933,-0.316962,1.58835,-11.7503,0.960404,-0.742389,-30.0524,-0.643442,-0.845958,1.04853,-0.0159381,0.451499,0.28992,0.833761,0.263981,-1.56671,-2.2088,1.53275,-0.00657201,1.47119,-0.0685714,True,True
4.175,-0,0,-1.019,0.0136528,-0.461769,-3.1473,-0.702808,0.449702,7.98672,0.8634,1.43694,1.59139,-0.160592,-1.88664,1.01958,-0.0136528,0.461769,0.486872,-0,0,0.977164,0.0136528,-0.461769,-6.25838,-0.308945,1.61749,-12.0075,0.956588,-0.784201,-28.2966,-0.647642,-0.833289,0.987461,-0.0136528,0.461769,0.395341,0.851312,0.168223,-1.55786,-2.21457,1.53538,-0.0056282,1.48429,-0.0578571,True,True
4.18,-0,0,-0.823589,0.0113205,-0.470284,-2.36565,-0.700484,0.479603,8.76389,0.870501,1.40252,0.0647266,-0.170017,-1.88212,0.940181,-0.0113205,0.470284,0.571268,-0,0,0.796979,0.0113205,-0.470284,-4.91273,-0.300787,1.64474,-12.1892,0.952562,-0.826221,-26.4578,-0.651775,-0.818516,0.922583,-0.0113205,0.470284,0.501866,0.871109,0.0690402,-1.5473,-2.21613,1.53802,-0.00466546,1.49738,-0.0471429,True,True
4.185,-0,0,-0.627202,0.00894996,-0.477021,-1.52428,-0.698012,0.508889,9.46948,0.877425,1.36578,-1.53737,-0.179413,-1.87467,0.862557,-0.00894996,0.477021,0.659322,-0,0,0.610768,0.00894996,-0.477021,-3.60738,-0.292498,1.66994,-12.292,0.948326,-0.868214,-24.5702,-0.655828,-0.801729,0.856649,-0.00894996,0.477021,0.60876,0.894366,-0.0318268,-1.5351,-2.21352,1.54067,-0.00368748,1.51048,-0.0364286,True,True
4.19,-0,0,-0.431889,0.00655025,-0.481975,-0.628439,-0.695395,0.537382,10.097,0.884159,1.32699,-3.20267,-0.188764,-1.86437,0.788297,-0.00655025,0.481975,0.751425,-0,0,0.420582,0.00655025,-0.481975,-2.35214,-0.284088,1.693,-12.3141,0.94388,-0.90995,-22.6476,-0.659792,-0.783045,0.791191,-0.00655025,0.481975,0.716327,0.922144,-0.133856,-1.52135,-2.20682,1.54333,-0.00269793,1.52357,-0.0257143,True,True
4.195,-0,0,-0.238388,0.00413021,-0.485151,0.321018,-0.692638,0.564908,10.6446,0.890695,1.28642,-4.92757,-0.198057,-1.85133,0.718121,-0.00413021,0.485151,0.848176,-0,0,0.227197,0.00413021,-0.485151,-1.14918,-0.275568,1.71379,-12.2543,0.939226,-0.951195,-20.6932,-0.663658,-0.762592,0.726931,-0.00413021,0.485151,0.825205,0.955223,-0.237105,-1.50614,-2.19613,1.546,-0.00170051,1.53667,-0.015,True,True
4.2,-0,0,-0.0467731,0.00169873,-0.486555,1.32525,-0.689746,0.591299,11.1125,0.897023,1.24433,-6.71277,-0.207277,-1.83563,0.652055,-0.00169873,0.486555,0.949906,-0,0,0.0307232,0.00169873,-0.486555,0.00258527,-0.26695,1.7322,-12.1114,0.934368,-0.991702,-18.7056,-0.667418,-0.740503,0.663912,-0.00169873,0.486555,0.935804,0.993847,-0.341793,-1.48954,-2.18153,1.54866,-0.000698856,1.54976,-0.00428571,True,True
4.205,-0,0,0.14315,-0.000735339,-0.486187,2.38563,-0.686725,0.616387,11.5008,0.903138,1.20096,-8.56026,-0.216413,-1.81734,0.589289,0.000735339,0.486187,1.05605,-0,0,-0.169008,-0.000735339,-0.486187,1.10471,-0.258246,1.74813,-11.8845,0.929309,-1.03121,-16.6827,-0.671063,-0.716913,0.60134,0.000735339,0.486187,1.04763,1.03721,-0.447925,-1.47165,-2.16312,1.55132,0.000303379,1.56286,0.00642857,True,True
4.21,-0,0,0.331567,-0.00316314,-0.484042,3.50183,-0.683582,0.640007,11.809,0.909033,1.15655,-10.4705,-0.225451,-1.79655,0.527735,0.00316314,0.484042,1.16422,-0,0,-0.372169,-0.00316314,-0.484042,2.15689,-0.249469,1.76143,-11.5734,0.924056,-1.06946,-14.6262,-0.674587,-0.691963,0.53712,0.00316314,0.484042,1.15831,1.08259,-0.554861,-1.45253,-2.14094,1.55398,0.00130256,1.57595,0.0171429,True,True
4.215,-0,0,0.518399,-0.00557576,-0.48011,4.66933,-0.680325,0.662002,12.035,0.914703,1.11134,-12.4389,-0.234378,-1.77334,0.46319,0.00557576,0.48011,1.26871,-0,0,-0.578654,-0.00557576,-0.48011,3.15446,-0.240632,1.77198,-11.1801,0.918614,-1.10618,-12.5465,-0.677983,-0.665804,0.467016,0.00557576,0.48011,1.2621,1.12388,-0.660696,-1.43227,-2.11508,1.55662,0.00229502,1.58905,0.0278571,True,True
4.22,-0,0,0.702939,-0.00796424,-0.474379,5.87556,-0.676962,0.68223,12.1745,0.920146,1.06557,-14.4509,-0.243184,-1.7478,0.387961,0.00796424,0.474379,1.35822,-0,0,-0.787703,-0.00796424,-0.474379,4.08484,-0.231749,1.7797,-10.7115,0.912994,-1.1411,-10.47,-0.681245,-0.6386,0.383267,0.00796424,0.474379,1.34747,1.14926,-0.761305,-1.41098,-2.08564,1.55924,0.00327711,1.60214,0.0385714,True,True
4.225,-0,0,0.883294,-0.0103196,-0.466844,7.09354,-0.673503,0.700585,12.2208,0.925359,1.01954,-16.4727,-0.251857,-1.72013,0.2887,0.0103196,0.466844,1.4121,-0,0,-0.997286,-0.0103196,-0.466844,4.92206,-0.222835,1.78455,-10.1837,0.907203,-1.17401,-8.45153,-0.684369,-0.610544,0.272406,0.0103196,0.466844,1.39333,1.13752,-0.848831,-1.38883,-2.05278,1.56184,0.00424513,1.61524,0.0492857,True,True
4.23,-0,0,1.05543,-0.0126327,-0.457515,8.27155,-0.669956,0.71703,12.1643,0.930342,0.973578,-18.4375,-0.260385,-1.69061,0.143072,0.0126327,0.457515,1.39468,-0,0,-1.20307,-0.0126327,-0.457515,5.61831,-0.213903,1.78666,-9.63005,0.901254,-1.20479,-6.59415,-0.68735,-0.581874,0.111922,0.0126327,0.457515,1.36321,1.05237,-0.909302,-1.36613,-2.01679,1.56442,0.00519539,1.62833,0.06,True,True
4.235,-0,0,1.21149,-0.0148947,-0.446441,9.31754,-0.666332,0.731652,11.9936,0.935095,0.928119,-20.2233,-0.268763,-1.65977,-0.0836371,0.0148947,0.446441,1.24858,-0,0,-1.39683,-0.0148947,-0.446441,6.09345,-0.204968,1.78641,-9.11286,0.895156,-1.23352,-5.07544,-0.690187,-0.55289,-0.133112,0.0148947,0.446441,1.1985,0.836006,-0.919637,-1.34334,-1.97825,1.56697,0.00612425,1.64143,0.0707143,True,True
4.24,-0,0,1.31498,-0.0170971,-0.433749,10.0712,-0.66264,0.744753,11.8304,0.939623,0.883758,-21.7118,-0.276983,-1.62851,-0.341937,0.0170971,0.433749,1.00657,-0,0,-1.59928,-0.0170971,-0.433749,6.49808,-0.196039,1.78457,-8.7277,0.888919,-1.26055,-3.79867,-0.692879,-0.524018,-0.408115,0.0170971,0.433749,0.958945,0.536239,-0.878148,-1.32128,-1.93814,1.5695,0.00702825,1.65452,0.0814286,True,True
4.245,-0,0,1.81767,-0.0192322,-0.419702,19.4691,-0.658885,0.756303,4.85032,0.943933,0.840561,-27.5006,-0.285048,-1.59686,-1.19542,0.0192322,0.419702,2.37056,-0,0,-0.0301195,-0.0192322,-0.419777,-1.21003,-0.187122,1.76787,-1.38782,0.88255,-1.26673,1.66826,-0.695428,-0.501141,-0.0861091,0.0192322,0.419777,-0.0289092,1.06687,-2.26217,-1.29979,-1.89666,1.57199,0.00790426,1.665,0.09,True,False
4.25,-0,0,0.342931,-0.0212941,-0.40471,19.8303,-0.655077,0.765118,9.15244,0.948028,0.797305,-24.5773,-0.292952,-1.56242,1.2473,0.0212941,0.40471,1.74384,-0,0,0.0329104,-0.0212949,-0.405192,-1.27632,-0.178361,1.69318,-4.95728,0.876251,-1.192,1.7667,-0.697891,-0.501183,-0.246848,0.0212949,0.405192,-0.0295084,1.85266,-0.605514,-1.27616,-1.85171,1.57445,0.00874989,1.665,0.09,True,False
4.255,-0,0,-1.47366,-0.0232793,-0.389174,20.2987,-0.651234,0.770472,14.021,0.951906,0.753505,-21.4848,-0.300672,-1.52398,3.39306,0.0232793,0.389174,1.54845,-0,0,0.121401,-0.0232841,-0.390634,-1.3409,-0.170191,1.53261,-9.12259,0.87063,-0.997573,1.84888,-0.70044,-0.535037,-0.429955,0.0232841,0.390634,-0.0291181,2.79385,0.598706,-1.2489,-1.80235,1.57689,0.0095637,1.665,0.09,True,False
4.26,-0,0,-3.24646,-0.0251858,-0.373357,20.6941,-0.647372,0.772868,18.2465,0.955564,0.710049,-19.0381,-0.308192,-1.48292,4.63857,0.0251858,0.373357,1.49504,-0,0,0.220066,-0.0252012,-0.376426,-1.39929,-0.163034,1.29341,-12.8994,0.866276,-0.693706,1.88478,-0.703241,-0.599709,-0.589485,0.0252012,0.376426,-0.0282396,3.38342,1.25434,-1.21922,-1.75017,1.57931,0.0103449,1.665,0.09,True,False
4.265,-0,0,-4.86308,-0.0270129,-0.357417,21.0059,-0.643505,0.772811,21.768,0.959006,0.667632,-17.147,-0.315501,-1.44044,5.2904,0.0270129,0.357417,1.49303,-0,0,0.321525,-0.0270484,-0.36273,-1.45128,-0.157256,0.987181,-16.1608,0.863693,-0.297729,1.87554,-0.706437,-0.689452,-0.716742,0.0270484,0.36273,-0.0271404,3.71117,1.57816,-1.18819,-1.69647,1.58172,0.0110932,1.665,0.09,True,False
4.27,-0,0,-6.27046,-0.02876,-0.341448,21.2507,-0.639644,0.770684,24.6362,0.96224,0.626681,-15.6903,-0.322596,-1.39736,5.616,0.02876,0.341448,1.50866,-0,0,0.420589,-0.0288285,-0.349607,-1.49681,-0.153163,0.625469,-18.8921,0.863298,0.171973,1.82507,-0.710136,-0.797442,-0.808176,0.0288285,0.349607,-0.0259869,3.88748,1.72722,-1.15657,-1.64213,1.58413,0.0118084,1.665,0.09,True,False
4.275,-0,0,-7.43674,-0.0304273,-0.325501,21.4473,-0.635798,0.766803,26.8787,0.965273,0.587462,-14.6094,-0.329475,-1.35427,5.76128,0.0304273,0.325501,1.52741,-0,0,0.512942,-0.0305445,-0.33705,-1.53556,-0.151002,0.219921,-21.0849,0.865413,0.696004,1.7369,-0.714411,-0.915925,-0.861123,0.0305445,0.33705,-0.0248963,3.97534,1.78445,-1.1249,-1.58777,1.58655,0.0124904,1.665,0.09,True,False
4.28,-0,0,-8.34685,-0.032015,-0.309598,21.6134,-0.631976,0.761454,28.5186,0.968114,0.550149,-13.8749,-0.336139,-1.3116,5.80311,0.032015,0.309598,1.54435,-0,0,0.595119,-0.032199,-0.325006,-1.56713,-0.150963,-0.217857,-22.7427,0.870258,1.25438,1.61473,-0.719295,-1.03652,-0.874331,0.032199,0.325006,-0.023952,4.00986,1.79158,-1.09361,-1.53387,1.58897,0.0131395,1.665,0.09,True,False
4.285,-0,0,-8.99952,-0.0335233,-0.293742,21.7628,-0.628184,0.754903,29.5863,0.970774,0.51485,-13.4653,-0.342591,-1.26975,5.78237,0.0335233,0.293742,1.55869,-0,0,0.664554,-0.0337945,-0.313383,-1.59112,-0.15318,-0.676576,-23.8846,0.877957,1.82723,1.46277,-0.724776,-1.15065,-0.848277,0.0337945,0.313383,-0.023212,4.011,1.76952,-1.06308,-1.48079,1.5914,0.0137557,1.665,0.09,True,False
4.29,-0,0,-9.40502,-0.0349525,-0.277923,21.9049,-0.624427,0.747403,30.1242,0.973263,0.481626,-13.3553,-0.348836,-1.22903,5.72258,0.0349525,0.277923,1.57094,-0,0,0.719622,-0.0353328,-0.302069,-1.60717,-0.157729,-1.14562,-24.5457,0.888531,2.39558,1.28588,-0.730801,-1.24996,-0.785228,0.0353328,0.302069,-0.022715,3.99095,1.72965,-1.03364,-1.42885,1.59386,0.0143392,1.665,0.09,True,False
4.295,-0,0,-9.58258,-0.0363026,-0.262124,22.0443,-0.62071,0.739195,30.187,0.975591,0.450501,-13.5123,-0.354881,-1.1897,5.63937,0.0363026,0.262124,1.58155,-0,0,0.759618,-0.0368152,-0.290935,-1.61504,-0.164636,-1.61541,-24.7748,0.901912,2.94222,1.08945,-0.737276,-1.32681,-0.689035,0.0368152,0.290935,-0.0224832,3.95785,1.67939,-1.00556,-1.37831,1.59633,0.01489,1.665,0.09,True,False
4.3,-0,0,-9.55751,-0.0375737,-0.246325,22.1811,-0.617035,0.730505,29.8378,0.977768,0.421464,-13.8971,-0.360733,-1.15197,5.54425,0.0375737,0.246325,1.59056,-0,0,0.784656,-0.0382422,-0.279846,-1.61462,-0.173883,-2.07763,-24.6301,0.917953,3.45224,0.879037,-0.74407,-1.37461,-0.564721,0.0382422,0.279846,-0.0225257,3.91755,1.62446,-0.979067,-1.32935,1.59883,0.0154083,1.665,0.09,True,False
4.305,-0,0,-9.35828,-0.0387658,-0.230508,22.3127,-0.613405,0.72154,29.1428,0.979805,0.394479,-14.4673,-0.366401,-1.11602,5.44568,0.0387658,0.230508,1.59767,-0,0,0.795505,-0.0396136,-0.268664,-1.60594,-0.185413,-2.52543,-24.1732,0.936435,3.91348,0.660047,-0.751022,-1.38805,-0.417975,0.0396136,0.268664,-0.0228405,3.87408,1.56924,-0.954347,-1.28214,1.60134,0.0158941,1.665,0.09,True,False
4.31,-0,0,-9.01369,-0.0398788,-0.214659,22.4339,-0.609819,0.712487,28.1656,0.981713,0.369486,-15.1814,-0.371893,-1.08197,5.34894,0.0398788,0.214659,1.60244,-0,0,0.793374,-0.0409288,-0.257258,-1.58924,-0.199138,-2.95337,-23.4641,0.957088,4.31659,0.437376,-0.75795,-1.36321,-0.254656,0.0409288,0.257258,-0.023416,3.82981,1.51668,-0.93154,-1.23679,1.60388,0.0163476,1.665,0.09,True,False
4.315,-0,0,-8.5507,-0.0409124,-0.198768,22.5387,-0.60628,0.70352,26.9632,0.9835,0.346408,-16.0017,-0.377221,-1.04993,5.25611,0.0409124,0.198768,1.60455,-0,0,0.779702,-0.0421862,-0.245501,-1.56497,-0.214946,-3.35737,-22.5565,0.979601,4.65494,0.215164,-0.764654,-1.29756,-0.0803981,0.0421862,0.245501,-0.0242332,3.78554,1.46802,-0.910746,-1.1934,1.60644,0.0167687,1.665,0.09,True,False
4.32,-0,0,-7.99292,-0.0418665,-0.182836,22.6206,-0.602784,0.694797,25.5828,0.985177,0.325154,-16.8965,-0.382393,-1.01995,5.16632,0.0418665,0.182836,1.60381,-0,0,0.755966,-0.0433838,-0.233281,-1.53375,-0.232711,-3.73446,-21.4954,1.00364,4.9243,-0.00331008,-0.770926,-1.18984,0.0996463,0.0433838,0.233281,-0.0252663,3.74074,1.42295,-0.892035,-1.15204,1.60902,0.0171576,1.665,0.09,True,False
4.325,-0,0,-7.35987,-0.0427408,-0.166869,22.6732,-0.599332,0.686464,24.061,0.986752,0.305628,-17.8407,-0.38742,-0.992092,5.07648,0.0427408,0.166869,1.60027,-0,0,0.723533,-0.044519,-0.220499,-1.49645,-0.252291,-4.08253,-20.3156,1.02884,5.12246,-0.21562,-0.776553,-1.03993,0.280926,0.044519,0.220499,-0.0264837,3.69383,1.37994,-0.875451,-1.11275,1.61162,0.0175144,1.665,0.09,True,False
4.33,-0,0,-6.66692,-0.0435352,-0.150882,22.6902,-0.59592,0.678658,22.4246,0.988233,0.287724,-18.8152,-0.392314,-0.966382,4.9821,0.0435352,0.150882,1.59402,-0,0,0.683564,-0.0455888,-0.207072,-1.4541,-0.273537,-4.40015,-19.0421,1.05486,5.24884,-0.420077,-0.781325,-0.84869,0.459497,0.0455888,0.207072,-0.0278489,3.64266,1.33668,-0.861017,-1.07558,1.61423,0.0178391,1.665,0.09,True,False
4.335,-0,0,-5.92565,-0.0442496,-0.1349,22.6658,-0.592545,0.671511,20.6914,0.989629,0.271332,-19.8057,-0.397084,-0.942843,4.87822,0.0442496,0.1349,1.5852,-0,0,0.636958,-0.0465898,-0.192939,-1.40789,-0.296293,-4.68625,-17.691,1.08133,5.30407,-0.615561,-0.785039,-0.617822,0.631952,0.0465898,0.192939,-0.0293201,3.58477,1.29064,-0.848738,-1.04058,1.61686,0.018132,1.665,0.09,True,False
4.34,-0,0,-5.14455,-0.0448842,-0.118954,22.5944,-0.589205,0.665146,18.8728,0.990946,0.256343,-20.8019,-0.401742,-0.921489,4.76005,0.0448842,0.118954,1.57384,-0,0,0.584344,-0.0475182,-0.178057,-1.35911,-0.320399,-4.93997,-16.2713,1.1079,5.28971,-0.801313,-0.787503,-0.349744,0.795322,0.0475182,0.178057,-0.0308514,3.51777,1.23945,-0.838606,-1.00778,1.6195,0.0183932,1.665,0.09,True,False
4.345,-0,0,-4.32991,-0.0454391,-0.103083,22.4704,-0.585894,0.659682,16.9753,0.992192,0.242639,-21.7954,-0.406299,-0.902321,4.62355,0.0454391,0.103083,1.5598,-0,0,0.526095,-0.0483703,-0.16241,-1.30913,-0.345692,-5.16051,-14.7867,1.13423,5.208,-0.976733,-0.788537,-0.0474963,0.946972,0.0483703,0.16241,-0.032393,3.43952,1.18121,-0.830597,-0.977203,1.62216,0.0186231,1.665,0.09,True,False
4.35,-0,0,-3.48668,-0.045915,-0.0873376,22.2889,-0.582608,0.655227,15.0029,0.993373,0.230104,-22.7794,-0.410765,-0.885331,4.46578,0.045915,0.0873376,1.54277,-0,0,0.462379,-0.0491423,-0.146007,-1.25928,-0.372004,-5.347,-13.2373,1.15998,5.06167,-1.14119,-0.787978,0.285325,1.08452,0.0491423,0.146007,-0.0338922,3.34828,1.1147,-0.824669,-0.948887,1.62481,0.0188219,1.665,0.09,True,False
4.355,-0,0,-2.6193,-0.0463125,-0.0717711,22.0452,-0.579341,0.651883,12.9593,0.994493,0.218616,-23.7471,-0.415152,-0.870499,4.28505,0.0463125,0.0717711,1.52226,-0,0,0.393225,-0.0498304,-0.128881,-1.21085,-0.399162,-5.49846,-11.6218,1.18485,4.85383,-1.29386,-0.785684,0.644622,1.20579,0.0498304,0.128881,-0.0352944,3.24286,1.03945,-0.820763,-0.922848,1.62748,0.0189901,1.665,0.09,True,False
4.36,-0,0,-1.73249,-0.0466327,-0.0564456,21.7354,-0.576089,0.649735,10.8489,0.995559,0.208052,-24.6914,-0.41947,-0.857787,4.08109,0.0466327,0.0564456,1.49765,-0,0,0.318602,-0.0504311,-0.111095,-1.16499,-0.426989,-5.61376,-9.93874,1.20852,4.58792,-1.43357,-0.781532,1.02584,1.30879,0.0504311,0.111095,-0.036545,3.12269,0.95575,-0.8188,-0.899095,1.63015,0.0191281,1.665,0.09,True,False
4.365,-0,0,-0.831785,-0.046877,-0.0414278,21.3566,-0.572844,0.648852,8.67897,0.996574,0.198283,-25.6046,-0.42373,-0.847135,3.8551,0.046877,0.0414278,1.46836,-0,0,0.238517,-0.0509414,-0.0927366,-1.12265,-0.4553,-5.69169,-8.18831,1.23073,4.26768,-1.55871,-0.775425,1.42401,1.39176,0.0509414,0.0927366,-0.0375918,2.98795,0.864608,-0.818675,-0.877617,1.63282,0.0192366,1.665,0.09,True,False
4.37,-0,0,0.0760121,-0.047047,-0.026788,20.9077,-0.5696,0.649283,6.46004,0.997542,0.18918,-26.4785,-0.427941,-0.838463,3.60969,0.047047,0.026788,1.43391,-0,0,0.153107,-0.0513585,-0.0739201,-1.08456,-0.483906,-5.73098,-6.37329,1.2512,3.89716,-1.66715,-0.767292,1.83381,1.45322,0.0513585,0.0739201,-0.038387,2.83964,0.767651,-0.820259,-0.858384,1.63548,0.0193162,1.665,0.09,True,False
4.375,-0,0,0.98266,-0.0471448,-0.0125973,20.3898,-0.566351,0.651051,4.2069,0.998466,0.180611,-27.3043,-0.432115,-0.831662,3.34883,0.0471448,0.0125973,1.39408,-0,0,0.0627329,-0.0516806,-0.0547806,-1.05116,-0.51261,-5.7304,-4.50017,1.2697,3.48074,-1.75625,-0.757087,2.24965,1.49205,0.0516806,0.0547806,-0.0388904,2.67961,0.666973,-0.823394,-0.841342,1.63814,0.0193677,1.665,0.09,True,False
4.38,-0,0,1.87848,-0.0471729,0.00107457,19.8066,-0.56309,0.654153,1.9387,0.999348,0.172445,-28.0737,-0.436258,-0.826597,3.07766,0.0471729,-0.00107457,1.34907,-0,0,-0.0319477,-0.0519063,-0.0354711,-1.02264,-0.54121,-5.68889,-2.57985,1.286,3.02313,-1.82282,-0.744795,2.66576,1.50759,0.0519063,0.0354711,-0.0390717,2.51063,0.564957,-0.827898,-0.826406,1.64079,0.0193919,1.665,0.09,True,False
4.385,-0,0,2.75262,-0.0471341,0.0141631,19.1653,-0.55981,0.658554,-0.321362,1.00019,0.164552,-28.7787,-0.440381,-0.823107,2.80219,0.0471341,-0.0141631,1.29958,-0,0,-0.129932,-0.0520353,-0.0161565,-0.99894,-0.569498,-5.60568,-0.627894,1.29993,2.52937,-1.86327,-0.73043,3.0763,1.4997,0.0520353,0.0161565,-0.038913,2.33624,0.464069,-0.833565,-0.813461,1.64343,0.0193898,1.665,0.09,True,False
4.39,-0,0,3.59343,-0.0470313,0.0266123,18.4761,-0.556504,0.664194,-2.54674,1.00099,0.156809,-29.4134,-0.444489,-0.821003,2.52894,0.0470313,-0.0266123,1.24679,-0,0,-0.229864,-0.0520679,0.00299252,-0.979796,-0.597266,-5.48041,1.33543,1.3113,2.00487,-1.87369,-0.714032,3.47554,1.46887,0.0520679,-0.00299252,-0.0384106,2.16058,0.366657,-0.840169,-0.802362,1.64606,0.0193625,1.665,0.09,True,False
4.395,-0,0,4.38915,-0.046868,0.0383783,17.7528,-0.553168,0.670982,-4.70867,1.00176,0.1491,-29.9736,-0.448591,-0.820082,2.26442,0.046868,-0.0383783,1.19234,-0,0,-0.330066,-0.0520053,0.0218075,-0.964796,-0.624303,-5.31329,3.28568,1.31998,1.45531,-1.85009,-0.695674,3.85798,1.41618,0.0520053,-0.0218075,-0.0375757,1.98813,0.274773,-0.847474,-0.792937,1.64867,0.0193109,1.665,0.09,True,False
4.4,-0,0,5.12851,-0.0466475,0.0494331,17.0123,-0.549794,0.678806,-6.77765,1.00248,0.141321,-30.4582,-0.45269,-0.820127,2.01472,0.0466475,-0.0494331,1.13813,-0,0,-0.428614,-0.0518498,0.0401293,-0.953455,-0.650399,-5.10516,5.19506,1.32585,0.886667,-1.78861,-0.675453,4.21849,1.34334,0.0518498,-0.0401293,-0.0364346,1.82333,0.190055,-0.855247,-0.784988,1.65125,0.0192362,1.665,0.09,True,False
4.405,-0,0,5.80145,-0.0463736,0.0597671,16.2736,-0.54638,0.687537,-8.72493,1.00317,0.133382,-30.8692,-0.456792,-0.820919,1.78511,0.0463736,-0.0597671,1.08616,-0,0,-0.523453,-0.051604,0.0578154,-0.945288,-0.675354,-4.85758,7.03362,1.32884,0.305078,-1.6858,-0.653489,4.55251,1.25257,0.051604,-0.0578154,-0.035027,1.67027,0.113675,-0.863261,-0.778306,1.65382,0.0191396,1.665,0.09,True,False
4.41,-0,0,6.39975,-0.0460499,0.0693915,15.5573,-0.542919,0.697036,-10.5241,1.00382,0.12521,-31.2114,-0.460899,-0.822246,1.57974,0.0460499,-0.0693915,1.03828,-0,0,-0.612529,-0.0512716,0.0747459,-0.939861,-0.698975,-4.5729,8.77066,1.3289,-0.283188,-1.53892,-0.629927,4.85609,1.14653,0.0512716,-0.0747459,-0.0334041,1.53235,0.0463702,-0.871313,-0.772671,1.65636,0.0190223,1.665,0.09,True,False
4.415,-0,0,6.91743,-0.0456797,0.0783395,14.8843,-0.539409,0.707166,-12.1523,1.00442,0.116749,-31.4926,-0.465014,-0.823914,1.40158,0.0456797,-0.0783395,0.995969,-0,0,-0.693929,-0.0508566,0.0908287,-0.936843,-0.721083,-4.25421,10.3762,1.32601,-0.871843,-1.34617,-0.604928,5.12605,1.02815,0.0508566,-0.0908287,-0.0316249,1.41215,-0.0114671,-0.879234,-0.767866,1.65888,0.0188853,1.665,0.09,True,False
4.42,-0,0,7.35097,-0.0452665,0.0866656,14.2745,-0.535847,0.717797,-13.5911,1.00499,0.10796,-31.7222,-0.469138,-0.825757,1.25246,0.0452665,-0.0866656,0.960289,-0,0,-0.766008,-0.0503633,0.106002,-0.936019,-0.741517,-3.90531,11.8226,1.32018,-1.45467,-1.10694,-0.578667,5.35998,0.90044,0.0503633,-0.106002,-0.0297528,1.31134,-0.0596695,-0.886893,-0.763684,1.66136,0.0187296,1.665,0.09,True,False
4.425,-0,0,7.69929,-0.0448131,0.094445,13.746,-0.532231,0.728818,-14.8273,1.0055,0.0988222,-31.9106,-0.473272,-0.82764,1.13334,0.0448131,-0.094445,0.931802,-0,0,-0.827484,-0.0497966,0.120237,-0.937291,-0.760136,-3.53065,13.0854,1.31146,-2.02559,-0.821932,-0.551329,5.55623,0.766361,0.0497966,-0.120237,-0.0278514,1.23081,-0.098174,-0.894211,-0.759936,1.66382,0.0185562,1.665,0.09,True,False
4.43,-0,0,7.96345,-0.044322,0.10177,13.3139,-0.528559,0.740137,-15.8525,1.00597,0.0893265,-32.0686,-0.477415,-0.829464,1.04453,0.044322,-0.10177,0.910666,-0,0,-0.877493,-0.049161,0.133534,-0.940662,-0.776824,-3.13518,14.1447,1.29993,-2.57875,-0.493261,-0.523105,5.71393,0.628619,0.049161,-0.133534,-0.0259812,1.17084,-0.126943,-0.901151,-0.756458,1.66624,0.0183659,1.665,0.09,True,False
4.435,-0,0,8.14619,-0.0437954,0.108749,12.9901,-0.52483,0.751692,-16.6629,1.0064,0.0794754,-32.2058,-0.481566,-0.831167,0.985902,0.0437954,-0.108749,0.896738,-0,0,-0.915602,-0.0484612,0.145924,-0.9462,-0.791488,-2.72424,14.9852,1.28568,-3.10859,-0.124408,-0.494189,5.83284,0.48956,0.0484612,-0.145924,-0.0241964,1.13126,-0.145939,-0.90773,-0.75311,1.66863,0.0181594,1.665,0.09,True,False
4.44,-0,0,8.25126,-0.0432345,0.115498,12.7825,-0.521042,0.763444,-17.2585,1.00677,0.0692786,-32.3302,-0.485726,-0.832723,0.957003,0.0432345,-0.115498,0.889705,-0,0,-0.941781,-0.0477017,0.15746,-0.95401,-0.804066,-2.30342,15.5967,1.26884,-3.60984,0.279877,-0.464776,5.91326,0.35106,0.0477017,-0.15746,-0.0225431,1.11161,-0.155165,-0.914001,-0.749781,1.67098,0.017937,1.665,0.09,True,False
4.445,-0,0,8.28279,-0.0426404,0.122141,12.6952,-0.517196,0.775385,-17.6425,1.00709,0.0587488,-32.4481,-0.489894,-0.834134,0.957047,0.0426404,-0.122141,0.889186,-0,0,-0.956345,-0.0468866,0.168219,-0.964196,-0.814522,-1.87841,15.9736,1.24958,-4.07754,0.713757,-0.435057,5.95595,0.214478,0.0468866,-0.168219,-0.0210579,1.11124,-0.154736,-0.920055,-0.746386,1.6733,0.0176991,1.665,0.09,True,False
4.45,-0,0,8.24466,-0.0420131,0.128804,12.7287,-0.513289,0.78753,-17.8199,1.00736,0.0478985,-32.5631,-0.494068,-0.835428,0.984826,0.0420131,-0.128804,0.894791,-0,0,-0.959881,-0.0460195,0.17829,-0.976833,-0.82285,-1.45487,16.1143,1.22807,-4.50705,1.17054,-0.405217,5.96192,0.0806335,0.0460195,-0.17829,-0.0197685,1.12925,-0.14497,-0.926008,-0.74286,1.67558,0.0174456,1.665,0.09,True,False
4.455,-0,0,8.13995,-0.0413523,0.135611,12.8801,-0.50932,0.799912,-17.7966,1.00757,0.0367369,-32.6768,-0.498248,-0.836649,1.03863,0.0413523,-0.135611,0.906152,-0,0,-0.953163,-0.0451037,0.187777,-0.991949,-0.829071,-1.03835,16.0205,1.20451,-4.894,1.64297,-0.375437,5.93234,-0.0501662,0.0451037,-0.187777,-0.0186939,1.16451,-0.126443,-0.931989,-0.739157,1.67783,0.0171764,1.665,0.09,True,False
4.46,-0,0,7.97057,-0.040657,0.142682,13.144,-0.505289,0.812581,-17.5788,1.00772,0.025268,-32.7883,-0.502434,-0.837849,1.11626,0.040657,-0.142682,0.922935,-0,0,-0.937081,-0.0441418,0.196788,-1.00951,-0.833234,-0.634197,15.6964,1.17913,-5.23423,2.12345,-0.345893,5.86843,-0.178075,0.0441418,-0.196788,-0.0178455,1.21567,-0.0999953,-0.938136,-0.735246,1.68005,0.0168912,1.665,0.09,True,False
4.465,-0,0,7.73716,-0.0399255,0.150127,13.5126,-0.501194,0.825594,-17.172,1.00782,0.0134882,-32.8947,-0.506626,-0.839082,1.21523,0.0399255,-0.150127,0.944869,-0,0,-0.912573,-0.0431358,0.205438,-1.02941,-0.835413,-0.247494,15.1477,1.15217,-5.5238,2.60439,-0.316753,5.77129,-0.303631,0.0431358,-0.205438,-0.0172286,1.28126,-0.0666534,-0.944581,-0.7311,1.68223,0.0165894,1.665,0.09,True,False
4.47,-0,0,7.43908,-0.0391557,0.158051,13.9763,-0.497033,0.839013,-16.5809,1.00786,0.00138627,-32.9909,-0.510825,-0.840399,1.33312,0.0391557,-0.158051,0.971792,-0,0,-0.880582,-0.0420874,0.213842,-1.05146,-0.835709,0.116971,14.3814,1.12389,-5.75884,3.07836,-0.28818,5.64187,-0.427657,0.0420874,-0.213842,-0.0168436,1.35994,-0.0274802,-0.951449,-0.726695,1.68438,0.0162702,1.665,0.09,True,False
4.475,-0,0,7.07474,-0.038345,0.166544,14.5245,-0.492804,0.852897,-15.8088,1.00783,-0.011057,-33.07,-0.51503,-0.84184,1.46817,0.038345,-0.166544,1.00372,-0,0,-0.842036,-0.0409974,0.222113,-1.07541,-0.834243,0.454723,13.4049,1.09458,-5.9356,3.53833,-0.260334,5.48088,-0.55115,0.0409974,-0.222113,-0.016687,1.45082,0.016648,-0.958842,-0.722006,1.6865,0.0159326,1.665,0.09,True,False
4.48,-0,0,6.64201,-0.0374903,0.175687,15.1453,-0.488504,0.867297,-14.8583,1.00775,-0.0238684,-33.1228,-0.519243,-0.843429,1.61985,0.0374903,-0.175687,1.04093,-0,0,-0.797841,-0.0398663,0.230363,-1.10091,-0.831161,0.7616,12.2264,1.06453,-6.05036,3.9778,-0.233372,5.28876,-0.67515,0.0398663,-0.230363,-0.016752,1.55381,0.0652971,-0.966842,-0.717,1.68859,0.0155757,1.665,0.09,True,False
4.485,-0,0,6.13894,-0.0365881,0.185547,15.8262,-0.484131,0.882251,-13.732,1.0076,-0.0370811,-33.1389,-0.523465,-0.84517,1.78949,0.0365881,-0.185547,1.084,-0,0,-0.7489,-0.0386938,0.238699,-1.12756,-0.826627,1.03377,10.855,1.03407,-6.09947,4.39081,-0.207447,5.0657,-0.800592,0.0386938,-0.238699,-0.0170293,1.66998,0.118721,-0.975502,-0.711633,1.69066,0.0151981,1.665,0.09,True,False
4.49,-0,0,5.56452,-0.0356348,0.196178,16.5539,-0.479682,0.897779,-12.433,1.00738,-0.0507327,-33.106,-0.527695,-0.847047,1.98054,0.0356348,-0.196178,1.13379,-0,0,-0.696148,-0.0374793,0.247224,-1.15486,-0.820824,1.26774,9.30193,1.00354,-6.07941,4.77198,-0.182715,4.81167,-0.928137,0.0374793,-0.247224,-0.0175069,1.80168,0.178035,-0.984844,-0.705853,1.6927,0.0147985,1.665,0.09,True,False
4.495,-0,0,4.91966,-0.0346264,0.207619,17.3142,-0.475154,0.913883,-10.9678,1.00709,-0.0648642,-33.0117,-0.531935,-0.849019,2.19855,0.0346264,-0.207619,1.19135,-0,0,-0.640597,-0.0362215,0.256032,-1.18225,-0.81395,1.46043,7.58167,0.97328,-5.98693,5.11639,-0.15933,4.5265,-1.05798,0.0362215,-0.256032,-0.0181703,1.95243,0.24524,-0.994857,-0.699591,1.69473,0.0143756,1.665,0.09,True,False
4.5,-0,0,4.20819,-0.0335586,0.219892,18.0917,-0.470543,0.930541,-9.3474,1.00673,-0.079517,-32.8441,-0.536185,-0.851024,2.45032,0.0335586,-0.219892,1.25769,-0,0,-0.58338,-0.0349189,0.265212,-1.20909,-0.806219,1.60919,5.71404,0.943669,-5.81925,5.4194,-0.13745,4.21006,-1.18962,0.0349189,-0.265212,-0.0190022,2.12638,0.323018,-1.00549,-0.69277,1.69674,0.0139277,1.665,0.09,True,False
4.505,-0,0,3.43786,-0.0324274,0.233006,18.8694,-0.465848,0.94771,-7.59118,1.00629,-0.0947314,-32.5937,-0.540445,-0.852978,2.74249,0.0324274,-0.233006,1.33341,-0,0,-0.525792,-0.0335694,0.274841,-1.23469,-0.797858,1.71202,3.72637,0.915087,-5.57441,5.67641,-0.11723,3.86239,-1.32165,0.0335694,-0.274841,-0.0199824,2.32727,0.41425,-1.01668,-0.685303,1.69874,0.0134534,1.665,0.09,True,False
4.51,-0,0,2.62128,-0.0312286,0.246948,19.6285,-0.461066,0.965329,-5.72926,1.00578,-0.110545,-32.2559,-0.544715,-0.854783,3.07923,0.0312286,-0.246948,1.41822,-0,0,-0.469305,-0.0321705,0.284987,-1.2583,-0.789099,1.76768,1.65578,0.887925,-5.2517,5.88263,-0.0988257,3.48402,-1.45151,0.0321705,-0.284987,-0.0210876,2.55698,0.521227,-1.02831,-0.677102,1.70073,0.012951,1.665,0.09,True,False
4.515,-0,0,1.77642,-0.029958,0.261689,20.348,-0.456195,0.983326,-3.80538,1.00519,-0.126993,-31.8334,-0.548993,-0.856333,3.4595,0.029958,-0.261689,1.51048,-0,0,-0.415542,-0.0307196,0.295705,-1.27913,-0.780181,1.776,-0.448913,0.86257,-4.85224,6.03274,-0.0823894,3.07624,-1.57534,0.0307196,-0.295705,-0.0222916,2.81379,0.64465,-1.04026,-0.668084,1.70272,0.0124192,1.665,0.09,True,False
4.52,-0,0,0.92664,-0.0286117,0.27718,21.005,-0.451233,1.00163,-1.87828,1.00451,-0.144106,-31.338,-0.553278,-0.857523,3.87446,0.0286117,-0.27718,1.60675,-0,0,-0.366197,-0.0292135,0.307037,-1.29637,-0.771339,1.7381,-2.5265,0.839402,-4.37957,6.12075,-0.0680633,2.64148,-1.68788,0.0292135,-0.307037,-0.0235656,3.09074,0.782623,-1.0524,-0.658183,1.70472,0.0118565,1.665,0.09,True,False
4.525,-0,0,0.0998648,-0.0271862,0.293354,21.575,-0.446179,1.02018,-0.0209392,1.00375,-0.161915,-30.7922,-0.557569,-0.858266,4.30573,0.0271862,-0.293354,1.70162,-0,0,-0.322894,-0.0276492,0.319011,-1.30921,-0.7628,1.65671,-4.50457,0.818775,-3.84031,6.13991,-0.0559746,2.1836,-1.78262,0.0276492,-0.319011,-0.0248787,3.37469,0.929938,-1.06458,-0.647363,1.70671,0.0112614,1.665,0.09,True,False
4.53,-0,0,-0.673164,-0.0256782,0.310125,22.0332,-0.441031,1.03895,1.68336,1.00289,-0.180454,-30.2277,-0.561861,-0.858498,4.72573,0.0256782,-0.310125,1.78792,-0,0,-0.286996,-0.0260234,0.331637,-1.31686,-0.754772,1.5364,-6.30336,0.800999,-3.24463,6.08287,-0.0462272,1.70823,-1.85212,0.0260234,-0.331637,-0.0261992,3.64658,1.07806,-1.0767,-0.635625,1.70872,0.0106327,1.665,0.09,True,False
4.535,-0,0,-1.36163,-0.0240849,0.327389,22.356,-0.435789,1.05795,3.14833,1.00194,-0.199762,-29.682,-0.566154,-0.858188,5.10045,0.0240849,-0.327389,1.85736,-0,0,-0.259377,-0.0243328,0.344912,-1.31862,-0.747436,1.38369,-7.84229,0.786328,-2.60659,5.94209,-0.0388923,1.2229,-1.88863,0.0243328,-0.344912,-0.0274951,3.88339,1.21603,-1.08864,-0.623015,1.71074,0.00996944,1.665,0.09,True,False
4.54,-0,0,-1.93799,-0.0224043,0.345032,22.5233,-0.430451,1.07724,4.29489,1.00089,-0.219891,-29.1929,-0.570443,-0.857344,5.3949,0.0224043,-0.345032,1.90165,-0,0,-0.240232,-0.0225743,0.358816,-1.31387,-0.740935,1.20692,-9.04868,0.774933,-1.94398,5.71034,-0.0339982,0.737053,-1.8849,0.0225743,-0.358816,-0.0287347,4.0616,1.33234,-1.10035,-0.609628,1.71278,0.00927068,1.665,0.09,True,False
4.545,-0,0,-2.38138,-0.0206346,0.362929,22.5202,-0.425017,1.09691,5.06211,0.999744,-0.240905,-28.7909,-0.574727,-0.856006,5.57989,0.0206346,-0.362929,1.91392,-0,0,-0.228957,-0.0207447,0.373315,-1.30218,-0.735367,1.01604,-9.86702,0.766889,-1.27783,5.38138,-0.0315218,0.261789,-1.83498,0.0207447,-0.373315,-0.0298868,4.16173,1.41732,-1.11177,-0.595595,1.71485,0.00853579,1.665,0.09,True,False
4.55,-0,0,-2.68021,-0.018775,0.380948,22.3384,-0.419482,1.11711,5.41646,0.998485,-0.262881,-28.4931,-0.579003,-0.854231,5.6386,0.018775,-0.380948,1.89026,-0,0,-0.224161,-0.0188411,0.388357,-1.28328,-0.730775,0.821975,-10.2663,0.762155,-0.631422,4.95043,-0.0313804,-0.190553,-1.73492,0.0188411,-0.388357,-0.0309179,4.17261,1.46527,-1.12288,-0.581073,1.71693,0.00776435,1.665,0.09,True,False
4.555,-0,0,-2.83316,-0.0168251,0.398957,21.9776,-0.413846,1.13799,5.35631,0.997115,-0.285907,-28.2987,-0.583269,-0.852083,5.57087,0.0168251,-0.398957,1.83135,-0,0,-0.223807,-0.0168611,0.403875,-1.25717,-0.727147,0.636064,-10.2436,0.760574,-0.0290899,4.41438,-0.0334273,-0.606975,-1.58309,0.0168611,-0.403875,-0.0317891,4.09478,1.47552,-1.13364,-0.566223,1.71904,0.00695621,1.665,0.09,True,False
4.56,-0,0,-2.8482,-0.0147854,0.416823,21.4442,-0.408102,1.15968,4.91038,0.995626,-0.310072,-28.189,-0.587524,-0.84961,5.39441,0.0147854,-0.416823,1.74443,-0,0,-0.225465,-0.0148024,0.419777,-1.22404,-0.724414,0.46931,-9.82189,0.761864,0.5051,3.77154,-0.0374501,-0.97441,-1.38001,0.0148024,-0.419777,-0.0324483,3.9424,1.45158,-1.14401,-0.551189,1.72118,0.00611148,1.665,0.09,True,False
4.565,-0,0,-2.7395,-0.0126569,0.434412,20.7509,-0.402249,1.18229,4.13037,0.994014,-0.33546,-28.129,-0.591765,-0.846828,5.14363,0.0126569,-0.434412,1.64669,-0,0,-0.226575,-0.0126633,0.435943,-1.18427,-0.722454,0.331829,-9.043,0.765625,0.94839,3.0211,-0.0431714,-1.28022,-1.12775,0.0126633,-0.435943,-0.0328198,3.74503,1.39829,-1.15393,-0.53609,1.72334,0.00523053,1.665,0.09,True,False
4.57,-0,0,-2.52254,-0.0104413,0.45158,19.9159,-0.39628,1.20585,3.07995,0.992272,-0.362138,-28.071,-0.595992,-0.843712,4.86951,0.0104413,-0.45158,1.57226,-0,0,-0.224635,-0.0104429,0.452205,-1.13824,-0.721096,0.232508,-7.95666,0.771348,1.27997,2.16221,-0.0502523,-1.51248,-0.828964,0.0104429,-0.452205,-0.0327855,3.5524,1.31692,-1.16326,-0.521002,1.72553,0.00431402,1.665,0.09,True,False
4.575,-0,0,-2.21596,-0.00814109,0.468161,19.0228,-0.39019,1.23034,1.90028,0.990393,-0.390146,-27.9083,-0.600202,-0.840189,4.7458,0.00814109,-0.468161,1.64997,-0,0,-0.217105,-0.00814125,0.468325,-1.08611,-0.720129,0.178941,-6.67532,0.778425,1.48104,1.24241,-0.0582962,-1.65998,-0.502783,0.00814125,-0.468325,-0.0321335,3.54237,1.20331,-1.17181,-0.505974,1.72774,0.00336292,1.665,0.09,True,False
4.58,-0,0,-1.18949,-0.00575968,0.483915,10.5503,-0.383976,1.25545,-9.5119,0.98837,-0.419427,-32.7711,-0.604394,-0.836028,0.910051,0.00575968,-0.483915,0.0575244,-0,0,1.63988,-0.00575968,0.483932,4.26048,-0.719307,0.17272,4.9596,0.786159,1.54814,5.48842,-0.0668521,-1.72086,1.09275,0.00575968,-0.483932,-0.354836,0.496754,0.413286,-1.17918,-0.490946,1.72998,0.00237863,1.665,0.09,True,True
4.585,-0,0,-1.09841,-0.00330193,0.498493,9.2257,-0.377636,1.28021,-9.97214,0.986198,-0.449632,-31.4758,-0.608563,-0.830573,0.862471,0.00330193,-0.498493,-0.0320765,-0,0,1.52919,-0.00330193,0.498493,3.92661,-0.718402,0.193995,5.84833,0.793906,1.53638,4.23953,-0.0755047,-1.73038,1.10687,0.00330193,-0.498493,-0.380235,0.409386,0.453082,-1.18448,-0.475512,1.73224,0.00136312,1.6781,0.0792857,True,True
4.59,-0,0,-0.986288,-0.000774754,0.511566,7.82015,-0.371174,1.3035,-10.4278,0.983874,-0.480304,-29.8937,-0.6127,-0.823198,0.816981,0.000774754,-0.511566,-0.149597,-0,0,1.36256,-0.000774754,0.511566,3.36302,-0.717367,0.219997,6.85986,0.801523,1.50858,3.07409,-0.0841559,-1.72857,1.03689,0.000774754,-0.511566,-0.443078,0.303463,0.513517,-1.18684,-0.459278,1.73451,0.000319291,1.69119,0.0685714,True,True
4.595,-0,0,-0.859215,0.00181373,0.522962,6.39022,-0.364601,1.32491,-10.8342,0.981395,-0.511147,-28.1684,-0.616795,-0.813763,0.765126,-0.00181373,-0.522962,-0.271661,-0,0,1.17547,0.00181373,0.522962,2.69358,-0.716202,0.245805,7.87034,0.808992,1.47787,1.82264,-0.0927904,-1.72367,0.945822,-0.00181373,-0.522962,-0.512045,0.191201,0.573924,-1.18599,-0.44222,1.7368,-0.000749494,1.70429,0.0578571,True,True
4.6,-0,0,-0.722599,0.00445486,0.532613,4.98105,-0.357925,1.34424,-11.1756,0.978762,-0.541931,-26.3734,-0.620837,-0.802313,0.708396,-0.00445486,-0.532613,-0.392103,-0,0,0.980963,0.00445486,0.532613,1.96035,-0.714909,0.271226,8.83037,0.816301,1.44445,0.48221,-0.101393,-1.71567,0.850985,-0.00445486,-0.532613,-0.580568,0.077696,0.630695,-1.18193,-0.424429,1.73911,-0.00183965,1.71738,0.0471429,True,True
4.605,-0,0,-0.579587,0.00713986,0.540501,3.6157,-0.351158,1.36138,-11.4466,0.975976,-0.572433,-24.5378,-0.624818,-0.788946,0.649632,-0.00713986,-0.540501,-0.510773,-0,0,0.783053,0.00713986,0.540501,1.17391,-0.713489,0.296074,9.72334,0.823437,1.40858,-0.924681,-0.109947,-1.70465,0.755821,-0.00713986,-0.540501,-0.649333,-0.0355143,0.685134,-1.17473,-0.40601,1.74141,-0.00294754,1.73048,0.0364286,True,True
4.61,-0,0,-0.431583,0.00985988,0.546628,2.30264,-0.344311,1.37621,-11.6452,0.973038,-0.602434,-22.6729,-0.628727,-0.77378,0.590375,-0.00985988,-0.546628,-0.628263,-0,0,0.583437,0.00985988,0.546628,0.338143,-0.711948,0.320174,10.5434,0.830387,1.37055,-2.38832,-0.118439,-1.69072,0.662071,-0.00985988,-0.546628,-0.719184,-0.148069,0.738422,-1.16451,-0.387072,1.74372,-0.00406952,1.74357,0.0257143,True,True
4.615,-0,0,-0.279039,0.0126061,0.551001,1.04318,-0.337396,1.38865,-11.7705,0.969952,-0.631711,-20.7805,-0.632556,-0.756939,0.531329,-0.0126061,-0.551001,-0.745336,-0,0,0.382562,0.0126061,0.551001,-0.54665,-0.710288,0.343357,11.2897,0.837142,1.33063,-3.90598,-0.126854,-1.67399,0.570445,-0.0126061,-0.551001,-0.790849,-0.260148,0.791445,-1.15139,-0.367728,1.74603,-0.00520195,1.75667,0.015,True,True
4.62,-0,0,-0.121899,0.0153699,0.553628,-0.164503,-0.330425,1.39858,-11.8224,0.966721,-0.660034,-18.8584,-0.636296,-0.738551,0.47258,-0.0153699,-0.553628,-0.862543,-0,0,0.180241,0.0153699,0.553628,-1.48183,-0.708514,0.365458,11.9634,0.843693,1.28909,-5.47846,-0.135179,-1.65455,0.480949,-0.0153699,-0.553628,-0.864721,-0.372091,0.844629,-1.13551,-0.348091,1.74833,-0.00634124,1.76976,0.00428571,True,True
4.625,-0,0,0.040114,0.0181424,0.554512,-1.32282,-0.32341,1.40591,-11.8005,0.963351,-0.687163,-16.9034,-0.639941,-0.718742,0.413574,-0.0181424,-0.554512,-0.979788,-0,0,-0.0239743,0.0181424,0.554512,-2.469,-0.706633,0.386317,12.5661,0.850033,1.24618,-7.10775,-0.1434,-1.63249,0.392924,-0.0181424,-0.554512,-0.94052,-0.484098,0.897623,-1.11697,-0.32828,1.75061,-0.00748381,1.78286,-0.00642857,True,True
4.63,-0,0,0.207296,0.020915,0.553648,-2.43292,-0.316366,1.41049,-11.705,0.959849,-0.712853,-14.9151,-0.643484,-0.697641,0.352885,-0.020915,-0.553648,-1.0957,-0,0,-0.230523,0.020915,0.553648,-3.50857,-0.704651,0.405777,13.0983,0.856155,1.20212,-8.79502,-0.151504,-1.6079,0.304869,-0.020915,-0.553648,-1.01674,-0.595905,0.948735,-1.09589,-0.308417,1.75289,-0.00862607,1.79595,-0.0171429,True,True
4.635,-0,0,0.379756,0.0236789,0.551027,-3.49271,-0.309305,1.41223,-11.5367,0.956223,-0.736856,-12.8987,-0.646918,-0.675379,0.287725,-0.0236789,-0.551027,-1.20666,-0,0,-0.439572,0.0236789,0.551027,-4.59787,-0.702575,0.423688,13.5589,0.862054,1.15715,-10.5381,-0.159479,-1.58084,0.213988,-0.0236789,-0.551027,-1.08975,-0.706338,0.994008,-1.0724,-0.28863,1.75514,-0.00976443,1.80905,-0.0278571,True,True
4.64,-0,0,0.557129,0.0264253,0.546641,-4.49421,-0.302243,1.41103,-11.2988,0.952481,-0.758926,-10.8716,-0.650237,-0.652101,0.213129,-0.0264253,-0.546641,-1.30527,-0,0,-0.650634,0.0264253,0.546641,-5.72826,-0.700414,0.439909,13.9436,0.867727,1.11151,-12.328,-0.167312,-1.55141,0.115451,-0.0264253,-0.546641,-1.15239,-0.812629,1.02571,-1.04662,-0.269063,1.75737,-0.0108953,1.82214,-0.0385714,True,True
4.645,-0,0,0.738083,0.0291453,0.540484,-5.41936,-0.295195,1.40681,-10.9982,0.948634,-0.778843,-8.87143,-0.653439,-0.627971,0.120671,-0.0291453,-0.540484,-1.37792,-0,0,-0.861954,0.0291453,0.540484,-6.88027,-0.698176,0.454321,14.2439,0.873169,1.06543,-14.1425,-0.174993,-1.51975,0.00120796,-0.0291453,-0.540484,-1.1917,-0.909322,1.02997,-1.01871,-0.249875,1.75957,-0.012015,1.83524,-0.0492857,True,True
4.65,-0,0,0.919498,0.0318301,0.532566,-6.23351,-0.288175,1.39963,-10.6503,0.944692,-0.79644,-6.97164,-0.656517,-0.603194,-0.00349157,-0.0318301,-0.532566,-1.40096,-0,0,-1.06946,0.0318301,0.532566,-8.0156,-0.695871,0.466847,14.4445,0.878381,1.01924,-15.9359,-0.18251,-1.48609,-0.141794,-0.0318301,-0.532566,-1.18537,-0.986546,0.983083,-0.988854,-0.231253,1.76174,-0.0131199,1.84833,-0.06,True,True
4.655,-0,0,1.09508,0.034471,0.522938,-6.87686,-0.281199,1.38971,-10.2848,0.940669,-0.811666,-5.3019,-0.659471,-0.57804,-0.180479,-0.034471,-0.522938,-1.33632,-0,0,-1.26486,0.034471,0.522938,-9.06473,-0.693508,0.477481,14.5219,0.883362,0.973339,-17.6227,-0.189854,-1.45082,-0.333212,-0.034471,-0.522938,-1.09776,-1.02783,0.847474,-0.957365,-0.213424,1.76388,-0.0142066,1.86143,-0.0707143,True,True
4.66,-0,0,1.26969,0.0370595,0.511725,-7.43007,-0.274278,1.37751,-9.97294,0.936576,-0.824598,-3.83146,-0.662298,-0.552908,-0.37595,-0.0370595,-0.511725,-1.22335,-0,0,-1.41342,0.0370595,0.511725,-9.90904,-0.691096,0.486346,14.5521,0.888114,0.928295,-19.0957,-0.197018,-1.41464,-0.536202,-0.0370595,-0.511725,-0.952346,-1.0439,0.6682,-0.924722,-0.196694,1.76598,-0.0152714,1.87452,-0.0814286,True,True
4.665,-0,0,0.100289,0.0395882,0.499336,1.40236,-0.267424,1.35384,-1.52278,0.932423,-0.819965,1.73005,-0.665,-0.533873,-0.0929042,-0.0395882,-0.499336,0.0253912,-0,0,-3.01753,0.0395882,0.499188,-20.0791,-0.688644,0.493452,6.40518,0.892645,0.884252,-25.0013,-0.204,-1.3777,-0.825769,-0.0395882,-0.499188,-2.20243,-0.0275494,-0.0652963,-0.89729,-0.186848,1.76804,-0.0163114,1.885,-0.09,False,True
4.67,-0,0,0.0208922,0.0420529,0.486654,1.49873,-0.26074,1.28942,-3.79899,0.928376,-0.751355,1.95045,-0.667636,-0.538063,-0.23828,-0.0420529,-0.486654,0.0252077,-0,0,-2.0937,0.0420514,0.485734,-20.4901,-0.686162,0.498305,9.26085,0.896957,0.840248,-23.0622,-0.210795,-1.33855,1.11661,-0.0420514,-0.485734,-1.56335,-0.0985251,-0.139583,-0.892852,-0.200409,1.77005,-0.0173243,1.885,-0.09,False,True
4.675,-0,0,-0.0829606,0.0444548,0.474457,1.59671,-0.254529,1.16637,-6.40111,0.92491,-0.590713,2.17457,-0.67038,-0.575659,-0.399619,-0.0444548,-0.474457,0.0239248,-0,0,-0.939658,0.0444456,0.471758,-21.0312,-0.683661,0.50066,12.376,0.901047,0.795936,-21.1753,-0.217386,-1.2966,2.64692,-0.0444456,-0.471758,-1.36831,-0.177819,-0.221476,-0.922174,-0.247036,1.77204,-0.0183086,1.885,-0.09,False,True
4.68,-0,0,-0.188913,0.0467974,0.463035,1.68447,-0.249076,0.991401,-8.68839,0.922469,-0.34896,2.34006,-0.673393,-0.642441,-0.535075,-0.0467974,-0.463035,0.02224,-0,0,0.171445,0.046769,0.457517,-21.5056,-0.681155,0.500856,14.9783,0.904916,0.752131,-19.7748,-0.223761,-1.25299,3.49337,-0.046769,-0.457517,-1.32314,-0.244554,-0.290037,-0.981261,-0.322318,1.77398,-0.0192635,1.885,-0.09,False,True
4.685,-0,0,-0.290161,0.0490851,0.452496,1.76102,-0.244615,0.773852,-10.5926,0.92142,-0.0417928,2.44571,-0.676805,-0.732059,-0.639244,-0.0490851,-0.452496,0.0204299,-0,0,1.16365,0.0490207,0.443168,-21.8915,-0.678653,0.49922,17.0539,0.908568,0.709455,-18.7633,-0.229916,-1.20868,3.90789,-0.0490207,-0.443168,-1.33204,-0.29597,-0.342634,-1.06385,-0.41984,1.7759,-0.0201888,1.885,-0.09,False,True
4.69,-0,0,-0.383028,0.0513224,0.44286,1.82638,-0.241338,0.522636,-12.1214,0.922051,0.315281,2.49725,-0.680713,-0.837917,-0.711813,-0.0513224,-0.44286,0.0186429,-0,0,2.00559,0.0512006,0.428808,-22.1954,-0.676163,0.496008,18.6594,0.912011,0.668278,-18.0389,-0.235848,-1.16429,4.08926,-0.0512006,-0.428808,-1.35737,-0.33188,-0.37915,-1.16337,-0.532996,1.7778,-0.0210842,1.885,-0.09,False,True
4.695,-0,0,-0.464714,0.0535137,0.434085,1.88034,-0.239389,0.246284,-13.2867,0.924573,0.707031,2.50002,-0.685184,-0.953315,-0.753124,-0.0535137,-0.434085,0.0169778,-0,0,2.68182,0.0533088,0.414501,-22.4265,-0.673693,0.491435,19.8342,0.915251,0.628826,-17.5456,-0.241559,-1.12026,4.14601,-0.0533088,-0.414501,-1.38177,-0.352448,-0.399767,-1.27309,-0.65512,1.77967,-0.0219499,1.885,-0.09,False,True
4.7,-0,0,-0.533233,0.0556632,0.426091,1.92268,-0.238875,-0.0471092,-14.1066,0.929121,1.11875,2.45926,-0.690247,-1.07164,-0.764298,-0.0556632,-0.426091,0.0155017,-0,0,3.18833,0.0553456,0.400288,-22.5948,-0.671248,0.485693,20.6121,0.918299,0.591239,-17.2507,-0.247051,-1.07693,4.13529,-0.0553456,-0.400288,-1.39849,-0.358242,-0.40505,-1.38635,-0.779656,1.78153,-0.0227861,1.885,-0.09,False,True
4.705,-0,0,-0.587386,0.0577746,0.418772,1.95321,-0.23986,-0.350002,-14.606,0.93576,1.53658,2.38026,-0.6959,-1.18658,-0.747274,-0.0577746,-0.418772,0.0142601,-0,0,3.5296,0.0573117,0.386198,-22.7092,-0.668836,0.478962,21.0275,0.921164,0.555599,-17.1313,-0.252328,-1.03456,4.08675,-0.0573117,-0.386198,-1.40597,-0.350237,-0.395967,-1.49675,-0.90036,1.78337,-0.0235928,1.885,-0.09,False,True
4.71,-0,0,-0.62672,0.059851,0.412002,1.97187,-0.242375,-0.655548,-14.8159,0.944487,1.94787,2.26835,-0.702112,-1.29232,-0.704746,-0.059851,-0.412002,0.0132839,-0,0,3.7164,0.0592076,0.37225,-22.7773,-0.666459,0.471407,21.1178,0.923855,0.52195,-17.1665,-0.257396,-0.993358,4.01617,-0.0592076,-0.37225,-1.40491,-0.329783,-0.37387,-1.59838,-1.0115,1.7852,-0.0243705,1.885,-0.09,False,True
4.715,-0,0,-0.651455,0.0618946,0.405643,1.97871,-0.246416,-0.957722,-14.7721,0.955239,2.34146,2.1289,-0.708823,-1.38373,-0.640012,-0.0618946,-0.405643,0.0125927,-0,0,3.76388,0.0610342,0.358456,-22.8049,-0.664122,0.463185,20.9243,0.926383,0.490305,-17.3347,-0.262261,-0.95349,3.93269,-0.0610342,-0.358456,-1.39669,-0.29852,-0.340417,-1.686,-1.10804,1.78701,-0.0251194,1.885,-0.09,False,True
4.72,-0,0,-0.662368,0.0639074,0.39955,1.97396,-0.251952,-1.2514,-14.5132,0.967902,2.7079,1.96715,-0.71595,-1.4565,-0.55676,-0.0639074,-0.39955,0.0121981,-0,0,3.68996,0.0627922,0.344826,-22.7962,-0.661827,0.454439,20.4901,0.928758,0.460651,-17.6131,-0.266931,-0.91509,3.84224,-0.0627922,-0.344826,-1.38275,-0.258277,-0.297473,-1.75517,-1.18573,1.78881,-0.02584,1.885,-0.09,False,True
4.725,-0,0,-0.660656,0.0658901,0.393574,1.95795,-0.25893,-1.5324,-14.0776,0.982318,3.03958,1.78811,-0.723388,-1.50718,-0.458848,-0.0658901,-0.393574,0.012105,-0,0,3.51369,0.0644825,0.331369,-22.7544,-0.659577,0.445299,19.8581,0.93099,0.432955,-17.9787,-0.271412,-0.878255,3.74895,-0.0644825,-0.331369,-1.36427,-0.21096,-0.246993,-1.80234,-1.24125,1.79061,-0.0265327,1.885,-0.09,False,True
4.73,-0,0,-0.647772,0.0678431,0.387566,1.93121,-0.267276,-1.79745,-13.502,0.998298,3.33068,1.59643,-0.731022,-1.53324,-0.350087,-0.0678431,-0.387566,0.0123124,-0,0,3.25398,0.0661059,0.31809,-22.6815,-0.657374,0.435883,19.069,0.933088,0.407166,-18.4096,-0.275714,-0.843049,3.65558,-0.0661059,-0.31809,-1.34218,-0.15844,-0.190914,-1.82483,-1.27213,1.79239,-0.0271978,1.885,-0.09,False,True
4.735,-0,0,-0.625286,0.0697658,0.381377,1.89439,-0.276904,-2.0441,-12.8193,1.01562,3.57711,1.39631,-0.738721,-1.53301,-0.234078,-0.0697658,-0.381377,0.0128144,-0,0,2.92853,0.0676634,0.304996,-22.579,-0.655218,0.426295,18.1592,0.935061,0.38322,-18.8859,-0.279843,-0.809515,3.56363,-0.0676634,-0.304996,-1.31721,-0.102479,-0.131074,-1.82086,-1.2768,1.79416,-0.027836,1.885,-0.09,False,True
4.74,-0,0,-0.594746,0.0716569,0.374866,1.84832,-0.287717,-2.27063,-12.0577,1.03407,3.77626,1.19148,-0.746352,-1.50562,-0.11409,-0.0716569,-0.374866,0.0136006,-0,0,2.55307,0.0691558,0.292095,-22.4483,-0.653111,0.416626,17.1601,0.93692,0.361043,-19.391,-0.283809,-0.777669,3.47349,-0.0691558,-0.292095,-1.28994,-0.0446695,-0.0691492,-1.78942,-1.25447,1.79592,-0.0284476,1.885,-0.09,False,True
4.745,-0,0,-0.557589,0.0735145,0.367896,1.79396,-0.29961,-2.47595,-11.2399,1.05339,3.92686,0.98519,-0.753777,-1.45091,0.00699179,-0.0735145,-0.367896,0.0146558,-0,0,2.14102,0.0705843,0.279393,-22.2905,-0.651052,0.406957,16.0972,0.938672,0.340554,-19.9116,-0.28762,-0.74751,3.38458,-0.0705843,-0.279393,-1.26084,0.0135933,-0.00662476,-1.73022,-1.20503,1.79767,-0.0290332,1.885,-0.09,False,True
4.75,-0,0,-0.515065,0.0753359,0.360338,1.73242,-0.312476,-2.65939,-10.3835,1.07334,4.02872,0.780233,-0.760861,-1.36933,0.126682,-0.0753359,-0.360338,0.0159604,-0,0,1.70331,0.0719498,0.266899,-22.107,-0.649042,0.397359,14.9902,0.940325,0.321668,-20.4376,-0.291284,-0.719026,3.29571,-0.0719498,-0.266899,-1.23034,0.0711152,0.0552125,-1.64358,-1.12902,1.7994,-0.0295934,1.885,-0.09,False,True
4.755,-0,0,-0.468203,0.0771178,0.352075,1.66491,-0.326204,-2.82068,-9.5013,1.09367,4.08249,0.579042,-0.76747,-1.26181,0.242873,-0.0771178,-0.352075,0.01749,-0,0,1.2485,0.0732533,0.254623,-21.8991,-0.647079,0.387894,13.8539,0.941888,0.304298,-20.9618,-0.29481,-0.692192,3.20535,-0.0732533,-0.254623,-1.1988,0.126893,0.115265,-1.53035,-1.02744,1.80112,-0.0301287,1.885,-0.09,False,True
4.76,-0,0,-0.417795,0.0788566,0.343003,1.59279,-0.340683,-2.95973,-8.60207,1.11416,4.08949,0.38374,-0.773479,-1.12976,0.353798,-0.0788566,-0.343003,0.0192156,-0,0,0.783047,0.074496,0.242573,-21.6684,-0.645163,0.378617,12.6988,0.943368,0.28836,-21.4798,-0.298206,-0.666976,3.11192,-0.074496,-0.242573,-1.16654,0.180094,0.172604,-1.3918,-0.901727,1.80282,-0.0306398,1.885,-0.09,False,True
4.765,-0,0,-0.364408,0.0805479,0.333035,1.51745,-0.355802,-3.07665,-7.69122,1.13457,4.05153,0.196219,-0.778768,-0.974882,0.457977,-0.0805479,-0.333035,0.0211036,-0,0,0.311601,0.075679,0.230762,-21.4168,-0.643292,0.369576,11.5319,0.944772,0.273766,-21.9886,-0.30148,-0.643342,3.01401,-0.075679,-0.230762,-1.13386,0.230031,0.226447,-1.22957,-0.753653,1.8045,-0.0311272,1.885,-0.09,False,True
4.77,-0,0,-0.308402,0.082187,0.322099,1.44039,-0.37145,-3.17157,-6.77177,1.15468,3.97077,0.0182084,-0.783228,-0.799197,0.554174,-0.082187,-0.322099,0.0231157,-0,0,-0.162576,0.0768036,0.2192,-21.1462,-0.641467,0.360814,10.3575,0.946106,0.260434,-22.4867,-0.304639,-0.621247,2.91057,-0.0768036,-0.2192,-1.101,0.276135,0.276133,-1.0456,-0.585265,1.80617,-0.0315916,1.885,-0.09,False,True
4.775,-0,0,-0.249963,0.0837689,0.310144,1.36311,-0.387517,-3.24469,-5.84514,1.17428,3.84963,-0.148663,-0.78676,-0.604943,0.641353,-0.0837689,-0.310144,0.0252095,-0,0,-0.637248,0.077871,0.207899,-20.8586,-0.639684,0.352366,9.1787,0.947376,0.248281,-22.9735,-0.307692,-0.600647,2.80094,-0.077871,-0.207899,-1.06817,0.31794,0.321106,-0.842086,-0.398834,1.80781,-0.0320336,1.885,-0.09,False,True
4.78,-0,0,-0.189149,0.0852884,0.297143,1.28711,-0.403897,-3.29617,-4.91187,1.19317,3.69072,-0.302824,-0.789277,-0.394551,0.71865,-0.0852884,-0.297143,0.0273389,-0,0,-1.11084,0.0788826,0.196873,-20.5564,-0.637943,0.344264,7.99742,0.948589,0.237228,-23.4487,-0.310646,-0.581492,2.68491,-0.0788826,-0.196873,-1.03557,0.355057,0.360899,-0.621423,-0.196806,1.80944,-0.032454,1.885,-0.09,False,True
4.785,-0,0,-0.125927,0.0867403,0.283088,1.21383,-0.420479,-3.32617,-3.9723,1.21118,3.49677,-0.442724,-0.790705,-0.170602,0.785353,-0.0867403,-0.283088,0.0294551,-0,0,-1.58213,0.0798397,0.186133,-20.2421,-0.636242,0.336535,6.81551,0.949749,0.227197,-23.9121,-0.313507,-0.563731,2.5627,-0.0798397,-0.186133,-1.00336,0.387174,0.395125,-0.386193,0.018229,1.81104,-0.0328532,1.885,-0.09,False,True
4.79,-0,0,-0.060231,0.0881193,0.268,1.14468,-0.437158,-3.33482,-3.02707,1.22814,3.27061,-0.566813,-0.790983,0.0642057,0.84089,-0.0881193,-0.268,0.0315076,-0,0,-2.04998,0.0807439,0.175693,-19.9186,-0.634578,0.329197,5.63517,0.950861,0.218112,-24.3638,-0.316283,-0.547309,2.43495,-0.0807439,-0.175693,-0.971718,0.414037,0.423476,-0.139123,0.243575,1.81262,-0.0332321,1.885,-0.09,False,True
4.795,-0,0,0.00799672,0.0894203,0.251923,1.0809,-0.453827,-3.32224,-2.07758,1.24389,3.01516,-0.673531,-0.790063,0.307087,0.884833,-0.0894203,-0.251923,0.033446,-0,0,-2.51314,0.0815967,0.165564,-19.5888,-0.63295,0.322268,4.45933,0.95193,0.209899,-24.8032,-0.31898,-0.532167,2.30266,-0.0815967,-0.165564,-0.940809,0.435458,0.445721,0.116949,0.47646,1.81418,-0.0335912,1.885,-0.09,False,True
4.8,-0,0,0.078754,0.0906385,0.234925,1.02362,-0.470381,-3.2886,-1.12628,1.25829,2.73339,-0.761315,-0.787912,0.555203,0.916899,-0.0906385,-0.234925,0.0352208,-0,0,-2.97007,0.0823996,0.155758,-19.2562,-0.631355,0.315755,3.292,0.95296,0.202486,-25.2299,-0.321605,-0.518241,2.16714,-0.0823996,-0.155758,-0.910817,0.451309,0.461716,0.379103,0.714072,1.81571,-0.0339313,1.885,-0.09,False,True
4.805,-0,0,0.151938,0.0917695,0.2171,0.973785,-0.486713,-3.23407,-0.176946,1.27122,2.42837,-0.828607,-0.784511,0.805699,0.93696,-0.0917695,-0.2171,0.0367858,-0,0,-3.41886,0.0831542,0.146283,-18.9246,-0.629792,0.309662,2.13839,0.953955,0.195802,-25.6429,-0.324162,-0.505465,2.02997,-0.0831542,-0.146283,-0.88194,0.461528,0.4714,0.644376,0.953592,1.81721,-0.0342529,1.885,-0.09,False,True
4.81,-0,0,0.22731,0.0928095,0.198561,0.932154,-0.502721,-3.15895,0.765265,1.28258,2.10322,-0.873888,-0.779855,1.05574,0.94505,-0.0928095,-0.198561,0.0380995,-0,0,-3.85721,0.0838624,0.137146,-18.5981,-0.628259,0.303987,1.00498,0.954918,0.18978,-26.0413,-0.326659,-0.493767,1.89294,-0.0838624,-0.137146,-0.8544,0.46612,0.474808,0.909804,1.19223,1.81868,-0.0345567,1.885,-0.09,False,True
4.815,-0,0,0.304471,0.0937552,0.179443,0.899282,-0.518303,-3.06365,1.69377,1.29226,1.76112,-0.895712,-0.773954,1.30254,0.941371,-0.0937552,-0.179443,0.0391267,-0,0,-4.28241,0.0845257,0.128351,-18.2813,-0.626752,0.298719,-0.10052,0.955852,0.184352,-26.424,-0.3291,-0.483071,1.75802,-0.0845257,-0.128351,-0.828437,0.465161,0.472068,1.17246,1.42727,1.82013,-0.0348433,1.885,-0.09,False,True
4.82,-0,0,0.382849,0.0946039,0.159894,0.875522,-0.533358,-2.94874,2.60067,1.30019,1.40532,-0.89275,-0.76683,1.54341,0.926294,-0.0946039,-0.159894,0.0398396,-0,0,-4.69137,0.0851459,0.119897,-17.979,-0.625271,0.293845,-1.16937,0.956761,0.179455,-26.7896,-0.33149,-0.473301,1.62721,-0.0851459,-0.119897,-0.804308,0.458801,0.4634,1.4295,1.65608,1.82154,-0.0351133,1.885,-0.09,False,True
4.825,-0,0,0.4617,0.0953541,0.140075,0.861036,-0.54779,-2.81497,3.47691,1.30631,1.03915,-0.863849,-0.75852,1.77583,0.90035,-0.0953541,-0.140075,0.0402195,-0,0,-5.08076,0.0857247,0.111779,-17.6966,-0.623814,0.289344,-2.19198,0.957647,0.175029,-27.137,-0.333833,-0.464374,1.50259,-0.0857247,-0.111779,-0.782279,0.447257,0.449115,1.67822,1.87622,1.82292,-0.0353671,1.885,-0.09,False,True
4.83,-0,0,0.540124,0.0960047,0.120154,0.855805,-0.561508,-2.66335,4.31252,1.31058,0.66595,-0.808089,-0.749072,1.9974,0.864218,-0.0960047,-0.120154,0.0402568,-0,0,-5.44708,0.0862637,0.103986,-17.4393,-0.622378,0.28519,-3.15826,0.958512,0.171018,-27.4651,-0.336134,-0.456208,1.38614,-0.0862637,-0.103986,-0.762618,0.430814,0.429601,1.91607,2.08537,1.82427,-0.0356054,1.885,-0.09,False,True
4.835,-0,0,0.617093,0.0965556,0.1003,0.859656,-0.574424,-2.49508,5.09697,1.31297,0.289129,-0.724845,-0.738546,2.20595,0.8187,-0.0965556,-0.1003,0.0399514,-0,0,-5.78675,0.0867645,0.0965019,-17.2127,-0.620962,0.281353,-4.05788,0.959357,0.167369,-27.773,-0.338395,-0.448722,1.27975,-0.0867645,-0.0965019,-0.745576,0.409814,0.405311,2.14073,2.28148,1.82559,-0.0358284,1.885,-0.09,False,True
4.84,-0,0,0.691487,0.0970077,0.080682,0.872289,-0.586458,-2.31166,5.81947,1.31347,-0.0878937,-0.613841,-0.727012,2.39955,0.764693,-0.0970077,-0.080682,0.0393128,-0,0,-6.09631,0.0872287,0.0893029,-17.0221,-0.619564,0.277798,-4.8807,0.960185,0.164036,-28.06,-0.340621,-0.441834,1.18511,-0.0872287,-0.0893029,-0.731381,0.384646,0.376745,2.35009,2.46267,1.82687,-0.0360368,1.885,-0.09,False,True
4.845,-0,0,0.762144,0.0973625,0.0614596,0.893303,-0.59754,-2.11482,6.46935,1.31209,-0.461688,-0.475209,-0.71455,2.57651,0.703154,-0.0973625,-0.0614596,0.0383589,-0,0,-6.37242,0.0876576,0.0823604,-16.8725,-0.618184,0.274489,-5.617,0.960998,0.160977,-28.3257,-0.342814,-0.435466,1.10369,-0.0876576,-0.0823604,-0.720226,0.355731,0.344431,2.54232,2.62736,1.82811,-0.0362306,1.885,-0.09,False,True
4.85,-0,0,0.827901,0.0976223,0.0427829,0.922225,-0.607607,-1.90653,7.03643,1.30885,-0.828837,-0.309523,-0.701247,2.73537,0.635066,-0.0976223,-0.0427829,0.0371152,-0,0,-6.61202,0.0880523,0.0756395,-16.7687,-0.616819,0.271386,-6.25786,0.961795,0.158157,-28.5695,-0.344976,-0.429543,1.03667,-0.0880523,-0.0756395,-0.712257,0.323508,0.308902,2.71585,2.77418,1.82932,-0.0364103,1.885,-0.09,False,True
4.855,-0,0,0.88765,0.0977903,0.0247875,0.958534,-0.616606,-1.68899,7.5113,1.3038,-1.18595,-0.117834,-0.687197,2.87494,0.561397,-0.0977903,-0.0247875,0.0356137,-0,0,-6.81237,0.088414,0.0690995,-16.7145,-0.61547,0.26845,-6.7953,0.962579,0.155546,-28.7914,-0.347109,-0.423996,0.984959,-0.088414,-0.0690995,-0.70757,0.288415,0.270679,2.8694,2.90204,1.83049,-0.0365761,1.885,-0.09,False,True
4.86,-0,0,0.940368,0.0978702,0.00759175,1.00168,-0.624497,-1.4646,7.88563,1.29699,-1.52969,0.098325,-0.672498,2.99429,0.483069,-0.0978702,-0.00759175,0.0338911,-0,0,-6.97105,0.0887433,0.0626951,-16.7131,-0.614135,0.26564,-7.22251,0.963351,0.153119,-28.991,-0.349216,-0.418759,0.949138,-0.0887433,-0.0626951,-0.706209,0.25088,0.230251,3.00192,3.01007,1.83163,-0.0367279,1.885,-0.09,False,True
4.865,-0,0,0.985162,0.0978662,-0.00870487,1.05109,-0.631252,-1.23593,8.15237,1.28851,-1.85676,0.33694,-0.657254,3.09269,0.40093,-0.0978662,0.00870487,0.0319874,-0,0,-7.08599,0.0890409,0.0563773,-16.7666,-0.612814,0.262915,-7.53395,0.96411,0.150859,-29.168,-0.351297,-0.413774,0.92951,-0.0890409,-0.0563773,-0.708173,0.211299,0.188058,3.11263,3.09762,1.83272,-0.036866,1.885,-0.09,False,True
4.87,-0,0,1.02128,0.0977831,-0.0240233,1.10619,-0.636856,-1.00564,8.30586,1.27843,-2.16396,0.595538,-0.641571,3.16961,0.31573,-0.0977831,0.0240233,0.0299443,-0,0,-7.15546,0.0893071,0.050094,-16.8763,-0.611506,0.260238,-7.72533,0.964859,0.148751,-29.3219,-0.353353,-0.408989,0.926107,-0.0893071,-0.050094,-0.713415,0.170035,0.144486,3.20096,3.16421,1.83378,-0.0369901,1.885,-0.09,False,True
4.875,-0,0,1.04815,0.097626,-0.0383053,1.16641,-0.641308,-0.776516,8.342,1.26687,-2.44819,0.871226,-0.625558,3.2247,0.228115,-0.097626,0.0383053,0.027804,-0,0,-7.17807,0.0895419,0.0437919,-17.042,-0.610211,0.257569,-7.79369,0.965598,0.146786,-29.4517,-0.355387,-0.404355,0.938736,-0.0895419,-0.0437919,-0.72186,0.127402,0.09986,3.26652,3.20956,1.8348,-0.0371003,1.885,-0.09,False,True
4.88,-0,0,1.06534,0.0974001,-0.0515131,1.23113,-0.644621,-0.551354,8.25821,1.25394,-2.70641,1.16074,-0.609324,3.25776,0.138625,-0.0974001,0.0515131,0.0256077,-0,0,-7.15269,0.089745,0.0374172,-17.2625,-0.60893,0.254872,-7.73731,0.966327,0.144957,-29.5565,-0.357397,-0.399828,0.967043,-0.089745,-0.0374172,-0.733411,0.0836743,0.0544427,3.3091,3.23347,1.83578,-0.0371962,1.885,-0.09,False,True
4.885,-0,0,1.07261,0.0971108,-0.0636292,1.29975,-0.646822,-0.332958,8.05351,1.2398,-2.93573,1.46049,-0.59298,3.26869,0.0477012,-0.0971108,0.0636292,0.0233949,-0,0,-7.07852,0.089916,0.0309172,-17.5356,-0.607663,0.252111,-7.55572,0.967047,0.14326,-29.6345,-0.359385,-0.395371,1.01058,-0.089916,-0.0309172,-0.747962,0.0390807,0.00844408,3.32861,3.2359,1.83673,-0.0372776,1.885,-0.09,False,True
4.89,-0,0,1.06986,0.0967638,-0.0746546,1.37162,-0.647951,-0.124086,7.72851,1.22459,-3.13339,1.76664,-0.576637,3.25747,-0.0442898,-0.0967638,0.0746546,0.0212026,-0,0,-6.95507,0.0900542,0.0242414,-17.8575,-0.606409,0.249251,-7.24965,0.96776,0.141692,-29.6839,-0.361351,-0.390943,1.06887,-0.0900542,-0.0242414,-0.76541,-0.0061812,-0.0379683,3.32506,3.21682,1.83763,-0.0373441,1.885,-0.09,False,True
4.895,-0,0,1.05717,0.0963643,-0.0846079,1.44604,-0.648062,0.0725928,7.2854,1.20847,-3.29678,2.07517,-0.560405,3.22418,-0.137027,-0.0963643,0.0846079,0.0190643,-0,0,-6.78225,0.0901584,0.0173428,-18.2239,-0.60517,0.24626,-6.82113,0.968464,0.140251,-29.7025,-0.363294,-0.386511,1.14153,-0.0901584,-0.0173428,-0.785657,-0.0519337,-0.0846517,3.29855,3.17632,1.8385,-0.0373953,1.885,-0.09,False,True
4.9,-0,0,1.03475,0.0959177,-0.0935235,1.52227,-0.647225,0.254536,6.7281,1.19162,-3.42348,2.38189,-0.544395,3.16894,-0.230193,-0.0959177,0.0935235,0.0170105,-0,0,-6.56045,0.0902276,0.0101787,-18.6289,-0.603946,0.243103,-6.27353,0.969162,0.138934,-29.6875,-0.365216,-0.382037,1.22828,-0.0902276,-0.0101787,-0.80861,-0.0979999,-0.131467,3.24923,3.11449,1.83933,-0.0374306,1.885,-0.09,False,True
4.905,-0,0,1.00297,0.0954291,-0.10145,1.59948,-0.645517,0.419372,6.06227,1.17423,-3.5113,2.68252,-0.528716,3.09193,-0.323431,-0.0954291,0.10145,0.015068,-0,0,-6.2907,0.0902602,0.002712,-19.0659,-0.602739,0.239749,-5.61178,0.969854,0.137737,-29.6365,-0.367115,-0.377486,1.32901,-0.0902602,-0.002712,-0.83418,-0.144182,-0.178254,3.17735,3.03152,1.84013,-0.0374496,1.885,-0.09,False,True
4.91,-0,0,0.962349,0.0949032,-0.108447,1.67677,-0.643031,0.564944,5.29557,1.15651,-3.55836,2.97275,-0.513476,2.99342,-0.416282,-0.0949032,0.108447,0.0132601,-0,0,-5.97481,0.0902547,-0.00508841,-19.5274,-0.601549,0.236166,-4.84267,0.970539,0.136653,-29.547,-0.368991,-0.372819,1.44376,-0.0902547,0.00508841,-0.86226,-0.190233,-0.224802,3.08323,2.92762,1.8409,-0.0374514,1.885,-0.09,False,True
4.915,-0,0,0.913581,0.0943446,-0.114587,1.75315,-0.639868,0.689356,4.43787,1.13865,-3.56313,3.24816,-0.498782,2.87377,-0.508134,-0.0943446,0.114587,0.0116072,-0,0,-5.61566,0.0902094,-0.0132465,-20.0051,-0.600377,0.232324,-3.97516,0.97122,0.135675,-29.4168,-0.370843,-0.367999,1.57265,-0.0902094,0.0132465,-0.892704,-0.235834,-0.27082,2.9673,2.80312,1.84163,-0.0374356,1.885,-0.09,False,True
4.92,-0,0,0.857537,0.0937573,-0.119951,1.82752,-0.636137,0.791029,3.5015,1.12088,-3.52454,3.50435,-0.484738,2.73351,-0.598159,-0.0937573,0.119951,0.0101267,-0,0,-5.21732,0.0901223,-0.0217789,-20.4898,-0.599226,0.228192,-3.02084,0.971896,0.134794,-29.2447,-0.372671,-0.362986,1.71575,-0.0901223,0.0217789,-0.925291,-0.280556,-0.315907,2.83015,2.65851,1.84233,-0.0374014,1.885,-0.09,False,True
4.925,-0,0,0.795279,0.0931451,-0.124626,1.89869,-0.631957,0.86876,2.50161,1.1034,-3.44212,3.7368,-0.471447,2.57336,-0.685256,-0.0931451,0.124626,0.00883355,-0,0,-4.78533,0.0899916,-0.0306941,-20.9718,-0.598095,0.223743,-1.99435,0.972568,0.133998,-29.0306,-0.374473,-0.357741,1.87286,-0.0899916,0.0306941,-0.959692,-0.323843,-0.359521,2.6726,2.49445,1.843,-0.0373481,1.885,-0.09,False,True
4.93,-0,0,0.728082,0.0925111,-0.128709,1.96537,-0.62745,0.921787,1.45636,1.08645,-3.31612,3.94097,-0.459005,2.39433,-0.768002,-0.0925111,0.128709,0.00774089,-0,0,-4.32685,0.0898153,-0.0399925,-21.4406,-0.596988,0.218956,-0.913801,0.973236,0.133273,-28.7761,-0.376248,-0.352228,2.04324,-0.0898153,0.0399925,-0.995419,-0.364978,-0.400958,2.49571,2.31191,1.84365,-0.037275,1.885,-0.09,False,True
4.935,-0,0,0.657425,0.091858,-0.1323,2.02619,-0.622739,0.949862,0.38708,1.07024,-3.14766,4.11218,-0.447503,2.1978,-0.844616,-0.091858,0.1323,0.00686053,-0,0,-3.85072,0.0895916,-0.0496658,-21.8853,-0.595906,0.213811,0.198977,0.973901,0.132605,-28.4845,-0.377995,-0.346416,2.22532,-0.0895916,0.0496658,-1.03179,-0.40307,-0.439331,2.30096,2.11218,1.84426,-0.0371815,1.885,-0.09,False,True
4.94,-0,0,0.584984,0.0911881,-0.135508,2.0797,-0.617951,0.95332,-0.681771,1.05498,-2.93891,4.24564,-0.437026,1.98559,-0.912948,-0.0911881,0.135508,0.00620359,-0,0,-3.36749,0.0893187,-0.0596974,-22.2947,-0.59485,0.208299,1.31837,0.974562,0.131981,-28.1616,-0.379712,-0.340279,2.41649,-0.0893187,0.0596974,-1.06788,-0.437047,-0.473564,2.09025,1.89703,1.84486,-0.0370669,1.885,-0.09,False,True
4.945,-0,0,0.512596,0.0905029,-0.138444,2.12437,-0.613206,0.933148,-1.72291,1.04085,-2.69323,4.33638,-0.427647,1.76008,-0.970492,-0.0905029,0.138444,0.00578104,-0,0,-2.8892,0.0889947,-0.0700619,-22.6573,-0.593823,0.202419,2.41529,0.975221,0.131387,-27.8151,-0.381398,-0.333805,2.61288,-0.0889947,0.0700619,-1.10252,-0.465664,-0.502401,1.86605,1.66877,1.84543,-0.0369305,1.885,-0.09,False,True
4.95,-0,0,0.442201,0.0898036,-0.141227,2.15864,-0.60862,0.891044,-2.7069,1.02805,-2.41531,4.37934,-0.419426,1.52427,-1.01443,-0.0898036,0.141227,0.00560437,-0,0,-2.42904,0.088618,-0.0807259,-22.9616,-0.592826,0.196182,3.45783,0.975876,0.13081,-27.455,-0.38305,-0.326993,2.80937,-0.088618,0.0807259,-1.13425,-0.487523,-0.524431,1.63145,1.43032,1.84598,-0.0367719,1.885,-0.09,False,True
4.955,-0,0,0.375752,0.0890906,-0.143982,2.18091,-0.604296,0.829451,-3.60304,1.0167,-2.11129,4.36927,-0.412405,1.28184,-1.04173,-0.0890906,0.143982,0.00568605,-0,0,-2.00087,0.0881874,-0.0916479,-23.1959,-0.591861,0.189614,4.41236,0.976529,0.130242,-27.0927,-0.384668,-0.319857,2.99972,-0.0881874,0.0916479,-1.16135,-0.501115,-0.538125,1.39025,1.1853,1.84652,-0.0365905,1.885,-0.09,False,True
4.96,-0,0,0.315122,0.0883638,-0.14684,2.18959,-0.600325,0.75157,-4.38073,1.00693,-1.78881,4.30088,-0.406607,1.03724,-1.04922,-0.0883638,0.14684,0.00604003,-0,0,-1.61849,0.0877016,-0.102779,-23.3493,-0.59093,0.182754,5.24499,0.977179,0.129676,-26.7404,-0.386249,-0.31243,3.17679,-0.0877016,0.102779,-1.18188,-0.504875,-0.541895,1.14698,0.938049,1.84704,-0.036386,1.885,-0.09,False,True
4.965,-0,0,0.261979,0.0876222,-0.14994,2.18311,-0.59678,0.661333,-5.01076,0.998812,-1.45696,4.16878,-0.402032,0.795631,-1.03377,-0.0876222,0.14994,0.00668184,-0,0,-1.29487,0.0871596,-0.114064,-23.4109,-0.590034,0.175656,5.92316,0.977825,0.129106,-26.4105,-0.387792,-0.304762,3.33273,-0.0871596,0.114064,-1.19373,-0.497243,-0.534159,0.906935,0.693671,1.84754,-0.036158,1.885,-0.09,False,True
4.97,-0,0,0.217686,0.0868644,-0.153429,2.15994,-0.593712,0.563353,-5.46678,0.992363,-1.12628,3.96759,-0.398651,0.562927,-0.992366,-0.0868644,0.153429,0.00762843,-0,0,-1.04134,0.0865609,-0.12544,-23.3709,-0.589173,0.168391,6.41708,0.97847,0.128531,-26.1146,-0.389296,-0.296922,3.45871,-0.0865609,0.12544,-1.19481,-0.476734,-0.513405,0.67613,0.457971,1.84803,-0.0359064,1.885,-0.09,False,True
4.975,-0,0,0.183207,0.0860879,-0.157463,2.11861,-0.591147,0.462831,-5.72632,0.98755,-0.808525,3.69191,-0.396403,0.345694,-0.922262,-0.0860879,0.157463,0.00889731,-0,0,-0.86678,0.0859052,-0.136841,-23.2198,-0.58835,0.161042,6.70076,0.979111,0.127954,-25.8641,-0.390761,-0.288995,3.54385,-0.0859052,0.136841,-1.18338,-0.441987,-0.478245,0.461263,0.237424,1.84851,-0.035631,1.885,-0.09,False,True
4.98,-0,0,0.159055,0.0852898,-0.162207,2.0577,-0.589084,0.365456,-5.77132,0.984278,-0.516553,3.33631,-0.395194,0.151097,-0.82103,-0.0852898,0.162207,0.0105047,-0,0,-0.776837,0.0851925,-0.148192,-22.949,-0.587563,0.153708,6.75191,0.979749,0.127377,-25.6711,-0.392186,-0.281085,3.57241,-0.0851925,0.148192,-1.15861,-0.391806,-0.427453,0.269626,0.0390913,1.84898,-0.035332,1.885,-0.09,False,True
4.985,-0,0,0.14528,0.0844659,-0.167831,1.97586,-0.587492,0.277296,-5.58792,0.982384,-0.264096,2.89528,-0.394892,-0.0132004,-0.68658,-0.0844659,0.167831,0.012462,-0,0,-0.773231,0.0844233,-0.159415,-22.5511,-0.586813,0.146506,6.55046,0.980385,0.126809,-25.5514,-0.393572,-0.273315,3.51827,-0.0844233,0.159415,-1.12174,-0.325164,-0.359964,0.109023,-0.129471,1.84943,-0.0350096,1.885,-0.09,False,True
4.99,-0,0,0.141484,0.0836115,-0.17451,1.87175,-0.586311,0.204723,-5.16528,0.981637,-0.0656068,2.36303,-0.395326,-0.139116,-0.517106,-0.0836115,0.17451,0.0147693,-0,0,-0.85291,0.0835984,-0.17042,-22.0192,-0.586098,0.139578,6.07513,0.981017,0.126265,-25.5309,-0.394919,-0.265843,3.33545,-0.0835984,0.17042,-1.07872,-0.241183,-0.274853,-0.0123279,-0.260293,1.84987,-0.0346641,1.885,-0.09,False,True
4.995,-0,0,0.145682,0.0827208,-0.182416,1.74991,-0.585445,0.154385,-4.54009,0.981728,0.0638335,1.76734,-0.396283,-0.218218,-0.322339,-0.0827208,0.182416,0.0172134,-0,0,-0.996623,0.0827191,-0.181107,-21.3951,-0.585417,0.133106,5.35581,0.981647,0.12577,-25.6308,-0.39623,-0.258876,2.99286,-0.0827191,0.181107,-1.08589,-0.144748,-0.176939,-0.0858586,-0.345048,1.85031,-0.0342961,1.885,-0.09,False,True
5,-0,0,-0.276651,0.0817873,-0.191512,-3.90552,-0.584767,0.130063,-1.66476,0.982275,0.117246,2.92696,-0.397508,-0.24731,1.52981,-0.0817873,0.191512,-0.36038,-0,0,-0.879768,0.0817873,-0.191342,-14.7338,-0.584767,0.127257,2.36639,0.982275,0.125332,-27.4462,-0.397508,-0.252589,0.937085,-0.0817873,0.191342,-0.359068,0.491073,1.03575,-0.108401,-0.38052,1.85073,-0.0339064,1.885,-0.09,True,True
5.005,-0,0,-0.270218,0.0808057,-0.200948,-3.76375,-0.584144,0.121897,-1.62706,0.982901,0.124817,1.9032,-0.398756,-0.246713,1.49038,-0.0808057,0.200948,-0.329656,-0,0,-0.815892,0.0808057,-0.200948,-14.0089,-0.584144,0.121897,2.28037,0.982901,0.124817,-26.7341,-0.398756,-0.246713,0.894989,-0.0808057,0.200948,-0.329487,0.493695,0.993837,-0.100949,-0.386486,1.85114,-0.0334961,1.88411,-0.0846429,True,True
5.01,-0,0,-0.253017,0.0797778,-0.209767,-3.60038,-0.583548,0.116799,-1.52537,0.983523,0.12407,0.980044,-0.399975,-0.240869,1.45156,-0.0797778,0.209767,-0.295551,-0,0,-0.754105,0.0797778,-0.209767,-13.1914,-0.583548,0.116799,2.15002,0.983523,0.12407,-25.9197,-0.399975,-0.240869,0.893829,-0.0797778,0.209767,-0.295551,0.498995,0.949853,-0.0886912,-0.386772,1.85153,-0.0330667,1.88321,-0.0792857,True,True
5.015,-0,0,-0.232652,0.078708,-0.21772,-3.42045,-0.582976,0.11196,-1.42643,0.984141,0.123068,0.0180919,-0.401165,-0.235028,1.38168,-0.078708,0.21772,-0.259566,-0,0,-0.689717,0.078708,-0.21772,-12.3335,-0.582976,0.11196,2.01216,0.984141,0.123068,-25.0647,-0.401165,-0.235028,0.870841,-0.078708,0.21772,-0.259566,0.490487,0.888674,-0.077073,-0.386467,1.85192,-0.03262,1.88232,-0.0739286,True,True
5.02,-0,0,-0.211478,0.0776006,-0.224781,-3.22968,-0.582428,0.10742,-1.34098,0.984754,0.121826,-0.982541,-0.402326,-0.229246,1.28558,-0.0776006,0.224781,-0.222954,-0,0,-0.624016,0.0776006,-0.224781,-11.4659,-0.582428,0.10742,1.8761,0.984754,0.121826,-24.1999,-0.402326,-0.229246,0.822815,-0.0776006,0.224781,-0.222954,0.469632,0.813663,-0.0661687,-0.385608,1.85229,-0.0321578,1.88143,-0.0685714,True,True
5.025,-0,0,-0.190049,0.0764602,-0.230943,-3.03121,-0.581902,0.103197,-1.2645,0.985359,0.120361,-1.99784,-0.403457,-0.223558,1.17467,-0.0764602,0.230943,-0.186366,-0,0,-0.558863,0.0764602,-0.230943,-10.6028,-0.581902,0.103197,1.74232,0.985359,0.120361,-23.3364,-0.403457,-0.223558,0.759821,-0.0764602,0.230943,-0.186366,0.441518,0.731119,-0.0560166,-0.384225,1.85266,-0.031682,1.88054,-0.0632143,True,True
5.03,-0,0,-0.168622,0.0752912,-0.236211,-2.82605,-0.581396,0.0992973,-1.19369,0.985957,0.118688,-3.01661,-0.404561,-0.217985,1.05588,-0.0752912,0.236211,-0.150042,-0,0,-0.495171,0.0752912,-0.236211,-9.74957,-0.581396,0.0992973,1.61059,0.985957,0.118688,-22.4777,-0.404561,-0.217985,0.688152,-0.0752912,0.236211,-0.150042,0.409348,0.644759,-0.0466352,-0.382341,1.85301,-0.0311946,1.87964,-0.0578571,True,True
5.035,-0,0,-0.147288,0.0740981,-0.24059,-2.61409,-0.580909,0.0957197,-1.12627,0.986546,0.116821,-4.03477,-0.405637,-0.212541,0.933185,-0.0740981,0.24059,-0.114007,-0,0,-0.433307,0.0740981,-0.24059,-8.90768,-0.580909,0.0957197,1.48043,0.986546,0.116821,-21.6235,-0.405637,-0.212541,0.611517,-0.0740981,0.24059,-0.114007,0.375031,0.556632,-0.0380329,-0.379973,1.85335,-0.0306972,1.87875,-0.0525,True,True
5.04,-0,0,-0.126048,0.0728853,-0.244086,-2.39468,-0.580439,0.0924599,-1.0607,0.987126,0.114774,-5.052,-0.406687,-0.207234,0.808728,-0.0728853,0.244086,-0.0781838,-0,0,-0.373352,0.0728853,-0.244086,-8.07632,-0.580439,0.0924599,1.35127,0.987126,0.114774,-20.7716,-0.406687,-0.207234,0.53202,-0.0728853,0.244086,-0.0781838,0.339666,0.467783,-0.0302142,-0.377134,1.85369,-0.0301918,1.87786,-0.0471429,True,True
5.045,-0,0,-0.104869,0.0716572,-0.246702,-2.16696,-0.579984,0.0895114,-0.995949,0.987694,0.11256,-6.06961,-0.40771,-0.202072,0.683592,-0.0716572,0.246702,-0.0424588,-0,0,-0.315249,0.0716572,-0.246702,-7.25398,-0.579984,0.0895114,1.22261,0.987694,0.11256,-19.9196,-0.40771,-0.202072,0.450792,-0.0716572,0.246702,-0.0424588,0.303856,0.378687,-0.023183,-0.373831,1.85401,-0.0296803,1.87696,-0.0417857,True,True
5.05,-0,0,-0.0837112,0.0704183,-0.248438,-1.93021,-0.579544,0.086867,-0.931361,0.988251,0.110192,-7.08907,-0.408707,-0.197059,0.558291,-0.0704183,0.248438,-0.00673042,-0,0,-0.258907,0.0704183,-0.248438,-6.43936,-0.579544,0.086867,1.09404,0.988251,0.110192,-19.0652,-0.408707,-0.197059,0.368419,-0.0704183,0.248438,-0.00673042,0.267924,0.289536,-0.0169438,-0.370069,1.85433,-0.0291644,1.87607,-0.0364286,True,True
5.055,-0,0,-0.0625616,0.0691728,-0.249291,-1.68408,-0.579116,0.0845194,-0.866626,0.988796,0.10768,-8.11064,-0.40968,-0.1922,0.433153,-0.0691728,0.249291,0.0290419,-0,0,-0.204281,0.0691728,-0.249291,-5.63227,-0.579116,0.0845194,0.965395,0.988796,0.10768,-18.2079,-0.40968,-0.1922,0.285262,-0.0691728,0.249291,0.0290419,0.232055,0.200473,-0.0115018,-0.36585,1.85464,-0.0286459,1.87518,-0.0310714,True,True
5.06,-0,0,-0.0414751,0.0679254,-0.24926,-1.42917,-0.578699,0.0824604,-0.801783,0.989328,0.105039,-9.13147,-0.410629,-0.187499,0.308679,-0.0679254,0.24926,0.0647699,-0,0,-0.151465,0.0679254,-0.24926,-4.83488,-0.578699,0.0824604,0.836907,0.989328,0.105039,-17.3498,-0.410629,-0.187499,0.201737,-0.0679254,0.24926,0.0647699,0.196431,0.111814,-0.00686186,-0.361175,1.85494,-0.0281267,1.87429,-0.0257143,True,True
5.065,-0,0,-0.0206337,0.0666802,-0.248348,-1.16775,-0.578291,0.0806806,-0.73735,0.989846,0.10228,-10.1428,-0.411555,-0.182961,0.185975,-0.0666802,0.248348,0.100126,-0,0,-0.100823,0.0666802,-0.248348,-4.05374,-0.578291,0.0806806,0.709512,0.989846,0.10228,-16.4984,-0.411555,-0.182961,0.118649,-0.0666802,0.248348,0.100126,0.161363,0.0243556,-0.00302541,-0.356051,1.85523,-0.0276087,1.87339,-0.0203571,True,True
5.07,-0,0,-0.000446248,0.0654419,-0.246569,-0.905215,-0.577892,0.0791675,-0.67459,0.990351,0.0994204,-11.1253,-0.412459,-0.178588,0.067394,-0.0654419,0.246569,0.134359,-0,0,-0.0531933,0.0654419,-0.246569,-3.30303,-0.577892,0.0791675,0.585363,0.990351,0.0994204,-15.6706,-0.412459,-0.178588,0.037658,-0.0654419,0.246569,0.134359,0.127473,-0.0601759,1.57334e-05,-0.350489,1.85552,-0.0270936,1.8725,-0.015,True,True
5.075,-0,0,0.0182896,0.0642145,-0.243961,-0.652417,-0.577499,0.0779021,-0.615987,0.990841,0.0964791,-12.0412,-0.413341,-0.174381,-0.042478,-0.0642145,0.243961,0.165987,-0,0,-0.0102135,0.0642145,-0.243961,-2.60998,-0.577499,0.0779021,0.468705,0.990841,0.0964791,-14.8987,-0.413341,-0.174381,-0.0380005,-0.0642145,0.243961,0.165987,0.0959661,-0.138403,0.00228993,-0.344515,1.8558,-0.0265832,1.87161,-0.00964286,True,True
5.08,-0,0,0.0342027,0.0630023,-0.240611,-0.42849,-0.577113,0.0768539,-0.56579,0.991316,0.0934832,-12.8253,-0.414203,-0.170337,-0.135701,-0.0630023,0.240611,0.192447,-0,0,0.0253304,0.0630023,-0.240611,-2.0209,-0.577113,0.0768539,0.366871,0.991316,0.0934832,-14.2391,-0.414203,-0.170337,-0.102693,-0.0630023,0.240611,0.192447,0.0689317,-0.204483,0.00386414,-0.338186,1.85607,-0.0260792,1.87071,-0.00428571,True,True
5.085,-0,0,0.0456339,0.0618084,-0.236682,-0.257649,-0.576731,0.0759728,-0.529155,0.991775,0.090471,-13.3987,-0.415045,-0.166444,-0.202642,-0.0618084,0.236682,0.210621,-0,0,0.0501979,0.0618084,-0.236682,-1.59107,-0.576731,0.0759728,0.288802,0.991775,0.090471,-13.7599,-0.415045,-0.166444,-0.149504,-0.0618084,0.236682,0.210621,0.048905,-0.251326,0.00486899,-0.331602,1.85634,-0.025583,1.87,0,True,True
5.09,-0,0,0.0519878,0.0606354,-0.232411,-0.151048,-0.576353,0.0751917,-0.508019,0.99222,0.0874896,-13.7323,-0.415867,-0.162681,-0.239913,-0.0606354,0.232411,0.219368,-0,0,0.0635882,0.0606354,-0.232411,-1.33854,-0.576353,0.0751917,0.237849,0.99222,0.0874896,-13.4865,-0.415867,-0.162681,-0.175823,-0.0606354,0.232411,0.219368,0.0367581,-0.276418,0.00549692,-0.324909,1.8566,-0.0250955,1.87,0,True,True
5.095,-0,0,0.0544618,0.0594843,-0.228017,-0.0954673,-0.575979,0.0744508,-0.498827,0.99265,0.0845784,-13.8821,-0.416671,-0.159029,-0.254651,-0.0594843,0.228017,0.220912,-0,0,0.0684938,0.0594843,-0.228017,-1.22022,-0.575979,0.0744508,0.207791,0.99265,0.0845784,-13.371,-0.416671,-0.159029,-0.186464,-0.0594843,0.228017,0.220912,0.0305759,-0.284967,0.00592696,-0.318238,1.85686,-0.0246172,1.87,0,True,True
5.1,-0,0,0.0547809,0.0583553,-0.22363,-0.0691797,-0.575609,0.0737161,-0.496348,0.993066,0.0817581,-13.9294,-0.417457,-0.155474,-0.257024,-0.0583553,0.22363,0.218481,-0,0,0.0688257,0.0583553,-0.22363,-1.17605,-0.575609,0.0737161,0.189506,0.993066,0.0817581,-13.3435,-0.417457,-0.155474,-0.18847,-0.0583553,0.22363,0.218481,0.0276554,-0.284426,0.00626686,-0.311667,1.85711,-0.0241482,1.87,0,True,True
5.105,-0,0,0.0540943,0.057248,-0.219312,-0.0571471,-0.575242,0.0729719,-0.497053,0.993468,0.0790364,-13.9289,-0.418226,-0.152008,-0.25375,-0.057248,0.219312,0.214231,-0,0,0.0671087,0.057248,-0.219312,-1.16633,-0.575242,0.0729719,0.176874,0.993468,0.0790364,-13.3572,-0.418226,-0.152008,-0.186525,-0.057248,0.219312,0.214231,0.0262245,-0.279734,0.00657019,-0.305231,1.85736,-0.0236883,1.87,0,True,True
5.11,-0,0,0.0530231,0.0561622,-0.215091,-0.0509913,-0.574879,0.0722126,-0.499003,0.993856,0.076414,-13.9098,-0.418978,-0.148627,-0.248417,-0.0561622,0.215091,0.20933,-0,0,0.0646701,0.0561622,-0.215091,-1.16979,-0.574879,0.0722126,0.166566,0.993856,0.076414,-13.3867,-0.418978,-0.148627,-0.183135,-0.0561622,0.215091,0.20933,0.0253479,-0.273538,0.00686045,-0.298944,1.8576,-0.0232374,1.87,0,True,True
5.115,-0,0,0.0518795,0.0550971,-0.210972,-0.0463387,-0.57452,0.0714379,-0.501201,0.994232,0.0738883,-13.8871,-0.419712,-0.145326,-0.2428,-0.0550971,0.210972,0.204366,-0,0,0.0621557,0.0550971,-0.210972,-1.17579,-0.57452,0.0714379,0.156894,0.994232,0.0738883,-13.419,-0.419712,-0.145326,-0.179544,-0.0550971,0.210972,0.204366,0.0245699,-0.267156,0.00714543,-0.292807,1.85784,-0.0227952,1.87,0,True,True
5.12,-0,0,0.0508029,0.0540524,-0.206953,-0.0411372,-0.574164,0.0706492,-0.503189,0.994595,0.0714554,-13.8675,-0.420431,-0.142105,-0.237669,-0.0540524,0.206953,0.199604,-0,0,0.0598399,0.0540524,-0.206953,-1.17962,-0.574164,0.0706492,0.147094,0.994595,0.0714554,-13.4485,-0.420431,-0.142105,-0.17629,-0.0540524,0.206953,0.199604,0.0236982,-0.261165,0.0074254,-0.286817,1.85807,-0.0223615,1.87,0,True,True
5.125,-0,0,0.0498401,0.0530276,-0.203027,-0.0346211,-0.573813,0.0698492,-0.504802,0.994947,0.069111,-13.8533,-0.421133,-0.13896,-0.233263,-0.0530276,0.203027,0.195133,-0,0,0.0578045,0.0530276,-0.203027,-1.17975,-0.573813,0.0698492,0.136899,0.994947,0.069111,-13.473,-0.421133,-0.13896,-0.173545,-0.0530276,0.203027,0.195133,0.0226767,-0.255749,0.00769764,-0.280968,1.8583,-0.0219361,1.87,0,True,True
5.13,-0,0,0.0489925,0.0520222,-0.199189,-0.0266907,-0.573466,0.0690404,-0.506023,0.995286,0.0668509,-13.8445,-0.42182,-0.135891,-0.229569,-0.0520222,0.199189,0.190955,-0,0,0.0560409,0.0520222,-0.199189,-1.17617,-0.573466,0.0690404,0.126295,0.995286,0.0668509,-13.4925,-0.42182,-0.135891,-0.171296,-0.0520222,0.199189,0.190955,0.0215138,-0.250902,0.00795877,-0.275252,1.85853,-0.0215189,1.87,0,True,True
5.135,-0,0,0.0482419,0.0510357,-0.19543,-0.0175518,-0.573123,0.0682249,-0.506901,0.995615,0.0646712,-13.8403,-0.422492,-0.132896,-0.226468,-0.0510357,0.19543,0.187034,-0,0,0.0545042,0.0510357,-0.19543,-1.1695,-0.573123,0.0682249,0.115371,0.995615,0.0646712,-13.5077,-0.422492,-0.132896,-0.169461,-0.0510357,0.19543,0.187034,0.0202428,-0.246538,0.0082058,-0.269665,1.85875,-0.0211096,1.87,0,True,True
5.14,-0,0,0.0475647,0.0500679,-0.191747,-0.0075164,-0.572784,0.0674046,-0.50751,0.995933,0.0625684,-13.8396,-0.423149,-0.129973,-0.223813,-0.0500679,0.191747,0.183324,-0,0,0.0531416,0.0500679,-0.191747,-1.16057,-0.572784,0.0674046,0.104253,0.995933,0.0625684,-13.5197,-0.423149,-0.129973,-0.167936,-0.0500679,0.191747,0.183324,0.0189023,-0.242551,0.00843657,-0.2642,1.85897,-0.0207081,1.87,0,True,True
5.145,-0,0,0.0469384,0.0491182,-0.188134,0.00310012,-0.572449,0.0665812,-0.507921,0.996241,0.0605391,-13.8413,-0.423792,-0.12712,-0.221472,-0.0491182,0.188134,0.179781,-0,0,0.0519052,0.0491182,-0.188134,-1.15016,-0.572449,0.0665812,0.0930604,0.996241,0.0605391,-13.5292,-0.423792,-0.12712,-0.166625,-0.0491182,0.188134,0.179781,0.0175266,-0.238842,0.00864978,-0.258853,1.85918,-0.0203141,1.87,0,True,True
5.15,-0,0,0.0463445,0.0481865,-0.184589,0.0140259,-0.572118,0.0657556,-0.508196,0.996539,0.0585804,-13.8444,-0.424421,-0.124336,-0.219335,-0.0481865,0.184589,0.176367,-0,0,0.0507565,0.0481865,-0.184589,-1.13888,-0.572118,0.0657556,0.0818923,0.996539,0.0585804,-13.5372,-0.424421,-0.124336,-0.165452,-0.0481865,0.184589,0.176367,0.0161427,-0.235328,0.00884484,-0.25362,1.85938,-0.0199277,1.87,0,True,True
5.155,-0,0,0.045769,0.0472724,-0.18111,0.0250481,-0.571791,0.0649291,-0.508384,0.996827,0.0566896,-13.8483,-0.425035,-0.121619,-0.217321,-0.0472724,0.18111,0.173054,-0,0,0.0496668,0.0472724,-0.18111,-1.12723,-0.571791,0.0649291,0.0708247,0.996827,0.0566896,-13.5443,-0.425035,-0.121619,-0.164361,-0.0472724,0.18111,0.173054,0.0147699,-0.231948,0.00902178,-0.248499,1.85959,-0.0195486,1.87,0,True,True
5.16,-0,0,0.0452023,0.0463754,-0.177694,0.036012,-0.571469,0.0641022,-0.50852,0.997105,0.0548641,-13.8525,-0.425637,-0.118966,-0.215376,-0.0463754,0.177694,0.169821,-0,0,0.0486165,0.0463754,-0.177694,-1.11553,-0.571469,0.0641022,0.0599103,0.997105,0.0548641,-13.5508,-0.425637,-0.118966,-0.16331,-0.0463754,0.177694,0.169821,0.0134209,-0.22866,0.00918102,-0.243485,1.85979,-0.0191767,1.87,0,True,True
5.165,-0,0,0.0446381,0.0454954,-0.17434,0.0468133,-0.57115,0.0632758,-0.508629,0.997375,0.0531016,-13.8567,-0.426225,-0.116377,-0.213463,-0.0454954,0.17434,0.166653,-0,0,0.0475931,0.0454954,-0.17434,-1.10399,-0.57115,0.0632758,0.0491829,0.997375,0.0531016,-13.5571,-0.426225,-0.116377,-0.162276,-0.0454954,0.17434,0.166653,0.012103,-0.225436,0.00932325,-0.238577,1.85998,-0.0188119,1.87,0,True,True
5.17,-0,0,0.0440728,0.044632,-0.171048,0.0573878,-0.570836,0.0624503,-0.508727,0.997636,0.0513998,-13.8606,-0.426801,-0.11385,-0.211563,-0.044632,0.171048,0.163541,-0,0,0.046589,0.044632,-0.171048,-1.09276,-0.570836,0.0624503,0.038662,0.997636,0.0513998,-13.5633,-0.426801,-0.11385,-0.161246,-0.044632,0.171048,0.163541,0.0108198,-0.222258,0.00944934,-0.233771,1.86018,-0.018454,1.87,0,True,True
5.175,-0,0,0.0435047,0.0437849,-0.167816,0.0677009,-0.570526,0.0616263,-0.508822,0.997889,0.0497564,-13.8643,-0.427364,-0.111383,-0.209666,-0.0437849,0.167816,0.160481,-0,0,0.0456002,0.0437849,-0.167816,-1.08189,-0.570526,0.0616263,0.0283563,0.997889,0.0497564,-13.5695,-0.427364,-0.111383,-0.160211,-0.0437849,0.167816,0.160481,0.00957209,-0.219119,0.00956021,-0.229067,1.86036,-0.0181028,1.87,0,True,True
5.18,-0,0,0.0429333,0.0429539,-0.164643,0.0777394,-0.57022,0.0608043,-0.50892,0.998134,0.0481695,-13.8675,-0.427914,-0.108974,-0.20777,-0.0429539,0.164643,0.157469,-0,0,0.0446253,0.0429539,-0.164643,-1.0714,-0.57022,0.0608043,0.0182672,0.998134,0.0481695,-13.5759,-0.427914,-0.108974,-0.159171,-0.0429539,0.164643,0.157469,0.00835929,-0.216016,0.0096568,-0.22446,1.86055,-0.0177584,1.87,0,True,True
5.185,-0,0,0.0423589,0.0421385,-0.161529,0.0875036,-0.569918,0.0599846,-0.509023,0.998371,0.046637,-13.8705,-0.428453,-0.106622,-0.205876,-0.0421385,0.161529,0.154504,-0,0,0.0436642,0.0421385,-0.161529,-1.06128,-0.569918,0.0599846,0.00839173,0.998371,0.046637,-13.5823,-0.428453,-0.106622,-0.158127,-0.0421385,0.161529,0.154504,0.00717977,-0.212947,0.00974004,-0.21995,1.86073,-0.0174205,1.87,0,True,True
5.19,-0,0,0.0417825,0.0413386,-0.158472,0.0970026,-0.56962,0.0591678,-0.509129,0.9986,0.045157,-13.8731,-0.428981,-0.104325,-0.203987,-0.0413386,0.158472,0.151587,-0,0,0.0427174,0.0413386,-0.158472,-1.05152,-0.56962,0.0591678,-0.00127597,0.9986,0.045157,-13.5888,-0.428981,-0.104325,-0.157083,-0.0413386,0.158472,0.151587,0.00603145,-0.209915,0.00981079,-0.215535,1.86091,-0.0170891,1.87,0,True,True
5.195,-0,0,0.0412049,0.0405538,-0.155472,0.10625,-0.569326,0.0583542,-0.509239,0.998823,0.0437276,-13.8754,-0.429497,-0.102082,-0.20211,-0.0405538,0.155472,0.148717,-0,0,0.0417859,0.0405538,-0.155472,-1.04209,-0.569326,0.0583542,-0.010743,0.998823,0.0437276,-13.5953,-0.429497,-0.102082,-0.156042,-0.0405538,0.155472,0.148717,0.00491218,-0.206923,0.00986988,-0.211212,1.86108,-0.0167639,1.87,0,True,True
5.2,-0,0,0.0406273,0.0397838,-0.152529,0.115261,-0.569036,0.0575442,-0.50935,0.999038,0.042347,-13.8774,-0.430001,-0.0998912,-0.200248,-0.0397838,0.152529,0.145895,-0,0,0.0408707,0.0397838,-0.152529,-1.03295,-0.569036,0.0575442,-0.0200168,0.999038,0.042347,-13.6018,-0.430001,-0.0998912,-0.155007,-0.0397838,0.152529,0.145895,0.0038199,-0.203973,0.00991807,-0.206979,1.86125,-0.016445,1.87,0,True,True
5.205,-0,0,0.0400505,0.0390285,-0.14964,0.124052,-0.568751,0.0567381,-0.50946,0.999246,0.0410135,-13.8793,-0.430495,-0.0977516,-0.198406,-0.0390285,0.14964,0.143121,-0,0,0.0399728,0.0390285,-0.14964,-1.02408,-0.568751,0.0567381,-0.029105,0.999246,0.0410135,-13.6083,-0.430495,-0.0977516,-0.153982,-0.0390285,0.14964,0.143121,0.00275271,-0.201068,0.00995607,-0.202835,1.86142,-0.0161321,1.87,0,True,True
5.21,-0,0,0.0394756,0.0382874,-0.146806,0.132637,-0.568469,0.0559363,-0.509568,0.999448,0.0397254,-13.881,-0.430979,-0.0956618,-0.196588,-0.0382874,0.146806,0.140396,-0,0,0.0390928,0.0382874,-0.146806,-1.01545,-0.568469,0.0559363,-0.0380144,0.999448,0.0397254,-13.6148,-0.430979,-0.0956618,-0.15297,-0.0382874,0.146806,0.140396,0.00170899,-0.198211,0.00998451,-0.198777,1.86159,-0.0158252,1.87,0,True,True
5.215,-0,0,0.0389033,0.0375604,-0.144025,0.141031,-0.568191,0.0551392,-0.509673,0.999643,0.0384811,-13.8826,-0.431452,-0.0936203,-0.194796,-0.0375604,0.144025,0.137719,-0,0,0.0382314,0.0375604,-0.144025,-1.00704,-0.568191,0.0551392,-0.0467515,0.999643,0.0384811,-13.6212,-0.431452,-0.0936203,-0.151974,-0.0375604,0.144025,0.137719,0.000687342,-0.195401,0.010004,-0.194804,1.86175,-0.0155241,1.87,0,True,True
5.22,-0,0,0.0383343,0.0368472,-0.141296,0.149244,-0.567917,0.054347,-0.509773,0.999833,0.037279,-13.884,-0.431915,-0.091626,-0.193034,-0.0368472,0.141296,0.135092,-0,0,0.0373888,0.0368472,-0.141296,-0.998817,-0.567917,0.054347,-0.055322,0.999833,0.037279,-13.6275,-0.431915,-0.091626,-0.150994,-0.0368472,0.141296,0.135092,-0.000313394,-0.192642,0.0100151,-0.190914,1.86191,-0.0152287,1.87,0,True,True
5.225,-0,0,0.0377692,0.0361475,-0.138619,0.157287,-0.567648,0.05356,-0.509866,1.00002,0.0361177,-13.8854,-0.432368,-0.0896777,-0.191302,-0.0361475,0.138619,0.132513,-0,0,0.0365653,0.0361475,-0.138619,-0.990778,-0.567648,0.05356,-0.0637309,1.00002,0.0361177,-13.6337,-0.432368,-0.0896777,-0.150032,-0.0361475,0.138619,0.132513,-0.00129417,-0.189933,0.0100182,-0.187104,1.86206,-0.014939,1.87,0,True,True
5.23,-0,0,0.0372083,0.035461,-0.135992,0.165168,-0.567382,0.0527786,-0.509954,1.00019,0.0349955,-13.8867,-0.432812,-0.0877741,-0.189602,-0.035461,0.135992,0.129983,-0,0,0.0357606,0.035461,-0.135992,-0.982907,-0.567382,0.0527786,-0.071983,1.00019,0.0349955,-13.6398,-0.432812,-0.0877741,-0.149089,-0.035461,0.135992,0.129983,-0.00225578,-0.187275,0.010014,-0.183374,1.86221,-0.0146548,1.87,0,True,True
5.235,-0,0,0.036652,0.0347876,-0.133415,0.172895,-0.56712,0.0520029,-0.510034,1.00037,0.0339112,-13.8879,-0.433246,-0.0859142,-0.187934,-0.0347876,0.133415,0.127501,-0,0,0.0349748,0.0347876,-0.133415,-0.975192,-0.56712,0.0520029,-0.0800821,1.00037,0.0339112,-13.6458,-0.433246,-0.0859142,-0.148166,-0.0347876,0.133415,0.127501,-0.00319885,-0.184667,0.0100027,-0.179722,1.86236,-0.014376,1.87,0,True,True
5.24,-0,0,0.0361007,0.0341269,-0.130886,0.180473,-0.566862,0.0512333,-0.510108,1.00053,0.0328635,-13.8891,-0.433671,-0.0840967,-0.186299,-0.0341269,0.130886,0.125066,-0,0,0.0342076,0.0341269,-0.130886,-0.967625,-0.566862,0.0512333,-0.0880319,1.00053,0.0328635,-13.6517,-0.433671,-0.0840967,-0.147262,-0.0341269,0.130886,0.125066,-0.00412393,-0.18211,0.00998488,-0.176145,1.86251,-0.0141025,1.87,0,True,True
5.245,-0,0,0.0355545,0.0334787,-0.128406,0.187907,-0.566608,0.0504698,-0.510174,1.00069,0.0318509,-13.8903,-0.434087,-0.0823208,-0.184696,-0.0334787,0.128406,0.122677,-0,0,0.0334587,0.0334787,-0.128406,-0.960201,-0.566608,0.0504698,-0.0958357,1.00069,0.0318509,-13.6574,-0.434087,-0.0823208,-0.146377,-0.0334787,0.128406,0.122677,-0.00503147,-0.179602,0.00996087,-0.172642,1.86265,-0.0138342,1.87,0,True,True
5.25,-0,0,0.0350135,0.0328428,-0.125972,0.195203,-0.566357,0.0497129,-0.510233,1.00085,0.0308723,-13.8914,-0.434494,-0.0805852,-0.183125,-0.0328428,0.125972,0.120335,-0,0,0.0327277,0.0328428,-0.125972,-0.952913,-0.566357,0.0497129,-0.103497,1.00085,0.0308723,-13.663,-0.434494,-0.0805852,-0.145512,-0.0328428,0.125972,0.120335,-0.00592184,-0.177144,0.00993106,-0.169211,1.86279,-0.013571,1.87,0,True,True
5.255,-0,0,0.034478,0.032219,-0.123584,0.202363,-0.56611,0.0489626,-0.510285,1.001,0.0299265,-13.8925,-0.434893,-0.078889,-0.181586,-0.032219,0.123584,0.118037,-0,0,0.0320141,0.032219,-0.123584,-0.945759,-0.56611,0.0489626,-0.111017,1.001,0.0299265,-13.6685,-0.434893,-0.078889,-0.144665,-0.032219,0.123584,0.118037,-0.00679539,-0.174734,0.00989577,-0.165852,1.86293,-0.0133128,1.87,0,True,True
5.26,-0,0,0.033948,0.031607,-0.121241,0.20939,-0.565868,0.0482191,-0.51033,1.00115,0.0290122,-13.8936,-0.435283,-0.0772312,-0.180077,-0.031607,0.121241,0.115784,-0,0,0.0313176,0.031607,-0.121241,-0.938735,-0.565868,0.0482191,-0.1184,1.00115,0.0290122,-13.6739,-0.435283,-0.0772312,-0.143837,-0.031607,0.121241,0.115784,-0.00765243,-0.17237,0.00985536,-0.162562,1.86307,-0.0130596,1.87,0,True,True
5.265,-0,0,0.0334236,0.0310066,-0.118943,0.216287,-0.565628,0.0474825,-0.510368,1.00129,0.0281284,-13.8946,-0.435665,-0.0756109,-0.178599,-0.0310066,0.118943,0.113574,-0,0,0.0306377,0.0310066,-0.118943,-0.931838,-0.565628,0.0474825,-0.125648,1.00129,0.0281284,-13.6791,-0.435665,-0.0756109,-0.143026,-0.0310066,0.118943,0.113574,-0.00849324,-0.170054,0.00981013,-0.159339,1.8632,-0.0128111,1.87,0,True,True
5.27,-0,0,0.0329048,0.0304175,-0.116688,0.223057,-0.565393,0.0467531,-0.510401,1.00143,0.027274,-13.8957,-0.436039,-0.0740271,-0.17715,-0.0304175,0.116688,0.111407,-0,0,0.0299741,0.0304175,-0.116688,-0.925067,-0.565393,0.0467531,-0.132764,1.00143,0.027274,-13.6843,-0.436039,-0.0740271,-0.142233,-0.0304175,0.116688,0.111407,-0.00931809,-0.167782,0.00976038,-0.156183,1.86333,-0.0125674,1.87,0,True,True
5.275,-0,0,0.0323917,0.0298397,-0.114476,0.229702,-0.565161,0.046031,-0.510427,1.00157,0.0264479,-13.8967,-0.436405,-0.0724789,-0.17573,-0.0298397,0.114476,0.109281,-0,0,0.0293261,0.0298397,-0.114476,-0.918418,-0.565161,0.046031,-0.139749,1.00157,0.0264479,-13.6893,-0.436405,-0.0724789,-0.141458,-0.0298397,0.114476,0.109281,-0.0101273,-0.165555,0.00970641,-0.153091,1.86346,-0.0123283,1.87,0,True,True
5.28,-0,0,0.0318843,0.0292728,-0.112306,0.236224,-0.564932,0.0453162,-0.510448,1.0017,0.0256492,-13.8976,-0.436764,-0.0709654,-0.174338,-0.0292728,0.112306,0.107197,-0,0,0.0286935,0.0292728,-0.112306,-0.91189,-0.564932,0.0453162,-0.146606,1.0017,0.0256492,-13.6942,-0.436764,-0.0709654,-0.140698,-0.0292728,0.112306,0.107197,-0.010921,-0.163372,0.00964849,-0.150064,1.86358,-0.0120937,1.87,0,True,True
5.285,-0,0,0.0313827,0.0287166,-0.110177,0.242626,-0.564708,0.0446089,-0.510463,1.00182,0.0248769,-13.8986,-0.437115,-0.0694858,-0.172974,-0.0287166,0.110177,0.105152,-0,0,0.0280758,0.0287166,-0.110177,-0.905482,-0.564708,0.0446089,-0.153337,1.00182,0.0248769,-13.6989,-0.437115,-0.0694858,-0.139955,-0.0287166,0.110177,0.105152,-0.0116995,-0.161231,0.00958688,-0.147098,1.8637,-0.0118637,1.87,0,True,True
5.29,-0,0,0.0308869,0.028171,-0.108088,0.248908,-0.564486,0.0439092,-0.510473,1.00195,0.02413,-13.8995,-0.437459,-0.0680392,-0.171636,-0.028171,0.108088,0.103147,-0,0,0.0274726,0.028171,-0.108088,-0.899191,-0.564486,0.0439092,-0.159944,1.00195,0.02413,-13.7036,-0.437459,-0.0680392,-0.139227,-0.028171,0.108088,0.103147,-0.0124632,-0.159132,0.00952183,-0.144192,1.86382,-0.011638,1.87,0,True,True
5.295,-0,0,0.0303968,0.0276357,-0.106038,0.255073,-0.564268,0.0432171,-0.510479,1.00206,0.0234077,-13.9004,-0.437796,-0.0666248,-0.170325,-0.0276357,0.106038,0.10118,-0,0,0.0268834,0.0276357,-0.106038,-0.893017,-0.564268,0.0432171,-0.166429,1.00206,0.0234077,-13.7082,-0.437796,-0.0666248,-0.138514,-0.0276357,0.106038,0.10118,-0.0132121,-0.157073,0.00945358,-0.141346,1.86394,-0.0114165,1.87,0,True,True
5.3,-0,0,0.0299125,0.0271106,-0.104028,0.261124,-0.564054,0.0425328,-0.51048,1.00218,0.0227091,-13.9013,-0.438125,-0.0652419,-0.169039,-0.0271106,0.104028,0.0992512,-0,0,0.026308,0.0271106,-0.104028,-0.886956,-0.564054,0.0425328,-0.172795,1.00218,0.0227091,-13.7127,-0.438125,-0.0652419,-0.137817,-0.0271106,0.104028,0.0992512,-0.0139466,-0.155054,0.00938235,-0.138559,1.86406,-0.0111993,1.87,0,True,True
5.305,-0,0,0.0294341,0.0265955,-0.102055,0.267061,-0.563843,0.0418563,-0.510477,1.00229,0.0220334,-13.9022,-0.438448,-0.0638896,-0.167778,-0.0265955,0.102055,0.0973592,-0,0,0.025746,0.0265955,-0.102055,-0.881009,-0.563843,0.0418563,-0.179043,1.00229,0.0220334,-13.7171,-0.438448,-0.0638896,-0.137133,-0.0265955,0.102055,0.0973592,-0.014667,-0.153075,0.00930837,-0.135828,1.86417,-0.0109863,1.87,0,True,True
5.31,-0,0,0.0289614,0.0260901,-0.10012,0.272888,-0.563636,0.0411876,-0.51047,1.0024,0.0213797,-13.903,-0.438764,-0.0625673,-0.166541,-0.0260901,0.10012,0.0955034,-0,0,0.0251969,0.0260901,-0.10012,-0.875172,-0.563636,0.0411876,-0.185176,1.0024,0.0213797,-13.7214,-0.438764,-0.0625673,-0.136463,-0.0260901,0.10012,0.0955034,-0.0153735,-0.151133,0.00923184,-0.133152,1.86428,-0.0107773,1.87,0,True,True
5.315,-0,0,0.0284946,0.0255943,-0.098221,0.278605,-0.563431,0.0405268,-0.51046,1.0025,0.0207474,-13.9038,-0.439074,-0.0612742,-0.165328,-0.0255943,0.098221,0.0936831,-0,0,0.0246605,0.0255943,-0.098221,-0.869444,-0.563431,0.0405268,-0.191195,1.0025,0.0207474,-13.7256,-0.439074,-0.0612742,-0.135807,-0.0255943,0.098221,0.0936831,-0.0160663,-0.149229,0.00915297,-0.130531,1.86439,-0.0105722,1.87,0,True,True
5.32,-0,0,0.0280335,0.0251079,-0.0963583,0.284214,-0.56323,0.0398739,-0.510446,1.00261,0.0201356,-13.9046,-0.439377,-0.0600095,-0.164139,-0.0251079,0.0963583,0.0918977,-0,0,0.0241363,0.0251079,-0.0963583,-0.863824,-0.56323,0.0398739,-0.197103,1.00261,0.0201356,-13.7297,-0.439377,-0.0600095,-0.135164,-0.0251079,0.0963583,0.0918977,-0.0167457,-0.147361,0.00907193,-0.127964,1.8645,-0.0103711,1.87,0,True,True
5.325,-0,0,0.0275782,0.0246307,-0.0945308,0.289718,-0.563033,0.039229,-0.510429,1.00271,0.0195437,-13.9053,-0.439674,-0.0587727,-0.162972,-0.0246307,0.0945308,0.0901464,-0,0,0.0236242,0.0246307,-0.0945308,-0.858309,-0.563033,0.039229,-0.202902,1.00271,0.0195437,-13.7337,-0.439674,-0.0587727,-0.134535,-0.0246307,0.0945308,0.0901464,-0.017412,-0.14553,0.00898891,-0.125448,1.8646,-0.0101738,1.87,0,True,True
5.33,-0,0,0.0271288,0.0241626,-0.092738,0.295119,-0.562838,0.0385921,-0.510409,1.0028,0.0189709,-13.9061,-0.439965,-0.057563,-0.161827,-0.0241626,0.092738,0.0884285,-0,0,0.0231238,0.0241626,-0.092738,-0.852899,-0.562838,0.0385921,-0.208593,1.0028,0.0189709,-13.7376,-0.439965,-0.057563,-0.133917,-0.0241626,0.092738,0.0884285,-0.0180654,-0.143733,0.00890408,-0.122984,1.86471,-0.00998018,1.87,0,True,True
5.335,-0,0,0.0266851,0.0237033,-0.0909791,0.300417,-0.562647,0.0379631,-0.510386,1.0029,0.0184167,-13.9068,-0.440249,-0.0563798,-0.160705,-0.0237033,0.0909791,0.0867435,-0,0,0.0226348,0.0237033,-0.0909791,-0.84759,-0.562647,0.0379631,-0.214178,1.0029,0.0184167,-13.7415,-0.440249,-0.0563798,-0.133312,-0.0237033,0.0909791,0.0867435,-0.0187061,-0.141971,0.00881761,-0.120569,1.86481,-0.00979029,1.87,0,True,True
5.34,-0,0,0.0262471,0.0232528,-0.0892535,0.305615,-0.562458,0.0373422,-0.51036,1.00299,0.0178802,-13.9075,-0.440528,-0.0552224,-0.159603,-0.0232528,0.0892535,0.0850906,-0,0,0.0221568,0.0232528,-0.0892535,-0.842382,-0.562458,0.0373422,-0.219659,1.00299,0.0178802,-13.7453,-0.440528,-0.0552224,-0.13272,-0.0232528,0.0892535,0.0850906,-0.0193344,-0.140243,0.00872965,-0.118203,1.86491,-0.00960402,1.87,0,True,True
5.345,-0,0,0.025815,0.0228108,-0.0875606,0.310715,-0.562273,0.0367292,-0.510333,1.00307,0.0173611,-13.9082,-0.440802,-0.0540903,-0.158523,-0.0228108,0.0875606,0.0834693,-0,0,0.0216897,0.0228108,-0.0875606,-0.837272,-0.562273,0.0367292,-0.225039,1.00307,0.0173611,-13.749,-0.440802,-0.0540903,-0.132139,-0.0228108,0.0875606,0.0834693,-0.0199505,-0.138547,0.00864035,-0.115885,1.86501,-0.00942128,1.87,0,True,True
5.35,-0,0,0.0253885,0.0223772,-0.0858998,0.315719,-0.562091,0.0361243,-0.510303,1.00316,0.0168585,-13.9088,-0.441069,-0.0529828,-0.157464,-0.0223772,0.0858998,0.0818789,-0,0,0.0212331,0.0223772,-0.0858998,-0.832259,-0.562091,0.0361243,-0.230318,1.00316,0.0168585,-13.7526,-0.441069,-0.0529828,-0.131569,-0.0223772,0.0858998,0.0818789,-0.0205547,-0.136885,0.00854984,-0.113614,1.8651,-0.00924202,1.87,0,True,True
5.355,-0,0,0.0249678,0.0219518,-0.0842704,0.320628,-0.561912,0.0355273,-0.51027,1.00324,0.0163721,-13.9095,-0.441331,-0.0518994,-0.156424,-0.0219518,0.0842704,0.0803189,-0,0,0.0207868,0.0219518,-0.0842704,-0.827341,-0.561912,0.0355273,-0.235499,1.00324,0.0163721,-13.7561,-0.441331,-0.0518994,-0.131011,-0.0219518,0.0842704,0.0803189,-0.0211472,-0.135254,0.00845827,-0.111388,1.86519,-0.00906616,1.87,0,True,True
5.36,-0,0,0.0245527,0.0215345,-0.082672,0.325444,-0.561736,0.0349383,-0.510236,1.00332,0.0159012,-13.9101,-0.441588,-0.0508394,-0.155404,-0.0215345,0.082672,0.0787886,-0,0,0.0203506,0.0215345,-0.082672,-0.822516,-0.561736,0.0349383,-0.240584,1.00332,0.0159012,-13.7596,-0.441588,-0.0508394,-0.130464,-0.0215345,0.082672,0.0787886,-0.0217282,-0.133654,0.00836575,-0.109208,1.86529,-0.00889365,1.87,0,True,True
5.365,-0,0,0.0241434,0.0211251,-0.0811038,0.330169,-0.561563,0.0343572,-0.510201,1.0034,0.0154452,-13.9107,-0.44184,-0.0498024,-0.154404,-0.0211251,0.0811038,0.0772875,-0,0,0.0199241,0.0211251,-0.0811038,-0.817783,-0.561563,0.0343572,-0.245573,1.0034,0.0154452,-13.763,-0.44184,-0.0498024,-0.129928,-0.0211251,0.0811038,0.0772875,-0.022298,-0.132085,0.00827241,-0.107071,1.86538,-0.00872442,1.87,0,True,True
5.37,-0,0,0.0237396,0.0207234,-0.0795653,0.334804,-0.561392,0.033784,-0.510163,1.00348,0.0150037,-13.9113,-0.442086,-0.0487878,-0.153423,-0.0207234,0.0795653,0.075815,-0,0,0.0195071,0.0207234,-0.0795653,-0.81314,-0.561392,0.033784,-0.25047,1.00348,0.0150037,-13.7663,-0.442086,-0.0487878,-0.129402,-0.0207234,0.0795653,0.075815,-0.0228568,-0.130546,0.00817837,-0.104977,1.86546,-0.0085584,1.87,0,True,True
5.375,-0,0,0.0233415,0.0203294,-0.078056,0.339351,-0.561225,0.0332188,-0.510124,1.00355,0.0145762,-13.9118,-0.442328,-0.047795,-0.15246,-0.0203294,0.078056,0.0743706,-0,0,0.0190995,0.0203294,-0.078056,-0.808585,-0.561225,0.0332188,-0.255276,1.00355,0.0145762,-13.7696,-0.442328,-0.047795,-0.128886,-0.0203294,0.078056,0.0743706,-0.0234047,-0.129036,0.00808373,-0.102926,1.86555,-0.00839554,1.87,0,True,True
5.38,-0,0,0.0229489,0.0199429,-0.0765753,0.343812,-0.56106,0.0326613,-0.510084,1.00362,0.0141622,-13.9124,-0.442564,-0.0468236,-0.151515,-0.0199429,0.0765753,0.0729537,-0,0,0.0187009,0.0199429,-0.0765753,-0.804116,-0.56106,0.0326613,-0.259991,1.00362,0.0141622,-13.7728,-0.442564,-0.0468236,-0.128381,-0.0199429,0.0765753,0.0729537,-0.0239421,-0.127555,0.00798859,-0.100915,1.86564,-0.00823578,1.87,0,True,True
5.385,-0,0,0.0225619,0.0195637,-0.0751227,0.348189,-0.560898,0.0321117,-0.510042,1.00369,0.0137613,-13.9129,-0.442796,-0.045873,-0.150589,-0.0195637,0.0751227,0.0715638,-0,0,0.0183112,0.0195637,-0.0751227,-0.799733,-0.560898,0.0321117,-0.264619,1.00369,0.0137613,-13.7759,-0.442796,-0.045873,-0.127886,-0.0195637,0.0751227,0.0715638,-0.0244691,-0.126102,0.00789305,-0.0989449,1.86572,-0.00807905,1.87,0,True,True
5.39,-0,0,0.0221804,0.0191916,-0.0736977,0.352482,-0.560739,0.0315699,-0.509999,1.00376,0.0133729,-13.9134,-0.443023,-0.0449428,-0.14968,-0.0191916,0.0736977,0.0702003,-0,0,0.0179301,0.0191916,-0.0736977,-0.795433,-0.560739,0.0315699,-0.26916,1.00376,0.0133729,-13.779,-0.443023,-0.0449428,-0.127401,-0.0191916,0.0736977,0.0702003,-0.0249859,-0.124677,0.00779721,-0.0970142,1.8658,-0.0079253,1.87,0,True,True
5.395,-0,0,0.0218043,0.0188267,-0.0722997,0.356694,-0.560582,0.0310358,-0.509956,1.00383,0.0129968,-13.9139,-0.443245,-0.0440325,-0.148789,-0.0188267,0.0722997,0.0688629,-0,0,0.0175575,0.0188267,-0.0722997,-0.791214,-0.560582,0.0310358,-0.273617,1.00383,0.0129968,-13.782,-0.443245,-0.0440325,-0.126925,-0.0188267,0.0722997,0.0688629,-0.0254927,-0.12328,0.00770114,-0.0951221,1.86588,-0.00777447,1.87,0,True,True
5.4,-0,0,0.0214337,0.0184686,-0.0709282,0.360826,-0.560429,0.0305093,-0.509911,1.00389,0.0126323,-13.9144,-0.443463,-0.0431417,-0.147914,-0.0184686,0.0709282,0.0675509,-0,0,0.0171931,0.0184686,-0.0709282,-0.787076,-0.560429,0.0305093,-0.27799,1.00389,0.0126323,-13.7849,-0.443463,-0.0431417,-0.126458,-0.0184686,0.0709282,0.0675509,-0.0259898,-0.121909,0.00760494,-0.0932679,1.86596,-0.00762651,1.87,0,True,True
5.405,-0,0,0.0210685,0.0181174,-0.0695827,0.36488,-0.560277,0.0299905,-0.509865,1.00395,0.0122793,-13.9149,-0.443677,-0.0422698,-0.147056,-0.0181174,0.0695827,0.0662639,-0,0,0.0168367,0.0181174,-0.0695827,-0.783016,-0.560277,0.0299905,-0.282281,1.00395,0.0122793,-13.7878,-0.443677,-0.0422698,-0.126001,-0.0181174,0.0695827,0.0662639,-0.0264773,-0.120564,0.00750868,-0.0914508,1.86604,-0.00748136,1.87,0,True,True
5.41,-0,0,0.0207086,0.0177728,-0.0682627,0.368857,-0.560129,0.0294793,-0.509818,1.00401,0.0119372,-13.9153,-0.443886,-0.0414165,-0.146214,-0.0177728,0.0682627,0.0650014,-0,0,0.0164882,0.0177728,-0.0682627,-0.779034,-0.560129,0.0294793,-0.286493,1.00401,0.0119372,-13.7907,-0.443886,-0.0414165,-0.125553,-0.0177728,0.0682627,0.0650014,-0.0269553,-0.119245,0.00741243,-0.0896699,1.86611,-0.00733896,1.87,0,True,True
5.415,-0,0,0.0203541,0.0174348,-0.0669678,0.372758,-0.559983,0.0289756,-0.509771,1.00407,0.0116057,-13.9158,-0.444091,-0.0405813,-0.145388,-0.0174348,0.0669678,0.0637629,-0,0,0.0161473,0.0174348,-0.0669678,-0.775127,-0.559983,0.0289756,-0.290625,1.00407,0.0116057,-13.7934,-0.444091,-0.0405813,-0.125113,-0.0174348,0.0669678,0.0637629,-0.0274242,-0.117951,0.00731626,-0.0879246,1.86619,-0.00719928,1.87,0,True,True
5.42,-0,0,0.0200047,0.0171031,-0.0656975,0.376585,-0.559839,0.0284793,-0.509723,1.00413,0.0112845,-13.9162,-0.444292,-0.0397638,-0.144578,-0.0171031,0.0656975,0.062548,-0,0,0.0158138,0.0171031,-0.0656975,-0.771295,-0.559839,0.0284793,-0.29468,1.00413,0.0112845,-13.7961,-0.444292,-0.0397638,-0.124682,-0.0171031,0.0656975,0.062548,-0.027884,-0.116681,0.00722024,-0.086214,1.86626,-0.00706224,1.87,0,True,True
5.425,-0,0,0.0196606,0.0167778,-0.0644513,0.380339,-0.559698,0.0279905,-0.509674,1.00419,0.0109732,-13.9166,-0.444489,-0.0389637,-0.143784,-0.0167778,0.0644513,0.0613563,-0,0,0.0154877,0.0167778,-0.0644513,-0.767536,-0.559698,0.0279905,-0.298659,1.00419,0.0109732,-13.7988,-0.444489,-0.0389637,-0.12426,-0.0167778,0.0644513,0.0613563,-0.028335,-0.115436,0.00712443,-0.0845376,1.86633,-0.00692781,1.87,0,True,True
5.43,-0,0,0.0193217,0.0164586,-0.0632287,0.384023,-0.559559,0.0275089,-0.509625,1.00424,0.0106715,-13.917,-0.444681,-0.0381804,-0.143004,-0.0164586,0.0632287,0.0601872,-0,0,0.0151687,0.0164586,-0.0632287,-0.763848,-0.559559,0.0275089,-0.302564,1.00424,0.0106715,-13.8014,-0.444681,-0.0381804,-0.123846,-0.0164586,0.0632287,0.0601872,-0.0287774,-0.114215,0.00702889,-0.0828945,1.8664,-0.00679594,1.87,0,True,True
5.435,-0,0,0.0189879,0.0161455,-0.0620294,0.387636,-0.559423,0.0270347,-0.509576,1.00429,0.010379,-13.9174,-0.44487,-0.0374137,-0.14224,-0.0161455,0.0620294,0.0590404,-0,0,0.0148566,0.0161455,-0.0620294,-0.76023,-0.559423,0.0270347,-0.306395,1.00429,0.010379,-13.804,-0.44487,-0.0374137,-0.12344,-0.0161455,0.0620294,0.0590404,-0.0292112,-0.113017,0.00693366,-0.0812841,1.86647,-0.00666657,1.87,0,True,True
5.44,-0,0,0.0186592,0.0158383,-0.0608528,0.391181,-0.559289,0.0265676,-0.509526,1.00434,0.0100955,-13.9178,-0.445056,-0.0366631,-0.141489,-0.0158383,0.0608528,0.0579153,-0,0,0.0145513,0.0158383,-0.0608528,-0.756681,-0.559289,0.0265676,-0.310155,1.00434,0.0100955,-13.8065,-0.445056,-0.0366631,-0.123042,-0.0158383,0.0608528,0.0579153,-0.0296367,-0.111842,0.00683881,-0.0797057,1.86654,-0.00653965,1.87,0,True,True
5.445,-0,0,0.0183354,0.015537,-0.0596986,0.394658,-0.559157,0.0261077,-0.509476,1.00439,0.00982058,-13.9182,-0.445237,-0.0359283,-0.140754,-0.015537,0.0596986,0.0568117,-0,0,0.0142526,0.015537,-0.0596986,-0.7532,-0.559157,0.0261077,-0.313845,1.00439,0.00982058,-13.8089,-0.445237,-0.0359283,-0.122651,-0.015537,0.0596986,0.0568117,-0.030054,-0.110689,0.00674438,-0.0781587,1.8666,-0.00641515,1.87,0,True,True
5.45,-0,0,0.0180167,0.0152413,-0.0585663,0.398069,-0.559028,0.0256549,-0.509425,1.00444,0.00955406,-13.9185,-0.445415,-0.0352089,-0.140032,-0.0152413,0.0585663,0.0557291,-0,0,0.0139604,0.0152413,-0.0585663,-0.749784,-0.559028,0.0256549,-0.317465,1.00444,0.00955406,-13.8113,-0.445415,-0.0352089,-0.122269,-0.0152413,0.0585663,0.0557291,-0.0304633,-0.109558,0.00665042,-0.0766423,1.86667,-0.00629301,1.87,0,True,True
5.455,-0,0,0.0177029,0.0149513,-0.0574555,0.401416,-0.5589,0.0252091,-0.509375,1.00449,0.00929562,-13.9189,-0.445589,-0.0345047,-0.139324,-0.0149513,0.0574555,0.0546671,-0,0,0.0136745,0.0149513,-0.0574555,-0.746434,-0.5589,0.0252091,-0.321017,1.00449,0.00929562,-13.8137,-0.445589,-0.0345047,-0.121894,-0.0149513,0.0574555,0.0546671,-0.0308648,-0.108449,0.00655696,-0.0751561,1.86673,-0.00617319,1.87,0,True,True
5.46,-0,0,0.0173939,0.0146668,-0.0563658,0.404699,-0.558775,0.0247701,-0.509324,1.00454,0.009045,-13.9192,-0.44576,-0.0338151,-0.138629,-0.0146668,0.0563658,0.0536253,-0,0,0.0133948,0.0146668,-0.0563658,-0.743148,-0.558775,0.0247701,-0.324503,1.00454,0.009045,-13.816,-0.44576,-0.0338151,-0.121526,-0.0146668,0.0563658,0.0536253,-0.0312585,-0.107361,0.00646405,-0.0736993,1.8668,-0.00605565,1.87,0,True,True
5.465,-0,0,0.0170897,0.0143877,-0.0552968,0.40792,-0.558653,0.0243381,-0.509273,1.00458,0.00880194,-13.9195,-0.445927,-0.03314,-0.137948,-0.0143877,0.0552968,0.0526033,-0,0,0.0131211,0.0143877,-0.0552968,-0.739923,-0.558653,0.0243381,-0.327923,1.00458,0.00880194,-13.8183,-0.445927,-0.03314,-0.121166,-0.0143877,0.0552968,0.0526033,-0.0316448,-0.106294,0.00637172,-0.0722713,1.86686,-0.00594034,1.87,0,True,True
5.47,-0,0,0.0167904,0.0141138,-0.0542481,0.41108,-0.558532,0.0239128,-0.509222,1.00462,0.00856619,-13.9199,-0.446091,-0.032479,-0.137279,-0.0141138,0.0542481,0.0516008,-0,0,0.0128533,0.0141138,-0.0542481,-0.736761,-0.558532,0.0239128,-0.331279,1.00462,0.00856619,-13.8205,-0.446091,-0.032479,-0.120812,-0.0141138,0.0542481,0.0516008,-0.0320236,-0.105247,0.00628,-0.0708717,1.86692,-0.00582722,1.87,0,True,True
5.475,-0,0,0.0164957,0.0138452,-0.0532194,0.414179,-0.558414,0.0234943,-0.509171,1.00467,0.00833751,-13.9202,-0.446252,-0.0318318,-0.136624,-0.0138452,0.0532194,0.0506173,-0,0,0.0125912,0.0138452,-0.0532194,-0.733658,-0.558414,0.0234943,-0.334573,1.00467,0.00833751,-13.8227,-0.446252,-0.0318318,-0.120466,-0.0138452,0.0532194,0.0506173,-0.0323951,-0.10422,0.00618894,-0.0694997,1.86698,-0.00571624,1.87,0,True,True
5.48,-0,0,0.0162057,0.0135816,-0.0522102,0.41722,-0.558297,0.0230823,-0.50912,1.00471,0.00811567,-13.9205,-0.44641,-0.031198,-0.13598,-0.0135816,0.0522102,0.0496525,-0,0,0.0123348,0.0135816,-0.0522102,-0.730614,-0.558297,0.0230823,-0.337804,1.00471,0.00811567,-13.8248,-0.44641,-0.031198,-0.120126,-0.0135816,0.0522102,0.0496525,-0.0327596,-0.103213,0.00609855,-0.0681549,1.86703,-0.00560737,1.87,0,True,True
5.485,-0,0,0.0159202,0.0133231,-0.0512201,0.420203,-0.558183,0.022677,-0.509069,1.00475,0.00790044,-13.9208,-0.446564,-0.0305774,-0.135349,-0.0133231,0.0512201,0.0487061,-0,0,0.0120838,0.0133231,-0.0512201,-0.727628,-0.558183,0.022677,-0.340975,1.00475,0.00790044,-13.8269,-0.446564,-0.0305774,-0.119793,-0.0133231,0.0512201,0.0487061,-0.0331171,-0.102225,0.00600887,-0.0668366,1.86709,-0.00550057,1.87,0,True,True
5.49,-0,0,0.0156394,0.0130694,-0.050249,0.42313,-0.55807,0.0222781,-0.509018,1.00479,0.00769161,-13.921,-0.446715,-0.0299697,-0.134731,-0.0130694,0.050249,0.0477776,-0,0,0.0118382,0.0130694,-0.050249,-0.724699,-0.55807,0.0222781,-0.344086,1.00479,0.00769161,-13.8289,-0.446715,-0.0299697,-0.119467,-0.0130694,0.050249,0.0477776,-0.0334677,-0.101256,0.00591992,-0.0655443,1.86715,-0.0053958,1.87,0,True,True
5.495,-0,0,0.015363,0.0128206,-0.0492962,0.426001,-0.55796,0.0218856,-0.508967,1.00482,0.00748897,-13.9213,-0.446864,-0.0293746,-0.134123,-0.0128206,0.0492962,0.0468668,-0,0,0.0115978,0.0128206,-0.0492962,-0.721825,-0.55796,0.0218856,-0.347139,1.00482,0.00748897,-13.8309,-0.446864,-0.0293746,-0.119146,-0.0128206,0.0492962,0.0468668,-0.0338117,-0.100305,0.00583173,-0.0642776,1.8672,-0.00529302,1.87,0,True,True
5.5,-0,0,0.015091,0.0125765,-0.0483616,0.428817,-0.557852,0.0214995,-0.508916,1.00486,0.00729231,-13.9216,-0.447009,-0.0287918,-0.133528,-0.0125765,0.0483616,0.0459733,-0,0,0.0113625,0.0125765,-0.0483616,-0.719007,-0.557852,0.0214995,-0.350135,1.00486,0.00729231,-13.8329,-0.447009,-0.0287918,-0.118833,-0.0125765,0.0483616,0.0459733,-0.0341491,-0.0993723,0.00574431,-0.0630359,1.86725,-0.00519218,1.87,0,True,True
5.505,-0,0,0.0148235,0.012337,-0.0474448,0.43158,-0.557745,0.0211196,-0.508866,1.0049,0.00710145,-13.9218,-0.447152,-0.0282211,-0.132944,-0.012337,0.0474448,0.0450968,-0,0,0.0111322,0.012337,-0.0474448,-0.716241,-0.557745,0.0211196,-0.353074,1.0049,0.00710145,-13.8348,-0.447152,-0.0282211,-0.118525,-0.012337,0.0474448,0.0450968,-0.03448,-0.0984574,0.00565769,-0.0618186,1.86731,-0.00509326,1.87,0,True,True
5.51,-0,0,0.0145603,0.012102,-0.0465454,0.434291,-0.55764,0.0207459,-0.508816,1.00493,0.0069162,-13.9221,-0.447291,-0.0276621,-0.132371,-0.012102,0.0465454,0.0442369,-0,0,0.0109068,0.012102,-0.0465454,-0.713528,-0.55764,0.0207459,-0.355958,1.00493,0.0069162,-13.8367,-0.447291,-0.0276621,-0.118223,-0.012102,0.0465454,0.0442369,-0.0348046,-0.09756,0.00557187,-0.0606253,1.86736,-0.00499622,1.87,0,True,True
5.515,-0,0,0.0143013,0.0118715,-0.0456631,0.43695,-0.557538,0.0203783,-0.508766,1.00497,0.00673637,-13.9223,-0.447428,-0.0271147,-0.131808,-0.0118715,0.0456631,0.0433934,-0,0,0.0106862,0.0118715,-0.0456631,-0.710867,-0.557538,0.0203783,-0.358788,1.00497,0.00673637,-13.8386,-0.447428,-0.0271147,-0.117927,-0.0118715,0.0456631,0.0433934,-0.0351231,-0.0966796,0.00548689,-0.0594555,1.86741,-0.00490102,1.87,0,True,True
5.52,-0,0,0.0140466,0.0116454,-0.0447976,0.439559,-0.557437,0.0200168,-0.508716,1.005,0.0065618,-13.9226,-0.447562,-0.0265785,-0.131257,-0.0116454,0.0447976,0.0425659,-0,0,0.0104702,0.0116454,-0.0447976,-0.708256,-0.557437,0.0200168,-0.361565,1.005,0.0065618,-13.8404,-0.447562,-0.0265785,-0.117638,-0.0116454,0.0447976,0.0425659,-0.0354354,-0.0958161,0.00540276,-0.0583088,1.86746,-0.00480762,1.87,0,True,True
5.525,-0,0,0.013796,0.0114235,-0.0439486,0.442118,-0.557337,0.0196611,-0.508666,1.00503,0.0063923,-13.9228,-0.447694,-0.0260534,-0.130716,-0.0114235,0.0439486,0.0417541,-0,0,0.0102588,0.0114235,-0.0439486,-0.705695,-0.557337,0.0196611,-0.36429,1.00503,0.0063923,-13.8422,-0.447694,-0.0260534,-0.117353,-0.0114235,0.0439486,0.0417541,-0.0357418,-0.094969,0.00531948,-0.0571846,1.86751,-0.004716,1.87,0,True,True
5.53,-0,0,0.0135495,0.0112059,-0.0431157,0.444629,-0.55724,0.0193114,-0.508617,1.00506,0.00622773,-13.923,-0.447823,-0.0255391,-0.130186,-0.0112059,0.0431157,0.0409577,-0,0,0.0100518,0.0112059,-0.0431157,-0.703183,-0.55724,0.0193114,-0.366963,1.00506,0.00622773,-13.8439,-0.447823,-0.0255391,-0.117074,-0.0112059,0.0431157,0.0409577,-0.0360424,-0.0941381,0.00523707,-0.0560825,1.86755,-0.00462612,1.87,0,True,True
5.535,-0,0,0.0133071,0.0109924,-0.0422987,0.447092,-0.557144,0.0189674,-0.508568,1.00509,0.00606791,-13.9233,-0.447949,-0.0250353,-0.129665,-0.0109924,0.0422987,0.0401765,-0,0,0.00984918,0.0109924,-0.0422987,-0.700718,-0.557144,0.0189674,-0.369587,1.00509,0.00606791,-13.8456,-0.447949,-0.0250353,-0.116801,-0.0109924,0.0422987,0.0401765,-0.0363372,-0.093323,0.00515555,-0.0550021,1.8676,-0.00453793,1.87,0,True,True
5.54,-0,0,0.0130687,0.0107829,-0.0414973,0.449508,-0.55705,0.0186292,-0.508519,1.00512,0.00591271,-13.9235,-0.448073,-0.0245419,-0.129154,-0.0107829,0.0414973,0.0394101,-0,0,0.00965081,0.0107829,-0.0414973,-0.6983,-0.55705,0.0186292,-0.372161,1.00512,0.00591271,-13.8473,-0.448073,-0.0245419,-0.116533,-0.0107829,0.0414973,0.0394101,-0.0366264,-0.0925234,0.00507491,-0.0539429,1.86765,-0.00445143,1.87,0,True,True
5.545,-0,0,0.0128342,0.0105774,-0.0407111,0.451879,-0.556958,0.0182966,-0.508471,1.00515,0.00576197,-13.9237,-0.448195,-0.0240585,-0.128654,-0.0105774,0.0407111,0.0386582,-0,0,0.00945659,0.0105774,-0.0407111,-0.695928,-0.556958,0.0182966,-0.374686,1.00515,0.00576197,-13.849,-0.448195,-0.0240585,-0.116271,-0.0105774,0.0407111,0.0386582,-0.0369102,-0.091739,0.00499518,-0.0529045,1.86769,-0.00436656,1.87,0,True,True
5.55,-0,0,0.0126037,0.0103758,-0.0399398,0.454204,-0.556867,0.0179695,-0.508423,1.00518,0.00561555,-13.9239,-0.448314,-0.0235851,-0.128162,-0.0103758,0.0399398,0.0379206,-0,0,0.00926643,0.0103758,-0.0399398,-0.693601,-0.556867,0.0179695,-0.377164,1.00518,0.00561555,-13.8506,-0.448314,-0.0235851,-0.116013,-0.0103758,0.0399398,0.0379206,-0.0371885,-0.0909696,0.00491635,-0.0518865,1.86774,-0.0042833,1.87,0,True,True
5.555,-0,0,0.0123769,0.010178,-0.0391833,0.456486,-0.556778,0.017648,-0.508376,1.00521,0.00547332,-13.9241,-0.448431,-0.0231213,-0.12768,-0.010178,0.0391833,0.037197,-0,0,0.00908024,0.010178,-0.0391833,-0.691318,-0.556778,0.017648,-0.379596,1.00521,0.00547332,-13.8521,-0.448431,-0.0231213,-0.11576,-0.010178,0.0391833,0.037197,-0.0374615,-0.0902148,0.00483843,-0.0508885,1.86778,-0.00420162,1.87,0,True,True
5.56,-0,0,0.012154,0.00998397,-0.0384412,0.458724,-0.556691,0.0173319,-0.508329,1.00524,0.00533514,-13.9243,-0.448545,-0.022667,-0.127208,-0.00998397,0.0384412,0.0364872,-0,0,0.00889793,0.00998397,-0.0384412,-0.689078,-0.556691,0.0173319,-0.381982,1.00524,0.00533514,-13.8537,-0.448545,-0.022667,-0.115513,-0.00998397,0.0384412,0.0364872,-0.0377294,-0.0894745,0.00476144,-0.04991,1.86782,-0.00412149,1.87,0,True,True
5.565,-0,0,0.0119348,0.0097936,-0.0377132,0.46092,-0.556605,0.0170211,-0.508282,1.00526,0.00520088,-13.9245,-0.448657,-0.022222,-0.126744,-0.0097936,0.0377132,0.0357908,-0,0,0.00871942,0.0097936,-0.0377132,-0.686881,-0.556605,0.0170211,-0.384323,1.00526,0.00520088,-13.8552,-0.448657,-0.022222,-0.11527,-0.0097936,0.0377132,0.0357908,-0.0379921,-0.0887482,0.00468536,-0.0489508,1.86786,-0.00404287,1.87,0,True,True
5.57,-0,0,0.0117192,0.00960684,-0.036999,0.463074,-0.556521,0.0167155,-0.508236,1.00529,0.00507042,-13.9246,-0.448767,-0.021786,-0.126289,-0.00960684,0.036999,0.0351076,-0,0,0.00854461,0.00960684,-0.036999,-0.684726,-0.556521,0.0167155,-0.38662,1.00529,0.00507042,-13.8567,-0.448767,-0.021786,-0.115032,-0.00960684,0.036999,0.0351076,-0.0382499,-0.0880357,0.00461021,-0.0480103,1.8679,-0.00396575,1.87,0,True,True
5.575,-0,0,0.0115073,0.00942361,-0.0362985,0.465187,-0.556438,0.0164152,-0.50819,1.00531,0.00494365,-13.9248,-0.448875,-0.0213589,-0.125843,-0.00942361,0.0362985,0.0344374,-0,0,0.00837343,0.00942361,-0.0362985,-0.682611,-0.556438,0.0164152,-0.388874,1.00531,0.00494365,-13.8582,-0.448875,-0.0213589,-0.114799,-0.00942361,0.0362985,0.0344374,-0.0385027,-0.0873368,0.00453599,-0.0470882,1.86794,-0.00389009,1.87,0,True,True
5.58,-0,0,0.011299,0.00924385,-0.0356114,0.467261,-0.556356,0.01612,-0.508144,1.00534,0.00482045,-13.925,-0.448981,-0.0209404,-0.125405,-0.00924385,0.0356114,0.0337798,-0,0,0.0082058,0.00924385,-0.0356114,-0.680537,-0.556356,0.01612,-0.391085,1.00534,0.00482045,-13.8596,-0.448981,-0.0209404,-0.11457,-0.00924385,0.0356114,0.0337798,-0.0387508,-0.0866512,0.00446269,-0.0461843,1.86798,-0.00381586,1.87,0,True,True
5.585,-0,0,0.0110942,0.0090675,-0.0349373,0.469295,-0.556277,0.0158298,-0.508099,1.00536,0.0047007,-13.9252,-0.449085,-0.0205305,-0.124976,-0.0090675,0.0349373,0.0331348,-0,0,0.00804163,0.0090675,-0.0349373,-0.678501,-0.556277,0.0158298,-0.393255,1.00536,0.0047007,-13.861,-0.449085,-0.0205305,-0.114345,-0.0090675,0.0349373,0.0331348,-0.0389942,-0.0859786,0.00439033,-0.045298,1.86802,-0.00374304,1.87,0,True,True
5.59,-0,0,0.0108928,0.00889448,-0.0342761,0.47129,-0.556198,0.0155446,-0.508055,1.00538,0.0045843,-13.9253,-0.449186,-0.0201289,-0.124555,-0.00889448,0.0342761,0.032502,-0,0,0.00788086,0.00889448,-0.0342761,-0.676505,-0.556198,0.0155446,-0.395384,1.00538,0.0045843,-13.8624,-0.449186,-0.0201289,-0.114125,-0.00889448,0.0342761,0.032502,-0.0392329,-0.0853188,0.0043189,-0.044429,1.86806,-0.00367159,1.87,0,True,True
5.595,-0,0,0.0106949,0.00872474,-0.0336275,0.473248,-0.556121,0.0152643,-0.508011,1.00541,0.00447114,-13.9255,-0.449286,-0.0197354,-0.124142,-0.00872474,0.0336275,0.0318812,-0,0,0.0077234,0.00872474,-0.0336275,-0.674546,-0.556121,0.0152643,-0.397474,1.00541,0.00447114,-13.8637,-0.449286,-0.0197354,-0.11391,-0.00872474,0.0336275,0.0318812,-0.0394671,-0.0846716,0.0042484,-0.0435771,1.8681,-0.0036015,1.87,0,True,True
5.6,-0,0,0.0105004,0.0085582,-0.0329913,0.475169,-0.556046,0.0149888,-0.507967,1.00543,0.00436113,-13.9256,-0.449384,-0.0193499,-0.123736,-0.0085582,0.0329913,0.0312721,-0,0,0.00756918,0.0085582,-0.0329913,-0.672625,-0.556046,0.0149888,-0.399523,1.00543,0.00436113,-13.8651,-0.449384,-0.0193499,-0.113698,-0.0085582,0.0329913,0.0312721,-0.0396969,-0.0840367,0.00417883,-0.0427418,1.86813,-0.00353274,1.87,0,True,True
5.605,-0,0,0.0103091,0.00839482,-0.0323672,0.477053,-0.555971,0.014718,-0.507924,1.00545,0.00425417,-13.9258,-0.449479,-0.0189722,-0.123339,-0.00839482,0.0323672,0.0306746,-0,0,0.00741813,0.00839482,-0.0323672,-0.67074,-0.555971,0.014718,-0.401535,1.00545,0.00425417,-13.8664,-0.449479,-0.0189722,-0.113491,-0.00839482,0.0323672,0.0306746,-0.0399223,-0.0834139,0.00411018,-0.0419229,1.86817,-0.00346528,1.87,0,True,True
5.61,-0,0,0.0101212,0.00823453,-0.031755,0.478901,-0.555898,0.014452,-0.507881,1.00547,0.00415016,-13.9259,-0.449573,-0.0186022,-0.122949,-0.00823453,0.031755,0.0300884,-0,0,0.00727018,0.00823453,-0.031755,-0.66889,-0.555898,0.014452,-0.403508,1.00547,0.00415016,-13.8676,-0.449573,-0.0186022,-0.113287,-0.00823453,0.031755,0.0300884,-0.0401435,-0.0828029,0.00404246,-0.04112,1.8682,-0.00339909,1.87,0,True,True
5.615,-0,0,0.00993642,0.00807727,-0.0311545,0.480715,-0.555827,0.0141906,-0.507839,1.00549,0.00404902,-13.9261,-0.449665,-0.0182396,-0.122566,-0.00807727,0.0311545,0.0295133,-0,0,0.00712526,0.00807727,-0.0311545,-0.667076,-0.555827,0.0141906,-0.405445,1.00549,0.00404902,-13.8689,-0.449665,-0.0182396,-0.113088,-0.00807727,0.0311545,0.0295133,-0.0403605,-0.0822035,0.00397567,-0.0403327,1.86824,-0.00333416,1.87,0,True,True
5.62,-0,0,0.00975484,0.00792299,-0.0305654,0.482494,-0.555756,0.0139337,-0.507798,1.00551,0.00395065,-13.9262,-0.449756,-0.0178843,-0.122191,-0.00792299,0.0305654,0.0289491,-0,0,0.00698331,0.00792299,-0.0305654,-0.665296,-0.555756,0.0139337,-0.407345,1.00551,0.00395065,-13.8701,-0.449756,-0.0178843,-0.112893,-0.00792299,0.0305654,0.0289491,-0.0405733,-0.0816155,0.00390979,-0.0395609,1.86827,-0.00327046,1.87,0,True,True
5.625,-0,0,0.00957639,0.00777162,-0.0299877,0.48424,-0.555687,0.0136812,-0.507756,1.00553,0.00385497,-13.9263,-0.449844,-0.0175362,-0.121823,-0.00777162,0.0299877,0.0283955,-0,0,0.00684426,0.00777162,-0.0299877,-0.663549,-0.555687,0.0136812,-0.409209,1.00553,0.00385497,-13.8713,-0.449844,-0.0175362,-0.112701,-0.00777162,0.0299877,0.0283955,-0.0407822,-0.0810387,0.00384483,-0.0388041,1.8683,-0.00320796,1.87,0,True,True
5.63,-0,0,0.009401,0.00762311,-0.0294209,0.485952,-0.55562,0.0134332,-0.507716,1.00555,0.0037619,-13.9265,-0.449931,-0.0171951,-0.121462,-0.00762311,0.0294209,0.0278525,-0,0,0.00670805,0.00762311,-0.0294209,-0.661836,-0.55562,0.0134332,-0.411038,1.00555,0.0037619,-13.8725,-0.449931,-0.0171951,-0.112513,-0.00762311,0.0294209,0.0278525,-0.0409871,-0.0804728,0.00378078,-0.0380621,1.86834,-0.00314664,1.87,0,True,True
5.635,-0,0,0.00922864,0.00747741,-0.028865,0.487632,-0.555553,0.0131896,-0.507675,1.00557,0.00367136,-13.9266,-0.450016,-0.0168609,-0.121108,-0.00747741,0.028865,0.0273197,-0,0,0.00657462,0.00747741,-0.028865,-0.660155,-0.555553,0.0131896,-0.412833,1.00557,0.00367136,-13.8736,-0.450016,-0.0168609,-0.112329,-0.00747741,0.028865,0.0273197,-0.0411881,-0.0799177,0.00371764,-0.0373346,1.86837,-0.00308649,1.87,0,True,True
5.64,-0,0,0.00905926,0.00733446,-0.0283197,0.489281,-0.555488,0.0129502,-0.507636,1.00559,0.00358328,-13.9267,-0.4501,-0.0165334,-0.12076,-0.00733446,0.0283197,0.026797,-0,0,0.0064439,0.00733446,-0.0283197,-0.658506,-0.555488,0.0129502,-0.414594,1.00559,0.00358328,-13.8748,-0.4501,-0.0165334,-0.112148,-0.00733446,0.0283197,0.026797,-0.0413854,-0.0793731,0.0036554,-0.0366213,1.8684,-0.00302747,1.87,0,True,True
5.645,-0,0,0.00889281,0.00719421,-0.0277848,0.490898,-0.555424,0.012715,-0.507596,1.00561,0.00349758,-13.9268,-0.450182,-0.0162125,-0.12042,-0.00719421,0.0277848,0.0262842,-0,0,0.00631583,0.00719421,-0.0277848,-0.656888,-0.555424,0.012715,-0.416323,1.00561,0.00349758,-13.8759,-0.450182,-0.0162125,-0.111971,-0.00719421,0.0277848,0.0262842,-0.0415789,-0.0788388,0.00359406,-0.035922,1.86843,-0.00296956,1.87,0,True,True
5.65,-0,0,0.00872925,0.00705661,-0.0272601,0.492485,-0.555361,0.0124839,-0.507557,1.00562,0.00341418,-13.927,-0.450262,-0.0158981,-0.120085,-0.00705661,0.0272601,0.0257811,-0,0,0.00619037,0.00705661,-0.0272601,-0.655301,-0.555361,0.0124839,-0.418018,1.00562,0.00341418,-13.877,-0.450262,-0.0158981,-0.111797,-0.00705661,0.0272601,0.0257811,-0.0417687,-0.0783147,0.0035336,-0.0352362,1.86846,-0.00291275,1.87,0,True,True
5.655,-0,0,0.00856853,0.00692161,-0.0267455,0.494041,-0.555299,0.0122569,-0.507519,1.00564,0.00333302,-13.9271,-0.450341,-0.01559,-0.119757,-0.00692161,0.0267455,0.0252874,-0,0,0.00606744,0.00692161,-0.0267455,-0.653744,-0.555299,0.0122569,-0.419682,1.00564,0.00333302,-13.878,-0.450341,-0.01559,-0.111626,-0.00692161,0.0267455,0.0252874,-0.041955,-0.0778006,0.00347404,-0.0345639,1.86849,-0.00285701,1.87,0,True,True
5.66,-0,0,0.0084106,0.00678916,-0.0262407,0.495568,-0.555238,0.012034,-0.507481,1.00566,0.00325404,-13.9272,-0.450418,-0.015288,-0.119436,-0.00678916,0.0262407,0.0248032,-0,0,0.00594701,0.00678916,-0.0262407,-0.652216,-0.555238,0.012034,-0.421315,1.00566,0.00325404,-13.8791,-0.450418,-0.015288,-0.111459,-0.00678916,0.0262407,0.0248032,-0.0421378,-0.0772961,0.00341535,-0.0339047,1.86852,-0.00280233,1.87,0,True,True
5.665,-0,0,0.00825542,0.0066592,-0.0257456,0.497067,-0.555178,0.011815,-0.507444,1.00567,0.00317716,-13.9273,-0.450493,-0.0149921,-0.11912,-0.0066592,0.0257456,0.024328,-0,0,0.00582901,0.0066592,-0.0257456,-0.650717,-0.555178,0.011815,-0.422916,1.00567,0.00317716,-13.8801,-0.450493,-0.0149921,-0.111296,-0.0066592,0.0257456,0.024328,-0.0423171,-0.0768013,0.00335753,-0.0332583,1.86855,-0.00274868,1.87,0,True,True
5.67,-0,0,0.00810295,0.0065317,-0.02526,0.498537,-0.55512,0.0115998,-0.507407,1.00569,0.00310233,-13.9274,-0.450568,-0.0147022,-0.11881,-0.0065317,0.02526,0.0238619,-0,0,0.00571339,0.0065317,-0.02526,-0.649247,-0.55512,0.0115998,-0.424488,1.00569,0.00310233,-13.8811,-0.450568,-0.0147022,-0.111135,-0.0065317,0.02526,0.0238619,-0.042493,-0.0763158,0.00330058,-0.0326246,1.86858,-0.00269604,1.87,0,True,True
5.675,-0,0,0.00795314,0.0064066,-0.0247836,0.499979,-0.555062,0.0113886,-0.507371,1.0057,0.00302949,-13.9275,-0.45064,-0.014418,-0.118507,-0.0064066,0.0247836,0.0234045,-0,0,0.0056001,0.0064066,-0.0247836,-0.647804,-0.555062,0.0113886,-0.426031,1.0057,0.00302949,-13.8821,-0.45064,-0.014418,-0.110977,-0.0064066,0.0247836,0.0234045,-0.0426656,-0.0758396,0.00324448,-0.0320032,1.8686,-0.00264439,1.87,0,True,True
5.68,-0,0,0.00780595,0.00628387,-0.0243164,0.501394,-0.555006,0.011181,-0.507335,1.00572,0.00295857,-13.9276,-0.450712,-0.0141396,-0.118209,-0.00628387,0.0243164,0.0229558,-0,0,0.00548909,0.00628387,-0.0243164,-0.646388,-0.555006,0.011181,-0.427544,1.00572,0.00295857,-13.8831,-0.450712,-0.0141396,-0.110823,-0.00628387,0.0243164,0.0229558,-0.042835,-0.0753723,0.00318924,-0.031394,1.86863,-0.00259372,1.87,0,True,True
5.685,-0,0,0.00766133,0.00616344,-0.0238581,0.502783,-0.554951,0.0109772,-0.5073,1.00573,0.00288952,-13.9277,-0.450782,-0.0138667,-0.117917,-0.00616344,0.0238581,0.0225155,-0,0,0.00538031,0.00616344,-0.0238581,-0.645,-0.554951,0.0109772,-0.429029,1.00573,0.00288952,-13.884,-0.450782,-0.0138667,-0.110671,-0.00616344,0.0238581,0.0225155,-0.0430012,-0.0749139,0.00313484,-0.0307966,1.86866,-0.002544,1.87,0,True,True
5.69,-0,0,0.00751925,0.00604528,-0.0234086,0.504145,-0.554896,0.010777,-0.507265,1.00575,0.00282228,-13.9278,-0.45085,-0.0135993,-0.11763,-0.00604528,0.0234086,0.0220836,-0,0,0.00527371,0.00604528,-0.0234086,-0.643637,-0.554896,0.010777,-0.430486,1.00575,0.00282228,-13.885,-0.45085,-0.0135993,-0.110523,-0.00604528,0.0234086,0.0220836,-0.0431643,-0.0744642,0.00308127,-0.0302109,1.86868,-0.00249522,1.87,0,True,True
5.695,-0,0,0.00737966,0.00592935,-0.0229678,0.505481,-0.554843,0.0105804,-0.50723,1.00576,0.00275681,-13.9279,-0.450918,-0.0133372,-0.117349,-0.00592935,0.0229678,0.0216598,-0,0,0.00516925,0.00592935,-0.0229678,-0.6423,-0.554843,0.0105804,-0.431916,1.00576,0.00275681,-13.8859,-0.450918,-0.0133372,-0.110377,-0.00592935,0.0229678,0.0216598,-0.0433243,-0.074023,0.00302854,-0.0296366,1.86871,-0.00244736,1.87,0,True,True
5.7,-0,0,0.00724253,0.00581561,-0.0225353,0.506793,-0.55479,0.0103874,-0.507197,1.00577,0.00269304,-13.928,-0.450984,-0.0130804,-0.117073,-0.00581561,0.0225353,0.0212439,-0,0,0.00506688,0.00581561,-0.0225353,-0.640988,-0.55479,0.0103874,-0.433319,1.00577,0.00269304,-13.8868,-0.450984,-0.0130804,-0.110234,-0.00581561,0.0225353,0.0212439,-0.0434813,-0.0735901,0.00297662,-0.0290736,1.86873,-0.0024004,1.87,0,True,True
5.705,-0,0,0.0071078,0.005704,-0.0221112,0.508079,-0.554739,0.0101978,-0.507163,1.00579,0.00263094,-13.9281,-0.451049,-0.0128287,-0.116802,-0.005704,0.0221112,0.0208359,-0,0,0.00496656,0.005704,-0.0221112,-0.639701,-0.554739,0.0101978,-0.434696,1.00579,0.00263094,-13.8876,-0.451049,-0.0128287,-0.110094,-0.005704,0.0221112,0.0208359,-0.0436354,-0.0731654,0.00292552,-0.0285215,1.86876,-0.00235433,1.87,0,True,True
5.71,-0,0,0.00697545,0.00559449,-0.0216952,0.509342,-0.554688,0.0100116,-0.50713,1.0058,0.00257045,-13.9282,-0.451112,-0.0125821,-0.116536,-0.00559449,0.0216952,0.0204356,-0,0,0.00486824,0.00559449,-0.0216952,-0.638439,-0.554688,0.0100116,-0.436047,1.0058,0.00257045,-13.8885,-0.451112,-0.0125821,-0.109957,-0.00559449,0.0216952,0.0204356,-0.0437865,-0.0727488,0.00287522,-0.0279801,1.86878,-0.00230912,1.87,0,True,True
5.715,-0,0,0.00684542,0.00548705,-0.0212872,0.51058,-0.554639,0.00982881,-0.507098,1.00581,0.00251153,-13.9282,-0.451174,-0.0123403,-0.116276,-0.00548705,0.0212872,0.0200429,-0,0,0.00477188,0.00548705,-0.0212872,-0.6372,-0.554639,0.00982881,-0.437373,1.00581,0.00251153,-13.8894,-0.451174,-0.0123403,-0.109822,-0.00548705,0.0212872,0.0200429,-0.0439349,-0.07234,0.00282572,-0.0274494,1.8688,-0.00226477,1.87,0,True,True
5.72,-0,0,0.00671769,0.00538162,-0.0208871,0.511795,-0.55459,0.0096493,-0.507066,1.00583,0.00245413,-13.9283,-0.451236,-0.0121034,-0.11602,-0.00538162,0.0208871,0.0196575,-0,0,0.00467743,0.00538162,-0.0208871,-0.635984,-0.55459,0.0096493,-0.438673,1.00583,0.00245413,-13.8902,-0.451236,-0.0121034,-0.10969,-0.00538162,0.0208871,0.0196575,-0.0440804,-0.0719389,0.002777,-0.026929,1.86883,-0.00222124,1.87,0,True,True
5.725,-0,0,0.00659222,0.00527818,-0.0204946,0.512988,-0.554542,0.00947305,-0.507034,1.00584,0.0023982,-13.9284,-0.451295,-0.0118713,-0.11577,-0.00527818,0.0204946,0.0192793,-0,0,0.00458487,0.00527818,-0.0204946,-0.634792,-0.554542,0.00947305,-0.43995,1.00584,0.0023982,-13.891,-0.451295,-0.0118713,-0.10956,-0.00527818,0.0204946,0.0192793,-0.0442232,-0.0715455,0.00272907,-0.0264188,1.86885,-0.00217854,1.87,0,True,True
5.73,-0,0,0.00646896,0.00517668,-0.0201097,0.514158,-0.554495,0.0093,-0.507003,1.00585,0.00234371,-13.9285,-0.451354,-0.0116437,-0.115524,-0.00517668,0.0201097,0.0189083,-0,0,0.00449414,0.00517668,-0.0201097,-0.633621,-0.554495,0.0093,-0.441202,1.00585,0.00234371,-13.8918,-0.451354,-0.0116437,-0.109433,-0.00517668,0.0201097,0.0189083,-0.0443634,-0.0711594,0.0026819,-0.0259185,1.86887,-0.00213664,1.87,0,True,True
5.735,-0,0,0.00634788,0.00507708,-0.0197322,0.515306,-0.554449,0.00913009,-0.506972,1.00586,0.00229062,-13.9286,-0.451412,-0.0114207,-0.115282,-0.00507708,0.0197322,0.0185443,-0,0,0.00440521,0.00507708,-0.0197322,-0.632473,-0.554449,0.00913009,-0.442432,1.00586,0.00229062,-13.8926,-0.451412,-0.0114207,-0.109309,-0.00507708,0.0197322,0.0185443,-0.0445009,-0.0707806,0.00263549,-0.025428,1.86889,-0.00209552,1.87,0,True,True
5.74,-0,0,0.00622894,0.00497935,-0.0193619,0.516432,-0.554404,0.00896327,-0.506942,1.00587,0.00223888,-13.9286,-0.451468,-0.0112021,-0.115046,-0.00497935,0.0193619,0.0181871,-0,0,0.00431804,0.00497935,-0.0193619,-0.631346,-0.554404,0.00896327,-0.443638,1.00587,0.00223888,-13.8933,-0.451468,-0.0112021,-0.109186,-0.00497935,0.0193619,0.0181871,-0.0446359,-0.070409,0.00258984,-0.024947,1.86891,-0.00205518,1.87,0,True,True
5.745,-0,0,0.0061121,0.00488346,-0.0189988,0.517537,-0.55436,0.0087995,-0.506912,1.00588,0.00218845,-13.9287,-0.451524,-0.010988,-0.114814,-0.00488346,0.0189988,0.0178365,-0,0,0.00423259,0.00488346,-0.0189988,-0.630241,-0.55436,0.0087995,-0.444821,1.00588,0.00218845,-13.8941,-0.451524,-0.010988,-0.109067,-0.00488346,0.0189988,0.0178365,-0.0447683,-0.0700444,0.00254494,-0.0244755,1.86894,-0.0020156,1.87,0,True,True
5.75,-0,0,0.00599734,0.00478937,-0.0186426,0.518622,-0.554316,0.00863872,-0.506883,1.00589,0.00213931,-13.9288,-0.451578,-0.010778,-0.114586,-0.00478937,0.0186426,0.0174926,-0,0,0.00414883,0.00478937,-0.0186426,-0.629156,-0.554316,0.00863872,-0.445983,1.00589,0.00213931,-13.8948,-0.451578,-0.010778,-0.108949,-0.00478937,0.0186426,0.0174926,-0.0448983,-0.0696866,0.00250076,-0.0240132,1.86896,-0.00197675,1.87,0,True,True
5.755,-0,0,0.0058846,0.00469704,-0.0182934,0.519686,-0.554273,0.00848088,-0.506854,1.00591,0.00209141,-13.9288,-0.451632,-0.0105723,-0.114362,-0.00469704,0.0182934,0.0171551,-0,0,0.00406673,0.00469704,-0.0182934,-0.628092,-0.554273,0.00848088,-0.447123,1.00591,0.00209141,-13.8956,-0.451632,-0.0105723,-0.108834,-0.00469704,0.0182934,0.0171551,-0.0450259,-0.0693356,0.00245732,-0.0235599,1.86898,-0.00193864,1.87,0,True,True
5.76,-0,0,0.00577387,0.00460643,-0.0179508,0.52073,-0.554231,0.00832593,-0.506826,1.00592,0.00204472,-13.9289,-0.451684,-0.0103707,-0.114143,-0.00460643,0.0179508,0.016824,-0,0,0.00398623,0.00460643,-0.0179508,-0.627047,-0.554231,0.00832593,-0.448241,1.00592,0.00204472,-13.8963,-0.451684,-0.0103707,-0.108721,-0.00460643,0.0179508,0.016824,-0.045151,-0.0689912,0.00241459,-0.0231155,1.869,-0.00190124,1.87,0,True,True
5.765,-0,0,0.0056651,0.00451753,-0.0176149,0.521755,-0.55419,0.00817383,-0.506798,1.00593,0.0019992,-13.929,-0.451735,-0.010173,-0.113928,-0.00451753,0.0176149,0.016499,-0,0,0.00390733,0.00451753,-0.0176149,-0.626023,-0.55419,0.00817383,-0.449339,1.00593,0.0019992,-13.897,-0.451735,-0.010173,-0.10861,-0.00451753,0.0176149,0.016499,-0.0452739,-0.0686532,0.00237258,-0.0226797,1.86902,-0.00186454,1.87,0,True,True
5.77,-0,0,0.00555826,0.00443028,-0.0172855,0.52276,-0.55415,0.00802453,-0.50677,1.00594,0.00195483,-13.929,-0.451786,-0.00997936,-0.113717,-0.00443028,0.0172855,0.0161801,-0,0,0.00382997,0.00443028,-0.0172855,-0.625017,-0.55415,0.00802453,-0.450416,1.00594,0.00195483,-13.8977,-0.451786,-0.00997936,-0.108501,-0.00443028,0.0172855,0.0161801,-0.0453944,-0.0683216,0.00233126,-0.0222525,1.86903,-0.00182853,1.87,0,True,True
5.775,-0,0,0.00545332,0.00434467,-0.0169624,0.523746,-0.55411,0.00787797,-0.506743,1.00595,0.00191157,-13.9291,-0.451835,-0.00978954,-0.11351,-0.00434467,0.0169624,0.0158672,-0,0,0.00375412,0.00434467,-0.0169624,-0.62403,-0.55411,0.00787797,-0.451473,1.00595,0.00191157,-13.8983,-0.451835,-0.00978954,-0.108394,-0.00434467,0.0169624,0.0158672,-0.0455128,-0.0679963,0.00229064,-0.0218337,1.86905,-0.00179319,1.87,0,True,True
5.78,-0,0,0.00535024,0.00426066,-0.0166456,0.524715,-0.554071,0.00773412,-0.506716,1.00595,0.00186939,-13.9292,-0.451884,-0.00960351,-0.113307,-0.00426066,0.0166456,0.0155602,-0,0,0.00367976,0.00426066,-0.0166456,-0.623062,-0.554071,0.00773412,-0.452511,1.00595,0.00186939,-13.899,-0.451884,-0.00960351,-0.10829,-0.00426066,0.0166456,0.0155602,-0.0456289,-0.067677,0.0022507,-0.021423,1.86907,-0.00175851,1.87,0,True,True
5.785,-0,0,0.00524899,0.00417822,-0.0163349,0.525665,-0.554032,0.00759293,-0.50669,1.00596,0.00182826,-13.9292,-0.451931,-0.00942119,-0.113107,-0.00417822,0.0163349,0.0152588,-0,0,0.00360686,0.00417822,-0.0163349,-0.622112,-0.554032,0.00759293,-0.453529,1.00596,0.00182826,-13.8996,-0.451931,-0.00942119,-0.108187,-0.00417822,0.0163349,0.0152588,-0.0457428,-0.0673637,0.00221144,-0.0210204,1.86909,-0.00172448,1.87,0,True,True
5.79,-0,0,0.00514955,0.00409731,-0.0160302,0.526597,-0.553995,0.00745436,-0.506664,1.00597,0.00178815,-13.9293,-0.451978,-0.00924251,-0.112912,-0.00409731,0.0160302,0.0149631,-0,0,0.00353537,0.00409731,-0.0160302,-0.621179,-0.553995,0.00745436,-0.454528,1.00597,0.00178815,-13.9003,-0.451978,-0.00924251,-0.108087,-0.00409731,0.0160302,0.0149631,-0.0458547,-0.0670563,0.00217284,-0.0206257,1.86911,-0.00169108,1.87,0,True,True
5.795,-0,0,0.00505186,0.00401791,-0.0157315,0.527512,-0.553958,0.00731835,-0.506639,1.00598,0.00174903,-13.9293,-0.452024,-0.00906739,-0.11272,-0.00401791,0.0157315,0.0146729,-0,0,0.00346528,0.00401791,-0.0157315,-0.620264,-0.553958,0.00731835,-0.455509,1.00598,0.00174903,-13.9009,-0.452024,-0.00906739,-0.107988,-0.00401791,0.0157315,0.0146729,-0.0459645,-0.0667547,0.0021349,-0.0202387,1.86912,-0.00165831,1.87,0,True,True
5.8,-0,0,0.00495592,0.00394,-0.0154385,0.528409,-0.553922,0.00718488,-0.506614,1.00599,0.00171088,-13.9294,-0.452069,-0.00889576,-0.112531,-0.00394,0.0154385,0.0143882,-0,0,0.00339656,0.00394,-0.0154385,-0.619367,-0.553922,0.00718488,-0.456471,1.00599,0.00171088,-13.9015,-0.452069,-0.00889576,-0.107891,-0.00394,0.0154385,0.0143882,-0.0460722,-0.0664587,0.0020976,-0.0198593,1.86914,-0.00162614,1.87,0,True,True
5.805,-0,0,0.00486168,0.00386353,-0.0151512,0.52929,-0.553886,0.00705388,-0.506589,1.006,0.00167368,-13.9294,-0.452113,-0.00872756,-0.112347,-0.00386353,0.0151512,0.0141087,-0,0,0.00332917,0.00386353,-0.0151512,-0.618485,-0.553886,0.00705388,-0.457416,1.006,0.00167368,-13.9021,-0.452113,-0.00872756,-0.107796,-0.00386353,0.0151512,0.0141087,-0.046178,-0.0661683,0.00206095,-0.0194874,1.86916,-0.00159458,1.87,0,True,True
5.81,-0,0,0.00476911,0.00378848,-0.0148695,0.530155,-0.553851,0.00692533,-0.506565,1.00601,0.00163738,-13.9295,-0.452156,-0.00856271,-0.112166,-0.00378848,0.0148695,0.0138344,-0,0,0.00326309,0.00378848,-0.0148695,-0.617621,-0.553851,0.00692533,-0.458343,1.00601,0.00163738,-13.9027,-0.452156,-0.00856271,-0.107703,-0.00378848,0.0148695,0.0138344,-0.0462818,-0.0658832,0.00202493,-0.0191228,1.86917,-0.0015636,1.87,0,True,True
5.815,-0,0,0.00467819,0.00371483,-0.0145932,0.531003,-0.553817,0.00679918,-0.506541,1.00602,0.00160198,-13.9295,-0.452198,-0.00840116,-0.111988,-0.00371483,0.0145932,0.0135652,-0,0,0.00319828,0.00371483,-0.0145932,-0.616772,-0.553817,0.00679918,-0.459253,1.00602,0.00160198,-13.9033,-0.452198,-0.00840116,-0.107612,-0.00371483,0.0145932,0.0135652,-0.0463837,-0.0656035,0.00198953,-0.0187653,1.86919,-0.0015332,1.87,0,True,True
5.82,-0,0,0.00458889,0.00364255,-0.0143224,0.531836,-0.553783,0.00667539,-0.506517,1.00602,0.00156745,-13.9296,-0.45224,-0.00824283,-0.111813,-0.00364255,0.0143224,0.0133011,-0,0,0.00313473,0.00364255,-0.0143224,-0.615939,-0.553783,0.00667539,-0.460146,1.00602,0.00156745,-13.9038,-0.45224,-0.00824283,-0.107522,-0.00364255,0.0143224,0.0133011,-0.0464837,-0.0653291,0.00195475,-0.0184148,1.86921,-0.00150337,1.87,0,True,True
5.825,-0,0,0.00450118,0.00357161,-0.0140568,0.532653,-0.55375,0.00655392,-0.506494,1.00603,0.00153375,-13.9296,-0.452281,-0.00808767,-0.111642,-0.00357161,0.0140568,0.0130418,-0,0,0.00307241,0.00357161,-0.0140568,-0.615122,-0.55375,0.00655392,-0.461022,1.00603,0.00153375,-13.9044,-0.452281,-0.00808767,-0.107434,-0.00357161,0.0140568,0.0130418,-0.0465819,-0.0650597,0.00192057,-0.0180713,1.86922,-0.00147408,1.87,0,True,True
5.83,-0,0,0.00441502,0.00350198,-0.0137964,0.533455,-0.553718,0.00643472,-0.506471,1.00604,0.00150088,-13.9297,-0.452321,-0.00793561,-0.111474,-0.00350198,0.0137964,0.0127873,-0,0,0.00301129,0.00350198,-0.0137964,-0.61432,-0.553718,0.00643472,-0.461882,1.00604,0.00150088,-13.9049,-0.452321,-0.00793561,-0.107348,-0.00350198,0.0137964,0.0127873,-0.0466782,-0.0647953,0.00188699,-0.0177345,1.86924,-0.00144534,1.87,0,True,True
5.835,-0,0,0.00433039,0.00343365,-0.0135411,0.534242,-0.553686,0.00631778,-0.506449,1.00605,0.00146881,-13.9297,-0.45236,-0.00778659,-0.111309,-0.00343365,0.0135411,0.0125376,-0,0,0.00295134,0.00343365,-0.0135411,-0.613533,-0.553686,0.00631778,-0.462727,1.00605,0.00146881,-13.9055,-0.45236,-0.00778659,-0.107264,-0.00343365,0.0135411,0.0125376,-0.0467728,-0.0645359,0.001854,-0.0174044,1.86925,-0.00141714,1.87,0,True,True
5.84,-0,0,0.00424727,0.00336657,-0.0132907,0.535015,-0.553654,0.00620303,-0.506427,1.00605,0.00143752,-13.9298,-0.452399,-0.00764055,-0.111147,-0.00336657,0.0132907,0.0122924,-0,0,0.00289255,0.00336657,-0.0132907,-0.61276,-0.553654,0.00620303,-0.463556,1.00605,0.00143752,-13.906,-0.452399,-0.00764055,-0.107181,-0.00336657,0.0132907,0.0122924,-0.0468657,-0.0642813,0.00182159,-0.0170808,1.86927,-0.00138945,1.87,0,True,True
5.845,-0,0,0.00416562,0.00330074,-0.0130453,0.535773,-0.553624,0.00609045,-0.506405,1.00606,0.00140699,-13.9298,-0.452436,-0.00749744,-0.110989,-0.00330074,0.0130453,0.0120518,-0,0,0.00283488,0.00330074,-0.0130453,-0.612002,-0.553624,0.00609045,-0.464369,1.00606,0.00140699,-13.9065,-0.452436,-0.00749744,-0.1071,-0.00330074,0.0130453,0.0120518,-0.0469569,-0.0640314,0.00178975,-0.0167635,1.86928,-0.00136228,1.87,0,True,True
5.85,-0,0,0.00408542,0.00323612,-0.0128046,0.536517,-0.553594,0.00598,-0.506384,1.00607,0.00137719,-13.9299,-0.452474,-0.0073572,-0.110833,-0.00323612,0.0128046,0.0118157,-0,0,0.00277832,0.00323612,-0.0128046,-0.611257,-0.553594,0.00598,-0.465168,1.00607,0.00137719,-13.907,-0.452474,-0.0073572,-0.10702,-0.00323612,0.0128046,0.0118157,-0.0470464,-0.0637862,0.00175848,-0.0164525,1.86929,-0.0013356,1.87,0,True,True
5.855,-0,0,0.00400664,0.00317269,-0.0125687,0.537248,-0.553564,0.00587165,-0.506363,1.00607,0.00134812,-13.9299,-0.45251,-0.00721976,-0.11068,-0.00317269,0.0125687,0.0115839,-0,0,0.00272284,0.00317269,-0.0125687,-0.610527,-0.553564,0.00587165,-0.465951,1.00607,0.00134812,-13.9075,-0.45251,-0.00721976,-0.106941,-0.00317269,0.0125687,0.0115839,-0.0471343,-0.0635455,0.00172777,-0.0161477,1.86931,-0.00130942,1.87,0,True,True
5.86,-0,0,0.00392926,0.00311043,-0.0123374,0.537965,-0.553535,0.00576535,-0.506342,1.00608,0.00131974,-13.93,-0.452546,-0.00708509,-0.11053,-0.00311043,0.0123374,0.0113563,-0,0,0.00266841,0.00311043,-0.0123374,-0.60981,-0.553535,0.00576535,-0.466721,1.00608,0.00131974,-13.908,-0.452546,-0.00708509,-0.106865,-0.00311043,0.0123374,0.0113563,-0.0472205,-0.0633092,0.0016976,-0.0158489,1.86932,-0.00128373,1.87,0,True,True
5.865,-0,0,0.00385325,0.00304932,-0.0121107,0.538669,-0.553506,0.00566107,-0.506322,1.00609,0.00129205,-13.93,-0.452581,-0.00695311,-0.110383,-0.00304932,0.0121107,0.011133,-0,0,0.00261503,0.00304932,-0.0121107,-0.609106,-0.553506,0.00566107,-0.467476,1.00609,0.00129205,-13.9085,-0.452581,-0.00695311,-0.106789,-0.00304932,0.0121107,0.011133,-0.0473052,-0.0630773,0.00166798,-0.0155561,1.86934,-0.0012585,1.87,0,True,True
5.87,-0,0,0.00377859,0.00298933,-0.0118884,0.539359,-0.553478,0.00555878,-0.506302,1.00609,0.00126502,-13.93,-0.452615,-0.0068238,-0.110238,-0.00298933,0.0118884,0.0109137,-0,0,0.00256266,0.00298933,-0.0118884,-0.608415,-0.553478,0.00555878,-0.468218,1.00609,0.00126502,-13.909,-0.452615,-0.0068238,-0.106716,-0.00298933,0.0118884,0.0109137,-0.0473884,-0.0628497,0.00163889,-0.015269,1.86935,-0.00123374,1.87,0,True,True
5.875,-0,0,0.00370525,0.00293043,-0.0116705,0.540037,-0.553451,0.00545844,-0.506282,1.0061,0.00123863,-13.9301,-0.452649,-0.00669708,-0.110097,-0.00293043,0.0116705,0.0106985,-0,0,0.00251128,0.00293043,-0.0116705,-0.607737,-0.553451,0.00545844,-0.468946,1.0061,0.00123863,-13.9094,-0.452649,-0.00669708,-0.106643,-0.00293043,0.0116705,0.0106985,-0.04747,-0.0626263,0.00161032,-0.0149877,1.86936,-0.00120943,1.87,0,True,True
5.88,-0,0,0.0036332,0.00287262,-0.0114569,0.540703,-0.553424,0.00536003,-0.506262,1.00611,0.00121288,-13.9301,-0.452682,-0.00657291,-0.109958,-0.00287262,0.0114569,0.0104872,-0,0,0.00246087,0.00287262,-0.0114569,-0.607071,-0.553424,0.00536003,-0.46966,1.00611,0.00121288,-13.9099,-0.452682,-0.00657291,-0.106572,-0.00287262,0.0114569,0.0104872,-0.0475502,-0.0624071,0.00158227,-0.0147119,1.86937,-0.00118557,1.87,0,True,True
5.885,-0,0,0.00356243,0.00281587,-0.0112475,0.541356,-0.553397,0.0052635,-0.506243,1.00611,0.00118775,-13.9302,-0.452715,-0.00645125,-0.109821,-0.00281587,0.0112475,0.0102798,-0,0,0.00241142,0.00281587,-0.0112475,-0.606417,-0.553397,0.0052635,-0.470362,1.00611,0.00118775,-13.9103,-0.452715,-0.00645125,-0.106502,-0.00281587,0.0112475,0.0102798,-0.0476289,-0.0621918,0.00155474,-0.0144417,1.86939,-0.00116214,1.87,0,True,True
5.89,-0,0,0.00349291,0.00276015,-0.0110423,0.541998,-0.553371,0.00516883,-0.506225,1.00612,0.00116321,-13.9302,-0.452747,-0.00633204,-0.109687,-0.00276015,0.0110423,0.0100761,-0,0,0.0023629,0.00276015,-0.0110423,-0.605776,-0.553371,0.00516883,-0.471051,1.00612,0.00116321,-13.9108,-0.452747,-0.00633204,-0.106434,-0.00276015,0.0110423,0.0100761,-0.0477062,-0.0619805,0.0015277,-0.0141768,1.8694,-0.00113914,1.87,0,True,True
5.895,-0,0,0.00342461,0.00270544,-0.0108411,0.542628,-0.553345,0.00507598,-0.506206,1.00612,0.00113926,-13.9302,-0.452778,-0.00621524,-0.109555,-0.00270544,0.0108411,0.00987619,-0,0,0.00231529,0.00270544,-0.0108411,-0.605146,-0.553345,0.00507598,-0.471727,1.00612,0.00113926,-13.9112,-0.452778,-0.00621524,-0.106367,-0.00270544,0.0108411,0.00987619,-0.0477821,-0.0617731,0.00150117,-0.0139172,1.86941,-0.00111657,1.87,0,True,True
5.9,-0,0,0.00335751,0.00265174,-0.0106439,0.543246,-0.55332,0.00498493,-0.506188,1.00613,0.00111587,-13.9303,-0.452809,-0.0061008,-0.109426,-0.00265174,0.0106439,0.0096799,-0,0,0.00226857,0.00265174,-0.0106439,-0.604528,-0.55332,0.00498493,-0.472391,1.00613,0.00111587,-13.9116,-0.452809,-0.0061008,-0.106301,-0.00265174,0.0106439,0.0096799,-0.0478567,-0.0615694,0.00147512,-0.0136629,1.86942,-0.0010944,1.87,0,True,True
5.905,-0,0,0.0032916,0.002599,-0.0104506,0.543853,-0.553296,0.00489564,-0.50617,1.00613,0.00109305,-13.9303,-0.452839,-0.00598868,-0.1093,-0.002599,0.0104506,0.00948717,-0,0,0.00222273,0.002599,-0.0104506,-0.603921,-0.553296,0.00489564,-0.473043,1.00613,0.00109305,-13.912,-0.452839,-0.00598868,-0.106236,-0.002599,0.0104506,0.00948717,-0.0479299,-0.0613695,0.00144955,-0.0134136,1.86943,-0.00107263,1.87,0,True,True
5.91,-0,0,0.00322684,0.00254723,-0.0102612,0.544449,-0.553271,0.00480808,-0.506153,1.00614,0.00107076,-13.9303,-0.452869,-0.00587884,-0.109175,-0.00254723,0.0102612,0.00929794,-0,0,0.00217775,0.00254723,-0.0102612,-0.603325,-0.553271,0.00480808,-0.473683,1.00614,0.00107076,-13.9124,-0.452869,-0.00587884,-0.106173,-0.00254723,0.0102612,0.00929794,-0.0480018,-0.0611733,0.00142446,-0.0131693,1.86945,-0.00105126,1.87,0,True,True
5.915,-0,0,0.00316322,0.00249639,-0.0100756,0.545034,-0.553247,0.00472222,-0.506136,1.00615,0.001049,-13.9304,-0.452898,-0.00577122,-0.109053,-0.00249639,0.0100756,0.00911214,-0,0,0.00213361,0.00249639,-0.0100756,-0.60274,-0.553247,0.00472222,-0.474311,1.00615,0.001049,-13.9128,-0.452898,-0.00577122,-0.106111,-0.00249639,0.0100756,0.00911214,-0.0480724,-0.0609806,0.00139983,-0.0129299,1.86946,-0.00103028,1.87,0,True,True
5.92,-0,0,0.00310071,0.00244647,-0.0098937,0.545608,-0.553224,0.00463804,-0.506119,1.00615,0.00102776,-13.9304,-0.452927,-0.0056658,-0.108933,-0.00244647,0.0098937,0.00892969,-0,0,0.00209028,0.00244647,-0.0098937,-0.602165,-0.553224,0.00463804,-0.474928,1.00615,0.00102776,-13.9132,-0.452927,-0.0056658,-0.10605,-0.00244647,0.0098937,0.00892969,-0.0481418,-0.0607914,0.00137566,-0.0126954,1.86947,-0.00100968,1.87,0,True,True
5.925,-0,0,0.0030393,0.00239745,-0.00971543,0.546172,-0.553201,0.0045555,-0.506102,1.00616,0.00100702,-13.9304,-0.452955,-0.00556252,-0.108816,-0.00239745,0.00971543,0.00875053,-0,0,0.00204776,0.00239745,-0.00971543,-0.601601,-0.553201,0.0045555,-0.475535,1.00616,0.00100702,-13.9136,-0.452955,-0.00556252,-0.10599,-0.00239745,0.00971543,0.00875053,-0.0482099,-0.0606057,0.00135195,-0.0124655,1.86948,-0.000989446,1.87,0,True,True
5.93,-0,0,0.00297895,0.00234932,-0.00954074,0.546726,-0.553178,0.00447458,-0.506086,1.00616,0.000986769,-13.9305,-0.452982,-0.00546135,-0.1087,-0.00234932,0.00954074,0.0085746,-0,0,0.00200603,0.00234932,-0.00954074,-0.601047,-0.553178,0.00447458,-0.47613,1.00616,0.000986769,-13.914,-0.452982,-0.00546135,-0.105931,-0.00234932,0.00954074,0.0085746,-0.0482769,-0.0604233,0.00132869,-0.0122404,1.86949,-0.000969579,1.87,0,True,True
5.935,-0,0,0.00291967,0.00230205,-0.00936957,0.54727,-0.553156,0.00439525,-0.50607,1.00617,0.000966996,-13.9305,-0.453009,-0.00536224,-0.108587,-0.00230205,0.00936957,0.00840182,-0,0,0.00196507,0.00230205,-0.00936957,-0.600503,-0.553156,0.00439525,-0.476714,1.00617,0.000966996,-13.9143,-0.453009,-0.00536224,-0.105873,-0.00230205,0.00936957,0.00840182,-0.0483426,-0.0602442,0.00130586,-0.0120197,1.8695,-0.000950068,1.87,0,True,True
5.94,-0,0,0.00286141,0.00225562,-0.00920185,0.547804,-0.553135,0.00431748,-0.506054,1.00617,0.00094769,-13.9305,-0.453036,-0.00526517,-0.108476,-0.00225562,0.00920185,0.00823214,-0,0,0.00192486,0.00225562,-0.00920185,-0.599969,-0.553135,0.00431748,-0.477288,1.00617,0.00094769,-13.9147,-0.453036,-0.00526517,-0.105817,-0.00225562,0.00920185,0.00823214,-0.0484072,-0.0600683,0.00128347,-0.0118036,1.86951,-0.000930907,1.87,0,True,True
5.945,-0,0,0.00280416,0.00221003,-0.00903752,0.548328,-0.553113,0.00424125,-0.506038,1.00618,0.000928839,-13.9305,-0.453062,-0.00517009,-0.108366,-0.00221003,0.00903752,0.00806549,-0,0,0.00188539,0.00221003,-0.00903752,-0.599445,-0.553113,0.00424125,-0.477852,1.00618,0.000928839,-13.9151,-0.453062,-0.00517009,-0.105761,-0.00221003,0.00903752,0.00806549,-0.0484706,-0.0598956,0.0012615,-0.0115919,1.86952,-0.000912089,1.87,0,True,True
5.95,-0,0,0.00274791,0.00216525,-0.00887653,0.548843,-0.553092,0.00416653,-0.506023,1.00618,0.000910433,-13.9306,-0.453087,-0.00507697,-0.108259,-0.00216525,0.00887653,0.00790181,-0,0,0.00184664,0.00216525,-0.00887653,-0.59893,-0.553092,0.00416653,-0.478406,1.00618,0.000910433,-13.9154,-0.453087,-0.00507697,-0.105707,-0.00216525,0.00887653,0.00790181,-0.048533,-0.059726,0.00123995,-0.0113844,1.86953,-0.000893607,1.87,0,True,True
5.955,-0,0,0.00269263,0.00212126,-0.0087188,0.549349,-0.553071,0.0040933,-0.506008,1.00618,0.000892461,-13.9306,-0.453113,-0.00498576,-0.108154,-0.00212126,0.0087188,0.00774104,-0,0,0.0018086,0.00212126,-0.0087188,-0.598424,-0.553071,0.0040933,-0.47895,1.00618,0.000892461,-13.9158,-0.453113,-0.00498576,-0.105653,-0.00212126,0.0087188,0.00774104,-0.0485942,-0.0595595,0.00121882,-0.0111812,1.86954,-0.000875453,1.87,0,True,True
5.96,-0,0,0.0026383,0.00207806,-0.00856429,0.549846,-0.553051,0.00402153,-0.505993,1.00619,0.000874912,-13.9306,-0.453137,-0.00489644,-0.10805,-0.00207806,0.00856429,0.00758312,-0,0,0.00177125,0.00207806,-0.00856429,-0.597927,-0.553051,0.00402153,-0.479484,1.00619,0.000874912,-13.9161,-0.453137,-0.00489644,-0.105601,-0.00207806,0.00856429,0.00758312,-0.0486544,-0.0593959,0.0011981,-0.0109822,1.86955,-0.000857621,1.87,0,True,True
5.965,-0,0,0.00258491,0.00203562,-0.00841293,0.550334,-0.553031,0.00395119,-0.505978,1.00619,0.000857776,-13.9306,-0.453162,-0.00480896,-0.107949,-0.00203562,0.00841293,0.00742799,-0,0,0.00173457,0.00203562,-0.00841293,-0.597439,-0.553031,0.00395119,-0.480009,1.00619,0.000857776,-13.9164,-0.453162,-0.00480896,-0.105549,-0.00203562,0.00841293,0.00742799,-0.0487135,-0.0592353,0.00117778,-0.0107873,1.86956,-0.000840105,1.87,0,True,True
5.97,-0,0,0.00253244,0.00199393,-0.00826468,0.550813,-0.553012,0.00388226,-0.505964,1.0062,0.000841044,-13.9307,-0.453185,-0.00472331,-0.107849,-0.00199393,0.00826468,0.0072756,-0,0,0.00169857,0.00199393,-0.00826468,-0.596959,-0.553012,0.00388226,-0.480524,1.0062,0.000841044,-13.9168,-0.453185,-0.00472331,-0.105499,-0.00199393,0.00826468,0.0072756,-0.0487717,-0.0590774,0.00115785,-0.0105964,1.86957,-0.000822899,1.87,0,True,True
5.975,-0,0,0.00248087,0.00195297,-0.00811947,0.551284,-0.552992,0.00381472,-0.50595,1.0062,0.000824706,-13.9307,-0.453209,-0.00463943,-0.107751,-0.00195297,0.00811947,0.00712588,-0,0,0.00166321,0.00195297,-0.00811947,-0.596488,-0.552992,0.00381472,-0.481031,1.0062,0.000824706,-13.9171,-0.453209,-0.00463943,-0.105449,-0.00195297,0.00811947,0.00712588,-0.0488288,-0.0589224,0.00113831,-0.0104094,1.86957,-0.000805995,1.87,0,True,True
5.98,-0,0,0.00243017,0.00191274,-0.00797726,0.551747,-0.552974,0.00374855,-0.505936,1.00621,0.000808754,-13.9307,-0.453232,-0.00455731,-0.107655,-0.00191274,0.00797726,0.0069788,-0,0,0.00162848,0.00191274,-0.00797726,-0.596026,-0.552974,0.00374855,-0.481528,1.00621,0.000808754,-13.9174,-0.453232,-0.00455731,-0.1054,-0.00191274,0.00797726,0.0069788,-0.0488849,-0.0587702,0.00111916,-0.0102263,1.86958,-0.000789388,1.87,0,True,True
5.985,-0,0,0.00238034,0.0018732,-0.00783798,0.552201,-0.552955,0.00368372,-0.505922,1.00621,0.000793177,-13.9307,-0.453254,-0.0044769,-0.107561,-0.0018732,0.00783798,0.00683428,-0,0,0.00159438,0.0018732,-0.00783798,-0.595571,-0.552955,0.00368372,-0.482017,1.00621,0.000793177,-13.9177,-0.453254,-0.0044769,-0.105353,-0.0018732,0.00783798,0.00683428,-0.0489401,-0.0586206,0.00110039,-0.010047,1.86959,-0.000773071,1.87,0,True,True
5.99,-0,0,0.00233136,0.00183436,-0.00770159,0.552648,-0.552937,0.00362021,-0.505909,1.00621,0.000777968,-13.9308,-0.453277,-0.00439818,-0.107468,-0.00183436,0.00770159,0.00669227,-0,0,0.00156088,0.00183436,-0.00770159,-0.595125,-0.552937,0.00362021,-0.482498,1.00621,0.000777968,-13.918,-0.453277,-0.00439818,-0.105306,-0.00183436,0.00770159,0.00669227,-0.0489943,-0.0584736,0.00108198,-0.00987139,1.8696,-0.000757038,1.87,0,True,True
5.995,-0,0,0.00228321,0.00179619,-0.00756805,0.553086,-0.552919,0.003558,-0.505896,1.00622,0.000763118,-13.9308,-0.453298,-0.00432112,-0.107377,-0.00179619,0.00756805,0.00655273,-0,0,0.00152798,0.00179619,-0.00756805,-0.594686,-0.552919,0.003558,-0.48297,1.00622,0.000763118,-13.9183,-0.453298,-0.00432112,-0.10526,-0.00179619,0.00756805,0.00655273,-0.0490477,-0.0583293,0.00106395,-0.00969949,1.86961,-0.000741284,1.87,0,True,True
6,-0,0,0.00223587,0.00175868,-0.00743729,0.553517,-0.552901,0.00349706,-0.505883,1.00622,0.000748618,-13.9308,-0.45332,-0.00424568,-0.107288,-0.00175868,0.00743729,0.0064156,-0,0,0.00149566,0.00175868,-0.00743729,-0.594255,-0.552901,0.00349706,-0.483434,1.00622,0.000748618,-13.9186,-0.45332,-0.00424568,-0.105215,-0.00175868,0.00743729,0.0064156,-0.0491001,-0.0581874,0.00104628,-0.0095312,1.86962,-0.000725803,1.87,0,True,True
6.005,-0,0,0.00218932,0.00172181,-0.00730928,0.553941,-0.552884,0.00343738,-0.50587,1.00622,0.000734462,-13.9308,-0.453341,-0.00417184,-0.1072,-0.00172181,0.00730928,0.00628084,-0,0,0.00146391,0.00172181,-0.00730928,-0.593832,-0.552884,0.00343738,-0.48389,1.00622,0.000734462,-13.9189,-0.453341,-0.00417184,-0.10517,-0.00172181,0.00730928,0.00628084,-0.0491516,-0.058048,0.00102896,-0.00936646,1.86962,-0.000710589,1.87,0,True,True
6.01,-0,0,0.00214356,0.00168558,-0.00718396,0.554357,-0.552867,0.00337894,-0.505858,1.00623,0.000720641,-13.9309,-0.453362,-0.00409958,-0.107113,-0.00168558,0.00718396,0.00614838,-0,0,0.00143271,0.00168558,-0.00718396,-0.593415,-0.552867,0.00337894,-0.484338,1.00623,0.000720641,-13.9192,-0.453362,-0.00409958,-0.105127,-0.00168558,0.00718396,0.00614838,-0.0492023,-0.057911,0.001012,-0.00920519,1.86963,-0.000695636,1.87,0,True,True
6.015,-0,0,0.00209856,0.00164997,-0.00706129,0.554766,-0.55285,0.0033217,-0.505845,1.00623,0.000707147,-13.9309,-0.453382,-0.00402885,-0.107029,-0.00164997,0.00706129,0.00601819,-0,0,0.00140206,0.00164997,-0.00706129,-0.593006,-0.55285,0.0033217,-0.484778,1.00623,0.000707147,-13.9195,-0.453382,-0.00402885,-0.105084,-0.00164997,0.00706129,0.00601819,-0.0492521,-0.0577764,0.000995375,-0.00904734,1.86964,-0.000680939,1.87,0,True,True
6.02,-0,0,0.00205431,0.00161497,-0.00694122,0.555168,-0.552834,0.00326567,-0.505833,1.00624,0.000693974,-13.9309,-0.453402,-0.00395964,-0.106945,-0.00161497,0.00694122,0.00589022,-0,0,0.00137195,0.00161497,-0.00694122,-0.592604,-0.552834,0.00326567,-0.485211,1.00624,0.000693974,-13.9197,-0.453402,-0.00395964,-0.105042,-0.00161497,0.00694122,0.00589022,-0.0493011,-0.0576441,0.000979096,-0.00889286,1.86965,-0.000666493,1.87,0,True,True
6.025,-0,0,0.00201079,0.00158056,-0.00682371,0.555563,-0.552817,0.00321081,-0.505821,1.00624,0.000681114,-13.9309,-0.453421,-0.00389192,-0.106864,-0.00158056,0.00682371,0.00576441,-0,0,0.00134235,0.00158056,-0.00682371,-0.592209,-0.552817,0.00321081,-0.485637,1.00624,0.000681114,-13.92,-0.453421,-0.00389192,-0.105001,-0.00158056,0.00682371,0.00576441,-0.0493493,-0.0575141,0.000963152,-0.00874168,1.86966,-0.000652292,1.87,0,True,True
6.03,-0,0,0.00196799,0.00154673,-0.00670872,0.555952,-0.552801,0.0031571,-0.50581,1.00624,0.00066856,-13.9309,-0.453441,-0.00382566,-0.106783,-0.00154673,0.00670872,0.00564072,-0,0,0.00131327,0.00154673,-0.00670872,-0.591821,-0.552801,0.0031571,-0.486055,1.00624,0.00066856,-13.9203,-0.453441,-0.00382566,-0.10496,-0.00154673,0.00670872,0.00564072,-0.0493968,-0.0573863,0.000947538,-0.00859376,1.86966,-0.00063833,1.87,0,True,True
6.035,-0,0,0.00192589,0.00151347,-0.00659621,0.556333,-0.552786,0.00310454,-0.505798,1.00625,0.000656306,-13.9309,-0.45346,-0.00376084,-0.106704,-0.00151347,0.00659621,0.00551911,-0,0,0.00128468,0.00151347,-0.00659621,-0.591439,-0.552786,0.00310454,-0.486466,1.00625,0.000656306,-13.9205,-0.45346,-0.00376084,-0.10492,-0.00151347,0.00659621,0.00551911,-0.0494434,-0.0572606,0.000932251,-0.00844902,1.86967,-0.000624604,1.87,0,True,True
6.04,-0,0,0.00188448,0.00148077,-0.00648612,0.556709,-0.55277,0.00305309,-0.505787,1.00625,0.000644344,-13.931,-0.453478,-0.00369743,-0.106626,-0.00148077,0.00648612,0.00539953,-0,0,0.00125658,0.00148077,-0.00648612,-0.591064,-0.55277,0.00305309,-0.486871,1.00625,0.000644344,-13.9208,-0.453478,-0.00369743,-0.104881,-0.00148077,0.00648612,0.00539953,-0.0494893,-0.0571371,0.000917284,-0.00830742,1.86968,-0.000611107,1.87,0,True,True
6.045,-0,0,0.00184374,0.00144861,-0.00637843,0.557078,-0.552755,0.00300274,-0.505776,1.00625,0.00063267,-13.931,-0.453497,-0.00363541,-0.10655,-0.00144861,0.00637843,0.00528194,-0,0,0.00122895,0.00144861,-0.00637843,-0.590695,-0.552755,0.00300274,-0.487269,1.00625,0.00063267,-13.921,-0.453497,-0.00363541,-0.104843,-0.00144861,0.00637843,0.00528194,-0.0495344,-0.0570156,0.000902634,-0.00816891,1.86968,-0.000597835,1.87,0,True,True
6.05,-0,0,0.00180367,0.00141699,-0.00627309,0.557441,-0.55274,0.00295348,-0.505765,1.00626,0.000621276,-13.931,-0.453515,-0.00357476,-0.106475,-0.00141699,0.00627309,0.00516629,-0,0,0.0012018,0.00141699,-0.00627309,-0.590332,-0.55274,0.00295348,-0.48766,1.00626,0.000621276,-13.9213,-0.453515,-0.00357476,-0.104805,-0.00141699,0.00627309,0.00516629,-0.0495788,-0.0568962,0.000888295,-0.00803343,1.86969,-0.000584782,1.87,0,True,True
6.055,-0,0,0.00176423,0.00138588,-0.00617006,0.557797,-0.552726,0.00290528,-0.505754,1.00626,0.000610157,-13.931,-0.453532,-0.00351544,-0.106401,-0.00138588,0.00617006,0.00505254,-0,0,0.00117509,0.00138588,-0.00617006,-0.589975,-0.552726,0.00290528,-0.488045,1.00626,0.000610157,-13.9215,-0.453532,-0.00351544,-0.104768,-0.00138588,0.00617006,0.00505254,-0.0496226,-0.0567788,0.000874264,-0.00790094,1.8697,-0.000571945,1.87,0,True,True
6.06,-0,0,0.00172543,0.00135529,-0.00606931,0.558148,-0.552711,0.00285814,-0.505743,1.00626,0.000599307,-13.931,-0.45355,-0.00345745,-0.106329,-0.00135529,0.00606931,0.00494065,-0,0,0.00114884,0.00135529,-0.00606931,-0.589624,-0.552711,0.00285814,-0.488423,1.00626,0.000599307,-13.9218,-0.45355,-0.00345745,-0.104732,-0.00135529,0.00606931,0.00494065,-0.0496656,-0.0566633,0.000860535,-0.00777138,1.8697,-0.000559318,1.87,0,True,True
6.065,-0,0,0.00168725,0.00132519,-0.0059708,0.558494,-0.552697,0.00281203,-0.505733,1.00626,0.00058872,-13.931,-0.453567,-0.00340075,-0.106258,-0.00132519,0.0059708,0.00483058,-0,0,0.00112301,0.00132519,-0.0059708,-0.589279,-0.552697,0.00281203,-0.488795,1.00626,0.00058872,-13.922,-0.453567,-0.00340075,-0.104696,-0.00132519,0.0059708,0.00483058,-0.0497079,-0.0565497,0.000847105,-0.0076447,1.86971,-0.000546896,1.87,0,True,True
6.07,-0,0,0.00164967,0.00129558,-0.00587449,0.558833,-0.552683,0.00276693,-0.505722,1.00627,0.00057839,-13.9311,-0.453584,-0.00334532,-0.106188,-0.00129558,0.00587449,0.00472229,-0,0,0.00109762,0.00129558,-0.00587449,-0.588939,-0.552683,0.00276693,-0.489161,1.00627,0.00057839,-13.9222,-0.453584,-0.00334532,-0.104661,-0.00129558,0.00587449,0.00472229,-0.0497496,-0.056438,0.000833969,-0.00752086,1.86972,-0.000534675,1.87,0,True,True
6.075,-0,0,0.00161269,0.00126644,-0.00578035,0.559167,-0.552669,0.00272284,-0.505712,1.00627,0.000568313,-13.9311,-0.4536,-0.00329115,-0.106119,-0.00126644,0.00578035,0.00461573,-0,0,0.00107263,0.00126644,-0.00578035,-0.588605,-0.552669,0.00272284,-0.489522,1.00627,0.000568313,-13.9225,-0.4536,-0.00329115,-0.104627,-0.00126644,0.00578035,0.00461573,-0.0497906,-0.0563281,0.000821123,-0.00739982,1.86972,-0.000522651,1.87,0,True,True
6.08,-0,0,0.00157628,0.00123777,-0.00568834,0.559496,-0.552656,0.00267973,-0.505702,1.00627,0.000558483,-13.9311,-0.453617,-0.00323821,-0.106051,-0.00123777,0.00568834,0.00451088,-0,0,0.00104806,0.00123777,-0.00568834,-0.588276,-0.552656,0.00267973,-0.489876,1.00627,0.000558483,-13.9227,-0.453617,-0.00323821,-0.104593,-0.00123777,0.00568834,0.00451088,-0.049831,-0.05622,0.000808563,-0.00728152,1.86973,-0.000510819,1.87,0,True,True
6.085,-0,0,0.00154044,0.00120956,-0.00559843,0.559819,-0.552643,0.0026376,-0.505693,1.00628,0.000548895,-13.9311,-0.453633,-0.00318649,-0.105984,-0.00120956,0.00559843,0.00440768,-0,0,0.00102388,0.00120956,-0.00559843,-0.587953,-0.552643,0.0026376,-0.490225,1.00628,0.000548895,-13.9229,-0.453633,-0.00318649,-0.10456,-0.00120956,0.00559843,0.00440768,-0.0498708,-0.0561136,0.000796284,-0.00716593,1.86974,-0.000499175,1.87,0,True,True
6.09,-0,0,0.00150515,0.00118179,-0.00551059,0.560138,-0.55263,0.00259641,-0.505683,1.00628,0.000539544,-13.9311,-0.453649,-0.00313596,-0.105919,-0.00118179,0.00551059,0.00430611,-0,0,0.00100008,0.00118179,-0.00551059,-0.587634,-0.55263,0.00259641,-0.490569,1.00628,0.000539544,-13.9231,-0.453649,-0.00313596,-0.104527,-0.00118179,0.00551059,0.00430611,-0.04991,-0.0560088,0.000784284,-0.00705299,1.86974,-0.000487714,1.87,0,True,True
6.095,-0,0,0.0014704,0.00115445,-0.00542478,0.560451,-0.552617,0.00255618,-0.505673,1.00628,0.000530426,-13.9311,-0.453664,-0.0030866,-0.105854,-0.00115445,0.00542478,0.00420612,-0,0,0.000976669,0.00115445,-0.00542478,-0.587321,-0.552617,0.00255618,-0.490907,1.00628,0.000530426,-13.9234,-0.453664,-0.0030866,-0.104495,-0.00115445,0.00542478,0.00420612,-0.0499485,-0.0559058,0.000772558,-0.00694268,1.86975,-0.000476432,1.87,0,True,True
6.1,-0,0,0.00143618,0.00112754,-0.00534097,0.560759,-0.552604,0.00251687,-0.505664,1.00628,0.000521536,-13.9311,-0.45368,-0.0030384,-0.105791,-0.00112754,0.00534097,0.00410769,-0,0,0.000953623,0.00112754,-0.00534097,-0.587013,-0.552604,0.00251687,-0.49124,1.00628,0.000521536,-13.9236,-0.45368,-0.0030384,-0.104463,-0.00112754,0.00534097,0.00410769,-0.0499865,-0.0558043,0.000761102,-0.00683494,1.86975,-0.000465326,1.87,0,True,True
6.105,-0,0,0.00140247,0.00110104,-0.00525913,0.561063,-0.552592,0.00247847,-0.505655,1.00629,0.000512868,-13.9312,-0.453695,-0.00299134,-0.105728,-0.00110104,0.00525913,0.00401076,-0,0,0.000930938,0.00110104,-0.00525913,-0.586709,-0.552592,0.00247847,-0.491567,1.00629,0.000512868,-13.9238,-0.453695,-0.00299134,-0.104432,-0.00110104,0.00525913,0.00401076,-0.0500239,-0.0557044,0.000749913,-0.00672973,1.86976,-0.00045439,1.87,0,True,True
6.11,-0,0,0.00136928,0.00107495,-0.00517923,0.561362,-0.552579,0.00244097,-0.505646,1.00629,0.00050442,-13.9312,-0.453709,-0.00294539,-0.105667,-0.00107495,0.00517923,0.00391532,-0,0,0.000908605,0.00107495,-0.00517923,-0.58641,-0.552579,0.00244097,-0.49189,1.00629,0.00050442,-13.924,-0.453709,-0.00294539,-0.104401,-0.00107495,0.00517923,0.00391532,-0.0500608,-0.0556061,0.000738987,-0.00662702,1.86977,-0.000443621,1.87,0,True,True
6.115,-0,0,0.00133657,0.00104925,-0.00510124,0.561656,-0.552567,0.00240436,-0.505637,1.00629,0.000496186,-13.9312,-0.453724,-0.00290055,-0.105606,-0.00104925,0.00510124,0.00382131,-0,0,0.000886616,0.00104925,-0.00510124,-0.586116,-0.552567,0.00240436,-0.492208,1.00629,0.000496186,-13.9242,-0.453724,-0.00290055,-0.104371,-0.00104925,0.00510124,0.00382131,-0.0500971,-0.0555092,0.00072832,-0.00652678,1.86977,-0.000433015,1.87,0,True,True
6.12,-0,0,0.00130434,0.00102394,-0.00502513,0.561946,-0.552555,0.00236862,-0.505628,1.00629,0.000488163,-13.9312,-0.453738,-0.00285679,-0.105547,-0.00102394,0.00502513,0.00372872,-0,0,0.000864962,0.00102394,-0.00502513,-0.585826,-0.552555,0.00236862,-0.492521,1.00629,0.000488163,-13.9244,-0.453738,-0.00285679,-0.104341,-0.00102394,0.00502513,0.00372872,-0.0501328,-0.0554138,0.000717909,-0.00642895,1.86978,-0.000422568,1.87,0,True,True
6.125,-0,0,0.00127259,0.000999001,-0.00495088,0.562232,-0.552543,0.00233375,-0.505619,1.0063,0.000480346,-13.9312,-0.453753,-0.0028141,-0.105488,-0.000999001,0.00495088,0.0036375,-0,0,0.000843634,0.000999001,-0.00495088,-0.58554,-0.552543,0.00233375,-0.492829,1.0063,0.000480346,-13.9246,-0.453753,-0.0028141,-0.104312,-0.000999001,0.00495088,0.0036375,-0.050168,-0.0553198,0.000707752,-0.0063335,1.86978,-0.000412276,1.87,0,True,True
6.13,-0,0,0.00124129,0.00097443,-0.00487846,0.562513,-0.552532,0.00229972,-0.50561,1.0063,0.000472732,-13.9312,-0.453767,-0.00277246,-0.10543,-0.00097443,0.00487846,0.00354762,-0,0,0.000822626,0.00097443,-0.00487846,-0.585258,-0.552532,0.00229972,-0.493133,1.0063,0.000472732,-13.9248,-0.453767,-0.00277246,-0.104283,-0.00097443,0.00487846,0.00354762,-0.0502027,-0.0552272,0.000697843,-0.00624041,1.86979,-0.000402135,1.87,0,True,True
6.135,-0,0,0.00121045,0.000950216,-0.00480784,0.562791,-0.55252,0.00226653,-0.505602,1.0063,0.000465317,-13.9312,-0.45378,-0.00273185,-0.105373,-0.000950216,0.00480784,0.00345905,-0,0,0.000801928,0.000950216,-0.00480784,-0.584981,-0.55252,0.00226653,-0.493433,1.0063,0.000465317,-13.925,-0.45378,-0.00273185,-0.104255,-0.000950216,0.00480784,0.00345905,-0.0502369,-0.055136,0.000688181,-0.00614963,1.86979,-0.000392143,1.87,0,True,True
6.14,-0,0,0.00118003,0.000926351,-0.00473899,0.563064,-0.552509,0.00223417,-0.505593,1.0063,0.000458096,-13.9312,-0.453794,-0.00269227,-0.105317,-0.000926351,0.00473899,0.00337175,-0,0,0.000781532,0.000926351,-0.00473899,-0.584708,-0.552509,0.00223417,-0.493728,1.0063,0.000458096,-13.9252,-0.453794,-0.00269227,-0.104227,-0.000926351,0.00473899,0.00337175,-0.0502707,-0.055046,0.000678762,-0.00606113,1.8698,-0.000382293,1.87,0,True,True
6.145,-0,0,0.00115004,0.000902826,-0.00467189,0.563333,-0.552498,0.00220262,-0.505585,1.00631,0.000451067,-13.9313,-0.453807,-0.00265369,-0.105261,-0.000902826,0.00467189,0.00328569,-0,0,0.00076143,0.000902826,-0.00467189,-0.584438,-0.552498,0.00220262,-0.494019,1.00631,0.000451067,-13.9253,-0.453807,-0.00265369,-0.104199,-0.000902826,0.00467189,0.00328569,-0.0503039,-0.0549574,0.000669583,-0.00597488,1.8698,-0.000372585,1.87,0,True,True
6.15,-0,0,0.00112047,0.000879632,-0.00460651,0.563599,-0.552487,0.00217187,-0.505577,1.00631,0.000444227,-13.9313,-0.45382,-0.0026161,-0.105207,-0.000879632,0.00460651,0.00320083,-0,0,0.000741612,0.000879632,-0.00460651,-0.584173,-0.552487,0.00217187,-0.494305,1.00631,0.000444227,-13.9255,-0.45382,-0.0026161,-0.104172,-0.000879632,0.00460651,0.00320083,-0.0503367,-0.05487,0.000660641,-0.00589084,1.86981,-0.000363013,1.87,0,True,True
6.155,-0,0,0.00109128,0.000856761,-0.00454284,0.56386,-0.552476,0.00214192,-0.505569,1.00631,0.000437571,-13.9313,-0.453833,-0.00257949,-0.105153,-0.000856761,0.00454284,0.00311713,-0,0,0.000722069,0.000856761,-0.00454284,-0.583911,-0.552476,0.00214192,-0.494588,1.00631,0.000437571,-13.9257,-0.453833,-0.00257949,-0.104146,-0.000856761,0.00454284,0.00311713,-0.0503692,-0.0547839,0.000651933,-0.00580899,1.86981,-0.000353574,1.87,0,True,True
6.16,-0,0,0.00106249,0.000834204,-0.00448084,0.564118,-0.552466,0.00211274,-0.505561,1.00631,0.000431096,-13.9313,-0.453846,-0.00254384,-0.1051,-0.000834204,0.00448084,0.00303455,-0,0,0.000702791,0.000834204,-0.00448084,-0.583654,-0.552466,0.00211274,-0.494867,1.00631,0.000431096,-13.9259,-0.453846,-0.00254384,-0.10412,-0.000834204,0.00448084,0.00303455,-0.0504013,-0.054699,0.000643457,-0.00572929,1.86982,-0.000344264,1.87,0,True,True
6.165,-0,0,0.00103405,0.000811953,-0.0044205,0.564371,-0.552455,0.00208434,-0.505553,1.00631,0.0004248,-13.9313,-0.453859,-0.00250914,-0.105049,-0.000811953,0.0044205,0.00295305,-0,0,0.000683766,0.000811953,-0.0044205,-0.5834,-0.552455,0.00208434,-0.495142,1.00631,0.0004248,-13.9261,-0.453859,-0.00250914,-0.104094,-0.000811953,0.0044205,0.00295305,-0.0504331,-0.0546154,0.00063521,-0.00565172,1.86982,-0.000335081,1.87,0,True,True
6.17,-0,0,0.00100597,0.000789999,-0.00436179,0.564621,-0.552445,0.0020567,-0.505546,1.00632,0.00041868,-13.9313,-0.453871,-0.00247538,-0.104998,-0.000789999,0.00436179,0.00287258,-0,0,0.000664981,0.000789999,-0.00436179,-0.583151,-0.552445,0.0020567,-0.495413,1.00632,0.00041868,-13.9262,-0.453871,-0.00247538,-0.10407,-0.000789999,0.00436179,0.00287258,-0.0504648,-0.0545331,0.000627189,-0.00557624,1.86983,-0.000326021,1.87,0,True,True
6.175,-0,0,0.000978213,0.000768335,-0.00430469,0.564866,-0.552435,0.00202981,-0.505539,1.00632,0.000412731,-13.9313,-0.453884,-0.00244254,-0.104949,-0.000768335,0.00430469,0.00279308,-0,0,0.000646422,0.000768335,-0.00430469,-0.582906,-0.552435,0.00202981,-0.495681,1.00632,0.000412731,-13.9264,-0.453884,-0.00244254,-0.104046,-0.000768335,0.00430469,0.00279308,-0.0504964,-0.0544522,0.000619393,-0.00550284,1.86983,-0.00031708,1.87,0,True,True
6.18,-0,0,0.00095076,0.000746952,-0.0042492,0.565106,-0.552425,0.00200366,-0.505533,1.00632,0.000406953,-13.9313,-0.453896,-0.00241061,-0.104901,-0.000746952,0.0042492,0.00271448,-0,0,0.000628072,0.000746952,-0.0042492,-0.582666,-0.552425,0.00200366,-0.495945,1.00632,0.000406953,-13.9266,-0.453896,-0.00241061,-0.104024,-0.000746952,0.0042492,0.00271448,-0.0505282,-0.0543726,0.000611819,-0.00543148,1.86984,-0.000308256,1.87,0,True,True
6.185,-0,0,0.00092358,0.000725843,-0.00419528,0.565341,-0.552415,0.00197825,-0.505528,1.00632,0.000401342,-13.9313,-0.453908,-0.0023796,-0.104855,-0.000725843,0.00419528,0.00263673,-0,0,0.000609912,0.000725843,-0.00419528,-0.582431,-0.552415,0.00197825,-0.496206,1.00632,0.000401342,-13.9268,-0.453908,-0.0023796,-0.104003,-0.000725843,0.00419528,0.00263673,-0.0505602,-0.0542945,0.000604466,-0.00536215,1.86984,-0.000299544,1.87,0,True,True
6.19,-0,0,0.000896644,0.000704999,-0.00414293,0.56557,-0.552405,0.00195357,-0.505523,1.00632,0.000395896,-13.9313,-0.45392,-0.00234947,-0.104811,-0.000704999,0.00414293,0.00255972,-0,0,0.00059192,0.000704999,-0.00414293,-0.582202,-0.552405,0.00195357,-0.496463,1.00632,0.000395896,-13.927,-0.45392,-0.00234947,-0.103984,-0.000704999,0.00414293,0.00255972,-0.0505929,-0.0542182,0.000597332,-0.00529483,1.86985,-0.000290942,1.87,0,True,True
6.195,-0,0,0.000869914,0.000684414,-0.00409212,0.565793,-0.552395,0.00192962,-0.50552,1.00633,0.000390613,-13.9313,-0.453931,-0.00232023,-0.10477,-0.000684414,0.00409212,0.00248338,-0,0,0.000574071,0.000684414,-0.00409212,-0.581979,-0.552395,0.00192962,-0.496717,1.00633,0.000390613,-13.9272,-0.453931,-0.00232023,-0.103968,-0.000684414,0.00409212,0.00248338,-0.0506264,-0.0541436,0.000590415,-0.00522949,1.86985,-0.000282446,1.87,0,True,True
6.2,-0,0,0.00084335,0.000664078,-0.00404286,0.566008,-0.552385,0.00190638,-0.505518,1.00633,0.000385491,-13.9313,-0.453943,-0.00229187,-0.104732,-0.000664078,0.00404286,0.00240759,-0,0,0.000556338,0.000664078,-0.00404286,-0.581764,-0.552385,0.00190638,-0.496968,1.00633,0.000385491,-13.9274,-0.453943,-0.00229187,-0.103955,-0.000664078,0.00404286,0.00240759,-0.0506612,-0.054071,0.000583715,-0.00516613,1.86985,-0.000274054,1.87,0,True,True
6.205,-0,0,0.000816913,0.000643985,-0.00399512,0.566215,-0.552376,0.00188385,-0.505518,1.00633,0.000380528,-13.9313,-0.453954,-0.00226438,-0.104698,-0.000643985,0.00399512,0.00233227,-0,0,0.000538695,0.000643985,-0.00399512,-0.581557,-0.552376,0.00188385,-0.497215,1.00633,0.000380528,-13.9276,-0.453954,-0.00226438,-0.103945,-0.000643985,0.00399512,0.00233227,-0.0506975,-0.0540006,0.000577232,-0.00510472,1.86986,-0.000265761,1.87,0,True,True
6.21,-0,0,0.000790569,0.000624127,-0.00394891,0.566413,-0.552367,0.00186204,-0.505521,1.00633,0.000375724,-13.9312,-0.453965,-0.00223776,-0.104668,-0.000624127,0.00394891,0.00225733,-0,0,0.000521118,0.000624127,-0.00394891,-0.581359,-0.552367,0.00186204,-0.497459,1.00633,0.000375724,-13.9278,-0.453965,-0.00223776,-0.10394,-0.000624127,0.00394891,0.00225733,-0.0507356,-0.0539326,0.000570964,-0.00504527,1.86986,-0.000257566,1.87,0,True,True
6.215,-0,0,0.000764299,0.000604496,-0.00390422,0.566603,-0.552357,0.00184093,-0.505525,1.00633,0.000371075,-13.9312,-0.453976,-0.00221201,-0.104643,-0.000604496,0.00390422,0.00218271,-0,0,0.000503595,0.000604496,-0.00390422,-0.58117,-0.552357,0.00184093,-0.497701,1.00633,0.000371075,-13.928,-0.453976,-0.00221201,-0.103938,-0.000604496,0.00390422,0.00218271,-0.0507757,-0.0538671,0.000564913,-0.00498776,1.86987,-0.000249464,1.87,0,True,True
6.22,-0,0,0.000738116,0.000585085,-0.00386105,0.566784,-0.552348,0.00182053,-0.505531,1.00634,0.000366583,-13.9311,-0.453987,-0.00218711,-0.104621,-0.000585085,0.00386105,0.00210844,-0,0,0.000486135,0.000585085,-0.00386105,-0.580989,-0.552348,0.00182053,-0.497939,1.00634,0.000366583,-13.9283,-0.453987,-0.00218711,-0.103941,-0.000585085,0.00386105,0.00210844,-0.0508175,-0.0538037,0.000559079,-0.00493219,1.86987,-0.000241453,1.87,0,True,True
6.225,-0,0,0.000712098,0.000565885,-0.00381938,0.566959,-0.552339,0.00180083,-0.505539,1.00634,0.000362245,-13.9311,-0.453998,-0.00216308,-0.104602,-0.000565885,0.00381938,0.00203471,-0,0,0.00046879,0.000565885,-0.00381938,-0.580814,-0.552339,0.00180083,-0.498175,1.00634,0.000362245,-13.9285,-0.453998,-0.00216308,-0.103946,-0.000565885,0.00381938,0.00203471,-0.0508601,-0.0537419,0.00055346,-0.00487855,1.86988,-0.00023353,1.87,0,True,True
6.23,-0,0,0.000686432,0.000546891,-0.00377921,0.567135,-0.55233,0.00178184,-0.505545,1.00634,0.000358059,-13.931,-0.454009,-0.00213989,-0.104582,-0.000546891,0.00377921,0.00196195,-0,0,0.000451687,0.000546891,-0.00377921,-0.580638,-0.55233,0.00178184,-0.498408,1.00634,0.000358059,-13.9288,-0.454009,-0.00213989,-0.103949,-0.000546891,0.00377921,0.00196195,-0.0509013,-0.0536802,0.000548056,-0.00482683,1.86988,-0.000225691,1.87,0,True,True
6.235,-0,0,0.000661495,0.000528093,-0.00374051,0.567324,-0.552321,0.00176352,-0.505547,1.00634,0.000354022,-13.931,-0.45402,-0.00211754,-0.104553,-0.000528093,0.00374051,0.00189106,-0,0,0.000435076,0.000528093,-0.00374051,-0.58045,-0.552321,0.00176352,-0.498639,1.00634,0.000354022,-13.929,-0.45402,-0.00211754,-0.103943,-0.000528093,0.00374051,0.00189106,-0.0509371,-0.0536156,0.000542863,-0.00477698,1.86988,-0.000217934,1.87,0,True,True
6.24,-0,0,0.000637968,0.000509486,-0.00370322,0.567545,-0.552313,0.00174587,-0.505537,1.00634,0.000350128,-13.931,-0.45403,-0.00209599,-0.104503,-0.000509486,0.00370322,0.00182365,-0,0,0.000419415,0.000509486,-0.00370322,-0.580228,-0.552313,0.00174587,-0.498869,1.00634,0.000350128,-13.9291,-0.45403,-0.00209599,-0.103915,-0.000509486,0.00370322,0.00182365,-0.0509598,-0.0535428,0.000537872,-0.00472893,1.86989,-0.000210254,1.87,0,True,True
6.245,-0,0,0.000617029,0.000491061,-0.00366723,0.567835,-0.552304,0.00172882,-0.505503,1.00634,0.000346367,-13.9311,-0.454041,-0.00207519,-0.10441,-0.000491061,0.00366723,0.00176252,-0,0,0.000405489,0.000491061,-0.00366723,-0.579937,-0.552304,0.00172882,-0.499099,1.00634,0.000346367,-13.9291,-0.454041,-0.00207519,-0.103842,-0.000491061,0.00366723,0.00176252,-0.0509567,-0.053453,0.000533067,-0.00468255,1.86989,-0.000202651,1.87,0,True,True
6.25,-0,0,0.000600629,0.000472813,-0.00363236,0.568253,-0.552295,0.0017123,-0.505426,1.00635,0.00034272,-13.9314,-0.454051,-0.00205502,-0.104237,-0.000472813,0.00363236,0.0017123,-0,0,0.0003946,0.000472813,-0.00363236,-0.579518,-0.552295,0.0017123,-0.49933,1.00635,0.00034272,-13.9287,-0.454051,-0.00205502,-0.103684,-0.000472813,0.00363236,0.0017123,-0.0509061,-0.0533312,0.000528417,-0.0046376,1.8699,-0.00019512,1.87,0,True,True
6.255,-0,0,0.000591926,0.000454737,-0.00359826,0.568893,-0.552287,0.00169614,-0.505274,1.00635,0.000339156,-13.9321,-0.454061,-0.0020353,-0.103927,-0.000454737,0.00359826,0.00168049,-0,0,0.000388852,0.000454737,-0.00359826,-0.578875,-0.552287,0.00169614,-0.499566,1.00635,0.000339156,-13.9279,-0.454061,-0.0020353,-0.103382,-0.000454737,0.00359826,0.00168049,-0.0507737,-0.0531533,0.000523871,-0.00459366,1.8699,-0.00018766,1.87,0,True,True
6.26,-0,0,0.000595931,0.000436831,-0.00356439,0.569907,-0.552278,0.0016801,-0.504997,1.00635,0.000335624,-13.9333,-0.454071,-0.00201572,-0.103386,-0.000436831,0.00356439,0.00167898,-0,0,0.000391578,0.000436831,-0.00356439,-0.577856,-0.552278,0.0016801,-0.499811,1.00635,0.000335624,-13.9262,-0.454071,-0.00201572,-0.102837,-0.000436831,0.00356439,0.00167898,-0.0505045,-0.0528813,0.000519341,-0.00455002,1.8699,-0.00018027,1.87,0,True,True
6.265,-0,0,0.000620457,0.000419093,-0.00352983,0.571528,-0.55227,0.00166374,-0.504515,1.00635,0.00033204,-13.9355,-0.454081,-0.00199578,-0.102468,-0.000419093,0.00352983,0.00172632,-0,0,0.000407973,0.000419093,-0.00352983,-0.576227,-0.55227,0.00166374,-0.500072,1.00635,0.00033204,-13.9232,-0.454081,-0.00199578,-0.101897,-0.000419093,0.00352983,0.00172632,-0.0500128,-0.0524554,0.000514685,-0.00450552,1.86991,-0.00017295,1.87,0,True,True
6.27,-0,0,0.000674813,0.000401532,-0.00349313,0.574036,-0.552262,0.0016464,-0.503736,1.00635,0.000328268,-13.9389,-0.454091,-0.00197467,-0.101001,-0.000401532,0.00349313,0.00184459,-0,0,0.000444218,0.000401532,-0.00349313,-0.573706,-0.552262,0.0016464,-0.500356,1.00635,0.000328268,-13.9182,-0.454091,-0.00197467,-0.10038,-0.000401532,0.00349313,0.00184459,-0.0491967,-0.0518047,0.000509677,-0.00445833,1.86991,-0.000165703,1.87,0,True,True
6.275,-0,0,0.00054417,0.000384162,-0.0034523,0.571003,-0.552254,0.00162716,-0.504832,1.00635,0.000324127,-13.9341,-0.454101,-0.00195129,-0.103041,-0.000384162,0.0034523,0.00152527,-0,0,0.000358468,0.000384162,-0.0034523,-0.576759,-0.552254,0.00162716,-0.500496,1.00635,0.000324127,-13.9256,-0.454101,-0.00195129,-0.102539,-0.000384162,0.0034523,0.00152527,-0.0504411,-0.0525997,0.00050401,-0.00440593,1.86992,-0.000158534,1.87,0,True,True
6.28,-0,0,0.000377753,0.000367009,-0.00343058,0.566883,-0.552245,0.00161693,-0.50629,1.00636,0.000321939,-13.9277,-0.454111,-0.00193887,-0.105746,-0.000367009,0.00343058,0.00112112,-0,0,0.000248878,0.000367009,-0.00343058,-0.580901,-0.552245,0.00161693,-0.500601,1.00636,0.000321939,-13.9355,-0.454111,-0.00193887,-0.105398,-0.000367009,0.00343058,0.00112112,-0.0520779,-0.053668,0.000500963,-0.00437809,1.86992,-0.000151456,1.87,0,True,True
