t,l_hip_yaw_q,l_hip_yaw_dq,l_hip_yaw_tau,l_hip_roll_q,l_hip_roll_dq,l_hip_roll_tau,l_hip_pitch_q,l_hip_pitch_dq,l_hip_pitch_tau,l_knee_q,l_knee_dq,l_knee_tau,l_ankle_pitch_q,l_ankle_pitch_dq,l_ankle_pitch_tau,l_ankle_roll_q,l_ankle_roll_dq,l_ankle_roll_tau,r_hip_yaw_q,r_hip_yaw_dq,r_hip_yaw_tau,r_hip_roll_q,r_hip_roll_dq,r_hip_roll_tau,r_hip_pitch_q,r_hip_pitch_dq,r_hip_pitch_tau,r_knee_q,r_knee_dq,r_knee_tau,r_ankle_pitch_q,r_ankle_pitch_dq,r_ankle_pitch_tau,r_ankle_roll_q,r_ankle_roll_dq,r_ankle_roll_tau,l_ankle_motorA_tau,l_ankle_motorB_tau,l_ankle_motorA_w,l_ankle_motorB_w,com_ref_x,com_ref_y,zmp_ref_x,zmp_ref_y,contact_l,contact_r
0,-0,0,-0.0130199,0,0,0.573885,-0.552046,-0.00472149,-0.859235,1.0064,-0.000920662,-14.7856,-0.454349,0.00564215,-1.56824,0,0,1.21629e-20,-0,0,0.0130199,0,0,-0.573885,-0.552046,-0.00472149,-0.859235,1.0064,-0.000920662,-14.7856,-0.454349,0.00564215,-1.56824,0,0,1.21629e-20,-0.784118,-0.784118,0.00564215,0.00564215,0,0,0,0,True,True
0.005,-0,0,-0.0121662,0,0,0.573885,-0.55207,-0.00265711,-0.836021,1.00639,-0.00051814,-14.7301,-0.454321,0.00317525,-1.4734,0,0,5.55344e-17,-0,0,0.0121662,0,0,-0.573885,-0.55207,-0.00265711,-0.836021,1.00639,-0.00051814,-14.7301,-0.454321,0.00317525,-1.4734,0,0,-5.54879e-17,-0.736702,-0.736702,0.00317525,0.00317525,-2.26302e-07,-8.86907e-26,0,0,True,True
0.01,-0,0,-0.00424374,0,0,0.573885,-0.552073,-0.00086345,-0.620605,1.00639,-0.000168435,-14.2105,-0.454317,0.00103189,-0.581203,0,0,4.29706e-20,-0,0,0.00424374,0,0,-0.573885,-0.552073,-0.00086345,-0.620605,1.00639,-0.000168435,-14.2105,-0.454317,0.00103189,-0.581203,0,0,4.29706e-20,-0.290601,-0.290601,0.00103189,0.00103189,-1.58045e-06,-6.84871e-25,0,0,True,True
0.015,-0,0,0.00227814,0,0,0.573885,-0.552079,-0.00131133,-0.443271,1.00639,-0.000255838,-13.7828,-0.454311,0.00156717,0.153088,0,0,5.79178e-20,-0,0,-0.00227814,0,0,-0.573885,-0.552079,-0.00131133,-0.443271,1.00639,-0.000255838,-13.7828,-0.454311,0.00156717,0.153088,0,0,5.79178e-20,0.076544,0.076544,0.00156717,0.00156717,-4.18119e-06,-2.17919e-24,0,0,True,True
0.02,-0,0,0.00132238,0,0,0.573885,-0.552086,-0.0015858,-0.469259,1.00639,-0.000309439,-13.8456,-0.454302,0.00189523,0.0450145,0,0,5.55798e-17,-0,0,-0.00132238,0,0,-0.573885,-0.552086,-0.0015858,-0.469259,1.00639,-0.000309439,-13.8456,-0.454302,0.00189523,0.0450145,0,0,-5.54425e-17,0.0225073,0.0225073,0.00189523,0.00189523,-7.59414e-06,-4.85133e-24,0,0,True,True
0.025,-0,0,0.00066121,0,0,0.573885,-0.552095,-0.00173059,-0.487236,1.00639,-0.000337762,-13.8892,-0.454292,0.00206835,-0.0299307,0,0,7.61037e-20,-0,0,-0.00066121,0,0,-0.573885,-0.552095,-0.00173059,-0.487236,1.00639,-0.000337762,-13.8892,-0.454292,0.00206835,-0.0299307,0,0,7.61037e-20,-0.0149653,-0.0149653,0.00206835,0.00206835,-1.14531e-05,-8.89907e-24,0,0,True,True
0.03,-0,0,0.000257803,0,0,0.573885,-0.552103,-0.00179539,-0.498205,1.00638,-0.000350485,-13.9158,-0.454281,0.00214587,-0.0758694,0,0,8.11965e-20,-0,0,-0.000257803,0,0,-0.573885,-0.552103,-0.00179539,-0.498205,1.00638,-0.000350485,-13.9158,-0.454281,0.00214587,-0.0758694,0,0,8.11965e-20,-0.0379347,-0.0379347,0.00214587,0.00214587,-1.55298e-05,-1.44599e-23,0,0,True,True
0.035,-0,0,1.9689e-05,0,0,0.573885,-0.552112,-0.00181226,-0.50468,1.00638,-0.000353858,-13.9317,-0.45427,0.00216612,-0.1032,0,0,5.55957e-17,-0,0,-1.9689e-05,0,0,-0.573885,-0.552112,-0.00181226,-0.50468,1.00638,-0.000353858,-13.9317,-0.45427,0.00216612,-0.1032,0,0,-5.54266e-17,-0.0515999,-0.0515999,0.00216612,0.00216612,-1.96859e-05,-2.16268e-23,0,0,True,True
0.04,-0,0,-0.000114224,0,0,0.573885,-0.552122,-0.00180155,-0.508321,1.00638,-0.000351847,-13.9406,-0.454259,0.0021534,-0.118793,0,0,5.55978e-17,-0,0,0.000114224,0,0,-0.573885,-0.552122,-0.00180155,-0.508321,1.00638,-0.000351847,-13.9406,-0.454259,0.0021534,-0.118793,0,0,-5.54245e-17,-0.0593964,-0.0593964,0.0021534,0.0021534,-2.384e-05,-3.04604e-23,0,0,True,True
0.045,-0,0,-0.000183693,0,0,0.573885,-0.552131,-0.00177597,-0.51021,1.00638,-0.000346927,-13.9454,-0.454249,0.00212289,-0.127121,0,0,5.55989e-17,-0,0,0.000183693,0,0,-0.573885,-0.552131,-0.00177597,-0.51021,1.00638,-0.000346927,-13.9454,-0.454249,0.00212289,-0.127121,0,0,-5.54234e-17,-0.0635607,-0.0635607,0.00212289,0.00212289,-2.79471e-05,-4.09976e-23,0,0,True,True
0.05,-0,0,-0.000214295,0,0,0.573885,-0.552139,-0.00174324,-0.511042,1.00638,-0.000340608,-13.9476,-0.454238,0.00208385,-0.131064,0,0,8.82167e-20,-0,0,0.000214295,0,0,-0.573885,-0.552139,-0.00174324,-0.511042,1.00638,-0.000340608,-13.9476,-0.454238,0.00208385,-0.131064,0,0,8.82167e-20,-0.0655318,-0.0655318,0.00208385,0.00208385,-3.19841e-05,-5.32581e-23,0,0,True,True
0.055,-0,0,-0.000222256,0,0,0.573885,-0.552148,-0.00170795,-0.511258,1.00638,-0.000333786,-13.9483,-0.454228,0.00204174,-0.132446,0,0,5.55994e-17,-0,0,0.000222256,0,0,-0.573885,-0.552148,-0.00170795,-0.511258,1.00638,-0.000333786,-13.9483,-0.454228,0.00204174,-0.132446,0,0,-5.54229e-17,-0.0662228,-0.0662228,0.00204174,0.00204174,-3.59413e-05,-6.72492e-23,0,0,True,True
0.06,-0,0,-0.000217687,0,0,0.573885,-0.552156,-0.00167271,-0.511134,1.00637,-0.000326966,-13.9482,-0.454218,0.00199967,-0.132406,0,0,5.5599e-17,-0,0,0.000217687,0,0,-0.573885,-0.552156,-0.00167271,-0.511134,1.00637,-0.000326966,-13.9482,-0.454218,0.00199967,-0.132406,0,0,-5.54233e-17,-0.0662031,-0.0662031,0.00199967,0.00199967,-3.98167e-05,-8.29693e-23,0,0,True,True
0.065,-0,0,-0.000206749,0,0,0.573885,-0.552165,-0.00163887,-0.510837,1.00637,-0.000320419,-13.9476,-0.454208,0.00195929,-0.13164,0,0,5.55984e-17,-0,0,0.000206749,0,0,-0.573885,-0.552165,-0.00163887,-0.510837,1.00637,-0.000320419,-13.9476,-0.454208,0.00195929,-0.13164,0,0,-5.54239e-17,-0.0658199,-0.0658199,0.00195929,0.00195929,-4.36124e-05,-1.00411e-22,0,0,True,True
0.07,-0,0,-0.000193082,0,0,0.573885,-0.552173,-0.0016071,-0.510465,1.00637,-0.00031427,-13.9469,-0.454198,0.00192137,-0.130557,0,0,5.55977e-17,-0,0,0.000193082,0,0,-0.573885,-0.552173,-0.0016071,-0.510465,1.00637,-0.00031427,-13.9469,-0.454198,0.00192137,-0.130557,0,0,-5.54246e-17,-0.0652783,-0.0652783,0.00192137,0.00192137,-4.73328e-05,-1.19562e-22,0,0,True,True
0.075,-0,0,-0.000178742,0,0,0.573885,-0.552181,-0.0015776,-0.510075,1.00637,-0.000308563,-13.9462,-0.454189,0.00188617,-0.129389,0,0,5.55969e-17,-0,0,0.000178742,0,0,-0.573885,-0.552181,-0.0015776,-0.510075,1.00637,-0.000308563,-13.9462,-0.454189,0.00188617,-0.129389,0,0,-5.54254e-17,-0.0646945,-0.0646945,0.00188617,0.00188617,-5.09829e-05,-1.40407e-22,0,0,True,True
0.08,-0,0,-0.000164811,0,0,0.573885,-0.552189,-0.00155038,-0.509696,1.00637,-0.000303297,-13.9454,-0.454179,0.00185367,-0.128259,0,0,5.5596e-17,-0,0,0.000164811,0,0,-0.573885,-0.552189,-0.00155038,-0.509696,1.00637,-0.000303297,-13.9454,-0.454179,0.00185367,-0.128259,0,0,-5.54263e-17,-0.0641297,-0.0641297,0.00185367,0.00185367,-5.45682e-05,-1.62931e-22,0,0,True,True
0.085,-0,0,-0.000151791,0,0,0.573885,-0.552196,-0.0015253,-0.509342,1.00637,-0.000298448,-13.9447,-0.45417,0.00182375,-0.127225,0,0,5.55951e-17,-0,0,0.000151791,0,0,-0.573885,-0.552196,-0.0015253,-0.509342,1.00637,-0.000298448,-13.9447,-0.45417,0.00182375,-0.127225,0,0,-5.54272e-17,-0.0636126,-0.0636126,0.00182375,0.00182375,-5.80936e-05,-1.87116e-22,0,0,True,True
0.09,-0,0,-0.000139848,0,0,0.573885,-0.552204,-0.0015022,-0.509018,1.00636,-0.000293985,-13.9441,-0.454161,0.00179619,-0.126306,0,0,5.55942e-17,-0,0,0.000139848,0,0,-0.573885,-0.552204,-0.0015022,-0.509018,1.00636,-0.000293985,-13.9441,-0.454161,0.00179619,-0.126306,0,0,-5.54281e-17,-0.0631528,-0.0631528,0.00179619,0.00179619,-6.1564e-05,-2.12944e-22,0,0,True,True
0.095,-0,0,-0.000128968,0,0,0.573885,-0.552211,-0.00148092,-0.508722,1.00636,-0.000289872,-13.9436,-0.454152,0.00177079,-0.125499,0,0,5.55934e-17,-0,0,0.000128968,0,0,-0.573885,-0.552211,-0.00148092,-0.508722,1.00636,-0.000289872,-13.9436,-0.454152,0.00177079,-0.125499,0,0,-5.54289e-17,-0.0627497,-0.0627497,0.00177079,0.00177079,-6.49836e-05,-2.40398e-22,0,0,True,True
0.1,-0,0,-0.000119048,0,0,0.573885,-0.552219,-0.00146127,-0.508452,1.00636,-0.000286079,-13.9431,-0.454143,0.00174735,-0.124796,0,0,5.55925e-17,-0,0,0.000119048,0,0,-0.573885,-0.552219,-0.00146127,-0.508452,1.00636,-0.000286079,-13.9431,-0.454143,0.00174735,-0.124796,0,0,-5.54298e-17,-0.0623978,-0.0623978,0.00174735,0.00174735,-6.83565e-05,-2.69461e-22,0,0,True,True
0.105,-0,0,-0.00010995,0,0,0.573885,-0.552226,-0.00144313,-0.508205,1.00636,-0.000282579,-13.9426,-0.454135,0.00172571,-0.124179,0,0,5.55917e-17,-0,0,0.00010995,0,0,-0.573885,-0.552226,-0.00144313,-0.508205,1.00636,-0.000282579,-13.9426,-0.454135,0.00172571,-0.124179,0,0,-5.54306e-17,-0.0620896,-0.0620896,0.00172571,0.00172571,-7.16861e-05,-3.00115e-22,0,0,True,True
0.11,-0,0,-0.000101534,0,0,0.573885,-0.552233,-0.00142637,-0.507976,1.00636,-0.000279347,-13.9422,-0.454126,0.00170572,-0.123635,0,0,5.55909e-17,-0,0,0.000101534,0,0,-0.573885,-0.552233,-0.00142637,-0.507976,1.00636,-0.000279347,-13.9422,-0.454126,0.00170572,-0.123635,0,0,-5.54314e-17,-0.0618174,-0.0618174,0.00170572,0.00170572,-7.49759e-05,-3.32346e-22,0,0,True,True
0.115,-0,0,-9.36709e-05,0,0,0.573885,-0.55224,-0.0014109,-0.507762,1.00636,-0.000276365,-13.9419,-0.454117,0.00168726,-0.123148,0,0,5.55902e-17,-0,0,9.36709e-05,0,0,-0.573885,-0.55224,-0.0014109,-0.507762,1.00636,-0.000276365,-13.9419,-0.454117,0.00168726,-0.123148,0,0,-5.54321e-17,-0.061574,-0.061574,0.00168726,0.00168726,-7.82288e-05,-3.66137e-22,0,0,True,True
0.12,-0,0,-8.62481e-05,0,0,0.573885,-0.552247,-0.00139663,-0.50756,1.00636,-0.000273619,-13.9415,-0.454109,0.00167025,-0.122707,0,0,5.55896e-17,-0,0,8.62481e-05,0,0,-0.573885,-0.552247,-0.00139663,-0.50756,1.00636,-0.000273619,-13.9415,-0.454109,0.00167025,-0.122707,0,0,-5.54327e-17,-0.0613533,-0.0613533,0.00167025,0.00167025,-8.14478e-05,-4.01476e-22,0,0,True,True
0.125,-0,0,-7.91736e-05,0,0,0.573885,-0.552254,-0.00138351,-0.507368,1.00635,-0.000271096,-13.9412,-0.454101,0.00165461,-0.122301,0,0,7.77912e-20,-0,0,7.91736e-05,0,0,-0.573885,-0.552254,-0.00138351,-0.507368,1.00635,-0.000271096,-13.9412,-0.454101,0.00165461,-0.122301,0,0,7.77912e-20,-0.0611503,-0.0611503,0.00165461,0.00165461,-8.46354e-05,-4.38349e-22,0,0,True,True
0.13,-0,0,-7.23734e-05,0,0,0.573885,-0.552261,-0.00137149,-0.507183,1.00635,-0.000268786,-13.9409,-0.454093,0.00164028,-0.121922,0,0,5.55884e-17,-0,0,7.23734e-05,0,0,-0.573885,-0.552261,-0.00137149,-0.507183,1.00635,-0.000268786,-13.9409,-0.454093,0.00164028,-0.121922,0,0,-5.54339e-17,-0.060961,-0.060961,0.00164028,0.00164028,-8.77942e-05,-4.76744e-22,0,0,True,True
0.135,-0,0,-6.57897e-05,0,0,0.573885,-0.552268,-0.00136053,-0.507004,1.00635,-0.000266683,-13.9406,-0.454084,0.00162721,-0.121565,0,0,7.67314e-20,-0,0,6.57897e-05,0,0,-0.573885,-0.552268,-0.00136053,-0.507004,1.00635,-0.000266683,-13.9406,-0.454084,0.00162721,-0.121565,0,0,7.67314e-20,-0.0607823,-0.0607823,0.00162721,0.00162721,-9.09268e-05,-5.16651e-22,0,0,True,True
0.14,-0,0,-5.93783e-05,0,0,0.573885,-0.552275,-0.0013506,-0.50683,1.00635,-0.000264781,-13.9404,-0.454076,0.00161538,-0.121224,0,0,7.62855e-20,-0,0,5.93783e-05,0,0,-0.573885,-0.552275,-0.0013506,-0.50683,1.00635,-0.000264781,-13.9404,-0.454076,0.00161538,-0.121224,0,0,7.62855e-20,-0.0606118,-0.0606118,0.00161538,0.00161538,-9.40355e-05,-5.58059e-22,0,0,True,True
0.145,-0,0,-5.31056e-05,0,0,0.573885,-0.552281,-0.00134167,-0.506659,1.00635,-0.000263074,-13.9401,-0.454068,0.00160474,-0.120896,0,0,7.5896e-20,-0,0,5.31056e-05,0,0,-0.573885,-0.552281,-0.00134167,-0.506659,1.00635,-0.000263074,-13.9401,-0.454068,0.00160474,-0.120896,0,0,7.5896e-20,-0.0604478,-0.0604478,0.00160474,0.00160474,-9.71226e-05,-6.0096e-22,0,0,True,True
0.15,-0,0,-4.69467e-05,0,0,0.573885,-0.552288,-0.00133372,-0.506492,1.00635,-0.00026156,-13.9399,-0.45406,0.00159528,-0.120578,0,0,7.55627e-20,-0,0,4.69467e-05,0,0,-0.573885,-0.552288,-0.00133372,-0.506492,1.00635,-0.00026156,-13.9399,-0.45406,0.00159528,-0.120578,0,0,7.55627e-20,-0.060289,-0.060289,0.00159528,0.00159528,-0.00010019,-6.45347e-22,0,0,True,True
0.155,-0,0,-4.08833e-05,0,0,0.573885,-0.552295,-0.00132675,-0.506327,1.00635,-0.000260235,-13.9396,-0.454052,0.00158698,-0.120269,0,0,5.55864e-17,-0,0,4.08833e-05,0,0,-0.573885,-0.552295,-0.00132675,-0.506327,1.00635,-0.000260235,-13.9396,-0.454052,0.00158698,-0.120269,0,0,-5.54359e-17,-0.0601346,-0.0601346,0.00158698,0.00158698,-0.000103241,-6.91213e-22,0,0,True,True
0.16,-0,0,-3.49019e-05,0,0,0.573885,-0.552301,-0.00132073,-0.506164,1.00635,-0.000259096,-13.9394,-0.454044,0.00157982,-0.119968,0,0,5.55862e-17,-0,0,3.49019e-05,0,0,-0.573885,-0.552301,-0.00132073,-0.506164,1.00635,-0.000259096,-13.9394,-0.454044,0.00157982,-0.119968,0,0,-5.54361e-17,-0.0599839,-0.0599839,0.00157982,0.00157982,-0.000106277,-7.38552e-22,0,0,True,True
0.165,-0,0,-2.89926e-05,0,0,0.573885,-0.552308,-0.00131565,-0.506003,1.00634,-0.000258142,-13.9391,-0.454036,0.00157379,-0.119673,0,0,5.5586e-17,-0,0,2.89926e-05,0,0,-0.573885,-0.552308,-0.00131565,-0.506003,1.00634,-0.000258142,-13.9391,-0.454036,0.00157379,-0.119673,0,0,-5.54363e-17,-0.0598364,-0.0598364,0.00157379,0.00157379,-0.0001093,-7.87361e-22,0,0,True,True
0.17,-0,0,-2.3148e-05,0,0,0.573885,-0.552314,-0.0013115,-0.505845,1.00634,-0.00025737,-13.9389,-0.454029,0.00156887,-0.119384,0,0,5.55859e-17,-0,0,2.3148e-05,0,0,-0.573885,-0.552314,-0.0013115,-0.505845,1.00634,-0.00025737,-13.9389,-0.454029,0.00156887,-0.119384,0,0,-5.54364e-17,-0.059692,-0.059692,0.00156887,0.00156887,-0.000112313,-8.37636e-22,0,0,True,True
0.175,-0,0,-1.73627e-05,0,0,0.573885,-0.552321,-0.00130827,-0.505687,1.00634,-0.000256778,-13.9386,-0.454021,0.00156505,-0.119101,0,0,7.47309e-20,-0,0,1.73627e-05,0,0,-0.573885,-0.552321,-0.00130827,-0.505687,1.00634,-0.000256778,-13.9386,-0.454021,0.00156505,-0.119101,0,0,7.47309e-20,-0.0595504,-0.0595504,0.00156505,0.00156505,-0.000115318,-8.89375e-22,0,0,True,True
0.18,-0,0,-1.16326e-05,0,0,0.573885,-0.552328,-0.00130595,-0.505531,1.00634,-0.000256365,-13.9384,-0.454013,0.00156232,-0.118823,0,0,7.4729e-20,-0,0,1.16326e-05,0,0,-0.573885,-0.552328,-0.00130595,-0.505531,1.00634,-0.000256365,-13.9384,-0.454013,0.00156232,-0.118823,0,0,7.4729e-20,-0.0594115,-0.0594115,0.00156232,0.00156232,-0.000118316,-9.42578e-22,0,0,True,True
0.185,-0,0,-5.95411e-06,0,0,0.573885,-0.552334,-0.00130454,-0.505377,1.00634,-0.00025613,-13.9382,-0.454005,0.00156067,-0.11855,0,0,5.55859e-17,-0,0,5.95411e-06,0,0,-0.573885,-0.552334,-0.00130454,-0.505377,1.00634,-0.00025613,-13.9382,-0.454005,0.00156067,-0.11855,0,0,-5.54364e-17,-0.0592752,-0.0592752,0.00156067,0.00156067,-0.000121309,-9.97243e-22,0,0,True,True
0.19,-0,0,-3.24501e-07,0,0,0.573885,-0.552341,-0.00130403,-0.505224,1.00634,-0.00025607,-13.9379,-0.453997,0.0015601,-0.118283,0,0,7.48865e-20,-0,0,3.24501e-07,0,0,-0.573885,-0.552341,-0.00130403,-0.505224,1.00634,-0.00025607,-13.9379,-0.453997,0.0015601,-0.118283,0,0,7.48865e-20,-0.0591416,-0.0591416,0.0015601,0.0015601,-0.000124301,-1.05337e-21,0,0,True,True
0.195,-0,0,5.25879e-06,0,0,0.573885,-0.552347,-0.0013044,-0.505072,1.00634,-0.000256185,-13.9377,-0.45399,0.00156059,-0.118021,0,0,5.55862e-17,-0,0,-5.25879e-06,0,0,-0.573885,-0.552347,-0.0013044,-0.505072,1.00634,-0.000256185,-13.9377,-0.45399,0.00156059,-0.118021,0,0,-5.54361e-17,-0.0590105,-0.0590105,0.00156059,0.00156059,-0.000127293,-1.11097e-21,0,0,True,True
0.2,-0,0,1.07981e-05,0,0,0.573885,-0.552354,-0.00130565,-0.504922,1.00634,-0.000256473,-13.9375,-0.453982,0.00156213,-0.117764,0,0,5.55864e-17,-0,0,-1.07981e-05,0,0,-0.573885,-0.552354,-0.00130565,-0.504922,1.00634,-0.000256473,-13.9375,-0.453982,0.00156213,-0.117764,0,0,-5.54359e-17,-0.0588821,-0.0588821,0.00156213,0.00156213,-0.000130286,-1.17004e-21,0,0,True,True
0.205,-0,0,1.62958e-05,0,0,0.573885,-0.55236,-0.00130778,-0.504772,1.00633,-0.000256932,-13.9373,-0.453974,0.00156471,-0.117512,0,0,5.55867e-17,-0,0,-1.62958e-05,0,0,-0.573885,-0.55236,-0.00130778,-0.504772,1.00633,-0.000256932,-13.9373,-0.453974,0.00156471,-0.117512,0,0,-5.54356e-17,-0.0587562,-0.0587562,0.00156471,0.00156471,-0.000133284,-1.23058e-21,0,0,True,True
0.21,-0,0,2.1754e-05,0,0,0.573885,-0.552367,-0.00131078,-0.504624,1.00633,-0.000257563,-13.9371,-0.453966,0.00156834,-0.117266,0,0,7.58369e-20,-0,0,-2.1754e-05,0,0,-0.573885,-0.552367,-0.00131078,-0.504624,1.00633,-0.000257563,-13.9371,-0.453966,0.00156834,-0.117266,0,0,7.58369e-20,-0.058633,-0.058633,0.00156834,0.00156834,-0.000136287,-1.2926e-21,0,0,True,True
0.215,-0,0,2.71751e-05,0,0,0.573885,-0.552373,-0.00131464,-0.504476,1.00633,-0.000258363,-13.9368,-0.453958,0.001573,-0.117025,0,0,7.62051e-20,-0,0,-2.71751e-05,0,0,-0.573885,-0.552373,-0.00131464,-0.504476,1.00633,-0.000258363,-13.9368,-0.453958,0.001573,-0.117025,0,0,7.62051e-20,-0.0585123,-0.0585123,0.001573,0.001573,-0.000139298,-1.3561e-21,0,0,True,True
0.22,-0,0,3.25613e-05,0,0,0.573885,-0.55238,-0.00131935,-0.50433,1.00633,-0.000259331,-13.9366,-0.45395,0.00157868,-0.116788,0,0,7.66249e-20,-0,0,-3.25613e-05,0,0,-0.573885,-0.55238,-0.00131935,-0.50433,1.00633,-0.000259331,-13.9366,-0.45395,0.00157868,-0.116788,0,0,7.66249e-20,-0.0583942,-0.0583942,0.00157868,0.00157868,-0.000142319,-1.4211e-21,0,0,True,True
0.225,-0,0,3.79151e-05,0,0,0.573885,-0.552386,-0.00132491,-0.504184,1.00633,-0.000260468,-13.9364,-0.453942,0.00158538,-0.116557,0,0,7.70962e-20,-0,0,-3.79151e-05,0,0,-0.573885,-0.552386,-0.00132491,-0.504184,1.00633,-0.000260468,-13.9364,-0.453942,0.00158538,-0.116557,0,0,7.70962e-20,-0.0582786,-0.0582786,0.00158538,0.00158538,-0.000145352,-1.4876e-21,0,0,True,True
0.23,-0,0,4.32389e-05,0,0,0.573885,-0.552393,-0.00133132,-0.504039,1.00633,-0.000261771,-13.9362,-0.453935,0.00159309,-0.116331,0,0,7.76187e-20,-0,0,-4.32389e-05,0,0,-0.573885,-0.552393,-0.00133132,-0.504039,1.00633,-0.000261771,-13.9362,-0.453935,0.00159309,-0.116331,0,0,7.76187e-20,-0.0581655,-0.0581655,0.00159309,0.00159309,-0.000148399,-1.5556e-21,0,0,True,True
0.235,-0,0,4.85351e-05,0,0,0.573885,-0.5524,-0.00133857,-0.503895,1.00633,-0.00026324,-13.936,-0.453927,0.00160181,-0.11611,0,0,5.55893e-17,-0,0,-4.85351e-05,0,0,-0.573885,-0.5524,-0.00133857,-0.503895,1.00633,-0.00026324,-13.936,-0.453927,0.00160181,-0.11611,0,0,-5.5433e-17,-0.058055,-0.058055,0.00160181,0.00160181,-0.000151462,-1.62513e-21,0,0,True,True
0.24,-0,0,5.38062e-05,0,0,0.573885,-0.552406,-0.00134666,-0.503752,1.00632,-0.000264875,-13.9358,-0.453919,0.00161153,-0.115894,0,0,5.559e-17,-0,0,-5.38062e-05,0,0,-0.573885,-0.552406,-0.00134666,-0.503752,1.00632,-0.000264875,-13.9358,-0.453919,0.00161153,-0.115894,0,0,-5.54323e-17,-0.057947,-0.057947,0.00161153,0.00161153,-0.000154542,-1.69619e-21,0,0,True,True
0.245,-0,0,5.90548e-05,0,0,0.573885,-0.552413,-0.00135558,-0.503609,1.00632,-0.000266674,-13.9356,-0.45391,0.00162225,-0.115683,0,0,5.55906e-17,-0,0,-5.90548e-05,0,0,-0.573885,-0.552413,-0.00135558,-0.503609,1.00632,-0.000266674,-13.9356,-0.45391,0.00162225,-0.115683,0,0,-5.54317e-17,-0.0578414,-0.0578414,0.00162225,0.00162225,-0.000157642,-1.7688e-21,0,0,True,True
0.25,-0,0,6.42835e-05,0,0,0.573885,-0.55242,-0.00136533,-0.503467,1.00632,-0.000268637,-13.9354,-0.453902,0.00163396,-0.115477,0,0,8.02189e-20,-0,0,-6.42835e-05,0,0,-0.573885,-0.55242,-0.00136533,-0.503467,1.00632,-0.000268637,-13.9354,-0.453902,0.00163396,-0.115477,0,0,8.02189e-20,-0.0577383,-0.0577383,0.00163396,0.00163396,-0.000160763,-1.84296e-21,0,0,True,True
0.255,-0,0,6.94948e-05,0,0,0.573885,-0.552427,-0.0013759,-0.503325,1.00632,-0.000270763,-13.9352,-0.453894,0.00164667,-0.115275,0,0,5.55921e-17,-0,0,-6.94948e-05,0,0,-0.573885,-0.552427,-0.0013759,-0.503325,1.00632,-0.000270763,-13.9352,-0.453894,0.00164667,-0.115275,0,0,-5.54302e-17,-0.0576376,-0.0576376,0.00164667,0.00164667,-0.000163907,-1.9187e-21,0,0,True,True
0.26,-0,0,7.46913e-05,0,0,0.573885,-0.552434,-0.0013873,-0.503184,1.00632,-0.000273053,-13.9351,-0.453886,0.00166036,-0.115079,0,0,8.18237e-20,-0,0,-7.46913e-05,0,0,-0.573885,-0.552434,-0.0013873,-0.503184,1.00632,-0.000273053,-13.9351,-0.453886,0.00166036,-0.115079,0,0,8.18237e-20,-0.0575393,-0.0575393,0.00166036,0.00166036,-0.000167077,-1.99602e-21,0,0,True,True
0.265,-0,0,7.98757e-05,0,0,0.573885,-0.552441,-0.00139952,-0.503043,1.00632,-0.000275506,-13.9349,-0.453877,0.00167503,-0.114887,0,0,8.27022e-20,-0,0,-7.98757e-05,0,0,-0.573885,-0.552441,-0.00139952,-0.503043,1.00632,-0.000275506,-13.9349,-0.453877,0.00167503,-0.114887,0,0,8.27022e-20,-0.0574433,-0.0574433,0.00167503,0.00167503,-0.000170274,-2.07494e-21,0,0,True,True
0.27,-0,0,8.50506e-05,0,0,0.573885,-0.552448,-0.00141256,-0.502902,1.00632,-0.000278122,-13.9347,-0.453869,0.00169069,-0.114699,0,0,8.36315e-20,-0,0,-8.50506e-05,0,0,-0.573885,-0.552448,-0.00141256,-0.502902,1.00632,-0.000278122,-13.9347,-0.453869,0.00169069,-0.114699,0,0,8.36315e-20,-0.0573496,-0.0573496,0.00169069,0.00169069,-0.0001735,-2.15549e-21,0,0,True,True
0.275,-0,0,9.02187e-05,0,0,0.573885,-0.552455,-0.00142642,-0.502762,1.00632,-0.0002809,-13.9345,-0.453861,0.00170732,-0.114516,0,0,8.46116e-20,-0,0,-9.02187e-05,0,0,-0.573885,-0.552455,-0.00142642,-0.502762,1.00632,-0.0002809,-13.9345,-0.453861,0.00170732,-0.114516,0,0,8.46116e-20,-0.0572582,-0.0572582,0.00170732,0.00170732,-0.000176757,-2.23768e-21,0,0,True,True
0.28,-0,0,9.53825e-05,0,0,0.573885,-0.552462,-0.0014411,-0.502622,1.00631,-0.000283841,-13.9343,-0.453852,0.00172494,-0.114338,0,0,5.55968e-17,-0,0,-9.53825e-05,0,0,-0.573885,-0.552462,-0.0014411,-0.502622,1.00631,-0.000283841,-13.9343,-0.453852,0.00172494,-0.114338,0,0,-5.54255e-17,-0.0571691,-0.0571691,0.00172494,0.00172494,-0.000180047,-2.32152e-21,0,0,True,True
0.285,-0,0,0.000100545,0,0,0.573885,-0.552469,-0.00145659,-0.502481,1.00631,-0.000286944,-13.9341,-0.453843,0.00174354,-0.114164,0,0,5.55979e-17,-0,0,-0.000100545,0,0,-0.573885,-0.552469,-0.00145659,-0.502481,1.00631,-0.000286944,-13.9341,-0.453843,0.00174354,-0.114164,0,0,-5.54244e-17,-0.0570822,-0.0570822,0.00174354,0.00174354,-0.000183372,-2.40704e-21,0,0,True,True
0.29,-0,0,0.000105708,0,0,0.573885,-0.552477,-0.0014729,-0.502341,1.00631,-0.000290209,-13.9339,-0.453835,0.00176311,-0.113995,0,0,8.7858e-20,-0,0,-0.000105708,0,0,-0.573885,-0.552477,-0.0014729,-0.502341,1.00631,-0.000290209,-13.9339,-0.453835,0.00176311,-0.113995,0,0,8.7858e-20,-0.0569974,-0.0569974,0.00176311,0.00176311,-0.000186733,-2.49426e-21,0,0,True,True
0.295,-0,0,0.000110875,0,0,0.573885,-0.552484,-0.00149003,-0.5022,1.00631,-0.000293638,-13.9338,-0.453826,0.00178367,-0.11383,0,0,5.56002e-17,-0,0,-0.000110875,0,0,-0.573885,-0.552484,-0.00149003,-0.5022,1.00631,-0.000293638,-13.9338,-0.453826,0.00178367,-0.11383,0,0,-5.54221e-17,-0.0569148,-0.0569148,0.00178367,0.00178367,-0.000190132,-2.58321e-21,0,0,True,True
0.3,-0,0,0.000116048,0,0,0.573885,-0.552492,-0.00150798,-0.50206,1.00631,-0.000297229,-13.9336,-0.453817,0.0018052,-0.113669,0,0,5.56014e-17,-0,0,-0.000116048,0,0,-0.573885,-0.552492,-0.00150798,-0.50206,1.00631,-0.000297229,-13.9336,-0.453817,0.0018052,-0.113669,0,0,-5.54209e-17,-0.0568344,-0.0568344,0.0018052,0.0018052,-0.000193572,-2.6739e-21,0,0,True,True
0.305,-0,0,0.00012123,0,0,0.573885,-0.552499,-0.00152674,-0.501919,1.00631,-0.000300985,-13.9334,-0.453808,0.00182772,-0.113512,0,0,9.15667e-20,-0,0,-0.00012123,0,0,-0.573885,-0.552499,-0.00152674,-0.501919,1.00631,-0.000300985,-13.9334,-0.453808,0.00182772,-0.113512,0,0,9.15667e-20,-0.056756,-0.056756,0.00182772,0.00182772,-0.000197054,-2.76636e-21,0,0,True,True
0.31,-0,0,0.000126423,0,0,0.573885,-0.552507,-0.00154632,-0.501777,1.00631,-0.000304903,-13.9332,-0.453798,0.00185123,-0.113359,0,0,5.56041e-17,-0,0,-0.000126423,0,0,-0.573885,-0.552507,-0.00154632,-0.501777,1.00631,-0.000304903,-13.9332,-0.453798,0.00185123,-0.113359,0,0,-5.54182e-17,-0.0566796,-0.0566796,0.00185123,0.00185123,-0.00020058,-2.86061e-21,0,0,True,True
0.315,-0,0,0.000131631,0,0,0.573885,-0.552515,-0.00156673,-0.501636,1.0063,-0.000308987,-13.9331,-0.453789,0.00187572,-0.113211,0,0,9.42991e-20,-0,0,-0.000131631,0,0,-0.573885,-0.552515,-0.00156673,-0.501636,1.0063,-0.000308987,-13.9331,-0.453789,0.00187572,-0.113211,0,0,9.42991e-20,-0.0566053,-0.0566053,0.00187572,0.00187572,-0.000204152,-2.95668e-21,0,0,True,True
0.32,-0,0,0.000136855,0,0,0.573885,-0.552522,-0.00158796,-0.501494,1.0063,-0.000313235,-13.9329,-0.45378,0.0019012,-0.113066,0,0,9.57441e-20,-0,0,-0.000136855,0,0,-0.573885,-0.552522,-0.00158796,-0.501494,1.0063,-0.000313235,-13.9329,-0.45378,0.0019012,-0.113066,0,0,9.57441e-20,-0.056533,-0.056533,0.0019012,0.0019012,-0.000207772,-3.05461e-21,0,0,True,True
0.325,-0,0,0.000142098,0,0,0.573885,-0.55253,-0.00161002,-0.501351,1.0063,-0.00031765,-13.9327,-0.45377,0.00192767,-0.112925,0,0,9.7242e-20,-0,0,-0.000142098,0,0,-0.573885,-0.55253,-0.00161002,-0.501351,1.0063,-0.00031765,-13.9327,-0.45377,0.00192767,-0.112925,0,0,9.7242e-20,-0.0564627,-0.0564627,0.00192767,0.00192767,-0.000211442,-3.15441e-21,0,0,True,True
0.33,-0,0,0.000147364,0,0,0.573885,-0.552539,-0.00163291,-0.501208,1.0063,-0.000322231,-13.9326,-0.45376,0.00195515,-0.112789,0,0,5.56099e-17,-0,0,-0.000147364,0,0,-0.573885,-0.552539,-0.00163291,-0.501208,1.0063,-0.000322231,-13.9326,-0.45376,0.00195515,-0.112789,0,0,-5.54124e-17,-0.0563943,-0.0563943,0.00195515,0.00195515,-0.000215163,-3.25612e-21,0,0,True,True
0.335,-0,0,0.000152653,0,0,0.573885,-0.552547,-0.00165664,-0.501064,1.0063,-0.000326979,-13.9324,-0.453751,0.00198362,-0.112656,0,0,5.56115e-17,-0,0,-0.000152653,0,0,-0.573885,-0.552547,-0.00165664,-0.501064,1.0063,-0.000326979,-13.9324,-0.453751,0.00198362,-0.112656,0,0,-5.54108e-17,-0.0563278,-0.0563278,0.00198362,0.00198362,-0.000218938,-3.35976e-21,0,0,True,True
0.34,-0,0,0.00015797,0,0,0.573885,-0.552555,-0.0016812,-0.50092,1.0063,-0.000331896,-13.9322,-0.453741,0.0020131,-0.112526,0,0,5.56132e-17,-0,0,-0.00015797,0,0,-0.573885,-0.552555,-0.0016812,-0.50092,1.0063,-0.000331896,-13.9322,-0.453741,0.0020131,-0.112526,0,0,-5.54091e-17,-0.0562631,-0.0562631,0.0020131,0.0020131,-0.000222768,-3.46537e-21,0,0,True,True
0.345,-0,0,0.000163316,0,0,0.573885,-0.552564,-0.00170661,-0.500774,1.00629,-0.000336982,-13.9321,-0.45373,0.00204359,-0.112401,0,0,5.56149e-17,-0,0,-0.000163316,0,0,-0.573885,-0.552564,-0.00170661,-0.500774,1.00629,-0.000336982,-13.9321,-0.45373,0.00204359,-0.112401,0,0,-5.54074e-17,-0.0562004,-0.0562004,0.00204359,0.00204359,-0.000226656,-3.57299e-21,0,0,True,True
0.35,-0,0,0.000168695,0,0,0.573885,-0.552572,-0.00173286,-0.500628,1.00629,-0.000342239,-13.9319,-0.45372,0.0020751,-0.112279,0,0,1.0554e-19,-0,0,-0.000168695,0,0,-0.573885,-0.552572,-0.00173286,-0.500628,1.00629,-0.000342239,-13.9319,-0.45372,0.0020751,-0.112279,0,0,1.0554e-19,-0.0561394,-0.0561394,0.0020751,0.0020751,-0.000230603,-3.68264e-21,0,0,True,True
0.355,-0,0,0.000174108,0,0,0.573885,-0.552581,-0.00175997,-0.500481,1.00629,-0.000347667,-13.9317,-0.45371,0.00210764,-0.112161,0,0,5.56185e-17,-0,0,-0.000174108,0,0,-0.573885,-0.552581,-0.00175997,-0.500481,1.00629,-0.000347667,-13.9317,-0.45371,0.00210764,-0.112161,0,0,-5.54038e-17,-0.0560803,-0.0560803,0.00210764,0.00210764,-0.000234612,-3.79435e-21,0,0,True,True
0.36,-0,0,0.000179559,0,0,0.573885,-0.55259,-0.00178794,-0.500333,1.00629,-0.000353269,-13.9316,-0.453699,0.0021412,-0.112046,0,0,1.09246e-19,-0,0,-0.000179559,0,0,-0.573885,-0.55259,-0.00178794,-0.500333,1.00629,-0.000353269,-13.9316,-0.453699,0.0021412,-0.112046,0,0,1.09246e-19,-0.0560229,-0.0560229,0.0021412,0.0021412,-0.000238684,-3.90818e-21,0,0,True,True
0.365,-0,0,0.000185049,0,0,0.573885,-0.552599,-0.00181676,-0.500183,1.00629,-0.000359045,-13.9314,-0.453688,0.00217581,-0.111935,0,0,5.56223e-17,-0,0,-0.000185049,0,0,-0.573885,-0.552599,-0.00181676,-0.500183,1.00629,-0.000359045,-13.9314,-0.453688,0.00217581,-0.111935,0,0,-5.54e-17,-0.0559673,-0.0559673,0.00217581,0.00217581,-0.000242821,-4.02414e-21,0,0,True,True
0.37,-0,0,0.000190582,0,0,0.573885,-0.552608,-0.00184647,-0.500033,1.00629,-0.000364997,-13.9312,-0.453677,0.00221146,-0.111827,0,0,1.13178e-19,-0,0,-0.000190582,0,0,-0.573885,-0.552608,-0.00184647,-0.500033,1.00629,-0.000364997,-13.9312,-0.453677,0.00221146,-0.111827,0,0,1.13178e-19,-0.0559135,-0.0559135,0.00221146,0.00221146,-0.000247025,-4.14229e-21,0,0,True,True
0.375,-0,0,0.00019616,0,0,0.573885,-0.552617,-0.00187704,-0.499881,1.00628,-0.000371127,-13.9311,-0.453666,0.00224817,-0.111723,0,0,5.56264e-17,-0,0,-0.00019616,0,0,-0.573885,-0.552617,-0.00187704,-0.499881,1.00628,-0.000371127,-13.9311,-0.453666,0.00224817,-0.111723,0,0,-5.53959e-17,-0.0558613,-0.0558613,0.00224817,0.00224817,-0.000251299,-4.26265e-21,0,0,True,True
0.38,-0,0,0.000201786,0,0,0.573885,-0.552627,-0.00190851,-0.499728,1.00628,-0.000377436,-13.9309,-0.453655,0.00228594,-0.111622,0,0,5.56285e-17,-0,0,-0.000201786,0,0,-0.573885,-0.552627,-0.00190851,-0.499728,1.00628,-0.000377436,-13.9309,-0.453655,0.00228594,-0.111622,0,0,-5.53938e-17,-0.0558108,-0.0558108,0.00228594,0.00228594,-0.000255644,-4.38527e-21,0,0,True,True
0.385,-0,0,0.000207462,0,0,0.573885,-0.552636,-0.00194086,-0.499574,1.00628,-0.000383926,-13.9308,-0.453643,0.00232479,-0.111524,0,0,1.19512e-19,-0,0,-0.000207462,0,0,-0.573885,-0.552636,-0.00194086,-0.499574,1.00628,-0.000383926,-13.9308,-0.453643,0.00232479,-0.111524,0,0,1.19512e-19,-0.055762,-0.055762,0.00232479,0.00232479,-0.000260062,-4.5102e-21,0,0,True,True
0.39,-0,0,0.000213191,0,0,0.573885,-0.552646,-0.00197412,-0.499418,1.00628,-0.000390599,-13.9306,-0.453632,0.00236472,-0.11143,0,0,5.56329e-17,-0,0,-0.000213191,0,0,-0.573885,-0.552646,-0.00197412,-0.499418,1.00628,-0.000390599,-13.9306,-0.453632,0.00236472,-0.11143,0,0,-5.53894e-17,-0.0557148,-0.0557148,0.00236472,0.00236472,-0.000264556,-4.63747e-21,0,0,True,True
0.395,-0,0,0.000218975,0,0,0.573885,-0.552656,-0.00200828,-0.499261,1.00628,-0.000397457,-13.9304,-0.45362,0.00240574,-0.111338,0,0,1.24033e-19,-0,0,-0.000218975,0,0,-0.573885,-0.552656,-0.00200828,-0.499261,1.00628,-0.000397457,-13.9304,-0.45362,0.00240574,-0.111338,0,0,1.24033e-19,-0.0556692,-0.0556692,0.00240574,0.00240574,-0.000269127,-4.76712e-21,0,0,True,True
0.4,-0,0,0.000224818,0,0,0.573885,-0.552666,-0.00204337,-0.499102,1.00627,-0.000404501,-13.9303,-0.453608,0.00244787,-0.111251,0,0,5.56375e-17,-0,0,-0.000224818,0,0,-0.573885,-0.552666,-0.00204337,-0.499102,1.00627,-0.000404501,-13.9303,-0.453608,0.00244787,-0.111251,0,0,-5.53848e-17,-0.0556253,-0.0556253,0.00244787,0.00244787,-0.000273778,-4.89921e-21,0,0,True,True
0.405,-0,0,0.000230721,0,0,0.573885,-0.552677,-0.00207938,-0.498941,1.00627,-0.000411734,-13.9301,-0.453595,0.00249111,-0.111166,0,0,5.564e-17,-0,0,-0.000230721,0,0,-0.573885,-0.552677,-0.00207938,-0.498941,1.00627,-0.000411734,-13.9301,-0.453595,0.00249111,-0.111166,0,0,-5.53824e-17,-0.0555829,-0.0555829,0.00249111,0.00249111,-0.000278511,-5.03378e-21,0,0,True,True
0.41,-0,0,0.000236688,0,0,0.573885,-0.552687,-0.00211632,-0.498779,1.00627,-0.000419159,-13.9299,-0.453583,0.00253548,-0.111084,0,0,1.31278e-19,-0,0,-0.000236688,0,0,-0.573885,-0.552687,-0.00211632,-0.498779,1.00627,-0.000419159,-13.9299,-0.453583,0.00253548,-0.111084,0,0,1.31278e-19,-0.0555421,-0.0555421,0.00253548,0.00253548,-0.000283327,-5.17087e-21,0,0,True,True
0.415,-0,0,0.000242722,0,0,0.573885,-0.552698,-0.00215422,-0.498615,1.00627,-0.000426776,-13.9298,-0.45357,0.00258099,-0.111006,0,0,1.3382e-19,-0,0,-0.000242722,0,0,-0.573885,-0.552698,-0.00215422,-0.498615,1.00627,-0.000426776,-13.9298,-0.45357,0.00258099,-0.111006,0,0,1.3382e-19,-0.0555028,-0.0555028,0.00258099,0.00258099,-0.00028823,-5.31053e-21,0,0,True,True
0.42,-0,0,0.000248824,0,0,0.573885,-0.552709,-0.00219307,-0.498449,1.00627,-0.00043459,-13.9296,-0.453557,0.00262766,-0.11093,0,0,1.36426e-19,-0,0,-0.000248824,0,0,-0.573885,-0.552709,-0.00219307,-0.498449,1.00627,-0.00043459,-13.9296,-0.453557,0.00262766,-0.11093,0,0,1.36426e-19,-0.0554651,-0.0554651,0.00262766,0.00262766,-0.000293221,-5.45282e-21,0,0,True,True
0.425,-0,0,0.000254997,0,0,0.573885,-0.55272,-0.00223289,-0.498281,1.00626,-0.000442602,-13.9295,-0.453544,0.00267549,-0.110858,0,0,1.39099e-19,-0,0,-0.000254997,0,0,-0.573885,-0.55272,-0.00223289,-0.498281,1.00626,-0.000442602,-13.9295,-0.453544,0.00267549,-0.110858,0,0,1.39099e-19,-0.0554289,-0.0554289,0.00267549,0.00267549,-0.000298302,-5.59779e-21,0,0,True,True
0.43,-0,0,0.000261245,0,0,0.573885,-0.552731,-0.00227369,-0.498111,1.00626,-0.000450814,-13.9293,-0.45353,0.0027245,-0.110788,0,0,5.5653e-17,-0,0,-0.000261245,0,0,-0.573885,-0.552731,-0.00227369,-0.498111,1.00626,-0.000450814,-13.9293,-0.45353,0.0027245,-0.110788,0,0,-5.53693e-17,-0.0553942,-0.0553942,0.0027245,0.0027245,-0.000303476,-5.74549e-21,0,0,True,True
0.435,-0,0,0.00026757,0,0,0.573885,-0.552742,-0.00231548,-0.497939,1.00626,-0.000459231,-13.9291,-0.453516,0.00277471,-0.110722,0,0,5.56558e-17,-0,0,-0.00026757,0,0,-0.573885,-0.552742,-0.00231548,-0.497939,1.00626,-0.000459231,-13.9291,-0.453516,0.00277471,-0.110722,0,0,-5.53665e-17,-0.0553609,-0.0553609,0.00277471,0.00277471,-0.000308745,-5.89596e-21,0,0,True,True
0.44,-0,0,0.000273975,0,0,0.573885,-0.552754,-0.00235828,-0.497765,1.00626,-0.000467853,-13.929,-0.453502,0.00282613,-0.110658,0,0,5.56587e-17,-0,0,-0.000273975,0,0,-0.573885,-0.552754,-0.00235828,-0.497765,1.00626,-0.000467853,-13.929,-0.453502,0.00282613,-0.110658,0,0,-5.53636e-17,-0.0553291,-0.0553291,0.00282613,0.00282613,-0.000314111,-6.04927e-21,0,0,True,True
0.445,-0,0,0.000280462,0,0,0.573885,-0.552766,-0.00240209,-0.497589,1.00625,-0.000476685,-13.9288,-0.453488,0.00287878,-0.110598,0,0,5.56616e-17,-0,0,-0.000280462,0,0,-0.573885,-0.552766,-0.00240209,-0.497589,1.00625,-0.000476685,-13.9288,-0.453488,0.00287878,-0.110598,0,0,-5.53607e-17,-0.0552988,-0.0552988,0.00287878,0.00287878,-0.000319577,-6.20548e-21,0,0,True,True
0.45,-0,0,0.000287035,0,0,0.573885,-0.552778,-0.00244693,-0.49741,1.00625,-0.000485729,-13.9286,-0.453474,0.00293266,-0.11054,0,0,1.5348e-19,-0,0,-0.000287035,0,0,-0.573885,-0.552778,-0.00244693,-0.49741,1.00625,-0.000485729,-13.9286,-0.453474,0.00293266,-0.11054,0,0,1.5348e-19,-0.0552699,-0.0552699,0.00293266,0.00293266,-0.000325145,-6.36464e-21,0,0,True,True
0.455,-0,0,0.000293696,0,0,0.573885,-0.55279,-0.00249282,-0.497229,1.00625,-0.000494988,-13.9285,-0.453459,0.00298781,-0.110485,0,0,1.56567e-19,-0,0,-0.000293696,0,0,-0.573885,-0.55279,-0.00249282,-0.497229,1.00625,-0.000494988,-13.9285,-0.453459,0.00298781,-0.110485,0,0,1.56567e-19,-0.0552425,-0.0552425,0.00298781,0.00298781,-0.000330818,-6.5268e-21,0,0,True,True
0.46,-0,0,0.000300448,0,0,0.573885,-0.552803,-0.00253976,-0.497045,1.00625,-0.000504466,-13.9283,-0.453444,0.00304423,-0.110433,0,0,1.59728e-19,-0,0,-0.000300448,0,0,-0.573885,-0.552803,-0.00253976,-0.497045,1.00625,-0.000504466,-13.9283,-0.453444,0.00304423,-0.110433,0,0,1.59728e-19,-0.0552164,-0.0552164,0.00304423,0.00304423,-0.000336597,-6.69204e-21,0,0,True,True
0.465,-0,0,0.000307294,0,0,0.573885,-0.552816,-0.00258778,-0.496859,1.00624,-0.000514165,-13.9281,-0.453428,0.00310194,-0.110384,0,0,1.62963e-19,-0,0,-0.000307294,0,0,-0.573885,-0.552816,-0.00258778,-0.496859,1.00624,-0.000514165,-13.9281,-0.453428,0.00310194,-0.110384,0,0,1.62963e-19,-0.0551918,-0.0551918,0.00310194,0.00310194,-0.000342485,-6.86041e-21,0,0,True,True
0.47,-0,0,0.000314237,0,0,0.573885,-0.552829,-0.00263688,-0.49667,1.00624,-0.00052409,-13.928,-0.453413,0.00316097,-0.110337,0,0,1.66273e-19,-0,0,-0.000314237,0,0,-0.573885,-0.552829,-0.00263688,-0.49667,1.00624,-0.00052409,-13.928,-0.453413,0.00316097,-0.110337,0,0,1.66273e-19,-0.0551685,-0.0551685,0.00316097,0.00316097,-0.000348485,-7.03197e-21,0,0,True,True
0.475,-0,0,0.00032128,0,0,0.573885,-0.552842,-0.00268709,-0.496479,1.00624,-0.000534243,-13.9278,-0.453397,0.00322133,-0.110293,0,0,5.56808e-17,-0,0,-0.00032128,0,0,-0.573885,-0.552842,-0.00268709,-0.496479,1.00624,-0.000534243,-13.9278,-0.453397,0.00322133,-0.110293,0,0,-5.53415e-17,-0.0551466,-0.0551466,0.00322133,0.00322133,-0.000354599,-7.2068e-21,0,0,True,True
0.48,-0,0,0.000328426,0,0,0.573885,-0.552856,-0.00273841,-0.496284,1.00624,-0.000544628,-13.9276,-0.45338,0.00328304,-0.110252,0,0,5.56843e-17,-0,0,-0.000328426,0,0,-0.573885,-0.552856,-0.00273841,-0.496284,1.00624,-0.000544628,-13.9276,-0.45338,0.00328304,-0.110252,0,0,-5.5338e-17,-0.0551261,-0.0551261,0.00328304,0.00328304,-0.00036083,-7.38496e-21,0,0,True,True
0.485,-0,0,0.000335678,0,0,0.573885,-0.55287,-0.00279086,-0.496087,1.00623,-0.00055525,-13.9274,-0.453364,0.00334611,-0.110214,0,0,5.56878e-17,-0,0,-0.000335678,0,0,-0.573885,-0.55287,-0.00279086,-0.496087,1.00623,-0.00055525,-13.9274,-0.453364,0.00334611,-0.110214,0,0,-5.53345e-17,-0.055107,-0.055107,0.00334611,0.00334611,-0.000367181,-7.56651e-21,0,0,True,True
0.49,-0,0,0.000343038,0,0,0.573885,-0.552884,-0.00284447,-0.495887,1.00623,-0.000566111,-13.9273,-0.453347,0.00341058,-0.110178,0,0,1.80294e-19,-0,0,-0.000343038,0,0,-0.573885,-0.552884,-0.00284447,-0.495887,1.00623,-0.000566111,-13.9273,-0.453347,0.00341058,-0.110178,0,0,1.80294e-19,-0.0550891,-0.0550891,0.00341058,0.00341058,-0.000373653,-7.75152e-21,0,0,True,True
0.495,-0,0,0.000350511,0,0,0.573885,-0.552898,-0.00289925,-0.495684,1.00623,-0.000577217,-13.9271,-0.45333,0.00347646,-0.110145,0,0,1.84001e-19,-0,0,-0.000350511,0,0,-0.573885,-0.552898,-0.00289925,-0.495684,1.00623,-0.000577217,-13.9271,-0.45333,0.00347646,-0.110145,0,0,1.84001e-19,-0.0550727,-0.0550727,0.00347646,0.00347646,-0.000380251,-7.94007e-21,0,0,True,True
0.5,-0,0,0.000358099,0,0,0.573885,-0.552913,-0.00295521,-0.495477,1.00622,-0.00058857,-13.9269,-0.453312,0.00354378,-0.110115,0,0,1.87791e-19,-0,0,-0.000358099,0,0,-0.573885,-0.552913,-0.00295521,-0.495477,1.00622,-0.00058857,-13.9269,-0.453312,0.00354378,-0.110115,0,0,1.87791e-19,-0.0550575,-0.0550575,0.00354378,0.00354378,-0.000386975,-8.13223e-21,0,0,True,True
0.505,-0,0,0.000365805,0,0,0.573885,-0.552928,-0.00301237,-0.495268,1.00622,-0.000600175,-13.9267,-0.453294,0.00361255,-0.110087,0,0,1.91666e-19,-0,0,-0.000365805,0,0,-0.573885,-0.552928,-0.00301237,-0.495268,1.00622,-0.000600175,-13.9267,-0.453294,0.00361255,-0.110087,0,0,1.91666e-19,-0.0550437,-0.0550437,0.00361255,0.00361255,-0.00039383,-8.32807e-21,0,0,True,True
0.51,-0,0,0.000373632,0,0,0.573885,-0.552943,-0.00307076,-0.495055,1.00622,-0.000612037,-13.9265,-0.453276,0.0036828,-0.110062,0,0,5.57068e-17,-0,0,-0.000373632,0,0,-0.573885,-0.552943,-0.00307076,-0.495055,1.00622,-0.000612037,-13.9265,-0.453276,0.0036828,-0.110062,0,0,-5.53155e-17,-0.0550311,-0.0550311,0.0036828,0.0036828,-0.000400818,-8.52767e-21,0,0,True,True
0.515,-0,0,0.000381584,0,0,0.573885,-0.552958,-0.00313039,-0.494839,1.00622,-0.000624159,-13.9264,-0.453257,0.00375455,-0.11004,0,0,1.99677e-19,-0,0,-0.000381584,0,0,-0.573885,-0.552958,-0.00313039,-0.494839,1.00622,-0.000624159,-13.9264,-0.453257,0.00375455,-0.11004,0,0,1.99677e-19,-0.0550199,-0.0550199,0.00375455,0.00375455,-0.000407942,-8.73111e-21,0,0,True,True
0.52,-0,0,0.000389664,0,0,0.573885,-0.552974,-0.00319128,-0.494619,1.00621,-0.000636547,-13.9262,-0.453239,0.00382783,-0.11002,0,0,5.5715e-17,-0,0,-0.000389664,0,0,-0.573885,-0.552974,-0.00319128,-0.494619,1.00621,-0.000636547,-13.9262,-0.453239,0.00382783,-0.11002,0,0,-5.53073e-17,-0.05501,-0.05501,0.00382783,0.00382783,-0.000415205,-8.93847e-21,0,0,True,True
0.525,-0,0,0.000397875,0,0,0.573885,-0.55299,-0.00325345,-0.494396,1.00621,-0.000649205,-13.926,-0.453219,0.00390266,-0.110003,0,0,2.08046e-19,-0,0,-0.000397875,0,0,-0.573885,-0.55299,-0.00325345,-0.494396,1.00621,-0.000649205,-13.926,-0.453219,0.00390266,-0.110003,0,0,2.08046e-19,-0.0550014,-0.0550014,0.00390266,0.00390266,-0.000422609,-9.14982e-21,0,0,True,True
0.53,-0,0,0.000406221,0,0,0.573885,-0.553007,-0.00331693,-0.494169,1.00621,-0.000662138,-13.9258,-0.453199,0.00397907,-0.109988,0,0,2.12369e-19,-0,0,-0.000406221,0,0,-0.573885,-0.553007,-0.00331693,-0.494169,1.00621,-0.000662138,-13.9258,-0.453199,0.00397907,-0.109988,0,0,2.12369e-19,-0.054994,-0.054994,0.00397907,0.00397907,-0.000430158,-9.36525e-21,0,0,True,True
0.535,-0,0,0.000414704,0,0,0.573885,-0.553023,-0.00338173,-0.493938,1.0062,-0.000675351,-13.9256,-0.453179,0.00405708,-0.109976,0,0,5.57279e-17,-0,0,-0.000414704,0,0,-0.573885,-0.553023,-0.00338173,-0.493938,1.0062,-0.000675351,-13.9256,-0.453179,0.00405708,-0.109976,0,0,-5.52944e-17,-0.054988,-0.054988,0.00405708,0.00405708,-0.000437855,-9.58485e-21,0,0,True,True
0.54,-0,0,0.000423329,0,0,0.573885,-0.55304,-0.00344787,-0.493703,1.0062,-0.000688849,-13.9254,-0.453159,0.00413672,-0.109966,0,0,2.213e-19,-0,0,-0.000423329,0,0,-0.573885,-0.55304,-0.00344787,-0.493703,1.0062,-0.000688849,-13.9254,-0.453159,0.00413672,-0.109966,0,0,2.213e-19,-0.0549832,-0.0549832,0.00413672,0.00413672,-0.000445702,-9.8087e-21,0,0,True,True
0.545,-0,0,0.000432099,0,0,0.573885,-0.553058,-0.00351538,-0.493465,1.0062,-0.000702637,-13.9252,-0.453138,0.00421802,-0.109959,0,0,5.57371e-17,-0,0,-0.000432099,0,0,-0.573885,-0.553058,-0.00351538,-0.493465,1.0062,-0.000702637,-13.9252,-0.453138,0.00421802,-0.109959,0,0,-5.52852e-17,-0.0549796,-0.0549796,0.00421802,0.00421802,-0.000453704,-1.00369e-20,0,0,True,True
0.55,-0,0,0.000441018,0,0,0.573885,-0.553076,-0.00358429,-0.493222,1.00619,-0.000716721,-13.925,-0.453117,0.00430101,-0.109955,0,0,5.57418e-17,-0,0,-0.000441018,0,0,-0.573885,-0.553076,-0.00358429,-0.493222,1.00619,-0.000716721,-13.925,-0.453117,0.00430101,-0.109955,0,0,-5.52805e-17,-0.0549774,-0.0549774,0.00430101,0.00430101,-0.000461862,-1.02695e-20,0,0,True,True
0.555,-0,0,0.000450088,0,0,0.573885,-0.553094,-0.0036546,-0.492976,1.00619,-0.000731105,-13.9248,-0.453095,0.00438571,-0.109953,0,0,5.57466e-17,-0,0,-0.000450088,0,0,-0.573885,-0.553094,-0.0036546,-0.492976,1.00619,-0.000731105,-13.9248,-0.453095,0.00438571,-0.109953,0,0,-5.52757e-17,-0.0549764,-0.0549764,0.00438571,0.00438571,-0.000470181,-1.05067e-20,0,0,True,True
0.56,-0,0,0.000459315,0,0,0.573885,-0.553112,-0.00372636,-0.492725,1.00618,-0.000745797,-13.9246,-0.453073,0.00447215,-0.109953,0,0,2.40354e-19,-0,0,-0.000459315,0,0,-0.573885,-0.553112,-0.00372636,-0.492725,1.00618,-0.000745797,-13.9246,-0.453073,0.00447215,-0.109953,0,0,2.40354e-19,-0.0549767,-0.0549767,0.00447215,0.00447215,-0.000478664,-1.07484e-20,0,0,True,True
0.565,-0,0,0.0004687,0,0,0.573885,-0.553131,-0.00379957,-0.49247,1.00618,-0.000760801,-13.9244,-0.45305,0.00456037,-0.109956,0,0,5.57565e-17,-0,0,-0.0004687,0,0,-0.573885,-0.553131,-0.00379957,-0.49247,1.00618,-0.000760801,-13.9244,-0.45305,0.00456037,-0.109956,0,0,-5.52658e-17,-0.0549782,-0.0549782,0.00456037,0.00456037,-0.000487313,-1.09949e-20,0,0,True,True
0.57,-0,0,0.000478249,0,0,0.573885,-0.55315,-0.00387428,-0.49221,1.00618,-0.000776124,-13.9242,-0.453027,0.0046504,-0.109962,0,0,2.50508e-19,-0,0,-0.000478249,0,0,-0.573885,-0.55315,-0.00387428,-0.49221,1.00618,-0.000776124,-13.9242,-0.453027,0.0046504,-0.109962,0,0,2.50508e-19,-0.0549809,-0.0549809,0.0046504,0.0046504,-0.000496133,-1.12462e-20,0,0,True,True
0.575,-0,0,0.000487965,0,0,0.573885,-0.55317,-0.00395049,-0.491946,1.00617,-0.000791771,-13.924,-0.453004,0.00474226,-0.10997,0,0,2.55748e-19,-0,0,-0.000487965,0,0,-0.573885,-0.55317,-0.00395049,-0.491946,1.00617,-0.000791771,-13.924,-0.453004,0.00474226,-0.10997,0,0,2.55748e-19,-0.054985,-0.054985,0.00474226,0.00474226,-0.000505127,-1.15024e-20,0,0,True,True
0.58,-0,0,0.000497852,0,0,0.573885,-0.55319,-0.00402825,-0.491677,1.00617,-0.000807749,-13.9238,-0.45298,0.004836,-0.10998,0,0,2.611e-19,-0,0,-0.000497852,0,0,-0.573885,-0.55319,-0.00402825,-0.491677,1.00617,-0.000807749,-13.9238,-0.45298,0.004836,-0.10998,0,0,2.611e-19,-0.0549902,-0.0549902,0.004836,0.004836,-0.000514299,-1.17636e-20,0,0,True,True
0.585,-0,0,0.000507913,0,0,0.573885,-0.55321,-0.00410757,-0.491403,1.00617,-0.000824064,-13.9236,-0.452955,0.00493163,-0.109994,0,0,2.66566e-19,-0,0,-0.000507913,0,0,-0.573885,-0.55321,-0.00410757,-0.491403,1.00617,-0.000824064,-13.9236,-0.452955,0.00493163,-0.109994,0,0,2.66566e-19,-0.0549968,-0.0549968,0.00493163,0.00493163,-0.000523651,-1.20299e-20,0,0,True,True
0.59,-0,0,0.000518153,0,0,0.573885,-0.553231,-0.00418849,-0.491125,1.00616,-0.000840724,-13.9233,-0.452931,0.00502921,-0.110009,0,0,2.72148e-19,-0,0,-0.000518153,0,0,-0.573885,-0.553231,-0.00418849,-0.491125,1.00616,-0.000840724,-13.9233,-0.452931,0.00502921,-0.110009,0,0,2.72148e-19,-0.0550045,-0.0550045,0.00502921,0.00502921,-0.000533189,-1.23015e-20,0,0,True,True
0.595,-0,0,0.000528576,0,0,0.573885,-0.553252,-0.00427102,-0.490841,1.00616,-0.000857734,-13.9231,-0.452905,0.00512876,-0.110027,0,0,5.5789e-17,-0,0,-0.000528576,0,0,-0.573885,-0.553252,-0.00427102,-0.490841,1.00616,-0.000857734,-13.9231,-0.452905,0.00512876,-0.110027,0,0,-5.52333e-17,-0.0550135,-0.0550135,0.00512876,0.00512876,-0.000542914,-1.25784e-20,0,0,True,True
0.6,-0,0,0.000539186,0,0,0.573885,-0.553273,-0.00435521,-0.490553,1.00615,-0.000875102,-13.9229,-0.452879,0.00523031,-0.110048,0,0,5.57948e-17,-0,0,-0.000539186,0,0,-0.573885,-0.553273,-0.00435521,-0.490553,1.00615,-0.000875102,-13.9229,-0.452879,0.00523031,-0.110048,0,0,-5.52275e-17,-0.0550238,-0.0550238,0.00523031,0.00523031,-0.000552832,-1.28608e-20,0,0,True,True
0.605,-0,0,0.000549987,0,0,0.573885,-0.553295,-0.00444107,-0.490259,1.00615,-0.000892835,-13.9227,-0.452853,0.00533391,-0.110071,0,0,5.58008e-17,-0,0,-0.000549987,0,0,-0.573885,-0.553295,-0.00444107,-0.490259,1.00615,-0.000892835,-13.9227,-0.452853,0.00533391,-0.110071,0,0,-5.52215e-17,-0.0550353,-0.0550353,0.00533391,0.00533391,-0.000562946,-1.31487e-20,0,0,True,True
0.61,-0,0,0.000560983,0,0,0.573885,-0.553318,-0.00452865,-0.48996,1.00614,-0.000910939,-13.9224,-0.452826,0.00543959,-0.110096,0,0,2.95684e-19,-0,0,-0.000560983,0,0,-0.573885,-0.553318,-0.00452865,-0.48996,1.00614,-0.000910939,-13.9224,-0.452826,0.00543959,-0.110096,0,0,2.95684e-19,-0.0550481,-0.0550481,0.00543959,0.00543959,-0.00057326,-1.34423e-20,0,0,True,True
0.615,-0,0,0.00057218,0,0,0.573885,-0.553341,-0.00461796,-0.489655,1.00614,-0.000929424,-13.9222,-0.452798,0.00554739,-0.110124,0,0,3.01882e-19,-0,0,-0.00057218,0,0,-0.573885,-0.553341,-0.00461796,-0.489655,1.00614,-0.000929424,-13.9222,-0.452798,0.00554739,-0.110124,0,0,3.01882e-19,-0.0550621,-0.0550621,0.00554739,0.00554739,-0.000583778,-1.37417e-20,0,0,True,True
0.62,-0,0,0.00058358,0,0,0.573885,-0.553364,-0.00470905,-0.489345,1.00613,-0.000948295,-13.922,-0.45277,0.00565735,-0.110155,0,0,3.08211e-19,-0,0,-0.00058358,0,0,-0.573885,-0.553364,-0.00470905,-0.489345,1.00613,-0.000948295,-13.922,-0.45277,0.00565735,-0.110155,0,0,3.08211e-19,-0.0550773,-0.0550773,0.00565735,0.00565735,-0.000594505,-1.4047e-20,0,0,True,True
0.625,-0,0,0.000595189,0,0,0.573885,-0.553388,-0.00480194,-0.489029,1.00613,-0.000967562,-13.9217,-0.452742,0.0057695,-0.110188,0,0,5.58258e-17,-0,0,-0.000595189,0,0,-0.573885,-0.553388,-0.00480194,-0.489029,1.00613,-0.000967562,-13.9217,-0.452742,0.0057695,-0.110188,0,0,-5.51965e-17,-0.0550938,-0.0550938,0.0057695,0.0057695,-0.000605443,-1.43584e-20,0,0,True,True
0.63,-0,0,0.000607011,0,0,0.573885,-0.553412,-0.00489666,-0.488708,1.00612,-0.000987232,-13.9215,-0.452713,0.0058839,-0.110223,0,0,5.58324e-17,-0,0,-0.000607011,0,0,-0.573885,-0.553412,-0.00489666,-0.488708,1.00612,-0.000987232,-13.9215,-0.452713,0.0058839,-0.110223,0,0,-5.51899e-17,-0.0551116,-0.0551116,0.0058839,0.0058839,-0.000616598,-1.46759e-20,0,0,True,True
0.635,-0,0,0.00061905,0,0,0.573885,-0.553437,-0.00499326,-0.48838,1.00612,-0.00100731,-13.9212,-0.452683,0.00600057,-0.110261,0,0,5.58392e-17,-0,0,-0.00061905,0,0,-0.573885,-0.553437,-0.00499326,-0.48838,1.00612,-0.00100731,-13.9212,-0.452683,0.00600057,-0.110261,0,0,-5.51831e-17,-0.0551306,-0.0551306,0.00600057,0.00600057,-0.000627973,-1.49997e-20,0,0,True,True
0.64,-0,0,0.000631312,0,0,0.573885,-0.553462,-0.00509176,-0.488047,1.00611,-0.00102781,-13.921,-0.452653,0.00611957,-0.110302,0,0,5.5846e-17,-0,0,-0.000631312,0,0,-0.573885,-0.553462,-0.00509176,-0.488047,1.00611,-0.00102781,-13.921,-0.452653,0.00611957,-0.110302,0,0,-5.51763e-17,-0.0551509,-0.0551509,0.00611957,0.00611957,-0.000639574,-1.533e-20,0,0,True,True
0.645,-0,0,0.000643802,0,0,0.573885,-0.553488,-0.00519219,-0.487707,1.00611,-0.00104874,-13.9207,-0.452622,0.00624093,-0.110345,0,0,5.58531e-17,-0,0,-0.000643802,0,0,-0.573885,-0.553488,-0.00519219,-0.487707,1.00611,-0.00104874,-13.9207,-0.452622,0.00624093,-0.110345,0,0,-5.51692e-17,-0.0551725,-0.0551725,0.00624093,0.00624093,-0.000651405,-1.56668e-20,0,0,True,True
0.65,-0,0,0.000656523,0,0,0.573885,-0.553514,-0.0052946,-0.487361,1.0061,-0.00107011,-13.9204,-0.45259,0.00636471,-0.110391,0,0,3.49072e-19,-0,0,-0.000656523,0,0,-0.573885,-0.553514,-0.0052946,-0.487361,1.0061,-0.00107011,-13.9204,-0.45259,0.00636471,-0.110391,0,0,3.49072e-19,-0.0551953,-0.0551953,0.00636471,0.00636471,-0.000663469,-1.60104e-20,0,0,True,True
0.655,-0,0,0.000669482,0,0,0.573885,-0.553541,-0.00539902,-0.487009,1.0061,-0.00109193,-13.9202,-0.452558,0.00649094,-0.110439,0,0,5.58675e-17,-0,0,-0.000669482,0,0,-0.573885,-0.553541,-0.00539902,-0.487009,1.0061,-0.00109193,-13.9202,-0.452558,0.00649094,-0.110439,0,0,-5.51548e-17,-0.0552194,-0.0552194,0.00649094,0.00649094,-0.000675773,-1.63608e-20,0,0,True,True
0.66,-0,0,0.000682682,0,0,0.573885,-0.553568,-0.00550548,-0.48665,1.00609,-0.0011142,-13.9199,-0.452525,0.00661968,-0.11049,0,0,3.63861e-19,-0,0,-0.000682682,0,0,-0.573885,-0.553568,-0.00550548,-0.48665,1.00609,-0.0011142,-13.9199,-0.452525,0.00661968,-0.11049,0,0,3.63861e-19,-0.0552448,-0.0552448,0.00661968,0.00661968,-0.00068832,-1.67182e-20,0,0,True,True
0.665,-0,0,0.00069613,0,0,0.573885,-0.553596,-0.00561403,-0.486284,1.00609,-0.00113693,-13.9196,-0.452492,0.00675096,-0.110543,0,0,5.58826e-17,-0,0,-0.00069613,0,0,-0.573885,-0.553596,-0.00561403,-0.486284,1.00609,-0.00113693,-13.9196,-0.452492,0.00675096,-0.110543,0,0,-5.51397e-17,-0.0552714,-0.0552714,0.00675096,0.00675096,-0.000701115,-1.70827e-20,0,0,True,True
0.67,-0,0,0.00070983,0,0,0.573885,-0.553624,-0.0057247,-0.485911,1.00608,-0.00116014,-13.9193,-0.452458,0.00688484,-0.110599,0,0,5.58904e-17,-0,0,-0.00070983,0,0,-0.573885,-0.553624,-0.0057247,-0.485911,1.00608,-0.00116014,-13.9193,-0.452458,0.00688484,-0.110599,0,0,-5.51319e-17,-0.0552994,-0.0552994,0.00688484,0.00688484,-0.000714163,-1.74545e-20,0,0,True,True
0.675,-0,0,0.000723788,0,0,0.573885,-0.553653,-0.00583753,-0.485532,1.00608,-0.00118384,-13.9191,-0.452423,0.00702137,-0.110657,0,0,3.87222e-19,-0,0,-0.000723788,0,0,-0.573885,-0.553653,-0.00583753,-0.485532,1.00608,-0.00118384,-13.9191,-0.452423,0.00702137,-0.110657,0,0,3.87222e-19,-0.0553286,-0.0553286,0.00702137,0.00702137,-0.00072747,-1.78337e-20,0,0,True,True
0.68,-0,0,0.000738009,0,0,0.573885,-0.553682,-0.00595256,-0.485145,1.00607,-0.00120803,-13.9188,-0.452388,0.0071606,-0.110718,0,0,5.59065e-17,-0,0,-0.000738009,0,0,-0.573885,-0.553682,-0.00595256,-0.485145,1.00607,-0.00120803,-13.9188,-0.452388,0.0071606,-0.110718,0,0,-5.51158e-17,-0.0553592,-0.0553592,0.0071606,0.0071606,-0.00074104,-1.82206e-20,0,0,True,True
0.685,-0,0,0.000752499,0,0,0.573885,-0.553712,-0.00606984,-0.484751,1.00606,-0.00123273,-13.9185,-0.452352,0.00730257,-0.110782,0,0,4.03618e-19,-0,0,-0.000752499,0,0,-0.573885,-0.553712,-0.00606984,-0.484751,1.00606,-0.00123273,-13.9185,-0.452352,0.00730257,-0.110782,0,0,4.03618e-19,-0.0553911,-0.0553911,0.00730257,0.00730257,-0.000754879,-1.86152e-20,0,0,True,True
0.69,-0,0,0.000767263,0,0,0.573885,-0.553743,-0.0061894,-0.484349,1.00606,-0.00125795,-13.9182,-0.452315,0.00744735,-0.110849,0,0,5.59232e-17,-0,0,-0.000767263,0,0,-0.573885,-0.553743,-0.0061894,-0.484349,1.00606,-0.00125795,-13.9182,-0.452315,0.00744735,-0.110849,0,0,-5.50991e-17,-0.0554243,-0.0554243,0.00744735,0.00744735,-0.000768991,-1.90177e-20,0,0,True,True
0.695,-0,0,0.000782307,0,0,0.573885,-0.553774,-0.00631129,-0.48394,1.00605,-0.00128369,-13.9179,-0.452277,0.00759498,-0.110918,0,0,5.59319e-17,-0,0,-0.000782307,0,0,-0.573885,-0.553774,-0.00631129,-0.48394,1.00605,-0.00128369,-13.9179,-0.452277,0.00759498,-0.110918,0,0,-5.50904e-17,-0.0554588,-0.0554588,0.00759498,0.00759498,-0.000783382,-1.94283e-20,0,0,True,True
0.7,-0,0,0.000797636,0,0,0.573885,-0.553806,-0.00643555,-0.483523,1.00604,-0.00130998,-13.9176,-0.452239,0.00774553,-0.110989,0,0,4.29515e-19,-0,0,-0.000797636,0,0,-0.573885,-0.553806,-0.00643555,-0.483523,1.00604,-0.00130998,-13.9176,-0.452239,0.00774553,-0.110989,0,0,4.29515e-19,-0.0554946,-0.0554946,0.00774553,0.00774553,-0.000798058,-1.98471e-20,0,0,True,True
0.705,-0,0,0.000813256,0,0,0.573885,-0.553839,-0.00656222,-0.483098,1.00604,-0.00133681,-13.9172,-0.4522,0.00789904,-0.111064,0,0,4.38508e-19,-0,0,-0.000813256,0,0,-0.573885,-0.553839,-0.00656222,-0.483098,1.00604,-0.00133681,-13.9172,-0.4522,0.00789904,-0.111064,0,0,4.38508e-19,-0.0555319,-0.0555319,0.00789904,0.00789904,-0.000813024,-2.02744e-20,0,0,True,True
0.71,-0,0,0.000829174,0,0,0.573885,-0.553872,-0.00669136,-0.482665,1.00603,-0.00136421,-13.9169,-0.45216,0.00805557,-0.111141,0,0,4.47688e-19,-0,0,-0.000829174,0,0,-0.573885,-0.553872,-0.00669136,-0.482665,1.00603,-0.00136421,-13.9169,-0.45216,0.00805557,-0.111141,0,0,4.47688e-19,-0.0555705,-0.0555705,0.00805557,0.00805557,-0.000828286,-2.07102e-20,0,0,True,True
0.715,-0,0,0.000845396,0,0,0.573885,-0.553906,-0.006823,-0.482224,1.00602,-0.00139219,-13.9166,-0.452119,0.00821518,-0.111221,0,0,5.59682e-17,-0,0,-0.000845396,0,0,-0.573885,-0.553906,-0.006823,-0.482224,1.00602,-0.00139219,-13.9166,-0.452119,0.00821518,-0.111221,0,0,-5.50541e-17,-0.0556104,-0.0556104,0.00821518,0.00821518,-0.00084385,-2.11549e-20,0,0,True,True
0.72,-0,0,0.000861926,0,0,0.573885,-0.55394,-0.00695719,-0.481774,1.00602,-0.00142075,-13.9163,-0.452078,0.00837794,-0.111304,0,0,4.66625e-19,-0,0,-0.000861926,0,0,-0.573885,-0.55394,-0.00695719,-0.481774,1.00602,-0.00142075,-13.9163,-0.452078,0.00837794,-0.111304,0,0,4.66625e-19,-0.0556518,-0.0556518,0.00837794,0.00837794,-0.000859721,-2.16085e-20,0,0,True,True
0.725,-0,0,0.000878773,0,0,0.573885,-0.553975,-0.00709398,-0.481316,1.00601,-0.00144991,-13.9159,-0.452035,0.0085439,-0.111389,0,0,5.59875e-17,-0,0,-0.000878773,0,0,-0.573885,-0.553975,-0.00709398,-0.481316,1.00601,-0.00144991,-13.9159,-0.452035,0.0085439,-0.111389,0,0,-5.50348e-17,-0.0556946,-0.0556946,0.0085439,0.0085439,-0.000875905,-2.20712e-20,0,0,True,True
0.73,-0,0,0.000895941,0,0,0.573885,-0.554011,-0.00723343,-0.480849,1.006,-0.00147969,-13.9156,-0.451992,0.00871312,-0.111478,0,0,4.86356e-19,-0,0,-0.000895941,0,0,-0.573885,-0.554011,-0.00723343,-0.480849,1.006,-0.00147969,-13.9156,-0.451992,0.00871312,-0.111478,0,0,4.86356e-19,-0.0557388,-0.0557388,0.00871312,0.00871312,-0.00089241,-2.25434e-20,0,0,True,True
0.735,-0,0,0.000913437,0,0,0.573885,-0.554047,-0.00737557,-0.480373,1.006,-0.0015101,-13.9152,-0.451948,0.00888567,-0.111569,0,0,4.96529e-19,-0,0,-0.000913437,0,0,-0.573885,-0.554047,-0.00737557,-0.480373,1.006,-0.0015101,-13.9152,-0.451948,0.00888567,-0.111569,0,0,4.96529e-19,-0.0557846,-0.0557846,0.00888567,0.00888567,-0.00090924,-2.3025e-20,0,0,True,True
0.74,-0,0,0.000931268,0,0,0.573885,-0.554085,-0.00752046,-0.479888,1.00599,-0.00154115,-13.9149,-0.451903,0.00906161,-0.111664,0,0,5.06913e-19,-0,0,-0.000931268,0,0,-0.573885,-0.554085,-0.00752046,-0.479888,1.00599,-0.00154115,-13.9149,-0.451903,0.00906161,-0.111664,0,0,5.06913e-19,-0.0558318,-0.0558318,0.00906161,0.00906161,-0.000926403,-2.35164e-20,0,0,True,True
0.745,-0,0,0.000949439,0,0,0.573885,-0.554123,-0.00766815,-0.479394,1.00598,-0.00157285,-13.9145,-0.451858,0.00924101,-0.111761,0,0,5.17513e-19,-0,0,-0.000949439,0,0,-0.573885,-0.554123,-0.00766815,-0.479394,1.00598,-0.00157285,-13.9145,-0.451858,0.00924101,-0.111761,0,0,5.17513e-19,-0.0558806,-0.0558806,0.00924101,0.00924101,-0.000943905,-2.40177e-20,0,0,True,True
0.75,-0,0,0.000967957,0,0,0.573885,-0.554161,-0.0078187,-0.47889,1.00597,-0.00160523,-13.9141,-0.451811,0.00942393,-0.111862,0,0,5.28332e-19,-0,0,-0.000967957,0,0,-0.573885,-0.554161,-0.0078187,-0.47889,1.00597,-0.00160523,-13.9141,-0.451811,0.00942393,-0.111862,0,0,5.28332e-19,-0.055931,-0.055931,0.00942393,0.00942393,-0.000961752,-2.45292e-20,0,0,True,True
0.755,-0,0,0.000986829,0,0,0.573885,-0.554201,-0.00797216,-0.478377,1.00596,-0.00163829,-13.9138,-0.451763,0.00961045,-0.111966,0,0,5.39375e-19,-0,0,-0.000986829,0,0,-0.573885,-0.554201,-0.00797216,-0.478377,1.00596,-0.00163829,-13.9138,-0.451763,0.00961045,-0.111966,0,0,5.39375e-19,-0.0559831,-0.0559831,0.00961045,0.00961045,-0.000979951,-2.5051e-20,0,0,True,True
0.76,-0,0,0.00100606,0,0,0.573885,-0.554241,-0.00812857,-0.477853,1.00596,-0.00167205,-13.9134,-0.451715,0.00980062,-0.112074,0,0,5.50647e-19,-0,0,-0.00100606,0,0,-0.573885,-0.554241,-0.00812857,-0.477853,1.00596,-0.00167205,-13.9134,-0.451715,0.00980062,-0.112074,0,0,5.50647e-19,-0.0560369,-0.0560369,0.00980062,0.00980062,-0.00099851,-2.55834e-20,0,0,True,True
0.765,-0,0,0.00102566,0,0,0.573885,-0.554282,-0.008288,-0.47732,1.00595,-0.00170653,-13.913,-0.451665,0.00999453,-0.112185,0,0,5.62153e-19,-0,0,-0.00102566,0,0,-0.573885,-0.554282,-0.008288,-0.47732,1.00595,-0.00170653,-13.913,-0.451665,0.00999453,-0.112185,0,0,5.62153e-19,-0.0560926,-0.0560926,0.00999453,0.00999453,-0.00101743,-2.61267e-20,0,0,True,True
0.77,-0,0,0.00104562,0,0,0.573885,-0.554324,-0.00845051,-0.476777,1.00594,-0.00174174,-13.9126,-0.451615,0.0101922,-0.1123,0,0,5.73897e-19,-0,0,-0.00104562,0,0,-0.573885,-0.554324,-0.00845051,-0.476777,1.00594,-0.00174174,-13.9126,-0.451615,0.0101922,-0.1123,0,0,5.73897e-19,-0.0561502,-0.0561502,0.0101922,0.0101922,-0.00103673,-2.66809e-20,0,0,True,True
0.775,-0,0,0.00106597,0,0,0.573885,-0.554367,-0.00861614,-0.476224,1.00593,-0.0017777,-13.9122,-0.451563,0.0103938,-0.11242,0,0,5.85673e-19,-0,0,-0.00106597,0,0,-0.573885,-0.554367,-0.00861614,-0.476224,1.00593,-0.0017777,-13.9122,-0.451563,0.0103938,-0.11242,0,0,5.85673e-19,-0.0562099,-0.0562099,0.0103938,0.0103938,-0.00105641,-2.72464e-20,0,0,True,True
0.78,-0,0,0.00108669,0,0,0.573885,-0.55441,-0.00878496,-0.47566,1.00592,-0.00181442,-13.9118,-0.451511,0.0105994,-0.112544,0,0,5.61076e-17,-0,0,-0.00108669,0,0,-0.573885,-0.55441,-0.00878496,-0.47566,1.00592,-0.00181442,-13.9118,-0.451511,0.0105994,-0.112544,0,0,-5.49147e-17,-0.0562718,-0.0562718,0.0105994,0.0105994,-0.00107648,-2.78234e-20,0,0,True,True
0.785,-0,0,0.0011078,0,0,0.573885,-0.554455,-0.00895703,-0.475086,1.00591,-0.00185192,-13.9114,-0.451457,0.010809,-0.112673,0,0,5.61169e-17,-0,0,-0.0011078,0,0,-0.573885,-0.554455,-0.00895703,-0.475086,1.00591,-0.00185192,-13.9114,-0.451457,0.010809,-0.112673,0,0,-5.49054e-17,-0.0563363,-0.0563363,0.010809,0.010809,-0.00109694,-2.84121e-20,0,0,True,True
0.79,-0,0,0.0011293,0,0,0.573885,-0.5545,-0.0091324,-0.474501,1.0059,-0.00189023,-13.9109,-0.451403,0.0110226,-0.112807,0,0,6.14679e-19,-0,0,-0.0011293,0,0,-0.573885,-0.5545,-0.0091324,-0.474501,1.0059,-0.00189023,-13.9109,-0.451403,0.0110226,-0.112807,0,0,6.14679e-19,-0.0564034,-0.0564034,0.0110226,0.0110226,-0.0011178,-2.90127e-20,0,0,True,True
0.795,-0,0,0.00115119,0,0,0.573885,-0.554546,-0.00931113,-0.473905,1.00589,-0.00192935,-13.9105,-0.451347,0.0112405,-0.112947,0,0,5.61358e-17,-0,0,-0.00115119,0,0,-0.573885,-0.554546,-0.00931113,-0.473905,1.00589,-0.00192935,-13.9105,-0.451347,0.0112405,-0.112947,0,0,-5.48865e-17,-0.0564736,-0.0564736,0.0112405,0.0112405,-0.00113908,-2.96253e-20,0,0,True,True
0.8,-0,0,0.00117348,0,0,0.573885,-0.554593,-0.00949328,-0.473299,1.00588,-0.00196931,-13.9101,-0.45129,0.0114626,-0.113094,0,0,5.61469e-17,-0,0,-0.00117348,0,0,-0.573885,-0.554593,-0.00949328,-0.473299,1.00588,-0.00196931,-13.9101,-0.45129,0.0114626,-0.113094,0,0,-5.48754e-17,-0.0565472,-0.0565472,0.0114626,0.0114626,-0.00116077,-3.02502e-20,0,0,True,True
0.805,-0,0,0.00119616,0,0,0.573885,-0.554641,-0.00967892,-0.472682,1.00587,-0.00201012,-13.9096,-0.451233,0.011689,-0.113249,0,0,6.47838e-19,-0,0,-0.00119616,0,0,-0.573885,-0.554641,-0.00967892,-0.472682,1.00587,-0.00201012,-13.9096,-0.451233,0.011689,-0.113249,0,0,6.47838e-19,-0.0566246,-0.0566246,0.011689,0.011689,-0.0011829,-3.08875e-20,0,0,True,True
0.81,-0,0,0.00121924,0,0,0.573885,-0.55469,-0.0098681,-0.472054,1.00586,-0.0020518,-13.9092,-0.451173,0.0119199,-0.113413,0,0,6.60647e-19,-0,0,-0.00121924,0,0,-0.573885,-0.55469,-0.0098681,-0.472054,1.00586,-0.0020518,-13.9092,-0.451173,0.0119199,-0.113413,0,0,6.60647e-19,-0.0567065,-0.0567065,0.0119199,0.0119199,-0.00120545,-3.15375e-20,0,0,True,True
0.815,-0,0,0.00124271,0,0,0.573885,-0.554739,-0.0100609,-0.471415,1.00585,-0.00209437,-13.9087,-0.451113,0.0121552,-0.113587,0,0,5.61852e-17,-0,0,-0.00124271,0,0,-0.573885,-0.554739,-0.0100609,-0.471415,1.00585,-0.00209437,-13.9087,-0.451113,0.0121552,-0.113587,0,0,-5.48371e-17,-0.0567934,-0.0567934,0.0121552,0.0121552,-0.00122845,-3.22005e-20,0,0,True,True
0.82,-0,0,0.00126657,0,0,0.573885,-0.55479,-0.0102573,-0.470766,1.00584,-0.00213785,-13.9083,-0.451052,0.0123952,-0.113772,0,0,6.88098e-19,-0,0,-0.00126657,0,0,-0.573885,-0.55479,-0.0102573,-0.470766,1.00584,-0.00213785,-13.9083,-0.451052,0.0123952,-0.113772,0,0,6.88098e-19,-0.0568861,-0.0568861,0.0123952,0.0123952,-0.00125191,-3.28767e-20,0,0,True,True
0.825,-0,0,0.00129081,0,0,0.573885,-0.554842,-0.0104575,-0.470107,1.00583,-0.00218225,-13.9078,-0.450989,0.0126397,-0.113971,0,0,5.62137e-17,-0,0,-0.00129081,0,0,-0.573885,-0.554842,-0.0104575,-0.470107,1.00583,-0.00218225,-13.9078,-0.450989,0.0126397,-0.113971,0,0,-5.48086e-17,-0.0569855,-0.0569855,0.0126397,0.0126397,-0.00127582,-3.35664e-20,0,0,True,True
0.83,-0,0,0.00131543,0,0,0.573885,-0.554895,-0.0106614,-0.469437,1.00582,-0.0022276,-13.9074,-0.450926,0.012889,-0.114185,0,0,5.62289e-17,-0,0,-0.00131543,0,0,-0.573885,-0.554895,-0.0106614,-0.469437,1.00582,-0.0022276,-13.9074,-0.450926,0.012889,-0.114185,0,0,-5.47934e-17,-0.0570927,-0.0570927,0.012889,0.012889,-0.00130021,-3.42699e-20,0,0,True,True
0.835,-0,0,0.0013404,0,0,0.573885,-0.554949,-0.0108691,-0.468758,1.00581,-0.00227392,-13.9069,-0.45086,0.0131431,-0.114418,0,0,5.62457e-17,-0,0,-0.0013404,0,0,-0.573885,-0.554949,-0.0108691,-0.468758,1.00581,-0.00227392,-13.9069,-0.45086,0.0131431,-0.114418,0,0,-5.47766e-17,-0.0572088,-0.0572088,0.0131431,0.0131431,-0.00132507,-3.49875e-20,0,0,True,True
0.84,-0,0,0.00136572,0,0,0.573885,-0.555004,-0.0110808,-0.468069,1.0058,-0.00232122,-13.9064,-0.450794,0.013402,-0.11467,0,0,5.62647e-17,-0,0,-0.00136572,0,0,-0.573885,-0.555004,-0.0110808,-0.468069,1.0058,-0.00232122,-13.9064,-0.450794,0.013402,-0.11467,0,0,-5.47576e-17,-0.0573352,-0.0573352,0.013402,0.013402,-0.00135042,-3.57194e-20,0,0,True,True
0.845,-0,0,0.00139138,0,0,0.573885,-0.555059,-0.0112963,-0.467371,1.00579,-0.00236952,-13.906,-0.450726,0.0136659,-0.114947,0,0,7.73539e-19,-0,0,-0.00139138,0,0,-0.573885,-0.555059,-0.0112963,-0.467371,1.00579,-0.00236952,-13.906,-0.450726,0.0136659,-0.114947,0,0,7.73539e-19,-0.0574733,-0.0574733,0.0136659,0.0136659,-0.00137627,-3.64662e-20,0,0,True,True
0.85,-0,0,0.00141735,0,0,0.573885,-0.555116,-0.0115159,-0.466664,1.00577,-0.00241884,-13.9055,-0.450657,0.0139347,-0.11525,0,0,7.93087e-19,-0,0,-0.00141735,0,0,-0.573885,-0.555116,-0.0115159,-0.466664,1.00577,-0.00241884,-13.9055,-0.450657,0.0139347,-0.11525,0,0,7.93087e-19,-0.0576248,-0.0576248,0.0139347,0.0139347,-0.00140262,-3.72281e-20,0,0,True,True
0.855,-0,0,0.00144361,0,0,0.573885,-0.555175,-0.0117394,-0.465949,1.00576,-0.00246919,-13.9051,-0.450587,0.0142086,-0.115582,0,0,5.63233e-17,-0,0,-0.00144361,0,0,-0.573885,-0.555175,-0.0117394,-0.465949,1.00576,-0.00246919,-13.9051,-0.450587,0.0142086,-0.115582,0,0,-5.4699e-17,-0.0577911,-0.0577911,0.0142086,0.0142086,-0.00142949,-3.80056e-20,0,0,True,True
0.86,-0,0,0.00147015,0,0,0.573885,-0.555234,-0.0119671,-0.465227,1.00575,-0.0025206,-13.9046,-0.450515,0.0144877,-0.115948,0,0,5.6342e-17,-0,0,-0.00147015,0,0,-0.573885,-0.555234,-0.0119671,-0.465227,1.00575,-0.0025206,-13.9046,-0.450515,0.0144877,-0.115948,0,0,-5.46803e-17,-0.0579738,-0.0579738,0.0144877,0.0144877,-0.00145689,-3.8799e-20,0,0,True,True
0.865,-0,0,0.00149697,0,0,0.573885,-0.555294,-0.0121988,-0.464498,1.00574,-0.00257308,-13.9042,-0.450442,0.0147719,-0.116348,0,0,5.63606e-17,-0,0,-0.00149697,0,0,-0.573885,-0.555294,-0.0121988,-0.464498,1.00574,-0.00257308,-13.9042,-0.450442,0.0147719,-0.116348,0,0,-5.46617e-17,-0.0581741,-0.0581741,0.0147719,0.0147719,-0.00148482,-3.96087e-20,0,0,True,True
0.87,-0,0,0.00152405,0,0,0.573885,-0.555356,-0.0124346,-0.463761,1.00572,-0.00262665,-13.9037,-0.450368,0.0150613,-0.116785,0,0,5.63792e-17,-0,0,-0.00152405,0,0,-0.573885,-0.555356,-0.0124346,-0.463761,1.00572,-0.00262665,-13.9037,-0.450368,0.0150613,-0.116785,0,0,-5.46431e-17,-0.0583927,-0.0583927,0.0150613,0.0150613,-0.0015133,-4.04351e-20,0,0,True,True
0.875,-0,0,0.00155141,0,0,0.573885,-0.555419,-0.0126747,-0.463016,1.00571,-0.00268132,-13.9033,-0.450292,0.015356,-0.117259,0,0,5.6398e-17,-0,0,-0.00155141,0,0,-0.573885,-0.555419,-0.0126747,-0.463016,1.00571,-0.00268132,-13.9033,-0.450292,0.015356,-0.117259,0,0,-5.46243e-17,-0.0586295,-0.0586295,0.015356,0.015356,-0.00154233,-4.12785e-20,0,0,True,True
0.88,-0,0,0.00157909,0,0,0.573885,-0.555483,-0.0129189,-0.462263,1.0057,-0.00273712,-13.9029,-0.450214,0.015656,-0.117766,0,0,9.05791e-19,-0,0,-0.00157909,0,0,-0.573885,-0.555483,-0.0129189,-0.462263,1.0057,-0.00273712,-13.9029,-0.450214,0.015656,-0.117766,0,0,9.05791e-19,-0.0588829,-0.0588829,0.015656,0.015656,-0.00157193,-4.21393e-20,0,0,True,True
0.885,-0,0,0.00160716,0,0,0.573885,-0.555548,-0.0131674,-0.461499,1.00568,-0.00279406,-13.9025,-0.450135,0.0159615,-0.118299,0,0,5.64362e-17,-0,0,-0.00160716,0,0,-0.573885,-0.555548,-0.0131674,-0.461499,1.00568,-0.00279406,-13.9025,-0.450135,0.0159615,-0.118299,0,0,-5.45861e-17,-0.0591494,-0.0591494,0.0159615,0.0159615,-0.0016021,-4.30179e-20,0,0,True,True
0.89,-0,0,0.00163575,0,0,0.573885,-0.555614,-0.0134203,-0.460721,1.00567,-0.00285217,-13.9021,-0.450054,0.0162725,-0.118845,0,0,9.44581e-19,-0,0,-0.00163575,0,0,-0.573885,-0.555614,-0.0134203,-0.460721,1.00567,-0.00285217,-13.9021,-0.450054,0.0162725,-0.118845,0,0,9.44581e-19,-0.0594224,-0.0594224,0.0162725,0.0162725,-0.00163286,-4.39146e-20,0,0,True,True
0.895,-0,0,0.00166505,0,0,0.573885,-0.555682,-0.0136776,-0.459924,1.00565,-0.00291147,-13.9016,-0.449972,0.016589,-0.119383,0,0,9.64536e-19,-0,0,-0.00166505,0,0,-0.573885,-0.555682,-0.0136776,-0.459924,1.00565,-0.00291147,-13.9016,-0.449972,0.016589,-0.119383,0,0,9.64536e-19,-0.0596915,-0.0596915,0.016589,0.016589,-0.00166421,-4.48298e-20,0,0,True,True
0.9,-0,0,0.00169537,0,0,0.573885,-0.555751,-0.0139394,-0.459098,1.00564,-0.00297202,-13.9011,-0.449889,0.0169114,-0.119881,0,0,9.84936e-19,-0,0,-0.00169537,0,0,-0.573885,-0.555751,-0.0139394,-0.459098,1.00564,-0.00297202,-13.9011,-0.449889,0.0169114,-0.119881,0,0,9.84936e-19,-0.0599406,-0.0599406,0.0169114,0.0169114,-0.00169617,-4.5764e-20,0,0,True,True
0.905,-0,0,0.00172712,0,0,0.573885,-0.555821,-0.0142059,-0.458234,1.00562,-0.00303385,-13.9006,-0.449803,0.0172398,-0.120294,0,0,1.00584e-18,-0,0,-0.00172712,0,0,-0.573885,-0.555821,-0.0142059,-0.458234,1.00562,-0.00303385,-13.9006,-0.449803,0.0172398,-0.120294,0,0,1.00584e-18,-0.0601469,-0.0601469,0.0172398,0.0172398,-0.00172874,-4.67175e-20,0,0,True,True
0.91,-0,0,0.00176088,0,0,0.573885,-0.555893,-0.0144774,-0.457316,1.00561,-0.00309703,-13.8999,-0.449716,0.0175745,-0.120557,0,0,1.02731e-18,-0,0,-0.00176088,0,0,-0.573885,-0.555893,-0.0144774,-0.457316,1.00561,-0.00309703,-13.8999,-0.449716,0.0175745,-0.120557,0,0,1.02731e-18,-0.0602784,-0.0602784,0.0175745,0.0175745,-0.00176195,-4.76907e-20,0,0,True,True
0.915,-0,0,0.00179742,0,0,0.573885,-0.555966,-0.0147543,-0.456321,1.00559,-0.00316166,-13.8991,-0.449627,0.017916,-0.120585,0,0,5.65606e-17,-0,0,-0.00179742,0,0,-0.573885,-0.555966,-0.0147543,-0.456321,1.00559,-0.00316166,-13.8991,-0.449627,0.017916,-0.120585,0,0,-5.44617e-17,-0.0602926,-0.0602926,0.017916,0.017916,-0.0017958,-4.8684e-20,0,0,True,True
0.92,-0,0,0.00183772,0,0,0.573885,-0.556041,-0.015037,-0.455225,1.00558,-0.00322785,-13.8981,-0.449537,0.0182649,-0.12027,0,0,5.65835e-17,-0,0,-0.00183772,0,0,-0.573885,-0.556041,-0.015037,-0.455225,1.00558,-0.00322785,-13.8981,-0.449537,0.0182649,-0.12027,0,0,-5.44388e-17,-0.0601348,-0.0601348,0.0182649,0.0182649,-0.0018303,-4.9698e-20,0,0,True,True
0.925,-0,0,0.00188299,0,0,0.573885,-0.556117,-0.0153262,-0.453993,1.00556,-0.00329577,-13.8968,-0.449445,0.018622,-0.119476,0,0,5.66072e-17,-0,0,-0.00188299,0,0,-0.573885,-0.556117,-0.0153262,-0.453993,1.00556,-0.00329577,-13.8968,-0.449445,0.018622,-0.119476,0,0,-5.44151e-17,-0.059738,-0.059738,0.018622,0.018622,-0.00186547,-5.07329e-20,0,0,True,True
0.93,-0,0,0.00193463,0,0,0.573885,-0.556194,-0.0156228,-0.452588,1.00554,-0.00336562,-13.8951,-0.449351,0.0189885,-0.118048,0,0,1.12083e-18,-0,0,-0.00193463,0,0,-0.573885,-0.556194,-0.0156228,-0.452588,1.00554,-0.00336562,-13.8951,-0.449351,0.0189885,-0.118048,0,0,1.12083e-18,-0.0590242,-0.0590242,0.0189885,0.0189885,-0.00190132,-5.17894e-20,0,0,True,True
0.935,-0,0,0.00199413,0,0,0.573885,-0.556273,-0.015928,-0.450969,1.00553,-0.00343766,-13.8929,-0.449255,0.0193656,-0.115821,0,0,1.14686e-18,-0,0,-0.00199413,0,0,-0.573885,-0.556273,-0.015928,-0.450969,1.00553,-0.00343766,-13.8929,-0.449255,0.0193656,-0.115821,0,0,1.14686e-18,-0.0579105,-0.0579105,0.0193656,0.0193656,-0.00193788,-5.28678e-20,0,0,True,True
0.94,-0,0,0.00206283,0,0,0.573885,-0.556353,-0.0162429,-0.4491,1.00551,-0.00351219,-13.8902,-0.449157,0.0197551,-0.112645,0,0,1.17421e-18,-0,0,-0.00206283,0,0,-0.573885,-0.556353,-0.0162429,-0.4491,1.00551,-0.00351219,-13.8902,-0.449157,0.0197551,-0.112645,0,0,1.17421e-18,-0.0563223,-0.0563223,0.0197551,0.0197551,-0.00197517,-5.39688e-20,0,0,True,True
0.945,-0,0,0.00214152,0,0,0.573885,-0.556435,-0.0165692,-0.446959,1.00549,-0.00358958,-13.8868,-0.449057,0.0201588,-0.108435,0,0,1.2022e-18,-0,0,-0.00214152,0,0,-0.573885,-0.556435,-0.0165692,-0.446959,1.00549,-0.00358958,-13.8868,-0.449057,0.0201588,-0.108435,0,0,1.2022e-18,-0.0542176,-0.0542176,0.0201588,0.0201588,-0.0020132,-5.50928e-20,0,0,True,True
0.95,-0,0,0.00222957,0,0,0.573885,-0.556519,-0.0169085,-0.444563,1.00547,-0.0036702,-13.8829,-0.448956,0.0205787,-0.103266,0,0,1.23073e-18,-0,0,-0.00222957,0,0,-0.573885,-0.556519,-0.0169085,-0.444563,1.00547,-0.0036702,-13.8829,-0.448956,0.0205787,-0.103266,0,0,1.23073e-18,-0.0516329,-0.0516329,0.0205787,0.0205787,-0.00205202,-5.62403e-20,0,0,True,True
0.955,-0,0,0.00232363,0,0,0.573885,-0.556604,-0.017262,-0.442004,1.00546,-0.00375436,-13.8786,-0.448852,0.0210164,-0.0975175,0,0,1.26216e-18,-0,0,-0.00232363,0,0,-0.573885,-0.556604,-0.017262,-0.442004,1.00546,-0.00375436,-13.8786,-0.448852,0.0210164,-0.0975175,0,0,1.26216e-18,-0.0487587,-0.0487587,0.0210164,0.0210164,-0.00209165,-5.7412e-20,0,0,True,True
0.96,-0,0,0.00241539,0,0,0.573885,-0.556692,-0.0176303,-0.439508,1.00544,-0.00384222,-13.8745,-0.448745,0.0214725,-0.0921322,0,0,5.68113e-17,-0,0,-0.00241539,0,0,-0.573885,-0.556692,-0.0176303,-0.439508,1.00544,-0.00384222,-13.8745,-0.448745,0.0214725,-0.0921322,0,0,-5.4211e-17,-0.0460661,-0.0460661,0.0214725,0.0214725,-0.00213212,-5.86085e-20,0,0,True,True
0.965,-0,0,0.00248794,0,0,0.573885,-0.556781,-0.0180122,-0.437534,1.00542,-0.00393352,-13.8717,-0.448637,0.0219457,-0.0890193,0,0,1.34584e-18,-0,0,-0.00248794,0,0,-0.573885,-0.556781,-0.0180122,-0.437534,1.00542,-0.00393352,-13.8717,-0.448637,0.0219457,-0.0890193,0,0,1.34584e-18,-0.0445096,-0.0445096,0.0219457,0.0219457,-0.00217347,-5.98304e-20,0,0,True,True
0.97,-0,0,0.00251009,0,0,0.573885,-0.556872,-0.0184028,-0.43693,1.0054,-0.00402727,-13.8722,-0.448526,0.02243,-0.0916983,0,0,1.39809e-18,-0,0,-0.00251009,0,0,-0.573885,-0.556872,-0.0184028,-0.43693,1.0054,-0.00402727,-13.8722,-0.448526,0.02243,-0.0916983,0,0,1.39809e-18,-0.0458492,-0.0458492,0.02243,0.02243,-0.00221574,-6.10787e-20,0,0,True,True
0.975,-0,0,0.00242743,0,0,0.573885,-0.556965,-0.0187911,-0.439177,1.00538,-0.00412106,-13.8797,-0.448413,0.0229121,-0.106302,0,0,5.69694e-17,-0,0,-0.00242743,0,0,-0.573885,-0.556965,-0.0187911,-0.439177,1.00538,-0.00412106,-13.8797,-0.448413,0.0229121,-0.106302,0,0,-5.40529e-17,-0.0531508,-0.0531508,0.0229121,0.0229121,-0.00225893,-6.23544e-20,0,0,True,True
0.98,-0,0,0.00214864,0,0,0.573885,-0.55706,-0.0191552,-0.446759,1.00536,-0.0042101,-13.9,-0.448297,0.0233653,-0.143119,0,0,5.70416e-17,-0,0,-0.00214864,0,0,-0.573885,-0.55706,-0.0191552,-0.446759,1.00536,-0.0042101,-13.9,-0.448297,0.0233653,-0.143119,0,0,-5.39807e-17,-0.0715595,-0.0715595,0.0233653,0.0233653,-0.00230302,-6.36587e-20,0,0,True,True
0.985,-0,0,0.00152463,0,0,0.573885,-0.557156,-0.0194556,-0.46373,1.00534,-0.00428561,-13.9429,-0.448179,0.0237413,-0.218944,0,0,5.71302e-17,-0,0,-0.00152463,0,0,-0.573885,-0.557156,-0.0194556,-0.46373,1.00534,-0.00428561,-13.9429,-0.448179,0.0237413,-0.218944,0,0,-5.38921e-17,-0.109472,-0.109472,0.0237413,0.0237413,-0.00234792,-6.4993e-20,0,0,True,True
0.99,-0,0,0.000338399,0,0,0.573885,-0.557254,-0.0196239,-0.495993,1.00531,-0.00433234,-14.0227,-0.448059,0.0239562,-0.35821,0,0,1.72945e-18,-0,0,-0.000338399,0,0,-0.573885,-0.557254,-0.0196239,-0.495993,1.00531,-0.00433234,-14.0227,-0.448059,0.0239562,-0.35821,0,0,1.72945e-18,-0.179105,-0.179105,0.0239562,0.0239562,-0.00239343,-6.63591e-20,0,0,True,True
0.995,-0,0,0.000660206,0,0,0.562608,-0.557352,-0.0195525,-0.492012,1.00529,-0.00432624,-13.7012,-0.447939,0.0238788,-0.39606,0,0,5.73802e-17,-0,0,-0.000660206,0,0,-0.562608,-0.557352,-0.0195525,-0.492012,1.00529,-0.00432624,-13.7012,-0.447939,0.0238788,-0.39606,0,0,-5.36421e-17,-0.19803,-0.19803,0.0238788,0.0238788,-0.00243914,-6.77591e-20,0,0,True,True
1,-0,0,0.00488718,0,0,0.528783,-0.55745,-0.0271711,-0.391353,1.00527,0.00987262,-12.5188,-0.447821,0.0172985,-0.13021,0,0,5.75588e-17,-0,0,-0.00488718,0,0,-0.528783,-0.55745,-0.0271711,-0.391353,1.00527,0.00987262,-12.5188,-0.447821,0.0172985,-0.13021,0,0,-5.34635e-17,-0.0651048,-0.0651048,0.0172985,0.0172985,-0.00248434,-6.91956e-20,0,0,True,True
1.005,-0,0,0.00910178,0,0,0.494976,-0.557624,-0.0504661,-0.290989,1.00539,0.0523733,-11.3391,-0.447766,-0.00190726,0.135626,0,0,2.27861e-18,-0,0,-0.00910178,0,0,-0.494976,-0.557624,-0.0504661,-0.290989,1.00539,0.0523733,-11.3391,-0.447766,-0.00190726,0.135626,0,0,2.27861e-18,0.0678132,0.0678132,-0.00190726,-0.00190726,-0.00252805,-7.06723e-20,0,0,True,True
1.01,-0,0,0.0093956,0,0,0.483752,-0.557954,-0.0814192,-0.287642,1.00579,0.109002,-11.0249,-0.44784,-0.0275825,0.0979441,0,0,2.58e-18,-0,0,-0.0093956,0,0,-0.483752,-0.557954,-0.0814192,-0.287642,1.00579,0.109002,-11.0249,-0.44784,-0.0275825,0.0979441,0,0,2.58e-18,0.048972,0.048972,-0.0275825,-0.0275825,-0.00256928,-7.21937e-20,0,0,True,True
1.015,-0,0,0.00818394,0,0,0.483839,-0.558438,-0.112069,-0.320374,1.00648,0.165553,-11.1159,-0.448042,-0.0534839,-0.0396674,0,0,2.97602e-18,-0,0,-0.00818394,0,0,-0.483839,-0.558438,-0.112069,-0.320374,1.00648,0.165553,-11.1159,-0.448042,-0.0534839,-0.0396674,0,0,2.97602e-18,-0.0198337,-0.0198337,-0.0534839,-0.0534839,-0.0026073,-7.37656e-20,0,0,True,True
1.02,-0,0,0.00754323,0,0,0.48396,-0.559075,-0.142493,-0.337481,1.00745,0.221937,-11.1734,-0.448375,-0.0794445,-0.111449,0,0,3.4994e-18,-0,0,-0.00754323,0,0,-0.48396,-0.559075,-0.142493,-0.337481,1.00745,0.221937,-11.1734,-0.448375,-0.0794445,-0.111449,0,0,3.4994e-18,-0.0557247,-0.0557247,-0.0794445,-0.0794445,-0.00264172,-7.53957e-20,0,0,True,True
1.025,-0,0,0.0072452,0,0,0.484116,-0.559863,-0.172728,-0.345172,1.0087,0.278075,-11.2124,-0.448837,-0.105347,-0.143134,0,0,5.97054e-17,-0,0,-0.0072452,0,0,-0.484116,-0.559863,-0.172728,-0.345172,1.0087,0.278075,-11.2124,-0.448837,-0.105347,-0.143134,0,0,-5.13169e-17,-0.071567,-0.071567,-0.105347,-0.105347,-0.00267237,-7.70944e-20,0,0,True,True
1.03,-0,0,0.00712849,0,0,0.484307,-0.560802,-0.202783,-0.347839,1.01023,0.333895,-11.2434,-0.449428,-0.131112,-0.152927,0,0,5.11988e-18,-0,0,-0.00712849,0,0,-0.484307,-0.560802,-0.202783,-0.347839,1.01023,0.333895,-11.2434,-0.449428,-0.131112,-0.152927,0,0,5.11988e-18,-0.0764637,-0.0764637,-0.131112,-0.131112,-0.00269919,-7.88751e-20,0,0,True,True
1.035,-0,0,0.00709677,0,0,0.484533,-0.561891,-0.232644,-0.348105,1.01204,0.389329,-11.2727,-0.450148,-0.156685,-0.15172,0,0,6.18676e-17,-0,0,-0.00709677,0,0,-0.484533,-0.561891,-0.232644,-0.348105,1.01204,0.389329,-11.2727,-0.450148,-0.156685,-0.15172,0,0,-4.91547e-17,-0.0758599,-0.0758599,-0.156685,-0.156685,-0.0027222,-8.0756e-20,0,0,True,True
1.04,-0,0,0.00709466,0,0,0.484793,-0.563129,-0.262291,-0.347479,1.01412,0.444317,-11.3039,-0.450995,-0.182027,-0.145787,0,0,8.01203e-18,-0,0,-0.00709466,0,0,-0.484793,-0.563129,-0.262291,-0.347479,1.01412,0.444317,-11.3039,-0.450995,-0.182027,-0.145787,0,0,8.01203e-18,-0.0728937,-0.0728937,-0.182027,-0.182027,-0.00274144,-8.27613e-20,0,0,True,True
1.045,-0,0,0.00709206,0,0,0.485087,-0.564514,-0.291695,-0.346783,1.01648,0.498799,-11.3389,-0.451968,-0.207104,-0.138564,0,0,6.57432e-17,-0,0,-0.00709206,0,0,-0.485087,-0.564514,-0.291695,-0.346783,1.01648,0.498799,-11.3389,-0.451968,-0.207104,-0.138564,0,0,-4.52792e-17,-0.0692822,-0.0692822,-0.207104,-0.207104,-0.00275698,-8.49232e-20,0,0,True,True
1.05,-0,0,0.00707404,0,0,0.485415,-0.566046,-0.320829,-0.346429,1.01911,0.552718,-11.3787,-0.453066,-0.23189,-0.131778,0,0,1.32126e-17,-0,0,-0.00707404,0,0,-0.485415,-0.566046,-0.320829,-0.346429,1.01911,0.552718,-11.3787,-0.453066,-0.23189,-0.131778,0,0,1.32126e-17,-0.0658892,-0.0658892,-0.23189,-0.23189,-0.00276891,-8.72853e-20,0,0,True,True
1.055,-0,0,0.00703449,0,0,0.485778,-0.567722,-0.349661,-0.346586,1.02201,0.606021,-11.4236,-0.454287,-0.25636,-0.126166,0,0,1.53768e-17,-0,0,-0.00703449,0,0,-0.485778,-0.567722,-0.349661,-0.346586,1.02201,0.606021,-11.4236,-0.454287,-0.25636,-0.126166,0,0,1.53768e-17,-0.0630831,-0.0630831,-0.25636,-0.25636,-0.00277728,-8.99057e-20,0,0,True,True
1.06,-0,0,0.00697214,0,0,0.486174,-0.569542,-0.378162,-0.347293,1.02517,0.658656,-11.4737,-0.455629,-0.280494,-0.121919,0,0,9.41368e-18,-0,0,-0.00697214,0,0,-0.486174,-0.569542,-0.378162,-0.347293,1.02517,0.658656,-11.4737,-0.455629,-0.280494,-0.121919,0,0,9.41368e-18,-0.0609593,-0.0609593,-0.280494,-0.280494,-0.00278218,-9.28627e-20,0,0,True,True
1.065,-0,0,0.00688826,0,0,0.486605,-0.571504,-0.406306,-0.348521,1.0286,0.710575,-11.5288,-0.457092,-0.304269,-0.118949,0,0,5.1577e-17,-0,0,-0.00688826,0,0,-0.486605,-0.571504,-0.406306,-0.348521,1.0286,0.710575,-11.5288,-0.457092,-0.304269,-0.118949,0,0,-5.94453e-17,-0.0594743,-0.0594743,-0.304269,-0.304269,-0.00278369,-9.61061e-20,0,0,True,True
1.07,-0,0,0.00678517,0,0,0.487069,-0.573605,-0.434066,-0.350212,1.03228,0.761731,-11.5888,-0.458672,-0.327665,-0.117048,0,0,4.44536e-17,-0,0,-0.00678517,0,0,-0.487069,-0.573605,-0.434066,-0.350212,1.03228,0.761731,-11.5888,-0.458672,-0.327665,-0.117048,0,0,-6.65687e-17,-0.0585239,-0.0585239,-0.327665,-0.327665,-0.00278186,-9.91407e-20,0,0,True,True
1.075,-0,0,0.00666552,0,0,0.487566,-0.575845,-0.461417,-0.352299,1.03621,0.81208,-11.6534,-0.460369,-0.350663,-0.115975,0,0,4.58359e-17,-0,0,-0.00666552,0,0,-0.487566,-0.575845,-0.461417,-0.352299,1.03621,0.81208,-11.6534,-0.460369,-0.350663,-0.115975,0,0,-6.51864e-17,-0.0579876,-0.0579876,-0.350663,-0.350663,-0.00277677,-1.01916e-19,0,0,True,True
1.08,-0,0,0.00653187,0,0,0.488097,-0.578219,-0.488336,-0.354719,1.0404,0.861581,-11.7225,-0.462179,-0.373245,-0.115502,0,0,-6.81244e-18,-0,0,-0.00653187,0,0,-0.488097,-0.578219,-0.488336,-0.354719,1.0404,0.861581,-11.7225,-0.462179,-0.373245,-0.115502,0,0,-6.81244e-18,-0.0577511,-0.0577511,-0.373245,-0.373245,-0.0027685,-1.04509e-19,0,0,True,True
1.085,-0,0,0.00638647,0,0,0.488661,-0.580728,-0.514804,-0.357414,1.04483,0.910197,-11.7957,-0.464101,-0.395393,-0.115433,0,0,-4.57842e-18,-0,0,-0.00638647,0,0,-0.488661,-0.580728,-0.514804,-0.357414,1.04483,0.910197,-11.7957,-0.464101,-0.395393,-0.115433,0,0,-4.57842e-18,-0.0577163,-0.0577163,-0.395393,-0.395393,-0.00275711,-1.06976e-19,0,0,True,True
1.09,-0,0,0.00623127,0,0,0.489257,-0.583368,-0.5408,-0.360338,1.0495,0.957891,-11.873,-0.466133,-0.417091,-0.11561,0,0,5.25621e-17,-0,0,-0.00623127,0,0,-0.489257,-0.583368,-0.5408,-0.360338,1.0495,0.957891,-11.873,-0.466133,-0.417091,-0.11561,0,0,-5.84602e-17,-0.057805,-0.057805,-0.417091,-0.417091,-0.00274268,-1.0936e-19,0,0,True,True
1.095,-0,0,0.00606784,0,0,0.489887,-0.586136,-0.566308,-0.363453,1.05441,1.00463,-11.9541,-0.468272,-0.438324,-0.115915,0,0,5.37165e-17,-0,0,-0.00606784,0,0,-0.489887,-0.586136,-0.566308,-0.363453,1.05441,1.00463,-11.9541,-0.468272,-0.438324,-0.115915,0,0,-5.73058e-17,-0.0579577,-0.0579577,-0.438324,-0.438324,-0.00272527,-1.11692e-19,0,0,True,True
1.1,-0,0,0.00589751,0,0,0.490548,-0.589031,-0.591311,-0.366729,1.05955,1.05039,-12.0389,-0.470516,-0.459078,-0.116263,0,0,5.44947e-17,-0,0,-0.00589751,0,0,-0.490548,-0.589031,-0.591311,-0.366729,1.05955,1.05039,-12.0389,-0.470516,-0.459078,-0.116263,0,0,-5.65276e-17,-0.0581317,-0.0581317,-0.459078,-0.459078,-0.00270497,-1.13991e-19,0,0,True,True
1.105,-0,0,0.00572131,0,0,0.491242,-0.592049,-0.615795,-0.370142,1.06491,1.09514,-12.1274,-0.472863,-0.47934,-0.116595,0,0,-5.48705e-19,-0,0,-0.00572131,0,0,-0.491242,-0.592049,-0.615795,-0.370142,1.06491,1.09514,-12.1274,-0.472863,-0.47934,-0.116595,0,0,-5.48705e-19,-0.0582977,-0.0582977,-0.47934,-0.47934,-0.00268184,-1.16274e-19,0,0,True,True
1.11,-0,0,0.00554011,0,0,0.491968,-0.595189,-0.639748,-0.373675,1.0705,1.13885,-12.2193,-0.475309,-0.4991,-0.116874,0,0,5.51575e-17,-0,0,-0.00554011,0,0,-0.491968,-0.595189,-0.639748,-0.373675,1.0705,1.13885,-12.2193,-0.475309,-0.4991,-0.116874,0,0,-5.58648e-17,-0.0584372,-0.0584372,-0.4991,-0.4991,-0.00265597,-1.18547e-19,0,0,True,True
1.115,-0,0,0.00535463,0,0,0.492725,-0.598447,-0.663159,-0.377314,1.0763,1.1815,-12.3145,-0.477854,-0.518345,-0.117079,0,0,5.50931e-17,-0,0,-0.00535463,0,0,-0.492725,-0.598447,-0.663159,-0.377314,1.0763,1.1815,-12.3145,-0.477854,-0.518345,-0.117079,0,0,-5.59292e-17,-0.0585395,-0.0585395,-0.518345,-0.518345,-0.00262744,-1.20816e-19,0,0,True,True
1.12,-0,0,0.00516546,0,0,0.493514,-0.60182,-0.686017,-0.381046,1.08231,1.22309,-12.413,-0.480493,-0.537069,-0.1172,0,0,5.47589e-17,-0,0,-0.00516546,0,0,-0.493514,-0.60182,-0.686017,-0.381046,1.08231,1.22309,-12.413,-0.480493,-0.537069,-0.1172,0,0,-5.62634e-17,-0.0586001,-0.0586001,-0.537069,-0.537069,-0.00259631,-1.23077e-19,0,0,True,True
1.125,-0,0,0.00497311,0,0,0.494333,-0.605307,-0.708315,-0.384863,1.08853,1.26358,-12.5147,-0.483224,-0.555263,-0.117236,0,0,5.41206e-17,-0,0,-0.00497311,0,0,-0.494333,-0.605307,-0.708315,-0.384863,1.08853,1.26358,-12.5147,-0.483224,-0.555263,-0.117236,0,0,-5.69017e-17,-0.0586179,-0.0586179,-0.555263,-0.555263,-0.00256268,-1.25324e-19,0,0,True,True
1.13,-0,0,0.00477804,0,0,0.495183,-0.608903,-0.730046,-0.388757,1.09495,1.30297,-12.6194,-0.486045,-0.57292,-0.11719,0,0,-2.39498e-18,-0,0,-0.00477804,0,0,-0.495183,-0.608903,-0.730046,-0.388757,1.09495,1.30297,-12.6194,-0.486045,-0.57292,-0.11719,0,0,-2.39498e-18,-0.0585948,-0.0585948,-0.57292,-0.57292,-0.00252662,-1.27546e-19,0,0,True,True
1.135,-0,0,0.00458067,0,0,0.496064,-0.612607,-0.751202,-0.392721,1.10156,1.34124,-12.7271,-0.488954,-0.590036,-0.117068,0,0,-3.8605e-18,-0,0,-0.00458067,0,0,-0.496064,-0.612607,-0.751202,-0.392721,1.10156,1.34124,-12.7271,-0.488954,-0.590036,-0.117068,0,0,-3.8605e-18,-0.0585341,-0.0585341,-0.590036,-0.590036,-0.00248821,-1.2972e-19,0,0,True,True
1.14,-0,0,0.00438137,0,0,0.496974,-0.616415,-0.771781,-0.396749,1.10836,1.37839,-12.8377,-0.491946,-0.606607,-0.11688,0,0,4.95876e-17,-0,0,-0.00438137,0,0,-0.496974,-0.616415,-0.771781,-0.396749,1.10836,1.37839,-12.8377,-0.491946,-0.606607,-0.11688,0,0,-6.14347e-17,-0.0584401,-0.0584401,-0.606607,-0.606607,-0.00244754,-1.3182e-19,0,0,True,True
1.145,-0,0,0.00418049,0,0,0.497915,-0.620325,-0.791778,-0.400835,1.11534,1.41441,-12.9511,-0.49502,-0.622629,-0.116634,0,0,-8.77431e-18,-0,0,-0.00418049,0,0,-0.497915,-0.620325,-0.791778,-0.400835,1.11534,1.41441,-12.9511,-0.49502,-0.622629,-0.116634,0,0,-8.77431e-18,-0.0583172,-0.0583172,-0.622629,-0.622629,-0.00240469,-1.33805e-19,0,0,True,True
1.15,-0,0,0.00397839,0,0,0.498884,-0.624333,-0.811192,-0.404973,1.12251,1.44929,-13.0672,-0.498172,-0.6381,-0.11634,0,0,4.28373e-17,-0,0,-0.00397839,0,0,-0.498884,-0.624333,-0.811192,-0.404973,1.12251,1.44929,-13.0672,-0.498172,-0.6381,-0.11634,0,0,-6.8185e-17,-0.05817,-0.05817,-0.6381,-0.6381,-0.00235974,-1.35618e-19,0,0,True,True
1.155,-0,0,0.00377537,0,0,0.499882,-0.628437,-0.830019,-0.409159,1.12984,1.48304,-13.1859,-0.501401,-0.653019,-0.116005,0,0,-1.73783e-17,-0,0,-0.00377537,0,0,-0.499882,-0.628437,-0.830019,-0.409159,1.12984,1.48304,-13.1859,-0.501401,-0.653019,-0.116005,0,0,-1.73783e-17,-0.0580026,-0.0580026,-0.653019,-0.653019,-0.00231277,-1.37184e-19,0,0,True,True
1.16,-0,0,0.00357175,0,0,0.500909,-0.632633,-0.848261,-0.413386,1.13734,1.51565,-13.3071,-0.504702,-0.667387,-0.115638,0,0,-1.90777e-17,-0,0,-0.00357175,0,0,-0.500909,-0.632633,-0.848261,-0.413386,1.13734,1.51565,-13.3071,-0.504702,-0.667387,-0.115638,0,0,-1.90777e-17,-0.0578189,-0.0578189,-0.667387,-0.667387,-0.00226387,-1.38399e-19,0,0,True,True
1.165,-0,0,0.00336784,0,0,0.501964,-0.636919,-0.865918,-0.417649,1.14499,1.54712,-13.4308,-0.508074,-0.681203,-0.115245,0,0,4.50795e-17,-0,0,-0.00336784,0,0,-0.501964,-0.636919,-0.865918,-0.417649,1.14499,1.54712,-13.4308,-0.508074,-0.681203,-0.115245,0,0,-6.59428e-17,-0.0576224,-0.0576224,-0.681203,-0.681203,-0.00221311,-1.39174e-19,0,0,True,True
1.17,-0,0,0.00316392,0,0,0.503047,-0.641292,-0.88299,-0.421944,1.15281,1.57746,-13.5568,-0.511514,-0.69447,-0.114832,0,0,6.12177e-17,-0,0,-0.00316392,0,0,-0.503047,-0.641292,-0.88299,-0.421944,1.15281,1.57746,-13.5568,-0.511514,-0.69447,-0.114832,0,0,-4.98046e-17,-0.057416,-0.057416,-0.69447,-0.69447,-0.00216058,-1.39676e-19,0,0,True,True
1.175,-0,0,0.00296026,0,0,0.504157,-0.645749,-0.899481,-0.426264,1.16077,1.60667,-13.6851,-0.515019,-0.707189,-0.114404,0,0,1.49825e-17,-0,0,-0.00296026,0,0,-0.504157,-0.645749,-0.899481,-0.426264,1.16077,1.60667,-13.6851,-0.515019,-0.707189,-0.114404,0,0,1.49825e-17,-0.0572021,-0.0572021,-0.707189,-0.707189,-0.00210635,-1.40399e-19,0,0,True,True
1.18,-0,0,0.00275713,0,0,0.505294,-0.650287,-0.915391,-0.430606,1.16887,1.63475,-13.8156,-0.518586,-0.719363,-0.113966,0,0,6.83977e-17,-0,0,-0.00275713,0,0,-0.505294,-0.650287,-0.915391,-0.430606,1.16887,1.63475,-13.8156,-0.518586,-0.719363,-0.113966,0,0,-4.26246e-17,-0.056983,-0.056983,-0.719363,-0.719363,-0.0020505,-1.41498e-19,0,0,True,True
1.185,-0,0,0.00255479,0,0,0.506458,-0.654903,-0.930726,-0.434963,1.17712,1.66172,-13.9482,-0.522213,-0.730996,-0.11352,0,0,5.99841e-18,-0,0,-0.00255479,0,0,-0.506458,-0.654903,-0.930726,-0.434963,1.17712,1.66172,-13.9482,-0.522213,-0.730996,-0.11352,0,0,5.99841e-18,-0.0567602,-0.0567602,-0.730996,-0.730996,-0.00199312,-1.42855e-19,0,0,True,True
1.19,-0,0,0.00235348,0,0,0.507647,-0.659595,-0.945488,-0.439332,1.18549,1.68758,-14.0828,-0.525896,-0.742092,-0.113071,0,0,-1.63498e-18,-0,0,-0.00235348,0,0,-0.507647,-0.659595,-0.945488,-0.439332,1.18549,1.68758,-14.0828,-0.525896,-0.742092,-0.113071,0,0,-1.63498e-18,-0.0565353,-0.0565353,-0.742092,-0.742092,-0.00193427,-1.44318e-19,0,0,True,True
1.195,-0,0,0.00215341,0,0,0.508862,-0.664358,-0.959683,-0.443706,1.19399,1.71234,-14.2193,-0.529634,-0.752655,-0.112618,0,0,4.57438e-17,-0,0,-0.00215341,0,0,-0.508862,-0.664358,-0.959683,-0.443706,1.19399,1.71234,-14.2193,-0.529634,-0.752655,-0.112618,0,0,-6.52785e-17,-0.0563092,-0.0563092,-0.752655,-0.752655,-0.00187403,-1.45739e-19,0,0,True,True
1.2,-0,0,0.00195482,0,0,0.510102,-0.669191,-0.973314,-0.448082,1.20261,1.736,-14.3578,-0.533423,-0.762691,-0.112166,0,0,-1.90667e-17,-0,0,-0.00195482,0,0,-0.510102,-0.669191,-0.973314,-0.448082,1.20261,1.736,-14.3578,-0.533423,-0.762691,-0.112166,0,0,-1.90667e-17,-0.0560828,-0.0560828,-0.762691,-0.762691,-0.00181249,-1.46962e-19,0,0,True,True
1.205,-0,0,0.00175791,0,0,0.511366,-0.674091,-0.986388,-0.452455,1.21135,1.75859,-14.498,-0.537261,-0.772204,-0.111713,0,0,2.63182e-17,-0,0,-0.00175791,0,0,-0.511366,-0.674091,-0.986388,-0.452455,1.21135,1.75859,-14.498,-0.537261,-0.772204,-0.111713,0,0,-8.47041e-17,-0.0558566,-0.0558566,-0.772204,-0.772204,-0.0017497,-1.47807e-19,0,0,True,True
1.21,-0,0,0.00156285,0,0,0.512655,-0.679055,-0.99891,-0.456821,1.2202,1.78011,-14.6399,-0.541145,-0.781202,-0.111262,0,0,2.04196e-17,-0,0,-0.00156285,0,0,-0.512655,-0.679055,-0.99891,-0.456821,1.2202,1.78011,-14.6399,-0.541145,-0.781202,-0.111262,0,0,-9.06027e-17,-0.0556312,-0.0556312,-0.781202,-0.781202,-0.00168574,-1.48055e-19,0,0,True,True
1.215,-0,0,0.00136984,0,0,0.513967,-0.68408,-1.01089,-0.461175,1.22915,1.80057,-14.7835,-0.545073,-0.789689,-0.110813,0,0,2.33589e-17,-0,0,-0.00136984,0,0,-0.513967,-0.68408,-1.01089,-0.461175,1.22915,1.80057,-14.7835,-0.545073,-0.789689,-0.110813,0,0,-8.76634e-17,-0.0554067,-0.0554067,-0.789689,-0.789689,-0.00162069,-1.47526e-19,0,0,True,True
1.22,-0,0,0.00117904,0,0,0.515303,-0.689164,-1.02232,-0.465514,1.23821,1.81999,-14.9286,-0.549042,-0.797672,-0.110367,0,0,3.10715e-17,-0,0,-0.00117904,0,0,-0.515303,-0.689164,-1.02232,-0.465514,1.23821,1.81999,-14.9286,-0.549042,-0.797672,-0.110367,0,0,-7.99508e-17,-0.0551833,-0.0551833,-0.797672,-0.797672,-0.00155461,-1.46363e-19,0,0,True,True
1.225,-0,0,0.000990592,0,0,0.516661,-0.694304,-1.03322,-0.469833,1.24735,1.83838,-15.0753,-0.553049,-0.805158,-0.109922,0,0,-1.74556e-17,-0,0,-0.000990592,0,0,-0.516661,-0.694304,-1.03322,-0.469833,1.24735,1.83838,-15.0753,-0.553049,-0.805158,-0.109922,0,0,-1.74556e-17,-0.0549611,-0.0549611,-0.805158,-0.805158,-0.00148756,-1.44744e-19,0,0,True,True
1.23,-0,0,0.000804652,0,0,0.518041,-0.699496,-1.0436,-0.474128,1.25659,1.85575,-15.2233,-0.557093,-0.812153,-0.10948,0,0,-1.21967e-17,-0,0,-0.000804652,0,0,-0.518041,-0.699496,-1.0436,-0.474128,1.25659,1.85575,-15.2233,-0.557093,-0.812153,-0.10948,0,0,-1.21967e-17,-0.0547399,-0.0547399,-0.812153,-0.812153,-0.00141962,-1.42804e-19,0,0,True,True
1.235,-0,0,0.000621346,0,0,0.519442,-0.70474,-1.05346,-0.478397,1.26591,1.87212,-15.3727,-0.561171,-0.818666,-0.10904,0,0,4.7207e-17,-0,0,-0.000621346,0,0,-0.519442,-0.70474,-1.05346,-0.478397,1.26591,1.87212,-15.3727,-0.561171,-0.818666,-0.10904,0,0,-6.38153e-17,-0.0545198,-0.0545198,-0.818666,-0.818666,-0.00135084,-1.40639e-19,0,0,True,True
1.24,-0,0,0.000440795,0,0,0.520865,-0.710031,-1.0628,-0.482636,1.27531,1.8875,-15.5234,-0.56528,-0.824702,-0.108601,0,0,5.00799e-17,-0,0,-0.000440795,0,0,-0.520865,-0.710031,-1.0628,-0.482636,1.27531,1.8875,-15.5234,-0.56528,-0.824702,-0.108601,0,0,-6.09424e-17,-0.0543005,-0.0543005,-0.824702,-0.824702,-0.00128129,-1.38322e-19,0,0,True,True
1.245,-0,0,0.000263108,0,0,0.522308,-0.715368,-1.07164,-0.486841,1.28479,1.90191,-15.6754,-0.569418,-0.83027,-0.108164,0,0,5.21963e-17,-0,0,-0.000263108,0,0,-0.522308,-0.715368,-1.07164,-0.486841,1.28479,1.90191,-15.6754,-0.569418,-0.83027,-0.108164,0,0,-5.8826e-17,-0.054082,-0.054082,-0.83027,-0.83027,-0.00121104,-1.35906e-19,0,0,True,True
1.25,-0,0,8.83848e-05,0,0,0.523771,-0.720747,-1.07998,-0.49101,1.29433,1.91535,-15.8284,-0.573583,-0.835376,-0.107728,0,0,5.37518e-17,-0,0,-8.83848e-05,0,0,-0.523771,-0.720747,-1.07998,-0.49101,1.29433,1.91535,-15.8284,-0.573583,-0.835376,-0.107728,0,0,-5.72705e-17,-0.0538639,-0.0538639,-0.835376,-0.835376,-0.00114013,-1.33432e-19,0,0,True,True
1.255,-0,0,-8.32829e-05,0,0,0.525253,-0.726167,-1.08782,-0.49514,1.30394,1.92785,-15.9826,-0.577772,-0.840029,-0.107292,0,0,-6.19874e-19,-0,0,8.32829e-05,0,0,-0.525253,-0.726167,-1.08782,-0.49514,1.30394,1.92785,-15.9826,-0.577772,-0.840029,-0.107292,0,0,-6.19874e-19,-0.053646,-0.053646,-0.840029,-0.840029,-0.00106863,-1.30927e-19,0,0,True,True
1.26,-0,0,-0.000251814,0,0,0.526754,-0.731625,-1.09519,-0.499227,1.31361,1.93942,-16.1377,-0.581983,-0.844235,-0.106856,0,0,2.114e-19,-0,0,0.000251814,0,0,-0.526754,-0.731625,-1.09519,-0.499227,1.31361,1.93942,-16.1377,-0.581983,-0.844235,-0.106856,0,0,2.114e-19,-0.0534282,-0.0534282,-0.844235,-0.844235,-0.000996595,-1.28414e-19,0,0,True,True
1.265,-0,0,-0.000417134,0,0,0.528273,-0.737119,-1.10207,-0.503269,1.32333,1.95007,-16.2938,-0.586214,-0.848003,-0.10642,0,0,8.14281e-19,-0,0,0.000417134,0,0,-0.528273,-0.737119,-1.10207,-0.503269,1.32333,1.95007,-16.2938,-0.586214,-0.848003,-0.10642,0,0,8.14281e-19,-0.0532102,-0.0532102,-0.848003,-0.848003,-0.000924079,-1.25907e-19,0,0,True,True
1.27,-0,0,-0.000579178,0,0,0.52981,-0.742646,-1.10849,-0.507264,1.33311,1.95982,-16.4508,-0.590463,-0.851339,-0.105984,0,0,5.67592e-17,-0,0,0.000579178,0,0,-0.52981,-0.742646,-1.10849,-0.507264,1.33311,1.95982,-16.4508,-0.590463,-0.851339,-0.105984,0,0,-5.42631e-17,-0.0529918,-0.0529918,-0.851339,-0.851339,-0.000851135,-1.23418e-19,0,0,True,True
1.275,-0,0,-0.000737887,0,0,0.531364,-0.748204,-1.11444,-0.511209,1.34293,1.96869,-16.6087,-0.594727,-0.854252,-0.105546,0,0,5.70677e-17,-0,0,0.000737887,0,0,-0.531364,-0.748204,-1.11444,-0.511209,1.34293,1.96869,-16.6087,-0.594727,-0.854252,-0.105546,0,0,-5.39546e-17,-0.0527729,-0.0527729,-0.854252,-0.854252,-0.000777815,-1.20954e-19,0,0,True,True
1.28,-0,0,-0.00089321,0,0,0.532934,-0.753791,-1.11993,-0.515102,1.3528,1.97668,-16.7673,-0.599005,-0.856749,-0.105106,0,0,5.72835e-17,-0,0,0.00089321,0,0,-0.532934,-0.753791,-1.11993,-0.515102,1.3528,1.97668,-16.7673,-0.599005,-0.856749,-0.105106,0,0,-5.37388e-17,-0.0525531,-0.0525531,-0.856749,-0.856749,-0.000704168,-1.18522e-19,0,0,True,True
1.285,-0,0,-0.0010451,0,0,0.534519,-0.759403,-1.12498,-0.518941,1.3627,1.98382,-16.9265,-0.603295,-0.858837,-0.104665,0,0,5.74309e-17,-0,0,0.0010451,0,0,-0.534519,-0.759403,-1.12498,-0.518941,1.3627,1.98382,-16.9265,-0.603295,-0.858837,-0.104665,0,0,-5.35914e-17,-0.0523324,-0.0523324,-0.858837,-0.858837,-0.000630244,-1.16125e-19,0,0,True,True
1.29,-0,0,-0.00119352,0,0,0.536121,-0.76504,-1.12958,-0.522724,1.37263,1.99011,-17.0865,-0.607594,-0.860525,-0.104221,0,0,2.01665e-18,-0,0,0.00119352,0,0,-0.536121,-0.76504,-1.12958,-0.522724,1.37263,1.99011,-17.0865,-0.607594,-0.860525,-0.104221,0,0,2.01665e-18,-0.0521106,-0.0521106,-0.860525,-0.860525,-0.000556091,-1.13766e-19,0,0,True,True
1.295,-0,0,-0.00133844,0,0,0.537736,-0.770699,-1.13375,-0.526449,1.3826,1.99557,-17.247,-0.6119,-0.861819,-0.103775,0,0,2.07628e-18,-0,0,0.00133844,0,0,-0.537736,-0.770699,-1.13375,-0.526449,1.3826,1.99557,-17.247,-0.6119,-0.861819,-0.103775,0,0,2.07628e-18,-0.0518875,-0.0518875,-0.861819,-0.861819,-0.000481752,-1.11447e-19,0,0,True,True
1.3,-0,0,-0.00147983,0,0,0.539366,-0.776378,-1.13749,-0.530113,1.39259,2.00022,-17.408,-0.616212,-0.862728,-0.103326,0,0,5.76197e-17,-0,0,0.00147983,0,0,-0.539366,-0.776378,-1.13749,-0.530113,1.39259,2.00022,-17.408,-0.616212,-0.862728,-0.103326,0,0,-5.34026e-17,-0.0516631,-0.0516631,-0.862728,-0.862728,-0.000407274,-1.09169e-19,0,0,True,True
1.305,-0,0,-0.00161766,0,0,0.541009,-0.782074,-1.14081,-0.533717,1.4026,2.00407,-17.5695,-0.620527,-0.863258,-0.102875,0,0,5.76319e-17,-0,0,0.00161766,0,0,-0.541009,-0.782074,-1.14081,-0.533717,1.4026,2.00407,-17.5695,-0.620527,-0.863258,-0.102875,0,0,-5.33904e-17,-0.0514374,-0.0514374,-0.863258,-0.863258,-0.000332699,-1.06932e-19,0,0,True,True
1.31,-0,0,-0.00175192,0,0,0.542664,-0.787786,-1.14371,-0.537256,1.41263,2.00712,-17.7314,-0.624845,-0.863416,-0.10242,0,0,2.11823e-18,-0,0,0.00175192,0,0,-0.542664,-0.787786,-1.14371,-0.537256,1.41263,2.00712,-17.7314,-0.624845,-0.863416,-0.10242,0,0,2.11823e-18,-0.0512101,-0.0512101,-0.863416,-0.863416,-0.000258068,-1.04737e-19,0,0,True,True
1.315,-0,0,-0.00188259,0,0,0.544332,-0.793511,-1.1462,-0.540731,1.42267,2.00941,-17.8937,-0.629162,-0.863211,-0.101963,0,0,2.1051e-18,-0,0,0.00188259,0,0,-0.544332,-0.793511,-1.1462,-0.540731,1.42267,2.00941,-17.8937,-0.629162,-0.863211,-0.101963,0,0,2.1051e-18,-0.0509814,-0.0509814,-0.863211,-0.863211,-0.000183422,-1.02584e-19,0,0,True,True
1.32,-0,0,-0.00200967,0,0,0.546011,-0.799248,-1.14828,-0.54414,1.43272,2.01093,-18.0562,-0.633477,-0.862649,-0.101502,0,0,5.75955e-17,-0,0,0.00200967,0,0,-0.546011,-0.799248,-1.14828,-0.54414,1.43272,2.01093,-18.0562,-0.633477,-0.862649,-0.101502,0,0,-5.34268e-17,-0.0507511,-0.0507511,-0.862649,-0.862649,-0.0001088,-1.00472e-19,0,0,True,True
1.325,-0,0,-0.00213314,0,0,0.5477,-0.804994,-1.14997,-0.547481,1.44278,2.01171,-18.219,-0.637788,-0.861737,-0.101039,0,0,5.75692e-17,-0,0,0.00213314,0,0,-0.5477,-0.804994,-1.14997,-0.547481,1.44278,2.01171,-18.219,-0.637788,-0.861737,-0.101039,0,0,-5.34531e-17,-0.0505194,-0.0505194,-0.861737,-0.861737,-3.42383e-05,-9.84002e-20,0,0,True,True
1.33,-0,0,-0.002253,0,0,0.5494,-0.810748,-1.15126,-0.550754,1.45284,2.01175,-18.3819,-0.642094,-0.860482,-0.100572,0,0,5.75391e-17,-0,0,0.002253,0,0,-0.5494,-0.810748,-1.15126,-0.550754,1.45284,2.01175,-18.3819,-0.642094,-0.860482,-0.100572,0,0,-5.34832e-17,-0.0502862,-0.0502862,-0.860482,-0.860482,4.02253e-05,-9.6369e-20,0,0,True,True
1.335,-0,0,-0.00236925,0,0,0.551109,-0.816507,-1.15217,-0.553956,1.4629,2.01106,-18.545,-0.646393,-0.858892,-0.100103,0,0,5.75063e-17,-0,0,0.00236925,0,0,-0.551109,-0.816507,-1.15217,-0.553956,1.4629,2.01106,-18.545,-0.646393,-0.858892,-0.100103,0,0,-5.3516e-17,-0.0500517,-0.0500517,-0.858892,-0.858892,0.000114556,-9.43775e-20,0,0,True,True
1.34,-0,0,-0.0024819,0,0,0.552827,-0.822269,-1.1527,-0.557087,1.47295,2.00967,-18.7081,-0.650683,-0.856973,-0.0996318,0,0,5.74718e-17,-0,0,0.0024819,0,0,-0.552827,-0.822269,-1.1527,-0.557087,1.47295,2.00967,-18.7081,-0.650683,-0.856973,-0.0996318,0,0,-5.35505e-17,-0.0498159,-0.0498159,-0.856973,-0.856973,0.000188721,-9.24251e-20,0,0,True,True
1.345,-0,0,-0.00259095,0,0,0.554554,-0.828034,-1.15285,-0.560145,1.483,2.00758,-18.8712,-0.654963,-0.854731,-0.0991578,0,0,5.74362e-17,-0,0,0.00259095,0,0,-0.554554,-0.828034,-1.15285,-0.560145,1.483,2.00758,-18.8712,-0.654963,-0.854731,-0.0991578,0,0,-5.35861e-17,-0.0495789,-0.0495789,-0.854731,-0.854731,0.000262686,-9.0511e-20,0,0,True,True
1.35,-0,0,-0.0026964,0,0,0.556287,-0.833798,-1.15263,-0.563131,1.49303,2.0048,-19.0343,-0.65923,-0.852175,-0.0986818,0,0,5.74e-17,-0,0,0.0026964,0,0,-0.556287,-0.833798,-1.15263,-0.563131,1.49303,2.0048,-19.0343,-0.65923,-0.852175,-0.0986818,0,0,-5.36223e-17,-0.0493409,-0.0493409,-0.852175,-0.852175,0.000336421,-8.86345e-20,0,0,True,True
1.355,-0,0,-0.00279828,0,0,0.558027,-0.83956,-1.15204,-0.566042,1.50304,2.00135,-19.1972,-0.663484,-0.849309,-0.0982039,0,0,5.73635e-17,-0,0,0.00279828,0,0,-0.558027,-0.83956,-1.15204,-0.566042,1.50304,2.00135,-19.1972,-0.663484,-0.849309,-0.0982039,0,0,-5.36588e-17,-0.049102,-0.049102,-0.849309,-0.849309,0.000409895,-8.67949e-20,0,0,True,True
1.36,-0,0,-0.00289658,0,0,0.559774,-0.845318,-1.15109,-0.568877,1.51304,1.99723,-19.36,-0.667723,-0.846141,-0.0977247,0,0,5.7327e-17,-0,0,0.00289658,0,0,-0.559774,-0.845318,-1.15109,-0.568877,1.51304,1.99723,-19.36,-0.667723,-0.846141,-0.0977247,0,0,-5.36953e-17,-0.0488623,-0.0488623,-0.846141,-0.846141,0.000483078,-8.49916e-20,0,0,True,True
1.365,-0,0,-0.00299133,0,0,0.561526,-0.851071,-1.14978,-0.571637,1.52302,1.99246,-19.5226,-0.671946,-0.842678,-0.0972443,0,0,5.72907e-17,-0,0,0.00299133,0,0,-0.561526,-0.851071,-1.14978,-0.571637,1.52302,1.99246,-19.5226,-0.671946,-0.842678,-0.0972443,0,0,-5.37316e-17,-0.0486222,-0.0486222,-0.842678,-0.842678,0.000555942,-8.32238e-20,0,0,True,True
1.37,-0,0,-0.00308254,0,0,0.563283,-0.856816,-1.14812,-0.574321,1.53297,1.98705,-19.6849,-0.67615,-0.838925,-0.0967632,0,0,5.72547e-17,-0,0,0.00308254,0,0,-0.563283,-0.856816,-1.14812,-0.574321,1.53297,1.98705,-19.6849,-0.67615,-0.838925,-0.0967632,0,0,-5.37676e-17,-0.0483816,-0.0483816,-0.838925,-0.838925,0.000628461,-8.14908e-20,0,0,True,True
1.375,-0,0,-0.00317022,0,0,0.565043,-0.862552,-1.14612,-0.576926,1.54289,1.981,-19.8469,-0.680335,-0.834889,-0.0962819,0,0,5.72192e-17,-0,0,0.00317022,0,0,-0.565043,-0.862552,-1.14612,-0.576926,1.54289,1.981,-19.8469,-0.680335,-0.834889,-0.0962819,0,0,-5.38032e-17,-0.0481409,-0.0481409,-0.834889,-0.834889,0.000700608,-7.97919e-20,0,0,True,True
1.38,-0,0,-0.00325441,0,0,0.566808,-0.868277,-1.14376,-0.579454,1.55278,1.97434,-20.0085,-0.684499,-0.830576,-0.0958007,0,0,1.67291e-18,-0,0,0.00325441,0,0,-0.566808,-0.868277,-1.14376,-0.579454,1.55278,1.97434,-20.0085,-0.684499,-0.830576,-0.0958007,0,0,1.67291e-18,-0.0479004,-0.0479004,-0.830576,-0.830576,0.000772357,-7.81263e-20,0,0,True,True
1.385,-0,0,-0.00333511,0,0,0.568574,-0.87399,-1.14107,-0.581903,1.56263,1.96707,-20.1697,-0.688641,-0.825993,-0.0953201,0,0,5.71495e-17,-0,0,0.00333511,0,0,-0.568574,-0.87399,-1.14107,-0.581903,1.56263,1.96707,-20.1697,-0.688641,-0.825993,-0.0953201,0,0,-5.38728e-17,-0.0476601,-0.0476601,-0.825993,-0.825993,0.000843685,-7.64935e-20,0,0,True,True
1.39,-0,0,-0.00341235,0,0,0.570343,-0.879688,-1.13805,-0.584272,1.57245,1.95919,-20.3304,-0.692759,-0.821145,-0.0948407,0,0,5.71155e-17,-0,0,0.00341235,0,0,-0.570343,-0.879688,-1.13805,-0.584272,1.57245,1.95919,-20.3304,-0.692759,-0.821145,-0.0948407,0,0,-5.39068e-17,-0.0474203,-0.0474203,-0.821145,-0.821145,0.000914568,-7.48927e-20,0,0,True,True
1.395,-0,0,-0.00348616,0,0,0.572114,-0.88537,-1.13469,-0.586562,1.58222,1.95073,-20.4906,-0.696852,-0.816039,-0.0943628,0,0,5.70821e-17,-0,0,0.00348616,0,0,-0.572114,-0.88537,-1.13469,-0.586562,1.58222,1.95073,-20.4906,-0.696852,-0.816039,-0.0943628,0,0,-5.39402e-17,-0.0471814,-0.0471814,-0.816039,-0.816039,0.000984984,-7.33233e-20,0,0,True,True
1.4,-0,0,-0.00355656,0,0,0.573885,-0.891035,-1.131,-0.588771,1.59195,1.94168,-20.6502,-0.700919,-0.810681,-0.0938871,0,0,5.70492e-17,-0,0,0.00355656,0,0,-0.573885,-0.891035,-1.131,-0.588771,1.59195,1.94168,-20.6502,-0.700919,-0.810681,-0.0938871,0,0,-5.39731e-17,-0.0469436,-0.0469436,-0.810681,-0.810681,0.00105491,-7.17845e-20,0,0,True,True
1.405,-0,0,-0.00362358,0,0,0.575656,-0.89668,-1.12698,-0.5909,1.60164,1.93206,-20.8091,-0.704959,-0.805076,-0.093414,0,0,5.7017e-17,-0,0,0.00362358,0,0,-0.575656,-0.89668,-1.12698,-0.5909,1.60164,1.93206,-20.8091,-0.704959,-0.805076,-0.093414,0,0,-5.40053e-17,-0.046707,-0.046707,-0.805076,-0.805076,0.00112433,-7.02759e-20,0,0,True,True
1.41,-0,0,-0.00368724,0,0,0.577426,-0.902305,-1.12265,-0.592948,1.61127,1.92188,-20.9674,-0.70897,-0.799231,-0.0929441,0,0,5.69853e-17,-0,0,0.00368724,0,0,-0.577426,-0.902305,-1.12265,-0.592948,1.61127,1.92188,-20.9674,-0.70897,-0.799231,-0.0929441,0,0,-5.4037e-17,-0.046472,-0.046472,-0.799231,-0.799231,0.00119322,-6.87966e-20,0,0,True,True
1.415,-0,0,-0.00374757,0,0,0.579195,-0.907907,-1.11799,-0.594914,1.62086,1.91115,-21.1249,-0.712951,-0.793151,-0.0924778,0,0,5.69543e-17,-0,0,0.00374757,0,0,-0.579195,-0.907907,-1.11799,-0.594914,1.62086,1.91115,-21.1249,-0.712951,-0.793151,-0.0924778,0,0,-5.4068e-17,-0.0462389,-0.0462389,-0.793151,-0.793151,0.00126156,-6.73462e-20,0,0,True,True
1.42,-0,0,-0.0038046,0,0,0.580962,-0.913485,-1.11302,-0.596799,1.63039,1.89987,-21.2816,-0.716902,-0.786842,-0.0920158,0,0,5.69238e-17,-0,0,0.0038046,0,0,-0.580962,-0.913485,-1.11302,-0.596799,1.63039,1.89987,-21.2816,-0.716902,-0.786842,-0.0920158,0,0,-5.40985e-17,-0.0460079,-0.0460079,-0.786842,-0.786842,0.00132933,-6.5924e-20,0,0,True,True
1.425,-0,0,-0.00385837,0,0,0.582726,-0.919037,-1.10774,-0.598602,1.63986,1.88805,-21.4375,-0.72082,-0.78031,-0.0915585,0,0,5.68939e-17,-0,0,0.00385837,0,0,-0.582726,-0.919037,-1.10774,-0.598602,1.63986,1.88805,-21.4375,-0.72082,-0.78031,-0.0915585,0,0,-5.41284e-17,-0.0457792,-0.0457792,-0.78031,-0.78031,0.00139652,-6.45295e-20,0,0,True,True
1.43,-0,0,-0.0039089,0,0,0.584487,-0.924562,-1.10215,-0.600323,1.64927,1.87571,-21.5925,-0.724705,-0.773561,-0.0911065,0,0,1.35341e-18,-0,0,0.0039089,0,0,-0.584487,-0.924562,-1.10215,-0.600323,1.64927,1.87571,-21.5925,-0.724705,-0.773561,-0.0911065,0,0,1.35341e-18,-0.0455532,-0.0455532,-0.773561,-0.773561,0.0014631,-6.31619e-20,0,0,True,True
1.435,-0,0,-0.00395623,0,0,0.586244,-0.930058,-1.09624,-0.601962,1.65861,1.86285,-21.7466,-0.728555,-0.7666,-0.0906603,0,0,5.68358e-17,-0,0,0.00395623,0,0,-0.586244,-0.930058,-1.09624,-0.601962,1.65861,1.86285,-21.7466,-0.728555,-0.7666,-0.0906603,0,0,-5.41865e-17,-0.0453301,-0.0453301,-0.7666,-0.7666,0.00152907,-6.18208e-20,0,0,True,True
1.44,-0,0,-0.00400039,0,0,0.587996,-0.935524,-1.09004,-0.603519,1.6679,1.84947,-21.8997,-0.732371,-0.759433,-0.0902205,0,0,5.68076e-17,-0,0,0.00400039,0,0,-0.587996,-0.935524,-1.09004,-0.603519,1.6679,1.84947,-21.8997,-0.732371,-0.759433,-0.0902205,0,0,-5.42147e-17,-0.0451102,-0.0451102,-0.759433,-0.759433,0.00159441,-6.05056e-20,0,0,True,True
1.445,-0,0,-0.00404142,0,0,0.589742,-0.940959,-1.08353,-0.604994,1.67711,1.8356,-22.0517,-0.73615,-0.752065,-0.0897875,0,0,1.26875e-18,-0,0,0.00404142,0,0,-0.589742,-0.940959,-1.08353,-0.604994,1.67711,1.8356,-22.0517,-0.73615,-0.752065,-0.0897875,0,0,1.26875e-18,-0.0448937,-0.0448937,-0.752065,-0.752065,0.0016591,-5.92158e-20,0,0,True,True
1.45,-0,0,-0.00407935,0,0,0.591482,-0.94636,-1.07672,-0.606387,1.68625,1.82123,-22.2027,-0.739891,-0.744503,-0.0893619,0,0,5.67528e-17,-0,0,0.00407935,0,0,-0.591482,-0.94636,-1.07672,-0.606387,1.68625,1.82123,-22.2027,-0.739891,-0.744503,-0.0893619,0,0,-5.42695e-17,-0.0446809,-0.0446809,-0.744503,-0.744503,0.00172312,-5.79507e-20,0,0,True,True
1.455,-0,0,-0.00411423,0,0,0.593216,-0.951726,-1.06962,-0.607698,1.69532,1.80637,-22.3525,-0.743595,-0.73675,-0.0889441,0,0,5.67261e-17,-0,0,0.00411423,0,0,-0.593216,-0.951726,-1.06962,-0.607698,1.69532,1.80637,-22.3525,-0.743595,-0.73675,-0.0889441,0,0,-5.42962e-17,-0.0444721,-0.0444721,-0.73675,-0.73675,0.00178647,-5.67099e-20,0,0,True,True
1.46,-0,0,-0.00414608,0,0,0.594942,-0.957056,-1.06222,-0.608927,1.70431,1.79103,-22.5012,-0.747259,-0.728814,-0.0885347,0,0,1.18887e-18,-0,0,0.00414608,0,0,-0.594942,-0.957056,-1.06222,-0.608927,1.70431,1.79103,-22.5012,-0.747259,-0.728814,-0.0885347,0,0,1.18887e-18,-0.0442673,-0.0442673,-0.728814,-0.728814,0.00184913,-5.54929e-20,0,0,True,True
1.465,-0,0,-0.00417496,0,0,0.59666,-0.962348,-1.05452,-0.610074,1.71323,1.77522,-22.6486,-0.750883,-0.720699,-0.0881341,0,0,1.16325e-18,-0,0,0.00417496,0,0,-0.59666,-0.962348,-1.05452,-0.610074,1.71323,1.77522,-22.6486,-0.750883,-0.720699,-0.0881341,0,0,1.16325e-18,-0.044067,-0.044067,-0.720699,-0.720699,0.00191109,-5.42991e-20,0,0,True,True
1.47,-0,0,-0.00420089,0,0,0.598369,-0.967601,-1.04654,-0.61114,1.72207,1.75895,-22.7948,-0.754466,-0.712411,-0.0877427,0,0,5.66493e-17,-0,0,0.00420089,0,0,-0.598369,-0.967601,-1.04654,-0.61114,1.72207,1.75895,-22.7948,-0.754466,-0.712411,-0.0877427,0,0,-5.4373e-17,-0.0438713,-0.0438713,-0.712411,-0.712411,0.00197233,-5.3128e-20,0,0,True,True
1.475,-0,0,-0.00422393,0,0,0.600069,-0.972814,-1.03826,-0.612125,1.73082,1.74222,-22.9397,-0.758007,-0.703955,-0.0873609,0,0,5.66246e-17,-0,0,0.00422393,0,0,-0.600069,-0.972814,-1.03826,-0.612125,1.73082,1.74222,-22.9397,-0.758007,-0.703955,-0.0873609,0,0,-5.43977e-17,-0.0436805,-0.0436805,-0.703955,-0.703955,0.00203285,-5.19792e-20,0,0,True,True
1.48,-0,0,-0.00424411,0,0,0.601759,-0.977984,-1.0297,-0.61303,1.73949,1.72504,-23.0832,-0.761505,-0.695336,-0.0869893,0,0,1.08929e-18,-0,0,0.00424411,0,0,-0.601759,-0.977984,-1.0297,-0.61303,1.73949,1.72504,-23.0832,-0.761505,-0.695336,-0.0869893,0,0,1.08929e-18,-0.0434947,-0.0434947,-0.695336,-0.695336,0.00209263,-5.08522e-20,0,0,True,True
1.485,-0,0,-0.00426149,0,0,0.603438,-0.983111,-1.02085,-0.613855,1.74807,1.70741,-23.2253,-0.76496,-0.68656,-0.0866286,0,0,5.65767e-17,-0,0,0.00426149,0,0,-0.603438,-0.983111,-1.02085,-0.613855,1.74807,1.70741,-23.2253,-0.76496,-0.68656,-0.0866286,0,0,-5.44456e-17,-0.0433143,-0.0433143,-0.68656,-0.68656,0.00215166,-4.97464e-20,0,0,True,True
1.49,-0,0,-0.00427612,0,0,0.605106,-0.988192,-1.01173,-0.614601,1.75656,1.68936,-23.366,-0.768371,-0.677632,-0.0862791,0,0,1.04229e-18,-0,0,0.00427612,0,0,-0.605106,-0.988192,-1.01173,-0.614601,1.75656,1.68936,-23.366,-0.768371,-0.677632,-0.0862791,0,0,1.04229e-18,-0.0431395,-0.0431395,-0.677632,-0.677632,0.00220994,-4.86615e-20,0,0,True,True
1.495,-0,0,-0.00428804,0,0,0.606761,-0.993228,-1.00231,-0.615267,1.76496,1.67087,-23.5052,-0.771737,-0.668557,-0.0859413,0,0,5.65306e-17,-0,0,0.00428804,0,0,-0.606761,-0.993228,-1.00231,-0.615267,1.76496,1.67087,-23.5052,-0.771737,-0.668557,-0.0859413,0,0,-5.44917e-17,-0.0429706,-0.0429706,-0.668557,-0.668557,0.00226745,-4.7597e-20,0,0,True,True
1.5,-0,0,-0.00429729,0,0,0.608404,-0.998215,-0.992623,-0.615856,1.77327,1.65196,-23.6429,-0.775057,-0.659341,-0.0856154,0,0,5.65082e-17,-0,0,0.00429729,0,0,-0.608404,-0.998215,-0.992623,-0.615856,1.77327,1.65196,-23.6429,-0.775057,-0.659341,-0.0856154,0,0,-5.45141e-17,-0.0428077,-0.0428077,-0.659341,-0.659341,0.00232418,-4.65524e-20,0,0,True,True
1.505,-0,0,-0.00430394,0,0,0.610033,-1.00315,-0.982655,-0.616368,1.78148,1.63264,-23.779,-0.77833,-0.649988,-0.0853017,0,0,5.64862e-17,-0,0,0.00430394,0,0,-0.610033,-1.00315,-0.982655,-0.616368,1.78148,1.63264,-23.779,-0.77833,-0.649988,-0.0853017,0,0,-5.45361e-17,-0.0426508,-0.0426508,-0.649988,-0.649988,0.00238012,-4.55272e-20,0,0,True,True
1.51,-0,0,-0.00430804,0,0,0.611649,-1.00804,-0.97241,-0.616803,1.7896,1.61291,-23.9135,-0.781556,-0.640503,-0.0850004,0,0,5.64646e-17,-0,0,0.00430804,0,0,-0.611649,-1.00804,-0.97241,-0.616803,1.7896,1.61291,-23.9135,-0.781556,-0.640503,-0.0850004,0,0,-5.45577e-17,-0.0425002,-0.0425002,-0.640503,-0.640503,0.00243527,-4.45212e-20,0,0,True,True
1.515,-0,0,-0.00430963,0,0,0.61325,-1.01288,-0.961891,-0.617163,1.79761,1.59278,-24.0464,-0.784735,-0.630893,-0.0847119,0,0,9.32291e-19,-0,0,0.00430963,0,0,-0.61325,-1.01288,-0.961891,-0.617163,1.79761,1.59278,-24.0464,-0.784735,-0.630893,-0.0847119,0,0,9.32291e-19,-0.0423559,-0.0423559,-0.630893,-0.630893,0.00248962,-4.35337e-20,0,0,True,True
1.52,-0,0,-0.00430878,0,0,0.614836,-1.01766,-0.951099,-0.617448,1.80553,1.57226,-24.1776,-0.787865,-0.62116,-0.0844362,0,0,5.64227e-17,-0,0,0.00430878,0,0,-0.614836,-1.01766,-0.951099,-0.617448,1.80553,1.57226,-24.1776,-0.787865,-0.62116,-0.0844362,0,0,-5.45996e-17,-0.0422181,-0.0422181,-0.62116,-0.62116,0.00254316,-4.25645e-20,0,0,True,True
1.525,-0,0,-0.00430555,0,0,0.616406,-1.02239,-0.940036,-0.61766,1.81334,1.55135,-24.3071,-0.790947,-0.611312,-0.0841738,0,0,5.64023e-17,-0,0,0.00430555,0,0,-0.616406,-1.02239,-0.940036,-0.61766,1.81334,1.55135,-24.3071,-0.790947,-0.611312,-0.0841738,0,0,-5.46201e-17,-0.0420869,-0.0420869,-0.611312,-0.611312,0.00259587,-4.16131e-20,0,0,True,True
1.53,-0,0,-0.00429999,0,0,0.61796,-1.02706,-0.928704,-0.6178,1.82104,1.53006,-24.4348,-0.793979,-0.601352,-0.0839247,0,0,5.63822e-17,-0,0,0.00429999,0,0,-0.61796,-1.02706,-0.928704,-0.6178,1.82104,1.53006,-24.4348,-0.793979,-0.601352,-0.0839247,0,0,-5.46401e-17,-0.0419623,-0.0419623,-0.601352,-0.601352,0.00264776,-4.06792e-20,0,0,True,True
1.535,-0,0,-0.00429217,0,0,0.619496,-1.03168,-0.917105,-0.61787,1.82864,1.50839,-24.5607,-0.79696,-0.591286,-0.0836891,0,0,5.63626e-17,-0,0,0.00429217,0,0,-0.619496,-1.03168,-0.917105,-0.61787,1.82864,1.50839,-24.5607,-0.79696,-0.591286,-0.0836891,0,0,-5.46597e-17,-0.0418445,-0.0418445,-0.591286,-0.591286,0.00269882,-3.97622e-20,0,0,True,True
1.54,-0,0,-0.00428216,0,0,0.621016,-1.03623,-0.90524,-0.61787,1.83612,1.48636,-24.6848,-0.799891,-0.581118,-0.0834671,0,0,8.32099e-19,-0,0,0.00428216,0,0,-0.621016,-1.03623,-0.90524,-0.61787,1.83612,1.48636,-24.6848,-0.799891,-0.581118,-0.0834671,0,0,8.32099e-19,-0.0417336,-0.0417336,-0.581118,-0.581118,0.00274904,-3.88619e-20,0,0,True,True
1.545,-0,0,-0.00427002,0,0,0.622517,-1.04073,-0.893112,-0.617802,1.8435,1.46396,-24.8071,-0.802771,-0.570853,-0.0832589,0,0,8.13143e-19,-0,0,0.00427002,0,0,-0.622517,-1.04073,-0.893112,-0.617802,1.8435,1.46396,-24.8071,-0.802771,-0.570853,-0.0832589,0,0,8.13143e-19,-0.0416295,-0.0416295,-0.570853,-0.570853,0.00279841,-3.79779e-20,0,0,True,True
1.55,-0,0,-0.00425581,0,0,0.623999,-1.04516,-0.880721,-0.617668,1.85076,1.44122,-24.9274,-0.8056,-0.560496,-0.0830646,0,0,5.63057e-17,-0,0,0.00425581,0,0,-0.623999,-1.04516,-0.880721,-0.617668,1.85076,1.44122,-24.9274,-0.8056,-0.560496,-0.0830646,0,0,-5.47166e-17,-0.0415323,-0.0415323,-0.560496,-0.560496,0.00284692,-3.71097e-20,0,0,True,True
1.555,-0,0,-0.00423962,0,0,0.625462,-1.04954,-0.868071,-0.617469,1.85791,1.41812,-25.0459,-0.808376,-0.550052,-0.0828842,0,0,5.62874e-17,-0,0,0.00423962,0,0,-0.625462,-1.04954,-0.868071,-0.617469,1.85791,1.41812,-25.0459,-0.808376,-0.550052,-0.0828842,0,0,-5.47349e-17,-0.0414421,-0.0414421,-0.550052,-0.550052,0.00289458,-3.62571e-20,0,0,True,True
1.56,-0,0,-0.00422151,0,0,0.626905,-1.05384,-0.855162,-0.617207,1.86494,1.39469,-25.1624,-0.8111,-0.539524,-0.0827178,0,0,5.62694e-17,-0,0,0.00422151,0,0,-0.626905,-1.05384,-0.855162,-0.617207,1.86494,1.39469,-25.1624,-0.8111,-0.539524,-0.0827178,0,0,-5.47529e-17,-0.0413589,-0.0413589,-0.539524,-0.539524,0.00294137,-3.54196e-20,0,0,True,True
1.565,-0,0,-0.00420157,0,0,0.628327,-1.05809,-0.841997,-0.616885,1.87186,1.37092,-25.2768,-0.813772,-0.528918,-0.0825652,0,0,5.62518e-17,-0,0,0.00420157,0,0,-0.628327,-1.05809,-0.841997,-0.616885,1.87186,1.37092,-25.2768,-0.813772,-0.528918,-0.0825652,0,0,-5.47705e-17,-0.0412826,-0.0412826,-0.528918,-0.528918,0.00298729,-3.4597e-20,0,0,True,True
1.57,-0,0,-0.00417986,0,0,0.629729,-1.06226,-0.828579,-0.616503,1.87865,1.34682,-25.3893,-0.81639,-0.518238,-0.0824265,0,0,5.62345e-17,-0,0,0.00417986,0,0,-0.629729,-1.06226,-0.828579,-0.616503,1.87865,1.34682,-25.3893,-0.81639,-0.518238,-0.0824265,0,0,-5.47878e-17,-0.0412133,-0.0412133,-0.518238,-0.518238,0.00303233,-3.37889e-20,0,0,True,True
1.575,-0,0,-0.00415647,0,0,0.631109,-1.06637,-0.814909,-0.616065,1.88533,1.3224,-25.4997,-0.818954,-0.507489,-0.0823017,0,0,7.06317e-19,-0,0,0.00415647,0,0,-0.631109,-1.06637,-0.814909,-0.616065,1.88533,1.3224,-25.4997,-0.818954,-0.507489,-0.0823017,0,0,7.06317e-19,-0.0411508,-0.0411508,-0.507489,-0.507489,0.00307649,-3.29949e-20,0,0,True,True
1.58,-0,0,-0.00413149,0,0,0.632467,-1.07041,-0.800989,-0.615572,1.89188,1.29766,-25.6081,-0.821465,-0.496674,-0.0821904,0,0,6.89594e-19,-0,0,0.00413149,0,0,-0.632467,-1.07041,-0.800989,-0.615572,1.89188,1.29766,-25.6081,-0.821465,-0.496674,-0.0821904,0,0,6.89594e-19,-0.0410952,-0.0410952,-0.496674,-0.496674,0.00311976,-3.22147e-20,0,0,True,True
1.585,-0,0,-0.00410499,0,0,0.633802,-1.07438,-0.786822,-0.615026,1.8983,1.27262,-25.7143,-0.823921,-0.485797,-0.0820928,0,0,6.73161e-19,-0,0,0.00410499,0,0,-0.633802,-1.07438,-0.786822,-0.615026,1.8983,1.27262,-25.7143,-0.823921,-0.485797,-0.0820928,0,0,6.73161e-19,-0.0410464,-0.0410464,-0.485797,-0.485797,0.00316213,-3.14479e-20,0,0,True,True
1.59,-0,0,-0.00407707,0,0,0.635114,-1.07828,-0.77241,-0.614431,1.9046,1.24727,-25.8184,-0.826322,-0.474864,-0.0820084,0,0,5.61682e-17,-0,0,0.00407707,0,0,-0.635114,-1.07828,-0.77241,-0.614431,1.9046,1.24727,-25.8184,-0.826322,-0.474864,-0.0820084,0,0,-5.48541e-17,-0.0410042,-0.0410042,-0.474864,-0.474864,0.00320361,-3.06943e-20,0,0,True,True
1.595,-0,0,-0.00404781,0,0,0.636403,-1.08211,-0.757756,-0.613788,1.91078,1.22163,-25.9204,-0.828669,-0.463878,-0.0819372,0,0,6.41138e-19,-0,0,0.00404781,0,0,-0.636403,-1.08211,-0.757756,-0.613788,1.91078,1.22163,-25.9204,-0.828669,-0.463878,-0.0819372,0,0,6.41138e-19,-0.0409686,-0.0409686,-0.463878,-0.463878,0.00324419,-2.99536e-20,0,0,True,True
1.6,-0,0,-0.00401731,0,0,0.637668,-1.08586,-0.742863,-0.6131,1.91682,1.19571,-26.0202,-0.830961,-0.452843,-0.0818788,0,0,5.61367e-17,-0,0,0.00401731,0,0,-0.637668,-1.08586,-0.742863,-0.6131,1.91682,1.19571,-26.0202,-0.830961,-0.452843,-0.0818788,0,0,-5.48856e-17,-0.0409394,-0.0409394,-0.452843,-0.452843,0.00328385,-2.92254e-20,0,0,True,True
1.605,-0,0,-0.00398566,0,0,0.638908,-1.08954,-0.727733,-0.61237,1.92273,1.16949,-26.1178,-0.833198,-0.441762,-0.081833,0,0,5.61213e-17,-0,0,0.00398566,0,0,-0.638908,-1.08954,-0.727733,-0.61237,1.92273,1.16949,-26.1178,-0.833198,-0.441762,-0.081833,0,0,-5.4901e-17,-0.0409165,-0.0409165,-0.441762,-0.441762,0.00332261,-2.85094e-20,0,0,True,True
1.61,-0,0,-0.00395295,0,0,0.640123,-1.09314,-0.712369,-0.6116,1.92852,1.14301,-26.2131,-0.835379,-0.430639,-0.0817994,0,0,5.95106e-19,-0,0,0.00395295,0,0,-0.640123,-1.09314,-0.712369,-0.6116,1.92852,1.14301,-26.2131,-0.835379,-0.430639,-0.0817994,0,0,5.95106e-19,-0.0408997,-0.0408997,-0.430639,-0.430639,0.00336044,-2.78054e-20,0,0,True,True
1.615,-0,0,-0.00391929,0,0,0.641312,-1.09666,-0.696775,-0.610794,1.93416,1.11625,-26.3063,-0.837504,-0.419479,-0.0817776,0,0,5.60914e-17,-0,0,0.00391929,0,0,-0.641312,-1.09666,-0.696775,-0.610794,1.93416,1.11625,-26.3063,-0.837504,-0.419479,-0.0817776,0,0,-5.49309e-17,-0.0408888,-0.0408888,-0.419479,-0.419479,0.00339736,-2.7113e-20,0,0,True,True
1.62,-0,0,-0.00388476,0,0,0.642475,-1.1001,-0.680952,-0.609954,1.93968,1.08924,-26.3971,-0.839574,-0.408284,-0.0817674,0,0,5.60768e-17,-0,0,0.00388476,0,0,-0.642475,-1.1001,-0.680952,-0.609954,1.93968,1.08924,-26.3971,-0.839574,-0.408284,-0.0817674,0,0,-5.49455e-17,-0.0408837,-0.0408837,-0.408284,-0.408284,0.00343335,-2.64319e-20,0,0,True,True
1.625,-0,0,-0.00384948,0,0,0.643612,-1.10347,-0.664906,-0.609083,1.94506,1.06196,-26.4857,-0.841587,-0.397058,-0.0817682,0,0,5.60625e-17,-0,0,0.00384948,0,0,-0.643612,-1.10347,-0.664906,-0.609083,1.94506,1.06196,-26.4857,-0.841587,-0.397058,-0.0817682,0,0,-5.49598e-17,-0.0408841,-0.0408841,-0.397058,-0.397058,0.0034684,-2.57618e-20,0,0,True,True
1.63,-0,0,-0.00381355,0,0,0.644723,-1.10675,-0.648639,-0.608184,1.9503,1.03444,-26.5719,-0.843544,-0.385803,-0.0817795,0,0,5.37205e-19,-0,0,0.00381355,0,0,-0.644723,-1.10675,-0.648639,-0.608184,1.9503,1.03444,-26.5719,-0.843544,-0.385803,-0.0817795,0,0,5.37205e-19,-0.0408898,-0.0408898,-0.385803,-0.385803,0.00350253,-2.51026e-20,0,0,True,True
1.635,-0,0,-0.00377706,0,0,0.645805,-1.10996,-0.632154,-0.607261,1.9554,1.00668,-26.6558,-0.845445,-0.374524,-0.0818009,0,0,5.60345e-17,-0,0,0.00377706,0,0,-0.645805,-1.10996,-0.632154,-0.607261,1.9554,1.00668,-26.6558,-0.845445,-0.374524,-0.0818009,0,0,-5.49878e-17,-0.0409005,-0.0409005,-0.374524,-0.374524,0.00353571,-2.44538e-20,0,0,True,True
1.64,-0,0,-0.00374013,0,0,0.64686,-1.11307,-0.615456,-0.606317,1.96036,0.978678,-26.7374,-0.847289,-0.363222,-0.0818319,0,0,5.09632e-19,-0,0,0.00374013,0,0,-0.64686,-1.11307,-0.615456,-0.606317,1.96036,0.978678,-26.7374,-0.847289,-0.363222,-0.0818319,0,0,5.09632e-19,-0.040916,-0.040916,-0.363222,-0.363222,0.00356795,-2.38153e-20,0,0,True,True
1.645,-0,0,-0.00370286,0,0,0.647887,-1.11611,-0.598549,-0.605354,1.96519,0.95045,-26.8166,-0.849077,-0.351901,-0.0818719,0,0,5.60073e-17,-0,0,0.00370286,0,0,-0.647887,-1.11611,-0.598549,-0.605354,1.96519,0.95045,-26.8166,-0.849077,-0.351901,-0.0818719,0,0,-5.5015e-17,-0.0409359,-0.0409359,-0.351901,-0.351901,0.00359925,-2.31867e-20,0,0,True,True
1.65,-0,0,-0.00366536,0,0,0.648886,-1.11906,-0.581436,-0.604377,1.96987,0.922,-26.8935,-0.850808,-0.340564,-0.0819202,0,0,5.59941e-17,-0,0,0.00366536,0,0,-0.648886,-1.11906,-0.581436,-0.604377,1.96987,0.922,-26.8935,-0.850808,-0.340564,-0.0819202,0,0,-5.50282e-17,-0.0409601,-0.0409601,-0.340564,-0.340564,0.00362959,-2.25678e-20,0,0,True,True
1.655,-0,0,-0.00362774,0,0,0.649855,-1.12192,-0.564123,-0.603388,1.97441,0.893335,-26.9679,-0.852483,-0.329212,-0.0819764,0,0,5.5981e-17,-0,0,0.00362774,0,0,-0.649855,-1.12192,-0.564123,-0.603388,1.97441,0.893335,-26.9679,-0.852483,-0.329212,-0.0819764,0,0,-5.50413e-17,-0.0409882,-0.0409882,-0.329212,-0.329212,0.00365898,-2.19584e-20,0,0,True,True
1.66,-0,0,-0.0035901,0,0,0.650795,-1.1247,-0.546612,-0.602391,1.9788,0.864462,-27.0399,-0.854101,-0.317849,-0.0820397,0,0,4.57011e-19,-0,0,0.0035901,0,0,-0.650795,-1.1247,-0.546612,-0.602391,1.9788,0.864462,-27.0399,-0.854101,-0.317849,-0.0820397,0,0,4.57011e-19,-0.0410198,-0.0410198,-0.317849,-0.317849,0.00368742,-2.13581e-20,0,0,True,True
1.665,-0,0,-0.00355255,0,0,0.651706,-1.12739,-0.52891,-0.60139,1.98305,0.835387,-27.1096,-0.855661,-0.306477,-0.0821095,0,0,5.59555e-17,-0,0,0.00355255,0,0,-0.651706,-1.12739,-0.52891,-0.60139,1.98305,0.835387,-27.1096,-0.855661,-0.306477,-0.0821095,0,0,-5.50668e-17,-0.0410548,-0.0410548,-0.306477,-0.306477,0.00371489,-2.07668e-20,0,0,True,True
1.67,-0,0,-0.0035152,0,0,0.652586,-1.12999,-0.511021,-0.600387,1.98716,0.806117,-27.1768,-0.857165,-0.295097,-0.0821852,0,0,4.31874e-19,-0,0,0.0035152,0,0,-0.652586,-1.12999,-0.511021,-0.600387,1.98716,0.806117,-27.1768,-0.857165,-0.295097,-0.0821852,0,0,4.31874e-19,-0.0410926,-0.0410926,-0.295097,-0.295097,0.00374139,-2.01842e-20,0,0,True,True
1.675,-0,0,-0.00347817,0,0,0.653437,-1.1325,-0.492949,-0.599387,1.99111,0.77666,-27.2415,-0.858612,-0.283711,-0.082266,0,0,5.59307e-17,-0,0,0.00347817,0,0,-0.653437,-1.1325,-0.492949,-0.599387,1.99111,0.77666,-27.2415,-0.858612,-0.283711,-0.082266,0,0,-5.50916e-17,-0.041133,-0.041133,-0.283711,-0.283711,0.00376693,-1.96099e-20,0,0,True,True
1.68,-0,0,-0.00344155,0,0,0.654256,-1.13492,-0.474701,-0.598392,1.99492,0.747023,-27.3038,-0.860002,-0.272322,-0.0823512,0,0,4.07463e-19,-0,0,0.00344155,0,0,-0.654256,-1.13492,-0.474701,-0.598392,1.99492,0.747023,-27.3038,-0.860002,-0.272322,-0.0823512,0,0,4.07463e-19,-0.0411756,-0.0411756,-0.272322,-0.272322,0.0037915,-1.90439e-20,0,0,True,True
1.685,-0,0,-0.00340545,0,0,0.655045,-1.13725,-0.45628,-0.597406,1.99858,0.717211,-27.3636,-0.861336,-0.260931,-0.0824402,0,0,5.59067e-17,-0,0,0.00340545,0,0,-0.655045,-1.13725,-0.45628,-0.597406,1.99858,0.717211,-27.3636,-0.861336,-0.260931,-0.0824402,0,0,-5.51156e-17,-0.0412201,-0.0412201,-0.260931,-0.260931,0.00381509,-1.84859e-20,0,0,True,True
1.69,-0,0,-0.00336999,0,0,0.655802,-1.13948,-0.437694,-0.596433,2.00209,0.687233,-27.4209,-0.862612,-0.249539,-0.0825322,0,0,3.83736e-19,-0,0,0.00336999,0,0,-0.655802,-1.13948,-0.437694,-0.596433,2.00209,0.687233,-27.4209,-0.862612,-0.249539,-0.0825322,0,0,3.83736e-19,-0.0412661,-0.0412661,-0.249539,-0.249539,0.0038377,-1.79355e-20,0,0,True,True
1.695,-0,0,-0.00333526,0,0,0.656527,-1.14162,-0.418947,-0.595475,2.00546,0.657095,-27.4758,-0.863831,-0.238148,-0.0826264,0,0,5.58833e-17,-0,0,0.00333526,0,0,-0.656527,-1.14162,-0.418947,-0.595475,2.00546,0.657095,-27.4758,-0.863831,-0.238148,-0.0826264,0,0,-5.5139e-17,-0.0413132,-0.0413132,-0.238148,-0.238148,0.00385933,-1.73927e-20,0,0,True,True
1.7,-0,0,-0.00330136,0,0,0.657221,-1.14367,-0.400045,-0.594537,2.00867,0.626805,-27.5281,-0.864993,-0.226759,-0.0827223,0,0,5.58718e-17,-0,0,0.00330136,0,0,-0.657221,-1.14367,-0.400045,-0.594537,2.00867,0.626805,-27.5281,-0.864993,-0.226759,-0.0827223,0,0,-5.51505e-17,-0.0413611,-0.0413611,-0.226759,-0.226759,0.00387998,-1.68571e-20,0,0,True,True
1.705,-0,0,-0.00326841,0,0,0.657883,-1.14563,-0.380995,-0.593621,2.01172,0.596369,-27.578,-0.866099,-0.215373,-0.0828189,0,0,5.58605e-17,-0,0,0.00326841,0,0,-0.657883,-1.14563,-0.380995,-0.593621,2.01172,0.596369,-27.578,-0.866099,-0.215373,-0.0828189,0,0,-5.51618e-17,-0.0414095,-0.0414095,-0.215373,-0.215373,0.00389964,-1.63286e-20,0,0,True,True
1.71,-0,0,-0.00323648,0,0,0.658512,-1.14748,-0.361803,-0.59273,2.01463,0.565794,-27.6253,-0.867147,-0.203991,-0.0829157,0,0,5.58493e-17,-0,0,0.00323648,0,0,-0.658512,-1.14748,-0.361803,-0.59273,2.01463,0.565794,-27.6253,-0.867147,-0.203991,-0.0829157,0,0,-5.5173e-17,-0.0414578,-0.0414578,-0.203991,-0.203991,0.00391832,-1.58069e-20,0,0,True,True
1.715,-0,0,-0.00320569,0,0,0.659109,-1.14924,-0.342475,-0.591868,2.01738,0.535088,-27.6701,-0.868139,-0.192613,-0.0830119,0,0,5.58383e-17,-0,0,0.00320569,0,0,-0.659109,-1.14924,-0.342475,-0.591868,2.01738,0.535088,-27.6701,-0.868139,-0.192613,-0.0830119,0,0,-5.5184e-17,-0.0415059,-0.0415059,-0.192613,-0.192613,0.003936,-1.52918e-20,0,0,True,True
1.72,-0,0,-0.00317612,0,0,0.659673,-1.15091,-0.323017,-0.591037,2.01998,0.504258,-27.7124,-0.869073,-0.181241,-0.0831068,0,0,3.16269e-19,-0,0,0.00317612,0,0,-0.659673,-1.15091,-0.323017,-0.591037,2.01998,0.504258,-27.7124,-0.869073,-0.181241,-0.0831068,0,0,3.16269e-19,-0.0415534,-0.0415534,-0.181241,-0.181241,0.00395268,-1.47831e-20,0,0,True,True
1.725,-0,0,-0.00314786,0,0,0.660203,-1.15247,-0.303437,-0.590241,2.02242,0.473311,-27.7521,-0.869951,-0.169874,-0.0831997,0,0,3.05516e-19,-0,0,0.00314786,0,0,-0.660203,-1.15247,-0.303437,-0.590241,2.02242,0.473311,-27.7521,-0.869951,-0.169874,-0.0831997,0,0,3.05516e-19,-0.0415999,-0.0415999,-0.169874,-0.169874,0.00396837,-1.42806e-20,0,0,True,True
1.73,-0,0,-0.00312099,0,0,0.660701,-1.15394,-0.283741,-0.589483,2.02471,0.442254,-27.7893,-0.870772,-0.158513,-0.08329,0,0,2.94891e-19,-0,0,0.00312099,0,0,-0.660701,-1.15394,-0.283741,-0.589483,2.02471,0.442254,-27.7893,-0.870772,-0.158513,-0.08329,0,0,2.94891e-19,-0.041645,-0.041645,-0.158513,-0.158513,0.00398306,-1.3784e-20,0,0,True,True
1.735,-0,0,-0.00309561,0,0,0.661165,-1.15531,-0.263936,-0.588764,2.02685,0.411095,-27.824,-0.871536,-0.147158,-0.0833771,0,0,5.57955e-17,-0,0,0.00309561,0,0,-0.661165,-1.15531,-0.263936,-0.588764,2.02685,0.411095,-27.824,-0.871536,-0.147158,-0.0833771,0,0,-5.52268e-17,-0.0416885,-0.0416885,-0.147158,-0.147158,0.00399674,-1.32932e-20,0,0,True,True
1.74,-0,0,-0.00307178,0,0,0.661595,-1.15658,-0.24403,-0.588088,2.02882,0.37984,-27.8561,-0.872243,-0.13581,-0.0834603,0,0,5.57852e-17,-0,0,0.00307178,0,0,-0.661595,-1.15658,-0.24403,-0.588088,2.02882,0.37984,-27.8561,-0.872243,-0.13581,-0.0834603,0,0,-5.52371e-17,-0.0417301,-0.0417301,-0.13581,-0.13581,0.00400943,-1.2808e-20,0,0,True,True
1.745,-0,0,-0.00304958,0,0,0.661992,-1.15775,-0.224029,-0.587456,2.03065,0.348497,-27.8857,-0.872894,-0.124468,-0.083539,0,0,5.57749e-17,-0,0,0.00304958,0,0,-0.661992,-1.15775,-0.224029,-0.587456,2.03065,0.348497,-27.8857,-0.872894,-0.124468,-0.083539,0,0,-5.52474e-17,-0.0417695,-0.0417695,-0.124468,-0.124468,0.00402111,-1.23281e-20,0,0,True,True
1.75,-0,0,-0.00302907,0,0,0.662354,-1.15882,-0.203942,-0.586872,2.03231,0.317074,-27.9127,-0.873488,-0.113132,-0.0836127,0,0,5.57647e-17,-0,0,0.00302907,0,0,-0.662354,-1.15882,-0.203942,-0.586872,2.03231,0.317074,-27.9127,-0.873488,-0.113132,-0.0836127,0,0,-5.52576e-17,-0.0418064,-0.0418064,-0.113132,-0.113132,0.00403178,-1.18533e-20,0,0,True,True
1.755,-0,0,-0.00301032,0,0,0.662683,-1.15979,-0.183775,-0.586337,2.03382,0.285576,-27.9371,-0.874025,-0.101802,-0.083681,0,0,2.43537e-19,-0,0,0.00301032,0,0,-0.662683,-1.15979,-0.183775,-0.586337,2.03382,0.285576,-27.9371,-0.874025,-0.101802,-0.083681,0,0,2.43537e-19,-0.0418405,-0.0418405,-0.101802,-0.101802,0.00404144,-1.13835e-20,0,0,True,True
1.76,-0,0,-0.00299339,0,0,0.662977,-1.16066,-0.163536,-0.585854,2.03516,0.254013,-27.959,-0.874506,-0.0904774,-0.0837433,0,0,2.33589e-19,-0,0,0.00299339,0,0,-0.662977,-1.16066,-0.163536,-0.585854,2.03516,0.254013,-27.959,-0.874506,-0.0904774,-0.0837433,0,0,2.33589e-19,-0.0418716,-0.0418716,-0.0904774,-0.0904774,0.00405009,-1.09185e-20,0,0,True,True
1.765,-0,0,-0.00297833,0,0,0.663237,-1.16143,-0.143233,-0.585423,2.03636,0.222391,-27.9783,-0.87493,-0.0791582,-0.0837991,0,0,5.57349e-17,-0,0,0.00297833,0,0,-0.663237,-1.16143,-0.143233,-0.585423,2.03636,0.222391,-27.9783,-0.87493,-0.0791582,-0.0837991,0,0,-5.52874e-17,-0.0418996,-0.0418996,-0.0791582,-0.0791582,0.00405773,-1.0458e-20,0,0,True,True
1.77,-0,0,-0.00296519,0,0,0.663462,-1.16209,-0.122873,-0.585046,2.03739,0.190717,-27.9951,-0.875298,-0.0678436,-0.0838482,0,0,5.57251e-17,-0,0,0.00296519,0,0,-0.663462,-1.16209,-0.122873,-0.585046,2.03739,0.190717,-27.9951,-0.875298,-0.0678436,-0.0838482,0,0,-5.52972e-17,-0.0419241,-0.0419241,-0.0678436,-0.0678436,0.00406436,-1.00019e-20,0,0,True,True
1.775,-0,0,-0.002954,0,0,0.663653,-1.16265,-0.102466,-0.584725,2.03826,0.158999,-28.0092,-0.875609,-0.0565332,-0.0838902,0,0,5.57155e-17,-0,0,0.002954,0,0,-0.663653,-1.16265,-0.102466,-0.584725,2.03826,0.158999,-28.0092,-0.875609,-0.0565332,-0.0838902,0,0,-5.53068e-17,-0.0419451,-0.0419451,-0.0565332,-0.0565332,0.00406998,-9.54993e-21,0,0,True,True
1.78,-0,0,-0.00294481,0,0,0.663809,-1.16312,-0.0820178,-0.584461,2.03898,0.127244,-28.0208,-0.875863,-0.0452264,-0.0839248,0,0,1.94739e-19,-0,0,0.00294481,0,0,-0.663809,-1.16312,-0.0820178,-0.584461,2.03898,0.127244,-28.0208,-0.875863,-0.0452264,-0.0839248,0,0,1.94739e-19,-0.0419624,-0.0419624,-0.0452264,-0.0452264,0.00407458,-9.10197e-21,0,0,True,True
1.785,-0,0,-0.00293763,0,0,0.663931,-1.16347,-0.0615373,-0.584255,2.03954,0.0954598,-28.0298,-0.876061,-0.0339224,-0.0839517,0,0,5.56964e-17,-0,0,0.00293763,0,0,-0.663931,-1.16347,-0.0615373,-0.584255,2.03954,0.0954598,-28.0298,-0.876061,-0.0339224,-0.0839517,0,0,-5.53259e-17,-0.0419759,-0.0419759,-0.0339224,-0.0339224,0.00407816,-8.65781e-21,0,0,True,True
1.79,-0,0,-0.0029325,0,0,0.664018,-1.16373,-0.0410325,-0.584108,2.03993,0.0636533,-28.0363,-0.876202,-0.0226207,-0.0839708,0,0,5.5687e-17,-0,0,0.0029325,0,0,-0.664018,-1.16373,-0.0410325,-0.584108,2.03993,0.0636533,-28.0363,-0.876202,-0.0226207,-0.0839708,0,0,-5.53353e-17,-0.0419854,-0.0419854,-0.0226207,-0.0226207,0.00408073,-8.21726e-21,0,0,True,True
1.795,-0,0,-0.00292943,0,0,0.66407,-1.16388,-0.0205115,-0.58402,2.04017,0.0318321,-28.0402,-0.876287,-0.0113205,-0.0839819,0,0,5.56776e-17,-0,0,0.00292943,0,0,-0.66407,-1.16388,-0.0205115,-0.58402,2.04017,0.0318321,-28.0402,-0.876287,-0.0113205,-0.0839819,0,0,-5.53447e-17,-0.041991,-0.041991,-0.0113205,-0.0113205,0.00408229,-7.78013e-21,0,0,True,True
1.8,-0,0,-0.00292843,0,0,0.664088,-1.16394,1.76415e-05,-0.583991,2.04025,3.44349e-06,-28.0414,-0.876316,-2.1085e-05,-0.083985,0,0,5.56683e-17,-0,0,0.00292843,0,0,-0.664088,-1.16394,1.76415e-05,-0.583991,2.04025,3.44349e-06,-28.0414,-0.876316,-2.1085e-05,-0.083985,0,0,-5.5354e-17,-0.0419925,-0.0419925,-2.1085e-05,-2.1085e-05,0.00408282,-7.34626e-21,0,0,True,True
1.805,-0,0,-0.0029295,0,0,0.66407,-1.16388,0.0205468,-0.584021,2.04017,-0.0318252,-28.0402,-0.876287,0.0112784,-0.08398,0,0,1.47983e-19,-0,0,0.0029295,0,0,-0.66407,-1.16388,0.0205468,-0.584021,2.04017,-0.0318252,-28.0402,-0.876287,0.0112784,-0.08398,0,0,1.47983e-19,-0.04199,-0.04199,0.0112784,0.0112784,0.00408235,-6.91544e-21,0,0,True,True
1.81,-0,0,-0.00293263,0,0,0.664018,-1.16373,0.0410678,-0.584112,2.03993,-0.0636464,-28.0363,-0.876203,0.0225786,-0.083967,0,0,5.565e-17,-0,0,0.00293263,0,0,-0.664018,-1.16373,0.0410678,-0.584112,2.03993,-0.0636464,-28.0363,-0.876203,0.0225786,-0.083967,0,0,-5.53723e-17,-0.0419835,-0.0419835,0.0225786,0.0225786,0.00408085,-6.48751e-21,0,0,True,True
1.815,-0,0,-0.00293783,0,0,0.663931,-1.16347,0.0615726,-0.584261,2.03954,-0.0954529,-28.0298,-0.876062,0.0338803,-0.083946,0,0,5.56409e-17,-0,0,0.00293783,0,0,-0.663931,-1.16347,0.0615726,-0.584261,2.03954,-0.0954529,-28.0298,-0.876062,0.0338803,-0.083946,0,0,-5.53814e-17,-0.041973,-0.041973,0.0338803,0.0338803,0.00407834,-6.06229e-21,0,0,True,True
1.82,-0,0,-0.00294507,0,0,0.663809,-1.16312,0.0820531,-0.584469,2.03898,-0.127237,-28.0208,-0.875864,0.0451842,-0.0839172,0,0,1.20705e-19,-0,0,0.00294507,0,0,-0.663809,-1.16312,0.0820531,-0.584469,2.03898,-0.127237,-28.0208,-0.875864,0.0451842,-0.0839172,0,0,1.20705e-19,-0.0419586,-0.0419586,0.0451842,0.0451842,0.00407481,-5.63959e-21,0,0,True,True
1.825,-0,0,-0.00295433,0,0,0.663653,-1.16265,0.102501,-0.584734,2.03826,-0.158992,-28.0092,-0.87561,0.056491,-0.0838807,0,0,5.56229e-17,-0,0,0.00295433,0,0,-0.663653,-1.16265,0.102501,-0.584734,2.03826,-0.158992,-28.0092,-0.87561,0.056491,-0.0838807,0,0,-5.53994e-17,-0.0419404,-0.0419404,0.056491,0.056491,0.00407027,-5.21924e-21,0,0,True,True
1.83,-0,0,-0.00296559,0,0,0.663462,-1.16209,0.122909,-0.585057,2.03739,-0.19071,-27.9951,-0.875299,0.0678013,-0.0838368,0,0,5.56139e-17,-0,0,0.00296559,0,0,-0.663462,-1.16209,0.122909,-0.585057,2.03739,-0.19071,-27.9951,-0.875299,0.0678013,-0.0838368,0,0,-5.54084e-17,-0.0419184,-0.0419184,0.0678013,0.0678013,0.00406471,-4.80106e-21,0,0,True,True
1.835,-0,0,-0.0029788,0,0,0.663237,-1.16142,0.143268,-0.585435,2.03636,-0.222384,-27.9783,-0.874932,0.0791159,-0.0837859,0,0,5.5605e-17,-0,0,0.0029788,0,0,-0.663237,-1.16142,0.143268,-0.585435,2.03636,-0.222384,-27.9783,-0.874932,0.0791159,-0.0837859,0,0,-5.54173e-17,-0.0418929,-0.0418929,0.0791159,0.0791159,0.00405814,-4.38489e-21,0,0,True,True
1.84,-0,0,-0.00299392,0,0,0.662977,-1.16066,0.163571,-0.585868,2.03517,-0.254006,-27.959,-0.874508,0.0904351,-0.0837281,0,0,5.55962e-17,-0,0,0.00299392,0,0,-0.662977,-1.16066,0.163571,-0.585868,2.03517,-0.254006,-27.959,-0.874508,0.0904351,-0.0837281,0,0,-5.54261e-17,-0.041864,-0.041864,0.0904351,0.0904351,0.00405056,-3.97053e-21,0,0,True,True
1.845,-0,0,-0.00301092,0,0,0.662683,-1.15979,0.18381,-0.586354,2.03382,-0.28557,-27.9371,-0.874027,0.10176,-0.0836639,0,0,5.55874e-17,-0,0,0.00301092,0,0,-0.662683,-1.15979,0.18381,-0.586354,2.03382,-0.28557,-27.9371,-0.874027,0.10176,-0.0836639,0,0,-5.54349e-17,-0.041832,-0.041832,0.10176,0.10176,0.00404197,-3.55783e-21,0,0,True,True
1.85,-0,0,-0.00302973,0,0,0.662354,-1.15882,0.203977,-0.586891,2.03231,-0.317067,-27.9127,-0.87349,0.11309,-0.0835938,0,0,6.74125e-20,-0,0,0.00302973,0,0,-0.662354,-1.15882,0.203977,-0.586891,2.03231,-0.317067,-27.9127,-0.87349,0.11309,-0.0835938,0,0,6.74125e-20,-0.0417969,-0.0417969,0.11309,0.11309,0.00403237,-3.14661e-21,0,0,True,True
1.855,-0,0,-0.0030503,0,0,0.661992,-1.15775,0.224065,-0.587477,2.03065,-0.34849,-27.8857,-0.872896,0.124425,-0.0835182,0,0,5.55698e-17,-0,0,0.0030503,0,0,-0.661992,-1.15775,0.224065,-0.587477,2.03065,-0.34849,-27.8857,-0.872896,0.124425,-0.0835182,0,0,-5.54525e-17,-0.0417591,-0.0417591,0.124425,0.124425,0.00402175,-2.73669e-21,0,0,True,True
1.86,-0,0,-0.00307257,0,0,0.661595,-1.15658,0.244066,-0.58811,2.02882,-0.379833,-27.8561,-0.872246,0.135767,-0.0834376,0,0,5.55611e-17,-0,0,0.00307257,0,0,-0.661595,-1.15658,0.244066,-0.58811,2.02882,-0.379833,-27.8561,-0.872246,0.135767,-0.0834376,0,0,-5.54612e-17,-0.0417188,-0.0417188,0.135767,0.135767,0.00401014,-2.32791e-21,0,0,True,True
1.865,-0,0,-0.00309647,0,0,0.661165,-1.15531,0.263972,-0.588788,2.02685,-0.411088,-27.824,-0.871539,0.147116,-0.0833526,0,0,5.55523e-17,-0,0,0.00309647,0,0,-0.661165,-1.15531,0.263972,-0.588788,2.02685,-0.411088,-27.824,-0.871539,0.147116,-0.0833526,0,0,-5.547e-17,-0.0416763,-0.0416763,0.147116,0.147116,0.00399751,-1.9201e-21,0,0,True,True
1.87,-0,0,-0.00312192,0,0,0.660701,-1.15394,0.283777,-0.589508,2.02471,-0.442247,-27.7894,-0.870775,0.15847,-0.0832637,0,0,5.55436e-17,-0,0,0.00312192,0,0,-0.660701,-1.15394,0.283777,-0.589508,2.02471,-0.442247,-27.7894,-0.870775,0.15847,-0.0832637,0,0,-5.54787e-17,-0.0416318,-0.0416318,0.15847,0.15847,0.00398389,-1.51307e-21,0,0,True,True
1.875,-0,0,-0.00314886,0,0,0.660203,-1.15247,0.303473,-0.590269,2.02242,-0.473304,-27.7522,-0.869954,0.169831,-0.0831715,0,0,2.38099e-20,-0,0,0.00314886,0,0,-0.660203,-1.15247,0.303473,-0.590269,2.02242,-0.473304,-27.7522,-0.869954,0.169831,-0.0831715,0,0,2.38099e-20,-0.0415858,-0.0415858,0.169831,0.169831,0.00396926,-1.10667e-21,0,0,True,True
1.88,-0,0,-0.00317718,0,0,0.659673,-1.1509,0.323053,-0.591067,2.01998,-0.504251,-27.7124,-0.869077,0.181198,-0.0830767,0,0,1.51333e-20,-0,0,0.00317718,0,0,-0.659673,-1.1509,0.323053,-0.591067,2.01998,-0.504251,-27.7124,-0.869077,0.181198,-0.0830767,0,0,1.51333e-20,-0.0415384,-0.0415384,0.181198,0.181198,0.00395363,-7.00723e-22,0,0,True,True
1.885,-0,0,-0.00320682,0,0,0.659109,-1.14924,0.342511,-0.591899,2.01738,-0.535081,-27.6701,-0.868142,0.19257,-0.08298,0,0,6.46297e-21,-0,0,0.00320682,0,0,-0.659109,-1.14924,0.342511,-0.591899,2.01738,-0.535081,-27.6701,-0.868142,0.19257,-0.08298,0,0,6.46297e-21,-0.04149,-0.04149,0.19257,0.19257,0.00393701,-2.95058e-22,0,0,True,True
1.89,-0,0,-0.00323769,0,0,0.658512,-1.14748,0.361839,-0.592763,2.01463,-0.565787,-27.6253,-0.867151,0.203948,-0.082882,0,0,5.55089e-17,-0,0,0.00323769,0,0,-0.658512,-1.14748,0.361839,-0.592763,2.01463,-0.565787,-27.6253,-0.867151,0.203948,-0.082882,0,0,-5.55134e-17,-0.041441,-0.041441,0.203948,0.203948,0.00391939,1.10494e-22,0,0,True,True
1.895,-0,0,-0.00326968,0,0,0.657883,-1.14562,0.381031,-0.593656,2.01172,-0.596362,-27.578,-0.866103,0.21533,-0.0827834,0,0,5.55003e-17,-0,0,0.00326968,0,0,-0.657883,-1.14562,0.381031,-0.593656,2.01172,-0.596362,-27.578,-0.866103,0.21533,-0.0827834,0,0,-5.5522e-17,-0.0413917,-0.0413917,0.21533,0.21533,0.00390078,5.16103e-22,0,0,True,True
1.9,-0,0,-0.00330271,0,0,0.657221,-1.14367,0.400081,-0.594574,2.00867,-0.626798,-27.5281,-0.864998,0.226716,-0.082685,0,0,-1.95478e-20,-0,0,0.00330271,0,0,-0.657221,-1.14367,0.400081,-0.594574,2.00867,-0.626798,-27.5281,-0.864998,0.226716,-0.082685,0,0,-1.95478e-20,-0.0413425,-0.0413425,0.226716,0.226716,0.00388119,9.21938e-22,0,0,True,True
1.905,-0,0,-0.00333667,0,0,0.656527,-1.14162,0.418983,-0.595514,2.00546,-0.657088,-27.4758,-0.863835,0.238105,-0.0825874,0,0,-2.823e-20,-0,0,0.00333667,0,0,-0.656527,-1.14162,0.418983,-0.595514,2.00546,-0.657088,-27.4758,-0.863835,0.238105,-0.0825874,0,0,-2.823e-20,-0.0412937,-0.0412937,0.238105,0.238105,0.0038606,1.32817e-21,0,0,True,True
1.91,-0,0,-0.00337147,0,0,0.655802,-1.13948,0.43773,-0.596474,2.0021,-0.687226,-27.4209,-0.862616,0.249496,-0.0824913,0,0,-3.69244e-20,-0,0,0.00337147,0,0,-0.655802,-1.13948,0.43773,-0.596474,2.0021,-0.687226,-27.4209,-0.862616,0.249496,-0.0824913,0,0,-3.69244e-20,-0.0412457,-0.0412457,0.249496,0.249496,0.00383904,1.73497e-21,0,0,True,True
1.915,-0,0,-0.00340701,0,0,0.655045,-1.13724,0.456317,-0.597449,1.99858,-0.717204,-27.3636,-0.861341,0.260887,-0.0823976,0,0,5.54655e-17,-0,0,0.00340701,0,0,-0.655045,-1.13724,0.456317,-0.597449,1.99858,-0.717204,-27.3636,-0.861341,0.260887,-0.0823976,0,0,-5.55568e-17,-0.0411988,-0.0411988,0.260887,0.260887,0.00381649,2.1425e-21,0,0,True,True
1.92,-0,0,-0.00344317,0,0,0.654256,-1.13492,0.474737,-0.598437,1.99492,-0.747015,-27.3038,-0.860008,0.272278,-0.0823069,0,0,5.54568e-17,-0,0,0.00344317,0,0,-0.654256,-1.13492,0.474737,-0.598437,1.99492,-0.747015,-27.3038,-0.860008,0.272278,-0.0823069,0,0,-5.55655e-17,-0.0411534,-0.0411534,0.272278,0.272278,0.00379296,2.55094e-21,0,0,True,True
1.925,-0,0,-0.00347986,0,0,0.653437,-1.1325,0.492986,-0.599433,1.99111,-0.776653,-27.2415,-0.858618,0.283667,-0.0822199,0,0,-6.31165e-20,-0,0,0.00347986,0,0,-0.653437,-1.1325,0.492986,-0.599433,1.99111,-0.776653,-27.2415,-0.858618,0.283667,-0.0822199,0,0,-6.31165e-20,-0.0411099,-0.0411099,0.283667,0.283667,0.00376846,2.96046e-21,0,0,True,True
1.93,-0,0,-0.00351697,0,0,0.652586,-1.12999,0.511057,-0.600436,1.98716,-0.80611,-27.1768,-0.857171,0.295053,-0.0821373,0,0,-7.18959e-20,-0,0,0.00351697,0,0,-0.652586,-1.12999,0.511057,-0.600436,1.98716,-0.80611,-27.1768,-0.857171,0.295053,-0.0821373,0,0,-7.18959e-20,-0.0410687,-0.0410687,0.295053,0.295053,0.003743,3.37123e-21,0,0,True,True
1.935,-0,0,-0.00355439,0,0,0.651706,-1.12739,0.528947,-0.60144,1.98305,-0.83538,-27.1096,-0.855667,0.306433,-0.08206,0,0,-8.07057e-20,-0,0,0.00355439,0,0,-0.651706,-1.12739,0.528947,-0.60144,1.98305,-0.83538,-27.1096,-0.855667,0.306433,-0.08206,0,0,-8.07057e-20,-0.04103,-0.04103,0.306433,0.306433,0.00371656,3.78342e-21,0,0,True,True
1.94,-0,0,-0.00359201,0,0,0.650795,-1.1247,0.546649,-0.602444,1.9788,-0.864454,-27.04,-0.854107,0.317805,-0.0819885,0,0,-8.95496e-20,-0,0,0.00359201,0,0,-0.650795,-1.1247,0.546649,-0.602444,1.9788,-0.864454,-27.04,-0.854107,0.317805,-0.0819885,0,0,-8.95496e-20,-0.0409942,-0.0409942,0.317805,0.317805,0.00368916,4.1972e-21,0,0,True,True
1.945,-0,0,-0.00362972,0,0,0.649855,-1.12192,0.56416,-0.603443,1.97441,-0.893328,-26.9679,-0.852489,0.329168,-0.0819234,0,0,5.54127e-17,-0,0,0.00362972,0,0,-0.649855,-1.12192,0.56416,-0.603443,1.97441,-0.893328,-26.9679,-0.852489,0.329168,-0.0819234,0,0,-5.56096e-17,-0.0409617,-0.0409617,0.329168,0.329168,0.00366079,4.61275e-21,0,0,True,True
1.95,-0,0,-0.00366742,0,0,0.648886,-1.11905,0.581474,-0.604434,1.96987,-0.921993,-26.8935,-0.850815,0.340519,-0.0818656,0,0,5.54038e-17,-0,0,0.00366742,0,0,-0.648886,-1.11905,0.581474,-0.604434,1.96987,-0.921993,-26.8935,-0.850815,0.340519,-0.0818656,0,0,-5.56185e-17,-0.0409328,-0.0409328,0.340519,0.340519,0.00363147,5.03024e-21,0,0,True,True
1.955,-0,0,-0.00370499,0,0,0.647887,-1.1161,0.598587,-0.605413,1.96519,-0.950443,-26.8166,-0.849084,0.351856,-0.0818156,0,0,-1.16324e-19,-0,0,0.00370499,0,0,-0.647887,-1.1161,0.598587,-0.605413,1.96519,-0.950443,-26.8166,-0.849084,0.351856,-0.0818156,0,0,-1.16324e-19,-0.0409078,-0.0409078,0.351856,0.351856,0.0036012,5.44985e-21,0,0,True,True
1.96,-0,0,-0.00374234,0,0,0.64686,-1.11307,0.615494,-0.606378,1.96037,-0.978671,-26.7374,-0.847296,0.363177,-0.081774,0,0,5.53858e-17,-0,0,0.00374234,0,0,-0.64686,-1.11307,0.615494,-0.606378,1.96037,-0.978671,-26.7374,-0.847296,0.363177,-0.081774,0,0,-5.56365e-17,-0.040887,-0.040887,0.363177,0.363177,0.00356998,5.87175e-21,0,0,True,True
1.965,-0,0,-0.00377934,0,0,0.645805,-1.10995,0.632192,-0.607324,1.9554,-1.00667,-26.6559,-0.845452,0.374478,-0.0817414,0,0,-1.34412e-19,-0,0,0.00377934,0,0,-0.645805,-1.10995,0.632192,-0.607324,1.9554,-1.00667,-26.6559,-0.845452,0.374478,-0.0817414,0,0,-1.34412e-19,-0.0408707,-0.0408707,0.374478,0.374478,0.00353781,6.29612e-21,0,0,True,True
1.97,-0,0,-0.00381591,0,0,0.644723,-1.10675,0.648677,-0.608249,1.9503,-1.03443,-26.5719,-0.843552,0.385758,-0.0817184,0,0,5.53676e-17,-0,0,0.00381591,0,0,-0.644723,-1.10675,0.648677,-0.608249,1.9503,-1.03443,-26.5719,-0.843552,0.385758,-0.0817184,0,0,-5.56547e-17,-0.0408592,-0.0408592,0.385758,0.385758,0.0035047,6.72313e-21,0,0,True,True
1.975,-0,0,-0.00385192,0,0,0.643612,-1.10346,0.664944,-0.60915,1.94506,-1.06196,-26.4857,-0.841595,0.397012,-0.0817054,0,0,-1.52728e-19,-0,0,0.00385192,0,0,-0.643612,-1.10346,0.664944,-0.60915,1.94506,-1.06196,-26.4857,-0.841595,0.397012,-0.0817054,0,0,-1.52728e-19,-0.0408527,-0.0408527,0.397012,0.397012,0.00347066,7.15297e-21,0,0,True,True
1.98,-0,0,-0.00388728,0,0,0.642475,-1.1001,0.680991,-0.610023,1.93968,-1.08923,-26.3971,-0.839581,0.408238,-0.0817031,0,0,-1.61981e-19,-0,0,0.00388728,0,0,-0.642475,-1.1001,0.680991,-0.610023,1.93968,-1.08923,-26.3971,-0.839581,0.408238,-0.0817031,0,0,-1.61981e-19,-0.0408515,-0.0408515,0.408238,0.408238,0.00343567,7.58582e-21,0,0,True,True
1.985,-0,0,-0.00392188,0,0,0.641312,-1.09665,0.696813,-0.610865,1.93417,-1.11625,-26.3063,-0.837512,0.419433,-0.0817118,0,0,5.53398e-17,-0,0,0.00392188,0,0,-0.641312,-1.09665,0.696813,-0.610865,1.93417,-1.11625,-26.3063,-0.837512,0.419433,-0.0817118,0,0,-5.56825e-17,-0.0408559,-0.0408559,0.419433,0.419433,0.00339976,8.02185e-21,0,0,True,True
1.99,-0,0,-0.00395562,0,0,0.640123,-1.09313,0.712408,-0.611674,1.92852,-1.143,-26.2132,-0.835387,0.430593,-0.0817319,0,0,-1.80695e-19,-0,0,0.00395562,0,0,-0.640123,-1.09313,0.712408,-0.611674,1.92852,-1.143,-26.2132,-0.835387,0.430593,-0.0817319,0,0,-1.80695e-19,-0.040866,-0.040866,0.430593,0.430593,0.00336293,8.46125e-21,0,0,True,True
1.995,-0,0,-0.00398841,0,0,0.638908,-1.08953,0.727772,-0.612446,1.92274,-1.16949,-26.1178,-0.833206,0.441715,-0.081764,0,0,5.5321e-17,-0,0,0.00398841,0,0,-0.638908,-1.08953,0.727772,-0.612446,1.92274,-1.16949,-26.1178,-0.833206,0.441715,-0.081764,0,0,-5.57013e-17,-0.040882,-0.040882,0.441715,0.441715,0.00332517,8.9042e-21,0,0,True,True
2,-0,0,-0.00402014,0,0,0.637668,-1.08585,0.742902,-0.613178,1.91682,-1.1957,-26.0202,-0.83097,0.452796,-0.0818083,0,0,5.53114e-17,-0,0,0.00402014,0,0,-0.637668,-1.08585,0.742902,-0.613178,1.91682,-1.1957,-26.0202,-0.83097,0.452796,-0.0818083,0,0,-5.57109e-17,-0.0409041,-0.0409041,0.452796,0.452796,0.0032865,9.35089e-21,0,0,True,True
2.005,-0,0,-0.00405072,0,0,0.636403,-1.0821,0.757796,-0.613868,1.91078,-1.22163,-25.9205,-0.828678,0.463831,-0.0818652,0,0,5.53018e-17,-0,0,0.00405072,0,0,-0.636403,-1.0821,0.757796,-0.613868,1.91078,-1.22163,-25.9205,-0.828678,0.463831,-0.0818652,0,0,-5.57205e-17,-0.0409326,-0.0409326,0.463831,0.463831,0.00324692,9.8015e-21,0,0,True,True
2.01,-0,0,-0.00408006,0,0,0.635114,-1.07827,0.77245,-0.614513,1.90461,-1.24727,-25.8185,-0.826332,0.474817,-0.0819349,0,0,-2.1907e-19,-0,0,0.00408006,0,0,-0.635114,-1.07827,0.77245,-0.614513,1.90461,-1.24727,-25.8185,-0.826332,0.474817,-0.0819349,0,0,-2.1907e-19,-0.0409675,-0.0409675,0.474817,0.474817,0.00320642,1.02562e-20,0,0,True,True
2.015,-0,0,-0.00410806,0,0,0.633802,-1.07438,0.786862,-0.615111,1.89831,-1.27261,-25.7144,-0.82393,0.48575,-0.0820178,0,0,5.52823e-17,-0,0,0.00410806,0,0,-0.633802,-1.07438,0.786862,-0.615111,1.89831,-1.27261,-25.7144,-0.82393,0.48575,-0.0820178,0,0,-5.574e-17,-0.0410089,-0.0410089,0.48575,0.48575,0.00316503,1.07153e-20,0,0,True,True
2.02,-0,0,-0.00413464,0,0,0.632467,-1.07041,0.801029,-0.615658,1.89188,-1.29765,-25.6081,-0.821474,0.496625,-0.0821141,0,0,-2.38796e-19,-0,0,0.00413464,0,0,-0.632467,-1.07041,0.801029,-0.615658,1.89188,-1.29765,-25.6081,-0.821474,0.496625,-0.0821141,0,0,-2.38796e-19,-0.041057,-0.041057,0.496625,0.496625,0.00312274,1.11788e-20,0,0,True,True
2.025,-0,0,-0.00415971,0,0,0.631109,-1.06636,0.814949,-0.616154,1.88533,-1.32239,-25.4998,-0.818964,0.50744,-0.0822238,0,0,-2.48808e-19,-0,0,0.00415971,0,0,-0.631109,-1.06636,0.814949,-0.616154,1.88533,-1.32239,-25.4998,-0.818964,0.50744,-0.0822238,0,0,-2.48808e-19,-0.0411119,-0.0411119,0.50744,0.50744,0.00307956,1.1647e-20,0,0,True,True
2.03,-0,0,-0.00418318,0,0,0.629729,-1.06226,0.828619,-0.616594,1.87866,-1.34681,-25.3894,-0.8164,0.518189,-0.0823473,0,0,5.52522e-17,-0,0,0.00418318,0,0,-0.629729,-1.06226,0.828619,-0.616594,1.87866,-1.34681,-25.3894,-0.8164,0.518189,-0.0823473,0,0,-5.57701e-17,-0.0411737,-0.0411737,0.518189,0.518189,0.00303549,1.21201e-20,0,0,True,True
2.035,-0,0,-0.00420497,0,0,0.628327,-1.05808,0.842038,-0.616978,1.87186,-1.37091,-25.2769,-0.813782,0.528869,-0.0824846,0,0,5.5242e-17,-0,0,0.00420497,0,0,-0.628327,-1.05808,0.842038,-0.616978,1.87186,-1.37091,-25.2769,-0.813782,0.528869,-0.0824846,0,0,-5.57803e-17,-0.0412423,-0.0412423,0.528869,0.528869,0.00299054,1.25983e-20,0,0,True,True
2.04,-0,0,-0.004225,0,0,0.626905,-1.05384,0.855203,-0.617303,1.86495,-1.39468,-25.1624,-0.811111,0.539474,-0.0826358,0,0,5.52317e-17,-0,0,0.004225,0,0,-0.626905,-1.05384,0.855203,-0.617303,1.86495,-1.39468,-25.1624,-0.811111,0.539474,-0.0826358,0,0,-5.57906e-17,-0.0413179,-0.0413179,0.539474,0.539474,0.00294471,1.30818e-20,0,0,True,True
2.045,-0,0,-0.00424319,0,0,0.625462,-1.04953,0.868112,-0.617567,1.85791,-1.41811,-25.0459,-0.808387,0.550002,-0.0828009,0,0,5.52212e-17,-0,0,0.00424319,0,0,-0.625462,-1.04953,0.868112,-0.617567,1.85791,-1.41811,-25.0459,-0.808387,0.550002,-0.0828009,0,0,-5.58011e-17,-0.0414004,-0.0414004,0.550002,0.550002,0.00289801,1.35708e-20,0,0,True,True
2.05,-0,0,-0.00425947,0,0,0.623999,-1.04515,0.880763,-0.617768,1.85077,-1.44121,-24.9275,-0.805611,0.560446,-0.08298,0,0,5.52106e-17,-0,0,0.00425947,0,0,-0.623999,-1.04515,0.880763,-0.617768,1.85077,-1.44121,-24.9275,-0.805611,0.560446,-0.08298,0,0,-5.58117e-17,-0.04149,-0.04149,0.560446,0.560446,0.00285045,1.40655e-20,0,0,True,True
2.055,-0,0,-0.00427377,0,0,0.622517,-1.04072,0.893154,-0.617905,1.8435,-1.46396,-24.8071,-0.802783,0.570802,-0.083173,0,0,-3.11231e-19,-0,0,0.00427377,0,0,-0.622517,-1.04072,0.893154,-0.617905,1.8435,-1.46396,-24.8071,-0.802783,0.570802,-0.083173,0,0,-3.11231e-19,-0.0415865,-0.0415865,0.570802,0.570802,0.00280203,1.4566e-20,0,0,True,True
2.06,-0,0,-0.004286,0,0,0.621016,-1.03622,0.905283,-0.617975,1.83613,-1.48635,-24.6849,-0.799903,0.581067,-0.0833798,0,0,5.51891e-17,-0,0,0.004286,0,0,-0.621016,-1.03622,0.905283,-0.617975,1.83613,-1.48635,-24.6849,-0.799903,0.581067,-0.0833798,0,0,-5.58332e-17,-0.0416899,-0.0416899,0.581067,0.581067,0.00275276,1.50727e-20,0,0,True,True
2.065,-0,0,-0.0042961,0,0,0.619496,-1.03167,0.917148,-0.617978,1.82864,-1.50838,-24.5608,-0.796972,0.591234,-0.0836005,0,0,5.51781e-17,-0,0,0.0042961,0,0,-0.619496,-1.03167,0.917148,-0.617978,1.82864,-1.50838,-24.5608,-0.796972,0.591234,-0.0836005,0,0,-5.58442e-17,-0.0418003,-0.0418003,0.591234,0.591234,0.00270264,1.55857e-20,0,0,True,True
2.07,-0,0,-0.00430401,0,0,0.61796,-1.02705,0.928747,-0.617911,1.82104,-1.53005,-24.4349,-0.793991,0.6013,-0.0838349,0,0,-3.44154e-19,-0,0,0.00430401,0,0,-0.61796,-1.02705,0.928747,-0.617911,1.82104,-1.53005,-24.4349,-0.793991,0.6013,-0.0838349,0,0,-3.44154e-19,-0.0419174,-0.0419174,0.6013,0.6013,0.00265168,1.61052e-20,0,0,True,True
2.075,-0,0,-0.00430966,0,0,0.616406,-1.02238,0.94008,-0.617773,1.81334,-1.55134,-24.3071,-0.790959,0.611259,-0.0840827,0,0,-3.55412e-19,-0,0,0.00430966,0,0,-0.616406,-1.02238,0.94008,-0.617773,1.81334,-1.55134,-24.3071,-0.790959,0.611259,-0.0840827,0,0,-3.55412e-19,-0.0420414,-0.0420414,0.611259,0.611259,0.0025999,1.66315e-20,0,0,True,True
2.08,-0,0,-0.00431299,0,0,0.614836,-1.01765,0.951143,-0.617564,1.80553,-1.57225,-24.1777,-0.787878,0.621107,-0.084344,0,0,5.51443e-17,-0,0,0.00431299,0,0,-0.614836,-1.01765,0.951143,-0.617564,1.80553,-1.57225,-24.1777,-0.787878,0.621107,-0.084344,0,0,-5.5878e-17,-0.042172,-0.042172,0.621107,0.621107,0.00254728,1.71648e-20,0,0,True,True
2.085,-0,0,-0.00431393,0,0,0.61325,-1.01287,0.961935,-0.617281,1.79762,-1.59277,-24.0465,-0.784748,0.630839,-0.0846184,0,0,5.51328e-17,-0,0,0.00431393,0,0,-0.61325,-1.01287,0.961935,-0.617281,1.79762,-1.59277,-24.0465,-0.784748,0.630839,-0.0846184,0,0,-5.58895e-17,-0.0423092,-0.0423092,0.630839,0.630839,0.00249385,1.77053e-20,0,0,True,True
2.09,-0,0,-0.00431243,0,0,0.611649,-1.00803,0.972455,-0.616924,1.7896,-1.6129,-23.9136,-0.78157,0.640449,-0.0849057,0,0,5.5121e-17,-0,0,0.00431243,0,0,-0.611649,-1.00803,0.972455,-0.616924,1.7896,-1.6129,-23.9136,-0.78157,0.640449,-0.0849057,0,0,-5.59013e-17,-0.0424529,-0.0424529,0.640449,0.640449,0.00243961,1.82532e-20,0,0,True,True
2.095,-0,0,-0.00430843,0,0,0.610033,-1.00314,0.9827,-0.616491,1.78149,-1.63263,-23.7791,-0.778344,0.649933,-0.0852057,0,0,5.51092e-17,-0,0,0.00430843,0,0,-0.610033,-1.00314,0.9827,-0.616491,1.78149,-1.63263,-23.7791,-0.778344,0.649933,-0.0852057,0,0,-5.59131e-17,-0.0426028,-0.0426028,0.649933,0.649933,0.00238457,1.88087e-20,0,0,True,True
2.1,-0,0,-0.00430188,0,0,0.608404,-0.998204,0.992669,-0.615982,1.77327,-1.65195,-23.643,-0.77507,0.659285,-0.0855181,0,0,-4.14045e-19,-0,0,0.00430188,0,0,-0.608404,-0.998204,0.992669,-0.615982,1.77327,-1.65195,-23.643,-0.77507,0.659285,-0.0855181,0,0,-4.14045e-19,-0.042759,-0.042759,0.659285,0.659285,0.00232873,1.93722e-20,0,0,True,True
2.105,-0,0,-0.00429271,0,0,0.606761,-0.993216,1.00236,-0.615396,1.76497,-1.67086,-23.5053,-0.771751,0.668501,-0.0858425,0,0,5.50849e-17,-0,0,0.00429271,0,0,-0.606761,-0.993216,1.00236,-0.615396,1.76497,-1.67086,-23.5053,-0.771751,0.668501,-0.0858425,0,0,-5.59374e-17,-0.0429213,-0.0429213,0.668501,0.668501,0.00227211,1.99438e-20,0,0,True,True
2.11,-0,0,-0.00428089,0,0,0.605106,-0.98818,1.01177,-0.614731,1.75657,-1.68935,-23.3661,-0.768385,0.677576,-0.0861787,0,0,-4.38683e-19,-0,0,0.00428089,0,0,-0.605106,-0.98818,1.01177,-0.614731,1.75657,-1.68935,-23.3661,-0.768385,0.677576,-0.0861787,0,0,-4.38683e-19,-0.0430894,-0.0430894,0.677576,0.677576,0.00221472,2.05237e-20,0,0,True,True
2.115,-0,0,-0.00426635,0,0,0.603438,-0.983098,1.0209,-0.613988,1.74807,-1.7074,-23.2254,-0.764975,0.686503,-0.0865263,0,0,5.50599e-17,-0,0,0.00426635,0,0,-0.603438,-0.983098,1.0209,-0.613988,1.74807,-1.7074,-23.2254,-0.764975,0.686503,-0.0865263,0,0,-5.59624e-17,-0.0432632,-0.0432632,0.686503,0.686503,0.00215656,2.11122e-20,0,0,True,True
2.12,-0,0,-0.00424906,0,0,0.601759,-0.977971,1.02975,-0.613166,1.73949,-1.72503,-23.0833,-0.76152,0.695279,-0.086885,0,0,-4.64059e-19,-0,0,0.00424906,0,0,-0.601759,-0.977971,1.02975,-0.613166,1.73949,-1.72503,-23.0833,-0.76152,0.695279,-0.086885,0,0,-4.64059e-19,-0.0434425,-0.0434425,0.695279,0.695279,0.00209764,2.17097e-20,0,0,True,True
2.125,-0,0,-0.00422897,0,0,0.600069,-0.972801,1.03831,-0.612264,1.73082,-1.74221,-22.9398,-0.758022,0.703897,-0.0872542,0,0,-4.77037e-19,-0,0,0.00422897,0,0,-0.600069,-0.972801,1.03831,-0.612264,1.73082,-1.74221,-22.9398,-0.758022,0.703897,-0.0872542,0,0,-4.77037e-19,-0.0436271,-0.0436271,0.703897,0.703897,0.00203798,2.23162e-20,0,0,True,True
2.13,-0,0,-0.00420602,0,0,0.598369,-0.967588,1.04659,-0.611281,1.72207,-1.75894,-22.7949,-0.754481,0.712352,-0.0876337,0,0,-4.90214e-19,-0,0,0.00420602,0,0,-0.598369,-0.967588,1.04659,-0.611281,1.72207,-1.75894,-22.7949,-0.754481,0.712352,-0.0876337,0,0,-4.90214e-19,-0.0438168,-0.0438168,0.712352,0.712352,0.00197758,2.2932e-20,0,0,True,True
2.135,-0,0,-0.00418018,0,0,0.59666,-0.962335,1.05457,-0.610217,1.71323,-1.77521,-22.6487,-0.750899,0.72064,-0.0880229,0,0,5.50076e-17,-0,0,0.00418018,0,0,-0.59666,-0.962335,1.05457,-0.610217,1.71323,-1.77521,-22.6487,-0.750899,0.72064,-0.0880229,0,0,-5.60147e-17,-0.0440115,-0.0440115,0.72064,0.72064,0.00191646,2.35575e-20,0,0,True,True
2.14,-0,0,-0.0041514,0,0,0.594942,-0.957043,1.06227,-0.609072,1.70432,-1.79102,-22.5013,-0.747275,0.728754,-0.0884215,0,0,-5.17189e-19,-0,0,0.0041514,0,0,-0.594942,-0.957043,1.06227,-0.609072,1.70432,-1.79102,-22.5013,-0.747275,0.728754,-0.0884215,0,0,-5.17189e-19,-0.0442108,-0.0442108,0.728754,0.728754,0.00185462,2.41929e-20,0,0,True,True
2.145,-0,0,-0.00411964,0,0,0.593216,-0.951712,1.06967,-0.607846,1.69532,-1.80636,-22.3526,-0.743611,0.73669,-0.088829,0,0,5.49802e-17,-0,0,0.00411964,0,0,-0.593216,-0.951712,1.06967,-0.607846,1.69532,-1.80636,-22.3526,-0.743611,0.73669,-0.088829,0,0,-5.60421e-17,-0.0444145,-0.0444145,0.73669,0.73669,0.00179209,2.48384e-20,0,0,True,True
2.15,-0,0,-0.00408486,0,0,0.591482,-0.946346,1.07677,-0.606538,1.68625,-1.82121,-22.2028,-0.739908,0.744441,-0.0892448,0,0,5.49661e-17,-0,0,0.00408486,0,0,-0.591482,-0.946346,1.07677,-0.606538,1.68625,-1.82121,-22.2028,-0.739908,0.744441,-0.0892448,0,0,-5.60562e-17,-0.0446224,-0.0446224,0.744441,0.744441,0.00172887,2.54944e-20,0,0,True,True
2.155,-0,0,-0.00404703,0,0,0.589742,-0.940945,1.08358,-0.605148,1.67711,-1.83559,-22.0518,-0.736167,0.752003,-0.0896685,0,0,5.49519e-17,-0,0,0.00404703,0,0,-0.589742,-0.940945,1.08358,-0.605148,1.67711,-1.83559,-22.0518,-0.736167,0.752003,-0.0896685,0,0,-5.60704e-17,-0.0448343,-0.0448343,0.752003,0.752003,0.00166497,2.6161e-20,0,0,True,True
2.16,-0,0,-0.0040061,0,0,0.587996,-0.93551,1.09009,-0.603676,1.6679,-1.84946,-21.8998,-0.732388,0.75937,-0.0900997,0,0,-5.73762e-19,-0,0,0.0040061,0,0,-0.587996,-0.93551,1.09009,-0.603676,1.6679,-1.84946,-21.8998,-0.732388,0.75937,-0.0900997,0,0,-5.73762e-19,-0.0450498,-0.0450498,0.75937,0.75937,0.00160042,2.68386e-20,0,0,True,True
2.165,-0,0,-0.00396204,0,0,0.586244,-0.930044,1.0963,-0.602122,1.65862,-1.86283,-21.7467,-0.728573,0.766537,-0.0905377,0,0,5.49227e-17,-0,0,0.00396204,0,0,-0.586244,-0.930044,1.0963,-0.602122,1.65862,-1.86283,-21.7467,-0.728573,0.766537,-0.0905377,0,0,-5.60996e-17,-0.0452688,-0.0452688,0.766537,0.766537,0.00153521,2.75275e-20,0,0,True,True
2.17,-0,0,-0.00391481,0,0,0.584487,-0.924547,1.1022,-0.600485,1.64927,-1.8757,-21.5926,-0.724723,0.773497,-0.0909821,0,0,-6.0343e-19,-0,0,0.00391481,0,0,-0.584487,-0.924547,1.1022,-0.600485,1.64927,-1.8757,-21.5926,-0.724723,0.773497,-0.0909821,0,0,-6.0343e-19,-0.045491,-0.045491,0.773497,0.773497,0.00146938,2.82279e-20,0,0,True,True
2.175,-0,0,-0.00386439,0,0,0.582726,-0.919022,1.10779,-0.598767,1.63986,-1.88804,-21.4376,-0.720838,0.780245,-0.0914323,0,0,5.48925e-17,-0,0,0.00386439,0,0,-0.582726,-0.919022,1.10779,-0.598767,1.63986,-1.88804,-21.4376,-0.720838,0.780245,-0.0914323,0,0,-5.61298e-17,-0.0457161,-0.0457161,0.780245,0.780245,0.00140293,2.89402e-20,0,0,True,True
2.18,-0,0,-0.00381073,0,0,0.580962,-0.913469,1.11308,-0.596967,1.63039,-1.89985,-21.2817,-0.71692,0.786776,-0.0918878,0,0,-6.34051e-19,-0,0,0.00381073,0,0,-0.580962,-0.913469,1.11308,-0.596967,1.63039,-1.89985,-21.2817,-0.71692,0.786776,-0.0918878,0,0,-6.34051e-19,-0.0459439,-0.0459439,0.786776,0.786776,0.00133588,2.96646e-20,0,0,True,True
2.185,-0,0,-0.0037538,0,0,0.579195,-0.907891,1.11805,-0.595085,1.62086,-1.91113,-21.125,-0.71297,0.793084,-0.0923481,0,0,-6.4972e-19,-0,0,0.0037538,0,0,-0.579195,-0.907891,1.11805,-0.595085,1.62086,-1.91113,-21.125,-0.71297,0.793084,-0.0923481,0,0,-6.4972e-19,-0.046174,-0.046174,0.793084,0.793084,0.00126825,3.04014e-20,0,0,True,True
2.19,-0,0,-0.00369358,0,0,0.577426,-0.902289,1.1227,-0.593122,1.61128,-1.92187,-20.9675,-0.708989,0.799163,-0.0928126,0,0,5.48455e-17,-0,0,0.00369358,0,0,-0.577426,-0.902289,1.1227,-0.593122,1.61128,-1.92187,-20.9675,-0.708989,0.799163,-0.0928126,0,0,-5.61768e-17,-0.0464063,-0.0464063,0.799163,0.799163,0.00120005,3.1151e-20,0,0,True,True
2.195,-0,0,-0.00363003,0,0,0.575656,-0.896664,1.12704,-0.591077,1.60164,-1.93205,-20.8092,-0.704979,0.805008,-0.0932808,0,0,-6.81757e-19,-0,0,0.00363003,0,0,-0.575656,-0.896664,1.12704,-0.591077,1.60164,-1.93205,-20.8092,-0.704979,0.805008,-0.0932808,0,0,-6.81757e-19,-0.0466404,-0.0466404,0.805008,0.805008,0.00113131,3.19136e-20,0,0,True,True
2.2,-0,0,-0.00356312,0,0,0.573885,-0.891018,1.13106,-0.588951,1.59196,-1.94167,-20.6503,-0.700939,0.810611,-0.0937521,0,0,5.4813e-17,-0,0,0.00356312,0,0,-0.573885,-0.891018,1.13106,-0.588951,1.59196,-1.94167,-20.6503,-0.700939,0.810611,-0.0937521,0,0,-5.62093e-17,-0.0468761,-0.0468761,0.810611,0.810611,0.00106204,3.26896e-20,0,0,True,True
2.205,-0,0,-0.00349283,0,0,0.572114,-0.885353,1.13474,-0.586745,1.58223,-1.95071,-20.4907,-0.696873,0.815969,-0.0942261,0,0,5.47965e-17,-0,0,0.00349283,0,0,-0.572114,-0.885353,1.13474,-0.586745,1.58223,-1.95071,-20.4907,-0.696873,0.815969,-0.0942261,0,0,-5.62258e-17,-0.0471131,-0.0471131,0.815969,0.815969,0.000992265,3.34793e-20,0,0,True,True
2.21,-0,0,-0.00341914,0,0,0.570343,-0.879671,1.13811,-0.584458,1.57245,-1.95918,-20.3305,-0.69278,0.821074,-0.0947022,0,0,-7.31381e-19,-0,0,0.00341914,0,0,-0.570343,-0.879671,1.13811,-0.584458,1.57245,-1.95918,-20.3305,-0.69278,0.821074,-0.0947022,0,0,-7.31381e-19,-0.0473511,-0.0473511,0.821074,0.821074,0.000922001,3.42831e-20,0,0,True,True
2.215,-0,0,-0.00334201,0,0,0.568574,-0.873972,1.14113,-0.582091,1.56263,-1.96705,-20.1698,-0.688662,0.825921,-0.09518,0,0,5.47629e-17,-0,0,0.00334201,0,0,-0.568574,-0.873972,1.14113,-0.582091,1.56263,-1.96705,-20.1698,-0.688662,0.825921,-0.09518,0,0,-5.62594e-17,-0.04759,-0.04759,0.825921,0.825921,0.000851272,3.51011e-20,0,0,True,True
2.22,-0,0,-0.00326142,0,0,0.566808,-0.868259,1.14382,-0.579646,1.55278,-1.97433,-20.0086,-0.68452,0.830503,-0.0956588,0,0,5.4746e-17,-0,0,0.00326142,0,0,-0.566808,-0.868259,1.14382,-0.579646,1.55278,-1.97433,-20.0086,-0.68452,0.830503,-0.0956588,0,0,-5.62763e-17,-0.0478294,-0.0478294,0.830503,0.830503,0.000780101,3.59339e-20,0,0,True,True
2.225,-0,0,-0.00317736,0,0,0.565043,-0.862534,1.14618,-0.577121,1.54289,-1.98099,-19.847,-0.680357,0.834814,-0.0961382,0,0,-7.82143e-19,-0,0,0.00317736,0,0,-0.565043,-0.862534,1.14618,-0.577121,1.54289,-1.98099,-19.847,-0.680357,0.834814,-0.0961382,0,0,-7.82143e-19,-0.0480691,-0.0480691,0.834814,0.834814,0.00070851,3.67817e-20,0,0,True,True
2.23,-0,0,-0.00308979,0,0,0.563283,-0.856798,1.14818,-0.574519,1.53297,-1.98703,-19.685,-0.676172,0.838849,-0.0966179,0,0,5.47121e-17,-0,0,0.00308979,0,0,-0.563283,-0.856798,1.14818,-0.574519,1.53297,-1.98703,-19.685,-0.676172,0.838849,-0.0966179,0,0,-5.63102e-17,-0.0483089,-0.0483089,0.838849,0.838849,0.000636525,3.76448e-20,0,0,True,True
2.235,-0,0,-0.0029987,0,0,0.561526,-0.851052,1.14984,-0.571839,1.52302,-1.99245,-19.5227,-0.671968,0.842601,-0.0970972,0,0,5.46955e-17,-0,0,0.0029987,0,0,-0.561526,-0.851052,1.14984,-0.571839,1.52302,-1.99245,-19.5227,-0.671968,0.842601,-0.0970972,0,0,-5.63268e-17,-0.0485486,-0.0485486,0.842601,0.842601,0.00056417,3.85236e-20,0,0,True,True
2.24,-0,0,-0.00290408,0,0,0.559774,-0.845299,1.15115,-0.569083,1.51305,-1.99722,-19.3601,-0.667746,0.846064,-0.0975758,0,0,5.46793e-17,-0,0,0.00290408,0,0,-0.559774,-0.845299,1.15115,-0.569083,1.51305,-1.99722,-19.3601,-0.667746,0.846064,-0.0975758,0,0,-5.6343e-17,-0.0487879,-0.0487879,0.846064,0.846064,0.000491471,3.94183e-20,0,0,True,True
2.245,-0,0,-0.0028059,0,0,0.558027,-0.839541,1.1521,-0.56625,1.50305,-2.00133,-19.1973,-0.663508,0.84923,-0.0980534,0,0,5.46638e-17,-0,0,0.0028059,0,0,-0.558027,-0.839541,1.1521,-0.56625,1.50305,-2.00133,-19.1973,-0.663508,0.84923,-0.0980534,0,0,-5.63586e-17,-0.0490267,-0.0490267,0.84923,0.84923,0.000418456,4.03295e-20,0,0,True,True
2.25,-0,0,-0.00270415,0,0,0.556287,-0.833778,1.15269,-0.563343,1.49303,-2.00479,-19.0344,-0.659254,0.852095,-0.0985295,0,0,-8.61909e-19,-0,0,0.00270415,0,0,-0.556287,-0.833778,1.15269,-0.563343,1.49303,-2.00479,-19.0344,-0.659254,0.852095,-0.0985295,0,0,-8.61909e-19,-0.0492647,-0.0492647,0.852095,0.852095,0.000345153,4.12572e-20,0,0,True,True
2.255,-0,0,-0.00259882,0,0,0.554554,-0.828014,1.15291,-0.560361,1.483,-2.00756,-18.8713,-0.654987,0.854651,-0.0990038,0,0,5.46362e-17,-0,0,0.00259882,0,0,-0.554554,-0.828014,1.15291,-0.560361,1.483,-2.00756,-18.8713,-0.654987,0.854651,-0.0990038,0,0,-5.63861e-17,-0.0495019,-0.0495019,0.854651,0.854651,0.000271591,4.22018e-20,0,0,True,True
2.26,-0,0,-0.0024899,0,0,0.552827,-0.822249,1.15277,-0.557306,1.47296,-2.00966,-18.7082,-0.650707,0.856891,-0.099476,0,0,-8.85764e-19,-0,0,0.0024899,0,0,-0.552827,-0.822249,1.15277,-0.557306,1.47296,-2.00966,-18.7082,-0.650707,0.856891,-0.099476,0,0,-8.85764e-19,-0.049738,-0.049738,0.856891,0.856891,0.000197801,4.31636e-20,0,0,True,True
2.265,-0,0,-0.00237738,0,0,0.551109,-0.816486,1.15224,-0.554178,1.4629,-2.01105,-18.5451,-0.646418,0.858809,-0.0999459,0,0,5.46176e-17,-0,0,0.00237738,0,0,-0.551109,-0.816486,1.15224,-0.554178,1.4629,-2.01105,-18.5451,-0.646418,0.858809,-0.0999459,0,0,-5.64047e-17,-0.049973,-0.049973,0.858809,0.858809,0.000123814,4.41428e-20,0,0,True,True
2.27,-0,0,-0.00226126,0,0,0.5494,-0.810727,1.15133,-0.55098,1.45285,-2.01173,-18.382,-0.642119,0.860398,-0.100413,0,0,-8.97218e-19,-0,0,0.00226126,0,0,-0.5494,-0.810727,1.15133,-0.55098,1.45285,-2.01173,-18.382,-0.642119,0.860398,-0.100413,0,0,-8.97218e-19,-0.0502066,-0.0502066,0.860398,0.860398,4.96636e-05,4.51395e-20,0,0,True,True
2.275,-0,0,-0.00214153,0,0,0.5477,-0.804973,1.15004,-0.547711,1.44279,-2.01169,-18.2191,-0.637814,0.861651,-0.100878,0,0,5.46161e-17,-0,0,0.00214153,0,0,-0.5477,-0.804973,1.15004,-0.547711,1.44279,-2.01169,-18.2191,-0.637814,0.861651,-0.100878,0,0,-5.64062e-17,-0.0504389,-0.0504389,0.861651,0.861651,-2.46171e-05,4.61539e-20,0,0,True,True
2.28,-0,0,-0.0020182,0,0,0.546011,-0.799226,1.14835,-0.544373,1.43273,-2.01092,-18.0564,-0.633503,0.862562,-0.10134,0,0,5.46262e-17,-0,0,0.0020182,0,0,-0.546011,-0.799226,1.14835,-0.544373,1.43273,-2.01092,-18.0564,-0.633503,0.862562,-0.10134,0,0,-5.63961e-17,-0.0506698,-0.0506698,0.862562,0.862562,-9.89928e-05,4.71857e-20,0,0,True,True
2.285,-0,0,-0.00189126,0,0,0.544332,-0.793489,1.14627,-0.540968,1.42268,-2.00939,-17.8938,-0.629188,0.863123,-0.101798,0,0,5.46472e-17,-0,0,0.00189126,0,0,-0.544332,-0.793489,1.14627,-0.540968,1.42268,-2.00939,-17.8938,-0.629188,0.863123,-0.101798,0,0,-5.63751e-17,-0.0508992,-0.0508992,0.863123,0.863123,-0.000173427,4.8235e-20,0,0,True,True
2.29,-0,0,-0.00176073,0,0,0.542664,-0.787764,1.14378,-0.537497,1.41264,-2.00711,-17.7316,-0.624872,0.863327,-0.102254,0,0,-8.28289e-19,-0,0,0.00176073,0,0,-0.542664,-0.787764,1.14378,-0.537497,1.41264,-2.00711,-17.7316,-0.624872,0.863327,-0.102254,0,0,-8.28289e-19,-0.0511271,-0.0511271,0.863327,0.863327,-0.000247882,4.93012e-20,0,0,True,True
2.295,-0,0,-0.00162661,0,0,0.541009,-0.782051,1.14088,-0.533961,1.40261,-2.00405,-17.5697,-0.620555,0.863167,-0.102707,0,0,5.47386e-17,-0,0,0.00162661,0,0,-0.541009,-0.782051,1.14088,-0.533961,1.40261,-2.00405,-17.5697,-0.620555,0.863167,-0.102707,0,0,-5.62837e-17,-0.0513535,-0.0513535,0.863167,0.863167,-0.00032232,5.03837e-20,0,0,True,True
2.3,-0,0,-0.00148892,0,0,0.539366,-0.776355,1.13757,-0.530362,1.39259,-2.0002,-17.4082,-0.61624,0.862635,-0.103157,0,0,5.48215e-17,-0,0,0.00148892,0,0,-0.539366,-0.776355,1.13757,-0.530362,1.39259,-2.0002,-17.4082,-0.61624,0.862635,-0.103157,0,0,-5.62008e-17,-0.0515784,-0.0515784,0.862635,0.862635,-0.000396699,5.14813e-20,0,0,True,True
2.305,-0,0,-0.00134768,0,0,0.537736,-0.770676,1.13383,-0.526701,1.3826,-1.99555,-17.2471,-0.611929,0.861726,-0.103604,0,0,-5.70086e-19,-0,0,0.00134768,0,0,-0.537736,-0.770676,1.13383,-0.526701,1.3826,-1.99555,-17.2471,-0.611929,0.861726,-0.103604,0,0,-5.70086e-19,-0.0518019,-0.0518019,0.861726,0.861726,-0.000470978,5.25926e-20,0,0,True,True
2.31,-0,0,-0.00120291,0,0,0.536121,-0.765017,1.12966,-0.522981,1.37264,-1.99009,-17.0866,-0.607623,0.86043,-0.104048,0,0,5.51103e-17,-0,0,0.00120291,0,0,-0.536121,-0.765017,1.12966,-0.522981,1.37264,-1.99009,-17.0866,-0.607623,0.86043,-0.104048,0,0,-5.5912e-17,-0.0520241,-0.0520241,0.86043,0.86043,-0.000545115,5.3715e-20,0,0,True,True
2.315,-0,0,-0.00105464,0,0,0.534519,-0.759379,1.12506,-0.519202,1.3627,-1.9838,-16.9267,-0.603324,0.85874,-0.10449,0,0,5.53467e-17,-0,0,0.00105464,0,0,-0.534519,-0.759379,1.12506,-0.519202,1.3627,-1.9838,-16.9267,-0.603324,0.85874,-0.10449,0,0,-5.56756e-17,-0.0522451,-0.0522451,0.85874,0.85874,-0.000619064,5.48453e-20,0,0,True,True
2.32,-0,0,-0.000902901,0,0,0.532934,-0.753766,1.12001,-0.515367,1.3528,-1.97666,-16.7674,-0.599035,0.85665,-0.10493,0,0,5.56737e-17,-0,0,0.000902901,0,0,-0.532934,-0.753766,1.12001,-0.515367,1.3528,-1.97666,-16.7674,-0.599035,0.85665,-0.10493,0,0,-5.53486e-17,-0.0524649,-0.0524649,0.85665,0.85665,-0.000692781,5.5979e-20,0,0,True,True
2.325,-0,0,-0.000747734,0,0,0.531364,-0.748179,1.11452,-0.511478,1.34294,-1.96867,-16.6088,-0.594758,0.854152,-0.105368,0,0,5.6123e-17,-0,0,0.000747734,0,0,-0.531364,-0.748179,1.11452,-0.511478,1.34294,-1.96867,-16.6088,-0.594758,0.854152,-0.105368,0,0,-5.48993e-17,-0.0526839,-0.0526839,0.854152,0.854152,-0.000766217,5.71095e-20,0,0,True,True
2.33,-0,0,-0.000589182,0,0,0.52981,-0.742621,1.10857,-0.507537,1.33311,-1.95981,-16.451,-0.590494,0.851237,-0.105804,0,0,5.67373e-17,-0,0,0.000589182,0,0,-0.52981,-0.742621,1.10857,-0.507537,1.33311,-1.95981,-16.451,-0.590494,0.851237,-0.105804,0,0,-5.4285e-17,-0.052902,-0.052902,0.851237,0.851237,-0.000839325,5.82282e-20,0,0,True,True
2.335,-0,0,-0.000427299,0,0,0.528273,-0.737093,1.10215,-0.503547,1.32334,-1.95005,-16.294,-0.586245,0.847899,-0.106239,0,0,5.75742e-17,-0,0,0.000427299,0,0,-0.528273,-0.737093,1.10215,-0.503547,1.32334,-1.95005,-16.294,-0.586245,0.847899,-0.106239,0,0,-5.34481e-17,-0.0531196,-0.0531196,0.847899,0.847899,-0.000912053,5.9323e-20,0,0,True,True
2.34,-0,0,-0.000262142,0,0,0.526754,-0.731599,1.09527,-0.499509,1.31361,-1.9394,-16.1379,-0.582015,0.84413,-0.106674,0,0,5.87113e-17,-0,0,0.000262142,0,0,-0.526754,-0.731599,1.09527,-0.499509,1.31361,-1.9394,-16.1379,-0.582015,0.84413,-0.106674,0,0,-5.2311e-17,-0.0533368,-0.0533368,0.84413,0.84413,-0.00098435,6.03776e-20,0,0,True,True
2.345,-0,0,-9.37766e-05,0,0,0.525253,-0.726141,1.08791,-0.495426,1.30394,-1.92783,-15.9827,-0.577804,0.839922,-0.107108,0,0,4.7422e-18,-0,0,9.37766e-05,0,0,-0.525253,-0.726141,1.08791,-0.495426,1.30394,-1.92783,-15.9827,-0.577804,0.839922,-0.107108,0,0,4.7422e-18,-0.0535538,-0.0535538,0.839922,0.839922,-0.00105616,6.13698e-20,0,0,True,True
2.35,-0,0,7.77224e-05,0,0,0.523771,-0.72072,1.08006,-0.491301,1.29434,-1.91533,-15.8286,-0.573616,0.835268,-0.107542,0,0,6.23413e-17,-0,0,-7.77224e-05,0,0,-0.523771,-0.72072,1.08006,-0.491301,1.29434,-1.91533,-15.8286,-0.573616,0.835268,-0.107542,0,0,-4.8681e-17,-0.0537708,-0.0537708,0.835268,0.835268,-0.00112744,6.22693e-20,0,0,True,True
2.355,-0,0,0.000252274,0,0,0.522308,-0.71534,1.07173,-0.487137,1.28479,-1.90189,-15.6755,-0.569451,0.830159,-0.107976,0,0,6.51654e-17,-0,0,-0.000252274,0,0,-0.522308,-0.71534,1.07173,-0.487137,1.28479,-1.90189,-15.6755,-0.569451,0.830159,-0.107976,0,0,-4.58569e-17,-0.0539882,-0.0539882,0.830159,0.830159,-0.00119812,6.30355e-20,0,0,True,True
2.36,-0,0,0.000429786,0,0,0.520865,-0.710003,1.06289,-0.482936,1.27532,-1.88748,-15.5236,-0.565314,0.82459,-0.108412,0,0,1.34708e-17,-0,0,-0.000429786,0,0,-0.520865,-0.710003,1.06289,-0.482936,1.27532,-1.88748,-15.5236,-0.565314,0.82459,-0.108412,0,0,1.34708e-17,-0.054206,-0.054206,0.82459,0.82459,-0.00126814,6.36131e-20,0,0,True,True
2.365,-0,0,0.000610159,0,0,0.519442,-0.704711,1.05355,-0.478702,1.26592,-1.8721,-15.3729,-0.561206,0.818552,-0.108849,0,0,7.41363e-17,-0,0,-0.000610159,0,0,-0.519442,-0.704711,1.05355,-0.478702,1.26592,-1.8721,-15.3729,-0.561206,0.818552,-0.108849,0,0,-3.6886e-17,-0.0544245,-0.0544245,0.818552,0.818552,-0.00133745,6.39275e-20,0,0,True,True
2.37,-0,0,0.000793283,0,0,0.518041,-0.699467,1.04369,-0.474438,1.2566,-1.85573,-15.2235,-0.557128,0.812037,-0.109288,0,0,8.10945e-17,-0,0,-0.000793283,0,0,-0.518041,-0.699467,1.04369,-0.474438,1.2566,-1.85573,-15.2235,-0.557128,0.812037,-0.109288,0,0,-2.99279e-17,-0.0546439,-0.0546439,0.812037,0.812037,-0.00140599,6.3878e-20,0,0,True,True
2.375,-0,0,0.000979038,0,0,0.516661,-0.694274,1.03332,-0.470148,1.24736,-1.83836,-15.0755,-0.553085,0.80504,-0.109729,0,0,8.93122e-17,-0,0,-0.000979038,0,0,-0.516661,-0.694274,1.03332,-0.470148,1.24736,-1.83836,-15.0755,-0.553085,0.80504,-0.109729,0,0,-2.17101e-17,-0.0548644,-0.0548644,0.80504,0.80504,-0.0014737,6.33286e-20,0,0,True,True
2.38,-0,0,0.00116729,0,0,0.515303,-0.689134,1.02242,-0.465834,1.23821,-1.81997,-14.9288,-0.549078,0.797551,-0.110172,0,0,9.35855e-17,-0,0,-0.00116729,0,0,-0.515303,-0.689134,1.02242,-0.465834,1.23821,-1.81997,-14.9288,-0.549078,0.797551,-0.110172,0,0,-1.74368e-17,-0.0550859,-0.0550859,0.797551,0.797551,-0.0015405,6.20958e-20,0,0,True,True
2.385,-0,0,0.00135791,0,0,0.513967,-0.68405,1.01098,-0.4615,1.22916,-1.80055,-14.7837,-0.54511,0.789566,-0.110617,0,0,8.91757e-17,-0,0,-0.00135791,0,0,-0.513967,-0.68405,1.01098,-0.4615,1.22916,-1.80055,-14.7837,-0.54511,0.789566,-0.110617,0,0,-2.18466e-17,-0.0553087,-0.0553087,0.789566,0.789566,-0.00160633,6.00311e-20,0,0,True,True
2.39,-0,0,0.00155072,0,0,0.512655,-0.679024,0.99901,-0.457152,1.22021,-1.78009,-14.6401,-0.541182,0.781077,-0.111065,0,0,7.99938e-17,-0,0,-0.00155072,0,0,-0.512655,-0.679024,0.99901,-0.457152,1.22021,-1.78009,-14.6401,-0.541182,0.781077,-0.111065,0,0,-3.10285e-17,-0.0555325,-0.0555325,0.781077,0.781077,-0.00167114,5.73047e-20,0,0,True,True
2.395,-0,0,0.00174557,0,0,0.511366,-0.67406,0.98649,-0.452791,1.21136,-1.75857,-14.4982,-0.537299,0.772078,-0.111515,0,0,7.13805e-17,-0,0,-0.00174557,0,0,-0.511366,-0.67406,0.98649,-0.452791,1.21136,-1.75857,-14.4982,-0.537299,0.772078,-0.111515,0,0,-3.96418e-17,-0.0557574,-0.0557574,0.772078,0.772078,-0.00173484,5.41238e-20,0,0,True,True
2.4,-0,0,0.00194229,0,0,0.510102,-0.669159,0.973418,-0.448424,1.20262,-1.73598,-14.358,-0.533462,0.762562,-0.111966,0,0,8.66458e-18,-0,0,-0.00194229,0,0,-0.510102,-0.669159,0.973418,-0.448424,1.20262,-1.73598,-14.358,-0.533462,0.762562,-0.111966,0,0,8.66458e-18,-0.055983,-0.055983,0.762562,0.762562,-0.00179736,5.06525e-20,0,0,True,True
2.405,-0,0,0.00214067,0,0,0.508862,-0.664326,0.959788,-0.444053,1.194,-1.71231,-14.2195,-0.529673,0.752524,-0.112418,0,0,5.78415e-17,-0,0,-0.00214067,0,0,-0.508862,-0.664326,0.959788,-0.444053,1.194,-1.71231,-14.2195,-0.529673,0.752524,-0.112418,0,0,-5.31808e-17,-0.056209,-0.056209,0.752524,0.752524,-0.00185865,4.70265e-20,0,0,True,True
2.41,-0,0,0.00234052,0,0,0.507647,-0.659562,0.945596,-0.439685,1.1855,-1.68755,-14.083,-0.525936,0.741958,-0.112869,0,0,-3.70333e-18,-0,0,-0.00234052,0,0,-0.507647,-0.659562,0.945596,-0.439685,1.1855,-1.68755,-14.083,-0.525936,0.741958,-0.112869,0,0,-3.70333e-18,-0.0564346,-0.0564346,0.741958,0.741958,-0.00191862,4.3366e-20,0,0,True,True
2.415,-0,0,0.00254161,0,0,0.506458,-0.65487,0.930835,-0.435322,1.17712,-1.6617,-13.9484,-0.522254,0.73086,-0.113318,0,0,4.5524e-17,-0,0,-0.00254161,0,0,-0.506458,-0.65487,0.930835,-0.435322,1.17712,-1.6617,-13.9484,-0.522254,0.73086,-0.113318,0,0,-6.54983e-17,-0.0566592,-0.0566592,0.73086,0.73086,-0.0019772,3.97859e-20,0,0,True,True
2.42,-0,0,0.00274373,0,0,0.505294,-0.650253,0.915503,-0.430971,1.16888,-1.63473,-13.8158,-0.518628,0.719224,-0.113763,0,0,3.8416e-17,-0,0,-0.00274373,0,0,-0.505294,-0.650253,0.915503,-0.430971,1.16888,-1.63473,-13.8158,-0.518628,0.719224,-0.113763,0,0,-7.26063e-17,-0.0568815,-0.0568815,0.719224,0.719224,-0.00203431,3.64069e-20,0,0,True,True
2.425,-0,0,0.00294663,0,0,0.504157,-0.645715,0.899594,-0.426635,1.16078,-1.60664,-13.6853,-0.515061,0.707048,-0.114201,0,0,2.98361e-17,-0,0,-0.00294663,0,0,-0.504157,-0.645715,0.899594,-0.426635,1.16078,-1.60664,-13.6853,-0.515061,0.707048,-0.114201,0,0,-8.11862e-17,-0.0571004,-0.0571004,0.707048,0.707048,-0.00208988,3.33664e-20,0,0,True,True
2.43,-0,0,0.00315005,0,0,0.503047,-0.641257,0.883106,-0.422321,1.15281,-1.57743,-13.557,-0.511557,0.694326,-0.114628,0,0,2.02008e-17,-0,0,-0.00315005,0,0,-0.503047,-0.641257,0.883106,-0.422321,1.15281,-1.57743,-13.557,-0.511557,0.694326,-0.114628,0,0,-9.08215e-17,-0.057314,-0.057314,0.694326,0.694326,-0.00214382,3.08309e-20,0,0,True,True
2.435,-0,0,0.00335374,0,0,0.501964,-0.636884,0.866036,-0.418033,1.145,-1.54709,-13.431,-0.508118,0.681057,-0.115041,0,0,1.47068e-17,-0,0,-0.00335374,0,0,-0.501964,-0.636884,0.866036,-0.418033,1.145,-1.54709,-13.431,-0.508118,0.681057,-0.115041,0,0,-9.63155e-17,-0.0575203,-0.0575203,0.681057,0.681057,-0.00219607,2.90112e-20,0,0,True,True
2.44,-0,0,0.00355741,0,0,0.500909,-0.632597,0.848381,-0.413776,1.13734,-1.51562,-13.3074,-0.504747,0.667238,-0.115433,0,0,1.80856e-17,-0,0,-0.00355741,0,0,-0.500909,-0.632597,0.848381,-0.413776,1.13734,-1.51562,-13.3074,-0.504747,0.667238,-0.115433,0,0,-9.29367e-17,-0.0577167,-0.0577167,0.667238,0.667238,-0.00224654,2.80805e-20,0,0,True,True
2.445,-0,0,0.00376078,0,0,0.499882,-0.6284,0.830141,-0.409556,1.12985,-1.48301,-13.1861,-0.501446,0.652868,-0.115801,0,0,2.62357e-17,-0,0,-0.00376078,0,0,-0.499882,-0.6284,0.830141,-0.409556,1.12985,-1.48301,-13.1861,-0.501446,0.652868,-0.115801,0,0,-8.47866e-17,-0.0579003,-0.0579003,0.652868,0.652868,-0.00229515,2.78864e-20,0,0,True,True
2.45,-0,0,0.00396354,0,0,0.498884,-0.624296,0.811316,-0.405377,1.12251,-1.44926,-13.0675,-0.498218,0.637946,-0.116135,0,0,-2.19247e-17,-0,0,-0.00396354,0,0,-0.498884,-0.624296,0.811316,-0.405377,1.12251,-1.44926,-13.0675,-0.498218,0.637946,-0.116135,0,0,-2.19247e-17,-0.0580677,-0.0580677,0.637946,0.637946,-0.00234182,2.82409e-20,0,0,True,True
2.455,-0,0,0.00416538,0,0,0.497915,-0.620287,0.791905,-0.401246,1.11535,-1.41438,-12.9514,-0.495066,0.622472,-0.11643,0,0,3.91438e-17,-0,0,-0.00416538,0,0,-0.497915,-0.620287,0.791905,-0.401246,1.11535,-1.41438,-12.9514,-0.495066,0.622472,-0.11643,0,0,-7.18785e-17,-0.0582151,-0.0582151,0.622472,0.622472,-0.00238647,2.90045e-20,0,0,True,True
2.46,-0,0,0.00436599,0,0,0.496974,-0.616376,0.77191,-0.397167,1.10837,-1.37836,-12.838,-0.491993,0.606447,-0.116676,0,0,4.32894e-17,-0,0,-0.00436599,0,0,-0.496974,-0.616376,0.77191,-0.397167,1.10837,-1.37836,-12.838,-0.491993,0.606447,-0.116676,0,0,-6.77329e-17,-0.0583381,-0.0583381,0.606447,0.606447,-0.00242901,3.00735e-20,0,0,True,True
2.465,-0,0,0.00456501,0,0,0.496064,-0.612568,0.751334,-0.393146,1.10157,-1.34121,-12.7274,-0.489002,0.589873,-0.116865,0,0,-9.12059e-18,-0,0,-0.00456501,0,0,-0.496064,-0.612568,0.751334,-0.393146,1.10157,-1.34121,-12.7274,-0.489002,0.589873,-0.116865,0,0,-9.12059e-18,-0.0584323,-0.0584323,0.589873,0.589873,-0.00246937,3.13705e-20,0,0,True,True
2.47,-0,0,0.00476211,0,0,0.495183,-0.608863,0.73018,-0.38919,1.09496,-1.30293,-12.6197,-0.486095,0.572754,-0.116986,0,0,4.87289e-17,-0,0,-0.00476211,0,0,-0.495183,-0.608863,0.73018,-0.38919,1.09496,-1.30293,-12.6197,-0.486095,0.572754,-0.116986,0,0,-6.22934e-17,-0.0584932,-0.0584932,0.572754,0.572754,-0.00250746,3.28377e-20,0,0,True,True
2.475,-0,0,0.00495689,0,0,0.494333,-0.605266,0.708452,-0.385304,1.08854,-1.26355,-12.515,-0.483274,0.555093,-0.117033,0,0,-4.99299e-18,-0,0,-0.00495689,0,0,-0.494333,-0.605266,0.708452,-0.385304,1.08854,-1.26355,-12.515,-0.483274,0.555093,-0.117033,0,0,-4.99299e-18,-0.0585166,-0.0585166,0.555093,0.555093,-0.0025432,3.44317e-20,0,0,True,True
2.48,-0,0,0.00514894,0,0,0.493514,-0.601779,0.686157,-0.381494,1.08232,-1.22305,-12.4133,-0.480544,0.536896,-0.116998,0,0,-3.58831e-18,-0,0,-0.00514894,0,0,-0.493514,-0.601779,0.686157,-0.381494,1.08232,-1.22305,-12.4133,-0.480544,0.536896,-0.116998,0,0,-3.58831e-18,-0.058499,-0.058499,0.536896,0.536896,-0.00257651,3.61189e-20,0,0,True,True
2.485,-0,0,0.00533782,0,0,0.492725,-0.598404,0.663301,-0.37777,1.07631,-1.18147,-12.3148,-0.477905,0.518169,-0.116877,0,0,-2.43822e-18,-0,0,-0.00533782,0,0,-0.492725,-0.598404,0.663301,-0.37777,1.07631,-1.18147,-12.3148,-0.477905,0.518169,-0.116877,0,0,-2.43822e-18,-0.0584386,-0.0584386,0.518169,0.518169,-0.0026073,3.7873e-20,0,0,True,True
2.49,-0,0,0.00552301,0,0,0.491968,-0.595146,0.639894,-0.37414,1.07051,-1.13881,-12.2196,-0.475362,0.49892,-0.116673,0,0,-1.43556e-18,-0,0,-0.00552301,0,0,-0.491968,-0.595146,0.639894,-0.37414,1.07051,-1.13881,-12.2196,-0.475362,0.49892,-0.116673,0,0,-1.43556e-18,-0.0583363,-0.0583363,0.49892,0.49892,-0.0026355,3.96724e-20,0,0,True,True
2.495,-0,0,0.0057039,0,0,0.491242,-0.592005,0.615943,-0.370615,1.06492,-1.0951,-12.1277,-0.472916,0.479158,-0.116393,0,0,5.50247e-17,-0,0,-0.0057039,0,0,-0.491242,-0.592005,0.615943,-0.370615,1.06492,-1.0951,-12.1277,-0.472916,0.479158,-0.116393,0,0,-5.59976e-17,-0.0581966,-0.0581966,0.479158,0.479158,-0.00266103,4.14982e-20,0,0,True,True
2.5,-0,0,0.0058798,0,0,0.490548,-0.588986,0.591462,-0.367209,1.05956,-1.05035,-12.0393,-0.47057,0.458892,-0.11606,0,0,4.98401e-19,-0,0,-0.0058798,0,0,-0.490548,-0.588986,0.591462,-0.367209,1.05956,-1.05035,-12.0393,-0.47057,0.458892,-0.11606,0,0,4.98401e-19,-0.0580301,-0.0580301,0.458892,0.458892,-0.00268381,4.33322e-20,0,0,True,True
2.505,-0,0,0.00604984,0,0,0.489887,-0.586091,0.566462,-0.363941,1.05442,-1.0046,-11.9544,-0.468327,0.438134,-0.11571,0,0,1.61128e-18,-0,0,-0.00604984,0,0,-0.489887,-0.586091,0.566462,-0.363941,1.05442,-1.0046,-11.9544,-0.468327,0.438134,-0.11571,0,0,1.61128e-18,-0.0578551,-0.0578551,0.438134,0.438134,-0.00270376,4.51556e-20,0,0,True,True
2.51,-0,0,0.00621296,0,0,0.489257,-0.583322,0.540958,-0.360834,1.04951,-0.957855,-11.8733,-0.466189,0.416897,-0.115401,0,0,2.95616e-18,-0,0,-0.00621296,0,0,-0.489257,-0.583322,0.540958,-0.360834,1.04951,-0.957855,-11.8733,-0.466189,0.416897,-0.115401,0,0,2.95616e-18,-0.0577007,-0.0577007,0.416897,0.416897,-0.00272081,4.69469e-20,0,0,True,True
2.515,-0,0,0.00636788,0,0,0.488661,-0.580681,0.514965,-0.357918,1.04484,-0.91016,-11.7961,-0.464158,0.395195,-0.115219,0,0,4.65785e-18,-0,0,-0.00636788,0,0,-0.488661,-0.580681,0.514965,-0.357918,1.04484,-0.91016,-11.7961,-0.464158,0.395195,-0.115219,0,0,4.65785e-18,-0.0576095,-0.0576095,0.395195,0.395195,-0.00273488,4.86799e-20,0,0,True,True
2.52,-0,0,0.00651301,0,0,0.488097,-0.578172,0.488501,-0.35523,1.04041,-0.861544,-11.7228,-0.462237,0.373043,-0.115281,0,0,6.23844e-17,-0,0,-0.00651301,0,0,-0.488097,-0.578172,0.488501,-0.35523,1.04041,-0.861544,-11.7228,-0.462237,0.373043,-0.115281,0,0,-4.86379e-17,-0.0576406,-0.0576406,0.373043,0.373043,-0.0027459,5.03217e-20,0,0,True,True
2.525,-0,0,0.00664641,0,0,0.487566,-0.575796,0.461584,-0.352817,1.03622,-0.812042,-11.6538,-0.460428,0.350458,-0.115744,0,0,6.53166e-17,-0,0,-0.00664641,0,0,-0.487566,-0.575796,0.461584,-0.352817,1.03622,-0.812042,-11.6538,-0.460428,0.350458,-0.115744,0,0,-4.57057e-17,-0.0578722,-0.0578722,0.350458,0.350458,-0.00275379,5.18289e-20,0,0,True,True
2.53,-0,0,0.00676582,0,0,0.487069,-0.573556,0.434237,-0.350736,1.03229,-0.761692,-11.5892,-0.458733,0.327455,-0.116804,0,0,6.92331e-17,-0,0,-0.00676582,0,0,-0.487069,-0.573556,0.434237,-0.350736,1.03229,-0.761692,-11.5892,-0.458733,0.327455,-0.116804,0,0,-4.17892e-17,-0.0584019,-0.0584019,0.327455,0.327455,-0.0027585,5.31444e-20,0,0,True,True
2.535,-0,0,0.0068687,0,0,0.486605,-0.571454,0.406481,-0.349051,1.02861,-0.710536,-11.5292,-0.457153,0.304055,-0.118688,0,0,1.89788e-17,-0,0,-0.0068687,0,0,-0.486605,-0.571454,0.406481,-0.349051,1.02861,-0.710536,-11.5292,-0.457153,0.304055,-0.118688,0,0,1.89788e-17,-0.059344,-0.059344,0.304055,0.304055,-0.00275993,5.41916e-20,0,0,True,True
2.54,-0,0,0.00695239,0,0,0.486174,-0.569491,0.378341,-0.347827,1.02518,-0.658617,-11.474,-0.455692,0.280276,-0.121638,0,0,2.48238e-17,-0,0,-0.00695239,0,0,-0.486174,-0.569491,0.378341,-0.347827,1.02518,-0.658617,-11.474,-0.455692,0.280276,-0.121638,0,0,2.48238e-17,-0.060819,-0.060819,0.280276,0.280276,-0.00275804,5.48679e-20,0,0,True,True
2.545,-0,0,0.00701456,0,0,0.485778,-0.56767,0.349843,-0.347125,1.02202,-0.605981,-11.4239,-0.454351,0.256139,-0.125863,0,0,2.55544e-17,-0,0,-0.00701456,0,0,-0.485778,-0.56767,0.349843,-0.347125,1.02202,-0.605981,-11.4239,-0.454351,0.256139,-0.125863,0,0,2.55544e-17,-0.0629314,-0.0629314,0.256139,0.256139,-0.00275273,5.50351e-20,0,0,True,True
2.55,-0,0,0.00705395,0,0,0.485415,-0.565993,0.321015,-0.346972,1.01912,-0.552678,-11.379,-0.453131,0.231663,-0.131452,0,0,7.13789e-17,-0,0,-0.00705395,0,0,-0.485415,-0.565993,0.321015,-0.346972,1.01912,-0.552678,-11.379,-0.453131,0.231663,-0.131452,0,0,-3.96434e-17,-0.0657258,-0.0657258,0.231663,0.231663,-0.00274395,5.46108e-20,0,0,True,True
2.555,-0,0,0.00707175,0,0,0.485087,-0.56446,0.291885,-0.347333,1.01649,-0.498758,-11.3392,-0.452034,0.206873,-0.138218,0,0,1.25538e-18,-0,0,-0.00707175,0,0,-0.485087,-0.56446,0.291885,-0.347333,1.01649,-0.498758,-11.3392,-0.452034,0.206873,-0.138218,0,0,1.25538e-18,-0.0691091,-0.0691091,0.206873,0.206873,-0.00273161,5.38723e-20,0,0,True,True
2.56,-0,0,0.00707401,0,0,0.484793,-0.563074,0.262485,-0.348037,1.01414,-0.444276,-11.3042,-0.451062,0.181792,-0.145433,0,0,5.05125e-17,-0,0,-0.00707401,0,0,-0.484793,-0.563074,0.262485,-0.348037,1.01414,-0.444276,-11.3042,-0.451062,0.181792,-0.145433,0,0,-6.05098e-17,-0.0727167,-0.0727167,0.181792,0.181792,-0.00271565,5.31705e-20,0,0,True,True
2.565,-0,0,0.00707556,0,0,0.484533,-0.561835,0.232842,-0.348678,1.01205,-0.389288,-11.2731,-0.450216,0.156446,-0.151384,0,0,6.39288e-20,-0,0,-0.00707556,0,0,-0.484533,-0.561835,0.232842,-0.348678,1.01205,-0.389288,-11.2731,-0.450216,0.156446,-0.151384,0,0,6.39288e-20,-0.0756918,-0.0756918,0.156446,0.156446,-0.00269598,5.27014e-20,0,0,True,True
2.57,-0,0,0.00710627,0,0,0.484307,-0.560746,0.202985,-0.348439,1.01024,-0.333853,-11.2438,-0.449497,0.130868,-0.152658,0,0,4.85113e-18,-0,0,-0.00710627,0,0,-0.484307,-0.560746,0.202985,-0.348439,1.01024,-0.333853,-11.2438,-0.449497,0.130868,-0.152658,0,0,4.85113e-18,-0.0763288,-0.0763288,0.130868,0.130868,-0.00267253,5.21604e-20,0,0,True,True
2.575,-0,0,0.0072212,0,0,0.484116,-0.559805,0.172935,-0.345821,1.00871,-0.278033,-11.2129,-0.448907,0.105098,-0.143017,0,0,6.01201e-17,-0,0,-0.0072212,0,0,-0.484116,-0.559805,0.172935,-0.345821,1.00871,-0.278033,-11.2129,-0.448907,0.105098,-0.143017,0,0,-5.09022e-17,-0.0715085,-0.0715085,0.105098,0.105098,-0.00264527,5.14943e-20,0,0,True,True
2.58,-0,0,0.00751614,0,0,0.48396,-0.559016,0.142705,-0.338213,1.00746,-0.221894,-11.1741,-0.448446,0.0791898,-0.111632,0,0,3.24397e-18,-0,0,-0.00751614,0,0,-0.48396,-0.559016,0.142705,-0.338213,1.00746,-0.221894,-11.1741,-0.448446,0.0791898,-0.111632,0,0,3.24397e-18,-0.0558158,-0.0558158,0.0791898,0.0791898,-0.00261417,5.07408e-20,0,0,True,True
2.585,-0,0,0.00815177,0,0,0.483839,-0.558378,0.112286,-0.321245,1.00649,-0.165509,-11.1169,-0.448115,0.0532229,-0.0403733,0,0,5.76609e-17,-0,0,-0.00815177,0,0,-0.483839,-0.558378,0.112286,-0.321245,1.00649,-0.165509,-11.1169,-0.448115,0.0532229,-0.0403733,0,0,-5.33614e-17,-0.0201866,-0.0201866,0.0532229,0.0532229,-0.00257928,4.99276e-20,0,0,True,True
2.59,-0,0,0.00936356,0,0,0.483752,-0.557893,0.0816434,-0.288509,1.00581,-0.108957,-11.0259,-0.447914,0.027314,0.097304,0,0,1.33694e-18,-0,0,-0.00936356,0,0,-0.483752,-0.557893,0.0816434,-0.288509,1.00581,-0.108957,-11.0259,-0.447914,0.027314,0.097304,0,0,1.33694e-18,0.048652,0.048652,0.027314,0.027314,-0.00254079,4.90754e-20,0,0,True,True
2.595,-0,0,0.00908445,0,0,0.494976,-0.557562,0.0506958,-0.291457,1.0054,-0.0523282,-11.339,-0.447842,0.00163235,0.136762,0,0,5.62499e-17,-0,0,-0.00908445,0,0,-0.494976,-0.557562,0.0506958,-0.291457,1.0054,-0.0523282,-11.339,-0.447842,0.00163235,0.136762,0,0,-5.47724e-17,0.068381,0.068381,0.00163235,0.00163235,-0.00249908,4.81993e-20,0,0,True,True
2.6,-0,0,0.004881,0,0,0.528783,-0.557386,0.0274027,-0.391518,1.00528,-0.00982749,-12.518,-0.447898,-0.0175752,-0.127562,0,0,3.00074e-19,-0,0,-0.004881,0,0,-0.528783,-0.557386,0.0274027,-0.391518,1.00528,-0.00982749,-12.518,-0.447898,-0.0175752,-0.127562,0,0,3.00074e-19,-0.0637808,-0.0637808,-0.0175752,-0.0175752,-0.00245487,4.73103e-20,0,0,True,True
2.605,-0,0,0.000641627,0,0,0.562608,-0.557288,0.0197855,-0.492517,1.00531,0.00437134,-13.7011,-0.448018,-0.0241569,-0.394545,0,0,5.54908e-17,-0,0,-0.000641627,0,0,-0.562608,-0.557288,0.0197855,-0.492517,1.00531,0.00437134,-13.7011,-0.448018,-0.0241569,-0.394545,0,0,-5.55315e-17,-0.197273,-0.197273,-0.0241569,-0.0241569,-0.00240914,4.64168e-20,0,0,True,True
2.61,-0,0,0.00030366,0,0,0.573885,-0.557188,0.0198618,-0.496937,1.00533,0.00437828,-14.0236,-0.448139,-0.0242401,-0.358383,0,0,-2.53088e-19,-0,0,-0.00030366,0,0,-0.573885,-0.557188,0.0198618,-0.496937,1.00533,0.00437828,-14.0236,-0.448139,-0.0242401,-0.358383,0,0,-2.53088e-19,-0.179191,-0.179191,-0.0242401,-0.0242401,-0.0023629,4.55245e-20,0,0,True,True
2.615,-0,0,0.00148824,0,0,0.573885,-0.557089,0.0196997,-0.46472,1.00535,0.00433272,-13.9439,-0.44826,-0.0240325,-0.219237,0,0,-4.20932e-19,-0,0,-0.00148824,0,0,-0.573885,-0.557089,0.0196997,-0.46472,1.00535,0.00433272,-13.9439,-0.44826,-0.0240325,-0.219237,0,0,-4.20932e-19,-0.109618,-0.109618,-0.0240325,-0.0240325,-0.00231684,4.46378e-20,0,0,True,True
2.62,-0,0,0.00211597,0,0,0.573885,-0.556991,0.0194047,-0.447647,1.00537,0.00425826,-13.9006,-0.44838,-0.023663,-0.142922,0,0,5.49704e-17,-0,0,-0.00211597,0,0,-0.573885,-0.556991,0.0194047,-0.447647,1.00537,0.00425826,-13.9006,-0.44838,-0.023663,-0.142922,0,0,-5.60519e-17,-0.0714612,-0.0714612,-0.023663,-0.023663,-0.00227137,4.37599e-20,0,0,True,True
2.625,-0,0,0.00239668,0,0,0.573885,-0.556895,0.0190455,-0.440013,1.00539,0.0041702,-13.8802,-0.448497,-0.0232157,-0.105818,0,0,-6.24935e-19,-0,0,-0.00239668,0,0,-0.573885,-0.556895,0.0190455,-0.440013,1.00539,0.0041702,-13.8802,-0.448497,-0.0232157,-0.105818,0,0,-6.24935e-19,-0.052909,-0.052909,-0.0232157,-0.0232157,-0.0022267,4.28929e-20,0,0,True,True
2.63,-0,0,0.0024801,0,0,0.573885,-0.556801,0.018662,-0.437746,1.00541,0.00407735,-13.8726,-0.448612,-0.0227393,-0.0910576,0,0,-6.82872e-19,-0,0,-0.0024801,0,0,-0.573885,-0.556801,0.018662,-0.437746,1.00541,0.00407735,-13.8726,-0.448612,-0.0227393,-0.0910576,0,0,-6.82872e-19,-0.0455288,-0.0455288,-0.0227393,-0.0227393,-0.00218292,4.20384e-20,0,0,True,True
2.635,-0,0,0.00245802,0,0,0.573885,-0.556709,0.0182761,-0.438347,1.00543,0.00398454,-13.8721,-0.448724,-0.0222607,-0.0882974,0,0,5.47898e-17,-0,0,-0.00245802,0,0,-0.573885,-0.556709,0.0182761,-0.438347,1.00543,0.00398454,-13.8721,-0.448724,-0.0222607,-0.0882974,0,0,-5.62326e-17,-0.0441487,-0.0441487,-0.0222607,-0.0222607,-0.00214006,4.11975e-20,0,0,True,True
2.64,-0,0,0.00238515,0,0,0.573885,-0.556618,0.017899,-0.44033,1.00545,0.00389417,-13.8749,-0.448835,-0.0217932,-0.0913716,0,0,-7.45621e-19,-0,0,-0.00238515,0,0,-0.573885,-0.556618,0.017899,-0.44033,1.00545,0.00389417,-13.8749,-0.448835,-0.0217932,-0.0913716,0,0,-7.45621e-19,-0.0456858,-0.0456858,-0.0217932,-0.0217932,-0.0020981,4.03708e-20,0,0,True,True
2.645,-0,0,0.00229286,0,0,0.573885,-0.55653,0.0175355,-0.442841,1.00547,0.00380727,-13.879,-0.448942,-0.0213428,-0.0967402,0,0,-7.59316e-19,-0,0,-0.00229286,0,0,-0.573885,-0.55653,0.0175355,-0.442841,1.00547,0.00380727,-13.879,-0.448942,-0.0213428,-0.0967402,0,0,-7.59316e-19,-0.0483701,-0.0483701,-0.0213428,-0.0213428,-0.002057,3.95588e-20,0,0,True,True
2.65,-0,0,0.00219817,0,0,0.573885,-0.556443,0.0171869,-0.445417,1.00549,0.00372407,-13.8833,-0.449048,-0.020911,-0.102482,0,0,5.47459e-17,-0,0,-0.00219817,0,0,-0.573885,-0.556443,0.0171869,-0.445417,1.00549,0.00372407,-13.8833,-0.449048,-0.020911,-0.102482,0,0,-5.62764e-17,-0.0512408,-0.0512408,-0.020911,-0.020911,-0.00201674,3.87617e-20,0,0,True,True
2.655,-0,0,0.00210945,0,0,0.573885,-0.556358,0.0168527,-0.447831,1.00551,0.00364444,-13.8872,-0.449151,-0.0204971,-0.107647,0,0,5.47455e-17,-0,0,-0.00210945,0,0,-0.573885,-0.556358,0.0168527,-0.447831,1.00551,0.00364444,-13.8872,-0.449151,-0.0204971,-0.107647,0,0,-5.62768e-17,-0.0538236,-0.0538236,-0.0204971,-0.0204971,-0.00197729,3.79796e-20,0,0,True,True
2.66,-0,0,0.0020301,0,0,0.573885,-0.556274,0.0165315,-0.44999,1.00553,0.00356805,-13.8906,-0.449253,-0.0200996,-0.111852,0,0,-7.61847e-19,-0,0,-0.0020301,0,0,-0.573885,-0.556274,0.0165315,-0.44999,1.00553,0.00356805,-13.8906,-0.449253,-0.0200996,-0.111852,0,0,-7.61847e-19,-0.0559259,-0.0559259,-0.0200996,-0.0200996,-0.0019386,3.72126e-20,0,0,True,True
2.665,-0,0,0.00196072,0,0,0.573885,-0.556193,0.0162218,-0.451877,1.00555,0.00349454,-13.8934,-0.449352,-0.0197163,-0.115022,0,0,5.4756e-17,-0,0,-0.00196072,0,0,-0.573885,-0.556193,0.0162218,-0.451877,1.00555,0.00349454,-13.8934,-0.449352,-0.0197163,-0.115022,0,0,-5.62663e-17,-0.0575108,-0.0575108,-0.0197163,-0.0197163,-0.00190064,3.64605e-20,0,0,True,True
2.67,-0,0,0.00190057,0,0,0.573885,-0.556112,0.015922,-0.453514,1.00556,0.00342355,-13.8956,-0.44945,-0.0193456,-0.117239,0,0,-7.46259e-19,-0,0,-0.00190057,0,0,-0.573885,-0.556112,0.015922,-0.453514,1.00556,0.00342355,-13.8956,-0.44945,-0.0193456,-0.117239,0,0,-7.46259e-19,-0.0586195,-0.0586195,-0.0193456,-0.0193456,-0.00186341,3.57231e-20,0,0,True,True
2.675,-0,0,0.0018483,0,0,0.573885,-0.556033,0.0156309,-0.454936,1.00558,0.00335476,-13.8973,-0.449546,-0.0189856,-0.118654,0,0,-7.35913e-19,-0,0,-0.0018483,0,0,-0.573885,-0.556033,0.0156309,-0.454936,1.00558,0.00335476,-13.8973,-0.449546,-0.0189856,-0.118654,0,0,-7.35913e-19,-0.0593269,-0.0593269,-0.0189856,-0.0189856,-0.00182686,3.50004e-20,0,0,True,True
2.68,-0,0,0.0018024,0,0,0.573885,-0.555956,0.0153472,-0.456185,1.0056,0.00328792,-13.8986,-0.44964,-0.0186351,-0.119432,0,0,-7.24537e-19,-0,0,-0.0018024,0,0,-0.573885,-0.555956,0.0153472,-0.456185,1.0056,0.00328792,-13.8986,-0.44964,-0.0186351,-0.119432,0,0,-7.24537e-19,-0.0597159,-0.0597159,-0.0186351,-0.0186351,-0.00179099,3.42921e-20,0,0,True,True
2.685,-0,0,0.00176148,0,0,0.573885,-0.55588,0.0150701,-0.457299,1.00561,0.00322282,-13.8996,-0.449732,-0.018293,-0.11973,0,0,5.47987e-17,-0,0,-0.00176148,0,0,-0.573885,-0.55588,0.0150701,-0.457299,1.00561,0.00322282,-13.8996,-0.449732,-0.018293,-0.11973,0,0,-5.62236e-17,-0.0598648,-0.0598648,-0.018293,-0.018293,-0.00175577,3.3598e-20,0,0,True,True
2.69,-0,0,0.00172432,0,0,0.573885,-0.555805,0.014799,-0.45831,1.00563,0.00315931,-13.9004,-0.449823,-0.0179583,-0.119681,0,0,-6.99969e-19,-0,0,-0.00172432,0,0,-0.573885,-0.555805,0.014799,-0.45831,1.00563,0.00315931,-13.9004,-0.449823,-0.0179583,-0.119681,0,0,-6.99969e-19,-0.0598407,-0.0598407,-0.0179583,-0.0179583,-0.00172119,3.29177e-20,0,0,True,True
2.695,-0,0,0.00168994,0,0,0.573885,-0.555732,0.0145334,-0.459246,1.00564,0.00309727,-13.9011,-0.449912,-0.0176306,-0.119397,0,0,5.48239e-17,-0,0,-0.00168994,0,0,-0.573885,-0.555732,0.0145334,-0.459246,1.00564,0.00309727,-13.9011,-0.449912,-0.0176306,-0.119397,0,0,-5.61984e-17,-0.0596987,-0.0596987,-0.0176306,-0.0176306,-0.00168724,3.22512e-20,0,0,True,True
2.7,-0,0,0.00165756,0,0,0.573885,-0.55566,0.0142728,-0.460127,1.00566,0.00303659,-13.9016,-0.449999,-0.0173094,-0.118963,0,0,5.48368e-17,-0,0,-0.00165756,0,0,-0.573885,-0.55566,0.0142728,-0.460127,1.00566,0.00303659,-13.9016,-0.449999,-0.0173094,-0.118963,0,0,-5.61855e-17,-0.0594813,-0.0594813,-0.0173094,-0.0173094,-0.00165391,3.15981e-20,0,0,True,True
2.705,-0,0,0.00162661,0,0,0.573885,-0.555589,0.014017,-0.460969,1.00567,0.00297722,-13.9021,-0.450085,-0.0169942,-0.118441,0,0,-6.61452e-19,-0,0,-0.00162661,0,0,-0.573885,-0.555589,0.014017,-0.460969,1.00567,0.00297722,-13.9021,-0.450085,-0.0169942,-0.118441,0,0,-6.61452e-19,-0.0592205,-0.0592205,-0.0169942,-0.0169942,-0.00162118,3.09583e-20,0,0,True,True
2.71,-0,0,0.00159666,0,0,0.573885,-0.55552,0.0137659,-0.461784,1.00569,0.00291911,-13.9026,-0.450169,-0.016685,-0.117879,0,0,-6.48618e-19,-0,0,-0.00159666,0,0,-0.573885,-0.55552,0.0137659,-0.461784,1.00569,0.00291911,-13.9026,-0.450169,-0.016685,-0.117879,0,0,-6.48618e-19,-0.0589394,-0.0589394,-0.016685,-0.016685,-0.00158905,3.03313e-20,0,0,True,True
2.715,-0,0,0.00156742,0,0,0.573885,-0.555451,0.0135193,-0.46258,1.0057,0.00286221,-13.903,-0.450252,-0.0163815,-0.117308,0,0,5.48753e-17,-0,0,-0.00156742,0,0,-0.573885,-0.555451,0.0135193,-0.46258,1.0057,0.00286221,-13.903,-0.450252,-0.0163815,-0.117308,0,0,-5.6147e-17,-0.0586541,-0.0586541,-0.0163815,-0.0163815,-0.00155749,2.9717e-20,0,0,True,True
2.72,-0,0,0.00153868,0,0,0.573885,-0.555384,0.0132771,-0.463362,1.00572,0.00280651,-13.9034,-0.450333,-0.0160836,-0.11675,0,0,5.48878e-17,-0,0,-0.00153868,0,0,-0.573885,-0.555384,0.0132771,-0.463362,1.00572,0.00280651,-13.9034,-0.450333,-0.0160836,-0.11675,0,0,-5.61345e-17,-0.0583752,-0.0583752,-0.0160836,-0.0160836,-0.00152651,2.91152e-20,0,0,True,True
2.725,-0,0,0.00151033,0,0,0.573885,-0.555319,0.0130393,-0.464133,1.00573,0.00275197,-13.9038,-0.450413,-0.0157913,-0.116218,0,0,5.49003e-17,-0,0,-0.00151033,0,0,-0.573885,-0.555319,0.0130393,-0.464133,1.00573,0.00275197,-13.9038,-0.450413,-0.0157913,-0.116218,0,0,-5.6122e-17,-0.0581091,-0.0581091,-0.0157913,-0.0157913,-0.00149608,2.85255e-20,0,0,True,True
2.73,-0,0,0.00148228,0,0,0.573885,-0.555254,0.0128059,-0.464896,1.00574,0.00269857,-13.9043,-0.450491,-0.0155044,-0.115719,0,0,5.49125e-17,-0,0,-0.00148228,0,0,-0.573885,-0.555254,0.0128059,-0.464896,1.00574,0.00269857,-13.9043,-0.450491,-0.0155044,-0.115719,0,0,-5.61098e-17,-0.0578595,-0.0578595,-0.0155044,-0.0155044,-0.00146621,2.79478e-20,0,0,True,True
2.735,-0,0,0.0014545,0,0,0.573885,-0.555191,0.0125767,-0.465652,1.00576,0.0026463,-13.9047,-0.450568,-0.015223,-0.115256,0,0,5.49245e-17,-0,0,-0.0014545,0,0,-0.573885,-0.555191,0.0125767,-0.465652,1.00576,0.0026463,-13.9047,-0.450568,-0.015223,-0.115256,0,0,-5.60978e-17,-0.0576279,-0.0576279,-0.015223,-0.015223,-0.00143687,2.73818e-20,0,0,True,True
2.74,-0,0,0.00142696,0,0,0.573885,-0.555128,0.0123518,-0.466401,1.00577,0.00259514,-13.9051,-0.450643,-0.0149469,-0.114829,0,0,-5.74848e-19,-0,0,-0.00142696,0,0,-0.573885,-0.555128,0.0123518,-0.466401,1.00577,0.00259514,-13.9051,-0.450643,-0.0149469,-0.114829,0,0,-5.74848e-19,-0.0574144,-0.0574144,-0.0149469,-0.0149469,-0.00140807,2.68273e-20,0,0,True,True
2.745,-0,0,0.00139969,0,0,0.573885,-0.555067,0.0121311,-0.467144,1.00578,0.00254507,-13.9056,-0.450717,-0.0146761,-0.114437,0,0,-5.63253e-19,-0,0,-0.00139969,0,0,-0.573885,-0.555067,0.0121311,-0.467144,1.00578,0.00254507,-13.9056,-0.450717,-0.0146761,-0.114437,0,0,-5.63253e-19,-0.0572185,-0.0572185,-0.0146761,-0.0146761,-0.00137978,2.6284e-20,0,0,True,True
2.75,-0,0,0.00137268,0,0,0.573885,-0.555007,0.0119145,-0.467879,1.0058,0.00249608,-13.9061,-0.45079,-0.0144106,-0.114077,0,0,-5.51875e-19,-0,0,-0.00137268,0,0,-0.573885,-0.555007,0.0119145,-0.467879,1.0058,0.00249608,-13.9061,-0.45079,-0.0144106,-0.114077,0,0,-5.51875e-19,-0.0570387,-0.0570387,-0.0144106,-0.0144106,-0.00135201,2.57517e-20,0,0,True,True
2.755,-0,0,0.00134595,0,0,0.573885,-0.554948,0.0117021,-0.468606,1.00581,0.00244815,-13.9065,-0.450861,-0.0141503,-0.113747,0,0,5.49704e-17,-0,0,-0.00134595,0,0,-0.573885,-0.554948,0.0117021,-0.468606,1.00581,0.00244815,-13.9065,-0.450861,-0.0141503,-0.113747,0,0,-5.60519e-17,-0.0568737,-0.0568737,-0.0141503,-0.0141503,-0.00132473,2.52302e-20,0,0,True,True
2.76,-0,0,0.00131952,0,0,0.573885,-0.55489,0.0114938,-0.469325,1.00582,0.00240126,-13.907,-0.450931,-0.0138951,-0.113444,0,0,-5.29768e-19,-0,0,-0.00131952,0,0,-0.573885,-0.55489,0.0114938,-0.469325,1.00582,0.00240126,-13.907,-0.450931,-0.0138951,-0.113444,0,0,-5.29768e-19,-0.0567218,-0.0567218,-0.0138951,-0.0138951,-0.00129795,2.47192e-20,0,0,True,True
2.765,-0,0,0.0012934,0,0,0.573885,-0.554833,0.0112896,-0.470036,1.00583,0.00235539,-13.9075,-0.451,-0.013645,-0.113163,0,0,5.49921e-17,-0,0,-0.0012934,0,0,-0.573885,-0.554833,0.0112896,-0.470036,1.00583,0.00235539,-13.9075,-0.451,-0.013645,-0.113163,0,0,-5.60302e-17,-0.0565815,-0.0565815,-0.013645,-0.013645,-0.00127164,2.42187e-20,0,0,True,True
2.77,-0,0,0.00126762,0,0,0.573885,-0.554777,0.0110894,-0.470737,1.00584,0.00231054,-13.9079,-0.451068,-0.0133999,-0.112903,0,0,5.50026e-17,-0,0,-0.00126762,0,0,-0.573885,-0.554777,0.0110894,-0.470737,1.00584,0.00231054,-13.9079,-0.451068,-0.0133999,-0.112903,0,0,-5.60197e-17,-0.0564513,-0.0564513,-0.0133999,-0.0133999,-0.00124581,2.37282e-20,0,0,True,True
2.775,-0,0,0.00124218,0,0,0.573885,-0.554722,0.0108931,-0.471429,1.00586,0.00226667,-13.9084,-0.451134,-0.0131597,-0.11266,0,0,5.50129e-17,-0,0,-0.00124218,0,0,-0.573885,-0.554722,0.0108931,-0.471429,1.00586,0.00226667,-13.9084,-0.451134,-0.0131597,-0.11266,0,0,-5.60094e-17,-0.0563299,-0.0563299,-0.0131597,-0.0131597,-0.00122043,2.32478e-20,0,0,True,True
2.78,-0,0,0.0012171,0,0,0.573885,-0.554668,0.0107007,-0.472111,1.00587,0.00222377,-13.9089,-0.451199,-0.0129245,-0.112432,0,0,5.5023e-17,-0,0,-0.0012171,0,0,-0.573885,-0.554668,0.0107007,-0.472111,1.00587,0.00222377,-13.9089,-0.451199,-0.0129245,-0.112432,0,0,-5.59993e-17,-0.056216,-0.056216,-0.0129245,-0.0129245,-0.00119551,2.2777e-20,0,0,True,True
2.785,-0,0,0.00119239,0,0,0.573885,-0.554615,0.0105122,-0.472784,1.00588,0.00218183,-13.9093,-0.451263,-0.012694,-0.112217,0,0,5.50329e-17,-0,0,-0.00119239,0,0,-0.573885,-0.554615,0.0105122,-0.472784,1.00588,0.00218183,-13.9093,-0.451263,-0.012694,-0.112217,0,0,-5.59894e-17,-0.0561087,-0.0561087,-0.012694,-0.012694,-0.00117104,2.23158e-20,0,0,True,True
2.79,-0,0,0.00116804,0,0,0.573885,-0.554563,0.0103275,-0.473446,1.00589,0.00214082,-13.9098,-0.451326,-0.0124683,-0.112014,0,0,5.50426e-17,-0,0,-0.00116804,0,0,-0.573885,-0.554563,0.0103275,-0.473446,1.00589,0.00214082,-13.9098,-0.451326,-0.0124683,-0.112014,0,0,-5.59797e-17,-0.0560069,-0.0560069,-0.0124683,-0.0124683,-0.00114699,2.1864e-20,0,0,True,True
2.795,-0,0,0.00114408,0,0,0.573885,-0.554512,0.0101465,-0.474098,1.0059,0.00210073,-13.9102,-0.451388,-0.0122472,-0.11182,0,0,5.50521e-17,-0,0,-0.00114408,0,0,-0.573885,-0.554512,0.0101465,-0.474098,1.0059,0.00210073,-13.9102,-0.451388,-0.0122472,-0.11182,0,0,-5.59702e-17,-0.0559099,-0.0559099,-0.0122472,-0.0122472,-0.00112337,2.14213e-20,0,0,True,True
2.8,-0,0,0.00112049,0,0,0.573885,-0.554462,0.00996917,-0.47474,1.00591,0.00206154,-13.9107,-0.451449,-0.0120307,-0.111634,0,0,-4.49693e-19,-0,0,-0.00112049,0,0,-0.573885,-0.554462,0.00996917,-0.47474,1.00591,0.00206154,-13.9107,-0.451449,-0.0120307,-0.111634,0,0,-4.49693e-19,-0.0558171,-0.0558171,-0.0120307,-0.0120307,-0.00110017,2.09875e-20,0,0,True,True
2.805,-0,0,0.00109728,0,0,0.573885,-0.554412,0.00979549,-0.475371,1.00592,0.00202323,-13.9111,-0.451508,-0.0118187,-0.111456,0,0,5.50706e-17,-0,0,-0.00109728,0,0,-0.573885,-0.554412,0.00979549,-0.475371,1.00592,0.00202323,-13.9111,-0.451508,-0.0118187,-0.111456,0,0,-5.59517e-17,-0.0557279,-0.0557279,-0.0118187,-0.0118187,-0.00107738,2.05626e-20,0,0,True,True
2.81,-0,0,0.00107445,0,0,0.573885,-0.554364,0.00962538,-0.475992,1.00593,0.00198578,-13.9116,-0.451567,-0.0116112,-0.111284,0,0,-4.31631e-19,-0,0,-0.00107445,0,0,-0.573885,-0.554364,0.00962538,-0.475992,1.00593,0.00198578,-13.9116,-0.451567,-0.0116112,-0.111284,0,0,-4.31631e-19,-0.0556419,-0.0556419,-0.0116112,-0.0116112,-0.00105498,2.01463e-20,0,0,True,True
2.815,-0,0,0.001052,0,0,0.573885,-0.554316,0.00945879,-0.476603,1.00594,0.00194918,-13.912,-0.451625,-0.011408,-0.111117,0,0,5.50883e-17,-0,0,-0.001052,0,0,-0.573885,-0.554316,0.00945879,-0.476603,1.00594,0.00194918,-13.912,-0.451625,-0.011408,-0.111117,0,0,-5.5934e-17,-0.0555586,-0.0555586,-0.011408,-0.011408,-0.00103298,1.97384e-20,0,0,True,True
2.82,-0,0,0.00102992,0,0,0.573885,-0.554269,0.00929565,-0.477204,1.00595,0.0019134,-13.9124,-0.451681,-0.0112091,-0.110956,0,0,5.50969e-17,-0,0,-0.00102992,0,0,-0.573885,-0.554269,0.00929565,-0.477204,1.00595,0.0019134,-13.9124,-0.451681,-0.0112091,-0.110956,0,0,-5.59254e-17,-0.0554778,-0.0554778,-0.0112091,-0.0112091,-0.00101136,1.93388e-20,0,0,True,True
2.825,-0,0,0.0010082,0,0,0.573885,-0.554223,0.00913592,-0.477794,1.00596,0.00187844,-13.9128,-0.451737,-0.0110144,-0.110798,0,0,-4.05888e-19,-0,0,-0.0010082,0,0,-0.573885,-0.554223,0.00913592,-0.477794,1.00596,0.00187844,-13.9128,-0.451737,-0.0110144,-0.110798,0,0,-4.05888e-19,-0.0553991,-0.0553991,-0.0110144,-0.0110144,-0.000990111,1.89473e-20,0,0,True,True
2.83,-0,0,0.000986855,0,0,0.573885,-0.554178,0.00897952,-0.478375,1.00597,0.00184428,-13.9133,-0.451791,-0.0108238,-0.110645,0,0,5.51135e-17,-0,0,-0.000986855,0,0,-0.573885,-0.554178,0.00897952,-0.478375,1.00597,0.00184428,-13.9133,-0.451791,-0.0108238,-0.110645,0,0,-5.59088e-17,-0.0553224,-0.0553224,-0.0108238,-0.0108238,-0.000969232,1.85637e-20,0,0,True,True
2.835,-0,0,0.000965865,0,0,0.573885,-0.554133,0.00882642,-0.478946,1.00598,0.00181089,-13.9137,-0.451845,-0.0106373,-0.110495,0,0,5.51216e-17,-0,0,-0.000965865,0,0,-0.573885,-0.554133,0.00882642,-0.478946,1.00598,0.00181089,-13.9137,-0.451845,-0.0106373,-0.110495,0,0,-5.59007e-17,-0.0552475,-0.0552475,-0.0106373,-0.0106373,-0.000948712,1.81879e-20,0,0,True,True
2.84,-0,0,0.000945227,0,0,0.573885,-0.554089,0.00867656,-0.479508,1.00599,0.00177827,-13.9141,-0.451898,-0.0104548,-0.110348,0,0,-3.8168e-19,-0,0,-0.000945227,0,0,-0.573885,-0.554089,0.00867656,-0.479508,1.00599,0.00177827,-13.9141,-0.451898,-0.0104548,-0.110348,0,0,-3.8168e-19,-0.0551742,-0.0551742,-0.0104548,-0.0104548,-0.000928543,1.78197e-20,0,0,True,True
2.845,-0,0,0.000924936,0,0,0.573885,-0.554046,0.00852988,-0.480059,1.006,0.00174639,-13.9145,-0.451949,-0.0102763,-0.110205,0,0,5.51372e-17,-0,0,-0.000924936,0,0,-0.573885,-0.554046,0.00852988,-0.480059,1.006,0.00174639,-13.9145,-0.451949,-0.0102763,-0.110205,0,0,-5.58851e-17,-0.0551024,-0.0551024,-0.0102763,-0.0102763,-0.000908719,1.7459e-20,0,0,True,True
2.85,-0,0,0.000904986,0,0,0.573885,-0.554004,0.00838632,-0.480602,1.006,0.00171525,-13.9148,-0.452,-0.0101016,-0.110064,0,0,5.51448e-17,-0,0,-0.000904986,0,0,-0.573885,-0.554004,0.00838632,-0.480602,1.006,0.00171525,-13.9148,-0.452,-0.0101016,-0.110064,0,0,-5.58775e-17,-0.0550321,-0.0550321,-0.0101016,-0.0101016,-0.000889231,1.71056e-20,0,0,True,True
2.855,-0,0,0.000885371,0,0,0.573885,-0.553963,0.00824585,-0.481136,1.00601,0.00168483,-13.9152,-0.45205,-0.00993068,-0.109926,0,0,5.51522e-17,-0,0,-0.000885371,0,0,-0.573885,-0.553963,0.00824585,-0.481136,1.00601,0.00168483,-13.9152,-0.45205,-0.00993068,-0.109926,0,0,-5.58701e-17,-0.054963,-0.054963,-0.00993068,-0.00993068,-0.000870072,1.67593e-20,0,0,True,True
2.86,-0,0,0.000866083,0,0,0.573885,-0.553922,0.00810841,-0.48166,1.00602,0.00165511,-13.9156,-0.4521,-0.00976352,-0.10979,0,0,5.51595e-17,-0,0,-0.000866083,0,0,-0.573885,-0.553922,0.00810841,-0.48166,1.00602,0.00165511,-13.9156,-0.4521,-0.00976352,-0.10979,0,0,-5.58628e-17,-0.0548952,-0.0548952,-0.00976352,-0.00976352,-0.000851236,1.64201e-20,0,0,True,True
2.865,-0,0,0.000847116,0,0,0.573885,-0.553881,0.00797395,-0.482176,1.00603,0.00162608,-13.916,-0.452148,-0.00960003,-0.109657,0,0,5.51666e-17,-0,0,-0.000847116,0,0,-0.573885,-0.553881,0.00797395,-0.482176,1.00603,0.00162608,-13.916,-0.452148,-0.00960003,-0.109657,0,0,-5.58557e-17,-0.0548287,-0.0548287,-0.00960003,-0.00960003,-0.000832714,1.60878e-20,0,0,True,True
2.87,-0,0,0.000828465,0,0,0.573885,-0.553842,0.00784242,-0.482684,1.00604,0.00159773,-13.9163,-0.452196,-0.00944015,-0.109526,0,0,5.51736e-17,-0,0,-0.000828465,0,0,-0.573885,-0.553842,0.00784242,-0.482684,1.00604,0.00159773,-13.9163,-0.452196,-0.00944015,-0.109526,0,0,-5.58487e-17,-0.0547632,-0.0547632,-0.00944015,-0.00944015,-0.000814501,1.57621e-20,0,0,True,True
2.875,-0,0,0.000810121,0,0,0.573885,-0.553803,0.00771378,-0.483183,1.00605,0.00157004,-13.9167,-0.452243,-0.00928382,-0.109398,0,0,5.51805e-17,-0,0,-0.000810121,0,0,-0.573885,-0.553803,0.00771378,-0.483183,1.00605,0.00157004,-13.9167,-0.452243,-0.00928382,-0.109398,0,0,-5.58418e-17,-0.0546989,-0.0546989,-0.00928382,-0.00928382,-0.00079659,1.54431e-20,0,0,True,True
2.88,-0,0,0.000792079,0,0,0.573885,-0.553765,0.00758797,-0.483673,1.00605,0.00154301,-13.917,-0.452289,-0.00913097,-0.109271,0,0,-3.23958e-19,-0,0,-0.000792079,0,0,-0.573885,-0.553765,0.00758797,-0.483673,1.00605,0.00154301,-13.917,-0.452289,-0.00913097,-0.109271,0,0,-3.23958e-19,-0.0546356,-0.0546356,-0.00913097,-0.00913097,-0.000778973,1.51305e-20,0,0,True,True
2.885,-0,0,0.000774331,0,0,0.573885,-0.553727,0.00746495,-0.484156,1.00606,0.00151661,-13.9174,-0.452334,-0.00898156,-0.109147,0,0,5.51938e-17,-0,0,-0.000774331,0,0,-0.573885,-0.553727,0.00746495,-0.484156,1.00606,0.00151661,-13.9174,-0.452334,-0.00898156,-0.109147,0,0,-5.58285e-17,-0.0545734,-0.0545734,-0.00898156,-0.00898156,-0.000761644,1.48243e-20,0,0,True,True
2.89,-0,0,0.000756872,0,0,0.573885,-0.55369,0.00734469,-0.484631,1.00607,0.00149083,-13.9177,-0.452378,-0.00883552,-0.109024,0,0,5.52002e-17,-0,0,-0.000756872,0,0,-0.573885,-0.55369,0.00734469,-0.484631,1.00607,0.00149083,-13.9177,-0.452378,-0.00883552,-0.109024,0,0,-5.58221e-17,-0.0545121,-0.0545121,-0.00883552,-0.00883552,-0.000744597,1.45243e-20,0,0,True,True
2.895,-0,0,0.000739695,0,0,0.573885,-0.553654,0.00722712,-0.485098,1.00608,0.00146567,-13.918,-0.452422,-0.0086928,-0.108904,0,0,-3.04641e-19,-0,0,-0.000739695,0,0,-0.573885,-0.553654,0.00722712,-0.485098,1.00608,0.00146567,-13.918,-0.452422,-0.0086928,-0.108904,0,0,-3.04641e-19,-0.0544519,-0.0544519,-0.0086928,-0.0086928,-0.000727826,1.42303e-20,0,0,True,True
2.9,-0,0,0.000722793,0,0,0.573885,-0.553618,0.00711222,-0.485558,1.00608,0.00144112,-13.9184,-0.452465,-0.00855334,-0.108785,0,0,5.52127e-17,-0,0,-0.000722793,0,0,-0.573885,-0.553618,0.00711222,-0.485558,1.00608,0.00144112,-13.9184,-0.452465,-0.00855334,-0.108785,0,0,-5.58096e-17,-0.0543926,-0.0543926,-0.00855334,-0.00855334,-0.000711323,1.39423e-20,0,0,True,True
2.905,-0,0,0.000706159,0,0,0.573885,-0.553583,0.00699994,-0.48601,1.00609,0.00141715,-13.9187,-0.452508,-0.00841709,-0.108669,0,0,5.52187e-17,-0,0,-0.000706159,0,0,-0.573885,-0.553583,0.00699994,-0.48601,1.00609,0.00141715,-13.9187,-0.452508,-0.00841709,-0.108669,0,0,-5.58036e-17,-0.0543343,-0.0543343,-0.00841709,-0.00841709,-0.000695084,1.36602e-20,0,0,True,True
2.91,-0,0,0.000689788,0,0,0.573885,-0.553548,0.00689024,-0.486456,1.0061,0.00139376,-13.919,-0.452549,-0.008284,-0.108554,0,0,-2.86477e-19,-0,0,-0.000689788,0,0,-0.573885,-0.553548,0.00689024,-0.486456,1.0061,0.00139376,-13.919,-0.452549,-0.008284,-0.108554,0,0,-2.86477e-19,-0.054277,-0.054277,-0.008284,-0.008284,-0.000679101,1.33838e-20,0,0,True,True
2.915,-0,0,0.000673673,0,0,0.573885,-0.553514,0.00678307,-0.486894,1.0061,0.00137095,-13.9193,-0.452591,-0.00815402,-0.108441,0,0,-2.80666e-19,-0,0,-0.000673673,0,0,-0.573885,-0.553514,0.00678307,-0.486894,1.0061,0.00137095,-13.9193,-0.452591,-0.00815402,-0.108441,0,0,-2.80666e-19,-0.0542206,-0.0542206,-0.00815402,-0.00815402,-0.00066337,1.31129e-20,0,0,True,True
2.92,-0,0,0.000657807,0,0,0.573885,-0.55348,0.00667841,-0.487326,1.00611,0.00134869,-13.9196,-0.452631,-0.0080271,-0.10833,0,0,-2.74974e-19,-0,0,-0.000657807,0,0,-0.573885,-0.55348,0.00667841,-0.487326,1.00611,0.00134869,-13.9196,-0.452631,-0.0080271,-0.10833,0,0,-2.74974e-19,-0.0541651,-0.0541651,-0.0080271,-0.0080271,-0.000647883,1.28476e-20,0,0,True,True
2.925,-0,0,0.000642184,0,0,0.573885,-0.553447,0.00657621,-0.487751,1.00612,0.00132698,-13.9199,-0.452671,-0.00790319,-0.108221,0,0,-2.69397e-19,-0,0,-0.000642184,0,0,-0.573885,-0.553447,0.00657621,-0.487751,1.00612,0.00132698,-13.9199,-0.452671,-0.00790319,-0.108221,0,0,-2.69397e-19,-0.0541107,-0.0541107,-0.00790319,-0.00790319,-0.000632636,1.25876e-20,0,0,True,True
2.93,-0,0,0.000626797,0,0,0.573885,-0.553414,0.00647644,-0.488169,1.00612,0.00130581,-13.9202,-0.45271,-0.00778225,-0.108115,0,0,5.52472e-17,-0,0,-0.000626797,0,0,-0.573885,-0.553414,0.00647644,-0.488169,1.00612,0.00130581,-13.9202,-0.45271,-0.00778225,-0.108115,0,0,-5.57751e-17,-0.0540573,-0.0540573,-0.00778225,-0.00778225,-0.000617622,1.23329e-20,0,0,True,True
2.935,-0,0,0.000611639,0,0,0.573885,-0.553382,0.00637906,-0.488581,1.00613,0.00128517,-13.9205,-0.452749,-0.00766423,-0.10801,0,0,-2.5858e-19,-0,0,-0.000611639,0,0,-0.573885,-0.553382,0.00637906,-0.488581,1.00613,0.00128517,-13.9205,-0.452749,-0.00766423,-0.10801,0,0,-2.5858e-19,-0.0540049,-0.0540049,-0.00766423,-0.00766423,-0.000602837,1.20833e-20,0,0,True,True
2.94,-0,0,0.000596703,0,0,0.573885,-0.55335,0.00628404,-0.488987,1.00614,0.00126505,-13.9208,-0.452787,-0.00754908,-0.107907,0,0,-2.53336e-19,-0,0,-0.000596703,0,0,-0.573885,-0.55335,0.00628404,-0.488987,1.00614,0.00126505,-13.9208,-0.452787,-0.00754908,-0.107907,0,0,-2.53336e-19,-0.0539536,-0.0539536,-0.00754908,-0.00754908,-0.000588274,1.18388e-20,0,0,True,True
2.945,-0,0,0.000581983,0,0,0.573885,-0.553319,0.00619134,-0.489388,1.00614,0.00124544,-13.9211,-0.452824,-0.00743677,-0.107807,0,0,-2.48199e-19,-0,0,-0.000581983,0,0,-0.573885,-0.553319,0.00619134,-0.489388,1.00614,0.00124544,-13.9211,-0.452824,-0.00743677,-0.107807,0,0,-2.48199e-19,-0.0539035,-0.0539035,-0.00743677,-0.00743677,-0.000573928,1.15993e-20,0,0,True,True
2.95,-0,0,0.00056747,0,0,0.573885,-0.553289,0.00610093,-0.489783,1.00615,0.00122633,-13.9214,-0.452861,-0.00732726,-0.107709,0,0,5.5268e-17,-0,0,-0.00056747,0,0,-0.573885,-0.553289,0.00610093,-0.489783,1.00615,0.00122633,-13.9214,-0.452861,-0.00732726,-0.107709,0,0,-5.57543e-17,-0.0538546,-0.0538546,-0.00732726,-0.00732726,-0.000559794,1.13646e-20,0,0,True,True
2.955,-0,0,0.000553157,0,0,0.573885,-0.553258,0.00601278,-0.490172,1.00616,0.00120771,-13.9216,-0.452897,-0.00722049,-0.107614,0,0,5.52729e-17,-0,0,-0.000553157,0,0,-0.573885,-0.553258,0.00601278,-0.490172,1.00616,0.00120771,-13.9216,-0.452897,-0.00722049,-0.107614,0,0,-5.57494e-17,-0.0538072,-0.0538072,-0.00722049,-0.00722049,-0.000545866,1.11347e-20,0,0,True,True
2.96,-0,0,0.000539036,0,0,0.573885,-0.553228,0.00592685,-0.490556,1.00616,0.00118959,-13.9219,-0.452933,-0.00711644,-0.107523,0,0,-2.33403e-19,-0,0,-0.000539036,0,0,-0.573885,-0.553228,0.00592685,-0.490556,1.00616,0.00118959,-13.9219,-0.452933,-0.00711644,-0.107523,0,0,-2.33403e-19,-0.0537613,-0.0537613,-0.00711644,-0.00711644,-0.000532139,1.09094e-20,0,0,True,True
2.965,-0,0,0.000525097,0,0,0.573885,-0.553199,0.00584313,-0.490935,1.00617,0.00117194,-13.9222,-0.452969,-0.00701507,-0.107434,0,0,-2.2867e-19,-0,0,-0.000525097,0,0,-0.573885,-0.553199,0.00584313,-0.490935,1.00617,0.00117194,-13.9222,-0.452969,-0.00701507,-0.107434,0,0,-2.2867e-19,-0.0537171,-0.0537171,-0.00701507,-0.00701507,-0.000518609,1.06887e-20,0,0,True,True
2.97,-0,0,0.000511331,0,0,0.573885,-0.55317,0.00576158,-0.491309,1.00617,0.00115476,-13.9225,-0.453003,-0.00691635,-0.10735,0,0,5.52871e-17,-0,0,-0.000511331,0,0,-0.573885,-0.55317,0.00576158,-0.491309,1.00617,0.00115476,-13.9225,-0.453003,-0.00691635,-0.10735,0,0,-5.57352e-17,-0.0536749,-0.0536749,-0.00691635,-0.00691635,-0.000505269,1.04724e-20,0,0,True,True
2.975,-0,0,0.000497727,0,0,0.573885,-0.553141,0.00568218,-0.491679,1.00618,0.00113805,-13.9227,-0.453038,-0.00682024,-0.10727,0,0,-2.19491e-19,-0,0,-0.000497727,0,0,-0.573885,-0.553141,0.00568218,-0.491679,1.00618,0.00113805,-13.9227,-0.453038,-0.00682024,-0.10727,0,0,-2.19491e-19,-0.0536349,-0.0536349,-0.00682024,-0.00682024,-0.000492116,1.02606e-20,0,0,True,True
2.98,-0,0,0.000484276,0,0,0.573885,-0.553113,0.0056049,-0.492045,1.00618,0.0011218,-13.923,-0.453072,-0.0067267,-0.107195,0,0,-2.1504e-19,-0,0,-0.000484276,0,0,-0.573885,-0.553113,0.0056049,-0.492045,1.00618,0.0011218,-13.923,-0.453072,-0.0067267,-0.107195,0,0,-2.1504e-19,-0.0535974,-0.0535974,-0.0067267,-0.0067267,-0.000479143,1.0053e-20,0,0,True,True
2.985,-0,0,0.000470966,0,0,0.573885,-0.553085,0.00552973,-0.492407,1.00619,0.001106,-13.9233,-0.453105,-0.00663572,-0.107125,0,0,-2.1068e-19,-0,0,-0.000470966,0,0,-0.573885,-0.553085,0.00552973,-0.492407,1.00619,0.001106,-13.9233,-0.453105,-0.00663572,-0.107125,0,0,-2.1068e-19,-0.0535627,-0.0535627,-0.00663572,-0.00663572,-0.000466347,9.84964e-21,0,0,True,True
2.99,-0,0,0.000457785,0,0,0.573885,-0.553058,0.00545663,-0.492766,1.0062,0.00109064,-13.9235,-0.453138,-0.00654727,-0.107063,0,0,5.53047e-17,-0,0,-0.000457785,0,0,-0.573885,-0.553058,0.00545663,-0.492766,1.0062,0.00109064,-13.9235,-0.453138,-0.00654727,-0.107063,0,0,-5.57176e-17,-0.0535313,-0.0535313,-0.00654727,-0.00654727,-0.000453722,9.65039e-21,0,0,True,True
2.995,-0,0,0.000444722,0,0,0.573885,-0.553031,0.00538559,-0.493121,1.0062,0.00107573,-13.9238,-0.45317,-0.00646132,-0.107007,0,0,-2.02223e-19,-0,0,-0.000444722,0,0,-0.573885,-0.553031,0.00538559,-0.493121,1.0062,0.00107573,-13.9238,-0.45317,-0.00646132,-0.107007,0,0,-2.02223e-19,-0.0535035,-0.0535035,-0.00646132,-0.00646132,-0.000441264,9.45517e-21,0,0,True,True
3,-0,0,0.000431766,0,0,0.573885,-0.553004,0.0053166,-0.493473,1.00621,0.00106125,-13.9241,-0.453203,-0.00637785,-0.106959,0,0,-1.98123e-19,-0,0,-0.000431766,0,0,-0.573885,-0.553004,0.0053166,-0.493473,1.00621,0.00106125,-13.9241,-0.453203,-0.00637785,-0.106959,0,0,-1.98123e-19,-0.0534795,-0.0534795,-0.00637785,-0.00637785,-0.000428967,9.26391e-21,0,0,True,True
3.005,-0,0,0.000418911,0,0,0.573885,-0.552978,0.00524964,-0.493823,1.00621,0.00104721,-13.9243,-0.453234,-0.00629685,-0.106919,0,0,-1.94107e-19,-0,0,-0.000418911,0,0,-0.573885,-0.552978,0.00524964,-0.493823,1.00621,0.00104721,-13.9243,-0.453234,-0.00629685,-0.106919,0,0,-1.94107e-19,-0.0534594,-0.0534594,-0.00629685,-0.00629685,-0.000416828,9.07652e-21,0,0,True,True
3.01,-0,0,0.000406156,0,0,0.573885,-0.552952,0.00518469,-0.49417,1.00622,0.00103359,-13.9246,-0.453266,-0.00621828,-0.106886,0,0,-1.90171e-19,-0,0,-0.000406156,0,0,-0.573885,-0.552952,0.00518469,-0.49417,1.00622,0.00103359,-13.9246,-0.453266,-0.00621828,-0.106886,0,0,-1.90171e-19,-0.0534431,-0.0534431,-0.00621828,-0.00621828,-0.00040484,8.89293e-21,0,0,True,True
3.015,-0,0,0.000393507,0,0,0.573885,-0.552926,0.00512174,-0.494514,1.00622,0.00102039,-13.9249,-0.453296,-0.00614213,-0.10686,0,0,-1.86316e-19,-0,0,-0.000393507,0,0,-0.573885,-0.552926,0.00512174,-0.494514,1.00622,0.00102039,-13.9249,-0.453296,-0.00614213,-0.10686,0,0,-1.86316e-19,-0.0534298,-0.0534298,-0.00614213,-0.00614213,-0.000393001,8.71305e-21,0,0,True,True
3.02,-0,0,0.000380989,0,0,0.573885,-0.5529,0.00506077,-0.494854,1.00623,0.00100762,-13.9251,-0.453327,-0.00606839,-0.106836,0,0,-1.82539e-19,-0,0,-0.000380989,0,0,-0.573885,-0.5529,0.00506077,-0.494854,1.00623,0.00100762,-13.9251,-0.453327,-0.00606839,-0.106836,0,0,-1.82539e-19,-0.0534179,-0.0534179,-0.00606839,-0.00606839,-0.000381305,8.53682e-21,0,0,True,True
3.025,-0,0,0.00036865,0,0,0.573885,-0.552875,0.00500176,-0.49519,1.00623,0.000995251,-13.9254,-0.453357,-0.00599701,-0.106809,0,0,5.53323e-17,-0,0,-0.00036865,0,0,-0.573885,-0.552875,0.00500176,-0.49519,1.00623,0.000995251,-13.9254,-0.453357,-0.00599701,-0.106809,0,0,-5.569e-17,-0.0534044,-0.0534044,-0.00599701,-0.00599701,-0.000369747,8.36416e-21,0,0,True,True
3.03,-0,0,0.000356577,0,0,0.573885,-0.55285,0.00494467,-0.495518,1.00624,0.000983291,-13.9256,-0.453387,-0.00592797,-0.106768,0,0,5.53359e-17,-0,0,-0.000356577,0,0,-0.573885,-0.55285,0.00494467,-0.495518,1.00624,0.000983291,-13.9256,-0.453387,-0.00592797,-0.106768,0,0,-5.56864e-17,-0.0533841,-0.0533841,-0.00592797,-0.00592797,-0.000358323,8.19499e-21,0,0,True,True
3.035,-0,0,0.00034492,0,0,0.573885,-0.552826,0.00488947,-0.495835,1.00624,0.000971724,-13.9259,-0.453416,-0.00586119,-0.106697,0,0,5.53395e-17,-0,0,-0.00034492,0,0,-0.573885,-0.552826,0.00488947,-0.495835,1.00624,0.000971724,-13.9259,-0.453416,-0.00586119,-0.106697,0,0,-5.56828e-17,-0.0533484,-0.0533484,-0.00586119,-0.00586119,-0.000347029,8.02924e-21,0,0,True,True
3.04,-0,0,0.000333916,0,0,0.573885,-0.552801,0.00483605,-0.496134,1.00625,0.000960533,-13.9261,-0.453446,-0.00579658,-0.106567,0,0,5.5343e-17,-0,0,-0.000333916,0,0,-0.573885,-0.552801,0.00483605,-0.496134,1.00625,0.000960533,-13.9261,-0.453446,-0.00579658,-0.106567,0,0,-5.56793e-17,-0.0532836,-0.0532836,-0.00579658,-0.00579658,-0.000335861,7.86686e-21,0,0,True,True
3.045,-0,0,0.000323937,0,0,0.573885,-0.552777,0.00478431,-0.496406,1.00625,0.000949693,-13.9262,-0.453474,-0.005734,-0.106337,0,0,5.53464e-17,-0,0,-0.000323937,0,0,-0.573885,-0.552777,0.00478431,-0.496406,1.00625,0.000949693,-13.9262,-0.453474,-0.005734,-0.106337,0,0,-5.56759e-17,-0.0531684,-0.0531684,-0.005734,-0.005734,-0.000324813,7.70776e-21,0,0,True,True
3.05,-0,0,0.000315558,0,0,0.573885,-0.552754,0.00473403,-0.496634,1.00626,0.000939163,-13.9262,-0.453503,-0.0056732,-0.105941,0,0,5.53497e-17,-0,0,-0.000315558,0,0,-0.573885,-0.552754,0.00473403,-0.496634,1.00626,0.000939163,-13.9262,-0.453503,-0.0056732,-0.105941,0,0,-5.56726e-17,-0.0529704,-0.0529704,-0.0056732,-0.0056732,-0.000313884,7.55188e-21,0,0,True,True
3.055,-0,0,0.000309643,0,0,0.573885,-0.55273,0.00468493,-0.496794,1.00626,0.000928881,-13.9261,-0.453531,-0.00561381,-0.105281,0,0,5.5353e-17,-0,0,-0.000309643,0,0,-0.573885,-0.55273,0.00468493,-0.496794,1.00626,0.000928881,-13.9261,-0.453531,-0.00561381,-0.105281,0,0,-5.56693e-17,-0.0526406,-0.0526406,-0.00561381,-0.00561381,-0.000303069,7.39916e-21,0,0,True,True
3.06,-0,0,0.000307484,0,0,0.573885,-0.552707,0.00463651,-0.496853,1.00627,0.000918753,-13.9257,-0.453559,-0.00555526,-0.104212,0,0,-1.54955e-19,-0,0,-0.000307484,0,0,-0.573885,-0.552707,0.00463651,-0.496853,1.00627,0.000918753,-13.9257,-0.453559,-0.00555526,-0.104212,0,0,-1.54955e-19,-0.0521061,-0.0521061,-0.00555526,-0.00555526,-0.000292366,7.24953e-21,0,0,True,True
3.065,-0,0,0.000310989,0,0,0.573885,-0.552684,0.00458807,-0.496758,1.00627,0.000908637,-13.925,-0.453587,-0.00549671,-0.102519,0,0,-1.51814e-19,-0,0,-0.000310989,0,0,-0.573885,-0.552684,0.00458807,-0.496758,1.00627,0.000908637,-13.925,-0.453587,-0.00549671,-0.102519,0,0,-1.51814e-19,-0.0512594,-0.0512594,-0.00549671,-0.00549671,-0.000281775,7.10293e-21,0,0,True,True
3.07,-0,0,0.000322956,0,0,0.573885,-0.552661,0.00453853,-0.496433,1.00627,0.00089832,-13.9237,-0.453614,-0.00543685,-0.0998861,0,0,-1.48737e-19,-0,0,-0.000322956,0,0,-0.573885,-0.552661,0.00453853,-0.496433,1.00627,0.00089832,-13.9237,-0.453614,-0.00543685,-0.0998861,0,0,-1.48737e-19,-0.0499431,-0.0499431,-0.00543685,-0.00543685,-0.000271296,6.9593e-21,0,0,True,True
3.075,-0,0,0.000346477,0,0,0.573885,-0.552638,0.00448628,-0.495793,1.00628,0.000887484,-13.9217,-0.453641,-0.00537376,-0.0959662,0,0,-1.45722e-19,-0,0,-0.000346477,0,0,-0.573885,-0.552638,0.00448628,-0.495793,1.00628,0.000887484,-13.9217,-0.453641,-0.00537376,-0.0959662,0,0,-1.45722e-19,-0.0479831,-0.0479831,-0.00537376,-0.00537376,-0.000260934,6.81857e-21,0,0,True,True
3.08,-0,0,0.000275732,0,0,0.573885,-0.552616,0.00442927,-0.497717,1.00628,0.000875725,-13.9258,-0.453668,-0.005305,-0.102681,0,0,-1.07804e-19,-0,0,-0.000275732,0,0,-0.573885,-0.552616,0.00442927,-0.497717,1.00628,0.000875725,-13.9258,-0.453668,-0.005305,-0.102681,0,0,-1.07804e-19,-0.0513406,-0.0513406,-0.005305,-0.005305,-0.000250696,6.68069e-21,0,0,True,True
3.085,-0,0,0.000189981,0,0,0.573885,-0.552594,0.0043993,-0.500049,1.00629,0.00086956,-13.931,-0.453694,-0.00526886,-0.111103,0,0,5.54398e-17,-0,0,-0.000189981,0,0,-0.573885,-0.552594,0.0043993,-0.500049,1.00629,0.00086956,-13.931,-0.453694,-0.00526886,-0.111103,0,0,-5.55825e-17,-0.0555517,-0.0555517,-0.00526886,-0.00526886,-0.000240597,6.54561e-21,0,0,True,True
