t,l_hip_yaw_q,l_hip_yaw_dq,l_hip_yaw_tau,l_hip_roll_q,l_hip_roll_dq,l_hip_roll_tau,l_hip_pitch_q,l_hip_pitch_dq,l_hip_pitch_tau,l_knee_q,l_knee_dq,l_knee_tau,l_ankle_pitch_q,l_ankle_pitch_dq,l_ankle_pitch_tau,l_ankle_roll_q,l_ankle_roll_dq,l_ankle_roll_tau,r_hip_yaw_q,r_hip_yaw_dq,r_hip_yaw_tau,r_hip_roll_q,r_hip_roll_dq,r_hip_roll_tau,r_hip_pitch_q,r_hip_pitch_dq,r_hip_pitch_tau,r_knee_q,r_knee_dq,r_knee_tau,r_ankle_pitch_q,r_ankle_pitch_dq,r_ankle_pitch_tau,r_ankle_roll_q,r_ankle_roll_dq,r_ankle_roll_tau,l_ankle_motorA_tau,l_ankle_motorB_tau,l_ankle_motorA_w,l_ankle_motorB_w,com_ref_x,com_ref_y,zmp_ref_x,zmp_ref_y,contact_l,contact_r
0,-0,0,-0.0103294,0,-8.64471e-05,0.449317,-0.552046,-0.00468645,-0.914861,1.0064,-0.000913828,-14.5885,-0.454349,0.00560028,-1.61438,0,8.64471e-05,-0.0116422,-0,0,0.0169589,0,-8.64471e-05,-0.702405,-0.552046,-0.00468645,-0.836825,1.0064,-0.000913828,-15.0629,-0.454349,0.00560028,-1.65969,0,8.64471e-05,-0.0120082,-0.815377,-0.799005,0.00566176,0.00553881,0,0,0,0,True,True
0.005,-0,0,-0.00749801,-4.32235e-07,-0.000325038,0.352447,-0.55207,-0.00252524,-0.936468,1.00639,-0.000492418,-14.376,-0.454321,0.00301765,-1.55778,4.32235e-07,0.000325038,-0.0207003,-0,0,0.019117,-4.32235e-07,-0.000325038,-0.808136,-0.55207,-0.00252524,-0.795504,1.00639,-0.000492418,-15.2288,-0.454321,0.00301765,-1.63726,4.32235e-07,0.000325038,-0.0218868,-0.793447,-0.764337,0.00324879,0.00278652,-1.45944e-07,1.78487e-07,0,0,True,True
0.01,-0,0,-0.00146496,-3.25038e-06,-0.000945706,0.207166,-0.552072,-0.000478966,-0.797913,1.00639,-9.34477e-05,-13.6339,-0.454319,0.000572414,-0.76068,3.25038e-06,0.000945706,-0.034299,-0,0,0.0105049,-3.25038e-06,-0.000945706,-0.977169,-0.552072,-0.000478966,-0.544913,1.00639,-9.34477e-05,-15.0322,-0.454319,0.000572414,-0.822524,3.25038e-06,0.000945706,-0.0376864,-0.404457,-0.356223,0.00124492,-0.000100089,-9.75525e-07,1.3421e-06,0,0,True,True
0.015,-0,0,0.000486038,-9.88929e-06,-0.00177745,0.13534,-0.552075,-0.000586911,-0.665471,1.00639,-0.000114577,-13.1086,-0.454315,0.000701488,-0.102239,9.88929e-06,0.00177745,-0.0410474,-0,0,-0.000503468,-9.88929e-06,-0.00177745,-1.0658,-0.552075,-0.000586911,-0.34443,1.00639,-0.000114577,-14.7544,-0.454315,0.000701488,-0.102151,9.88929e-06,0.00177745,-0.045995,-0.0799811,-0.0222579,0.00196545,-0.000562483,-2.3374e-06,4.08284e-06,0,0,True,True
0.02,-0,0,0.000439871,-2.10249e-05,-0.00270192,0.10767,-0.552078,-0.000481935,-0.705325,1.00639,-9.42706e-05,-13.1221,-0.454312,0.000576205,-0.221298,2.10249e-05,0.00270192,-0.0436851,-0,0,0.00167916,-2.10249e-05,-0.00270192,-1.10093,-0.552078,-0.000481935,-0.365512,1.00639,-9.42706e-05,-14.888,-0.454312,0.000576205,-0.235845,2.10249e-05,0.00270192,-0.049331,-0.141366,-0.0799321,0.00249755,-0.00134517,-3.66702e-06,8.67948e-06,0,0,True,True
0.025,-0,0,0.000397824,-3.69085e-05,-0.00365419,0.10318,-0.552079,-0.000234446,-0.725173,1.00639,-4.63115e-05,-13.1558,-0.45431,0.000280757,-0.295303,3.69085e-05,0.00365419,-0.0441751,-0,0,0.00308919,-3.69085e-05,-0.00365419,-1.10669,-0.552079,-0.000234446,-0.383604,1.00639,-4.63115e-05,-14.946,-0.45431,0.000280757,-0.319221,3.69085e-05,0.00365419,-0.0499497,-0.178714,-0.116589,0.00287926,-0.00231781,-4.54748e-06,1.52356e-05,0,0,True,True
0.03,-0,0,0.000318169,-5.75669e-05,-0.00460103,0.110171,-0.55208,9.19224e-05,-0.732244,1.00639,1.68343e-05,-13.1927,-0.454309,-0.000108757,-0.3353,5.75669e-05,0.00460103,-0.0436122,-0,0,0.003827,-5.75669e-05,-0.00460103,-1.09776,-0.55208,9.19224e-05,-0.39692,1.00639,1.68343e-05,-14.9583,-0.454309,-0.000108757,-0.363722,5.75669e-05,0.00460103,-0.04922,-0.198318,-0.136982,0.00316302,-0.00338066,-4.74276e-06,2.37621e-05,0,0,True,True
0.035,-0,0,0.000217266,-8.29187e-05,-0.00552723,0.12218,-0.552079,0.000458501,-0.732398,1.00639,8.75702e-05,-13.2277,-0.454311,-0.000546071,-0.354824,8.29187e-05,0.00552723,-0.0426009,-0,0,0.0041498,-8.29187e-05,-0.00552723,-1.08249,-0.552079,0.000458501,-0.406594,1.00639,8.75702e-05,-14.9469,-0.454311,-0.000546071,-0.384754,8.29187e-05,0.00552723,-0.0479217,-0.207371,-0.147453,0.00338429,-0.00447666,-4.12784e-06,3.42256e-05,0,0,True,True
0.04,-0,0,0.000115565,-0.000112839,-0.00642747,0.135757,-0.552075,0.000842438,-0.72906,1.00639,0.000161387,-13.2586,-0.454315,-0.00100383,-0.362292,0.000112839,0.00642747,-0.0414638,-0,0,0.00423568,-0.000112839,-0.00642747,-1.06535,-0.552075,0.000842438,-0.413595,1.00639,0.000161387,-14.9247,-0.454315,-0.00100383,-0.392093,0.000112839,0.00642747,-0.0464713,-0.210307,-0.151985,0.00356664,-0.00557465,-2.64405e-06,4.65744e-05,0,0,True,True
0.045,-0,0,2.44243e-05,-0.000147193,-0.00730146,0.149185,-0.55207,0.00123069,-0.724171,1.00639,0.000235694,-13.2851,-0.454321,-0.00146638,-0.362892,0.000147193,0.00730146,-0.0403608,-0,0,0.00419578,-0.000147193,-0.00730146,-1.04853,-0.55207,0.00123069,-0.418691,1.00639,0.000235694,-14.8985,-0.454321,-0.00146638,-0.391766,0.000147193,0.00730146,-0.0450721,-0.209834,-0.153058,0.0037255,-0.0066588,-2.7123e-07,6.0753e-05,0,0,True,True
0.05,-0,0,-5.25e-05,-0.000185854,-0.00815122,0.161727,-0.552063,0.00161619,-0.718786,1.00639,0.000309069,-13.3074,-0.454329,-0.00192526,-0.359776,0.000185854,0.00815122,-0.0393605,-0,0,0.0040953,-0.000185854,-0.00815122,-1.03293,-0.552063,0.00161619,-0.422463,1.00639,0.000309069,-14.872,-0.454329,-0.00192526,-0.387396,0.000185854,0.00815122,-0.0438084,-0.207575,-0.152201,0.00387079,-0.00772206,2.98938e-06,7.67085e-05,0,0,True,True
0.055,-0,0,-0.000115799,-0.000228706,-0.00897955,0.17317,-0.552054,0.00199544,-0.713437,1.00639,0.000380786,-13.3264,-0.45434,-0.00237622,-0.354815,0.000228706,0.00897955,-0.0384822,-0,0,0.00397064,-0.000228706,-0.00897955,-1.0188,-0.552054,0.00199544,-0.425341,1.00639,0.000380786,-14.8467,-0.45434,-0.00237622,-0.381101,0.000228706,0.00897955,-0.0427021,-0.204479,-0.150336,0.00400873,-0.00876219,7.12546e-06,9.43937e-05,0,0,True,True
0.06,-0,0,-0.00016778,-0.000275649,-0.00978927,0.183561,-0.552043,0.00236696,-0.708362,1.0064,0.000450522,-13.3427,-0.454353,-0.00281749,-0.349084,0.000275649,0.00978927,-0.0377209,-0,0,0.00384104,-0.000275649,-0.00978927,-1.00605,-0.552043,0.00236696,-0.427633,1.0064,0.000450522,-14.8232,-0.454353,-0.00281749,-0.374071,0.000275649,0.00978927,-0.0417444,-0.201081,-0.148003,0.00414311,-0.00977941,1.21196e-05,0.000113768,0,0,True,True
0.065,-0,0,-0.000211068,-0.000326598,-0.0105829,0.193059,-0.55203,0.00273045,-0.70364,1.0064,0.000518176,-13.357,-0.454368,-0.00324863,-0.343172,0.000326598,0.0105829,-0.0370617,-0,0,0.00371589,-0.000326598,-0.0105829,-0.994465,-0.55203,0.00273045,-0.429555,1.0064,0.000518176,-14.8016,-0.454368,-0.00324863,-0.366944,0.000326598,0.0105829,-0.0409149,-0.197665,-0.145508,0.00427616,-0.0107751,1.79527e-05,0.000134794,0,0,True,True
0.07,-0,0,-0.000247993,-0.000381479,-0.0113626,0.201849,-0.552016,0.00308615,-0.699267,1.0064,0.000583763,-13.3699,-0.454385,-0.00366992,-0.337377,0.000381479,0.0113626,-0.0364866,-0,0,0.00359915,-0.000381479,-0.0113626,-0.983797,-0.552016,0.00308615,-0.431255,1.0064,0.000583763,-14.7817,-0.454385,-0.00366992,-0.360028,0.000381479,0.0113626,-0.0401904,-0.194366,-0.143012,0.0044091,-0.0117511,2.46058e-05,0.000157443,0,0,True,True
0.075,-0,0,-0.000280393,-0.000440225,-0.0121301,0.210106,-0.551999,0.00343459,-0.695205,1.0064,0.00064735,-13.3817,-0.454405,-0.00408194,-0.331829,0.000440225,0.0121301,-0.0359793,-0,0,0.00349194,-0.000440225,-0.0121301,-0.973826,-0.551999,0.00343459,-0.432833,1.0064,0.00064735,-14.7631,-0.454405,-0.00408194,-0.353449,0.000440225,0.0121301,-0.0395497,-0.191238,-0.140591,0.00454256,-0.0127091,3.20608e-05,0.000181687,0,0,True,True
0.08,-0,0,-0.000309621,-0.000502779,-0.0128866,0.217975,-0.551981,0.00377638,-0.691406,1.00641,0.000709023,-13.3929,-0.454426,-0.00448541,-0.326567,0.000502779,0.0128866,-0.0355257,-0,0,0.00339398,-0.000502779,-0.0128866,-0.964366,-0.551981,0.00377638,-0.434351,1.00641,0.000709023,-14.7457,-0.454426,-0.00448541,-0.347235,0.000502779,0.0128866,-0.0389752,-0.188291,-0.138276,0.00467681,-0.0136508,4.03012e-05,0.000207503,0,0,True,True
0.085,-0,0,-0.000336628,-0.000569091,-0.0136333,0.225572,-0.551962,0.00411213,-0.687823,1.00641,0.000768868,-13.4036,-0.45445,-0.004881,-0.321582,0.000569091,0.0136333,-0.035115,-0,0,0.0033044,-0.000569091,-0.0136333,-0.955275,-0.551962,0.00411213,-0.43585,1.00641,0.000768868,-14.7291,-0.45445,-0.004881,-0.341366,0.000569091,0.0136333,-0.0384533,-0.185513,-0.136069,0.0048119,-0.0145777,4.93116e-05,0.000234869,0,0,True,True
0.09,-0,0,-0.000362069,-0.000639113,-0.0143711,0.23298,-0.55194,0.0044424,-0.684415,1.00642,0.000826965,-13.4141,-0.454475,-0.00526936,-0.316849,0.000639113,0.0143711,-0.0347392,-0,0,0.00322222,-0.000639113,-0.0143711,-0.946445,-0.55194,0.0044424,-0.437352,1.00642,0.000826965,-14.7132,-0.454475,-0.00526936,-0.335806,0.000639113,0.0143711,-0.0379737,-0.182886,-0.133963,0.0049478,-0.0154911,5.9078e-05,0.000263767,0,0,True,True
0.095,-0,0,-0.000386396,-0.000712801,-0.0151005,0.240262,-0.551917,0.0047677,-0.681152,1.00642,0.000883383,-13.4243,-0.454502,-0.00565108,-0.312337,0.000712801,0.0151005,-0.0343922,-0,0,0.00314651,-0.000712801,-0.0151005,-0.937802,-0.551917,0.0047677,-0.438874,1.00642,0.000883383,-14.6978,-0.454502,-0.00565108,-0.330515,0.000712801,0.0151005,-0.037529,-0.180389,-0.131948,0.00508442,-0.0163919,6.95877e-05,0.000294177,0,0,True,True
0.1,-0,0,-0.000409933,-0.000790118,-0.0158223,0.247464,-0.551893,0.0050885,-0.678007,1.00642,0.000938182,-13.4343,-0.454532,-0.00602668,-0.308018,0.000790118,0.0158223,-0.0340696,-0,0,0.0030765,-0.000790118,-0.0158223,-0.929286,-0.551893,0.0050885,-0.440423,1.00642,0.000938182,-14.6828,-0.454532,-0.00602668,-0.325458,0.000790118,0.0158223,-0.0371136,-0.178006,-0.130011,0.00522166,-0.0172812,8.08291e-05,0.000326084,0,0,True,True
0.105,-0,0,-0.000432853,-0.000871025,-0.0165369,0.254612,-0.551866,0.00540522,-0.674964,1.00643,0.000991416,-13.4443,-0.454563,-0.00639663,-0.303863,0.000871025,0.0165369,-0.033769,-0,0,0.00301148,-0.000871025,-0.0165369,-0.920868,-0.551866,0.00540522,-0.442001,1.00643,0.000991416,-14.6682,-0.454563,-0.00639663,-0.320601,0.000871025,0.0165369,-0.0367245,-0.175721,-0.128142,0.00535939,-0.0181598,9.27914e-05,0.000359473,0,0,True,True
0.11,-0,0,-0.000455176,-0.000955487,-0.0172448,0.261708,-0.551839,0.00571822,-0.672013,1.00643,0.00104313,-13.4542,-0.454596,-0.00676135,-0.29984,0.000955487,0.0172448,-0.0334898,-0,0,0.00295082,-0.000955487,-0.0172448,-0.912542,-0.551839,0.00571822,-0.443601,1.00643,0.00104313,-14.6539,-0.454596,-0.00676135,-0.315907,0.000955487,0.0172448,-0.0363609,-0.173518,-0.126323,0.00549754,-0.0190284,0.000105465,0.000394329,0,0,True,True
0.115,-0,0,-0.000476873,-0.00104347,-0.0179464,0.268749,-0.551809,0.00602783,-0.669148,1.00644,0.00109335,-13.4639,-0.45463,-0.00712119,-0.295921,0.00104347,0.0179464,-0.0332325,-0,0,0.00289397,-0.00104347,-0.0179464,-0.904313,-0.551809,0.00602783,-0.445213,1.00644,0.00109335,-14.6398,-0.45463,-0.00712119,-0.311345,0.00104347,0.0179464,-0.0360231,-0.171381,-0.12454,0.00563609,-0.0198877,0.00011884,0.000430639,0,0,True,True
0.12,-0,0,-0.000497955,-0.00113495,-0.0186423,0.275735,-0.551778,0.00633433,-0.666363,1.00645,0.00114212,-13.4735,-0.454667,-0.00747645,-0.292083,0.00113495,0.0186423,-0.0329967,-0,0,0.00284049,-0.00113495,-0.0186423,-0.896178,-0.551778,0.00633433,-0.446831,1.00645,0.00114212,-14.6261,-0.454667,-0.00747645,-0.306889,0.00113495,0.0186423,-0.0357106,-0.1693,-0.122783,0.00577508,-0.0207384,0.000132909,0.00046839,0,0,True,True
0.125,-0,0,-0.000518462,-0.0012299,-0.0193329,0.282669,-0.551746,0.00663797,-0.663653,1.00645,0.00118944,-13.483,-0.454705,-0.00782741,-0.288313,0.0012299,0.0193329,-0.0327821,-0,0,0.00279007,-0.0012299,-0.0193329,-0.888133,-0.551746,0.00663797,-0.448453,1.00645,0.00118944,-14.6126,-0.454705,-0.00782741,-0.302525,0.0012299,0.0193329,-0.0354229,-0.167268,-0.121045,0.00591456,-0.0215811,0.000147664,0.000507571,0,0,True,True
0.13,-0,0,-0.000538445,-0.00132828,-0.0200187,0.289553,-0.551712,0.00693898,-0.661016,1.00646,0.00123534,-13.4923,-0.454745,-0.00817433,-0.284603,0.00132828,0.0200187,-0.0325885,-0,0,0.0027425,-0.00132828,-0.0200187,-0.880174,-0.551712,0.00693898,-0.450078,1.00646,0.00123534,-14.5994,-0.454745,-0.00817433,-0.298242,0.00132828,0.0200187,-0.0351595,-0.165281,-0.119322,0.00605461,-0.0224164,0.000163097,0.000548172,0,0,True,True
0.135,-0,0,-0.000557957,-0.00143008,-0.0207001,0.296389,-0.551676,0.0072376,-0.658447,1.00646,0.00127984,-13.5015,-0.454787,-0.00851743,-0.280948,0.00143008,0.0207001,-0.0324155,-0,0,0.00269764,-0.00143008,-0.0207001,-0.8723,-0.551676,0.0072376,-0.451705,1.00646,0.00127984,-14.5864,-0.454787,-0.00851743,-0.294036,0.00143008,0.0207001,-0.0349201,-0.163336,-0.117612,0.0061953,-0.0232448,0.000179201,0.000590183,0,0,True,True
0.14,-0,0,-0.000577054,-0.00153528,-0.0213775,0.303177,-0.55164,0.00753402,-0.655948,1.00647,0.00132294,-13.5106,-0.45483,-0.00885697,-0.277345,0.00153528,0.0213775,-0.0322632,-0,0,0.00265539,-0.00153528,-0.0213775,-0.864507,-0.55164,0.00753402,-0.453332,1.00647,0.00132294,-14.5737,-0.45483,-0.00885697,-0.289902,0.00153528,0.0213775,-0.0347043,-0.161431,-0.115913,0.00633672,-0.0240669,0.000195971,0.000633595,0,0,True,True
0.145,-0,0,-0.000595788,-0.00164386,-0.0220515,0.309917,-0.551601,0.00782848,-0.653516,1.00648,0.00136467,-13.5195,-0.454875,-0.00919316,-0.273793,0.00164386,0.0220515,-0.0321313,-0,0,0.00261565,-0.00164386,-0.0220515,-0.856796,-0.551601,0.00782848,-0.45496,1.00648,0.00136467,-14.5612,-0.454875,-0.00919316,-0.285838,0.00164386,0.0220515,-0.034512,-0.159567,-0.114226,0.00647896,-0.0248832,0.0002134,0.000678401,0,0,True,True
0.15,-0,0,-0.000614213,-0.0017558,-0.0227225,0.31661,-0.551561,0.00812119,-0.651152,1.00648,0.00140503,-13.5282,-0.454922,-0.00952622,-0.270292,0.0017558,0.0227225,-0.0320199,-0,0,0.00257837,-0.0017558,-0.0227225,-0.849165,-0.551561,0.00812119,-0.456589,1.00648,0.00140503,-14.549,-0.454922,-0.00952622,-0.281844,0.0017558,0.0227225,-0.034343,-0.157743,-0.112549,0.0066221,-0.0256943,0.000231483,0.000724594,0,0,True,True
0.155,-0,0,-0.000632383,-0.00187108,-0.0233908,0.323255,-0.55152,0.00841235,-0.648855,1.00649,0.00144404,-13.5369,-0.454971,-0.00985639,-0.266842,0.00187108,0.0233908,-0.031929,-0,0,0.00254347,-0.00187108,-0.0233908,-0.841614,-0.55152,0.00841235,-0.458218,1.00649,0.00144404,-14.5369,-0.454971,-0.00985639,-0.277919,0.00187108,0.0233908,-0.0341972,-0.155958,-0.110884,0.00676624,-0.0265007,0.000250214,0.000772168,0,0,True,True
0.16,-0,0,-0.00065035,-0.00198971,-0.024057,0.329853,-0.551477,0.00870218,-0.646625,1.0065,0.0014817,-13.5454,-0.455021,-0.0101839,-0.263443,0.00198971,0.024057,-0.0318584,-0,0,0.00251092,-0.00198971,-0.024057,-0.834142,-0.551477,0.00870218,-0.459847,1.0065,0.0014817,-14.5252,-0.455021,-0.0101839,-0.274063,0.00198971,0.024057,-0.0340743,-0.154213,-0.10923,0.00691147,-0.0273029,0.00026959,0.000821119,0,0,True,True
0.165,-0,0,-0.00066817,-0.00211165,-0.0247215,0.336401,-0.551433,0.00899088,-0.644462,1.00651,0.00151803,-13.5537,-0.455072,-0.0105089,-0.260097,0.00211165,0.0247215,-0.0318082,-0,0,0.00248067,-0.00211165,-0.0247215,-0.826749,-0.551433,0.00899088,-0.461476,1.00651,0.00151803,-14.5136,-0.455072,-0.0105089,-0.270277,0.00211165,0.0247215,-0.0339744,-0.152509,-0.107587,0.00705786,-0.0281016,0.000289605,0.000871442,0,0,True,True
0.17,-0,0,-0.000685897,-0.00223692,-0.0253847,0.342901,-0.551387,0.00927867,-0.642367,1.00651,0.00155304,-13.562,-0.455126,-0.0108317,-0.256804,0.00223692,0.0253847,-0.0317785,-0,0,0.0024527,-0.00223692,-0.0253847,-0.819435,-0.551387,0.00927867,-0.463105,1.00651,0.00155304,-14.5023,-0.455126,-0.0108317,-0.266562,0.00223692,0.0253847,-0.0338973,-0.150846,-0.105958,0.00720552,-0.0288971,0.000310258,0.000923134,0,0,True,True
0.175,-0,0,-0.000703581,-0.0023655,-0.026047,0.349349,-0.55134,0.00956577,-0.640341,1.00652,0.00158673,-13.5701,-0.455181,-0.0111525,-0.253569,0.0023655,0.026047,-0.0317694,-0,0,0.00242701,-0.0023655,-0.026047,-0.812201,-0.55134,0.00956577,-0.464735,1.00652,0.00158673,-14.4912,-0.455181,-0.0111525,-0.26292,0.0023655,0.026047,-0.0338433,-0.149227,-0.104342,0.00735452,-0.0296901,0.000331543,0.000976192,0,0,True,True
0.18,-0,0,-0.000721271,-0.00249739,-0.0267089,0.355742,-0.551292,0.00985239,-0.638386,1.00653,0.00161912,-13.578,-0.455237,-0.0114715,-0.250395,0.00249739,0.0267089,-0.0317814,-0,0,0.00240363,-0.00249739,-0.0267089,-0.805053,-0.551292,0.00985239,-0.466364,1.00653,0.00161912,-14.4804,-0.455237,-0.0114715,-0.259356,0.00249739,0.0267089,-0.0338126,-0.147653,-0.102742,0.00750495,-0.030481,0.000353459,0.00103062,0,0,True,True
0.185,-0,0,-0.000739,-0.00263259,-0.0273709,0.362069,-0.551242,0.0101388,-0.636508,1.00654,0.00165021,-13.5858,-0.455295,-0.011789,-0.247289,0.00263259,0.0273709,-0.0318152,-0,0,0.0023826,-0.00263259,-0.0273709,-0.797998,-0.551242,0.0101388,-0.467991,1.00654,0.00165021,-14.4699,-0.455295,-0.011789,-0.255877,0.00263259,0.0273709,-0.0338062,-0.146128,-0.101161,0.00765689,-0.0312706,0.000376003,0.00108641,0,0,True,True
0.19,-0,0,-0.000756768,-0.0027711,-0.0280334,0.368319,-0.55119,0.0104251,-0.63471,1.00655,0.00168001,-13.5934,-0.455355,-0.0121051,-0.244252,0.0027711,0.0280334,-0.0318721,-0,0,0.00236394,-0.0027711,-0.0280334,-0.791051,-0.55119,0.0104251,-0.469612,1.00655,0.00168001,-14.4596,-0.455355,-0.0121051,-0.252484,0.0027711,0.0280334,-0.0338253,-0.144654,-0.0995977,0.00781044,-0.0320592,0.000399174,0.00114356,0,0,True,True
0.195,-0,0,-0.000774589,-0.00291292,-0.0286969,0.37449,-0.551137,0.0107117,-0.632991,1.00655,0.00170852,-13.6009,-0.455416,-0.0124202,-0.241278,0.00291292,0.0286969,-0.0319522,-0,0,0.00234753,-0.00291292,-0.0286969,-0.78421,-0.551137,0.0107117,-0.471225,1.00655,0.00170852,-14.4497,-0.455416,-0.0124202,-0.24917,0.00291292,0.0286969,-0.0338698,-0.143228,-0.0980501,0.00796571,-0.0328477,0.000422969,0.00120208,0,0,True,True
0.2,-0,0,-0.000792521,-0.00305807,-0.0293619,0.380603,-0.551083,0.0109987,-0.631342,1.00656,0.00173576,-13.6081,-0.455479,-0.0127345,-0.238354,0.00305807,0.0293619,-0.0320536,-0,0,0.00233309,-0.00305807,-0.0293619,-0.777454,-0.551083,0.0109987,-0.472833,1.00656,0.00173576,-14.44,-0.455479,-0.0127345,-0.245919,0.00305807,0.0293619,-0.0339378,-0.141841,-0.0965121,0.00812281,-0.0336364,0.000447389,0.00126198,0,0,True,True
0.205,-0,0,-0.000810621,-0.00320654,-0.0300289,0.386678,-0.551027,0.0112864,-0.62975,1.00657,0.00176172,-13.6153,-0.455544,-0.0130481,-0.235465,0.00320654,0.0300289,-0.0321745,-0,0,0.00232035,-0.00320654,-0.0300289,-0.770759,-0.551027,0.0112864,-0.474441,1.00657,0.00176172,-14.4304,-0.455544,-0.0130481,-0.242715,0.00320654,0.0300289,-0.0340269,-0.140486,-0.0949779,0.00828185,-0.0344259,0.000472433,0.00132324,0,0,True,True
0.21,-0,0,-0.00082892,-0.00335836,-0.0306982,0.392725,-0.55097,0.0115749,-0.62821,1.00658,0.00178638,-13.6224,-0.45561,-0.0133613,-0.232602,0.00335836,0.0306982,-0.032314,-0,0,0.00230913,-0.00335836,-0.0306982,-0.764112,-0.55097,0.0115749,-0.476049,1.00658,0.00178638,-14.4211,-0.45561,-0.0133613,-0.239547,0.00335836,0.0306982,-0.0341361,-0.139157,-0.0934436,0.00844295,-0.0352167,0.0004981,0.00138589,0,0,True,True
0.215,-0,0,-0.000847443,-0.00351352,-0.0313702,0.398745,-0.550912,0.0118644,-0.626721,1.00659,0.00180974,-13.6293,-0.455677,-0.0136741,-0.229763,0.00351352,0.0313702,-0.0324721,-0,0,0.00229939,-0.00351352,-0.0313702,-0.757512,-0.550912,0.0118644,-0.477657,1.00659,0.00180974,-14.4119,-0.455677,-0.0136741,-0.236415,0.00351352,0.0313702,-0.0342653,-0.137854,-0.0919085,0.00860622,-0.0360092,0.000524392,0.00144991,0,0,True,True
0.22,-0,0,-0.000866223,-0.00367206,-0.0320453,0.404737,-0.550852,0.012155,-0.625284,1.0066,0.00183179,-13.6362,-0.455747,-0.0139868,-0.226952,0.00367206,0.0320453,-0.0326491,-0,0,0.00229116,-0.00367206,-0.0320453,-0.750961,-0.550852,0.012155,-0.479266,1.0066,0.00183179,-14.4029,-0.455747,-0.0139868,-0.23332,0.00367206,0.0320453,-0.0344146,-0.136577,-0.0903738,0.00877177,-0.0368038,0.000551309,0.00151533,0,0,True,True
0.225,-0,0,-0.000885296,-0.00383398,-0.032724,0.410696,-0.55079,0.012447,-0.623902,1.00661,0.0018525,-13.6429,-0.455817,-0.0142995,-0.224172,0.00383398,0.032724,-0.0328454,-0,0,0.00228446,-0.00383398,-0.032724,-0.744462,-0.55079,0.012447,-0.480875,1.00661,0.0018525,-14.3941,-0.455817,-0.0142995,-0.230267,0.00383398,0.032724,-0.0345846,-0.13533,-0.0888413,0.00893972,-0.037601,0.000578851,0.00158214,0,0,True,True
0.23,-0,0,-0.000904701,-0.0039993,-0.0334065,0.416621,-0.550727,0.0127404,-0.622577,1.00662,0.00187187,-13.6495,-0.45589,-0.0146123,-0.221428,0.0039993,0.0334065,-0.0330611,-0,0,0.00227935,-0.0039993,-0.0334065,-0.738017,-0.550727,0.0127404,-0.482484,1.00662,0.00187187,-14.3855,-0.45589,-0.0146123,-0.22726,0.0039993,0.0334065,-0.0347754,-0.134114,-0.0873131,0.00911018,-0.0384012,0.000607021,0.00165036,0,0,True,True
0.235,-0,0,-0.00092448,-0.00416804,-0.0340933,0.422511,-0.550663,0.0130357,-0.621309,1.00663,0.00188989,-13.656,-0.455963,-0.0149255,-0.218724,0.00416804,0.0340933,-0.0332967,-0,0,0.00227586,-0.00416804,-0.0340933,-0.731627,-0.550663,0.0130357,-0.484095,1.00663,0.00188989,-14.377,-0.455963,-0.0149255,-0.224302,0.00416804,0.0340933,-0.0349873,-0.132932,-0.0857907,0.00928326,-0.039205,0.00063582,0.00171999,0,0,True,True
0.24,-0,0,-0.000944671,-0.00434023,-0.0347849,0.428364,-0.550597,0.0133328,-0.620101,1.00664,0.00190653,-13.6624,-0.456039,-0.0152393,-0.216062,0.00434023,0.0347849,-0.0335521,-0,0,0.00227399,-0.00434023,-0.0347849,-0.725292,-0.550597,0.0133328,-0.485706,1.00664,0.00190653,-14.3688,-0.456039,-0.0152393,-0.221397,0.00434023,0.0347849,-0.0352203,-0.131785,-0.0842754,0.00945907,-0.0400128,0.00066525,0.00179103,0,0,True,True
0.245,-0,0,-0.000965313,-0.00451589,-0.0354817,0.434181,-0.550529,0.013632,-0.618952,1.00665,0.00192178,-13.6687,-0.456116,-0.0155538,-0.213443,0.00451589,0.0354817,-0.0338276,-0,0,0.00227375,-0.00451589,-0.0354817,-0.719012,-0.550529,0.013632,-0.48732,1.00665,0.00192178,-14.3607,-0.456116,-0.0155538,-0.218546,0.00451589,0.0354817,-0.0354745,-0.130674,-0.0827679,0.0096377,-0.040825,0.000695313,0.00186351,0,0,True,True
0.25,-0,0,-0.00098644,-0.00469505,-0.036184,0.439963,-0.55046,0.0139336,-0.617861,1.00665,0.00193563,-13.6749,-0.456194,-0.0158692,-0.21087,0.00469505,0.036184,-0.034123,-0,0,0.00227514,-0.00469505,-0.036184,-0.712783,-0.55046,0.0139336,-0.488936,1.00665,0.00193563,-14.3528,-0.456194,-0.0158692,-0.215748,0.00469505,0.036184,-0.0357499,-0.1296,-0.0812686,0.00981927,-0.0416423,0.000726013,0.00193744,0,0,True,True
0.255,-0,0,-0.00100809,-0.00487773,-0.0368922,0.445711,-0.55039,0.0142377,-0.61683,1.00666,0.00194803,-13.681,-0.456275,-0.0161858,-0.208341,0.00487773,0.0368922,-0.0344385,-0,0,0.00227814,-0.00487773,-0.0368922,-0.706605,-0.55039,0.0142377,-0.490555,1.00666,0.00194803,-14.3452,-0.456275,-0.0161858,-0.213005,0.00487773,0.0368922,-0.0360464,-0.128562,-0.0797777,0.0100039,-0.042465,0.000757354,0.00201281,0,0,True,True
0.26,-0,0,-0.00103028,-0.00506397,-0.0376069,0.451429,-0.550318,0.0145446,-0.615857,1.00667,0.00195899,-13.6869,-0.456356,-0.0165036,-0.205856,0.00506397,0.0376069,-0.0347739,-0,0,0.00228271,-0.00506397,-0.0376069,-0.700474,-0.550318,0.0145446,-0.492178,1.00667,0.00195899,-14.3377,-0.456356,-0.0165036,-0.210315,0.00506397,0.0376069,-0.036364,-0.12756,-0.078295,0.0101916,-0.0432937,0.000789338,0.00208966,0,0,True,True
0.265,-0,0,-0.00105305,-0.0052538,-0.0383284,0.457116,-0.550245,0.0148545,-0.614941,1.00668,0.00196846,-13.6928,-0.45644,-0.0168229,-0.203415,0.0052538,0.0383284,-0.0351293,-0,0,0.00228884,-0.0052538,-0.0383284,-0.694388,-0.550245,0.0148545,-0.493805,1.00668,0.00196846,-14.3304,-0.45644,-0.0168229,-0.207677,0.0052538,0.0383284,-0.0367024,-0.126594,-0.0768199,0.0103826,-0.0441288,0.000821969,0.00216798,0,0,True,True
0.27,-0,0,-0.00107642,-0.00544726,-0.0390571,0.462777,-0.550169,0.0151675,-0.614082,1.00669,0.00197641,-13.6986,-0.456524,-0.0171439,-0.201016,0.00544726,0.0390571,-0.0355045,-0,0,0.00229649,-0.00544726,-0.0390571,-0.688345,-0.550169,0.0151675,-0.495437,1.00669,0.00197641,-14.3233,-0.456524,-0.0171439,-0.205089,0.00544726,0.0390571,-0.0370617,-0.125663,-0.0753519,0.010577,-0.0449708,0.000855254,0.0022478,0,0,True,True
0.275,-0,0,-0.00110041,-0.00564437,-0.0397934,0.468412,-0.550093,0.0154839,-0.613278,1.0067,0.00198282,-13.7043,-0.456611,-0.0174667,-0.198658,0.00564437,0.0397934,-0.0358997,-0,0,0.00230562,-0.00564437,-0.0397934,-0.682341,-0.550093,0.0154839,-0.497073,1.0067,0.00198282,-14.3163,-0.456611,-0.0174667,-0.202549,0.00564437,0.0397934,-0.0374417,-0.124766,-0.0738903,0.0107748,-0.0458202,0.000889196,0.00232913,0,0,True,True
0.28,-0,0,-0.00112504,-0.00584519,-0.0405378,0.474025,-0.550015,0.0158039,-0.612529,1.00671,0.00198765,-13.7098,-0.456699,-0.0177916,-0.196339,0.00584519,0.0405378,-0.0363147,-0,0,0.00231622,-0.00584519,-0.0405378,-0.676374,-0.550015,0.0158039,-0.498716,1.00671,0.00198765,-14.3095,-0.456699,-0.0177916,-0.200056,0.00584519,0.0405378,-0.0378424,-0.123903,-0.0724343,0.0109762,-0.0466774,0.0009238,0.00241199,0,0,True,True
0.285,-0,0,-0.00115034,-0.00604975,-0.0412906,0.479616,-0.549935,0.0161277,-0.611834,1.00672,0.00199086,-13.7153,-0.456789,-0.0181186,-0.194058,0.00604975,0.0412906,-0.0367495,-0,0,0.00232823,-0.00604975,-0.0412906,-0.670441,-0.549935,0.0161277,-0.500363,1.00672,0.00199086,-14.3029,-0.456789,-0.0181186,-0.197607,0.00604975,0.0412906,-0.0382637,-0.123073,-0.0709831,0.0111813,-0.047543,0.000959073,0.00249639,0,0,True,True
0.29,-0,0,-0.00117631,-0.0062581,-0.0420523,0.485188,-0.549853,0.0164556,-0.611192,1.00673,0.00199241,-13.7208,-0.45688,-0.018448,-0.191812,0.0062581,0.0420523,-0.0372043,-0,0,0.00234165,-0.0062581,-0.0420523,-0.66454,-0.549853,0.0164556,-0.502017,1.00673,0.00199241,-14.2965,-0.45688,-0.018448,-0.195202,0.0062581,0.0420523,-0.0387057,-0.122274,-0.0695358,0.0113901,-0.0484174,0.000995021,0.00258235,0,0,True,True
0.295,-0,0,-0.00120298,-0.00647027,-0.0428232,0.490743,-0.54977,0.0167877,-0.610602,1.00674,0.00199225,-13.7261,-0.456973,-0.01878,-0.189601,0.00647027,0.0428232,-0.037679,-0,0,0.00235644,-0.00647027,-0.0428232,-0.658669,-0.54977,0.0167877,-0.503678,1.00674,0.00199225,-14.2902,-0.456973,-0.01878,-0.192836,0.00647027,0.0428232,-0.0391683,-0.121507,-0.0680917,0.0116029,-0.0493011,0.00103165,0.00266989,0,0,True,True
0.3,-0,0,-0.00123036,-0.00668633,-0.0436039,0.496282,-0.549685,0.0171243,-0.610064,1.00675,0.00199033,-13.7313,-0.457068,-0.0191146,-0.187423,0.00668633,0.0436039,-0.0381737,-0,0,0.00237257,-0.00668633,-0.0436039,-0.652825,-0.549685,0.0171243,-0.505345,1.00675,0.00199033,-14.284,-0.457068,-0.0191146,-0.19051,0.00668633,0.0436039,-0.0396515,-0.12077,-0.06665,0.0118197,-0.0501945,0.00106897,0.00275903,0,0,True,True
0.305,-0,0,-0.00125847,-0.00690631,-0.0443946,0.501808,-0.549599,0.0174655,-0.609577,1.00676,0.00198659,-13.7365,-0.457165,-0.0194521,-0.185276,0.00690631,0.0443946,-0.0386884,-0,0,0.00239003,-0.00690631,-0.0443946,-0.647006,-0.549599,0.0174655,-0.507018,1.00676,0.00198659,-14.278,-0.457165,-0.0194521,-0.188221,0.00690631,0.0443946,-0.0401553,-0.120063,-0.0652099,0.0120407,-0.051098,0.00110698,0.00284979,0,0,True,True
0.31,-0,0,-0.00128733,-0.00713027,-0.0451958,0.507323,-0.549511,0.0178116,-0.60914,1.00677,0.00198099,-13.7416,-0.457263,-0.0197926,-0.183159,0.00713027,0.0451958,-0.0392232,-0,0,0.00240879,-0.00713027,-0.0451958,-0.64121,-0.549511,0.0178116,-0.5087,1.00677,0.00198099,-14.2722,-0.457263,-0.0197926,-0.185968,0.00713027,0.0451958,-0.0406799,-0.119385,-0.0637708,0.012266,-0.0520122,0.0011457,0.00294219,0,0,True,True
0.315,-0,0,-0.00131694,-0.00735827,-0.0460079,0.512827,-0.549421,0.0181628,-0.608753,1.00678,0.00197346,-13.7466,-0.457362,-0.0201363,-0.181071,0.00735827,0.0460079,-0.0397782,-0,0,0.00242885,-0.00735827,-0.0460079,-0.635435,-0.549421,0.0181628,-0.510389,1.00678,0.00197346,-14.2665,-0.457362,-0.0201363,-0.18375,0.00735827,0.0460079,-0.0412252,-0.118736,-0.0623319,0.0124957,-0.0529375,0.00118513,0.00303626,0,0,True,True
0.32,-0,0,-0.00134734,-0.00759035,-0.0468313,0.518322,-0.549329,0.0185194,-0.608416,1.00679,0.00196394,-13.7515,-0.457464,-0.0204833,-0.179012,0.00759035,0.0468313,-0.0403535,-0,0,0.00245018,-0.00759035,-0.0468313,-0.629678,-0.549329,0.0185194,-0.512086,1.00679,0.00196394,-14.2609,-0.457464,-0.0204833,-0.181564,0.00759035,0.0468313,-0.0417913,-0.118116,-0.0608928,0.01273,-0.0538743,0.00122527,0.00313201,0,0,True,True
0.325,-0,0,-0.00137853,-0.00782658,-0.0476665,0.523811,-0.549236,0.0188815,-0.608128,1.0068,0.00195235,-13.7563,-0.457567,-0.0208338,-0.176979,0.00782658,0.0476665,-0.0409492,-0,0,0.00247278,-0.00782658,-0.0476665,-0.623938,-0.549236,0.0188815,-0.513791,1.0068,0.00195235,-14.2555,-0.457567,-0.0208338,-0.179411,0.00782658,0.0476665,-0.0423783,-0.117523,-0.0594528,0.012969,-0.0548232,0.00126615,0.00322947,0,0,True,True
0.33,-0,0,-0.00141053,-0.00806702,-0.0485139,0.529295,-0.54914,0.0192493,-0.607889,1.00681,0.00193862,-13.7611,-0.457672,-0.0211879,-0.174973,0.00806702,0.0485139,-0.0415654,-0,0,0.00249663,-0.00806702,-0.0485139,-0.618212,-0.54914,0.0192493,-0.515506,1.00681,0.00193862,-14.2502,-0.457672,-0.0211879,-0.177288,0.00806702,0.0485139,-0.0429863,-0.116958,-0.0580115,0.0132128,-0.0557845,0.00130776,0.00332867,0,0,True,True
0.335,-0,0,-0.00144336,-0.00831172,-0.0493738,0.534776,-0.549043,0.0196232,-0.607699,1.00682,0.00192268,-13.7658,-0.457779,-0.0215458,-0.172991,0.00831172,0.0493738,-0.0422023,-0,0,0.00252174,-0.00831172,-0.0493738,-0.612499,-0.549043,0.0196232,-0.517229,1.00682,0.00192268,-14.2451,-0.457779,-0.0215458,-0.175195,0.00831172,0.0493738,-0.0436154,-0.116419,-0.0565683,0.0134615,-0.0567587,0.00135012,0.00342962,0,0,True,True
0.34,-0,0,-0.00147704,-0.00856076,-0.0502467,0.540255,-0.548944,0.0200032,-0.607556,1.00683,0.00190445,-13.7705,-0.457888,-0.0219077,-0.171035,0.00856076,0.0502467,-0.04286,-0,0,0.00254808,-0.00856076,-0.0502467,-0.606796,-0.548944,0.0200032,-0.518963,1.00683,0.00190445,-14.24,-0.457888,-0.0219077,-0.173131,0.00856076,0.0502467,-0.0442657,-0.115908,-0.0551229,0.0137154,-0.0577462,0.00139324,0.00353236,0,0,True,True
0.345,-0,0,-0.00151158,-0.00881419,-0.0511331,0.545735,-0.548843,0.0203898,-0.607462,1.00684,0.00188383,-13.775,-0.457998,-0.0222736,-0.169102,0.00881419,0.0511331,-0.0435386,-0,0,0.00257567,-0.00881419,-0.0511331,-0.601101,-0.548843,0.0203898,-0.520707,1.00684,0.00188383,-14.2351,-0.457998,-0.0222736,-0.171096,0.00881419,0.0511331,-0.0449373,-0.115424,-0.0536747,0.0139746,-0.0587476,0.00143713,0.00363692,0,0,True,True
0.35,-0,0,-0.00154701,-0.00907209,-0.0520333,0.551216,-0.54874,0.020783,-0.607415,1.00685,0.00186074,-13.7795,-0.458111,-0.0226437,-0.167193,0.00907209,0.0520333,-0.0442382,-0,0,0.0026045,-0.00907209,-0.0520333,-0.595413,-0.54874,0.020783,-0.522462,1.00685,0.00186074,-14.2304,-0.458111,-0.0226437,-0.169088,0.00907209,0.0520333,-0.0456303,-0.114966,-0.0522234,0.0142392,-0.0597633,0.00148179,0.00374331,0,0,True,True
0.355,-0,0,-0.00158333,-0.00933452,-0.0529477,0.556702,-0.548635,0.0211831,-0.607415,1.00686,0.00183508,-13.784,-0.458225,-0.0230182,-0.165307,0.00933452,0.0529477,-0.0449591,-0,0,0.00263456,-0.00933452,-0.0529477,-0.589728,-0.548635,0.0211831,-0.524229,1.00686,0.00183508,-14.2257,-0.458225,-0.0230182,-0.167106,0.00933452,0.0529477,-0.0463449,-0.114534,-0.0507686,0.0145094,-0.0607936,0.00152725,0.00385158,0,0,True,True
0.36,-0,0,-0.00162058,-0.00960156,-0.0538769,0.562193,-0.548528,0.0215904,-0.607463,1.00687,0.00180675,-13.7883,-0.458341,-0.0233972,-0.163443,0.00960156,0.0538769,-0.0457014,-0,0,0.00266585,-0.00960156,-0.0538769,-0.584045,-0.548528,0.0215904,-0.526008,1.00687,0.00180675,-14.2212,-0.458341,-0.0233972,-0.165151,0.00960156,0.0538769,-0.0470813,-0.114128,-0.0493098,0.0147853,-0.0618392,0.0015735,0.00396175,0,0,True,True
0.365,-0,0,-0.00165877,-0.00987329,-0.0548213,0.567692,-0.548419,0.0220052,-0.607558,1.00688,0.00177565,-13.7927,-0.458459,-0.0237808,-0.1616,0.00987329,0.0548213,-0.0464653,-0,0,0.00269838,-0.00987329,-0.0548213,-0.578362,-0.548419,0.0220052,-0.5278,1.00688,0.00177565,-14.2168,-0.458459,-0.0237808,-0.163221,0.00987329,0.0548213,-0.0478395,-0.113749,-0.0478467,0.0150672,-0.0629004,0.00162057,0.00407385,0,0,True,True
0.37,-0,0,-0.00169792,-0.0101498,-0.0557813,0.573201,-0.548308,0.0224276,-0.6077,1.00689,0.00174166,-13.7969,-0.458579,-0.0241692,-0.159779,0.0101498,0.0557813,-0.0472509,-0,0,0.00273215,-0.0101498,-0.0557813,-0.572676,-0.548308,0.0224276,-0.529604,1.00689,0.00174166,-14.2125,-0.458579,-0.0241692,-0.161315,0.0101498,0.0557813,-0.0486197,-0.113395,-0.0463788,0.0153551,-0.0639778,0.00166846,0.00418791,0,0,True,True
0.375,-0,0,-0.00173805,-0.0104311,-0.0567573,0.578721,-0.548195,0.0228579,-0.607889,1.0069,0.00170466,-13.8011,-0.4587,-0.0245625,-0.157978,0.0104311,0.0567573,-0.0480584,-0,0,0.00276715,-0.0104311,-0.0567573,-0.566986,-0.548195,0.0228579,-0.531423,1.0069,0.00170466,-14.2083,-0.4587,-0.0245625,-0.159433,0.0104311,0.0567573,-0.0494222,-0.113067,-0.0449058,0.0156492,-0.0650717,0.00171719,0.00430397,0,0,True,True
0.38,-0,0,-0.00177917,-0.0107173,-0.0577497,0.584255,-0.54808,0.0232964,-0.608124,1.0069,0.00166453,-13.8053,-0.458824,-0.0249609,-0.156198,0.0107173,0.0577497,-0.0488881,-0,0,0.0028034,-0.0107173,-0.0577497,-0.561289,-0.54808,0.0232964,-0.533257,1.0069,0.00166453,-14.2043,-0.458824,-0.0249609,-0.157575,0.0107173,0.0577497,-0.050247,-0.112765,-0.0434273,0.0159497,-0.0661826,0.00176677,0.00442205,0,0,True,True
0.385,-0,0,-0.0018213,-0.0110086,-0.0587591,0.589804,-0.547962,0.0237433,-0.608406,1.00691,0.00162115,-13.8094,-0.45895,-0.0253645,-0.154437,0.0110086,0.0587591,-0.0497402,-0,0,0.00284089,-0.0110086,-0.0587591,-0.555584,-0.547962,0.0237433,-0.535105,1.00691,0.00162115,-14.2003,-0.45895,-0.0253645,-0.155739,0.0110086,0.0587591,-0.0510945,-0.112488,-0.0419428,0.0162569,-0.0673111,0.00181722,0.0045422,0,0,True,True
0.39,-0,0,-0.00186448,-0.0113049,-0.059786,0.595369,-0.547842,0.024199,-0.608735,1.00692,0.00157438,-13.8134,-0.459078,-0.0257734,-0.152694,0.0113049,0.059786,-0.0506148,-0,0,0.00287964,-0.0113049,-0.059786,-0.549867,-0.547842,0.024199,-0.536969,1.00692,0.00157438,-14.1965,-0.459078,-0.0257734,-0.153925,0.0113049,0.059786,-0.0519647,-0.112236,-0.0404519,0.0165707,-0.0684575,0.00186854,0.00466445,0,0,True,True
0.395,-0,0,-0.0019087,-0.0116065,-0.0608306,0.600954,-0.54772,0.0246637,-0.60911,1.00693,0.00152406,-13.8174,-0.459208,-0.0261878,-0.150971,0.0116065,0.0608306,-0.0515123,-0,0,0.00291964,-0.0116065,-0.0608306,-0.544137,-0.54772,0.0246637,-0.53885,1.00693,0.00152406,-14.1927,-0.459208,-0.0261878,-0.152132,0.0116065,0.0608306,-0.052858,-0.11201,-0.0389542,0.0168916,-0.0696224,0.00192076,0.00478884,0,0,True,True
0.4,-0,0,-0.00195399,-0.0119132,-0.0618936,0.606559,-0.547596,0.0251376,-0.609532,1.00694,0.00147007,-13.8214,-0.45934,-0.0266077,-0.149265,0.0119132,0.0618936,-0.0524329,-0,0,0.0029609,-0.0119132,-0.0618936,-0.538393,-0.547596,0.0251376,-0.540747,1.00694,0.00147007,-14.1891,-0.45934,-0.0266077,-0.15036,0.0119132,0.0618936,-0.0537746,-0.111809,-0.0374492,0.0172195,-0.0708062,0.00197388,0.00491539,0,0,True,True
0.405,-0,0,-0.00200038,-0.0122254,-0.0629754,0.612187,-0.547469,0.0256211,-0.61,1.00694,0.00141224,-13.8253,-0.459474,-0.0270334,-0.147577,0.0122254,0.0629754,-0.0533768,-0,0,0.00300344,-0.0122254,-0.0629754,-0.532632,-0.547469,0.0256211,-0.542662,1.00694,0.00141224,-14.1856,-0.459474,-0.0270334,-0.148609,0.0122254,0.0629754,-0.0547147,-0.111633,-0.0359366,0.0175548,-0.0720094,0.00202792,0.00504416,0,0,True,True
0.41,-0,0,-0.00204788,-0.012543,-0.0640764,0.617839,-0.54734,0.0261145,-0.610515,1.00695,0.0013504,-13.8291,-0.45961,-0.0274649,-0.145906,0.012543,0.0640764,-0.0543444,-0,0,0.00304725,-0.012543,-0.0640764,-0.526852,-0.54734,0.0261145,-0.544595,1.00695,0.0013504,-14.1821,-0.45961,-0.0274649,-0.146876,0.012543,0.0640764,-0.0556786,-0.111483,-0.0344159,0.0178976,-0.0732325,0.0020829,0.00517518,0,0,True,True
0.415,-0,0,-0.0020965,-0.0128662,-0.0651972,0.623516,-0.547208,0.026618,-0.611077,1.00696,0.00128439,-13.8329,-0.459748,-0.0279024,-0.144251,0.0128662,0.0651972,-0.0553359,-0,0,0.00309236,-0.0128662,-0.0651972,-0.521051,-0.547208,0.026618,-0.546547,1.00696,0.00128439,-14.1788,-0.459748,-0.0279024,-0.145163,0.0128662,0.0651972,-0.0566667,-0.111357,-0.0328866,0.0182481,-0.0744759,0.00213883,0.00530848,0,0,True,True
0.42,-0,0,-0.00214627,-0.013195,-0.0663382,0.629221,-0.547073,0.027132,-0.611686,1.00696,0.00121402,-13.8367,-0.459889,-0.028346,-0.142613,0.013195,0.0663382,-0.0563516,-0,0,0.00313877,-0.013195,-0.0663382,-0.515228,-0.547073,0.027132,-0.548518,1.00696,0.00121402,-14.1756,-0.459889,-0.028346,-0.143468,0.013195,0.0663382,-0.0576791,-0.111256,-0.0313483,0.0186065,-0.0757402,0.00219574,0.00544412,0,0,True,True
0.425,-0,0,-0.00219721,-0.0135295,-0.0675,0.634956,-0.546936,0.0276567,-0.612342,1.00697,0.00113912,-13.8404,-0.460032,-0.0287958,-0.14099,0.0135295,0.0675,-0.0573919,-0,0,0.00318648,-0.0135295,-0.0675,-0.50938,-0.546936,0.0276567,-0.550509,1.00697,0.00113912,-14.1724,-0.460032,-0.0287958,-0.141791,0.0135295,0.0675,-0.0587162,-0.111181,-0.0298005,0.0189731,-0.0770258,0.00225363,0.00558213,0,0,True,True
0.43,-0,0,-0.00224933,-0.01387,-0.0686829,0.640721,-0.546797,0.0281925,-0.613046,1.00697,0.00105948,-13.8441,-0.460177,-0.029252,-0.139382,0.01387,0.0686829,-0.0584571,-0,0,0.00323553,-0.01387,-0.0686829,-0.503506,-0.546797,0.0281925,-0.55252,1.00697,0.00105948,-14.1694,-0.460177,-0.029252,-0.140132,0.01387,0.0686829,-0.0597783,-0.111131,-0.0282428,0.0193481,-0.0783332,0.00231252,0.00572256,0,0,True,True
0.435,-0,0,-0.00230265,-0.0142164,-0.0698876,0.64652,-0.546654,0.0287397,-0.613797,1.00698,0.000974906,-13.8477,-0.460324,-0.0297146,-0.137789,0.0142164,0.0698876,-0.0595475,-0,0,0.00328591,-0.0142164,-0.0698876,-0.497603,-0.546654,0.0287397,-0.554552,1.00698,0.000974906,-14.1665,-0.460324,-0.0297146,-0.138489,0.0142164,0.0698876,-0.0608658,-0.111105,-0.0266748,0.0197316,-0.079663,0.00237243,0.00586545,0,0,True,True
0.44,-0,0,-0.0023572,-0.0145688,-0.0711146,0.652352,-0.546509,0.0292987,-0.614596,1.00698,0.000885176,-13.8513,-0.460474,-0.0301838,-0.13621,0.0145688,0.0711146,-0.0606635,-0,0,0.00333764,-0.0145688,-0.0711146,-0.491671,-0.546509,0.0292987,-0.556606,1.00698,0.000885176,-14.1636,-0.460474,-0.0301838,-0.136862,0.0145688,0.0711146,-0.061979,-0.111105,-0.0250958,0.020124,-0.0810155,0.00243338,0.00601085,0,0,True,True
0.445,-0,0,-0.00241299,-0.0149275,-0.0723643,0.658221,-0.546361,0.0298697,-0.615443,1.00699,0.00079007,-13.8549,-0.460626,-0.0306598,-0.134645,0.0149275,0.0723643,-0.0618054,-0,0,0.00339074,-0.0149275,-0.0723643,-0.485706,-0.546361,0.0298697,-0.558683,1.00699,0.00079007,-14.1609,-0.460626,-0.0306598,-0.135251,0.0149275,0.0723643,-0.0631183,-0.11113,-0.0235054,0.0205254,-0.0823914,0.00249539,0.0061588,0,0,True,True
0.45,-0,0,-0.00247004,-0.0152925,-0.0736373,0.664129,-0.546211,0.0304532,-0.616338,1.00699,0.000689354,-13.8584,-0.460781,-0.0311425,-0.133092,0.0152925,0.0736373,-0.0629735,-0,0,0.00344521,-0.0152925,-0.0736373,-0.479707,-0.546211,0.0304532,-0.560782,1.00699,0.000689354,-14.1582,-0.460781,-0.0311425,-0.133655,0.0152925,0.0736373,-0.0642839,-0.111179,-0.0219031,0.020936,-0.0837912,0.00255847,0.00630935,0,0,True,True
0.455,-0,0,-0.00252837,-0.0156639,-0.0749342,0.670076,-0.546057,0.0310494,-0.617281,1.00699,0.000582786,-13.8619,-0.460938,-0.0316322,-0.131553,0.0156639,0.0749342,-0.0641683,-0,0,0.00350108,-0.0156639,-0.0749342,-0.473672,-0.546057,0.0310494,-0.562905,1.00699,0.000582786,-14.1557,-0.460938,-0.0316322,-0.132073,0.0156639,0.0749342,-0.0654763,-0.111254,-0.0202884,0.0213563,-0.0852152,0.00262265,0.00646254,0,0,True,True
0.46,-0,0,-0.00258801,-0.0160418,-0.0762554,0.676066,-0.5459,0.0316588,-0.618274,1.007,0.000470111,-13.8653,-0.461097,-0.0321289,-0.130025,0.0160418,0.0762554,-0.0653902,-0,0,0.00355835,-0.0160418,-0.0762554,-0.467598,-0.5459,0.0316588,-0.565052,1.007,0.000470111,-14.1532,-0.461097,-0.0321289,-0.130505,0.0160418,0.0762554,-0.0666959,-0.111354,-0.0186605,0.0217863,-0.0866642,0.00268794,0.00661844,0,0,True,True
0.465,-0,0,-0.00264897,-0.0164264,-0.0776015,0.6821,-0.54574,0.0322818,-0.619314,1.007,0.000351064,-13.8687,-0.461259,-0.0326328,-0.128508,0.0164264,0.0776015,-0.0666394,-0,0,0.00361704,-0.0164264,-0.0776015,-0.461483,-0.54574,0.0322818,-0.567224,1.007,0.000351064,-14.1508,-0.461259,-0.0326328,-0.128949,0.0164264,0.0776015,-0.0679429,-0.111478,-0.0170188,0.0222264,-0.0881385,0.00275437,0.00677709,0,0,True,True
0.47,-0,0,-0.00271128,-0.0168178,-0.0789731,0.688182,-0.545577,0.0329186,-0.620404,1.007,0.000225367,-13.8721,-0.461423,-0.033144,-0.127001,0.0168178,0.0789731,-0.0679163,-0,0,0.00367716,-0.0168178,-0.0789731,-0.455325,-0.545577,0.0329186,-0.569422,1.007,0.000225367,-14.1485,-0.461423,-0.033144,-0.127405,0.0168178,0.0789731,-0.0692177,-0.111627,-0.0153628,0.0226768,-0.0896387,0.00282196,0.00693853,0,0,True,True
0.475,-0,0,-0.00277495,-0.0172162,-0.0803708,0.694312,-0.545411,0.0335697,-0.621543,1.007,9.2731e-05,-13.8754,-0.46159,-0.0336625,-0.125504,0.0172162,0.0803708,-0.0692215,-0,0,0.00373873,-0.0172162,-0.0803708,-0.449121,-0.545411,0.0335697,-0.571647,1.007,9.2731e-05,-14.1463,-0.46159,-0.0336625,-0.125872,0.0172162,0.0803708,-0.0705209,-0.1118,-0.0136916,0.0231378,-0.0911653,0.00289072,0.00710284,0,0,True,True
0.48,-0,0,-0.00284001,-0.0176216,-0.081795,0.700494,-0.545242,0.0342355,-0.62273,1.007,-4.71456e-05,-13.8787,-0.46176,-0.0341884,-0.124015,0.0176216,0.081795,-0.0705551,-0,0,0.00380175,-0.0176216,-0.081795,-0.442869,-0.545242,0.0342355,-0.573898,1.007,-4.71456e-05,-14.1441,-0.46176,-0.0341884,-0.124349,0.0176216,0.081795,-0.0718526,-0.111998,-0.0120046,0.0236098,-0.0927189,0.00296068,0.00727005,0,0,True,True
0.485,-0,0,-0.00290649,-0.0180341,-0.0832465,0.70673,-0.545069,0.0349165,-0.623967,1.007,-0.000194578,-13.882,-0.461932,-0.0347219,-0.122533,0.0180341,0.0832465,-0.0719177,-0,0,0.00386624,-0.0180341,-0.0832465,-0.436565,-0.545069,0.0349165,-0.576178,1.007,-0.000194578,-14.1421,-0.461932,-0.0347219,-0.122834,0.0180341,0.0832465,-0.0732133,-0.11222,-0.010301,0.0240929,-0.0942999,0.00303186,0.00744022,0,0,True,True
0.49,-0,0,-0.0029744,-0.018454,-0.0847257,0.713022,-0.544892,0.0356129,-0.625253,1.007,-0.000349894,-13.8853,-0.462107,-0.035263,-0.121058,0.018454,0.0847257,-0.0733097,-0,0,0.00393221,-0.018454,-0.0847257,-0.430208,-0.544892,0.0356129,-0.578486,1.007,-0.000349894,-14.1401,-0.462107,-0.035263,-0.121327,0.018454,0.0847257,-0.0746034,-0.112465,-0.00857993,0.0245875,-0.095909,0.00310428,0.00761342,0,0,True,True
0.495,-0,0,-0.00304378,-0.0188814,-0.0862333,0.719375,-0.544713,0.0363253,-0.626588,1.007,-0.000513437,-13.8885,-0.462285,-0.0358119,-0.119588,0.0188814,0.0862333,-0.0747313,-0,0,0.00399968,-0.0188814,-0.0862333,-0.423795,-0.544713,0.0363253,-0.580824,1.007,-0.000513437,-14.1382,-0.462285,-0.0358119,-0.119827,0.0188814,0.0862333,-0.0760232,-0.112734,-0.00684079,0.0250939,-0.0975465,0.00317797,0.00778969,0,0,True,True
0.5,-0,0,-0.00311465,-0.0193164,-0.0877699,0.72579,-0.544529,0.0370541,-0.627973,1.00699,-0.000685565,-13.8917,-0.462465,-0.0363685,-0.118123,0.0193164,0.0877699,-0.0761832,-0,0,0.00406865,-0.0193164,-0.0877699,-0.417322,-0.544529,0.0370541,-0.583193,1.00699,-0.000685565,-14.1363,-0.462465,-0.0363685,-0.118333,0.0193164,0.0877699,-0.0774733,-0.113027,-0.00508282,0.0256125,-0.0992132,0.00325295,0.0079691,0,0,True,True
0.505,-0,0,-0.00318704,-0.0197591,-0.089336,0.732269,-0.544342,0.0377997,-0.629407,1.00699,-0.000866648,-13.8949,-0.462649,-0.0369331,-0.116663,0.0197591,0.089336,-0.0776656,-0,0,0.00413916,-0.0197591,-0.089336,-0.410787,-0.544342,0.0377997,-0.585593,1.00699,-0.000866648,-14.1346,-0.462649,-0.0369331,-0.116844,0.0197591,0.089336,-0.0789539,-0.113343,-0.0033054,0.0261435,-0.100909,0.00332925,0.00815171,0,0,True,True
0.51,-0,0,-0.00326099,-0.0202097,-0.0909324,0.738817,-0.544151,0.0385627,-0.630892,1.00699,-0.00105708,-13.8981,-0.462835,-0.0375056,-0.115205,0.0202097,0.0909324,-0.0791792,-0,0,0.0042112,-0.0202097,-0.0909324,-0.404187,-0.544151,0.0385627,-0.588025,1.00699,-0.00105708,-14.1329,-0.462835,-0.0375056,-0.11536,0.0202097,0.0909324,-0.0804656,-0.113683,-0.00150798,0.0266873,-0.102636,0.00340688,0.00833758,0,0,True,True
0.515,-0,0,-0.00333652,-0.0206684,-0.0925596,0.745434,-0.543956,0.0393434,-0.632426,1.00698,-0.00125725,-13.9012,-0.463024,-0.0380861,-0.113751,0.0206684,0.0925596,-0.0807242,-0,0,0.00428482,-0.0206684,-0.0925596,-0.39752,-0.543956,0.0393434,-0.590491,1.00698,-0.00125725,-14.1313,-0.463024,-0.0380861,-0.11388,0.0206684,0.0925596,-0.0820088,-0.114046,0.000309865,0.0272442,-0.104393,0.00348588,0.00852678,0,0,True,True
0.52,-0,0,-0.00341367,-0.0211353,-0.0942182,0.752125,-0.543758,0.0401424,-0.634012,1.00697,-0.0014676,-13.9043,-0.463216,-0.0386748,-0.112301,0.0211353,0.0942182,-0.0823013,-0,0,0.00436004,-0.0211353,-0.0942182,-0.390783,-0.543758,0.0401424,-0.592992,1.00697,-0.0014676,-14.1297,-0.463216,-0.0386748,-0.112405,0.0211353,0.0942182,-0.0835841,-0.114434,0.00214847,0.0278146,-0.106181,0.00356626,0.00871936,0,0,True,True
0.525,-0,0,-0.00349248,-0.0216106,-0.095909,0.75889,-0.543555,0.0409601,-0.635649,1.00697,-0.00168856,-13.9074,-0.46341,-0.0392716,-0.110854,0.0216106,0.095909,-0.083911,-0,0,0.00443689,-0.0216106,-0.095909,-0.383974,-0.543555,0.0409601,-0.595527,1.00697,-0.00168856,-14.1282,-0.46341,-0.0392716,-0.110935,0.0216106,0.095909,-0.0851918,-0.114846,0.00400809,0.0283989,-0.108001,0.00364806,0.00891539,0,0,True,True
0.53,-0,0,-0.00357298,-0.0220944,-0.0976325,0.765733,-0.543348,0.0417972,-0.637339,1.00696,-0.00192058,-13.9105,-0.463608,-0.0398766,-0.109412,0.0220944,0.0976325,-0.0855539,-0,0,0.0045154,-0.0220944,-0.0976325,-0.377089,-0.543348,0.0417972,-0.598099,1.00696,-0.00192058,-14.1268,-0.463608,-0.0398766,-0.109469,0.0220944,0.0976325,-0.0868327,-0.115284,0.00588896,0.0289974,-0.109854,0.00373131,0.00911495,0,0,True,True
0.535,-0,0,-0.00365519,-0.0225869,-0.0993895,0.772654,-0.543137,0.042654,-0.639082,1.00695,-0.00216415,-13.9136,-0.463809,-0.0404899,-0.107973,0.0225869,0.0993895,-0.0872305,-0,0,0.00459561,-0.0225869,-0.0993895,-0.370129,-0.543137,0.042654,-0.600709,1.00695,-0.00216415,-14.1254,-0.463809,-0.0404899,-0.108009,0.0225869,0.0993895,-0.0885073,-0.115748,0.0077915,0.0296106,-0.11174,0.00381602,0.00931809,0,0,True,True
0.54,-0,0,-0.00373912,-0.0230883,-0.101181,0.779655,-0.542922,0.0435313,-0.64088,1.00693,-0.00241976,-13.9166,-0.464013,-0.0411115,-0.106538,0.0230883,0.101181,-0.0889416,-0,0,0.00467756,-0.0230883,-0.101181,-0.363092,-0.542922,0.0435313,-0.603355,1.00693,-0.00241976,-14.1241,-0.464013,-0.0411115,-0.106553,0.0230883,0.101181,-0.0902164,-0.116237,0.00971659,0.0302387,-0.113659,0.00390223,0.00952489,0,0,True,True
0.545,-0,0,-0.00382475,-0.0235987,-0.103007,0.786733,-0.542702,0.0444294,-0.642733,1.00692,-0.00268792,-13.9197,-0.46422,-0.0417415,-0.105103,0.0235987,0.103007,-0.0906881,-0,0,0.00476126,-0.0235987,-0.103007,-0.35598,-0.542702,0.0444294,-0.606038,1.00692,-0.00268792,-14.1229,-0.46422,-0.0417415,-0.105097,0.0235987,0.103007,-0.0919609,-0.116751,0.0116666,0.0308823,-0.115612,0.00398996,0.00973542,0,0,True,True
0.55,-0,0,-0.00391199,-0.0241184,-0.104868,0.793886,-0.542477,0.0453491,-0.644642,1.00691,-0.00296918,-13.9227,-0.464431,-0.0423799,-0.103659,0.0241184,0.104868,-0.092471,-0,0,0.00484672,-0.0241184,-0.104868,-0.348794,-0.542477,0.0453491,-0.608755,1.00691,-0.00296918,-14.1217,-0.464431,-0.0423799,-0.103635,0.0241184,0.104868,-0.0937421,-0.117287,0.0136459,0.0315418,-0.117599,0.00407925,0.00994975,0,0,True,True
0.555,-0,0,-0.00400085,-0.0246474,-0.106766,0.801114,-0.542248,0.0462909,-0.646608,1.00689,-0.0032641,-13.9256,-0.464644,-0.0430268,-0.102208,0.0246474,0.106766,-0.094291,-0,0,0.00493395,-0.0246474,-0.106766,-0.341534,-0.542248,0.0462909,-0.611506,1.00689,-0.0032641,-14.1206,-0.464644,-0.0430268,-0.102164,0.0246474,0.106766,-0.0955607,-0.117844,0.0156556,0.0322176,-0.119622,0.00417012,0.010168,0,0,True,True
0.56,-0,0,-0.0040915,-0.025186,-0.108701,0.808427,-0.542014,0.0472553,-0.648633,1.00688,-0.00357328,-13.9285,-0.464861,-0.043682,-0.100759,0.025186,0.108701,-0.0961483,-0,0,0.00502309,-0.025186,-0.108701,-0.334191,-0.542014,0.0472553,-0.614297,1.00688,-0.00357328,-14.1196,-0.464861,-0.043682,-0.100697,0.025186,0.108701,-0.0974167,-0.118429,0.0176899,0.0329102,-0.121681,0.00426261,0.0103901,0,0,True,True
0.565,-0,0,-0.00418414,-0.0257344,-0.110673,0.815832,-0.541776,0.0482431,-0.650719,1.00686,-0.00389732,-13.9314,-0.465081,-0.0443458,-0.0993236,0.0257344,0.110673,-0.098043,-0,0,0.00511424,-0.0257344,-0.110673,-0.326758,-0.541776,0.0482431,-0.617133,1.00686,-0.00389732,-14.1187,-0.465081,-0.0443458,-0.0992451,0.0257344,0.110673,-0.0993101,-0.119047,0.0197436,0.0336202,-0.123776,0.00435674,0.0106163,0,0,True,True
0.57,-0,0,-0.00427883,-0.0262928,-0.112685,0.823336,-0.541532,0.0492549,-0.652865,1.00684,-0.00423685,-13.9343,-0.465304,-0.045018,-0.0979025,0.0262928,0.112685,-0.0999756,-0,0,0.00520742,-0.0262928,-0.112685,-0.319229,-0.541532,0.0492549,-0.620017,1.00684,-0.00423685,-14.1178,-0.465304,-0.045018,-0.097808,0.0262928,0.112685,-0.101241,-0.119699,0.0218169,0.0343478,-0.125909,0.00445254,0.0108466,0,0,True,True
0.575,-0,0,-0.0043756,-0.0268613,-0.114735,0.830941,-0.541283,0.0502913,-0.655071,1.00681,-0.00459254,-13.9373,-0.465531,-0.0456988,-0.0964907,0.0268613,0.114735,-0.101947,-0,0,0.00530261,-0.0268613,-0.114735,-0.3116,-0.541283,0.0502913,-0.622949,1.00681,-0.00459254,-14.117,-0.465531,-0.0456988,-0.0963809,0.0268613,0.114735,-0.103211,-0.120382,0.0239127,0.0350937,-0.128079,0.00455005,0.0110811,0,0,True,True
0.58,-0,0,-0.00447441,-0.0274401,-0.116826,0.838649,-0.541029,0.0513532,-0.657336,1.00679,-0.00496505,-13.9402,-0.465761,-0.0463881,-0.0950825,0.0274401,0.116826,-0.103957,-0,0,0.0053998,-0.0274401,-0.116826,-0.30387,-0.541029,0.0513532,-0.625928,1.00679,-0.00496505,-14.1163,-0.465761,-0.0463881,-0.0949582,0.0274401,0.116826,-0.10522,-0.121095,0.026034,0.0358582,-0.130287,0.0046493,0.0113198,0,0,True,True
0.585,-0,0,-0.00457527,-0.0280295,-0.118957,0.846461,-0.54077,0.0524411,-0.659661,1.00676,-0.00535512,-13.943,-0.465995,-0.047086,-0.0936733,0.0280295,0.118957,-0.106007,-0,0,0.005499,-0.0280295,-0.118957,-0.296038,-0.54077,0.0524411,-0.628953,1.00676,-0.00535512,-14.1156,-0.465995,-0.047086,-0.093535,0.0280295,0.118957,-0.107269,-0.121835,0.0281841,0.0366419,-0.132534,0.00475033,0.0115629,0,0,True,True
0.59,-0,0,-0.00467815,-0.0286297,-0.12113,0.85438,-0.540505,0.0535558,-0.662047,1.00674,-0.00576349,-13.9459,-0.466232,-0.0477923,-0.0922592,0.0286297,0.12113,-0.108099,-0,0,0.00560022,-0.0286297,-0.12113,-0.288102,-0.540505,0.0535558,-0.632025,1.00674,-0.00576349,-14.1149,-0.466232,-0.0477923,-0.0921076,0.0286297,0.12113,-0.109358,-0.122601,0.0303651,0.0374454,-0.134821,0.00485316,0.0118105,0,0,True,True
0.595,-0,0,-0.00478307,-0.0292408,-0.123346,0.862405,-0.540234,0.0546981,-0.664493,1.00671,-0.00619094,-13.9488,-0.466473,-0.0485072,-0.0908376,0.0292408,0.123346,-0.110232,-0,0,0.00570347,-0.0292408,-0.123346,-0.280061,-0.540234,0.0546981,-0.635144,1.00671,-0.00619094,-14.1143,-0.466473,-0.0485072,-0.0906732,0.0292408,0.123346,-0.11149,-0.123393,0.0325792,0.0382692,-0.137148,0.00495783,0.0120626,0,0,True,True
0.6,-0,0,-0.00489004,-0.0298631,-0.125604,0.87054,-0.539958,0.0558687,-0.667002,1.00667,-0.00663828,-13.9516,-0.466717,-0.0492304,-0.0894067,0.0298631,0.125604,-0.112407,-0,0,0.0058088,-0.0298631,-0.125604,-0.271911,-0.539958,0.0558687,-0.63831,1.00667,-0.00663828,-14.1138,-0.466717,-0.0492304,-0.0892299,0.0298631,0.125604,-0.113664,-0.12421,0.0348276,0.0391139,-0.139515,0.00506438,0.0123193,0,0,True,True
0.605,-0,0,-0.00499908,-0.0304969,-0.127908,0.878785,-0.539675,0.0570684,-0.669573,1.00664,-0.00710635,-13.9544,-0.466965,-0.0499621,-0.0879653,0.0304969,0.127908,-0.114626,-0,0,0.00591624,-0.0304969,-0.127908,-0.263653,-0.539675,0.0570684,-0.641523,1.00664,-0.00710635,-14.1134,-0.466965,-0.0499621,-0.0877767,0.0304969,0.127908,-0.115881,-0.125052,0.0371116,0.0399802,-0.141924,0.00517284,0.0125807,0,0,True,True
0.61,-0,0,-0.0051102,-0.0311422,-0.130256,0.887143,-0.539387,0.058298,-0.672208,1.0066,-0.00759604,-13.9572,-0.467217,-0.050702,-0.086513,0.0311422,0.130256,-0.116889,-0,0,0.00602585,-0.0311422,-0.130256,-0.255283,-0.539387,0.058298,-0.644785,1.0066,-0.00759604,-14.1129,-0.467217,-0.050702,-0.0863129,0.0311422,0.130256,-0.118143,-0.125919,0.0394319,0.0408685,-0.144375,0.00528324,0.0128468,0,0,True,True
0.615,-0,0,-0.00522344,-0.0317994,-0.13265,0.895614,-0.539092,0.0595584,-0.674909,1.00656,-0.00810825,-13.96,-0.467472,-0.0514501,-0.0850499,0.0317994,0.13265,-0.119198,-0,0,0.00613768,-0.0317994,-0.13265,-0.2468,-0.539092,0.0595584,-0.648096,1.00656,-0.00810825,-14.1126,-0.467472,-0.0514501,-0.0848389,0.0317994,0.13265,-0.12045,-0.126813,0.0417892,0.0417797,-0.146868,0.00539563,0.0131179,0,0,True,True
0.62,-0,0,-0.00533882,-0.0324687,-0.135091,0.904201,-0.538791,0.0608504,-0.677677,1.00652,-0.00864396,-13.9627,-0.467731,-0.0522064,-0.0835777,0.0324687,0.135091,-0.121552,-0,0,0.00625181,-0.0324687,-0.135091,-0.238203,-0.538791,0.0608504,-0.651458,1.00652,-0.00864396,-14.1123,-0.467731,-0.0522064,-0.083356,0.0324687,0.135091,-0.122804,-0.127734,0.0441833,0.0427143,-0.149405,0.00551005,0.013394,0,0,True,True
0.625,-0,0,-0.00545638,-0.0331503,-0.137579,0.912904,-0.538484,0.0621748,-0.680516,1.00648,-0.00920414,-13.9655,-0.467994,-0.0529707,-0.0820997,0.0331503,0.137579,-0.123954,-0,0,0.00636835,-0.0331503,-0.137579,-0.22949,-0.538484,0.0621748,-0.654871,1.00648,-0.00920414,-14.1121,-0.467994,-0.0529707,-0.0818677,0.0331503,0.137579,-0.125205,-0.128686,0.0466131,0.043673,-0.151985,0.00562653,0.0136752,0,0,True,True
0.63,-0,0,-0.00557619,-0.0338445,-0.140117,0.921723,-0.53817,0.0635327,-0.683428,1.00643,-0.00978984,-13.9681,-0.468261,-0.0537428,-0.080623,0.0338445,0.140117,-0.126403,-0,0,0.00648743,-0.0338445,-0.140117,-0.220659,-0.53817,0.0635327,-0.658339,1.00643,-0.00978984,-14.1119,-0.468261,-0.0537428,-0.0803813,0.0338445,0.140117,-0.127654,-0.129671,0.0490759,0.0446567,-0.15461,0.0057451,0.0139615,0,0,True,True
0.635,-0,0,-0.00569838,-0.0345515,-0.142704,0.930661,-0.537849,0.0649249,-0.686418,1.00638,-0.0104021,-13.9708,-0.468532,-0.0545228,-0.0791603,0.0345515,0.142704,-0.128902,-0,0,0.00660923,-0.0345515,-0.142704,-0.21171,-0.537849,0.0649249,-0.661866,1.00638,-0.0104021,-14.1119,-0.468532,-0.0545228,-0.0789093,0.0345515,0.142704,-0.130153,-0.130698,0.0515661,0.0456659,-0.157279,0.00586582,0.0142531,0,0,True,True
0.64,-0,0,-0.00582312,-0.0352715,-0.145342,0.939722,-0.53752,0.0663526,-0.68949,1.00633,-0.0110421,-13.9735,-0.468806,-0.0553105,-0.0777267,0.0352715,0.145342,-0.13145,-0,0,0.00673395,-0.0352715,-0.145342,-0.202637,-0.53752,0.0663526,-0.665456,1.00633,-0.0110421,-14.1119,-0.468806,-0.0553105,-0.0774671,0.0352715,0.145342,-0.132702,-0.131775,0.0540768,0.0467014,-0.159995,0.00598872,0.0145502,0,0,True,True
0.645,-0,0,-0.00595054,-0.0360049,-0.148031,0.948915,-0.537185,0.0678167,-0.692644,1.00627,-0.011711,-13.9761,-0.469085,-0.0561058,-0.0763226,0.0360049,0.148031,-0.134048,-0,0,0.0068616,-0.0360049,-0.148031,-0.193433,-0.537185,0.0678167,-0.669113,1.00627,-0.011711,-14.112,-0.469085,-0.0561058,-0.076055,0.0360049,0.148031,-0.135301,-0.132901,0.056608,0.0477638,-0.162756,0.00611384,0.0148527,0,0,True,True
0.65,-0,0,-0.00608058,-0.0367518,-0.150773,0.958249,-0.536842,0.0693184,-0.695874,1.00621,-0.0124099,-13.9788,-0.469367,-0.0569086,-0.0749242,0.0367518,0.150773,-0.136698,-0,0,0.00699196,-0.0367518,-0.150773,-0.184087,-0.536842,0.0693184,-0.672835,1.00621,-0.0124099,-14.1122,-0.469367,-0.0569086,-0.0746489,0.0367518,0.150773,-0.137952,-0.134066,0.059172,0.0488541,-0.165566,0.00624122,0.0151608,0,0,True,True
0.655,-0,0,-0.00621317,-0.0375126,-0.153569,0.967736,-0.536492,0.0708588,-0.699173,1.00615,-0.0131402,-13.9814,-0.469654,-0.0577186,-0.0735049,0.0375126,0.153569,-0.139398,-0,0,0.00712475,-0.0375126,-0.153569,-0.174591,-0.536492,0.0708588,-0.676618,1.00615,-0.0131402,-14.1124,-0.469654,-0.0577186,-0.0732222,0.0375126,0.153569,-0.140653,-0.135256,0.0617821,0.0499729,-0.168422,0.00637092,0.0154747,0,0,True,True
0.66,-0,0,-0.0063484,-0.0382875,-0.15642,0.977387,-0.536134,0.0724389,-0.702536,1.00608,-0.0139031,-13.9841,-0.469945,-0.0585358,-0.0720529,0.0382875,0.15642,-0.14215,-0,0,0.00725985,-0.0382875,-0.15642,-0.164934,-0.536134,0.0724389,-0.680464,1.00608,-0.0139031,-14.1126,-0.469945,-0.0585358,-0.071763,0.0382875,0.15642,-0.143406,-0.136466,0.0644442,0.0511211,-0.171327,0.00650296,0.0157943,0,0,True,True
0.665,-0,0,-0.00648642,-0.0390768,-0.159326,0.987212,-0.535768,0.0740597,-0.705963,1.00601,-0.0147,-13.9867,-0.470239,-0.0593597,-0.0705681,0.0390768,0.159326,-0.144954,-0,0,0.00739725,-0.0390768,-0.159326,-0.155107,-0.535768,0.0740597,-0.684375,1.00601,-0.0147,-14.1128,-0.470239,-0.0593597,-0.0702713,0.0390768,0.159326,-0.146209,-0.137696,0.0671589,0.0522996,-0.174281,0.0066374,0.01612,0,0,True,True
0.67,-0,0,-0.00662745,-0.0398808,-0.162289,0.997221,-0.535393,0.0757226,-0.709454,1.00593,-0.0155324,-13.9894,-0.470538,-0.0601902,-0.0690549,0.0398808,0.162289,-0.14781,-0,0,0.00753697,-0.0398808,-0.162289,-0.145101,-0.535393,0.0757226,-0.688357,1.00593,-0.0155324,-14.113,-0.470538,-0.0601902,-0.0687515,0.0398808,0.162289,-0.149065,-0.138947,0.0699244,0.0535093,-0.177284,0.00677429,0.0164516,0,0,True,True
0.675,-0,0,-0.00677173,-0.0406997,-0.165309,1.00743,-0.53501,0.0774285,-0.71301,1.00585,-0.0164017,-13.9921,-0.470841,-0.0610268,-0.0675184,0.0406997,0.165309,-0.15072,-0,0,0.00767903,-0.0406997,-0.165309,-0.134905,-0.53501,0.0774285,-0.692414,1.00585,-0.0164017,-14.1131,-0.470841,-0.0610268,-0.067209,0.0406997,0.165309,-0.151972,-0.140225,0.0727384,0.0547512,-0.180338,0.00691366,0.0167895,0,0,True,True
0.68,-0,0,-0.00691956,-0.0415339,-0.168389,1.01784,-0.534619,0.0791789,-0.71663,1.00577,-0.0173095,-13.9949,-0.471148,-0.0618694,-0.0659627,0.0415339,0.168389,-0.153683,-0,0,0.00782341,-0.0415339,-0.168389,-0.124507,-0.534619,0.0791789,-0.696552,1.00577,-0.0173095,-14.1132,-0.471148,-0.0618694,-0.0656479,0.0415339,0.168389,-0.154931,-0.141529,0.0755991,0.056026,-0.183441,0.00705557,0.0171337,0,0,True,True
0.685,-0,0,-0.00707129,-0.0423836,-0.171528,1.02849,-0.534218,0.0809749,-0.720313,1.00568,-0.0182573,-13.9978,-0.47146,-0.0627176,-0.0643901,0.0423836,0.171528,-0.156699,-0,0,0.00797002,-0.0423836,-0.171528,-0.113892,-0.534218,0.0809749,-0.700776,1.00568,-0.0182573,-14.1133,-0.47146,-0.0627176,-0.0640707,0.0423836,0.171528,-0.157942,-0.142863,0.0785056,0.0573349,-0.186596,0.00720006,0.0174842,0,0,True,True
0.69,-0,0,-0.0072273,-0.0432492,-0.174727,1.03939,-0.533809,0.0828179,-0.724054,1.00558,-0.0192468,-14.0008,-0.471776,-0.0635711,-0.062801,0.0432492,0.174727,-0.159769,-0,0,0.00811873,-0.0432492,-0.174727,-0.103041,-0.533809,0.0828179,-0.705093,1.00558,-0.0192468,-14.1132,-0.471776,-0.0635711,-0.0624782,0.0432492,0.174727,-0.161002,-0.144225,0.0814574,0.0586787,-0.189802,0.00734718,0.0178414,0,0,True,True
0.695,-0,0,-0.00738804,-0.0441309,-0.177989,1.05056,-0.53339,0.0847092,-0.727852,1.00549,-0.0202797,-14.0039,-0.472096,-0.0644295,-0.0611941,0.0441309,0.177989,-0.162893,-0,0,0.00826936,-0.0441309,-0.177989,-0.0919353,-0.53339,0.0847092,-0.709509,1.00549,-0.0202797,-14.113,-0.472096,-0.0644295,-0.0608691,0.0441309,0.177989,-0.164113,-0.145616,0.0844553,0.0600583,-0.19306,0.00749698,0.0182052,0,0,True,True
0.7,-0,0,-0.00755396,-0.0450291,-0.181313,1.06203,-0.532962,0.0866502,-0.7317,1.00538,-0.0213578,-14.0072,-0.47242,-0.0652924,-0.059567,0.0450291,0.181313,-0.166069,-0,0,0.00842169,-0.0450291,-0.181313,-0.080556,-0.532962,0.0866502,-0.714031,1.00538,-0.0213578,-14.1127,-0.47242,-0.0652924,-0.0592416,0.0450291,0.181313,-0.167271,-0.147034,0.0875002,0.0614747,-0.196371,0.00764952,0.0185758,0,0,True,True
0.705,-0,0,-0.00772553,-0.045944,-0.184702,1.07382,-0.532524,0.0886424,-0.735597,1.00527,-0.0224829,-14.0107,-0.472748,-0.0661595,-0.057917,0.045944,0.184702,-0.169299,-0,0,0.00857551,-0.045944,-0.184702,-0.0688851,-0.532524,0.0886424,-0.718664,1.00527,-0.0224829,-14.1121,-0.472748,-0.0661595,-0.057593,0.045944,0.184702,-0.170478,-0.148477,0.0905936,0.0629289,-0.199734,0.00780483,0.0189533,0,0,True,True
0.71,-0,0,-0.0079031,-0.0468761,-0.188154,1.08594,-0.532076,0.0906873,-0.739539,1.00516,-0.023657,-14.0144,-0.473081,-0.0670303,-0.0562417,0.0468761,0.188154,-0.172584,-0,0,0.00873067,-0.0468761,-0.188154,-0.0569106,-0.532076,0.0906873,-0.723411,1.00516,-0.023657,-14.1114,-0.473081,-0.0670303,-0.0559214,0.0468761,0.188154,-0.173731,-0.149945,0.0937371,0.0644219,-0.203151,0.00796298,0.019338,0,0,True,True
0.715,-0,0,-0.00808684,-0.0478256,-0.191673,1.09841,-0.531617,0.0927862,-0.743531,1.00504,-0.024882,-14.0184,-0.473419,-0.0679043,-0.0545409,0.0478256,0.191673,-0.175923,-0,0,0.00888716,-0.0478256,-0.191673,-0.0446315,-0.531617,0.0927862,-0.728273,1.00504,-0.024882,-14.1104,-0.473419,-0.0679043,-0.0542264,0.0478256,0.191673,-0.177034,-0.151439,0.0969317,0.0659546,-0.206621,0.00812402,0.0197298,0,0,True,True
0.72,-0,0,-0.00827654,-0.0487928,-0.195258,1.11119,-0.531148,0.0949409,-0.747581,1.00491,-0.0261599,-14.0225,-0.473761,-0.068781,-0.0528181,0.0487928,0.195258,-0.179322,-0,0,0.00904527,-0.0487928,-0.195258,-0.0320655,-0.531148,0.0949409,-0.733245,1.00491,-0.0261599,-14.1093,-0.473761,-0.068781,-0.0525117,0.0487928,0.195258,-0.180389,-0.152963,0.100178,0.0675282,-0.210145,0.008288,0.020129,0,0,True,True
0.725,-0,0,-0.00847138,-0.0497781,-0.198911,1.12423,-0.530668,0.097153,-0.75171,1.00477,-0.027493,-14.0267,-0.474107,-0.06966,-0.0510833,0.0497781,0.198911,-0.182784,-0,0,0.00920574,-0.0497781,-0.198911,-0.0192587,-0.530668,0.097153,-0.738316,1.00477,-0.027493,-14.1081,-0.474107,-0.06966,-0.0507868,0.0497781,0.198911,-0.183803,-0.154524,0.103474,0.0691438,-0.213723,0.00845498,0.0205356,0,0,True,True
0.73,-0,0,-0.00866959,-0.0507819,-0.202633,1.13743,-0.530176,0.0994241,-0.755955,1.00463,-0.0288835,-14.0308,-0.474457,-0.0705406,-0.0493567,0.0507819,0.202633,-0.186318,-0,0,0.00937005,-0.0507819,-0.202633,-0.00629826,-0.530176,0.0994241,-0.743461,1.00463,-0.0288835,-14.107,-0.474457,-0.0705406,-0.0490705,0.0507819,0.202633,-0.187291,-0.156141,0.106817,0.0708027,-0.217357,0.00862501,0.0209499,0,0,True,True
0.735,-0,0,-0.008868,-0.0518045,-0.206426,1.1506,-0.529673,0.101756,-0.760375,1.00449,-0.0303338,-14.0345,-0.474812,-0.0714223,-0.0476723,0.0518045,0.206426,-0.189937,-0,0,0.0095407,-0.0518045,-0.206426,0.00667243,-0.529673,0.101756,-0.748642,1.00449,-0.0303338,-14.1064,-0.474812,-0.0714223,-0.0473945,0.0518045,0.206426,-0.190873,-0.157838,0.110198,0.0725063,-0.221045,0.00879815,0.021372,0,0,True,True
0.74,-0,0,-0.00906163,-0.0528462,-0.210291,1.16347,-0.529159,0.104151,-0.765056,1.00433,-0.0318465,-14.0375,-0.475171,-0.0723045,-0.0460826,0.0528462,0.210291,-0.19366,-0,0,0.00972161,-0.0528462,-0.210291,0.0194385,-0.529159,0.104151,-0.753801,1.00433,-0.0318465,-14.1067,-0.475171,-0.0723045,-0.0458079,0.0528462,0.210291,-0.194579,-0.159656,0.113606,0.0742565,-0.224791,0.00897445,0.021802,0,0,True,True
0.745,-0,0,-0.00924314,-0.0539074,-0.214231,1.17565,-0.528632,0.106611,-0.770116,1.00417,-0.0334244,-14.0391,-0.475535,-0.0731867,-0.0446634,0.0539074,0.214231,-0.197511,-0,0,0.00991845,-0.0539074,-0.214231,0.0317005,-0.528632,0.106611,-0.758861,1.00417,-0.0334244,-14.1086,-0.475535,-0.0731867,-0.044381,0.0539074,0.214231,-0.198452,-0.161651,0.117019,0.0760554,-0.228594,0.00915399,0.0222401,0,0,True,True
0.75,-0,0,-0.00940256,-0.0549885,-0.21825,1.18664,-0.528092,0.109139,-0.77571,1.004,-0.0350705,-14.0386,-0.475903,-0.0740683,-0.0435154,0.0549885,0.21825,-0.201522,-0,0,0.0101389,-0.0549885,-0.21825,0.0430714,-0.528092,0.109139,-0.76372,1.004,-0.0350705,-14.113,-0.475903,-0.0740683,-0.0432076,0.0549885,0.21825,-0.202549,-0.163896,0.120411,0.0779056,-0.232457,0.0093368,0.0226864,0,0,True,True
0.755,-0,0,-0.00952748,-0.0560899,-0.222351,1.19583,-0.52754,0.111737,-0.782017,1.00382,-0.0367882,-14.0351,-0.476276,-0.0749488,-0.0427614,0.0560899,0.222351,-0.205727,-0,0,0.0103925,-0.0560899,-0.222351,0.0530959,-0.52754,0.111737,-0.768261,1.00382,-0.0367882,-14.1209,-0.476276,-0.0749488,-0.0424024,0.0560899,0.222351,-0.206935,-0.166478,0.123748,0.0798105,-0.236383,0.00952297,0.0231411,0,0,True,True
0.76,-0,0,-0.0096044,-0.057212,-0.226539,1.20262,-0.526975,0.114409,-0.789218,1.00363,-0.0385814,-14.0278,-0.476653,-0.0758275,-0.0425321,0.057212,0.226539,-0.210162,-0,0,0.0106896,-0.057212,-0.226539,0.0613154,-0.526975,0.114409,-0.772374,1.00363,-0.0385814,-14.1334,-0.476653,-0.0758275,-0.0420887,0.057212,0.226539,-0.211681,-0.169489,0.126989,0.0817741,-0.240375,0.00971255,0.0236044,0,0,True,True
0.765,-0,0,-0.0096224,-0.0583553,-0.230823,1.20658,-0.526396,0.117158,-0.797435,1.00343,-0.0404541,-14.016,-0.477034,-0.0767041,-0.0429302,0.0583553,0.230823,-0.214848,-0,0,0.011039,-0.0583553,-0.230823,0.0674189,-0.526396,0.117158,-0.775989,1.00343,-0.0404541,-14.1511,-0.477034,-0.0767041,-0.0423661,0.0583553,0.230823,-0.216837,-0.172997,0.1301,0.0838012,-0.244438,0.00990562,0.0240765,0,0,True,True
0.77,-0,0,-0.00958114,-0.0595202,-0.235207,1.20789,-0.525804,0.119989,-0.806618,1.00322,-0.042411,-14.0001,-0.47742,-0.077578,-0.0439576,0.0595202,0.235207,-0.219771,-0,0,0.0114414,-0.0595202,-0.235207,0.071548,-0.525804,0.119989,-0.779165,1.00322,-0.042411,-14.174,-0.47742,-0.077578,-0.0432428,0.0595202,0.235207,-0.222393,-0.176994,0.133071,0.0858967,-0.248576,0.0101022,0.0245575,0,0,True,True
0.775,-0,0,-0.00950683,-0.0607073,-0.239697,1.20803,-0.525196,0.122905,-0.816329,1.00301,-0.0444565,-13.9822,-0.47781,-0.0784485,-0.0453765,0.0607073,0.239697,-0.224842,-0,0,0.0118782,-0.0607073,-0.239697,0.0748694,-0.525196,0.122905,-0.782232,1.00301,-0.0444565,-14.1993,-0.47781,-0.0784485,-0.0445035,0.0607073,0.239697,-0.228196,-0.181295,0.135956,0.0880651,-0.252792,0.0103025,0.0250478,0,0,True,True
0.78,-0,0,-0.00948181,-0.0619172,-0.244297,1.21108,-0.524574,0.125909,-0.825368,1.00278,-0.0465948,-13.9683,-0.478204,-0.0793147,-0.0464632,0.0619172,0.244297,-0.229825,-0,0,0.0122881,-0.0619172,-0.244297,0.0805924,-0.524574,0.125909,-0.786041,1.00278,-0.0465948,-14.2201,-0.478204,-0.0793147,-0.0454683,0.0619172,0.244297,-0.233805,-0.185365,0.138941,0.0903085,-0.257088,0.0105064,0.0255475,0,0,True,True
0.785,-0,0,-0.00969663,-0.0631503,-0.248997,1.22599,-0.523937,0.129003,-0.831134,1.00254,-0.0488277,-13.9717,-0.478603,-0.0801749,-0.0455767,0.0631503,0.248997,-0.234221,-0,0,0.0125284,-0.0631503,-0.248997,0.095685,-0.523937,0.129003,-0.792393,1.00254,-0.0488277,-14.2211,-0.478603,-0.0801749,-0.0445776,0.0631503,0.248997,-0.238237,-0.188016,0.142477,0.0926227,-0.261457,0.0107142,0.0260568,0,0,True,True
0.79,-0,0,-0.0105357,-0.0644072,-0.25377,1.27046,-0.523284,0.132179,-0.828556,1.00229,-0.0511527,-14.0179,-0.479006,-0.0810263,-0.0393983,0.0644072,0.25377,-0.23706,-0,0,0.0123114,-0.0644072,-0.25377,0.133549,-0.523284,0.132179,-0.804737,1.00229,-0.0511527,-14.172,-0.479006,-0.0810263,-0.0387207,0.0644072,0.25377,-0.239564,-0.186865,0.147498,0.0949909,-0.265875,0.0109257,0.026576,0,0,True,True
0.795,-0,0,-0.0127035,-0.065688,-0.25855,1.37809,-0.522616,0.135422,-0.808348,1.00203,-0.0535579,-14.1538,-0.479413,-0.0818642,-0.0215388,0.065688,0.25855,-0.236498,-0,0,0.0111231,-0.065688,-0.25855,0.217558,-0.522616,0.135422,-0.829331,1.00203,-0.0535579,-14.0176,-0.479413,-0.0818642,-0.0222904,0.065688,0.25855,-0.234311,-0.177345,0.155814,0.0973719,-0.270289,0.0111412,0.0271052,0,0,True,True
0.8,-0,0,-0.0171667,-0.0669927,-0.263201,1.60215,-0.52193,0.138693,-0.756947,1.00175,-0.0560135,-14.4466,-0.479825,-0.08268,0.0182301,0.0669927,0.263201,-0.229515,-0,0,0.00831449,-0.0669927,-0.263201,0.377083,-0.52193,0.138693,-0.875284,1.00175,-0.0560135,-13.6781,-0.479825,-0.08268,0.0121189,0.0669927,0.263201,-0.217776,-0.152091,0.170272,0.0996802,-0.274594,0.0113607,0.0276443,0,0,True,True
0.805,-0,0,-0.0242635,-0.06832,-0.267503,1.98546,-0.521229,0.141927,-0.666502,1.00147,-0.0584655,-14.9319,-0.48024,-0.0834617,0.0882213,0.06832,0.267503,-0.213408,-0,0,0.00381083,-0.06832,-0.267503,0.61538,-0.521229,0.141927,-0.947896,1.00147,-0.0584655,-13.1106,-0.48024,-0.0834617,0.066278,0.06832,0.267503,-0.188354,-0.104929,0.192995,0.101775,-0.278615,0.0115841,0.0281928,0.000833333,0.005,True,True
0.81,-0,0,-0.0330137,-0.0696677,-0.271233,2.5233,-0.520511,0.145054,-0.54398,1.00117,-0.060854,-15.5687,-0.480659,-0.0841996,0.187744,0.0696677,0.271233,-0.187896,-0,0,-0.00152515,-0.0696677,-0.271233,0.891117,-0.520511,0.145054,-1.04255,1.00117,-0.060854,-12.3624,-0.480659,-0.0841996,0.131561,0.0696677,0.271233,-0.150602,-0.0359938,0.223423,0.103512,-0.282181,0.0118112,0.0287497,0.00166667,0.01,True,True
0.815,-0,0,-0.0420004,-0.0710324,-0.274257,3.18242,-0.519778,0.148026,-0.402428,1.00086,-0.0631346,-16.2868,-0.481082,-0.0848913,0.310777,0.0710324,0.274257,-0.154426,-0,0,-0.00674341,-0.0710324,-0.274257,1.15485,-0.519778,0.148026,-1.15049,1.00086,-0.0631346,-11.5153,-0.481082,-0.0848913,0.197044,0.0710324,0.274257,-0.110769,0.0506332,0.259621,0.104802,-0.28519,0.012042,0.0293138,0.0025,0.015,True,True
0.82,-0,0,-0.050222,-0.0724103,-0.276508,3.93531,-0.519031,0.150816,-0.250877,1.00054,-0.0652758,-17.0382,-0.481508,-0.0855398,0.452559,0.0724103,0.276508,-0.114359,-0,0,-0.0113891,-0.0724103,-0.276508,1.37711,-0.519031,0.150816,-1.26553,1.00054,-0.0652758,-10.6252,-0.481508,-0.0855398,0.25616,0.0724103,0.276508,-0.072777,0.15157,0.30021,0.105598,-0.287594,0.0122763,0.0298833,0.00333333,0.02,True,True
0.825,-0,0,-0.0570663,-0.0737974,-0.277958,4.76446,-0.51827,0.153404,-0.0942128,1.00021,-0.0672542,-17.797,-0.481937,-0.0861502,0.610394,0.0737974,0.277958,-0.0686465,-0,0,-0.0153663,-0.0737974,-0.277958,1.54442,-0.51827,0.153404,-1.38423,1.00021,-0.0672542,-9.72214,-0.481937,-0.0861502,0.305906,0.0737974,0.277958,-0.0385338,0.264782,0.344531,0.105874,-0.289379,0.0125137,0.0304568,0.00416667,0.025,True,True
0.83,-0,0,-0.0621354,-0.0751899,-0.278598,5.65927,-0.517497,0.155779,0.0651641,0.999866,-0.0690502,-18.55,-0.48237,-0.0867285,0.783042,0.0751899,0.278598,-0.0179048,-0,0,-0.0187488,-0.0751899,-0.278598,1.6518,-0.517497,0.155779,-1.5048,0.999866,-0.0690502,-8.82096,-0.48237,-0.0867285,0.345136,0.0751899,0.278598,-0.00884125,0.38921,0.392403,0.105621,-0.290541,0.0127541,0.0310325,0.005,0.03,True,True
0.835,-0,0,-0.0651272,-0.0765834,-0.278428,6.61406,-0.516712,0.157927,0.226304,0.999517,-0.0706464,-19.2914,-0.482805,-0.0872806,0.970272,0.0765834,0.278428,0.03752,-0,0,-0.0216803,-0.0765834,-0.278428,1.69811,-0.516712,0.157927,-1.62644,0.999517,-0.0706464,-7.92804,-0.482805,-0.0872806,0.373504,0.0765834,0.278428,0.0160503,0.524503,0.44394,0.104833,-0.291085,0.0129973,0.0316088,0.00583333,0.035,True,True
0.84,-0,0,-0.0657708,-0.0779741,-0.277451,7.62666,-0.515917,0.159838,0.389062,0.99916,-0.0720258,-20.0193,-0.483242,-0.087812,1.17243,0.0779741,0.277451,0.0975,-0,0,-0.0243333,-0.0779741,-0.277451,1.68365,-0.515917,0.159838,-1.74895,0.99916,-0.0720258,-7.04519,-0.483242,-0.087812,0.390865,0.0779741,0.277451,0.0361304,0.67076,0.499391,0.10351,-0.291019,0.013243,0.0321839,0.00666667,0.04,True,True
0.845,-0,0,-0.0638079,-0.0793579,-0.275671,8.69729,-0.515114,0.1615,0.553662,0.998797,-0.0731716,-20.7341,-0.483683,-0.088328,1.38998,0.0793579,0.275671,0.162074,-0,0,-0.0268999,-0.0793579,-0.275671,1.60888,-0.515114,0.1615,-1.87251,0.998797,-0.0731716,-6.17195,-0.483683,-0.088328,0.396933,0.0793579,0.275671,0.0514639,0.828248,0.558931,0.101648,-0.290349,0.0134909,0.0327563,0.0075,0.045,True,True
0.85,-0,0,-0.0590301,-0.0807308,-0.273088,9.82779,-0.514302,0.162901,0.720355,0.998428,-0.0740668,-21.4376,-0.484126,-0.0888338,1.62274,0.0807308,0.273088,0.231399,-0,0,-0.0295974,-0.0807308,-0.273088,1.47388,-0.514302,0.162901,-1.99756,0.998428,-0.0740668,-5.30697,-0.484126,-0.0888338,0.3911,0.0807308,0.273088,0.0621087,0.997009,0.62236,0.0992454,-0.289078,0.0137409,0.0333242,0.00833333,0.05,True,True
0.855,-0,0,-0.0513955,-0.0820888,-0.269701,11.0208,-0.513485,0.16403,0.889048,0.998056,-0.0746933,-22.1329,-0.484571,-0.0893363,1.86888,0.0820888,0.269701,0.305703,-0,0,-0.032678,-0.0820888,-0.269701,1.27817,-0.513485,0.16403,-2.12466,0.998056,-0.0746933,-4.4489,-0.484571,-0.0893363,0.372359,0.0820888,0.269701,0.0680795,1.17626,0.688611,0.096295,-0.287213,0.0139926,0.033886,0.00916667,0.055,True,True
0.86,-0,0,-0.0412779,-0.0834279,-0.265507,12.2787,-0.512662,0.164879,1.05881,0.997681,-0.075033,-22.8244,-0.485019,-0.0898458,2.12301,0.0834279,0.265507,0.385209,-0,0,-0.0364283,-0.0834279,-0.265507,1.02095,-0.512662,0.164879,-2.25444,0.997681,-0.075033,-3.59712,-0.485019,-0.0898458,0.33936,0.0834279,0.265507,0.0693398,1.36339,0.754924,0.0927854,-0.284758,0.0142459,0.03444,0.01,0.06,True,True
0.865,-0,0,-0.0299464,-0.0847439,-0.260501,13.6018,-0.511836,0.165447,1.22705,0.997306,-0.0750671,-23.5191,-0.48547,-0.0903798,2.37322,0.0847439,0.260501,0.470009,-0,0,-0.04114,-0.0847439,-0.260501,0.701582,-0.511836,0.165447,-2.38743,0.997306,-0.0750671,-2.7526,-0.48547,-0.0903798,0.290692,0.0847439,0.260501,0.0658223,1.55234,0.81547,0.0886968,-0.281729,0.0145005,0.0349846,0.0108333,0.065,True,True
0.87,-0,0,-0.020434,-0.0860329,-0.254678,14.9856,-0.511008,0.165747,1.38825,0.996931,-0.0747771,-24.2276,-0.485923,-0.0909695,2.59599,0.0860329,0.254678,0.559825,-0,0,-0.0470127,-0.0860329,-0.254678,0.320996,-0.511008,0.165747,-2.52372,0.996931,-0.0747771,-1.91918,-0.485923,-0.0909695,0.225568,0.0860329,0.254678,0.0574935,1.73079,0.859108,0.0839963,-0.27815,0.0147561,0.035518,0.0116667,0.07,True,True
0.875,-0,0,-0.0190351,-0.0872907,-0.24804,16.414,-0.510178,0.165816,1.5318,0.996558,-0.0741463,-24.9664,-0.486379,-0.0916694,2.74811,0.0872907,0.24804,0.653564,-0,0,-0.0539304,-0.0872907,-0.24804,-0.115741,-0.510178,0.165816,-2.66243,0.996558,-0.0741463,-1.10556,-0.486379,-0.0916694,0.145176,0.0872907,0.24804,0.0444963,1.87568,0.865794,0.0786313,-0.274077,0.0150127,0.0360385,0.0125,0.075,True,True
0.88,-0,0,-0.0375455,-0.0885133,-0.240603,17.8495,-0.509349,0.165736,1.6389,0.996189,-0.0731624,-25.7594,-0.48684,-0.0925737,2.75518,0.0885133,0.240603,0.748503,-0,0,-0.0610369,-0.0885133,-0.240603,-0.594357,-0.509349,0.165736,-2.80059,0.996189,-0.0731624,-0.328887,-0.48684,-0.0925737,0.0550099,0.0885133,0.240603,0.0274398,1.94671,0.801659,0.0725193,-0.269615,0.0152701,0.0365445,0.0133333,0.08,True,True
0.885,-0,0,-0.130071,-0.0896967,-0.232411,19.2124,-0.508521,0.165661,1.78897,0.995826,-0.0718227,-26.5391,-0.487305,-0.0938383,2.61256,0.0896967,0.232411,0.838344,-0,0,-0.0579622,-0.0896967,-0.232411,-1.07033,-0.508521,0.165661,-3.01056,0.995826,-0.0718227,0.381173,-0.487305,-0.0938383,-0.0337943,0.0896967,0.232411,0.00842681,1.93695,0.669011,0.065535,-0.264952,0.0155287,0.0370343,0.0141667,0.085,True,True
0.89,-0,-0.000343439,-0.500084,-0.0908374,-0.223538,21.1,-0.507693,0.16556,2.54,0.995471,-0.0701451,-27.1704,-0.487778,-0.0954153,2.75824,0.0908374,0.223538,1.41832,-0,0.000343439,0.00761675,-0.0908374,-0.22361,-1.66417,-0.507693,0.162207,-3.73132,0.995471,-0.0640014,1.29012,-0.487778,-0.0982059,-0.158989,0.0908374,0.22361,-0.0174246,2.42062,0.330612,0.0577787,-0.260094,0.0157891,0.0375064,0.015,0.09,True,False
0.895,-3.43439e-06,-0.00269003,-1.23786,-0.0919321,-0.214035,21.3872,-0.506866,0.164424,4.05459,0.995125,-0.0681737,-26.4482,-0.488259,-0.0962505,3.43002,0.0919321,0.214035,1.08093,3.43439e-06,0.00269003,0.160233,-0.0919328,-0.214585,-1.63238,-0.506899,0.13868,-5.03964,0.995186,-0.0210584,1.47163,-0.488287,-0.117622,-0.255855,0.0919328,0.214585,-0.0162921,2.53052,0.890392,0.0503424,-0.25402,0.0160524,0.0379596,0.015,0.09,True,False
0.9,-2.69003e-05,-0.00854363,-2.14722,-0.0929777,-0.203977,21.7824,-0.506049,0.161387,5.89979,0.994789,-0.0659483,-25.5715,-0.48874,-0.0954389,4.24898,0.0929777,0.203977,0.99115,2.69003e-05,0.00854363,0.354208,-0.0929832,-0.205669,-1.57591,-0.506306,0.081421,-6.62812,0.99526,0.0802003,1.6839,-0.488954,-0.161621,-0.371206,0.0929832,0.205669,-0.0144243,2.89081,1.34652,0.0441853,-0.245876,0.0163205,0.0383932,0.015,0.09,True,False
0.905,-8.88707e-05,-0.0179262,-2.99837,-0.0939718,-0.193493,22.1212,-0.505252,0.156693,7.48322,0.994465,-0.0634882,-24.9037,-0.489214,-0.0932048,4.7822,0.0939718,0.193493,0.978578,8.88707e-05,0.0179262,0.536649,-0.0939895,-0.196907,-1.51045,-0.506085,-0.0067826,-8.02694,0.995988,0.234765,1.85883,-0.489903,-0.227983,-0.469951,0.0939895,0.196907,-0.0126276,3.15812,1.61065,0.0391724,-0.235983,0.0165956,0.0388066,0.015,0.09,True,False
0.91,-0.000206162,-0.0305114,-3.73353,-0.0949126,-0.182695,22.373,-0.504482,0.150732,8.73074,0.994154,-0.0608082,-24.4417,-0.489673,-0.0899237,5.06989,0.0949126,0.182695,0.986758,0.000206162,0.0305114,0.697019,-0.0949523,-0.188254,-1.43926,-0.506374,-0.119681,-9.15731,0.997608,0.431517,1.98751,-0.491234,-0.311837,-0.546057,0.0949523,0.188254,-0.011093,3.31332,1.74203,0.0350036,-0.224799,0.0168801,0.0391998,0.015,0.09,True,False
0.915,-0.000393984,-0.0459825,-4.34342,-0.0957988,-0.171666,22.5405,-0.503744,0.14379,9.67904,0.993857,-0.0579237,-24.1248,-0.490113,-0.0858666,5.21433,0.0957988,0.171666,0.998394,0.000393984,0.0459825,0.835467,-0.095872,-0.179646,-1.36223,-0.507282,-0.251435,-10.0326,1.0003,0.659872,2.07423,-0.493022,-0.408437,-0.600394,0.095872,0.179646,-0.00984017,3.39697,1.80211,0.0314643,-0.212656,0.0171759,0.0395726,0.015,0.09,True,False
0.92,-0.000665988,-0.0640328,-4.82641,-0.0966293,-0.160472,22.6283,-0.503044,0.136092,10.3568,0.993575,-0.054851,-23.917,-0.490531,-0.0812408,5.27441,0.0966293,0.160472,1.00547,0.000665988,0.0640328,0.952668,-0.0967487,-0.171014,-1.27929,-0.508888,-0.396599,-10.6679,1.00421,0.909825,2.12302,-0.495318,-0.513226,-0.634101,0.0967487,0.171014,-0.00886865,3.43381,1.82491,0.0283913,-0.199811,0.0174848,0.0399251,0.015,0.09,True,False
0.925,-0.00103431,-0.0843652,-5.18615,-0.0974035,-0.149165,22.642,-0.502383,0.127822,10.7893,0.993309,-0.0516074,-23.7963,-0.490925,-0.076215,5.28288,0.0974035,0.149165,1.00498,0.00103431,0.0843652,1.04969,-0.0975822,-0.162293,-1.19053,-0.511248,-0.55013,-11.0808,1.0094,1.17204,2.13773,-0.498154,-0.62191,-0.648591,0.0975822,0.162293,-0.00816611,3.43859,1.82831,0.0256515,-0.186473,0.0178083,0.0402575,0.015,0.09,True,False
0.93,-0.00150964,-0.106692,-5.42989,-0.098121,-0.137792,22.5881,-0.501766,0.119144,11.0007,0.993059,-0.0482109,-23.7477,-0.491293,-0.070933,5.25789,0.098121,0.137792,0.99649,0.00150964,0.106692,1.12787,-0.0983717,-0.153422,-1.09638,-0.51439,-0.707424,-11.2906,1.01593,1.43795,2.12207,-0.501537,-0.730526,-0.645535,0.0983717,0.153422,-0.00771354,3.42039,1.82135,0.0231315,-0.172821,0.0181472,0.0405701,0.015,0.09,True,False
0.935,-0.00210123,-0.130736,-5.56723,-0.0987814,-0.126391,22.4736,-0.501192,0.1102,11.0156,0.992827,-0.0446803,-23.7598,-0.491635,-0.0655202,5.20974,0.0987814,0.126391,0.980859,0.00210123,0.130736,1.18874,-0.0991164,-0.144353,-0.99757,-0.518322,-0.864355,-11.3186,1.02378,1.69986,2.07965,-0.505459,-0.835503,-0.626819,0.0991164,0.144353,-0.00748821,3.38513,1.8084,0.0207314,-0.159008,0.0185022,0.040863,0.015,0.09,True,False
0.94,-0.002817,-0.156229,-5.60921,-0.0993849,-0.114996,22.3058,-0.500664,0.101121,10.8593,0.992612,-0.0410349,-23.8223,-0.491949,-0.0600864,5.14473,0.0993849,0.114996,0.959467,0.002817,0.156229,1.23391,-0.0998152,-0.135044,-0.89521,-0.523033,-1.01731,-11.1873,1.03293,1.95102,2.01394,-0.509892,-0.933716,-0.59448,0.0998152,0.135044,-0.0074655,3.33702,1.79149,0.0183639,-0.145172,0.0188734,0.0411367,0.015,0.09,True,False
0.945,-0.00366353,-0.182913,-5.56759,-0.0999314,-0.103637,22.0922,-0.500181,0.0920217,10.557,0.992416,-0.0372941,-23.9255,-0.492235,-0.0547276,5.06707,0.0999314,0.103637,0.933834,0.00366353,0.182913,1.265,-0.100467,-0.125467,-0.79071,-0.528495,-1.16319,-10.9197,1.04329,2.1857,1.92826,-0.514796,-1.02251,-0.550638,0.100467,0.125467,-0.00761999,3.27932,1.7716,0.0159524,-0.131431,0.0192608,0.0413917,0.015,0.09,True,False
0.95,-0.00464613,-0.21054,-5.45421,-0.100421,-0.0923414,21.8405,-0.499743,0.0830042,10.1336,0.992239,-0.0334777,-24.0602,-0.492496,-0.0495265,4.97995,0.100421,0.0923414,0.905417,0.00464613,0.21054,1.28355,-0.10107,-0.115604,-0.685736,-0.534665,-1.29943,-10.5382,1.05478,2.39916,1.82577,-0.520118,-1.09973,-0.497417,0.10107,0.115604,-0.00792605,3.2147,1.74921,0.013432,-0.117888,0.019664,0.0416283,0.015,0.09,True,False
0.955,-0.00576892,-0.23887,-5.28053,-0.100855,-0.0811333,21.5582,-0.499351,0.0741581,9.61278,0.992081,-0.0296049,-24.2178,-0.492731,-0.0445532,4.88586,0.100855,0.0811333,0.875515,0.00576892,0.23887,1.29097,-0.101623,-0.105447,-0.58213,-0.541489,-1.424,-10.0645,1.06728,2.58767,1.70942,-0.525794,-1.16368,-0.436882,0.101623,0.105447,-0.00835829,3.14535,1.72463,0.0107483,-0.104634,0.0200824,0.041847,0.015,0.09,True,False
0.96,-0.00703483,-0.267675,-5.05725,-0.101233,-0.0700348,21.2527,-0.499002,0.0655604,9.01659,0.991943,-0.0256948,-24.3904,-0.492941,-0.0398657,4.78681,0.101233,0.0700348,0.84523,0.00703483,0.267675,1.28847,-0.102124,-0.0949978,-0.481826,-0.548905,-1.53531,-9.51851,1.08066,2.74844,1.58195,-0.531754,-1.21314,-0.370976,0.102124,0.0949978,-0.00889184,3.07311,1.69802,0.00785732,-0.0917422,0.0205153,0.0420484,0.015,0.09,True,False
0.965,-0.00844567,-0.296736,-4.79403,-0.101555,-0.0590661,20.9312,-0.498695,0.057277,8.36476,0.991824,-0.0217656,-24.5711,-0.493129,-0.0355114,4.68437,0.101555,0.0590661,0.815459,0.00844567,0.296736,1.27705,-0.102573,-0.084268,-0.386767,-0.556842,-1.63222,-8.91813,1.09477,2.87952,1.44591,-0.537925,-1.2473,-0.301482,0.102573,0.084268,-0.00950253,2.99941,1.66952,0.00472472,-0.0792771,0.0209617,0.042233,0.015,0.09,True,False
0.97,-0.0100022,-0.325843,-4.49937,-0.101823,-0.0482458,20.6002,-0.498429,0.0493632,7.67462,0.991725,-0.017835,-24.7543,-0.493296,-0.0315282,4.57971,0.101823,0.0482458,0.786903,0.0100022,0.325843,1.25751,-0.102967,-0.0732775,-0.298828,-0.565227,-1.71399,-8.27911,1.10945,2.97975,1.3036,-0.544227,-1.26576,-0.229998,0.102967,0.0732775,-0.0101671,2.92535,1.63916,0.00132453,-0.0672904,0.0214205,0.0424013,0.015,0.09,True,False
0.975,-0.0117041,-0.354797,-4.18051,-0.102038,-0.0375907,20.2662,-0.498201,0.0418652,6.96094,0.991646,-0.0139196,-24.9356,-0.493445,-0.0279455,4.47364,0.102038,0.0375907,0.760094,0.0117041,0.354797,1.2304,-0.103306,-0.0620541,-0.219747,-0.573982,-1.78018,-7.61488,1.12456,3.04861,1.15714,-0.550583,-1.26843,-0.157923,0.103306,0.0620541,-0.0108635,2.85174,1.60698,-0.00236191,-0.0558252,0.0218906,0.0425538,0.015,0.09,True,False
0.98,-0.0135502,-0.383408,-3.8435,-0.102199,-0.0271164,19.9348,-0.49801,0.0348211,6.23605,0.991586,-0.0100352,-25.1116,-0.493576,-0.0247859,4.36671,0.102199,0.0271164,0.735411,0.0135502,0.383408,1.19609,-0.103588,-0.0506327,-0.151073,-0.583029,-1.83064,-6.93664,1.13994,3.08614,1.00849,-0.556912,-1.2555,-0.08646,0.103588,0.0506327,-0.0115709,2.77914,1.57297,-0.00634715,-0.044916,0.0223708,0.0426911,0.015,0.09,True,False
0.985,-0.0155382,-0.411494,-3.49328,-0.102309,-0.0168372,19.6112,-0.497853,0.0282623,5.51003,0.991546,-0.00619627,-25.28,-0.493692,-0.022066,4.25928,0.102309,0.0168372,0.713112,0.0155382,0.411494,1.15479,-0.103812,-0.0390539,-0.0941238,-0.592289,-1.86543,-6.25355,1.15543,3.09286,0.859419,-0.563138,-1.22743,-0.0166276,0.103812,0.0390539,-0.0122701,2.70791,1.5371,-0.0106388,-0.0345908,0.0228601,0.0428136,0.015,0.09,True,False
0.99,-0.0176651,-0.438887,-3.13379,-0.102368,-0.0067661,19.2999,-0.497728,0.0222143,4.79095,0.991524,-0.00241631,-25.4393,-0.493797,-0.019798,4.15162,0.102368,0.0067661,0.693358,0.0176651,0.438887,1.1066,-0.103978,-0.0273635,-0.0499592,-0.601683,-1.8848,-5.57298,1.17087,3.06964,0.711601,-0.569186,-1.18485,0.0507275,0.103978,0.0273635,-0.0129438,2.6383,1.49939,-0.0152408,-0.0248719,0.023357,0.0429219,0.015,0.09,True,False
0.995,-0.0199271,-0.465425,-2.7681,-0.102376,0.00308531,19.005,-0.497631,0.0166976,4.08518,0.991522,0.00129242,-25.5888,-0.49389,-0.0179901,4.04392,0.102376,-0.00308531,0.676233,0.0199271,0.465425,1.05151,-0.104086,-0.0156112,-0.0193685,-0.611137,-1.88911,-4.90072,1.18612,3.01766,0.566578,-0.574986,-1.12855,0.11491,0.104086,0.0156112,-0.0135766,2.57049,1.45986,-0.0201538,-0.0157767,0.0238605,0.0430162,0.015,0.09,True,False
1,-0.0223194,-0.490957,-2.39864,-0.102337,0.0127066,18.73,-0.497561,0.0117288,3.39771,0.991537,0.0049189,-25.7283,-0.493976,-0.0166477,3.93641,0.102337,-0.0127066,0.661761,0.0223194,0.490957,0.989523,-0.104134,-0.00384927,-0.00286659,-0.620574,-1.87885,-4.24135,1.20105,2.9383,0.425807,-0.580471,-1.05946,0.175357,0.104134,0.00384927,-0.0141554,2.50461,1.4186,-0.0253766,-0.00731869,0.0243693,0.043097,0.015,0.09,True,False
1.005,-0.0248366,-0.515342,-2.02726,-0.102249,0.0220887,18.4777,-0.497514,0.0073206,2.7324,0.991571,0.00845329,-25.8579,-0.494057,-0.0157739,3.82937,0.102249,-0.0220887,0.649944,0.0248366,0.515342,0.920606,-0.104124,0.00786846,-0.000701151,-0.629925,-1.85454,-3.59841,1.21551,2.83313,0.290663,-0.585581,-0.978587,0.231622,0.104124,-0.00786846,-0.0146699,2.44081,1.37574,-0.0309067,0.000491844,0.0248824,0.0431647,0.015,0.09,True,False
1.01,-0.0274728,-0.538448,-1.65544,-0.102116,0.031224,18.2507,-0.497488,0.00348303,2.09231,0.991622,0.011887,-25.9782,-0.494134,-0.01537,3.7232,0.102116,-0.031224,0.64078,0.0274728,0.538448,0.844785,-0.104056,0.0194881,-0.012867,-0.63912,-1.8168,-2.97471,1.22938,2.70383,0.162458,-0.590257,-0.887026,0.283353,0.104056,-0.0194881,-0.0151122,2.3793,1.33147,-0.0367403,0.00764758,0.0253986,0.0432194,0.015,0.09,True,False
1.015,-0.0302211,-0.560154,-1.2844,-0.101937,0.0401062,18.0509,-0.497479,0.000223406,1.47985,0.99169,0.0152127,-26.0898,-0.494211,-0.0154361,3.61838,0.101937,-0.0401062,0.634253,0.0302211,0.560154,0.762154,-0.103929,0.0309569,-0.0391272,-0.648093,-1.76625,-2.37252,1.24254,2.55216,0.0424345,-0.594451,-0.785909,0.330284,0.103929,-0.0309569,-0.0154774,2.32032,1.28602,-0.0428736,0.0141436,0.0259169,0.0432615,0.015,0.09,True,False
1.02,-0.0330743,-0.580348,-0.915188,-0.101715,0.0487307,17.8798,-0.497485,-0.00245315,0.896998,0.991774,0.0184242,-26.1933,-0.494289,-0.0159711,3.51543,0.101715,-0.0487307,0.630323,0.0330743,0.580348,0.672901,-0.103746,0.0422249,-0.0790377,-0.656782,-1.70355,-1.79377,1.2549,2.37995,-0.0682222,-0.598116,-0.676401,0.37222,0.103746,-0.0422249,-0.0157635,2.26411,1.23967,-0.0493026,0.0199773,0.0264362,0.0432911,0.015,0.09,True,False
1.025,-0.0360246,-0.598926,-0.548811,-0.10145,0.0570944,17.7386,-0.497504,-0.00454339,0.34548,0.991874,0.0215167,-26.2896,-0.49437,-0.0169733,3.41494,0.10145,-0.0570944,0.628938,0.0360246,0.598926,0.577324,-0.103507,0.053246,-0.131975,-0.665129,-1.62939,-1.24017,1.26634,2.18908,-0.168394,-0.601215,-0.559688,0.409028,0.103507,-0.053246,-0.0159717,2.21096,1.19274,-0.0560239,0.0251479,0.0269556,0.0433084,0.015,0.09,True,False
1.03,-0.0390636,-0.615798,-0.186271,-0.101144,0.0651963,17.6281,-0.497531,-0.00604572,-0.173155,0.991989,0.0244863,-26.3794,-0.494458,-0.0184406,3.31757,0.101144,-0.0651963,0.630045,0.0390636,0.615798,0.475847,-0.103214,0.0639795,-0.197163,-0.673076,-1.54447,-0.71334,1.27679,1.98143,-0.25703,-0.603713,-0.436956,0.44063,0.103214,-0.0639795,-0.0161059,2.16116,1.14556,-0.0630346,0.0296565,0.0274743,0.0433134,0.015,0.09,True,False
1.035,-0.0421826,-0.630879,0.171367,-0.100798,0.073037,17.5487,-0.497564,-0.00695996,-0.657418,0.992119,0.0273305,-26.4634,-0.494555,-0.0203706,3.22399,0.100798,-0.073037,0.633589,0.0421826,0.630879,0.369018,-0.102867,0.0743911,-0.273703,-0.680573,-1.44951,-0.214916,1.28616,1.7589,-0.333159,-0.605585,-0.309388,0.466995,0.102867,-0.0743911,-0.0161729,2.11503,1.0985,-0.070333,0.0335059,0.0279914,0.0433061,0.015,0.09,True,False
1.04,-0.0453724,-0.644098,0.522945,-0.100413,0.0806192,17.5007,-0.4976,-0.00728718,-1.10582,0.992262,0.030048,-26.5424,-0.494662,-0.0227608,3.13491,0.100413,-0.0806192,0.639512,0.0453724,0.644098,0.257514,-0.10247,0.0844543,-0.360599,-0.687571,-1.34526,0.25342,1.29438,1.5234,-0.395893,-0.606807,-0.17815,0.488134,0.10247,-0.0844543,-0.0161818,2.07288,1.05193,-0.0779186,0.0367005,0.028506,0.0432864,0.015,0.09,True,False
1.045,-0.0486235,-0.65539,0.867185,-0.0999917,0.087948,17.4839,-0.497637,-0.00702953,-1.51685,0.992419,0.0326383,-26.6169,-0.494782,-0.0256088,3.05103,0.0999917,-0.087948,0.64775,0.0486235,0.65539,0.142133,-0.102023,0.0941511,-0.456785,-0.694026,-1.23247,0.689888,1.30139,1.27685,-0.444444,-0.607366,-0.0443818,0.504095,0.102023,-0.0941511,-0.0161437,2.03506,1.00624,-0.0857925,0.0392464,0.0290177,0.0432543,0.015,0.09,True,False
1.05,-0.0519263,-0.664702,1.20268,-0.0995339,0.0950306,17.4981,-0.497671,-0.00619015,-1.88892,0.992589,0.0351023,-26.6875,-0.494918,-0.0289121,2.97309,0.0995339,-0.0950306,0.658228,0.0519263,0.664702,0.0237847,-0.101528,0.103473,-0.561143,-0.699896,-1.11196,1.0926,1.30715,1.02116,-0.478131,-0.607251,0.0908051,0.514959,0.101528,-0.103473,-0.0160714,2.00188,0.961818,-0.093957,0.0411514,0.0295255,0.0432096,0.015,0.09,True,False
1.055,-0.0552706,-0.67199,1.52789,-0.0990414,0.101876,17.5425,-0.497699,-0.00477302,-2.22039,0.99277,0.0374416,-26.7544,-0.495071,-0.0326686,2.90176,0.0990414,-0.101876,0.670859,0.0552706,0.67199,-0.0965212,-0.100988,0.112419,-0.67253,-0.705145,-0.984555,1.45955,1.3116,0.758217,-0.496391,-0.606458,0.226338,0.520834,0.100988,-0.112419,-0.0159789,1.97363,0.919063,-0.102416,0.0424247,0.0300291,0.0431521,0.015,0.09,True,False
1.06,-0.0586462,-0.67722,1.84114,-0.0985152,0.108497,17.6163,-0.497718,-0.00278296,-2.50959,0.992963,0.0396588,-26.818,-0.495245,-0.0368758,2.83772,0.0985152,-0.108497,0.685541,0.0586462,0.67722,-0.217693,-0.100404,0.121001,-0.789788,-0.709742,-0.851121,1.78867,1.31473,0.489936,-0.498793,-0.604988,0.361185,0.521852,0.100404,-0.121001,-0.0158804,1.95059,0.878364,-0.111177,0.0430774,0.0305279,0.0430816,0.015,0.09,True,False
1.065,-0.0620428,-0.680368,2.14066,-0.0979564,0.114908,17.7185,-0.497727,-0.00022555,-2.75479,0.993167,0.0417573,-26.8786,-0.49544,-0.0415317,2.78159,0.0979564,-0.114908,0.702156,0.0620428,0.680368,-0.338575,-0.0997779,0.129239,-0.911758,-0.713657,-0.712569,2.07781,1.3165,0.21821,-0.485049,-0.602846,0.494359,0.518161,0.0997779,-0.129239,-0.0157902,1.933,0.840103,-0.120246,0.0431225,0.0310214,0.0429977,0.015,0.09,True,False
1.07,-0.0654498,-0.681419,2.42455,-0.0973661,0.121125,17.8477,-0.497721,0.00289284,-2.95427,0.993381,0.0437412,-26.9362,-0.49566,-0.046634,2.73395,0.0973661,-0.121125,0.720572,0.0654498,0.681419,-0.457963,-0.0991115,0.137159,-1.0373,-0.716867,-0.56985,2.32479,1.31691,-0.0550685,-0.45502,-0.600044,0.624919,0.50992,0.0991115,-0.137159,-0.0157217,1.92106,0.804647,-0.129632,0.0425746,0.0315094,0.0429001,0.015,0.09,True,False
1.075,-0.0688569,-0.680368,2.69084,-0.0967451,0.127167,18.0024,-0.497698,0.00656503,-3.10633,0.993604,0.0456152,-26.9907,-0.495907,-0.0521802,2.69529,0.0967451,-0.127167,0.740646,0.0688569,0.680368,-0.57463,-0.0984063,0.144799,-1.16527,-0.719355,-0.423962,2.52746,1.31595,-0.32801,-0.408726,-0.596597,0.751972,0.497295,0.0984063,-0.144799,-0.015687,1.91494,0.772338,-0.139347,0.0414506,0.0319916,0.0427883,0.015,0.09,True,False
1.08,-0.0722535,-0.67722,2.9375,-0.0960944,0.133057,18.1806,-0.497655,0.0107829,-3.20933,0.993837,0.0473844,-27.042,-0.496182,-0.0581673,2.66603,0.0960944,-0.133057,0.762227,0.0722535,0.67722,-0.687343,-0.0976635,0.152201,-1.29457,-0.721107,-0.275942,2.68372,1.31363,-0.598728,-0.346352,-0.592524,0.87467,0.480451,0.0976635,-0.152201,-0.0156966,1.91473,0.743489,-0.149402,0.0397695,0.0324677,0.0426621,0.015,0.09,True,False
1.085,-0.0756291,-0.67199,3.16243,-0.0954146,0.138818,18.3804,-0.49759,0.0155375,-3.26171,0.994078,0.0490541,-27.0899,-0.496488,-0.0645915,2.64653,0.0954146,-0.138818,0.785166,0.0756291,0.67199,-0.794884,-0.0968843,0.159414,-1.42412,-0.722115,-0.126871,2.79158,1.30996,-0.865337,-0.26825,-0.58785,0.992208,0.45955,0.0968843,-0.159414,-0.0157588,1.92051,0.718372,-0.159809,0.0375527,0.0329376,0.0425209,0.015,0.09,True,False
1.09,-0.0789734,-0.664702,3.36354,-0.0947062,0.144476,18.5994,-0.4975,0.0208184,-3.26203,0.994327,0.0506298,-27.1339,-0.496828,-0.0714482,2.63703,0.0947062,-0.144476,0.809311,0.0789734,0.664702,-0.896074,-0.0960694,0.166491,-1.55284,-0.722376,0.0221287,2.84917,1.30498,-1.12595,-0.174942,-0.582602,1.10382,0.434743,0.0960694,-0.166491,-0.0158795,1.93232,0.697222,-0.170582,0.0348243,0.0334014,0.0423642,0.015,0.09,True,False
1.095,-0.0822762,-0.65539,3.53872,-0.0939698,0.15006,18.8349,-0.497382,0.026614,-3.209,0.994584,0.0521172,-27.1735,-0.497203,-0.0787311,2.63772,0.0939698,-0.15006,0.834471,0.0822762,0.65539,-0.989786,-0.0952194,0.173486,-1.67972,-0.721893,0.169903,2.85483,1.29871,-1.37869,-0.0671144,-0.576812,1.20879,0.406169,0.0952194,-0.173486,-0.0160619,1.95008,0.680255,-0.181733,0.031611,0.0338591,0.0421916,0.015,0.09,True,False
1.1,-0.0855273,-0.644098,3.68588,-0.0932056,0.155598,19.0841,-0.497233,0.0329112,-3.10152,0.994849,0.0535213,-27.208,-0.497615,-0.0864325,2.64862,0.0932056,-0.155598,0.860406,0.0855273,0.644098,-1.07497,-0.0943345,0.180455,-1.80373,-0.720677,0.315265,2.80707,1.29119,-1.62167,0.0543809,-0.570514,1.3064,0.373952,0.0943345,-0.180455,-0.0163071,1.97366,0.66767,-0.193275,0.0279428,0.0343109,0.0420024,0.015,0.09,True,False
1.105,-0.0887171,-0.630879,3.80301,-0.0924138,0.161122,19.3439,-0.497053,0.0396949,-2.93867,0.99512,0.0548472,-27.2367,-0.498067,-0.0945421,2.66971,0.0924138,-0.161122,0.88687,0.0887171,0.630879,-1.15068,-0.0934148,0.187453,-1.9239,-0.718741,0.457003,2.70468,1.28249,-1.853,0.188538,-0.563748,1.39599,0.3382,0.0934148,-0.187453,-0.0166135,2.00287,0.659622,-0.20522,0.0238528,0.034757,0.0417962,0.015,0.09,True,False
1.11,-0.0918361,-0.615798,3.88816,-0.0915944,0.166666,19.611,-0.496837,0.0469481,-2.7198,0.995397,0.0560994,-27.2586,-0.498561,-0.103048,2.70085,0.0915944,-0.166666,0.913655,0.0918361,0.615798,-1.21607,-0.09246,0.194534,-2.03927,-0.716107,0.593888,2.5467,1.27266,-2.07079,0.334202,-0.556554,1.47691,0.299005,0.09246,-0.194534,-0.0169776,2.03747,0.656198,-0.217577,0.019378,0.0351979,0.0415724,0.015,0.09,True,False
1.115,-0.0948751,-0.598926,3.93953,-0.0907472,0.172262,19.8819,-0.496583,0.0546515,-2.44451,0.995681,0.0572817,-27.2726,-0.499098,-0.111933,2.74181,0.0907472,-0.172262,0.940579,0.0948751,0.598926,-1.27042,-0.0914695,0.201746,-2.14891,-0.712802,0.72468,2.33249,1.26178,-2.27318,0.490085,-0.548979,1.5485,0.256447,0.0914695,-0.201746,-0.0173938,2.07723,0.657428,-0.230354,0.0145586,0.035634,0.0413304,0.015,0.09,True,False
1.12,-0.0978254,-0.580348,3.95546,-0.0898718,0.177946,20.153,-0.49629,0.0627832,-2.11272,0.99597,0.0583971,-27.2778,-0.49968,-0.12118,2.79233,0.0898718,-0.177946,0.967477,0.0978254,0.580348,-1.31317,-0.0904425,0.209135,-2.25192,-0.70886,0.848136,2.06175,1.24993,-2.45827,0.654772,-0.541069,1.61013,0.210602,0.0904425,-0.209135,-0.0178549,2.12188,0.663298,-0.243555,0.0094391,0.0360658,0.0410696,0.015,0.09,True,False
1.125,-0.100679,-0.560154,3.93457,-0.0889677,0.183752,20.4204,-0.495955,0.0713186,-1.72472,0.996265,0.0594476,-27.2727,-0.500309,-0.130766,2.85207,0.0889677,-0.183752,0.994186,0.100679,0.560154,-1.34391,-0.0893781,0.216741,-2.34746,-0.70432,0.963021,1.73458,1.2372,-2.62421,0.826737,-0.532878,1.66119,0.161545,0.0893781,-0.216741,-0.018353,2.17113,0.67377,-0.257183,0.00406755,0.0364941,0.0407896,0.015,0.09,True,False
1.13,-0.103427,-0.538448,3.87571,-0.0880343,0.189715,20.6804,-0.495577,0.0802304,-1.28124,0.996564,0.0604342,-27.2561,-0.500988,-0.140665,2.92068,0.0880343,-0.189715,1.02054,0.103427,0.538448,-1.36241,-0.0882751,0.224598,-2.43474,-0.69923,1.06812,1.35152,1.22369,-2.76916,1.00436,-0.524458,1.70104,0.109362,0.0882751,-0.224598,-0.0188793,2.22468,0.6888,-0.271234,-0.00150384,0.0369195,0.0404897,0.015,0.09,True,False
1.135,-0.106063,-0.515342,3.77813,-0.0870706,0.195871,20.9291,-0.495153,0.0894879,-0.783532,0.996869,0.0613568,-27.2266,-0.501716,-0.150845,2.9978,0.0870706,-0.195871,1.04635,0.106063,0.515342,-1.36863,-0.0871321,0.232734,-2.51302,-0.693639,1.16223,0.9137,1.20951,-2.89132,1.18591,-0.515867,1.72909,0.0541665,0.0871321,-0.232734,-0.019425,2.28222,0.708352,-0.285703,-0.00721901,0.0373431,0.0401695,0.015,0.09,True,False
1.14,-0.10858,-0.490957,3.64154,-0.0860756,0.202252,21.1628,-0.494682,0.0990576,-0.233503,0.997178,0.0622141,-27.1829,-0.502496,-0.161272,3.08311,0.0860756,-0.202252,1.07143,0.10858,0.490957,-1.36272,-0.0859478,0.24117,-2.58166,-0.687607,1.24423,0.422869,1.19477,-2.98895,1.36962,-0.507167,1.74472,-0.0038886,0.0859478,-0.24117,-0.0199817,2.34342,0.732411,-0.300578,-0.0130182,0.0377658,0.0398283,0.015,0.09,True,False
1.145,-0.110973,-0.465425,3.46616,-0.085048,0.208893,21.3779,-0.494162,0.108903,0.366142,0.997491,0.0630033,-27.1236,-0.503329,-0.171906,3.17631,0.085048,-0.208893,1.09555,0.110973,0.465425,-1.34505,-0.0847204,0.249921,-2.6401,-0.681197,1.31302,-0.118412,1.17962,-3.0604,1.55359,-0.49842,1.74738,-0.0645897,0.0847204,-0.249921,-0.0205412,2.40798,0.760994,-0.315842,-0.0188382,0.0381888,0.0394658,0.015,0.09,True,False
1.15,-0.113235,-0.438887,3.25289,-0.0839866,0.215823,21.5708,-0.493593,0.118984,1.01172,0.997808,0.0637203,-27.0478,-0.504215,-0.182705,3.27712,0.0839866,-0.215823,1.11848,0.113235,0.438887,-1.3162,-0.0834486,0.258997,-2.68789,-0.674477,1.3676,-0.706616,1.16417,-3.10413,1.73589,-0.489693,1.73653,-0.127641,0.0834486,-0.258997,-0.0210966,2.47559,0.794145,-0.331473,-0.0246128,0.0386131,0.0390815,0.015,0.09,True,False
1.155,-0.115362,-0.411494,3.00337,-0.0828898,0.223071,21.7386,-0.492973,0.129259,1.69836,0.998128,0.0643598,-26.9545,-0.505156,-0.193619,3.38529,0.0828898,-0.223071,1.13996,0.115362,0.411494,-1.27695,-0.0821305,0.268403,-2.72471,-0.667521,1.40709,-1.33705,1.14858,-3.1188,1.9145,-0.481055,1.7117,-0.192641,0.0821305,-0.268403,-0.0216416,2.54592,0.831931,-0.347444,-0.0302735,0.0390401,0.0386749,0.015,0.09,True,False
1.16,-0.11735,-0.383408,2.72011,-0.0817559,0.230665,21.8785,-0.4923,0.139683,2.41976,0.998452,0.064915,-26.8434,-0.506151,-0.204598,3.50054,0.0817559,-0.230665,1.15971,0.11735,0.383408,-1.22831,-0.0807645,0.278138,-2.75034,-0.660406,1.43073,-2.00364,1.13298,-3.10327,2.08731,-0.472576,1.67254,-0.259056,0.0807645,-0.278138,-0.0221715,2.61862,0.874416,-0.363721,-0.0357501,0.0394711,0.0382457,0.015,0.09,True,False
1.165,-0.119196,-0.354797,2.4066,-0.0805832,0.238624,21.9881,-0.491576,0.15021,3.16792,0.998777,0.0653775,-26.7146,-0.507202,-0.215587,3.62247,0.0805832,-0.238624,1.17744,0.119196,0.354797,-1.17146,-0.0793491,0.288197,-2.7647,-0.653214,1.43793,-2.6987,1.11754,-3.0567,2.25212,-0.464329,1.61877,-0.326193,0.0793491,-0.288197,-0.0226824,2.69328,0.921623,-0.380265,-0.0409722,0.0399077,0.0377936,0.015,0.09,True,False
1.17,-0.120898,-0.325843,2.06735,-0.0793697,0.246969,22.0656,-0.490798,0.160792,3.93292,0.999105,0.0657375,-26.5691,-0.508307,-0.22653,3.7505,0.0793697,-0.246969,1.19286,0.120898,0.325843,-1.10778,-0.0778826,0.298573,-2.76784,-0.646027,1.42832,-3.41269,1.10241,-2.97866,2.40661,-0.456388,1.55034,-0.393177,0.0778826,-0.298573,-0.0231718,2.7694,0.97349,-0.397033,-0.0458699,0.0403512,0.0373182,0.015,0.09,True,False
1.175,-0.122454,-0.296736,1.708,-0.0781135,0.255713,22.11,-0.489968,0.171383,4.70266,0.999435,0.065984,-26.4088,-0.509467,-0.237367,3.88376,0.0781135,-0.255713,1.20566,0.122454,0.296736,-1.03878,-0.0763634,0.309255,-2.7599,-0.63893,1.4018,-4.13404,1.08776,-2.86915,2.54833,-0.448826,1.46736,-0.458932,0.0763634,-0.309255,-0.0236384,2.8463,1.02981,-0.413977,-0.0503757,0.0408033,0.0368193,0.015,0.09,True,False
1.18,-0.123865,-0.267675,1.33528,-0.0768126,0.264863,22.1204,-0.489084,0.181936,5.46277,0.999765,0.0661043,-26.2365,-0.510681,-0.24804,4.02093,0.0768126,-0.264863,1.21554,0.123865,0.267675,-0.966059,-0.07479,0.320232,-2.74112,-0.632009,1.35854,-4.84904,1.07372,-2.72878,2.67468,-0.441715,1.37023,-0.52216,0.07479,-0.320232,-0.0240815,2.92307,1.09018,-0.431043,-0.0544261,0.0412654,0.0362966,0.015,0.09,True,False
1.185,-0.125131,-0.23887,0.956948,-0.0754649,0.274421,22.0968,-0.488148,0.192408,6.19651,1.0001,0.0660843,-26.0562,-0.511947,-0.258492,4.16017,0.0754649,-0.274421,1.22214,0.125131,0.23887,-0.891291,-0.073161,0.33149,-2.71178,-0.625345,1.29912,-5.5418,1.06047,-2.5588,2.78289,-0.435124,1.25968,-0.581344,0.073161,-0.33149,-0.0245014,2.99851,1.15397,-0.448177,-0.057963,0.0417391,0.03575,0.015,0.09,True,False
1.19,-0.126254,-0.21054,0.581673,-0.0740683,0.284381,22.0394,-0.48716,0.202759,6.88491,1.00043,0.0659087,-25.8733,-0.513266,-0.268668,4.299,0.0740683,-0.284381,1.22502,0.126254,0.21054,-0.816107,-0.0714751,0.343015,-2.67216,-0.619018,1.22448,-6.19437,1.04814,-2.36128,2.87001,-0.429118,1.1368,-0.634756,0.0714751,-0.343015,-0.0248991,3.07104,1.22029,-0.46532,-0.0609362,0.0422259,0.0351793,0.015,0.09,True,False
1.195,-0.127236,-0.182913,0.218801,-0.072621,0.294732,21.9488,-0.486121,0.212955,7.50706,1.00075,0.0655605,-25.694,-0.514634,-0.278516,4.43428,0.072621,-0.294732,1.2236,0.127236,0.182913,-0.742046,-0.0697309,0.354794,-2.62252,-0.6131,1.13605,-6.78701,1.03686,-2.13913,2.93293,-0.423756,1.00308,-0.680479,0.0697309,-0.354794,-0.0252754,3.13862,1.28803,-0.482414,-0.0633042,0.0427272,0.0345845,0.015,0.09,True,False
1.2,-0.128083,-0.156229,-0.12196,-0.071121,0.305454,21.8256,-0.485031,0.222968,8.04062,1.00108,0.0650219,-25.5254,-0.516051,-0.28799,4.5622,0.071121,-0.305454,1.21709,0.128083,0.156229,-0.670457,-0.0679272,0.366814,-2.563,-0.607657,1.03572,-7.29869,1.02674,-1.89624,2.96834,-0.419087,0.860522,-0.716452,0.0679272,-0.366814,-0.0256312,3.19873,1.35591,-0.4994,-0.0650363,0.0432443,0.0339654,0.015,0.09,True,False
1.205,-0.128798,-0.130736,-0.430935,-0.0695665,0.31652,21.6704,-0.483891,0.232775,8.46243,1.00141,0.0642737,-25.3754,-0.517514,-0.297049,4.67831,0.0695665,-0.31652,1.20447,0.128798,0.130736,-0.602413,-0.0660628,0.37906,-2.49362,-0.602743,0.925895,-7.70769,1.01789,-1.63747,2.9728,-0.41515,0.711575,-0.740527,0.0660628,-0.37906,-0.0259667,3.24838,1.4225,-0.51622,-0.066113,0.0437782,0.0333219,0.015,0.09,True,False
1.21,-0.12939,-0.106692,-0.69893,-0.0679558,0.327895,21.4833,-0.482703,0.242364,8.74935,1.00172,0.063296,-25.252,-0.519021,-0.30566,4.7775,0.0679558,-0.327895,1.18456,0.12939,0.106692,-0.538628,-0.0641366,0.39152,-2.41417,-0.598398,0.809513,-7.99233,1.01037,-1.36873,2.94272,-0.411971,0.559214,-0.750536,0.0641366,-0.39152,-0.0262805,3.28412,1.48612,-0.532817,-0.0665267,0.04433,0.0326541,0.015,0.09,True,False
1.215,-0.129865,-0.0843652,-0.917732,-0.0662876,0.339539,21.2636,-0.481467,0.251728,8.87902,1.00204,0.0620682,-25.1631,-0.520571,-0.313796,4.85384,0.0662876,-0.339539,1.15645,0.129865,0.0843652,-0.479382,-0.0621476,0.40418,-2.32425,-0.594648,0.689998,-8.13179,1.00421,-1.0969,2.87442,-0.409558,0.406905,-0.744363,0.0621476,-0.40418,-0.0265679,3.30227,1.54454,-0.549139,-0.0662816,0.0449004,0.0319618,0.015,0.09,True,False
1.22,-0.130234,-0.0640328,-1.08061,-0.0645604,0.351404,21.0104,-0.480186,0.260868,8.8305,1.00235,0.0605693,-25.1169,-0.522159,-0.321437,4.90002,0.0645604,-0.351404,1.12032,0.130234,0.0640328,-0.424467,-0.0600948,0.417023,-2.22321,-0.591498,0.571249,-8.10683,0.9994,-0.829837,2.76413,-0.407902,0.258589,-0.720018,0.0600948,-0.417023,-0.0268194,3.29921,1.59405,-0.565132,-0.0653941,0.0454897,0.0312451,0.015,0.09,True,False
1.225,-0.130506,-0.0459825,-1.18279,-0.0627735,0.363436,20.7223,-0.478859,0.269793,8.58458,1.00264,0.0587777,-25.1218,-0.523785,-0.32857,4.90621,0.0627735,-0.363436,1.07934,0.130506,0.0459825,-0.373157,-0.0579773,0.430028,-2.11013,-0.588935,0.457586,-7.90033,0.995908,-0.576223,2.608,-0.406972,0.118637,-0.675686,0.0579773,-0.430028,-0.0270165,3.27218,1.62762,-0.580749,-0.0638935,0.0460981,0.0305039,0.015,0.09,True,False
1.23,-0.130694,-0.0305114,-1.22203,-0.0609261,0.375567,20.3982,-0.477488,0.278522,8.1235,1.00293,0.0566708,-25.1881,-0.525445,-0.335192,4.85786,0.0609261,-0.375567,1.04317,0.130694,0.0305114,-0.324195,-0.0557945,0.443162,-1.98386,-0.586922,0.353701,-7.49753,0.993638,-0.345504,2.40211,-0.406716,-0.00819755,-0.60976,0.0557945,-0.443162,-0.0271254,3.22052,1.63133,-0.595941,-0.0618249,0.0467254,0.0297382,0.015,0.09,True,False
1.235,-0.130811,-0.0179262,-1.19911,-0.0590178,0.387717,20.0392,-0.476074,0.287087,7.42993,1.00321,0.0542235,-25.3301,-0.527137,-0.34131,4.73184,0.0590178,-0.387717,1.03427,0.130811,0.0179262,-0.275795,-0.0535457,0.456371,-1.843,-0.585398,0.2646,-6.88595,0.992453,-0.147761,2.1424,-0.407054,-0.116839,-0.520843,0.0535457,-0.456371,-0.0270876,3.14828,1.57807,-0.610659,-0.0592566,0.0473711,0.028948,0.015,0.09,True,False
1.24,-0.130873,-0.00854363,-1.1186,-0.0570489,0.399774,19.6511,-0.474617,0.295543,6.48508,1.00348,0.0514055,-25.5699,-0.528858,-0.346949,4.49125,0.0570489,-0.399774,1.0992,0.130873,0.00854363,-0.225636,-0.0512308,0.469567,-1.68582,-0.584276,0.195571,-6.05479,0.99216,0.00636785,1.82459,-0.407884,-0.201939,-0.407715,0.0512308,-0.469567,-0.0268016,3.06936,1.41701,-0.624851,-0.0562959,0.0480342,0.0281335,0.015,0.09,True,False
1.245,-0.130896,-0.00269003,-0.991578,-0.0550201,0.411572,19.2746,-0.473118,0.303984,5.34831,1.00372,0.0481756,-25.8828,-0.530606,-0.35216,4.16983,0.0550201,-0.411572,1.34981,0.130896,0.00269003,-0.173205,-0.04885,0.482597,-1.51678,-0.583443,0.152175,-5.05435,0.992516,0.105745,1.46516,-0.409074,-0.25792,-0.276806,0.04885,-0.482597,-0.0260828,3.0798,1.08583,-0.638456,-0.0531159,0.0487137,0.0272949,0.015,0.09,True,False
1.25,-0.1309,-0.000343439,-0.788195,-0.0529332,0.422859,15.8874,-0.471577,0.312472,2.93414,1.00396,0.0444851,-25.5906,-0.53238,-0.356957,2.83092,0.0529332,-0.422859,-0.190109,0.1309,0.000343439,-0.0820417,-0.0464048,0.49519,-0.347002,-0.582755,0.136991,-3.2592,0.993218,0.145451,-0.0754221,-0.410463,-0.282442,0.00304073,0.0464048,-0.49519,0.0107272,1.31187,1.51633,-0.651313,-0.0499149,0.0494081,0.0264329,0.015,0.09,True,True
1.255,-0.1309,0,-0.637941,-0.0507915,0.433315,14.0845,-0.469993,0.320753,1.78946,1.00417,0.0403196,-24.9471,-0.534176,-0.361072,2.69447,0.0507915,-0.433315,-0.297457,0.1309,2.77556e-15,-0.0272037,-0.0438981,0.50691,0.261802,-0.582073,0.138717,-2.32543,0.993971,0.149126,-1.02782,-0.411898,-0.287843,0.162837,0.0438981,-0.50691,0.0238043,1.16572,1.52635,-0.662929,-0.0466552,0.0501159,0.0255485,0.0197063,0.0811316,True,True
1.26,-0.1309,-2.77556e-15,-0.506658,-0.0486,0.442652,11.8787,-0.46837,0.328496,0.776919,1.00436,0.0356976,-23.8709,-0.53599,-0.364194,2.65166,0.0486,-0.442652,-0.482382,0.1309,0,0.0176033,-0.0413357,0.517356,0.892336,-0.581367,0.143323,-1.5045,0.994709,0.145873,-2.19557,-0.413342,-0.289196,0.35051,0.0413357,-0.517356,0.0242242,1.01284,1.63665,-0.672791,-0.0432349,0.0508351,0.0246439,0.0244126,0.0722632,True,True
1.265,-0.1309,0,-0.393852,-0.046365,0.45068,9.68214,-0.466708,0.33564,-0.182975,1.00453,0.0306432,-22.6648,-0.537818,-0.366284,2.53963,0.046365,-0.45068,-0.629134,0.1309,-2.77556e-15,0.0510562,-0.0387246,0.526326,1.36571,-0.580639,0.14783,-0.710918,0.99543,0.141963,-3.48017,-0.41479,-0.289792,0.554769,0.0387246,-0.526326,0.00602972,0.851532,1.6862,-0.680728,-0.0397498,0.0515642,0.0237215,0.0291189,0.0633947,True,True
1.27,-0.1309,0,-0.295622,-0.0440932,0.457307,7.64535,-0.465013,0.342194,-1.06739,1.00467,0.025196,-21.3999,-0.539653,-0.36739,2.36679,0.0440932,-0.457307,-0.728682,0.1309,0,0.0707432,-0.0360724,0.533739,1.62114,-0.579889,0.152256,0.0470921,0.996129,0.13746,-4.83234,-0.41624,-0.289715,0.760012,0.0360724,-0.533739,-0.0306424,0.692509,1.67267,-0.686721,-0.0363142,0.0523014,0.0227842,0.0338252,0.0545263,True,True
1.275,-0.1309,0,-0.209132,-0.0417919,0.462495,5.81282,-0.463287,0.348156,-1.84869,1.00478,0.0194097,-20.0805,-0.541492,-0.367565,2.16732,0.0417919,-0.462495,-0.794079,0.1309,0,0.0754646,-0.0333872,0.539563,1.64311,-0.579117,0.156597,0.75304,0.996804,0.132436,-6.22788,-0.417687,-0.289033,0.960722,0.0333872,-0.539563,-0.0855139,0.544075,1.62192,-0.690792,-0.0330051,0.053045,0.021835,0.0385315,0.0456579,True,True
1.28,-0.1309,0,-0.132615,-0.0394683,0.466235,4.1983,-0.461532,0.353513,-2.51675,1.00486,0.0133457,-18.7072,-0.543329,-0.366859,1.96036,0.0394683,-0.466235,-0.833839,0.1309,0,0.0653781,-0.0306768,0.543795,1.43009,-0.578323,0.160835,1.40168,0.997453,0.126962,-7.65455,-0.41913,-0.287797,1.15611,0.0306768,-0.543795,-0.158333,0.410008,1.54928,-0.692982,-0.0298749,0.0537935,0.0208768,0.0432378,0.0367895,True,True
1.285,-0.1309,0,-0.0651117,-0.0371296,0.468528,2.80226,-0.459751,0.358245,-3.06952,1.00491,0.00706948,-17.2788,-0.54516,-0.365314,1.75559,0.0371296,-0.468528,-0.85299,0.1309,0,0.0410204,-0.0279492,0.546439,0.984859,-0.577509,0.164943,1.99291,0.998074,0.12111,-9.10698,-0.420565,-0.286052,1.34768,0.0279492,-0.546439,-0.249106,0.291702,1.46303,-0.693331,-0.0269621,0.0545454,0.0199126,0.0479441,0.027921,True,True
1.29,-0.1309,0,-0.00615671,-0.034783,0.469381,1.62068,-0.457949,0.362321,-3.50812,1.00493,0.000648254,-15.7931,-0.546982,-0.362969,1.55717,0.034783,-0.469381,-0.854182,0.1309,0,0.0028541,-0.0252124,0.547502,0.310027,-0.576674,0.168885,2.52868,0.998664,0.114949,-10.5838,-0.421991,-0.283833,1.53784,0.0252124,-0.547502,-0.358131,0.189414,1.36709,-0.69188,-0.0242972,0.0552991,0.0189455,0.0526504,0.0190526,True,True
1.295,-0.1309,0,0.0444242,-0.0324358,0.468798,0.649233,-0.456128,0.365708,-3.83434,1.00492,-0.00584981,-14.2473,-0.54879,-0.359858,1.3661,0.0324358,-0.468798,-0.838442,0.1309,0,-0.0488974,-0.0224742,0.546989,-0.593731,-0.57582,0.172623,3.01131,0.999223,0.108547,-12.0859,-0.423404,-0.28117,1.72894,0.0224742,-0.546989,-0.485919,0.102928,1.26266,-0.688661,-0.0219066,0.0560531,0.0179783,0.0573567,0.0101842,True,True
1.3,-0.1309,0,0.0866459,-0.030095,0.466782,-0.114733,-0.454292,0.368367,-4.04958,1.00487,-0.0123564,-12.6387,-0.550581,-0.35601,1.18157,0.030095,-0.466782,-0.805673,0.1309,0,-0.114249,-0.0197425,0.544899,-1.72796,-0.574948,0.176119,3.44262,0.99975,0.10197,-13.6155,-0.424802,-0.278089,1.92252,0.0197425,-0.544899,-0.633024,0.0318932,1.1493,-0.683701,-0.0198155,0.056806,0.017014,0.062063,0.00131578,True,True
1.305,-0.1309,0,0.120454,-0.0277679,0.463328,-0.671621,-0.452445,0.370258,-4.15447,1.00479,-0.0188037,-10.9654,-0.55235,-0.351454,1.00175,0.0277679,-0.463328,-0.754999,0.1309,0,-0.193317,-0.0170252,0.541228,-3.0957,-0.574059,0.17933,3.82338,1.00024,0.0952841,-15.1755,-0.426184,-0.274614,2.11825,0.0170252,-0.541228,-0.79975,-0.0240077,1.02548,-0.677022,-0.0180507,0.0575562,0.0160555,0.0667693,-0.00755265,True,True
1.31,-0.1309,0,0.145792,-0.0254617,0.458428,-1.01979,-0.450589,0.371343,-4.14906,1.00468,-0.0251248,-9.22756,-0.554095,-0.346219,0.824384,0.0254617,-0.458428,-0.685116,0.1309,0,-0.28598,-0.0143303,0.535966,-4.69962,-0.573154,0.182221,4.15278,1.0007,0.0885545,-16.7691,-0.427548,-0.270775,2.31226,0.0143303,-0.535966,-0.985584,-0.0649928,0.889185,-0.668643,-0.0166423,0.0583023,0.0151058,0.0714756,-0.0164211,True,True
1.315,-0.1309,-2.77556e-15,0.162648,-0.0231837,0.45207,-1.1568,-0.448731,0.371592,-4.03358,1.00454,-0.0312553,-7.42987,-0.555812,-0.340337,0.647578,0.0231837,-0.45207,-0.594812,0.1309,0,-0.391179,-0.0116656,0.529104,-6.538,-0.572236,0.184759,4.42777,1.00113,0.081847,-18.399,-0.428892,-0.266606,2.49417,0.0116656,-0.529104,-1.18819,-0.0911738,0.738626,-0.658586,-0.0156286,0.0590426,0.0141679,0.0761819,-0.0252895,True,True
1.32,-0.1309,2.77556e-15,0.171066,-0.020941,0.444244,-1.08249,-0.446874,0.37099,-3.8103,1.00437,-0.0371349,-5.58579,-0.557499,-0.333855,0.470958,0.020941,-0.444244,-0.483929,0.1309,0,-0.505569,-0.00903922,0.520632,-8.59697,-0.571307,0.186926,4.64218,1.00152,0.0752298,-20.0661,-0.430214,-0.262156,2.6422,0.00903922,-0.520632,-1.4016,-0.102627,0.573511,-0.646885,-0.0150601,0.0597758,0.0132447,0.0808882,-0.0341579,True,True
1.325,-0.1309,2.77556e-15,0.171104,-0.0187412,0.434939,-0.805251,-0.445021,0.369554,-3.48717,1.00417,-0.0427113,-3.7253,-0.559151,-0.326843,0.297674,0.0187412,-0.434939,-0.355096,0.1309,0,-0.621072,-0.00645925,0.510555,-10.836,-0.570367,0.188728,4.78554,1.00188,0.0687754,-21.7668,-0.431514,-0.257504,2.71514,0.00645925,-0.510555,-1.61309,-0.0996131,0.397249,-0.633598,-0.0150084,0.0605004,0.0123394,0.0855945,-0.0430263,True,True
1.33,-0.1309,-2.77556e-15,0.162753,-0.0165916,0.424164,-0.354111,-0.443178,0.36736,-3.08481,1.00395,-0.047946,-1.9083,-0.560767,-0.319414,0.13733,0.0165916,-0.424164,-0.216574,0.1309,0,-0.721002,-0.00393367,0.498904,-13.162,-0.569419,0.190212,4.84206,1.00221,0.0625637,-23.4871,-0.432789,-0.252776,2.64145,0.00393367,-0.498904,-1.7984,-0.0831095,0.220426,-0.618841,-0.015578,0.061215,0.0114548,0.0903008,-0.0518948,True,True
1.335,-0.1309,0,0.155161,-0.0144996,0.411962,0.213989,-0.441348,0.36458,-2.72141,1.00369,-0.0528243,-0.235359,-0.562345,-0.311756,0.00678543,0.0144996,-0.411962,-0.0885139,0.1309,0,-0.779705,-0.00147021,0.485768,-15.4066,-0.568465,0.191493,4.89487,1.00251,0.056686,-25.104,-0.434042,-0.248179,2.41194,0.00147021,-0.485768,-1.9381,-0.0588212,0.065606,-0.602828,-0.0169214,0.0619187,0.0105941,0.0950071,-0.0607632,True,True
1.34,-0.1309,0.000686877,0.184569,-0.012472,0.398768,0.977812,-0.439532,0.357856,-2.74773,1.00342,-0.0511094,1.47715,-0.563885,-0.306747,-0.121305,0.012472,-0.398768,0.0271211,0.1309,-0.000686877,-0.782792,0.000924011,0.471361,-17.8972,-0.567504,0.192709,5.43463,1.00278,0.0512269,-26.4362,-0.435271,-0.243936,2.34423,-0.000924011,-0.471361,-2.48774,-0.0419199,-0.0793783,-0.588744,-0.0216027,0.062611,0.00976001,0.0997133,-0.0696316,False,True
1.345,-0.130893,0.00538006,0.323533,-0.0105119,0.38638,1.2906,-0.437769,0.330385,-3.89053,1.00318,-0.0136155,1.70284,-0.565413,-0.31677,-0.217577,0.0105119,-0.38638,0.0261856,0.130893,-0.00538006,-0.731699,0.0032434,0.456109,-18.1652,-0.566538,0.193827,6.8437,1.00302,0.0462031,-25.7244,-0.436481,-0.24003,3.03763,-0.0032434,-0.456109,-1.76418,-0.0908888,-0.12668,-0.59024,-0.0407182,0.0632919,0.00895507,0.0997133,-0.0696316,False,True
1.35,-0.130846,0.0170873,0.492043,-0.00860823,0.376584,1.67526,-0.436228,0.268337,-5.27782,1.00328,0.0833483,1.96913,-0.567052,-0.351686,-0.332451,0.00860823,-0.376584,0.023694,0.130846,-0.0170873,-0.663816,0.0054851,0.440459,-18.6353,-0.565566,0.194875,8.53687,1.00324,0.0416245,-24.9058,-0.437672,-0.236499,3.78641,-0.0054851,-0.440459,-1.53242,-0.150209,-0.182233,-0.618445,-0.0828569,0.0639627,0.00818109,0.0997133,-0.0696316,False,True
1.355,-0.130722,0.0358524,0.646396,-0.00674608,0.369778,2.04771,-0.435086,0.174406,-6.49224,1.00402,0.234785,2.19388,-0.568929,-0.409191,-0.430242,0.00674608,-0.369778,0.0206765,0.130722,-0.0358524,-0.598948,0.00764799,0.424675,-19.1232,-0.564589,0.196103,9.97093,1.00343,0.0375418,-24.3019,-0.438846,-0.233645,4.23516,-0.00764799,-0.424675,-1.488,-0.201239,-0.228996,-0.671345,-0.145437,0.0646253,0.00743942,0.0997133,-0.0696316,False,True
1.36,-0.130487,0.0610227,0.78158,-0.00491045,0.36594,2.39351,-0.434484,0.0547574,-7.46446,1.00563,0.429487,2.36574,-0.571144,-0.484244,-0.50483,0.00491045,-0.36594,0.0174857,0.130487,-0.0610227,-0.560184,0.00973185,0.408906,-19.5863,-0.563605,0.19771,11.084,1.00361,0.0339801,-23.8995,-0.440008,-0.23169,4.44545,-0.00973185,-0.408906,-1.51094,-0.240685,-0.264141,-0.743889,-0.22344,0.0652816,0.00673114,0.0997133,-0.0696316,False,True
1.365,-0.130112,0.0919651,0.901062,-0.00308667,0.364974,2.71474,-0.434538,-0.0848616,-8.20695,1.00831,0.656795,2.48933,-0.573772,-0.571934,-0.557103,0.00308667,-0.364974,0.0142563,0.130112,-0.0919651,-0.563051,0.011737,0.393248,-20.0224,-0.562612,0.199806,11.9143,1.00377,0.0309337,-23.6369,-0.441163,-0.230739,4.524,-0.011737,-0.393248,-1.55777,-0.268922,-0.288179,-0.831105,-0.31203,0.0659335,0.00605713,0.0997133,-0.0696316,False,True
1.37,-0.129568,0.128066,1.00784,-0.00126071,0.366729,3.01318,-0.435333,-0.239092,-8.73387,1.0122,0.906632,2.56896,-0.576863,-0.66754,-0.588212,0.00126071,-0.366729,0.0110952,0.129568,-0.128066,-0.614966,0.0136643,0.377766,-20.4335,-0.561607,0.202449,12.4907,1.00392,0.0283805,-23.4779,-0.442315,-0.230829,4.5315,-0.0136643,-0.377766,-1.60827,-0.286476,-0.301736,-0.928174,-0.406604,0.0665826,0.00541812,0.0997133,-0.0696316,False,True
1.375,-0.128831,0.16873,1.10447,0.000580613,0.371009,3.29018,-0.436929,-0.40297,-9.06142,1.01738,1.16958,2.60876,-0.580447,-0.766609,-0.599581,-0.000580613,-0.371009,0.00809253,0.128831,-0.16873,-0.71775,0.0155147,0.362509,-20.8222,-0.560588,0.205668,12.8372,1.00406,0.0262892,-23.4014,-0.443471,-0.231957,4.5009,-0.0155147,-0.362509,-1.65423,-0.294019,-0.305562,-1.03051,-0.502852,0.0672302,0.00481471,0.0997133,-0.0696316,False,True
1.38,-0.12788,0.213384,1.19306,0.00244938,0.377579,3.54654,-0.439363,-0.571961,-9.20785,1.02389,1.43698,2.61275,-0.58453,-0.865019,-0.592889,-0.00244938,-0.377579,0.00532738,0.12788,-0.213384,-0.8694,0.0172894,0.347514,-21.1905,-0.55955,0.209475,12.976,1.00419,0.0246239,-23.3935,-0.444635,-0.234099,4.44961,-0.0172894,-0.347514,-1.6933,-0.292356,-0.300531,-1.13383,-0.596829,0.0678773,0.0042474,0.0997133,-0.0696316,False,True
1.385,-0.126697,0.261472,1.27529,0.00435641,0.386172,3.78246,-0.442649,-0.741993,-9.19308,1.03175,1.70104,2.58486,-0.589097,-0.959045,-0.570033,-0.00435641,-0.386172,0.0028713,0.126697,-0.261472,-1.06527,0.0189898,0.332808,-21.5389,-0.558493,0.213869,12.9293,1.0043,0.0233459,-23.4441,-0.445812,-0.237215,4.38665,-0.0189898,-0.332808,-1.72558,-0.282405,-0.287623,-1.23423,-0.685009,0.0685243,0.00371656,0.0997133,-0.0696316,False,True
1.39,-0.125266,0.312458,1.35239,0.0063111,0.396489,3.99755,-0.446783,-0.909491,-9.03819,1.0409,1.9549,2.52888,-0.59412,-1.04541,-0.533072,-0.0063111,-0.396489,0.000789895,0.125266,-0.312458,-1.29892,0.0206175,0.318415,-21.866,-0.557412,0.218843,12.7192,1.00442,0.0224151,-23.5448,-0.447007,-0.241258,4.31673,-0.0206175,-0.318415,-1.75192,-0.265169,-0.267896,-1.32823,-0.764333,0.0691717,0.0032225,0.0997133,-0.0696316,False,True
1.395,-0.123573,0.365826,1.42514,0.00832129,0.408202,4.19085,-0.451744,-1.0714,-8.76467,1.0513,2.19272,2.44849,-0.599552,-1.12132,-0.48416,-0.00832129,-0.408202,-0.000856383,0.123573,-0.365826,-1.56282,0.022174,0.304347,-22.1691,-0.556304,0.224382,12.3679,1.00453,0.0217911,-23.6873,-0.448225,-0.246173,4.24242,-0.022174,-0.304347,-1.77312,-0.241697,-0.242451,-1.4128,-0.832244,0.0698194,0.00276542,0.0997133,-0.0696316,False,True
1.4,-0.121607,0.421079,1.4939,0.0103931,0.420963,4.36099,-0.457497,-1.22516,-8.39366,1.06283,2.40964,2.34722,-0.605333,-1.18448,-0.425469,-0.0103931,-0.420963,-0.00201223,0.121607,-0.421079,-1.84881,0.023661,0.290612,-22.4439,-0.555168,0.230463,11.8969,1.00464,0.0214331,-23.8639,-0.449469,-0.251896,4.16526,-0.023661,-0.290612,-1.78969,-0.213053,-0.212399,-1.48541,-0.8867,0.0704671,0.00234546,0.0997133,-0.0696316,False,True
1.405,-0.119362,0.47774,1.55866,0.0125309,0.434398,4.50625,-0.463995,-1.36874,-7.94525,1.07539,2.60182,2.2284,-0.611396,-1.23308,-0.359125,-0.0125309,-0.434398,-0.00262787,0.119362,-0.47774,-2.14865,0.0250801,0.277209,-22.6856,-0.554,0.237059,11.327,1.00474,0.0213009,-24.0673,-0.450744,-0.25836,4.08627,-0.0250801,-0.277209,-1.80182,-0.180278,-0.178826,-1.54399,-0.926166,0.0711143,0.00196265,0.0997133,-0.0696316,False,True
1.41,-0.11683,0.53535,1.61903,0.0147371,0.448117,4.62479,-0.471184,-1.50056,-7.43793,1.08885,2.76635,2.09516,-0.617664,-1.26579,-0.287151,-0.0147371,-0.448117,-0.00265991,0.11683,-0.53535,-2.45428,0.0264331,0.26413,-22.889,-0.552797,0.244136,10.6772,1.00485,0.0213553,-24.2907,-0.452052,-0.265491,4.00615,-0.0264331,-0.26413,-1.80947,-0.144365,-0.142763,-1.58694,-0.949597,0.0717603,0.00161696,0.0997133,-0.0696316,False,True
1.415,-0.114008,0.593472,1.67433,0.0170121,0.461716,4.71476,-0.479001,-1.61944,-6.88815,1.10305,2.90119,1.95039,-0.624054,-1.28175,-0.211427,-0.0170121,-0.461716,-0.00207233,0.114008,-0.593472,-2.75816,0.0277214,0.251361,-23.0492,-0.551558,0.251652,9.96498,1.00496,0.0215581,-24.5281,-0.453398,-0.27321,3.9254,-0.0277214,-0.251361,-1.8125,-0.106238,-0.105166,-1.6131,-0.956402,0.0724045,0.00130826,0.0997133,-0.0696316,False,True
1.42,-0.110895,0.651687,1.72365,0.0193543,0.474781,4.77445,-0.487378,-1.72461,-6.3101,1.11786,3.00508,1.79679,-0.630481,-1.28047,-0.133658,-0.0193543,-0.474781,-0.000837794,0.110895,-0.651687,-3.05338,0.0289467,0.238884,-23.1615,-0.550281,0.259564,9.20544,1.00507,0.021873,-24.7742,-0.454785,-0.281437,3.84434,-0.0289467,-0.238884,-1.81076,-0.0667371,-0.0669019,-1.62169,-0.946403,0.0730459,0.00103635,0.0997133,-0.0696316,False,True
1.425,-0.107491,0.709594,1.7659,0.0217599,0.486892,4.80247,-0.496247,-1.81556,-5.71566,1.13311,3.07741,1.63683,-0.636859,-1.26186,-0.0553692,-0.0217599,-0.486892,0.0010609,0.107491,-0.709594,-3.33387,0.0301103,0.226672,-23.2221,-0.548963,0.267822,8.41184,1.00518,0.0222658,-25.0249,-0.456213,-0.290088,3.76315,-0.0301103,-0.226672,-1.80413,-0.0266167,-0.0287423,-1.61232,-0.919788,0.0736835,0.00080094,0.0997133,-0.0696316,False,True
1.43,-0.103799,0.766815,1.7999,0.0242232,0.49763,4.7978,-0.505534,-1.89205,-5.11447,1.14863,3.11817,1.47278,-0.6431,-1.22612,0.0221017,-0.0242232,-0.49763,0.0036294,0.103799,-0.766815,-3.59438,0.0312134,0.214699,-23.2282,-0.547603,0.276373,7.59538,1.00529,0.0227043,-25.2764,-0.457685,-0.299077,3.68197,-0.0312134,-0.214699,-1.7926,0.0134572,0.00863929,-1.58489,-0.87706,0.0743164,0.000601651,0.0997133,-0.0696316,False,True
1.435,-0.0998233,0.822989,1.82444,0.0267362,0.506585,4.75991,-0.515167,-1.95405,-4.5141,1.16429,3.1278,1.30675,-0.64912,-1.17375,0.0975918,-0.0267362,-0.506585,0.0068603,0.0998233,-0.822989,-3.8305,0.0322572,0.202932,-23.1779,-0.546199,0.285162,6.76551,1.0054,0.023159,-25.5262,-0.459204,-0.308321,3.60089,-0.0322572,-0.202932,-1.77621,0.0529007,0.0446632,-1.53958,-0.818987,0.0749436,0.000438018,0.0997133,-0.0696316,False,True
1.44,-0.0955695,0.877774,1.83832,0.029289,0.513359,4.68881,-0.525074,-2.00165,-3.92033,1.17991,3.10712,1.14066,-0.654837,-1.10546,0.170102,-0.029289,-0.513359,0.0107318,0.0955695,-0.877774,-4.03867,0.0332427,0.191339,-23.0702,-0.544751,0.294133,5.93014,1.00552,0.023603,-25.772,-0.460769,-0.317736,3.52003,-0.0332427,-0.191339,-1.75512,0.0912053,0.078838,-1.47682,-0.746559,0.0755641,0.000309489,0.0997133,-0.0696316,False,True
1.445,-0.0910456,0.93085,1.84047,0.0318698,0.517578,4.58508,-0.535184,-2.03507,-3.3374,1.19536,3.05726,0.976316,-0.660175,-1.02219,0.238782,-0.0318698,-0.517578,0.0152067,0.0910456,-0.93085,-4.21609,0.0341706,0.179885,-22.9053,-0.543258,0.303225,5.09588,1.00564,0.0240121,-26.0121,-0.462381,-0.327237,3.4396,-0.0341706,-0.179885,-1.72954,0.12793,0.110754,-1.39724,-0.660946,0.0761768,0.000215427,0.0997133,-0.0696316,False,True
1.45,-0.086261,0.981914,1.82992,0.0344648,0.518895,4.44984,-0.545425,-2.05457,-2.76836,1.21048,2.97958,0.815393,-0.665059,-0.92501,0.302913,-0.0344648,-0.518895,0.0202315,0.086261,-0.981914,-4.36066,0.0350416,0.168537,-22.6844,-0.541719,0.312379,4.26832,1.00576,0.0243648,-26.2452,-0.464041,-0.336744,3.35988,-0.0350416,-0.168537,-1.69973,0.162691,0.140074,-1.30167,-0.563455,0.0767809,0.00015511,0.0997133,-0.0696316,False,True
1.455,-0.0812264,1.03068,1.80591,0.0370587,0.517006,4.28478,-0.55573,-2.06048,-2.21531,1.22515,2.87562,0.659458,-0.669425,-0.815141,0.361895,-0.0370587,-0.517006,0.0257363,0.0812264,-1.03068,-4.47095,0.035856,0.157262,-22.4096,-0.540134,0.321536,3.45227,1.00588,0.0246426,-26.4704,-0.465748,-0.346178,3.28123,-0.035856,-0.157262,-1.666,0.195158,0.166531,-1.19107,-0.455498,0.0773754,0.000127739,0.0997133,-0.0696316,False,True
1.46,-0.0759541,1.0769,1.76791,0.0396349,0.511648,4.09206,-0.56603,-2.05314,-1.6797,1.23924,2.74705,0.509983,-0.673211,-0.693911,0.415234,-0.0396349,-0.511648,0.0316347,0.0759541,-1.0769,-4.54604,0.0366142,0.146026,-22.0837,-0.538503,0.330634,2.65196,1.00601,0.0248294,-26.6867,-0.467503,-0.355463,3.20407,-0.0366142,-0.146026,-1.62873,0.225045,0.189917,-1.06655,-0.338563,0.0779594,0.000132437,0.0997133,-0.0696316,False,True
1.465,-0.0704575,1.12031,1.7156,0.0421752,0.502615,3.87428,-0.576261,-2.03289,-1.16259,1.25262,2.59562,0.36835,-0.676364,-0.562731,0.462533,-0.0421752,-0.502615,0.0378252,0.0704575,-1.12031,-4.58556,0.0373163,0.134801,-21.7106,-0.536828,0.339613,1.8712,1.00613,0.0249122,-26.8935,-0.469303,-0.364525,3.12891,-0.0373163,-0.134801,-1.5883,0.252106,0.210083,-0.929361,-0.214181,0.0785321,0.000168258,0.0997133,-0.0696316,False,True
1.47,-0.0647511,1.1607,1.64892,0.044661,0.489763,3.63441,-0.586359,-2.0001,-0.664817,1.2652,2.42317,0.235859,-0.678838,-0.423076,0.503487,-0.044661,-0.489763,0.0441926,0.0647511,-1.1607,-4.58951,0.0379622,0.123559,-21.2946,-0.535107,0.348413,1.11355,1.00626,0.0248805,-27.0903,-0.471148,-0.373294,3.05634,-0.0379622,-0.123559,-1.54514,0.276132,0.226932,-0.780841,-0.0839079,0.0790928,0.000234198,0.0997133,-0.0696316,False,True
1.475,-0.0588505,1.19785,1.56805,0.0470729,0.473014,3.37568,-0.596262,-1.95511,-0.187222,1.27686,2.23158,0.113728,-0.680595,-0.276464,0.537873,-0.0470729,-0.473014,0.05061,0.0588505,-1.19785,-4.55832,0.0385518,0.112274,-20.8408,-0.533343,0.356976,0.382403,1.00638,0.0247263,-27.2767,-0.473036,-0.381703,2.987,-0.0385518,-0.112274,-1.49969,0.296952,0.240418,-0.62243,0.0507053,0.0796407,0.000329196,0.0997133,-0.0696316,False,True
1.48,-0.0527725,1.2316,1.47343,0.0493912,0.452363,3.10153,-0.60591,-1.89831,0.269237,1.28751,2.02275,0.00308943,-0.681603,-0.124436,0.565553,-0.0493912,-0.452363,0.0569422,0.0527725,-1.2316,-4.49267,0.0390849,0.100924,-20.3548,-0.531537,0.365244,-0.318938,1.0065,0.0244444,-27.4523,-0.474965,-0.389688,2.92156,-0.0390849,-0.100924,-1.45241,0.314428,0.250541,-0.455646,0.188129,0.0801752,0.000452148,0.0997133,-0.0696316,False,True
1.485,-0.0465346,1.26176,1.36569,0.0515965,0.42788,2.81548,-0.615245,-1.83006,0.703368,1.29708,1.79861,-0.095008,-0.681839,0.0314579,0.586466,-0.0515965,-0.42788,0.0630495,0.0465346,-1.26176,-4.39352,0.0395611,0.0894906,-19.8426,-0.529691,0.37316,-0.987215,1.00662,0.0240319,-27.6169,-0.476933,-0.397192,2.86073,-0.0395611,-0.0894906,-1.40379,0.328457,0.257347,-0.282074,0.326876,0.0806957,0.000601918,0.0997133,-0.0696316,False,True
1.49,-0.0401549,1.2882,1.24568,0.05367,0.399712,2.52109,-0.624211,-1.75078,1.11367,1.3055,1.5611,-0.17961,-0.681288,0.189682,0.600629,-0.05367,-0.399712,0.0687909,0.0401549,-1.2882,-4.26204,0.0399798,0.0779566,-19.3105,-0.527806,0.380669,-1.61921,1.00674,0.0234884,-27.7704,-0.478937,-0.404158,2.80517,-0.0399798,-0.0779566,-1.35434,0.338973,0.260923,-0.103349,0.465518,0.0812016,0.000777347,0.0997133,-0.0696316,False,True
1.495,-0.0336526,1.31078,1.1144,0.0555936,0.36808,2.22184,-0.632753,-1.6609,1.49831,1.3127,1.31217,-0.249861,-0.679942,0.348727,0.608131,-0.0555936,-0.36808,0.0740297,0.0336526,-1.31078,-4.09955,0.0403407,0.0663084,-18.7654,-0.525884,0.387721,-2.21172,1.00686,0.0228158,-27.9129,-0.480974,-0.410536,2.75555,-0.0403407,-0.0663084,-1.30458,0.345943,0.261393,0.0788603,0.602701,0.0816926,0.000977265,0.0997133,-0.0696316,False,True
1.5,-0.0270472,1.3294,0.973027,0.0573508,0.333279,1.92109,-0.64082,-1.56091,1.85507,1.31862,1.05378,-0.305016,-0.677801,0.507131,0.609132,-0.0573508,-0.333279,0.0786371,0.0270472,-1.3294,-3.90751,0.0406429,0.0545349,-18.2141,-0.523929,0.394264,-2.76162,1.00697,0.0220183,-28.0444,-0.483042,-0.416282,2.71251,-0.0406429,-0.0545349,-1.25506,0.349372,0.258915,0.262871,0.737162,0.0821682,0.0012005,0.0997133,-0.0696316,False,True
1.505,-0.0203586,1.34398,0.822827,0.0589264,0.29567,1.62201,-0.648362,-1.45137,2.18141,1.32323,0.78788,-0.344447,-0.674871,0.663488,0.603853,-0.0589264,-0.29567,0.082497,0.0203586,-1.34398,-3.68748,0.040886,0.0426271,-17.6636,-0.521942,0.400252,-3.26586,1.00708,0.0211021,-28.1652,-0.485137,-0.421354,2.67664,-0.040886,-0.0426271,-1.20632,0.349299,0.253673,0.447001,0.867733,0.0826281,0.00144591,0.0997133,-0.0696316,False,True
1.51,-0.0136074,1.35444,0.665183,0.0603075,0.25567,1.32755,-0.655333,-1.33289,2.47449,1.3265,0.51642,-0.367657,-0.671166,0.816466,0.592571,-0.0603075,-0.25567,0.0855104,0.0136074,-1.35444,-3.44113,0.0410692,0.030578,-17.1209,-0.519926,0.405643,-3.72155,1.00718,0.0200754,-28.2758,-0.487256,-0.425719,2.64846,-0.0410692,-0.030578,-1.15891,0.345796,0.245873,0.629596,0.993358,0.083072,0.00171237,0.0997133,-0.0696316,False,True
1.515,-0.00681419,1.36074,0.50155,0.0614831,0.213748,1.04039,-0.661691,-1.20617,2.73122,1.3284,0.241355,-0.374289,-0.666706,0.964817,0.57561,-0.0614831,-0.213748,0.0875985,0.00681419,-1.36074,-3.17016,0.0411918,0.0183822,-16.5932,-0.517885,0.410398,-4.12596,1.00728,0.0189481,-28.3766,-0.489394,-0.429346,2.62845,-0.0411918,-0.0183822,-1.11338,0.33897,0.235736,0.80904,1.11309,0.0834997,0.00199879,0.0997133,-0.0696316,False,True
1.52,-1.2253e-17,1.36284,0.333451,0.0624449,0.170409,0.762955,-0.667395,-1.07202,2.94837,1.32891,-0.0353664,-0.364136,-0.661518,1.10738,0.553329,-0.0624449,-0.170409,0.088706,-1.2253e-17,-1.36284,-2.87638,0.041253,0.00603522,-16.0874,-0.515822,0.414481,-4.47662,1.00737,0.0177318,-28.4682,-0.491549,-0.432213,2.617,-0.041253,-0.00603522,-1.07025,0.328952,0.223486,0.983778,1.2261,0.0839112,0.00230414,0.0997133,-0.0696316,False,True
1.525,0.00681419,1.36074,0.162459,0.0631872,0.126183,0.497377,-0.672411,-0.931312,3.12264,1.32804,-0.311796,-0.337152,-0.655632,1.24311,0.526109,-0.0631872,-0.126183,0.0888027,-0.00681419,-1.36074,-2.56163,0.0412521,-0.00646621,-15.6102,-0.51374,0.417863,-4.77137,1.00746,0.0164391,-28.5514,-0.493717,-0.434302,2.61441,-0.0412521,0.00646621,-1.03003,0.315901,0.209347,1.15234,1.33166,0.0843064,0.00262747,0.0997133,-0.0696316,False,True
1.53,0.0136074,1.35444,-0.009809,0.0637068,0.0816098,0.245531,-0.676708,-0.785039,3.25073,1.32579,-0.585991,-0.293457,-0.649087,1.37103,0.494345,-0.0637068,-0.0816098,0.087885,-0.0136074,-1.35444,-2.22784,0.0411884,-0.0191249,-15.1682,-0.511644,0.420519,-5.00841,1.00754,0.0150839,-28.6269,-0.495892,-0.435603,2.62086,-0.0411884,0.0191249,-0.993188,0.299996,0.193535,1.31333,1.42918,0.0846854,0.0029679,0.0997133,-0.0696316,False,True
1.535,0.0203586,1.34398,-0.181702,0.0640033,0.0372289,0.00903571,-0.680261,-0.634279,3.3295,1.32218,-0.85601,-0.233345,-0.641922,1.49029,0.45843,-0.0640033,-0.0372289,0.0859753,-0.0203586,-1.34398,-1.87696,0.0410609,-0.0319435,-14.7674,-0.509535,0.42243,-5.18631,1.00761,0.0136807,-28.6955,-0.498073,-0.43611,2.63642,-0.0410609,0.0319435,-0.960151,0.281428,0.176247,1.46547,1.51813,0.0850483,0.00332463,0.0997133,-0.0696316,False,True
1.54,0.0270472,1.3294,-0.351544,0.0640791,-0.00643728,-0.210721,-0.683051,-0.480206,3.35601,1.31723,-1.11992,-0.157283,-0.634184,1.60013,0.418744,-0.0640791,0.00643728,0.0831217,-0.0270472,-1.3294,-1.51102,0.0408689,-0.0449242,-14.4138,-0.507419,0.42358,-5.30411,1.00767,0.0122443,-28.7578,-0.500253,-0.435824,2.66104,-0.0408689,0.0449242,-0.931309,0.260402,0.157658,1.60761,1.5981,0.0853952,0.003697,0.0997133,-0.0696316,False,True
1.545,0.0336526,1.31078,-0.517649,0.0639389,-0.0488944,-0.41256,-0.685063,-0.324079,3.32765,1.31098,-1.37579,-0.0659151,-0.625921,1.69986,0.375645,-0.0639389,0.0488944,0.0793954,-0.0336526,-1.31078,-1.13211,0.0406116,-0.0580694,-14.1125,-0.505299,0.423961,-5.36129,1.00773,0.0107894,-28.8147,-0.502431,-0.434751,2.69458,-0.0406116,0.0580694,-0.907017,0.237124,0.137918,1.73867,1.66873,0.0857264,0.00408443,0.0997133,-0.0696316,False,True
1.55,0.0401549,1.2882,-0.678335,0.0635901,-0.0896882,-0.595489,-0.686292,-0.167232,3.24216,1.30348,-1.62168,0.0399463,-0.617185,1.78891,0.32946,-0.0635901,0.0896882,0.0748884,-0.0401549,-1.2882,-0.742348,0.0402882,-0.0713813,-13.8682,-0.50318,0.423571,-5.35776,1.00778,0.00933056,-28.8668,-0.504601,-0.432901,2.73679,-0.0402882,0.0713813,-0.88759,0.2118,0.117143,1.85772,1.72974,0.0860424,0.00448648,0.0997133,-0.0696316,False,True
1.555,0.0465346,1.26176,-0.831947,0.063042,-0.128414,-0.758684,-0.686736,-0.0110668,3.09777,1.29477,-1.85569,0.159324,-0.608032,1.86676,0.280482,-0.063042,0.128414,0.0697097,-0.0465346,-1.26176,-0.343886,0.0398978,-0.0848623,-13.685,-0.501064,0.422411,-5.29393,1.00782,0.00788136,-28.9144,-0.50676,-0.430292,2.78735,-0.0398978,0.0848623,-0.873296,0.184632,0.0954212,1.96395,1.78088,0.0863434,0.00490286,0.0997133,-0.0696316,False,True
1.56,0.0527725,1.2316,-0.976882,0.062306,-0.164727,-0.901472,-0.686402,0.142963,2.8932,1.28492,-2.0759,0.291087,-0.598518,1.93294,0.22896,-0.062306,0.164727,0.0639821,-0.0527725,-1.2316,0.0611224,0.0394396,-0.0985145,-13.5663,-0.498955,0.420489,-5.17065,1.00786,0.00645437,-28.958,-0.508904,-0.426944,2.84578,-0.0394396,0.0985145,-0.864348,0.155814,0.0728091,2.05664,1.82193,0.08663,0.0053334,0.0997133,-0.0696316,False,True
1.565,0.0588505,1.19785,-1.11162,0.0613948,-0.198343,-1.02333,-0.685306,0.293364,2.62774,1.27401,-2.28041,0.433962,-0.588702,1.98704,0.175109,-0.0613948,0.198343,0.0578376,-0.0588505,-1.19785,0.470537,0.0389127,-0.11234,-13.5145,-0.496859,0.41782,-4.98922,1.00789,0.00506069,-28.9977,-0.511029,-0.422881,2.91149,-0.0389127,0.11234,-0.860908,0.125526,0.049335,2.13517,1.85266,0.0869029,0.00577809,0.0997133,-0.0696316,False,True
1.57,0.0647511,1.1607,-1.23478,0.0603225,-0.229049,-1.12387,-0.683469,0.438625,2.30129,1.26212,-2.46732,0.586549,-0.578647,2.0287,0.119106,-0.0603225,0.229049,0.0514135,-0.0647511,-1.1607,0.882247,0.0383162,-0.126341,-13.5313,-0.494777,0.414421,-4.75136,1.00791,0.00370966,-29.0336,-0.513133,-0.418131,2.98381,-0.0383162,0.126341,-0.863107,0.0939401,0.0250044,2.19902,1.87287,0.0871625,0.00623709,0.0997133,-0.0696316,False,True
1.575,0.0704575,1.12031,-1.3451,0.0591043,-0.2567,-1.20288,-0.68092,0.577223,1.91439,1.24934,-2.63478,0.747332,-0.568415,2.05756,0.0611033,-0.0591043,0.2567,0.0448482,-0.0704575,-1.12031,1.29418,0.0376493,-0.140518,-13.6175,-0.492715,0.410316,-4.45918,1.00793,0.00240857,-29.0654,-0.515211,-0.412725,3.06203,-0.0376493,0.140518,-0.871059,0.0612167,-0.000193605,2.24776,1.88232,0.0874096,0.00671069,0.0997133,-0.0696316,False,True
1.58,0.0759541,1.0769,-1.44153,0.0577555,-0.281224,-1.26029,-0.677697,0.707651,1.46828,1.23577,-2.78096,0.914699,-0.558072,2.07331,0.00123639,-0.0577555,0.281224,0.0382774,-0.0759541,-1.0769,1.70429,0.036911,-0.154872,-13.7726,-0.490674,0.405534,-4.11522,1.00793,0.00116241,-29.0927,-0.51726,-0.406697,3.14541,-0.036911,0.154872,-0.884878,0.0275093,-0.0262776,2.28103,1.88075,0.087645,0.00719937,0.0997133,-0.0696316,False,True
1.585,0.0812264,1.03068,-1.52324,0.056292,-0.302614,-1.29625,-0.673843,0.828433,0.964992,1.22153,-2.90406,1.08695,-0.547682,2.07563,-0.0603588,-0.056292,0.302614,0.0318311,-0.0812264,-1.03068,2.11057,0.0361006,-0.169404,-13.9954,-0.488659,0.400108,-3.72242,1.00794,-2.63303e-05,-29.1147,-0.519278,-0.400082,3.23325,-0.0361006,0.169404,-0.904683,-0.00703062,-0.0532642,2.29852,1.86786,0.0878695,0.00770376,0.0997133,-0.0696316,False,True
1.59,0.086261,0.981914,-1.58964,0.0547294,-0.320928,-1.31109,-0.669412,0.93814,0.407372,1.20673,-3.00238,1.26231,-0.537315,2.06424,-0.123528,-0.0547294,0.320928,0.0256303,-0.086261,-0.981914,2.51099,0.035217,-0.184113,-14.2832,-0.486673,0.394076,-3.28417,1.00793,-0.00115783,-29.1306,-0.521261,-0.392919,3.32487,-0.035217,0.184113,-0.930607,-0.0422468,-0.0811559,2.3,1.84334,0.0880841,0.00822463,0.0997133,-0.0696316,False,True
1.595,0.0910456,0.93085,-1.64038,0.0530828,-0.336286,-1.30542,-0.664462,1.03542,-0.200774,1.1915,-3.07429,1.43893,-0.52704,2.03887,-0.188075,-0.0530828,0.336286,0.0197851,-0.0910456,-0.93085,2.90345,0.0342594,-0.198997,-14.6323,-0.484718,0.38748,-2.80441,1.00793,-0.00223508,-29.1394,-0.523207,-0.385245,3.41969,-0.0342594,0.198997,-0.96279,-0.0779685,-0.109928,2.28532,1.80686,0.0882895,0.00876294,0.0997133,-0.0696316,False,True
1.6,0.0955695,0.877774,-1.6754,0.0513665,-0.34886,-1.28009,-0.659058,1.11902,-0.854566,1.17598,-3.11831,1.6149,-0.516927,1.99929,-0.25374,-0.0513665,0.34886,0.0143928,-0.0955695,-0.877774,3.2857,0.033227,-0.214054,-15.0377,-0.482798,0.380367,-2.2877,1.00791,-0.00326396,-29.1399,-0.525113,-0.377103,3.51719,-0.033227,0.214054,-1.00136,-0.114,-0.139517,2.25438,1.75808,0.0884869,0.00931976,0.0997133,-0.0696316,False,True
1.605,0.0998233,0.822989,-1.69487,0.0495942,-0.358868,-1.23623,-0.653272,1.18781,-1.5479,1.16032,-3.13313,1.78824,-0.507047,1.94532,-0.320168,-0.0495942,0.358868,0.00953676,-0.0998233,-0.822989,3.65525,0.0321189,-0.229282,-15.4931,-0.480915,0.372789,-1.73941,1.00789,-0.00425336,-29.1311,-0.526978,-0.368535,3.61693,-0.0321189,0.229282,-1.0464,-0.150108,-0.1698,2.20717,1.69667,0.0886773,0.00989631,0.0997133,-0.0696316,False,True
1.61,0.103799,0.766815,-1.6992,0.0477779,-0.366572,-1.17526,-0.64718,1.24081,-2.27327,1.14465,-3.11767,1.9569,-0.497473,1.87686,-0.386881,-0.0477779,0.366572,0.00528568,-0.103799,-0.766815,4.00925,0.0309342,-0.244674,-15.9905,-0.47907,0.364801,-1.16588,1.00787,-0.0052152,-29.1119,-0.528799,-0.359586,3.71854,-0.0309342,0.244674,-1.09788,-0.186006,-0.200586,2.14379,1.62237,0.0888616,0.0104939,0.0997133,-0.0696316,False,True
1.615,0.107491,0.709594,-1.68901,0.0459284,-0.372263,-1.09888,-0.640864,1.27725,-3.02159,1.12914,-3.07116,2.11872,-0.488278,1.79391,-0.453254,-0.0459284,0.372263,0.00169364,-0.107491,-0.709594,4.34435,0.0296721,-0.260228,-16.521,-0.477267,0.356466,-0.57463,1.00784,-0.00616454,-29.0816,-0.530574,-0.350301,3.82165,-0.0296721,0.260228,-1.15564,-0.221345,-0.231599,2.06448,1.53499,0.0890411,0.0111141,0.0997133,-0.0696316,False,True
1.62,0.110895,0.651687,-1.66506,0.0440552,-0.376259,-1.00905,-0.634407,1.29658,-3.78202,1.11394,-2.99321,2.27144,-0.479534,1.69663,-0.518478,-0.0440552,0.376259,-0.00119988,-0.110895,-0.651687,4.65655,0.0283319,-0.275938,-17.074,-0.475506,0.347851,0.0253843,1.00781,-0.0071196,-29.04,-0.532302,-0.340731,3.92585,-0.0283319,0.275938,-1.21922,-0.255693,-0.262462,1.96963,1.43448,0.0892168,0.0117583,0.0997133,-0.0696316,False,True
1.625,0.114008,0.593472,-1.62824,0.0421659,-0.378895,-0.907923,-0.627898,1.29853,-4.54181,1.09921,-2.8839,2.41269,-0.471312,1.58537,-0.581549,-0.0421659,0.378895,-0.00336942,-0.114008,-0.593472,4.9411,0.0269128,-0.291798,-17.6375,-0.473788,0.339032,0.623596,1.00777,-0.00810194,-28.9874,-0.533981,-0.33093,4.03057,-0.0269128,0.291798,-1.28783,-0.288531,-0.292688,1.85983,1.32095,0.0893897,0.0124281,0.0997133,-0.0696316,False,True
1.63,0.11683,0.53535,-1.57947,0.0402663,-0.380518,-0.797783,-0.621422,1.28315,-5.28625,1.0851,-2.74388,2.53991,-0.463681,1.46073,-0.641242,-0.0402663,0.380518,-0.00480289,-0.11683,-0.53535,5.19241,0.0254139,-0.307801,-18.1984,-0.472115,0.330091,1.20765,1.00773,-0.00913649,-28.9249,-0.535611,-0.320955,4.13503,-0.0254139,0.307801,-1.36023,-0.319239,-0.321674,1.73594,1.19477,0.089561,0.0131251,0.0997133,-0.0696316,False,True
1.635,0.119362,0.47774,-1.51966,0.0383607,-0.381476,-0.680948,-0.615066,1.25087,-5.99863,1.07177,-2.57448,2.65042,-0.456705,1.32361,-0.696114,-0.0383607,0.381476,-0.00550074,-0.119362,-0.47774,5.40396,0.0238348,-0.323944,-18.7424,-0.470487,0.321122,1.76332,1.00768,-0.0102518,-28.8544,-0.537191,-0.31087,4.23811,-0.0238348,0.323944,-1.43462,-0.347095,-0.348697,1.59912,1.0566,0.0897318,0.0138511,0.0997133,-0.0696316,False,True
1.64,0.121607,0.421079,-1.44967,0.0364515,-0.382119,-0.559647,-0.608913,1.20254,-6.66046,1.05936,-2.3778,2.74131,-0.450445,1.17526,-0.744508,-0.0364515,0.382119,-0.00547512,-0.121607,-0.421079,5.56832,0.0221745,-0.340221,-19.2546,-0.468904,0.312228,2.27456,1.00762,-0.0114803,-28.7788,-0.53872,-0.300748,4.33835,-0.0221745,0.340221,-1.5086,-0.37128,-0.37292,1.45088,0.907444,0.0899029,0.0146075,0.0997133,-0.0696316,False,True
1.645,0.123573,0.365826,-1.3702,0.0345395,-0.382785,-0.435873,-0.603041,1.13944,-7.25172,1.04799,-2.15679,2.80952,-0.444952,1.01735,-0.784579,-0.0345395,0.382785,-0.00474912,-0.123573,-0.365826,5.67724,0.0204325,-0.356628,-19.7194,-0.467365,0.303525,2.72373,1.00756,-0.0128584,-28.7018,-0.540198,-0.290666,4.43383,-0.0204325,0.356628,-1.5791,-0.390886,-0.393402,1.2931,0.748729,0.0900753,0.0153959,0.0997133,-0.0696316,False,True
1.65,0.125266,0.312458,-1.28179,0.0326237,-0.383799,-0.311244,-0.597519,1.06338,-7.75132,1.03779,-1.91534,2.85178,-0.440271,0.851967,-0.814332,-0.0326237,0.383799,-0.00335621,-0.125266,-0.312458,5.72181,0.0186082,-0.373162,-20.1214,-0.465869,0.295141,3.09194,1.0075,-0.0144268,-28.628,-0.541626,-0.280715,4.52225,-0.0186082,0.373162,-1.64248,-0.40494,-0.409125,1.12814,0.582326,0.0902498,0.0162178,0.0997133,-0.0696316,False,True
1.655,0.126697,0.261472,-1.18478,0.0307015,-0.385467,-0.186842,-0.592407,0.976644,-8.13779,1.02884,-1.65834,2.86468,-0.436433,0.681697,-0.831683,-0.0307015,0.385467,-0.00133991,-0.126697,-0.261472,5.69272,0.0167009,-0.389821,-20.4455,-0.464414,0.287222,3.35956,1.00742,-0.016231,-28.5624,-0.543005,-0.270991,4.60083,-0.0167009,0.389821,-1.69466,-0.412426,-0.419015,0.958781,0.410596,0.0904271,0.0170745,0.0997133,-0.0696316,False,True
1.66,0.12788,0.213384,-1.07926,0.028769,-0.388068,-0.0630963,-0.587753,0.882056,-8.38992,1.02121,-1.39166,2.84463,-0.433454,0.509602,-0.834519,-0.028769,0.388068,0.00124602,-0.12788,-0.213384,5.58058,0.01471,-0.406603,-20.6781,-0.462997,0.279926,3.50691,1.00733,-0.0183211,-28.5106,-0.544336,-0.261604,4.66618,-0.01471,0.406603,-1.73145,-0.412325,-0.421982,0.788289,0.236403,0.0906076,0.0179672,0.0997133,-0.0696316,False,True
1.665,0.128831,0.16873,-0.965095,0.0268208,-0.391853,0.0603221,-0.583587,0.782918,-8.48759,1.01492,-1.12215,2.78793,-0.431337,0.339232,-0.820775,-0.0268208,0.391853,0.0043367,-0.128831,-0.16873,5.37636,0.0126349,-0.423505,-20.8067,-0.461614,0.273428,3.51476,1.00724,-0.0207527,-28.4783,-0.545621,-0.252675,4.71388,-0.0126349,0.423505,-1.74916,-0.403644,-0.41695,0.620389,0.063119,0.0907916,0.0188969,0.0997133,-0.0696316,False,True
1.67,0.129568,0.128066,-0.841943,0.0248505,-0.397034,0.184528,-0.579923,0.683001,-8.4124,1.00999,-0.857599,2.69078,-0.430062,0.174598,-0.7885,-0.0248505,0.397034,0.00785401,-0.129568,-0.128066,5.07184,0.010475,-0.440525,-20.8216,-0.460262,0.26792,3.36485,1.00713,-0.0235865,-28.4721,-0.546863,-0.244334,4.73747,-0.010475,0.440525,-1.74567,-0.385456,-0.402895,0.459241,-0.1054,0.0909792,0.0198642,0.0997133,-0.0696316,False,True
1.675,0.130112,0.0919651,-0.70931,0.0228505,-0.403779,0.311382,-0.576757,0.586491,-8.14823,1.00635,-0.606625,2.54928,-0.429591,0.0201343,-0.735911,-0.0228505,0.403779,0.0117027,-0.130112,-0.0919651,4.66017,0.00822965,-0.457651,-20.7156,-0.458935,0.263613,3.03984,1.007,-0.026889,-28.5004,-0.548065,-0.236724,4.72641,-0.00822965,0.457651,-1.72231,-0.356928,-0.378865,0.309394,-0.264842,0.0911702,0.0208699,0.0997133,-0.0696316,False,True
1.68,0.130487,0.0610227,-0.566658,0.0208127,-0.4122,0.44333,-0.574058,0.497938,-7.68143,1.00392,-0.378588,2.35941,-0.42986,-0.11935,-0.661419,-0.0208127,0.4122,0.0157636,-0.130487,-0.0610227,4.13657,0.00589845,-0.474866,-20.485,-0.457626,0.260737,2.52274,1.00686,-0.0307331,-28.5752,-0.54923,-0.230004,4.66243,-0.00589845,0.474866,-1.68718,-0.317337,-0.343995,0.175733,-0.410485,0.0913641,0.0219141,0.0997133,-0.0696316,False,True
1.685,0.130722,0.0358524,-0.413572,0.0187285,-0.422343,0.583116,-0.571777,0.422204,-7.00061,1.00256,-0.183478,2.11701,-0.430784,-0.238726,-0.563641,-0.0187285,0.422343,0.0198812,-0.130722,-0.0358524,3.49917,0.003481,-0.492132,-20.1308,-0.456328,0.259553,1.79527,1.00669,-0.0351991,-28.7163,-0.550365,-0.224354,4.51316,-0.003481,0.492132,-1.66093,-0.266085,-0.297495,0.0634109,-0.537236,0.0915603,0.0229969,0.0997133,-0.0696316,False,True
1.69,0.130846,0.0170873,-0.250016,0.0165892,-0.434161,0.733287,-0.569836,0.364428,-6.09611,1.00208,-0.0318355,1.81771,-0.432248,-0.332593,-0.441355,-0.0165892,0.434161,0.0238439,-0.130846,-0.0170873,2.75018,0.000977133,-0.509383,-19.6598,-0.455031,0.260364,0.835081,1.0065,-0.0403771,-28.9571,-0.551474,-0.219987,4.22247,-0.000977133,0.509383,-1.68724,-0.202692,-0.238626,-0.022211,-0.63967,0.0917578,0.0241179,0.0997133,-0.0696316,False,True
1.695,0.130893,0.00538006,-0.0850316,0.0143869,-0.447484,0.885561,-0.568133,0.330022,-5.02221,1.00224,0.0652977,1.47702,-0.43411,-0.395319,-0.301357,-0.0143869,0.447484,0.0271821,-0.130893,-0.00538006,1.9337,-0.00161284,-0.526497,-19.13,-0.453724,0.263541,-0.308095,1.00629,-0.0463693,-29.2973,-0.552564,-0.217172,3.78541,0.00161284,0.526497,-1.89695,-0.130841,-0.170496,-0.0756298,-0.71204,0.0919556,0.0252765,0.0997133,-0.0696316,False,True
1.7,0.1309,0.000686877,0.0200231,0.0121144,-0.461842,0.469446,-0.566536,0.321605,-3.50802,1.00274,0.103059,0.528551,-0.436201,-0.424664,-0.072305,-0.0121144,0.461842,0.0200934,-0.1309,-0.000686877,1.20519,-0.00428784,-0.543221,-16.7636,-0.452395,0.269224,-1.51314,1.00604,-0.053237,-28.7867,-0.553645,-0.215987,3.19309,0.00428784,0.543221,-1.12681,-0.0218773,-0.0504244,-0.0949472,-0.751781,0.0921526,0.0264715,0.0997133,-0.0696316,True,True
1.705,0.1309,2.77556e-15,0.0281007,0.00976843,-0.476118,-0.0298232,-0.564917,0.328716,-2.45034,1.00327,0.104963,-0.407571,-0.438357,-0.433679,0.111151,-0.00976843,0.476118,0.0180616,-0.1309,0,0.823444,-0.00704505,-0.559048,-14.5998,-0.451032,0.276273,-2.13334,1.00576,-0.0607997,-27.7933,-0.554724,-0.215473,3.07619,0.00704505,0.559048,-0.957618,0.0680928,0.0430554,-0.094019,-0.771159,0.0923481,0.027701,0.0984791,-0.0585481,True,True
1.71,0.1309,-2.77556e-15,-0.0136859,0.00735322,-0.489253,-0.622286,-0.563249,0.338219,-1.53739,1.00379,0.0999495,-1.5825,-0.440538,-0.438168,0.321138,-0.00735322,0.489253,0.0371479,-0.1309,0,0.65195,-0.00987832,-0.573461,-12.0337,-0.449633,0.283352,-2.45901,1.00543,-0.0688007,-26.2615,-0.5558,-0.214551,3.08346,0.00987832,0.573461,-0.731816,0.18629,0.134842,-0.0894065,-0.785229,0.0925415,0.0289621,0.0972449,-0.0474647,True,True
1.715,0.1309,2.77556e-15,-0.0545471,0.00487591,-0.500876,-1.06205,-0.561535,0.34729,-0.695541,1.00427,0.0942628,-2.91357,-0.442738,-0.441553,0.546564,-0.00487591,0.500876,0.079921,-0.1309,0,0.530947,-0.0127797,-0.586208,-9.4812,-0.448198,0.290232,-2.73577,1.00507,-0.0771441,-24.5993,-0.55687,-0.213088,2.99208,0.0127797,0.586208,-0.519465,0.329025,0.217535,-0.0847926,-0.797149,0.0927331,0.0302516,0.0960106,-0.0363812,True,True
1.72,0.1309,2.77556e-15,-0.0831523,0.00234445,-0.510874,-1.27025,-0.559776,0.355931,0.0551861,1.00473,0.0879782,-4.3529,-0.444953,-0.443909,0.768219,-0.00234445,0.510874,0.142535,-0.1309,0,0.424359,-0.0157404,-0.597187,-7.12032,-0.44673,0.296954,-2.99113,1.00466,-0.0857721,-22.9091,-0.557931,-0.211182,2.81347,0.0157404,0.597187,-0.334995,0.484023,0.284195,-0.0803326,-0.806909,0.0929229,0.0315656,0.0947764,-0.0252978,True,True
1.725,0.1309,-2.77556e-15,-0.0980922,-0.000232836,-0.5192,-1.22789,-0.557975,0.364129,0.692441,1.00515,0.0811758,-5.87377,-0.447177,-0.445305,0.978314,0.000232836,0.5192,0.223534,-0.1309,0,0.328548,-0.0187515,-0.606363,-5.01506,-0.445229,0.303528,-3.20859,1.00421,-0.0946185,-21.2013,-0.558982,-0.208909,2.59436,0.0187515,0.606363,-0.177258,0.646368,0.331945,-0.0761256,-0.814543,0.0931113,0.0329006,0.0935421,-0.0142143,True,True
1.73,0.1309,0,-0.0997377,-0.00284754,-0.525841,-0.932004,-0.556135,0.371863,1.20969,1.00554,0.0739376,-7.46151,-0.449406,-0.4458,1.17541,0.00284754,0.525841,0.322546,-0.1309,0,0.241651,-0.021804,-0.61373,-3.18714,-0.443695,0.309941,-3.38082,1.00372,-0.103611,-19.478,-0.56002,-0.20633,2.36105,0.021804,0.61373,-0.044219,0.815068,0.360339,-0.0722354,-0.820098,0.093299,0.0342529,0.0923079,-0.00313084,True,True
1.735,0.1309,0,-0.0890153,-0.00549125,-0.530802,-0.384623,-0.554257,0.379099,1.6072,1.00589,0.0663457,-9.10895,-0.451635,-0.445445,1.36118,0.00549125,0.530802,0.440027,-0.1309,0,0.162972,-0.0248888,-0.619295,-1.6396,-0.442129,0.316166,-3.50529,1.00317,-0.112673,-17.7375,-0.561045,-0.203493,2.12689,0.0248888,0.619295,0.0659627,0.991268,0.3699,-0.0687056,-0.823623,0.0934862,0.0356186,0.0910736,0.00795262,True,True
1.74,0.1309,0,-0.0668263,-0.00815556,-0.534091,0.412372,-0.552344,0.3858,1.88737,1.0062,0.0584822,-10.8137,-0.453861,-0.444282,1.5385,0.00815556,0.534091,0.576979,-0.1309,0,0.0924566,-0.027997,-0.623067,-0.368838,-0.440533,0.322166,-3.58162,1.00259,-0.121724,-15.9765,-0.562055,-0.200441,1.8976,0.027997,0.623067,0.154612,1.1771,0.361369,-0.0655688,-0.825162,0.0936736,0.0369942,0.0898394,0.0190361,True,True
1.745,0.1309,0,-0.0338299,-0.0108322,-0.535715,1.45926,-0.550399,0.391918,2.05252,1.00648,0.050429,-12.5764,-0.456078,-0.442347,1.71024,0.0108322,0.535715,0.734637,-0.1309,0,0.0303897,-0.0311195,-0.625054,0.629391,-0.438908,0.327895,-3.61029,1.00196,-0.130682,-14.1916,-0.563049,-0.197213,1.67445,0.0311195,0.625054,0.222449,1.37486,0.335309,-0.0628524,-0.824753,0.0938617,0.0383759,0.0886051,0.0301195,True,True
1.75,0.1309,0,0.00955891,-0.0135127,-0.535676,2.75868,-0.548425,0.397405,2.10382,1.00671,0.0422684,-14.3994,-0.458284,-0.439673,1.87821,0.0135127,0.535676,0.914056,-0.1309,0,-0.0227839,-0.0342475,-0.625256,1.35735,-0.437254,0.333306,-3.592,1.00128,-0.139461,-12.3798,-0.564027,-0.193845,1.45613,0.0342475,0.625256,0.269614,1.58621,0.291899,-0.0605828,-0.822425,0.094051,0.0397603,0.0873709,0.041203,True,True
1.755,0.1309,2.77556e-15,0.0629933,-0.0161889,-0.533972,4.3144,-0.546425,0.402208,2.04095,1.0069,0.0340833,-16.2857,-0.460475,-0.436292,2.04197,0.0161889,0.533972,1.11544,-0.1309,0,-0.0665666,-0.0373721,-0.623669,1.81453,-0.435575,0.338349,-3.52752,1.00056,-0.147973,-10.5403,-0.564988,-0.190375,1.23988,0.0373721,0.623669,0.295744,1.81104,0.230766,-0.0587889,-0.818204,0.094242,0.0411435,0.0861366,0.0522865,True,True
1.76,0.1309,0,0.125761,-0.0188524,-0.530594,6.12839,-0.544403,0.406281,1.86217,1.00705,0.0259576,-18.238,-0.462647,-0.432238,2.19665,0.0188524,0.530594,1.33694,-0.1309,0,-0.100481,-0.0404842,-0.620287,1.99845,-0.433871,0.342979,-3.41779,0.999802,-0.156133,-8.67551,-0.565931,-0.186846,1.02242,0.0404842,0.620287,0.300146,2.04561,0.1508,-0.0575058,-0.812115,0.0944351,0.0425219,0.0849024,0.0633699,True,True
1.765,0.1309,-2.77556e-15,0.195895,-0.0214949,-0.525535,8.19479,-0.542362,0.40958,1.56502,1.00716,0.0179763,-20.2566,-0.464797,-0.427557,2.32941,0.0214949,0.525535,1.57251,-0.1309,0,-0.124112,-0.0435749,-0.615101,1.90717,-0.432145,0.347161,-3.26445,0.999001,-0.163854,-6.79449,-0.566856,-0.183307,0.801129,0.0435749,0.615101,0.28216,2.27917,0.0499064,-0.05678,-0.80419,0.094631,0.0438919,0.0836681,0.0744534,True,True
1.77,0.1309,0,0.268471,-0.0241078,-0.518786,10.4885,-0.540307,0.412087,1.14802,1.00723,0.010226,-22.3363,-0.466923,-0.422313,2.41346,0.0241078,0.518786,1.80814,-0.1309,0,-0.137095,-0.0466352,-0.608113,1.54533,-0.430399,0.350882,-3.07091,0.998163,-0.171058,-4.91725,-0.567764,-0.179824,0.576023,0.0466352,0.608113,0.241888,2.48833,-0.0753046,-0.0566769,-0.794485,0.0948301,0.0452498,0.0824339,0.0855368,True,True
1.775,0.1309,0,0.332639,-0.0266827,-0.510353,12.9444,-0.538241,0.413818,0.61442,1.00726,0.0027942,-24.4595,-0.46902,-0.416612,2.39858,0.0266827,0.510353,2.01564,-0.1309,0,-0.13903,-0.0496561,-0.599345,0.935617,-0.428636,0.35417,-2.8444,0.997291,-0.177682,-3.08307,-0.568655,-0.176488,0.352954,0.0496561,0.599345,0.18156,2.62786,-0.229813,-0.0572924,-0.783104,0.095033,0.0465919,0.0811996,0.0966203,True,True
1.78,0.1309,0,0.367287,-0.0292113,-0.500271,15.4224,-0.536169,0.414859,-0.0203722,1.00726,-0.00423216,-26.5848,-0.471089,-0.410627,2.1985,0.0292113,0.500271,2.14367,-0.1309,0,-0.129423,-0.0526287,-0.588866,0.139601,-0.426858,0.357126,-2.59977,0.996386,-0.183691,-1.36425,-0.569529,-0.173435,0.147964,0.0526287,0.588866,0.107774,2.61793,-0.420012,-0.0587698,-0.770241,0.0952407,0.0479148,0.0799654,0.107704,True,True
1.785,0.1309,0,0.285928,-0.0316854,-0.488638,17.722,-0.534092,0.415414,-0.584386,1.00722,-0.0107705,-28.537,-0.473127,-0.404644,1.81192,0.0316854,0.488638,2.16606,-0.1309,0,-0.0971581,-0.0555447,-0.576833,-0.697936,-0.425065,0.35997,-2.46249,0.995454,-0.189105,0.142912,-0.570389,-0.170866,-0.012389,0.0555447,0.576833,0.0339838,2.43923,-0.62786,-0.0613224,-0.756246,0.095454,0.049215,0.0787311,0.118787,True,True
1.79,0.1309,-0.000686877,-0.21796,-0.0340977,-0.47569,19.8728,-0.532014,0.415457,-0.372284,1.00715,-0.0167973,-29.8013,-0.475135,-0.39866,1.71536,0.0340977,0.47569,2.33047,-0.1309,0.000686877,0.02744,-0.058397,-0.563084,-1.34285,-0.423258,0.358851,-2.96237,0.994495,-0.187464,1.4202,-0.571238,-0.171387,-0.144951,0.058397,0.563084,-0.029003,2.50679,-0.792028,-0.0647778,-0.741286,0.0956744,0.0504901,0.0774969,0.129871,True,False
1.795,0.130893,-0.00538006,-1.29052,-0.0364423,-0.461898,20.2078,-0.529938,0.413593,1.55602,1.00705,-0.0224654,-28.6798,-0.477113,-0.391128,2.78604,0.0364423,0.461898,1.61734,-0.130893,0.00538006,0.244303,-0.0611756,-0.545825,-1.01412,-0.421476,0.3343,-4.59877,0.993579,-0.148164,1.55986,-0.572103,-0.186136,-0.24293,0.0611756,0.545825,-0.0328324,2.54838,0.236502,-0.0672534,-0.724146,0.095904,0.0517383,0.0774969,0.129871,True,False
1.8,0.130846,-0.0170873,-2.65285,-0.0387167,-0.447729,20.7194,-0.527879,0.408605,3.91346,1.00693,-0.0278876,-27.4044,-0.479047,-0.380717,3.89494,0.0387167,0.447729,1.4076,-0.130846,0.0170873,0.527465,-0.0638552,-0.523488,-0.570237,-0.419915,0.270078,-6.61849,0.993014,-0.0460501,1.717,-0.573099,-0.224028,-0.360149,0.0638552,0.523488,-0.036584,2.9642,0.928896,-0.0670891,-0.703829,0.0961454,0.0529594,0.0774969,0.129871,True,False
1.805,0.130722,-0.0358524,-3.96562,-0.0409196,-0.433418,21.1686,-0.525852,0.400816,5.9847,1.00677,-0.0329876,-26.413,-0.480921,-0.367828,4.58591,0.0409196,0.433418,1.37009,-0.130722,0.0358524,0.804033,-0.0664104,-0.496374,-0.135329,-0.418776,0.168901,-8.44402,0.993119,0.114137,1.83767,-0.574343,-0.283038,-0.461444,0.0664104,0.496374,-0.0396826,3.28999,1.29348,-0.0645187,-0.680906,0.0964015,0.0541543,0.0774969,0.129871,True,False
1.81,0.130487,-0.0610227,-5.14133,-0.0430509,-0.41908,21.5035,-0.52387,0.390763,7.68342,1.0066,-0.0376797,-25.6863,-0.482725,-0.353083,4.95064,0.0430509,0.41908,1.38521,-0.130487,0.0610227,1.05816,-0.068819,-0.465103,0.267831,-0.418226,0.0375127,-9.97395,0.994155,0.321067,1.91583,-0.575929,-0.358579,-0.540329,0.068819,0.465103,-0.042229,3.48766,1.46006,-0.060085,-0.656082,0.0966752,0.0553243,0.0774969,0.129871,True,False
1.815,0.130112,-0.0919651,-6.1637,-0.0451104,-0.404773,21.7212,-0.521944,0.378844,9.05529,1.0064,-0.041908,-25.1389,-0.484451,-0.336936,5.13681,0.0451104,0.404773,1.412,-0.130112,0.0919651,1.28882,-0.0710615,-0.430183,0.64144,-0.418401,-0.117793,-11.2198,0.996329,0.563847,1.95577,-0.577929,-0.446054,-0.597165,0.0710615,0.430183,-0.0443898,3.60303,1.53044,-0.0542011,-0.62985,0.0969693,0.056471,0.0774969,0.129871,True,False
1.82,0.129568,-0.128066,-7.0267,-0.0470986,-0.390519,21.8242,-0.520082,0.365373,10.1325,1.00618,-0.0456361,-24.7226,-0.486094,-0.319737,5.22748,0.0470986,0.390519,1.43085,-0.129568,0.128066,1.49573,-0.0731208,-0.392058,0.987961,-0.419404,-0.291126,-12.1951,0.999794,0.83205,1.96147,-0.58039,-0.540925,-0.632611,0.0731208,0.392058,-0.0462532,3.66435,1.55943,-0.0472008,-0.602579,0.0972862,0.0575958,0.0774969,0.129871,True,False
1.825,0.128831,-0.16873,-7.73134,-0.0490156,-0.376323,21.8182,-0.51829,0.350615,10.9404,1.00594,-0.048842,-24.4104,-0.487649,-0.301773,5.26693,0.0490156,0.376323,1.4338,-0.128831,0.16873,1.67916,-0.074982,-0.351142,1.30958,-0.421312,-0.477004,-12.9155,1.00465,1.1158,1.93671,-0.583338,-0.638798,-0.647656,0.074982,0.351142,-0.0478572,3.68842,1.57448,-0.0393708,-0.57456,0.0976276,0.0587005,0.0774969,0.129871,True,False
1.83,0.12788,-0.213384,-8.28332,-0.0508618,-0.362176,21.7116,-0.516576,0.334809,11.5019,1.00569,-0.0515143,-24.1866,-0.489112,-0.283294,5.27774,0.0508618,0.362176,1.41915,-0.12788,0.213384,1.83978,-0.0766322,-0.307833,1.60785,-0.424174,-0.670387,-13.3996,1.01095,1.4059,1.88514,-0.586778,-0.73551,-0.643628,0.0766322,0.307833,-0.0492062,3.68548,1.58789,-0.0309661,-0.546036,0.097995,0.0597863,0.0774969,0.129871,True,False
1.835,0.126697,-0.261472,-8.69148,-0.0526374,-0.348062,21.5151,-0.514942,0.318171,11.8391,1.00542,-0.0536505,-24.0405,-0.490482,-0.264521,5.27088,0.0526374,0.348062,1.38845,-0.126697,0.261472,1.97854,-0.0780604,-0.26253,1.88355,-0.428016,-0.866719,-13.6679,1.01871,1.69393,1.81028,-0.590693,-0.827213,-0.622165,0.0780604,0.26253,-0.0502823,3.66219,1.60401,-0.0222188,-0.517218,0.0983893,0.0608546,0.0774969,0.129871,True,False
1.84,0.125266,-0.312458,-8.96667,-0.0543424,-0.333965,21.2409,-0.513394,0.300907,11.9748,1.00515,-0.0552555,-23.9635,-0.491757,-0.245652,5.2515,0.0543424,0.333965,1.34469,-0.125266,0.312458,2.09656,-0.0792575,-0.215639,2.1366,-0.432841,-1.06197,-13.7431,1.02789,1.97242,1.71559,-0.59505,-0.910449,-0.585158,0.0792575,0.215639,-0.0510523,3.62327,1.62326,-0.0133404,-0.488292,0.0988111,0.0619067,0.0774969,0.129871,True,False
1.845,0.123573,-0.365826,-9.12085,-0.055977,-0.319867,20.9023,-0.511933,0.283206,11.9319,1.00487,-0.0563406,-23.9477,-0.492938,-0.226866,5.22196,0.055977,0.319867,1.29139,-0.123573,0.365826,2.19506,-0.0802168,-0.167577,2.36612,-0.438635,-1.25265,-13.6485,1.03843,2.23485,1.60436,-0.599798,-0.982206,-0.53468,0.0802168,0.167577,-0.051472,3.57237,1.64434,-0.00452314,-0.459426,0.0992604,0.0629436,0.0774969,0.129871,True,False
1.85,0.121607,-0.421079,-9.16637,-0.0575411,-0.305752,20.5135,-0.510562,0.265247,11.7332,1.00459,-0.0569225,-23.9849,-0.494026,-0.208324,5.18341,0.0575411,0.305752,1.23202,-0.121607,0.421079,2.27521,-0.0809333,-0.118779,2.57059,-0.445368,-1.43583,-13.4075,1.05024,2.47579,1.47974,-0.604872,-1.03996,-0.472906,0.0809333,0.118779,-0.0514907,3.51251,1.66539,0.00406013,-0.430769,0.0997371,0.0639662,0.0774969,0.129871,True,False
1.855,0.119362,-0.47774,-9.11538,-0.0590345,-0.291607,20.0884,-0.509281,0.247193,11.4008,1.0043,-0.0570228,-24.0675,-0.495021,-0.19017,5.13651,0.0590345,0.291607,1.1697,-0.119362,0.47774,2.33808,-0.0814046,-0.0696964,2.74799,-0.452994,-1.60913,-13.043,1.06319,2.69081,1.34469,-0.610197,-1.08168,-0.402027,0.0814046,0.0696964,-0.0510532,3.44621,1.68454,0.0122559,-0.402458,0.100241,0.0649756,0.0774969,0.129871,True,False
1.86,0.11683,-0.53535,-8.97936,-0.0604572,-0.277425,19.6409,-0.50809,0.229199,10.9553,1.00402,-0.0566664,-24.1881,-0.495927,-0.172533,5.08166,0.0604572,0.277425,1.10706,-0.11683,0.53535,2.38455,-0.0816303,-0.0207988,2.89601,-0.461459,-1.77066,-12.576,1.07715,2.8765,1.20192,-0.615689,-1.10584,-0.324183,0.0816303,0.0207988,-0.0501035,3.37552,1.70015,0.0199295,-0.374615,0.10077,0.0659725,0.0774969,0.129871,True,False
1.865,0.114008,-0.593472,-8.76879,-0.0618088,-0.263201,19.1838,-0.506989,0.211406,10.4155,1.00374,-0.0558818,-24.3397,-0.496747,-0.155524,5.01911,0.0618088,0.263201,1.04622,-0.114008,0.593472,2.41527,-0.0816125,0.0274293,3.01226,-0.4707,-1.919,-12.026,1.09196,3.03038,1.05394,-0.621256,-1.11138,-0.241407,0.0816125,-0.0274293,-0.048587,3.30207,1.71085,0.0269644,-0.347351,0.101325,0.0669574,0.0774969,0.129871,True,False
1.87,0.110895,-0.651687,-8.49299,-0.0630892,-0.248936,18.729,-0.505976,0.193943,9.79802,1.00346,-0.0546995,-24.5165,-0.497483,-0.139244,4.949,0.0630892,0.248936,0.988794,-0.110895,0.651687,2.4306,-0.081356,0.0744896,3.0945,-0.480649,-2.05313,-11.4096,1.10745,3.15083,0.902992,-0.626803,-1.0977,-0.155589,0.081356,-0.0744896,-0.0464534,3.22705,1.71559,0.0332613,-0.320768,0.101903,0.0679311,0.0774969,0.129871,True,False
1.875,0.107491,-0.709594,-8.16001,-0.0642982,-0.234638,18.2871,-0.505049,0.17693,9.11731,1.00319,-0.0531521,-24.713,-0.498139,-0.123778,4.87139,0.0642982,0.234638,0.935914,-0.107491,0.709594,2.43067,-0.0808676,0.119875,3.14079,-0.491232,-2.17235,-10.7412,1.12346,3.23695,0.75113,-0.632233,-1.06459,-0.0684547,0.0808676,-0.119875,-0.04366,3.15128,1.71361,0.0387366,-0.294957,0.102504,0.0688939,0.0774969,0.129871,True,False
1.88,0.103799,-0.766815,-7.77669,-0.0654356,-0.220316,17.867,-0.504207,0.160476,8.38568,1.00293,-0.0512732,-24.9251,-0.49872,-0.109203,4.78628,0.0654356,0.220316,0.888326,-0.103799,0.766815,2.41538,-0.0801572,0.163073,3.14965,-0.502372,-2.27624,-10.0327,1.13982,3.28847,0.600187,-0.637448,-1.01224,0.0184416,0.0801572,-0.163073,-0.0401744,3.07528,1.70437,0.043321,-0.270004,0.103127,0.0698463,0.0774969,0.129871,True,False
1.885,0.0998233,-0.822989,-7.34876,-0.0665013,-0.205986,17.4762,-0.503445,0.144681,7.61353,1.00268,-0.0490974,-25.1489,-0.499231,-0.0955832,4.69365,0.0665013,0.205986,0.846455,-0.0998233,0.822989,2.38446,-0.0792369,0.203578,3.12021,-0.513994,-2.36456,-9.29369,1.15635,3.30568,0.451825,-0.642355,-0.941119,0.103713,0.0792369,-0.203578,-0.0359777,2.99935,1.68758,0.0469588,-0.245987,0.103769,0.0707884,0.0774969,0.129871,True,False
1.89,0.0955695,-0.877774,-6.88103,-0.0674954,-0.191668,17.1206,-0.50276,0.129635,6.80959,1.00244,-0.0466593,-25.3814,-0.499676,-0.0829758,4.59357,0.0674954,0.191668,0.810472,-0.0955695,0.877774,2.33753,-0.0781214,0.240891,3.05225,-0.526018,-2.43724,-8.53179,1.17288,3.28926,0.307564,-0.64686,-0.85202,0.18613,0.0781214,-0.240891,-0.0310673,2.92364,1.66315,0.0496061,-0.222977,0.104429,0.0717205,0.0774969,0.129871,True,False
1.895,0.0910456,-0.93085,-6.37756,-0.068418,-0.177386,16.8046,-0.502148,0.115422,5.9813,1.00221,-0.0439938,-25.6199,-0.500061,-0.0714285,4.48617,0.068418,0.177386,0.780358,-0.0910456,0.93085,2.2742,-0.076828,0.274537,2.94629,-0.538366,-2.4943,-7.75292,1.18924,3.24027,0.168808,-0.650875,-0.745969,0.264608,0.076828,-0.274537,-0.0254595,2.8482,1.63116,0.0512304,-0.201041,0.105106,0.0726426,0.0774969,0.129871,True,False
1.9,0.086261,-0.981914,-5.84192,-0.0692693,-0.163168,16.5313,-0.501606,0.102117,5.13505,1.002,-0.0411355,-25.8621,-0.500391,-0.0609813,4.37171,0.0692693,0.163168,0.75595,-0.086261,0.981914,2.19409,-0.0753761,0.304071,2.80357,-0.550961,-2.53583,-6.9617,1.20528,3.16004,0.0368719,-0.654319,-0.624213,0.338195,0.0753761,-0.304071,-0.0191918,2.77306,1.59185,0.0518093,-0.180241,0.105799,0.0735546,0.0774969,0.129871,True,False
1.905,0.0812264,-1.03068,-5.27733,-0.0700497,-0.149044,16.3023,-0.501127,0.0897849,4.27656,1.0018,-0.0381181,-26.106,-0.500671,-0.0516668,4.25066,0.0700497,0.149044,0.737002,-0.0812264,1.03068,2.09698,-0.0737873,0.32909,2.62605,-0.563725,-2.56192,-6.16177,1.22084,3.05011,-0.0869947,-0.657117,-0.488185,0.406061,0.0737873,-0.32909,-0.0123246,2.69829,1.54561,0.0513301,-0.160633,0.106506,0.0744564,0.0774969,0.129871,True,False
1.91,0.0759541,-1.0769,-4.68687,-0.0707597,-0.135047,16.1184,-0.500708,0.0784849,3.41109,1.00162,-0.0349746,-26.3495,-0.500907,-0.0435103,4.12365,0.0707597,0.135047,0.72323,-0.0759541,1.0769,1.98282,-0.0720852,0.349246,2.41632,-0.57658,-2.57272,-5.35612,1.23578,2.91219,-0.201591,-0.659201,-0.339475,0.46749,0.0720852,-0.349246,-0.00494171,2.624,1.49295,0.0497891,-0.142267,0.107225,0.0753476,0.0774969,0.129871,True,False
1.915,0.0704575,-1.12031,-4.07365,-0.0714001,-0.121211,15.9793,-0.500342,0.0682671,2.54368,1.00145,-0.031737,-26.5907,-0.501106,-0.0365301,3.9915,0.0714001,0.121211,0.714313,-0.0704575,1.12031,1.85178,-0.0702948,0.364256,2.17759,-0.589452,-2.56833,-4.54745,1.24996,2.74814,-0.305752,-0.660512,-0.179808,0.521879,0.0702948,-0.364256,0.0028495,2.55041,1.43449,0.047191,-0.125189,0.107955,0.0762281,0.0774969,0.129871,True,False
1.92,0.0647511,-1.1607,-3.4409,-0.0719718,-0.107574,15.884,-0.500025,0.0591733,1.67934,1.0013,-0.0284357,-26.8279,-0.501273,-0.0307376,3.85516,0.0719718,0.107574,0.709898,-0.0647511,1.1607,1.7043,-0.0684426,0.373914,1.91352,-0.602264,-2.5489,-3.73836,1.26326,2.55991,-0.398341,-0.660999,-0.0110139,0.568733,0.0684426,-0.373914,0.0109193,2.47775,1.37094,0.0435479,-0.109438,0.108695,0.0770972,0.0774969,0.129871,True,False
1.925,0.0588505,-1.19785,-2.79206,-0.0724759,-0.094171,15.8311,-0.499751,0.0512374,0.823128,1.00116,-0.0250997,-27.0593,-0.501413,-0.0261377,3.71573,0.0724759,0.094171,0.709629,-0.0588505,1.19785,1.5411,-0.0665557,0.378102,1.62812,-0.614941,-2.51454,-2.93162,1.27556,2.34955,-0.47825,-0.660622,0.164995,0.607673,0.0665557,-0.378102,0.0191181,2.40635,1.30306,0.0388789,-0.0950457,0.109443,0.0779545,0.0774969,0.129871,True,False
1.93,0.0527725,-1.2316,-2.13079,-0.0729135,-0.081038,15.8189,-0.499513,0.0444851,-0.0196796,1.00105,-0.0217562,-27.2833,-0.501534,-0.0227288,3.57443,0.0729135,0.081038,0.713164,-0.0527725,1.2316,1.3632,-0.0646616,0.376796,1.32565,-0.627409,-2.46542,-2.13037,1.28676,2.11917,-0.544402,-0.659349,0.346255,0.638432,0.0646616,-0.376796,0.0272795,2.33659,1.23169,0.0332093,-0.0820383,0.110198,0.0787993,0.0774969,0.129871,True,False
1.935,0.0465346,-1.26176,-1.46103,-0.0732863,-0.0682094,15.8453,-0.499306,0.038934,-0.843601,1.00095,-0.0184306,-27.4985,-0.501641,-0.0205034,3.43257,0.0732863,0.0682094,0.720191,-0.0465346,1.26176,1.17186,-0.0627877,0.370076,1.01049,-0.639595,-2.40171,-1.33819,1.29675,1.87094,-0.595762,-0.65716,0.530775,0.660866,0.0627877,-0.370076,0.0352252,2.26894,1.15767,0.0265694,-0.0704344,0.11096,0.0796311,0.0774969,0.129871,True,False
1.94,0.0401549,-1.2882,-0.786936,-0.0735956,-0.0557174,15.9084,-0.499123,0.0345944,-1.64291,1.00086,-0.0151461,-27.7034,-0.501739,-0.0194483,3.29157,0.0735956,0.0557174,0.730433,-0.0401549,1.2882,0.968583,-0.0609608,0.358125,0.686958,-0.651426,-2.32365,-0.559209,1.30547,1.60708,-0.63135,-0.654042,0.716566,0.674951,0.0609608,-0.358125,0.0427705,2.20393,1.08188,0.0189936,-0.0602454,0.111726,0.080449,0.0774969,0.129871,True,False
1.945,0.0336526,-1.31078,-0.112832,-0.0738434,-0.043591,16.0063,-0.49896,0.0314692,-2.41167,1.00079,-0.0119237,-27.8968,-0.501835,-0.0195455,3.15289,0.0738434,0.043591,0.743652,-0.0336526,1.31078,0.755078,-0.0592065,0.341235,0.359282,-0.662831,-2.23154,0.201834,1.31283,1.32987,-0.65026,-0.649994,0.901674,0.680785,0.0592065,-0.341235,0.0497301,2.14216,1.00518,0.0105192,-0.0514752,0.112497,0.0812524,0.0774969,0.129871,True,False
1.95,0.0270472,-1.3294,0.556827,-0.0740315,-0.0318556,16.1372,-0.498809,0.0295547,-3.14375,1.00074,-0.00878237,-28.078,-0.501934,-0.0207724,3.01804,0.0740315,0.0318556,0.759644,-0.0270472,1.3294,0.533212,-0.0575485,0.319801,0.0314294,-0.673741,-2.1258,0.939659,1.31877,1.0416,-0.651684,-0.645025,1.0842,0.678587,0.0575485,-0.319801,0.0559254,2.08426,0.928447,0.00118536,-0.0441205,0.11327,0.0820403,0.0774969,0.129871,True,False
1.955,0.0203586,-1.34398,1.21754,-0.074162,-0.0205318,16.2997,-0.498664,0.0288415,-3.83297,1.00071,-0.00573872,-28.2461,-0.502043,-0.0231028,2.88854,0.074162,0.0205318,0.778238,-0.0203586,1.34398,0.304975,-0.0560085,0.294315,-0.292939,-0.684089,-2.00693,1.64848,1.32324,0.74459,-0.634936,-0.639152,1.26234,0.668684,0.0560085,-0.294315,0.0611907,2.0309,0.85252,-0.00896802,-0.038171,0.114045,0.0828119,0.0774969,0.129871,True,False
1.96,0.0136074,-1.35444,1.8648,-0.0742369,-0.00963541,16.4923,-0.49852,0.029315,-4.47313,1.00069,-0.00280714,-28.4006,-0.502165,-0.0265079,2.76586,0.0742369,0.00963541,0.799286,-0.0136074,1.35444,0.0724424,-0.0546053,0.265358,-0.610536,-0.693811,-1.87558,2.32211,1.32621,0.441197,-0.599478,-0.632401,1.43439,0.651504,0.0546053,-0.265358,0.06538,1.98274,0.778219,-0.0199017,-0.0336097,0.114822,0.0835664,0.0774969,0.129871,True,False
1.965,0.00681419,-1.36074,2.49419,-0.0742583,0.000823454,16.7137,-0.498371,0.0309563,-5.05816,1.00068,1.02903e-07,-28.5413,-0.502308,-0.0309564,2.65146,0.0742583,-0.000823454,0.82265,-0.00681419,1.36074,-0.162257,-0.0533549,0.233585,-0.918483,-0.702845,-1.73256,2.95409,1.32765,0.133778,-0.544951,-0.624808,1.59878,0.627561,0.0533549,-0.233585,0.0683728,1.94044,0.70633,-0.031578,-0.0304135,0.1156,0.0843029,0.0774969,0.129871,True,False
1.97,-1.11022e-16,-1.36284,3.10138,-0.0742286,0.0108403,16.9626,-0.498211,0.0337433,-5.58222,1.00069,0.00267279,-28.6682,-0.502475,-0.0364161,2.54668,0.0742286,-0.0108403,0.848195,-0,1.36284,-0.39696,-0.0522695,0.199713,-1.21432,-0.711136,-1.57882,3.53788,1.32755,-0.175303,-0.471196,-0.616414,1.75412,0.597432,0.0522695,-0.199713,0.0700789,1.90458,0.6376,-0.0439618,-0.0285536,0.116377,0.0850205,0.0774969,0.129871,True,False
1.975,-0.00681419,-1.36074,3.6822,-0.0741499,0.0204168,17.2376,-0.498034,0.0376511,-6.03984,1.00071,0.00520254,-28.7812,-0.502672,-0.0428536,2.45277,0.0741499,-0.0204168,0.875776,0.00681419,1.36074,-0.629487,-0.0513578,0.164499,-1.49599,-0.718633,-1.41546,4.06697,1.3259,-0.483685,-0.378283,-0.607267,1.89914,0.561738,0.0513578,-0.164499,0.0704425,1.87573,0.572732,-0.0570214,-0.0279958,0.117155,0.0857184,0.0774969,0.129871,True,False
1.98,-0.0136074,-1.35444,4.23262,-0.0740245,0.0295605,17.537,-0.497834,0.0426531,-6.42602,1.00074,0.00758267,-28.8806,-0.502904,-0.0502358,2.37085,0.0740245,-0.0295605,0.905235,0.0136074,1.35444,-0.857647,-0.0506245,0.128724,-1.76182,-0.725291,-1.24375,4.5351,1.32271,-0.789019,-0.266522,-0.597422,2.03277,0.521118,0.0506245,-0.128724,0.069444,1.85433,0.512372,-0.0707289,-0.0287016,0.117931,0.0863957,0.0774969,0.129871,True,False
1.985,-0.0203586,-1.34398,4.74877,-0.0738543,0.0382849,17.8588,-0.497607,0.0487216,-6.73633,1.00078,0.00980788,-28.9667,-0.503174,-0.0585295,2.30189,0.0738543,-0.0382849,0.936396,0.0203586,1.34398,-1.07925,-0.0500705,0.0931722,-2.01047,-0.731071,-1.06512,4.93641,1.31801,-1.08897,-0.136483,-0.586939,2.1541,0.476211,0.0500705,-0.0931722,0.0671007,1.84078,0.45711,-0.0850607,-0.030628,0.118708,0.0870516,0.0774969,0.129871,True,False
1.99,-0.0270472,-1.3294,5.22695,-0.0736416,0.0466095,18.2006,-0.497347,0.0558278,-6.96702,1.00084,0.0118741,-29.0398,-0.503489,-0.0677019,2.24669,0.0736416,-0.0466095,0.969057,0.0270472,1.3294,-1.2921,-0.0496928,0.0586092,-2.24092,-0.735942,-0.881132,5.26557,1.31182,-1.38123,0.0110026,-0.575881,2.26236,0.427625,0.0496928,-0.0586092,0.0634664,1.83533,0.407477,-0.0999974,-0.0337281,0.119483,0.0876853,0.0774969,0.129871,True,False
1.995,-0.0336526,-1.31078,5.6636,-0.0733882,0.054559,18.5594,-0.497049,0.0639425,-7.11506,1.0009,0.013778,-29.1002,-0.503851,-0.0777205,2.20587,0.0733882,-0.054559,1.00295,0.0336526,1.31078,-1.49404,-0.0494844,0.0257662,-2.45235,-0.739882,-0.693457,5.51792,1.3042,-1.66352,0.174841,-0.564316,2.35698,0.375924,0.0494844,-0.0257662,0.0586282,1.83814,0.36396,-0.115524,-0.0379512,0.120258,0.0882961,0.0774969,0.129871,True,False
2,-0.0401549,-1.2882,6.05533,-0.073096,0.0621637,18.9319,-0.496708,0.0730361,-7.17821,1.00097,0.015517,-29.1481,-0.504266,-0.0885531,2.17985,0.073096,-0.0621637,1.03774,0.0401549,1.2882,-1.68292,-0.0494351,-0.00467944,-2.64418,-0.742877,-0.503889,5.68956,1.29519,-1.9336,0.353686,-0.552311,2.43749,0.321608,0.0494351,0.00467944,0.0527033,1.84915,0.327003,-0.131629,-0.043243,0.121032,0.0888833,0.0774969,0.129871,True,False
2.005,-0.0465346,-1.26176,6.39888,-0.0727666,0.0694588,19.3138,-0.496318,0.0830781,-7.155,1.00106,0.0170889,-29.1836,-0.504737,-0.100167,2.16886,0.0727666,-0.0694588,1.07304,0.0465346,1.26176,-1.85666,-0.0495312,-0.0321188,-2.81595,-0.744921,-0.314296,5.77742,1.28486,-2.18924,0.545955,-0.539941,2.50354,0.265103,0.0495312,0.0321188,0.0458339,1.86824,0.296973,-0.148303,-0.049545,0.121806,0.0894463,0.0774969,0.129871,True,False
2.01,-0.0527725,-1.2316,6.69116,-0.0724014,0.0764839,19.7008,-0.495877,0.0940374,-7.0448,1.00114,0.0184914,-29.2067,-0.505268,-0.112529,2.17292,0.0724014,-0.0764839,1.10852,0.0527725,1.2316,-2.01329,-0.0497563,-0.0560241,-2.96734,-0.74602,-0.126603,5.77926,1.2733,-2.42829,0.749849,-0.527276,2.55489,0.206754,0.0497563,0.0560241,0.0381822,1.89517,0.274142,-0.165542,-0.0567947,0.122581,0.0899845,0.0774969,0.129871,True,False
2.015,-0.0588505,-1.19785,6.92929,-0.0720018,0.0832827,20.0877,-0.495378,0.105881,-6.84774,1.00124,0.0197219,-29.2171,-0.505862,-0.125603,2.19191,0.0720018,-0.0832827,1.14382,0.0588505,1.19785,-2.15097,-0.0500915,-0.0759581,-3.09811,-0.746187,0.0572323,5.69375,1.26058,-2.6486,0.96338,-0.514392,2.59137,0.146823,0.0500915,0.0759581,0.0299236,1.92963,0.258682,-0.183339,-0.0649251,0.123357,0.0904976,0.0774969,0.129871,True,False
2.02,-0.0647511,-1.1607,7.11063,-0.0715686,0.0899023,20.4693,-0.494818,0.118576,-6.56472,1.00134,0.0207776,-29.2146,-0.506524,-0.139354,2.22553,0.0715686,-0.0899023,1.1786,0.0647511,1.1607,-2.26807,-0.0505159,-0.0915807,-3.20814,-0.745447,0.235246,5.5204,1.24681,-2.8481,1.1844,-0.501362,2.61285,0.0854962,0.0505159,0.0915807,0.021241,1.97123,0.250693,-0.201691,-0.0738644,0.124134,0.0909851,0.0774969,0.129871,True,False
2.025,-0.0704575,-1.12031,7.23288,-0.0711027,0.0963926,20.84,-0.494192,0.132085,-6.19739,1.00145,0.0216547,-29.1985,-0.507256,-0.153739,2.27337,0.0711027,-0.0963926,1.21253,0.0704575,1.12031,-2.36321,-0.0510073,-0.102652,-3.29736,-0.743835,0.405494,5.25961,1.2321,-3.02474,1.41065,-0.488263,2.61925,0.0228919,0.0510073,0.102652,0.0123186,2.0195,0.25022,-0.22059,-0.0835355,0.124915,0.0914467,0.0774969,0.129871,True,False
2.03,-0.0759541,-1.0769,7.29411,-0.0706047,0.102806,21.1942,-0.493497,0.146367,-5.7481,1.00156,0.0223487,-29.1681,-0.508061,-0.168716,2.33492,0.0706047,-0.102806,1.24524,0.0759541,1.0769,-2.43532,-0.0515424,-0.109031,-3.36586,-0.741392,0.566074,4.91263,1.21656,-3.17656,1.63974,-0.47517,2.61048,-0.0409194,0.0515424,0.109031,0.00333641,2.07395,0.257276,-0.24003,-0.093856,0.125699,0.0918823,0.0774969,0.129871,True,False
2.035,-0.0812264,-1.03068,7.29291,-0.0700747,0.109196,21.5263,-0.492729,0.161381,-5.21994,1.00167,0.0228538,-29.1223,-0.508943,-0.184235,2.40967,0.0700747,-0.109196,1.27637,0.0812264,1.03068,-2.48374,-0.0520976,-0.110676,-3.41381,-0.738174,0.715153,4.48163,1.20033,-3.30164,1.86923,-0.462158,2.58648,-0.105895,0.0520976,0.110676,-0.00553495,2.13404,0.27187,-0.259998,-0.104737,0.126489,0.0922917,0.0774969,0.129871,True,False
2.04,-0.086261,-0.981914,7.22846,-0.0695127,0.115618,21.831,-0.491883,0.177078,-4.61675,1.00179,0.0231634,-29.06,-0.509904,-0.200241,2.49709,0.0695127,-0.115618,1.30553,0.086261,0.981914,-2.50819,-0.0526492,-0.107636,-3.44158,-0.734241,0.850989,3.96968,1.18355,-3.39816,2.09665,-0.449305,2.54717,-0.171992,0.0526492,0.107636,-0.0141381,2.19922,0.294025,-0.280477,-0.116085,0.127285,0.0926752,0.0774969,0.129871,True,False
2.045,-0.0910456,-0.93085,7.1007,-0.0689185,0.122127,22.1033,-0.490958,0.193406,-3.94321,1.0019,0.0232693,-28.9801,-0.510945,-0.216675,2.59668,0.0689185,-0.122127,1.33231,0.0910456,0.93085,-2.50887,-0.0531739,-0.100047,-3.4497,-0.729664,0.97196,3.38088,1.16635,-3.46443,2.31947,-0.436687,2.49247,-0.239138,0.0531739,0.100047,-0.022332,2.26895,0.323794,-0.301446,-0.127798,0.128088,0.0930328,0.0774969,0.129871,True,False
2.05,-0.0955695,-0.877774,6.91041,-0.0682915,0.128776,22.3389,-0.489949,0.210307,-3.20492,1.00202,0.0231625,-28.8813,-0.51207,-0.233469,2.70802,0.0682915,-0.128776,1.35629,0.0955695,0.877774,-2.48647,-0.0536496,-0.0881184,-3.43893,-0.724521,1.07659,2.72048,1.1489,-3.49891,2.53516,-0.42438,2.42232,-0.307192,0.0536496,0.0881184,-0.0299945,2.34271,0.361265,-0.322874,-0.139771,0.128901,0.0933648,0.0774969,0.129871,True,False
2.055,-0.0998233,-0.822989,6.65935,-0.0676307,0.135617,22.534,-0.488855,0.227718,-2.40865,1.00213,0.0228324,-28.7625,-0.51328,-0.25055,2.83071,0.0676307,-0.135617,1.37705,0.0998233,0.822989,-2.44214,-0.0540551,-0.0721298,-3.41029,-0.718898,1.16357,1.99504,1.13136,-3.50024,2.74115,-0.412463,2.33666,-0.375909,0.0540551,0.0721298,-0.0370233,2.42001,0.406546,-0.344725,-0.151893,0.129724,0.0936716,0.0774969,0.129871,True,False
2.06,-0.103799,-0.766815,6.35038,-0.0669353,0.142701,22.6859,-0.487672,0.245571,-1.56246,1.00225,0.0222678,-28.6229,-0.514576,-0.267839,2.96434,0.0669353,-0.142701,1.39421,0.103799,0.766815,-2.37751,-0.0543709,-0.0524154,-3.36503,-0.712886,1.23182,1.21263,1.1139,-3.46735,2.93486,-0.401014,2.23553,-0.444898,0.0543709,0.0524154,-0.0433365,2.50034,0.459726,-0.366952,-0.164046,0.13056,0.0939538,0.0774969,0.129871,True,False
2.065,-0.107491,-0.709594,5.98758,-0.0662037,0.150073,22.7924,-0.486399,0.263792,-0.676043,1.00236,0.0214562,-28.4621,-0.515958,-0.285248,3.10842,0.0662037,-0.150073,1.40741,0.107491,0.709594,-2.29467,-0.0545793,-0.0293559,-3.30468,-0.70658,1.28048,0.38307,1.09669,-3.39952,3.11367,-0.390108,2.11904,-0.513587,0.0545793,0.0293559,-0.0488722,2.58321,0.520814,-0.389502,-0.176111,0.131409,0.0942121,0.0774969,0.129871,True,False
2.07,-0.110895,-0.651687,5.57627,-0.0654345,0.157773,22.8527,-0.485034,0.282302,0.239055,1.00246,0.0203845,-28.2804,-0.517428,-0.302687,3.26221,0.0654345,-0.157773,1.41637,0.110895,0.651687,-2.19606,-0.0546645,-0.00336767,-3.23099,-0.700081,1.30901,-0.481857,1.0799,-3.29644,3.27487,-0.379823,1.98744,-0.58118,0.0546645,0.00336767,-0.0535875,2.66803,0.589653,-0.412311,-0.187968,0.132275,0.0944471,0.0774969,0.129871,True,False
2.075,-0.114008,-0.593472,5.12303,-0.064626,0.165837,22.8666,-0.483576,0.301019,1.16918,1.00256,0.019039,-28.079,-0.518985,-0.320058,3.42456,0.064626,-0.165837,1.42092,0.114008,0.593472,-2.0844,-0.054613,0.0251071,-3.14587,-0.69349,1.31717,-1.36822,1.06372,-3.15838,3.41567,-0.370234,1.84121,-0.646634,0.054613,-0.0251071,-0.0574573,2.75409,0.665823,-0.435306,-0.199495,0.133157,0.0946597,0.0774969,0.129871,True,False
2.08,-0.11683,-0.53535,4.63571,-0.0637762,0.174291,22.8351,-0.482024,0.319857,2.09841,1.00265,0.0174057,-27.8603,-0.520629,-0.337263,3.59374,0.0637762,-0.174291,1.42098,0.11683,0.53535,-1.96265,-0.0544134,0.0556098,-3.0514,-0.686909,1.30514,-2.25984,1.04832,-2.98621,3.53319,-0.361411,1.68107,-0.708633,0.0544134,-0.0556098,-0.0604721,2.84043,0.748537,-0.458408,-0.210572,0.134059,0.0948508,0.0774969,0.129871,True,False
2.085,-0.119362,-0.47774,4.12319,-0.0628831,0.183155,22.7599,-0.480378,0.338728,3.00851,1.00274,0.0154705,-27.6279,-0.522358,-0.354199,3.76726,0.0628831,-0.183155,1.4166,0.119362,0.47774,-1.83378,-0.0540569,0.0876735,-2.94961,-0.680438,1.27353,-3.13833,1.03386,-2.78164,3.62436,-0.353423,1.50811,-0.765589,0.0540569,-0.0876735,-0.0626367,2.92581,0.836569,-0.481528,-0.221085,0.134982,0.0950215,0.0774969,0.129871,True,False
2.09,-0.121607,-0.421079,3.59524,-0.0619446,0.192437,22.6433,-0.478637,0.357545,3.87908,1.00281,0.0132196,-27.3868,-0.524171,-0.370764,3.94173,0.0619446,-0.192437,1.40784,0.121607,0.421079,-1.70069,-0.0535367,0.120831,-2.84248,-0.674174,1.22343,-3.9833,1.0205,-2.54721,3.68601,-0.34633,1.32378,-0.815652,0.0535367,-0.120831,-0.0639673,3.00854,0.928224,-0.504573,-0.230925,0.135927,0.0951726,0.0774969,0.129871,True,False
2.095,-0.123573,-0.365826,3.06211,-0.0609587,0.202139,22.4881,-0.476802,0.376221,4.68796,1.00287,0.0106395,-27.1432,-0.526066,-0.38686,4.11286,0.0609587,-0.202139,1.39477,0.123573,0.365826,-1.56606,-0.0528485,0.154621,-2.73172,-0.668204,1.15645,-4.77279,1.00839,-2.28647,3.7148,-0.340185,1.13002,-0.856747,0.0528485,-0.154621,-0.0644904,3.08644,1.02138,-0.527442,-0.239993,0.136896,0.0953053,0.0774969,0.129871,True,False
2.1,-0.125266,-0.312458,2.53411,-0.0599232,0.212251,22.2967,-0.474875,0.394672,5.41187,1.00291,0.00771768,-26.9042,-0.528039,-0.40239,4.27548,0.0599232,-0.212251,1.37729,0.125266,0.312458,-1.43214,-0.0519905,0.188595,-2.61866,-0.662609,1.07478,-5.48392,0.997639,-2.00406,3.70724,-0.33503,0.929281,-0.886634,0.0519905,-0.188595,-0.06424,3.1568,1.11359,-0.550033,-0.248201,0.137891,0.0954204,0.0774969,0.129871,True,False
2.105,-0.126697,-0.261472,2.02109,-0.0588362,0.222753,22.0713,-0.472855,0.412818,6.02726,1.00294,0.00444276,-26.6777,-0.530089,-0.41726,4.42375,0.0588362,-0.222753,1.35502,0.126697,0.261472,-1.30061,-0.0509626,0.222319,-2.50412,-0.657456,0.98112,-6.09378,0.988349,-1.70567,3.65976,-0.330892,0.72455,-0.90298,0.0509626,-0.222319,-0.0632561,3.21636,1.20229,-0.572242,-0.255471,0.138912,0.0955191,0.0774969,0.129871,True,False
2.11,-0.12788,-0.213384,1.53189,-0.0576957,0.233616,21.8129,-0.470746,0.430581,6.51137,1.00296,0.000805247,-26.4714,-0.532212,-0.431386,4.55144,0.0576957,-0.233616,1.3273,0.12788,0.213384,-1.17247,-0.0497673,0.255382,-2.38827,-0.652798,0.87876,-6.58035,0.980583,-1.39813,3.56868,-0.327784,0.519369,-0.903455,0.0497673,-0.255382,-0.061582,3.26148,1.2849,-0.593963,-0.261738,0.139961,0.095602,0.0774969,0.129871,True,False
2.115,-0.128831,-0.16873,1.07383,-0.0565,0.244803,21.5217,-0.46855,0.447888,6.84324,1.00295,-0.00320201,-26.2927,-0.534403,-0.444686,4.65225,0.0565,-0.244803,1.29332,0.128831,0.16873,-1.04792,-0.0484088,0.287394,-2.27059,-0.648669,0.771466,-6.92351,0.974368,-1.08929,3.43032,-0.325699,0.31782,-0.885819,0.0484088,-0.287394,-0.0592624,3.28836,1.35892,-0.61509,-0.26695,0.141039,0.0956701,0.0774969,0.129871,True,False
2.12,-0.129568,-0.128066,0.652235,-0.0552477,0.256272,21.1959,-0.466267,0.464666,7.00467,1.00293,-0.0075831,-26.1479,-0.536659,-0.457083,4.72001,0.0552477,-0.256272,1.25275,0.129568,0.128066,-0.926289,-0.0468933,0.317988,-2.14982,-0.645083,0.663455,-7.10586,0.96969,-0.787944,3.24098,-0.324606,0.124489,-0.848002,0.0468933,-0.317988,-0.0563395,3.29361,1.42155,-0.635519,-0.271063,0.142147,0.0957241,0.0774969,0.129871,True,False
2.125,-0.130112,-0.0919651,0.270226,-0.0539373,0.267973,20.8331,-0.463903,0.480846,6.98078,1.00288,-0.0123385,-26.042,-0.538974,-0.468508,4.74882,0.0539373,-0.267973,1.20715,0.130112,0.0919651,-0.806106,-0.0452289,0.34682,-2.02399,-0.642034,0.559301,-7.11327,0.966488,-0.503715,2.99693,-0.324454,-0.0555861,-0.788164,0.0452289,-0.34682,-0.0528485,3.27534,1.46881,-0.655145,-0.274043,0.143285,0.0957644,0.0774969,0.129871,True,False
2.13,-0.130487,-0.0610227,-0.0714087,-0.0525679,0.279849,20.4299,-0.461459,0.496356,6.76007,1.0028,-0.0174645,-25.9786,-0.541344,-0.478891,4.73291,0.0525679,-0.279849,1.1628,0.130487,0.0610227,-0.685116,-0.0434251,0.373566,-1.89056,-0.63949,0.463856,-6.93495,0.964653,-0.246873,2.69447,-0.325162,-0.216982,-0.704708,0.0434251,-0.373566,-0.0488105,3.23503,1.49344,-0.673863,-0.275865,0.144453,0.0957914,0.0774969,0.129871,True,False
2.135,-0.130722,-0.0358524,-0.374033,-0.0511388,0.291832,19.9843,-0.458939,0.511121,6.33399,1.0027,-0.0229535,-25.9606,-0.543763,-0.488167,4.66626,0.0511388,-0.291832,1.13588,0.130722,0.0358524,-0.560429,-0.0414932,0.397909,-1.74648,-0.637396,0.382166,-6.563,0.964019,-0.0282124,2.32978,-0.326624,-0.353953,-0.596258,0.0414932,-0.397909,-0.0442209,3.18103,1.48109,-0.691558,-0.276513,0.145652,0.0958056,0.0774969,0.129871,True,False
2.14,-0.130846,-0.0170873,-0.640699,-0.0496496,0.303834,19.4976,-0.456348,0.525065,5.69583,1.00257,-0.0287947,-25.9901,-0.546226,-0.49627,4.54287,0.0496496,-0.303834,1.16209,0.130846,0.0170873,-0.428658,-0.039446,0.419526,-1.58837,-0.635669,0.319413,-5.99135,0.96437,0.141067,1.89889,-0.328702,-0.46048,-0.461582,0.039446,-0.419526,-0.0390313,3.13537,1.40368,-0.708107,-0.275987,0.14688,0.095807,0.0774969,0.129871,True,False
2.145,-0.130893,-0.00538006,-0.86163,-0.0481005,0.315726,19.0121,-0.453689,0.538109,4.90032,1.00241,-0.0349764,-26.0289,-0.548726,-0.503133,4.42989,0.0481005,-0.315726,1.3432,0.130893,0.00538006,-0.292558,-0.037298,0.438061,-1.41941,-0.634202,0.280891,-5.26003,0.96543,0.249406,1.42431,-0.331229,-0.530298,-0.308152,0.037298,-0.438061,-0.0333416,3.20393,1.22246,-0.723352,-0.274314,0.148137,0.0957959,0.0774969,0.129871,True,False
2.15,-0.1309,-0.000686877,-0.938863,-0.0464924,0.327285,15.1895,-0.450967,0.550207,1.97107,1.00222,-0.0414984,-25.9508,-0.551257,-0.508708,2.53262,0.0464924,-0.327285,-0.481213,0.1309,0.000686877,-0.0630049,-0.0350654,0.453331,-0.131615,-0.63286,0.268968,-2.93316,0.966864,0.292141,-0.0681026,-0.334005,-0.561109,0.00676995,0.0350654,-0.453331,-0.0109734,0.952794,1.5779,-0.737092,-0.271611,0.149422,0.0957724,0.0774969,0.129871,True,True
2.155,-0.1309,-2.77556e-15,-0.882322,-0.0448276,0.338124,13.469,-0.448187,0.561435,0.708576,1.002,-0.0483966,-25.3697,-0.553813,-0.513039,2.37048,0.0448276,-0.338124,-0.562943,0.1309,0,0.0354841,-0.0327647,0.466127,0.428461,-0.631512,0.272954,-1.79719,0.968352,0.295453,-0.885232,-0.33684,-0.568406,0.163439,0.0327647,-0.466127,-0.0106925,0.812001,1.55679,-0.749101,-0.268201,0.150732,0.095737,0.0875782,0.126115,True,True
2.16,-0.1309,-2.77556e-15,-0.741317,-0.0431111,0.347876,11.3952,-0.445352,0.571855,-0.576653,1.00174,-0.0556906,-24.4567,-0.556387,-0.516165,2.232,0.0431111,-0.347876,-0.703115,0.1309,2.77556e-15,0.107082,-0.0304042,0.477357,0.997236,-0.63013,0.279617,-0.615683,0.969819,0.291088,-1.85266,-0.339689,-0.570705,0.323855,0.0304042,-0.477357,-0.0307875,0.642227,1.5883,-0.759164,-0.26439,0.152066,0.0956904,0.0976595,0.122359,True,True
2.165,-0.1309,0,-0.593733,-0.0413489,0.356361,9.3313,-0.442468,0.581408,-1.7914,1.00144,-0.0633409,-23.3843,-0.558974,-0.518067,2.06573,0.0413489,-0.356361,-0.818736,0.1309,0,0.157121,-0.0279911,0.487091,1.40183,-0.628716,0.286088,0.538345,0.971262,0.285838,-2.94438,-0.342547,-0.571926,0.491041,0.0279911,-0.487091,-0.0730391,0.475623,1.58884,-0.767133,-0.260288,0.153419,0.0956338,0.107741,0.118603,True,True
2.17,-0.1309,2.77556e-15,-0.457094,-0.0395475,0.363504,7.41551,-0.439538,0.590037,-2.87479,1.00111,-0.0712854,-22.2077,-0.561568,-0.518751,1.87985,0.0395475,-0.363504,-0.899341,0.1309,-2.77556e-15,0.183367,-0.0255332,0.495253,1.58475,-0.627269,0.292326,1.61303,0.972677,0.279767,-4.12972,-0.345408,-0.572093,0.657758,0.0255332,-0.495253,-0.136076,0.323743,1.55505,-0.772961,-0.255955,0.15479,0.0955684,0.117822,0.114848,True,True
2.175,-0.1309,2.77556e-15,-0.333056,-0.0377138,0.369277,5.69063,-0.436568,0.597707,-3.79788,1.00073,-0.0794547,-20.9396,-0.564162,-0.518252,1.68977,0.0377138,-0.369277,-0.951601,0.1309,0,0.184433,-0.0230386,0.501813,1.53194,-0.625792,0.298293,2.58353,0.97406,0.272952,-5.3887,-0.348268,-0.571244,0.820275,0.0230386,-0.501813,-0.21931,0.189758,1.49914,-0.776661,-0.251442,0.156174,0.0954956,0.127904,0.111092,True,True
2.18,-0.1309,-2.77556e-15,-0.221976,-0.0358547,0.373676,4.16993,-0.433561,0.604387,-4.5519,1.00031,-0.0877749,-19.5865,-0.566751,-0.516612,1.50371,0.0358547,-0.373676,-0.980444,0.1309,0,0.160669,-0.0205151,0.50677,1.24246,-0.624286,0.303947,3.44211,0.975407,0.265478,-6.71071,-0.35112,-0.569425,0.977938,0.0205151,-0.50677,-0.322354,0.074387,1.42861,-0.77827,-0.246793,0.157567,0.0954166,0.137985,0.107336,True,True
2.185,-0.1309,0,-0.12379,-0.0339771,0.376706,2.85404,-0.430524,0.610047,-5.13653,0.999852,-0.0961692,-18.1508,-0.569328,-0.513878,1.32553,0.0339771,-0.376706,-0.989029,0.1309,2.77556e-15,0.112905,-0.0179709,0.510129,0.719108,-0.622753,0.309249,4.18861,0.976715,0.257428,-8.09091,-0.353962,-0.566677,1.13166,0.0179709,-0.510129,-0.445241,-0.0226235,1.34759,-0.777835,-0.242049,0.158968,0.0953329,0.148066,0.10358,True,True
2.19,-0.1309,2.77556e-15,-0.0383782,-0.0320877,0.378372,1.73934,-0.427461,0.614651,-5.55417,0.99935,-0.104559,-16.632,-0.571889,-0.510092,1.15659,0.0320877,-0.378372,-0.979066,0.1309,2.77556e-15,0.0418645,-0.0154138,0.511896,-0.0358935,-0.621194,0.314152,4.82556,0.977981,0.248886,-9.52809,-0.356787,-0.563038,1.283,0.0154138,-0.511896,-0.588422,-0.101786,1.25793,-0.775402,-0.237247,0.160371,0.0952458,0.158148,0.0998244,True,True
2.195,-0.1309,0,0.0342839,-0.0301934,0.378679,0.822038,-0.424377,0.618159,-5.80713,0.998806,-0.112864,-15.0281,-0.574429,-0.505296,0.996798,0.0301934,-0.378679,-0.95109,0.1309,-2.77556e-15,-0.0520503,-0.0128519,0.512076,-1.02242,-0.619611,0.318611,5.35574,0.979204,0.239932,-11.0233,-0.359592,-0.558543,1.43355,0.0128519,-0.512076,-0.752608,-0.163532,1.15999,-0.771011,-0.23242,0.161775,0.0951566,0.168229,0.0960686,True,True
2.2,-0.1309,-2.77556e-15,0.0940916,-0.0283009,0.377627,0.100024,-0.421279,0.620528,-5.8966,0.998221,-0.121002,-13.3367,-0.576942,-0.499526,0.845171,0.0283009,-0.377627,-0.904683,0.1309,0,-0.168765,-0.0102931,0.510668,-2.2425,-0.618008,0.322575,5.78099,0.980381,0.230646,-12.5786,-0.362373,-0.553222,1.5842,0.0102931,-0.510668,-0.938459,-0.208071,1.05299,-0.764697,-0.227603,0.163176,0.0950667,0.17831,0.0923129,True,True
2.205,-0.1309,0,0.140836,-0.0264171,0.375213,-0.426618,-0.418172,0.62171,-5.82257,0.997596,-0.128892,-11.5558,-0.579424,-0.492817,0.700203,0.0264171,-0.375213,-0.838699,0.1309,0,-0.308346,-0.00774523,0.507666,-3.69919,-0.616386,0.325996,6.10163,0.98151,0.221106,-14.1969,-0.365124,-0.547102,1.73415,0.00774523,-0.507666,-1.14602,-0.235363,0.935383,-0.756489,-0.22283,0.16457,0.0949774,0.188392,0.0885571,True,True
2.21,-0.1309,0,0.174265,-0.0245488,0.37143,-0.755972,-0.415062,0.62166,-5.5846,0.996932,-0.136454,-9.68653,-0.58187,-0.485206,0.560225,0.0245488,-0.37143,-0.751609,0.1309,-2.77556e-15,-0.470532,-0.0052164,0.503062,-5.39402,-0.614748,0.328827,6.31619,0.982592,0.211389,-15.8804,-0.367844,-0.540216,1.87917,0.0052164,-0.503062,-1.37371,-0.245183,0.80528,-0.746416,-0.218139,0.165955,0.0948901,0.198473,0.0848013,True,True
2.215,-0.1309,-2.77556e-15,0.194162,-0.0227028,0.366264,-0.885834,-0.411955,0.620341,-5.18372,0.996232,-0.143607,-7.73609,-0.584276,-0.476734,0.423963,0.0227028,-0.366264,-0.642183,0.1309,0,-0.653762,-0.00271461,0.496844,-7.32178,-0.613097,0.331026,6.42147,0.983624,0.201574,-17.6293,-0.370527,-0.532601,2.00873,0.00271461,-0.496844,-1.61649,-0.237312,0.661192,-0.734505,-0.213577,0.167326,0.094806,0.208554,0.0810455,True,True
2.22,-0.1309,0,0.200451,-0.0208861,0.359703,-0.817271,-0.408859,0.617734,-4.62646,0.995496,-0.150281,-5.72402,-0.586638,-0.467453,0.291547,0.0208861,-0.359703,-0.510814,0.1309,2.77556e-15,-0.853297,-0.000247958,0.489005,-9.46074,-0.611438,0.332567,6.41305,0.984607,0.191748,-19.439,-0.37317,-0.524315,2.1011,0.000247958,-0.489005,-1.86275,-0.211964,0.503462,-0.720799,-0.209204,0.168681,0.0947267,0.218636,0.0772897,True,True
2.225,-0.1309,0,0.193331,-0.0191058,0.351738,-0.561752,-0.405778,0.613864,-3.93244,0.994729,-0.156418,-3.69291,-0.588951,-0.457446,0.166144,0.0191058,-0.351738,-0.361856,0.1309,0,-1.05785,0.00217543,0.479547,-11.7548,-0.609772,0.333447,6.2869,0.985542,0.182005,-21.2945,-0.37577,-0.515453,2.11565,-0.00217543,-0.479547,-2.08904,-0.170607,0.336728,-0.705368,-0.205104,0.170017,0.0946534,0.228717,0.073534,True,True
2.23,-0.1309,0,0.173569,-0.0173688,0.342371,-0.154021,-0.40272,0.608828,-3.14793,0.993932,-0.161986,-1.72676,-0.591212,-0.446841,0.0561602,0.0173688,-0.342371,-0.207238,0.1309,-2.77556e-15,-1.24429,0.00454751,0.468504,-14.0831,-0.608103,0.333715,6.04324,0.986427,0.172459,-23.16,-0.378324,-0.506174,1.98253,-0.00454751,-0.468504,-2.25241,-0.117401,0.173554,-0.688341,-0.201402,0.17133,0.0945879,0.238798,0.0697782,True,True
2.235,-0.1309,2.77556e-15,0.151933,-0.0156821,0.331637,0.349737,-0.39969,0.602853,-2.43944,0.993109,-0.167001,0.0524951,-0.593419,-0.435853,-0.0274041,0.0156821,-0.331637,-0.071705,0.1309,0,-1.3738,0.00686048,0.455968,-16.2655,-0.606435,0.333499,5.80674,0.987266,0.16325,-24.8879,-0.380831,-0.496749,1.69739,-0.00686048,-0.455968,-2.32839,-0.0642203,0.0368186,-0.669954,-0.198282,0.172617,0.0945316,0.24888,0.0660224,True,True
2.24,-0.1309,0.000686877,0.173586,-0.0140524,0.320066,0.940797,-0.396691,0.592414,-2.31919,0.992262,-0.165055,1.5448,-0.595571,-0.427358,-0.107784,0.0140524,-0.320066,0.0234349,0.1309,-0.000686877,-1.40327,0.00910719,0.442153,-18.2041,-0.604768,0.332962,6.16776,0.98806,0.154514,-25.9831,-0.383292,-0.487476,1.65199,-0.00910719,-0.442153,-2.45235,-0.0377755,-0.0700003,-0.653454,-0.198242,0.173877,0.0944866,0.258961,0.0622666,False,True
2.245,-0.130893,0.00538006,0.308568,-0.0124814,0.309962,1.28451,-0.393766,0.559517,-3.57366,0.991459,-0.125898,1.75752,-0.597693,-0.433619,-0.20486,0.0124814,-0.309962,0.0212182,0.130893,-0.00538006,-1.30546,0.011282,0.427481,-18.4598,-0.603105,0.332073,7.752,0.988811,0.146247,-25.0731,-0.385706,-0.47832,2.56972,-0.011282,-0.427481,-1.72344,-0.0881244,-0.116724,-0.652733,-0.211891,0.175108,0.0944548,0.258961,0.0622666,False,True
2.25,-0.130846,0.0170873,0.471768,-0.0109528,0.303585,1.71006,-0.391096,0.489233,-5.11143,0.991003,-0.0247858,2.006,-0.599907,-0.464447,-0.32126,0.0109528,-0.303585,0.017096,0.130846,-0.0170873,-1.15911,0.013382,0.412393,-18.9124,-0.601447,0.330862,9.64712,0.989522,0.138455,-24.0754,-0.388075,-0.469317,3.4592,-0.013382,-0.412393,-1.48304,-0.149458,-0.171787,-0.679203,-0.247432,0.176309,0.0944385,0.258961,0.0622666,False,True
2.255,-0.130722,0.0358524,0.619993,-0.00944555,0.301349,2.12194,-0.388873,0.384274,-6.475,0.991211,0.133394,2.21311,-0.602337,-0.517668,-0.420928,0.00944555,-0.301349,0.0124929,0.130722,-0.0358524,-1.00656,0.0154059,0.397155,-19.382,-0.599796,0.329617,11.2616,0.990196,0.131251,-23.3351,-0.390399,-0.460867,3.98046,-0.0154059,-0.397155,-1.43233,-0.202645,-0.218269,-0.73099,-0.302401,0.177484,0.0944398,0.258961,0.0622666,False,True
2.26,-0.130487,0.0610227,0.748338,-0.00793926,0.303139,2.50372,-0.387254,0.251074,-7.58645,0.992337,0.337269,2.36853,-0.605084,-0.588343,-0.497425,0.00793926,-0.303139,0.00783508,0.130487,-0.0610227,-0.879552,0.0173535,0.381917,-19.8283,-0.598151,0.328572,12.53,0.990835,0.124708,-22.8304,-0.392684,-0.45328,4.224,-0.0173535,-0.381917,-1.45152,-0.244169,-0.253244,-0.803082,-0.371948,0.178631,0.0944611,0.258961,0.0622666,False,True
2.265,-0.130112,0.0919651,0.860257,-0.00641416,0.308768,2.85778,-0.386363,0.0956276,-8.45736,0.994583,0.575961,2.47685,-0.608221,-0.671588,-0.551371,0.00641416,-0.308768,0.00325767,0.130112,-0.0919651,-0.797143,0.0192251,0.366775,-20.2506,-0.596511,0.327866,13.4953,0.991443,0.118842,-22.4889,-0.394932,-0.446709,4.31714,-0.0192251,-0.366775,-1.49636,-0.274266,-0.277096,-0.89047,-0.451332,0.179754,0.0945041,0.258961,0.0622666,False,True
2.27,-0.129568,0.128066,0.958744,-0.00485158,0.317993,3.18619,-0.386297,-0.0764606,-9.10113,0.998097,0.839111,2.54234,-0.6118,-0.762651,-0.583692,0.00485158,-0.317993,-0.00112696,0.129568,-0.128066,-0.768889,0.0210213,0.351793,-20.6518,-0.594873,0.327584,14.1886,0.992023,0.113637,-22.2692,-0.397151,-0.441221,4.33163,-0.0210213,-0.351793,-1.54623,-0.293342,-0.290344,-0.988239,-0.535981,0.180853,0.0945708,0.258961,0.0622666,False,True
2.275,-0.128831,0.16873,1.04639,-0.00323422,0.330523,3.49054,-0.387127,-0.259983,-9.53343,1.00297,1.11697,2.56908,-0.615847,-0.856987,-0.595625,0.00323422,-0.330523,-0.00521987,0.128831,-0.16873,-0.79788,0.022743,0.33702,-21.0359,-0.593235,0.327776,14.6352,0.992579,0.109059,-22.1472,-0.399344,-0.436835,4.30588,-0.022743,-0.33702,-1.59272,-0.301966,-0.293657,-1.09165,-0.621569,0.18193,0.0946624,0.258961,0.0622666,False,True
2.28,-0.12788,0.213384,1.12539,-0.00154635,0.346023,3.77181,-0.388897,-0.450158,-9.77229,1.00927,1.40051,2.56105,-0.620369,-0.950347,-0.588721,0.00154635,-0.346023,-0.00893077,0.12788,-0.213384,-0.882822,0.0243915,0.32249,-21.4055,-0.591595,0.328473,14.8582,0.993114,0.105067,-22.1077,-0.401519,-0.43354,4.25973,-0.0243915,-0.32249,-1.63336,-0.300871,-0.28785,-1.19622,-0.704094,0.182985,0.0947802,0.258961,0.0622666,False,True
2.285,-0.126697,0.261472,1.19757,0.000226002,0.364116,4.03031,-0.391629,-0.642679,-9.83771,1.01698,1.68153,2.52215,-0.625351,-1.03885,-0.564801,-0.000226002,-0.364116,-0.0121755,0.126697,-0.261472,-1.01942,0.0259679,0.308231,-21.7613,-0.58995,0.329696,14.8801,0.99363,0.101615,-22.1397,-0.40368,-0.431311,4.20305,-0.0259679,-0.308231,-1.66818,-0.290929,-0.273872,-1.29781,-0.779952,0.18402,0.0949251,0.258961,0.0622666,False,True
2.29,-0.125266,0.312458,1.26437,0.00209481,0.384393,4.26562,-0.395324,-0.833742,-9.75118,1.02608,1.95279,2.4562,-0.630758,-1.11905,-0.5259,-0.00209481,-0.384393,-0.0148751,0.125266,-0.312458,-1.20135,0.0274738,0.294264,-22.102,-0.588298,0.331455,14.7239,0.99413,0.0986541,-22.2339,-0.405832,-0.43011,4.14062,-0.0274738,-0.294264,-1.6979,-0.273123,-0.252777,-1.39269,-0.845999,0.185033,0.0950977,0.258961,0.0622666,False,True
2.295,-0.123573,0.365826,1.32681,0.00406993,0.406407,4.47673,-0.399966,-1.02008,-9.53483,1.03651,2.20805,2.36689,-0.636541,-1.18797,-0.474198,-0.00406993,-0.406407,-0.0169552,0.123573,-0.365826,-1.42102,0.0289106,0.280601,-22.4242,-0.586636,0.333754,14.4124,0.994616,0.0961359,-22.3813,-0.407981,-0.42989,4.07478,-0.0289106,-0.280601,-1.72317,-0.248512,-0.225683,-1.4776,-0.899595,0.186026,0.0952985,0.258961,0.0622666,False,True
2.3,-0.121607,0.421079,1.38556,0.00615888,0.429683,4.66208,-0.405525,-1.19895,-9.21063,1.04816,2.44211,2.25776,-0.642638,-1.24316,-0.41193,-0.00615888,-0.429683,-0.0183467,0.121607,-0.421079,-1.67015,0.0302798,0.267248,-22.723,-0.58496,0.336587,13.9681,0.995091,0.0940108,-22.5733,-0.410131,-0.430598,4.00673,-0.0302798,-0.267248,-1.74433,-0.218187,-0.193738,-1.54974,-0.938627,0.186997,0.0955276,0.258961,0.0622666,False,True
2.305,-0.119362,0.47774,1.44086,0.00836676,0.453719,4.81973,-0.411956,-1.36815,-8.79957,1.06093,2.65083,2.13217,-0.648973,-1.28268,-0.34132,-0.00836676,-0.453719,-0.0189867,0.119362,-0.47774,-1.94026,0.0315831,0.254203,-22.9925,-0.58327,0.339943,13.4126,0.995557,0.0922293,-22.8014,-0.412287,-0.432172,3.93716,-0.0315831,-0.254203,-1.76137,-0.183235,-0.158076,-1.60682,-0.961519,0.187948,0.0957851,0.258961,0.0622666,False,True
2.31,-0.11683,0.53535,1.49263,0.0106961,0.47799,4.94757,-0.419206,-1.52596,-8.321,1.07467,2.83103,1.99328,-0.655464,-1.30507,-0.264506,-0.0106961,-0.47799,-0.01882,0.11683,-0.53535,-2.22306,0.0328218,0.241457,-23.2265,-0.581561,0.343801,12.7659,0.996014,0.0907432,-23.0577,-0.414453,-0.434544,3.86647,-0.0328218,-0.241457,-1.77406,-0.144706,-0.119788,-1.64703,-0.967208,0.188877,0.0960708,0.258961,0.0622666,False,True
2.315,-0.114008,0.593472,1.54045,0.0131467,0.50195,5.04346,-0.427215,-1.67107,-7.79211,1.08924,2.98046,1.844,-0.662024,-1.30938,-0.183497,-0.0131467,-0.50195,-0.0178004,0.114008,-0.593472,-2.51075,0.0339976,0.228997,-23.4185,-0.579832,0.348137,12.0462,0.996464,0.0895055,-23.3353,-0.416632,-0.437643,3.79487,-0.0339976,-0.228997,-1.7821,-0.103589,-0.0798953,-1.66903,-0.955119,0.189783,0.0963843,0.258961,0.0622666,False,True
2.32,-0.110895,0.651687,1.58361,0.0157156,0.525044,5.10545,-0.435917,-1.8026,-7.22772,1.10448,3.09768,1.68701,-0.668558,-1.29508,-0.100135,-0.0157156,-0.525044,-0.0158927,0.110895,-0.651687,-2.79619,0.0351118,0.216801,-23.5628,-0.57808,0.352919,11.2692,0.996909,0.0884708,-23.6278,-0.418829,-0.44139,3.72245,-0.0351118,-0.216801,-1.78517,-0.0607944,-0.0393306,-1.6719,-0.925124,0.190667,0.0967253,0.258961,0.0622666,False,True
2.325,-0.107491,0.709594,1.62121,0.0183971,0.54671,5.13191,-0.445241,-1.91994,-6.6401,1.12022,3.18199,1.52477,-0.674974,-1.26205,-0.0160821,-0.0183971,-0.54671,-0.0130753,0.107491,-0.709594,-3.07304,0.0361656,0.204845,-23.6544,-0.576302,0.358109,10.4487,0.997349,0.0875963,-23.9301,-0.421046,-0.445706,3.64916,-0.0361656,-0.204845,-1.78304,-0.0171485,0.00106873,-1.6551,-0.877488,0.191528,0.0970931,0.258961,0.0622666,False,True
2.33,-0.103799,0.766815,1.65216,0.0211827,0.566387,5.12168,-0.455116,-2.02277,-6.03913,1.13629,3.23326,1.35951,-0.681179,-1.21049,0.0671859,-0.0211827,-0.566387,-0.00934172,0.103799,-0.766815,-3.33583,0.0371603,0.1931,-23.6893,-0.574498,0.363667,9.59634,0.997785,0.0868413,-24.2377,-0.423286,-0.450509,3.57495,-0.0371603,-0.1931,-1.77557,0.0266087,0.0405646,-1.61846,-0.812825,0.192364,0.0974872,0.258961,0.0622666,False,True
2.335,-0.0998233,0.822989,1.67533,0.024061,0.583526,5.07419,-0.465469,-2.11093,-5.43241,1.15255,3.25189,1.19328,-0.687079,-1.14096,0.148371,-0.024061,-0.583526,-0.0047032,0.0998233,-0.822989,-3.57991,0.0380966,0.181535,-23.6645,-0.572666,0.369548,8.72174,0.998217,0.0861682,-24.547,-0.425551,-0.455716,3.49975,-0.0380966,-0.181535,-1.76276,0.0698192,0.0785155,-1.56209,-0.732042,0.193176,0.0979067,0.258961,0.0622666,False,True
2.34,-0.0955695,0.877774,1.68955,0.0270179,0.597595,4.9895,-0.476226,-2.18443,-4.82561,1.16881,3.23866,1.02795,-0.692588,-1.05423,0.226342,-0.0270179,-0.597595,0.000809608,0.0955695,-0.877774,-3.8015,0.0389756,0.170118,-23.5782,-0.570803,0.375703,7.83296,0.998646,0.085542,-24.8553,-0.427843,-0.461245,3.42352,-0.0389756,-0.170118,-1.74469,0.1119,0.114371,-1.4864,-0.63629,0.193962,0.0983507,0.258961,0.0622666,False,True
2.345,-0.0910456,0.93085,1.6937,0.0300369,0.608096,4.86836,-0.487313,-2.24335,-4.22274,1.18493,3.1947,0.865262,-0.697622,-0.951351,0.30012,-0.0300369,-0.608096,0.00714497,0.0910456,-0.93085,-3.99756,0.0397978,0.158817,-23.4301,-0.568909,0.382083,6.93672,0.999073,0.0849308,-25.1602,-0.430164,-0.467014,3.34637,-0.0397978,-0.158817,-1.72153,0.152336,0.147667,-1.39202,-0.526923,0.194722,0.0988183,0.258961,0.0622666,False,True
2.35,-0.086261,0.981914,1.68679,0.0330989,0.61457,4.71221,-0.498659,-2.28784,-3.62653,1.20076,3.12136,0.70681,-0.702102,-0.833527,0.368862,-0.0330989,-0.61457,0.014229,0.086261,-0.981914,-4.16576,0.0405638,0.147598,-23.2206,-0.566982,0.388634,6.0387,0.999496,0.0843056,-25.4598,-0.432514,-0.47294,3.26847,-0.0405638,-0.147598,-1.69354,0.19067,0.178016,-1.27982,-0.405452,0.195457,0.0993085,0.258961,0.0622666,False,True
2.355,-0.0812264,1.03068,1.66799,0.0361826,0.616612,4.52318,-0.510192,-2.31806,-3.03875,1.21615,3.02021,0.554094,-0.705957,-0.702143,0.431851,-0.0361826,-0.616612,0.0219654,0.0812264,-1.03068,-4.30438,0.0412738,0.13643,-22.9514,-0.565022,0.395303,5.14381,0.999916,0.0836405,-25.7523,-0.434893,-0.478944,3.19015,-0.0412738,-0.13643,-1.66104,0.2265,0.205104,-1.15085,-0.273507,0.196164,0.0998202,0.258961,0.0622666,False,True
2.36,-0.0759541,1.0769,1.63668,0.039265,0.613879,4.30397,-0.52184,-2.33421,-2.46054,1.23096,2.89292,0.40852,-0.709123,-0.558714,0.488484,-0.039265,-0.613879,0.0302355,0.0759541,-1.0769,-4.41226,0.0419281,0.125284,-22.6252,-0.563029,0.402035,4.25645,1.00033,0.0829121,-26.0366,-0.437303,-0.484947,3.11179,-0.0419281,-0.125284,-1.62441,0.259468,0.228683,-1.00634,-0.132808,0.196845,0.100352,0.258961,0.0622666,False,True
2.365,-0.0704575,1.12031,1.59248,0.0423214,0.606105,4.05785,-0.533534,-2.33644,-1.89268,1.24508,2.74131,0.271416,-0.711544,-0.404868,0.538263,-0.0423214,-0.606105,0.0389001,0.0704575,-1.12031,-4.48869,0.0425266,0.114134,-22.2458,-0.561002,0.408774,3.38068,1.00074,0.0821003,-26.3113,-0.439743,-0.490874,3.03389,-0.0425266,-0.114134,-1.58407,0.289263,0.248573,-0.84767,0.014871,0.197498,0.100903,0.258961,0.0622666,False,True
2.37,-0.0647511,1.1607,1.53525,0.0453261,0.593106,3.7885,-0.545204,-2.32494,-1.33585,1.25838,2.56726,0.144038,-0.713172,-0.242313,0.580796,-0.0453261,-0.593106,0.0478012,0.0647511,-1.1607,-4.5334,0.0430694,0.102956,-21.8176,-0.558941,0.415462,2.52043,1.00115,0.0811876,-26.5754,-0.442212,-0.49665,2.95708,-0.0430694,-0.102956,-1.5405,0.315613,0.264651,-0.676383,0.167729,0.198124,0.101472,0.258961,0.0622666,False,True
2.375,-0.0588505,1.19785,1.4651,0.0482525,0.574791,3.49994,-0.556783,-2.29987,-0.79087,1.27075,2.37269,0.0275745,-0.713967,-0.0728218,0.61579,-0.0482525,-0.574791,0.0567658,0.0588505,-1.19785,-4.54643,0.0435562,0.0917277,-21.3458,-0.556847,0.422045,1.6796,1.00156,0.080159,-26.828,-0.444709,-0.502204,2.88205,-0.0435562,-0.0917277,-1.49418,0.338292,0.276858,-0.494142,0.323966,0.198722,0.102058,0.258961,0.0622666,False,True
2.38,-0.0527725,1.2316,1.38237,0.051074,0.551168,3.1964,-0.568203,-2.26138,-0.258816,1.2821,2.15958,-0.0768518,-0.7139,0.101796,0.643053,-0.051074,-0.551168,0.0656098,0.0527725,-1.2316,-4.52809,0.0439867,0.0804328,-20.8364,-0.554721,0.428463,0.862132,1.00195,0.0790026,-27.0683,-0.447234,-0.507466,2.80956,-0.0439867,-0.0804328,-1.44565,0.357112,0.285191,-0.302729,0.481804,0.199293,0.102658,0.258961,0.0622666,False,True
2.385,-0.0465346,1.26176,1.28762,0.0537642,0.522347,2.88219,-0.579397,-2.20967,0.258805,1.29235,1.92996,-0.168189,-0.712949,0.279716,0.662495,-0.0537642,-0.522347,0.0741432,0.0465346,-1.26176,-4.47892,0.0443605,0.0690568,-20.2958,-0.552563,0.434662,0.0720583,1.00235,0.0777089,-27.2956,-0.449784,-0.512371,2.7404,-0.0443605,-0.0690568,-1.39546,0.371933,0.289705,-0.104023,0.639517,0.199836,0.103273,0.258961,0.0622666,False,True
2.39,-0.0401549,1.2882,1.1816,0.0562975,0.488542,2.5616,-0.5903,-2.14496,0.759988,1.3014,1.68584,-0.245461,-0.711103,0.459123,0.674125,-0.0562975,-0.488542,0.0821758,0.0401549,-1.2882,-4.39962,0.0446773,0.0575885,-19.7309,-0.550374,0.440584,-0.686471,1.00273,0.0762714,-27.5094,-0.452357,-0.516856,2.67539,-0.0446773,-0.0575885,-1.34419,0.382661,0.29051,0.100019,0.795449,0.200351,0.1039,0.258961,0.0622666,False,True
2.395,-0.0336526,1.31078,1.06521,0.0586496,0.450068,2.23878,-0.600847,-2.0675,1.24218,1.3092,1.42927,-0.307777,-0.708358,0.638232,0.678053,-0.0586496,-0.450068,0.0895232,0.0336526,-1.31078,-4.29101,0.0449364,0.0460194,-19.149,-0.548157,0.446176,-1.40921,1.00311,0.074686,-27.7095,-0.454952,-0.520862,2.61533,-0.0449364,-0.0460194,-1.29241,0.389248,0.287767,0.307387,0.948035,0.200839,0.104539,0.258961,0.0622666,False,True
2.4,-0.0270472,1.3294,0.939447,0.0607981,0.407336,1.91764,-0.610975,-1.97765,1.70229,1.3157,1.16234,-0.354343,-0.704721,0.815313,0.674482,-0.0607981,-0.407336,0.0960128,0.0270472,-1.3294,-4.15401,0.0451375,0.0343437,-18.5576,-0.545913,0.451384,-2.09188,1.00348,0.0729517,-27.8956,-0.457566,-0.524335,2.56105,-0.0451375,-0.0343437,-1.24074,0.391696,0.281682,0.51604,1.09582,0.2013,0.105187,0.258961,0.0622666,False,True
2.405,-0.0203586,1.34398,0.805421,0.062723,0.360847,1.60182,-0.620623,-1.87581,2.13668,1.32083,0.8871,-0.384477,-0.700205,0.988712,0.663704,-0.062723,-0.360847,0.10149,0.0203586,-1.34398,-3.98961,0.0452799,0.0225571,-17.9644,-0.543643,0.456156,-2.73018,1.00384,0.0710698,-28.0679,-0.460196,-0.527226,2.5133,-0.0452799,-0.0225571,-1.18976,0.390054,0.272501,0.723936,1.23748,0.201734,0.105844,0.258961,0.0622666,False,True
2.41,-0.0136074,1.35444,0.664294,0.0644066,0.311178,1.29455,-0.629733,-1.76252,2.54128,1.32457,0.605652,-0.397623,-0.694833,1.15687,0.646091,-0.0644066,-0.311178,0.105824,0.0136074,-1.35444,-3.79886,0.045363,0.0106571,-17.3771,-0.541351,0.460446,-3.3199,1.00419,0.0690446,-28.2266,-0.462838,-0.52949,2.47282,-0.045363,-0.0106571,-1.14006,0.384418,0.260502,0.929062,1.37183,0.202141,0.106508,0.258961,0.0622666,False,True
2.415,-0.00681419,1.36074,0.517275,0.0658347,0.258971,0.998718,-0.638248,-1.63842,2.91167,1.32688,0.320085,-0.393369,-0.688636,1.31834,0.622081,-0.0658347,-0.258971,0.108911,0.00681419,-1.36074,-3.58285,0.0453864,-0.00135814,-16.8036,-0.539039,0.464206,-3.85702,1.00453,0.0668829,-28.3722,-0.465491,-0.531089,2.4403,-0.0453864,0.00135814,-1.09223,0.374931,0.245984,1.12946,1.49783,0.202522,0.107179,0.258961,0.0622666,False,True
2.42,4.26642e-17,1.36284,0.365615,0.0669963,0.204913,0.716782,-0.646117,-1.50429,3.24317,1.32777,0.0324925,-0.371463,-0.68165,1.47179,0.592168,-0.0669963,-0.204913,0.110681,4.26642e-17,-1.36284,-3.34277,0.0453494,-0.01349,-16.2515,-0.536709,0.467396,-4.33777,1.00486,0.0645939,-28.5053,-0.468149,-0.53199,2.41633,-0.0453494,0.01349,-1.04682,0.361772,0.229257,1.32325,1.61459,0.202877,0.107855,0.258961,0.0622666,False,True
2.425,0.00681419,1.36074,0.210602,0.0678839,0.149726,0.450812,-0.653291,-1.36102,3.53101,1.32721,-0.25503,-0.331825,-0.673918,1.61605,0.556878,-0.0678839,-0.149726,0.111095,-0.00681419,-1.36074,-3.07988,0.0452515,-0.0257399,-15.7282,-0.534365,0.469979,-4.75872,1.00518,0.0621891,-28.6266,-0.470811,-0.532168,2.40142,-0.0452515,0.0257399,-1.00435,0.345159,0.210631,1.50867,1.72137,0.203206,0.108535,0.258961,0.0622666,False,True
2.43,0.0136074,1.35444,0.0535657,0.0684936,0.0941421,0.202501,-0.659727,-1.20966,3.77043,1.32522,-0.540391,-0.274567,-0.66549,1.75005,0.516759,-0.0684936,-0.0941421,0.110152,-0.0136074,-1.35444,-2.79553,0.0450921,-0.0381098,-15.2409,-0.532009,0.471921,-5.11689,1.00548,0.0596819,-28.737,-0.473471,-0.531603,2.39595,-0.0450921,0.0381098,-0.965325,0.325337,0.190408,1.6841,1.81761,0.203511,0.109219,0.258961,0.0622666,False,True
2.435,0.0203586,1.34398,-0.104112,0.0688253,0.0388878,-0.0268001,-0.665388,-1.05139,3.95688,1.32181,-0.821502,-0.199994,-0.656418,1.8729,0.47236,-0.0688253,-0.0388878,0.107884,-0.0203586,-1.34398,-2.4912,0.0448704,-0.0506023,-14.7966,-0.529646,0.473196,-5.40984,1.00577,0.0570874,-28.8376,-0.476127,-0.530283,2.40018,-0.0448704,0.0506023,-0.930184,0.302571,0.168865,1.84804,1.90285,0.203791,0.109905,0.258961,0.0622666,False,True
2.44,0.0270472,1.3294,-0.260996,0.0688825,-0.0153335,-0.236041,-0.670241,-0.887524,4.08609,1.317,-1.09629,-0.10862,-0.646761,1.98381,0.424213,-0.0688825,0.0153335,0.104358,-0.0270472,-1.3294,-2.16851,0.044586,-0.0632209,-14.4015,-0.527277,0.473781,-5.63566,1.00605,0.0544219,-28.9292,-0.478774,-0.528203,2.41422,-0.044586,0.0632209,-0.899342,0.277141,0.146251,1.99917,1.97678,0.204046,0.110594,0.258961,0.0622666,False,True
2.445,0.0336526,1.31078,-0.41559,0.068672,-0.0678588,-0.42443,-0.674263,-0.719475,4.15423,1.31084,-1.36268,-0.00116096,-0.63658,2.08215,0.37282,-0.068672,0.0678588,0.0996703,-0.0336526,-1.31078,-1.8292,0.0442382,-0.0759701,-14.0615,-0.524908,0.473661,-5.79308,1.00632,0.0517028,-29.0128,-0.481409,-0.525363,2.43806,-0.0442382,0.0759701,-0.873173,0.249334,0.122779,2.13634,2.03919,0.204278,0.111283,0.258961,0.0622666,False,True
2.45,0.0401549,1.2882,-0.566348,0.0682039,-0.118081,-0.591395,-0.677436,-0.548778,4.15801,1.30337,-1.61862,0.121463,-0.625939,2.16739,0.318641,-0.0682039,0.118081,0.0939445,-0.0401549,-1.2882,-1.47517,0.0438263,-0.088855,-13.782,-0.522541,0.472824,-5.88143,1.00657,0.0489475,-29.0893,-0.484027,-0.521771,2.47161,-0.0438263,0.088855,-0.852009,0.219434,0.0986191,2.25856,2.08995,0.204486,0.111974,0.258961,0.0622666,False,True
2.455,0.0465346,1.26176,-0.711685,0.0674911,-0.16546,-0.736545,-0.679751,-0.377051,4.09478,1.29466,-1.86207,0.258138,-0.614906,2.23912,0.262082,-0.0674911,0.16546,0.0873261,-0.0465346,-1.26176,-1.10846,0.0433497,-0.101882,-13.5674,-0.520179,0.471267,-5.90067,1.00681,0.0461735,-29.1593,-0.486626,-0.517441,2.51461,-0.0433497,0.101882,-0.836135,0.187718,0.0738963,2.36501,2.12902,0.204672,0.112666,0.258961,0.0622666,False,True
2.46,0.0527725,1.2316,-0.850002,0.0665493,-0.209537,-0.859646,-0.681206,-0.205982,3.96256,1.28475,-2.09102,0.407565,-0.603548,2.297,0.20349,-0.0665493,0.209537,0.0799776,-0.0527725,-1.2316,-0.731165,0.0428075,-0.115057,-13.4215,-0.517828,0.468992,-5.85141,1.00703,0.0433976,-29.2235,-0.489202,-0.51239,2.56666,-0.0428075,0.115057,-0.825783,0.154449,0.0486925,2.45503,2.15637,0.204835,0.113359,0.258961,0.0622666,False,True
2.465,0.0588505,1.19785,-0.97972,0.0653958,-0.249936,-0.9606,-0.681811,-0.037307,3.76014,1.27375,-2.30347,0.568279,-0.591936,2.34078,0.143154,-0.0653958,0.249936,0.072073,-0.0588505,-1.19785,-0.345492,0.0421991,-0.128388,-13.3472,-0.51549,0.466006,-5.73481,1.00724,0.0406357,-29.2823,-0.49175,-0.506642,2.62719,-0.0421991,0.128388,-0.821136,0.119872,0.0230476,2.52809,2.17201,0.204977,0.114054,0.258961,0.0622666,False,True
2.47,0.0647511,1.1607,-1.09932,0.0640499,-0.286377,-1.03944,-0.681579,0.127211,3.48707,1.26172,-2.49745,0.738666,-0.58014,2.37024,0.0813071,-0.0640499,0.286377,0.0637924,-0.0647511,-1.1607,0.0463323,0.0415236,-0.14188,-13.3463,-0.513168,0.462323,-5.55262,1.00744,0.0379019,-29.3358,-0.494268,-0.500225,2.69556,-0.0415236,0.14188,-0.822343,0.0842123,-0.00303388,2.5838,2.17595,0.205097,0.11475,0.258961,0.0622666,False,True
2.475,0.0704575,1.12031,-1.2074,0.062532,-0.318671,-1.09634,-0.680538,0.285802,3.14375,1.24877,-2.67104,0.91698,-0.568233,2.38524,0.018134,-0.062532,0.318671,0.0553165,-0.0704575,-1.12031,0.442061,0.0407803,-0.155541,-13.4198,-0.510866,0.457962,-5.30707,1.00762,0.0352086,-29.384,-0.496752,-0.493171,2.77104,-0.0407803,0.155541,-0.829538,0.0476782,-0.0295755,2.62189,2.16817,0.205196,0.115448,0.258961,0.0622666,False,True
2.48,0.0759541,1.0769,-1.30271,0.0608632,-0.346722,-1.13161,-0.678721,0.436717,2.73143,1.23501,-2.82235,1.10137,-0.556288,2.38564,-0.0462142,-0.0608632,0.346722,0.0468218,-0.0759541,-1.0769,0.839454,0.0399682,-0.169376,-13.5674,-0.508588,0.452948,-5.00091,1.00779,0.0325659,-29.4263,-0.4992,-0.485514,2.85287,-0.0399682,0.169376,-0.84285,0.0104596,-0.0566184,2.64217,2.14863,0.205274,0.116149,0.258961,0.0622666,False,True
2.485,0.0812264,1.03068,-1.38421,0.0590648,-0.370525,-1.14574,-0.676171,0.578246,2.25224,1.22055,-2.94956,1.28989,-0.544377,2.37132,-0.111604,-0.0590648,0.370525,0.0384765,-0.0812264,-1.03068,1.23628,0.0390865,-0.18339,-13.7875,-0.506337,0.44731,-4.63734,1.00794,0.0299811,-29.4623,-0.501608,-0.477291,2.94029,-0.0390865,0.18339,-0.86242,-0.0272641,-0.0842089,2.64456,2.11724,0.205332,0.116854,0.258961,0.0622666,False,True
2.49,0.086261,0.981914,-1.45107,0.0571579,-0.390161,-1.13941,-0.672939,0.708745,1.70929,1.20551,-3.05093,1.48052,-0.532575,2.34218,-0.177898,-0.0571579,0.390161,0.0304363,-0.086261,-0.981914,1.63031,0.0381343,-0.197587,-14.0776,-0.504115,0.441083,-4.22008,1.00809,0.0274589,-29.4908,-0.503973,-0.468542,3.0326,-0.0381343,0.197587,-0.888396,-0.0653173,-0.112385,2.62905,2.07388,0.205371,0.117564,0.258961,0.0622666,False,True
2.495,0.0910456,0.93085,-1.50279,0.0551632,-0.405789,-1.11355,-0.669084,0.826659,1.10673,1.19004,-3.12482,1.67119,-0.520955,2.29816,-0.244929,-0.0551632,0.405789,0.022842,-0.0910456,-0.93085,2.01926,0.0371107,-0.211969,-14.4335,-0.501926,0.434307,-3.75338,1.00822,0.0250009,-29.511,-0.506293,-0.459308,3.12915,-0.0371107,0.211969,-0.920938,-0.103518,-0.141162,2.5957,2.01836,0.205389,0.11828,0.258961,0.0622666,False,True
2.5,0.0955695,0.877774,-1.5391,0.0531001,-0.41764,-1.06929,-0.664672,0.930552,0.44984,1.17427,-3.16976,1.85974,-0.509593,2.23921,-0.312471,-0.0531001,0.41764,0.0158172,-0.0955695,-0.877774,2.40075,0.0360146,-0.226536,-14.8499,-0.499772,0.427026,-3.24216,1.00834,0.0226057,-29.5213,-0.508566,-0.449632,3.22938,-0.0360146,0.226536,-0.960188,-0.141666,-0.170514,2.54466,1.95052,0.205389,0.119004,0.258961,0.0622666,False,True
2.505,0.0998233,0.822989,-1.56007,0.0509868,-0.426006,-1.00808,-0.659778,1.01913,-0.254797,1.15834,-3.18444,2.04399,-0.498563,2.1653,-0.38021,-0.0509868,0.426006,0.00946695,-0.0998233,-0.822989,2.77219,0.0348453,-0.241289,-15.3198,-0.497656,0.419289,-2.69209,1.00845,0.0202685,-29.5207,-0.510789,-0.439557,3.33281,-0.0348453,0.241289,-1.00624,-0.179528,-0.200358,2.47614,1.87015,0.20537,0.119738,0.258961,0.0622666,False,True
2.51,0.103799,0.766815,-1.56601,0.04884,-0.431232,-0.931609,-0.654481,1.0913,-0.999172,1.14242,-3.16782,2.22167,-0.48794,2.07652,-0.447707,-0.04884,0.431232,0.0038768,-0.103799,-0.766815,3.13068,0.0336017,-0.256225,-15.835,-0.495579,0.411149,-2.10983,1.00854,0.0179813,-29.5077,-0.512961,-0.42913,3.43903,-0.0336017,0.256225,-1.05909,-0.216823,-0.230539,2.39049,1.77711,0.205331,0.120482,0.258961,0.0622666,False,True
2.515,0.107491,0.709594,-1.55751,0.0466745,-0.433706,-0.841861,-0.648865,1.14614,-1.77367,1.12666,-3.11917,2.39045,-0.477798,1.97303,-0.514374,-0.0466745,0.433706,-0.00088691,-0.107491,-0.709594,3.47288,0.0322831,-0.271341,-16.3857,-0.493544,0.402666,-1.5032,1.00862,0.0157329,-29.4816,-0.515081,-0.418399,3.54762,-0.0322831,0.271341,-1.11855,-0.253206,-0.260809,2.28815,1.67129,0.205275,0.121239,0.258961,0.0622666,False,True
2.52,0.110895,0.651687,-1.53534,0.0445029,-0.433847,-0.741051,-0.64302,1.18303,-2.5669,1.11123,-3.03816,2.54791,-0.46821,1.85513,-0.579436,-0.0445029,0.433847,-0.00477685,-0.110895,-0.651687,3.79486,0.0308883,-0.286632,-16.9606,-0.491553,0.393905,-0.881416,1.0087,0.0135086,-29.4416,-0.517145,-0.407413,3.6581,-0.0308883,0.286632,-1.18416,-0.288253,-0.290818,2.16977,1.55273,0.2052,0.122011,0.258961,0.0622666,False,True
2.525,0.114008,0.593472,-1.50043,0.042336,-0.432099,-0.631584,-0.637035,1.20162,-3.36559,1.09628,-2.92495,2.6915,-0.459246,1.72333,-0.641909,-0.042336,0.432099,-0.00776382,-0.114008,-0.593472,4.09197,0.0294167,-0.302094,-17.5471,-0.489605,0.384938,-0.25529,1.00876,0.0112905,-29.388,-0.519155,-0.396228,3.76982,-0.0294167,0.302094,-1.25509,-0.32145,-0.320097,2.03615,1.42162,0.205107,0.1228,0.258961,0.0622666,False,True
2.53,0.11683,0.53535,-1.45381,0.0401819,-0.428919,-0.515985,-0.631003,1.20191,-4.15451,1.08198,-2.78027,2.81856,-0.450976,1.57836,-0.700586,-0.0401819,0.428919,-0.00983562,-0.11683,-0.53535,4.35877,0.0278674,-0.317721,-18.1312,-0.487703,0.375845,0.362589,1.00881,0.0090572,-29.3215,-0.521108,-0.384902,3.88187,-0.0278674,0.317721,-1.33002,-0.352181,-0.348051,1.88838,1.27839,0.204995,0.123608,0.258961,0.0622666,False,True
2.535,0.119362,0.47774,-1.39652,0.0380468,-0.42477,-0.396785,-0.625016,1.1843,-4.9165,1.06848,-2.60557,2.92625,-0.443463,1.42127,-0.754027,-0.0380468,0.42477,-0.0109958,-0.119362,-0.47774,4.58893,0.0262395,-0.333508,-18.698,-0.485847,0.366716,0.957801,1.00885,0.00678379,-29.244,-0.523004,-0.3735,3.99299,-0.0262395,0.333508,-1.40708,-0.379727,-0.373961,1.72784,1.12375,0.204866,0.124436,0.258961,0.0622666,False,True
2.54,0.121607,0.421079,-1.32953,0.0359342,-0.42011,-0.276406,-0.61916,1.14962,-5.63265,1.05592,-2.40307,3.01159,-0.436764,1.25345,-0.80057,-0.0359342,0.42011,-0.0112624,-0.121607,-0.421079,4.77523,0.0245323,-0.349448,-19.2317,-0.484036,0.35765,1.51415,1.00888,0.00444166,-29.158,-0.524843,-0.362092,4.10149,-0.0245323,0.349448,-1.48372,-0.403267,-0.396985,1.55625,0.958796,0.204719,0.125288,0.258961,0.0622666,False,True
2.545,0.123573,0.365826,-1.25373,0.0338457,-0.41539,-0.157007,-0.61352,1.09916,-6.28267,1.04445,-2.17587,3.07141,-0.430928,1.07672,-0.838359,-0.0338457,0.41539,-0.0106667,-0.123573,-0.365826,4.90968,0.022745,-0.365537,-19.7161,-0.48227,0.348761,2.01388,1.00889,0.00199827,-29.0674,-0.526625,-0.350759,4.20522,-0.022745,0.365537,-1.55677,-0.421892,-0.416173,1.37574,0.785,0.204555,0.126164,0.258961,0.0622666,False,True
2.55,0.125266,0.312458,-1.1698,0.0317803,-0.411041,-0.0403346,-0.608169,1.03472,-6.84533,1.03417,-1.92804,3.10239,-0.425996,0.893318,-0.86538,-0.0317803,0.411041,-0.0092518,-0.125266,-0.312458,4.98364,0.0208769,-0.381772,-20.1353,-0.480548,0.340173,2.43809,1.0089,-0.000583033,-28.9764,-0.52835,-0.33959,4.30161,-0.0208769,0.381772,-1.62242,-0.434622,-0.430491,1.18887,0.604318,0.204373,0.127066,0.258961,0.0622666,False,True
2.555,0.126697,0.261472,-1.0782,0.0297353,-0.407472,0.0724309,-0.603173,0.958616,-7.29916,1.02517,-1.66461,3.10104,-0.421995,0.70599,-0.879527,-0.0297353,0.407472,-0.00707247,-0.126697,-0.261472,4.98808,0.0189273,-0.39815,-20.4739,-0.478869,0.332028,2.76731,1.00889,-0.00334335,-28.8902,-0.530021,-0.328684,4.38765,-0.0189273,0.39815,-1.67647,-0.440441,-0.438849,0.998671,0.419195,0.204173,0.127997,0.258961,0.0622666,False,True
2.56,0.12788,0.213384,-0.979131,0.0277056,-0.405061,0.180805,-0.598583,0.873677,-7.62324,1.01752,-1.39165,3.06375,-0.418936,0.517968,-0.878668,-0.0277056,0.405061,-0.00419436,-0.12788,-0.213384,4.91394,0.0168954,-0.414667,-20.7177,-0.477228,0.324479,2.98213,1.00887,-0.00632847,-28.814,-0.531637,-0.318151,4.45981,-0.0168954,0.414667,-1.7146,-0.438325,-0.440138,0.808642,0.232593,0.203955,0.128958,0.258961,0.0622666,False,True
2.565,0.128831,0.16873,-0.872533,0.0256847,-0.40415,0.285092,-0.594436,0.783216,-7.79789,1.01125,-1.11619,2.9868,-0.416815,0.332975,-0.86072,-0.0256847,0.40415,-0.000694618,-0.128831,-0.16873,4.75247,0.0147806,-0.431321,-20.8546,-0.475624,0.317699,3.06386,1.00883,-0.00958916,-28.7535,-0.533202,-0.30811,4.51379,-0.0147806,0.431321,-1.73308,-0.427281,-0.433267,0.622745,0.0479885,0.203719,0.129949,0.258961,0.0622666,False,True
2.57,0.129568,0.128066,-0.758089,0.0236641,-0.405039,0.386419,-0.590751,0.690996,-7.80547,1.00636,-0.846197,2.86639,-0.415607,0.155201,-0.823717,-0.0236641,0.405039,0.00333648,-0.129568,-0.128066,4.49572,0.0125822,-0.448108,-20.8748,-0.474051,0.311875,2.99503,1.00877,-0.0131814,-28.7148,-0.534718,-0.298693,4.54367,-0.0125822,0.448108,-1.72979,-0.406383,-0.417195,0.445379,-0.130645,0.203465,0.130971,0.258961,0.0622666,False,True
2.575,0.130112,0.0919651,-0.635287,0.0216343,-0.407976,0.486682,-0.587526,0.601179,-7.63081,1.00279,-0.590445,2.69862,-0.415263,-0.0107344,-0.765864,-0.0216343,0.407976,0.00779217,-0.130112,-0.0919651,4.13703,0.0102996,-0.465016,-20.7717,-0.472505,0.307211,2.75947,1.00869,-0.0171667,-28.705,-0.536189,-0.290044,4.54026,-0.0102996,0.465016,-1.70619,-0.374801,-0.390955,0.281335,-0.29887,0.203193,0.132026,0.258961,0.0622666,False,True
2.58,0.130487,0.0610227,-0.503524,0.0195844,-0.413151,0.588386,-0.584739,0.518264,-7.26137,1.00045,-0.35843,2.47952,-0.415714,-0.159834,-0.685566,-0.0195844,0.413151,0.0125428,-0.130487,-0.0610227,3.6716,0.00793207,-0.482029,-20.5421,-0.470979,0.303931,2.3418,1.0086,-0.0216126,-28.7345,-0.537619,-0.282319,4.48801,-0.00793207,0.482029,-1.67063,-0.331816,-0.35367,0.135739,-0.451831,0.202902,0.133113,0.258961,0.0622666,False,True
2.585,0.130722,0.0358524,-0.362274,0.0175028,-0.420679,0.694339,-0.582343,0.44703,-6.68702,0.999205,-0.160254,2.20497,-0.416862,-0.286776,-0.581421,-0.0175028,0.420679,0.0174245,-0.130722,-0.0358524,3.09721,0.00547928,-0.499109,-20.1878,-0.469466,0.302286,1.72597,1.00848,-0.0265934,-28.8199,-0.539012,-0.275693,4.35948,-0.00547928,0.499109,-1.64419,-0.276829,-0.304538,0.0139862,-0.584294,0.202591,0.134232,0.258961,0.0622666,False,True
2.59,0.130846,0.0170873,-0.211348,0.0153776,-0.430581,0.807155,-0.580268,0.392498,-5.8993,0.99885,-0.00653479,1.87064,-0.418582,-0.385963,-0.452188,-0.0153776,0.430581,0.0222198,-0.130846,-0.0170873,2.41517,0.00294099,-0.516188,-19.7165,-0.467956,0.302562,0.892709,1.00833,-0.032191,-28.989,-0.540376,-0.270371,4.10716,-0.00294099,0.516188,-1.67125,-0.209354,-0.242802,-0.0783168,-0.690684,0.202262,0.135383,0.258961,0.0622666,False,True
2.595,0.130893,0.00538006,-0.0590609,0.013197,-0.442753,0.920536,-0.578418,0.35992,-4.94735,0.99914,0.0916334,1.49388,-0.420721,-0.451553,-0.304999,-0.013197,0.442753,0.0264128,-0.130893,-0.00538006,1.66577,0.0003174,-0.533145,-19.1868,-0.46644,0.305102,-0.11318,1.00816,-0.0384975,-29.2425,-0.541716,-0.266605,3.72914,-0.0003174,0.533145,-1.88314,-0.133279,-0.171704,-0.135413,-0.765096,0.201911,0.136564,0.258961,0.0622666,False,True
2.6,0.1309,0.000686877,0.0290355,0.01095,-0.456713,0.470145,-0.576669,0.351887,-3.51012,0.999767,0.129453,0.519677,-0.423097,-0.48134,-0.0701091,-0.01095,0.456713,0.0205625,-0.1309,-0.000686877,1.00917,-0.00239047,-0.549727,-16.7972,-0.464905,0.310034,-1.228,1.00795,-0.0455741,-28.6644,-0.543042,-0.26446,3.17629,0.00239047,0.549727,-1.09983,-0.0204722,-0.0496344,-0.155448,-0.804989,0.201541,0.137775,0.258961,0.0622666,True,True
2.605,0.1309,0,0.027328,0.00862982,-0.471013,-0.0382761,-0.574899,0.358573,-2.47792,1.00043,0.130875,-0.415765,-0.425535,-0.489448,0.11368,-0.00862982,0.471013,0.0192213,-0.1309,0,0.673881,-0.00517987,-0.56542,-14.6346,-0.46334,0.316296,-1.8298,1.0077,-0.0532997,-27.6729,-0.544361,-0.262997,3.04962,0.00517987,0.56542,-0.934812,0.0701959,0.0434819,-0.153587,-0.823467,0.201151,0.139013,0.25235,0.071248,True,True
2.61,0.1309,0,-0.0211956,0.00623991,-0.484232,-0.627962,-0.573084,0.367562,-1.5526,1.00108,0.125284,-1.5766,-0.427992,-0.492846,0.317622,-0.00623991,0.484232,0.0373276,-0.1309,-2.77556e-15,0.535613,-0.00804466,-0.579704,-12.0733,-0.461742,0.322644,-2.18323,1.00741,-0.0614814,-26.1754,-0.545672,-0.261163,3.02797,0.00804466,0.579704,-0.716256,0.184734,0.132885,-0.147813,-0.836496,0.200742,0.140276,0.24574,0.0802295,True,True
2.615,0.1309,2.77556e-15,-0.0666579,0.0037875,-0.495934,-1.0645,-0.571224,0.376166,-0.6901,1.00169,0.119012,-2.89359,-0.430463,-0.495178,0.535173,-0.0037875,0.495934,0.0783699,-0.1309,-2.77556e-15,0.441398,-0.0109769,-0.592326,-9.5211,-0.460113,0.328848,-2.49227,1.00709,-0.0700309,-24.5393,-0.546972,-0.258817,2.92238,0.0109769,0.592326,-0.508471,0.322358,0.212812,-0.14208,-0.847408,0.200317,0.141561,0.239129,0.0892109,True,True
2.62,0.1309,2.77556e-15,-0.0977198,0.00128057,-0.506005,-1.27018,-0.569322,0.384372,0.0824799,1.00227,0.112133,-4.32041,-0.432944,-0.496505,0.749705,-0.00128057,0.506005,0.139481,-0.1309,0,0.357302,-0.0139679,-0.603183,-7.15709,-0.458454,0.33493,-2.77705,1.00671,-0.0788849,-22.8645,-0.54826,-0.256045,2.74265,0.0139679,0.603183,-0.326211,0.472767,0.276937,-0.136528,-0.85618,0.199876,0.142865,0.232518,0.0981923,True,True
2.625,0.1309,0,-0.112924,-0.00127256,-0.514402,-1.2254,-0.56738,0.392158,0.74165,1.00281,0.10473,-5.82983,-0.435428,-0.496888,0.953928,0.00127256,0.514402,0.219468,-0.1309,0,0.280408,-0.0170087,-0.612239,-5.04728,-0.456764,0.340891,-3.02182,1.0063,-0.0879733,-21.1664,-0.549533,-0.252918,2.52872,0.0170087,0.612239,-0.169523,0.631478,0.322449,-0.131246,-0.862839,0.199424,0.144186,0.225908,0.107174,True,True
2.63,0.1309,-2.77556e-15,-0.112683,-0.00386345,-0.521112,-0.926954,-0.5654,0.399498,1.28028,1.00331,0.0968847,-7.40691,-0.437912,-0.496383,1.14636,0.00386345,0.521112,0.317955,-0.1309,0,0.209345,-0.0200903,-0.619488,-3.21449,-0.455045,0.346711,-3.21984,1.00583,-0.097221,-19.4499,-0.550789,-0.24949,2.30304,0.0200903,0.619488,-0.0370479,0.797477,0.348878,-0.126293,-0.86743,0.19896,0.145519,0.219297,0.116155,True,True
2.635,0.1309,0,-0.0980083,-0.00648368,-0.526142,-0.376839,-0.563385,0.406355,1.69835,1.00378,0.0886812,-9.04439,-0.440392,-0.495037,1.32841,0.00648368,0.526142,0.435286,-0.1309,2.77556e-15,0.14374,-0.0232036,-0.624938,-1.66227,-0.453297,0.352361,-3.36889,1.00532,-0.106549,-17.7148,-0.552027,-0.245811,2.07702,0.0232036,0.624938,0.072707,0.9717,0.35669,-0.121712,-0.870001,0.198489,0.146863,0.212687,0.125137,True,True
2.64,0.1309,2.77556e-15,-0.0698955,-0.00912487,-0.5295,0.423006,-0.561337,0.41269,1.99816,1.0042,0.0802025,-10.7399,-0.442863,-0.492892,1.50262,0.00912487,0.5295,0.572324,-0.1309,0,0.0837586,-0.0263397,-0.628597,-0.387206,-0.451521,0.3578,-3.46885,1.00477,-0.115877,-15.9587,-0.553247,-0.241922,1.85544,0.0263397,0.628597,0.160905,1.15602,0.346563,-0.117533,-0.870594,0.198012,0.148214,0.206076,0.134118,True,True
2.645,0.1309,0,-0.0290993,-0.0117787,-0.531191,1.47278,-0.559258,0.418454,2.18203,1.00458,0.0715316,-12.494,-0.445321,-0.489985,1.67158,0.0117787,0.531191,0.730173,-0.1309,0,0.0298396,-0.0294896,-0.630472,0.61493,-0.449719,0.362983,-3.52032,1.00417,-0.125121,-14.1783,-0.554447,-0.237862,1.63928,0.0294896,0.630472,0.228209,1.35251,0.319006,-0.113785,-0.869249,0.197532,0.14957,0.199465,0.1431,True,True
2.65,0.1309,-2.77556e-15,0.0238764,-0.0144368,-0.531219,2.77504,-0.557152,0.423598,2.25115,1.00491,0.0627517,-14.3092,-0.447763,-0.486349,1.8369,0.0144368,0.531219,0.90979,-0.1309,2.77556e-15,-0.0174557,-0.0326444,-0.630564,1.34644,-0.447891,0.367862,-3.52409,1.00352,-0.134194,-12.3709,-0.555626,-0.233667,1.42717,0.0326444,0.630564,0.27475,1.56263,0.274157,-0.110494,-0.865994,0.197051,0.150927,0.192855,0.152081,True,True
2.655,0.1309,-2.77556e-15,0.0885981,-0.0170909,-0.52958,4.3335,-0.555022,0.42807,2.20524,1.00521,0.0539465,-16.1885,-0.450184,-0.482017,1.99796,0.0170909,0.52958,1.11131,-0.1309,-2.77556e-15,-0.0575381,-0.0357952,-0.62887,1.80689,-0.44604,0.372387,-3.48095,1.00282,-0.14301,-10.5355,-0.556783,-0.229377,1.21646,0.0357952,0.62887,0.300182,1.78617,0.211615,-0.10769,-0.860856,0.196571,0.152283,0.186244,0.161062,True,True
2.66,0.1309,0,0.164255,-0.0197326,-0.526268,6.15011,-0.552872,0.431822,2.0426,1.00545,0.0452006,-18.1346,-0.452583,-0.477022,2.14985,0.0197326,0.526268,1.33287,-0.1309,-2.77556e-15,-0.0898488,-0.0389331,-0.625382,1.99385,-0.444167,0.376514,-3.39184,1.00209,-0.15148,-8.67463,-0.557919,-0.225033,1.004,0.0389331,0.625382,0.303839,2.01933,0.130264,-0.105409,-0.85386,0.196094,0.153634,0.179633,0.170044,True,True
2.665,0.1309,0,0.248732,-0.0223535,-0.521272,8.21903,-0.550704,0.434811,1.76074,1.00566,0.0366,-20.1477,-0.454955,-0.471411,2.27978,0.0223535,0.521272,1.56842,-0.1309,2.77556e-15,-0.113882,-0.042049,-0.620092,1.90546,-0.442275,0.380206,-3.2583,1.00131,-0.159519,-6.79703,-0.559034,-0.220687,0.787322,0.042049,0.620092,0.285091,2.25141,0.0280169,-0.103698,-0.84504,0.195623,0.154979,0.173023,0.179025,True,True
2.67,0.1309,2.77556e-15,0.336852,-0.0249453,-0.514586,10.5153,-0.548523,0.437017,1.35807,1.00582,0.0282329,-22.2227,-0.457297,-0.46525,2.36118,0.0249453,0.514586,1.80405,-0.1309,0,-0.129132,-0.045134,-0.613001,1.54628,-0.440365,0.38345,-3.08355,1.00049,-0.167046,-4.92256,-0.560126,-0.216404,0.566521,0.045134,0.613001,0.244065,2.4592,-0.0984722,-0.102622,-0.834451,0.19516,0.156313,0.166412,0.188007,True,True
2.675,0.1309,0,0.417287,-0.0274994,-0.506215,12.9741,-0.546334,0.438454,0.837563,1.00594,0.0201891,-24.342,-0.459607,-0.458643,2.34428,0.0274994,0.506215,2.0118,-0.1309,-2.77556e-15,-0.134944,-0.0481791,-0.604131,0.938894,-0.438441,0.386273,-2.87444,0.999638,-0.173996,-3.09023,-0.561198,-0.212276,0.347441,0.0481791,0.604131,0.18301,2.59783,-0.254093,-0.102279,-0.822199,0.194707,0.157634,0.159802,0.196988,True,True
2.68,0.1309,0,0.468035,-0.0300074,-0.496193,15.4557,-0.544139,0.439206,0.214095,1.00602,0.0125599,-26.4641,-0.461883,-0.451766,2.1437,0.0300074,0.496193,2.14067,-0.1309,0,-0.130325,-0.0511753,-0.59355,0.144519,-0.436503,0.388771,-2.64515,0.998752,-0.18033,-1.37199,-0.562249,-0.208441,0.145978,0.0511753,0.59355,0.108532,2.58819,-0.445079,-0.102812,-0.808478,0.194268,0.15894,0.153191,0.20597,True,True
2.685,0.1309,2.77556e-15,0.401219,-0.0324613,-0.484619,17.7602,-0.541942,0.43947,-0.341148,1.00607,0.00543484,-28.414,-0.464125,-0.444904,1.75861,0.0324613,0.484619,2.16468,-0.1309,0,-0.103229,-0.0541146,-0.581416,-0.692335,-0.434553,0.391161,-2.52033,0.997835,-0.186059,0.135568,-0.563282,-0.205103,-0.0115327,0.0541146,0.581416,0.0341062,2.41133,-0.653274,-0.104438,-0.793639,0.193844,0.160228,0.14658,0.214951,True,True
2.69,0.1309,-0.000686877,-0.0903724,-0.0348536,-0.471727,19.908,-0.539744,0.43922,-0.121176,1.00608,-0.001164,-29.6721,-0.466332,-0.438056,1.66463,0.0348536,0.471727,2.32497,-0.1309,0.000686877,0.0170343,-0.0569895,-0.567574,-1.33403,-0.432591,0.38959,-3.03061,0.996891,-0.184758,1.40774,-0.5643,-0.204832,-0.141391,0.0569895,0.567574,-0.029144,2.47725,-0.813233,-0.106981,-0.777846,0.193438,0.161497,0.13997,0.223932,True,False
2.695,0.130893,-0.00538006,-1.16318,-0.0371786,-0.457987,20.2462,-0.53755,0.437089,1.80208,1.00605,-0.00743288,-28.5587,-0.468505,-0.429656,2.7331,0.0371786,0.457987,1.61299,-0.130893,0.00538006,0.235114,-0.0597903,-0.550268,-1.00537,-0.430657,0.364626,-4.66665,0.995987,-0.146034,1.54506,-0.56533,-0.218592,-0.238298,0.0597903,0.550268,-0.0328446,2.51848,0.213448,-0.108546,-0.759868,0.193052,0.162746,0.13997,0.223932,True,False
2.7,0.130846,-0.0170873,-2.52573,-0.0394335,-0.443861,20.7615,-0.535373,0.431881,4.15418,1.006,-0.0135188,-27.2918,-0.470629,-0.418362,3.8386,0.0394335,0.443861,1.40442,-0.130846,0.0170873,0.519998,-0.0624922,-0.527963,-0.56163,-0.428945,0.30006,-6.68584,0.995431,-0.0449011,1.6993,-0.566486,-0.255159,-0.354245,0.0624922,0.527963,-0.0364399,2.93333,0.903395,-0.107463,-0.738693,0.19269,0.163977,0.13997,0.223932,True,False
2.705,0.130722,-0.0358524,-3.83904,-0.0416172,-0.429586,21.2133,-0.533231,0.42391,6.2205,1.00592,-0.0193306,-26.3062,-0.472689,-0.404579,4.5289,0.0416172,0.429586,1.36741,-0.130722,0.0358524,0.798361,-0.0650699,-0.500957,-0.126918,-0.427656,0.198609,-8.51036,0.995538,0.11394,1.81752,-0.567882,-0.312549,-0.454491,0.0650699,0.500957,-0.0393993,3.25905,1.26737,-0.103968,-0.714897,0.192352,0.16519,0.13997,0.223932,True,False
2.71,0.130487,-0.0610227,-5.01584,-0.0437294,-0.415278,21.5495,-0.531134,0.413699,7.91462,1.00581,-0.0247625,-25.583,-0.474675,-0.388937,4.89499,0.0437294,0.415278,1.38256,-0.130487,0.0610227,1.05428,-0.0675018,-0.469857,0.275957,-0.426959,0.0670038,-10.0389,0.99657,0.319242,1.89377,-0.569612,-0.386246,-0.532606,0.0675018,0.469857,-0.0418288,3.45737,1.43467,-0.098611,-0.689191,0.192042,0.166391,0.13997,0.223932,True,False
2.715,0.130112,-0.0919651,-6.03993,-0.04577,-0.400994,21.7679,-0.529094,0.401637,9.28205,1.00567,-0.029744,-25.0379,-0.476578,-0.371893,5.08329,0.04577,0.400994,1.40919,-0.130112,0.0919651,1.28672,-0.0697685,-0.43516,0.649148,-0.426986,-0.0884716,-11.2833,0.998731,0.56019,1.93231,-0.571745,-0.471718,-0.588928,0.0697685,0.43516,-0.043892,3.57364,1.50627,-0.0918096,-0.662076,0.19176,0.16758,0.13997,0.223932,True,False
2.72,0.129568,-0.128066,-6.90533,-0.0477393,-0.386761,21.8708,-0.527118,0.388032,10.3549,1.00551,-0.0342281,-24.6232,-0.478394,-0.353804,5.17619,0.0477393,0.386761,1.42783,-0.129568,0.128066,1.49543,-0.0718534,-0.397303,0.995081,-0.427843,-0.261939,-12.257,1.00217,0.826429,1.93705,-0.574329,-0.56449,-0.62409,0.0718534,0.397303,-0.0456746,3.63589,1.53657,-0.0839013,-0.633926,0.191508,0.16876,0.13997,0.223932,True,False
2.725,0.128831,-0.16873,-7.613,-0.0496376,-0.372583,21.8643,-0.525213,0.373144,11.1587,1.00533,-0.0381841,-24.3124,-0.480116,-0.33496,5.21767,0.0496376,0.372583,1.43059,-0.128831,0.16873,1.68067,-0.0737415,-0.356691,1.31591,-0.429606,-0.44793,-12.9761,1.007,1.10815,1.91171,-0.577389,-0.660223,-0.63906,0.0737415,0.356691,-0.0472123,3.66081,1.55279,-0.0751753,-0.605037,0.191287,0.169934,0.13997,0.223932,True,False
2.73,0.12788,-0.213384,-8.16858,-0.0514651,-0.358452,21.7569,-0.523386,0.357208,11.7161,1.00513,-0.0415939,-24.0897,-0.481743,-0.315615,5.23019,0.0514651,0.358452,1.41582,-0.12788,0.213384,1.8431,-0.0754203,-0.313715,1.61318,-0.432323,-0.641416,-13.4589,1.01325,1.39622,1.85989,-0.580931,-0.7548,-0.635139,0.0754203,0.313715,-0.0485079,3.65861,1.56718,-0.0658895,-0.575655,0.191097,0.171104,0.13997,0.223932,True,False
2.735,0.126697,-0.261472,-8.5808,-0.0532221,-0.344354,21.5594,-0.521641,0.34044,12.0494,1.00491,-0.0444492,-23.9445,-0.483273,-0.29599,5.22472,0.0532221,0.344354,1.38505,-0.126697,0.261472,1.98364,-0.0768787,-0.268769,1.88767,-0.43602,-0.837853,-13.7261,1.02096,1.68227,1.78508,-0.584937,-0.844418,-0.61394,0.0768787,0.268769,-0.0495422,3.63594,1.58407,-0.0562776,-0.545995,0.190939,0.172271,0.13997,0.223932,True,False
2.74,0.125266,-0.312458,-8.86036,-0.0549087,-0.330273,21.284,-0.519982,0.323039,12.1813,1.00469,-0.0467504,-23.8685,-0.484703,-0.276288,5.20642,0.0549087,0.330273,1.3413,-0.125266,0.312458,2.10341,-0.0781079,-0.222252,2.1393,-0.440701,-1.03322,-13.8003,1.03008,1.95887,1.69067,-0.589375,-0.925653,-0.577325,0.0781079,0.222252,-0.0502807,3.59754,1.60389,-0.0465529,-0.516246,0.190812,0.173437,0.13997,0.223932,True,False
2.745,0.123573,-0.365826,-9.01911,-0.0565248,-0.316192,20.9442,-0.518411,0.305194,12.1346,1.00445,-0.0485049,-23.8534,-0.486035,-0.256689,5.17772,0.0565248,0.316192,1.28807,-0.123573,0.365826,2.20355,-0.0791012,-0.174578,2.36725,-0.446352,-1.22403,-13.7047,1.04055,2.21955,1.57992,-0.594194,-0.995523,-0.527342,0.0791012,0.174578,-0.0506787,3.54707,1.62538,-0.036909,-0.486577,0.190715,0.174602,0.13997,0.223932,True,False
2.75,0.121607,-0.421079,-9.06923,-0.0580706,-0.302095,20.554,-0.51693,0.287083,11.9321,1.0042,-0.0497264,-23.8915,-0.48727,-0.237357,5.13981,0.0580706,0.302095,1.2288,-0.121607,0.421079,2.28523,-0.0798537,-0.126177,2.57002,-0.452942,-1.40736,-13.4626,1.05227,2.45889,1.45595,-0.59933,-1.05152,-0.466139,0.0798537,0.126177,-0.0506846,3.48757,1.64671,-0.0275199,-0.457141,0.190649,0.175768,0.13997,0.223932,True,False
2.755,0.119362,-0.47774,-9.02277,-0.0595458,-0.287971,20.1275,-0.51554,0.268869,11.5958,1.00395,-0.0504341,-23.9751,-0.488409,-0.218435,5.09339,0.0595458,0.287971,1.16659,-0.119362,0.47774,2.34945,-0.080363,-0.0774952,2.74563,-0.460426,-1.58083,-13.0969,1.06513,2.67247,1.32166,-0.604709,-1.09164,-0.395883,0.080363,0.0774952,-0.0502431,3.42158,1.66604,-0.0185401,-0.428075,0.190612,0.176934,0.13997,0.223932,True,False
2.76,0.11683,-0.53535,-8.89107,-0.0609503,-0.273811,19.6783,-0.514241,0.250704,11.1461,1.0037,-0.0506513,-24.0966,-0.489454,-0.200052,5.0389,0.0609503,0.273811,1.10409,-0.11683,0.53535,2.39708,-0.0806287,-0.0289983,2.89183,-0.46875,-1.74255,-12.6285,1.079,2.85691,1.17975,-0.610247,-1.11436,-0.318694,0.0806287,0.0289983,-0.0492976,3.35115,1.68176,-0.0101049,-0.399503,0.190603,0.178102,0.13997,0.223932,True,False
2.765,0.114008,-0.593472,-8.68456,-0.0622839,-0.259612,19.2195,-0.513033,0.232729,10.602,1.00344,-0.0504051,-24.2494,-0.49041,-0.182323,4.97665,0.0622839,0.259612,1.0434,-0.114008,0.593472,2.42871,-0.080653,0.0188331,3.00631,-0.477851,-1.89109,-12.0767,1.0937,3.00972,1.0327,-0.615853,-1.11862,-0.236591,0.080653,-0.0188331,-0.0477935,3.27793,1.69254,-0.00233127,-0.371536,0.190622,0.179271,0.13997,0.223932,True,False
2.77,0.110895,-0.651687,-8.41248,-0.0635464,-0.245375,18.7629,-0.511914,0.215073,9.97992,1.00319,-0.0497255,-24.4273,-0.491278,-0.165347,4.90681,0.0635464,0.245375,0.986105,-0.110895,0.651687,2.44471,-0.0804403,0.065505,3.08685,-0.487661,-2.02542,-11.4582,1.10909,3.12926,0.882736,-0.621433,-1.10384,-0.151449,0.0804403,-0.065505,-0.0456806,3.20311,1.69734,0.00468091,-0.344277,0.190666,0.180442,0.13997,0.223932,True,False
2.775,0.107491,-0.709594,-8.08286,-0.0647377,-0.231106,18.3189,-0.510882,0.197856,9.29442,1.00295,-0.0486446,-24.6252,-0.492063,-0.149211,4.82945,0.0647377,0.231106,0.933344,-0.107491,0.709594,2.44518,-0.0799979,0.110514,3.13157,-0.498105,-2.14484,-10.7874,1.125,3.21463,0.731888,-0.626891,-1.0698,-0.0649827,0.0799979,-0.110514,-0.0429161,3.12754,1.69541,0.0108479,-0.317818,0.190734,0.181613,0.13997,0.223932,True,False
2.78,0.103799,-0.766815,-7.70252,-0.0658575,-0.216817,17.8965,-0.509935,0.181186,8.55782,1.00271,-0.047196,-24.8387,-0.49277,-0.13399,4.7446,0.0658575,0.216817,0.885856,-0.103799,0.766815,2.43003,-0.0793352,0.153353,3.13906,-0.509109,-2.2489,-10.0763,1.14124,3.26556,0.581981,-0.632131,-1.01667,0.0212598,0.0793352,-0.153353,-0.0394678,3.05173,1.68625,0.0161004,-0.292243,0.190826,0.182785,0.13997,0.223932,True,False
2.785,0.0998233,-0.822989,-7.27721,-0.0669058,-0.202521,17.5033,-0.50907,0.165164,7.78057,1.00247,-0.0454145,-25.064,-0.493403,-0.11975,4.65226,0.0669058,0.202521,0.844062,-0.0998233,0.822989,2.39899,-0.0784644,0.193518,3.10846,-0.520594,-2.33738,-9.33439,1.15765,3.28231,0.434671,-0.637058,-0.944936,0.105897,0.0784644,-0.193518,-0.0353168,2.976,1.66956,0.0203827,-0.267631,0.190939,0.183958,0.13997,0.223932,True,False
2.79,0.0955695,-0.877774,-6.81176,-0.0678827,-0.18824,17.1452,-0.508284,0.149882,6.97147,1.00225,-0.0433355,-25.298,-0.493967,-0.106546,4.55251,0.0678827,0.18824,0.808135,-0.0955695,0.877774,2.3517,-0.0774,0.230516,3.0396,-0.532483,-2.41019,-8.56943,1.17406,3.26557,0.291472,-0.64158,-0.85538,0.187704,0.0774,-0.230516,-0.0304606,2.90049,1.64527,0.0236513,-0.244052,0.191073,0.18513,0.13997,0.223932,True,False
2.795,0.0910456,-0.93085,-6.31027,-0.0687882,-0.173996,16.8264,-0.507572,0.135421,6.138,1.00204,-0.0409945,-25.5381,-0.494468,-0.0944269,4.44548,0.0687882,0.173996,0.77806,-0.0910456,0.93085,2.28777,-0.0761592,0.263877,2.93301,-0.544696,-2.46734,-7.7874,1.19031,3.21636,0.153784,-0.645612,-0.74902,0.265599,0.0761592,-0.263877,-0.0249154,2.82527,1.61344,0.0258738,-0.221573,0.191226,0.186301,0.13997,0.223932,True,False
2.8,0.086261,-0.981914,-5.77635,-0.0696227,-0.159817,16.5502,-0.50693,0.121858,5.28665,1.00184,-0.038427,-25.7819,-0.494912,-0.0834311,4.33147,0.0696227,0.159817,0.75369,-0.086261,0.981914,2.20688,-0.0747613,0.293158,2.78995,-0.557156,-2.50892,-6.99298,1.20623,3.13602,0.0229198,-0.649071,-0.627096,0.338631,0.0747613,-0.293158,-0.0187187,2.75038,1.57432,0.0270283,-0.200254,0.191397,0.187471,0.13997,0.223932,True,False
2.805,0.0812264,-1.03068,-5.21328,-0.0703864,-0.145734,16.3183,-0.506353,0.109259,4.42317,1.00166,-0.0356678,-26.0273,-0.495303,-0.0735908,4.21092,0.0703864,0.145734,0.73478,-0.0812264,1.03068,2.10881,-0.0732276,0.317961,2.61239,-0.569786,-2.53503,-6.1899,1.22167,3.02607,-0.0998722,-0.651883,-0.491033,0.405974,0.0732276,-0.317961,-0.0119305,2.67589,1.52831,0.0271028,-0.180151,0.191584,0.188637,0.13997,0.223932,True,False
2.81,0.0759541,-1.0769,-4.62418,-0.07108,-0.131779,16.1313,-0.505837,0.0976818,3.55289,1.00148,-0.0327512,-26.2724,-0.495647,-0.0649306,4.08447,0.07108,0.131779,0.721032,-0.0759541,1.0769,1.99354,-0.0715817,0.337943,2.40291,-0.582507,-2.5458,-5.38122,1.23649,2.88821,-0.213392,-0.653981,-0.342415,0.466914,0.0715817,-0.337943,-0.00463422,2.60191,1.4759,0.026094,-0.161314,0.191787,0.1898,0.13997,0.223932,True,False
2.815,0.0704575,-1.12031,-4.0122,-0.0717042,-0.117987,15.9891,-0.505376,0.0871784,2.6809,1.00133,-0.0297104,-26.5152,-0.495952,-0.0574681,3.95293,0.0717042,0.117987,0.712107,-0.0704575,1.12031,1.86128,-0.0698482,0.352823,2.16469,-0.595244,-2.54135,-4.5697,1.25055,2.72431,-0.316475,-0.655307,-0.182956,0.52085,0.0698482,-0.352823,0.00306322,2.52863,1.41774,0.0240071,-0.143787,0.192005,0.190959,0.13997,0.223932,True,False
2.82,0.0647511,-1.1607,-3.38062,-0.0722599,-0.104393,15.8909,-0.504965,0.077791,1.81226,1.00119,-0.0265772,-26.7539,-0.496222,-0.0512138,3.81726,0.0722599,0.104393,0.707652,-0.0647511,1.1607,1.7125,-0.0680534,0.3624,1.90137,-0.60792,-2.52182,-3.75802,1.26373,2.5363,-0.407987,-0.65581,-0.0144776,0.567292,0.0680534,-0.3624,0.0110329,2.4563,1.35453,0.0208549,-0.127607,0.192236,0.192112,0.13997,0.223932,True,False
2.825,0.0588505,-1.19785,-2.7329,-0.0727481,-0.0910338,15.8351,-0.504598,0.0695539,0.952072,1.00106,-0.0233822,-26.9868,-0.496464,-0.0461717,3.67854,0.0727481,0.0910338,0.707319,-0.0588505,1.19785,1.54794,-0.0662242,0.366557,1.61694,-0.620462,-2.48734,-2.94901,1.27591,2.32622,-0.486821,-0.655451,0.161119,0.605861,0.0662242,-0.366557,0.0191261,2.38522,1.28704,0.0166574,-0.112806,0.19248,0.193258,0.13997,0.223932,True,False
2.83,0.0527725,-1.2316,-2.07274,-0.0731702,-0.0779443,15.82,-0.50427,0.0624935,0.105634,1.00095,-0.0201541,-27.2124,-0.496684,-0.0423394,3.53799,0.0731702,0.0779443,0.71078,-0.0527725,1.2316,1.36863,-0.0643878,0.365274,1.31562,-0.632794,-2.43806,-2.14585,1.28699,2.09618,-0.551903,-0.654199,0.34188,0.636296,0.0643878,-0.365274,0.0271776,2.31581,1.21608,0.0114403,-0.0994086,0.192736,0.194397,0.13997,0.223932,True,False
2.835,0.0465346,-1.26176,-1.40408,-0.0735276,-0.0651587,15.8439,-0.503973,0.0566284,-0.721545,1.00086,-0.0169198,-27.429,-0.496888,-0.0397085,3.39694,0.0735276,0.0651587,0.717734,-0.0465346,1.26176,1.17586,-0.0625715,0.358631,1.00173,-0.644842,-2.37419,-1.35216,1.29688,1.84836,-0.602201,-0.652033,0.525827,0.658456,0.0625715,-0.358631,0.0350104,2.24853,1.14249,0.00523456,-0.0874323,0.193004,0.195526,0.13997,0.223932,True,False
2.84,0.0401549,-1.2882,-0.731086,-0.0738218,-0.052709,15.9047,-0.503703,0.0519693,-1.52373,1.00078,-0.0137043,-27.6354,-0.497081,-0.0382651,3.25678,0.0738218,0.052709,0.727917,-0.0401549,1.2882,0.971144,-0.0608015,0.346815,0.679577,-0.656535,-2.29596,-0.572111,1.30548,1.58497,-0.63674,-0.648941,0.710984,0.672318,0.0608015,-0.346815,0.0424413,2.18393,1.06714,-0.00192476,-0.0768873,0.193282,0.196646,0.13997,0.223932,True,False
2.845,0.0336526,-1.31078,-0.0580781,-0.0740547,-0.0406238,16.0006,-0.503454,0.0485202,-2.29496,1.00072,-0.0105301,-27.8305,-0.49727,-0.0379901,3.11899,0.0740547,0.0406238,0.741099,-0.0336526,1.31078,0.756206,-0.0591033,0.330115,0.353318,-0.667802,-2.20369,0.18956,1.31272,1.30828,-0.654621,-0.644923,0.895409,0.677985,0.0591033,-0.330115,0.0492866,2.12261,0.990891,-0.00999964,-0.0677765,0.19357,0.197754,0.13997,0.223932,True,False
2.85,0.0270472,-1.3294,0.610495,-0.074228,-0.0289282,16.1299,-0.503218,0.0462781,-3.02914,1.00068,-0.00741784,-28.0132,-0.497461,-0.0388602,2.98507,0.074228,0.0289282,0.757085,-0.0270472,1.3294,0.532924,-0.0575004,0.308928,0.02689,-0.678572,-2.0978,0.92756,1.31856,1.02058,-0.655042,-0.639987,1.07722,0.675674,0.0575004,-0.308928,0.0553691,2.0652,0.914596,-0.0189503,-0.0600957,0.193869,0.19885,0.13997,0.223932,True,False
2.855,0.0203586,-1.34398,1.27014,-0.0743439,-0.0176426,16.2911,-0.502991,0.0452345,-3.72007,1.00065,-0.00438577,-28.1828,-0.497659,-0.0408487,2.85652,0.0743439,0.0176426,0.775711,-0.0203586,1.34398,0.303297,-0.056014,0.283745,-0.296086,-0.68878,-1.97881,1.63611,1.32293,0.724191,-0.637326,-0.634151,1.25462,0.665714,0.056014,-0.283745,0.0605248,2.01237,0.839097,-0.0287363,-0.0538336,0.194177,0.199932,0.13997,0.223932,True,False
2.86,0.0136074,-1.35444,1.91637,-0.0744045,-0.00678257,16.4829,-0.502766,0.0453756,-4.36159,1.00064,-0.00144985,-28.339,-0.497869,-0.0439258,2.73483,0.0744045,0.00678257,0.796829,-0.0136074,1.35444,0.0694088,-0.0546629,0.255143,-0.612357,-0.69836,-1.84738,2.30905,1.3258,0.421463,-0.600946,-0.627441,1.42592,0.648533,0.0546629,-0.255143,0.0646093,1.96478,0.765207,-0.0393179,-0.0489723,0.194494,0.201,0.13997,0.223932,True,False
2.865,0.00681419,-1.36074,2.54478,-0.0744118,0.00364197,16.7037,-0.502537,0.0466836,-4.94764,1.00064,0.0013761,-28.4813,-0.498098,-0.0480597,2.62142,0.0744118,-0.00364197,0.820303,-0.00681419,1.36074,-0.166602,-0.0534626,0.223776,-0.919072,-0.707254,-1.70433,2.93995,1.32715,0.114749,-0.54555,-0.619891,1.58958,0.624641,0.0534626,-0.223776,0.0675037,1.92307,0.693712,-0.0506568,-0.0454878,0.194821,0.202052,0.13997,0.223932,True,False
2.87,1.48742e-17,-1.36284,3.15105,-0.074368,0.0136267,16.9525,-0.502299,0.049137,-5.47241,1.00065,0.00408038,-28.6098,-0.49835,-0.0532173,2.51765,0.074368,-0.0136267,0.845992,1.48742e-17,1.36284,-0.402563,-0.0524252,0.190357,-1.21379,-0.715404,-1.5506,3.52229,1.32695,-0.193591,-0.470992,-0.611545,1.74419,0.594613,0.0524252,-0.190357,0.0691191,1.88785,0.625357,-0.0627174,-0.0433506,0.195157,0.203087,0.13997,0.223932,True,False
2.875,-0.00681419,-1.36074,3.73102,-0.0742755,0.0231735,17.2276,-0.502046,0.0527118,-5.93047,1.00068,0.00665318,-28.7245,-0.49863,-0.059365,2.42476,0.0742755,-0.0231735,0.873743,0.00681419,1.36074,-0.636281,-0.051559,0.155638,-1.49447,-0.72276,-1.38733,4.04964,1.32521,-0.501201,-0.377349,-0.60245,1.88853,0.559066,0.051559,-0.155638,0.0694009,1.85965,0.56085,-0.0754674,-0.0425258,0.195502,0.204104,0.13997,0.223932,True,False
2.88,-0.0136074,-1.35444,4.28066,-0.0741363,0.0322898,17.5274,-0.501772,0.0573824,-6.31685,1.00072,0.00908645,-28.8256,-0.498944,-0.0664689,2.34386,0.0741363,-0.0322898,0.903381,0.0136074,1.35444,-0.865554,-0.0508688,0.120397,-1.75945,-0.729277,-1.21578,4.51577,1.32194,-0.805734,-0.264944,-0.59266,2.02151,0.518634,0.0508688,-0.120397,0.0683305,1.83892,0.500851,-0.0888785,-0.0429742,0.195857,0.205103,0.13997,0.223932,True,False
2.885,-0.0203586,-1.34398,4.79611,-0.0739526,0.0409895,17.8498,-0.501472,0.0631215,-6.62717,1.00077,0.0113736,-28.9133,-0.499295,-0.0744952,2.27594,0.0739526,-0.0409895,0.934704,0.0203586,1.34398,-1.08818,-0.0503551,0.0854106,-2.00741,-0.734918,-1.03738,4.91487,1.31715,-1.10486,-0.134353,-0.582234,2.14224,0.473947,0.0503551,-0.0854106,0.065926,1.82602,0.445969,-0.102927,-0.0446522,0.196222,0.206082,0.13997,0.223932,True,False
2.89,-0.0270472,-1.3294,5.27367,-0.0737264,0.0492919,18.1924,-0.501141,0.0699012,-6.85769,1.00083,0.0135094,-28.988,-0.499689,-0.0834106,2.22177,0.0737264,-0.0492919,0.96748,0.0270472,1.3294,-1.30194,-0.0500147,0.0514415,-2.23729,-0.739651,-0.853685,5.24169,1.31089,-1.39628,0.0135832,-0.571237,2.24997,0.425609,0.0500147,-0.0514415,0.0622417,1.8212,0.39675,-0.117592,-0.0475124,0.196597,0.207042,0.13997,0.223932,True,False
2.895,-0.0336526,-1.31078,5.70976,-0.0734597,0.057222,18.5523,-0.500773,0.0776927,-7.00545,1.0009,0.0154894,-29.0499,-0.500129,-0.0931821,2.18198,0.0734597,-0.057222,1.00144,0.0336526,1.31078,-1.50467,-0.0498407,0.0192144,-2.4483,-0.743454,-0.666392,5.49162,1.30319,-1.67772,0.177766,-0.559735,2.34411,0.374176,0.0498407,-0.0192144,0.0573649,1.82458,0.353677,-0.132858,-0.0515033,0.196982,0.207981,0.13997,0.223932,True,False
2.9,-0.0401549,-1.2882,6.10096,-0.0731542,0.0648102,18.9257,-0.500364,0.0864669,-7.06821,1.00098,0.01731,-29.0992,-0.50062,-0.103777,2.15696,0.0731542,-0.0648102,1.03628,0.0401549,1.2882,-1.6942,-0.0498225,-0.0105992,-2.63982,-0.746315,-0.477281,5.6608,1.29411,-1.94693,0.356846,-0.547796,2.42422,0.32014,0.0498225,0.0105992,0.051413,1.83615,0.317159,-0.148714,-0.0565701,0.197378,0.208898,0.13997,0.223932,True,False
2.905,-0.0465346,-1.26176,6.44401,-0.0728116,0.0720915,19.3087,-0.499908,0.0961939,-7.04457,1.00108,0.0189677,-29.1361,-0.501167,-0.115162,2.14691,0.0728116,-0.0720915,1.07167,0.0465346,1.26176,-1.86846,-0.0499467,-0.0373959,-2.81141,-0.748227,-0.288222,5.7462,1.28372,-2.20171,0.549238,-0.535493,2.48993,0.26392,0.0499467,0.0373959,0.0445282,1.85579,0.287526,-0.165151,-0.0626536,0.197787,0.209795,0.13997,0.223932,True,False
2.91,-0.0527725,-1.2316,6.73578,-0.0724333,0.0791056,19.6967,-0.499402,0.106843,-6.9339,1.00117,0.0204595,-29.1605,-0.501772,-0.127303,2.15186,0.0724333,-0.0791056,1.10728,0.0527725,1.2316,-2.02543,-0.0501965,-0.0606538,-2.9627,-0.749197,-0.101134,5.74564,1.27209,-2.43989,0.753143,-0.522897,2.54102,0.205854,0.0501965,0.0606538,0.0368722,1.88327,0.265029,-0.182161,-0.069691,0.198208,0.21067,0.13997,0.223932,True,False
2.915,-0.0588505,-1.19785,6.97339,-0.0720205,0.0858961,20.0846,-0.49884,0.118382,-6.73637,1.00128,0.0217818,-29.1723,-0.50244,-0.140164,2.17166,0.0720205,-0.0858961,1.14275,0.0588505,1.19785,-2.1633,-0.0505532,-0.0799409,-3.09348,-0.749239,0.0820269,5.6578,1.25932,-2.65934,0.966578,-0.510082,2.57731,0.146197,0.0505532,0.0799409,0.0286198,1.91827,0.249843,-0.19974,-0.0776146,0.198642,0.211523,0.13997,0.223932,True,False
2.92,-0.0647511,-1.1607,7.15417,-0.0715743,0.09251,20.4672,-0.498218,0.130777,-6.45289,1.00139,0.0229308,-29.1709,-0.503174,-0.153708,2.20603,0.0715743,-0.09251,1.17774,0.0647511,1.1607,-2.28042,-0.0509959,-0.094922,-3.20357,-0.748377,0.259303,5.48223,1.2455,-2.85797,1.1874,-0.497124,2.59867,0.0851292,0.0509959,0.094922,0.0199531,1.96039,0.242076,-0.217882,-0.0863521,0.19909,0.212355,0.13997,0.223932,True,False
2.925,-0.0704575,-1.12031,7.2758,-0.0710954,0.0989973,20.8386,-0.497532,0.143991,-6.08512,1.00151,0.0239019,-29.1559,-0.503977,-0.167893,2.25456,0.0710954,-0.0989973,1.21189,0.0704575,1.12031,-2.37541,-0.0515024,-0.105362,-3.29292,-0.746645,0.428754,5.21934,1.23074,-3.03375,1.41335,-0.484096,2.605,0.0227642,0.0515024,0.105362,0.0110555,2.00918,0.241784,-0.23658,-0.0958258,0.199554,0.213165,0.13997,0.223932,True,False
2.93,-0.0759541,-1.0769,7.33634,-0.0705843,0.10541,21.1935,-0.496778,0.157986,-5.63543,1.00163,0.0246896,-29.1265,-0.504853,-0.182676,2.31675,0.0705843,-0.10541,1.24483,0.0759541,1.0769,-2.44722,-0.0520495,-0.111124,-3.36159,-0.744089,0.588485,4.87039,1.21516,-3.18471,1.64206,-0.471074,2.59623,-0.040832,0.0520495,0.111124,0.00210581,2.06411,0.248993,-0.255825,-0.105952,0.200034,0.213954,0.13997,0.223932,True,False
2.935,-0.0812264,-1.03068,7.33436,-0.0700413,0.111803,21.5261,-0.495952,0.172717,-5.1069,1.00176,0.0252874,-29.0816,-0.505804,-0.198005,2.39208,0.0700413,-0.111803,1.27619,0.0812264,1.03068,-2.49519,-0.0526136,-0.112169,-3.40975,-0.740761,0.736667,4.43756,1.19889,-3.30894,1.8711,-0.458133,2.57227,-0.10562,0.0526136,0.112169,-0.0067263,2.12464,0.26372,-0.275606,-0.116643,0.200531,0.214723,0.13997,0.223932,True,False
2.94,-0.086261,-0.981914,7.26906,-0.0694663,0.118229,21.8311,-0.495051,0.188138,-4.50338,1.00188,0.0256876,-29.0201,-0.506833,-0.213826,2.48003,0.0694663,-0.118229,1.30555,0.086261,0.981914,-2.51905,-0.0531712,-0.108551,-3.43775,-0.736722,0.871565,3.92391,1.18207,-3.40461,2.09799,-0.445351,2.53304,-0.17156,0.0531712,0.108551,-0.0152846,2.19024,0.285994,-0.295904,-0.127802,0.201046,0.215472,0.13997,0.223932,True,False
2.945,-0.0910456,-0.93085,7.14035,-0.068859,0.124745,22.1036,-0.494071,0.204197,-3.82955,1.00201,0.0258815,-28.9409,-0.507942,-0.230078,2.58012,0.068859,-0.124745,1.33253,0.0910456,0.93085,-2.51904,-0.0536992,-0.100406,-3.44612,-0.732045,0.991563,3.33355,1.16485,-3.47003,2.32024,-0.432803,2.47846,-0.238581,0.0536992,0.100406,-0.0234291,2.26035,0.315874,-0.316696,-0.139329,0.20158,0.216203,0.13997,0.223932,True,False
2.95,-0.0955695,-0.877774,6.94902,-0.0682189,0.131404,22.3393,-0.493009,0.220835,-3.09103,1.00214,0.0258589,-28.8428,-0.509133,-0.246693,2.69192,0.0682189,-0.131404,1.35669,0.0955695,0.877774,-2.49583,-0.0541753,-0.0879484,-3.43561,-0.726807,1.09519,2.67172,1.14737,-3.50364,2.53531,-0.420566,2.40845,-0.306542,0.0541753,0.0879484,-0.0310387,2.33447,0.353454,-0.337953,-0.151117,0.202136,0.216915,0.13997,0.223932,True,False
2.955,-0.0998233,-0.822989,6.69684,-0.067545,0.138258,22.5343,-0.491863,0.237989,-2.29458,1.00227,0.0256086,-28.7245,-0.510409,-0.263598,2.81504,0.067545,-0.138258,1.37762,0.0998233,0.822989,-2.45063,-0.0545786,-0.0714568,-3.40723,-0.721093,1.18114,1.94499,1.12981,-3.50411,2.74067,-0.408718,2.32297,-0.375197,0.0545786,0.0714568,-0.0380122,2.41209,0.398843,-0.359635,-0.163053,0.202712,0.217611,0.13997,0.223932,True,False
2.96,-0.103799,-0.766815,6.3867,-0.0668363,0.145356,22.686,-0.490629,0.255593,-1.44829,1.0024,0.0251183,-28.5854,-0.511769,-0.280711,2.94909,0.0668363,-0.145356,1.39492,0.103799,0.766815,-2.38508,-0.0548899,-0.0512672,-3.36223,-0.714995,1.24834,1.16143,1.11233,-3.47035,2.93373,-0.397337,2.22201,-0.444156,0.0548899,0.0512672,-0.0442684,2.49273,0.452133,-0.381698,-0.175021,0.203312,0.218291,0.13997,0.223932,True,False
2.965,-0.107491,-0.709594,6.02267,-0.0660914,0.152745,22.7922,-0.489307,0.273571,-0.561872,1.00252,0.0243749,-28.425,-0.513216,-0.297946,3.09356,0.0660914,-0.152745,1.40825,0.107491,0.709594,-2.30129,-0.0550913,-0.0277608,-3.30213,-0.70861,1.29594,0.330868,1.09511,-3.40164,3.11189,-0.386498,2.1057,-0.512843,0.0550913,0.0277608,-0.0497464,2.57587,0.513336,-0.404086,-0.1869,0.203936,0.218957,0.13997,0.223932,True,False
2.97,-0.110895,-0.651687,5.6101,-0.0653088,0.160464,22.852,-0.487893,0.291846,0.353094,1.00264,0.0233643,-28.2437,-0.514749,-0.315211,3.24772,0.0653088,-0.160464,1.41732,0.110895,0.651687,-2.20173,-0.0551675,-0.00135435,-3.22869,-0.702036,1.32338,-0.534881,1.07832,-3.29767,3.27245,-0.37628,1.97429,-0.580458,0.0551675,0.00135435,-0.0544039,2.66095,0.582296,-0.426735,-0.198569,0.204584,0.21961,0.13997,0.223932,True,False
2.975,-0.114008,-0.593472,5.15564,-0.0644868,0.168549,22.8654,-0.486388,0.310335,1.28291,1.00276,0.022072,-28.0427,-0.516368,-0.332407,3.41043,0.0644868,-0.168549,1.42197,0.114008,0.593472,-2.08916,-0.0551049,0.0275102,-3.14382,-0.695376,1.33046,-1.42186,1.06213,-3.15869,3.41264,-0.366755,1.82822,-0.645953,0.0551049,-0.0275102,-0.0582163,2.74724,0.65859,-0.449571,-0.209907,0.205259,0.220253,0.13997,0.223932,True,False
2.98,-0.11683,-0.53535,4.66712,-0.0636233,0.177027,22.8334,-0.48479,0.328953,2.2116,1.00286,0.0204834,-27.8245,-0.518073,-0.349436,3.57996,0.0636233,-0.177027,1.42212,0.11683,0.53535,-1.96653,-0.0548924,0.0583744,-3.04958,-0.688731,1.31735,-2.31383,1.04673,-2.9856,3.52957,-0.357997,1.66825,-0.708007,0.0548924,-0.0583744,-0.0611747,2.83381,0.741429,-0.472515,-0.220792,0.205961,0.220886,0.13997,0.223932,True,False
2.985,-0.119362,-0.47774,4.15351,-0.0627165,0.185916,22.7576,-0.483099,0.347612,3.12085,1.00296,0.0185837,-27.5926,-0.519862,-0.366195,3.7538,0.0627165,-0.185916,1.41781,0.119362,0.47774,-1.83686,-0.0545211,0.0907721,-2.94802,-0.682202,1.28467,-3.19237,1.03228,-2.78009,3.6202,-0.350073,1.49543,-0.765025,0.0545211,-0.0907721,-0.063284,2.9194,0.829581,-0.495477,-0.23111,0.20669,0.221511,0.13997,0.223932,True,False
2.99,-0.121607,-0.421079,3.62459,-0.0617642,0.195225,22.6405,-0.481314,0.366224,3.9902,1.00305,0.0163583,-27.3522,-0.521735,-0.382583,3.92857,0.0617642,-0.195225,1.40914,0.121607,0.421079,-1.70308,-0.0539846,0.124237,-2.84112,-0.675885,1.23351,-4.037,1.01893,-2.54473,3.68134,-0.343043,1.31123,-0.81515,0.0539846,-0.124237,-0.0645608,3.00231,0.921342,-0.518362,-0.240753,0.207449,0.22213,0.13997,0.223932,True,False
2.995,-0.123573,-0.365826,3.09065,-0.0607643,0.204956,22.4846,-0.479436,0.384705,4.7974,1.00312,0.0137932,-27.1094,-0.523688,-0.398498,4.09994,0.0607643,-0.204956,1.39615,0.123573,0.365826,-1.56786,-0.0532787,0.158307,-2.73059,-0.669867,1.16549,-4.82571,1.00683,-2.28308,3.70967,-0.336961,1.11758,-0.856301,0.0532787,-0.158307,-0.0650314,3.08038,1.01458,-0.541072,-0.249621,0.208238,0.222745,0.13997,0.223932,True,False
3,-0.125266,-0.312458,2.56203,-0.0597146,0.215097,22.2926,-0.477467,0.402969,5.51909,1.00319,0.0108755,-26.8714,-0.52572,-0.413845,4.26274,0.0597146,-0.215097,1.37876,0.125266,0.312458,-1.43348,-0.0524016,0.192536,-2.61775,-0.66423,1.08281,-5.53556,0.996097,-1.99976,3.70171,-0.331867,0.916947,-0.886229,0.0524016,-0.192536,-0.06473,3.15088,1.10684,-0.563503,-0.257626,0.209058,0.223357,0.13997,0.223932,True,False
3.005,-0.126697,-0.261472,2.04862,-0.0586133,0.22563,22.0667,-0.475407,0.420937,6.13166,1.00323,0.00759336,-26.6461,-0.527827,-0.42853,4.41112,0.0586133,-0.22563,1.3566,0.126697,0.261472,-1.30161,-0.0513534,0.226491,-2.50342,-0.659039,0.9882,-6.14357,0.98683,-1.70051,3.65387,-0.327791,0.71231,-0.902597,0.0513534,-0.226491,-0.0636962,3.21056,1.19553,-0.58555,-0.26469,0.209908,0.223968,0.13997,0.223932,True,False
3.01,-0.12788,-0.213384,1.55927,-0.0574583,0.236524,21.8078,-0.473257,0.438532,6.61228,1.00326,0.00393707,-26.4414,-0.530005,-0.442469,4.53885,0.0574583,-0.236524,1.329,0.12788,0.213384,-1.17327,-0.0501367,0.259759,-2.38778,-0.654348,0.884939,-6.62767,0.979092,-1.39216,3.56251,-0.324744,0.50722,-0.90307,0.0501367,-0.259759,-0.0619733,3.25577,1.27809,-0.607107,-0.270749,0.210791,0.22458,0.13997,0.223932,True,False
3.015,-0.128831,-0.16873,1.10129,-0.056248,0.247743,21.516,-0.471021,0.45568,6.93999,1.00327,-0.000100747,-26.2644,-0.532251,-0.45558,4.6396,0.056248,-0.247743,1.29516,0.128831,0.16873,-1.04862,-0.0487558,0.291953,-2.2703,-0.65019,0.776814,-6.96772,0.972909,-1.08258,3.42393,-0.322719,0.305767,-0.885407,0.0487558,-0.291953,-0.0596054,3.2827,1.35199,-0.628069,-0.27575,0.211706,0.225192,0.13997,0.223932,True,False
3.02,-0.129568,-0.128066,0.67999,-0.0549809,0.259244,21.1898,-0.468701,0.472311,7.09657,1.00326,-0.00452432,-26.1216,-0.534561,-0.467786,4.70721,0.0549809,-0.259244,1.25475,0.129568,0.128066,-0.927005,-0.0472171,0.322705,-2.14971,-0.64658,0.668054,-7.14632,0.968266,-0.780596,3.23443,-0.321687,0.112542,-0.847538,0.0472171,-0.322705,-0.0566343,3.28799,1.41445,-0.648331,-0.279651,0.212654,0.225807,0.13997,0.223932,True,False
3.025,-0.130112,-0.0919651,0.298457,-0.0536556,0.270977,20.8265,-0.466298,0.488352,7.06715,1.00323,-0.00933415,-26.018,-0.536929,-0.479018,4.7358,0.0536556,-0.270977,1.20932,0.130112,0.0919651,-0.806913,-0.0455287,0.351671,-2.02405,-0.643509,0.563245,-7.14936,0.965103,-0.495834,2.9903,-0.321594,-0.0674107,-0.787626,0.0455287,-0.351671,-0.0530948,3.26972,1.46149,-0.667789,-0.282418,0.213634,0.226424,0.13997,0.223932,True,False
3.03,-0.130487,-0.0610227,-0.0425655,-0.0522711,0.282884,20.4229,-0.463817,0.503734,6.8403,1.00317,-0.0145266,-25.9571,-0.539351,-0.489207,4.71959,0.0522711,-0.282884,1.16514,0.130487,0.0610227,-0.686067,-0.0437004,0.378527,-1.89077,-0.640947,0.467249,-6.96609,0.963308,-0.238585,2.68784,-0.322361,-0.228663,-0.70408,0.0437004,-0.378527,-0.0490073,3.22938,1.48586,-0.686336,-0.284025,0.214647,0.227045,0.13997,0.223932,True,False
3.035,-0.130722,-0.0358524,-0.3445,-0.0508268,0.294897,19.9767,-0.461261,0.518381,6.4075,1.00308,-0.020094,-25.9418,-0.541821,-0.498287,4.65255,0.0508268,-0.294897,1.13837,0.130722,0.0358524,-0.561548,-0.0417435,0.402955,-1.74682,-0.638837,0.385121,-6.58866,0.962717,-0.0196553,2.32324,-0.32388,-0.365466,-0.59553,0.0417435,-0.402955,-0.0443669,3.17527,1.4732,-0.70386,-0.284458,0.215693,0.22767,0.13997,0.223932,True,False
3.04,-0.130846,-0.0170873,-0.610466,-0.0493222,0.306929,19.4895,-0.458633,0.532219,5.76211,1.00297,-0.0260254,-25.9743,-0.544334,-0.506193,4.52858,0.0493222,-0.306929,1.16465,0.130846,0.0170873,-0.42994,-0.0396709,0.424632,-1.58882,-0.637096,0.322051,-6.01108,0.963111,0.149747,1.89254,-0.326015,-0.471798,-0.460752,0.0396709,-0.424632,-0.0391243,3.12938,1.39545,-0.720234,-0.283716,0.21677,0.228298,0.13997,0.223932,True,False
3.045,-0.130893,-0.00538006,-0.830792,-0.0477575,0.318849,19.0034,-0.455939,0.545167,4.95919,1.00282,-0.0323091,-26.0161,-0.546883,-0.512858,4.41486,0.0477575,-0.318849,1.3457,0.130893,0.00538006,-0.29396,-0.0374972,0.443199,-1.41995,-0.635616,0.283338,-5.27369,0.964215,0.258057,1.41824,-0.328598,-0.541395,-0.307225,0.0374972,-0.443199,-0.0333818,3.19754,1.21389,-0.735305,-0.281828,0.217879,0.228929,0.13997,0.223932,True,False
3.05,-0.1309,-0.000686877,-0.913195,-0.0461337,0.330436,15.1816,-0.453182,0.557179,2.02004,1.00264,-0.038944,-25.9415,-0.549463,-0.518235,2.51869,0.0461337,-0.330436,-0.478602,0.1309,0.000686877,-0.0628149,-0.0352389,0.458477,-0.13201,-0.634263,0.271342,-2.93783,0.965692,0.300621,-0.06932,-0.331429,-0.571963,0.00667818,0.0352389,-0.458477,-0.0110681,0.947242,1.56957,-0.748869,-0.278909,0.219018,0.229564,0.13997,0.223932,True,True
3.055,-0.1309,0,-0.859554,-0.0444531,0.341303,13.4608,-0.450367,0.56833,0.752297,1.00243,-0.0459642,-25.3623,-0.552066,-0.522366,2.35741,0.0444531,-0.341303,-0.560501,0.1309,0,0.036451,-0.0329124,0.471266,0.428286,-0.632903,0.275322,-1.79744,0.967221,0.303683,-0.884261,-0.334318,-0.579005,0.162852,0.0329124,-0.471266,-0.0108165,0.806785,1.54897,-0.760702,-0.275282,0.220185,0.2302,0.150578,0.22572,True,True
3.06,-0.1309,0,-0.7225,-0.0427206,0.351084,11.3868,-0.447498,0.578678,-0.537375,1.00218,-0.0533872,-24.4508,-0.554686,-0.525291,2.22012,0.0427206,-0.351084,-0.70092,0.1309,0,0.108882,-0.0305262,0.482488,0.997328,-0.631509,0.281997,-0.61215,0.968729,0.299051,-1.84887,-0.337219,-0.581047,0.322591,0.0305262,-0.482488,-0.0309777,0.637457,1.58122,-0.770587,-0.271253,0.221378,0.230838,0.161187,0.227509,True,True
3.065,-0.1309,0,-0.578862,-0.0409423,0.359598,9.32304,-0.44458,0.588165,-1.75634,1.0019,-0.0611729,-23.3799,-0.557318,-0.526992,2.05496,0.0409423,-0.359598,-0.816685,0.1309,0,0.159489,-0.0280875,0.492218,1.40202,-0.630083,0.288483,0.545479,0.970211,0.29353,-2.93762,-0.340128,-0.582013,0.489033,0.0280875,-0.492218,-0.0732867,0.47134,1.58239,-0.778379,-0.266932,0.222592,0.231477,0.171795,0.229297,True,True
3.07,-0.1309,0,-0.445824,-0.0391247,0.366772,7.4077,-0.441617,0.596734,-2.8438,1.00157,-0.0692584,-22.2046,-0.559956,-0.527476,1.87011,0.0391247,-0.366772,-0.897366,0.1309,2.77556e-15,0.18596,-0.025604,0.500375,1.58489,-0.628625,0.29474,1.62364,0.971664,0.287184,-4.12007,-0.343039,-0.581924,0.654983,0.025604,-0.500375,-0.136353,0.319948,1.54913,-0.784031,-0.262378,0.223826,0.232117,0.182404,0.231085,True,True
3.075,-0.1309,0,-0.324957,-0.0372746,0.372578,5.68339,-0.438613,0.604349,-3.7708,1.00121,-0.0775735,-20.9378,-0.562593,-0.526775,1.68099,0.0372746,-0.372578,-0.949684,0.1309,0,0.186905,-0.0230838,0.506934,1.5319,-0.627136,0.300729,2.59746,0.973083,0.280093,-5.37632,-0.345948,-0.580822,0.816733,0.0230838,-0.506934,-0.219586,0.186435,1.49371,-0.787556,-0.257644,0.225075,0.232756,0.193013,0.232873,True,True
3.08,-0.1309,0,-0.2166,-0.0353989,0.377011,4.16336,-0.435573,0.610978,-4.52857,1.0008,-0.0860435,-19.5858,-0.565224,-0.524935,1.49585,0.0353989,-0.377011,-0.978591,0.1309,-2.77556e-15,0.162688,-0.0205347,0.511891,1.24214,-0.625617,0.30641,3.45922,0.974465,0.272341,-6.69578,-0.348848,-0.578751,0.973641,0.0205347,-0.511891,-0.322601,0.0715108,1.42366,-0.788992,-0.252774,0.226335,0.233395,0.203621,0.234661,True,True
3.085,-0.1309,-2.77556e-15,-0.120697,-0.0335045,0.380075,2.84821,-0.432503,0.616591,-5.1168,1.00035,-0.0945909,-18.151,-0.567843,-0.522,1.31856,0.0335045,-0.380075,-0.987255,0.1309,0,0.114155,-0.0179648,0.515251,0.718415,-0.624071,0.31174,4.20878,0.975806,0.264013,-8.07362,-0.351735,-0.575753,1.12662,0.0179648,-0.515251,-0.445432,-0.0250813,1.3431,-0.788385,-0.247809,0.227603,0.234033,0.21423,0.236449,True,True
3.09,-0.1309,2.77556e-15,-0.0371482,-0.0315981,0.381777,1.7343,-0.429407,0.621152,-5.5379,0.999851,-0.103136,-16.6329,-0.570444,-0.518016,1.15048,0.0315981,-0.381777,-0.977388,0.1309,0,0.0420465,-0.0153822,0.517022,-0.0370644,-0.6225,0.316675,4.84865,0.977105,0.255193,-9.50863,-0.354605,-0.571867,1.27725,0.0153822,-0.517022,-0.588531,-0.103854,1.25391,-0.785781,-0.242785,0.228876,0.234669,0.224838,0.238237,True,True
3.095,-0.1309,2.77556e-15,0.0340512,-0.0296867,0.382121,0.817867,-0.426292,0.62462,-5.79418,0.999314,-0.111598,-15.0297,-0.573023,-0.513022,0.991526,0.0296867,-0.382121,-0.949526,0.1309,0,-0.0532269,-0.0127946,0.517207,-1.02417,-0.620905,0.321165,5.38165,0.978358,0.245963,-11.0018,-0.357454,-0.567128,1.42711,0.0127946,-0.517207,-0.75261,-0.165238,1.15644,-0.781222,-0.237737,0.23015,0.235303,0.235447,0.240025,True,True
3.1,-0.1309,-2.77556e-15,0.0927814,-0.0277769,0.381108,0.0967849,-0.423161,0.626952,-5.88687,0.998735,-0.119896,-13.3386,-0.575574,-0.507056,0.840708,0.0277769,-0.381108,-0.903252,0.1309,-2.77556e-15,-0.171583,-0.0102101,0.515806,-2.24493,-0.619288,0.325163,5.8096,0.979565,0.236402,-12.5553,-0.360277,-0.561565,1.57707,0.0102101,-0.515806,-0.938327,-0.209441,1.04991,-0.774742,-0.232699,0.231422,0.235935,0.246055,0.241813,True,True
3.105,-0.1309,0,0.138822,-0.0258756,0.378733,-0.428851,-0.420022,0.628099,-5.81595,0.998115,-0.127945,-11.5581,-0.578093,-0.500154,0.696524,0.0258756,-0.378733,-0.83742,0.1309,0,-0.313083,-0.00763656,0.512814,-3.70242,-0.617653,0.328617,6.13285,0.980722,0.226589,-14.1719,-0.363069,-0.555207,1.72634,0.00763656,-0.512814,-1.14573,-0.236424,0.932773,-0.766371,-0.227707,0.232687,0.236564,0.256664,0.243601,True,True
3.11,-0.1309,0,0.171911,-0.0239896,0.37499,-0.757123,-0.41688,0.628016,-5.58099,0.997456,-0.135666,-9.68905,-0.580576,-0.492351,0.557307,0.0239896,-0.37499,-0.7505,0.1309,2.77556e-15,-0.477459,-0.00508196,0.508221,-5.39816,-0.616002,0.331482,6.34994,0.981831,0.216603,-15.8537,-0.365829,-0.548084,1.87069,0.00508196,-0.508221,-1.37323,-0.245959,0.803145,-0.756137,-0.222798,0.233943,0.237189,0.267273,0.245389,True,True
3.115,-0.1309,-2.77556e-15,0.191825,-0.0221257,0.369867,-0.885826,-0.413742,0.626666,-5.18301,0.996759,-0.142978,-7.73869,-0.583017,-0.483688,0.421784,0.0221257,-0.369867,-0.641266,0.1309,0,-0.663138,-0.00255435,0.502016,-7.32697,-0.614338,0.333715,6.45764,0.982888,0.206523,-17.6011,-0.36855,-0.540237,1.99961,0.00255435,-0.502016,-1.61581,-0.23783,0.659536,-0.744069,-0.218018,0.235187,0.237811,0.277881,0.247177,True,True
3.12,-0.1309,0,0.198471,-0.0202909,0.363349,-0.816028,-0.410613,0.62403,-4.62849,0.996026,-0.149809,-5.72656,-0.585413,-0.474221,0.290079,0.0202909,-0.363349,-0.510105,0.1309,0,-0.865347,-6.18049e-05,0.49419,-9.46712,-0.612665,0.335287,6.45152,0.983896,0.196435,-19.4094,-0.371231,-0.531723,2.09138,6.18049e-05,-0.49419,-1.86185,-0.21225,0.502284,-0.730209,-0.21343,0.236413,0.238428,0.28849,0.248965,True,True
3.125,-0.1309,2.77556e-15,0.192011,-0.0184922,0.355428,-0.559206,-0.407502,0.62013,-3.93702,0.995261,-0.1561,-3.69523,-0.587759,-0.464029,0.165349,0.0184922,-0.355428,-0.361366,0.1309,0,-1.07273,0.00238755,0.484748,-11.7626,-0.610985,0.336199,6.32751,0.984853,0.186437,-21.2637,-0.373867,-0.522636,2.10544,-0.00238755,-0.484748,-2.08794,-0.170689,0.336017,-0.714627,-0.209116,0.23762,0.23904,0.299098,0.250753,True,True
3.13,-0.1309,0,0.173137,-0.0167366,0.346107,-0.150122,-0.404412,0.615063,-3.15473,0.994465,-0.16182,-1.72864,-0.590053,-0.453244,0.0559716,0.0167366,-0.346107,-0.206958,0.1309,0,-1.26202,0.00478568,0.473723,-14.0926,-0.609303,0.336495,6.08576,0.98576,0.176641,-23.1281,-0.376457,-0.513136,1.97204,-0.00478568,-0.473723,-2.25118,-0.117308,0.173273,-0.697454,-0.205202,0.238803,0.239648,0.309707,0.252541,True,True
3.135,-0.1309,2.77556e-15,0.152458,-0.0150311,0.335421,0.355006,-0.401351,0.609058,-2.44801,0.993642,-0.166979,0.0512035,-0.592291,-0.442079,-0.0270837,0.0150311,-0.335421,-0.0716003,0.1309,0,-1.39415,0.00712479,0.461206,-16.277,-0.60762,0.336304,5.85083,0.986619,0.167192,-24.8551,-0.378999,-0.503495,1.6869,-0.00712479,-0.461206,-2.32713,-0.0639811,0.0368995,-0.678925,-0.201873,0.239959,0.24025,0.320316,0.25433,True,True
3.14,-0.1309,0.000686877,0.174915,-0.0133824,0.323897,0.947077,-0.398322,0.598584,-2.32968,0.992795,-0.165178,1.54271,-0.594474,-0.433406,-0.107002,0.0133824,-0.323897,0.0233416,0.1309,-0.000686877,-1.42571,0.00939774,0.447412,-18.2163,-0.60594,0.335788,6.21333,0.987432,0.158224,-25.9485,-0.381492,-0.494012,1.64188,-0.00939774,-0.447412,-2.44993,-0.0374299,-0.069565,-0.662283,-0.201622,0.241086,0.240848,0.330924,0.256118,False,True
3.145,-0.130893,0.00538006,0.309641,-0.0117922,0.313838,1.29142,-0.395365,0.565653,-3.58429,0.991991,-0.126199,1.75514,-0.596626,-0.439454,-0.203889,0.0117922,-0.313838,0.0211317,0.130893,-0.00538006,-1.32776,0.0115989,0.432762,-18.4741,-0.604263,0.334915,7.79736,0.988201,0.149735,-25.0393,-0.383939,-0.484651,2.55935,-0.0115989,-0.432762,-1.72116,-0.0876618,-0.116217,-0.661382,-0.215029,0.242181,0.241443,0.330924,0.256118,False,True
3.15,-0.130846,0.0170873,0.472464,-0.010244,0.307503,1.71772,-0.392665,0.495334,-5.12219,0.991533,-0.025323,2.00324,-0.598868,-0.470011,-0.320056,0.010244,-0.307503,0.017016,0.130846,-0.0170873,-1.18124,0.0137254,0.417699,-18.929,-0.602591,0.333719,9.69232,0.988929,0.14173,-24.0424,-0.386339,-0.475448,3.44843,-0.0137254,-0.417699,-1.48101,-0.148853,-0.17119,-0.687613,-0.250271,0.243243,0.242036,0.330924,0.256118,False,True
3.155,-0.130722,0.0358524,0.620311,-0.00871715,0.305305,2.13028,-0.390412,0.39034,-6.4858,0.991737,0.132566,2.21005,-0.601326,-0.522907,-0.419525,0.00871715,-0.305305,0.0124153,0.130722,-0.0358524,-1.02847,0.0157759,0.402487,-19.4008,-0.600925,0.332482,11.3066,0.989619,0.134324,-23.3024,-0.388693,-0.466806,3.96968,-0.0157759,-0.402487,-1.43035,-0.201919,-0.217594,-0.739106,-0.30489,0.244272,0.242631,0.330924,0.256118,False,True
3.16,-0.130487,0.0610227,0.748318,-0.00719099,0.307133,2.51265,-0.388762,0.257101,-7.59721,0.992859,0.336112,2.36524,-0.604097,-0.593213,-0.495866,0.00719099,-0.307133,0.00775596,0.130487,-0.0610227,-0.90118,0.0177502,0.387277,-19.8489,-0.599266,0.331441,12.5747,0.990273,0.127591,-22.7978,-0.391007,-0.459032,4.21349,-0.0177502,-0.387277,-1.44944,-0.24335,-0.252506,-0.810861,-0.374046,0.245268,0.24323,0.330924,0.256118,False,True
3.165,-0.130112,0.0919651,0.85995,-0.00564582,0.312803,2.86721,-0.387841,0.101611,-8.46804,0.995098,0.574446,2.47339,-0.607258,-0.676058,-0.549697,0.00564582,-0.312803,0.00317389,0.130112,-0.0919651,-0.818433,0.0196487,0.372165,-20.2727,-0.597611,0.330735,13.5397,0.990895,0.121546,-22.4564,-0.393284,-0.452281,4.30702,-0.0196487,-0.372165,-1.49409,-0.27338,-0.27631,-0.897883,-0.453007,0.246232,0.243834,0.330924,0.256118,False,True
3.17,-0.129568,0.128066,0.958212,-0.00406296,0.322071,3.19601,-0.387746,-0.0705273,-9.11172,0.998603,0.837224,2.53877,-0.610858,-0.766697,-0.581937,0.00406296,-0.322071,-0.00121782,0.129568,-0.128066,-0.789794,0.0214719,0.357215,-20.6752,-0.595959,0.330446,14.2327,0.991488,0.116173,-22.2367,-0.39553,-0.446619,4.32188,-0.0214719,-0.357215,-1.54371,-0.292412,-0.289522,-0.995267,-0.537209,0.247164,0.244447,0.330924,0.256118,False,True
3.175,-0.128831,0.16873,1.0457,-0.0024251,0.334648,3.50063,-0.388546,-0.254109,-9.54396,1.00347,1.1147,2.56545,-0.614925,-0.860595,-0.593824,0.0024251,-0.334648,-0.00531953,0.128831,-0.16873,-0.818364,0.0232208,0.342475,-21.0602,-0.594306,0.330626,14.6789,0.992056,0.111438,-22.1147,-0.39775,-0.442065,4.29646,-0.0232208,-0.342475,-1.58994,-0.301013,-0.292809,-1.09828,-0.622335,0.248064,0.245071,0.330924,0.256118,False,True
3.18,-0.12788,0.213384,1.12462,-0.000716481,0.350199,3.78206,-0.390287,-0.444357,-9.78276,1.00975,1.39787,2.55742,-0.619464,-0.953511,-0.5869,0.000716481,-0.350199,-0.00904034,0.12788,-0.213384,-0.902866,0.0248966,0.327981,-21.4305,-0.592652,0.331307,14.9013,0.992603,0.1073,-22.0753,-0.39995,-0.438608,4.25057,-0.0248966,-0.327981,-1.63031,-0.299913,-0.286987,-1.20245,-0.70439,0.248932,0.245706,0.330924,0.256118,False,True
3.185,-0.126697,0.261472,1.19679,0.00107689,0.36835,4.04059,-0.39299,-0.636963,-9.84815,1.01745,1.67853,2.51855,-0.62446,-1.04157,-0.562982,-0.00107689,-0.36835,-0.0122956,0.126697,-0.261472,-1.03902,0.0265006,0.31376,-21.7869,-0.590993,0.33251,14.9227,0.993129,0.103712,-22.1074,-0.402136,-0.436221,4.19407,-0.0265006,-0.31376,-1.66484,-0.289981,-0.273001,-1.30365,-0.779775,0.249768,0.246353,0.330924,0.256118,False,True
3.19,-0.125266,0.312458,1.26363,0.00296702,0.388688,4.27584,-0.396656,-0.828126,-9.7616,1.02654,1.94945,2.45266,-0.629879,-1.12132,-0.524103,-0.00296702,-0.388688,-0.0150056,0.125266,-0.312458,-1.22052,0.0280342,0.299832,-22.1279,-0.589327,0.334244,14.7658,0.99364,0.100625,-22.2018,-0.404312,-0.434869,4.13174,-0.0280342,-0.299832,-1.69427,-0.272199,-0.251903,-1.39815,-0.845351,0.250572,0.247014,0.330924,0.256118,False,True
3.195,-0.123573,0.365826,1.32619,0.00496377,0.410769,4.48676,-0.401271,-1.01458,-9.54523,1.03694,2.20439,2.36342,-0.635673,-1.18981,-0.472435,-0.00496377,-0.410769,-0.0170956,0.123573,-0.365826,-1.43978,0.0294989,0.286211,-22.4503,-0.587651,0.336514,14.4536,0.994136,0.0979889,-22.3495,-0.406485,-0.434503,4.06593,-0.0294989,-0.286211,-1.71925,-0.247621,-0.22481,-1.48269,-0.898482,0.251345,0.247689,0.330924,0.256118,False,True
3.2,-0.121607,0.421079,1.38508,0.00707471,0.434118,4.67182,-0.406802,-1.19359,-9.22099,1.04858,2.43817,2.25439,-0.641778,-1.24458,-0.410213,-0.00707471,-0.434118,-0.0184963,0.121607,-0.421079,-1.68853,0.0308963,0.272902,-22.7492,-0.585962,0.339314,14.0085,0.99462,0.0957545,-22.5417,-0.408658,-0.435069,3.99785,-0.0308963,-0.272902,-1.74012,-0.217336,-0.192868,-1.55448,-0.93706,0.252085,0.248378,0.330924,0.256118,False,True
3.205,-0.119362,0.47774,1.44058,0.00930495,0.45823,4.82909,-0.413207,-1.36294,-8.80985,1.06133,2.64663,2.12892,-0.648119,-1.28369,-0.339653,-0.00930495,-0.45823,-0.0191442,0.119362,-0.47774,-1.95829,0.032228,0.259903,-23.0187,-0.584258,0.342634,13.4522,0.995093,0.0938716,-22.7703,-0.410835,-0.436506,3.92819,-0.032228,-0.259903,-1.75686,-0.18243,-0.157211,-1.61122,-0.959509,0.252792,0.24908,0.330924,0.256118,False,True
3.21,-0.11683,0.53535,1.49256,0.011657,0.482579,4.95645,-0.420431,-1.5209,-8.33115,1.07505,2.82659,1.99016,-0.654614,-1.30569,-0.262892,-0.011657,-0.482579,-0.0189838,0.11683,-0.53535,-2.24078,0.0334954,0.247205,-23.2525,-0.582536,0.346454,12.8046,0.995558,0.0922914,-23.0271,-0.413023,-0.438746,3.85737,-0.0334954,-0.247205,-1.76926,-0.14395,-0.118928,-1.65112,-0.964767,0.253467,0.249796,0.330924,0.256118,False,True
3.215,-0.114008,0.593472,1.54061,0.0141307,0.506622,5.0518,-0.428416,-1.6662,-7.80209,1.08959,2.97582,1.84101,-0.661176,-1.30962,-0.181937,-0.0141307,-0.506622,-0.0179686,0.114008,-0.593472,-2.52819,0.0347,0.234795,-23.4444,-0.580793,0.350749,12.0838,0.996016,0.0909664,-23.3052,-0.415223,-0.441716,3.78562,-0.0347,-0.234795,-1.77699,-0.102884,-0.0790388,-1.67282,-0.952262,0.254109,0.250524,0.330924,0.256118,False,True
3.22,-0.110895,0.651687,1.584,0.0167232,0.5298,5.11318,-0.437093,-1.79791,-7.23746,1.1048,3.09287,1.68415,-0.667711,-1.29495,-0.0986285,-0.0167232,-0.5298,-0.0160633,0.110895,-0.651687,-2.81338,0.0358433,0.222651,-23.5885,-0.579028,0.355487,11.3057,0.996468,0.089851,-23.5984,-0.41744,-0.445338,3.71302,-0.0358433,-0.222651,-1.77975,-0.0601398,-0.0384773,-1.67541,-0.921863,0.254717,0.251265,0.330924,0.256118,False,True
3.225,-0.107491,0.709594,1.62182,0.0194287,0.55155,5.13897,-0.446395,-1.91546,-6.64955,1.12052,3.17702,1.52205,-0.674125,-1.26156,-0.014627,-0.0194287,-0.55155,-0.0132459,0.107491,-0.709594,-3.09001,0.0369265,0.210749,-23.6798,-0.577238,0.360632,10.4841,0.996915,0.0889017,-23.9013,-0.419676,-0.449534,3.63956,-0.0369265,-0.210749,-1.7773,-0.0165443,0.00191962,-1.65834,-0.873838,0.255292,0.252017,0.330924,0.256118,False,True
3.23,-0.103799,0.766815,1.65299,0.0222387,0.571311,5.12804,-0.456248,-2.01849,-6.04824,1.13657,3.22816,1.35693,-0.680326,-1.20967,0.0685911,-0.0222387,-0.571311,-0.00951002,0.103799,-0.766815,-3.3526,0.0379508,0.19906,-23.7144,-0.575422,0.366143,9.63049,0.997357,0.0880777,-24.2096,-0.421935,-0.454221,3.56517,-0.0379508,-0.19906,-1.76951,0.0271636,0.0414134,-1.62144,-0.808798,0.255832,0.252779,0.330924,0.256118,False,True
3.235,-0.0998233,0.822989,1.67636,0.0251419,0.588531,5.0798,-0.46658,-2.10687,-5.44114,1.1528,3.24668,1.19084,-0.686222,-1.1398,0.149728,-0.0251419,-0.588531,-0.00486673,0.0998233,-0.822989,-3.59651,0.0389171,0.187553,-23.6893,-0.573577,0.371975,8.75465,0.997795,0.0873407,-24.5197,-0.424218,-0.459316,3.48979,-0.0389171,-0.187553,-1.75638,0.0703261,0.079362,-1.56483,-0.727651,0.256339,0.253551,0.330924,0.256118,False,True
3.24,-0.0955695,0.877774,1.69075,0.028124,0.60268,4.99435,-0.477317,-2.18059,-4.83391,1.16904,3.23336,1.02566,-0.691724,-1.05276,0.227652,-0.028124,-0.60268,0.00065332,0.0955695,-0.877774,-3.81793,0.0398263,0.176196,-23.6028,-0.571702,0.378079,7.86462,0.99823,0.0866558,-24.8287,-0.426528,-0.464735,3.41341,-0.0398263,-0.176196,-1.73798,0.112361,0.115215,-1.4889,-0.631549,0.256811,0.254332,0.330924,0.256118,False,True
3.245,-0.0910456,0.93085,1.69507,0.0311687,0.613256,4.87244,-0.488386,-2.23974,-4.23059,1.18514,3.18931,0.863114,-0.69675,-0.949577,0.301383,-0.0311687,-0.613256,0.00699833,0.0910456,-0.93085,-4.01383,0.0406791,0.164957,-23.4543,-0.569796,0.384407,6.96713,0.998662,0.0859906,-25.1344,-0.428866,-0.470397,3.3361,-0.0406791,-0.164957,-1.71451,0.152752,0.148506,-1.3943,-0.521844,0.25725,0.255119,0.330924,0.256118,False,True
3.25,-0.086261,0.981914,1.68831,0.0342566,0.619799,4.71554,-0.499714,-2.28445,-3.63392,1.20093,3.11591,0.704808,-0.70122,-0.831459,0.37008,-0.0342566,-0.619799,0.0140943,0.086261,-0.981914,-4.18187,0.0414759,0.153802,-23.2445,-0.567858,0.390905,6.06787,0.99909,0.085316,-25.4346,-0.431232,-0.476221,3.25805,-0.0414759,-0.153802,-1.68623,0.191043,0.178848,-1.28188,-0.400046,0.257655,0.255913,0.330924,0.256118,False,True
3.255,-0.0812264,1.03068,1.66965,0.0373666,0.621904,4.52575,-0.51123,-2.3149,-3.04567,1.21629,3.01469,0.552239,-0.705064,-0.699792,0.433022,-0.0373666,-0.621904,0.0218447,0.0812264,-1.03068,-4.32034,0.0422171,0.1427,-22.9751,-0.565887,0.397519,5.17177,0.999515,0.0846058,-25.728,-0.433628,-0.482125,3.17956,-0.0422171,-0.1427,-1.65346,0.226832,0.205925,-1.15269,-0.267788,0.258025,0.256712,0.330924,0.256118,False,True
3.26,-0.0759541,1.0769,1.63848,0.0404756,0.619227,4.30582,-0.522863,-2.33126,-2.46698,1.23108,2.88736,0.406815,-0.708218,-0.556092,0.489606,-0.0404756,-0.619227,0.0301307,0.0759541,-1.0769,-4.42807,0.0429029,0.131623,-22.6488,-0.563883,0.404196,4.28324,0.999936,0.0838367,-26.0129,-0.436053,-0.488032,3.10105,-0.0429029,-0.131623,-1.61658,0.259761,0.229492,-1.00795,-0.126788,0.258363,0.257515,0.330924,0.256118,False,True
3.265,-0.0704575,1.12031,1.59441,0.0435589,0.6115,4.05901,-0.534543,-2.33372,-1.89866,1.24517,2.7357,0.269862,-0.710625,-0.401986,0.539335,-0.0435589,-0.6115,0.0388127,0.0704575,-1.12031,-4.50438,0.0435333,0.120543,-22.2692,-0.561845,0.410878,3.40637,1.00035,0.0829883,-26.2883,-0.438508,-0.493866,3.02306,-0.0435333,-0.120543,-1.57601,0.289518,0.249364,-0.849068,0.0211793,0.258667,0.25832,0.330924,0.256118,False,True
3.27,-0.0647511,1.1607,1.53731,0.0465906,0.59854,3.78902,-0.5462,-2.32243,-1.34139,1.25844,2.56161,0.142637,-0.712238,-0.239184,0.581815,-0.0465906,-0.59854,0.0477325,0.0647511,-1.1607,-4.54898,0.0441083,0.109437,-21.8409,-0.559774,0.417509,2.5451,1.00077,0.0820429,-26.553,-0.440992,-0.499551,2.94621,-0.0441083,-0.109437,-1.5322,0.315833,0.265421,-0.677563,0.174312,0.258938,0.259127,0.330924,0.256118,False,True
3.275,-0.0588505,1.19785,1.4673,0.0495443,0.580254,3.49988,-0.557767,-2.29756,-0.795991,1.27078,2.36702,0.0263279,-0.713017,-0.0694575,0.616753,-0.0495443,-0.580254,0.0567166,0.0588505,-1.19785,-4.56192,0.0446277,0.0982845,-21.369,-0.55767,0.424032,1.70332,1.00117,0.0809857,-26.8061,-0.443504,-0.505017,2.87118,-0.0446277,-0.0982845,-1.48566,0.338477,0.277601,-0.495103,0.330809,0.259178,0.259934,0.330924,0.256118,False,True
3.28,-0.0527725,1.2316,1.38472,0.0523932,0.55665,3.19583,-0.569176,-2.25928,-0.26355,1.28211,2.1539,-0.0779428,-0.712932,0.105382,0.643959,-0.0523932,-0.55665,0.0655805,0.0527725,-1.2316,-4.54351,0.0450912,0.0870671,-20.8597,-0.555534,0.43039,0.884993,1.00158,0.0798046,-27.0469,-0.446042,-0.510195,2.79873,-0.0450912,-0.0870671,-1.43691,0.357266,0.285904,-0.303471,0.488894,0.259386,0.260741,0.330924,0.256118,False,True
3.285,-0.0465346,1.26176,1.29016,0.0551108,0.527839,2.88118,-0.58036,-2.20777,0.254419,1.29232,1.92426,-0.169124,-0.711963,0.283511,0.66334,-0.0551108,-0.527839,0.0741339,0.0465346,-1.26176,-4.4943,0.0454984,0.0757709,-20.3192,-0.553366,0.436527,0.0941525,1.00197,0.0784902,-27.2746,-0.448606,-0.515017,2.72964,-0.0454984,-0.0757709,-1.3865,0.372058,0.290383,-0.104546,0.646838,0.259564,0.261545,0.330924,0.256118,False,True
3.29,-0.0401549,1.2882,1.18434,0.0576716,0.494033,2.56023,-0.591254,-2.14324,0.755909,1.30135,1.68013,-0.246241,-0.710097,0.463112,0.674908,-0.0576716,-0.494033,0.0821859,0.0401549,-1.2882,-4.41498,0.0458489,0.064385,-19.7545,-0.551168,0.442387,-0.665048,1.00236,0.0770358,-27.4888,-0.451192,-0.519423,2.66472,-0.0458489,-0.064385,-1.33502,0.382759,0.291149,0.0997155,0.802985,0.259711,0.262347,0.330924,0.256118,False,True
3.295,-0.0336526,1.31078,1.06817,0.0600511,0.455549,2.23714,-0.601792,-2.06597,1.23836,1.30912,1.42357,-0.308404,-0.707332,0.6424,0.678772,-0.0600511,-0.455549,0.0895517,0.0336526,-1.31078,-4.30639,0.0461422,0.0529009,-19.173,-0.548942,0.447915,-1.38837,1.00274,0.0754376,-27.6891,-0.4538,-0.523352,2.60477,-0.0461422,-0.0529009,-1.28304,0.389322,0.288363,0.307301,0.955771,0.259829,0.263144,0.330924,0.256118,False,True
3.3,-0.0270472,1.3294,0.942665,0.0622271,0.412799,1.91583,-0.611913,-1.97629,1.69867,1.31559,1.15665,-0.354821,-0.703673,0.819647,0.675136,-0.0622271,-0.412799,0.0960582,0.0270472,-1.3294,-4.16945,0.0463779,0.0413127,-18.582,-0.546689,0.453057,-2.07151,1.00312,0.0736943,-27.8755,-0.456426,-0.526752,2.55061,-0.0463779,-0.0413127,-1.23117,0.391747,0.282233,0.516169,1.10374,0.259919,0.263936,0.330924,0.256118,False,True
3.305,-0.0203586,1.34398,0.808919,0.0641791,0.366284,1.59992,-0.621555,-1.87463,2.13322,1.32069,0.881431,-0.38481,-0.699136,0.993196,0.664292,-0.0641791,-0.366284,0.10155,0.0203586,-1.34398,-4.00513,0.0465554,0.0296164,-17.9894,-0.544412,0.457763,-2.71018,1.00348,0.0718076,-28.048,-0.459068,-0.529571,2.50301,-0.0465554,-0.0296164,-1.17999,0.390085,0.273005,0.724277,1.24557,0.259982,0.264722,0.330924,0.256118,False,True
3.31,-0.0136074,1.35444,0.668094,0.0658899,0.316581,1.29267,-0.63066,-1.7615,2.53792,1.3244,0.60001,-0.39782,-0.693741,1.16149,0.646613,-0.0658899,-0.316581,0.105897,0.0136074,-1.35444,-3.81449,0.0466741,0.0178095,-17.4029,-0.542112,0.461985,-3.30019,1.00383,0.0697817,-28.2068,-0.461722,-0.531766,2.46269,-0.0466741,-0.0178095,-1.13011,0.384432,0.260957,0.929607,1.38007,0.260018,0.265501,0.330924,0.256118,False,True
3.315,-0.00681419,1.36074,0.521395,0.0673449,0.264335,0.996958,-0.63917,-1.63755,2.90835,1.32669,0.314477,-0.393439,-0.687521,1.32308,0.622539,-0.0673449,-0.264335,0.108994,0.00681419,-1.36074,-3.59863,0.0467335,0.00589023,-16.8302,-0.539792,0.465675,-3.83749,1.00418,0.0676235,-28.3525,-0.464385,-0.533299,2.43035,-0.0467335,-0.00589023,-1.08208,0.374929,0.246389,1.1302,1.5062,0.260028,0.266272,0.330924,0.256118,False,True
3.32,-3.70791e-18,1.36284,0.370068,0.0685332,0.210235,0.715246,-0.647035,-1.50356,3.23983,1.32755,0.0269262,-0.371416,-0.680511,1.47664,0.592561,-0.0685332,-0.210235,0.11077,-3.70791e-18,-1.36284,-3.35872,0.046733,-0.00614273,-16.2791,-0.537455,0.468795,-4.31832,1.00451,0.0653424,-28.4856,-0.467055,-0.534137,2.40657,-0.046733,0.00614273,-1.03648,0.361757,0.229613,1.32418,1.62307,0.260013,0.267034,0.330924,0.256118,False,True
3.325,0.00681419,1.36074,0.215393,0.0694473,0.155002,0.4496,-0.654206,-1.36044,3.52759,1.32696,-0.260547,-0.331677,-0.672754,1.62098,0.557209,-0.0694473,-0.155002,0.111187,-0.00681419,-1.36074,-3.09603,0.046672,-0.0182908,-15.7569,-0.535104,0.471304,-4.73925,1.00483,0.06295,-28.6068,-0.469727,-0.534254,2.39188,-0.046672,0.0182908,-0.993832,0.345132,0.21094,1.50978,1.72997,0.259974,0.267788,0.330924,0.256118,False,True
3.33,0.0136074,1.35444,0.0586912,0.0700833,0.0993726,0.201715,-0.660639,-1.20921,3.76688,1.32494,-0.54585,-0.274334,-0.664301,1.75506,0.51703,-0.0700833,-0.0993726,0.110243,-0.0136074,-1.35444,-2.8119,0.0465501,-0.0305557,-15.271,-0.532742,0.473172,-5.09732,1.00514,0.0604599,-28.7172,-0.472397,-0.533632,2.38668,-0.0465501,0.0305557,-0.954624,0.325298,0.19067,1.68536,1.82629,0.259912,0.268531,0.330924,0.256118,False,True
3.335,0.0203586,1.34398,-0.0986648,0.070441,0.0440741,-0.0270608,-0.666298,-1.05108,3.95312,1.3215,-0.826896,-0.199695,-0.655204,1.87797,0.472573,-0.070441,-0.0440741,0.10797,-0.0203586,-1.34398,-2.5078,0.0463665,-0.0429401,-14.828,-0.530372,0.474371,-5.39005,1.00544,0.0578875,-28.8175,-0.475063,-0.532258,2.39124,-0.0463665,0.0429401,-0.919318,0.302522,0.169084,1.84945,1.91161,0.259827,0.269264,0.330924,0.256118,False,True
3.34,0.0270472,1.3294,-0.255248,0.070524,-0.0101878,-0.235678,-0.67115,-0.887329,4.08207,1.31667,-1.10161,-0.108276,-0.645521,1.98894,0.424372,-0.070524,0.0101878,0.104435,-0.0270472,-1.3294,-2.18536,0.0461207,-0.0554474,-14.4345,-0.527998,0.474877,-5.61555,1.00572,0.0552493,-28.9088,-0.47772,-0.530126,2.40571,-0.0461207,0.0554474,-0.888326,0.277082,0.14643,2.00071,1.98561,0.25972,0.269986,0.330924,0.256118,False,True
3.345,0.0336526,1.31078,-0.409574,0.0703391,-0.062748,-0.423347,-0.675171,-0.7194,4.14988,1.31049,-1.36792,-0.000794995,-0.635314,2.08732,0.372928,-0.0703391,0.062748,0.0997332,-0.0336526,-1.31078,-1.8463,0.045812,-0.068082,-14.0963,-0.525623,0.474676,-5.77254,1.00599,0.0525628,-28.992,-0.480364,-0.527238,2.43009,-0.045812,0.068082,-0.862011,0.249265,0.122922,2.13798,2.04807,0.259593,0.270698,0.330924,0.256118,False,True
3.35,0.0401549,1.2882,-0.560105,0.0698965,-0.112997,-0.589498,-0.678344,-0.548818,4.15329,1.30299,-1.62377,0.121826,-0.624648,2.17259,0.3187,-0.0698965,0.112997,0.0939892,-0.0401549,-1.2882,-1.49251,0.0454398,-0.0808491,-13.8186,-0.523251,0.473756,-5.86036,1.00624,0.049846,-29.0679,-0.482992,-0.523602,2.46422,-0.0454398,0.0808491,-0.840687,0.219354,0.0987293,2.26029,2.09888,0.259444,0.271399,0.330924,0.256118,False,True
3.355,0.0465346,1.26176,-0.705266,0.0692092,-0.160393,-0.733742,-0.68066,-0.377204,4.08961,1.29425,-1.86713,0.258471,-0.613588,2.24433,0.262094,-0.0692092,0.160393,0.0873482,-0.0465346,-1.26176,-1.12601,0.0450035,-0.0937548,-13.6061,-0.520886,0.472113,-5.87899,1.00649,0.0471167,-29.1373,-0.4856,-0.519229,2.50782,-0.0450035,0.0937548,-0.824621,0.187626,0.0739778,2.36681,2.13798,0.259276,0.272089,0.330924,0.256118,False,True
3.36,0.0527725,1.2316,-0.843465,0.0682926,-0.204474,-0.855846,-0.682116,-0.206244,3.95688,1.28432,-2.09598,0.40784,-0.602205,2.30222,0.203458,-0.0682926,0.204474,0.0799727,-0.0527725,-1.2316,-0.748887,0.0445023,-0.106806,-13.4623,-0.51853,0.469748,-5.82903,1.00671,0.044392,-29.2009,-0.488184,-0.51414,2.56045,-0.0445023,0.106806,-0.814031,0.154342,0.0487489,2.45687,2.16537,0.259088,0.272769,0.330924,0.256118,False,True
3.365,0.0588505,1.19785,-0.973133,0.0671644,-0.244864,-0.955715,-0.682722,-0.0376761,3.75387,1.27329,-2.30832,0.568467,-0.590566,2.34599,0.143079,-0.0671644,0.244864,0.072037,-0.0588505,-1.19785,-0.363331,0.0439355,-0.120008,-13.3903,-0.516188,0.46667,-5.71164,1.00693,0.0416881,-29.259,-0.490742,-0.508358,2.62157,-0.0439355,0.120008,-0.8091,0.119749,0.0230827,2.52994,2.18104,0.258881,0.273439,0.330924,0.256118,False,True
3.37,0.0647511,1.1607,-1.09276,0.065844,-0.281279,-1.03339,-0.682493,0.126735,3.48016,1.26124,-2.50218,0.738739,-0.578745,2.37545,0.0811898,-0.065844,0.281279,0.0637212,-0.0647511,-1.1607,0.0284378,0.0433022,-0.133369,-13.3919,-0.513864,0.462891,-5.52856,1.00713,0.0390198,-29.3117,-0.493268,-0.501911,2.69051,-0.0433022,0.133369,-0.809984,0.084071,-0.00301691,2.58564,2.18501,0.258654,0.2741,0.330924,0.256118,False,True
3.375,0.0704575,1.12031,-1.20094,0.0643516,-0.313528,-1.08903,-0.681455,0.28522,3.13611,1.24827,-2.67565,0.916911,-0.566812,2.39043,0.0179752,-0.0643516,0.313528,0.0552063,-0.0704575,-1.12031,0.424182,0.0426018,-0.146895,-13.468,-0.511559,0.458431,-5.28204,1.00732,0.0363997,-29.3589,-0.495761,-0.494831,2.76658,-0.0426018,0.146895,-0.816823,0.0475157,-0.0295737,2.62369,2.17726,0.258409,0.274751,0.330924,0.256118,False,True
3.38,0.0759541,1.0769,-1.29644,0.0627087,-0.341514,-1.12297,-0.679641,0.436027,2.72298,1.23448,-2.82682,1.10113,-0.55484,2.39079,-0.0464147,-0.0627087,0.341514,0.0466692,-0.0759541,-1.0769,0.821669,0.0418333,-0.160592,-13.6183,-0.509279,0.453314,-4.97479,1.0075,0.0338385,-29.4003,-0.498216,-0.487152,2.84902,-0.0418333,0.160592,-0.829755,0.0102733,-0.0566291,2.64391,2.15775,0.258144,0.275395,0.330924,0.256118,False,True
3.385,0.0812264,1.03068,-1.37821,0.0609365,-0.365231,-1.1357,-0.677094,0.577446,2.24291,1.22,-2.95387,1.28946,-0.542904,2.37643,-0.111847,-0.0609365,0.365231,0.0382782,-0.0812264,-1.03068,1.21868,0.0409958,-0.174465,-13.8413,-0.507026,0.447568,-4.61003,1.00766,0.031344,-29.4352,-0.500632,-0.478912,2.93707,-0.0409958,0.174465,-0.848925,-0.0274773,-0.0842304,2.6462,2.12639,0.25786,0.276032,0.330924,0.256118,False,True
3.39,0.086261,0.981914,-1.44545,0.0590564,-0.384757,-1.12791,-0.673866,0.707829,1.69899,1.20494,-3.05508,1.47987,-0.531076,2.34725,-0.178186,-0.0590564,0.384757,0.0301896,-0.086261,-0.981914,1.61298,0.0400886,-0.188516,-14.1344,-0.504804,0.44123,-4.19146,1.00781,0.0289214,-29.4627,-0.503005,-0.470151,3.03004,-0.0400886,0.188516,-0.874491,-0.0655607,-0.112416,2.63057,2.08305,0.257557,0.276663,0.330924,0.256118,False,True
3.395,0.0910456,0.93085,-1.49762,0.0570889,-0.400251,-1.10051,-0.670016,0.825622,1.09537,1.18945,-3.12879,1.6703,-0.519431,2.30317,-0.245263,-0.0570889,0.400251,0.0225447,-0.0910456,-0.93085,2.00231,0.0391107,-0.202749,-14.4934,-0.502614,0.434337,-3.72335,1.00795,0.0265727,-29.4816,-0.505334,-0.460909,3.12728,-0.0391107,0.202749,-0.906615,-0.103795,-0.141202,2.59706,2.02757,0.257234,0.277289,0.330924,0.256118,False,True
3.4,0.0955695,0.877774,-1.53449,0.0550539,-0.411942,-1.05467,-0.66561,0.929386,0.437336,1.17365,-3.17352,1.8586,-0.508044,2.24413,-0.312855,-0.0550539,0.411942,0.0154674,-0.0955695,-0.877774,2.38428,0.0380611,-0.217164,-14.9131,-0.50046,0.426934,-3.2106,1.00807,0.024297,-29.4907,-0.507615,-0.451231,3.22824,-0.0380611,0.217164,-0.945445,-0.141979,-0.170562,2.54582,1.95977,0.25689,0.277912,0.330924,0.256118,False,True
3.405,0.0998233,0.822989,-1.55611,0.0529695,-0.420122,-0.991819,-0.660722,1.01783,-0.268536,1.15771,-3.18798,2.04258,-0.49699,2.17015,-0.380646,-0.0529695,0.420122,0.00906337,-0.0998233,-0.822989,2.75632,0.036939,-0.23176,-15.3865,-0.498345,0.419069,-2.6589,1.00819,0.0220901,-29.4887,-0.509846,-0.441159,3.33242,-0.036939,0.23176,-0.991081,-0.179881,-0.200416,2.47708,1.87945,0.256526,0.278534,0.330924,0.256118,False,True
3.41,0.103799,0.766815,-1.56279,0.0508526,-0.425135,-0.913686,-0.655432,1.08984,-1.01423,1.14177,-3.17111,2.21999,-0.486343,2.08127,-0.448201,-0.0508526,0.425135,0.00341868,-0.103799,-0.766815,3.11552,0.0357435,-0.246536,-15.9053,-0.49627,0.410795,-2.07491,1.0083,0.0199445,-29.4743,-0.512026,-0.43074,3.43942,-0.0357435,0.246536,-1.04352,-0.217218,-0.230607,2.39117,1.78645,0.25614,0.279156,0.330924,0.256118,False,True
3.415,0.107491,0.709594,-1.55511,0.0487182,-0.427369,-0.822254,-0.649824,1.14452,-1.79012,1.126,-3.12218,2.3885,-0.476177,1.97766,-0.514927,-0.0487182,0.427369,-0.00139972,-0.107491,-0.709594,3.45853,0.0344737,-0.261489,-16.4596,-0.494237,0.402173,-1.46647,1.00839,0.0178495,-29.4467,-0.514153,-0.420022,3.5488,-0.0344737,0.261489,-1.10257,-0.253646,-0.26089,2.28854,1.68068,0.255732,0.279779,0.330924,0.256118,False,True
3.42,0.110895,0.651687,-1.53384,0.0465789,-0.427243,-0.719755,-0.643987,1.18122,-2.5848,1.11055,-3.04086,2.54568,-0.466566,1.85964,-0.580052,-0.0465789,0.427243,-0.00534386,-0.110895,-0.651687,3.78142,0.0331286,-0.276613,-17.0383,-0.492248,0.393266,-0.842795,1.00847,0.0157911,-29.4052,-0.516226,-0.409057,3.6601,-0.0331286,0.276613,-1.16779,-0.28874,-0.290913,2.16982,1.56217,0.255301,0.280406,0.330924,0.256118,False,True
3.425,0.114008,0.593472,-1.4999,0.0444457,-0.425201,-0.608619,-0.638012,1.19961,-3.38499,1.09559,-2.9273,2.68901,-0.457581,1.72769,-0.64259,-0.0444457,0.425201,-0.00838385,-0.114008,-0.593472,4.07954,0.0317075,-0.291904,-17.6286,-0.490304,0.384146,-0.214746,1.00855,0.0137517,-29.3501,-0.518244,-0.397898,3.77264,-0.0317075,0.291904,-1.23834,-0.321985,-0.320206,2.03584,1.43112,0.254846,0.281038,0.330924,0.256118,False,True
3.43,0.11683,0.53535,-1.45429,0.0423269,-0.421701,-0.491389,-0.631991,1.19968,-4.17541,1.08128,-2.78225,2.81581,-0.449289,1.58256,-0.701333,-0.0423269,0.421701,-0.0105067,-0.11683,-0.53535,4.34741,0.0302096,-0.307356,-18.2165,-0.488406,0.374893,0.405057,1.00861,0.0117107,-29.2821,-0.520205,-0.386604,3.8855,-0.0302096,0.307356,-1.3129,-0.352765,-0.348177,1.88767,1.28794,0.254367,0.281678,0.330924,0.256118,False,True
3.435,0.119362,0.47774,-1.39803,0.0402287,-0.417208,-0.370625,-0.626015,1.18183,-4.93888,1.06777,-2.60713,2.92326,-0.441755,1.4253,-0.754838,-0.0402287,0.417208,-0.0117153,-0.119362,-0.47774,4.57866,0.028634,-0.322964,-18.7871,-0.486555,0.365596,1.00215,1.00867,0.0096438,-29.2032,-0.52211,-0.37524,3.99741,-0.028634,0.322964,-1.3896,-0.380358,-0.374103,1.72669,1.13337,0.253862,0.282326,0.330924,0.256118,False,True
3.44,0.121607,0.421079,-1.33209,0.0381549,-0.412181,-0.248779,-0.620172,1.14688,-5.65645,1.05521,-2.40417,3.00838,-0.435036,1.25729,-0.801442,-0.0381549,0.412181,-0.0120265,-0.121607,-0.421079,4.76607,0.02698,-0.338721,-19.3244,-0.48475,0.356356,1.56027,1.00871,0.00752296,-29.1159,-0.523958,-0.363879,4.10663,-0.02698,0.338721,-1.4659,-0.403942,-0.397141,1.55463,0.968465,0.25333,0.282985,0.330924,0.256118,False,True
3.445,0.123573,0.365826,-1.2573,0.0361069,-0.407072,-0.128042,-0.614546,1.09613,-6.30776,1.04373,-2.17647,3.06802,-0.429182,1.08034,-0.839283,-0.0361069,0.407072,-0.0114706,-0.123573,-0.365826,4.90159,0.0252468,-0.354624,-19.8123,-0.482992,0.347283,2.0616,1.00874,0.00531642,-29.0241,-0.525749,-0.352599,4.211,-0.0252468,0.354624,-1.53861,-0.422606,-0.416342,1.37363,0.794728,0.252771,0.283656,0.330924,0.256118,False,True
3.45,0.125266,0.312458,-1.1743,0.0340841,-0.402317,-0.0101979,-0.609211,1.03138,-6.87154,1.03344,-1.92811,3.09883,-0.424233,0.896722,-0.866346,-0.0340841,0.402317,-0.0100897,-0.125266,-0.312458,4.97652,0.0234337,-0.370669,-20.2348,-0.481278,0.338503,2.48717,1.00876,0.00298826,-28.9322,-0.527484,-0.341491,4.30789,-0.0234337,0.370669,-1.60391,-0.43537,-0.43067,1.18624,0.614106,0.252184,0.284341,0.330924,0.256118,False,True
3.455,0.126697,0.261472,-1.08353,0.0320837,-0.398326,0.103531,-0.604232,0.954956,-7.32628,1.02445,-1.66412,3.09735,-0.420215,0.709165,-0.880521,-0.0320837,0.398326,-0.007937,-0.126697,-0.261472,4.9818,0.0215401,-0.386853,-20.5762,-0.479607,0.330156,2.81742,1.00877,0.000498223,-28.8452,-0.529164,-0.330654,4.39425,-0.0215401,0.386853,-1.6576,-0.441213,-0.439033,0.995507,0.429046,0.251567,0.285042,0.330924,0.256118,False,True
3.46,0.12788,0.213384,-0.985138,0.0301009,-0.395481,0.212616,-0.599661,0.869672,-7.65095,1.0168,-1.39058,3.05998,-0.417141,0.520908,-0.879672,-0.0301009,0.395481,-0.00507653,-0.12788,-0.213384,4.90828,0.0195652,-0.403172,-20.8226,-0.477976,0.322398,3.03285,1.00877,-0.00219861,-28.7687,-0.53079,-0.320199,4.46651,-0.0195652,0.403172,-1.69536,-0.439111,-0.44032,0.804929,0.242512,0.250921,0.285759,0.330924,0.256118,False,True
3.465,0.128831,0.16873,-0.879013,0.0281289,-0.394131,0.317315,-0.595535,0.778852,-7.82588,1.01054,-1.11453,2.98299,-0.415006,0.335678,-0.861714,-0.0281289,0.394131,-0.00158362,-0.128831,-0.16873,4.74719,0.0175084,-0.419625,-20.9615,-0.476383,0.315398,3.11472,1.00875,-0.00515205,-28.7082,-0.532366,-0.310246,4.52031,-0.0175084,0.419625,-1.71343,-0.428069,-0.43344,0.61848,0.0579802,0.250244,0.286493,0.330924,0.256118,False,True
3.47,0.129568,0.128066,-0.764793,0.0261596,-0.394579,0.4187,-0.591873,0.686265,-7.83334,1.00566,-0.843937,2.86258,-0.413785,0.157672,-0.824679,-0.0261596,0.394579,0.00245366,-0.129568,-0.128066,4.4905,0.0153689,-0.436207,-20.9832,-0.474822,0.309345,3.04547,1.00871,-0.00841711,-28.6699,-0.533893,-0.300928,4.54968,-0.0153689,0.436207,-1.7097,-0.407159,-0.41735,0.440569,-0.120573,0.249536,0.287246,0.330924,0.256118,False,True
3.475,0.130112,0.0919651,-0.64192,0.0241831,-0.397083,0.51861,-0.588673,0.596075,-7.65813,1.0021,-0.587589,2.69487,-0.413429,-0.00848592,-0.766771,-0.0241831,0.397083,0.00693103,-0.130112,-0.0919651,4.13151,0.0131463,-0.452908,-20.8808,-0.473289,0.304442,2.80889,1.00866,-0.0120543,-28.6611,-0.535375,-0.292388,4.54541,-0.0131463,0.452908,-1.68562,-0.375551,-0.391085,0.275998,-0.28871,0.248797,0.288017,0.330924,0.256118,False,True
3.48,0.130487,0.0610227,-0.509747,0.0221887,-0.40184,0.61949,-0.585912,0.512785,-7.28769,0.999782,-0.354992,2.47589,-0.413869,-0.157793,-0.686393,-0.0221887,0.40184,0.0117217,-0.130487,-0.0610227,3.66536,0.0108399,-0.469709,-20.6514,-0.471778,0.300913,2.38954,1.00859,-0.0161302,-28.6921,-0.536817,-0.284783,4.49189,-0.0108399,0.469709,-1.64957,-0.332524,-0.353767,0.129903,-0.441574,0.248025,0.288806,0.330924,0.256118,False,True
3.485,0.130722,0.0358524,-0.367706,0.0201647,-0.408975,0.724077,-0.583545,0.441179,-6.71186,0.998552,-0.156257,2.20152,-0.415007,-0.284922,-0.582146,-0.0201647,0.408975,0.0166651,-0.130722,-0.0358524,3.08983,0.0084492,-0.486574,-20.2963,-0.47028,0.299008,1.77136,1.0085,-0.020718,-28.7794,-0.538223,-0.27829,4.36169,-0.0084492,0.486574,-1.62264,-0.27748,-0.304595,0.00769544,-0.573933,0.247221,0.289613,0.330924,0.256118,False,True
3.49,0.130846,0.0170873,-0.215568,0.018099,-0.41852,0.834913,-0.5815,0.386281,-5.92217,0.998219,-0.00201235,1.86745,-0.416719,-0.384268,-0.452788,-0.018099,0.41852,0.0215475,-0.130846,-0.0170873,2.40616,0.00597411,-0.503435,-19.8233,-0.468788,0.299014,0.935046,1.00839,-0.0258993,-28.9512,-0.5396,-0.273115,4.10727,-0.00597411,0.503435,-1.64927,-0.20993,-0.242813,-0.085006,-0.680215,0.246385,0.290438,0.330924,0.256118,False,True
3.495,0.130893,0.00538006,-0.0617118,0.0159795,-0.430385,0.945815,-0.579682,0.353347,-4.96788,0.998532,0.096641,1.49101,-0.41885,-0.449988,-0.305462,-0.0159795,0.430385,0.0258492,-0.130893,-0.00538006,1.65473,0.00341484,-0.520171,-19.2914,-0.46729,0.301274,-0.0744,1.00824,-0.0317657,-29.2077,-0.540954,-0.269508,3.72686,-0.00341484,0.520171,-1.86084,-0.133771,-0.171667,-0.14243,-0.754518,0.245517,0.291279,0.330924,0.256118,False,True
3.5,0.1309,0.000686877,0.0526332,0.0137951,-0.444097,1.01661,-0.577967,0.344969,-4.14698,0.999185,0.134902,1.18353,-0.421218,-0.479871,-0.183004,-0.0137951,0.444097,0.0281275,-0.1309,-0.000686877,1.0266,0.000772399,-0.536529,-18.9497,-0.465775,0.305916,-0.912463,1.00807,-0.0383807,-29.3697,-0.542295,-0.267535,3.51654,-0.000772399,0.536529,-2.62308,-0.0713172,-0.111677,-0.162714,-0.794307,0.244616,0.292135,0.330924,0.256118,False,True
3.505,0.1309,4.44089e-14,0.0275677,0.0115386,-0.458181,-0.0233035,-0.576232,0.351315,-2.4906,0.999881,0.136742,-0.414018,-0.423649,-0.488057,0.112666,-0.0115386,0.458181,0.0202822,-0.1309,2.77556e-15,0.661175,-0.00195044,-0.551994,-14.7289,-0.464231,0.311883,-1.79882,1.00786,-0.0456314,-27.6459,-0.543629,-0.266252,3.04466,0.00195044,0.551994,-0.912963,0.0703832,0.0422779,-0.161058,-0.812685,0.243685,0.293005,0.320708,0.26059,True,True
3.51,0.1309,0,-0.020183,0.00921333,-0.47119,-0.618518,-0.574454,0.359966,-1.56151,1.00055,0.131563,-1.57177,-0.426099,-0.49153,0.316029,-0.00921333,0.47119,0.0395558,-0.1309,0,0.523414,-0.00474754,-0.566047,-12.1627,-0.462656,0.317935,-2.15502,1.00761,-0.0533348,-26.1521,-0.544957,-0.2646,3.02306,0.00474754,0.566047,-0.695185,0.185354,0.130668,-0.155481,-0.825612,0.242726,0.293886,0.310493,0.265063,True,True
3.515,0.1309,0,-0.0648566,0.00682667,-0.482676,-1.06133,-0.572633,0.368234,-0.694783,1.0012,0.125701,-2.88561,-0.428564,-0.493935,0.532933,-0.00682667,0.482676,0.0819298,-0.1309,0,0.429877,-0.00761092,-0.578434,-9.60476,-0.461051,0.323844,-2.46694,1.00733,-0.0614069,-24.5197,-0.546275,-0.262437,2.91769,0.00761092,0.578434,-0.488345,0.323479,0.209446,-0.149946,-0.836415,0.241742,0.294778,0.300277,0.269536,True,True
3.52,0.1309,0,-0.095059,0.00438657,-0.492528,-1.27379,-0.570771,0.376105,0.0823467,1.00181,0.119227,-4.30946,-0.431038,-0.495333,0.746789,-0.00438657,0.492528,0.144472,-0.1309,-2.77556e-15,0.346467,-0.0105319,-0.589053,-7.23448,-0.459418,0.329633,-2.75471,1.007,-0.0697865,-22.8485,-0.547582,-0.259847,2.73823,0.0105319,0.589053,-0.307123,0.474439,0.272346,-0.144592,-0.845074,0.240736,0.29568,0.290061,0.274009,True,True
3.525,0.1309,0,-0.109346,0.00190139,-0.5007,-1.23614,-0.568872,0.383561,0.746268,1.00239,0.112223,-5.81617,-0.433517,-0.495783,0.950322,-0.00190139,0.5007,0.225965,-0.1309,-2.77556e-15,0.270251,-0.0135014,-0.597866,-5.11803,-0.457755,0.335304,-3.00252,1.00663,-0.0784049,-21.1538,-0.548874,-0.256899,2.52459,0.0135014,0.597866,-0.151539,0.633745,0.316576,-0.139507,-0.851614,0.239712,0.296588,0.279846,0.278482,True,True
3.53,0.1309,0,-0.108137,-0.000620431,-0.507183,-0.945117,-0.566936,0.390573,1.2898,1.00293,0.104768,-7.39085,-0.435996,-0.495341,1.14206,0.000620431,0.507183,0.326022,-0.1309,2.77556e-15,0.199857,-0.0165105,-0.604869,-3.27833,-0.456065,0.340837,-3.20358,1.00622,-0.0871884,-19.4403,-0.550151,-0.253649,2.29922,0.0165105,0.604869,-0.0202232,0.800379,0.341676,-0.134751,-0.856079,0.238672,0.297503,0.26963,0.282955,True,True
3.535,0.1309,0,-0.0924441,-0.00317044,-0.511981,-0.402716,-0.564966,0.397107,1.71289,1.00344,0.0969466,-9.02626,-0.438471,-0.494053,1.3234,0.00317044,0.511981,0.444984,-0.1309,2.77556e-15,0.134914,-0.0195501,-0.610068,-1.71895,-0.454347,0.346204,-3.35568,1.00576,-0.0960597,-17.708,-0.55141,-0.250144,2.07351,0.0195501,0.610068,0.0883183,0.975275,0.348117,-0.130364,-0.858515,0.237621,0.298422,0.259414,0.287427,True,True
3.54,0.1309,0,-0.0632636,-0.00574024,-0.515102,0.38911,-0.562965,0.403122,2.01784,1.0039,0.0888395,-10.72,-0.440937,-0.491962,1.4969,0.00574024,0.515102,0.583712,-0.1309,0,0.0755908,-0.0226112,-0.613472,-0.436462,-0.452602,0.351364,-3.45867,1.00525,-0.104939,-15.9544,-0.552652,-0.246425,1.85225,0.0226112,0.613472,0.175246,1.16031,0.336575,-0.126379,-0.858966,0.236562,0.299345,0.249199,0.2919,True,True
3.545,0.1309,0,-0.0213466,-0.00832146,-0.516551,1.43052,-0.560935,0.408573,2.20698,1.00433,0.0805287,-12.4728,-0.44339,-0.489102,1.66512,0.00832146,0.516551,0.743313,-0.1309,0,0.0223315,-0.0256849,-0.615087,0.573385,-0.450833,0.356274,-3.51317,1.00471,-0.113744,-14.1762,-0.553875,-0.242531,1.63639,0.0256849,0.615087,0.241218,1.35753,0.307556,-0.122821,-0.857468,0.235498,0.300269,0.238983,0.296373,True,True
3.55,0.1309,0,0.0328081,-0.0109058,-0.516333,2.72403,-0.558879,0.41341,2.28151,1.00471,0.0720957,-14.287,-0.445828,-0.485506,1.82967,0.0109058,0.516333,0.924746,-0.1309,-2.77556e-15,-0.0242998,-0.0287621,-0.614915,1.31293,-0.44904,0.360886,-3.51996,1.00412,-0.12239,-12.3706,-0.555077,-0.238496,1.42459,0.0287621,0.614915,0.286359,1.56841,0.261194,-0.119718,-0.854052,0.234433,0.301194,0.228767,0.300846,True,True
3.555,0.1309,-2.77556e-15,0.0987728,-0.0134848,-0.514443,4.27331,-0.556801,0.417583,2.24115,1.00505,0.0636223,-16.1657,-0.448245,-0.481205,1.98994,0.0134848,0.514443,1.12815,-0.1309,-2.77556e-15,-0.0637121,-0.031834,-0.612951,1.7818,-0.447224,0.365152,-3.47983,1.00348,-0.130792,-10.5368,-0.55626,-0.23436,1.21418,0.031834,0.612951,0.310321,1.79274,0.197085,-0.117098,-0.848741,0.23337,0.302118,0.218552,0.305319,True,True
3.56,0.1309,0,0.175743,-0.0160502,-0.510874,6.08029,-0.554703,0.421042,2.08421,1.00534,0.0551912,-18.1117,-0.45064,-0.476233,2.14099,0.0160502,0.510874,1.35165,-0.1309,0,-0.095348,-0.0348916,-0.609187,1.97758,-0.445388,0.369027,-3.39369,1.00281,-0.138864,-8.67702,-0.557421,-0.230163,1.00203,0.0348916,0.609187,0.312438,2.02672,0.114104,-0.114996,-0.841561,0.232313,0.30304,0.208336,0.309792,True,True
3.565,0.1309,2.77556e-15,0.26161,-0.0185935,-0.505617,8.13916,-0.55259,0.423749,1.80814,1.0056,0.0468865,-20.1253,-0.453008,-0.470636,2.27006,0.0185935,0.505617,1.58921,-0.1309,2.77556e-15,-0.118706,-0.0379259,-0.603616,1.89838,-0.443534,0.372476,-3.26309,1.0021,-0.146522,-6.80009,-0.558561,-0.225954,0.785662,0.0379259,0.603616,0.292081,2.25965,0.0101586,-0.113459,-0.832543,0.231265,0.303958,0.19812,0.314264,True,True
3.57,0.1309,0,0.351202,-0.0211064,-0.498663,10.4251,-0.550466,0.425682,1.41131,1.00581,0.0387943,-22.2012,-0.455346,-0.464476,2.35058,0.0211064,0.498663,1.82693,-0.1309,2.77556e-15,-0.133295,-0.0409278,-0.596239,1.5487,-0.441663,0.375487,-3.09116,1.00134,-0.153689,-4.92577,-0.55968,-0.221798,0.56517,0.0409278,0.596239,0.249394,2.46837,-0.118111,-0.112553,-0.821743,0.23023,0.304872,0.187905,0.318737,True,True
3.575,0.1309,0,0.433191,-0.0235802,-0.490018,12.8735,-0.548333,0.426857,0.896515,1.00599,0.0310027,-24.3223,-0.457653,-0.457859,2.33286,0.0235802,0.490018,2.03685,-0.1309,0,-0.138479,-0.0438883,-0.587075,0.950869,-0.439779,0.378088,-2.8847,1.00056,-0.1603,-3.09296,-0.560779,-0.217788,0.346389,0.0438883,0.587075,0.186658,2.60808,-0.275615,-0.112372,-0.809265,0.22921,0.305779,0.177689,0.32321,True,True
3.58,0.1309,0,0.485565,-0.0260065,-0.479717,15.3456,-0.546197,0.427356,0.278312,1.00612,0.0236022,-26.4468,-0.459925,-0.450958,2.13164,0.0260065,0.479717,2.16802,-0.1309,-2.77556e-15,-0.133301,-0.0467985,-0.576195,0.165566,-0.437883,0.380375,-2.65776,0.999741,-0.166317,-1.37349,-0.561858,-0.214058,0.145189,0.0467985,0.576195,0.11054,2.59982,-0.468616,-0.113061,-0.795301,0.22821,0.306679,0.167473,0.327683,True,True
3.585,0.1309,0,0.42078,-0.0283773,-0.467856,17.6417,-0.54406,0.427378,-0.272782,1.00622,0.0166831,-28.4002,-0.462162,-0.444061,1.74591,0.0283773,0.467856,2.19439,-0.1309,-2.77556e-15,-0.106101,-0.0496502,-0.563754,-0.663196,-0.435975,0.382564,-2.53473,0.998895,-0.171751,0.135913,-0.56292,-0.210814,-0.0120973,0.0496502,0.563754,0.0346177,2.42452,-0.679037,-0.114836,-0.780204,0.227233,0.307571,0.157258,0.332156,True,True
3.59,0.1309,-0.000686877,-0.0652278,-0.0306851,-0.45467,19.6984,-0.541923,0.426894,-0.0299224,1.00629,0.0102689,-29.5991,-0.464365,-0.437163,1.67234,0.0306851,0.45467,2.29708,-0.1309,0.000686877,0.0101033,-0.0524361,-0.549589,-1.26792,-0.434057,0.3808,-3.05245,0.998023,-0.17019,1.36584,-0.563966,-0.210611,-0.138617,0.0524361,0.549589,-0.0276152,2.4603,-0.788435,-0.117523,-0.764136,0.226282,0.308455,0.147042,0.336629,True,True
3.595,0.130893,-0.00538006,-1.13178,-0.032924,-0.440626,20.1097,-0.539791,0.424542,1.86853,1.00632,0.00415779,-28.5566,-0.466534,-0.428699,2.71308,0.032924,0.440626,1.6444,-0.130893,0.00538006,0.224114,-0.0551461,-0.531912,-0.961847,-0.432167,0.355651,-4.68048,0.997193,-0.131317,1.54507,-0.565026,-0.224334,-0.23777,0.0551461,0.531912,-0.0336718,2.52838,0.183794,-0.119226,-0.745864,0.22536,0.309332,0.147042,0.336629,True,False
3.6,0.130846,-0.0170873,-2.48488,-0.0350914,-0.426187,20.6176,-0.537678,0.419129,4.21456,1.00633,-0.00180163,-27.2998,-0.468652,-0.417327,3.81131,0.0350914,0.426187,1.43744,-0.130846,0.0170873,0.501445,-0.0577552,-0.509159,-0.511964,-0.4305,0.290909,-6.69737,0.99671,-0.030227,1.69876,-0.56621,-0.260682,-0.352928,0.0577552,0.509159,-0.0374251,2.93978,0.870061,-0.118273,-0.724374,0.224467,0.310204,0.147042,0.336629,True,False
3.605,0.130722,-0.0358524,-3.78907,-0.0371859,-0.411588,21.0622,-0.5356,0.410967,6.27464,1.00631,-0.00751376,-26.3238,-0.470707,-0.403453,4.49498,0.0371859,0.411588,1.40153,-0.130722,0.0358524,0.772671,-0.0602377,-0.481626,-0.0715587,-0.429258,0.189289,-8.51944,0.996891,0.12837,1.81646,-0.567633,-0.317659,-0.452375,0.0602377,0.481626,-0.0405357,3.2623,1.23072,-0.114904,-0.700243,0.223605,0.311074,0.147042,0.336629,True,False
3.61,0.130487,-0.0610227,-4.95762,-0.0392072,-0.396946,21.3919,-0.533568,0.400577,7.96283,1.00626,-0.0128684,-25.6093,-0.472687,-0.387708,4.85533,0.0392072,0.396946,1.4174,-0.130487,0.0610227,1.02229,-0.0625714,-0.449927,0.336271,-0.428608,0.0575196,-10.0456,0.997994,0.333235,1.89226,-0.569386,-0.390755,-0.52972,0.0625714,0.449927,-0.0431019,3.45782,1.39516,-0.109671,-0.674185,0.222774,0.311945,0.147042,0.336629,True,False
3.615,0.130112,-0.0919651,-5.97442,-0.0411554,-0.382317,21.6044,-0.531594,0.388344,9.32477,1.00618,-0.0177922,-25.0723,-0.474584,-0.370551,5.03861,0.0411554,0.382317,1.44459,-0.130112,0.0919651,1.24932,-0.064737,-0.414568,0.713678,-0.428683,-0.0981185,-11.2877,1.00022,0.573564,1.93038,-0.57154,-0.475446,-0.585305,0.064737,0.414568,-0.0452867,3.57168,1.46424,-0.102991,-0.6467,0.221973,0.31282,0.147042,0.336629,True,False
3.62,0.129568,-0.128066,-6.83356,-0.0430304,-0.367728,21.7022,-0.529685,0.374575,10.3927,1.00608,-0.0222364,-24.6649,-0.476392,-0.352338,5.12716,0.0430304,0.367728,1.46377,-0.129568,0.128066,1.45351,-0.0667171,-0.375993,1.06308,-0.429589,-0.271753,-12.2594,1.00373,0.839018,1.93474,-0.574141,-0.567264,-0.619771,0.0667171,0.375993,-0.0471754,3.6319,1.49226,-0.0952026,-0.618163,0.221204,0.313703,0.147042,0.336629,True,False
3.625,0.128831,-0.16873,-7.53605,-0.0448326,-0.353183,21.6914,-0.527848,0.359531,11.1923,1.00596,-0.0261694,-24.3607,-0.478107,-0.333362,5.16489,0.0448326,0.353183,1.46712,-0.128831,0.16873,1.63513,-0.0684969,-0.334613,1.38664,-0.431401,-0.457924,-12.9768,1.00861,1.11981,1.90907,-0.577213,-0.661881,-0.634091,0.0684969,0.334613,-0.0488034,3.65517,1.50643,-0.0865949,-0.588871,0.220465,0.314595,0.147042,0.336629,True,False
3.63,0.12788,-0.213384,-8.08753,-0.0465622,-0.338676,21.5805,-0.526089,0.343445,11.7461,1.00582,-0.0295721,-24.1439,-0.479726,-0.313873,5.17426,0.0465622,0.338676,1.45302,-0.12788,0.213384,1.79484,-0.0700633,-0.29083,1.68589,-0.434168,-0.651612,-13.4584,1.01493,1.40681,1.85695,-0.58076,-0.755194,-0.629571,0.0700633,0.29083,-0.0501731,3.65172,1.51898,-0.0774257,-0.55907,0.219757,0.315499,0.147042,0.336629,True,False
3.635,0.126697,-0.261472,-8.49668,-0.0482194,-0.324192,21.3803,-0.524414,0.326531,12.0768,1.00566,-0.032436,-24.0041,-0.481246,-0.294095,5.16622,0.0482194,0.324192,1.42303,-0.126697,0.261472,1.93351,-0.0714052,-0.245044,1.9616,-0.437917,-0.848284,-13.7249,1.02268,1.69169,1.78188,-0.584765,-0.843409,-0.607822,0.0714052,0.245044,-0.0512647,3.62818,1.53423,-0.0679286,-0.528975,0.219077,0.316415,0.147042,0.336629,True,False
3.64,0.125266,-0.312458,-8.77418,-0.0498042,-0.309715,21.1032,-0.522824,0.308991,12.2067,1.00549,-0.0347609,-23.9326,-0.482667,-0.27423,5.14591,0.0498042,0.309715,1.38016,-0.125266,0.312458,2.05222,-0.0725137,-0.197663,2.21371,-0.442651,-1.04392,-13.7987,1.03184,1.96704,1.68724,-0.589194,-0.923117,-0.570711,0.0725137,0.197663,-0.0520432,3.58926,1.55259,-0.0583167,-0.498775,0.218426,0.317346,0.147042,0.336629,True,False
3.645,0.123573,-0.365826,-8.93176,-0.0513165,-0.295229,20.7624,-0.521324,0.291013,12.1588,1.00531,-0.0365541,-23.9215,-0.483989,-0.254459,5.1157,0.0513165,0.295229,1.32789,-0.123573,0.365826,2.15205,-0.0733818,-0.14911,2.44141,-0.448356,-1.23507,-13.7031,1.04235,2.22641,1.57628,-0.593996,-0.991347,-0.52028,0.0733818,0.14911,-0.052463,3.53862,1.5728,-0.0487833,-0.46864,0.217803,0.318291,0.147042,0.336629,True,False
3.65,0.121607,-0.421079,-8.98152,-0.0527565,-0.280718,20.372,-0.519914,0.272772,11.9558,1.00513,-0.0378291,-23.9629,-0.485212,-0.234943,5.07677,0.0527565,0.280718,1.26967,-0.121607,0.421079,2.23406,-0.0740048,-0.099824,2.6432,-0.455001,-1.41879,-13.4616,1.05411,2.4644,1.45212,-0.599107,-1.04561,-0.458674,0.0740048,0.099824,-0.0524717,3.47925,1.59302,-0.0395022,-0.438722,0.217207,0.319252,0.147042,0.336629,True,False
3.655,0.119362,-0.47774,-8.93537,-0.0541237,-0.26617,19.9461,-0.518596,0.254432,11.6195,1.00493,-0.0386046,-24.0493,-0.486338,-0.215828,5.02975,0.0541237,0.26617,1.20859,-0.119362,0.47774,2.29921,-0.0743801,-0.0502614,2.81715,-0.462544,-1.59272,-13.0966,1.067,2.67661,1.31765,-0.604452,-1.08389,-0.388058,0.0743801,0.0502614,-0.052013,3.41366,1.61139,-0.0306279,-0.40916,0.216636,0.320227,0.147042,0.336629,True,False
3.66,0.11683,-0.53535,-8.80455,-0.0554182,-0.251578,19.4982,-0.51737,0.236147,11.1704,1.00474,-0.0389038,-24.1732,-0.48737,-0.197243,4.97505,0.0554182,0.251578,1.14726,-0.11683,0.53535,2.34824,-0.0745074,-0.000897042,2.96103,-0.470929,-1.75497,-12.6292,1.08087,2.85966,1.17558,-0.609946,-1.1047,-0.310547,0.0745074,0.000897042,-0.0510298,3.34388,1.62629,-0.0222955,-0.380076,0.21609,0.321217,0.147042,0.336629,True,False
3.665,0.114008,-0.593472,-8.59934,-0.0566395,-0.236939,19.0412,-0.516235,0.218055,10.6271,1.00454,-0.0387534,-24.3278,-0.48831,-0.179301,4.91291,0.0566395,0.236939,1.08778,-0.114008,0.593472,2.38168,-0.074389,0.0477777,3.07256,-0.480093,-1.90411,-12.0785,1.09559,3.01109,1.02836,-0.615499,-1.10698,-0.228153,0.074389,-0.0477777,-0.0494665,3.27151,1.63636,-0.0146222,-0.351583,0.215568,0.322221,0.147042,0.336629,True,False
3.67,0.110895,-0.651687,-8.32888,-0.0577875,-0.222254,18.5868,-0.515189,0.200286,10.0063,1.00435,-0.038183,-24.5073,-0.489163,-0.162103,4.84349,0.0577875,0.222254,1.03173,-0.110895,0.651687,2.3998,-0.0740296,0.0952578,3.14957,-0.48997,-2.03912,-11.4612,1.11099,3.12925,0.878242,-0.621016,-1.09014,-0.142753,0.0740296,-0.0952578,-0.0472723,3.19773,1.64057,-0.00770779,-0.323784,0.215068,0.323239,0.147042,0.336629,True,False
3.675,0.107491,-0.709594,-8.00109,-0.058862,-0.207528,18.1455,-0.514232,0.182959,9.32233,1.00416,-0.0372243,-24.7065,-0.489931,-0.145735,4.76682,0.058862,0.207528,0.980227,-0.107491,0.709594,2.40264,-0.0734365,0.141029,3.19025,-0.500485,-2.15928,-10.7917,1.12688,3.21326,0.727241,-0.6264,-1.05399,-0.0560592,0.0734365,-0.141029,-0.044404,3.12336,1.63816,-0.00163631,-0.296771,0.21459,0.32427,0.147042,0.336629,True,False
3.68,0.103799,-0.766815,-7.62272,-0.0598628,-0.192773,17.7262,-0.51336,0.166184,8.58744,1.00398,-0.0359102,-24.9208,-0.49062,-0.130274,4.6829,0.0598628,0.192773,0.93401,-0.103799,0.766815,2.39005,-0.0726193,0.184573,3.19322,-0.511563,-2.26415,-10.0817,1.14312,3.26284,0.577187,-0.631556,-0.998692,0.03038,0.0726193,-0.184573,-0.0408292,3.04891,1.62861,0.00352283,-0.270628,0.214132,0.325312,0.147042,0.336629,True,False
3.685,0.0998233,-0.822989,-7.19945,-0.0607898,-0.178006,17.3362,-0.51257,0.15006,7.81206,1.0038,-0.034275,-25.1466,-0.491234,-0.115785,4.59176,0.0607898,0.178006,0.893485,-0.0998233,0.822989,2.3617,-0.0715907,0.225375,3.15772,-0.523126,-2.3535,-9.34077,1.15951,3.27825,0.429736,-0.636387,-0.924755,0.115181,0.0715907,-0.225375,-0.0365292,2.97466,1.61165,0.00771355,-0.245435,0.213694,0.326365,0.147042,0.336629,True,False
3.69,0.0955695,-0.877774,-6.73606,-0.0616429,-0.163244,16.9812,-0.511859,0.134678,7.00497,1.00364,-0.0323531,-25.3808,-0.491778,-0.102325,4.49343,0.0616429,0.163244,0.858812,-0.0955695,0.877774,2.31719,-0.0703656,0.262932,3.08365,-0.535098,-2.42722,-8.57664,1.1759,3.26018,0.286405,-0.640803,-0.832955,0.197115,0.0703656,-0.262932,-0.0315022,2.90076,1.58719,0.010892,-0.221264,0.213275,0.327427,0.147042,0.336629,True,False
3.695,0.0910456,-0.93085,-6.23662,-0.0624222,-0.148514,16.6657,-0.511223,0.12012,6.17365,1.00348,-0.0301793,-25.6207,-0.492257,-0.0899412,4.38809,0.0624222,0.148514,0.829962,-0.0910456,0.93085,2.25612,-0.0689614,0.29676,2.97163,-0.547398,-2.48533,-7.79524,1.19212,3.20966,0.1486,-0.644717,-0.724323,0.275096,0.0689614,-0.29676,-0.0257655,2.82727,1.55532,0.0130256,-0.198182,0.212874,0.328497,0.147042,0.336629,True,False
3.7,0.086261,-0.981914,-5.70473,-0.063128,-0.133841,16.3924,-0.510658,0.106462,5.32457,1.00334,-0.0277878,-25.8639,-0.492678,-0.0786743,4.27604,0.063128,0.133841,0.806772,-0.086261,0.981914,2.17814,-0.067398,0.32641,2.823,-0.559951,-2.52789,-7.0012,1.208,3.128,0.0176358,-0.648047,-0.60011,0.348169,0.067398,-0.32641,-0.0193582,2.75424,1.51632,0.014092,-0.176248,0.212491,0.329575,0.147042,0.336629,True,False
3.705,0.0812264,-1.03068,-5.14367,-0.0637606,-0.119257,16.163,-0.510158,0.0937691,4.46353,1.0032,-0.0252124,-26.1083,-0.493044,-0.0685566,4.15773,0.0637606,0.119257,0.788988,-0.0812264,1.03068,2.08304,-0.0656973,0.351473,2.63982,-0.572677,-2.55498,-6.19825,1.2234,3.01674,-0.105234,-0.650718,-0.461752,0.415501,0.0656973,-0.351473,-0.0123425,2.68172,1.47057,0.0140789,-0.155521,0.212124,0.330658,0.147042,0.336629,True,False
3.71,0.0759541,-1.0769,-4.55658,-0.0643206,-0.104794,15.9782,-0.50972,0.0820992,3.59584,1.00308,-0.0224861,-26.3519,-0.493363,-0.0596132,4.03377,0.0643206,0.104794,0.776295,-0.0759541,1.0769,1.97081,-0.0638833,0.371599,2.4248,-0.585501,-2.56673,-5.38944,1.23816,2.87758,-0.218805,-0.652664,-0.310845,0.476374,0.0638833,-0.371599,-0.00480471,2.60981,1.41859,0.0129826,-0.136049,0.211774,0.331745,0.147042,0.336629,True,False
3.715,0.0704575,-1.12031,-3.94665,-0.0648086,-0.0904868,15.8376,-0.509337,0.0715025,2.72662,1.00298,-0.0196404,-26.5927,-0.49364,-0.0518621,3.90497,0.0648086,0.0904868,0.768348,-0.0704575,1.12031,1.84167,-0.0619813,0.386501,2.18119,-0.598345,-2.56325,-4.57754,1.25217,2.71237,-0.321909,-0.653826,-0.149117,0.530183,0.0619813,-0.386501,0.00314509,2.53868,1.36101,0.0108079,-0.117877,0.211439,0.332835,0.147042,0.336629,True,False
3.72,0.0647511,-1.1607,-3.31719,-0.0652254,-0.0763718,15.7401,-0.509005,0.0620205,1.86092,1.00289,-0.0167059,-26.829,-0.493882,-0.0453145,3.77226,0.0652254,0.0763718,0.76479,-0.0647511,1.1607,1.6961,-0.0600182,0.395972,1.91275,-0.611133,-2.54465,-3.76522,1.26529,2.52306,-0.413406,-0.654155,0.0215946,0.576433,0.0600182,-0.395972,0.0113741,2.46857,1.29854,0.00756728,-0.101045,0.211121,0.333927,0.147042,0.336629,True,False
3.725,0.0588505,-1.19785,-2.67169,-0.0655723,-0.0624848,15.6844,-0.508717,0.0536864,1.00388,1.00281,-0.0137114,-27.059,-0.494093,-0.0399751,3.63674,0.0655723,0.0624848,0.765271,-0.0588505,1.19785,1.53487,-0.0580216,0.399895,1.62356,-0.623791,-2.51106,-2.95535,1.2774,2.31168,-0.492187,-0.65361,0.199374,0.614744,0.0580216,-0.399895,0.0197292,2.39978,1.23193,0.00328007,-0.0855829,0.210818,0.335018,0.147042,0.336629,True,False
3.73,0.0527725,-1.2316,-2.01389,-0.0658503,-0.0488611,15.6685,-0.508468,0.0465256,0.160821,1.00275,-0.0106838,-27.2812,-0.494281,-0.0358418,3.4996,0.0658503,0.0488611,0.769461,-0.0527725,1.2316,1.35903,-0.0560193,0.398248,1.31792,-0.636244,-2.46261,-2.15112,1.28841,2.08036,-0.557176,-0.652161,0.38225,0.644856,0.0560193,-0.398248,0.0280406,2.33272,1.16201,-0.00202838,-0.0715171,0.210531,0.336109,0.147042,0.336629,True,False
3.735,0.0465346,-1.26176,-1.34776,-0.0660609,-0.0355346,15.6906,-0.508252,0.0405553,-0.662746,1.0027,-0.00764834,-27.4939,-0.494452,-0.0329069,3.36218,0.0660609,0.0355346,0.777061,-0.0465346,1.26176,1.16987,-0.0540391,0.391114,1.00025,-0.648417,-2.39949,-1.35621,1.29821,1.83126,-0.607337,-0.649788,0.56823,0.666626,0.0540391,-0.391114,0.0361264,2.26785,1.08963,-0.00832763,-0.0588649,0.210259,0.337196,0.147042,0.336629,True,False
3.74,0.0401549,-1.2882,-0.677484,-0.0662056,-0.0225371,15.7487,-0.508063,0.0357849,-1.46106,1.00267,-0.00462806,-27.696,-0.494611,-0.0311569,3.22588,0.0662056,0.0225371,0.787808,-0.0401549,1.2882,0.968937,-0.0521082,0.378684,0.674902,-0.660239,-2.32193,-0.574818,1.30672,1.56661,-0.641696,-0.646479,0.755322,0.680037,0.0521082,-0.378684,0.043798,2.20571,1.01563,-0.0155832,-0.0476369,0.210002,0.33828,0.147042,0.336629,True,False
3.745,0.0336526,-1.31078,-0.00739084,-0.0662863,-0.00989705,15.8408,-0.507894,0.0322171,-2.22816,1.00266,-0.00164388,-27.8863,-0.494763,-0.0305733,3.09214,0.0662863,0.00989705,0.801481,-0.0336526,1.31078,0.757936,-0.0502523,0.361257,0.34611,-0.671637,-2.23024,0.188246,1.31387,1.28867,-0.659354,-0.642235,0.941569,0.685196,0.0502523,-0.361257,0.0508669,2.14691,0.940872,-0.0237575,-0.0378363,0.209762,0.339359,0.147042,0.336629,True,False
3.75,0.0270472,-1.3294,0.658083,-0.0663046,0.00236098,15.9655,-0.50774,0.0298477,-2.95793,1.00266,0.00128546,-28.064,-0.494916,-0.0311332,2.96244,0.0663046,-0.00236098,0.817897,-0.0270472,1.3294,0.538736,-0.0484956,0.339236,0.0178452,-0.682541,-2.12482,0.927635,1.3196,0.999748,-0.659512,-0.637063,1.12507,0.682329,0.0484956,-0.339236,0.0571509,2.09207,0.866205,-0.0328116,-0.0294587,0.209537,0.340431,0.147042,0.336629,True,False
3.755,0.0203586,-1.34398,1.31447,-0.0662627,0.0142169,16.1211,-0.507596,0.0286668,-3.64418,1.00267,0.00414345,-28.2282,-0.495075,-0.0328103,2.83829,0.0662627,-0.0142169,0.836904,-0.0203586,1.34398,0.313307,-0.0468599,0.313126,-0.306243,-0.692885,-2.0062,1.6375,1.32387,0.702167,-0.641497,-0.630984,1.30403,0.671773,0.0468599,-0.313126,0.0624813,2.04186,0.792448,-0.0427056,-0.022493,0.209329,0.341496,0.147042,0.336629,True,False
3.76,0.0136074,-1.35444,1.95734,-0.0661624,0.0256557,16.3062,-0.507454,0.0286595,-4.28073,1.0027,0.00691572,-28.3788,-0.495244,-0.0355752,2.72114,0.0661624,-0.0256557,0.858376,-0.0136074,1.35444,0.0836948,-0.0453643,0.283518,-0.622889,-0.702603,-1.87503,2.31162,1.32663,0.398278,-0.604786,-0.624023,1.47675,0.653965,0.0453643,-0.283518,0.0667094,1.99694,0.720394,-0.0534003,-0.0169214,0.209138,0.342553,0.147042,0.336629,True,False
3.765,0.00681419,-1.36074,2.58232,-0.0660061,0.0366679,16.5198,-0.507309,0.0298066,-4.86152,1.00274,0.00959002,-28.5153,-0.49543,-0.0393966,2.61238,0.0660061,-0.0366679,0.882197,-0.00681419,1.36074,-0.148015,-0.0440247,0.251083,-0.929241,-0.711635,-1.73212,2.94348,1.32785,0.0904394,-0.549038,-0.616216,1.64168,0.629428,0.0440247,-0.251083,0.0697125,1.95795,0.650802,-0.0648583,-0.0127197,0.208963,0.343599,0.147042,0.336629,True,False
3.77,6.66134e-16,-1.36284,3.1852,-0.0657958,0.0472498,16.7604,-0.507156,0.0320859,-5.38077,1.00279,0.012156,-28.6379,-0.495638,-0.0442419,2.51334,0.0657958,-0.0472498,0.908249,-4.44089e-16,1.36284,-0.379712,-0.0428535,0.216551,-1.22287,-0.719924,-1.57842,3.52652,1.32753,-0.218984,-0.474117,-0.607606,1.7974,0.598747,0.0428535,-0.216551,0.0713989,1.92548,0.584391,-0.0770447,-0.0098584,0.208807,0.344636,0.147042,0.336629,True,False
3.775,-0.00681419,-1.36074,3.76188,-0.0655336,0.0574039,17.0268,-0.506988,0.0354724,-5.83303,1.00286,0.0146052,-28.7467,-0.495873,-0.0500776,2.42523,0.0655336,-0.0574039,0.9364,0.00681419,1.36074,-0.609275,-0.0418592,0.180694,-1.50176,-0.727419,-1.41506,4.05421,1.32566,-0.527633,-0.380113,-0.598242,1.94269,0.56255,0.0418592,-0.180694,0.0717113,1.90008,0.52184,-0.089928,-0.00830253,0.208668,0.345661,0.147042,0.336629,True,False
3.78,-0.0136074,-1.35444,4.30845,-0.0652217,0.0671383,17.3173,-0.506801,0.0399397,-6.21335,1.00294,0.0169305,-28.842,-0.496139,-0.0568703,2.34912,0.0652217,-0.0671383,0.966494,0.0136074,1.35444,-0.834576,-0.0410466,0.14431,-1.76428,-0.734075,-1.24332,4.52029,1.32225,-0.833159,-0.267363,-0.588179,2.07648,0.521484,0.0410466,-0.14431,0.0706296,1.88216,0.463778,-0.103481,-0.00801268,0.208549,0.346674,0.147042,0.336629,True,False
3.785,-0.0203586,-1.34398,4.82113,-0.0648622,0.0764674,17.63,-0.506589,0.0454601,-6.51736,1.00303,0.0191263,-28.924,-0.496442,-0.0645865,2.28592,0.0648622,-0.0764674,0.998343,0.0203586,1.34398,-1.05349,-0.0404161,0.108197,-2.00913,-0.739852,-1.06463,4.9189,1.31733,-1.13323,-0.136462,-0.577478,2.19786,0.476189,0.0404161,-0.108197,0.0681712,1.87209,0.410784,-0.117679,-0.00894512,0.208449,0.347675,0.147042,0.336629,True,False
3.79,-0.0270472,-1.3294,5.29631,-0.0644571,0.0854112,17.9625,-0.506346,0.0520051,-6.74135,1.00313,0.021188,-28.9933,-0.496785,-0.0731931,2.2364,0.0644571,-0.0854112,1.03173,0.0270472,1.3294,-1.26388,-0.0399646,0.0731385,-2.23531,-0.744721,-0.880561,5.24473,1.31092,-1.42555,0.0117335,-0.566201,2.30611,0.427278,0.0399646,-0.0731385,0.0643898,1.87008,0.363376,-0.132504,-0.0110522,0.208369,0.348663,0.147042,0.336629,True,False
3.795,-0.0336526,-1.31078,5.73051,-0.0640081,0.0939956,18.3118,-0.506069,0.0595458,-6.88235,1.00324,0.0231117,-29.05,-0.497174,-0.0826575,2.20111,0.0640081,-0.0939956,1.06639,0.0336526,1.31078,-1.46363,-0.0396847,0.0398804,-2.44206,-0.748658,-0.692805,5.49314,1.30307,-1.70784,0.176104,-0.554416,2.40064,0.375315,0.0396847,-0.0398804,0.0593739,1.87624,0.322009,-0.147941,-0.0142824,0.208309,0.349637,0.147042,0.336629,True,False
3.8,-0.0401549,-1.2882,6.1204,-0.0635171,0.102251,18.6745,-0.505751,0.068053,-6.93817,1.00336,0.0248938,-29.0946,-0.497612,-0.0929468,2.1804,0.0635171,-0.102251,1.10204,0.0401549,1.2882,-1.65065,-0.0395658,0.00911496,-2.6288,-0.751649,-0.503161,5.66026,1.29384,-1.97785,0.355282,-0.542194,2.48101,0.320799,0.0395658,-0.00911496,0.053242,1.89056,0.287062,-0.163979,-0.0185804,0.208272,0.350599,0.147042,0.336629,True,False
3.805,-0.0465346,-1.26176,6.46276,-0.0629856,0.110214,19.0466,-0.505388,0.0774969,-6.9074,1.00349,0.026531,-29.1271,-0.498103,-0.104028,2.17446,0.0629856,-0.110214,1.13837,0.0465346,1.26176,-1.82291,-0.0395936,-0.018535,-2.79512,-0.75369,-0.313506,5.74303,1.2833,-2.23339,0.547661,-0.529606,2.54689,0.264153,0.0395936,0.018535,0.0461385,1.9129,0.258837,-0.180609,-0.0238869,0.208256,0.351547,0.147042,0.336629,True,False
3.81,-0.0527725,-1.2316,6.75454,-0.062415,0.117924,19.4234,-0.504976,0.0878469,-6.78947,1.00363,0.0280199,-29.1476,-0.498652,-0.115867,2.18325,0.062415,-0.117924,1.17506,0.0527725,1.2316,-1.97844,-0.0397511,-0.0425287,-2.94071,-0.754784,-0.125776,5.73926,1.27151,-2.47227,0.751426,-0.516725,2.59805,0.205717,0.0397511,0.0425287,0.0382274,1.94301,0.237558,-0.197825,-0.0301384,0.208264,0.352482,0.147042,0.336629,True,False
3.815,-0.0588505,-1.19785,6.99286,-0.0618063,0.125426,19.7999,-0.50451,0.0990712,-6.58454,1.00377,0.0293562,-29.1559,-0.499262,-0.128427,2.20659,0.0618063,-0.125426,1.21177,0.0588505,1.19785,-2.11544,-0.0400189,-0.0624172,-3.06536,-0.754947,0.0580643,5.64763,1.25857,-2.69239,0.964578,-0.503626,2.63432,0.145749,0.0400189,0.0624172,0.029687,1.98056,0.223373,-0.215621,-0.0372667,0.208295,0.353405,0.147042,0.336629,True,False
3.82,-0.0647511,-1.1607,7.1751,-0.0611607,0.132768,20.1709,-0.503985,0.111136,-6.29358,1.00392,0.0305353,-29.1516,-0.499936,-0.141672,2.24412,0.0611607,-0.132768,1.24813,0.0647511,1.1607,-2.23229,-0.0403753,-0.0778499,-3.16894,-0.754204,0.236043,5.46769,1.24459,-2.89165,1.18496,-0.490382,2.65561,0.0844268,0.0403753,0.0778499,0.0207027,2.0251,0.216365,-0.233993,-0.0451987,0.208351,0.354315,0.147042,0.336629,True,False
3.825,-0.0704575,-1.12031,7.29891,-0.0604787,0.14,20.5307,-0.503398,0.124007,-5.91827,1.00408,0.0315513,-29.1343,-0.500678,-0.155558,2.29537,0.0604787,-0.14,1.28379,0.0704575,1.12031,-2.32761,-0.0407974,-0.0885773,-3.25143,-0.752587,0.406207,5.19984,1.22966,-3.06802,1.4103,-0.47707,2.66181,0.0218624,0.0407974,0.0885773,0.0114618,2.07615,0.216563,-0.252935,-0.053856,0.208432,0.355214,0.147042,0.336629,True,False
3.83,-0.0759541,-1.0769,7.36235,-0.0597607,0.147174,20.8737,-0.502745,0.137644,-5.461,1.00424,0.0323973,-29.1031,-0.501492,-0.170041,2.35979,0.0597607,-0.147174,1.31838,0.0759541,1.0769,-2.40036,-0.0412611,-0.0944518,-3.31291,-0.750142,0.566648,4.84536,1.21391,-3.21952,1.63822,-0.463764,2.65287,-0.0418827,0.0412611,0.0944518,0.00214711,2.13315,0.223971,-0.272437,-0.0631543,0.208539,0.356102,0.147042,0.336629,True,False
3.835,-0.0812264,-1.03068,7.36397,-0.0590069,0.154347,21.1943,-0.502022,0.152005,-4.9249,1.0044,0.0330647,-29.0572,-0.502379,-0.18507,2.43681,0.0590069,-0.154347,1.3515,0.0812264,1.03068,-2.44985,-0.0417419,-0.0954248,-3.35358,-0.746921,0.715524,4.40642,1.19746,-3.34425,1.8663,-0.450541,2.62872,-0.106775,0.0417419,0.0954248,-0.00706745,2.19553,0.238583,-0.292486,-0.0730031,0.208672,0.35698,0.147042,0.336629,True,False
3.84,-0.086261,-0.981914,7.30293,-0.0582172,0.161574,21.4871,-0.501225,0.167045,-4.31385,1.00457,0.0335438,-28.9954,-0.503342,-0.200589,2.52586,0.0582172,-0.161574,1.38277,0.086261,0.981914,-2.47582,-0.0422153,-0.0915412,-3.37381,-0.742986,0.851087,3.88609,1.18046,-3.44038,2.09205,-0.437477,2.58929,-0.172781,0.0422153,0.0915412,-0.0160213,2.26273,0.260412,-0.313066,-0.0833059,0.208833,0.357849,0.147042,0.336629,True,False
3.845,-0.0910456,-0.93085,7.17909,-0.0573912,0.168909,21.7472,-0.500352,0.182711,-3.63255,1.00474,0.033823,-28.9165,-0.504385,-0.216534,2.62642,0.0573912,-0.168909,1.41175,0.0910456,0.93085,-2.47848,-0.0426573,-0.082933,-3.37417,-0.73841,0.971705,3.28849,1.16306,-3.5062,2.31299,-0.424648,2.53449,-0.239836,0.0426573,0.082933,-0.0245703,2.33416,0.289503,-0.334153,-0.0939599,0.209022,0.358711,0.147042,0.336629,True,False
3.85,-0.0955695,-0.877774,6.9932,-0.0565281,0.176409,21.9703,-0.499398,0.198949,-2.88665,1.00491,0.0338892,-28.8193,-0.505508,-0.232838,2.73803,0.0565281,-0.176409,1.43804,0.0955695,0.877774,-2.45849,-0.0430447,-0.0698101,-3.35546,-0.733269,1.07589,2.61887,1.1454,-3.54015,2.5266,-0.412132,2.46426,-0.307809,0.0430447,0.0698101,-0.0325889,2.4093,0.325943,-0.355716,-0.104856,0.209239,0.359567,0.147042,0.336629,True,False
3.855,-0.0998233,-0.822989,6.74698,-0.0556271,0.184126,22.1527,-0.498362,0.215697,-2.08292,1.00508,0.033728,-28.7028,-0.506713,-0.249425,2.8603,0.0556271,-0.184126,1.46119,0.0998233,0.822989,-2.41704,-0.0433554,-0.0524509,-3.31872,-0.727651,1.16234,1.88382,1.12766,-3.54089,2.73035,-0.400006,2.37856,-0.376462,0.0433554,0.0524509,-0.0399715,2.48763,0.369843,-0.377716,-0.115881,0.209485,0.360419,0.147042,0.336629,True,False
3.86,-0.103799,-0.766815,6.44325,-0.0546869,0.19211,22.2915,-0.497241,0.232888,-1.22948,1.00524,0.0333233,-28.566,-0.508002,-0.266211,2.99284,0.0546869,-0.19211,1.4808,0.103799,0.766815,-2.35576,-0.0435692,-0.0311919,-3.26527,-0.721646,1.22993,1.09145,1.10999,-3.50732,2.92169,-0.388346,2.27739,-0.445413,0.0435692,0.0311919,-0.046633,2.56866,0.421305,-0.400106,-0.126914,0.20976,0.361268,0.147042,0.336629,True,False
3.865,-0.107491,-0.709594,6.08603,-0.053706,0.200409,22.3848,-0.496033,0.25045,-0.336061,1.00541,0.0326581,-28.4086,-0.509375,-0.283108,3.13517,0.053706,-0.200409,1.49653,0.107491,0.709594,-2.2767,-0.0436673,-0.00641726,-3.19669,-0.715351,1.27783,0.251622,1.09258,-3.4387,3.09802,-0.377232,2.16087,-0.514091,0.0436673,0.00641726,-0.052508,2.65189,0.480361,-0.422829,-0.137835,0.210065,0.362116,0.147042,0.336629,True,False
3.87,-0.110895,-0.651687,5.68062,-0.0526828,0.209063,22.4316,-0.494737,0.268307,0.585721,1.00557,0.0317141,-28.2308,-0.510833,-0.300021,3.2866,0.0526828,-0.209063,1.50807,0.110895,0.651687,-2.18231,-0.0436333,0.0214513,-3.11482,-0.708868,1.30546,-0.623769,1.07561,-3.3347,3.2567,-0.366738,2.02924,-0.581704,0.0436333,-0.0214513,-0.05755,2.73677,0.546884,-0.445821,-0.148517,0.210399,0.362964,0.147042,0.336629,True,False
3.875,-0.114008,-0.593472,5.23358,-0.0516154,0.218108,22.4322,-0.49335,0.286378,1.52212,1.00573,0.0304724,-28.0339,-0.512375,-0.316851,3.44605,0.0516154,-0.218108,1.51524,0.114008,0.593472,-2.0753,-0.0434528,0.0519645,-3.02167,-0.702297,1.3126,-1.52065,1.05924,-3.19557,3.39497,-0.356939,1.88297,-0.647205,0.0434528,-0.0519645,-0.0617302,2.82258,0.620486,-0.469007,-0.158838,0.210763,0.363816,0.147042,0.336629,True,False
3.88,-0.11683,-0.53535,4.75269,-0.0505017,0.227571,22.3874,-0.491873,0.30458,2.45709,1.00587,0.0289139,-27.8201,-0.514002,-0.333494,3.61186,0.0505017,-0.227571,1.51797,0.11683,0.53535,-1.95856,-0.0431137,0.0846548,-2.91943,-0.695742,1.2994,-2.42266,1.04365,-3.02219,3.50998,-0.347908,1.72279,-0.709273,0.0431137,-0.0846548,-0.065035,2.90844,0.70042,-0.492304,-0.168674,0.211158,0.364672,0.147042,0.336629,True,False
3.885,-0.119362,-0.47774,4.24684,-0.0493397,0.237473,22.2991,-0.490304,0.322827,3.37222,1.00601,0.0270192,-27.5931,-0.51571,-0.349846,3.78161,0.0493397,-0.237473,1.51629,0.119362,0.47774,-1.83502,-0.0426063,0.119044,-2.81027,-0.689303,1.26647,-3.31112,1.02901,-2.81623,3.59872,-0.339711,1.54975,-0.766308,0.0426063,-0.119044,-0.0674644,2.99311,0.785494,-0.515622,-0.177908,0.211583,0.365534,0.147042,0.336629,True,False
3.89,-0.121607,-0.421079,3.72572,-0.048127,0.247822,22.17,-0.488645,0.341034,4.24689,1.00614,0.0247693,-27.3577,-0.5175,-0.365803,3.952,0.048127,-0.247822,1.51028,0.121607,0.421079,-1.70748,-0.0419233,0.154651,-2.69633,-0.683077,1.21491,-4.16533,1.01549,-2.58025,3.65804,-0.33241,1.36534,-0.816443,0.0419233,-0.154651,-0.0690298,3.07496,0.87404,-0.538864,-0.18643,0.212037,0.366405,0.147042,0.336629,True,False
3.895,-0.123573,-0.365826,3.19957,-0.0468614,0.258618,22.0027,-0.486894,0.359116,5.05866,1.00626,0.0221459,-27.1203,-0.519368,-0.381262,4.11878,0.0468614,-0.258618,1.49998,0.123573,0.365826,-1.5785,-0.0410598,0.191,-2.57948,-0.677154,1.14635,-4.96293,1.00321,-2.31782,3.68464,-0.326058,1.17147,-0.857582,0.0410598,-0.191,-0.0697515,3.15185,0.963951,-0.561929,-0.194137,0.212522,0.367286,0.147042,0.336629,True,False
3.9,-0.125266,-0.312458,2.67862,-0.0455408,0.269851,21.8,-0.485053,0.376992,5.78391,1.00637,0.019132,-26.8879,-0.521313,-0.396124,4.27683,0.0455408,-0.269851,1.4853,0.125266,0.312458,-1.45019,-0.0400133,0.22762,-2.46126,-0.671613,1.06296,-5.68058,0.992309,-2.03358,3.67508,-0.320696,0.97062,-0.887459,0.0400133,-0.22762,-0.0696569,3.22111,1.05279,-0.58471,-0.200939,0.213037,0.36818,0.147042,0.336629,True,False
3.905,-0.126697,-0.261472,2.17267,-0.0441629,0.281501,21.5643,-0.483124,0.394582,6.39874,1.00645,0.0157121,-26.6684,-0.52333,-0.410295,4.42034,0.0441629,-0.281501,1.46588,0.126697,0.261472,-1.32406,-0.0387836,0.264057,-2.34269,-0.666524,0.967491,-6.29487,0.982876,-1.73327,3.6258,-0.316352,0.765783,-0.903716,0.0387836,-0.264057,-0.068778,3.27952,1.13797,-0.607102,-0.20676,0.213582,0.369087,0.147042,0.336629,True,False
3.91,-0.12788,-0.213384,1.69048,-0.0427258,0.293538,21.297,-0.481108,0.411813,6.87998,1.00652,0.011873,-26.4696,-0.525416,-0.423686,4.54309,0.0427258,-0.293538,1.44105,0.12788,0.213384,-1.20092,-0.0373727,0.29987,-2.22417,-0.661939,0.863257,-6.78323,0.974976,-1.42378,3.53317,-0.313038,0.560528,-0.903992,0.0373727,-0.29987,-0.0671492,3.32344,1.21689,-0.628997,-0.211532,0.214157,0.370009,0.147042,0.336629,True,False
3.915,-0.128831,-0.16873,1.23924,-0.0412275,0.305924,20.9982,-0.479006,0.428612,7.2063,1.00657,0.00760423,-26.2988,-0.527566,-0.436216,4.63872,0.0412275,-0.305924,1.41,0.128831,0.16873,-1.08073,-0.0357849,0.334639,-2.10542,-0.657892,0.754066,-7.12502,0.968638,-1.11303,3.39352,-0.310746,0.358966,-0.886023,0.0357849,-0.334639,-0.0648044,3.34908,1.287,-0.650287,-0.215204,0.214762,0.370948,0.147042,0.336629,True,False
3.92,-0.129568,-0.128066,0.824178,-0.0396665,0.318613,20.6667,-0.476821,0.444909,7.3591,1.0066,0.00289872,-26.1625,-0.529778,-0.447808,4.70102,0.0396665,-0.318613,1.37234,0.129568,0.128066,-0.962642,-0.0340263,0.367958,-1.98544,-0.654398,0.644181,-7.30233,0.963846,-0.809899,3.2032,-0.309448,0.165718,-0.847718,0.0340263,-0.367958,-0.0617734,3.35304,1.3455,-0.670865,-0.217733,0.215396,0.371904,0.147042,0.336629,True,False
3.925,-0.130112,-0.0919651,0.448241,-0.0380414,0.331553,20.3,-0.474557,0.460636,7.32311,1.0066,-0.00224654,-26.0657,-0.532045,-0.458389,4.72397,0.0380414,-0.331553,1.32953,0.130112,0.0919651,-0.844932,-0.0321053,0.39944,-1.86255,-0.65145,0.538235,-7.30053,0.960539,-0.524097,2.95853,-0.309089,-0.0141379,-0.787222,0.0321053,-0.39944,-0.0580776,3.33329,1.38839,-0.690626,-0.219086,0.216059,0.372878,0.147042,0.336629,True,False
3.93,-0.130487,-0.0610227,0.112045,-0.036351,0.344687,19.8951,-0.472215,0.475723,7.08651,1.00658,-0.0078301,-26.0123,-0.534362,-0.467893,4.7016,0.036351,-0.344687,1.28759,0.130487,0.0610227,-0.725135,-0.0300319,0.428707,-1.7345,-0.649016,0.44114,-7.10841,0.958605,-0.266003,2.65581,-0.30959,-0.175137,-0.702933,0.0300319,-0.428707,-0.053722,3.29106,1.40845,-0.70946,-0.21924,0.216752,0.37387,0.147042,0.336629,True,False
3.935,-0.130722,-0.0358524,-0.18598,-0.0345945,0.357943,19.45,-0.4698,0.490098,6.64034,1.00652,-0.0138458,-26.005,-0.536723,-0.476252,4.6275,0.0345945,-0.357943,1.26223,0.130722,0.0358524,-0.600147,-0.0278182,0.455383,-1.59859,-0.647038,0.358009,-6.71765,0.957879,-0.0465191,2.29131,-0.310841,-0.31149,-0.593474,0.0278182,-0.455383,-0.0486845,3.23418,1.39144,-0.727256,-0.21818,0.217473,0.374881,0.147042,0.336629,True,False
3.94,-0.130846,-0.0170873,-0.449138,-0.0327716,0.371232,18.9662,-0.467314,0.503686,5.97753,1.00644,-0.020283,-26.0462,-0.539124,-0.483403,4.495,0.0327716,-0.371232,1.28819,0.130846,0.0170873,-0.466371,-0.0254781,0.479076,-1.45179,-0.645435,0.294092,-6.12181,0.95814,0.123044,1.86111,-0.312704,-0.417136,-0.457623,0.0254781,-0.479076,-0.0428974,3.18377,1.3096,-0.743887,-0.215909,0.218222,0.375909,0.147042,0.336629,True,False
3.945,-0.130893,-0.00538006,-0.66785,-0.0308822,0.384423,18.4852,-0.464763,0.516411,5.15417,1.00632,-0.0271276,-26.097,-0.541557,-0.489283,4.3713,0.0308822,-0.384423,1.46669,0.130893,0.00538006,-0.326596,-0.0230275,0.499349,-1.29667,-0.644097,0.254755,-5.36223,0.959109,0.231017,1.38765,-0.315012,-0.485772,-0.302922,0.0230275,-0.499349,-0.0364868,3.24507,1.12481,-0.7592,-0.212459,0.219,0.376955,0.147042,0.336629,True,False
3.95,-0.1309,-0.000686877,-0.778592,-0.0289274,0.397293,18.1917,-0.46215,0.528219,4.49969,1.00617,-0.0343689,-25.9444,-0.544017,-0.49385,4.63458,0.0289274,-0.397293,2.0649,0.1309,0.000686877,-0.212193,-0.0204846,0.515981,-1.15975,-0.642888,0.242396,-4.6893,0.96045,0.272699,1.00637,-0.317562,-0.515095,-0.174404,0.0204846,-0.515981,-0.0306424,3.79732,0.835939,-0.772998,-0.207951,0.219805,0.378017,0.147042,0.336629,True,False
3.955,-0.1309,-4.71845e-14,-0.75801,-0.0269093,0.40946,13.0158,-0.459481,0.539169,0.908657,1.00598,-0.0420154,-25.4414,-0.546496,-0.497153,2.31436,0.0269093,-0.40946,-0.445177,0.1309,0,0.0465496,-0.0178676,0.529914,0.476546,-0.641673,0.246169,-1.81802,0.961836,0.274548,-0.879113,-0.320163,-0.520717,0.159462,0.0178676,-0.529914,-0.00176333,0.857355,1.45642,-0.785062,-0.202711,0.220636,0.379095,0.155335,0.343481,True,True
3.96,-0.1309,0,-0.648053,-0.0248328,0.420558,10.9632,-0.456758,0.5493,-0.391816,1.00575,-0.0500582,-24.5211,-0.548989,-0.499242,2.17826,0.0248328,-0.420558,-0.590192,0.1309,-2.77556e-15,0.134961,-0.0151854,0.542251,1.01804,-0.640426,0.252652,-0.607019,0.963196,0.268641,-1.82854,-0.322769,-0.521292,0.314999,0.0151854,-0.542251,-0.0159605,0.685695,1.4921,-0.795185,-0.197049,0.221491,0.380185,0.163628,0.350334,True,True
3.965,-0.1309,2.77556e-15,-0.532081,-0.0227037,0.43041,8.92566,-0.453988,0.558546,-1.62125,1.00548,-0.0584437,-23.4409,-0.551488,-0.500102,2.01484,0.0227037,-0.43041,-0.711256,0.1309,0,0.199915,-0.0124451,0.55311,1.39129,-0.639147,0.258925,0.577186,0.964523,0.261849,-2.89906,-0.325376,-0.520774,0.476496,0.0124451,-0.55311,-0.0515849,0.517151,1.49732,-0.803225,-0.191077,0.222367,0.381286,0.171922,0.357187,True,True
3.97,-0.1309,0,-0.424953,-0.0205287,0.438942,7.04002,-0.451173,0.566848,-2.71949,1.00516,-0.0671022,-22.257,-0.55399,-0.499745,1.83177,0.0205287,-0.438942,-0.797486,0.1309,-2.77556e-15,0.237896,-0.00965435,0.562414,1.5401,-0.637837,0.264946,1.68249,0.965814,0.254244,-4.06109,-0.327977,-0.51919,0.636998,0.00965435,-0.562414,-0.107526,0.363302,1.4682,-0.80914,-0.184858,0.223262,0.382395,0.180215,0.36404,True,True
3.975,-0.1309,-2.77556e-15,-0.327382,-0.0183143,0.446128,5.34768,-0.448319,0.574166,-3.65782,1.0048,-0.0759582,-20.9823,-0.556486,-0.498208,1.64437,0.0183143,-0.446128,-0.855433,0.1309,0,0.247015,-0.00682099,0.570136,1.45129,-0.636498,0.270672,2.68391,0.967065,0.24591,-5.29528,-0.330568,-0.516582,0.792802,0.00682099,-0.570136,-0.183245,0.22728,1.41689,-0.812946,-0.178445,0.224173,0.383511,0.188508,0.370893,True,True
3.98,-0.1309,-2.77556e-15,-0.239293,-0.0160674,0.451964,3.86127,-0.445431,0.580469,-4.42762,1.0044,-0.0849331,-19.6231,-0.558972,-0.495536,1.46077,0.0160674,-0.451964,-0.889985,0.1309,5.55112e-15,0.227391,-0.00395299,0.576273,1.12427,-0.63513,0.276061,3.5737,0.968273,0.236936,-6.59139,-0.333143,-0.512997,0.943173,0.00395299,-0.576273,-0.278336,0.109775,1.35086,-0.814683,-0.171883,0.225097,0.384631,0.196801,0.377745,True,True
3.985,-0.1309,0,-0.160415,-0.0137947,0.456453,2.5812,-0.442514,0.585723,-5.02868,1.00396,-0.0939456,-18.1819,-0.561441,-0.491777,1.28485,0.0137947,-0.456453,-0.904311,0.1309,0,0.179717,-0.00105826,0.580832,0.561851,-0.633737,0.281069,4.35173,0.969435,0.22741,-7.94485,-0.335698,-0.508479,1.08886,0.00105826,-0.580832,-0.392769,0.0105087,1.27426,-0.814399,-0.165216,0.226032,0.385753,0.205095,0.384598,True,True
3.99,-0.1309,0,-0.0905011,-0.0115028,0.459603,1.50386,-0.439574,0.589891,-5.46343,1.00346,-0.102913,-16.6579,-0.563889,-0.486978,1.11804,0.0115028,-0.459603,-0.900181,0.1309,-2.77556e-15,0.104587,0.00185533,0.58382,-0.233886,-0.63232,0.285648,5.02054,0.970547,0.217421,-9.35459,-0.338228,-0.503069,1.23123,-0.00185533,-0.58382,-0.526906,-0.0710494,1.18904,-0.812141,-0.158479,0.226975,0.386874,0.213388,0.391451,True,True
3.995,-0.1309,0,-0.0294042,-0.00919863,0.461418,0.625632,-0.436615,0.592932,-5.7342,1.00293,-0.11175,-15.0492,-0.566311,-0.481182,0.960358,0.00919863,-0.461418,-0.878237,0.1309,0,0.00225152,0.00477994,0.585241,-1.26306,-0.63088,0.289749,5.58294,0.971609,0.207054,-10.8217,-0.340728,-0.496803,1.37164,-0.00477994,-0.585241,-0.681363,-0.135346,1.09567,-0.807953,-0.151711,0.227922,0.387993,0.221681,0.398304,True,True
4,-0.1309,2.77556e-15,0.0229147,-0.00688867,0.461898,-0.0553833,-0.433645,0.5948,-5.84215,1.00235,-0.120371,-13.353,-0.568701,-0.474428,0.811023,0.00688867,-0.461898,-0.838228,0.1309,0,-0.127398,0.00770774,0.585094,-2.52796,-0.629422,0.293321,6.04077,0.972618,0.196394,-12.3484,-0.343196,-0.489714,1.51085,-0.00770774,-0.585094,-0.856732,-0.182603,0.993613,-0.80187,-0.144946,0.228872,0.389107,0.229975,0.405157,True,True
4.005,-0.1309,2.77556e-15,0.0664116,-0.00457964,0.461041,-0.538874,-0.430667,0.595444,-5.78724,1.00172,-0.128689,-11.5675,-0.571055,-0.466755,0.668818,0.00457964,-0.461041,-0.779234,0.1309,0,-0.284631,0.0106309,0.583376,-4.03183,-0.627947,0.296311,6.39436,0.973573,0.185522,-13.9371,-0.345626,-0.481833,1.64811,-0.0106309,-0.583376,-1.05308,-0.212792,0.881605,-0.793924,-0.13822,0.229821,0.390214,0.238268,0.412009,True,True
4.01,-0.1309,-2.77556e-15,0.101,-0.00227826,0.458838,-0.822809,-0.42769,0.594816,-5.56899,1.00106,-0.136617,-9.69389,-0.573369,-0.4582,0.53243,0.00227826,-0.458838,-0.700005,0.1309,0,-0.469385,0.0135415,0.580076,-5.77615,-0.626459,0.298668,6.64237,0.974473,0.174525,-15.5894,-0.348014,-0.473193,1.77978,-0.0135415,-0.580076,-1.26905,-0.225697,0.758127,-0.784145,-0.131574,0.230767,0.391312,0.246561,0.418862,True,True
4.015,-0.1309,-2.77556e-15,0.126585,8.74194e-06,0.455281,-0.905152,-0.424719,0.592875,-5.1885,1.00036,-0.144068,-7.7398,-0.575637,-0.448808,0.400963,-8.74194e-06,-0.455281,-0.599597,0.1309,0,-0.680251,0.0164316,0.575186,-7.75517,-0.624961,0.300347,6.78184,0.975318,0.163487,-17.3041,-0.350358,-0.463834,1.89687,-0.0164316,-0.575186,-1.50022,-0.221111,0.622074,-0.772564,-0.125054,0.231707,0.392399,0.254854,0.425715,True,True
4.02,-0.1309,2.77556e-15,0.143086,0.00227455,0.450358,-0.78774,-0.421761,0.589597,-4.65263,0.999618,-0.150962,-5.72602,-0.577857,-0.438635,0.274783,-0.00227455,-0.450358,-0.478588,0.1309,0,-0.912509,0.0192934,0.5687,-9.9456,-0.623455,0.301314,6.80905,0.976108,0.1525,-19.0735,-0.352652,-0.453814,1.98101,-0.0192934,-0.5687,-1.73632,-0.199261,0.474043,-0.759228,-0.118719,0.232638,0.393473,0.263148,0.432568,True,True
4.025,-0.1309,2.77556e-15,0.15042,0.00451232,0.444068,-0.483967,-0.418823,0.584995,-3.98187,0.998847,-0.157232,-3.69775,-0.580024,-0.427763,0.156883,-0.00451232,-0.444068,-0.341209,0.1309,0,-1.15463,0.0221186,0.56063,-12.288,-0.621947,0.301558,6.72137,0.976843,0.141666,-20.8774,-0.354896,-0.443224,1.9981,-0.0221186,-0.56063,-1.9565,-0.161636,0.318518,-0.744213,-0.112648,0.233557,0.394531,0.271441,0.439421,True,True
4.03,-0.1309,0,0.148543,0.00671523,0.436429,-0.0324879,-0.415911,0.579153,-3.22422,0.998046,-0.162831,-1.74382,-0.582134,-0.416322,0.0546218,-0.00671523,-0.436429,-0.198605,0.1309,0,-1.38269,0.0248997,0.551019,-14.6551,-0.62044,0.301113,6.52162,0.977525,0.131104,-22.6706,-0.357085,-0.432217,1.88987,-0.0248997,-0.551019,-2.12245,-0.112419,0.16704,-0.727655,-0.106953,0.234462,0.395571,0.279734,0.446273,True,True
4.035,-0.1309,-2.77556e-15,0.141714,0.00887661,0.427498,0.497585,-0.413032,0.572279,-2.54167,0.997219,-0.167758,0.0120941,-0.584187,-0.404521,-0.0239566,-0.00887661,-0.427498,-0.0729862,0.1309,0,-1.54645,0.0276288,0.539978,-16.8538,-0.618936,0.300085,6.32768,0.978154,0.120959,-24.3081,-0.359218,-0.421043,1.65586,-0.0276288,-0.539978,-2.21068,-0.063246,0.0392902,-0.709802,-0.1018,0.23535,0.396592,0.288027,0.453126,True,True
4.04,-0.1309,0.000343439,0.146656,0.0109902,0.417651,1.05958,-0.410189,0.561055,-2.40733,0.996368,-0.165734,1.49887,-0.58618,-0.395322,-0.10443,-0.0109902,-0.417651,0.0177599,0.1309,-0.000343439,-1.55094,0.0302994,0.527722,-18.7698,-0.617439,0.298581,6.67674,0.978734,0.111339,-25.3696,-0.361295,-0.409921,1.63323,-0.0302994,-0.527722,-2.33835,-0.0394546,-0.0649711,-0.69388,-0.0998807,0.236218,0.397593,0.296321,0.459979,True,True
4.045,-0.130896,0.00269003,0.200297,0.0130531,0.408306,1.27973,-0.407421,0.528632,-3.56391,0.995561,-0.127216,1.75879,-0.58814,-0.401416,-0.203898,-0.0130531,-0.408306,0.0192127,0.130896,-0.00269003,-1.30831,0.0329061,0.514553,-18.9508,-0.61595,0.296402,8.13976,0.979267,0.102124,-24.5646,-0.363317,-0.398526,2.49327,-0.0329061,-0.514553,-1.59524,-0.087803,-0.116083,-0.693594,-0.112883,0.237065,0.398573,0.296321,0.459979,False,True
4.05,-0.130873,0.00854363,0.261867,0.0150733,0.400876,1.52889,-0.404902,0.461146,-4.99682,0.995096,-0.0281342,2.02017,-0.590194,-0.433011,-0.32221,-0.0150733,-0.400876,0.0168513,0.130873,-0.00854363,-0.97439,0.035445,0.500809,-19.2305,-0.614475,0.293421,9.88608,0.979755,0.0932192,-23.6592,-0.36528,-0.38664,3.32085,-0.035445,-0.500809,-1.27783,-0.148086,-0.174097,-0.720168,-0.150021,0.237888,0.399535,0.296321,0.459979,False,True
4.055,-0.130811,0.0179262,0.314639,0.0170619,0.395716,1.76834,-0.40281,0.361364,-6.25823,0.99528,0.126582,2.23971,-0.59247,-0.487946,-0.423786,-0.0170619,-0.395716,0.0140283,0.130811,-0.0179262,-0.647357,0.0379141,0.486773,-19.5368,-0.613016,0.289896,11.3629,0.9802,0.0847531,-22.9939,-0.367183,-0.374649,3.80459,-0.0379141,-0.486773,-1.17687,-0.200276,-0.223465,-0.771704,-0.20889,0.238687,0.400478,0.296321,0.459979,False,True
4.06,-0.130694,0.0305114,0.358405,0.0190304,0.392842,1.98925,-0.401289,0.235534,-7.2757,0.996362,0.325689,2.40646,-0.595073,-0.561223,-0.502198,-0.0190304,-0.392842,0.0110725,0.130694,-0.0305114,-0.367001,0.0403127,0.472633,-19.8343,-0.611576,0.286074,12.5112,0.980603,0.0768373,-22.5451,-0.369027,-0.362911,4.03139,-0.0403127,-0.472633,-1.16888,-0.24098,-0.261151,-0.843224,-0.284492,0.23946,0.401406,0.296321,0.459979,False,True
4.065,-0.130506,0.0459825,0.395867,0.0209903,0.392198,2.19284,-0.400454,0.0894731,-8.06112,0.998537,0.558461,2.52502,-0.598082,-0.647934,-0.558189,-0.0209903,-0.392198,0.00810753,0.130506,-0.0459825,-0.149925,0.0426405,0.45851,-20.1166,-0.610155,0.282117,13.3712,0.980968,0.0695234,-22.2462,-0.370813,-0.351641,4.1181,-0.0426405,-0.45851,-1.19825,-0.27051,-0.287588,-0.929789,-0.371965,0.240209,0.40232,0.296321,0.459979,False,True
4.07,-0.130234,0.0640328,0.42921,0.0229524,0.39368,2.38005,-0.400394,-0.0713887,-8.62813,1.00195,0.81472,2.5997,-0.601553,-0.743331,-0.592797,-0.0229524,-0.39368,0.00522345,0.130234,-0.0640328,-0.00367239,0.0448978,0.444487,-20.3831,-0.608755,0.278136,13.9731,0.981298,0.0628286,-22.0588,-0.372543,-0.340965,4.13033,-0.0448978,-0.444487,-1.2375,-0.289346,-0.303335,-1.02658,-0.466646,0.240931,0.403223,0.296321,0.459979,False,True
4.075,-0.129865,0.0843652,0.460185,0.0249271,0.397146,2.55156,-0.401168,-0.242012,-8.99258,1.00668,1.08492,2.63462,-0.605516,-0.842908,-0.607365,-0.0249271,-0.397146,0.00249044,0.129865,-0.0843652,0.0703725,0.0470853,0.430628,-20.6345,-0.607374,0.274212,14.3415,0.981596,0.0567505,-21.9604,-0.374222,-0.330963,4.10327,-0.0470853,-0.430628,-1.27438,-0.298133,-0.30909,-1.12901,-0.564132,0.241628,0.404116,0.296321,0.459979,False,True
4.08,-0.12939,0.106692,0.490149,0.0269239,0.402425,2.70779,-0.402814,-0.417778,-9.1725,1.0128,1.36025,2.63377,-0.609982,-0.942472,-0.603519,-0.0269239,-0.402425,-3.39724e-05,0.12939,-0.106692,0.0749938,0.0492041,0.416981,-20.872,-0.606013,0.270408,14.4998,0.981866,0.0512752,-21.9363,-0.375853,-0.321684,4.05513,-0.0492041,-0.416981,-1.30449,-0.297661,-0.305693,-1.23276,-0.66036,0.242298,0.404999,0.296321,0.459979,False,True
4.085,-0.128798,0.130736,0.520092,0.0289514,0.409323,2.84884,-0.405346,-0.59453,-9.18783,1.02029,1.63275,2.60108,-0.61494,-1.03822,-0.583131,-0.0289514,-0.409323,-0.00230055,0.128798,-0.130736,0.0158164,0.0512551,0.403586,-21.0957,-0.60467,0.266776,14.4707,0.982109,0.0463815,-21.9756,-0.377439,-0.313158,3.99515,-0.0512551,-0.403586,-1.32706,-0.288849,-0.294097,-1.3339,-0.751671,0.242942,0.405874,0.296321,0.459979,False,True
4.09,-0.128083,0.156229,0.550657,0.0310171,0.417624,2.97455,-0.408759,-0.768607,-9.05982,1.02912,1.8954,2.54036,-0.620364,-1.12679,-0.54826,-0.0310171,-0.417624,-0.00426577,0.128083,-0.156229,-0.0996501,0.0532399,0.390478,-21.3047,-0.603345,0.263357,14.2777,0.982329,0.0420436,-22.0686,-0.378984,-0.305401,3.92804,-0.0532399,-0.390478,-1.34276,-0.272706,-0.275352,-1.42892,-0.83486,0.24356,0.406742,0.296321,0.459979,False,True
4.095,-0.127236,0.182913,0.582165,0.0331276,0.427094,3.08451,-0.413032,-0.936868,-8.81032,1.03924,2.14217,2.45532,-0.626208,-1.20531,-0.501072,-0.0331276,-0.427094,-0.00589047,0.127236,-0.182913,-0.262754,0.0551599,0.377682,-21.497,-0.602036,0.260185,13.9441,0.98253,0.0382317,-22.2061,-0.380493,-0.298417,3.85633,-0.0551599,-0.377682,-1.3526,-0.250299,-0.25056,-1.51478,-0.907219,0.244151,0.407602,0.296321,0.459979,False,True
4.1,-0.126254,0.21054,0.614642,0.0352881,0.437484,3.1781,-0.418128,-1.0967,-8.46095,1.05055,2.36809,2.34949,-0.632417,-1.27139,-0.443767,-0.0352881,-0.437484,-0.00713929,0.126254,-0.21054,-0.464308,0.0570167,0.365219,-21.6695,-0.600743,0.257284,13.4932,0.982712,0.0349138,-22.3792,-0.381969,-0.292198,3.7816,-0.0570167,-0.365219,-1.35749,-0.222712,-0.22084,-1.58892,-0.966553,0.244716,0.408454,0.296321,0.459979,False,True
4.105,-0.125131,0.23887,0.647858,0.0375024,0.44853,3.25456,-0.423999,-1.24599,-8.03236,1.06292,2.56917,2.22626,-0.638922,-1.32318,-0.378504,-0.0375024,-0.44853,-0.00798049,0.125131,-0.23887,-0.695081,0.0588121,0.353104,-21.819,-0.599464,0.254671,12.9469,0.982879,0.0320557,-22.5793,-0.383415,-0.286726,3.70493,-0.0588121,-0.353104,-1.3581,-0.191005,-0.18729,-1.6493,-1.01118,0.245256,0.409298,0.296321,0.459979,False,True
4.11,-0.123865,0.267675,0.681369,0.0397734,0.459958,3.31308,-0.430588,-1.38312,-7.5436,1.07624,2.7424,2.08878,-0.645649,-1.35927,-0.307338,-0.0397734,-0.459958,-0.00838627,0.123865,-0.267675,-0.946197,0.0605478,0.341346,-21.9419,-0.598196,0.252353,12.3259,0.983032,0.029622,-22.7984,-0.384836,-0.281975,3.62716,-0.0605478,-0.341346,-1.35485,-0.15619,-0.150955,-1.69432,-1.0399,0.245769,0.410134,0.296321,0.459979,False,True
4.115,-0.122454,0.296736,0.714559,0.042102,0.471481,3.35288,-0.43783,-1.50691,-7.01165,1.09035,2.88565,1.94,-0.652515,-1.37875,-0.232174,-0.042102,-0.471481,-0.00833323,0.122454,-0.296736,-1.20943,0.0622256,0.329947,-22.0349,-0.59694,0.250332,11.6484,0.983175,0.0275767,-23.0295,-0.386235,-0.277908,3.54889,-0.0622256,-0.329947,-1.34805,-0.119203,-0.112806,-1.72285,-1.05198,0.246257,0.41096,0.296321,0.459979,False,True
4.12,-0.120898,0.325843,0.746692,0.0444882,0.48281,3.3733,-0.445657,-1.61654,-6.45118,1.10509,2.99762,1.78262,-0.659436,-1.38108,-0.154734,-0.0444882,-0.48281,-0.00780311,0.120898,-0.325843,-1.4774,0.0638473,0.318905,-22.0952,-0.595693,0.248601,10.9307,0.983308,0.0258841,-23.2666,-0.387615,-0.274485,3.47052,-0.0638473,-0.318905,-1.3379,-0.0808895,-0.0737199,-1.73416,-1.0471,0.24672,0.411777,0.296321,0.459979,False,True
4.125,-0.119196,0.354797,0.77696,0.0469301,0.493649,3.37381,-0.453996,-1.71154,-5.87443,1.12032,3.07766,1.61916,-0.666326,-1.36612,-0.0765476,-0.0469301,-0.493649,-0.00678359,0.119196,-0.354797,-1.74369,0.0654146,0.308214,-22.1207,-0.594454,0.247149,10.1864,0.983434,0.024509,-23.5049,-0.38898,-0.271658,3.3923,-0.0654146,-0.308214,-1.32459,-0.0420008,-0.0344773,-1.72787,-1.02531,0.247158,0.412584,0.296321,0.459979,False,True
4.13,-0.11735,0.383408,0.804523,0.0494247,0.503702,3.35416,-0.462772,-1.7917,-5.29129,1.13587,3.12573,1.45189,-0.673097,-1.33403,0.00105214,-0.0494247,-0.503702,-0.0052692,0.11735,-0.383408,-2.00291,0.0669294,0.297864,-22.11,-0.593222,0.245958,9.42696,0.983553,0.0234174,-23.7406,-0.390332,-0.269376,3.31435,-0.0669294,-0.297864,-1.30832,-0.00319178,0.00424328,-1.70392,-0.986977,0.247572,0.413379,0.296321,0.459979,False,True
4.135,-0.115362,0.411494,0.828555,0.0519671,0.512676,3.31435,-0.471913,-1.85701,-4.70951,1.15158,3.14226,1.28295,-0.679666,-1.28525,0.0769198,-0.0519671,-0.512676,-0.00326227,0.115362,-0.411494,-2.25064,0.0683933,0.287841,-22.0624,-0.591995,0.245007,8.66153,0.983668,0.0225767,-23.971,-0.391673,-0.267584,3.23673,-0.0683933,-0.287841,-1.28931,0.034974,0.0418592,-1.66253,-0.932726,0.247962,0.414162,0.296321,0.459979,False,True
4.14,-0.113235,0.438887,0.84828,0.0545514,0.520288,3.2547,-0.481343,-1.90763,-4.13489,1.16729,3.12808,1.11427,-0.68595,-1.22045,0.150082,-0.0545514,-0.520288,-0.000773808,0.113235,-0.438887,-2.48342,0.0698078,0.27813,-21.9783,-0.590772,0.244272,7.89743,0.983779,0.0219562,-24.1942,-0.393007,-0.266228,3.15947,-0.0698078,-0.27813,-1.26778,0.0720161,0.0778773,-1.60415,-0.863409,0.248328,0.414932,0.296321,0.459979,False,True
4.145,-0.110973,0.465425,0.863006,0.05717,0.526263,3.17583,-0.490989,-1.94385,-3.57161,1.18286,3.08432,0.947665,-0.691871,-1.14048,0.21972,-0.05717,-0.526263,0.00217571,0.110973,-0.465425,-2.69862,0.0711746,0.268712,-21.8584,-0.589552,0.243724,7.14038,0.983887,0.0215273,-24.409,-0.394336,-0.265251,3.08263,-0.0711746,-0.268712,-1.244,0.107528,0.111886,-1.52941,-0.780055,0.248672,0.415688,0.296321,0.459979,False,True
4.15,-0.10858,0.490957,0.872145,0.0598141,0.530347,3.0787,-0.500781,-1.966,-3.02255,1.19814,3.01235,0.784822,-0.697355,-1.04635,0.285151,-0.0598141,-0.530347,0.00555571,0.10858,-0.490957,-2.89437,0.0724949,0.259568,-21.7045,-0.588334,0.243335,6.39476,0.983994,0.0212634,-24.6147,-0.39566,-0.264598,3.00633,-0.0724949,-0.259568,-1.21821,0.141167,0.143544,-1.43911,-0.683833,0.248994,0.41643,0.296321,0.459979,False,True
4.155,-0.106063,0.515342,0.875241,0.0624735,0.532306,2.96457,-0.510649,-1.97451,-2.48957,1.21298,2.91371,0.627317,-0.702334,-0.939207,0.345811,-0.0624735,-0.532306,0.00932517,0.106063,-0.515342,-3.06947,0.0737703,0.250679,-21.5187,-0.587118,0.243073,5.66395,0.9841,0.02114,-24.8113,-0.396982,-0.264213,2.93076,-0.0737703,-0.250679,-1.19068,0.172645,0.172578,-1.3342,-0.57602,0.249294,0.417157,0.296321,0.459979,False,True
4.16,-0.103427,0.538448,0.871977,0.0651371,0.531933,2.83498,-0.520526,-1.9698,-1.97381,1.22727,2.79008,0.47663,-0.706747,-0.820276,0.401236,-0.0651371,-0.531933,0.0134326,0.103427,-0.538448,-3.22322,0.0750017,0.242023,-21.3038,-0.585904,0.242908,4.95059,0.984206,0.0211349,-24.9988,-0.398302,-0.264043,2.85617,-0.0750017,-0.242023,-1.16167,0.201721,0.198766,-1.21574,-0.457971,0.249574,0.417868,0.296321,0.459979,False,True
4.165,-0.100679,0.560154,0.862182,0.0677928,0.529055,2.69173,-0.530347,-1.95233,-1.47593,1.24088,2.64321,0.334154,-0.710537,-0.690871,0.451057,-0.0677928,-0.529055,0.0178161,0.100679,-0.560154,-3.35539,0.0761905,0.23358,-21.063,-0.584689,0.242806,4.25678,0.984311,0.021228,-25.1774,-0.399622,-0.264034,2.78292,-0.0761905,-0.23358,-1.13144,0.228197,0.221942,-1.08487,-0.331096,0.249834,0.418562,0.296321,0.459979,False,True
4.17,-0.0978254,0.580348,0.845831,0.0704277,0.523536,2.53682,-0.540049,-1.92256,-0.996338,1.2537,2.47493,0.201199,-0.713655,-0.552363,0.494981,-0.0704277,-0.523536,0.0224046,0.0978254,-0.580348,-3.46609,0.0773375,0.22533,-20.7999,-0.583476,0.242735,3.58431,0.984418,0.0214011,-25.3477,-0.400942,-0.264136,2.71142,-0.0773375,-0.22533,-1.10025,0.251907,0.24198,-0.942843,-0.196838,0.250075,0.419239,0.296321,0.459979,False,True
4.175,-0.0948751,0.598926,0.82304,0.0730282,0.515281,2.37241,-0.549573,-1.88095,-0.535372,1.26563,2.28711,0.0789931,-0.71606,-0.406162,0.532793,-0.0730282,-0.515281,0.0271185,0.0948751,-0.598926,-3.55568,0.0784438,0.217252,-20.5184,-0.582262,0.242664,2.93482,0.984525,0.0216383,-25.5099,-0.402263,-0.264302,2.64212,-0.0784438,-0.217252,-1.06836,0.272718,0.258802,-0.790973,-0.0566513,0.250297,0.419898,0.296321,0.459979,False,True
4.18,-0.0918361,0.615798,0.794048,0.0755805,0.504241,2.20077,-0.558859,-1.82796,-0.093455,1.27658,2.08166,-0.0313178,-0.717717,-0.253701,0.564342,-0.0755805,-0.504241,0.0318715,0.0918361,-0.615798,-3.62472,0.0795101,0.209327,-20.2227,-0.581049,0.242559,2.30992,0.984634,0.0219253,-25.6648,-0.403585,-0.264484,2.57556,-0.0795101,-0.209327,-1.03604,0.290527,0.272365,-0.630636,0.0880123,0.250502,0.420538,0.296321,0.459979,False,True
4.185,-0.0887171,0.630879,0.759208,0.0780706,0.490415,2.02422,-0.567852,-1.76406,0.328791,1.28645,1.86049,-0.128675,-0.718597,-0.0964255,0.589544,-0.0780706,-0.490415,0.0365726,0.0887171,-0.630879,-3.67388,0.0805371,0.201535,-19.9169,-0.579836,0.24239,1.71129,0.984745,0.02225,-25.8126,-0.404908,-0.26464,2.51226,-0.0805371,-0.201535,-1.00354,0.305258,0.282664,-0.463256,0.235721,0.25069,0.42116,0.296321,0.459979,False,True
4.19,-0.0855273,0.644098,0.718962,0.0804846,0.473852,1.8451,-0.5765,-1.68974,0.730462,1.29518,1.62551,-0.212111,-0.718681,0.0642238,0.608375,-0.0804846,-0.473852,0.0411285,0.0855273,-0.644098,-3.70391,0.0815254,0.193858,-19.6056,-0.578625,0.242125,1.14073,0.984857,0.0226018,-25.9539,-0.406232,-0.264727,2.45278,-0.0815254,-0.193858,-0.971133,0.316864,0.289731,-0.290297,0.385075,0.250862,0.421762,0.296321,0.459979,False,True
4.195,-0.0822762,0.65539,0.673819,0.0828091,0.454649,1.66571,-0.58475,-1.60549,1.11032,1.3027,1.37867,-0.280759,-0.717955,0.226824,0.620869,-0.0828091,-0.454649,0.045446,0.0822762,-0.65539,-3.71556,0.0824756,0.186278,-19.2931,-0.577415,0.241735,0.600221,0.984971,0.0229722,-26.089,-0.407556,-0.264707,2.39771,-0.0824756,-0.186278,-0.939096,0.32532,0.293626,-0.11325,0.534722,0.251019,0.422344,0.296321,0.459979,False,True
4.2,-0.0789734,0.664702,0.624338,0.0850311,0.432955,1.48824,-0.592554,-1.51187,1.46676,1.30897,1.12189,-0.33386,-0.716413,0.389979,0.627118,-0.0850311,-0.432955,0.0494352,0.0789734,-0.664702,-3.70957,0.0833882,0.178778,-18.9841,-0.576208,0.241191,0.0919345,0.985087,0.0233542,-26.2183,-0.408879,-0.264545,2.34762,-0.0833882,-0.178778,-0.907699,0.33063,0.294442,0.0663807,0.683368,0.251162,0.422906,0.296321,0.459979,False,True
4.205,-0.0756291,0.67199,0.571101,0.0871386,0.408963,1.31478,-0.599868,-1.40945,1.79782,1.31392,0.857113,-0.370772,-0.714055,0.552338,0.627262,-0.0871386,-0.408963,0.0530117,0.0756291,-0.67199,-3.68661,0.0842634,0.17134,-18.6829,-0.575003,0.240466,-0.381779,0.985204,0.0237425,-26.342,-0.410201,-0.264209,2.30305,-0.0842634,-0.17134,-0.877214,0.332822,0.292297,0.24709,0.829784,0.251291,0.423448,0.296321,0.459979,False,True
4.21,-0.0722535,0.67722,0.514699,0.0891207,0.38291,1.14725,-0.606649,-1.29887,2.1012,1.31754,0.586271,-0.390985,-0.71089,0.712599,0.621489,-0.0891207,-0.38291,0.0561,0.0722535,-0.67722,-3.64732,0.0851016,0.163947,-18.3938,-0.573803,0.239533,-0.818405,0.985324,0.0241336,-26.4603,-0.411521,-0.263667,2.26457,-0.0851016,-0.163947,-0.847908,0.331946,0.287333,0.427386,0.972818,0.251408,0.423968,0.296321,0.459979,False,True
4.215,-0.0688569,0.680368,0.455719,0.0909677,0.35507,0.987412,-0.612857,-1.18082,2.37433,1.31979,0.311303,-0.394127,-0.706929,0.86952,0.610029,-0.0909677,-0.35507,0.0586355,0.0688569,-0.680368,-3.59222,0.0859029,0.156584,-18.1212,-0.572608,0.238368,-1.21531,0.985446,0.0245255,-26.5733,-0.412838,-0.262893,2.23268,-0.0859029,-0.156584,-0.82004,0.328074,0.279706,0.6058,1.1114,0.251513,0.424467,0.296321,0.459979,False,True
4.22,-0.0654498,0.681419,0.394726,0.0926714,0.325746,0.836814,-0.618457,-1.05607,2.61436,1.32065,0.0341446,-0.379975,-0.702194,1.02193,0.593142,-0.0926714,-0.325746,0.0605665,0.0654498,-0.681419,-3.52175,0.0866674,0.149232,-17.8689,-0.571419,0.236947,-1.56976,0.985569,0.0249177,-26.6811,-0.41415,-0.261864,2.20786,-0.0866674,-0.149232,-0.793857,0.321301,0.269589,0.780908,1.24454,0.251606,0.424944,0.296321,0.459979,False,True
4.225,-0.0620428,0.680368,0.332264,0.0942252,0.29527,0.696823,-0.623418,-0.925463,2.81833,1.32013,-0.243266,-0.348468,-0.69671,1.16873,0.571116,-0.0942252,-0.29527,0.0618563,0.0620428,-0.680368,-3.43627,0.0873952,0.141876,-17.6409,-0.570238,0.235249,-1.87902,0.985695,0.0253113,-26.7836,-0.415456,-0.26056,2.19053,-0.0873952,-0.141876,-0.76959,0.311734,0.257158,0.951333,1.37135,0.251688,0.4254,0.296321,0.459979,False,True
4.23,-0.0586462,0.67722,0.268847,0.0956241,0.263984,0.568603,-0.627712,-0.789905,2.98315,1.31822,-0.51899,-0.299713,-0.690507,1.3089,0.544254,-0.0956241,-0.263984,0.0624839,0.0586462,-0.67722,-3.33604,0.0880862,0.134497,-17.4407,-0.569067,0.233254,-2.14037,0.985822,0.0257088,-26.8807,-0.416755,-0.258963,2.18104,-0.0880862,-0.134497,-0.747451,0.299498,0.242593,1.11576,1.491,0.251761,0.425834,0.296321,0.459979,False,True
4.235,-0.0552706,0.67199,0.204961,0.0968651,0.232243,0.453127,-0.631317,-0.650396,3.10576,1.31494,-0.79109,-0.23399,-0.683621,1.44149,0.512866,-0.0968651,-0.232243,0.0624443,0.0552706,-0.67199,-3.22126,0.0887402,0.127079,-17.2715,-0.567906,0.230945,-2.35118,0.985952,0.0261137,-26.9721,-0.418046,-0.257059,2.17969,-0.0887402,-0.127079,-0.727629,0.284727,0.226068,1.27296,1.60279,0.251824,0.426245,0.296321,0.459979,False,True
4.24,-0.0519263,0.664702,0.141066,0.0979466,0.200397,0.351187,-0.634216,-0.508012,3.18317,1.31031,-1.05762,-0.151761,-0.676092,1.56564,0.477261,-0.0979466,-0.200397,0.0617488,0.0519263,-0.664702,-3.09205,0.089357,0.119605,-17.1362,-0.566757,0.228304,-2.50894,0.986083,0.0265311,-27.0574,-0.419326,-0.254836,2.18667,-0.089357,-0.119605,-0.710288,0.267563,0.20775,1.42177,1.70604,0.251877,0.426635,0.296321,0.459979,False,True
4.245,-0.0486235,0.65539,0.0775958,0.098869,0.168791,0.263404,-0.636397,-0.3639,3.21255,1.30436,-1.31666,-0.0536637,-0.667965,1.68055,0.437739,-0.098869,-0.168791,0.060424,0.0486235,-0.65539,-2.94848,0.0899362,0.112056,-17.0373,-0.565623,0.225319,-2.61134,0.986217,0.0269665,-27.1362,-0.420594,-0.252285,2.20209,-0.0899362,-0.112056,-0.695563,0.248151,0.187789,1.5611,1.80019,0.251922,0.427002,0.296321,0.459979,False,True
4.25,-0.0453724,0.644098,0.0149625,0.0996345,0.137751,0.190242,-0.637855,-0.219277,3.19129,1.29714,-1.56624,0.0594828,-0.659287,1.78552,0.394585,-0.0996345,-0.137751,0.0585105,0.0453724,-0.644098,-2.79058,0.0904775,0.104415,-16.977,-0.564504,0.221975,-2.65629,0.986353,0.0274266,-27.2079,-0.421849,-0.249402,2.22597,-0.0904775,-0.104415,-0.683567,0.226638,0.16632,1.68998,1.88471,0.251959,0.427348,0.296321,0.459979,False,True
4.255,-0.0421826,0.630879,-0.0464451,0.100247,0.107582,0.13202,-0.63859,-0.0754234,3.11709,1.2887,-1.80445,0.186688,-0.65011,1.87987,0.348061,-0.100247,-0.107582,0.0560611,0.0421826,-0.630879,-2.61833,0.0909804,0.0966649,-16.9568,-0.563403,0.218263,-2.642,0.986491,0.0279182,-27.2716,-0.423088,-0.246181,2.25823,-0.0909804,-0.0966649,-0.674383,0.203166,0.14346,1.80749,1.95914,0.251987,0.427671,0.296321,0.459979,False,True
4.26,-0.0390636,0.615798,-0.106262,0.10071,0.0785585,0.0889221,-0.638609,0.0663294,2.98801,1.2791,-2.02934,0.326794,-0.640488,1.96301,0.298407,-0.10071,-0.0785585,0.0531391,0.0390636,-0.615798,-2.43174,0.0914442,0.0887883,-16.9779,-0.562322,0.214172,-2.56695,0.986632,0.0284488,-27.3265,-0.424311,-0.24262,2.29871,-0.0914442,-0.0887883,-0.668076,0.177877,0.119305,1.9128,2.02304,0.252007,0.427973,0.296321,0.459979,False,True
4.265,-0.0360246,0.598926,-0.164149,0.101032,0.0509216,0.0610013,-0.637927,0.204608,2.80253,1.26841,-2.23899,0.478491,-0.63048,2.03438,0.24584,-0.101032,-0.0509216,0.0498156,0.0360246,-0.598926,-2.23077,0.0918683,0.0807688,-17.041,-0.561261,0.209695,-2.42999,0.986776,0.0290256,-27.3715,-0.425515,-0.23872,2.34715,-0.0918683,-0.0807688,-0.664689,0.150905,0.0939315,2.00519,2.07602,0.252019,0.428253,0.296321,0.459979,False,True
4.27,-0.0330743,0.580348,-0.219799,0.10122,0.0248753,0.0481839,-0.636563,0.338008,2.55959,1.25671,-2.43147,0.640323,-0.620144,2.09346,0.190556,-0.10122,-0.0248753,0.0461674,0.0330743,-0.580348,-2.01543,0.0922519,0.0725908,-17.1461,-0.560225,0.204826,-2.23036,0.986923,0.0296558,-27.4054,-0.426698,-0.234482,2.40324,-0.0922519,-0.0725908,-0.66425,0.122379,0.0674029,2.08397,2.11769,0.252023,0.428512,0.296321,0.459979,False,True
4.275,-0.0302211,0.560154,-0.272939,0.101281,0.000584028,0.0502666,-0.634546,0.465112,2.25867,1.24409,-2.6049,0.810708,-0.609545,2.13979,0.132734,-0.101281,-0.000584028,0.0422746,0.0302211,-0.560154,-1.7858,0.0925942,0.0642397,-17.2928,-0.559213,0.19956,-1.96772,0.987072,0.030346,-27.4268,-0.427859,-0.229906,2.46663,-0.0925942,-0.0642397,-0.66678,0.0924282,0.0397696,2.14854,2.14769,0.252018,0.428751,0.296321,0.459979,False,True
4.28,-0.0274728,0.538448,-0.32334,0.101225,-0.0218291,0.0669107,-0.631912,0.584495,1.89984,1.23066,-2.75739,0.987945,-0.598746,2.1729,0.0725508,-0.101225,0.0218291,0.0382184,0.0274728,-0.538448,-1.54202,0.0928943,0.0557023,-17.4798,-0.558229,0.193894,-1.64225,0.987226,0.0311023,-27.4343,-0.428997,-0.224997,2.53693,-0.0928943,-0.0557023,-0.672295,0.0611778,0.0110768,2.19837,2.16564,0.252005,0.428969,0.296321,0.459979,False,True
4.285,-0.0248366,0.515342,-0.370815,0.101063,-0.0422816,0.0976321,-0.628701,0.694753,1.48385,1.21652,-2.88713,1.17023,-0.587816,2.19238,0.0101879,-0.101063,0.0422816,0.0340786,0.0248366,-0.515342,-1.2844,0.0931512,0.0469672,-17.7053,-0.557274,0.187827,-1.25471,0.987383,0.0319298,-27.4265,-0.430109,-0.219757,2.61378,-0.0931512,-0.0469672,-0.680804,0.0287597,-0.0186271,2.23298,2.1712,0.251983,0.429167,0.296321,0.459979,False,True
4.29,-0.0223194,0.490957,-0.415222,0.100803,-0.0607314,0.14179,-0.624964,0.794511,1.01222,1.20179,-2.99234,1.35568,-0.576823,2.19783,-0.0541491,-0.100803,0.0607314,0.0299324,0.0223194,-0.490957,-1.01348,0.0933639,0.0380246,-17.967,-0.556351,0.181357,-0.806568,0.987545,0.0328324,-27.4016,-0.431195,-0.21419,2.69683,-0.0933639,-0.0380246,-0.692317,-0.00468307,-0.0492821,2.25196,2.164,0.251952,0.429347,0.296321,0.459979,False,True
4.295,-0.0199271,0.465425,-0.456457,0.100455,-0.0771746,0.198573,-0.620756,0.882447,0.487395,1.18659,-3.07135,1.54232,-0.565838,2.1889,-0.120212,-0.100455,0.0771746,0.0258525,0.0199271,-0.465425,-0.730071,0.0935314,0.0288669,-18.2617,-0.555461,0.174488,-0.300127,0.987712,0.0338131,-27.3584,-0.432251,-0.208301,2.78577,-0.0935314,-0.0288669,-0.706835,-0.038988,-0.0808047,2.25496,2.14369,0.251911,0.429508,0.296321,0.459979,False,True
4.3,-0.0176651,0.438887,-0.494449,0.100031,-0.0916433,0.266988,-0.61614,0.957318,-0.0871635,1.17107,-3.12261,1.7281,-0.554934,2.16529,-0.187687,-0.100031,0.0916433,0.0219063,0.0176651,-0.438887,-0.435418,0.0936526,0.0194889,-18.5854,-0.554606,0.167221,0.26128,0.987883,0.0348732,-27.2955,-0.433278,-0.202094,2.88033,-0.0936526,-0.0194889,-0.724345,-0.0739625,-0.113075,2.24172,2.10997,0.25186,0.429651,0.296321,0.459979,False,True
4.305,-0.0155382,0.411494,-0.529138,0.0995388,-0.104202,0.345852,-0.611183,1.01798,-0.706754,1.15537,-3.14474,1.91089,-0.544185,2.12675,-0.256168,-0.0995388,0.104202,0.0181544,0.0155382,-0.411494,-0.131284,0.0937263,0.00988788,-18.9336,-0.553788,0.159563,0.873091,0.988061,0.036013,-27.2118,-0.434272,-0.195576,2.98029,-0.0937263,-0.00988788,-0.7448,-0.109372,-0.145926,2.21205,2.06254,0.251798,0.429778,0.296321,0.459979,False,True
4.31,-0.0135502,0.383408,-0.560457,0.0989888,-0.114946,0.433783,-0.60596,1.06344,-1.36525,1.13963,-3.13658,2.08848,-0.533666,2.07314,-0.325134,-0.0989888,0.114946,0.0146508,0.0135502,-0.383408,0.179902,0.0937515,6.36535e-05,-19.301,-0.55301,0.151524,1.52926,0.988244,0.0372309,-27.1068,-0.435233,-0.188755,3.0854,-0.0937515,-6.36535e-05,-0.768104,-0.144929,-0.179123,2.16589,2.00121,0.251724,0.42989,0.296321,0.459979,False,True
4.315,-0.0117041,0.354797,-0.588304,0.0983894,-0.123995,0.52921,-0.600549,1.09285,-2.05491,1.124,-3.09727,2.25858,-0.523453,2.00441,-0.393915,-0.0983894,0.123995,0.0114423,0.0117041,-0.354797,0.494912,0.093727,-0.00998108,-19.6815,-0.552273,0.143114,2.22201,0.988433,0.0385245,-26.9807,-0.43616,-0.181638,3.19538,-0.093727,0.00998108,-0.794086,-0.180276,-0.212357,2.10331,1.92588,0.251637,0.429987,0.296321,0.459979,False,True
4.32,-0.0100022,0.325843,-0.612505,0.0977488,-0.131493,0.630383,-0.595031,1.10561,-2.76613,1.10865,-3.02632,2.41877,-0.513622,1.92071,-0.461667,-0.0977488,0.131493,0.00856846,0.0100022,-0.325843,0.809582,0.0936517,-0.0202407,-20.0684,-0.551579,0.134351,2.94155,0.988629,0.0398896,-26.8342,-0.43705,-0.17424,3.30976,-0.0936517,0.0202407,-0.822463,-0.214976,-0.245224,2.02456,1.83658,0.251537,0.43007,0.296321,0.459979,False,True
4.325,-0.00844567,0.296736,-0.63279,0.0970744,-0.1376,0.735393,-0.589493,1.10133,-3.48731,1.09374,-2.9237,2.56653,-0.504246,1.82237,-0.527353,-0.0970744,0.1376,0.00606199,0.00844567,-0.296736,1.1187,0.0935246,-0.0307068,-20.4544,-0.55093,0.125256,3.67587,0.988832,0.0413213,-26.6692,-0.437902,-0.166578,3.42788,-0.0935246,0.0307068,-0.852816,-0.248498,-0.277217,1.9301,1.73355,0.251423,0.43014,0.296321,0.459979,False,True
4.33,-0.00703483,0.267675,-0.648754,0.0963728,-0.142494,0.842217,-0.584018,1.07998,-4.20471,1.07942,-2.78995,2.69917,-0.495398,1.70997,-0.589718,-0.0963728,0.142494,0.0039492,0.00703483,-0.267675,1.41592,0.0933446,-0.0413676,-20.8315,-0.550327,0.115859,4.41054,0.989042,0.0428134,-26.4888,-0.438715,-0.158673,3.54868,-0.0933446,0.0413676,-0.88455,-0.280212,-0.307717,1.82067,1.61728,0.251293,0.4302,0.296321,0.459979,False,True
4.335,-0.00576892,0.23887,-0.659832,0.0956495,-0.146363,0.948764,-0.578693,1.04186,-4.90243,1.06584,-2.62627,2.81388,-0.487147,1.58442,-0.647289,-0.0956495,0.146363,0.00225047,0.00576892,-0.23887,1.69374,0.0931109,-0.0522084,-21.1912,-0.549771,0.106196,5.12869,0.98926,0.0443594,-26.2971,-0.439489,-0.150555,3.67069,-0.0931109,0.0522084,-0.91687,-0.309383,-0.335989,1.69731,1.48853,0.251147,0.430249,0.296321,0.459979,False,True
4.34,-0.00464613,0.21054,-0.665286,0.0949092,-0.149405,1.05294,-0.5736,0.98767,-5.56253,1.05315,-2.43464,2.90764,-0.479554,1.44697,-0.698379,-0.0949092,0.149405,0.000980966,0.00464613,-0.21054,1.94356,0.0928225,-0.0632113,-21.525,-0.549265,0.0963113,5.81108,0.989486,0.045952,-26.0998,-0.440221,-0.142263,3.79192,-0.0928225,0.0632113,-0.948755,-0.335172,-0.361186,1.56144,1.34843,0.250985,0.430289,0.296321,0.459979,False,True
4.345,-0.00366353,0.182913,-0.664197,0.0941555,-0.151824,1.15271,-0.568816,0.918585,-6.16528,1.04149,-2.21788,2.97728,-0.472677,1.29929,-0.741106,-0.0941555,0.151824,0.000151331,0.00366353,-0.182913,2.15578,0.0924788,-0.0743551,-21.8239,-0.548808,0.0862618,6.43637,0.989719,0.0475842,-25.9035,-0.440911,-0.133846,3.90984,-0.0924788,0.0743551,-0.978956,-0.356649,-0.382361,1.41488,1.19854,0.250804,0.430321,0.296321,0.459979,False,True
4.35,-0.002817,0.156229,-0.655478,0.0933909,-0.153829,1.2462,-0.564414,0.836256,-6.68961,1.03097,-1.97978,3.01945,-0.466561,1.14352,-0.773434,-0.0933909,0.153829,-0.000231611,0.002817,-0.156229,2.3201,0.092079,-0.0856155,-22.079,-0.548402,0.0761145,6.98165,0.989961,0.0492487,-25.7159,-0.441559,-0.125363,4.02139,-0.092079,0.0856155,-1.00601,-0.372813,-0.398483,1.25994,1.04083,0.250605,0.430345,0.296321,0.459979,False,True
4.355,-0.00210123,0.130736,-0.637901,0.0926172,-0.155631,1.33176,-0.560454,0.742852,-7.11371,1.0217,-1.72512,3.03065,-0.461242,0.982267,-0.793227,-0.0926172,0.155631,-0.00016419,0.00210123,-0.130736,2.42577,0.0916226,-0.0969643,-22.2816,-0.548047,0.0659488,7.42302,0.990212,0.050939,-25.5453,-0.442165,-0.116888,4.12296,-0.0916226,0.0969643,-1.02827,-0.382611,-0.40847,1.09938,0.877794,0.250386,0.430364,0.296321,0.459979,False,True
4.36,-0.00150964,0.106692,-0.610142,0.0918346,-0.157441,1.40803,-0.556985,0.641064,-7.41577,1.01372,-1.45971,3.00724,-0.456739,0.818642,-0.798314,-0.0918346,0.157441,0.000354643,0.00150964,-0.106692,2.4621,0.0911093,-0.10837,-22.4235,-0.547742,0.0558568,7.73646,0.990471,0.052649,-25.4004,-0.442728,-0.108506,4.21024,-0.0911093,0.10837,-1.04405,-0.384981,-0.41122,0.936476,0.712398,0.250148,0.430376,0.296321,0.459979,False,True
4.365,-0.00103431,0.0843652,-0.570837,0.0910428,-0.159468,1.47402,-0.554043,0.534094,-7.57474,1.0071,-1.19036,2.94548,-0.453055,0.656262,-0.786569,-0.0910428,0.159468,0.00132361,0.00103431,-0.0843652,2.41893,0.0905389,-0.119797,-22.4971,-0.547488,0.0459435,7.89848,0.990738,0.0543733,-25.2901,-0.44325,-0.100317,4.2778,-0.0905389,0.119797,-1.05178,-0.37888,-0.40565,0.775015,0.548124,0.249889,0.430383,0.296321,0.459979,False,True
4.37,-0.000665988,0.0640328,-0.518645,0.09024,-0.161921,1.52911,-0.551644,0.425626,-7.57107,1.00182,-0.924844,2.84154,-0.450176,0.499219,-0.755975,-0.09024,0.161921,0.00273903,0.000665988,-0.0640328,2.28725,0.0899114,-0.131205,-22.4954,-0.547283,0.0363272,7.88674,0.991015,0.0561077,-25.2241,-0.443732,-0.0924349,4.31791,-0.0899114,0.131205,-1.05039,-0.363324,-0.390731,0.619246,0.388928,0.24961,0.430385,0.296321,0.459979,False,True
4.375,-0.000393984,0.0459825,-0.452326,0.0894236,-0.165004,1.57305,-0.549787,0.319783,-7.38728,0.99785,-0.671827,2.6915,-0.448063,0.352045,-0.70469,-0.0894236,0.165004,0.004594,0.000393984,-0.0459825,2.05985,0.0892269,-0.142549,-22.4125,-0.547125,0.0271407,7.68011,0.991299,0.0578491,-25.2133,-0.444174,-0.0849897,4.31828,-0.0892269,0.142549,-1.04003,-0.337418,-0.365519,0.473858,0.239211,0.249309,0.430382,0.296321,0.459979,False,True
4.38,-0.000206162,0.0305114,-0.370815,0.0885899,-0.168914,1.6059,-0.548446,0.22108,-7.00823,0.995102,-0.440738,2.49136,-0.446655,0.219657,-0.631087,-0.0885899,0.168914,0.0068766,0.000206162,-0.0305114,1.73218,0.0884859,-0.153775,-22.2434,-0.547012,0.0185345,7.25802,0.991593,0.0595963,-25.2727,-0.444581,-0.0781308,4.25773,-0.0884859,0.153775,-1.02323,-0.300373,-0.329175,0.343924,0.103761,0.248988,0.430374,0.296321,0.459979,False,True
4.385,-8.88707e-05,0.0179262,-0.273316,0.0877344,-0.173842,1.62793,-0.547576,0.134376,-6.42106,0.993442,-0.241679,2.23696,-0.445866,0.107304,-0.533766,-0.0877344,0.173842,0.00956616,8.88707e-05,-0.0179262,1.30349,0.0876891,-0.164821,-21.9848,-0.54694,0.0106842,6.59859,0.991895,0.061351,-25.4257,-0.444956,-0.0720352,4.09865,-0.0876891,0.164821,-1.00714,-0.251523,-0.280969,0.234838,-0.0122969,0.248646,0.43036,0.296321,0.459979,False,True
4.39,-2.69003e-05,0.00854363,-0.159416,0.0868515,-0.179961,1.63938,-0.547103,0.0648408,-5.61468,0.992685,-0.0853385,1.92392,-0.445582,0.0204977,-0.411546,-0.0868515,0.179961,0.0126263,2.69003e-05,-0.00854363,0.778288,0.0868377,-0.175608,-21.6352,-0.546905,0.00380519,5.67534,0.992207,0.063119,-25.7112,-0.445302,-0.0669242,3.77511,-0.0868377,0.175608,-1.00763,-0.190314,-0.220271,0.152248,-0.103561,0.248283,0.430339,0.296321,0.459979,False,True
4.395,-3.43439e-06,0.00269003,-0.0359798,0.0859348,-0.187419,1.63993,-0.546928,0.0179683,-4.63915,0.992589,0.0170623,1.5683,-0.445661,-0.0350306,-0.271475,-0.0859348,0.187419,0.0157882,3.43439e-06,-0.00269003,0.195819,0.085933,-0.186035,-21.2272,-0.546902,-0.00182189,4.53289,0.992527,0.0649136,-26.1421,-0.445625,-0.0630918,3.25368,-0.085933,0.186035,-1.0817,-0.120341,-0.150514,0.102002,-0.164397,0.247901,0.43031,0.296321,0.459979,False,True
4.4,-3.17448e-18,0.000343439,0.0576841,0.0849773,-0.19615,1.42074,-0.546923,-0.00341986,-3.73908,0.992856,0.0604832,1.00166,-0.445933,-0.0570633,-0.126846,-0.0849773,0.19615,0.00811871,-3.17448e-18,-0.000343439,-0.269408,0.0849773,-0.195972,-20.2841,-0.546923,-0.00601342,3.48787,0.992856,0.066722,-26.2589,-0.445933,-0.0607086,2.76191,-0.0849773,0.195972,-0.960138,-0.0557304,-0.0708326,0.0862647,-0.192543,0.247499,0.430273,0.296321,0.459979,True,True
4.405,-3.17448e-18,-3.85186e-32,0.0842449,0.0839733,-0.205305,1.04559,-0.546962,-0.00932286,-3.25212,0.993194,0.0683899,0.374306,-0.446232,-0.059067,-0.0267433,-0.0839733,0.205305,-0.0078087,-3.17448e-18,-3.85186e-32,-0.460111,0.0839733,-0.205305,-19.1225,-0.546962,-0.00932286,2.95657,0.993194,0.0683899,-25.9027,-0.446232,-0.059067,2.599,-0.0839733,0.205305,-0.883768,-0.0184514,-0.00823188,0.0909106,-0.200915,0.247079,0.430226,0.291707,0.45788,True,True
4.41,-3.17448e-18,0,0.0699996,0.0829243,-0.213945,0.567266,-0.547016,-0.012426,-3.03211,0.99354,0.0697511,-0.334238,-0.446523,-0.0573251,0.0535012,-0.0829243,0.213945,-0.0281022,-3.17448e-18,0,-0.461465,0.0829243,-0.213945,-17.7519,-0.547016,-0.012426,2.74555,0.99354,0.0697511,-25.223,-0.446523,-0.0573251,2.58673,-0.0829243,0.213945,-0.790569,0.00616841,0.0472232,0.0989272,-0.205185,0.246643,0.43017,0.287093,0.455781,True,True
4.415,-3.17448e-18,3.85186e-32,0.0500532,0.0818339,-0.221812,0.0915436,-0.547086,-0.0153693,-2.85248,0.993891,0.0707778,-1.10082,-0.446805,-0.0554085,0.129934,-0.0818339,0.221812,-0.0464526,-3.17448e-18,3.85186e-32,-0.415238,0.0818339,-0.221812,-16.3151,-0.547086,-0.0153693,2.55881,0.993891,0.0707778,-24.5072,-0.446805,-0.0554085,2.49049,-0.0818339,0.221812,-0.692805,0.0303397,0.0993318,0.106548,-0.208753,0.246191,0.430105,0.282479,0.453682,True,True
4.42,-3.17448e-18,0,0.0323899,0.0807061,-0.228867,-0.340692,-0.54717,-0.018071,-2.67166,0.994247,0.0714835,-1.90098,-0.447077,-0.0534125,0.197619,-0.0807061,0.228867,-0.0606496,-3.17448e-18,0,-0.360513,0.0807061,-0.228867,-14.8901,-0.54717,-0.018071,2.34993,0.994247,0.0714835,-23.8106,-0.447077,-0.0534125,2.31201,-0.0807061,0.228867,-0.596622,0.0532209,0.144007,0.113649,-0.211687,0.245726,0.430031,0.277865,0.451583,True,True
4.425,-3.17448e-18,0,0.0178072,0.0795452,-0.235097,-0.7162,-0.547267,-0.0204888,-2.4935,0.994606,0.0718848,-2.71833,-0.447339,-0.0513959,0.252528,-0.0795452,0.235097,-0.0701043,-3.17448e-18,0,-0.305105,0.0795452,-0.235097,-13.5122,-0.547267,-0.0204888,2.13184,0.994606,0.0718848,-23.126,-0.447339,-0.0513959,2.09503,-0.0795452,0.235097,-0.504606,0.0732671,0.178774,0.120161,-0.214036,0.245248,0.429949,0.273251,0.449484,True,True
4.43,-3.17448e-18,0,0.00635183,0.0783552,-0.2405,-1.03045,-0.547375,-0.0226048,-2.31942,0.994966,0.0719984,-3.54496,-0.447591,-0.0493936,0.293607,-0.0783552,0.2405,-0.0746865,-3.17448e-18,0,-0.252947,0.0783552,-0.2405,-12.1958,-0.547375,-0.0226048,1.91161,0.994966,0.0719984,-22.4468,-0.447591,-0.0493936,1.86506,-0.0783552,0.2405,-0.417768,0.0900507,0.203006,0.126052,-0.215833,0.244761,0.42986,0.268637,0.447385,True,True
4.435,-3.17448e-18,0,-0.00224537,0.0771402,-0.245083,-1.28278,-0.547493,-0.024415,-2.14962,0.995326,0.0718411,-4.3778,-0.447833,-0.0474261,0.321164,-0.0771402,0.245083,-0.0744387,-3.17448e-18,0,-0.205742,0.0771402,-0.245083,-10.9449,-0.547493,-0.024415,1.69269,0.995326,0.0718411,-21.7678,-0.447833,-0.0474261,1.63593,-0.0771402,0.245083,-0.336338,0.103682,0.216898,0.131303,-0.217102,0.244264,0.429764,0.264023,0.445286,True,True
4.44,-3.17448e-18,-3.85186e-32,-0.00834834,0.0759043,-0.24885,-1.47391,-0.547619,-0.0259229,-1.98372,0.995685,0.0714289,-5.2165,-0.448066,-0.0455059,0.335958,-0.0759043,0.24885,-0.069434,-3.17448e-18,-3.85186e-32,-0.164026,0.0759043,-0.24885,-9.75881,-0.547619,-0.0259229,1.47651,0.995685,0.0714289,-21.0848,-0.448066,-0.0455059,1.41469,-0.0759043,0.24885,-0.260193,0.114469,0.220896,0.135908,-0.217859,0.24376,0.429663,0.259409,0.443187,True,True
4.445,-3.17448e-18,0,-0.0123184,0.0746517,-0.251806,-1.60472,-0.547752,-0.027136,-1.82113,0.99604,0.070777,-6.06209,-0.448288,-0.0436411,0.338738,-0.0746517,0.251806,-0.0597132,-3.17448e-18,0,-0.127779,0.0746517,-0.251806,-8.63486,-0.547752,-0.027136,1.26341,0.99604,0.070777,-20.3944,-0.448288,-0.0436411,1.20452,-0.0746517,0.251806,-0.189092,0.122738,0.215419,0.139863,-0.218112,0.243251,0.429556,0.254795,0.441088,True,True
4.45,-3.17448e-18,3.85186e-32,-0.0144818,0.0733863,-0.253952,-1.67565,-0.54789,-0.028063,-1.66129,0.996392,0.0699004,-6.91623,-0.448502,-0.0418374,0.330045,-0.0733863,0.253952,-0.0452653,-3.17448e-18,3.85186e-32,-0.0967456,0.0733863,-0.253952,-7.5704,-0.54789,-0.028063,1.05319,0.996392,0.0699004,-19.6941,-0.448502,-0.0418374,1.00659,-0.0733863,0.253952,-0.122799,0.128752,0.200744,0.143163,-0.217869,0.242737,0.429445,0.250181,0.438989,True,True
4.455,-3.17448e-18,0,-0.0151281,0.0721122,-0.255286,-1.68661,-0.548033,-0.0287134,-1.50371,0.996739,0.0688134,-7.78041,-0.448707,-0.0400999,0.310174,-0.0721122,0.255286,-0.026035,-3.17448e-18,0,-0.0706082,0.0721122,-0.255286,-6.56359,-0.548033,-0.0287134,0.845505,0.996739,0.0688134,-18.9821,-0.448707,-0.0400999,0.821096,-0.0721122,0.255286,-0.0611503,0.132684,0.17699,0.145803,-0.217131,0.24222,0.42933,0.245567,0.43689,True,True
4.46,-3.17448e-18,0,-0.0145229,0.0708334,-0.255807,-1.63713,-0.548177,-0.0290964,-1.34822,0.997081,0.0675301,-8.65518,-0.448903,-0.0384337,0.279232,-0.0708334,0.255807,-0.00195923,-3.17448e-18,0,-0.0490634,0.0708334,-0.255807,-5.6142,-0.548177,-0.0290964,0.640167,0.997081,0.0675301,-18.2577,-0.448903,-0.0384337,0.647969,-0.0708334,0.255807,-0.00410574,0.134623,0.144173,0.147778,-0.215902,0.241703,0.429213,0.240953,0.434791,True,True
4.465,-3.17448e-18,-3.85186e-32,-0.0129265,0.0695541,-0.25551,-1.52693,-0.548324,-0.0292211,-1.19507,0.997415,0.0660648,-9.53882,-0.449091,-0.0368437,0.237302,-0.0695541,0.25551,0.0269524,-3.17448e-18,-3.85186e-32,-0.03185,0.0695541,-0.25551,-4.72445,-0.548324,-0.0292211,0.43747,0.997415,0.0660648,-17.5225,-0.449091,-0.0368437,0.487323,-0.0695541,0.25551,0.0482047,0.134592,0.102349,0.14908,-0.214183,0.241185,0.429093,0.236339,0.432692,True,True
4.47,-3.17448e-18,0,-0.0106158,0.0682783,-0.254396,-1.35714,-0.54847,-0.0290975,-1.04528,0.997741,0.0644328,-10.4251,-0.449272,-0.0353353,0.184753,-0.0682783,0.254396,0.0604544,-3.17448e-18,0,-0.0187395,0.0682783,-0.254396,-3.90001,-0.54847,-0.0290975,0.238678,0.997741,0.0644328,-16.7821,-0.449272,-0.0353353,0.339821,-0.0682783,0.254396,0.0954282,0.132592,0.0518869,0.149707,-0.211978,0.24067,0.428972,0.231725,0.430593,True,True
4.475,-3.17448e-18,3.85186e-32,-0.00790439,0.0670101,-0.252474,-1.13282,-0.548615,-0.0287376,-0.901146,0.998059,0.0626508,-11.2993,-0.449445,-0.0339132,0.122845,-0.0670101,0.252474,0.0977586,-3.17448e-18,3.85186e-32,-0.00948887,0.0670101,-0.252474,-3.15146,-0.548615,-0.0287376,0.0467714,0.998059,0.0626508,-16.049,-0.449445,-0.0339132,0.207019,-0.0670101,0.252474,0.136931,0.128675,-0.00601071,0.14966,-0.209298,0.240159,0.42885,0.227111,0.428494,True,True
4.48,-3.17448e-18,0,-0.00515261,0.0657536,-0.249773,-0.867502,-0.548757,-0.0281584,-0.767126,0.998368,0.0607395,-12.132,-0.449611,-0.0325812,0.0547728,-0.0657536,0.249773,0.136986,-3.17448e-18,0,-0.00375095,0.0657536,-0.249773,-2.49626,-0.548757,-0.0281584,-0.132331,0.998368,0.0607395,-15.3486,-0.449611,-0.0325812,0.0917638,-0.0657536,0.249773,0.171735,0.123072,-0.0683843,0.148957,-0.206164,0.239652,0.428729,0.222498,0.426395,True,True
4.485,-3.17448e-18,0,-0.00275377,0.0645124,-0.246358,-0.590784,-0.548896,-0.0273866,-0.651205,0.998666,0.0587261,-12.8685,-0.44977,-0.0313396,-0.012592,-0.0645124,0.246358,0.174266,-3.17448e-18,0,-0.0009426,0.0645124,-0.246358,-1.9618,-0.548896,-0.0273866,-0.287813,0.998666,0.0587261,-14.7278,-0.44977,-0.0313396,-0.001241,-0.0645124,0.246358,0.198424,0.116411,-0.129001,0.147648,-0.202623,0.239152,0.428608,0.217884,0.424295,True,True
4.49,-3.17448e-18,0,-0.00104732,0.06329,-0.242365,-0.35225,-0.549031,-0.0264667,-0.564701,0.998955,0.0566494,-13.4282,-0.449924,-0.0301828,-0.0679377,-0.06329,0.242365,0.203428,-3.17448e-18,0,-0.000109718,0.06329,-0.242365,-1.58121,-0.549031,-0.0264667,-0.404158,0.998955,0.0566494,-14.2555,-0.449924,-0.0301828,-0.0662104,-0.06329,0.242365,0.215475,0.109881,-0.177749,0.145837,-0.198761,0.238659,0.428489,0.21327,0.422196,True,True
4.495,-3.17448e-18,0,-0.000104707,0.0620888,-0.238016,-0.193261,-0.549161,-0.0254648,-0.513375,0.999233,0.0545615,-13.7647,-0.450072,-0.0290967,-0.102436,-0.0620888,0.238016,0.21994,-3.17448e-18,0,-0.000111254,0.0620888,-0.238016,-1.35925,-0.549161,-0.0254648,-0.473254,0.999233,0.0545615,-13.9722,-0.450072,-0.0290967,-0.102489,-0.0620888,0.238016,0.223132,0.104618,-0.206946,0.143699,-0.194719,0.238176,0.428371,0.21327,0.422196,True,True
4.5,-3.17448e-18,0,0.000297544,0.0609098,-0.233532,-0.110371,-0.549286,-0.0244444,-0.489969,0.999501,0.0525095,-13.9196,-0.450215,-0.0280651,-0.118062,-0.0609098,0.233532,0.225349,-3.17448e-18,0,-0.00023125,0.0609098,-0.233532,-1.25337,-0.549286,-0.0244444,-0.50474,0.999501,0.0525095,-13.843,-0.450215,-0.0280651,-0.117964,-0.0609098,0.233532,0.224157,0.100758,-0.218698,0.141413,-0.190634,0.237701,0.428256,0.21327,0.422196,True,True
4.505,-3.17448e-18,0,0.000420694,0.0597534,-0.229049,-0.0739554,-0.549405,-0.0234424,-0.482366,0.999758,0.0505194,-13.971,-0.450353,-0.027077,-0.122587,-0.0597534,0.229049,0.224271,-3.17448e-18,0,-0.000286295,0.0597534,-0.229049,-1.21049,-0.549405,-0.0234424,-0.514987,0.999758,0.0505194,-13.802,-0.450353,-0.027077,-0.122322,-0.0597534,0.229049,0.221658,0.0977591,-0.220224,0.139086,-0.186589,0.237236,0.428143,0.21327,0.422196,True,True
4.51,-3.17448e-18,0,0.000419367,0.0586193,-0.224631,-0.0604609,-0.54952,-0.022476,-0.482317,1.00001,0.0486022,-13.9731,-0.450486,-0.0261262,-0.121877,-0.0586193,0.224631,0.220124,-3.17448e-18,0,-0.000288029,0.0586193,-0.224631,-1.19713,-0.54952,-0.022476,-0.515156,1.00001,0.0486022,-13.8031,-0.450486,-0.0261262,-0.12162,-0.0586193,0.224631,0.217544,0.095163,-0.216922,0.136774,-0.182624,0.236779,0.428032,0.21327,0.422196,True,True
4.515,-3.17448e-18,0,0.000371146,0.0575071,-0.220309,-0.0563896,-0.54963,-0.0215511,-0.485323,1.00024,0.0467605,-13.9555,-0.450614,-0.0252093,-0.119185,-0.0575071,0.220309,0.214811,-3.17448e-18,0,-0.000267821,0.0575071,-0.220309,-1.19564,-0.54963,-0.0215511,-0.511311,1.00024,0.0467605,-13.821,-0.450614,-0.0252093,-0.119007,-0.0575071,0.220309,0.212817,0.0927176,-0.211792,0.1345,-0.178755,0.236332,0.427923,0.21327,0.422196,True,True
4.52,-3.17448e-18,0,0.000313554,0.0564163,-0.216089,-0.054727,-0.549736,-0.0206686,-0.48907,1.00047,0.0449929,-13.9334,-0.450738,-0.0243243,-0.116148,-0.0564163,0.216089,0.2093,-3.17448e-18,0,-0.00024411,0.0564163,-0.216089,-1.19708,-0.549736,-0.0206686,-0.506548,1.00047,0.0449929,-13.843,-0.450738,-0.0243243,-0.116047,-0.0564163,0.216089,0.207993,0.0903042,-0.206348,0.132271,-0.174986,0.235893,0.427816,0.21327,0.422196,True,True
4.525,-3.17448e-18,0,0.000262909,0.0553462,-0.21197,-0.0522436,-0.549837,-0.0198265,-0.492487,1.00069,0.0432963,-13.9135,-0.450857,-0.0234698,-0.113482,-0.0553462,0.21197,0.204028,-3.17448e-18,0,-0.000224135,0.0553462,-0.21197,-1.19735,-0.549837,-0.0198265,-0.502282,1.00069,0.0432963,-13.8629,-0.450857,-0.0234698,-0.113435,-0.0553462,0.21197,0.203314,0.0878785,-0.201263,0.130089,-0.171315,0.235462,0.427711,0.21327,0.422196,True,True
4.53,-3.17448e-18,0,0.000224537,0.0542965,-0.207947,-0.0477669,-0.549934,-0.0190221,-0.495177,1.00091,0.0416673,-13.8986,-0.450973,-0.0226452,-0.111421,-0.0542965,0.207947,0.199147,-3.17448e-18,0,-0.000209456,0.0542965,-0.207947,-1.19498,-0.549934,-0.0190221,-0.499024,1.00091,0.0416673,-13.8787,-0.450973,-0.0226452,-0.111405,-0.0542965,0.207947,0.198873,0.0854328,-0.196761,0.127948,-0.167737,0.23504,0.427608,0.21327,0.422196,True,True
4.535,-3.17448e-18,0,0.000198471,0.0532668,-0.204012,-0.0411555,-0.550027,-0.0182527,-0.497087,1.00111,0.0401022,-13.8887,-0.451084,-0.0218495,-0.109961,-0.0532668,0.204012,0.194666,-3.17448e-18,0,-0.00019947,0.0532668,-0.204012,-1.18979,-0.550027,-0.0182527,-0.496828,1.00111,0.0401022,-13.89,-0.451084,-0.0218495,-0.109961,-0.0532668,0.204012,0.194684,0.0829756,-0.192848,0.125845,-0.164247,0.234626,0.427507,0.21327,0.422196,True,True
4.54,-3.17448e-18,0,0.000182575,0.0522564,-0.200159,-0.0327232,-0.550116,-0.0175155,-0.498315,1.00131,0.0385976,-13.8832,-0.451191,-0.0210821,-0.109002,-0.0522564,0.200159,0.190536,-3.17448e-18,0,-0.000193041,0.0522564,-0.200159,-1.18218,-0.550116,-0.0175155,-0.495546,1.00131,0.0385976,-13.8975,-0.451191,-0.0210821,-0.10901,-0.0522564,0.200159,0.190725,0.0805202,-0.189437,0.123776,-0.16084,0.23422,0.427408,0.21327,0.422196,True,True
4.545,-3.17448e-18,-3.85186e-32,0.000174167,0.0512652,-0.196383,-0.0229321,-0.550202,-0.0168085,-0.499016,1.0015,0.0371506,-13.8811,-0.451295,-0.0203421,-0.10842,-0.0512652,0.196383,0.18669,-3.17448e-18,-3.85186e-32,-0.000189095,0.0512652,-0.196383,-1.17278,-0.550202,-0.0168085,-0.494965,1.0015,0.0371506,-13.902,-0.451295,-0.0203421,-0.108432,-0.0512652,0.196383,0.18696,0.0780798,-0.186418,0.121738,-0.157511,0.233821,0.42731,0.21327,0.422196,True,True
4.55,-3.17448e-18,0,0.00017077,0.0502926,-0.192681,-0.0122407,-0.550284,-0.0161296,-0.499343,1.00168,0.0357585,-13.8814,-0.451395,-0.0196289,-0.108098,-0.0502926,0.192681,0.18306,-3.17448e-18,0,-0.000186772,0.0502926,-0.192681,-1.16217,-0.550284,-0.0161296,-0.494877,1.00168,0.0357585,-13.9044,-0.451395,-0.0196289,-0.108111,-0.0502926,0.192681,0.183353,0.0756651,-0.183685,0.119729,-0.154257,0.23343,0.427215,0.21327,0.422196,True,True
4.555,-3.17448e-18,0,0.000170401,0.0493384,-0.189048,-0.00103893,-0.550363,-0.0154775,-0.499426,1.00185,0.034419,-13.8831,-0.451491,-0.0189415,-0.107941,-0.0493384,0.189048,0.179593,-3.17448e-18,0,-0.000185431,0.0493384,-0.189048,-1.15087,-0.550363,-0.0154775,-0.495104,1.00185,0.034419,-13.9054,-0.451491,-0.0189415,-0.107953,-0.0493384,0.189048,0.179871,0.0732842,-0.18115,0.117747,-0.151075,0.233046,0.427121,0.21327,0.422196,True,True
4.56,-3.17448e-18,0,0.000171608,0.0484021,-0.185482,0.0103716,-0.550439,-0.0148507,-0.499367,1.00202,0.0331298,-13.8857,-0.451584,-0.0182791,-0.107877,-0.0484021,0.185482,0.176246,-3.17448e-18,0,-0.000184615,0.0484021,-0.185482,-1.13926,-0.550439,-0.0148507,-0.495509,1.00202,0.0331298,-13.9056,-0.451584,-0.0182791,-0.107888,-0.0484021,0.185482,0.176489,0.0709422,-0.178747,0.11579,-0.147963,0.23267,0.427029,0.21327,0.422196,True,True
4.565,-3.17448e-18,3.85186e-32,0.000173409,0.0474835,-0.181982,0.0217741,-0.550512,-0.0142482,-0.49924,1.00219,0.031889,-13.8886,-0.451674,-0.0176408,-0.107857,-0.0474835,0.181982,0.172988,-3.17448e-18,3.85186e-32,-0.00018401,0.0474835,-0.181982,-1.12761,-0.550512,-0.0142482,-0.495995,1.00219,0.031889,-13.9053,-0.451674,-0.0176408,-0.107865,-0.0474835,0.181982,0.173188,0.0686421,-0.176429,0.113859,-0.144918,0.232301,0.426938,0.21327,0.422196,True,True
4.57,-3.17448e-18,-3.85186e-32,0.00017519,0.0465823,-0.178546,0.0330237,-0.550582,-0.013669,-0.499095,1.00234,0.0306947,-13.8916,-0.45176,-0.0170257,-0.107847,-0.0465823,0.178546,0.169799,-3.17448e-18,-3.85186e-32,-0.000183412,0.0465823,-0.178546,-1.11612,-0.550582,-0.013669,-0.496496,1.00234,0.0306947,-13.905,-0.45176,-0.0170257,-0.107854,-0.0465823,0.178546,0.169956,0.0663854,-0.174165,0.111954,-0.14194,0.231939,0.42685,0.21327,0.422196,True,True
4.575,-3.17448e-18,0,0.000176605,0.0456981,-0.175172,0.0440319,-0.550649,-0.0131121,-0.498961,1.00249,0.0295451,-13.8944,-0.451844,-0.016433,-0.10783,-0.0456981,0.175172,0.166665,-3.17448e-18,0,-0.000182699,0.0456981,-0.175172,-1.1049,-0.550649,-0.0131121,-0.496974,1.00249,0.0295451,-13.9047,-0.451844,-0.016433,-0.107835,-0.0456981,0.175172,0.166783,0.0641723,-0.171936,0.110073,-0.139025,0.231584,0.426762,0.21327,0.422196,True,True
4.58,-3.17448e-18,0,0.000177493,0.0448306,-0.171861,0.0547514,-0.550713,-0.0125768,-0.498857,1.00264,0.0284387,-13.897,-0.451925,-0.0158618,-0.107794,-0.0448306,0.171861,0.16358,-3.17448e-18,0,-0.000181806,0.0448306,-0.171861,-1.09399,-0.550713,-0.0125768,-0.497406,1.00264,0.0284387,-13.9045,-0.451925,-0.0158618,-0.107798,-0.0448306,0.171861,0.163664,0.0620023,-0.169733,0.108218,-0.136173,0.231235,0.426677,0.21327,0.422196,True,True
4.585,-3.17448e-18,0,0.000177812,0.0439795,-0.16861,0.065164,-0.550774,-0.0120623,-0.49879,1.00278,0.0273737,-13.8993,-0.452003,-0.0153114,-0.107738,-0.0439795,0.16861,0.160539,-3.17448e-18,0,-0.000180711,0.0439795,-0.16861,-1.08342,-0.550774,-0.0120623,-0.497784,1.00278,0.0273737,-13.9045,-0.452003,-0.0153114,-0.10774,-0.0439795,0.16861,0.160597,0.0598744,-0.167551,0.106387,-0.133382,0.230893,0.426593,0.21327,0.422196,True,True
4.59,-3.17448e-18,3.85186e-32,0.000177587,0.0431445,-0.16542,0.0752697,-0.550833,-0.0115679,-0.49876,1.00291,0.0263487,-13.9013,-0.452078,-0.0147809,-0.107661,-0.0431445,0.16542,0.157542,-3.17448e-18,3.85186e-32,-0.000179413,0.0431445,-0.16542,-1.07319,-0.550833,-0.0115679,-0.498107,1.00291,0.0263487,-13.9047,-0.452078,-0.0147809,-0.107663,-0.0431445,0.16542,0.157579,0.0577874,-0.16539,0.104583,-0.130651,0.230558,0.42651,0.21327,0.422196,True,True
4.595,-3.17448e-18,0,0.000176881,0.0423253,-0.162289,0.0850801,-0.55089,-0.0110927,-0.498766,1.00304,0.0253622,-13.903,-0.45215,-0.0142696,-0.107567,-0.0423253,0.162289,0.154588,-3.17448e-18,0,-0.000177932,0.0423253,-0.162289,-1.06328,-0.55089,-0.0110927,-0.498379,1.00304,0.0253622,-13.905,-0.45215,-0.0142696,-0.107567,-0.0423253,0.162289,0.15461,0.0557403,-0.16325,0.102803,-0.127979,0.230229,0.42643,0.21327,0.422196,True,True
4.6,-3.17448e-18,0,0.000175773,0.0415216,-0.159216,0.0946126,-0.550944,-0.0106361,-0.498802,1.00316,0.0244128,-13.9045,-0.45222,-0.0137767,-0.107458,-0.0415216,0.159216,0.151679,-3.17448e-18,0,-0.000176289,0.0415216,-0.159216,-1.05368,-0.550944,-0.0106361,-0.498606,1.00316,0.0244128,-13.9055,-0.45222,-0.0137767,-0.107458,-0.0415216,0.159216,0.15169,0.0537317,-0.161135,0.101049,-0.125364,0.229907,0.42635,0.21327,0.422196,True,True
4.605,-3.17448e-18,0,0.00017434,0.0407331,-0.1562,0.103887,-0.550996,-0.0101975,-0.498864,1.00328,0.0234991,-13.9058,-0.452288,-0.0133016,-0.107339,-0.0407331,0.1562,0.148815,-3.17448e-18,0,-0.000174512,0.0407331,-0.1562,-1.04435,-0.550996,-0.0101975,-0.498797,1.00328,0.0234991,-13.9061,-0.452288,-0.0133016,-0.107339,-0.0407331,0.1562,0.148819,0.0517605,-0.159047,0.0993198,-0.122806,0.22959,0.426272,0.21327,0.422196,True,True
4.61,-3.17448e-18,0,0.000172656,0.0399596,-0.153241,0.112923,-0.551046,-0.00977615,-0.498946,1.0034,0.0226197,-13.9069,-0.452353,-0.0128436,-0.107213,-0.0399596,0.153241,0.145998,-3.17448e-18,0,-0.000172626,0.0399596,-0.153241,-1.03528,-0.551046,-0.00977615,-0.498957,1.0034,0.0226197,-13.9068,-0.452353,-0.0128436,-0.107213,-0.0399596,0.153241,0.145998,0.0498258,-0.156989,0.0976161,-0.120303,0.229279,0.426196,0.21327,0.422196,True,True
4.615,-3.17448e-18,0,0.000170783,0.0392007,-0.150338,0.121739,-0.551094,-0.00937139,-0.499042,1.00351,0.0217734,-13.9079,-0.452417,-0.0124021,-0.107084,-0.0392007,0.150338,0.143229,-3.17448e-18,0,-0.000170656,0.0392007,-0.150338,-1.02643,-0.551094,-0.00937139,-0.499095,1.00351,0.0217734,-13.9076,-0.452417,-0.0124021,-0.107084,-0.0392007,0.150338,0.143226,0.0479266,-0.154962,0.0959376,-0.117853,0.228975,0.426121,0.21327,0.422196,True,True
4.62,-3.17448e-18,0,0.000168774,0.0384562,-0.147489,0.130351,-0.55114,-0.00898263,-0.499149,1.00362,0.020959,-13.9087,-0.452478,-0.0119764,-0.106955,-0.0384562,0.147489,0.140508,-3.17448e-18,0,-0.00016862,0.0384562,-0.147489,-1.0178,-0.55114,-0.00898263,-0.499215,1.00362,0.020959,-13.9084,-0.452478,-0.0119764,-0.106954,-0.0384562,0.147489,0.140504,0.0460621,-0.15297,0.0942842,-0.115456,0.228676,0.426047,0.21327,0.422196,True,True
4.625,-3.17448e-18,0,0.000166672,0.0377258,-0.144693,0.138774,-0.551184,-0.00860924,-0.499264,1.00372,0.0201752,-13.9095,-0.452536,-0.0115659,-0.106826,-0.0377258,0.144693,0.137835,-3.17448e-18,0,-0.000166537,0.0377258,-0.144693,-1.00937,-0.551184,-0.00860924,-0.499323,1.00372,0.0201752,-13.9092,-0.452536,-0.0115659,-0.106826,-0.0377258,0.144693,0.137832,0.0442316,-0.151012,0.0926556,-0.113111,0.228383,0.425975,0.21327,0.422196,True,True
4.63,-3.17448e-18,0,0.000164508,0.0370093,-0.141951,0.14702,-0.551226,-0.00825064,-0.499382,1.00382,0.0194209,-13.9102,-0.452593,-0.0111702,-0.1067,-0.0370093,0.141951,0.135211,-3.17448e-18,0,-0.00016442,0.0370093,-0.141951,-1.00111,-0.551226,-0.00825064,-0.499421,1.00382,0.0194209,-13.91,-0.452593,-0.0111702,-0.1067,-0.0370093,0.141951,0.135209,0.0424344,-0.149091,0.0910517,-0.110815,0.228095,0.425904,0.21327,0.422196,True,True
4.635,-3.17448e-18,0,0.000162308,0.0363063,-0.13926,0.155098,-0.551266,-0.00790625,-0.499502,1.00391,0.0186949,-13.9109,-0.452648,-0.0107886,-0.106578,-0.0363063,0.13926,0.132636,-3.17448e-18,0,-0.000162281,0.0363063,-0.13926,-0.993026,-0.551266,-0.00790625,-0.499514,1.00391,0.0186949,-13.9108,-0.452648,-0.0107886,-0.106578,-0.0363063,0.13926,0.132636,0.0406698,-0.147206,0.0894723,-0.108569,0.227813,0.425834,0.21327,0.422196,True,True
4.64,-3.17448e-18,-3.85186e-32,0.00016009,0.0356167,-0.13662,0.163018,-0.551305,-0.00757553,-0.499622,1.00401,0.0179962,-13.9115,-0.452701,-0.0104207,-0.10646,-0.0356167,0.13662,0.130109,-3.17448e-18,-3.85186e-32,-0.000160128,0.0356167,-0.13662,-0.9851,-0.551305,-0.00757553,-0.499604,1.00401,0.0179962,-13.9116,-0.452701,-0.0104207,-0.10646,-0.0356167,0.13662,0.13011,0.0389374,-0.145357,0.0879171,-0.106371,0.227537,0.425766,0.21327,0.422196,True,True
4.645,-3.17448e-18,0,0.000157868,0.0349401,-0.134031,0.170785,-0.551342,-0.00725795,-0.49974,1.00409,0.0173239,-13.9121,-0.452752,-0.0100659,-0.106347,-0.0349401,0.134031,0.12763,-3.17448e-18,0,-0.000157967,0.0349401,-0.134031,-0.977327,-0.551342,-0.00725795,-0.499691,1.00409,0.0173239,-13.9124,-0.452752,-0.0100659,-0.106347,-0.0349401,0.134031,0.127633,0.0372365,-0.143545,0.086386,-0.104219,0.227265,0.425699,0.21327,0.422196,True,True
4.65,-3.17448e-18,0,0.000155649,0.0342764,-0.13149,0.178405,-0.551378,-0.00695299,-0.499857,1.00418,0.0166768,-13.9127,-0.452802,-0.00972377,-0.106239,-0.0342764,0.13149,0.125199,-3.17448e-18,0,-0.000155806,0.0342764,-0.13149,-0.969701,-0.551378,-0.00695299,-0.499778,1.00418,0.0166768,-13.9131,-0.452802,-0.00972377,-0.106239,-0.0342764,0.13149,0.125202,0.0355668,-0.141768,0.0848787,-0.102114,0.226999,0.425633,0.21327,0.422196,True,True
4.655,-3.17448e-18,-3.85186e-32,0.000153441,0.0336252,-0.128997,0.185883,-0.551412,-0.00666016,-0.49997,1.00426,0.016054,-13.9133,-0.452849,-0.00939381,-0.106136,-0.0336252,0.128997,0.122814,-3.17448e-18,-3.85186e-32,-0.000153647,0.0336252,-0.128997,-0.962217,-0.551412,-0.00666016,-0.499864,1.00426,0.016054,-13.9138,-0.452849,-0.00939381,-0.106136,-0.0336252,0.128997,0.122818,0.0339276,-0.140028,0.083395,-0.100053,0.226738,0.425568,0.21327,0.422196,True,True
4.66,-3.17448e-18,3.85186e-32,0.000151248,0.0329864,-0.126551,0.193222,-0.551444,-0.006379,-0.500081,1.00434,0.0154546,-13.9139,-0.452896,-0.0090756,-0.106038,-0.0329864,0.126551,0.120474,-3.17448e-18,3.85186e-32,-0.000151494,0.0329864,-0.126551,-0.95487,-0.551444,-0.006379,-0.49995,1.00434,0.0154546,-13.9145,-0.452896,-0.0090756,-0.106038,-0.0329864,0.126551,0.12048,0.0323185,-0.138322,0.0819346,-0.0980356,0.226481,0.425505,0.21327,0.422196,True,True
4.665,-3.17448e-18,3.85186e-32,0.000149073,0.0323597,-0.124151,0.200426,-0.551476,-0.00610903,-0.500189,1.00442,0.0148777,-13.9144,-0.45294,-0.00876871,-0.105945,-0.0323597,0.124151,0.11818,-3.17448e-18,3.85186e-32,-0.00014935,0.0323597,-0.124151,-0.947659,-0.551476,-0.00610903,-0.500037,1.00442,0.0148777,-13.9152,-0.45294,-0.00876871,-0.105945,-0.0323597,0.124151,0.118186,0.030739,-0.13665,0.0804972,-0.0960612,0.22623,0.425442,0.21327,0.422196,True,True
4.67,-3.17448e-18,0,0.000146916,0.0317449,-0.121797,0.207497,-0.551505,-0.00584983,-0.500293,1.00449,0.0143225,-13.9149,-0.452983,-0.00847271,-0.105856,-0.0317449,0.121797,0.115929,-3.17448e-18,0,-0.000147217,0.0317449,-0.121797,-0.94058,-0.551505,-0.00584983,-0.500124,1.00449,0.0143225,-13.9158,-0.452983,-0.00847271,-0.105856,-0.0317449,0.121797,0.115936,0.0291887,-0.135012,0.0790826,-0.0941285,0.225983,0.425381,0.21327,0.422196,True,True
4.675,-3.17448e-18,0,0.00014478,0.0311417,-0.119488,0.214439,-0.551534,-0.00560097,-0.500394,1.00456,0.0137882,-13.9155,-0.453025,-0.00818723,-0.105771,-0.0311417,0.119488,0.113722,-3.17448e-18,0,-0.000145095,0.0311417,-0.119488,-0.93363,-0.551534,-0.00560097,-0.500211,1.00456,0.0137882,-13.9164,-0.453025,-0.00818723,-0.105771,-0.0311417,0.119488,0.11373,0.027667,-0.133407,0.0776905,-0.0922365,0.225742,0.425321,0.21327,0.422196,True,True
4.68,-3.17448e-18,0,0.000142663,0.03055,-0.117222,0.221252,-0.551561,-0.00536206,-0.500492,1.00463,0.0132739,-13.916,-0.453065,-0.00791186,-0.105689,-0.03055,0.117222,0.111558,-3.17448e-18,0,-0.000142988,0.03055,-0.117222,-0.926808,-0.551561,-0.00536206,-0.500299,1.00463,0.0132739,-13.917,-0.453065,-0.00791186,-0.10569,-0.03055,0.117222,0.111566,0.0261735,-0.131833,0.0763207,-0.0903844,0.225504,0.425263,0.21327,0.422196,True,True
4.685,-3.17448e-18,0,0.000140567,0.0299695,-0.114999,0.22794,-0.551588,-0.00513269,-0.500586,1.00469,0.0127789,-13.9165,-0.453104,-0.00764625,-0.105612,-0.0299695,0.114999,0.109435,-3.17448e-18,0,-0.000140895,0.0299695,-0.114999,-0.920112,-0.551588,-0.00513269,-0.500386,1.00469,0.0127789,-13.9175,-0.453104,-0.00764625,-0.105612,-0.0299695,0.114999,0.109443,0.0247078,-0.130291,0.0749728,-0.0885713,0.225272,0.425205,0.21327,0.422196,True,True
4.69,-3.17448e-18,0,0.000138491,0.0294,-0.112818,0.234504,-0.551613,-0.00491251,-0.500678,1.00475,0.0123025,-13.917,-0.453142,-0.00739003,-0.105537,-0.0294,0.112818,0.107353,-3.17448e-18,0,-0.000138818,0.0294,-0.112818,-0.913539,-0.551613,-0.00491251,-0.500474,1.00475,0.0123025,-13.918,-0.453142,-0.00739003,-0.105537,-0.0294,0.112818,0.10736,0.0232694,-0.128779,0.0736467,-0.0867962,0.225043,0.425148,0.21327,0.422196,True,True
4.695,-3.17448e-18,-3.85186e-32,0.000136435,0.0288413,-0.110678,0.240947,-0.551637,-0.00470114,-0.500768,1.00481,0.011844,-13.9174,-0.453178,-0.00714287,-0.105466,-0.0288413,0.110678,0.10531,-3.17448e-18,-3.85186e-32,-0.000136757,0.0288413,-0.110678,-0.907087,-0.551637,-0.00470114,-0.500561,1.00481,0.011844,-13.9185,-0.453178,-0.00714287,-0.105466,-0.0288413,0.110678,0.105318,0.0218578,-0.127297,0.0723421,-0.0850584,0.224819,0.425093,0.21327,0.422196,True,True
4.7,-3.17448e-18,0,0.000134399,0.0282932,-0.108579,0.247269,-0.55166,-0.00449825,-0.500855,1.00487,0.0114027,-13.9179,-0.453213,-0.00690443,-0.105397,-0.0282932,0.108579,0.103307,-3.17448e-18,0,-0.000134714,0.0282932,-0.108579,-0.900755,-0.55166,-0.00449825,-0.500647,1.00487,0.0114027,-13.919,-0.453213,-0.00690443,-0.105397,-0.0282932,0.108579,0.103315,0.0204725,-0.125844,0.0710587,-0.0833569,0.224599,0.425038,0.21327,0.422196,True,True
4.705,-3.17448e-18,3.85186e-32,0.000132383,0.0277555,-0.10652,0.253474,-0.551682,-0.00430351,-0.500939,1.00493,0.0109779,-13.9184,-0.453247,-0.0066744,-0.105331,-0.0277555,0.10652,0.101342,-3.17448e-18,3.85186e-32,-0.000132688,0.0277555,-0.10652,-0.894541,-0.551682,-0.00430351,-0.500732,1.00493,0.0109779,-13.9194,-0.453247,-0.0066744,-0.105331,-0.0277555,0.10652,0.10135,0.0191132,-0.12442,0.0697962,-0.0816909,0.224384,0.424985,0.21327,0.422196,True,True
4.71,-3.17448e-18,0,0.000130387,0.027228,-0.1045,0.259563,-0.551703,-0.00411659,-0.501022,1.00498,0.0105691,-13.9188,-0.45328,-0.00645247,-0.105268,-0.027228,0.1045,0.0994148,-3.17448e-18,0,-0.00013068,0.027228,-0.1045,-0.888443,-0.551703,-0.00411659,-0.500817,1.00498,0.0105691,-13.9199,-0.45328,-0.00645247,-0.105268,-0.027228,0.1045,0.099422,0.0177792,-0.123023,0.0685543,-0.0800597,0.224172,0.424932,0.21327,0.422196,True,True
4.715,-3.17448e-18,-3.85186e-32,0.000128411,0.0267105,-0.102517,0.265538,-0.551723,-0.00393719,-0.501102,1.00503,0.0101755,-13.9192,-0.453312,-0.00623834,-0.105206,-0.0267105,0.102517,0.0975242,-3.17448e-18,-3.85186e-32,-0.000128691,0.0267105,-0.102517,-0.88246,-0.551723,-0.00393719,-0.500901,1.00503,0.0101755,-13.9203,-0.453312,-0.00623834,-0.105206,-0.0267105,0.102517,0.0975311,0.0164703,-0.121654,0.0673329,-0.0784625,0.223965,0.42488,0.21327,0.422196,True,True
4.72,-3.17448e-18,0,0.000126455,0.0262029,-0.100573,0.271401,-0.551742,-0.00376503,-0.50118,1.00508,0.00979677,-13.9197,-0.453342,-0.00603174,-0.105147,-0.0262029,0.100573,0.0956697,-3.17448e-18,0,-0.000126722,0.0262029,-0.100573,-0.876588,-0.551742,-0.00376503,-0.500984,1.00508,0.00979677,-13.9207,-0.453342,-0.00603174,-0.105147,-0.0262029,0.100573,0.0956763,0.0151859,-0.120311,0.0661316,-0.0768985,0.223762,0.42483,0.21327,0.422196,True,True
4.725,-3.17448e-18,3.85186e-32,0.000124519,0.0257048,-0.0986649,0.277153,-0.551761,-0.0035998,-0.501257,1.00513,0.00943219,-13.9201,-0.453372,-0.00583239,-0.105089,-0.0257048,0.0986649,0.0938505,-3.17448e-18,3.85186e-32,-0.000124772,0.0257048,-0.0986649,-0.870827,-0.551761,-0.0035998,-0.501065,1.00513,0.00943219,-13.9211,-0.453372,-0.00583239,-0.10509,-0.0257048,0.0986649,0.0938569,0.0139256,-0.118994,0.0649502,-0.075367,0.223562,0.42478,0.21327,0.422196,True,True
4.73,-3.17448e-18,0,0.000122602,0.0252162,-0.0967933,0.282797,-0.551778,-0.00344125,-0.501331,1.00518,0.00908128,-13.9205,-0.453401,-0.00564003,-0.105034,-0.0252162,0.0967933,0.092066,-3.17448e-18,0,-0.000122841,0.0252162,-0.0967933,-0.865175,-0.551778,-0.00344125,-0.501146,1.00518,0.00908128,-13.9214,-0.453401,-0.00564003,-0.105034,-0.0252162,0.0967933,0.092072,0.0126889,-0.117702,0.0637884,-0.0738673,0.223366,0.424731,0.21327,0.422196,True,True
4.735,-3.17448e-18,0,0.000120706,0.0247369,-0.094957,0.288335,-0.551795,-0.00328911,-0.501404,1.00522,0.00874351,-13.9208,-0.453428,-0.00545439,-0.10498,-0.0247369,0.094957,0.0903154,-3.17448e-18,0,-0.000120931,0.0247369,-0.094957,-0.859629,-0.551795,-0.00328911,-0.501225,1.00522,0.00874351,-13.9218,-0.453428,-0.00545439,-0.10498,-0.0247369,0.094957,0.0903212,0.0114755,-0.116436,0.0626459,-0.0723986,0.223174,0.424684,0.21327,0.422196,True,True
4.74,-3.17448e-18,0,0.00011883,0.0242666,-0.0931556,0.293767,-0.551811,-0.00314314,-0.501476,1.00527,0.00841839,-13.9212,-0.453455,-0.00527525,-0.104928,-0.0242666,0.0931556,0.0885982,-3.17448e-18,0,-0.000119041,0.0242666,-0.0931556,-0.854189,-0.551811,-0.00314314,-0.501303,1.00527,0.00841839,-13.9221,-0.453455,-0.00527525,-0.104928,-0.0242666,0.0931556,0.0886037,0.0102849,-0.115194,0.0615225,-0.0709602,0.222986,0.424637,0.21327,0.422196,True,True
4.745,-3.17448e-18,0,0.000116974,0.0238053,-0.0913883,0.299098,-0.551826,-0.00300309,-0.501546,1.00531,0.00810545,-13.9216,-0.453481,-0.00510236,-0.104877,-0.0238053,0.0913883,0.0869136,-3.17448e-18,0,-0.000117172,0.0238053,-0.0913883,-0.848851,-0.551826,-0.00300309,-0.501379,1.00531,0.00810545,-13.9224,-0.453481,-0.00510236,-0.104878,-0.0238053,0.0913883,0.0869188,0.00911661,-0.113976,0.0604179,-0.0695516,0.222801,0.424591,0.21327,0.422196,True,True
4.75,-3.17448e-18,-3.85186e-32,0.000115138,0.0233528,-0.0896545,0.304327,-0.551841,-0.00286873,-0.501615,1.00535,0.00780422,-13.9219,-0.453506,-0.00493549,-0.104828,-0.0233528,0.0896545,0.0852611,-3.17448e-18,-3.85186e-32,-0.000115324,0.0233528,-0.0896545,-0.843615,-0.551841,-0.00286873,-0.501454,1.00535,0.00780422,-13.9227,-0.453506,-0.00493549,-0.104829,-0.0233528,0.0896545,0.0852659,0.00797033,-0.112781,0.0593319,-0.0681721,0.222619,0.424545,0.21327,0.422196,True,True
4.755,-3.17448e-18,0,0.000113323,0.0229088,-0.0879536,0.309457,-0.551855,-0.00273983,-0.501682,1.00539,0.00751427,-13.9223,-0.45353,-0.00477444,-0.104781,-0.0229088,0.0879536,0.08364,-3.17448e-18,0,-0.000113497,0.0229088,-0.0879536,-0.838478,-0.551855,-0.00273983,-0.501528,1.00539,0.00751427,-13.923,-0.45353,-0.00477444,-0.104781,-0.0229088,0.0879536,0.0836445,0.00684561,-0.111609,0.0582642,-0.0668209,0.222441,0.424501,0.21327,0.422196,True,True
4.76,-3.17448e-18,0,0.000111528,0.0224732,-0.0862848,0.31449,-0.551868,-0.00261619,-0.501748,1.00542,0.00723517,-13.9226,-0.453554,-0.00461898,-0.104734,-0.0224732,0.0862848,0.0820496,-3.17448e-18,0,-0.000111691,0.0224732,-0.0862848,-0.833438,-0.551868,-0.00261619,-0.5016,1.00542,0.00723517,-13.9233,-0.453554,-0.00461898,-0.104735,-0.0224732,0.0862848,0.0820539,0.00574205,-0.11046,0.0572145,-0.0654976,0.222267,0.424458,0.21327,0.422196,True,True
4.765,-3.17448e-18,-3.85186e-32,0.000109754,0.0220459,-0.0846478,0.319427,-0.551881,-0.00249759,-0.501812,1.00546,0.00696652,-13.9229,-0.453577,-0.00446892,-0.104689,-0.0220459,0.0846478,0.0804895,-3.17448e-18,-3.85186e-32,-0.000109906,0.0220459,-0.0846478,-0.828494,-0.551881,-0.00249759,-0.501671,1.00546,0.00696652,-13.9236,-0.453577,-0.00446892,-0.10469,-0.0220459,0.0846478,0.0804935,0.00465925,-0.109333,0.0561826,-0.0642014,0.222096,0.424415,0.21327,0.422196,True,True
4.77,-3.17448e-18,3.85186e-32,0.000108001,0.0216268,-0.0830417,0.324271,-0.551893,-0.00238385,-0.501875,1.00549,0.00670791,-13.9232,-0.453599,-0.00432406,-0.104646,-0.0216268,0.0830417,0.078959,-3.17448e-18,3.85186e-32,-0.000108143,0.0216268,-0.0830417,-0.823644,-0.551893,-0.00238385,-0.50174,1.00549,0.00670791,-13.9239,-0.453599,-0.00432406,-0.104646,-0.0216268,0.0830417,0.0789628,0.00359684,-0.108228,0.0551682,-0.0629318,0.221928,0.424373,0.21327,0.422196,True,True
4.775,-3.17448e-18,3.85186e-32,0.000106269,0.0212155,-0.0814661,0.329022,-0.551905,-0.00227477,-0.501938,1.00552,0.00645898,-13.9235,-0.45362,-0.00418422,-0.104603,-0.0212155,0.0814661,0.0774576,-3.17448e-18,3.85186e-32,-0.0001064,0.0212155,-0.0814661,-0.818887,-0.551905,-0.00227477,-0.501809,1.00552,0.00645898,-13.9241,-0.45362,-0.00418422,-0.104603,-0.0212155,0.0814661,0.0774611,0.00255442,-0.107143,0.0541712,-0.0616883,0.221763,0.424332,0.21327,0.422196,True,True
4.78,-3.17448e-18,0,0.000104558,0.0208121,-0.0799204,0.333684,-0.551916,-0.00217016,-0.501999,1.00556,0.00621937,-13.9238,-0.45364,-0.00404921,-0.104562,-0.0208121,0.0799204,0.0759847,-3.17448e-18,0,-0.00010468,0.0208121,-0.0799204,-0.81422,-0.551916,-0.00217016,-0.501875,1.00556,0.00621937,-13.9244,-0.45364,-0.00404921,-0.104562,-0.0208121,0.0799204,0.075988,0.00153163,-0.10608,0.0531911,-0.0604702,0.221601,0.424291,0.21327,0.422196,True,True
4.785,-3.17448e-18,0,0.000102867,0.0204163,-0.0784041,0.338257,-0.551927,-0.00206985,-0.502058,1.00559,0.00598871,-13.924,-0.45366,-0.00391886,-0.104522,-0.0204163,0.0784041,0.0745397,-3.17448e-18,0,-0.000102981,0.0204163,-0.0784041,-0.809641,-0.551927,-0.00206985,-0.501941,1.00559,0.00598871,-13.9246,-0.45366,-0.00391886,-0.104522,-0.0204163,0.0784041,0.0745428,0.000528091,-0.105036,0.0522279,-0.059277,0.221443,0.424252,0.21327,0.422196,True,True
4.79,-3.17448e-18,0,0.000101197,0.020028,-0.0769164,0.342743,-0.551937,-0.00197367,-0.502117,1.00562,0.00576667,-13.9243,-0.45368,-0.003793,-0.104483,-0.020028,0.0769164,0.0731222,-3.17448e-18,0,-0.000101303,0.020028,-0.0769164,-0.80515,-0.551937,-0.00197367,-0.502005,1.00562,0.00576667,-13.9249,-0.45368,-0.003793,-0.104483,-0.020028,0.0769164,0.0731251,-0.000456548,-0.104013,0.0512811,-0.0581082,0.221287,0.424213,0.21327,0.422196,True,True
4.795,-3.17448e-18,0,9.95488e-05,0.0196472,-0.075457,0.347143,-0.551947,-0.00188147,-0.502175,1.00564,0.00555294,-13.9246,-0.453698,-0.00367147,-0.104445,-0.0196472,0.075457,0.0717316,-3.17448e-18,0,-9.96466e-05,0.0196472,-0.075457,-0.800744,-0.551947,-0.00188147,-0.502068,1.00564,0.00555294,-13.9251,-0.453698,-0.00367147,-0.104445,-0.0196472,0.075457,0.0717343,-0.00142264,-0.103009,0.0503507,-0.0569632,0.221135,0.424175,0.21327,0.422196,True,True
4.8,-3.17448e-18,0,9.79211e-05,0.0192735,-0.0740253,0.35146,-0.551956,-0.00179308,-0.502231,1.00567,0.00534719,-13.9248,-0.453716,-0.00355411,-0.104408,-0.0192735,0.0740253,0.0703674,-3.17448e-18,0,-9.80119e-05,0.0192735,-0.0740253,-0.796423,-0.551956,-0.00179308,-0.50213,1.00567,0.00534719,-13.9253,-0.453716,-0.00355411,-0.104408,-0.0192735,0.0740253,0.0703699,-0.00237055,-0.102025,0.0494363,-0.0558415,0.220985,0.424138,0.21327,0.422196,True,True
4.805,-3.17448e-18,0,9.63144e-05,0.0189069,-0.0726208,0.355695,-0.551964,-0.00170835,-0.502286,1.0057,0.00514913,-13.925,-0.453734,-0.00344078,-0.104372,-0.0189069,0.0726208,0.069029,-3.17448e-18,0,-9.63985e-05,0.0189069,-0.0726208,-0.792183,-0.551964,-0.00170835,-0.50219,1.0057,0.00514913,-13.9255,-0.453734,-0.00344078,-0.104372,-0.0189069,0.0726208,0.0690314,-0.00330059,-0.101059,0.0485377,-0.0547427,0.220838,0.424101,0.21327,0.422196,True,True
4.81,-3.17448e-18,0,9.47286e-05,0.0185473,-0.0712429,0.35985,-0.551973,-0.00162713,-0.502341,1.00572,0.00495847,-13.9253,-0.453751,-0.00333133,-0.104337,-0.0185473,0.0712429,0.0677161,-3.17448e-18,0,-9.48066e-05,0.0185473,-0.0712429,-0.788024,-0.551973,-0.00162713,-0.50225,1.00572,0.00495847,-13.9257,-0.453751,-0.00333133,-0.104337,-0.0185473,0.0712429,0.0677183,-0.00421312,-0.100112,0.0476547,-0.0536662,0.220694,0.424065,0.21327,0.422196,True,True
4.815,-3.17448e-18,0,9.31637e-05,0.0181945,-0.0698912,0.363925,-0.551981,-0.0015493,-0.502394,1.00575,0.00477493,-13.9255,-0.453767,-0.00322562,-0.104302,-0.0181945,0.0698912,0.0664281,-3.17448e-18,0,-9.32359e-05,0.0181945,-0.0698912,-0.783944,-0.551981,-0.0015493,-0.502308,1.00575,0.00477493,-13.9259,-0.453767,-0.00322562,-0.104303,-0.0181945,0.0698912,0.0664301,-0.00510847,-0.0991833,0.046787,-0.0526116,0.220553,0.424029,0.21327,0.422196,True,True
4.82,-3.17448e-18,-3.85186e-32,9.16196e-05,0.0178484,-0.0685651,0.367923,-0.551988,-0.00147472,-0.502447,1.00577,0.00459824,-13.9257,-0.453783,-0.00312353,-0.104269,-0.0178484,0.0685651,0.0651645,-3.17448e-18,-3.85186e-32,-9.16864e-05,0.0178484,-0.0685651,-0.779942,-0.551988,-0.00147472,-0.502365,1.00577,0.00459824,-13.9261,-0.453783,-0.00312353,-0.104269,-0.0178484,0.0685651,0.0651664,-0.00598694,-0.0982721,0.0459344,-0.0515783,0.220414,0.423995,0.21327,0.422196,True,True
4.825,-3.17448e-18,0,9.00963e-05,0.0175088,-0.0672642,0.371845,-0.551996,-0.00140325,-0.502498,1.00579,0.00442815,-13.9259,-0.453798,-0.0030249,-0.104237,-0.0175088,0.0672642,0.0639249,-3.17448e-18,0,-9.01581e-05,0.0175088,-0.0672642,-0.776016,-0.551996,-0.00140325,-0.50242,1.00579,0.00442815,-13.9263,-0.453798,-0.0030249,-0.104237,-0.0175088,0.0672642,0.0639267,-0.00684886,-0.0973782,0.0450967,-0.050566,0.220278,0.423961,0.21327,0.422196,True,True
4.83,-3.17448e-18,3.85186e-32,8.85937e-05,0.0171757,-0.065988,0.375692,-0.552002,-0.00133478,-0.502549,1.00582,0.00426441,-13.9261,-0.453813,-0.00292964,-0.104206,-0.0171757,0.065988,0.0627088,-3.17448e-18,3.85186e-32,-8.86509e-05,0.0171757,-0.065988,-0.772165,-0.552002,-0.00133478,-0.502475,1.00582,0.00426441,-13.9265,-0.453813,-0.00292964,-0.104206,-0.0171757,0.065988,0.0627105,-0.00769455,-0.0965015,0.0442736,-0.0495742,0.220145,0.423927,0.21327,0.422196,True,True
4.835,-3.17448e-18,0,8.71117e-05,0.0168489,-0.0647361,0.379467,-0.552009,-0.00126918,-0.502598,1.00584,0.00410679,-13.9263,-0.453828,-0.00283761,-0.104175,-0.0168489,0.0647361,0.0615158,-3.17448e-18,0,-8.71646e-05,0.0168489,-0.0647361,-0.768387,-0.552009,-0.00126918,-0.502528,1.00584,0.00410679,-13.9266,-0.453828,-0.00283761,-0.104175,-0.0168489,0.0647361,0.0615174,-0.0085243,-0.0956415,0.0434649,-0.0486024,0.220014,0.423895,0.21327,0.422196,True,True
4.84,-3.17448e-18,-3.85186e-32,8.56502e-05,0.0165284,-0.0635079,0.383169,-0.552015,-0.00120634,-0.502647,1.00586,0.00395504,-13.9265,-0.453842,-0.0027487,-0.104145,-0.0165284,0.0635079,0.0603455,-3.17448e-18,-3.85186e-32,-8.5699e-05,0.0165284,-0.0635079,-0.764682,-0.552015,-0.00120634,-0.502581,1.00586,0.00395504,-13.9268,-0.453842,-0.0027487,-0.104145,-0.0165284,0.0635079,0.0603469,-0.00933842,-0.094798,0.0426704,-0.0476503,0.219885,0.423862,0.21327,0.422196,True,True
4.845,-3.17448e-18,0,8.42091e-05,0.0162139,-0.062303,0.386801,-0.552021,-0.00114616,-0.502695,1.00588,0.00380896,-13.9267,-0.453855,-0.00266279,-0.104116,-0.0162139,0.062303,0.0591973,-3.17448e-18,0,-8.42542e-05,0.0162139,-0.062303,-0.761046,-0.552021,-0.00114616,-0.502632,1.00588,0.00380896,-13.927,-0.453855,-0.00266279,-0.104116,-0.0162139,0.062303,0.0591986,-0.0101372,-0.0939705,0.0418898,-0.0467174,0.21976,0.423831,0.21327,0.422196,True,True
4.85,-3.17448e-18,3.85186e-32,8.27883e-05,0.0159053,-0.0611211,0.390364,-0.552026,-0.00108853,-0.502742,1.00589,0.00366832,-13.9268,-0.453868,-0.00257979,-0.104088,-0.0159053,0.0611211,0.0580709,-3.17448e-18,3.85186e-32,-8.283e-05,0.0159053,-0.0611211,-0.75748,-0.552026,-0.00108853,-0.502682,1.00589,0.00366832,-13.9271,-0.453868,-0.00257979,-0.104088,-0.0159053,0.0611211,0.0580721,-0.0109209,-0.0931589,0.041123,-0.0458033,0.219636,0.4238,0.21327,0.422196,True,True
4.855,-3.17448e-18,0,8.13876e-05,0.0156026,-0.0599616,0.39386,-0.552032,-0.00103334,-0.502788,1.00591,0.00353293,-13.927,-0.453881,-0.00249959,-0.104061,-0.0156026,0.0599616,0.0569659,-3.17448e-18,0,-8.14261e-05,0.0156026,-0.0599616,-0.753982,-0.552032,-0.00103334,-0.502732,1.00591,0.00353293,-13.9273,-0.453881,-0.00249959,-0.104061,-0.0156026,0.0599616,0.056967,-0.0116899,-0.0923628,0.0403697,-0.0449076,0.219515,0.42377,0.21327,0.422196,True,True
4.86,-3.17448e-18,0,8.0007e-05,0.0153057,-0.0588241,0.397288,-0.552037,-0.000980493,-0.502833,1.00593,0.00340258,-13.9271,-0.453893,-0.00242209,-0.104034,-0.0153057,0.0588241,0.0558818,-3.17448e-18,0,-8.00426e-05,0.0153057,-0.0588241,-0.75055,-0.552037,-0.000980493,-0.50278,1.00593,0.00340258,-13.9274,-0.453893,-0.00242209,-0.104034,-0.0153057,0.0588241,0.0558829,-0.0124444,-0.0915819,0.0396297,-0.0440299,0.219396,0.42374,0.21327,0.422196,True,True
4.865,-3.17448e-18,-3.85186e-32,7.86463e-05,0.0150144,-0.0577083,0.400652,-0.552042,-0.000929906,-0.502878,1.00595,0.0032771,-13.9273,-0.453905,-0.00234719,-0.104008,-0.0150144,0.0577083,0.0548183,-3.17448e-18,-3.85186e-32,-7.86791e-05,0.0150144,-0.0577083,-0.747183,-0.552042,-0.000929906,-0.502827,1.00595,0.0032771,-13.9276,-0.453905,-0.00234719,-0.104008,-0.0150144,0.0577083,0.0548193,-0.0131846,-0.0908159,0.0389028,-0.0431699,0.219279,0.423711,0.21327,0.422196,True,True
4.87,-3.17448e-18,0,7.73054e-05,0.0147286,-0.0566136,0.403952,-0.552046,-0.000881484,-0.502921,1.00596,0.00315629,-13.9275,-0.453917,-0.00227481,-0.103982,-0.0147286,0.0566136,0.053775,-3.17448e-18,0,-7.73357e-05,0.0147286,-0.0566136,-0.743881,-0.552046,-0.000881484,-0.502874,1.00596,0.00315629,-13.9277,-0.453917,-0.00227481,-0.103982,-0.0147286,0.0566136,0.0537759,-0.0139109,-0.0900645,0.0381888,-0.0423272,0.219165,0.423682,0.21327,0.422196,True,True
4.875,-3.17448e-18,3.85186e-32,7.59841e-05,0.0144483,-0.0555398,0.407189,-0.55205,-0.000835139,-0.502964,1.00598,0.00303998,-13.9276,-0.453928,-0.00220484,-0.103958,-0.0144483,0.0555398,0.0527514,-3.17448e-18,3.85186e-32,-7.6012e-05,0.0144483,-0.0555398,-0.740642,-0.55205,-0.000835139,-0.502919,1.00598,0.00303998,-13.9278,-0.453928,-0.00220484,-0.103958,-0.0144483,0.0555398,0.0527523,-0.0146236,-0.0893275,0.0374874,-0.0415014,0.219052,0.423654,0.21327,0.422196,True,True
4.88,-3.17448e-18,0,7.46822e-05,0.0141732,-0.0544863,0.410364,-0.552054,-0.00079079,-0.503006,1.00599,0.00292801,-13.9277,-0.453939,-0.00213722,-0.103934,-0.0141732,0.0544863,0.0517473,-3.17448e-18,0,-7.47079e-05,0.0141732,-0.0544863,-0.737464,-0.552054,-0.00079079,-0.502964,1.00599,0.00292801,-13.928,-0.453939,-0.00213722,-0.103934,-0.0141732,0.0544863,0.0517481,-0.0153227,-0.0886045,0.0367985,-0.0406921,0.218942,0.423626,0.21327,0.422196,True,True
4.885,-3.17448e-18,0,7.33996e-05,0.0139034,-0.0534529,0.413479,-0.552058,-0.000748356,-0.503048,1.00601,0.0028202,-13.9279,-0.453949,-0.00207185,-0.10391,-0.0139034,0.0534529,0.0507622,-3.17448e-18,0,-7.34233e-05,0.0139034,-0.0534529,-0.734346,-0.552058,-0.000748356,-0.503007,1.00601,0.0028202,-13.9281,-0.453949,-0.00207185,-0.10391,-0.0139034,0.0534529,0.050763,-0.0160088,-0.0878954,0.0361219,-0.0398991,0.218834,0.423599,0.21327,0.422196,True,True
4.89,-3.17448e-18,0,7.21362e-05,0.0136387,-0.0524392,0.416535,-0.552062,-0.00070776,-0.503088,1.00602,0.00271641,-13.928,-0.453959,-0.00200865,-0.103888,-0.0136387,0.0524392,0.0497958,-3.17448e-18,0,-7.2158e-05,0.0136387,-0.0524392,-0.731288,-0.552062,-0.00070776,-0.50305,1.00602,0.00271641,-13.9282,-0.453959,-0.00200865,-0.103888,-0.0136387,0.0524392,0.0497965,-0.0166818,-0.0871998,0.0354574,-0.0391219,0.218728,0.423572,0.21327,0.422196,True,True
4.895,-3.17448e-18,0,7.08917e-05,0.013379,-0.0514447,0.419533,-0.552065,-0.000668928,-0.503128,1.00603,0.00261648,-13.9281,-0.453969,-0.00194756,-0.103865,-0.013379,0.0514447,0.0488477,-3.17448e-18,0,-7.09118e-05,0.013379,-0.0514447,-0.728288,-0.552065,-0.000668928,-0.503092,1.00603,0.00261648,-13.9283,-0.453969,-0.00194756,-0.103865,-0.013379,0.0514447,0.0488484,-0.0173423,-0.0865174,0.0348047,-0.0383603,0.218624,0.423546,0.21327,0.422196,True,True
4.9,-3.17448e-18,0,6.96659e-05,0.0131243,-0.0504692,0.422474,-0.552069,-0.000631791,-0.503167,1.00605,0.00252028,-13.9282,-0.453979,-0.00188849,-0.103844,-0.0131243,0.0504692,0.0479176,-3.17448e-18,0,-6.96845e-05,0.0131243,-0.0504692,-0.725345,-0.552069,-0.000631791,-0.503133,1.00605,0.00252028,-13.9284,-0.453979,-0.00188849,-0.103844,-0.0131243,0.0504692,0.0479182,-0.0179902,-0.0858481,0.0341637,-0.0376139,0.218522,0.423521,0.21327,0.422196,True,True
4.905,-3.17448e-18,0,6.84588e-05,0.0128743,-0.0495122,0.425359,-0.552072,-0.000596278,-0.503205,1.00606,0.00242765,-13.9284,-0.453988,-0.00183137,-0.103823,-0.0128743,0.0495122,0.0470052,-3.17448e-18,0,-6.8476e-05,0.0128743,-0.0495122,-0.722458,-0.552072,-0.000596278,-0.503174,1.00606,0.00242765,-13.9285,-0.453988,-0.00183137,-0.103823,-0.0128743,0.0495122,0.0470057,-0.018626,-0.0851916,0.0335341,-0.0368824,0.218422,0.423496,0.21327,0.422196,True,True
4.91,-3.17448e-18,0,6.72701e-05,0.0126291,-0.0485734,0.42819,-0.552075,-0.000562326,-0.503243,1.00607,0.00233846,-13.9285,-0.453997,-0.00177614,-0.103802,-0.0126291,0.0485734,0.04611,-3.17448e-18,0,-6.72859e-05,0.0126291,-0.0485734,-0.719626,-0.552075,-0.000562326,-0.503213,1.00607,0.00233846,-13.9286,-0.453997,-0.00177614,-0.103802,-0.0126291,0.0485734,0.0461105,-0.0192497,-0.0845476,0.0329159,-0.0361655,0.218324,0.423471,0.21327,0.422196,True,True
4.915,-3.17448e-18,0,6.60997e-05,0.0123886,-0.0476525,0.430966,-0.552077,-0.00052987,-0.50328,1.00608,0.0022526,-13.9286,-0.454006,-0.00172273,-0.103783,-0.0123886,0.0476525,0.0452318,-3.17448e-18,0,-6.61142e-05,0.0123886,-0.0476525,-0.716847,-0.552077,-0.00052987,-0.503252,1.00608,0.0022526,-13.9287,-0.454006,-0.00172273,-0.103783,-0.0123886,0.0476525,0.0452322,-0.0198617,-0.0839158,0.0323087,-0.035463,0.218228,0.423447,0.21327,0.422196,True,True
4.92,-3.17448e-18,0,6.49473e-05,0.0121526,-0.0467491,0.43369,-0.55208,-0.000498851,-0.503316,1.00609,0.00216992,-13.9287,-0.454014,-0.00167107,-0.103763,-0.0121526,0.0467491,0.0443702,-3.17448e-18,0,-6.49607e-05,0.0121526,-0.0467491,-0.714122,-0.55208,-0.000498851,-0.50329,1.00609,0.00216992,-13.9288,-0.454014,-0.00167107,-0.103763,-0.0121526,0.0467491,0.0443707,-0.0204622,-0.0832961,0.0317125,-0.0347744,0.218133,0.423423,0.21327,0.422196,True,True
4.925,-3.17448e-18,-3.85186e-32,6.38127e-05,0.0119211,-0.0458628,0.436362,-0.552082,-0.000469209,-0.503352,1.00611,0.00209032,-13.9288,-0.454023,-0.00162111,-0.103744,-0.0119211,0.0458628,0.043525,-3.17448e-18,-3.85186e-32,-6.38251e-05,0.0119211,-0.0458628,-0.711448,-0.552082,-0.000469209,-0.503327,1.00611,0.00209032,-13.9289,-0.454023,-0.00162111,-0.103744,-0.0119211,0.0458628,0.0435254,-0.0210514,-0.0826882,0.031127,-0.0340995,0.218041,0.4234,0.21327,0.422196,True,True
4.93,-3.17448e-18,-3.85186e-32,6.26959e-05,0.011694,-0.0449935,0.438983,-0.552085,-0.00044089,-0.503387,1.00612,0.00201368,-13.9289,-0.454031,-0.00157279,-0.103726,-0.011694,0.0449935,0.0426958,-3.17448e-18,-3.85186e-32,-6.27073e-05,0.011694,-0.0449935,-0.708825,-0.552085,-0.00044089,-0.503363,1.00612,0.00201368,-13.929,-0.454031,-0.00157279,-0.103726,-0.011694,0.0449935,0.0426962,-0.0216295,-0.0820919,0.0305521,-0.0334381,0.21795,0.423377,0.21327,0.422196,True,True
4.935,-3.17448e-18,3.85186e-32,6.15965e-05,0.0114712,-0.0441407,0.441555,-0.552087,-0.000413839,-0.503421,1.00613,0.00193988,-13.929,-0.454038,-0.00152604,-0.103708,-0.0114712,0.0441407,0.0418823,-3.17448e-18,3.85186e-32,-6.1607e-05,0.0114712,-0.0441407,-0.706252,-0.552087,-0.000413839,-0.503399,1.00613,0.00193988,-13.9291,-0.454038,-0.00152604,-0.103708,-0.0114712,0.0441407,0.0418826,-0.0221966,-0.081507,0.0299875,-0.0327898,0.21786,0.423355,0.21327,0.422196,True,True
4.94,-3.17448e-18,3.85186e-32,6.05144e-05,0.0112526,-0.0433041,0.444077,-0.552089,-0.000388005,-0.503455,1.00613,0.00186883,-13.9291,-0.454046,-0.00148082,-0.10369,-0.0112526,0.0433041,0.0410842,-3.17448e-18,3.85186e-32,-6.05241e-05,0.0112526,-0.0433041,-0.703728,-0.552089,-0.000388005,-0.503434,1.00613,0.00186883,-13.9292,-0.454046,-0.00148082,-0.10369,-0.0112526,0.0433041,0.0410845,-0.0227531,-0.0809332,0.0294332,-0.0321544,0.217773,0.423333,0.21327,0.422196,True,True
4.945,-3.17448e-18,0,5.94493e-05,0.0110381,-0.0424835,0.446552,-0.552091,-0.000363339,-0.503488,1.00614,0.00180041,-13.9292,-0.454053,-0.00143707,-0.103673,-0.0110381,0.0424835,0.0403013,-3.17448e-18,0,-5.94583e-05,0.0110381,-0.0424835,-0.701252,-0.552091,-0.000363339,-0.503468,1.00614,0.00180041,-13.9293,-0.454053,-0.00143707,-0.103673,-0.0110381,0.0424835,0.0403015,-0.0232991,-0.0803704,0.0288889,-0.0315316,0.217687,0.423311,0.21327,0.422196,True,True
4.95,-3.17448e-18,-3.85186e-32,5.84012e-05,0.0108277,-0.0416785,0.44898,-0.552092,-0.000339792,-0.503521,1.00615,0.00173453,-13.9292,-0.45406,-0.00139474,-0.103657,-0.0108277,0.0416785,0.0395331,-3.17448e-18,-3.85186e-32,-5.84095e-05,0.0108277,-0.0416785,-0.698823,-0.552092,-0.000339792,-0.503502,1.00615,0.00173453,-13.9293,-0.45406,-0.00139474,-0.103657,-0.0108277,0.0416785,0.0395334,-0.0238348,-0.0798183,0.0283544,-0.0309212,0.217603,0.42329,0.21327,0.422196,True,True
4.955,-3.17448e-18,0,5.73697e-05,0.0106213,-0.0408888,0.451362,-0.552094,-0.000317318,-0.503553,1.00616,0.0016711,-13.9293,-0.454067,-0.00135378,-0.103641,-0.0106213,0.0408888,0.0387796,-3.17448e-18,0,-5.73774e-05,0.0106213,-0.0408888,-0.69644,-0.552094,-0.000317318,-0.503535,1.00616,0.0016711,-13.9294,-0.454067,-0.00135378,-0.103641,-0.0106213,0.0408888,0.0387798,-0.0243604,-0.0792767,0.0278297,-0.0303229,0.21752,0.423269,0.21327,0.422196,True,True
4.96,-3.17448e-18,3.85186e-32,5.63547e-05,0.0104188,-0.0401142,0.453698,-0.552096,-0.000295875,-0.503584,1.00617,0.00161002,-13.9294,-0.454074,-0.00131415,-0.103625,-0.0104188,0.0401142,0.0380403,-3.17448e-18,3.85186e-32,-5.63619e-05,0.0104188,-0.0401142,-0.694102,-0.552096,-0.000295875,-0.503567,1.00617,0.00161002,-13.9295,-0.454074,-0.00131415,-0.103625,-0.0104188,0.0401142,0.0380405,-0.0248762,-0.0787454,0.0273144,-0.0297365,0.217439,0.423249,0.21327,0.422196,True,True
4.965,-3.17448e-18,0,5.5356e-05,0.0102202,-0.0393544,0.45599,-0.552097,-0.000275418,-0.503615,1.00618,0.00155121,-13.9295,-0.45408,-0.00127579,-0.10361,-0.0102202,0.0393544,0.0373149,-3.17448e-18,0,-5.53627e-05,0.0102202,-0.0393544,-0.691809,-0.552097,-0.000275418,-0.503599,1.00618,0.00155121,-13.9296,-0.45408,-0.00127579,-0.10361,-0.0102202,0.0393544,0.0373152,-0.0253822,-0.0782242,0.0268086,-0.0291617,0.21736,0.423229,0.21327,0.422196,True,True
4.97,-3.17448e-18,0,5.43734e-05,0.0100253,-0.038609,0.458239,-0.552098,-0.000255909,-0.503645,1.00618,0.00149457,-13.9296,-0.454087,-0.00123867,-0.103595,-0.0100253,0.038609,0.0366034,-3.17448e-18,0,-5.43796e-05,0.0100253,-0.038609,-0.689559,-0.552098,-0.000255909,-0.50363,1.00618,0.00149457,-13.9296,-0.454087,-0.00123867,-0.103595,-0.0100253,0.038609,0.0366036,-0.0258786,-0.077713,0.0263119,-0.0285982,0.217282,0.423209,0.21327,0.422196,True,True
4.975,-3.17448e-18,0,5.34067e-05,0.00983411,-0.0378778,0.460445,-0.5521,-0.000237307,-0.503675,1.00619,0.00144004,-13.9296,-0.454093,-0.00120273,-0.10358,-0.00983411,0.0378778,0.0359053,-3.17448e-18,0,-5.34125e-05,0.00983411,-0.0378778,-0.687352,-0.5521,-0.000237307,-0.50366,1.00619,0.00144004,-13.9297,-0.454093,-0.00120273,-0.10358,-0.00983411,0.0378778,0.0359055,-0.0263658,-0.0772115,0.0258243,-0.028046,0.217205,0.42319,0.21327,0.422196,True,True
4.98,-3.17448e-18,0,5.24557e-05,0.00964653,-0.0371605,0.462609,-0.552101,-0.000219576,-0.503704,1.0062,0.00138753,-13.9297,-0.454099,-0.00116795,-0.103566,-0.00964653,0.0371605,0.0352204,-3.17448e-18,0,-5.2461e-05,0.00964653,-0.0371605,-0.685186,-0.552101,-0.000219576,-0.50369,1.0062,0.00138753,-13.9298,-0.454099,-0.00116795,-0.103566,-0.00964653,0.0371605,0.0352206,-0.0268437,-0.0767195,0.0253456,-0.0275046,0.21713,0.423171,0.21327,0.422196,True,True
4.985,-3.17448e-18,0,5.15201e-05,0.0094625,-0.036457,0.464733,-0.552102,-0.000202678,-0.503733,1.00621,0.00133696,-13.9298,-0.454104,-0.00113428,-0.103552,-0.0094625,0.036457,0.0345485,-3.17448e-18,0,-5.15251e-05,0.0094625,-0.036457,-0.683062,-0.552102,-0.000202678,-0.503719,1.00621,0.00133696,-13.9298,-0.454104,-0.00113428,-0.103552,-0.0094625,0.036457,0.0345487,-0.0273127,-0.0762369,0.0248756,-0.026974,0.217056,0.423152,0.21327,0.422196,True,True
4.99,-3.17448e-18,0,5.05998e-05,0.00928196,-0.0357668,0.466815,-0.552103,-0.000186581,-0.503761,1.00621,0.00128826,-13.9298,-0.45411,-0.00110168,-0.103539,-0.00928196,0.0357668,0.0338893,-3.17448e-18,0,-5.06045e-05,0.00928196,-0.0357668,-0.680978,-0.552103,-0.000186581,-0.503748,1.00621,0.00128826,-13.9299,-0.45411,-0.00110168,-0.103539,-0.00928196,0.0357668,0.0338895,-0.0277728,-0.0757635,0.0244143,-0.0264538,0.216984,0.423134,0.21327,0.422196,True,True
4.995,-3.17448e-18,0,4.96946e-05,0.00910483,-0.0350898,0.468859,-0.552104,-0.00017125,-0.503788,1.00622,0.00124137,-13.9299,-0.454115,-0.00107012,-0.103526,-0.00910483,0.0350898,0.0332426,-3.17448e-18,0,-4.9699e-05,0.00910483,-0.0350898,-0.678934,-0.552104,-0.00017125,-0.503776,1.00622,0.00124137,-13.93,-0.454115,-0.00107012,-0.103526,-0.00910483,0.0350898,0.0332427,-0.0282242,-0.0752991,0.0239613,-0.0259439,0.216913,0.423116,0.21327,0.422196,True,True
5,-3.17448e-18,0,4.88042e-05,0.00893106,-0.0344257,0.470864,-0.552104,-0.000156653,-0.503815,1.00623,0.00119621,-13.93,-0.454121,-0.00103956,-0.103513,-0.00893106,0.0344257,0.0326081,-3.17448e-18,0,-4.88085e-05,0.00893106,-0.0344257,-0.676928,-0.552104,-0.000156653,-0.503803,1.00623,0.00119621,-13.93,-0.454121,-0.00103956,-0.103513,-0.00893106,0.0344257,0.0326082,-0.0286672,-0.0748435,0.0235167,-0.0254441,0.216844,0.423099,0.21327,0.422196,True,True
5.005,-3.17448e-18,0,4.79286e-05,0.00876057,-0.0337743,0.47283,-0.552105,-0.00014276,-0.503842,1.00623,0.00115272,-13.93,-0.454126,-0.00100997,-0.103501,-0.00876057,0.0337743,0.0319856,-3.17448e-18,0,-4.79326e-05,0.00876057,-0.0337743,-0.674961,-0.552105,-0.00014276,-0.50383,1.00623,0.00115272,-13.9301,-0.454126,-0.00100997,-0.103501,-0.00876057,0.0337743,0.0319857,-0.0291018,-0.0743966,0.0230802,-0.0249541,0.216775,0.423082,0.21327,0.422196,True,True
5.01,-3.17448e-18,0,4.70674e-05,0.00859332,-0.0331354,0.47476,-0.552106,-0.000129541,-0.503868,1.00624,0.00111085,-13.9301,-0.454131,-0.000981305,-0.103489,-0.00859332,0.0331354,0.0313749,-3.17448e-18,0,-4.70712e-05,0.00859332,-0.0331354,-0.673031,-0.552106,-0.000129541,-0.503857,1.00624,0.00111085,-13.9301,-0.454131,-0.000981305,-0.103489,-0.00859332,0.0331354,0.031375,-0.0295282,-0.0739581,0.0226518,-0.0244738,0.216708,0.423065,0.21327,0.422196,True,True
5.015,-3.17448e-18,0,4.62205e-05,0.00842922,-0.0325086,0.476653,-0.552106,-0.000116968,-0.503894,1.00624,0.00107052,-13.9301,-0.454136,-0.000953547,-0.103477,-0.00842922,0.0325086,0.0307758,-3.17448e-18,0,-4.62241e-05,0.00842922,-0.0325086,-0.671137,-0.552106,-0.000116968,-0.503883,1.00624,0.00107052,-13.9302,-0.454136,-0.000953547,-0.103477,-0.00842922,0.0325086,0.0307759,-0.0299466,-0.073528,0.0222312,-0.024003,0.216643,0.423048,0.21327,0.422196,True,True
5.02,-3.17448e-18,-3.85186e-32,4.53877e-05,0.00826823,-0.0318938,0.47851,-0.552107,-0.000105014,-0.503919,1.00625,0.00103168,-13.9302,-0.45414,-0.000926661,-0.103465,-0.00826823,0.0318938,0.0301879,-3.17448e-18,-3.85186e-32,-4.53911e-05,0.00826823,-0.0318938,-0.669279,-0.552107,-0.000105014,-0.503908,1.00625,0.00103168,-13.9302,-0.45414,-0.000926661,-0.103465,-0.00826823,0.0318938,0.030188,-0.0303572,-0.0731061,0.0218183,-0.0235415,0.216578,0.423032,0.21327,0.422196,True,True
5.025,-3.17448e-18,0,4.45687e-05,0.00811028,-0.0312907,0.480331,-0.552108,-9.36534e-05,-0.503944,1.00625,0.00099427,-13.9302,-0.454145,-0.000900617,-0.103454,-0.00811028,0.0312907,0.0296112,-3.17448e-18,0,-4.4572e-05,0.00811028,-0.0312907,-0.667457,-0.552108,-9.36534e-05,-0.503933,1.00625,0.00099427,-13.9303,-0.454145,-0.000900617,-0.103454,-0.00811028,0.0312907,0.0296113,-0.03076,-0.0726922,0.0214131,-0.023089,0.216515,0.423016,0.21327,0.422196,True,True
5.03,-3.17448e-18,3.85186e-32,4.37635e-05,0.00795532,-0.0306991,0.482119,-0.552108,-8.28599e-05,-0.503968,1.00626,0.000958246,-13.9303,-0.454149,-0.000875386,-0.103443,-0.00795532,0.0306991,0.0290454,-3.17448e-18,3.85186e-32,-4.37667e-05,0.00795532,-0.0306991,-0.665669,-0.552108,-8.28599e-05,-0.503957,1.00626,0.000958246,-13.9303,-0.454149,-0.000875386,-0.103443,-0.00795532,0.0306991,0.0290455,-0.0311552,-0.0722861,0.0210153,-0.0226455,0.216453,0.423001,0.21327,0.422196,True,True
5.035,-3.17448e-18,0,4.29717e-05,0.00780329,-0.0301189,0.483872,-0.552108,-7.26101e-05,-0.503992,1.00626,0.000923552,-13.9303,-0.454154,-0.000850942,-0.103433,-0.00780329,0.0301189,0.0284903,-3.17448e-18,0,-4.29748e-05,0.00780329,-0.0301189,-0.663914,-0.552108,-7.26101e-05,-0.503981,1.00626,0.000923552,-13.9304,-0.454154,-0.000850942,-0.103433,-0.00780329,0.0301189,0.0284904,-0.031543,-0.0718878,0.0206248,-0.0222107,0.216392,0.422985,0.21327,0.422196,True,True
5.04,-3.17448e-18,0,4.21933e-05,0.00765413,-0.0295497,0.485593,-0.552109,-6.28807e-05,-0.504015,1.00627,0.000890139,-13.9304,-0.454158,-0.000827258,-0.103422,-0.00765413,0.0295497,0.0279456,-3.17448e-18,0,-4.21962e-05,0.00765413,-0.0295497,-0.662193,-0.552109,-6.28807e-05,-0.504005,1.00627,0.000890139,-13.9304,-0.454158,-0.000827258,-0.103422,-0.00765413,0.0295497,0.0279457,-0.0319235,-0.071497,0.0202416,-0.0217845,0.216333,0.42297,0.21327,0.422196,True,True
5.045,-3.17448e-18,0,4.14279e-05,0.00750779,-0.0289914,0.48728,-0.552109,-5.36496e-05,-0.504038,1.00627,0.000857957,-13.9304,-0.454162,-0.000804308,-0.103412,-0.00750779,0.0289914,0.0274113,-3.17448e-18,0,-4.14308e-05,0.00750779,-0.0289914,-0.660505,-0.552109,-5.36496e-05,-0.504028,1.00627,0.000857957,-13.9305,-0.454162,-0.000804308,-0.103412,-0.00750779,0.0289914,0.0274114,-0.0322968,-0.0711137,0.0198654,-0.0213666,0.216274,0.422955,0.21327,0.422196,True,True
5.05,-3.17448e-18,0,4.06755e-05,0.00736422,-0.0284438,0.488936,-0.552109,-4.48955e-05,-0.504061,1.00628,0.000826963,-13.9305,-0.454166,-0.000782067,-0.103402,-0.00736422,0.0284438,0.026887,-3.17448e-18,0,-4.06783e-05,0.00736422,-0.0284438,-0.658849,-0.552109,-4.48955e-05,-0.50405,1.00628,0.000826963,-13.9305,-0.454166,-0.000782067,-0.103402,-0.00736422,0.0284438,0.0268871,-0.0326632,-0.0707376,0.0194962,-0.020957,0.216217,0.422941,0.21327,0.422196,True,True
5.055,-3.17448e-18,0,3.99358e-05,0.00722336,-0.0279066,0.490561,-0.552109,-3.6598e-05,-0.504083,1.00628,0.000797111,-13.9305,-0.45417,-0.000760513,-0.103393,-0.00722336,0.0279066,0.0263727,-3.17448e-18,0,-3.99386e-05,0.00722336,-0.0279066,-0.657224,-0.552109,-3.6598e-05,-0.504072,1.00628,0.000797111,-13.9306,-0.45417,-0.000760513,-0.103393,-0.00722336,0.0279066,0.0263728,-0.0330226,-0.0703686,0.0191339,-0.0205554,0.21616,0.422927,0.21327,0.422196,True,True
5.06,-3.17448e-18,0,3.92086e-05,0.00708515,-0.0273798,0.492154,-0.55211,-2.87373e-05,-0.504104,1.00628,0.000768359,-13.9306,-0.454173,-0.000739622,-0.103384,-0.00708515,0.0273798,0.025868,-3.17448e-18,0,-3.92114e-05,0.00708515,-0.0273798,-0.655629,-0.55211,-2.87373e-05,-0.504094,1.00628,0.000768359,-13.9306,-0.454173,-0.000739622,-0.103384,-0.00708515,0.0273798,0.0258681,-0.0333753,-0.0700066,0.0187782,-0.0201617,0.216105,0.422913,0.21327,0.422196,True,True
5.065,-3.17448e-18,-3.85186e-32,3.84938e-05,0.00694956,-0.026863,0.493718,-0.55211,-2.12947e-05,-0.504126,1.00629,0.000740666,-13.9306,-0.454177,-0.000719371,-0.103374,-0.00694956,0.026863,0.0253729,-3.17448e-18,-3.85186e-32,-3.84965e-05,0.00694956,-0.026863,-0.654065,-0.55211,-2.12947e-05,-0.504115,1.00629,0.000740666,-13.9306,-0.454177,-0.000719371,-0.103374,-0.00694956,0.026863,0.025373,-0.0337214,-0.0696515,0.0184292,-0.0197758,0.216051,0.422899,0.21327,0.422196,True,True
5.07,-3.17448e-18,0,3.77911e-05,0.00681652,-0.026356,0.495252,-0.55211,-1.42519e-05,-0.504147,1.00629,0.000713992,-13.9306,-0.454181,-0.00069974,-0.103366,-0.00681652,0.026356,0.0248871,-3.17448e-18,0,-3.77938e-05,0.00681652,-0.026356,-0.65253,-0.55211,-1.42519e-05,-0.504136,1.00629,0.000713992,-13.9307,-0.454181,-0.00069974,-0.103366,-0.00681652,0.026356,0.0248872,-0.0340609,-0.0693032,0.0180866,-0.0193974,0.215997,0.422886,0.21327,0.422196,True,True
5.075,-3.17448e-18,3.85186e-32,3.71005e-05,0.006686,-0.0258588,0.496757,-0.55211,-7.59178e-06,-0.504167,1.00629,0.0006883,-13.9307,-0.454184,-0.000680708,-0.103357,-0.006686,0.0258588,0.0244105,-3.17448e-18,3.85186e-32,-3.71032e-05,0.006686,-0.0258588,-0.651025,-0.55211,-7.59178e-06,-0.504157,1.00629,0.0006883,-13.9307,-0.454184,-0.000680708,-0.103357,-0.006686,0.0258588,0.0244106,-0.0343941,-0.0689614,0.0177504,-0.0190265,0.215945,0.422873,0.21327,0.422196,True,True
5.08,-3.17448e-18,0,3.64216e-05,0.00655794,-0.0253712,0.498234,-0.55211,-1.29749e-06,-0.504188,1.0063,0.000663553,-13.9307,-0.454187,-0.000662255,-0.103349,-0.00655794,0.0253712,0.0239429,-3.17448e-18,0,-3.64243e-05,0.00655794,-0.0253712,-0.649548,-0.55211,-1.29749e-06,-0.504177,1.0063,0.000663553,-13.9308,-0.454187,-0.000662255,-0.103349,-0.00655794,0.0253712,0.023943,-0.034721,-0.0686261,0.0174205,-0.0186629,0.215894,0.42286,0.21327,0.422196,True,True
5.085,-3.17448e-18,0,3.57544e-05,0.00643229,-0.0248928,0.499683,-0.55211,4.64695e-06,-0.504207,1.0063,0.000639716,-13.9307,-0.454191,-0.000644363,-0.10334,-0.00643229,0.0248928,0.0234841,-3.17448e-18,0,-3.57571e-05,0.00643229,-0.0248928,-0.648099,-0.55211,4.64695e-06,-0.504196,1.0063,0.000639716,-13.9308,-0.454191,-0.000644363,-0.10334,-0.00643229,0.0248928,0.0234841,-0.0350418,-0.0682971,0.0170967,-0.0183064,0.215844,0.422847,0.21327,0.422196,True,True
5.09,-3.17448e-18,-3.85186e-32,3.50986e-05,0.00630901,-0.0244236,0.501104,-0.55211,1.02569e-05,-0.504227,1.0063,0.000616755,-13.9308,-0.454194,-0.000627012,-0.103332,-0.00630901,0.0244236,0.0230339,-3.17448e-18,-3.85186e-32,-3.51013e-05,0.00630901,-0.0244236,-0.646677,-0.55211,1.02569e-05,-0.504216,1.0063,0.000616755,-13.9308,-0.454194,-0.000627012,-0.103332,-0.00630901,0.0244236,0.023034,-0.0353566,-0.0679744,0.0167789,-0.0179569,0.215794,0.422834,0.21327,0.422196,True,True
5.095,-3.17448e-18,0,3.44541e-05,0.00618805,-0.0239635,0.502499,-0.55211,1.55471e-05,-0.504246,1.00631,0.000594637,-13.9308,-0.454197,-0.000610184,-0.103324,-0.00618805,0.0239635,0.0225922,-3.17448e-18,0,-3.44568e-05,0.00618805,-0.0239635,-0.645282,-0.55211,1.55471e-05,-0.504234,1.00631,0.000594637,-13.9309,-0.454197,-0.000610184,-0.103324,-0.00618805,0.0239635,0.0225923,-0.0356654,-0.0676578,0.0164671,-0.0176142,0.215746,0.422822,0.21327,0.422196,True,True
5.1,-3.17448e-18,0,3.38207e-05,0.00606937,-0.0235121,0.503867,-0.55211,2.05316e-05,-0.504265,1.00631,0.000573332,-13.9308,-0.4542,-0.000593863,-0.103317,-0.00606937,0.0235121,0.0221588,-3.17448e-18,0,-3.38234e-05,0.00606937,-0.0235121,-0.643913,-0.55211,2.05316e-05,-0.504253,1.00631,0.000573332,-13.9309,-0.4542,-0.000593863,-0.103317,-0.00606937,0.0235121,0.0221589,-0.0359685,-0.0673471,0.016161,-0.0172783,0.215698,0.42281,0.21327,0.422196,True,True
5.105,-3.17448e-18,0,3.31982e-05,0.00595293,-0.0230694,0.50521,-0.55211,2.52242e-05,-0.504283,1.00631,0.000552808,-13.9309,-0.454203,-0.000578032,-0.103309,-0.00595293,0.0230694,0.0217336,-3.17448e-18,0,-3.32009e-05,0.00595293,-0.0230694,-0.64257,-0.55211,2.52242e-05,-0.504271,1.00631,0.000552808,-13.9309,-0.454203,-0.000578032,-0.103309,-0.00595293,0.0230694,0.0217337,-0.0362659,-0.0670424,0.0158607,-0.016949,0.215652,0.422799,0.21327,0.422196,True,True
5.11,-3.17448e-18,3.85186e-32,3.25865e-05,0.00583868,-0.0226352,0.506527,-0.552109,2.96377e-05,-0.504301,1.00632,0.000533038,-13.9309,-0.454206,-0.000562675,-0.103302,-0.00583868,0.0226352,0.0213164,-3.17448e-18,3.85186e-32,-3.25891e-05,0.00583868,-0.0226352,-0.641253,-0.552109,2.96377e-05,-0.504289,1.00632,0.000533038,-13.931,-0.454206,-0.000562675,-0.103302,-0.00583868,0.0226352,0.0213165,-0.0365577,-0.0667434,0.0155661,-0.0166262,0.215606,0.422787,0.21327,0.422196,True,True
5.115,-3.17448e-18,-3.85186e-32,3.19853e-05,0.00572658,-0.0222093,0.507819,-0.552109,3.37848e-05,-0.504319,1.00632,0.000513992,-13.9309,-0.454209,-0.000547777,-0.103295,-0.00572658,0.0222093,0.020907,-3.17448e-18,-3.85186e-32,-3.1988e-05,0.00572658,-0.0222093,-0.63996,-0.552109,3.37848e-05,-0.504306,1.00632,0.000513992,-13.931,-0.454209,-0.000547777,-0.103295,-0.00572658,0.0222093,0.0209071,-0.0368441,-0.06645,0.0152769,-0.0163096,0.215561,0.422776,0.21327,0.422196,True,True
5.12,-3.17448e-18,-3.85186e-32,3.13945e-05,0.00561659,-0.0217916,0.509087,-0.552109,3.76773e-05,-0.504337,1.00632,0.000495644,-13.9309,-0.454211,-0.000533321,-0.103288,-0.00561659,0.0217916,0.0205053,-3.17448e-18,-3.85186e-32,-3.13973e-05,0.00561659,-0.0217916,-0.638692,-0.552109,3.76773e-05,-0.504323,1.00632,0.000495644,-13.931,-0.454211,-0.000533321,-0.103288,-0.00561659,0.0217916,0.0205054,-0.037125,-0.0661622,0.0149931,-0.0159993,0.215517,0.422765,0.21327,0.422196,True,True
5.125,-3.17448e-18,3.85186e-32,3.0814e-05,0.00550866,-0.021382,0.510331,-0.552109,4.13268e-05,-0.504354,1.00632,0.000477968,-13.931,-0.454214,-0.000519295,-0.103282,-0.00550866,0.021382,0.0201112,-3.17448e-18,3.85186e-32,-3.08168e-05,0.00550866,-0.021382,-0.637447,-0.552109,4.13268e-05,-0.50434,1.00632,0.000477968,-13.931,-0.454214,-0.000519295,-0.103282,-0.00550866,0.021382,0.0201113,-0.0374008,-0.0658798,0.0147147,-0.0156951,0.215474,0.422754,0.21327,0.422196,True,True
5.13,-3.17448e-18,3.85186e-32,3.02436e-05,0.00540277,-0.0209802,0.511552,-0.552109,4.47444e-05,-0.504371,1.00633,0.00046094,-13.931,-0.454216,-0.000505684,-0.103275,-0.00540277,0.0209802,0.0197245,-3.17448e-18,3.85186e-32,-3.02464e-05,0.00540277,-0.0209802,-0.636226,-0.552109,4.47444e-05,-0.504357,1.00633,0.00046094,-13.9311,-0.454216,-0.000505684,-0.103275,-0.00540277,0.0209802,0.0197246,-0.0376713,-0.0656027,0.0144415,-0.0153969,0.215431,0.422743,0.21327,0.422196,True,True
5.135,-3.17448e-18,0,2.96831e-05,0.00529886,-0.0205861,0.51275,-0.552108,4.79406e-05,-0.504387,1.00633,0.000444535,-13.931,-0.454219,-0.000492475,-0.103269,-0.00529886,0.0205861,0.0193451,-3.17448e-18,0,-2.96859e-05,0.00529886,-0.0205861,-0.635028,-0.552108,4.79406e-05,-0.504373,1.00633,0.000444535,-13.9311,-0.454219,-0.000492475,-0.103269,-0.00529886,0.0205861,0.0193452,-0.0379368,-0.0653309,0.0141734,-0.0151045,0.21539,0.422733,0.21327,0.422196,True,True
5.14,-3.17448e-18,-3.85186e-32,2.91324e-05,0.0051969,-0.0201996,0.513925,-0.552108,5.09255e-05,-0.504403,1.00633,0.000428729,-13.931,-0.454221,-0.000479655,-0.103262,-0.0051969,0.0201996,0.0189727,-3.17448e-18,-3.85186e-32,-2.91352e-05,0.0051969,-0.0201996,-0.633853,-0.552108,5.09255e-05,-0.504388,1.00633,0.000428729,-13.9311,-0.454221,-0.000479655,-0.103262,-0.0051969,0.0201996,0.0189728,-0.0381973,-0.0650641,0.0139104,-0.0148179,0.215349,0.422722,0.21327,0.422196,True,True
5.145,-3.17448e-18,0,2.85912e-05,0.00509686,-0.0198206,0.515078,-0.552108,5.3709e-05,-0.504419,1.00633,0.000413502,-13.9311,-0.454224,-0.000467211,-0.103256,-0.00509686,0.0198206,0.0186074,-3.17448e-18,0,-2.85941e-05,0.00509686,-0.0198206,-0.632699,-0.552108,5.3709e-05,-0.504404,1.00633,0.000413502,-13.9311,-0.454224,-0.000467211,-0.103256,-0.00509686,0.0198206,0.0186075,-0.038453,-0.0648024,0.0136523,-0.0145369,0.215309,0.422712,0.21327,0.422196,True,True
5.15,-3.17448e-18,3.85186e-32,2.80595e-05,0.0049987,-0.0194488,0.516209,-0.552108,5.63003e-05,-0.504435,1.00633,0.00039883,-13.9311,-0.454226,-0.000455131,-0.10325,-0.0049987,0.0194488,0.0182489,-3.17448e-18,3.85186e-32,-2.80624e-05,0.0049987,-0.0194488,-0.631568,-0.552108,5.63003e-05,-0.504419,1.00633,0.00039883,-13.9312,-0.454226,-0.000455131,-0.10325,-0.0049987,0.0194488,0.018249,-0.0387039,-0.0645456,0.0133991,-0.0142614,0.21527,0.422702,0.21327,0.422196,True,True
5.155,-3.17448e-18,0,2.75371e-05,0.00490238,-0.0190842,0.51732,-0.552107,5.87083e-05,-0.50445,1.00634,0.000384695,-13.9311,-0.454228,-0.000443403,-0.103245,-0.00490238,0.0190842,0.0178971,-3.17448e-18,0,-2.754e-05,0.00490238,-0.0190842,-0.630457,-0.552107,5.87083e-05,-0.504434,1.00634,0.000384695,-13.9312,-0.454228,-0.000443403,-0.103245,-0.00490238,0.0190842,0.0178972,-0.0389501,-0.0642937,0.0131507,-0.0139913,0.215231,0.422692,0.21327,0.422196,True,True
5.16,-3.17448e-18,0,2.70239e-05,0.00480786,-0.0187267,0.518409,-0.552107,6.09418e-05,-0.504466,1.00634,0.000371075,-13.9311,-0.45423,-0.000432017,-0.103239,-0.00480786,0.0187267,0.0175519,-3.17448e-18,0,-2.70268e-05,0.00480786,-0.0187267,-0.629368,-0.552107,6.09418e-05,-0.504449,1.00634,0.000371075,-13.9312,-0.45423,-0.000432017,-0.103239,-0.00480786,0.0187267,0.017552,-0.0391917,-0.0640465,0.0129069,-0.0137265,0.215193,0.422683,0.21327,0.422196,True,True
5.165,-3.17448e-18,0,2.65196e-05,0.00471511,-0.018376,0.519478,-0.552107,6.30089e-05,-0.50448,1.00634,0.000357952,-13.9312,-0.454233,-0.000420961,-0.103233,-0.00471511,0.018376,0.0172132,-3.17448e-18,0,-2.65225e-05,0.00471511,-0.018376,-0.628298,-0.552107,6.30089e-05,-0.504463,1.00634,0.000357952,-13.9312,-0.454233,-0.000420961,-0.103233,-0.00471511,0.018376,0.0172133,-0.0394288,-0.0638039,0.0126678,-0.0134669,0.215156,0.422674,0.21327,0.422196,True,True
5.17,-3.17448e-18,0,2.60242e-05,0.0046241,-0.0180321,0.520527,-0.552106,6.49175e-05,-0.504495,1.00634,0.000345308,-13.9312,-0.454235,-0.000410225,-0.103228,-0.0046241,0.0180321,0.0168808,-3.17448e-18,0,-2.60271e-05,0.0046241,-0.0180321,-0.627249,-0.552106,6.49175e-05,-0.504477,1.00634,0.000345308,-13.9313,-0.454235,-0.000410225,-0.103228,-0.0046241,0.0180321,0.0168809,-0.0396615,-0.0635659,0.0124332,-0.0132125,0.21512,0.422664,0.21327,0.422196,True,True
5.175,-3.17448e-18,0,2.55374e-05,0.00453479,-0.0176949,0.521556,-0.552106,6.66752e-05,-0.504509,1.00634,0.000333124,-13.9312,-0.454237,-0.000399799,-0.103223,-0.00453479,0.0176949,0.0165547,-3.17448e-18,0,-2.55404e-05,0.00453479,-0.0176949,-0.62622,-0.552106,6.66752e-05,-0.504491,1.00634,0.000333124,-13.9313,-0.454237,-0.000399799,-0.103223,-0.00453479,0.0176949,0.0165548,-0.0398898,-0.0633324,0.012203,-0.012963,0.215084,0.422655,0.21327,0.422196,True,True
5.18,-3.17448e-18,0,2.50592e-05,0.00444715,-0.0173641,0.522566,-0.552106,6.82892e-05,-0.504523,1.00634,0.000321384,-13.9312,-0.454239,-0.000389673,-0.103218,-0.00444715,0.0173641,0.0162346,-3.17448e-18,0,-2.50623e-05,0.00444715,-0.0173641,-0.62521,-0.552106,6.82892e-05,-0.504504,1.00634,0.000321384,-13.9313,-0.454239,-0.000389673,-0.103218,-0.00444715,0.0173641,0.0162347,-0.0401139,-0.0631032,0.0119772,-0.0127184,0.215049,0.422646,0.21327,0.422196,True,True
5.185,-3.17448e-18,0,2.45894e-05,0.00436115,-0.0170398,0.523557,-0.552105,6.97664e-05,-0.504537,1.00635,0.000310071,-13.9312,-0.454241,-0.000379837,-0.103213,-0.00436115,0.0170398,0.0159205,-3.17448e-18,0,-2.45925e-05,0.00436115,-0.0170398,-0.624219,-0.552105,6.97664e-05,-0.504517,1.00635,0.000310071,-13.9313,-0.454241,-0.000379837,-0.103213,-0.00436115,0.0170398,0.0159206,-0.0403338,-0.0628783,0.0117557,-0.0124787,0.215015,0.422638,0.21327,0.422196,True,True
5.19,-3.17448e-18,0,2.41279e-05,0.00427675,-0.0167218,0.524529,-0.552105,7.11136e-05,-0.504551,1.00635,0.00029917,-13.9312,-0.454243,-0.000370283,-0.103208,-0.00427675,0.0167218,0.0156123,-3.17448e-18,0,-2.4131e-05,0.00427675,-0.0167218,-0.623246,-0.552105,7.11136e-05,-0.50453,1.00635,0.00029917,-13.9314,-0.454243,-0.000370283,-0.103208,-0.00427675,0.0167218,0.0156124,-0.0405496,-0.0626577,0.0115384,-0.0122436,0.214981,0.422629,0.21327,0.422196,True,True
5.195,-3.17448e-18,0,2.36745e-05,0.00419393,-0.0164099,0.525483,-0.552105,7.23371e-05,-0.504564,1.00635,0.000288664,-13.9313,-0.454244,-0.000361001,-0.103203,-0.00419393,0.0164099,0.0153098,-3.17448e-18,0,-2.36776e-05,0.00419393,-0.0164099,-0.622291,-0.552105,7.23371e-05,-0.504543,1.00635,0.000288664,-13.9314,-0.454244,-0.000361001,-0.103203,-0.00419393,0.0164099,0.0153099,-0.0407615,-0.0624411,0.0113252,-0.0120132,0.214948,0.422621,0.21327,0.422196,True,True
5.2,-3.17448e-18,-3.85186e-32,2.32291e-05,0.00411265,-0.016104,0.52642,-0.552104,7.3443e-05,-0.504577,1.00635,0.00027854,-13.9313,-0.454246,-0.000351983,-0.103199,-0.00411265,0.016104,0.0150129,-3.17448e-18,-3.85186e-32,-2.32322e-05,0.00411265,-0.016104,-0.621355,-0.552104,7.3443e-05,-0.504555,1.00635,0.00027854,-13.9314,-0.454246,-0.000351983,-0.103199,-0.00411265,0.016104,0.015013,-0.0409693,-0.0622287,0.0111161,-0.0117873,0.214915,0.422613,0.21327,0.422196,True,True
5.205,-3.17448e-18,0,2.27915e-05,0.00403289,-0.0158041,0.527339,-0.552104,7.44371e-05,-0.50459,1.00635,0.000268784,-13.9313,-0.454248,-0.000343221,-0.103194,-0.00403289,0.0158041,0.0147216,-3.17448e-18,0,-2.27947e-05,0.00403289,-0.0158041,-0.620436,-0.552104,7.44371e-05,-0.504568,1.00635,0.000268784,-13.9314,-0.454248,-0.000343221,-0.103194,-0.00403289,0.0158041,0.0147217,-0.0411734,-0.0620201,0.010911,-0.0115659,0.214883,0.422605,0.21327,0.422196,True,True
5.21,-3.17448e-18,3.85186e-32,2.23617e-05,0.00395461,-0.01551,0.528241,-0.552104,7.53252e-05,-0.504603,1.00635,0.000259382,-13.9313,-0.45425,-0.000334707,-0.10319,-0.00395461,0.01551,0.0144357,-3.17448e-18,3.85186e-32,-2.23649e-05,0.00395461,-0.01551,-0.619534,-0.552104,7.53252e-05,-0.50458,1.00635,0.000259382,-13.9314,-0.45425,-0.000334707,-0.10319,-0.00395461,0.01551,0.0144358,-0.0413736,-0.0618155,0.0107097,-0.0113489,0.214852,0.422597,0.21327,0.422196,True,True
5.215,-3.17448e-18,0,2.19394e-05,0.00387779,-0.0152216,0.529126,-0.552103,7.61125e-05,-0.504615,1.00635,0.00025032,-13.9313,-0.454251,-0.000326433,-0.103185,-0.00387779,0.0152216,0.0141551,-3.17448e-18,0,-2.19426e-05,0.00387779,-0.0152216,-0.618648,-0.552103,7.61125e-05,-0.504591,1.00635,0.00025032,-13.9314,-0.454251,-0.000326433,-0.103185,-0.00387779,0.0152216,0.0141552,-0.0415701,-0.0616147,0.0105124,-0.0111361,0.214821,0.422589,0.21327,0.422196,True,True
5.22,-3.17448e-18,0,2.15246e-05,0.00380239,-0.0149388,0.529994,-0.552103,7.68043e-05,-0.504627,1.00636,0.000241587,-13.9313,-0.454253,-0.000318391,-0.103181,-0.00380239,0.0149388,0.0138797,-3.17448e-18,0,-2.15278e-05,0.00380239,-0.0149388,-0.61778,-0.552103,7.68043e-05,-0.504603,1.00636,0.000241587,-13.9315,-0.454253,-0.000318391,-0.103181,-0.00380239,0.0149388,0.0138799,-0.041763,-0.0614176,0.0103188,-0.0109275,0.214791,0.422581,0.21327,0.422196,True,True
5.225,-3.17448e-18,-3.85186e-32,2.11171e-05,0.0037284,-0.0146615,0.530847,-0.552102,7.74053e-05,-0.504639,1.00636,0.00023317,-13.9314,-0.454254,-0.000310576,-0.103177,-0.0037284,0.0146615,0.0136095,-3.17448e-18,-3.85186e-32,-2.11204e-05,0.0037284,-0.0146615,-0.616927,-0.552102,7.74053e-05,-0.504614,1.00636,0.00023317,-13.9315,-0.454254,-0.000310576,-0.103177,-0.0037284,0.0146615,0.0136096,-0.0419523,-0.0612243,0.0101289,-0.010723,0.214761,0.422574,0.21327,0.422196,True,True
5.23,-3.17448e-18,0,2.07168e-05,0.00365578,-0.0143896,0.531683,-0.552102,7.79204e-05,-0.504651,1.00636,0.000225058,-13.9314,-0.454256,-0.000302978,-0.103173,-0.00365578,0.0143896,0.0133442,-3.17448e-18,0,-2.07201e-05,0.00365578,-0.0143896,-0.616091,-0.552102,7.79204e-05,-0.504625,1.00636,0.000225058,-13.9315,-0.454256,-0.000302978,-0.103173,-0.00365578,0.0143896,0.0133443,-0.0421382,-0.0610345,0.00994264,-0.0105226,0.214732,0.422566,0.21327,0.422196,True,True
5.235,-3.17448e-18,0,2.03236e-05,0.0035845,-0.0141231,0.532504,-0.552102,7.83541e-05,-0.504663,1.00636,0.000217238,-13.9314,-0.454257,-0.000295593,-0.103169,-0.0035845,0.0141231,0.0130839,-3.17448e-18,0,-2.03269e-05,0.0035845,-0.0141231,-0.61527,-0.552102,7.83541e-05,-0.504636,1.00636,0.000217238,-13.9315,-0.454257,-0.000295593,-0.103169,-0.0035845,0.0141231,0.013084,-0.0423206,-0.0608482,0.00975997,-0.0103262,0.214704,0.422559,0.21327,0.422196,True,True
5.24,-3.17448e-18,-3.85186e-32,1.99373e-05,0.00351455,-0.0138617,0.53331,-0.552101,7.87107e-05,-0.504674,1.00636,0.000209702,-13.9314,-0.454259,-0.000288412,-0.103165,-0.00351455,0.0138617,0.0128284,-3.17448e-18,-3.85186e-32,-1.99407e-05,0.00351455,-0.0138617,-0.614464,-0.552101,7.87107e-05,-0.504647,1.00636,0.000209702,-13.9315,-0.454259,-0.000288412,-0.103165,-0.00351455,0.0138617,0.0128285,-0.0424996,-0.0606654,0.00958081,-0.0101336,0.214676,0.422552,0.21327,0.422196,True,True
5.245,-3.17448e-18,3.85186e-32,1.95579e-05,0.00344589,-0.0136054,0.534101,-0.552101,7.89943e-05,-0.504685,1.00636,0.000202437,-13.9314,-0.45426,-0.000281431,-0.103162,-0.00344589,0.0136054,0.0125776,-3.17448e-18,3.85186e-32,-1.95613e-05,0.00344589,-0.0136054,-0.613673,-0.552101,7.89943e-05,-0.504657,1.00636,0.000202437,-13.9315,-0.45426,-0.000281431,-0.103162,-0.00344589,0.0136054,0.0125777,-0.0426753,-0.0604859,0.00940511,-0.00994482,0.214648,0.422545,0.21327,0.422196,True,True
5.25,-3.17448e-18,3.85186e-32,1.91852e-05,0.00337849,-0.0133542,0.534877,-0.5521,7.9209e-05,-0.504696,1.00636,0.000195435,-13.9314,-0.454262,-0.000274644,-0.103158,-0.00337849,0.0133542,0.0123314,-3.17448e-18,3.85186e-32,-1.91886e-05,0.00337849,-0.0133542,-0.612896,-0.5521,7.9209e-05,-0.504667,1.00636,0.000195435,-13.9316,-0.454262,-0.000274644,-0.103158,-0.00337849,0.0133542,0.0123315,-0.0428478,-0.0603098,0.00923279,-0.0097598,0.214621,0.422538,0.21327,0.422196,True,True
5.255,-3.17448e-18,0,1.8819e-05,0.00331235,-0.0131078,0.535639,-0.5521,7.93584e-05,-0.504707,1.00636,0.000188684,-13.9314,-0.454263,-0.000268043,-0.103154,-0.00331235,0.0131078,0.0120898,-3.17448e-18,0,-1.88224e-05,0.00331235,-0.0131078,-0.612135,-0.5521,7.93584e-05,-0.504677,1.00636,0.000188684,-13.9316,-0.454263,-0.000268043,-0.103154,-0.00331235,0.0131078,0.0120899,-0.0430171,-0.060137,0.0090638,-0.00957845,0.214595,0.422532,0.21327,0.422196,True,True
5.26,-3.17448e-18,0,1.84594e-05,0.00324742,-0.0128663,0.536386,-0.5521,7.94462e-05,-0.504717,1.00636,0.000182177,-13.9314,-0.454264,-0.000261624,-0.103151,-0.00324742,0.0128663,0.0118526,-3.17448e-18,0,-1.84628e-05,0.00324742,-0.0128663,-0.611387,-0.5521,7.94462e-05,-0.504687,1.00636,0.000182177,-13.9316,-0.454264,-0.000261624,-0.103151,-0.00324742,0.0128663,0.0118527,-0.0431833,-0.0599674,0.00889808,-0.00940069,0.214569,0.422525,0.21327,0.422196,True,True
5.265,-3.17448e-18,-3.85186e-32,1.81061e-05,0.00318368,-0.0126296,0.53712,-0.552099,7.94759e-05,-0.504728,1.00636,0.000175905,-13.9314,-0.454266,-0.000255381,-0.103148,-0.00318368,0.0126296,0.0116198,-3.17448e-18,-3.85186e-32,-1.81095e-05,0.00318368,-0.0126296,-0.610653,-0.552099,7.94759e-05,-0.504697,1.00636,0.000175905,-13.9316,-0.454266,-0.000255381,-0.103148,-0.00318368,0.0126296,0.0116199,-0.0433465,-0.0598008,0.00873557,-0.00922647,0.214543,0.422519,0.21327,0.422196,True,True
5.27,-3.17448e-18,0,1.7759e-05,0.00312112,-0.0123975,0.537841,-0.552099,7.94509e-05,-0.504738,1.00637,0.000169858,-13.9315,-0.454267,-0.000249308,-0.103144,-0.00312112,0.0123975,0.0113912,-3.17448e-18,0,-1.77625e-05,0.00312112,-0.0123975,-0.609932,-0.552099,7.94509e-05,-0.504706,1.00637,0.000169858,-13.9316,-0.454267,-0.000249308,-0.103144,-0.00312112,0.0123975,0.0113914,-0.0435067,-0.0596374,0.00857621,-0.00905572,0.214518,0.422512,0.21327,0.422196,True,True
5.275,-3.17448e-18,3.85186e-32,1.74181e-05,0.00305971,-0.0121699,0.538548,-0.552099,7.93742e-05,-0.504748,1.00637,0.000164028,-13.9315,-0.454268,-0.000243402,-0.103141,-0.00305971,0.0121699,0.0111669,-3.17448e-18,3.85186e-32,-1.74216e-05,0.00305971,-0.0121699,-0.609225,-0.552099,7.93742e-05,-0.504715,1.00637,0.000164028,-13.9316,-0.454268,-0.000243402,-0.103141,-0.00305971,0.0121699,0.011167,-0.0436639,-0.0594769,0.00841995,-0.00888836,0.214494,0.422506,0.21327,0.422196,True,True
5.28,-3.17448e-18,0,1.70832e-05,0.00299942,-0.0119469,0.539242,-0.552098,7.92489e-05,-0.504758,1.00637,0.000158407,-13.9315,-0.454269,-0.000237656,-0.103138,-0.00299942,0.0119469,0.0109467,-3.17448e-18,0,-1.70867e-05,0.00299942,-0.0119469,-0.608531,-0.552098,7.92489e-05,-0.504724,1.00637,0.000158407,-13.9316,-0.454269,-0.000237656,-0.103138,-0.00299942,0.0119469,0.0109468,-0.0438183,-0.0593195,0.00826673,-0.00872435,0.21447,0.4225,0.21327,0.422196,True,True
5.285,-3.17448e-18,0,1.67543e-05,0.00294024,-0.0117282,0.539923,-0.552098,7.9078e-05,-0.504768,1.00637,0.000152989,-13.9315,-0.454271,-0.000232067,-0.103135,-0.00294024,0.0117282,0.0107305,-3.17448e-18,0,-1.67578e-05,0.00294024,-0.0117282,-0.607849,-0.552098,7.9078e-05,-0.504733,1.00637,0.000152989,-13.9317,-0.454271,-0.000232067,-0.103135,-0.00294024,0.0117282,0.0107306,-0.0439698,-0.0591648,0.0081165,-0.0085636,0.214446,0.422494,0.21327,0.422196,True,True
5.29,-3.17448e-18,0,1.64311e-05,0.00288214,-0.0115139,0.540592,-0.552097,7.88641e-05,-0.504777,1.00637,0.000147764,-13.9315,-0.454272,-0.000226628,-0.103132,-0.00288214,0.0115139,0.0105182,-3.17448e-18,0,-1.64346e-05,0.00288214,-0.0115139,-0.60718,-0.552097,7.88641e-05,-0.504742,1.00637,0.000147764,-13.9317,-0.454272,-0.000226628,-0.103132,-0.00288214,0.0115139,0.0105183,-0.0441186,-0.0590131,0.0079692,-0.00840607,0.214423,0.422488,0.21327,0.422196,True,True
5.295,-3.17448e-18,0,1.61137e-05,0.0028251,-0.0113038,0.541249,-0.552097,7.861e-05,-0.504787,1.00637,0.000142727,-13.9315,-0.454273,-0.000221337,-0.103129,-0.0028251,0.0113038,0.0103098,-3.17448e-18,0,-1.61172e-05,0.0028251,-0.0113038,-0.606524,-0.552097,7.861e-05,-0.50475,1.00637,0.000142727,-13.9317,-0.454273,-0.000221337,-0.103129,-0.0028251,0.0113038,0.01031,-0.0442647,-0.0588641,0.00782478,-0.00825168,0.2144,0.422482,0.21327,0.422196,True,True
5.3,-3.17448e-18,0,1.58018e-05,0.0027691,-0.0110978,0.541893,-0.552097,7.83182e-05,-0.504796,1.00637,0.00013787,-13.9315,-0.454274,-0.000216188,-0.103126,-0.0027691,0.0110978,0.0101052,-3.17448e-18,0,-1.58054e-05,0.0027691,-0.0110978,-0.605879,-0.552097,7.83182e-05,-0.504759,1.00637,0.00013787,-13.9317,-0.454274,-0.000216188,-0.103126,-0.0027691,0.0110978,0.0101054,-0.0444081,-0.0587178,0.00768319,-0.00810039,0.214378,0.422477,0.21327,0.422196,True,True
5.305,-3.17448e-18,0,1.54955e-05,0.00271412,-0.010896,0.542526,-0.552096,7.79911e-05,-0.504805,1.00637,0.000133186,-13.9315,-0.454275,-0.000211177,-0.103123,-0.00271412,0.010896,0.00990439,-3.17448e-18,0,-1.54991e-05,0.00271412,-0.010896,-0.605246,-0.552096,7.79911e-05,-0.504767,1.00637,0.000133186,-13.9317,-0.454275,-0.000211177,-0.103123,-0.00271412,0.010896,0.00990452,-0.044549,-0.0585742,0.00754439,-0.00795214,0.214356,0.422471,0.21327,0.422196,True,True
5.31,-3.17448e-18,0,1.51946e-05,0.00266014,-0.0106982,0.543147,-0.552096,7.7631e-05,-0.504814,1.00637,0.00012867,-13.9315,-0.454276,-0.000206301,-0.103121,-0.00266014,0.0106982,0.00970717,-3.17448e-18,0,-1.51981e-05,0.00266014,-0.0106982,-0.604625,-0.552096,7.7631e-05,-0.504775,1.00637,0.00012867,-13.9317,-0.454276,-0.000206301,-0.103121,-0.00266014,0.0106982,0.0097073,-0.0446873,-0.0584332,0.00740832,-0.00780687,0.214334,0.422466,0.21327,0.422196,True,True
5.315,-3.17448e-18,0,1.4899e-05,0.00260714,-0.0105043,0.543757,-0.552095,7.72401e-05,-0.504823,1.00637,0.000124316,-13.9315,-0.454277,-0.000201556,-0.103118,-0.00260714,0.0105043,0.00951353,-3.17448e-18,0,-1.49025e-05,0.00260714,-0.0105043,-0.604015,-0.552095,7.72401e-05,-0.504783,1.00637,0.000124316,-13.9317,-0.454277,-0.000201556,-0.103118,-0.00260714,0.0105043,0.00951366,-0.044823,-0.0582948,0.00727493,-0.00766451,0.214313,0.42246,0.21327,0.422196,True,True
5.32,-3.17448e-18,0,1.46085e-05,0.0025551,-0.0103143,0.544356,-0.552095,7.68206e-05,-0.504831,1.00637,0.000120116,-13.9315,-0.454278,-0.000196937,-0.103115,-0.0025551,0.0103143,0.00932339,-3.17448e-18,0,-1.46121e-05,0.0025551,-0.0103143,-0.603416,-0.552095,7.68206e-05,-0.50479,1.00637,0.000120116,-13.9317,-0.454278,-0.000196937,-0.103115,-0.0025551,0.0103143,0.00932352,-0.0449564,-0.0581589,0.00714417,-0.00752503,0.214292,0.422455,0.21327,0.422196,True,True
5.325,-3.17448e-18,0,1.43232e-05,0.002504,-0.0101281,0.544944,-0.552095,7.63744e-05,-0.50484,1.00637,0.000116066,-13.9315,-0.454279,-0.000192441,-0.103113,-0.002504,0.0101281,0.00913668,-3.17448e-18,0,-1.43268e-05,0.002504,-0.0101281,-0.602828,-0.552095,7.63744e-05,-0.504798,1.00637,0.000116066,-13.9318,-0.454279,-0.000192441,-0.103113,-0.002504,0.0101281,0.00913682,-0.0450873,-0.0580254,0.00701601,-0.00738837,0.214272,0.42245,0.21327,0.422196,True,True
5.33,-3.17448e-18,0,1.40429e-05,0.00245382,-0.0099456,0.545521,-0.552094,7.59035e-05,-0.504848,1.00637,0.000112161,-13.9315,-0.45428,-0.000188064,-0.10311,-0.00245382,0.0099456,0.00895334,-3.17448e-18,0,-1.40465e-05,0.00245382,-0.0099456,-0.60225,-0.552094,7.59035e-05,-0.504805,1.00637,0.000112161,-13.9318,-0.45428,-0.000188064,-0.10311,-0.00245382,0.0099456,0.00895347,-0.0452159,-0.0578944,0.00689039,-0.00725446,0.214251,0.422445,0.21327,0.422196,True,True
5.335,-3.17448e-18,0,1.37676e-05,0.00240454,-0.00976679,0.546088,-0.552094,7.54097e-05,-0.504856,1.00637,0.000108394,-13.9316,-0.454281,-0.000183804,-0.103108,-0.00240454,0.00976679,0.00877329,-3.17448e-18,0,-1.37712e-05,0.00240454,-0.00976679,-0.601683,-0.552094,7.54097e-05,-0.504813,1.00637,0.000108394,-13.9318,-0.454281,-0.000183804,-0.103108,-0.00240454,0.00976679,0.00877342,-0.0453422,-0.0577657,0.00676727,-0.00712328,0.214232,0.42244,0.21327,0.422196,True,True
5.34,-3.17448e-18,0,1.3497e-05,0.00235615,-0.00959158,0.546645,-0.552093,7.48948e-05,-0.504864,1.00638,0.000104761,-13.9316,-0.454282,-0.000179656,-0.103106,-0.00235615,0.00959158,0.00859647,-3.17448e-18,0,-1.35007e-05,0.00235615,-0.00959158,-0.601127,-0.552093,7.48948e-05,-0.50482,1.00638,0.000104761,-13.9318,-0.454282,-0.000179656,-0.103106,-0.00235615,0.00959158,0.0085966,-0.0454662,-0.0576393,0.0066466,-0.00699475,0.214212,0.422435,0.21327,0.422196,True,True
5.345,-3.17448e-18,0,1.32313e-05,0.00230863,-0.00941991,0.547192,-0.552093,7.43604e-05,-0.504872,1.00638,0.000101258,-13.9316,-0.454283,-0.000175618,-0.103103,-0.00230863,0.00941991,0.00842281,-3.17448e-18,0,-1.32349e-05,0.00230863,-0.00941991,-0.60058,-0.552093,7.43604e-05,-0.504827,1.00638,0.000101258,-13.9318,-0.454283,-0.000175618,-0.103103,-0.00230863,0.00941991,0.00842295,-0.045588,-0.0575152,0.00652835,-0.00686884,0.214193,0.42243,0.21327,0.422196,True,True
5.35,-3.17448e-18,0,1.29701e-05,0.00226195,-0.0092517,0.547729,-0.552093,7.38081e-05,-0.50488,1.00638,9.78781e-05,-13.9316,-0.454284,-0.000171686,-0.103101,-0.00226195,0.0092517,0.00825226,-3.17448e-18,0,-1.29737e-05,0.00226195,-0.0092517,-0.600043,-0.552093,7.38081e-05,-0.504833,1.00638,9.78781e-05,-13.9318,-0.454284,-0.000171686,-0.103101,-0.00226195,0.0092517,0.0082524,-0.0457076,-0.0573934,0.00641247,-0.0067455,0.214175,0.422425,0.21327,0.422196,True,True
5.355,-3.17448e-18,0,1.27136e-05,0.00221611,-0.00908691,0.548256,-0.552092,7.32395e-05,-0.504888,1.00638,9.46184e-05,-13.9316,-0.454284,-0.000167858,-0.103099,-0.00221611,0.00908691,0.00808474,-3.17448e-18,0,-1.27172e-05,0.00221611,-0.00908691,-0.599516,-0.552092,7.32395e-05,-0.50484,1.00638,9.46184e-05,-13.9318,-0.454284,-0.000167858,-0.103099,-0.00221611,0.00908691,0.00808488,-0.0458251,-0.0572736,0.00629891,-0.00662468,0.214156,0.422421,0.21327,0.422196,True,True
5.36,-3.17448e-18,0,1.24615e-05,0.00217108,-0.00892546,0.548774,-0.552092,7.2656e-05,-0.504895,1.00638,9.1474e-05,-13.9316,-0.454285,-0.00016413,-0.103097,-0.00217108,0.00892546,0.0079202,-3.17448e-18,0,-1.24651e-05,0.00217108,-0.00892546,-0.598998,-0.552092,7.2656e-05,-0.504847,1.00638,9.1474e-05,-13.9318,-0.454285,-0.00016413,-0.103097,-0.00217108,0.00892546,0.00792034,-0.0459406,-0.0571561,0.00618765,-0.00650634,0.214138,0.422416,0.21327,0.422196,True,True
5.365,-3.17448e-18,0,1.22138e-05,0.00212685,-0.00876731,0.549282,-0.552092,7.20589e-05,-0.504903,1.00638,8.84409e-05,-13.9316,-0.454286,-0.0001605,-0.103095,-0.00212685,0.00876731,0.00775857,-3.17448e-18,0,-1.22174e-05,0.00212685,-0.00876731,-0.598489,-0.552092,7.20589e-05,-0.504853,1.00638,8.84409e-05,-13.9318,-0.454286,-0.0001605,-0.103095,-0.00212685,0.00876731,0.00775871,-0.046054,-0.0570406,0.00607863,-0.00639042,0.214121,0.422412,0.21327,0.422196,True,True
5.37,-3.17448e-18,0,1.19704e-05,0.00208341,-0.00861238,0.549782,-0.552091,7.14496e-05,-0.50491,1.00638,8.5515e-05,-13.9316,-0.454287,-0.000156965,-0.103093,-0.00208341,0.00861238,0.0075998,-3.17448e-18,0,-1.1974e-05,0.00208341,-0.00861238,-0.59799,-0.552091,7.14496e-05,-0.504859,1.00638,8.5515e-05,-13.9319,-0.454287,-0.000156965,-0.103093,-0.00208341,0.00861238,0.00759994,-0.0461653,-0.0569272,0.00597183,-0.00627689,0.214103,0.422407,0.21327,0.422196,True,True
5.375,-3.17448e-18,0,1.17313e-05,0.00204073,-0.00846064,0.550272,-0.552091,7.08294e-05,-0.504917,1.00638,8.26923e-05,-13.9316,-0.454288,-0.000153522,-0.103091,-0.00204073,0.00846064,0.00744383,-3.17448e-18,0,-1.17349e-05,0.00204073,-0.00846064,-0.597499,-0.552091,7.08294e-05,-0.504865,1.00638,8.26923e-05,-13.9319,-0.454288,-0.000153522,-0.103091,-0.00204073,0.00846064,0.00744397,-0.0462748,-0.0568157,0.00586719,-0.00616571,0.214086,0.422403,0.21327,0.422196,True,True
5.38,-3.17448e-18,0,1.14963e-05,0.0019988,-0.00831201,0.550754,-0.552091,7.01994e-05,-0.504924,1.00638,7.99691e-05,-13.9316,-0.454288,-0.000150169,-0.103089,-0.0019988,0.00831201,0.0072906,-3.17448e-18,0,-1.14999e-05,0.0019988,-0.00831201,-0.597017,-0.552091,7.01994e-05,-0.504871,1.00638,7.99691e-05,-13.9319,-0.454288,-0.000150169,-0.103089,-0.0019988,0.00831201,0.00729073,-0.0463823,-0.0567063,0.00576469,-0.00605682,0.214069,0.422399,0.21327,0.422196,True,True
5.385,-3.17448e-18,0,1.12654e-05,0.00195761,-0.00816644,0.551228,-0.55209,6.95608e-05,-0.504931,1.00638,7.73419e-05,-13.9316,-0.454289,-0.000146903,-0.103087,-0.00195761,0.00816644,0.00714005,-3.17448e-18,0,-1.1269e-05,0.00195761,-0.00816644,-0.596544,-0.55209,6.95608e-05,-0.504877,1.00638,7.73419e-05,-13.9319,-0.454289,-0.000146903,-0.103087,-0.00195761,0.00816644,0.00714018,-0.0464879,-0.0565987,0.00566429,-0.0059502,0.214053,0.422395,0.21327,0.422196,True,True
5.39,-3.17448e-18,-3.85186e-32,1.10385e-05,0.00191714,-0.00802389,0.551693,-0.55209,6.89147e-05,-0.504938,1.00638,7.48071e-05,-13.9316,-0.45429,-0.000143722,-0.103085,-0.00191714,0.00802389,0.00699212,-3.17448e-18,-3.85186e-32,-1.10421e-05,0.00191714,-0.00802389,-0.596078,-0.55209,6.89147e-05,-0.504883,1.00638,7.48071e-05,-13.9319,-0.45429,-0.000143722,-0.103085,-0.00191714,0.00802389,0.00699226,-0.0465917,-0.056493,0.00556595,-0.0058458,0.214037,0.422391,0.21327,0.422196,True,True
5.395,-3.17448e-18,-3.85186e-32,1.08155e-05,0.00187737,-0.00788429,0.55215,-0.55209,6.8262e-05,-0.504945,1.00638,7.23615e-05,-13.9316,-0.454291,-0.000140623,-0.103083,-0.00187737,0.00788429,0.00684677,-3.17448e-18,-3.85186e-32,-1.08191e-05,0.00187737,-0.00788429,-0.595621,-0.55209,6.8262e-05,-0.504889,1.00638,7.23615e-05,-13.9319,-0.454291,-0.000140623,-0.103083,-0.00187737,0.00788429,0.00684691,-0.0466937,-0.0563892,0.00546964,-0.00574357,0.214021,0.422387,0.21327,0.422196,True,True
5.4,-3.17448e-18,0,1.05963e-05,0.00183829,-0.0077476,0.552599,-0.552089,6.76038e-05,-0.504952,1.00638,7.00016e-05,-13.9316,-0.454291,-0.000137605,-0.103081,-0.00183829,0.0077476,0.00670394,-3.17448e-18,0,-1.05999e-05,0.00183829,-0.0077476,-0.595172,-0.552089,6.76038e-05,-0.504894,1.00638,7.00016e-05,-13.9319,-0.454291,-0.000137605,-0.103081,-0.00183829,0.0077476,0.00670408,-0.046794,-0.0562872,0.00537532,-0.00564349,0.214005,0.422383,0.21327,0.422196,True,True
5.405,-3.17448e-18,3.85186e-32,1.03809e-05,0.00179989,-0.00761377,0.55304,-0.552089,6.6941e-05,-0.504958,1.00638,6.77246e-05,-13.9316,-0.454292,-0.000134666,-0.10308,-0.00179989,0.00761377,0.00656358,-3.17448e-18,3.85186e-32,-1.03845e-05,0.00179989,-0.00761377,-0.594731,-0.552089,6.6941e-05,-0.5049,1.00638,6.77246e-05,-13.9319,-0.454292,-0.000134666,-0.10308,-0.00179989,0.00761377,0.00656372,-0.0468925,-0.056187,0.00528295,-0.00554552,0.21399,0.422379,0.21327,0.422196,True,True
5.41,-3.17448e-18,3.85186e-32,1.01692e-05,0.00176216,-0.00748274,0.553474,-0.552089,6.62745e-05,-0.504965,1.00638,6.55273e-05,-13.9316,-0.454293,-0.000131802,-0.103078,-0.00176216,0.00748274,0.00642563,-3.17448e-18,3.85186e-32,-1.01728e-05,0.00176216,-0.00748274,-0.594298,-0.552089,6.62745e-05,-0.504905,1.00638,6.55273e-05,-13.9319,-0.454293,-0.000131802,-0.103078,-0.00176216,0.00748274,0.00642577,-0.0469893,-0.0560884,0.00519251,-0.00544961,0.213975,0.422375,0.21327,0.422196,True,True
5.415,-3.17448e-18,0,9.96109e-06,0.00172507,-0.00735448,0.5539,-0.552088,6.56052e-05,-0.504971,1.00638,6.34069e-05,-13.9316,-0.454293,-0.000129012,-0.103076,-0.00172507,0.00735448,0.00629005,-3.17448e-18,0,-9.96468e-06,0.00172507,-0.00735448,-0.593871,-0.552088,6.56052e-05,-0.50491,1.00638,6.34069e-05,-13.9319,-0.454293,-0.000129012,-0.103076,-0.00172507,0.00735448,0.00629018,-0.0470845,-0.0559916,0.00510397,-0.00535573,0.21396,0.422371,0.21327,0.422196,True,True
5.42,-3.17448e-18,0,9.75655e-06,0.00168861,-0.00722892,0.554318,-0.552088,6.49337e-05,-0.504978,1.00638,6.13606e-05,-13.9316,-0.454294,-0.000126294,-0.103075,-0.00168861,0.00722892,0.00615678,-3.17448e-18,0,-9.76014e-06,0.00168861,-0.00722892,-0.593453,-0.552088,6.49337e-05,-0.504915,1.00638,6.13606e-05,-13.9319,-0.454294,-0.000126294,-0.103075,-0.00168861,0.00722892,0.00615691,-0.047178,-0.0558964,0.00501728,-0.00526384,0.213945,0.422367,0.21327,0.422196,True,True
5.425,-3.17448e-18,0,9.55549e-06,0.00165278,-0.00710603,0.55473,-0.552088,6.4261e-05,-0.504984,1.00638,5.93858e-05,-13.9316,-0.454294,-0.000123647,-0.103073,-0.00165278,0.00710603,0.00602577,-3.17448e-18,0,-9.55907e-06,0.00165278,-0.00710603,-0.593041,-0.552088,6.4261e-05,-0.50492,1.00638,5.93858e-05,-13.932,-0.454294,-0.000123647,-0.103073,-0.00165278,0.00710603,0.00602591,-0.04727,-0.0558029,0.00493243,-0.00517392,0.213931,0.422364,0.21327,0.422196,True,True
5.43,-3.17448e-18,0,9.35784e-06,0.00161755,-0.00698576,0.555134,-0.552087,6.35876e-05,-0.50499,1.00638,5.74798e-05,-13.9316,-0.454295,-0.000121067,-0.103071,-0.00161755,0.00698576,0.00589698,-3.17448e-18,0,-9.36141e-06,0.00161755,-0.00698576,-0.592637,-0.552087,6.35876e-05,-0.504925,1.00638,5.74798e-05,-13.932,-0.454295,-0.000121067,-0.103071,-0.00161755,0.00698576,0.00589712,-0.0473604,-0.0557109,0.00484938,-0.00508593,0.213917,0.42236,0.21327,0.422196,True,True
5.435,-3.17448e-18,0,9.16352e-06,0.00158292,-0.00686807,0.555532,-0.552087,6.29144e-05,-0.504996,1.00638,5.56402e-05,-13.9316,-0.454296,-0.000118555,-0.10307,-0.00158292,0.00686807,0.00577037,-3.17448e-18,0,-9.16709e-06,0.00158292,-0.00686807,-0.592239,-0.552087,6.29144e-05,-0.50493,1.00638,5.56402e-05,-13.932,-0.454296,-0.000118555,-0.10307,-0.00158292,0.00686807,0.0057705,-0.0474493,-0.0556205,0.00476809,-0.00499983,0.213903,0.422357,0.21327,0.422196,True,True
5.44,-3.17448e-18,0,8.97249e-06,0.00154887,-0.00675291,0.555923,-0.552087,6.22419e-05,-0.505002,1.00638,5.38646e-05,-13.9316,-0.454296,-0.000116107,-0.103068,-0.00154887,0.00675291,0.00564587,-3.17448e-18,0,-8.97604e-06,0.00154887,-0.00675291,-0.591848,-0.552087,6.22419e-05,-0.504934,1.00638,5.38646e-05,-13.932,-0.454296,-0.000116107,-0.103068,-0.00154887,0.00675291,0.00564601,-0.0475367,-0.0555316,0.00468855,-0.00491559,0.213889,0.422353,0.21327,0.422196,True,True
5.445,-3.17448e-18,0,8.78466e-06,0.00151539,-0.00664024,0.556307,-0.552086,6.15708e-05,-0.505008,1.00638,5.21507e-05,-13.9316,-0.454297,-0.000113722,-0.103067,-0.00151539,0.00664024,0.00552345,-3.17448e-18,0,-8.7882e-06,0.00151539,-0.00664024,-0.591464,-0.552086,6.15708e-05,-0.504939,1.00638,5.21507e-05,-13.932,-0.454297,-0.000113722,-0.103067,-0.00151539,0.00664024,0.00552359,-0.0476226,-0.0554442,0.00461071,-0.00483319,0.213876,0.42235,0.21327,0.422196,True,True
5.45,-3.17448e-18,0,8.59997e-06,0.00148247,-0.00653002,0.556685,-0.552086,6.09017e-05,-0.505014,1.00638,5.04963e-05,-13.9316,-0.454297,-0.000111398,-0.103066,-0.00148247,0.00653002,0.00540307,-3.17448e-18,0,-8.60351e-06,0.00148247,-0.00653002,-0.591086,-0.552086,6.09017e-05,-0.504943,1.00638,5.04963e-05,-13.932,-0.454297,-0.000111398,-0.103066,-0.00148247,0.00653002,0.0054032,-0.0477072,-0.0553583,0.00453456,-0.00475258,0.213863,0.422347,0.21327,0.422196,True,True
5.455,-3.17448e-18,0,8.41837e-06,0.00145009,-0.00642221,0.557056,-0.552086,6.0235e-05,-0.505019,1.00638,4.88992e-05,-13.9316,-0.454298,-0.000109134,-0.103064,-0.00145009,0.00642221,0.00528467,-3.17448e-18,0,-8.42189e-06,0.00145009,-0.00642221,-0.590715,-0.552086,6.0235e-05,-0.504948,1.00638,4.88992e-05,-13.932,-0.454298,-0.000109134,-0.103064,-0.00145009,0.00642221,0.0052848,-0.0477903,-0.0552738,0.00446007,-0.00467374,0.21385,0.422343,0.21327,0.422196,True,True
5.46,-3.17448e-18,-3.85186e-32,8.23978e-06,0.00141825,-0.00631677,0.557421,-0.552085,5.95714e-05,-0.505025,1.00638,4.73573e-05,-13.9316,-0.454299,-0.000106929,-0.103063,-0.00141825,0.00631677,0.00516822,-3.17448e-18,-3.85186e-32,-8.2433e-06,0.00141825,-0.00631677,-0.590349,-0.552085,5.95714e-05,-0.504952,1.00638,4.73573e-05,-13.932,-0.454299,-0.000106929,-0.103063,-0.00141825,0.00631677,0.00516835,-0.0478721,-0.0551907,0.00438721,-0.00459664,0.213837,0.42234,0.21327,0.422196,True,True
5.465,-3.17448e-18,0,8.06415e-06,0.00138692,-0.00621366,0.557781,-0.552085,5.89114e-05,-0.50503,1.00638,4.58688e-05,-13.9316,-0.454299,-0.00010478,-0.103061,-0.00138692,0.00621366,0.00505366,-3.17448e-18,0,-8.06766e-06,0.00138692,-0.00621366,-0.58999,-0.552085,5.89114e-05,-0.504956,1.00638,4.58688e-05,-13.932,-0.454299,-0.00010478,-0.103061,-0.00138692,0.00621366,0.0050538,-0.0479525,-0.0551089,0.00431595,-0.00452125,0.213825,0.422337,0.21327,0.422196,True,True
5.47,-3.17448e-18,3.85186e-32,7.89142e-06,0.00135611,-0.00611284,0.558134,-0.552085,5.82553e-05,-0.505036,1.00638,4.44316e-05,-13.9316,-0.4543,-0.000102687,-0.10306,-0.00135611,0.00611284,0.00494097,-3.17448e-18,3.85186e-32,-7.89491e-06,0.00135611,-0.00611284,-0.589637,-0.552085,5.82553e-05,-0.50496,1.00638,4.44316e-05,-13.932,-0.4543,-0.000102687,-0.10306,-0.00135611,0.00611284,0.0049411,-0.0480317,-0.0550284,0.00424627,-0.00444755,0.213812,0.422334,0.21327,0.422196,True,True
5.475,-3.17448e-18,0,7.72152e-06,0.0013258,-0.00601428,0.558482,-0.552084,5.76037e-05,-0.505041,1.00638,4.3044e-05,-13.9316,-0.4543,-0.000100648,-0.103059,-0.0013258,0.00601428,0.0048301,-3.17448e-18,0,-7.725e-06,0.0013258,-0.00601428,-0.589289,-0.552084,5.76037e-05,-0.504964,1.00638,4.3044e-05,-13.932,-0.4543,-0.000100648,-0.103059,-0.0013258,0.00601428,0.00483023,-0.0481095,-0.0549493,0.00417814,-0.0043755,0.2138,0.422331,0.21327,0.422196,True,True
5.48,-3.17448e-18,0,7.55441e-06,0.00129597,-0.00591793,0.558824,-0.552084,5.6957e-05,-0.505047,1.00638,4.17041e-05,-13.9316,-0.454301,-9.86611e-05,-0.103058,-0.00129597,0.00591793,0.004721,-3.17448e-18,0,-7.55787e-06,0.00129597,-0.00591793,-0.588947,-0.552084,5.6957e-05,-0.504968,1.00638,4.17041e-05,-13.932,-0.454301,-9.86611e-05,-0.103058,-0.00129597,0.00591793,0.00472113,-0.0481862,-0.0548715,0.00411154,-0.00430507,0.213788,0.422328,0.21327,0.422196,True,True
5.485,-3.17448e-18,0,7.39001e-06,0.00126662,-0.00582377,0.55916,-0.552084,5.63155e-05,-0.505052,1.00638,4.04103e-05,-13.9316,-0.454301,-9.67258e-05,-0.103056,-0.00126662,0.00582377,0.00461364,-3.17448e-18,0,-7.39346e-06,0.00126662,-0.00582377,-0.588611,-0.552084,5.63155e-05,-0.504972,1.00638,4.04103e-05,-13.9321,-0.454301,-9.67258e-05,-0.103056,-0.00126662,0.00582377,0.00461377,-0.0482616,-0.0547948,0.00404644,-0.00423625,0.213776,0.422325,0.21327,0.422196,True,True
5.49,-3.17448e-18,0,7.22829e-06,0.00123773,-0.00573176,0.559491,-0.552084,5.56797e-05,-0.505057,1.00639,3.91609e-05,-13.9316,-0.454302,-9.48406e-05,-0.103055,-0.00123773,0.00573176,0.00450798,-3.17448e-18,0,-7.23171e-06,0.00123773,-0.00573176,-0.58828,-0.552084,5.56797e-05,-0.504976,1.00639,3.91609e-05,-13.9321,-0.454302,-9.48406e-05,-0.103055,-0.00123773,0.00573176,0.00450811,-0.0483358,-0.0547194,0.00398283,-0.004169,0.213765,0.422322,0.21327,0.422196,True,True
5.495,-3.17448e-18,0,7.06917e-06,0.0012093,-0.00564186,0.559817,-0.552083,5.50499e-05,-0.505062,1.00639,3.79543e-05,-13.9316,-0.454302,-9.30042e-05,-0.103054,-0.0012093,0.00564186,0.00440398,-3.17448e-18,0,-7.07258e-06,0.0012093,-0.00564186,-0.587954,-0.552083,5.50499e-05,-0.504979,1.00639,3.79543e-05,-13.9321,-0.454302,-9.30042e-05,-0.103054,-0.0012093,0.00564186,0.00440411,-0.0484088,-0.0546452,0.00392067,-0.00410331,0.213754,0.422319,0.21327,0.422196,True,True
5.5,-3.17448e-18,0,6.91262e-06,0.00118131,-0.00555404,0.560138,-0.552083,5.44265e-05,-0.505067,1.00639,3.67889e-05,-13.9316,-0.454302,-9.12155e-05,-0.103053,-0.00118131,0.00555404,0.0043016,-3.17448e-18,0,-6.91601e-06,0.00118131,-0.00555404,-0.587633,-0.552083,5.44265e-05,-0.504983,1.00639,3.67889e-05,-13.9321,-0.454302,-9.12155e-05,-0.103053,-0.00118131,0.00555404,0.00430173,-0.0484808,-0.0545722,0.00385995,-0.00403914,0.213742,0.422316,0.21327,0.422196,True,True
5.505,-3.17448e-18,0,6.75857e-06,0.00115376,-0.00546827,0.560453,-0.552083,5.38097e-05,-0.505072,1.00639,3.56634e-05,-13.9316,-0.454303,-8.94732e-05,-0.103052,-0.00115376,0.00546827,0.0042008,-3.17448e-18,0,-6.76194e-06,0.00115376,-0.00546827,-0.587317,-0.552083,5.38097e-05,-0.504986,1.00639,3.56634e-05,-13.9321,-0.454303,-8.94732e-05,-0.103052,-0.00115376,0.00546827,0.00420093,-0.0485516,-0.0545002,0.00380064,-0.00397647,0.213731,0.422313,0.21327,0.422196,True,True
5.51,-3.17448e-18,0,6.60699e-06,0.00112663,-0.00538453,0.560764,-0.552083,5.31999e-05,-0.505077,1.00639,3.45763e-05,-13.9316,-0.454303,-8.77762e-05,-0.103051,-0.00112663,0.00538453,0.00410156,-3.17448e-18,0,-6.61034e-06,0.00112663,-0.00538453,-0.587006,-0.552083,5.31999e-05,-0.50499,1.00639,3.45763e-05,-13.9321,-0.454303,-8.77762e-05,-0.103051,-0.00112663,0.00538453,0.00410168,-0.0486213,-0.0544294,0.00374272,-0.00391527,0.21372,0.42231,0.21327,0.422196,True,True
5.515,-3.17448e-18,-3.85186e-32,6.45781e-06,0.00109991,-0.00530276,0.56107,-0.552082,5.25973e-05,-0.505082,1.00639,3.35262e-05,-13.9316,-0.454304,-8.61235e-05,-0.10305,-0.00109991,0.00530276,0.00400382,-3.17448e-18,-3.85186e-32,-6.46114e-06,0.00109991,-0.00530276,-0.5867,-0.552082,5.25973e-05,-0.504993,1.00639,3.35262e-05,-13.9321,-0.454304,-8.61235e-05,-0.10305,-0.00109991,0.00530276,0.00400395,-0.0486899,-0.0543597,0.00368617,-0.00385554,0.21371,0.422308,0.21327,0.422196,True,True
5.52,-3.17448e-18,0,6.311e-06,0.0010736,-0.00522296,0.561372,-0.552082,5.20023e-05,-0.505087,1.00639,3.25117e-05,-13.9316,-0.454304,-8.4514e-05,-0.103049,-0.0010736,0.00522296,0.00390757,-3.17448e-18,0,-6.3143e-06,0.0010736,-0.00522296,-0.586399,-0.552082,5.20023e-05,-0.504997,1.00639,3.25117e-05,-13.9321,-0.454304,-8.4514e-05,-0.103049,-0.0010736,0.00522296,0.00390769,-0.0487576,-0.054291,0.00363097,-0.00379723,0.213699,0.422305,0.21327,0.422196,True,True
5.525,-3.17448e-18,3.85186e-32,6.16651e-06,0.00104768,-0.00514508,0.561669,-0.552082,5.1415e-05,-0.505091,1.00639,3.15317e-05,-13.9316,-0.454305,-8.29467e-05,-0.103048,-0.00104768,0.00514508,0.00381275,-3.17448e-18,3.85186e-32,-6.16978e-06,0.00104768,-0.00514508,-0.586102,-0.552082,5.1415e-05,-0.505,1.00639,3.15317e-05,-13.9321,-0.454305,-8.29467e-05,-0.103048,-0.00104768,0.00514508,0.00381287,-0.0488242,-0.0542234,0.00357711,-0.00374034,0.213689,0.422302,0.21327,0.422196,True,True
5.53,-3.17448e-18,0,6.0243e-06,0.00102215,-0.0050691,0.561961,-0.552082,5.08357e-05,-0.505096,1.00639,3.05848e-05,-13.9316,-0.454305,-8.14205e-05,-0.103047,-0.00102215,0.0050691,0.00371934,-3.17448e-18,0,-6.02754e-06,0.00102215,-0.0050691,-0.585809,-0.552082,5.08357e-05,-0.505003,1.00639,3.05848e-05,-13.9321,-0.454305,-8.14205e-05,-0.103047,-0.00102215,0.0050691,0.00371946,-0.0488898,-0.0541567,0.00352455,-0.00368483,0.213679,0.4223,0.21327,0.422196,True,True
5.535,-3.17448e-18,0,5.88432e-06,0.000996992,-0.00499499,0.562249,-0.552081,5.02646e-05,-0.505101,1.00639,2.96699e-05,-13.9316,-0.454305,-7.99345e-05,-0.103046,-0.000996992,0.00499499,0.0036273,-3.17448e-18,0,-5.88753e-06,0.000996992,-0.00499499,-0.585521,-0.552081,5.02646e-05,-0.505006,1.00639,2.96699e-05,-13.9321,-0.454305,-7.99345e-05,-0.103046,-0.000996992,0.00499499,0.00362743,-0.0489545,-0.054091,0.00347329,-0.0036307,0.213669,0.422297,0.21327,0.422196,True,True
5.54,-3.17448e-18,0,5.74653e-06,0.0009722,-0.00492273,0.562533,-0.552081,4.97019e-05,-0.505105,1.00639,2.87859e-05,-13.9316,-0.454306,-7.84878e-05,-0.103045,-0.0009722,0.00492273,0.0035366,-3.17448e-18,0,-5.74971e-06,0.0009722,-0.00492273,-0.585237,-0.552081,4.97019e-05,-0.50501,1.00639,2.87859e-05,-13.9321,-0.454306,-7.84878e-05,-0.103045,-0.0009722,0.00492273,0.00353672,-0.0490182,-0.0540263,0.0034233,-0.00357791,0.213659,0.422295,0.21327,0.422196,True,True
5.545,-3.17448e-18,0,5.6109e-06,0.000947765,-0.00485228,0.562813,-0.552081,4.91478e-05,-0.505109,1.00639,2.79316e-05,-13.9316,-0.454306,-7.70794e-05,-0.103044,-0.000947765,0.00485228,0.00344721,-3.17448e-18,0,-5.61404e-06,0.000947765,-0.00485228,-0.584957,-0.552081,4.91478e-05,-0.505013,1.00639,2.79316e-05,-13.9321,-0.454306,-7.70794e-05,-0.103044,-0.000947765,0.00485228,0.00344732,-0.049081,-0.0539625,0.00337456,-0.00352645,0.213649,0.422292,0.21327,0.422196,True,True
5.55,-3.17448e-18,0,5.47738e-06,0.000923677,-0.00478362,0.563089,-0.552081,4.86024e-05,-0.505114,1.00639,2.7106e-05,-13.9316,-0.454307,-7.57085e-05,-0.103043,-0.000923677,0.00478362,0.00335907,-3.17448e-18,0,-5.48049e-06,0.000923677,-0.00478362,-0.584681,-0.552081,4.86024e-05,-0.505016,1.00639,2.7106e-05,-13.9321,-0.454307,-7.57085e-05,-0.103043,-0.000923677,0.00478362,0.00335919,-0.0491429,-0.0538997,0.00332707,-0.0034763,0.213639,0.42229,0.21327,0.422196,True,True
5.555,-3.17448e-18,-3.85186e-32,5.34594e-06,0.000899928,-0.00471673,0.563361,-0.55208,4.80661e-05,-0.505118,1.00639,2.63081e-05,-13.9316,-0.454307,-7.43741e-05,-0.103042,-0.000899928,0.00471673,0.00327216,-3.17448e-18,-3.85186e-32,-5.34902e-06,0.000899928,-0.00471673,-0.58441,-0.55208,4.80661e-05,-0.505018,1.00639,2.63081e-05,-13.9322,-0.454307,-7.43741e-05,-0.103042,-0.000899928,0.00471673,0.00327228,-0.049204,-0.0538376,0.00328079,-0.00342744,0.21363,0.422287,0.21327,0.422196,True,True
5.56,-3.17448e-18,-3.85186e-32,5.21654e-06,0.00087651,-0.00465158,0.563629,-0.55208,4.75387e-05,-0.505123,1.00639,2.55368e-05,-13.9316,-0.454307,-7.30755e-05,-0.103041,-0.00087651,0.00465158,0.00318644,-3.17448e-18,-3.85186e-32,-5.21959e-06,0.00087651,-0.00465158,-0.584142,-0.55208,4.75387e-05,-0.505021,1.00639,2.55368e-05,-13.9322,-0.454307,-7.30755e-05,-0.103041,-0.00087651,0.00465158,0.00318656,-0.0492642,-0.0537765,0.00323572,-0.00337986,0.21362,0.422285,0.21327,0.422196,True,True
5.565,-3.17448e-18,3.85186e-32,5.08913e-06,0.000853413,-0.00458814,0.563892,-0.55208,4.70207e-05,-0.505127,1.00639,2.47912e-05,-13.9316,-0.454308,-7.18119e-05,-0.10304,-0.000853413,0.00458814,0.00310186,-3.17448e-18,3.85186e-32,-5.09217e-06,0.000853413,-0.00458814,-0.583878,-0.55208,4.70207e-05,-0.505024,1.00639,2.47912e-05,-13.9322,-0.454308,-7.18119e-05,-0.10304,-0.000853413,0.00458814,0.00310198,-0.0493236,-0.0537161,0.00319184,-0.00333352,0.213611,0.422283,0.21327,0.422196,True,True
5.57,-3.17448e-18,3.85186e-32,4.96367e-06,0.000830628,-0.00452641,0.564152,-0.55208,4.65119e-05,-0.505132,1.00639,2.40704e-05,-13.9316,-0.454308,-7.05823e-05,-0.103039,-0.000830628,0.00452641,0.00301838,-3.17448e-18,3.85186e-32,-4.9667e-06,0.000830628,-0.00452641,-0.583618,-0.55208,4.65119e-05,-0.505026,1.00639,2.40704e-05,-13.9322,-0.454308,-7.05823e-05,-0.103039,-0.000830628,0.00452641,0.00301849,-0.0493822,-0.0536565,0.00314912,-0.00328843,0.213602,0.42228,0.21327,0.422196,True,True
5.575,-3.17448e-18,0,4.84011e-06,0.000808149,-0.00446634,0.564407,-0.552079,4.60126e-05,-0.505136,1.00639,2.33735e-05,-13.9316,-0.454308,-6.93861e-05,-0.103038,-0.000808149,0.00446634,0.00293593,-3.17448e-18,0,-4.84313e-06,0.000808149,-0.00446634,-0.583363,-0.552079,4.60126e-05,-0.505028,1.00639,2.33735e-05,-13.9322,-0.454308,-6.93861e-05,-0.103038,-0.000808149,0.00446634,0.00293604,-0.0494401,-0.0535977,0.00310757,-0.00324456,0.213593,0.422278,0.21327,0.422196,True,True
5.58,-3.17448e-18,0,4.71838e-06,0.000785965,-0.00440793,0.564658,-0.552079,4.55229e-05,-0.505141,1.00639,2.26996e-05,-13.9316,-0.454309,-6.82225e-05,-0.103037,-0.000785965,0.00440793,0.00285446,-3.17448e-18,0,-4.72142e-06,0.000785965,-0.00440793,-0.583112,-0.552079,4.55229e-05,-0.50503,1.00639,2.26996e-05,-13.9322,-0.454309,-6.82225e-05,-0.103037,-0.000785965,0.00440793,0.00285457,-0.0494973,-0.0535395,0.00306716,-0.0032019,0.213584,0.422276,0.21327,0.422196,True,True
5.585,-3.17448e-18,-3.85186e-32,4.59841e-06,0.000764069,-0.00435115,0.564904,-0.552079,4.50429e-05,-0.505147,1.00639,2.20479e-05,-13.9316,-0.454309,-6.70907e-05,-0.103036,-0.000764069,0.00435115,0.00277388,-3.17448e-18,-3.85186e-32,-4.6015e-06,0.000764069,-0.00435115,-0.582867,-0.552079,4.50429e-05,-0.505031,1.00639,2.20479e-05,-13.9322,-0.454309,-6.70907e-05,-0.103036,-0.000764069,0.00435115,0.002774,-0.0495539,-0.053482,0.00302788,-0.00316042,0.213575,0.422274,0.21327,0.422196,True,True
5.59,-3.17448e-18,0,4.4801e-06,0.000742453,-0.00429599,0.565144,-0.552079,4.45726e-05,-0.505153,1.00639,2.14176e-05,-13.9316,-0.454309,-6.59901e-05,-0.103035,-0.000742453,0.00429599,0.00269413,-3.17448e-18,0,-4.48327e-06,0.000742453,-0.00429599,-0.582626,-0.552079,4.45726e-05,-0.505031,1.00639,2.14176e-05,-13.9322,-0.454309,-6.59901e-05,-0.103035,-0.000742453,0.00429599,0.00269425,-0.0496099,-0.053425,0.00298973,-0.00312013,0.213567,0.422271,0.21327,0.422196,True,True
5.595,-3.17448e-18,3.85186e-32,4.36335e-06,0.000721109,-0.00424244,0.565379,-0.552078,4.41121e-05,-0.505161,1.00639,2.08079e-05,-13.9316,-0.45431,-6.492e-05,-0.103034,-0.000721109,0.00424244,0.0026151,-3.17448e-18,3.85186e-32,-4.36663e-06,0.000721109,-0.00424244,-0.582392,-0.552078,4.41121e-05,-0.50503,1.00639,2.08079e-05,-13.9323,-0.45431,-6.492e-05,-0.103034,-0.000721109,0.00424244,0.00261522,-0.0496653,-0.0533686,0.00295268,-0.00308101,0.213558,0.422269,0.21327,0.422196,True,True
5.6,-3.17448e-18,0,4.24801e-06,0.000700029,-0.00419047,0.565606,-0.552078,4.36615e-05,-0.505169,1.00639,2.02181e-05,-13.9316,-0.45431,-6.38797e-05,-0.103033,-0.000700029,0.00419047,0.00253668,-3.17448e-18,0,-4.25147e-06,0.000700029,-0.00419047,-0.582164,-0.552078,4.36615e-05,-0.505028,1.00639,2.02181e-05,-13.9323,-0.45431,-6.38797e-05,-0.103033,-0.000700029,0.00419047,0.00253681,-0.0497204,-0.0533126,0.00291673,-0.00304304,0.21355,0.422267,0.21327,0.422196,True,True
5.605,-3.17448e-18,0,4.13393e-06,0.000679205,-0.00414007,0.565826,-0.552078,4.3221e-05,-0.505179,1.00639,1.96475e-05,-13.9315,-0.45431,-6.28685e-05,-0.103032,-0.000679205,0.00414007,0.00245876,-3.17448e-18,0,-4.13764e-06,0.000679205,-0.00414007,-0.581944,-0.552078,4.3221e-05,-0.505024,1.00639,1.96475e-05,-13.9323,-0.45431,-6.28685e-05,-0.103032,-0.000679205,0.00414007,0.0024589,-0.0497751,-0.053257,0.00288188,-0.00300622,0.213541,0.422265,0.21327,0.422196,True,True
5.61,-3.17448e-18,0,4.02095e-06,0.000658628,-0.00409125,0.566038,-0.552078,4.27906e-05,-0.505191,1.00639,1.90955e-05,-13.9315,-0.454311,-6.1886e-05,-0.103031,-0.000658628,0.00409125,0.00238121,-3.17448e-18,0,-4.02497e-06,0.000658628,-0.00409125,-0.581733,-0.552078,4.27906e-05,-0.505018,1.00639,1.90955e-05,-13.9324,-0.454311,-6.1886e-05,-0.103031,-0.000658628,0.00409125,0.00238136,-0.0498295,-0.0532017,0.00284811,-0.00297055,0.213533,0.422263,0.21327,0.422196,True,True
5.615,-3.17448e-18,-3.85186e-32,3.90891e-06,0.000638292,-0.00404398,0.56624,-0.552078,4.23703e-05,-0.505205,1.00639,1.85613e-05,-13.9314,-0.454311,-6.09316e-05,-0.10303,-0.000638292,0.00404398,0.00230394,-3.17448e-18,-3.85186e-32,-3.91331e-06,0.000638292,-0.00404398,-0.58153,-0.552078,4.23703e-05,-0.50501,1.00639,1.85613e-05,-13.9324,-0.454311,-6.09316e-05,-0.10303,-0.000638292,0.00404398,0.0023041,-0.0498838,-0.0531465,0.00281542,-0.00293601,0.213525,0.422261,0.21327,0.422196,True,True
5.62,-3.17448e-18,0,3.79768e-06,0.000618189,-0.00399827,0.566433,-0.552077,4.19605e-05,-0.505222,1.00639,1.80443e-05,-13.9314,-0.454311,-6.00047e-05,-0.10303,-0.000618189,0.00399827,0.00222688,-3.17448e-18,0,-3.80255e-06,0.000618189,-0.00399827,-0.581338,-0.552077,4.19605e-05,-0.505,1.00639,1.80443e-05,-13.9325,-0.454311,-6.00047e-05,-0.10303,-0.000618189,0.00399827,0.00222705,-0.0499379,-0.0530916,0.00278382,-0.00290261,0.213517,0.422259,0.21327,0.422196,True,True
5.625,-3.17448e-18,3.85186e-32,3.68726e-06,0.00059831,-0.00395412,0.566617,-0.552077,4.1561e-05,-0.50524,1.00639,1.75439e-05,-13.9313,-0.454312,-5.9105e-05,-0.103029,-0.00059831,0.00395412,0.00215007,-3.17448e-18,3.85186e-32,-3.69266e-06,0.00059831,-0.00395412,-0.581154,-0.552077,4.1561e-05,-0.504987,1.00639,1.75439e-05,-13.9326,-0.454312,-5.9105e-05,-0.103029,-0.00059831,0.00395412,0.00215027,-0.0499919,-0.0530369,0.00275329,-0.00287034,0.213509,0.422257,0.21327,0.422196,True,True
5.63,-3.17448e-18,0,3.57788e-06,0.000578647,-0.00391151,0.566795,-0.552077,4.11722e-05,-0.50526,1.00639,1.70596e-05,-13.9312,-0.454312,-5.82318e-05,-0.103028,-0.000578647,0.00391151,0.00207374,-3.17448e-18,0,-3.58381e-06,0.000578647,-0.00391151,-0.580975,-0.552077,4.11722e-05,-0.504973,1.00639,1.70596e-05,-13.9327,-0.454312,-5.82318e-05,-0.103028,-0.000578647,0.00391151,0.00207395,-0.0500456,-0.0529825,0.00272384,-0.00283919,0.213501,0.422255,0.21327,0.422196,True,True
5.635,-3.17448e-18,0,3.4702e-06,0.000559194,-0.00387043,0.566974,-0.552077,4.07941e-05,-0.505279,1.00639,1.65907e-05,-13.9311,-0.454312,-5.73848e-05,-0.103027,-0.000559194,0.00387043,0.00199844,-3.17448e-18,0,-3.47659e-06,0.000559194,-0.00387043,-0.580797,-0.552077,4.07941e-05,-0.50496,1.00639,1.65907e-05,-13.9328,-0.454312,-5.73848e-05,-0.103027,-0.000559194,0.00387043,0.00199866,-0.0500985,-0.0529288,0.00269546,-0.00280916,0.213493,0.422253,0.21327,0.422196,True,True
5.64,-3.17448e-18,-3.85186e-32,3.36564e-06,0.000539943,-0.00383086,0.567165,-0.552077,4.04267e-05,-0.505292,1.00639,1.61365e-05,-13.9311,-0.454313,-5.65633e-05,-0.103027,-0.000539943,0.00383086,0.00192526,-3.17448e-18,-3.85186e-32,-3.37226e-06,0.000539943,-0.00383086,-0.580606,-0.552077,4.04267e-05,-0.504952,1.00639,1.61365e-05,-13.9328,-0.454313,-5.65633e-05,-0.103027,-0.000539943,0.00383086,0.00192549,-0.0501499,-0.0528766,0.00266811,-0.00278022,0.213486,0.422251,0.21327,0.422196,True,True
5.645,-3.17448e-18,0,3.2669e-06,0.000520886,-0.00379274,0.567391,-0.552076,4.007e-05,-0.505293,1.00639,1.56965e-05,-13.9311,-0.454313,-5.57665e-05,-0.103025,-0.000520886,0.00379274,0.00185621,-3.17448e-18,0,-3.27324e-06,0.000520886,-0.00379274,-0.58038,-0.552076,4.007e-05,-0.504957,1.00639,1.56965e-05,-13.9328,-0.454313,-5.57665e-05,-0.103025,-0.000520886,0.00379274,0.00185643,-0.0501983,-0.0528272,0.00264178,-0.00275234,0.213478,0.422249,0.21327,0.422196,True,True
5.65,-3.17448e-18,3.85186e-32,3.17878e-06,0.000502016,-0.00375595,0.567688,-0.552076,3.97235e-05,-0.505268,1.00639,1.52698e-05,-13.9312,-0.454313,-5.49932e-05,-0.103024,-0.000502016,0.00375595,0.00179476,-3.17448e-18,3.85186e-32,-3.18394e-06,0.000502016,-0.00375595,-0.580083,-0.552076,3.97235e-05,-0.504987,1.00639,1.52698e-05,-13.9327,-0.454313,-5.49932e-05,-0.103024,-0.000502016,0.00375595,0.00179494,-0.050241,-0.0527828,0.00261637,-0.00272543,0.213471,0.422247,0.21327,0.422196,True,True
5.655,-3.17448e-18,-3.85186e-32,3.1096e-06,0.000483326,-0.00372031,0.568118,-0.552076,3.93861e-05,-0.505196,1.00639,1.48552e-05,-13.9316,-0.454313,-5.42413e-05,-0.103021,-0.000483326,0.00372031,0.00174663,-3.17448e-18,-3.85186e-32,-3.11198e-06,0.000483326,-0.00372031,-0.579652,-0.552076,3.93861e-05,-0.505063,1.00639,1.48552e-05,-13.9323,-0.454313,-5.42413e-05,-0.103021,-0.000483326,0.00372031,0.00174671,-0.0502736,-0.0527471,0.00259176,-0.00269935,0.213463,0.422245,0.21327,0.422196,True,True
5.66,-3.17448e-18,0,3.07355e-06,0.000464813,-0.00368547,0.56878,-0.552076,3.90556e-05,-0.505043,1.00639,1.44514e-05,-13.9324,-0.454314,-5.35071e-05,-0.103015,-0.000464813,0.00368547,0.00172113,-3.17448e-18,0,-3.07044e-06,0.000464813,-0.00368547,-0.578989,-0.552076,3.90556e-05,-0.50522,1.00639,1.44514e-05,-13.9315,-0.454314,-5.35071e-05,-0.103015,-0.000464813,0.00368547,0.00172102,-0.0502891,-0.0527261,0.00256769,-0.00267386,0.213456,0.422243,0.21327,0.422196,True,True
5.665,-3.17448e-18,3.85186e-32,3.09494e-06,0.000446472,-0.00365086,0.569833,-0.552076,3.87282e-05,-0.504753,1.00639,1.40564e-05,-13.9339,-0.454314,-5.27846e-05,-0.103006,-0.000446472,0.00365086,0.001733,-3.17448e-18,3.85186e-32,-3.0817e-06,0.000446472,-0.00365086,-0.577935,-0.552076,3.87282e-05,-0.505511,1.00639,1.40564e-05,-13.93,-0.454314,-5.27846e-05,-0.103006,-0.000446472,0.00365086,0.00173253,-0.0502763,-0.0527293,0.00254378,-0.00264855,0.213448,0.422241,0.21327,0.422196,True,True
5.67,-3.17448e-18,0,3.21618e-06,0.000428304,-0.00361555,0.571521,-0.552075,3.8397e-05,-0.504241,1.00639,1.36669e-05,-13.9365,-0.454314,-5.20639e-05,-0.102989,-0.000428304,0.00361555,0.00180526,-3.17448e-18,0,-3.18468e-06,0.000428304,-0.00361555,-0.576245,-0.552075,3.8397e-05,-0.50602,1.00639,1.36669e-05,-13.9274,-0.454314,-5.20639e-05,-0.102989,-0.000428304,0.00361555,0.00180413,-0.0502173,-0.0527713,0.00251937,-0.00262274,0.213441,0.42224,0.21327,0.422196,True,True
5.675,-3.17448e-18,0,3.49904e-06,0.000410316,-0.00357803,0.574138,-0.552075,3.805e-05,-0.503406,1.00639,1.32786e-05,-13.9407,-0.454314,-5.13285e-05,-0.102961,-0.000410316,0.00357803,0.00196539,-3.17448e-18,0,-3.43537e-06,0.000410316,-0.00357803,-0.573628,-0.552075,3.805e-05,-0.506847,1.00639,1.32786e-05,-13.9231,-0.454314,-5.13285e-05,-0.102961,-0.000410316,0.00357803,0.001963,-0.0500912,-0.0528697,0.00249341,-0.00259535,0.213434,0.422238,0.21327,0.422196,True,True
5.68,-3.17448e-18,0,2.6025e-06,0.000392524,-0.00353628,0.570982,-0.552075,3.76704e-05,-0.504585,1.00639,1.28854e-05,-13.9348,-0.454315,-5.05559e-05,-0.103029,-0.000392524,0.00353628,0.00158538,-3.17448e-18,0,-2.58626e-06,0.000392524,-0.00353628,-0.576785,-0.552075,3.76704e-05,-0.505707,1.00639,1.28854e-05,-13.9291,-0.454315,-5.05559e-05,-0.103029,-0.000392524,0.00353628,0.00158475,-0.0503928,-0.0526363,0.00246448,-0.0025649,0.213427,0.422236,0.21327,0.422196,True,True
5.685,-3.17448e-18,0,1.64707e-06,0.000374953,-0.00351407,0.566695,-0.552075,3.74702e-05,-0.506157,1.00639,1.26869e-05,-13.9269,-0.454315,-5.01571e-05,-0.103109,-0.000374953,0.00351407,0.00110056,-3.17448e-18,0,-1.66665e-06,0.000374953,-0.00351407,-0.581081,-0.552075,3.74702e-05,-0.504178,1.00639,1.26869e-05,-13.9371,-0.454315,-5.01571e-05,-0.103109,-0.000374953,0.00351407,0.00110133,-0.0507738,-0.0523349,0.00244906,-0.00254873,0.21342,0.422234,0.21327,0.422196,True,True
