t,l_hip_yaw_q,l_hip_yaw_dq,l_hip_yaw_tau,l_hip_roll_q,l_hip_roll_dq,l_hip_roll_tau,l_hip_pitch_q,l_hip_pitch_dq,l_hip_pitch_tau,l_knee_q,l_knee_dq,l_knee_tau,l_ankle_pitch_q,l_ankle_pitch_dq,l_ankle_pitch_tau,l_ankle_roll_q,l_ankle_roll_dq,l_ankle_roll_tau,r_hip_yaw_q,r_hip_yaw_dq,r_hip_yaw_tau,r_hip_roll_q,r_hip_roll_dq,r_hip_roll_tau,r_hip_pitch_q,r_hip_pitch_dq,r_hip_pitch_tau,r_knee_q,r_knee_dq,r_knee_tau,r_ankle_pitch_q,r_ankle_pitch_dq,r_ankle_pitch_tau,r_ankle_roll_q,r_ankle_roll_dq,r_ankle_roll_tau,l_ankle_motorA_tau,l_ankle_motorB_tau,l_ankle_motorA_w,l_ankle_motorB_w,com_ref_x,com_ref_y,zmp_ref_x,zmp_ref_y,contact_l,contact_r
0,-0,0,-0.0848531,0.000460758,0.000172398,0.896536,-0.630375,-0.0188789,-2.86975,1.06671,-0.00482421,-22.6087,-0.436332,0.0237031,-7.63067,-0.000460758,-0.000172398,-0.00458997,-0,0,0.10127,0.000460758,0.000172398,-1.05587,-0.630375,-0.0188789,-2.83844,1.06671,-0.00482421,-22.802,-0.436332,0.0237031,-7.68882,-0.000460758,-0.000172398,-0.0046289,-4.92224,-4.89066,0.0182279,0.0186371,0,0,0,0,True,True
0.005,-0,0,-0.0801782,0.00046162,9.59604e-05,0.899303,-0.63047,-0.0105204,-2.77299,1.06668,-0.0026886,-22.3854,-0.436214,0.013209,-7.20426,-0.00046162,-9.59604e-05,-0.00433045,-0,0,0.0951215,0.00046162,9.59604e-05,-1.05304,-0.63047,-0.0105204,-2.74286,1.06668,-0.0026886,-22.5661,-0.436214,0.013209,-7.25599,-0.00046162,-9.59604e-05,-0.0043651,-4.64708,-4.61729,0.0101581,0.0103859,-8.01108e-07,-6.25761e-09,0,0,True,True
0.01,-0,0,-0.0304003,0.000461718,2.82075e-05,0.928902,-0.63048,-0.00313332,-1.77765,1.06668,-0.000801676,-20.0676,-0.4362,0.003935,-2.74584,-0.000461718,-2.82075e-05,-0.00160728,-0,0,0.0338619,0.000461718,2.82075e-05,-1.02295,-0.63048,-0.00313332,-1.76439,1.06668,-0.000801676,-20.1279,-0.4362,0.003935,-2.75284,-0.000461718,-2.82075e-05,-0.00161202,-1.77117,-1.75986,0.00302647,0.00309368,-5.59783e-06,-4.36955e-08,0,0,True,True
0.015,-0,0,0.0140758,0.000461902,4.2576e-05,0.953915,-0.630501,-0.00474646,-0.939093,1.06668,-0.00121486,-18.1131,-0.436174,0.00596133,1.01297,-0.000461902,-4.2576e-05,0.000694688,-0,0,-0.0148678,0.000461902,4.2576e-05,-0.997751,-0.630501,-0.00474646,-0.945553,1.06668,-0.00121486,-18.0895,-0.436174,0.00596133,1.01162,-0.000461902,-4.2576e-05,0.000693812,0.653455,0.649169,0.00458511,0.00468665,-1.48214e-05,-1.15522e-07,0,0,True,True
0.02,-0,0,0.00801391,0.000462144,5.12269e-05,0.95056,-0.630528,-0.00573257,-1.05087,1.06667,-0.001468,-18.3744,-0.436141,0.00720058,0.509558,-0.000462144,-5.12269e-05,0.000387549,-0,0,-0.00852241,0.000462144,5.12269e-05,-1.00112,-0.630528,-0.00573257,-1.05441,1.06667,-0.001468,-18.3611,-0.436141,0.00720058,0.509131,-0.000462144,-5.12269e-05,0.000387278,0.328731,0.326532,0.00553847,0.00566078,-2.6925e-05,-2.09444e-07,0,0,True,True
0.025,-0,0,0.00370337,0.000462415,5.54196e-05,0.948153,-0.630558,-0.00623092,-1.13083,1.06666,-0.00159656,-18.5616,-0.436102,0.00782747,0.148706,-0.000462415,-5.54196e-05,0.000167748,-0,0,-0.00395567,0.000462415,5.54196e-05,-1.00354,-0.630558,-0.00623092,-1.13231,1.06666,-0.00159656,-18.5558,-0.436102,0.00782747,0.148624,-0.000462415,-5.54196e-05,0.000167698,0.0959657,0.0952615,0.00602093,0.00615341,-4.05748e-05,-3.14892e-07,0,0,True,True
0.03,-0,0,0.00100639,0.000462698,5.67848e-05,0.946637,-0.63059,-0.00641948,-1.18105,1.06665,-0.0016459,-18.6794,-0.436062,0.00806538,-0.0789042,-0.000462698,-5.67848e-05,2.99467e-05,-0,0,-0.00107494,0.000462698,5.67848e-05,-1.00506,-0.63059,-0.00641948,-1.18128,1.06665,-0.0016459,-18.6785,-0.436062,0.00806538,-0.0789073,-0.000462698,-5.67848e-05,2.99454e-05,-0.0508513,-0.0506136,0.00620425,0.0063402,-5.49157e-05,-4.25101e-07,0,0,True,True
0.035,-0,0,-0.000630905,0.000462983,5.64084e-05,0.94571,-0.630623,-0.0064168,-1.21162,1.06664,-0.00164626,-18.7514,-0.436022,0.00806306,-0.218374,-0.000462983,-5.64084e-05,-5.36688e-05,-0,0,0.000682818,0.000462983,5.64084e-05,-1.00599,-0.630623,-0.0064168,-1.21108,1.06664,-0.00164626,-18.7535,-0.436022,0.00806306,-0.21838,-0.000462983,-5.64084e-05,-5.36747e-05,-0.140812,-0.139999,0.00620283,0.0063381,-6.94129e-05,-5.35848e-07,0,0,True,True
0.04,-0,0,-0.0015817,0.000463262,5.50007e-05,0.945166,-0.630654,-0.00630048,-1.2294,1.06664,-0.00161744,-18.7936,-0.435982,0.00791792,-0.300457,-0.000463262,-5.50007e-05,-0.000102065,-0,0,0.00170666,0.000463262,5.50007e-05,-1.00654,-0.630654,-0.00630048,-1.22842,1.06664,-0.00161744,-18.7975,-0.435982,0.00791792,-0.300484,-0.000463262,-5.50007e-05,-0.000102085,-0.193756,-0.192604,0.00609155,0.0062237,-8.37431e-05,-6.44588e-07,0,0,True,True
0.045,-0,0,-0.00209452,0.000463533,5.30193e-05,0.944867,-0.630686,-0.00612055,-1.239,1.06663,-0.00157221,-18.8167,-0.435943,0.00769276,-0.345795,-0.000463533,-5.30193e-05,-0.000127962,-0,0,0.00225981,0.000463533,5.30193e-05,-1.00684,-0.630686,-0.00612055,-1.23777,1.06663,-0.00157221,-18.8216,-0.435943,0.00769276,-0.345839,-0.000463533,-5.30193e-05,-0.000127994,-0.222998,-0.221661,0.00591873,0.00604638,-9.77197e-05,-7.49859e-07,0,0,True,True
0.05,-0,0,-0.00233372,0.000463792,5.07528e-05,0.944722,-0.630716,-0.0059086,-1.24348,1.06662,-0.00151868,-18.8279,-0.435905,0.00742727,-0.368106,-0.000463792,-5.07528e-05,-0.000139803,-0,0,0.00251803,0.000463792,5.07528e-05,-1.00699,-0.630716,-0.0059086,-1.24214,1.06662,-0.00151868,-18.8332,-0.435905,0.00742727,-0.368159,-0.000463792,-5.07528e-05,-0.000139842,-0.237386,-0.235959,0.00571488,0.00583737,-0.000111243,-8.50893e-07,0,0,True,True
0.055,-0,0,-0.00240688,0.00046404,4.83787e-05,0.94467,-0.630745,-0.0056841,-1.24485,1.06661,-0.00146181,-18.8317,-0.435868,0.00714591,-0.376396,-0.00046404,-4.83787e-05,-0.00014313,-0,0,0.002597,0.00046404,4.83787e-05,-1.00704,-0.630745,-0.0056841,-1.24347,1.06661,-0.00146181,-18.8372,-0.435868,0.00714591,-0.376454,-0.00046404,-4.83787e-05,-0.00014317,-0.242731,-0.241272,0.00549882,0.00561587,-0.00012427,-9.47351e-07,0,0,True,True
0.06,-0,0,-0.00238348,0.000464276,4.6002e-05,0.944673,-0.630772,-0.00545859,-1.24442,1.06661,-0.0014046,-18.8314,-0.435833,0.00686319,-0.376494,-0.000464276,-4.6002e-05,-0.000141519,-0,0,0.00257166,0.000464276,4.6002e-05,-1.00704,-0.630772,-0.00545859,-1.24304,1.06661,-0.0014046,-18.8368,-0.435833,0.00686319,-0.376551,-0.000464276,-4.6002e-05,-0.000141558,-0.242792,-0.241334,0.0052817,0.0053933,-0.000136787,-1.03916e-06,0,0,True,True
0.065,-0,0,-0.00230755,0.0004645,4.36814e-05,0.944705,-0.630799,-0.00523856,-1.243,1.0666,-0.0013487,-18.8287,-0.4358,0.00658726,-0.372099,-0.0004645,-4.36814e-05,-0.000137239,-0,0,0.00248961,0.0004645,4.36814e-05,-1.007,-0.630799,-0.00523856,-1.24165,1.0666,-0.0013487,-18.834,-0.4358,0.00658726,-0.372154,-0.0004645,-4.36814e-05,-0.000137277,-0.239955,-0.238517,0.00506979,0.00517608,-0.000148802,-1.12637e-06,0,0,True,True
0.07,-0,0,-0.00220636,0.000464713,4.14468e-05,0.944751,-0.630825,-0.00502733,-1.24111,1.06659,-0.00129497,-18.8249,-0.435767,0.0063223,-0.365503,-0.000464713,-4.14468e-05,-0.000131693,-0,0,0.00238029,0.000464713,4.14468e-05,-1.00696,-0.630825,-0.00502733,-1.2398,1.06659,-0.00129497,-18.83,-0.435767,0.0063223,-0.365555,-0.000464713,-4.14468e-05,-0.000131728,-0.235699,-0.23429,0.00486631,0.00496748,-0.000160332,-1.20916e-06,0,0,True,True
0.075,-0,0,-0.00209621,0.000464915,3.93103e-05,0.944803,-0.630849,-0.00482627,-1.23905,1.06659,-0.00124379,-18.8206,-0.435736,0.00607006,-0.358081,-0.000464915,-3.93103e-05,-0.000125718,-0,0,0.00226133,0.000464915,3.93103e-05,-1.0069,-0.630849,-0.00482627,-1.23779,1.06659,-0.00124379,-18.8256,-0.435736,0.00607006,-0.358129,-0.000464915,-3.93103e-05,-0.00012575,-0.230909,-0.229533,0.0046726,0.0047689,-0.000171399,-1.28769e-06,0,0,True,True
0.08,-0,0,-0.00198639,0.000465106,3.7274e-05,0.944856,-0.630873,-0.00463567,-1.237,1.06658,-0.00119523,-18.8164,-0.435707,0.0058309,-0.350613,-0.000465106,-3.7274e-05,-0.000119787,-0,0,0.00214275,0.000465106,3.7274e-05,-1.00685,-0.630873,-0.00463567,-1.23578,1.06658,-0.00119523,-18.8212,-0.435707,0.0058309,-0.350658,-0.000465106,-3.7274e-05,-0.000119817,-0.226091,-0.224748,0.00448895,0.0045806,-0.000182026,-1.36217e-06,0,0,True,True
0.085,-0,0,-0.00188173,0.000465287,3.53343e-05,0.944905,-0.630896,-0.00445518,-1.23504,1.06657,-0.00114921,-18.8124,-0.435678,0.0056044,-0.343513,-0.000465287,-3.53343e-05,-0.000114148,-0,0,0.00202979,0.000465287,3.53343e-05,-1.0068,-0.630896,-0.00445518,-1.23386,1.06657,-0.00114921,-18.817,-0.435678,0.0056044,-0.343555,-0.000465287,-3.53343e-05,-0.000114175,-0.221509,-0.220197,0.00431503,0.00440225,-0.000192238,-1.43278e-06,0,0,True,True
0.09,-0,0,-0.00178441,0.000465459,3.34852e-05,0.944951,-0.630918,-0.00428418,-1.23322,1.06657,-0.00110558,-18.8086,-0.435651,0.00538976,-0.336964,-0.000465459,-3.34852e-05,-0.000108908,-0,0,0.00192477,0.000465459,3.34852e-05,-1.00676,-0.630918,-0.00428418,-1.23209,1.06657,-0.00110558,-18.8131,-0.435651,0.00538976,-0.337003,-0.000465459,-3.34852e-05,-0.000108933,-0.217283,-0.216,0.00415022,0.00423323,-0.000202056,-1.49972e-06,0,0,True,True
0.095,-0,0,-0.001695,0.000465622,3.17194e-05,0.944993,-0.630939,-0.0041219,-1.23155,1.06656,-0.00106415,-18.8052,-0.435624,0.00518605,-0.331018,-0.000465622,-3.17194e-05,-0.000104096,-0,0,0.00182829,0.000465622,3.17194e-05,-1.00671,-0.630939,-0.0041219,-1.23045,1.06656,-0.00106415,-18.8096,-0.435624,0.00518605,-0.331054,-0.000465622,-3.17194e-05,-0.000104119,-0.213446,-0.212189,0.00399381,0.00407281,-0.0002115,-1.56315e-06,0,0,True,True
0.1,-0,0,-0.0016132,0.000465776,3.00299e-05,0.945031,-0.630959,-0.00396762,-1.23002,1.06656,-0.00102473,-18.8021,-0.435599,0.00499235,-0.325652,-0.000465776,-3.00299e-05,-9.96927e-05,-0,0,0.00174004,0.000465776,3.00299e-05,-1.00668,-0.630959,-0.00396762,-1.22896,1.06656,-0.00102473,-18.8063,-0.435599,0.00499235,-0.325686,-0.000465776,-3.00299e-05,-9.97144e-05,-0.209984,-0.20875,0.0038451,0.00392026,-0.00022059,-1.62322e-06,0,0,True,True
0.105,-0,0,-0.00153827,0.000465922,2.84101e-05,0.945066,-0.630978,-0.00382065,-1.22862,1.06655,-0.00098715,-18.7993,-0.435574,0.0048078,-0.320808,-0.000465922,-2.84101e-05,-9.56604e-05,-0,0,0.00165923,0.000465922,2.84101e-05,-1.00664,-0.630978,-0.00382065,-1.22759,1.06655,-0.00098715,-18.8034,-0.435574,0.0048078,-0.32084,-0.000465922,-2.84101e-05,-9.56806e-05,-0.206858,-0.205646,0.00370342,0.00377491,-0.000229341,-1.68008e-06,0,0,True,True
0.11,-0,0,-0.00146934,0.000466061,2.68544e-05,0.945097,-0.630997,-0.00368039,-1.22734,1.06655,-0.000951263,-18.7968,-0.435551,0.00463165,-0.316415,-0.000466061,-2.68544e-05,-9.19517e-05,-0,0,0.0015849,0.000466061,2.68544e-05,-1.00661,-0.630997,-0.00368039,-1.22633,1.06655,-0.000951263,-18.8007,-0.435551,0.00463165,-0.316445,-0.000466061,-2.68544e-05,-9.19706e-05,-0.204023,-0.202831,0.0035682,0.00363617,-0.000237771,-1.73386e-06,0,0,True,True
0.115,-0,0,-0.00140551,0.000466191,2.53578e-05,0.945126,-0.631015,-0.00354632,-1.22614,1.06654,-0.000916937,-18.7944,-0.435528,0.00446325,-0.312398,-0.000466191,-2.53578e-05,-8.85193e-05,-0,0,0.00151607,0.000466191,2.53578e-05,-1.00658,-0.631015,-0.00354632,-1.22516,1.06654,-0.000916937,-18.7983,-0.435528,0.00446325,-0.312428,-0.000466191,-2.53578e-05,-8.8537e-05,-0.201431,-0.200257,0.00343893,0.00350351,-0.000245892,-1.78467e-06,0,0,True,True
0.12,-0,0,-0.00134594,0.000466314,2.3916e-05,0.945153,-0.631033,-0.00341799,-1.22503,1.06654,-0.000884061,-18.7922,-0.435506,0.00430205,-0.308692,-0.000466314,-2.3916e-05,-8.53198e-05,-0,0,0.00145185,0.000466314,2.3916e-05,-1.00655,-0.631033,-0.00341799,-1.22407,1.06654,-0.000884061,-18.796,-0.435506,0.00430205,-0.30872,-0.000466314,-2.3916e-05,-8.53365e-05,-0.19904,-0.197881,0.0033152,0.00337653,-0.00025372,-1.83263e-06,0,0,True,True
0.125,-0,0,-0.00128991,0.00046643,2.25255e-05,0.945178,-0.631049,-0.00329505,-1.22399,1.06653,-0.000852546,-18.7902,-0.435485,0.0041476,-0.305236,-0.00046643,-2.25255e-05,-8.23155e-05,-0,0,0.00139146,0.00046643,2.25255e-05,-1.00653,-0.631049,-0.00329505,-1.22305,1.06653,-0.000852546,-18.7939,-0.435485,0.0041476,-0.305263,-0.00046643,-2.25255e-05,-8.23312e-05,-0.19681,-0.195667,0.00319665,0.00325485,-0.000261265,-1.87784e-06,0,0,True,True
0.13,-0,0,-0.00123682,0.000466539,2.11834e-05,0.945202,-0.631066,-0.0031772,-1.22299,1.06653,-0.000822317,-18.7882,-0.435465,0.00399952,-0.301983,-0.000466539,-2.11834e-05,-7.94745e-05,-0,0,0.00133424,0.000466539,2.11834e-05,-1.0065,-0.631066,-0.0031772,-1.22208,1.06653,-0.000822317,-18.7918,-0.435465,0.00399952,-0.302008,-0.000466539,-2.11834e-05,-7.94894e-05,-0.19471,-0.193581,0.003083,0.00313818,-0.00026854,-1.9204e-06,0,0,True,True
0.135,-0,0,-0.00118618,0.000466642,1.98871e-05,0.945225,-0.631081,-0.00306419,-1.22205,1.06653,-0.000793311,-18.7864,-0.435445,0.0038575,-0.298891,-0.000466642,-1.98871e-05,-7.67712e-05,-0,0,0.00127966,0.000466642,1.98871e-05,-1.00648,-0.631081,-0.00306419,-1.22115,1.06653,-0.000793311,-18.7899,-0.435445,0.0038575,-0.298916,-0.000466642,-1.98871e-05,-7.67852e-05,-0.192715,-0.1916,0.00297401,0.00302628,-0.000275556,-1.96039e-06,0,0,True,True
0.14,-0,0,-0.00113757,0.000466738,1.86347e-05,0.945247,-0.631096,-0.0029558,-1.22114,1.06652,-0.000765478,-18.7846,-0.435426,0.00372128,-0.295931,-0.000466738,-1.86347e-05,-7.41849e-05,-0,0,0.00122729,0.000466738,1.86347e-05,-1.00646,-0.631096,-0.0029558,-1.22026,1.06652,-0.000765478,-18.7881,-0.435426,0.00372128,-0.295954,-0.000466738,-1.86347e-05,-7.41982e-05,-0.190805,-0.189703,0.00286948,0.00291893,-0.000282324,-1.99791e-06,0,0,True,True
0.145,-0,0,-0.00109071,0.000466828,1.74242e-05,0.945268,-0.631111,-0.00285187,-1.22027,1.06652,-0.000738773,-18.7829,-0.435408,0.00359064,-0.293077,-0.000466828,-1.74242e-05,-7.16995e-05,-0,0,0.00117679,0.000466828,1.74242e-05,-1.00644,-0.631111,-0.00285187,-1.21941,1.06652,-0.000738773,-18.7863,-0.435408,0.00359064,-0.293099,-0.000466828,-1.74242e-05,-7.1712e-05,-0.188963,-0.187874,0.00276924,0.00281598,-0.000288853,-2.03303e-06,0,0,True,True
0.15,-0,0,-0.00104534,0.000466913,1.62543e-05,0.945289,-0.631125,-0.00275224,-1.21942,1.06651,-0.000713161,-18.7813,-0.43539,0.0034654,-0.290311,-0.000466913,-1.62543e-05,-6.93025e-05,-0,0,0.00112792,0.000466913,1.62543e-05,-1.00642,-0.631125,-0.00275224,-1.21858,1.06651,-0.000713161,-18.7846,-0.43539,0.0034654,-0.290332,-0.000466913,-1.62543e-05,-6.93143e-05,-0.187178,-0.186102,0.00267314,0.00271727,-0.000295153,-2.06585e-06,0,0,True,True
0.155,-0,0,-0.00100128,0.000466991,1.51233e-05,0.945309,-0.631138,-0.00265678,-1.2186,1.06651,-0.000688609,-18.7797,-0.435373,0.00334539,-0.287619,-0.000466991,-1.51233e-05,-6.69843e-05,-0,0,0.00108047,0.000466991,1.51233e-05,-1.0064,-0.631138,-0.00265678,-1.21777,1.06651,-0.000688609,-18.7829,-0.435373,0.00334539,-0.28764,-0.000466991,-1.51233e-05,-6.69956e-05,-0.185441,-0.184377,0.00258107,0.00262268,-0.000301235,-2.09643e-06,0,0,True,True
0.16,-0,0,-0.000958405,0.000467064,1.40303e-05,0.945329,-0.631151,-0.00256538,-1.2178,1.06651,-0.000665089,-18.7781,-0.435357,0.00323047,-0.284992,-0.000467064,-1.40303e-05,-6.47378e-05,-0,0,0.00103429,0.000467064,1.40303e-05,-1.00638,-0.631151,-0.00256538,-1.21699,1.06651,-0.000665089,-18.7813,-0.435357,0.00323047,-0.285012,-0.000467064,-1.40303e-05,-6.47485e-05,-0.183746,-0.182693,0.00249291,0.00253209,-0.000307106,-2.12485e-06,0,0,True,True
0.165,-0,0,-0.000916599,0.000467131,1.29739e-05,0.945348,-0.631164,-0.00247792,-1.21702,1.0665,-0.000642575,-18.7766,-0.435341,0.0031205,-0.282422,-0.000467131,-1.29739e-05,-6.25576e-05,-0,0,0.000989272,0.000467131,1.29739e-05,-1.00636,-0.631164,-0.00247792,-1.21622,1.0665,-0.000642575,-18.7797,-0.435341,0.0031205,-0.282441,-0.000467131,-1.29739e-05,-6.25676e-05,-0.182087,-0.181046,0.00240856,0.00244539,-0.000312777,-2.15118e-06,0,0,True,True
0.17,-0,0,-0.000875787,0.000467194,1.19531e-05,0.945367,-0.631176,-0.00239432,-1.21626,1.0665,-0.000621044,-18.7751,-0.435326,0.00301536,-0.279903,-0.000467194,-1.19531e-05,-6.04395e-05,-0,0,0.000945332,0.000467194,1.19531e-05,-1.00634,-0.631176,-0.00239432,-1.21548,1.0665,-0.000621044,-18.7781,-0.435326,0.00301536,-0.279922,-0.000467194,-1.19531e-05,-6.0449e-05,-0.180462,-0.179432,0.00232793,0.00236249,-0.000318255,-2.17549e-06,0,0,True,True
0.175,-0,0,-0.000835912,0.000467251,1.0967e-05,0.945386,-0.631188,-0.00231448,-1.21551,1.0665,-0.000600474,-18.7736,-0.435311,0.00291495,-0.277433,-0.000467251,-1.0967e-05,-5.83803e-05,-0,0,0.000902405,0.000467251,1.0967e-05,-1.00632,-0.631188,-0.00231448,-1.21475,1.0665,-0.000600474,-18.7766,-0.435311,0.00291495,-0.277451,-0.000467251,-1.0967e-05,-5.83894e-05,-0.178868,-0.177849,0.00225093,0.00228331,-0.00032355,-2.19785e-06,0,0,True,True
0.18,-0,0,-0.000796928,0.000467303,1.00145e-05,0.945404,-0.631199,-0.00223832,-1.21478,1.0665,-0.000580844,-18.7722,-0.435296,0.00281916,-0.275009,-0.000467303,-1.00145e-05,-5.63779e-05,-0,0,0.000860443,0.000467303,1.00145e-05,-1.0063,-0.631199,-0.00223832,-1.21404,1.0665,-0.000580844,-18.7751,-0.435296,0.00281916,-0.275026,-0.000467303,-1.00145e-05,-5.63864e-05,-0.177304,-0.176296,0.00217748,0.00220776,-0.000328669,-2.21834e-06,0,0,True,True
0.185,-0,0,-0.0007588,0.000467351,9.09479e-06,0.945422,-0.63121,-0.00216575,-1.21407,1.06649,-0.000562134,-18.7708,-0.435282,0.00272788,-0.27263,-0.000467351,-9.09479e-06,-5.44302e-05,-0,0,0.000819408,0.000467351,9.09479e-06,-1.00628,-0.63121,-0.00216575,-1.21334,1.06649,-0.000562134,-18.7737,-0.435282,0.00272788,-0.272646,-0.000467351,-9.09479e-06,-5.44383e-05,-0.175769,-0.174771,0.0021075,0.00213576,-0.000333622,-2.237e-06,0,0,True,True
0.19,-0,0,-0.0007215,0.000467394,8.20692e-06,0.94544,-0.631221,-0.0020967,-1.21338,1.06649,-0.000544324,-18.7694,-0.435269,0.00264102,-0.270294,-0.000467394,-8.20692e-06,-5.25358e-05,-0,0,0.00077927,0.000467394,8.20692e-06,-1.00626,-0.631221,-0.0020967,-1.21266,1.06649,-0.000544324,-18.7722,-0.435269,0.00264102,-0.270309,-0.000467394,-8.20692e-06,-5.25434e-05,-0.174261,-0.173273,0.00204092,0.00206723,-0.000338415,-2.25391e-06,0,0,True,True
0.195,-0,0,-0.000685006,0.000467433,7.35003e-06,0.945458,-0.631231,-0.00203108,-1.21269,1.06649,-0.000527397,-18.7681,-0.435256,0.00255848,-0.268,-0.000467433,-7.35003e-06,-5.06935e-05,-0,0,0.000740004,0.000467433,7.35003e-06,-1.00625,-0.631231,-0.00203108,-1.212,1.06649,-0.000527397,-18.7708,-0.435256,0.00255848,-0.268015,-0.000467433,-7.35003e-06,-5.07007e-05,-0.172782,-0.171804,0.00197766,0.0020021,-0.000343057,-2.26912e-06,0,0,True,True
0.2,-0,0,-0.000649297,0.000467468,6.52326e-06,0.945475,-0.631241,-0.00196883,-1.21203,1.06648,-0.000511333,-18.7668,-0.435243,0.00248016,-0.265749,-0.000467468,-6.52326e-06,-4.8902e-05,-0,0,0.000701588,0.000467468,6.52326e-06,-1.00623,-0.631241,-0.00196883,-1.21134,1.06648,-0.000511333,-18.7695,-0.435243,0.00248016,-0.265763,-0.000467468,-6.52326e-06,-4.89088e-05,-0.171329,-0.170361,0.00191766,0.00194029,-0.000347555,-2.2827e-06,0,0,True,True
0.205,-0,0,-0.000614354,0.000467498,5.72577e-06,0.945492,-0.631251,-0.00190987,-1.21138,1.06648,-0.000496114,-18.7655,-0.435231,0.00240599,-0.26354,-0.000467498,-5.72577e-06,-4.71604e-05,-0,0,0.000664002,0.000467498,5.72577e-06,-1.00621,-0.631251,-0.00190987,-1.21071,1.06648,-0.000496114,-18.7681,-0.435231,0.00240599,-0.263554,-0.000467498,-5.72577e-06,-4.71669e-05,-0.169904,-0.168945,0.00186083,0.00188174,-0.000351918,-2.2947e-06,0,0,True,True
0.21,-0,0,-0.00058016,0.000467525,4.95676e-06,0.945509,-0.63126,-0.00185413,-1.21074,1.06648,-0.000481724,-18.7642,-0.435219,0.00233586,-0.261372,-0.000467525,-4.95676e-06,-4.54678e-05,-0,0,0.000627226,0.000467525,4.95676e-06,-1.0062,-0.63126,-0.00185413,-1.21008,1.06648,-0.000481724,-18.7668,-0.435219,0.00233586,-0.261386,-0.000467525,-4.95676e-06,-4.54739e-05,-0.168505,-0.167556,0.00180712,0.00182636,-0.000356151,-2.30518e-06,0,0,True,True
0.215,-0,0,-0.000546697,0.000467548,4.2154e-06,0.945525,-0.631269,-0.00180154,-1.21011,1.06648,-0.000468144,-18.763,-0.435208,0.00226969,-0.259246,-0.000467548,-4.2154e-06,-4.38232e-05,-0,0,0.000591242,0.000467548,4.2154e-06,-1.00618,-0.631269,-0.00180154,-1.20947,1.06648,-0.000468144,-18.7655,-0.435208,0.00226969,-0.259259,-0.000467548,-4.2154e-06,-4.38289e-05,-0.167134,-0.166194,0.00175646,0.0017741,-0.000360262,-2.3142e-06,0,0,True,True
0.22,-0,0,-0.00051395,0.000467567,3.50091e-06,0.945541,-0.631278,-0.00175204,-1.2095,1.06647,-0.000455359,-18.7618,-0.435197,0.0022074,-0.257162,-0.000467567,-3.50091e-06,-4.22256e-05,-0,0,0.000556032,0.000467567,3.50091e-06,-1.00616,-0.631278,-0.00175204,-1.20887,1.06647,-0.000455359,-18.7642,-0.435197,0.0022074,-0.257174,-0.000467567,-3.50091e-06,-4.2231e-05,-0.165789,-0.164858,0.00170878,0.00172489,-0.000364259,-2.3218e-06,0,0,True,True
0.225,-0,0,-0.000481899,0.000467583,2.81252e-06,0.945557,-0.631287,-0.00170555,-1.20891,1.06647,-0.000443351,-18.7606,-0.435186,0.0021489,-0.255118,-0.000467583,-2.81252e-06,-4.06742e-05,-0,0,0.000521576,0.000467583,2.81252e-06,-1.00615,-0.631287,-0.00170555,-1.20829,1.06647,-0.000443351,-18.763,-0.435186,0.0021489,-0.255129,-0.000467583,-2.81252e-06,-4.06793e-05,-0.16447,-0.163548,0.00166402,0.00167866,-0.000368148,-2.32804e-06,0,0,True,True
0.23,-0,0,-0.00045053,0.000467595,2.14947e-06,0.945573,-0.631295,-0.00166201,-1.20832,1.06647,-0.000432104,-18.7594,-0.435175,0.00209411,-0.253114,-0.000467595,-2.14947e-06,-3.9168e-05,-0,0,0.000487857,0.000467595,2.14947e-06,-1.00613,-0.631295,-0.00166201,-1.20772,1.06647,-0.000432104,-18.7618,-0.435175,0.00209411,-0.253125,-0.000467595,-2.14947e-06,-3.91728e-05,-0.163177,-0.162264,0.00162211,0.00163535,-0.000371936,-2.33297e-06,0,0,True,True
0.235,-0,0,-0.000419822,0.000467604,1.51102e-06,0.945588,-0.631304,-0.00162136,-1.20775,1.06647,-0.000421603,-18.7583,-0.435165,0.00204296,-0.251151,-0.000467604,-1.51102e-06,-3.7706e-05,-0,0,0.000454855,0.000467604,1.51102e-06,-1.00612,-0.631304,-0.00162136,-1.20716,1.06647,-0.000421603,-18.7606,-0.435165,0.00204296,-0.251161,-0.000467604,-1.51102e-06,-3.77105e-05,-0.161911,-0.161006,0.001583,0.00159489,-0.000375629,-2.33663e-06,0,0,True,True
0.24,-0,0,-0.00038976,0.00046761,8.96436e-07,0.945603,-0.631312,-0.00158354,-1.20719,1.06647,-0.000411832,-18.7571,-0.435155,0.00199537,-0.249227,-0.00046761,-8.96436e-07,-3.62874e-05,-0,0,0.000422552,0.00046761,8.96436e-07,-1.0061,-0.631312,-0.00158354,-1.20661,1.06647,-0.000411832,-18.7594,-0.435155,0.00199537,-0.249237,-0.00046761,-8.96436e-07,-3.62917e-05,-0.160669,-0.159773,0.00154664,0.00155723,-0.000379234,-2.33908e-06,0,0,True,True
0.245,-0,0,-0.000360325,0.000467613,3.05008e-07,0.945618,-0.631319,-0.00154848,-1.20664,1.06646,-0.000402777,-18.756,-0.435145,0.00195126,-0.247342,-0.000467613,-3.05008e-07,-3.49112e-05,-0,0,0.000390926,0.000467613,3.05008e-07,-1.00609,-0.631319,-0.00154848,-1.20607,1.06646,-0.000402777,-18.7583,-0.435145,0.00195126,-0.247352,-0.000467613,-3.05008e-07,-3.49152e-05,-0.159454,-0.158565,0.00151295,0.00152231,-0.000382757,-2.34036e-06,0,0,True,True
0.25,-0,0,-0.000331499,0.000467613,-2.63959e-07,0.945632,-0.631327,-0.00151614,-1.2061,1.06646,-0.000394422,-18.755,-0.435135,0.00191056,-0.245496,-0.000467613,2.63959e-07,-3.35763e-05,-0,0,0.00035996,0.000467613,-2.63959e-07,-1.00607,-0.631327,-0.00151614,-1.20555,1.06646,-0.000394422,-18.7571,-0.435135,0.00191056,-0.245506,-0.000467613,2.63959e-07,-3.35801e-05,-0.158263,-0.157382,0.00148188,0.00149006,-0.000386204,-2.34051e-06,0,0,True,True
0.255,-0,0,-0.000303263,0.000467611,-8.11143e-07,0.945646,-0.631335,-0.00148645,-1.20557,1.06646,-0.000386755,-18.7539,-0.435126,0.0018732,-0.243689,-0.000467611,8.11143e-07,-3.2282e-05,-0,0,0.000329633,0.000467611,-8.11143e-07,-1.00606,-0.631335,-0.00148645,-1.20503,1.06646,-0.000386755,-18.756,-0.435126,0.0018732,-0.243698,-0.000467611,8.11143e-07,-3.22855e-05,-0.157097,-0.156223,0.00145339,0.00146044,-0.000389582,-2.33958e-06,0,0,True,True
0.26,-0,0,-0.0002756,0.000467605,-1.33721e-06,0.94566,-0.631342,-0.00145936,-1.20506,1.06646,-0.00037976,-18.7529,-0.435117,0.00183912,-0.241918,-0.000467605,1.33721e-06,-3.10271e-05,-0,0,0.000299925,0.000467605,-1.33721e-06,-1.00604,-0.631342,-0.00145936,-1.20453,1.06646,-0.00037976,-18.755,-0.435117,0.00183912,-0.241927,-0.000467605,1.33721e-06,-3.10304e-05,-0.155955,-0.155089,0.00142742,0.0014334,-0.000392896,-2.33761e-06,0,0,True,True
0.265,-0,0,-0.00024849,0.000467597,-1.84281e-06,0.945674,-0.631349,-0.00143481,-1.20455,1.06646,-0.000373425,-18.7519,-0.435107,0.00180824,-0.240185,-0.000467597,1.84281e-06,-2.98107e-05,-0,0,0.000270816,0.000467597,-1.84281e-06,-1.00603,-0.631349,-0.00143481,-1.20403,1.06646,-0.000373425,-18.7539,-0.435107,0.00180824,-0.240194,-0.000467597,1.84281e-06,-2.98138e-05,-0.154836,-0.153978,0.00140391,0.00140887,-0.000396152,-2.33464e-06,0,0,True,True
0.27,-0,0,-0.000221917,0.000467587,-2.32856e-06,0.945687,-0.631356,-0.00141276,-1.20406,1.06645,-0.000367737,-18.7509,-0.435098,0.0017805,-0.238488,-0.000467587,2.32856e-06,-2.8632e-05,-0,0,0.000242287,0.000467587,-2.32856e-06,-1.00602,-0.631356,-0.00141276,-1.20355,1.06645,-0.000367737,-18.7529,-0.435098,0.0017805,-0.238496,-0.000467587,2.32856e-06,-2.86349e-05,-0.153742,-0.152891,0.00138283,0.0013868,-0.000399355,-2.33071e-06,0,0,True,True
0.275,-0,0,-0.00019586,0.000467574,-2.7951e-06,0.945701,-0.631363,-0.00139316,-1.20357,1.06645,-0.000362683,-18.7499,-0.43509,0.00175584,-0.236827,-0.000467574,2.7951e-06,-2.74899e-05,-0,0,0.000214319,0.000467574,-2.7951e-06,-1.006,-0.631363,-0.00139316,-1.20307,1.06645,-0.000362683,-18.7519,-0.43509,0.00175584,-0.236835,-0.000467574,2.7951e-06,-2.74926e-05,-0.15267,-0.151826,0.00136411,0.00136716,-0.000402512,-2.32585e-06,0,0,True,True
0.28,-0,0,-0.000170303,0.000467559,-3.24302e-06,0.945714,-0.63137,-0.00137595,-1.20309,1.06645,-0.000358252,-18.749,-0.435081,0.0017342,-0.235202,-0.000467559,3.24302e-06,-2.63835e-05,-0,0,0.000186891,0.000467559,-3.24302e-06,-1.00599,-0.63137,-0.00137595,-1.20261,1.06645,-0.000358252,-18.7509,-0.435081,0.0017342,-0.235209,-0.000467559,3.24302e-06,-2.63861e-05,-0.151621,-0.150784,0.00134773,0.00134989,-0.000405627,-2.32011e-06,0,0,True,True
0.285,-0,0,-0.000145228,0.000467542,-3.6729e-06,0.945726,-0.631377,-0.00136109,-1.20263,1.06645,-0.000354431,-18.748,-0.435072,0.00171553,-0.23361,-0.000467542,3.6729e-06,-2.5312e-05,-0,0,0.000159984,0.000467542,-3.6729e-06,-1.00598,-0.631377,-0.00136109,-1.20215,1.06645,-0.000354431,-18.7499,-0.435072,0.00171553,-0.233617,-0.000467542,3.6729e-06,-2.53144e-05,-0.150595,-0.149765,0.00133362,0.00133495,-0.000408707,-2.31352e-06,0,0,True,True
0.29,-0,0,-0.000120616,0.000467522,-4.08531e-06,0.945739,-0.631384,-0.00134855,-1.20217,1.06645,-0.00035121,-18.7471,-0.435064,0.00169976,-0.232053,-0.000467522,4.08531e-06,-2.42743e-05,-0,0,0.000133579,0.000467522,-4.08531e-06,-1.00596,-0.631384,-0.00134855,-1.2017,1.06645,-0.00035121,-18.749,-0.435064,0.00169976,-0.23206,-0.000467522,4.08531e-06,-2.42766e-05,-0.14959,-0.148767,0.00132175,0.00132229,-0.000411755,-2.30611e-06,0,0,True,True
0.295,-0,0,-9.64511e-05,0.000467501,-4.48082e-06,0.945751,-0.63139,-0.00133827,-1.20172,1.06645,-0.000348578,-18.7462,-0.435055,0.00168685,-0.230529,-0.000467501,4.48082e-06,-2.32698e-05,-0,0,0.000107658,0.000467501,-4.48082e-06,-1.00595,-0.63139,-0.00133827,-1.20126,1.06645,-0.000348578,-18.748,-0.435055,0.00168685,-0.230535,-0.000467501,4.48082e-06,-2.32719e-05,-0.148607,-0.14779,0.00131209,0.00131187,-0.000414778,-2.29791e-06,0,0,True,True
0.3,-0,0,-7.27147e-05,0.000467477,-4.85996e-06,0.945763,-0.631397,-0.00133021,-1.20128,1.06644,-0.000346525,-18.7454,-0.435047,0.00167674,-0.229038,-0.000467477,4.85996e-06,-2.22974e-05,-0,0,8.22009e-05,0.000467477,-4.85996e-06,-1.00594,-0.631397,-0.00133021,-1.20083,1.06644,-0.000346525,-18.7471,-0.435047,0.00167674,-0.229044,-0.000467477,4.85996e-06,-2.22994e-05,-0.147645,-0.146834,0.00130458,0.00130366,-0.000417781,-2.28897e-06,0,0,True,True
0.305,-0,0,-4.93902e-05,0.000467452,-5.22327e-06,0.945775,-0.631404,-0.00132434,-1.20084,1.06644,-0.00034504,-18.7445,-0.435039,0.00166938,-0.227578,-0.000467452,5.22327e-06,-2.13564e-05,-0,0,5.71901e-05,0.000467452,-5.22327e-06,-1.00593,-0.631404,-0.00132434,-1.2004,1.06644,-0.00034504,-18.7462,-0.435039,0.00166938,-0.227584,-0.000467452,5.22327e-06,-2.13583e-05,-0.146704,-0.145899,0.00129919,0.0012976,-0.000420768,-2.27931e-06,0,0,True,True
0.31,-0,0,-2.64608e-05,0.000467425,-5.57124e-06,0.945786,-0.63141,-0.00132061,-1.20041,1.06644,-0.000344114,-18.7437,-0.43503,0.00166473,-0.22615,-0.000467425,5.57124e-06,-2.04458e-05,-0,0,3.26073e-05,0.000467425,-5.57124e-06,-1.00592,-0.63141,-0.00132061,-1.19999,1.06644,-0.000344114,-18.7453,-0.43503,0.00166473,-0.226156,-0.000467425,5.57124e-06,-2.04476e-05,-0.145783,-0.144984,0.00129589,0.00129367,-0.000423744,-2.26896e-06,0,0,True,True
0.315,-0,0,-3.90998e-06,0.000467396,-5.9044e-06,0.945798,-0.631417,-0.001319,-1.19999,1.06644,-0.000343737,-18.7428,-0.435022,0.00166274,-0.224753,-0.000467396,5.9044e-06,-1.9565e-05,-0,0,8.43469e-06,0.000467396,-5.9044e-06,-1.0059,-0.631417,-0.001319,-1.19957,1.06644,-0.000343737,-18.7445,-0.435022,0.00166274,-0.224759,-0.000467396,5.9044e-06,-1.95667e-05,-0.144881,-0.144088,0.00129464,0.00129183,-0.000426714,-2.25794e-06,0,0,True,True
0.32,-0,0,1.82787e-05,0.000467366,-6.22321e-06,0.945809,-0.631424,-0.00131946,-1.19958,1.06644,-0.000343902,-18.742,-0.435014,0.00166337,-0.223387,-0.000467366,6.22321e-06,-1.87131e-05,-0,0,-1.53454e-05,0.000467366,-6.22321e-06,-1.00589,-0.631424,-0.00131946,-1.19917,1.06644,-0.000343902,-18.7436,-0.435014,0.00166337,-0.223392,-0.000467366,6.22321e-06,-1.87146e-05,-0.144,-0.143212,0.00129541,0.00129204,-0.000429683,-2.2463e-06,0,0,True,True
0.325,-0,0,4.01212e-05,0.000467334,-6.52816e-06,0.94582,-0.63143,-0.00132197,-1.19917,1.06644,-0.0003446,-18.7412,-0.435005,0.00166657,-0.22205,-0.000467334,6.52816e-06,-1.78893e-05,-0,0,-3.87501e-05,0.000467334,-6.52816e-06,-1.00588,-0.63143,-0.00132197,-1.19877,1.06644,-0.0003446,-18.7428,-0.435005,0.00166657,-0.222055,-0.000467334,6.52816e-06,-1.78908e-05,-0.143137,-0.142355,0.00129816,0.00129427,-0.000432655,-2.23406e-06,0,0,True,True
0.33,-0,0,6.16333e-05,0.000467301,-6.81971e-06,0.945831,-0.631437,-0.00132649,-1.19877,1.06643,-0.000345822,-18.7405,-0.434997,0.00167231,-0.220742,-0.000467301,6.81971e-06,-1.70929e-05,-0,0,-6.17967e-05,0.000467301,-6.81971e-06,-1.00587,-0.631437,-0.00132649,-1.19838,1.06643,-0.000345822,-18.742,-0.434997,0.00167231,-0.220747,-0.000467301,6.81971e-06,-1.70943e-05,-0.142294,-0.141517,0.00130287,0.00129849,-0.000435636,-2.22124e-06,0,0,True,True
0.335,-0,0,8.28307e-05,0.000467266,-7.0983e-06,0.945841,-0.631443,-0.00133299,-1.19838,1.06643,-0.000347561,-18.7397,-0.434989,0.00168055,-0.219462,-0.000467266,7.0983e-06,-1.63232e-05,-0,0,-8.45017e-05,0.000467266,-7.0983e-06,-1.00586,-0.631443,-0.00133299,-1.19799,1.06643,-0.000347561,-18.7412,-0.434989,0.00168055,-0.219467,-0.000467266,7.0983e-06,-1.63244e-05,-0.141468,-0.140697,0.0013095,0.00130468,-0.000438629,-2.20786e-06,0,0,True,True
0.34,-0,0,0.000103729,0.00046723,-7.36437e-06,0.945852,-0.63145,-0.00134144,-1.19799,1.06643,-0.00034981,-18.739,-0.43498,0.00169125,-0.218211,-0.00046723,7.36437e-06,-1.55794e-05,-0,0,-0.000106882,0.00046723,-7.36437e-06,-1.00585,-0.63145,-0.00134144,-1.19761,1.06643,-0.00034981,-18.7404,-0.43498,0.00169125,-0.218215,-0.00046723,7.36437e-06,-1.55805e-05,-0.140661,-0.139895,0.00131803,0.00131279,-0.000441639,-2.19396e-06,0,0,True,True
0.345,-0,0,0.000124342,0.000467192,-7.61835e-06,0.945862,-0.631457,-0.00135181,-1.19761,1.06643,-0.000352563,-18.7382,-0.434972,0.00170437,-0.216987,-0.000467192,7.61835e-06,-1.48608e-05,-0,0,-0.000128953,0.000467192,-7.61835e-06,-1.00584,-0.631457,-0.00135181,-1.19724,1.06643,-0.000352563,-18.7397,-0.434972,0.00170437,-0.216991,-0.000467192,7.61835e-06,-1.48619e-05,-0.139871,-0.13911,0.00132844,0.00132281,-0.00044467,-2.17956e-06,0,0,True,True
0.35,-0,0,0.000144686,0.000467154,-7.86065e-06,0.945872,-0.631464,-0.00136409,-1.19723,1.06643,-0.000355811,-18.7375,-0.434963,0.0017199,-0.21579,-0.000467154,7.86065e-06,-1.41667e-05,-0,0,-0.000150731,0.000467154,-7.86065e-06,-1.00583,-0.631464,-0.00136409,-1.19687,1.06643,-0.000355811,-18.7389,-0.434963,0.0017199,-0.215794,-0.000467154,7.86065e-06,-1.41677e-05,-0.139099,-0.138343,0.00134069,0.00133471,-0.000447726,-2.16468e-06,0,0,True,True
0.355,-0,0,0.000164774,0.000467114,-8.09167e-06,0.945882,-0.631471,-0.00137823,-1.19685,1.06642,-0.00035955,-18.7368,-0.434954,0.00173778,-0.214619,-0.000467114,8.09167e-06,-1.34965e-05,-0,0,-0.000172233,0.000467114,-8.09167e-06,-1.00582,-0.631471,-0.00137823,-1.1965,1.06642,-0.00035955,-18.7382,-0.434954,0.00173778,-0.214623,-0.000467114,8.09167e-06,-1.34975e-05,-0.138344,-0.137593,0.00135476,0.00134846,-0.000450813,-2.14934e-06,0,0,True,True
0.36,-0,0,0.000184622,0.000467073,-8.3118e-06,0.945891,-0.631477,-0.00139423,-1.19649,1.06642,-0.000363773,-18.7361,-0.434946,0.00175801,-0.213474,-0.000467073,8.3118e-06,-1.28496e-05,-0,0,-0.000193472,0.000467073,-8.3118e-06,-1.00581,-0.631477,-0.00139423,-1.19614,1.06642,-0.000363773,-18.7374,-0.434946,0.00175801,-0.213478,-0.000467073,8.3118e-06,-1.28505e-05,-0.137606,-0.136859,0.00137064,0.00136404,-0.000453933,-2.13356e-06,0,0,True,True
0.365,-0,0,0.000204244,0.000467031,-8.52143e-06,0.945901,-0.631484,-0.00141206,-1.19612,1.06642,-0.000368476,-18.7354,-0.434937,0.00178054,-0.212355,-0.000467031,8.52143e-06,-1.22253e-05,-0,0,-0.000214465,0.000467031,-8.52143e-06,-1.0058,-0.631484,-0.00141206,-1.19578,1.06642,-0.000368476,-18.7367,-0.434937,0.00178054,-0.212359,-0.000467031,8.52143e-06,-1.22261e-05,-0.136884,-0.136142,0.0013883,0.00138143,-0.000457092,-2.11738e-06,0,0,True,True
0.37,-0,0,0.000223653,0.000466987,-8.72092e-06,0.94591,-0.631492,-0.0014317,-1.19576,1.06642,-0.000373652,-18.7347,-0.434928,0.00180535,-0.211261,-0.000466987,8.72092e-06,-1.16229e-05,-0,0,-0.000235226,0.000466987,-8.72092e-06,-1.00579,-0.631492,-0.0014317,-1.19543,1.06642,-0.000373652,-18.736,-0.434928,0.00180535,-0.211264,-0.000466987,8.72092e-06,-1.16237e-05,-0.136178,-0.13544,0.00140772,0.00140062,-0.000460293,-2.10079e-06,0,0,True,True
0.375,-0,0,0.000242863,0.000466943,-8.91064e-06,0.945919,-0.631499,-0.00145312,-1.1954,1.06642,-0.000379297,-18.7341,-0.434919,0.00183242,-0.210191,-0.000466943,8.91064e-06,-1.1042e-05,-0,0,-0.000255771,0.000466943,-8.91064e-06,-1.00578,-0.631499,-0.00145312,-1.19508,1.06642,-0.000379297,-18.7353,-0.434919,0.00183242,-0.210194,-0.000466943,8.91064e-06,-1.10427e-05,-0.135487,-0.134754,0.00142888,0.00142157,-0.00046354,-2.08383e-06,0,0,True,True
0.38,-0,0,0.000261887,0.000466898,-9.09094e-06,0.945928,-0.631506,-0.00147632,-1.19505,1.06642,-0.000385407,-18.7334,-0.43491,0.00186173,-0.209144,-0.000466898,9.09094e-06,-1.04818e-05,-0,0,-0.000276113,0.000466898,-9.09094e-06,-1.00577,-0.631506,-0.00147632,-1.19473,1.06642,-0.000385407,-18.7346,-0.43491,0.00186173,-0.209148,-0.000466898,9.09094e-06,-1.04825e-05,-0.134813,-0.134084,0.00145177,0.00144427,-0.000466838,-2.06652e-06,0,0,True,True
0.385,-0,0,0.00028074,0.000466852,-9.26215e-06,0.945937,-0.631514,-0.00150127,-1.1947,1.06641,-0.000391978,-18.7328,-0.4349,0.00189325,-0.208122,-0.000466852,9.26215e-06,-9.9419e-06,-0,0,-0.000296268,0.000466852,-9.26215e-06,-1.00576,-0.631514,-0.00150127,-1.19439,1.06641,-0.000391978,-18.734,-0.4349,0.00189325,-0.208125,-0.000466852,9.26215e-06,-9.94252e-06,-0.134153,-0.133428,0.00147636,0.00146871,-0.00047019,-2.04887e-06,0,0,True,True
0.39,-0,0,0.000299433,0.000466806,-9.42461e-06,0.945945,-0.631521,-0.00152795,-1.19435,1.06641,-0.000399006,-18.7321,-0.434891,0.00192696,-0.207122,-0.000466806,9.42461e-06,-9.42167e-06,-0,0,-0.000316248,0.000466806,-9.42461e-06,-1.00576,-0.631521,-0.00152795,-1.19405,1.06641,-0.000399006,-18.7333,-0.434891,0.00192696,-0.207125,-0.000466806,9.42461e-06,-9.42225e-06,-0.133508,-0.132787,0.00150265,0.00149487,-0.0004736,-2.03089e-06,0,0,True,True
0.395,-0,0,0.00031798,0.000466758,-9.57864e-06,0.945954,-0.631529,-0.00155636,-1.19401,1.06641,-0.000406487,-18.7315,-0.434881,0.00196285,-0.206145,-0.000466758,9.57864e-06,-8.92058e-06,-0,0,-0.000336069,0.000466758,-9.57864e-06,-1.00575,-0.631529,-0.00155636,-1.19371,1.06641,-0.000406487,-18.7327,-0.434881,0.00196285,-0.206148,-0.000466758,9.57864e-06,-8.92112e-06,-0.132878,-0.132161,0.00153063,0.00152273,-0.000477072,-2.01262e-06,0,0,True,True
0.4,-0,0,0.000336394,0.00046671,-9.72456e-06,0.945962,-0.631537,-0.00158649,-1.19367,1.06641,-0.000414418,-18.7309,-0.434871,0.0020009,-0.20519,-0.00046671,9.72456e-06,-8.43812e-06,-0,0,-0.000355743,0.00046671,-9.72456e-06,-1.00574,-0.631537,-0.00158649,-1.19337,1.06641,-0.000414418,-18.732,-0.434871,0.0020009,-0.205193,-0.00046671,9.72456e-06,-8.43862e-06,-0.132262,-0.131549,0.00156027,0.00155229,-0.000480611,-1.99405e-06,0,0,True,True
0.405,-0,0,0.000354688,0.000466661,-9.86267e-06,0.94597,-0.631545,-0.00161831,-1.19333,1.06641,-0.000422797,-18.7303,-0.434861,0.0020411,-0.204257,-0.000466661,9.86267e-06,-7.97378e-06,-0,0,-0.000375284,0.000466661,-9.86267e-06,-1.00573,-0.631545,-0.00161831,-1.19304,1.06641,-0.000422797,-18.7314,-0.434861,0.0020411,-0.20426,-0.000466661,9.86267e-06,-7.97424e-06,-0.13166,-0.130951,0.00159157,0.00158353,-0.000484219,-1.97521e-06,0,0,True,True
0.41,-0,0,0.000372873,0.000466611,-9.99326e-06,0.945978,-0.631553,-0.00165181,-1.19299,1.0664,-0.00043162,-18.7297,-0.434851,0.00208343,-0.203345,-0.000466611,9.99326e-06,-7.52706e-06,-0,0,-0.000394707,0.000466611,-9.99326e-06,-1.00572,-0.631553,-0.00165181,-1.19271,1.0664,-0.00043162,-18.7308,-0.434851,0.00208343,-0.203348,-0.000466611,9.99326e-06,-7.52748e-06,-0.131072,-0.130366,0.00162451,0.00161644,-0.000487901,-1.95612e-06,0,0,True,True
0.415,-0,0,0.000390962,0.000466561,-1.01166e-05,0.945986,-0.631561,-0.001687,-1.19265,1.0664,-0.000440887,-18.7291,-0.43484,0.00212788,-0.202455,-0.000466561,1.01166e-05,-7.09747e-06,-0,0,-0.000414023,0.000466561,-1.01166e-05,-1.00572,-0.631561,-0.001687,-1.19238,1.0664,-0.000440887,-18.7302,-0.43484,0.00212788,-0.202457,-0.000466561,1.01166e-05,-7.09786e-06,-0.130497,-0.129795,0.0016591,0.00165101,-0.00049166,-1.93678e-06,0,0,True,True
0.42,-0,0,0.000408968,0.00046651,-1.02331e-05,0.945993,-0.63157,-0.00172385,-1.19232,1.0664,-0.000450594,-18.7285,-0.434829,0.00217444,-0.201584,-0.00046651,1.02331e-05,-6.68456e-06,-0,0,-0.000433245,0.00046651,-1.02331e-05,-1.00571,-0.63157,-0.00172385,-1.19205,1.0664,-0.000450594,-18.7295,-0.434829,0.00217444,-0.201587,-0.00046651,1.02331e-05,-6.68492e-06,-0.129936,-0.129237,0.00169531,0.00168723,-0.0004955,-1.91721e-06,0,0,True,True
0.425,-0,0,0.000426902,0.000466459,-1.03428e-05,0.946001,-0.631578,-0.00176236,-1.19199,1.0664,-0.00046074,-18.7279,-0.434818,0.0022231,-0.200734,-0.000466459,1.03428e-05,-6.28786e-06,-0,0,-0.000452388,0.000466459,-1.03428e-05,-1.0057,-0.631578,-0.00176236,-1.19172,1.0664,-0.00046074,-18.729,-0.434818,0.0022231,-0.200736,-0.000466459,1.03428e-05,-6.28819e-06,-0.129387,-0.128692,0.00173315,0.00172509,-0.000499426,-1.89743e-06,0,0,True,True
0.43,-0,0,0.000444776,0.000466407,-1.04462e-05,0.946008,-0.631587,-0.00180253,-1.19165,1.06639,-0.000471325,-18.7274,-0.434807,0.00227386,-0.199903,-0.000466407,1.04462e-05,-5.90693e-06,-0,0,-0.000471463,0.000466407,-1.04462e-05,-1.00569,-0.631587,-0.00180253,-1.1914,1.06639,-0.000471325,-18.7284,-0.434807,0.00227386,-0.199906,-0.000466407,1.04462e-05,-5.90724e-06,-0.128851,-0.12816,0.0017726,0.00176459,-0.00050344,-1.87745e-06,0,0,True,True
0.435,-0,0,0.000462602,0.000466354,-1.05434e-05,0.946016,-0.631596,-0.00184435,-1.19132,1.06639,-0.000482346,-18.7268,-0.434796,0.0023267,-0.199092,-0.000466354,1.05434e-05,-5.54134e-06,-0,0,-0.000490484,0.000466354,-1.05434e-05,-1.00569,-0.631596,-0.00184435,-1.19107,1.06639,-0.000482346,-18.7278,-0.434796,0.0023267,-0.199094,-0.000466354,1.05434e-05,-5.54163e-06,-0.128328,-0.127639,0.00181367,0.00180573,-0.000507547,-1.85727e-06,0,0,True,True
0.44,-0,0,0.000480391,0.000466301,-1.06348e-05,0.946023,-0.631606,-0.00188781,-1.19099,1.06639,-0.000493804,-18.7263,-0.434784,0.00238162,-0.1983,-0.000466301,1.06348e-05,-5.19068e-06,-0,0,-0.000509462,0.000466301,-1.06348e-05,-1.00568,-0.631606,-0.00188781,-1.19075,1.06639,-0.000493804,-18.7272,-0.434784,0.00238162,-0.198302,-0.000466301,1.06348e-05,-5.19094e-06,-0.127817,-0.127132,0.00185635,0.00184849,-0.000511749,-1.83691e-06,0,0,True,True
0.445,-0,0,0.000498156,0.000466248,-1.07204e-05,0.94603,-0.631615,-0.00193292,-1.19067,1.06639,-0.000505698,-18.7257,-0.434772,0.00243862,-0.197527,-0.000466248,1.07204e-05,-4.85453e-06,-0,0,-0.00052841,0.000466248,-1.07204e-05,-1.00567,-0.631615,-0.00193292,-1.19043,1.06639,-0.000505698,-18.7266,-0.434772,0.00243862,-0.197529,-0.000466248,1.07204e-05,-4.85477e-06,-0.127318,-0.126636,0.00190063,0.00189289,-0.000516052,-1.81639e-06,0,0,True,True
0.45,-0,0,0.000515907,0.000466194,-1.08007e-05,0.946037,-0.631625,-0.00197966,-1.19034,1.06638,-0.000518028,-18.7252,-0.434759,0.00249769,-0.196772,-0.000466194,1.08007e-05,-4.5325e-06,-0,0,-0.00054734,0.000466194,-1.08007e-05,-1.00566,-0.631625,-0.00197966,-1.1901,1.06638,-0.000518028,-18.7261,-0.434759,0.00249769,-0.196774,-0.000466194,1.08007e-05,-4.53271e-06,-0.126831,-0.126152,0.00194652,0.0019389,-0.000520458,-1.79571e-06,0,0,True,True
0.455,-0,0,0.000533656,0.00046614,-1.08758e-05,0.946043,-0.631635,-0.00202805,-1.19001,1.06638,-0.000530793,-18.7246,-0.434747,0.00255884,-0.196035,-0.00046614,1.08758e-05,-4.2242e-06,-0,0,-0.000566265,0.00046614,-1.08758e-05,-1.00566,-0.631635,-0.00202805,-1.18978,1.06638,-0.000530793,-18.7255,-0.434747,0.00255884,-0.196036,-0.00046614,1.08758e-05,-4.2244e-06,-0.126356,-0.125679,0.00199402,0.00198654,-0.000524972,-1.77489e-06,0,0,True,True
0.46,-0,0,0.000551414,0.000466085,-1.0946e-05,0.94605,-0.631645,-0.00207807,-1.18968,1.06638,-0.000543996,-18.7241,-0.434734,0.00262207,-0.195315,-0.000466085,1.0946e-05,-3.92926e-06,-0,0,-0.000585196,0.000466085,-1.0946e-05,-1.00565,-0.631645,-0.00207807,-1.18945,1.06638,-0.000543996,-18.725,-0.434734,0.00262207,-0.195317,-0.000466085,1.0946e-05,-3.92944e-06,-0.125891,-0.125218,0.00204312,0.0020358,-0.000529597,-1.75392e-06,0,0,True,True
0.465,-0,0,0.000569192,0.00046603,-1.10114e-05,0.946057,-0.631656,-0.00212973,-1.18935,1.06638,-0.000557636,-18.7236,-0.434721,0.00268737,-0.194613,-0.00046603,1.10114e-05,-3.64732e-06,-0,0,-0.000604146,0.00046603,-1.10114e-05,-1.00564,-0.631656,-0.00212973,-1.18913,1.06638,-0.000557636,-18.7244,-0.434721,0.00268737,-0.194615,-0.00046603,1.10114e-05,-3.64748e-06,-0.125438,-0.124767,0.00209382,0.00208669,-0.000534336,-1.73283e-06,0,0,True,True
0.47,-0,0,0.000587002,0.000465975,-1.10723e-05,0.946063,-0.631667,-0.00218303,-1.18902,1.06637,-0.000571714,-18.7231,-0.434707,0.00275475,-0.193928,-0.000465975,1.10723e-05,-3.37802e-06,-0,0,-0.000623126,0.000465975,-1.10723e-05,-1.00564,-0.631667,-0.00218303,-1.18881,1.06637,-0.000571714,-18.7239,-0.434707,0.00275475,-0.19393,-0.000465975,1.10723e-05,-3.37816e-06,-0.124996,-0.124328,0.00214614,0.0021392,-0.000539194,-1.71163e-06,0,0,True,True
0.475,-0,0,0.000604855,0.00046592,-1.11289e-05,0.946069,-0.631678,-0.00223798,-1.18869,1.06637,-0.000586232,-18.7225,-0.434693,0.00282421,-0.193259,-0.00046592,1.11289e-05,-3.12102e-06,-0,0,-0.000642148,0.00046592,-1.11289e-05,-1.00563,-0.631678,-0.00223798,-1.18848,1.06637,-0.000586232,-18.7234,-0.434693,0.00282421,-0.193261,-0.00046592,1.11289e-05,-3.12115e-06,-0.124565,-0.123899,0.00220007,0.00219335,-0.000544173,-1.69031e-06,0,0,True,True
0.48,-0,0,0.00062276,0.000465864,-1.11814e-05,0.946075,-0.631689,-0.00229458,-1.18836,1.06637,-0.000601192,-18.722,-0.434679,0.00289577,-0.192607,-0.000465864,1.11814e-05,-2.87598e-06,-0,0,-0.000661224,0.000465864,-1.11814e-05,-1.00563,-0.631689,-0.00229458,-1.18815,1.06637,-0.000601192,-18.7228,-0.434679,0.00289577,-0.192609,-0.000465864,1.11814e-05,-2.8761e-06,-0.124144,-0.123481,0.00225561,0.00224912,-0.000549279,-1.66889e-06,0,0,True,True
0.485,-0,0,0.00064073,0.000465808,-1.123e-05,0.946081,-0.631701,-0.00235283,-1.18803,1.06636,-0.000616595,-18.7215,-0.434664,0.00296942,-0.191972,-0.000465808,1.123e-05,-2.64259e-06,-0,0,-0.000680365,0.000465808,-1.123e-05,-1.00562,-0.631701,-0.00235283,-1.18782,1.06636,-0.000616595,-18.7223,-0.434664,0.00296942,-0.191973,-0.000465808,1.123e-05,-2.6427e-06,-0.123734,-0.123073,0.00231278,0.00230654,-0.000554514,-1.64738e-06,0,0,True,True
0.49,-0,0,0.000658775,0.000465752,-1.12748e-05,0.946087,-0.631713,-0.00241274,-1.18769,1.06636,-0.000632443,-18.721,-0.434649,0.00304518,-0.191351,-0.000465752,1.12748e-05,-2.42053e-06,-0,0,-0.000699584,0.000465752,-1.12748e-05,-1.00561,-0.631713,-0.00241274,-1.1875,1.06636,-0.000632443,-18.7218,-0.434649,0.00304518,-0.191353,-0.000465752,1.12748e-05,-2.42063e-06,-0.123334,-0.122676,0.00237158,0.0023656,-0.000559883,-1.62578e-06,0,0,True,True
0.495,-0,0,0.000676906,0.000465695,-1.13161e-05,0.946093,-0.631725,-0.00247431,-1.18736,1.06636,-0.00064874,-18.7205,-0.434634,0.00312305,-0.190747,-0.000465695,1.13161e-05,-2.20949e-06,-0,0,-0.000718891,0.000465695,-1.13161e-05,-1.00561,-0.631725,-0.00247431,-1.18716,1.06636,-0.00064874,-18.7213,-0.434634,0.00312305,-0.190748,-0.000465695,1.13161e-05,-2.20958e-06,-0.122944,-0.122288,0.00243202,0.00242632,-0.000565388,-1.60411e-06,0,0,True,True
0.5,-0,0,0.000695133,0.000465638,-1.13541e-05,0.946099,-0.631737,-0.00253756,-1.18702,1.06636,-0.000665488,-18.72,-0.434618,0.00320305,-0.190158,-0.000465638,1.13541e-05,-2.00918e-06,-0,0,-0.000738298,0.000465638,-1.13541e-05,-1.0056,-0.631737,-0.00253756,-1.18683,1.06636,-0.000665488,-18.7208,-0.434618,0.00320305,-0.190159,-0.000465638,1.13541e-05,-2.00926e-06,-0.122564,-0.12191,0.0024941,0.00248869,-0.000571034,-1.58236e-06,0,0,True,True
0.505,-0,0,0.000713468,0.000465582,-1.13889e-05,0.946104,-0.63175,-0.00260249,-1.18668,1.06635,-0.00068269,-18.7195,-0.434602,0.00328518,-0.189583,-0.000465582,1.13889e-05,-1.81931e-06,-0,0,-0.000757817,0.000465582,-1.13889e-05,-1.0056,-0.63175,-0.00260249,-1.1865,1.06635,-0.00068269,-18.7203,-0.434602,0.00328518,-0.189584,-0.000465582,1.13889e-05,-1.81938e-06,-0.122193,-0.121542,0.00255784,0.00255274,-0.000576825,-1.56055e-06,0,0,True,True
0.51,-0,0,0.000731921,0.000465525,-1.14207e-05,0.94611,-0.631763,-0.00266912,-1.18634,1.06635,-0.000700349,-18.719,-0.434585,0.00336947,-0.189024,-0.000465525,1.14207e-05,-1.6396e-06,-0,0,-0.000777458,0.000465525,-1.14207e-05,-1.00559,-0.631763,-0.00266912,-1.18616,1.06635,-0.000700349,-18.7197,-0.434585,0.00336947,-0.189025,-0.000465525,1.14207e-05,-1.63966e-06,-0.121832,-0.121183,0.00262325,0.00261847,-0.000582765,-1.53868e-06,0,0,True,True
0.515,-0,0,0.000750503,0.000465467,-1.14497e-05,0.946115,-0.631777,-0.00273745,-1.186,1.06634,-0.000718469,-18.7185,-0.434568,0.00345592,-0.188478,-0.000465467,1.14497e-05,-1.46978e-06,-0,0,-0.000797234,0.000465467,-1.14497e-05,-1.00559,-0.631777,-0.00273745,-1.18582,1.06634,-0.000718469,-18.7192,-0.434568,0.00345592,-0.18848,-0.000465467,1.14497e-05,-1.46983e-06,-0.12148,-0.120833,0.00269033,0.00268589,-0.000588857,-1.51675e-06,0,0,True,True
0.52,-0,0,0.000769224,0.00046541,-1.1476e-05,0.946121,-0.631791,-0.00280749,-1.18565,1.06634,-0.000737055,-18.7181,-0.43455,0.00354455,-0.187947,-0.00046541,1.1476e-05,-1.30958e-06,-0,0,-0.000817156,0.00046541,-1.1476e-05,-1.00558,-0.631791,-0.00280749,-1.18548,1.06634,-0.000737055,-18.7187,-0.43455,0.00354455,-0.187949,-0.00046541,1.1476e-05,-1.30963e-06,-0.121137,-0.120492,0.0027591,0.00275501,-0.000595105,-1.49478e-06,0,0,True,True
0.525,-0,0,0.000788095,0.000465353,-1.14998e-05,0.946126,-0.631805,-0.00287927,-1.18531,1.06634,-0.000756109,-18.7176,-0.434532,0.00363538,-0.18743,-0.000465353,1.14998e-05,-1.15876e-06,-0,0,-0.000837235,0.000465353,-1.14998e-05,-1.00557,-0.631805,-0.00287927,-1.18514,1.06634,-0.000756109,-18.7182,-0.434532,0.00363538,-0.187431,-0.000465353,1.14998e-05,-1.1588e-06,-0.120804,-0.120161,0.00282957,0.00282586,-0.000601513,-1.47277e-06,0,0,True,True
0.53,-0,0,0.000807126,0.000465295,-1.15212e-05,0.946131,-0.63182,-0.00295278,-1.18495,1.06633,-0.000775638,-18.7171,-0.434514,0.00372842,-0.186927,-0.000465295,1.15212e-05,-1.01707e-06,-0,0,-0.000857483,0.000465295,-1.15212e-05,-1.00557,-0.63182,-0.00295278,-1.18479,1.06633,-0.000775638,-18.7177,-0.434514,0.00372842,-0.186928,-0.000465295,1.15212e-05,-1.0171e-06,-0.120479,-0.119838,0.00290177,0.00289843,-0.000608085,-1.45071e-06,0,0,True,True
0.535,-0,0,0.000826329,0.000465237,-1.15405e-05,0.946136,-0.631834,-0.00302806,-1.1846,1.06633,-0.000795645,-18.7166,-0.434495,0.0038237,-0.186437,-0.000465237,1.15405e-05,-8.84259e-07,-0,0,-0.000877911,0.000465237,-1.15405e-05,-1.00556,-0.631834,-0.00302806,-1.18444,1.06633,-0.000795645,-18.7172,-0.434495,0.0038237,-0.186438,-0.000465237,1.15405e-05,-8.84289e-07,-0.120163,-0.119523,0.00297569,0.00297275,-0.000614825,-1.42863e-06,0,0,True,True
0.54,-0,0,0.000845714,0.00046518,-1.15576e-05,0.946141,-0.63185,-0.0031051,-1.18424,1.06633,-0.000816136,-18.7161,-0.434476,0.00392124,-0.185961,-0.00046518,1.15576e-05,-7.60106e-07,-0,0,-0.000898529,0.00046518,-1.15576e-05,-1.00556,-0.63185,-0.0031051,-1.18408,1.06633,-0.000816136,-18.7167,-0.434476,0.00392124,-0.185962,-0.00046518,1.15576e-05,-7.60131e-07,-0.119855,-0.119218,0.00305137,0.00304883,-0.000621737,-1.40651e-06,0,0,True,True
0.545,-0,0,0.000865292,0.000465122,-1.15729e-05,0.946146,-0.631866,-0.00318394,-1.18388,1.06632,-0.000837116,-18.7156,-0.434456,0.00402106,-0.185497,-0.000465122,1.15729e-05,-6.44382e-07,-0,0,-0.00091935,0.000465122,-1.15729e-05,-1.00555,-0.631866,-0.00318394,-1.18373,1.06632,-0.000837116,-18.7163,-0.434456,0.00402106,-0.185498,-0.000465122,1.15729e-05,-6.44403e-07,-0.119556,-0.11892,0.00312881,0.0031267,-0.000628825,-1.38437e-06,0,0,True,True
0.55,-0,0,0.000885072,0.000465064,-1.15863e-05,0.946151,-0.631882,-0.00326459,-1.18352,1.06632,-0.000858591,-18.7152,-0.434436,0.00412318,-0.185047,-0.000465064,1.15863e-05,-5.3687e-07,-0,0,-0.000940386,0.000465064,-1.15863e-05,-1.00555,-0.631882,-0.00326459,-1.18336,1.06632,-0.000858591,-18.7158,-0.434436,0.00412318,-0.185047,-0.000465064,1.15863e-05,-5.36887e-07,-0.119265,-0.118631,0.00320803,0.00320636,-0.000636093,-1.36221e-06,0,0,True,True
0.555,-0,0,0.000905067,0.000465006,-1.15982e-05,0.946155,-0.631898,-0.00334706,-1.18315,1.06631,-0.000880567,-18.7147,-0.434415,0.00422762,-0.184608,-0.000465006,1.15982e-05,-4.3736e-07,-0,0,-0.000961646,0.000465006,-1.15982e-05,-1.00554,-0.631898,-0.00334706,-1.183,1.06631,-0.000880567,-18.7153,-0.434415,0.00422762,-0.184609,-0.000465006,1.15982e-05,-4.37373e-07,-0.118982,-0.11835,0.00328906,0.00328783,-0.000643546,-1.34003e-06,0,0,True,True
0.56,-0,0,0.000925286,0.000464948,-1.16085e-05,0.94616,-0.631915,-0.00343137,-1.18278,1.06631,-0.00090305,-18.7142,-0.434393,0.00433442,-0.184183,-0.000464948,1.16085e-05,-3.45646e-07,-0,0,-0.000983144,0.000464948,-1.16085e-05,-1.00554,-0.631915,-0.00343137,-1.18263,1.06631,-0.00090305,-18.7148,-0.434393,0.00433442,-0.184184,-0.000464948,1.16085e-05,-3.45656e-07,-0.118707,-0.118077,0.00337191,0.00337115,-0.000651186,-1.31784e-06,0,0,True,True
0.565,-0,0,0.000945741,0.00046489,-1.16174e-05,0.946164,-0.631932,-0.00351755,-1.1824,1.0663,-0.000926047,-18.7137,-0.434371,0.0044436,-0.183769,-0.00046489,1.16174e-05,-2.61531e-07,-0,0,-0.00100489,0.00046489,-1.16174e-05,-1.00554,-0.631932,-0.00351755,-1.18226,1.0663,-0.000926047,-18.7143,-0.434371,0.0044436,-0.18377,-0.00046489,1.16174e-05,-2.61539e-07,-0.11844,-0.117811,0.00345661,0.00345632,-0.00065902,-1.29564e-06,0,0,True,True
0.57,-0,0,0.000966441,0.000464832,-1.16251e-05,0.946169,-0.63195,-0.00360562,-1.18202,1.0663,-0.000949565,-18.7132,-0.434349,0.00455519,-0.183368,-0.000464832,1.16251e-05,-1.84824e-07,-0,0,-0.0010269,0.000464832,-1.16251e-05,-1.00553,-0.63195,-0.00360562,-1.18188,1.0663,-0.000949565,-18.7138,-0.434349,0.00455519,-0.183368,-0.000464832,1.16251e-05,-1.8483e-07,-0.118181,-0.117553,0.00354318,0.00354338,-0.00066705,-1.27342e-06,0,0,True,True
0.575,-0,0,0.000987399,0.000464774,-1.16317e-05,0.946173,-0.631969,-0.0036956,-1.18163,1.06629,-0.000973611,-18.7128,-0.434326,0.00466921,-0.182978,-0.000464774,1.16317e-05,-1.1534e-07,-0,0,-0.00104917,0.000464774,-1.16317e-05,-1.00553,-0.631969,-0.0036956,-1.18149,1.06629,-0.000973611,-18.7133,-0.434326,0.00466921,-0.182979,-0.000464774,1.16317e-05,-1.15344e-07,-0.11793,-0.117303,0.00363164,0.00363234,-0.000675281,-1.2512e-06,0,0,True,True
0.58,-0,0,0.00100863,0.000464715,-1.16372e-05,0.946178,-0.631987,-0.00378751,-1.18124,1.06629,-0.000998192,-18.7123,-0.434302,0.0047857,-0.1826,-0.000464715,1.16372e-05,-5.28999e-08,-0,0,-0.00107173,0.000464715,-1.16372e-05,-1.00552,-0.631987,-0.00378751,-1.18111,1.06629,-0.000998192,-18.7128,-0.434302,0.0047857,-0.1826,-0.000464715,1.16372e-05,-5.29019e-08,-0.117685,-0.11706,0.00372201,0.00372323,-0.000683718,-1.22898e-06,0,0,True,True
0.585,-0,0,0.00103013,0.000464657,-1.16419e-05,0.946182,-0.632006,-0.00388138,-1.18084,1.06628,-0.00102332,-18.7118,-0.434278,0.0049047,-0.182233,-0.000464657,1.16419e-05,2.66877e-09,-0,0,-0.00109459,0.000464657,-1.16419e-05,-1.00552,-0.632006,-0.00388138,-1.18071,1.06628,-0.00102332,-18.7123,-0.434278,0.0049047,-0.182234,-0.000464657,1.16419e-05,2.6683e-09,-0.117448,-0.116825,0.00381432,0.00381606,-0.000692365,-1.20675e-06,0,0,True,True
0.59,-0,0,0.00105192,0.000464599,-1.16458e-05,0.946186,-0.632026,-0.00397724,-1.18044,1.06628,-0.00104899,-18.7113,-0.434253,0.00502623,-0.181877,-0.000464599,1.16458e-05,5.15334e-08,-0,0,-0.00111775,0.000464599,-1.16458e-05,-1.00551,-0.632026,-0.00397724,-1.18031,1.06628,-0.00104899,-18.7118,-0.434253,0.00502623,-0.181878,-0.000464599,1.16458e-05,5.15342e-08,-0.117219,-0.116597,0.0039086,0.00391088,-0.000701226,-1.18452e-06,0,0,True,True
0.595,-0,0,0.00107402,0.000464541,-1.1649e-05,0.94619,-0.632046,-0.0040751,-1.18004,1.06627,-0.00107523,-18.7108,-0.434228,0.00515033,-0.181533,-0.000464541,1.1649e-05,9.38553e-08,-0,0,-0.00114123,0.000464541,-1.1649e-05,-1.00551,-0.632046,-0.0040751,-1.17991,1.06627,-0.00107523,-18.7113,-0.434228,0.00515033,-0.181534,-0.000464541,1.1649e-05,9.38572e-08,-0.116996,-0.116375,0.00400488,0.00400771,-0.000710307,-1.16229e-06,0,0,True,True
0.6,-0,0,0.00109643,0.000464483,-1.16516e-05,0.946194,-0.632067,-0.004175,-1.17962,1.06627,-0.00110203,-18.7103,-0.434202,0.00527703,-0.181199,-0.000464483,1.16516e-05,1.2979e-07,-0,0,-0.00116504,0.000464483,-1.16516e-05,-1.00551,-0.632067,-0.004175,-1.1795,1.06627,-0.00110203,-18.7108,-0.434202,0.00527703,-0.1812,-0.000464483,1.16516e-05,1.29793e-07,-0.116781,-0.116161,0.00410317,0.00410657,-0.00071961,-1.14007e-06,0,0,True,True
0.605,-0,0,0.00111916,0.000464424,-1.16538e-05,0.946198,-0.632088,-0.00427697,-1.17921,1.06626,-0.00112942,-18.7098,-0.434175,0.00540638,-0.180877,-0.000464424,1.16538e-05,1.59488e-07,-0,0,-0.00118919,0.000464424,-1.16538e-05,-1.0055,-0.632088,-0.00427697,-1.17908,1.06626,-0.00112942,-18.7103,-0.434175,0.00540638,-0.180877,-0.000464424,1.16538e-05,1.59491e-07,-0.116572,-0.115954,0.00420352,0.00420749,-0.000729143,-1.11785e-06,0,0,True,True
0.61,-0,0,0.00114223,0.000464366,-1.16556e-05,0.946202,-0.63211,-0.00438103,-1.17878,1.06626,-0.00115739,-18.7093,-0.434148,0.00553841,-0.180564,-0.000464366,1.16556e-05,1.83094e-07,-0,0,-0.0012137,0.000464366,-1.16556e-05,-1.0055,-0.63211,-0.00438103,-1.17866,1.06626,-0.00115739,-18.7098,-0.434148,0.00553841,-0.180565,-0.000464366,1.16556e-05,1.83098e-07,-0.11637,-0.115753,0.00430595,0.00431051,-0.000738908,-1.09563e-06,0,0,True,True
0.615,-0,0,0.00116564,0.000464308,-1.16572e-05,0.946206,-0.632132,-0.00448721,-1.17835,1.06625,-0.00118595,-18.7089,-0.43412,0.00567317,-0.180262,-0.000464308,1.16572e-05,2.00749e-07,-0,0,-0.00123857,0.000464308,-1.16572e-05,-1.00549,-0.632132,-0.00448721,-1.17823,1.06625,-0.00118595,-18.7093,-0.43412,0.00567317,-0.180263,-0.000464308,1.16572e-05,2.00753e-07,-0.116175,-0.115559,0.00441049,0.00441566,-0.000748911,-1.07342e-06,0,0,True,True
0.62,-0,0,0.00118941,0.000464249,-1.16587e-05,0.946209,-0.632154,-0.00459556,-1.17791,1.06625,-0.00121513,-18.7084,-0.434091,0.00581069,-0.17997,-0.000464249,1.16587e-05,2.12586e-07,-0,0,-0.00126382,0.000464249,-1.16587e-05,-1.00549,-0.632154,-0.00459556,-1.1778,1.06625,-0.00121513,-18.7088,-0.434091,0.00581069,-0.179971,-0.000464249,1.16587e-05,2.1259e-07,-0.115987,-0.115371,0.00451718,0.00452296,-0.000759156,-1.05122e-06,0,0,True,True
0.625,-0,0,0.00121355,0.000464191,-1.16601e-05,0.946213,-0.632178,-0.00470609,-1.17747,1.06624,-0.00124492,-18.7078,-0.434061,0.00595101,-0.179689,-0.000464191,1.16601e-05,2.18735e-07,-0,0,-0.00128946,0.000464191,-1.16601e-05,-1.00549,-0.632178,-0.00470609,-1.17736,1.06624,-0.00124492,-18.7083,-0.434061,0.00595101,-0.179689,-0.000464191,1.16601e-05,2.18739e-07,-0.115804,-0.11519,0.00462604,0.00463245,-0.000769649,-1.02902e-06,0,0,True,True
0.63,-0,0,0.00123807,0.000464133,-1.16615e-05,0.946216,-0.632202,-0.00481885,-1.17702,1.06623,-0.00127535,-18.7073,-0.434031,0.00609419,-0.179417,-0.000464133,1.16615e-05,2.19321e-07,-0,0,-0.0013155,0.000464133,-1.16615e-05,-1.00548,-0.632202,-0.00481885,-1.17691,1.06623,-0.00127535,-18.7078,-0.434031,0.00609419,-0.179418,-0.000464133,1.16615e-05,2.19325e-07,-0.115629,-0.115016,0.00473713,0.00474417,-0.000780395,-1.00683e-06,0,0,True,True
0.635,-0,0,0.00126298,0.000464075,-1.16631e-05,0.94622,-0.632226,-0.00493386,-1.17656,1.06623,-0.00130641,-18.7068,-0.434,0.00624027,-0.179155,-0.000464075,1.16631e-05,2.14464e-07,-0,0,-0.00134197,0.000464075,-1.16631e-05,-1.00548,-0.632226,-0.00493386,-1.17645,1.06623,-0.00130641,-18.7072,-0.434,0.00624027,-0.179156,-0.000464075,1.16631e-05,2.14468e-07,-0.115459,-0.114847,0.00485046,0.00485815,-0.000791398,-9.8464e-07,0,0,True,True
0.64,-0,0,0.0012883,0.000464016,-1.16649e-05,0.946224,-0.632251,-0.00505117,-1.17609,1.06622,-0.00133812,-18.7063,-0.433969,0.00638929,-0.178903,-0.000464016,1.16649e-05,2.0428e-07,-0,0,-0.00136886,0.000464016,-1.16649e-05,-1.00548,-0.632251,-0.00505117,-1.17599,1.06622,-0.00133812,-18.7067,-0.433969,0.00638929,-0.178903,-0.000464016,1.16649e-05,2.04283e-07,-0.115296,-0.114685,0.00496607,0.00497443,-0.000802665,-9.6246e-07,0,0,True,True
0.645,-0,0,0.00131403,0.000463958,-1.1667e-05,0.946227,-0.632276,-0.0051708,-1.17562,1.06621,-0.0013705,-18.7058,-0.433937,0.00654131,-0.17866,-0.000463958,1.1667e-05,1.88878e-07,-0,0,-0.00139619,0.000463958,-1.1667e-05,-1.00547,-0.632276,-0.0051708,-1.17552,1.06621,-0.0013705,-18.7062,-0.433937,0.00654131,-0.17866,-0.000463958,1.1667e-05,1.88881e-07,-0.115139,-0.114529,0.00508401,0.00509305,-0.0008142,-9.40285e-07,0,0,True,True
0.65,-0,0,0.00134019,0.0004639,-1.16696e-05,0.94623,-0.632303,-0.00529281,-1.17514,1.06621,-0.00140356,-18.7053,-0.433904,0.00669637,-0.178426,-0.0004639,1.16696e-05,1.68365e-07,-0,0,-0.00142397,0.0004639,-1.16696e-05,-1.00547,-0.632303,-0.00529281,-1.17504,1.06621,-0.00140356,-18.7057,-0.433904,0.00669637,-0.178427,-0.0004639,1.16696e-05,1.68368e-07,-0.114988,-0.114378,0.00520432,0.00521405,-0.000826008,-9.18116e-07,0,0,True,True
0.655,-0,0,0.0013668,0.000463841,-1.16726e-05,0.946234,-0.632329,-0.00541722,-1.17465,1.0662,-0.0014373,-18.7047,-0.43387,0.00685452,-0.178202,-0.000463841,1.16726e-05,1.42844e-07,-0,0,-0.00145223,0.000463841,-1.16726e-05,-1.00547,-0.632329,-0.00541722,-1.17455,1.0662,-0.0014373,-18.7051,-0.43387,0.00685452,-0.178203,-0.000463841,1.16726e-05,1.42846e-07,-0.114843,-0.114234,0.00532702,0.00533746,-0.000838095,-8.95952e-07,0,0,True,True
0.66,-0,0,0.00139385,0.000463783,-1.16762e-05,0.946237,-0.632357,-0.00554408,-1.17415,1.06619,-0.00147175,-18.7042,-0.433835,0.00701582,-0.177987,-0.000463783,1.16762e-05,1.12411e-07,-0,0,-0.00148096,0.000463783,-1.16762e-05,-1.00546,-0.632357,-0.00554408,-1.17406,1.06619,-0.00147175,-18.7046,-0.433835,0.00701582,-0.177987,-0.000463783,1.16762e-05,1.12413e-07,-0.114704,-0.114096,0.00545217,0.00546332,-0.000850467,-8.73791e-07,0,0,True,True
0.665,-0,0,0.00142138,0.000463724,-1.16805e-05,0.94624,-0.632385,-0.00567342,-1.17365,1.06618,-0.00150691,-18.7037,-0.433799,0.00718033,-0.177781,-0.000463724,1.16805e-05,7.71601e-08,-0,0,-0.00151019,0.000463724,-1.16805e-05,-1.00546,-0.632385,-0.00567342,-1.17355,1.06618,-0.00150691,-18.704,-0.433799,0.00718033,-0.177781,-0.000463724,1.16805e-05,7.71611e-08,-0.11457,-0.113963,0.00557981,0.00559169,-0.000863129,-8.51634e-07,0,0,True,True
0.67,-0,0,0.00144938,0.000463666,-1.16855e-05,0.946243,-0.632413,-0.00580529,-1.17313,1.06618,-0.0015428,-18.7031,-0.433763,0.00734809,-0.177584,-0.000463666,1.16855e-05,3.71804e-08,-0,0,-0.00153992,0.000463666,-1.16855e-05,-1.00546,-0.632413,-0.00580529,-1.17304,1.06618,-0.0015428,-18.7035,-0.433763,0.00734809,-0.177584,-0.000463666,1.16855e-05,3.71805e-08,-0.114442,-0.113836,0.00570998,0.0057226,-0.000876087,-8.29477e-07,0,0,True,True
0.675,-0,0,0.00147788,0.000463608,-1.16913e-05,0.946246,-0.632443,-0.00593974,-1.17261,1.06617,-0.00157943,-18.7026,-0.433726,0.00751917,-0.177395,-0.000463608,1.16913e-05,-7.44273e-09,-0,0,-0.00157018,0.000463608,-1.16913e-05,-1.00545,-0.632443,-0.00593974,-1.17252,1.06617,-0.00157943,-18.7029,-0.433726,0.00751917,-0.177395,-0.000463608,1.16913e-05,-7.44339e-09,-0.11432,-0.113714,0.00584273,0.00585611,-0.000889347,-8.07321e-07,0,0,True,True
0.68,-0,0,0.00150688,0.000463549,-1.1698e-05,0.946249,-0.632473,-0.0060768,-1.17208,1.06616,-0.00161683,-18.702,-0.433688,0.00769363,-0.177215,-0.000463549,1.1698e-05,-5.66281e-08,-0,0,-0.00160097,0.000463549,-1.1698e-05,-1.00545,-0.632473,-0.0060768,-1.17199,1.06616,-0.00161683,-18.7024,-0.433688,0.00769363,-0.177215,-0.000463549,1.1698e-05,-5.66296e-08,-0.114203,-0.113598,0.0059781,0.00599224,-0.000902915,-7.85164e-07,0,0,True,True
0.685,-0,0,0.00153639,0.000463491,-1.17057e-05,0.946252,-0.632504,-0.00621653,-1.17153,1.06615,-0.001655,-18.7015,-0.433649,0.00787153,-0.177044,-0.000463491,1.17057e-05,-1.10298e-07,-0,0,-0.00163232,0.000463491,-1.17057e-05,-1.00545,-0.632504,-0.00621653,-1.17145,1.06615,-0.001655,-18.7018,-0.433649,0.00787153,-0.177044,-0.000463491,1.17057e-05,-1.103e-07,-0.114092,-0.113488,0.00611613,0.00613106,-0.000916796,-7.63005e-07,0,0,True,True
0.69,-0,0,0.00156644,0.000463432,-1.17145e-05,0.946255,-0.632535,-0.00635897,-1.17098,1.06614,-0.00169395,-18.7009,-0.433609,0.00805292,-0.176881,-0.000463432,1.17145e-05,-1.68378e-07,-0,0,-0.00166422,0.000463432,-1.17145e-05,-1.00544,-0.632535,-0.00635897,-1.1709,1.06614,-0.00169395,-18.7012,-0.433609,0.00805292,-0.176881,-0.000463432,1.17145e-05,-1.68382e-07,-0.113987,-0.113383,0.00625689,0.00627261,-0.000930997,-7.4084e-07,0,0,True,True
0.695,-0,0,0.00159704,0.000463373,-1.17244e-05,0.946258,-0.632567,-0.00650416,-1.17042,1.06614,-0.00173372,-18.7003,-0.433569,0.00823788,-0.176726,-0.000463373,1.17244e-05,-2.30799e-07,-0,0,-0.0016967,0.000463373,-1.17244e-05,-1.00544,-0.632567,-0.00650416,-1.17034,1.06614,-0.00173372,-18.7006,-0.433569,0.00823788,-0.176727,-0.000463373,1.17244e-05,-2.30804e-07,-0.113886,-0.113283,0.00640041,0.00641694,-0.000945524,-7.1867e-07,0,0,True,True
0.7,-0,0,0.00162819,0.000463315,-1.17355e-05,0.946261,-0.6326,-0.00665216,-1.16985,1.06613,-0.00177431,-18.6997,-0.433527,0.00842646,-0.17658,-0.000463315,1.17355e-05,-2.97494e-07,-0,0,-0.00172978,0.000463315,-1.17355e-05,-1.00544,-0.6326,-0.00665216,-1.16977,1.06613,-0.00177431,-18.7001,-0.433527,0.00842646,-0.17658,-0.000463315,1.17355e-05,-2.975e-07,-0.113791,-0.113188,0.00654675,0.00656411,-0.000960384,-6.96491e-07,0,0,True,True
0.705,-0,0,0.00165991,0.000463256,-1.17478e-05,0.946264,-0.632634,-0.00680301,-1.16926,1.06612,-0.00181573,-18.6992,-0.433484,0.00861874,-0.176442,-0.000463256,1.17478e-05,-3.68399e-07,-0,0,-0.00176346,0.000463256,-1.17478e-05,-1.00544,-0.632634,-0.00680301,-1.16918,1.06612,-0.00181573,-18.6995,-0.433484,0.00861874,-0.176442,-0.000463256,1.17478e-05,-3.68406e-07,-0.113702,-0.113099,0.00669596,0.00671416,-0.000975583,-6.74301e-07,0,0,True,True
0.71,-0,0,0.00169222,0.000463197,-1.17615e-05,0.946266,-0.632668,-0.00695677,-1.16867,1.06611,-0.00185801,-18.6986,-0.433441,0.00881479,-0.176312,-0.000463197,1.17615e-05,-4.43455e-07,-0,0,-0.00179776,0.000463197,-1.17615e-05,-1.00543,-0.632668,-0.00695677,-1.16859,1.06611,-0.00185801,-18.6989,-0.433441,0.00881479,-0.176312,-0.000463197,1.17615e-05,-4.43462e-07,-0.113617,-0.113015,0.0068481,0.00686715,-0.000991128,-6.52098e-07,0,0,True,True
0.715,-0,0,0.00172513,0.000463138,-1.17767e-05,0.946269,-0.632703,-0.00711349,-1.16807,1.0661,-0.00190117,-18.698,-0.433396,0.00901467,-0.17619,-0.000463138,1.17767e-05,-5.22603e-07,-0,0,-0.0018327,0.000463138,-1.17767e-05,-1.00543,-0.632703,-0.00711349,-1.16799,1.0661,-0.00190117,-18.6983,-0.433396,0.00901467,-0.176191,-0.000463138,1.17767e-05,-5.22612e-07,-0.113538,-0.112936,0.00700322,0.00702313,-0.00100703,-6.2988e-07,0,0,True,True
0.72,-0,0,0.00175865,0.00046308,-1.17933e-05,0.946272,-0.632739,-0.00727323,-1.16745,1.06609,-0.00194523,-18.6973,-0.433351,0.00921846,-0.176077,-0.00046308,1.17933e-05,-6.05791e-07,-0,0,-0.00186829,0.00046308,-1.17933e-05,-1.00543,-0.632739,-0.00727323,-1.16738,1.06609,-0.00194523,-18.6976,-0.433351,0.00921846,-0.176077,-0.00046308,1.17933e-05,-6.05801e-07,-0.113464,-0.112863,0.00716137,0.00718216,-0.00102328,-6.07645e-07,0,0,True,True
0.725,-0,0,0.0017928,0.000463021,-1.18115e-05,0.946274,-0.632776,-0.00743603,-1.16682,1.06608,-0.00199019,-18.6967,-0.433304,0.00942622,-0.175971,-0.000463021,1.18115e-05,-6.92967e-07,-0,0,-0.00190454,0.000463021,-1.18115e-05,-1.00543,-0.632776,-0.00743603,-1.16675,1.06608,-0.00199019,-18.697,-0.433304,0.00942622,-0.175972,-0.000463021,1.18115e-05,-6.92978e-07,-0.113395,-0.112794,0.00732262,0.0073443,-0.0010399,-5.85388e-07,0,0,True,True
0.73,-0,0,0.00182758,0.000462961,-1.18313e-05,0.946277,-0.632814,-0.00760196,-1.16618,1.06607,-0.00203609,-18.6961,-0.433256,0.00963805,-0.175874,-0.000462961,1.18313e-05,-7.84082e-07,-0,0,-0.00194147,0.000462961,-1.18313e-05,-1.00542,-0.632814,-0.00760196,-1.16611,1.06607,-0.00203609,-18.6964,-0.433256,0.00963805,-0.175874,-0.000462961,1.18313e-05,-7.84094e-07,-0.113332,-0.112731,0.00748701,0.00750961,-0.0010569,-5.63108e-07,0,0,True,True
0.735,-0,0,0.00186302,0.000462902,-1.18528e-05,0.94628,-0.632852,-0.00777107,-1.16553,1.06606,-0.00208294,-18.6955,-0.433208,0.00985401,-0.175785,-0.000462902,1.18528e-05,-8.7909e-07,-0,0,-0.0019791,0.000462902,-1.18528e-05,-1.00542,-0.632852,-0.00777107,-1.16546,1.06606,-0.00208294,-18.6957,-0.433208,0.00985401,-0.175785,-0.000462902,1.18528e-05,-8.79103e-07,-0.113273,-0.112673,0.00765462,0.00767814,-0.00107428,-5.40802e-07,0,0,True,True
0.74,-0,0,0.00189913,0.000462843,-1.1876e-05,0.946282,-0.632891,-0.00794343,-1.16487,1.06605,-0.00213076,-18.6948,-0.433158,0.0100742,-0.175704,-0.000462843,1.1876e-05,-9.77947e-07,-0,0,-0.00201743,0.000462843,-1.1876e-05,-1.00542,-0.632891,-0.00794343,-1.1648,1.06605,-0.00213076,-18.6951,-0.433158,0.0100742,-0.175704,-0.000462843,1.1876e-05,-9.77961e-07,-0.11322,-0.11262,0.00782551,0.00784997,-0.00109204,-5.18466e-07,0,0,True,True
0.745,-0,0,0.00193592,0.000462783,-1.19011e-05,0.946285,-0.632931,-0.00811908,-1.16419,1.06604,-0.00217957,-18.6942,-0.433107,0.0102986,-0.175631,-0.000462783,1.19011e-05,-1.08061e-06,-0,0,-0.00205649,0.000462783,-1.19011e-05,-1.00542,-0.632931,-0.00811908,-1.16413,1.06604,-0.00217957,-18.6944,-0.433107,0.0102986,-0.175631,-0.000462783,1.19011e-05,-1.08062e-06,-0.113173,-0.112573,0.00799973,0.00802515,-0.0011102,-4.96097e-07,0,0,True,True
0.75,-0,0,0.00197341,0.000462724,-1.19281e-05,0.946287,-0.632973,-0.00829809,-1.16351,1.06603,-0.0022294,-18.6935,-0.433055,0.0105275,-0.175567,-0.000462724,1.19281e-05,-1.18704e-06,-0,0,-0.00209628,0.000462724,-1.19281e-05,-1.00541,-0.632973,-0.00829809,-1.16344,1.06603,-0.0022294,-18.6937,-0.433055,0.0105275,-0.175568,-0.000462724,1.19281e-05,-1.18705e-06,-0.11313,-0.112531,0.00817735,0.00820374,-0.00112876,-4.73693e-07,0,0,True,True
0.755,-0,0,0.0020116,0.000462664,-1.1957e-05,0.946289,-0.633014,-0.00848052,-1.1628,1.06602,-0.00228027,-18.6928,-0.433002,0.0107608,-0.175512,-0.000462664,1.1957e-05,-1.29719e-06,-0,0,-0.00213682,0.000462664,-1.1957e-05,-1.00541,-0.633014,-0.00848052,-1.16274,1.06602,-0.00228027,-18.6931,-0.433002,0.0107608,-0.175512,-0.000462664,1.1957e-05,-1.29721e-06,-0.113094,-0.112495,0.00835844,0.00838581,-0.00114774,-4.51249e-07,0,0,True,True
0.76,-0,0,0.00205051,0.000462604,-1.1988e-05,0.946292,-0.633057,-0.00866644,-1.16209,1.066,-0.0023322,-18.6921,-0.432947,0.0109986,-0.175466,-0.000462604,1.1988e-05,-1.41102e-06,-0,0,-0.00217812,0.000462604,-1.1988e-05,-1.00541,-0.633057,-0.00866644,-1.16203,1.066,-0.0023322,-18.6924,-0.432947,0.0109986,-0.175467,-0.000462604,1.1988e-05,-1.41104e-06,-0.113064,-0.112464,0.00854306,0.00857144,-0.00116713,-4.28761e-07,0,0,True,True
0.765,-0,0,0.00209014,0.000462544,-1.2021e-05,0.946294,-0.633101,-0.00885591,-1.16136,1.06599,-0.00238521,-18.6914,-0.432892,0.0112411,-0.17543,-0.000462544,1.2021e-05,-1.52851e-06,-0,0,-0.0022202,0.000462544,-1.2021e-05,-1.00541,-0.633101,-0.00885591,-1.1613,1.06599,-0.00238521,-18.6917,-0.432892,0.0112411,-0.17543,-0.000462544,1.2021e-05,-1.52853e-06,-0.113039,-0.11244,0.00873127,0.00876068,-0.00118695,-4.06227e-07,0,0,True,True
0.77,-0,0,0.00213052,0.000462484,-1.20562e-05,0.946296,-0.633146,-0.00904898,-1.16062,1.06598,-0.00243933,-18.6907,-0.432835,0.0114883,-0.175404,-0.000462484,1.20562e-05,-1.64959e-06,-0,0,-0.00226306,0.000462484,-1.20562e-05,-1.0054,-0.633146,-0.00904898,-1.16056,1.06598,-0.00243933,-18.691,-0.432835,0.0114883,-0.175404,-0.000462484,1.20562e-05,-1.64961e-06,-0.113021,-0.112422,0.00892316,0.0089536,-0.00120721,-3.83643e-07,0,0,True,True
0.775,-0,0,0.00217164,0.000462424,-1.20936e-05,0.946299,-0.633192,-0.00924574,-1.15987,1.06597,-0.00249457,-18.69,-0.432777,0.0117403,-0.175389,-0.000462424,1.20936e-05,-1.77424e-06,-0,0,-0.00230671,0.000462424,-1.20936e-05,-1.0054,-0.633192,-0.00924574,-1.15981,1.06597,-0.00249457,-18.6902,-0.432777,0.0117403,-0.175389,-0.000462424,1.20936e-05,-1.77426e-06,-0.113011,-0.112412,0.00911878,0.00915028,-0.00122791,-3.61003e-07,0,0,True,True
0.78,-0,0,0.00221351,0.000462363,-1.21333e-05,0.946301,-0.633238,-0.00944624,-1.1591,1.06596,-0.00255098,-18.6893,-0.432717,0.0119972,-0.175385,-0.000462363,1.21333e-05,-1.9024e-06,-0,0,-0.00235117,0.000462363,-1.21333e-05,-1.0054,-0.633238,-0.00944624,-1.15904,1.06596,-0.00255098,-18.6895,-0.432717,0.0119972,-0.175385,-0.000462363,1.21333e-05,-1.90242e-06,-0.113007,-0.112408,0.00931822,0.00935078,-0.00124906,-3.38306e-07,0,0,True,True
0.785,-0,0,0.00225615,0.000462302,-1.21753e-05,0.946303,-0.633286,-0.00965055,-1.15831,1.06594,-0.00260856,-18.6886,-0.432657,0.0122591,-0.175394,-0.000462302,1.21753e-05,-2.03403e-06,-0,0,-0.00239642,0.000462302,-1.21753e-05,-1.0054,-0.633286,-0.00965055,-1.15826,1.06594,-0.00260856,-18.6888,-0.432657,0.0122591,-0.175394,-0.000462302,1.21753e-05,-2.03405e-06,-0.113012,-0.112413,0.00952153,0.00955518,-0.00127067,-3.15545e-07,0,0,True,True
0.79,-0,0,0.00229954,0.000462241,-1.22197e-05,0.946305,-0.633335,-0.00985874,-1.15752,1.06593,-0.00266734,-18.6878,-0.432595,0.0125261,-0.175417,-0.000462241,1.22197e-05,-2.16907e-06,-0,0,-0.00244249,0.000462241,-1.22197e-05,-1.00539,-0.633335,-0.00985874,-1.15746,1.06593,-0.00266734,-18.688,-0.432595,0.0125261,-0.175417,-0.000462241,1.22197e-05,-2.16909e-06,-0.113026,-0.112427,0.00972879,0.00976355,-0.00129275,-2.92717e-07,0,0,True,True
0.795,-0,0,0.0023437,0.00046218,-1.22666e-05,0.946307,-0.633385,-0.0100709,-1.15671,1.06592,-0.00272736,-18.6871,-0.432531,0.0127982,-0.175455,-0.00046218,1.22666e-05,-2.30746e-06,-0,0,-0.00248936,0.00046218,-1.22666e-05,-1.00539,-0.633385,-0.0100709,-1.15665,1.06592,-0.00272736,-18.6873,-0.432531,0.0127982,-0.175455,-0.00046218,1.22666e-05,-2.30748e-06,-0.113049,-0.11245,0.00994007,0.00997596,-0.00131532,-2.69819e-07,0,0,True,True
0.8,-0,0,0.00238861,0.000462119,-1.2316e-05,0.94631,-0.633436,-0.010287,-1.15588,1.0659,-0.00278863,-18.6863,-0.432467,0.0130756,-0.175511,-0.000462119,1.2316e-05,-2.44913e-06,-0,0,-0.00253704,0.000462119,-1.2316e-05,-1.00539,-0.633436,-0.010287,-1.15583,1.0659,-0.00278863,-18.6865,-0.432467,0.0130756,-0.175511,-0.000462119,1.2316e-05,-2.44916e-06,-0.113084,-0.112485,0.0101554,0.0101925,-0.00133837,-2.46844e-07,0,0,True,True
0.805,-0,0,0.00243428,0.000462057,-1.2368e-05,0.946312,-0.633488,-0.0105072,-1.15504,1.06589,-0.00285119,-18.6856,-0.432401,0.0133584,-0.175586,-0.000462057,1.2368e-05,-2.594e-06,-0,0,-0.00258551,0.000462057,-1.2368e-05,-1.00539,-0.633488,-0.0105072,-1.15499,1.06589,-0.00285119,-18.6858,-0.432401,0.0133584,-0.175586,-0.000462057,1.2368e-05,-2.59403e-06,-0.113131,-0.112531,0.010375,0.0104132,-0.00136192,-2.23788e-07,0,0,True,True
0.81,-0,0,0.00248068,0.000461995,-1.24225e-05,0.946314,-0.633541,-0.0107316,-1.15419,1.06587,-0.00291505,-18.6848,-0.432333,0.0136466,-0.175682,-0.000461995,1.24225e-05,-2.74199e-06,-0,0,-0.00263477,0.000461995,-1.24225e-05,-1.00539,-0.633541,-0.0107316,-1.15414,1.06587,-0.00291505,-18.685,-0.432333,0.0136466,-0.175683,-0.000461995,1.24225e-05,-2.74202e-06,-0.113192,-0.112592,0.0105988,0.0106381,-0.00138597,-2.00648e-07,0,0,True,True
0.815,-0,0,0.00252781,0.000461933,-1.24798e-05,0.946316,-0.633595,-0.0109601,-1.15333,1.06586,-0.00298024,-18.684,-0.432264,0.0139403,-0.175804,-0.000461933,1.24798e-05,-2.89297e-06,-0,0,-0.0026848,0.000461933,-1.24798e-05,-1.00538,-0.633595,-0.0109601,-1.15327,1.06586,-0.00298024,-18.6842,-0.432264,0.0139403,-0.175804,-0.000461933,1.24798e-05,-2.893e-06,-0.113269,-0.112669,0.0108268,0.0108674,-0.00141054,-1.77417e-07,0,0,True,True
0.82,-0,0,0.00257564,0.00046187,-1.25398e-05,0.946318,-0.63365,-0.0111929,-1.15245,1.06584,-0.00304679,-18.6832,-0.432194,0.0142397,-0.175953,-0.00046187,1.25398e-05,-3.04685e-06,-0,0,-0.00273557,0.00046187,-1.25398e-05,-1.00538,-0.63365,-0.0111929,-1.1524,1.06584,-0.00304679,-18.6834,-0.432194,0.0142397,-0.175954,-0.00046187,1.25398e-05,-3.04688e-06,-0.113364,-0.112763,0.0110593,0.0111011,-0.00143564,-1.54092e-07,0,0,True,True
0.825,-0,0,0.00262415,0.000461807,-1.26026e-05,0.94632,-0.633707,-0.01143,-1.15156,1.06583,-0.00311473,-18.6825,-0.432122,0.0145448,-0.176135,-0.000461807,1.26026e-05,-3.20346e-06,-0,0,-0.00278706,0.000461807,-1.26026e-05,-1.00538,-0.633707,-0.01143,-1.15151,1.06583,-0.00311473,-18.6826,-0.432122,0.0145448,-0.176135,-0.000461807,1.26026e-05,-3.20349e-06,-0.11348,-0.112878,0.0112962,0.0113392,-0.00146128,-1.30666e-07,0,0,True,True
0.83,-0,0,0.0026733,0.000461744,-1.26682e-05,0.946322,-0.633765,-0.0116715,-1.15065,1.06581,-0.00318408,-18.6817,-0.432048,0.0148556,-0.176352,-0.000461744,1.26682e-05,-3.36265e-06,-0,0,-0.00283924,0.000461744,-1.26682e-05,-1.00538,-0.633765,-0.0116715,-1.15061,1.06581,-0.00318408,-18.6819,-0.432048,0.0148556,-0.176353,-0.000461744,1.26682e-05,-3.36269e-06,-0.113619,-0.113017,0.0115375,0.0115818,-0.00148746,-1.07136e-07,0,0,True,True
0.835,-0,0,0.00272306,0.000461681,-1.27366e-05,0.946324,-0.633823,-0.0119175,-1.14974,1.0658,-0.00325486,-18.6809,-0.431973,0.0151723,-0.176611,-0.000461681,1.27366e-05,-3.52425e-06,-0,0,-0.00289206,0.000461681,-1.27366e-05,-1.00538,-0.633823,-0.0119175,-1.14969,1.0658,-0.00325486,-18.6811,-0.431973,0.0151723,-0.176611,-0.000461681,1.27366e-05,-3.52429e-06,-0.113784,-0.113181,0.0117835,0.0118291,-0.0015142,-8.34953e-08,0,0,True,True
0.84,-0,0,0.00277339,0.000461617,-1.2808e-05,0.946326,-0.633884,-0.0121679,-1.14882,1.06578,-0.0033271,-18.6801,-0.431897,0.015495,-0.176916,-0.000461617,1.2808e-05,-3.68805e-06,-0,0,-0.00294548,0.000461617,-1.2808e-05,-1.00537,-0.633884,-0.0121679,-1.14877,1.06578,-0.0033271,-18.6803,-0.431897,0.015495,-0.176916,-0.000461617,1.2808e-05,-3.68809e-06,-0.113979,-0.113375,0.0120341,0.0120809,-0.0015415,-5.97394e-08,0,0,True,True
0.845,-0,0,0.00282424,0.000461553,-1.28824e-05,0.946328,-0.633945,-0.0124228,-1.14788,1.06576,-0.00340082,-18.6794,-0.431818,0.0158237,-0.177272,-0.000461553,1.28824e-05,-3.85383e-06,-0,0,-0.00299946,0.000461553,-1.28824e-05,-1.00537,-0.633945,-0.0124228,-1.14784,1.06576,-0.00340082,-18.6795,-0.431818,0.0158237,-0.177272,-0.000461553,1.28824e-05,-3.85387e-06,-0.114207,-0.113602,0.0122893,0.0123375,-0.00156939,-3.58627e-08,0,0,True,True
0.85,-0,0,0.00287558,0.000461488,-1.29597e-05,0.94633,-0.634008,-0.0126823,-1.14694,1.06575,-0.00347604,-18.6786,-0.431738,0.0161584,-0.177684,-0.000461488,1.29597e-05,-4.02136e-06,-0,0,-0.00305396,0.000461488,-1.29597e-05,-1.00537,-0.634008,-0.0126823,-1.14689,1.06575,-0.00347604,-18.6788,-0.431738,0.0161584,-0.177684,-0.000461488,1.29597e-05,-4.02139e-06,-0.114471,-0.113864,0.0125492,0.0125988,-0.00159786,-1.186e-08,0,0,True,True
0.855,-0,0,0.00292737,0.000461423,-1.304e-05,0.946332,-0.634072,-0.0129464,-1.14599,1.06573,-0.00355279,-18.6779,-0.431657,0.0164992,-0.178157,-0.000461423,1.304e-05,-4.19038e-06,-0,0,-0.00310893,0.000461423,-1.304e-05,-1.00537,-0.634072,-0.0129464,-1.14594,1.06573,-0.00355279,-18.678,-0.431657,0.0164992,-0.178158,-0.000461423,1.304e-05,-4.19042e-06,-0.114775,-0.114167,0.012814,0.0128649,-0.00162694,1.22743e-08,0,0,True,True
0.86,-0,0,0.00297957,0.000461358,-1.31234e-05,0.946334,-0.634137,-0.0132152,-1.14503,1.06571,-0.00363108,-18.6771,-0.431573,0.0168462,-0.178696,-0.000461358,1.31234e-05,-4.36067e-06,-0,0,-0.00316434,0.000461358,-1.31234e-05,-1.00537,-0.634137,-0.0132152,-1.14499,1.06571,-0.00363108,-18.6773,-0.431573,0.0168462,-0.178697,-0.000461358,1.31234e-05,-4.3607e-06,-0.115121,-0.11451,0.0130835,0.0131358,-0.00165662,3.65457e-08,0,0,True,True
0.865,-0,0,0.0030322,0.000461292,-1.32098e-05,0.946336,-0.634204,-0.0134886,-1.14406,1.06569,-0.00371094,-18.6764,-0.431488,0.0171995,-0.179303,-0.000461292,1.32098e-05,-4.53199e-06,-0,0,-0.0032202,0.000461292,-1.32098e-05,-1.00536,-0.634204,-0.0134886,-1.14402,1.06569,-0.00371094,-18.6766,-0.431488,0.0171995,-0.179303,-0.000461292,1.32098e-05,-4.53203e-06,-0.11551,-0.114897,0.0133579,0.0134115,-0.00168692,6.09596e-08,0,0,True,True
0.87,-0,0,0.00308527,0.000461226,-1.32993e-05,0.946338,-0.634272,-0.0137667,-1.14309,1.06567,-0.00379239,-18.6757,-0.431401,0.0175591,-0.179976,-0.000461226,1.32993e-05,-4.70419e-06,-0,0,-0.00327653,0.000461226,-1.32993e-05,-1.00536,-0.634272,-0.0137667,-1.14305,1.06567,-0.00379239,-18.6759,-0.431401,0.0175591,-0.179976,-0.000461226,1.32993e-05,-4.70423e-06,-0.115942,-0.115327,0.0136371,0.0136922,-0.00171786,8.55216e-08,0,0,True,True
0.875,-0,0,0.00313885,0.000461159,-1.33918e-05,0.94634,-0.634342,-0.0140495,-1.1421,1.06565,-0.00387546,-18.675,-0.431313,0.0179249,-0.180711,-0.000461159,1.33918e-05,-4.87716e-06,-0,0,-0.00333341,0.000461159,-1.33918e-05,-1.00536,-0.634342,-0.0140495,-1.14206,1.06565,-0.00387546,-18.6752,-0.431313,0.0179249,-0.180711,-0.000461159,1.33918e-05,-4.8772e-06,-0.116414,-0.115797,0.0139213,0.0139779,-0.00174944,1.10237e-07,0,0,True,True
0.88,-0,0,0.00319311,0.000461092,-1.34875e-05,0.946342,-0.634413,-0.0143371,-1.14111,1.06563,-0.00396016,-18.6744,-0.431222,0.0182973,-0.181499,-0.000461092,1.34875e-05,-5.05094e-06,-0,0,-0.003391,0.000461092,-1.34875e-05,-1.00536,-0.634413,-0.0143371,-1.14107,1.06563,-0.00396016,-18.6745,-0.431222,0.0182973,-0.181499,-0.000461092,1.34875e-05,-5.05098e-06,-0.11692,-0.1163,0.0142105,0.0142686,-0.00178167,1.35112e-07,0,0,True,True
0.885,-0,0,0.00324828,0.000461024,-1.35863e-05,0.946344,-0.634485,-0.0146295,-1.14009,1.06561,-0.00404653,-18.6737,-0.43113,0.0186761,-0.182319,-0.000461024,1.35863e-05,-5.22577e-06,-0,0,-0.00344957,0.000461024,-1.35863e-05,-1.00536,-0.634485,-0.0146295,-1.14006,1.06561,-0.00404653,-18.6738,-0.43113,0.0186761,-0.182319,-0.000461024,1.35863e-05,-5.22581e-06,-0.117447,-0.116824,0.0145048,0.0145643,-0.00181457,1.60152e-07,0,0,True,True
0.89,-0,0,0.00330474,0.000460956,-1.36883e-05,0.946346,-0.634559,-0.0149269,-1.13906,1.06559,-0.00413461,-18.673,-0.431035,0.0190615,-0.183144,-0.000460956,1.36883e-05,-5.40216e-06,-0,0,-0.0035095,0.000460956,-1.36883e-05,-1.00535,-0.634559,-0.0149269,-1.13902,1.06559,-0.00413461,-18.6731,-0.431035,0.0190615,-0.183144,-0.000460956,1.36883e-05,-5.4022e-06,-0.117976,-0.117351,0.0148043,0.0148653,-0.00184815,1.85363e-07,0,0,True,True
0.895,-0,0,0.00336305,0.000460887,-1.37934e-05,0.946348,-0.634634,-0.0152294,-1.13798,1.06557,-0.00422445,-18.6722,-0.430939,0.0194538,-0.183928,-0.000460887,1.37934e-05,-5.58098e-06,-0,0,-0.00357139,0.000460887,-1.37934e-05,-1.00535,-0.634634,-0.0152294,-1.13795,1.06557,-0.00422445,-18.6723,-0.430939,0.0194538,-0.183928,-0.000460887,1.37934e-05,-5.58102e-06,-0.118479,-0.117851,0.015109,0.0151716,-0.00188241,2.1075e-07,0,0,True,True
0.9,-0,0,0.00342396,0.000460818,-1.39017e-05,0.94635,-0.634711,-0.0155371,-1.13687,1.06555,-0.00431612,-18.6714,-0.430841,0.0198532,-0.18461,-0.000460818,1.39017e-05,-5.76361e-06,-0,0,-0.00363605,0.000460818,-1.39017e-05,-1.00535,-0.634711,-0.0155371,-1.13683,1.06555,-0.00431612,-18.6715,-0.430841,0.0198532,-0.18461,-0.000460818,1.39017e-05,-5.76365e-06,-0.118917,-0.118287,0.0154193,0.0154834,-0.00191738,2.36319e-07,0,0,True,True
0.905,-0,0,0.00348853,0.000460748,-1.40134e-05,0.946352,-0.63479,-0.0158503,-1.13568,1.06553,-0.00440971,-18.6704,-0.430741,0.02026,-0.185105,-0.000460748,1.40134e-05,-5.95207e-06,-0,0,-0.00370459,0.000460748,-1.40134e-05,-1.00535,-0.63479,-0.0158503,-1.13565,1.06553,-0.00440971,-18.6705,-0.430741,0.02026,-0.185105,-0.000460748,1.40134e-05,-5.95211e-06,-0.119234,-0.118602,0.0157353,0.0158011,-0.00195306,2.62076e-07,0,0,True,True
0.91,-0,0,0.0035581,0.000460678,-1.41286e-05,0.946354,-0.63487,-0.0161694,-1.1344,1.06551,-0.00450535,-18.6693,-0.430638,0.0206748,-0.185303,-0.000460678,1.41286e-05,-6.14917e-06,-0,0,-0.00377844,0.000460678,-1.41286e-05,-1.00535,-0.63487,-0.0161694,-1.13437,1.06551,-0.00450535,-18.6694,-0.430638,0.0206748,-0.185303,-0.000460678,1.41286e-05,-6.14921e-06,-0.11936,-0.118727,0.0160576,0.0161249,-0.00198947,2.88027e-07,0,0,True,True
0.915,-0,0,0.00363439,0.000460607,-1.42474e-05,0.946356,-0.634952,-0.016495,-1.133,1.06549,-0.0046032,-18.6679,-0.430534,0.0210982,-0.185062,-0.000460607,1.42474e-05,-6.35863e-06,-0,0,-0.00385943,0.000460607,-1.42474e-05,-1.00534,-0.634952,-0.016495,-1.13297,1.06549,-0.0046032,-18.668,-0.430534,0.0210982,-0.185062,-0.000460607,1.42474e-05,-6.35867e-06,-0.119203,-0.118571,0.0163866,0.0164556,-0.00202662,3.14179e-07,0,0,True,True
0.92,-0,0,0.00371948,0.000460535,-1.43701e-05,0.946358,-0.635035,-0.0168277,-1.13144,1.06546,-0.00470347,-18.6661,-0.430427,0.0215311,-0.184213,-0.000460535,1.43701e-05,-6.58525e-06,-0,0,-0.00394977,0.000460535,-1.43701e-05,-1.00534,-0.635035,-0.0168277,-1.13141,1.06546,-0.00470347,-18.6662,-0.430427,0.0215311,-0.184213,-0.000460535,1.43701e-05,-6.58529e-06,-0.118654,-0.118025,0.016723,0.0167936,-0.00206452,3.40538e-07,0,0,True,True
0.925,-0,0,0.00381578,0.000460463,-1.44972e-05,0.946359,-0.63512,-0.0171684,-1.12967,1.06544,-0.00480643,-18.6639,-0.430318,0.0219748,-0.182557,-0.000460463,1.44972e-05,-6.83484e-06,-0,0,-0.00405202,0.000460463,-1.44972e-05,-1.00534,-0.63512,-0.0171684,-1.12964,1.06544,-0.00480643,-18.664,-0.430318,0.0219748,-0.182557,-0.000460463,1.44972e-05,-6.83488e-06,-0.117585,-0.116962,0.0170677,0.0171401,-0.00210321,3.67112e-07,0,0,True,True
0.93,-0,0,0.0039259,0.00046039,-1.4629e-05,0.94636,-0.635206,-0.0175182,-1.12765,1.06541,-0.00491244,-18.6611,-0.430207,0.0224306,-0.179881,-0.00046039,1.4629e-05,-7.11415e-06,-0,0,-0.00416893,0.00046039,-1.4629e-05,-1.00534,-0.635206,-0.0175182,-1.12762,1.06541,-0.00491244,-18.6613,-0.430207,0.0224306,-0.179881,-0.00046039,1.4629e-05,-7.1142e-06,-0.11586,-0.115245,0.0174219,0.0174961,-0.00214268,3.93908e-07,0,0,True,True
0.935,-0,0,0.0040523,0.000460317,-1.47662e-05,0.946361,-0.635295,-0.0178786,-1.12533,1.06539,-0.00502189,-18.6577,-0.430094,0.0229004,-0.175982,-0.000460317,1.47662e-05,-7.43036e-06,-0,0,-0.00430314,0.000460317,-1.47662e-05,-1.00534,-0.635295,-0.0178786,-1.1253,1.06539,-0.00502189,-18.6578,-0.430094,0.0229004,-0.175982,-0.000460317,1.47662e-05,-7.4304e-06,-0.113347,-0.112745,0.017787,0.017863,-0.00218298,4.20936e-07,0,0,True,True
0.94,-0,0,0.00419679,0.000460243,-1.49096e-05,0.946361,-0.635385,-0.018251,-1.12268,1.06536,-0.00513527,-18.6535,-0.429978,0.0233863,-0.170715,-0.000460243,1.49096e-05,-7.79005e-06,-0,0,-0.00445656,0.000460243,-1.49096e-05,-1.00534,-0.635385,-0.018251,-1.12264,1.06536,-0.00513527,-18.6536,-0.429978,0.0233863,-0.170715,-0.000460243,1.49096e-05,-7.7901e-06,-0.109952,-0.109369,0.0181646,0.0182424,-0.00222412,4.48206e-07,0,0,True,True
0.945,-0,0,0.00435945,0.000460168,-1.506e-05,0.946361,-0.635477,-0.0186372,-1.11969,1.06534,-0.00525309,-18.6485,-0.42986,0.0238903,-0.164076,-0.000460168,1.506e-05,-8.19736e-06,-0,0,-0.00462928,0.000460168,-1.506e-05,-1.00534,-0.635477,-0.0186372,-1.11966,1.06534,-0.00525309,-18.6487,-0.42986,0.0238903,-0.164076,-0.000460168,1.506e-05,-8.19742e-06,-0.105675,-0.105113,0.0185563,0.018636,-0.00226614,4.7573e-07,0,0,True,True
0.95,-0,0,0.00453706,0.000460092,-1.52182e-05,0.94636,-0.635572,-0.0190389,-1.11643,1.06531,-0.00537584,-18.643,-0.42974,0.0244147,-0.156342,-0.000460092,1.52182e-05,-8.65072e-06,-0,0,-0.00481787,0.000460092,-1.52182e-05,-1.00534,-0.635572,-0.0190389,-1.1164,1.06531,-0.00537584,-18.6431,-0.42974,0.0244147,-0.156342,-0.000460092,1.52182e-05,-8.65078e-06,-0.100692,-0.100156,0.0189638,0.0190455,-0.00230906,5.0352e-07,0,0,True,True
0.955,-0,0,0.00472031,0.000460016,-1.53851e-05,0.946359,-0.635668,-0.0194569,-1.11307,1.06528,-0.00550388,-18.6372,-0.429616,0.0249608,-0.148292,-0.000460016,1.53851e-05,-9.13738e-06,-0,0,-0.00501246,0.000460016,-1.53851e-05,-1.00534,-0.635668,-0.0194569,-1.11303,1.06528,-0.00550388,-18.6374,-0.429616,0.0249608,-0.148292,-0.000460016,1.53851e-05,-9.13745e-06,-0.0955062,-0.094997,0.0193882,0.019472,-0.00235293,5.31592e-07,0,0,True,True
0.96,-0,0,0.0048897,0.000459938,-1.55611e-05,0.946358,-0.635766,-0.0198914,-1.10996,1.06526,-0.00563721,-18.6321,-0.42949,0.0255286,-0.141558,-0.000459938,1.55611e-05,-9.62479e-06,-0,0,-0.00519233,0.000459938,-1.55611e-05,-1.00534,-0.635766,-0.0198914,-1.10992,1.06526,-0.00563721,-18.6323,-0.42949,0.0255286,-0.141558,-0.000459938,1.55611e-05,-9.62486e-06,-0.0911682,-0.0906813,0.0198295,0.0199155,-0.00239778,5.59962e-07,0,0,True,True
0.965,-0,0,0.00500897,0.00045986,-1.57456e-05,0.946358,-0.635867,-0.0203398,-1.10777,1.06523,-0.0057752,-18.6293,-0.429361,0.026115,-0.139168,-0.00045986,1.57456e-05,-1.00468e-05,-0,0,-0.00531895,0.00045986,-1.57456e-05,-1.00534,-0.635867,-0.0203398,-1.10773,1.06523,-0.0057752,-18.6294,-0.429361,0.026115,-0.139168,-0.00045986,1.57456e-05,-1.00469e-05,-0.0896277,-0.0891485,0.0202852,0.0203734,-0.00244366,5.88646e-07,0,0,True,True
0.97,-0,0,0.00501523,0.000459781,-1.59366e-05,0.94636,-0.63597,-0.0207953,-1.10765,1.0652,-0.00591596,-18.6315,-0.429229,0.0267112,-0.146367,-0.000459781,1.59366e-05,-1.02827e-05,-0,0,-0.00532554,0.000459781,-1.59366e-05,-1.00534,-0.63597,-0.0207953,-1.10761,1.0652,-0.00591596,-18.6316,-0.429229,0.0267112,-0.146367,-0.000459781,1.59366e-05,-1.02827e-05,-0.0942617,-0.0937584,0.0207487,0.0208392,-0.00249059,6.17658e-07,0,0,True,True
0.975,-0,0,0.00480413,0.000459701,-1.61289e-05,0.946367,-0.636075,-0.021244,-1.11152,1.06517,-0.00605556,-18.6433,-0.429094,0.0272996,-0.171853,-0.000459701,1.61289e-05,-1.01248e-05,-0,0,-0.00510124,0.000459701,-1.61289e-05,-1.00533,-0.636075,-0.021244,-1.11149,1.06517,-0.00605556,-18.6434,-0.429094,0.0272996,-0.171853,-0.000459701,1.61289e-05,-1.01249e-05,-0.110671,-0.110082,0.021206,0.0212987,-0.00253857,6.47009e-07,0,0,True,True
0.98,-0,0,0.00420766,0.000459619,-1.63128e-05,0.946383,-0.636182,-0.0216603,-1.12245,1.06514,-0.00618663,-18.6722,-0.428956,0.0278469,-0.229616,-0.000459619,1.63128e-05,-9.23074e-06,-0,0,-0.00446767,0.000459619,-1.63128e-05,-1.00532,-0.636182,-0.0216603,-1.12243,1.06514,-0.00618663,-18.6723,-0.428956,0.0278469,-0.229617,-0.000459619,1.63128e-05,-9.23078e-06,-0.147864,-0.147083,0.0216315,0.0217262,-0.00258758,6.76694e-07,0,0,True,True
0.985,-0,0,0.0029617,0.000459537,-1.64704e-05,0.946415,-0.636291,-0.0219994,-1.1453,1.06511,-0.00629635,-18.7298,-0.428815,0.0282958,-0.341648,-0.000459537,1.64704e-05,-7.05112e-06,-0,0,-0.00314439,0.000459537,-1.64704e-05,-1.00528,-0.636291,-0.0219994,-1.1453,1.06511,-0.00629635,-18.7297,-0.428815,0.0282958,-0.341648,-0.000459537,1.64704e-05,-7.05111e-06,-0.22,-0.218846,0.0219806,0.022077,-0.0026375,7.0669e-07,0,0,True,True
0.99,-0,0,0.000693923,0.000459455,-1.65713e-05,0.946472,-0.636402,-0.0221878,-1.18687,1.06507,-0.00636337,-18.8324,-0.428673,0.0285511,-0.53892,-0.000459455,1.65713e-05,-2.79944e-06,-0,0,-0.000736394,0.000459455,-1.65713e-05,-1.00523,-0.636402,-0.0221878,-1.18692,1.06507,-0.00636337,-18.8322,-0.428673,0.0285511,-0.538917,-0.000459455,1.65713e-05,-2.79941e-06,-0.347018,-0.345208,0.0221795,0.0222767,-0.00268809,7.36931e-07,0,0,True,True
0.995,-0,0,0.00134972,0.000459372,-1.65684e-05,0.927888,-0.636513,-0.022113,-1.18094,1.06504,-0.00635503,-18.3849,-0.42853,0.028468,-0.57869,-0.000459372,1.65684e-05,1.54384e-08,-0,0,-0.00143462,0.000459372,-1.65684e-05,-0.985461,-0.636513,-0.022113,-1.18101,1.06504,-0.00635503,-18.3846,-0.42853,0.028468,-0.578684,-0.000459372,1.65684e-05,1.53784e-08,-0.372615,-0.370677,0.0221155,0.0222123,-0.0027389,7.67286e-07,0,0,True,True
1,-0,0,0.00946328,0.000459289,-1.47181e-05,0.871989,-0.636623,-0.0298446,-1.05048,1.06501,0.00687217,-16.7661,-0.428388,0.0229724,-0.168411,-0.000459289,1.47181e-05,-3.40885e-06,-0,0,-0.0100525,0.000459289,-1.47181e-05,-0.926327,-0.636623,-0.0298446,-1.05046,1.06501,0.00687217,-16.7662,-0.428388,0.0229724,-0.168411,-0.000459289,1.47181e-05,-3.4088e-06,-0.108439,-0.107871,0.0178478,0.0179235,-0.00278918,7.97527e-07,0,0,True,True
1.005,-0,0,0.017589,0.000459225,-9.30865e-06,0.816116,-0.636812,-0.053515,-0.919771,1.06511,0.0464275,-15.149,-0.4283,0.0070875,0.244766,-0.000459225,9.30865e-06,-6.96498e-06,-0,0,-0.0186808,0.000459225,-9.30865e-06,-0.867226,-0.636812,-0.053515,-0.919636,1.06511,0.0464275,-15.1494,-0.4283,0.0070875,0.244776,-0.000459225,9.30865e-06,-6.96447e-06,0.157594,0.156783,0.00551068,0.00552568,-0.00283789,8.27334e-07,0,0,True,True
1.01,-0,0,0.0182369,0.000459196,-2.05957e-06,0.797615,-0.637158,-0.0849702,-0.913807,1.06548,0.0991447,-14.7085,-0.428317,-0.0141746,0.209069,-0.000459196,2.05957e-06,-4.28186e-06,-0,0,-0.0193695,0.000459196,-2.05957e-06,-0.847555,-0.637158,-0.0849702,-0.913684,1.06548,0.0991447,-14.7088,-0.428317,-0.0141746,0.209078,-0.000459196,2.05957e-06,-4.28127e-06,0.134612,0.133917,-0.0110029,-0.0110691,-0.00288401,8.56381e-07,0,0,True,True
1.015,-0,0,0.0159186,0.000459204,5.28888e-06,0.797814,-0.637661,-0.116108,-0.95595,1.0661,0.151826,-14.8249,-0.428442,-0.0357182,0.0140646,-0.000459204,-5.28888e-06,-7.99405e-09,-0,0,-0.0169097,0.000459204,5.28888e-06,-0.847651,-0.637661,-0.116108,-0.955892,1.0661,0.151826,-14.825,-0.428442,-0.0357182,0.0140667,-0.000459204,-5.28888e-06,-7.6763e-09,0.00905598,0.00900888,-0.0277346,-0.0278832,-0.00292675,8.84431e-07,0,0,True,True
1.02,-0,0,0.0146176,0.000459249,1.26919e-05,0.798045,-0.638319,-0.147012,-0.979299,1.06699,0.204386,-14.9011,-0.428675,-0.0573737,-0.0941396,-0.000459249,-1.26919e-05,2.19786e-06,-0,0,-0.0155296,0.000459249,1.26919e-05,-0.847833,-0.638319,-0.147012,-0.979277,1.06699,0.204386,-14.9011,-0.428675,-0.0573737,-0.0941391,-0.000459249,-1.26919e-05,2.19799e-06,-0.0606162,-0.0603032,-0.0445518,-0.0447834,-0.00296569,9.11351e-07,0,0,True,True
1.025,-0,0,0.0139651,0.000459331,2.01182e-05,0.798317,-0.639131,-0.177728,-0.990621,1.06815,0.256745,-14.9534,-0.429016,-0.0790174,-0.146289,-0.000459331,-2.01182e-05,3.06118e-06,-0,0,-0.0148372,0.000459331,2.01182e-05,-0.848093,-0.639131,-0.177728,-0.990615,1.06815,0.256745,-14.9534,-0.429016,-0.0790174,-0.146289,-0.000459331,-2.01182e-05,3.06122e-06,-0.0942003,-0.0937129,-0.0613575,-0.0616722,-0.0030006,9.37076e-07,0,0,True,True
1.03,-0,0,0.0136751,0.00045945,2.75501e-05,0.798637,-0.640097,-0.208271,-0.995154,1.06956,0.308838,-14.9945,-0.429465,-0.100567,-0.166199,-0.00045945,-2.75501e-05,3.17962e-06,-0,0,-0.0145295,0.00045945,2.75501e-05,-0.848422,-0.640097,-0.208271,-0.995153,1.06956,0.308838,-14.9945,-0.429465,-0.100567,-0.166199,-0.00045945,-2.75501e-05,3.17963e-06,-0.107029,-0.106474,-0.0780868,-0.0784845,-0.0030314,9.61584e-07,0,0,True,True
1.035,-0,0,0.0135696,0.000459606,3.49788e-05,0.79901,-0.641214,-0.238639,-0.996167,1.07124,0.360605,-15.0321,-0.430021,-0.121966,-0.168752,-0.000459606,-3.49788e-05,2.91947e-06,-0,0,-0.0144173,0.000459606,3.49788e-05,-0.848816,-0.641214,-0.238639,-0.996166,1.07124,0.360605,-15.0321,-0.430021,-0.121966,-0.168752,-0.000459606,-3.49788e-05,2.91948e-06,-0.108683,-0.108118,-0.0946953,-0.095176,-0.0030581,9.84874e-07,0,0,True,True
1.04,-0,0,0.0135408,0.0004598,4.24e-05,0.799437,-0.642483,-0.268815,-0.995639,1.07317,0.41199,-15.0709,-0.430684,-0.143175,-0.162957,-0.0004598,-4.24e-05,2.49617e-06,-0,0,-0.0143864,0.0004598,4.24e-05,-0.849272,-0.642483,-0.268815,-0.995635,1.07317,0.41199,-15.0709,-0.430684,-0.143175,-0.162956,-0.0004598,-4.24e-05,2.49619e-06,-0.104962,-0.104415,-0.111152,-0.111715,-0.00308074,1.00696e-06,0,0,True,True
1.045,-0,0,0.0135265,0.00046003,4.9813e-05,0.799921,-0.643902,-0.298777,-0.994716,1.07536,0.462942,-15.1137,-0.431453,-0.164166,-0.154052,-0.00046003,-4.9813e-05,2.02988e-06,-0,0,-0.014371,0.00046003,4.9813e-05,-0.84979,-0.643902,-0.298777,-0.994708,1.07536,0.462942,-15.1137,-0.431453,-0.164166,-0.154052,-0.00046003,-4.9813e-05,2.02993e-06,-0.0992394,-0.0987199,-0.127432,-0.128078,-0.00309939,1.02784e-06,0,0,True,True
1.05,-0,0,0.0134928,0.000460298,5.72181e-05,0.800461,-0.645471,-0.328498,-0.994022,1.0778,0.513411,-15.1618,-0.432326,-0.184913,-0.144907,-0.000460298,-5.72181e-05,1.58214e-06,-0,0,-0.014335,0.000460298,5.72181e-05,-0.850367,-0.645471,-0.328498,-0.994011,1.0778,0.513411,-15.1618,-0.432326,-0.184913,-0.144907,-0.000460298,-5.72181e-05,1.5822e-06,-0.0933614,-0.0928708,-0.143517,-0.144245,-0.00311411,1.04756e-06,0,0,True,True
1.055,-0,0,0.0134237,0.000460603,6.46167e-05,0.801057,-0.647187,-0.357954,-0.993862,1.08049,0.563351,-15.216,-0.433302,-0.205397,-0.136934,-0.000460603,-6.46167e-05,1.17956e-06,-0,0,-0.0142613,0.000460603,6.46167e-05,-0.851003,-0.647187,-0.357954,-0.993849,1.08049,0.563351,-15.2161,-0.433302,-0.205397,-0.136934,-0.000460603,-6.46167e-05,1.17964e-06,-0.0882385,-0.0877729,-0.159391,-0.160201,-0.00312499,1.0661e-06,0,0,True,True
1.06,-0,0,0.0133131,0.000460944,7.20102e-05,0.801711,-0.64905,-0.387115,-0.994351,1.08343,0.612716,-15.2765,-0.43438,-0.225601,-0.130687,-0.000460944,-7.20102e-05,8.28971e-07,-0,0,-0.0141437,0.000460944,7.20102e-05,-0.851698,-0.64905,-0.387115,-0.994336,1.08343,0.612716,-15.2766,-0.43438,-0.225601,-0.130687,-0.000460944,-7.20102e-05,8.29054e-07,-0.0842284,-0.0837819,-0.17504,-0.175931,-0.00313211,1.0835e-06,0,0,True,True
1.065,-0,0,0.013161,0.000461323,7.94002e-05,0.802421,-0.651058,-0.415958,-0.995498,1.08662,0.661464,-15.3433,-0.435558,-0.245507,-0.126242,-0.000461323,-7.94002e-05,5.26819e-07,-0,0,-0.0139821,0.000461323,7.94002e-05,-0.852452,-0.651058,-0.415958,-0.995483,1.08662,0.661464,-15.3433,-0.435558,-0.245507,-0.126241,-0.000461323,-7.94002e-05,5.26907e-07,-0.0813791,-0.0809455,-0.190448,-0.191421,-0.00313554,1.09976e-06,0,0,True,True
1.07,-0,0,0.0129704,0.000461738,8.6788e-05,0.803187,-0.65321,-0.444456,-0.997259,1.09004,0.709554,-15.416,-0.436835,-0.265099,-0.123425,-0.000461738,-8.6788e-05,2.64882e-07,-0,0,-0.0137795,0.000461738,8.6788e-05,-0.853264,-0.65321,-0.444456,-0.997243,1.09004,0.709554,-15.4161,-0.436835,-0.265099,-0.123424,-0.000461738,-8.6788e-05,2.64972e-07,-0.0795801,-0.0791539,-0.205604,-0.206657,-0.00313536,1.11489e-06,0,0,True,True
1.075,-0,0,0.0127455,0.00046219,9.41748e-05,0.804008,-0.655503,-0.472586,-0.999563,1.09371,0.756948,-15.4946,-0.438209,-0.284361,-0.12196,-0.00046219,-9.41748e-05,3.35483e-08,-0,0,-0.0135405,0.00046219,9.41748e-05,-0.854134,-0.655503,-0.472586,-0.999547,1.09371,0.756948,-15.4946,-0.438209,-0.284361,-0.12196,-0.00046219,-9.41748e-05,3.36371e-08,-0.0786538,-0.0782301,-0.220494,-0.221628,-0.00313164,1.1289e-06,0,0,True,True
1.08,-0,0,0.0124907,0.00046268,0.000101561,0.804885,-0.657936,-0.500327,-1.00234,1.09761,0.803608,-15.5786,-0.439679,-0.30328,-0.121547,-0.00046268,-0.000101561,-1.76401e-07,-0,0,-0.0132698,0.00046268,0.000101561,-0.855062,-0.657936,-0.500327,-1.00232,1.09761,0.803608,-15.5787,-0.439679,-0.30328,-0.121547,-0.00046268,-0.000101561,-1.76315e-07,-0.0784067,-0.077982,-0.235107,-0.236322,-0.00312445,1.14179e-06,0,0,True,True
1.085,-0,0,0.0122105,0.000463206,0.000108949,0.805816,-0.660506,-0.527659,-1.00551,1.10175,0.849499,-15.668,-0.441242,-0.32184,-0.121905,-0.000463206,-0.000108949,-3.72931e-07,-0,0,-0.012972,0.000463206,0.000108949,-0.856048,-0.660506,-0.527659,-1.00549,1.10175,0.849499,-15.668,-0.441242,-0.32184,-0.121904,-0.000463206,-0.000108949,-3.72849e-07,-0.078658,-0.0782293,-0.249431,-0.250726,-0.00311388,1.15357e-06,0,0,True,True
1.09,-0,0,0.0119085,0.000463769,0.000116338,0.806802,-0.663212,-0.554562,-1.00902,1.10611,0.894591,-15.7623,-0.442897,-0.340029,-0.122791,-0.000463769,-0.000116338,-5.62453e-07,-0,0,-0.0126513,0.000463769,0.000116338,-0.857092,-0.663212,-0.554562,-1.00901,1.10611,0.894591,-15.7624,-0.442897,-0.340029,-0.122791,-0.000463769,-0.000116338,-5.62375e-07,-0.0792521,-0.0788174,-0.263454,-0.264829,-0.00309999,1.16426e-06,0,0,True,True
1.095,-0,0,0.0115883,0.000464369,0.000123728,0.807841,-0.666052,-0.581019,-1.01282,1.11069,0.938851,-15.8615,-0.444642,-0.357832,-0.12401,-0.000464369,-0.000123728,-7.49822e-07,-0,0,-0.0123111,0.000464369,0.000123728,-0.858193,-0.666052,-0.581019,-1.0128,1.11069,0.938851,-15.8615,-0.444642,-0.357832,-0.12401,-0.000464369,-0.000123728,-7.49749e-07,-0.0800625,-0.0796204,-0.277167,-0.278621,-0.00308285,1.17384e-06,0,0,True,True
1.1,-0,0,0.0112526,0.000465007,0.00013112,0.808934,-0.669023,-0.607015,-1.01685,1.1155,0.982252,-15.9653,-0.446475,-0.375237,-0.12541,-0.000465007,-0.00013112,-9.38493e-07,-0,0,-0.0119544,0.000465007,0.00013112,-0.85935,-0.669023,-0.607015,-1.01684,1.1155,0.982252,-15.9654,-0.446475,-0.375237,-0.125409,-0.000465007,-0.00013112,-9.38424e-07,-0.0809915,-0.0805411,-0.290559,-0.292093,-0.00306254,1.18233e-06,0,0,True,True
1.105,-0,0,0.0109036,0.000465681,0.000138515,0.81008,-0.672122,-0.632535,-1.0211,1.12052,1.02477,-16.0736,-0.448395,-0.392234,-0.126878,-0.000465681,-0.000138515,-1.13074e-06,-0,0,-0.0115837,0.000465681,0.000138515,-0.860564,-0.672122,-0.632535,-1.02109,1.12052,1.02477,-16.0736,-0.448395,-0.392234,-0.126878,-0.000465681,-0.000138515,-1.13068e-06,-0.0819669,-0.0815078,-0.303622,-0.305235,-0.00303915,1.18974e-06,0,0,True,True
1.11,-0,0,0.0105434,0.000466392,0.000145913,0.811278,-0.675348,-0.657566,-1.02553,1.12575,1.06638,-16.1861,-0.450398,-0.408812,-0.128336,-0.000466392,-0.000145913,-1.3279e-06,-0,0,-0.0112009,0.000466392,0.000145913,-0.861833,-0.675348,-0.657566,-1.02552,1.12575,1.06638,-16.1861,-0.450398,-0.408812,-0.128336,-0.000466392,-0.000145913,-1.32784e-06,-0.0829377,-0.0824697,-0.316346,-0.318038,-0.00301273,1.19606e-06,0,0,True,True
1.115,-0,0,0.0101734,0.00046714,0.000153313,0.812529,-0.678698,-0.682096,-1.03012,1.13118,1.10706,-16.3027,-0.452483,-0.424961,-0.129733,-0.00046714,-0.000153313,-1.53056e-06,-0,0,-0.0108079,0.00046714,0.000153313,-0.863158,-0.678698,-0.682096,-1.03011,1.13118,1.10706,-16.3028,-0.452483,-0.424961,-0.129732,-0.00046714,-0.000153313,-1.5305e-06,-0.0838703,-0.0833933,-0.328725,-0.330495,-0.00298338,1.20131e-06,0,0,True,True
1.12,-0,0,0.00979511,0.000467925,0.000160715,0.813831,-0.682169,-0.706114,-1.03486,1.13682,1.14679,-16.4234,-0.454647,-0.440673,-0.131035,-0.000467925,-0.000160715,-1.7388e-06,-0,0,-0.010406,0.000467925,0.000160715,-0.864538,-0.682169,-0.706114,-1.03485,1.13682,1.14679,-16.4234,-0.454647,-0.440673,-0.131035,-0.000467925,-0.000160715,-1.73875e-06,-0.0847442,-0.0842583,-0.340751,-0.342599,-0.00295118,1.20549e-06,0,0,True,True
1.125,-0,0,0.00940958,0.000468747,0.000168121,0.815184,-0.685759,-0.729612,-1.03973,1.14265,1.18555,-16.5479,-0.456889,-0.45594,-0.132227,-0.000468747,-0.000168121,-1.9523e-06,-0,0,-0.00999641,0.000468747,0.000168121,-0.865972,-0.685759,-0.729612,-1.03972,1.14265,1.18555,-16.548,-0.456889,-0.45594,-0.132226,-0.000468747,-0.000168121,-1.95225e-06,-0.0855487,-0.0850541,-0.352419,-0.354344,-0.0029162,1.2086e-06,0,0,True,True
1.13,-0,0,0.00901779,0.000469606,0.000175529,0.816587,-0.689465,-0.752582,-1.04473,1.14867,1.22334,-16.6762,-0.459207,-0.470756,-0.133303,-0.000469606,-0.000175529,-2.17048e-06,-0,0,-0.00958016,0.000469606,0.000175529,-0.86746,-0.689465,-0.752582,-1.04472,1.14867,1.22334,-16.6762,-0.459207,-0.470756,-0.133303,-0.000469606,-0.000175529,-2.17043e-06,-0.0862804,-0.0857773,-0.363723,-0.365725,-0.00287853,1.21065e-06,0,0,True,True
1.135,-0,0,0.00862061,0.000470502,0.00018294,0.818041,-0.693285,-0.775016,-1.04984,1.15488,1.26013,-16.8081,-0.461597,-0.485114,-0.134265,-0.000470502,-0.00018294,-2.39262e-06,-0,0,-0.00915818,0.000470502,0.00018294,-0.869001,-0.693285,-0.775016,-1.04983,1.15488,1.26013,-16.8081,-0.461597,-0.485114,-0.134265,-0.000470502,-0.00018294,-2.39257e-06,-0.0869406,-0.0864291,-0.374658,-0.376737,-0.00283825,1.21166e-06,0,0,True,True
1.14,-0,0,0.00821883,0.000471435,0.000190353,0.819543,-0.697215,-0.796907,-1.05505,1.16127,1.29592,-16.9435,-0.464058,-0.49901,-0.135122,-0.000471435,-0.000190353,-2.61788e-06,-0,0,-0.00873131,0.000471435,0.000190353,-0.870594,-0.697215,-0.796907,-1.05504,1.16127,1.29592,-16.9435,-0.464058,-0.49901,-0.135122,-0.000471435,-0.000190353,-2.61783e-06,-0.0875338,-0.0870141,-0.385222,-0.387377,-0.00279544,1.21161e-06,0,0,True,True
1.145,-0,0,0.00781318,0.000472406,0.000197769,0.821095,-0.701254,-0.818253,-1.06037,1.16784,1.33069,-17.0823,-0.466587,-0.51244,-0.135882,-0.000472406,-0.000197769,-2.84541e-06,-0,0,-0.00830032,0.000472406,0.000197769,-0.87224,-0.701254,-0.818253,-1.06036,1.16784,1.33069,-17.0823,-0.466587,-0.51244,-0.135882,-0.000472406,-0.000197769,-2.84537e-06,-0.0880665,-0.0875387,-0.39541,-0.397641,-0.00275019,1.21053e-06,0,0,True,True
1.15,-0,0,0.00740432,0.000473413,0.000205186,0.822695,-0.705398,-0.839047,-1.06578,1.17458,1.36445,-17.2244,-0.469182,-0.525401,-0.136557,-0.000473413,-0.000205186,-3.07436e-06,-0,0,-0.00786593,0.000473413,0.000205186,-0.873937,-0.705398,-0.839047,-1.06577,1.17458,1.36445,-17.2244,-0.469182,-0.525401,-0.136557,-0.000473413,-0.000205186,-3.07431e-06,-0.0885458,-0.0880101,-0.40522,-0.407526,-0.00270258,1.20841e-06,0,0,True,True
1.155,-0,0,0.00699291,0.000474458,0.000212606,0.824343,-0.709644,-0.859288,-1.07127,1.18149,1.39718,-17.3697,-0.471841,-0.53789,-0.137158,-0.000474458,-0.000212606,-3.30388e-06,-0,0,-0.00742882,0.000474458,0.000212606,-0.875685,-0.709644,-0.859288,-1.07127,1.18149,1.39718,-17.3697,-0.471841,-0.53789,-0.137158,-0.000474458,-0.000212606,-3.30383e-06,-0.0889793,-0.0884358,-0.414651,-0.417032,-0.00265271,1.20527e-06,0,0,True,True
1.16,-0,0,0.00657957,0.000475539,0.000220027,0.826038,-0.713991,-0.878973,-1.07686,1.18855,1.42888,-17.518,-0.474561,-0.549905,-0.137698,-0.000475539,-0.000220027,-3.53318e-06,-0,0,-0.00698966,0.000475539,0.000220027,-0.877482,-0.713991,-0.878973,-1.07685,1.18855,1.42888,-17.518,-0.474561,-0.549905,-0.137698,-0.000475539,-0.000220027,-3.53313e-06,-0.0893744,-0.088823,-0.423702,-0.426157,-0.00260064,1.20111e-06,0,0,True,True
1.165,-0,0,0.00616489,0.000476658,0.00022745,0.827779,-0.718434,-0.898101,-1.08251,1.19577,1.45955,-17.6693,-0.47734,-0.561447,-0.138186,-0.000476658,-0.00022745,-3.76149e-06,-0,0,-0.00654907,0.000476658,0.00022745,-0.879329,-0.718434,-0.898101,-1.0825,1.19577,1.45955,-17.6693,-0.47734,-0.561447,-0.138186,-0.000476658,-0.00022745,-3.76145e-06,-0.0897379,-0.0891786,-0.432372,-0.434901,-0.00254647,1.19593e-06,0,0,True,True
1.17,-0,0,0.00574945,0.000477814,0.000234873,0.829565,-0.722972,-0.916671,-1.08824,1.20315,1.48919,-17.8234,-0.480176,-0.572514,-0.138632,-0.000477814,-0.000234873,-3.98812e-06,-0,0,-0.00610767,0.000477814,0.000234873,-0.881225,-0.722972,-0.916671,-1.08823,1.20315,1.48919,-17.8234,-0.480176,-0.572514,-0.138632,-0.000477814,-0.000234873,-3.98807e-06,-0.0900759,-0.0895088,-0.440662,-0.443264,-0.00249028,1.18975e-06,0,0,True,True
1.175,-0,0,0.0053338,0.000479007,0.000242297,0.831397,-0.727601,-0.934684,-1.09403,1.21067,1.51779,-17.9803,-0.483065,-0.583108,-0.139045,-0.000479007,-0.000242297,-4.2124e-06,-0,0,-0.00566606,0.000479007,0.000242297,-0.883168,-0.727601,-0.934684,-1.09402,1.21067,1.51779,-17.9803,-0.483065,-0.583108,-0.139045,-0.000479007,-0.000242297,-4.21236e-06,-0.0903939,-0.0898188,-0.448572,-0.451246,-0.00243215,1.18257e-06,0,0,True,True
1.18,-0,0,0.0049185,0.000480237,0.00024972,0.833273,-0.732318,-0.952139,-1.09988,1.21833,1.54537,-18.1398,-0.486007,-0.593229,-0.139432,-0.000480237,-0.00024972,-4.43372e-06,-0,0,-0.00522481,0.000480237,0.00024972,-0.885159,-0.732318,-0.952139,-1.09988,1.21833,1.54537,-18.1398,-0.486007,-0.593229,-0.139432,-0.000480237,-0.00024972,-4.43368e-06,-0.0906965,-0.0901133,-0.456102,-0.458848,-0.00237216,1.17439e-06,0,0,True,True
1.185,-0,0,0.00450405,0.000481504,0.000257143,0.835193,-0.737122,-0.969039,-1.10579,1.22612,1.57192,-18.3018,-0.488998,-0.60288,-0.139799,-0.000481504,-0.000257143,-4.65151e-06,-0,0,-0.00478447,0.000481504,0.000257143,-0.887196,-0.737122,-0.969039,-1.10578,1.22612,1.57192,-18.3018,-0.488998,-0.60288,-0.139799,-0.000481504,-0.000257143,-4.65147e-06,-0.0909877,-0.0903963,-0.463256,-0.466073,-0.00231041,1.16523e-06,0,0,True,True
1.19,-0,0,0.00409098,0.000482808,0.000264565,0.837156,-0.742009,-0.985386,-1.11174,1.23404,1.59745,-18.4662,-0.492036,-0.612061,-0.140151,-0.000482808,-0.000264565,-4.86524e-06,-0,0,-0.00434558,0.000482808,0.000264565,-0.889278,-0.742009,-0.985386,-1.11173,1.23404,1.59745,-18.4663,-0.492036,-0.612061,-0.14015,-0.000482808,-0.000264565,-4.86519e-06,-0.0912707,-0.090671,-0.470035,-0.472922,-0.00224696,1.15508e-06,0,0,True,True
1.195,-0,0,0.00367975,0.00048415,0.000271984,0.839161,-0.746976,-1.00118,-1.11773,1.24209,1.62196,-18.633,-0.495118,-0.620777,-0.140491,-0.00048415,-0.000271984,-5.0744e-06,-0,0,-0.00390866,0.00048415,0.000271984,-0.891405,-0.746976,-1.00118,-1.11772,1.24209,1.62196,-18.6331,-0.495118,-0.620777,-0.140491,-0.00048415,-0.000271984,-5.07435e-06,-0.091548,-0.0909399,-0.476441,-0.479398,-0.0021819,1.14397e-06,0,0,True,True
1.2,-0,0,0.00327085,0.000485528,0.000279401,0.841207,-0.752021,-1.01643,-1.12375,1.25026,1.64546,-18.802,-0.498243,-0.62903,-0.140824,-0.000485528,-0.000279401,-5.27852e-06,-0,0,-0.0034742,0.000485528,0.000279401,-0.893576,-0.752021,-1.01643,-1.12374,1.25026,1.64546,-18.8021,-0.498243,-0.62903,-0.140824,-0.000485528,-0.000279401,-5.27848e-06,-0.0918218,-0.0912051,-0.482478,-0.485503,-0.0021153,1.13188e-06,0,0,True,True
1.205,-0,0,0.0028647,0.000486944,0.000286813,0.843293,-0.75714,-1.03113,-1.12981,1.25855,1.66796,-18.9732,-0.501408,-0.636824,-0.141151,-0.000486944,-0.000286813,-5.47716e-06,-0,0,-0.00304268,0.000486944,0.000286813,-0.89579,-0.75714,-1.03113,-1.1298,1.25855,1.66796,-18.9732,-0.501408,-0.636824,-0.141151,-0.000486944,-0.000286813,-5.47712e-06,-0.0920936,-0.091468,-0.488149,-0.491241,-0.00204725,1.11884e-06,0,0,True,True
1.21,-0,0,0.00246174,0.000488396,0.000294221,0.84542,-0.762332,-1.0453,-1.13588,1.26694,1.68946,-19.1464,-0.504612,-0.644162,-0.141474,-0.000488396,-0.000294221,-5.66989e-06,-0,0,-0.00261454,0.000488396,0.000294221,-0.898046,-0.762332,-1.0453,-1.13587,1.26694,1.68946,-19.1464,-0.504612,-0.644162,-0.141474,-0.000488396,-0.000294221,-5.66985e-06,-0.0923643,-0.0917298,-0.493456,-0.496616,-0.00197782,1.10485e-06,0,0,True,True
1.215,-0,0,0.00206237,0.000489886,0.000301622,0.847585,-0.767593,-1.05892,-1.14197,1.27544,1.70997,-19.3215,-0.50785,-0.651049,-0.141795,-0.000489886,-0.000301622,-5.85631e-06,-0,0,-0.00219021,0.000489886,0.000301622,-0.900344,-0.767593,-1.05892,-1.14196,1.27544,1.70997,-19.3215,-0.50785,-0.651049,-0.141795,-0.000489886,-0.000301622,-5.85626e-06,-0.0926348,-0.0919912,-0.498405,-0.501631,-0.00190708,1.0899e-06,0,0,True,True
1.22,-0,0,0.00166697,0.000491412,0.000309017,0.849788,-0.772921,-1.07202,-1.14807,1.28404,1.72951,-19.4984,-0.511122,-0.657491,-0.142113,-0.000491412,-0.000309017,-6.03601e-06,-0,0,-0.00177011,0.000491412,0.000309017,-0.902682,-0.772921,-1.07202,-1.14806,1.28404,1.72951,-19.4984,-0.511122,-0.657491,-0.142113,-0.000491412,-0.000309017,-6.03597e-06,-0.0929055,-0.0922525,-0.502999,-0.50629,-0.00183511,1.07402e-06,0,0,True,True
1.225,-0,0,0.00127591,0.000492976,0.000316403,0.852029,-0.778313,-1.08458,-1.15417,1.29274,1.74807,-19.6771,-0.514425,-0.66349,-0.14243,-0.000492976,-0.000316403,-6.20863e-06,-0,0,-0.0013546,0.000492976,0.000316403,-0.90506,-0.778313,-1.08458,-1.15416,1.29274,1.74807,-19.6771,-0.514425,-0.66349,-0.14243,-0.000492976,-0.000316403,-6.20859e-06,-0.0931766,-0.092514,-0.507243,-0.510598,-0.00176198,1.0572e-06,0,0,True,True
1.23,-0,0,0.000889517,0.000494576,0.00032378,0.854306,-0.783767,-1.09663,-1.16027,1.30152,1.76568,-19.8574,-0.517757,-0.669054,-0.142744,-0.000494576,-0.00032378,-6.37379e-06,-0,0,-0.000944059,0.000494576,0.00032378,-0.907476,-0.783767,-1.09663,-1.16026,1.30152,1.76568,-19.8574,-0.517757,-0.669054,-0.142744,-0.000494576,-0.00032378,-6.37375e-06,-0.0934479,-0.0927756,-0.511141,-0.514559,-0.00168776,1.03946e-06,0,0,True,True
1.235,-0,0,0.000508117,0.000496214,0.000331146,0.856619,-0.78928,-1.10816,-1.16636,1.3104,1.78234,-20.0393,-0.521116,-0.674186,-0.143057,-0.000496214,-0.000331146,-6.53113e-06,-0,0,-0.000538822,0.000496214,0.000331146,-0.90993,-0.78928,-1.10816,-1.16635,1.3104,1.78234,-20.0393,-0.521116,-0.674186,-0.143057,-0.000496214,-0.000331146,-6.53109e-06,-0.0937193,-0.0930372,-0.514698,-0.518178,-0.00161253,1.02079e-06,0,0,True,True
1.24,-0,0,0.00013201,0.000497888,0.000338498,0.858966,-0.794849,-1.11917,-1.17244,1.31935,1.79807,-20.2227,-0.524499,-0.678894,-0.143367,-0.000497888,-0.000338498,-6.6803e-06,-0,0,-0.000139206,0.000497888,0.000338498,-0.91242,-0.794849,-1.11917,-1.17243,1.31935,1.79807,-20.2227,-0.524499,-0.678894,-0.143367,-0.000497888,-0.000338498,-6.68026e-06,-0.0939904,-0.0932982,-0.517919,-0.52146,-0.00153634,1.00121e-06,0,0,True,True
1.245,-0,0,-0.000238526,0.000499599,0.000345837,0.861347,-0.800471,-1.12968,-1.17849,1.32838,1.81286,-20.4074,-0.527904,-0.683181,-0.143673,-0.000499599,-0.000345837,-6.82095e-06,-0,0,0.000254489,0.000499599,0.000345837,-0.914947,-0.800471,-1.12968,-1.17848,1.32838,1.81286,-20.4075,-0.527904,-0.683181,-0.143673,-0.000499599,-0.000345837,-6.8209e-06,-0.0942609,-0.0935584,-0.52081,-0.52441,-0.00145926,9.80728e-07,0,0,True,True
1.25,-0,0,-0.000603228,0.000501346,0.000353159,0.86376,-0.806145,-1.13969,-1.18453,1.33748,1.82675,-20.5935,-0.531331,-0.687056,-0.143976,-0.000501346,-0.000353159,-6.95273e-06,-0,0,0.000641988,0.000501346,0.000353159,-0.917508,-0.806145,-1.13969,-1.18452,1.33748,1.82675,-20.5935,-0.531331,-0.687056,-0.143976,-0.000501346,-0.000353159,-6.95268e-06,-0.0945301,-0.0938172,-0.523374,-0.527034,-0.00138137,9.59339e-07,0,0,True,True
1.255,-0,0,-0.000961853,0.00050313,0.000360463,0.866206,-0.811868,-1.1492,-1.19053,1.34664,1.83973,-20.7808,-0.534775,-0.690523,-0.144273,-0.00050313,-0.000360463,-7.0753e-06,-0,0,0.00102303,0.00050313,0.000360463,-0.920104,-0.811868,-1.1492,-1.19052,1.34664,1.83973,-20.7808,-0.534775,-0.690523,-0.144273,-0.00050313,-0.000360463,-7.07526e-06,-0.0947975,-0.0940741,-0.525619,-0.529335,-0.00130272,9.37056e-07,0,0,True,True
1.26,-0,0,-0.00131418,0.000504951,0.000367748,0.868682,-0.817637,-1.15823,-1.1965,1.35587,1.85182,-20.9692,-0.538236,-0.693589,-0.144565,-0.000504951,-0.000367748,-7.18834e-06,-0,0,0.00139738,0.000504951,0.000367748,-0.922732,-0.817637,-1.15823,-1.19649,1.35587,1.85182,-20.9692,-0.538236,-0.693589,-0.144565,-0.000504951,-0.000367748,-7.1883e-06,-0.0950626,-0.0943285,-0.527549,-0.531321,-0.00122337,9.13885e-07,0,0,True,True
1.265,-0,0,-0.00165999,0.000506808,0.00037501,0.871189,-0.823451,-1.16677,-1.20242,1.36516,1.86303,-21.1586,-0.541711,-0.69626,-0.144851,-0.000506808,-0.00037501,-7.2915e-06,-0,0,0.00176481,0.000506808,0.00037501,-0.925392,-0.823451,-1.16677,-1.20241,1.36516,1.86303,-21.1586,-0.541711,-0.69626,-0.144851,-0.000506808,-0.00037501,-7.29146e-06,-0.0953247,-0.0945797,-0.52917,-0.532997,-0.00114339,8.89832e-07,0,0,True,True
1.27,-0,0,-0.00199909,0.000508701,0.000382247,0.873724,-0.829305,-1.17483,-1.20831,1.3745,1.87337,-21.349,-0.545198,-0.698542,-0.145128,-0.000508701,-0.000382247,-7.38447e-06,-0,0,0.00212511,0.000508701,0.000382247,-0.928082,-0.829305,-1.17483,-1.2083,1.3745,1.87337,-21.349,-0.545198,-0.698542,-0.145128,-0.000508701,-0.000382247,-7.38443e-06,-0.0955833,-0.0948273,-0.530487,-0.534368,-0.00106283,8.64904e-07,0,0,True,True
1.275,-0,0,-0.00233132,0.00051063,0.000389458,0.876288,-0.835199,-1.18242,-1.21414,1.3839,1.88286,-21.5403,-0.548696,-0.700443,-0.145398,-0.00051063,-0.000389458,-7.46691e-06,-0,0,0.00247811,0.00051063,0.000389458,-0.930803,-0.835199,-1.18242,-1.21413,1.3839,1.88286,-21.5403,-0.548696,-0.700443,-0.145398,-0.00051063,-0.000389458,-7.46688e-06,-0.0958377,-0.0950706,-0.531507,-0.535439,-0.000981745,8.39108e-07,0,0,True,True
1.28,-0,0,-0.0026565,0.000512595,0.000396639,0.878878,-0.841129,-1.18954,-1.21991,1.39333,1.89151,-21.7323,-0.552203,-0.701968,-0.145659,-0.000512595,-0.000396639,-7.53851e-06,-0,0,0.00282362,0.000512595,0.000396639,-0.933552,-0.841129,-1.18954,-1.2199,1.39333,1.89151,-21.7324,-0.552203,-0.701968,-0.145659,-0.000512595,-0.000396639,-7.53848e-06,-0.0960875,-0.0953092,-0.532235,-0.536218,-0.0009002,8.12449e-07,0,0,True,True
1.285,-0,0,-0.00297448,0.000514597,0.000403789,0.881495,-0.847094,-1.19621,-1.22563,1.40281,1.89933,-21.9251,-0.555716,-0.703124,-0.145909,-0.000514597,-0.000403789,-7.59895e-06,-0,0,0.00316149,0.000514597,0.000403789,-0.936329,-0.847094,-1.19621,-1.22562,1.40281,1.89933,-21.9252,-0.555716,-0.703124,-0.145909,-0.000514597,-0.000403789,-7.59891e-06,-0.0963322,-0.0955424,-0.532678,-0.536709,-0.000818244,7.84936e-07,0,0,True,True
1.29,-0,0,-0.00328514,0.000516633,0.000410903,0.884136,-0.853091,-1.20241,-1.23128,1.41233,1.90633,-22.1186,-0.559234,-0.703919,-0.14615,-0.000516633,-0.000410903,-7.64791e-06,-0,0,0.00349157,0.000516633,0.000410903,-0.939132,-0.853091,-1.20241,-1.23127,1.41233,1.90633,-22.1186,-0.559234,-0.703919,-0.14615,-0.000516633,-0.000410903,-7.64788e-06,-0.0965712,-0.0957699,-0.53284,-0.536918,-0.000735931,7.56575e-07,0,0,True,True
1.295,-0,0,-0.00358834,0.000518706,0.00041798,0.886801,-0.859118,-1.20817,-1.23687,1.42187,1.91253,-22.3126,-0.562755,-0.704357,-0.146379,-0.000518706,-0.00041798,-7.68509e-06,-0,0,0.00381372,0.000518706,0.00041798,-0.941961,-0.859118,-1.20817,-1.23686,1.42187,1.91253,-22.3126,-0.562755,-0.704357,-0.146379,-0.000518706,-0.00041798,-7.68506e-06,-0.0968041,-0.0959913,-0.532728,-0.536852,-0.00065331,7.27373e-07,0,0,True,True
1.3,-0,0,-0.00388396,0.000520813,0.000425016,0.88949,-0.865173,-1.21348,-1.24238,1.43145,1.91793,-22.5071,-0.566278,-0.704448,-0.146597,-0.000520813,-0.000425016,-7.71019e-06,-0,0,0.00412784,0.000520813,0.000425016,-0.944815,-0.865173,-1.21348,-1.24237,1.43145,1.91793,-22.5071,-0.566278,-0.704448,-0.146597,-0.000520813,-0.000425016,-7.71015e-06,-0.0970306,-0.0962061,-0.532348,-0.536516,-0.000570432,6.97336e-07,0,0,True,True
1.305,-0,0,-0.00417192,0.000522956,0.000432008,0.8922,-0.871253,-1.21836,-1.24782,1.44105,1.92255,-22.702,-0.5698,-0.704196,-0.146803,-0.000522956,-0.000432008,-7.72289e-06,-0,0,0.0044338,0.000522956,0.000432008,-0.947692,-0.871253,-1.21836,-1.24781,1.44105,1.92255,-22.702,-0.5698,-0.704196,-0.146803,-0.000522956,-0.000432008,-7.72286e-06,-0.0972503,-0.096414,-0.531705,-0.535915,-0.000487344,6.66473e-07,0,0,True,True
1.31,-0,0,-0.00445211,0.000525133,0.000438952,0.894931,-0.877357,-1.2228,-1.25317,1.45068,1.92641,-22.8973,-0.57332,-0.703609,-0.146997,-0.000525133,-0.000438952,-7.72292e-06,-0,0,0.00473151,0.000525133,0.000438952,-0.950591,-0.877357,-1.2228,-1.25316,1.45068,1.92641,-22.8973,-0.57332,-0.703609,-0.146997,-0.000525133,-0.000438952,-7.72289e-06,-0.097463,-0.0966149,-0.530807,-0.535057,-0.000404094,6.34789e-07,0,0,True,True
1.315,-0,0,-0.00472446,0.000527345,0.000445846,0.897682,-0.883481,-1.22681,-1.25844,1.46032,1.9295,-23.0928,-0.576836,-0.702694,-0.147179,-0.000527345,-0.000445846,-7.70998e-06,-0,0,0.00502089,0.000527345,0.000445846,-0.953511,-0.883481,-1.22681,-1.25843,1.46032,1.9295,-23.0928,-0.576836,-0.702694,-0.147179,-0.000527345,-0.000445846,-7.70995e-06,-0.0976685,-0.0968085,-0.529658,-0.533947,-0.000320726,6.02294e-07,0,0,True,True
1.32,-0,0,-0.00498888,0.000529592,0.000452684,0.900452,-0.889625,-1.2304,-1.26362,1.46997,1.93185,-23.2885,-0.580347,-0.701457,-0.147347,-0.000529592,-0.000452684,-7.6838e-06,-0,0,0.00530185,0.000529592,0.000452684,-0.956451,-0.889625,-1.2304,-1.26362,1.46997,1.93185,-23.2885,-0.580347,-0.701457,-0.147347,-0.000529592,-0.000452684,-7.68377e-06,-0.0978666,-0.0969946,-0.528265,-0.53259,-0.000237285,5.68993e-07,0,0,True,True
1.325,-0,0,-0.00524532,0.000531872,0.000459465,0.90324,-0.895785,-1.23356,-1.26871,1.47964,1.93347,-23.4843,-0.58385,-0.699905,-0.147504,-0.000531872,-0.000459465,-7.64411e-06,-0,0,0.00557432,0.000531872,0.000459465,-0.95941,-0.895785,-1.23356,-1.26871,1.47964,1.93347,-23.4843,-0.58385,-0.699905,-0.147504,-0.000531872,-0.000459465,-7.64408e-06,-0.0980573,-0.0971731,-0.526633,-0.530994,-0.000153813,5.34896e-07,0,0,True,True
1.33,-0,0,-0.00549371,0.000534186,0.000466182,0.906044,-0.90196,-1.23632,-1.27371,1.48931,1.93436,-23.6801,-0.587346,-0.698046,-0.147647,-0.000534186,-0.000466182,-7.59063e-06,-0,0,0.00583825,0.000534186,0.000466182,-0.962387,-0.90196,-1.23632,-1.2737,1.48931,1.93436,-23.6802,-0.587346,-0.698046,-0.147647,-0.000534186,-0.000466182,-7.5906e-06,-0.0982404,-0.0973442,-0.524769,-0.529162,-7.03508e-05,5.0001e-07,0,0,True,True
1.335,-0,0,-0.005734,0.000536534,0.000472833,0.908863,-0.908148,-1.23866,-1.2786,1.49898,1.93454,-23.876,-0.590831,-0.695884,-0.147778,-0.000536534,-0.000472833,-7.52312e-06,-0,0,0.00609357,0.000536534,0.000472833,-0.96538,-0.908148,-1.23866,-1.2786,1.49898,1.93454,-23.876,-0.590831,-0.695884,-0.147778,-0.000536534,-0.000472833,-7.5231e-06,-0.098416,-0.0975076,-0.522678,-0.527103,1.30608e-05,4.64343e-07,0,0,True,True
1.34,-0,0,-0.00596616,0.000538915,0.000479413,0.911697,-0.914347,-1.2406,-1.2834,1.50865,1.93403,-24.0717,-0.594304,-0.693428,-0.147897,-0.000538915,-0.000479413,-7.44134e-06,-0,0,0.00634024,0.000538915,0.000479413,-0.968388,-0.914347,-1.2406,-1.28339,1.50865,1.93403,-24.0718,-0.594304,-0.693428,-0.147897,-0.000538915,-0.000479413,-7.44131e-06,-0.0985842,-0.0976636,-0.520367,-0.52482,9.63835e-05,4.27903e-07,0,0,True,True
1.345,-0,0,-0.00619014,0.000541328,0.000485918,0.914545,-0.920554,-1.24213,-1.28808,1.51832,1.93282,-24.2673,-0.597765,-0.690685,-0.148003,-0.000541328,-0.000485918,-7.34505e-06,-0,0,0.00657823,0.000541328,0.000485918,-0.971411,-0.920554,-1.24213,-1.28808,1.51832,1.93282,-24.2673,-0.597765,-0.690685,-0.148003,-0.000541328,-0.000485918,-7.34502e-06,-0.0987451,-0.0978123,-0.517841,-0.522321,0.00017958,3.90699e-07,0,0,True,True
1.35,-0,0,-0.00640591,0.000543774,0.000492342,0.917404,-0.926768,-1.24327,-1.29266,1.52798,1.93093,-24.4626,-0.601211,-0.68766,-0.148098,-0.000543774,-0.000492342,-7.23403e-06,-0,0,0.00680749,0.000543774,0.000492342,-0.974447,-0.926768,-1.24327,-1.29265,1.52798,1.93093,-24.4627,-0.601211,-0.68766,-0.148098,-0.000543774,-0.000492342,-7.234e-06,-0.0988988,-0.0979537,-0.515106,-0.519611,0.000262614,3.52741e-07,0,0,True,True
1.355,-0,0,-0.00661344,0.000546252,0.000498681,0.920275,-0.932987,-1.24402,-1.29713,1.53763,1.92838,-24.6577,-0.604642,-0.68436,-0.148182,-0.000546252,-0.000498681,-7.10806e-06,-0,0,0.007028,0.000546252,0.000498681,-0.977495,-0.932987,-1.24402,-1.29712,1.53763,1.92838,-24.6577,-0.604642,-0.68436,-0.148182,-0.000546252,-0.000498681,-7.10804e-06,-0.0990457,-0.0980883,-0.512168,-0.516695,0.00034545,3.14036e-07,0,0,True,True
1.36,-0,0,-0.00681272,0.000548761,0.000504929,0.923156,-0.939209,-1.24437,-1.30148,1.54726,1.92517,-24.8523,-0.608055,-0.680793,-0.148255,-0.000548761,-0.000504929,-6.96696e-06,-0,0,0.00723973,0.000548761,0.000504929,-0.980554,-0.939209,-1.24437,-1.30147,1.54726,1.92517,-24.8523,-0.608055,-0.680793,-0.148255,-0.000548761,-0.000504929,-6.96694e-06,-0.0991858,-0.0982161,-0.509033,-0.51358,0.000428054,2.74596e-07,0,0,True,True
1.365,-0,0,-0.00700372,0.000551301,0.000511083,0.926046,-0.945431,-1.24434,-1.30571,1.55688,1.92131,-25.0465,-0.61145,-0.676965,-0.148317,-0.000551301,-0.000511083,-6.81055e-06,-0,0,0.00744268,0.000551301,0.000511083,-0.983623,-0.945431,-1.24434,-1.3057,1.55688,1.92131,-25.0465,-0.61145,-0.676965,-0.148317,-0.000551301,-0.000511083,-6.81053e-06,-0.0993196,-0.0983376,-0.505707,-0.510272,0.000510394,2.34428e-07,0,0,True,True
1.37,-0,0,-0.00718644,0.000553872,0.000517135,0.928943,-0.951652,-1.24393,-1.30982,1.56648,1.91681,-25.2402,-0.614825,-0.672882,-0.14837,-0.000553872,-0.000517135,-6.63865e-06,-0,0,0.00763682,0.000553872,0.000517135,-0.986699,-0.951652,-1.24393,-1.30981,1.56648,1.91681,-25.2402,-0.614825,-0.672882,-0.14837,-0.000553872,-0.000517135,-6.63862e-06,-0.0994474,-0.098453,-0.502194,-0.506775,0.000592439,1.93545e-07,0,0,True,True
1.375,-0,0,-0.00736087,0.000556472,0.000523081,0.931847,-0.95787,-1.24314,-1.31381,1.57605,1.91169,-25.4333,-0.618178,-0.668552,-0.148414,-0.000556472,-0.000523081,-6.45111e-06,-0,0,0.00782215,0.000556472,0.000523081,-0.989783,-0.95787,-1.24314,-1.3138,1.57605,1.91169,-25.4333,-0.618178,-0.668552,-0.148414,-0.000556472,-0.000523081,-6.45108e-06,-0.0995696,-0.0985628,-0.498502,-0.503096,0.000674156,1.51955e-07,0,0,True,True
1.38,-0,0,-0.00752701,0.000559102,0.000528915,0.934757,-0.964083,-1.24197,-1.31767,1.58559,1.90595,-25.6258,-0.62151,-0.66398,-0.148449,-0.000559102,-0.000528915,-6.24779e-06,-0,0,0.00799867,0.000559102,0.000528915,-0.992873,-0.964083,-1.24197,-1.31766,1.58559,1.90595,-25.6258,-0.62151,-0.66398,-0.148449,-0.000559102,-0.000528915,-6.24777e-06,-0.0996866,-0.0986674,-0.494636,-0.499241,0.000755517,1.0967e-07,0,0,True,True
1.385,-0,0,-0.00768486,0.000561761,0.000534632,0.937671,-0.97029,-1.24043,-1.3214,1.59511,1.8996,-25.8175,-0.624818,-0.659174,-0.148477,-0.000561761,-0.000534632,-6.02859e-06,-0,0,0.00816638,0.000561761,0.000534632,-0.995968,-0.97029,-1.24043,-1.32139,1.59511,1.8996,-25.8176,-0.624818,-0.659174,-0.148477,-0.000561761,-0.000534632,-6.02857e-06,-0.0997987,-0.0987672,-0.490601,-0.495215,0.000836494,6.67019e-08,0,0,True,True
1.39,-0,0,-0.00783442,0.000564449,0.000540224,0.940589,-0.976488,-1.23852,-1.325,1.60459,1.89266,-26.0085,-0.628102,-0.65414,-0.148498,-0.000564449,-0.000540224,-5.7934e-06,-0,0,0.00832528,0.000564449,0.000540224,-0.999067,-0.976488,-1.23852,-1.32499,1.60459,1.89266,-26.0085,-0.628102,-0.65414,-0.148498,-0.000564449,-0.000540224,-5.79338e-06,-0.0999066,-0.0988627,-0.486403,-0.491023,0.000917057,2.30613e-08,0,0,True,True
1.395,-0,0,-0.0079757,0.000567164,0.000545685,0.943508,-0.982675,-1.23624,-1.32846,1.61403,1.88512,-26.1987,-0.63136,-0.648884,-0.148514,-0.000567164,-0.000545685,-5.54213e-06,-0,0,0.00847538,0.000567164,0.000545685,-1.00217,-0.982675,-1.23624,-1.32846,1.61403,1.88512,-26.1987,-0.63136,-0.648884,-0.148514,-0.000567164,-0.000545685,-5.54212e-06,-0.100011,-0.0989543,-0.482047,-0.486672,0.000997182,-2.12392e-08,0,0,True,True
1.4,-0,0,-0.00810872,0.000569905,0.00055101,0.946429,-0.98885,-1.23359,-1.33179,1.62344,1.87701,-26.3879,-0.634591,-0.643414,-0.148524,-0.000569905,-0.00055101,-5.27474e-06,-0,0,0.0086167,0.000569905,0.00055101,-1.00527,-0.98885,-1.23359,-1.33178,1.62344,1.87701,-26.3879,-0.634591,-0.643414,-0.148524,-0.000569905,-0.00055101,-5.27472e-06,-0.100111,-0.0990427,-0.47754,-0.482166,0.00107684,-6.61869e-08,0,0,True,True
1.405,-0,0,-0.00823348,0.000572674,0.000556192,0.94935,-0.995011,-1.23059,-1.33498,1.6328,1.86832,-26.5762,-0.637794,-0.637736,-0.148529,-0.000572674,-0.000556192,-4.99116e-06,-0,0,0.00874925,0.000572674,0.000556192,-1.00837,-0.995011,-1.23059,-1.33497,1.6328,1.86832,-26.5762,-0.637794,-0.637736,-0.148529,-0.000572674,-0.000556192,-4.99115e-06,-0.100209,-0.0991282,-0.472887,-0.477512,0.00115601,-1.11769e-07,0,0,True,True
1.41,-0,0,-0.00835002,0.000575467,0.000561223,0.952269,-1.00116,-1.22722,-1.33803,1.64212,1.85907,-26.7634,-0.640968,-0.631856,-0.148532,-0.000575467,-0.000561223,-4.6914e-06,-0,0,0.00887305,0.000575467,0.000561223,-1.01147,-1.00116,-1.22722,-1.33802,1.64212,1.85907,-26.7634,-0.640968,-0.631856,-0.148532,-0.000575467,-0.000561223,-4.69139e-06,-0.100305,-0.0992116,-0.468092,-0.472714,0.00123467,-1.57971e-07,0,0,True,True
1.415,-0,0,-0.00845836,0.000578286,0.000566097,0.955186,-1.00728,-1.22349,-1.34093,1.6514,1.84927,-26.9496,-0.644112,-0.625781,-0.148532,-0.000578286,-0.000566097,-4.37545e-06,-0,0,0.00898813,0.000578286,0.000566097,-1.01457,-1.00728,-1.22349,-1.34092,1.6514,1.84927,-26.9496,-0.644112,-0.625781,-0.148532,-0.000578286,-0.000566097,-4.37543e-06,-0.100399,-0.0992933,-0.463163,-0.467778,0.00131279,-2.04779e-07,0,0,True,True
1.42,-0,0,-0.00855851,0.000581128,0.000570807,0.9581,-1.01339,-1.21941,-1.34369,1.66062,1.83893,-27.1346,-0.647226,-0.619517,-0.14853,-0.000581128,-0.000570807,-4.04333e-06,-0,0,0.00909452,0.000581128,0.000570807,-1.01767,-1.01339,-1.21941,-1.34368,1.66062,1.83893,-27.1346,-0.647226,-0.619517,-0.14853,-0.000581128,-0.000570807,-4.04331e-06,-0.100492,-0.0993738,-0.458103,-0.46271,0.00139035,-2.52179e-07,0,0,True,True
1.425,-0,0,-0.00865051,0.000583994,0.000575346,0.961008,-1.01948,-1.21497,-1.3463,1.66978,1.82804,-27.3184,-0.650308,-0.613072,-0.148528,-0.000583994,-0.000575346,-3.69509e-06,-0,0,0.00919224,0.000583994,0.000575346,-1.02076,-1.01948,-1.21497,-1.3463,1.66978,1.82804,-27.3184,-0.650308,-0.613072,-0.148528,-0.000583994,-0.000575346,-3.69508e-06,-0.100585,-0.0994539,-0.452919,-0.457515,0.00146732,-3.00155e-07,0,0,True,True
1.43,-0,0,-0.0087344,0.000586882,0.000579706,0.963912,-1.02554,-1.21018,-1.34876,1.6789,1.81663,-27.5009,-0.653357,-0.60645,-0.148526,-0.000586882,-0.000579706,-3.33081e-06,-0,0,0.00928134,0.000586882,0.000579706,-1.02384,-1.02554,-1.21018,-1.34876,1.6789,1.81663,-27.5009,-0.653357,-0.60645,-0.148526,-0.000586882,-0.000579706,-3.3308e-06,-0.100677,-0.099534,-0.447616,-0.452199,0.0015437,-3.48691e-07,0,0,True,True
1.435,-0,0,-0.00881022,0.000589791,0.000583879,0.966808,-1.03158,-1.20504,-1.35108,1.68795,1.8047,-27.6821,-0.656372,-0.59966,-0.148526,-0.000589791,-0.000583879,-2.95058e-06,-0,0,0.00936185,0.000589791,0.000583879,-1.02692,-1.03158,-1.20504,-1.35107,1.68795,1.8047,-27.6821,-0.656372,-0.59966,-0.148526,-0.000589791,-0.000583879,-2.95057e-06,-0.10077,-0.0996147,-0.442198,-0.446766,0.00161945,-3.9777e-07,0,0,True,True
1.44,-0,0,-0.00887799,0.000592721,0.000587859,0.969696,-1.03759,-1.19954,-1.35324,1.69694,1.79225,-27.8619,-0.659353,-0.592708,-0.148527,-0.000592721,-0.000587859,-2.55452e-06,-0,0,0.00943382,0.000592721,0.000587859,-1.02999,-1.03759,-1.19954,-1.35323,1.69694,1.79225,-27.8619,-0.659353,-0.592708,-0.148527,-0.000592721,-0.000587859,-2.55451e-06,-0.100865,-0.0996967,-0.436672,-0.441222,0.00169457,-4.47375e-07,0,0,True,True
1.445,-0,0,-0.00893778,0.00059567,0.000591636,0.972576,-1.04357,-1.1937,-1.35525,1.70587,1.7793,-28.0402,-0.662299,-0.585599,-0.148532,-0.00059567,-0.000591636,-2.14278e-06,-0,0,0.0094973,0.00059567,0.000591636,-1.03305,-1.04357,-1.1937,-1.35524,1.70587,1.7793,-28.0402,-0.662299,-0.585599,-0.148532,-0.00059567,-0.000591636,-2.14277e-06,-0.100961,-0.0997804,-0.431043,-0.435571,0.00176902,-4.97488e-07,0,0,True,True
1.45,-0,0,-0.00898963,0.000598637,0.000595204,0.975445,-1.04953,-1.18752,-1.3571,1.71474,1.76586,-28.2171,-0.665209,-0.578341,-0.14854,-0.000598637,-0.000595204,-1.71554e-06,-0,0,0.00955234,0.000598637,0.000595204,-1.0361,-1.04953,-1.18752,-1.35709,1.71474,1.76586,-28.2171,-0.665209,-0.578341,-0.14854,-0.000598637,-0.000595204,-1.71553e-06,-0.101059,-0.0998664,-0.425315,-0.429821,0.00184279,-5.4809e-07,0,0,True,True
1.455,-0,0,-0.00903359,0.000601622,0.000598554,0.978303,-1.05545,-1.18098,-1.3588,1.72353,1.75192,-28.3924,-0.668083,-0.570939,-0.148553,-0.000601622,-0.000598554,-1.27298e-06,-0,0,0.00959899,0.000601622,0.000598554,-1.03914,-1.05545,-1.18098,-1.35879,1.72353,1.75192,-28.3924,-0.668083,-0.570939,-0.148553,-0.000601622,-0.000598554,-1.27297e-06,-0.101161,-0.0999554,-0.419495,-0.423974,0.00191587,-5.99161e-07,0,0,True,True
1.46,-0,0,-0.00906972,0.000604623,0.000601679,0.981148,-1.06134,-1.1741,-1.36034,1.73226,1.7375,-28.5661,-0.670919,-0.563401,-0.148572,-0.000604623,-0.000601679,-8.15348e-07,-0,0,0.00963732,0.000604623,0.000601679,-1.04216,-1.06134,-1.1741,-1.36033,1.73226,1.7375,-28.5661,-0.670919,-0.563401,-0.148572,-0.000604623,-0.000601679,-8.1534e-07,-0.101265,-0.100048,-0.413586,-0.418038,0.00198823,-6.50683e-07,0,0,True,True
1.465,-0,0,-0.00909809,0.000607638,0.000604569,0.98398,-1.06719,-1.16688,-1.36172,1.74091,1.72261,-28.7381,-0.673717,-0.555733,-0.148597,-0.000607638,-0.000604569,-3.42886e-07,-0,0,0.00966739,0.000607638,0.000604569,-1.04517,-1.06719,-1.16688,-1.36172,1.74091,1.72261,-28.7381,-0.673717,-0.555733,-0.148597,-0.000607638,-0.000604569,-3.42878e-07,-0.101374,-0.100144,-0.407594,-0.412015,0.00205986,-7.02632e-07,0,0,True,True
1.47,-0,0,-0.00911876,0.000610668,0.000607216,0.986797,-1.07301,-1.15931,-1.36295,1.74948,1.70725,-28.9084,-0.676476,-0.547941,-0.14863,-0.000610668,-0.000607216,1.44124e-07,-0,0,0.00968928,0.000610668,0.000607216,-1.04817,-1.07301,-1.15931,-1.36294,1.74948,1.70725,-28.9084,-0.676476,-0.547941,-0.14863,-0.000610668,-0.000607216,1.44132e-07,-0.101487,-0.100245,-0.401525,-0.405913,0.00213075,-7.54988e-07,0,0,True,True
1.475,-0,0,-0.00913181,0.000613711,0.000609613,0.989599,-1.07878,-1.1514,-1.36401,1.75798,1.69143,-29.077,-0.679196,-0.540031,-0.14867,-0.000613711,-0.000609613,6.45376e-07,-0,0,0.00970306,0.000613711,0.000609613,-1.05115,-1.07878,-1.1514,-1.36401,1.75798,1.69143,-29.077,-0.679196,-0.540031,-0.14867,-0.000613711,-0.000609613,6.45382e-07,-0.101605,-0.10035,-0.395382,-0.399735,0.00220087,-8.07728e-07,0,0,True,True
1.48,-0,0,-0.00913731,0.000616764,0.000611751,0.992384,-1.08452,-1.14315,-1.36492,1.7664,1.67516,-29.2437,-0.681876,-0.532009,-0.148719,-0.000616764,-0.000611751,1.16054e-06,-0,0,0.00970881,0.000616764,0.000611751,-1.05411,-1.08452,-1.14315,-1.36492,1.7664,1.67516,-29.2437,-0.681876,-0.532009,-0.14872,-0.000616764,-0.000611751,1.16054e-06,-0.101729,-0.100461,-0.389171,-0.393486,0.00227022,-8.60828e-07,0,0,True,True
1.485,-0,0,-0.00913535,0.000619828,0.00061362,0.995151,-1.09022,-1.13456,-1.36567,1.77473,1.65845,-29.4086,-0.684516,-0.523883,-0.148779,-0.000619828,-0.00061362,1.68926e-06,-0,0,0.00970664,0.000619828,0.00061362,-1.05705,-1.09022,-1.13456,-1.36567,1.77473,1.65845,-29.4086,-0.684516,-0.523883,-0.148779,-0.000619828,-0.00061362,1.68926e-06,-0.101859,-0.100579,-0.382897,-0.387172,0.00233878,-9.14265e-07,0,0,True,True
1.49,-0,0,-0.00912603,0.000622901,0.000615214,0.997899,-1.09587,-1.12563,-1.36626,1.78298,1.64129,-29.5715,-0.687115,-0.515659,-0.148848,-0.000622901,-0.000615214,2.23116e-06,-0,0,0.00969664,0.000622901,0.000615214,-1.05998,-1.09587,-1.12563,-1.36626,1.78298,1.64129,-29.5716,-0.687115,-0.515659,-0.148848,-0.000622901,-0.000615214,2.23116e-06,-0.101995,-0.100702,-0.376564,-0.380798,0.00240654,-9.68012e-07,0,0,True,True
1.495,-0,0,-0.00910944,0.00062598,0.000616523,1.00063,-1.10147,-1.11636,-1.3667,1.79114,1.6237,-29.7326,-0.689673,-0.507341,-0.148929,-0.00062598,-0.000616523,2.78582e-06,-0,0,0.00967891,0.00062598,0.000616523,-1.06288,-1.10147,-1.11636,-1.36669,1.79114,1.6237,-29.7326,-0.689673,-0.507341,-0.148929,-0.00062598,-0.000616523,2.78583e-06,-0.102138,-0.100833,-0.370177,-0.374367,0.00247347,-1.02204e-06,0,0,True,True
1.5,-0,0,-0.00908568,0.000629066,0.000617539,1.00333,-1.10703,-1.10675,-1.36697,1.79922,1.60569,-29.8916,-0.692188,-0.498938,-0.149022,-0.000629066,-0.000617539,3.3528e-06,-0,0,0.00965356,0.000629066,0.000617539,-1.06576,-1.10703,-1.10675,-1.36697,1.79922,1.60569,-29.8916,-0.692188,-0.498938,-0.149022,-0.000629066,-0.000617539,3.35281e-06,-0.102289,-0.100971,-0.363742,-0.367885,0.00253958,-1.07633e-06,0,0,True,True
1.505,-0,0,-0.00905487,0.000632156,0.000618253,1.00602,-1.11254,-1.09681,-1.36709,1.8072,1.58726,-30.0485,-0.694662,-0.490455,-0.149127,-0.000632156,-0.000618253,3.93163e-06,-0,0,0.0096207,0.000632156,0.000618253,-1.06862,-1.11254,-1.09681,-1.36709,1.8072,1.58726,-30.0485,-0.694662,-0.490455,-0.149127,-0.000632156,-0.000618253,3.93164e-06,-0.102448,-0.101117,-0.357261,-0.361356,0.00260484,-1.13085e-06,0,0,True,True
1.51,-0,0,-0.00901711,0.000635248,0.000618658,1.00868,-1.118,-1.08653,-1.36705,1.81509,1.56842,-30.2034,-0.697093,-0.481897,-0.149244,-0.000635248,-0.000618658,4.52181e-06,-0,0,0.00958045,0.000635248,0.000618658,-1.07145,-1.118,-1.08653,-1.36705,1.81509,1.56842,-30.2034,-0.697093,-0.481897,-0.149244,-0.000635248,-0.000618658,4.52181e-06,-0.102614,-0.101271,-0.350741,-0.354785,0.00266924,-1.18557e-06,0,0,True,True
1.515,-0,0,-0.00897254,0.000638342,0.000618744,1.01132,-1.1234,-1.07591,-1.36686,1.82289,1.54918,-30.3561,-0.699481,-0.473272,-0.149375,-0.000638342,-0.000618744,5.12281e-06,-0,0,0.00953296,0.000638342,0.000618744,-1.07426,-1.1234,-1.07591,-1.36686,1.82289,1.54918,-30.3561,-0.699481,-0.473272,-0.149375,-0.000638342,-0.000618744,5.12282e-06,-0.102789,-0.101433,-0.344185,-0.348177,0.00273278,-1.24046e-06,0,0,True,True
1.52,-0,0,-0.00892127,0.000641436,0.000618503,1.01393,-1.12876,-1.06495,-1.36651,1.83058,1.52954,-30.5067,-0.701826,-0.464584,-0.149519,-0.000641436,-0.000618503,5.7341e-06,-0,0,0.00947836,0.000641436,0.000618503,-1.07704,-1.12876,-1.06495,-1.36651,1.83058,1.52954,-30.5067,-0.701826,-0.464584,-0.149519,-0.000641436,-0.000618503,5.7341e-06,-0.102972,-0.101603,-0.337598,-0.341536,0.00279544,-1.29549e-06,0,0,True,True
1.525,-0,0,-0.00886346,0.000644527,0.000617928,1.01652,-1.13405,-1.05366,-1.36601,1.83818,1.5095,-30.655,-0.704127,-0.455841,-0.149677,-0.000644527,-0.000617928,6.35509e-06,-0,0,0.00941679,0.000644527,0.000617928,-1.07979,-1.13405,-1.05366,-1.36601,1.83818,1.5095,-30.655,-0.704127,-0.455841,-0.149677,-0.000644527,-0.000617928,6.35509e-06,-0.103164,-0.101783,-0.330984,-0.334866,0.0028572,-1.35063e-06,0,0,True,True
1.53,-0,0,-0.00879925,0.000647615,0.000617011,1.01908,-1.13929,-1.04204,-1.36537,1.84568,1.48909,-30.8011,-0.706384,-0.447047,-0.149849,-0.000647615,-0.000617011,6.9852e-06,-0,0,0.00934841,0.000647615,0.000617011,-1.08252,-1.13929,-1.04204,-1.36536,1.84568,1.48909,-30.8011,-0.706384,-0.447047,-0.149849,-0.000647615,-0.000617011,6.9852e-06,-0.103364,-0.101971,-0.324347,-0.328171,0.00291806,-1.40585e-06,0,0,True,True
1.535,-0,0,-0.0087288,0.000650697,0.000615742,1.02161,-1.14447,-1.03008,-1.36457,1.85307,1.46829,-30.9449,-0.708597,-0.438209,-0.150036,-0.000650697,-0.000615742,7.6238e-06,-0,0,0.00927339,0.000650697,0.000615742,-1.08521,-1.14447,-1.03008,-1.36457,1.85307,1.46829,-30.9449,-0.708597,-0.438209,-0.150036,-0.000650697,-0.000615742,7.6238e-06,-0.103574,-0.102168,-0.317692,-0.321456,0.00297801,-1.46111e-06,0,0,True,True
1.54,-0,0,-0.00865227,0.000653772,0.000614116,1.02411,-1.14959,-1.01779,-1.36363,1.86036,1.44712,-31.0864,-0.710766,-0.429332,-0.150237,-0.000653772,-0.000614116,8.27026e-06,-0,0,0.00919191,0.000653772,0.000614116,-1.08787,-1.14959,-1.01779,-1.36362,1.86036,1.44712,-31.0864,-0.710766,-0.429332,-0.150237,-0.000653772,-0.000614116,8.27026e-06,-0.103793,-0.102374,-0.311022,-0.314725,0.00303703,-1.51638e-06,0,0,True,True
1.545,-0,0,-0.00856984,0.000656839,0.000612124,1.02658,-1.15465,-1.00517,-1.36254,1.86754,1.42559,-31.2256,-0.712891,-0.420422,-0.150453,-0.000656839,-0.000612124,8.9239e-06,-0,0,0.00910415,0.000656839,0.000612124,-1.09051,-1.15465,-1.00517,-1.36254,1.86754,1.42559,-31.2256,-0.712891,-0.420422,-0.150453,-0.000656839,-0.000612124,8.9239e-06,-0.104022,-0.102589,-0.304341,-0.307982,0.00309512,-1.57162e-06,0,0,True,True
1.55,-0,0,-0.00848169,0.000659894,0.000609759,1.02902,-1.15965,-0.992219,-1.36132,1.87462,1.4037,-31.3623,-0.71497,-0.411484,-0.150684,-0.000659894,-0.000609759,9.58405e-06,-0,0,0.00901031,0.000659894,0.000609759,-1.09311,-1.15965,-0.992219,-1.36131,1.87462,1.4037,-31.3623,-0.71497,-0.411484,-0.150684,-0.000659894,-0.000609759,9.58405e-06,-0.104259,-0.102814,-0.297654,-0.301231,0.00315226,-1.6268e-06,0,0,True,True
1.555,-0,0,-0.008388,0.000662936,0.000607014,1.03143,-1.16457,-0.978938,-1.35996,1.88158,1.38146,-31.4966,-0.717005,-0.402524,-0.150929,-0.000662936,-0.000607014,1.025e-05,-0,0,0.00891058,0.000662936,0.000607014,-1.09567,-1.16457,-0.978938,-1.35995,1.88158,1.38146,-31.4967,-0.717005,-0.402524,-0.150929,-0.000662936,-0.000607014,1.025e-05,-0.104506,-0.103048,-0.290964,-0.294475,0.00320845,-1.68188e-06,0,0,True,True
1.56,-0,0,-0.008289,0.000665964,0.000603883,1.03381,-1.16944,-0.965329,-1.35846,1.88843,1.35888,-31.6285,-0.718996,-0.393547,-0.15119,-0.000665964,-0.000603883,1.0921e-05,-0,0,0.00880519,0.000665964,0.000603883,-1.09821,-1.16944,-0.965329,-1.35846,1.88843,1.35888,-31.6285,-0.718996,-0.393547,-0.15119,-0.000665964,-0.000603883,1.0921e-05,-0.104762,-0.103291,-0.284275,-0.287719,0.00326367,-1.73682e-06,0,0,True,True
1.565,-0,0,-0.00818488,0.000668975,0.000600359,1.03615,-1.17423,-0.951393,-1.35684,1.89517,1.33595,-31.7579,-0.720941,-0.384557,-0.151465,-0.000668975,-0.000600359,1.15964e-05,-0,0,0.00869436,0.000668975,0.000600359,-1.1007,-1.17423,-0.951393,-1.35684,1.89517,1.33595,-31.758,-0.720941,-0.384557,-0.151465,-0.000668975,-0.000600359,1.15964e-05,-0.105027,-0.103544,-0.27759,-0.280966,0.00331792,-1.79158e-06,0,0,True,True
1.57,-0,0,-0.00807586,0.000671967,0.000596436,1.03846,-1.17895,-0.937131,-1.35509,1.90179,1.31269,-31.8848,-0.722841,-0.375561,-0.151754,-0.000671967,-0.000596436,1.22753e-05,-0,0,0.00857832,0.000671967,0.000596436,-1.10316,-1.17895,-0.937131,-1.35509,1.90179,1.31269,-31.8849,-0.722841,-0.375561,-0.151754,-0.000671967,-0.000596436,1.22753e-05,-0.105302,-0.103805,-0.270913,-0.27422,0.00337118,-1.84613e-06,0,0,True,True
1.575,-0,0,-0.00796219,0.000674939,0.000592108,1.04073,-1.1836,-0.922546,-1.35322,1.9083,1.28911,-32.0092,-0.724697,-0.366563,-0.152058,-0.000674939,-0.000592108,1.2957e-05,-0,0,0.00845733,0.000674939,0.000592108,-1.10558,-1.1836,-0.922546,-1.35322,1.9083,1.28911,-32.0092,-0.724697,-0.366563,-0.152058,-0.000674939,-0.000592108,1.2957e-05,-0.105585,-0.104075,-0.264247,-0.267483,0.00342346,-1.90042e-06,0,0,True,True
1.58,-0,0,-0.0078441,0.000677889,0.000587371,1.04296,-1.18817,-0.907639,-1.35124,1.91468,1.26521,-32.131,-0.726507,-0.357568,-0.152376,-0.000677889,-0.000587371,1.36407e-05,-0,0,0.00833163,0.000677889,0.000587371,-1.10797,-1.18817,-0.907639,-1.35123,1.91468,1.26521,-32.1311,-0.726507,-0.357568,-0.152376,-0.000677889,-0.000587371,1.36407e-05,-0.105877,-0.104354,-0.257595,-0.26076,0.00347473,-1.95442e-06,0,0,True,True
1.585,-0,0,-0.00772184,0.000680813,0.000582219,1.04516,-1.19268,-0.892412,-1.34914,1.92095,1.24099,-32.2503,-0.728272,-0.348579,-0.152707,-0.000680813,-0.000582219,1.43256e-05,-0,0,0.0082015,0.000680813,0.000582219,-1.11031,-1.19268,-0.892412,-1.34914,1.92095,1.24099,-32.2503,-0.728272,-0.348579,-0.152707,-0.000680813,-0.000582219,1.43256e-05,-0.106177,-0.104642,-0.25096,-0.254053,0.00352499,-2.00807e-06,0,0,True,True
1.59,-0,0,-0.00759567,0.000683711,0.000576648,1.04732,-1.1971,-0.876867,-1.34694,1.92709,1.21647,-32.367,-0.729993,-0.339603,-0.153052,-0.000683711,-0.000576648,1.50109e-05,-0,0,0.00806722,0.000683711,0.000576648,-1.11261,-1.1971,-0.876867,-1.34694,1.92709,1.21647,-32.367,-0.729993,-0.339603,-0.153052,-0.000683711,-0.000576648,1.50108e-05,-0.106485,-0.104937,-0.244345,-0.247365,0.00357424,-2.06134e-06,0,0,True,True
1.595,-0,0,-0.00746587,0.000686579,0.000570653,1.04944,-1.20144,-0.861007,-1.34464,1.93311,1.19165,-32.481,-0.731668,-0.330642,-0.153409,-0.000686579,-0.000570653,1.56957e-05,-0,0,0.00792906,0.000686579,0.000570653,-1.11487,-1.20144,-0.861007,-1.34464,1.93311,1.19165,-32.481,-0.731668,-0.330642,-0.153409,-0.000686579,-0.000570653,1.56956e-05,-0.106801,-0.10524,-0.237753,-0.2407,0.00362245,-2.11419e-06,0,0,True,True
1.6,-0,0,-0.00733271,0.000689417,0.000564232,1.05152,-1.20571,-0.844833,-1.34225,1.93901,1.16653,-32.5924,-0.733299,-0.321702,-0.153778,-0.000689417,-0.000564232,1.63792e-05,-0,0,0.00778733,0.000689417,0.000564232,-1.11709,-1.20571,-0.844833,-1.34224,1.93901,1.16653,-32.5924,-0.733299,-0.321702,-0.153779,-0.000689417,-0.000564232,1.63792e-05,-0.107124,-0.10555,-0.231187,-0.23406,0.00366963,-2.16657e-06,0,0,True,True
1.605,-0,0,-0.00719648,0.000692222,0.000557382,1.05356,-1.20989,-0.828348,-1.33977,1.94478,1.14113,-32.7011,-0.734885,-0.312785,-0.154159,-0.000692222,-0.000557382,1.70605e-05,-0,0,0.00764234,0.000692222,0.000557382,-1.11927,-1.20989,-0.828348,-1.33976,1.94478,1.14113,-32.7012,-0.734885,-0.312785,-0.154159,-0.000692222,-0.000557382,1.70605e-05,-0.107454,-0.105868,-0.224649,-0.227447,0.00371577,-2.21844e-06,0,0,True,True
1.61,-0,0,-0.00705748,0.000694991,0.0005501,1.05556,-1.21399,-0.811556,-1.3372,1.95042,1.11545,-32.8072,-0.736427,-0.303896,-0.154551,-0.000694991,-0.0005501,1.77388e-05,-0,0,0.0074944,0.000694991,0.0005501,-1.1214,-1.21399,-0.811556,-1.3372,1.95042,1.11545,-32.8072,-0.736427,-0.303896,-0.154551,-0.000694991,-0.0005501,1.77388e-05,-0.10779,-0.106191,-0.218142,-0.220864,0.00376085,-2.26975e-06,0,0,True,True
1.615,-0,0,-0.00691603,0.000697723,0.000542384,1.05752,-1.21801,-0.794459,-1.33456,1.95593,1.0895,-32.9106,-0.737924,-0.295038,-0.154953,-0.000697723,-0.000542384,1.84133e-05,-0,0,0.00734384,0.000697723,0.000542384,-1.12349,-1.21801,-0.794459,-1.33456,1.95593,1.0895,-32.9106,-0.737924,-0.295038,-0.154953,-0.000697723,-0.000542384,1.84133e-05,-0.108133,-0.106521,-0.211667,-0.214314,0.00380488,-2.32046e-06,0,0,True,True
1.62,-0,0,-0.00677242,0.000700415,0.000534234,1.05943,-1.22194,-0.777061,-1.33186,1.96131,1.06328,-33.0113,-0.739377,-0.286214,-0.155364,-0.000700415,-0.000534234,1.9083e-05,-0,0,0.007191,0.000700415,0.000534234,-1.12554,-1.22194,-0.777061,-1.33185,1.96131,1.06328,-33.0114,-0.739377,-0.286214,-0.155364,-0.000700415,-0.000534234,1.9083e-05,-0.10848,-0.106856,-0.205227,-0.207798,0.00384783,-2.37053e-06,0,0,True,True
1.625,-0,0,-0.006627,0.000703065,0.000525648,1.0613,-1.22578,-0.759366,-1.32909,1.96656,1.03679,-33.1093,-0.740786,-0.277428,-0.155784,-0.000703065,-0.000525648,1.97471e-05,-0,0,0.00703621,0.000703065,0.000525648,-1.12753,-1.22578,-0.759366,-1.32909,1.96656,1.03679,-33.1093,-0.740786,-0.277428,-0.155784,-0.000703065,-0.000525648,1.97471e-05,-0.108832,-0.107195,-0.198824,-0.201319,0.00388972,-2.4199e-06,0,0,True,True
1.63,-0,0,-0.00648008,0.000705671,0.000516627,1.06313,-1.22953,-0.741376,-1.32627,1.97168,1.01006,-33.2046,-0.742152,-0.268682,-0.156211,-0.000705671,-0.000516627,2.04047e-05,-0,0,0.00687984,0.000705671,0.000516627,-1.12948,-1.22953,-0.741376,-1.32627,1.97168,1.01006,-33.2046,-0.742152,-0.268682,-0.156211,-0.000705671,-0.000516627,2.04047e-05,-0.109188,-0.107539,-0.192459,-0.194877,0.00393052,-2.46853e-06,0,0,True,True
1.635,-0,0,-0.00633201,0.000708231,0.000507172,1.06491,-1.23319,-0.723097,-1.3234,1.97667,0.983076,-33.2971,-0.743473,-0.259979,-0.156645,-0.000708231,-0.000507172,2.1055e-05,-0,0,0.00672225,0.000708231,0.000507172,-1.13138,-1.23319,-0.723097,-1.3234,1.97667,0.983076,-33.2972,-0.743473,-0.259979,-0.156645,-0.000708231,-0.000507172,2.1055e-05,-0.109548,-0.107886,-0.186134,-0.188476,0.00397023,-2.51638e-06,0,0,True,True
1.64,-0,0,-0.00618312,0.000710743,0.000497284,1.06664,-1.23676,-0.704532,-1.3205,1.98151,0.955854,-33.387,-0.744751,-0.251322,-0.157084,-0.000710743,-0.000497284,2.1697e-05,-0,0,0.00656379,0.000710743,0.000497284,-1.13324,-1.23676,-0.704532,-1.3205,1.98151,0.955854,-33.387,-0.744751,-0.251322,-0.157084,-0.000710743,-0.000497284,2.1697e-05,-0.10991,-0.108236,-0.179851,-0.182116,0.00400884,-2.56339e-06,0,0,True,True
1.645,-0,0,-0.00603378,0.000713204,0.000486965,1.06833,-1.24024,-0.685686,-1.31757,1.98622,0.928398,-33.474,-0.745986,-0.242712,-0.157528,-0.000713204,-0.000486965,2.23299e-05,-0,0,0.00640484,0.000713204,0.000486965,-1.13504,-1.24024,-0.685686,-1.31756,1.98622,0.928398,-33.474,-0.745986,-0.242712,-0.157528,-0.000713204,-0.000486965,2.23299e-05,-0.110273,-0.108587,-0.17361,-0.175798,0.00404634,-2.60953e-06,0,0,True,True
1.65,-0,0,-0.00588434,0.000715613,0.000476218,1.06997,-1.24362,-0.666564,-1.31461,1.9908,0.900715,-33.5583,-0.747178,-0.234152,-0.157975,-0.000715613,-0.000476218,2.29528e-05,-0,0,0.00624577,0.000715613,0.000476218,-1.13679,-1.24362,-0.666564,-1.31461,1.9908,0.900715,-33.5583,-0.747178,-0.234152,-0.157975,-0.000715613,-0.000476218,2.29528e-05,-0.110638,-0.10894,-0.167412,-0.169525,0.00408274,-2.65475e-06,0,0,True,True
1.655,-0,0,-0.00573514,0.000717966,0.000465046,1.07157,-1.2469,-0.647171,-1.31164,1.99523,0.872813,-33.6399,-0.748328,-0.225643,-0.158424,-0.000717966,-0.000465046,2.35649e-05,-0,0,0.00608698,0.000717966,0.000465046,-1.1385,-1.2469,-0.647171,-1.31164,1.99523,0.872813,-33.6399,-0.748328,-0.225643,-0.158424,-0.000717966,-0.000465046,2.35649e-05,-0.111003,-0.109293,-0.161259,-0.163295,0.00411802,-2.69901e-06,0,0,True,True
1.66,-0,0,-0.00558657,0.000720263,0.000453455,1.07311,-1.25009,-0.627512,-1.30867,1.99953,0.844698,-33.7186,-0.749435,-0.217186,-0.158874,-0.000720263,-0.000453455,2.41653e-05,-0,0,0.00592884,0.000720263,0.000453455,-1.14015,-1.25009,-0.627512,-1.30867,1.99953,0.844698,-33.7186,-0.749435,-0.217186,-0.158875,-0.000720263,-0.000453455,2.41653e-05,-0.111367,-0.109645,-0.155152,-0.157112,0.00415217,-2.74224e-06,0,0,True,True
1.665,-0,0,-0.00543897,0.000722501,0.000441449,1.07461,-1.25318,-0.607594,-1.3057,2.00368,0.816377,-33.7946,-0.7505,-0.208783,-0.159325,-0.000722501,-0.000441449,2.47532e-05,-0,0,0.00577175,0.000722501,0.000441449,-1.14175,-1.25318,-0.607594,-1.3057,2.00368,0.816377,-33.7946,-0.7505,-0.208783,-0.159325,-0.000722501,-0.000441449,2.47532e-05,-0.111729,-0.109997,-0.14909,-0.150974,0.00418519,-2.78443e-06,0,0,True,True
1.67,-0,0,-0.00529272,0.000724678,0.000429034,1.07605,-1.25617,-0.587421,-1.30274,2.00769,0.787857,-33.8679,-0.751523,-0.200435,-0.159773,-0.000724678,-0.000429034,2.53278e-05,-0,0,0.00561609,0.000724678,0.000429034,-1.1433,-1.25617,-0.587421,-1.30274,2.00769,0.787857,-33.8679,-0.751523,-0.200435,-0.159773,-0.000724678,-0.000429034,2.53277e-05,-0.112089,-0.110345,-0.143074,-0.144883,0.00421708,-2.8255e-06,0,0,True,True
1.675,-0,0,-0.00514819,0.000726791,0.000416217,1.07745,-1.25905,-0.567002,-1.29981,2.01156,0.759145,-33.9383,-0.752504,-0.192143,-0.160219,-0.000726791,-0.000416217,2.58881e-05,-0,0,0.00546225,0.000726791,0.000416217,-1.14479,-1.25905,-0.567002,-1.2998,2.01156,0.759145,-33.9383,-0.752504,-0.192143,-0.160219,-0.000726791,-0.000416217,2.58881e-05,-0.112446,-0.110691,-0.137104,-0.138838,0.00424782,-2.86544e-06,0,0,True,True
1.68,-0,0,-0.00500573,0.00072884,0.000403005,1.0788,-1.26184,-0.546341,-1.2969,2.01528,0.730247,-34.006,-0.753444,-0.183906,-0.160661,-0.00072884,-0.000403005,2.64335e-05,-0,0,0.00531063,0.00072884,0.000403005,-1.14623,-1.26184,-0.546341,-1.29689,2.01528,0.730247,-34.006,-0.753444,-0.183906,-0.160661,-0.00072884,-0.000403005,2.64334e-05,-0.112798,-0.111033,-0.131181,-0.13284,0.00427741,-2.90418e-06,0,0,True,True
1.685,-0,0,-0.00486572,0.000730821,0.000389407,1.08009,-1.26452,-0.525446,-1.29403,2.01886,0.701172,-34.0709,-0.754343,-0.175726,-0.161097,-0.000730821,-0.000389407,2.6963e-05,-0,0,0.0051616,0.000730821,0.000389407,-1.14762,-1.26452,-0.525446,-1.29402,2.01886,0.701172,-34.0709,-0.754343,-0.175726,-0.161097,-0.000730821,-0.000389407,2.6963e-05,-0.113145,-0.111369,-0.125303,-0.126888,0.00430584,-2.94169e-06,0,0,True,True
1.69,-0,0,-0.00472851,0.000732734,0.000375431,1.08134,-1.26709,-0.504324,-1.2912,2.02229,0.671925,-34.133,-0.755201,-0.167602,-0.161527,-0.000732734,-0.000375431,2.74761e-05,-0,0,0.00501556,0.000732734,0.000375431,-1.14895,-1.26709,-0.504324,-1.2912,2.02229,0.671925,-34.133,-0.755201,-0.167602,-0.161527,-0.000732734,-0.000375431,2.74761e-05,-0.113486,-0.1117,-0.119472,-0.120983,0.00433311,-2.97793e-06,0,0,True,True
1.695,-0,0,-0.00459447,0.000734576,0.000361087,1.08253,-1.26956,-0.482982,-1.28843,2.02558,0.642515,-34.1924,-0.756019,-0.159533,-0.161949,-0.000734576,-0.000361087,2.79718e-05,-0,0,0.00487289,0.000734576,0.000361087,-1.15022,-1.26956,-0.482982,-1.28843,2.02558,0.642515,-34.1924,-0.756019,-0.159533,-0.161949,-0.000734576,-0.000361087,2.79718e-05,-0.11382,-0.112024,-0.113685,-0.115123,0.00435921,-3.01285e-06,0,0,True,True
1.7,-0,0,-0.00446394,0.000736345,0.000346386,1.08367,-1.27192,-0.461429,-1.28573,2.02872,0.612948,-34.2489,-0.756797,-0.15152,-0.162362,-0.000736345,-0.000346386,2.84495e-05,-0,0,0.00473396,0.000736345,0.000346386,-1.15144,-1.27192,-0.461429,-1.28573,2.02872,0.612948,-34.2489,-0.756797,-0.15152,-0.162362,-0.000736345,-0.000346386,2.84495e-05,-0.114146,-0.11234,-0.107943,-0.109308,0.00438414,-3.04642e-06,0,0,True,True
1.705,-0,0,-0.00433728,0.00073804,0.00033134,1.08476,-1.27417,-0.439672,-1.2831,2.03171,0.583232,-34.3027,-0.757534,-0.143561,-0.162764,-0.00073804,-0.00033134,2.89085e-05,-0,0,0.00459914,0.00073804,0.00033134,-1.15261,-1.27417,-0.439672,-1.28309,2.03171,0.583232,-34.3027,-0.757534,-0.143561,-0.162764,-0.00073804,-0.00033134,2.89085e-05,-0.114463,-0.112648,-0.102245,-0.103538,0.0044079,-3.07859e-06,0,0,True,True
1.71,-0,0,-0.00421482,0.000739658,0.000315959,1.08579,-1.27632,-0.417719,-1.28054,2.03455,0.553374,-34.3537,-0.758232,-0.135655,-0.163154,-0.000739658,-0.000315959,2.9348e-05,-0,0,0.00446879,0.000739658,0.000315959,-1.15371,-1.27632,-0.417719,-1.28054,2.03455,0.553374,-34.3537,-0.758232,-0.135655,-0.163154,-0.000739658,-0.000315959,2.9348e-05,-0.114769,-0.112946,-0.0965889,-0.0978098,0.00443047,-3.10934e-06,0,0,True,True
1.715,-0,0,-0.00409689,0.000741199,0.000300258,1.08677,-1.27835,-0.395579,-1.27808,2.03724,0.52338,-34.402,-0.758891,-0.127801,-0.163532,-0.000741199,-0.000300258,2.97674e-05,-0,0,0.00434327,0.000741199,0.000300258,-1.15476,-1.27835,-0.395579,-1.27807,2.03724,0.52338,-34.402,-0.758891,-0.127801,-0.163532,-0.000741199,-0.000300258,2.97674e-05,-0.115065,-0.113233,-0.0909744,-0.092124,0.00445185,-3.13861e-06,0,0,True,True
1.72,-0,0,-0.00398382,0.000742661,0.000284249,1.0877,-1.28027,-0.37326,-1.2757,2.03978,0.493259,-34.4474,-0.75951,-0.119998,-0.163894,-0.000742661,-0.000284249,3.01661e-05,-0,0,0.00422291,0.000742661,0.000284249,-1.15575,-1.28027,-0.37326,-1.2757,2.03978,0.493259,-34.4474,-0.75951,-0.119998,-0.163894,-0.000742661,-0.000284249,3.01661e-05,-0.11535,-0.11351,-0.0854,-0.0864788,0.00447204,-3.16639e-06,0,0,True,True
1.725,-0,0,-0.00387591,0.000744042,0.000267946,1.08857,-1.28208,-0.350773,-1.27344,2.04217,0.463017,-34.4901,-0.760091,-0.112244,-0.164242,-0.000744042,-0.000267946,3.05435e-05,-0,0,0.00410806,0.000744042,0.000267946,-1.15669,-1.28208,-0.350773,-1.27344,2.04217,0.463017,-34.4901,-0.760091,-0.112244,-0.164242,-0.000744042,-0.000267946,3.05435e-05,-0.115621,-0.113774,-0.079864,-0.0808725,0.00449103,-3.19263e-06,0,0,True,True
1.73,-0,0,-0.00377347,0.00074534,0.000251365,1.08939,-1.28378,-0.328126,-1.27128,2.04441,0.432662,-34.53,-0.760633,-0.104537,-0.164572,-0.00074534,-0.000251365,3.08989e-05,-0,0,0.00399902,0.00074534,0.000251365,-1.15756,-1.28378,-0.328126,-1.27128,2.04441,0.432662,-34.53,-0.760633,-0.104537,-0.164573,-0.00074534,-0.000251365,3.08989e-05,-0.11588,-0.114025,-0.0743649,-0.0753036,0.00450883,-3.2173e-06,0,0,True,True
1.735,-0,0,-0.00367677,0.000746555,0.000234521,1.09015,-1.28536,-0.305328,-1.26924,2.0465,0.402202,-34.5672,-0.761136,-0.0968741,-0.164885,-0.000746555,-0.000234521,3.12319e-05,-0,0,0.0038961,0.000746555,0.000234521,-1.15838,-1.28536,-0.305328,-1.26924,2.0465,0.402202,-34.5672,-0.761136,-0.0968741,-0.164885,-0.000746555,-0.000234521,3.12319e-05,-0.116124,-0.114262,-0.0689008,-0.0697703,0.00452542,-3.24038e-06,0,0,True,True
1.74,-0,0,-0.0035861,0.000747685,0.00021743,1.09085,-1.28683,-0.282389,-1.26732,2.04844,0.371643,-34.6016,-0.761602,-0.089254,-0.165179,-0.000747685,-0.00021743,3.15418e-05,-0,0,0.00379958,0.000747685,0.00021743,-1.15914,-1.28683,-0.282389,-1.26732,2.04844,0.371643,-34.6016,-0.761602,-0.089254,-0.165179,-0.000747685,-0.00021743,3.15418e-05,-0.116353,-0.114485,-0.06347,-0.0642706,0.0045408,-3.26183e-06,0,0,True,True
1.745,-0,0,-0.0035017,0.00074873,0.000200108,1.09151,-1.28819,-0.25932,-1.26553,2.05022,0.340994,-34.6332,-0.762029,-0.0816738,-0.165453,-0.00074873,-0.000200108,3.18284e-05,-0,0,0.00370975,0.00074873,0.000200108,-1.15983,-1.28819,-0.25932,-1.26553,2.05022,0.340994,-34.6332,-0.762029,-0.0816738,-0.165453,-0.00074873,-0.000200108,3.18284e-05,-0.116566,-0.114692,-0.0580702,-0.0588025,0.00455496,-3.28163e-06,0,0,True,True
1.75,-0,0,-0.00342382,0.000749687,0.000182573,1.0921,-1.28943,-0.236131,-1.26388,2.05185,0.310261,-34.6621,-0.762418,-0.0741309,-0.165707,-0.000749687,-0.000182573,3.20909e-05,-0,0,0.00362685,0.000749687,0.000182573,-1.16047,-1.28943,-0.236131,-1.26388,2.05185,0.310261,-34.6621,-0.762418,-0.0741309,-0.165707,-0.000749687,-0.000182573,3.20909e-05,-0.116763,-0.114883,-0.0526994,-0.0533638,0.00456792,-3.29975e-06,0,0,True,True
1.755,-0,0,-0.00335267,0.000750555,0.000164843,1.09264,-1.29055,-0.212831,-1.26237,2.05332,0.279453,-34.6882,-0.76277,-0.0666223,-0.165938,-0.000750555,-0.000164843,3.23292e-05,-0,0,0.00355112,0.000750555,0.000164843,-1.16105,-1.29055,-0.212831,-1.26237,2.05332,0.279453,-34.6882,-0.76277,-0.0666223,-0.165938,-0.000750555,-0.000164843,3.23292e-05,-0.116943,-0.115058,-0.0473553,-0.0479522,0.00457965,-3.31618e-06,0,0,True,True
1.76,-0,0,-0.00328847,0.000751335,0.000146935,1.09312,-1.29156,-0.189431,-1.261,2.05464,0.248576,-34.7115,-0.763085,-0.0591452,-0.166147,-0.000751335,-0.000146935,3.25427e-05,-0,0,0.00348278,0.000751335,0.000146935,-1.16157,-1.29156,-0.189431,-1.261,2.05464,0.248576,-34.7115,-0.763085,-0.0591452,-0.166147,-0.000751335,-0.000146935,3.25427e-05,-0.117105,-0.115216,-0.0420355,-0.0425652,0.00459017,-3.33088e-06,0,0,True,True
1.765,-0,0,-0.00323139,0.000752025,0.000128869,1.09355,-1.29244,-0.165943,-1.25979,2.05581,0.217639,-34.7321,-0.763362,-0.0516963,-0.166333,-0.000752025,-0.000128869,3.27312e-05,-0,0,0.00342202,0.000752025,0.000128869,-1.16202,-1.29244,-0.165943,-1.25979,2.05581,0.217639,-34.7321,-0.763362,-0.0516963,-0.166333,-0.000752025,-0.000128869,3.27312e-05,-0.11725,-0.115356,-0.0367375,-0.0372005,0.00459946,-3.34384e-06,0,0,True,True
1.77,-0,0,-0.0031816,0.000752624,0.000110663,1.09392,-1.29322,-0.142376,-1.25873,2.05682,0.186648,-34.75,-0.763601,-0.0442724,-0.166494,-0.000752624,-0.000110663,3.28943e-05,-0,0,0.00336902,0.000752624,0.000110663,-1.16242,-1.29322,-0.142376,-1.25873,2.05682,0.186648,-34.75,-0.763601,-0.0442724,-0.166494,-0.000752624,-0.000110663,3.28943e-05,-0.117375,-0.115479,-0.0314589,-0.0318553,0.00460753,-3.35505e-06,0,0,True,True
1.775,-0,0,-0.00313924,0.000753131,9.23362e-05,1.09423,-1.29387,-0.118742,-1.25782,2.05767,0.155612,-34.7651,-0.763804,-0.0368701,-0.166631,-0.000753131,-9.23362e-05,3.30318e-05,-0,0,0.00332394,0.000753131,9.23362e-05,-1.16276,-1.29387,-0.118742,-1.25782,2.05767,0.155612,-34.7651,-0.763804,-0.0368701,-0.166631,-0.000753131,-9.23362e-05,3.30318e-05,-0.117481,-0.115582,-0.0261969,-0.0265271,0.00461437,-3.36448e-06,0,0,True,True
1.78,-0,0,-0.00310445,0.000753547,7.39088e-05,1.09449,-1.2944,-0.0950517,-1.25708,2.05837,0.124538,-34.7775,-0.76397,-0.029486,-0.166744,-0.000753547,-7.39088e-05,3.31435e-05,-0,0,0.0032869,0.000753547,7.39088e-05,-1.16303,-1.2944,-0.0950517,-1.25708,2.05837,0.124538,-34.7775,-0.76397,-0.029486,-0.166744,-0.000753547,-7.39088e-05,3.31435e-05,-0.117569,-0.115667,-0.020949,-0.0212132,0.00461999,-3.37213e-06,0,0,True,True
1.785,-0,0,-0.00307731,0.00075387,5.54005e-05,1.09469,-1.29482,-0.0713164,-1.2565,2.05892,0.0934329,-34.7871,-0.764099,-0.0221165,-0.16683,-0.00075387,-5.54005e-05,3.32291e-05,-0,0,0.00325802,0.00075387,5.54005e-05,-1.16324,-1.29482,-0.0713164,-1.2565,2.05892,0.0934329,-34.7871,-0.764099,-0.0221165,-0.16683,-0.00075387,-5.54005e-05,3.32291e-05,-0.117636,-0.115732,-0.0157123,-0.0159106,0.00462437,-3.37799e-06,0,0,True,True
1.79,-0,0,-0.00305791,0.000754101,3.68313e-05,1.09483,-1.29512,-0.0475472,-1.25608,2.05931,0.0623053,-34.7939,-0.764191,-0.0147581,-0.166891,-0.000754101,-3.68313e-05,3.32886e-05,-0,0,0.00323737,0.000754101,3.68313e-05,-1.1634,-1.29512,-0.0475472,-1.25608,2.05931,0.0623053,-34.7939,-0.764191,-0.0147581,-0.166891,-0.000754101,-3.68313e-05,3.32886e-05,-0.117683,-0.115778,-0.0104841,-0.0106167,0.00462752,-3.38204e-06,0,0,True,True
1.795,-0,0,-0.00304631,0.000754239,1.82214e-05,1.09492,-1.29529,-0.0237554,-1.25584,2.05954,0.0311625,-34.798,-0.764247,-0.00740704,-0.166926,-0.000754239,-1.82214e-05,3.33218e-05,-0,0,0.00322502,0.000754239,1.82214e-05,-1.16349,-1.29529,-0.0237554,-1.25584,2.05954,0.0311625,-34.798,-0.764247,-0.00740704,-0.166926,-0.000754239,-1.82214e-05,3.33218e-05,-0.11771,-0.115805,-0.00526162,-0.00532862,0.00462945,-3.38428e-06,0,0,True,True
1.8,-0,0,-0.00304254,0.000754283,-4.0886e-07,1.09495,-1.29535,4.76922e-05,-1.25575,2.05962,1.19971e-05,-34.7994,-0.764265,-5.96893e-05,-0.166934,-0.000754283,4.0886e-07,3.33286e-05,-0,0,0.00322101,0.000754283,-4.0886e-07,-1.16352,-1.29535,4.76922e-05,-1.25576,2.05962,1.19971e-05,-34.7994,-0.764265,-5.96893e-05,-0.166934,-0.000754283,4.0886e-07,3.33286e-05,-0.117717,-0.115811,-4.1957e-05,-4.33908e-05,0.00463014,-3.38472e-06,0,0,True,True
1.805,-0,0,-0.00304661,0.000754235,-1.90392e-05,1.09492,-1.29529,0.0238508,-1.25584,2.05954,-0.0311385,-34.798,-0.764247,0.00728765,-0.166917,-0.000754235,1.90392e-05,3.33091e-05,-0,0,0.00322534,0.000754235,-1.90392e-05,-1.16349,-1.29529,0.0238508,-1.25584,2.05954,-0.0311385,-34.798,-0.764247,0.00728765,-0.166917,-0.000754235,1.90392e-05,3.33091e-05,-0.117704,-0.115798,0.00517769,0.00524183,0.0046296,-3.38334e-06,0,0,True,True
1.81,-0,0,-0.00305851,0.000754093,-3.76491e-05,1.09483,-1.29511,0.0476426,-1.2561,2.05931,-0.0622813,-34.7939,-0.764193,0.0146387,-0.166873,-0.000754093,3.76491e-05,3.32632e-05,-0,0,0.00323801,0.000754093,-3.76491e-05,-1.1634,-1.29511,0.0476426,-1.2561,2.05931,-0.0622813,-34.7939,-0.764193,0.0146387,-0.166873,-0.000754093,3.76491e-05,3.32632e-05,-0.117671,-0.115766,0.0104002,0.0105299,0.00462783,-3.38015e-06,0,0,True,True
1.815,-0,0,-0.0030782,0.000753858,-5.62184e-05,1.09469,-1.29482,0.0714118,-1.25652,2.05892,-0.0934089,-34.7871,-0.764101,0.0219971,-0.166803,-0.000753858,5.62184e-05,3.3191e-05,-0,0,0.00325898,0.000753858,-5.62184e-05,-1.16324,-1.29482,0.0714118,-1.25652,2.05892,-0.0934089,-34.7871,-0.764101,0.0219971,-0.166803,-0.000753858,5.62184e-05,3.3191e-05,-0.117617,-0.115714,0.0156283,0.0158238,0.00462483,-3.37515e-06,0,0,True,True
1.82,-0,0,-0.00310564,0.000753531,-7.47269e-05,1.09449,-1.2944,0.0951471,-1.2571,2.05837,-0.124514,-34.7775,-0.763973,0.0293665,-0.166708,-0.000753531,7.47269e-05,3.30927e-05,-0,0,0.00328818,0.000753531,-7.47269e-05,-1.16303,-1.2944,0.0951471,-1.2571,2.05837,-0.124514,-34.7775,-0.763973,0.0293665,-0.166708,-0.000753531,7.47269e-05,3.30927e-05,-0.117544,-0.115642,0.020865,0.0211263,0.00462059,-3.36834e-06,0,0,True,True
1.825,-0,0,-0.00314073,0.000753111,-9.31545e-05,1.09423,-1.29387,0.118837,-1.25785,2.05767,-0.155588,-34.7651,-0.763807,0.0367505,-0.166587,-0.000753111,9.31545e-05,3.29683e-05,-0,0,0.00332554,0.000753111,-9.31545e-05,-1.16275,-1.29387,0.118837,-1.25785,2.05767,-0.155588,-34.7651,-0.763807,0.0367505,-0.166587,-0.000753111,9.31545e-05,3.29683e-05,-0.11745,-0.115551,0.0261129,0.0264402,0.00461513,-3.35974e-06,0,0,True,True
1.83,-0,0,-0.00318339,0.000752599,-0.000111481,1.09392,-1.29321,0.142471,-1.25876,2.05682,-0.186624,-34.75,-0.763605,0.0441527,-0.166441,-0.000752599,0.000111481,3.28181e-05,-0,0,0.00337094,0.000752599,-0.000111481,-1.16242,-1.29321,0.142471,-1.25876,2.05682,-0.186624,-34.75,-0.763605,0.0441527,-0.166441,-0.000752599,0.000111481,3.28181e-05,-0.117338,-0.115442,0.0313747,0.0317683,0.00460844,-3.34935e-06,0,0,True,True
1.835,-0,0,-0.00323347,0.000751996,-0.000129688,1.09355,-1.29244,0.166038,-1.25983,2.05581,-0.217615,-34.7322,-0.763366,0.0515765,-0.16627,-0.000751996,0.000129688,3.26422e-05,-0,0,0.00342426,0.000751996,-0.000129688,-1.16202,-1.29244,0.166038,-1.25983,2.05581,-0.217615,-34.7322,-0.763366,0.0515765,-0.16627,-0.000751996,0.000129688,3.26423e-05,-0.117206,-0.115313,0.0366533,0.0371133,0.00460053,-3.3372e-06,0,0,True,True
1.84,-0,0,-0.00329085,0.000751302,-0.000147754,1.09312,-1.29155,0.189527,-1.26105,2.05464,-0.248552,-34.7116,-0.763089,0.0590253,-0.166076,-0.000751302,0.000147754,3.2441e-05,-0,0,0.00348534,0.000751302,-0.000147754,-1.16156,-1.29155,0.189527,-1.26105,2.05464,-0.248552,-34.7116,-0.763089,0.0590253,-0.166076,-0.000751302,0.000147754,3.2441e-05,-0.117055,-0.115167,0.0419511,0.042478,0.00459139,-3.32328e-06,0,0,True,True
1.845,-0,0,-0.00335536,0.000750518,-0.000165662,1.09264,-1.29055,0.212926,-1.26242,2.05332,-0.279429,-34.6882,-0.762776,0.0665024,-0.165858,-0.000750518,0.000165662,3.22148e-05,-0,0,0.003554,0.000750518,-0.000165662,-1.16105,-1.29055,0.212926,-1.26242,2.05332,-0.279429,-34.6882,-0.762776,0.0665024,-0.165858,-0.000750518,0.000165662,3.22148e-05,-0.116887,-0.115003,0.0472708,0.0478648,0.00458103,-3.30761e-06,0,0,True,True
1.85,-0,0,-0.0034268,0.000749646,-0.000183393,1.0921,-1.28942,0.236226,-1.26394,2.05185,-0.310237,-34.6621,-0.762424,0.0740108,-0.165617,-0.000749646,0.000183393,3.19637e-05,-0,0,0.00363005,0.000749646,-0.000183393,-1.16047,-1.28942,0.236226,-1.26394,2.05185,-0.310237,-34.6621,-0.762424,0.0740108,-0.165617,-0.000749646,0.000183393,3.19637e-05,-0.116701,-0.114822,0.0526148,0.0532763,0.00456945,-3.29023e-06,0,0,True,True
1.855,-0,0,-0.00350498,0.000748685,-0.000200928,1.09151,-1.28818,0.259416,-1.26559,2.05022,-0.34097,-34.6333,-0.762035,0.0815535,-0.165355,-0.000748685,0.000200928,3.16884e-05,-0,0,0.00371327,0.000748685,-0.000200928,-1.15983,-1.28818,0.259416,-1.26559,2.05022,-0.34097,-34.6333,-0.762035,0.0815535,-0.165355,-0.000748685,0.000200928,3.16884e-05,-0.116497,-0.114624,0.0579854,0.0587149,0.00455665,-3.27114e-06,0,0,True,True
1.86,-0,0,-0.00358968,0.000747636,-0.000218251,1.09086,-1.28683,0.282486,-1.26739,2.04844,-0.371619,-34.6016,-0.761609,0.0891335,-0.165072,-0.000747636,0.000218251,3.13891e-05,-0,0,0.00380343,0.000747636,-0.000218251,-1.15913,-1.28683,0.282486,-1.26739,2.04844,-0.371619,-34.6016,-0.761609,0.0891335,-0.165072,-0.000747636,0.000218251,3.13891e-05,-0.116278,-0.11441,0.063385,0.0641828,0.00454264,-3.25037e-06,0,0,True,True
1.865,-0,0,-0.00368066,0.000746502,-0.000235343,1.09015,-1.28536,0.305424,-1.26931,2.0465,-0.402178,-34.5672,-0.761144,0.0967534,-0.164769,-0.000746502,0.000235343,3.10663e-05,-0,0,0.00390027,0.000746502,-0.000235343,-1.15838,-1.28536,0.305424,-1.26931,2.0465,-0.402178,-34.5672,-0.761144,0.0967534,-0.164769,-0.000746502,0.000235343,3.10663e-05,-0.116042,-0.114182,0.0688157,0.0696823,0.00452742,-3.22794e-06,0,0,True,True
1.87,-0,0,-0.00377765,0.000745283,-0.000252187,1.08939,-1.28377,0.328222,-1.27136,2.04442,-0.432638,-34.5301,-0.760641,0.104416,-0.164447,-0.000745283,0.000252187,3.07206e-05,-0,0,0.00400351,0.000745283,-0.000252187,-1.15756,-1.28377,0.328222,-1.27136,2.04442,-0.432638,-34.5301,-0.760641,0.104416,-0.164447,-0.000745283,0.000252187,3.07206e-05,-0.115792,-0.113938,0.0742795,0.0752154,0.00451099,-3.20388e-06,0,0,True,True
1.875,-0,0,-0.0038804,0.00074398,-0.000268769,1.08857,-1.28208,0.35087,-1.27352,2.04218,-0.462992,-34.4902,-0.7601,0.112123,-0.164108,-0.00074398,0.000268769,3.03523e-05,-0,0,0.00411288,0.00074398,-0.000268769,-1.15669,-1.28208,0.35087,-1.27352,2.04218,-0.462992,-34.4902,-0.7601,0.112123,-0.164108,-0.00074398,0.000268769,3.03523e-05,-0.115528,-0.113681,0.0797784,0.0807841,0.00449336,-3.17822e-06,0,0,True,True
1.88,-0,0,-0.00398861,0.000742595,-0.000285073,1.0877,-1.28027,0.373357,-1.27579,2.03979,-0.493234,-34.4475,-0.75952,0.119877,-0.163751,-0.000742595,0.000285073,2.99621e-05,-0,0,0.00422806,0.000742595,-0.000285073,-1.15575,-1.28027,0.373357,-1.27579,2.03979,-0.493234,-34.4475,-0.75952,0.119877,-0.163751,-0.000742595,0.000285073,2.99621e-05,-0.11525,-0.113411,0.0853142,0.0863901,0.00447452,-3.15099e-06,0,0,True,True
1.885,-0,0,-0.00410198,0.000741129,-0.000301083,1.08677,-1.27834,0.395676,-1.27817,2.03724,-0.523355,-34.402,-0.758901,0.12768,-0.16338,-0.000741129,0.000301083,2.95505e-05,-0,0,0.00434874,0.000741129,-0.000301083,-1.15476,-1.27834,0.395676,-1.27817,2.03724,-0.523355,-34.402,-0.758901,0.12768,-0.16338,-0.000741129,0.000301083,2.95505e-05,-0.114959,-0.113128,0.0908884,0.0920352,0.0044545,-3.12221e-06,0,0,True,True
1.89,-0,0,-0.00422021,0.000739584,-0.000316785,1.08579,-1.27631,0.417816,-1.28064,2.03455,-0.553349,-34.3538,-0.758243,0.135533,-0.162993,-0.000739584,0.000316785,2.91182e-05,-0,0,0.00447458,0.000739584,-0.000316785,-1.15371,-1.27631,0.417816,-1.28064,2.03455,-0.553349,-34.3538,-0.758243,0.135533,-0.162993,-0.000739584,0.000316785,2.91182e-05,-0.114657,-0.112835,0.0965027,0.0977207,0.00443328,-3.09193e-06,0,0,True,True
1.895,-0,0,-0.00434298,0.000737962,-0.000332167,1.08476,-1.27416,0.439769,-1.2832,2.03171,-0.583207,-34.3028,-0.757546,0.143438,-0.162594,-0.000737962,0.000332167,2.86658e-05,-0,0,0.00460526,0.000737962,-0.000332167,-1.15261,-1.27416,0.439769,-1.2832,2.03171,-0.583207,-34.3028,-0.757546,0.143438,-0.162594,-0.000737962,0.000332167,2.86658e-05,-0.114344,-0.11253,0.102158,0.103448,0.00441087,-3.06017e-06,0,0,True,True
1.9,-0,0,-0.00446995,0.000736263,-0.000347214,1.08367,-1.27191,0.461526,-1.28584,2.02872,-0.612924,-34.249,-0.756809,0.151397,-0.162183,-0.000736263,0.000347214,2.81939e-05,-0,0,0.0047404,0.000736263,-0.000347214,-1.15144,-1.27191,0.461526,-1.28584,2.02872,-0.612924,-34.249,-0.756809,0.151397,-0.162183,-0.000736263,0.000347214,2.81939e-05,-0.114021,-0.112217,0.107856,0.109219,0.00438729,-3.02697e-06,0,0,True,True
1.905,-0,0,-0.00460078,0.000734489,-0.000361916,1.08253,-1.26955,0.48308,-1.28855,2.02558,-0.64249,-34.1925,-0.756032,0.15941,-0.161761,-0.000734489,0.000361916,2.77032e-05,-0,0,0.00487966,0.000734489,-0.000361916,-1.15022,-1.26955,0.48308,-1.28855,2.02558,-0.64249,-34.1925,-0.756032,0.15941,-0.161761,-0.000734489,0.000361916,2.77032e-05,-0.113689,-0.111894,0.113598,0.115033,0.00436252,-2.99238e-06,0,0,True,True
1.91,-0,0,-0.00473513,0.000732644,-0.000376261,1.08134,-1.26708,0.504422,-1.29133,2.02229,-0.6719,-34.1331,-0.755215,0.167479,-0.16133,-0.000732644,0.000376261,2.71945e-05,-0,0,0.00502267,0.000732644,-0.000376261,-1.14895,-1.26708,0.504422,-1.29133,2.02229,-0.6719,-34.1331,-0.755215,0.167479,-0.16133,-0.000732644,0.000376261,2.71945e-05,-0.113349,-0.111564,0.119384,0.120893,0.00433659,-2.95642e-06,0,0,True,True
1.915,-0,0,-0.00487264,0.000730727,-0.000390238,1.0801,-1.26451,0.525544,-1.29416,2.01886,-0.701147,-34.071,-0.754357,0.175603,-0.160891,-0.000730727,0.000390238,2.66685e-05,-0,0,0.00516904,0.000730727,-0.000390238,-1.14762,-1.26451,0.525544,-1.29416,2.01886,-0.701147,-34.071,-0.754357,0.175603,-0.160891,-0.000730727,0.000390238,2.66685e-05,-0.113001,-0.111227,0.125216,0.126798,0.00430949,-2.91913e-06,0,0,True,True
1.92,-0,0,-0.00501296,0.000728741,-0.000403838,1.0788,-1.26182,0.546439,-1.29703,2.01528,-0.730222,-34.0061,-0.753459,0.183783,-0.160445,-0.000728741,0.000403838,2.61259e-05,-0,0,0.00531839,0.000728741,-0.000403838,-1.14623,-1.26182,0.546439,-1.29703,2.01528,-0.730222,-34.0061,-0.753459,0.183783,-0.160445,-0.000728741,0.000403838,2.61259e-05,-0.112648,-0.110884,0.131092,0.132749,0.00428123,-2.88057e-06,0,0,True,True
1.925,-0,0,-0.00515573,0.000726688,-0.000417051,1.07745,-1.25904,0.5671,-1.29995,2.01156,-0.759119,-33.9384,-0.752519,0.192019,-0.159994,-0.000726688,0.000417051,2.55674e-05,-0,0,0.00547035,0.000726688,-0.000417051,-1.14479,-1.25904,0.5671,-1.29995,2.01156,-0.759119,-33.9384,-0.752519,0.192019,-0.159994,-0.000726688,0.000417051,2.55674e-05,-0.112289,-0.110536,0.137016,0.138747,0.00425182,-2.84076e-06,0,0,True,True
1.93,-0,0,-0.00530058,0.000724571,-0.00042987,1.07606,-1.25615,0.587521,-1.30289,2.00769,-0.787831,-33.868,-0.751538,0.200311,-0.159539,-0.000724571,0.00042987,2.4994e-05,-0,0,0.00562452,0.000724571,-0.00042987,-1.14329,-1.25615,0.587521,-1.30289,2.00769,-0.787831,-33.868,-0.751538,0.200311,-0.159539,-0.000724571,0.00042987,2.4994e-05,-0.111926,-0.110184,0.142985,0.144791,0.00422126,-2.79975e-06,0,0,True,True
1.935,-0,0,-0.00544714,0.00072239,-0.000442287,1.07461,-1.25317,0.607693,-1.30585,2.00368,-0.816351,-33.7947,-0.750516,0.208658,-0.159082,-0.00072239,0.000442287,2.44064e-05,-0,0,0.00578052,0.00072239,-0.000442287,-1.14175,-1.25317,0.607693,-1.30585,2.00368,-0.816351,-33.7947,-0.750516,0.208658,-0.159082,-0.00072239,0.000442287,2.44064e-05,-0.11156,-0.109829,0.149,0.150882,0.00418955,-2.75759e-06,0,0,True,True
1.94,-0,0,-0.00559505,0.000720148,-0.000454294,1.07311,-1.25008,0.627612,-1.30883,1.99953,-0.844672,-33.7187,-0.749452,0.21706,-0.158622,-0.000720148,0.000454294,2.38053e-05,-0,0,0.00593795,0.000720148,-0.000454294,-1.14015,-1.25008,0.627612,-1.30883,1.99953,-0.844672,-33.7187,-0.749452,0.21706,-0.158622,-0.000720148,0.000454294,2.38053e-05,-0.111191,-0.109472,0.155062,0.157019,0.00415671,-2.71431e-06,0,0,True,True
1.945,-0,0,-0.00574394,0.000717847,-0.000465887,1.07157,-1.24689,0.647271,-1.31181,1.99523,-0.872787,-33.64,-0.748346,0.225517,-0.158163,-0.000717847,0.000465887,2.31917e-05,-0,0,0.00609642,0.000717847,-0.000465887,-1.13849,-1.24689,0.647271,-1.31181,1.99523,-0.872787,-33.64,-0.748346,0.225517,-0.158163,-0.000717847,0.000465887,2.31917e-05,-0.110821,-0.109113,0.161169,0.163202,0.00412274,-2.66996e-06,0,0,True,True
1.95,-0,0,-0.00589344,0.000715489,-0.000477061,1.06997,-1.2436,0.666664,-1.31478,1.9908,-0.900689,-33.5584,-0.747197,0.234025,-0.157705,-0.000715489,0.000477061,2.25664e-05,-0,0,0.00625555,0.000715489,-0.000477061,-1.13679,-1.2436,0.666664,-1.31478,1.9908,-0.900689,-33.5584,-0.747197,0.234025,-0.157705,-0.000715489,0.000477061,2.25664e-05,-0.110449,-0.108754,0.167321,0.169431,0.00408765,-2.62459e-06,0,0,True,True
1.955,-0,0,-0.0060432,0.000713076,-0.00048781,1.06833,-1.24022,0.685786,-1.31774,1.98623,-0.928372,-33.4741,-0.746005,0.242585,-0.157248,-0.000713076,0.00048781,2.19303e-05,-0,0,0.00641495,0.000713076,-0.00048781,-1.13504,-1.24022,0.685786,-1.31774,1.98623,-0.928372,-33.4741,-0.746005,0.242585,-0.157248,-0.000713076,0.00048781,2.19303e-05,-0.110078,-0.108395,0.173518,0.175704,0.00405145,-2.57824e-06,0,0,True,True
1.96,-0,0,-0.00619286,0.000710611,-0.000498131,1.06664,-1.23675,0.704633,-1.32068,1.98152,-0.955827,-33.3871,-0.744771,0.251194,-0.156795,-0.000710611,0.000498131,2.12841e-05,-0,0,0.00657424,0.000710611,-0.000498131,-1.13323,-1.23675,0.704633,-1.32068,1.98152,-0.955827,-33.3871,-0.744771,0.251194,-0.156795,-0.000710611,0.000498131,2.12841e-05,-0.109708,-0.108037,0.179759,0.182021,0.00401413,-2.53095e-06,0,0,True,True
1.965,-0,0,-0.00634206,0.000708095,-0.000508022,1.06491,-1.23318,0.723198,-1.32359,1.97667,-0.98305,-33.2973,-0.743493,0.259851,-0.156347,-0.000708095,0.000508022,2.06288e-05,-0,0,0.00673304,0.000708095,-0.000508022,-1.13138,-1.23318,0.723198,-1.32359,1.97667,-0.98305,-33.2973,-0.743493,0.259851,-0.156347,-0.000708095,0.000508022,2.06288e-05,-0.10934,-0.107681,0.186042,0.188381,0.00397571,-2.48278e-06,0,0,True,True
1.97,-0,0,-0.00649046,0.000705531,-0.000517479,1.06313,-1.22951,0.741478,-1.32646,1.97169,-1.01003,-33.2047,-0.742172,0.268554,-0.155904,-0.000705531,0.000517479,1.99652e-05,-0,0,0.00689099,0.000705531,-0.000517479,-1.12948,-1.22951,0.741478,-1.32646,1.97169,-1.01003,-33.2047,-0.742172,0.268554,-0.155904,-0.000705531,0.000517479,1.99652e-05,-0.108974,-0.107328,0.192366,0.194782,0.0039362,-2.43376e-06,0,0,True,True
1.975,-0,0,-0.00663769,0.00070292,-0.000526503,1.0613,-1.22576,0.759468,-1.32929,1.96657,-1.03677,-33.1095,-0.740808,0.277299,-0.155467,-0.00070292,0.000526503,1.92942e-05,-0,0,0.0070477,0.00070292,-0.000526503,-1.12753,-1.22576,0.759468,-1.32929,1.96657,-1.03677,-33.1095,-0.740808,0.277299,-0.155467,-0.00070292,0.000526503,1.92942e-05,-0.108612,-0.106978,0.198731,0.201222,0.0038956,-2.38394e-06,0,0,True,True
1.98,-0,0,-0.00678344,0.000700266,-0.000535091,1.05943,-1.22192,0.777164,-1.33206,1.96132,-1.06325,-33.0115,-0.739399,0.286084,-0.155038,-0.000700266,0.000535091,1.86167e-05,-0,0,0.00720283,0.000700266,-0.000535091,-1.12553,-1.22192,0.777164,-1.33206,1.96132,-1.06325,-33.0115,-0.739399,0.286084,-0.155038,-0.000700266,0.000535091,1.86167e-05,-0.108254,-0.106632,0.205133,0.207701,0.00385392,-2.33337e-06,0,0,True,True
1.985,-0,0,-0.00692737,0.000697569,-0.000543244,1.05752,-1.21799,0.794563,-1.33478,1.95594,-1.08947,-32.9108,-0.737947,0.294907,-0.154618,-0.000697569,0.000543244,1.79335e-05,-0,0,0.00735602,0.000697569,-0.000543244,-1.12349,-1.21799,0.794563,-1.33477,1.95594,-1.08947,-32.9108,-0.737947,0.294907,-0.154618,-0.000697569,0.000543244,1.79335e-05,-0.1079,-0.106291,0.211573,0.214217,0.00381116,-2.28209e-06,0,0,True,True
1.99,-0,0,-0.00706916,0.000694833,-0.000550962,1.05556,-1.21397,0.81166,-1.33742,1.95042,-1.11542,-32.8074,-0.73645,0.303765,-0.154206,-0.000694833,0.000550962,1.72456e-05,-0,0,0.00750693,0.000694833,-0.000550962,-1.1214,-1.21397,0.81166,-1.33742,1.95042,-1.11542,-32.8074,-0.73645,0.303765,-0.154206,-0.000694833,0.000550962,1.72456e-05,-0.107551,-0.105955,0.218047,0.220766,0.00376735,-2.23015e-06,0,0,True,True
1.995,-0,0,-0.00720848,0.00069206,-0.000558247,1.05357,-1.20987,0.828453,-1.33999,1.94478,-1.14111,-32.7013,-0.734909,0.312653,-0.153805,-0.00069206,0.000558247,1.65537e-05,-0,0,0.00765522,0.00069206,-0.000558247,-1.11927,-1.20987,0.828453,-1.33999,1.94478,-1.14111,-32.7013,-0.734909,0.312653,-0.153805,-0.00069206,0.000558247,1.65537e-05,-0.107208,-0.105625,0.224554,0.227348,0.00372247,-2.17759e-06,0,0,True,True
2,-0,0,-0.00734504,0.000689251,-0.000565101,1.05153,-1.20569,0.844938,-1.34248,1.93901,-1.16651,-32.5925,-0.733324,0.321569,-0.153415,-0.000689251,0.000565101,1.58588e-05,-0,0,0.00780056,0.000689251,-0.000565101,-1.11709,-1.20569,0.844938,-1.34248,1.93901,-1.16651,-32.5926,-0.733324,0.321569,-0.153415,-0.000689251,0.000565101,1.58588e-05,-0.106872,-0.105301,0.231091,0.23396,0.00367655,-2.12446e-06,0,0,True,True
2.005,-0,0,-0.00747853,0.000686409,-0.000571525,1.04944,-1.20142,0.861112,-1.34488,1.93312,-1.19162,-32.4811,-0.731694,0.330509,-0.153036,-0.000686409,0.000571525,1.51618e-05,-0,0,0.00794265,0.000686409,-0.000571525,-1.11487,-1.20142,0.861112,-1.34488,1.93312,-1.19162,-32.4812,-0.731694,0.330509,-0.153036,-0.000686409,0.000571525,1.51618e-05,-0.106542,-0.104984,0.237656,0.2406,0.00362958,-2.0708e-06,0,0,True,True
2.01,-0,0,-0.00760866,0.000683535,-0.000577523,1.04732,-1.19708,0.876973,-1.34719,1.9271,-1.21644,-32.3671,-0.730019,0.339469,-0.152669,-0.000683535,0.000577523,1.44633e-05,-0,0,0.00808116,0.000683535,-0.000577523,-1.11261,-1.19708,0.876973,-1.34718,1.9271,-1.21644,-32.3671,-0.730019,0.339469,-0.152669,-0.000683535,0.000577523,1.44633e-05,-0.10622,-0.104675,0.244247,0.247265,0.00358159,-2.01665e-06,0,0,True,True
2.015,-0,0,-0.00773516,0.000680633,-0.000583097,1.04516,-1.19265,0.892519,-1.34939,1.92095,-1.24096,-32.2505,-0.728299,0.348444,-0.152315,-0.000680633,0.000583097,1.37644e-05,-0,0,0.0082158,0.000680633,-0.000583097,-1.1103,-1.19265,0.892519,-1.34939,1.92095,-1.24096,-32.2505,-0.728299,0.348444,-0.152315,-0.000680633,0.000583097,1.37644e-05,-0.105905,-0.104373,0.250861,0.253951,0.00353257,-1.96206e-06,0,0,True,True
2.02,-0,0,-0.00785776,0.000677704,-0.000588253,1.04297,-1.18815,0.907747,-1.35149,1.91469,-1.26518,-32.1312,-0.726534,0.357432,-0.151973,-0.000677704,0.000588253,1.30659e-05,-0,0,0.00834629,0.000677704,-0.000588253,-1.10796,-1.18815,0.907747,-1.35149,1.91469,-1.26518,-32.1312,-0.726534,0.357432,-0.151974,-0.000677704,0.000588253,1.30659e-05,-0.105598,-0.104079,0.257495,0.260658,0.00348253,-1.90707e-06,0,0,True,True
2.025,-0,0,-0.00797619,0.000674751,-0.000592994,1.04073,-1.18358,0.922654,-1.35349,1.9083,-1.28908,-32.0094,-0.724725,0.366426,-0.151646,-0.000674751,0.000592994,1.23684e-05,-0,0,0.00847235,0.000674751,-0.000592994,-1.10558,-1.18358,0.922654,-1.35348,1.9083,-1.28908,-32.0094,-0.724725,0.366426,-0.151646,-0.000674751,0.000592994,1.23684e-05,-0.1053,-0.103794,0.264146,0.26738,0.00343149,-1.85172e-06,0,0,True,True
2.03,-0,0,-0.0080902,0.000671774,-0.000597326,1.03846,-1.17893,0.93724,-1.35536,1.9018,-1.31266,-31.885,-0.72287,0.375424,-0.151333,-0.000671774,0.000597326,1.1673e-05,-0,0,0.00859371,0.000671774,-0.000597326,-1.10316,-1.17893,0.93724,-1.35536,1.9018,-1.31266,-31.885,-0.72287,0.375424,-0.151333,-0.000671774,0.000597326,1.1673e-05,-0.105011,-0.103517,0.270812,0.274116,0.00337945,-1.79606e-06,0,0,True,True
2.035,-0,0,-0.00819955,0.000668778,-0.000601253,1.03615,-1.1742,0.951502,-1.35711,1.89517,-1.33592,-31.7581,-0.72097,0.384419,-0.151033,-0.000668778,0.000601253,1.09803e-05,-0,0,0.00871011,0.000668778,-0.000601253,-1.1007,-1.1742,0.951502,-1.35711,1.89517,-1.33592,-31.7581,-0.72097,0.384419,-0.151033,-0.000668778,0.000601253,1.09803e-05,-0.10473,-0.103249,0.277488,0.280861,0.00332641,-1.74012e-06,0,0,True,True
2.04,-0,0,-0.00830402,0.000665762,-0.000604781,1.03381,-1.16941,0.965439,-1.35874,1.88844,-1.35885,-31.6287,-0.719026,0.393407,-0.150748,-0.000665762,0.000604781,1.02911e-05,-0,0,0.00882131,0.000665762,-0.000604781,-1.0982,-1.16941,0.965439,-1.35874,1.88844,-1.35885,-31.6287,-0.719026,0.393407,-0.150748,-0.000665762,0.000604781,1.02911e-05,-0.104458,-0.102991,0.284172,0.287614,0.0032724,-1.68394e-06,0,0,True,True
2.045,-0,0,-0.00840337,0.00066273,-0.000607917,1.03144,-1.16455,0.979049,-1.36024,1.88159,-1.38143,-31.4968,-0.717036,0.402383,-0.150478,-0.00066273,0.000607917,9.60624e-06,-0,0,0.00892707,0.00066273,-0.000607917,-1.09567,-1.16455,0.979049,-1.36024,1.88159,-1.38143,-31.4968,-0.717036,0.402383,-0.150478,-0.00066273,0.000607917,9.60624e-06,-0.104195,-0.102741,0.290861,0.294369,0.00321742,-1.62757e-06,0,0,True,True
2.05,-0,0,-0.0084974,0.000659683,-0.000610666,1.02903,-1.15962,0.99233,-1.36161,1.87462,-1.40367,-31.3625,-0.715002,0.411343,-0.150223,-0.000659683,0.000610666,8.92641e-06,-0,0,0.00902717,0.000659683,-0.000610666,-1.0931,-1.15962,0.99233,-1.36161,1.87462,-1.40367,-31.3625,-0.715002,0.411343,-0.150223,-0.000659683,0.000610666,8.92641e-06,-0.103942,-0.1025,0.29755,0.301123,0.00316148,-1.57104e-06,0,0,True,True
2.055,-0,0,-0.0085859,0.000656623,-0.000613036,1.02659,-1.15463,1.00528,-1.36284,1.86755,-1.42556,-31.2257,-0.712923,0.420279,-0.149982,-0.000656623,0.000613036,8.25235e-06,-0,0,0.00912139,0.000656623,-0.000613036,-1.0905,-1.15463,1.00528,-1.36284,1.86755,-1.42556,-31.2257,-0.712923,0.420279,-0.149982,-0.000656623,0.000613036,8.25235e-06,-0.103698,-0.102269,0.304236,0.307874,0.00310459,-1.51438e-06,0,0,True,True
2.06,-0,0,-0.00866869,0.000653552,-0.000615033,1.02411,-1.14957,1.0179,-1.36393,1.86037,-1.44709,-31.0866,-0.710799,0.429188,-0.149756,-0.000653552,0.000615033,7.58475e-06,-0,0,0.00920953,0.000653552,-0.000615033,-1.08787,-1.14957,1.0179,-1.36393,1.86037,-1.44709,-31.0866,-0.710799,0.429188,-0.149756,-0.000653552,0.000615033,7.58475e-06,-0.103463,-0.102047,0.310915,0.314616,0.00304676,-1.45764e-06,0,0,True,True
2.065,-0,0,-0.00874557,0.000650473,-0.000616664,1.02161,-1.14445,1.0302,-1.36488,1.85308,-1.46826,-30.9451,-0.708631,0.438064,-0.149545,-0.000650473,0.000616664,6.92432e-06,-0,0,0.00929139,0.000650473,-0.000616664,-1.0852,-1.14445,1.0302,-1.36488,1.85308,-1.46826,-30.9451,-0.708631,0.438064,-0.149545,-0.000650473,0.000616664,6.92432e-06,-0.103237,-0.101834,0.317584,0.321346,0.00298799,-1.40085e-06,0,0,True,True
2.07,-0,0,-0.00881638,0.000647386,-0.000617938,1.01908,-1.13927,1.04215,-1.36569,1.84568,-1.48905,-30.8013,-0.706419,0.446901,-0.149349,-0.000647386,0.000617938,6.2717e-06,-0,0,0.00936678,0.000647386,-0.000617938,-1.08251,-1.13927,1.04215,-1.36569,1.84568,-1.48905,-30.8013,-0.706419,0.446901,-0.149349,-0.000647386,0.000617938,6.2717e-06,-0.103021,-0.101631,0.324238,0.328059,0.00292831,-1.34405e-06,0,0,True,True
2.075,-0,0,-0.00888094,0.000644293,-0.000618861,1.01652,-1.13403,1.05378,-1.36634,1.83819,-1.50947,-30.6552,-0.704162,0.455694,-0.149166,-0.000644293,0.000618861,5.62755e-06,-0,0,0.00943554,0.000644293,-0.000618861,-1.07978,-1.13403,1.05378,-1.36634,1.83819,-1.50947,-30.6552,-0.704162,0.455694,-0.149166,-0.000644293,0.000618861,5.62755e-06,-0.102813,-0.101436,0.330874,0.334753,0.00286771,-1.28727e-06,0,0,True,True
2.08,-0,0,-0.00893911,0.000641197,-0.000619442,1.01394,-1.12873,1.06507,-1.36685,1.83059,-1.5295,-30.5069,-0.701862,0.464436,-0.148998,-0.000641197,0.000619442,4.99248e-06,-0,0,0.0094975,0.000641197,-0.000619442,-1.07703,-1.12873,1.06507,-1.36685,1.83059,-1.5295,-30.5069,-0.701862,0.464436,-0.148998,-0.000641197,0.000619442,4.99248e-06,-0.102615,-0.10125,0.337487,0.341422,0.00280622,-1.23054e-06,0,0,True,True
2.085,-0,0,-0.00899074,0.000638099,-0.000619688,1.01132,-1.12338,1.07602,-1.3672,1.82289,-1.54915,-30.3563,-0.699518,0.473122,-0.148844,-0.000638099,0.000619688,4.36708e-06,-0,0,0.00955249,0.000638099,-0.000619688,-1.07425,-1.12338,1.07602,-1.3672,1.82289,-1.54915,-30.3563,-0.699518,0.473122,-0.148844,-0.000638099,0.000619688,4.36708e-06,-0.102425,-0.101073,0.344073,0.348062,0.00274383,-1.17389e-06,0,0,True,True
2.09,-0,0,-0.00903568,0.000635,-0.000619608,1.00869,-1.11797,1.08664,-1.3674,1.8151,-1.56839,-30.2036,-0.69713,0.481746,-0.148702,-0.000635,0.000619608,3.75194e-06,-0,0,0.00960037,0.000635,-0.000619608,-1.07144,-1.11797,1.08664,-1.3674,1.8151,-1.56839,-30.2036,-0.69713,0.481746,-0.148702,-0.000635,0.000619608,3.75194e-06,-0.102243,-0.100904,0.350628,0.354669,0.00268058,-1.11736e-06,0,0,True,True
2.095,-0,0,-0.0090738,0.000631903,-0.00061921,1.00603,-1.11251,1.09693,-1.36744,1.80721,-1.58723,-30.0487,-0.6947,0.490303,-0.148574,-0.000631903,0.00061921,3.14759e-06,-0,0,0.00964101,0.000631903,-0.00061921,-1.06861,-1.11251,1.09693,-1.36744,1.80721,-1.58723,-30.0487,-0.6947,0.490303,-0.148574,-0.000631903,0.00061921,3.14759e-06,-0.10207,-0.100743,0.357147,0.361239,0.00261645,-1.06097e-06,0,0,True,True
2.1,-0,0,-0.00910498,0.000628808,-0.000618502,1.00334,-1.107,1.10687,-1.36733,1.79923,-1.60566,-29.8918,-0.692227,0.498785,-0.148459,-0.000628808,0.000618502,2.55455e-06,-0,0,0.00967426,0.000628808,-0.000618502,-1.06575,-1.107,1.10687,-1.36733,1.79923,-1.60566,-29.8918,-0.692227,0.498785,-0.148459,-0.000628808,0.000618502,2.55455e-06,-0.101905,-0.100591,0.363626,0.367767,0.00255148,-1.00476e-06,0,0,True,True
2.105,-0,0,-0.00912911,0.000625718,-0.000617493,1.00063,-1.10144,1.11648,-1.36706,1.79115,-1.62367,-29.7328,-0.689712,0.507187,-0.148355,-0.000625718,0.000617493,1.97332e-06,-0,0,0.00970001,0.000625718,-0.000617493,-1.06287,-1.10144,1.11648,-1.36706,1.79115,-1.62367,-29.7328,-0.689712,0.507187,-0.148355,-0.000625718,0.000617493,1.97332e-06,-0.101747,-0.100445,0.37006,0.374247,0.00248566,-9.48757e-07,0,0,True,True
2.11,-0,0,-0.00914606,0.000622633,-0.00061619,0.997906,-1.09583,1.12575,-1.36664,1.78299,-1.64126,-29.5718,-0.687155,0.515502,-0.148263,-0.000622633,0.00061619,1.40438e-06,-0,0,0.00971813,0.000622633,-0.00061619,-1.05997,-1.09583,1.12575,-1.36664,1.78299,-1.64126,-29.5718,-0.687155,0.515502,-0.148263,-0.000622633,0.00061619,1.40438e-06,-0.101596,-0.100307,0.376446,0.380677,0.00241902,-8.92981e-07,0,0,True,True
2.115,-0,0,-0.00915575,0.000619556,-0.000614604,0.995158,-1.09018,1.13469,-1.36605,1.77474,-1.65841,-29.4088,-0.684557,0.523726,-0.148182,-0.000619556,0.000614604,8.48148e-07,-0,0,0.00972852,0.000619556,-0.000614604,-1.05705,-1.09018,1.13469,-1.36605,1.77474,-1.65841,-29.4088,-0.684557,0.523726,-0.148182,-0.000619556,0.000614604,8.48148e-07,-0.101452,-0.100176,0.382777,0.38705,0.00235156,-8.37463e-07,0,0,True,True
2.12,-0,0,-0.00915806,0.000616487,-0.000612741,0.992391,-1.08449,1.14328,-1.36531,1.76641,-1.67513,-29.2439,-0.681918,0.53185,-0.148111,-0.000616487,0.000612741,3.05056e-07,-0,0,0.00973108,0.000616487,-0.000612741,-1.0541,-1.08449,1.14328,-1.36531,1.76641,-1.67513,-29.2439,-0.681918,0.53185,-0.148111,-0.000616487,0.000612741,3.05056e-07,-0.101314,-0.100051,0.38905,0.393363,0.00228331,-7.82228e-07,0,0,True,True
2.125,-0,0,-0.00915293,0.000613429,-0.000610611,0.989606,-1.07875,1.15153,-1.36441,1.75799,-1.6914,-29.0772,-0.679239,0.53987,-0.148049,-0.000613429,0.000610611,-2.24513e-07,-0,0,0.00972571,0.000613429,-0.000610611,-1.05114,-1.07875,1.15153,-1.36441,1.75799,-1.6914,-29.0772,-0.679239,0.53987,-0.148049,-0.000613429,0.000610611,-2.24513e-07,-0.101183,-0.0999317,0.39526,0.39961,0.00221427,-7.27301e-07,0,0,True,True
2.13,-0,0,-0.00914025,0.000610381,-0.000608222,0.986805,-1.07297,1.15944,-1.36335,1.74949,-1.70722,-28.9087,-0.67652,0.547778,-0.147996,-0.000610381,0.000608222,-7.40199e-07,-0,0,0.00971232,0.000610381,-0.000608222,-1.04816,-1.07297,1.15944,-1.36335,1.74949,-1.70722,-28.9087,-0.67652,0.547778,-0.147996,-0.000610381,0.000608222,-7.40199e-07,-0.101057,-0.0998181,0.401401,0.405787,0.00214445,-6.72706e-07,0,0,True,True
2.135,-0,0,-0.00911995,0.000607346,-0.000605582,0.983988,-1.06716,1.16701,-1.36213,1.74092,-1.72257,-28.7383,-0.673761,0.555569,-0.147951,-0.000607346,0.000605582,-1.24167e-06,-0,0,0.00969083,0.000607346,-0.000605582,-1.04517,-1.06716,1.16701,-1.36213,1.74092,-1.72257,-28.7383,-0.673761,0.555569,-0.147951,-0.000607346,0.000605582,-1.24167e-06,-0.100936,-0.0997094,0.407469,0.411888,0.00207388,-6.18466e-07,0,0,True,True
2.14,-0,0,-0.00909195,0.000604325,-0.0006027,0.981156,-1.0613,1.17423,-1.36075,1.73227,-1.73747,-28.5663,-0.670964,0.563236,-0.147914,-0.000604325,0.0006027,-1.72861e-06,-0,0,0.00966116,0.000604325,-0.0006027,-1.04216,-1.0613,1.17423,-1.36075,1.73227,-1.73747,-28.5663,-0.670964,0.563236,-0.147914,-0.000604325,0.0006027,-1.72861e-06,-0.100819,-0.0996052,0.41346,0.417908,0.00200257,-5.64602e-07,0,0,True,True
2.145,-0,0,-0.0090562,0.000601319,-0.000599584,0.97831,-1.05541,1.18111,-1.35922,1.72354,-1.75188,-28.3926,-0.668129,0.570772,-0.147883,-0.000601319,0.000599584,-2.20075e-06,-0,0,0.00962323,0.000601319,-0.000599584,-1.03913,-1.05541,1.18111,-1.35922,1.72354,-1.75188,-28.3926,-0.668129,0.570772,-0.147883,-0.000601319,0.000599584,-2.20075e-06,-0.100706,-0.0995049,0.419367,0.423844,0.00193053,-5.11137e-07,0,0,True,True
2.15,-0,0,-0.00901262,0.000598329,-0.000596243,0.975453,-1.04949,1.18765,-1.35753,1.71475,-1.76582,-28.2173,-0.665256,0.578172,-0.147857,-0.000598329,0.000596243,-2.65784e-06,-0,0,0.00957699,0.000598329,-0.000596243,-1.03609,-1.04949,1.18765,-1.35753,1.71475,-1.76582,-28.2173,-0.665256,0.578172,-0.147857,-0.000598329,0.000596243,-2.65784e-06,-0.100597,-0.099408,0.425186,0.429689,0.00185778,-4.58091e-07,0,0,True,True
2.155,-0,0,-0.00896116,0.000595357,-0.000592684,0.972584,-1.04354,1.19384,-1.35568,1.70588,-1.77926,-28.0405,-0.662347,0.585428,-0.147836,-0.000595357,0.000592684,-3.09965e-06,-0,0,0.00952237,0.000595357,-0.000592684,-1.03304,-1.04354,1.19384,-1.35568,1.70588,-1.77926,-28.0405,-0.662347,0.585428,-0.147836,-0.000595357,0.000592684,-3.09965e-06,-0.10049,-0.0993139,0.430912,0.435438,0.00178435,-4.05484e-07,0,0,True,True
2.16,-0,0,-0.00890176,0.000592403,-0.000588915,0.969705,-1.03755,1.19968,-1.35368,1.69695,-1.79221,-27.8621,-0.659402,0.592535,-0.147819,-0.000592403,0.000588915,-3.52597e-06,-0,0,0.00945931,0.000592403,-0.000588915,-1.02998,-1.03755,1.19968,-1.35368,1.69695,-1.79221,-27.8621,-0.659402,0.592535,-0.147819,-0.000592403,0.000588915,-3.52597e-06,-0.100386,-0.0992222,0.43654,0.441086,0.00171023,-3.53335e-07,0,0,True,True
2.165,-0,0,-0.00883437,0.000589468,-0.000584945,0.966816,-1.03154,1.20517,-1.35153,1.68796,-1.80466,-27.6823,-0.656422,0.599486,-0.147805,-0.000589468,0.000584945,-3.93665e-06,-0,0,0.00938776,0.000589468,-0.000584945,-1.02691,-1.03154,1.20517,-1.35153,1.68796,-1.80466,-27.6823,-0.656422,0.599486,-0.147805,-0.000589468,0.000584945,-3.93665e-06,-0.100284,-0.0991321,0.442064,0.446629,0.00163547,-3.01662e-07,0,0,True,True
2.17,-0,0,-0.00875895,0.000586553,-0.000580781,0.96392,-1.0255,1.21032,-1.34922,1.67891,-1.81659,-27.5011,-0.653407,0.606274,-0.147793,-0.000586553,0.000580781,-4.33153e-06,-0,0,0.00930766,0.000586553,-0.000580781,-1.02384,-1.0255,1.21032,-1.34922,1.67891,-1.81659,-27.5011,-0.653407,0.606274,-0.147793,-0.000586553,0.000580781,-4.33153e-06,-0.100182,-0.0990432,0.44748,0.45206,0.00156006,-2.50482e-07,0,0,True,True
2.175,-0,0,-0.00867546,0.00058366,-0.000576431,0.961017,-1.01944,1.21511,-1.34676,1.6698,-1.828,-27.3186,-0.650359,0.612893,-0.147782,-0.00058366,0.000576431,-4.71048e-06,-0,0,0.00921899,0.00058366,-0.000576431,-1.02075,-1.01944,1.21511,-1.34676,1.6698,-1.828,-27.3186,-0.650359,0.612893,-0.147782,-0.00058366,0.000576431,-4.71048e-06,-0.100081,-0.0989549,0.452781,0.457375,0.00148404,-1.99813e-07,0,0,True,True
2.18,-0,0,-0.00858386,0.000580789,-0.000571902,0.958108,-1.01335,1.21955,-1.34416,1.66063,-1.83889,-27.1348,-0.647278,0.619337,-0.147771,-0.000580789,0.000571902,-5.07343e-06,-0,0,0.0091217,0.000580789,-0.000571902,-1.01766,-1.01335,1.21955,-1.34416,1.66063,-1.83889,-27.1348,-0.647278,0.619337,-0.147771,-0.000580789,0.000571902,-5.07343e-06,-0.0999807,-0.0988665,0.457964,0.462568,0.00140742,-1.49671e-07,0,0,True,True
2.185,-0,0,-0.00848411,0.000577941,-0.000567203,0.955195,-1.00724,1.22363,-1.34141,1.65141,-1.84923,-26.9498,-0.644165,0.625599,-0.147759,-0.000577941,0.000567203,-5.42028e-06,-0,0,0.00901574,0.000577941,-0.000567203,-1.01456,-1.00724,1.22363,-1.34141,1.65141,-1.84923,-26.9498,-0.644165,0.625599,-0.147759,-0.000577941,0.000567203,-5.42028e-06,-0.0998793,-0.0987776,0.463021,0.467635,0.00133022,-1.00071e-07,0,0,True,True
2.19,-0,0,-0.00837618,0.000575117,-0.000562339,0.952278,-1.00111,1.22736,-1.33851,1.64214,-1.85903,-26.7637,-0.641022,0.631671,-0.147746,-0.000575117,0.000562339,-5.751e-06,-0,0,0.0089011,0.000575117,-0.000562339,-1.01146,-1.00111,1.22736,-1.33851,1.64214,-1.85903,-26.7637,-0.641022,0.631671,-0.147746,-0.000575117,0.000562339,-5.751e-06,-0.0997768,-0.0986875,0.467949,0.472568,0.00125247,-5.10287e-08,0,0,True,True
2.195,-0,0,-0.00826006,0.000572318,-0.000557319,0.949359,-0.994968,1.23073,-1.33547,1.63282,-1.86828,-26.5764,-0.637849,0.637549,-0.14773,-0.000572318,0.000557319,-6.06557e-06,-0,0,0.00877773,0.000572318,-0.000557319,-1.00836,-0.994968,1.23073,-1.33547,1.63282,-1.86828,-26.5764,-0.637849,0.637549,-0.14773,-0.000572318,0.000557319,-6.06557e-06,-0.0996725,-0.0985956,0.472742,0.477364,0.00117419,-2.55782e-09,0,0,True,True
2.2,-0,0,-0.0081357,0.000569544,-0.000552148,0.946438,-0.988806,1.23374,-1.33229,1.62345,-1.87697,-26.3882,-0.634647,0.643225,-0.147711,-0.000569544,0.000552148,-6.36397e-06,-0,0,0.00864562,0.000569544,-0.000552148,-1.00526,-0.988806,1.23374,-1.33229,1.62345,-1.87697,-26.3882,-0.634647,0.643225,-0.147711,-0.000569544,0.000552148,-6.36397e-06,-0.0995659,-0.0985014,0.477393,0.482017,0.0010954,4.53277e-08,0,0,True,True
2.205,-0,0,-0.0080031,0.000566796,-0.000546835,0.943518,-0.98263,1.23639,-1.32897,1.61405,-1.88508,-26.1989,-0.631416,0.648693,-0.147687,-0.000566796,0.000546835,-6.64623e-06,-0,0,0.00850475,0.000566796,-0.000546835,-1.00216,-0.98263,1.23639,-1.32897,1.61405,-1.88508,-26.1989,-0.631416,0.648693,-0.147687,-0.000566796,0.000546835,-6.64623e-06,-0.0994564,-0.0984043,0.481899,0.48652,0.00101613,9.26146e-08,0,0,True,True
2.21,-0,0,-0.00786224,0.000564075,-0.000541385,0.940598,-0.976442,1.23867,-1.32551,1.6046,-1.89261,-26.0088,-0.62816,0.653947,-0.147658,-0.000564075,0.000541385,-6.91239e-06,-0,0,0.0083551,0.000564075,-0.000541385,-0.999057,-0.976442,1.23867,-1.32551,1.6046,-1.89261,-26.0088,-0.62816,0.653947,-0.147658,-0.000564075,0.000541385,-6.91239e-06,-0.0993435,-0.0983038,0.486252,0.49087,0.000936389,1.3929e-07,0,0,True,True
2.215,-0,0,-0.00771311,0.000561382,-0.000535805,0.937681,-0.970244,1.24058,-1.32192,1.59512,-1.89956,-25.8178,-0.624877,0.658978,-0.147623,-0.000561382,0.000535805,-7.16251e-06,-0,0,0.00819666,0.000561382,-0.000535805,-0.995958,-0.970244,1.24058,-1.32192,1.59512,-1.89956,-25.8178,-0.624877,0.658978,-0.147623,-0.000561382,0.000535805,-7.16251e-06,-0.0992267,-0.0981995,0.490448,0.49506,0.00085622,1.85342e-07,0,0,True,True
2.22,-0,0,-0.00755569,0.000558717,-0.000530101,0.934767,-0.964036,1.24212,-1.3182,1.58561,-1.90591,-25.6261,-0.62157,0.663782,-0.14758,-0.000558717,0.000530101,-7.39668e-06,-0,0,0.00802941,0.000558717,-0.000530101,-0.992863,-0.964036,1.24212,-1.3182,1.58561,-1.90591,-25.6261,-0.62157,0.663782,-0.14758,-0.000558717,0.000530101,-7.39668e-06,-0.0991055,-0.0980906,0.494481,0.499084,0.000775643,2.30759e-07,0,0,True,True
2.225,-0,0,-0.00738998,0.000556081,-0.000524279,0.931858,-0.957822,1.24329,-1.31435,1.57606,-1.91165,-25.4336,-0.618239,0.668351,-0.14753,-0.000556081,0.000524279,-7.61499e-06,-0,0,0.00785335,0.000556081,-0.000524279,-0.989773,-0.957822,1.24329,-1.31435,1.57606,-1.91165,-25.4336,-0.618239,0.668351,-0.14753,-0.000556081,0.000524279,-7.61499e-06,-0.0989794,-0.0979769,0.498345,0.502937,0.000694686,2.7553e-07,0,0,True,True
2.23,-0,0,-0.00721599,0.000553474,-0.000518346,0.928954,-0.951603,1.24409,-1.31037,1.56649,-1.91677,-25.2405,-0.614886,0.672679,-0.147472,-0.000553474,0.000518346,-7.81757e-06,-0,0,0.00766848,0.000553474,-0.000518346,-0.986689,-0.951603,1.24409,-1.31037,1.56649,-1.91677,-25.2405,-0.614886,0.672679,-0.147472,-0.000553474,0.000518346,-7.81757e-06,-0.098848,-0.0978579,0.502036,0.506614,0.000613378,3.19643e-07,0,0,True,True
2.235,-0,0,-0.0070337,0.000550898,-0.000512306,0.926056,-0.945381,1.2445,-1.30627,1.55689,-1.92126,-25.0468,-0.611512,0.676759,-0.147404,-0.000550898,0.000512306,-8.00454e-06,-0,0,0.00747481,0.000550898,-0.000512306,-0.983612,-0.945381,1.2445,-1.30627,1.55689,-1.92126,-25.0468,-0.611512,0.676759,-0.147404,-0.000550898,0.000512306,-8.00454e-06,-0.0987108,-0.097733,0.505546,0.510108,0.000531749,3.63089e-07,0,0,True,True
2.24,-0,0,-0.00684314,0.000548351,-0.000506166,0.923167,-0.939158,1.24453,-1.30204,1.54728,-1.92512,-24.8526,-0.608119,0.680585,-0.147327,-0.000548351,0.000506166,-8.17607e-06,-0,0,0.00727233,0.000548351,-0.000506166,-0.980544,-0.939158,1.24453,-1.30204,1.54728,-1.92512,-24.8526,-0.608119,0.680585,-0.147327,-0.000548351,0.000506166,-8.17607e-06,-0.0985675,-0.0976021,0.50887,0.513414,0.00044983,4.05857e-07,0,0,True,True
2.245,-0,0,-0.00664431,0.000545836,-0.000499931,0.920286,-0.932936,1.24418,-1.2977,1.53764,-1.92833,-24.658,-0.604707,0.68415,-0.147239,-0.000545836,0.000499931,-8.33232e-06,-0,0,0.00706107,0.000545836,-0.000499931,-0.977485,-0.932936,1.24418,-1.2977,1.53764,-1.92833,-24.658,-0.604707,0.68415,-0.147239,-0.000545836,0.000499931,-8.33232e-06,-0.0984177,-0.0974646,0.512003,0.516527,0.000367651,4.47938e-07,0,0,True,True
2.25,-0,0,-0.00643723,0.000543352,-0.000493607,0.917415,-0.926717,1.24344,-1.29324,1.52799,-1.93088,-24.4629,-0.601277,0.687446,-0.147139,-0.000543352,0.000493607,-8.47347e-06,-0,0,0.00684104,0.000543352,-0.000493607,-0.974436,-0.926717,1.24344,-1.29324,1.52799,-1.93088,-24.4629,-0.601277,0.687446,-0.147139,-0.000543352,0.000493607,-8.47347e-06,-0.0982611,-0.0973203,0.514938,0.51944,0.000285247,4.89322e-07,0,0,True,True
2.255,-0,0,-0.00622191,0.0005409,-0.000487197,0.914556,-0.920502,1.2423,-1.28867,1.51833,-1.93277,-24.2676,-0.597832,0.690468,-0.147029,-0.0005409,0.000487197,-8.59973e-06,-0,0,0.00661226,0.0005409,-0.000487197,-0.9714,-0.920502,1.2423,-1.28867,1.51833,-1.93277,-24.2676,-0.597832,0.690468,-0.147029,-0.0005409,0.000487197,-8.59972e-06,-0.0980974,-0.0971689,0.517671,0.522148,0.00020265,5.3e-07,0,0,True,True
2.26,-0,0,-0.00599839,0.00053848,-0.000480707,0.911709,-0.914294,1.24077,-1.28399,1.50867,-1.93398,-24.072,-0.594373,0.693209,-0.146906,-0.00053848,0.000480707,-8.71129e-06,-0,0,0.00637477,0.00053848,-0.000480707,-0.968377,-0.914294,1.24077,-1.28399,1.50867,-1.93398,-24.072,-0.594373,0.693209,-0.146906,-0.00053848,0.000480707,-8.71129e-06,-0.0979265,-0.0970102,0.520194,0.524645,0.000119897,5.69964e-07,0,0,True,True
2.265,-0,0,-0.0057667,0.000536093,-0.000474142,0.908875,-0.908094,1.23883,-1.27921,1.49899,-1.93449,-23.8763,-0.5909,0.695662,-0.146771,-0.000536093,0.000474142,-8.80839e-06,-0,0,0.00612859,0.000536093,-0.000474142,-0.965368,-0.908094,1.23883,-1.27921,1.49899,-1.93449,-23.8763,-0.5909,0.695662,-0.146771,-0.000536093,0.000474142,-8.80839e-06,-0.0977481,-0.096844,0.522503,0.526925,3.70222e-05,6.09205e-07,0,0,True,True
2.27,-0,0,-0.00552687,0.000533739,-0.000467507,0.906056,-0.901905,1.23649,-1.27432,1.48932,-1.93431,-23.6805,-0.587416,0.69782,-0.146624,-0.000533739,0.000467507,-8.89126e-06,-0,0,0.00587376,0.000533739,-0.000467507,-0.962375,-0.901905,1.23649,-1.27432,1.48932,-1.93431,-23.6805,-0.587416,0.69782,-0.146624,-0.000533739,0.000467507,-8.89126e-06,-0.0975621,-0.0966702,0.524591,0.528982,-4.59355e-05,6.47716e-07,0,0,True,True
2.275,-0,0,-0.00527895,0.000531418,-0.000460805,0.903252,-0.895729,1.23374,-1.26934,1.47965,-1.93342,-23.4846,-0.583922,0.699677,-0.146463,-0.000531418,0.000460805,-8.96015e-06,-0,0,0.00561034,0.000531418,-0.000460805,-0.959398,-0.895729,1.23374,-1.26934,1.47965,-1.93342,-23.4846,-0.583922,0.699677,-0.146463,-0.000531418,0.000460805,-8.96014e-06,-0.0973684,-0.0964887,0.526453,0.530811,-0.000128938,6.85487e-07,0,0,True,True
2.28,-0,0,-0.00502299,0.000529131,-0.000454041,0.900464,-0.889568,1.23057,-1.26425,1.46999,-1.9318,-23.2888,-0.580419,0.701226,-0.14629,-0.000529131,0.000454041,-9.0153e-06,-0,0,0.00533837,0.000529131,-0.000454041,-0.956439,-0.889568,1.23057,-1.26425,1.46999,-1.9318,-23.2888,-0.580419,0.701226,-0.14629,-0.000529131,0.000454041,-9.0153e-06,-0.0971671,-0.0962994,0.528082,0.532405,-0.000211944,7.22513e-07,0,0,True,True
2.285,-0,0,-0.00475904,0.000526877,-0.000447218,0.897695,-0.883423,1.22699,-1.25908,1.46033,-1.92945,-23.0931,-0.57691,0.702459,-0.146104,-0.000526877,0.000447218,-9.05699e-06,-0,0,0.00505792,0.000526877,-0.000447218,-0.953498,-0.883423,1.22699,-1.25908,1.46033,-1.92945,-23.0931,-0.57691,0.702459,-0.146104,-0.000526877,0.000447218,-9.05698e-06,-0.0969582,-0.0961024,0.529473,0.533759,-0.000294914,7.58784e-07,0,0,True,True
2.29,-0,0,-0.00448718,0.000524658,-0.000440341,0.894944,-0.877298,1.22298,-1.25382,1.45069,-1.92635,-22.8976,-0.573395,0.703371,-0.145905,-0.000524658,0.000440341,-9.08548e-06,-0,0,0.00476906,0.000524658,-0.000440341,-0.950578,-0.877298,1.22298,-1.25382,1.45069,-1.92635,-22.8976,-0.573395,0.703371,-0.145905,-0.000524658,0.000440341,-9.08548e-06,-0.0967416,-0.0958979,0.530619,0.534866,-0.000377805,7.94294e-07,0,0,True,True
2.295,-0,0,-0.00420748,0.000522474,-0.000433414,0.892213,-0.871194,1.21854,-1.24847,1.44107,-1.9225,-22.7023,-0.569876,0.703955,-0.145693,-0.000522474,0.000433414,-9.10106e-06,-0,0,0.00447186,0.000522474,-0.000433414,-0.947679,-0.871194,1.21854,-1.24847,1.44107,-1.9225,-22.7023,-0.569876,0.703955,-0.145693,-0.000522474,0.000433414,-9.10106e-06,-0.0965177,-0.0956858,0.531515,0.535722,-0.000460572,8.29036e-07,0,0,True,True
2.3,-0,0,-0.00392002,0.000520324,-0.00042644,0.889503,-0.865113,1.21367,-1.24305,1.43147,-1.91787,-22.5074,-0.566355,0.704203,-0.145469,-0.000520324,0.00042644,-9.10402e-06,-0,0,0.00416642,0.000520324,-0.00042644,-0.944802,-0.865113,1.21367,-1.24304,1.43147,-1.91787,-22.5074,-0.566355,0.704203,-0.145469,-0.000520324,0.00042644,-9.10402e-06,-0.0962866,-0.0954665,0.532154,0.536319,-0.000543171,8.63003e-07,0,0,True,True
2.305,-0,0,-0.00362489,0.00051821,-0.000419422,0.886815,-0.859057,1.20836,-1.23754,1.42189,-1.91247,-22.3129,-0.562834,0.704109,-0.145233,-0.00051821,0.000419422,-9.09465e-06,-0,0,0.00385284,0.00051821,-0.000419422,-0.941948,-0.859057,1.20836,-1.23754,1.42189,-1.91247,-22.3129,-0.562834,0.704109,-0.145233,-0.00051821,0.000419422,-9.09465e-06,-0.0960486,-0.0952401,0.532532,0.536652,-0.000625554,8.96188e-07,0,0,True,True
2.31,-0,0,-0.0033222,0.00051613,-0.000412363,0.884149,-0.853029,1.20261,-1.23197,1.41234,-1.90627,-22.1189,-0.559314,0.703667,-0.144985,-0.00051613,0.000412363,-9.07325e-06,-0,0,0.00353122,0.00051613,-0.000412363,-0.939119,-0.853029,1.20261,-1.23197,1.41234,-1.90627,-22.1189,-0.559314,0.703667,-0.144985,-0.00051613,0.000412363,-9.07325e-06,-0.0958039,-0.095007,0.532641,0.536716,-0.000707674,9.28584e-07,0,0,True,True
2.315,-0,0,-0.00301205,0.000514086,-0.000405267,0.881508,-0.847031,1.1964,-1.22632,1.40283,-1.89927,-21.9255,-0.555797,0.702869,-0.144725,-0.000514086,0.000405267,-9.04012e-06,-0,0,0.00320168,0.000514086,-0.000405267,-0.936315,-0.847031,1.1964,-1.22632,1.40283,-1.89927,-21.9255,-0.555797,0.702869,-0.144725,-0.000514086,0.000405267,-9.04012e-06,-0.0955529,-0.0947676,0.532476,0.536503,-0.00078948,9.60186e-07,0,0,True,True
2.32,-0,0,-0.00269458,0.000512077,-0.000398137,0.878892,-0.841065,1.18974,-1.22062,1.39335,-1.89145,-21.7327,-0.552285,0.701709,-0.144455,-0.000512077,0.000398137,-8.99559e-06,-0,0,0.00286436,0.000512077,-0.000398137,-0.933538,-0.841065,1.18974,-1.22061,1.39335,-1.89145,-21.7327,-0.552285,0.701709,-0.144455,-0.000512077,0.000398137,-8.99558e-06,-0.0952962,-0.0945222,0.53203,0.536009,-0.000870922,9.90985e-07,0,0,True,True
2.325,-0,0,-0.00236993,0.000510105,-0.000390975,0.876302,-0.835133,1.18262,-1.21485,1.38391,-1.8828,-21.5406,-0.54878,0.70018,-0.144175,-0.000510105,0.000390975,-8.93995e-06,-0,0,0.0025194,0.000510105,-0.000390975,-0.930789,-0.835133,1.18262,-1.21485,1.38391,-1.8828,-21.5406,-0.54878,0.70018,-0.144175,-0.000510105,0.000390975,-8.93995e-06,-0.095034,-0.0942713,0.531299,0.535228,-0.000951948,1.02098e-06,0,0,True,True
2.33,-0,0,-0.00203823,0.000508168,-0.000383784,0.873739,-0.829239,1.17503,-1.20903,1.37452,-1.87331,-21.3493,-0.545283,0.698275,-0.143885,-0.000508168,0.000383784,-8.87354e-06,-0,0,0.00216696,0.000508168,-0.000383784,-0.928068,-0.829239,1.17503,-1.20903,1.37452,-1.87331,-21.3493,-0.545283,0.698275,-0.143885,-0.000508168,0.000383784,-8.87354e-06,-0.094767,-0.0940154,0.530276,0.534153,-0.0010325,1.05015e-06,0,0,True,True
2.335,-0,0,-0.00169965,0.000506267,-0.000376567,0.871203,-0.823383,1.16697,-1.20315,1.36518,-1.86296,-21.159,-0.541797,0.695989,-0.143587,-0.000506267,0.000376567,-8.79667e-06,-0,0,0.00180722,0.000506267,-0.000376567,-0.925377,-0.823383,1.16697,-1.20315,1.36518,-1.86296,-21.159,-0.541797,0.695989,-0.143587,-0.000506267,0.000376567,-8.79667e-06,-0.0944957,-0.0937551,0.528955,0.532779,-0.00111253,1.07851e-06,0,0,True,True
2.34,-0,0,-0.00135438,0.000504402,-0.000369326,0.868697,-0.817569,1.15844,-1.19724,1.35589,-1.85175,-20.9695,-0.538324,0.693314,-0.143281,-0.000504402,0.000369326,-8.70967e-06,-0,0,0.00144036,0.000504402,-0.000369326,-0.922717,-0.817569,1.15844,-1.19724,1.35589,-1.85175,-20.9695,-0.538324,0.693314,-0.143281,-0.000504402,0.000369326,-8.70967e-06,-0.0942206,-0.0934909,0.527331,0.5311,-0.00119198,1.10604e-06,0,0,True,True
2.345,-0,0,-0.00100261,0.000502574,-0.000362063,0.866221,-0.811799,1.14942,-1.19128,1.34666,-1.83966,-20.7811,-0.534864,0.690244,-0.142968,-0.000502574,0.000362063,-8.61287e-06,-0,0,0.00106659,0.000502574,-0.000362063,-0.920089,-0.811799,1.14942,-1.19128,1.34666,-1.83966,-20.7811,-0.534864,0.690244,-0.142968,-0.000502574,0.000362063,-8.61287e-06,-0.0939424,-0.0932234,0.525398,0.529111,-0.00127078,1.13274e-06,0,0,True,True
2.35,-0,0,-0.000644538,0.000500781,-0.00035478,0.863776,-0.806075,1.13991,-1.18529,1.3375,-1.82668,-20.5939,-0.531421,0.686773,-0.142649,-0.000500781,0.00035478,-8.50661e-06,-0,0,0.000686135,0.000500781,-0.00035478,-0.917493,-0.806075,1.13991,-1.18529,1.3375,-1.82668,-20.5939,-0.531421,0.686773,-0.142649,-0.000500781,0.00035478,-8.50661e-06,-0.0936616,-0.0929532,0.52315,0.526806,-0.00134888,1.1586e-06,0,0,True,True
2.355,-0,0,-0.000280398,0.000499026,-0.00034748,0.861362,-0.8004,1.1299,-1.17926,1.3284,-1.81279,-20.4078,-0.527996,0.682894,-0.142325,-0.000499026,0.00034748,-8.39122e-06,-0,0,0.00029923,0.000499026,-0.00034748,-0.914932,-0.8004,1.1299,-1.17926,1.3284,-1.81279,-20.4078,-0.527996,0.682894,-0.142325,-0.000499026,0.00034748,-8.39122e-06,-0.0933789,-0.0926808,0.520582,0.524179,-0.00142621,1.18362e-06,0,0,True,True
2.36,-0,0,8.95674e-05,0.000497307,-0.000340164,0.858982,-0.794776,1.11939,-1.17322,1.31937,-1.798,-20.2231,-0.524592,0.678602,-0.141996,-0.000497307,0.000340164,-8.26704e-06,-0,0,-9.38652e-05,0.000497307,-0.000340164,-0.912405,-0.794776,1.11939,-1.17322,1.31937,-1.798,-20.2231,-0.524592,0.678602,-0.141996,-0.000497307,0.000340164,-8.26704e-06,-0.0930947,-0.0924069,0.517688,0.521225,-0.00150272,1.20778e-06,0,0,True,True
2.365,-0,0,0.000465097,0.000495624,-0.000332834,0.856635,-0.789206,1.10838,-1.16715,1.31042,-1.78227,-20.0397,-0.52121,0.67389,-0.141664,-0.000495624,0.000332834,-8.13442e-06,-0,0,-0.000492872,0.000495624,-0.000332834,-0.909914,-0.789206,1.10838,-1.16715,1.31042,-1.78227,-20.0397,-0.52121,0.67389,-0.141664,-0.000495624,0.000332834,-8.13442e-06,-0.0928096,-0.0921318,0.514463,0.51794,-0.00157834,1.23109e-06,0,0,True,True
2.37,-0,0,0.000845911,0.000493978,-0.000325492,0.854322,-0.783692,1.09686,-1.16107,1.30155,-1.76561,-19.8578,-0.517853,0.668753,-0.141329,-0.000493978,0.000325492,-7.9937e-06,-0,0,-0.000897492,0.000493978,-0.000325492,-0.907459,-0.783692,1.09686,-1.16107,1.30155,-1.76561,-19.8578,-0.517853,0.668753,-0.141329,-0.000493978,0.000325492,-7.99371e-06,-0.092524,-0.0918562,0.510903,0.514317,-0.001653,1.25353e-06,0,0,True,True
2.375,-0,0,0.00123171,0.000492369,-0.000318139,0.852046,-0.778237,1.08482,-1.15498,1.29276,-1.748,-19.6775,-0.514523,0.663185,-0.140991,-0.000492369,0.000318139,-7.84525e-06,-0,0,-0.00130741,0.000492369,-0.000318139,-0.905043,-0.778237,1.08482,-1.15498,1.29276,-1.748,-19.6775,-0.514523,0.663185,-0.140991,-0.000492369,0.000318139,-7.84526e-06,-0.0922383,-0.0915802,0.507001,0.510352,-0.00172663,1.27511e-06,0,0,True,True
2.38,-0,0,0.00162217,0.000490797,-0.000310777,0.849805,-0.772844,1.07225,-1.14889,1.28407,-1.72943,-19.4988,-0.511221,0.65718,-0.140651,-0.000490797,0.000310777,-7.68943e-06,-0,0,-0.00172228,0.000490797,-0.000310777,-0.902665,-0.772844,1.07225,-1.14889,1.28407,-1.72943,-19.4988,-0.511221,0.65718,-0.140651,-0.000490797,0.000310777,-7.68944e-06,-0.0919527,-0.0913041,0.502753,0.50604,-0.00179917,1.29581e-06,0,0,True,True
2.385,-0,0,0.00201695,0.000489261,-0.000303407,0.847602,-0.767515,1.05916,-1.1428,1.27547,-1.7099,-19.3219,-0.507951,0.650734,-0.140309,-0.000489261,0.000303407,-7.5266e-06,-0,0,-0.00214174,0.000489261,-0.000303407,-0.900327,-0.767515,1.05916,-1.1428,1.27547,-1.7099,-19.3218,-0.507951,0.650734,-0.140309,-0.000489261,0.000303407,-7.52661e-06,-0.0916672,-0.091028,0.498155,0.501377,-0.00187053,1.31564e-06,0,0,True,True
2.39,-0,0,0.0024157,0.000487763,-0.000296031,0.845437,-0.762252,1.04554,-1.13672,1.26697,-1.68938,-19.1468,-0.504714,0.643842,-0.139965,-0.000487763,0.000296031,-7.35716e-06,-0,0,-0.00256541,0.000487763,-0.000296031,-0.898029,-0.762252,1.04554,-1.13673,1.26697,-1.68938,-19.1467,-0.504714,0.643842,-0.139965,-0.000487763,0.000296031,-7.35717e-06,-0.0913818,-0.0907517,0.493203,0.496358,-0.00194067,1.33457e-06,0,0,True,True
2.395,-0,0,0.00281802,0.000486301,-0.000288649,0.843311,-0.757059,1.03138,-1.13066,1.25857,-1.66788,-18.9736,-0.501513,0.636498,-0.139617,-0.000486301,0.000288649,-7.18148e-06,-0,0,-0.00299288,0.000486301,-0.000288649,-0.895772,-0.757059,1.03138,-1.13066,1.25857,-1.66788,-18.9736,-0.501513,0.636498,-0.139617,-0.000486301,0.000288649,-7.18149e-06,-0.0910959,-0.0904748,0.487891,0.49098,-0.00200948,1.35262e-06,0,0,True,True
2.4,-0,0,0.00322352,0.000484876,-0.000281263,0.841225,-0.751938,1.01668,-1.12462,1.25029,-1.64538,-18.8025,-0.498349,0.628699,-0.139266,-0.000484876,0.000281263,-6.99999e-06,-0,0,-0.00342373,0.000484876,-0.000281263,-0.893558,-0.751938,1.01668,-1.12462,1.25029,-1.64538,-18.8024,-0.498349,0.628699,-0.139266,-0.000484876,0.000281263,-7e-06,-0.0908089,-0.0901967,0.482216,0.485237,-0.00207691,1.36976e-06,0,0,True,True
2.405,-0,0,0.00363176,0.000483488,-0.000273874,0.839179,-0.746892,1.00144,-1.11861,1.24212,-1.62188,-18.6334,-0.495226,0.620441,-0.138909,-0.000483488,0.000273874,-6.8131e-06,-0,0,-0.00385749,0.000483488,-0.000273874,-0.891387,-0.746892,1.00144,-1.11861,1.24212,-1.62188,-18.6334,-0.495226,0.620441,-0.138909,-0.000483488,0.000273874,-6.81311e-06,-0.0905198,-0.0899161,0.476175,0.479127,-0.00214288,1.38601e-06,0,0,True,True
2.41,-0,0,0.00404232,0.000482138,-0.000266482,0.837174,-0.741924,0.985646,-1.11263,1.23407,-1.59737,-18.4667,-0.492145,0.61172,-0.138543,-0.000482138,0.000266482,-6.62127e-06,-0,0,-0.00429371,0.000482138,-0.000266482,-0.889259,-0.741924,0.985646,-1.11263,1.23407,-1.59737,-18.4666,-0.492145,0.61172,-0.138543,-0.000482138,0.000266482,-6.62128e-06,-0.0902268,-0.0896317,0.469765,0.472647,-0.00220731,1.40134e-06,0,0,True,True
2.415,-0,0,0.00445471,0.000480824,-0.000259089,0.835212,-0.737036,0.969303,-1.10669,1.22614,-1.57184,-18.3022,-0.489108,0.602533,-0.138166,-0.000480824,0.000259089,-6.42495e-06,-0,0,-0.00473188,0.000480824,-0.000259089,-0.887177,-0.737036,0.969303,-1.10669,1.22614,-1.57184,-18.3022,-0.489108,0.602533,-0.138166,-0.000480824,0.000259089,-6.42497e-06,-0.0899282,-0.0893414,0.462982,0.465794,-0.00227011,1.41575e-06,0,0,True,True
2.42,-0,0,0.00486845,0.000479547,-0.000251695,0.833293,-0.732231,0.952407,-1.1008,1.21835,-1.54528,-18.1402,-0.486119,0.592877,-0.137774,-0.000479547,0.000251695,-6.22466e-06,-0,0,-0.00517148,0.000479547,-0.000251695,-0.88514,-0.732231,0.952407,-1.1008,1.21835,-1.54528,-18.1402,-0.486119,0.592877,-0.137774,-0.000479547,0.000251695,-6.22468e-06,-0.0896213,-0.0890426,0.455823,0.458565,-0.00233122,1.42924e-06,0,0,True,True
2.425,-0,0,0.00528304,0.000478307,-0.0002443,0.831417,-0.727512,0.934956,-1.09496,1.21069,-1.51771,-17.9807,-0.48318,0.58275,-0.137362,-0.000478307,0.0002443,-6.02093e-06,-0,0,-0.00561199,0.000478307,-0.0002443,-0.883149,-0.727512,0.934956,-1.09496,1.21069,-1.51771,-17.9807,-0.48318,0.58275,-0.137362,-0.000478307,0.0002443,-6.02095e-06,-0.0893028,-0.0887322,0.448288,0.450958,-0.00239054,1.44181e-06,0,0,True,True
2.43,-0,0,0.00569795,0.000477104,-0.000236907,0.829585,-0.722881,0.916948,-1.08918,1.20317,-1.4891,-17.8238,-0.480292,0.57215,-0.136924,-0.000477104,0.000236907,-5.81432e-06,-0,0,-0.00605284,0.000477104,-0.000236907,-0.881205,-0.722881,0.916948,-1.08918,1.20317,-1.4891,-17.8238,-0.480292,0.57215,-0.136924,-0.000477104,0.000236907,-5.81434e-06,-0.0889689,-0.0884063,0.440374,0.442971,-0.002448,1.45344e-06,0,0,True,True
2.435,-0,0,0.00611265,0.000475938,-0.000229514,0.827799,-0.718342,0.898383,-1.08347,1.1958,-1.45946,-17.6697,-0.477458,0.561077,-0.136452,-0.000475938,0.000229514,-5.60545e-06,-0,0,-0.00649346,0.000475938,-0.000229514,-0.879309,-0.718342,0.898383,-1.08347,1.1958,-1.45946,-17.6697,-0.477458,0.561077,-0.136452,-0.000475938,0.000229514,-5.60547e-06,-0.0886149,-0.0880602,0.43208,0.434604,-0.00250351,1.46413e-06,0,0,True,True
2.44,-0,0,0.00652657,0.000474809,-0.000222122,0.826058,-0.713898,0.87926,-1.07782,1.18858,-1.42879,-17.5184,-0.474681,0.549529,-0.135938,-0.000474809,0.000222122,-5.39497e-06,-0,0,-0.00693324,0.000474809,-0.000222122,-0.877462,-0.713898,0.87926,-1.07783,1.18858,-1.42879,-17.5184,-0.474681,0.549529,-0.135938,-0.000474809,0.000222122,-5.39499e-06,-0.0882355,-0.0876886,0.423405,0.425855,-0.002557,1.47387e-06,0,0,True,True
2.445,-0,0,0.00693913,0.000473716,-0.000214733,0.824364,-0.70955,0.85958,-1.07225,1.18151,-1.39709,-17.3701,-0.471963,0.537507,-0.135373,-0.000473716,0.000214733,-5.18358e-06,-0,0,-0.00737159,0.000473716,-0.000214733,-0.875664,-0.70955,0.85958,-1.07226,1.18151,-1.39709,-17.3701,-0.471963,0.537507,-0.135373,-0.000473716,0.000214733,-5.1836e-06,-0.0878244,-0.0872854,0.414349,0.416725,-0.00260837,1.48266e-06,0,0,True,True
2.45,-0,0,0.00734974,0.000472661,-0.000207346,0.822716,-0.705302,0.839344,-1.06677,1.17461,-1.36436,-17.2249,-0.469306,0.525012,-0.134746,-0.000472661,0.000207346,-4.97204e-06,-0,0,-0.00780786,0.000472661,-0.000207346,-0.873916,-0.705302,0.839344,-1.06678,1.17461,-1.36436,-17.2248,-0.469306,0.525012,-0.134746,-0.000472661,0.000207346,-4.97206e-06,-0.0873748,-0.0868437,0.404913,0.407214,-0.00265755,1.49049e-06,0,0,True,True
2.455,-0,0,0.00775777,0.000471643,-0.000199961,0.821117,-0.701156,0.818555,-1.06137,1.16787,-1.3306,-17.0828,-0.466713,0.512044,-0.134045,-0.000471643,0.000199961,-4.76113e-06,-0,0,-0.0082414,0.000471643,-0.000199961,-0.872218,-0.701156,0.818555,-1.06138,1.16787,-1.3306,-17.0828,-0.466713,0.512044,-0.134046,-0.000471643,0.000199961,-4.76116e-06,-0.0868794,-0.0863563,0.395097,0.397323,-0.00270444,1.49735e-06,0,0,True,True
2.46,-0,0,0.00816259,0.000470662,-0.000192579,0.819565,-0.697116,0.797215,-1.05607,1.1613,-1.29582,-16.944,-0.464186,0.498608,-0.13326,-0.000470662,0.000192579,-4.5517e-06,-0,0,-0.00867152,0.000470662,-0.000192579,-0.870572,-0.697116,0.797215,-1.05608,1.1613,-1.29582,-16.944,-0.464186,0.498608,-0.13326,-0.000470662,0.000192579,-4.55173e-06,-0.0863307,-0.0858157,0.384904,0.387054,-0.00274897,1.50325e-06,0,0,True,True
2.465,-0,0,0.00856351,0.000469717,-0.0001852,0.818063,-0.693184,0.775328,-1.05087,1.15491,-1.26003,-16.8086,-0.461727,0.484705,-0.132378,-0.000469717,0.0001852,-4.34459e-06,-0,0,-0.00909749,0.000469717,-0.0001852,-0.868978,-0.693184,0.775328,-1.05088,1.15491,-1.26003,-16.8086,-0.461727,0.484705,-0.132378,-0.000469717,0.0001852,-4.34462e-06,-0.0857214,-0.0852145,0.374336,0.37641,-0.00279105,1.50816e-06,0,0,True,True
2.47,-0,0,0.00895981,0.00046881,-0.000177825,0.81661,-0.689363,0.7529,-1.04578,1.1487,-1.22324,-16.6767,-0.459339,0.47034,-0.131389,-0.00046881,0.000177825,-4.14066e-06,-0,0,-0.00951856,0.00046881,-0.000177825,-0.867437,-0.689363,0.7529,-1.04579,1.1487,-1.22324,-16.6767,-0.459339,0.47034,-0.131389,-0.00046881,0.000177825,-4.14069e-06,-0.085045,-0.0845465,0.363395,0.365392,-0.00283059,1.5121e-06,0,0,True,True
2.475,-0,0,0.0093507,0.000467939,-0.000170452,0.815207,-0.685655,0.729937,-1.0408,1.14268,-1.18545,-16.5484,-0.457023,0.455517,-0.130287,-0.000467939,0.000170452,-3.94073e-06,-0,0,-0.00993387,0.000467939,-0.000170452,-0.865949,-0.685655,0.729937,-1.04081,1.14268,-1.18545,-16.5484,-0.457023,0.455517,-0.130287,-0.000467939,0.000170452,-3.94076e-06,-0.0842969,-0.083807,0.352086,0.354006,-0.00286752,1.51505e-06,0,0,True,True
2.48,-0,0,0.00973533,0.000467105,-0.000163083,0.813854,-0.682064,0.706444,-1.03595,1.13685,-1.14669,-16.4239,-0.454783,0.440243,-0.129068,-0.000467105,0.000163083,-3.74553e-06,-0,0,-0.0103425,0.000467105,-0.000163083,-0.864514,-0.682064,0.706444,-1.03595,1.13685,-1.14669,-16.4239,-0.454783,0.440243,-0.129068,-0.000467105,0.000163083,-3.74555e-06,-0.0834757,-0.0829945,0.340412,0.342255,-0.00290174,1.517e-06,0,0,True,True
2.485,-0,0,0.0101127,0.000466308,-0.000155718,0.812553,-0.678591,0.682432,-1.03122,1.13121,-1.10695,-16.3033,-0.452621,0.424523,-0.127739,-0.000466308,0.000155718,-3.55563e-06,-0,0,-0.0107435,0.000466308,-0.000155718,-0.863134,-0.678591,0.682432,-1.03123,1.13121,-1.10695,-16.3032,-0.452621,0.424523,-0.127739,-0.000466308,0.000155718,-3.55565e-06,-0.0825846,-0.0821123,0.32838,0.330145,-0.00293317,1.51795e-06,0,0,True,True
2.49,-0,0,0.0104817,0.000465548,-0.000148356,0.811303,-0.675239,0.657908,-1.02665,1.12578,-1.06627,-16.1866,-0.450538,0.408366,-0.126314,-0.000465548,0.000148356,-3.37135e-06,-0,0,-0.0111355,0.000465548,-0.000148356,-0.861808,-0.675239,0.657908,-1.02665,1.12578,-1.06627,-16.1866,-0.450538,0.408366,-0.126314,-0.000465548,0.000148356,-3.37138e-06,-0.0816339,-0.0811706,0.315996,0.317682,-0.00296174,1.5179e-06,0,0,True,True
2.495,-0,0,0.010841,0.000464825,-0.000140997,0.810105,-0.672012,0.632884,-1.02223,1.12055,-1.02466,-16.0741,-0.448537,0.391781,-0.124825,-0.000464825,0.000140997,-3.19265e-06,-0,0,-0.0115173,0.000464825,-0.000140997,-0.860539,-0.672012,0.632884,-1.02224,1.12055,-1.02466,-16.0741,-0.448537,0.391781,-0.124825,-0.000464825,0.000140997,-3.19268e-06,-0.0806439,-0.0801895,0.303265,0.304873,-0.00298737,1.51685e-06,0,0,True,True
2.5,-0,0,0.0111891,0.000464138,-0.000133642,0.80896,-0.66891,0.60737,-1.018,1.11553,-0.982146,-15.9658,-0.44662,0.374776,-0.123324,-0.000464138,0.000133642,-3.01895e-06,-0,0,-0.011887,0.000464138,-0.000133642,-0.859324,-0.66891,0.60737,-1.01801,1.11553,-0.982146,-15.9658,-0.44662,0.374776,-0.123324,-0.000464138,0.000133642,-3.01898e-06,-0.0796476,-0.0792021,0.290197,0.291725,-0.00300996,1.51477e-06,0,0,True,True
2.505,-0,0,0.0115239,0.000463488,-0.00012629,0.807867,-0.665938,0.581381,-1.01398,1.11073,-0.938743,-15.862,-0.444789,0.357362,-0.121888,-0.000463488,0.00012629,-2.84896e-06,-0,0,-0.0122428,0.000463488,-0.00012629,-0.858167,-0.665938,0.581381,-1.01398,1.11073,-0.938743,-15.862,-0.444789,0.357362,-0.121888,-0.000463488,0.00012629,-2.84898e-06,-0.0786956,-0.0782583,0.276799,0.278247,-0.00302946,1.51168e-06,0,0,True,True
2.51,-0,0,0.0118432,0.000462875,-0.00011894,0.806828,-0.663097,0.554931,-1.0102,1.10614,-0.894482,-15.7629,-0.443047,0.339551,-0.120628,-0.000462875,0.00011894,-2.68044e-06,-0,0,-0.0125821,0.000462875,-0.00011894,-0.857065,-0.663097,0.554931,-1.0102,1.10614,-0.894482,-15.7628,-0.443047,0.339551,-0.120628,-0.000462875,0.00011894,-2.68046e-06,-0.0778592,-0.0774294,0.26308,0.264449,-0.00304577,1.50757e-06,0,0,True,True
2.515,-0,0,0.0121443,0.000462299,-0.000111594,0.805843,-0.660389,0.528035,-1.0067,1.10178,-0.849389,-15.6685,-0.441394,0.321354,-0.119695,-0.000462299,0.000111594,-2.51001e-06,-0,0,-0.012902,0.000462299,-0.000111594,-0.856021,-0.660389,0.528035,-1.00671,1.10178,-0.849389,-15.6685,-0.441394,0.321354,-0.119695,-0.000462299,0.000111594,-2.51003e-06,-0.0772353,-0.0768116,0.24905,0.250339,-0.00305883,1.50242e-06,0,0,True,True
2.52,-0,0,0.0124238,0.000461759,-0.000104249,0.804912,-0.657816,0.500711,-1.00354,1.09765,-0.803496,-15.5791,-0.439833,0.302785,-0.119283,-0.000461759,0.000104249,-2.3329e-06,-0,0,-0.0131989,0.000461759,-0.000104249,-0.855035,-0.657816,0.500711,-1.00355,1.09765,-0.803496,-15.5791,-0.439833,0.302785,-0.119283,-0.000461759,0.000104249,-2.33292e-06,-0.0769493,-0.0765297,0.23472,0.235928,-0.00306856,1.49625e-06,0,0,True,True
2.525,-0,0,0.0126779,0.000461256,-9.69059e-05,0.804036,-0.655382,0.472977,-1.00078,1.09375,-0.756835,-15.4951,-0.438366,0.283858,-0.119632,-0.000461256,9.69059e-05,-2.14283e-06,-0,0,-0.0134689,0.000461256,-9.69059e-05,-0.854106,-0.655382,0.472977,-1.00078,1.09375,-0.756835,-15.4951,-0.438366,0.283858,-0.119632,-0.000461256,9.69059e-05,-2.14285e-06,-0.077156,-0.0767377,0.2201,0.221228,-0.00307488,1.48903e-06,0,0,True,True
2.53,-0,0,0.0129022,0.00046079,-8.95636e-05,0.803215,-0.653087,0.444854,-0.998486,1.09008,-0.70944,-15.4165,-0.436995,0.264586,-0.121023,-0.00046079,8.95636e-05,-1.93193e-06,-0,0,-0.0137073,0.00046079,-8.95636e-05,-0.853235,-0.653087,0.444854,-0.99849,1.09008,-0.70944,-15.4165,-0.436995,0.264586,-0.121024,-0.00046079,8.95636e-05,-1.93195e-06,-0.0780352,-0.0776145,0.205203,0.20625,-0.00307773,1.48078e-06,0,0,True,True
2.535,-0,0,0.0130924,0.000460361,-8.22213e-05,0.80245,-0.650933,0.416364,-0.996733,1.08665,-0.661349,-15.3437,-0.43572,0.244985,-0.123756,-0.000460361,8.22213e-05,-1.69113e-06,-0,0,-0.0139094,0.000460361,-8.22213e-05,-0.852423,-0.650933,0.416364,-0.996738,1.08665,-0.661349,-15.3437,-0.43572,0.244985,-0.123756,-0.000460361,8.22213e-05,-1.69116e-06,-0.07978,-0.0793521,0.190041,0.191007,-0.00307703,1.47147e-06,0,0,True,True
2.54,-0,0,0.013244,0.000459968,-7.48776e-05,0.80174,-0.648923,0.387529,-0.995592,1.08347,-0.612599,-15.277,-0.434545,0.22507,-0.128106,-0.000459968,7.48776e-05,-1.41094e-06,-0,0,-0.0140706,0.000459968,-7.48776e-05,-0.851668,-0.648923,0.387529,-0.995598,1.08347,-0.612599,-15.277,-0.434545,0.22507,-0.128106,-0.000459968,7.48776e-05,-1.41097e-06,-0.0825684,-0.0821278,0.174626,0.17551,-0.0030727,1.46111e-06,0,0,True,True
2.545,-0,0,0.0133543,0.000459612,-6.75314e-05,0.801087,-0.647058,0.358375,-0.995107,1.08053,-0.563233,-15.2165,-0.43347,0.204857,-0.13425,-0.000459612,6.75314e-05,-1.08318e-06,-0,0,-0.0141879,0.000459612,-6.75314e-05,-0.850973,-0.647058,0.358375,-0.995116,1.08053,-0.563233,-15.2165,-0.43347,0.204857,-0.13425,-0.000459612,6.75314e-05,-1.08322e-06,-0.0865128,-0.0860534,0.158971,0.159774,-0.00306468,1.44968e-06,0,0,True,True
2.55,-0,0,0.0134231,0.000459293,-6.01812e-05,0.800491,-0.645339,0.328928,-0.995272,1.07784,-0.513292,-15.1622,-0.432496,0.184363,-0.142121,-0.000459293,6.01812e-05,-7.04232e-07,-0,0,-0.0142612,0.000459293,-6.01812e-05,-0.850336,-0.645339,0.328928,-0.995284,1.07784,-0.513292,-15.1622,-0.432496,0.184363,-0.142121,-0.000459293,6.01812e-05,-7.04294e-07,-0.09157,-0.0910859,0.14309,0.14381,-0.00305288,1.43718e-06,0,0,True,True
2.555,-0,0,0.0134561,0.00045901,-5.28254e-05,0.799951,-0.643768,0.299215,-0.995975,1.07539,-0.462822,-15.114,-0.431626,0.163607,-0.151178,-0.00045901,5.28254e-05,-2.80616e-07,-0,0,-0.0142966,0.00045901,-5.28254e-05,-0.849759,-0.643768,0.299215,-0.99599,1.07539,-0.462822,-15.114,-0.431626,0.163607,-0.151178,-0.00045901,5.28254e-05,-2.80698e-07,-0.0973917,-0.0968789,0.126997,0.127636,-0.00303722,1.42359e-06,0,0,True,True
2.56,-0,0,0.0134694,0.000458764,-4.54629e-05,0.799469,-0.642347,0.269262,-0.996917,1.07321,-0.411869,-15.0713,-0.43086,0.142607,-0.160035,-0.000458764,4.54629e-05,1.61805e-07,-0,0,-0.014311,0.000458764,-4.54629e-05,-0.849241,-0.642347,0.269262,-0.996936,1.07321,-0.411869,-15.0712,-0.43086,0.142607,-0.160035,-0.000458764,4.54629e-05,1.61701e-07,-0.103084,-0.102544,0.11071,0.111266,-0.00301763,1.40889e-06,0,0,True,True
2.565,-0,0,0.013496,0.000458555,-3.80931e-05,0.799042,-0.641076,0.239095,-0.997483,1.07128,-0.360482,-15.0325,-0.4302,0.121388,-0.165868,-0.000458555,3.80931e-05,5.62981e-07,-0,0,-0.0143396,0.000458555,-3.80931e-05,-0.848784,-0.641076,0.239095,-0.997505,1.07128,-0.360482,-15.0324,-0.4302,0.121388,-0.165868,-0.000458555,3.80931e-05,5.62858e-07,-0.10683,-0.106271,0.0942464,0.0947193,-0.00299402,1.39309e-06,0,0,True,True
2.57,-0,0,0.0135975,0.000458383,-3.0717e-05,0.79867,-0.639956,0.208736,-0.996542,1.0696,-0.308714,-14.9951,-0.429646,0.099978,-0.16351,-0.000458383,3.0717e-05,8.05401e-07,-0,0,-0.0144475,0.000458383,-3.0717e-05,-0.848389,-0.639956,0.208736,-0.996565,1.0696,-0.308714,-14.995,-0.429646,0.099978,-0.16351,-0.000458383,3.0717e-05,8.05272e-07,-0.105302,-0.104752,0.0776302,0.0780201,-0.00296635,1.37615e-06,0,0,True,True
2.575,-0,0,0.0138801,0.000458248,-2.33385e-05,0.798351,-0.638988,0.178202,-0.992143,1.06819,-0.25662,-14.9543,-0.4292,0.0784176,-0.144066,-0.000458248,2.33385e-05,6.78179e-07,-0,0,-0.0147475,0.000458248,-2.33385e-05,-0.848059,-0.638988,0.178202,-0.992161,1.06819,-0.25662,-14.9542,-0.4292,0.0784176,-0.144066,-0.000458248,2.33385e-05,6.78076e-07,-0.0927728,-0.0922897,0.0608928,0.0611994,-0.00293455,1.35807e-06,0,0,True,True
2.58,-0,0,0.0145199,0.00045815,-1.59663e-05,0.79808,-0.638174,0.147497,-0.981053,1.06704,-0.204259,-14.9024,-0.428862,0.0567616,-0.092832,-0.00045815,1.59663e-05,-1.77548e-07,-0,0,-0.0154263,0.00045815,-1.59663e-05,-0.847799,-0.638174,0.147497,-0.981056,1.06704,-0.204259,-14.9024,-0.428862,0.0567616,-0.0928321,-0.00045815,1.59663e-05,-1.77567e-07,-0.0597774,-0.0594658,0.0440782,0.0443014,-0.00289863,1.33885e-06,0,0,True,True
2.585,-0,0,0.0158,0.000458089,-8.61784e-06,0.79785,-0.637514,0.116606,-0.958086,1.06615,-0.151698,-14.8271,-0.428632,0.0350918,0.0137821,-0.000458089,8.61784e-06,-2.35027e-06,-0,0,-0.0167843,0.000458089,-8.61784e-06,-0.847615,-0.637514,0.116606,-0.958055,1.06615,-0.151698,-14.8272,-0.428632,0.0350918,0.0137833,-0.000458089,8.61784e-06,-2.35012e-06,0.00887305,0.00882954,0.0272504,0.0273905,-0.00285867,1.31852e-06,0,0,True,True
2.59,-0,0,0.0181211,0.000458064,-1.32376e-06,0.797651,-0.637008,0.0854825,-0.915893,1.06552,-0.0990132,-14.7106,-0.428511,0.0135307,0.209163,-0.000458064,1.32376e-06,-6.68763e-06,-0,0,-0.0192468,0.000458064,-1.32376e-06,-0.847519,-0.637008,0.0854825,-0.915797,1.06552,-0.0990132,-14.7108,-0.428511,0.0135307,0.209169,-0.000458064,1.32376e-06,-6.6872e-06,0.134675,0.133981,0.0105057,0.0105632,-0.00281488,1.29714e-06,0,0,True,True
2.595,-0,0,0.0175396,0.000458075,5.86715e-06,0.81615,-0.636659,0.0540393,-0.920645,1.06516,-0.0462939,-15.148,-0.428497,-0.00774537,0.250748,-0.000458075,-5.86715e-06,-9.69947e-06,-0,0,-0.0186284,0.000458075,5.86715e-06,-0.867192,-0.636659,0.0540393,-0.920533,1.06516,-0.0462939,-15.1483,-0.428497,-0.00774537,0.250757,-0.000458075,-5.86715e-06,-9.6991e-06,0.161449,0.16062,-0.00601824,-0.00604219,-0.00276768,1.27484e-06,0,0,True,True
2.6,-0,0,0.00946357,0.000458122,1.12138e-05,0.872025,-0.636468,0.030371,-1.05045,1.06506,-0.00673916,-16.7627,-0.428589,-0.0236318,-0.157502,-0.000458122,-1.12138e-05,-6.44903e-06,-0,0,-0.0100525,0.000458122,1.12138e-05,-0.926291,-0.636468,0.030371,-1.05045,1.06506,-0.00673916,-16.7627,-0.428589,-0.0236318,-0.157502,-0.000458122,-1.12138e-05,-6.44904e-06,-0.10142,-0.100885,-0.0183561,-0.0184409,-0.00271785,1.25185e-06,0,0,True,True
2.605,-0,0,0.00129535,0.000458187,1.3008e-05,0.92793,-0.636355,0.0226406,-1.18192,1.06509,0.00648742,-18.3836,-0.428733,-0.029128,-0.571518,-0.000458187,-1.3008e-05,-2.94815e-06,-0,0,-0.0013764,0.000458187,1.3008e-05,-0.985419,-0.636355,0.0226406,-1.18202,1.06509,0.00648742,-18.3833,-0.428733,-0.029128,-0.571511,-0.000458187,-1.3008e-05,-2.94817e-06,-0.368012,-0.366092,-0.022624,-0.0227301,-0.00266642,1.22851e-06,0,0,True,True
2.61,-0,0,0.000568013,0.000458253,1.29642e-05,0.946519,-0.636241,0.0227255,-1.18917,1.06512,0.00649799,-18.8342,-0.42888,-0.0292235,-0.537308,-0.000458253,-1.29642e-05,-5.59785e-06,-0,0,-0.000602016,0.000458253,1.29642e-05,-1.00518,-0.636241,0.0227255,-1.18925,1.06512,0.00649799,-18.8339,-0.42888,-0.0292235,-0.537302,-0.000458253,-1.29642e-05,-5.59776e-06,-0.345993,-0.344184,-0.0226975,-0.0228042,-0.00261443,1.20514e-06,0,0,True,True
2.615,-0,0,0.00282822,0.000458317,1.28177e-05,0.946462,-0.636128,0.0225506,-1.14774,1.06515,0.00643434,-18.7318,-0.429026,-0.0289849,-0.340476,-0.000458317,-1.28177e-05,-9.90022e-06,-0,0,-0.00300179,0.000458317,1.28177e-05,-1.00524,-0.636128,0.0225506,-1.14777,1.06515,0.00643434,-18.7317,-0.429026,-0.0289849,-0.340475,-0.000458317,-1.28177e-05,-9.90016e-06,-0.219254,-0.2181,-0.0225117,-0.0226176,-0.00256262,1.18197e-06,0,0,True,True
2.62,-0,0,0.00409098,0.000458381,1.26119e-05,0.94643,-0.636016,0.0222228,-1.12459,1.06519,0.00632754,-18.6734,-0.42917,-0.0285504,-0.226845,-0.000458381,-1.26119e-05,-1.22061e-05,-0,0,-0.00434279,0.000458381,1.26119e-05,-1.00527,-0.636016,0.0222228,-1.12459,1.06519,0.00632754,-18.6734,-0.42917,-0.0285504,-0.226845,-0.000458381,-1.26119e-05,-1.22061e-05,-0.146087,-0.145311,-0.0221737,-0.022278,-0.00251146,1.15914e-06,0,0,True,True
2.625,-0,0,0.00469691,0.000458443,1.2378e-05,0.946414,-0.635905,0.0218169,-1.11348,1.06522,0.00619911,-18.6441,-0.429311,-0.028016,-0.168087,-0.000458443,-1.2378e-05,-1.3187e-05,-0,0,-0.00498636,0.000458443,1.2378e-05,-1.00528,-0.635905,0.0218169,-1.11347,1.06522,0.00619911,-18.6441,-0.429311,-0.028016,-0.168087,-0.000458443,-1.2378e-05,-1.3187e-05,-0.108252,-0.107672,-0.0217581,-0.0218606,-0.00246118,1.13672e-06,0,0,True,True
2.63,-0,0,0.00491257,0.000458504,1.21345e-05,0.946408,-0.635797,0.0213778,-1.10953,1.06525,0.00606203,-18.6319,-0.42945,-0.0274398,-0.142011,-0.000458504,-1.21345e-05,-1.34051e-05,-0,0,-0.00521546,0.000458504,1.21345e-05,-1.00529,-0.635797,0.0213778,-1.10952,1.06525,0.00606203,-18.632,-0.42945,-0.0274398,-0.142011,-0.000458504,-1.21345e-05,-1.34052e-05,-0.0914616,-0.0909688,-0.0213102,-0.0214106,-0.00241191,1.11473e-06,0,0,True,True
2.635,-0,0,0.00490785,0.000458565,1.18915e-05,0.946406,-0.635692,0.0209317,-1.10962,1.06528,0.00592371,-18.6296,-0.429586,-0.0268554,-0.134467,-0.000458565,-1.18915e-05,-1.32134e-05,-0,0,-0.0052105,0.000458565,1.18915e-05,-1.00529,-0.635692,0.0209317,-1.10961,1.06528,0.00592371,-18.6297,-0.429586,-0.0268554,-0.134467,-0.000458565,-1.18915e-05,-1.32135e-05,-0.0866052,-0.0861378,-0.0208559,-0.0209542,-0.00236367,1.09318e-06,0,0,True,True
2.64,-0,0,0.00478836,0.000458623,1.16543e-05,0.946407,-0.635588,0.0204927,-1.11181,1.06531,0.00578817,-18.6324,-0.429718,-0.0262809,-0.136656,-0.000458623,-1.16543e-05,-1.2826e-05,-0,0,-0.00508363,0.000458623,1.16543e-05,-1.00529,-0.635588,0.0204927,-1.1118,1.06531,0.00578817,-18.6324,-0.429718,-0.0262809,-0.136656,-0.000458623,-1.16543e-05,-1.2826e-05,-0.0880161,-0.0875415,-0.0204093,-0.0205055,-0.00231646,1.07206e-06,0,0,True,True
2.645,-0,0,0.00461776,0.000458681,1.14252e-05,0.946409,-0.635487,0.0200677,-1.11494,1.06534,0.00565729,-18.6375,-0.429848,-0.025725,-0.143267,-0.000458681,-1.14252e-05,-1.23678e-05,-0,0,-0.00490248,0.000458681,1.14252e-05,-1.00529,-0.635487,0.0200677,-1.11494,1.06534,0.00565729,-18.6375,-0.429848,-0.025725,-0.143267,-0.000458681,-1.14252e-05,-1.23678e-05,-0.0922754,-0.0917788,-0.0199772,-0.0200714,-0.00227025,1.05136e-06,0,0,True,True
2.65,-0,0,0.00443277,0.000458738,1.12047e-05,0.946412,-0.635387,0.0196592,-1.11834,1.06536,0.00553174,-18.6432,-0.429976,-0.0251909,-0.151233,-0.000458738,-1.12047e-05,-1.19074e-05,-0,0,-0.00470605,0.000458738,1.12047e-05,-1.00529,-0.635387,0.0196592,-1.11833,1.06536,0.00553174,-18.6433,-0.429976,-0.0251909,-0.151233,-0.000458738,-1.12047e-05,-1.19075e-05,-0.0974077,-0.0968847,-0.0195621,-0.0196543,-0.002225,1.03106e-06,0,0,True,True
2.655,-0,0,0.00425323,0.000458793,1.09924e-05,0.946413,-0.63529,0.0192674,-1.12163,1.06539,0.00541152,-18.6488,-0.4301,-0.0246789,-0.158898,-0.000458793,-1.09924e-05,-1.14791e-05,-0,0,-0.0045154,0.000458793,1.09924e-05,-1.00529,-0.63529,0.0192674,-1.12163,1.06539,0.00541152,-18.6488,-0.4301,-0.0246789,-0.158898,-0.000458793,-1.09924e-05,-1.14791e-05,-0.102346,-0.101798,-0.019164,-0.0192545,-0.00218068,1.01114e-06,0,0,True,True
2.66,-0,0,0.00408855,0.000458848,1.07876e-05,0.946415,-0.635195,0.0188911,-1.12466,1.06542,0.00529626,-18.6538,-0.430222,-0.0241874,-0.165469,-0.000458848,-1.07876e-05,-1.10965e-05,-0,0,-0.00434054,0.000458848,1.07876e-05,-1.00528,-0.635195,0.0188911,-1.12465,1.06542,0.00529626,-18.6538,-0.430222,-0.0241874,-0.165469,-0.000458848,-1.07876e-05,-1.10965e-05,-0.10658,-0.10601,-0.018782,-0.0188706,-0.00213725,9.91601e-07,0,0,True,True
2.665,-0,0,0.00394209,0.000458901,1.05894e-05,0.946416,-0.635101,0.0185288,-1.12734,1.06544,0.00518549,-18.658,-0.430342,-0.0237143,-0.170663,-0.000458901,-1.05894e-05,-1.07614e-05,-0,0,-0.00418502,0.000458901,1.05894e-05,-1.00528,-0.635101,0.0185288,-1.12734,1.06544,0.00518549,-18.658,-0.430342,-0.0237143,-0.170663,-0.000458901,-1.05894e-05,-1.07614e-05,-0.109927,-0.109339,-0.0184143,-0.0185012,-0.00209466,9.72419e-07,0,0,True,True
2.67,-0,0,0.00381377,0.000458953,1.03969e-05,0.946416,-0.63501,0.0181788,-1.1297,1.06547,0.00507869,-18.6614,-0.43046,-0.0232575,-0.174479,-0.000458953,-1.03969e-05,-1.04701e-05,-0,0,-0.00404877,0.000458953,1.03969e-05,-1.00528,-0.63501,0.0181788,-1.1297,1.06547,0.00507869,-18.6614,-0.43046,-0.0232575,-0.174479,-0.000458953,-1.03969e-05,-1.04701e-05,-0.112388,-0.111787,-0.0180593,-0.0181445,-0.0020529,9.53587e-07,0,0,True,True
2.675,-0,0,0.00370181,0.000459005,1.02094e-05,0.946416,-0.634919,0.0178395,-1.13175,1.06549,0.00497538,-18.6642,-0.430575,-0.0228149,-0.177063,-0.000459005,-1.02094e-05,-1.02159e-05,-0,0,-0.0039299,0.000459005,1.02094e-05,-1.00528,-0.634919,0.0178395,-1.13175,1.06549,0.00497538,-18.6642,-0.430575,-0.0228149,-0.177063,-0.000459005,-1.02094e-05,-1.02159e-05,-0.114054,-0.113444,-0.0177152,-0.0177989,-0.00201193,9.35094e-07,0,0,True,True
2.68,-0,0,0.00360374,0.000459056,1.00263e-05,0.946416,-0.634831,0.0175095,-1.13355,1.06552,0.00487515,-18.6664,-0.430688,-0.0223846,-0.178617,-0.000459056,-1.00263e-05,-9.99171e-06,-0,0,-0.00382577,0.000459056,1.00263e-05,-1.00528,-0.634831,0.0175095,-1.13355,1.06552,0.00487515,-18.6664,-0.430688,-0.0223846,-0.178617,-0.000459056,-1.00263e-05,-9.99171e-06,-0.115056,-0.114442,-0.0173809,-0.017463,-0.00197174,9.16933e-07,0,0,True,True
2.685,-0,0,0.00351694,0.000459105,9.8471e-06,0.946415,-0.634744,0.0171877,-1.13515,1.06554,0.00477765,-18.6682,-0.430799,-0.0219653,-0.179355,-0.000459105,-9.8471e-06,-9.79061e-06,-0,0,-0.00373361,0.000459105,9.8471e-06,-1.00528,-0.634744,0.0171877,-1.13515,1.06554,0.00477765,-18.6682,-0.430799,-0.0219653,-0.179355,-0.000459105,-9.8471e-06,-9.79061e-06,-0.115534,-0.114917,-0.017055,-0.0171356,-0.0019323,8.99096e-07,0,0,True,True
2.69,-0,0,0.00343898,0.000459154,9.67139e-06,0.946414,-0.634659,0.0168731,-1.13658,1.06557,0.00468262,-18.6695,-0.430907,-0.0215557,-0.179476,-0.000459154,-9.67139e-06,-9.6067e-06,-0,0,-0.00365085,0.000459154,9.67139e-06,-1.00528,-0.634659,0.0168731,-1.13658,1.06557,0.00468262,-18.6695,-0.430907,-0.0215557,-0.179476,-0.000459154,-9.67139e-06,-9.6067e-06,-0.115614,-0.114996,-0.0167367,-0.0168158,-0.00189358,8.81578e-07,0,0,True,True
2.695,-0,0,0.00336778,0.000459202,9.49892e-06,0.946414,-0.634576,0.0165651,-1.13789,1.06559,0.00458983,-18.6707,-0.431014,-0.0211549,-0.179153,-0.000459202,-9.49892e-06,-9.4351e-06,-0,0,-0.00357526,0.000459202,9.49892e-06,-1.00529,-0.634576,0.0165651,-1.13789,1.06559,0.00458983,-18.6707,-0.431014,-0.0211549,-0.179153,-0.000459202,-9.49892e-06,-9.4351e-06,-0.115407,-0.114791,-0.0164252,-0.0165029,-0.00185559,8.64371e-07,0,0,True,True
2.7,-0,0,0.0033016,0.000459249,9.3295e-06,0.946413,-0.634494,0.0162632,-1.1391,1.06561,0.00449913,-18.6716,-0.431119,-0.0207623,-0.178526,-0.000459249,-9.3295e-06,-9.27199e-06,-0,0,-0.003505,0.000459249,9.3295e-06,-1.00529,-0.634494,0.0162632,-1.1391,1.06561,0.00449913,-18.6716,-0.431119,-0.0207623,-0.178526,-0.000459249,-9.3295e-06,-9.27199e-06,-0.115006,-0.114391,-0.0161201,-0.0161964,-0.0018183,8.47471e-07,0,0,True,True
2.705,-0,0,0.00323908,0.000459295,9.16299e-06,0.946412,-0.634413,0.015967,-1.14025,1.06563,0.00441038,-18.6724,-0.431222,-0.0203773,-0.177708,-0.000459295,-9.16299e-06,-9.11448e-06,-0,0,-0.00343862,0.000459295,9.16299e-06,-1.00529,-0.634413,0.015967,-1.14025,1.06563,0.00441038,-18.6724,-0.431222,-0.0203773,-0.177708,-0.000459295,-9.16299e-06,-9.11448e-06,-0.11448,-0.113868,-0.0158209,-0.0158958,-0.00178169,8.30871e-07,0,0,True,True
2.71,-0,0,0.00317917,0.000459341,8.99931e-06,0.946411,-0.634334,0.0156761,-1.14135,1.06566,0.00432351,-18.6732,-0.431323,-0.0199996,-0.176783,-0.000459341,-8.99931e-06,-8.96047e-06,-0,0,-0.00337502,0.000459341,8.99931e-06,-1.00529,-0.634334,0.0156761,-1.14135,1.06566,0.00432351,-18.6732,-0.431323,-0.0199996,-0.176783,-0.000459341,-8.99931e-06,-8.96047e-06,-0.113886,-0.113278,-0.0155274,-0.0156009,-0.00174576,8.14568e-07,0,0,True,True
2.715,-0,0,0.00312109,0.000459385,8.8384e-06,0.94641,-0.634256,0.0153905,-1.14242,1.06568,0.00423843,-18.6739,-0.431422,-0.0196289,-0.175815,-0.000459385,-8.8384e-06,-8.80851e-06,-0,0,-0.00331337,0.000459385,8.8384e-06,-1.00529,-0.634256,0.0153905,-1.14242,1.06568,0.00423843,-18.6739,-0.431422,-0.0196289,-0.175815,-0.000459385,-8.8384e-06,-8.80851e-06,-0.113264,-0.112659,-0.0152394,-0.0153115,-0.0017105,7.98556e-07,0,0,True,True
2.72,-0,0,0.0030643,0.000459429,8.68024e-06,0.946409,-0.63418,0.0151099,-1.14346,1.0657,0.00415511,-18.6745,-0.431519,-0.019265,-0.174847,-0.000459429,-8.68024e-06,-8.65767e-06,-0,0,-0.00325307,0.000459429,8.68024e-06,-1.00529,-0.63418,0.0151099,-1.14346,1.0657,0.00415511,-18.6745,-0.431519,-0.019265,-0.174847,-0.000459429,-8.68024e-06,-8.65768e-06,-0.112642,-0.11204,-0.0149566,-0.0150275,-0.00167588,7.8283e-07,0,0,True,True
2.725,-0,0,0.00300839,0.000459472,8.52482e-06,0.946409,-0.634105,0.0148344,-1.14449,1.06572,0.00407349,-18.6752,-0.431614,-0.0189079,-0.173909,-0.000459472,-8.52482e-06,-8.50739e-06,-0,0,-0.00319372,0.000459472,8.52482e-06,-1.00529,-0.634105,0.0148344,-1.14449,1.06572,0.00407349,-18.6752,-0.431614,-0.0189079,-0.173909,-0.000459472,-8.52482e-06,-8.5074e-06,-0.11204,-0.111441,-0.0146791,-0.0147487,-0.0016419,7.67385e-07,0,0,True,True
2.73,-0,0,0.00295314,0.000459514,8.37211e-06,0.946408,-0.634032,0.0145638,-1.1455,1.06574,0.00399355,-18.6759,-0.431708,-0.0185573,-0.17302,-0.000459514,-8.37211e-06,-8.35739e-06,-0,0,-0.00313506,0.000459514,8.37211e-06,-1.00529,-0.634032,0.0145638,-1.1455,1.06574,0.00399355,-18.6759,-0.431708,-0.0185573,-0.17302,-0.000459514,-8.37211e-06,-8.35739e-06,-0.111469,-0.110873,-0.0144067,-0.014475,-0.00160855,7.52216e-07,0,0,True,True
2.735,-0,0,0.00289838,0.000459556,8.22212e-06,0.946407,-0.63396,0.014298,-1.14651,1.06576,0.00391526,-18.6766,-0.4318,-0.0182133,-0.172191,-0.000459556,-8.22212e-06,-8.20759e-06,-0,0,-0.00307694,0.000459556,8.22212e-06,-1.00529,-0.63396,0.014298,-1.1465,1.06576,0.00391526,-18.6766,-0.4318,-0.0182133,-0.172191,-0.000459556,-8.22212e-06,-8.20759e-06,-0.110936,-0.110343,-0.0141395,-0.0142065,-0.00157582,7.37319e-07,0,0,True,True
2.74,-0,0,0.00284405,0.000459596,8.07484e-06,0.946407,-0.633889,0.0140372,-1.1475,1.06578,0.0038386,-18.6773,-0.43189,-0.0178758,-0.171426,-0.000459596,-8.07484e-06,-8.05802e-06,-0,0,-0.00301925,0.000459596,8.07484e-06,-1.00529,-0.633889,0.0140372,-1.1475,1.06578,0.0038386,-18.6773,-0.43189,-0.0178758,-0.171426,-0.000459596,-8.07484e-06,-8.05803e-06,-0.110445,-0.109854,-0.0138772,-0.013943,-0.00154369,7.22689e-07,0,0,True,True
2.745,-0,0,0.00279011,0.000459636,7.93027e-06,0.946406,-0.633819,0.0137811,-1.14849,1.0658,0.00376355,-18.678,-0.431979,-0.0175447,-0.170726,-0.000459636,-7.93027e-06,-7.90884e-06,-0,0,-0.00296199,0.000459636,7.93027e-06,-1.00529,-0.633819,0.0137811,-1.14849,1.0658,0.00376355,-18.678,-0.431979,-0.0175447,-0.170726,-0.000459636,-7.93027e-06,-7.90884e-06,-0.109996,-0.109407,-0.01362,-0.0136846,-0.00151215,7.0832e-07,0,0,True,True
2.75,-0,0,0.00273657,0.000459676,7.78839e-06,0.946405,-0.633751,0.0135299,-1.14948,1.06582,0.00369009,-18.6787,-0.432066,-0.0172199,-0.170088,-0.000459676,-7.78839e-06,-7.76022e-06,-0,0,-0.00290515,0.000459676,7.78839e-06,-1.00529,-0.633751,0.0135299,-1.14948,1.06582,0.00369009,-18.6787,-0.432066,-0.0172199,-0.170088,-0.000459676,-7.78839e-06,-7.76022e-06,-0.109586,-0.109,-0.0133677,-0.0134311,-0.0014812,6.94208e-07,0,0,True,True
2.755,-0,0,0.00268345,0.000459714,7.6492e-06,0.946405,-0.633684,0.0132834,-1.15045,1.06583,0.00361819,-18.6794,-0.432151,-0.0169016,-0.169509,-0.000459714,-7.6492e-06,-7.61236e-06,-0,0,-0.00284876,0.000459714,7.6492e-06,-1.00529,-0.633684,0.0132834,-1.15045,1.06583,0.00361819,-18.6794,-0.432151,-0.0169016,-0.169509,-0.000459714,-7.6492e-06,-7.61236e-06,-0.109214,-0.10863,-0.0131204,-0.0131826,-0.00145081,6.80349e-07,0,0,True,True
2.76,-0,0,0.00263079,0.000459752,7.51267e-06,0.946404,-0.633618,0.0130416,-1.15142,1.06585,0.00354784,-18.6802,-0.432235,-0.0165895,-0.168983,-0.000459752,-7.51267e-06,-7.46546e-06,-0,0,-0.00279285,0.000459752,7.51267e-06,-1.00529,-0.633618,0.0130416,-1.15142,1.06585,0.00354784,-18.6802,-0.432235,-0.0165895,-0.168983,-0.000459752,-7.51267e-06,-7.46546e-06,-0.108877,-0.108294,-0.0128779,-0.012939,-0.00142098,6.66736e-07,0,0,True,True
2.765,-0,0,0.00257863,0.00045979,7.3788e-06,0.946404,-0.633553,0.0128045,-1.15238,1.06587,0.00347901,-18.6809,-0.432317,-0.0162836,-0.168506,-0.00045979,-7.3788e-06,-7.31973e-06,-0,0,-0.00273748,0.00045979,7.3788e-06,-1.0053,-0.633553,0.0128045,-1.15237,1.06587,0.00347901,-18.6809,-0.432317,-0.0162836,-0.168506,-0.00045979,-7.3788e-06,-7.31973e-06,-0.108571,-0.10799,-0.0126403,-0.0127003,-0.00139171,6.53366e-07,0,0,True,True
2.77,-0,0,0.00252702,0.000459826,7.24755e-06,0.946404,-0.63349,0.0125721,-1.15332,1.06589,0.00341169,-18.6817,-0.432398,-0.0159838,-0.168071,-0.000459826,-7.24755e-06,-7.17533e-06,-0,0,-0.00268269,0.000459826,7.24755e-06,-1.0053,-0.63349,0.0125721,-1.15332,1.06589,0.00341169,-18.6817,-0.432398,-0.0159838,-0.168071,-0.000459826,-7.24755e-06,-7.17534e-06,-0.108292,-0.107713,-0.0124075,-0.0124664,-0.00136297,6.40234e-07,0,0,True,True
2.775,-0,0,0.00247599,0.000459862,7.1189e-06,0.946403,-0.633428,0.0123443,-1.15426,1.0659,0.00334584,-18.6824,-0.432477,-0.0156901,-0.167674,-0.000459862,-7.1189e-06,-7.03244e-06,-0,0,-0.00262852,0.000459862,7.1189e-06,-1.0053,-0.633428,0.0123443,-1.15426,1.0659,0.00334584,-18.6824,-0.432477,-0.0156901,-0.167674,-0.000459862,-7.1189e-06,-7.03244e-06,-0.108038,-0.10746,-0.0121794,-0.0122372,-0.00133475,6.27334e-07,0,0,True,True
2.78,-0,0,0.00242559,0.000459897,6.99282e-06,0.946403,-0.633367,0.012121,-1.15518,1.06592,0.00328145,-18.6832,-0.432554,-0.0154025,-0.167311,-0.000459897,-6.99282e-06,-6.89119e-06,-0,0,-0.00257501,0.000459897,6.99282e-06,-1.0053,-0.633367,0.012121,-1.15518,1.06592,0.00328145,-18.6832,-0.432554,-0.0154025,-0.167311,-0.000459897,-6.99282e-06,-6.89119e-06,-0.107805,-0.107228,-0.0119559,-0.0120127,-0.00130705,6.14663e-07,0,0,True,True
2.785,-0,0,0.00237585,0.000459932,6.86929e-06,0.946402,-0.633307,0.0119023,-1.1561,1.06594,0.00321849,-18.6839,-0.432631,-0.0151208,-0.166975,-0.000459932,-6.86929e-06,-6.75169e-06,-0,0,-0.0025222,0.000459932,6.86929e-06,-1.0053,-0.633307,0.0119023,-1.1561,1.06594,0.00321849,-18.6839,-0.432631,-0.0151208,-0.166975,-0.000459932,-6.86929e-06,-6.75169e-06,-0.10759,-0.107014,-0.0117371,-0.0117928,-0.00127986,6.02216e-07,0,0,True,True
2.79,-0,0,0.00232678,0.000459966,6.74826e-06,0.946402,-0.633248,0.0116879,-1.157,1.06595,0.00315693,-18.6847,-0.432706,-0.0148449,-0.166664,-0.000459966,-6.74826e-06,-6.61404e-06,-0,0,-0.00247011,0.000459966,6.74826e-06,-1.0053,-0.633248,0.0116879,-1.157,1.06595,0.00315693,-18.6847,-0.432706,-0.0148449,-0.166664,-0.000459966,-6.74826e-06,-6.61404e-06,-0.107391,-0.106816,-0.0115228,-0.0115775,-0.00125316,5.89989e-07,0,0,True,True
2.795,-0,0,0.00227842,0.000459999,6.62971e-06,0.946401,-0.63319,0.011478,-1.15789,1.06597,0.00309675,-18.6854,-0.432779,-0.0145747,-0.166375,-0.000459999,-6.62971e-06,-6.4783e-06,-0,0,-0.00241877,0.000459999,6.62971e-06,-1.0053,-0.63319,0.011478,-1.15788,1.06597,0.00309675,-18.6854,-0.432779,-0.0145747,-0.166375,-0.000459999,-6.62971e-06,-6.47831e-06,-0.107205,-0.106632,-0.011313,-0.0113667,-0.00122695,5.77976e-07,0,0,True,True
2.8,-0,0,0.00223078,0.000460032,6.5136e-06,0.946401,-0.633133,0.0112724,-1.15876,1.06598,0.00303793,-18.6861,-0.432851,-0.0143103,-0.166103,-0.000460032,-6.5136e-06,-6.34455e-06,-0,0,-0.0023682,0.000460032,6.5136e-06,-1.0053,-0.633133,0.0112724,-1.15876,1.06598,0.00303793,-18.6862,-0.432851,-0.0143103,-0.166103,-0.000460032,-6.5136e-06,-6.34455e-06,-0.107032,-0.106459,-0.0111076,-0.0111604,-0.00120121,5.66173e-07,0,0,True,True
2.805,-0,0,0.00218387,0.000460065,6.39989e-06,0.946401,-0.633077,0.011071,-1.15962,1.066,0.00298043,-18.6869,-0.432922,-0.0140514,-0.165847,-0.000460065,-6.39989e-06,-6.21281e-06,-0,0,-0.00231839,0.000460065,6.39989e-06,-1.0053,-0.633077,0.011071,-1.15962,1.066,0.00298043,-18.6869,-0.432922,-0.0140514,-0.165847,-0.000460065,-6.39989e-06,-6.21282e-06,-0.106868,-0.106296,-0.0109065,-0.0109584,-0.00117593,5.54577e-07,0,0,True,True
2.81,-0,0,0.0021377,0.000460096,6.28855e-06,0.9464,-0.633022,0.0108738,-1.16047,1.06601,0.00292424,-18.6876,-0.432992,-0.013798,-0.165604,-0.000460096,-6.28855e-06,-6.08312e-06,-0,0,-0.00226938,0.000460096,6.28855e-06,-1.0053,-0.633022,0.0108738,-1.16047,1.06601,0.00292424,-18.6876,-0.432992,-0.013798,-0.165604,-0.000460096,-6.28855e-06,-6.08312e-06,-0.106713,-0.106141,-0.0107097,-0.0107607,-0.00115112,5.43182e-07,0,0,True,True
2.815,-0,0,0.00209227,0.000460127,6.17953e-06,0.9464,-0.632968,0.0106808,-1.1613,1.06603,0.00286932,-18.6883,-0.43306,-0.0135501,-0.165373,-0.000460127,-6.17953e-06,-5.95549e-06,-0,0,-0.00222115,0.000460127,6.17953e-06,-1.0053,-0.632968,0.0106808,-1.1613,1.06603,0.00286932,-18.6883,-0.43306,-0.0135501,-0.165373,-0.000460127,-6.17953e-06,-5.95549e-06,-0.106565,-0.105994,-0.0105172,-0.0105672,-0.00112674,5.31985e-07,0,0,True,True
2.82,-0,0,0.00204758,0.000460158,6.07281e-06,0.9464,-0.632915,0.0104918,-1.16212,1.06604,0.00281566,-18.689,-0.433127,-0.0133074,-0.165151,-0.000460158,-6.07281e-06,-5.82992e-06,-0,0,-0.00217371,0.000460158,6.07281e-06,-1.0053,-0.632915,0.0104918,-1.16212,1.06604,0.00281566,-18.689,-0.433127,-0.0133074,-0.165151,-0.000460158,-6.07281e-06,-5.82992e-06,-0.106423,-0.105853,-0.0103287,-0.0103779,-0.0011028,5.20981e-07,0,0,True,True
2.825,-0,0,0.00200364,0.000460188,5.96835e-06,0.946399,-0.632863,0.0103068,-1.16293,1.06606,0.00276323,-18.6897,-0.433193,-0.01307,-0.164938,-0.000460188,-5.96835e-06,-5.7064e-06,-0,0,-0.00212706,0.000460188,5.96835e-06,-1.0053,-0.632863,0.0103068,-1.16293,1.06606,0.00276323,-18.6897,-0.433193,-0.01307,-0.164938,-0.000460188,-5.96835e-06,-5.70641e-06,-0.106286,-0.105718,-0.0101443,-0.0101926,-0.00107929,5.10167e-07,0,0,True,True
2.83,-0,0,0.00196043,0.000460218,5.8661e-06,0.946399,-0.632812,0.0101258,-1.16372,1.06607,0.002712,-18.6904,-0.433258,-0.0128378,-0.164732,-0.000460218,-5.8661e-06,-5.58494e-06,-0,0,-0.00208119,0.000460218,5.8661e-06,-1.0053,-0.632812,0.0101258,-1.16372,1.06607,0.002712,-18.6904,-0.433258,-0.0128378,-0.164732,-0.000460218,-5.8661e-06,-5.58494e-06,-0.106155,-0.105587,-0.00996397,-0.0100114,-0.0010562,4.99538e-07,0,0,True,True
2.835,-0,0,0.00191795,0.000460247,5.76603e-06,0.946399,-0.632762,0.00994858,-1.1645,1.06608,0.00266195,-18.691,-0.433322,-0.0126105,-0.164533,-0.000460247,-5.76603e-06,-5.4655e-06,-0,0,-0.0020361,0.000460247,5.76603e-06,-1.0053,-0.632762,0.00994858,-1.1645,1.06608,0.00266195,-18.691,-0.433322,-0.0126105,-0.164533,-0.000460247,-5.76603e-06,-5.4655e-06,-0.106027,-0.10546,-0.00978751,-0.00983408,-0.00103351,4.8909e-07,0,0,True,True
2.84,-0,0,0.0018762,0.000460275,5.66811e-06,0.946399,-0.632713,0.00977522,-1.16527,1.0661,0.00261305,-18.6917,-0.433384,-0.0123883,-0.164338,-0.000460275,-5.66811e-06,-5.34807e-06,-0,0,-0.00199177,0.000460275,5.66811e-06,-1.0053,-0.632713,0.00977522,-1.16526,1.0661,0.00261305,-18.6917,-0.433384,-0.0123883,-0.164338,-0.000460275,-5.66811e-06,-5.34808e-06,-0.105903,-0.105336,-0.00961491,-0.00966067,-0.00101122,4.7882e-07,0,0,True,True
2.845,-0,0,0.00183516,0.000460303,5.5723e-06,0.946398,-0.632664,0.0096056,-1.16602,1.06611,0.00256529,-18.6923,-0.433446,-0.0121709,-0.164149,-0.000460303,-5.5723e-06,-5.23263e-06,-0,0,-0.0019482,0.000460303,5.5723e-06,-1.0053,-0.632664,0.0096056,-1.16602,1.06611,0.00256529,-18.6924,-0.433446,-0.0121709,-0.164149,-0.000460303,-5.5723e-06,-5.23263e-06,-0.105782,-0.105216,-0.0094461,-0.00949106,-0.000989327,4.68724e-07,0,0,True,True
2.85,-0,0,0.00179482,0.000460331,5.47856e-06,0.946398,-0.632617,0.00943966,-1.16676,1.06612,0.00251864,-18.693,-0.433506,-0.0119583,-0.163964,-0.000460331,-5.47856e-06,-5.11913e-06,-0,0,-0.00190537,0.000460331,5.47856e-06,-1.0053,-0.632617,0.00943966,-1.16676,1.06612,0.00251864,-18.693,-0.433506,-0.0119583,-0.163965,-0.000460331,-5.47856e-06,-5.11914e-06,-0.105664,-0.105099,-0.00928102,-0.0093252,-0.000967813,4.58797e-07,0,0,True,True
2.855,-0,0,0.00175517,0.000460358,5.38686e-06,0.946398,-0.63257,0.00927735,-1.16749,1.06614,0.00247308,-18.6936,-0.433565,-0.0117504,-0.163784,-0.000460358,-5.38686e-06,-5.00756e-06,-0,0,-0.00186328,0.000460358,5.38686e-06,-1.0053,-0.63257,0.00927735,-1.16749,1.06614,0.00247308,-18.6936,-0.433565,-0.0117504,-0.163784,-0.000460358,-5.38686e-06,-5.00756e-06,-0.105549,-0.104984,-0.0091196,-0.00916301,-0.000946673,4.49037e-07,0,0,True,True
2.86,-0,0,0.0017162,0.000460385,5.29716e-06,0.946397,-0.632524,0.00911859,-1.1682,1.06615,0.00242858,-18.6942,-0.433623,-0.0115472,-0.163606,-0.000460385,-5.29716e-06,-4.89788e-06,-0,0,-0.00182191,0.000460385,5.29716e-06,-1.0053,-0.632524,0.00911859,-1.1682,1.06615,0.00242858,-18.6942,-0.433623,-0.0115472,-0.163606,-0.000460385,-5.29716e-06,-4.89788e-06,-0.105435,-0.104871,-0.00896177,-0.00900444,-0.000925898,4.3944e-07,0,0,True,True
2.865,-0,0,0.0016779,0.000460411,5.20943e-06,0.946397,-0.632479,0.00896334,-1.1689,1.06616,0.00238513,-18.6948,-0.433681,-0.0113485,-0.163432,-0.000460411,-5.20943e-06,-4.79004e-06,-0,0,-0.00178125,0.000460411,5.20943e-06,-1.0053,-0.632479,0.00896334,-1.1689,1.06616,0.00238513,-18.6948,-0.433681,-0.0113485,-0.163432,-0.000460411,-5.20943e-06,-4.79004e-06,-0.105324,-0.10476,-0.00880748,-0.00884942,-0.000905481,4.30001e-07,0,0,True,True
2.87,-0,0,0.00164025,0.000460437,5.12364e-06,0.946397,-0.632434,0.00881154,-1.16959,1.06617,0.0023427,-18.6954,-0.433737,-0.0111542,-0.163261,-0.000460437,-5.12364e-06,-4.68403e-06,-0,0,-0.00174128,0.000460437,5.12364e-06,-1.0053,-0.632434,0.00881154,-1.16959,1.06617,0.0023427,-18.6954,-0.433737,-0.0111542,-0.163261,-0.000460437,-5.12364e-06,-4.68403e-06,-0.105215,-0.104652,-0.00865666,-0.00869788,-0.000885413,4.20718e-07,0,0,True,True
2.875,-0,0,0.00160324,0.000460462,5.03975e-06,0.946397,-0.632391,0.00866312,-1.17027,1.06618,0.00230128,-18.696,-0.433792,-0.0109644,-0.163093,-0.000460462,-5.03975e-06,-4.57979e-06,-0,0,-0.00170199,0.000460462,5.03975e-06,-1.0053,-0.632391,0.00866312,-1.17027,1.06618,0.00230128,-18.696,-0.433792,-0.0109644,-0.163093,-0.000460462,-5.03975e-06,-4.57979e-06,-0.105107,-0.104545,-0.00850925,-0.00854978,-0.000865686,4.11587e-07,0,0,True,True
2.88,-0,0,0.00156686,0.000460487,4.95774e-06,0.946396,-0.632348,0.00851803,-1.17094,1.06619,0.00226084,-18.6966,-0.433847,-0.0107789,-0.162928,-0.000460487,-4.95774e-06,-4.47729e-06,-0,0,-0.00166337,0.000460487,4.95774e-06,-1.0053,-0.632348,0.00851803,-1.17094,1.06619,0.00226084,-18.6966,-0.433847,-0.0107789,-0.162928,-0.000460487,-4.95774e-06,-4.47729e-06,-0.105002,-0.10444,-0.00836519,-0.00840504,-0.000846293,4.02605e-07,0,0,True,True
2.885,-0,0,0.00153109,0.000460512,4.87756e-06,0.946396,-0.632305,0.00837622,-1.1716,1.06621,0.00222137,-18.6971,-0.4339,-0.0105976,-0.162765,-0.000460512,-4.87756e-06,-4.3765e-06,-0,0,-0.0016254,0.000460512,4.87756e-06,-1.0053,-0.632305,0.00837622,-1.1716,1.06621,0.00222137,-18.6971,-0.4339,-0.0105976,-0.162765,-0.000460512,-4.87756e-06,-4.3765e-06,-0.104898,-0.104336,-0.00822443,-0.00826361,-0.000827227,3.93769e-07,0,0,True,True
2.89,-0,0,0.00149592,0.000460536,4.7992e-06,0.946396,-0.632264,0.00823763,-1.17224,1.06622,0.00218284,-18.6977,-0.433953,-0.0104205,-0.162605,-0.000460536,-4.7992e-06,-4.27738e-06,-0,0,-0.00158807,0.000460536,4.7992e-06,-1.0053,-0.632264,0.00823763,-1.17224,1.06622,0.00218284,-18.6977,-0.433953,-0.0104205,-0.162605,-0.000460536,-4.7992e-06,-4.27738e-06,-0.104795,-0.104234,-0.00808691,-0.00812544,-0.000808479,3.85074e-07,0,0,True,True
2.895,-0,0,0.00146134,0.00046056,4.72262e-06,0.946395,-0.632223,0.00810221,-1.17288,1.06623,0.00214524,-18.6982,-0.434004,-0.0102475,-0.162447,-0.00046056,-4.72262e-06,-4.17988e-06,-0,0,-0.00155135,0.00046056,4.72262e-06,-1.0053,-0.632223,0.00810221,-1.17288,1.06623,0.00214524,-18.6982,-0.434004,-0.0102475,-0.162447,-0.00046056,-4.72262e-06,-4.17988e-06,-0.104694,-0.104134,-0.00795258,-0.00799047,-0.000790042,3.76519e-07,0,0,True,True
2.9,-0,0,0.00142733,0.000460583,4.64779e-06,0.946395,-0.632183,0.00796991,-1.1735,1.06624,0.00210856,-18.6988,-0.434055,-0.0100785,-0.162291,-0.000460583,-4.64779e-06,-4.08397e-06,-0,0,-0.00151525,0.000460583,4.64779e-06,-1.0053,-0.632183,0.00796991,-1.1735,1.06624,0.00210856,-18.6988,-0.434055,-0.0100785,-0.162291,-0.000460583,-4.64779e-06,-4.08397e-06,-0.104595,-0.104035,-0.00782137,-0.00785864,-0.00077191,3.68099e-07,0,0,True,True
2.905,-0,0,0.00139389,0.000460607,4.57468e-06,0.946395,-0.632143,0.00784068,-1.17411,1.06625,0.00207276,-18.6993,-0.434105,-0.00991344,-0.162138,-0.000460607,-4.57468e-06,-3.9896e-06,-0,0,-0.00147974,0.000460607,4.57468e-06,-1.0053,-0.632143,0.00784068,-1.17411,1.06625,0.00207276,-18.6993,-0.434105,-0.00991344,-0.162138,-0.000460607,-4.57468e-06,-3.98961e-06,-0.104497,-0.103937,-0.00769324,-0.0077299,-0.000754075,3.59812e-07,0,0,True,True
2.91,-0,0,0.00136098,0.000460629,4.50327e-06,0.946395,-0.632104,0.00771447,-1.17472,1.06626,0.00203784,-18.6998,-0.434154,-0.00975231,-0.161987,-0.000460629,-4.50327e-06,-3.89675e-06,-0,0,-0.00144481,0.000460629,4.50327e-06,-1.0053,-0.632104,0.00771447,-1.17472,1.06626,0.00203784,-18.6998,-0.434154,-0.00975231,-0.161987,-0.000460629,-4.50327e-06,-3.89675e-06,-0.1044,-0.103842,-0.00756814,-0.0076042,-0.00073653,3.51654e-07,0,0,True,True
2.915,-0,0,0.00132861,0.000460652,4.43353e-06,0.946394,-0.632066,0.00759123,-1.17531,1.06627,0.00200379,-18.7003,-0.434202,-0.00959501,-0.161839,-0.000460652,-4.43353e-06,-3.80537e-06,-0,0,-0.00141044,0.000460652,4.43353e-06,-1.0053,-0.632066,0.00759123,-1.17531,1.06627,0.00200379,-18.7003,-0.434202,-0.00959501,-0.161839,-0.000460652,-4.43353e-06,-3.80537e-06,-0.104305,-0.103747,-0.00744601,-0.0074815,-0.000719269,3.43623e-07,0,0,True,True
2.92,-0,0,0.00129675,0.000460674,4.36543e-06,0.946394,-0.632029,0.00747091,-1.1759,1.06628,0.00197057,-18.7008,-0.43425,-0.00944148,-0.161693,-0.000460674,-4.36543e-06,-3.71542e-06,-0,0,-0.00137662,0.000460674,4.36543e-06,-1.0053,-0.632029,0.00747091,-1.17589,1.06628,0.00197057,-18.7008,-0.43425,-0.00944148,-0.161693,-0.000460674,-4.36543e-06,-3.71542e-06,-0.104212,-0.103654,-0.00732682,-0.00736174,-0.000702284,3.35715e-07,0,0,True,True
2.925,-0,0,0.00126539,0.000460695,4.29895e-06,0.946394,-0.631991,0.00735348,-1.17647,1.06629,0.00193819,-18.7013,-0.434297,-0.00929166,-0.161549,-0.000460695,-4.29895e-06,-3.62685e-06,-0,0,-0.00134333,0.000460695,4.29895e-06,-1.00531,-0.631991,0.00735348,-1.17647,1.06629,0.00193819,-18.7013,-0.434297,-0.00929166,-0.161549,-0.000460695,-4.29895e-06,-3.62685e-06,-0.10412,-0.103563,-0.0072105,-0.00724487,-0.000685569,3.27929e-07,0,0,True,True
2.93,-0,0,0.00123453,0.000460717,4.23406e-06,0.946394,-0.631955,0.00723888,-1.17704,1.0663,0.00190662,-18.7018,-0.434343,-0.00914549,-0.161409,-0.000460717,-4.23406e-06,-3.53963e-06,-0,0,-0.00131056,0.000460717,4.23406e-06,-1.00531,-0.631955,0.00723888,-1.17704,1.0663,0.00190662,-18.7018,-0.434343,-0.00914549,-0.161409,-0.000460717,-4.23406e-06,-3.53963e-06,-0.104031,-0.103474,-0.00709702,-0.00713085,-0.000669117,3.2026e-07,0,0,True,True
2.935,-0,0,0.00120413,0.000460738,4.17074e-06,0.946394,-0.631919,0.00712707,-1.17759,1.06631,0.00187585,-18.7023,-0.434388,-0.00900292,-0.161271,-0.000460738,-4.17074e-06,-3.4537e-06,-0,0,-0.00127829,0.000460738,4.17074e-06,-1.00531,-0.631919,0.00712707,-1.17759,1.06631,0.00187585,-18.7023,-0.434388,-0.00900292,-0.161271,-0.000460738,-4.17074e-06,-3.4537e-06,-0.103943,-0.103387,-0.00698633,-0.00701963,-0.000652922,3.12706e-07,0,0,True,True
2.94,-0,0,0.00117419,0.000460758,4.10896e-06,0.946393,-0.631884,0.00701802,-1.17814,1.06632,0.00184586,-18.7028,-0.434433,-0.00886388,-0.161137,-0.000460758,-4.10896e-06,-3.36904e-06,-0,0,-0.00124651,0.000460758,4.10896e-06,-1.00531,-0.631884,0.00701802,-1.17814,1.06632,0.00184586,-18.7028,-0.434433,-0.00886388,-0.161137,-0.000460758,-4.10896e-06,-3.36904e-06,-0.103857,-0.103301,-0.00687838,-0.00691117,-0.000636978,3.05264e-07,0,0,True,True
2.945,-0,0,0.00114469,0.000460779,4.04871e-06,0.946393,-0.631849,0.00691167,-1.17868,1.06633,0.00181665,-18.7032,-0.434477,-0.00872833,-0.161006,-0.000460779,-4.04871e-06,-3.28557e-06,-0,0,-0.00121519,0.000460779,4.04871e-06,-1.00531,-0.631849,0.00691167,-1.17868,1.06633,0.00181665,-18.7032,-0.434477,-0.00872833,-0.161006,-0.000460779,-4.04871e-06,-3.28557e-06,-0.103773,-0.103218,-0.00677315,-0.00680544,-0.000621279,2.97931e-07,0,0,True,True
2.95,-0,0,0.00111561,0.000460799,3.98996e-06,0.946393,-0.631815,0.00680801,-1.17922,1.06633,0.0017882,-18.7037,-0.43452,-0.00859621,-0.16088,-0.000460799,-3.98996e-06,-3.20326e-06,-0,0,-0.00118433,0.000460799,3.98996e-06,-1.00531,-0.631815,0.00680801,-1.17922,1.06633,0.0017882,-18.7037,-0.43452,-0.00859621,-0.16088,-0.000460799,-3.98996e-06,-3.20326e-06,-0.103692,-0.103138,-0.00667058,-0.00670238,-0.000605817,2.90706e-07,0,0,True,True
2.955,-0,0,0.00108694,0.000460819,3.93269e-06,0.946393,-0.631781,0.00670698,-1.17974,1.06634,0.00176049,-18.7042,-0.434563,-0.00846747,-0.160758,-0.000460819,-3.93269e-06,-3.12205e-06,-0,0,-0.00115389,0.000460819,3.93269e-06,-1.00531,-0.631781,0.00670698,-1.17974,1.06634,0.00176049,-18.7042,-0.434563,-0.00846747,-0.160758,-0.000460819,-3.93269e-06,-3.12205e-06,-0.103614,-0.10306,-0.00657063,-0.00660196,-0.000590588,2.83584e-07,0,0,True,True
2.96,-0,0,0.00105866,0.000460838,3.87688e-06,0.946392,-0.631748,0.00660855,-1.18026,1.06635,0.00173352,-18.7046,-0.434605,-0.00834207,-0.16064,-0.000460838,-3.87688e-06,-3.04188e-06,-0,0,-0.00112386,0.000460838,3.87688e-06,-1.00531,-0.631748,0.00660855,-1.18026,1.06635,0.00173352,-18.7046,-0.434605,-0.00834207,-0.16064,-0.000460838,-3.87688e-06,-3.04188e-06,-0.10354,-0.102986,-0.00647328,-0.00650415,-0.000575585,2.76563e-07,0,0,True,True
2.965,-0,0,0.00103074,0.000460857,3.82252e-06,0.946392,-0.631715,0.00651269,-1.18077,1.06636,0.00170727,-18.705,-0.434646,-0.00821996,-0.160529,-0.000460857,-3.82252e-06,-2.96269e-06,-0,0,-0.00109422,0.000460857,3.82252e-06,-1.00531,-0.631715,0.00651269,-1.18077,1.06636,0.00170727,-18.705,-0.434646,-0.00821996,-0.160529,-0.000460857,-3.82252e-06,-2.96269e-06,-0.103468,-0.102915,-0.00637849,-0.0064089,-0.000560802,2.69642e-07,0,0,True,True
2.97,-0,0,0.00100316,0.000460876,3.76958e-06,0.946392,-0.631682,0.00641936,-1.18128,1.06637,0.00168174,-18.7055,-0.434687,-0.0081011,-0.160424,-0.000460876,-3.76958e-06,-2.88441e-06,-0,0,-0.00106495,0.000460876,3.76958e-06,-1.00531,-0.631682,0.00641936,-1.18128,1.06637,0.00168174,-18.7055,-0.434687,-0.0081011,-0.160424,-0.000460876,-3.76958e-06,-2.88441e-06,-0.103402,-0.102848,-0.00628621,-0.00631619,-0.000546234,2.62817e-07,0,0,True,True
2.975,-0,0,0.000975914,0.000460895,3.71805e-06,0.946392,-0.631651,0.00632854,-1.18178,1.06638,0.00165691,-18.7059,-0.434727,-0.00798545,-0.160327,-0.000460895,-3.71805e-06,-2.80697e-06,-0,0,-0.00103602,0.000460895,3.71805e-06,-1.00531,-0.631651,0.00632854,-1.18178,1.06638,0.00165691,-18.7059,-0.434727,-0.00798545,-0.160327,-0.000460895,-3.71805e-06,-2.80697e-06,-0.103339,-0.102786,-0.00619644,-0.00622598,-0.000531875,2.56085e-07,0,0,True,True
2.98,-0,0,0.000948965,0.000460913,3.66792e-06,0.946392,-0.631619,0.00624021,-1.18227,1.06639,0.00163277,-18.7064,-0.434767,-0.00787297,-0.160238,-0.000460913,-3.66792e-06,-2.7303e-06,-0,0,-0.00100741,0.000460913,3.66792e-06,-1.00531,-0.631619,0.00624021,-1.18227,1.06639,0.00163277,-18.7064,-0.434767,-0.00787297,-0.160238,-0.000460913,-3.66792e-06,-2.7303e-06,-0.103283,-0.10273,-0.00610912,-0.00613825,-0.000517719,2.49445e-07,0,0,True,True
2.985,-0,0,0.000922292,0.000460932,3.61917e-06,0.946391,-0.631588,0.00615432,-1.18276,1.06639,0.00160931,-18.7068,-0.434806,-0.00776364,-0.160158,-0.000460932,-3.61917e-06,-2.65431e-06,-0,0,-0.000979095,0.000460932,3.61917e-06,-1.00531,-0.631588,0.00615432,-1.18276,1.06639,0.00160931,-18.7068,-0.434806,-0.00776364,-0.160158,-0.000460932,-3.61917e-06,-2.65431e-06,-0.103232,-0.10268,-0.00602424,-0.00605297,-0.00050376,2.42893e-07,0,0,True,True
2.99,-0,0,0.000895875,0.00046095,3.5718e-06,0.946391,-0.631558,0.00607087,-1.18325,1.0664,0.00158654,-18.7072,-0.434845,-0.0076574,-0.160089,-0.00046095,-3.5718e-06,-2.57894e-06,-0,0,-0.000951051,0.00046095,3.5718e-06,-1.00531,-0.631558,0.00607087,-1.18325,1.0664,0.00158654,-18.7072,-0.434845,-0.0076574,-0.160089,-0.00046095,-3.5718e-06,-2.57894e-06,-0.103188,-0.102636,-0.00594177,-0.00597011,-0.000489993,2.36427e-07,0,0,True,True
2.995,-0,0,0.000869693,0.000460967,3.52578e-06,0.946391,-0.631527,0.00598982,-1.18373,1.06641,0.00156442,-18.7077,-0.434883,-0.00755425,-0.160031,-0.000460967,-3.52578e-06,-2.5041e-06,-0,0,-0.000923256,0.000460967,3.52578e-06,-1.00531,-0.631527,0.00598982,-1.18373,1.06641,0.00156442,-18.7077,-0.434883,-0.00755425,-0.160031,-0.000460967,-3.52578e-06,-2.5041e-06,-0.103151,-0.102599,-0.00586169,-0.00588965,-0.000476413,2.30045e-07,0,0,True,True
3,-0,0,0.00084373,0.000460985,3.48111e-06,0.946391,-0.631498,0.00591117,-1.1842,1.06642,0.00154298,-18.7081,-0.43492,-0.00745414,-0.159985,-0.000460985,-3.48111e-06,-2.42974e-06,-0,0,-0.000895694,0.000460985,3.48111e-06,-1.00531,-0.631498,0.00591117,-1.1842,1.06642,0.00154298,-18.7081,-0.43492,-0.00745414,-0.159985,-0.000460985,-3.48111e-06,-2.42974e-06,-0.103122,-0.10257,-0.00578398,-0.00581157,-0.000463014,2.23745e-07,0,0,True,True
3.005,-0,0,0.000817982,0.000461002,3.43779e-06,0.946391,-0.631468,0.00583488,-1.18468,1.06643,0.00152218,-18.7085,-0.434957,-0.00735706,-0.159949,-0.000461002,-3.43779e-06,-2.35582e-06,-0,0,-0.00086836,0.000461002,3.43779e-06,-1.00531,-0.631468,0.00583488,-1.18468,1.06643,0.00152218,-18.7085,-0.434957,-0.00735706,-0.159949,-0.000461002,-3.43779e-06,-2.35582e-06,-0.1031,-0.102548,-0.00570862,-0.00573585,-0.00044979,2.17523e-07,0,0,True,True
3.01,-0,0,0.000792457,0.000461019,3.3958e-06,0.946391,-0.631439,0.00576094,-1.18514,1.06643,0.00150203,-18.709,-0.434994,-0.00726298,-0.159923,-0.000461019,-3.3958e-06,-2.28236e-06,-0,0,-0.000841263,0.000461019,3.3958e-06,-1.00531,-0.631439,0.00576094,-1.18514,1.06643,0.00150203,-18.709,-0.434994,-0.00726298,-0.159923,-0.000461019,-3.3958e-06,-2.28236e-06,-0.103083,-0.102532,-0.00563558,-0.00566246,-0.000436737,2.11378e-07,0,0,True,True
3.015,-0,0,0.000767188,0.000461036,3.35513e-06,0.946391,-0.631411,0.00568934,-1.18561,1.06644,0.00148253,-18.7094,-0.43503,-0.00717186,-0.159903,-0.000461036,-3.35513e-06,-2.20944e-06,-0,0,-0.000814437,0.000461036,3.35513e-06,-1.00531,-0.631411,0.00568934,-1.18561,1.06644,0.00148253,-18.7094,-0.43503,-0.00717186,-0.159903,-0.000461036,-3.35513e-06,-2.20944e-06,-0.103071,-0.102519,-0.00556486,-0.0055914,-0.000423848,2.05307e-07,0,0,True,True
3.02,-0,0,0.000742244,0.000461053,3.31578e-06,0.94639,-0.631382,0.00562004,-1.18606,1.06645,0.00146365,-18.7098,-0.435065,-0.00708369,-0.159882,-0.000461053,-3.31578e-06,-2.13725e-06,-0,0,-0.000787957,0.000461053,3.31578e-06,-1.00531,-0.631382,0.00562004,-1.18606,1.06645,0.00146365,-18.7098,-0.435065,-0.00708369,-0.159882,-0.000461053,-3.31578e-06,-2.13725e-06,-0.103058,-0.102506,-0.00549641,-0.00552263,-0.000411119,1.99308e-07,0,0,True,True
3.025,-0,0,0.000717753,0.000461069,3.27773e-06,0.94639,-0.631354,0.00555301,-1.18651,1.06646,0.0014454,-18.7102,-0.435101,-0.00699841,-0.159848,-0.000461069,-3.27773e-06,-2.06618e-06,-0,0,-0.000761958,0.000461069,3.27773e-06,-1.00531,-0.631354,0.00555301,-1.18651,1.06646,0.0014454,-18.7102,-0.435101,-0.00699841,-0.159848,-0.000461069,-3.27773e-06,-2.06618e-06,-0.103037,-0.102486,-0.00543021,-0.00545611,-0.000398545,1.93378e-07,0,0,True,True
3.03,-0,0,0.000693925,0.000461086,3.24095e-06,0.94639,-0.631327,0.00548821,-1.18695,1.06646,0.00142775,-18.7106,-0.435135,-0.00691596,-0.159785,-0.000461086,-3.24095e-06,-1.99685e-06,-0,0,-0.000736662,0.000461086,3.24095e-06,-1.00531,-0.631327,0.00548821,-1.18695,1.06646,0.00142775,-18.7106,-0.435135,-0.00691596,-0.159785,-0.000461086,-3.24095e-06,-1.99685e-06,-0.102996,-0.102445,-0.0053662,-0.0053918,-0.00038612,1.87516e-07,0,0,True,True
3.035,-0,0,0.000671094,0.000461102,3.20541e-06,0.94639,-0.6313,0.00542556,-1.18737,1.06647,0.00141069,-18.711,-0.43517,-0.00683625,-0.159661,-0.000461102,-3.20541e-06,-1.93029e-06,-0,0,-0.000712425,0.000461102,3.20541e-06,-1.00531,-0.6313,0.00542556,-1.18737,1.06647,0.00141069,-18.711,-0.43517,-0.00683625,-0.159661,-0.000461102,-3.20541e-06,-1.93029e-06,-0.102917,-0.102367,-0.00530433,-0.00532963,-0.000373839,1.81718e-07,0,0,True,True
3.04,-0,0,0.000649773,0.000461118,3.17104e-06,0.94639,-0.631273,0.00536495,-1.18776,1.06648,0.00139419,-18.7113,-0.435204,-0.00675914,-0.159435,-0.000461118,-3.17104e-06,-1.86811e-06,-0,0,-0.000689792,0.000461118,3.17104e-06,-1.00531,-0.631273,0.00536495,-1.18776,1.06648,0.00139419,-18.7112,-0.435204,-0.00675914,-0.159435,-0.000461118,-3.17104e-06,-1.86811e-06,-0.102772,-0.102223,-0.00524446,-0.00526948,-0.000361698,1.75983e-07,0,0,True,True
3.045,-0,0,0.000630735,0.000461133,3.13775e-06,0.946389,-0.631246,0.00530621,-1.18811,1.06648,0.0013782,-18.7115,-0.435237,-0.00668441,-0.159042,-0.000461133,-3.13775e-06,-1.81273e-06,-0,0,-0.000669581,0.000461133,3.13775e-06,-1.00531,-0.631246,0.00530621,-1.18811,1.06648,0.0013782,-18.7115,-0.435237,-0.00668441,-0.159042,-0.000461133,-3.13775e-06,-1.81273e-06,-0.102519,-0.101971,-0.00518646,-0.0052112,-0.000349692,1.70308e-07,0,0,True,True
3.05,-0,0,0.000615119,0.000461149,3.10538e-06,0.946389,-0.63122,0.00524909,-1.1884,1.06649,0.00136265,-18.7115,-0.435271,-0.00661174,-0.158385,-0.000461149,-3.10538e-06,-1.76777e-06,-0,0,-0.000653004,0.000461149,3.10538e-06,-1.00531,-0.63122,0.00524909,-1.1884,1.06649,0.00136265,-18.7115,-0.435271,-0.00661174,-0.158385,-0.000461149,-3.10538e-06,-1.76777e-06,-0.102096,-0.10155,-0.00513005,-0.00515452,-0.000337817,1.64692e-07,0,0,True,True
3.055,-0,0,0.000604594,0.000461165,3.07372e-06,0.946388,-0.631193,0.00519322,-1.18859,1.0665,0.00134745,-18.7113,-0.435304,-0.00654067,-0.157325,-0.000461165,-3.07372e-06,-1.73853e-06,-0,0,-0.00064183,0.000461165,3.07372e-06,-1.00531,-0.631193,0.00519322,-1.18859,1.0665,0.00134745,-18.7113,-0.435304,-0.00654067,-0.157325,-0.000461165,-3.07372e-06,-1.73853e-06,-0.101414,-0.100871,-0.00507488,-0.00509909,-0.00032607,1.59134e-07,0,0,True,True
3.06,-0,0,0.000601565,0.00046118,3.04241e-06,0.946388,-0.631168,0.00513803,-1.18864,1.0665,0.00133245,-18.7109,-0.435336,-0.00647047,-0.155662,-0.00046118,-3.04241e-06,-1.73273e-06,-0,0,-0.000638616,0.00046118,3.04241e-06,-1.00531,-0.631168,0.00513803,-1.18864,1.0665,0.00133245,-18.7109,-0.435336,-0.00647047,-0.155662,-0.00046118,-3.04241e-06,-1.73273e-06,-0.100342,-0.0998051,-0.00502039,-0.00504434,-0.000314448,1.53632e-07,0,0,True,True
3.065,-0,0,0.000609486,0.000461195,3.01097e-06,0.946386,-0.631142,0.00508269,-1.1885,1.06651,0.00131743,-18.7099,-0.435368,-0.00640012,-0.153108,-0.000461195,-3.01097e-06,-1.76146e-06,-0,0,-0.000647025,0.000461195,3.01097e-06,-1.00531,-0.631142,0.00508269,-1.1885,1.06651,0.00131743,-18.7099,-0.435368,-0.00640012,-0.153108,-0.000461195,-3.01097e-06,-1.76146e-06,-0.0986962,-0.0981679,-0.00496577,-0.00498947,-0.000302951,1.48185e-07,0,0,True,True
3.07,-0,0,0.000633266,0.00046121,2.97864e-06,0.946385,-0.631117,0.00502601,-1.18806,1.06652,0.00130209,-18.7082,-0.4354,-0.0063281,-0.149254,-0.00046121,-2.97864e-06,-1.84054e-06,-0,0,-0.000672269,0.00046121,2.97864e-06,-1.00531,-0.631117,0.00502601,-1.18806,1.06652,0.00130209,-18.7082,-0.4354,-0.0063281,-0.149254,-0.00046121,-2.97864e-06,-1.84054e-06,-0.0962127,-0.0956976,-0.00490987,-0.00493329,-0.00029158,1.42796e-07,0,0,True,True
3.075,-0,0,0.000678158,0.000461225,2.94435e-06,0.946382,-0.631092,0.00496625,-1.18724,1.06652,0.00128597,-18.7056,-0.435432,-0.00625222,-0.143665,-0.000461225,-2.94435e-06,-1.98702e-06,-0,0,-0.000719926,0.000461225,2.94435e-06,-1.00532,-0.631092,0.00496625,-1.18724,1.06652,0.00128597,-18.7057,-0.435432,-0.00625222,-0.143665,-0.000461225,-2.94435e-06,-1.98702e-06,-0.0926102,-0.0921141,-0.00485098,-0.00487412,-0.00028034,1.37466e-07,0,0,True,True
3.08,-0,0,0.000538495,0.000461239,2.90676e-06,0.946386,-0.631067,0.00490125,-1.1898,1.06653,0.00126852,-18.7112,-0.435463,-0.00616977,-0.153464,-0.000461239,-2.90676e-06,-1.58724e-06,-0,0,-0.000571654,0.000461239,2.90676e-06,-1.00531,-0.631067,0.00490125,-1.1898,1.06653,0.00126852,-18.7112,-0.435463,-0.00616977,-0.153464,-0.000461239,-2.90676e-06,-1.58724e-06,-0.0989273,-0.0983979,-0.00478698,-0.00480982,-0.000269239,1.322e-07,0,0,True,True
3.085,-0,0,0.000370511,0.000461254,2.88696e-06,0.946391,-0.631043,0.00486715,-1.19288,1.06654,0.00125939,-18.7181,-0.435493,-0.00612653,-0.165646,-0.000461254,-2.88696e-06,-1.09544e-06,-0,0,-0.000393321,0.000461254,2.88696e-06,-1.00531,-0.631043,0.00486715,-1.19288,1.06654,0.00125939,-18.7181,-0.435493,-0.00612653,-0.165646,-0.000461254,-2.88696e-06,-1.09543e-06,-0.10678,-0.106209,-0.00475341,-0.00477609,-0.000258293,1.27005e-07,0,0,True,True
