t,l_hip_yaw_q,l_hip_yaw_dq,l_hip_yaw_tau,l_hip_roll_q,l_hip_roll_dq,l_hip_roll_tau,l_hip_pitch_q,l_hip_pitch_dq,l_hip_pitch_tau,l_knee_q,l_knee_dq,l_knee_tau,l_ankle_pitch_q,l_ankle_pitch_dq,l_ankle_pitch_tau,l_ankle_roll_q,l_ankle_roll_dq,l_ankle_roll_tau,r_hip_yaw_q,r_hip_yaw_dq,r_hip_yaw_tau,r_hip_roll_q,r_hip_roll_dq,r_hip_roll_tau,r_hip_pitch_q,r_hip_pitch_dq,r_hip_pitch_tau,r_knee_q,r_knee_dq,r_knee_tau,r_ankle_pitch_q,r_ankle_pitch_dq,r_ankle_pitch_tau,r_ankle_roll_q,r_ankle_roll_dq,r_ankle_roll_tau,l_ankle_motorA_tau,l_ankle_motorB_tau,l_ankle_motorA_w,l_ankle_motorB_w,com_ref_x,com_ref_y,zmp_ref_x,zmp_ref_y,contact_l,contact_r
0,-0,0,-0.06866,0.000460758,8.26477e-05,0.737039,-0.630375,-0.0188307,-2.94696,1.06671,-0.00481172,-22.3568,-0.436332,0.0236424,-7.65456,-0.000460758,-8.26477e-05,-0.0191923,-0,0,0.121017,0.000460758,8.26477e-05,-1.22348,-0.630375,-0.0188307,-2.81433,1.06671,-0.00481172,-23.1819,-0.436332,0.0236424,-7.90615,-0.000460758,-8.26477e-05,-0.0198953,-4.94601,-4.89766,0.0182591,0.0185111,0,0,0,0,True,True
0.005,-0,0,-0.0523483,0.000461172,-0.000242652,0.613572,-0.630469,-0.0103382,-2.91435,1.06668,-0.0026414,-21.9336,-0.436214,0.0129796,-7.25577,-0.000461172,0.000242652,-0.0304894,-0,0,0.129742,0.000461172,-0.000242652,-1.3597,-0.630469,-0.0103382,-2.69794,1.06668,-0.0026414,-23.2502,-0.436214,0.0129796,-7.64252,-0.000461172,0.000242652,-0.0323043,-4.69529,-4.63542,0.0102757,0.00991003,-6.92516e-07,1.67862e-07,0,0,True,True
0.01,-0,0,-0.0107645,0.000458332,-0.000963011,0.447867,-0.630479,-0.00259861,-2.04844,1.06668,-0.000663087,-19.3899,-0.436203,0.00326169,-3.0051,-0.000458332,0.000963011,-0.0456542,-0,0,0.06339,0.000458332,-0.000963011,-1.552,-0.630479,-0.00259861,-1.65885,1.06668,-0.000663087,-21.2036,-0.436203,0.00326169,-3.24381,-0.000458332,0.000963011,-0.0498381,-1.96356,-1.90101,0.00336925,0.00169907,-4.77731e-06,1.26982e-06,0,0,True,True
0.015,-0,0,0.00985477,0.000451542,-0.00183364,0.36932,-0.630495,-0.0037309,-1.30086,1.06668,-0.000951554,-17.3813,-0.436181,0.00468245,0.518498,-0.000451542,0.00183364,-0.052866,-0,0,-0.00973861,0.000451542,-0.00183364,-1.64711,-0.630495,-0.0037309,-0.78693,1.06668,-0.000951554,-19.3103,-0.436181,0.00468245,0.584414,-0.000451542,0.00183364,-0.0585424,0.303973,0.362613,0.00523051,0.00204342,-1.23049e-05,3.9021e-06,0,0,True,True
0.02,-0,0,0.00795763,0.000439995,-0.00281959,0.323494,-0.630516,-0.00417357,-1.43677,1.06667,-0.00106365,-17.572,-0.436156,0.00523722,0.00171082,-0.000439995,0.00281959,-0.0571212,-0,0,0.00186376,0.000439995,-0.00281959,-1.70402,-0.630516,-0.00417357,-0.888811,1.06667,-0.00106365,-19.6936,-0.436156,0.00523722,0.0183312,-0.000439995,0.00281959,-0.0638063,-0.0316386,0.0336484,0.00652092,0.00161121,-2.15322e-05,8.37659e-06,0,0,True,True
0.025,-0,0,0.00673369,0.000423346,-0.00384878,0.310946,-0.630537,-0.00410461,-1.52095,1.06667,-0.00104493,-17.7354,-0.436129,0.00514954,-0.350923,-0.000423346,0.00384878,-0.0583602,-0,0,0.0100714,0.000423346,-0.00384878,-1.7198,-0.630537,-0.00410461,-0.96765,1.06667,-0.00104493,-19.924,-0.436129,0.00514954,-0.372457,-0.000423346,0.00384878,-0.06535,-0.259692,-0.191767,0.00735093,0.000639992,-3.10402e-05,1.48278e-05,0,0,True,True
0.03,-0,0,0.00581683,0.000401508,-0.00488105,0.316311,-0.630557,-0.00372372,-1.56554,1.06666,-0.000946482,-17.8569,-0.436104,0.0046702,-0.563034,-0.000401508,0.00488105,-0.0579892,-0,0,0.0148869,0.000401508,-0.00488105,-1.71308,-0.630557,-0.00372372,-1.02085,1.06666,-0.000946482,-20.0392,-0.436104,0.0046702,-0.607358,-0.000401508,0.00488105,-0.0648733,-0.396228,-0.327988,0.00787993,-0.000639409,-3.99518e-05,2.32882e-05,0,0,True,True
0.035,-0,0,0.00505892,0.000374535,-0.00589608,0.330456,-0.630574,-0.00316069,-1.58599,1.06666,-0.000801557,-17.9463,-0.436082,0.00396225,-0.684929,-0.000374535,0.00589608,-0.0568436,-0,0,0.0174384,0.000374535,-0.00589608,-1.69539,-0.630574,-0.00316069,-1.05612,1.06666,-0.000801557,-20.0849,-0.436082,0.00396225,-0.741059,-0.000374535,0.00589608,-0.0634267,-0.47416,-0.406799,0.00821661,-0.00208203,-4.77448e-05,3.37371e-05,0,0,True,True
0.04,-0,0,0.00443377,0.000342547,-0.00688514,0.348191,-0.630589,-0.0024982,-1.59213,1.06665,-0.000631375,-18.0118,-0.436065,0.00312957,-0.749675,-0.000342547,0.00688514,-0.0553976,-0,0,0.0185776,0.000342547,-0.00688514,-1.67333,-0.630589,-0.0024982,-1.07911,1.06665,-0.000631375,-20.0903,-0.436065,0.00312957,-0.810684,-0.000342547,0.00688514,-0.061612,-0.515077,-0.449133,0.00843387,-0.00359917,-5.41247e-05,4.61283e-05,0,0,True,True
0.045,-0,0,0.0039332,0.000305684,-0.00784584,0.366696,-0.630599,-0.00178782,-1.5901,1.06665,-0.000449213,-18.0597,-0.436051,0.00223703,-0.77889,-0.000305684,0.00784584,-0.0539083,-0,0,0.0188816,0.000305684,-0.00784584,-1.65046,-0.630599,-0.00178782,-1.09384,1.06665,-0.000449213,-20.0735,-0.436051,0.00223703,-0.840756,-0.000305684,0.00784584,-0.0597531,-0.533063,-0.468707,0.00857993,-0.00513815,-5.89403e-05,6.04073e-05,0,0,True,True
0.05,-0,0,0.0035438,0.000264088,-0.00877912,0.384555,-0.630607,-0.00106083,-1.5837,1.06665,-0.000263158,-18.0948,-0.436042,0.00132398,-0.786633,-0.000264088,0.00877912,-0.0525047,-0,0,0.0187202,0.000264088,-0.00877912,-1.62854,-0.630607,-0.00106083,-1.10314,1.06665,-0.000263158,-20.0457,-0.436042,0.00132398,-0.847203,-0.000264088,0.00877912,-0.058009,-0.537256,-0.474463,0.00868612,-0.00666908,-6.21287e-05,7.65188e-05,0,0,True,True
0.055,-0,0,0.00324668,0.000217893,-0.00968738,0.401169,-0.63061,-0.000335434,-1.57521,1.06665,-7.79482e-05,-18.121,-0.436038,0.000413382,-0.781929,-0.000217893,0.00968738,-0.0512409,-0,0,0.01832,0.000217893,-0.00968738,-1.60828,-0.63061,-0.000335434,-1.10893,1.06665,-7.79482e-05,-20.0133,-0.436038,0.000413382,-0.840167,-0.000217893,0.00968738,-0.0564438,-0.533506,-0.472159,0.00877233,-0.0081762,-6.36793e-05,9.44118e-05,0,0,True,True
0.06,-0,0,0.0030215,0.000167215,-0.0105735,0.416401,-0.63061,0.000378402,-1.56596,1.06665,0.000103795,-18.141,-0.436038,-0.000482197,-0.770458,-0.000167215,0.0105735,-0.0501287,-0,0,0.0178147,0.000167215,-0.0105735,-1.58982,-0.63061,0.000378402,-1.11253,1.06665,0.000103795,-19.9797,-0.436038,-0.000482197,-0.82596,-0.000167215,0.0105735,-0.0550692,-0.525481,-0.465429,0.00885083,-0.00965222,-6.36111e-05,0.000114041,0,0,True,True
0.065,-0,0,0.00284961,0.000112157,-0.0114404,0.430346,-0.630606,0.0010758,-1.55667,1.06665,0.000280753,-18.1568,-0.436043,-0.00135656,-0.755705,-0.000112157,0.0114404,-0.049159,-0,0,0.0172797,0.000112157,-0.0114404,-1.57301,-0.630606,0.0010758,-1.11483,1.06665,0.000280753,-19.9469,-0.436043,-0.00135656,-0.808404,-0.000112157,0.0114404,-0.0538715,-0.515422,-0.456513,0.0089289,-0.0110948,-6.19582e-05,0.000135365,0,0,True,True
0.07,-0,0,0.00271569,5.28109e-05,-0.0122904,0.443198,-0.630599,0.00175492,-1.54769,1.06665,0.000452391,-18.17,-0.436052,-0.00220732,-0.739735,-5.28109e-05,0.0122904,-0.0483134,-0,0,0.0167552,5.28109e-05,-0.0122904,-1.55759,-0.630599,0.00175492,-1.11641,1.06665,0.000452391,-19.9156,-0.436052,-0.00220732,-0.78973,-5.28109e-05,0.0122904,-0.0528267,-0.50465,-0.446745,0.00901055,-0.0125042,-5.87618e-05,0.000158351,0,0,True,True
0.075,-0,0,0.00260793,-1.07468e-05,-0.0131258,0.455176,-0.630589,0.00241564,-1.5392,1.06665,0.000618617,-18.1814,-0.436065,-0.00303426,-0.723709,1.07468e-05,0.0131258,-0.0475717,-0,0,0.0162604,-1.07468e-05,-0.0131258,-1.54329,-0.630589,0.00241564,-1.11763,1.06665,0.000618617,-19.8862,-0.436065,-0.00303426,-0.77117,1.07468e-05,0.0131258,-0.0519087,-0.493902,-0.436883,0.00909779,-0.0138822,-5.40644e-05,0.000182967,0,0,True,True
0.08,-0,0,0.00251774,-7.84471e-05,-0.0139482,0.466483,-0.630575,0.00305876,-1.53122,1.06666,0.000779579,-18.1919,-0.436082,-0.00383833,-0.708228,7.84471e-05,0.0139482,-0.046915,-0,0,0.0158029,-7.84471e-05,-0.0139482,-1.52985,-0.630575,0.00305876,-1.11872,1.06666,0.000779579,-19.8585,-0.436082,-0.00383833,-0.753344,7.84471e-05,0.0139482,-0.0510938,-0.483555,-0.427323,0.0091914,-0.0152311,-4.79078e-05,0.000209187,0,0,True,True
0.085,-0,0,0.00243917,-0.000150229,-0.0147591,0.477292,-0.630558,0.00368548,-1.52373,1.06666,0.000935537,-18.2018,-0.436103,-0.00462102,-0.693556,0.000150229,0.0147591,-0.046327,-0,0,0.0153837,-0.000150229,-0.0147591,-1.51705,-0.630558,0.00368548,-1.11982,1.06666,0.000935537,-19.8324,-0.436103,-0.00462102,-0.736507,0.000150229,0.0147591,-0.050362,-0.47377,-0.418241,0.00929145,-0.0165531,-4.03311e-05,0.000236988,0,0,True,True
0.09,-0,0,0.00236825,-0.000226038,-0.0155596,0.487739,-0.630538,0.00429717,-1.51668,1.06667,0.00108679,-18.2115,-0.436128,-0.00538396,-0.679762,0.000226038,0.0155596,-0.0457952,-0,0,0.0150005,-0.000226038,-0.0155596,-1.50473,-0.630538,0.00429717,-1.12101,1.06667,0.00108679,-19.8077,-0.436128,-0.00538396,-0.720711,0.000226038,0.0155596,-0.0496975,-0.464582,-0.40969,0.00939765,-0.0178507,-3.13708e-05,0.000266348,0,0,True,True
0.095,-0,0,0.00230246,-0.000305825,-0.0163506,0.497929,-0.630515,0.00489517,-1.51001,1.06667,0.00123362,-18.2211,-0.436157,-0.00612879,-0.66681,0.000305825,0.0163506,-0.0453097,-0,0,0.01465,-0.000305825,-0.0163506,-1.49276,-0.630515,0.00489517,-1.12232,1.06667,0.00123362,-19.7841,-0.436157,-0.00612879,-0.705902,0.000305825,0.0163506,-0.0490883,-0.455965,-0.401653,0.00950954,-0.0191258,-2.106e-05,0.000297249,0,0,True,True
0.1,-0,0,0.00224028,-0.000389544,-0.0171328,0.507937,-0.630489,0.00548071,-1.50367,1.06668,0.00137631,-18.2307,-0.436189,-0.00685702,-0.654619,0.000389544,0.0171328,-0.0448635,-0,0,0.0143284,-0.000389544,-0.0171328,-1.48105,-0.630489,0.00548071,-1.12375,1.06668,0.00137631,-19.7615,-0.436189,-0.00685702,-0.691976,0.000389544,0.0171328,-0.0485258,-0.447862,-0.394081,0.00962662,-0.0203803,-9.42931e-06,0.000329672,0,0,True,True
0.105,-0,0,0.00218088,-0.000477153,-0.017907,0.517812,-0.63046,0.00605492,-1.49762,1.06669,0.0015151,-18.2404,-0.436226,-0.00757002,-0.643094,0.000477153,0.017907,-0.0444518,-0,0,0.0140322,-0.000477153,-0.017907,-1.46953,-0.63046,0.00605492,-1.12531,1.06669,0.0015151,-19.7397,-0.436226,-0.00757002,-0.678823,0.000477153,0.017907,-0.0480039,-0.440208,-0.386917,0.00974839,-0.0216159,3.49357e-06,0.000363601,0,0,True,True
0.11,-0,0,0.0021238,-0.000568614,-0.0186738,0.527588,-0.630429,0.00661879,-1.49181,1.06669,0.0016502,-18.2501,-0.436265,-0.00826899,-0.632147,0.000568614,0.0186738,-0.0440715,-0,0,0.0137587,-0.000568614,-0.0186738,-1.45817,-0.630429,0.00661879,-1.12699,1.06669,0.0016502,-19.7186,-0.436265,-0.00826899,-0.666341,0.000568614,0.0186738,-0.047519,-0.432944,-0.380104,0.00987445,-0.022834,1.76831e-05,0.000399022,0,0,True,True
0.115,-0,0,0.00206886,-0.000663891,-0.0194336,0.537279,-0.630394,0.00717322,-1.48623,1.0667,0.0017818,-18.2598,-0.436308,-0.00895503,-0.62171,0.000663891,0.0194336,-0.0437211,-0,0,0.0135056,-0.000663891,-0.0194336,-1.44694,-0.630394,0.00717322,-1.12878,1.0667,0.0017818,-19.6981,-0.436308,-0.00895503,-0.654452,0.000663891,0.0194336,-0.0470688,-0.426027,-0.373602,0.0100044,-0.024036,3.31158e-05,0.00043592,0,0,True,True
0.12,-0,0,0.00201598,-0.00076295,-0.0201871,0.546889,-0.630357,0.00771905,-1.48086,1.06671,0.00191007,-18.2696,-0.436355,-0.00962912,-0.611738,0.00076295,0.0201871,-0.0434001,-0,0,0.0132718,-0.00076295,-0.0201871,-1.43585,-0.630357,0.00771905,-1.13067,1.06671,0.00191007,-19.6782,-0.436355,-0.00962912,-0.643104,0.00076295,0.0201871,-0.0466528,-0.419428,-0.367382,0.010138,-0.0252232,4.977e-05,0.000474282,0,0,True,True
0.125,-0,0,0.00196527,-0.000865761,-0.0209347,0.556411,-0.630317,0.00825705,-1.47569,1.06672,0.00203516,-18.2794,-0.436405,-0.0102922,-0.602194,0.000865761,0.0209347,-0.0431089,-0,0,0.013056,-0.000865761,-0.0209347,-1.42489,-0.630317,0.00825705,-1.13264,1.06672,0.00203516,-19.6588,-0.436405,-0.0102922,-0.632255,0.000865761,0.0209347,-0.0462713,-0.413121,-0.361418,0.0102749,-0.0263966,6.76261e-05,0.000514097,0,0,True,True
0.13,-0,0,0.00191697,-0.000972296,-0.0216769,0.565843,-0.630274,0.00878795,-1.47072,1.06673,0.00215723,-18.2892,-0.436458,-0.0109452,-0.593008,0.000972296,0.0216769,-0.0428477,-0,0,0.0128567,-0.000972296,-0.0216769,-1.41408,-0.630274,0.00878795,-1.13468,1.06673,0.00215723,-19.64,-0.436458,-0.0109452,-0.621829,0.000972296,0.0216769,-0.0459241,-0.407063,-0.355667,0.0104149,-0.0275574,8.66657e-05,0.000555354,0,0,True,True
0.135,-0,0,0.00187139,-0.00108253,-0.0224144,0.575195,-0.630229,0.00931237,-1.46591,1.06674,0.00227638,-18.2988,-0.436514,-0.0115888,-0.584078,0.00108253,0.0224144,-0.0426154,-0,0,0.0126715,-0.00108253,-0.0224144,-1.40339,-0.630229,0.00931237,-1.13676,1.06674,0.00227638,-19.6217,-0.436514,-0.0115888,-0.611712,0.00108253,0.0224144,-0.04561,-0.401186,-0.350064,0.0105579,-0.0287068,0.000106872,0.000598042,0,0,True,True
0.14,-0,0,0.00182885,-0.00119644,-0.0231477,0.584477,-0.630181,0.00983079,-1.46123,1.06675,0.00239271,-18.3084,-0.436574,-0.0122235,-0.575309,0.00119644,0.0231477,-0.042411,-0,0,0.012498,-0.00119644,-0.0231477,-1.39282,-0.630181,0.00983079,-1.13888,1.06675,0.00239271,-19.6037,-0.436574,-0.0122235,-0.601802,0.00119644,0.0231477,-0.0453276,-0.39543,-0.344548,0.0107039,-0.0298456,0.00012823,0.000642154,0,0,True,True
0.145,-0,0,0.00178956,-0.00131401,-0.0238771,0.59369,-0.630131,0.0103436,-1.45668,1.06677,0.00250627,-18.3179,-0.436636,-0.0128499,-0.566646,0.00131401,0.0238771,-0.0422343,-0,0,0.0123352,-0.00131401,-0.0238771,-1.38235,-0.630131,0.0103436,-1.14101,1.06677,0.00250627,-19.5861,-0.436636,-0.0128499,-0.592039,0.00131401,0.0238771,-0.0450766,-0.389758,-0.339084,0.0108531,-0.0309745,0.000150725,0.000687681,0,0,True,True
0.15,-0,0,0.00175356,-0.00143521,-0.0246033,0.602832,-0.630078,0.0108512,-1.45225,1.06678,0.00261711,-18.3272,-0.436702,-0.0134683,-0.558071,0.00143521,0.0246033,-0.0420854,-0,0,0.0121824,-0.00143521,-0.0246033,-1.372,-0.630078,0.0108512,-1.14314,1.06678,0.00261711,-19.5688,-0.436702,-0.0134683,-0.582402,0.00143521,0.0246033,-0.0448568,-0.384159,-0.333661,0.0110054,-0.0320944,0.000174343,0.000734617,0,0,True,True
0.155,-0,0,0.00172079,-0.00156004,-0.0253266,0.611901,-0.630022,0.0113538,-1.44794,1.06679,0.00272528,-18.3363,-0.436771,-0.0140791,-0.549583,0.00156004,0.0253266,-0.0419645,-0,0,0.0120396,-0.00156004,-0.0253266,-1.36177,-0.630022,0.0113538,-1.14529,1.06679,0.00272528,-19.5518,-0.436771,-0.0140791,-0.57289,0.00156004,0.0253266,-0.0446684,-0.378631,-0.328277,0.011161,-0.0332058,0.00019907,0.000782955,0,0,True,True
0.16,-0,0,0.00169112,-0.00168848,-0.0260477,0.620893,-0.629964,0.0118519,-1.44375,1.06681,0.00283083,-18.3453,-0.436843,-0.0146827,-0.541189,0.00168848,0.0260477,-0.0418719,-0,0,0.0119067,-0.00168848,-0.0260477,-1.35165,-0.629964,0.0118519,-1.14745,1.06681,0.00283083,-19.5352,-0.436843,-0.0146827,-0.563509,0.00168848,0.0260477,-0.0445117,-0.373181,-0.322938,0.0113202,-0.0343097,0.000224895,0.00083269,0,0,True,True
0.165,-0,0,0.00166438,-0.00182052,-0.026767,0.629805,-0.629904,0.0123457,-1.43968,1.06682,0.00293379,-18.3542,-0.436918,-0.0152795,-0.532903,0.00182052,0.026767,-0.0418078,-0,0,0.0117838,-0.00182052,-0.026767,-1.34166,-0.629904,0.0123457,-1.14961,1.06682,0.00293379,-19.5189,-0.436918,-0.0152795,-0.554273,0.00182052,0.026767,-0.0443865,-0.367817,-0.317651,0.0114828,-0.0354067,0.000251806,0.000883819,0,0,True,True
0.17,-0,0,0.00164039,-0.00195615,-0.0274849,0.638636,-0.629841,0.0128357,-1.43574,1.06684,0.00303423,-18.3629,-0.436996,-0.0158699,-0.524735,0.00195615,0.0274849,-0.0417722,-0,0,0.011671,-0.00195615,-0.0274849,-1.33178,-0.629841,0.0128357,-1.15178,1.06684,0.00303423,-19.503,-0.436996,-0.0158699,-0.545192,0.00195615,0.0274849,-0.0442931,-0.362545,-0.312424,0.0116492,-0.0364977,0.000279791,0.000936338,0,0,True,True
0.175,-0,0,0.00161897,-0.00209537,-0.0282021,0.647385,-0.629775,0.0133222,-1.43193,1.06685,0.00313219,-18.3714,-0.437076,-0.0164544,-0.516695,0.00209537,0.0282021,-0.0417652,-0,0,0.0115684,-0.00209537,-0.0282021,-1.32202,-0.629775,0.0133222,-1.15397,1.06685,0.00313219,-19.4875,-0.437076,-0.0164544,-0.536276,0.00209537,0.0282021,-0.0442312,-0.357372,-0.307264,0.0118194,-0.0375833,0.000308841,0.000990245,0,0,True,True
0.18,-0,0,0.00159995,-0.00223817,-0.028919,0.656052,-0.629708,0.0138056,-1.42825,1.06687,0.00322773,-18.3799,-0.43716,-0.0170334,-0.508793,0.00223817,0.028919,-0.0417869,-0,0,0.0114759,-0.00223817,-0.028919,-1.31239,-0.629708,0.0138056,-1.15617,1.06687,0.00322773,-19.4723,-0.43716,-0.0170334,-0.527532,0.00223817,0.028919,-0.0442008,-0.352305,-0.302175,0.0119935,-0.0386644,0.000338947,0.00104554,0,0,True,True
0.185,-0,0,0.00158315,-0.00238456,-0.029636,0.664636,-0.629637,0.0142863,-1.42471,1.06688,0.00332091,-18.3882,-0.437247,-0.0176072,-0.501034,0.00238456,0.029636,-0.0418372,-0,0,0.0113934,-0.00238456,-0.029636,-1.30287,-0.629637,0.0142863,-1.15839,1.06688,0.00332091,-19.4575,-0.437247,-0.0176072,-0.518966,0.00238456,0.029636,-0.0442018,-0.347346,-0.297161,0.0121716,-0.0397417,0.000370099,0.00110222,0,0,True,True
0.19,-0,0,0.00156844,-0.00253453,-0.0303538,0.673141,-0.629565,0.0147648,-1.42129,1.0669,0.00341176,-18.3964,-0.437336,-0.0181765,-0.49342,0.00253453,0.0303538,-0.0419161,-0,0,0.011321,-0.00253453,-0.0303538,-1.29347,-0.629565,0.0147648,-1.16062,1.0669,0.00341176,-19.4431,-0.437336,-0.0181765,-0.510578,0.00253453,0.0303538,-0.0442338,-0.342497,-0.292224,0.0123537,-0.0408161,0.00040229,0.00116029,0,0,True,True
0.195,-0,0,0.00155567,-0.00268809,-0.0310728,0.681566,-0.62949,0.0152413,-1.41801,1.06692,0.00350036,-18.4044,-0.437429,-0.0187416,-0.485952,0.00268809,0.0310728,-0.0420233,-0,0,0.0112583,-0.00268809,-0.0310728,-1.28417,-0.62949,0.0152413,-1.16286,1.06692,0.00350036,-19.429,-0.437429,-0.0187416,-0.502369,0.00268809,0.0310728,-0.0442968,-0.337758,-0.287364,0.0125399,-0.0418883,0.000435514,0.00121975,0,0,True,True
0.2,-0,0,0.00154473,-0.00284526,-0.0317935,0.689914,-0.629412,0.0157163,-1.41485,1.06694,0.00358673,-18.4124,-0.437524,-0.019303,-0.478628,0.00284526,0.0317935,-0.0421587,-0,0,0.0112053,-0.00284526,-0.0317935,-1.27499,-0.629412,0.0157163,-1.16513,1.06694,0.00358673,-19.4153,-0.437524,-0.019303,-0.494336,0.00284526,0.0317935,-0.0443903,-0.333129,-0.282582,0.0127304,-0.0429591,0.000469763,0.0012806,0,0,True,True
0.205,-0,0,0.00153551,-0.00300603,-0.0325164,0.698189,-0.629332,0.0161901,-1.41182,1.06695,0.00367094,-18.4202,-0.437622,-0.0198611,-0.471446,0.00300603,0.0325164,-0.0423223,-0,0,0.0111617,-0.00300603,-0.0325164,-1.26592,-0.629332,0.0161901,-1.16741,1.06695,0.00367094,-19.4019,-0.437622,-0.0198611,-0.486474,0.00300603,0.0325164,-0.0445142,-0.328606,-0.277873,0.0129252,-0.0440293,0.000505034,0.00134285,0,0,True,True
0.21,-0,0,0.00152792,-0.00317042,-0.0332419,0.706392,-0.62925,0.0166633,-1.40892,1.06697,0.00375302,-18.4279,-0.437722,-0.0204163,-0.464401,0.00317042,0.0332419,-0.0425137,-0,0,0.0111274,-0.00317042,-0.0332419,-1.25694,-0.62925,0.0166633,-1.1697,1.06697,0.00375302,-19.3889,-0.437722,-0.0204163,-0.478777,0.00317042,0.0332419,-0.044668,-0.324189,-0.273237,0.0131244,-0.0450996,0.000541321,0.0014065,0,0,True,True
0.215,-0,0,0.00152187,-0.00333845,-0.0339707,0.714526,-0.629166,0.0171361,-1.40614,1.06699,0.00383301,-18.4355,-0.437826,-0.0209691,-0.457488,0.00333845,0.0339707,-0.0427328,-0,0,0.011102,-0.00333845,-0.0339707,-1.24807,-0.629166,0.0171361,-1.17201,1.06699,0.00383301,-19.3762,-0.437826,-0.0209691,-0.47124,0.00333845,0.0339707,-0.0448516,-0.319872,-0.268669,0.0133281,-0.0461709,0.00057862,0.00147155,0,0,True,True
0.22,-0,0,0.00151728,-0.00351013,-0.034703,0.722594,-0.629079,0.0176089,-1.40347,1.06701,0.00391094,-18.443,-0.437932,-0.0215198,-0.450702,0.00351013,0.034703,-0.0429796,-0,0,0.0110854,-0.00351013,-0.034703,-1.23928,-0.629079,0.0176089,-1.17434,1.06701,0.00391094,-19.3638,-0.437932,-0.0215198,-0.463855,0.00351013,0.034703,-0.0450647,-0.315653,-0.264168,0.0135363,-0.0472437,0.00061693,0.00153802,0,0,True,True
0.225,-0,0,0.00151408,-0.00368548,-0.0354394,0.7306,-0.62899,0.0180821,-1.40092,1.06703,0.00398685,-18.4504,-0.438041,-0.0220689,-0.444039,0.00368548,0.0354394,-0.0432537,-0,0,0.0110773,-0.00368548,-0.0354394,-1.23059,-0.62899,0.0180821,-1.17669,1.06703,0.00398685,-19.3518,-0.438041,-0.0220689,-0.456618,0.00368548,0.0354394,-0.0453069,-0.311529,-0.259729,0.0137492,-0.048319,0.000656248,0.00160591,0,0,True,True
0.23,-0,0,0.00151219,-0.00386452,-0.0361804,0.738546,-0.628898,0.0185561,-1.39849,1.06705,0.00406076,-18.4577,-0.438153,-0.0226168,-0.437494,0.00386452,0.0361804,-0.0435551,-0,0,0.0110777,-0.00386452,-0.0361804,-1.22198,-0.628898,0.0185561,-1.17904,1.06705,0.00406076,-19.34,-0.438153,-0.0226168,-0.449523,0.00386452,0.0361804,-0.045578,-0.307496,-0.255351,0.0139669,-0.0493973,0.000696573,0.00167523,0,0,True,True
0.235,-0,0,0.00151155,-0.00404728,-0.0369265,0.746435,-0.628804,0.0190311,-1.39617,1.06707,0.0041327,-18.4649,-0.438267,-0.0231638,-0.431063,0.00404728,0.0369265,-0.0438836,-0,0,0.0110863,-0.00404728,-0.0369265,-1.21345,-0.628804,0.0190311,-1.18142,1.06707,0.0041327,-19.3285,-0.438267,-0.0231638,-0.442565,0.00404728,0.0369265,-0.0458779,-0.303553,-0.25103,0.0141895,-0.0504794,0.000737903,0.00174598,0,0,True,True
0.24,-0,0,0.00151208,-0.00423379,-0.0376781,0.75427,-0.628708,0.0195077,-1.39396,1.06709,0.00420269,-18.472,-0.438384,-0.0237104,-0.424743,0.00423379,0.0376781,-0.0442392,-0,0,0.011103,-0.00423379,-0.0376781,-1.20501,-0.628708,0.0195077,-1.18381,1.06709,0.00420269,-19.3174,-0.438384,-0.0237104,-0.435739,0.00423379,0.0376781,-0.0462064,-0.299696,-0.246765,0.0144171,-0.051566,0.00078024,0.00181819,0,0,True,True
0.245,-0,0,0.00151373,-0.00442406,-0.0384356,0.762054,-0.628609,0.0199861,-1.39186,1.06711,0.00427073,-18.479,-0.438504,-0.0242568,-0.418531,0.00442406,0.0384356,-0.0446217,-0,0,0.0111276,-0.00442406,-0.0384356,-1.19663,-0.628609,0.0199861,-1.18622,1.06711,0.00427073,-19.3065,-0.438504,-0.0242568,-0.429042,0.00442406,0.0384356,-0.0465631,-0.295925,-0.242554,0.0146497,-0.0526578,0.000823583,0.00189185,0,0,True,True
0.25,-0,0,0.0015164,-0.00461814,-0.0391996,0.769789,-0.628508,0.0204667,-1.38987,1.06713,0.00433685,-18.4859,-0.438627,-0.0248035,-0.412426,0.00461814,0.0391996,-0.0450312,-0,0,0.01116,-0.00461814,-0.0391996,-1.18833,-0.628508,0.0204667,-1.18865,1.06713,0.00433685,-19.2959,-0.438627,-0.0248035,-0.422471,0.00461814,0.0391996,-0.0469482,-0.292237,-0.238396,0.0148876,-0.0537556,0.000867935,0.00196698,0,0,True,True
0.255,-0,0,0.00152006,-0.00481606,-0.0399704,0.777478,-0.628404,0.0209498,-1.38798,1.06716,0.00440104,-18.4928,-0.438752,-0.0253508,-0.406424,0.00481606,0.0399704,-0.0454675,-0,0,0.0112002,-0.00481606,-0.0399704,-1.18009,-0.628404,0.0209498,-1.19109,1.06716,0.00440104,-19.2856,-0.438752,-0.0253508,-0.416023,0.00481606,0.0399704,-0.0473613,-0.288632,-0.234289,0.0151308,-0.0548598,0.000913297,0.0020436,0,0,True,True
0.26,-0,0,0.00152462,-0.00501785,-0.0407487,0.785123,-0.628298,0.0214358,-1.38619,1.06718,0.00446332,-18.4995,-0.43888,-0.0258992,-0.400525,0.00501785,0.0407487,-0.0459306,-0,0,0.011248,-0.00501785,-0.0407487,-1.17192,-0.628298,0.0214358,-1.19355,1.06718,0.00446332,-19.2755,-0.43888,-0.0258992,-0.409695,0.00501785,0.0407487,-0.0478024,-0.285108,-0.230233,0.0153794,-0.0559714,0.000959674,0.00212171,0,0,True,True
0.265,-0,0,0.00153003,-0.00522355,-0.0415347,0.792727,-0.62819,0.0219251,-1.38451,1.0672,0.00452369,-18.5062,-0.439011,-0.0264488,-0.394726,0.00522355,0.0415347,-0.0464204,-0,0,0.0113034,-0.00522355,-0.0415347,-1.16381,-0.62819,0.0219251,-1.19603,1.0672,0.00452369,-19.2657,-0.439011,-0.0264488,-0.403486,0.00522355,0.0415347,-0.0482714,-0.281664,-0.226225,0.0156336,-0.0570909,0.00100707,0.00220134,0,0,True,True
0.27,-0,0,0.00153623,-0.00543319,-0.042329,0.800293,-0.628079,0.022418,-1.38293,1.06722,0.00458213,-18.5127,-0.439145,-0.0270001,-0.389026,0.00543319,0.042329,-0.0469371,-0,0,0.0113663,-0.00543319,-0.042329,-1.15576,-0.628079,0.022418,-1.19853,1.06722,0.00458213,-19.2561,-0.439145,-0.0270001,-0.397392,0.00543319,0.042329,-0.0487683,-0.278299,-0.222266,0.0158934,-0.058219,0.00105548,0.0022825,0,0,True,True
0.275,-0,0,0.00154318,-0.00564684,-0.043132,0.807824,-0.627966,0.0229148,-1.38146,1.06725,0.00463865,-18.5192,-0.439281,-0.0275535,-0.383423,0.00564684,0.043132,-0.0474806,-0,0,0.0114365,-0.00564684,-0.043132,-1.14776,-0.627966,0.0229148,-1.20105,1.06725,0.00463865,-19.2469,-0.439281,-0.0275535,-0.39141,0.00564684,0.043132,-0.049293,-0.275012,-0.218353,0.016159,-0.0593564,0.00110492,0.00236519,0,0,True,True
0.28,-0,0,0.00155083,-0.00586451,-0.0439442,0.81532,-0.62785,0.023416,-1.38008,1.06727,0.00469324,-18.5257,-0.43942,-0.0281092,-0.377914,0.00586451,0.0439442,-0.048051,-0,0,0.0115141,-0.00586451,-0.0439442,-1.13981,-0.62785,0.023416,-1.20359,1.06727,0.00469324,-19.2378,-0.43942,-0.0281092,-0.385539,0.00586451,0.0439442,-0.0498454,-0.2718,-0.214485,0.0164306,-0.0605037,0.0011554,0.00244945,0,0,True,True
0.285,-0,0,0.00155915,-0.00608628,-0.044766,0.822786,-0.627732,0.0239218,-1.3788,1.06729,0.00474587,-18.532,-0.439562,-0.0286677,-0.372496,0.00608628,0.044766,-0.0486483,-0,0,0.0115989,-0.00608628,-0.044766,-1.13191,-0.627732,0.0239218,-1.20615,1.06729,0.00474587,-19.229,-0.439562,-0.0286677,-0.379774,0.00608628,0.044766,-0.0504257,-0.268663,-0.210661,0.0167082,-0.0616617,0.00120691,0.00253529,0,0,True,True
0.29,-0,0,0.0015681,-0.00631217,-0.0455979,0.830222,-0.627611,0.0244327,-1.37761,1.06732,0.00479652,-18.5383,-0.439707,-0.0292292,-0.367167,0.00631217,0.0455979,-0.0492725,-0,0,0.0116909,-0.00631217,-0.0455979,-1.12406,-0.627611,0.0244327,-1.20874,1.06732,0.00479652,-19.2204,-0.439707,-0.0292292,-0.374112,0.00631217,0.0455979,-0.0510337,-0.265599,-0.206878,0.0169919,-0.062831,0.00125947,0.00262273,0,0,True,True
0.295,-0,0,0.00157767,-0.00654226,-0.0464404,0.837632,-0.627487,0.024949,-1.37653,1.06734,0.00484518,-18.5445,-0.439855,-0.0297941,-0.361924,0.00654226,0.0464404,-0.0499238,-0,0,0.0117901,-0.00654226,-0.0464404,-1.11625,-0.627487,0.024949,-1.21134,1.06734,0.00484518,-19.2121,-0.439855,-0.0297941,-0.368549,0.00654226,0.0464404,-0.0516696,-0.262605,-0.203134,0.017282,-0.0640123,0.00131308,0.00271179,0,0,True,True
0.3,-0,0,0.00158785,-0.00677658,-0.0472938,0.845018,-0.627361,0.025471,-1.37553,1.06737,0.0048918,-18.5507,-0.440005,-0.0303628,-0.356762,0.00677658,0.0472938,-0.0506023,-0,0,0.0118962,-0.00677658,-0.0472938,-1.10848,-0.627361,0.025471,-1.21396,1.06737,0.0048918,-19.204,-0.440005,-0.0303628,-0.363081,0.00677658,0.0472938,-0.0523334,-0.259679,-0.199427,0.0175785,-0.0652062,0.00136775,0.00280248,0,0,True,True
0.305,-0,0,0.00159862,-0.00701519,-0.0481588,0.85238,-0.627233,0.025999,-1.37464,1.06739,0.00493636,-18.5568,-0.440158,-0.0309354,-0.351679,0.00701519,0.0481588,-0.0513081,-0,0,0.0120094,-0.00701519,-0.0481588,-1.10074,-0.627233,0.025999,-1.21661,1.06739,0.00493636,-19.1961,-0.440158,-0.0309354,-0.357703,0.00701519,0.0481588,-0.0530253,-0.256819,-0.195755,0.0178815,-0.0664133,0.00142349,0.00289484,0,0,True,True
0.31,-0,0,0.00160999,-0.00725817,-0.0490357,0.859722,-0.627101,0.0265336,-1.37383,1.06742,0.00497881,-18.5628,-0.440314,-0.0315124,-0.346669,0.00725817,0.0490357,-0.0520414,-0,0,0.0121295,-0.00725817,-0.0490357,-1.09304,-0.627101,0.0265336,-1.21928,1.06742,0.00497881,-19.1885,-0.440314,-0.0315124,-0.352411,0.00725817,0.0490357,-0.0537453,-0.254022,-0.192114,0.0181913,-0.0676344,0.00148031,0.00298888,0,0,True,True
0.315,-0,0,0.00162195,-0.00750555,-0.0499249,0.867045,-0.626967,0.0270749,-1.37311,1.06744,0.0050191,-18.5687,-0.440473,-0.032094,-0.341731,0.00750555,0.0499249,-0.0528024,-0,0,0.0122564,-0.00750555,-0.0499249,-1.08538,-0.626967,0.0270749,-1.22197,1.06744,0.0050191,-19.181,-0.440473,-0.032094,-0.347202,0.00750555,0.0499249,-0.0544936,-0.251287,-0.188503,0.018508,-0.0688701,0.00153822,0.00308462,0,0,True,True
0.32,-0,0,0.00163451,-0.00775742,-0.0508271,0.874351,-0.626831,0.0276234,-1.37249,1.06747,0.00505719,-18.5746,-0.440635,-0.0326806,-0.33686,0.00775742,0.0508271,-0.0535912,-0,0,0.0123903,-0.00775742,-0.0508271,-1.07775,-0.626831,0.0276234,-1.22468,1.06747,0.00505719,-19.1738,-0.440635,-0.0326806,-0.342071,0.00775742,0.0508271,-0.0552704,-0.248611,-0.184919,0.0188318,-0.070121,0.00159724,0.0031821,0,0,True,True
0.325,-0,0,0.00164765,-0.00801382,-0.0517426,0.881641,-0.626691,0.0281795,-1.37196,1.06749,0.005093,-18.5804,-0.4408,-0.0332725,-0.332054,0.00801382,0.0517426,-0.0544082,-0,0,0.0125309,-0.00801382,-0.0517426,-1.07014,-0.626691,0.0281795,-1.22741,1.06749,0.005093,-19.1668,-0.4408,-0.0332725,-0.337016,0.00801382,0.0517426,-0.0560759,-0.245994,-0.181361,0.0191628,-0.0713877,0.00165736,0.00328133,0,0,True,True
0.33,-0,0,0.00166137,-0.00827484,-0.0526719,0.888917,-0.626549,0.0287434,-1.37152,1.06752,0.00512649,-18.5862,-0.440968,-0.0338699,-0.327312,0.00827484,0.0526719,-0.0552534,-0,0,0.0126784,-0.00827484,-0.0526719,-1.06256,-0.626549,0.0287434,-1.23016,1.06752,0.00512649,-19.16,-0.440968,-0.0338699,-0.332034,0.00827484,0.0526719,-0.0569102,-0.243433,-0.177828,0.0195011,-0.0726711,0.00171861,0.00338235,0,0,True,True
0.335,-0,0,0.00167564,-0.00854054,-0.0536155,0.896182,-0.626404,0.0293155,-1.37116,1.06754,0.00515758,-18.5919,-0.441139,-0.0344731,-0.322633,0.00854054,0.0536155,-0.0561271,-0,0,0.0128328,-0.00854054,-0.0536155,-1.055,-0.626404,0.0293155,-1.23293,1.06754,0.00515758,-19.1534,-0.441139,-0.0344731,-0.327125,0.00854054,0.0536155,-0.0577735,-0.240929,-0.174318,0.0198471,-0.0739716,0.001781,0.00348517,0,0,True,True
0.34,-0,0,0.00169044,-0.008811,-0.054574,0.903437,-0.626256,0.0298963,-1.3709,1.06757,0.00518619,-18.5975,-0.441313,-0.0350825,-0.318016,0.008811,0.054574,-0.0570296,-0,0,0.012994,-0.008811,-0.054574,-1.04747,-0.626256,0.0298963,-1.23573,1.06757,0.00518619,-19.147,-0.441313,-0.0350825,-0.322288,0.008811,0.054574,-0.058666,-0.238481,-0.170832,0.0202008,-0.07529,0.00184454,0.00358983,0,0,True,True
0.345,-0,0,0.00170572,-0.00908628,-0.0555476,0.910685,-0.626105,0.0304861,-1.37073,1.06759,0.00521224,-18.6031,-0.44149,-0.0356983,-0.313462,0.00908628,0.0555476,-0.0579609,-0,0,0.0131621,-0.00908628,-0.0555476,-1.03995,-0.626105,0.0304861,-1.23856,1.06759,0.00521224,-19.1408,-0.44149,-0.0356983,-0.317523,0.00908628,0.0555476,-0.0595879,-0.236091,-0.16737,0.0205624,-0.0766269,0.00190924,0.00369636,0,0,True,True
0.35,-0,0,0.00172145,-0.00936647,-0.0565371,0.917929,-0.625951,0.0310852,-1.37064,1.06762,0.00523565,-18.6086,-0.44167,-0.0363209,-0.308971,0.00936647,0.0565371,-0.0589214,-0,0,0.0133372,-0.00936647,-0.0565371,-1.03245,-0.625951,0.0310852,-1.24141,1.06762,0.00523565,-19.1348,-0.44167,-0.0363209,-0.312829,0.00936647,0.0565371,-0.0605394,-0.233758,-0.163932,0.0209321,-0.077983,0.00197512,0.00380479,0,0,True,True
0.355,-0,0,0.0017376,-0.00965165,-0.0575428,0.925171,-0.625794,0.0316941,-1.37065,1.06765,0.00525631,-18.614,-0.441853,-0.0369504,-0.304544,0.00965165,0.0575428,-0.0599113,-0,0,0.0135192,-0.00965165,-0.0575428,-1.02496,-0.625794,0.0316941,-1.24429,1.06765,0.00525631,-19.129,-0.441853,-0.0369504,-0.308208,0.00965165,0.0575428,-0.0615207,-0.231482,-0.160517,0.0213101,-0.0793589,0.00204219,0.00391514,0,0,True,True
0.36,-0,0,0.00175413,-0.0099419,-0.0585652,0.932413,-0.625634,0.0323132,-1.37074,1.06767,0.00527415,-18.6195,-0.442039,-0.0375873,-0.300181,0.0099419,0.0585652,-0.0609307,-0,0,0.0137083,-0.0099419,-0.0585652,-1.01748,-0.625634,0.0323132,-1.24719,1.06767,0.00527415,-19.1234,-0.442039,-0.0375873,-0.30366,0.0099419,0.0585652,-0.062532,-0.229265,-0.157127,0.0216966,-0.0807554,0.00211048,0.00402746,0,0,True,True
0.365,-0,0,0.00177101,-0.0102373,-0.0596049,0.939658,-0.625471,0.0329428,-1.37092,1.0677,0.00528904,-18.6248,-0.442229,-0.0382319,-0.295882,0.0102373,0.0596049,-0.0619801,-0,0,0.0139045,-0.0102373,-0.0596049,-1.01001,-0.625471,0.0329428,-1.25013,1.0677,0.00528904,-19.1179,-0.442229,-0.0382319,-0.299183,0.0102373,0.0596049,-0.0635735,-0.227106,-0.153761,0.0220918,-0.082173,0.00217999,0.00414176,0,0,True,True
0.37,-0,0,0.00178824,-0.0105379,-0.0606623,0.946908,-0.625304,0.0335834,-1.3712,1.06773,0.00530087,-18.6302,-0.442422,-0.0388843,-0.291646,0.0105379,0.0606623,-0.0630595,-0,0,0.0141077,-0.0105379,-0.0606623,-1.00255,-0.625304,0.0335834,-1.2531,1.06773,0.00530087,-19.1127,-0.442422,-0.0388843,-0.294776,0.0105379,0.0606623,-0.0646455,-0.225005,-0.150417,0.0224958,-0.0836125,0.00225075,0.00425809,0,0,True,True
0.375,-0,0,0.00180581,-0.0108439,-0.0617381,0.954166,-0.625135,0.0342354,-1.37156,1.06775,0.00530952,-18.6355,-0.442618,-0.039545,-0.287471,0.0108439,0.0617381,-0.0641695,-0,0,0.0143181,-0.0108439,-0.0617381,-0.995079,-0.625135,0.0342354,-1.2561,1.06775,0.00530952,-19.1077,-0.442618,-0.039545,-0.290438,0.0108439,0.0617381,-0.0657483,-0.22296,-0.147096,0.0229089,-0.0850746,0.00232277,0.00437648,0,0,True,True
0.38,-0,0,0.00182372,-0.0111553,-0.0628326,0.961433,-0.624962,0.0348993,-1.37201,1.06778,0.00531487,-18.6407,-0.442817,-0.0402141,-0.283355,0.0111553,0.0628326,-0.0653102,-0,0,0.0145357,-0.0111553,-0.0628326,-0.987612,-0.624962,0.0348993,-1.25913,1.06778,0.00531487,-19.1028,-0.442817,-0.0402141,-0.286165,0.0111553,0.0628326,-0.0668822,-0.22097,-0.143794,0.0233312,-0.08656,0.00239607,0.00449697,0,0,True,True
0.385,-0,0,0.001842,-0.0114723,-0.0639464,0.968712,-0.624786,0.0355753,-1.37255,1.06781,0.00531678,-18.6459,-0.44302,-0.0408921,-0.279294,0.0114723,0.0639464,-0.0664821,-0,0,0.0147604,-0.0114723,-0.0639464,-0.980142,-0.624786,0.0355753,-1.26219,1.06781,0.00531678,-19.0981,-0.44302,-0.0408921,-0.281954,0.0114723,0.0639464,-0.0680475,-0.219034,-0.140509,0.023763,-0.0880693,0.00247066,0.00461959,0,0,True,True
0.39,-0,0,0.00186068,-0.0117948,-0.06508,0.976004,-0.624606,0.0362641,-1.37317,1.06783,0.0053151,-18.6511,-0.443226,-0.0415792,-0.275284,0.0117948,0.06508,-0.0676855,-0,0,0.0149924,-0.0117948,-0.06508,-0.972666,-0.624606,0.0362641,-1.26528,1.06783,0.0053151,-19.0936,-0.443226,-0.0415792,-0.277801,0.0117948,0.06508,-0.0692446,-0.217149,-0.137239,0.0242045,-0.0896032,0.00254658,0.00474438,0,0,True,True
0.395,-0,0,0.00187978,-0.0121231,-0.066234,0.983312,-0.624423,0.0369659,-1.37389,1.06786,0.00530967,-18.6562,-0.443436,-0.0422756,-0.271321,0.0121231,0.066234,-0.0689207,-0,0,0.0152315,-0.0121231,-0.066234,-0.965182,-0.624423,0.0369659,-1.26841,1.06786,0.00530967,-19.0893,-0.443436,-0.0422756,-0.273701,0.0121231,0.066234,-0.0704739,-0.215312,-0.133981,0.0246558,-0.0911624,0.00262384,0.00487138,0,0,True,True
0.4,-0,0,0.00189933,-0.0124571,-0.0674089,0.990639,-0.624237,0.0376813,-1.37469,1.06789,0.00530034,-18.6613,-0.443649,-0.0429817,-0.267401,0.0124571,0.0674089,-0.0701882,-0,0,0.0154778,-0.0124571,-0.0674089,-0.957687,-0.624237,0.0376813,-1.27157,1.06789,0.00530034,-19.0851,-0.443649,-0.0429817,-0.269649,0.0124571,0.0674089,-0.0717357,-0.213521,-0.130732,0.0251173,-0.0927477,0.00270246,0.00500063,0,0,True,True
0.405,-0,0,0.00191937,-0.0127971,-0.0686052,0.997986,-0.624046,0.0384108,-1.37557,1.06791,0.00528691,-18.6664,-0.443865,-0.0436977,-0.26352,0.0127971,0.0686052,-0.0714883,-0,0,0.0157314,-0.0127971,-0.0686052,-0.950179,-0.624046,0.0384108,-1.27476,1.06791,0.00528691,-19.0811,-0.443865,-0.0436977,-0.265641,0.0127971,0.0686052,-0.0730304,-0.211773,-0.127489,0.0255892,-0.0943597,0.00278246,0.00513217,0,0,True,True
0.41,-0,0,0.0019399,-0.0131432,-0.0698236,1.00536,-0.623853,0.0391546,-1.37654,1.06794,0.00526922,-18.6714,-0.444086,-0.0444238,-0.259674,0.0131432,0.0698236,-0.0728214,-0,0,0.0159923,-0.0131432,-0.0698236,-0.942654,-0.623853,0.0391546,-1.27799,1.06794,0.00526922,-19.0773,-0.444086,-0.0444238,-0.261674,0.0131432,0.0698236,-0.0743583,-0.210067,-0.12425,0.0260718,-0.0959991,0.00286387,0.00526604,0,0,True,True
0.415,-0,0,0.00196093,-0.0134954,-0.0710645,1.01275,-0.623655,0.0399134,-1.3776,1.06796,0.00524705,-18.6763,-0.44431,-0.0451604,-0.255862,0.0134954,0.0710645,-0.0741878,-0,0,0.0162604,-0.0134954,-0.0710645,-0.935109,-0.623655,0.0399134,-1.28125,1.06796,0.00524705,-19.0736,-0.44431,-0.0451604,-0.257745,0.0134954,0.0710645,-0.0757198,-0.208401,-0.121013,0.0265652,-0.0976666,0.0029467,0.00540229,0,0,True,True
0.42,-0,0,0.00198244,-0.0138538,-0.0723285,1.02018,-0.623453,0.0406875,-1.37874,1.06799,0.00522021,-18.6813,-0.444537,-0.0459077,-0.252081,0.0138538,0.0723285,-0.0755878,-0,0,0.016536,-0.0138538,-0.0723285,-0.92754,-0.623453,0.0406875,-1.28455,1.06799,0.00522021,-19.0701,-0.444537,-0.0459077,-0.253852,0.0138538,0.0723285,-0.0771152,-0.206775,-0.117777,0.0270697,-0.099363,0.00303099,0.00554095,0,0,True,True
0.425,-0,0,0.0020044,-0.0142187,-0.0736162,1.02764,-0.623248,0.0414775,-1.37996,1.06802,0.00518848,-18.6862,-0.444769,-0.0466659,-0.248332,0.0142187,0.0736162,-0.0770219,-0,0,0.0168189,-0.0142187,-0.0736162,-0.919944,-0.623248,0.0414775,-1.28789,1.06802,0.00518848,-19.0668,-0.444769,-0.0466659,-0.249996,0.0142187,0.0736162,-0.0785447,-0.205188,-0.114541,0.0275857,-0.101089,0.00311675,0.00568208,0,0,True,True
0.43,-0,0,0.00202676,-0.01459,-0.0749282,1.03514,-0.623039,0.0422838,-1.38127,1.06804,0.00515162,-18.6911,-0.445004,-0.0474354,-0.244615,0.01459,0.0749282,-0.0784903,-0,0,0.0171094,-0.01459,-0.0749282,-0.912315,-0.623039,0.0422838,-1.29126,1.06804,0.00515162,-19.0636,-0.445004,-0.0474354,-0.246176,0.01459,0.0749282,-0.0800087,-0.203642,-0.111307,0.0281134,-0.102845,0.00320401,0.00582572,0,0,True,True
0.435,-0,0,0.00204946,-0.0149679,-0.076265,1.04269,-0.622825,0.0431069,-1.38266,1.06807,0.0051094,-18.6959,-0.445243,-0.0482163,-0.240932,0.0149679,0.076265,-0.0799933,-0,0,0.0174075,-0.0149679,-0.076265,-0.90465,-0.622825,0.0431069,-1.29468,1.06807,0.0051094,-19.0605,-0.445243,-0.0482163,-0.242395,0.0149679,0.076265,-0.0815074,-0.202137,-0.108074,0.028653,-0.104632,0.00329281,0.00597191,0,0,True,True
0.44,-0,0,0.00207244,-0.0153526,-0.0776272,1.05027,-0.622608,0.0439474,-1.38414,1.06809,0.00506157,-18.7008,-0.445486,-0.049009,-0.237285,0.0153526,0.0776272,-0.0815313,-0,0,0.0177134,-0.0153526,-0.0776272,-0.896944,-0.622608,0.0439474,-1.29814,1.06809,0.00506157,-19.0576,-0.445486,-0.049009,-0.238653,0.0153526,0.0776272,-0.0830412,-0.200674,-0.104844,0.0292048,-0.106451,0.00338315,0.00612072,0,0,True,True
0.445,-0,0,0.00209567,-0.0157442,-0.0790155,1.05791,-0.622386,0.0448058,-1.38571,1.06812,0.00500786,-18.7056,-0.445733,-0.0498136,-0.233673,0.0157442,0.0790155,-0.0831047,-0,0,0.018027,-0.0157442,-0.0790155,-0.889194,-0.622386,0.0448058,-1.30165,1.06812,0.00500786,-19.0548,-0.445733,-0.0498136,-0.234951,0.0157442,0.0790155,-0.0846105,-0.199255,-0.101616,0.0297691,-0.108302,0.00347508,0.00627217,0,0,True,True
0.45,-0,0,0.00211917,-0.0161428,-0.0804304,1.0656,-0.62216,0.0456826,-1.38736,1.06814,0.004948,-18.7104,-0.445984,-0.0506306,-0.230095,0.0161428,0.0804304,-0.084714,-0,0,0.0183485,-0.0161428,-0.0804304,-0.881396,-0.62216,0.0456826,-1.30521,1.06814,0.004948,-19.0522,-0.445984,-0.0506306,-0.231286,0.0161428,0.0804304,-0.0862158,-0.197877,-0.0983888,0.0303463,-0.110186,0.00356861,0.00642634,0,0,True,True
0.455,-0,0,0.00214309,-0.0165485,-0.0818725,1.07335,-0.621929,0.0465783,-1.38909,1.06817,0.00488171,-18.7152,-0.446239,-0.05146,-0.226542,0.0165485,0.0818725,-0.0863601,-0,0,0.018678,-0.0165485,-0.0818725,-0.873552,-0.621929,0.0465783,-1.30881,1.06817,0.00488171,-19.0497,-0.446239,-0.05146,-0.227649,0.0165485,0.0818725,-0.0878579,-0.196536,-0.0951565,0.0309365,-0.112105,0.00366378,0.00658326,0,0,True,True
0.46,-0,0,0.00216775,-0.0169615,-0.0833424,1.08113,-0.621694,0.0474936,-1.39092,1.06819,0.00480866,-18.72,-0.446499,-0.0523022,-0.223,0.0169615,0.0833424,-0.0880442,-0,0,0.0190155,-0.0169615,-0.0833424,-0.865668,-0.621694,0.0474936,-1.31245,1.06819,0.00480866,-19.0474,-0.446499,-0.0523022,-0.224027,0.0169615,0.0833424,-0.0895383,-0.195224,-0.0919092,0.0315401,-0.114058,0.00376062,0.00674299,0,0,True,True
0.465,-0,0,0.00219322,-0.0173819,-0.0848408,1.08897,-0.621454,0.0484289,-1.39282,1.06822,0.00472854,-18.7248,-0.446762,-0.0531575,-0.219464,0.0173819,0.0848408,-0.089767,-0,0,0.0193611,-0.0173819,-0.0848408,-0.857741,-0.621454,0.0484289,-1.31613,1.06822,0.00472854,-19.0452,-0.446762,-0.0531575,-0.220415,0.0173819,0.0848408,-0.0912576,-0.193938,-0.0886441,0.0321574,-0.116046,0.00385916,0.00690559,0,0,True,True
0.47,-0,0,0.00221903,-0.0178099,-0.0863684,1.09687,-0.621209,0.0493849,-1.39482,1.06824,0.004641,-18.7295,-0.44703,-0.0540259,-0.215954,0.0178099,0.0863684,-0.091528,-0,0,0.019715,-0.0178099,-0.0863684,-0.849755,-0.621209,0.0493849,-1.31987,1.06824,0.004641,-19.0431,-0.44703,-0.0540259,-0.216831,0.0178099,0.0863684,-0.0930152,-0.192689,-0.0853731,0.0327888,-0.11807,0.00395942,0.00707111,0,0,True,True
0.475,-0,0,0.0022447,-0.0182456,-0.0879257,1.10484,-0.62096,0.0503621,-1.3969,1.06826,0.0045457,-18.7342,-0.447303,-0.0549078,-0.212488,0.0182456,0.0879257,-0.0933265,-0,0,0.0200773,-0.0182456,-0.0879257,-0.841695,-0.62096,0.0503621,-1.32366,1.06826,0.0045457,-19.0412,-0.447303,-0.0549078,-0.213294,0.0182456,0.0879257,-0.0948101,-0.19149,-0.0821081,0.0334347,-0.120132,0.00406144,0.0072396,0,0,True,True
0.48,-0,0,0.00227013,-0.0186892,-0.0895135,1.1129,-0.620706,0.0513612,-1.39907,1.06829,0.00444228,-18.739,-0.447579,-0.0558035,-0.209068,0.0186892,0.0895135,-0.0951632,-0,0,0.0204481,-0.0186892,-0.0895135,-0.833557,-0.620706,0.0513612,-1.32752,1.06829,0.00444228,-19.0393,-0.447579,-0.0558035,-0.209806,0.0186892,0.0895135,-0.096643,-0.190342,-0.0788509,0.0340952,-0.122231,0.00416525,0.00741114,0,0,True,True
0.485,-0,0,0.00229544,-0.0191408,-0.0911323,1.12105,-0.620447,0.0523828,-1.40133,1.06831,0.00433036,-18.7439,-0.447861,-0.0567132,-0.205688,0.0191408,0.0911323,-0.0970389,-0,0,0.0208277,-0.0191408,-0.0911323,-0.825339,-0.620447,0.0523828,-1.33144,1.06831,0.00433036,-19.0376,-0.447861,-0.0567132,-0.206362,0.0191408,0.0911323,-0.0985146,-0.189242,-0.075597,0.0347706,-0.124369,0.00427088,0.00758577,0,0,True,True
0.49,-0,0,0.00232084,-0.0196005,-0.0927828,1.12927,-0.620182,0.0534277,-1.40367,1.06833,0.00420954,-18.7487,-0.448147,-0.0576372,-0.202339,0.0196005,0.0927828,-0.0989545,-0,0,0.021216,-0.0196005,-0.0927828,-0.817045,-0.620182,0.0534277,-1.33543,1.06833,0.00420954,-19.0361,-0.448147,-0.0576372,-0.202952,0.0196005,0.0927828,-0.100426,-0.188185,-0.0723397,0.0354614,-0.126546,0.00437837,0.00776355,0,0,True,True
0.495,-0,0,0.00234651,-0.0200686,-0.0944657,1.13758,-0.619912,0.0544964,-1.40611,1.06835,0.00407941,-18.7535,-0.448437,-0.0585758,-0.199013,0.0200686,0.0944657,-0.100911,-0,0,0.0216131,-0.0200686,-0.0944657,-0.808676,-0.619912,0.0544964,-1.33947,1.06835,0.00407941,-19.0346,-0.448437,-0.0585758,-0.199566,0.0200686,0.0944657,-0.102379,-0.187165,-0.0690725,0.0361678,-0.128764,0.00448776,0.00794455,0,0,True,True
0.5,-0,0,0.00237261,-0.0205452,-0.0961817,1.14596,-0.619637,0.0555896,-1.40864,1.06837,0.00393951,-18.7584,-0.448732,-0.0595291,-0.195699,0.0205452,0.0961817,-0.10291,-0,0,0.0220192,-0.0205452,-0.0961817,-0.800232,-0.619637,0.0555896,-1.34357,1.06837,0.00393951,-19.0333,-0.448732,-0.0595291,-0.196197,0.0205452,0.0961817,-0.104373,-0.186178,-0.0657897,0.0368903,-0.131022,0.00459907,0.00812883,0,0,True,True
0.505,-0,0,0.00239928,-0.0210304,-0.0979315,1.15443,-0.619356,0.0567081,-1.41125,1.06839,0.0037894,-18.7632,-0.449032,-0.0604975,-0.192393,0.0210304,0.0979315,-0.104952,-0,0,0.0224344,-0.0210304,-0.0979315,-0.791714,-0.619356,0.0567081,-1.34772,1.06839,0.0037894,-19.0321,-0.449032,-0.0604975,-0.192837,0.0210304,0.0979315,-0.106411,-0.185219,-0.0624867,0.0376291,-0.133322,0.00471234,0.00831646,0,0,True,True
0.51,-0,0,0.00242659,-0.0215245,-0.0997158,1.16297,-0.61907,0.0578525,-1.41396,1.06841,0.00362858,-18.768,-0.449337,-0.0614811,-0.189091,0.0215245,0.0997158,-0.107037,-0,0,0.0228588,-0.0215245,-0.0997158,-0.783119,-0.61907,0.0578525,-1.35193,1.06841,0.00362858,-19.031,-0.449337,-0.0614811,-0.189482,0.0215245,0.0997158,-0.108492,-0.184287,-0.0591606,0.0383848,-0.135664,0.00482761,0.00850749,0,0,True,True
0.515,-0,0,0.00245461,-0.0220276,-0.101535,1.17159,-0.618778,0.0590236,-1.41676,1.06843,0.00345654,-18.7728,-0.449647,-0.0624801,-0.185791,0.0220276,0.101535,-0.109168,-0,0,0.0232926,-0.0220276,-0.101535,-0.774446,-0.618778,0.0590236,-1.3562,1.06843,0.00345654,-19.0301,-0.449647,-0.0624801,-0.186132,0.0220276,0.101535,-0.110619,-0.183381,-0.0558101,0.0391577,-0.138051,0.00494492,0.00870201,0,0,True,True
0.52,-0,0,0.00248331,-0.0225398,-0.103391,1.1803,-0.61848,0.0602221,-1.41966,1.06844,0.00327276,-18.7776,-0.449962,-0.0634948,-0.182495,0.0225398,0.103391,-0.111343,-0,0,0.0237359,-0.0225398,-0.103391,-0.765693,-0.61848,0.0602221,-1.36053,1.06844,0.00327276,-19.0292,-0.449962,-0.0634948,-0.182788,0.0225398,0.103391,-0.112791,-0.182503,-0.0524359,0.0399482,-0.140481,0.00506431,0.00890007,0,0,True,True
0.525,-0,0,0.00251263,-0.0230615,-0.105283,1.1891,-0.618176,0.0614487,-1.42265,1.06846,0.00307668,-18.7824,-0.450282,-0.0645253,-0.17921,0.0230615,0.105283,-0.113565,-0,0,0.0241892,-0.0230615,-0.105283,-0.756855,-0.618176,0.0614487,-1.36492,1.06846,0.00307668,-19.0286,-0.450282,-0.0645253,-0.179458,0.0230615,0.105283,-0.115009,-0.181658,-0.0490422,0.0407569,-0.142956,0.00518582,0.00910174,0,0,True,True
0.53,-0,0,0.00254234,-0.0235927,-0.107213,1.19798,-0.617865,0.0627042,-1.42574,1.06847,0.00286773,-18.7872,-0.450607,-0.0655719,-0.175951,0.0235927,0.107213,-0.115834,-0,0,0.0246526,-0.0235927,-0.107213,-0.747929,-0.617865,0.0627042,-1.36938,1.06847,0.00286773,-19.028,-0.450607,-0.0655719,-0.176155,0.0235927,0.107213,-0.117274,-0.180856,-0.0456378,0.0415842,-0.145478,0.00530948,0.00930711,0,0,True,True
0.535,-0,0,0.00257208,-0.0241336,-0.109182,1.20697,-0.617549,0.0639896,-1.42894,1.06849,0.0026453,-18.792,-0.450938,-0.0666349,-0.172743,0.0241336,0.109182,-0.118149,-0,0,0.0251267,-0.0241336,-0.109182,-0.738905,-0.617549,0.0639896,-1.37391,1.06849,0.0026453,-19.0276,-0.450938,-0.0666349,-0.172906,0.0241336,0.109182,-0.119586,-0.180114,-0.0422384,0.0424304,-0.148046,0.00543533,0.00951624,0,0,True,True
0.54,-0,0,0.00260121,-0.0246845,-0.111189,1.21607,-0.617225,0.0653056,-1.43226,1.0685,0.00240879,-18.7969,-0.451274,-0.0677144,-0.16962,0.0246845,0.111189,-0.120512,-0,0,0.0256119,-0.0246845,-0.111189,-0.729772,-0.617225,0.0653056,-1.37853,1.0685,0.00240879,-19.0274,-0.451274,-0.0677144,-0.169745,0.0246845,0.111189,-0.121945,-0.179454,-0.0388664,0.043296,-0.150663,0.00556343,0.0097292,0,0,True,True
0.545,-0,0,0.00262914,-0.0252455,-0.113236,1.2253,-0.616896,0.0666533,-1.43568,1.06851,0.00215756,-18.8019,-0.451615,-0.0688108,-0.166611,0.0252455,0.113236,-0.122923,-0,0,0.0261086,-0.0252455,-0.113236,-0.720515,-0.616896,0.0666533,-1.38326,1.06851,0.00215756,-19.0273,-0.451615,-0.0688108,-0.1667,0.0252455,0.113236,-0.124351,-0.178893,-0.0355388,0.0441814,-0.153328,0.0056938,0.00994607,0,0,True,True
0.55,-0,0,0.00265597,-0.0258168,-0.115324,1.23467,-0.616559,0.0680336,-1.43922,1.06852,0.00189095,-18.807,-0.451962,-0.0699246,-0.163697,0.0258168,0.115324,-0.12538,-0,0,0.0266166,-0.0258168,-0.115324,-0.711128,-0.616559,0.0680336,-1.38809,1.06852,0.00189095,-19.0273,-0.451962,-0.0699246,-0.163753,0.0258168,0.115324,-0.126804,-0.178422,-0.0322443,0.0450867,-0.156043,0.00582651,0.0101669,0,0,True,True
0.555,-0,0,0.00268268,-0.0263987,-0.117454,1.24416,-0.616215,0.0694476,-1.44286,1.06853,0.00160827,-18.8122,-0.452314,-0.0710559,-0.160815,0.0263987,0.117454,-0.127888,-0,0,0.0271354,-0.0263987,-0.117454,-0.701619,-0.616215,0.0694476,-1.393,1.06853,0.00160827,-19.0274,-0.452314,-0.0710559,-0.160839,0.0263987,0.117454,-0.129307,-0.177998,-0.0289408,0.0460126,-0.158809,0.00596158,0.0103919,0,0,True,True
0.56,-0,0,0.00271031,-0.0269914,-0.119626,1.25376,-0.615864,0.0708962,-1.44659,1.06854,0.00130876,-18.8173,-0.452672,-0.0722049,-0.157898,0.0269914,0.119626,-0.130447,-0,0,0.0276647,-0.0269914,-0.119626,-0.691997,-0.615864,0.0708962,-1.39798,1.06854,0.00130876,-19.0277,-0.452672,-0.0722049,-0.157892,0.0269914,0.119626,-0.131861,-0.177581,-0.0255857,0.0469593,-0.161626,0.00609907,0.010621,0,0,True,True
0.565,-0,0,0.00273937,-0.027595,-0.121841,1.26349,-0.615506,0.0723802,-1.45042,1.06854,0.000991622,-18.8224,-0.453036,-0.0733718,-0.154915,0.027595,0.121841,-0.133058,-0,0,0.0282043,-0.027595,-0.121841,-0.682262,-0.615506,0.0723802,-1.40302,1.06854,0.000991622,-19.028,-0.453036,-0.0733718,-0.15488,0.027595,0.121841,-0.134467,-0.17715,-0.0221577,0.0479277,-0.164496,0.00623903,0.0108543,0,0,True,True
0.57,-0,0,0.00276993,-0.0282098,-0.1241,1.27332,-0.615141,0.0739005,-1.45434,1.06855,0.000656032,-18.8275,-0.453406,-0.0745565,-0.151863,0.0282098,0.1241,-0.135724,-0,0,0.0287543,-0.0282098,-0.1241,-0.672413,-0.615141,0.0739005,-1.40812,1.06855,0.000656032,-19.0284,-0.453406,-0.0745565,-0.151798,0.0282098,0.1241,-0.137128,-0.176704,-0.018654,0.0489183,-0.16742,0.0063815,0.0110919,0,0,True,True
0.575,-0,0,0.00280187,-0.028836,-0.126405,1.28328,-0.614767,0.0754581,-1.45835,1.06855,0.00030112,-18.8325,-0.453782,-0.0757593,-0.148752,0.028836,0.126405,-0.138444,-0,0,0.0293153,-0.028836,-0.126405,-0.662446,-0.614767,0.0754581,-1.41329,1.06855,0.00030112,-19.0289,-0.453782,-0.0757593,-0.148659,0.028836,0.126405,-0.139844,-0.17625,-0.0150812,0.0499317,-0.170398,0.00652653,0.011334,0,0,True,True
0.58,-0,0,0.002835,-0.0294738,-0.128755,1.29337,-0.614386,0.077054,-1.46246,1.06855,-7.40135e-05,-18.8376,-0.454164,-0.07698,-0.145598,0.0294738,0.128755,-0.14122,-0,0,0.0298875,-0.0294738,-0.128755,-0.652357,-0.614386,0.077054,-1.41853,1.06855,-7.40135e-05,-19.0295,-0.454164,-0.07698,-0.145478,0.0294738,0.128755,-0.142615,-0.175799,-0.0114492,0.0509686,-0.173431,0.00667417,0.0115805,0,0,True,True
0.585,-0,0,0.00286911,-0.0301235,-0.131152,1.30358,-0.613997,0.0786892,-1.46668,1.06855,-0.000470301,-18.8426,-0.454552,-0.0782189,-0.14242,0.0301235,0.131152,-0.144052,-0,0,0.0304715,-0.0301235,-0.131152,-0.64214,-0.613997,0.0786892,-1.42384,1.06855,-0.000470301,-19.0303,-0.454552,-0.0782189,-0.142274,0.0301235,0.131152,-0.145443,-0.175363,-0.00776843,0.0520295,-0.17652,0.00682447,0.0118316,0,0,True,True
0.59,-0,0,0.00290405,-0.0307854,-0.133597,1.31393,-0.613599,0.0803648,-1.47102,1.06854,-0.000888712,-18.8477,-0.454946,-0.0794761,-0.139232,0.0307854,0.133597,-0.146942,-0,0,0.0310677,-0.0307854,-0.133597,-0.631792,-0.613599,0.0803648,-1.42924,1.06854,-0.000888712,-19.0311,-0.454946,-0.0794761,-0.139061,0.0307854,0.133597,-0.148329,-0.174953,-0.00404792,0.0531152,-0.179666,0.00697749,0.0120874,0,0,True,True
0.595,-0,0,0.00293967,-0.0314595,-0.136091,1.32441,-0.613193,0.0820819,-1.47546,1.06854,-0.00133025,-18.8527,-0.455346,-0.0807517,-0.136047,0.0314595,0.136091,-0.149891,-0,0,0.0316765,-0.0314595,-0.136091,-0.62131,-0.613193,0.0820819,-1.43473,1.06854,-0.00133025,-19.0321,-0.455346,-0.0807517,-0.135853,0.0314595,0.136091,-0.151273,-0.174577,-0.000295132,0.0542263,-0.182871,0.00713327,0.0123479,0,0,True,True
0.6,-0,0,0.00297588,-0.0321463,-0.138634,1.33504,-0.612778,0.0838418,-1.48003,1.06853,-0.00179598,-18.8578,-0.455753,-0.0820458,-0.132875,0.0321463,0.138634,-0.152899,-0,0,0.0322983,-0.0321463,-0.138634,-0.610689,-0.612778,0.0838418,-1.44031,1.06853,-0.00179598,-19.0332,-0.455753,-0.0820458,-0.132658,0.0321463,0.138634,-0.154277,-0.174242,0.00348442,0.0553633,-0.186134,0.00729186,0.0126133,0,0,True,True
0.605,-0,0,0.00301265,-0.0328459,-0.141229,1.3458,-0.612355,0.0856455,-1.48472,1.06852,-0.00228698,-18.8629,-0.456167,-0.0833586,-0.129722,0.0328459,0.141229,-0.155968,-0,0,0.0329335,-0.0328459,-0.141229,-0.599927,-0.612355,0.0856455,-1.44598,1.06852,-0.00228698,-19.0344,-0.456167,-0.0833586,-0.129484,0.0328459,0.141229,-0.157343,-0.173954,0.0072871,0.056527,-0.189458,0.00745333,0.0128837,0,0,True,True
0.61,-0,0,0.00304996,-0.0335586,-0.143875,1.35671,-0.611922,0.0874945,-1.48954,1.06851,-0.00280439,-18.8681,-0.456587,-0.0846902,-0.126593,0.0335586,0.143875,-0.159099,-0,0,0.0335824,-0.0335586,-0.143875,-0.58902,-0.611922,0.0874945,-1.45175,1.06851,-0.00280439,-19.0358,-0.456587,-0.0846902,-0.126334,0.0335586,0.143875,-0.16047,-0.173715,0.011111,0.057718,-0.192843,0.00761773,0.0131591,0,0,True,True
0.615,-0,0,0.00308782,-0.0342846,-0.146574,1.36778,-0.61148,0.0893901,-1.49448,1.06849,-0.00334941,-18.8732,-0.457014,-0.0860407,-0.123489,0.0342846,0.146574,-0.162293,-0,0,0.0342452,-0.0342846,-0.146574,-0.577965,-0.61148,0.0893901,-1.45762,1.06849,-0.00334941,-19.0374,-0.457014,-0.0860407,-0.123211,0.0342846,0.146574,-0.163661,-0.173528,0.0149559,0.0589369,-0.196291,0.00778512,0.0134397,0,0,True,True
0.62,-0,0,0.0031263,-0.0350243,-0.149327,1.37899,-0.611028,0.0913335,-1.49956,1.06848,-0.00392327,-18.8784,-0.457447,-0.0874102,-0.12041,0.0350243,0.149327,-0.165552,-0,0,0.0349224,-0.0350243,-0.149327,-0.566759,-0.611028,0.0913335,-1.4636,1.06848,-0.00392327,-19.0391,-0.457447,-0.0874102,-0.120114,0.0350243,0.149327,-0.166917,-0.173392,0.0188226,0.0601844,-0.199801,0.00795554,0.0137255,0,0,True,True
0.625,-0,0,0.00316543,-0.0357779,-0.152134,1.39036,-0.610566,0.0933262,-1.50477,1.06845,-0.00452727,-18.8837,-0.457888,-0.0887989,-0.117354,0.0357779,0.152134,-0.168876,-0,0,0.0356141,-0.0357779,-0.152134,-0.555398,-0.610566,0.0933262,-1.46968,1.06845,-0.00452727,-19.0409,-0.457888,-0.0887989,-0.117041,0.0357779,0.152134,-0.170238,-0.173308,0.0227129,0.0614613,-0.203377,0.00812907,0.0140167,0,0,True,True
0.63,-0,0,0.00320527,-0.0365456,-0.154998,1.40189,-0.610095,0.0953696,-1.51011,1.06843,-0.00516276,-18.8889,-0.458335,-0.0902069,-0.114318,0.0365456,0.154998,-0.172267,-0,0,0.0363206,-0.0365456,-0.154998,-0.543878,-0.610095,0.0953696,-1.47586,1.06843,-0.00516276,-19.0429,-0.458335,-0.0902069,-0.11399,0.0365456,0.154998,-0.173627,-0.173274,0.0266293,0.0627683,-0.207018,0.00830576,0.0143134,0,0,True,True
0.635,-0,0,0.00324586,-0.0373279,-0.157919,1.41358,-0.609613,0.0974653,-1.51559,1.0684,-0.00583115,-18.8942,-0.45879,-0.0916341,-0.1113,0.0373279,0.157919,-0.175726,-0,0,0.0370422,-0.0373279,-0.157919,-0.532193,-0.609613,0.0974653,-1.48216,1.0684,-0.00583115,-19.045,-0.45879,-0.0916341,-0.110956,0.0373279,0.157919,-0.177084,-0.173288,0.0305744,0.0641061,-0.210725,0.00848567,0.0146156,0,0,True,True
0.64,-0,0,0.0032872,-0.0381248,-0.160899,1.42545,-0.60912,0.0996147,-1.52121,1.06837,-0.00653391,-18.8996,-0.459252,-0.0930808,-0.108296,0.0381248,0.160899,-0.179254,-0,0,0.0377791,-0.0381248,-0.160899,-0.520338,-0.60912,0.0996147,-1.48856,1.06837,-0.00653391,-19.0473,-0.459252,-0.0930808,-0.107938,0.0381248,0.160899,-0.180611,-0.17335,0.034551,0.0654756,-0.2145,0.00866886,0.0149236,0,0,True,True
0.645,-0,0,0.00332923,-0.0389368,-0.163938,1.43749,-0.608616,0.101819,-1.52696,1.06834,-0.00727258,-18.9049,-0.459721,-0.0945468,-0.105304,0.0389368,0.163938,-0.182852,-0,0,0.0385314,-0.0389368,-0.163938,-0.508306,-0.608616,0.101819,-1.49508,1.06834,-0.00727258,-19.0496,-0.459721,-0.0945468,-0.104932,0.0389368,0.163938,-0.184207,-0.173458,0.0385617,0.0668775,-0.218345,0.00885541,0.0152373,0,0,True,True
0.65,-0,0,0.00337183,-0.0397642,-0.167038,1.44973,-0.608102,0.104081,-1.53285,1.0683,-0.00804875,-18.9103,-0.460197,-0.0960322,-0.102319,0.0397642,0.167038,-0.18652,-0,0,0.0392993,-0.0397642,-0.167038,-0.496085,-0.608102,0.104081,-1.50171,1.0683,-0.00804875,-19.0522,-0.460197,-0.0960322,-0.101935,0.0397642,0.167038,-0.187875,-0.173611,0.0426086,0.0683127,-0.222259,0.00904537,0.015557,0,0,True,True
0.655,-0,0,0.00341476,-0.0406072,-0.170199,1.46216,-0.607576,0.106401,-1.53887,1.06826,-0.00886411,-18.9158,-0.460681,-0.0975369,-0.0993414,0.0406072,0.170199,-0.190261,-0,0,0.0400829,-0.0406072,-0.170199,-0.483665,-0.607576,0.106401,-1.50847,1.06826,-0.00886411,-19.0548,-0.460681,-0.0975369,-0.0989445,0.0406072,0.170199,-0.191615,-0.173806,0.0466937,0.069782,-0.226244,0.00923882,0.0158827,0,0,True,True
0.66,-0,0,0.0034577,-0.0414662,-0.173423,1.47482,-0.607038,0.108781,-1.54503,1.06821,-0.00972038,-18.9214,-0.461173,-0.0990611,-0.0963675,0.0414662,0.173423,-0.194073,-0,0,0.0408821,-0.0414662,-0.173423,-0.47103,-0.607038,0.108781,-1.51536,1.06821,-0.00972038,-19.0575,-0.461173,-0.0990611,-0.0959593,0.0414662,0.173423,-0.195426,-0.174044,0.0508187,0.0712863,-0.230302,0.00943581,0.0162146,0,0,True,True
0.665,-0,0,0.00350015,-0.0423415,-0.176712,1.48771,-0.606488,0.111224,-1.55131,1.06816,-0.0106194,-18.927,-0.461672,-0.100605,-0.093396,0.0423415,0.176712,-0.197958,-0,0,0.041697,-0.0423415,-0.176712,-0.458163,-0.606488,0.111224,-1.52238,1.06816,-0.0106194,-19.0603,-0.461672,-0.100605,-0.0929775,0.0423415,0.176712,-0.199308,-0.174324,0.0549847,0.0728264,-0.234432,0.00963642,0.0165528,0,0,True,True
0.67,-0,0,0.00354147,-0.0432333,-0.180066,1.50087,-0.605926,0.11373,-1.55772,1.0681,-0.011563,-18.9328,-0.462179,-0.102167,-0.0904253,0.0432333,0.180066,-0.201916,-0,0,0.0425273,-0.0432333,-0.180066,-0.44504,-0.605926,0.11373,-1.52955,1.0681,-0.011563,-19.0631,-0.462179,-0.102167,-0.0899976,0.0432333,0.180066,-0.203261,-0.174643,0.0591931,0.0744032,-0.238637,0.00984071,0.0168974,0,0,True,True
0.675,-0,0,0.00358083,-0.0441421,-0.183486,1.51433,-0.605351,0.116302,-1.56426,1.06804,-0.0125531,-18.9388,-0.462693,-0.103749,-0.0874534,0.0441421,0.183486,-0.205946,-0,0,0.0433726,-0.0441421,-0.183486,-0.431635,-0.605351,0.116302,-1.53687,1.06804,-0.0125531,-19.0659,-0.462693,-0.103749,-0.087018,0.0441421,0.183486,-0.207284,-0.175001,0.0634448,0.0760176,-0.242918,0.0100488,0.0172485,0,0,True,True
0.68,-0,0,0.00361721,-0.0450682,-0.186975,1.52812,-0.604763,0.118942,-1.5709,1.06798,-0.0135919,-18.945,-0.463216,-0.10535,-0.0844781,0.0450682,0.186975,-0.210047,-0,0,0.0442326,-0.0450682,-0.186975,-0.41792,-0.604763,0.118942,-1.54436,1.06798,-0.0135919,-19.0687,-0.463216,-0.10535,-0.0840369,0.0450682,0.186975,-0.211375,-0.175396,0.0677411,0.0776704,-0.247275,0.0102607,0.0176062,0,0,True,True
0.685,-0,0,0.0036494,-0.0460119,-0.190532,1.54228,-0.604161,0.121651,-1.57764,1.06791,-0.0146814,-18.9515,-0.463747,-0.106969,-0.0814967,0.0460119,0.190532,-0.21422,-0,0,0.0451065,-0.0460119,-0.190532,-0.403861,-0.604161,0.121651,-1.55203,1.06791,-0.0146814,-19.0713,-0.463747,-0.106969,-0.0810522,0.0460119,0.190532,-0.215531,-0.175825,0.0720832,0.0793626,-0.251709,0.0104765,0.0179708,0,0,True,True
0.69,-0,0,0.00367602,-0.0469735,-0.194158,1.55686,-0.603546,0.124432,-1.58448,1.06783,-0.0158238,-18.9582,-0.464286,-0.108608,-0.0785063,0.0469735,0.194158,-0.218462,-0,0,0.0459937,-0.0469735,-0.194158,-0.389421,-0.603546,0.124432,-1.5599,1.06783,-0.0158238,-19.0738,-0.464286,-0.108608,-0.0780613,0.0469735,0.194158,-0.219751,-0.176286,0.0764726,0.0810949,-0.256222,0.0106962,0.0183423,0,0,True,True
0.695,-0,0,0.00369561,-0.0479534,-0.197856,1.5719,-0.602917,0.127286,-1.59141,1.06775,-0.0170214,-18.9654,-0.464833,-0.110265,-0.0755035,0.0479534,0.197856,-0.222774,-0,0,0.0468933,-0.0479534,-0.197856,-0.374565,-0.602917,0.127286,-1.56797,1.06775,-0.0170214,-19.076,-0.464833,-0.110265,-0.0750616,0.0479534,0.197856,-0.224032,-0.176777,0.080911,0.0828682,-0.260814,0.0109201,0.0187209,0,0,True,True
0.7,-0,0,0.00370676,-0.0489521,-0.201626,1.58744,-0.602273,0.130216,-1.59841,1.06766,-0.0182765,-18.973,-0.465388,-0.11194,-0.0724854,0.0489521,0.201626,-0.227155,-0,0,0.0478046,-0.0489521,-0.201626,-0.35926,-0.602273,0.130216,-1.57627,1.06766,-0.0182765,-19.078,-0.465388,-0.11194,-0.0720511,0.0489521,0.201626,-0.228371,-0.177294,0.0853999,0.0846834,-0.265486,0.011148,0.0191067,0,0,True,True
0.705,-0,0,0.00370828,-0.0499697,-0.205469,1.60352,-0.601615,0.133224,-1.60548,1.06757,-0.0195916,-18.9811,-0.465952,-0.113633,-0.0694503,0.0499697,0.205469,-0.231605,-0,0,0.0487271,-0.0499697,-0.205469,-0.343483,-0.601615,0.133224,-1.58479,1.06757,-0.0195916,-19.0796,-0.465952,-0.113633,-0.0690285,0.0499697,0.205469,-0.232768,-0.177838,0.0899406,0.0865411,-0.270238,0.0113802,0.0194999,0,0,True,True
0.71,-0,0,0.00369958,-0.0510067,-0.209386,1.62015,-0.600941,0.136313,-1.61263,1.06747,-0.0209693,-18.9897,-0.466525,-0.115344,-0.0663994,0.0510067,0.209386,-0.236125,-0,0,0.0496607,-0.0510067,-0.209386,-0.327226,-0.600941,0.136313,-1.59355,1.06747,-0.0209693,-19.0809,-0.466525,-0.115344,-0.0659955,0.0510067,0.209386,-0.237223,-0.178409,0.0945333,0.0884423,-0.275073,0.0116167,0.0199005,0,0,True,True
0.715,-0,0,0.00368111,-0.0520636,-0.213377,1.6373,-0.600252,0.139484,-1.61986,1.06736,-0.0224122,-18.9987,-0.467106,-0.117072,-0.063339,0.0520636,0.213377,-0.24072,-0,0,0.0506064,-0.0520636,-0.213377,-0.310508,-0.600252,0.139484,-1.60254,1.06736,-0.0224122,-19.082,-0.467106,-0.117072,-0.0629583,0.0520636,0.213377,-0.241741,-0.179013,0.0991763,0.0903877,-0.27999,0.0118576,0.0203088,0,0,True,True
0.72,-0,0,0.003655,-0.0531405,-0.217446,1.65491,-0.599546,0.14274,-1.62722,1.06724,-0.0239231,-19.008,-0.467696,-0.118817,-0.0602831,0.0531405,0.217446,-0.245396,-0,0,0.0515664,-0.0531405,-0.217446,-0.293389,-0.599546,0.14274,-1.61174,1.06724,-0.0239231,-19.0828,-0.467696,-0.118817,-0.0599305,0.0531405,0.217446,-0.246331,-0.179664,0.103865,0.0923785,-0.284991,0.0121029,0.0207249,0,0,True,True
0.725,-0,0,0.00362594,-0.054238,-0.221591,1.67283,-0.598824,0.146084,-1.63475,1.06712,-0.0255049,-19.0175,-0.468294,-0.120579,-0.0572585,0.054238,0.221591,-0.250165,-0,0,0.0525453,-0.054238,-0.221591,-0.275989,-0.598824,0.146084,-1.6211,1.06712,-0.0255049,-19.0838,-0.468294,-0.120579,-0.0569367,0.054238,0.221591,-0.251009,-0.180386,0.108588,0.0944155,-0.290076,0.0123528,0.0211489,0,0,True,True
0.73,-0,0,0.00360225,-0.0553564,-0.225816,1.69081,-0.598085,0.149518,-1.64255,1.06699,-0.0271606,-19.0268,-0.468901,-0.122358,-0.0543089,0.0553564,0.225816,-0.255045,-0,0,0.0535506,-0.0553564,-0.225816,-0.258503,-0.598085,0.149518,-1.63058,1.06699,-0.0271606,-19.0852,-0.468901,-0.122358,-0.0540169,0.0553564,0.225816,-0.255803,-0.181218,0.11333,0.0965003,-0.295246,0.0126074,0.0215809,0,0,True,True
0.735,-0,0,0.00359707,-0.0564962,-0.230122,1.70848,-0.597329,0.153045,-1.65075,1.06685,-0.0288936,-19.0353,-0.469518,-0.124152,-0.0515009,0.0564962,0.230122,-0.26006,-0,0,0.0545941,-0.0564962,-0.230122,-0.241231,-0.597329,0.153045,-1.64006,1.06685,-0.0288936,-19.0878,-0.469518,-0.124152,-0.0512318,0.0564962,0.230122,-0.260754,-0.182218,0.118063,0.0986346,-0.300505,0.0128666,0.0220213,0,0,True,True
0.74,-0,0,0.00362966,-0.0576576,-0.234511,1.72529,-0.596555,0.156669,-1.65954,1.0667,-0.0307075,-19.0423,-0.470143,-0.125962,-0.0489299,0.0576576,0.234511,-0.265246,-0,0,0.0556927,-0.0576576,-0.234511,-0.224587,-0.596555,0.156669,-1.64941,1.0667,-0.0307075,-19.0923,-0.470143,-0.125962,-0.0486677,0.0576576,0.234511,-0.26592,-0.183469,0.122747,0.100821,-0.305852,0.0131307,0.02247,0,0,True,True
0.745,-0,0,0.00372628,-0.0588413,-0.238988,1.74054,-0.595762,0.160393,-1.66915,1.06654,-0.032606,-19.0469,-0.470777,-0.127787,-0.0467233,0.0588413,0.238988,-0.270647,-0,0,0.0568692,-0.0588413,-0.238988,-0.20912,-0.595762,0.160393,-1.65847,1.06654,-0.032606,-19.0999,-0.470777,-0.127787,-0.0464396,0.0588413,0.238988,-0.271376,-0.18508,0.127328,0.103061,-0.311293,0.0133997,0.0229273,0,0,True,True
0.75,-0,0,0.00392022,-0.0600475,-0.243557,1.75334,-0.594951,0.16422,-1.67987,1.06637,-0.0345935,-19.0478,-0.471421,-0.129626,-0.0450399,0.0600475,0.243557,-0.276315,-0,0,0.0581525,-0.0600475,-0.243557,-0.195492,-0.594951,0.16422,-1.66702,1.06637,-0.0345935,-19.112,-0.471421,-0.129626,-0.0446913,0.0600475,0.243557,-0.277215,-0.187186,0.131736,0.105361,-0.31683,0.0136737,0.0233933,0,0,True,True
0.755,-0,0,0.00424969,-0.0612769,-0.248224,1.76273,-0.59412,0.168155,-1.69202,1.06619,-0.0366747,-19.0438,-0.472073,-0.13148,-0.0440588,0.0612769,0.248224,-0.282305,-0,0,0.0595755,-0.0612769,-0.248224,-0.184427,-0.59412,0.168155,-1.67483,1.06619,-0.0366747,-19.1301,-0.472073,-0.13148,-0.0435858,0.0612769,0.248224,-0.283543,-0.189939,0.135893,0.107723,-0.322469,0.0139528,0.0238683,0,0,True,True
0.76,-0,0,0.00475162,-0.0625298,-0.252997,1.76784,-0.593269,0.172203,-1.70585,1.066,-0.038855,-19.0337,-0.472735,-0.133348,-0.0439489,0.0625298,0.252997,-0.288665,-0,0,0.0611704,-0.0625298,-0.252997,-0.176569,-0.593269,0.172203,-1.68173,1.066,-0.038855,-19.1556,-0.472735,-0.133348,-0.0432795,0.0625298,0.252997,-0.290454,-0.193476,0.13972,0.110156,-0.328217,0.0142371,0.0243524,0,0,True,True
0.765,-0,0,0.00544792,-0.0638068,-0.257883,1.76829,-0.592398,0.17637,-1.72149,1.0658,-0.0411401,-19.0169,-0.473407,-0.13523,-0.0448056,0.0638068,0.257883,-0.295412,-0,0,0.0629568,-0.0638068,-0.257883,-0.172197,-0.592398,0.17637,-1.68765,1.0658,-0.0411401,-19.1892,-0.473407,-0.13523,-0.0438661,0.0638068,0.257883,-0.297999,-0.197872,0.143167,0.112665,-0.334081,0.0145268,0.0248458,0,0,True,True
0.77,-0,0,0.00631861,-0.0651086,-0.262892,1.76484,-0.591506,0.180661,-1.73867,1.06559,-0.0435362,-18.9947,-0.474088,-0.137125,-0.0465317,0.0651086,0.262892,-0.302493,-0,0,0.064919,-0.0651086,-0.262892,-0.170695,-0.591506,0.180661,-1.69283,1.06559,-0.0435362,-19.2297,-0.474088,-0.137125,-0.0452676,0.0651086,0.262892,-0.306111,-0.203034,0.146268,0.115258,-0.340068,0.0148218,0.0253489,0,0,True,True
0.775,-0,0,0.00725268,-0.0664357,-0.268029,1.76065,-0.590591,0.185082,-1.75636,1.06537,-0.0460494,-18.9712,-0.474778,-0.139032,-0.0486271,0.0664357,0.268029,-0.309722,-0,0,0.0669641,-0.0664357,-0.268029,-0.169604,-0.590591,0.185082,-1.69808,1.06537,-0.0460494,-19.2721,-0.474778,-0.139032,-0.0470359,0.0664357,0.268029,-0.314471,-0.208523,0.149229,0.11794,-0.346184,0.0151224,0.0258617,0,0,True,True
0.78,-0,0,0.00796259,-0.0677889,-0.273294,1.76327,-0.589655,0.189636,-1.77213,1.06513,-0.0486848,-18.9568,-0.475478,-0.140951,-0.0498307,0.0677889,0.273294,-0.316673,-0,0,0.0688486,-0.0677889,-0.273294,-0.163033,-0.589655,0.189636,-1.70528,1.06513,-0.0486848,-19.3044,-0.475478,-0.140951,-0.0480104,0.0677889,0.273294,-0.322287,-0.213263,0.152593,0.120711,-0.352428,0.0154287,0.0263846,0,0,True,True
0.785,-0,0,0.00784146,-0.0691687,-0.278674,1.78801,-0.588695,0.194323,-1.78112,1.06488,-0.0514444,-18.9723,-0.476188,-0.142879,-0.0475179,0.0691687,0.278674,-0.322503,-0,0,0.0700557,-0.0691687,-0.278674,-0.139122,-0.588695,0.194323,-1.71808,1.06488,-0.0514444,-19.3024,-0.476188,-0.142879,-0.0457545,0.0691687,0.278674,-0.327928,-0.215029,0.157517,0.123561,-0.358786,0.0157407,0.0269178,0,0,True,True
0.79,-0,0,0.00573456,-0.0705756,-0.284127,1.86379,-0.587712,0.199136,-1.77438,1.06462,-0.0543238,-19.0563,-0.476907,-0.144812,-0.0366596,0.0705756,0.284127,-0.325647,-0,0,0.069606,-0.0705756,-0.284127,-0.076335,-0.587712,0.199136,-1.74318,1.06462,-0.0543238,-19.2208,-0.476907,-0.144812,-0.035701,0.0705756,0.284127,-0.328364,-0.209586,0.166237,0.126457,-0.365219,0.0160586,0.0274615,0,0,True,True
0.795,-0,0,-0.000402715,-0.07201,-0.289563,2.04357,-0.586704,0.204052,-1.73626,1.06434,-0.057306,-19.2763,-0.477636,-0.146746,-0.00793989,0.07201,0.289563,-0.323212,-0,0,0.0658051,-0.07201,-0.289563,0.0609226,-0.586704,0.204052,-1.79214,1.06434,-0.057306,-18.9801,-0.477636,-0.146746,-0.0100416,0.07201,0.289563,-0.31841,-0.18909,0.182893,0.129327,-0.371642,0.0163825,0.0280159,0,0,True,True
0.8,-0,0,-0.0134156,-0.0734713,-0.294806,2.40995,-0.585671,0.209021,-1.64467,1.06405,-0.0603512,-19.7265,-0.478374,-0.14867,0.0533027,0.0734713,0.294806,-0.310509,-0,0,0.0564501,-0.0734713,-0.294806,0.314915,-0.585671,0.209021,-1.88124,1.06405,-0.0603512,-18.4688,-0.478374,-0.14867,0.0410761,0.0734713,0.294806,-0.291361,-0.141102,0.21391,0.13203,-0.377891,0.0167125,0.0285807,0,0,True,True
0.805,-0,0,-0.0346976,-0.074958,-0.299576,3.03085,-0.584613,0.213959,-1.48722,1.06374,-0.0633885,-20.456,-0.479122,-0.150571,0.159371,0.074958,0.299576,-0.283176,-0,0,0.040872,-0.074958,-0.299576,0.686635,-0.584613,0.213959,-2.01945,1.06374,-0.0633885,-17.6274,-0.479122,-0.150571,0.119611,0.074958,0.299576,-0.245275,-0.0549235,0.264399,0.134341,-0.383703,0.0170485,0.0291554,0.000892857,0.00595238,True,True
0.81,-0,0,-0.0622484,-0.076467,-0.303593,3.90362,-0.583531,0.218776,-1.27564,1.06341,-0.0663394,-21.4076,-0.47988,-0.152437,0.310507,0.076467,0.303593,-0.240382,-0,0,0.0212699,-0.076467,-0.303593,1.11001,-0.583531,0.218776,-2.19786,1.06341,-0.0663394,-16.5209,-0.47988,-0.152437,0.213519,0.076467,0.303593,-0.187222,0.0701324,0.333964,0.136034,-0.388819,0.0173904,0.0297387,0.00178571,0.0119048,True,True
0.815,-0,0,-0.0926927,-0.077994,-0.306681,4.98122,-0.582426,0.22341,-1.03153,1.06307,-0.0691436,-22.4819,-0.480647,-0.154266,0.499542,0.077994,0.306681,-0.18398,-0,0,0.000523285,-0.077994,-0.306681,1.50712,-0.582426,0.22341,-2.4002,1.06307,-0.0691436,-15.2637,-0.480647,-0.154266,0.307601,0.077994,0.306681,-0.126701,0.228287,0.419138,0.136966,-0.393076,0.0177381,0.0303289,0.00267857,0.0178571,True,True
0.82,-0,0,-0.123512,-0.0795338,-0.308748,6.22268,-0.581297,0.227818,-0.770161,1.06272,-0.0717574,-23.6092,-0.481423,-0.15606,0.720705,0.0795338,0.308748,-0.115896,-0,0,-0.0196575,-0.0795338,-0.308748,1.83032,-0.581297,0.227818,-2.61488,1.06272,-0.0717574,-13.9363,-0.481423,-0.15606,0.392369,0.0795338,0.308748,-0.069818,0.41464,0.51738,0.13706,-0.396395,0.0180915,0.0309242,0.00357143,0.0238095,True,True
0.825,-0,0,-0.153101,-0.0810814,-0.309753,7.60047,-0.580148,0.231971,-0.500062,1.06236,-0.0741472,-24.7498,-0.482207,-0.157823,0.97079,0.0810814,0.309753,-0.0375715,-0,0,-0.038555,-0.0810814,-0.309753,2.05696,-0.580148,0.231971,-2.83526,1.06236,-0.0741472,-12.5839,-0.482207,-0.157823,0.463118,0.0810814,0.309753,-0.0196501,0.626273,0.627481,0.13628,-0.398737,0.0184502,0.0315225,0.00446429,0.0297619,True,True
0.83,-0,0,-0.180411,-0.0826314,-0.309681,9.09697,-0.578978,0.235846,-0.225642,1.06198,-0.0762849,-25.8828,-0.483001,-0.159562,1.2483,0.0826314,0.309681,0.0499904,-0,0,-0.0560004,-0.0826314,-0.309681,2.17814,-0.578978,0.235846,-3.05785,1.06198,-0.0762849,-11.2302,-0.483001,-0.159562,0.517618,0.0826314,0.309681,0.0224506,0.86165,0.749047,0.134613,-0.400093,0.0188141,0.0321218,0.00535714,0.0357143,True,True
0.835,-0,0,-0.204731,-0.0841782,-0.308528,10.7023,-0.577789,0.239425,0.0511159,1.06159,-0.0781451,-26.9986,-0.483803,-0.16128,1.5526,0.0841782,0.308528,0.146199,-0,0,-0.0721167,-0.0841782,-0.308528,2.19159,-0.577789,0.239425,-3.28113,1.06159,-0.0781451,-9.88635,-0.483803,-0.16128,0.554601,0.0841782,0.308528,0.0560241,1.12004,0.881987,0.132054,-0.400462,0.0191829,0.0327198,0.00625,0.0416667,True,True
0.84,-0,0,-0.225604,-0.0857167,-0.306298,12.4125,-0.576583,0.242689,0.329502,1.0612,-0.0797039,-28.0946,-0.484614,-0.162985,1.88284,0.0857167,0.306298,0.250835,-0,0,-0.0871928,-0.0857167,-0.306298,2.09747,-0.576583,0.242689,-3.50486,1.0612,-0.0797039,-8.55614,-0.484614,-0.162985,0.57285,0.0857167,0.306298,0.0810089,1.40079,1.02586,0.128603,-0.399848,0.0195563,0.0333146,0.00714286,0.047619,True,True
0.845,-0,0,-0.242912,-0.0872412,-0.30299,14.2281,-0.575362,0.245621,0.609197,1.0608,-0.080937,-29.1731,-0.485433,-0.164684,2.23642,0.0872412,0.30299,0.363997,-0,0,-0.101633,-0.0872412,-0.30299,1.89616,-0.575362,0.245621,-3.72964,1.0608,-0.080937,-7.23972,-0.485433,-0.164684,0.570675,0.0872412,0.30299,0.0974669,1.70223,1.17897,0.124258,-0.398257,0.0199342,0.033904,0.00803571,0.0535714,True,True
0.85,-0,0,-0.257165,-0.0887466,-0.298607,16.1534,-0.574127,0.248208,0.88946,1.06039,-0.0818199,-30.2405,-0.486261,-0.166388,2.60658,0.0887466,0.298607,0.486036,-0,0,-0.115932,-0.0887466,-0.298607,1.58718,-0.574127,0.248208,-3.95666,1.06039,-0.0818199,-5.93545,-0.486261,-0.166388,0.545713,0.0887466,0.298607,0.105435,2.02007,1.33685,0.119014,-0.395696,0.0203162,0.034486,0.00892857,0.0595238,True,True
0.855,-0,0,-0.270124,-0.0902273,-0.293142,18.1942,-0.57288,0.250445,1.16817,1.05998,-0.0823269,-31.3085,-0.487097,-0.168118,2.97858,0.0902273,0.293142,0.617482,-0,0,-0.130644,-0.0902273,-0.293142,1.16882,-0.57288,0.250445,-4.18747,1.05998,-0.0823269,-4.64126,-0.487097,-0.168118,0.495062,0.0902273,0.293142,0.104858,2.34475,1.49004,0.112854,-0.392175,0.0207021,0.0350584,0.00982143,0.0654762,True,True
0.86,-0,0,-0.285955,-0.091678,-0.286588,20.3569,-0.571623,0.25234,1.44048,1.05956,-0.0824313,-32.3955,-0.487942,-0.169909,3.32374,0.091678,0.286588,0.758909,-0,0,-0.146266,-0.091678,-0.286588,0.638387,-0.571623,0.25234,-4.4238,1.05956,-0.0824313,-3.35568,-0.487942,-0.169909,0.41591,0.091678,0.286588,0.0955683,2.65738,1.62039,0.105745,-0.387711,0.0210917,0.0356192,0.0107143,0.0714286,True,True
0.865,-0,0,-0.313241,-0.0930932,-0.278934,22.6446,-0.570357,0.253928,1.69678,1.05915,-0.0821063,-33.5306,-0.488796,-0.171822,3.58987,0.0930932,0.278934,0.910696,-0,0,-0.162963,-0.0930932,-0.278934,-0.0066872,-0.570357,0.253928,-4.66709,1.05915,-0.0821063,-2.07873,-0.488796,-0.171822,0.307016,0.0930932,0.278934,0.0773381,2.92313,1.69533,0.097634,-0.382339,0.0214849,0.0361662,0.0116071,0.077381,True,True
0.87,-0,0,-0.368365,-0.0944673,-0.27017,25.0514,-0.569083,0.255286,1.91955,1.05874,-0.0813256,-34.7586,-0.48966,-0.173961,3.68642,0.0944673,0.27017,1.07258,-0,0,-0.17998,-0.0944673,-0.27017,-0.766253,-0.569083,0.255286,-4.91781,1.05874,-0.0813256,-0.813187,-0.48966,-0.173961,0.17154,0.0944673,0.27017,0.0500181,3.08101,1.65895,0.0884333,-0.376127,0.0218815,0.0366973,0.0125,0.0833333,True,True
0.875,-0,0,-0.480687,-0.0957949,-0.260293,27.5491,-0.567804,0.256564,2.08071,1.05834,-0.0800667,-36.1437,-0.490536,-0.176497,3.46722,0.0957949,0.260293,1.24266,-0,0,-0.194457,-0.0957949,-0.260293,-1.63139,-0.567804,0.256564,-5.17513,1.05834,-0.0800667,0.432533,-0.490536,-0.176497,0.02218,0.0957949,0.260293,0.0139061,3.03161,1.42195,0.0780072,-0.369204,0.0222819,0.0372102,0.0133929,0.0892857,True,True
0.88,-0,0,-0.780871,-0.0970702,-0.249321,30.0326,-0.566518,0.25802,2.48952,1.05794,-0.0783166,-37.4293,-0.491425,-0.179703,3.07904,0.0970702,0.249321,1.41223,-0,0,-0.184975,-0.0970702,-0.249322,-2.52915,-0.566518,0.257983,-5.70813,1.05794,-0.0782587,1.60381,-0.491425,-0.179724,-0.109492,0.0970702,0.249322,-0.0256392,2.86822,1.08068,0.0661599,-0.361788,0.0226865,0.0377029,0.0142857,0.0952381,True,True
0.885,-0,0,-1.58573,-0.0982881,-0.237309,32.6404,-0.565224,0.259477,4.23182,1.05756,-0.0760894,-37.7691,-0.492333,-0.183388,3.46292,0.0982881,0.237309,1.82138,-0,0,-0.084417,-0.0982881,-0.237657,-3.37794,-0.565224,0.251816,-7.40124,1.05756,-0.0641198,2.67083,-0.492333,-0.187697,-0.239148,0.0982881,0.237657,-0.0579751,3.35905,1.07736,0.053089,-0.353786,0.0230968,0.0381732,0.015,0.1,True,False
0.89,-0,0,-2.90376,-0.0994433,-0.22436,34.0115,-0.563923,0.259687,7.48666,1.05718,-0.0734302,-36.33,-0.493259,-0.186257,4.94536,0.0994433,0.22436,1.65311,-0,0,0.105023,-0.0994468,-0.226429,-3.64903,-0.564,0.21447,-10.361,1.0573,-0.00301128,3.06237,-0.493302,-0.211459,-0.350623,0.0994468,0.226429,-0.0538239,4.26166,2.09194,0.0399,-0.3443,0.0235147,0.0386191,0.015,0.1,True,False
0.895,-0,0,-4.3884,-0.100532,-0.210609,35.5745,-0.562627,0.25795,11.0989,1.05682,-0.0703736,-34.754,-0.494195,-0.187577,6.52779,0.100532,0.210609,1.83142,-0,0,0.327337,-0.100552,-0.216408,-3.93401,-0.563079,0.132217,-13.6524,1.05753,0.124676,3.46521,-0.494447,-0.256893,-0.470443,0.100552,0.216408,-0.0479051,5.42893,2.9645,0.0272853,-0.332899,0.0239432,0.0390392,0.015,0.1,True,False
0.9,-0,0,-5.72156,-0.101549,-0.196199,36.8656,-0.561344,0.254771,14.0894,1.05648,-0.0669383,-33.5856,-0.495135,-0.187833,7.51241,0.101549,0.196199,1.9746,-0,0,0.526936,-0.101611,-0.207516,-4.17262,-0.562677,0.0113869,-16.4451,1.05855,0.308829,3.76174,-0.495871,-0.320216,-0.56674,0.101611,0.207516,-0.0426566,6.17497,3.4872,0.0149843,-0.320081,0.0243856,0.039432,0.015,0.1,True,False
0.905,-0,0,-6.83783,-0.102494,-0.181268,37.861,-0.560079,0.250641,16.4187,1.05615,-0.0631536,-32.7682,-0.496073,-0.187487,8.04613,0.102494,0.181268,2.05745,-0,0,0.695393,-0.102628,-0.199567,-4.36007,-0.562965,-0.13972,-18.673,1.06061,0.536197,3.95002,-0.497649,-0.396477,-0.636735,0.102628,0.199567,-0.0383537,6.58377,3.76621,0.00274648,-0.306325,0.0248453,0.0397966,0.015,0.1,True,False
0.91,-0,0,-7.7201,-0.103362,-0.165945,38.5913,-0.558837,0.245918,18.1537,1.05585,-0.0590595,-32.2103,-0.497009,-0.186859,8.30296,0.103362,0.165945,2.09758,-0,0,0.831564,-0.103607,-0.192375,-4.49893,-0.564075,-0.313418,-20.3698,1.06391,0.794262,4.04165,-0.499836,-0.480845,-0.681616,0.103607,0.192375,-0.0349777,6.78207,3.8991,-0.00957047,-0.291988,0.0253252,0.0401321,0.015,0.1,True,False
0.915,-0,0,-8.36622,-0.104153,-0.15035,39.0838,-0.55762,0.240876,19.3511,1.05556,-0.0547018,-31.8546,-0.497942,-0.186174,8.38703,0.104153,0.15035,2.10776,-0,0,0.935464,-0.104551,-0.185758,-4.59204,-0.5661,-0.502615,-21.5731,1.06856,1.07132,4.04741,-0.502458,-0.568706,-0.702944,0.104551,0.185758,-0.0325052,6.84703,3.94298,-0.0220459,-0.277353,0.0258278,0.0404381,0.015,0.1,True,False
0.92,-0,0,-8.78467,-0.104866,-0.134594,39.3636,-0.556428,0.235733,20.0641,1.0553,-0.0501298,-31.663,-0.498871,-0.185603,8.36014,0.104866,0.134594,2.09697,-0,0,1.0081,-0.105464,-0.179541,-4.6425,-0.569101,-0.700836,-22.3244,1.07462,1.3566,3.9775,-0.505523,-0.65576,-0.702631,0.105464,0.179541,-0.0309092,6.82523,3.93082,-0.0347233,-0.262652,0.0263551,0.040714,0.015,0.1,True,False
0.925,-0,0,-8.99123,-0.105499,-0.118777,39.4536,-0.555263,0.230673,20.3447,1.05506,-0.0453939,-31.6071,-0.499798,-0.185279,8.25983,0.105499,0.118777,2.07157,-0,0,1.05129,-0.106347,-0.173553,-4.65363,-0.573108,-0.90225,-22.6685,1.08212,1.64036,3.84158,-0.509016,-0.738111,-0.682899,0.106347,0.173553,-0.0301598,6.74551,3.88216,-0.0476246,-0.248076,0.0269085,0.0409598,0.015,0.1,True,False
0.93,-0,0,-9.00652,-0.106053,-0.10299,39.3746,-0.554122,0.22585,20.2457,1.05485,-0.0405447,-31.663,-0.500724,-0.185305,8.11001,0.106053,0.10299,2.03602,-0,0,1.0675,-0.1072,-0.167629,-4.6289,-0.578123,-1.10171,-22.6525,1.09103,1.91405,3.6489,-0.512904,-0.812338,-0.6462,0.1072,0.167629,-0.0302232,6.62648,3.80916,-0.0607576,-0.233786,0.0274888,0.0411755,0.015,0.1,True,False
0.935,-0,0,-8.85403,-0.106529,-0.0873116,39.1462,-0.553004,0.22139,19.8198,1.05466,-0.0356316,-31.8087,-0.501651,-0.185758,7.92686,0.106529,0.0873116,1.99347,-0,0,1.05962,-0.108023,-0.161612,-4.57188,-0.584125,-1.29479,-22.3245,1.10126,2.17034,3.40822,-0.517139,-0.87555,-0.595136,0.108023,0.161612,-0.031062,6.48081,3.71997,-0.0741191,-0.219915,0.0280963,0.0413613,0.015,0.1,True,False
0.94,-0,0,-8.55852,-0.106926,-0.0718142,38.7859,-0.551908,0.217399,19.1184,1.05449,-0.0307024,-32.0237,-0.502582,-0.186696,7.72195,0.106926,0.0718142,1.94615,-0,0,1.0308,-0.108816,-0.155353,-4.48622,-0.591071,-1.47773,-21.7317,1.11273,2.40314,3.12784,-0.521659,-0.925413,-0.532358,0.108816,0.155353,-0.0326349,6.31757,3.62041,-0.0876964,-0.206571,0.0287309,0.0415174,0.015,0.1,True,False
0.945,-0,0,-8.1447,-0.107247,-0.0565598,38.3105,-0.55083,0.213959,18.1909,1.05435,-0.0258024,-32.289,-0.503518,-0.188156,7.50383,0.107247,0.0565598,1.89567,-0,0,0.984256,-0.109577,-0.148711,-4.37561,-0.598902,-1.64749,-20.9194,1.1253,2.60765,2.81554,-0.526393,-0.960157,-0.460484,0.109577,0.148711,-0.0348958,6.14344,3.51482,-0.101468,-0.193839,0.0293922,0.0416443,0.015,0.1,True,False
0.95,-0,0,-7.63621,-0.107492,-0.0416027,37.7353,-0.549768,0.211131,17.0827,1.05423,-0.0209741,-32.5877,-0.504463,-0.190157,7.27879,0.107492,0.0416027,1.84322,-0,0,0.923108,-0.110303,-0.141555,-4.24375,-0.607546,-1.80166,-19.9295,1.13881,2.78022,2.47857,-0.531261,-0.978558,-0.382014,0.110303,0.141555,-0.0377934,5.96333,3.40635,-0.115406,-0.181785,0.0300792,0.0417427,0.015,0.1,True,False
0.955,-0,0,-7.05488,-0.107663,-0.02699,37.0747,-0.548719,0.208958,15.8349,1.05414,-0.0162568,-32.9052,-0.50542,-0.192701,7.05126,0.107663,0.02699,1.78968,-0,0,0.85025,-0.110992,-0.133766,-4.09429,-0.616919,-1.9384,-18.7996,1.1531,2.9183,2.12366,-0.536179,-0.979904,-0.299274,0.110992,0.133766,-0.0412708,5.78077,3.29719,-0.129474,-0.170454,0.030791,0.041813,0.015,0.1,True,False
0.96,-0,0,-6.42021,-0.107762,-0.012762,36.3424,-0.547679,0.207466,14.4834,1.05407,-0.0116865,-33.2297,-0.50639,-0.195779,6.8241,0.107762,0.012762,1.73576,-0,0,0.768271,-0.111641,-0.125234,-3.93082,-0.62693,-2.0564,-17.5627,1.16799,3.02035,1.75703,-0.54106,-0.963952,-0.214381,0.111641,0.125234,-0.0452647,5.5981,3.18868,-0.143633,-0.159875,0.0315261,0.0418562,0.015,0.1,True,False
0.965,-0,0,-5.74917,-0.107791,0.00104728,35.5511,-0.546644,0.206666,13.0588,1.05402,-0.00729557,-33.5522,-0.507377,-0.199371,6.59896,0.107791,-0.00104728,1.68202,-0,0,0.679401,-0.112244,-0.115865,-3.75683,-0.637483,-2.15477,-16.2472,1.1833,3.08564,1.38448,-0.545818,-0.930871,-0.129212,0.112244,0.115865,-0.0497047,5.41675,3.08148,-0.157839,-0.150065,0.0322831,0.0418728,0.015,0.1,True,False
0.97,-0,0,-5.0561,-0.107752,0.0144097,34.7131,-0.545612,0.206559,11.587,1.054,-0.00311282,-33.8661,-0.508384,-0.203446,6.37661,0.107752,-0.0144097,1.62887,-0,0,0.585498,-0.112799,-0.105579,-3.57569,-0.648478,-2.23299,-14.8767,1.19885,3.11418,1.01136,-0.550369,-0.88119,-0.0454076,0.112799,0.105579,-0.0545138,5.2375,2.97581,-0.172047,-0.141028,0.0330605,0.0418638,0.015,0.1,True,False
0.975,-0,0,-4.35284,-0.107647,0.0273026,33.8398,-0.544579,0.207134,10.0889,1.05399,0.000836595,-34.1671,-0.509412,-0.207971,6.1573,0.107647,-0.0273026,1.57665,-0,0,0.488062,-0.1133,-0.0943105,-3.39061,-0.659813,-2.29085,-13.4708,1.21444,3.10658,0.642687,-0.55463,-0.815734,0.0356294,0.1133,0.0943105,-0.0596075,5.0607,2.8716,-0.186211,-0.132757,0.0338565,0.0418301,0.015,0.1,True,False
0.98,-0,0,-3.64898,-0.107478,0.0397087,32.9423,-0.543541,0.208373,8.58174,1.054,0.00453113,-34.4531,-0.510464,-0.212904,5.94092,0.107478,-0.0397087,1.52558,-0,0,0.388271,-0.113742,-0.0820132,-3.20463,-0.671386,-2.32836,-12.0455,1.22991,3.06394,0.283185,-0.558526,-0.735579,0.112717,0.113742,0.0820132,-0.0648944,4.88643,2.76862,-0.200286,-0.125239,0.0346694,0.0417726,0.015,0.1,True,False
0.985,-0,0,-2.95215,-0.10725,0.0516159,32.0311,-0.542495,0.210253,7.07924,1.05404,0.00795279,-34.7234,-0.511541,-0.218206,5.72718,0.10725,-0.0516159,1.4759,-0,0,0.287034,-0.11412,-0.0686584,-3.02057,-0.683097,-2.34573,-10.6141,1.24508,2.98773,-0.0626895,-0.561986,-0.641996,0.184876,0.11412,0.0686584,-0.070277,4.71464,2.66656,-0.21423,-0.118454,0.0354975,0.0416921,0.015,0.1,True,False
0.99,-0,0,-2.26832,-0.106962,0.0630172,31.1163,-0.541438,0.212744,5.59257,1.05408,0.0110871,-34.9783,-0.512646,-0.223832,5.51586,0.106962,-0.0630172,1.4278,-0,0,0.185051,-0.114429,-0.0542376,-2.84102,-0.694844,-2.34331,-9.18731,1.25979,2.87972,-0.390703,-0.564946,-0.536412,0.251317,0.114429,0.0542376,-0.0756521,4.5453,2.56512,-0.228003,-0.112376,0.0363389,0.0415896,0.015,0.1,True,False
0.995,-0,0,-1.60216,-0.106619,0.0739104,30.2077,-0.540367,0.215817,4.1309,1.05415,0.0139229,-35.2195,-0.513779,-0.22974,5.30693,0.106619,-0.0739104,1.3815,-0,0,0.0828713,-0.114663,-0.0387628,-2.66832,-0.70653,-2.32156,-7.77446,1.27388,2.74192,-0.696832,-0.56735,-0.420364,0.311414,0.114663,0.0387628,-0.0809131,4.37849,2.46417,-0.241571,-0.106975,0.0371921,0.0414661,0.015,0.1,True,False
1,-0,0,-0.957318,-0.106223,0.0842985,29.3145,-0.53928,0.219436,2.70197,1.05422,0.0164524,-35.4487,-0.514943,-0.235889,5.10068,0.106223,-0.0842985,1.3372,-0,0,-0.0190445,-0.114817,-0.0222674,-2.50458,-0.718059,-2.28104,-6.38369,1.28721,2.5765,-0.977258,-0.56915,-0.295465,0.364696,0.114817,0.0222674,-0.0859514,4.21456,2.36372,-0.254903,-0.102218,0.0380552,0.0413223,0.015,0.1,True,False
1.005,-0,0,-0.336672,-0.105776,0.0941897,28.4458,-0.538173,0.223569,1.31256,1.05431,0.0186711,-35.6684,-0.516138,-0.24224,4.89774,0.105776,-0.0941897,1.29512,-0,0,-0.120272,-0.114885,-0.00480621,-2.35159,-0.72934,-2.22241,-5.02254,1.29964,2.38578,-1.22838,-0.570305,-0.163374,0.410827,0.114885,0.00480621,-0.0906596,4.05405,2.26404,-0.267977,-0.0980665,0.0389266,0.0411592,0.015,0.1,True,False
1.01,-0,0,0.257406,-0.105281,0.103597,27.6104,-0.537044,0.228181,-0.0310799,1.05441,0.0205773,-35.8808,-0.517365,-0.248759,4.69912,0.105281,-0.103597,1.25552,-0,0,-0.220378,-0.114865,0.013545,-2.2109,-0.740283,-2.14638,-3.6983,1.31107,2.17215,-1.44683,-0.570783,-0.0257677,0.449595,0.114865,-0.013545,-0.0949336,3.89781,2.16558,-0.280774,-0.0944831,0.0398047,0.0409777,0.015,0.1,True,False
1.015,-0,0,0.822882,-0.10474,0.11254,26.8165,-0.535891,0.233239,-1.32298,1.05452,0.0221723,-36.0883,-0.518626,-0.255411,4.50616,0.10474,-0.11254,1.21868,-0,0,-0.318884,-0.11475,0.0326905,-2.08377,-0.750804,-2.05376,-2.41827,1.32137,1.93807,-1.6295,-0.570562,0.115689,0.480903,0.11475,-0.0326905,-0.0986764,3.74691,2.06899,-0.293286,-0.0914261,0.0406879,0.0407785,0.015,0.1,True,False
1.02,-0,0,1.3579,-0.104156,0.121041,26.0723,-0.534712,0.23871,-2.55726,1.05463,0.0234603,-36.2933,-0.51992,-0.262171,4.32047,0.104156,-0.121041,1.18492,-0,0,-0.415249,-0.114538,0.0525163,-1.9712,-0.760821,-1.94542,-1.18998,1.33045,1.68606,-1.7736,-0.569626,0.259361,0.504752,0.114538,-0.0525163,-0.1018,3.60263,1.97507,-0.305509,-0.0888528,0.0415747,0.0405623,0.015,0.1,True,False
1.025,-0,0,1.8607,-0.10353,0.129132,25.3855,-0.533504,0.244565,-3.72797,1.05475,0.0244477,-36.4978,-0.521247,-0.269013,4.14389,0.10353,-0.129132,1.1546,-0,0,-0.508852,-0.114225,0.0728925,-1.87393,-0.770258,-1.82234,-0.0212537,1.33823,1.41867,-1.87669,-0.567969,0.403667,0.521234,0.114225,-0.0728925,-0.104232,3.46641,1.88473,-0.317451,-0.0867185,0.0424637,0.0403299,0.015,0.1,True,False
1.03,-0,0,2.32951,-0.102865,0.136846,24.7633,-0.532266,0.250777,-4.82908,1.05488,0.0251434,-36.7038,-0.52261,-0.27592,3.97838,0.102865,-0.136846,1.12807,-0,0,-0.599001,-0.113809,0.0936758,-1.79246,-0.779044,-1.68556,1.07978,1.34463,1.13847,-1.93671,-0.56559,0.547092,0.530519,0.113809,-0.0936758,-0.105912,3.33982,1.79899,-0.329124,-0.0849776,0.0433536,0.0400818,0.015,0.1,True,False
1.035,-0,0,2.76252,-0.102162,0.144225,24.2126,-0.530996,0.257322,-5.85446,1.055,0.0255581,-36.9129,-0.524007,-0.28288,3.82598,0.102162,-0.144225,1.10572,-0,0,-0.684941,-0.113288,0.114713,-1.72706,-0.787114,-1.53624,2.10472,1.34961,0.848037,-1.95203,-0.562498,0.688206,0.532844,0.113288,-0.114713,-0.1068,3.22444,1.71886,-0.340554,-0.0835835,0.0442431,0.0398187,0.015,0.1,True,False
1.04,-0,0,3.15787,-0.101422,0.151314,23.7396,-0.529693,0.264179,-6.79795,1.05513,0.025704,-37.1265,-0.525438,-0.289883,3.68868,0.101422,-0.151314,1.08791,-0,0,-0.765877,-0.112662,0.135846,-1.67781,-0.794407,-1.37564,3.04502,1.35311,0.549972,-1.92154,-0.558708,0.825672,0.528498,0.112662,-0.135846,-0.106878,3.12186,1.64539,-0.35177,-0.0824888,0.0451311,0.0395408,0.015,0.1,True,False
1.045,-0,0,3.51363,-0.100648,0.158164,23.35,-0.528354,0.271334,-7.6534,1.05526,0.0255945,-37.3457,-0.526905,-0.296928,3.56839,0.100648,-0.158164,1.07498,-0,0,-0.840999,-0.11193,0.156913,-1.64461,-0.80087,-1.20512,3.89211,1.35511,0.246866,-1.84463,-0.554241,0.958253,0.517808,0.11193,-0.156913,-0.106145,3.03356,1.57955,-0.362813,-0.0816453,0.0460166,0.0392488,0.015,0.1,True,False
1.05,-0,0,3.82779,-0.0998407,0.164833,23.0486,-0.52698,0.278774,-8.41476,1.05539,0.0252439,-37.571,-0.528408,-0.304018,3.46686,0.0998407,-0.164833,1.06723,-0,0,-0.909519,-0.111093,0.177756,-1.62721,-0.806458,-1.02613,4.63758,1.35558,-0.058688,-1.72125,-0.549125,1.08482,0.501124,0.111093,-0.177756,-0.104625,2.96092,1.52227,-0.373732,-0.0810049,0.0468987,0.0389427,0.015,0.1,True,False
1.055,-0,0,4.09831,-0.0990001,0.171379,22.8396,-0.525567,0.286492,-9.07622,1.05551,0.0246666,-37.8029,-0.529946,-0.311159,3.38555,0.0990001,-0.171379,1.06488,-0,0,-0.970696,-0.110152,0.198224,-1.62521,-0.811131,-0.840246,5.27337,1.35452,-0.364101,-1.55192,-0.543393,1.20435,0.478805,0.110152,-0.198224,-0.10236,2.90507,1.47435,-0.38458,-0.0805188,0.0477765,0.0386228,0.015,0.1,True,False
1.06,-0,0,4.32307,-0.0981269,0.177867,22.726,-0.524115,0.294486,-9.63225,1.05563,0.0238768,-38.0412,-0.531519,-0.318363,3.32568,0.0981269,-0.177867,1.06808,-0,0,-1.02387,-0.10911,0.218174,-1.63812,-0.81486,-0.649116,5.79193,1.35194,-0.666794,-1.33777,-0.537082,1.31591,0.451206,0.10911,-0.218174,-0.0994139,2.86692,1.43644,-0.395419,-0.0801383,0.0486495,0.0382891,0.015,0.1,True,False
1.065,-0,0,4.49993,-0.0972214,0.184363,22.7098,-0.522622,0.302757,-10.0777,1.05575,0.022888,-38.2855,-0.533129,-0.325645,3.28807,0.0972214,-0.184363,1.07693,-0,0,-1.06847,-0.10797,0.237479,-1.66532,-0.817622,-0.454483,6.1864,1.34786,-0.964197,-1.08051,-0.530234,1.41868,0.418663,0.10797,-0.237479,-0.0958653,2.84711,1.40906,-0.406315,-0.0798147,0.0495171,0.0379417,0.015,0.1,True,False
1.07,-0,0,4.62671,-0.0962833,0.190936,22.7921,-0.521087,0.311309,-10.4079,1.05586,0.0217125,-38.5347,-0.534776,-0.333021,3.27319,0.0962833,-0.190936,1.0914,-0,0,-1.10407,-0.106735,0.25603,-1.70613,-0.819405,-0.258162,6.45076,1.3423,-1.25375,-0.782448,-0.522895,1.51192,0.381487,0.106735,-0.25603,-0.0918083,2.84595,1.39252,-0.417338,-0.0794993,0.0503791,0.0375804,0.015,0.1,True,False
1.075,-0,0,4.70119,-0.0953121,0.197657,22.9726,-0.519509,0.32015,-10.6187,1.05597,0.020361,-38.7873,-0.536459,-0.340511,3.28115,0.0953121,-0.197657,1.11141,-0,0,-1.13034,-0.10541,0.273736,-1.75976,-0.820204,-0.0620258,6.57995,1.33532,-1.53292,-0.446427,-0.515115,1.59495,0.339951,0.10541,-0.273736,-0.0873479,2.86349,1.38696,-0.428559,-0.0791436,0.0512351,0.0372049,0.015,0.1,True,False
1.08,-0,0,4.72118,-0.0943067,0.204597,23.2499,-0.517886,0.32929,-10.7065,1.05607,0.0188422,-39.0413,-0.538181,-0.348132,3.31167,0.0943067,-0.204597,1.13681,-0,0,-1.14712,-0.103998,0.290529,-1.82536,-0.820025,0.13201,6.56997,1.32697,-1.79917,-0.0758274,-0.506945,1.66716,0.29429,0.103998,-0.290529,-0.0825964,2.89946,1.39234,-0.440051,-0.0786987,0.0520852,0.0368148,0.015,0.1,True,False
1.085,-0,0,4.68448,-0.0932661,0.211824,23.6213,-0.516216,0.338741,-10.6683,1.05616,0.0171622,-39.2942,-0.539941,-0.355903,3.36418,0.0932661,-0.211824,1.16742,-0,0,-1.15435,-0.102505,0.306362,-1.90198,-0.818884,0.322001,6.41796,1.31733,-2.05,0.325497,-0.498443,1.728,0.2447,0.102505,-0.306362,-0.0776698,2.95339,1.40843,-0.451883,-0.0781162,0.0529296,0.0364098,0.015,0.1,True,False
1.09,-0,0,4.589,-0.0921885,0.219408,24.0826,-0.514498,0.348513,-10.5018,1.05624,0.0153245,-39.5428,-0.54174,-0.363838,3.43785,0.0921885,-0.219408,1.20304,-0,0,-1.15211,-0.100934,0.321213,-1.98859,-0.816805,0.505995,6.12228,1.30647,-2.28292,0.753272,-0.489665,1.77693,0.191343,0.100934,-0.321213,-0.0726847,3.02461,1.43487,-0.464124,-0.0773473,0.0537686,0.0359891,0.015,0.1,True,False
1.095,-0,0,4.4328,-0.091072,0.227414,24.6288,-0.512731,0.358619,-10.2056,1.05631,0.0133297,-39.7834,-0.543579,-0.371949,3.53172,0.091072,-0.227414,1.24348,-0,0,-1.14059,-0.0992925,0.335081,-2.08407,-0.813824,0.682048,5.68256,1.2945,-2.49549,1.20286,-0.480674,1.81344,0.134351,0.0992925,-0.335081,-0.0677543,3.11237,1.47122,-0.476835,-0.0763433,0.0546028,0.0355521,0.015,0.1,True,False
1.1,-0,0,4.21421,-0.0899144,0.235904,25.2532,-0.510912,0.369067,-9.77901,1.05637,0.0111751,-40.0119,-0.545459,-0.380242,3.64479,0.0899144,-0.235904,1.28857,-0,0,-1.12007,-0.0975837,0.347988,-2.18717,-0.809985,0.848243,5.09979,1.28152,-2.68529,1.66933,-0.471531,1.83705,0.0738443,0.0975837,-0.347988,-0.0629864,3.21591,1.51698,-0.490071,-0.0750554,0.0554329,0.035098,0.015,0.1,True,False
1.105,-0,0,3.93196,-0.088713,0.244935,25.948,-0.50904,0.379864,-9.22239,1.05642,0.00885501,-40.2233,-0.547382,-0.388719,3.77615,0.088713,-0.244935,1.33822,-0,0,-1.09096,-0.0958127,0.359976,-2.29655,-0.805342,1.00271,4.37645,1.26764,-2.84995,2.14751,-0.462303,1.84725,0.00994607,0.0958127,-0.359976,-0.0584804,3.33456,1.57167,-0.503881,-0.0734349,0.0562599,0.0346258,0.015,0.1,True,False
1.11,-0,0,3.58536,-0.087465,0.254559,26.7041,-0.507113,0.391013,-8.53737,1.05646,0.00636026,-40.4127,-0.549347,-0.397373,3.92506,0.087465,-0.254559,1.3924,-0,0,-1.05373,-0.0939839,0.371106,-2.41074,-0.799958,1.14364,3.51662,1.25302,-2.9872,2.63204,-0.453059,1.84356,-0.0571964,0.0939839,-0.371106,-0.0543257,3.46783,1.6349,-0.5183,-0.0714332,0.0570849,0.0341347,0.015,0.1,True,False
1.115,-0,0,3.17457,-0.0861674,0.264822,27.5115,-0.50513,0.402513,-7.72707,1.05649,0.00367858,-40.5746,-0.551355,-0.406191,4.09106,0.0861674,-0.264822,1.45111,-0,0,-1.00897,-0.0921016,0.381456,-2.52814,-0.793905,1.26934,2.52622,1.23777,-3.09484,3.11742,-0.443868,1.82551,-0.127385,0.0921016,-0.381456,-0.0506003,3.6154,1.70642,-0.533355,-0.0690021,0.0579093,0.0336235,0.015,0.1,True,False
1.12,-0,0,2.70077,-0.0848168,0.275761,28.3585,-0.503088,0.414357,-6.7965,1.0565,0.000794588,-40.7034,-0.553409,-0.415152,4.274,0.0848168,-0.275761,1.51441,-0,0,-0.957379,-0.0901694,0.391117,-2.64701,-0.787264,1.37819,1.41329,1.22207,-3.17083,3.59806,-0.434803,1.79264,-0.200343,0.0901694,-0.391117,-0.0473703,3.77723,1.78614,-0.549059,-0.0660943,0.0587347,0.0330911,0.015,0.1,True,False
1.125,-0,0,2.16651,-0.0834098,0.287408,29.2328,-0.500986,0.426536,-5.75296,1.05649,-0.00231015,-40.7939,-0.555507,-0.424226,4.47398,0.0834098,-0.287408,1.58234,-0,0,-0.899765,-0.0881904,0.400193,-2.76549,-0.780123,1.46877,0.188276,1.20606,-3.21332,4.06827,-0.425941,1.74456,-0.27568,0.0881904,-0.400193,-0.0446891,3.95341,1.87417,-0.565414,-0.0626641,0.0595628,0.0325362,0.015,0.1,True,False
1.13,-0,0,1.57597,-0.0819427,0.299783,30.1207,-0.498823,0.439032,-4.60659,1.05647,-0.00565692,-40.8411,-0.557651,-0.433375,4.69125,0.0819427,-0.299783,1.65485,-0,0,-0.837077,-0.0861674,0.408796,-2.8816,-0.772577,1.53979,-1.13551,1.18993,-3.2207,4.52227,-0.417358,1.68091,-0.352858,0.0861674,-0.408796,-0.0425983,4.14408,1.97073,-0.582409,-0.058668,0.0603955,0.0319577,0.015,0.1,True,False
1.135,-0,0,0.935293,-0.0804119,0.312898,31.0075,-0.496596,0.451826,-3.37095,1.05644,-0.00926976,-40.8412,-0.559841,-0.442557,4.92596,0.0804119,-0.312898,1.73176,-0,0,-0.770415,-0.0841025,0.417047,-2.99323,-0.764725,1.59023,-2.54147,1.17386,-3.19171,4.9542,-0.409132,1.60148,-0.431153,0.0841025,-0.417047,-0.0411271,4.34926,2.07611,-0.600018,-0.0540663,0.0612349,0.0313542,0.015,0.1,True,False
1.14,-0,0,0.2528,-0.0788137,0.326757,31.8774,-0.494305,0.464895,-2.06354,1.05638,-0.0131754,-40.7916,-0.562076,-0.45172,5.17789,0.0788137,-0.326757,1.8126,-0,0,-0.70104,-0.081997,0.425069,-3.09819,-0.756674,1.61933,-4.00929,1.15802,-3.12551,5.35801,-0.401343,1.50618,-0.509626,0.081997,-0.425069,-0.0402938,4.56853,2.19048,-0.618204,-0.0488237,0.0620833,0.0307245,0.015,0.1,True,False
1.145,-0,0,-0.460755,-0.0771444,0.34135,32.7138,-0.491947,0.478214,-0.706388,1.0563,-0.0174033,-40.6917,-0.564358,-0.460811,5.44602,0.0771444,-0.34135,1.89657,-0,0,-0.630379,-0.0798518,0.432989,-3.19423,-0.748532,1.62666,-5.51453,1.1426,-3.02182,5.72749,-0.39407,1.39516,-0.587085,0.0798518,-0.432989,-0.0401062,4.80075,2.31377,-0.636919,-0.0429118,0.0629429,0.0300673,0.015,0.1,True,False
1.15,-0,0,-1.1921,-0.0754002,0.356658,33.4991,-0.489522,0.491759,0.673586,1.05621,-0.0219858,-40.5431,-0.566684,-0.469773,5.72815,0.0754002,-0.356658,1.98238,-0,0,-0.560009,-0.0776671,0.440935,-3.27906,-0.740408,1.61218,-7.02831,1.1278,-2.88101,6.05612,-0.387392,1.26883,-0.662065,0.0776671,-0.440935,-0.0405622,5.04367,2.44542,-0.656104,-0.0363104,0.0638162,0.0293812,0.015,0.1,True,False
1.155,-0,0,-1.92545,-0.0735778,0.372653,34.2151,-0.48703,0.505511,2.04439,1.05609,-0.0269581,-40.35,-0.569056,-0.478553,6.0205,0.0735778,-0.372653,2.06817,-0,0,-0.491627,-0.0754424,0.449034,-3.35037,-0.73241,1.57632,-8.51728,1.11379,-2.70425,6.33706,-0.381382,1.12793,-0.732817,0.0754424,-0.449034,-0.0416504,5.29364,2.5842,-0.675692,-0.0290099,0.0647056,0.0286651,0.015,0.1,True,False
1.16,-0,0,-2.64273,-0.0716737,0.389292,34.8428,-0.484467,0.519455,3.36911,1.05594,-0.032359,-40.1195,-0.57147,-0.487096,6.31735,0.0716737,-0.389292,2.15143,-0,0,-0.426993,-0.0731767,0.457408,-3.40595,-0.724645,1.52005,-9.94378,1.10076,-2.49367,6.56306,-0.376112,0.973623,-0.797311,0.0731767,-0.457408,-0.0433508,5.5453,2.72807,-0.695611,-0.0210132,0.0656135,0.0279178,0.015,0.1,True,False
1.165,-0,0,-3.32394,-0.0696849,0.406524,35.363,-0.481835,0.53359,4.60654,1.05576,-0.0382313,-39.8614,-0.573927,-0.495359,6.61096,0.0696849,-0.406524,2.22893,-0,0,-0.367855,-0.0708683,0.466175,-3.44365,-0.71721,1.44491,-11.2664,1.08886,-2.25244,6.7264,-0.371646,0.807533,-0.853261,0.0708683,-0.466175,-0.0456344,5.7915,2.87408,-0.715783,-0.0123378,0.0665422,0.0271382,0.015,0.1,True,False
1.17,-0,0,-3.9478,-0.0676085,0.424286,35.7563,-0.479131,0.547925,5.71217,1.05556,-0.0446219,-39.5877,-0.576424,-0.503303,6.89158,0.0676085,-0.424286,2.29675,-0,0,-0.315844,-0.068515,0.475448,-3.46151,-0.710195,1.35309,-12.4409,1.07823,-1.9849,6.81886,-0.368037,0.631819,-0.898169,0.068515,-0.475448,-0.0484628,6.02329,3.01838,-0.73613,-0.00301714,0.067494,0.0263252,0.015,0.1,True,False
1.175,-0,0,-4.49257,-0.065442,0.442505,36.0032,-0.476356,0.562484,6.63977,1.05532,-0.0515829,-39.3119,-0.57896,-0.510901,7.14765,0.065442,-0.442505,2.35036,-0,0,-0.27236,-0.0661139,0.485329,-3.45776,-0.703679,1.24744,-13.4218,1.06901,-1.69665,6.83171,-0.365328,0.449206,-0.929395,0.0661139,-0.485329,-0.0517866,6.23016,3.15634,-0.756572,0.00689789,0.0684709,0.0254781,0.015,0.1,True,False
1.18,-0,0,-4.93696,-0.0631834,0.461097,36.0849,-0.473507,0.577311,7.34314,1.05504,-0.0591714,-39.0483,-0.581533,-0.51814,7.36618,0.0631834,-0.461097,2.38489,-0,0,-0.238448,-0.0636617,0.495911,-3.43094,-0.697721,1.13152,-14.1635,1.06127,-1.39454,6.7557,-0.363545,0.263012,-0.944239,0.0636617,-0.495911,-0.0555431,6.40036,3.28251,-0.777033,0.0173388,0.0694745,0.0245961,0.015,0.1,True,False
1.185,-0,0,-5.2613,-0.060831,0.479968,35.9831,-0.470583,0.592466,7.77815,1.05472,-0.0674496,-38.8108,-0.584141,-0.525016,7.53285,0.060831,-0.479968,2.39562,-0,0,-0.21468,-0.0611548,0.507272,-3.3799,-0.692364,1.00955,-14.6226,1.05506,-1.0867,6.58109,-0.362697,0.0771497,-0.940028,0.0611548,-0.507272,-0.0596516,6.52138,3.39048,-0.797433,0.0282195,0.0705065,0.0236786,0.015,0.1,True,False
1.19,-0,0,-5.44853,-0.0583837,0.499013,35.6806,-0.467582,0.608024,7.90437,1.05436,-0.0764855,-38.6126,-0.586783,-0.531538,7.6317,0.0583837,-0.499013,2.379,-0,0,-0.20105,-0.058589,0.519474,-3.30383,-0.687626,0.886363,-14.7594,1.0504,-0.782461,6.29765,-0.362773,-0.103901,-0.914206,0.058589,-0.519474,-0.064007,6.5802,3.472,-0.817697,0.0394363,0.0715678,0.0227251,0.015,0.1,True,False
1.195,-0,0,-5.48524,-0.0558409,0.518118,35.1618,-0.464502,0.624079,7.68625,1.05396,-0.0863518,-38.4659,-0.589456,-0.537727,7.64376,0.0558409,-0.518118,2.33436,-0,0,-0.196887,-0.05596,0.532552,-3.20234,-0.6835,0.76736,-14.539,1.04724,-0.492225,5.89468,-0.363736,-0.275135,-0.864406,0.05596,-0.532552,-0.0684693,6.56347,3.5151,-0.837749,0.0508682,0.0726591,0.0217356,0.015,0.1,True,False
1.2,-0,0,-5.36261,-0.0532026,0.537154,34.4131,-0.461341,0.640742,7.09309,1.0535,-0.0971275,-38.3842,-0.59216,-0.543614,7.54385,0.0532026,-0.537154,2.26704,-0,0,-0.200784,-0.0532635,0.546512,-3.07533,-0.679952,0.658426,-13.9323,1.04548,-0.227348,5.36091,-0.365525,-0.431078,-0.788484,0.0532635,-0.546512,-0.0728471,6.4571,3.5001,-0.857507,0.0623747,0.0737805,0.02071,0.015,0.1,True,False
1.205,-0,0,-5.07729,-0.0504694,0.555972,33.424,-0.458095,0.658142,6.09754,1.05299,-0.108899,-38.3849,-0.594892,-0.549244,7.29457,0.0504694,-0.555972,2.19389,-0,0,-0.210515,-0.0504949,0.561314,-2.92295,-0.676916,0.565845,-12.9155,1.04496,8.70289e-06,4.68444,-0.368047,-0.565853,-0.684524,0.0504949,-0.561314,-0.0768724,6.24547,3.39252,-0.876886,0.0737898,0.0749318,0.0196485,0.015,0.1,True,False
1.21,-0,0,-4.63217,-0.0476428,0.574396,32.1889,-0.45476,0.676443,4.6724,1.05241,-0.121763,-38.496,-0.597652,-0.55468,6.83755,0.0476428,-0.574396,2.15356,-0,0,-0.222895,-0.0476503,0.576858,-2.7453,-0.674293,0.496238,-11.4689,1.04548,0.177001,3.8526,-0.371183,-0.673239,-0.550789,0.0476503,-0.576858,-0.080159,5.91154,3.13108,-0.895792,0.0849097,0.0761122,0.0185519,0.015,0.1,True,False
1.215,-0,0,-4.05816,-0.0447254,0.592203,30.8069,-0.451331,0.695854,2.91197,1.05177,-0.135837,-38.6873,-0.600439,-0.560017,6.24058,0.0447254,-0.592203,2.31938,-0,0,-0.231954,-0.0447263,0.592951,-2.54699,-0.671953,0.456543,-9.68295,1.04673,0.290166,2.90789,-0.37478,-0.74671,-0.394619,0.0447263,-0.592951,-0.0818799,5.60314,2.65568,-0.914112,0.0954677,0.0773204,0.0174209,0.015,0.1,True,False
1.22,-0,0,-3.25253,-0.0417208,0.609077,25.51,-0.447801,0.716445,-0.363671,1.05105,-0.151201,-38.3089,-0.603253,-0.565244,4.3277,0.0417208,-0.609077,0.248275,-0,0,-0.161735,-0.0417208,0.609168,-1.10195,-0.669728,0.450122,-6.31456,1.04838,0.333307,1.0923,-0.37865,-0.783428,-0.0450007,0.0417208,-0.609168,-0.064174,3.08818,2.65645,-0.931578,0.1052,0.0785548,0.0162571,0.015,0.1,True,True
1.225,-0,0,-2.67339,-0.0386346,0.624579,22.0228,-0.444166,0.737408,-2.21707,1.05026,-0.167647,-37.2842,-0.606092,-0.569761,4.02812,0.0386346,-0.624579,0.0395966,-0,0,-0.0788602,-0.0386346,0.624579,-0.115332,-0.667452,0.463709,-4.20813,1.05007,0.333729,-0.209345,-0.382614,-0.797438,0.19054,0.0386346,-0.624579,-0.0631972,2.76107,2.59216,-0.947374,0.114177,0.0798133,0.0150626,0.0215476,0.0880952,True,True
1.23,-0,0,-2.16167,-0.035475,0.638304,17.9487,-0.440427,0.757758,-3.86704,1.04938,-0.184856,-35.6311,-0.60895,-0.572901,3.86279,0.035475,-0.638304,-0.292814,-0,0,0.016607,-0.035475,0.638304,0.921987,-0.665091,0.480608,-2.20525,1.05172,0.325358,-1.72564,-0.386625,-0.805966,0.475901,0.035475,-0.638304,-0.101855,2.45199,2.68807,-0.960661,0.122556,0.0810938,0.0138406,0.0280952,0.0761905,True,True
1.235,-0,0,-1.69553,-0.0322516,0.650019,14.006,-0.436589,0.777238,-5.33566,1.04841,-0.202682,-33.7335,-0.611821,-0.574556,3.62725,0.0322516,-0.650019,-0.57336,-0,0,0.0910539,-0.0322516,0.650019,1.63619,-0.662646,0.497169,-0.364754,1.05332,0.315551,-3.4647,-0.390674,-0.81272,0.778222,0.0322516,-0.650019,-0.185108,2.12515,2.70695,-0.971172,0.130226,0.0823937,0.0125948,0.0346429,0.0642857,True,True
1.24,-0,0,-1.27325,-0.0289748,0.65962,10.4357,-0.432655,0.795811,-6.58367,1.04735,-0.221017,-31.6892,-0.614696,-0.574794,3.3278,0.0289748,-0.65962,-0.781792,-0,0,0.135184,-0.0289748,0.65962,1.92474,-0.660119,0.513331,1.25351,1.05487,0.304437,-5.39834,-0.394752,-0.817768,1.07363,0.0289748,-0.65962,-0.307296,1.797,2.64052,-0.978875,0.137063,0.0837109,0.0113294,0.0411905,0.052381,True,True
1.245,-0,0,-0.896302,-0.0256554,0.667069,7.30075,-0.42863,0.813431,-7.57991,1.0462,-0.23974,-29.5064,-0.617569,-0.573691,3.00525,0.0256554,-0.667069,-0.933421,-0,0,0.147529,-0.0256554,0.667069,1.76841,-0.657513,0.529028,2.61846,1.05636,0.292158,-7.50158,-0.398851,-0.821186,1.35606,0.0256554,-0.667069,-0.466935,1.48646,2.52431,-0.983799,0.142988,0.0850429,0.0100484,0.0477381,0.0404762,True,True
1.25,-0,0,-0.564297,-0.0223041,0.672356,4.61712,-0.42452,0.830043,-8.31573,1.04495,-0.258717,-27.1877,-0.620433,-0.571326,2.68214,0.0223041,-0.672356,-1.0389,-0,0,0.129208,-0.0223041,0.672356,1.16624,-0.654829,0.544182,3.72339,1.05779,0.278864,-9.75953,-0.402964,-0.823046,1.62639,0.0223041,-0.672356,-0.664371,1.20273,2.37932,-0.985999,0.147952,0.0863876,0.00875597,0.0542857,0.0285714,True,True
1.255,-0,0,-0.276715,-0.0189318,0.675483,2.38294,-0.42033,0.84558,-8.7915,1.04361,-0.277808,-24.7328,-0.623282,-0.567772,2.36865,0.0189318,-0.675483,-1.10423,-0,0,0.0819429,-0.0189318,0.675483,0.121267,-0.652071,0.55871,4.57083,1.05915,0.264703,-12.1646,-0.407082,-0.823413,1.88849,0.0189318,-0.675483,-0.901222,0.949314,2.2158,-0.985534,0.151917,0.0877428,0.00745636,0.0608333,0.0166667,True,True
1.26,-0,0,-0.0333736,-0.0155493,0.676453,0.592167,-0.416065,0.859963,-9.01003,1.04218,-0.296864,-22.1403,-0.62611,-0.563099,2.06718,0.0155493,-0.676453,-1.13164,-0,0,0.007174,-0.0155493,0.676453,-1.36541,-0.649242,0.57252,5.16513,1.06044,0.249822,-14.7143,-0.411198,-0.822342,2.14644,0.0155493,-0.676453,-1.17949,0.726654,2.03668,-0.98246,0.154852,0.0891064,0.00615369,0.067381,0.0047619,True,True
1.265,-0,0,0.165498,-0.0121673,0.675267,-0.758933,-0.41173,0.873108,-8.9738,1.04064,-0.315734,-19.4098,-0.628913,-0.557374,1.7752,0.0121673,-0.675267,-1.12041,-0,0,-0.0940789,-0.0121673,0.675267,-3.29543,-0.646346,0.585517,5.50889,1.06165,0.234367,-17.4097,-0.415305,-0.819885,2.40165,0.0121673,-0.675267,-1.50013,0.533599,1.83994,-0.976829,0.156725,0.0904762,0.00485207,0.0739286,-0.00714286,True,True
1.27,-0,0,0.319422,-0.00879663,0.671919,-1.67,-0.407334,0.884928,-8.68481,1.03902,-0.334261,-16.5452,-0.631684,-0.550667,1.48734,0.00879663,-0.671919,-1.06779,-0,0,-0.220675,-0.00879663,0.671919,-5.67001,-0.643387,0.597606,5.60166,1.06278,0.218488,-20.2528,-0.419397,-0.816094,2.64907,0.00879663,-0.671919,-1.86058,0.368301,1.62042,-0.968689,0.157495,0.09185,0.00355563,0.0804762,-0.0190476,True,True
1.275,-0,0,0.427976,-0.00544812,0.666396,-2.13848,-0.402881,0.895352,-8.14663,1.0373,-0.352295,-13.5588,-0.63442,-0.543057,1.19746,0.00544812,-0.666396,-0.970249,-0,0,-0.369879,-0.00544812,0.666396,-8.48227,-0.64037,0.608701,5.44029,1.06384,0.202332,-23.2448,-0.423466,-0.811033,2.87117,0.00544812,-0.666396,-2.2508,0.228867,1.37198,-0.958087,0.157112,0.0932257,0.00226851,0.0870238,-0.0309524,True,True
1.28,-0,0,0.491169,-0.00213267,0.658684,-2.16582,-0.39838,0.90434,-7.36919,1.03549,-0.369699,-10.4793,-0.637115,-0.534641,0.901513,0.00213267,-0.658684,-0.825675,-0,0,-0.534404,-0.00213267,0.658684,-11.7029,-0.6373,0.61874,5.02111,1.06481,0.186055,-26.3816,-0.427507,-0.804796,3.02844,0.00213267,-0.658684,-2.64646,0.113999,1.09069,-0.945084,0.155508,0.0946013,0.000994865,0.0935714,-0.0428571,True,True
1.285,-0,0,0.509855,0.00113872,0.648771,-1.77006,-0.393838,0.911917,-6.37767,1.0336,-0.386363,-7.36341,-0.639766,-0.525554,0.601922,-0.00113872,-0.648771,-0.637006,-0,0,-0.697108,0.00113872,0.648771,-15.2548,-0.634182,0.627708,4.3449,1.0657,0.16982,-29.6476,-0.431514,-0.797528,3.0444,-0.00113872,-0.648771,-2.99818,0.0237485,0.779916,-0.929769,0.152592,0.0959746,-0.000261131,0.100119,-0.0547619,True,True
1.29,-0,0,0.486346,0.00435504,0.636664,-1.00782,-0.389261,0.918224,-5.22806,1.03163,-0.402234,-4.31584,-0.64237,-0.51599,0.313414,-0.00435504,-0.636664,-0.417644,-0,0,-0.822677,0.00435504,0.636664,-18.9718,-0.631023,0.635671,3.42623,1.0665,0.1538,-33.0039,-0.435482,-0.789471,2.78381,-0.00435504,-0.636664,-3.21515,-0.0398579,0.457489,-0.912288,0.14824,0.097344,-0.00149529,0.106667,-0.0666667,True,True
1.295,-0,0,0.426116,0.00750536,0.622403,-0.00815391,-0.384655,0.923604,-4.03348,1.02958,-0.417359,-1.52055,-0.644926,-0.506245,0.0680588,-0.00750536,-0.622403,-0.197667,-0,0,-0.847412,0.00750536,0.622403,-22.5375,-0.627826,0.642842,2.31272,1.06723,0.138186,-36.364,-0.439409,-0.781028,2.03181,-0.00750536,-0.622403,-3.14705,-0.0732493,0.162846,-0.892891,0.142284,0.0987081,-0.00270346,0.113214,-0.0785714,True,True
1.3,-0,0,0.341657,0.0105791,0.606107,1.0387,-0.380025,0.928662,-3.38835,1.02746,-0.431882,0.875394,-0.647433,-0.49678,-0.0860885,-0.0105791,-0.606107,-0.0283282,-0,0,-0.547668,0.0105791,0.606107,-25.7509,-0.624594,0.649657,1.64488,1.06789,0.123183,-39.2554,-0.443293,-0.77284,0.994807,-0.0105791,-0.606107,-2.85626,-0.0750739,-0.0411053,-0.87201,0.13449,0.100066,-0.00388163,0.119762,-0.0904762,True,True
1.305,-0,0,0.184177,0.0135664,0.588086,2.19026,-0.375369,0.922525,-4.67974,1.02526,-0.43138,3.2266,-0.649894,-0.491145,-0.193462,-0.0135664,-0.588086,0.0940745,-0,0,0.63385,0.0135664,0.588028,-29.5636,-0.621329,0.655924,3.15011,1.06847,0.108816,-40.8541,-0.447137,-0.76474,0.838392,-0.0135664,-0.588028,-3.40753,-0.0732983,-0.186115,-0.852508,0.12247,0.10142,-0.00502609,0.125,-0.1,False,True
1.31,-0,0,0.139405,0.0164599,0.568969,2.33191,-0.3708,0.870483,-9.43668,1.02314,-0.371973,3.35895,-0.652344,-0.498511,-0.314642,-0.0164599,-0.568969,0.0979614,-0,0,2.66453,0.0164594,0.56857,-30.6912,-0.618035,0.659702,8.50659,1.06897,0.0947643,-37.812,-0.45094,-0.754466,3.46801,-0.0164594,-0.56857,-2.65139,-0.152248,-0.270518,-0.84161,0.0998742,0.10277,-0.00613381,0.125,-0.1,False,True
1.315,-0,0,0.0569849,0.0192561,0.54942,2.46825,-0.366664,0.750984,-14.9065,1.02154,-0.227172,3.44755,-0.654879,-0.523812,-0.447538,-0.0192561,-0.54942,0.0990669,-0,0,5.08443,0.0192521,0.548141,-32.0541,-0.614732,0.659829,14.5933,1.06941,0.0809362,-34.4785,-0.454682,-0.740765,6.05613,-0.0192521,-0.548141,-2.5564,-0.240656,-0.361547,-0.843411,0.0635456,0.104124,-0.00720266,0.125,-0.1,False,True
1.32,-0,0,-0.0503901,0.0219541,0.529858,2.59391,-0.36329,0.57125,-19.7841,1.02087,-0.00729604,3.44389,-0.657582,-0.563954,-0.557295,-0.0219541,-0.529858,0.0984575,-0,0,7.40133,0.0219408,0.527033,-33.2256,-0.611437,0.657038,19.859,1.06978,0.0676176,-31.8329,-0.458348,-0.724656,7.64173,-0.0219408,-0.527033,-2.58557,-0.31448,-0.436253,-0.855906,0.01615,0.105485,-0.00823119,0.125,-0.1,False,True
1.325,-0,0,-0.171738,0.0245547,0.510541,2.70718,-0.360951,0.341571,-23.9372,1.02147,0.272923,3.35392,-0.660518,-0.614495,-0.639326,-0.0245547,-0.510541,0.0968051,-0,0,9.48909,0.0245225,0.505451,-34.1779,-0.608162,0.652067,24.2273,1.07009,0.055026,-29.7911,-0.461928,-0.707093,8.51219,-0.0245225,-0.505451,-2.63381,-0.37029,-0.49183,-0.875996,-0.0387661,0.106861,-0.00921838,0.125,-0.1,False,True
1.33,-0,0,-0.298594,0.0270595,0.491625,2.8066,-0.359874,0.0716403,-27.3874,1.0236,0.599047,3.18855,-0.663727,-0.670687,-0.693265,-0.0270595,-0.491625,0.0945656,-0,0,11.2958,0.0269953,0.48355,-34.9371,-0.604916,0.645451,27.7828,1.07033,0.0432886,-28.2063,-0.465419,-0.68874,8.97076,-0.0269953,-0.48355,-2.67839,-0.407613,-0.528192,-0.900298,-0.0975025,0.108258,-0.0101636,0.125,-0.1,False,True
1.335,-0,0,-0.424184,0.029471,0.473188,2.89074,-0.360235,-0.22937,-30.1616,1.02746,0.956974,2.9576,-0.667225,-0.727604,-0.719318,-0.029471,-0.473188,0.0920829,-0,0,12.7948,0.029358,0.461451,-35.529,-0.601707,0.637611,30.5873,1.07052,0.0324739,-26.995,-0.468816,-0.670085,9.19383,-0.029358,-0.461451,-2.71103,-0.42641,-0.545567,-0.925261,-0.156286,0.109681,-0.0110664,0.125,-0.1,False,True
1.34,-0,0,-0.543165,0.0317914,0.455249,2.95839,-0.362168,-0.552813,-32.2932,1.03317,1.33312,2.67027,-0.671003,-0.780302,-0.718343,-0.0317914,-0.455249,0.0896175,-0,0,13.9773,0.0316098,0.439247,-35.9771,-0.59854,0.628896,32.6936,1.07066,0.0226114,-26.1081,-0.472119,-0.651508,9.28057,-0.0316098,-0.439247,-2.73032,-0.427118,-0.544575,-0.94731,-0.211382,0.111135,-0.0119266,0.125,-0.1,False,True
1.345,-0,0,-0.651441,0.0340234,0.437783,3.00865,-0.365763,-0.890633,-33.8235,1.04079,1.71463,2.33545,-0.675028,-0.823999,-0.691874,-0.0340234,-0.437783,0.087365,-0,0,14.8479,0.0337504,0.417011,-36.3015,-0.595418,0.619615,34.1526,1.07075,0.0137029,-25.5122,-0.475331,-0.633318,9.28619,-0.0337504,-0.417011,-2.73774,-0.410643,-0.526251,-0.962986,-0.259216,0.112623,-0.0127442,0.125,-0.1,False,True
1.35,-0,0,-0.746046,0.0361693,0.420732,3.04098,-0.371074,-1.23546,-34.8002,1.05032,2.0897,1.96184,-0.679243,-0.854245,-0.642075,-0.0361693,-0.420732,0.0854683,-0,0,15.4206,0.0357799,0.394802,-36.5183,-0.592344,0.610046,35.0182,1.0708,0.00572944,-25.1792,-0.478453,-0.615775,9.24163,-0.0357799,-0.394802,-2.73556,-0.378337,-0.492037,-0.969085,-0.2965,0.114149,-0.0135193,0.125,-0.1,False,True
1.355,-0,0,-0.825028,0.0382308,0.404013,3.05524,-0.378118,-1.58067,-35.2761,1.06169,2.44775,1.55796,-0.683571,-0.867075,-0.571642,-0.0382308,-0.404013,0.0840266,-0,0,15.7163,0.0376985,0.37267,-36.6399,-0.589318,0.600442,35.3469,1.07081,-0.00134414,-25.0812,-0.481489,-0.599098,9.16465,-0.0376985,-0.37267,-2.72587,-0.331923,-0.443721,-0.962773,-0.320342,0.115715,-0.0142521,0.125,-0.1,False,True
1.36,-0,0,-0.887307,0.0402094,0.387529,3.05167,-0.386881,-1.92049,-35.3064,1.07479,2.77962,1.13201,-0.687914,-0.859132,-0.48366,-0.0402094,-0.387529,0.0831018,-0,0,15.76,0.0395066,0.350654,-36.6751,-0.586339,0.591035,35.1972,1.07078,-0.00756608,-25.1894,-0.484444,-0.583469,9.06576,-0.0395066,-0.350654,-2.71022,-0.273403,-0.383355,-0.941678,-0.328328,0.117322,-0.0149429,0.125,-0.1,False,True
1.365,-0,0,-0.932526,0.0421061,0.371173,3.03088,-0.397323,-2.24995,-34.9462,1.08948,3.0777,0.691759,-0.692162,-0.827747,-0.381451,-0.0421061,-0.371173,0.0827243,-0,0,15.5789,0.041205,0.328791,-36.6297,-0.583407,0.582031,34.6271,1.07073,-0.0129949,-25.4739,-0.487323,-0.569037,8.9512,-0.041205,-0.328791,-2.68963,-0.204963,-0.313162,-0.903941,-0.318576,0.118971,-0.0155921,0.125,-0.1,False,True
1.37,-0,0,-0.960869,0.0439211,0.354836,2.99383,-0.40938,-2.56488,-34.2478,1.10557,3.33587,0.244457,-0.696192,-0.770986,-0.26842,-0.0439211,-0.354836,0.0828965,-0,0,15.2009,0.0427945,0.307114,-36.5072,-0.580519,0.573616,33.6923,1.07065,-0.0176971,-25.9056,-0.490134,-0.555919,8.82433,-0.0427945,-0.307114,-2.6647,-0.128871,-0.235436,-0.848244,-0.289757,0.120662,-0.0162001,0.125,-0.1,False,True
1.375,-0,0,-0.972897,0.0456544,0.338411,2.94183,-0.422972,-2.86187,-33.2585,1.12284,3.54952,-0.203275,-0.699872,-0.687652,-0.147928,-0.0456544,-0.338411,0.083597,-0,0,14.6523,0.0442761,0.285658,-36.3094,-0.577671,0.565951,32.4434,1.07055,-0.0217456,-26.4569,-0.492882,-0.544206,8.68633,-0.0442761,-0.285658,-2.6358,-0.0473947,-0.152468,-0.773791,-0.241093,0.122395,-0.0167675,0.125,-0.1,False,True
1.38,-0,0,-0.969383,0.0473052,0.321795,2.87646,-0.437999,-3.13814,-32.0196,1.14107,3.71541,-0.645445,-0.703068,-0.577265,-0.023197,-0.0473052,-0.321795,0.0847831,-0,0,13.9578,0.0456511,0.264456,-36.0371,-0.574859,0.559179,30.9252,1.07044,-0.0252178,-27.103,-0.495576,-0.533961,8.53668,-0.0456511,-0.264456,-2.60315,0.0372593,-0.0664747,-0.680286,-0.172322,0.124169,-0.017295,0.125,-0.1,False,True
1.385,-0,0,-0.951181,0.0488724,0.3049,2.79958,-0.454353,-3.39147,-30.5655,1.16,3.83149,-1.07665,-0.705644,-0.440023,0.102751,-0.0488724,-0.3049,0.0863933,-0,0,13.1395,0.0469207,0.243546,-35.6902,-0.572079,0.553421,29.1761,1.0703,-0.0281945,-27.8224,-0.498222,-0.525227,8.37362,-0.0469207,-0.243546,-2.56694,0.122991,0.0204379,-0.567883,-0.0836597,0.125982,-0.017783,0.125,-0.1,False,True
1.39,-0,0,-0.919123,0.0503542,0.287648,2.71323,-0.471914,-3.62004,-28.9243,1.17938,3.89679,-1.49201,-0.707468,-0.276744,0.227131,-0.0503542,-0.287648,0.08835,-0,0,12.2166,0.0480865,0.222965,-35.2683,-0.569325,0.548783,27.2281,1.07015,-0.0307587,-28.5966,-0.500828,-0.518024,8.19471,-0.0480865,-0.222965,-2.5273,0.20783,0.106304,-0.43713,0.0242509,0.127833,-0.0182325,0.125,-0.1,False,True
1.395,-0,0,-0.87396,0.0517489,0.26998,2.61959,-0.490553,-3.82239,-27.1177,1.19897,3.91121,-1.887,-0.708412,-0.0888122,0.347404,-0.0517489,-0.26998,0.0905618,-0,0,11.2058,0.0491503,0.202758,-34.771,-0.566592,0.545351,25.1075,1.06999,-0.0329948,-29.4103,-0.503402,-0.512356,7.99735,-0.0491503,-0.202758,-2.4843,0.289953,0.189311,-0.288923,0.15039,0.129719,-0.0186442,0.125,-0.1,False,True
1.4,-0,0,-0.816333,0.053054,0.251856,2.52093,-0.510138,-3.99729,-25.1629,1.21849,3.87541,-2.25738,-0.708356,0.121882,0.461276,-0.053054,-0.251856,0.0929256,-0,0,10.1216,0.0501141,0.182969,-34.1982,-0.563872,0.543195,22.8365,1.06982,-0.0349879,-30.2505,-0.505952,-0.508208,7.7791,-0.0501141,-0.182969,-2.438,0.367686,0.267804,-0.12445,0.293409,0.13164,-0.019019,0.125,-0.1,False,True
1.405,-0,0,-0.746782,0.0542674,0.233255,2.41951,-0.530526,-4.14367,-23.0734,1.23772,3.79067,-2.59904,-0.707193,0.353,0.566696,-0.0542674,-0.233255,0.0953301,-0,0,8.97659,0.05098,0.163649,-33.5502,-0.56116,0.542371,20.4337,1.06964,-0.0368227,-31.1062,-0.508484,-0.505548,7.53806,-0.05098,-0.163649,-2.38842,0.439515,0.340298,0.0548423,0.451673,0.133591,-0.0193579,0.125,-0.1,False,True
1.41,-0,0,-0.665785,0.0553866,0.214182,2.31752,-0.551574,-4.26058,-20.8606,1.2564,3.65877,-2.90788,-0.704826,0.601809,0.661852,-0.0553866,-0.214182,0.0976588,-0,0,7.78247,0.0517506,0.14485,-32.828,-0.558448,0.542915,17.9162,1.06946,-0.0385832,-31.9677,-0.511007,-0.504332,7.2732,-0.0517506,-0.14485,-2.3356,0.504093,0.405479,0.24729,0.623299,0.135571,-0.0196617,0.125,-0.1,False,True
1.415,-0,0,-0.573811,0.0564092,0.194664,2.217,-0.573132,-4.34718,-18.5351,1.27431,3.48194,-3.17972,-0.701175,0.865241,0.745174,-0.0564092,-0.194664,0.0997943,-0,0,6.55024,0.0524285,0.126624,-32.034,-0.55573,0.544846,15.3006,1.06926,-0.0403514,-32.8263,-0.513528,-0.504495,6.98458,-0.0524285,-0.126624,-2.27962,0.560256,0.46222,0.451029,0.80619,0.137578,-0.0199317,0.125,-0.1,False,True
1.42,-0,0,-0.471394,0.0573332,0.174751,2.11981,-0.595046,-4.40271,-16.1083,1.29122,3.26276,-3.41029,-0.696174,1.13995,0.81535,-0.0573332,-0.174751,0.101623,-0,0,5.2908,0.0530168,0.109027,-31.1719,-0.553,0.548167,12.604,1.06905,-0.0422067,-33.6739,-0.516052,-0.50596,6.67349,-0.0530168,-0.109027,-2.22062,0.607039,0.509597,0.664023,0.998063,0.139607,-0.0201689,0.125,-0.1,False,True
1.425,-0,0,-0.359212,0.0581567,0.154513,2.02755,-0.617159,-4.42652,-13.593,1.30693,3.00416,-3.59514,-0.689776,1.42236,0.871341,-0.0581567,-0.154513,0.10304,-0,0,4.01533,0.0535188,0.0921108,-30.2473,-0.550249,0.552858,9.8451,1.06884,-0.0442246,-34.5032,-0.518587,-0.508633,6.34253,-0.0535188,-0.0921108,-2.1589,0.643698,0.546906,0.884077,1.19648,0.141656,-0.0203746,0.125,-0.1,False,True
1.43,-0,0,-0.23815,0.0588784,0.134043,1.94156,-0.639311,-4.41813,-11.0047,1.32126,2.70936,-3.72971,-0.68195,1.70877,0.912404,-0.0588784,-0.134043,0.103954,-0,0,2.7355,0.053938,0.0759259,-29.2681,-0.547471,0.558881,7.04478,1.06861,-0.0464753,-35.3071,-0.521139,-0.512406,5.99547,-0.053938,-0.0759259,-2.09493,0.66973,0.573683,1.10886,1.3989,0.143722,-0.0205499,0.125,-0.1,False,True
1.435,-0,0,-0.109361,0.0594972,0.113447,1.86289,-0.66134,-4.37722,-8.36225,1.33403,2.38184,-3.80943,-0.672688,1.99538,0.938118,-0.0594972,-0.113447,0.104294,-0,0,1.46353,0.0542781,0.0605166,-28.2446,-0.54466,0.56618,4.22615,1.06837,-0.049023,-36.0797,-0.523711,-0.517157,5.63712,-0.0542781,-0.0605166,-2.0294,0.684891,0.589719,1.33591,1.60267,0.145801,-0.0206963,0.125,-0.1,False,True
1.44,-0,0,0.0257048,0.0600128,0.0928457,1.7923,-0.683084,-4.30374,-5.68797,1.34508,2.02533,-3.82976,-0.661996,2.27841,0.948397,-0.0600128,-0.0928457,0.10401,-0,0,0.212116,0.0545431,0.045919,-27.1896,-0.541809,0.574677,1.41458,1.06812,-0.0519243,-36.8161,-0.52631,-0.522753,5.27305,-0.0545431,-0.045919,-1.96324,0.689204,0.595065,1.5627,1.80511,0.147891,-0.0208149,0.125,-0.1,False,True
1.445,-0,0,0.165299,0.0604256,0.0723646,1.73032,-0.704378,-4.19792,-3.00767,1.35428,1.6438,-3.78642,-0.649904,2.55413,0.943499,-0.0604256,-0.0723646,0.103082,-0,0,-1.00583,0.0547373,0.0321589,-26.1186,-0.538913,0.584284,-1.36271,1.06785,-0.0552273,-37.5127,-0.528939,-0.529056,4.90928,-0.0547373,-0.0321589,-1.89754,0.682959,0.590029,1.78664,2.00355,0.149988,-0.0209073,0.125,-0.1,False,True
1.45,-0,0,0.307406,0.0607365,0.052132,1.67725,-0.725063,-4.06039,-0.350333,1.36152,1.24138,-3.67553,-0.636455,2.819,0.924018,-0.0607365,-0.052132,0.101513,-0,0,-2.17751,0.0548647,0.0192489,-25.0495,-0.535966,0.594894,-4.07734,1.06757,-0.0589708,-38.1678,-0.531601,-0.535924,4.55194,-0.0548647,-0.0192489,-1.83351,0.666696,0.575161,2.00514,2.19538,0.15209,-0.0209747,0.125,-0.1,False,True
1.455,-0,0,0.449808,0.0609469,0.032272,1.63323,-0.744982,-3.89214,2.25252,1.3667,0.822414,-3.49388,-0.621714,3.06973,0.89086,-0.0609469,-0.032272,0.0993398,-0,0,-3.29065,0.0549297,0.00718591,-24.0022,-0.532964,0.606399,-6.70058,1.06726,-0.0631841,-38.7814,-0.534298,-0.543215,4.20694,-0.0549297,-0.00718591,-1.77238,0.641181,0.551225,2.21566,2.37808,0.154192,-0.0210185,0.125,-0.1,False,True
1.46,-0,0,0.590174,0.0610592,0.0128991,1.59829,-0.763984,-3.69464,4.76776,1.36974,0.391328,-3.2391,-0.605758,3.30331,0.8452,-0.0610592,-0.0128991,0.0966219,-0,0,-4.33394,0.0549366,-0.00404993,-22.9977,-0.529902,0.618684,-9.20432,1.06694,-0.0678868,-39.3554,-0.537033,-0.550797,3.87969,-0.0549366,0.00404993,-1.71528,0.60736,0.519156,2.41574,2.54931,0.156291,-0.02104,0.125,-0.1,False,True
1.465,-0,0,0.726166,0.0610759,-0.00588685,1.5724,-0.781928,-3.46979,7.16171,1.37061,-0.0473406,-2.90993,-0.588681,3.51713,0.788423,-0.0610759,0.00588685,0.093443,-0,0,-5.29744,0.0548892,-0.014497,-22.0579,-0.526777,0.631641,-11.5619,1.06658,-0.0730897,-39.8936,-0.539806,-0.558552,3.57491,-0.0548892,0.014497,-1.66317,0.566317,0.480009,2.60311,2.70693,0.158386,-0.0210404,0.125,-0.1,False,True
1.47,-0,0,0.85555,0.0610003,-0.0240042,1.55545,-0.798682,-3.21993,9.40129,1.36927,-0.489018,-2.5064,-0.570587,3.70895,0.722057,-0.0610003,0.0240042,0.0899041,-0,0,-6.17284,0.0547916,-0.0242123,-21.2042,-0.523586,0.64517,-13.7492,1.0662,-0.0787957,-40.4008,-0.542618,-0.566375,3.29659,-0.0547916,0.0242123,-1.61677,0.519207,0.43491,2.77569,2.84904,0.160472,-0.0210208,0.125,-0.1,False,True
1.475,-0,0,0.976293,0.0608359,-0.0413928,1.54737,-0.814127,-2.94787,11.4552,1.36572,-0.929129,-2.02998,-0.551591,3.877,0.647694,-0.0608359,0.0413928,0.086118,-0,0,-6.95365,0.0546471,-0.033271,-20.4568,-0.520326,0.659188,-15.7448,1.0658,-0.0850018,-40.883,-0.54547,-0.574186,3.04792,-0.0546471,0.033271,-1.57657,0.467208,0.384991,2.93166,2.97404,0.162548,-0.0209824,0.125,-0.1,False,True
1.48,-0,0,1.08665,0.0605864,-0.0580157,1.54806,-0.828161,-2.65677,13.2948,1.35998,-1.36314,-1.48367,-0.531817,4.01991,0.566908,-0.0605864,0.0580157,0.0822023,-0,0,-7.63523,0.0544589,-0.0417653,-19.8338,-0.516994,0.67363,-17.531,1.06535,-0.0917009,-41.3464,-0.54836,-0.581929,2.83148,-0.0544589,0.0417653,-1.54282,0.411458,0.33134,3.06948,3.08061,0.164612,-0.020926,0.125,-0.1,False,True
1.485,-0,0,1.18522,0.0602557,-0.073859,1.55739,-0.840695,-2.35013,14.8951,1.35209,-1.78661,-0.872059,-0.511392,4.13674,0.481187,-0.0602557,0.073859,0.0782735,-0,0,-8.21461,0.0542295,-0.0498022,-19.3509,-0.513589,0.688454,-19.0934,1.06488,-0.098884,-41.7965,-0.551289,-0.58957,2.64926,-0.0542295,0.0498022,-1.51565,0.353005,0.274953,3.18791,3.16773,0.16666,-0.0208524,0.125,-0.1,False,True
1.49,-0,0,1.27097,0.0598478,-0.0889315,1.57526,-0.851662,-2.03174,16.2353,1.34211,-2.1952,-0.201254,-0.490449,4.22693,0.391863,-0.0598478,0.0889315,0.0744413,-0,0,-8.69027,0.0539609,-0.0575007,-19.02,-0.51011,0.703642,-20.4212,1.06437,-0.106543,-42.2383,-0.554256,-0.5971,2.50279,-0.0539609,0.0575007,-1.49509,0.292772,0.216699,3.28602,3.23464,0.168692,-0.020762,0.125,-0.1,False,True
1.495,-0,0,1.34322,0.0593664,-0.103263,1.6015,-0.861013,-1.70554,17.2991,1.33014,-2.58471,0.521227,-0.469123,4.29025,0.300069,-0.0593664,0.103263,0.0708043,-0,0,-9.06173,0.0536545,-0.0649889,-18.8497,-0.506553,0.719203,-21.5069,1.06381,-0.114671,-42.6752,-0.55726,-0.604532,2.39316,-0.0536545,0.0649889,-1.48117,0.231521,0.157287,3.36316,3.28089,0.170705,-0.0206553,0.125,-0.1,False,True
1.5,-0,0,1.40165,0.0588152,-0.116901,1.6359,-0.868717,-1.37562,18.0748,1.31626,-2.95111,1.28663,-0.447547,4.32673,0.206703,-0.0588152,0.116901,0.0674476,-0,0,-9.32912,0.053311,-0.0724004,-18.8445,-0.502918,0.735164,-22.3459,1.06322,-0.123267,-43.1088,-0.560301,-0.611897,2.32097,-0.053311,0.0724004,-1.47395,0.169843,0.0972575,3.41893,3.3062,0.1727,-0.0205324,0.125,-0.1,False,True
1.505,-0,0,1.44621,0.0581974,-0.129908,1.67819,-0.874769,-1.04609,18.5549,1.30062,-3.29054,2.0852,-0.425855,4.33663,0.112418,-0.0581974,0.129908,0.0644407,-0,0,-9.49281,0.0529305,-0.079871,-19.0052,-0.499201,0.751575,-22.9359,1.06258,-0.132337,-43.5391,-0.563379,-0.619238,2.28628,-0.0529305,0.079871,-1.4735,0.108151,0.0369796,3.45316,3.31052,0.174675,-0.0203932,0.125,-0.1,False,True
1.51,-0,0,1.47711,0.0575161,-0.14236,1.72799,-0.879178,-0.721031,18.7362,1.28336,-3.59929,2.90645,-0.40418,4.32033,0.0176228,-0.0575161,0.14236,0.061838,-0,0,-9.55302,0.0525123,-0.0875356,-19.3289,-0.495402,0.768499,-23.2766,1.0619,-0.141891,-43.964,-0.566494,-0.626608,2.28857,-0.0525123,0.0875356,-1.47996,0.0466907,-0.0233413,3.46587,3.29391,0.176631,-0.0202375,0.125,-0.1,False,True
1.515,-0,0,1.49472,0.0567738,-0.154341,1.78484,-0.881979,-0.404443,18.6191,1.26463,-3.87385,3.73941,-0.382652,4.2783,-0.0774917,-0.0567738,0.154341,0.0596791,-0,0,-9.50959,0.0520551,-0.0955248,-19.8092,-0.491516,0.786012,-23.3689,1.06116,-0.15195,-44.3795,-0.569645,-0.634062,2.3268,-0.0520551,0.0955248,-1.49348,-0.0144436,-0.0836433,3.45717,3.25653,0.178566,-0.0200647,0.125,-0.1,False,True
1.52,-0,0,1.49958,0.0559727,-0.165942,1.84815,-0.883223,-0.100174,18.2071,1.24462,-4.11086,4.57295,-0.361397,4.21103,-0.172918,-0.0559727,0.165942,0.0579902,-0,0,-9.36192,0.051557,-0.103963,-20.4369,-0.487542,0.804194,-23.2152,1.06038,-0.162541,-44.78,-0.572834,-0.641653,2.39956,-0.051557,0.103963,-1.51426,-0.0752795,-0.14398,3.42731,3.19861,0.180483,-0.0198742,0.125,-0.1,False,True
1.525,-0,0,1.4923,0.0551144,-0.177257,1.91721,-0.882981,0.188111,17.507,1.22352,-4.30712,5.396,-0.340542,4.11901,-0.268782,-0.0551144,0.177257,0.0567855,-0,0,-9.10907,0.0510155,-0.112965,-21.1999,-0.483474,0.823129,-22.8187,1.05954,-0.1737,-45.158,-0.576062,-0.649429,2.50538,-0.0510155,0.112965,-1.54259,-0.135932,-0.204485,3.37654,3.12038,0.182381,-0.019665,0.125,-0.1,False,True
1.53,-0,0,1.47359,0.0542001,-0.188384,1.99118,-0.881342,0.456971,16.5278,1.20155,-4.45963,6.19779,-0.320207,4.00266,-0.365277,-0.0542001,0.188384,0.0560692,-0,0,-8.74996,0.0504274,-0.122636,-22.0841,-0.47931,0.842894,-22.1835,1.05864,-0.185469,-45.5045,-0.579329,-0.657425,2.64312,-0.0504274,0.122636,-1.57888,-0.196563,-0.265331,3.30516,3.02206,0.184262,-0.019436,0.125,-0.1,False,True
1.535,-0,0,1.4442,0.0532306,-0.199417,2.06904,-0.878411,0.703221,15.2817,1.17893,-4.56556,6.96801,-0.300515,3.86234,-0.4626,-0.0532306,0.199417,0.0558363,-0,0,-8.28388,0.0497891,-0.133066,-23.0729,-0.475045,0.863559,-21.3149,1.05768,-0.197897,-45.8093,-0.582636,-0.665662,2.81234,-0.0497891,0.133066,-1.62366,-0.257336,-0.326685,3.21345,2.90387,0.186128,-0.0191861,0.125,-0.1,False,True
1.54,-0,0,1.40497,0.0522059,-0.210453,2.14967,-0.874309,0.923962,13.7836,1.15589,-4.62233,7.69691,-0.281584,3.69837,-0.560867,-0.0522059,0.210453,0.0560744,-0,0,-7.71099,0.0490967,-0.144335,-24.1484,-0.470675,0.885182,-20.2201,1.05666,-0.211037,-46.0608,-0.585985,-0.674145,3.01366,-0.0490967,0.144335,-1.67763,-0.318363,-0.388657,3.10171,2.76599,0.187981,-0.0189138,0.125,-0.1,False,True
1.545,-0,0,1.35685,0.051126,-0.221581,2.23174,-0.869171,1.11662,12.0524,1.1327,-4.62763,8.37535,-0.263531,3.51101,-0.660028,-0.051126,0.221581,0.0567641,-0,0,-7.03301,0.0483458,-0.156504,-25.2908,-0.466194,0.907804,-18.9087,1.05557,-0.224946,-46.2472,-0.589377,-0.682858,3.24875,-0.0483458,0.156504,-1.74154,-0.379654,-0.451246,2.97022,2.60862,0.189824,-0.0186176,0.125,-0.1,False,True
1.55,-0,0,1.3009,0.0499901,-0.232889,2.31382,-0.863143,1.27899,10.1107,1.10962,-4.57955,8.99475,-0.246474,3.30056,-0.759784,-0.0499901,0.232889,0.0578804,-0,0,-6.25396,0.0475317,-0.169619,-26.4788,-0.461597,0.931447,-17.3943,1.05441,-0.239683,-46.3567,-0.592814,-0.691764,3.52017,-0.0475317,0.169619,-1.81606,-0.441061,-0.514287,2.81933,2.43198,0.191659,-0.0182959,0.125,-0.1,False,True
1.555,-0,0,1.23834,0.0487971,-0.244459,2.3943,-0.856382,1.40929,7.987,1.08691,-4.4767,9.54702,-0.230526,3.06741,-0.859492,-0.0487971,0.244459,0.0593928,-0,0,-5.3808,0.0466496,-0.18371,-27.6893,-0.456879,0.956115,-15.6954,1.05317,-0.255307,-46.3786,-0.596295,-0.700808,3.83072,-0.0466496,0.18371,-1.90161,-0.502223,-0.577395,2.64947,2.23636,0.193489,-0.0179472,0.125,-0.1,False,True
1.56,-0,0,1.17057,0.0475455,-0.256365,2.47146,-0.84905,1.50625,5.71571,1.06485,-4.31836,10.0244,-0.2158,2.81211,-0.958085,-0.0475455,0.256365,0.0612662,-0,0,-4.42417,0.0456946,-0.198787,-28.8979,-0.452036,0.981794,-13.837,1.05186,-0.271878,-46.3045,-0.599822,-0.709916,4.18243,-0.0456946,0.198787,-1.99803,-0.562511,-0.639912,2.46123,2.02225,0.195318,-0.0175696,0.125,-0.1,False,True
1.565,-0,0,1.0992,0.0462335,-0.268674,2.54348,-0.841319,1.56918,3.33856,1.04372,-4.1047,10.4193,-0.202405,2.53552,-1.054,-0.0462335,0.268674,0.0634614,-0,0,-3.39874,0.0446617,-0.214841,-30.0785,-0.447061,1.00845,-11.852,1.05046,-0.289455,-46.1299,-0.603394,-0.718996,4.57523,-0.0446617,0.214841,-2.10432,-0.620987,-0.700866,2.25544,1.79035,0.197151,-0.0171615,0.125,-0.1,False,True
1.57,-0,0,1.02598,0.0448588,-0.281446,2.60844,-0.833359,1.59809,0.904966,1.0238,-3.83699,10.7239,-0.190445,2.2389,-1.14515,-0.0448588,0.281446,0.0659358,-0,0,-2.32352,0.0435462,-0.231845,-31.2034,-0.441951,1.03604,-9.78213,1.04896,-0.308093,-45.8549,-0.607012,-0.727949,5.00553,-0.0435462,0.231845,-2.21832,-0.676377,-0.758943,2.03327,1.5417,0.198989,-0.0167212,0.125,-0.1,False,True
1.575,-0,0,0.952767,0.043419,-0.294731,2.66444,-0.825338,1.59378,-1.52811,1.00535,-3.51787,10.9303,-0.180016,1.92409,-1.22888,-0.043419,0.294731,0.0686433,-0,0,-1.22157,0.0423433,-0.249752,-32.2442,-0.436701,1.06452,-7.67824,1.04737,-0.327851,-45.4856,-0.610674,-0.736669,5.46491,-0.0423433,0.249752,-2.33652,-0.727064,-0.812486,1.79632,1.27781,0.200839,-0.0162471,0.125,-0.1,False,True
1.58,-0,0,0.881456,0.0419115,-0.308571,2.70957,-0.817421,1.55798,-3.89719,0.988624,-3.15157,11.0302,-0.171204,1.59359,-1.30204,-0.0419115,0.308571,0.0715357,-0,0,-0.11947,0.0410486,-0.268498,-33.1714,-0.431306,1.09384,-5.59931,1.04568,-0.348787,-45.0346,-0.614379,-0.745048,5.93933,-0.0410486,0.268498,-2.45397,-0.771118,-0.859516,1.54675,1.0007,0.202703,-0.0157378,0.125,-0.1,False,True
1.585,-0,0,0.813806,0.0403333,-0.322997,2.742,-0.809758,1.4934,-6.13447,0.973838,-2.74411,11.0148,-0.16408,1.2507,-1.36111,-0.0403333,0.322997,0.074562,-0,0,0.953916,0.0396583,-0.287998,-33.9558,-0.425762,1.12395,-3.61048,1.04389,-0.370966,-44.5203,-0.618124,-0.752987,6.40919,-0.0396583,0.287998,-2.56437,-0.806363,-0.897806,1.28734,0.713074,0.204585,-0.0151917,0.125,-0.1,False,True
1.59,-0,0,0.751298,0.0386815,-0.338031,2.76006,-0.802487,1.40378,-8.17119,0.961183,-2.30338,10.8749,-0.158697,0.899608,-1.40232,-0.0386815,0.338031,0.0776691,-0,0,1.96903,0.0381687,-0.308154,-34.5696,-0.420066,1.15485,-1.77942,1.04197,-0.394454,-43.9652,-0.621908,-0.760396,6.85046,-0.0381687,0.308154,-2.66037,-0.830475,-0.924978,1.02155,0.418295,0.20649,-0.0146076,0.125,-0.1,False,True
1.595,-0,0,0.69498,0.036953,-0.353683,2.7623,-0.795721,1.29386,-9.94186,0.950804,-1.83925,10.601,-0.155084,0.545385,-1.42188,-0.036953,0.353683,0.0808002,-0,0,2.89759,0.0365767,-0.32885,-34.9866,-0.414214,1.18653,-0.171563,1.03994,-0.419332,-43.3936,-0.625728,-0.7672,7.23692,-0.0365767,0.32885,-2.73407,-0.841123,-0.93864,0.753539,0.120467,0.208422,-0.0139846,0.125,-0.1,False,True
1.6,-0,0,0.645328,0.0351447,-0.369953,2.74753,-0.789548,1.16935,-11.389,0.942791,-1.36334,10.1838,-0.153243,0.193989,-1.41623,-0.0351447,0.369953,0.0838926,-0,0,3.71469,0.0348802,-0.34996,-35.1844,-0.408201,1.21902,1.15528,1.03778,-0.445686,-42.8283,-0.62958,-0.773338,7.54334,-0.0348802,0.34996,-2.77777,-0.836115,-0.93653,0.48816,-0.175607,0.210382,-0.0133217,0.125,-0.1,False,True
1.605,-0,0,0.602166,0.0332535,-0.386825,2.71493,-0.784027,1.03671,-12.4675,0.937171,-0.888868,9.61369,-0.153144,-0.147844,-1.38226,-0.0332535,0.386825,0.0868739,-0,0,4.40063,0.0330771,-0.371346,-35.1447,-0.402024,1.25237,2.15619,1.03549,-0.473613,-42.2864,-0.633462,-0.77876,7.74909,-0.0330771,0.371346,-2.78483,-0.813537,-0.916651,0.230858,-0.46449,0.212375,-0.0126183,0.125,-0.1,False,True
1.61,-0,0,0.564659,0.0312764,-0.404271,2.66408,-0.779181,0.902967,-13.148,0.933902,-0.430238,8.88166,-0.154721,-0.47273,-1.31746,-0.0312764,0.404271,0.0896552,-0,0,4.94207,0.0311667,-0.392865,-34.854,-0.395677,1.28664,2.80315,1.03305,-0.503216,-41.7766,-0.637368,-0.783423,7.84172,-0.0311667,0.392865,-2.75088,-0.771855,-0.877372,-0.0124358,-0.74022,0.214402,-0.0118741,0.125,-0.1,False,True
1.615,-0,0,0.531381,0.0292108,-0.422241,2.59497,-0.774997,0.775442,-13.4177,0.932868,-0.0026271,7.9787,-0.157871,-0.772815,-1.21997,-0.0292108,0.422241,0.0921195,-0,0,5.33231,0.0291485,-0.414365,-34.3041,-0.389157,1.32188,3.08713,1.03045,-0.5346,-41.2959,-0.641296,-0.787284,7.8201,-0.0291485,0.414365,-2.67554,-0.709965,-0.817459,-0.235449,-0.99644,0.216465,-0.0110891,0.125,-0.1,False,True
1.62,-0,0,0.500434,0.027054,-0.440659,2.50797,-0.771427,0.661503,-13.28,0.933876,0.378444,6.89589,-0.162449,-1.03995,-1.08857,-0.027054,0.440659,0.094106,-0,0,5.57028,0.027023,-0.435688,-33.4924,-0.382458,1.35815,3.01766,1.0277,-0.567863,-40.8285,-0.645241,-0.79029,7.69725,-0.027023,0.435688,-2.56516,-0.627157,-0.73603,-0.431715,-1.22654,0.218567,-0.0102633,0.125,-0.1,False,True
1.625,-0,0,0.469583,0.0248042,-0.45941,2.40375,-0.768382,0.56833,-12.75,0.936653,0.697484,5.62402,-0.168271,-1.26581,-0.922444,-0.0248042,0.45941,0.0953842,-0,0,5.65805,0.0247916,-0.456665,-32.4212,-0.375576,1.39546,2.62002,1.02477,-0.603089,-40.3444,-0.649199,-0.792371,7.50365,-0.0247916,0.456665,-2.43751,-0.523017,-0.632432,-0.594701,-1.42375,0.220707,-0.00939723,0.125,-0.1,False,True
1.63,-0,0,0.436322,0.0224599,-0.478328,2.28301,-0.765743,0.502767,-11.849,0.940851,0.939266,4.15314,-0.175108,-1.44203,-0.720929,-0.0224599,0.478328,0.0956123,-0,0,5.59682,0.0224564,-0.477113,-31.0991,-0.368504,1.43376,1.9309,1.02167,-0.640331,-39.7967,-0.653165,-0.793433,7.29361,-0.0224564,0.477113,-2.33119,-0.397264,-0.506031,-0.717893,-1.58122,0.222887,-0.00849182,0.125,-0.1,False,True
1.635,-0,0,0.397759,0.0200209,-0.497162,2.14764,-0.763355,0.471262,-10.6644,0.946046,1.08888,2.55998,-0.182691,-1.56014,-0.495306,-0.0200209,0.497162,0.0941501,-0,0,5.38556,0.0200205,-0.496809,-29.6405,-0.361238,1.47294,1.05782,1.01837,-0.679597,-39.0932,-0.657133,-0.793347,7.27278,-0.0200205,0.496809,-2.4245,-0.257244,-0.363535,-0.794815,-1.69198,0.225104,-0.00754822,0.125,-0.1,False,True
1.64,-0,0,0.0732441,0.0174883,-0.515495,0.672562,-0.761031,0.475998,-5.84963,0.95174,1.14177,1.27859,-0.190709,-1.61777,-0.070658,-0.0174883,0.515495,0.0921508,-0,0,4.81486,0.0174883,-0.515454,-23.7573,-0.353774,1.51266,-3.34178,1.01487,-0.720775,-39.4836,-0.661098,-0.791886,4.09205,-0.0174883,0.515454,0.132059,0.00725215,-0.0956696,-0.824025,-1.75382,0.22736,-0.00656815,0.125,-0.1,True,True
1.645,-0,0,-0.129758,0.014866,-0.53263,-0.179502,-0.758595,0.502235,-2.86529,0.957463,1.13657,0.549585,-0.198869,-1.63881,0.165677,-0.014866,0.53263,0.100982,-0,0,4.23071,0.014866,-0.53263,-20.425,-0.346112,1.55204,-5.79464,1.01116,-0.763446,-38.7556,-0.665052,-0.788594,3.69142,-0.014866,0.53263,0.268955,0.160243,0.0478863,-0.825226,-1.78528,0.22965,-0.00555398,0.138095,-0.0880952,True,True
1.65,-0,0,-0.343425,0.012162,-0.547952,-1.06418,-0.756008,0.532354,0.47733,0.963105,1.11863,0.00251424,-0.207097,-1.65098,0.377948,-0.012162,0.547952,0.137253,-0,0,3.55246,0.012162,-0.547952,-16.6286,-0.338254,1.59011,-8.50874,1.00724,-0.807072,-37.8037,-0.668984,-0.783039,3.23984,-0.012162,0.547952,0.452977,0.313756,0.161046,-0.821057,-1.80797,0.231973,-0.00450907,0.15119,-0.0761905,True,True
1.655,-0,0,-0.500343,0.00938643,-0.561208,-1.64695,-0.753271,0.562413,3.64682,0.96865,1.09753,-0.816447,-0.215378,-1.65995,0.571335,-0.00938643,0.561208,0.212976,-0,0,2.86349,0.00938643,-0.561208,-12.9017,-0.33021,1.62636,-10.981,1.00309,-0.851278,-36.5245,-0.672882,-0.775086,2.80139,-0.00938643,0.561208,0.647033,0.477764,0.240333,-0.816236,-1.82619,0.234324,-0.00343732,0.164286,-0.0642857,True,True
1.66,-0,0,-0.580315,0.00654992,-0.572307,-1.81557,-0.750384,0.59217,6.41853,0.974081,1.07343,-1.99581,-0.223696,-1.6656,0.741924,-0.00654992,0.572307,0.333008,-0,0,2.20966,0.00654992,-0.572307,-9.48417,-0.32199,1.66052,-13.0181,0.998725,-0.895769,-34.9268,-0.676735,-0.764756,2.39593,-0.00654992,0.572307,0.825944,0.652541,0.280525,-0.810776,-1.83978,0.2367,-0.0023429,0.177381,-0.052381,True,True
1.665,-0,0,-0.579557,0.00366336,-0.581218,-1.53926,-0.747349,0.621408,8.70982,0.979384,1.04656,-3.52943,-0.232034,-1.66797,0.886959,-0.00366336,0.581218,0.499811,-0,0,1.61226,0.00366336,-0.581218,-6.46832,-0.313605,1.6924,-14.5559,0.994135,-0.940273,-33.0336,-0.68053,-0.75213,2.02835,-0.00366336,0.581218,0.977513,0.837735,0.278449,-0.804718,-1.84874,0.239095,-0.00123002,0.190476,-0.0404762,True,True
1.67,-0,0,-0.49906,0.000737738,-0.587934,-0.810194,-0.74417,0.649917,10.4926,0.984546,1.01719,-5.40735,-0.240376,-1.66711,1.00715,-0.000737738,0.587934,0.715236,-0,0,1.0805,0.000737738,-0.587934,-3.88842,-0.305066,1.72185,-15.5748,0.989323,-0.984524,-30.8619,-0.684256,-0.737324,1.69879,-0.000737738,0.587934,1.09582,1.03483,0.233448,-0.798116,-1.85311,0.241505,-0.000102937,0.203571,-0.0285714,True,True
1.675,-0,0,-0.341093,-0.00221598,-0.59246,0.372953,-0.74085,0.677495,11.7614,0.989556,0.985599,-7.62182,-0.248705,-1.66309,1.10448,0.00221598,0.59246,0.981292,-0,0,0.618069,-0.00221598,-0.59246,-1.75359,-0.296387,1.74871,-16.0725,0.98429,-1.02825,-28.4222,-0.687903,-0.720466,1.40498,0.00221598,0.59246,1.17733,1.24618,0.145561,-0.791024,-1.85298,0.243927,0.00103411,0.216667,-0.0166667,True,True
1.68,-0,0,-0.107616,-0.00518686,-0.594797,2.01195,-0.737395,0.703936,12.5171,0.994402,0.952072,-10.169,-0.257007,-1.65601,1.18061,0.00518686,0.594797,1.29979,-0,0,0.226636,-0.00518686,-0.594797,-0.0649514,-0.287579,1.77285,-16.0506,0.97904,-1.07116,-25.7201,-0.691461,-0.701697,1.14336,0.00518686,0.594797,1.21867,1.47384,0.0147317,-0.783498,-1.8484,0.246355,0.00217692,0.229762,-0.0047619,True,True
1.685,-0,0,0.200008,-0.00816396,-0.594946,4.10965,-0.733811,0.729039,12.7597,0.999076,0.916888,-13.0475,-0.265266,-1.64593,1.23514,0.00816396,0.594946,1.67066,-0,0,-0.0925717,-0.00816396,-0.594946,1.17609,-0.278658,1.79411,-15.5102,0.973578,-1.11295,-22.76,-0.69492,-0.681161,0.909567,0.00816396,0.594946,1.21554,1.71752,-0.159346,-0.775595,-1.83946,0.248785,0.00332128,0.242857,0.00714286,True,True
1.69,-0,0,0.580087,-0.0111363,-0.592896,6.6653,-0.730105,0.752603,12.4873,1.00357,0.880326,-16.2544,-0.273466,-1.63293,1.26313,0.0111363,0.592896,2.08847,-0,0,-0.338267,-0.0111363,-0.592896,1.96563,-0.269638,1.81234,-14.4529,0.967911,-1.15332,-19.5509,-0.698272,-0.659016,0.698911,0.0111363,0.592896,1.16267,1.97103,-0.376833,-0.767377,-1.82621,0.251212,0.004463,0.255952,0.0190476,True,True
1.695,-0,0,1.02804,-0.0140929,-0.588634,9.66329,-0.726285,0.774436,11.7005,1.00788,0.842671,-19.7773,-0.281595,-1.61711,1.25112,0.0140929,0.588634,2.53621,-0,0,-0.509351,-0.0140929,-0.588634,2.30023,-0.260535,1.82739,-12.8886,0.962045,-1.19196,-16.1154,-0.70151,-0.63543,0.507065,0.0140929,0.588634,1.05492,2.21625,-0.636727,-0.758923,-1.80872,0.253634,0.00559787,0.269048,0.0309524,True,True
1.7,-0,0,1.5313,-0.0170226,-0.582145,13.0525,-0.72236,0.794374,10.4139,1.012,0.804227,-23.5815,-0.289637,-1.5986,1.17083,0.0170226,0.582145,2.9748,-0,0,-0.605732,-0.0170226,-0.582145,2.18601,-0.251364,1.83916,-10.8506,0.955991,-1.22856,-12.505,-0.704627,-0.610596,0.331414,0.0170226,0.582145,0.8902,2.41319,-0.934922,-0.750346,-1.7871,0.256044,0.00672165,0.282143,0.0428571,True,True
1.705,-0,0,2.06029,-0.0199144,-0.573419,16.7114,-0.718341,0.812304,8.67752,1.01592,0.76533,-27.5867,-0.297581,-1.57763,0.969624,0.0199144,0.573419,3.32663,-0,0,-0.629785,-0.0199144,-0.573419,1.65645,-0.242143,1.84766,-8.42305,0.949759,-1.26292,-8.8234,-0.707616,-0.584744,0.173134,0.0199144,0.573419,0.674597,2.48458,-1.26081,-0.741819,-1.76153,0.258439,0.0078301,0.295238,0.0547619,True,True
1.71,-0,0,2.55489,-0.0227568,-0.562469,20.3914,-0.714237,0.828211,6.6126,1.01965,0.726372,-31.6315,-0.305414,-1.55458,0.557438,0.0227568,0.562469,3.45131,-0,0,-0.589118,-0.0227568,-0.562469,0.801962,-0.232888,1.8531,-5.78666,0.943362,-1.29494,-5.26558,-0.710474,-0.558155,0.0392334,0.0227568,0.562469,0.429401,2.2938,-1.59177,-0.73362,-1.73232,0.260816,0.00891896,0.308333,0.0666667,True,True
1.715,-0,0,2.90906,-0.025539,-0.549349,23.6416,-0.710059,0.842252,4.46629,1.02319,0.687837,-35.4163,-0.313127,-1.53009,-0.202564,0.025539,0.549349,3.12201,-0,0,-0.502554,-0.025539,-0.549349,-0.189701,-0.223612,1.85601,-3.28386,0.93681,-1.32481,-2.17237,-0.713198,-0.531194,-0.0586831,0.025539,0.549349,0.196327,1.62529,-1.88542,-0.726192,-1.70004,0.263169,0.00998404,0.321429,0.0785714,True,True
1.72,-0,0,2.79501,-0.0282503,-0.5342,26.2955,-0.705815,0.85487,3.14747,1.02653,0.650331,-38.3316,-0.320715,-1.5052,-1.10671,0.0282503,0.5342,2.45086,-0,0,-0.38775,-0.0282503,-0.534201,-1.11971,-0.214328,1.85742,-1.77152,0.930114,-1.35307,0.281921,-0.715786,-0.504356,-0.111748,0.0282503,0.534201,0.033609,0.670844,-2.07622,-0.720228,-1.66564,0.265499,0.0110213,0.334524,0.0904762,True,True
1.725,-0,0,1.41951,-0.030881,-0.517315,30.5997,-0.70151,0.865949,3.87082,1.02969,0.613874,-40.8993,-0.328179,-1.47982,-2.0548,0.030881,0.517315,3.40994,-0,0,-0.0608607,-0.0308811,-0.517432,-2.4721,-0.205038,1.84377,-2.01245,0.923279,-1.36105,3.54124,-0.718241,-0.48272,-0.149389,0.0308811,0.517432,-0.0868921,0.603053,-3.2137,-0.715381,-1.62932,0.267804,0.0120271,0.345,0.1,True,False
1.73,-0,0,-1.39206,-0.0334235,-0.499149,31.5129,-0.697155,0.873597,10.9506,1.03267,0.57715,-36.2154,-0.335513,-1.45075,1.69545,0.0334235,0.499149,2.58447,-0,0,0.107375,-0.0334247,-0.499892,-2.64185,-0.19589,1.77022,-8.10688,0.916503,-1.28961,3.63601,-0.720613,-0.480617,-0.316805,0.0334247,0.499892,-0.0888031,2.5408,-0.397133,-0.708702,-1.58897,0.270087,0.0129985,0.345,0.1,True,False
1.735,-0,0,-4.82118,-0.0358725,-0.480162,32.5848,-0.692774,0.876606,19.0698,1.03546,0.539619,-31.0596,-0.342686,-1.41622,5.20546,0.0358725,0.480162,2.38625,-0,0,0.337099,-0.03588,-0.482372,-2.81082,-0.187336,1.60769,-15.2419,0.910383,-1.10032,3.6751,-0.723047,-0.507373,-0.508012,0.03588,0.482372,-0.0877189,4.68463,1.91402,-0.698403,-1.54363,0.272353,0.0139336,0.345,0.1,True,False
1.74,-0,0,-8.16058,-0.0382251,-0.460679,33.4612,-0.688389,0.875655,26.2228,1.03806,0.502202,-26.8053,-0.349675,-1.37786,7.37152,0.0382251,0.460679,2.3405,-0,0,0.586575,-0.0382484,-0.465254,-2.96228,-0.179813,1.36374,-21.7452,0.9055,-0.803082,3.62447,-0.725687,-0.560659,-0.675904,0.0382484,0.465254,-0.0851926,6.05727,3.29567,-0.685465,-1.49488,0.274612,0.0148313,0.345,0.1,True,False
1.745,-0,0,-11.2194,-0.0404793,-0.440913,34.1374,-0.684018,0.871473,32.2771,1.04048,0.465659,-23.3888,-0.356465,-1.33713,8.58889,0.0404793,0.440913,2.33905,-0,0,0.839125,-0.0405325,-0.448729,-3.0947,-0.173698,1.05034,-27.4068,0.902352,-0.414639,3.49039,-0.728654,-0.635705,-0.811961,0.0405325,0.448729,-0.0819853,6.84826,4.05712,-0.670871,-1.44409,0.27687,0.0156908,0.345,0.1,True,False
1.75,-0,0,-13.9078,-0.0426342,-0.42101,34.6565,-0.679675,0.864616,37.3009,1.04272,0.430471,-20.656,-0.363046,-1.29509,9.25464,0.0426342,0.42101,2.35188,-0,0,1.08369,-0.0427357,-0.432877,-3.20801,-0.16931,0.679322,-32.2071,0.901354,0.0473674,3.28155,-0.732044,-0.726689,-0.912949,0.0427357,0.432877,-0.0785862,7.29388,4.46453,-0.655318,-1.39221,0.279138,0.0165118,0.345,0.1,True,False
1.755,-0,0,-16.1691,-0.0446894,-0.401057,35.0611,-0.675372,0.855546,41.3334,1.04479,0.396952,-18.5316,-0.369416,-1.2525,9.59826,0.0446894,0.401057,2.36744,-0,0,1.31109,-0.0448613,-0.417696,-3.30188,-0.166905,0.262502,-36.1346,0.902826,0.564382,3.00538,-0.735921,-0.826884,-0.976422,0.0448613,0.417696,-0.0753623,7.53416,4.66845,-0.639337,-1.33994,0.281422,0.0172942,0.345,0.1,True,False
1.76,-0,0,-17.974,-0.0466448,-0.381104,35.3885,-0.671119,0.844672,44.4082,1.04669,0.365304,-16.9771,-0.375571,-1.20998,9.74864,0.0466448,0.381104,2.38292,-0,0,1.51399,-0.0469126,-0.403118,-3.37594,-0.166685,-0.188362,-39.1944,0.906997,1.11728,2.66925,-0.740313,-0.928915,-1.00116,0.0469126,0.403118,-0.0725885,7.64991,4.75134,-0.623369,-1.2878,0.28373,0.0180379,0.345,0.1,True,False
1.765,-0,0,-19.3165,-0.0485005,-0.361172,35.6682,-0.666925,0.832371,46.5687,1.04844,0.335657,-15.9629,-0.381515,-1.16803,9.77927,0.0485005,0.361172,2.39872,-0,0,1.68696,-0.0488925,-0.389033,-3.42982,-0.168789,-0.66182,-41.4133,0.913999,1.68695,2.28126,-0.74521,-1.02513,-0.987478,0.0488925,0.389033,-0.0704639,7.68837,4.75908,-0.607794,-1.2362,0.286067,0.0187429,0.345,0.1,True,False
1.77,-0,0,-20.2099,-0.0502565,-0.341257,35.9199,-0.662795,0.818999,47.8754,1.05005,0.308082,-15.4527,-0.387252,-1.12708,9.73455,0.0502565,0.341257,2.41561,-0,0,1.82657,-0.050803,-0.375295,-3.46326,-0.173303,-1.14706,-42.8419,0.923867,2.25506,1.85055,-0.750564,-1.108,-0.937262,0.050803,0.375295,-0.0691232,7.67843,4.71908,-0.592951,-1.18548,0.288438,0.0194095,0.345,0.1,True,False
1.775,-0,0,-20.6832,-0.051913,-0.321347,36.1538,-0.658735,0.804889,48.4066,1.05152,0.282607,-15.3981,-0.392786,-1.0875,9.64366,0.051913,0.321347,2.43355,-0,0,1.93131,-0.0526454,-0.361738,-3.47619,-0.180259,-1.63423,-43.5516,0.936549,2.80478,1.38717,-0.75629,-1.17055,-0.853869,0.0526454,0.361738,-0.068645,7.63881,4.64967,-0.579135,-1.13589,0.290846,0.0200377,0.345,0.1,True,False
1.78,-0,0,-20.777,-0.05347,-0.301419,36.372,-0.654746,0.790352,48.2534,1.05287,0.25922,-15.7396,-0.398127,-1.04957,9.52701,0.05347,0.301419,2.4516,-0,0,2.00137,-0.0544203,-0.348185,-3.46874,-0.189645,-2.11472,-43.6285,0.951915,3.32137,0.901664,-0.76227,-1.20665,-0.74178,0.0544203,0.348185,-0.0690595,7.58211,4.56419,-0.5666,-1.08766,0.293294,0.0206277,0.345,0.1,True,False
1.785,-0,0,-20.5378,-0.0549272,-0.281456,36.5699,-0.650831,0.775672,47.5126,1.05411,0.237879,-16.412,-0.403282,-1.01355,9.39853,0.0549272,0.281456,2.4683,-0,0,2.03833,-0.0561273,-0.33446,-3.44136,-0.201407,-2.58131,-43.1653,0.969763,3.7926,0.404414,-0.768357,-1.21129,-0.60618,0.0561273,0.33446,-0.0703556,7.51653,4.47221,-0.555552,-1.04095,0.295781,0.0211797,0.345,0.1,True,False
1.79,-0,0,-20.0141,-0.0562845,-0.261441,36.739,-0.64699,0.76111,46.2789,1.05525,0.218516,-17.3497,-0.408262,-0.979626,9.2663,0.0562845,0.261441,2.48217,-0,0,2.04472,-0.0577649,-0.32039,-3.39484,-0.215458,-3.02819,-42.2535,0.989841,4.20889,-0.0949249,-0.774383,-1.18071,-0.452532,0.0577649,0.32039,-0.0724882,7.44647,4.37964,-0.546156,-0.995886,0.29831,0.0216936,0.345,0.1,True,False
1.795,-0,0,-19.2521,-0.0575416,-0.24137,36.8684,-0.64322,0.746904,44.6379,1.0563,0.201043,-18.4922,-0.413078,-0.947947,9.133,0.0575416,0.24137,2.49212,-0,0,2.02357,-0.0593312,-0.305818,-3.3304,-0.231688,-3.45087,-40.9764,1.01185,4.56325,-0.587894,-0.780164,-1.11238,-0.286212,0.0593312,0.305818,-0.0753838,7.37306,4.28882,-0.538534,-0.952578,0.300879,0.0221698,0.345,0.1,True,False
1.8,-0,0,-18.2931,-0.0586982,-0.221246,36.9466,-0.639521,0.733272,42.6625,1.05726,0.185356,-19.7873,-0.417742,-0.918629,8.99661,0.0586982,0.221246,2.49756,-0,0,1.97801,-0.0608231,-0.290599,-3.24969,-0.249967,-3.84605,-39.4045,1.03547,4.85103,-1.06746,-0.785506,-1.00499,-0.112255,0.0608231,0.290599,-0.0789458,7.29467,4.19881,-0.53277,-0.911112,0.303487,0.0226083,0.345,0.1,True,False
1.805,-0,0,-17.1722,-0.0597541,-0.201087,36.9622,-0.635888,0.720417,40.4104,1.05815,0.171339,-21.1926,-0.422264,-0.891756,8.85166,0.0597541,0.201087,2.49841,-0,0,1.91099,-0.0622372,-0.274615,-3.15478,-0.270149,-4.2113,-37.5935,1.06036,5.06959,-1.52804,-0.790214,-0.858287,0.06478,0.0622372,0.274615,-0.0830578,7.20765,4.10627,-0.528917,-0.871564,0.306133,0.0230093,0.345,0.1,True,False
1.81,-0,0,-15.9174,-0.0607091,-0.180922,36.9042,-0.632317,0.708526,37.9249,1.05898,0.158867,-22.6747,-0.426659,-0.867394,8.69066,0.0607091,0.180922,2.49487,-0,0,1.82502,-0.0635693,-0.25777,-3.04812,-0.29208,-4.54492,-35.5844,1.08617,5.21793,-1.9653,-0.794089,-0.67301,0.240847,0.0635693,0.25777,-0.0875866,7.10721,4.00639,-0.527,-0.834004,0.308813,0.0233732,0.345,0.1,True,False
1.815,-0,0,-14.5507,-0.0615633,-0.160794,36.7628,-0.628802,0.697779,35.2363,1.05974,0.147809,-24.2086,-0.430938,-0.845587,8.50545,0.0615633,0.160794,2.48717,-0,0,1.72211,-0.0648149,-0.239994,-2.93248,-0.315598,-4.84562,-33.4042,1.11254,5.29634,-2.37593,-0.796944,-0.450715,0.412377,0.0648149,0.239994,-0.0923839,6.98811,3.89394,-0.52702,-0.798499,0.311527,0.0237003,0.345,0.1,True,False
1.82,-0,0,-13.0887,-0.0623171,-0.140755,36.5286,-0.625339,0.688342,32.3649,1.06045,0.138025,-25.7746,-0.435115,-0.826367,8.28829,0.0623171,0.140755,2.47544,-0,0,1.6037,-0.0659692,-0.221253,-2.81085,-0.340536,-5.11238,-31.0691,1.13913,5.30608,-2.75721,-0.798596,-0.193692,0.576208,0.0659692,0.221253,-0.0972878,6.84531,3.76401,-0.528952,-0.765116,0.314272,0.0239909,0.345,0.1,True,False
1.825,-0,0,-11.5443,-0.0629709,-0.120874,36.1929,-0.621919,0.680374,29.324,1.06112,0.129373,-27.3576,-0.439202,-0.809747,8.03267,0.0629709,0.120874,2.45955,-0,0,1.47073,-0.0670274,-0.201541,-2.68628,-0.366722,-5.34427,-28.5867,1.1656,5.24914,-3.10674,-0.798881,0.0951322,0.729511,0.0670274,0.201541,-0.102126,6.6744,3.61258,-0.53275,-0.733921,0.317044,0.0242456,0.345,0.1,True,False
1.83,-0,0,-9.92791,-0.0635258,-0.101228,35.7479,-0.618535,0.674018,26.1231,1.06175,0.121705,-28.9442,-0.443213,-0.795723,7.7339,0.0635258,0.101228,2.43904,-0,0,1.32373,-0.0679846,-0.180889,-2.56181,-0.393979,-5.54033,-25.9594,1.19162,5.12806,-3.42208,-0.797645,0.412263,0.869721,0.0679846,0.180889,-0.106716,6.472,3.43698,-0.538345,-0.704974,0.31984,0.0244649,0.345,0.1,True,False
1.835,-0,0,-8.2494,-0.0639832,-0.0819051,35.1865,-0.615179,0.669401,22.771,1.06234,0.11487,-30.5218,-0.447159,-0.784271,7.38965,0.0639832,0.0819051,2.41316,-0,0,1.16297,-0.0688363,-0.159365,-2.44027,-0.422125,-5.69952,-23.1871,1.21688,4.94583,-3.70045,-0.794758,0.75369,0.994506,0.0688363,0.159365,-0.110876,6.23607,3.23614,-0.545642,-0.678331,0.322658,0.0246495,0.345,0.1,True,False
1.84,-0,0,-6.51895,-0.0643448,-0.0630032,34.5034,-0.611841,0.66663,19.2783,1.0629,0.10871,-32.0773,-0.451055,-0.77534,7.00012,0.0643448,0.0630032,2.38099,-0,0,0.988628,-0.0695783,-0.137073,-2.32416,-0.450974,-5.82071,-20.27,1.24108,4.70577,-3.93854,-0.790108,1.11494,1.10176,0.0695783,0.137073,-0.114424,5.96618,3.01071,-0.554518,-0.654036,0.325493,0.0248002,0.345,0.1,True,False
1.845,-0,0,-4.7483,-0.0646132,-0.0446263,33.6952,-0.608512,0.665785,15.6597,1.06343,0.103067,-33.597,-0.454913,-0.768852,6.56823,0.0646132,0.0446263,2.34161,-0,0,0.801012,-0.070207,-0.114151,-2.21558,-0.480332,-5.9027,-17.2111,1.26394,4.41155,-4.13238,-0.783608,1.49115,1.18964,0.070207,0.114151,-0.11719,5.66366,2.76299,-0.564823,-0.632118,0.328343,0.024918,0.345,0.1,True,False
1.85,-0,0,-2.95148,-0.0647911,-0.0268825,32.762,-0.605183,0.666915,11.9355,1.06393,0.0977817,-35.066,-0.458744,-0.764696,6.09956,0.0647911,0.0268825,2.29436,-0,0,0.600728,-0.0707198,-0.0907688,-2.11607,-0.510001,-5.94426,-14.0179,1.2852,4.06717,-4.27722,-0.775197,1.87709,1.25662,0.0707198,0.0907688,-0.119025,5.33177,2.49683,-0.576378,-0.612582,0.331204,0.0250039,0.345,0.1,True,False
1.855,-0,0,-1.14513,-0.064882,-0.00988049,31.7076,-0.601843,0.67003,8.13292,1.0644,0.0926938,-36.4692,-0.46256,-0.762724,5.60216,0.064882,0.00988049,2.23908,-0,0,0.38888,-0.0711147,-0.0671252,-2.02664,-0.539775,-5.94426,-10.7043,1.30461,3.67697,-4.36755,-0.764838,2.26729,1.30156,0.0711147,0.0671252,-0.119807,4.97573,2.21731,-0.588975,-0.595409,0.334071,0.0250591,0.345,0.1,True,False
1.86,-0,0,0.651501,-0.0648899,0.00627529,30.5412,-0.598483,0.675104,4.28568,1.06485,0.0876484,-37.7919,-0.466371,-0.762753,5.08617,0.0648899,-0.00627529,2.17633,-0,0,0.167211,-0.071391,-0.043438,-1.94774,-0.569444,-5.90176,-7.29152,1.32197,3.24562,-4.39723,-0.752524,2.65614,1.32382,0.071391,0.043438,-0.119453,4.6025,1.93041,-0.60238,-0.580546,0.336942,0.0250848,0.345,0.1,True,False
1.865,-0,0,2.41704,-0.0648193,0.0214893,29.2774,-0.595092,0.682066,0.434016,1.06528,0.0824974,-39.0212,-0.470187,-0.764563,4.56314,0.0648193,-0.0214893,2.1075,-0,0,-0.0618311,-0.0715491,-0.0199372,-1.87935,-0.598793,-5.81613,-3.80863,1.33707,2.77816,-4.35967,-0.738276,3.03797,1.32329,0.0715491,0.0199372,-0.117927,4.22052,1.64254,-0.616342,-0.567907,0.339811,0.0250825,0.345,0.1,True,False
1.87,-0,0,4.12874,-0.064675,0.0356806,27.9371,-0.591662,0.690803,-3.3768,1.06568,0.0771041,-40.1467,-0.474017,-0.767908,4.04522,0.064675,-0.0356806,2.03473,-0,0,-0.29509,-0.0715904,0.00314469,-1.82109,-0.627605,-5.68722,-0.292441,1.34975,2.27995,-4.2481,-0.722144,3.40727,1.30045,0.0715904,-0.00314469,-0.115243,3.83907,1.36003,-0.630599,-0.557371,0.342676,0.0250536,0.345,0.1,True,False
1.875,-0,0,5.76359,-0.0644625,0.0487881,26.5473,-0.588184,0.701168,-7.09828,1.06605,0.0713469,-41.1621,-0.477866,-0.772515,3.54424,0.0644625,-0.0487881,1.96074,-0,0,-0.528806,-0.0715176,0.0255833,-1.77233,-0.655665,-5.51544,3.21337,1.35987,1.7567,-4.056,-0.704204,3.75874,1.25642,0.0715176,-0.0255833,-0.11147,3.46755,1.0887,-0.644887,-0.54878,0.345531,0.0249997,0.345,0.1,True,False
1.88,-0,0,7.29952,-0.0641871,0.0607757,25.1399,-0.584651,0.712982,-10.681,1.06639,0.0651229,-42.0661,-0.481742,-0.778105,3.07073,0.0641871,-0.0607757,1.88844,-0,0,-0.758797,-0.0713346,0.0471732,-1.73239,-0.682759,-5.30188,6.65975,1.36732,1.21434,-3.77751,-0.684557,4.08754,1.19288,0.0713346,-0.0471732,-0.106726,3.11466,0.833464,-0.658957,-0.541948,0.348373,0.0249224,0.345,0.1,True,False
1.885,-0,0,8.71665,-0.0638547,0.0716368,23.7507,-0.581054,0.726044,-14.077,1.0667,0.058351,-42.8624,-0.485647,-0.784396,2.63318,0.0638547,-0.0716368,1.82051,-0,0,-0.980711,-0.0710459,0.0677374,-1.70064,-0.708684,-5.04838,9.99426,1.37201,0.659048,-3.40795,-0.663328,4.38933,1.112,0.0710459,-0.0677374,-0.101178,2.7876,0.598088,-0.672584,-0.536662,0.351199,0.0248233,0.345,0.1,True,False
1.89,-0,0,9.99834,-0.0634708,0.0813969,22.4178,-0.57739,0.74015,-17.2422,1.06698,0.0509732,-43.5598,-0.489586,-0.791123,2.23756,0.0634708,-0.0813969,1.75899,-0,0,-1.19031,-0.0706572,0.0871358,-1.67661,-0.733243,-4.75755,13.1634,1.37391,0.0970942,-2.94429,-0.640663,4.66045,1.01634,0.0706572,-0.0871358,-0.0950268,2.49158,0.38515,-0.685586,-0.532694,0.354004,0.0247041,0.345,0.1,True,False
1.895,-0,0,11.1321,-0.0630407,0.0901152,21.1793,-0.573653,0.755096,-20.1383,1.06721,0.0429548,-44.1711,-0.493559,-0.79805,1.88732,0.0630407,-0.0901152,1.705,-0,0,-1.38375,-0.0701745,0.105271,-1.66005,-0.756259,-4.43275,16.1151,1.37298,-0.465195,-2.38556,-0.616724,4.89795,0.908709,0.0701745,-0.105271,-0.0884971,2.22961,0.196172,-0.697828,-0.529809,0.356785,0.0245663,0.345,0.1,True,False
1.9,-0,0,12.1097,-0.0625696,0.0978838,20.0712,-0.569839,0.770697,-22.734,1.06741,0.0342829,-44.712,-0.497566,-0.80498,1.58374,0.0625696,-0.0978838,1.65871,-0,0,-1.55782,-0.0696045,0.122092,-1.65096,-0.777571,-4.07808,18.801,1.36925,-1.02155,-1.73322,-0.591684,5.09963,0.791964,0.0696045,-0.122092,-0.0818223,2.00273,0.0318895,-0.709236,-0.527771,0.359539,0.0244113,0.345,0.1,True,False
1.905,-0,0,12.9276,-0.0620619,0.104825,19.1256,-0.565946,0.786797,-25.006,1.06755,0.0249632,-45.1995,-0.501608,-0.811761,1.32665,0.0620619,-0.104825,1.61952,-0,0,-1.71012,-0.0689536,0.137592,-1.6495,-0.79704,-3.69822,21.1786,1.36277,-1.56582,-0.991345,-0.565727,5.26404,0.668876,0.0689536,-0.137592,-0.0752295,1.81055,-0.107419,-0.719798,-0.526354,0.362263,0.0242403,0.345,0.1,True,False
1.91,-0,0,13.5863,-0.0615214,0.111089,18.3692,-0.561971,0.803277,-26.9385,1.06765,0.0150159,-45.6496,-0.505684,-0.818293,1.11523,0.0615214,-0.111089,1.58641,-0,0,-1.83909,-0.0682286,0.151811,-1.65599,-0.814553,-3.29838,23.2128,1.3536,-2.09208,-0.166653,-0.539043,5.39046,0.541974,0.0682286,-0.151811,-0.0689262,1.65202,-0.22164,-0.729563,-0.525348,0.364955,0.0240545,0.345,0.1,True,False
1.915,-0,0,14.0891,-0.060951,0.116844,17.8224,-0.557913,0.820055,-28.523,1.0677,0.00447013,-46.0765,-0.509791,-0.824525,0.948676,0.060951,-0.116844,1.55837,-0,0,-1.94404,-0.0674355,0.164823,-1.67077,-0.830024,-2.88411,24.8764,1.34185,-2.59464,0.731585,-0.511823,5.47875,0.413432,0.0674355,-0.164823,-0.06309,1.52611,-0.310641,-0.738637,-0.524564,0.367612,0.0238546,0.345,0.1,True,False
1.92,-0,0,14.4419,-0.0603529,0.122275,17.4981,-0.553771,0.837094,-29.7568,1.0677,-0.00664073,-46.4907,-0.513929,-0.830454,0.826582,0.0603529,-0.122275,1.53474,-0,0,-2.02503,-0.0665803,0.176739,-1.6941,-0.843394,-2.46117,26.1507,1.32765,-3.06816,1.69183,-0.484256,5.52933,0.284985,0.0665803,-0.176739,-0.0578621,1.43226,-0.374247,-0.74717,-0.523834,0.370233,0.0236412,0.345,0.1,True,False
1.925,-0,0,14.6513,-0.0597283,0.127572,17.4026,-0.549542,0.854396,-30.6422,1.06764,-0.0182847,-46.8991,-0.518096,-0.836111,0.748928,0.0597283,-0.127572,1.51545,-0,0,-2.08274,-0.0656681,0.187689,-1.72618,-0.854635,-2.03542,27.0251,1.31116,-3.50757,2.70064,-0.45653,5.54299,0.157894,0.0656681,-0.187689,-0.0533444,1.37047,-0.412365,-0.755351,-0.523014,0.372817,0.0234146,0.345,0.1,True,False
1.93,-0,0,14.7241,-0.0590772,0.132928,17.535,-0.545227,0.871995,-31.185,1.06752,-0.0304355,-47.3042,-0.52229,-0.841559,0.715776,0.0590772,-0.132928,1.50097,-0,0,-2.11831,-0.0647034,0.197821,-1.767,-0.863748,-1.61262,27.4962,1.29257,-3.90819,3.74317,-0.428826,5.52081,0.0329369,0.0647034,-0.197821,-0.0496017,1.34116,-0.425173,-0.763388,-0.521982,0.375364,0.0231748,0.345,0.1,True,False
1.935,-0,0,14.6657,-0.058399,0.13853,17.8885,-0.540822,0.889955,-31.393,1.06733,-0.0430758,-47.7044,-0.526511,-0.846879,0.726884,0.058399,-0.13853,1.49225,-0,0,-2.13313,-0.0636899,0.207294,-1.81636,-0.870762,-1.19841,27.5667,1.27208,-4.26562,4.8037,-0.401321,5.46403,-0.0895485,0.0636899,-0.207294,-0.046665,1.34476,-0.413305,-0.771501,-0.520635,0.377872,0.0229215,0.345,0.1,True,False
1.94,-0,0,14.4804,-0.0576919,0.144555,18.4513,-0.536327,0.908359,-31.2756,1.06709,-0.0562,-48.0948,-0.530759,-0.852159,0.781442,0.0576919,-0.144555,1.49047,-0,0,-2.12877,-0.0626305,0.216268,-1.87385,-0.875732,-0.798114,27.2446,1.24992,-4.57579,5.86611,-0.374186,5.37391,-0.209608,0.0626305,-0.216268,-0.0445376,1.38152,-0.377903,-0.779904,-0.518885,0.380344,0.022654,0.345,0.1,True,False
1.945,-0,0,14.1705,-0.0569534,0.151165,19.2068,-0.531739,0.927302,-30.8421,1.06677,-0.0698152,-48.4673,-0.535033,-0.857486,0.878123,0.0569534,-0.151165,1.49696,-0,0,-2.10682,-0.0615272,0.224901,-1.93886,-0.878743,-0.416772,26.5417,1.22633,-4.83491,6.91441,-0.347582,5.25169,-0.327584,0.0615272,-0.224901,-0.0432014,1.45139,-0.32051,-0.788802,-0.516656,0.382778,0.0223716,0.345,0.1,True,False
1.95,-0,0,13.7369,-0.0561802,0.158509,20.1352,-0.527054,0.946882,-30.1023,1.06639,-0.0839418,-48.8111,-0.539334,-0.86294,1.01548,0.0561802,-0.158509,1.51307,-0,0,-2.06884,-0.0603815,0.233348,-2.01055,-0.8799,-0.0590298,25.473,1.20157,-5.03946,7.93318,-0.321669,5.09849,-0.444009,0.0603815,-0.233348,-0.0426219,1.55427,-0.24277,-0.798373,-0.513882,0.385178,0.022073,0.345,0.1,True,False
1.955,-0,0,13.1792,-0.0553683,0.166713,21.2139,-0.52227,0.967195,-29.066,1.06593,-0.0986127,-49.1131,-0.543662,-0.868582,1.19261,0.0553683,-0.166713,1.54022,-0,0,-2.01635,-0.0591938,0.241753,-2.08788,-0.879333,0.270876,24.0563,1.17593,-5.18618,8.90782,-0.296597,4.9153,-0.559491,0.0591938,-0.241753,-0.0427532,1.69046,-0.146008,-0.80877,-0.510498,0.387544,0.021757,0.345,0.1,True,False
1.96,-0,0,12.4974,-0.0545131,0.175886,22.4184,-0.517382,0.988324,-27.7435,1.0654,-0.113872,-49.3581,-0.54802,-0.874452,1.40982,0.0545131,-0.175886,1.57985,-0,0,-1.9508,-0.057964,0.250252,-2.16962,-0.877191,0.569145,22.3124,1.14971,-5.27208,9.82484,-0.272516,4.70293,-0.674587,0.057964,-0.250252,-0.0435414,1.86108,-0.0307987,-0.820109,-0.506443,0.38988,0.0214221,0.345,0.1,True,False
1.965,-0,0,11.692,-0.0536095,0.186114,23.722,-0.512387,1.01033,-26.1471,1.06479,-0.129773,-49.5299,-0.552407,-0.880561,1.66912,0.0536095,-0.186114,1.63345,-0,0,-1.87368,-0.0566912,0.258968,-2.25432,-0.873642,0.832441,20.2652,1.12321,-5.29453,10.6719,-0.249568,4.46209,-0.78967,0.0566912,-0.258968,-0.0449269,2.06845,0.10336,-0.832468,-0.501655,0.392187,0.0210665,0.345,0.1,True,False
1.97,-0,0,10.766,-0.052652,0.19746,25.0967,-0.507279,1.03327,-24.2922,1.0641,-0.146377,-49.6118,-0.556825,-0.886895,1.9742,0.052652,-0.19746,1.70237,-0,0,-1.7865,-0.0553743,0.268013,-2.34036,-0.868867,1.05793,17.9432,1.09676,-5.25131,11.4378,-0.227895,4.19338,-0.904792,0.0553743,-0.268013,-0.0468462,2.31594,0.258117,-0.845883,-0.496072,0.394469,0.0206884,0.345,0.1,True,False
1.975,-0,0,9.72542,-0.0516349,0.209965,26.5128,-0.502054,1.05716,-22.2,1.06333,-0.163749,-49.5881,-0.561276,-0.893408,2.32972,0.0516349,-0.209965,1.78761,-0,0,-1.69096,-0.0540111,0.277487,-2.42593,-0.863062,1.24334,15.3809,1.0707,-5.14079,12.1122,-0.207634,3.89745,-1.01955,0.0540111,-0.277487,-0.0492328,2.60738,0.435996,-0.860347,-0.48963,0.39673,0.0202859,0.345,0.1,True,False
1.98,-0,0,8.58111,-0.0505523,0.223644,27.9389,-0.496707,1.08198,-19.8991,1.06247,-0.181956,-49.446,-0.565759,-0.900027,2.73996,0.0505523,-0.223644,1.88942,-0,0,-1.58893,-0.0525994,0.287474,-2.50908,-0.856433,1.38703,12.62,1.04535,-4.96213,12.6857,-0.18892,3.5751,-1.13294,0.0525994,-0.287474,-0.0520178,2.94592,0.639721,-0.875815,-0.482266,0.398973,0.019857,0.345,0.1,True,False
1.985,-0,0,7.34908,-0.0493984,0.238491,29.3418,-0.491234,1.10772,-17.4282,1.06151,-0.201067,-49.1772,-0.570276,-0.906656,3.20667,0.0493984,-0.238491,2.00681,-0,0,-1.48255,-0.0511364,0.298046,-2.58771,-0.849192,1.48811,9.71162,1.02108,-4.71553,13.1491,-0.171883,3.22742,-1.24327,0.0511364,-0.298046,-0.0551309,3.3323,0.871175,-0.892201,-0.473922,0.401203,0.0193999,0.345,0.1,True,False
1.99,-0,0,6.05122,-0.0481674,0.254471,30.6866,-0.48563,1.13433,-14.8381,1.06046,-0.221148,-48.7806,-0.574826,-0.913183,3.72677,0.0481674,-0.254471,2.13713,-0,0,-1.3742,-0.0496189,0.309261,-2.65963,-0.841552,1.54657,6.71701,0.998199,-4.40257,13.4933,-0.156646,2.856,-1.34809,0.0496189,-0.309261,-0.0585007,3.76303,1.13014,-0.909388,-0.464551,0.403425,0.0189125,0.345,0.1,True,False
1.995,-0,0,4.71508,-0.0468537,0.271527,31.9369,-0.479891,1.16175,-12.192,1.0593,-0.242266,-48.2634,-0.579408,-0.919485,4.29012,0.0468537,-0.271527,2.27573,-0,0,-1.26643,-0.0480438,0.321162,-2.72261,-0.833726,1.56343,3.70766,0.97705,-4.02655,13.7089,-0.143323,2.46312,-1.44415,0.0480438,-0.321162,-0.0620562,4.22863,1.41304,-0.927234,-0.454119,0.405643,0.0183929,0.345,0.1,True,False
2,-0,0,3.37306,-0.0454521,0.289579,33.0556,-0.474012,1.18993,-9.56493,1.05803,-0.264488,-47.6422,-0.584021,-0.925443,4.87806,0.0454521,-0.289579,2.4158,-0,0,-1.16185,-0.0464073,0.333778,-2.77442,-0.825918,1.54085,0.763954,0.957933,-3.59278,13.7862,-0.132015,2.05193,-1.52746,0.0464073,-0.333778,-0.0657273,4.7126,1.71211,-0.945578,-0.442616,0.407861,0.0178393,0.345,0.1,True,False
2.005,-0,0,2.06065,-0.0439579,0.308524,34.0062,-0.467991,1.21883,-7.04008,1.05665,-0.287885,-46.9426,-0.588662,-0.930945,5.46347,0.0439579,-0.308524,2.54864,-0,0,-1.06292,-0.044706,0.347127,-2.81292,-0.818318,1.48229,-2.0281,0.941122,-3.10891,13.7149,-0.122804,1.62662,-1.59352,0.044706,-0.347127,-0.0694463,5.19147,2.01517,-0.964248,-0.43006,0.410086,0.0172503,0.345,0.1,True,False
2.01,-0,0,0.813967,-0.0423669,0.32824,34.7541,-0.461824,1.24843,-4.70361,1.05515,-0.31253,-46.1959,-0.59333,-0.935901,6.01273,0.0423669,-0.32824,2.66417,-0,0,-0.971684,-0.0429361,0.36121,-2.83612,-0.811095,1.39253,-4.58217,0.926844,-2.58505,13.4842,-0.115749,1.19252,-1.63754,0.0429361,-0.36121,-0.0731486,5.63653,2.30656,-0.983074,-0.416498,0.41232,0.0166242,0.345,0.1,True,False
2.015,-0,0,-0.333308,-0.0406755,0.348586,35.2684,-0.455507,1.27875,-2.63682,1.05353,-0.33851,-45.4355,-0.598021,-0.940241,6.48959,0.0406755,-0.348586,2.75189,-0,0,-0.889528,-0.0410939,0.376019,-2.84226,-0.804392,1.27764,-6.8184,0.915271,-2.03376,13.0835,-0.110879,0.75613,-1.65477,0.0410939,-0.376019,-0.0767726,6.01689,2.56907,-1.00189,-0.402011,0.414568,0.01596,0.345,0.1,True,False
2.02,-0,0,-1.3531,-0.038881,0.36941,35.5242,-0.449037,1.30983,-0.907526,1.05177,-0.365917,-44.6914,-0.602733,-0.943916,6.86068,0.038881,-0.36941,2.80207,-0,0,-0.816982,-0.0391759,0.391533,-2.82993,-0.798319,1.1448,-8.6709,0.906506,-1.46986,12.5023,-0.108188,0.325058,-1.64096,0.0391759,-0.391533,-0.0802586,6.30396,2.78668,-1.02053,-0.386704,0.416835,0.0152566,0.345,0.1,True,False
2.025,-0,0,-2.22564,-0.0369814,0.39055,35.5035,-0.442409,1.34175,0.437991,1.04987,-0.394857,-43.9837,-0.607461,-0.946897,7.10158,0.0369814,-0.39055,2.80703,-0,0,-0.753613,-0.0371786,0.407718,-2.7981,-0.792944,1.00209,-10.0944,0.900573,-0.909931,11.7309,-0.107628,-0.0921557,-1.59261,0.0371786,-0.407718,-0.0835442,6.47635,2.94783,-1.03885,-0.370705,0.419124,0.0145133,0.345,0.1,True,False
2.03,-0,0,-2.94095,-0.0349755,0.411838,35.1965,-0.435619,1.3746,1.38073,1.04782,-0.425441,-43.3184,-0.612202,-0.949161,7.20253,0.0349755,-0.411838,2.76265,-0,0,-0.698062,-0.0350987,0.42453,-2.74624,-0.788298,0.858048,-11.0688,0.897407,-0.371769,10.7605,-0.109109,-0.486279,-1.50729,0.0350987,-0.42453,-0.0865579,6.52467,3.04825,-1.05669,-0.354151,0.421438,0.0137297,0.345,0.1,True,False
2.035,-0,0,-3.49874,-0.0328631,0.433105,34.6013,-0.428663,1.40846,1.93108,1.04561,-0.457781,-42.6828,-0.616952,-0.95068,7.17329,0.0328631,-0.433105,2.67003,-0,0,-0.648222,-0.0329333,0.441906,-2.67427,-0.784364,0.721342,-11.6,0.896855,0.126324,9.583,-0.112491,-0.847666,-1.38361,0.0329333,-0.441906,-0.0892063,6.45586,3.09315,-1.0739,-0.337175,0.423779,0.0129057,0.345,0.1,True,False
2.04,-0,0,-3.90616,-0.0306445,0.454178,33.724,-0.421535,1.44339,2.12682,1.04324,-0.491979,-42.0444,-0.621708,-0.951408,7.04719,0.0306445,-0.454178,2.53811,-0,0,-0.601527,-0.0306796,0.459764,-2.58261,-0.781085,0.600324,-11.7168,0.89867,0.566203,8.19112,-0.117586,-1.16653,-1.22112,0.0306796,-0.459764,-0.0913559,6.29757,3.09854,-1.09031,-0.319899,0.426149,0.0120415,0.345,0.1,True,False
2.045,-0,0,-4.17346,-0.0283213,0.474882,32.577,-0.414229,1.47938,2.02751,1.0407,-0.528114,-41.3487,-0.626466,-0.951265,6.88619,0.0283213,-0.474882,2.38799,-0,0,-0.55527,-0.0283356,0.477987,-2.47201,-0.778361,0.502735,-11.4642,0.902517,0.930399,6.57738,-0.124156,-1.43313,-1.01997,0.0283356,-0.477987,-0.0928054,6.10423,3.09205,-1.10571,-0.302419,0.428551,0.0111376,0.345,0.1,True,False
2.05,-0,0,-4.30746,-0.0258957,0.495027,31.1791,-0.406741,1.51635,1.70702,1.03796,-0.566225,-40.5164,-0.631221,-0.950126,6.79041,0.0258957,-0.495027,2.26197,-0,0,-0.50684,-0.0258998,0.496414,-2.34332,-0.776057,0.435505,-10.893,0.907974,1.20241,4.73357,-0.131917,-1.63792,-0.780387,0.0258998,-0.496414,-0.0932407,5.96905,3.11412,-1.11987,-0.284806,0.430984,0.0101949,0.345,0.1,True,False
2.055,-0,0,-4.30123,-0.023371,0.514396,29.6548,-0.399065,1.55409,1.27626,1.03503,-0.606287,-39.4516,-0.635968,-0.9478,6.98774,0.023371,-0.514396,2.34216,-0,0,-0.454072,-0.0233715,0.514803,-2.19901,-0.774006,0.404716,-10.092,0.914541,1.36672,2.75681,-0.140535,-1.77144,-0.516213,0.0233715,-0.514803,-0.0920272,6.15584,3.20645,-1.13247,-0.267109,0.433449,0.00921463,0.345,0.1,True,False
2.06,-0,0,-4.01365,-0.0207517,0.532695,23.5848,-0.3912,1.59217,-2.9173,1.0319,-0.648165,-39.5949,-0.640699,-0.944004,3.8752,0.0207517,-0.532695,-0.313663,-0,0,-0.0747052,-0.0207517,0.532743,-0.680893,-0.77201,0.411788,-5.44181,0.921641,1.41996,1.27305,-0.149631,-1.83175,-0.0675727,0.0207517,-0.532743,-0.100957,2.45483,2.74728,-1.14307,-0.249365,0.435945,0.00819856,0.345,0.1,True,True
2.065,-0,0,-3.59345,-0.018044,0.549519,20.2701,-0.383144,1.62989,-5.2546,1.02855,-0.691558,-38.818,-0.645408,-0.938332,3.48737,0.018044,-0.549519,-0.417504,-0,0,0.143393,-0.018044,0.549519,0.160003,-0.769888,0.441047,-2.5869,0.928741,1.40741,0.486772,-0.158853,-1.84846,0.170231,0.018044,-0.549519,-0.114904,2.12861,2.55919,-1.15105,-0.231615,0.438472,0.00714908,0.358095,0.0880952,True,True
2.07,-0,0,-3.04471,-0.0152565,0.564488,16.5566,-0.374901,1.6665,-7.97656,1.02498,-0.73608,-37.9359,-0.650082,-0.930425,3.0096,0.0152565,-0.564488,-0.527777,-0,0,0.367075,-0.0152565,0.564488,1.02541,-0.7676,0.47435,0.720121,0.935716,1.38099,0.01352,-0.168116,-1.85534,0.359732,0.0152565,-0.564488,-0.148813,1.73665,2.31408,-1.15584,-0.213906,0.441026,0.00606955,0.37119,0.0761905,True,True
2.075,-0,0,-2.46181,-0.0123992,0.577398,12.8806,-0.366479,1.7015,-10.5039,1.02119,-0.781379,-36.7221,-0.654712,-0.920123,2.56313,0.0123992,-0.577398,-0.675542,-0,0,0.529528,-0.0123992,0.577398,1.60232,-0.765144,0.507673,3.90829,0.942551,1.35152,-0.70876,-0.177406,-1.85919,0.526418,0.0123992,-0.577398,-0.21883,1.34296,2.11069,-1.15718,-0.196283,0.443604,0.0049639,0.384286,0.0642857,True,True
2.08,-0,0,-1.89666,-0.00948256,0.588161,9.48165,-0.357886,1.73456,-12.6129,1.01717,-0.827147,-35.1652,-0.659284,-0.907413,2.16853,0.00948256,-0.588161,-0.8347,-0,0,0.608902,-0.00948256,0.588161,1.77284,-0.762523,0.540758,6.72601,0.949231,1.31913,-1.79605,-0.186708,-1.85989,0.67297,0.00948256,-0.588161,-0.334346,0.977185,1.94728,-1.155,-0.178794,0.446201,0.00383626,0.397381,0.052381,True,True
2.085,-0,0,-1.37386,-0.00651756,0.596746,6.46846,-0.349133,1.76545,-14.2283,1.01292,-0.873094,-33.2947,-0.663786,-0.892359,1.82134,0.00651756,-0.596746,-0.980373,-0,0,0.600312,-0.00651756,0.596746,1.49999,-0.759737,0.573366,9.07539,0.955742,1.28403,-3.24559,-0.196005,-1.8574,0.797161,0.00651756,-0.596746,-0.499099,0.65129,1.80618,-1.14935,-0.161496,0.448813,0.00269086,0.410476,0.0404762,True,True
2.09,-0,0,-0.90482,-0.0035151,0.603149,3.88489,-0.340231,1.794,-15.3247,1.00844,-0.918938,-31.1324,-0.668207,-0.875067,1.51607,0.0035151,-0.603149,-1.09898,-0,0,0.504282,-0.0035151,0.603149,0.773111,-0.756789,0.605271,10.9198,0.962071,1.24651,-5.04845,-0.205282,-1.85178,0.899449,0.0035151,-0.603149,-0.715023,0.369836,1.6758,-1.14032,-0.144455,0.451437,0.00153194,0.423571,0.0285714,True,True
2.095,-0,0,-0.494566,-0.000486072,0.607373,1.74507,-0.331193,1.82005,-15.8975,1.00373,-0.964392,-28.6925,-0.672537,-0.855662,1.24735,0.000486072,-0.607373,-1.18278,-0,0,0.322979,-0.000486072,0.607373,-0.409906,-0.753684,0.636253,12.2496,0.968207,1.20684,-7.1967,-0.214523,-1.84309,0.981213,0.000486072,-0.607373,-0.983593,0.134016,1.54805,-1.12802,-0.127742,0.454067,0.000363714,0.436667,0.0166667,True,True
2.1,-0,0,-0.145509,0.00255863,0.609421,0.0523558,-0.322031,1.84345,-15.9478,0.998795,-1.00916,-25.9832,-0.676764,-0.834284,1.01006,-0.00255863,-0.609421,-1.22629,-0,0,0.058474,0.00255863,0.609421,-2.05057,-0.750427,0.666096,13.064,0.974139,1.16532,-9.68585,-0.223713,-1.83142,1.04341,-0.00255863,-0.609421,-1.30585,-0.0561605,1.41638,-1.11257,-0.111435,0.456699,-0.000809613,0.449762,0.0047619,True,True
2.105,-0,0,0.140715,0.00560813,0.60929,-1.19116,-0.312759,1.86402,-15.4768,0.993638,-1.05294,-23.0104,-0.680879,-0.81108,0.799213,-0.00560813,-0.60929,-1.22439,-0,0,-0.287618,0.00560813,0.60929,-4.1511,-0.747023,0.694587,13.3626,0.97986,1.12224,-12.5139,-0.232837,-1.81683,1.08502,-0.00560813,-0.60929,-1.68097,-0.200765,1.27449,-1.0941,-0.0956258,0.45933,-0.00198386,0.462857,-0.00714286,True,True
2.11,-0,0,0.362589,0.00865153,0.606973,-1.98173,-0.303391,1.88163,-14.4867,0.988265,-1.09542,-19.7841,-0.684875,-0.786205,0.609947,-0.00865153,-0.606973,-1.17165,-0,0,-0.713205,0.00865153,0.606973,-6.71009,-0.743481,0.721517,13.1437,0.985362,1.0779,-15.6775,-0.241881,-1.79941,1.10065,-0.00865153,-0.606973,-2.10294,-0.299569,1.11595,-1.07272,-0.0804139,0.461954,-0.00315484,0.475952,-0.0190476,True,True
2.115,-0,0,0.518801,0.0116779,0.602454,-2.31634,-0.293942,1.89611,-12.9871,0.982684,-1.13628,-16.3272,-0.688741,-0.75983,0.437991,-0.0116779,-0.602454,-1.06315,-0,0,-1.21307,0.0116779,0.602454,-9.71177,-0.739808,0.746687,12.4078,0.990639,1.03257,-19.1645,-0.250831,-1.77925,1.07665,-0.0116779,-0.602454,-2.55444,-0.35223,0.935048,-1.04856,-0.0659159,0.464568,-0.00431835,0.489048,-0.0309524,True,True
2.12,-0,0,0.608864,0.0146761,0.595716,-2.20139,-0.28443,1.90738,-11.0102,0.976902,-1.17523,-12.6906,-0.692473,-0.732151,0.2808,-0.0146761,-0.595716,-0.897132,-0,0,-1.77354,0.0146761,0.595716,-13.1058,-0.736014,0.769924,11.1687,0.995688,0.98657,-22.9409,-0.259674,-1.75649,0.985023,-0.0146761,-0.595716,-2.99663,-0.359148,0.72909,-1.02174,-0.0522672,0.467167,-0.00547019,0.502143,-0.0428571,True,True
2.125,-0,0,0.634268,0.017635,0.58675,-1.67002,-0.274869,1.91542,-8.63743,0.970932,-1.21202,-8.97662,-0.696063,-0.703402,0.139461,-0.017635,-0.58675,-0.679942,-0,0,-2.36323,0.017635,0.58675,-16.7731,-0.732109,0.791102,9.47445,1.0005,0.940252,-26.9289,-0.268396,-1.73135,0.774087,-0.017635,-0.58675,-3.35295,-0.323224,0.50273,-0.992441,-0.0396269,0.469747,-0.0066061,0.515238,-0.0547619,True,True
2.13,-0,0,0.600756,0.0205436,0.575563,-0.810994,-0.265275,1.92044,-6.04336,0.964782,-1.24656,-5.37753,-0.699507,-0.673875,0.0205881,-0.0205436,-0.575563,-0.432925,-0,0,-2.91876,0.0205436,0.575563,-20.4702,-0.728103,0.810187,7.44154,1.00509,0.894025,-30.9711,-0.276987,-1.70421,0.355782,-0.0205436,-0.575563,-3.48539,-0.252901,0.273412,-0.96088,-0.028183,0.472304,-0.00772184,0.528333,-0.0666667,True,True
2.135,-0,0,0.523618,0.0233907,0.562209,0.191301,-0.255664,1.92292,-3.56004,0.958466,-1.27897,-2.22957,-0.702802,-0.643953,-0.064875,-0.0233907,-0.562209,-0.197752,-0,0,-3.32854,0.0233907,0.562209,-23.7558,-0.724007,0.827304,5.30892,1.00945,0.848401,-34.7748,-0.285438,-1.6757,-0.403413,-0.0233907,-0.562209,-3.17105,-0.166377,0.0737769,-0.927375,-0.0181562,0.474836,-0.00881322,0.541429,-0.0785714,True,True
2.14,-0,0,0.41794,0.0261657,0.546821,1.13729,-0.246046,1.92385,-2.0398,0.951993,-1.30969,0.282874,-0.705946,-0.614167,-0.107414,-0.0261657,-0.546821,-0.0329344,-0,0,-3.26638,0.0261657,0.54682,-26.4638,-0.71983,0.842842,3.97891,1.01357,0.804034,-37.7327,-0.293744,-1.64688,-1.30276,-0.0261657,-0.54682,-2.52045,-0.0935062,-0.0543793,-0.892414,-0.00980891,0.477339,-0.00987621,0.554524,-0.0904762,True,True
2.145,-0,0,0.11912,0.0288589,0.529792,2.46743,-0.236426,1.90992,-2.33621,0.945369,-1.32076,3.49288,-0.708943,-0.589163,-0.132241,-0.0288589,-0.529792,0.0883403,-0,0,-1.98322,0.0288589,0.529682,-30.716,-0.715578,0.856696,4.74434,1.01749,0.760937,-40.2274,-0.301907,-1.61763,-2.18736,-0.0288589,-0.529682,-3.41992,-0.0351387,-0.144326,-0.859641,-0.00625442,0.479814,-0.0109071,0.565,-0.1,False,True
2.15,-0,0,-0.0342797,0.0314636,0.511941,2.63286,-0.226947,1.83728,-8.35181,0.938785,-1.25542,3.56522,-0.711838,-0.581857,-0.290541,-0.0314636,-0.511941,0.0905539,-0,0,0.759552,0.0314625,0.511237,-31.6902,-0.711263,0.867139,11.7168,1.02118,0.71763,-35.6844,-0.309921,-1.58477,1.49832,-0.0314625,-0.511237,-2.61867,-0.141258,-0.255574,-0.838912,-0.016404,0.482263,-0.0119031,0.565,-0.1,False,True
2.155,-0,0,-0.247562,0.0339783,0.494042,2.79688,-0.218053,1.67754,-15.3914,0.932815,-1.07685,3.57918,-0.714762,-0.600686,-0.471476,-0.0339783,-0.494042,0.0897958,-0,0,4.11122,0.0339712,0.491937,-32.8295,-0.706907,0.873054,19.7102,1.02466,0.673496,-30.6823,-0.317755,-1.54655,4.93651,-0.0339712,-0.491937,-2.44602,-0.26453,-0.381274,-0.83676,-0.0458934,0.484692,-0.012862,0.565,-0.1,False,True
2.16,-0,0,-0.48253,0.036404,0.476483,2.94412,-0.210172,1.4381,-21.8056,0.928016,-0.794478,3.50806,-0.717845,-0.643621,-0.630656,-0.036404,-0.476483,0.0875461,-0,0,7.38275,0.0363818,0.472103,-33.7615,-0.702532,0.875035,26.7517,1.02792,0.629545,-26.5481,-0.325386,-1.50458,7.06642,-0.0363818,-0.472103,-2.41403,-0.373896,-0.491528,-0.851901,-0.0929087,0.487109,-0.0137828,0.565,-0.1,False,True
2.165,-0,0,-0.723055,0.0387431,0.459469,3.07302,-0.203672,1.13064,-27.3922,0.92487,-0.424272,3.35856,-0.721198,-0.706367,-0.75997,-0.0387431,-0.459469,0.0845489,-0,0,10.3879,0.0386923,0.451952,-34.4799,-0.698157,0.873737,32.7146,1.03096,0.586607,-23.2185,-0.332801,-1.46034,8.27467,-0.0386923,-0.451952,-2.41795,-0.463445,-0.581045,-0.881303,-0.154091,0.489522,-0.0146647,0.565,-0.1,False,True
2.17,-0,0,-0.958282,0.0409987,0.443093,3.18336,-0.198865,0.766621,-32.1374,0.923774,0.0169918,3.13906,-0.724909,-0.783613,-0.856311,-0.0409987,-0.443093,0.0812883,-0,0,13.0395,0.0409014,0.431635,-35.028,-0.693795,0.869671,37.6706,1.03378,0.54521,-20.5433,-0.33999,-1.41488,8.94668,-0.0409014,-0.431635,-2.43125,-0.530829,-0.647833,-0.921148,-0.225407,0.491939,-0.0155072,0.565,-0.1,False,True
2.175,-0,0,-1.17919,0.043174,0.427366,3.2747,-0.196006,0.357449,-36.034,0.92504,0.511722,2.85672,-0.729034,-0.869172,-0.917318,-0.043174,-0.427366,0.0781311,-0,0,15.2825,0.0430086,0.41125,-35.4483,-0.68946,0.863266,41.6618,1.03641,0.505696,-18.4489,-0.346949,-1.36896,9.30499,-0.0430086,-0.41125,-2.44434,-0.574258,-0.690322,-0.966958,-0.302226,0.49437,-0.0163102,0.565,-0.1,False,True
2.18,-0,0,-1.37852,0.0452723,0.412238,3.34658,-0.195291,-0.0855771,-39.0892,0.928891,1.0418,2.51854,-0.7336,-0.956224,-0.941754,-0.0452723,-0.412238,0.0753552,-0,0,17.088,0.0450139,0.390855,-35.7785,-0.685162,0.854909,44.7231,1.03884,0.468287,-16.8982,-0.353679,-1.3232,9.47433,-0.0450139,-0.390855,-2.45549,-0.592733,-0.707642,-1.0138,-0.379499,0.496819,-0.0170737,0.565,-0.1,False,True
2.185,-0,0,-1.5508,0.0472964,0.397608,3.3986,-0.196861,-0.551465,-41.329,0.935458,1.58911,2.13206,-0.738597,-1.03765,-0.92977,-0.0472964,-0.397608,0.0731654,-0,0,18.4486,0.0469172,0.37048,-36.0487,-0.680911,0.844962,46.8964,1.04109,0.433123,-15.8642,-0.360181,-1.27808,9.5254,-0.0469172,-0.37048,-2.46585,-0.586207,-0.699822,-1.05656,-0.451999,0.499294,-0.0177978,0.565,-0.1,False,True
2.19,-0,0,-1.69238,0.0492484,0.383345,3.4305,-0.200805,-1.02981,-42.8002,0.944782,2.13621,1.70569,-0.743977,-1.1064,-0.882976,-0.0492484,-0.383345,0.0717039,-0,0,19.3751,0.0487187,0.350133,-36.2804,-0.676713,0.83377,48.2382,1.04317,0.400284,-15.3152,-0.36646,-1.23405,9.5004,-0.0487187,-0.350133,-2.47678,-0.555629,-0.667853,-1.09022,-0.514601,0.501798,-0.0184825,0.565,-0.1,False,True
2.195,-0,0,-1.80138,0.0511299,0.369292,3.44221,-0.207159,-1.51108,-43.5682,0.95682,2.66696,1.24865,-0.749661,-1.15587,-0.804334,-0.0511299,-0.369292,0.0710587,-0,0,19.893,0.0504185,0.329807,-36.4857,-0.672573,0.82166,48.8204,1.04509,0.369802,-15.2085,-0.372522,-1.19146,9.42679,-0.0504185,-0.329807,-2.48875,-0.502871,-0.613641,-1.11014,-0.562556,0.504335,-0.0191281,0.565,-0.1,False,True
2.2,-0,0,-1.87755,0.0529413,0.35528,3.43392,-0.215916,-1.98688,-43.7118,0.971452,3.16712,0.770597,-0.755536,-1.18024,-0.697885,-0.0529413,-0.35528,0.0712698,-0,0,20.0386,0.0520167,0.30949,-36.6692,-0.668496,0.808942,48.7269,1.04687,0.341666,-15.4912,-0.378375,-1.15061,9.32375,-0.0520167,-0.30949,-2.50125,-0.430557,-0.539836,-1.11231,-0.591723,0.506908,-0.0197347,0.565,-0.1,False,True
2.205,-0,0,-1.92194,0.0546827,0.34114,3.40609,-0.227028,-2.45007,-43.3167,0.988491,3.62472,0.281114,-0.761463,-1.17464,-0.568388,-0.0546827,-0.34114,0.072336,-0,0,19.8544,0.0535134,0.289166,-36.8286,-0.664484,0.795902,48.047,1.04851,0.315836,-16.104,-0.384028,-1.11174,9.20456,-0.0535134,-0.289166,-2.51309,-0.341826,-0.449603,-1.09349,-0.598733,0.509518,-0.0203025,0.565,-0.1,False,True
2.21,-0,0,-1.93658,0.0563527,0.326703,3.35956,-0.240417,-2.89483,-42.4679,1.0077,4.03021,-0.210791,-0.767282,-1.13539,-0.42093,-0.0563527,-0.326703,0.0742213,-0,0,19.3852,0.0549084,0.268826,-36.9575,-0.660537,0.782807,46.869,1.05003,0.292241,-16.9863,-0.389492,-1.07505,9.07735,-0.0549084,-0.268826,-2.52294,-0.240085,-0.346381,-1.05129,-0.581073,0.512165,-0.0208318,0.565,-0.1,False,True
2.215,-0,0,-1.92403,0.0579497,0.311813,3.29556,-0.255977,-3.31656,-41.2439,1.02879,4.37649,-0.697105,-0.772817,-1.05993,-0.260606,-0.0579497,-0.311813,0.0768599,-0,0,18.6744,0.0562016,0.248464,-37.0467,-0.656656,0.769902,45.274,1.05143,0.270789,-18.0811,-0.394778,-1.04069,8.94529,-0.0562016,-0.248464,-2.52965,-0.128799,-0.233662,-0.98416,-0.537098,0.514849,-0.0213226,0.565,-0.1,False,True
2.22,-0,0,-1.88704,0.0594709,0.296329,3.21571,-0.273582,-3.71176,-39.7122,1.05146,4.65863,-1.17103,-0.777881,-0.946867,-0.092262,-0.0594709,-0.296329,0.0801613,-0,0,17.7616,0.057393,0.228086,-37.0855,-0.652838,0.757414,43.3318,1.05274,0.25137,-19.3382,-0.399899,-1.00878,8.80725,-0.057393,-0.228086,-2.53252,-0.0113283,-0.11483,-0.891367,-0.465978,0.517569,-0.0217752,0.565,-0.1,False,True
2.225,-0,0,-1.82826,0.060913,0.280131,3.12206,-0.293094,-4.07783,-37.9273,1.07538,4.87368,-1.62704,-0.782285,-0.795849,0.0796375,-0.060913,-0.280131,0.0840137,-0,0,16.6808,0.0584825,0.207708,-37.0633,-0.649082,0.745554,41.0992,1.05395,0.233862,-20.7156,-0.404866,-0.979416,8.65872,-0.0584825,-0.207708,-2.53125,0.109162,0.00693462,-0.772845,-0.367618,0.520324,-0.02219,0.565,-0.1,False,True
2.23,-0,0,-1.75002,0.0622722,0.263123,3.017,-0.314361,-4.41281,-35.9299,1.1002,5.02028,-2.06071,-0.78584,-0.607474,0.251068,-0.0622722,-0.263123,0.0882871,-0,0,15.46,0.0594701,0.18736,-36.9695,-0.645382,0.734521,38.6195,1.05508,0.218133,-22.1797,-0.409693,-0.952654,8.49313,-0.0594701,-0.18736,-2.52581,0.229741,0.128695,-0.62911,-0.242553,0.523111,-0.0225672,0.565,-0.1,False,True
2.235,-0,0,-1.65421,0.0635442,0.245235,2.90323,-0.337222,-4.7152,-33.7482,1.12558,5.09838,-2.46852,-0.78836,-0.38318,0.418431,-0.0635442,-0.245235,0.092835,-0,0,14.1218,0.0603561,0.167082,-36.7939,-0.641736,0.724503,35.9243,1.05613,0.204043,-23.704,-0.414393,-0.928546,8.3031,-0.0603561,-0.167082,-2.51622,0.347714,0.247762,-0.461136,-0.0918509,0.525929,-0.0229071,0.565,-0.1,False,True
2.24,-0,0,-1.54222,0.0647245,0.226429,2.78362,-0.361513,-4.9838,-31.4001,1.15118,5.10894,-2.84751,-0.789672,-0.125142,0.578505,-0.0647245,-0.226429,0.0974973,-0,0,12.6835,0.0611409,0.146927,-36.5271,-0.638137,0.715675,33.0357,1.05712,0.191445,-25.2676,-0.418979,-0.90712,8.08146,-0.0611409,-0.146927,-2.50243,0.460601,0.361673,-0.270259,0.0829759,0.528774,-0.0232103,0.565,-0.1,False,True
2.245,-0,0,-1.41501,0.0658085,0.2067,2.66117,-0.38706,-5.21748,-28.8953,1.17667,5.05368,-3.19499,-0.789612,0.163807,0.728389,-0.0658085,-0.2067,0.102102,-0,0,11.1592,0.0618254,0.126961,-36.1601,-0.63458,0.708202,29.9693,1.05804,0.180188,-26.8536,-0.423464,-0.88839,7.82211,-0.0618254,-0.126961,-2.48421,0.566116,0.46817,-0.0581065,0.280038,0.531645,-0.0234773,0.565,-0.1,False,True
2.25,-0,0,-1.27317,0.0667915,0.186076,2.53877,-0.413688,-5.41517,-26.2385,1.20172,4.93493,-3.50824,-0.788034,0.480246,0.865451,-0.0667915,-0.186076,0.106471,-0,0,9.56081,0.0624105,0.107259,-35.6849,-0.631055,0.702235,26.7369,1.05892,0.170113,-28.4472,-0.427862,-0.872348,7.52064,-0.0624105,-0.107259,-2.46103,0.66216,0.565188,0.17345,0.497119,0.534538,-0.0237087,0.565,-0.1,False,True
2.255,-0,0,-1.11706,0.0676693,0.164623,2.41918,-0.441212,-5.57572,-23.4318,1.22602,4.75549,-3.78421,-0.784809,0.820225,0.987303,-0.0676693,-0.164623,0.11042,-0,0,7.89929,0.062898,0.0879104,-35.0946,-0.627557,0.697907,23.3498,1.05974,0.161058,-30.0344,-0.432187,-0.858966,7.1749,-0.062898,-0.0879104,-2.43216,0.746827,0.650861,0.422315,0.731703,0.537449,-0.0239052,0.565,-0.1,False,True
2.26,-0,0,-0.946975,0.0684378,0.142441,2.3048,-0.469445,-5.69792,-20.4778,1.24928,4.5186,-4.01937,-0.779831,1.17933,1.09181,-0.0684378,-0.142441,0.113773,-0,0,6.18603,0.0632896,0.0690091,-34.3838,-0.624076,0.695331,19.8206,1.06053,0.152858,-31.6009,-0.436452,-0.848189,6.78522,-0.0632896,-0.0690091,-2.39672,0.818435,0.723551,0.686173,0.980997,0.540376,-0.0240677,0.565,-0.1,False,True
2.265,-0,0,-0.76334,0.0690937,0.119666,2.19764,-0.498191,-5.78055,-17.3814,1.27121,4.22784,-4.20951,-0.773016,1.55271,1.17711,-0.0690937,-0.119666,0.116362,-0,0,4.43381,0.0635881,0.0506581,-33.5496,-0.620604,0.694591,16.1664,1.06127,0.145341,-33.1322,-0.440669,-0.839932,6.35463,-0.0635881,-0.0506581,-2.35392,0.875578,0.781888,0.962469,1.24195,0.543316,-0.0241972,0.565,-0.1,False,True
2.27,-0,0,-0.566902,0.0696344,0.0964646,2.0992,-0.52725,-5.82236,-14.1522,1.29155,3.88715,-4.34974,-0.764304,1.93521,1.24168,-0.0696344,-0.0964646,0.118042,-0,0,2.65746,0.0637962,0.0329631,-32.5925,-0.61713,0.695741,12.4093,1.06198,0.138337,-34.6128,-0.444851,-0.834078,5.88874,-0.0637962,-0.0329631,-2.30326,0.917179,0.824834,1.2484,1.51125,0.546264,-0.0242947,0.565,-0.1,False,True
2.275,-0,0,-0.358893,0.0700583,0.0730297,2.01045,-0.556415,-5.82226,-10.8058,1.31008,3.50086,-4.43443,-0.753664,2.3214,1.28444,-0.0700583,-0.0730297,0.118695,-0,0,0.874149,0.0639177,0.0160301,-31.5172,-0.613646,0.698798,8.57773,1.06266,0.131673,-36.0275,-0.44901,-0.830471,5.39559,-0.0639177,-0.0160301,-2.24478,0.942554,0.851733,1.54088,1.78538,0.549216,-0.0243615,0.565,-0.1,False,True
2.28,-0,0,-0.141162,0.0703647,0.0495736,1.93187,-0.585473,-5.77935,-7.36499,1.32656,3.07365,-4.45738,-0.74109,2.70571,1.30477,-0.0703647,-0.0495736,0.118243,-0,0,-0.896633,0.0639565,-3.97171e-05,-30.3336,-0.610142,0.703738,4.70682,1.0633,0.125182,-37.3616,-0.453156,-0.82892,4.88518,-0.0639565,3.97171e-05,-2.17924,0.951462,0.862366,1.83658,2.06062,0.55217,-0.0243988,0.565,-0.1,False,True
2.285,-0,0,0.0837619,0.0705541,0.0263201,1.86346,-0.614208,-5.6931,-3.86007,1.34082,2.61054,-4.41199,-0.726607,3.08256,1.30261,-0.0705541,-0.0263201,0.116654,-0,0,-2.63357,0.0639173,-0.0151548,-29.0572,-0.606609,0.710498,0.837482,1.06391,0.118703,-38.6024,-0.457299,-0.829201,4.36882,-0.0639173,0.0151548,-2.10819,0.944137,0.85698,2.13193,2.33316,0.555121,-0.0244082,0.565,-0.1,False,True
2.29,-0,0,0.312687,0.0706279,0.00349411,1.8049,-0.642404,-5.56343,-0.328733,1.35267,2.11691,-4.29159,-0.710265,3.44651,1.27852,-0.0706279,-0.00349411,0.113946,-0,0,-4.31432,0.063805,-0.0292384,-27.7098,-0.603037,0.718972,-2.98471,1.06449,0.112087,-39.7401,-0.461448,-0.831059,3.85831,-0.063805,0.0292384,-2.03388,0.921291,0.836289,2.42316,2.5991,0.558065,-0.024391,0.565,-0.1,False,True
2.295,-0,0,0.541863,0.070589,-0.0186879,1.75567,-0.669843,-5.39086,3.18482,1.36198,1.59848,-4.08977,-0.692142,3.79238,1.23365,-0.070589,0.0186879,0.11019,-0,0,-5.91651,0.0636249,-0.0422346,-26.3188,-0.599419,0.729019,-6.71137,1.06503,0.1052,-40.7691,-0.46561,-0.834219,3.36505,-0.0636249,0.0422346,-1.95906,0.884087,0.801448,2.70641,2.85462,0.560998,-0.0243489,0.565,-0.1,False,True
2.3,-0,0,0.767166,0.070441,-0.0400288,1.71517,-0.696312,-5.1766,6.63142,1.36865,1.06118,-3.80089,-0.672341,4.11542,1.16971,-0.070441,0.0400288,0.105506,-0,0,-7.41898,0.0633826,-0.0541123,-24.9165,-0.595747,0.740469,-10.2936,1.06554,0.0979261,-41.6884,-0.46979,-0.838395,2.89912,-0.0633826,0.0541123,-1.8866,0.834075,0.753986,2.97781,3.09602,0.563917,-0.0242835,0.565,-0.1,False,True
2.305,-0,0,0.984346,0.0701887,-0.0603598,1.68288,-0.721609,-4.92258,9.9589,1.3726,0.511168,-3.42055,-0.650987,4.41141,1.0889,-0.0701887,0.0603598,0.100058,-0,0,-8.8029,0.0630838,-0.06487,-23.5389,-0.592015,0.753134,-13.6842,1.06601,0.0901737,-42.5023,-0.473994,-0.843308,2.46859,-0.0630838,0.06487,-1.81903,0.773107,0.695719,3.23362,3.31987,0.566817,-0.0241965,0.565,-0.1,False,True
2.31,-0,0,1.1893,0.0698374,-0.0795488,1.65842,-0.745538,-4.63152,13.1144,1.37376,-0.0452847,-2.94601,-0.628227,4.67681,0.993775,-0.0698374,0.0795488,0.0940441,-0,0,-10.0528,0.0627339,-0.0745384,-22.2235,-0.588216,0.766817,-16.8402,1.06644,0.0818745,-43.2196,-0.478223,-0.848691,2.07918,-0.0627339,0.0745384,-1.75825,0.703223,0.62864,3.47035,3.52307,0.569695,-0.0240894,0.565,-0.1,False,True
2.315,-0,0,1.37835,0.0693932,-0.0975054,1.64162,-0.767924,-4.30688,16.0468,1.37214,-0.601885,-2.37667,-0.604219,4.90877,0.887101,-0.0693932,0.0975054,0.0876848,-0,0,-11.1571,0.0623384,-0.0831811,-21.0079,-0.584347,0.781326,-19.7243,1.06683,0.0729847,-43.8533,-0.482481,-0.85431,1.73426,-0.0623384,0.0831811,-1.70519,0.626535,0.5548,3.68489,3.70297,0.572548,-0.0239638,0.565,-0.1,False,True
2.32,-0,0,1.54843,0.0688624,-0.114184,1.63252,-0.788607,-3.9528,18.709,1.36775,-1.15239,-1.71433,-0.579139,5.10519,0.771692,-0.0688624,0.114184,0.0812062,-0,0,-12.1089,0.0619021,-0.0908939,-19.9271,-0.580403,0.796486,-22.3066,1.06717,0.0634839,-44.4187,-0.486767,-0.85997,1.43524,-0.0619021,0.0908939,-1.65992,0.545105,0.47619,3.87459,3.85739,0.575373,-0.0238211,0.565,-0.1,False,True
2.325,-0,0,1.69726,0.0682514,-0.129583,1.63131,-0.807452,-3.57403,21.0599,1.36062,-1.69071,-0.963405,-0.553167,5.26474,0.650251,-0.0682514,0.129583,0.0748273,-0,0,-12.9052,0.0614295,-0.0978025,-19.0123,-0.576382,0.812151,-24.5645,1.06746,0.0533715,-44.932,-0.49108,-0.865523,1.18227,-0.0614295,0.0978025,-1.62175,0.460843,0.394643,4.03732,3.98468,0.578167,-0.0236624,0.565,-0.1,False,True
2.33,-0,0,1.82342,0.0675666,-0.143744,1.63829,-0.824347,-3.17578,23.0654,1.35084,-2.21094,-0.130919,-0.526492,5.38672,0.52523,-0.0675666,0.143744,0.0687468,-0,0,-13.5469,0.0609241,-0.104058,-18.2891,-0.572281,0.828208,-26.4832,1.0677,0.0426626,-45.4085,-0.495422,-0.87087,0.974963,-0.0609241,0.104058,-1.58967,0.375417,0.311749,4.17152,4.08371,0.580928,-0.023489,0.565,-0.1,False,True
2.335,-0,0,1.92625,0.0668139,-0.156744,1.65378,-0.83921,-2.76362,24.6997,1.33851,-2.70746,0.773608,-0.4993,5.47108,0.398717,-0.0668139,0.156744,0.0631338,-0,0,-14.0378,0.0603889,-0.10983,-17.7763,-0.5681,0.844582,-28.0547,1.06789,0.031383,-45.8616,-0.499789,-0.875965,0.812946,-0.0603889,0.10983,-1.56273,0.290193,0.228798,4.27619,4.15382,0.583653,-0.0233015,0.565,-0.1,False,True
2.34,-0,0,2.00586,0.0659991,-0.16869,1.67801,-0.851983,-2.34329,25.9452,1.32376,-3.17494,1.73845,-0.471781,5.51824,0.272363,-0.0659991,0.16869,0.0581215,-0,0,-14.3834,0.0598258,-0.115302,-17.4862,-0.563835,0.861241,-29.2769,1.06802,0.0195634,-46.3011,-0.504181,-0.880804,0.696145,-0.0598258,0.115302,-1.54036,0.206202,0.146757,4.35084,4.19478,0.586341,-0.0231004,0.565,-0.1,False,True
2.345,-0,0,2.06289,0.065127,-0.179712,1.71112,-0.862643,-1.92062,26.7922,1.30676,-3.60838,2.75007,-0.444118,5.529,0.147345,-0.065127,0.179712,0.0538057,-0,0,-14.5903,0.0592359,-0.120665,-17.4237,-0.559487,0.878185,-30.1522,1.06808,0.00723424,-46.7329,-0.508597,-0.88542,0.624691,-0.0592359,0.120665,-1.52251,0.124131,0.0662586,4.39542,4.20674,0.588991,-0.0228861,0.565,-0.1,False,True
2.35,-0,0,2.0984,0.064202,-0.189954,1.75306,-0.87119,-1.50134,27.2376,1.28768,-4.0031,3.79359,-0.416491,5.50444,0.0243705,-0.064202,0.189954,0.0502461,-0,0,-14.6642,0.0586192,-0.126108,-17.5876,-0.555054,0.895452,-30.6862,1.06809,-0.0055787,-47.1591,-0.513036,-0.889874,0.598595,-0.0586192,0.126108,-1.50968,0.0443426,-0.0123793,4.41023,4.1901,0.591604,-0.0226584,0.565,-0.1,False,True
2.355,-0,0,2.11373,0.0632275,-0.199572,1.80361,-0.877656,-1.09101,27.2847,1.26673,-4.35473,4.85332,-0.389073,5.44574,-0.0962894,-0.0632275,0.199572,0.0474707,-0,0,-14.6103,0.0579748,-0.131817,-17.9705,-0.550533,0.913103,-30.8868,1.06803,-0.0188583,-47.5779,-0.517496,-0.894244,0.617378,-0.0579748,0.131817,-1.50276,-0.033093,-0.089115,4.39583,4.14546,0.594177,-0.0224171,0.565,-0.1,False,True
2.36,-0,0,2.11034,0.0622063,-0.208719,1.86232,-0.8821,-0.694934,26.9413,1.24413,-4.65921,5.91327,-0.362033,5.35414,-0.214735,-0.0622063,0.208719,0.0454815,-0,0,-14.4316,0.057301,-0.137966,-18.5599,-0.545922,0.931218,-30.7627,1.0679,-0.0325985,-47.9843,-0.521978,-0.898619,0.679885,-0.057301,0.137966,-1.50286,-0.108345,-0.164135,4.35295,4.07352,0.596713,-0.0221614,0.565,-0.1,False,True
2.365,-0,0,2.0897,0.0611403,-0.217552,1.92855,-0.884605,-0.318095,26.219,1.22014,-4.91273,6.95763,-0.335532,5.23082,-0.33135,-0.0611403,0.217552,0.0442599,-0,0,-14.1297,0.0565951,-0.144715,-19.3395,-0.54122,0.949888,-30.3231,1.0677,-0.046806,-48.37,-0.526482,-0.903082,0.784414,-0.0565951,0.144715,-1.51121,-0.181759,-0.237793,4.28242,3.97502,0.599212,-0.0218906,0.565,-0.1,False,True
2.37,-0,0,2.05326,0.0600308,-0.226218,2.00146,-0.885281,0.0349048,25.1326,1.19501,-5.11174,7.97118,-0.309725,5.07683,-0.4467,-0.0600308,0.226218,0.0437727,-0,0,-13.7046,0.0558538,-0.15221,-20.2893,-0.536424,0.969208,-29.577,1.06743,-0.0615003,-48.7242,-0.531009,-0.907708,0.929207,-0.0558538,0.15221,-1.52907,-0.253792,-0.310539,4.18505,3.85068,0.601674,-0.0216034,0.565,-0.1,False,True
2.375,-0,0,2.00244,0.0588781,-0.234858,2.08,-0.884256,0.359859,23.6992,1.16902,-5.25294,8.93959,-0.284764,4.89308,-0.561418,-0.0588781,0.234858,0.0439753,-0,0,-13.1552,0.055073,-0.160577,-21.387,-0.531528,0.989269,-28.5337,1.06709,-0.0767139,-49.0339,-0.535559,-0.912555,1.11317,-0.055073,0.160577,-1.55781,-0.324932,-0.38285,4.06164,3.70113,0.604103,-0.0212985,0.565,-0.1,False,True
2.38,-0,0,1.93861,0.0576822,-0.243604,2.16293,-0.881682,0.652989,21.939,1.14248,-5.33329,9.84964,-0.260794,4.6803,-0.676073,-0.0576822,0.243604,0.0448158,-0,0,-12.4807,0.0542481,-0.16992,-22.6081,-0.526531,1.01015,-27.203,1.06667,-0.0924905,-49.284,-0.540134,-0.917659,1.33658,-0.0542481,0.16992,-1.59889,-0.39562,-0.455144,3.91293,3.52696,0.6065,-0.0209744,0.565,-0.1,False,True
2.385,-0,0,1.86316,0.0564421,-0.252576,2.24882,-0.877726,0.910969,19.8754,1.11569,-5.35008,10.6893,-0.237961,4.43911,-0.791044,-0.0564421,0.252576,0.0462366,-0,0,-11.6813,0.0533738,-0.180326,-23.9264,-0.521427,1.03191,-25.5965,1.06616,-0.108884,-49.4583,-0.544736,-0.923029,1.60159,-0.0533738,0.180326,-1.6538,-0.466169,-0.527706,3.7396,3.32868,0.608869,-0.0206293,0.565,-0.1,False,True
2.39,-0,0,1.77757,0.0551564,-0.261883,2.33604,-0.872572,1.13097,17.5365,1.08898,-5.30101,11.4476,-0.216403,4.17004,-0.906375,-0.0551564,0.261883,0.0481762,-0,0,-10.7592,0.0524448,-0.191855,-25.3141,-0.516212,1.0546,-23.7295,1.06558,-0.125954,-49.54,-0.549365,-0.928643,1.91218,-0.0524448,0.191855,-1.72401,-0.536679,-0.600596,3.54231,3.10679,0.611211,-0.0202615,0.565,-0.1,False,True
2.395,-0,0,1.68348,0.0538233,-0.271621,2.42278,-0.866417,1.3107,14.9564,1.06268,-5.18437,12.1145,-0.19626,3.87367,-1.02164,-0.0538233,0.271621,0.0505697,-0,0,-9.72076,0.0514553,-0.204548,-26.7418,-0.510881,1.07822,-21.6227,1.0649,-0.143768,-49.5135,-0.554022,-0.934453,2.2734,-0.0514553,0.204548,-1.81058,-0.606947,-0.673572,3.32177,2.86181,0.613532,-0.019869,0.565,-0.1,False,True
2.4,-0,0,1.58275,0.0524402,-0.281872,2.5071,-0.859465,1.44852,12.1771,1.03713,-4.99923,12.6808,-0.177667,3.55071,-1.13582,-0.0524402,0.281872,0.0533496,-0,0,-8.57652,0.0503993,-0.218419,-28.1781,-0.50543,1.10277,-19.305,1.06414,-0.162393,-49.366,-0.558709,-0.940381,2.6899,-0.0503993,0.218419,-1.91383,-0.676389,-0.745999,3.07882,2.59443,0.615835,-0.0194498,0.565,-0.1,False,True
2.405,-0,0,1.47753,0.0510045,-0.292706,2.5869,-0.851932,1.54352,9.24995,1.01268,-4.74571,13.1374,-0.160753,3.2022,-1.24716,-0.0510045,0.292706,0.0564466,-0,0,-7.34282,0.0492711,-0.233459,-29.59,-0.499853,1.12823,-16.8159,1.06328,-0.181898,-49.0896,-0.563426,-0.946327,3.16376,-0.0492711,0.233459,-2.03283,-0.743968,-0.816789,2.81456,2.30558,0.618124,-0.0190019,0.565,-0.1,False,True
2.41,-0,0,1.37023,0.0495132,-0.304179,2.65997,-0.84403,1.59568,6.23721,0.989675,-4.42535,13.4755,-0.145645,2.82967,-1.35312,-0.0495132,0.304179,0.05979,-0,0,-6.04202,0.0480647,-0.249635,-30.9422,-0.494147,1.15453,-14.2071,1.06232,-0.202352,-48.6834,-0.568173,-0.952175,3.69204,-0.0480647,0.249635,-2.16492,-0.808143,-0.884348,2.53049,1.99661,0.620403,-0.0185234,0.565,-0.1,False,True
2.415,-0,0,1.26346,0.0479628,-0.316331,2.72409,-0.835975,1.60604,3.21179,0.968431,-4.04143,13.6856,-0.132456,2.43539,-1.45036,-0.0479628,0.316331,0.0633091,-0,0,-4.70237,0.0467747,-0.266887,-32.1982,-0.488308,1.18162,-11.5435,1.06126,-0.223822,-48.1556,-0.572948,-0.957801,4.26438,-0.0467747,0.266887,-2.30534,-0.866867,-0.946572,2.22865,1.66942,0.622678,-0.0180124,0.565,-0.1,False,True
2.42,-0,0,1.1599,0.0463499,-0.329191,2.77701,-0.82797,1.5768,0.255964,0.949261,-3.59929,13.7581,-0.121291,2.02249,-1.5348,-0.0463499,0.329191,0.0669339,-0,0,-3.35711,0.0453959,-0.285133,-33.3205,-0.482331,1.20946,-8.90222,1.06008,-0.246376,-47.5239,-0.577751,-0.963083,4.86163,-0.0453959,0.285133,-2.44714,-0.917624,-1.00089,1.91178,1.32662,0.624954,-0.0174672,0.565,-0.1,False,True
2.425,-0,0,1.06207,0.0446709,-0.342772,2.81656,-0.820207,1.51148,-2.5421,0.932438,-3.10669,13.6824,-0.112231,1.59521,-1.6018,-0.0446709,0.342772,0.0705969,-0,0,-2.04273,0.0439234,-0.30427,-34.272,-0.476213,1.23799,-6.36902,1.05879,-0.270085,-46.8148,-0.582579,-0.96791,5.45582,-0.0439234,0.30427,-2.58137,-0.957542,-1.04437,1.58347,0.97166,0.627234,-0.0168861,0.565,-0.1,False,True
2.43,-0,0,0.972059,0.0429221,-0.357077,2.84075,-0.812855,1.41495,-5.09386,0.918194,-2.57389,13.4479,-0.105339,1.15894,-1.64643,-0.0429221,0.357077,0.0742335,-0,0,-0.796285,0.0423532,-0.324172,-35.0178,-0.469951,1.26722,-4.03261,1.05738,-0.295023,-46.0615,-0.58743,-0.972192,6.01227,-0.0423532,0.324172,-2.69774,-0.983575,-1.07391,1.24819,0.608917,0.629524,-0.0162676,0.565,-0.1,False,True
2.435,-0,0,0.891304,0.0411001,-0.372093,2.84781,-0.806057,1.29342,-7.31753,0.906699,-2.0137,13.0436,-0.100642,0.72028,-1.66386,-0.0411001,0.372093,0.0777826,-0,0,0.347708,0.0406817,-0.344697,-35.5266,-0.463541,1.29714,-1.97652,1.05584,-0.321276,-45.2985,-0.592301,-0.975864,6.49367,-0.0406817,0.344697,-2.78553,-0.992727,-1.08645,0.911353,0.243707,0.631827,-0.0156107,0.565,-0.1,False,True
2.44,-0,0,0.820332,0.0392012,-0.387798,2.83628,-0.799921,1.15422,-9.1459,0.898057,-1.44116,12.4591,-0.0981358,0.286942,-1.64975,-0.0392012,0.387798,0.0811852,-0,0,1.36063,0.0389062,-0.365692,-35.7732,-0.45698,1.32782,-0.270133,1.05417,-0.348939,-44.5568,-0.597188,-0.978882,6.86584,-0.0389062,0.365692,-2.83484,-0.982312,-1.07925,0.579235,-0.117757,0.634148,-0.0149142,0.565,-0.1,False,True
2.445,-0,0,0.75867,0.0372221,-0.404158,2.80514,-0.794515,1.00559,-10.5333,0.892288,-0.873192,11.6846,-0.0977726,-0.132401,-1.60061,-0.0372221,0.404158,0.0843805,-0,0,2.22253,0.0370248,-0.386993,-35.7397,-0.450263,1.35934,1.03974,1.05235,-0.378116,-43.857,-0.602089,-0.981221,7.10395,-0.0370248,0.386993,-2.83799,-0.950173,-1.05006,0.258833,-0.468508,0.63649,-0.0141776,0.565,-0.1,False,True
2.45,-0,0,0.704884,0.0351596,-0.421126,2.75381,-0.789865,0.856253,-11.4603,0.889325,-0.327862,10.7114,-0.0994598,-0.528392,-1.51402,-0.0351596,0.421126,0.0872986,-0,0,2.92369,0.0350363,-0.408428,-35.4165,-0.443386,1.39178,1.93471,1.05039,-0.40892,-43.2048,-0.607,-0.982864,7.19842,-0.0350363,0.408428,-2.79087,-0.894839,-0.99733,-0.0423378,-0.801013,0.638857,-0.0134003,0.565,-0.1,False,True
2.455,-0,0,0.656769,0.0330108,-0.438639,2.68221,-0.785952,0.715004,-11.9342,0.889009,0.176271,9.53157,-0.103057,-0.891274,-1.3887,-0.0330108,0.438639,0.0898488,-0,0,3.46443,0.0329405,-0.429828,-34.8024,-0.436345,1.42525,2.42683,1.04826,-0.441464,-42.5869,-0.611918,-0.983789,7.15957,-0.0329405,0.429828,-2.69473,-0.81555,-0.920184,-0.316481,-1.1074,0.64125,-0.0125824,0.565,-0.1,False,True
2.46,-0,0,0.611647,0.0307732,-0.456614,2.59074,-0.782715,0.590317,-11.9862,0.891088,0.620861,8.13801,-0.108373,-1.21118,-1.22431,-0.0307732,0.456614,0.0919011,-0,0,3.85283,0.030738,-0.451018,-33.9039,-0.429134,1.4598,2.55622,1.04597,-0.475852,-41.9697,-0.616838,-0.983951,7.02144,-0.030738,0.451018,-2.55855,-0.712166,-0.818326,-0.555753,-1.37968,0.643672,-0.0117241,0.565,-0.1,False,True
2.465,-0,0,0.566703,0.0284447,-0.474936,2.48016,-0.780049,0.490012,-11.6635,0.895218,0.988316,6.52342,-0.115168,-1.47833,-1.02114,-0.0284447,0.474936,0.0932581,-0,0,4.10026,0.0284303,-0.471822,-32.7342,-0.421747,1.49544,2.38498,1.0435,-0.512165,-41.2978,-0.621758,-0.983273,6.84638,-0.0284303,0.471822,-2.40326,-0.584948,-0.691796,-0.752438,-1.60992,0.646124,-0.0108259,0.565,-0.1,False,True
2.47,-0,0,0.519234,0.0260239,-0.493443,2.35129,-0.777815,0.421058,-11.0194,0.900971,1.26209,4.67975,-0.123156,-1.68315,-0.779558,-0.0260239,0.493443,0.0936113,-0,0,4.21466,0.0260198,-0.492051,-31.3122,-0.414179,1.53208,1.98923,1.04085,-0.550447,-40.4915,-0.626671,-0.98163,6.73401,-0.0260198,0.492051,-2.27057,-0.434265,-0.540631,-0.899053,-1.79027,0.648607,-0.00988868,0.565,-0.1,False,True
2.475,-0,0,0.466971,0.0235103,-0.511898,2.20667,-0.775839,0.389546,-10.1477,0.907838,1.42666,2.70415,-0.132,-1.81621,-0.513576,-0.0235103,0.511898,0.0923324,-0,0,4.19071,0.0235098,-0.511489,-29.7641,-0.406426,1.56951,1.48471,1.038,-0.590679,-39.4538,-0.631574,-0.97883,6.91283,-0.0235098,0.511489,-2.34257,-0.26916,-0.373243,-0.988333,-1.91298,0.651121,-0.00891375,0.565,-0.1,False,True
2.48,-0,0,0.0812841,0.0209049,-0.529894,0.688846,-0.773919,0.396798,-5.45077,0.915237,1.47885,1.24299,-0.141318,-1.87565,-0.0684866,-0.0209049,0.529894,0.100408,-0,0,3.91244,0.0209049,-0.529846,-23.6954,-0.398484,1.60732,-2.75754,1.03494,-0.632731,-39.6101,-0.636459,-0.974585,3.81474,-0.0209049,0.529846,0.301097,0.0131762,-0.0987194,-1.01923,-1.97623,0.653666,-0.00790287,0.565,-0.1,True,True
2.485,-0,0,-0.142504,0.0182113,-0.546717,-0.157943,-0.771871,0.426722,-2.56228,0.922627,1.46456,0.470902,-0.150756,-1.89128,0.167656,-0.0182113,0.546717,0.114046,-0,0,3.5007,0.0182113,-0.546717,-20.3646,-0.390353,1.64478,-5.129,1.03167,-0.676309,-38.8417,-0.64132,-0.968472,3.42968,-0.0182113,0.546717,0.40787,0.168357,0.0417513,-1.01626,-2.00327,0.65624,-0.00685846,0.578095,-0.0880952,True,True
2.49,-0,0,-0.372302,0.0154377,-0.56173,-1.03082,-0.769652,0.460764,0.76606,0.929883,1.4363,0.0155745,-0.160231,-1.89706,0.354591,-0.0154377,0.56173,0.147931,-0,0,2.96832,0.0154377,-0.56173,-16.6363,-0.382037,1.68114,-7.87265,1.02818,-0.721029,-37.963,-0.646144,-0.960116,2.9573,-0.0154377,0.56173,0.521798,0.304265,0.140127,-1.0071,-2.02073,0.65884,-0.00578392,0.59119,-0.0761905,True,True
2.495,-0,0,-0.539014,0.012594,-0.57468,-1.61396,-0.767263,0.494823,3.96921,0.93699,1.40502,-0.688597,-0.169727,-1.89984,0.51819,-0.012594,0.57468,0.218008,-0,0,2.40282,0.012594,-0.57468,-12.9505,-0.373542,1.7159,-10.4166,1.02446,-0.766544,-36.7523,-0.650921,-0.949357,2.5161,-0.012594,0.57468,0.671665,0.445961,0.203733,-0.997458,-2.03387,0.661463,-0.00468316,0.604286,-0.0642857,True,True
2.5,-0,0,-0.620482,0.00969091,-0.585483,-1.79005,-0.764704,0.528641,6.79874,0.943933,1.37083,-1.75852,-0.179229,-1.89947,0.661395,-0.00969091,0.585483,0.333487,-0,0,1.85374,0.00969091,-0.585483,-9.5453,-0.364878,1.74873,-12.5399,1.02052,-0.812549,-35.1987,-0.655638,-0.936181,2.12633,-0.00969091,0.585483,0.831733,0.600439,0.22925,-0.987295,-2.04249,0.664104,-0.00356033,0.617381,-0.052381,True,True
2.505,-0,0,-0.61194,0.0067392,-0.594109,-1.52281,-0.761977,0.561979,9.15839,0.950698,1.33397,-3.1917,-0.188722,-1.89595,0.782156,-0.0067392,0.594109,0.498067,-0,0,1.34494,0.0067392,-0.594109,-6.52729,-0.356054,1.77941,-14.1685,1.01634,-0.858756,-33.331,-0.660283,-0.920653,1.78368,-0.0067392,0.594109,0.977757,0.768492,0.213278,-0.976632,-2.04658,0.66676,-0.00241967,0.630476,-0.0404762,True,True
2.51,-0,0,-0.514083,0.00374981,-0.600553,-0.801893,-0.759084,0.59461,11.0124,0.957273,1.29472,-4.97931,-0.198189,-1.88933,0.881032,-0.00374981,0.600553,0.713681,-0,0,0.88755,0.00374981,-0.600553,-3.93933,-0.347083,1.80776,-15.2779,1.01193,-0.904882,-31.1711,-0.664844,-0.902879,1.48273,-0.00374981,0.600553,1.0965,0.951561,0.155026,-0.965512,-2.04617,0.669426,-0.0012654,0.643571,-0.0285714,True,True
2.515,-0,0,-0.329243,0.000733664,-0.60482,0.374693,-0.756031,0.626312,12.3517,0.963645,1.25335,-7.1135,-0.207615,-1.87966,0.959446,-0.000733664,0.60482,0.98182,-0,0,0.48659,0.000733664,-0.60482,-1.79501,-0.337977,1.83363,-15.8636,1.00729,-0.950643,-28.7328,-0.669311,-0.882985,1.21818,-0.000733664,0.60482,1.18038,1.15138,0.0544797,-0.953985,-2.04133,0.672098,-0.000101747,0.656667,-0.0166667,True,True
2.52,-0,0,-0.0596287,-0.00229838,-0.606911,2.00844,-0.752821,0.656869,13.1756,0.969806,1.21017,-9.58984,-0.216985,-1.86703,1.01837,0.00229838,0.606911,1.30354,-0,0,0.144554,-0.00229838,-0.606911,-0.0974396,-0.328747,1.85685,-15.9269,1.00242,-0.995741,-26.0243,-0.673674,-0.86111,0.984913,0.00229838,0.606911,1.224,1.36915,-0.08842,-0.942107,-2.03212,0.674771,0.00106708,0.669762,-0.0047619,True,True
2.525,-0,0,0.293022,-0.00533545,-0.606825,4.10157,-0.749462,0.686067,13.4839,0.975747,1.16545,-12.4063,-0.226285,-1.85152,1.05678,0.00533545,0.606825,1.67801,-0,0,-0.136802,-0.00533545,-0.606825,1.1514,-0.319408,1.87727,-15.4691,0.997331,-1.03987,-23.0514,-0.677923,-0.837401,0.777961,0.00533545,0.606825,1.22226,1.60377,-0.27395,-0.929934,-2.01862,0.677442,0.00223691,0.682857,0.00714286,True,True
2.53,-0,0,0.726504,-0.00836664,-0.604554,6.65276,-0.74596,0.713695,13.2746,0.981461,1.1195,-15.5597,-0.235501,-1.8332,1.06928,0.00836664,0.604554,2.09923,-0,0,-0.355836,-0.00836664,-0.604554,1.94779,-0.309974,1.89473,-14.4923,0.992023,-1.08272,-19.8241,-0.682048,-0.812012,0.592471,0.00836664,0.604554,1.16974,1.84846,-0.502229,-0.91753,-2.00089,0.680106,0.00340355,0.695952,0.0190476,True,True
2.535,-0,0,1.23547,-0.011381,-0.600081,9.64635,-0.742325,0.739555,12.5485,0.986942,1.0726,-19.0379,-0.244617,-1.81216,1.04227,0.011381,0.600081,2.54991,-0,0,-0.511106,-0.011381,-0.600081,2.28868,-0.300461,1.90909,-13.0058,0.986504,-1.12397,-16.3653,-0.686043,-0.785114,0.424172,0.011381,0.600081,1.06154,2.08494,-0.772221,-0.904975,-1.97899,0.682758,0.0045628,0.709048,0.0309524,True,True
2.54,-0,0,1.80607,-0.0143674,-0.59339,13.0324,-0.738565,0.763472,11.3191,0.992187,1.02507,-22.8071,-0.253622,-1.78854,0.947803,0.0143674,0.59339,2.99134,-0,0,-0.601951,-0.0143674,-0.59339,2.18036,-0.290884,1.92024,-11.0417,0.980783,-1.16334,-12.7256,-0.689899,-0.756903,0.270498,0.0143674,0.59339,0.895902,2.27379,-1.07982,-0.892383,-1.95303,0.685394,0.00571044,0.722143,0.0428571,True,True
2.545,-0,0,2.40663,-0.0173149,-0.584471,16.6923,-0.73469,0.785319,9.63359,0.997193,0.977247,-26.7902,-0.262503,-1.76257,0.734429,0.0173149,0.584471,3.34719,-0,0,-0.629588,-0.0173149,-0.584471,1.6556,-0.281259,1.92818,-8.68068,0.97487,-1.20057,-9.00721,-0.693612,-0.727611,0.132474,0.0173149,0.584471,0.67914,2.33949,-1.41454,-0.87993,-1.9232,0.688011,0.00684223,0.735238,0.0547619,True,True
2.55,-0,0,2.97335,-0.0202122,-0.573332,20.3844,-0.730712,0.805058,7.6078,1.00196,0.929551,-30.8304,-0.271248,-1.73461,0.314478,0.0202122,0.573332,3.47995,-0,0,-0.599296,-0.0202122,-0.573332,0.802477,-0.271602,1.9331,-6.09607,0.968777,-1.23556,-5.40175,-0.697175,-0.697535,0.0165945,0.0202122,0.573332,0.432514,2.14902,-1.75405,-0.867893,-1.88979,0.690605,0.00795393,0.748333,0.0666667,True,True
2.555,-0,0,3.39385,-0.0230482,-0.560023,23.6693,-0.72664,0.822808,5.47887,1.00649,0.882495,-34.6365,-0.279849,-1.7053,-0.444922,0.0230482,0.560023,3.1676,-0,0,-0.525551,-0.0230482,-0.560023,-0.195896,-0.261928,1.93549,-3.61785,0.962515,-1.26843,-2.24459,-0.700587,-0.667059,-0.0663737,0.0230482,0.560023,0.197569,1.4928,-2.05655,-0.856718,-1.85337,0.693171,0.00904135,0.761429,0.0785714,True,True
2.56,-0,0,3.34188,-0.0258124,-0.544679,26.3816,-0.722484,0.838949,4.1478,1.01078,0.836746,-37.6017,-0.288301,-1.6757,-1.34361,0.0258124,0.544679,2.52032,-0,0,-0.422912,-0.0258124,-0.544679,-1.14015,-0.252247,1.93632,-2.09737,0.956093,-1.2996,0.277942,-0.703846,-0.63672,-0.10682,0.0258124,0.544679,0.0328098,0.558609,-2.25766,-0.847102,-1.8149,0.695709,0.0101004,0.774524,0.0904762,True,True
2.565,-0,0,2.07469,-0.028495,-0.52758,30.6237,-0.71825,0.853377,4.91795,1.01486,0.79231,-40.0899,-0.296606,-1.64569,-2.2217,0.028495,0.52758,3.41263,-0,0,-0.130386,-0.028495,-0.52769,-2.46232,-0.242564,1.92232,-2.40113,0.949519,-1.31123,3.48272,-0.706954,-0.611082,-0.128996,0.028495,0.52769,-0.0881727,0.499118,-3.31086,-0.838703,-1.77455,0.698218,0.0111275,0.785,0.1,True,False
2.57,-0,0,-0.660824,-0.0310882,-0.50917,31.6088,-0.71395,0.8644,11.8706,1.01871,0.747676,-35.5743,-0.304758,-1.61208,1.45083,0.0310882,0.50917,2.61653,-0,0,0.0201443,-0.0310893,-0.509865,-2.6266,-0.233024,1.84984,-8.40238,0.94298,-1.24705,3.55053,-0.709957,-0.602789,-0.285548,0.0310893,0.509865,-0.0904563,2.39394,-0.564669,-0.828582,-1.73019,0.7007,0.0121197,0.785,0.1,True,False
2.575,-0,0,-4.00347,-0.0335867,-0.489895,32.7601,-0.709606,0.870915,19.8408,1.02233,0.702212,-30.602,-0.312726,-1.57313,4.87475,0.0335867,0.489895,2.44922,-0,0,0.230003,-0.0335936,-0.491978,-2.78924,-0.224066,1.6906,-15.4245,0.937048,-1.07049,3.55946,-0.712982,-0.620109,-0.464512,0.0335936,0.491978,-0.0897802,4.48976,1.67159,-0.814965,-1.68088,0.703162,0.0130749,0.785,0.1,True,False
2.58,-0,0,-7.26584,-0.0359871,-0.470078,33.7017,-0.705241,0.873503,26.8615,1.02573,0.656943,-26.4912,-0.320489,-1.53045,6.99753,0.0359871,0.470078,2.42021,-0,0,0.461658,-0.0360091,-0.474414,-2.93516,-0.216118,1.452,-21.8222,0.932276,-0.790926,3.48423,-0.716158,-0.66107,-0.622013,0.0360091,0.474414,-0.0876098,5.8373,3.01475,-0.79884,-1.62819,0.70561,0.0139919,0.785,0.1,True,False
2.585,-0,0,-10.2629,-0.0382875,-0.449937,34.4273,-0.700871,0.872802,32.8071,1.0289,0.612714,-23.179,-0.328031,-1.48552,8.20402,0.0382875,0.449937,2.42544,-0,0,0.699137,-0.0383378,-0.457379,-3.06281,-0.209546,1.14564,-27.3947,0.929139,-0.424174,3.33164,-0.719593,-0.721464,-0.750017,0.0383378,0.457379,-0.0846838,6.62095,3.76467,-0.781186,-1.5735,0.708054,0.0148701,0.785,0.1,True,False
2.59,-0,0,-12.9084,-0.0404865,-0.429622,34.98,-0.696513,0.869315,37.7497,1.03186,0.570061,-20.5159,-0.335344,-1.43938,8.87735,0.0404865,0.429622,2.43905,-0,0,0.931674,-0.0405828,-0.44097,-3.17198,-0.204661,0.782925,-32.1291,0.928034,0.013151,3.11,-0.723372,-0.796076,-0.845439,0.0405828,0.44097,-0.0814833,7.06941,4.17598,-0.762693,-1.51777,0.710502,0.0157089,0.785,0.1,True,False
2.595,-0,0,-15.1478,-0.0425837,-0.409233,35.4024,-0.692178,0.863465,41.7323,1.0346,0.529332,-18.4284,-0.342425,-1.3928,9.23866,0.0425837,0.409233,2.45183,-0,0,1.15034,-0.0427475,-0.425199,-3.26223,-0.201717,0.375188,-36.0194,0.92927,0.503633,2.82639,-0.727554,-0.878821,-0.905931,0.0427475,0.425199,-0.0783737,7.31804,4.39242,-0.743883,-1.46171,0.712961,0.0165082,0.785,0.1,True,False
2.6,-0,0,-16.9525,-0.0445788,-0.388831,35.7322,-0.687878,0.855635,44.7898,1.03715,0.490753,-16.8799,-0.349272,-1.34639,9.41182,0.0445788,0.388831,2.46228,-0,0,1.34793,-0.0448348,-0.410018,-3.33311,-0.200909,-0.066359,-39.0728,0.93307,1.02934,2.48773,-0.732161,-0.962981,-0.930256,0.0448348,0.410018,-0.075632,7.44482,4.49247,-0.72518,-1.40584,0.715439,0.017268,0.785,0.1,True,False
2.605,-0,0,-18.315,-0.046472,-0.368447,35.9999,-0.683622,0.846182,46.9642,1.03951,0.454465,-15.8438,-0.355889,-1.30065,9.46697,0.046472,0.368447,2.47171,-0,0,1.51902,-0.0468477,-0.395332,-3.38425,-0.20238,-0.530805,-41.3156,0.939564,1.57234,2.10147,-0.737183,-1.04153,-0.918539,0.0468477,0.395332,-0.0734628,7.49512,4.5193,-0.706955,-1.3506,0.717941,0.0179883,0.785,0.1,True,False
2.61,-0,0,-19.2458,-0.0482633,-0.348091,36.227,-0.679416,0.835451,48.3111,1.04169,0.420552,-15.2891,-0.362279,-1.256,9.44587,0.0482633,0.348091,2.48158,-0,0,1.65996,-0.0487881,-0.381008,-3.41541,-0.206218,-1.00782,-42.7938,0.948794,2.11535,1.67588,-0.742576,-1.10753,-0.872339,0.0487881,0.381008,-0.0720091,7.4964,4.49827,-0.689532,-1.29633,0.720472,0.0186693,0.785,0.1,True,False
2.615,-0,0,-19.77,-0.0499529,-0.327758,36.4264,-0.675267,0.823768,48.9016,1.04372,0.389044,-15.1742,-0.368449,-1.21281,9.37569,0.0499529,0.327758,2.49248,-0,0,1.76884,-0.0506577,-0.366894,-3.42655,-0.212459,-1.48794,-43.5717,0.960717,2.64237,1.22001,-0.748259,-1.15443,-0.794549,0.0506577,0.366894,-0.0713594,7.46631,4.44604,-0.673198,-1.24329,0.723035,0.0193111,0.785,0.1,True,False
2.62,-0,0,-19.923,-0.0515409,-0.307437,36.6027,-0.671178,0.811441,48.818,1.04559,0.359932,-15.4472,-0.374407,-1.17137,9.27537,0.0515409,0.307437,2.50397,-0,0,1.84536,-0.0524571,-0.352824,-3.41785,-0.221097,-1.9628,-43.7271,0.975217,3.13926,0.743375,-0.75412,-1.17646,-0.689132,0.0524571,0.352824,-0.0715553,7.41673,4.37475,-0.658199,-1.19171,0.725634,0.019914,0.785,0.1,True,False
2.625,-0,0,-19.7467,-0.0530273,-0.287113,36.7544,-0.667153,0.798758,48.1485,1.04731,0.333176,-16.05,-0.380162,-1.13193,9.15812,0.0530273,0.287113,2.51492,-0,0,1.89048,-0.054186,-0.338629,-3.38982,-0.232087,-2.42529,-43.3441,0.99211,3.5941,0.255399,-0.760023,-1.16881,-0.560766,0.054186,0.338629,-0.0725967,7.35552,4.29331,-0.644738,-1.14176,0.728268,0.020478,0.785,0.1,True,False
2.63,-0,0,-19.2853,-0.054412,-0.266777,36.8753,-0.663191,0.785987,46.9802,1.04892,0.308703,-16.9228,-0.385726,-1.09469,9.03207,0.054412,0.266777,2.52402,-0,0,1.90615,-0.0558434,-0.324143,-3.3433,-0.24535,-2.86957,-42.5067,1.01116,3.99737,-0.235032,-0.765808,-1.12779,-0.414473,0.0558434,0.324143,-0.0744489,7.28716,4.20756,-0.63298,-1.09359,0.730939,0.0210035,0.785,0.1,True,False
2.635,-0,0,-18.5817,-0.0556951,-0.246425,36.9564,-0.659293,0.773373,45.3933,1.0504,0.286421,-18.0093,-0.391109,-1.05979,8.90054,0.0556951,0.246425,2.53012,-0,0,1.89484,-0.0574274,-0.309212,-3.27951,-0.260782,-3.29105,-41.2925,1.03208,4.34191,-0.719994,-0.771301,-1.05087,-0.25529,0.0574274,0.309212,-0.0770473,7.21315,4.12024,-0.623047,-1.0473,0.733646,0.0214906,0.785,0.1,True,False
2.64,-0,0,-17.6752,-0.0568763,-0.226063,36.9876,-0.655457,0.761146,43.4572,1.05178,0.266219,-19.2597,-0.396324,-1.02737,8.76256,0.0568763,0.226063,2.53249,-0,0,1.85922,-0.0589355,-0.293696,-3.2001,-0.27826,-3.68618,-39.7683,1.05458,4.6228,-1.19274,-0.776317,-0.936612,-0.0880268,0.0589355,0.293696,-0.0803024,7.13243,4.03118,-0.615026,-1.00298,0.736388,0.0219395,0.785,0.1,True,False
2.645,-0,0,-16.5996,-0.0579557,-0.205706,36.958,-0.651681,0.749518,41.2281,1.05306,0.247975,-20.6322,-0.401383,-0.997493,8.61383,0.0579557,0.205706,2.5308,-0,0,1.80189,-0.0603644,-0.277475,-3.10708,-0.297644,-4.05233,-37.9883,1.07831,4.837,-1.64776,-0.780667,-0.784664,0.0828724,0.0603644,0.277475,-0.0841032,7.04202,3.9379,-0.608974,-0.960725,0.739165,0.0223506,0.785,0.1,True,False
2.65,-0,0,-15.3829,-0.0589333,-0.185385,36.8573,-0.647962,0.738691,38.7496,1.05426,0.231554,-22.093,-0.406299,-0.970245,8.44798,0.0589333,0.185385,2.52496,-0,0,1.72513,-0.0617103,-0.260455,-3.00283,-0.318784,-4.3875,-35.9932,1.10295,4.9831,-2.08061,-0.784164,-0.595599,0.25339,0.0617103,0.260455,-0.0883201,6.93767,3.83645,-0.604917,-0.920591,0.741974,0.022724,0.785,0.1,True,False
2.655,-0,0,-14.0476,-0.0598095,-0.165139,36.6753,-0.644294,0.728853,36.0534,1.05538,0.216815,-23.6154,-0.411085,-0.945668,8.25776,0.0598095,0.165139,2.51498,-0,0,1.63079,-0.0629689,-0.242566,-2.89002,-0.341519,-4.69015,-33.8115,1.12814,5.06099,-2.48774,-0.786623,-0.37083,0.419925,0.0629689,0.242566,-0.0928074,6.81466,3.72233,-0.602857,-0.882649,0.744812,0.0230604,0.785,0.1,True,False
2.66,-0,0,-12.6114,-0.0605847,-0.145022,36.4024,-0.640673,0.720181,33.1619,1.05643,0.203609,-25.1784,-0.415756,-0.923791,8.03613,0.0605847,0.145022,2.50077,-0,0,1.52027,-0.0641359,-0.223772,-2.77151,-0.365685,-4.95904,-31.4611,1.15356,5.07155,-2.86616,-0.787872,-0.112515,0.579246,0.0641359,0.223772,-0.0974053,6.66827,3.59116,-0.602771,-0.846966,0.747678,0.02336,0.785,0.1,True,False
2.665,-0,0,-11.0886,-0.0612598,-0.125098,36.0297,-0.637093,0.712843,30.0911,1.05742,0.191784,-26.7647,-0.420323,-0.904626,7.77704,0.0612598,0.125098,2.48206,-0,0,1.39451,-0.0652066,-0.204068,-2.65023,-0.39111,-5.19301,-28.9523,1.17886,5.01648,-3.21312,-0.787748,0.176531,0.728441,0.0652066,0.204068,-0.101943,6.49436,3.43933,-0.604612,-0.813602,0.750568,0.0236234,0.785,0.1,True,False
2.67,-0,0,-9.49124,-0.0618357,-0.105445,35.549,-0.633545,0.706989,26.8532,1.05835,0.181178,-28.3592,-0.424802,-0.888167,7.47616,0.0618357,0.105445,2.45834,-0,0,1.25412,-0.0661766,-0.183483,-2.52905,-0.417615,-5.39096,-26.29,1.20372,4.89806,-3.52584,-0.786107,0.492902,0.864866,0.0661766,0.183483,-0.106241,6.28972,3.2644,-0.608309,-0.782614,0.75348,0.0238513,0.785,0.1,True,False
2.675,-0,0,-7.83065,-0.0623142,-0.086148,34.9535,-0.630023,0.702754,23.4599,1.05923,0.171629,-29.9476,-0.429205,-0.874384,7.13135,0.0623142,0.086148,2.42886,-0,0,1.09947,-0.0670415,-0.162082,-2.41067,-0.445019,-5.55172,-23.4771,1.22784,4.71906,-3.80123,-0.782819,0.832662,0.986124,0.0670415,0.162082,-0.110118,6.05249,3.06544,-0.613763,-0.754053,0.75641,0.0240444,0.785,0.1,True,False
2.68,-0,0,-6.11847,-0.0626972,-0.0673036,34.2377,-0.626517,0.700252,19.9245,1.06006,0.162968,-31.5156,-0.433546,-0.86322,6.74299,0.0626972,0.0673036,2.39276,-0,0,0.930893,-0.0677974,-0.139967,-2.29746,-0.473132,-5.67408,-20.5162,1.25091,4.48269,-4.03571,-0.77778,1.1914,1.09007,0.0677974,0.139967,-0.113399,5.78234,2.84315,-0.620849,-0.727956,0.759356,0.0242036,0.785,0.1,True,False
2.685,-0,0,-4.36771,-0.0629872,-0.0490133,33.3989,-0.62302,0.699568,16.2642,1.06086,0.155023,-33.0483,-0.437837,-0.854591,6.3141,0.0629872,0.0490133,2.34926,-0,0,0.748847,-0.0684411,-0.117274,-2.19138,-0.50176,-5.75679,-17.4129,1.27267,4.19251,-4.22505,-0.770905,1.56428,1.17485,0.0684411,0.117274,-0.115916,5.48078,2.59983,-0.629412,-0.704343,0.762313,0.0243298,0.785,0.1,True,False
2.69,-0,0,-2.59342,-0.0631873,-0.0313828,32.4375,-0.619522,0.700757,12.5016,1.06161,0.147621,-34.5302,-0.442092,-0.848377,5.85031,0.0631873,0.0313828,2.2979,-0,0,0.554111,-0.0689702,-0.0941677,-2.0939,-0.5307,-5.79863,-14.177,1.29284,3.85247,-4.36429,-0.762137,1.94616,1.23894,0.0689702,0.0941677,-0.117526,5.15118,2.33922,-0.639267,-0.68321,0.765279,0.0244241,0.785,0.1,True,False
2.695,-0,0,-0.81292,-0.0633011,-0.0145174,31.3584,-0.616013,0.703835,8.66533,1.06233,0.140587,-35.9461,-0.446321,-0.844422,5.35964,0.0633011,0.0145174,2.23876,-0,0,0.347948,-0.0693828,-0.0708415,-2.00597,-0.559746,-5.79848,-10.8245,1.31119,3.46687,-4.4478,-0.751444,2.3316,1.28125,0.0693828,0.0708415,-0.118113,4.79882,2.06627,-0.650203,-0.664528,0.768248,0.0244877,0.785,0.1,True,False
2.7,-0,0,0.954196,-0.0633325,0.00148252,30.1716,-0.612483,0.708782,4.79078,1.06302,0.133752,-37.2813,-0.450536,-0.842534,4.85204,0.0633325,-0.00148252,2.17262,-0,0,0.13223,-0.0696786,-0.0475066,-1.92803,-0.588685,-5.75547,-7.37847,1.32751,3.0404,-4.46937,-0.738821,2.71507,1.30119,0.0696786,0.0475066,-0.117602,4.43068,1.78671,-0.661982,-0.648233,0.771219,0.024522,0.785,0.1,True,False
2.705,-0,0,2.68658,-0.0632862,0.016526,28.8929,-0.608925,0.715532,0.918985,1.06367,0.126953,-38.5231,-0.454746,-0.842486,4.33877,0.0632862,-0.016526,2.10107,-0,0,-0.0904969,-0.0698579,-0.0243854,-1.86009,-0.617301,-5.66907,-3.86949,1.34159,2.57808,-4.4224,-0.724293,3.09099,1.29871,0.0698579,0.0243854,-0.115961,4.05506,1.50663,-0.67435,-0.634227,0.774186,0.0245283,0.785,0.1,True,False
2.71,-0,0,4.36192,-0.0631672,0.0305375,27.544,-0.605328,0.723984,-2.90442,1.06429,0.120039,-39.6619,-0.458961,-0.844023,3.83154,0.0631672,-0.0305375,2.02639,-0,0,-0.31704,-0.0699224,-0.00170108,-1.80182,-0.645376,-5.53924,-0.335424,1.35329,2.0853,-4.30022,-0.707911,3.45393,1.27437,0.0699224,0.00170108,-0.113211,3.68101,1.23201,-0.687042,-0.622378,0.777145,0.0245083,0.785,0.1,True,False
2.715,-0,0,5.95796,-0.0629809,0.0434618,26.1525,-0.601685,0.733996,-6.6311,1.06487,0.112872,-40.6922,-0.463186,-0.846868,3.34162,0.0629809,-0.0434618,1.95133,-0,0,-0.543662,-0.0698749,0.0203319,-1.75272,-0.672693,-5.36651,3.17945,1.36245,1.56776,-4.09646,-0.689754,3.79874,1.22932,0.0698749,-0.0203319,-0.109423,3.31755,0.968313,-0.699795,-0.612518,0.780094,0.0244634,0.785,0.1,True,False
2.72,-0,0,7.45372,-0.0627326,0.055269,24.7508,-0.597988,0.745401,-10.2122,1.06542,0.105337,-41.6131,-0.467429,-0.850738,2.87896,0.0627326,-0.055269,1.87875,-0,0,-0.766271,-0.0697191,0.0415186,-1.7122,-0.699041,-5.1521,6.62593,1.36896,1.03141,-3.80552,-0.669924,4.12068,1.1653,0.0697191,-0.0415186,-0.104718,2.97293,0.72011,-0.712363,-0.604452,0.783028,0.0243953,0.785,0.1,True,False
2.725,-0,0,8.83058,-0.0624282,0.0659588,23.3748,-0.594231,0.758012,-13.6009,1.06592,0.0973382,-42.429,-0.471694,-0.85535,2.45154,0.0624282,-0.0659588,1.81119,-0,0,-0.98066,-0.0694597,0.0616928,-1.67977,-0.724214,-4.89797,9.95189,1.37276,0.4824,-3.42305,-0.648547,4.41557,1.0845,0.0694597,-0.0616928,-0.0992627,2.65393,0.490927,-0.724526,-0.597959,0.785943,0.0243057,0.785,0.1,True,False
2.73,-0,0,10.0733,-0.062073,0.0755626,22.0622,-0.590408,0.771633,-16.7542,1.06639,0.0888066,-43.149,-0.475983,-0.86044,2.06498,0.062073,-0.0755626,1.75048,-0,0,-1.18279,-0.0691022,0.0807247,-1.65506,-0.748021,-4.60687,13.1046,1.37379,-0.0730108,-2.94637,-0.625768,4.67988,0.989475,0.0691022,-0.0807247,-0.0932543,2.36537,0.28323,-0.736104,-0.592806,0.788836,0.0241962,0.785,0.1,True,False
2.735,-0,0,11.1707,-0.0616725,0.0841451,20.8501,-0.586515,0.786076,-19.6352,1.06681,0.0796967,-43.7858,-0.480298,-0.865773,1.72257,0.0616725,-0.0841451,1.69756,-0,0,-1.36903,-0.0686525,0.0985264,-1.63793,-0.770283,-4.28225,16.0332,1.37203,-0.628529,-2.37494,-0.601748,4.91078,0.882983,0.0686525,-0.0985264,-0.0869122,2.11007,0.0985692,-0.746971,-0.588753,0.791704,0.0240682,0.785,0.1,True,False
2.74,-0,0,12.116,-0.0612316,0.0918029,19.7738,-0.582547,0.801168,-22.2141,1.06719,0.0699865,-44.3548,-0.484641,-0.871154,1.42573,0.0612316,-0.0918029,1.65245,-0,0,-1.53641,-0.0681169,0.115055,-1.62844,-0.790843,-3.92828,18.6907,1.3675,-1.17792,-1.71065,-0.57666,5.10621,0.767831,0.0681169,-0.115055,-0.080462,1.88905,-0.0621555,-0.757058,-0.585562,0.794543,0.0239232,0.785,0.1,True,False
2.745,-0,0,12.9065,-0.0607545,0.0986621,18.8639,-0.578503,0.816763,-24.4686,1.06751,0.059674,-44.8721,-0.48901,-0.876437,1.17464,0.0607545,-0.0986621,1.61447,-0,0,-1.6827,-0.0675019,0.13031,-1.6268,-0.809566,-3.54972,21.0362,1.36025,-1.7151,-0.957959,-0.550686,5.26482,0.646707,0.0675019,-0.13031,-0.0741213,1.70215,-0.198405,-0.76636,-0.583007,0.79735,0.0237624,0.785,0.1,True,False
2.75,-0,0,13.5433,-0.060245,0.104874,18.1459,-0.57438,0.832751,-26.384,1.06778,0.0487736,-45.3531,-0.493405,-0.881524,0.968977,0.060245,-0.104874,1.58262,-0,0,-1.80653,-0.0668138,0.144336,-1.63331,-0.82634,-3.15178,23.0361,1.35035,-2.23418,-0.123959,-0.524012,5.38596,0.522049,0.0668138,-0.144336,-0.0680873,1.54864,-0.309762,-0.774931,-0.580877,0.800124,0.0235868,0.785,0.1,True,False
2.755,-0,0,14.0303,-0.0597058,0.110609,17.6386,-0.570175,0.849059,-27.9526,1.068,0.0373098,-45.8106,-0.497825,-0.886368,0.808451,0.0597058,-0.110609,1.55596,-0,0,-1.90731,-0.0660586,0.157211,-1.64829,-0.841084,-2.74003,24.6646,1.33791,-2.72954,0.781785,-0.496826,5.46957,0.395927,0.0660586,-0.157211,-0.0625275,1.42788,-0.395816,-0.782878,-0.578985,0.802863,0.0233973,0.785,0.1,True,False
2.76,-0,0,14.3732,-0.0591389,0.11605,17.3539,-0.565889,0.865653,-29.1721,1.06816,0.0253127,-46.2546,-0.502269,-0.890966,0.693058,0.0591389,-0.11605,1.53393,-0,0,-1.98516,-0.0652417,0.169042,-1.67199,-0.853741,-2.32021,25.9045,1.32306,-3.19586,1.74751,-0.469316,5.51608,0.269977,0.0652417,-0.169042,-0.0575734,1.33965,-0.456194,-0.790355,-0.577164,0.805564,0.0231944,0.785,0.1,True,False
2.765,-0,0,14.5783,-0.0585453,0.121388,17.2967,-0.561519,0.882538,-30.0452,1.06825,0.0128122,-46.6907,-0.506735,-0.89535,0.622977,0.0585453,-0.121388,1.51652,-0,0,-2.04075,-0.0643681,0.179962,-1.70454,-0.864286,-1.89814,26.746,1.30595,-3.62816,2.75966,-0.441666,5.5263,0.145361,0.0643681,-0.179962,-0.053319,1.28414,-0.490711,-0.797548,-0.575272,0.808228,0.0229782,0.785,0.1,True,False
2.77,-0,0,14.6517,-0.057925,0.126811,17.4655,-0.557064,0.89975,-30.5774,1.06829,-0.000166666,-47.1211,-0.511222,-0.899583,0.598232,0.057925,-0.126811,1.50421,-0,0,-2.07516,-0.0634421,0.190115,-1.74588,-0.872722,-1.47954,27.1864,1.28678,-4.02174,3.80335,-0.414053,5.50128,0.0227709,0.0634421,-0.190115,-0.0498229,1.26172,-0.499578,-0.804666,-0.573187,0.810853,0.0227488,0.785,0.1,True,False
2.775,-0,0,14.598,-0.0572772,0.132505,17.8527,-0.552521,0.917349,-30.7764,1.06825,-0.0136071,-47.5437,-0.51573,-0.903742,0.618323,0.0572772,-0.132505,1.49789,-0,0,-2.08972,-0.062467,0.199654,-1.79579,-0.879081,-1.06996,27.2288,1.26573,-4.37227,4.8629,-0.386653,5.44223,-0.0975343,0.062467,-0.199654,-0.0471118,1.27266,-0.483551,-0.811922,-0.570809,0.813439,0.0225058,0.785,0.1,True,False
2.78,-0,0,14.4204,-0.0566,0.138643,18.4461,-0.54789,0.935416,-30.6511,1.06815,-0.0275035,-47.9535,-0.52026,-0.907913,0.682046,0.0566,-0.138643,1.49865,-0,0,-2.08587,-0.0614455,0.208738,-1.85383,-0.883422,-0.674708,26.8812,1.24305,-4.67565,5.92234,-0.359631,5.35036,-0.215665,0.0614455,-0.208738,-0.045187,1.31686,-0.443962,-0.819529,-0.568048,0.815988,0.0222485,0.785,0.1,True,False
2.785,-0,0,14.1202,-0.0558907,0.145385,19.2291,-0.543167,0.954042,-30.2104,1.06798,-0.0418627,-48.3422,-0.52481,-0.91218,0.787643,0.0558907,-0.145385,1.50767,-0,0,-2.06508,-0.0603796,0.217518,-1.91936,-0.885828,-0.298741,26.1551,1.21898,-4.9281,6.9659,-0.333149,5.22684,-0.332014,0.0603796,-0.217518,-0.0440294,1.39394,-0.382548,-0.827684,-0.56483,0.818499,0.0219761,0.785,0.1,True,False
2.79,-0,0,13.6971,-0.0551461,0.152877,20.1818,-0.53835,0.973322,-29.4633,1.06773,-0.0567048,-48.6992,-0.529381,-0.916617,0.9333,0.0551461,-0.152877,1.52621,-0,0,-2.02878,-0.0592704,0.226145,-1.99152,-0.886409,0.0533409,25.0651,1.19377,-5.12605,7.97839,-0.307363,5.07271,-0.447153,0.0592704,-0.226145,-0.0436049,1.50348,-0.301122,-0.836561,-0.561086,0.820974,0.0216874,0.785,0.1,True,False
2.795,-0,0,13.1502,-0.054362,0.161242,21.2819,-0.533434,0.993345,-28.4189,1.06741,-0.0720624,-49.0112,-0.533976,-0.921282,1.11788,0.054362,-0.161242,1.55561,-0,0,-1.97836,-0.0581182,0.234758,-2.06929,-0.885295,0.377338,23.6284,1.16772,-5.2662,8.94555,-0.282422,4.88886,-0.561719,0.0581182,-0.234758,-0.0438688,1.6456,-0.201111,-0.846308,-0.556751,0.823415,0.021381,0.785,0.1,True,False
2.8,-0,0,12.4783,-0.0535337,0.170587,22.505,-0.528416,1.01419,-27.087,1.06701,-0.0879796,-49.2633,-0.538594,-0.926209,1.34165,0.0535337,-0.170587,1.5973,-0,0,-1.91517,-0.0569228,0.243489,-2.15142,-0.882636,0.669475,21.865,1.14111,-5.34549,9.8542,-0.258474,4.67602,-0.676284,0.0569228,-0.243489,-0.044769,1.82138,-0.0831074,-0.857034,-0.551762,0.825824,0.0210555,0.785,0.1,True,False
2.805,-0,0,11.6813,-0.0526561,0.180997,23.8249,-0.523292,1.03592,-25.4791,1.06653,-0.10451,-49.4392,-0.543238,-0.931405,1.60679,0.0526561,-0.180997,1.65279,-0,0,-1.84058,-0.0556833,0.252458,-2.23648,-0.8786,0.92643,19.7982,1.11426,-5.36121,10.6923,-0.235662,4.43478,-0.791228,0.0556833,-0.252458,-0.0462474,2.03326,0.0534658,-0.868812,-0.546056,0.828204,0.020709,0.785,0.1,True,False
2.81,-0,0,10.7616,-0.0517237,0.192532,25.2139,-0.518057,1.05857,-23.6103,1.06597,-0.121715,-49.5222,-0.547908,-0.93685,1.91729,0.0517237,-0.192532,1.72354,-0,0,-1.75605,-0.0543982,0.261772,-2.32286,-0.873371,1.14537,17.4559,1.0875,-5.31103,11.4491,-0.214126,4.16566,-0.906596,0.0543982,-0.261772,-0.0482421,2.28489,0.210418,-0.881672,-0.539566,0.830559,0.0203398,0.785,0.1,True,False
2.815,-0,0,9.7252,-0.0507308,0.205232,26.6426,-0.512706,1.08215,-21.5015,1.06531,-0.139662,-49.4967,-0.552606,-0.942493,2.2783,0.0507308,-0.205232,1.81064,-0,0,-1.66319,-0.0530656,0.271528,-2.40876,-0.867146,1.32401,14.8723,1.06115,-5.19323,12.1145,-0.194005,3.86923,-1.02196,0.0530656,-0.271528,-0.050688,2.58044,0.390494,-0.895603,-0.532225,0.832891,0.0199458,0.785,0.1,True,False
2.82,-0,0,8.58276,-0.0496714,0.219112,28.0797,-0.507236,1.10667,-19.1814,1.06457,-0.158417,-49.3498,-0.557333,-0.948256,2.69452,0.0496714,-0.219112,1.91443,-0,0,-1.56385,-0.0516829,0.281808,-2.49224,-0.860131,1.4607,12.0893,1.03557,-5.00686,12.6794,-0.175434,3.54617,-1.13628,0.0516829,-0.281808,-0.0535171,2.92343,0.596665,-0.910553,-0.523969,0.835205,0.0195253,0.785,0.1,True,False
2.825,-0,0,7.35055,-0.0485397,0.234162,29.492,-0.50164,1.13209,-16.6897,1.06373,-0.178052,-49.0735,-0.562089,-0.954037,3.16814,0.0485397,-0.234162,2.03398,-0,0,-1.46015,-0.0502475,0.29268,-2.57122,-0.852539,1.55453,9.15843,1.01108,-4.75204,13.1347,-0.158544,3.19751,-1.24781,0.0502475,-0.29268,-0.0566595,3.31491,0.831029,-0.926433,-0.514737,0.837505,0.0190761,0.785,0.1,True,False
2.83,-0,0,6.05098,-0.0473298,0.250349,30.8445,-0.495915,1.15835,-14.0782,1.06279,-0.198633,-48.6673,-0.566874,-0.95972,3.69623,0.0473298,-0.250349,2.16663,-0,0,-1.35447,-0.0487561,0.304198,-2.64352,-0.844586,1.60549,6.14209,0.988045,-4.43028,13.4715,-0.143459,2.82479,-1.354,0.0487561,-0.304198,-0.060044,3.75151,1.09349,-0.94312,-0.504479,0.839796,0.0185962,0.785,0.1,True,False
2.835,-0,0,4.7124,-0.0460362,0.267613,32.1005,-0.490056,1.18541,-11.4123,1.06174,-0.22023,-48.1393,-0.571686,-0.965181,4.26849,0.0460362,-0.267613,2.30761,-0,0,-1.24941,-0.0472055,0.316405,-2.7069,-0.836485,1.6146,3.11347,0.96678,-4.04486,13.6805,-0.130296,2.43026,-1.45147,0.0472055,-0.316405,-0.0635991,4.22361,1.38044,-0.960467,-0.49316,0.842082,0.0180839,0.785,0.1,True,False
2.84,-0,0,3.3682,-0.0446536,0.285872,33.2224,-0.484061,1.21321,-8.76925,1.06059,-0.24291,-47.5073,-0.576525,-0.970296,4.8657,0.0446536,-0.285872,2.44994,-0,0,-1.1476,-0.0455921,0.329325,-2.75915,-0.82844,1.58407,0.155211,0.947597,-3.60114,13.752,-0.119156,2.01706,-1.53613,0.0455921,-0.329325,-0.0672543,4.71424,1.68385,-0.97831,-0.480772,0.844368,0.0175373,0.785,0.1,True,False
2.845,-0,0,2.05501,-0.0431774,0.305021,34.1732,-0.477924,1.2417,-6.23546,1.05931,-0.266744,-46.7981,-0.581389,-0.974956,5.45982,0.0431774,-0.305021,2.58464,-0,0,-1.05152,-0.0439122,0.342973,-2.79813,-0.820644,1.51745,-2.6441,0.930769,-3.10688,13.6754,-0.110125,1.58942,-1.60331,0.0439122,-0.342973,-0.0709412,5.19925,1.99113,-0.996476,-0.467333,0.846659,0.0169548,0.785,0.1,True,False
2.85,-0,0,0.810118,-0.0416034,0.324935,34.9177,-0.471644,1.27088,-3.90005,1.05792,-0.291806,-46.045,-0.586275,-0.979071,6.01603,0.0416034,-0.324935,2.70133,-0,0,-0.963245,-0.0421623,0.357348,-2.82184,-0.813266,1.41963,-5.19545,0.916528,-2.57239,13.4401,-0.103262,1.15276,-1.64806,0.0421623,-0.357348,-0.0745943,5.64896,2.28605,-1.0148,-0.452895,0.848959,0.0163349,0.785,0.1,True,False
2.855,-0,0,-0.33182,-0.0399281,0.345473,35.4248,-0.465215,1.30076,-1.84697,1.0564,-0.318182,-45.2829,-0.59118,-0.982576,6.49691,0.0399281,-0.345473,2.78928,-0,0,-0.884153,-0.0403388,0.372437,-2.82854,-0.806447,1.29682,-7.4167,0.905045,-2.01049,13.0351,-0.0985976,0.713672,-1.66553,0.0403388,-0.372437,-0.0781519,6.03162,2.55077,-1.0331,-0.437542,0.851273,0.0156765,0.785,0.1,True,False
2.86,-0,0,-1.34206,-0.0381487,0.366478,35.6691,-0.458636,1.33139,-0.145858,1.05474,-0.345966,-44.5427,-0.596101,-0.985427,6.86818,0.0381487,-0.366478,2.83855,-0,0,-0.814736,-0.038438,0.388215,-2.81682,-0.800297,1.15641,-9.24035,0.896423,-1.43633,12.4499,-0.0961255,0.279917,-1.65137,0.038438,-0.388215,-0.0815541,6.31794,2.76881,-1.05123,-0.421389,0.853604,0.0149786,0.785,0.1,True,False
2.865,-0,0,-2.20061,-0.0362633,0.387786,35.6327,-0.451901,1.36286,1.15637,1.05294,-0.375263,-43.8451,-0.601034,-0.987602,7.10499,0.0362633,-0.387786,2.84143,-0,0,-0.75449,-0.0364566,0.404648,-2.78565,-0.794883,1.00665,-10.6207,0.890682,-0.866833,11.6748,-0.0957984,-0.139816,-1.60207,0.0364566,-0.404648,-0.084739,6.48626,2.92834,-1.06904,-0.404569,0.855956,0.0142405,0.785,0.1,True,False
2.87,-0,0,-2.89778,-0.0342708,0.409228,35.3063,-0.445007,1.39527,2.04144,1.05098,-0.406184,-43.1958,-0.605977,-0.989084,7.19781,0.0342708,-0.409228,2.79385,-0,0,-0.701958,-0.0343915,0.421685,-2.73448,-0.790231,0.856297,-11.5383,0.887754,-0.320152,10.701,-0.0975236,-0.536145,-1.51523,0.0343915,-0.421685,-0.0876359,6.52735,3.0252,-1.08637,-0.387227,0.858333,0.0134619,0.785,0.1,True,False
2.875,-0,0,-3.43404,-0.032171,0.430631,34.6886,-0.437949,1.42869,2.52175,1.04887,-0.438842,-42.5814,-0.610925,-0.989852,7.15708,0.032171,-0.430631,2.69706,-0,0,-0.654924,-0.0322398,0.439262,-2.66327,-0.78632,0.714184,-12.0008,0.88748,0.185109,9.52079,-0.10116,-0.899293,-1.38958,0.0322398,-0.439262,-0.0901533,6.44866,3.06494,-1.10308,-0.369502,0.860736,0.0126425,0.785,0.1,True,False
2.88,-0,0,-3.81767,-0.0299645,0.451822,33.7864,-0.43072,1.4632,2.63784,1.0466,-0.473342,-41.968,-0.615875,-0.989862,7.01692,0.0299645,-0.451822,2.56004,-0,0,-0.610716,-0.0299989,0.457293,-2.57244,-0.783089,0.588806,-12.0399,0.889606,0.630567,8.1269,-0.106517,-1.21937,-1.22482,0.0299989,-0.457293,-0.0921599,6.27833,3.06404,-1.11899,-0.35152,0.863167,0.0117827,0.785,0.1,True,False
2.885,-0,0,-4.06028,-0.0276528,0.472623,32.6129,-0.423317,1.4988,2.45231,1.04414,-0.509765,-41.3001,-0.620824,-0.989038,6.83967,0.0276528,-0.472623,2.40364,-0,0,-0.566533,-0.0276668,0.475661,-2.46278,-0.780432,0.487997,-11.7032,0.893786,0.998604,6.51216,-0.113354,-1.4866,-1.02125,0.0276668,-0.475661,-0.0934576,6.07081,3.05052,-1.13391,-0.333379,0.865629,0.010883,0.785,0.1,True,False
2.89,-0,0,-4.17015,-0.0252383,0.492847,31.1873,-0.415732,1.53541,2.04166,1.0415,-0.548153,-40.4981,-0.625766,-0.987253,6.72473,0.0252383,-0.492847,2.26938,-0,0,-0.5197,-0.0252423,0.494201,-2.33515,-0.778209,0.418734,-11.0445,0.899592,1.27266,4.66853,-0.121383,-1.6914,-0.779271,0.0252423,-0.494201,-0.0937371,5.91817,3.06474,-1.14759,-0.315152,0.868121,0.0099443,0.785,0.1,True,False
2.895,-0,0,-4.14247,-0.0227243,0.512277,29.6358,-0.407963,1.57281,1.52258,1.03866,-0.588489,-39.4648,-0.630696,-0.984319,6.90053,0.0227243,-0.512277,2.33928,-0,0,-0.467941,-0.0227248,0.512673,-2.19202,-0.776245,0.387111,-10.1584,0.906513,1.43723,2.69318,-0.130268,-1.82434,-0.512929,0.0227248,-0.512673,-0.0923741,6.0841,3.14885,-1.15972,-0.296885,0.870644,0.00896791,0.785,0.1,True,False
2.9,-0,0,-3.86748,-0.0201155,0.530622,23.5755,-0.400004,1.61059,-2.73061,1.03561,-0.630645,-39.6229,-0.635609,-0.979943,3.80373,0.0201155,-0.530622,-0.303507,-0,0,-0.0804567,-0.0201155,0.530669,-0.684081,-0.774338,0.394433,-5.45027,0.913964,1.48914,1.2364,-0.139626,-1.88357,-0.0683922,0.0201155,-0.530669,-0.100514,2.40759,2.69148,-1.16985,-0.278607,0.873198,0.00795558,0.785,0.1,True,True
2.905,-0,0,-3.45964,-0.0174181,0.54748,20.2483,-0.391857,1.64803,-5.10834,1.03235,-0.674324,-38.8548,-0.640495,-0.973703,3.41909,0.0174181,-0.54748,-0.410552,-0,0,0.144772,-0.0174181,0.54748,0.157005,-0.772301,0.42452,-2.55493,0.921404,1.47444,0.467025,-0.149103,-1.89896,0.167444,0.0174181,-0.54748,-0.114258,2.08229,2.50744,-1.17736,-0.260343,0.875781,0.00690976,0.798095,0.0880952,True,True
2.91,-0,0,-2.93356,-0.0146407,0.562479,16.5259,-0.383524,1.68436,-7.85553,1.02887,-0.719143,-37.9753,-0.645346,-0.965221,2.94746,0.0146407,-0.562479,-0.524563,-0,0,0.376174,-0.0146407,0.562479,1.02242,-0.770093,0.458737,0.777579,0.928708,1.44575,0.0151561,-0.158616,-1.90449,0.353853,0.0146407,-0.562479,-0.148352,1.69302,2.26873,-1.18167,-0.242122,0.878389,0.00583382,0.81119,0.0761905,True,True
2.915,-0,0,-2.37475,-0.0117933,0.575415,12.8482,-0.375013,1.71909,-10.4018,1.02516,-0.764756,-36.7639,-0.650148,-0.954336,2.50707,0.0117933,-0.575415,-0.674209,-0,0,0.543904,-0.0117933,0.575415,1.59692,-0.767713,0.492965,3.98342,0.935862,1.41406,-0.685426,-0.168148,-1.90703,0.516786,0.0117933,-0.575415,-0.218637,1.30305,2.07056,-1.1825,-0.223983,0.881021,0.00473169,0.824286,0.0642857,True,True
2.92,-0,0,-1.83198,-0.00888658,0.586204,9.45215,-0.366333,1.75189,-12.527,1.02122,-0.810858,-35.2096,-0.654889,-0.941034,2.11809,0.00888658,-0.586204,-0.833904,-0,0,0.625672,-0.00888658,0.586204,1.76388,-0.765163,0.526948,6.81496,0.942849,1.37948,-1.75176,-0.177686,-1.90643,0.659257,0.00888658,-0.586204,-0.334271,0.941414,1.91124,-1.17981,-0.205975,0.88367,0.00360752,0.837381,0.052381,True,True
2.925,-0,0,-1.3288,-0.0059313,0.594816,6.44373,-0.357494,1.78254,-14.1576,1.01705,-0.857161,-33.3415,-0.659558,-0.925382,1.77624,0.0059313,-0.594816,-0.979532,-0,0,0.61672,-0.0059313,0.594816,1.48741,-0.762444,0.560445,9.17634,0.949656,1.34224,-3.18139,-0.187213,-1.90268,0.779261,0.0059313,-0.594816,-0.498949,0.619714,1.7737,-1.17364,-0.188157,0.886334,0.00246554,0.850476,0.0404762,True,True
2.93,-0,0,-0.876254,-0.00293842,0.601246,3.86542,-0.348508,1.81087,-15.269,1.01265,-0.903382,-31.1811,-0.664143,-0.907485,1.47609,0.00293842,-0.601246,-1.09791,-0,0,0.517767,-0.00293842,0.601246,0.757324,-0.759559,0.59323,11.0321,0.956271,1.30261,-4.96552,-0.196713,-1.89584,0.877382,0.00293842,-0.601246,-0.714611,0.342336,1.64664,-1.16408,-0.170592,0.889008,0.00130998,0.863571,0.0285714,True,True
2.935,-0,0,-0.47934,8.11592e-05,0.605499,1.73067,-0.339386,1.83671,-15.8569,1.00802,-0.949235,-28.7424,-0.668633,-0.88747,1.21232,-8.11592e-05,-0.605499,-1.18148,-0,0,0.331168,8.11592e-05,0.605499,-0.428323,-0.756512,0.625081,12.373,0.962682,1.26088,-7.09633,-0.206171,-1.88596,0.955053,-8.11592e-05,-0.605499,-0.982754,0.110394,1.52213,-1.15125,-0.153351,0.891687,0.000145062,0.876667,0.0166667,True,True
2.94,-0,0,-0.140562,0.00311657,0.607578,0.042554,-0.330141,1.8599,-15.9226,1.00316,-0.994426,-26.0333,-0.673018,-0.865475,0.979824,-0.00311657,-0.607578,-1.22483,-0,0,0.05915,0.00311657,0.607578,-2.07103,-0.753308,0.655781,13.1986,0.96888,1.21735,-9.56939,-0.215572,-1.87313,1.01325,-0.00311657,-0.607578,-1.30443,-0.0761257,1.39367,-1.13527,-0.136514,0.894368,-0.00102501,0.889762,0.0047619,True,True
2.945,-0,0,0.138308,0.00615694,0.607481,-1.19694,-0.320787,1.88029,-15.4673,0.998074,-1.03865,-23.06,-0.677288,-0.841647,0.773625,-0.00615694,-0.607481,-1.22287,-0,0,-0.296539,0.00615694,0.607481,-4.17304,-0.749954,0.685116,13.5087,0.974856,1.1723,-12.3827,-0.224902,-1.85742,1.05093,-0.00615694,-0.607481,-1.67883,-0.2173,1.25498,-1.11625,-0.120171,0.897046,-0.00219606,0.902857,-0.00714286,True,True
2.95,-0,0,0.355615,0.00919138,0.605198,-1.98409,-0.311338,1.89772,-14.4932,0.992772,-1.08158,-19.8323,-0.681434,-0.816141,0.588871,-0.00919138,-0.605198,-1.17017,-0,0,-0.733672,0.00919138,0.605198,-6.733,-0.746457,0.712876,13.3013,0.980603,1.12603,-15.533,-0.234146,-1.83891,1.06271,-0.00919138,-0.605198,-2.09991,-0.312898,1.09966,-1.09432,-0.104422,0.899717,-0.0033639,0.915952,-0.0190476,True,True
2.955,-0,0,0.509903,0.0122089,0.600714,-2.3159,-0.301809,1.91205,-13.0096,0.987258,-1.12292,-16.373,-0.685449,-0.789129,0.421289,-0.0122089,-0.600714,-1.06183,-0,0,-1.24685,0.0122089,0.600714,-9.73525,-0.742825,0.738862,12.577,0.986116,1.07883,-19.0082,-0.243291,-1.81769,1.03496,-0.0122089,-0.600714,-2.55042,-0.362581,0.921979,-1.0696,-0.0893841,0.902376,-0.00452434,0.929048,-0.0309524,True,True
2.96,-0,0,0.600488,0.0151985,0.594014,-2.19872,-0.292217,1.92317,-11.0485,0.981543,-1.16237,-12.7329,-0.689325,-0.760804,0.268311,-0.0151985,-0.594014,-0.896104,-0,0,-1.82214,0.0151985,0.594014,-13.1298,-0.739068,0.762899,11.3494,0.991391,1.031,-22.7747,-0.252323,-1.7939,0.939791,-0.0151985,-0.594014,-2.99162,-0.366759,0.719249,-1.04223,-0.0751922,0.905019,-0.00567315,0.942143,-0.0428571,True,True
2.965,-0,0,0.628523,0.0181491,0.585085,-1.66549,-0.282578,1.93108,-8.69042,0.975635,-1.19968,-9.01398,-0.693057,-0.731402,0.130956,-0.0181491,-0.585085,-0.67929,-0,0,-2.42765,0.0181491,0.585085,-16.7979,-0.735196,0.784858,9.66571,0.996426,0.982894,-26.7552,-0.26123,-1.76775,0.725792,-0.0181491,-0.585085,-3.34727,-0.328356,0.496039,-1.01238,-0.0620063,0.907643,-0.00680609,0.955238,-0.0547619,True,True
2.97,-0,0,0.599135,0.0210494,0.573937,-0.804563,-0.272906,1.93596,-6.10847,0.969546,-1.23475,-5.40779,-0.696639,-0.701217,0.0156882,-0.0210494,-0.573937,-0.432638,-0,0,-2.99921,0.0210494,0.573937,-20.4978,-0.731219,0.804703,7.64146,1.00122,0.93493,-30.7932,-0.270001,-1.73963,0.305433,-0.0210494,-0.573937,-3.47997,-0.255843,0.269614,-0.980255,-0.0500161,0.910242,-0.00791893,0.968333,-0.0666667,True,True
2.975,-0,0,0.526509,0.0238884,0.56062,0.200538,-0.263218,1.93832,-3.63209,0.963287,-1.26768,-2.2494,-0.700069,-0.670637,-0.0667739,-0.0238884,-0.56062,-0.197661,-0,0,-3.42377,0.0238884,0.56062,-23.79,-0.727149,0.822551,5.51355,1.00578,0.887623,-34.5978,-0.278627,-1.71017,-0.453922,-0.0238884,-0.56062,-3.16792,-0.167457,0.0723319,-0.946192,-0.0394458,0.912815,-0.00900746,0.981429,-0.0785714,True,True
2.98,-0,0,0.424427,0.0266556,0.545269,1.15041,-0.253523,1.9391,-2.11228,0.956869,-1.2989,0.274623,-0.703346,-0.640197,-0.106802,-0.0266556,-0.545269,-0.0328559,-0,0,-3.37482,0.0266556,0.545268,-26.509,-0.722994,0.83878,4.1829,1.0101,0.841638,-37.5623,-0.287103,-1.68042,-1.35199,-0.0266556,-0.545268,-2.52126,-0.0929413,-0.0539785,-0.91068,-0.0305642,0.915359,-0.0100677,0.994524,-0.0904762,True,True
2.985,-0,0,0.130943,0.0293411,0.528274,2.48024,-0.243827,1.92506,-2.41612,0.950298,-1.31062,3.48033,-0.706471,-0.614445,-0.1284,-0.0293411,-0.528274,0.0881691,-0,0,-2.11186,0.0293411,0.528161,-30.761,-0.718761,0.853286,4.95343,1.01419,0.79698,-40.0501,-0.295431,-1.65027,-2.22996,-0.0293411,-0.528161,-3.4144,-0.0325786,-0.141472,-0.877294,-0.0264127,0.917874,-0.0110958,1.005,-0.1,False,True
2.99,-0,0,-0.0242489,0.0319383,0.510456,2.64654,-0.234273,1.85259,-8.41485,0.943763,-1.24662,3.54708,-0.70949,-0.605971,-0.284605,-0.0319383,-0.510456,0.0903843,-0,0,0.621552,0.0319372,0.509743,-31.7506,-0.714461,0.864385,11.9048,1.01807,0.752132,-35.5364,-0.303605,-1.61652,1.44252,-0.0319372,-0.509743,-2.61874,-0.137163,-0.251207,-0.855666,-0.0356658,0.920362,-0.012089,1.005,-0.1,False,True
2.995,-0,0,-0.239608,0.0344457,0.49259,2.8114,-0.225301,1.69342,-15.4339,0.937832,-1.07042,3.55479,-0.712531,-0.623005,-0.463174,-0.0344457,-0.49259,0.0896341,-0,0,3.96244,0.0344385,0.490459,-32.907,-0.710117,0.87098,19.8736,1.02171,0.706454,-30.5661,-0.311596,-1.57743,4.86689,-0.0344385,-0.490459,-2.45189,-0.258705,-0.375203,-0.852188,-0.0638087,0.922829,-0.0130453,1.005,-0.1,False,True
3,-0,0,-0.476334,0.0368642,0.475062,2.95913,-0.217338,1.45495,-21.8287,0.933059,-0.791358,3.47855,-0.71572,-0.663587,-0.620339,-0.0368642,-0.475062,0.0874027,-0,0,7.22418,0.0368418,0.470632,-33.8529,-0.705751,0.873648,26.8933,1.02513,0.660974,-26.456,-0.31938,-1.53462,6.9917,-0.0368418,-0.470632,-2.42308,-0.366595,-0.484007,-0.865624,-0.109076,0.925283,-0.0139634,1.005,-0.1,False,True
3.005,-0,0,-0.718288,0.0391963,0.458074,3.08816,-0.210752,1.14877,-27.3987,0.929918,-0.425239,3.32516,-0.719167,-0.723529,-0.748079,-0.0391963,-0.458074,0.084429,-0,0,10.2215,0.0391449,0.450479,-34.5817,-0.701381,0.873025,32.8385,1.02832,0.61654,-23.1436,-0.326942,-1.48956,8.20116,-0.0391449,-0.450479,-2.42834,-0.454989,-0.572392,-0.893017,-0.168187,0.927732,-0.0148426,1.005,-0.1,False,True
3.01,-0,0,-0.954686,0.041445,0.441719,3.19831,-0.205851,0.786271,-32.1313,0.928806,0.0113618,3.10292,-0.722956,-0.797632,-0.843314,-0.041445,-0.441719,0.0811926,-0,0,12.868,0.0413466,0.430153,-35.1367,-0.697021,0.869611,37.7813,1.0313,0.57369,-20.4795,-0.334275,-1.4433,8.87773,-0.0413466,-0.430153,-2.44187,-0.521555,-0.638379,-0.930627,-0.237189,0.930185,-0.0156824,1.005,-0.1,False,True
3.015,-0,0,-1.17659,0.0436135,0.426009,3.28918,-0.202889,0.378771,-36.0205,0.930032,0.50106,2.81889,-0.727143,-0.879832,-0.903698,-0.0436135,-0.426009,0.0780573,-0,0,15.109,0.0434464,0.409752,-35.5606,-0.692685,0.863828,41.7644,1.03406,0.532773,-18.3907,-0.341375,-1.3966,9.24209,-0.0434464,-0.409752,-2.45449,-0.564516,-0.680408,-0.974064,-0.311539,0.93265,-0.0164827,1.005,-0.1,False,True
3.02,-0,0,-1.3768,0.045705,0.410893,3.36035,-0.202063,-0.06253,-39.0738,0.933817,1.02596,2.47998,-0.731754,-0.96343,-0.927994,-0.045705,-0.410893,0.0752988,-0,0,16.9157,0.0454441,0.389337,-35.891,-0.688383,0.856058,44.823,1.03662,0.494015,-16.8404,-0.348241,-1.35007,9.41784,-0.0454441,-0.389337,-2.46475,-0.582872,-0.697609,-1.01849,-0.386277,0.935132,-0.0172434,1.005,-0.1,False,True
3.025,-0,0,-1.5499,0.0477224,0.396273,3.41147,-0.203514,-0.526738,-41.3171,0.940292,1.56816,2.09361,-0.736777,-1.04142,-0.916318,-0.0477224,-0.396273,0.0731209,-0,0,18.2807,0.0473398,0.368941,-36.1585,-0.684124,0.84666,46.9988,1.039,0.457558,-15.8023,-0.354876,-1.30422,9.47493,-0.0473398,-0.368941,-2.47393,-0.576551,-0.689987,-1.05886,-0.456263,0.937639,-0.0179647,1.005,-0.1,False,True
3.03,-0,0,-1.69226,0.0496678,0.382017,3.44234,-0.20733,-1.00354,-42.7966,0.949499,2.11041,1.66804,-0.742168,-1.10688,-0.870223,-0.0496678,-0.382017,0.0716658,-0,0,19.2143,0.0491335,0.348573,-36.3847,-0.679916,0.835976,48.3475,1.0412,0.423486,-15.2454,-0.361283,-1.25946,9.45509,-0.0491335,-0.348573,-2.48353,-0.546463,-0.658496,-1.09023,-0.516449,0.940175,-0.0186466,1.005,-0.1,False,True
3.035,-0,0,-1.80203,0.0515426,0.367971,3.45294,-0.21355,-1.48347,-43.5763,0.961396,2.63674,1.21228,-0.747846,-1.15327,-0.792586,-0.0515426,-0.367971,0.0710215,-0,0,19.7414,0.0508255,0.32823,-36.5825,-0.675764,0.824333,48.9397,1.04323,0.39183,-15.1284,-0.36747,-1.21616,9.38544,-0.0508255,-0.32823,-2.49415,-0.494424,-0.604985,-1.10804,-0.562147,0.942742,-0.0192893,1.005,-0.1,False,True
3.04,-0,0,-1.87893,0.0533475,0.353967,3.44348,-0.222165,-1.95818,-43.7337,0.975866,3.13302,0.735807,-0.753701,-1.17484,-0.687357,-0.0533475,-0.353967,0.0712289,-0,0,19.8974,0.0524158,0.307898,-36.7567,-0.671673,0.812039,48.8579,1.04512,0.362582,-15.3995,-0.373445,-1.17462,9.28501,-0.0524158,-0.307898,-2.50533,-0.422995,-0.532042,-1.10831,-0.589263,0.945345,-0.019893,1.005,-0.1,False,True
3.045,-0,0,-1.924,0.0550823,0.339836,3.41451,-0.233131,-2.42056,-43.3527,0.992726,3.58734,0.248026,-0.759595,-1.16679,-0.559199,-0.0550823,-0.339836,0.0722881,-0,0,19.7239,0.0539045,0.287566,-36.9059,-0.667644,0.799382,48.1898,1.04686,0.3357,-16.0006,-0.379217,-1.13508,9.1671,-0.0539045,-0.287566,-2.51597,-0.33525,-0.44277,-1.08782,-0.594454,0.947983,-0.020458,1.005,-0.1,False,True
3.05,-0,0,-1.93923,0.0567458,0.325409,3.36687,-0.246371,-2.86477,-42.5171,1.01174,3.99018,-0.2422,-0.765369,-1.12541,-0.413121,-0.0567458,-0.325409,0.0741638,-0,0,19.2652,0.0552915,0.267222,-37.024,-0.663679,0.786629,47.0226,1.04847,0.311113,-16.8722,-0.384796,-1.09774,9.03999,-0.0552915,-0.267222,-2.52474,-0.234541,-0.340552,-1.04419,-0.575217,0.950658,-0.0209843,1.005,-0.1,False,True
3.055,-0,0,-1.92714,0.0583364,0.310532,3.30183,-0.261779,-3.28622,-41.3043,1.03263,4.3344,-0.726962,-0.770849,-1.04818,-0.254149,-0.0583364,-0.310532,0.0767913,-0,0,18.564,0.0565767,0.246863,-37.1021,-0.659778,0.774028,45.4362,1.04997,0.288729,-17.958,-0.390194,-1.06276,8.90715,-0.0565767,-0.246863,-2.5305,-0.124287,-0.228835,-0.975869,-0.529901,0.953369,-0.0214722,1.005,-0.1,False,True
3.06,-0,0,-1.89046,0.0598512,0.295063,3.22104,-0.279233,-3.68135,-39.781,1.05508,4.61503,-1.19953,-0.775851,-0.933676,-0.0870889,-0.0598512,-0.295063,0.0800808,-0,0,17.6596,0.0577601,0.226495,-37.13,-0.655939,0.761806,43.4999,1.05136,0.268436,-19.208,-0.395423,-1.03024,8.76775,-0.0577601,-0.226495,-2.53252,-0.00781714,-0.110974,-0.88209,-0.457663,0.956115,-0.021922,1.005,-0.1,False,True
3.065,-0,0,-1.83182,0.061287,0.278882,3.12655,-0.298593,-4.04751,-38.0014,1.07878,4.82904,-1.65437,-0.780186,-0.781528,0.0836202,-0.061287,-0.278882,0.0839209,-0,0,16.5857,0.0588416,0.206135,-37.0971,-0.65216,0.750179,41.2702,1.05266,0.250111,-20.5805,-0.400496,-1.00029,8.61761,-0.0588416,-0.206135,-2.53044,0.111722,0.00987012,-0.762769,-0.358386,0.958895,-0.0223339,1.005,-0.1,False,True
3.07,-0,0,-1.75353,0.06264,0.261894,3.02076,-0.319708,-4.38271,-36.0062,1.10337,4.97502,-2.08707,-0.783666,-0.592307,0.253962,-0.06264,-0.261894,0.0881817,-0,0,15.3704,0.0598214,0.18581,-36.993,-0.648437,0.739346,38.7904,1.05386,0.23362,-22.0416,-0.405426,-0.972966,8.45038,-0.0598214,-0.18581,-2.5242,0.23141,0.130768,-0.618396,-0.232585,0.961706,-0.0227083,1.005,-0.1,False,True
3.075,-0,0,-1.65748,0.0639059,0.244028,2.90637,-0.34242,-4.6854,-33.8239,1.12853,5.05283,-2.49406,-0.786109,-0.367426,0.420333,-0.0639059,-0.244028,0.0927168,-0,0,14.0362,0.0606998,0.165562,-36.8075,-0.644766,0.729496,36.0924,1.05499,0.21882,-23.5648,-0.410226,-0.948316,8.25886,-0.0606998,-0.165562,-2.5138,0.348551,0.249031,-0.449917,-0.0813055,0.964548,-0.0230455,1.005,-0.1,False,True
3.08,-0,0,-1.54507,0.0650803,0.225247,2.78625,-0.366562,-4.95433,-31.4725,1.1539,5.06336,-2.87233,-0.78734,-0.109037,0.579503,-0.0650803,-0.225247,0.0973659,-0,0,12.601,0.0614771,0.145444,-36.5311,-0.641142,0.720808,33.1986,1.05605,0.205564,-25.1288,-0.414909,-0.926372,8.03596,-0.0614771,-0.145444,-2.49916,0.460665,0.362192,-0.258648,0.0939592,0.967417,-0.0233461,1.005,-0.1,False,True
3.085,-0,0,-1.41726,0.0661584,0.205545,2.66337,-0.391963,-5.18833,-28.9622,1.17916,5.00828,-3.21913,-0.787199,0.180046,0.728555,-0.0661584,-0.205545,0.101957,-0,0,11.0789,0.0621542,0.12552,-36.155,-0.637558,0.713448,30.1252,1.05705,0.193696,-26.7164,-0.41949,-0.907144,7.77563,-0.0621542,-0.12552,-2.48003,0.56546,0.467989,-0.0462,0.291334,0.97031,-0.0236104,1.005,-0.1,False,True
3.09,-0,0,-1.27467,0.0671357,0.184951,2.54062,-0.418445,-5.38629,-26.2983,1.20398,4.88987,-3.53168,-0.78554,0.496421,0.864844,-0.0671357,-0.184951,0.106311,-0,0,9.48214,0.0627323,0.105867,-35.671,-0.634008,0.707567,26.8846,1.05799,0.183057,-28.3125,-0.423981,-0.890625,7.47352,-0.0627323,-0.105867,-2.45591,0.660834,0.564351,0.185567,0.508611,0.973225,-0.0238393,1.005,-0.1,False,True
3.095,-0,0,-1.11767,0.0680079,0.163531,2.42072,-0.445826,-5.54706,-23.4834,1.22806,4.71091,-3.80687,-0.782235,0.836151,0.985972,-0.0680079,-0.163531,0.110245,-0,0,7.82205,0.0632129,0.0865713,-35.0723,-0.630482,0.703302,23.4883,1.05888,0.173483,-29.9026,-0.428396,-0.876785,7.1275,-0.0632129,-0.0865713,-2.42607,0.744879,0.649411,0.434563,0.743282,0.976158,-0.0240334,1.005,-0.1,False,True
3.1,-0,0,-0.946597,0.068771,0.141386,2.30607,-0.473916,-5.6694,-20.5206,1.25109,4.47457,-4.04111,-0.777178,1.19483,1.08979,-0.068771,-0.141386,0.113581,-0,0,6.11028,0.063598,0.067729,-34.3535,-0.626974,0.700766,19.9499,1.05972,0.164803,-31.4725,-0.432749,-0.865568,6.73794,-0.063598,-0.067729,-2.38969,0.815917,0.72153,0.698472,0.992556,0.979106,-0.0241936,1.005,-0.1,False,True
3.105,-0,0,-0.76191,0.0694218,0.11865,2.19865,-0.50252,-5.75207,-17.4154,1.27281,4.18445,-4.23016,-0.770287,1.56762,1.17445,-0.0694218,-0.11865,0.116154,-0,0,4.35986,0.0638901,0.0494419,-33.5118,-0.623475,0.700044,16.2865,1.06053,0.156846,-33.0072,-0.437052,-0.856889,6.30787,-0.0638901,-0.0494419,-2.34601,0.872544,0.779345,0.974735,1.25338,0.982066,-0.0243209,1.005,-0.1,False,True
3.11,-0,0,-0.564392,0.0699575,0.0954918,2.09995,-0.531437,-5.79385,-14.1776,1.29294,3.84447,-4.36907,-0.761502,1.94938,1.23843,-0.0699575,-0.0954918,0.117818,-0,0,2.58581,0.0640924,0.0318154,-32.548,-0.619974,0.701191,12.5209,1.06129,0.149436,-34.4912,-0.441318,-0.850627,5.84294,-0.0640924,-0.0318154,-2.29457,0.91369,0.821822,1.26054,1.52244,0.985034,-0.0244163,1.005,-0.1,False,True
3.115,-0,0,-0.355318,0.0703767,0.0721026,2.01093,-0.560458,-5.79363,-10.8235,1.31125,3.45895,-4.45221,-0.750793,2.33468,1.28064,-0.0703767,-0.0721026,0.118457,-0,0,0.805469,0.0642083,0.0149548,-31.4667,-0.616463,0.704225,8.68203,1.06202,0.1424,-35.9092,-0.445558,-0.846625,5.35117,-0.0642083,-0.0149548,-2.23547,0.938681,0.848315,1.5528,1.79622,0.988006,-0.0244811,1.005,-0.1,False,True
3.12,-0,0,-0.136576,0.0706786,0.0486949,1.93206,-0.589373,-5.75053,-7.37599,1.32753,3.03255,-4.47334,-0.738155,2.71797,1.30049,-0.0706786,-0.0486949,0.117993,-0,0,-0.961615,0.0642419,-0.00103925,-30.2782,-0.612932,0.709125,4.80506,1.06272,0.135566,-37.2467,-0.449784,-0.844691,4.84255,-0.0642419,0.00103925,-2.1695,0.947282,0.858613,1.84819,2.07101,0.990978,-0.0245165,1.005,-0.1,False,True
3.125,-0,0,0.0892674,0.0708636,0.0254918,1.86334,-0.617964,-5.66403,-3.86587,1.34158,2.57033,-4.42589,-0.723613,3.09371,1.29793,-0.0708636,-0.0254918,0.116396,-0,0,-2.69412,0.0641979,-0.0160761,-28.9982,-0.609372,0.715827,0.931152,1.06338,0.128771,-38.4907,-0.454005,-0.844599,4.32831,-0.0641979,0.0160761,-2.09822,0.939737,0.852973,2.1431,2.34298,0.993947,-0.0245241,1.005,-0.1,False,True
3.13,-0,0,0.318989,0.0709335,0.00271758,1.80446,-0.646013,-5.53409,-0.330986,1.35323,2.07765,-4.30317,-0.707218,3.45644,1.27353,-0.0709335,-0.00271758,0.113684,-0,0,-4.36974,0.0640812,-0.0300802,-27.6485,-0.605774,0.724229,-2.89402,1.064,0.121863,-39.6319,-0.45823,-0.846092,3.82018,-0.0640812,0.0300802,-2.02391,0.916762,0.832116,2.43379,2.60825,0.996909,-0.0245053,1.005,-0.1,False,True
3.135,-0,0,0.548817,0.0708908,-0.0194124,1.75491,-0.673305,-5.36125,3.18434,1.36235,1.56022,-4.09885,-0.689049,3.80103,1.22845,-0.0708908,0.0194124,0.109929,-0,0,-5.96626,0.0638971,-0.0429964,-26.2568,-0.602129,0.73419,-6.62212,1.0646,0.114704,-40.6645,-0.462466,-0.848894,3.32941,-0.0638971,0.0429964,-1.94928,0.879522,0.797198,2.71639,2.86301,0.99986,-0.0244617,1.005,-0.1,False,True
3.14,-0,0,0.774618,0.0707393,-0.040702,1.71412,-0.699626,-5.14674,6.6309,1.36883,1.02399,-3.80732,-0.669208,4.12275,1.16441,-0.0707393,0.040702,0.105251,-0,0,-7.46269,0.0636512,-0.0547951,-24.8553,-0.598432,0.745543,-10.2043,1.06515,0.107177,-41.5879,-0.466719,-0.85272,2.86595,-0.0636512,0.0547951,-1.87717,0.829567,0.749751,2.98704,3.10357,1.0028,-0.0243949,1.005,-0.1,False,True
3.145,-0,0,0.992143,0.0704838,-0.0609837,1.68156,-0.724772,-4.89253,9.9566,1.37259,0.475109,-3.42424,-0.647821,4.41742,1.08362,-0.0704838,0.0609837,0.0998154,-0,0,-8.84043,0.0633492,-0.065476,-23.4801,-0.594674,0.758102,-13.5937,1.06567,0.0991874,-42.4064,-0.470993,-0.857289,2.43774,-0.0633492,0.065476,-1.81006,0.768743,0.691588,3.24203,3.32652,1.00571,-0.0243066,1.005,-0.1,False,True
3.15,-0,0,1.1973,0.0701295,-0.0801265,1.65688,-0.748551,-4.60134,13.1087,1.37358,-0.0801624,-2.94696,-0.625034,4.6815,0.988617,-0.0701295,0.0801265,0.0938201,-0,0,-10.0842,0.0629965,-0.0750709,-22.1686,-0.590851,0.771671,-16.7475,1.06614,0.0906644,-43.1289,-0.475292,-0.862336,2.0504,-0.0629965,0.0750709,-1.74976,0.699083,0.624693,3.47788,3.52878,1.00861,-0.0241983,1.005,-0.1,False,True
3.155,-0,0,1.38642,0.0696825,-0.0980409,1.63993,-0.770785,-4.27666,16.0364,1.37179,-0.635535,-2.37495,-0.601006,4.91219,0.882174,-0.0696825,0.0980409,0.0874838,-0,0,-11.1829,0.0625984,-0.0836446,-20.9581,-0.586957,0.786063,-19.6288,1.06657,0.0815629,-43.7682,-0.479616,-0.867626,1.70723,-0.0625984,0.0836446,-1.6972,0.622686,0.551105,3.69149,3.70773,1.01148,-0.0240717,1.005,-0.1,False,True
3.16,-0,0,1.55648,0.0691491,-0.114682,1.63074,-0.791318,-3.92265,18.6929,1.36723,-1.18478,-1.71012,-0.575912,5.10743,0.767089,-0.0691491,0.114682,0.0810318,-0,0,-12.1295,0.06216,-0.0912939,-19.8836,-0.58299,0.801105,-22.2077,1.06696,0.0718607,-44.3397,-0.483968,-0.872965,1.40965,-0.06216,0.0912939,-1.65238,0.541602,0.472806,3.88024,3.8612,1.01432,-0.023928,1.005,-0.1,False,True
3.165,-0,0,1.70522,0.0685357,-0.13005,1.62953,-0.810012,-3.54407,21.0371,1.35994,-1.7218,-0.956945,-0.549932,5.26587,0.646048,-0.0685357,0.13005,0.0746815,-0,0,-12.9214,0.0616855,-0.0981452,-18.9759,-0.578946,0.816651,-24.4621,1.06729,0.0615562,-44.8594,-0.488346,-0.878207,1.15788,-0.0616855,0.0981452,-1.61464,0.457724,0.391611,4.04204,3.98757,1.01713,-0.0237685,1.005,-0.1,False,True
3.17,-0,0,1.83122,0.0678486,-0.144185,1.63657,-0.826758,-3.14614,23.0356,1.35001,-2.24072,-0.122535,-0.523253,5.38686,0.521483,-0.0678486,0.144185,0.0686303,-0,0,-13.5597,0.0611786,-0.10435,-18.2602,-0.574823,0.832591,-26.3773,1.06757,0.0506638,-45.3426,-0.49275,-0.883255,0.951636,-0.0611786,0.10435,-1.58299,0.372704,0.309097,4.17535,4.08572,1.0199,-0.0235942,1.005,-0.1,False,True
3.175,-0,0,1.93388,0.0670938,-0.157165,1.65217,-0.841473,-2.73442,24.6628,1.33754,-2.73592,0.783535,-0.496063,5.47034,0.395463,-0.0670938,0.157165,0.0630455,-0,0,-14.048,0.060642,-0.110078,-17.7553,-0.57062,0.848853,-27.9455,1.0678,0.0392088,-45.8022,-0.497179,-0.888062,0.79067,-0.060642,0.110078,-1.55651,0.287894,0.22654,4.27917,4.15501,1.02264,-0.023406,1.005,-0.1,False,True
3.18,-0,0,2.01329,0.066277,-0.169096,1.67658,-0.854102,-2.31466,25.9012,1.32265,-3.20208,1.74949,-0.46855,5.51675,0.269617,-0.066277,0.169096,0.0580589,-0,0,-14.3922,0.0600778,-0.115513,-17.4731,-0.566335,0.865402,-29.1647,1.06797,0.0272215,-46.2479,-0.501631,-0.892624,0.675023,-0.0600778,0.115513,-1.53469,0.204311,0.144892,4.35304,4.19523,1.02534,-0.0232043,1.005,-0.1,False,True
3.185,-0,0,2.0701,0.0654029,-0.180108,1.70992,-0.86462,-1.89267,26.7413,1.30552,-3.63422,2.76177,-0.440896,5.52689,0.145105,-0.0654029,0.180108,0.0537653,-0,0,-14.5984,0.0594869,-0.120846,-17.4184,-0.561966,0.882243,-30.0372,1.06807,0.0147325,-46.6854,-0.506105,-0.896975,0.604901,-0.0594869,0.120846,-1.5175,0.12263,0.0647723,4.39692,4.20652,1.02801,-0.0229894,1.005,-0.1,False,True
3.19,-0,0,2.10541,0.0644759,-0.190345,1.75212,-0.873029,-1.47417,27.1804,1.28631,-4.02766,3.80549,-0.413281,5.50183,0.0226135,-0.0644759,0.190345,0.0502236,-0,0,-14.6725,0.0588693,-0.126264,-17.5896,-0.557513,0.89941,-30.5688,1.06811,0.00176764,-47.1168,-0.5106,-0.901177,0.580337,-0.0588693,0.126264,-1.50546,0.0432028,-0.0135097,4.4111,4.18931,1.03063,-0.0227611,1.005,-0.1,False,True
3.195,-0,0,2.12052,0.0634994,-0.199959,1.80296,-0.879362,-1.06472,27.2216,1.26524,-4.37803,4.86497,-0.385877,5.44275,-0.0976011,-0.0634994,0.199959,0.0474616,-0,0,-14.6194,0.0582242,-0.131954,-17.9793,-0.552972,0.916964,-30.7671,1.06809,-0.0116558,-47.54,-0.515117,-0.905308,0.600817,-0.0582242,0.131954,-1.49943,-0.0339097,-0.0899225,4.39617,4.14418,1.03322,-0.0225193,1.005,-0.1,False,True
3.2,-0,0,2.11689,0.0624763,-0.209106,1.86199,-0.883676,-0.669612,26.8727,1.24253,-4.68127,5.92425,-0.358853,5.35088,-0.215652,-0.0624763,0.209106,0.0454815,-0,0,-14.442,0.0575498,-0.138088,-18.5751,-0.548343,0.934986,-30.6408,1.068,-0.0255313,-47.9501,-0.519654,-0.909455,0.665106,-0.0575498,0.138088,-1.50048,-0.108883,-0.16466,4.35285,4.07184,1.03577,-0.0222631,1.005,-0.1,False,True
3.205,-0,0,2.096,0.0614084,-0.217939,1.92856,-0.886058,-0.293809,26.1454,1.21843,-4.93356,6.96755,-0.332369,5.22737,-0.331937,-0.0614084,0.217939,0.0442652,-0,0,-14.1417,0.0568434,-0.144827,-19.3604,-0.543622,0.953566,-30.1991,1.06783,-0.0398652,-48.3387,-0.524211,-0.9137,0.771401,-0.0568434,0.144827,-1.50979,-0.182069,-0.238081,4.28194,3.97302,1.03828,-0.0219918,1.005,-0.1,False,True
3.21,-0,0,2.0593,0.0602969,-0.226607,2.00183,-0.886614,0.0580909,25.0542,1.19319,-5.13136,7.97972,-0.306579,5.07327,-0.447028,-0.0602969,0.226607,0.0437797,-0,0,-13.7181,0.0561015,-0.152316,-20.3154,-0.538807,0.972796,-29.4507,1.0676,-0.0546769,-48.6953,-0.528791,-0.918119,0.917836,-0.0561015,0.152316,-1.52858,-0.253926,-0.310643,4.18427,3.84841,1.04076,-0.0217041,1.005,-0.1,False,True
3.215,-0,0,2.00818,0.0591423,-0.235248,2.08076,-0.885477,0.381888,23.6161,1.16711,-5.27135,8.9465,-0.281636,4.88946,-0.561566,-0.0591423,0.235248,0.0439815,-0,0,-13.1702,0.0553202,-0.160678,-21.4177,-0.533894,0.992767,-28.4047,1.06729,-0.0699983,-49.0065,-0.533392,-0.922769,1.10322,-0.0553202,0.160678,-1.55817,-0.324947,-0.382822,4.06061,3.69866,1.0432,-0.0213988,1.005,-0.1,False,True
3.22,-0,0,1.94401,0.0579444,-0.243995,2.16409,-0.882796,0.673808,21.8513,1.14048,-5.35047,9.85472,-0.257685,4.67666,-0.676126,-0.0579444,0.243995,0.0448192,-0,0,-12.4968,0.0544947,-0.170021,-22.643,-0.52888,1.01356,-27.0709,1.0669,-0.0858731,-49.2576,-0.538018,-0.927683,1.3278,-0.0544947,0.170021,-1.59997,-0.395573,-0.455043,3.91169,3.52433,1.04561,-0.0210742,1.005,-0.1,False,True
3.225,-0,0,1.86817,0.0567024,-0.252968,2.2504,-0.878739,0.930525,19.7828,1.11361,-5.36599,10.6924,-0.234869,4.43547,-0.791088,-0.0567024,0.252968,0.0462361,-0,0,-11.698,0.05362,-0.180428,-23.965,-0.523759,1.03523,-25.4608,1.06643,-0.102355,-49.4323,-0.542669,-0.932871,1.59369,-0.05362,0.180428,-1.65548,-0.46612,-0.527588,3.73817,3.32591,1.04799,-0.0207287,1.005,-0.1,False,True
3.23,-0,0,1.78215,0.0554147,-0.262275,2.33805,-0.87349,1.1492,17.4387,1.08682,-5.31559,11.4487,-0.21333,4.16639,-0.906498,-0.0554147,0.262275,0.048171,-0,0,-10.776,0.0526905,-0.191961,-25.3562,-0.518527,1.05781,-23.5894,1.06587,-0.119504,-49.5137,-0.547347,-0.93831,1.90491,-0.0526905,0.191961,-1.72617,-0.536685,-0.600521,3.5407,3.10388,1.05035,-0.0203604,1.005,-0.1,False,True
3.235,-0,0,1.68759,0.0540796,-0.272011,2.42525,-0.867247,1.32755,14.853,1.06045,-5.19752,12.1137,-0.193205,3.86997,-1.02193,-0.0540796,0.272011,0.0505596,-0,0,-9.737,0.0517004,-0.20466,-26.7871,-0.513181,1.08134,-21.4775,1.06523,-0.137386,-49.4864,-0.552052,-0.943951,2.2666,-0.0517004,0.20466,-1.81312,-0.607064,-0.673594,3.31997,2.85877,1.05268,-0.0199674,1.005,-0.1,False,True
3.24,-0,0,1.58635,0.0526946,-0.28226,2.51003,-0.860215,1.46393,12.0675,1.03485,-5.01083,12.6781,-0.17463,3.54691,-1.13635,-0.0526946,0.28226,0.0533345,-0,0,-8.59156,0.0506439,-0.218538,-28.2263,-0.507714,1.10578,-19.154,1.0645,-0.156071,-49.3375,-0.556786,-0.949714,2.68349,-0.0506439,0.218538,-1.91668,-0.676666,-0.74617,3.0768,2.59123,1.05499,-0.0195478,1.005,-0.1,False,True
3.245,-0,0,1.4806,0.051257,-0.29309,2.59028,-0.852607,1.55741,9.13403,1.01034,-4.75563,13.133,-0.157736,3.19823,-1.24799,-0.051257,0.29309,0.0564267,-0,0,-7.35611,0.049515,-0.233588,-29.6408,-0.502123,1.13113,-16.6584,1.06367,-0.175626,-49.0592,-0.561549,-0.9555,3.15779,-0.049515,0.233588,-2.03594,-0.744447,-0.817152,2.81228,2.30218,1.0573,-0.0190994,1.005,-0.1,False,True
3.25,-0,0,1.37277,0.0497637,-0.304558,2.66382,-0.844641,1.60798,6.11484,0.987289,-4.43343,13.4695,-0.142648,2.82545,-1.35431,-0.0497637,0.304558,0.0597653,-0,0,-6.05312,0.048308,-0.249773,-30.9953,-0.496403,1.15731,-14.0428,1.06274,-0.196122,-48.6507,-0.566341,-0.961191,3.68664,-0.048308,0.249773,-2.16827,-0.808854,-0.884933,2.52789,1.99296,1.05959,-0.0186205,1.005,-0.1,False,True
3.255,-0,0,1.2655,0.0482114,-0.316705,2.72838,-0.836528,1.61666,3.08331,0.96601,-4.04749,13.6783,-0.129482,2.43083,-1.45192,-0.0482114,0.316705,0.0632795,-0,0,-4.71106,0.0470173,-0.267037,-32.2532,-0.49055,1.18429,-11.3726,1.06171,-0.217625,-48.1202,-0.571161,-0.966661,4.25973,-0.0470173,0.267037,-2.30891,-0.867822,-0.947393,2.22568,1.66546,1.06187,-0.018109,1.005,-0.1,False,True
3.26,-0,0,1.16149,0.0465967,-0.329559,2.78172,-0.828474,1.58567,0.122253,0.946814,-3.60317,13.7495,-0.11834,2.0175,-1.53673,-0.0465967,0.329559,0.0668991,-0,0,-3.36346,0.0456376,-0.285296,-33.377,-0.48456,1.21199,-8.72541,1.06057,-0.240203,-47.4859,-0.576008,-0.97179,4.85786,-0.0456376,0.285296,-2.4509,-0.918815,-1.00194,1.90837,1.32228,1.06416,-0.0175633,1.005,-0.1,False,True
3.265,-0,0,1.0633,0.0449158,-0.343133,2.82166,-0.820671,1.51855,-2.67951,0.929978,-3.10824,13.6727,-0.109307,1.58969,-1.60403,-0.0449158,0.343133,0.0705562,-0,0,-2.0471,0.0441643,-0.304445,-34.3292,-0.47843,1.24039,-6.18776,1.05931,-0.263928,-46.7745,-0.580879,-0.976466,5.45297,-0.0441643,0.304445,-2.58529,-0.958939,-1.04562,1.57956,0.966896,1.06645,-0.0169816,1.005,-0.1,False,True
3.27,-0,0,0.973047,0.0431653,-0.357429,2.84618,-0.813289,1.42019,-5.23275,0.915732,-2.57302,13.4372,-0.102443,1.15283,-1.64889,-0.0431653,0.357429,0.074186,-0,0,-0.799411,0.0425932,-0.32436,-35.0749,-0.472156,1.26947,-3.84912,1.05793,-0.288875,-46.0193,-0.585773,-0.9806,6.0102,-0.0425932,0.32436,-2.70172,-0.985123,-1.07531,1.24374,0.603675,1.06875,-0.0163627,1.005,-0.1,False,True
3.275,-0,0,0.892186,0.0413416,-0.372435,2.8535,-0.806469,1.29684,-7.45504,0.904248,-2.01036,13.032,-0.0977786,0.713527,-1.66644,-0.0413416,0.372435,0.0777273,-0,0,0.344823,0.0409207,-0.344898,-35.5827,-0.465735,1.29925,-1.79371,1.05642,-0.315128,-45.2556,-0.590685,-0.984126,6.49206,-0.0409207,0.344898,-2.78946,-0.994351,-1.08793,0.906335,0.23796,1.07107,-0.0157051,1.005,-0.1,False,True
3.28,-0,0,0.821246,0.039441,-0.388128,2.84217,-0.80032,1.15587,-9.27872,0.895628,-1.43541,12.4467,-0.0953077,0.279539,-1.6523,-0.039441,0.388128,0.081121,-0,0,1.35676,0.0391442,-0.365903,-35.8272,-0.459163,1.32979,-0.0914181,1.05478,-0.342783,-44.5142,-0.595614,-0.987002,6.8642,-0.0391442,0.365903,-2.83861,-0.983922,-1.0807,0.573644,-0.124015,1.0734,-0.0150081,1.005,-0.1,False,True
3.285,-0,0,0.759747,0.0374603,-0.404475,2.81112,-0.79491,1.00556,-10.6579,0.889894,-0.865133,11.6714,-0.0949832,-0.140428,-1.60298,-0.0374603,0.404475,0.0843063,-0,0,2.21634,0.0372617,-0.387211,-35.7905,-0.452437,1.36115,1.2107,1.05299,-0.371944,-43.8162,-0.600555,-0.989206,7.10175,-0.0372617,0.387211,-2.84145,-0.951676,-1.05141,0.252695,-0.475254,1.07575,-0.0142709,1.005,-0.1,False,True
3.29,-0,0,0.706226,0.0353962,-0.421426,2.75979,-0.790265,0.854688,-11.5732,0.886977,-0.31771,10.6974,-0.096712,-0.536978,-1.51607,-0.0353962,0.421426,0.087214,-0,0,2.91388,0.0352721,-0.408653,-35.4631,-0.445552,1.39344,2.09433,1.05106,-0.402725,-43.1669,-0.605506,-0.99072,7.19517,-0.0352721,0.408653,-2.79394,-0.896142,-0.99848,-0.0489674,-0.808196,1.07813,-0.0134931,1.005,-0.1,False,True
3.295,-0,0,0.658439,0.033246,-0.438922,2.68808,-0.786363,0.712099,-12.0324,0.886716,0.188224,9.51705,-0.100353,-0.900323,-1.3903,-0.033246,0.438922,0.089754,-0,0,3.44989,0.0331751,-0.430054,-34.8439,-0.438503,1.42676,2.57193,1.04897,-0.435237,-42.553,-0.610463,-0.991523,7.15491,-0.0331751,0.430054,-2.69733,-0.816578,-0.92106,-0.323522,-1.11495,1.08053,-0.0126746,1.005,-0.1,False,True
3.3,-0,0,0.613662,0.031007,-0.456877,2.59637,-0.783144,0.586303,-12.067,0.888859,0.634262,8.12303,-0.105715,-1.22056,-1.22538,-0.031007,0.456877,0.0917969,-0,0,3.83272,0.0309715,-0.451242,-33.9395,-0.431284,1.46116,2.6842,1.04671,-0.469585,-41.9406,-0.615421,-0.991572,7.01511,-0.0309715,0.451242,-2.5606,-0.712865,-0.818874,-0.563102,-1.38749,1.08296,-0.0118157,1.005,-0.1,False,True
3.305,-0,0,0.569031,0.0286772,-0.475177,2.48543,-0.7805,0.485145,-11.7251,0.893059,1.00277,6.5082,-0.112559,-1.48791,-1.02164,-0.0286772,0.475177,0.0931469,-0,0,4.0741,0.0286627,-0.47204,-32.7631,-0.423891,1.49664,2.49391,1.04427,-0.505851,-41.2743,-0.620378,-0.990791,6.83808,-0.0286627,0.47204,-2.40461,-0.58529,-0.69199,-0.759981,-1.61788,1.08542,-0.010917,1.005,-0.1,False,True
3.31,-0,0,0.5218,0.0262552,-0.493662,2.35608,-0.778292,0.415613,-11.0606,0.898887,1.27717,4.66456,-0.120594,-1.69278,-0.779468,-0.0262552,0.493662,0.093497,-0,0,4.18239,0.0262511,-0.492259,-31.3341,-0.416318,1.53313,2.07772,1.04165,-0.54408,-40.4743,-0.625329,-0.989054,6.72301,-0.0262511,0.492259,-2.27083,-0.434246,-0.540469,-0.906666,-1.79827,1.08792,-0.0099792,1.005,-0.1,False,True
3.315,-0,0,0.46966,0.0237406,-0.512095,2.21088,-0.776344,0.383806,-10.1686,0.905831,1.44194,2.68926,-0.129486,-1.82575,-0.512946,-0.0237406,0.512095,0.0922202,-0,0,4.15287,0.0237401,-0.511682,-29.7786,-0.40856,1.57042,1.55271,1.03883,-0.584252,-39.4435,-0.630269,-0.98617,6.89817,-0.0237401,0.511682,-2.3412,-0.268809,-0.372757,-0.995895,-1.9209,1.09044,-0.00900375,1.005,-0.1,False,True
3.32,-0,0,0.0823759,0.0211343,-0.530069,0.691788,-0.774454,0.391026,-5.4518,0.913306,1.49394,1.23509,-0.138852,-1.88497,-0.0683981,-0.0211343,0.530069,0.100461,-0,0,3.87615,0.0211343,-0.53002,-23.7032,-0.400614,1.60809,-2.70958,1.0358,-0.626243,-39.6058,-0.635191,-0.981849,3.79851,-0.0211343,0.53002,0.303779,0.0132593,-0.0986871,-1.02664,-1.98397,1.09299,-0.00799237,1.005,-0.1,True,True
3.325,-0,0,-0.142536,0.0184399,-0.546871,-0.155844,-0.772434,0.42106,-2.55348,0.92077,1.47926,0.467189,-0.148336,-1.90032,0.167331,-0.0184399,0.546871,0.114299,-0,0,3.46656,0.0184399,-0.546871,-20.3683,-0.392479,1.64542,-5.09072,1.03257,-0.669757,-38.84,-0.640087,-0.975664,3.41417,-0.0184399,0.546871,0.411172,0.168277,0.041403,-1.02345,-2.01078,1.09558,-0.00694751,1.0181,-0.0880952,True,True
3.33,-0,0,-0.37341,0.0156656,-0.561861,-1.02938,-0.770244,0.455233,0.780667,0.928099,1.45057,0.0173148,-0.157855,-1.9058,0.353553,-0.0156656,0.561861,0.148534,-0,0,2.93883,0.0156656,-0.561861,-16.6373,-0.384159,1.68165,-7.84016,1.02911,-0.714412,-37.9627,-0.644947,-0.967236,2.94314,-0.0156656,0.561861,0.525622,0.303916,0.139129,-1.01407,-2.028,1.09818,-0.00587256,1.03119,-0.0761905,True,True
3.335,-0,0,-0.540673,0.0128213,-0.57479,-1.61269,-0.767882,0.489422,3.98776,0.935276,1.41887,-0.68114,-0.167394,-1.90829,0.516243,-0.0128213,0.57479,0.218969,-0,0,2.3785,0.0128213,-0.57479,-12.9509,-0.375662,1.71627,-10.3884,1.02542,-0.759865,-36.7535,-0.64976,-0.956404,2.50318,-0.0128213,0.57479,0.675405,0.445222,0.201962,-1.00421,-2.0409,1.10081,-0.00477142,1.04429,-0.0642857,True,True
3.34,-0,0,-0.622141,0.00991769,-0.585572,-1.78882,-0.765349,0.523369,6.82053,0.942287,1.38427,-1.74537,-0.176938,-1.90764,0.658424,-0.00991769,0.585572,0.334728,-0,0,1.83435,0.00991769,-0.585572,-9.54587,-0.366997,1.74896,-12.5156,1.02151,-0.805809,-35.2016,-0.654512,-0.943155,2.11451,-0.00991769,0.585572,0.835027,0.59919,0.226682,-0.993832,-2.04929,1.10346,-0.00364826,1.05738,-0.052381,True,True
3.345,-0,0,-0.613093,0.00696559,-0.594177,-1.52174,-0.762648,0.556837,9.18329,0.949119,1.34701,-3.17295,-0.186471,-1.90385,0.778106,-0.00696559,0.594177,0.499501,-0,0,1.32996,0.00696559,-0.594177,-6.52841,-0.358173,1.77951,-14.1482,1.01736,-0.851959,-33.3357,-0.659191,-0.927554,1.7729,-0.00696559,0.594177,0.980505,0.766645,0.209932,-0.98296,-2.05315,1.10613,-0.00250729,1.07048,-0.0404762,True,True
3.35,-0,0,-0.514263,0.00397592,-0.600601,-0.8012,-0.759781,0.589596,11.0406,0.955757,1.30736,-4.95514,-0.195976,-1.89695,0.875885,-0.00397592,0.600601,0.715232,-0,0,0.876384,0.00397592,-0.600601,-3.94096,-0.349202,1.80774,-15.2616,1.01299,-0.89803,-31.1773,-0.663787,-0.909706,1.47299,-0.00397592,0.600601,1.09872,0.949058,0.150938,-0.971636,-2.05252,1.1088,-0.00135277,1.08357,-0.0285714,True,True
3.355,-0,0,-0.32801,0.000959583,-0.604848,0.374791,-0.756752,0.621425,12.3833,0.962192,1.2656,-7.08414,-0.20544,-1.88703,0.953202,-0.000959583,0.604848,0.983425,-0,0,0.47862,0.000959583,-0.604848,-1.79697,-0.340095,1.83348,-15.8516,1.00838,-0.943738,-28.7402,-0.668288,-0.889739,1.20947,-0.000959583,0.604848,1.18213,1.14818,0.0496936,-0.95991,-2.04746,1.11148,-0.000188899,1.09667,-0.0166667,True,True
3.36,-0,0,-0.0565659,-0.00207256,-0.606921,2.00772,-0.753567,0.652109,13.2109,0.968413,1.22204,-9.55553,-0.214847,-1.87414,1.01104,0.00207256,0.606921,1.30514,-0,0,0.139181,-0.00207256,-0.606921,-0.0995179,-0.330867,1.85658,-15.9195,1.00355,-0.988786,-26.0327,-0.672684,-0.86779,0.97725,0.00207256,0.606921,1.22535,1.36522,-0.0938629,-0.947837,-2.03804,1.11416,0.000980111,1.10976,-0.0047619,True,True
3.365,-0,0,0.298317,-0.00510962,-0.606817,4.09983,-0.750231,0.681431,13.5232,0.974412,1.17695,-12.3673,-0.224182,-1.85838,1.04835,0.00510962,0.606817,1.67955,-0,0,-0.140157,-0.00510962,-0.606817,1.14943,-0.32153,1.87688,-15.4665,0.998496,-1.03287,-23.0605,-0.676966,-0.844006,0.771336,0.00510962,0.606817,1.22326,1.59907,-0.280008,-0.935474,-2.02433,1.11684,0.00215008,1.12286,0.00714286,True,True
3.37,-0,0,0.734412,-0.00814073,-0.604528,6.64977,-0.746752,0.709183,13.3182,0.980183,1.13063,-15.5162,-0.23343,-1.83982,1.05975,0.00814073,0.604528,2.10064,-0,0,-0.357731,-0.00814073,-0.604528,1.94614,-0.312098,1.89422,-14.4946,0.993223,-1.07568,-19.8337,-0.681124,-0.818541,0.58688,0.00814073,0.604528,1.17046,1.84295,-0.50886,-0.922885,-2.00639,1.11951,0.00331682,1.13595,0.0190476,True,True
3.375,-0,0,1.24634,-0.0111549,-0.600038,9.64189,-0.743139,0.735165,12.5966,0.985719,1.08338,-18.9902,-0.24258,-1.81854,1.03163,0.0111549,0.600038,2.55112,-0,0,-0.512079,-0.0111549,-0.600038,2.28758,-0.302587,1.90845,-13.0134,0.987739,-1.11689,-16.3751,-0.685152,-0.791567,0.419608,0.0111549,0.600038,1.06204,2.07857,-0.779382,-0.91015,-1.98429,1.12217,0.00447614,1.14905,0.0309524,True,True
3.38,-0,0,1.82021,-0.0141411,-0.593332,13.0263,-0.739401,0.759203,11.3718,0.991017,1.03549,-22.7557,-0.251616,-1.79469,0.936074,0.0141411,0.593332,2.9923,-0,0,-0.60252,-0.0141411,-0.593332,2.18001,-0.293013,1.91949,-11.0547,0.982054,-1.15621,-12.7354,-0.68904,-0.763278,0.266943,0.0141411,0.593332,0.896247,2.26656,-1.08747,-0.897382,-1.95814,1.12481,0.00562381,1.16214,0.0428571,True,True
3.385,-0,0,2.42426,-0.0170882,-0.584397,16.6847,-0.735547,0.781168,9.69099,0.996074,0.987326,-26.7355,-0.260527,-1.76849,0.721684,0.0170882,0.584397,3.34793,-0,0,-0.630221,-0.0170882,-0.584397,1.65614,-0.283393,1.92732,-8.6989,0.976177,-1.19341,-9.01651,-0.692784,-0.733908,0.129895,0.0170882,0.584397,0.679384,2.33148,-1.42264,-0.884756,-1.92811,1.12743,0.00675561,1.17524,0.0547619,True,True
3.39,-0,0,2.99455,-0.0199851,-0.573243,20.3758,-0.731589,0.801022,7.66941,1.00089,0.939293,-30.7734,-0.269301,-1.74031,0.300938,0.0199851,0.573243,3.4807,-0,0,-0.600358,-0.0199851,-0.573243,0.803862,-0.27374,1.93212,-6.11894,0.97012,-1.22837,-5.40988,-0.696379,-0.703751,0.0149162,0.0199851,0.573243,0.432691,2.14054,-1.76261,-0.872551,-1.89452,1.13003,0.00786727,1.18833,0.0666667,True,True
3.395,-0,0,3.41847,-0.0228206,-0.559919,23.6611,-0.727537,0.818882,5.54352,1.00547,0.891912,-34.5789,-0.27793,-1.71079,-0.458785,0.0228206,0.559919,3.16891,-0,0,-0.527207,-0.0228206,-0.559919,-0.19412,-0.264071,1.93439,-3.64384,0.963893,-1.2612,-2.25037,-0.699822,-0.673196,-0.0672912,0.0228206,0.559919,0.197667,1.48456,-2.06561,-0.861213,-1.85792,1.1326,0.00895461,1.20143,0.0785714,True,True
3.4,-0,0,3.37,-0.0255843,-0.544559,26.3756,-0.7234,0.835126,4.21356,1.00981,0.845848,-37.5455,-0.286409,-1.68097,-1.3575,0.0255843,0.544559,2.52274,-0,0,-0.425229,-0.0255843,-0.54456,-1.13857,-0.254396,1.9351,-2.12431,0.957508,-1.29232,0.275259,-0.703111,-0.642778,-0.10708,0.0255843,0.54456,0.032799,0.551166,-2.2674,-0.851437,-1.81926,1.13514,0.0100136,1.21452,0.0904762,True,True
3.405,-0,0,2.10914,-0.0282662,-0.527444,30.6176,-0.719186,0.849648,4.98527,1.01393,0.801109,-40.0331,-0.294739,-1.65076,-2.2351,0.0282662,0.527444,3.41407,-0,0,-0.134434,-0.0282662,-0.527552,-2.45963,-0.24472,1.92099,-2.43011,0.95097,-1.30395,3.47975,-0.70625,-0.617033,-0.128317,0.0282662,0.527552,-0.088275,0.491514,-3.31958,-0.842883,-1.77873,1.13766,0.0110405,1.225,0.1,True,False
3.41,-0,0,-0.620842,-0.0308587,-0.509014,31.6063,-0.714904,0.860768,11.9317,1.01782,0.756171,-35.5262,-0.302916,-1.61694,1.43337,0.0308587,0.509014,2.61926,-0,0,0.0145112,-0.0308598,-0.509705,-2.62336,-0.235187,1.84847,-8.42661,0.944468,-1.23997,3.54589,-0.709282,-0.608508,-0.284228,0.0308598,0.509705,-0.0905919,2.38387,-0.576875,-0.832612,-1.73419,1.14014,0.0120325,1.225,0.1,True,False
3.415,-0,0,-3.95685,-0.0333564,-0.489718,32.762,-0.710578,0.86739,19.8941,1.02149,0.710397,-30.5638,-0.310909,-1.57779,4.85321,0.0333564,0.489718,2.45323,-0,0,0.222511,-0.0333633,-0.491787,-2.78538,-0.226236,1.68933,-15.4425,0.93857,-1.06393,3.55293,-0.712335,-0.6254,-0.462435,0.0333633,0.491787,-0.0899547,4.47718,1.65597,-0.818849,-1.68469,1.14261,0.0129875,1.225,0.1,True,False
3.42,-0,0,-7.21279,-0.0357559,-0.469875,33.7075,-0.70623,0.870089,26.9074,1.02492,0.664815,-26.461,-0.318694,-1.5349,6.97466,0.0357559,0.469875,2.42469,-0,0,0.452409,-0.0357777,-0.474185,-2.93075,-0.218293,1.45093,-21.8339,0.933829,-0.785185,3.47608,-0.715536,-0.665749,-0.619243,0.0357777,0.474185,-0.087821,5.82369,2.99798,-0.802583,-1.63181,1.14506,0.0139043,1.225,0.1,True,False
3.425,-0,0,-10.204,-0.0380551,-0.449704,34.4363,-0.701877,0.869499,32.8466,1.02814,0.620276,-23.1549,-0.326258,-1.48978,8.18179,0.0380551,0.449704,2.42985,-0,0,0.688299,-0.0381051,-0.457105,-3.05791,-0.211726,1.1449,-27.4005,0.930718,-0.419529,3.32217,-0.718992,-0.725368,-0.746649,0.0381051,0.457105,-0.0849275,6.60743,3.74831,-0.784794,-1.57693,1.14751,0.0147821,1.225,0.1,True,False
3.43,-0,0,-12.8445,-0.0402529,-0.429357,34.9916,-0.697535,0.866118,37.7839,1.03113,0.577321,-20.4964,-0.333592,-1.44344,8.85671,0.0402529,0.429357,2.44315,-0,0,0.919444,-0.0403487,-0.440644,-3.16666,-0.206844,0.782597,-32.1299,0.929634,0.0164715,3.09949,-0.722789,-0.799069,-0.841583,0.0403487,0.440644,-0.0817546,7.05654,4.16078,-0.766172,-1.52101,1.14996,0.0156205,1.225,0.1,True,False
3.435,-0,0,-15.0802,-0.0423487,-0.408932,35.4159,-0.693216,0.860368,41.7625,1.03391,0.536297,-18.4122,-0.340692,-1.39667,9.21987,0.0423487,0.408932,2.45556,-0,0,1.13694,-0.0425116,-0.424818,-3.25656,-0.2039,0.375341,-36.0165,0.930883,0.505452,2.81512,-0.726983,-0.880793,-0.901711,0.0425116,0.424818,-0.0786672,7.30603,4.37861,-0.747235,-1.46476,1.15242,0.0164194,1.225,0.1,True,False
3.44,-0,0,-16.8823,-0.0443422,-0.388492,35.7469,-0.688931,0.852629,44.8176,1.03649,0.497433,-16.8656,-0.347559,-1.35006,9.39473,0.0443422,0.388492,2.46566,-0,0,1.33361,-0.0445969,-0.409577,-3.32713,-0.203091,-0.0656808,-39.0678,0.934688,1.02954,2.47597,-0.731597,-0.963858,-0.925805,0.0445969,0.409577,-0.0759419,7.43361,4.47992,-0.728412,-1.4087,1.1549,0.0171786,1.225,0.1,True,False
3.445,-0,0,-18.2436,-0.0462336,-0.368068,36.015,-0.68469,0.843261,46.9912,1.03888,0.460873,-15.8301,-0.354193,-1.30413,9.45115,0.0462336,0.368068,2.4748,-0,0,1.50403,-0.0466074,-0.394827,-3.37802,-0.204557,-0.529588,-41.3101,0.941179,1.57086,2.08946,-0.736621,-1.04127,-0.913988,0.0466074,0.394827,-0.0737836,7.4845,4.50773,-0.710069,-1.35327,1.15741,0.0178983,1.225,0.1,True,False
3.45,-0,0,-19.1744,-0.0480229,-0.347672,36.2419,-0.680499,0.832605,48.3389,1.0411,0.426698,-15.275,-0.3606,-1.2593,9.43076,0.0480229,0.347672,2.48447,-0,0,1.64455,-0.0485452,-0.380439,-3.40898,-0.208387,-1.00608,-42.7894,0.950397,2.1122,1.66382,-0.74201,-1.10612,-0.867811,0.0485452,0.380439,-0.0723353,7.48608,4.48726,-0.692532,-1.2988,1.15994,0.0185787,1.225,0.1,True,False
3.455,-0,0,-19.6996,-0.0497103,-0.327299,36.4404,-0.676364,0.820987,48.9312,1.04315,0.394942,-15.1587,-0.366786,-1.21593,9.36066,0.0497103,0.327299,2.49528,-0,0,1.75326,-0.0504117,-0.366261,-3.41997,-0.214618,-1.48571,-43.5697,0.962301,2.63761,1.20807,-0.747683,-1.1519,-0.79015,0.0504117,0.366261,-0.0716861,7.45596,4.43517,-0.676087,-1.24557,1.16251,0.0192197,1.225,0.1,True,False
3.46,-0,0,-19.8544,-0.0512959,-0.306937,36.6154,-0.672289,0.808716,48.8504,1.04505,0.365597,-15.4299,-0.372759,-1.17431,9.25987,0.0512959,0.306937,2.50676,-0,0,1.82982,-0.0522078,-0.352126,-3.41119,-0.223244,-1.96014,-43.7284,0.976773,3.13299,0.731651,-0.753529,-1.17285,-0.684945,0.0522078,0.352126,-0.0718778,7.40605,4.3636,-0.66098,-1.19381,1.1651,0.0198218,1.225,0.1,True,False
3.465,-0,0,-19.6804,-0.0527797,-0.286575,36.7653,-0.668276,0.796079,48.184,1.04681,0.338619,-16.0304,-0.378529,-1.1347,9.14169,0.0527797,0.286575,2.5178,-0,0,1.87517,-0.053933,-0.337868,-3.38315,-0.234219,-2.42227,-43.3492,0.99363,3.58645,0.243954,-0.759411,-1.16418,-0.556848,0.053933,0.337868,-0.072911,7.34427,4.28155,-0.647415,-1.14368,1.16774,0.0203849,1.225,0.1,True,False
3.47,-0,0,-19.2215,-0.0541617,-0.266201,36.8842,-0.664328,0.783344,47.0189,1.04843,0.31394,-16.901,-0.384106,-1.09728,9.01445,0.0541617,0.266201,2.52704,-0,0,1.89121,-0.0555864,-0.323322,-3.33669,-0.247467,-2.86626,-42.5155,1.01264,3.98848,-0.246186,-0.765171,-1.12222,-0.410856,0.0555864,0.323322,-0.0747513,7.2752,4.19499,-0.635555,-1.09534,1.17041,0.0209094,1.225,0.1,True,False
3.475,-0,0,-18.5203,-0.0554417,-0.245813,36.9632,-0.660443,0.770758,45.4348,1.04994,0.291466,-17.9855,-0.389502,-1.06222,8.88166,0.0554417,0.245813,2.53333,-0,0,1.88037,-0.0571662,-0.308332,-3.27305,-0.262882,-3.28752,-41.3045,1.03352,4.33195,-0.730878,-0.770633,-1.04443,-0.251986,0.0571662,0.308332,-0.0773348,7.20046,4.10679,-0.625523,-1.04888,1.17312,0.0213955,1.225,0.1,True,False
3.48,-0,0,-17.616,-0.0566198,-0.225417,36.9921,-0.65662,0.758549,43.5009,1.05135,0.271087,-19.234,-0.394728,-1.02964,8.74257,0.0566198,0.225417,2.53591,-0,0,1.8453,-0.0586698,-0.292761,-3.19386,-0.280342,-3.68251,-39.7829,1.05596,4.61189,-1.2034,-0.775615,-0.929384,-0.085035,0.0586698,0.292761,-0.0805721,7.11913,4.01694,-0.617406,-1.0044,1.17586,0.0218433,1.225,0.1,True,False
3.485,-0,0,-16.5422,-0.0576959,-0.20503,36.9603,-0.652857,0.74693,41.2733,1.05266,0.252679,-20.6049,-0.399798,-0.999609,8.59306,0.0576959,0.20503,2.53439,-0,0,1.78856,-0.0600938,-0.276489,-3.10115,-0.299707,-4.04855,-38.0046,1.07963,4.82527,-1.65825,-0.779927,-0.776725,0.0855644,0.0600938,0.276489,-0.0843525,7.02829,3.92308,-0.61126,-0.961989,1.17864,0.0222532,1.225,0.1,True,False
3.49,-0,0,-15.3269,-0.0586701,-0.184679,36.8572,-0.649151,0.736103,38.7954,1.05388,0.236108,-22.0643,-0.404725,-0.972211,8.42677,0.0586701,0.184679,2.52869,-0,0,1.7124,-0.0614347,-0.259421,-2.9973,-0.320827,-4.38365,-36.0102,1.10421,4.97067,-2.091,-0.783382,-0.587022,0.255798,0.0614347,0.259421,-0.0885466,6.92375,3.8213,-0.607113,-0.921707,1.18145,0.0226255,1.225,0.1,True,False
3.495,-0,0,-13.9925,-0.0595427,-0.164406,36.6727,-0.645496,0.726256,36.0988,1.05502,0.221234,-23.5857,-0.40952,-0.94749,8.23638,0.0595427,0.164406,2.5188,-0,0,1.61866,-0.062688,-0.24149,-2.88495,-0.343543,-4.68626,-33.8282,1.12934,5.04795,-2.49808,-0.785797,-0.361685,0.422064,0.062688,0.24149,-0.0930086,6.80067,3.70702,-0.604964,-0.883625,1.18428,0.0229605,1.225,0.1,True,False
3.5,-0,0,-12.557,-0.0603142,-0.144265,36.3973,-0.641888,0.717567,33.2062,1.05609,0.207908,-25.1481,-0.414199,-0.925474,8.0147,0.0603142,0.144265,2.50463,-0,0,1.50872,-0.0638496,-0.222659,-2.76695,-0.36769,-4.95511,-31.4765,1.15469,5.05798,-2.87648,-0.786999,-0.102867,0.581129,0.0638496,0.222659,-0.0975788,6.65429,3.57582,-0.604793,-0.847807,1.18715,0.0232588,1.225,0.1,True,False
3.505,-0,0,-11.0346,-0.0609853,-0.12432,36.022,-0.638321,0.710202,30.1334,1.0571,0.195975,-26.7341,-0.418775,-0.906177,7.75561,0.0609853,0.12432,2.48592,-0,0,1.38354,-0.0649146,-0.202924,-2.64623,-0.393095,-5.18904,-28.9654,1.17992,5.00242,-3.22345,-0.786826,0.186619,0.730074,0.0649146,0.202924,-0.102086,6.4804,3.424,-0.606551,-0.814316,1.19004,0.0235208,1.225,0.1,True,False
3.51,-0,0,-9.43744,-0.0615574,-0.104647,35.5387,-0.634786,0.704313,26.8929,1.05805,0.185277,-28.3285,-0.423261,-0.889591,7.45475,0.0615574,0.104647,2.46216,-0,0,1.24371,-0.0658788,-0.182313,-2.52564,-0.41958,-5.38692,-26.3002,1.20471,4.88355,-3.53619,-0.785133,0.503368,0.866251,0.0658788,0.182313,-0.106351,6.2758,3.24911,-0.610167,-0.78321,1.19295,0.0237473,1.225,0.1,True,False
3.515,-0,0,-7.77703,-0.0620318,-0.0853339,34.9402,-0.631278,0.700036,23.4966,1.05895,0.17565,-29.9171,-0.427671,-0.875686,7.10998,0.0620318,0.0853339,2.4326,-0,0,1.08961,-0.0667378,-0.160894,-2.40785,-0.446964,-5.54757,-23.4836,1.22876,4.70413,-3.81158,-0.781792,0.843444,0.987258,0.0667378,0.160894,-0.110194,6.0386,3.05022,-0.615544,-0.754539,1.19588,0.0239389,1.225,0.1,True,False
3.52,-0,0,-6.06512,-0.0624107,-0.0664762,34.2214,-0.627786,0.697482,19.9578,1.0598,0.166925,-31.4852,-0.432018,-0.864408,6.7217,0.0624107,0.0664762,2.39641,-0,0,0.921595,-0.0674877,-0.138768,-2.29523,-0.475056,-5.66978,-20.5186,1.25175,4.46735,-4.04602,-0.776698,1.20243,1.09095,0.0674877,0.138768,-0.113437,5.76852,2.82803,-0.622554,-0.728339,1.19882,0.0240966,1.225,0.1,True,False
3.525,-0,0,-4.31483,-0.0626966,-0.0481757,33.3793,-0.624303,0.696739,16.2939,1.06062,0.15893,-33.018,-0.436315,-0.855669,6.29296,0.0626966,0.0481757,2.35282,-0,0,0.740126,-0.0681255,-0.116071,-2.1897,-0.503662,-5.75229,-17.4108,1.27343,4.17678,-4.23525,-0.769768,1.57551,1.17546,0.0681255,0.116071,-0.115916,5.46708,2.58486,-0.631044,-0.70463,1.20178,0.0242212,1.225,0.1,True,False
3.53,-0,0,-2.54129,-0.0628924,-0.0305381,32.4147,-0.620819,0.697859,12.5278,1.06139,0.151491,-34.4999,-0.440575,-0.849351,5.82942,0.0628924,0.0305381,2.30136,-0,0,0.546002,-0.0686484,-0.0929684,-2.09272,-0.532579,-5.79386,-14.1703,1.29352,3.83636,-4.3743,-0.760943,1.9575,1.23928,0.0686484,0.0929684,-0.117487,5.13768,2.32448,-0.640829,-0.68341,1.20474,0.0243139,1.225,0.1,True,False
3.535,-0,0,-0.761943,-0.0630019,-0.0136685,31.3322,-0.617324,0.700861,8.68834,1.06213,0.144434,-35.9156,-0.444809,-0.845296,5.33914,0.0630019,0.0136685,2.24213,-0,0,0.340503,-0.0690551,-0.0696538,-2.00522,-0.5616,-5.7934,-10.8133,1.31179,3.4504,-4.45752,-0.750193,2.343,1.28133,0.0690551,0.0696538,-0.118035,4.78563,2.05182,-0.651694,-0.664647,1.20771,0.0243759,1.225,0.1,True,False
3.54,-0,0,1.00357,-0.0630291,0.00233257,30.1421,-0.61381,0.705722,4.81102,1.06284,0.13759,-37.2505,-0.449028,-0.843312,4.83208,0.0630291,-0.00233257,2.17592,-0,0,0.125521,-0.069345,-0.0463382,-1.92763,-0.590513,-5.75002,-7.36303,1.32803,3.02357,-4.47868,-0.737513,2.72645,1.30099,0.069345,0.0463382,-0.117486,4.41793,1.77263,-0.663405,-0.648279,1.21067,0.0244085,1.225,0.1,True,False
3.545,-0,0,2.73386,-0.0629786,0.0173745,28.8602,-0.610267,0.712379,0.937021,1.06351,0.130794,-38.4919,-0.453242,-0.843172,4.3195,0.0629786,-0.0173745,2.10433,-0,0,-0.0963852,-0.0695185,-0.0232436,-1.85994,-0.6191,-5.6632,-3.85018,1.34203,2.56091,-4.43118,-0.722929,3.10229,1.29825,0.0695185,0.0232436,-0.115809,4.04286,1.49299,-0.675705,-0.634205,1.21364,0.0244132,1.225,0.1,True,False
3.55,-0,0,4.40659,-0.0628554,0.031382,27.5085,-0.606686,0.720727,-2.88792,1.06415,0.123894,-39.6301,-0.457459,-0.84462,3.81307,0.0628554,-0.031382,2.02965,-0,0,-0.322011,-0.0695774,-0.000592756,-1.80184,-0.647145,-5.53289,-0.312822,1.35364,2.0678,-4.30833,-0.70649,3.46509,1.27367,0.0695774,0.000592756,-0.113026,3.66946,1.21887,-0.688329,-0.622293,1.21659,0.0243914,1.225,0.1,True,False
3.555,-0,0,5.99957,-0.0626648,0.0443004,26.1145,-0.60306,0.730627,-6.61539,1.06475,0.116753,-40.6599,-0.461688,-0.84738,3.32403,0.0626648,-0.0443004,1.95462,-0,0,-0.547617,-0.0695244,0.0214007,-1.75281,-0.674429,-5.35966,3.20463,1.36271,1.54996,-4.10377,-0.688278,3.8097,1.22842,0.0695244,-0.0214007,-0.10921,3.30672,0.955701,-0.701016,-0.612375,1.21954,0.0243448,1.225,0.1,True,False
3.56,-0,0,7.49185,-0.0624124,0.0561003,24.7109,-0.59938,0.741911,-10.1966,1.06531,0.109255,-41.5804,-0.465933,-0.851166,2.86227,0.0624124,-0.0561003,1.88209,-0,0,-0.769113,-0.0693634,0.0425428,-1.71228,-0.700741,-5.14472,6.65288,1.36913,1.01333,-3.81192,-0.668394,4.13139,1.16423,0.0693634,-0.0425428,-0.104483,2.96283,0.708022,-0.713517,-0.604254,1.22247,0.024275,1.225,0.1,True,False
3.565,-0,0,8.86493,-0.0621038,0.066782,23.3335,-0.595641,0.754393,-13.5845,1.06584,0.101304,-42.3961,-0.4702,-0.855696,2.43568,0.0621038,-0.066782,1.81457,-0,0,-0.982309,-0.069099,0.0626686,-1.67975,-0.725877,-4.89006,9.97973,1.37284,0.464064,-3.42842,-0.646964,4.42599,1.0833,0.069099,-0.0626686,-0.0990108,2.6445,0.47933,-0.725613,-0.597709,1.22538,0.0241837,1.225,0.1,True,False
3.57,-0,0,10.1037,-0.0617446,0.0763777,22.0202,-0.591836,0.767878,-16.7365,1.06633,0.0928288,-43.1161,-0.47449,-0.860706,2.04983,0.0617446,-0.0763777,1.75388,-0,0,-1.18318,-0.0687367,0.0816494,-1.65489,-0.749642,-4.59842,13.1325,1.37378,-0.0915707,-2.95066,-0.624134,4.68999,0.988197,0.0687367,-0.0816494,-0.0929928,2.35653,0.272062,-0.737127,-0.592506,1.22827,0.0240724,1.225,0.1,True,False
3.575,-0,0,11.1972,-0.06134,0.0849526,20.8081,-0.587962,0.782177,-19.6156,1.06677,0.0837848,-43.7533,-0.478807,-0.865962,1.70799,0.06134,-0.0849526,1.70094,-0,0,-1.36814,-0.0682825,0.0993989,-1.63756,-0.771861,-4.27328,16.0602,1.37192,-0.647285,-2.37811,-0.600064,4.92056,0.881683,0.0682825,-0.0993989,-0.0866483,2.10168,0.087757,-0.747931,-0.588404,1.23113,0.0239427,1.225,0.1,True,False
3.58,-0,0,12.1386,-0.060895,0.0926042,19.7323,-0.584014,0.797119,-22.192,1.06716,0.074149,-44.323,-0.48315,-0.871268,1.41155,0.060895,-0.0926042,1.65577,-0,0,-1.53422,-0.0677427,0.115875,-1.62782,-0.792375,-3.91882,18.716,1.3673,-1.19685,-1.7127,-0.574928,5.11567,0.766561,0.0677427,-0.115875,-0.0802026,1.88098,-0.0726841,-0.75796,-0.585166,1.23397,0.0237959,1.225,0.1,True,False
3.585,-0,0,12.9256,-0.060414,0.0994592,18.8236,-0.579991,0.81256,-24.4438,1.06751,0.0639193,-44.8414,-0.487519,-0.876479,1.16075,0.060414,-0.0994592,1.61769,-0,0,-1.67925,-0.0671238,0.13108,-1.62589,-0.811049,-3.5398,21.0591,1.35996,-1.73417,-0.958935,-0.548907,5.27397,0.645519,0.0671238,-0.13108,-0.073873,1.69427,-0.208705,-0.767206,-0.582564,1.23677,0.0236334,1.225,0.1,True,False
3.59,-0,0,13.5593,-0.0599004,0.105669,18.1073,-0.575889,0.828389,-26.3562,1.0678,0.0531095,-45.3237,-0.491915,-0.881499,0.955318,0.0599004,-0.105669,1.58573,-0,0,-1.80188,-0.0664319,0.145059,-1.6321,-0.827773,-3.14146,23.056,1.34996,-2.25337,-0.12396,-0.522188,5.39483,0.520988,0.0664319,-0.145059,-0.0678563,1.5409,-0.31986,-0.775726,-0.580388,1.23954,0.0234561,1.225,0.1,True,False
3.595,-0,0,14.0437,-0.0593573,0.111405,17.6021,-0.571707,0.844534,-27.9216,1.06804,0.0417442,-45.7827,-0.496334,-0.886279,0.795048,0.0593573,-0.111405,1.55897,-0,0,-1.90155,-0.0656732,0.157889,-1.64675,-0.842463,-2.72936,24.6811,1.33742,-2.74883,0.782622,-0.494959,5.47819,0.395034,0.0656732,-0.157889,-0.0623188,1.4203,-0.405704,-0.783629,-0.57845,1.24227,0.0232649,1.225,0.1,True,False
3.6,-0,0,14.3846,-0.0587864,0.116851,17.3197,-0.567443,0.860963,-29.1378,1.06822,0.0298532,-46.2283,-0.500777,-0.890817,0.680018,0.0587864,-0.116851,1.5369,-0,0,-1.97841,-0.064853,0.169682,-1.67011,-0.855066,-2.30925,25.9172,1.32247,-3.21525,1.74901,-0.467406,5.5245,0.269283,0.064853,-0.169682,-0.0573911,1.33231,-0.465833,-0.791067,-0.576585,1.24497,0.0230602,1.225,0.1,True,False
3.605,-0,0,14.5883,-0.0581888,0.122196,17.2652,-0.563097,0.87768,-30.0074,1.06834,0.0174666,-46.666,-0.505243,-0.895146,0.610461,0.0581888,-0.122196,1.51951,-0,0,-2.03314,-0.0639764,0.180569,-1.70229,-0.865556,-1.88695,26.7546,1.30527,-3.64762,2.76162,-0.439714,5.53457,0.144887,0.0639764,-0.180569,-0.0531666,1.27718,-0.500043,-0.798229,-0.574649,1.24762,0.0228423,1.225,0.1,True,False
3.61,-0,0,14.6609,-0.0575644,0.12763,17.4366,-0.558667,0.89472,-30.5362,1.0684,0.00460956,-47.0977,-0.509729,-0.899329,0.586417,0.0575644,-0.12763,1.50732,-0,0,-2.06684,-0.0630474,0.190694,-1.74325,-0.873936,-1.46818,27.1908,1.286,-4.04128,3.80553,-0.412061,5.50946,0.022528,0.0630474,-0.190694,-0.0497028,1.25529,-0.508539,-0.805322,-0.572523,1.25024,0.0226111,1.225,0.1,True,False
3.615,-0,0,14.607,-0.0569125,0.133338,17.8267,-0.55415,0.912145,-30.7317,1.06839,-0.00870092,-47.5217,-0.514236,-0.903444,0.607357,0.0569125,-0.133338,1.50119,-0,0,-2.08083,-0.0620694,0.200214,-1.79276,-0.880238,-1.05851,27.229,1.26486,-4.39187,4.86506,-0.384619,5.45038,-0.0975445,0.0620694,-0.200214,-0.047026,1.26689,-0.492092,-0.812561,-0.570103,1.25282,0.0223663,1.225,0.1,True,False
3.62,-0,0,14.4297,-0.0562311,0.139493,18.4229,-0.549545,0.930035,-30.6027,1.06831,-0.0224588,-47.9326,-0.518763,-0.907576,0.672004,0.0562311,-0.139493,1.50219,-0,0,-2.07657,-0.0610452,0.209284,-1.85038,-0.884521,-0.663217,26.8769,1.24208,-4.69532,5.92423,-0.357557,5.35853,-0.215452,0.0610452,-0.209284,-0.0451368,1.31182,-0.452065,-0.820157,-0.567302,1.25537,0.0221073,1.225,0.1,True,False
3.625,-0,0,14.1302,-0.0555175,0.146256,19.2086,-0.54485,0.94848,-30.1581,1.06816,-0.0366707,-48.3223,-0.523312,-0.91181,0.778497,0.0555175,-0.146256,1.51148,-0,0,-2.05551,-0.0599766,0.218058,-1.91546,-0.88687,-0.287276,26.1463,1.2179,-4.94782,6.96727,-0.331034,5.23509,-0.331597,0.0599766,-0.218058,-0.0440158,1.3896,-0.390241,-0.828309,-0.564046,1.25787,0.021833,1.225,0.1,True,False
3.63,-0,0,13.7082,-0.0547685,0.153771,20.1639,-0.54006,0.967575,-29.407,1.06794,-0.051356,-48.68,-0.527881,-0.916219,0.924909,0.0547685,-0.153771,1.53027,-0,0,-2.01908,-0.0588646,0.226685,-1.98717,-0.887394,0.064718,25.0516,1.1926,-5.14581,7.97903,-0.305206,5.08109,-0.446562,0.0588646,-0.226685,-0.0436288,1.49973,-0.308481,-0.837191,-0.560265,1.26034,0.0215425,1.225,0.1,True,False
3.635,-0,0,13.1623,-0.0539798,0.162164,21.2666,-0.535174,0.987408,-28.3581,1.06765,-0.066547,-48.9926,-0.532474,-0.920861,1.11,0.0539798,-0.162164,1.55986,-0,0,-1.96867,-0.0577097,0.235307,-2.06447,-0.886223,0.388563,23.6098,1.16645,-5.28597,8.94525,-0.280223,4.8974,-0.560995,0.0577097,-0.235307,-0.043931,1.64222,-0.208263,-0.846949,-0.555895,1.26277,0.0212343,1.225,0.1,True,False
3.64,-0,0,12.4913,-0.0531469,0.171539,22.4922,-0.530186,1.00806,-27.0212,1.06728,-0.0822873,-49.2451,-0.53709,-0.92577,1.33395,0.0531469,-0.171539,1.60168,-0,0,-1.90561,-0.0565116,0.244054,-2.14612,-0.883508,0.680482,21.8408,1.13974,-5.36524,9.8528,-0.256232,4.68476,-0.675478,0.0565116,-0.244054,-0.04487,1.81811,-0.0902193,-0.857694,-0.550872,1.26518,0.0209068,1.225,0.1,True,False
3.645,-0,0,11.6952,-0.0522644,0.181981,23.8146,-0.525093,1.02958,-25.4076,1.06682,-0.0986303,-49.4212,-0.541731,-0.930954,1.59891,0.0522644,-0.181981,1.65724,-0,0,-1.83127,-0.0552692,0.253046,-2.2307,-0.879418,0.937146,19.7679,1.11279,-5.38087,10.6897,-0.233376,4.44372,-0.7904,0.0552692,-0.253046,-0.0463879,2.0298,0.046206,-0.869497,-0.545133,1.26755,0.0205584,1.225,0.1,True,False
3.65,-0,0,10.776,-0.051327,0.193552,25.2062,-0.51989,1.05203,-23.5323,1.06629,-0.115637,-49.5042,-0.5464,-0.936391,1.9089,0.051327,-0.193552,1.728,-0,0,-1.74708,-0.0539811,0.262393,-2.31659,-0.874137,1.15571,17.4188,1.08593,-5.33053,11.4452,-0.211795,4.17481,-0.905813,0.0539811,-0.262393,-0.0484225,2.28096,0.202825,-0.882391,-0.538612,1.2699,0.0201871,1.225,0.1,True,False
3.655,-0,0,9.73968,-0.0503289,0.206292,26.6375,-0.514573,1.0754,-21.416,1.06567,-0.133372,-49.4782,-0.551095,-0.942031,2.26914,0.0503289,-0.206292,1.81511,-0,0,-1.65466,-0.0526453,0.272188,-2.40202,-0.867861,1.33389,14.8274,1.05949,-5.21245,12.1093,-0.191627,3.87856,-1.0213,0.0526453,-0.272188,-0.0509085,2.57584,0.382417,-0.896362,-0.531241,1.27222,0.0197912,1.225,0.1,True,False
3.66,-0,0,8.5968,-0.0492641,0.220215,28.0774,-0.509136,1.0997,-19.0874,1.06496,-0.151906,-49.3305,-0.55582,-0.947795,2.68448,0.0492641,-0.220215,1.91892,-0,0,-1.55584,-0.0512592,0.282515,-2.48504,-0.860798,1.47001,12.0356,1.03381,-5.02565,12.6729,-0.173009,3.55564,-1.13582,0.0512592,-0.282515,-0.0537775,2.91806,0.588012,-0.91136,-0.522955,1.27453,0.0193685,1.225,0.1,True,False
3.665,-0,0,7.36365,-0.0481268,0.235311,29.4926,-0.503576,1.12489,-16.586,1.06415,-0.171306,-49.053,-0.560573,-0.953581,3.15727,0.0481268,-0.235311,2.03858,-0,0,-1.45274,-0.0498201,0.293443,-2.56358,-0.853161,1.56315,9.09498,1.00923,-4.77022,13.127,-0.156071,3.20707,-1.24763,0.0498201,-0.293443,-0.0569592,3.30884,0.821795,-0.927293,-0.513693,1.27682,0.018917,1.225,0.1,True,False
3.67,-0,0,6.06265,-0.046911,0.251547,30.8481,-0.497887,1.15091,-13.9638,1.06324,-0.191641,-48.645,-0.565356,-0.959273,3.68479,0.046911,-0.251547,2.17145,-0,0,-1.34773,-0.0483248,0.305025,-2.63546,-0.845166,1.61328,6.06805,0.986105,-4.44765,13.4627,-0.140938,2.83436,-1.35416,0.0483248,-0.305025,-0.060382,3.74494,1.08376,-0.94404,-0.503404,1.2791,0.0184349,1.225,0.1,True,False
3.675,-0,0,4.72226,-0.0456113,0.268864,32.107,-0.492067,1.17772,-11.2865,1.06223,-0.212978,-48.1146,-0.570166,-0.964745,4.25688,0.0456113,-0.268864,2.31281,-0,0,-1.24341,-0.0467699,0.317302,-2.69847,-0.837028,1.62142,3.02827,0.964755,-4.06117,13.6708,-0.127727,2.43974,-1.45203,0.0467699,-0.317302,-0.0639735,4.21688,1.37039,-0.961452,-0.492055,1.28138,0.0179202,1.225,0.1,True,False
3.68,-0,0,3.37608,-0.0442224,0.287179,33.2319,-0.48611,1.20526,-8.63179,1.06111,-0.235386,-47.4797,-0.575003,-0.969874,4.85442,0.0442224,-0.287179,2.45567,-0,0,-1.1424,-0.0451518,0.3303,-2.75039,-0.828952,1.58978,0.0587685,0.945493,-3.61613,13.7414,-0.116541,2.02635,-1.53713,0.0451518,-0.3303,-0.0676623,4.70776,1.67371,-0.979366,-0.479635,1.28366,0.0173711,1.225,0.1,True,False
3.685,-0,0,2.06099,-0.0427395,0.306387,34.1853,-0.480014,1.23348,-6.08673,1.05988,-0.258932,-46.7675,-0.579865,-0.974551,5.44936,0.0427395,-0.306387,2.59102,-0,0,-1.04718,-0.0434669,0.344031,-2.78909,-0.82113,1.52189,-2.75121,0.928594,-3.1203,13.6642,-0.107464,1.5984,-1.60474,0.0434669,-0.344031,-0.0713791,5.19342,1.98114,-0.997609,-0.466164,1.28594,0.016786,1.225,0.1,True,False
3.69,-0,0,0.814573,-0.0411585,0.326362,34.932,-0.473775,1.26238,-3.74125,1.05852,-0.283694,-46.0113,-0.584749,-0.978684,6.00676,0.0411585,-0.326362,2.70846,-0,0,-0.959825,-0.0417115,0.358495,-2.8126,-0.813733,1.42266,-5.3119,0.91429,-2.58398,13.4282,-0.100557,1.16133,-1.64988,0.0417115,-0.358495,-0.0750575,5.64408,2.27639,-1.01601,-0.451693,1.28823,0.0161635,1.225,0.1,True,False
3.695,-0,0,-0.328178,-0.0394759,0.346962,35.4406,-0.46739,1.29196,-1.68018,1.05704,-0.309754,-45.2464,-0.589652,-0.982211,6.48899,0.0394759,-0.346962,2.79716,-0,0,-0.881697,-0.0398819,0.373678,-2.81916,-0.806904,1.29832,-7.54027,0.902754,-2.02007,13.0227,-0.0958506,0.721742,-1.66766,0.0398819,-0.373678,-0.0786345,6.02784,2.54152,-1.0344,-0.436309,1.29054,0.0155023,1.225,0.1,True,False
3.7,-0,0,-1.33823,-0.0376889,0.368031,35.6855,-0.460856,1.32229,0.026003,1.05543,-0.337205,-44.5042,-0.594571,-0.985089,6.86151,0.0376889,-0.368031,2.84714,-0,0,-0.813277,-0.0379747,0.389554,-2.80738,-0.80075,1.15631,-9.36806,0.894089,-1.44373,12.437,-0.0933395,0.287421,-1.65369,0.0379747,-0.389554,-0.0820488,6.31522,2.75994,-1.05262,-0.420126,1.29286,0.0148015,1.225,0.1,True,False
3.705,-0,0,-2.19535,-0.0357956,0.389404,35.6489,-0.454168,1.35345,1.3297,1.05367,-0.366151,-43.8057,-0.599503,-0.987297,7.09924,0.0357956,-0.389404,2.85061,-0,0,-0.754042,-0.0359864,0.406085,-2.77625,-0.79534,1.00491,-10.7489,0.888317,-0.871999,11.6615,-0.0929764,-0.132911,-1.60445,0.0359864,-0.406085,-0.0852378,6.48436,2.9197,-1.07052,-0.403282,1.2952,0.0140604,1.225,0.1,True,False
3.71,-0,0,-2.88975,-0.0337949,0.410909,35.3211,-0.447321,1.38552,2.21224,1.05176,-0.396703,-43.1567,-0.604444,-0.98882,7.19248,0.0337949,-0.410909,2.80347,-0,0,-0.702515,-0.0339138,0.42322,-2.72523,-0.790701,0.852943,-11.6629,0.885369,-0.32311,10.6872,-0.0946686,-0.529833,-1.51751,0.0339138,-0.42322,-0.0881295,6.5259,3.01654,-1.08796,-0.385922,1.29757,0.0132785,1.225,0.1,True,False
3.715,-0,0,-3.42189,-0.0316865,0.432374,34.7009,-0.440312,1.41861,2.68587,1.0497,-0.428973,-42.5438,-0.609391,-0.989637,7.15156,0.0316865,-0.432374,2.70691,-0,0,-0.656457,-0.0317542,0.440894,-2.65428,-0.786811,0.709295,-12.1177,0.885086,0.184233,9.50651,-0.0982747,-0.893528,-1.3916,0.0317542,-0.440894,-0.090631,6.4472,3.05598,-1.10477,-0.368188,1.29996,0.0124559,1.225,0.1,True,False
3.72,-0,0,-3.80016,-0.0294711,0.453624,33.7951,-0.433135,1.45277,2.79126,1.04748,-0.463064,-41.9331,-0.61434,-0.98971,7.0105,0.0294711,-0.453624,2.56982,-0,0,-0.613173,-0.0295049,0.459018,-2.56385,-0.783608,0.582518,-12.145,0.887212,0.631555,8.11224,-0.103604,-1.21407,-1.22645,0.0295049,-0.459018,-0.0926103,6.27626,3.05448,-1.12079,-0.350207,1.30238,0.0115927,1.225,0.1,True,False
3.725,-0,0,-4.03642,-0.0271502,0.474482,32.617,-0.425785,1.48802,2.59129,1.04507,-0.499056,-41.2693,-0.619288,-0.988961,6.83138,0.0271502,-0.474482,2.4129,-0,0,-0.569847,-0.027164,0.477471,-2.45474,-0.780986,0.480498,-11.7927,0.891401,1.00115,6.49724,-0.110415,-1.48165,-1.02239,0.027164,-0.477471,-0.0938684,6.06721,3.03999,-1.13583,-0.332082,1.30484,0.0106894,1.225,0.1,True,False
3.73,-0,0,-4.13927,-0.0247263,0.494758,31.1858,-0.418255,1.52426,2.16271,1.04248,-0.536992,-40.4728,-0.62423,-0.987268,6.71298,0.0247263,-0.494758,2.27722,-0,0,-0.523788,-0.0247302,0.496088,-2.32787,-0.778803,0.410261,-11.115,0.897223,1.2764,4.65355,-0.11842,-1.68666,-0.779841,0.0247302,-0.496088,-0.0940957,5.9114,3.05273,-1.14964,-0.313883,1.30732,0.00974711,1.225,0.1,True,False
3.735,-0,0,-4.10451,-0.0222027,0.514236,29.6279,-0.410542,1.56129,1.62358,1.0397,-0.576855,-39.4466,-0.629161,-0.98444,6.88346,0.0222027,-0.514236,2.34462,-0,0,-0.472677,-0.0222031,0.514625,-2.18565,-0.776883,0.37794,-10.2079,0.904165,1.44173,2.67832,-0.127282,-1.81967,-0.512918,0.0222031,-0.514625,-0.0926713,6.07209,3.13482,-1.16191,-0.29566,1.30983,0.00876698,1.225,0.1,True,False
3.74,-0,0,-3.83148,-0.0195839,0.532627,23.5669,-0.402642,1.59871,-2.65008,1.03672,-0.618517,-39.6104,-0.634074,-0.980188,3.78654,0.0195839,-0.532627,-0.29791,-0,0,-0.0822203,-0.0195839,0.532672,-0.68047,-0.775023,0.384847,-5.47776,0.91164,1.49399,1.23093,-0.136617,-1.87884,-0.0690741,0.0195839,-0.532672,-0.100412,2.39747,2.67647,-1.17219,-0.277441,1.31237,0.00775082,1.225,0.1,True,True
3.745,-0,0,-3.42589,-0.0168764,0.549528,20.2364,-0.394555,1.63577,-5.03932,1.03352,-0.661685,-38.8451,-0.638962,-0.974083,3.40189,0.0168764,-0.549528,-0.405756,-0,0,0.145421,-0.0168764,0.549528,0.159928,-0.773035,0.414684,-2.56886,0.919105,1.47939,0.467713,-0.14607,-1.89407,0.166324,0.0168764,-0.549528,-0.113956,2.07187,2.49286,-1.17984,-0.259246,1.31494,0.00670107,1.2381,0.0880952,True,True
3.75,-0,0,-2.90537,-0.0140887,0.564568,16.5117,-0.386284,1.67171,-7.79493,1.0301,-0.705972,-37.967,-0.643815,-0.965743,2.93104,0.0140887,-0.564568,-0.520736,-0,0,0.37978,-0.0140887,0.564568,1.02459,-0.770877,0.448675,0.774328,0.926434,1.45076,0.0242941,-0.155558,-1.89943,0.35195,0.0140887,-0.564568,-0.147888,1.68278,2.25519,-1.1843,-0.2411,1.31754,0.00562113,1.25119,0.0761905,True,True
3.755,-0,0,-2.35291,-0.0112307,0.577545,12.8338,-0.377838,1.70604,-10.3485,1.02646,-0.751036,-36.7571,-0.64862,-0.955006,2.49152,0.0112307,-0.577545,-0.670922,-0,0,0.549937,-0.0112307,0.577545,1.59753,-0.768548,0.482675,3.98938,0.933613,1.41911,-0.666974,-0.165065,-1.90179,0.513847,0.0112307,-0.577545,-0.217993,1.2933,2.05786,-1.1853,-0.22304,1.32016,0.0045149,1.26429,0.0642857,True,True
3.76,-0,0,-1.81634,-0.00831321,0.588375,9.43903,-0.369224,1.73843,-12.4809,1.02259,-0.796572,-35.2047,-0.653365,-0.941861,2.10342,0.00831321,-0.588375,-0.830843,-0,0,0.63334,-0.00831321,0.588375,1.76248,-0.76605,0.51643,6.82956,0.940625,1.38458,-1.72357,-0.174576,-1.90101,0.65511,0.00831321,-0.588375,-0.33338,0.932329,1.89919,-1.18277,-0.205117,1.3228,0.00338654,1.27738,0.052381,True,True
3.765,-0,0,-1.31883,-0.00534697,0.597029,6.43253,-0.360453,1.76866,-14.1188,1.01849,-0.842293,-33.3385,-0.658038,-0.926372,1.76246,0.00534697,-0.597029,-0.976568,-0,0,0.625173,-0.00534697,0.597029,1.4839,-0.763384,0.549699,9.19954,0.947459,1.34739,-3.14314,-0.184075,-1.89709,0.773789,0.00534697,-0.597029,-0.497727,0.611368,1.76224,-1.17676,-0.187386,1.32545,0.00224028,1.29048,0.0404762,True,True
3.77,-0,0,-0.871257,-0.00234291,0.603503,3.85644,-0.351537,1.79656,-15.238,1.01417,-0.887916,-31.18,-0.662629,-0.908645,1.46324,0.00234291,-0.603503,-1.09501,-0,0,0.52612,-0.00234291,0.603503,0.751761,-0.760553,0.582256,11.0641,0.954099,1.30781,-4.91699,-0.193547,-1.89006,0.870495,0.00234291,-0.603503,-0.712969,0.334754,1.63579,-1.16736,-0.169913,1.32811,0.00108036,1.30357,0.0285714,True,True
3.775,-0,0,-0.478505,0.000688063,0.607801,1.724,-0.342488,1.82196,-15.8342,1.00961,-0.933155,-28.7431,-0.667125,-0.888807,1.20043,-0.000688063,-0.607801,-1.17865,-0,0,0.33851,0.000688063,0.607801,-0.435799,-0.757561,0.613879,12.4142,0.960537,1.26613,-7.03733,-0.202976,-1.88001,0.94667,-0.000688063,-0.607801,-0.980591,0.103577,1.51193,-1.1547,-0.152767,1.33078,-8.90158e-05,1.31667,0.0166667,True,True
3.78,-0,0,-0.143024,0.0037351,0.609926,0.0381891,-0.333318,1.84471,-15.9089,1.00483,-0.977716,-26.0359,-0.671517,-0.866996,0.96895,-0.0037351,-0.609926,-1.2221,-0,0,0.0645359,0.0037351,0.609926,-2.08022,-0.754414,0.644352,13.2496,0.966761,1.22265,-9.49975,-0.212347,-1.867,1.00328,-0.0037351,-0.609926,-1.30163,-0.082189,1.38418,-1.13889,-0.136029,1.33345,-0.00126364,1.32976,0.0047619,True,True
3.785,-0,0,0.133467,0.00678732,0.609876,-1.19909,-0.324041,1.86465,-15.4634,0.999836,-1.02129,-23.0643,-0.675795,-0.843359,0.763802,-0.00678732,-0.609876,-1.22028,-0,0,-0.29409,0.00678732,0.609876,-4.18371,-0.751118,0.673461,13.5699,0.972763,1.17765,-12.3023,-0.221646,-1.85111,1.03927,-0.00678732,-0.609876,-1.67525,-0.222626,1.24628,-1.12005,-0.119787,1.33611,-0.00243934,1.34286,-0.00714286,True,True
3.79,-0,0,0.349367,0.00983386,0.607642,-1.98417,-0.314671,1.88162,-14.4998,0.994622,-1.06357,-19.8382,-0.67995,-0.818049,0.58015,-0.00983386,-0.607642,-1.1678,-0,0,-0.73518,0.00983386,0.607642,-6.74488,-0.747679,0.700996,13.3734,0.978537,1.13143,-15.4416,-0.230858,-1.83243,1.04923,-0.00983386,-0.607642,-2.09539,-0.31751,1.09184,-1.0983,-0.104142,1.33877,-0.00361193,1.35595,-0.0190476,True,True
3.795,-0,0,0.503271,0.0128637,0.60321,-2.31409,-0.305224,1.89547,-13.0275,0.9892,-1.10424,-16.3804,-0.683975,-0.791239,0.41373,-0.0128637,-0.60321,-1.05976,-0,0,-1.25337,0.0128637,0.60321,-9.7481,-0.744108,0.726758,12.6607,0.984077,1.08427,-18.9058,-0.23997,-1.81103,1.01957,-0.0128637,-0.60321,-2.54481,-0.366509,0.915163,-1.07376,-0.0892107,1.34141,-0.00477722,1.36905,-0.0309524,True,True
3.8,-0,0,0.594512,0.015866,0.596562,-2.19524,-0.295716,1.90611,-11.0783,0.983579,-1.14299,-12.7413,-0.687863,-0.763121,0.261976,-0.015866,-0.596562,-0.894428,-0,0,-1.8347,0.015866,0.596562,-13.1435,-0.740412,0.750573,11.4452,0.98938,1.03649,-22.6614,-0.248968,-1.78706,0.922444,-0.015866,-0.596562,-2.98485,-0.370038,0.713563,-1.04657,-0.075127,1.34404,-0.00593099,1.38214,-0.0428571,True,True
3.805,-0,0,0.624185,0.0188294,0.587689,-1.66048,-0.286163,1.91354,-8.73223,0.97777,-1.17961,-9.02263,-0.691607,-0.73393,0.125885,-0.0188294,-0.587689,-0.678095,-0,0,-2.44721,0.0188294,0.587689,-16.8128,-0.736602,0.772312,9.77363,0.994442,0.98843,-26.6317,-0.25784,-1.76074,0.706607,-0.0188294,-0.587689,-3.33948,-0.331028,0.491585,-1.0169,-0.062051,1.34665,-0.007069,1.39524,-0.0547619,True,True
3.81,-0,0,0.597191,0.0217428,0.576597,-0.797894,-0.276581,1.91792,-6.16123,0.971783,-1.21395,-5.41526,-0.695202,-0.703962,0.0118611,-0.0217428,-0.576597,-0.431934,-0,0,-3.0265,0.0217428,0.576597,-20.5149,-0.732689,0.791935,7.76085,0.999264,0.940511,-30.661,-0.266576,-1.73245,0.284873,-0.0217428,-0.576597,-3.47174,-0.257947,0.266399,-0.984964,-0.0501728,1.34924,-0.00818701,1.40833,-0.0666667,True,True
3.815,-0,0,0.527181,0.0245953,0.563338,0.209501,-0.266984,1.91975,-3.69285,0.96563,-1.24615,-2.25312,-0.698646,-0.673603,-0.0694822,-0.0245953,-0.563338,-0.197328,-0,0,-3.45899,0.0245953,0.563338,-23.812,-0.728683,0.809558,5.64224,1.00385,0.893251,-34.4598,-0.275165,-1.70281,-0.474812,-0.0245953,-0.563338,-3.16059,-0.16902,0.0701969,-0.951091,-0.039718,1.3518,-0.00928084,1.42143,-0.0785714,True,True
3.82,-0,0,0.426991,0.0273762,0.548044,1.16271,-0.257384,1.92,-2.17671,0.959322,-1.2766,0.276595,-0.701938,-0.643395,-0.108454,-0.0273762,-0.548044,-0.0327269,-0,0,-3.4178,0.0273762,0.548044,-26.5393,-0.724593,0.825551,4.31753,1.0082,0.847321,-37.4222,-0.283604,-1.67287,-1.37221,-0.0273762,-0.548044,-2.51619,-0.0939159,-0.0552018,-0.915774,-0.0309583,1.35432,-0.0103464,1.43452,-0.0904762,True,True
3.825,-0,0,0.135631,0.0300758,0.53111,2.49345,-0.247784,1.90543,-2.49075,0.952864,-1.2876,3.47659,-0.70508,-0.617828,-0.128653,-0.0300758,-0.53111,0.0878436,-0,0,-2.16582,0.0300758,0.530995,-30.7911,-0.720427,0.839811,5.10055,1.01232,0.802725,-39.8953,-0.291894,-1.64254,-2.24255,-0.0300758,-0.530995,-3.40319,-0.0328908,-0.14141,-0.882549,-0.026895,1.35682,-0.0113801,1.445,-0.1,False,True
3.83,-0,0,-0.023085,0.0326873,0.51336,2.66189,-0.238329,1.83255,-8.48188,0.946446,-1.22325,3.53978,-0.708116,-0.609301,-0.283596,-0.0326873,-0.51336,0.0900101,-0,0,0.562019,0.0326862,0.512631,-31.7915,-0.716195,0.850677,12.0464,1.01622,0.757921,-35.3908,-0.300029,-1.6086,1.42598,-0.0326862,-0.512631,-2.60909,-0.136556,-0.250235,-0.860921,-0.0360611,1.35929,-0.012379,1.445,-0.1,False,True
3.835,-0,0,-0.242747,0.0352094,0.495574,2.82907,-0.229459,1.67322,-15.4895,0.940632,-1.04733,3.54332,-0.711173,-0.625891,-0.460575,-0.0352094,-0.495574,0.0892081,-0,0,3.89598,0.0352021,0.493399,-32.9612,-0.71192,0.857066,20.0061,1.0199,0.712255,-30.4333,-0.30798,-1.56932,4.84544,-0.0352021,-0.493399,-2.44451,-0.256944,-0.373089,-0.857178,-0.0638306,1.36174,-0.013341,1.445,-0.1,False,True
3.84,-0,0,-0.483478,0.0376431,0.478135,2.9788,-0.221597,1.43483,-21.8715,0.935972,-0.769205,3.46318,-0.714375,-0.665626,-0.616149,-0.0376431,-0.478135,0.0869362,-0,0,7.15,0.0376202,0.473617,-33.92,-0.707624,0.859548,27.0161,1.02335,0.666764,-26.3348,-0.315722,-1.52631,6.96914,-0.0376202,-0.473617,-2.41704,-0.363681,-0.480754,-0.870075,-0.108429,1.36418,-0.0142649,1.445,-0.1,False,True
3.845,-0,0,-0.728997,0.0399907,0.461242,3.10945,-0.21511,1.12899,-27.4284,0.93294,-0.404664,3.30628,-0.717829,-0.724328,-0.742369,-0.0399907,-0.461242,0.0839323,-0,0,10.1394,0.0399383,0.453504,-34.6606,-0.703325,0.85875,32.9517,1.02657,0.622301,-23.0323,-0.323243,-1.48105,8.18021,-0.0399383,-0.453504,-2.42292,-0.450979,-0.568052,-0.896664,-0.166585,1.36661,-0.01515,1.445,-0.1,False,True
3.85,-0,0,-0.968515,0.0422555,0.444988,3.22085,-0.210307,0.76707,-32.1485,0.931926,0.0297534,3.08093,-0.721619,-0.796823,-0.836201,-0.0422555,-0.444988,0.0806736,-0,0,12.7782,0.0421552,0.43321,-35.2264,-0.699037,0.855169,37.8855,1.02957,0.579411,-20.377,-0.330533,-1.43458,8.85962,-0.0421552,-0.43321,-2.4367,-0.51654,-0.633033,-0.933223,-0.234362,1.36905,-0.0159958,1.445,-0.1,False,True
3.855,-0,0,-1.19309,0.0444406,0.429383,3.31261,-0.20744,0.360351,-36.0269,0.933237,0.51673,2.79424,-0.725798,-0.877081,-0.89535,-0.0444406,-0.429383,0.0775218,-0,0,15.0123,0.0442704,0.412837,-35.6596,-0.694773,0.849222,41.8611,1.03236,0.538447,-18.2954,-0.337588,-1.38767,9.22714,-0.0442704,-0.412837,-2.44934,-0.558621,-0.674172,-0.975386,-0.307245,1.37149,-0.0168021,1.445,-0.1,False,True
3.86,-0,0,-1.39556,0.0465493,0.414374,3.38431,-0.206704,-0.0800049,-39.0718,0.937093,1.03846,2.45312,-0.730389,-0.958453,-0.91862,-0.0465493,-0.414374,0.074751,-0,0,16.8133,0.0462836,0.392446,-35.9977,-0.690545,0.841287,44.9142,1.03495,0.499639,-16.7506,-0.344409,-1.34093,9.40585,-0.0462836,-0.392446,-2.45945,-0.576254,-0.690625,-1.01835,-0.38031,1.37396,-0.017569,1.445,-0.1,False,True
3.865,-0,0,-1.57051,0.0485844,0.399864,3.43562,-0.20824,-0.543156,-41.3098,0.943622,1.57715,2.06502,-0.735382,-1.03399,-0.906155,-0.0485844,-0.399864,0.0725638,-0,0,18.174,0.0481948,0.372069,-36.271,-0.68636,0.831722,47.0872,1.03736,0.463133,-15.7158,-0.350998,-1.29485,9.46537,-0.0481948,-0.372069,-2.46839,-0.569389,-0.682417,-1.05711,-0.448455,1.37644,-0.0182964,1.445,-0.1,False,True
3.87,-0,0,-1.71435,0.050548,0.385719,3.46635,-0.212135,-1.01884,-42.7871,0.952865,2.11567,1.63814,-0.740729,-1.09683,-0.859516,-0.050548,-0.385719,0.0711015,-0,0,19.1048,0.0500043,0.351718,-36.5012,-0.682227,0.820865,48.4357,1.03959,0.429014,-15.1601,-0.357358,-1.24988,9.44722,-0.0500043,-0.351718,-2.47767,-0.538941,-0.650508,-1.08679,-0.506678,1.37896,-0.0189845,1.445,-0.1,False,True
3.875,-0,0,-1.82525,0.0524416,0.371785,3.4765,-0.218428,-1.49766,-43.5677,0.964779,2.63816,1.18147,-0.74635,-1.1405,-0.78157,-0.0524416,-0.371785,0.0704518,-0,0,19.6303,0.051712,0.33139,-36.701,-0.678152,0.809041,49.0302,1.04165,0.397318,-15.0423,-0.363497,-1.20636,9.37841,-0.051712,-0.33139,-2.48792,-0.486721,-0.596743,-1.10284,-0.550335,1.3815,-0.0196335,1.445,-0.1,False,True
3.88,-0,0,-1.90296,0.0542658,0.357895,3.46632,-0.227112,-1.9713,-43.7282,0.979246,3.1306,0.704375,-0.752134,-1.15929,-0.676237,-0.0542658,-0.357895,0.0706557,-0,0,19.7856,0.0533182,0.311073,-36.8755,-0.674137,0.796556,48.9525,1.04356,0.368039,-15.311,-0.369422,-1.16459,9.27789,-0.0533182,-0.311073,-2.49875,-0.415272,-0.523691,-1.10134,-0.575368,1.38408,-0.0202436,1.445,-0.1,False,True
3.885,-0,0,-1.94855,0.0560205,0.343876,3.43635,-0.238141,-2.4327,-43.3519,0.996085,3.58116,0.216188,-0.757943,-1.14846,-0.548142,-0.0560205,-0.343876,0.0717132,-0,0,19.6121,0.0548227,0.290757,-37.0233,-0.670186,0.783696,48.2896,1.04533,0.341137,-15.9088,-0.375142,-1.12483,9.15898,-0.0548227,-0.290757,-2.50907,-0.327643,-0.434434,-1.07909,-0.578466,1.3867,-0.0208149,1.445,-0.1,False,True
3.89,-0,0,-1.964,0.0577046,0.329564,3.3875,-0.251439,-2.87603,-42.5216,1.01506,3.98038,-0.274327,-0.763619,-1.10435,-0.402253,-0.0577046,-0.329564,0.0735897,-0,0,19.1534,0.0562257,0.270432,-37.1386,-0.6663,0.770728,47.1276,1.04697,0.316544,-16.7767,-0.38067,-1.08727,9.03002,-0.0562257,-0.270432,-2.51758,-0.227159,-0.332327,-1.03372,-0.557146,1.38935,-0.0213476,1.445,-0.1,False,True
3.895,-0,0,-1.95185,0.0593161,0.314799,3.32104,-0.266901,-3.2967,-41.3136,1.03589,4.32114,-0.759343,-0.768987,-1.02444,-0.243557,-0.0593161,-0.314799,0.0762208,-0,0,18.4519,0.0575271,0.250095,-37.2126,-0.662479,0.757897,45.5458,1.04849,0.294171,-17.8588,-0.386015,-1.05207,8.8946,-0.0575271,-0.250095,-2.52314,-0.117213,-0.220796,-0.963718,-0.50977,1.39204,-0.0218421,1.445,-0.1,False,True
3.9,-0,0,-1.91483,0.0608526,0.299443,3.23866,-0.284406,-3.69116,-39.7941,1.05827,4.59849,-1.23219,-0.773863,-0.907339,-0.0768293,-0.0608526,-0.299443,0.0795171,-0,0,17.5465,0.0587267,0.229753,-37.2352,-0.658721,0.745431,43.6128,1.04991,0.273909,-19.1057,-0.391191,-1.01934,8.75209,-0.0587267,-0.229753,-2.52497,-0.00111342,-0.103175,-0.8683,-0.435501,1.39476,-0.0222985,1.445,-0.1,False,True
3.905,-0,0,-1.85556,0.0623106,0.283373,3.14244,-0.303813,-4.05673,-38.0165,1.08187,4.80941,-1.68738,-0.77806,-0.752682,0.0935121,-0.0623106,-0.283373,0.0833672,-0,0,16.4708,0.0598246,0.209423,-37.196,-0.655024,0.733543,41.3843,1.05123,0.255636,-20.4757,-0.396209,-0.989179,8.59847,-0.0598246,-0.209423,-2.52271,0.118009,0.0173854,-0.747383,-0.334222,1.39751,-0.0227171,1.445,-0.1,False,True
3.91,-0,0,-1.77636,0.0636863,0.266492,3.03481,-0.324973,-4.39138,-36.0212,1.10636,4.95243,-2.12052,-0.78139,-0.561049,0.26346,-0.0636863,-0.266492,0.0876411,-0,0,15.2526,0.0608209,0.189135,-37.0845,-0.651386,0.722432,38.9034,1.05247,0.239221,-21.9354,-0.401082,-0.961653,8.42753,-0.0608209,-0.189135,-2.51625,0.237242,0.137962,-0.601446,-0.206444,1.4003,-0.0230982,1.445,-0.1,False,True
3.915,-0,0,-1.67909,0.0649755,0.248732,2.91849,-0.347727,-4.69355,-33.8362,1.1314,5.02741,-2.52802,-0.783671,-0.333857,0.429413,-0.0649755,-0.248732,0.0921919,-0,0,13.9144,0.0617159,0.168929,-36.8906,-0.6478,0.712288,36.2019,1.05363,0.224523,-23.458,-0.405825,-0.936811,8.23205,-0.0617159,-0.168929,-2.50559,0.353894,0.255865,-0.431426,-0.0532084,1.40311,-0.0234424,1.445,-0.1,False,True
3.92,-0,0,-1.56515,0.0661736,0.230053,2.79639,-0.371909,-4.96192,-31.4795,1.15664,5.03519,-2.90688,-0.784729,-0.0732651,0.588134,-0.0661736,-0.230053,0.0968585,-0,0,12.4742,0.0625102,0.14886,-36.6048,-0.644263,0.703288,33.302,1.05471,0.211397,-25.0225,-0.41045,-0.914685,8.00494,-0.0625102,-0.14886,-2.49067,0.465483,0.368625,-0.238631,0.123991,1.40595,-0.0237499,1.445,-0.1,False,True
3.925,-0,0,-1.4355,0.067276,0.210449,2.67148,-0.397346,-5.19532,-28.9616,1.18175,4.97742,-3.2543,-0.784403,0.217904,0.736694,-0.067276,-0.210449,0.101468,-0,0,10.9463,0.0632045,0.128994,-36.2182,-0.640767,0.695597,30.2201,1.05574,0.199689,-26.6113,-0.414972,-0.895286,7.74019,-0.0632045,-0.128994,-2.47123,0.569717,0.473972,-0.0246625,0.32328,1.40882,-0.0240215,1.445,-0.1,False,True
3.93,-0,0,-1.29073,0.0682781,0.18995,2.5467,-0.423862,-5.39258,-26.2875,1.20641,4.85634,-3.56746,-0.78255,0.536236,0.872437,-0.0682781,-0.18995,0.10584,-0,0,9.34305,0.0638001,0.109407,-35.7225,-0.637307,0.689367,26.9687,1.05671,0.189243,-28.2091,-0.419403,-0.878609,7.4335,-0.0638001,-0.109407,-2.44677,0.664491,0.569831,0.20862,0.542444,1.4117,-0.0242577,1.445,-0.1,False,True
3.935,-0,0,-1.13123,0.0691755,0.168621,2.42477,-0.451272,-5.5525,-23.4604,1.23031,4.67472,-3.84319,-0.779041,0.877779,0.992953,-0.0691755,-0.168621,0.109792,-0,0,7.6761,0.0642986,0.0901878,-35.111,-0.633874,0.684731,23.5599,1.05763,0.179894,-29.8014,-0.423758,-0.864625,7.08283,-0.0642986,-0.0901878,-2.41655,0.7479,0.654332,0.459125,0.778963,1.4146,-0.0244594,1.445,-0.1,False,True
3.94,-0,0,-0.957307,0.0699643,0.146563,2.30812,-0.479387,-5.67383,-20.4836,1.25316,4.43572,-4.07784,-0.773772,1.23811,1.09609,-0.0699643,-0.146563,0.113145,-0,0,5.9574,0.064702,0.0714325,-34.3784,-0.630459,0.681804,20.0077,1.05851,0.171474,-31.3735,-0.42805,-0.853278,6.68868,-0.064702,-0.0714325,-2.37977,0.818267,0.725836,0.724527,1.03003,1.41752,-0.0246274,1.445,-0.1,False,True
3.945,-0,0,-0.769451,0.0706411,0.123912,2.19875,-0.50801,-5.75529,-17.3629,1.27467,4.14292,-4.26711,-0.76666,1.61237,1.17999,-0.0706411,-0.123912,0.115732,-0,0,4.20031,0.0650129,0.053244,-33.5221,-0.627056,0.680668,16.3297,1.05935,0.163813,-32.9102,-0.432291,-0.844481,6.25419,-0.0650129,-0.053244,-2.33569,0.874199,0.782986,1.00226,1.29257,1.42045,-0.0247626,1.445,-0.1,False,True
3.95,-0,0,-0.568464,0.0712034,0.100835,2.09816,-0.53694,-5.79564,-14.1089,1.29459,3.80024,-4.40598,-0.757648,1.9954,1.24313,-0.0712034,-0.100835,0.117408,-0,0,2.42016,0.0652345,0.0357286,-32.543,-0.623653,0.681378,12.5493,1.06015,0.156735,-34.396,-0.436494,-0.838113,5.78515,-0.0652345,-0.0357286,-2.2839,0.91464,0.824757,1.28947,1.56326,1.42338,-0.0248662,1.445,-0.1,False,True
3.955,-0,0,-0.355654,0.0716495,0.077526,2.00733,-0.565967,-5.79377,-10.7382,1.31267,3.41201,-4.48875,-0.746706,2.38176,1.28446,-0.0716495,-0.077526,0.118057,-0,0,0.634614,0.0653702,0.0189924,-31.4462,-0.620242,0.683949,8.69599,1.06091,0.150068,-35.8152,-0.440672,-0.834017,5.28972,-0.0653702,-0.0189924,-2.22453,0.93893,0.850521,1.58308,1.83854,1.42632,-0.0249394,1.445,-0.1,False,True
3.96,-0,0,-0.132957,0.0719787,0.0541961,1.92675,-0.594877,-5.7488,-7.27446,1.32871,2.98291,-4.50912,-0.73383,2.76589,1.30338,-0.0719787,-0.0541961,0.117603,-0,0,-1.13652,0.0654244,0.00313604,-30.2422,-0.616813,0.688359,4.80572,1.06165,0.143638,-37.1532,-0.444835,-0.831998,4.77795,-0.0654244,-0.00313604,-2.15844,0.946858,0.860088,1.87971,2.11468,1.42926,-0.0249836,1.445,-0.1,False,True
3.965,-0,0,0.0970032,0.0721915,0.0310691,1.85645,-0.623455,-5.6602,-3.749,1.3425,2.51798,-4.46048,-0.719047,3.14222,1.29989,-0.0721915,-0.0310691,0.116014,-0,0,-2.8717,0.0654016,-0.0117495,-28.9474,-0.613358,0.694543,0.920163,1.06235,0.137283,-38.3974,-0.448992,-0.831827,4.26115,-0.0654016,0.0117495,-2.08724,0.938689,0.853739,2.17574,2.38783,1.43219,-0.0250002,1.445,-0.1,False,True
3.97,-0,0,0.330938,0.0722894,0.00836933,1.79615,-0.651479,-5.52797,-0.200327,1.35389,2.02264,-4.3361,-0.702408,3.50533,1.27458,-0.0722894,-0.00836933,0.113312,-0,0,-4.54854,0.0653069,-0.025589,-27.5841,-0.609868,0.702397,-2.9145,1.06302,0.130849,-39.5383,-0.453153,-0.833246,3.75105,-0.0653069,0.025589,-2.01324,0.915164,0.832221,2.4674,2.65409,1.43512,-0.0249907,1.445,-0.1,False,True
3.975,-0,0,0.56501,0.0722752,-0.0136882,1.74536,-0.678734,-5.35266,3.32668,1.36273,1.50259,-4.12964,-0.683994,3.85007,1.22866,-0.0722752,0.0136882,0.109568,-0,0,-6.14479,0.0651457,-0.0383283,-26.1803,-0.606334,0.711781,-6.64955,1.06366,0.124196,-40.5705,-0.457324,-0.835977,3.25886,-0.0651457,0.0383283,-1.93917,0.877468,0.796718,2.75081,2.90964,1.43803,-0.0249568,1.445,-0.1,False,True
3.98,-0,0,0.795018,0.0721525,-0.0349078,1.70355,-0.705006,-5.13554,6.78236,1.36891,0.963799,-3.83551,-0.663908,4.17174,1.16388,-0.0721525,0.0349078,0.104904,-0,0,-7.63957,0.0649236,-0.0499388,-24.7691,-0.60275,0.722526,-10.2359,1.06426,0.117207,-41.4934,-0.461513,-0.839733,2.79439,-0.0649236,0.0499388,-1.86783,0.827172,0.748783,3.0221,3.15079,1.44093,-0.0249,1.445,-0.1,False,True
3.985,-0,0,1.01665,0.0719261,-0.0551229,1.67022,-0.73009,-4.87862,10.1142,1.37237,0.412434,-3.44942,-0.642276,4.46619,1.08248,-0.0719261,0.0551229,0.0994874,-0,0,-9.01451,0.0646463,-0.0604218,-23.3866,-0.599109,0.734447,-13.6266,1.06483,0.109785,-42.3118,-0.465722,-0.844232,2.36549,-0.0646463,0.0604218,-1.80166,0.766133,0.690248,3.27755,3.37413,1.44381,-0.0248221,1.445,-0.1,False,True
3.99,-0,0,1.22578,0.0716013,-0.074203,1.64506,-0.753792,-4.58469,13.2694,1.37304,-0.145235,-2.9688,-0.619246,4.72992,0.987033,-0.0716013,0.074203,0.0935149,-0,0,-10.2547,0.0643194,-0.0698109,-22.0707,-0.595406,0.747349,-16.7789,1.06536,0.101859,-43.0347,-0.469955,-0.849209,1.97762,-0.0643194,0.0698109,-1.74241,0.696393,0.623112,3.51369,3.5766,1.44666,-0.0247245,1.445,-0.1,False,True
3.995,-0,0,1.41869,0.071184,-0.0920597,1.62793,-0.775936,-4.25727,16.197,1.37091,-0.702913,-2.39324,-0.594977,4.96018,0.880329,-0.071184,0.0920597,0.0872053,-0,0,-11.3492,0.0639482,-0.078173,-20.8589,-0.591635,0.761046,-19.6561,1.06585,0.0933829,-43.6752,-0.474214,-0.854429,1.634,-0.0639482,0.078173,-1.69089,0.620052,0.549422,3.72746,3.75559,1.44949,-0.0246089,1.445,-0.1,False,True
4,-0,0,1.59232,0.0706807,-0.108649,1.61888,-0.796365,-3.90057,18.8502,1.36601,-1.25437,-1.72476,-0.569644,5.15494,0.765175,-0.0706807,0.108649,0.080783,-0,0,-12.2917,0.0635377,-0.0856072,-19.786,-0.587795,0.775367,-22.2286,1.06629,0.0843333,-44.2486,-0.478499,-0.859701,1.336,-0.0635377,0.0856072,-1.64704,0.539155,0.471157,3.91624,3.90898,1.45229,-0.0244766,1.445,-0.1,False,True
4.005,-0,0,1.7444,0.0700976,-0.123971,1.61813,-0.814942,-3.5194,21.1884,1.35837,-1.79351,-0.968024,-0.543428,5.31291,0.644258,-0.0700976,0.123971,0.0744637,-0,0,-13.0798,0.0630921,-0.0922418,-18.8827,-0.583882,0.790169,-24.4746,1.06669,0.0747093,-44.771,-0.482811,-0.864878,1.08388,-0.0630921,0.0922418,-1.61015,0.455586,0.39013,4.07798,4.03518,1.45505,-0.0243289,1.445,-0.1,False,True
4.01,-0,0,1.87349,0.069441,-0.138066,1.62596,-0.831559,-3.11901,23.1782,1.34807,-2.31448,-0.130288,-0.516515,5.43349,0.520001,-0.069441,0.138066,0.0684426,-0,0,-13.715,0.0626152,-0.0982301,-18.1741,-0.579893,0.805341,-26.3797,1.06704,0.0645259,-45.2575,-0.487148,-0.869867,0.877408,-0.0626152,0.0982301,-1.5792,0.370981,0.307904,4.21119,4.13311,1.45779,-0.0241668,1.445,-0.1,False,True
4.015,-0,0,1.97897,0.0687169,-0.151012,1.64268,-0.846132,-2.70501,24.7946,1.33523,-2.81165,0.7787,-0.489093,5.51666,0.394454,-0.0687169,0.151012,0.0628846,-0,0,-14.2014,0.0621098,-0.103744,-17.6785,-0.575828,0.820813,-27.9365,1.06734,0.0538098,-45.7208,-0.491509,-0.874623,0.716454,-0.0621098,0.103744,-1.55328,0.286671,0.225741,4.3149,4.20217,1.46048,-0.023991,1.445,-0.1,False,True
4.02,-0,0,2.06092,0.0679309,-0.162914,1.66851,-0.858609,-2.28316,26.0205,1.31996,-3.27973,1.74701,-0.461348,5.56289,0.269219,-0.0679309,0.162914,0.0579191,-0,0,-14.5448,0.0615778,-0.108969,-17.4075,-0.571685,0.836553,-29.1431,1.06758,0.0425937,-46.1703,-0.495894,-0.879146,0.601131,-0.0615778,0.108969,-1.53188,0.203654,0.144572,4.38868,4.24219,1.46314,-0.0238021,1.445,-0.1,False,True
4.025,-0,0,2.11997,0.0670878,-0.1739,1.70355,-0.868964,-1.8593,26.8466,1.30243,-3.71373,2.76094,-0.433464,5.57302,0.145425,-0.0670878,0.1739,0.0536383,-0,0,-14.7516,0.0610201,-0.114095,-17.3655,-0.567463,0.852563,-30.0023,1.06776,0.0309107,-46.6117,-0.500301,-0.883474,0.531668,-0.0610201,0.114095,-1.51501,0.122579,0.0649956,4.43253,4.25335,1.46576,-0.0236003,1.445,-0.1,False,True
4.03,-0,0,2.15718,0.0661919,-0.184113,1.74773,-0.877202,-1.43916,27.2705,1.28282,-4.10898,3.8055,-0.405618,5.54814,0.0237205,-0.0661919,0.184113,0.0500997,-0,0,-14.8277,0.0604368,-0.119313,-17.5507,-0.56316,0.868879,-30.5196,1.06789,0.0187898,-47.0464,-0.504729,-0.887668,0.508033,-0.0604368,0.119313,-1.50316,0.0437726,-0.0127047,4.44678,4.23609,1.46834,-0.0233855,1.445,-0.1,False,True
4.035,-0,0,2.17384,0.0652466,-0.193702,1.80079,-0.883356,-1.02831,27.2954,1.26134,-4.46114,4.86493,-0.377983,5.48945,-0.0956774,-0.0652466,0.193702,0.0473298,-0,0,-14.7775,0.059827,-0.124808,-17.9552,-0.558774,0.88556,-30.7028,1.06795,0.00625241,-47.4726,-0.509178,-0.891812,0.529559,-0.059827,0.124808,-1.49717,-0.0327274,-0.0885223,4.43201,4.19103,1.47088,-0.0231573,1.445,-0.1,False,True
4.04,-0,0,2.17137,0.0642548,-0.202822,1.86229,-0.887485,-0.632049,26.9293,1.23821,-4.76612,5.92323,-0.350723,5.39817,-0.212925,-0.0642548,0.202822,0.0453302,-0,0,-14.6038,0.0591888,-0.130753,-18.5665,-0.554304,0.902684,-30.5603,1.06795,-0.00669107,-47.8849,-0.513647,-0.895993,0.594785,-0.0591888,0.130753,-1.49809,-0.107123,-0.162678,4.38897,4.1189,1.47338,-0.0229152,1.445,-0.1,False,True
4.045,-0,0,2.1512,0.0632184,-0.211623,1.93157,-0.889676,-0.255349,26.1835,1.21368,-5.0201,6.96463,-0.324001,5.27545,-0.328465,-0.0632184,0.211623,0.0440831,-0,0,-14.3075,0.0585195,-0.13731,-19.3678,-0.549747,0.920339,-30.1009,1.06788,-0.0200423,-48.275,-0.518138,-0.900297,0.70165,-0.0585195,0.13731,-1.50703,-0.179793,-0.235559,4.31846,4.02041,1.47585,-0.0226582,1.445,-0.1,False,True
4.05,-0,0,2.11474,0.0621386,-0.220251,2.00776,-0.890038,0.0971821,25.0723,1.18801,-5.2195,7.97401,-0.297969,5.12232,-0.442917,-0.0621386,0.220251,0.0435565,-0,0,-13.8878,0.0578157,-0.144622,-20.3392,-0.545101,0.938617,-29.333,1.06775,-0.0338158,-48.6319,-0.52265,-0.904801,0.848049,-0.0578157,0.144622,-1.52517,-0.251222,-0.30765,4.22129,3.89627,1.47827,-0.0223851,1.445,-0.1,False,True
4.055,-0,0,2.06333,0.0610159,-0.228844,2.08982,-0.888704,0.421327,23.6123,1.16148,-5.36094,8.93722,-0.272778,4.93961,-0.556968,-0.0610159,0.228844,0.0437078,-0,0,-13.3431,0.0570732,-0.152816,-21.4585,-0.540361,0.957603,-28.2651,1.06755,-0.048039,-48.9426,-0.527186,-0.909564,1.03263,-0.0570732,0.152816,-1.55381,-0.321929,-0.379459,4.09822,3.7471,1.48067,-0.0220945,1.445,-0.1,False,True
4.06,-0,0,1.9983,0.0598502,-0.237532,2.17649,-0.885825,0.713285,21.8227,1.1344,-5.4413,9.84122,-0.248573,4.72802,-0.671245,-0.0598502,0.237532,0.0444875,-0,0,-12.6716,0.0562875,-0.161996,-22.7013,-0.535525,0.977371,-26.9061,1.06727,-0.0627504,-49.1917,-0.531746,-0.914621,1.25559,-0.0562875,0.161996,-1.59439,-0.392386,-0.45144,3.94994,3.57343,1.48303,-0.021785,1.445,-0.1,False,True
4.065,-0,0,1.921,0.0586406,-0.246434,2.26634,-0.881571,0.969694,19.7262,1.10707,-5.45776,10.6742,-0.225497,4.48807,-0.786176,-0.0586406,0.246434,0.0458403,-0,0,-11.8728,0.0554533,-0.172248,-24.0416,-0.530587,0.99798,-25.2666,1.06692,-0.0779989,-49.3626,-0.536332,-0.919981,1.51922,-0.0554533,0.172248,-1.64847,-0.462935,-0.523907,3.77708,3.37574,1.48536,-0.0214548,1.445,-0.1,False,True
4.07,-0,0,1.83286,0.0573858,-0.255656,2.35771,-0.876128,1.18767,17.3497,1.07982,-5.40788,11.4255,-0.203692,4.22021,-0.901855,-0.0573858,0.255656,0.047707,-0,0,-10.9484,0.054565,-0.183634,-25.452,-0.525545,1.01946,-23.3609,1.06649,-0.0938407,-49.4384,-0.540945,-0.925624,1.82788,-0.054565,0.183634,-1.71763,-0.533702,-0.596952,3.58023,3.15443,1.48766,-0.0211021,1.445,-0.1,False,True
4.075,-0,0,1.73552,0.056084,-0.265293,2.44878,-0.869695,1.36486,14.7267,1.05299,-5.28977,12.0854,-0.183295,3.92491,-1.0179,-0.056084,0.265293,0.0500246,-0,0,-9.90391,0.0536169,-0.196194,-26.903,-0.520393,1.04184,-21.2088,1.06598,-0.110338,-49.4028,-0.545588,-0.931498,2.18729,-0.0536169,0.196194,-1.80311,-0.604504,-0.670354,3.36003,2.90999,1.48994,-0.0207248,1.445,-0.1,False,True
4.08,-0,0,1.63087,0.0547329,-0.27543,2.53755,-0.86248,1.49954,11.8986,1.02692,-5.1023,12.6449,-0.164443,3.60276,-1.13329,-0.0547329,0.27543,0.0527274,-0,0,-8.74986,0.0526031,-0.209943,-28.3636,-0.515126,1.06508,-18.8387,1.06539,-0.127554,-49.2425,-0.55026,-0.937526,2.60295,-0.0526031,0.209943,-1.90547,-0.674768,-0.743493,3.11721,2.643,1.4922,-0.0203211,1.445,-0.1,False,True
4.085,-0,0,1.52113,0.0533297,-0.286133,2.6219,-0.854699,1.59072,8.91683,1.00197,-4.84543,13.0952,-0.147268,3.25471,-1.24628,-0.0533297,0.286133,0.0557472,-0,0,-7.50249,0.0515175,-0.224873,-29.8005,-0.509742,1.08916,-16.2898,1.06471,-0.145556,-48.9494,-0.554963,-0.943605,3.07788,-0.0515175,0.224873,-2.02399,-0.74345,-0.815275,2.85281,2.35432,1.49445,-0.0198889,1.445,-0.1,False,True
4.09,-0,0,1.40883,0.0518716,-0.29746,2.69955,-0.846572,1.63829,5.84432,0.978468,-4.52047,13.4276,-0.131896,2.88218,-1.3543,-0.0518716,0.29746,0.0590138,-0,0,-6.18451,0.0503544,-0.240949,-31.1783,-0.504235,1.11402,-13.6147,1.06393,-0.164408,-48.5225,-0.559697,-0.949616,3.60999,-0.0503544,0.240949,-2.1562,-0.808982,-0.884082,2.56823,2.0452,1.49668,-0.0194263,1.445,-0.1,False,True
4.095,-0,0,1.29679,0.0503551,-0.309452,2.76821,-0.838316,1.64322,2.75563,0.956762,-4.13054,13.6329,-0.118446,2.48732,-1.45391,-0.0503551,0.309452,0.0624565,-0,0,-4.82501,0.049108,-0.258112,-32.4598,-0.498602,1.13961,-10.8799,1.06306,-0.184174,-47.9701,-0.564459,-0.955432,4.18947,-0.049108,0.258112,-2.29746,-0.86926,-0.947754,2.26545,1.71749,1.49891,-0.0189314,1.445,-0.1,False,True
4.1,-0,0,1.18791,0.048777,-0.322135,2.82553,-0.83014,1.60767,-0.264289,0.937163,-3.6809,13.7013,-0.107023,2.07324,-1.54089,-0.048777,0.322135,0.0660051,-0,0,-3.45851,0.0477732,-0.27628,-33.6069,-0.492839,1.16585,-8.16536,1.06209,-0.20492,-47.3109,-0.569251,-0.96093,4.79716,-0.0477732,0.27628,-2.44082,-0.92168,-1.00363,1.94715,1.37373,1.50114,-0.0184024,1.445,-0.1,False,True
4.105,-0,0,1.08501,0.0471338,-0.335526,2.86927,-0.82224,1.53515,-3.12356,0.919953,-3.17927,13.6223,-0.0977135,1.64412,-1.61042,-0.0471338,0.335526,0.0695914,-0,0,-2.12321,0.0463452,-0.295347,-34.5813,-0.486943,1.19271,-5.56085,1.06101,-0.226711,-46.5732,-0.574069,-0.966,5.40444,-0.0463452,0.295347,-2.57721,-0.963252,-1.04868,1.61691,1.01736,1.50338,-0.0178376,1.445,-0.1,False,True
4.11,-0,0,0.990488,0.0454218,-0.349623,2.89729,-0.814789,1.43063,-5.72916,0.90537,-2.63602,13.3849,-0.0905816,1.20539,-1.65735,-0.0454218,0.349623,0.0731506,-0,0,-0.858204,0.0448198,-0.315185,-35.3467,-0.480912,1.22017,-3.15996,1.05982,-0.24962,-45.7921,-0.578911,-0.970553,5.97528,-0.0448198,0.315185,-2.69605,-0.99079,-1.07964,1.27921,0.652765,1.50562,-0.0172357,1.445,-0.1,False,True
4.115,-0,0,0.906038,0.0436375,-0.364417,2.9077,-0.807933,1.30041,-7.99446,0.893593,-2.06414,12.9782,-0.0856597,0.763728,-1.67663,-0.0436375,0.364417,0.0766216,-0,0,0.299901,0.0431934,-0.335651,-35.8707,-0.474741,1.24825,-1.05156,1.05852,-0.273726,-45.0048,-0.583774,-0.974527,6.47058,-0.0431934,0.335651,-2.78632,-1.00115,-1.09332,0.939543,0.285318,1.50788,-0.0165953,1.445,-0.1,False,True
4.12,-0,0,0.832398,0.0417776,-0.379884,2.89893,-0.801785,1.15207,-9.84771,0.884729,-1.47907,12.3913,-0.0829443,0.327003,-1.66371,-0.0417776,0.379884,0.0799465,-0,0,1.32056,0.0414633,-0.356586,-36.1266,-0.468429,1.27701,0.68995,1.05709,-0.299121,-44.2448,-0.588656,-0.977888,6.85418,-0.0414633,0.356586,-2.83779,-0.991519,-1.08685,0.60429,-0.0786655,1.51015,-0.0159156,1.445,-0.1,False,True
4.125,-0,0,0.769198,0.0398387,-0.395991,2.86979,-0.796413,0.994077,-11.2396,0.878802,-0.898147,11.6145,-0.0823896,-0.0959293,-1.61493,-0.0398387,0.395991,0.0830673,-0,0,2.18237,0.0396275,-0.377822,-36.0956,-0.461971,1.30652,2.0137,1.05552,-0.325904,-43.5347,-0.593553,-0.980619,7.09958,-0.0396275,0.377822,-2.84247,-0.959638,-1.05788,0.2806,-0.432079,1.51244,-0.0151958,1.445,-0.1,False,True
4.13,-0,0,0.714978,0.0378177,-0.412692,2.81957,-0.791844,0.835477,-12.1482,0.875747,-0.339987,10.6388,-0.0839036,-0.49549,-1.52781,-0.0378177,0.412692,0.0859185,-0,0,2.87484,0.037685,-0.399184,-35.7675,-0.455364,1.3369,2.89885,1.05383,-0.354184,-42.8814,-0.598462,-0.982714,7.19611,-0.037685,0.399184,-2.79607,-0.903991,-1.00482,-0.0238369,-0.767229,1.51476,-0.0144356,1.445,-0.1,False,True
4.135,-0,0,0.667378,0.0357118,-0.429925,2.74806,-0.788058,0.685398,-12.5804,0.875403,0.1763,9.45672,-0.0873445,-0.861698,-1.40107,-0.0357118,0.429925,0.088416,-0,0,3.39834,0.0356357,-0.420497,-35.1406,-0.448602,1.36823,3.35677,1.05198,-0.384071,-42.2719,-0.60338,-0.984163,7.1536,-0.0356357,0.420497,-2.69967,-0.823834,-0.926799,-0.301042,-1.07608,1.5171,-0.0136349,1.445,-0.1,False,True
4.14,-0,0,0.623458,0.0335184,-0.447612,2.65548,-0.78499,0.552635,-12.568,0.87751,0.631837,8.06115,-0.0925205,-1.18447,-1.23451,-0.0335184,0.447612,0.0904389,-0,0,3.76178,0.0334801,-0.441583,-34.2214,-0.441682,1.4006,3.42847,1.04999,-0.415665,-41.6723,-0.608304,-0.984931,7.0059,-0.0334801,0.441583,-2.56194,-0.719093,-0.823606,-0.542998,-1.35048,1.51947,-0.0127939,1.445,-0.1,False,True
4.145,-0,0,0.580067,0.0312357,-0.465644,2.54247,-0.782532,0.4453,-12.1602,0.881721,1.00856,6.4452,-0.0991893,-1.45386,-1.02857,-0.0312357,0.465644,0.0918023,-0,0,3.97802,0.0312198,-0.462261,-33.0231,-0.434596,1.434,3.17791,1.04783,-0.449048,-41.0269,-0.61323,-0.984952,6.8146,-0.0312198,0.462261,-2.40315,-0.590138,-0.69539,-0.741845,-1.58235,1.52187,-0.0119133,1.445,-0.1,False,True
4.15,-0,0,0.534135,0.028862,-0.483867,2.40973,-0.780537,0.370623,-11.4122,0.887596,1.28954,4.60118,-0.107059,-1.66016,-0.783805,-0.028862,0.483867,0.0922138,-0,0,4.05707,0.0288575,-0.48234,-31.5645,-0.427342,1.46837,2.683,1.0455,-0.484264,-40.2566,-0.618153,-0.984105,6.67689,-0.0288575,0.48234,-2.26353,-0.437465,-0.542322,-0.889983,-1.76376,1.5243,-0.0109938,1.445,-0.1,False,True
4.155,-0,0,0.483051,0.026397,-0.502055,2.26003,-0.778825,0.334919,-10.426,0.894616,1.45896,2.62631,-0.115791,-1.79388,-0.514574,-0.026397,0.502055,0.0910502,-0,0,3.99703,0.0263964,-0.501602,-29.9739,-0.419913,1.50351,2.06737,1.04298,-0.5213,-39.2633,-0.623071,-0.982207,6.82101,-0.0263964,0.501602,-2.3244,-0.270325,-0.373021,-0.980072,-1.8869,1.52675,-0.010037,1.445,-0.1,False,True
4.16,-0,0,0.0932441,0.0238414,-0.519813,0.730222,-0.777188,0.339547,-5.60959,0.902186,1.51363,1.21815,-0.124998,-1.85317,-0.0732085,-0.0238414,0.519813,0.100023,-0,0,3.716,0.0238414,-0.519758,-23.8753,-0.412307,1.53901,-2.29062,1.04028,-0.560042,-39.4619,-0.627975,-0.978964,3.71835,-0.0238414,0.519758,0.314583,0.0100118,-0.101429,-1.01108,-1.94997,1.52924,-0.00904442,1.445,-0.1,True,True
4.165,-0,0,-0.134792,0.0211989,-0.536412,-0.128183,-0.77543,0.367749,-2.64905,0.909753,1.50046,0.4808,-0.134323,-1.86821,0.16049,-0.0211989,0.536412,0.114685,-0,0,3.30665,0.0211989,-0.536412,-20.5152,-0.404523,1.57413,-4.72673,1.03738,-0.600202,-38.7162,-0.63286,-0.973925,3.33395,-0.0211989,0.536412,0.424596,0.164109,0.0368932,-1.00782,-1.97647,1.53176,-0.00801872,1.4581,-0.0880952,True,True
4.17,-0,0,-0.368921,0.0184773,-0.551196,-1.0147,-0.77351,0.400224,0.736726,0.91719,1.47307,0.0732528,-0.14368,-1.87329,0.343379,-0.0184773,0.551196,0.150775,-0,0,2.79123,0.0184773,-0.551196,-16.7594,-0.396565,1.60809,-7.51969,1.03428,-0.641405,-37.8539,-0.637715,-0.966684,2.8676,-0.0184773,0.551196,0.543646,0.298576,0.131481,-0.99828,-1.99331,1.5343,-0.00696324,1.47119,-0.0761905,True,True
4.175,-0,0,-0.537547,0.0156869,-0.563911,-1.60945,-0.771428,0.432723,3.99081,0.924483,1.44262,-0.578761,-0.153056,-1.87535,0.501794,-0.0156869,0.563911,0.223575,-0,0,2.24723,0.0156869,-0.563911,-13.0546,-0.388442,1.64039,-10.1081,1.03097,-0.683318,-36.6607,-0.642527,-0.957072,2.43239,-0.0156869,0.563911,0.695641,0.438378,0.190319,-0.988233,-2.0058,1.53686,-0.00588192,1.48429,-0.0642857,True,True
4.18,-0,0,-0.618193,0.0128382,-0.574474,-1.79611,-0.769183,0.464995,6.86896,0.931616,1.40924,-1.5949,-0.162433,-1.87424,0.638964,-0.0128382,0.574474,0.341771,-0,0,1.72038,0.0128382,-0.574474,-9.63629,-0.380161,1.67072,-12.2751,1.02745,-0.725644,-35.1256,-0.647285,-0.945077,2.04793,-0.0128382,0.574474,0.855318,0.590391,0.210569,-0.977653,-2.01376,1.53944,-0.00477893,1.49738,-0.052381,True,True
4.185,-0,0,-0.60612,0.00994215,-0.582858,-1.53968,-0.766778,0.496806,9.27708,0.938576,1.37316,-2.97347,-0.171798,-1.86996,0.753058,-0.00994215,0.582858,0.508863,-0,0,1.23307,0.00994215,-0.582858,-6.60818,-0.371735,1.69886,-13.9481,1.02371,-0.7681,-33.2764,-0.651978,-0.930763,1.71031,-0.00994215,0.582858,0.99962,0.755433,0.189089,-0.96656,-2.01717,1.54203,-0.00365851,1.51048,-0.0404762,True,True
4.19,-0,0,-0.502045,0.00700964,-0.589057,-0.830557,-0.764215,0.527929,11.1809,0.945348,1.33464,-4.70605,-0.181133,-1.86257,0.844749,-0.00700964,0.589057,0.726681,-0,0,0.795659,0.00700964,-0.589057,-4.01131,-0.363173,1.72464,-15.1034,1.01977,-0.810407,-31.1342,-0.656593,-0.914234,1.41437,-0.00700964,0.589057,1.11599,0.934957,0.125226,-0.954998,-2.01607,1.54463,-0.00252491,1.52357,-0.0285714,True,True
4.195,-0,0,-0.308292,0.00405158,-0.593078,0.332767,-0.761498,0.558146,12.572,0.951922,1.29398,-6.78497,-0.190424,-1.85213,0.915496,-0.00405158,0.593078,0.996634,-0,0,0.412772,0.00405158,-0.593078,-1.8582,-0.354488,1.7479,-15.7374,1.01561,-0.852284,-28.7126,-0.66112,-0.895615,1.15492,-0.00405158,0.593078,1.19719,1.13067,0.0190451,-0.94302,-2.01053,1.54723,-0.00138235,1.53667,-0.0166667,True,True
4.2,-0,0,-0.0270219,0.00107886,-0.594924,1.95138,-0.758633,0.587243,13.4507,0.958288,1.25148,-9.20585,-0.199654,-1.83872,0.966253,-0.00107886,0.594924,1.31969,-0,0,0.0866625,0.00107886,-0.594924,-0.15129,-0.345694,1.76848,-15.8519,1.01124,-0.89344,-26.0195,-0.665549,-0.875042,0.926937,-0.00107886,0.594924,1.23803,1.34371,-0.129467,-0.930682,-2.00062,1.54984,-0.000235039,1.54976,-0.0047619,True,True
4.205,-0,0,0.340105,-0.00189766,-0.594593,4.02718,-0.755626,0.615008,13.8172,0.964437,1.20741,-11.9668,-0.208811,-1.82242,0.995941,0.00189766,0.594593,1.69491,-0,0,-0.181104,-0.00189766,-0.594593,1.10796,-0.336803,1.78623,-15.4488,1.00667,-0.933575,-23.0608,-0.669871,-0.852656,0.725497,0.00189766,0.594593,1.23355,1.57289,-0.320551,-0.918041,-1.98641,1.55244,0.000912829,1.56286,0.00714286,True,True
4.21,-0,0,0.790967,-0.00486708,-0.592076,6.5586,-0.752483,0.641235,13.6701,0.970362,1.16206,-15.0646,-0.217879,-1.8033,0.999129,0.00486708,0.592076,2.11623,-0,0,-0.389077,-0.00486708,-0.592076,1.91625,-0.327831,1.80099,-14.5303,1.00191,-0.972381,-19.8461,-0.674076,-0.828609,0.545808,0.00486708,0.592076,1.17848,1.81138,-0.554301,-0.905162,-1.96796,1.55503,0.00205707,1.57595,0.0190476,True,True
4.215,-0,0,1.32028,-0.00781842,-0.587359,9.53017,-0.749214,0.665728,13.0097,0.976057,1.11573,-18.488,-0.226844,-1.78145,0.962266,0.00781842,0.587359,2.56642,-0,0,-0.536008,-0.00781842,-0.587359,2.27081,-0.318793,1.81262,-13.1059,0.99695,-1.00955,-16.3979,-0.678157,-0.803067,0.38364,0.00781842,0.587359,1.06803,2.04099,-0.829674,-0.892125,-1.94533,1.55761,0.00319347,1.58905,0.0309524,True,True
4.22,-0,0,1.91422,-0.0107407,-0.580424,12.8929,-0.745826,0.688315,11.8492,0.981519,1.0687,-22.2045,-0.235693,-1.75702,0.857696,0.0107407,0.580424,3.0071,-0,0,-0.621393,-0.0107407,-0.580424,2.17785,-0.309705,1.82102,-11.2063,0.991812,-1.0448,-12.7657,-0.682106,-0.776217,0.236413,0.0107407,0.580424,0.900578,2.22273,-1.14262,-0.879042,-1.91864,1.56017,0.00431781,1.60214,0.0428571,True,True
4.225,-0,0,2.54099,-0.0136227,-0.571261,16.5308,-0.742331,0.708868,10.2334,0.986745,1.02134,-26.1396,-0.244414,-1.73021,0.634638,0.0136227,0.571261,3.36292,-0,0,-0.646453,-0.0136227,-0.571261,1.66927,-0.300583,1.82618,-8.90963,0.986502,-1.07789,-9.04971,-0.685919,-0.748289,0.105028,0.0136227,0.571261,0.682421,2.28221,-1.48282,-0.866087,-1.88805,1.56271,0.00542585,1.61524,0.0547619,True,True
4.23,-0,0,3.13642,-0.0164533,-0.559876,20.2075,-0.738737,0.727344,8.27339,0.991733,0.974057,-30.1412,-0.252995,-1.7014,0.206822,0.0164533,0.559876,3.49841,-0,0,-0.616115,-0.0164533,-0.559876,0.830788,-0.291443,1.82828,-6.38339,0.981033,-1.10871,-5.43796,-0.689589,-0.719575,-0.00433972,0.0164533,0.559876,0.43462,2.08867,-1.82837,-0.853539,-1.85386,1.56522,0.00651333,1.62833,0.0666667,True,True
4.235,-0,0,3.58705,-0.0192214,-0.546317,23.4934,-0.735057,0.743845,6.19735,0.996485,0.927375,-33.9263,-0.261428,-1.67122,-0.556265,0.0192214,0.546317,3.195,-0,0,-0.543799,-0.0192214,-0.546317,-0.159084,-0.2823,1.82781,-3.94727,0.975415,-1.13734,-2.25996,-0.693115,-0.690465,-0.08141,0.0192214,0.546317,0.19836,1.43641,-2.1382,-0.841844,-1.81665,1.56771,0.00757604,1.64143,0.0785714,True,True
4.24,-0,0,3.5702,-0.0219164,-0.530714,26.2266,-0.731299,0.758716,4.89783,1.00101,0.881989,-36.8932,-0.269707,-1.6407,-1.45666,0.0219164,0.530714,2.56265,-0,0,-0.444598,-0.0219164,-0.530714,-1.10223,-0.273165,1.82568,-2.44574,0.969659,-1.16417,0.293895,-0.696494,-0.661508,-0.116239,0.0219164,0.530714,0.0320507,0.511412,-2.3492,-0.831695,-1.77733,1.57016,0.00860994,1.65452,0.0904762,True,True
4.245,-0,0,2.36922,-0.0245286,-0.513339,30.4252,-0.72747,0.771853,5.72901,1.0053,0.837897,-39.3185,-0.277835,-1.60975,-2.30375,0.0245286,0.513339,3.42243,-0,0,-0.171407,-0.0245286,-0.513434,-2.39644,-0.264044,1.80878,-2.806,0.963773,-1.17181,3.46534,-0.69973,-0.636969,-0.130754,0.0245286,0.513434,-0.0898568,0.45444,-3.36342,-0.822757,-1.7361,1.57259,0.00961131,1.665,0.1,True,False
4.25,-0,0,-0.290788,-0.0270498,-0.494625,31.4425,-0.72358,0.781679,12.6287,1.00939,0.793476,-34.885,-0.285805,-1.57516,1.32064,0.0270498,0.494625,2.64089,-0,0,-0.0471909,-0.0270508,-0.495235,-2.55073,-0.255078,1.73414,-8.76446,0.957941,-1.10568,3.51465,-0.702864,-0.628463,-0.280404,0.0270508,0.495235,-0.0926647,2.32018,-0.656641,-0.812095,-1.69079,1.57498,0.0105772,1.665,0.1,True,False
4.255,-0,0,-3.54101,-0.0294748,-0.475009,32.6374,-0.719653,0.787167,20.521,1.01324,0.748024,-30.0195,-0.293587,-1.53519,4.68535,0.0294748,0.475009,2.49199,-0,0,0.131028,-0.0294809,-0.476851,-2.70194,-0.246702,1.57407,-15.723,0.952717,-0.930632,3.50196,-0.706014,-0.643435,-0.450697,0.0294809,0.476851,-0.0926109,4.38136,1.53194,-0.797947,-1.64046,1.57735,0.0115055,1.665,0.1,True,False
4.26,-0,0,-6.70924,-0.0317999,-0.454805,33.6228,-0.715709,0.788853,27.4597,1.01687,0.702613,-26.0082,-0.301157,-1.49147,6.76895,0.0317999,0.454805,2.47456,-0,0,0.331997,-0.0318193,-0.458666,-2.83761,-0.239337,1.33603,-22.0492,0.948635,-0.656193,3.40668,-0.709298,-0.679834,-0.599499,0.0318193,0.458666,-0.0910477,5.70516,2.84413,-0.781309,-1.58668,1.57971,0.0123949,1.665,0.1,True,False
4.265,-0,0,-9.61517,-0.0340229,-0.434229,34.3901,-0.711765,0.787333,33.3248,1.02027,0.658131,-22.7859,-0.308501,-1.44546,7.95258,0.0340229,0.434229,2.48633,-0,0,0.540833,-0.0340676,-0.440894,-2.95637,-0.233342,1.03162,-27.5482,0.946155,-0.298107,3.23612,-0.712813,-0.733513,-0.719173,0.0340676,0.440894,-0.0886889,6.47424,3.57626,-0.763167,-1.53082,1.58206,0.0132447,1.665,0.1,True,False
4.27,-0,0,-12.1759,-0.0361422,-0.413431,34.9818,-0.707835,0.78308,38.1926,1.02345,0.615149,-20.203,-0.315612,-1.39823,8.61271,0.0361422,0.413431,2.50372,-0,0,0.747213,-0.0362282,-0.423638,-3.05791,-0.229021,0.672166,-32.2126,0.945654,0.127214,2.99868,-0.716633,-0.799381,-0.806892,0.0362282,0.423638,-0.0860054,6.91372,3.97744,-0.744211,-1.47385,1.58441,0.0140543,1.665,0.1,True,False
4.275,-0,0,-14.34,-0.0381572,-0.392513,35.439,-0.703934,0.776496,42.1109,1.02642,0.574036,-18.1844,-0.322484,-1.35053,8.96659,0.0381572,0.392513,2.51879,-0,0,0.942656,-0.038304,-0.406925,-3.14171,-0.22662,0.268837,-36.0416,0.947427,0.602704,2.70159,-0.720807,-0.87154,-0.86058,0.038304,0.406925,-0.0833545,7.15685,4.18822,-0.724963,-1.41648,1.58677,0.0148234,1.665,0.1,True,False
4.28,-0,0,-16.0813,-0.0400673,-0.37154,35.7981,-0.70007,0.767944,45.1191,1.02919,0.535036,-16.6908,-0.329117,-1.30298,9.1359,0.0400673,0.37154,2.5307,-0,0,1.12037,-0.0402975,-0.390717,-3.20728,-0.226332,-0.167383,-39.0476,0.951681,1.11092,2.35191,-0.725349,-0.943535,-0.879233,0.0402975,0.390717,-0.0810077,7.28035,4.28532,-0.705846,-1.35925,1.58914,0.015552,1.665,0.1,True,False
4.285,-0,0,-17.3936,-0.0418726,-0.350549,36.0886,-0.696254,0.757769,47.2619,1.03177,0.498308,-15.6938,-0.335513,-1.25608,9.18942,0.0418726,0.350549,2.54112,-0,0,1.27522,-0.0422111,-0.374931,-3.25424,-0.228294,-0.625868,-41.2596,0.958536,1.63452,1.9571,-0.730242,-1.00865,-0.863128,0.0422111,0.374931,-0.0791655,7.32882,4.31086,-0.687224,-1.30259,1.59154,0.0162401,1.665,0.1,True,False
4.29,-0,0,-18.2878,-0.0435728,-0.329557,36.3314,-0.692493,0.746298,48.5959,1.03417,0.463947,-15.1621,-0.341678,-1.21025,9.16789,0.0435728,0.329557,2.55181,-0,0,1.40369,-0.0440468,-0.35945,-3.28237,-0.232591,-1.0966,-42.7247,0.968026,2.15688,1.52527,-0.735435,-1.06028,-0.813875,0.0440468,0.35945,-0.077968,7.32912,4.28938,-0.669417,-1.24685,1.59396,0.0168877,1.665,0.1,True,False
4.295,-0,0,-18.7878,-0.0451681,-0.308565,36.5394,-0.688791,0.733848,49.1906,1.03641,0.431999,-15.0553,-0.347616,-1.16585,9.09747,0.0451681,0.308565,2.56356,-0,0,1.50386,-0.0458056,-0.344136,-3.2917,-0.23926,-1.57043,-43.5062,0.980105,2.66264,1.06518,-0.740845,-1.09221,-0.734309,0.0458056,0.344136,-0.0775026,7.29835,4.23682,-0.652705,-1.1923,1.59641,0.017495,1.665,0.1,True,False
4.3,-0,0,-18.9272,-0.0466585,-0.287571,36.7179,-0.685154,0.720714,49.1251,1.03849,0.402466,-15.3241,-0.353336,-1.12318,8.99626,0.0466585,0.287571,2.57617,-0,0,1.5752,-0.0474882,-0.328837,-3.2825,-0.248295,-2.03924,-43.6782,0.994653,3.13822,0.585869,-0.746357,-1.09898,-0.628242,0.0474882,0.328837,-0.0778103,7.24793,4.16463,-0.637331,-1.13918,1.59889,0.0180622,1.665,0.1,True,False
4.305,-0,0,-18.7454,-0.0480438,-0.266567,36.866,-0.681584,0.707177,48.4828,1.04043,0.375319,-15.9137,-0.358848,-1.0825,8.87678,0.0480438,0.266567,2.5887,-0,0,1.61835,-0.049094,-0.313398,-3.25538,-0.259653,-2.49613,-43.3207,1.01149,3.57218,0.0962717,-0.751834,-1.07605,-0.500146,0.049094,0.313398,-0.0788917,7.18533,4.08117,-0.623495,-1.08768,1.6014,0.0185893,1.665,0.1,True,False
4.31,-0,0,-18.2837,-0.0493242,-0.245549,36.9786,-0.678083,0.693496,47.3458,1.04224,0.3505,-16.7682,-0.364161,-1.044,8.74678,0.0493242,0.245549,2.59996,-0,0,1.63479,-0.0506221,-0.297668,-3.21126,-0.273257,-2.93539,-42.5124,1.03037,3.9553,-0.395251,-0.757118,-1.01991,-0.354816,0.0506221,0.297668,-0.0807127,7.11485,3.992,-0.611361,-1.03794,1.60394,0.0190766,1.665,0.1,True,False
4.315,-0,0,-17.5822,-0.0504993,-0.22452,37.0474,-0.674649,0.679913,45.7892,1.04394,0.327926,-17.8343,-0.369288,-1.00784,8.60955,0.0504993,0.22452,2.60882,-0,0,1.62652,-0.0520707,-0.281506,-3.15144,-0.289006,-3.35244,-41.3259,1.05104,4.28063,-0.881232,-0.762034,-0.928186,-0.19708,0.0520707,0.281506,-0.0832093,7.03797,3.89981,-0.601051,-0.990082,1.60652,0.0195242,1.665,0.1,True,False
4.32,-0,0,-16.6778,-0.0515694,-0.203491,37.0629,-0.671283,0.666653,43.8782,1.04552,0.307501,-19.065,-0.374239,-0.974154,8.4644,0.0515694,0.203491,2.61448,-0,0,1.59571,-0.0534372,-0.264786,-3.07761,-0.306781,-3.74373,-39.8239,1.07318,4.54327,-1.35528,-0.7664,-0.799546,-0.0315794,0.0534372,0.264786,-0.0862918,6.95376,3.80464,-0.592656,-0.94422,1.60913,0.0199325,1.665,0.1,True,False
4.325,-0,0,-15.6025,-0.0525342,-0.182484,37.0145,-0.667983,0.653927,41.6657,1.04701,0.289112,-20.4201,-0.379029,-0.943039,8.30745,0.0525342,0.182484,2.61642,-0,0,1.54451,-0.0547185,-0.247403,-2.99179,-0.326444,-4.10648,-38.057,1.09647,4.74017,-1.81211,-0.770029,-0.633687,0.137356,0.0547185,0.247403,-0.0898486,6.85944,3.70437,-0.586234,-0.900439,1.61176,0.0203016,1.665,0.1,True,False
4.33,-0,0,-14.3831,-0.0533942,-0.161533,36.8916,-0.664744,0.641931,39.1929,1.04841,0.272637,-21.8667,-0.38367,-0.914567,8.13278,0.0533942,0.161533,2.61436,-0,0,1.47481,-0.0559112,-0.229276,-2.89628,-0.347846,-4.43857,-36.0633,1.12058,4.86979,-2.24741,-0.772736,-0.431225,0.305765,0.0559112,0.229276,-0.0937489,6.75097,3.59545,-0.581814,-0.858823,1.61443,0.0206319,1.665,0.1,True,False
4.335,-0,0,-13.0418,-0.0541496,-0.140682,36.6839,-0.661563,0.630851,36.4904,1.04974,0.257946,-23.3785,-0.388175,-0.888797,7.93351,0.0541496,0.140682,2.60808,-0,0,1.38817,-0.0570113,-0.210352,-2.79364,-0.370829,-4.73826,-33.8698,1.14517,4.93187,-2.65761,-0.774341,-0.193606,0.470051,0.0570113,0.210352,-0.0978453,6.62375,3.47373,-0.579402,-0.819453,1.61712,0.0209237,1.665,0.1,True,False
4.34,-0,0,-11.5963,-0.054801,-0.11999,36.381,-0.658436,0.620862,33.5803,1.05099,0.244904,-24.934,-0.392558,-0.865766,7.70293,0.054801,0.11999,2.59724,-0,0,1.28575,-0.0580147,-0.190606,-2.68653,-0.395228,-5.00409,-31.4939,1.1699,4.92712,-3.03961,-0.774673,0.0769763,0.626951,0.0580147,0.190606,-0.101977,6.47319,3.33519,-0.578978,-0.782404,1.61984,0.0211776,1.665,0.1,True,False
4.345,-0,0,-10.0616,-0.0553495,-0.0995264,35.9733,-0.655355,0.612125,30.479,1.05219,0.233369,-26.5149,-0.396832,-0.845494,7.43539,0.0553495,0.0995264,2.58129,-0,0,1.16841,-0.0589174,-0.17005,-2.57761,-0.42087,-5.23471,-28.9457,1.19444,4.85705,-3.3905,-0.773572,0.377657,0.773491,0.0589174,0.17005,-0.105971,6.29526,3.17659,-0.580496,-0.747749,1.62257,0.0213941,1.665,0.1,True,False
4.35,-0,0,-8.45103,-0.0557963,-0.0793736,35.452,-0.652314,0.604788,27.2002,1.05333,0.223192,-28.1049,-0.401013,-0.82798,7.12698,0.0557963,0.0793736,2.55944,-0,0,1.03672,-0.0597152,-0.148728,-2.46945,-0.447576,-5.42877,-26.231,1.21847,4.7238,-3.70723,-0.770896,0.704963,0.90696,0.0597152,0.148728,-0.109651,6.08693,2.99595,-0.583885,-0.715557,1.62533,0.0215739,1.665,0.1,True,False
4.355,-0,0,-6.77731,-0.0561432,-0.0596231,34.8094,-0.649307,0.598976,23.7573,1.05442,0.214222,-29.6884,-0.405112,-0.813198,6.77607,0.0561432,0.0596231,2.53067,-0,0,0.891142,-0.0604047,-0.12672,-2.36436,-0.475158,-5.58491,-23.3538,1.24168,4.53004,-3.98643,-0.766522,1.05487,1.0249,0.0604047,0.12672,-0.11284,5.84653,2.79278,-0.589047,-0.685886,1.62809,0.0217177,1.665,0.1,True,False
4.36,-0,0,-5.05396,-0.0563925,-0.0403749,34.0399,-0.646325,0.594796,20.1661,1.05547,0.2063,-31.2495,-0.409145,-0.801096,6.3836,0.0563925,0.0403749,2.49396,-0,0,0.732168,-0.0609824,-0.104141,-2.26429,-0.503425,-5.70174,-20.3187,1.26377,4.27886,-4.22417,-0.760347,1.42288,1.12511,0.0609824,0.104141,-0.115366,5.57402,2.56823,-0.595852,-0.658779,1.63087,0.0218265,1.665,0.1,True,False
4.365,-0,0,-3.29593,-0.056547,-0.0217352,33.1407,-0.643359,0.592323,16.4466,1.05648,0.199264,-32.772,-0.413123,-0.791587,5.95317,0.056547,0.0217352,2.44843,-0,0,0.560509,-0.0614461,-0.0811383,-2.17077,-0.532175,-5.77786,-17.1334,1.28447,3.97381,-4.41583,-0.752293,1.80405,1.20573,0.0614461,0.0811383,-0.117075,5.27123,2.32503,-0.604141,-0.634259,1.63366,0.0219011,1.665,0.1,True,False
4.37,-0,0,-1.52023,-0.0566099,-0.00381242,32.113,-0.640401,0.591601,12.6245,1.05746,0.192946,-34.2396,-0.417061,-0.784547,5.49102,0.0566099,0.00381242,2.39366,-0,0,0.377258,-0.0617938,-0.0578875,-2.08483,-0.561203,-5.81193,-13.8105,1.30351,3.61881,-4.55608,-0.742307,2.19312,1.26527,0.0617938,0.0578875,-0.117835,4.94195,2.06727,-0.613725,-0.612324,1.63644,0.0219429,1.665,0.1,True,False
4.375,-0,0,0.253954,-0.0565851,0.0132864,30.9628,-0.637443,0.592635,8.73193,1.05841,0.18718,-35.6362,-0.420969,-0.779815,5.00564,0.0565851,-0.0132864,2.32988,-0,0,0.184027,-0.0620249,-0.0345875,-2.00702,-0.590295,-5.80278,-10.3691,1.32066,3.2182,-4.63892,-0.730362,2.58457,1.30271,0.0620249,0.0345875,-0.117549,4.59185,1.80011,-0.624383,-0.592941,1.63923,0.0219531,1.665,0.1,True,False
4.38,-0,0,2.00551,-0.056477,0.0294609,29.7018,-0.634475,0.595392,4.80728,1.05933,0.181798,-36.9472,-0.424859,-0.77719,4.50732,0.056477,-0.0294609,2.25818,-0,0,-0.016956,-0.0621397,-0.0114524,-1.93744,-0.619231,-5.74951,-6.83543,1.33569,2.77672,-4.65776,-0.716461,2.97279,1.31756,0.0621397,0.0114524,-0.116163,4.22826,1.52932,-0.635871,-0.576039,1.64202,0.0219331,1.665,0.1,True,False
4.385,-0,0,3.71204,-0.0562905,0.0446225,28.3482,-0.631489,0.599796,0.894593,1.06023,0.17664,-38.1605,-0.428741,-0.776435,4.00736,0.0562905,-0.0446225,2.18054,-0,0,-0.222837,-0.0621395,0.0112973,-1.87585,-0.64779,-5.65165,-3.2436,1.34842,2.29947,-4.60571,-0.700634,3.35218,1.30994,0.0621395,-0.0112973,-0.113669,3.85969,1.26081,-0.647928,-0.561511,1.64479,0.0218844,1.665,0.1,True,False
4.39,-0,0,5.35079,-0.0560308,0.0587,26.9263,-0.628477,0.605733,-2.95803,1.0611,0.171552,-39.2673,-0.432623,-0.777285,3.51719,0.0560308,-0.0587,2.09965,-0,0,-0.430198,-0.0620267,0.033445,-1.82178,-0.675748,-5.50923,0.365163,1.35869,1.79192,-4.47591,-0.682939,3.71731,1.28059,0.0620267,-0.033445,-0.110112,3.49517,1.00017,-0.660284,-0.549211,1.64756,0.0218087,1.665,0.1,True,False
4.395,-0,0,6.89979,-0.0557035,0.0716451,25.4664,-0.625432,0.613057,-6.70045,1.06195,0.166397,-40.2638,-0.436513,-0.779454,3.04744,0.0557035,-0.0716451,2.01864,-0,0,-0.635207,-0.061805,0.0547882,-1.77468,-0.702882,-5.32296,3.9435,1.36634,1.25988,-4.26192,-0.663461,4.06309,1.23089,0.061805,-0.0547882,-0.10559,3.14348,0.752253,-0.672674,-0.538958,1.65031,0.0217075,1.665,0.1,True,False
4.4,-0,0,8.33913,-0.0553143,0.0834371,24.0038,-0.622346,0.621596,-10.2829,1.06276,0.161053,-41.1512,-0.440418,-0.782649,2.60718,0.0553143,-0.0834371,1.94063,-0,0,-0.833838,-0.0614788,0.075149,-1.73404,-0.728977,-5.09425,7.43961,1.37129,0.709363,-3.95821,-0.642308,4.38489,1.16277,0.0614788,-0.075149,-0.100249,2.81237,0.520932,-0.684851,-0.530539,1.65304,0.0215827,1.665,0.1,True,False
4.405,-0,0,9.65201,-0.0548691,0.0940866,22.5765,-0.619216,0.631161,-13.6581,1.06356,0.155421,-41.9356,-0.44434,-0.786582,2.20329,0.0548691,-0.0940866,1.86829,-0,0,-1.02213,-0.0610535,0.0943825,-1.69951,-0.753825,-4.82531,10.7995,1.37344,0.146607,-3.56066,-0.619612,4.6787,1.0786,0.0610535,-0.0943825,-0.0942749,2.50792,0.309004,-0.696599,-0.523722,1.65574,0.021436,1.665,0.1,True,False
4.41,-0,0,10.8256,-0.0543735,0.103637,21.224,-0.616035,0.641562,-16.7841,1.06432,0.149426,-42.6281,-0.448283,-0.790988,1.84031,0.0543735,-0.103637,1.80342,-0,0,-1.19647,-0.060535,0.112384,-1.67095,-0.77723,-4.5191,13.9692,1.37275,-0.422081,-3.06707,-0.595521,4.94118,0.981108,0.060535,-0.112384,-0.0878831,2.23422,0.118285,-0.707749,-0.518259,1.65842,0.0212691,1.665,0.1,True,False
4.415,-0,0,11.8518,-0.0538327,0.112168,19.9847,-0.6128,0.652617,-19.6251,1.06505,0.143017,-43.243,-0.45225,-0.795635,1.52069,0.0538327,-0.112168,1.74686,-0,0,-1.35379,-0.0599297,0.129094,-1.64847,-0.799016,-4.17939,16.8977,1.36922,-0.990384,-2.47748,-0.5702,5.16977,0.873166,0.0599297,-0.129094,-0.0813041,1.99339,-0.0501511,-0.718187,-0.513898,1.66107,0.0210835,1.665,0.1,True,False
4.42,-0,0,12.7267,-0.0532518,0.119787,18.8939,-0.609509,0.664164,-22.1531,1.06575,0.136168,-43.7966,-0.45624,-0.800332,1.24527,0.0532518,-0.119787,1.69848,-0,0,-1.49181,-0.0592441,0.144499,-1.63237,-0.819024,-3.81058,19.5385,1.36285,-1.55207,-1.79452,-0.543824,5.36265,0.757639,0.0592441,-0.144499,-0.0747682,1.786,-0.195673,-0.727859,-0.510393,1.66369,0.0208808,1.665,0.1,True,False
4.425,-0,0,13.4509,-0.0526349,0.126635,17.9821,-0.606158,0.676069,-24.3479,1.06641,0.128874,-44.3053,-0.460253,-0.804943,1.01407,0.0526349,-0.126635,1.65754,-0,0,-1.60904,-0.0584847,0.158629,-1.62308,-0.837121,-3.41766,21.8521,1.3537,-2.10109,-1.02353,-0.516574,5.51875,0.637221,0.0584847,-0.158629,-0.068492,1.6117,-0.317807,-0.736779,-0.507514,1.66627,0.0206621,1.665,0.1,True,False
4.43,-0,0,14.0284,-0.0519854,0.132873,17.2735,-0.602748,0.688235,-26.1969,1.06704,0.121146,-44.7841,-0.464289,-0.809381,0.826932,0.0519854,-0.132873,1.62307,-0,0,-1.70483,-0.0576578,0.171557,-1.62108,-0.853201,-3.00609,23.8066,1.34184,-2.6316,-0.172516,-0.488636,5.63769,0.514299,0.0576578,-0.171557,-0.0626658,1.46989,-0.416062,-0.745019,-0.505048,1.66881,0.0204286,1.665,0.1,True,False
4.435,-0,0,14.4653,-0.0513061,0.138682,16.7856,-0.599276,0.7006,-27.694,1.06762,0.11301,-45.2453,-0.468347,-0.81361,0.683901,0.0513061,-0.138682,1.59427,-0,0,-1.77928,-0.0567691,0.183388,-1.62684,-0.867182,-2.58158,25.3786,1.32738,-3.13807,0.748033,-0.460197,5.71965,0.390848,0.0567691,-0.183388,-0.0574454,1.36023,-0.4899,-0.752705,-0.502805,1.67132,0.020181,1.665,0.1,True,False
4.44,-0,0,14.7692,-0.0505986,0.144254,16.5284,-0.595742,0.713141,-28.8389,1.06817,0.104498,-45.6975,-0.472425,-0.817639,0.585289,0.0505986,-0.144254,1.57081,-0,0,-1.8331,-0.0558239,0.194256,-1.64068,-0.879016,-2.15002,26.5528,1.31046,-3.61526,1.72548,-0.43144,5.76527,0.268365,0.0558239,-0.194256,-0.0529482,1.28278,-0.538873,-0.760009,-0.500625,1.67378,0.0199198,1.665,0.1,True,False
4.445,-0,0,14.9474,-0.0498636,0.149782,16.5051,-0.592145,0.725871,-29.635,1.06867,0.0956416,-46.1454,-0.476523,-0.821513,0.53135,0.0498636,-0.149782,1.55284,-0,0,-1.86743,-0.0548266,0.204312,-1.66279,-0.888683,-1.71731,27.3216,1.29123,-4.05825,2.7455,-0.402544,5.77556,0.147842,0.0548266,-0.204312,-0.0492526,1.23787,-0.562861,-0.767132,-0.498366,1.6762,0.0196452,1.665,0.1,True,False
4.45,-0,0,15.0059,-0.0491008,0.155462,16.7123,-0.588483,0.73883,-30.0886,1.06912,0.086473,-46.5897,-0.48064,-0.825303,0.521796,0.0491008,-0.155462,1.54094,-0,0,-1.88369,-0.0537808,0.213722,-1.69313,-0.89619,-1.28924,27.6838,1.26987,-4.46246,3.79258,-0.373684,5.7517,0.0297769,0.0537808,-0.213722,-0.0464019,1.22571,-0.562317,-0.774293,-0.495914,1.67858,0.0193571,1.665,0.1,True,False
4.455,-0,0,14.9489,-0.048309,0.161478,17.1411,-0.584756,0.752081,-30.2073,1.06953,0.0770155,-47.0276,-0.484776,-0.829096,0.555378,0.048309,-0.161478,1.53592,-0,0,-1.88343,-0.0526894,0.222654,-1.73149,-0.901575,-0.871393,27.6435,1.2466,-4.82357,4.8506,-0.345027,5.69496,-0.0857842,0.0526894,-0.222654,-0.0444092,1.246,-0.538435,-0.781718,-0.493171,1.68091,0.019055,1.665,0.1,True,False
4.46,-0,0,14.7782,-0.047486,0.168007,17.7779,-0.580962,0.765702,-29.999,1.06989,0.0672834,-47.4532,-0.488931,-0.832986,0.629761,0.047486,-0.168007,1.53865,-0,0,-1.86821,-0.0515543,0.231277,-1.77746,-0.904903,-0.469092,27.2087,1.22164,-5.13751,5.90336,-0.316734,5.60661,-0.199178,0.0515543,-0.231277,-0.0432638,1.29776,-0.493129,-0.789627,-0.490055,1.68321,0.0187383,1.665,0.1,True,False
4.465,-0,0,14.4931,-0.0466289,0.175208,18.6055,-0.577099,0.779782,-29.4712,1.07021,0.0572795,-47.8574,-0.493106,-0.837061,0.741841,0.0466289,-0.175208,1.54998,-0,0,-1.83951,-0.0503766,0.239757,-1.83041,-0.906266,-0.0873203,26.3904,1.19523,-5.40044,6.93509,-0.288961,5.48776,-0.311035,0.0503766,-0.239757,-0.0429375,1.37949,-0.428802,-0.798225,-0.486494,1.68546,0.0184059,1.665,0.1,True,False
4.47,-0,0,14.091,-0.0457339,0.183228,19.6038,-0.573165,0.794406,-28.6305,1.07047,0.0469943,-48.2289,-0.497302,-0.841401,0.888475,0.0457339,-0.183228,1.57081,-0,0,-1.79872,-0.0491567,0.248252,-1.88954,-0.905777,0.269288,25.2012,1.16763,-5.60867,7.93085,-0.261857,5.33938,-0.422181,0.0491567,-0.248252,-0.0433892,1.4897,-0.347905,-0.807691,-0.482423,1.68767,0.0180565,1.665,0.1,True,False
4.475,-0,0,13.5679,-0.0447966,0.192192,20.7507,-0.569155,0.809658,-27.4829,1.07068,0.036406,-48.5536,-0.50152,-0.846064,1.0675,0.0447966,-0.192192,1.60221,-0,0,-1.74712,-0.0478941,0.256911,-1.9539,-0.903573,0.596464,23.6558,1.13914,-5.75867,8.87685,-0.235567,5.16221,-0.533514,0.0478941,-0.256911,-0.0445689,1.62762,-0.25237,-0.818176,-0.477778,1.68984,0.0176888,1.665,0.1,True,False
4.48,-0,0,12.9194,-0.043812,0.202207,22.0225,-0.565068,0.825604,-26.0341,1.07083,0.0254809,-48.8155,-0.505763,-0.851085,1.27876,0.043812,-0.202207,1.64554,-0,0,-1.68593,-0.0465876,0.265873,-2.02233,-0.899812,0.890316,21.7704,1.11005,-5.84705,9.76064,-0.210235,4.95673,-0.645886,0.0465876,-0.265873,-0.04642,1.794,-0.143017,-0.829795,-0.472495,1.69198,0.017301,1.665,0.1,True,False
4.485,-0,0,12.1423,-0.0427746,0.21336,23.394,-0.560899,0.842294,-24.2909,1.07093,0.0141754,-48.9963,-0.510031,-0.856469,1.52494,0.0427746,-0.21336,1.70254,-0,0,-1.61633,-0.0452353,0.275263,-2.09353,-0.89467,1.14734,19.564,1.08067,-5.8706,10.5711,-0.186,4.72326,-0.759961,0.0452353,-0.275263,-0.0488806,1.99167,-0.0190792,-0.84262,-0.466507,1.69409,0.0168913,1.665,0.1,True,False
4.49,-0,0,11.2357,-0.0416784,0.225716,24.8389,-0.556645,0.859755,-22.2634,1.07097,0.00243708,-49.0772,-0.514327,-0.862192,1.81172,0.0416784,-0.225716,1.77519,-0,0,-1.53962,-0.0438349,0.285197,-2.16604,-0.888339,1.36445,17.0599,1.05134,-5.8264,11.2986,-0.163002,4.46195,-0.876068,0.0438349,-0.285197,-0.0518843,2.22562,0.121993,-0.856683,-0.459741,1.69616,0.0164576,1.665,0.1,True,False
4.495,-0,0,10.2025,-0.0405174,0.239317,26.3288,-0.552302,0.877987,-19.9671,1.07095,-0.00979243,-49.0397,-0.518653,-0.868194,2.14717,0.0405174,-0.239317,1.86544,-0,0,-1.45722,-0.0423834,0.295773,-2.23824,-0.881025,1.53902,14.2875,1.02241,-5.71194,11.9344,-0.14138,4.17292,-0.994039,0.0423834,-0.295773,-0.0553599,2.50242,0.284322,-0.87197,-0.452122,1.69821,0.0159978,1.665,0.1,True,False
4.5,-0,0,9.05108,-0.0392852,0.254181,27.8337,-0.547865,0.896961,-17.4265,1.07087,-0.0225752,-48.8675,-0.523009,-0.874386,2.54018,0.0392852,-0.254181,1.97474,-0,0,-1.37079,-0.0408772,0.307079,-2.30838,-0.872948,1.669,11.285,0.994221,-5.52536,12.4704,-0.121273,3.85637,-1.11304,0.0408772,-0.307079,-0.0592313,2.82892,0.472882,-0.888425,-0.443571,1.70023,0.0155099,1.665,0.1,True,False
4.505,-0,0,7.79622,-0.0379756,0.270303,29.3209,-0.543332,0.916626,-14.6785,1.07073,-0.0359747,-48.5495,-0.527397,-0.880652,2.99787,0.0379756,-0.270303,2.10335,-0,0,-1.2823,-0.0393126,0.319184,-2.37461,-0.864335,1.75301,8.10209,0.967152,-5.2658,12.899,-0.102817,3.51279,-1.23143,0.0393126,-0.319184,-0.0634177,3.21009,0.692246,-0.905949,-0.434014,1.70223,0.0149916,1.665,0.1,True,False
4.51,-0,0,6.46033,-0.0365822,0.28765,30.7549,-0.538699,0.93691,-11.7755,1.07051,-0.0500533,-48.0827,-0.531816,-0.886857,3.52231,0.0365822,-0.28765,2.24962,-0,0,-1.19398,-0.0376854,0.332142,-2.43499,-0.855418,1.79055,4.80242,0.941563,-4.93371,13.2122,-0.0861451,3.14316,-1.3466,0.0376854,-0.332142,-0.0678332,3.64648,0.944905,-0.924408,-0.423385,1.70423,0.0144408,1.665,0.1,True,False
4.515,-0,0,5.07351,-0.0350991,0.306163,32.0975,-0.533963,0.95773,-8.78755,1.07023,-0.0648717,-47.4744,-0.536265,-0.892858,4.10713,0.0350991,-0.306163,2.40938,-0,0,-1.10826,-0.0359912,0.345989,-2.48754,-0.84643,1.78219,1.46472,0.917815,-4.53141,13.4016,-0.0713851,2.74921,-1.45491,0.0359912,-0.345989,-0.0723879,4.13151,1.22944,-0.943643,-0.411635,1.70621,0.0138554,1.665,0.1,True,False
4.52,-0,0,3.67301,-0.0335206,0.325757,33.3079,-0.529122,0.979006,-5.80272,1.06987,-0.0804881,-46.7445,-0.540744,-0.898518,4.73476,0.0335206,-0.325757,2.57548,-0,0,-1.02764,-0.0342255,0.360745,-2.53031,-0.837596,1.72981,-1.81751,0.896249,-4.0635,13.4574,-0.0586529,2.33369,-1.55173,0.0342255,-0.360745,-0.0769888,4.64942,1.53897,-0.963473,-0.398744,1.70818,0.0132333,1.665,0.1,True,False
4.525,-0,0,2.30147,-0.0318415,0.346321,34.3446,-0.524173,1.00068,-2.92408,1.06942,-0.0969598,-45.9253,-0.545251,-0.903716,5.37552,0.0318415,-0.346321,2.7379,-0,0,-0.954422,-0.0323837,0.376407,-2.56141,-0.829132,1.63677,-4.93913,0.87718,-3.53734,13.3689,-0.0480482,1.90057,-1.63159,0.0323837,-0.376407,-0.0815412,5.17464,1.86047,-0.983714,-0.384728,1.71016,0.0125729,1.665,0.1,True,False
4.53,-0,0,1.00391,-0.0300574,0.367723,35.1667,-0.519115,1.02271,-0.263245,1.0689,-0.114346,-45.0589,-0.549782,-0.908364,5.98928,0.0300574,-0.367723,2.88439,-0,0,-0.890429,-0.0304614,0.392959,-2.57912,-0.821229,1.5081,-7.78963,0.860876,-2.96333,13.1246,-0.0396473,1.45524,-1.6885,0.0304614,-0.392959,-0.0859505,5.67324,2.17537,-1.00419,-0.369647,1.71215,0.0118724,1.665,0.1,True,False
4.535,-0,0,-0.176216,-0.0281643,0.389805,35.7365,-0.513946,1.04512,2.06972,1.06828,-0.132708,-44.1918,-0.554334,-0.912411,6.53019,0.0281643,-0.389805,3.00162,-0,0,-0.836699,-0.0284541,0.410362,-2.58194,-0.814051,1.35047,-10.2621,0.847547,-2.35506,12.7124,-0.0334958,1.00458,-1.71645,0.0284541,-0.410362,-0.0901229,6.10674,2.46188,-1.02472,-0.353608,1.71414,0.0111305,1.665,0.1,True,False
4.54,-0,0,-1.2015,-0.0261593,0.412397,36.0224,-0.508664,1.06796,3.9786,1.06757,-0.152116,-43.3677,-0.558906,-0.915845,6.95389,0.0261593,-0.412397,3.07687,-0,0,-0.793256,-0.0263578,0.42856,-2.56872,-0.807724,1.17212,-12.2642,0.837325,-1.72905,12.1205,-0.0296014,0.556925,-1.70993,0.0263578,-0.42856,-0.0939651,6.43796,2.69866,-1.04517,-0.336763,1.71615,0.010346,1.665,0.1,True,False
4.545,-0,0,-2.04467,-0.0240403,0.435315,36.0013,-0.503266,1.09134,5.39333,1.06676,-0.172649,-42.6184,-0.563493,-0.918687,7.22603,0.0240403,-0.435315,3.09984,-0,0,-0.759009,-0.0241685,0.44748,-2.53871,-0.80233,0.982491,-13.7283,0.830256,-1.10429,11.3383,-0.0279266,0.1218,-1.66448,0.0241685,-0.44748,-0.0973813,6.63765,2.86914,-1.0654,-0.319296,1.71817,0.00951828,1.665,0.1,True,False
4.55,-0,0,-2.69137,-0.0218062,0.458366,35.6598,-0.49775,1.11537,6.27934,1.06584,-0.194389,-41.9574,-0.568093,-0.920977,7.32987,0.0218062,-0.458366,3.06436,-0,0,-0.731829,-0.021883,0.467028,-2.49165,-0.797899,0.791809,-14.6195,0.826283,-0.501447,10.3566,-0.0283834,-0.290362,-1.57713,0.021883,-0.467028,-0.100267,6.69077,2.96565,-1.08528,-0.301412,1.72021,0.00864677,1.665,0.1,True,False
4.555,-0,0,-3.14068,-0.0194567,0.481355,34.9952,-0.492113,1.14018,6.64143,1.06482,-0.217424,-41.3749,-0.572702,-0.922753,7.27176,0.0194567,-0.481355,2.96989,-0,0,-0.708812,-0.0194982,0.487087,-2.42784,-0.794411,0.610538,-14.9381,0.825242,0.0581083,9.16783,-0.0308302,-0.668646,-1.44647,0.0194982,-0.487087,-0.102498,6.60092,2.99205,-1.10468,-0.283319,1.72228,0.00773138,1.665,0.1,True,False
4.56,-0,0,-3.40297,-0.0169926,0.504087,34.0139,-0.486349,1.16587,6.52094,1.06367,-0.241834,-40.837,-0.57732,-0.924033,7.08359,0.0169926,-0.504087,2.82312,-0,0,-0.686653,-0.0170121,0.507514,-2.34812,-0.791794,0.448832,-14.7158,0.826864,0.553224,7.76588,-0.0350699,-1.00206,-1.27254,0.0170121,-0.507514,-0.103911,6.39309,2.96464,-1.12345,-0.265202,1.72437,0.00677239,1.665,0.1,True,False
4.565,-0,0,-3.49511,-0.0144158,0.526364,32.7298,-0.480454,1.19248,5.98697,1.0624,-0.267688,-40.2875,-0.581943,-0.924793,6.82383,0.0144158,-0.526364,2.64038,-0,0,-0.662031,-0.0144231,0.528129,-2.25384,-0.789923,0.316101,-14.0068,0.830774,0.963737,6.1451,-0.0408508,-1.27984,-1.05635,0.0144231,-0.528129,-0.104286,6.11574,2.91154,-1.14142,-0.24722,1.72648,0.00577041,1.665,0.1,True,False
4.57,-0,0,-3.43325,-0.011729,0.547985,31.1618,-0.474424,1.21998,5.1238,1.06099,-0.295022,-39.6494,-0.586568,-0.924956,6.58081,0.011729,-0.547985,2.45363,-0,0,-0.631862,-0.0117308,0.548697,-2.14663,-0.788633,0.220749,-12.8741,0.836501,1.2709,4.29926,-0.0478683,-1.49165,-0.799203,0.0117308,-0.548697,-0.103298,5.84663,2.87149,-1.15836,-0.22949,1.72862,0.00472647,1.665,0.1,True,False
4.575,-0,0,-3.22808,-0.00893594,0.568728,29.4446,-0.468254,1.2482,4.08646,1.05945,-0.323834,-38.8179,-0.591192,-0.92437,6.58307,0.00893594,-0.568728,2.44171,-0,0,-0.592977,-0.00893613,0.568912,-2.02805,-0.787716,0.170136,-11.4508,0.843483,1.45743,2.3262,-0.0557673,-1.62757,-0.516783,0.00893613,-0.568912,-0.100403,5.84421,2.88958,-1.17399,-0.212089,1.73079,0.00364199,1.665,0.1,True,False
4.58,-0,0,-2.99513,-0.00604169,0.588311,23.3508,-0.461942,1.27678,-0.699501,1.05775,-0.354031,-39.1577,-0.595812,-0.922752,3.44178,0.00604169,-0.588311,-0.211818,-0,0,-0.126708,-0.00604169,0.588329,-0.589206,-0.786931,0.165916,-6.17405,0.851075,1.51987,1.10802,-0.0641439,-1.68579,-0.0837327,0.00604169,-0.588329,-0.101418,2.17615,2.39115,-1.18784,-0.195042,1.73298,0.0025189,1.665,0.1,True,True
4.585,-0,0,-2.64008,-0.00305283,0.60635,19.9506,-0.455486,1.30488,-3.36585,1.05591,-0.385343,-38.4702,-0.60042,-0.919539,3.05067,0.00305283,-0.60635,-0.332894,-0,0,0.162148,-0.00305283,0.60635,0.231119,-0.786057,0.188806,-2.93568,0.858682,1.50901,0.499654,-0.0726252,-1.69781,0.143519,0.00305283,-0.60635,-0.111517,1.84246,2.20981,-1.1992,-0.178247,1.73519,0.00135975,1.6781,0.0880952,True,True
4.59,-0,0,-2.25161,2.18079e-05,0.622494,16.1667,-0.448893,1.33161,-6.32916,1.0539,-0.41741,-37.6369,-0.605007,-0.914205,2.59162,-2.18079e-05,-0.622494,-0.466943,-0,0,0.47211,2.18079e-05,0.622494,1.07724,-0.785043,0.216573,0.675508,0.866165,1.48284,0.272749,-0.0811221,-1.69941,0.313249,-2.18079e-05,-0.622494,-0.143559,1.45524,1.99001,-1.20738,-0.161599,1.73743,0.000168022,1.69119,0.0761905,True,True
4.595,-0,0,-1.85011,0.00317211,0.636563,12.4784,-0.44217,1.35649,-9.06318,1.05173,-0.449925,-36.4745,-0.609562,-0.906568,2.16597,-0.00317211,-0.636563,-0.626042,-0,0,0.704467,0.00317211,0.636563,1.61232,-0.783891,0.24437,4.1229,0.87351,1.45346,-0.180682,-0.0896192,-1.69783,0.45318,-0.00317211,-0.636563,-0.211516,1.07505,1.80568,-1.2121,-0.145101,1.73967,-0.00105234,1.70429,0.0642857,True,True
4.6,-0,0,-1.46111,0.00638743,0.648486,9.10996,-0.435328,1.37924,-11.3683,1.0494,-0.482616,-34.9782,-0.614073,-0.896623,1.79052,-0.00638743,-0.648486,-0.785563,-0,0,0.830105,0.00638743,0.648486,1.72802,-0.7826,0.271965,7.17769,0.8807,1.42101,-0.988828,-0.0981003,-1.69297,0.567342,-0.00638743,-0.648486,-0.322281,0.72776,1.65362,-1.21334,-0.128793,1.74193,-0.00229719,1.71738,0.052381,True,True
4.605,-0,0,-1.09946,0.00965697,0.658246,6.15047,-0.428378,1.39966,-13.1809,1.04691,-0.515219,-33.1746,-0.618528,-0.88444,1.46124,-0.00965697,-0.658246,-0.925182,-0,0,0.842753,0.00965697,0.658246,1.39793,-0.781171,0.29913,9.75578,0.88772,1.38574,-2.15124,-0.106549,-1.68487,0.653979,-0.00965697,-0.658246,-0.477837,0.422831,1.51937,-1.21113,-0.112727,1.7442,-0.00356232,1.73048,0.0404762,True,True
4.61,-0,0,-0.771319,0.0129699,0.665846,3.63186,-0.421331,1.41759,-14.4838,1.04425,-0.54747,-31.0844,-0.622917,-0.870124,1.17319,-0.0129699,-0.665846,-1.03436,-0,0,0.742527,0.0129699,0.665846,0.618018,-0.779608,0.325648,11.8299,0.894557,1.34794,-3.65974,-0.114949,-1.67359,0.713262,-0.0129699,-0.665846,-0.678458,0.163376,1.39363,-1.20558,-0.0969607,1.74647,-0.00484354,1.74357,0.0285714,True,True
4.615,-0,0,-0.4788,0.0163154,0.671295,1.56068,-0.414202,1.4329,-15.2782,1.04143,-0.579105,-28.7211,-0.627229,-0.853798,0.921758,-0.0163154,-0.671295,-1.10763,-0,0,0.531474,0.0163154,0.671295,-0.609427,-0.777915,0.351307,13.397,0.9012,1.30792,-5.50635,-0.123285,-1.65922,0.745835,-0.0163154,-0.671295,-0.923986,-0.0502628,1.27026,-1.1968,-0.0815604,1.74873,-0.00613668,1.75667,0.0166667,True,True
4.62,-0,0,-0.222443,0.0196828,0.674601,-0.0650165,-0.407002,1.44544,-15.5699,1.03846,-0.609851,-26.0921,-0.631455,-0.835593,0.702912,-0.0196828,-0.674601,-1.14164,-0,0,0.211509,0.0196828,0.674601,-2.28287,-0.776095,0.375902,14.4616,0.907636,1.26596,-7.68627,-0.131541,-1.64186,0.751863,-0.0196828,-0.674601,-1.21407,-0.218622,1.14478,-1.18489,-0.0665976,1.75099,-0.00743758,1.76976,0.0047619,True,True
4.625,-0,0,-0.00246073,0.0230614,0.675763,-1.24747,-0.399747,1.45508,-15.3633,1.03533,-0.639432,-23.2014,-0.635585,-0.815645,0.513133,-0.0230614,-0.675763,-1.13361,-0,0,-0.216117,0.0230614,0.675763,-4.40303,-0.774156,0.399232,15.0273,0.913859,1.22236,-10.1978,-0.139704,-1.62159,0.730083,-0.0230614,-0.675763,-1.54735,-0.342194,1.01331,-1.16999,-0.0521514,1.75324,-0.00874214,1.78286,-0.00714286,True,True
4.63,-0,0,0.180751,0.0264405,0.674776,-1.98635,-0.392452,1.46165,-14.6617,1.03206,-0.667564,-20.0544,-0.639612,-0.79409,0.349377,-0.0264405,-0.674776,-1.08066,-0,0,-0.750111,0.0264405,0.674776,-6.96994,-0.772103,0.421099,15.0951,0.91986,1.1774,-13.0396,-0.147757,-1.5985,0.67645,-0.0264405,-0.674776,-1.91946,-0.421098,0.872275,-1.15218,-0.0383091,1.75547,-0.0100462,1.79595,-0.0190476,True,True
4.635,-0,0,0.326482,0.0298092,0.671628,-2.28031,-0.385131,1.46504,-13.4707,1.02866,-0.693959,-16.6645,-0.643526,-0.771076,0.209233,-0.0298092,-0.671628,-0.980252,-0,0,-1.38693,0.0298092,0.671628,-9.97529,-0.769945,0.441314,14.6652,0.925633,1.13135,-16.2054,-0.155689,-1.57267,0.582037,-0.0298092,-0.671628,-2.31928,-0.45522,0.718706,-1.13158,-0.0251686,1.75769,-0.0113457,1.80905,-0.0309524,True,True
4.64,-0,0,0.433753,0.0331568,0.666303,-2.13317,-0.377801,1.46511,-11.8089,1.02512,-0.718341,-13.0647,-0.647322,-0.746767,0.0914084,-0.0331568,-0.666303,-0.831784,-0,0,-2.11632,0.0331568,0.666303,-13.3878,-0.76769,0.459703,13.7447,0.931174,1.0845,-19.6743,-0.163484,-1.5442,0.429773,-0.0331568,-0.666303,-2.72272,-0.444863,0.551519,-1.1083,-0.0128418,1.75987,-0.0126364,1.82214,-0.0428571,True,True
4.645,-0,0,0.501444,0.0364722,0.658794,-1.56686,-0.37048,1.46181,-9.72684,1.02147,-0.740459,-9.32532,-0.650994,-0.721355,-0.00339751,-0.0364722,-0.658794,-0.63978,-0,0,-2.91337,0.0364722,0.658794,-17.1276,-0.765348,0.476116,12.3622,0.936478,1.03717,-23.3935,-0.171131,-1.51328,0.189613,-0.0364722,-0.658794,-3.08267,-0.392137,0.374005,-1.08248,-0.00145881,1.76204,-0.0139142,1.83524,-0.0547619,True,True
4.65,-0,0,0.528679,0.0397447,0.649109,-0.644104,-0.363183,1.45521,-7.33916,1.01772,-0.760122,-5.58448,-0.654536,-0.695086,-0.0715917,-0.0397447,-0.649109,-0.418863,-0,0,-3.72554,0.0397447,0.649109,-21.0246,-0.762929,0.49045,10.5946,0.941545,0.989722,-27.2502,-0.178617,-1.48017,-0.18809,-0.0397447,-0.649109,-3.314,-0.303431,0.19738,-1.0543,0.00882627,1.76417,-0.0151749,1.84833,-0.0666667,True,True
4.655,-0,0,0.51629,0.0429633,0.637301,0.496782,-0.355928,1.44555,-4.8754,1.01387,-0.777259,-2.09264,-0.657945,-0.668289,-0.107002,-0.0429633,-0.637301,-0.199517,-0,0,-4.45459,0.0429633,0.637301,-24.7564,-0.760443,0.50269,8.60965,0.946375,0.942649,-31.0254,-0.185932,-1.44534,-0.777044,-0.0429633,-0.637301,-3.27698,-0.193229,0.0439698,-1.02405,0.0178294,1.76626,-0.0164143,1.86143,-0.0785714,True,True
4.66,-0,0,0.459319,0.0461177,0.623503,1.66831,-0.348728,1.43338,-2.98273,1.00995,-0.791936,0.937076,-0.661219,-0.641444,-0.108822,-0.0461177,-0.623503,-0.0305613,-0,0,-4.84223,0.0461177,0.623502,-28.1142,-0.757902,0.512957,7.07617,0.950972,0.896584,-34.225,-0.19307,-1.40954,-1.43395,-0.0461177,-0.623502,-3.03391,-0.0910069,-0.0567945,-0.992192,0.0253188,1.76831,-0.0176285,1.87452,-0.0904762,True,True
4.665,-0,0,0.303014,0.0491984,0.608176,2.80633,-0.341594,1.40953,-2.93233,1.00595,-0.790102,3.5946,-0.664359,-0.619432,-0.131387,-0.0491984,-0.608176,0.0789301,-0,0,-4.36821,0.0491983,0.607992,-31.5249,-0.755314,0.521213,7.51831,0.955341,0.851618,-35.996,-0.200028,-1.37283,-1.47107,-0.0491983,-0.607992,-3.2373,-0.0386577,-0.136845,-0.962625,0.0279967,1.77033,-0.0188139,1.885,-0.1,False,True
4.67,-0,0,0.152913,0.0521995,0.592346,3.02577,-0.334632,1.34465,-6.65781,1.00205,-0.729059,3.97648,-0.667413,-0.615591,-0.267821,-0.0521995,-0.592346,0.079195,-0,0,-2.73042,0.0521976,0.591206,-32.5809,-0.75269,0.526782,11.9883,0.959488,0.806487,-33.2056,-0.206798,-1.33327,1.31782,-0.0521976,-0.591206,-2.40833,-0.128782,-0.231375,-0.9458,0.0166197,1.7723,-0.0199676,1.885,-0.1,False,True
4.675,-0,0,-0.04811,0.0551218,0.576922,3.24952,-0.328147,1.22084,-10.9283,0.998663,-0.583027,4.3523,-0.670515,-0.637817,-0.419553,-0.0551218,-0.576922,0.0762466,-0,0,-0.70391,0.0551104,0.573582,-33.8455,-0.750046,0.529285,16.9446,0.963406,0.76067,-30.3596,-0.21336,-1.28996,3.63991,-0.0551104,-0.573582,-2.23129,-0.230896,-0.335051,-0.94804,-0.0140615,1.77424,-0.0210875,1.885,-0.1,False,True
4.68,-0,0,-0.256429,0.0579687,0.56225,3.44898,-0.322424,1.04491,-14.7015,0.996215,-0.362077,4.61393,-0.673791,-0.682838,-0.547652,-0.0579687,-0.56225,0.0720433,-0,0,1.24711,0.0579334,0.55543,-34.9177,-0.747397,0.529079,21.1613,0.967095,0.7151,-28.1245,-0.219698,-1.24418,5.02631,-0.0579334,-0.55543,-2.21132,-0.318024,-0.422115,-0.967129,-0.0613109,1.77614,-0.0221726,1.885,-0.1,False,True
4.685,-0,0,-0.45876,0.0607443,0.548481,3.62109,-0.317698,0.826229,-17.8725,0.995042,-0.0805766,4.76114,-0.677343,-0.745652,-0.64717,-0.0607443,-0.548481,0.0673377,-0,0,3.00331,0.0606647,0.536965,-35.77,-0.744755,0.526542,24.5921,0.970557,0.670538,-26.4125,-0.225802,-1.19708,5.78278,-0.0606647,-0.536965,-2.23363,-0.386495,-0.48948,-0.999466,-0.121236,1.77802,-0.0232221,1.885,-0.1,False,True
4.69,-0,0,-0.647926,0.0634535,0.535664,3.76566,-0.314162,0.573613,-20.4593,0.995409,0.247389,4.80575,-0.681248,-0.821002,-0.717912,-0.0634535,-0.535664,0.0625512,-0,0,4.51614,0.0633031,0.518341,-36.4262,-0.742131,0.521986,27.3141,0.9738,0.627465,-25.1046,-0.231669,-1.14945,6.17523,-0.0633031,-0.518341,-2.2641,-0.435978,-0.53714,-1.04121,-0.189815,1.77987,-0.0242355,1.885,-0.1,False,True
4.695,-0,0,-0.818448,0.066101,0.523783,3.8824,-0.311962,0.295423,-22.4845,0.997516,0.608079,4.75862,-0.685553,-0.903502,-0.760241,-0.066101,-0.523783,0.0579851,-0,0,5.76017,0.0658481,0.499671,-36.9107,-0.739535,0.515682,29.3847,0.976832,0.586191,-24.1329,-0.237297,-1.10187,6.35659,-0.0658481,-0.499671,-2.28758,-0.466579,-0.565403,-1.08839,-0.262978,1.7817,-0.0252128,1.885,-0.1,False,True
4.7,-0,0,-0.966355,0.0686913,0.512768,3.97107,-0.311207,-0.000471361,-23.9777,1.00149,0.988271,4.63012,-0.690283,-0.9878,-0.775155,-0.0686913,-0.512768,0.0538573,-0,0,6.72702,0.0682998,0.481044,-37.2463,-0.736974,0.50788,30.8536,0.979662,0.546916,-23.456,-0.242687,-1.0548,6.41244,-0.0682998,-0.481044,-2.29873,-0.478852,-0.574953,-1.13707,-0.336714,1.78352,-0.0261539,1.885,-0.1,False,True
4.705,-0,0,-1.08907,0.0712286,0.502515,4.03168,-0.311967,-0.306757,-24.9759,1.0074,1.3755,4.43041,-0.695431,-1.06874,-0.764297,-0.0712286,-0.502515,0.0503247,-0,0,7.42107,0.0706586,0.462525,-37.4531,-0.734456,0.498813,31.7705,0.982301,0.509768,-23.0439,-0.247845,-1.00858,6.39063,-0.0706586,-0.462525,-2.29695,-0.473795,-0.566883,-1.18346,-0.407194,1.78532,-0.027059,1.885,-0.1,False,True
4.71,-0,0,-1.18533,0.0737165,0.492893,4.06451,-0.314275,-0.616778,-25.5232,1.01525,1.75833,4.16954,-0.70097,-1.14155,-0.729907,-0.0737165,-0.492893,0.047498,-0,0,7.85627,0.072925,0.444163,-37.548,-0.731986,0.488702,32.1878,0.98476,0.47482,-22.869,-0.252773,-0.963521,6.31877,-0.072925,-0.444163,-2.28357,-0.452813,-0.542671,-1.22407,-0.470893,1.78712,-0.0279284,1.885,-0.1,False,True
4.715,-0,0,-1.25499,0.0761576,0.483753,4.07014,-0.318135,-0.924626,-25.6694,1.02498,2.12657,3.85741,-0.706847,-1.20194,-0.674716,-0.0761576,-0.483753,0.0454519,-0,0,8.05352,0.0751002,0.426001,-37.5446,-0.729569,0.477752,32.162,0.987049,0.442104,-22.9028,-0.25748,-0.919856,6.21382,-0.0751002,-0.426001,-2.26044,-0.417639,-0.50412,-1.25581,-0.524696,1.7889,-0.0287627,1.885,-0.1,False,True
4.72,-0,0,-1.29891,0.078554,0.474935,4.04945,-0.323521,-1.2252,-25.4672,1.03651,2.47147,3.50371,-0.71299,-1.24627,-0.601801,-0.078554,-0.474935,0.0442319,-0,0,8.03826,0.0771851,0.408068,-37.4533,-0.727209,0.466157,31.7512,0.989181,0.41162,-23.1148,-0.261972,-0.877777,6.08712,-0.0771851,-0.408068,-2.22924,-0.370244,-0.453271,-1.27607,-0.565979,1.79068,-0.0295623,1.885,-0.1,False,True
4.725,-0,0,-1.31869,0.0809069,0.466273,4.00365,-0.330387,-1.51425,-24.9695,1.0497,2.78581,3.1177,-0.71931,-1.27157,-0.514426,-0.0809069,-0.466273,0.0438596,-0,0,7.83829,0.0791809,0.390391,-37.2826,-0.724908,0.454092,31.0138,0.991165,0.383341,-23.474,-0.266258,-0.837433,5.94666,-0.0791809,-0.390391,-2.19136,-0.31273,-0.392305,-1.28281,-0.592663,1.79245,-0.0303277,1.885,-0.1,False,True
4.73,-0,0,-1.31642,0.0832167,0.457598,3.93428,-0.338664,-1.78831,-24.227,1.06437,3.06391,2.70812,-0.725705,-1.2756,-0.41588,-0.0832167,-0.457598,0.044336,-0,0,7.48183,0.081089,0.372994,-37.0387,-0.722668,0.441717,30.0053,0.993014,0.357216,-23.9501,-0.270346,-0.798933,5.79797,-0.081089,-0.372994,-2.14786,-0.247236,-0.323437,-1.27451,-0.603224,1.79421,-0.0310597,1.885,-0.1,False,True
4.735,-0,0,-1.29448,0.0854829,0.448743,3.84316,-0.34827,-2.04471,-23.2859,1.08034,3.30154,2.28304,-0.732066,-1.25683,-0.309353,-0.0854829,-0.448743,0.0456438,-0,0,6.99599,0.0829108,0.355896,-36.7271,-0.720491,0.429176,28.7762,0.994737,0.333176,-24.5153,-0.274247,-0.762352,5.64449,-0.0829108,-0.355896,-2.09962,-0.175849,-0.248836,-1.2502,-0.596685,1.79597,-0.0317589,1.885,-0.1,False,True
4.74,-0,0,-1.25529,0.0877042,0.439547,3.73241,-0.359111,-2.28143,-22.1865,1.09738,3.49585,1.84984,-0.738274,-1.21442,-0.19783,-0.0877042,-0.439547,0.0477496,-0,0,6.40557,0.0846479,0.339117,-36.3521,-0.718376,0.416597,27.3709,0.996346,0.311141,-25.1453,-0.27797,-0.727738,5.48777,-0.0846479,-0.339117,-2.0474,-0.100546,-0.170559,-1.20942,-0.572576,1.79772,-0.0324261,1.885,-0.1,False,True
4.745,-0,0,-1.20113,0.0898784,0.429857,3.60444,-0.371084,-2.49704,-20.9622,1.11529,3.64519,1.41519,-0.74421,-1.14814,-0.0840349,-0.0898784,-0.429857,0.0506044,-0,0,5.7324,0.086302,0.322675,-35.918,-0.716325,0.404092,25.8266,0.997849,0.291019,-25.8204,-0.281524,-0.695111,5.32783,-0.086302,-0.322675,-1.99191,-0.0231575,-0.0905102,-1.15215,-0.530886,1.79947,-0.0330622,1.885,-0.1,False,True
4.75,-0,0,-1.13405,0.0920027,0.41953,3.46189,-0.384081,-2.69057,-19.6398,1.13384,3.74888,0.985096,-0.749755,-1.05831,0.0295982,-0.0920027,-0.41953,0.0541448,-0,0,4.99496,0.0878747,0.306591,-35.4291,-0.714335,0.391763,24.1734,0.999256,0.272712,-26.5248,-0.284921,-0.664475,5.16353,-0.0878747,-0.306591,-1.93382,0.054654,-0.010417,-1.07872,-0.471997,1.8012,-0.0336679,1.885,-0.1,False,True
4.755,-0,0,-1.0558,0.0940737,0.40844,3.30761,-0.39799,-2.8614,-18.2397,1.15278,3.80713,0.565006,-0.754793,-0.945733,0.140929,-0.0940737,-0.40844,0.0582928,-0,0,4.20838,0.0893679,0.290882,-34.8895,-0.712407,0.379695,22.4346,1.00058,0.25612,-27.247,-0.288169,-0.635816,4.99301,-0.0893679,-0.290882,-1.87382,0.131393,0.0681708,-0.989789,-0.396627,1.80293,-0.0342443,1.885,-0.1,False,True
4.76,-0,0,-0.967714,0.0960871,0.396474,3.14461,-0.412695,-3.00916,-16.7766,1.17191,3.82079,0.159876,-0.759212,-0.811625,0.248093,-0.0960871,-0.396474,0.062957,-0,0,3.38477,0.0907835,0.275569,-34.304,-0.710538,0.367967,20.6282,1.00182,0.24114,-27.9789,-0.291279,-0.609107,4.81417,-0.0907835,-0.275569,-1.81253,0.205725,0.143877,-0.886258,-0.305772,1.80464,-0.0347922,1.885,-0.1,False,True
4.765,-0,0,-0.87082,0.0980384,0.383542,2.97604,-0.428081,-3.13367,-15.261,1.19099,3.79123,-0.225714,-0.762909,-0.657555,0.34948,-0.0980384,-0.383542,0.0680324,-0,0,2.53353,0.0921236,0.260673,-33.6772,-0.708727,0.356644,18.7672,1.00299,0.227669,-28.715,-0.29426,-0.584313,4.62502,-0.0921236,-0.260673,-1.75054,0.276462,0.215489,-0.76921,-0.20065,1.80635,-0.0353126,1.885,-0.1,False,True
4.77,-0,0,-0.765799,0.0999225,0.369572,2.80507,-0.444032,-3.23487,-13.7001,1.20982,3.72025,-0.587468,-0.765788,-0.485382,0.443706,-0.0999225,-0.369572,0.0734021,-0,0,1.66197,0.0933902,0.246215,-33.0144,-0.706972,0.345783,16.8616,1.00409,0.215605,-29.4518,-0.297122,-0.561389,4.42402,-0.0933902,-0.246215,-1.68838,0.342553,0.281945,-0.639871,-0.0826578,1.80803,-0.0358064,1.885,-0.1,False,True
4.775,-0,0,-0.653069,0.101734,0.354521,2.63487,-0.46043,-3.31274,-12.0987,1.22819,3.60995,-0.921297,-0.767763,-0.297213,0.529591,-0.101734,-0.354521,0.0789384,-0,0,0.775781,0.0945857,0.232215,-32.3209,-0.705269,0.335435,14.9192,1.00514,0.204847,-30.1872,-0.299874,-0.540282,4.21022,-0.0945857,-0.232215,-1.62652,0.403072,0.342326,-0.499567,0.0466659,1.80971,-0.0362748,1.885,-0.1,False,True
4.78,-0,0,-0.532857,0.103468,0.338367,2.46854,-0.477159,-3.36732,-10.4607,1.24592,3.46267,-1.22327,-0.76876,-0.0953509,0.606139,-0.103468,-0.338367,0.0845057,-0,0,-0.120411,0.0957124,0.218694,-31.6028,-0.703617,0.325638,12.9466,1.00614,0.195297,-30.9198,-0.302525,-0.520935,3.98343,-0.0957124,-0.218694,-1.5654,0.457216,0.395855,-0.349702,0.185672,1.81137,-0.0367186,1.885,-0.1,False,True
4.785,-0,0,-0.405276,0.105118,0.32112,2.30901,-0.494103,-3.39866,-8.78983,1.26282,3.28093,-1.48956,-0.768717,0.117738,0.672531,-0.105118,-0.32112,0.0899629,-0,0,-1.02256,0.0967727,0.205673,-30.8662,-0.702013,0.316424,10.9503,1.0071,0.186855,-31.6482,-0.305083,-0.50328,3.7442,-0.0967727,-0.205673,-1.5054,0.504305,0.441888,-0.191731,0.332627,1.81301,-0.037139,1.885,-0.1,False,True
4.79,-0,0,-0.270421,0.106679,0.302814,2.15901,-0.511146,-3.40686,-7.09054,1.27873,3.06739,-1.71647,-0.767583,0.339467,0.728115,-0.106679,-0.302814,0.0951676,-0,0,-1.92681,0.0977691,0.193172,-30.1181,-0.700453,0.307817,8.93769,1.00801,0.179428,-32.3714,-0.307558,-0.487245,3.49386,-0.0977691,-0.193172,-1.44687,0.543786,0.479929,-0.0271531,0.485735,1.81463,-0.0375369,1.885,-0.1,False,True
4.795,-0,0,-0.128457,0.108146,0.283515,2.021,-0.528172,-3.39203,-5.36858,1.29349,2.82486,-1.90039,-0.765322,0.567168,0.772415,-0.108146,-0.283515,0.0999802,-0,0,-2.82915,0.0987044,0.181206,-29.3658,-0.698935,0.299831,6.91707,1.00889,0.17292,-33.0879,-0.309956,-0.472751,3.23443,-0.0987044,-0.181206,-1.39019,0.575243,0.509626,0.142502,0.643158,1.81623,-0.0379134,1.885,-0.1,False,True
4.8,-0,0,0.0203038,0.109514,0.263313,1.89711,-0.545066,-3.35437,-3.6315,1.30698,2.55624,-2.03788,-0.761911,0.798129,0.805126,-0.109514,-0.263313,0.104268,-0,0,-3.72523,0.0995812,0.16979,-28.6174,-0.697455,0.29247,4.89853,1.00974,0.167242,-33.7961,-0.312285,-0.459712,2.96855,-0.0995812,-0.16979,-1.33571,0.598403,0.530784,0.315675,0.803036,1.8178,-0.0382694,1.885,-0.1,False,True
4.805,-0,0,0.175325,0.110779,0.242324,1.7891,-0.561716,-3.29417,-1.88896,1.31906,2.26453,-2.12568,-0.757341,1.02963,0.826126,-0.110779,-0.242324,0.107913,-0,0,-4.61016,0.100402,0.158934,-27.8816,-0.69601,0.285732,2.89391,1.01056,0.162303,-34.4938,-0.314553,-0.448034,2.69934,-0.100402,-0.158934,-1.28384,0.613143,0.543364,0.490789,0.963505,1.81935,-0.038606,1.885,-0.1,False,True
4.81,-0,0,0.335796,0.111937,0.220686,1.69838,-0.578008,-3.21183,-0.152864,1.32962,1.95283,-2.16083,-0.751615,1.25901,0.835476,-0.111937,-0.220686,0.11081,-0,0,-5.47856,0.101171,0.148643,-27.1679,-0.694598,0.279603,0.916874,1.01136,0.158018,-35.179,-0.316766,-0.437621,2.43034,-0.101171,-0.148643,-1.23499,0.619495,0.547488,0.666248,1.12272,1.82088,-0.038924,1.885,-0.1,False,True
4.815,-0,0,0.500603,0.112986,0.198557,1.62595,-0.593834,-3.10795,1.56274,1.33858,1.6243,-2.14071,-0.744751,1.48365,0.833417,-0.112986,-0.198557,0.112879,-0,0,-6.3245,0.101889,0.138914,-26.4862,-0.693214,0.274064,-1.0173,1.01214,0.154305,-35.8492,-0.318929,-0.428368,2.16531,-0.101889,-0.138914,-1.1896,0.617645,0.543431,0.840447,1.27889,1.82237,-0.0392244,1.885,-0.1,False,True
4.82,-0,0,0.668321,0.113923,0.176105,1.57248,-0.609087,-2.9833,3.24186,1.34587,1.28222,-2.06317,-0.736778,1.70108,0.820369,-0.113923,-0.176105,0.114061,-0,0,-7.1417,0.10256,0.12974,-25.8472,-0.691857,0.269083,-2.89197,1.01291,0.151086,-36.5021,-0.321049,-0.420169,1.90813,-0.10256,-0.12974,-1.14813,0.607921,0.53161,1.01179,1.43026,1.82384,-0.039508,1.885,-0.1,False,True
4.825,-0,0,0.837233,0.114747,0.153511,1.53826,-0.623667,-2.83887,4.86689,1.35141,0.929887,-1.9266,-0.72774,1.90898,0.796909,-0.114747,-0.153511,0.114324,-0,0,-7.92361,0.103186,0.121102,-25.2617,-0.690523,0.264625,-4.68962,1.01365,0.14829,-37.1355,-0.323131,-0.412915,1.66265,-0.103186,-0.121102,-1.11103,0.590785,0.512566,1.17868,1.57519,1.82528,-0.0397755,1.885,-0.1,False,True
4.83,-0,0,1.00538,0.115458,0.130958,1.52331,-0.637476,-2.67592,6.41912,1.35516,0.570684,-1.7301,-0.717688,2.10524,0.763755,-0.115458,-0.130958,0.113664,-0,0,-8.66363,0.103771,0.112973,-24.7406,-0.689211,0.260645,-6.3923,1.01439,0.145851,-37.7474,-0.325178,-0.406496,1.43254,-0.103771,-0.112973,-1.07872,0.566806,0.486943,1.33959,1.71214,1.82668,-0.0400278,1.885,-0.1,False,True
4.835,-0,0,1.17062,0.116057,0.108626,1.52737,-0.650426,-2.49596,7.87929,1.35711,0.208017,-1.47354,-0.706687,2.28794,0.721735,-0.116057,-0.108626,0.112101,-0,0,-9.35529,0.104316,0.105318,-24.2949,-0.687917,0.257094,-7.98217,1.01511,0.143712,-38.3361,-0.327196,-0.400807,1.2212,-0.104316,-0.105318,-1.05158,0.53664,0.455455,1.49301,1.8397,1.82805,-0.0402653,1.885,-0.1,False,True
4.84,-0,0,1.33071,0.116544,0.0866905,1.54998,-0.662436,-2.30073,9.22815,1.35724,-0.154687,-1.15763,-0.694809,2.45542,0.671756,-0.116544,-0.0866905,0.109682,-0,0,-9.99245,0.104824,0.0980892,-23.9346,-0.68664,0.25392,-9.44206,1.01583,0.141824,-38.8999,-0.329186,-0.395744,1.03164,-0.104824,-0.0980892,-1.0299,0.500997,0.418855,1.63753,1.95662,1.82939,-0.0404887,1.885,-0.1,False,True
4.845,-0,0,1.48339,0.116923,0.065314,1.59054,-0.673433,-2.09227,10.4471,1.35557,-0.513999,-0.784051,-0.682133,2.60627,0.614765,-0.116923,-0.065314,0.106474,-0,0,-10.5694,0.105297,0.0912321,-23.6692,-0.685378,0.251066,-10.7559,1.01653,0.140144,-39.4377,-0.331153,-0.39121,0.8664,-0.105297,-0.0912321,-1.01391,0.460613,0.37791,1.77183,2.06177,1.83069,-0.0406983,1.885,-0.1,False,True
4.85,-0,0,1.62647,0.117197,0.0446446,1.64828,-0.683358,-1.87282,11.5188,1.3521,-0.866513,-0.355444,-0.668746,2.73933,0.551712,-0.117197,-0.0446446,0.102562,-0,0,-11.0809,0.105736,0.0846823,-23.5068,-0.684129,0.248474,-11.9091,1.01723,0.138642,-39.9482,-0.333099,-0.387116,0.727492,-0.105736,-0.0846823,-1.00375,0.416219,0.33336,1.89469,2.15423,1.83195,-0.0408946,1.885,-0.1,False,True
4.855,-0,0,1.75791,0.11737,0.0248118,1.72239,-0.692162,-1.64483,12.4274,1.3469,-1.20886,0.124553,-0.65474,2.85368,0.483516,-0.11737,-0.0248118,0.0980445,-0,0,-11.5224,0.106144,0.0783678,-23.4538,-0.682893,0.246086,-12.889,1.01792,0.137295,-40.4302,-0.335024,-0.383381,0.616381,-0.106144,-0.0783678,-0.999436,0.368516,0.2859,2.00505,2.23322,1.83317,-0.0410776,1.885,-0.1,False,True
4.86,-0,0,1.87588,0.117446,0.00592449,1.81194,-0.699807,-1.41092,13.1594,1.34002,-1.53773,0.651331,-0.64021,2.94865,0.411036,-0.117446,-0.00592449,0.09303,-0,0,-11.8898,0.10652,0.0722104,-23.5149,-0.681668,0.243845,-13.6848,1.0186,0.136086,-40.8823,-0.336932,-0.379931,0.533975,-0.10652,-0.0722104,-1.00093,0.318152,0.236156,2.10194,2.29811,1.83435,-0.0412475,1.885,-0.1,False,True
4.865,-0,0,1.9788,0.117429,-0.0119302,1.91598,-0.706271,-1.17387,13.7035,1.33152,-1.84988,1.21936,-0.625253,3.02375,0.335044,-0.117429,0.0119302,0.0876311,-0,0,-12.1798,0.106866,0.0661273,-23.6927,-0.680454,0.241695,-14.2879,1.01928,0.135008,-41.3026,-0.338824,-0.376704,0.480656,-0.106866,-0.0661273,-1.0081,0.265705,0.184669,2.18457,2.34842,1.83549,-0.0414043,1.885,-0.1,False,True
4.87,-0,0,2.06537,0.117326,-0.0286879,2.03348,-0.711545,-0.936516,14.0509,1.32152,-2.14217,1.82229,-0.609972,3.07869,0.256214,-0.117326,0.0286879,0.0819613,-0,0,-12.3893,0.107181,0.0600329,-23.9878,-0.679251,0.239582,-14.6919,1.01995,0.134061,-41.689,-0.340699,-0.373644,0.456333,-0.107181,-0.0600329,-1.02079,0.211677,0.131891,2.25226,2.38382,1.83659,-0.0415477,1.885,-0.1,False,True
4.875,-0,0,2.13457,0.117142,-0.0443062,2.16334,-0.715636,-0.701753,14.1958,1.3101,-2.41157,2.45301,-0.594467,3.11332,0.175117,-0.117142,0.0443062,0.0761317,-0,0,-12.5158,0.107466,0.0538411,-24.3981,-0.678059,0.237455,-14.8923,1.02062,0.133248,-42.0386,-0.34256,-0.370703,0.46053,-0.107466,-0.0538411,-1.03881,0.156485,0.078181,2.30447,2.40406,1.83765,-0.0416776,1.885,-0.1,False,True
4.88,-0,0,2.1857,0.116883,-0.0587644,2.30438,-0.718563,-0.472473,14.1346,1.2974,-2.65515,3.10385,-0.578839,3.12762,0.0922215,-0.116883,0.0587644,0.0702478,-0,0,-12.5573,0.10772,0.0474666,-24.9195,-0.676877,0.235265,-14.8869,1.02128,0.132575,-42.3482,-0.344406,-0.36784,0.492503,-0.10772,-0.0474666,-1.06198,0.100472,0.0238181,2.34079,2.409,1.83866,-0.0417934,1.885,-0.1,False,True
4.885,-0,0,2.21832,0.116555,-0.0720618,2.45532,-0.720361,-0.251528,13.8667,1.28355,-2.87014,3.76665,-0.56319,3.12166,0.00791431,-0.116555,0.0720618,0.0644077,-0,0,-12.5121,0.107941,0.0408275,-25.5456,-0.675706,0.232964,-14.6752,1.02194,0.132052,-42.6134,-0.346239,-0.365016,0.551369,-0.107941,-0.0408275,-1.09013,0.0439143,-0.0309892,2.3609,2.39858,1.83964,-0.0418946,1.885,-0.1,False,True
4.89,-0,0,2.23223,0.116163,-0.0842162,2.61475,-0.721078,-0.0416827,13.3941,1.2687,-3.0539,4.43291,-0.547622,3.09558,-0.0774798,-0.116163,0.0842162,0.0587006,-0,0,-12.3791,0.108128,0.0338467,-26.2679,-0.674547,0.230509,-14.2587,1.0226,0.131687,-42.8296,-0.348057,-0.362196,0.636258,-0.108128,-0.0338467,-1.12315,-0.0129621,-0.0860809,2.3646,2.37278,1.84057,-0.0419805,1.885,-0.1,False,True
4.895,-0,0,2.22752,0.115712,-0.0952619,2.78109,-0.720778,0.154423,12.7213,1.25301,-3.20399,5.09395,-0.532234,3.04957,-0.163665,-0.115712,0.0952619,0.053206,-0,0,-12.1577,0.108279,0.0264537,-27.0759,-0.673401,0.227856,-13.6411,1.02326,0.131489,-42.9916,-0.34986,-0.359345,0.746439,-0.108279,-0.0264537,-1.161,-0.069958,-0.141322,2.35178,2.33165,1.84146,-0.0420505,1.885,-0.1,False,True
4.9,-0,0,2.20447,0.11521,-0.105248,2.95259,-0.719534,0.334314,11.8558,1.23666,-3.31819,5.74098,-0.517126,2.98388,-0.250333,-0.11521,0.105248,0.0479938,-0,0,-11.8482,0.108392,0.0185861,-27.9569,-0.672269,0.224963,-12.8282,1.02392,0.131463,-43.0937,-0.35165,-0.356427,0.881427,-0.108392,-0.0185861,-1.20363,-0.126876,-0.196572,2.32241,2.27527,1.84232,-0.0421037,1.885,-0.1,False,True
4.905,-0,0,2.16364,0.11466,-0.114237,3.12731,-0.717434,0.495721,10.8078,1.21983,-3.39452,6.3652,-0.502396,2.8988,-0.337123,-0.11466,0.114237,0.0431241,-0,0,-11.452,0.108465,0.010191,-28.897,-0.671151,0.221792,-11.828,1.02458,0.131612,-43.1303,-0.353425,-0.353404,1.04102,-0.108465,-0.010191,-1.25106,-0.183491,-0.251657,2.27656,2.20379,1.84313,-0.0421391,1.885,-0.1,False,True
4.91,-0,0,2.10581,0.114068,-0.122301,3.30309,-0.714577,0.636618,9.59065,1.20272,-3.43131,6.95785,-0.488138,2.7947,-0.42357,-0.114068,0.122301,0.0386483,-0,0,-10.9718,0.108494,0.00122577,-29.8802,-0.670051,0.218303,-10.6517,1.02523,0.131934,-43.0962,-0.355184,-0.350236,1.22524,-0.108494,-0.00122577,-1.30325,-0.239518,-0.306335,2.2144,2.11739,1.8439,-0.0421557,1.885,-0.1,False,True
4.915,-0,0,2.03204,0.113437,-0.129522,3.47753,-0.711068,0.755274,8.22105,1.18552,-3.42731,7.51027,-0.474449,2.67204,-0.509054,-0.113437,0.129522,0.0346098,-0,0,-10.4121,0.108477,-0.00834076,-30.8894,-0.668968,0.214458,-9.31368,1.0259,0.13242,-42.9867,-0.356927,-0.346879,1.4342,-0.108477,0.00834076,-1.3601,-0.294585,-0.360264,2.13623,2.01638,1.84464,-0.0421526,1.885,-0.1,False,True
4.92,-0,0,1.94369,0.112772,-0.135991,3.64802,-0.707024,0.850294,6.71951,1.16844,-3.38172,8.01384,-0.461418,2.53143,-0.592755,-0.112772,0.135991,0.0310456,-0,0,-9.77937,0.108411,-0.0185276,-31.906,-0.667906,0.210224,-7.83233,1.02656,0.133062,-42.7989,-0.358653,-0.343286,1.66784,-0.108411,0.0185276,-1.42132,-0.348192,-0.412969,2.0425,1.90114,1.84534,-0.0421287,1.885,-0.1,False,True
4.925,-0,0,1.8424,0.112077,-0.141803,3.81172,-0.702565,0.920682,5.11065,1.1517,-3.29433,8.45998,-0.449135,2.37364,-0.673605,-0.112077,0.141803,0.027987,-0,0,-9.08248,0.108292,-0.0293413,-32.9103,-0.666866,0.20557,-6.23044,1.02723,0.133841,-42.5316,-0.36036,-0.339411,1.92552,-0.108292,0.0293413,-1.48644,-0.399692,-0.463813,1.93383,1.77225,1.84601,-0.0420828,1.885,-0.1,False,True
4.93,-0,0,1.73019,0.111354,-0.147062,3.96556,-0.697817,0.965895,3.42338,1.1355,-3.16564,8.8401,-0.437682,2.19974,-0.750255,-0.111354,0.147062,0.0254617,-0,0,-8.33283,0.108117,-0.0407752,-33.8816,-0.66585,0.200471,-4.53577,1.0279,0.134738,-42.1859,-0.362047,-0.335209,2.20565,-0.108117,0.0407752,-1.55464,-0.448263,-0.511977,1.81111,1.63048,1.84665,-0.042014,1.885,-0.1,False,True
4.935,-0,0,1.60937,0.110606,-0.151875,4.1063,-0.692906,0.985907,1.69106,1.12004,-2.99699,9.14548,-0.427137,2.01108,-0.821048,-0.110606,0.151875,0.0234949,-0,0,-7.54444,0.107884,-0.0528097,-34.7983,-0.664861,0.194909,-2.78126,1.02857,0.135731,-41.7663,-0.363712,-0.33064,2.50522,-0.107884,0.0528097,-1.62477,-0.492892,-0.556445,1.67549,1.47686,1.84726,-0.0419211,1.885,-0.1,False,True
4.94,-0,0,1.48256,0.109836,-0.156353,4.23052,-0.687958,0.98127,-0.0487079,1.10553,-2.7907,9.36726,-0.417571,1.80943,-0.88402,-0.109836,0.156353,0.022111,-0,0,-6.73387,0.107589,-0.0654119,-35.6383,-0.663901,0.188876,-1.00496,1.02925,0.136793,-41.2801,-0.365353,-0.32567,2.81946,-0.107589,0.0654119,-1.69524,-0.532375,-0.595999,1.52846,1.31276,1.84784,-0.0418033,1.885,-0.1,False,True
4.945,-0,0,1.35264,0.109043,-0.160615,4.33467,-0.683094,0.953176,-1.75467,1.09214,-2.5502,9.49632,-0.409043,1.59703,-0.936916,-0.109043,0.160615,0.0213349,-0,0,-5.91987,0.10723,-0.0785359,-36.379,-0.662973,0.182378,0.750519,1.02994,0.1379,-40.7378,-0.366969,-0.320278,3.14165,-0.10723,0.0785359,-1.764,-0.565323,-0.629234,1.37194,1.1399,1.84839,-0.0416596,1.885,-0.1,False,True
4.95,-0,0,1.22261,0.108229,-0.164783,4.41513,-0.678426,0.903498,-3.38284,1.08003,-2.28014,9.52323,-0.401601,1.37664,-0.977232,-0.108229,0.164783,0.0211936,-0,0,-5.12279,0.106804,-0.092123,-36.9978,-0.662077,0.175434,2.43904,1.03063,0.139025,-40.1527,-0.368556,-0.314459,3.4632,-0.106804,0.092123,-1.82857,-0.59019,-0.654583,1.20826,0.960466,1.84892,-0.0414892,1.885,-0.1,False,True
4.955,-0,0,1.09547,0.107395,-0.168986,4.46822,-0.674059,0.834822,-4.88795,1.06933,-1.98645,9.43828,-0.395276,1.15163,-1.00228,-0.107395,0.168986,0.021717,-0,0,-4.36379,0.106309,-0.106102,-37.4721,-0.661218,0.16808,4.01252,1.03133,0.140145,-39.54,-0.370113,-0.308225,3.77386,-0.106309,0.106102,-1.88596,-0.605312,-0.670358,1.04023,0.777084,1.84943,-0.0412914,1.885,-0.1,False,True
4.96,-0,0,0.974083,0.10654,-0.173357,4.4903,-0.670078,0.750451,-6.22507,1.06016,-1.67643,9.23142,-0.390084,0.925978,-1.00929,-0.10654,0.173357,0.0229391,-0,0,-3.66381,0.105743,-0.120391,-37.78,-0.660397,0.160371,5.42285,1.03204,0.141237,-38.9157,-0.371638,-0.301609,4.06231,-0.105743,0.120391,-1.9327,-0.60896,-0.67481,0.871196,0.592883,1.84992,-0.0410657,1.885,-0.1,False,True
4.965,-0,0,0.860981,0.105662,-0.178039,4.47776,-0.666554,0.654378,-7.35158,1.05257,-1.35866,8.89227,-0.386017,0.704284,-0.995494,-0.105662,0.178039,0.0248983,-0,0,-3.04242,0.105105,-0.134896,-37.8998,-0.659614,0.15238,6.62409,1.03274,0.142282,-38.2952,-0.373129,-0.294663,4.31655,-0.105105,0.134896,-1.96478,-0.599402,-0.666185,0.704961,0.411481,1.85039,-0.0408116,1.885,-0.1,False,True
4.97,-0,0,0.758213,0.104759,-0.183182,4.42716,-0.663534,0.551238,-8.2288,1.04658,-1.043,8.41017,-0.383041,0.49176,-0.958221,-0.104759,0.183182,0.0276374,-0,0,-2.51677,0.104394,-0.149514,-37.8109,-0.658873,0.144197,7.57441,1.03346,0.143263,-37.6924,-0.374585,-0.28746,4.52406,-0.104394,0.149514,-1.97757,-0.574961,-0.642788,0.545828,0.23697,1.85085,-0.040529,1.885,-0.1,False,True
4.975,-0,0,0.66723,0.10383,-0.188945,4.3352,-0.661042,0.446231,-8.8234,1.04214,-0.740412,7.77415,-0.381099,0.294181,-0.894996,-0.10383,0.188945,0.031202,-0,0,-2.10047,0.10361,-0.164133,-37.4933,-0.658173,0.135927,8.23739,1.03418,0.144165,-37.1195,-0.376004,-0.280092,4.67108,-0.10361,0.164133,-1.96563,-0.534066,-0.603033,0.398533,0.0738812,1.85129,-0.0402178,1.885,-0.1,False,True
4.98,-0,0,0.588827,0.10287,-0.195496,4.1988,-0.659072,0.34503,-9.10786,1.03917,-0.462858,6.97283,-0.3801,0.117828,-0.803577,-0.10287,0.195496,0.0356385,-0,0,-1.80281,0.102753,-0.178632,-36.9275,-0.657514,0.127692,8.58218,1.0349,0.144977,-36.587,-0.377386,-0.272669,4.7402,-0.102753,0.178632,-1.9225,-0.475283,-0.545472,0.268192,-0.0728728,1.85171,-0.0398781,1.885,-0.1,False,True
4.985,-0,0,0.523152,0.101875,-0.203012,4.01515,-0.657591,0.253695,-9.06007,1.03751,-0.223114,5.99437,-0.379921,-0.0305813,-0.681963,-0.101875,0.203012,0.04099,-0,0,-1.62809,0.101823,-0.192884,-36.0941,-0.656896,0.119629,8.58205,1.03563,0.145692,-36.1072,-0.378731,-0.26532,4.70534,-0.101823,0.192884,-1.84043,-0.39732,-0.4688,0.160246,-0.19805,1.85213,-0.0395104,1.885,-0.1,False,True
4.99,-0,0,0.469782,0.10084,-0.211677,3.78164,-0.656535,0.178606,-8.66158,1.03694,-0.0346483,4.8262,-0.380405,-0.143958,-0.528361,-0.10084,0.211677,0.0472865,-0,0,-1.57499,0.100824,-0.206755,-34.9733,-0.656317,0.111891,8.2108,1.03636,0.146309,-35.6985,-0.380039,-0.258201,4.52289,-0.100824,0.206755,-1.71098,-0.299015,-0.371829,0.0803989,-0.296135,1.85253,-0.0391154,1.885,-0.1,False,True
4.995,-0,0,0.42767,0.099758,-0.22168,3.50907,-0.655805,0.126444,-7.95449,1.03717,0.0884424,3.52818,-0.38136,-0.214886,-0.351474,-0.099758,0.22168,0.0539551,-0,0,-1.62486,0.0997559,-0.220106,-33.6402,-0.655777,0.104666,7.5001,1.03709,0.146841,-35.3996,-0.381313,-0.251507,4.15968,-0.0997559,0.220106,-1.60866,-0.186031,-0.259894,0.0345754,-0.361377,1.85292,-0.0386939,1.885,-0.1,False,True
5,-0,0,0.38163,0.0986228,-0.23298,3.05481,-0.655271,0.100993,-7.16757,1.03782,0.139663,2.23789,-0.382554,-0.240656,-0.180308,-0.0986228,0.23298,0.0479221,-0,0,-1.6689,0.0986228,-0.232776,-31.9515,-0.655271,0.0981223,6.68192,1.03782,0.147285,-35.0368,-0.382554,-0.245408,3.72258,-0.0986228,0.232776,-1.52372,-0.0838093,-0.144629,0.0248281,-0.391609,1.8533,-0.038247,1.885,-0.1,True,True
5.005,-0,0,0.314911,0.0974282,-0.244581,2.29376,-0.654795,0.0921791,-6.5679,1.03856,0.147517,1.04596,-0.383767,-0.239696,-0.0464341,-0.0974282,0.244581,0.0184199,-0,0,-1.58749,0.0974282,-0.244581,-29.7398,-0.654795,0.0921791,6.04076,1.03856,0.147517,-34.3548,-0.383767,-0.239696,3.38464,-0.0974282,0.244581,-1.37583,-0.0180902,-0.0406407,0.0359978,-0.400743,1.85367,-0.0377763,1.88411,-0.0940476,True,True
5.01,-0,0,0.239438,0.096177,-0.255367,1.40316,-0.654349,0.0866581,-6.13299,1.0393,0.147391,-0.0889844,-0.384951,-0.234049,0.056974,-0.096177,0.255367,-0.0206885,-0,0,-1.41634,0.096177,-0.255367,-27.2713,-0.654349,0.0866581,5.55993,1.0393,0.147391,-33.4396,-0.384951,-0.234049,3.12661,-0.096177,0.255367,-1.20752,0.0233208,0.0487978,0.0500375,-0.405445,1.85402,-0.0372837,1.88321,-0.0880952,True,True
5.015,-0,0,0.169704,0.0948745,-0.265066,0.562227,-0.653929,0.081538,-5.72518,1.04004,0.14688,-1.25131,-0.386107,-0.228418,0.147203,-0.0948745,0.265066,-0.0547684,-0,0,-1.23339,0.0948745,-0.265066,-24.7927,-0.653929,0.081538,5.09845,1.04004,0.14688,-32.4633,-0.386107,-0.228418,2.85567,-0.0948745,0.265066,-1.03944,0.059549,0.126812,0.0630668,-0.409239,1.85437,-0.0367712,1.88232,-0.0821429,True,True
5.02,-0,0,0.109617,0.0935263,-0.273657,-0.176413,-0.653533,0.076834,-5.31996,1.04077,0.145997,-2.43925,-0.387235,-0.222831,0.223323,-0.0935263,0.273657,-0.0801866,-0,0,-1.06087,0.0935263,-0.273657,-22.3993,-0.653533,0.076834,4.63258,1.04077,0.145997,-31.4778,-0.387235,-0.222831,2.56513,-0.0935263,0.273657,-0.879023,0.0921038,0.190762,0.0750466,-0.412132,1.8547,-0.0362411,1.88143,-0.0761905,True,True
5.025,-0,0,0.0596277,0.0921379,-0.281141,-0.802507,-0.653161,0.0725492,-4.92208,1.0415,0.144763,-3.63927,-0.388336,-0.217312,0.282739,-0.0921379,0.281141,-0.096575,-0,0,-0.90245,0.0921379,-0.281141,-20.1211,-0.653161,0.0725492,4.16941,1.0415,0.144763,-30.4898,-0.388336,-0.217312,2.26948,-0.0921379,0.281141,-0.728359,0.119576,0.238742,0.0859618,-0.414141,1.85503,-0.0356955,1.88054,-0.0702381,True,True
5.03,-0,0,0.0192684,0.0907149,-0.287527,-1.31472,-0.652808,0.0686794,-4.53294,1.04222,0.143198,-4.84668,-0.389408,-0.211877,0.324557,-0.0907149,0.287527,-0.104019,-0,0,-0.759343,0.0907149,-0.287527,-17.966,-0.652808,0.0686794,3.71188,1.04222,0.143198,-29.4997,-0.389408,-0.211877,1.97734,-0.0907149,0.287527,-0.587898,0.141342,0.270215,0.0958083,-0.415286,1.85534,-0.0351366,1.87964,-0.0642857,True,True
5.035,-0,0,-0.0122631,0.0892627,-0.292823,-1.71491,-0.652474,0.0652168,-4.15228,1.04293,0.141324,-6.06141,-0.390454,-0.206541,0.348614,-0.0892627,0.292823,-0.102713,-0,0,-0.631496,0.0892627,-0.292823,-15.9321,-0.652474,0.0652168,3.26068,1.04293,0.141324,-28.5051,-0.390454,-0.206541,1.69356,-0.0892627,0.292823,-0.45738,0.157168,0.285182,0.104586,-0.415586,1.85565,-0.0345665,1.87875,-0.0583333,True,True
5.04,-0,0,-0.0358294,0.0877867,-0.297037,-2.00537,-0.652156,0.0621518,-3.77909,1.04363,0.139163,-7.28565,-0.391474,-0.201314,0.354987,-0.0877867,0.297037,-0.0928028,-0,0,-0.518338,0.0877867,-0.297037,-14.0141,-0.652156,0.0621518,2.81537,1.04363,0.139163,-27.5022,-0.391474,-0.201314,1.42082,-0.0877867,0.297037,-0.336307,0.166995,0.283777,0.112296,-0.415054,1.85595,-0.0339874,1.87786,-0.052381,True,True
5.045,-0,0,-0.0522405,0.0862923,-0.300174,-2.18762,-0.651852,0.0594738,-3.41224,1.04432,0.136733,-8.52224,-0.392468,-0.196207,0.343745,-0.0862923,0.300174,-0.0743417,-0,0,-0.419155,0.0862923,-0.300174,-12.2066,-0.651852,0.0594738,2.37515,1.04432,0.136733,-26.4876,-0.392468,-0.196207,1.16065,-0.0862923,0.300174,-0.224205,0.170811,0.266075,0.118934,-0.413701,1.85624,-0.0334014,1.87696,-0.0464286,True,True
5.05,-0,0,-0.0622266,0.0847849,-0.302232,-2.2621,-0.651561,0.0571721,-3.05086,1.045,0.134056,-9.77334,-0.393436,-0.191228,0.314876,-0.0847849,0.302232,-0.0473032,-0,0,-0.333275,0.0847849,-0.302232,-10.5062,-0.651561,0.0571721,1.93939,1.045,0.134056,-25.4584,-0.393436,-0.191228,0.914142,-0.0847849,0.302232,-0.120766,0.168602,0.232059,0.124497,-0.411533,1.85652,-0.0328105,1.87607,-0.0404762,True,True
5.055,-0,0,-0.0664592,0.08327,-0.303211,-2.22864,-0.651281,0.0552356,-2.69477,1.04566,0.13115,-11.0389,-0.39438,-0.186385,0.268369,-0.08327,0.303211,-0.0116646,-0,0,-0.260152,0.08327,-0.303211,-8.91288,-0.651281,0.0552356,1.50812,1.04566,0.13115,-24.4142,-0.39438,-0.186385,0.682373,-0.08327,0.303211,-0.0259443,0.160348,0.18171,0.12898,-0.408554,1.85679,-0.0322169,1.87518,-0.0345238,True,True
5.06,-0,0,-0.0656072,0.0817528,-0.303111,-2.08768,-0.651009,0.0536523,-2.34505,1.04631,0.128035,-12.3145,-0.3953,-0.181687,0.204459,-0.0817528,0.303111,0.0324231,-0,0,-0.199371,0.0817528,-0.303111,-7.43177,-0.651009,0.0536523,1.08277,1.04631,0.128035,-23.3582,-0.3953,-0.181687,0.466797,-0.0817528,0.303111,0.0599819,0.146087,0.115272,0.132377,-0.404768,1.85705,-0.0316227,1.87429,-0.0285714,True,True
5.065,-0,0,-0.0604274,0.0802389,-0.301936,-1.84283,-0.650744,0.052408,-2.00482,1.04694,0.124733,-13.5876,-0.396197,-0.177141,0.124169,-0.0802389,0.301936,0.0843168,-0,0,-0.150597,0.0802389,-0.301936,-6.07421,-0.650744,0.052408,0.667127,1.04694,0.124733,-22.3009,-0.396197,-0.177141,0.269591,-0.0802389,0.301936,0.13635,0.126059,0.0337746,0.134689,-0.400184,1.85731,-0.03103,1.87339,-0.022619,True,True
5.07,-0,0,-0.0518933,0.0787335,-0.299708,-1.50565,-0.650485,0.0514845,-1.68057,1.04756,0.121268,-14.8321,-0.397071,-0.172753,0.0302864,-0.0787335,0.299708,0.142322,-0,0,-0.113442,0.0787335,-0.299708,-4.85983,-0.650485,0.0514845,0.268967,1.04756,0.121268,-21.2645,-0.397071,-0.172753,0.0940027,-0.0787335,0.299708,0.202073,0.101006,-0.0600079,0.135935,-0.394823,1.85756,-0.0304408,1.8725,-0.0166667,True,True
5.075,-0,0,-0.0413626,0.0772418,-0.296478,-1.10351,-0.650229,0.050855,-1.38419,1.04815,0.11767,-15.9987,-0.397924,-0.168525,-0.0709738,-0.0772418,0.296478,0.202761,-0,0,-0.0872513,0.0772418,-0.296478,-3.81906,-0.650229,0.050855,-0.0974699,1.04815,0.11767,-20.291,-0.397924,-0.168525,-0.0552401,-0.0772418,0.296478,0.255615,0.0726692,-0.159957,0.136159,-0.388731,1.85781,-0.0298572,1.87161,-0.0107143,True,True
5.08,-0,0,-0.0307229,0.0757687,-0.292354,-0.690023,-0.649976,0.0504786,-1.13511,1.04873,0.113979,-17.005,-0.398756,-0.164458,-0.167867,-0.0757687,0.292354,0.258829,-0,0,-0.0707762,0.0757687,-0.292354,-2.99411,-0.649976,0.0504786,-0.408827,1.04873,0.113979,-19.4512,-0.398756,-0.164458,-0.171779,-0.0757687,0.292354,0.295094,0.0444507,-0.254597,0.135461,-0.381998,1.85805,-0.029281,1.87071,-0.0047619,True,True
5.085,-0,0,-0.0221134,0.0743182,-0.287533,-0.341445,-0.649724,0.0502921,-0.955867,1.04929,0.110249,-17.7514,-0.399569,-0.160541,-0.244333,-0.0743182,0.287533,0.301413,-0,0,-0.0618051,0.0743182,-0.287533,-2.42252,-0.649724,0.0502921,-0.63784,1.04929,0.110249,-18.8308,-0.399569,-0.160541,-0.250143,-0.0743182,0.287533,0.31929,0.0211398,-0.328345,0.134026,-0.374784,1.85829,-0.0287139,1.87,0,True,True
5.09,-0,0,-0.0167281,0.0728934,-0.282292,-0.111101,-0.649473,0.0502125,-0.853471,1.04984,0.106545,-18.1988,-0.400362,-0.156758,-0.29044,-0.0728934,0.282292,0.325166,-0,0,-0.0574105,0.0728934,-0.282292,-2.09241,-0.649473,0.0502125,-0.775659,1.04984,0.106545,-18.4643,-0.400362,-0.156758,-0.292437,-0.0728934,0.282292,0.329797,0.00589298,-0.371731,0.132118,-0.367314,1.85852,-0.028157,1.87,0,True,True
5.095,-0,0,-0.0140916,0.0714953,-0.276891,0.0104442,-0.649222,0.0501667,-0.809975,1.05036,0.102923,-18.4117,-0.401136,-0.15309,-0.310494,-0.0714953,0.276891,0.333022,-0,0,-0.0551699,0.0714953,-0.276891,-1.93319,-0.649222,0.0501667,-0.843356,1.05036,0.102923,-18.2974,-0.401136,-0.15309,-0.309534,-0.0714953,0.276891,0.331004,-0.00225347,-0.389213,0.129984,-0.359796,1.85874,-0.0276107,1.87,0,True,True
5.1,-0,0,-0.0130621,0.0701244,-0.271489,0.0644137,-0.648972,0.0501119,-0.800223,1.05086,0.099412,-18.4888,-0.401893,-0.149524,-0.315114,-0.0701244,0.271489,0.331446,-0,0,-0.0537995,0.0701244,-0.271489,-1.86818,-0.648972,0.0501119,-0.870791,1.05086,0.099412,-18.2466,-0.401893,-0.149524,-0.313037,-0.0701244,0.271489,0.327205,-0.00618809,-0.391342,0.127776,-0.352357,1.85897,-0.0270751,1.87,0,True,True
5.105,-0,0,-0.0128029,0.0687804,-0.266166,0.0837151,-0.648721,0.0500278,-0.807068,1.05135,0.0960247,-18.4986,-0.402632,-0.146053,-0.312217,-0.0687804,0.266166,0.325232,-0,0,-0.0527781,0.0687804,-0.266166,-1.84897,-0.648721,0.0500278,-0.878339,1.05135,0.0960247,-18.2534,-0.402632,-0.146053,-0.310156,-0.0687804,0.266166,0.321023,-0.0080876,-0.385968,0.125572,-0.345058,1.85918,-0.0265501,1.87,0,True,True
5.11,-0,0,-0.0128444,0.0674628,-0.260958,0.0879952,-0.648471,0.0499069,-0.820834,1.05182,0.0927635,-18.4798,-0.403353,-0.14267,-0.30633,-0.0674628,0.260958,0.317155,-0,0,-0.0518933,0.0674628,-0.260958,-1.84914,-0.648471,0.0499069,-0.877473,1.05182,0.0927635,-18.2846,-0.403353,-0.14267,-0.304747,-0.0674628,0.260958,0.313884,-0.00918196,-0.3776,0.123409,-0.337928,1.8594,-0.0260356,1.87,0,True,True
5.115,-0,0,-0.012949,0.0661709,-0.255876,0.087941,-0.648222,0.0497484,-0.836361,1.05228,0.0896258,-18.4532,-0.404058,-0.139374,-0.299812,-0.0661709,0.255876,0.308689,-0,0,-0.0510496,0.0661709,-0.255876,-1.85474,-0.648222,0.0497484,-0.874288,1.05228,0.0896258,-18.3223,-0.404058,-0.139374,-0.298793,-0.0661709,0.255876,0.306551,-0.0100971,-0.368602,0.121298,-0.330973,1.8596,-0.0255313,1.87,0,True,True
5.12,-0,0,-0.0130117,0.064904,-0.25092,0.0887695,-0.647974,0.0495542,-0.85114,1.05272,0.0866069,-18.429,-0.404747,-0.136161,-0.293751,-0.064904,0.25092,0.300541,-0,0,-0.0502047,0.064904,-0.25092,-1.859,-0.647974,0.0495542,-0.871732,1.05272,0.0866069,-18.3577,-0.404747,-0.136161,-0.293219,-0.064904,0.25092,0.299407,-0.0111089,-0.360078,0.119241,-0.324191,1.85981,-0.0250368,1.87,0,True,True
5.125,-0,0,-0.0129977,0.0636616,-0.246083,0.0925813,-0.647727,0.049328,-0.864163,1.05315,0.0837011,-18.4111,-0.40542,-0.133029,-0.288536,-0.0636616,0.246083,0.29298,-0,0,-0.0493432,0.0636616,-0.246083,-1.85917,-0.647727,0.049328,-0.870976,1.05315,0.0837011,-18.3874,-0.40542,-0.133029,-0.288366,-0.0636616,0.246083,0.292613,-0.0123055,-0.352434,0.117234,-0.317573,1.86001,-0.024552,1.87,0,True,True
5.13,-0,0,-0.0129066,0.0624432,-0.241356,0.0998229,-0.64748,0.0490732,-0.87522,1.05356,0.0809029,-18.4003,-0.406077,-0.129976,-0.2842,-0.0624432,0.241356,0.286054,-0,0,-0.0484641,0.0624432,-0.241356,-1.85469,-0.64748,0.0490732,-0.872253,1.05356,0.0809029,-18.4106,-0.406077,-0.129976,-0.284272,-0.0624432,0.241356,0.28621,-0.013683,-0.345719,0.115269,-0.311112,1.86021,-0.0240766,1.87,0,True,True
5.135,-0,0,-0.0127519,0.0612481,-0.236731,0.110148,-0.647236,0.0487932,-0.884487,1.05396,0.0782071,-18.3961,-0.40672,-0.127,-0.280623,-0.0612481,0.236731,0.279703,-0,0,-0.047573,0.0612481,-0.236731,-1.84604,-0.647236,0.0487932,-0.875343,1.05396,0.0782071,-18.4279,-0.40672,-0.127,-0.280839,-0.0612481,0.236731,0.280175,-0.0151999,-0.339819,0.113341,-0.304798,1.8604,-0.0236105,1.87,0,True,True
5.14,-0,0,-0.0125508,0.0600759,-0.232201,0.122898,-0.646993,0.0484909,-0.892294,1.05434,0.0756087,-18.3969,-0.407347,-0.1241,-0.27763,-0.0600759,0.232201,0.273829,-0,0,-0.0466773,0.0600759,-0.232201,-1.8341,-0.646993,0.0484909,-0.879856,1.05434,0.0756087,-18.4403,-0.407347,-0.1241,-0.277917,-0.0600759,0.232201,0.274458,-0.0168051,-0.334567,0.111446,-0.298625,1.86059,-0.0231534,1.87,0,True,True
5.145,-0,0,-0.0123192,0.0589261,-0.227761,0.137365,-0.646751,0.0481687,-0.898994,1.05471,0.0731034,-18.4015,-0.407961,-0.121272,-0.275052,-0.0589261,0.227761,0.268329,-0,0,-0.0457843,0.0589261,-0.227761,-1.81983,-0.646751,0.0481687,-0.885375,1.05471,0.0731034,-18.4491,-0.407961,-0.121272,-0.275361,-0.0589261,0.227761,0.269005,-0.0184515,-0.329794,0.109578,-0.292585,1.86077,-0.0227051,1.87,0,True,True
5.15,-0,0,-0.0120705,0.0577983,-0.223406,0.152907,-0.646511,0.0478287,-0.904905,1.05507,0.0706872,-18.4086,-0.40856,-0.118516,-0.272746,-0.0577983,0.223406,0.263113,-0,0,-0.0448998,0.0577983,-0.223406,-1.80409,-0.646511,0.0478287,-0.891529,1.05507,0.0706872,-18.4554,-0.40856,-0.118516,-0.273044,-0.0577983,0.223406,0.263765,-0.0201016,-0.325357,0.107736,-0.286674,1.86095,-0.0222654,1.87,0,True,True
5.155,-0,0,-0.0118145,0.056692,-0.219132,0.169002,-0.646273,0.0474724,-0.910287,1.05542,0.0683566,-18.4171,-0.409146,-0.115829,-0.270602,-0.056692,0.219132,0.258107,-0,0,-0.044028,0.056692,-0.219132,-1.78757,-0.646273,0.0474724,-0.89802,1.05542,0.0683566,-18.46,-0.409146,-0.115829,-0.27087,-0.056692,0.219132,0.258695,-0.0217285,-0.321142,0.105918,-0.280887,1.86113,-0.0218342,1.87,0,True,True
5.16,-0,0,-0.0115578,0.0556069,-0.214938,0.185255,-0.646036,0.0471014,-0.915337,1.05575,0.066108,-18.4262,-0.409718,-0.113209,-0.26854,-0.0556069,0.214938,0.253256,-0,0,-0.0431716,0.0556069,-0.214938,-1.77079,-0.646036,0.0471014,-0.904624,1.05575,0.066108,-18.4638,-0.409718,-0.113209,-0.26877,-0.0556069,0.214938,0.25376,-0.0233147,-0.317067,0.104122,-0.27522,1.8613,-0.0214114,1.87,0,True,True
5.165,-0,0,-0.011305,0.0545426,-0.21082,0.201384,-0.645802,0.0467168,-0.920193,1.05608,0.0639386,-18.4354,-0.410278,-0.110655,-0.266509,-0.0545426,0.21082,0.248522,-0,0,-0.0423322,0.0545426,-0.21082,-1.75411,-0.645802,0.0467168,-0.911186,1.05608,0.0639386,-18.4671,-0.410278,-0.110655,-0.266699,-0.0545426,0.21082,0.248938,-0.0248505,-0.313077,0.102349,-0.26967,1.86148,-0.0209967,1.87,0,True,True
5.17,-0,0,-0.0110586,0.0534987,-0.206779,0.217207,-0.645569,0.0463196,-0.92495,1.05639,0.0618452,-18.4445,-0.410825,-0.108165,-0.264479,-0.0534987,0.206779,0.243877,-0,0,-0.0415102,0.0534987,-0.206779,-1.73777,-0.645569,0.0463196,-0.917605,1.05639,0.0618452,-18.4703,-0.410825,-0.108165,-0.264632,-0.0534987,0.206779,0.244211,-0.0263319,-0.309138,0.100599,-0.264235,1.86164,-0.0205901,1.87,0,True,True
5.175,-0,0,-0.0108198,0.0524749,-0.202811,0.232612,-0.645338,0.0459109,-0.929665,1.0567,0.0598252,-18.453,-0.41136,-0.105736,-0.262436,-0.0524749,0.202811,0.239306,-0,0,-0.0407058,0.0524749,-0.202811,-1.72191,-0.645338,0.0459109,-0.923824,1.0567,0.0598252,-18.4736,-0.41136,-0.105736,-0.262555,-0.0524749,0.202811,0.239567,-0.027759,-0.305231,0.0988708,-0.258911,1.86181,-0.0201913,1.87,0,True,True
5.18,-0,0,-0.0105891,0.0514706,-0.198917,0.247545,-0.64511,0.0454916,-0.934368,1.05699,0.0578758,-18.461,-0.411882,-0.103367,-0.260376,-0.0514706,0.198917,0.234801,-0,0,-0.0399186,0.0514706,-0.198917,-1.70658,-0.64511,0.0454916,-0.929815,1.05699,0.0578758,-18.4771,-0.411882,-0.103367,-0.260467,-0.0514706,0.198917,0.235,-0.0291344,-0.301348,0.0971655,-0.253697,1.86197,-0.0198002,1.87,0,True,True
5.185,-0,0,-0.0103662,0.0504857,-0.195095,0.261989,-0.644883,0.0450625,-0.939071,1.05728,0.0559945,-18.4685,-0.412393,-0.101057,-0.2583,-0.0504857,0.195095,0.230357,-0,0,-0.0391481,0.0504857,-0.195095,-1.69182,-0.644883,0.0450625,-0.935571,1.05728,0.0559945,-18.4809,-0.412393,-0.101057,-0.258368,-0.0504857,0.195095,0.230507,-0.030462,-0.29749,0.0954832,-0.24859,1.86212,-0.0194167,1.87,0,True,True
5.19,-0,0,-0.0101508,0.0495197,-0.191345,0.275953,-0.644659,0.0446244,-0.943776,1.05755,0.0541789,-18.4753,-0.412893,-0.0988032,-0.256215,-0.0495197,0.191345,0.225973,-0,0,-0.0383938,0.0495197,-0.191345,-1.6776,-0.644659,0.0446244,-0.9411,1.05755,0.0541789,-18.4848,-0.412893,-0.0988032,-0.256266,-0.0495197,0.191345,0.226086,-0.0317463,-0.293659,0.0938242,-0.243589,1.86228,-0.0190406,1.87,0,True,True
5.195,-0,0,-0.0099423,0.0485722,-0.187665,0.289461,-0.644437,0.044178,-0.948475,1.05782,0.0524266,-18.4817,-0.413381,-0.0966046,-0.25413,-0.0485722,0.187665,0.22165,-0,0,-0.037655,0.0485722,-0.187665,-1.66389,-0.644437,0.044178,-0.946416,1.05782,0.0524266,-18.489,-0.413381,-0.0966046,-0.254169,-0.0485722,0.187665,0.221736,-0.0329921,-0.289863,0.0921887,-0.238691,1.86243,-0.0186718,1.87,0,True,True
5.2,-0,0,-0.00974006,0.047643,-0.184054,0.302544,-0.644217,0.0437242,-0.953158,1.05808,0.0507353,-18.4876,-0.413859,-0.0944595,-0.252053,-0.047643,0.184054,0.217391,-0,0,-0.0369311,0.047643,-0.184054,-1.65065,-0.644217,0.0437242,-0.951537,1.05808,0.0507353,-18.4933,-0.413859,-0.0944595,-0.252083,-0.047643,0.184054,0.217458,-0.0342036,-0.286107,0.0905768,-0.233894,1.86258,-0.0183102,1.87,0,True,True
5.205,-0,0,-0.00954352,0.0467317,-0.180511,0.315237,-0.644,0.0432636,-0.957812,1.05833,0.0491028,-18.4931,-0.414326,-0.0923664,-0.249992,-0.0467317,0.180511,0.213198,-0,0,-0.0362217,0.0467317,-0.180511,-1.63784,-0.644,0.0432636,-0.956483,1.05833,0.0491028,-18.4978,-0.414326,-0.0923664,-0.250016,-0.0467317,0.180511,0.213252,-0.0353848,-0.282398,0.0889887,-0.229196,1.86272,-0.0179556,1.87,0,True,True
5.21,-0,0,-0.00935216,0.0458379,-0.177036,0.327574,-0.643785,0.042797,-0.962427,1.05857,0.047527,-18.4982,-0.414783,-0.090324,-0.247955,-0.0458379,0.177036,0.209073,-0,0,-0.0355262,0.0458379,-0.177036,-1.62542,-0.643785,0.042797,-0.961272,1.05857,0.047527,-18.5023,-0.414783,-0.090324,-0.247975,-0.0458379,0.177036,0.209119,-0.0365389,-0.278742,0.0874244,-0.224595,1.86287,-0.0176078,1.87,0,True,True
5.215,-0,0,-0.00916554,0.0449613,-0.173627,0.339587,-0.643572,0.042325,-0.966992,1.0588,0.0460058,-18.5031,-0.415229,-0.0883309,-0.245947,-0.0449613,0.173627,0.205018,-0,0,-0.0348442,0.0449613,-0.173627,-1.61335,-0.643572,0.042325,-0.965923,1.0588,0.0460058,-18.5069,-0.415229,-0.0883309,-0.245966,-0.0449613,0.173627,0.20506,-0.0376688,-0.275145,0.0858838,-0.22009,1.86301,-0.0172668,1.87,0,True,True
5.22,-0,0,-0.00898328,0.0441016,-0.170283,0.351304,-0.643362,0.0418483,-0.971498,1.05903,0.0445373,-18.5077,-0.415666,-0.0863857,-0.243973,-0.0441016,0.170283,0.201035,-0,0,-0.0341753,0.0441016,-0.170283,-1.60158,-0.643362,0.0418483,-0.970449,1.05903,0.0445373,-18.5115,-0.415666,-0.0863857,-0.243991,-0.0441016,0.170283,0.201074,-0.0387766,-0.271609,0.0843669,-0.215677,1.86314,-0.0169323,1.87,0,True,True
5.225,-0,0,-0.00880509,0.0432585,-0.167003,0.36275,-0.643154,0.0413675,-0.975937,1.05925,0.0431196,-18.5122,-0.416093,-0.084487,-0.242036,-0.0432585,0.167003,0.197123,-0,0,-0.0335193,0.0432585,-0.167003,-1.5901,-0.643154,0.0413675,-0.974864,1.05925,0.0431196,-18.516,-0.416093,-0.084487,-0.242054,-0.0432585,0.167003,0.197163,-0.0398642,-0.268138,0.0828736,-0.211356,1.86328,-0.0166044,1.87,0,True,True
5.23,-0,0,-0.00863071,0.0424316,-0.163785,0.373945,-0.642948,0.0408831,-0.980304,1.05946,0.0417507,-18.5165,-0.416511,-0.0826338,-0.24014,-0.0424316,0.163785,0.193285,-0,0,-0.0328757,0.0424316,-0.163785,-1.57888,-0.642948,0.0408831,-0.979179,1.05946,0.0417507,-18.5205,-0.416511,-0.0826338,-0.240158,-0.0424316,0.163785,0.193326,-0.0409327,-0.264734,0.0814037,-0.207125,1.86341,-0.0162828,1.87,0,True,True
5.235,-0,0,-0.00845997,0.0416207,-0.16063,0.384907,-0.642745,0.0403958,-0.984594,1.05966,0.0404289,-18.5207,-0.416919,-0.0808248,-0.238285,-0.0416207,0.16063,0.189519,-0,0,-0.0322444,0.0416207,-0.16063,-1.56789,-0.642745,0.0403958,-0.983401,1.05966,0.0404289,-18.5249,-0.416919,-0.0808248,-0.238304,-0.0416207,0.16063,0.189562,-0.0419834,-0.261398,0.079957,-0.20298,1.86354,-0.0159675,1.87,0,True,True
5.24,-0,0,-0.0082927,0.0408253,-0.157535,0.395649,-0.642544,0.0399061,-0.988804,1.05986,0.0391526,-18.5247,-0.417319,-0.0790587,-0.236472,-0.0408253,0.157535,0.185825,-0,0,-0.0316251,0.0408253,-0.157535,-1.55712,-0.642544,0.0399061,-0.987538,1.05986,0.0391526,-18.5293,-0.417319,-0.0790587,-0.236492,-0.0408253,0.157535,0.18587,-0.0430168,-0.258129,0.0785334,-0.198921,1.86366,-0.0156582,1.87,0,True,True
5.245,-0,0,-0.00812878,0.0400453,-0.154499,0.406184,-0.642346,0.0394145,-0.992934,1.06006,0.03792,-18.5287,-0.41771,-0.0773345,-0.234701,-0.0400453,0.154499,0.182204,-0,0,-0.0310175,0.0400453,-0.154499,-1.54657,-0.642346,0.0394145,-0.991595,1.06006,0.03792,-18.5335,-0.41771,-0.0773345,-0.234722,-0.0400453,0.154499,0.18225,-0.0440336,-0.254928,0.0771325,-0.194946,1.86379,-0.015355,1.87,0,True,True
5.25,-0,0,-0.00796812,0.0392803,-0.151522,0.41652,-0.64215,0.0389215,-0.996981,1.06024,0.0367296,-18.5326,-0.418092,-0.0756511,-0.232972,-0.0392803,0.151522,0.178654,-0,0,-0.0304214,0.0392803,-0.151522,-1.53621,-0.64215,0.0389215,-0.995576,1.06024,0.0367296,-18.5376,-0.418092,-0.0756511,-0.232994,-0.0392803,0.151522,0.178702,-0.045034,-0.251795,0.0757542,-0.191053,1.86391,-0.0150576,1.87,0,True,True
5.255,-0,0,-0.00781063,0.0385301,-0.148602,0.426664,-0.641956,0.0384275,-1.00095,1.06042,0.0355799,-18.5364,-0.418466,-0.0740074,-0.231285,-0.0385301,0.148602,0.175174,-0,0,-0.0298367,0.0385301,-0.148602,-1.52604,-0.641956,0.0384275,-0.999484,1.06042,0.0355799,-18.5417,-0.418466,-0.0740074,-0.231307,-0.0385301,0.148602,0.175223,-0.0460185,-0.248727,0.0743981,-0.18724,1.86403,-0.014766,1.87,0,True,True
5.26,-0,0,-0.00765624,0.0377943,-0.145738,0.436622,-0.641766,0.037933,-1.00483,1.0606,0.0344693,-18.5401,-0.418832,-0.0724023,-0.229639,-0.0377943,0.145738,0.171763,-0,0,-0.029263,0.0377943,-0.145738,-1.51606,-0.641766,0.037933,-1.00332,1.0606,0.0344693,-18.5456,-0.418832,-0.0724023,-0.22966,-0.0377943,0.145738,0.171812,-0.0469871,-0.245725,0.0730641,-0.183505,1.86414,-0.01448,1.87,0,True,True
5.265,-0,0,-0.00750489,0.0370727,-0.142929,0.4464,-0.641577,0.0374384,-1.00864,1.06077,0.0333965,-18.5438,-0.41919,-0.0708349,-0.228032,-0.0370727,0.142929,0.168419,-0,0,-0.0287003,0.0370727,-0.142929,-1.50626,-0.641577,0.0374384,-1.00709,1.06077,0.0333965,-18.5494,-0.41919,-0.0708349,-0.228053,-0.0370727,0.142929,0.168469,-0.04794,-0.242786,0.0717518,-0.179847,1.86426,-0.0141996,1.87,0,True,True
5.27,-0,0,-0.00735653,0.036365,-0.140174,0.456,-0.641391,0.036944,-1.01236,1.06093,0.0323601,-18.5474,-0.419541,-0.0693041,-0.226463,-0.036365,0.140174,0.165142,-0,0,-0.0281482,0.036365,-0.140174,-1.49663,-0.641391,0.036944,-1.01079,1.06093,0.0323601,-18.5531,-0.419541,-0.0693041,-0.226485,-0.036365,0.140174,0.165192,-0.0488772,-0.23991,0.0704611,-0.176263,1.86437,-0.0139246,1.87,0,True,True
5.275,-0,0,-0.0072111,0.035671,-0.137472,0.465427,-0.641208,0.0364503,-1.01601,1.06109,0.0313588,-18.551,-0.419883,-0.0678091,-0.224931,-0.035671,0.137472,0.161931,-0,0,-0.0276067,0.035671,-0.137472,-1.48717,-0.641208,0.0364503,-1.01443,1.06109,0.0313588,-18.5567,-0.419883,-0.0678091,-0.224953,-0.035671,0.137472,0.161979,-0.049799,-0.237094,0.0691915,-0.172754,1.86448,-0.0136549,1.87,0,True,True
5.28,-0,0,-0.00706855,0.0349903,-0.134821,0.474682,-0.641027,0.0359576,-1.01959,1.06125,0.0303913,-18.5545,-0.420219,-0.0663489,-0.223436,-0.0349903,0.134821,0.158782,-0,0,-0.0270755,0.0349903,-0.134821,-1.47789,-0.641027,0.0359576,-1.018,1.06125,0.0303913,-18.5602,-0.420219,-0.0663489,-0.223457,-0.0349903,0.134821,0.15883,-0.0507053,-0.234338,0.067943,-0.169316,1.86459,-0.0133904,1.87,0,True,True
5.285,-0,0,-0.00692883,0.0343228,-0.132222,0.483769,-0.640848,0.0354662,-1.02309,1.0614,0.0294564,-18.5579,-0.420547,-0.0649226,-0.221976,-0.0343228,0.132222,0.155697,-0,0,-0.0265545,0.0343228,-0.132222,-1.46877,-0.640848,0.0354662,-1.02151,1.0614,0.0294564,-18.5636,-0.420547,-0.0649226,-0.221996,-0.0343228,0.132222,0.155744,-0.0515963,-0.231639,0.066715,-0.165948,1.86469,-0.0131311,1.87,0,True,True
5.29,-0,0,-0.00679189,0.0336681,-0.129673,0.49269,-0.640672,0.0349763,-1.02651,1.06154,0.028553,-18.5613,-0.420868,-0.0635293,-0.220549,-0.0336681,0.129673,0.152672,-0,0,-0.0260434,0.0336681,-0.129673,-1.45982,-0.640672,0.0349763,-1.02496,1.06154,0.028553,-18.5669,-0.420868,-0.0635293,-0.220569,-0.0336681,0.129673,0.152718,-0.0524721,-0.228997,0.0655075,-0.162649,1.8648,-0.0128768,1.87,0,True,True
5.295,-0,0,-0.00665769,0.033026,-0.127173,0.501446,-0.640498,0.0344884,-1.02987,1.06168,0.0276798,-18.5646,-0.421182,-0.0621682,-0.219155,-0.033026,0.127173,0.149707,-0,0,-0.0255421,0.033026,-0.127173,-1.45104,-0.640498,0.0344884,-1.02834,1.06168,0.0276798,-18.5702,-0.421182,-0.0621682,-0.219174,-0.033026,0.127173,0.149751,-0.0533327,-0.226409,0.0643202,-0.159417,1.8649,-0.0126274,1.87,0,True,True
5.3,-0,0,-0.00652616,0.0323964,-0.12472,0.510041,-0.640327,0.0340026,-1.03316,1.06182,0.026836,-18.5678,-0.42149,-0.0608385,-0.217792,-0.0323964,0.12472,0.1468,-0,0,-0.0250504,0.0323964,-0.12472,-1.44241,-0.640327,0.0340026,-1.03166,1.06182,0.026836,-18.5733,-0.42149,-0.0608385,-0.21781,-0.0323964,0.12472,0.146843,-0.0541783,-0.223874,0.0631527,-0.156251,1.865,-0.0123828,1.87,0,True,True
5.305,-0,0,-0.00639727,0.0317788,-0.122315,0.518477,-0.640158,0.0335191,-1.03639,1.06195,0.0260203,-18.571,-0.421791,-0.0595394,-0.21646,-0.0317788,0.122315,0.143951,-0,0,-0.0245681,0.0317788,-0.122315,-1.43395,-0.640158,0.0335191,-1.03492,1.06195,0.0260203,-18.5764,-0.421791,-0.0595394,-0.216478,-0.0317788,0.122315,0.143992,-0.0550091,-0.221392,0.0620048,-0.15315,1.8651,-0.012143,1.87,0,True,True
5.31,-0,0,-0.00627097,0.0311732,-0.119956,0.526755,-0.639992,0.0330383,-1.03955,1.06208,0.0252318,-18.5741,-0.422085,-0.0582701,-0.215158,-0.0311732,0.119956,0.141158,-0,0,-0.024095,0.0311732,-0.119956,-1.42564,-0.639992,0.0330383,-1.03811,1.06208,0.0252318,-18.5794,-0.422085,-0.0582701,-0.215174,-0.0311732,0.119956,0.141197,-0.0558252,-0.21896,0.0608763,-0.150111,1.86519,-0.0119078,1.87,0,True,True
5.315,-0,0,-0.00614719,0.0305793,-0.117643,0.534877,-0.639828,0.0325603,-1.04264,1.0622,0.0244695,-18.5772,-0.422373,-0.0570298,-0.213884,-0.0305793,0.117643,0.138419,-0,0,-0.023631,0.0305793,-0.117643,-1.41749,-0.639828,0.0325603,-1.04125,1.0622,0.0244695,-18.5823,-0.422373,-0.0570298,-0.2139,-0.0305793,0.117643,0.138456,-0.0566268,-0.216578,0.0597668,-0.147135,1.86529,-0.0116772,1.87,0,True,True
5.32,-0,0,-0.0060259,0.0299968,-0.115374,0.542847,-0.639666,0.0320853,-1.04568,1.06232,0.0237325,-18.5802,-0.422655,-0.0558178,-0.212638,-0.0299968,0.115374,0.135734,-0,0,-0.0231759,0.0299968,-0.115374,-1.40949,-0.639666,0.0320853,-1.04433,1.06232,0.0237325,-18.5852,-0.422655,-0.0558178,-0.212653,-0.0299968,0.115374,0.135769,-0.057414,-0.214244,0.0586761,-0.144218,1.86538,-0.011451,1.87,0,True,True
5.325,-0,0,-0.00590705,0.0294255,-0.113148,0.550666,-0.639507,0.0316136,-1.04865,1.06244,0.0230199,-18.5832,-0.422932,-0.0546335,-0.211419,-0.0294255,0.113148,0.133102,-0,0,-0.0227295,0.0294255,-0.113148,-1.40165,-0.639507,0.0316136,-1.04735,1.06244,0.0230199,-18.588,-0.422932,-0.0546335,-0.211434,-0.0294255,0.113148,0.133135,-0.0581871,-0.211958,0.057604,-0.141361,1.86547,-0.0112292,1.87,0,True,True
5.33,-0,0,-0.00579058,0.0288653,-0.110966,0.558337,-0.63935,0.0311452,-1.05157,1.06255,0.0223308,-18.586,-0.423202,-0.053476,-0.210227,-0.0288653,0.110966,0.130521,-0,0,-0.0222917,0.0288653,-0.110966,-1.39395,-0.63935,0.0311452,-1.05031,1.06255,0.0223308,-18.5907,-0.423202,-0.053476,-0.210241,-0.0288653,0.110966,0.130552,-0.0589463,-0.209717,0.0565501,-0.138562,1.86556,-0.0110117,1.87,0,True,True
5.335,-0,0,-0.00567646,0.0283159,-0.108825,0.565862,-0.639196,0.0306804,-1.05443,1.06266,0.0216644,-18.5889,-0.423466,-0.0523448,-0.209061,-0.0283159,0.108825,0.12799,-0,0,-0.0218623,0.0283159,-0.108825,-1.3864,-0.639196,0.0306804,-1.05322,1.06266,0.0216644,-18.5933,-0.423466,-0.0523448,-0.209073,-0.0283159,0.108825,0.12802,-0.0596917,-0.207522,0.0555143,-0.135819,1.86564,-0.0107984,1.87,0,True,True
5.34,-0,0,-0.00556462,0.027777,-0.106725,0.573243,-0.639043,0.0302192,-1.05723,1.06277,0.0210199,-18.5916,-0.423725,-0.0512392,-0.207919,-0.027777,0.106725,0.125508,-0,0,-0.0214411,0.027777,-0.106725,-1.37899,-0.639043,0.0302192,-1.05607,1.06277,0.0210199,-18.5959,-0.423725,-0.0512392,-0.207931,-0.027777,0.106725,0.125537,-0.0604235,-0.20537,0.0544963,-0.133132,1.86573,-0.0105892,1.87,0,True,True
5.345,-0,0,-0.00545502,0.0272486,-0.104666,0.580482,-0.638893,0.0297619,-1.05998,1.06287,0.0203966,-18.5943,-0.423979,-0.0501585,-0.206802,-0.0272486,0.104666,0.123075,-0,0,-0.021028,0.0272486,-0.104666,-1.37173,-0.638893,0.0297619,-1.05886,1.06287,0.0203966,-18.5985,-0.423979,-0.0501585,-0.206813,-0.0272486,0.104666,0.123102,-0.0611421,-0.203262,0.0534958,-0.130499,1.86581,-0.0103841,1.87,0,True,True
5.35,-0,0,-0.00534763,0.0267304,-0.102647,0.587583,-0.638746,0.0293085,-1.06267,1.06297,0.0197936,-18.597,-0.424227,-0.0491022,-0.205708,-0.0267304,0.102647,0.12069,-0,0,-0.0206228,0.0267304,-0.102647,-1.36461,-0.638746,0.0293085,-1.06161,1.06297,0.0197936,-18.6009,-0.424227,-0.0491022,-0.205719,-0.0267304,0.102647,0.120714,-0.0618475,-0.201196,0.0525125,-0.12792,1.86589,-0.010183,1.87,0,True,True
5.355,-0,0,-0.00524238,0.0262222,-0.100666,0.594548,-0.6386,0.0288592,-1.06531,1.06307,0.0192104,-18.5996,-0.42447,-0.0480696,-0.204638,-0.0262222,0.100666,0.11835,-0,0,-0.0202254,0.0262222,-0.100666,-1.35762,-0.6386,0.0288592,-1.06429,1.06307,0.0192104,-18.6034,-0.42447,-0.0480696,-0.204648,-0.0262222,0.100666,0.118373,-0.0625401,-0.199171,0.0515463,-0.125392,1.86597,-0.00998572,1.87,0,True,True
5.36,-0,0,-0.00513925,0.0257237,-0.0987236,0.601378,-0.638457,0.0284141,-1.0679,1.06316,0.018646,-18.6021,-0.424708,-0.0470601,-0.203591,-0.0257237,0.0987236,0.116056,-0,0,-0.0198356,0.0257237,-0.0987236,-1.35077,-0.638457,0.0284141,-1.06693,1.06316,0.018646,-18.6057,-0.424708,-0.0470601,-0.2036,-0.0257237,0.0987236,0.116078,-0.06322,-0.197186,0.0505968,-0.122915,1.86605,-0.00979229,1.87,0,True,True
5.365,-0,0,-0.00503818,0.0252349,-0.0968185,0.608076,-0.638316,0.0279732,-1.07044,1.06326,0.0181001,-18.6046,-0.42494,-0.0460733,-0.202565,-0.0252349,0.0968185,0.113807,-0,0,-0.0194533,0.0252349,-0.0968185,-1.34405,-0.638316,0.0279732,-1.06952,1.06326,0.0181001,-18.608,-0.42494,-0.0460733,-0.202574,-0.0252349,0.0968185,0.113827,-0.0638875,-0.195241,0.0496639,-0.120489,1.86613,-0.00960259,1.87,0,True,True
5.37,-0,0,-0.00493913,0.0247555,-0.09495,0.614646,-0.638177,0.0275367,-1.07293,1.06335,0.0175718,-18.607,-0.425168,-0.0451084,-0.201561,-0.0247555,0.09495,0.111601,-0,0,-0.0190784,0.0247555,-0.09495,-1.33746,-0.638177,0.0275367,-1.07205,1.06335,0.0175718,-18.6103,-0.425168,-0.0451084,-0.20157,-0.0247555,0.09495,0.11162,-0.0645428,-0.193335,0.0487472,-0.118111,1.8662,-0.00941657,1.87,0,True,True
5.375,-0,0,-0.00484206,0.0242854,-0.0931176,0.621088,-0.638041,0.0271045,-1.07538,1.06343,0.0170605,-18.6094,-0.425391,-0.044165,-0.200579,-0.0242854,0.0931176,0.109438,-0,0,-0.0187106,0.0242854,-0.0931176,-1.331,-0.638041,0.0271045,-1.07454,1.06343,0.0170605,-18.6125,-0.425391,-0.044165,-0.200586,-0.0242854,0.0931176,0.109456,-0.065186,-0.191466,0.0478466,-0.115781,1.86628,-0.00923414,1.87,0,True,True
5.38,-0,0,-0.00474692,0.0238244,-0.0913204,0.627405,-0.637906,0.0266769,-1.07777,1.06352,0.0165657,-18.6117,-0.42561,-0.0432427,-0.199617,-0.0238244,0.0913204,0.107317,-0,0,-0.0183499,0.0238244,-0.0913204,-1.32466,-0.637906,0.0266769,-1.07697,1.06352,0.0165657,-18.6147,-0.42561,-0.0432427,-0.199624,-0.0238244,0.0913204,0.107333,-0.0658175,-0.189635,0.0469617,-0.113497,1.86635,-0.00905525,1.87,0,True,True
5.385,-0,0,-0.00465369,0.0233722,-0.0895578,0.633601,-0.637774,0.0262539,-1.08012,1.0636,0.0160869,-18.614,-0.425824,-0.0423407,-0.198675,-0.0233722,0.0895578,0.105237,-0,0,-0.0179962,0.0233722,-0.0895578,-1.31845,-0.637774,0.0262539,-1.07936,1.0636,0.0160869,-18.6168,-0.425824,-0.0423407,-0.198682,-0.0233722,0.0895578,0.105252,-0.0664374,-0.18784,0.0460924,-0.11126,1.86642,-0.00887981,1.87,0,True,True
5.39,-0,0,-0.00456231,0.0229288,-0.0878292,0.639676,-0.637644,0.0258354,-1.08243,1.06368,0.0156233,-18.6162,-0.426033,-0.0414587,-0.197753,-0.0229288,0.0878292,0.103197,-0,0,-0.0176492,0.0229288,-0.0878292,-1.31236,-0.637644,0.0258354,-1.0817,1.06368,0.0156233,-18.6189,-0.426033,-0.0414587,-0.197759,-0.0229288,0.0878292,0.103211,-0.0670459,-0.186081,0.0452384,-0.109068,1.86649,-0.00870777,1.87,0,True,True
5.395,-0,0,-0.00447276,0.0224939,-0.086134,0.645633,-0.637516,0.0254216,-1.08469,1.06375,0.0151746,-18.6184,-0.426238,-0.0405963,-0.19685,-0.0224939,0.086134,0.101197,-0,0,-0.0173089,0.0224939,-0.086134,-1.30639,-0.637516,0.0254216,-1.084,1.06375,0.0151746,-18.6209,-0.426238,-0.0405963,-0.196856,-0.0224939,0.086134,0.10121,-0.0676433,-0.184356,0.0443994,-0.106919,1.86656,-0.00853906,1.87,0,True,True
5.4,-0,0,-0.00438499,0.0220674,-0.0844713,0.651475,-0.63739,0.0250125,-1.0869,1.06383,0.0147402,-18.6205,-0.426439,-0.0397528,-0.195966,-0.0220674,0.0844713,0.0992354,-0,0,-0.0169751,0.0220674,-0.0844713,-1.30053,-0.63739,0.0250125,-1.08625,1.06383,0.0147402,-18.6229,-0.426439,-0.0397528,-0.195972,-0.0220674,0.0844713,0.099248,-0.0682297,-0.182666,0.0435753,-0.104814,1.86663,-0.00837361,1.87,0,True,True
5.405,-0,0,-0.00429896,0.0216492,-0.0828408,0.657204,-0.637266,0.0246082,-1.08908,1.0639,0.0143196,-18.6226,-0.426636,-0.0389279,-0.195101,-0.0216492,0.0828408,0.097312,-0,0,-0.0166477,0.0216492,-0.0828408,-1.29479,-0.637266,0.0246082,-1.08846,1.0639,0.0143196,-18.6249,-0.426636,-0.0389279,-0.195106,-0.0216492,0.0828408,0.0973237,-0.0688053,-0.181009,0.0427658,-0.102751,1.86669,-0.00821136,1.87,0,True,True
5.41,-0,0,-0.00421464,0.021239,-0.0812417,0.662822,-0.637144,0.0242087,-1.09121,1.06397,0.0139124,-18.6246,-0.426829,-0.038121,-0.194254,-0.021239,0.0812417,0.0954258,-0,0,-0.0163266,0.021239,-0.0812417,-1.28916,-0.637144,0.0242087,-1.09063,1.06397,0.0139124,-18.6268,-0.426829,-0.038121,-0.194258,-0.021239,0.0812417,0.0954366,-0.0693704,-0.179385,0.0419707,-0.100729,1.86676,-0.00805225,1.87,0,True,True
5.415,-0,0,-0.004132,0.0208368,-0.0796734,0.66833,-0.637023,0.0238139,-1.0933,1.06404,0.013518,-18.6266,-0.427017,-0.0373319,-0.193424,-0.0208368,0.0796734,0.0935761,-0,0,-0.0160117,0.0208368,-0.0796734,-1.28364,-0.637023,0.0238139,-1.09275,1.06404,0.013518,-18.6287,-0.427017,-0.0373319,-0.193429,-0.0208368,0.0796734,0.0935862,-0.0699252,-0.177793,0.0411898,-0.0987474,1.86682,-0.00789622,1.87,0,True,True
5.42,-0,0,-0.004051,0.0204423,-0.0781353,0.673732,-0.636905,0.023424,-1.09535,1.06411,0.0131361,-18.6286,-0.427202,-0.03656,-0.192612,-0.0204423,0.0781353,0.0917623,-0,0,-0.0157028,0.0204423,-0.0781353,-1.27822,-0.636905,0.023424,-1.09483,1.06411,0.0131361,-18.6305,-0.427202,-0.03656,-0.192616,-0.0204423,0.0781353,0.0917716,-0.0704698,-0.176233,0.0404228,-0.0968057,1.86688,-0.00774321,1.87,0,True,True
5.425,-0,0,-0.00397161,0.0200554,-0.0766269,0.679029,-0.636789,0.0230389,-1.09736,1.06417,0.0127662,-18.6305,-0.427383,-0.035805,-0.191817,-0.0200554,0.0766269,0.0899835,-0,0,-0.0153998,0.0200554,-0.0766269,-1.27291,-0.636789,0.0230389,-1.09687,1.06417,0.0127662,-18.6323,-0.427383,-0.035805,-0.191821,-0.0200554,0.0766269,0.0899922,-0.0710044,-0.174704,0.0396694,-0.0949028,1.86694,-0.00759316,1.87,0,True,True
5.43,-0,0,-0.00389379,0.019676,-0.0751477,0.684222,-0.636675,0.0226586,-1.09934,1.06423,0.0124079,-18.6323,-0.42756,-0.0350665,-0.191038,-0.019676,0.0751477,0.0882392,-0,0,-0.0151027,0.019676,-0.0751477,-1.26771,-0.636675,0.0226586,-1.09887,1.06423,0.0124079,-18.6341,-0.42756,-0.0350665,-0.191042,-0.019676,0.0751477,0.0882472,-0.0715292,-0.173205,0.0389296,-0.093038,1.867,-0.00744601,1.87,0,True,True
5.435,-0,0,-0.00381751,0.019304,-0.0736969,0.689315,-0.636563,0.0222832,-1.10127,1.0643,0.0120608,-18.6341,-0.427733,-0.034344,-0.190276,-0.019304,0.0736969,0.0865286,-0,0,-0.0148112,0.019304,-0.0736969,-1.2626,-0.636563,0.0222832,-1.10083,1.0643,0.0120608,-18.6358,-0.427733,-0.034344,-0.190279,-0.019304,0.0736969,0.086536,-0.0720444,-0.171735,0.0382031,-0.0912104,1.86706,-0.0073017,1.87,0,True,True
5.44,-0,0,-0.00374274,0.0189391,-0.0722742,0.69431,-0.636452,0.0219127,-1.10317,1.06436,0.0117245,-18.6359,-0.427903,-0.0336372,-0.18953,-0.0189391,0.0722742,0.0848512,-0,0,-0.0145254,0.0189391,-0.0722742,-1.2576,-0.636452,0.0219127,-1.10276,1.06436,0.0117245,-18.6375,-0.427903,-0.0336372,-0.189533,-0.0189391,0.0722742,0.084858,-0.0725501,-0.170295,0.0374896,-0.0894193,1.86712,-0.00716019,1.87,0,True,True
5.445,-0,0,-0.00366945,0.0185812,-0.0708789,0.699207,-0.636344,0.021547,-1.10503,1.06441,0.0113987,-18.6377,-0.42807,-0.0329457,-0.188799,-0.0185812,0.0708789,0.0832062,-0,0,-0.014245,0.0185812,-0.0708789,-1.25269,-0.636344,0.021547,-1.10464,1.06441,0.0113987,-18.6391,-0.42807,-0.0329457,-0.188802,-0.0185812,0.0708789,0.0832125,-0.0730466,-0.168883,0.0367889,-0.0876639,1.86717,-0.00702141,1.87,0,True,True
5.45,-0,0,-0.00359761,0.0182303,-0.0695106,0.704009,-0.636237,0.0211862,-1.10686,1.06447,0.0110829,-18.6394,-0.428233,-0.0322691,-0.188083,-0.0182303,0.0695106,0.081593,-0,0,-0.0139701,0.0182303,-0.0695106,-1.24788,-0.636237,0.0211862,-1.10649,1.06447,0.0110829,-18.6407,-0.428233,-0.0322691,-0.188086,-0.0182303,0.0695106,0.0815988,-0.073534,-0.1675,0.0361009,-0.0859436,1.86723,-0.00688532,1.87,0,True,True
5.455,-0,0,-0.00352719,0.0178861,-0.0681687,0.708718,-0.636132,0.0208302,-1.10865,1.06452,0.010777,-18.641,-0.428392,-0.0316072,-0.187383,-0.0178861,0.0681687,0.080011,-0,0,-0.0137004,0.0178861,-0.0681687,-1.24316,-0.636132,0.0208302,-1.10831,1.06452,0.010777,-18.6423,-0.428392,-0.0316072,-0.187385,-0.0178861,0.0681687,0.0800164,-0.0740125,-0.166143,0.0354253,-0.0842575,1.86728,-0.00675185,1.87,0,True,True
5.46,-0,0,-0.00345816,0.0175486,-0.0668527,0.713335,-0.636028,0.0204791,-1.1104,1.06458,0.0104805,-18.6427,-0.428549,-0.0309595,-0.186697,-0.0175486,0.0668527,0.0784596,-0,0,-0.0134359,0.0175486,-0.0668527,-1.23854,-0.636028,0.0204791,-1.11008,1.06458,0.0104805,-18.6439,-0.428549,-0.0309595,-0.186699,-0.0175486,0.0668527,0.0784646,-0.0744822,-0.164814,0.034762,-0.0826051,1.86734,-0.00662097,1.87,0,True,True
5.465,-0,0,-0.00339049,0.0172176,-0.0655621,0.717863,-0.635927,0.0201327,-1.11213,1.06463,0.0101931,-18.6443,-0.428702,-0.0303258,-0.186025,-0.0172176,0.0655621,0.0769383,-0,0,-0.0131764,0.0172176,-0.0655621,-1.234,-0.635927,0.0201327,-1.11183,1.06463,0.0101931,-18.6454,-0.428702,-0.0303258,-0.186027,-0.0172176,0.0655621,0.0769428,-0.0749433,-0.16351,0.0341107,-0.0809855,1.86739,-0.00649262,1.87,0,True,True
5.47,-0,0,-0.00332415,0.016893,-0.0642965,0.722302,-0.635827,0.0197912,-1.11382,1.06468,0.00991452,-18.6458,-0.428852,-0.0297057,-0.185367,-0.016893,0.0642965,0.0754463,-0,0,-0.012922,0.016893,-0.0642965,-1.22956,-0.635827,0.0197912,-1.11354,1.06468,0.00991452,-18.6469,-0.428852,-0.0297057,-0.185369,-0.016893,0.0642965,0.0754505,-0.0753959,-0.162233,0.0334711,-0.0793982,1.86744,-0.00636675,1.87,0,True,True
5.475,-0,0,-0.00325913,0.0165746,-0.0630553,0.726656,-0.635729,0.0194545,-1.11547,1.06473,0.00964446,-18.6474,-0.428999,-0.0290989,-0.184723,-0.0165746,0.0630553,0.0739832,-0,0,-0.0126724,0.0165746,-0.0630553,-1.2252,-0.635729,0.0194545,-1.11521,1.06473,0.00964446,-18.6484,-0.428999,-0.0290989,-0.184725,-0.0165746,0.0630553,0.0739871,-0.0758403,-0.160981,0.0328433,-0.0778425,1.86749,-0.00624332,1.87,0,True,True
5.48,-0,0,-0.00319539,0.0162624,-0.0618381,0.730925,-0.635633,0.0191225,-1.1171,1.06478,0.00938263,-18.6489,-0.429143,-0.0285052,-0.184093,-0.0162624,0.0618381,0.0725485,-0,0,-0.0124276,0.0162624,-0.0618381,-1.22092,-0.635633,0.0191225,-1.11685,1.06478,0.00938263,-18.6498,-0.429143,-0.0285052,-0.184094,-0.0162624,0.0618381,0.072552,-0.0762766,-0.159753,0.0322268,-0.0763177,1.86754,-0.00612227,1.87,0,True,True
5.485,-0,0,-0.0031329,0.0159562,-0.0606444,0.735111,-0.635538,0.0187953,-1.11869,1.06482,0.00912876,-18.6503,-0.429284,-0.0279241,-0.183475,-0.0159562,0.0606444,0.0711414,-0,0,-0.0121876,0.0159562,-0.0606444,-1.21673,-0.635538,0.0187953,-1.11847,1.06482,0.00912876,-18.6512,-0.429284,-0.0279241,-0.183477,-0.0159562,0.0606444,0.0711446,-0.0767048,-0.15855,0.0316216,-0.0748233,1.86759,-0.00600356,1.87,0,True,True
5.49,-0,0,-0.00307164,0.015656,-0.0594738,0.739216,-0.635445,0.0184728,-1.12026,1.06487,0.00888259,-18.6518,-0.429422,-0.0273554,-0.182871,-0.015656,0.0594738,0.0697616,-0,0,-0.0119521,0.015656,-0.0594738,-1.21262,-0.635445,0.0184728,-1.12004,1.06487,0.00888259,-18.6526,-0.429422,-0.0273554,-0.182872,-0.015656,0.0594738,0.0697645,-0.0771252,-0.157371,0.0310275,-0.0733585,1.86763,-0.00588715,1.87,0,True,True
5.495,-0,0,-0.00301158,0.0153615,-0.0583258,0.743241,-0.635353,0.0181549,-1.12179,1.06491,0.00864385,-18.6532,-0.429558,-0.0267988,-0.182279,-0.0153615,0.0583258,0.0684084,-0,0,-0.0117212,0.0153615,-0.0583258,-1.20858,-0.635353,0.0181549,-1.12159,1.06491,0.00864385,-18.6539,-0.429558,-0.0267988,-0.18228,-0.0153615,0.0583258,0.0684111,-0.077538,-0.156215,0.0304442,-0.0719229,1.86768,-0.00577298,1.87,0,True,True
5.5,-0,0,-0.00295271,0.0150727,-0.0572,0.747188,-0.635263,0.0178418,-1.1233,1.06495,0.0084123,-18.6545,-0.42969,-0.0262541,-0.181699,-0.0150727,0.0572,0.0670814,-0,0,-0.0114947,0.0150727,-0.0572,-1.20463,-0.635263,0.0178418,-1.12311,1.06495,0.0084123,-18.6552,-0.42969,-0.0262541,-0.1817,-0.0150727,0.0572,0.0670838,-0.0779432,-0.155081,0.0298716,-0.0705158,1.86772,-0.00566103,1.87,0,True,True
5.505,-0,0,-0.002895,0.0147895,-0.056096,0.751059,-0.635175,0.0175332,-1.12477,1.06499,0.00818771,-18.6559,-0.42982,-0.0257209,-0.181132,-0.0147895,0.056096,0.0657801,-0,0,-0.0112725,0.0147895,-0.056096,-1.20076,-0.635175,0.0175332,-1.1246,1.06499,0.00818771,-18.6565,-0.42982,-0.0257209,-0.181132,-0.0147895,0.056096,0.0657823,-0.0783409,-0.153971,0.0293095,-0.0691365,1.86777,-0.00555123,1.87,0,True,True
5.51,-0,0,-0.00283842,0.0145118,-0.0550133,0.754854,-0.635088,0.0172293,-1.12622,1.06504,0.00796984,-18.6572,-0.429948,-0.0251991,-0.180576,-0.0145118,0.0550133,0.0645039,-0,0,-0.0110546,0.0145118,-0.0550133,-1.19696,-0.635088,0.0172293,-1.12606,1.06504,0.00796984,-18.6578,-0.429948,-0.0251991,-0.180577,-0.0145118,0.0550133,0.0645059,-0.0787314,-0.152882,0.0287577,-0.0677847,1.86781,-0.00544356,1.87,0,True,True
5.515,-0,0,-0.00278295,0.0142394,-0.0539516,0.758576,-0.635002,0.0169299,-1.12764,1.06507,0.00775847,-18.6585,-0.430072,-0.0246883,-0.180031,-0.0142394,0.0539516,0.0632523,-0,0,-0.0108409,0.0142394,-0.0539516,-1.19323,-0.635002,0.0169299,-1.12749,1.06507,0.00775847,-18.659,-0.430072,-0.0246883,-0.180032,-0.0142394,0.0539516,0.0632542,-0.0791147,-0.151814,0.028216,-0.0664597,1.86785,-0.00533797,1.87,0,True,True
5.52,-0,0,-0.00272856,0.0139722,-0.0529104,0.762225,-0.634918,0.016635,-1.12903,1.06511,0.0075534,-18.6597,-0.430194,-0.0241884,-0.179498,-0.0139722,0.0529104,0.062025,-0,0,-0.0106313,0.0139722,-0.0529104,-1.18957,-0.634918,0.016635,-1.1289,1.06511,0.0075534,-18.6602,-0.430194,-0.0241884,-0.179499,-0.0139722,0.0529104,0.0620266,-0.079491,-0.150768,0.0276843,-0.065161,1.8679,-0.00523442,1.87,0,True,True
5.525,-0,0,-0.00267525,0.0137103,-0.0518893,0.765804,-0.634836,0.0163446,-1.1304,1.06515,0.0073544,-18.661,-0.430314,-0.023699,-0.178977,-0.0137103,0.0518893,0.0608214,-0,0,-0.0104257,0.0137103,-0.0518893,-1.18599,-0.634836,0.0163446,-1.13027,1.06515,0.0073544,-18.6614,-0.430314,-0.023699,-0.178977,-0.0137103,0.0518893,0.0608228,-0.0798605,-0.149743,0.0271625,-0.063888,1.86794,-0.00513287,1.87,0,True,True
5.53,-0,0,-0.00262298,0.0134533,-0.0508881,0.769313,-0.634755,0.0160586,-1.13174,1.06519,0.0071613,-18.6622,-0.430431,-0.0232199,-0.178466,-0.0134533,0.0508881,0.059641,-0,0,-0.0102241,0.0134533,-0.0508881,-1.18248,-0.634755,0.0160586,-1.13162,1.06519,0.0071613,-18.6626,-0.430431,-0.0232199,-0.178466,-0.0134533,0.0508881,0.0596423,-0.0802231,-0.148737,0.0266502,-0.0626402,1.86798,-0.00503328,1.87,0,True,True
5.535,-0,0,-0.00257174,0.0132014,-0.0499062,0.772754,-0.634675,0.0157771,-1.13305,1.06522,0.00697389,-18.6634,-0.430546,-0.0227509,-0.177965,-0.0132014,0.0499062,0.0584834,-0,0,-0.0100263,0.0132014,-0.0499062,-1.17903,-0.634675,0.0157771,-1.13295,1.06522,0.00697389,-18.6638,-0.430546,-0.0227509,-0.177966,-0.0132014,0.0499062,0.0584846,-0.0805792,-0.147752,0.0261475,-0.0614172,1.86802,-0.00493562,1.87,0,True,True
5.54,-0,0,-0.0025215,0.0129543,-0.0489433,0.776129,-0.634597,0.0154999,-1.13434,1.06526,0.00679198,-18.6645,-0.430659,-0.0222918,-0.177475,-0.0129543,0.0489433,0.0573482,-0,0,-0.00983235,0.0129543,-0.0489433,-1.17565,-0.634597,0.0154999,-1.13424,1.06526,0.00679198,-18.6649,-0.430659,-0.0222918,-0.177475,-0.0129543,0.0489433,0.0573493,-0.0809287,-0.146786,0.025654,-0.0602183,1.86806,-0.00483984,1.87,0,True,True
5.545,-0,0,-0.00247224,0.0127119,-0.047999,0.779438,-0.63452,0.015227,-1.1356,1.06529,0.00661541,-18.6656,-0.430769,-0.0218424,-0.176995,-0.0127119,0.047999,0.0562349,-0,0,-0.00964211,0.0127119,-0.047999,-1.17234,-0.63452,0.015227,-1.13552,1.06529,0.00661541,-18.666,-0.430769,-0.0218424,-0.176996,-0.0127119,0.047999,0.0562359,-0.0812718,-0.145839,0.0251696,-0.0590433,1.86809,-0.00474591,1.87,0,True,True
5.55,-0,0,-0.00242395,0.0124743,-0.0470731,0.782683,-0.634445,0.0149584,-1.13684,1.06532,0.00644399,-18.6668,-0.430877,-0.0214024,-0.176525,-0.0124743,0.0470731,0.0551432,-0,0,-0.00945553,0.0124743,-0.0470731,-1.16909,-0.634445,0.0149584,-1.13676,1.06532,0.00644399,-18.6671,-0.430877,-0.0214024,-0.176526,-0.0124743,0.0470731,0.055144,-0.0816086,-0.144911,0.0246943,-0.0578914,1.86813,-0.0046538,1.87,0,True,True
5.555,-0,0,-0.0023766,0.0122412,-0.046165,0.785864,-0.634371,0.014694,-1.13806,1.06535,0.00627757,-18.6678,-0.430983,-0.0209716,-0.176065,-0.0122412,0.046165,0.0540725,-0,0,-0.00927252,0.0122412,-0.046165,-1.16591,-0.634371,0.014694,-1.13799,1.06535,0.00627757,-18.6681,-0.430983,-0.0209716,-0.176065,-0.0122412,0.046165,0.0540732,-0.0819393,-0.144001,0.0242277,-0.0567624,1.86817,-0.00456346,1.87,0,True,True
5.56,-0,0,-0.00233018,0.0120126,-0.0452746,0.788985,-0.634298,0.0144339,-1.13925,1.06539,0.00611598,-18.6689,-0.431087,-0.0205498,-0.175614,-0.0120126,0.0452746,0.0530225,-0,0,-0.00909303,0.0120126,-0.0452746,-1.16278,-0.634298,0.0144339,-1.13919,1.06539,0.00611598,-18.6691,-0.431087,-0.0205498,-0.175615,-0.0120126,0.0452746,0.0530231,-0.0822639,-0.143109,0.0237699,-0.0556557,1.8682,-0.00447487,1.87,0,True,True
5.565,-0,0,-0.00228466,0.0117885,-0.0444014,0.792044,-0.634226,0.0141778,-1.14042,1.06542,0.00595906,-18.6699,-0.431189,-0.0201369,-0.175173,-0.0117885,0.0444014,0.0519927,-0,0,-0.00891698,0.0117885,-0.0444014,-1.15972,-0.634226,0.0141778,-1.14036,1.06542,0.00595906,-18.6702,-0.431189,-0.0201369,-0.175173,-0.0117885,0.0444014,0.0519933,-0.0825826,-0.142234,0.0233205,-0.0545709,1.86824,-0.00438799,1.87,0,True,True
5.57,-0,0,-0.00224004,0.0115686,-0.0435452,0.795045,-0.634156,0.0139259,-1.14157,1.06544,0.00580667,-18.671,-0.431288,-0.0197326,-0.174741,-0.0115686,0.0435452,0.0509829,-0,0,-0.00874432,0.0115686,-0.0435452,-1.15672,-0.634156,0.0139259,-1.14152,1.06544,0.00580667,-18.6712,-0.431288,-0.0197326,-0.174741,-0.0115686,0.0435452,0.0509834,-0.0828954,-0.141377,0.0228795,-0.0535076,1.86827,-0.00430278,1.87,0,True,True
5.575,-0,0,-0.00219629,0.011353,-0.0427055,0.797987,-0.634087,0.0136781,-1.14269,1.06547,0.00565866,-18.672,-0.431386,-0.0193367,-0.174317,-0.011353,0.0427055,0.0499925,-0,0,-0.00857497,0.011353,-0.0427055,-1.15377,-0.634087,0.0136781,-1.14265,1.06547,0.00565866,-18.6721,-0.431386,-0.0193367,-0.174318,-0.011353,0.0427055,0.0499929,-0.0832025,-0.140537,0.0224467,-0.0524653,1.86831,-0.00421922,1.87,0,True,True
5.58,-0,0,-0.00215339,0.0111416,-0.0418821,0.800872,-0.634019,0.0134342,-1.1438,1.0655,0.00551489,-18.6729,-0.431482,-0.0189491,-0.173903,-0.0111416,0.0418821,0.0490212,-0,0,-0.00840886,0.0111416,-0.0418821,-1.15089,-0.634019,0.0134342,-1.14376,1.0655,0.00551489,-18.6731,-0.431482,-0.0189491,-0.173903,-0.0111416,0.0418821,0.0490216,-0.083504,-0.139713,0.022022,-0.0514436,1.86834,-0.00413728,1.87,0,True,True
5.585,-0,0,-0.00211133,0.0109342,-0.0410747,0.803702,-0.633953,0.0131943,-1.14488,1.06553,0.00537523,-18.6739,-0.431576,-0.0185695,-0.173497,-0.0109342,0.0410747,0.0480687,-0,0,-0.00824595,0.0109342,-0.0410747,-1.14805,-0.633953,0.0131943,-1.14485,1.06553,0.00537523,-18.674,-0.431576,-0.0185695,-0.173497,-0.0109342,0.0410747,0.048069,-0.0837999,-0.138906,0.0216053,-0.050442,1.86837,-0.00405691,1.87,0,True,True
5.59,-0,0,-0.00207009,0.0107308,-0.0402829,0.806476,-0.633887,0.0129583,-1.14594,1.06555,0.00523955,-18.6748,-0.431668,-0.0181979,-0.173099,-0.0107308,0.0402829,0.0471346,-0,0,-0.00808616,0.0107308,-0.0402829,-1.14528,-0.633887,0.0129583,-1.14591,1.06555,0.00523955,-18.6749,-0.431668,-0.0181979,-0.173099,-0.0107308,0.0402829,0.0471349,-0.0840904,-0.138114,0.0211963,-0.0494603,1.8684,-0.0039781,1.87,0,True,True
5.595,-0,0,-0.00202965,0.0105314,-0.0395065,0.809197,-0.633823,0.0127262,-1.14698,1.06558,0.00510772,-18.6758,-0.431758,-0.0178339,-0.17271,-0.0105314,0.0395065,0.0462185,-0,0,-0.00792944,0.0105314,-0.0395065,-1.14255,-0.633823,0.0127262,-1.14696,1.06558,0.00510772,-18.6758,-0.431758,-0.0178339,-0.17271,-0.0105314,0.0395065,0.0462187,-0.0843756,-0.137338,0.020795,-0.048498,1.86843,-0.0039008,1.87,0,True,True
5.6,-0,0,-0.00199001,0.0103358,-0.0387452,0.811865,-0.63376,0.0124979,-1.148,1.06561,0.00497962,-18.6766,-0.431846,-0.0174776,-0.172329,-0.0103358,0.0387452,0.04532,-0,0,-0.00777573,0.0103358,-0.0387452,-1.13988,-0.63376,0.0124979,-1.14798,1.06561,0.00497962,-18.6767,-0.431846,-0.0174776,-0.172329,-0.0103358,0.0387452,0.0453202,-0.0846556,-0.136577,0.0204012,-0.0475547,1.86846,-0.003825,1.87,0,True,True
5.605,-0,0,-0.00195113,0.0101439,-0.0379986,0.814482,-0.633698,0.0122734,-1.14901,1.06563,0.00485514,-18.6775,-0.431932,-0.0171286,-0.171955,-0.0101439,0.0379986,0.0444389,-0,0,-0.00762497,0.0101439,-0.0379986,-1.13726,-0.633698,0.0122734,-1.14899,1.06563,0.00485514,-18.6776,-0.431932,-0.0171286,-0.171955,-0.0101439,0.0379986,0.0444391,-0.0849305,-0.135832,0.0200147,-0.04663,1.86849,-0.00375066,1.87,0,True,True
5.61,-0,0,-0.00191302,0.00995577,-0.0372665,0.817048,-0.633637,0.0120527,-1.14999,1.06565,0.00473415,-18.6784,-0.432017,-0.0167868,-0.171589,-0.00995577,0.0372665,0.0435748,-0,0,-0.0074771,0.00995577,-0.0372665,-1.1347,-0.633637,0.0120527,-1.14998,1.06565,0.00473415,-18.6784,-0.432017,-0.0167868,-0.171589,-0.00995577,0.0372665,0.0435749,-0.0852003,-0.135101,0.0196356,-0.0457235,1.86852,-0.00367775,1.87,0,True,True
5.615,-0,0,-0.00187564,0.00977125,-0.0365486,0.819564,-0.633578,0.0118356,-1.15095,1.06568,0.00461656,-18.6792,-0.4321,-0.0164521,-0.171231,-0.00977125,0.0365486,0.0427273,-0,0,-0.00733206,0.00977125,-0.0365486,-1.13218,-0.633578,0.0118356,-1.15094,1.06568,0.00461656,-18.6793,-0.4321,-0.0164521,-0.171231,-0.00977125,0.0365486,0.0427274,-0.0854651,-0.134384,0.0192635,-0.044835,1.86855,-0.00360625,1.87,0,True,True
5.62,-0,0,-0.00183899,0.00959029,-0.0358447,0.822032,-0.633519,0.0116221,-1.1519,1.0657,0.00450225,-18.6801,-0.432182,-0.0161243,-0.17088,-0.00959029,0.0358447,0.0418962,-0,0,-0.00718981,0.00959029,-0.0358447,-1.12971,-0.633519,0.0116221,-1.15189,1.0657,0.00450225,-18.6801,-0.432182,-0.0161243,-0.17088,-0.00959029,0.0358447,0.0418963,-0.0857251,-0.133681,0.0188985,-0.043964,1.86858,-0.00353612,1.87,0,True,True
5.625,-0,0,-0.00180306,0.00941281,-0.0351544,0.824451,-0.633462,0.0114122,-1.15283,1.06572,0.00439113,-18.6809,-0.432261,-0.0158034,-0.170537,-0.00941281,0.0351544,0.0410811,-0,0,-0.00705029,0.00941281,-0.0351544,-1.12729,-0.633462,0.0114122,-1.15282,1.06572,0.00439113,-18.6809,-0.432261,-0.0158034,-0.170537,-0.00941281,0.0351544,0.0410811,-0.0859804,-0.132993,0.0185403,-0.0431102,1.86861,-0.00346735,1.87,0,True,True
5.63,-0,0,-0.00176782,0.00923874,-0.0344776,0.826824,-0.633405,0.0112059,-1.15374,1.06574,0.00428309,-18.6817,-0.43234,-0.015489,-0.1702,-0.00923874,0.0344776,0.0402817,-0,0,-0.00691344,0.00923874,-0.0344776,-1.12491,-0.633405,0.0112059,-1.15373,1.06574,0.00428309,-18.6817,-0.43234,-0.015489,-0.1702,-0.00923874,0.0344776,0.0402817,-0.0862309,-0.132317,0.0181888,-0.0422732,1.86864,-0.0033999,1.87,0,True,True
5.635,-0,0,-0.00173327,0.00906803,-0.0338139,0.829152,-0.633349,0.011003,-1.15463,1.06577,0.00417804,-18.6824,-0.432416,-0.0151811,-0.16987,-0.00906803,0.0338139,0.0394977,-0,0,-0.00677921,0.00906803,-0.0338139,-1.12258,-0.633349,0.011003,-1.15463,1.06577,0.00417804,-18.6824,-0.432416,-0.0151811,-0.16987,-0.00906803,0.0338139,0.0394977,-0.0864769,-0.131655,0.017844,-0.0414528,1.86866,-0.00333376,1.87,0,True,True
5.64,-0,0,-0.00169939,0.00890061,-0.0331631,0.831434,-0.633295,0.0108037,-1.1555,1.06579,0.00407589,-18.6832,-0.432492,-0.0148795,-0.169547,-0.00890061,0.0331631,0.0387288,-0,0,-0.00664756,0.00890061,-0.0331631,-1.1203,-0.633295,0.0108037,-1.15551,1.06579,0.00407589,-18.6832,-0.432492,-0.0148795,-0.169547,-0.00890061,0.0331631,0.0387287,-0.0867184,-0.131006,0.0175057,-0.0406485,1.86869,-0.00326888,1.87,0,True,True
5.645,-0,0,-0.00166617,0.0087364,-0.0325249,0.833672,-0.633241,0.0106077,-1.15636,1.06581,0.00397655,-18.6839,-0.432565,-0.0145842,-0.169231,-0.0087364,0.0325249,0.0379747,-0,0,-0.00651844,0.0087364,-0.0325249,-1.11806,-0.633241,0.0106077,-1.15637,1.06581,0.00397655,-18.6839,-0.432565,-0.0145842,-0.169231,-0.0087364,0.0325249,0.0379746,-0.0869554,-0.13037,0.0171738,-0.0398602,1.86871,-0.00320526,1.87,0,True,True
5.65,-0,0,-0.0016336,0.00857536,-0.0318992,0.835867,-0.633189,0.010415,-1.1572,1.06583,0.00387993,-18.6847,-0.432637,-0.0142949,-0.168921,-0.00857536,0.0318992,0.0372351,-0,0,-0.00639178,0.00857536,-0.0318992,-1.11586,-0.633189,0.010415,-1.15721,1.06583,0.00387993,-18.6847,-0.432637,-0.0142949,-0.168921,-0.00857536,0.0318992,0.037235,-0.0871881,-0.129746,0.0168481,-0.0390874,1.86874,-0.00314286,1.87,0,True,True
5.655,-0,0,-0.00160165,0.00841741,-0.0312856,0.838019,-0.633137,0.0102257,-1.15803,1.06585,0.00378595,-18.6854,-0.432708,-0.0140116,-0.168618,-0.00841741,0.0312856,0.0365097,-0,0,-0.00626756,0.00841741,-0.0312856,-1.11371,-0.633137,0.0102257,-1.15804,1.06585,0.00378595,-18.6854,-0.432708,-0.0140116,-0.168618,-0.00841741,0.0312856,0.0365097,-0.0874165,-0.129135,0.0165286,-0.0383298,1.86876,-0.00308166,1.87,0,True,True
5.66,-0,0,-0.00157033,0.0082625,-0.0306839,0.84013,-0.633087,0.0100396,-1.15884,1.06586,0.00369454,-18.6861,-0.432777,-0.0137341,-0.168321,-0.0082625,0.0306839,0.0357983,-0,0,-0.00614571,0.0082625,-0.0306839,-1.1116,-0.633087,0.0100396,-1.15885,1.06586,0.00369454,-18.6861,-0.432777,-0.0137341,-0.168321,-0.0082625,0.0306839,0.0357983,-0.0876407,-0.128535,0.0162152,-0.0375872,1.86879,-0.00302164,1.87,0,True,True
5.665,-0,0,-0.00153961,0.00811057,-0.030094,0.8422,-0.633037,0.00985673,-1.15963,1.06588,0.0036056,-18.6868,-0.432845,-0.0134623,-0.16803,-0.00811057,0.030094,0.0351006,-0,0,-0.0060262,0.00811057,-0.030094,-1.10953,-0.633037,0.00985673,-1.15964,1.06588,0.0036056,-18.6867,-0.432845,-0.0134623,-0.16803,-0.00811057,0.030094,0.0351006,-0.0878608,-0.127948,0.0159077,-0.0368592,1.86881,-0.00296277,1.87,0,True,True
5.67,-0,0,-0.00150949,0.00796156,-0.0295156,0.84423,-0.632988,0.00967703,-1.16041,1.0659,0.00351907,-18.6875,-0.432912,-0.0131961,-0.167745,-0.00796156,0.0295156,0.0344164,-0,0,-0.00590898,0.00796156,-0.0295156,-1.1075,-0.632988,0.00967703,-1.16042,1.0659,0.00351907,-18.6874,-0.432912,-0.0131961,-0.167745,-0.00796156,0.0295156,0.0344163,-0.0880769,-0.127371,0.015606,-0.0361456,1.86883,-0.00290504,1.87,0,True,True
5.675,-0,0,-0.00147995,0.00781541,-0.0289484,0.846221,-0.63294,0.00950045,-1.16118,1.06592,0.00343488,-18.6881,-0.432977,-0.0129353,-0.167465,-0.00781541,0.0289484,0.0337452,-0,0,-0.005794,0.00781541,-0.0289484,-1.1055,-0.63294,0.00950045,-1.16119,1.06592,0.00343488,-18.6881,-0.432977,-0.0129353,-0.167465,-0.00781541,0.0289484,0.0337452,-0.088289,-0.126807,0.0153101,-0.0354461,1.86886,-0.00284841,1.87,0,True,True
5.68,-0,0,-0.00145098,0.00767208,-0.0283922,0.848173,-0.632893,0.00932695,-1.16193,1.06593,0.00335295,-18.6888,-0.433041,-0.0126799,-0.167192,-0.00767208,0.0283922,0.033087,-0,0,-0.00568123,0.00767208,-0.0283922,-1.10355,-0.632893,0.00932695,-1.16194,1.06593,0.00335295,-18.6887,-0.433041,-0.0126799,-0.167192,-0.00767208,0.0283922,0.0330869,-0.0884973,-0.126253,0.0150197,-0.0347604,1.86888,-0.00279288,1.87,0,True,True
5.685,-0,0,-0.00142258,0.00753149,-0.0278469,0.850088,-0.632847,0.00915648,-1.16266,1.06595,0.00327322,-18.6894,-0.433104,-0.0124297,-0.166924,-0.00753149,0.0278469,0.0324414,-0,0,-0.00557061,0.00753149,-0.0278469,-1.10163,-0.632847,0.00915648,-1.16268,1.06595,0.00327322,-18.6893,-0.433104,-0.0124297,-0.166924,-0.00753149,0.0278469,0.0324413,-0.0887017,-0.12571,0.0147349,-0.0340882,1.8689,-0.00273841,1.87,0,True,True
5.69,-0,0,-0.00139472,0.00739361,-0.0273123,0.851966,-0.632801,0.008989,-1.16339,1.06597,0.00319562,-18.69,-0.433166,-0.0121846,-0.166661,-0.00739361,0.0273123,0.0318082,-0,0,-0.00546211,0.00739361,-0.0273123,-1.09976,-0.632801,0.008989,-1.1634,1.06597,0.00319562,-18.69,-0.433166,-0.0121846,-0.166661,-0.00739361,0.0273123,0.0318082,-0.0889023,-0.125177,0.0144555,-0.0334293,1.86892,-0.00268499,1.87,0,True,True
5.695,-0,0,-0.0013674,0.00725837,-0.026788,0.853808,-0.632757,0.00882447,-1.16409,1.06598,0.00312008,-18.6906,-0.433226,-0.0119446,-0.166404,-0.00725837,0.026788,0.0311872,-0,0,-0.00535568,0.00725837,-0.026788,-1.09791,-0.632757,0.00882447,-1.1641,1.06598,0.00312008,-18.6906,-0.433226,-0.0119446,-0.166404,-0.00725837,0.026788,0.0311872,-0.0890993,-0.124655,0.0141815,-0.0327834,1.86894,-0.0026326,1.87,0,True,True
5.7,-0,0,-0.00134061,0.00712573,-0.026274,0.855614,-0.632713,0.00866283,-1.16479,1.066,0.00304656,-18.6912,-0.433285,-0.0117094,-0.166152,-0.00712573,0.026274,0.0305781,-0,0,-0.00525129,0.00712573,-0.026274,-1.09611,-0.632713,0.00866283,-1.1648,1.066,0.00304656,-18.6912,-0.433285,-0.0117094,-0.166152,-0.00712573,0.026274,0.0305781,-0.0892927,-0.124143,0.0139126,-0.0321503,1.86896,-0.00258121,1.87,0,True,True
5.705,-0,0,-0.00131434,0.00699563,-0.02577,0.857386,-0.63267,0.00850405,-1.16547,1.06601,0.00297498,-18.6918,-0.433343,-0.011479,-0.165905,-0.00699563,0.02577,0.0299807,-0,0,-0.0051489,0.00699563,-0.02577,-1.09433,-0.63267,0.00850405,-1.16548,1.06601,0.00297498,-18.6918,-0.433343,-0.011479,-0.165905,-0.00699563,0.02577,0.0299807,-0.0894825,-0.123642,0.0136489,-0.0315296,1.86899,-0.00253081,1.87,0,True,True
5.71,-0,0,-0.00128858,0.00686803,-0.0252758,0.859123,-0.632628,0.00834808,-1.16614,1.06603,0.00290529,-18.6924,-0.4334,-0.0112534,-0.165663,-0.00686803,0.0252758,0.0293948,-0,0,-0.00504846,0.00686803,-0.0252758,-1.0926,-0.632628,0.00834808,-1.16615,1.06603,0.00290529,-18.6923,-0.4334,-0.0112534,-0.165663,-0.00686803,0.0252758,0.0293947,-0.0896689,-0.12315,0.0133903,-0.0309212,1.869,-0.00248137,1.87,0,True,True
5.715,-0,0,-0.00126331,0.00674287,-0.0247913,0.860827,-0.632587,0.00819488,-1.16679,1.06604,0.00283744,-18.6929,-0.433456,-0.0110323,-0.165427,-0.00674287,0.0247913,0.0288201,-0,0,-0.00494995,0.00674287,-0.0247913,-1.09089,-0.632587,0.00819488,-1.1668,1.06604,0.00283744,-18.6929,-0.433456,-0.0110323,-0.165427,-0.00674287,0.0247913,0.02882,-0.0898518,-0.122667,0.0131365,-0.0303248,1.86902,-0.00243288,1.87,0,True,True
5.72,-0,0,-0.00123853,0.00662011,-0.0243163,0.862498,-0.632546,0.00804442,-1.16744,1.06606,0.00277137,-18.6935,-0.43351,-0.0108158,-0.165195,-0.00662011,0.0243163,0.0282564,-0,0,-0.00485331,0.00662011,-0.0243163,-1.08922,-0.632546,0.00804442,-1.16744,1.06606,0.00277137,-18.6934,-0.43351,-0.0108158,-0.165195,-0.00662011,0.0243163,0.0282563,-0.0900314,-0.122194,0.0128876,-0.0297402,1.86904,-0.00238533,1.87,0,True,True
5.725,-0,0,-0.00121423,0.00649971,-0.0238505,0.864137,-0.632506,0.00789663,-1.16807,1.06607,0.00270702,-18.694,-0.433564,-0.0106037,-0.164967,-0.00649971,0.0238505,0.0277035,-0,0,-0.00475852,0.00649971,-0.0238505,-1.08758,-0.632506,0.00789663,-1.16807,1.06607,0.00270702,-18.694,-0.433564,-0.0106037,-0.164967,-0.00649971,0.0238505,0.0277034,-0.0902077,-0.121731,0.0126435,-0.0291672,1.86906,-0.00233868,1.87,0,True,True
5.73,-0,0,-0.00119039,0.00638161,-0.0233939,0.865745,-0.632467,0.0077515,-1.16868,1.06608,0.00264436,-18.6945,-0.433616,-0.0103959,-0.164745,-0.00638161,0.0233939,0.0271612,-0,0,-0.00466554,0.00638161,-0.0233939,-1.08597,-0.632467,0.0077515,-1.16869,1.06608,0.00264436,-18.6945,-0.433616,-0.0103959,-0.164745,-0.00638161,0.0233939,0.0271612,-0.0903807,-0.121276,0.0124041,-0.0286055,1.86908,-0.00229293,1.87,0,True,True
5.735,-0,0,-0.00116702,0.00626577,-0.0229461,0.867321,-0.632429,0.00760896,-1.16929,1.0661,0.00258333,-18.695,-0.433668,-0.0101923,-0.164526,-0.00626577,0.0229461,0.0266293,-0,0,-0.00457434,0.00626577,-0.0229461,-1.08439,-0.632429,0.00760896,-1.1693,1.0661,0.00258333,-18.695,-0.433668,-0.0101923,-0.164526,-0.00626577,0.0229461,0.0266292,-0.0905506,-0.12083,0.0121692,-0.0280548,1.8691,-0.00224805,1.87,0,True,True
5.74,-0,0,-0.00114409,0.00615215,-0.0225072,0.868867,-0.632391,0.00746899,-1.16989,1.06611,0.00252388,-18.6956,-0.433718,-0.00999287,-0.164313,-0.00615215,0.0225072,0.0261075,-0,0,-0.00448487,0.00615215,-0.0225072,-1.08285,-0.632391,0.00746899,-1.16989,1.06611,0.00252388,-18.6955,-0.433718,-0.00999287,-0.164313,-0.00615215,0.0225072,0.0261075,-0.0907174,-0.120393,0.0119389,-0.0275151,1.86912,-0.00220404,1.87,0,True,True
5.745,-0,0,-0.00112161,0.0060407,-0.0220768,0.870384,-0.632354,0.00733154,-1.17047,1.06612,0.00246596,-18.696,-0.433768,-0.00979751,-0.164103,-0.0060407,0.0220768,0.0255958,-0,0,-0.00439711,0.0060407,-0.0220768,-1.08133,-0.632354,0.00733154,-1.17048,1.06612,0.00246596,-18.696,-0.433768,-0.00979751,-0.164103,-0.0060407,0.0220768,0.0255958,-0.0908811,-0.119964,0.011713,-0.026986,1.86913,-0.00216086,1.87,0,True,True
5.75,-0,0,-0.00109955,0.00593138,-0.0216549,0.871872,-0.632318,0.00719658,-1.17104,1.06613,0.00240954,-18.6965,-0.433816,-0.00960612,-0.163898,-0.00593138,0.0216549,0.0250938,-0,0,-0.00431102,0.00593138,-0.0216549,-1.07984,-0.632318,0.00719658,-1.17105,1.06613,0.00240954,-18.6965,-0.433816,-0.00960612,-0.163898,-0.00593138,0.0216549,0.0250938,-0.0910419,-0.119544,0.0114914,-0.0264674,1.86915,-0.00211851,1.87,0,True,True
5.755,-0,0,-0.00107792,0.00582415,-0.0212412,0.873331,-0.632282,0.00706406,-1.17161,1.06615,0.00235457,-18.697,-0.433864,-0.00941863,-0.163697,-0.00582415,0.0212412,0.0246014,-0,0,-0.00422657,0.00582415,-0.0212412,-1.07838,-0.632282,0.00706406,-1.17161,1.06615,0.00235457,-18.697,-0.433864,-0.00941863,-0.163697,-0.00582415,0.0212412,0.0246014,-0.0911997,-0.119132,0.0112741,-0.0259591,1.86917,-0.00207697,1.87,0,True,True
5.76,-0,0,-0.00105671,0.00571897,-0.0208356,0.874762,-0.632247,0.00693395,-1.17216,1.06616,0.00230101,-18.6975,-0.43391,-0.00923496,-0.1635,-0.00571897,0.0208356,0.0241185,-0,0,-0.00414373,0.00571897,-0.0208356,-1.07695,-0.632247,0.00693395,-1.17216,1.06616,0.00230101,-18.6975,-0.43391,-0.00923496,-0.1635,-0.00571897,0.0208356,0.0241185,-0.0913546,-0.118728,0.011061,-0.0254608,1.86918,-0.00203623,1.87,0,True,True
5.765,-0,0,-0.0010359,0.00561579,-0.020438,0.876165,-0.632213,0.0068062,-1.1727,1.06617,0.00224883,-18.6979,-0.433956,-0.00905503,-0.163307,-0.00561579,0.020438,0.0236447,-0,0,-0.00406247,0.00561579,-0.020438,-1.07555,-0.632213,0.0068062,-1.1727,1.06617,0.00224883,-18.6979,-0.433956,-0.00905503,-0.163307,-0.00561579,0.020438,0.0236447,-0.0915066,-0.118332,0.010852,-0.0249724,1.8692,-0.00199626,1.87,0,True,True
5.77,-0,0,-0.00101549,0.00551459,-0.0200482,0.877542,-0.632179,0.00668079,-1.17323,1.06618,0.00219797,-18.6984,-0.434001,-0.00887875,-0.163118,-0.00551459,0.0200482,0.02318,-0,0,-0.00398275,0.00551459,-0.0200482,-1.07417,-0.632179,0.00668079,-1.17323,1.06618,0.00219797,-18.6984,-0.434001,-0.00887875,-0.163118,-0.00551459,0.0200482,0.02318,-0.0916559,-0.117943,0.010647,-0.0244937,1.86922,-0.00195705,1.87,0,True,True
5.775,-0,0,-0.000995474,0.00541531,-0.0196661,0.878892,-0.632146,0.00655766,-1.17375,1.06619,0.0021484,-18.6988,-0.434045,-0.00870606,-0.162933,-0.00541531,0.0196661,0.0227241,-0,0,-0.00390455,0.00541531,-0.0196661,-1.07282,-0.632146,0.00655766,-1.17374,1.06619,0.0021484,-18.6988,-0.434045,-0.00870606,-0.162933,-0.00541531,0.0196661,0.0227242,-0.0918025,-0.117562,0.010446,-0.0240244,1.86923,-0.0019186,1.87,0,True,True
5.78,-0,0,-0.000975839,0.00531793,-0.0192915,0.880217,-0.632114,0.00643679,-1.17426,1.0662,0.00210009,-18.6993,-0.434088,-0.00853689,-0.162751,-0.00531793,0.0192915,0.022277,-0,0,-0.00382784,0.00531793,-0.0192915,-1.07149,-0.632114,0.00643679,-1.17425,1.0662,0.00210009,-18.6993,-0.434088,-0.00853689,-0.162751,-0.00531793,0.0192915,0.022277,-0.0919464,-0.117189,0.0102488,-0.0235645,1.86925,-0.00188087,1.87,0,True,True
5.785,-0,0,-0.000956579,0.0052224,-0.0189242,0.881516,-0.632082,0.00631814,-1.17476,1.06621,0.00205301,-18.6997,-0.43413,-0.00837115,-0.162574,-0.0052224,0.0189242,0.0218383,-0,0,-0.00375258,0.0052224,-0.0189242,-1.07019,-0.632082,0.00631814,-1.17475,1.06621,0.00205301,-18.6997,-0.43413,-0.00837115,-0.162574,-0.0052224,0.0189242,0.0218384,-0.0920877,-0.116822,0.0100555,-0.0231137,1.86926,-0.00184387,1.87,0,True,True
5.79,-0,0,-0.000937687,0.00512868,-0.0185642,0.88279,-0.63205,0.00620168,-1.17525,1.06622,0.00200711,-18.7001,-0.434172,-0.00820879,-0.162399,-0.00512868,0.0185642,0.021408,-0,0,-0.00367875,0.00512868,-0.0185642,-1.06892,-0.63205,0.00620168,-1.17524,1.06622,0.00200711,-18.7001,-0.434172,-0.00820879,-0.162399,-0.00512868,0.0185642,0.0214081,-0.0922264,-0.116463,0.00986595,-0.0226718,1.86928,-0.00180757,1.87,0,True,True
5.795,-0,0,-0.000919156,0.00503675,-0.0182113,0.88404,-0.63202,0.00608736,-1.17573,1.06623,0.00196237,-18.7005,-0.434212,-0.00804973,-0.162228,-0.00503675,0.0182113,0.0209859,-0,0,-0.00360632,0.00503675,-0.0182113,-1.06767,-0.63202,0.00608736,-1.17572,1.06623,0.00196237,-18.7005,-0.434212,-0.00804973,-0.162228,-0.00503675,0.0182113,0.0209859,-0.0923625,-0.11611,0.00968006,-0.0222387,1.86929,-0.00177196,1.87,0,True,True
5.8,-0,0,-0.000900979,0.00494657,-0.0178653,0.885266,-0.63199,0.00597515,-1.17621,1.06624,0.00191875,-18.7009,-0.434252,-0.0078939,-0.162061,-0.00494657,0.0178653,0.0205718,-0,0,-0.00353526,0.00494657,-0.0178653,-1.06644,-0.63199,0.00597515,-1.17619,1.06624,0.00191875,-18.7009,-0.434252,-0.0078939,-0.162061,-0.00494657,0.0178653,0.0205718,-0.0924962,-0.115765,0.00949777,-0.0218142,1.8693,-0.00173702,1.87,0,True,True
5.805,-0,0,-0.000883147,0.0048581,-0.0175261,0.886469,-0.63196,0.00586503,-1.17667,1.06625,0.00187622,-18.7013,-0.434291,-0.00774125,-0.161897,-0.0048581,0.0175261,0.0201656,-0,0,-0.00346555,0.0048581,-0.0175261,-1.06524,-0.63196,0.00586503,-1.17666,1.06625,0.00187622,-18.7013,-0.434291,-0.00774125,-0.161897,-0.0048581,0.0175261,0.0201656,-0.0926275,-0.115426,0.00931904,-0.0213982,1.86932,-0.00170275,1.87,0,True,True
5.81,-0,0,-0.000865656,0.00477131,-0.0171937,0.887649,-0.631931,0.00575694,-1.17713,1.06626,0.00183476,-18.7017,-0.43433,-0.0075917,-0.161736,-0.00477131,0.0171937,0.019767,-0,0,-0.00339716,0.00477131,-0.0171937,-1.06406,-0.631931,0.00575694,-1.17711,1.06626,0.00183476,-18.7017,-0.43433,-0.0075917,-0.161737,-0.00477131,0.0171937,0.0197671,-0.0927564,-0.115094,0.00914378,-0.0209904,1.86933,-0.00166914,1.87,0,True,True
5.815,-0,0,-0.000848497,0.00468616,-0.0168678,0.888807,-0.631902,0.00565087,-1.17757,1.06627,0.00179433,-18.702,-0.434367,-0.0074452,-0.161579,-0.00468616,0.0168678,0.0193761,-0,0,-0.00333006,0.00468616,-0.0168678,-1.0629,-0.631902,0.00565087,-1.17755,1.06627,0.00179433,-18.7021,-0.434367,-0.0074452,-0.161579,-0.00468616,0.0168678,0.0193761,-0.0928829,-0.114768,0.00897193,-0.0205908,1.86934,-0.00163615,1.87,0,True,True
5.82,-0,0,-0.000831664,0.00460263,-0.0165483,0.889942,-0.631874,0.00554678,-1.17801,1.06628,0.0017549,-18.7024,-0.434404,-0.00730167,-0.161425,-0.00460263,0.0165483,0.0189925,-0,0,-0.00326423,0.00460263,-0.0165483,-1.06177,-0.631874,0.00554678,-1.17799,1.06628,0.0017549,-18.7025,-0.434404,-0.00730167,-0.161425,-0.00460263,0.0165483,0.0189926,-0.0930071,-0.114448,0.00880344,-0.0201991,1.86936,-0.0016038,1.87,0,True,True
5.825,-0,0,-0.00081515,0.00452068,-0.0162352,0.891056,-0.631847,0.00544463,-1.17844,1.06629,0.00171645,-18.7028,-0.43444,-0.00716107,-0.161273,-0.00452068,0.0162352,0.0186162,-0,0,-0.00319964,0.00452068,-0.0162352,-1.06065,-0.631847,0.00544463,-1.17842,1.06629,0.00171645,-18.7028,-0.43444,-0.00716107,-0.161274,-0.00452068,0.0162352,0.0186163,-0.0931291,-0.114135,0.00863824,-0.0198152,1.86937,-0.00157205,1.87,0,True,True
5.83,-0,0,-0.00079895,0.00444028,-0.0159283,0.892148,-0.63182,0.00534439,-1.17886,1.0663,0.00167895,-18.7031,-0.434476,-0.00702334,-0.161125,-0.00444028,0.0159283,0.018247,-0,0,-0.00313627,0.00444028,-0.0159283,-1.05956,-0.63182,0.00534439,-1.17884,1.0663,0.00167895,-18.7032,-0.434476,-0.00702334,-0.161125,-0.00444028,0.0159283,0.0182471,-0.0932489,-0.113827,0.00847626,-0.019439,1.86938,-0.00154091,1.87,0,True,True
5.835,-0,0,-0.000783056,0.0043614,-0.0156274,0.89322,-0.631793,0.00524603,-1.17928,1.0663,0.00164238,-18.7035,-0.43451,-0.00688841,-0.16098,-0.0043614,0.0156274,0.0178848,-0,0,-0.0030741,0.0043614,-0.0156274,-1.05849,-0.631793,0.00524603,-1.17925,1.0663,0.00164238,-18.7036,-0.43451,-0.00688841,-0.16098,-0.0043614,0.0156274,0.0178849,-0.0933665,-0.113526,0.00831746,-0.0190702,1.86939,-0.00151036,1.87,0,True,True
5.84,-0,0,-0.000767464,0.00428401,-0.0153326,0.894272,-0.631767,0.00514952,-1.17968,1.06631,0.00160671,-18.7038,-0.434545,-0.00675623,-0.160838,-0.00428401,0.0153326,0.0175294,-0,0,-0.0030131,0.00428401,-0.0153326,-1.05743,-0.631767,0.00514952,-1.17966,1.06631,0.00160671,-18.7039,-0.434545,-0.00675623,-0.160838,-0.00428401,0.0153326,0.0175295,-0.0934819,-0.11323,0.00816177,-0.0187089,1.86941,-0.00148038,1.87,0,True,True
5.845,-0,0,-0.000752165,0.00420807,-0.0150436,0.895304,-0.631742,0.00505484,-1.18008,1.06632,0.00157191,-18.7041,-0.434578,-0.00662675,-0.160698,-0.00420807,0.0150436,0.0171807,-0,0,-0.00295324,0.00420807,-0.0150436,-1.0564,-0.631742,0.00505484,-1.18005,1.06632,0.00157191,-18.7043,-0.434578,-0.00662675,-0.160698,-0.00420807,0.0150436,0.0171808,-0.0935953,-0.11294,0.00800914,-0.0183548,1.86942,-0.00145097,1.87,0,True,True
5.85,-0,0,-0.000737156,0.00413357,-0.0147603,0.896316,-0.631717,0.00496194,-1.18047,1.06633,0.00153797,-18.7045,-0.434611,-0.00649991,-0.160561,-0.00413357,0.0147603,0.0168386,-0,0,-0.00289451,0.00413357,-0.0147603,-1.05539,-0.631717,0.00496194,-1.18044,1.06633,0.00153797,-18.7046,-0.434611,-0.00649991,-0.160562,-0.00413357,0.0147603,0.0168387,-0.0937066,-0.112655,0.00785951,-0.0180077,1.86943,-0.00142211,1.87,0,True,True
5.855,-0,0,-0.00072243,0.00406047,-0.0144827,0.897309,-0.631692,0.0048708,-1.18086,1.06634,0.00150486,-18.7048,-0.434643,-0.00637566,-0.160427,-0.00406047,0.0144827,0.0165029,-0,0,-0.00283688,0.00406047,-0.0144827,-1.0544,-0.631692,0.0048708,-1.18082,1.06634,0.00150486,-18.7049,-0.434643,-0.00637566,-0.160428,-0.00406047,0.0144827,0.016503,-0.093816,-0.112376,0.00771282,-0.0176677,1.86944,-0.00139379,1.87,0,True,True
5.86,-0,0,-0.00070798,0.00398874,-0.0142106,0.898283,-0.631668,0.00478139,-1.18123,1.06634,0.00147256,-18.7051,-0.434675,-0.00625395,-0.160296,-0.00398874,0.0142106,0.0161735,-0,0,-0.00278033,0.00398874,-0.0142106,-1.05342,-0.631668,0.00478139,-1.1812,1.06634,0.00147256,-18.7052,-0.434675,-0.00625395,-0.160296,-0.00398874,0.0142106,0.0161736,-0.0939233,-0.112102,0.00756903,-0.0173344,1.86945,-0.00136601,1.87,0,True,True
5.865,-0,0,-0.000693803,0.00391836,-0.0139439,0.899239,-0.631645,0.00469368,-1.1816,1.06635,0.00144105,-18.7054,-0.434706,-0.00613472,-0.160167,-0.00391836,0.0139439,0.0158503,-0,0,-0.00272484,0.00391836,-0.0139439,-1.05247,-0.631645,0.00469368,-1.18156,1.06635,0.00144105,-18.7056,-0.434706,-0.00613472,-0.160167,-0.00391836,0.0139439,0.0158504,-0.0940288,-0.111834,0.00742807,-0.0170078,1.86946,-0.00133875,1.87,0,True,True
5.87,-0,0,-0.000679892,0.0038493,-0.0136826,0.900177,-0.631621,0.00460764,-1.18197,1.06636,0.0014103,-18.7057,-0.434736,-0.00601794,-0.160041,-0.0038493,0.0136826,0.0155332,-0,0,-0.00267039,0.0038493,-0.0136826,-1.05153,-0.631621,0.00460764,-1.18192,1.06636,0.0014103,-18.7059,-0.434736,-0.00601794,-0.160041,-0.0038493,0.0136826,0.0155333,-0.0941323,-0.11157,0.0072899,-0.0166878,1.86947,-0.001312,1.87,0,True,True
5.875,-0,0,-0.000666241,0.00378154,-0.0134265,0.901097,-0.631598,0.00452324,-1.18232,1.06636,0.0013803,-18.706,-0.434766,-0.00590355,-0.159918,-0.00378154,0.0134265,0.015222,-0,0,-0.00261696,0.00378154,-0.0134265,-1.05061,-0.631598,0.00452324,-1.18228,1.06636,0.0013803,-18.7062,-0.434766,-0.00590355,-0.159918,-0.00378154,0.0134265,0.0152221,-0.094234,-0.111312,0.00715447,-0.0163743,1.86948,-0.00128576,1.87,0,True,True
5.88,-0,0,-0.000652846,0.00371504,-0.0131756,0.902,-0.631576,0.00444047,-1.18267,1.06637,0.00135103,-18.7063,-0.434795,-0.0057915,-0.159796,-0.00371504,0.0131756,0.0149166,-0,0,-0.00256453,0.00371504,-0.0131756,-1.0497,-0.631576,0.00444047,-1.18262,1.06637,0.00135103,-18.7065,-0.434795,-0.0057915,-0.159796,-0.00371504,0.0131756,0.0149167,-0.0943338,-0.111059,0.00702172,-0.016067,1.8695,-0.00126,1.87,0,True,True
5.885,-0,0,-0.000639701,0.00364978,-0.0129296,0.902886,-0.631554,0.00435928,-1.18302,1.06638,0.00132247,-18.7066,-0.434824,-0.00568175,-0.159677,-0.00364978,0.0129296,0.0146169,-0,0,-0.00251307,0.00364978,-0.0129296,-1.04882,-0.631554,0.00435928,-1.18297,1.06638,0.00132247,-18.7068,-0.434824,-0.00568175,-0.159678,-0.00364978,0.0129296,0.0146171,-0.0944319,-0.11081,0.00689161,-0.015766,1.86951,-0.00123472,1.87,0,True,True
5.89,-0,0,-0.000626802,0.00358574,-0.0126886,0.903755,-0.631532,0.00427965,-1.18335,1.06638,0.0012946,-18.7068,-0.434852,-0.00557425,-0.159561,-0.00358574,0.0126886,0.0143228,-0,0,-0.00246257,0.00358574,-0.0126886,-1.04795,-0.631532,0.00427965,-1.1833,1.06638,0.0012946,-18.707,-0.434852,-0.00557425,-0.159561,-0.00358574,0.0126886,0.014323,-0.0945282,-0.110566,0.00676409,-0.015471,1.86952,-0.00120992,1.87,0,True,True
5.895,-0,0,-0.000614143,0.0035229,-0.0124525,0.904608,-0.631511,0.00420156,-1.18368,1.06639,0.0012674,-18.7071,-0.434879,-0.00546896,-0.159447,-0.0035229,0.0124525,0.0140342,-0,0,-0.002413,0.0035229,-0.0124525,-1.0471,-0.631511,0.00420156,-1.18363,1.06639,0.0012674,-18.7073,-0.434879,-0.00546896,-0.159447,-0.0035229,0.0124525,0.0140343,-0.0946228,-0.110327,0.00663911,-0.015182,1.86953,-0.00118558,1.87,0,True,True
5.9,-0,0,-0.00060172,0.00346122,-0.0122211,0.905446,-0.63149,0.00412498,-1.18401,1.0664,0.00124085,-18.7074,-0.434907,-0.00536583,-0.159335,-0.00346122,0.0122211,0.0137509,-0,0,-0.00236436,0.00346122,-0.0122211,-1.04626,-0.63149,0.00412498,-1.18395,1.0664,0.00124085,-18.7076,-0.434907,-0.00536583,-0.159335,-0.00346122,0.0122211,0.0137511,-0.0947158,-0.110092,0.00651663,-0.0148989,1.86953,-0.00116169,1.87,0,True,True
5.905,-0,0,-0.000589527,0.00340069,-0.0119944,0.906267,-0.63147,0.00404989,-1.18433,1.0664,0.00121495,-18.7076,-0.434933,-0.00526483,-0.159225,-0.00340069,0.0119944,0.0134729,-0,0,-0.00231662,0.00340069,-0.0119944,-1.04544,-0.63147,0.00404989,-1.18426,1.0664,0.00121495,-18.7079,-0.434933,-0.00526483,-0.159225,-0.00340069,0.0119944,0.0134731,-0.094807,-0.109861,0.00639659,-0.0146215,1.86954,-0.00113824,1.87,0,True,True
5.91,-0,0,-0.000577559,0.00334127,-0.0117723,0.907073,-0.63145,0.00397625,-1.18464,1.06641,0.00118966,-18.7079,-0.434959,-0.00516592,-0.159118,-0.00334127,0.0117723,0.0132001,-0,0,-0.00226976,0.00334127,-0.0117723,-1.04463,-0.63145,0.00397625,-1.18457,1.06641,0.00118966,-18.7081,-0.434959,-0.00516592,-0.159118,-0.00334127,0.0117723,0.0132002,-0.0948967,-0.109635,0.00627897,-0.0143497,1.86955,-0.00111523,1.87,0,True,True
5.915,-0,0,-0.000565814,0.00328296,-0.0115547,0.907864,-0.63143,0.00390405,-1.18494,1.06641,0.00116499,-18.7082,-0.434985,-0.00506904,-0.159012,-0.00328296,0.0115547,0.0129322,-0,0,-0.00222377,0.00328296,-0.0115547,-1.04384,-0.63143,0.00390405,-1.18488,1.06641,0.00116499,-18.7084,-0.434985,-0.00506904,-0.159012,-0.00328296,0.0115547,0.0129324,-0.0949848,-0.109414,0.00616371,-0.0140835,1.86956,-0.00109265,1.87,0,True,True
5.92,-0,0,-0.000554285,0.00322573,-0.0113415,0.908641,-0.631411,0.00383327,-1.18525,1.06642,0.0011409,-18.7084,-0.43501,-0.00497417,-0.158909,-0.00322573,0.0113415,0.0126694,-0,0,-0.00217862,0.00322573,-0.0113415,-1.04306,-0.631411,0.00383327,-1.18518,1.06642,0.0011409,-18.7087,-0.43501,-0.00497417,-0.158909,-0.00322573,0.0113415,0.0126695,-0.0950713,-0.109196,0.00605077,-0.0138227,1.86957,-0.00107048,1.87,0,True,True
5.925,-0,0,-0.000542968,0.00316955,-0.0111326,0.909403,-0.631392,0.00376387,-1.18554,1.06643,0.0011174,-18.7086,-0.435034,-0.00488126,-0.158807,-0.00316955,0.0111326,0.0124113,-0,0,-0.0021343,0.00316955,-0.0111326,-1.0423,-0.631392,0.00376387,-1.18547,1.06643,0.0011174,-18.7089,-0.435034,-0.00488126,-0.158807,-0.00316955,0.0111326,0.0124115,-0.0951563,-0.108982,0.0059401,-0.0135672,1.86958,-0.00104872,1.87,0,True,True
5.93,-0,0,-0.000531859,0.0031144,-0.010928,0.910151,-0.631373,0.00369583,-1.18583,1.06643,0.00109445,-18.7089,-0.435059,-0.00479028,-0.158708,-0.0031144,0.010928,0.012158,-0,0,-0.0020908,0.0031144,-0.010928,-1.04155,-0.631373,0.00369583,-1.18576,1.06643,0.00109445,-18.7092,-0.435059,-0.00479028,-0.158708,-0.0031144,0.010928,0.0121582,-0.0952398,-0.108773,0.00583168,-0.013317,1.86959,-0.00102736,1.87,0,True,True
5.935,-0,0,-0.000520954,0.00306027,-0.0107276,0.910885,-0.631355,0.00362913,-1.18612,1.06644,0.00107206,-18.7091,-0.435082,-0.00470119,-0.15861,-0.00306027,0.0107276,0.0119094,-0,0,-0.0020481,0.00306027,-0.0107276,-1.04082,-0.631355,0.00362913,-1.18604,1.06644,0.00107206,-18.7094,-0.435082,-0.00470119,-0.15861,-0.00306027,0.0107276,0.0119096,-0.0953218,-0.108567,0.00572545,-0.0130719,1.8696,-0.00100639,1.87,0,True,True
5.94,-0,0,-0.000510249,0.00300713,-0.0105313,0.911606,-0.631337,0.00356376,-1.1864,1.06644,0.0010502,-18.7093,-0.435106,-0.00461395,-0.158515,-0.00300713,0.0105313,0.0116653,-0,0,-0.00200617,0.00300713,-0.0105313,-1.0401,-0.631337,0.00356376,-1.18632,1.06644,0.0010502,-18.7097,-0.435106,-0.00461395,-0.158515,-0.00300713,0.0105313,0.0116655,-0.0954025,-0.108365,0.00562138,-0.0128318,1.86961,-0.000985811,1.87,0,True,True
5.945,-0,0,-0.000499739,0.00295495,-0.010339,0.912313,-0.631319,0.00349967,-1.18667,1.06645,0.00102886,-18.7096,-0.435129,-0.00452853,-0.158421,-0.00295495,0.010339,0.0114257,-0,0,-0.00196501,0.00295495,-0.010339,-1.03939,-0.631319,0.00349967,-1.18659,1.06645,0.00102886,-18.7099,-0.435129,-0.00452853,-0.158421,-0.00295495,0.010339,0.0114259,-0.0954817,-0.108167,0.00551943,-0.0125967,1.86961,-0.000965605,1.87,0,True,True
5.95,-0,0,-0.00048942,0.00290374,-0.0101506,0.913007,-0.631302,0.00343687,-1.18694,1.06645,0.00100803,-18.7098,-0.435151,-0.0044449,-0.158329,-0.00290374,0.0101506,0.0111904,-0,0,-0.0019246,0.00290374,-0.0101506,-1.0387,-0.631302,0.00343687,-1.18685,1.06645,0.00100803,-18.7101,-0.435151,-0.0044449,-0.158329,-0.00290374,0.0101506,0.0111906,-0.0955595,-0.107973,0.00541957,-0.0123664,1.86962,-0.000945768,1.87,0,True,True
5.955,-0,0,-0.000479288,0.00285345,-0.00996614,0.913689,-0.631285,0.00337531,-1.1872,1.06646,0.000987699,-18.71,-0.435173,-0.00436301,-0.158239,-0.00285345,0.00996614,0.0109594,-0,0,-0.00188492,0.00285345,-0.00996614,-1.03801,-0.631285,0.00337531,-1.18712,1.06646,0.000987699,-18.7103,-0.435173,-0.00436301,-0.158239,-0.00285345,0.00996614,0.0109596,-0.095636,-0.107782,0.00532174,-0.0121409,1.86963,-0.000926292,1.87,0,True,True
5.96,-0,0,-0.00046934,0.00280407,-0.00978549,0.914358,-0.631268,0.00331499,-1.18746,1.06646,0.000967853,-18.7102,-0.435195,-0.00428284,-0.158151,-0.00280407,0.00978549,0.0107326,-0,0,-0.00184596,0.00280407,-0.00978549,-1.03734,-0.631268,0.00331499,-1.18737,1.06646,0.000967853,-18.7106,-0.435195,-0.00428284,-0.158151,-0.00280407,0.00978549,0.0107328,-0.0957112,-0.107595,0.00522593,-0.01192,1.86964,-0.000907169,1.87,0,True,True
5.965,-0,0,-0.000459571,0.00275559,-0.00960858,0.915015,-0.631252,0.00325588,-1.18772,1.06647,0.000948479,-18.7104,-0.435216,-0.00420436,-0.158064,-0.00275559,0.00960858,0.0105099,-0,0,-0.00180771,0.00275559,-0.00960858,-1.03669,-0.631252,0.00325588,-1.18763,1.06647,0.000948479,-18.7108,-0.435216,-0.00420436,-0.158064,-0.00275559,0.00960858,0.0105101,-0.095785,-0.107411,0.00513209,-0.0117038,1.86964,-0.000888392,1.87,0,True,True
5.97,-0,0,-0.000449978,0.00270799,-0.00943534,0.91566,-0.631236,0.00319796,-1.18797,1.06647,0.000929567,-18.7106,-0.435237,-0.00412753,-0.157979,-0.00270799,0.00943534,0.0102912,-0,0,-0.00177014,0.00270799,-0.00943534,-1.03604,-0.631236,0.00319796,-1.18787,1.06647,0.000929567,-18.711,-0.435237,-0.00412753,-0.157979,-0.00270799,0.00943534,0.0102914,-0.0958576,-0.107231,0.00504018,-0.0114921,1.86965,-0.000869955,1.87,0,True,True
5.975,-0,0,-0.000440558,0.00266124,-0.00926571,0.916293,-0.63122,0.00314121,-1.18822,1.06648,0.000911106,-18.7108,-0.435257,-0.00405232,-0.157896,-0.00266124,0.00926571,0.0100764,-0,0,-0.00173325,0.00266124,-0.00926571,-1.03541,-0.63122,0.00314121,-1.18812,1.06648,0.000911106,-18.7112,-0.435257,-0.00405232,-0.157896,-0.00266124,0.00926571,0.0100766,-0.095929,-0.107054,0.00495018,-0.0112847,1.86966,-0.000851849,1.87,0,True,True
5.98,-0,0,-0.000431306,0.00261533,-0.00909963,0.916915,-0.631204,0.00308561,-1.18846,1.06648,0.000893086,-18.711,-0.435277,-0.0039787,-0.157814,-0.00261533,0.00909963,0.00986547,-0,0,-0.00169702,0.00261533,-0.00909963,-1.03479,-0.631204,0.00308561,-1.18836,1.06648,0.000893086,-18.7114,-0.435277,-0.0039787,-0.157814,-0.00261533,0.00909963,0.00986567,-0.0959992,-0.10688,0.00486205,-0.0110818,1.86967,-0.000834069,1.87,0,True,True
5.985,-0,0,-0.000422218,0.00257024,-0.00893703,0.917526,-0.631189,0.00303115,-1.1887,1.06649,0.000875495,-18.7112,-0.435297,-0.00390664,-0.157734,-0.00257024,0.00893703,0.00965832,-0,0,-0.00166144,0.00257024,-0.00893703,-1.03418,-0.631189,0.00303115,-1.18859,1.06649,0.000875495,-18.7116,-0.435297,-0.00390664,-0.157734,-0.00257024,0.00893703,0.00965852,-0.0960681,-0.106709,0.00477576,-0.0108831,1.86967,-0.000816606,1.87,0,True,True
5.99,-0,0,-0.000413293,0.00252596,-0.00877784,0.918125,-0.631174,0.0029778,-1.18893,1.06649,0.000858324,-18.7114,-0.435316,-0.00383612,-0.157655,-0.00252596,0.00877784,0.00945485,-0,0,-0.00162649,0.00252596,-0.00877784,-1.03358,-0.631174,0.0029778,-1.18882,1.06649,0.000858324,-18.7118,-0.435316,-0.00383612,-0.157655,-0.00252596,0.00877784,0.00945506,-0.0961359,-0.106542,0.00469127,-0.0106886,1.86968,-0.000799456,1.87,0,True,True
5.995,-0,0,-0.000404525,0.00248247,-0.00862202,0.918714,-0.631159,0.00292554,-1.18916,1.06649,0.000841563,-18.7116,-0.435335,-0.0037671,-0.157578,-0.00248247,0.00862202,0.009255,-0,0,-0.00159216,0.00248247,-0.00862202,-1.03299,-0.631159,0.00292554,-1.18905,1.06649,0.000841563,-18.712,-0.435335,-0.0037671,-0.157578,-0.00248247,0.00862202,0.00925521,-0.0962026,-0.106377,0.00460856,-0.0104982,1.86969,-0.00078261,1.87,0,True,True
6,-0,0,-0.000395912,0.00243974,-0.00846949,0.919293,-0.631145,0.00287436,-1.18938,1.0665,0.000825202,-18.7118,-0.435354,-0.00369956,-0.157502,-0.00243974,0.00846949,0.00905868,-0,0,-0.00155843,0.00243974,-0.00846949,-1.03241,-0.631145,0.00287436,-1.18927,1.0665,0.000825202,-18.7122,-0.435354,-0.00369956,-0.157502,-0.00243974,0.00846949,0.00905889,-0.0962681,-0.106215,0.00452759,-0.0103118,1.86969,-0.000766063,1.87,0,True,True
6.005,-0,0,-0.00038745,0.00239777,-0.0083202,0.91986,-0.63113,0.00282424,-1.18961,1.0665,0.000809232,-18.712,-0.435372,-0.00363347,-0.157428,-0.00239777,0.0083202,0.00886582,-0,0,-0.0015253,0.00239777,-0.0083202,-1.03184,-0.63113,0.00282424,-1.18949,1.0665,0.000809232,-18.7124,-0.435372,-0.00363347,-0.157428,-0.00239777,0.0083202,0.00886603,-0.0963326,-0.106057,0.00444833,-0.0101294,1.8697,-0.000749808,1.87,0,True,True
6.01,-0,0,-0.000379136,0.00235654,-0.0081741,0.920418,-0.631116,0.00277516,-1.18982,1.06651,0.000793645,-18.7121,-0.43539,-0.00356881,-0.157355,-0.00235654,0.0081741,0.00867634,-0,0,-0.00149276,0.00235654,-0.0081741,-1.03128,-0.631116,0.00277516,-1.1897,1.06651,0.000793645,-18.7126,-0.43539,-0.00356881,-0.157355,-0.00235654,0.0081741,0.00867656,-0.0963959,-0.105901,0.00437075,-0.00995093,1.86971,-0.00073384,1.87,0,True,True
6.015,-0,0,-0.000370967,0.00231603,-0.00803112,0.920966,-0.631103,0.00272711,-1.19004,1.06651,0.000778431,-18.7123,-0.435408,-0.00350554,-0.157283,-0.00231603,0.00803112,0.00849018,-0,0,-0.00146078,0.00231603,-0.00803112,-1.03074,-0.631103,0.00272711,-1.18991,1.06651,0.000778431,-18.7128,-0.435408,-0.00350554,-0.157283,-0.00231603,0.00803112,0.0084904,-0.0964583,-0.105748,0.00429483,-0.00977627,1.86971,-0.000718151,1.87,0,True,True
6.02,-0,0,-0.00036294,0.00227623,-0.00789122,0.921505,-0.631089,0.00268006,-1.19025,1.06651,0.000763582,-18.7125,-0.435425,-0.00344364,-0.157213,-0.00227623,0.00789122,0.00830726,-0,0,-0.00142936,0.00227623,-0.00789122,-1.0302,-0.631089,0.00268006,-1.19012,1.06651,0.000763582,-18.713,-0.435425,-0.00344364,-0.157213,-0.00227623,0.00789122,0.00830748,-0.0965196,-0.105598,0.00422054,-0.00960537,1.86972,-0.000702736,1.87,0,True,True
6.025,-0,0,-0.000355052,0.00223712,-0.00775434,0.922034,-0.631076,0.002634,-1.19045,1.06652,0.00074909,-18.7126,-0.435442,-0.00338309,-0.157144,-0.00223712,0.00775434,0.00812751,-0,0,-0.00139848,0.00223712,-0.00775434,-1.02967,-0.631076,0.002634,-1.19032,1.06652,0.00074909,-18.7131,-0.435442,-0.00338309,-0.157144,-0.00223712,0.00775434,0.00812773,-0.0965799,-0.10545,0.00414784,-0.00943817,1.86972,-0.000687589,1.87,0,True,True
6.03,-0,0,-0.000347299,0.00219868,-0.00762042,0.922553,-0.631063,0.00258892,-1.19066,1.06652,0.000734946,-18.7128,-0.435459,-0.00332387,-0.157077,-0.00219868,0.00762042,0.00795087,-0,0,-0.00136814,0.00219868,-0.00762042,-1.02915,-0.631063,0.00258892,-1.19052,1.06652,0.000734946,-18.7133,-0.435459,-0.00332387,-0.157077,-0.00219868,0.00762042,0.00795108,-0.0966392,-0.105305,0.00407672,-0.0092746,1.86973,-0.000672704,1.87,0,True,True
6.035,-0,0,-0.000339679,0.00216091,-0.00748943,0.923064,-0.63105,0.0025448,-1.19085,1.06653,0.000721144,-18.713,-0.435476,-0.00326594,-0.157011,-0.00216091,0.00748943,0.00777726,-0,0,-0.00133831,0.00216091,-0.00748943,-1.02864,-0.63105,0.0025448,-1.19072,1.06653,0.000721144,-18.7135,-0.435476,-0.00326594,-0.157011,-0.00216091,0.00748943,0.00777747,-0.0966976,-0.105163,0.00400714,-0.0091146,1.86974,-0.000658076,1.87,0,True,True
6.04,-0,0,-0.000332188,0.00212379,-0.00736129,0.923565,-0.631037,0.00250162,-1.19105,1.06653,0.000707675,-18.7131,-0.435492,-0.0032093,-0.156945,-0.00212379,0.00736129,0.00760662,-0,0,-0.001309,0.00212379,-0.00736129,-1.02814,-0.631037,0.00250162,-1.19091,1.06653,0.000707675,-18.7137,-0.435492,-0.0032093,-0.156946,-0.00212379,0.00736129,0.00760683,-0.096755,-0.105023,0.00393907,-0.00895811,1.86974,-0.000643699,1.87,0,True,True
6.045,-0,0,-0.000324824,0.0020873,-0.00723598,0.924058,-0.631025,0.00245937,-1.19124,1.06653,0.000694532,-18.7133,-0.435508,-0.0031539,-0.156882,-0.0020873,0.00723598,0.00743888,-0,0,-0.00128019,0.0020873,-0.00723598,-1.02764,-0.631025,0.00245937,-1.1911,1.06653,0.000694532,-18.7138,-0.435508,-0.0031539,-0.156882,-0.0020873,0.00723598,0.0074391,-0.0968115,-0.104885,0.0038725,-0.00880507,1.86975,-0.000629567,1.87,0,True,True
6.05,-0,0,-0.000317585,0.00205143,-0.00711344,0.924543,-0.631013,0.00241804,-1.19143,1.06654,0.000681708,-18.7134,-0.435523,-0.00309974,-0.156819,-0.00205143,0.00711344,0.00727398,-0,0,-0.00125187,0.00205143,-0.00711344,-1.02716,-0.631013,0.00241804,-1.19128,1.06654,0.000681708,-18.714,-0.435523,-0.00309974,-0.156819,-0.00205143,0.00711344,0.0072742,-0.0968671,-0.10475,0.0038074,-0.00865541,1.86975,-0.000615675,1.87,0,True,True
6.055,-0,0,-0.000310466,0.00201617,-0.00699361,0.925019,-0.631001,0.0023776,-1.19162,1.06654,0.000669196,-18.7136,-0.435539,-0.00304679,-0.156757,-0.00201617,0.00699361,0.00711186,-0,0,-0.00122402,0.00201617,-0.00699361,-1.02668,-0.631001,0.0023776,-1.19147,1.06654,0.000669196,-18.7142,-0.435539,-0.00304679,-0.156757,-0.00201617,0.00699361,0.00711208,-0.0969218,-0.104617,0.00374374,-0.00850908,1.86976,-0.000602018,1.87,0,True,True
6.06,-0,0,-0.000303466,0.00198149,-0.00687647,0.925488,-0.630989,0.00233805,-1.1918,1.06654,0.000656989,-18.7137,-0.435554,-0.00299503,-0.156697,-0.00198149,0.00687647,0.00695246,-0,0,-0.00119664,0.00198149,-0.00687647,-1.02621,-0.630989,0.00233805,-1.19165,1.06654,0.000656989,-18.7143,-0.435554,-0.00299503,-0.156697,-0.00198149,0.00687647,0.00695268,-0.0969757,-0.104487,0.00368151,-0.00836603,1.86976,-0.00058859,1.87,0,True,True
6.065,-0,0,-0.000296582,0.0019474,-0.00676196,0.925948,-0.630977,0.00229936,-1.19198,1.06655,0.000645081,-18.7139,-0.435569,-0.00294444,-0.156638,-0.0019474,0.00676196,0.00679571,-0,0,-0.00116971,0.0019474,-0.00676196,-1.02575,-0.630977,0.00229936,-1.19182,1.06655,0.000645081,-18.7145,-0.435569,-0.00294444,-0.156638,-0.0019474,0.00676196,0.00679593,-0.0970287,-0.104358,0.00362067,-0.00822619,1.86977,-0.000575386,1.87,0,True,True
6.07,-0,0,-0.000289811,0.00191387,-0.00665004,0.9264,-0.630966,0.00226154,-1.19216,1.06655,0.000633465,-18.714,-0.435583,-0.002895,-0.156579,-0.00191387,0.00665004,0.00664156,-0,0,-0.00114324,0.00191387,-0.00665004,-1.0253,-0.630966,0.00226154,-1.192,1.06655,0.000633465,-18.7146,-0.435583,-0.002895,-0.156579,-0.00191387,0.00665004,0.00664178,-0.0970809,-0.104232,0.0035612,-0.00808952,1.86977,-0.000562402,1.87,0,True,True
6.075,-0,0,-0.000283151,0.0018809,-0.00654066,0.926845,-0.630955,0.00222455,-1.19233,1.06655,0.000622136,-18.7141,-0.435598,-0.00284669,-0.156522,-0.0018809,0.00654066,0.00648995,-0,0,-0.00111719,0.0018809,-0.00654066,-1.02486,-0.630955,0.00222455,-1.19217,1.06655,0.000622136,-18.7148,-0.435598,-0.00284669,-0.156522,-0.0018809,0.00654066,0.00649016,-0.0971323,-0.104108,0.00350308,-0.00795596,1.86978,-0.000549632,1.87,0,True,True
6.08,-0,0,-0.000276599,0.00184847,-0.00643379,0.927283,-0.630944,0.0021884,-1.19251,1.06656,0.000611087,-18.7143,-0.435612,-0.00279949,-0.156466,-0.00184847,0.00643379,0.00634081,-0,0,-0.00109158,0.00184847,-0.00643379,-1.02442,-0.630944,0.0021884,-1.19234,1.06656,0.000611087,-18.7149,-0.435612,-0.00279949,-0.156466,-0.00184847,0.00643379,0.00634103,-0.0971828,-0.103986,0.0034463,-0.00782547,1.86978,-0.000537071,1.87,0,True,True
6.085,-0,0,-0.000270152,0.00181656,-0.00632938,0.927713,-0.630933,0.00215307,-1.19267,1.06656,0.000600312,-18.7144,-0.435626,-0.00275338,-0.15641,-0.00181656,0.00632938,0.0061941,-0,0,-0.00106638,0.00181656,-0.00632938,-1.02399,-0.630933,0.00215307,-1.1925,1.06656,0.000600312,-18.7151,-0.435626,-0.00275338,-0.156411,-0.00181656,0.00632938,0.00619431,-0.0972326,-0.103866,0.00339082,-0.00769798,1.86979,-0.000524715,1.87,0,True,True
6.09,-0,0,-0.000263808,0.00178517,-0.0062274,0.928137,-0.630922,0.00211854,-1.19284,1.06656,0.000589806,-18.7145,-0.435639,-0.00270834,-0.156356,-0.00178517,0.0062274,0.00604975,-0,0,-0.00104159,0.00178517,-0.0062274,-1.02357,-0.630922,0.00211854,-1.19266,1.06656,0.000589806,-18.7152,-0.435639,-0.00270834,-0.156356,-0.00178517,0.0062274,0.00604997,-0.0972817,-0.103748,0.00333663,-0.00757345,1.86979,-0.000512559,1.87,0,True,True
6.095,-0,0,-0.000257566,0.00175429,-0.0061278,0.928553,-0.630912,0.0020848,-1.193,1.06656,0.000579562,-18.7147,-0.435653,-0.00266436,-0.156303,-0.00175429,0.0061278,0.00590772,-0,0,-0.0010172,0.00175429,-0.0061278,-1.02315,-0.630912,0.0020848,-1.19282,1.06656,0.000579562,-18.7154,-0.435653,-0.00266436,-0.156303,-0.00175429,0.0061278,0.00590793,-0.0973299,-0.103632,0.00328371,-0.00745184,1.8698,-0.000500598,1.87,0,True,True
6.1,-0,0,-0.000251421,0.0017239,-0.00603055,0.928963,-0.630901,0.00205184,-1.19316,1.06657,0.000569577,-18.7148,-0.435666,-0.00262142,-0.15625,-0.0017239,0.00603055,0.00576795,-0,0,-0.000993192,0.0017239,-0.00603055,-1.02274,-0.630901,0.00205184,-1.19298,1.06657,0.000569577,-18.7155,-0.435666,-0.00262142,-0.15625,-0.0017239,0.00603055,0.00576816,-0.0973775,-0.103518,0.00323203,-0.00733309,1.8698,-0.000488827,1.87,0,True,True
6.105,-0,0,-0.000245372,0.00169398,-0.00593561,0.929366,-0.630891,0.00201965,-1.19332,1.06657,0.000559845,-18.7149,-0.435679,-0.00257949,-0.156199,-0.00169398,0.00593561,0.00563038,-0,0,-0.000969567,0.00169398,-0.00593561,-1.02234,-0.630891,0.00201965,-1.19314,1.06657,0.000559845,-18.7156,-0.435679,-0.00257949,-0.156199,-0.00169398,0.00593561,0.00563059,-0.0974243,-0.103406,0.00318159,-0.00721717,1.86981,-0.000477243,1.87,0,True,True
6.11,-0,0,-0.000239417,0.00166454,-0.00584294,0.929763,-0.630881,0.00198822,-1.19348,1.06657,0.000550359,-18.715,-0.435692,-0.00253858,-0.156148,-0.00166454,0.00584294,0.00549497,-0,0,-0.000946313,0.00166454,-0.00584294,-1.02194,-0.630881,0.00198822,-1.19329,1.06657,0.000550359,-18.7158,-0.435692,-0.00253858,-0.156148,-0.00166454,0.00584294,0.00549518,-0.0974704,-0.103295,0.00313235,-0.00710401,1.86981,-0.00046584,1.87,0,True,True
6.115,-0,0,-0.000233553,0.00163555,-0.00575251,0.930154,-0.630871,0.00195753,-1.19363,1.06658,0.000541117,-18.7152,-0.435704,-0.00249865,-0.156098,-0.00163555,0.00575251,0.00536165,-0,0,-0.000923421,0.00163555,-0.00575251,-1.02155,-0.630871,0.00195753,-1.19344,1.06658,0.000541117,-18.7159,-0.435704,-0.00249865,-0.156098,-0.00163555,0.00575251,0.00536186,-0.0975158,-0.103186,0.0030843,-0.0069936,1.86982,-0.000454615,1.87,0,True,True
6.12,-0,0,-0.000227778,0.00160701,-0.00566428,0.930539,-0.630862,0.00192758,-1.19378,1.06658,0.000532112,-18.7153,-0.435717,-0.00245969,-0.156049,-0.00160701,0.00566428,0.00523039,-0,0,-0.000900882,0.00160701,-0.00566428,-1.02116,-0.630862,0.00192758,-1.19359,1.06658,0.000532112,-18.7161,-0.435717,-0.00245969,-0.156049,-0.00160701,0.00566428,0.0052306,-0.0975605,-0.103079,0.00303743,-0.00688587,1.86982,-0.000443562,1.87,0,True,True
6.125,-0,0,-0.00022209,0.00157891,-0.00557823,0.930918,-0.630852,0.00189835,-1.19393,1.06658,0.000523341,-18.7154,-0.435729,-0.00242169,-0.156,-0.00157891,0.00557823,0.00510113,-0,0,-0.000878687,0.00157891,-0.00557823,-1.02078,-0.630852,0.00189835,-1.19373,1.06658,0.000523341,-18.7162,-0.435729,-0.00242169,-0.156,-0.00157891,0.00557823,0.00510134,-0.0976046,-0.102974,0.00299171,-0.00678078,1.86983,-0.000432678,1.87,0,True,True
6.13,-0,0,-0.000216485,0.00155123,-0.00549431,0.931291,-0.630843,0.00186983,-1.19408,1.06658,0.000514798,-18.7155,-0.435741,-0.00238463,-0.155953,-0.00155123,0.00549431,0.00497382,-0,0,-0.000856828,0.00155123,-0.00549431,-1.02041,-0.630843,0.00186983,-1.19387,1.06658,0.000514798,-18.7163,-0.435741,-0.00238463,-0.155953,-0.00155123,0.00549431,0.00497402,-0.097648,-0.10287,0.00294713,-0.00667831,1.86983,-0.000421959,1.87,0,True,True
6.135,-0,0,-0.000210963,0.00152397,-0.00541249,0.931658,-0.630833,0.00184202,-1.19422,1.06659,0.00050648,-18.7156,-0.435753,-0.0023485,-0.155906,-0.00152397,0.00541249,0.0048484,-0,0,-0.000835296,0.00152397,-0.00541249,-1.02004,-0.630833,0.00184202,-1.19401,1.06659,0.00050648,-18.7164,-0.435753,-0.0023485,-0.155906,-0.00152397,0.00541249,0.0048486,-0.0976908,-0.102768,0.00290367,-0.0065784,1.86983,-0.000411401,1.87,0,True,True
6.14,-0,0,-0.000205519,0.00149711,-0.00533275,0.932019,-0.630824,0.0018149,-1.19436,1.06659,0.000498382,-18.7157,-0.435764,-0.00231328,-0.15586,-0.00149711,0.00533275,0.00472481,-0,0,-0.00081408,0.00149711,-0.00533275,-1.01968,-0.630824,0.0018149,-1.19415,1.06659,0.000498382,-18.7166,-0.435764,-0.00231328,-0.15586,-0.00149711,0.00533275,0.00472502,-0.097733,-0.102667,0.00286131,-0.00648103,1.86984,-0.000400998,1.87,0,True,True
6.145,-0,0,-0.000200153,0.00147064,-0.00525505,0.932375,-0.630815,0.00178846,-1.1945,1.06659,0.000490499,-18.7158,-0.435776,-0.00227896,-0.155814,-0.00147064,0.00525505,0.00460301,-0,0,-0.000793173,0.00147064,-0.00525505,-1.01933,-0.630815,0.00178846,-1.19429,1.06659,0.000490499,-18.7167,-0.435776,-0.00227896,-0.155814,-0.00147064,0.00525505,0.00460321,-0.0977747,-0.102568,0.00282005,-0.00638614,1.86984,-0.000390748,1.87,0,True,True
6.15,-0,0,-0.00019486,0.00144456,-0.00517937,0.932726,-0.630806,0.00176269,-1.19464,1.06659,0.000482829,-18.716,-0.435787,-0.00224552,-0.15577,-0.00144456,0.00517937,0.00448293,-0,0,-0.000772563,0.00144456,-0.00517937,-1.01898,-0.630806,0.00176269,-1.19442,1.06659,0.000482829,-18.7168,-0.435787,-0.00224552,-0.15577,-0.00144456,0.00517937,0.00448313,-0.0978159,-0.10247,0.00277986,-0.00629371,1.86985,-0.000380647,1.87,0,True,True
6.155,-0,0,-0.000189638,0.00141885,-0.00510567,0.93307,-0.630798,0.00173759,-1.19478,1.0666,0.000475367,-18.7161,-0.435798,-0.00221296,-0.155726,-0.00141885,0.00510567,0.00436451,-0,0,-0.00075224,0.00141885,-0.00510567,-1.01863,-0.630798,0.00173759,-1.19456,1.0666,0.000475367,-18.7169,-0.435798,-0.00221296,-0.155726,-0.00141885,0.00510567,0.00436471,-0.0978567,-0.102374,0.00274072,-0.00620371,1.86985,-0.00037069,1.87,0,True,True
6.16,-0,0,-0.000184483,0.0013935,-0.00503394,0.933409,-0.630789,0.00171315,-1.19492,1.0666,0.000468109,-18.7162,-0.435809,-0.00218126,-0.155684,-0.0013935,0.00503394,0.00424767,-0,0,-0.000732191,0.0013935,-0.00503394,-1.01829,-0.630789,0.00171315,-1.19469,1.0666,0.000468109,-18.7171,-0.435809,-0.00218126,-0.155684,-0.0013935,0.00503394,0.00424787,-0.0978972,-0.102279,0.00270264,-0.00611609,1.86986,-0.000360874,1.87,0,True,True
6.165,-0,0,-0.000179393,0.00136851,-0.00496413,0.933742,-0.63078,0.00168935,-1.19505,1.0666,0.000461053,-18.7163,-0.43582,-0.00215041,-0.155642,-0.00136851,0.00496413,0.00413234,-0,0,-0.000712405,0.00136851,-0.00496413,-1.01796,-0.63078,0.00168935,-1.19481,1.0666,0.000461053,-18.7172,-0.43582,-0.00215041,-0.155642,-0.00136851,0.00496413,0.00413254,-0.0979375,-0.102186,0.00266558,-0.00603083,1.86986,-0.000351195,1.87,0,True,True
6.17,-0,0,-0.000174362,0.00134386,-0.00489624,0.934068,-0.630772,0.0016662,-1.19518,1.0666,0.000454193,-18.7163,-0.435831,-0.00212039,-0.155602,-0.00134386,0.00489624,0.00401843,-0,0,-0.000692865,0.00134386,-0.00489624,-1.01763,-0.630772,0.0016662,-1.19494,1.0666,0.000454193,-18.7173,-0.435831,-0.00212039,-0.155602,-0.00134386,0.00489624,0.00401863,-0.0979779,-0.102095,0.00262955,-0.00594789,1.86986,-0.00034165,1.87,0,True,True
6.175,-0,0,-0.000169387,0.00131954,-0.00483023,0.934387,-0.630764,0.00164367,-1.19531,1.06661,0.000447529,-18.7164,-0.435841,-0.0020912,-0.155563,-0.00131954,0.00483023,0.00390584,-0,0,-0.000673556,0.00131954,-0.00483023,-1.01732,-0.630764,0.00164367,-1.19506,1.06661,0.000447529,-18.7174,-0.435841,-0.0020912,-0.155563,-0.00131954,0.00483023,0.00390604,-0.0980184,-0.102005,0.00259452,-0.00586725,1.86987,-0.000332234,1.87,0,True,True
6.18,-0,0,-0.000164462,0.00129556,-0.00476608,0.934699,-0.630756,0.00162177,-1.19545,1.06661,0.000441055,-18.7165,-0.435852,-0.00206282,-0.155526,-0.00129556,0.00476608,0.00379446,-0,0,-0.000654459,0.00129556,-0.00476608,-1.017,-0.630756,0.00162177,-1.19518,1.06661,0.000441055,-18.7176,-0.435852,-0.00206282,-0.155526,-0.00129556,0.00476608,0.00379466,-0.0980595,-0.101917,0.00256049,-0.00578888,1.86987,-0.000322944,1.87,0,True,True
6.185,-0,0,-0.000159582,0.00127188,-0.00470379,0.935003,-0.630748,0.00160048,-1.19558,1.06661,0.00043477,-18.7166,-0.435862,-0.00203525,-0.155491,-0.00127188,0.00470379,0.00368416,-0,0,-0.000635553,0.00127188,-0.00470379,-1.0167,-0.630748,0.00160048,-1.1953,1.06661,0.00043477,-18.7177,-0.435862,-0.00203525,-0.155492,-0.00127188,0.00470379,0.00368437,-0.0981013,-0.101832,0.00252745,-0.00571276,1.86987,-0.000313776,1.87,0,True,True
6.19,-0,0,-0.00015474,0.00124852,-0.00464332,0.935297,-0.63074,0.00157981,-1.19571,1.06661,0.000428671,-18.7167,-0.435872,-0.00200848,-0.155459,-0.00124852,0.00464332,0.0035748,-0,0,-0.000616815,0.00124852,-0.00464332,-1.01641,-0.63074,0.00157981,-1.19541,1.06661,0.000428671,-18.7178,-0.435872,-0.00200848,-0.15546,-0.00124852,0.00464332,0.00357502,-0.0981443,-0.101748,0.00249539,-0.00563887,1.86988,-0.000304728,1.87,0,True,True
6.195,-0,0,-0.00014993,0.00122545,-0.00458467,0.935581,-0.630732,0.00155975,-1.19585,1.06661,0.000422756,-18.7167,-0.435882,-0.0019825,-0.155431,-0.00122545,0.00458467,0.00346625,-0,0,-0.000598221,0.00122545,-0.00458467,-1.01612,-0.630732,0.00155975,-1.19552,1.06661,0.000422756,-18.718,-0.435882,-0.0019825,-0.155431,-0.00122545,0.00458467,0.00346648,-0.0981888,-0.101667,0.0024643,-0.00556719,1.86988,-0.000295794,1.87,0,True,True
6.2,-0,0,-0.000145146,0.00120267,-0.00452781,0.935854,-0.630724,0.00154029,-1.19599,1.06662,0.000417022,-18.7168,-0.435892,-0.00195731,-0.155405,-0.00120267,0.00452781,0.00335836,-0,0,-0.000579746,0.00120267,-0.00452781,-1.01585,-0.630724,0.00154029,-1.19563,1.06662,0.000417022,-18.7182,-0.435892,-0.00195731,-0.155405,-0.00120267,0.00452781,0.00335861,-0.0982353,-0.101589,0.00243417,-0.00549769,1.86988,-0.000286973,1.87,0,True,True
6.205,-0,0,-0.000140383,0.00118017,-0.00447275,0.936115,-0.630716,0.00152143,-1.19613,1.06662,0.000411468,-18.7168,-0.435902,-0.0019329,-0.155384,-0.00118017,0.00447275,0.00325101,-0,0,-0.000561369,0.00118017,-0.00447275,-1.01559,-0.630716,0.00152143,-1.19573,1.06662,0.000411468,-18.7183,-0.435902,-0.0019329,-0.155384,-0.00118017,0.00447275,0.00325127,-0.0982841,-0.101513,0.00240501,-0.00543038,1.86989,-0.00027826,1.87,0,True,True
6.21,-0,0,-0.000135636,0.00115794,-0.00441948,0.936364,-0.630709,0.00150316,-1.19627,1.06662,0.000406091,-18.7168,-0.435911,-0.00190926,-0.155367,-0.00115794,0.00441948,0.00314411,-0,0,-0.000543076,0.00115794,-0.00441948,-1.01534,-0.630709,0.00150316,-1.19583,1.06662,0.000406091,-18.7185,-0.435911,-0.00190926,-0.155367,-0.00115794,0.00441948,0.00314439,-0.0983354,-0.101441,0.0023768,-0.00536523,1.86989,-0.000269651,1.87,0,True,True
6.215,-0,0,-0.000130909,0.00113598,-0.00436798,0.936601,-0.630701,0.0014855,-1.19641,1.06662,0.000400892,-18.7168,-0.435921,-0.00188639,-0.155354,-0.00113598,0.00436798,0.00303769,-0,0,-0.00052487,0.00113598,-0.00436798,-1.0151,-0.630701,0.0014855,-1.19592,1.06662,0.000400892,-18.7187,-0.435921,-0.00188639,-0.155354,-0.00113598,0.00436798,0.003038,-0.0983889,-0.101372,0.00234955,-0.00530225,1.86989,-0.000261144,1.87,0,True,True
6.22,-0,0,-0.00012621,0.00111426,-0.00431825,0.93683,-0.630694,0.00146842,-1.19656,1.06662,0.000395866,-18.7168,-0.43593,-0.00186429,-0.155344,-0.00111426,0.00431825,0.00293196,-0,0,-0.000506784,0.00111426,-0.00431825,-1.01488,-0.630694,0.00146842,-1.19601,1.06662,0.000395866,-18.719,-0.43593,-0.00186429,-0.155344,-0.00111426,0.00431825,0.00293229,-0.0984439,-0.101304,0.00232325,-0.00524141,1.8699,-0.000252736,1.87,0,True,True
6.225,-0,0,-0.000121564,0.0010928,-0.00427028,0.937056,-0.630687,0.00145193,-1.19671,1.06663,0.000391014,-18.7168,-0.435939,-0.00184295,-0.155334,-0.0010928,0.00427028,0.00282742,-0,0,-0.0004889,0.0010928,-0.00427028,-1.01465,-0.630687,0.00145193,-1.1961,1.06663,0.000391014,-18.7192,-0.435939,-0.00184295,-0.155335,-0.0010928,0.00427028,0.00282777,-0.0984984,-0.101238,0.00229789,-0.00518271,1.8699,-0.000244421,1.87,0,True,True
6.23,-0,0,-0.000117015,0.00107156,-0.00422403,0.937291,-0.630679,0.00143602,-1.19684,1.06663,0.000386331,-18.7168,-0.435948,-0.00182236,-0.15532,-0.00107156,0.00422403,0.00272508,-0,0,-0.000471386,0.00107156,-0.00422403,-1.01441,-0.630679,0.00143602,-1.1962,1.06663,0.000386331,-18.7194,-0.435948,-0.00182236,-0.15532,-0.00107156,0.00422403,0.00272544,-0.0985485,-0.10117,0.00227346,-0.0051261,1.8699,-0.000236198,1.87,0,True,True
6.235,-0,0,-0.000112645,0.00105056,-0.00417947,0.937555,-0.630672,0.00142068,-1.19696,1.06663,0.000381813,-18.7169,-0.435958,-0.00180249,-0.155292,-0.00105056,0.00417947,0.00262674,-0,0,-0.000454539,0.00105056,-0.00417947,-1.01415,-0.630672,0.00142068,-1.1963,1.06663,0.000381813,-18.7195,-0.435958,-0.00180249,-0.155292,-0.00105056,0.00417947,0.00262709,-0.0985876,-0.101095,0.00224994,-0.00507154,1.86991,-0.000228063,1.87,0,True,True
6.24,-0,0,-0.000108592,0.00102977,-0.0041365,0.937882,-0.630665,0.00140587,-1.19705,1.06663,0.000377452,-18.7171,-0.435967,-0.00178332,-0.155235,-0.00102977,0.0041365,0.00253543,-0,0,-0.000438868,0.00102977,-0.0041365,-1.01382,-0.630665,0.00140587,-1.19642,1.06663,0.000377452,-18.7195,-0.435967,-0.00178332,-0.155235,-0.00102977,0.0041365,0.00253576,-0.098604,-0.101006,0.00222726,-0.00501892,1.86991,-0.000220013,1.87,0,True,True
6.245,-0,0,-0.000105076,0.00100919,-0.00409498,0.938326,-0.630658,0.00139155,-1.19707,1.06663,0.000373234,-18.7174,-0.435975,-0.00176479,-0.155125,-0.00100919,0.00409498,0.0024561,-0,0,-0.000425198,0.00100919,-0.00409498,-1.01338,-0.630658,0.00139155,-1.19658,1.06663,0.000373234,-18.7193,-0.435975,-0.00176479,-0.155125,-0.00100919,0.00409498,0.00245635,-0.0985794,-0.100889,0.00220537,-0.00496806,1.86991,-0.000212044,1.87,0,True,True
6.25,-0,0,-0.000102442,0.000988817,-0.00405465,0.938972,-0.630651,0.00137764,-1.19699,1.06664,0.000369137,-18.718,-0.435984,-0.00174678,-0.154923,-0.000988817,0.00405465,0.00239653,-0,0,-0.000414834,0.000988817,-0.00405465,-1.01273,-0.630651,0.00137764,-1.1968,1.06664,0.000369137,-18.7187,-0.435984,-0.00174678,-0.154923,-0.000988817,0.00405465,0.00239662,-0.0984843,-0.100725,0.00218411,-0.00491866,1.86992,-0.000204154,1.87,0,True,True
6.255,-0,0,-0.000101222,0.000968644,-0.00401512,0.939952,-0.630644,0.00136401,-1.19673,1.06664,0.000365124,-18.719,-0.435993,-0.00172913,-0.154569,-0.000968644,0.00401512,0.00236879,-0,0,-0.000409802,0.000968644,-0.00401512,-1.01174,-0.630644,0.00136401,-1.19713,1.06664,0.000365124,-18.7175,-0.435993,-0.00172913,-0.154569,-0.000968644,0.00401512,0.0023686,-0.0982732,-0.100482,0.00216326,-0.00487023,1.86992,-0.000196342,1.87,0,True,True
6.26,-0,0,-0.000102212,0.000948666,-0.00397573,0.941466,-0.630638,0.00135044,-1.1962,1.06664,0.000361138,-18.7208,-0.436001,-0.00171157,-0.153973,-0.000948666,0.00397573,0.00239128,-0,0,-0.000413187,0.000948666,-0.00397573,-1.01022,-0.630638,0.00135044,-1.19762,1.06664,0.000361138,-18.7153,-0.436001,-0.00171157,-0.153973,-0.000948666,0.00397573,0.00239059,-0.0978765,-0.100112,0.00214246,-0.004822,1.86992,-0.000188605,1.87,0,True,True
6.265,-0,0,-0.000106584,0.000928886,-0.00393545,0.943816,-0.630631,0.00133659,-1.19523,1.06664,0.00035709,-18.7238,-0.43601,-0.00169368,-0.152995,-0.000928886,0.00393545,0.00249167,-0,0,-0.000429624,0.000928886,-0.00393545,-1.00786,-0.630631,0.00133659,-1.19838,1.06664,0.00035709,-18.7115,-0.43601,-0.00169368,-0.152995,-0.000928886,0.00393545,0.00249008,-0.0971893,-0.0995414,0.00212116,-0.00477273,1.86993,-0.000180945,1.87,0,True,True
6.27,-0,0,-0.000115621,0.000909312,-0.00389272,0.947349,-0.630624,0.00132195,-1.19365,1.06664,0.00035284,-18.7283,-0.436018,-0.00167479,-0.151476,-0.000909312,0.00389272,0.00270181,-0,0,-0.000464419,0.000909312,-0.00389272,-1.0043,-0.630624,0.00132195,-1.1995,1.06664,0.00035284,-18.7055,-0.436018,-0.00167479,-0.151479,-0.000909312,0.00389272,0.00269861,-0.0960907,-0.0986866,0.00209849,-0.00472053,1.86993,-0.000173365,1.87,0,True,True
6.275,-0,0,-9.43399e-05,0.000889959,-0.00384547,0.942787,-0.630618,0.00130583,-1.19627,1.06664,0.000348206,-18.7219,-0.436027,-0.00165404,-0.153793,-0.000889959,0.00384547,0.00216989,-0,0,-0.00037307,0.000889959,-0.00384547,-1.0089,-0.630618,0.00130583,-1.19812,1.06664,0.000348206,-18.7146,-0.436027,-0.00165404,-0.153793,-0.000889959,0.00384547,0.00216907,-0.0978899,-0.0998689,0.00207332,-0.00466292,1.86993,-0.000165871,1.87,0,True,True
6.28,-0,0,-6.63794e-05,0.000870857,-0.00382043,0.936732,-0.630611,0.00129731,-1.19965,1.06665,0.000345768,-18.7133,-0.436035,-0.00164307,-0.156781,-0.000870857,0.00382043,0.00150243,-0,0,-0.000258677,0.000870857,-0.00382043,-1.015,-0.630611,0.00129731,-1.19627,1.06665,0.000345768,-18.7265,-0.436035,-0.00164307,-0.156783,-0.000870857,0.00382043,0.00150346,-0.100199,-0.101404,0.00205994,-0.00463242,1.86994,-0.000158473,1.87,0,True,True
