t,l_hip_yaw_q,l_hip_yaw_dq,l_hip_yaw_tau,l_hip_roll_q,l_hip_roll_dq,l_hip_roll_tau,l_hip_pitch_q,l_hip_pitch_dq,l_hip_pitch_tau,l_knee_q,l_knee_dq,l_knee_tau,l_ankle_pitch_q,l_ankle_pitch_dq,l_ankle_pitch_tau,l_ankle_roll_q,l_ankle_roll_dq,l_ankle_roll_tau,r_hip_yaw_q,r_hip_yaw_dq,r_hip_yaw_tau,r_hip_roll_q,r_hip_roll_dq,r_hip_roll_tau,r_hip_pitch_q,r_hip_pitch_dq,r_hip_pitch_tau,r_knee_q,r_knee_dq,r_knee_tau,r_ankle_pitch_q,r_ankle_pitch_dq,r_ankle_pitch_tau,r_ankle_roll_q,r_ankle_roll_dq,r_ankle_roll_tau,l_ankle_motorA_tau,l_ankle_motorB_tau,l_ankle_motorA_w,l_ankle_motorB_w,com_ref_x,com_ref_y,zmp_ref_x,zmp_ref_y,contact_l,contact_r
0,-0,0,-0.0352474,0,0,0.85445,-0.627026,-0.0082886,-1.12611,1.06753,-0.00197709,-17.3755,-0.440508,0.0102657,-2.92846,0,0,-5.55112e-17,-0,0,0.0352474,0,0,-0.85445,-0.627026,-0.0082886,-1.12611,1.06753,-0.00197709,-17.3755,-0.440508,0.0102657,-2.92846,0,0,5.55112e-17,-1.89013,-1.88007,0.00795256,0.00799509,0,0,0,0,True,True
0.005,-0,0,-0.0330658,0,0,0.85445,-0.627068,-0.00464104,-1.08701,1.06752,-0.00110709,-17.2818,-0.440457,0.00574813,-2.75603,0,0,-5.55112e-17,-0,0,0.0330658,0,0,-0.85445,-0.627068,-0.00464104,-1.08701,1.06752,-0.00110709,-17.2818,-0.440457,0.00574813,-2.75603,0,0,5.55112e-17,-1.77881,-1.76935,0.00445296,0.00447677,-3.8359e-07,0,0,0,True,True
0.01,-0,0,-0.0118383,0,0,0.85445,-0.627073,-0.00144497,-0.706585,1.06752,-0.000344873,-16.3619,-0.440451,0.00178985,-1.05319,0,0,-5.55112e-17,-0,0,0.0118383,0,0,-0.85445,-0.627073,-0.00144497,-0.706585,1.06752,-0.000344873,-16.3619,-0.440451,0.00178985,-1.05319,0,0,5.55112e-17,-0.679759,-0.676144,0.00138656,0.00139397,-2.67866e-06,0,0,0,True,True
0.015,-0,0,0.0057901,0,0,0.85445,-0.627082,-0.00219072,-0.390656,1.06752,-0.000522955,-15.5981,-0.440439,0.00271368,0.360603,0,0,-5.55112e-17,-0,0,-0.0057901,0,0,-0.85445,-0.627082,-0.00219072,-0.390656,1.06752,-0.000522955,-15.5981,-0.440439,0.00271368,0.360603,0,0,5.55112e-17,0.232743,0.231505,0.00210224,0.00211348,-7.08405e-06,0,0,0,True,True
0.02,-0,0,0.00330074,0,0,0.85445,-0.627095,-0.00264311,-0.435269,1.06752,-0.000631102,-15.7063,-0.440424,0.00327422,0.160097,0,0,-5.55112e-17,-0,0,-0.00330074,0,0,-0.85445,-0.627095,-0.00264311,-0.435269,1.06752,-0.000631102,-15.7063,-0.440424,0.00327422,0.160097,0,0,5.55112e-17,0.103331,0.102781,0.00253648,0.00255005,-1.28557e-05,0,0,0,True,True
0.025,-0,0,0.00155994,0,0,0.85445,-0.627109,-0.00287362,-0.466467,1.06751,-0.000686335,-15.782,-0.440406,0.00355996,0.0195506,0,0,2.36889e-33,-0,0,-0.00155994,0,0,-0.85445,-0.627109,-0.00287362,-0.466467,1.06751,-0.000686335,-15.782,-0.440406,0.00355996,0.0195506,0,0,2.36889e-33,0.0126184,0.0125513,0.00275785,0.00277259,-1.93617e-05,0,0,0,True,True
0.03,-0,0,0.000485947,0,0,0.85445,-0.627123,-0.00296572,-0.485714,1.06751,-0.000708545,-15.8289,-0.440388,0.00367427,-0.0675413,0,0,-5.55112e-17,-0,0,-0.000485947,0,0,-0.85445,-0.627123,-0.00296572,-0.485714,1.06751,-0.000708545,-15.8289,-0.440388,0.00367427,-0.0675413,0,0,5.55112e-17,-0.0435925,-0.0433607,0.00284642,0.00286163,-2.62038e-05,0,0,0,True,True
0.035,-0,0,-0.000155188,0,0,0.85445,-0.627138,-0.00297396,-0.497205,1.06751,-0.000710732,-15.857,-0.44037,0.0036847,-0.119916,0,0,-4.45203e-32,-0,0,0.000155188,0,0,-0.85445,-0.627138,-0.00297396,-0.497205,1.06751,-0.000710732,-15.857,-0.44037,0.0036847,-0.119916,0,0,-4.45203e-32,-0.0773961,-0.0769846,0.0028545,0.00286976,-3.31376e-05,0,0,0,True,True
0.04,-0,0,-0.00051997,0,0,0.85445,-0.627153,-0.00293339,-0.503742,1.0675,-0.000701251,-15.8731,-0.440351,0.00363465,-0.150111,0,0,-5.55112e-17,-0,0,0.00051997,0,0,-0.85445,-0.627153,-0.00293339,-0.503742,1.0675,-0.000701251,-15.8731,-0.440351,0.00363465,-0.150111,0,0,5.55112e-17,-0.0968843,-0.0963692,0.00281574,0.00283079,-4.00183e-05,0,0,0,True,True
0.045,-0,0,-0.000711535,0,0,0.85445,-0.627168,-0.00286616,-0.507176,1.0675,-0.000685385,-15.8817,-0.440333,0.00355155,-0.16639,0,0,-5.55112e-17,-0,0,0.000711535,0,0,-0.85445,-0.627168,-0.00286616,-0.507176,1.0675,-0.000685385,-15.8817,-0.440333,0.00355155,-0.16639,0,0,5.55112e-17,-0.107391,-0.10682,0.00275137,0.00276608,-4.6764e-05,0,0,0,True,True
0.05,-0,0,-0.000797102,0,0,0.85445,-0.627182,-0.00278597,-0.508709,1.0675,-0.000666404,-15.8857,-0.440316,0.00345237,-0.174141,0,0,-5.55112e-17,-0,0,0.000797102,0,0,-0.85445,-0.627182,-0.00278597,-0.508709,1.0675,-0.000666404,-15.8857,-0.440316,0.00345237,-0.174141,0,0,5.55112e-17,-0.112393,-0.111795,0.00267455,0.00268884,-5.33328e-05,0,0,0,True,True
0.055,-0,0,-0.000819906,0,0,0.85445,-0.627195,-0.00270105,-0.509118,1.06749,-0.000646276,-15.887,-0.440299,0.00334733,-0.17683,0,0,7.29927e-33,-0,0,0.000819906,0,0,-0.85445,-0.627195,-0.00270105,-0.509118,1.06749,-0.000646276,-15.887,-0.440299,0.00334733,-0.17683,0,0,7.29927e-33,-0.114128,-0.113521,0.00259318,0.00260703,-5.97066e-05,0,0,0,True,True
0.06,-0,0,-0.000807296,0,0,0.85445,-0.627209,-0.00261616,-0.508892,1.06749,-0.000626136,-15.8867,-0.440282,0.00324229,-0.17665,0,0,-4.78594e-33,-0,0,0.000807296,0,0,-0.85445,-0.627209,-0.00261616,-0.508892,1.06749,-0.000626136,-15.8867,-0.440282,0.00324229,-0.17665,0,0,-4.78594e-33,-0.114012,-0.113406,0.00251181,0.00252524,-6.58813e-05,0,0,0,True,True
0.065,-0,0,-0.000776212,0,0,0.85445,-0.627222,-0.00253386,-0.508335,1.06749,-0.000606602,-15.8856,-0.440266,0.00314047,-0.174962,0,0,-5.55112e-17,-0,0,0.000776212,0,0,-0.85445,-0.627222,-0.00253386,-0.508335,1.06749,-0.000606602,-15.8856,-0.440266,0.00314047,-0.174962,0,0,5.55112e-17,-0.112922,-0.112322,0.00243293,0.00244593,-7.18611e-05,0,0,0,True,True
0.07,-0,0,-0.000736849,0,0,0.85445,-0.627234,-0.00245542,-0.50763,1.06748,-0.000587975,-15.8842,-0.440251,0.00304339,-0.172584,0,0,3.16623e-31,-0,0,0.000736849,0,0,-0.85445,-0.627234,-0.00245542,-0.50763,1.06748,-0.000587975,-15.8842,-0.440251,0.00304339,-0.172584,0,0,3.16623e-31,-0.111387,-0.110795,0.00235774,0.00237033,-7.76539e-05,0,0,0,True,True
0.075,-0,0,-0.000695106,0,0,0.85445,-0.627246,-0.00238128,-0.506881,1.06748,-0.000570365,-15.8826,-0.440236,0.00295164,-0.169992,0,0,-5.55112e-17,-0,0,0.000695106,0,0,-0.85445,-0.627246,-0.00238128,-0.506881,1.06748,-0.000570365,-15.8826,-0.440236,0.00295164,-0.169992,0,0,5.55112e-17,-0.109713,-0.10913,0.00228667,0.00229888,-8.32696e-05,0,0,0,True,True
0.08,-0,0,-0.000654188,0,0,0.85445,-0.627258,-0.00231148,-0.506148,1.06748,-0.000553782,-15.8811,-0.440221,0.00286526,-0.167443,0,0,-1.73334e-33,-0,0,0.000654188,0,0,-0.85445,-0.627258,-0.00231148,-0.506148,1.06748,-0.000553782,-15.8811,-0.440221,0.00286526,-0.167443,0,0,-1.73334e-33,-0.108068,-0.107494,0.00221975,0.00223161,-8.87184e-05,0,0,0,True,True
0.085,-0,0,-0.00061566,0,0,0.85445,-0.627269,-0.00224582,-0.505458,1.06748,-0.000538179,-15.8797,-0.440207,0.002784,-0.165065,0,0,-5.55112e-17,-0,0,0.00061566,0,0,-0.85445,-0.627269,-0.00224582,-0.505458,1.06748,-0.000538179,-15.8797,-0.440207,0.002784,-0.165065,0,0,5.55112e-17,-0.106533,-0.105967,0.0021568,0.00216832,-9.40101e-05,0,0,0,True,True
0.09,-0,0,-0.000580118,0,0,0.85445,-0.62728,-0.002184,-0.504821,1.06747,-0.000523485,-15.8784,-0.440194,0.00270749,-0.162907,0,0,-5.55112e-17,-0,0,0.000580118,0,0,-0.85445,-0.62728,-0.002184,-0.504821,1.06747,-0.000523485,-15.8784,-0.440194,0.00270749,-0.162907,0,0,5.55112e-17,-0.10514,-0.104581,0.00209753,0.00210874,-9.91541e-05,0,0,0,True,True
0.095,-0,0,-0.000547619,0,0,0.85445,-0.627291,-0.00212571,-0.504238,1.06747,-0.000509626,-15.8772,-0.44018,0.00263533,-0.160973,0,0,1.58287e-31,-0,0,0.000547619,0,0,-0.85445,-0.627291,-0.00212571,-0.504238,1.06747,-0.000509626,-15.8772,-0.44018,0.00263533,-0.160973,0,0,1.58287e-31,-0.103892,-0.10334,0.00204164,0.00205254,-0.000104159,0,0,0,True,True
0.1,-0,0,-0.000517937,0,0,0.85445,-0.627302,-0.00207062,-0.503706,1.06747,-0.000496527,-15.8761,-0.440167,0.00256715,-0.159249,0,0,-5.55112e-17,-0,0,0.000517937,0,0,-0.85445,-0.627302,-0.00207062,-0.503706,1.06747,-0.000496527,-15.8761,-0.440167,0.00256715,-0.159249,0,0,5.55112e-17,-0.102778,-0.102232,0.00198882,0.00199944,-0.000109032,0,0,0,True,True
0.105,-0,0,-0.000490731,0,0,0.85445,-0.627312,-0.00201847,-0.503219,1.06747,-0.000484125,-15.8752,-0.440155,0.0025026,-0.157706,0,0,-5.55112e-17,-0,0,0.000490731,0,0,-0.85445,-0.627312,-0.00201847,-0.503219,1.06747,-0.000484125,-15.8752,-0.440155,0.0025026,-0.157706,0,0,5.55112e-17,-0.101782,-0.101242,0.00193881,0.00194917,-0.000113781,0,0,0,True,True
0.11,-0,0,-0.000465625,0,0,0.85445,-0.627322,-0.00196902,-0.502769,1.06746,-0.000472362,-15.8743,-0.440142,0.00244138,-0.156315,0,0,-5.55112e-17,-0,0,0.000465625,0,0,-0.85445,-0.627322,-0.00196902,-0.502769,1.06746,-0.000472362,-15.8743,-0.440142,0.00244138,-0.156315,0,0,5.55112e-17,-0.100885,-0.100349,0.00189139,0.00190149,-0.000118413,0,0,0,True,True
0.115,-0,0,-0.000442263,0,0,0.85445,-0.627331,-0.00192207,-0.50235,1.06746,-0.000461192,-15.8735,-0.44013,0.00238326,-0.15505,0,0,1.37223e-33,-0,0,0.000442263,0,0,-0.85445,-0.627331,-0.00192207,-0.50235,1.06746,-0.000461192,-15.8735,-0.44013,0.00238326,-0.15505,0,0,1.37222e-33,-0.100068,-0.0995363,0.00184637,0.00185623,-0.000122932,0,0,0,True,True
0.12,-0,0,-0.000420331,0,0,0.85445,-0.627341,-0.00187746,-0.501957,1.06746,-0.000450576,-15.8727,-0.440118,0.00232804,-0.153885,0,0,1.97215e-32,-0,0,0.000420331,0,0,-0.85445,-0.627341,-0.00187746,-0.501957,1.06746,-0.000450576,-15.8727,-0.440118,0.00232804,-0.153885,0,0,1.97215e-32,-0.0993158,-0.0987883,0.00180359,0.00181322,-0.000127346,0,0,0,True,True
0.125,-0,0,-0.000399564,0,0,0.85445,-0.62735,-0.00183505,-0.501585,1.06746,-0.000440484,-15.872,-0.440107,0.00227554,-0.1528,0,0,-5.55112e-17,-0,0,0.000399564,0,0,-0.85445,-0.62735,-0.00183505,-0.501585,1.06746,-0.000440484,-15.872,-0.440107,0.00227554,-0.1528,0,0,5.55112e-17,-0.0986153,-0.0980915,0.00176292,0.00177233,-0.000131658,0,0,0,True,True
0.13,-0,0,-0.000379746,0,0,0.85445,-0.627359,-0.00179474,-0.50123,1.06745,-0.000430888,-15.8714,-0.440096,0.00222563,-0.151778,0,0,-5.55112e-17,-0,0,0.000379746,0,0,-0.85445,-0.627359,-0.00179474,-0.50123,1.06745,-0.000430888,-15.8714,-0.440096,0.00222563,-0.151778,0,0,5.55112e-17,-0.0979555,-0.0974352,0.00172426,0.00173346,-0.000135875,0,0,0,True,True
0.135,-0,0,-0.000360704,0,0,0.85445,-0.627368,-0.00175644,-0.500889,1.06745,-0.00042177,-15.8707,-0.440085,0.00217821,-0.150806,0,0,-5.55112e-17,-0,0,0.000360704,0,0,-0.85445,-0.627368,-0.00175644,-0.500889,1.06745,-0.00042177,-15.8707,-0.440085,0.00217821,-0.150806,0,0,5.55112e-17,-0.097328,-0.0968111,0.00168752,0.00169653,-0.00014,0,0,0,True,True
0.14,-0,0,-0.000342304,0,0,0.85445,-0.627377,-0.00172007,-0.500559,1.06745,-0.000413112,-15.8701,-0.440074,0.00213318,-0.149874,0,0,-5.55112e-17,-0,0,0.000342304,0,0,-0.85445,-0.627377,-0.00172007,-0.500559,1.06745,-0.000413112,-15.8701,-0.440074,0.00213318,-0.149874,0,0,5.55112e-17,-0.0967263,-0.0962125,0.00165264,0.00166146,-0.000144039,0,0,0,True,True
0.145,-0,0,-0.000324444,0,0,0.85445,-0.627385,-0.00168558,-0.500239,1.06745,-0.000404899,-15.8695,-0.440063,0.00209048,-0.148974,0,0,6.74075e-34,-0,0,0.000324444,0,0,-0.85445,-0.627385,-0.00168558,-0.500239,1.06745,-0.000404899,-15.8695,-0.440063,0.00209048,-0.148974,0,0,6.74075e-34,-0.0961453,-0.0956347,0.00161956,0.0016282,-0.000147995,0,0,0,True,True
0.15,-0,0,-0.000307046,0,0,0.85445,-0.627394,-0.00165291,-0.499927,1.06745,-0.000397119,-15.869,-0.440053,0.00205003,-0.1481,0,0,2.37828e-31,-0,0,0.000307046,0,0,-0.85445,-0.627394,-0.00165291,-0.499927,1.06745,-0.000397119,-15.869,-0.440053,0.00205003,-0.1481,0,0,2.37828e-31,-0.0955815,-0.0950739,0.00158822,0.0015967,-0.000151874,0,0,0,True,True
0.155,-0,0,-0.000290052,0,0,0.85445,-0.627402,-0.00162201,-0.499622,1.06744,-0.000389764,-15.8684,-0.440043,0.00201178,-0.147249,0,0,-5.55112e-17,-0,0,0.000290052,0,0,-0.85445,-0.627402,-0.00162201,-0.499622,1.06744,-0.000389764,-15.8684,-0.440043,0.00201178,-0.147249,0,0,5.55112e-17,-0.0950322,-0.0945275,0.00155859,0.00156692,-0.000155679,0,0,0,True,True
0.16,-0,0,-0.000273418,0,0,0.85445,-0.62741,-0.00159286,-0.499324,1.06744,-0.000382822,-15.8678,-0.440033,0.00197568,-0.146418,0,0,-5.55112e-17,-0,0,0.000273418,0,0,-0.85445,-0.62741,-0.00159286,-0.499324,1.06744,-0.000382822,-15.8678,-0.440033,0.00197568,-0.146418,0,0,5.55112e-17,-0.0944955,-0.0939936,0.00153063,0.00153881,-0.000159414,0,0,0,True,True
0.165,-0,0,-0.000257113,0,0,0.85445,-0.627418,-0.00156541,-0.499032,1.06744,-0.000376287,-15.8673,-0.440023,0.0019417,-0.145604,0,0,1.57806e-31,-0,0,0.000257113,0,0,-0.85445,-0.627418,-0.00156541,-0.499032,1.06744,-0.000376287,-15.8673,-0.440023,0.0019417,-0.145604,0,0,1.57806e-31,-0.09397,-0.093471,0.00150431,0.00151234,-0.000163083,0,0,0,True,True
0.17,-0,0,-0.000241111,0,0,0.85445,-0.627426,-0.00153964,-0.498745,1.06744,-0.00037015,-15.8668,-0.440013,0.00190979,-0.144806,0,0,-8.62817e-33,-0,0,0.000241111,0,0,-0.85445,-0.627426,-0.00153964,-0.498745,1.06744,-0.00037015,-15.8668,-0.440013,0.00190979,-0.144806,0,0,-8.62817e-33,-0.093455,-0.0929587,0.00147958,0.00148748,-0.000166691,0,0,0,True,True
0.175,-0,0,-0.000225396,0,0,0.85445,-0.627433,-0.0015155,-0.498464,1.06744,-0.000364405,-15.8663,-0.440004,0.0018799,-0.144024,0,0,-5.55112e-17,-0,0,0.000225396,0,0,-0.85445,-0.627433,-0.0015155,-0.498464,1.06744,-0.000364405,-15.8663,-0.440004,0.0018799,-0.144024,0,0,5.55112e-17,-0.0929497,-0.0924562,0.00145644,0.00146421,-0.000170241,0,0,0,True,True
0.18,-0,0,-0.000209953,0,0,0.85445,-0.627441,-0.00149297,-0.498187,1.06744,-0.000359045,-15.8657,-0.439995,0.00185202,-0.143256,0,0,-5.55112e-17,-0,0,0.000209953,0,0,-0.85445,-0.627441,-0.00149297,-0.498187,1.06744,-0.000359045,-15.8657,-0.439995,0.00185202,-0.143256,0,0,5.55112e-17,-0.0924539,-0.091963,0.00143483,0.00144249,-0.000173736,0,0,0,True,True
0.185,-0,0,-0.000194772,0,0,0.85445,-0.627448,-0.00147203,-0.497915,1.06743,-0.000354063,-15.8652,-0.439985,0.0018261,-0.142502,0,0,-8.90406e-32,-0,0,0.000194772,0,0,-0.85445,-0.627448,-0.00147203,-0.497915,1.06743,-0.000354063,-15.8652,-0.439985,0.0018261,-0.142502,0,0,-8.90406e-32,-0.0919672,-0.0914789,0.00141475,0.0014223,-0.000177181,0,0,0,True,True
0.19,-0,0,-0.000179843,0,0,0.85445,-0.627456,-0.00145265,-0.497647,1.06743,-0.000349453,-15.8648,-0.439976,0.0018021,-0.141762,0,0,-5.55112e-17,-0,0,0.000179843,0,0,-0.85445,-0.627456,-0.00145265,-0.497647,1.06743,-0.000349453,-15.8648,-0.439976,0.0018021,-0.141762,0,0,5.55112e-17,-0.0914895,-0.0910037,0.00139617,0.00140362,-0.00018058,0,0,0,True,True
0.195,-0,0,-0.000165157,0,0,0.85445,-0.627463,-0.0014348,-0.497384,1.06743,-0.00034521,-15.8643,-0.439967,0.00178001,-0.141035,0,0,-5.55112e-17,-0,0,0.000165157,0,0,-0.85445,-0.627463,-0.0014348,-0.497384,1.06743,-0.00034521,-15.8643,-0.439967,0.00178001,-0.141035,0,0,5.55112e-17,-0.0910206,-0.0905374,0.00137905,0.00138641,-0.000183935,0,0,0,True,True
0.2,-0,0,-0.000150709,0,0,0.85445,-0.62747,-0.00141845,-0.497125,1.06743,-0.000341328,-15.8638,-0.439958,0.00175978,-0.140323,0,0,-5.55112e-17,-0,0,0.000150709,0,0,-0.85445,-0.62747,-0.00141845,-0.497125,1.06743,-0.000341328,-15.8638,-0.439958,0.00175978,-0.140323,0,0,5.55112e-17,-0.0905606,-0.0900798,0.00136338,0.00137066,-0.000187251,0,0,0,True,True
0.205,-0,0,-0.000136491,0,0,0.85445,-0.627477,-0.00140359,-0.49687,1.06743,-0.000337801,-15.8633,-0.43995,0.00174139,-0.139624,0,0,-5.55112e-17,-0,0,0.000136491,0,0,-0.85445,-0.627477,-0.00140359,-0.49687,1.06743,-0.000337801,-15.8633,-0.43995,0.00174139,-0.139624,0,0,5.55112e-17,-0.0901094,-0.089631,0.00134913,0.00135633,-0.00019053,0,0,0,True,True
0.21,-0,0,-0.000122496,0,0,0.85445,-0.627484,-0.00139018,-0.49662,1.06742,-0.000334623,-15.8629,-0.439941,0.00172481,-0.138938,0,0,-5.55112e-17,-0,0,0.000122496,0,0,-0.85445,-0.627484,-0.00139018,-0.49662,1.06742,-0.000334623,-15.8629,-0.439941,0.00172481,-0.138938,0,0,5.55112e-17,-0.0896669,-0.0891908,0.00133629,0.00134342,-0.000193777,0,0,0,True,True
0.215,-0,0,-0.000108718,0,0,0.85445,-0.627491,-0.00137821,-0.496373,1.06742,-0.00033179,-15.8624,-0.439932,0.00171,-0.138266,0,0,-5.55112e-17,-0,0,0.000108718,0,0,-0.85445,-0.627491,-0.00137821,-0.496373,1.06742,-0.00033179,-15.8624,-0.439932,0.00171,-0.138266,0,0,5.55112e-17,-0.089233,-0.0887593,0.00132482,0.00133189,-0.000196994,0,0,0,True,True
0.22,-0,0,-9.51503e-05,0,0,0.85445,-0.627498,-0.00136766,-0.496129,1.06742,-0.000329295,-15.862,-0.439924,0.00169695,-0.137608,0,0,-5.55112e-17,-0,0,9.51503e-05,0,0,-0.85445,-0.627498,-0.00136766,-0.496129,1.06742,-0.000329295,-15.862,-0.439924,0.00169695,-0.137608,0,0,5.55112e-17,-0.0888077,-0.0883363,0.00131472,0.00132173,-0.000200185,0,0,0,True,True
0.225,-0,0,-8.17856e-05,0,0,0.85445,-0.627504,-0.0013585,-0.49589,1.06742,-0.000327135,-15.8615,-0.439916,0.00168563,-0.136962,0,0,-5.55112e-17,-0,0,8.17856e-05,0,0,-0.85445,-0.627504,-0.0013585,-0.49589,1.06742,-0.000327135,-15.8615,-0.439916,0.00168563,-0.136962,0,0,5.55112e-17,-0.088391,-0.0879218,0.00130594,0.00131291,-0.000203353,0,0,0,True,True
0.23,-0,0,-6.86173e-05,0,0,0.85445,-0.627511,-0.00135071,-0.495654,1.06742,-0.000325305,-15.8611,-0.439907,0.00167601,-0.13633,0,0,-5.55112e-17,-0,0,6.86173e-05,0,0,-0.85445,-0.627511,-0.00135071,-0.495654,1.06742,-0.000325305,-15.8611,-0.439907,0.00167601,-0.13633,0,0,5.55112e-17,-0.0879828,-0.0875158,0.00129849,0.00130542,-0.000206502,0,0,0,True,True
0.235,-0,0,-5.56383e-05,0,0,0.85445,-0.627518,-0.00134427,-0.495421,1.06742,-0.000323799,-15.8607,-0.439899,0.00166806,-0.13571,0,0,-5.55112e-17,-0,0,5.56383e-05,0,0,-0.85445,-0.627518,-0.00134427,-0.495421,1.06742,-0.000323799,-15.8607,-0.439899,0.00166806,-0.13571,0,0,5.55112e-17,-0.0875829,-0.087118,0.00129234,0.00129923,-0.000209634,0,0,0,True,True
0.24,-0,0,-4.28418e-05,0,0,0.85445,-0.627525,-0.00133916,-0.495192,1.06742,-0.000322614,-15.8603,-0.43989,0.00166177,-0.135104,0,0,-5.55112e-17,-0,0,4.28418e-05,0,0,-0.85445,-0.627525,-0.00133916,-0.495192,1.06742,-0.000322614,-15.8603,-0.43989,0.00166177,-0.135104,0,0,5.55112e-17,-0.0871913,-0.0867285,0.00128746,0.00129433,-0.000212753,0,0,0,True,True
0.245,-0,0,-3.02204e-05,0,0,0.85445,-0.627531,-0.00133536,-0.494966,1.06741,-0.000321744,-15.8599,-0.439882,0.00165711,-0.13451,0,0,3.04237e-33,-0,0,3.02204e-05,0,0,-0.85445,-0.627531,-0.00133536,-0.494966,1.06741,-0.000321744,-15.8599,-0.439882,0.00165711,-0.13451,0,0,3.04237e-33,-0.0868079,-0.0863471,0.00128385,0.0012907,-0.000215861,0,0,0,True,True
0.25,-0,0,-1.77671e-05,0,0,0.85445,-0.627538,-0.00133287,-0.494743,1.06741,-0.000321187,-15.8595,-0.439874,0.00165405,-0.133928,0,0,-5.55112e-17,-0,0,1.77671e-05,0,0,-0.85445,-0.627538,-0.00133287,-0.494743,1.06741,-0.000321187,-15.8595,-0.439874,0.00165405,-0.133928,0,0,5.55112e-17,-0.0864325,-0.0859738,0.00128149,0.00128833,-0.000218962,0,0,0,True,True
0.255,-0,0,-5.47458e-06,0,0,0.85445,-0.627545,-0.00133165,-0.494522,1.06741,-0.000320937,-15.8591,-0.439866,0.00165258,-0.133359,0,0,-5.55112e-17,-0,0,5.47458e-06,0,0,-0.85445,-0.627545,-0.00133165,-0.494522,1.06741,-0.000320937,-15.8591,-0.439866,0.00165258,-0.133359,0,0,5.55112e-17,-0.0860652,-0.0856084,0.00128035,0.00128718,-0.000222059,0,0,0,True,True
0.26,-0,0,6.66435e-06,0,0,0.85445,-0.627551,-0.00133169,-0.494305,1.06741,-0.000320992,-15.8587,-0.439857,0.00165268,-0.132802,0,0,1.59657e-31,-0,0,-6.66435e-06,0,0,-0.85445,-0.627551,-0.00133169,-0.494305,1.06741,-0.000320992,-15.8587,-0.439857,0.00165268,-0.132802,0,0,1.59657e-31,-0.0857056,-0.0852507,0.00128043,0.00128726,-0.000225155,0,0,0,True,True
0.265,-0,0,1.86569e-05,0,0,0.85445,-0.627558,-0.00133298,-0.49409,1.06741,-0.000321347,-15.8583,-0.439849,0.00165433,-0.132257,0,0,-5.55112e-17,-0,0,-1.86569e-05,0,0,-0.85445,-0.627558,-0.00133298,-0.49409,1.06741,-0.000321347,-15.8583,-0.439849,0.00165433,-0.132257,0,0,5.55112e-17,-0.0853538,-0.0849008,0.00128171,0.00128854,-0.000228253,0,0,0,True,True
0.27,-0,0,3.05104e-05,0,0,0.85445,-0.627565,-0.0013355,-0.493877,1.06741,-0.000321999,-15.8579,-0.439841,0.0016575,-0.131724,0,0,-1.80556e-35,-0,0,-3.05104e-05,0,0,-0.85445,-0.627565,-0.0013355,-0.493877,1.06741,-0.000321999,-15.8579,-0.439841,0.0016575,-0.131724,0,0,-1.80556e-35,-0.0850095,-0.0845584,0.00128417,0.00129102,-0.000231354,0,0,0,True,True
0.275,-0,0,4.22318e-05,0,0,0.85445,-0.627571,-0.00133924,-0.493667,1.0674,-0.000322945,-15.8576,-0.439832,0.00166219,-0.131202,0,0,3.91205e-34,-0,0,-4.22318e-05,0,0,-0.85445,-0.627571,-0.00133924,-0.493667,1.0674,-0.000322945,-15.8576,-0.439832,0.00166219,-0.131202,0,0,3.91205e-34,-0.0846728,-0.0842234,0.0012878,0.00129467,-0.000234464,0,0,0,True,True
0.28,-0,0,5.38284e-05,0,0,0.85445,-0.627578,-0.00134419,-0.493459,1.0674,-0.000324183,-15.8572,-0.439824,0.00166837,-0.130692,0,0,-5.55112e-17,-0,0,-5.38284e-05,0,0,-0.85445,-0.627578,-0.00134419,-0.493459,1.0674,-0.000324183,-15.8572,-0.439824,0.00166837,-0.130692,0,0,5.55112e-17,-0.0843434,-0.0838958,0.00129259,0.00129949,-0.000237583,0,0,0,True,True
0.285,-0,0,6.53072e-05,0,0,0.85445,-0.627585,-0.00135032,-0.493254,1.0674,-0.000325708,-15.8569,-0.439816,0.00167603,-0.130193,0,0,3.00927e-35,-0,0,-6.53072e-05,0,0,-0.85445,-0.627585,-0.00135032,-0.493254,1.0674,-0.000325708,-15.8569,-0.439816,0.00167603,-0.130193,0,0,3.00927e-35,-0.0840212,-0.0835753,0.00129853,0.00130546,-0.000240715,0,0,0,True,True
0.29,-0,0,7.66753e-05,0,0,0.85445,-0.627592,-0.00135764,-0.49305,1.0674,-0.000327519,-15.8565,-0.439807,0.00168516,-0.129705,0,0,-5.55112e-17,-0,0,-7.66753e-05,0,0,-0.85445,-0.627592,-0.00135764,-0.49305,1.0674,-0.000327519,-15.8565,-0.439807,0.00168516,-0.129705,0,0,5.55112e-17,-0.0837061,-0.0832619,0.0013056,0.00131257,-0.000243863,0,0,0,True,True
0.295,-0,0,8.79396e-05,0,0,0.85445,-0.627598,-0.00136612,-0.492848,1.0674,-0.000329612,-15.8562,-0.439799,0.00169574,-0.129228,0,0,-5.55112e-17,-0,0,-8.79396e-05,0,0,-0.85445,-0.627598,-0.00136612,-0.492848,1.0674,-0.000329612,-15.8562,-0.439799,0.00169574,-0.129228,0,0,5.55112e-17,-0.0833979,-0.0829554,0.0013138,0.00132081,-0.00024703,0,0,0,True,True
0.3,-0,0,9.9107e-05,0,0,0.85445,-0.627605,-0.00137577,-0.492648,1.0674,-0.000331986,-15.8558,-0.43979,0.00170775,-0.128761,0,0,-5.55112e-17,-0,0,-9.9107e-05,0,0,-0.85445,-0.627605,-0.00137577,-0.492648,1.0674,-0.000331986,-15.8558,-0.43979,0.00170775,-0.128761,0,0,5.55112e-17,-0.0830967,-0.0826558,0.00132311,0.00133017,-0.000250217,0,0,0,True,True
0.305,-0,0,0.000110184,0,0,0.85445,-0.627612,-0.00138656,-0.492449,1.06739,-0.000334638,-15.8555,-0.439782,0.0017212,-0.128305,0,0,-5.55112e-17,-0,0,-0.000110184,0,0,-0.85445,-0.627612,-0.00138656,-0.492449,1.06739,-0.000334638,-15.8555,-0.439782,0.0017212,-0.128305,0,0,5.55112e-17,-0.0828021,-0.0823628,0.00133353,0.00134064,-0.000253429,0,0,0,True,True
0.31,-0,0,0.000121178,0,0,0.85445,-0.627619,-0.00139849,-0.492252,1.06739,-0.000337566,-15.8552,-0.439773,0.00173606,-0.127859,0,0,-2.47723e-33,-0,0,-0.000121178,0,0,-0.85445,-0.627619,-0.00139849,-0.492252,1.06739,-0.000337566,-15.8552,-0.439773,0.00173606,-0.127859,0,0,-2.47723e-33,-0.0825142,-0.0820764,0.00134504,0.00135222,-0.000256667,0,0,0,True,True
0.315,-0,0,0.000132096,0,0,0.85445,-0.627626,-0.00141156,-0.492057,1.06739,-0.000340769,-15.8548,-0.439765,0.00175232,-0.127423,0,0,-5.55112e-17,-0,0,-0.000132096,0,0,-0.85445,-0.627626,-0.00141156,-0.492057,1.06739,-0.000340769,-15.8548,-0.439765,0.00175232,-0.127423,0,0,5.55112e-17,-0.0822328,-0.0817965,0.00135765,0.00136489,-0.000259934,0,0,0,True,True
0.32,-0,0,0.000142943,0,0,0.85445,-0.627633,-0.00142574,-0.491862,1.06739,-0.000344244,-15.8545,-0.439756,0.00176999,-0.126997,0,0,-5.55112e-17,-0,0,-0.000142943,0,0,-0.85445,-0.627633,-0.00142574,-0.491862,1.06739,-0.000344244,-15.8545,-0.439756,0.00176999,-0.126997,0,0,5.55112e-17,-0.0819578,-0.081523,0.00137133,0.00137865,-0.000263232,0,0,0,True,True
0.325,-0,0,0.000153727,0,0,0.85445,-0.62764,-0.00144105,-0.491669,1.06739,-0.00034799,-15.8542,-0.439747,0.00178904,-0.126581,0,0,-5.55112e-17,-0,0,-0.000153727,0,0,-0.85445,-0.62764,-0.00144105,-0.491669,1.06739,-0.00034799,-15.8542,-0.439747,0.00178904,-0.126581,0,0,5.55112e-17,-0.081689,-0.0812556,0.0013861,0.00139349,-0.000266566,0,0,0,True,True
0.33,-0,0,0.000164454,0,0,0.85445,-0.627648,-0.00145746,-0.491477,1.06739,-0.000352007,-15.8539,-0.439738,0.00180947,-0.126174,0,0,-5.55112e-17,-0,0,-0.000164454,0,0,-0.85445,-0.627648,-0.00145746,-0.491477,1.06739,-0.000352007,-15.8539,-0.439738,0.00180947,-0.126174,0,0,5.55112e-17,-0.0814264,-0.0809944,0.00140193,0.0014094,-0.000269936,0,0,0,True,True
0.335,-0,0,0.000175131,0,0,0.85445,-0.627655,-0.00147498,-0.491285,1.06738,-0.000356292,-15.8536,-0.439729,0.00183127,-0.125777,0,0,-5.55112e-17,-0,0,-0.000175131,0,0,-0.85445,-0.627655,-0.00147498,-0.491285,1.06738,-0.000356292,-15.8536,-0.439729,0.00183127,-0.125777,0,0,5.55112e-17,-0.0811698,-0.0807393,0.00141882,0.00142639,-0.000273345,0,0,0,True,True
0.34,-0,0,0.000185763,0,0,0.85445,-0.627662,-0.0014936,-0.491095,1.06738,-0.000360844,-15.8533,-0.43972,0.00185444,-0.125389,0,0,7.22224e-35,-0,0,-0.000185763,0,0,-0.85445,-0.627662,-0.0014936,-0.491095,1.06738,-0.000360844,-15.8533,-0.43972,0.00185444,-0.125389,0,0,7.22224e-35,-0.0809192,-0.08049,0.00143678,0.00144444,-0.000276797,0,0,0,True,True
0.345,-0,0,0.000196358,0,0,0.85445,-0.62767,-0.00151331,-0.490905,1.06738,-0.000365664,-15.853,-0.43971,0.00187897,-0.12501,0,0,-5.55112e-17,-0,0,-0.000196358,0,0,-0.85445,-0.62767,-0.00151331,-0.490905,1.06738,-0.000365664,-15.853,-0.43971,0.00187897,-0.12501,0,0,5.55112e-17,-0.0806745,-0.0802465,0.00145579,0.00146355,-0.000280294,0,0,0,True,True
0.35,-0,0,0.000206921,0,0,0.85445,-0.627678,-0.00153411,-0.490716,1.06738,-0.000370749,-15.8527,-0.439701,0.00190486,-0.124639,0,0,-5.55112e-17,-0,0,-0.000206921,0,0,-0.85445,-0.627678,-0.00153411,-0.490716,1.06738,-0.000370749,-15.8527,-0.439701,0.00190486,-0.124639,0,0,5.55112e-17,-0.0804354,-0.0800088,0.00147585,0.00148372,-0.000283837,0,0,0,True,True
0.355,-0,0,0.000217458,0,0,0.85445,-0.627685,-0.00155601,-0.490527,1.06738,-0.0003761,-15.8524,-0.439691,0.00193211,-0.124278,0,0,1.2326e-33,-0,0,-0.000217458,0,0,-0.85445,-0.627685,-0.00155601,-0.490527,1.06738,-0.0003761,-15.8524,-0.439691,0.00193211,-0.124278,0,0,1.2326e-33,-0.080202,-0.0797766,0.00149696,0.00150494,-0.000287431,0,0,0,True,True
0.36,-0,0,0.000227976,0,0,0.85445,-0.627693,-0.00157899,-0.490338,1.06737,-0.000381717,-15.8521,-0.439681,0.00196071,-0.123925,0,0,-5.55112e-17,-0,0,-0.000227976,0,0,-0.85445,-0.627693,-0.00157899,-0.490338,1.06737,-0.000381717,-15.8521,-0.439681,0.00196071,-0.123925,0,0,5.55112e-17,-0.0799742,-0.07955,0.00151912,0.00152722,-0.000291076,0,0,0,True,True
0.365,-0,0,0.000238481,0,0,0.85445,-0.627701,-0.00160305,-0.49015,1.06737,-0.000387598,-15.8518,-0.439672,0.00199065,-0.123581,0,0,-5.55112e-17,-0,0,-0.000238481,0,0,-0.85445,-0.627701,-0.00160305,-0.49015,1.06737,-0.000387598,-15.8518,-0.439672,0.00199065,-0.123581,0,0,5.55112e-17,-0.0797517,-0.0793288,0.00154232,0.00155055,-0.000294777,0,0,0,True,True
0.37,-0,0,0.000248979,0,0,0.85445,-0.627709,-0.0016282,-0.489962,1.06737,-0.000393744,-15.8515,-0.439661,0.00202195,-0.123244,0,0,-5.55112e-17,-0,0,-0.000248979,0,0,-0.85445,-0.627709,-0.0016282,-0.489962,1.06737,-0.000393744,-15.8515,-0.439661,0.00202195,-0.123244,0,0,5.55112e-17,-0.0795347,-0.0791129,0.00156657,0.00157492,-0.000298534,0,0,0,True,True
0.375,-0,0,0.000259476,0,0,0.85445,-0.627717,-0.00165443,-0.489774,1.06737,-0.000400155,-15.8513,-0.439651,0.00205459,-0.122916,0,0,-3.61113e-35,-0,0,-0.000259476,0,0,-0.85445,-0.627717,-0.00165443,-0.489774,1.06737,-0.000400155,-15.8513,-0.439651,0.00205459,-0.122916,0,0,-3.6111e-35,-0.0793229,-0.0789022,0.00159186,0.00160035,-0.000302352,0,0,0,True,True
0.38,-0,0,0.000269977,0,0,0.85445,-0.627726,-0.00168175,-0.489585,1.06737,-0.000406831,-15.851,-0.439641,0.00208858,-0.122596,0,0,-4.32612e-33,-0,0,-0.000269977,0,0,-0.85445,-0.627726,-0.00168175,-0.489585,1.06737,-0.000406831,-15.851,-0.439641,0.00208858,-0.122596,0,0,-4.32612e-33,-0.0791162,-0.0786967,0.0016182,0.00162683,-0.000306232,0,0,0,True,True
0.385,-0,0,0.00028049,0,0,0.85445,-0.627734,-0.00171014,-0.489397,1.06736,-0.000413773,-15.8507,-0.43963,0.00212392,-0.122284,0,0,-5.55112e-17,-0,0,-0.00028049,0,0,-0.85445,-0.627734,-0.00171014,-0.489397,1.06736,-0.000413773,-15.8507,-0.43963,0.00212392,-0.122284,0,0,5.55112e-17,-0.0789147,-0.0784962,0.00164558,0.00165436,-0.000310177,0,0,0,True,True
0.39,-0,0,0.000291019,0,0,0.85445,-0.627743,-0.00173962,-0.489208,1.06736,-0.000420982,-15.8504,-0.43962,0.00216061,-0.12198,0,0,-5.55112e-17,-0,0,-0.000291019,0,0,-0.85445,-0.627743,-0.00173962,-0.489208,1.06736,-0.000420982,-15.8504,-0.43962,0.00216061,-0.12198,0,0,5.55112e-17,-0.0787181,-0.0783007,0.00167401,0.00168294,-0.000314189,0,0,0,True,True
0.395,-0,0,0.00030157,0,0,0.85445,-0.627752,-0.00177019,-0.489019,1.06736,-0.000428457,-15.8502,-0.439609,0.00219865,-0.121683,0,0,-1.84889e-33,-0,0,-0.00030157,0,0,-0.85445,-0.627752,-0.00177019,-0.489019,1.06736,-0.000428457,-15.8502,-0.439609,0.00219865,-0.121683,0,0,-1.84889e-33,-0.0785265,-0.0781101,0.00170349,0.00171257,-0.000318271,0,0,0,True,True
0.4,-0,0,0.00031215,0,0,0.85445,-0.62776,-0.00180185,-0.488829,1.06736,-0.000436199,-15.8499,-0.439598,0.00223805,-0.121394,0,0,-5.55112e-17,-0,0,-0.00031215,0,0,-0.85445,-0.62776,-0.00180185,-0.488829,1.06736,-0.000436199,-15.8499,-0.439598,0.00223805,-0.121394,0,0,5.55112e-17,-0.0783397,-0.0779243,0.00173402,0.00174327,-0.000322426,0,0,0,True,True
0.405,-0,0,0.000322763,0,0,0.85445,-0.62777,-0.0018346,-0.488639,1.06736,-0.000444211,-15.8496,-0.439586,0.00227881,-0.121112,0,0,-5.55112e-17,-0,0,-0.000322763,0,0,-0.85445,-0.62777,-0.0018346,-0.488639,1.06736,-0.000444211,-15.8496,-0.439586,0.00227881,-0.121112,0,0,5.55112e-17,-0.0781576,-0.0777432,0.00176561,0.00177502,-0.000326656,0,0,0,True,True
0.41,-0,0,0.000333417,0,0,0.85445,-0.627779,-0.00186845,-0.488448,1.06735,-0.000452492,-15.8494,-0.439575,0.00232094,-0.120837,0,0,-5.55112e-17,-0,0,-0.000333417,0,0,-0.85445,-0.627779,-0.00186845,-0.488448,1.06735,-0.000452492,-15.8494,-0.439575,0.00232094,-0.120837,0,0,5.55112e-17,-0.0779802,-0.0775668,0.00179825,0.00180784,-0.000330963,0,0,0,True,True
0.415,-0,0,0.000344116,0,0,0.85445,-0.627788,-0.00190339,-0.488256,1.06735,-0.000461045,-15.8491,-0.439563,0.00236444,-0.12057,0,0,-5.55112e-17,-0,0,-0.000344116,0,0,-0.85445,-0.627788,-0.00190339,-0.488256,1.06735,-0.000461045,-15.8491,-0.439563,0.00236444,-0.12057,0,0,5.55112e-17,-0.0778074,-0.0773949,0.00183196,0.00184172,-0.000335351,0,0,0,True,True
0.42,-0,0,0.000354867,0,0,0.85445,-0.627798,-0.00193945,-0.488064,1.06735,-0.000469871,-15.8488,-0.439551,0.00240932,-0.120309,0,0,-5.55112e-17,-0,0,-0.000354867,0,0,-0.85445,-0.627798,-0.00193945,-0.488064,1.06735,-0.000469871,-15.8488,-0.439551,0.00240932,-0.120309,0,0,5.55112e-17,-0.0776392,-0.0772276,0.00186673,0.00187668,-0.000339821,0,0,0,True,True
0.425,-0,0,0.000365674,0,0,0.85445,-0.627808,-0.00197661,-0.48787,1.06735,-0.000478971,-15.8486,-0.439539,0.00245558,-0.120056,0,0,-5.55112e-17,-0,0,-0.000365674,0,0,-0.85445,-0.627808,-0.00197661,-0.48787,1.06735,-0.000478971,-15.8486,-0.439539,0.00245558,-0.120056,0,0,5.55112e-17,-0.0774754,-0.0770647,0.00190258,0.00191272,-0.000344377,0,0,0,True,True
0.43,-0,0,0.000376545,0,0,0.85445,-0.627818,-0.00201489,-0.487675,1.06734,-0.000488347,-15.8483,-0.439527,0.00250323,-0.119809,0,0,-5.55112e-17,-0,0,-0.000376545,0,0,-0.85445,-0.627818,-0.00201489,-0.487675,1.06734,-0.000488347,-15.8483,-0.439527,0.00250323,-0.119809,0,0,5.55112e-17,-0.0773159,-0.0769061,0.00193951,0.00194984,-0.00034902,0,0,0,True,True
0.435,-0,0,0.000387484,0,0,0.85445,-0.627828,-0.00205429,-0.487479,1.06734,-0.000498001,-15.8481,-0.439514,0.00255229,-0.119569,0,0,-5.55112e-17,-0,0,-0.000387484,0,0,-0.85445,-0.627828,-0.00205429,-0.487479,1.06734,-0.000498001,-15.8481,-0.439514,0.00255229,-0.119569,0,0,5.55112e-17,-0.0771608,-0.0767518,0.00197752,0.00198806,-0.000353754,0,0,0,True,True
0.44,-0,0,0.000398497,0,0,0.85445,-0.627838,-0.00209482,-0.487282,1.06734,-0.000507935,-15.8478,-0.439501,0.00260275,-0.119335,0,0,-5.55112e-17,-0,0,-0.000398497,0,0,-0.85445,-0.627838,-0.00209482,-0.487282,1.06734,-0.000507935,-15.8478,-0.439501,0.00260275,-0.119335,0,0,5.55112e-17,-0.07701,-0.0766018,0.00201663,0.00202737,-0.000358581,0,0,0,True,True
0.445,-0,0,0.00040959,0,0,0.85445,-0.627849,-0.00213649,-0.487083,1.06734,-0.000518152,-15.8475,-0.439488,0.00265464,-0.119108,0,0,-5.55112e-17,-0,0,-0.00040959,0,0,-0.85445,-0.627849,-0.00213649,-0.487083,1.06734,-0.000518152,-15.8475,-0.439488,0.00265464,-0.119108,0,0,5.55112e-17,-0.0768633,-0.0764559,0.00205683,0.00206779,-0.000363504,0,0,0,True,True
0.45,-0,0,0.000420769,0,0,0.85445,-0.62786,-0.00217931,-0.486882,1.06733,-0.000528654,-15.8473,-0.439475,0.00270796,-0.118888,0,0,-5.55112e-17,-0,0,-0.000420769,0,0,-0.85445,-0.62786,-0.00217931,-0.486882,1.06733,-0.000528654,-15.8473,-0.439475,0.00270796,-0.118888,0,0,5.55112e-17,-0.0767208,-0.0763141,0.00209815,0.00210933,-0.000368525,0,0,0,True,True
0.455,-0,0,0.000432039,0,0,0.85445,-0.627871,-0.00222328,-0.48668,1.06733,-0.000539443,-15.847,-0.439461,0.00276272,-0.118673,0,0,-5.55112e-17,-0,0,-0.000432039,0,0,-0.85445,-0.627871,-0.00222328,-0.48668,1.06733,-0.000539443,-15.847,-0.439461,0.00276272,-0.118673,0,0,5.55112e-17,-0.0765823,-0.0761764,0.00214058,0.00215199,-0.000373648,0,0,0,True,True
0.46,-0,0,0.000443406,0,0,0.85445,-0.627882,-0.00226842,-0.486477,1.06733,-0.000550522,-15.8468,-0.439447,0.00281894,-0.118465,0,0,-5.55112e-17,-0,0,-0.000443406,0,0,-0.85445,-0.627882,-0.00226842,-0.486477,1.06733,-0.000550522,-15.8468,-0.439447,0.00281894,-0.118465,0,0,5.55112e-17,-0.0764478,-0.0760426,0.00218415,0.00219578,-0.000378874,0,0,0,True,True
0.465,-0,0,0.000454875,0,0,0.85445,-0.627893,-0.00231473,-0.486271,1.06733,-0.000561894,-15.8465,-0.439433,0.00287662,-0.118263,0,0,-5.55112e-17,-0,0,-0.000454875,0,0,-0.85445,-0.627893,-0.00231473,-0.486271,1.06733,-0.000561894,-15.8465,-0.439433,0.00287662,-0.118263,0,0,5.55112e-17,-0.0763172,-0.0759128,0.00222885,0.00224072,-0.000384207,0,0,0,True,True
0.47,-0,0,0.000466454,0,0,0.85445,-0.627905,-0.00236223,-0.486063,1.06732,-0.000573562,-15.8463,-0.439418,0.00293579,-0.118067,0,0,-5.55112e-17,-0,0,-0.000466454,0,0,-0.85445,-0.627905,-0.00236223,-0.486063,1.06732,-0.000573562,-15.8463,-0.439418,0.00293579,-0.118067,0,0,5.55112e-17,-0.0761905,-0.0757868,0.00227469,0.00228681,-0.000389649,0,0,0,True,True
0.475,-0,0,0.000478146,0,0,0.85445,-0.627917,-0.00241092,-0.485854,1.06732,-0.000585529,-15.846,-0.439403,0.00299645,-0.117877,0,0,-5.55112e-17,-0,0,-0.000478146,0,0,-0.85445,-0.627917,-0.00241092,-0.485854,1.06732,-0.000585529,-15.846,-0.439403,0.00299645,-0.117877,0,0,5.55112e-17,-0.0760677,-0.0756646,0.0023217,0.00233407,-0.000395203,0,0,0,True,True
0.48,-0,0,0.000489958,0,0,0.85445,-0.627929,-0.00246083,-0.485642,1.06732,-0.000597799,-15.8458,-0.439388,0.00305862,-0.117693,0,0,-5.55112e-17,-0,0,-0.000489958,0,0,-0.85445,-0.627929,-0.00246083,-0.485642,1.06732,-0.000597799,-15.8458,-0.439388,0.00305862,-0.117693,0,0,5.55112e-17,-0.0759486,-0.0755462,0.00236988,0.00238251,-0.000400873,0,0,0,True,True
0.485,-0,0,0.000501897,0,0,0.85445,-0.627941,-0.00251195,-0.485428,1.06731,-0.000610375,-15.8455,-0.439373,0.00312233,-0.117514,0,0,9.62965e-35,-0,0,-0.000501897,0,0,-0.85445,-0.627941,-0.00251195,-0.485428,1.06731,-0.000610375,-15.8455,-0.439373,0.00312233,-0.117514,0,0,9.62965e-35,-0.0758332,-0.0754314,0.00241925,0.00243213,-0.00040666,0,0,0,True,True
0.49,-0,0,0.000513966,0,0,0.85445,-0.627954,-0.00256431,-0.485212,1.06731,-0.00062326,-15.8453,-0.439357,0.00318757,-0.117342,0,0,-5.55112e-17,-0,0,-0.000513966,0,0,-0.85445,-0.627954,-0.00256431,-0.485212,1.06731,-0.00062326,-15.8453,-0.439357,0.00318757,-0.117342,0,0,5.55112e-17,-0.0757215,-0.0753203,0.00246981,0.00248296,-0.000412568,0,0,0,True,True
0.495,-0,0,0.000526173,0,0,0.85445,-0.627967,-0.00261792,-0.484993,1.06731,-0.000636459,-15.845,-0.439341,0.00325438,-0.117174,0,0,-5.55112e-17,-0,0,-0.000526173,0,0,-0.85445,-0.627967,-0.00261792,-0.484993,1.06731,-0.000636459,-15.845,-0.439341,0.00325438,-0.117174,0,0,5.55112e-17,-0.0756134,-0.0752129,0.00252158,0.002535,-0.000418599,0,0,0,True,True
0.5,-0,0,0.000538524,0,0,0.85445,-0.62798,-0.00267279,-0.484771,1.0673,-0.000649976,-15.8447,-0.439325,0.00332276,-0.117013,0,0,-5.55112e-17,-0,0,-0.000538524,0,0,-0.85445,-0.62798,-0.00267279,-0.484771,1.0673,-0.000649976,-15.8447,-0.439325,0.00332276,-0.117013,0,0,5.55112e-17,-0.0755089,-0.0751089,0.00257457,0.00258828,-0.000424757,0,0,0,True,True
0.505,-0,0,0.000551023,0,0,0.85445,-0.627994,-0.00272894,-0.484547,1.0673,-0.000663814,-15.8445,-0.439308,0.00339275,-0.116857,0,0,2.15704e-33,-0,0,-0.000551023,0,0,-0.85445,-0.627994,-0.00272894,-0.484547,1.0673,-0.000663814,-15.8445,-0.439308,0.00339275,-0.116857,0,0,2.15704e-33,-0.0754079,-0.0750085,0.0026288,0.0026428,-0.000431044,0,0,0,True,True
0.51,-0,0,0.000563678,0,0,0.85445,-0.628008,-0.00278637,-0.48432,1.0673,-0.000677979,-15.8442,-0.439291,0.00346435,-0.116706,0,0,-5.55112e-17,-0,0,-0.000563678,0,0,-0.85445,-0.628008,-0.00278637,-0.48432,1.0673,-0.000677979,-15.8442,-0.439291,0.00346435,-0.116706,0,0,5.55112e-17,-0.0753104,-0.0749115,0.00268429,0.00269859,-0.000437463,0,0,0,True,True
0.515,-0,0,0.000576493,0,0,0.85445,-0.628022,-0.00284512,-0.484091,1.06729,-0.000692474,-15.844,-0.439273,0.0035376,-0.11656,0,0,-1.2326e-33,-0,0,-0.000576493,0,0,-0.85445,-0.628022,-0.00284512,-0.484091,1.06729,-0.000692474,-15.844,-0.439273,0.0035376,-0.11656,0,0,-1.2326e-33,-0.0752163,-0.074818,0.00274105,0.00275565,-0.000444019,0,0,0,True,True
0.52,-0,0,0.000589476,0,0,0.85445,-0.628036,-0.0029052,-0.483858,1.06729,-0.000707304,-15.8437,-0.439255,0.0036125,-0.11642,0,0,-5.55112e-17,-0,0,-0.000589476,0,0,-0.85445,-0.628036,-0.0029052,-0.483858,1.06729,-0.000707304,-15.8437,-0.439255,0.0036125,-0.11642,0,0,5.55112e-17,-0.0751256,-0.0747278,0.0027991,0.002814,-0.000450712,0,0,0,True,True
0.525,-0,0,0.000602631,0,0,0.85445,-0.628051,-0.00296661,-0.483622,1.06729,-0.000722474,-15.8435,-0.439237,0.00368908,-0.116285,0,0,-5.55112e-17,-0,0,-0.000602631,0,0,-0.85445,-0.628051,-0.00296661,-0.483622,1.06729,-0.000722474,-15.8435,-0.439237,0.00368908,-0.116285,0,0,5.55112e-17,-0.0750383,-0.0746409,0.00285845,0.00287366,-0.000457548,0,0,0,True,True
0.53,-0,0,0.000615966,0,0,0.85445,-0.628066,-0.00302939,-0.483383,1.06728,-0.000737989,-15.8432,-0.439218,0.00376737,-0.116155,0,0,-5.55112e-17,-0,0,-0.000615966,0,0,-0.85445,-0.628066,-0.00302939,-0.483383,1.06728,-0.000737989,-15.8432,-0.439218,0.00376737,-0.116155,0,0,5.55112e-17,-0.0749542,-0.0745573,0.00291912,0.00293466,-0.000464528,0,0,0,True,True
0.535,-0,0,0.000629486,0,0,0.85445,-0.628081,-0.00309354,-0.483141,1.06728,-0.000753855,-15.8429,-0.439199,0.00384739,-0.116031,0,0,-9.62966e-35,-0,0,-0.000629486,0,0,-0.85445,-0.628081,-0.00309354,-0.483141,1.06728,-0.000753855,-15.8429,-0.439199,0.00384739,-0.116031,0,0,-9.62964e-35,-0.0748735,-0.074477,0.00298113,0.002997,-0.000471656,0,0,0,True,True
0.54,-0,0,0.000643198,0,0,0.85445,-0.628097,-0.00315909,-0.482895,1.06728,-0.000770076,-15.8427,-0.43918,0.00392917,-0.115911,0,0,-5.55112e-17,-0,0,-0.000643198,0,0,-0.85445,-0.628097,-0.00315909,-0.482895,1.06728,-0.000770076,-15.8427,-0.43918,0.00392917,-0.115911,0,0,5.55112e-17,-0.0747959,-0.0743999,0.0030445,0.00306071,-0.000478936,0,0,0,True,True
0.545,-0,0,0.000657107,0,0,0.85445,-0.628113,-0.00322606,-0.482645,1.06727,-0.000786658,-15.8424,-0.43916,0.00401272,-0.115796,0,0,-5.55112e-17,-0,0,-0.000657107,0,0,-0.85445,-0.628113,-0.00322606,-0.482645,1.06727,-0.000786658,-15.8424,-0.43916,0.00401272,-0.115796,0,0,5.55112e-17,-0.0747215,-0.074326,0.00310925,0.0031258,-0.000486371,0,0,0,True,True
0.55,-0,0,0.00067122,0,0,0.85445,-0.628129,-0.00329447,-0.482392,1.06727,-0.000803608,-15.8421,-0.43914,0.00409807,-0.115686,0,0,-5.55112e-17,-0,0,-0.00067122,0,0,-0.85445,-0.628129,-0.00329447,-0.482392,1.06727,-0.000803608,-15.8421,-0.43914,0.00409807,-0.115686,0,0,5.55112e-17,-0.0746503,-0.0742552,0.0031754,0.0031923,-0.000493963,0,0,0,True,True
0.555,-0,0,0.000685544,0,0,0.85445,-0.628146,-0.00336433,-0.482136,1.06726,-0.00082093,-15.8419,-0.439119,0.00418526,-0.115581,0,0,-5.55112e-17,-0,0,-0.000685544,0,0,-0.85445,-0.628146,-0.00336433,-0.482136,1.06726,-0.00082093,-15.8419,-0.439119,0.00418526,-0.115581,0,0,5.55112e-17,-0.0745823,-0.0741875,0.00324297,0.00326023,-0.000501717,0,0,0,True,True
0.56,-0,0,0.000700084,0,0,0.85445,-0.628163,-0.00343568,-0.481875,1.06726,-0.000838631,-15.8416,-0.439098,0.00427431,-0.11548,0,0,-5.55112e-17,-0,0,-0.000700084,0,0,-0.85445,-0.628163,-0.00343568,-0.481875,1.06726,-0.000838631,-15.8416,-0.439098,0.00427431,-0.11548,0,0,5.55112e-17,-0.0745173,-0.0741229,0.00331198,0.0033296,-0.000509635,0,0,0,True,True
0.565,-0,0,0.000714848,0,0,0.85445,-0.62818,-0.00350852,-0.48161,1.06726,-0.000856718,-15.8413,-0.439076,0.00436524,-0.115385,0,0,-7.70372e-34,-0,0,-0.000714848,0,0,-0.85445,-0.62818,-0.00350852,-0.48161,1.06726,-0.000856718,-15.8413,-0.439076,0.00436524,-0.115385,0,0,-7.70372e-34,-0.0744553,-0.0740613,0.00338245,0.00340045,-0.000517722,0,0,0,True,True
0.57,-0,0,0.000729841,0,0,0.85445,-0.628198,-0.0035829,-0.481341,1.06725,-0.000875197,-15.8411,-0.439054,0.00445809,-0.115294,0,0,-5.55112e-17,-0,0,-0.000729841,0,0,-0.85445,-0.628198,-0.0035829,-0.481341,1.06725,-0.000875197,-15.8411,-0.439054,0.00445809,-0.115294,0,0,5.55112e-17,-0.0743964,-0.0740027,0.00345441,0.00347279,-0.00052598,0,0,0,True,True
0.575,-0,0,0.000745071,0,0,0.85445,-0.628216,-0.00365882,-0.481068,1.06725,-0.000894075,-15.8408,-0.439032,0.00455289,-0.115208,0,0,3.95779e-32,-0,0,-0.000745071,0,0,-0.85445,-0.628216,-0.00365882,-0.481068,1.06725,-0.000894075,-15.8408,-0.439032,0.00455289,-0.115208,0,0,3.95779e-32,-0.0743405,-0.0739471,0.00352788,0.00354665,-0.000534415,0,0,0,True,True
0.58,-0,0,0.000760544,0,0,0.85445,-0.628234,-0.00373631,-0.480791,1.06724,-0.000913358,-15.8405,-0.439009,0.00464967,-0.115126,0,0,0,-0,0,-0.000760544,0,0,-0.85445,-0.628234,-0.00373631,-0.480791,1.06724,-0.000913358,-15.8405,-0.439009,0.00464967,-0.115126,0,0,0,-0.0742875,-0.0738945,0.00360289,0.00362205,-0.000543028,0,0,0,True,True
0.585,-0,0,0.000776267,0,0,0.85445,-0.628253,-0.00381541,-0.480509,1.06724,-0.000933053,-15.8402,-0.438985,0.00474846,-0.115049,0,0,-5.55112e-17,-0,0,-0.000776267,0,0,-0.85445,-0.628253,-0.00381541,-0.480509,1.06724,-0.000933053,-15.8402,-0.438985,0.00474846,-0.115049,0,0,5.55112e-17,-0.0742375,-0.0738447,0.00367945,0.00369902,-0.000551824,0,0,0,True,True
0.59,-0,0,0.000792247,0,0,0.85445,-0.628272,-0.00389612,-0.480223,1.06723,-0.000953169,-15.8399,-0.438961,0.00484929,-0.114977,0,0,-5.55112e-17,-0,0,-0.000792247,0,0,-0.85445,-0.628272,-0.00389612,-0.480223,1.06723,-0.000953169,-15.8399,-0.438961,0.00484929,-0.114977,0,0,5.55112e-17,-0.0741904,-0.0737979,0.0037576,0.00377758,-0.000560807,0,0,0,True,True
0.595,-0,0,0.00080849,0,0,0.85445,-0.628292,-0.00397849,-0.479931,1.06723,-0.000973712,-15.8397,-0.438937,0.0049522,-0.114909,0,0,-5.55112e-17,-0,0,-0.00080849,0,0,-0.85445,-0.628292,-0.00397849,-0.479931,1.06723,-0.000973712,-15.8397,-0.438937,0.0049522,-0.114909,0,0,5.55112e-17,-0.0741462,-0.0737539,0.00383736,0.00385776,-0.00056998,0,0,0,True,True
0.6,-0,0,0.000825004,0,0,0.85445,-0.628312,-0.00406254,-0.479635,1.06722,-0.000994691,-15.8394,-0.438912,0.00505723,-0.114845,0,0,-1.44444e-34,-0,0,-0.000825004,0,0,-0.85445,-0.628312,-0.00406254,-0.479635,1.06722,-0.000994691,-15.8394,-0.438912,0.00505723,-0.114845,0,0,-1.44446e-34,-0.0741048,-0.0737128,0.00391875,0.00393959,-0.000579347,0,0,0,True,True
0.605,-0,0,0.000841796,0,0,0.85445,-0.628333,-0.00414828,-0.479334,1.06722,-0.00101611,-15.8391,-0.438886,0.0051644,-0.114786,0,0,-5.55112e-17,-0,0,-0.000841796,0,0,-0.85445,-0.628333,-0.00414828,-0.479334,1.06722,-0.00101611,-15.8391,-0.438886,0.0051644,-0.114786,0,0,5.55112e-17,-0.0740663,-0.0736745,0.00400181,0.00402309,-0.000588913,0,0,0,True,True
0.61,-0,0,0.000858874,0,0,0.85445,-0.628354,-0.00423577,-0.479028,1.06721,-0.00103799,-15.8388,-0.43886,0.00527375,-0.114731,0,0,-5.55112e-17,-0,0,-0.000858874,0,0,-0.85445,-0.628354,-0.00423577,-0.479028,1.06721,-0.00103799,-15.8388,-0.43886,0.00527375,-0.114731,0,0,5.55112e-17,-0.0740305,-0.073639,0.00408657,0.0041083,-0.000598682,0,0,0,True,True
0.615,-0,0,0.000876243,0,0,0.85445,-0.628375,-0.00432501,-0.478716,1.06721,-0.00106032,-15.8385,-0.438833,0.00538533,-0.11468,0,0,-5.55112e-17,-0,0,-0.000876243,0,0,-0.85445,-0.628375,-0.00432501,-0.478716,1.06721,-0.00106032,-15.8385,-0.438833,0.00538533,-0.11468,0,0,5.55112e-17,-0.0739976,-0.0736063,0.00417305,0.00419523,-0.000608656,0,0,0,True,True
0.62,-0,0,0.000893912,0,0,0.85445,-0.628397,-0.00441604,-0.4784,1.0672,-0.00108312,-15.8382,-0.438806,0.00549917,-0.114634,0,0,-5.55112e-17,-0,0,-0.000893912,0,0,-0.85445,-0.628397,-0.00441604,-0.4784,1.0672,-0.00108312,-15.8382,-0.438806,0.00549917,-0.114634,0,0,5.55112e-17,-0.0739675,-0.0735764,0.00426128,0.00428393,-0.000618842,0,0,0,True,True
0.625,-0,0,0.000911889,0,0,0.85445,-0.628419,-0.0045089,-0.478077,1.0672,-0.0011064,-15.8379,-0.438778,0.00561531,-0.114592,0,0,-5.55112e-17,-0,0,-0.000911889,0,0,-0.85445,-0.628419,-0.0045089,-0.478077,1.0672,-0.0011064,-15.8379,-0.438778,0.00561531,-0.114592,0,0,5.55112e-17,-0.07394,-0.0735491,0.00435129,0.00437442,-0.000629242,0,0,0,True,True
0.63,-0,0,0.000930181,0,0,0.85445,-0.628442,-0.00460362,-0.477749,1.06719,-0.00113017,-15.8376,-0.43875,0.00573379,-0.114554,0,0,-5.55112e-17,-0,0,-0.000930181,0,0,-0.85445,-0.628442,-0.00460362,-0.477749,1.06719,-0.00113017,-15.8376,-0.43875,0.00573379,-0.114554,0,0,5.55112e-17,-0.0739154,-0.0735246,0.00444313,0.00446674,-0.000639862,0,0,0,True,True
0.635,-0,0,0.000948795,0,0,0.85445,-0.628465,-0.00470021,-0.477415,1.06719,-0.00115443,-15.8373,-0.438721,0.00585465,-0.114521,0,0,-5.55112e-17,-0,0,-0.000948795,0,0,-0.85445,-0.628465,-0.00470021,-0.477415,1.06719,-0.00115443,-15.8373,-0.438721,0.00585465,-0.114521,0,0,5.55112e-17,-0.0738934,-0.0735028,0.0045368,0.00456091,-0.000650705,0,0,0,True,True
0.64,-0,0,0.00096774,0,0,0.85445,-0.628489,-0.00479873,-0.477076,1.06718,-0.0011792,-15.8369,-0.438692,0.00597793,-0.114492,0,0,2.46519e-33,-0,0,-0.00096774,0,0,-0.85445,-0.628489,-0.00479873,-0.477076,1.06718,-0.0011792,-15.8369,-0.438692,0.00597793,-0.114492,0,0,2.46519e-33,-0.0738741,-0.0734837,0.00463236,0.00465697,-0.000661777,0,0,0,True,True
0.645,-0,0,0.000987023,0,0,0.85445,-0.628513,-0.0048992,-0.47673,1.06717,-0.00120449,-15.8366,-0.438661,0.00610369,-0.114466,0,0,-5.55112e-17,-0,0,-0.000987023,0,0,-0.85445,-0.628513,-0.0048992,-0.47673,1.06717,-0.00120449,-15.8366,-0.438661,0.00610369,-0.114466,0,0,5.55112e-17,-0.0738575,-0.0734672,0.00472983,0.00475496,-0.000673081,0,0,0,True,True
0.65,-0,0,0.00100665,0,0,0.85445,-0.628538,-0.00500166,-0.476378,1.06717,-0.0012303,-15.8363,-0.43863,0.00623196,-0.114445,0,0,-9.62957e-35,-0,0,-0.00100665,0,0,-0.85445,-0.628538,-0.00500166,-0.476378,1.06717,-0.0012303,-15.8363,-0.43863,0.00623196,-0.114445,0,0,-9.62973e-35,-0.0738436,-0.0734534,0.00482926,0.00485491,-0.000684623,0,0,0,True,True
0.655,-0,0,0.00102664,0,0,0.85445,-0.628563,-0.00510613,-0.47602,1.06716,-0.00125665,-15.836,-0.438599,0.00636278,-0.114429,0,0,-5.55112e-17,-0,0,-0.00102664,0,0,-0.85445,-0.628563,-0.00510613,-0.47602,1.06716,-0.00125665,-15.836,-0.438599,0.00636278,-0.114429,0,0,5.55112e-17,-0.0738323,-0.0734422,0.00493066,0.00495685,-0.000696406,0,0,0,True,True
0.66,-0,0,0.00104698,0,0,0.85445,-0.628589,-0.00521267,-0.475655,1.06716,-0.00128354,-15.8356,-0.438567,0.00649621,-0.114416,0,0,-5.55112e-17,-0,0,-0.00104698,0,0,-0.85445,-0.628589,-0.00521267,-0.475655,1.06716,-0.00128354,-15.8356,-0.438567,0.00649621,-0.114416,0,0,5.55112e-17,-0.0738236,-0.0734336,0.00503409,0.00506082,-0.000708437,0,0,0,True,True
0.665,-0,0,0.0010677,0,0,0.85445,-0.628615,-0.0053213,-0.475283,1.06715,-0.001311,-15.8353,-0.438534,0.0066323,-0.114407,0,0,0,-0,0,-0.0010677,0,0,-0.85445,-0.628615,-0.0053213,-0.475283,1.06715,-0.001311,-15.8353,-0.438534,0.0066323,-0.114407,0,0,0,-0.0738176,-0.0734277,0.00513957,0.00516687,-0.000720719,0,0,0,True,True
0.67,-0,0,0.0010888,0,0,0.85445,-0.628642,-0.00543207,-0.474905,1.06714,-0.00133902,-15.8349,-0.438501,0.00677109,-0.114402,0,0,-5.55112e-17,-0,0,-0.0010888,0,0,-0.85445,-0.628642,-0.00543207,-0.474905,1.06714,-0.00133902,-15.8349,-0.438501,0.00677109,-0.114402,0,0,5.55112e-17,-0.0738142,-0.0734243,0.00524715,0.00527501,-0.000733258,0,0,0,True,True
0.675,-0,0,0.00111029,0,0,0.85445,-0.62867,-0.005545,-0.474519,1.06714,-0.00136762,-15.8346,-0.438466,0.00691263,-0.114402,0,0,-5.55112e-17,-0,0,-0.00111029,0,0,-0.85445,-0.62867,-0.005545,-0.474519,1.06714,-0.00136762,-15.8346,-0.438466,0.00691263,-0.114402,0,0,5.55112e-17,-0.0738134,-0.0734236,0.00535687,0.00538531,-0.000746059,0,0,0,True,True
0.68,-0,0,0.00113217,0,0,0.85445,-0.628698,-0.00566015,-0.474127,1.06713,-0.00139682,-15.8342,-0.438431,0.00705697,-0.114405,0,0,-5.55112e-17,-0,0,-0.00113217,0,0,-0.85445,-0.628698,-0.00566015,-0.474127,1.06713,-0.00139682,-15.8342,-0.438431,0.00705697,-0.114405,0,0,5.55112e-17,-0.0738152,-0.0734254,0.00546876,0.00549779,-0.000759126,0,0,0,True,True
0.685,-0,0,0.00115446,0,0,0.85445,-0.628726,-0.00577755,-0.473727,1.06712,-0.00142662,-15.8339,-0.438396,0.00720417,-0.114413,0,0,-5.55112e-17,-0,0,-0.00115446,0,0,-0.85445,-0.628726,-0.00577755,-0.473727,1.06712,-0.00142662,-15.8339,-0.438396,0.00720417,-0.114413,0,0,5.55112e-17,-0.0738195,-0.0734298,0.00558286,0.0056125,-0.000772466,0,0,0,True,True
0.69,-0,0,0.00117717,0,0,0.85445,-0.628755,-0.00589724,-0.47332,1.06711,-0.00145704,-15.8335,-0.438359,0.00735428,-0.114424,0,0,-1.2326e-33,-0,0,-0.00117717,0,0,-0.85445,-0.628755,-0.00589724,-0.47332,1.06711,-0.00145704,-15.8335,-0.438359,0.00735428,-0.114424,0,0,-1.2326e-33,-0.0738265,-0.0734367,0.00569923,0.00572947,-0.000786084,0,0,0,True,True
0.695,-0,0,0.0012003,0,0,0.85445,-0.628785,-0.00601926,-0.472905,1.06711,-0.0014881,-15.8331,-0.438322,0.00750736,-0.11444,0,0,-5.55112e-17,-0,0,-0.0012003,0,0,-0.85445,-0.628785,-0.00601926,-0.472905,1.06711,-0.0014881,-15.8331,-0.438322,0.00750736,-0.11444,0,0,5.55112e-17,-0.073836,-0.0734463,0.00581789,0.00584876,-0.000799985,0,0,0,True,True
0.7,-0,0,0.00122387,0,0,0.85445,-0.628816,-0.00614366,-0.472482,1.0671,-0.00151979,-15.8328,-0.438284,0.00766346,-0.114459,0,0,-5.55112e-17,-0,0,-0.00122387,0,0,-0.85445,-0.628816,-0.00614366,-0.472482,1.0671,-0.00151979,-15.8328,-0.438284,0.00766346,-0.114459,0,0,5.55112e-17,-0.0738481,-0.0734584,0.00593889,0.0059704,-0.000814174,0,0,0,True,True
0.705,-0,0,0.00124787,0,0,0.85445,-0.628847,-0.00627049,-0.472052,1.06709,-0.00155214,-15.8324,-0.438246,0.00782263,-0.114483,0,0,-5.55112e-17,-0,0,-0.00124787,0,0,-0.85445,-0.628847,-0.00627049,-0.472052,1.06709,-0.00155214,-15.8324,-0.438246,0.00782263,-0.114483,0,0,5.55112e-17,-0.0738629,-0.0734731,0.00606229,0.00609445,-0.000828658,0,0,0,True,True
0.71,-0,0,0.00127234,0,0,0.85445,-0.628878,-0.00639978,-0.471613,1.06708,-0.00158517,-15.832,-0.438206,0.00798494,-0.11451,0,0,0,-0,0,-0.00127234,0,0,-0.85445,-0.628878,-0.00639978,-0.471613,1.06708,-0.00158517,-15.832,-0.438206,0.00798494,-0.11451,0,0,0,-0.0738802,-0.0734903,0.00618812,0.00622094,-0.000843442,0,0,0,True,True
0.715,-0,0,0.00129726,0,0,0.85445,-0.628911,-0.00653158,-0.471166,1.06708,-0.00161888,-15.8316,-0.438166,0.00815045,-0.114542,0,0,-5.55112e-17,-0,0,-0.00129726,0,0,-0.85445,-0.628911,-0.00653158,-0.471166,1.06708,-0.00161888,-15.8316,-0.438166,0.00815045,-0.114542,0,0,5.55112e-17,-0.0739,-0.0735102,0.00631642,0.00634992,-0.000858532,0,0,0,True,True
0.72,-0,0,0.00132266,0,0,0.85445,-0.628944,-0.00666593,-0.470711,1.06707,-0.00165329,-15.8312,-0.438125,0.00831922,-0.114578,0,0,-5.55112e-17,-0,0,-0.00132266,0,0,-0.85445,-0.628944,-0.00666593,-0.470711,1.06707,-0.00165329,-15.8312,-0.438125,0.00831922,-0.114578,0,0,5.55112e-17,-0.0739226,-0.0735326,0.00644726,0.00648145,-0.000873934,0,0,0,True,True
0.725,-0,0,0.00134854,0,0,0.85445,-0.628977,-0.0068029,-0.470246,1.06706,-0.00168841,-15.8308,-0.438083,0.00849131,-0.114617,0,0,-5.55112e-17,-0,0,-0.00134854,0,0,-0.85445,-0.628977,-0.0068029,-0.470246,1.06706,-0.00168841,-15.8308,-0.438083,0.00849131,-0.114617,0,0,5.55112e-17,-0.0739477,-0.0735577,0.00658067,0.00661556,-0.000889654,0,0,0,True,True
0.73,-0,0,0.00137491,0,0,0.85445,-0.629012,-0.00694251,-0.469773,1.06705,-0.00172427,-15.8304,-0.43804,0.00866678,-0.114661,0,0,1.54074e-34,-0,0,-0.00137491,0,0,-0.85445,-0.629012,-0.00694251,-0.469773,1.06705,-0.00172427,-15.8304,-0.43804,0.00866678,-0.114661,0,0,1.54074e-34,-0.0739755,-0.0735854,0.00671671,0.00675232,-0.000905698,0,0,0,True,True
0.735,-0,0,0.00140178,0,0,0.85445,-0.629047,-0.00708484,-0.469291,1.06704,-0.00176087,-15.83,-0.437996,0.0088457,-0.114709,0,0,-5.55112e-17,-0,0,-0.00140178,0,0,-0.85445,-0.629047,-0.00708484,-0.469291,1.06704,-0.00176087,-15.83,-0.437996,0.0088457,-0.114709,0,0,5.55112e-17,-0.074006,-0.0736158,0.00685542,0.00689176,-0.000922074,0,0,0,True,True
0.74,-0,0,0.00142917,0,0,0.85445,-0.629083,-0.00722991,-0.4688,1.06703,-0.00179823,-15.8295,-0.437951,0.00902814,-0.114762,0,0,0,-0,0,-0.00142917,0,0,-0.85445,-0.629083,-0.00722991,-0.4688,1.06703,-0.00179823,-15.8295,-0.437951,0.00902814,-0.114762,0,0,0,-0.0740393,-0.073649,0.00699687,0.00703395,-0.000938786,0,0,0,True,True
0.745,-0,0,0.00145707,0,0,0.85445,-0.629119,-0.00737779,-0.4683,1.06702,-0.00183637,-15.8291,-0.437906,0.00921417,-0.114819,0,0,4.91112e-33,-0,0,-0.00145707,0,0,-0.85445,-0.629119,-0.00737779,-0.4683,1.06702,-0.00183637,-15.8291,-0.437906,0.00921417,-0.114819,0,0,4.91112e-33,-0.0740753,-0.0736849,0.00714109,0.00717893,-0.000955842,0,0,0,True,True
0.75,-0,0,0.00148551,0,0,0.85445,-0.629156,-0.00752853,-0.467789,1.06702,-0.00187531,-15.8287,-0.437859,0.00940384,-0.11488,0,0,-5.55112e-17,-0,0,-0.00148551,0,0,-0.85445,-0.629156,-0.00752853,-0.467789,1.06702,-0.00187531,-15.8287,-0.437859,0.00940384,-0.11488,0,0,5.55112e-17,-0.0741142,-0.0737237,0.00728815,0.00732676,-0.000973249,0,0,0,True,True
0.755,-0,0,0.00151449,0,0,0.85445,-0.629194,-0.00768219,-0.46727,1.06701,-0.00191506,-15.8282,-0.437812,0.00959724,-0.114946,0,0,-5.55112e-17,-0,0,-0.00151449,0,0,-0.85445,-0.629194,-0.00768219,-0.46727,1.06701,-0.00191506,-15.8282,-0.437812,0.00959724,-0.114946,0,0,5.55112e-17,-0.0741562,-0.0737654,0.0074381,0.00747749,-0.000991012,0,0,0,True,True
0.76,-0,0,0.00154402,0,0,0.85445,-0.629233,-0.0078388,-0.46674,1.067,-0.00195564,-15.8278,-0.437763,0.00979444,-0.115016,0,0,1.02947e-22,-0,0,-0.00154402,0,0,-0.85445,-0.629233,-0.0078388,-0.46674,1.067,-0.00195564,-15.8278,-0.437763,0.00979444,-0.115016,0,0,1.02947e-22,-0.0742012,-0.0738103,0.00759099,0.00763119,-0.00100914,0,0,0,True,True
0.765,-0,0,0.00157411,0,0,0.85445,-0.629273,-0.00799844,-0.4662,1.06699,-0.00199706,-15.8273,-0.437714,0.0099955,-0.115092,0,0,-5.55103e-17,-0,0,-0.00157411,0,0,-0.85445,-0.629273,-0.00799844,-0.4662,1.06699,-0.00199706,-15.8273,-0.437714,0.0099955,-0.115092,0,0,5.5512e-17,-0.0742495,-0.0738584,0.00774688,0.0077879,-0.00102764,0,0,0,True,True
0.77,-0,0,0.00160477,0,0,0.85445,-0.629313,-0.00816115,-0.46565,1.06698,-0.00203936,-15.8268,-0.437663,0.0102005,-0.115173,0,0,2.41065e-21,-0,0,-0.00160477,0,0,-0.85445,-0.629313,-0.00816115,-0.46565,1.06698,-0.00203936,-15.8268,-0.437663,0.0102005,-0.115173,0,0,2.41065e-21,-0.0743012,-0.0739099,0.00790584,0.00794769,-0.00104652,-7.41479e-27,0,0,True,True
0.775,-0,0,0.001636,0,0,0.85445,-0.629354,-0.008327,-0.46509,1.06697,-0.00208253,-15.8263,-0.437612,0.0104095,-0.11526,0,0,-5.55068e-17,-0,0,-0.001636,0,0,-0.85445,-0.629354,-0.008327,-0.46509,1.06697,-0.00208253,-15.8263,-0.437612,0.0104095,-0.11526,0,0,5.55155e-17,-0.0743565,-0.073965,0.00806791,0.00811061,-0.00106578,-5.73085e-26,0,0,True,True
0.78,-0,0,0.00166782,0,0,0.85445,-0.629396,-0.00849603,-0.464519,1.06696,-0.00212662,-15.8259,-0.437559,0.0106226,-0.115353,0,0,-5.55053e-17,-0,0,-0.00166782,0,0,-0.85445,-0.629396,-0.00849603,-0.464519,1.06696,-0.00212662,-15.8259,-0.437559,0.0106226,-0.115353,0,0,5.5517e-17,-0.0744159,-0.0740241,0.00823316,0.00827673,-0.00108544,-1.82621e-25,0,0,True,True
0.785,-0,0,0.00170023,0,0,0.85445,-0.629439,-0.00866832,-0.463938,1.06694,-0.00217162,-15.8254,-0.437505,0.0108399,-0.115453,0,0,-5.55042e-17,-0,0,-0.00170023,0,0,-0.85445,-0.629439,-0.00866832,-0.463938,1.06694,-0.00217162,-15.8254,-0.437505,0.0108399,-0.115453,0,0,5.55181e-17,-0.0744795,-0.0740875,0.00840164,0.0084461,-0.0011055,-4.07167e-25,0,0,True,True
0.79,-0,0,0.00173323,0,0,0.85445,-0.629483,-0.00884391,-0.463346,1.06693,-0.00221757,-15.8249,-0.437451,0.0110615,-0.11556,0,0,-5.55034e-17,-0,0,-0.00173323,0,0,-0.85445,-0.629483,-0.00884391,-0.463346,1.06693,-0.00221757,-15.8249,-0.437451,0.0110615,-0.11556,0,0,5.55189e-17,-0.0745479,-0.0741556,0.00857343,0.00861878,-0.00112597,-7.47964e-25,0,0,True,True
0.795,-0,0,0.00176682,0,0,0.85445,-0.629528,-0.00902286,-0.462743,1.06692,-0.00226448,-15.8244,-0.437395,0.0112873,-0.115675,0,0,-5.55028e-17,-0,0,-0.00176682,0,0,-0.85445,-0.629528,-0.00902286,-0.462743,1.06692,-0.00226448,-15.8244,-0.437395,0.0112873,-0.115675,0,0,5.55195e-17,-0.0746215,-0.0742289,0.00874857,0.00879484,-0.00114685,-1.21697e-24,0,0,True,True
0.8,-0,0,0.00180102,0,0,0.85445,-0.629573,-0.00920524,-0.462129,1.06691,-0.00231238,-15.8238,-0.437338,0.0115176,-0.115799,0,0,-5.55025e-17,-0,0,-0.00180102,0,0,-0.85445,-0.629573,-0.00920524,-0.462129,1.06691,-0.00231238,-15.8238,-0.437338,0.0115176,-0.115799,0,0,5.55198e-17,-0.074701,-0.0743081,0.00892714,0.00897434,-0.00116816,-1.82239e-24,0,0,True,True
0.805,-0,0,0.00183581,0,0,0.85445,-0.62962,-0.0093911,-0.461505,1.0669,-0.00236128,-15.8233,-0.43728,0.0117524,-0.115934,0,0,8.91747e-21,-0,0,-0.00183581,0,0,-0.85445,-0.62962,-0.0093911,-0.461505,1.0669,-0.00236128,-15.8233,-0.43728,0.0117524,-0.115934,0,0,8.91747e-21,-0.0747871,-0.0743938,0.00910919,0.00915734,-0.00118991,-2.56965e-24,0,0,True,True
0.81,-0,0,0.0018712,0,0,0.85445,-0.629667,-0.0095805,-0.46087,1.06689,-0.00241121,-15.8228,-0.43722,0.0119917,-0.11608,0,0,9.05101e-21,-0,0,-0.0018712,0,0,-0.85445,-0.629667,-0.0095805,-0.46087,1.06689,-0.00241121,-15.8228,-0.43722,0.0119917,-0.11608,0,0,9.05101e-21,-0.0748807,-0.074487,0.00929478,0.00934391,-0.00121209,-3.46213e-24,0,0,True,True
0.815,-0,0,0.00190718,0,0,0.85445,-0.629716,-0.00977349,-0.460224,1.06688,-0.00246218,-15.8223,-0.43716,0.0122357,-0.11624,0,0,-5.5502e-17,-0,0,-0.00190718,0,0,-0.85445,-0.629716,-0.00977349,-0.460224,1.06688,-0.00246218,-15.8223,-0.43716,0.0122357,-0.11624,0,0,5.55203e-17,-0.0749828,-0.0745887,0.00948398,0.00953409,-0.00123473,-4.50172e-24,0,0,True,True
0.82,-0,0,0.00194374,0,0,0.85445,-0.629765,-0.00997015,-0.459568,1.06686,-0.00251422,-15.8217,-0.437098,0.0124844,-0.116414,0,0,-5.5502e-17,-0,0,-0.00194374,0,0,-0.85445,-0.629765,-0.00997015,-0.459568,1.06686,-0.00251422,-15.8217,-0.437098,0.0124844,-0.116414,0,0,5.55203e-17,-0.0750947,-0.0747001,0.00967684,0.00972796,-0.00125782,-5.6892e-24,0,0,True,True
0.825,-0,0,0.00198086,0,0,0.85445,-0.629815,-0.0101705,-0.458902,1.06685,-0.00256734,-15.8212,-0.437035,0.0127379,-0.116606,0,0,-5.55021e-17,-0,0,-0.00198086,0,0,-0.85445,-0.629815,-0.0101705,-0.458902,1.06685,-0.00256734,-15.8212,-0.437035,0.0127379,-0.116606,0,0,5.55202e-17,-0.0752179,-0.0748226,0.00987343,0.00992558,-0.00128139,-7.02459e-24,0,0,True,True
0.83,-0,0,0.00201854,0,0,0.85445,-0.629867,-0.0103746,-0.458226,1.06684,-0.00262158,-15.8206,-0.43697,0.0129962,-0.116818,0,0,-5.55021e-17,-0,0,-0.00201854,0,0,-0.85445,-0.629867,-0.0103746,-0.458226,1.06684,-0.00262158,-15.8206,-0.43697,0.0129962,-0.116818,0,0,5.55202e-17,-0.0753538,-0.0749579,0.0100738,0.010127,-0.00130543,-8.50732e-24,0,0,True,True
0.835,-0,0,0.00205674,0,0,0.85445,-0.629919,-0.0105826,-0.457541,1.06682,-0.00267694,-15.8201,-0.436905,0.0132595,-0.117053,0,0,-5.55022e-17,-0,0,-0.00205674,0,0,-0.85445,-0.629919,-0.0105826,-0.457541,1.06682,-0.00267694,-15.8201,-0.436905,0.0132595,-0.117053,0,0,5.55201e-17,-0.0755044,-0.0751078,0.010278,0.0103323,-0.00132995,-1.01365e-23,0,0,True,True
0.84,-0,0,0.00209546,0,0,0.85445,-0.629973,-0.0107944,-0.456846,1.06681,-0.00273345,-15.8196,-0.436838,0.0135278,-0.117314,0,0,8.89039e-21,-0,0,-0.00209546,0,0,-0.85445,-0.629973,-0.0107944,-0.456846,1.06681,-0.00273345,-15.8196,-0.436838,0.0135278,-0.117314,0,0,8.89039e-21,-0.0756716,-0.0752742,0.0104861,0.0105415,-0.00135497,-1.19109e-23,0,0,True,True
0.845,-0,0,0.00213465,0,0,0.85445,-0.630027,-0.0110101,-0.456142,1.0668,-0.00279113,-15.819,-0.43677,0.0138013,-0.117603,0,0,8.80236e-21,-0,0,-0.00213465,0,0,-0.85445,-0.630027,-0.0110101,-0.456142,1.0668,-0.00279113,-15.819,-0.43677,0.0138013,-0.117603,0,0,8.80236e-21,-0.0758576,-0.0754594,0.0106982,0.0107546,-0.00138049,-1.38291e-23,0,0,True,True
0.85,-0,0,0.0021743,0,0,0.85445,-0.630083,-0.0112298,-0.455431,1.06678,-0.00285,-15.8185,-0.4367,0.0140798,-0.117926,0,0,-5.55024e-17,-0,0,-0.0021743,0,0,-0.85445,-0.630083,-0.0112298,-0.455431,1.06678,-0.00285,-15.8185,-0.4367,0.0140798,-0.117926,0,0,5.55199e-17,-0.0760647,-0.0756655,0.0109142,0.0109718,-0.00140653,-1.58898e-23,0,0,True,True
0.855,-0,0,0.00221438,0,0,0.85445,-0.630139,-0.0114535,-0.454712,1.06677,-0.00291007,-15.818,-0.436629,0.0143636,-0.118284,0,0,-5.55025e-17,-0,0,-0.00221438,0,0,-0.85445,-0.630139,-0.0114535,-0.454712,1.06677,-0.00291007,-15.818,-0.436629,0.0143636,-0.118284,0,0,5.55198e-17,-0.076295,-0.0758946,0.0111343,0.011193,-0.00143309,-1.80913e-23,0,0,True,True
0.86,-0,0,0.00225486,0,0,0.85445,-0.630197,-0.0116812,-0.453985,1.06675,-0.00297137,-15.8174,-0.436556,0.0146526,-0.118682,0,0,-5.55026e-17,-0,0,-0.00225486,0,0,-0.85445,-0.630197,-0.0116812,-0.453985,1.06675,-0.00297137,-15.8174,-0.436556,0.0146526,-0.118682,0,0,5.55197e-17,-0.0765504,-0.0761488,0.0113585,0.0114184,-0.00146019,-2.04323e-23,0,0,True,True
0.865,-0,0,0.00229574,0,0,0.85445,-0.630256,-0.011913,-0.453251,1.06674,-0.00303391,-15.8169,-0.436482,0.0149469,-0.11912,0,0,-5.55027e-17,-0,0,-0.00229574,0,0,-0.85445,-0.630256,-0.011913,-0.453251,1.06674,-0.00303391,-15.8169,-0.436482,0.0149469,-0.11912,0,0,5.55196e-17,-0.0768323,-0.0764294,0.0115868,0.0116479,-0.00148782,-2.29113e-23,0,0,True,True
0.87,-0,0,0.00233702,0,0,0.85445,-0.630316,-0.0121489,-0.45251,1.06672,-0.00309771,-15.8164,-0.436407,0.0152466,-0.119601,0,0,8.35757e-21,-0,0,-0.00233702,0,0,-0.85445,-0.630316,-0.0121489,-0.45251,1.06672,-0.00309771,-15.8164,-0.436407,0.0152466,-0.119601,0,0,8.35757e-21,-0.0771413,-0.0767368,0.0118193,0.0118816,-0.00151601,-2.55268e-23,0,0,True,True
0.875,-0,0,0.00237874,0,0,0.85445,-0.630378,-0.0123889,-0.451761,1.06671,-0.00316279,-15.8159,-0.43633,0.0155517,-0.120122,0,0,-5.55029e-17,-0,0,-0.00237874,0,0,-0.85445,-0.630378,-0.0123889,-0.451761,1.06671,-0.00316279,-15.8159,-0.43633,0.0155517,-0.120122,0,0,5.55194e-17,-0.0774762,-0.0770701,0.012056,0.0121195,-0.00154477,-2.82775e-23,0,0,True,True
0.88,-0,0,0.00242098,0,0,0.85445,-0.63044,-0.0126332,-0.451003,1.06669,-0.00322917,-15.8154,-0.436251,0.0158624,-0.120678,0,0,8.20355e-21,-0,0,-0.00242098,0,0,-0.85445,-0.63044,-0.0126332,-0.451003,1.06669,-0.00322917,-15.8154,-0.436251,0.0158624,-0.120678,0,0,8.20355e-21,-0.0778339,-0.0774261,0.0122969,0.0123617,-0.00157409,-3.11621e-23,0,0,True,True
0.885,-0,0,0.00246388,0,0,0.85445,-0.630504,-0.0128817,-0.450233,1.06668,-0.00329688,-15.8149,-0.436171,0.0161785,-0.121259,0,0,-5.5503e-17,-0,0,-0.00246388,0,0,-0.85445,-0.630504,-0.0128817,-0.450233,1.06668,-0.00329688,-15.8149,-0.436171,0.0161785,-0.121259,0,0,5.55193e-17,-0.0782079,-0.0777983,0.0125422,0.0126082,-0.001604,-3.41795e-23,0,0,True,True
0.89,-0,0,0.00250767,0,0,0.85445,-0.630569,-0.0131345,-0.449447,1.06666,-0.00336594,-15.8144,-0.436089,0.0165004,-0.121849,0,0,-5.55031e-17,-0,0,-0.00250767,0,0,-0.85445,-0.630569,-0.0131345,-0.449447,1.06666,-0.00336594,-15.8144,-0.436089,0.0165004,-0.121849,0,0,5.55192e-17,-0.0785874,-0.0781758,0.0127919,0.0128592,-0.0016345,-3.73284e-23,0,0,True,True
0.895,-0,0,0.0025527,0,0,0.85445,-0.630635,-0.0133917,-0.448639,1.06664,-0.00343639,-15.8138,-0.436006,0.0168281,-0.122421,0,0,-5.55031e-17,-0,0,-0.0025527,0,0,-0.85445,-0.630635,-0.0133917,-0.448639,1.06664,-0.00343639,-15.8138,-0.436006,0.0168281,-0.122421,0,0,5.55192e-17,-0.0789552,-0.0785419,0.0130461,0.0131147,-0.00166561,-4.06079e-23,0,0,True,True
0.9,-0,0,0.00259945,0,0,0.85445,-0.630703,-0.0136534,-0.447799,1.06662,-0.00350828,-15.8132,-0.435921,0.0171617,-0.122937,0,0,-5.55032e-17,-0,0,-0.00259945,0,0,-0.85445,-0.630703,-0.0136534,-0.447799,1.06662,-0.00350828,-15.8132,-0.435921,0.0171617,-0.122937,0,0,5.55191e-17,-0.0792867,-0.0788717,0.0133049,0.0133749,-0.00169732,-4.4017e-23,0,0,True,True
0.905,-0,0,0.00264863,0,0,0.85445,-0.630772,-0.0139199,-0.446916,1.06661,-0.00358168,-15.8126,-0.435835,0.0175016,-0.123342,0,0,-5.55032e-17,-0,0,-0.00264863,0,0,-0.85445,-0.630772,-0.0139199,-0.446916,1.06661,-0.00358168,-15.8126,-0.435835,0.0175016,-0.123342,0,0,5.55191e-17,-0.0795469,-0.0791307,0.0135687,0.01364,-0.00172967,-4.7555e-23,0,0,True,True
0.91,-0,0,0.00270116,0,0,0.85445,-0.630842,-0.0141915,-0.445973,1.06659,-0.00365665,-15.8118,-0.435746,0.0178482,-0.123564,0,0,7.875e-21,-0,0,-0.00270116,0,0,-0.85445,-0.630842,-0.0141915,-0.445973,1.06659,-0.00365665,-15.8118,-0.435746,0.0178482,-0.123564,0,0,7.875e-21,-0.0796887,-0.0792719,0.0138375,0.0139103,-0.00176265,-5.1221e-23,0,0,True,True
0.915,-0,0,0.00275826,0,0,0.85445,-0.630914,-0.0144685,-0.444948,1.06657,-0.00373334,-15.8108,-0.435656,0.0182018,-0.123506,0,0,7.84096e-21,-0,0,-0.00275826,0,0,-0.85445,-0.630914,-0.0144685,-0.444948,1.06657,-0.00373334,-15.8108,-0.435656,0.0182018,-0.123506,0,0,7.84096e-21,-0.0796505,-0.079234,0.0141119,0.0141861,-0.00179629,-5.50145e-23,0,0,True,True
0.92,-0,0,0.00282144,0,0,0.85445,-0.630987,-0.0147515,-0.443814,1.06655,-0.00381187,-15.8097,-0.435564,0.0185633,-0.12305,0,0,-5.55033e-17,-0,0,-0.00282144,0,0,-0.85445,-0.630987,-0.0147515,-0.443814,1.06655,-0.00381187,-15.8097,-0.435564,0.0185633,-0.12305,0,0,5.5519e-17,-0.0793552,-0.0789404,0.0143924,0.014468,-0.00183058,-5.89349e-23,0,0,True,True
0.925,-0,0,0.0028925,0,0,0.85445,-0.631061,-0.0150411,-0.442539,1.06653,-0.00389245,-15.8082,-0.43547,0.0189335,-0.122052,0,0,-5.55034e-17,-0,0,-0.0028925,0,0,-0.85445,-0.631061,-0.0150411,-0.442539,1.06653,-0.00389245,-15.8082,-0.43547,0.0189335,-0.122052,0,0,5.55189e-17,-0.0787101,-0.0782988,0.0146797,0.0147568,-0.00186556,-6.29818e-23,0,0,True,True
0.93,-0,0,0.0029735,0,0,0.85445,-0.631137,-0.0153383,-0.441085,1.06651,-0.00397534,-15.8063,-0.435375,0.0193136,-0.12035,0,0,-5.55034e-17,-0,0,-0.0029735,0,0,-0.85445,-0.631137,-0.0153383,-0.441085,1.06651,-0.00397534,-15.8063,-0.435375,0.0193136,-0.12035,0,0,5.55189e-17,-0.0776112,-0.0772058,0.0149746,0.0150532,-0.00190123,-6.71547e-23,0,0,True,True
0.935,-0,0,0.00306652,0,0,0.85445,-0.631215,-0.0156441,-0.439416,1.06649,-0.00406083,-15.8039,-0.435277,0.019705,-0.117779,0,0,-5.55034e-17,-0,0,-0.00306652,0,0,-0.85445,-0.631215,-0.0156441,-0.439416,1.06649,-0.00406083,-15.8039,-0.435277,0.019705,-0.117779,0,0,5.55189e-17,-0.0759523,-0.0755557,0.0152783,0.0153585,-0.00193762,-7.14536e-23,0,0,True,True
0.94,-0,0,0.00317328,0,0,0.85445,-0.631294,-0.01596,-0.4375,1.06647,-0.0041493,-15.801,-0.435178,0.0201093,-0.114204,0,0,-5.55034e-17,-0,0,-0.00317328,0,0,-0.85445,-0.631294,-0.01596,-0.4375,1.06647,-0.0041493,-15.801,-0.435178,0.0201093,-0.114204,0,0,5.55189e-17,-0.0736454,-0.073261,0.015592,0.0156738,-0.00197474,-7.58781e-23,0,0,True,True
0.945,-0,0,0.00329449,0,0,0.85445,-0.631374,-0.0162873,-0.435325,1.06645,-0.00424115,-15.7974,-0.435076,0.0205285,-0.109572,0,0,7.76105e-21,-0,0,-0.00329449,0,0,-0.85445,-0.631374,-0.0162873,-0.435325,1.06645,-0.00424115,-15.7974,-0.435076,0.0205285,-0.109572,0,0,7.76105e-21,-0.070657,-0.0702883,0.0159173,0.0160008,-0.00201263,-8.04283e-23,0,0,True,True
0.95,-0,0,0.00342856,0,0,0.85445,-0.631457,-0.0166276,-0.432919,1.06643,-0.00433679,-15.7934,-0.434972,0.0209644,-0.104013,0,0,-5.55034e-17,-0,0,-0.00342856,0,0,-0.85445,-0.631457,-0.0166276,-0.432919,1.06643,-0.00433679,-15.7934,-0.434972,0.0209644,-0.104013,0,0,5.55189e-17,-0.0670714,-0.0667215,0.0162556,0.0163408,-0.00205131,-8.51042e-23,0,0,True,True
0.955,-0,0,0.00356961,0,0,0.85445,-0.631541,-0.0169819,-0.430388,1.06641,-0.00443656,-15.7891,-0.434867,0.0214185,-0.0980047,0,0,-5.55034e-17,-0,0,-0.00356961,0,0,-0.85445,-0.631541,-0.0169819,-0.430388,1.06641,-0.00443656,-15.7891,-0.434867,0.0214185,-0.0980047,0,0,5.55189e-17,-0.0631959,-0.0628663,0.016608,0.016695,-0.00209082,-8.99058e-23,0,0,True,True
0.96,-0,0,0.00370418,0,0,0.85445,-0.631626,-0.0173506,-0.427973,1.06638,-0.00454054,-15.7851,-0.434758,0.0218911,-0.0926326,0,0,-5.55034e-17,-0,0,-0.00370418,0,0,-0.85445,-0.631626,-0.0173506,-0.427973,1.06638,-0.00454054,-15.7851,-0.434758,0.0218911,-0.0926326,0,0,5.5519e-17,-0.0597307,-0.0594194,0.0169748,0.0170637,-0.00213119,-9.48335e-23,0,0,True,True
0.965,-0,0,0.00380599,0,0,0.85445,-0.631714,-0.017732,-0.426146,1.06636,-0.00464837,-15.7825,-0.434648,0.0223803,-0.0900095,0,0,-5.55033e-17,-0,0,-0.00380599,0,0,-0.85445,-0.631714,-0.017732,-0.426146,1.06636,-0.00464837,-15.7825,-0.434648,0.0223803,-0.0900095,0,0,5.5519e-17,-0.0580382,-0.0577359,0.0173544,0.0174453,-0.00217245,-9.98876e-23,0,0,True,True
0.97,-0,0,0.00382791,0,0,0.85445,-0.631804,-0.0181209,-0.42575,1.06634,-0.00475871,-15.7835,-0.434534,0.0228797,-0.0939231,0,0,-5.55033e-17,-0,0,-0.00382791,0,0,-0.85445,-0.631804,-0.0181209,-0.42575,1.06634,-0.00475871,-15.7835,-0.434534,0.0228797,-0.0939231,0,0,5.5519e-17,-0.0605606,-0.0602452,0.017742,0.0178348,-0.00221463,-1.05068e-22,0,0,True,True
0.975,-0,0,0.0036895,0,0,0.85445,-0.631895,-0.0185063,-0.42823,1.06631,-0.00486865,-15.7914,-0.434419,0.0233749,-0.110833,0,0,-5.55033e-17,-0,0,-0.0036895,0,0,-0.85445,-0.631895,-0.0185063,-0.42823,1.06631,-0.00486865,-15.7914,-0.434419,0.0233749,-0.110833,0,0,5.5519e-17,-0.0714624,-0.0710904,0.0181263,0.0182212,-0.00225774,-1.10376e-22,0,0,True,True
0.98,-0,0,0.00325816,0,0,0.85445,-0.631989,-0.0188664,-0.435963,1.06629,-0.00497249,-15.812,-0.434301,0.0238389,-0.151381,0,0,-5.55032e-17,-0,0,-0.00325816,0,0,-0.85445,-0.631989,-0.0188664,-0.435963,1.06629,-0.00497249,-15.812,-0.434301,0.0238389,-0.151381,0,0,5.55191e-17,-0.0976054,-0.0970975,0.0184865,0.0185832,-0.00230176,-1.15812e-22,0,0,True,True
0.985,-0,0,0.00232081,0,0,0.85445,-0.632084,-0.019163,-0.45277,1.06626,-0.00506009,-15.8546,-0.43418,0.0242231,-0.232662,0,0,-5.55032e-17,-0,0,-0.00232081,0,0,-0.85445,-0.632084,-0.019163,-0.45277,1.06626,-0.00506009,-15.8546,-0.43418,0.0242231,-0.232662,0,0,5.55191e-17,-0.15001,-0.149229,0.0187848,0.0188831,-0.00234659,-1.21376e-22,0,0,True,True
0.99,-0,0,0.000571613,0,0,0.85445,-0.63218,-0.0193312,-0.484136,1.06624,-0.0051141,-15.9322,-0.434059,0.0244453,-0.379204,0,0,-5.55031e-17,-0,0,-0.000571613,0,0,-0.85445,-0.63218,-0.0193312,-0.484136,1.06624,-0.0051141,-15.9322,-0.434059,0.0244453,-0.379204,0,0,5.55192e-17,-0.244488,-0.243217,0.0189575,0.0190566,-0.00239203,-1.2707e-22,0,0,True,True
0.995,-0,0,0.00100552,0,0,0.837661,-0.632277,-0.0192703,-0.49624,1.06621,-0.00510757,-15.549,-0.433936,0.0243779,-0.414192,0,0,-5.55031e-17,-0,0,-0.00100552,0,0,-0.837661,-0.632277,-0.0192703,-0.49624,1.06621,-0.00510757,-15.549,-0.433936,0.0243779,-0.414192,0,0,5.55192e-17,-0.26704,-0.265653,0.0189056,0.0190044,-0.00243768,-1.32893e-22,0,0,True,True
1,-0,0,0.00708447,0,0,0.7873,-0.632373,-0.0269273,-0.44687,1.06619,0.00813499,-14.1889,-0.433815,0.0187923,-0.122697,0,0,-5.5503e-17,-0,0,-0.00708447,0,0,-0.7873,-0.632373,-0.0269273,-0.44687,1.06619,0.00813499,-14.1889,-0.433815,0.0187923,-0.122697,0,0,5.55193e-17,-0.0791046,-0.0786937,0.0145741,0.0146502,-0.00248286,-1.38848e-22,0,0,True,True
1.005,-0,0,0.0131517,0,0,0.736964,-0.632546,-0.0503032,-0.397627,1.06629,0.0477589,-12.8312,-0.433748,0.00254427,0.169314,0,0,-5.55029e-17,-0,0,-0.0131517,0,0,-0.736964,-0.632546,-0.0503032,-0.397627,1.06629,0.0477589,-12.8312,-0.433748,0.00254427,0.169314,0,0,5.55194e-17,0.109158,0.108591,0.00197321,0.00198351,-0.00252663,-1.44935e-22,0,0,True,True
1.01,-0,0,0.0135531,0,0,0.720252,-0.632876,-0.0813706,-0.410058,1.06667,0.100563,-12.4553,-0.433789,-0.0191929,0.135197,0,0,8.29022e-21,-0,0,-0.0135531,0,0,-0.720252,-0.632876,-0.0813706,-0.410058,1.06667,0.100563,-12.4553,-0.433789,-0.0191929,0.135197,0,0,8.29022e-21,0.0871631,0.0867103,-0.0148849,-0.0149626,-0.00256802,-1.51155e-22,0,0,True,True
1.015,-0,0,0.0117666,0,0,0.720382,-0.63336,-0.112153,-0.441645,1.0673,0.153318,-12.5448,-0.43394,-0.0411649,-0.00966704,0,0,-5.55028e-17,-0,0,-0.0117666,0,0,-0.720382,-0.63336,-0.112153,-0.441645,1.0673,0.153318,-12.5448,-0.43394,-0.0411649,-0.00966704,0,0,5.55195e-17,-0.00623259,-0.0062002,-0.0319243,-0.0320911,-0.00260637,-1.57509e-22,0,0,True,True
1.02,-0,0,0.0108007,0,0,0.720563,-0.633998,-0.142724,-0.458321,1.0682,0.20594,-12.6029,-0.434201,-0.0632158,-0.0871395,0,0,8.45411e-21,-0,0,-0.0108007,0,0,-0.720563,-0.633998,-0.142724,-0.458321,1.0682,0.20594,-12.6029,-0.434201,-0.0632158,-0.0871395,0,0,8.45411e-21,-0.0561836,-0.0558913,-0.0490232,-0.0492795,-0.00264127,-1.63999e-22,0,0,True,True
1.025,-0,0,0.010338,0,0,0.720795,-0.634787,-0.173122,-0.465779,1.06936,0.258357,-12.6434,-0.434572,-0.0852349,-0.122703,0,0,8.5442e-21,-0,0,-0.010338,0,0,-0.720795,-0.634787,-0.173122,-0.465779,1.06936,0.258357,-12.6434,-0.434572,-0.0852349,-0.122703,0,0,8.5442e-21,-0.0791184,-0.0787063,-0.0660947,-0.0664408,-0.00267254,-1.70626e-22,0,0,True,True
1.03,-0,0,0.0101483,0,0,0.72108,-0.635729,-0.203356,-0.468155,1.07078,0.310505,-12.6762,-0.435053,-0.107149,-0.134868,0,0,-5.55025e-17,-0,0,-0.0101483,0,0,-0.72108,-0.635729,-0.203356,-0.468155,1.07078,0.310505,-12.6762,-0.435053,-0.107149,-0.134868,0,0,5.55198e-17,-0.0869691,-0.0865154,-0.0830813,-0.0835171,-0.00270013,-1.77391e-22,0,0,True,True
1.035,-0,0,0.0100913,0,0,0.721415,-0.636821,-0.233417,-0.467965,1.07246,0.362325,-12.7074,-0.435644,-0.128908,-0.13491,0,0,-5.55024e-17,-0,0,-0.0100913,0,0,-0.721415,-0.636821,-0.233417,-0.467965,1.07246,0.362325,-12.7074,-0.435644,-0.128908,-0.13491,0,0,5.55199e-17,-0.0870043,-0.0865494,-0.099943,-0.100468,-0.00272403,-1.84297e-22,0,0,True,True
1.04,-0,0,0.0100849,0,0,0.721802,-0.638063,-0.263288,-0.466689,1.07441,0.413764,-12.7405,-0.436342,-0.150476,-0.129465,0,0,-5.55023e-17,-0,0,-0.0100849,0,0,-0.721802,-0.638063,-0.263288,-0.466689,1.07441,0.413764,-12.7405,-0.436342,-0.150476,-0.129465,0,0,5.552e-17,-0.0835029,-0.0830653,-0.116651,-0.117266,-0.0027443,-1.91344e-22,0,0,True,True
1.045,-0,0,0.0100831,0,0,0.72224,-0.639454,-0.292944,-0.465158,1.0766,0.464769,-12.7774,-0.437148,-0.171825,-0.122266,0,0,-5.55022e-17,-0,0,-0.0100831,0,0,-0.72224,-0.639454,-0.292944,-0.465158,1.0766,0.464769,-12.7774,-0.437148,-0.171825,-0.122266,0,0,5.55201e-17,-0.0788701,-0.0784555,-0.133183,-0.133887,-0.00276099,-1.98535e-22,0,0,True,True
1.05,-0,0,0.0100621,0,0,0.722729,-0.640992,-0.32236,-0.463805,1.07905,0.515292,-12.8192,-0.438061,-0.192932,-0.115261,0,0,-5.55021e-17,-0,0,-0.0100621,0,0,-0.722729,-0.640992,-0.32236,-0.463805,1.07905,0.515292,-12.8192,-0.438061,-0.192932,-0.115261,0,0,5.55202e-17,-0.0743627,-0.0739705,-0.14952,-0.150313,-0.00277417,-2.05871e-22,0,0,True,True
1.055,-0,0,0.0100113,0,0,0.723269,-0.642677,-0.351509,-0.462825,1.08176,0.565285,-12.8662,-0.439078,-0.213777,-0.109341,0,0,-5.5502e-17,-0,0,-0.0100113,0,0,-0.723269,-0.642677,-0.351509,-0.462825,1.08176,0.565285,-12.8662,-0.439078,-0.213777,-0.109341,0,0,5.55204e-17,-0.0705552,-0.0701818,-0.165647,-0.166528,-0.00278392,-2.13354e-22,0,0,True,True
1.06,-0,0,0.00992775,0,0,0.723859,-0.644508,-0.380364,-0.46228,1.08471,0.614705,-12.9185,-0.440198,-0.234342,-0.104795,0,0,-5.55018e-17,-0,0,-0.00992775,0,0,-0.723859,-0.644508,-0.380364,-0.46228,1.08471,0.614705,-12.9185,-0.440198,-0.234342,-0.104795,0,0,5.55205e-17,-0.0676344,-0.067275,-0.181548,-0.182518,-0.0027903,-2.20986e-22,0,0,True,True
1.065,-0,0,0.00981246,0,0,0.7245,-0.646481,-0.408899,-0.462161,1.0879,0.663508,-12.976,-0.441421,-0.254609,-0.101591,0,0,-5.55017e-17,-0,0,-0.00981246,0,0,-0.7245,-0.646481,-0.408899,-0.462161,1.0879,0.663508,-12.976,-0.441421,-0.254609,-0.101591,0,0,5.55206e-17,-0.0655805,-0.0652305,-0.197209,-0.198267,-0.00279338,-2.2877e-22,0,0,True,True
1.07,-0,0,0.00966831,0,0,0.725191,-0.648597,-0.437091,-0.462423,1.09134,0.711653,-13.0386,-0.442744,-0.274562,-0.0995495,0,0,9.60103e-21,-0,0,-0.00966831,0,0,-0.725191,-0.648597,-0.437091,-0.462423,1.09134,0.711653,-13.0386,-0.442744,-0.274562,-0.0995495,0,0,9.60103e-21,-0.0642769,-0.0639323,-0.212616,-0.213762,-0.00279322,-2.36707e-22,0,0,True,True
1.075,-0,0,0.00949891,0,0,0.725932,-0.650852,-0.464917,-0.463011,1.09502,0.759101,-13.1061,-0.444167,-0.294185,-0.0984351,0,0,-5.55014e-17,-0,0,-0.00949891,0,0,-0.725932,-0.650852,-0.464917,-0.463011,1.09502,0.759101,-13.1061,-0.444167,-0.294185,-0.0984351,0,0,5.55209e-17,-0.0635727,-0.0632302,-0.227756,-0.22899,-0.00278989,-2.448e-22,0,0,True,True
1.08,-0,0,0.00930786,0,0,0.726722,-0.653246,-0.492354,-0.463869,1.09893,0.805816,-13.1781,-0.445686,-0.313462,-0.0980143,0,0,-5.55013e-17,-0,0,-0.00930786,0,0,-0.726722,-0.653246,-0.492354,-0.463869,1.09893,0.805816,-13.1781,-0.445686,-0.313462,-0.0980143,0,0,5.5521e-17,-0.0633174,-0.0629744,-0.242617,-0.243938,-0.00278346,-2.53051e-22,0,0,True,True
1.085,-0,0,0.00909844,0,0,0.727561,-0.655776,-0.519384,-0.464946,1.10308,0.851762,-13.2547,-0.447301,-0.332377,-0.0980795,0,0,-5.55011e-17,-0,0,-0.00909844,0,0,-0.727561,-0.655776,-0.519384,-0.464946,1.10308,0.851762,-13.2547,-0.447301,-0.332377,-0.0980795,0,0,5.55212e-17,-0.0633771,-0.0630318,-0.257186,-0.258595,-0.00277398,-2.61463e-22,0,0,True,True
1.09,-0,0,0.00887352,0,0,0.72845,-0.65844,-0.545988,-0.466201,1.10745,0.896906,-13.3354,-0.44901,-0.350918,-0.0984596,0,0,-5.55009e-17,-0,0,-0.00887352,0,0,-0.72845,-0.65844,-0.545988,-0.466201,1.10745,0.896906,-13.3354,-0.44901,-0.350918,-0.0984596,0,0,5.55214e-17,-0.0636414,-0.0632926,-0.271452,-0.272948,-0.00276153,-2.70037e-22,0,0,True,True
1.095,-0,0,0.0086355,0,0,0.729387,-0.661235,-0.572149,-0.467599,1.11205,0.941219,-13.4203,-0.450811,-0.36907,-0.0990209,0,0,1.0383e-20,-0,0,-0.0086355,0,0,-0.729387,-0.661235,-0.572149,-0.467599,1.11205,0.941219,-13.4203,-0.450811,-0.36907,-0.0990209,0,0,1.0383e-20,-0.0640243,-0.0636711,-0.285405,-0.286988,-0.00274617,-2.78777e-22,0,0,True,True
1.1,-0,0,0.00838634,0,0,0.730372,-0.664161,-0.597852,-0.469116,1.11686,0.984673,-13.509,-0.452701,-0.386822,-0.099664,0,0,-5.55006e-17,-0,0,-0.00838634,0,0,-0.730372,-0.664161,-0.597852,-0.469116,1.11686,0.984673,-13.509,-0.452701,-0.386822,-0.099664,0,0,5.55217e-17,-0.0644614,-0.0641034,-0.299033,-0.300703,-0.00272797,-2.87686e-22,0,0,True,True
1.105,-0,0,0.00812766,0,0,0.731405,-0.667214,-0.623081,-0.47073,1.12189,1.02724,-13.6016,-0.454679,-0.40416,-0.100319,0,0,-5.55004e-17,-0,0,-0.00812766,0,0,-0.731405,-0.667214,-0.623081,-0.47073,1.12189,1.02724,-13.6016,-0.454679,-0.40416,-0.100319,0,0,5.55219e-17,-0.0649074,-0.0645444,-0.312328,-0.314085,-0.00270699,-2.96766e-22,0,0,True,True
1.11,-0,0,0.00786079,0,0,0.732485,-0.670392,-0.647825,-0.472427,1.12713,1.0689,-13.6978,-0.456742,-0.421076,-0.100938,0,0,1.09214e-20,-0,0,-0.00786079,0,0,-0.732485,-0.670392,-0.647825,-0.472427,1.12713,1.0689,-13.6978,-0.456742,-0.421076,-0.100938,0,0,1.09214e-20,-0.0653318,-0.0649638,-0.325282,-0.327124,-0.00268331,-3.0602e-22,0,0,True,True
1.115,-0,0,0.0075868,0,0,0.733613,-0.673692,-0.672072,-0.474197,1.13258,1.10963,-13.7976,-0.45889,-0.437558,-0.101492,0,0,-5.55e-17,-0,0,-0.0075868,0,0,-0.733613,-0.673692,-0.672072,-0.474197,1.13258,1.10963,-13.7976,-0.45889,-0.437558,-0.101492,0,0,5.55223e-17,-0.0657158,-0.0653429,-0.337886,-0.339814,-0.002657,-3.15452e-22,0,0,True,True
1.12,-0,0,0.00730661,0,0,0.734787,-0.677113,-0.695811,-0.476032,1.13823,1.14941,-13.9008,-0.461118,-0.453599,-0.101967,0,0,-5.54998e-17,-0,0,-0.00730661,0,0,-0.734787,-0.677113,-0.695811,-0.476032,1.13823,1.14941,-13.9008,-0.461118,-0.453599,-0.101967,0,0,5.55225e-17,-0.0660494,-0.0656717,-0.350133,-0.352147,-0.00262812,-3.25064e-22,0,0,True,True
1.125,-0,0,0.00702101,0,0,0.736007,-0.68065,-0.719033,-0.477926,1.14408,1.18822,-14.0074,-0.463426,-0.469191,-0.102355,0,0,-5.54996e-17,-0,0,-0.00702101,0,0,-0.736007,-0.68065,-0.719033,-0.477926,1.14408,1.18822,-14.0074,-0.463426,-0.469191,-0.102355,0,0,5.55227e-17,-0.0663286,-0.0659462,-0.362017,-0.364116,-0.00259676,-3.34859e-22,0,0,True,True
1.13,-0,0,0.00673067,0,0,0.737273,-0.684303,-0.741731,-0.479875,1.15011,1.22606,-14.1172,-0.46581,-0.484326,-0.102658,0,0,-5.54994e-17,-0,0,-0.00673067,0,0,-0.737273,-0.684303,-0.741731,-0.479875,1.15011,1.22606,-14.1172,-0.46581,-0.484326,-0.102658,0,0,5.55229e-17,-0.0665537,-0.0661668,-0.373533,-0.375718,-0.00256298,-3.44841e-22,0,0,True,True
1.135,-0,0,0.00643621,0,0,0.738584,-0.688068,-0.763896,-0.481876,1.15634,1.2629,-14.2301,-0.468269,-0.499,-0.10288,0,0,-5.54992e-17,-0,0,-0.00643621,0,0,-0.738584,-0.688068,-0.763896,-0.481876,1.15634,1.2629,-14.2301,-0.468269,-0.499,-0.10288,0,0,5.55231e-17,-0.0667278,-0.0663366,-0.384677,-0.386946,-0.00252686,-3.55013e-22,0,0,True,True
1.14,-0,0,0.00613821,0,0,0.739939,-0.691942,-0.785524,-0.483927,1.16274,1.29873,-14.3461,-0.4708,-0.513206,-0.103029,0,0,-5.5499e-17,-0,0,-0.00613821,0,0,-0.739939,-0.691942,-0.785524,-0.483927,1.16274,1.29873,-14.3461,-0.4708,-0.513206,-0.103029,0,0,5.55233e-17,-0.0668555,-0.06646,-0.395444,-0.397797,-0.00248848,-3.65379e-22,0,0,True,True
1.145,-0,0,0.00583718,0,0,0.741339,-0.695923,-0.806609,-0.486024,1.16932,1.33355,-14.465,-0.473401,-0.526941,-0.103113,0,0,-5.54988e-17,-0,0,-0.00583718,0,0,-0.741339,-0.695923,-0.806609,-0.486024,1.16932,1.33355,-14.465,-0.473401,-0.526941,-0.103113,0,0,5.55235e-17,-0.0669423,-0.0665427,-0.405831,-0.408269,-0.00244791,-3.75942e-22,0,0,True,True
1.15,-0,0,0.00553364,0,0,0.742783,-0.700008,-0.827148,-0.488166,1.17608,1.36735,-14.5868,-0.476069,-0.540202,-0.103141,0,0,1.26231e-20,-0,0,-0.00553364,0,0,-0.742783,-0.700008,-0.827148,-0.488166,1.17608,1.36735,-14.5868,-0.476069,-0.540202,-0.103141,0,0,1.26231e-20,-0.0669939,-0.0665903,-0.415837,-0.418357,-0.00240522,-3.86706e-22,0,0,True,True
1.155,-0,0,0.00522806,0,0,0.744269,-0.704194,-0.847137,-0.490351,1.183,1.40012,-14.7113,-0.478803,-0.552987,-0.103122,0,0,-5.54983e-17,-0,0,-0.00522806,0,0,-0.744269,-0.704194,-0.847137,-0.490351,1.183,1.40012,-14.7113,-0.478803,-0.552987,-0.103122,0,0,5.5524e-17,-0.0670159,-0.0666083,-0.425458,-0.428062,-0.00236049,-3.97676e-22,0,0,True,True
1.16,-0,0,0.00492092,0,0,0.745798,-0.708479,-0.866574,-0.492576,1.19008,1.43187,-14.8385,-0.481599,-0.565293,-0.103063,0,0,1.31119e-20,-0,0,-0.00492092,0,0,-0.745798,-0.708479,-0.866574,-0.492576,1.19008,1.43187,-14.8385,-0.481599,-0.565293,-0.103063,0,0,1.31119e-20,-0.0670135,-0.0666019,-0.434695,-0.437381,-0.00231381,-4.08854e-22,0,0,True,True
1.165,-0,0,0.00461267,0,0,0.747369,-0.71286,-0.885458,-0.494838,1.19732,1.46258,-14.9683,-0.484456,-0.57712,-0.102973,0,0,-5.54978e-17,-0,0,-0.00461267,0,0,-0.747369,-0.71286,-0.885458,-0.494838,1.19732,1.46258,-14.9683,-0.484456,-0.57712,-0.102973,0,0,5.55245e-17,-0.0669915,-0.0665759,-0.443546,-0.446315,-0.00226523,-4.20244e-22,0,0,True,True
1.17,-0,0,0.00430376,0,0,0.748981,-0.717334,-0.903789,-0.497135,1.2047,1.49226,-15.1005,-0.48737,-0.588468,-0.102857,0,0,1.36273e-20,-0,0,-0.00430376,0,0,-0.748981,-0.717334,-0.903789,-0.497135,1.2047,1.49226,-15.1005,-0.48737,-0.588468,-0.102857,0,0,1.36273e-20,-0.0669539,-0.0665344,-0.452013,-0.454863,-0.00221485,-4.31852e-22,0,0,True,True
1.175,-0,0,0.00399461,0,0,0.750634,-0.721898,-0.921567,-0.499464,1.21224,1.5209,-15.2351,-0.49034,-0.599338,-0.102721,0,0,1.38953e-20,-0,0,-0.00399461,0,0,-0.750634,-0.721898,-0.921567,-0.499464,1.21224,1.5209,-15.2351,-0.49034,-0.599338,-0.102721,0,0,1.38953e-20,-0.0669044,-0.0664808,-0.460094,-0.463026,-0.00216272,-4.43681e-22,0,0,True,True
1.18,-0,0,0.00368564,0,0,0.752327,-0.72655,-0.938792,-0.501822,1.21991,1.54852,-15.3721,-0.493364,-0.609729,-0.10257,0,0,1.41702e-20,-0,0,-0.00368564,0,0,-0.752327,-0.72655,-0.938792,-0.501822,1.21991,1.54852,-15.3721,-0.493364,-0.609729,-0.10257,0,0,1.41702e-20,-0.066846,-0.0664184,-0.467793,-0.470805,-0.00210894,-4.55735e-22,0,0,True,True
1.185,-0,0,0.00337724,0,0,0.754059,-0.731286,-0.955465,-0.504206,1.22772,1.57511,-15.5112,-0.496438,-0.619645,-0.102408,0,0,1.44521e-20,-0,0,-0.00337724,0,0,-0.754059,-0.731286,-0.955465,-0.504206,1.22772,1.57511,-15.5112,-0.496438,-0.619645,-0.102408,0,0,1.44521e-20,-0.0667812,-0.0663495,-0.475109,-0.478201,-0.00205356,-4.68019e-22,0,0,True,True
1.19,-0,0,0.00306981,0,0,0.75583,-0.736104,-0.97159,-0.506613,1.23566,1.60068,-15.6525,-0.49956,-0.629086,-0.102238,0,0,1.47411e-20,-0,0,-0.00306981,0,0,-0.75583,-0.736104,-0.97159,-0.506613,1.23566,1.60068,-15.6525,-0.49956,-0.629086,-0.102238,0,0,1.47411e-20,-0.0667121,-0.0662761,-0.482046,-0.485218,-0.00199667,-4.80538e-22,0,0,True,True
1.195,-0,0,0.00276371,0,0,0.757639,-0.741002,-0.987168,-0.509038,1.24373,1.62523,-15.7958,-0.502729,-0.638057,-0.102062,0,0,-5.54961e-17,-0,0,-0.00276371,0,0,-0.757639,-0.741002,-0.987168,-0.509038,1.24373,1.62523,-15.7958,-0.502729,-0.638057,-0.102062,0,0,5.55262e-17,-0.0666402,-0.0661999,-0.488606,-0.491856,-0.00193833,-4.93296e-22,0,0,True,True
1.2,-0,0,0.0024593,0,0,0.759485,-0.745976,-1.0022,-0.51148,1.25192,1.64876,-15.941,-0.505941,-0.646559,-0.101883,0,0,1.53411e-20,-0,0,-0.0024593,0,0,-0.759485,-0.745976,-1.0022,-0.51148,1.25192,1.64876,-15.941,-0.505941,-0.646559,-0.101883,0,0,1.53411e-20,-0.0665668,-0.0661221,-0.494792,-0.49812,-0.00187861,-5.06298e-22,0,0,True,True
1.205,-0,0,0.00215692,0,0,0.761368,-0.751024,-1.0167,-0.513934,1.26022,1.6713,-16.0881,-0.509194,-0.654597,-0.101701,0,0,1.56522e-20,-0,0,-0.00215692,0,0,-0.761368,-0.751024,-1.0167,-0.513934,1.26022,1.6713,-16.0881,-0.509194,-0.654597,-0.101701,0,0,1.56522e-20,-0.0664928,-0.0660436,-0.500607,-0.504012,-0.00181759,-5.19549e-22,0,0,True,True
1.21,-0,0,0.00185689,0,0,0.763286,-0.756143,-1.03066,-0.516397,1.26863,1.69283,-16.237,-0.512487,-0.662175,-0.101519,0,0,-5.54952e-17,-0,0,-0.00185689,0,0,-0.763286,-0.756143,-1.03066,-0.516397,1.26863,1.69283,-16.237,-0.512487,-0.662175,-0.101519,0,0,5.55271e-17,-0.0664189,-0.0659651,-0.506054,-0.509536,-0.00175532,-5.33054e-22,0,0,True,True
1.215,-0,0,0.00155951,0,0,0.76524,-0.76133,-1.04408,-0.518865,1.27715,1.71338,-16.3876,-0.515816,-0.669296,-0.101335,0,0,1.62973e-20,-0,0,-0.00155951,0,0,-0.76524,-0.76133,-1.04408,-0.518865,1.27715,1.71338,-16.3876,-0.515816,-0.669296,-0.101335,0,0,1.62973e-20,-0.0663454,-0.0658869,-0.511138,-0.514695,-0.00169189,-5.46818e-22,0,0,True,True
1.22,-0,0,0.00126508,0,0,0.767228,-0.766584,-1.05698,-0.521335,1.28576,1.73295,-16.5398,-0.51918,-0.675966,-0.101152,0,0,1.66315e-20,-0,0,-0.00126508,0,0,-0.767228,-0.766584,-1.05698,-0.521335,1.28576,1.73295,-16.5398,-0.51918,-0.675966,-0.101152,0,0,1.66315e-20,-0.0662728,-0.0658094,-0.515863,-0.519495,-0.00162735,-5.60847e-22,0,0,True,True
1.225,-0,0,0.000973856,0,0,0.76925,-0.7719,-1.06936,-0.523803,1.29448,1.75155,-16.6936,-0.522576,-0.682188,-0.100969,0,0,1.69737e-20,-0,0,-0.000973856,0,0,-0.76925,-0.7719,-1.06936,-0.523803,1.29448,1.75155,-16.6936,-0.522576,-0.682188,-0.100969,0,0,1.69737e-20,-0.0662009,-0.0657327,-0.520232,-0.523938,-0.00156177,-5.75146e-22,0,0,True,True
1.23,-0,0,0.000686104,0,0,0.771305,-0.777277,-1.08122,-0.526266,1.30328,1.76919,-16.8488,-0.526002,-0.68797,-0.100786,0,0,-5.54938e-17,-0,0,-0.000686104,0,0,-0.771305,-0.777277,-1.08122,-0.526266,1.30328,1.76919,-16.8488,-0.526002,-0.68797,-0.100786,0,0,5.55285e-17,-0.0661299,-0.0656566,-0.524252,-0.528031,-0.00149522,-5.8972e-22,0,0,True,True
1.235,-0,0,0.00040206,0,0,0.773392,-0.782712,-1.09256,-0.52872,1.31217,1.78588,-17.0054,-0.529455,-0.693315,-0.100602,0,0,-5.54935e-17,-0,0,-0.00040206,0,0,-0.773392,-0.782712,-1.09256,-0.52872,1.31217,1.78588,-17.0054,-0.529455,-0.693315,-0.100602,0,0,5.55288e-17,-0.0660596,-0.0655812,-0.527925,-0.531776,-0.00142775,-6.04576e-22,0,0,True,True
1.24,-0,0,0.000121947,0,0,0.77551,-0.788203,-1.1034,-0.531162,1.32114,1.80163,-17.1633,-0.532935,-0.698229,-0.100419,0,0,-5.54931e-17,-0,0,-0.000121947,0,0,-0.77551,-0.788203,-1.1034,-0.531162,1.32114,1.80163,-17.1633,-0.532935,-0.698229,-0.100419,0,0,5.55292e-17,-0.0659898,-0.0655062,-0.531258,-0.53518,-0.00135942,-6.19718e-22,0,0,True,True
1.245,-0,0,-0.000154025,0,0,0.777658,-0.793746,-1.11374,-0.533588,1.33018,1.81646,-17.3225,-0.536438,-0.702718,-0.100234,0,0,1.84248e-20,-0,0,0.000154025,0,0,-0.777658,-0.793746,-1.11374,-0.533588,1.33018,1.81646,-17.3225,-0.536438,-0.702718,-0.100234,0,0,1.84248e-20,-0.0659202,-0.0654313,-0.534256,-0.538248,-0.0012903,-6.35153e-22,0,0,True,True
1.25,-0,0,-0.000425663,0,0,0.779836,-0.79934,-1.12358,-0.535994,1.3393,1.83037,-17.4828,-0.539962,-0.706789,-0.100049,0,0,-5.54923e-17,-0,0,0.000425663,0,0,-0.779836,-0.79934,-1.12358,-0.535994,1.3393,1.83037,-17.4828,-0.539962,-0.706789,-0.100049,0,0,5.553e-17,-0.0658507,-0.0653564,-0.536924,-0.540984,-0.00122044,-6.50888e-22,0,0,True,True
1.255,-0,0,-0.000692788,0,0,0.782043,-0.804982,-1.13293,-0.538379,1.34849,1.84338,-17.6442,-0.543506,-0.710446,-0.0998622,0,0,-5.54919e-17,-0,0,0.000692788,0,0,-0.782043,-0.804982,-1.13293,-0.538379,1.34849,1.84338,-17.6442,-0.543506,-0.710446,-0.0998622,0,0,5.55304e-17,-0.0657808,-0.065281,-0.539266,-0.543395,-0.00114991,-6.66927e-22,0,0,True,True
1.26,-0,0,-0.000955232,0,0,0.784278,-0.81067,-1.14179,-0.540737,1.35774,1.85549,-17.8067,-0.547066,-0.713697,-0.0996734,0,0,1.96035e-20,-0,0,0.000955232,0,0,-0.784278,-0.81067,-1.14179,-0.540737,1.35774,1.85549,-17.8067,-0.547066,-0.713697,-0.0996734,0,0,1.96035e-20,-0.0657103,-0.0652049,-0.54129,-0.545485,-0.00107875,-6.83279e-22,0,0,True,True
1.265,-0,0,-0.00121284,0,0,0.78654,-0.8164,-1.15018,-0.543067,1.36704,1.86673,-17.97,-0.550642,-0.716547,-0.0994823,0,0,2.00145e-20,-0,0,0.00121284,0,0,-0.78654,-0.8164,-1.15018,-0.543067,1.36704,1.86673,-17.97,-0.550642,-0.716547,-0.0994823,0,0,2.00145e-20,-0.0656389,-0.0651278,-0.543,-0.547261,-0.00100701,-6.99948e-22,0,0,True,True
1.27,-0,0,-0.00146548,0,0,0.788828,-0.822171,-1.15809,-0.545364,1.3764,1.8771,-18.1343,-0.554232,-0.719004,-0.0992884,0,0,-5.54907e-17,-0,0,0.00146548,0,0,-0.788828,-0.822171,-1.15809,-0.545364,1.3764,1.8771,-18.1343,-0.554232,-0.719004,-0.0992884,0,0,5.55316e-17,-0.0655662,-0.0650494,-0.544402,-0.548727,-0.000934761,-7.16943e-22,0,0,True,True
1.275,-0,0,-0.00171301,0,0,0.791141,-0.827981,-1.16554,-0.547626,1.38581,1.88661,-18.2994,-0.557833,-0.721073,-0.0990914,0,0,2.08644e-20,-0,0,0.00171301,0,0,-0.791141,-0.827981,-1.16554,-0.547626,1.38581,1.88661,-18.2994,-0.557833,-0.721073,-0.0990914,0,0,2.08644e-20,-0.065492,-0.0649695,-0.545502,-0.54989,-0.000862042,-7.34269e-22,0,0,True,True
1.28,-0,0,-0.00195531,0,0,0.793479,-0.833827,-1.17252,-0.54985,1.39527,1.89528,-18.4652,-0.561443,-0.722761,-0.0988908,0,0,-5.54898e-17,-0,0,0.00195531,0,0,-0.793479,-0.833827,-1.17252,-0.54985,1.39527,1.89528,-18.4652,-0.561443,-0.722761,-0.0988908,0,0,5.55325e-17,-0.0654161,-0.0648877,-0.546306,-0.550755,-0.000788906,-7.51934e-22,0,0,True,True
1.285,-0,0,-0.00219229,0,0,0.79584,-0.839706,-1.17905,-0.552032,1.40477,1.90313,-18.6316,-0.56506,-0.724074,-0.0986864,0,0,-5.54894e-17,-0,0,0.00219229,0,0,-0.79584,-0.839706,-1.17905,-0.552032,1.40477,1.90313,-18.6316,-0.56506,-0.724074,-0.0986864,0,0,5.55329e-17,-0.0653381,-0.0648038,-0.54682,-0.551328,-0.000715401,-7.69944e-22,0,0,True,True
1.29,-0,0,-0.00242383,0,0,0.798224,-0.845617,-1.18513,-0.55417,1.4143,1.91015,-18.7987,-0.568683,-0.72502,-0.098478,0,0,-5.54889e-17,-0,0,0.00242383,0,0,-0.798224,-0.845617,-1.18513,-0.55417,1.4143,1.91015,-18.7987,-0.568683,-0.72502,-0.098478,0,0,5.55334e-17,-0.0652579,-0.0647177,-0.547048,-0.551615,-0.000641575,-7.88308e-22,0,0,True,True
1.295,-0,0,-0.00264985,0,0,0.800629,-0.851558,-1.19076,-0.556261,1.42387,1.91636,-18.9664,-0.57231,-0.725604,-0.0982653,0,0,2.26813e-20,-0,0,0.00264985,0,0,-0.800629,-0.851558,-1.19076,-0.556261,1.42387,1.91636,-18.9664,-0.57231,-0.725604,-0.0982653,0,0,2.26813e-20,-0.0651754,-0.0646291,-0.546999,-0.551623,-0.000567472,-8.07032e-22,0,0,True,True
1.3,-0,0,-0.00287027,0,0,0.803055,-0.857525,-1.19595,-0.558302,1.43346,1.92179,-19.1345,-0.575939,-0.725834,-0.0980481,0,0,2.3161e-20,-0,0,0.00287027,0,0,-0.803055,-0.857525,-1.19595,-0.558302,1.43346,1.92179,-19.1345,-0.575939,-0.725834,-0.0980481,0,0,2.3161e-20,-0.0650903,-0.0645379,-0.546677,-0.551356,-0.000493137,-8.26124e-22,0,0,True,True
1.305,-0,0,-0.00308501,0,0,0.805501,-0.863517,-1.20071,-0.56029,1.44309,1.92643,-19.303,-0.579569,-0.725717,-0.0978264,0,0,2.36512e-20,-0,0,0.00308501,0,0,-0.805501,-0.863517,-1.20071,-0.56029,1.44309,1.92643,-19.303,-0.579569,-0.725717,-0.0978264,0,0,2.36512e-20,-0.0650026,-0.0644441,-0.546088,-0.55082,-0.000418615,-8.45593e-22,0,0,True,True
1.31,-0,0,-0.00329401,0,0,0.807966,-0.869532,-1.20504,-0.562223,1.45273,1.9303,-19.4718,-0.583197,-0.725258,-0.0976001,0,0,2.41522e-20,-0,0,0.00329401,0,0,-0.807966,-0.869532,-1.20504,-0.562223,1.45273,1.9303,-19.4718,-0.583197,-0.725258,-0.0976001,0,0,2.41522e-20,-0.0649122,-0.0643476,-0.545238,-0.550023,-0.000343945,-8.65445e-22,0,0,True,True
1.315,-0,0,-0.00349721,0,0,0.810449,-0.875568,-1.20894,-0.564098,1.46239,1.93341,-19.641,-0.586821,-0.724465,-0.0973692,0,0,2.46642e-20,-0,0,0.00349721,0,0,-0.810449,-0.875568,-1.20894,-0.564098,1.46239,1.93341,-19.641,-0.586821,-0.724465,-0.0973692,0,0,2.46642e-20,-0.0648191,-0.0642483,-0.544134,-0.548968,-0.00026917,-8.85689e-22,0,0,True,True
1.32,-0,0,-0.00369456,0,0,0.812949,-0.881621,-1.21243,-0.565912,1.47206,1.93577,-19.8103,-0.590441,-0.723344,-0.0971339,0,0,2.51874e-20,-0,0,0.00369456,0,0,-0.812949,-0.881621,-1.21243,-0.565912,1.47206,1.93577,-19.8103,-0.590441,-0.723344,-0.0971339,0,0,2.51874e-20,-0.0647233,-0.0641463,-0.542781,-0.547664,-0.000194329,-9.06334e-22,0,0,True,True
1.325,-0,0,-0.00388601,0,0,0.815465,-0.887692,-1.2155,-0.567663,1.48175,1.9374,-19.9798,-0.594055,-0.721903,-0.0968942,0,0,-5.54854e-17,-0,0,0.00388601,0,0,-0.815465,-0.887692,-1.2155,-0.567663,1.48175,1.9374,-19.9798,-0.594055,-0.721903,-0.0968942,0,0,5.55369e-17,-0.0646249,-0.0640416,-0.541186,-0.546115,-0.00011946,-9.27387e-22,0,0,True,True
1.33,-0,0,-0.00407152,0,0,0.817996,-0.893776,-1.21816,-0.569349,1.49144,1.93831,-20.1494,-0.59766,-0.720147,-0.0966503,0,0,2.62681e-20,-0,0,0.00407152,0,0,-0.817996,-0.893776,-1.21816,-0.569349,1.49144,1.93831,-20.1494,-0.59766,-0.720147,-0.0966503,0,0,2.62681e-20,-0.064524,-0.0639344,-0.539353,-0.544327,-4.45992e-05,-9.48858e-22,0,0,True,True
1.335,-0,0,-0.00425106,0,0,0.82054,-0.899873,-1.22042,-0.570967,1.50113,1.93851,-20.3191,-0.601256,-0.718083,-0.0964025,0,0,2.68261e-20,-0,0,0.00425106,0,0,-0.82054,-0.899873,-1.22042,-0.570967,1.50113,1.93851,-20.3191,-0.601256,-0.718083,-0.0964025,0,0,2.68261e-20,-0.0644206,-0.0638247,-0.53729,-0.542306,3.02164e-05,-9.70755e-22,0,0,True,True
1.34,-0,0,-0.0044246,0,0,0.823098,-0.905981,-1.22228,-0.572515,1.51082,1.938,-20.4887,-0.604841,-0.715719,-0.0961511,0,0,-5.54838e-17,-0,0,0.0044246,0,0,-0.823098,-0.905981,-1.22228,-0.572515,1.51082,1.938,-20.4887,-0.604841,-0.715719,-0.0961511,0,0,5.55385e-17,-0.0643149,-0.0637127,-0.535002,-0.540058,0.000104953,-9.93088e-22,0,0,True,True
1.345,-0,0,-0.00459211,0,0,0.825668,-0.912096,-1.22374,-0.57399,1.52051,1.9368,-20.6582,-0.608413,-0.713061,-0.0958964,0,0,2.79787e-20,-0,0,0.00459211,0,0,-0.825668,-0.912096,-1.22374,-0.57399,1.52051,1.9368,-20.6582,-0.608413,-0.713061,-0.0958964,0,0,2.79787e-20,-0.0642072,-0.0635986,-0.532494,-0.53759,0.000179575,-1.01587e-21,0,0,True,True
1.35,-0,0,-0.00475357,0,0,0.82825,-0.918218,-1.22481,-0.57539,1.53019,1.93492,-20.8276,-0.611972,-0.710115,-0.0956388,0,0,-5.54826e-17,-0,0,0.00475357,0,0,-0.82825,-0.918218,-1.22481,-0.57539,1.53019,1.93492,-20.8276,-0.611972,-0.710115,-0.0956388,0,0,5.55397e-17,-0.0640976,-0.0634827,-0.529774,-0.534906,0.000254053,-1.0391e-21,0,0,True,True
1.355,-0,0,-0.00490897,0,0,0.830841,-0.924344,-1.22549,-0.576714,1.53986,1.93238,-20.9968,-0.615515,-0.706888,-0.0953787,0,0,2.91814e-20,-0,0,0.00490897,0,0,-0.830841,-0.924344,-1.22549,-0.576714,1.53986,1.93238,-20.9968,-0.615515,-0.706888,-0.0953787,0,0,2.91814e-20,-0.0639865,-0.0633652,-0.526846,-0.532012,0.000328353,-1.06279e-21,0,0,True,True
1.36,-0,0,-0.00505828,0,0,0.833441,-0.930473,-1.22579,-0.577959,1.54951,1.92917,-21.1656,-0.619041,-0.703387,-0.0951167,0,0,-5.54813e-17,-0,0,0.00505828,0,0,-0.833441,-0.930473,-1.22579,-0.577959,1.54951,1.92917,-21.1656,-0.619041,-0.703387,-0.0951167,0,0,5.5541e-17,-0.0638741,-0.0632464,-0.523717,-0.528915,0.000402445,-1.08696e-21,0,0,True,True
1.365,-0,0,-0.00520151,0,0,0.836049,-0.936602,-1.2257,-0.579123,1.55915,1.92532,-21.3342,-0.622548,-0.699619,-0.0948532,0,0,3.04364e-20,-0,0,0.00520151,0,0,-0.836049,-0.936602,-1.2257,-0.579123,1.55915,1.92532,-21.3342,-0.622548,-0.699619,-0.0948532,0,0,3.04364e-20,-0.0637606,-0.0631265,-0.520392,-0.52562,0.0004763,-1.11161e-21,0,0,True,True
1.37,-0,0,-0.00533865,0,0,0.838665,-0.94273,-1.22524,-0.580205,1.56877,1.92083,-21.5024,-0.626037,-0.695589,-0.0945888,0,0,3.10841e-20,-0,0,0.00533865,0,0,-0.838665,-0.94273,-1.22524,-0.580205,1.56877,1.92083,-21.5024,-0.626037,-0.695589,-0.0945888,0,0,3.10841e-20,-0.0636466,-0.063006,-0.516877,-0.522132,0.00054989,-1.13676e-21,0,0,True,True
1.375,-0,0,-0.00546969,0,0,0.841287,-0.948855,-1.22441,-0.581201,1.57836,1.91571,-21.6701,-0.629504,-0.691305,-0.0943241,0,0,-5.54794e-17,-0,0,0.00546969,0,0,-0.841287,-0.948855,-1.22441,-0.581201,1.57836,1.91571,-21.6701,-0.629504,-0.691305,-0.0943241,0,0,5.55429e-17,-0.0635322,-0.0628852,-0.513178,-0.518458,0.000623187,-1.16241e-21,0,0,True,True
1.38,-0,0,-0.00559463,0,0,0.843913,-0.954974,-1.2232,-0.582111,1.58792,1.90998,-21.8374,-0.63295,-0.686773,-0.0940596,0,0,-5.54787e-17,-0,0,0.00559463,0,0,-0.843913,-0.954974,-1.2232,-0.582111,1.58792,1.90998,-21.8374,-0.63295,-0.686773,-0.0940596,0,0,5.55436e-17,-0.0634179,-0.0627645,-0.509301,-0.514603,0.000696164,-1.18858e-21,0,0,True,True
1.385,-0,0,-0.00571348,0,0,0.846544,-0.961087,-1.22163,-0.582933,1.59746,1.90363,-22.0041,-0.636372,-0.681999,-0.0937961,0,0,-5.5478e-17,-0,0,0.00571348,0,0,-0.846544,-0.961087,-1.22163,-0.582933,1.59746,1.90363,-22.0041,-0.636372,-0.681999,-0.0937961,0,0,5.55443e-17,-0.0633041,-0.0626442,-0.50525,-0.510573,0.000768796,-1.21527e-21,0,0,True,True
1.39,-0,0,-0.00582624,0,0,0.849178,-0.96719,-1.21969,-0.583665,1.60696,1.89668,-22.1701,-0.63977,-0.676991,-0.0935342,0,0,-5.54773e-17,-0,0,0.00582624,0,0,-0.849178,-0.96719,-1.21969,-0.583665,1.60696,1.89668,-22.1701,-0.63977,-0.676991,-0.0935342,0,0,5.5545e-17,-0.0631913,-0.0625248,-0.501033,-0.506373,0.000841057,-1.2425e-21,0,0,True,True
1.395,-0,0,-0.00593292,0,0,0.851814,-0.973284,-1.21739,-0.584305,1.61643,1.88915,-22.3355,-0.643142,-0.671754,-0.0932745,0,0,3.45363e-20,-0,0,0.00593292,0,0,-0.851814,-0.973284,-1.21739,-0.584305,1.61643,1.88915,-22.3355,-0.643142,-0.671754,-0.0932745,0,0,3.45363e-20,-0.0630797,-0.0624068,-0.496653,-0.502009,0.000912925,-1.27028e-21,0,0,True,True
1.4,-0,0,-0.00603354,0,0,0.85445,-0.979364,-1.21473,-0.584853,1.62585,1.88103,-22.5002,-0.646487,-0.666296,-0.0930177,0,0,3.52715e-20,-0,0,0.00603354,0,0,-0.85445,-0.979364,-1.21473,-0.584853,1.62585,1.88103,-22.5002,-0.646487,-0.666296,-0.0930177,0,0,3.52715e-20,-0.06297,-0.0622904,-0.492118,-0.497486,0.000984376,-1.29862e-21,0,0,True,True
1.405,-0,0,-0.00612809,0,0,0.857087,-0.985431,-1.21172,-0.585305,1.63524,1.87234,-22.6641,-0.649805,-0.660622,-0.0927646,0,0,-5.54751e-17,-0,0,0.00612809,0,0,-0.857087,-0.985431,-1.21172,-0.585305,1.63524,1.87234,-22.6641,-0.649805,-0.660622,-0.0927646,0,0,5.55472e-17,-0.0628624,-0.0621763,-0.487432,-0.492811,0.00105539,-1.32753e-21,0,0,True,True
1.41,-0,0,-0.00621661,0,0,0.859723,-0.991482,-1.20835,-0.585662,1.64458,1.86309,-22.8271,-0.653094,-0.654739,-0.0925158,0,0,-5.54744e-17,-0,0,0.00621661,0,0,-0.859723,-0.991482,-1.20835,-0.585662,1.64458,1.86309,-22.8271,-0.653094,-0.654739,-0.0925158,0,0,5.55479e-17,-0.0627576,-0.0620649,-0.482601,-0.487987,0.00112594,-1.35703e-21,0,0,True,True
1.415,-0,0,-0.0062991,0,0,0.862357,-0.997514,-1.20463,-0.585921,1.65387,1.85328,-22.9893,-0.656352,-0.648654,-0.0922721,0,0,-5.54736e-17,-0,0,0.0062991,0,0,-0.862357,-0.997514,-1.20463,-0.585921,1.65387,1.85328,-22.9893,-0.656352,-0.648654,-0.0922721,0,0,5.55487e-17,-0.0626558,-0.0619565,-0.477631,-0.483022,0.00119601,-1.38713e-21,0,0,True,True
1.42,-0,0,-0.0063756,0,0,0.864988,-1.00353,-1.20055,-0.586082,1.66311,1.84293,-23.1505,-0.65958,-0.642373,-0.0920342,0,0,-5.54728e-17,-0,0,0.0063756,0,0,-0.864988,-1.00353,-1.20055,-0.586082,1.66311,1.84293,-23.1505,-0.65958,-0.642373,-0.0920342,0,0,5.55495e-17,-0.0625577,-0.0618518,-0.472526,-0.477919,0.00126557,-1.41783e-21,0,0,True,True
1.425,-0,0,-0.00644611,0,0,0.867614,-1.00952,-1.19613,-0.586143,1.6723,1.83203,-23.3107,-0.662776,-0.635903,-0.0918028,0,0,-5.5472e-17,-0,0,0.00644611,0,0,-0.867614,-1.00952,-1.19613,-0.586143,1.6723,1.83203,-23.3107,-0.662776,-0.635903,-0.0918028,0,0,5.55503e-17,-0.0624637,-0.0617511,-0.467292,-0.472685,0.00133462,-1.44916e-21,0,0,True,True
1.43,-0,0,-0.00651067,0,0,0.870236,-1.01549,-1.19136,-0.586103,1.68143,1.82061,-23.4699,-0.665939,-0.629249,-0.0915786,0,0,-5.54711e-17,-0,0,0.00651067,0,0,-0.870236,-1.01549,-1.19136,-0.586103,1.68143,1.82061,-23.4699,-0.665939,-0.629249,-0.0915786,0,0,5.55512e-17,-0.0623742,-0.0616549,-0.461935,-0.467325,0.00140312,-1.48112e-21,0,0,True,True
1.435,-0,0,-0.00656931,0,0,0.872851,-1.02143,-1.18625,-0.585961,1.6905,1.80867,-23.628,-0.669068,-0.622419,-0.0913623,0,0,4.08735e-20,-0,0,0.00656931,0,0,-0.872851,-1.02143,-1.18625,-0.585961,1.6905,1.80867,-23.628,-0.669068,-0.622419,-0.0913623,0,0,4.08735e-20,-0.0622898,-0.0615637,-0.45646,-0.461844,0.00147107,-1.51373e-21,0,0,True,True
1.44,-0,0,-0.00662206,0,0,0.87546,-1.02735,-1.18079,-0.585717,1.69951,1.79621,-23.7849,-0.672163,-0.615419,-0.0911546,0,0,-5.54694e-17,-0,0,0.00662206,0,0,-0.87546,-1.02735,-1.18079,-0.585717,1.69951,1.79621,-23.7849,-0.672163,-0.615419,-0.0911546,0,0,5.55529e-17,-0.0622108,-0.0614779,-0.450872,-0.456247,0.00153844,-1.54701e-21,0,0,True,True
1.445,-0,0,-0.00666894,0,0,0.87806,-1.03324,-1.17499,-0.585369,1.70846,1.78325,-23.9407,-0.675223,-0.608254,-0.0909563,0,0,4.26308e-20,-0,0,0.00666894,0,0,-0.87806,-1.03324,-1.17499,-0.585369,1.70846,1.78325,-23.9407,-0.675223,-0.608254,-0.0909563,0,0,4.26308e-20,-0.0621378,-0.061398,-0.445176,-0.45054,0.00160522,-1.58096e-21,0,0,True,True
1.45,-0,0,-0.00671,0,0,0.880651,-1.0391,-1.16885,-0.584917,1.71735,1.76979,-24.0952,-0.678246,-0.600933,-0.0907679,0,0,-5.54676e-17,-0,0,0.00671,0,0,-0.880651,-1.0391,-1.16885,-0.584917,1.71735,1.76979,-24.0952,-0.678246,-0.600933,-0.0907679,0,0,5.55547e-17,-0.0620711,-0.0613244,-0.439378,-0.444728,0.00167139,-1.61561e-21,0,0,True,True
1.455,-0,0,-0.00674527,0,0,0.883233,-1.04493,-1.16237,-0.58436,1.72616,1.75583,-24.2484,-0.681232,-0.59346,-0.0905901,0,0,-5.54667e-17,-0,0,0.00674527,0,0,-0.883233,-1.04493,-1.16237,-0.58436,1.72616,1.75583,-24.2484,-0.681232,-0.59346,-0.0905901,0,0,5.55556e-17,-0.0620113,-0.0612576,-0.433483,-0.438816,0.00173694,-1.65096e-21,0,0,True,True
1.46,-0,0,-0.00677481,0,0,0.885803,-1.05073,-1.15556,-0.583698,1.73491,1.7414,-24.4002,-0.68418,-0.585842,-0.0904236,0,0,4.54084e-20,-0,0,0.00677481,0,0,-0.885803,-1.05073,-1.15556,-0.583698,1.73491,1.7414,-24.4002,-0.68418,-0.585842,-0.0904236,0,0,4.54084e-20,-0.0619586,-0.061198,-0.427495,-0.432808,0.00180184,-1.68703e-21,0,0,True,True
1.465,-0,0,-0.00679864,0,0,0.888361,-1.05649,-1.1484,-0.582931,1.74358,1.72649,-24.5507,-0.68709,-0.578086,-0.090269,0,0,4.63736e-20,-0,0,0.00679864,0,0,-0.888361,-1.05649,-1.1484,-0.582931,1.74358,1.72649,-24.5507,-0.68709,-0.578086,-0.090269,0,0,4.63736e-20,-0.0619137,-0.0611459,-0.421419,-0.426711,0.0018661,-1.72385e-21,0,0,True,True
1.47,-0,0,-0.00681683,0,0,0.890905,-1.06221,-1.14091,-0.582058,1.75217,1.71111,-24.6997,-0.689961,-0.570199,-0.0901268,0,0,4.73592e-20,-0,0,0.00681683,0,0,-0.890905,-1.06221,-1.14091,-0.582058,1.75217,1.71111,-24.6997,-0.689961,-0.570199,-0.0901268,0,0,4.73592e-20,-0.0618768,-0.0611019,-0.415262,-0.420528,0.00192968,-1.76141e-21,0,0,True,True
1.475,-0,0,-0.00682942,0,0,0.893436,-1.06789,-1.13308,-0.581079,1.76069,1.69527,-24.8472,-0.692792,-0.562185,-0.0899975,0,0,-5.54628e-17,-0,0,0.00682942,0,0,-0.893436,-1.06789,-1.13308,-0.581079,1.76069,1.69527,-24.8472,-0.692792,-0.562185,-0.0899975,0,0,5.55595e-17,-0.0618483,-0.0610662,-0.409027,-0.414266,0.00199258,-1.79974e-21,0,0,True,True
1.48,-0,0,-0.00683648,0,0,0.895952,-1.07354,-1.12492,-0.579994,1.76912,1.67897,-24.9932,-0.695583,-0.554052,-0.0898819,0,0,4.9393e-20,-0,0,0.00683648,0,0,-0.895952,-1.07354,-1.12492,-0.579994,1.76912,1.67897,-24.9932,-0.695583,-0.554052,-0.0898819,0,0,4.9393e-20,-0.0618286,-0.0610392,-0.40272,-0.407928,0.00205479,-1.83886e-21,0,0,True,True
1.485,-0,0,-0.00683806,0,0,0.898452,-1.07914,-1.11643,-0.578804,1.77748,1.66223,-25.1376,-0.698333,-0.545805,-0.0897806,0,0,-5.54607e-17,-0,0,0.00683806,0,0,-0.898452,-1.07914,-1.11643,-0.578804,1.77748,1.66223,-25.1376,-0.698333,-0.545805,-0.0897806,0,0,5.55616e-17,-0.0618183,-0.0610215,-0.396345,-0.40152,0.00211629,-1.87878e-21,0,0,True,True
1.49,-0,0,-0.00683423,0,0,0.900935,-1.0847,-1.1076,-0.577509,1.78575,1.64505,-25.2805,-0.701041,-0.537452,-0.0896943,0,0,-5.54596e-17,-0,0,0.00683423,0,0,-0.900935,-1.0847,-1.1076,-0.577509,1.78575,1.64505,-25.2805,-0.701041,-0.537452,-0.0896943,0,0,5.55627e-17,-0.0618177,-0.0610135,-0.389908,-0.395047,0.00217706,-1.91952e-21,0,0,True,True
1.495,-0,0,-0.00682507,0,0,0.9034,-1.09022,-1.09844,-0.576109,1.79393,1.62744,-25.4216,-0.703707,-0.528998,-0.0896233,0,0,5.26073e-20,-0,0,0.00682507,0,0,-0.9034,-1.09022,-1.09844,-0.576109,1.79393,1.62744,-25.4216,-0.703707,-0.528998,-0.0896233,0,0,5.26073e-20,-0.0618271,-0.0610154,-0.383412,-0.388513,0.00223711,-1.96109e-21,0,0,True,True
1.5,-0,0,-0.00681064,0,0,0.905846,-1.09569,-1.08895,-0.574605,1.80202,1.6094,-25.5611,-0.706331,-0.520449,-0.089568,0,0,5.37241e-20,-0,0,0.00681064,0,0,-0.905846,-1.09569,-1.08895,-0.574605,1.80202,1.6094,-25.5611,-0.706331,-0.520449,-0.089568,0,0,5.37241e-20,-0.0618469,-0.0610275,-0.376863,-0.381923,0.00229641,-2.00352e-21,0,0,True,True
1.505,-0,0,-0.00679102,0,0,0.908272,-1.10111,-1.07913,-0.572998,1.81002,1.59094,-25.6988,-0.708912,-0.511812,-0.0895288,0,0,-5.54563e-17,-0,0,0.00679102,0,0,-0.908272,-1.10111,-1.07913,-0.572998,1.81002,1.59094,-25.6988,-0.708912,-0.511812,-0.0895288,0,0,5.5566e-17,-0.0618772,-0.0610501,-0.370265,-0.375281,0.00235495,-2.04682e-21,0,0,True,True
1.51,-0,0,-0.00676629,0,0,0.910677,-1.10648,-1.06897,-0.571289,1.81793,1.57207,-25.8348,-0.711449,-0.503092,-0.0895059,0,0,-5.54551e-17,-0,0,0.00676629,0,0,-0.910677,-1.10648,-1.06897,-0.571289,1.81793,1.57207,-25.8348,-0.711449,-0.503092,-0.0895059,0,0,5.55672e-17,-0.0619182,-0.0610832,-0.363623,-0.368593,0.00241273,-2.09101e-21,0,0,True,True
1.515,-0,0,-0.00673655,0,0,0.913061,-1.1118,-1.05849,-0.569479,1.82574,1.55279,-25.9689,-0.713943,-0.494296,-0.0894995,0,0,-5.54539e-17,-0,0,0.00673655,0,0,-0.913061,-1.1118,-1.05849,-0.569479,1.82574,1.55279,-25.9689,-0.713943,-0.494296,-0.0894995,0,0,5.55684e-17,-0.0619701,-0.0611272,-0.356941,-0.361862,0.00246972,-2.13611e-21,0,0,True,True
1.52,-0,0,-0.00670189,0,0,0.915422,-1.11707,-1.04768,-0.56757,1.83346,1.53311,-26.1012,-0.716392,-0.485429,-0.08951,0,0,-5.54527e-17,-0,0,0.00670189,0,0,-0.915422,-1.11707,-1.04768,-0.56757,1.83346,1.53311,-26.1012,-0.716392,-0.485429,-0.08951,0,0,5.55696e-17,-0.062033,-0.0611821,-0.350223,-0.355094,0.00252593,-2.18214e-21,0,0,True,True
1.525,-0,0,-0.0066624,0,0,0.91776,-1.12228,-1.03654,-0.565563,1.84107,1.51304,-26.2316,-0.718797,-0.476498,-0.0895375,0,0,5.96708e-20,-0,0,0.0066624,0,0,-0.91776,-1.12228,-1.03654,-0.565563,1.84107,1.51304,-26.2316,-0.718797,-0.476498,-0.0895375,0,0,5.96708e-20,-0.0621072,-0.0612482,-0.343474,-0.348292,0.00258134,-2.22912e-21,0,0,True,True
1.53,-0,0,-0.0066182,0,0,0.920073,-1.12743,-1.02508,-0.563459,1.84859,1.49259,-26.3601,-0.721157,-0.467508,-0.0895823,0,0,-5.54502e-17,-0,0,0.0066182,0,0,-0.920073,-1.12743,-1.02508,-0.563459,1.84859,1.49259,-26.3601,-0.721157,-0.467508,-0.0895823,0,0,5.55721e-17,-0.0621927,-0.0613255,-0.336699,-0.34146,0.00263594,-2.27707e-21,0,0,True,True
1.535,-0,0,-0.00656939,0,0,0.922361,-1.13253,-1.01329,-0.561261,1.856,1.47175,-26.4866,-0.723472,-0.458465,-0.0896443,0,0,-5.54489e-17,-0,0,0.00656939,0,0,-0.922361,-1.13253,-1.01329,-0.561261,1.856,1.47175,-26.4866,-0.723472,-0.458465,-0.0896443,0,0,5.55734e-17,-0.0622897,-0.0614141,-0.329901,-0.334604,0.00268973,-2.326e-21,0,0,True,True
1.54,-0,0,-0.0065161,0,0,0.924623,-1.13756,-1.00117,-0.558971,1.86331,1.45055,-26.6112,-0.725742,-0.449375,-0.0897237,0,0,-5.54476e-17,-0,0,0.0065161,0,0,-0.924623,-1.13756,-1.00117,-0.558971,1.86331,1.45055,-26.6112,-0.725742,-0.449375,-0.0897237,0,0,5.55747e-17,-0.0623981,-0.0615141,-0.323084,-0.327727,0.00274268,-2.37595e-21,0,0,True,True
1.545,-0,0,-0.00645845,0,0,0.926858,-1.14254,-0.98873,-0.556592,1.8705,1.42897,-26.7337,-0.727966,-0.440244,-0.0898206,0,0,-5.54463e-17,-0,0,0.00645845,0,0,-0.926858,-1.14254,-0.98873,-0.556592,1.8705,1.42897,-26.7337,-0.727966,-0.440244,-0.0898206,0,0,5.5576e-17,-0.0625181,-0.0616255,-0.316252,-0.320832,0.0027948,-2.42692e-21,0,0,True,True
1.55,-0,0,-0.00639657,0,0,0.929065,-1.14745,-0.975965,-0.554126,1.87759,1.40704,-26.8542,-0.730144,-0.431076,-0.0899348,0,0,-5.54449e-17,-0,0,0.00639657,0,0,-0.929065,-1.14745,-0.975965,-0.554126,1.87759,1.40704,-26.8542,-0.730144,-0.431076,-0.0899348,0,0,5.55774e-17,-0.0626495,-0.0617483,-0.309409,-0.313925,0.00284607,-2.47895e-21,0,0,True,True
1.555,-0,0,-0.00633059,0,0,0.931243,-1.1523,-0.962878,-0.551575,1.88457,1.38476,-26.9726,-0.732277,-0.421877,-0.0900663,0,0,-5.54435e-17,-0,0,0.00633059,0,0,-0.931243,-1.1523,-0.962878,-0.551575,1.88457,1.38476,-26.9726,-0.732277,-0.421877,-0.0900663,0,0,5.55788e-17,-0.0627924,-0.0618824,-0.30256,-0.307009,0.00289649,-2.53206e-21,0,0,True,True
1.56,-0,0,-0.00626068,0,0,0.933391,-1.15708,-0.94947,-0.548944,1.89144,1.36212,-27.0889,-0.734363,-0.412653,-0.090215,0,0,-5.5442e-17,-0,0,0.00626068,0,0,-0.933391,-1.15708,-0.94947,-0.548944,1.89144,1.36212,-27.0889,-0.734363,-0.412653,-0.090215,0,0,5.55803e-17,-0.0629466,-0.0620278,-0.295707,-0.300087,0.00294604,-2.58626e-21,0,0,True,True
1.565,-0,0,-0.00618697,0,0,0.935509,-1.16179,-0.935742,-0.546234,1.8982,1.33915,-27.203,-0.736403,-0.403409,-0.0903806,0,0,-5.54406e-17,-0,0,0.00618697,0,0,-0.935509,-1.16179,-0.935742,-0.546234,1.8982,1.33915,-27.203,-0.736403,-0.403409,-0.0903806,0,0,5.55817e-17,-0.063112,-0.0621842,-0.288854,-0.293164,0.00299472,-2.64159e-21,0,0,True,True
1.57,-0,0,-0.00610963,0,0,0.937596,-1.16644,-0.921696,-0.543451,1.90483,1.31585,-27.315,-0.738397,-0.39415,-0.0905631,0,0,-5.54391e-17,-0,0,0.00610963,0,0,-0.937596,-1.16644,-0.921696,-0.543451,1.90483,1.31585,-27.315,-0.738397,-0.39415,-0.0905631,0,0,5.55832e-17,-0.0632885,-0.0623517,-0.282005,-0.286243,0.00304252,-2.69806e-21,0,0,True,True
1.575,-0,0,-0.00602882,0,0,0.939651,-1.17101,-0.907333,-0.540597,1.91135,1.29221,-27.4249,-0.740345,-0.38488,-0.0907619,0,0,-5.54376e-17,-0,0,0.00602882,0,0,-0.939651,-1.17101,-0.907333,-0.540597,1.91135,1.29221,-27.4249,-0.740345,-0.38488,-0.0907619,0,0,5.55847e-17,-0.0634758,-0.0625298,-0.275164,-0.279326,0.00308943,-2.7557e-21,0,0,True,True
1.58,-0,0,-0.00594472,0,0,0.941673,-1.17551,-0.892655,-0.537676,1.91776,1.26826,-27.5325,-0.742246,-0.375605,-0.0909768,0,0,7.51494e-20,-0,0,0.00594472,0,0,-0.941673,-1.17551,-0.892655,-0.537676,1.91776,1.26826,-27.5325,-0.742246,-0.375605,-0.0909768,0,0,7.51494e-20,-0.0636737,-0.0627185,-0.268332,-0.272419,0.00313544,-2.81454e-21,0,0,True,True
1.585,-0,0,-0.00585752,0,0,0.943661,-1.17994,-0.877663,-0.534694,1.92404,1.24399,-27.6379,-0.744101,-0.36633,-0.0912074,0,0,-5.54344e-17,-0,0,0.00585752,0,0,-0.943661,-1.17994,-0.877663,-0.534694,1.92404,1.24399,-27.6379,-0.744101,-0.36633,-0.0912074,0,0,5.55879e-17,-0.063882,-0.0629174,-0.261514,-0.265523,0.00318055,-2.87459e-21,0,0,True,True
1.59,-0,0,-0.00576739,0,0,0.945615,-1.18429,-0.862361,-0.531653,1.9302,1.21942,-27.741,-0.745909,-0.357058,-0.0914532,0,0,-5.54328e-17,-0,0,0.00576739,0,0,-0.945615,-1.18429,-0.862361,-0.531653,1.9302,1.21942,-27.741,-0.745909,-0.357058,-0.0914532,0,0,5.55895e-17,-0.0641002,-0.0631262,-0.254712,-0.258641,0.00322475,-2.9359e-21,0,0,True,True
1.595,-0,0,-0.00567454,0,0,0.947533,-1.18856,-0.846749,-0.528559,1.93623,1.19454,-27.8419,-0.747671,-0.347794,-0.0917137,0,0,-5.54311e-17,-0,0,0.00567454,0,0,-0.947533,-1.18856,-0.846749,-0.528559,1.93623,1.19454,-27.8419,-0.747671,-0.347794,-0.0917137,0,0,5.55912e-17,-0.064328,-0.0633446,-0.247929,-0.251778,0.00326802,-2.99847e-21,0,0,True,True
1.6,-0,0,-0.00557917,0,0,0.949416,-1.19275,-0.83083,-0.525417,1.94214,1.16937,-27.9405,-0.749387,-0.338543,-0.0919883,0,0,8.17157e-20,-0,0,0.00557917,0,0,-0.949416,-1.19275,-0.83083,-0.525417,1.94214,1.16937,-27.9405,-0.749387,-0.338543,-0.0919883,0,0,8.17157e-20,-0.0645649,-0.063572,-0.241168,-0.244934,0.00331037,-3.06234e-21,0,0,True,True
1.605,-0,0,-0.00548149,0,0,0.951262,-1.19687,-0.814608,-0.522232,1.94793,1.14392,-28.0368,-0.751057,-0.329308,-0.0922762,0,0,-5.54277e-17,-0,0,0.00548149,0,0,-0.951262,-1.19687,-0.814608,-0.522232,1.94793,1.14392,-28.0368,-0.751057,-0.329308,-0.0922762,0,0,5.55946e-17,-0.0648107,-0.0638081,-0.234431,-0.238114,0.00335178,-3.12754e-21,0,0,True,True
1.61,-0,0,-0.00538171,0,0,0.953071,-1.2009,-0.798083,-0.519009,1.95358,1.11818,-28.1308,-0.75268,-0.320093,-0.092577,0,0,-5.54259e-17,-0,0,0.00538171,0,0,-0.953071,-1.2009,-0.798083,-0.519009,1.95358,1.11818,-28.1308,-0.75268,-0.320093,-0.092577,0,0,5.55964e-17,-0.0650646,-0.0640525,-0.227721,-0.23132,0.00339226,-3.19409e-21,0,0,True,True
1.615,-0,0,-0.00528007,0,0,0.954842,-1.20485,-0.781261,-0.515754,1.95911,1.09216,-28.2224,-0.754258,-0.310901,-0.0928897,0,0,-5.54241e-17,-0,0,0.00528007,0,0,-0.954842,-1.20485,-0.781261,-0.515754,1.95911,1.09216,-28.2224,-0.754258,-0.310901,-0.0928897,0,0,5.55982e-17,-0.0653263,-0.0643044,-0.221041,-0.224553,0.00343178,-3.26203e-21,0,0,True,True
1.62,-0,0,-0.00517678,0,0,0.956574,-1.20871,-0.764144,-0.512473,1.9645,1.06588,-28.3117,-0.755789,-0.301737,-0.0932136,0,0,-5.54223e-17,-0,0,0.00517678,0,0,-0.956574,-1.20871,-0.764144,-0.512473,1.9645,1.06588,-28.3117,-0.755789,-0.301737,-0.0932136,0,0,5.56e-17,-0.065595,-0.0645635,-0.214391,-0.217817,0.00347034,-3.33138e-21,0,0,True,True
1.625,-0,0,-0.00507209,0,0,0.958267,-1.21249,-0.746734,-0.50917,1.96977,1.03934,-28.3986,-0.757275,-0.292604,-0.0935478,0,0,9.073e-20,-0,0,0.00507209,0,0,-0.958267,-1.21249,-0.746734,-0.50917,1.96977,1.03934,-28.3986,-0.757275,-0.292604,-0.0935478,0,0,9.073e-20,-0.0658703,-0.0648291,-0.207775,-0.211112,0.00350794,-3.40217e-21,0,0,True,True
1.63,-0,0,-0.00496623,0,0,0.95992,-1.21618,-0.729037,-0.505854,1.9749,1.01254,-28.4832,-0.758715,-0.283504,-0.0938914,0,0,-5.54185e-17,-0,0,0.00496623,0,0,-0.95992,-1.21618,-0.729037,-0.505854,1.9749,1.01254,-28.4832,-0.758715,-0.283504,-0.0938914,0,0,5.56038e-17,-0.0661514,-0.0651005,-0.201194,-0.204442,0.00354457,-3.47443e-21,0,0,True,True
1.635,-0,0,-0.00485946,0,0,0.961532,-1.21978,-0.711056,-0.502529,1.97989,0.985495,-28.5653,-0.76011,-0.27444,-0.0942435,0,0,-5.54165e-17,-0,0,0.00485946,0,0,-0.961532,-1.21978,-0.711056,-0.502529,1.97989,0.985495,-28.5653,-0.76011,-0.27444,-0.0942435,0,0,5.56058e-17,-0.0664377,-0.0653771,-0.194649,-0.197807,0.00358022,-3.5482e-21,0,0,True,True
1.64,-0,0,-0.00475202,0,0,0.963103,-1.22329,-0.692795,-0.499202,1.98475,0.958209,-28.6451,-0.76146,-0.265414,-0.094603,0,0,9.6606e-20,-0,0,0.00475202,0,0,-0.963103,-1.22329,-0.692795,-0.499202,1.98475,0.958209,-28.6451,-0.76146,-0.265414,-0.094603,0,0,9.6606e-20,-0.0667285,-0.0656582,-0.188143,-0.19121,0.00361489,-3.6235e-21,0,0,True,True
1.645,-0,0,-0.00464417,0,0,0.964632,-1.22671,-0.674258,-0.49588,1.98947,0.930688,-28.7224,-0.762764,-0.25643,-0.0949689,0,0,-5.54125e-17,-0,0,0.00464417,0,0,-0.964632,-1.22671,-0.674258,-0.49588,1.98947,0.930688,-28.7224,-0.762764,-0.25643,-0.0949689,0,0,5.56098e-17,-0.067023,-0.0659431,-0.181676,-0.184651,0.00364857,-3.70037e-21,0,0,True,True
1.65,-0,0,-0.00453617,0,0,0.966118,-1.23003,-0.655451,-0.49257,1.99406,0.90294,-28.7973,-0.764024,-0.24749,-0.0953402,0,0,1.00732e-19,-0,0,0.00453617,0,0,-0.966118,-1.23003,-0.655451,-0.49257,1.99406,0.90294,-28.7973,-0.764024,-0.24749,-0.0953402,0,0,1.00732e-19,-0.0673203,-0.0662309,-0.175249,-0.178132,0.00368125,-3.77884e-21,0,0,True,True
1.655,-0,0,-0.00442829,0,0,0.967562,-1.23326,-0.636378,-0.489278,1.9985,0.874971,-28.8699,-0.765239,-0.238594,-0.0957156,0,0,-5.54083e-17,-0,0,0.00442829,0,0,-0.967562,-1.23326,-0.636378,-0.489278,1.9985,0.874971,-28.8699,-0.765239,-0.238594,-0.0957156,0,0,5.5614e-17,-0.0676198,-0.0665209,-0.168864,-0.171654,0.00371293,-3.85895e-21,0,0,True,True
1.66,-0,0,-0.00432079,0,0,0.968962,-1.2364,-0.617044,-0.486011,2.00281,0.846789,-28.9399,-0.76641,-0.229745,-0.0960941,0,0,-5.54061e-17,-0,0,0.00432079,0,0,-0.968962,-1.2364,-0.617044,-0.486011,2.00281,0.846789,-28.9399,-0.76641,-0.229745,-0.0960941,0,0,5.56162e-17,-0.0679206,-0.0668122,-0.162521,-0.165218,0.0037436,-3.94073e-21,0,0,True,True
1.665,-0,0,-0.00421393,0,0,0.970317,-1.23943,-0.597456,-0.482776,2.00697,0.8184,-29.0076,-0.767537,-0.220944,-0.0964744,0,0,1.07252e-19,-0,0,0.00421393,0,0,-0.970317,-1.23943,-0.597456,-0.482776,2.00697,0.8184,-29.0076,-0.767537,-0.220944,-0.0964744,0,0,1.07252e-19,-0.0682218,-0.0671041,-0.156221,-0.158824,0.00377326,-4.02421e-21,0,0,True,True
1.67,-0,0,-0.00410798,0,0,0.971628,-1.24237,-0.577618,-0.47958,2.01099,0.78981,-29.0728,-0.768619,-0.212192,-0.0968553,0,0,-5.54016e-17,-0,0,0.00410798,0,0,-0.971628,-1.24237,-0.577618,-0.47958,2.01099,0.78981,-29.0728,-0.768619,-0.212192,-0.0968553,0,0,5.56207e-17,-0.0685225,-0.0673956,-0.149965,-0.152472,0.00380189,-4.10943e-21,0,0,True,True
1.675,-0,0,-0.00400323,0,0,0.972894,-1.24521,-0.557538,-0.47643,2.01487,0.761029,-29.1355,-0.769659,-0.203491,-0.0972357,0,0,1.1183e-19,-0,0,0.00400323,0,0,-0.972894,-1.24521,-0.557538,-0.47643,2.01487,0.761029,-29.1355,-0.769659,-0.203491,-0.0972357,0,0,1.1183e-19,-0.0688219,-0.067686,-0.143752,-0.146164,0.0038295,-4.19643e-21,0,0,True,True
1.68,-0,0,-0.00389992,0,0,0.974114,-1.24795,-0.537221,-0.473334,2.0186,0.732061,-29.1958,-0.770654,-0.19484,-0.0976142,0,0,-5.5397e-17,-0,0,0.00389992,0,0,-0.974114,-1.24795,-0.537221,-0.473334,2.0186,0.732061,-29.1958,-0.770654,-0.19484,-0.0976142,0,0,5.56253e-17,-0.0691191,-0.0679743,-0.137582,-0.1399,0.00385607,-4.28525e-21,0,0,True,True
1.685,-0,0,-0.00379834,0,0,0.975288,-1.25058,-0.516674,-0.470298,2.02219,0.702914,-29.2537,-0.771607,-0.18624,-0.0979896,0,0,1.16603e-19,-0,0,0.00379834,0,0,-0.975288,-1.25058,-0.516674,-0.470298,2.02219,0.702914,-29.2537,-0.771607,-0.18624,-0.0979896,0,0,1.16603e-19,-0.0694131,-0.0682595,-0.131457,-0.133678,0.00388161,-4.37592e-21,0,0,True,True
1.69,-0,0,-0.00369875,0,0,0.976416,-1.25311,-0.495905,-0.467329,2.02563,0.673596,-29.309,-0.772517,-0.177692,-0.0983607,0,0,-5.53921e-17,-0,0,0.00369875,0,0,-0.976416,-1.25311,-0.495905,-0.467329,2.02563,0.673596,-29.309,-0.772517,-0.177692,-0.0983607,0,0,5.56302e-17,-0.069703,-0.068541,-0.125374,-0.1275,0.0039061,-4.46848e-21,0,0,True,True
1.695,-0,0,-0.00360142,0,0,0.977496,-1.25554,-0.474919,-0.464434,2.02893,0.644114,-29.362,-0.773384,-0.169195,-0.0987261,0,0,1.21579e-19,-0,0,0.00360142,0,0,-0.977496,-1.25554,-0.474919,-0.464434,2.02893,0.644114,-29.362,-0.773384,-0.169195,-0.0987261,0,0,1.21579e-19,-0.0699879,-0.0688176,-0.119334,-0.121364,0.00392955,-4.56297e-21,0,0,True,True
1.7,-0,0,-0.00350659,0,0,0.978529,-1.25786,-0.453726,-0.461621,2.03207,0.614474,-29.4124,-0.774209,-0.160748,-0.0990846,0,0,1.24145e-19,-0,0,0.00350659,0,0,-0.978529,-1.25786,-0.453726,-0.461621,2.03207,0.614474,-29.4124,-0.774209,-0.160748,-0.0990846,0,0,1.24145e-19,-0.0702669,-0.0690886,-0.113337,-0.11527,0.00395194,-4.65944e-21,0,0,True,True
1.705,-0,0,-0.00341454,0,0,0.979514,-1.26008,-0.432332,-0.458896,2.03507,0.584684,-29.4604,-0.774991,-0.152352,-0.099435,0,0,-5.53844e-17,-0,0,0.00341454,0,0,-0.979514,-1.26008,-0.432332,-0.458896,2.03507,0.584684,-29.4604,-0.774991,-0.152352,-0.099435,0,0,5.56379e-17,-0.0705392,-0.069353,-0.107381,-0.109218,0.00397327,-4.75792e-21,0,0,True,True
1.71,-0,0,-0.0033255,0,0,0.980451,-1.26219,-0.410747,-0.456265,2.03792,0.554752,-29.506,-0.775732,-0.144005,-0.099776,0,0,-5.53817e-17,-0,0,0.0033255,0,0,-0.980451,-1.26219,-0.410747,-0.456265,2.03792,0.554752,-29.506,-0.775732,-0.144005,-0.099776,0,0,5.56406e-17,-0.0708037,-0.0696099,-0.101466,-0.103206,0.00399355,-4.85846e-21,0,0,True,True
1.715,-0,0,-0.00323974,0,0,0.98134,-1.26419,-0.388977,-0.453735,2.04062,0.524684,-29.549,-0.776431,-0.135707,-0.100106,0,0,1.32173e-19,-0,0,0.00323974,0,0,-0.98134,-1.26419,-0.388977,-0.453735,2.04062,0.524684,-29.549,-0.776431,-0.135707,-0.100106,0,0,1.32173e-19,-0.0710596,-0.0698586,-0.0955896,-0.097233,0.00401275,-4.9611e-21,0,0,True,True
1.72,-0,0,-0.00315747,0,0,0.982179,-1.26608,-0.367032,-0.451312,2.04317,0.494488,-29.5896,-0.777089,-0.127455,-0.100425,0,0,1.34962e-19,-0,0,0.00315747,0,0,-0.982179,-1.26608,-0.367032,-0.451312,2.04317,0.494488,-29.5896,-0.777089,-0.127455,-0.100425,0,0,1.34962e-19,-0.071306,-0.0700981,-0.0897519,-0.0912985,0.00403088,-5.06589e-21,0,0,True,True
1.725,-0,0,-0.00307894,0,0,0.982969,-1.26786,-0.344921,-0.449003,2.04556,0.464171,-29.6278,-0.777706,-0.119249,-0.100731,0,0,1.3781e-19,-0,0,0.00307894,0,0,-0.982969,-1.26786,-0.344921,-0.449003,2.04556,0.464171,-29.6278,-0.777706,-0.119249,-0.100731,0,0,1.3781e-19,-0.0715422,-0.0703276,-0.083951,-0.0854008,0.00404794,-5.17287e-21,0,0,True,True
1.73,-0,0,-0.00300436,0,0,0.98371,-1.26953,-0.322653,-0.446813,2.04781,0.43374,-29.6635,-0.778282,-0.111087,-0.101022,0,0,-5.53704e-17,-0,0,0.00300436,0,0,-0.98371,-1.26953,-0.322653,-0.446813,2.04781,0.43374,-29.6635,-0.778282,-0.111087,-0.101022,0,0,5.56519e-17,-0.0717672,-0.0705464,-0.0781853,-0.0795384,0.00406392,-5.28208e-21,0,0,True,True
1.735,-0,0,-0.00293394,0,0,0.984401,-1.27108,-0.300237,-0.444748,2.0499,0.403204,-29.6967,-0.778817,-0.102967,-0.101299,0,0,1.43687e-19,-0,0,0.00293394,0,0,-0.984401,-1.27108,-0.300237,-0.444748,2.0499,0.403204,-29.6967,-0.778817,-0.102967,-0.101299,0,0,1.43687e-19,-0.0719804,-0.0707536,-0.0724533,-0.0737095,0.00407881,-5.39358e-21,0,0,True,True
1.74,-0,0,-0.00286789,0,0,0.985042,-1.27253,-0.277683,-0.442813,2.05184,0.372569,-29.7274,-0.779311,-0.0948864,-0.101559,0,0,1.46719e-19,-0,0,0.00286789,0,0,-0.985042,-1.27253,-0.277683,-0.442813,2.05184,0.372569,-29.7274,-0.779311,-0.0948864,-0.101559,0,0,1.46719e-19,-0.0721809,-0.0709485,-0.066753,-0.0679124,0.00409262,-5.50741e-21,0,0,True,True
1.745,-0,0,-0.0028064,0,0,0.985632,-1.27386,-0.255,-0.441014,2.05363,0.341843,-29.7557,-0.779766,-0.0868433,-0.101802,0,0,-5.53613e-17,-0,0,0.0028064,0,0,-0.985632,-1.27386,-0.255,-0.441014,2.05363,0.341843,-29.7557,-0.779766,-0.0868433,-0.101802,0,0,5.5661e-17,-0.072368,-0.0711305,-0.0610825,-0.0621452,0.00410534,-5.62362e-21,0,0,True,True
1.75,-0,0,-0.00274964,0,0,0.986172,-1.27508,-0.232199,-0.439354,2.05526,0.311034,-29.7815,-0.78018,-0.0788351,-0.102027,0,0,-5.53582e-17,-0,0,0.00274964,0,0,-0.986172,-1.27508,-0.232199,-0.439354,2.05526,0.311034,-29.7815,-0.78018,-0.0788351,-0.102027,0,0,5.56641e-17,-0.0725411,-0.0712989,-0.0554398,-0.0564057,0.00411697,-5.74227e-21,0,0,True,True
1.755,-0,0,-0.00269777,0,0,0.986661,-1.27618,-0.209289,-0.437839,2.05674,0.280148,-29.8049,-0.780554,-0.0708592,-0.102233,0,0,-5.5355e-17,-0,0,0.00269777,0,0,-0.986661,-1.27618,-0.209289,-0.437839,2.05674,0.280148,-29.8049,-0.780554,-0.0708592,-0.102233,0,0,5.56674e-17,-0.0726996,-0.071453,-0.0498227,-0.050692,0.0041275,-5.8634e-21,0,0,True,True
1.76,-0,0,-0.00265095,0,0,0.987099,-1.27717,-0.186281,-0.436473,2.05806,0.249194,-29.8258,-0.780888,-0.0629129,-0.10242,0,0,-5.53517e-17,-0,0,0.00265095,0,0,-0.987099,-1.27717,-0.186281,-0.436473,2.05806,0.249194,-29.8258,-0.780888,-0.0629129,-0.10242,0,0,5.56706e-17,-0.0728429,-0.0715923,-0.044229,-0.0450016,0.00413693,-5.98706e-21,0,0,True,True
1.765,-0,0,-0.00260932,0,0,0.987486,-1.27804,-0.163186,-0.435258,2.05923,0.218179,-29.8442,-0.781183,-0.0549931,-0.102586,0,0,-5.53483e-17,-0,0,0.00260932,0,0,-0.987486,-1.27804,-0.163186,-0.435258,2.05923,0.218179,-29.8442,-0.781183,-0.0549931,-0.102586,0,0,5.5674e-17,-0.0729704,-0.0717164,-0.0386563,-0.0393322,0.00414527,-6.11331e-21,0,0,True,True
1.77,-0,0,-0.002573,0,0,0.987821,-1.2788,-0.140014,-0.434199,2.06024,0.187111,-29.8602,-0.781438,-0.0470969,-0.102731,0,0,-5.53449e-17,-0,0,0.002573,0,0,-0.987821,-1.2788,-0.140014,-0.434199,2.06024,0.187111,-29.8602,-0.781438,-0.0470969,-0.102731,0,0,5.56774e-17,-0.0730817,-0.0718246,-0.0331021,-0.0336814,0.0041525,-6.2422e-21,0,0,True,True
1.775,-0,0,-0.00254209,0,0,0.988106,-1.27944,-0.116776,-0.433298,2.0611,0.155997,-29.8737,-0.781654,-0.039221,-0.102854,0,0,-5.53413e-17,-0,0,0.00254209,0,0,-0.988106,-1.27944,-0.116776,-0.433298,2.0611,0.155997,-29.8737,-0.781654,-0.039221,-0.102854,0,0,5.5681e-17,-0.0731764,-0.0719167,-0.0275639,-0.0280467,0.00415863,-6.3738e-21,0,0,True,True
1.78,-0,0,-0.00251669,0,0,0.988338,-1.27997,-0.0934819,-0.432558,2.0618,0.124844,-29.8848,-0.781831,-0.0313623,-0.102956,0,0,-5.53378e-17,-0,0,0.00251669,0,0,-0.988338,-1.27997,-0.0934819,-0.432558,2.0618,0.124844,-29.8848,-0.781831,-0.0313623,-0.102956,0,0,5.56845e-17,-0.0732541,-0.0719923,-0.0220393,-0.0224255,0.00416365,-6.50815e-21,0,0,True,True
1.785,-0,0,-0.00249687,0,0,0.988519,-1.28038,-0.0701439,-0.431981,2.06235,0.0936613,-29.8934,-0.781968,-0.0235174,-0.103034,0,0,-5.53341e-17,-0,0,0.00249687,0,0,-0.988519,-1.28038,-0.0701439,-0.431981,2.06235,0.0936613,-29.8934,-0.781968,-0.0235174,-0.103034,0,0,5.56882e-17,-0.0733145,-0.0720511,-0.0165254,-0.0168152,0.00416757,-6.64531e-21,0,0,True,True
1.79,-0,0,-0.00248269,0,0,0.988649,-1.28067,-0.0467726,-0.431567,2.06274,0.0624555,-29.8995,-0.782066,-0.0156829,-0.10309,0,0,1.80772e-19,-0,0,0.00248269,0,0,-0.988649,-1.28067,-0.0467726,-0.431567,2.06274,0.0624555,-29.8995,-0.782066,-0.0156829,-0.10309,0,0,1.80772e-19,-0.0733575,-0.0720929,-0.0110197,-0.011213,0.00417038,-6.78535e-21,0,0,True,True
1.795,-0,0,-0.00247419,0,0,0.988726,-1.28085,-0.023379,-0.431319,2.06297,0.0312345,-29.9032,-0.782125,-0.00785542,-0.103123,0,0,-5.53266e-17,-0,0,0.00247419,0,0,-0.988726,-1.28085,-0.023379,-0.431319,2.06297,0.0312345,-29.9032,-0.782125,-0.00785542,-0.103123,0,0,5.56957e-17,-0.0733828,-0.0721176,-0.00551952,-0.00561636,0.00417209,-6.92832e-21,0,0,True,True
1.8,-0,0,-0.00247141,0,0,0.988752,-1.28091,2.56479e-05,-0.431238,2.06305,5.73683e-06,-29.9044,-0.782144,-3.13848e-05,-0.103133,0,0,-5.53227e-17,-0,0,0.00247141,0,0,-0.988752,-1.28091,2.56479e-05,-0.431238,2.06305,5.73683e-06,-29.9044,-0.782144,-3.13848e-05,-0.103133,0,0,5.56996e-17,-0.0733904,-0.0721249,-2.2052e-05,-2.24389e-05,0.00417268,-7.07429e-21,0,0,True,True
1.805,-0,0,-0.00247434,0,0,0.988726,-1.28085,0.0234303,-0.431322,2.06297,-0.031223,-29.9032,-0.782125,0.00779264,-0.10312,0,0,-5.53187e-17,-0,0,0.00247434,0,0,-0.988726,-1.28085,0.0234303,-0.431322,2.06297,-0.031223,-29.9032,-0.782125,0.00779264,-0.10312,0,0,5.57036e-17,-0.0733802,-0.072115,0.00547542,0.00557148,0.00417217,-7.22332e-21,0,0,True,True
1.81,-0,0,-0.00248298,0,0,0.988649,-1.28067,0.0468239,-0.431573,2.06274,-0.0624441,-29.8995,-0.782066,0.0156202,-0.103083,0,0,1.96507e-19,-0,0,0.00248298,0,0,-0.988649,-1.28067,0.0468239,-0.431573,2.06274,-0.0624441,-29.8995,-0.782066,0.0156202,-0.103083,0,0,1.96507e-19,-0.0733523,-0.0720878,0.0109756,0.0111681,0.00417055,-7.37547e-21,0,0,True,True
1.815,-0,0,-0.0024973,0,0,0.988519,-1.28038,0.0701952,-0.431988,2.06235,-0.0936499,-29.8934,-0.781969,0.0234546,-0.103023,0,0,-5.53105e-17,-0,0,0.0024973,0,0,-0.988519,-1.28038,0.0701952,-0.431988,2.06235,-0.0936499,-29.8934,-0.781969,0.0234546,-0.103023,0,0,5.57118e-17,-0.0733067,-0.0720434,0.0164813,0.0167703,0.00416782,-7.53081e-21,0,0,True,True
1.82,-0,0,-0.00251726,0,0,0.988338,-1.27997,0.0935332,-0.432569,2.0618,-0.124833,-29.8848,-0.781832,0.0312995,-0.102941,0,0,-5.53063e-17,-0,0,0.00251726,0,0,-0.988338,-1.27997,0.0935332,-0.432569,2.0618,-0.124833,-29.8848,-0.781832,0.0312995,-0.102941,0,0,5.5716e-17,-0.0732436,-0.071982,0.0219951,0.0223806,0.00416398,-7.68941e-21,0,0,True,True
1.825,-0,0,-0.00254281,0,0,0.988106,-1.27944,0.116827,-0.433312,2.0611,-0.155985,-29.8737,-0.781656,0.0391582,-0.102836,0,0,2.092e-19,-0,0,0.00254281,0,0,-0.988106,-1.27944,0.116827,-0.433312,2.0611,-0.155985,-29.8737,-0.781656,0.0391582,-0.102836,0,0,2.092e-19,-0.0731633,-0.0719038,0.0275197,0.0280018,0.00415904,-7.85133e-21,0,0,True,True
1.83,-0,0,-0.00257386,0,0,0.987821,-1.2788,0.140065,-0.434215,2.06024,-0.187099,-29.8602,-0.78144,0.047034,-0.102709,0,0,-5.52975e-17,-0,0,0.00257386,0,0,-0.987821,-1.2788,0.140065,-0.434215,2.06024,-0.187099,-29.8602,-0.78144,0.047034,-0.102709,0,0,5.57248e-17,-0.0730659,-0.0718092,0.0330578,0.0336364,0.004153,-8.01665e-21,0,0,True,True
1.835,-0,0,-0.00261033,0,0,0.987486,-1.27804,0.163237,-0.435277,2.05923,-0.218168,-29.8442,-0.781185,0.0549302,-0.10256,0,0,2.18113e-19,-0,0,0.00261033,0,0,-0.987486,-1.27804,0.163237,-0.435277,2.05923,-0.218168,-29.8442,-0.781185,0.0549302,-0.10256,0,0,2.18113e-19,-0.072952,-0.0716983,0.038612,0.0392871,0.00414585,-8.18544e-21,0,0,True,True
1.84,-0,0,-0.0026521,0,0,0.987099,-1.27717,0.186333,-0.436494,2.05806,-0.249183,-29.8258,-0.780891,0.0628499,-0.10239,0,0,-5.52884e-17,-0,0,0.0026521,0,0,-0.987099,-1.27717,0.186333,-0.436494,2.05806,-0.249183,-29.8258,-0.780891,0.0628499,-0.10239,0,0,5.57339e-17,-0.0728219,-0.0715717,0.0441847,0.0449565,0.0041376,-8.35776e-21,0,0,True,True
1.845,-0,0,-0.00269907,0,0,0.986661,-1.27618,0.209341,-0.437863,2.05674,-0.280137,-29.8049,-0.780557,0.0707961,-0.1022,0,0,2.27406e-19,-0,0,0.00269907,0,0,-0.986661,-1.27618,0.209341,-0.437863,2.05674,-0.280137,-29.8049,-0.780557,0.0707961,-0.1022,0,0,2.27406e-19,-0.072676,-0.0714298,0.0497783,0.0506468,0.00412825,-8.53371e-21,0,0,True,True
1.85,-0,0,-0.00275108,0,0,0.986172,-1.27508,0.23225,-0.439381,2.05526,-0.311022,-29.7815,-0.780183,0.0787719,-0.10199,0,0,-5.5279e-17,-0,0,0.00275108,0,0,-0.986172,-1.27508,0.23225,-0.439381,2.05526,-0.311022,-29.7815,-0.780183,0.0787719,-0.10199,0,0,5.57434e-17,-0.0725149,-0.0712731,0.0553953,0.0563605,0.0041178,-8.71334e-21,0,0,True,True
1.855,-0,0,-0.00280798,0,0,0.985632,-1.27386,0.255052,-0.441043,2.05363,-0.341832,-29.7557,-0.779769,0.08678,-0.101762,0,0,2.37094e-19,-0,0,0.00280798,0,0,-0.985632,-1.27386,0.255052,-0.441043,2.05363,-0.341832,-29.7557,-0.779769,0.08678,-0.101762,0,0,2.37094e-19,-0.0723392,-0.0711022,0.0610379,0.0620999,0.00410626,-8.89674e-21,0,0,True,True
1.86,-0,0,-0.00286962,0,0,0.985042,-1.27252,0.277735,-0.442845,2.05184,-0.372558,-29.7274,-0.779315,0.0948231,-0.101515,0,0,-5.52691e-17,-0,0,0.00286962,0,0,-0.985042,-1.27252,0.277735,-0.442845,2.05184,-0.372558,-29.7274,-0.779315,0.0948231,-0.101515,0,0,5.57532e-17,-0.0721495,-0.0709177,0.0667083,0.067867,0.00409362,-9.08399e-21,0,0,True,True
1.865,-0,0,-0.00293582,0,0,0.984401,-1.27108,0.300289,-0.444782,2.0499,-0.403192,-29.6967,-0.778821,0.102904,-0.101251,0,0,-5.5264e-17,-0,0,0.00293582,0,0,-0.984401,-1.27108,0.300289,-0.444782,2.0499,-0.403192,-29.6967,-0.778821,0.102904,-0.101251,0,0,5.57583e-17,-0.0719464,-0.0707201,0.0724085,0.073664,0.0040799,-9.27517e-21,0,0,True,True
1.87,-0,0,-0.00300638,0,0,0.98371,-1.26952,0.322705,-0.44685,2.04781,-0.433729,-29.6635,-0.778286,0.111024,-0.100971,0,0,2.52405e-19,-0,0,0.00300638,0,0,-0.98371,-1.26952,0.322705,-0.44685,2.04781,-0.433729,-29.6635,-0.778286,0.111024,-0.100971,0,0,2.52405e-19,-0.0717306,-0.0705104,0.0781405,0.0794928,0.00406509,-9.47036e-21,0,0,True,True
1.875,-0,0,-0.0030811,0,0,0.982969,-1.26785,0.344973,-0.449043,2.04556,-0.464159,-29.6278,-0.777711,0.119186,-0.100675,0,0,-5.52534e-17,-0,0,0.0030811,0,0,-0.982969,-1.26785,0.344973,-0.449043,2.04556,-0.464159,-29.6278,-0.777711,0.119186,-0.100675,0,0,5.57689e-17,-0.071503,-0.0702891,0.083906,0.0853551,0.0040492,-9.66965e-21,0,0,True,True
1.88,-0,0,-0.00315978,0,0,0.982179,-1.26607,0.367084,-0.451355,2.04317,-0.494476,-29.5897,-0.777094,0.127392,-0.100366,0,0,-5.5248e-17,-0,0,0.00315978,0,0,-0.982179,-1.26607,0.367084,-0.451355,2.04317,-0.494476,-29.5897,-0.777094,0.127392,-0.100366,0,0,5.57743e-17,-0.0712642,-0.070057,0.0897068,0.0912527,0.00403223,-9.87312e-21,0,0,True,True
1.885,-0,0,-0.0032422,0,0,0.98134,-1.26418,0.389029,-0.45378,2.04062,-0.524672,-29.5491,-0.776437,0.135643,-0.100044,0,0,2.68704e-19,-0,0,0.0032422,0,0,-0.98134,-1.26418,0.389029,-0.45378,2.04062,-0.524672,-29.5491,-0.776437,0.135643,-0.100044,0,0,2.68704e-19,-0.0710152,-0.0698149,0.0955444,0.097187,0.00401418,-1.00809e-20,0,0,True,True
1.89,-0,0,-0.00332811,0,0,0.980451,-1.26218,0.410799,-0.456313,2.03792,-0.55474,-29.506,-0.775738,0.143941,-0.0997096,0,0,-5.52368e-17,-0,0,0.00332811,0,0,-0.980451,-1.26218,0.410799,-0.456313,2.03792,-0.55474,-29.506,-0.775738,0.143941,-0.0997096,0,0,5.57855e-17,-0.0707567,-0.0695637,0.10142,0.103159,0.00399507,-1.0293e-20,0,0,True,True
1.895,-0,0,-0.00341729,0,0,0.979514,-1.26007,0.432385,-0.458946,2.03507,-0.584673,-29.4605,-0.774997,0.152288,-0.0993649,0,0,-5.5231e-17,-0,0,0.00341729,0,0,-0.979514,-1.26007,0.432385,-0.458946,2.03507,-0.584673,-29.4605,-0.774997,0.152288,-0.0993649,0,0,5.57913e-17,-0.0704896,-0.0693042,0.107335,0.109171,0.00397489,-1.05095e-20,0,0,True,True
1.9,-0,0,-0.0035095,0,0,0.978529,-1.25786,0.453778,-0.461675,2.03207,-0.614462,-29.4125,-0.774215,0.160684,-0.0990108,0,0,2.86055e-19,-0,0,0.0035095,0,0,-0.978529,-1.25786,0.453778,-0.461675,2.03207,-0.614462,-29.4125,-0.774215,0.160684,-0.0990108,0,0,2.86055e-19,-0.0702148,-0.0690373,0.113291,0.115224,0.00395365,-1.07306e-20,0,0,True,True
1.905,-0,0,-0.00360447,0,0,0.977496,-1.25554,0.474972,-0.464491,2.02893,-0.644102,-29.362,-0.773391,0.16913,-0.0986487,0,0,2.92084e-19,-0,0,0.00360447,0,0,-0.977496,-1.25554,0.474972,-0.464491,2.02893,-0.644102,-29.362,-0.773391,0.16913,-0.0986487,0,0,2.92084e-19,-0.0699332,-0.0687638,0.119288,0.121317,0.00393134,-1.09564e-20,0,0,True,True
1.91,-0,0,-0.00370196,0,0,0.976416,-1.25311,0.495957,-0.467388,2.02563,-0.673584,-29.3091,-0.772524,0.177627,-0.0982796,0,0,2.9824e-19,-0,0,0.00370196,0,0,-0.976416,-1.25311,0.495957,-0.467388,2.02563,-0.673584,-29.3091,-0.772524,0.177627,-0.0982796,0,0,2.9824e-19,-0.0696457,-0.0684846,0.125328,0.127453,0.00390799,-1.11869e-20,0,0,True,True
1.915,-0,0,-0.0038017,0,0,0.975288,-1.25058,0.516727,-0.470359,2.02219,-0.702902,-29.2537,-0.771614,0.186175,-0.0979049,0,0,-5.52066e-17,-0,0,0.0038017,0,0,-0.975288,-1.25058,0.516727,-0.470359,2.02219,-0.702902,-29.2537,-0.771614,0.186175,-0.0979049,0,0,5.58157e-17,-0.0693533,-0.0682007,0.13141,0.133631,0.00388359,-1.14222e-20,0,0,True,True
1.92,-0,0,-0.00390343,0,0,0.974114,-1.24794,0.537274,-0.473398,2.0186,-0.732049,-29.1959,-0.770662,0.194775,-0.0975258,0,0,-5.52002e-17,-0,0,0.00390343,0,0,-0.974114,-1.24794,0.537274,-0.473398,2.0186,-0.732049,-29.1959,-0.770662,0.194775,-0.0975258,0,0,5.58221e-17,-0.0690567,-0.0679129,0.137536,0.139852,0.00385815,-1.16625e-20,0,0,True,True
1.925,-0,0,-0.00400688,0,0,0.972894,-1.2452,0.557591,-0.476497,2.01487,-0.761016,-29.1356,-0.769667,0.203425,-0.0971436,0,0,-5.51937e-17,-0,0,0.00400688,0,0,-0.972894,-1.2452,0.557591,-0.476497,2.01487,-0.761016,-29.1356,-0.769667,0.203425,-0.0971436,0,0,5.58286e-17,-0.068757,-0.0676221,0.143705,0.146117,0.00383167,-1.19078e-20,0,0,True,True
1.93,-0,0,-0.00411179,0,0,0.971628,-1.24237,0.577672,-0.47965,2.01099,-0.789798,-29.0728,-0.768628,0.212127,-0.0967597,0,0,3.24189e-19,-0,0,0.00411179,0,0,-0.971628,-1.24237,0.577672,-0.47965,2.01099,-0.789798,-29.0728,-0.768628,0.212127,-0.0967597,0,0,3.24189e-19,-0.0684551,-0.0673293,0.149918,0.152425,0.00380416,-1.21583e-20,0,0,True,True
1.935,-0,0,-0.00421789,0,0,0.970317,-1.23943,0.597509,-0.482848,2.00697,-0.818387,-29.0076,-0.767545,0.220878,-0.0963751,0,0,-5.51801e-17,-0,0,0.00421789,0,0,-0.970317,-1.23943,0.597509,-0.482848,2.00697,-0.818387,-29.0076,-0.767545,0.220878,-0.0963751,0,0,5.58422e-17,-0.0681518,-0.0670352,0.156174,0.158776,0.00377562,-1.2414e-20,0,0,True,True
1.94,-0,0,-0.0043249,0,0,0.968962,-1.23639,0.617098,-0.486086,2.00281,-0.846777,-28.94,-0.766419,0.229679,-0.0959911,0,0,3.37998e-19,-0,0,0.0043249,0,0,-0.968962,-1.23639,0.617098,-0.486086,2.00281,-0.846777,-28.94,-0.766419,0.229679,-0.0959911,0,0,3.37998e-19,-0.0678481,-0.0667408,0.162474,0.16517,0.00374607,-1.26751e-20,0,0,True,True
1.945,-0,0,-0.00443256,0,0,0.967562,-1.23326,0.636431,-0.489356,1.9985,-0.874959,-28.8699,-0.765248,0.238528,-0.095609,0,0,3.45122e-19,-0,0,0.00443256,0,0,-0.967562,-1.23326,0.636431,-0.489356,1.9985,-0.874959,-28.8699,-0.765248,0.238528,-0.095609,0,0,3.45122e-19,-0.0675448,-0.066447,0.168817,0.171606,0.0037155,-1.29417e-20,0,0,True,True
1.95,-0,0,-0.0045406,0,0,0.966118,-1.23003,0.655505,-0.492651,1.99406,-0.902928,-28.7974,-0.764034,0.247423,-0.09523,0,0,3.52395e-19,-0,0,0.0045406,0,0,-0.966118,-1.23003,0.655505,-0.492651,1.99406,-0.902928,-28.7974,-0.764034,0.247423,-0.09523,0,0,3.52395e-19,-0.0672428,-0.0661545,0.175202,0.178084,0.00368392,-1.32139e-20,0,0,True,True
1.955,-0,0,-0.00464875,0,0,0.964632,-1.2267,0.674312,-0.495964,1.98947,-0.930676,-28.7225,-0.762774,0.256364,-0.0948551,0,0,3.59822e-19,-0,0,0.00464875,0,0,-0.964632,-1.2267,0.674312,-0.495964,1.98947,-0.930676,-28.7225,-0.762774,0.256364,-0.0948551,0,0,3.59822e-19,-0.0669429,-0.0658643,0.181628,0.184602,0.00365134,-1.34918e-20,0,0,True,True
1.96,-0,0,-0.00475676,0,0,0.963103,-1.22328,0.692849,-0.499289,1.98475,-0.958196,-28.6451,-0.76147,0.265347,-0.0944856,0,0,3.67406e-19,-0,0,0.00475676,0,0,-0.963103,-1.22328,0.692849,-0.499289,1.98475,-0.958196,-28.6451,-0.76147,0.265347,-0.0944856,0,0,3.67406e-19,-0.066646,-0.065577,0.188095,0.191161,0.00361776,-1.37756e-20,0,0,True,True
1.965,-0,0,-0.00486435,0,0,0.961532,-1.21977,0.71111,-0.502619,1.97989,-0.985483,-28.5654,-0.760121,0.274372,-0.0941225,0,0,3.7515e-19,-0,0,0.00486435,0,0,-0.961532,-1.21977,0.71111,-0.502619,1.97989,-0.985483,-28.5654,-0.760121,0.274372,-0.0941225,0,0,3.7515e-19,-0.0663527,-0.0652934,0.194601,0.197758,0.0035832,-1.40653e-20,0,0,True,True
1.97,-0,0,-0.00497128,0,0,0.95992,-1.21617,0.729092,-0.505947,1.9749,-1.01253,-28.4832,-0.758726,0.283436,-0.0937668,0,0,3.83056e-19,-0,0,0.00497128,0,0,-0.95992,-1.21617,0.729092,-0.505947,1.9749,-1.01253,-28.4832,-0.758726,0.283436,-0.0937668,0,0,3.83056e-19,-0.0660639,-0.0650143,0.201145,0.204392,0.00354765,-1.43611e-20,0,0,True,True
1.975,-0,0,-0.0050773,0,0,0.958267,-1.21248,0.746789,-0.509266,1.96977,-1.03933,-28.3987,-0.757286,0.292536,-0.0934195,0,0,-5.512e-17,-0,0,0.0050773,0,0,-0.958267,-1.21248,0.746789,-0.509266,1.96977,-1.03933,-28.3987,-0.757286,0.292536,-0.0934195,0,0,5.59023e-17,-0.0657803,-0.0647405,0.207726,0.211062,0.00351113,-1.46632e-20,0,0,True,True
1.98,-0,0,-0.00518215,0,0,0.956574,-1.2087,0.764199,-0.512571,1.9645,-1.06587,-28.3118,-0.755801,0.301669,-0.0930817,0,0,3.99374e-19,-0,0,0.00518215,0,0,-0.956574,-1.2087,0.764199,-0.512571,1.9645,-1.06587,-28.3118,-0.755801,0.301669,-0.0930817,0,0,3.99374e-19,-0.0655025,-0.0644725,0.214342,0.217766,0.00347364,-1.49715e-20,0,0,True,True
1.985,-0,0,-0.0052856,0,0,0.954842,-1.20484,0.781317,-0.515856,1.95911,-1.09215,-28.2225,-0.75427,0.310833,-0.0927542,0,0,-5.51034e-17,-0,0,0.0052856,0,0,-0.954842,-1.20484,0.781317,-0.515856,1.95911,-1.09215,-28.2225,-0.75427,0.310833,-0.0927542,0,0,5.59189e-17,-0.0652313,-0.0642109,0.220991,0.224503,0.00343519,-1.52864e-20,0,0,True,True
1.99,-0,0,-0.00538741,0,0,0.953071,-1.20089,0.798139,-0.519114,1.95358,-1.11816,-28.1308,-0.752693,0.320024,-0.0924379,0,0,-5.50948e-17,-0,0,0.00538741,0,0,-0.953071,-1.20089,0.798139,-0.519114,1.95358,-1.11816,-28.1308,-0.752693,0.320024,-0.0924379,0,0,5.59275e-17,-0.0649672,-0.0639565,0.227671,0.231269,0.00339578,-1.56079e-20,0,0,True,True
1.995,-0,0,-0.00548735,0,0,0.951262,-1.19686,0.814664,-0.52234,1.94793,-1.1439,-28.0369,-0.751069,0.329238,-0.0921336,0,0,-5.5086e-17,-0,0,0.00548735,0,0,-0.951262,-1.19686,0.814664,-0.52234,1.94793,-1.1439,-28.0369,-0.751069,0.329238,-0.0921336,0,0,5.59363e-17,-0.0647108,-0.0637098,0.234381,0.238063,0.00335542,-1.59361e-20,0,0,True,True
2,-0,0,-0.00558519,0,0,0.949416,-1.19274,0.830887,-0.525528,1.94214,-1.16936,-27.9406,-0.7494,0.338473,-0.0918421,0,0,4.34124e-19,-0,0,0.00558519,0,0,-0.949416,-1.19274,0.830887,-0.525528,1.94214,-1.16936,-27.9406,-0.7494,0.338473,-0.0918421,0,0,4.34124e-19,-0.0644627,-0.0634713,0.241117,0.244883,0.00331413,-1.62713e-20,0,0,True,True
2.005,-0,0,-0.00568073,0,0,0.947533,-1.18855,0.846806,-0.528673,1.93623,-1.19453,-27.842,-0.747685,0.347724,-0.0915639,0,0,4.43274e-19,-0,0,0.00568073,0,0,-0.947533,-1.18855,0.846806,-0.528673,1.93623,-1.19453,-27.842,-0.747685,0.347724,-0.0915639,0,0,4.43274e-19,-0.0642232,-0.0632414,0.247877,0.251726,0.00327189,-1.66134e-20,0,0,True,True
2.01,-0,0,-0.00577375,0,0,0.945615,-1.18428,0.862418,-0.53177,1.9302,-1.2194,-27.7411,-0.745923,0.356987,-0.0912999,0,0,4.52617e-19,-0,0,0.00577375,0,0,-0.945615,-1.18428,0.862418,-0.53177,1.9302,-1.2194,-27.7411,-0.745923,0.356987,-0.0912999,0,0,4.52617e-19,-0.063993,-0.0630207,0.25466,0.258589,0.00322874,-1.69628e-20,0,0,True,True
2.015,-0,0,-0.00586404,0,0,0.943661,-1.17992,0.877721,-0.534813,1.92404,-1.24398,-27.638,-0.744115,0.366259,-0.0910505,0,0,-5.5049e-17,-0,0,0.00586404,0,0,-0.943661,-1.17992,0.877721,-0.534813,1.92404,-1.24398,-27.638,-0.744115,0.366259,-0.0910505,0,0,5.59733e-17,-0.0637724,-0.0628095,0.261461,0.26547,0.00318466,-1.73195e-20,0,0,True,True
2.02,-0,0,-0.00595142,0,0,0.941673,-1.1755,0.892713,-0.537799,1.91776,-1.26825,-27.5326,-0.74226,0.375534,-0.0908164,0,0,4.71898e-19,-0,0,0.00595142,0,0,-0.941673,-1.1755,0.892713,-0.537799,1.91776,-1.26825,-27.5326,-0.74226,0.375534,-0.0908164,0,0,4.71898e-19,-0.0635618,-0.0626082,0.268279,0.272365,0.00313968,-1.76838e-20,0,0,True,True
2.025,-0,0,-0.00603568,0,0,0.939651,-1.171,0.907391,-0.540723,1.91136,-1.2922,-27.425,-0.74036,0.384808,-0.0905979,0,0,-5.50293e-17,-0,0,0.00603568,0,0,-0.939651,-1.171,0.907391,-0.540723,1.91136,-1.2922,-27.425,-0.74036,0.384808,-0.0905979,0,0,5.5993e-17,-0.0633615,-0.0624171,0.27511,0.279273,0.00309379,-1.80557e-20,0,0,True,True
2.03,-0,0,-0.00611666,0,0,0.937596,-1.16642,0.921755,-0.54358,1.90484,-1.31583,-27.3151,-0.738412,0.394077,-0.0903954,0,0,-5.50191e-17,-0,0,0.00611666,0,0,-0.937596,-1.16642,0.921755,-0.54358,1.90484,-1.31583,-27.3151,-0.738412,0.394077,-0.0903954,0,0,5.60032e-17,-0.0631717,-0.0622366,0.281952,0.286188,0.003047,-1.84354e-20,0,0,True,True
2.035,-0,0,-0.00619417,0,0,0.935509,-1.16178,0.935801,-0.546366,1.8982,-1.33914,-27.2031,-0.736419,0.403336,-0.0902095,0,0,-5.50088e-17,-0,0,0.00619417,0,0,-0.935509,-1.16178,0.935801,-0.546366,1.8982,-1.33914,-27.2031,-0.736419,0.403336,-0.0902095,0,0,5.60135e-17,-0.0629929,-0.0620668,0.2888,0.29311,0.00299933,-1.88231e-20,0,0,True,True
2.04,-0,0,-0.00626806,0,0,0.933391,-1.15707,0.94953,-0.549079,1.89145,-1.36211,-27.089,-0.734379,0.41258,-0.0900403,0,0,-5.49982e-17,-0,0,0.00626806,0,0,-0.933391,-1.15707,0.94953,-0.549079,1.89145,-1.36211,-27.089,-0.734379,0.41258,-0.0900403,0,0,5.60241e-17,-0.0628251,-0.061908,0.295653,0.300032,0.00295078,-1.92189e-20,0,0,True,True
2.045,-0,0,-0.00633815,0,0,0.931243,-1.15228,0.962938,-0.551714,1.88458,-1.38474,-26.9727,-0.732293,0.421803,-0.089888,0,0,5.23775e-19,-0,0,0.00633815,0,0,-0.931243,-1.15228,0.962938,-0.551714,1.88458,-1.38474,-26.9727,-0.732293,0.421803,-0.089888,0,0,5.23775e-19,-0.0626685,-0.0617603,0.302505,0.306953,0.00290136,-1.96231e-20,0,0,True,True
2.05,-0,0,-0.0064043,0,0,0.929065,-1.14744,0.976025,-0.554267,1.8776,-1.40703,-26.8543,-0.730161,0.431001,-0.0897529,0,0,-5.49763e-17,-0,0,0.0064043,0,0,-0.929065,-1.14744,0.976025,-0.554267,1.8776,-1.40703,-26.8543,-0.730161,0.431001,-0.0897529,0,0,5.6046e-17,-0.0625232,-0.0616238,0.309354,0.313869,0.00285108,-2.00358e-20,0,0,True,True
2.055,-0,0,-0.00646636,0,0,0.926858,-1.14252,0.98879,-0.556737,1.87051,-1.42896,-26.7338,-0.727983,0.440168,-0.0896352,0,0,-5.49651e-17,-0,0,0.00646636,0,0,-0.926858,-1.14252,0.98879,-0.556737,1.87051,-1.42896,-26.7338,-0.727983,0.440168,-0.0896352,0,0,5.60572e-17,-0.0623895,-0.0614987,0.316196,0.320776,0.00279995,-2.04571e-20,0,0,True,True
2.06,-0,0,-0.00652419,0,0,0.924623,-1.13755,1.00123,-0.55912,1.86331,-1.45053,-26.6113,-0.725759,0.4493,-0.0895348,0,0,-5.49535e-17,-0,0,0.00652419,0,0,-0.924623,-1.13755,1.00123,-0.55912,1.86331,-1.45053,-26.6113,-0.725759,0.4493,-0.0895348,0,0,5.60688e-17,-0.0622672,-0.061385,0.323027,0.327669,0.00274797,-2.08873e-20,0,0,True,True
2.065,-0,0,-0.00657766,0,0,0.922361,-1.13251,1.01335,-0.561413,1.856,-1.47174,-26.4867,-0.72349,0.458389,-0.0894518,0,0,-5.49418e-17,-0,0,0.00657766,0,0,-0.922361,-1.13251,1.01335,-0.561413,1.856,-1.47174,-26.4867,-0.72349,0.458389,-0.0894518,0,0,5.60805e-17,-0.0621564,-0.0612826,0.329843,0.334546,0.00269515,-2.13266e-20,0,0,True,True
2.07,-0,0,-0.00662665,0,0,0.920073,-1.12742,1.02514,-0.563614,1.84859,-1.49257,-26.3602,-0.721175,0.467431,-0.0893863,0,0,-5.49298e-17,-0,0,0.00662665,0,0,-0.920073,-1.12742,1.02514,-0.563614,1.84859,-1.49257,-26.3602,-0.721175,0.467431,-0.0893863,0,0,5.60925e-17,-0.0620571,-0.0611917,0.336641,0.341402,0.00264151,-2.17751e-20,0,0,True,True
2.075,-0,0,-0.00667104,0,0,0.91776,-1.12226,1.03661,-0.565721,1.84108,-1.51303,-26.2317,-0.718816,0.476421,-0.089338,0,0,-5.49175e-17,-0,0,0.00667104,0,0,-0.91776,-1.12226,1.03661,-0.565721,1.84108,-1.51303,-26.2317,-0.718816,0.476421,-0.089338,0,0,5.61048e-17,-0.0619692,-0.0611121,0.343416,0.348233,0.00258706,-2.22331e-20,0,0,True,True
2.08,-0,0,-0.00671071,0,0,0.915422,-1.11705,1.04774,-0.567731,1.83346,-1.5331,-26.1013,-0.716411,0.485351,-0.0893069,0,0,-5.4905e-17,-0,0,0.00671071,0,0,-0.915422,-1.11705,1.04774,-0.567731,1.83346,-1.5331,-26.1013,-0.716411,0.485351,-0.0893069,0,0,5.61173e-17,-0.0618927,-0.0610437,0.350164,0.355034,0.00253179,-2.27007e-20,0,0,True,True
2.085,-0,0,-0.00674556,0,0,0.913061,-1.11178,1.05856,-0.569644,1.82575,-1.55277,-25.969,-0.713962,0.494217,-0.0892928,0,0,-5.48922e-17,-0,0,0.00674556,0,0,-0.913061,-1.11178,1.05856,-0.569644,1.82575,-1.55277,-25.969,-0.713962,0.494217,-0.0892928,0,0,5.61301e-17,-0.0618274,-0.0609864,0.356881,0.361802,0.00247573,-2.31781e-20,0,0,True,True
2.09,-0,0,-0.00677549,0,0,0.910677,-1.10646,1.06904,-0.571457,1.81793,-1.57205,-25.8349,-0.711469,0.503012,-0.0892956,0,0,6.31952e-19,-0,0,0.00677549,0,0,-0.910677,-1.10646,1.06904,-0.571457,1.81793,-1.57205,-25.8349,-0.711469,0.503012,-0.0892956,0,0,6.31952e-19,-0.0617731,-0.0609401,0.363562,0.368532,0.00241889,-2.36656e-20,0,0,True,True
2.095,-0,0,-0.0068004,0,0,0.908272,-1.10109,1.07919,-0.57317,1.81003,-1.59092,-25.6989,-0.708932,0.511731,-0.0893148,0,0,6.45274e-19,-0,0,0.0068004,0,0,-0.908272,-1.10109,1.07919,-0.57317,1.81003,-1.59092,-25.6989,-0.708932,0.511731,-0.0893148,0,0,6.45274e-19,-0.0617298,-0.0609046,0.370204,0.37522,0.00236127,-2.41633e-20,0,0,True,True
2.1,-0,0,-0.00682021,0,0,0.905846,-1.09567,1.08901,-0.57478,1.80202,-1.60938,-25.5612,-0.706352,0.520368,-0.0893504,0,0,6.58877e-19,-0,0,0.00682021,0,0,-0.905846,-1.09567,1.08901,-0.57478,1.80202,-1.60938,-25.5612,-0.706352,0.520368,-0.0893504,0,0,6.58877e-19,-0.0616971,-0.0608796,0.376801,0.381861,0.00230288,-2.46715e-20,0,0,True,True
2.105,-0,0,-0.00683483,0,0,0.9034,-1.0902,1.0985,-0.576287,1.79393,-1.62742,-25.4217,-0.703728,0.528916,-0.0894017,0,0,6.72766e-19,-0,0,0.00683483,0,0,-0.9034,-1.0902,1.0985,-0.576287,1.79393,-1.62742,-25.4217,-0.703728,0.528916,-0.0894017,0,0,6.72766e-19,-0.0616748,-0.060865,0.38335,0.38845,0.00224374,-2.51904e-20,0,0,True,True
2.11,-0,0,-0.00684418,0,0,0.900935,-1.08469,1.10767,-0.57769,1.78575,-1.64503,-25.2806,-0.701063,0.537369,-0.0894686,0,0,-5.48242e-17,-0,0,0.00684418,0,0,-0.900935,-1.08469,1.10767,-0.57769,1.78575,-1.64503,-25.2806,-0.701063,0.537369,-0.0894686,0,0,5.61981e-17,-0.0616626,-0.0608604,0.389845,0.394984,0.00218386,-2.57202e-20,0,0,True,True
2.115,-0,0,-0.00684819,0,0,0.898452,-1.07913,1.11649,-0.578989,1.77748,-1.66222,-25.1377,-0.698355,0.545722,-0.0895506,0,0,-5.48097e-17,-0,0,0.00684819,0,0,-0.898452,-1.07913,1.11649,-0.578989,1.77748,-1.66222,-25.1377,-0.698355,0.545722,-0.0895506,0,0,5.62126e-17,-0.0616604,-0.0608656,0.396282,0.401456,0.00212324,-2.62612e-20,0,0,True,True
2.12,-0,0,-0.00684679,0,0,0.895952,-1.07352,1.12499,-0.580182,1.76913,-1.67896,-24.9933,-0.695605,0.553967,-0.0896473,0,0,7.16213e-19,-0,0,0.00684679,0,0,-0.895952,-1.07352,1.12499,-0.580182,1.76913,-1.67896,-24.9933,-0.695605,0.553967,-0.0896473,0,0,7.16213e-19,-0.0616677,-0.0608803,0.402656,0.407863,0.00206191,-2.68135e-20,0,0,True,True
2.125,-0,0,-0.00683991,0,0,0.893436,-1.06788,1.13315,-0.58127,1.76069,-1.69525,-24.8473,-0.692815,0.5621,-0.089758,0,0,-5.47798e-17,-0,0,0.00683991,0,0,-0.893436,-1.06788,1.13315,-0.58127,1.76069,-1.69525,-24.8473,-0.692815,0.5621,-0.089758,0,0,5.62425e-17,-0.0616842,-0.0609041,0.408962,0.4142,0.00199988,-2.73775e-20,0,0,True,True
2.13,-0,0,-0.0068275,0,0,0.890905,-1.06219,1.14098,-0.582253,1.75218,-1.71109,-24.6998,-0.689984,0.570112,-0.0898824,0,0,-5.47644e-17,-0,0,0.0068275,0,0,-0.890905,-1.06219,1.14098,-0.582253,1.75218,-1.71109,-24.6998,-0.689984,0.570112,-0.0898824,0,0,5.62579e-17,-0.0617095,-0.0609367,0.415196,0.420462,0.00193714,-2.79534e-20,0,0,True,True
2.135,-0,0,-0.0068095,0,0,0.888361,-1.05647,1.14847,-0.583129,1.74358,-1.72647,-24.5508,-0.687114,0.578,-0.0900199,0,0,-5.47487e-17,-0,0,0.0068095,0,0,-0.888361,-1.05647,1.14847,-0.583129,1.74358,-1.72647,-24.5508,-0.687114,0.578,-0.0900199,0,0,5.62736e-17,-0.0617434,-0.0609777,0.421353,0.426644,0.00187373,-2.85413e-20,0,0,True,True
2.14,-0,0,-0.00678586,0,0,0.885803,-1.05071,1.15563,-0.5839,1.73491,-1.74138,-24.4003,-0.684204,0.585754,-0.0901699,0,0,-5.47326e-17,-0,0,0.00678586,0,0,-0.885803,-1.05071,1.15563,-0.5839,1.73491,-1.74138,-24.4003,-0.684204,0.585754,-0.0901699,0,0,5.62897e-17,-0.0617853,-0.0610267,0.427427,0.43274,0.00180966,-2.91417e-20,0,0,True,True
2.145,-0,0,-0.00675652,0,0,0.883233,-1.04491,1.16245,-0.584565,1.72617,-1.75582,-24.2485,-0.681256,0.593371,-0.0903318,0,0,-5.47162e-17,-0,0,0.00675652,0,0,-0.883233,-1.04491,1.16245,-0.584565,1.72617,-1.75582,-24.2485,-0.681256,0.593371,-0.0903318,0,0,5.63061e-17,-0.0618349,-0.0610833,0.433414,0.438747,0.00174493,-2.97547e-20,0,0,True,True
2.15,-0,0,-0.00672144,0,0,0.880651,-1.03908,1.16893,-0.585126,1.71735,-1.76977,-24.0953,-0.678271,0.600843,-0.0905049,0,0,8.11649e-19,-0,0,0.00672144,0,0,-0.880651,-1.03908,1.16893,-0.585126,1.71735,-1.76977,-24.0953,-0.678271,0.600843,-0.0905049,0,0,8.11649e-19,-0.0618918,-0.0611472,0.439309,0.444658,0.00167957,-3.03805e-20,0,0,True,True
2.155,-0,0,-0.00668057,0,0,0.87806,-1.03322,1.17507,-0.585581,1.70847,-1.78323,-23.9408,-0.675248,0.608164,-0.0906888,0,0,-5.46824e-17,-0,0,0.00668057,0,0,-0.87806,-1.03322,1.17507,-0.585581,1.70847,-1.78323,-23.9408,-0.675248,0.608164,-0.0906888,0,0,5.63399e-17,-0.0619555,-0.0612178,0.445106,0.45047,0.00161358,-3.10196e-20,0,0,True,True
2.16,-0,0,-0.00663389,0,0,0.87546,-1.02733,1.18087,-0.585932,1.69952,-1.79619,-23.7851,-0.672189,0.615327,-0.0908825,0,0,-5.4665e-17,-0,0,0.00663389,0,0,-0.87546,-1.02733,1.18087,-0.585932,1.69952,-1.79619,-23.7851,-0.672189,0.615327,-0.0908825,0,0,5.63573e-17,-0.0620256,-0.0612948,0.450801,0.456176,0.00154699,-3.16721e-20,0,0,True,True
2.165,-0,0,-0.00658135,0,0,0.872851,-1.02141,1.18632,-0.58618,1.69051,-1.80865,-23.6281,-0.669095,0.622326,-0.0910856,0,0,8.6394e-19,-0,0,0.00658135,0,0,-0.872851,-1.02141,1.18632,-0.58618,1.69051,-1.80865,-23.6281,-0.669095,0.622326,-0.0910856,0,0,8.6394e-19,-0.0621017,-0.0613777,0.456388,0.461772,0.0014798,-3.23384e-20,0,0,True,True
2.17,-0,0,-0.00652291,0,0,0.870236,-1.01547,1.19144,-0.586326,1.68143,-1.82059,-23.4701,-0.665966,0.629155,-0.0912973,0,0,8.82076e-19,-0,0,0.00652291,0,0,-0.870236,-1.01547,1.19144,-0.586326,1.68143,-1.82059,-23.4701,-0.665966,0.629155,-0.0912973,0,0,8.82076e-19,-0.0621832,-0.061466,0.461863,0.467252,0.00141205,-3.30186e-20,0,0,True,True
2.175,-0,0,-0.00645856,0,0,0.867614,-1.0095,1.19621,-0.586369,1.6723,-1.83201,-23.3109,-0.662803,0.635808,-0.0915169,0,0,9.00567e-19,-0,0,0.00645856,0,0,-0.867614,-1.0095,1.19621,-0.586369,1.6723,-1.83201,-23.3109,-0.662803,0.635808,-0.0915169,0,0,9.00567e-19,-0.0622697,-0.0615593,0.467219,0.472611,0.00134374,-3.37132e-20,0,0,True,True
2.18,-0,0,-0.00638825,0,0,0.864988,-1.00351,1.20063,-0.586312,1.66311,-1.84291,-23.1506,-0.659608,0.642277,-0.0917437,0,0,-5.45917e-17,-0,0,0.00638825,0,0,-0.864988,-1.00351,1.20063,-0.586312,1.66311,-1.84291,-23.1506,-0.659608,0.642277,-0.0917437,0,0,5.64306e-17,-0.0623608,-0.061657,0.472451,0.477844,0.00127489,-3.44224e-20,0,0,True,True
2.185,-0,0,-0.00631196,0,0,0.862357,-0.997492,1.2047,-0.586155,1.65387,-1.85326,-22.9894,-0.65638,0.648557,-0.091977,0,0,-5.45725e-17,-0,0,0.00631196,0,0,-0.862357,-0.997492,1.2047,-0.586155,1.65387,-1.85326,-22.9894,-0.65638,0.648557,-0.091977,0,0,5.64498e-17,-0.062456,-0.0617588,0.477555,0.482946,0.00120553,-3.51465e-20,0,0,True,True
2.19,-0,0,-0.00622968,0,0,0.859723,-0.991459,1.20843,-0.5859,1.64458,-1.86307,-22.8273,-0.653122,0.654641,-0.092216,0,0,-5.4553e-17,-0,0,0.00622968,0,0,-0.859723,-0.991459,1.20843,-0.5859,1.64458,-1.86307,-22.8273,-0.653122,0.654641,-0.092216,0,0,5.64693e-17,-0.0625547,-0.0618642,0.482524,0.48791,0.00113566,-3.58859e-20,0,0,True,True
2.195,-0,0,-0.00614138,0,0,0.857087,-0.985408,1.2118,-0.585547,1.63524,-1.87232,-22.6642,-0.649834,0.660523,-0.09246,0,0,9.77989e-19,-0,0,0.00614138,0,0,-0.857087,-0.985408,1.2118,-0.585547,1.63524,-1.87232,-22.6642,-0.649834,0.660523,-0.09246,0,0,9.77989e-19,-0.0626566,-0.0619727,0.487354,0.492733,0.00106532,-3.66408e-20,0,0,True,True
2.2,-0,0,-0.00604704,0,0,0.85445,-0.979341,1.21481,-0.585098,1.62586,-1.88101,-22.5003,-0.646517,0.666195,-0.0927084,0,0,-5.4513e-17,-0,0,0.00604704,0,0,-0.85445,-0.979341,1.21481,-0.585098,1.62586,-1.88101,-22.5003,-0.646517,0.666195,-0.0927084,0,0,5.65093e-17,-0.0627611,-0.0620838,0.492039,0.497407,0.000994518,-3.74116e-20,0,0,True,True
2.205,-0,0,-0.00594665,0,0,0.851814,-0.973259,1.21747,-0.584555,1.61643,-1.88913,-22.3357,-0.643172,0.671652,-0.0929604,0,0,-5.44926e-17,-0,0,0.00594665,0,0,-0.851814,-0.973259,1.21747,-0.584555,1.61643,-1.88913,-22.3357,-0.643172,0.671652,-0.0929604,0,0,5.65297e-17,-0.0628679,-0.0621971,0.496573,0.501929,0.00092328,-3.81986e-20,0,0,True,True
2.21,-0,0,-0.00584019,0,0,0.849178,-0.967166,1.21977,-0.583919,1.60697,-1.89666,-22.1703,-0.6398,0.676888,-0.0932152,0,0,1.03921e-18,-0,0,0.00584019,0,0,-0.849178,-0.967166,1.21977,-0.583919,1.60697,-1.89666,-22.1703,-0.6398,0.676888,-0.0932152,0,0,1.03921e-18,-0.0629764,-0.0623121,0.500952,0.506292,0.000851629,-3.90021e-20,0,0,True,True
2.215,-0,0,-0.00572765,0,0,0.846544,-0.961062,1.22171,-0.583191,1.59746,-1.90361,-22.0042,-0.636403,0.681895,-0.0934723,0,0,-5.44511e-17,-0,0,0.00572765,0,0,-0.846544,-0.961062,1.22171,-0.583191,1.59746,-1.90361,-22.0042,-0.636403,0.681895,-0.0934723,0,0,5.65712e-17,-0.0630862,-0.0624285,0.505168,0.510491,0.000779586,-3.98225e-20,0,0,True,True
2.22,-0,0,-0.00560902,0,0,0.843913,-0.954949,1.22329,-0.582373,1.58793,-1.90995,-21.8375,-0.632981,0.686667,-0.0937309,0,0,-5.44303e-17,-0,0,0.00560902,0,0,-0.843913,-0.954949,1.22329,-0.582373,1.58793,-1.90995,-21.8375,-0.632981,0.686667,-0.0937309,0,0,5.6592e-17,-0.0631969,-0.0625456,0.509217,0.51452,0.000707176,-4.06601e-20,0,0,True,True
2.225,-0,0,-0.00548431,0,0,0.841287,-0.948829,1.22449,-0.581467,1.57837,-1.91569,-21.6703,-0.629536,0.691198,-0.0939904,0,0,-5.44095e-17,-0,0,0.00548431,0,0,-0.841287,-0.948829,1.22449,-0.581467,1.57837,-1.91569,-21.6703,-0.629536,0.691198,-0.0939904,0,0,5.66128e-17,-0.0633081,-0.0626633,0.513094,0.518373,0.000634424,-4.15152e-20,0,0,True,True
2.23,-0,0,-0.0053535,0,0,0.838665,-0.942704,1.22533,-0.580475,1.56877,-1.92081,-21.5025,-0.626069,0.69548,-0.0942502,0,0,-5.43889e-17,-0,0,0.0053535,0,0,-0.838665,-0.942704,1.22533,-0.580475,1.56877,-1.92081,-21.5025,-0.626069,0.69548,-0.0942502,0,0,5.66334e-17,-0.0634193,-0.062781,0.516792,0.522046,0.000561355,-4.23883e-20,0,0,True,True
2.235,-0,0,-0.00521659,0,0,0.836049,-0.936576,1.22579,-0.579397,1.55916,-1.9253,-21.3344,-0.622582,0.699509,-0.0945095,0,0,1.14235e-18,-0,0,0.00521659,0,0,-0.836049,-0.936576,1.22579,-0.579397,1.55916,-1.9253,-21.3344,-0.622582,0.699509,-0.0945095,0,0,1.14235e-18,-0.0635302,-0.0628983,0.520305,0.525533,0.000487997,-4.32795e-20,0,0,True,True
2.24,-0,0,-0.0050736,0,0,0.833441,-0.930446,1.22588,-0.578237,1.54952,-1.92915,-21.1658,-0.619074,0.703276,-0.0947679,0,0,1.16169e-18,-0,0,0.0050736,0,0,-0.833441,-0.930446,1.22588,-0.578237,1.54952,-1.92915,-21.1658,-0.619074,0.703276,-0.0947679,0,0,1.16169e-18,-0.0636404,-0.063015,0.523629,0.528826,0.000414376,-4.41893e-20,0,0,True,True
2.245,-0,0,-0.00492452,0,0,0.830841,-0.924317,1.22558,-0.576997,1.53987,-1.93235,-20.9969,-0.615549,0.706775,-0.0950248,0,0,1.17985e-18,-0,0,0.00492452,0,0,-0.830841,-0.924317,1.22558,-0.576997,1.53987,-1.93235,-20.9969,-0.615549,0.706775,-0.0950248,0,0,1.17985e-18,-0.0637497,-0.0631306,0.526757,0.531922,0.000340521,-4.51179e-20,0,0,True,True
2.25,-0,0,-0.00476936,0,0,0.82825,-0.91819,1.2249,-0.575677,1.5302,-1.9349,-20.8277,-0.612007,0.71,-0.0952796,0,0,-5.43149e-17,-0,0,0.00476936,0,0,-0.82825,-0.91819,1.2249,-0.575677,1.5302,-1.9349,-20.8277,-0.612007,0.71,-0.0952796,0,0,5.67074e-17,-0.0638576,-0.0632449,0.529683,0.534815,0.000266462,-4.60657e-20,0,0,True,True
2.255,-0,0,-0.00460814,0,0,0.825668,-0.912068,1.22383,-0.574281,1.52052,-1.93678,-20.6584,-0.608449,0.712945,-0.095532,0,0,-5.4301e-17,-0,0,0.00460814,0,0,-0.825668,-0.912068,1.22383,-0.574281,1.52052,-1.93678,-20.6584,-0.608449,0.712945,-0.095532,0,0,5.67214e-17,-0.0639638,-0.0633575,0.532402,0.537497,0.000192229,-4.70329e-20,0,0,True,True
2.26,-0,0,-0.00444088,0,0,0.823098,-0.905952,1.22237,-0.57281,1.51083,-1.93797,-20.4889,-0.604877,0.715601,-0.0957814,0,0,-5.42905e-17,-0,0,0.00444088,0,0,-0.823098,-0.905952,1.22237,-0.57281,1.51083,-1.93797,-20.4889,-0.604877,0.715601,-0.0957814,0,0,5.67318e-17,-0.0640682,-0.0634683,0.534908,0.539965,0.000117854,-4.80197e-20,0,0,True,True
2.265,-0,0,-0.00426759,0,0,0.82054,-0.899844,1.22052,-0.571267,1.50114,-1.93848,-20.3192,-0.601293,0.717964,-0.0960274,0,0,-5.42849e-17,-0,0,0.00426759,0,0,-0.82054,-0.899844,1.22052,-0.571267,1.50114,-1.93848,-20.3192,-0.601293,0.717964,-0.0960274,0,0,5.67374e-17,-0.0641705,-0.0635769,0.537195,0.542211,4.33683e-05,-4.90263e-20,0,0,True,True
2.27,-0,0,-0.0040883,0,0,0.817996,-0.893747,1.21826,-0.569653,1.49144,-1.93829,-20.1496,-0.597697,0.720026,-0.0962698,0,0,-5.42859e-17,-0,0,0.0040883,0,0,-0.817996,-0.893747,1.21826,-0.569653,1.49144,-1.93829,-20.1496,-0.597697,0.720026,-0.0962698,0,0,5.67364e-17,-0.0642706,-0.0636832,0.539257,0.54423,-3.11931e-05,-5.00529e-20,0,0,True,True
2.275,-0,0,-0.00390304,0,0,0.815465,-0.887661,1.2156,-0.567972,1.48175,-1.93738,-19.98,-0.594093,0.72178,-0.0965081,0,0,-5.4296e-17,-0,0,0.00390304,0,0,-0.815465,-0.887661,1.2156,-0.567972,1.48175,-1.93738,-19.98,-0.594093,0.72178,-0.0965081,0,0,5.67263e-17,-0.0643681,-0.0637871,0.541088,0.546017,-0.000105796,-5.10993e-20,0,0,True,True
2.28,-0,0,-0.00371184,0,0,0.812949,-0.881591,1.21253,-0.566226,1.47207,-1.93575,-19.8105,-0.59048,0.72322,-0.0967423,0,0,-5.43183e-17,-0,0,0.00371184,0,0,-0.812949,-0.881591,1.21253,-0.566226,1.47207,-1.93575,-19.8105,-0.59048,0.72322,-0.0967423,0,0,5.6704e-17,-0.0644631,-0.0638883,0.542682,0.547565,-0.000180404,-5.21654e-20,0,0,True,True
2.285,-0,0,-0.00351475,0,0,0.810449,-0.875536,1.20904,-0.564416,1.4624,-1.93338,-19.6411,-0.58686,0.724338,-0.096972,0,0,1.15409e-18,-0,0,0.00351475,0,0,-0.810449,-0.875536,1.20904,-0.564416,1.4624,-1.93338,-19.6411,-0.58686,0.724338,-0.096972,0,0,1.15409e-18,-0.0645554,-0.0639868,0.544034,0.548868,-0.000254981,-5.32509e-20,0,0,True,True
2.29,-0,0,-0.00331181,0,0,0.807966,-0.8695,1.20514,-0.562546,1.45274,-1.93027,-19.472,-0.583236,0.72513,-0.0971972,0,0,1.09306e-18,-0,0,0.00331181,0,0,-0.807966,-0.8695,1.20514,-0.562546,1.45274,-1.93027,-19.472,-0.583236,0.72513,-0.0971972,0,0,1.09306e-18,-0.0646449,-0.0640825,0.545136,0.54992,-0.000329488,-5.43551e-20,0,0,True,True
2.295,-0,0,-0.00310308,0,0,0.805501,-0.863485,1.20081,-0.560618,1.44309,-1.9264,-19.3032,-0.579609,0.725587,-0.0974178,0,0,-5.4509e-17,-0,0,0.00310308,0,0,-0.805501,-0.863485,1.20081,-0.560618,1.44309,-1.9264,-19.3032,-0.579609,0.725587,-0.0974178,0,0,5.65133e-17,-0.0647317,-0.0641755,0.545984,0.550716,-0.000403885,-5.5477e-20,0,0,True,True
2.3,-0,0,-0.00288861,0,0,0.803055,-0.857492,1.19606,-0.558634,1.43347,-1.92176,-19.1346,-0.57598,0.725702,-0.0976337,0,0,8.71185e-19,-0,0,0.00288861,0,0,-0.803055,-0.857492,1.19606,-0.558634,1.43347,-1.92176,-19.1346,-0.57598,0.725702,-0.0976337,0,0,8.71185e-19,-0.0648158,-0.0642657,0.546571,0.55125,-0.000478133,-5.66151e-20,0,0,True,True
2.305,-0,0,-0.00266846,0,0,0.800629,-0.851524,1.19086,-0.556598,1.42388,-1.91633,-18.9665,-0.572352,0.72547,-0.097845,0,0,6.86513e-19,-0,0,0.00266846,0,0,-0.800629,-0.851524,1.19086,-0.556598,1.42388,-1.91633,-18.9665,-0.572352,0.72547,-0.097845,0,0,6.86513e-19,-0.0648973,-0.0643532,0.546892,0.551516,-0.000552188,-5.77674e-20,0,0,True,True
2.31,-0,0,-0.00244272,0,0,0.798224,-0.845583,1.18523,-0.554512,1.41431,-1.91012,-18.7989,-0.568726,0.724884,-0.0980517,0,0,-5.50812e-17,-0,0,0.00244272,0,0,-0.798224,-0.845583,1.18523,-0.554512,1.41431,-1.91012,-18.7989,-0.568726,0.724884,-0.0980517,0,0,5.59411e-17,-0.0649761,-0.0644381,0.54694,0.551507,-0.000626008,-5.89307e-20,0,0,True,True
2.315,-0,0,-0.00221145,0,0,0.79584,-0.839672,1.17916,-0.552379,1.40478,-1.90309,-18.6318,-0.565103,0.723936,-0.0982542,0,0,-5.54339e-17,-0,0,0.00221145,0,0,-0.79584,-0.839672,1.17916,-0.552379,1.40478,-1.90309,-18.6318,-0.565103,0.723936,-0.0982542,0,0,5.55884e-17,-0.0650526,-0.0645206,0.546709,0.551218,-0.000699548,-6.01009e-20,0,0,True,True
2.32,-0,0,-0.00197476,0,0,0.793479,-0.833792,1.17263,-0.550202,1.39528,-1.89525,-18.4654,-0.561486,0.72262,-0.0984525,0,0,-5.59152e-17,-0,0,0.00197476,0,0,-0.793479,-0.833792,1.17263,-0.550202,1.39528,-1.89525,-18.4654,-0.561486,0.72262,-0.0984525,0,0,5.51071e-17,-0.0651268,-0.0646007,0.546194,0.550643,-0.000772763,-6.12722e-20,0,0,True,True
2.325,-0,0,-0.00173275,0,0,0.791141,-0.827946,1.16565,-0.547983,1.38582,-1.88658,-18.2996,-0.557877,0.72093,-0.0986469,0,0,-5.65683e-17,-0,0,0.00173275,0,0,-0.791141,-0.827946,1.16565,-0.547983,1.38582,-1.88658,-18.2996,-0.557877,0.72093,-0.0986469,0,0,5.4454e-17,-0.0651989,-0.0646787,0.545389,0.549776,-0.000845605,-6.24368e-20,0,0,True,True
2.33,-0,0,-0.00148551,0,0,0.788828,-0.822135,1.15821,-0.545726,1.37641,-1.87707,-18.1345,-0.554277,0.718859,-0.0988377,0,0,-1.9399e-18,-0,0,0.00148551,0,0,-0.788828,-0.822135,1.15821,-0.545726,1.37641,-1.87707,-18.1345,-0.554277,0.718859,-0.0988377,0,0,-1.9399e-18,-0.0652693,-0.0647548,0.544287,0.548611,-0.000918026,-6.35841e-20,0,0,True,True
2.335,-0,0,-0.00123317,0,0,0.78654,-0.816364,1.1503,-0.543434,1.36705,-1.8667,-17.9702,-0.550688,0.716401,-0.0990254,0,0,-5.86405e-17,-0,0,0.00123317,0,0,-0.78654,-0.816364,1.1503,-0.543434,1.36705,-1.8667,-17.9702,-0.550688,0.716401,-0.0990254,0,0,5.23818e-17,-0.0653381,-0.0648293,0.542883,0.547143,-0.000989976,-6.46995e-20,0,0,True,True
2.34,-0,0,-0.000975857,0,0,0.784278,-0.810632,1.14191,-0.54111,1.35775,-1.85546,-17.8069,-0.547113,0.713548,-0.0992101,0,0,-6.02396e-17,-0,0,0.000975857,0,0,-0.784278,-0.810632,1.14191,-0.54111,1.35775,-1.85546,-17.8069,-0.547113,0.713548,-0.0992101,0,0,5.07827e-17,-0.0654056,-0.0649025,0.541171,0.545366,-0.0010614,-6.57639e-20,0,0,True,True
2.345,-0,0,-0.000713717,0,0,0.782043,-0.804944,1.13305,-0.538757,1.3485,-1.84334,-17.6444,-0.543553,0.710295,-0.0993925,0,0,-6.87451e-18,-0,0,0.000713717,0,0,-0.782043,-0.804944,1.13305,-0.538757,1.3485,-1.84334,-17.6444,-0.543553,0.710295,-0.0993925,0,0,-6.87451e-18,-0.0654721,-0.0649746,0.539145,0.543274,-0.00113226,-6.67509e-20,0,0,True,True
2.35,-0,0,-0.000446901,0,0,0.779836,-0.799302,1.1237,-0.536378,1.33931,-1.83033,-17.483,-0.54001,0.706635,-0.0995729,0,0,-9.75103e-18,-0,0,0.000446901,0,0,-0.779836,-0.799302,1.1237,-0.536378,1.33931,-1.83033,-17.483,-0.54001,0.706635,-0.0995729,0,0,-9.75103e-18,-0.065538,-0.0650459,0.536801,0.540861,-0.00120248,-6.76258e-20,0,0,True,True
2.355,-0,0,-0.000175577,0,0,0.777658,-0.793707,1.11386,-0.533977,1.33019,-1.81642,-17.3227,-0.536487,0.702562,-0.0997517,0,0,-6.91139e-17,-0,0,0.000175577,0,0,-0.777658,-0.793707,1.11386,-0.533977,1.33019,-1.81642,-17.3227,-0.536487,0.702562,-0.0997517,0,0,4.19084e-17,-0.0656035,-0.0651169,0.534131,0.538123,-0.00127202,-6.83414e-20,0,0,True,True
2.36,-0,0,0.000100076,0,0,0.77551,-0.788163,1.10352,-0.531556,1.32115,-1.80159,-17.1635,-0.532984,0.69807,-0.0999294,0,0,-7.36684e-17,-0,0,-0.000100076,0,0,-0.77551,-0.788163,1.10352,-0.531556,1.32115,-1.80159,-17.1635,-0.532984,0.69807,-0.0999294,0,0,3.73539e-17,-0.065669,-0.0651876,0.531132,0.535053,-0.00134082,-6.88351e-20,0,0,True,True
2.365,-0,0,0.000379864,0,0,0.773392,-0.782672,1.09269,-0.529121,1.31218,-1.78584,-17.0056,-0.529506,0.693153,-0.100106,0,0,-7.62544e-17,-0,0,-0.000379864,0,0,-0.773392,-0.782672,1.09269,-0.529121,1.31218,-1.78584,-17.0056,-0.529506,0.693153,-0.100106,0,0,3.47679e-17,-0.0657347,-0.0652586,0.527796,0.531647,-0.00140881,-6.90228e-20,0,0,True,True
2.37,-0,0,0.000663578,0,0,0.771305,-0.777236,1.08134,-0.526672,1.30329,-1.76915,-16.849,-0.526053,0.687806,-0.100283,0,0,-7.43863e-17,-0,0,-0.000663578,0,0,-0.771305,-0.777236,1.08134,-0.526672,1.30329,-1.76915,-16.849,-0.526053,0.687806,-0.100283,0,0,3.6636e-17,-0.0658009,-0.0653299,0.524121,0.527899,-0.00147596,-6.88352e-20,0,0,True,True
2.375,-0,0,0.000950995,0,0,0.76925,-0.771859,1.06949,-0.524215,1.29449,-1.75151,-16.6938,-0.522628,0.682022,-0.100459,0,0,-1.45201e-17,-0,0,-0.000950995,0,0,-0.76925,-0.771859,1.06949,-0.524215,1.29449,-1.75151,-16.6938,-0.522628,0.682022,-0.100459,0,0,-1.45201e-17,-0.0658677,-0.0654017,0.520099,0.523805,-0.00154218,-6.83416e-20,0,0,True,True
2.38,-0,0,0.00124187,0,0,0.767228,-0.766542,1.05711,-0.521753,1.28577,-1.73291,-16.54,-0.519233,0.675796,-0.100636,0,0,-6.60308e-17,-0,0,-0.00124187,0,0,-0.767228,-0.766542,1.05711,-0.521753,1.28577,-1.73291,-16.54,-0.519233,0.675796,-0.100636,0,0,4.49915e-17,-0.0659354,-0.0654743,0.515728,0.519359,-0.00160742,-6.7626e-20,0,0,True,True
2.385,-0,0,0.00153596,0,0,0.76524,-0.761288,1.04422,-0.51929,1.27716,-1.71334,-16.3878,-0.51587,0.669124,-0.100813,0,0,-6.29679e-17,-0,0,-0.00153596,0,0,-0.76524,-0.761288,1.04422,-0.51929,1.27716,-1.71334,-16.3878,-0.51587,0.669124,-0.100813,0,0,4.80544e-17,-0.0660038,-0.0655476,0.511001,0.514558,-0.00167161,-6.67512e-20,0,0,True,True
2.39,-0,0,0.00183299,0,0,0.763286,-0.756099,1.03079,-0.516828,1.26864,-1.69279,-16.2372,-0.512541,0.662,-0.100989,0,0,-6.06746e-17,-0,0,-0.00183299,0,0,-0.763286,-0.756099,1.03079,-0.516828,1.26864,-1.69279,-16.2372,-0.512541,0.662,-0.100989,0,0,5.03477e-17,-0.066073,-0.0656215,0.505915,0.509396,-0.00173469,-6.57642e-20,0,0,True,True
2.395,-0,0,0.00213266,0,0,0.761368,-0.75098,1.01684,-0.514371,1.26023,-1.67125,-16.0883,-0.50925,0.654419,-0.101165,0,0,-3.45343e-18,-0,0,-0.00213266,0,0,-0.761368,-0.75098,1.01684,-0.514371,1.26023,-1.67125,-16.0883,-0.50925,0.654419,-0.101165,0,0,-3.45343e-18,-0.0661427,-0.0656958,0.500465,0.50387,-0.0017966,-6.47e-20,0,0,True,True
2.4,-0,0,0.00243467,0,0,0.759485,-0.745931,1.00234,-0.511923,1.25193,-1.64872,-15.9412,-0.505997,0.646378,-0.10134,0,0,-5.7692e-17,-0,0,-0.00243467,0,0,-0.759485,-0.745931,1.00234,-0.511923,1.25193,-1.64872,-15.9412,-0.505997,0.646378,-0.10134,0,0,5.33303e-17,-0.0662124,-0.06577,0.494648,0.497975,-0.00185727,-6.35846e-20,0,0,True,True
2.405,-0,0,0.0027387,0,0,0.757639,-0.740956,0.987311,-0.509488,1.24374,-1.62518,-15.796,-0.502786,0.637873,-0.101512,0,0,-5.67469e-17,-0,0,-0.0027387,0,0,-0.757639,-0.740956,0.987311,-0.509488,1.24374,-1.62518,-15.796,-0.502786,0.637873,-0.101512,0,0,5.42754e-17,-0.0662816,-0.0658436,0.48846,0.491709,-0.00191662,-6.24374e-20,0,0,True,True
2.41,-0,0,0.00304442,0,0,0.75583,-0.736058,0.971735,-0.507069,1.23568,-1.60063,-15.6527,-0.499619,0.628899,-0.101681,0,0,-5.60472e-17,-0,0,-0.00304442,0,0,-0.75583,-0.736058,0.971735,-0.507069,1.23568,-1.60063,-15.6527,-0.499619,0.628899,-0.101681,0,0,5.49751e-17,-0.0663492,-0.0659155,0.481897,0.485068,-0.0019746,-6.12729e-20,0,0,True,True
2.415,-0,0,0.00335146,0,0,0.754059,-0.731239,0.955613,-0.504669,1.22774,-1.57507,-15.5115,-0.496497,0.619454,-0.101844,0,0,-1.98614e-20,-0,0,-0.00335146,0,0,-0.754059,-0.731239,0.955613,-0.504669,1.22774,-1.57507,-15.5115,-0.496497,0.619454,-0.101844,0,0,-1.98614e-20,-0.0664141,-0.0659846,0.474958,0.478049,-0.00203112,-6.01016e-20,0,0,True,True
2.42,-0,0,0.00365946,0,0,0.752327,-0.726502,0.938941,-0.502292,1.21993,-1.54848,-15.3723,-0.493424,0.609535,-0.101999,0,0,-5.51522e-17,-0,0,-0.00365946,0,0,-0.752327,-0.726502,0.938941,-0.502292,1.21993,-1.54848,-15.3723,-0.493424,0.609535,-0.101999,0,0,5.58701e-17,-0.0664746,-0.0660493,0.467639,0.47065,-0.00208612,-5.89315e-20,0,0,True,True
2.425,-0,0,0.00396803,0,0,0.750634,-0.721849,0.921719,-0.499941,1.21225,-1.52086,-15.2354,-0.490402,0.599141,-0.102143,0,0,-5.48761e-17,-0,0,-0.00396803,0,0,-0.750634,-0.721849,0.921719,-0.499941,1.21225,-1.52086,-15.2354,-0.490402,0.599141,-0.102143,0,0,5.61462e-17,-0.0665287,-0.0661075,0.459938,0.462869,-0.00213953,-5.77683e-20,0,0,True,True
2.43,-0,0,0.00427676,0,0,0.748981,-0.717285,0.903944,-0.497619,1.20472,-1.49221,-15.1008,-0.487433,0.588268,-0.102272,0,0,-5.46769e-17,-0,0,-0.00427676,0,0,-0.748981,-0.717285,0.903944,-0.497619,1.20472,-1.49221,-15.1008,-0.487433,0.588268,-0.102272,0,0,5.63454e-17,-0.066574,-0.0661568,0.451853,0.454703,-0.00219126,-5.66161e-20,0,0,True,True
2.435,-0,0,0.00458525,0,0,0.747369,-0.71281,0.885616,-0.49533,1.19733,-1.46253,-14.9685,-0.484519,0.576916,-0.102381,0,0,-5.4535e-17,-0,0,-0.00458525,0,0,-0.747369,-0.71281,0.885616,-0.49533,1.19733,-1.46253,-14.9685,-0.484519,0.576916,-0.102381,0,0,5.64873e-17,-0.0666074,-0.0661941,0.443384,0.446152,-0.00224125,-5.5478e-20,0,0,True,True
2.44,-0,0,0.00489306,0,0,0.745798,-0.708428,0.866735,-0.493075,1.19009,-1.43182,-14.8388,-0.481663,0.565086,-0.102465,0,0,1.07519e-18,-0,0,-0.00489306,0,0,-0.745798,-0.708428,0.866735,-0.493075,1.19009,-1.43182,-14.8388,-0.481663,0.565086,-0.102465,0,0,1.07519e-18,-0.0666252,-0.0662159,0.43453,0.437216,-0.00228943,-5.43562e-20,0,0,True,True
2.445,-0,0,0.00519976,0,0,0.744269,-0.704143,0.8473,-0.490858,1.18301,-1.40008,-14.7116,-0.478868,0.552776,-0.102517,0,0,1.14228e-18,-0,0,-0.00519976,0,0,-0.744269,-0.704143,0.8473,-0.490858,1.18301,-1.40008,-14.7116,-0.478868,0.552776,-0.102517,0,0,1.14228e-18,-0.0666235,-0.0662182,0.425291,0.427894,-0.00233571,-5.32521e-20,0,0,True,True
2.45,-0,0,0.00550488,0,0,0.742783,-0.699955,0.827314,-0.488681,1.17609,-1.3673,-14.5871,-0.476136,0.539988,-0.102529,0,0,1.18558e-18,-0,0,-0.00550488,0,0,-0.742783,-0.699955,0.827314,-0.488681,1.17609,-1.3673,-14.5871,-0.476136,0.539988,-0.102529,0,0,1.18558e-18,-0.0665974,-0.066196,0.415666,0.418186,-0.00238003,-5.21667e-20,0,0,True,True
2.455,-0,0,0.00580796,0,0,0.741339,-0.69587,0.806778,-0.486547,1.16934,-1.3335,-14.4653,-0.473468,0.526723,-0.102495,0,0,-5.42999e-17,-0,0,-0.00580796,0,0,-0.741339,-0.69587,0.806778,-0.486547,1.16934,-1.3335,-14.4653,-0.473468,0.526723,-0.102495,0,0,5.67224e-17,-0.0665417,-0.0661443,0.405658,0.408095,-0.0024223,-5.11007e-20,0,0,True,True
2.46,-0,0,0.00610852,0,0,0.739939,-0.691888,0.785696,-0.484458,1.16276,-1.29868,-14.3464,-0.470868,0.512984,-0.102404,0,0,-5.42874e-17,-0,0,-0.00610852,0,0,-0.739939,-0.691888,0.785696,-0.484458,1.16276,-1.29868,-14.3464,-0.470868,0.512984,-0.102404,0,0,5.67349e-17,-0.0664508,-0.0660576,0.395268,0.39762,-0.00246246,-5.00543e-20,0,0,True,True
2.465,-0,0,0.00640604,0,0,0.738584,-0.688013,0.764072,-0.482416,1.15635,-1.26285,-14.2304,-0.468338,0.498773,-0.102249,0,0,-5.42846e-17,-0,0,-0.00640604,0,0,-0.738584,-0.688013,0.764072,-0.482416,1.15635,-1.26285,-14.2304,-0.468338,0.498773,-0.102249,0,0,5.67377e-17,-0.066319,-0.06593,0.384498,0.386766,-0.00250041,-4.90278e-20,0,0,True,True
2.47,-0,0,0.0067,0,0,0.737273,-0.684247,0.74191,-0.480424,1.15013,-1.22601,-14.1175,-0.465881,0.484096,-0.10202,0,0,1.22231e-18,-0,0,-0.0067,0,0,-0.737273,-0.684247,0.74191,-0.480424,1.15013,-1.22601,-14.1175,-0.465881,0.484096,-0.10202,0,0,1.22231e-18,-0.0661407,-0.0657561,0.373351,0.375535,-0.0025361,-4.80213e-20,0,0,True,True
2.475,-0,0,0.00698983,0,0,0.736007,-0.680594,0.719216,-0.478483,1.14409,-1.18817,-14.0077,-0.463498,0.468956,-0.10171,0,0,1.21284e-18,-0,0,-0.00698983,0,0,-0.736007,-0.680594,0.719216,-0.478483,1.14409,-1.18817,-14.0077,-0.463498,0.468956,-0.10171,0,0,1.21284e-18,-0.0659114,-0.0655313,0.361831,0.36393,-0.00256944,-4.70345e-20,0,0,True,True
2.48,-0,0,0.00727493,0,0,0.734787,-0.677055,0.695997,-0.476598,1.13825,-1.14936,-13.9012,-0.461191,0.453361,-0.101315,0,0,1.19962e-18,-0,0,-0.00727493,0,0,-0.734787,-0.677055,0.695997,-0.476598,1.13825,-1.14936,-13.9012,-0.461191,0.453361,-0.101315,0,0,1.19962e-18,-0.0656279,-0.0652524,0.349944,0.351957,-0.00260036,-4.60674e-20,0,0,True,True
2.485,-0,0,0.00755459,0,0,0.733613,-0.673634,0.672261,-0.474772,1.1326,-1.10958,-13.7979,-0.458964,0.437315,-0.100833,0,0,-5.43275e-17,-0,0,-0.00755459,0,0,-0.733613,-0.673634,0.672261,-0.474772,1.1326,-1.10958,-13.7979,-0.458964,0.437315,-0.100833,0,0,5.66948e-17,-0.0652897,-0.0649191,0.337693,0.339621,-0.00262879,-4.51197e-20,0,0,True,True
2.49,-0,0,0.00782806,0,0,0.732485,-0.670332,0.648018,-0.473011,1.12715,-1.06885,-13.6982,-0.456818,0.420828,-0.100271,0,0,-5.43453e-17,-0,0,-0.00782806,0,0,-0.732485,-0.670332,0.648018,-0.473011,1.12715,-1.06885,-13.6982,-0.456818,0.420828,-0.100271,0,0,5.6677e-17,-0.0649008,-0.0645351,0.325086,0.326928,-0.00265464,-4.41912e-20,0,0,True,True
2.495,-0,0,0.00809441,0,0,0.731405,-0.667153,0.623278,-0.471323,1.12191,-1.02719,-13.6019,-0.454756,0.403908,-0.0996429,0,0,-5.43644e-17,-0,0,-0.00809441,0,0,-0.731405,-0.667153,0.623278,-0.471323,1.12191,-1.02719,-13.6019,-0.454756,0.403908,-0.0996429,0,0,5.66579e-17,-0.064471,-0.0641104,0.312129,0.313885,-0.00267786,-4.32815e-20,0,0,True,True
2.5,-0,0,0.00835256,0,0,0.730372,-0.664099,0.598052,-0.469718,1.11688,-0.984617,-13.5094,-0.452779,0.386565,-0.0989787,0,0,-5.43843e-17,-0,0,-0.00835256,0,0,-0.730372,-0.664099,0.598052,-0.469718,1.11688,-0.984617,-13.5094,-0.452779,0.386565,-0.0989787,0,0,5.6638e-17,-0.064019,-0.0636634,0.298831,0.3005,-0.00269836,-4.23903e-20,0,0,True,True
2.505,-0,0,0.0086012,0,0,0.729387,-0.661173,0.572354,-0.46821,1.11206,-0.941162,-13.4206,-0.45089,0.368809,-0.0983245,0,0,-5.44048e-17,-0,0,-0.0086012,0,0,-0.729387,-0.661173,0.572354,-0.46821,1.11206,-0.941162,-13.4206,-0.45089,0.368809,-0.0983245,0,0,5.66175e-17,-0.0635749,-0.0632241,0.285199,0.286781,-0.00271609,-4.15174e-20,0,0,True,True
2.51,-0,0,0.00883871,0,0,0.72845,-0.658376,0.546197,-0.466821,1.10747,-0.896848,-13.3358,-0.449091,0.350652,-0.0977503,0,0,1.08556e-18,-0,0,-0.00883871,0,0,-0.72845,-0.658376,0.546197,-0.466821,1.10747,-0.896848,-13.3358,-0.449091,0.350652,-0.0977503,0,0,1.08556e-18,-0.0631839,-0.0628375,0.271243,0.272738,-0.00273096,-4.06623e-20,0,0,True,True
2.515,-0,0,0.00906314,0,0,0.727561,-0.655711,0.519597,-0.465574,1.10309,-0.851703,-13.255,-0.447383,0.332106,-0.0973549,0,0,-5.44464e-17,-0,0,-0.00906314,0,0,-0.727561,-0.655711,0.519597,-0.465574,1.10309,-0.851703,-13.255,-0.447383,0.332106,-0.0973549,0,0,5.65759e-17,-0.0629098,-0.0625669,0.256973,0.258381,-0.00274292,-3.98248e-20,0,0,True,True
2.52,-0,0,0.00927208,0,0,0.726722,-0.65318,0.492571,-0.464505,1.09895,-0.805756,-13.1785,-0.44577,0.313185,-0.0972714,0,0,-5.44673e-17,-0,0,-0.00927208,0,0,-0.726722,-0.65318,0.492571,-0.464505,1.09895,-0.805756,-13.1785,-0.44577,0.313185,-0.0972714,0,0,5.6555e-17,-0.0628384,-0.0624978,0.242399,0.24372,-0.00275189,-3.90045e-20,0,0,True,True
2.525,-0,0,0.0094627,0,0,0.725932,-0.650785,0.465138,-0.463655,1.09504,-0.759041,-13.1064,-0.444252,0.293904,-0.0976702,0,0,-5.44879e-17,-0,0,-0.0094627,0,0,-0.725932,-0.650785,0.465138,-0.463655,1.09504,-0.759041,-13.1064,-0.444252,0.293904,-0.0976702,0,0,5.65344e-17,-0.0630796,-0.0627396,0.227535,0.228768,-0.00275782,-3.82011e-20,0,0,True,True
2.53,-0,0,0.00963171,0,0,0.725191,-0.648529,0.437317,-0.463074,1.09136,-0.711592,-13.039,-0.442831,0.274276,-0.0987582,0,0,-5.45084e-17,-0,0,-0.00963171,0,0,-0.725191,-0.648529,0.437317,-0.463074,1.09136,-0.711592,-13.039,-0.442831,0.274276,-0.0987582,0,0,5.65139e-17,-0.0637669,-0.0634249,0.212391,0.213536,-0.00276063,-3.74142e-20,0,0,True,True
2.535,-0,0,0.00977549,0,0,0.7245,-0.646412,0.409129,-0.462817,1.08792,-0.663447,-12.9764,-0.441509,0.254317,-0.100769,0,0,-5.45286e-17,-0,0,-0.00977549,0,0,-0.7245,-0.646412,0.409129,-0.462817,1.08792,-0.663447,-12.9764,-0.441509,0.254317,-0.100769,0,0,5.64937e-17,-0.0650506,-0.0647034,0.19698,0.198037,-0.00276026,-3.66435e-20,0,0,True,True
2.54,-0,0,0.00989047,0,0,0.723859,-0.644437,0.380598,-0.462942,1.08472,-0.614643,-12.9188,-0.440288,0.234045,-0.103937,0,0,-5.45486e-17,-0,0,-0.00989047,0,0,-0.723859,-0.644437,0.380598,-0.462942,1.08472,-0.614643,-12.9188,-0.440288,0.234045,-0.103937,0,0,5.64737e-17,-0.0670818,-0.0667252,0.181315,0.182284,-0.00275665,-3.58886e-20,0,0,True,True
2.545,-0,0,0.00997373,0,0,0.723269,-0.642606,0.351748,-0.463491,1.08177,-0.565222,-12.8665,-0.439168,0.213474,-0.108444,0,0,-5.45682e-17,-0,0,-0.00997373,0,0,-0.723269,-0.642606,0.351748,-0.463491,1.08177,-0.565222,-12.8665,-0.439168,0.213474,-0.108444,0,0,5.64541e-17,-0.0699777,-0.0696073,0.16541,0.16629,-0.00274974,-3.51494e-20,0,0,True,True
2.55,-0,0,0.0100242,0,0,0.722729,-0.64092,0.322605,-0.464475,1.07907,-0.515228,-12.8195,-0.438153,0.192623,-0.114325,0,0,9.23722e-19,-0,0,-0.0100242,0,0,-0.722729,-0.64092,0.322605,-0.464475,1.07907,-0.515228,-12.8195,-0.438153,0.192623,-0.114325,0,0,9.23722e-19,-0.0737601,-0.073371,0.149279,0.150071,-0.00273944,-3.44253e-20,0,0,True,True
2.555,-0,0,0.0100449,0,0,0.72224,-0.63938,0.293194,-0.465835,1.07662,-0.464704,-12.7778,-0.437242,0.171511,-0.121297,0,0,-5.46063e-17,-0,0,-0.0100449,0,0,-0.72224,-0.63938,0.293194,-0.465835,1.07662,-0.464704,-12.7778,-0.437242,0.171511,-0.121297,0,0,5.6416e-17,-0.078246,-0.0778346,0.132938,0.13364,-0.0027257,-3.37162e-20,0,0,True,True
2.56,-0,0,0.0100461,0,0,0.721802,-0.637988,0.263542,-0.467376,1.07443,-0.413699,-12.7408,-0.436438,0.150156,-0.128479,0,0,8.86233e-19,-0,0,-0.0100461,0,0,-0.721802,-0.637988,0.263542,-0.467376,1.07443,-0.413699,-12.7408,-0.436438,0.150156,-0.128479,0,0,8.86233e-19,-0.0828678,-0.0824333,0.116401,0.117015,-0.00270844,-3.30217e-20,0,0,True,True
2.565,-0,0,0.0100514,0,0,0.721415,-0.636745,0.233677,-0.468671,1.07249,-0.362259,-12.7078,-0.435741,0.128583,-0.13394,0,0,-5.46431e-17,-0,0,-0.0100514,0,0,-0.721415,-0.636745,0.233677,-0.468671,1.07249,-0.362259,-12.7078,-0.435741,0.128583,-0.13394,0,0,5.63792e-17,-0.0863804,-0.0859286,0.0996891,0.100213,-0.0026876,-3.23415e-20,0,0,True,True
2.57,-0,0,0.0101065,0,0,0.72108,-0.635651,0.203621,-0.468894,1.0708,-0.310439,-12.6766,-0.435152,0.106818,-0.133981,0,0,-5.4661e-17,-0,0,-0.0101065,0,0,-0.72108,-0.635651,0.203621,-0.468894,1.0708,-0.310439,-12.6766,-0.435152,0.106818,-0.133981,0,0,5.63613e-17,-0.0863984,-0.0859474,0.0828228,0.0832574,-0.00266311,-3.16754e-20,0,0,True,True
2.575,-0,0,0.0102929,0,0,0.720795,-0.634708,0.173393,-0.466577,1.06938,-0.25829,-12.6439,-0.434672,0.0848969,-0.122012,0,0,-5.46785e-17,-0,0,-0.0102929,0,0,-0.720795,-0.634708,0.173393,-0.466577,1.06938,-0.25829,-12.6439,-0.434672,0.0848969,-0.122012,0,0,5.63438e-17,-0.0786741,-0.0782641,0.0658315,0.0661763,-0.00263493,-3.1023e-20,0,0,True,True
2.58,-0,0,0.0107499,0,0,0.720563,-0.633917,0.143001,-0.45922,1.06822,-0.205872,-12.6036,-0.434303,0.0628706,-0.0868353,0,0,8.15498e-19,-0,0,-0.0107499,0,0,-0.720563,-0.633917,0.143001,-0.45922,1.06822,-0.205872,-12.6036,-0.434303,0.0628706,-0.0868353,0,0,8.15498e-19,-0.0559884,-0.055697,0.0487547,0.0490097,-0.00260306,-3.0384e-20,0,0,True,True
2.585,-0,0,0.0117064,0,0,0.720382,-0.633278,0.112437,-0.442711,1.06732,-0.153249,-12.5459,-0.434044,0.0408117,-0.0100401,0,0,-5.47125e-17,-0,0,-0.0117064,0,0,-0.720382,-0.633278,0.112437,-0.442711,1.06732,-0.153249,-12.5459,-0.434044,0.0408117,-0.0100401,0,0,5.63098e-17,-0.00647324,-0.00643959,0.0316499,0.0318153,-0.00256754,-2.97582e-20,0,0,True,True
2.59,-0,0,0.0134936,0,0,0.720252,-0.632793,0.0816629,-0.411113,1.06669,-0.100493,-12.4564,-0.433895,0.0188301,0.134943,0,0,7.82216e-19,-0,0,-0.0134936,0,0,-0.720252,-0.632793,0.0816629,-0.411113,1.06669,-0.100493,-12.4564,-0.433895,0.0188301,0.134943,0,0,7.82216e-19,0.0870006,0.0865485,0.0146033,0.0146796,-0.00252857,-2.91453e-20,0,0,True,True
2.595,-0,0,0.01312,0,0,0.736964,-0.632462,0.0506026,-0.398185,1.06632,-0.0476874,-12.831,-0.433855,-0.0029152,0.171466,0,0,-5.47451e-17,-0,0,-0.01312,0,0,-0.736964,-0.632462,0.0506026,-0.398185,1.06632,-0.0476874,-12.831,-0.433855,-0.0029152,0.171466,0,0,5.62772e-17,0.110547,0.109973,-0.00226083,-0.00227264,-0.00248653,-2.85451e-20,0,0,True,True
2.6,-0,0,0.00707357,0,0,0.7873,-0.632287,0.0272289,-0.447058,1.06621,-0.00806346,-14.1877,-0.433924,-0.0191655,-0.118488,0,0,7.50276e-19,-0,0,-0.00707357,0,0,-0.7873,-0.632287,0.0272289,-0.447058,1.06621,-0.00806346,-14.1877,-0.433924,-0.0191655,-0.118488,0,0,7.50276e-19,-0.0763921,-0.0759951,-0.0148633,-0.0149409,-0.0024421,-2.79572e-20,0,0,True,True
2.605,-0,0,0.000971154,0,0,0.837661,-0.632189,0.0195737,-0.496854,1.06624,0.00517908,-15.5487,-0.434047,-0.0247528,-0.411472,0,0,-5.47764e-17,-0,0,-0.000971154,0,0,-0.837661,-0.632189,0.0195737,-0.496854,1.06624,0.00517908,-15.5487,-0.434047,-0.0247528,-0.411472,0,0,5.62459e-17,-0.265292,-0.263912,-0.019196,-0.0192963,-0.00239623,-2.73815e-20,0,0,True,True
2.61,-0,0,0.000506676,0,0,0.85445,-0.632091,0.0196406,-0.485299,1.06626,0.00518687,-15.9332,-0.434171,-0.0248275,-0.378741,0,0,7.19631e-19,-0,0,-0.000506676,0,0,-0.85445,-0.632091,0.0196406,-0.485299,1.06626,0.00518687,-15.9332,-0.434171,-0.0248275,-0.378741,0,0,7.19631e-19,-0.244194,-0.242924,-0.0192535,-0.0193542,-0.00234988,-2.68176e-20,0,0,True,True
2.615,-0,0,0.00225258,0,0,0.85445,-0.631993,0.01948,-0.453992,1.06629,0.00513462,-15.8556,-0.434295,-0.0246146,-0.232367,0,0,7.04779e-19,-0,0,-0.00225258,0,0,-0.85445,-0.631993,0.01948,-0.453992,1.06629,0.00513462,-15.8556,-0.434295,-0.0246146,-0.232367,0,0,7.04779e-19,-0.149822,-0.149042,-0.0190881,-0.0191879,-0.00230371,-2.62653e-20,0,0,True,True
2.62,-0,0,0.00319688,0,0,0.85445,-0.631896,0.0191899,-0.437061,1.06631,0.00504859,-15.8127,-0.434418,-0.0242385,-0.150429,0,0,-5.48209e-17,-0,0,-0.00319688,0,0,-0.85445,-0.631896,0.0191899,-0.437061,1.06631,0.00504859,-15.8127,-0.434418,-0.0242385,-0.150429,0,0,5.62014e-17,-0.0969932,-0.0964883,-0.0187961,-0.0188944,-0.00225814,-2.57245e-20,0,0,True,True
2.625,-0,0,0.00363192,0,0,0.85445,-0.631801,0.0188359,-0.429262,1.06634,0.00494621,-15.7919,-0.434538,-0.0237821,-0.109482,0,0,6.75986e-19,-0,0,-0.00363192,0,0,-0.85445,-0.631801,0.0188359,-0.429262,1.06634,0.00494621,-15.7919,-0.434538,-0.0237821,-0.109482,0,0,6.75986e-19,-0.0705929,-0.0702252,-0.0184417,-0.0185383,-0.00221336,-2.51947e-20,0,0,True,True
2.63,-0,0,0.00377189,0,0,0.85445,-0.631708,0.0184564,-0.426754,1.06636,0.00483768,-15.7839,-0.434655,-0.0232941,-0.0923431,0,0,6.62034e-19,-0,0,-0.00377189,0,0,-0.85445,-0.631708,0.0184564,-0.426754,1.06636,0.00483768,-15.7839,-0.434655,-0.0232941,-0.0923431,0,0,6.62034e-19,-0.0595431,-0.0592329,-0.018063,-0.0181576,-0.00216948,-2.4676e-20,0,0,True,True
2.635,-0,0,0.00375025,0,0,0.85445,-0.631617,0.0180732,-0.427145,1.06639,0.00472872,-15.7829,-0.434771,-0.0228019,-0.0883009,0,0,-5.48628e-17,-0,0,-0.00375025,0,0,-0.85445,-0.631617,0.0180732,-0.427145,1.06639,0.00472872,-15.7829,-0.434771,-0.0228019,-0.0883009,0,0,5.61595e-17,-0.0569377,-0.0566409,-0.017681,-0.0177736,-0.00212651,-2.41679e-20,0,0,True,True
2.64,-0,0,0.00364799,0,0,0.85445,-0.631527,0.0176976,-0.42898,1.06641,0.0046223,-15.7854,-0.434883,-0.0223199,-0.0908526,0,0,-5.48762e-17,-0,0,-0.00364799,0,0,-0.85445,-0.631527,0.0176976,-0.42898,1.06641,0.0046223,-15.7854,-0.434883,-0.0223199,-0.0908526,0,0,5.61461e-17,-0.0585842,-0.0582787,-0.0173069,-0.0173976,-0.00208446,-2.36702e-20,0,0,True,True
2.645,-0,0,0.00351258,0,0,0.85445,-0.63144,0.0173347,-0.43141,1.06643,0.00451972,-15.7894,-0.434994,-0.0218545,-0.0961836,0,0,-5.48893e-17,-0,0,-0.00351258,0,0,-0.85445,-0.63144,0.0173347,-0.43141,1.06643,0.00451972,-15.7894,-0.434994,-0.0218545,-0.0961836,0,0,5.6133e-17,-0.0620229,-0.0616994,-0.0169457,-0.0170345,-0.00204328,-2.31829e-20,0,0,True,True
2.65,-0,0,0.00337048,0,0,0.85445,-0.631354,0.0169863,-0.43396,1.06646,0.00442138,-15.7937,-0.435102,-0.0214077,-0.102165,0,0,-5.49021e-17,-0,0,-0.00337048,0,0,-0.85445,-0.631354,0.0169863,-0.43396,1.06646,0.00442138,-15.7937,-0.435102,-0.0214077,-0.102165,0,0,5.61202e-17,-0.0658812,-0.0655374,-0.016599,-0.0166861,-0.00200295,-2.27056e-20,0,0,True,True
2.655,-0,0,0.00323527,0,0,0.85445,-0.63127,0.0166521,-0.436386,1.06648,0.0043272,-15.7978,-0.435208,-0.0209793,-0.107702,0,0,5.96474e-19,-0,0,-0.00323527,0,0,-0.85445,-0.63127,0.0166521,-0.436386,1.06648,0.0043272,-15.7978,-0.435208,-0.0209793,-0.107702,0,0,5.96474e-19,-0.0694526,-0.06909,-0.0162665,-0.0163519,-0.00196343,-2.22381e-20,0,0,True,True
2.66,-0,0,0.00311291,0,0,0.85445,-0.631187,0.016331,-0.438582,1.0665,0.00423683,-15.8013,-0.435312,-0.0205678,-0.112311,0,0,-5.4927e-17,-0,0,-0.00311291,0,0,-0.85445,-0.631187,0.016331,-0.438582,1.0665,0.00423683,-15.8013,-0.435312,-0.0205678,-0.112311,0,0,5.60953e-17,-0.0724265,-0.0720483,-0.0159472,-0.0160309,-0.00192469,-2.17802e-20,0,0,True,True
2.665,-0,0,0.00300501,0,0,0.85445,-0.631106,0.0160214,-0.440518,1.06652,0.00414987,-15.8043,-0.435414,-0.0201713,-0.115861,0,0,-5.4939e-17,-0,0,-0.00300501,0,0,-0.85445,-0.631106,0.0160214,-0.440518,1.06652,0.00414987,-15.8043,-0.435414,-0.0201713,-0.115861,0,0,5.60833e-17,-0.0747169,-0.0743266,-0.0156395,-0.0157216,-0.0018867,-2.13318e-20,0,0,True,True
2.67,-0,0,0.00291088,0,0,0.85445,-0.631027,0.015722,-0.442207,1.06654,0.0040659,-15.8067,-0.435514,-0.0197879,-0.118402,0,0,-5.49509e-17,-0,0,-0.00291088,0,0,-0.85445,-0.631027,0.015722,-0.442207,1.06654,0.0040659,-15.8067,-0.435514,-0.0197879,-0.118402,0,0,5.60714e-17,-0.0763568,-0.0759577,-0.015342,-0.0154226,-0.00184943,-2.08927e-20,0,0,True,True
2.675,-0,0,0.0028288,0,0,0.85445,-0.630949,0.0154313,-0.44368,1.06656,0.00398458,-15.8086,-0.435612,-0.0194159,-0.12007,0,0,5.48735e-19,-0,0,-0.0028288,0,0,-0.85445,-0.630949,0.0154313,-0.44368,1.06656,0.00398458,-15.8086,-0.435612,-0.0194159,-0.12007,0,0,5.48735e-19,-0.077434,-0.0770291,-0.0150533,-0.0151324,-0.00181286,-2.04626e-20,0,0,True,True
2.68,-0,0,0.00275667,0,0,0.85445,-0.630873,0.0151484,-0.444975,1.06658,0.00390558,-15.81,-0.435708,-0.019054,-0.121031,0,0,5.37411e-19,-0,0,-0.00275667,0,0,-0.85445,-0.630873,0.0151484,-0.444975,1.06658,0.00390558,-15.81,-0.435708,-0.019054,-0.121031,0,0,5.37411e-19,-0.0780548,-0.0776466,-0.0147725,-0.0148501,-0.00177697,-2.00413e-20,0,0,True,True
2.685,-0,0,0.00269245,0,0,0.85445,-0.630798,0.0148722,-0.446128,1.0666,0.00382866,-15.8112,-0.435802,-0.0187008,-0.121446,0,0,5.2632e-19,-0,0,-0.00269245,0,0,-0.85445,-0.630798,0.0148722,-0.446128,1.0666,0.00382866,-15.8112,-0.435802,-0.0187008,-0.121446,0,0,5.2632e-19,-0.0783236,-0.0779139,-0.0144985,-0.0145747,-0.00174175,-1.96288e-20,0,0,True,True
2.69,-0,0,0.00263431,0,0,0.85445,-0.630724,0.014602,-0.447171,1.06662,0.00375361,-15.8122,-0.435895,-0.0183557,-0.121459,0,0,-5.49957e-17,-0,0,-0.00263431,0,0,-0.85445,-0.630724,0.014602,-0.447171,1.06662,0.00375361,-15.8122,-0.435895,-0.0183557,-0.121459,0,0,5.60266e-17,-0.0783334,-0.0779235,-0.0142306,-0.0143055,-0.00170717,-1.92247e-20,0,0,True,True
2.695,-0,0,0.00258075,0,0,0.85445,-0.630652,0.0143375,-0.448133,1.06664,0.00368029,-15.813,-0.435986,-0.0180177,-0.121191,0,0,-5.50063e-17,-0,0,-0.00258075,0,0,-0.85445,-0.630652,0.0143375,-0.448133,1.06664,0.00368029,-15.813,-0.435986,-0.0180177,-0.121191,0,0,5.6016e-17,-0.0781617,-0.0777525,-0.0139684,-0.0140419,-0.00167323,-1.8829e-20,0,0,True,True
2.7,-0,0,0.00253053,0,0,0.85445,-0.630581,0.014078,-0.449034,1.06666,0.00360858,-15.8136,-0.436075,-0.0176866,-0.120737,0,0,-5.50167e-17,-0,0,-0.00253053,0,0,-0.85445,-0.630581,0.014078,-0.449034,1.06666,0.00360858,-15.8136,-0.436075,-0.0176866,-0.120737,0,0,5.60056e-17,-0.0778701,-0.0774624,-0.0137115,-0.0137837,-0.00163991,-1.84414e-20,0,0,True,True
2.705,-0,0,0.00248274,0,0,0.85445,-0.630511,0.0138234,-0.449892,1.06667,0.0035384,-15.8142,-0.436162,-0.0173618,-0.120171,0,0,-5.50269e-17,-0,0,-0.00248274,0,0,-0.85445,-0.630511,0.0138234,-0.449892,1.06667,0.0035384,-15.8142,-0.436162,-0.0173618,-0.120171,0,0,5.59954e-17,-0.0775062,-0.0771003,-0.0134595,-0.0135304,-0.0016072,-1.80618e-20,0,0,True,True
2.71,-0,0,0.00243667,0,0,0.85445,-0.630442,0.0135735,-0.450719,1.06669,0.00346969,-15.8148,-0.436248,-0.0170432,-0.119548,0,0,-5.50369e-17,-0,0,-0.00243667,0,0,-0.85445,-0.630442,0.0135735,-0.450719,1.06669,0.00346969,-15.8148,-0.436248,-0.0170432,-0.119548,0,0,5.59854e-17,-0.077105,-0.076701,-0.0132123,-0.0132819,-0.00157509,-1.76901e-20,0,0,True,True
2.715,-0,0,0.00239181,0,0,0.85445,-0.630375,0.0133281,-0.451525,1.06671,0.00340239,-15.8153,-0.436333,-0.0167305,-0.118905,0,0,-5.50467e-17,-0,0,-0.00239181,0,0,-0.85445,-0.630375,0.0133281,-0.451525,1.06671,0.00340239,-15.8153,-0.436333,-0.0167305,-0.118905,0,0,5.59756e-17,-0.0766915,-0.0762895,-0.0129698,-0.0130381,-0.00154356,-1.7326e-20,0,0,True,True
2.72,-0,0,0.00234783,0,0,0.85445,-0.630309,0.0130872,-0.452314,1.06672,0.00333647,-15.8158,-0.436416,-0.0164236,-0.118269,0,0,-5.50563e-17,-0,0,-0.00234783,0,0,-0.85445,-0.630309,0.0130872,-0.452314,1.06672,0.00333647,-15.8158,-0.436416,-0.0164236,-0.118269,0,0,5.5966e-17,-0.0762826,-0.0758826,-0.0127317,-0.0127988,-0.00151261,-1.69694e-20,0,0,True,True
2.725,-0,0,0.00230449,0,0,0.85445,-0.630244,0.0128506,-0.453092,1.06674,0.0032719,-15.8163,-0.436497,-0.0161225,-0.117658,0,0,-5.50657e-17,-0,0,-0.00230449,0,0,-0.85445,-0.630244,0.0128506,-0.453092,1.06674,0.0032719,-15.8163,-0.436497,-0.0161225,-0.117658,0,0,5.59566e-17,-0.0758894,-0.0754914,-0.012498,-0.0125639,-0.00148222,-1.66201e-20,0,0,True,True
2.73,-0,0,0.00226166,0,0,0.85445,-0.630181,0.0126183,-0.453861,1.06676,0.00320866,-15.8168,-0.436577,-0.0158269,-0.117081,0,0,-5.50749e-17,-0,0,-0.00226166,0,0,-0.85445,-0.630181,0.0126183,-0.453861,1.06676,0.00320866,-15.8168,-0.436577,-0.0158269,-0.117081,0,0,5.59474e-17,-0.0755183,-0.0751222,-0.0122688,-0.0123335,-0.00145239,-1.62781e-20,0,0,True,True
2.735,-0,0,0.00221924,0,0,0.85445,-0.630118,0.0123902,-0.454622,1.06677,0.00314673,-15.8173,-0.436655,-0.015537,-0.116544,0,0,-5.50839e-17,-0,0,-0.00221924,0,0,-0.85445,-0.630118,0.0123902,-0.454622,1.06677,0.00314673,-15.8173,-0.436655,-0.015537,-0.116544,0,0,5.59384e-17,-0.0751727,-0.0747782,-0.0120438,-0.0121074,-0.0014231,-1.59431e-20,0,0,True,True
2.74,-0,0,0.00217721,0,0,0.85445,-0.630057,0.0121664,-0.455377,1.06679,0.00308609,-15.8178,-0.436732,-0.0152525,-0.116047,0,0,-5.50927e-17,-0,0,-0.00217721,0,0,-0.85445,-0.630057,0.0121664,-0.455377,1.06679,0.00308609,-15.8178,-0.436732,-0.0152525,-0.116047,0,0,5.59296e-17,-0.0748535,-0.0744606,-0.0118232,-0.0118856,-0.00139435,-1.5615e-20,0,0,True,True
2.745,-0,0,0.00213555,0,0,0.85445,-0.629996,0.0119468,-0.456124,1.0668,0.00302672,-15.8183,-0.436808,-0.0149735,-0.115591,0,0,-5.51013e-17,-0,0,-0.00213555,0,0,-0.85445,-0.629996,0.0119468,-0.456124,1.0668,0.00302672,-15.8183,-0.436808,-0.0149735,-0.115591,0,0,5.5921e-17,-0.0745603,-0.0741688,-0.0116068,-0.011668,-0.00136612,-1.52937e-20,0,0,True,True
2.75,-0,0,0.00209428,0,0,0.85445,-0.629937,0.0117313,-0.456865,1.06682,0.0029686,-15.8189,-0.436882,-0.0146999,-0.115173,0,0,-5.51098e-17,-0,0,-0.00209428,0,0,-0.85445,-0.629937,0.0117313,-0.456865,1.06682,0.0029686,-15.8189,-0.436882,-0.0146999,-0.115173,0,0,5.59125e-17,-0.0742916,-0.0739015,-0.0113946,-0.0114547,-0.00133841,-1.49789e-20,0,0,True,True
2.755,-0,0,0.00205341,0,0,0.85445,-0.629879,0.01152,-0.457598,1.06683,0.00291172,-15.8194,-0.436955,-0.0144317,-0.114791,0,0,3.93083e-19,-0,0,-0.00205341,0,0,-0.85445,-0.629879,0.01152,-0.457598,1.06683,0.00291172,-15.8194,-0.436955,-0.0144317,-0.114791,0,0,3.93083e-19,-0.0740456,-0.0736566,-0.0111865,-0.0112456,-0.0013112,-1.46707e-20,0,0,True,True
2.76,-0,0,0.00201298,0,0,0.85445,-0.629822,0.0113127,-0.458324,1.06685,0.00285606,-15.8199,-0.437026,-0.0141688,-0.114439,0,0,3.84974e-19,-0,0,-0.00201298,0,0,-0.85445,-0.629822,0.0113127,-0.458324,1.06685,0.00285606,-15.8199,-0.437026,-0.0141688,-0.114439,0,0,3.84974e-19,-0.0738199,-0.073432,-0.0109826,-0.0110406,-0.00128448,-1.43688e-20,0,0,True,True
2.765,-0,0,0.00197301,0,0,0.85445,-0.629766,0.0111095,-0.459041,1.06686,0.0028016,-15.8205,-0.437097,-0.0139111,-0.114116,0,0,3.77032e-19,-0,0,-0.00197301,0,0,-0.85445,-0.629766,0.0111095,-0.459041,1.06686,0.0028016,-15.8205,-0.437097,-0.0139111,-0.114116,0,0,3.77032e-19,-0.0736124,-0.0732256,-0.0107827,-0.0108397,-0.00125825,-1.40732e-20,0,0,True,True
2.77,-0,0,0.00193353,0,0,0.85445,-0.629711,0.0109103,-0.45975,1.06688,0.00274831,-15.821,-0.437166,-0.0136586,-0.113818,0,0,3.69255e-19,-0,0,-0.00193353,0,0,-0.85445,-0.629711,0.0109103,-0.45975,1.06688,0.00274831,-15.821,-0.437166,-0.0136586,-0.113818,0,0,3.69255e-19,-0.0734209,-0.073035,-0.0105869,-0.0106429,-0.0012325,-1.37836e-20,0,0,True,True
2.775,-0,0,0.00189455,0,0,0.85445,-0.629657,0.0107151,-0.460449,1.06689,0.00269619,-15.8216,-0.437233,-0.0134112,-0.113542,0,0,-5.51495e-17,-0,0,-0.00189455,0,0,-0.85445,-0.629657,0.0107151,-0.460449,1.06689,0.00269619,-15.8216,-0.437233,-0.0134112,-0.113542,0,0,5.58728e-17,-0.0732434,-0.0728583,-0.010395,-0.01045,-0.0012072,-1.35e-20,0,0,True,True
2.78,-0,0,0.00185611,0,0,0.85445,-0.629604,0.0105237,-0.461139,1.0669,0.0026452,-15.8221,-0.4373,-0.0131689,-0.113284,0,0,-5.5157e-17,-0,0,-0.00185611,0,0,-0.85445,-0.629604,0.0105237,-0.461139,1.0669,0.0026452,-15.8221,-0.4373,-0.0131689,-0.113284,0,0,5.58653e-17,-0.073078,-0.0726937,-0.0102071,-0.010261,-0.00118237,-1.32222e-20,0,0,True,True
2.785,-0,0,0.00181821,0,0,0.85445,-0.629552,0.0103362,-0.461819,1.06692,0.00259534,-15.8226,-0.437365,-0.0129315,-0.113043,0,0,-5.51643e-17,-0,0,-0.00181821,0,0,-0.85445,-0.629552,0.0103362,-0.461819,1.06692,0.00259534,-15.8226,-0.437365,-0.0129315,-0.113043,0,0,5.5858e-17,-0.0729231,-0.0725394,-0.010023,-0.010076,-0.00115798,-1.29502e-20,0,0,True,True
2.79,-0,0,0.00178087,0,0,0.85445,-0.6295,0.0101525,-0.462489,1.06693,0.00254657,-15.8232,-0.437429,-0.012699,-0.112815,0,0,-5.51714e-17,-0,0,-0.00178087,0,0,-0.85445,-0.6295,0.0101525,-0.462489,1.06693,0.00254657,-15.8232,-0.437429,-0.012699,-0.112815,0,0,5.58509e-17,-0.0727771,-0.0723942,-0.00984269,-0.00989475,-0.00113403,-1.26837e-20,0,0,True,True
2.795,-0,0,0.0017441,0,0,0.85445,-0.62945,0.00997248,-0.463149,1.06694,0.00249889,-15.8237,-0.437492,-0.0124714,-0.1126,0,0,-5.51784e-17,-0,0,-0.0017441,0,0,-0.85445,-0.62945,0.00997248,-0.463149,1.06694,0.00249889,-15.8237,-0.437492,-0.0124714,-0.1126,0,0,5.58439e-17,-0.0726389,-0.0722566,-0.00966613,-0.00971727,-0.00111051,-1.24228e-20,0,0,True,True
2.8,-0,0,0.0017079,0,0,0.85445,-0.629401,0.00979618,-0.463798,1.06695,0.00245226,-15.8242,-0.437554,-0.0122484,-0.112395,0,0,-5.51853e-17,-0,0,-0.0017079,0,0,-0.85445,-0.629401,0.00979618,-0.463798,1.06695,0.00245226,-15.8242,-0.437554,-0.0122484,-0.112395,0,0,5.5837e-17,-0.0725074,-0.0721258,-0.00949325,-0.00954349,-0.0010874,-1.21672e-20,0,0,True,True
2.805,-0,0,0.00167227,0,0,0.85445,-0.629352,0.00962352,-0.464437,1.06697,0.00240668,-15.8247,-0.437614,-0.0120302,-0.112199,0,0,-5.5192e-17,-0,0,-0.00167227,0,0,-0.85445,-0.629352,0.00962352,-0.464437,1.06697,0.00240668,-15.8247,-0.437614,-0.0120302,-0.112199,0,0,5.58303e-17,-0.0723817,-0.0720006,-0.009324,-0.00937336,-0.00106471,-1.19169e-20,0,0,True,True
2.81,-0,0,0.00163723,0,0,0.85445,-0.629304,0.00945443,-0.465066,1.06698,0.00236211,-15.8252,-0.437674,-0.0118165,-0.112011,0,0,-5.51986e-17,-0,0,-0.00163723,0,0,-0.85445,-0.629304,0.00945443,-0.465066,1.06698,0.00236211,-15.8252,-0.437674,-0.0118165,-0.112011,0,0,5.58237e-17,-0.072261,-0.0718805,-0.00915832,-0.0092068,-0.00104242,-1.16718e-20,0,0,True,True
2.815,-0,0,0.00160276,0,0,0.85445,-0.629258,0.00928885,-0.465684,1.06699,0.00231854,-15.8257,-0.437733,-0.0116074,-0.111829,0,0,-5.52051e-17,-0,0,-0.00160276,0,0,-0.85445,-0.629258,0.00928885,-0.465684,1.06699,0.00231854,-15.8257,-0.437733,-0.0116074,-0.111829,0,0,5.58173e-17,-0.0721447,-0.0717647,-0.00899613,-0.00904377,-0.00102053,-1.14317e-20,0,0,True,True
2.82,-0,0,0.00156886,0,0,0.85445,-0.629212,0.00912674,-0.466292,1.067,0.00227596,-15.8262,-0.43779,-0.0114027,-0.111654,0,0,-5.52114e-17,-0,0,-0.00156886,0,0,-0.85445,-0.629212,0.00912674,-0.466292,1.067,0.00227596,-15.8262,-0.43779,-0.0114027,-0.111654,0,0,5.58109e-17,-0.0720322,-0.0716527,-0.00883739,-0.0088842,-0.000999018,-1.11965e-20,0,0,True,True
2.825,-0,0,0.00153553,0,0,0.85445,-0.629166,0.00896802,-0.46689,1.06701,0.00223433,-15.8267,-0.437847,-0.0112023,-0.111484,0,0,-5.52175e-17,-0,0,-0.00153553,0,0,-0.85445,-0.629166,0.00896802,-0.46689,1.06701,0.00223433,-15.8267,-0.437847,-0.0112023,-0.111484,0,0,5.58048e-17,-0.071923,-0.071544,-0.00868204,-0.00872803,-0.000977886,-1.09662e-20,0,0,True,True
2.83,-0,0,0.00150276,0,0,0.85445,-0.629122,0.00881266,-0.467478,1.06702,0.00219364,-15.8272,-0.437902,-0.0110063,-0.111318,0,0,-5.52236e-17,-0,0,-0.00150276,0,0,-0.85445,-0.629122,0.00881266,-0.467478,1.06702,0.00219364,-15.8272,-0.437902,-0.0110063,-0.111318,0,0,5.57987e-17,-0.0718169,-0.0714384,-0.00853002,-0.00857522,-0.000957123,-1.07406e-20,0,0,True,True
2.835,-0,0,0.00147054,0,0,0.85445,-0.629078,0.00866058,-0.468056,1.06703,0.00215388,-15.8277,-0.437957,-0.0108145,-0.111157,0,0,-5.52295e-17,-0,0,-0.00147054,0,0,-0.85445,-0.629078,0.00866058,-0.468056,1.06703,0.00215388,-15.8277,-0.437957,-0.0108145,-0.111157,0,0,5.57928e-17,-0.0717134,-0.0713354,-0.00838127,-0.00842568,-0.000936721,-1.05197e-20,0,0,True,True
2.84,-0,0,0.00143887,0,0,0.85445,-0.629035,0.00851175,-0.468624,1.06705,0.00211502,-15.8281,-0.43801,-0.0106268,-0.110999,0,0,-5.52353e-17,-0,0,-0.00143887,0,0,-0.85445,-0.629035,0.00851175,-0.468624,1.06705,0.00211502,-15.8281,-0.43801,-0.0106268,-0.110999,0,0,5.5787e-17,-0.0716124,-0.0712348,-0.00823573,-0.00827938,-0.000916674,-1.03033e-20,0,0,True,True
2.845,-0,0,0.00140774,0,0,0.85445,-0.628993,0.0083661,-0.469183,1.06706,0.00207705,-15.8286,-0.438063,-0.0104432,-0.110845,0,0,-5.5241e-17,-0,0,-0.00140774,0,0,-0.85445,-0.628993,0.0083661,-0.469183,1.06706,0.00207705,-15.8286,-0.438063,-0.0104432,-0.110845,0,0,5.57813e-17,-0.0715136,-0.0711364,-0.00809335,-0.00813626,-0.000896972,-1.00914e-20,0,0,True,True
2.85,-0,0,0.00137714,0,0,0.85445,-0.628952,0.00822359,-0.469732,1.06707,0.00203995,-15.829,-0.438115,-0.0102635,-0.110694,0,0,-5.52466e-17,-0,0,-0.00137714,0,0,-0.85445,-0.628952,0.00822359,-0.469732,1.06707,0.00203995,-15.829,-0.438115,-0.0102635,-0.110694,0,0,5.57757e-17,-0.0714168,-0.0710401,-0.00795408,-0.00799626,-0.00087761,-9.88385e-21,0,0,True,True
2.855,-0,0,0.00134705,0,0,0.85445,-0.628911,0.00808415,-0.470271,1.06708,0.0020037,-15.8295,-0.438166,-0.0100878,-0.110546,0,0,-5.5252e-17,-0,0,-0.00134705,0,0,-0.85445,-0.628911,0.00808415,-0.470271,1.06708,0.0020037,-15.8295,-0.438166,-0.0100878,-0.110546,0,0,5.57703e-17,-0.0713219,-0.0709457,-0.00781786,-0.00785933,-0.000858578,-9.68057e-21,0,0,True,True
2.86,-0,0,0.00131747,0,0,0.85445,-0.628871,0.00794775,-0.470802,1.06709,0.00196828,-15.8299,-0.438216,-0.00991603,-0.110401,0,0,-5.52574e-17,-0,0,-0.00131747,0,0,-0.85445,-0.628871,0.00794775,-0.470802,1.06709,0.00196828,-15.8299,-0.438216,-0.00991603,-0.110401,0,0,5.57649e-17,-0.0712288,-0.070853,-0.00768464,-0.00772541,-0.000839871,-9.48147e-21,0,0,True,True
2.865,-0,0,0.00128839,0,0,0.85445,-0.628831,0.00781432,-0.471323,1.0671,0.00193369,-15.8303,-0.438265,-0.00974801,-0.110258,0,0,-5.52626e-17,-0,0,-0.00128839,0,0,-0.85445,-0.628831,0.00781432,-0.471323,1.0671,0.00193369,-15.8303,-0.438265,-0.00974801,-0.110258,0,0,5.57597e-17,-0.0711374,-0.070762,-0.00755437,-0.00759445,-0.00082148,-9.28648e-21,0,0,True,True
2.87,-0,0,0.0012598,0,0,0.85445,-0.628793,0.00768383,-0.471836,1.06711,0.0018999,-15.8307,-0.438313,-0.00958372,-0.110118,0,0,-5.52677e-17,-0,0,-0.0012598,0,0,-0.85445,-0.628793,0.00768383,-0.471836,1.06711,0.0018999,-15.8307,-0.438313,-0.00958372,-0.110118,0,0,5.57546e-17,-0.0710476,-0.0706726,-0.007427,-0.00746641,-0.0008034,-9.0955e-21,0,0,True,True
2.875,-0,0,0.00123169,0,0,0.85445,-0.628755,0.00755622,-0.47234,1.06712,0.0018669,-15.8311,-0.438361,-0.00942311,-0.10998,0,0,-5.52728e-17,-0,0,-0.00123169,0,0,-0.85445,-0.628755,0.00755622,-0.47234,1.06712,0.0018669,-15.8311,-0.438361,-0.00942311,-0.10998,0,0,5.57495e-17,-0.0709593,-0.0705847,-0.00730247,-0.00734122,-0.000785622,-8.90845e-21,0,0,True,True
2.88,-0,0,0.00120404,0,0,0.85445,-0.628717,0.00743144,-0.472836,1.06712,0.00183467,-15.8315,-0.438407,-0.00926611,-0.109845,0,0,2.33471e-19,-0,0,-0.00120404,0,0,-0.85445,-0.628717,0.00743144,-0.472836,1.06712,0.00183467,-15.8315,-0.438407,-0.00926611,-0.109845,0,0,2.33471e-19,-0.0708724,-0.0704982,-0.00718074,-0.00721886,-0.000768141,-8.72526e-21,0,0,True,True
2.885,-0,0,0.00117686,0,0,0.85445,-0.62868,0.00730945,-0.473324,1.06713,0.0018032,-15.8319,-0.438453,-0.00911265,-0.109712,0,0,-5.52825e-17,-0,0,-0.00117686,0,0,-0.85445,-0.62868,0.00730945,-0.473324,1.06713,0.0018032,-15.8319,-0.438453,-0.00911265,-0.109712,0,0,5.57398e-17,-0.070787,-0.0704132,-0.00706177,-0.00709926,-0.000750949,-8.54583e-21,0,0,True,True
2.89,-0,0,0.00115012,0,0,0.85445,-0.628644,0.00719021,-0.473803,1.06714,0.00177247,-15.8323,-0.438498,-0.00896268,-0.10958,0,0,-5.52872e-17,-0,0,-0.00115012,0,0,-0.85445,-0.628644,0.00719021,-0.473803,1.06714,0.00177247,-15.8323,-0.438498,-0.00896268,-0.10958,0,0,5.57351e-17,-0.070703,-0.0703295,-0.0069455,-0.00698238,-0.000734041,-8.37011e-21,0,0,True,True
2.895,-0,0,0.00112382,0,0,0.85445,-0.628608,0.00707368,-0.474275,1.06715,0.00174247,-15.8327,-0.438543,-0.00881615,-0.109451,0,0,-5.52918e-17,-0,0,-0.00112382,0,0,-0.85445,-0.628608,0.00707368,-0.474275,1.06715,0.00174247,-15.8327,-0.438543,-0.00881615,-0.109451,0,0,5.57305e-17,-0.0706203,-0.0702472,-0.00683189,-0.00686817,-0.000717409,-8.19799e-21,0,0,True,True
2.9,-0,0,0.00109794,0,0,0.85445,-0.628573,0.00695979,-0.474739,1.06716,0.00171319,-15.8331,-0.438587,-0.00867299,-0.109325,0,0,-5.52963e-17,-0,0,-0.00109794,0,0,-0.85445,-0.628573,0.00695979,-0.474739,1.06716,0.00171319,-15.8331,-0.438587,-0.00867299,-0.109325,0,0,5.5726e-17,-0.0705389,-0.0701662,-0.0067209,-0.0067566,-0.000701047,-8.02943e-21,0,0,True,True
2.905,-0,0,0.00107248,0,0,0.85445,-0.628539,0.00684853,-0.475196,1.06717,0.00168462,-15.8335,-0.43863,-0.00853315,-0.1092,0,0,-5.53008e-17,-0,0,-0.00107248,0,0,-0.85445,-0.628539,0.00684853,-0.475196,1.06717,0.00168462,-15.8335,-0.43863,-0.00853315,-0.1092,0,0,5.57215e-17,-0.0704589,-0.0700865,-0.00661249,-0.00664762,-0.000684949,-7.86433e-21,0,0,True,True
2.91,-0,0,0.00104743,0,0,0.85445,-0.628505,0.00673984,-0.475645,1.06718,0.00165673,-15.8338,-0.438672,-0.00839657,-0.109077,0,0,-5.53051e-17,-0,0,-0.00104743,0,0,-0.85445,-0.628505,0.00673984,-0.475645,1.06718,0.00165673,-15.8338,-0.438672,-0.00839657,-0.109077,0,0,5.57172e-17,-0.0703801,-0.0700082,-0.00650661,-0.00654118,-0.00066911,-7.70263e-21,0,0,True,True
2.915,-0,0,0.00102278,0,0,0.85445,-0.628471,0.00663368,-0.476087,1.06718,0.00162952,-15.8342,-0.438714,-0.0082632,-0.108956,0,0,2.01795e-19,-0,0,-0.00102278,0,0,-0.85445,-0.628471,0.00663368,-0.476087,1.06718,0.00162952,-15.8342,-0.438714,-0.0082632,-0.108956,0,0,2.01795e-19,-0.0703027,-0.0699311,-0.00640322,-0.00643724,-0.000653522,-7.54426e-21,0,0,True,True
2.92,-0,0,0.000998513,0,0,0.85445,-0.628438,0.00653002,-0.476522,1.06719,0.00160298,-15.8345,-0.438755,-0.008133,-0.108838,0,0,-5.53135e-17,-0,0,-0.000998513,0,0,-0.85445,-0.628438,0.00653002,-0.476522,1.06719,0.00160298,-15.8345,-0.438755,-0.008133,-0.108838,0,0,5.57088e-17,-0.0702267,-0.0698554,-0.00630228,-0.00633577,-0.00063818,-7.38915e-21,0,0,True,True
2.925,-0,0,0.000974622,0,0,0.85445,-0.628406,0.00642882,-0.476951,1.0672,0.00157709,-15.8349,-0.438795,-0.00800591,-0.108721,0,0,-5.53176e-17,-0,0,-0.000974622,0,0,-0.85445,-0.628406,0.00642882,-0.476951,1.0672,0.00157709,-15.8349,-0.438795,-0.00800591,-0.108721,0,0,5.57047e-17,-0.070152,-0.0697811,-0.00620375,-0.00623673,-0.000623079,-7.23724e-21,0,0,True,True
2.93,-0,0,0.000951096,0,0,0.85445,-0.628374,0.00633003,-0.477373,1.06721,0.00155184,-15.8352,-0.438835,-0.00788188,-0.108607,0,0,1.89572e-19,-0,0,-0.000951096,0,0,-0.85445,-0.628374,0.00633003,-0.477373,1.06721,0.00155184,-15.8352,-0.438835,-0.00788188,-0.108607,0,0,1.89572e-19,-0.0700787,-0.0697081,-0.0061076,-0.00614007,-0.000608212,-7.08845e-21,0,0,True,True
2.935,-0,0,0.000927925,0,0,0.85445,-0.628343,0.00623363,-0.477788,1.06722,0.00152723,-15.8356,-0.438874,-0.00776086,-0.108495,0,0,-5.53255e-17,-0,0,-0.000927925,0,0,-0.85445,-0.628343,0.00623363,-0.477788,1.06722,0.00152723,-15.8356,-0.438874,-0.00776086,-0.108495,0,0,5.56968e-17,-0.0700069,-0.0696367,-0.00601379,-0.00604576,-0.000593573,-6.94272e-21,0,0,True,True
2.94,-0,0,0.000905097,0,0,0.85445,-0.628312,0.00613958,-0.478197,1.06722,0.00150324,-15.8359,-0.438912,-0.00764282,-0.108385,0,0,-5.53293e-17,-0,0,-0.000905097,0,0,-0.85445,-0.628312,0.00613958,-0.478197,1.06722,0.00150324,-15.8359,-0.438912,-0.00764282,-0.108385,0,0,5.5693e-17,-0.0699367,-0.0695668,-0.00592228,-0.00595377,-0.000579158,-6.8e-21,0,0,True,True
2.945,-0,0,0.000882601,0,0,0.85445,-0.628281,0.00604785,-0.478601,1.06723,0.00147985,-15.8362,-0.43895,-0.0075277,-0.108279,0,0,-5.53331e-17,-0,0,-0.000882601,0,0,-0.85445,-0.628281,0.00604785,-0.478601,1.06723,0.00147985,-15.8362,-0.43895,-0.0075277,-0.108279,0,0,5.56892e-17,-0.0698682,-0.0694986,-0.00583304,-0.00586406,-0.00056496,-6.66021e-21,0,0,True,True
2.95,-0,0,0.000860425,0,0,0.85445,-0.628251,0.0059584,-0.478998,1.06724,0.00145707,-15.8365,-0.438987,-0.00741547,-0.108175,0,0,-5.53367e-17,-0,0,-0.000860425,0,0,-0.85445,-0.628251,0.0059584,-0.478998,1.06724,0.00145707,-15.8365,-0.438987,-0.00741547,-0.108175,0,0,5.56856e-17,-0.0698016,-0.0694323,-0.00574603,-0.0057766,-0.000550975,-6.5233e-21,0,0,True,True
2.955,-0,0,0.000838557,0,0,0.85445,-0.628222,0.0058712,-0.479391,1.06725,0.00143487,-15.8369,-0.439024,-0.00730607,-0.108074,0,0,-5.53403e-17,-0,0,-0.000838557,0,0,-0.85445,-0.628222,0.0058712,-0.479391,1.06725,0.00143487,-15.8369,-0.439024,-0.00730607,-0.108074,0,0,5.5682e-17,-0.069737,-0.069368,-0.00566123,-0.00569135,-0.000537197,-6.3892e-21,0,0,True,True
2.96,-0,0,0.000816982,0,0,0.85445,-0.628193,0.00578622,-0.479777,1.06725,0.00141326,-15.8372,-0.439061,-0.00719948,-0.107977,0,0,1.67306e-19,-0,0,-0.000816982,0,0,-0.85445,-0.628193,0.00578622,-0.479777,1.06725,0.00141326,-15.8372,-0.439061,-0.00719948,-0.107977,0,0,1.67306e-19,-0.0696747,-0.069306,-0.00557861,-0.00560829,-0.00052362,-6.25787e-21,0,0,True,True
2.965,-0,0,0.000795688,0,0,0.85445,-0.628164,0.00570344,-0.480159,1.06726,0.00139222,-15.8375,-0.439096,-0.00709566,-0.107883,0,0,-5.53473e-17,-0,0,-0.000795688,0,0,-0.85445,-0.628164,0.00570344,-0.480159,1.06726,0.00139222,-15.8375,-0.439096,-0.00709566,-0.107883,0,0,5.5675e-17,-0.069615,-0.0692465,-0.00549812,-0.00552738,-0.00051024,-6.12924e-21,0,0,True,True
2.97,-0,0,0.000774658,0,0,0.85445,-0.628136,0.00562282,-0.480536,1.06727,0.00137174,-15.8378,-0.439131,-0.00699456,-0.107795,0,0,1.60481e-19,-0,0,-0.000774658,0,0,-0.85445,-0.628136,0.00562282,-0.480536,1.06727,0.00137174,-15.8378,-0.439131,-0.00699456,-0.107795,0,0,1.60481e-19,-0.0695581,-0.0691899,-0.00541976,-0.0054486,-0.000497051,-6.00326e-21,0,0,True,True
2.975,-0,0,0.000753877,0,0,0.85445,-0.628108,0.00554434,-0.480909,1.06727,0.00135182,-15.8381,-0.439166,-0.00689617,-0.107711,0,0,-5.5354e-17,-0,0,-0.000753877,0,0,-0.85445,-0.628108,0.00554434,-0.480909,1.06727,0.00135182,-15.8381,-0.439166,-0.00689617,-0.107711,0,0,5.56683e-17,-0.0695045,-0.0691366,-0.00534348,-0.00537192,-0.000484048,-5.87987e-21,0,0,True,True
2.98,-0,0,0.000733328,0,0,0.85445,-0.62808,0.00546798,-0.481277,1.06728,0.00133245,-15.8384,-0.4392,-0.00680043,-0.107633,0,0,-5.53572e-17,-0,0,-0.000733328,0,0,-0.85445,-0.62808,0.00546798,-0.481277,1.06728,0.00133245,-15.8384,-0.4392,-0.00680043,-0.107633,0,0,5.56651e-17,-0.0694547,-0.0690869,-0.00526927,-0.00529732,-0.000471227,-5.75902e-21,0,0,True,True
2.985,-0,0,0.000712994,0,0,0.85445,-0.628053,0.00539371,-0.481642,1.06729,0.00131362,-15.8387,-0.439234,-0.00670733,-0.107562,0,0,-5.53604e-17,-0,0,-0.000712994,0,0,-0.85445,-0.628053,0.00539371,-0.481642,1.06729,0.00131362,-15.8387,-0.439234,-0.00670733,-0.107562,0,0,5.56619e-17,-0.069409,-0.0690415,-0.00519711,-0.00522477,-0.000458582,-5.64065e-21,0,0,True,True
2.99,-0,0,0.000692857,0,0,0.85445,-0.628026,0.00532152,-0.482003,1.06729,0.00129532,-15.839,-0.439267,-0.00661684,-0.107498,0,0,1.47658e-19,-0,0,-0.000692857,0,0,-0.85445,-0.628026,0.00532152,-0.482003,1.06729,0.00129532,-15.839,-0.439267,-0.00661684,-0.107498,0,0,1.47658e-19,-0.069368,-0.0690007,-0.00512696,-0.00515426,-0.000446108,-5.52472e-21,0,0,True,True
2.995,-0,0,0.000672901,0,0,0.85445,-0.628,0.00525138,-0.482361,1.0673,0.00127756,-15.8393,-0.4393,-0.00652893,-0.107441,0,0,-5.53665e-17,-0,0,-0.000672901,0,0,-0.85445,-0.628,0.00525138,-0.482361,1.0673,0.00127756,-15.8393,-0.4393,-0.00652893,-0.107441,0,0,5.56558e-17,-0.0693321,-0.0689649,-0.00505882,-0.00508576,-0.000433801,-5.41118e-21,0,0,True,True
3,-0,0,0.000653113,0,0,0.85445,-0.627974,0.00518327,-0.482716,1.06731,0.00126031,-15.8396,-0.439333,-0.00644358,-0.107393,0,0,-5.53695e-17,-0,0,-0.000653113,0,0,-0.85445,-0.627974,0.00518327,-0.482716,1.06731,0.00126031,-15.8396,-0.439333,-0.00644358,-0.107393,0,0,5.56528e-17,-0.0693016,-0.0689345,-0.00499266,-0.00501925,-0.000421656,-5.29998e-21,0,0,True,True
3.005,-0,0,0.000633484,0,0,0.85445,-0.627948,0.00511719,-0.483068,1.06731,0.00124358,-15.8399,-0.439365,-0.00636078,-0.107354,0,0,-5.53724e-17,-0,0,-0.000633484,0,0,-0.85445,-0.627948,0.00511719,-0.483068,1.06731,0.00124358,-15.8399,-0.439365,-0.00636078,-0.107354,0,0,5.56499e-17,-0.0692764,-0.0689094,-0.00492847,-0.00495472,-0.000409668,-5.19106e-21,0,0,True,True
3.01,-0,0,0.000614016,0,0,0.85445,-0.627923,0.00505312,-0.483417,1.06732,0.00122737,-15.8403,-0.439396,-0.00628049,-0.107322,0,0,-5.53753e-17,-0,0,-0.000614016,0,0,-0.85445,-0.627923,0.00505312,-0.483417,1.06732,0.00122737,-15.8403,-0.439396,-0.00628049,-0.107322,0,0,5.5647e-17,-0.0692562,-0.0688892,-0.00486624,-0.00489216,-0.000397832,-5.08438e-21,0,0,True,True
3.015,-0,0,0.000594725,0,0,0.85445,-0.627897,0.00499103,-0.483762,1.06733,0.00121166,-15.8406,-0.439428,-0.00620269,-0.107296,0,0,-5.53781e-17,-0,0,-0.000594725,0,0,-0.85445,-0.627897,0.00499103,-0.483762,1.06733,0.00121166,-15.8406,-0.439428,-0.00620269,-0.107296,0,0,5.56442e-17,-0.0692396,-0.0688726,-0.00480594,-0.00483154,-0.000386144,-4.9799e-21,0,0,True,True
3.02,-0,0,0.000575656,0,0,0.85445,-0.627873,0.00493092,-0.484104,1.06733,0.00119646,-15.8409,-0.439458,-0.00612737,-0.107271,0,0,1.30319e-19,-0,0,-0.000575656,0,0,-0.85445,-0.627873,0.00493092,-0.484104,1.06733,0.00119646,-15.8409,-0.439458,-0.00612737,-0.107271,0,0,1.30319e-19,-0.0692239,-0.068857,-0.00474755,-0.00477285,-0.000374599,-4.87757e-21,0,0,True,True
3.025,-0,0,0.00055689,0,0,0.85445,-0.627848,0.00487275,-0.484441,1.06734,0.00118175,-15.8412,-0.439489,-0.00605449,-0.10724,0,0,-5.53835e-17,-0,0,-0.00055689,0,0,-0.85445,-0.627848,0.00487275,-0.484441,1.06734,0.00118175,-15.8412,-0.439489,-0.00605449,-0.10724,0,0,5.56388e-17,-0.0692045,-0.0688377,-0.00469106,-0.00471606,-0.000363192,-4.77734e-21,0,0,True,True
3.03,-0,0,0.000538574,0,0,0.85445,-0.627824,0.00481648,-0.484769,1.06734,0.00116752,-15.8414,-0.439519,-0.005984,-0.107192,0,0,1.25005e-19,-0,0,-0.000538574,0,0,-0.85445,-0.627824,0.00481648,-0.484769,1.06734,0.00116752,-15.8414,-0.439519,-0.005984,-0.107192,0,0,1.25005e-19,-0.0691735,-0.0688068,-0.00463642,-0.00466113,-0.00035192,-4.67918e-21,0,0,True,True
3.035,-0,0,0.000520944,0,0,0.85445,-0.6278,0.00476208,-0.485085,1.06735,0.00115376,-15.8417,-0.439549,-0.00591584,-0.107105,0,0,-5.53887e-17,-0,0,-0.000520944,0,0,-0.85445,-0.6278,0.00476208,-0.485085,1.06735,0.00115376,-15.8417,-0.439549,-0.00591584,-0.107105,0,0,5.56336e-17,-0.0691182,-0.0687517,-0.00458358,-0.00460801,-0.000340776,-4.58303e-21,0,0,True,True
3.04,-0,0,0.000504374,0,0,0.85445,-0.627776,0.00470944,-0.485382,1.06735,0.00114045,-15.8419,-0.439578,-0.00584989,-0.106951,0,0,-5.53912e-17,-0,0,-0.000504374,0,0,-0.85445,-0.627776,0.00470944,-0.485382,1.06735,0.00114045,-15.8419,-0.439578,-0.00584989,-0.106951,0,0,5.56311e-17,-0.0690188,-0.0686529,-0.00453246,-0.00455662,-0.000329758,-4.48886e-21,0,0,True,True
3.045,-0,0,0.000489442,0,0,0.85445,-0.627753,0.00465843,-0.48565,1.06736,0.00112756,-15.8421,-0.439607,-0.00578599,-0.106681,0,0,-5.53937e-17,-0,0,-0.000489442,0,0,-0.85445,-0.627753,0.00465843,-0.48565,1.06736,0.00112756,-15.8421,-0.439607,-0.00578599,-0.106681,0,0,5.56286e-17,-0.0688452,-0.0684801,-0.00448293,-0.00450683,-0.000318861,-4.39663e-21,0,0,True,True
3.05,-0,0,0.000477017,0,0,0.85445,-0.62773,0.00460886,-0.485873,1.06737,0.00111502,-15.8421,-0.439636,-0.00572389,-0.106226,0,0,-5.53961e-17,-0,0,-0.000477017,0,0,-0.85445,-0.62773,0.00460886,-0.485873,1.06737,0.00111502,-15.8421,-0.439636,-0.00572389,-0.106226,0,0,5.56262e-17,-0.0685519,-0.0681884,-0.00443479,-0.00445844,-0.000308082,-4.3063e-21,0,0,True,True
3.055,-0,0,0.000468394,0,0,0.85445,-0.627707,0.00456041,-0.486027,1.06737,0.00110278,-15.842,-0.439664,-0.00566319,-0.105482,0,0,-5.53985e-17,-0,0,-0.000468394,0,0,-0.85445,-0.627707,0.00456041,-0.486027,1.06737,0.00110278,-15.842,-0.439664,-0.00566319,-0.105482,0,0,5.56238e-17,-0.0680717,-0.0677107,-0.00438775,-0.00441114,-0.000297417,-4.21783e-21,0,0,True,True
3.06,-0,0,0.000465483,0,0,0.85445,-0.627684,0.0045126,-0.48608,1.06738,0.00109071,-15.8416,-0.439693,-0.00560331,-0.104294,0,0,-5.54008e-17,-0,0,-0.000465483,0,0,-0.85445,-0.627684,0.0045126,-0.48608,1.06738,0.00109071,-15.8416,-0.439693,-0.00560331,-0.104294,0,0,5.56215e-17,-0.0673055,-0.0669485,-0.00434133,-0.00436448,-0.000286865,-4.13117e-21,0,0,True,True
3.065,-0,0,0.000471066,0,0,0.85445,-0.627662,0.00446473,-0.48598,1.06738,0.00107864,-15.8409,-0.43972,-0.00554337,-0.10244,0,0,-5.54031e-17,-0,0,-0.000471066,0,0,-0.85445,-0.627662,0.00446473,-0.48598,1.06738,0.00107864,-15.8409,-0.43972,-0.00554337,-0.10244,0,0,5.56192e-17,-0.0661091,-0.0657584,-0.00429487,-0.00431778,-0.000276424,-4.0463e-21,0,0,True,True
3.07,-0,0,0.000489174,0,0,0.85445,-0.627639,0.00441576,-0.485655,1.06739,0.00106632,-15.8397,-0.439748,-0.00548207,-0.0995954,0,0,1.05832e-19,-0,0,-0.000489174,0,0,-0.85445,-0.627639,0.00441576,-0.485655,1.06739,0.00106632,-15.8397,-0.439748,-0.00548207,-0.0995954,0,0,1.05832e-19,-0.064274,-0.063933,-0.00424736,-0.00427001,-0.000266095,-3.96318e-21,0,0,True,True
3.075,-0,0,0.000524201,0,0,0.85445,-0.627617,0.00436413,-0.485027,1.06739,0.00105337,-15.8377,-0.439775,-0.0054175,-0.0954095,0,0,-5.54075e-17,-0,0,-0.000524201,0,0,-0.85445,-0.627617,0.00436413,-0.485027,1.06739,0.00105337,-15.8377,-0.439775,-0.0054175,-0.0954095,0,0,5.56148e-17,-0.0615728,-0.0612462,-0.00419731,-0.0042197,-0.000255883,-3.88176e-21,0,0,True,True
3.08,-0,0,0.000416657,0,0,0.85445,-0.627596,0.0043079,-0.486955,1.0674,0.00103933,-15.8419,-0.439802,-0.00534723,-0.102681,0,0,-5.54345e-17,-0,0,-0.000416657,0,0,-0.85445,-0.627596,0.0043079,-0.486955,1.0674,0.00103933,-15.8419,-0.439802,-0.00534723,-0.102681,0,0,5.55878e-17,-0.0662659,-0.0659143,-0.00414285,-0.00416495,-0.000245796,-3.80202e-21,0,0,True,True
3.085,-0,0,0.000286867,0,0,0.85445,-0.627574,0.00427837,-0.489282,1.0674,0.00103198,-15.847,-0.439829,-0.00531034,-0.111756,0,0,-5.54604e-17,-0,0,-0.000286867,0,0,-0.85445,-0.627574,0.00427837,-0.489282,1.0674,0.00103198,-15.847,-0.439829,-0.00531034,-0.111756,0,0,5.55619e-17,-0.0721228,-0.0717401,-0.00411425,-0.0041362,-0.000235847,-3.72392e-21,0,0,True,True
