t,l_hip_yaw_q,l_hip_yaw_dq,l_hip_yaw_tau,l_hip_roll_q,l_hip_roll_dq,l_hip_roll_tau,l_hip_pitch_q,l_hip_pitch_dq,l_hip_pitch_tau,l_knee_q,l_knee_dq,l_knee_tau,l_ankle_pitch_q,l_ankle_pitch_dq,l_ankle_pitch_tau,l_ankle_roll_q,l_ankle_roll_dq,l_ankle_roll_tau,r_hip_yaw_q,r_hip_yaw_dq,r_hip_yaw_tau,r_hip_roll_q,r_hip_roll_dq,r_hip_roll_tau,r_hip_pitch_q,r_hip_pitch_dq,r_hip_pitch_tau,r_knee_q,r_knee_dq,r_knee_tau,r_ankle_pitch_q,r_ankle_pitch_dq,r_ankle_pitch_tau,r_ankle_roll_q,r_ankle_roll_dq,r_ankle_roll_tau,l_ankle_motorA_tau,l_ankle_motorB_tau,l_ankle_motorA_w,l_ankle_motorB_w,com_ref_x,com_ref_y,zmp_ref_x,zmp_ref_y,contact_l,contact_r
0,-0,0,-0.0186585,0,0,0.563093,-0.618006,-0.00683657,-1.0133,1.06949,-0.00133513,-16.0229,-0.451482,0.00817169,-2.24886,0,0,-5.55184e-17,-0,0,0.0186585,0,0,-0.563093,-0.618006,-0.00683657,-1.0133,1.06949,-0.00133513,-16.0229,-0.451482,0.00817169,-2.24886,0,0,5.55039e-17,-1.45423,-1.44618,0.00631849,0.00635362,0,0,0,0,True,True
0.005,-0,0,-0.017463,0,0,0.563093,-0.618041,-0.00384179,-0.980048,1.06948,-0.000750308,-15.9469,-0.451441,0.0045921,-2.11318,0,0,-5.55251e-17,-0,0,0.017463,0,0,-0.563093,-0.618041,-0.00384179,-0.980048,1.06948,-0.000750308,-15.9469,-0.451441,0.0045921,-2.11318,0,0,5.54972e-17,-1.36648,-1.35892,0.00355071,0.00357045,-3.2067e-07,5.20419e-26,0,0,True,True
0.01,-0,0,-0.00616454,0,0,0.563093,-0.618045,-0.00123077,-0.665853,1.06948,-0.000240492,-15.2231,-0.451436,0.00147126,-0.812874,0,0,-2.58444e-20,-0,0,0.00616454,0,0,-0.563093,-0.618045,-0.00123077,-0.665853,1.06948,-0.000240492,-15.2231,-0.451436,0.00147126,-0.812874,0,0,-2.58444e-20,-0.52564,-0.522734,0.00113762,0.00114394,-2.23791e-06,4.01997e-25,0,0,True,True
0.015,-0,0,0.00315481,0,0,0.563093,-0.618053,-0.00186282,-0.406692,1.06948,-0.000364057,-14.6262,-0.451426,0.00222687,0.25941,0,0,-3.48925e-20,-0,0,-0.00315481,0,0,-0.563093,-0.618053,-0.00186282,-0.406692,1.06948,-0.000364057,-14.6262,-0.451426,0.00222687,0.25941,0,0,-3.48925e-20,0.167746,0.166818,0.00172187,0.00173144,-5.91151e-06,1.27979e-24,0,0,True,True
0.02,-0,0,0.00178441,0,0,0.563093,-0.618063,-0.00224334,-0.444802,1.06948,-0.000438528,-14.7142,-0.451413,0.00268187,0.101069,0,0,-5.55526e-17,-0,0,-0.00178441,0,0,-0.563093,-0.618063,-0.00224334,-0.444802,1.06948,-0.000438528,-14.7142,-0.451413,0.00268187,0.101069,0,0,5.54697e-17,0.0653556,0.0649943,0.00207369,0.00208522,-1.07143e-05,2.85063e-24,0,0,True,True
0.025,-0,0,0.000835439,0,0,0.563093,-0.618075,-0.00243546,-0.471191,1.06947,-0.000476213,-14.7752,-0.451399,0.00291167,-0.00883653,0,0,-5.55571e-17,-0,0,-0.000835439,0,0,-0.563093,-0.618075,-0.00243546,-0.471191,1.06947,-0.000476213,-14.7752,-0.451399,0.00291167,-0.00883653,0,0,5.54652e-17,-0.00571405,-0.00568247,0.00225139,0.0022639,-1.61185e-05,5.23175e-24,0,0,True,True
0.03,-0,0,0.000256742,0,0,0.563093,-0.618088,-0.00251136,-0.487284,1.06947,-0.000491196,-14.8126,-0.451384,0.00300255,-0.0761543,0,0,-5.55602e-17,-0,0,-0.000256742,0,0,-0.563093,-0.618088,-0.00251136,-0.487284,1.06947,-0.000491196,-14.8126,-0.451384,0.00300255,-0.0761543,0,0,5.54621e-17,-0.0492443,-0.0489721,0.00232166,0.00233457,-2.17951e-05,8.50499e-24,0,0,True,True
0.035,-0,0,-8.40783e-05,0,0,0.563093,-0.6181,-0.00251772,-0.496762,1.06947,-0.000492586,-14.8347,-0.451369,0.00301031,-0.1161,0,0,-5.11537e-20,-0,0,8.40783e-05,0,0,-0.563093,-0.6181,-0.00251772,-0.496762,1.06947,-0.000492586,-14.8347,-0.451369,0.00301031,-0.1161,0,0,-5.11537e-20,-0.0750742,-0.0746593,0.00232767,0.0023406,-2.75445e-05,1.2726e-23,0,0,True,True
0.04,-0,0,-0.000274745,0,0,0.563093,-0.618113,-0.00248422,-0.502064,1.06947,-0.000486177,-14.8471,-0.451354,0.0029704,-0.138756,0,0,-5.55636e-17,-0,0,0.000274745,0,0,-0.563093,-0.618113,-0.00248422,-0.502064,1.06947,-0.000486177,-14.8471,-0.451354,0.0029704,-0.138756,0,0,5.54587e-17,-0.0897241,-0.0892283,0.00229682,0.00230958,-3.32502e-05,1.79313e-23,0,0,True,True
0.045,-0,0,-0.000372479,0,0,0.563093,-0.618125,-0.0024294,-0.504782,1.06946,-0.000475585,-14.8536,-0.451339,0.00290498,-0.150701,0,0,-5.31591e-20,-0,0,0.000372479,0,0,-0.563093,-0.618125,-0.0024294,-0.504782,1.06946,-0.000475585,-14.8536,-0.451339,0.00290498,-0.150701,0,0,-5.31591e-20,-0.097448,-0.0969094,0.00224624,0.00225872,-3.88476e-05,2.41432e-23,0,0,True,True
0.05,-0,0,-0.000414169,0,0,0.563093,-0.618137,-0.00236455,-0.505942,1.06946,-0.00046302,-14.8565,-0.451325,0.00282757,-0.156177,0,0,-5.34686e-20,-0,0,0.000414169,0,0,-0.563093,-0.618137,-0.00236455,-0.505942,1.06946,-0.00046302,-14.8565,-0.451325,0.00282757,-0.156177,0,0,-5.34686e-20,-0.100989,-0.100431,0.00218638,0.00219853,-4.43041e-05,3.13739e-23,0,0,True,True
0.055,-0,0,-0.000423258,0,0,0.563093,-0.618149,-0.00229635,-0.506194,1.06946,-0.000449791,-14.8574,-0.451311,0.00274614,-0.157882,0,0,-5.55646e-17,-0,0,0.000423258,0,0,-0.563093,-0.618149,-0.00229635,-0.506194,1.06946,-0.000449791,-14.8574,-0.451311,0.00274614,-0.157882,0,0,5.54577e-17,-0.102091,-0.101527,0.00212343,0.00213523,-4.96066e-05,3.96281e-23,0,0,True,True
0.06,-0,0,-0.000414382,0,0,0.563093,-0.61816,-0.00222859,-0.505948,1.06946,-0.000436635,-14.857,-0.451298,0.00266523,-0.157499,0,0,-5.55644e-17,-0,0,0.000414382,0,0,-0.563093,-0.61816,-0.00222859,-0.505948,1.06946,-0.000436635,-14.857,-0.451298,0.00266523,-0.157499,0,0,5.54579e-17,-0.101843,-0.10128,0.00206087,0.00207232,-5.47531e-05,4.89053e-23,0,0,True,True
0.065,-0,0,-0.000396465,0,0,0.563093,-0.618171,-0.00216326,-0.505449,1.06946,-0.000423945,-14.8561,-0.451285,0.0025872,-0.156057,0,0,-5.29596e-20,-0,0,0.000396465,0,0,-0.563093,-0.618171,-0.00216326,-0.505449,1.06946,-0.000423945,-14.8561,-0.451285,0.0025872,-0.156057,0,0,-5.29596e-20,-0.10091,-0.100353,0.00200054,0.00201165,-5.97476e-05,5.92012e-23,0,0,True,True
0.07,-0,0,-0.000374781,0,0,0.563093,-0.618182,-0.00210126,-0.504846,1.06945,-0.000411898,-14.8549,-0.451272,0.00251316,-0.154162,0,0,-5.55637e-17,-0,0,0.000374781,0,0,-0.563093,-0.618182,-0.00210126,-0.504846,1.06945,-0.000411898,-14.8549,-0.451272,0.00251316,-0.154162,0,0,5.54586e-17,-0.0996854,-0.0991346,0.00194329,0.00195408,-6.45971e-05,7.05089e-23,0,0,True,True
0.075,-0,0,-0.000352304,0,0,0.563093,-0.618192,-0.00204289,-0.504221,1.06945,-0.000400555,-14.8537,-0.451259,0.00244345,-0.15216,0,0,-5.20406e-20,-0,0,0.000352304,0,0,-0.563093,-0.618192,-0.00204289,-0.504221,1.06945,-0.000400555,-14.8537,-0.451259,0.00244345,-0.15216,0,0,-5.20406e-20,-0.0983905,-0.0978469,0.00188939,0.00189988,-6.93098e-05,8.282e-23,0,0,True,True
0.08,-0,0,-0.000330597,0,0,0.563093,-0.618202,-0.00198811,-0.503618,1.06945,-0.000389907,-14.8525,-0.451247,0.00237802,-0.150231,0,0,-5.55627e-17,-0,0,0.000330597,0,0,-0.563093,-0.618202,-0.00198811,-0.503618,1.06945,-0.000389907,-14.8525,-0.451247,0.00237802,-0.150231,0,0,5.54596e-17,-0.0971425,-0.0966059,0.0018388,0.00184902,-7.38939e-05,9.61249e-23,0,0,True,True
0.085,-0,0,-0.000310373,0,0,0.563093,-0.618212,-0.00193672,-0.503055,1.06945,-0.000379916,-14.8514,-0.451236,0.00231663,-0.148457,0,0,-5.09783e-20,-0,0,0.000310373,0,0,-0.563093,-0.618212,-0.00193672,-0.503055,1.06945,-0.000379916,-14.8514,-0.451236,0.00231663,-0.148457,0,0,-5.09783e-20,-0.0959954,-0.0954651,0.00179134,0.00180129,-7.83576e-05,1.10413e-22,0,0,True,True
0.09,-0,0,-0.000291861,0,0,0.563093,-0.618222,-0.00188844,-0.502541,1.06945,-0.000370528,-14.8504,-0.451224,0.00225896,-0.146866,0,0,-5.55616e-17,-0,0,0.000291861,0,0,-0.563093,-0.618222,-0.00188844,-0.502541,1.06945,-0.000370528,-14.8504,-0.451224,0.00225896,-0.146866,0,0,5.54607e-17,-0.0949665,-0.0944419,0.00174675,0.00175645,-8.2708e-05,1.25675e-22,0,0,True,True
0.095,-0,0,-0.000275025,0,0,0.563093,-0.618231,-0.00184299,-0.502072,1.06944,-0.000361691,-14.8495,-0.451213,0.00220468,-0.145455,0,0,-5.55611e-17,-0,0,0.000275025,0,0,-0.563093,-0.618231,-0.00184299,-0.502072,1.06944,-0.000361691,-14.8495,-0.451213,0.00220468,-0.145455,0,0,5.54612e-17,-0.0940539,-0.0935343,0.00170477,0.00171424,-8.69521e-05,1.419e-22,0,0,True,True
0.1,-0,0,-0.000259701,0,0,0.563093,-0.61824,-0.00180011,-0.501646,1.06944,-0.000353353,-14.8487,-0.451202,0.00215347,-0.144205,0,0,-5.55605e-17,-0,0,0.000259701,0,0,-0.563093,-0.61824,-0.00180011,-0.501646,1.06944,-0.000353353,-14.8487,-0.451202,0.00215347,-0.144205,0,0,5.54618e-17,-0.0932457,-0.0927307,0.00166518,0.00167443,-9.1096e-05,1.59077e-22,0,0,True,True
0.105,-0,0,-0.000245677,0,0,0.563093,-0.618249,-0.00175959,-0.501256,1.06944,-0.00034547,-14.848,-0.451192,0.00210506,-0.143094,0,0,-5.55601e-17,-0,0,0.000245677,0,0,-0.563093,-0.618249,-0.00175959,-0.501256,1.06944,-0.00034547,-14.848,-0.451192,0.00210506,-0.143094,0,0,5.54622e-17,-0.0925268,-0.0920157,0.00162775,0.00163679,-9.51452e-05,1.77198e-22,0,0,True,True
0.11,-0,0,-0.000232739,0,0,0.563093,-0.618258,-0.00172122,-0.500896,1.06944,-0.000338006,-14.8474,-0.451181,0.00205922,-0.142096,0,0,-5.55596e-17,-0,0,0.000232739,0,0,-0.563093,-0.618258,-0.00172122,-0.500896,1.06944,-0.000338006,-14.8474,-0.451181,0.00205922,-0.142096,0,0,5.54627e-17,-0.0918814,-0.0913739,0.00159231,0.00160115,-9.91048e-05,1.96252e-22,0,0,True,True
0.115,-0,0,-0.000220687,0,0,0.563093,-0.618266,-0.00168485,-0.500561,1.06944,-0.000330931,-14.8468,-0.451171,0.00201578,-0.14119,0,0,-5.55592e-17,-0,0,0.000220687,0,0,-0.563093,-0.618266,-0.00168485,-0.500561,1.06944,-0.000330931,-14.8468,-0.451171,0.00201578,-0.14119,0,0,5.54631e-17,-0.0912953,-0.090791,0.00155872,0.00156738,-0.000102979,2.16231e-22,0,0,True,True
0.12,-0,0,-0.000209352,0,0,0.563093,-0.618275,-0.00165035,-0.500246,1.06944,-0.000324218,-14.8462,-0.451161,0.00197457,-0.140356,0,0,-4.7606e-20,-0,0,0.000209352,0,0,-0.563093,-0.618275,-0.00165035,-0.500246,1.06944,-0.000324218,-14.8462,-0.451161,0.00197457,-0.140356,0,0,-4.7606e-20,-0.090756,-0.0902548,0.00152685,0.00153533,-0.000106774,2.37126e-22,0,0,True,True
0.125,-0,0,-0.000198593,0,0,0.563093,-0.618283,-0.00161762,-0.499947,1.06943,-0.00031785,-14.8457,-0.451151,0.00193547,-0.139579,0,0,-5.55584e-17,-0,0,0.000198593,0,0,-0.563093,-0.618283,-0.00161762,-0.499947,1.06943,-0.00031785,-14.8457,-0.451151,0.00193547,-0.139579,0,0,5.54639e-17,-0.0902535,-0.089755,0.00149662,0.00150494,-0.000110492,2.5893e-22,0,0,True,True
0.13,-0,0,-0.000188298,0,0,0.563093,-0.618291,-0.00158658,-0.499661,1.06943,-0.000311809,-14.8452,-0.451142,0.00189839,-0.138846,0,0,-4.68993e-20,-0,0,0.000188298,0,0,-0.563093,-0.618291,-0.00158658,-0.499661,1.06943,-0.000311809,-14.8452,-0.451142,0.00189839,-0.138846,0,0,-4.68993e-20,-0.0897796,-0.0892838,0.00146795,0.0014761,-0.000114137,2.81636e-22,0,0,True,True
0.135,-0,0,-0.000178378,0,0,0.563093,-0.618299,-0.00155715,-0.499385,1.06943,-0.000306083,-14.8447,-0.451132,0.00186324,-0.138149,0,0,-4.65967e-20,-0,0,0.000178378,0,0,-0.563093,-0.618299,-0.00155715,-0.499385,1.06943,-0.000306083,-14.8447,-0.451132,0.00186324,-0.138149,0,0,-4.65967e-20,-0.0893282,-0.0888349,0.00144077,0.00144877,-0.000117714,3.05238e-22,0,0,True,True
0.14,-0,0,-0.000168767,0,0,0.563093,-0.618306,-0.0015293,-0.499118,1.06943,-0.000300662,-14.8442,-0.451123,0.00182996,-0.137478,0,0,-5.55575e-17,-0,0,0.000168767,0,0,-0.563093,-0.618306,-0.0015293,-0.499118,1.06943,-0.000300662,-14.8442,-0.451123,0.00182996,-0.137478,0,0,5.54648e-17,-0.0888946,-0.0884037,0.00141504,0.0014229,-0.000121225,3.29729e-22,0,0,True,True
0.145,-0,0,-0.000159413,0,0,0.563093,-0.618314,-0.00150296,-0.498857,1.06943,-0.000295537,-14.8438,-0.451114,0.0017985,-0.13683,0,0,-5.55572e-17,-0,0,0.000159413,0,0,-0.563093,-0.618314,-0.00150296,-0.498857,1.06943,-0.000295537,-14.8438,-0.451114,0.0017985,-0.13683,0,0,5.54651e-17,-0.0884751,-0.0879866,0.00139072,0.00139844,-0.000124675,3.55105e-22,0,0,True,True
0.15,-0,0,-0.000150279,0,0,0.563093,-0.618321,-0.00147811,-0.498603,1.06943,-0.000290701,-14.8434,-0.451105,0.00176881,-0.136199,0,0,-5.5557e-17,-0,0,0.000150279,0,0,-0.563093,-0.618321,-0.00147811,-0.498603,1.06943,-0.000290701,-14.8434,-0.451105,0.00176881,-0.136199,0,0,5.54653e-17,-0.0880674,-0.0875811,0.00136776,0.00137536,-0.000128067,3.81362e-22,0,0,True,True
0.155,-0,0,-0.000141336,0,0,0.563093,-0.618329,-0.0014547,-0.498355,1.06942,-0.000286148,-14.8429,-0.451096,0.00174085,-0.135584,0,0,-5.55569e-17,-0,0,0.000141336,0,0,-0.563093,-0.618329,-0.0014547,-0.498355,1.06942,-0.000286148,-14.8429,-0.451096,0.00174085,-0.135584,0,0,5.54654e-17,-0.0876695,-0.0871854,0.00134614,0.00135362,-0.000131404,4.08494e-22,0,0,True,True
0.16,-0,0,-0.000132566,0,0,0.563093,-0.618336,-0.00143272,-0.498111,1.06942,-0.000281871,-14.8425,-0.451088,0.00171459,-0.134982,0,0,-5.55568e-17,-0,0,0.000132566,0,0,-0.563093,-0.618336,-0.00143272,-0.498111,1.06942,-0.000281871,-14.8425,-0.451088,0.00171459,-0.134982,0,0,5.54656e-17,-0.0872803,-0.0867983,0.00132584,0.0013332,-0.00013469,4.36501e-22,0,0,True,True
0.165,-0,0,-0.000123952,0,0,0.563093,-0.618343,-0.00141213,-0.497871,1.06942,-0.000277867,-14.8421,-0.451079,0.00169,-0.134393,0,0,-5.55567e-17,-0,0,0.000123952,0,0,-0.563093,-0.618343,-0.00141213,-0.497871,1.06942,-0.000277867,-14.8421,-0.451079,0.00169,-0.134393,0,0,5.54656e-17,-0.0868988,-0.086419,0.00130683,0.00131408,-0.000137927,4.65378e-22,0,0,True,True
0.17,-0,0,-0.000115483,0,0,0.563093,-0.61835,-0.00139291,-0.497636,1.06942,-0.000274131,-14.8417,-0.451071,0.00166704,-0.133814,0,0,-4.54404e-20,-0,0,0.000115483,0,0,-0.563093,-0.61835,-0.00139291,-0.497636,1.06942,-0.000274131,-14.8417,-0.451071,0.00166704,-0.133814,0,0,-4.54404e-20,-0.0865246,-0.0860469,0.00128908,0.00129623,-0.000141119,4.95124e-22,0,0,True,True
0.175,-0,0,-0.000107153,0,0,0.563093,-0.618357,-0.00137504,-0.497404,1.06942,-0.000270658,-14.8413,-0.451062,0.0016457,-0.133246,0,0,-5.55566e-17,-0,0,0.000107153,0,0,-0.563093,-0.618357,-0.00137504,-0.497404,1.06942,-0.000270658,-14.8413,-0.451062,0.0016457,-0.133246,0,0,5.54657e-17,-0.0861572,-0.0856815,0.00127258,0.00127964,-0.000144268,5.25739e-22,0,0,True,True
0.18,-0,0,-9.8954e-05,0,0,0.563093,-0.618364,-0.0013585,-0.497176,1.06942,-0.000267445,-14.8409,-0.451054,0.00162594,-0.132688,0,0,-4.54152e-20,-0,0,9.8954e-05,0,0,-0.563093,-0.618364,-0.0013585,-0.497176,1.06942,-0.000267445,-14.8409,-0.451054,0.00162594,-0.132688,0,0,-4.54152e-20,-0.0857965,-0.0853228,0.0012573,0.00126428,-0.000147379,5.5722e-22,0,0,True,True
0.185,-0,0,-9.08816e-05,0,0,0.563093,-0.61837,-0.00134326,-0.496952,1.06942,-0.000264487,-14.8405,-0.451046,0.00160774,-0.132141,0,0,-5.55566e-17,-0,0,9.08816e-05,0,0,-0.563093,-0.61837,-0.00134326,-0.496952,1.06942,-0.000264487,-14.8405,-0.451046,0.00160774,-0.132141,0,0,5.54657e-17,-0.0854423,-0.0849706,0.00124323,0.00125013,-0.000150453,5.8957e-22,0,0,True,True
0.19,-0,0,-8.29316e-05,0,0,0.563093,-0.618377,-0.0013293,-0.496731,1.06942,-0.000261781,-14.8402,-0.451038,0.00159109,-0.131603,0,0,-4.55223e-20,-0,0,8.29316e-05,0,0,-0.563093,-0.618377,-0.0013293,-0.496731,1.06942,-0.000261781,-14.8402,-0.451038,0.00159109,-0.131603,0,0,-4.55223e-20,-0.0850946,-0.0846248,0.00123035,0.00123718,-0.000153495,6.22788e-22,0,0,True,True
0.195,-0,0,-7.51002e-05,0,0,0.563093,-0.618384,-0.00131662,-0.496513,1.06941,-0.000259323,-14.8398,-0.45103,0.00157594,-0.131076,0,0,-5.55568e-17,-0,0,7.51002e-05,0,0,-0.563093,-0.618384,-0.00131662,-0.496513,1.06941,-0.000259323,-14.8398,-0.45103,0.00157594,-0.131076,0,0,5.54655e-17,-0.0847532,-0.0842854,0.00121864,0.0012254,-0.000156506,6.56876e-22,0,0,True,True
0.2,-0,0,-6.73841e-05,0,0,0.563093,-0.61839,-0.00130518,-0.496298,1.06941,-0.000257109,-14.8394,-0.451022,0.00156229,-0.130558,0,0,-5.55569e-17,-0,0,6.73841e-05,0,0,-0.563093,-0.61839,-0.00130518,-0.496298,1.06941,-0.000257109,-14.8394,-0.451022,0.00156229,-0.130558,0,0,5.54654e-17,-0.0844183,-0.0839523,0.00120808,0.00121479,-0.000159489,6.91836e-22,0,0,True,True
0.205,-0,0,-5.97799e-05,0,0,0.563093,-0.618397,-0.00129496,-0.496087,1.06941,-0.000255136,-14.8391,-0.451015,0.0015501,-0.13005,0,0,-5.55571e-17,-0,0,5.97799e-05,0,0,-0.563093,-0.618397,-0.00129496,-0.496087,1.06941,-0.000255136,-14.8391,-0.451015,0.0015501,-0.13005,0,0,5.54652e-17,-0.0840897,-0.0836255,0.00119866,0.00120532,-0.000162449,7.2767e-22,0,0,True,True
0.21,-0,0,-5.22843e-05,0,0,0.563093,-0.618403,-0.00128596,-0.495878,1.06941,-0.000253402,-14.8387,-0.451007,0.00153937,-0.129551,0,0,-4.61269e-20,-0,0,5.22843e-05,0,0,-0.563093,-0.618403,-0.00128596,-0.495878,1.06941,-0.000253402,-14.8387,-0.451007,0.00153937,-0.129551,0,0,-4.61269e-20,-0.0837674,-0.083305,0.00119036,0.00119697,-0.000165386,7.64382e-22,0,0,True,True
0.215,-0,0,-4.4894e-05,0,0,0.563093,-0.61841,-0.00127816,-0.495673,1.06941,-0.000251901,-14.8384,-0.450999,0.00153006,-0.129063,0,0,-4.63582e-20,-0,0,4.4894e-05,0,0,-0.563093,-0.61841,-0.00127816,-0.495673,1.06941,-0.000251901,-14.8384,-0.450999,0.00153006,-0.129063,0,0,-4.63582e-20,-0.0834514,-0.0829908,0.00118317,0.00118973,-0.000168304,8.01975e-22,0,0,True,True
0.22,-0,0,-3.76056e-05,0,0,0.563093,-0.618416,-0.00127153,-0.49547,1.06941,-0.000250632,-14.838,-0.450992,0.00152216,-0.128584,0,0,-5.55578e-17,-0,0,3.76056e-05,0,0,-0.563093,-0.618416,-0.00127153,-0.49547,1.06941,-0.000250632,-14.838,-0.450992,0.00152216,-0.128584,0,0,5.54645e-17,-0.0831417,-0.0826828,0.00117706,0.00118359,-0.000171206,8.40455e-22,0,0,True,True
0.225,-0,0,-3.04155e-05,0,0,0.563093,-0.618422,-0.00126606,-0.49527,1.06941,-0.000249592,-14.8377,-0.450984,0.00151565,-0.128115,0,0,-5.55581e-17,-0,0,3.04155e-05,0,0,-0.563093,-0.618422,-0.00126606,-0.49527,1.06941,-0.000249592,-14.8377,-0.450984,0.00151565,-0.128115,0,0,5.54642e-17,-0.0828383,-0.082381,0.00117203,0.00117853,-0.000174094,8.79825e-22,0,0,True,True
0.23,-0,0,-2.33203e-05,0,0,0.563093,-0.618429,-0.00126173,-0.495073,1.06941,-0.000248776,-14.8374,-0.450976,0.00151051,-0.127655,0,0,-5.55584e-17,-0,0,2.33203e-05,0,0,-0.563093,-0.618429,-0.00126173,-0.495073,1.06941,-0.000248776,-14.8374,-0.450976,0.00151051,-0.127655,0,0,5.54639e-17,-0.082541,-0.0820854,0.00116806,0.00117454,-0.000176971,9.20093e-22,0,0,True,True
0.235,-0,0,-1.63162e-05,0,0,0.563093,-0.618435,-0.00125854,-0.494878,1.0694,-0.000248184,-14.8371,-0.450969,0.00150672,-0.127205,0,0,-5.55588e-17,-0,0,1.63162e-05,0,0,-0.563093,-0.618435,-0.00125854,-0.494878,1.0694,-0.000248184,-14.8371,-0.450969,0.00150672,-0.127205,0,0,5.54636e-17,-0.0822498,-0.0817958,0.00116513,0.0011716,-0.00017984,9.61263e-22,0,0,True,True
0.24,-0,0,-9.39979e-06,0,0,0.563093,-0.618441,-0.00125646,-0.494686,1.0694,-0.000247811,-14.8367,-0.450961,0.00150428,-0.126764,0,0,-5.55591e-17,-0,0,9.39979e-06,0,0,-0.563093,-0.618441,-0.00125646,-0.494686,1.0694,-0.000247811,-14.8367,-0.450961,0.00150428,-0.126764,0,0,5.54632e-17,-0.0819646,-0.0815122,0.00116324,0.00116969,-0.000182702,1.00334e-21,0,0,True,True
0.245,-0,0,-2.56716e-06,0,0,0.563093,-0.618448,-0.00125549,-0.494496,1.0694,-0.000247655,-14.8364,-0.450954,0.00150314,-0.126333,0,0,-5.55596e-17,-0,0,2.56716e-06,0,0,-0.563093,-0.618448,-0.00125549,-0.494496,1.0694,-0.000247655,-14.8364,-0.450954,0.00150314,-0.126333,0,0,5.54627e-17,-0.0816854,-0.0812346,0.00116236,0.00116881,-0.000185561,1.04634e-21,0,0,True,True
0.25,-0,0,4.18538e-06,0,0,0.563093,-0.618454,-0.0012556,-0.494308,1.0694,-0.000247714,-14.8361,-0.450946,0.00150332,-0.12591,0,0,-4.88604e-20,-0,0,-4.18538e-06,0,0,-0.563093,-0.618454,-0.0012556,-0.494308,1.0694,-0.000247714,-14.8361,-0.450946,0.00150332,-0.12591,0,0,-4.88604e-20,-0.0814121,-0.0809628,0.0011625,0.00116895,-0.00018842,1.09027e-21,0,0,True,True
0.255,-0,0,1.08616e-05,0,0,0.563093,-0.61846,-0.00125679,-0.494122,1.0694,-0.000247986,-14.8358,-0.450939,0.00150478,-0.125497,0,0,-5.55605e-17,-0,0,-1.08616e-05,0,0,-0.563093,-0.61846,-0.00125679,-0.494122,1.0694,-0.000247986,-14.8358,-0.450939,0.00150478,-0.125497,0,0,5.54618e-17,-0.0811446,-0.0806968,0.00116363,0.00117009,-0.000191279,1.13512e-21,0,0,True,True
0.26,-0,0,1.74653e-05,0,0,0.563093,-0.618466,-0.00125905,-0.493939,1.0694,-0.000248467,-14.8355,-0.450931,0.00150752,-0.125092,0,0,-4.9857e-20,-0,0,-1.74653e-05,0,0,-0.563093,-0.618466,-0.00125905,-0.493939,1.0694,-0.000248467,-14.8355,-0.450931,0.00150752,-0.125092,0,0,-4.9857e-20,-0.0808828,-0.0804365,0.00116575,0.00117222,-0.000194143,1.18092e-21,0,0,True,True
0.265,-0,0,2.40001e-05,0,0,0.563093,-0.618473,-0.00126236,-0.493757,1.0694,-0.000249157,-14.8352,-0.450924,0.00151151,-0.124696,0,0,-5.55616e-17,-0,0,-2.40001e-05,0,0,-0.563093,-0.618473,-0.00126236,-0.493757,1.0694,-0.000249157,-14.8352,-0.450924,0.00151151,-0.124696,0,0,5.54607e-17,-0.0806267,-0.0801817,0.00116884,0.00117533,-0.000197013,1.22768e-21,0,0,True,True
0.27,-0,0,3.047e-05,0,0,0.563093,-0.618479,-0.00126671,-0.493577,1.0694,-0.000250053,-14.835,-0.450916,0.00151676,-0.124309,0,0,-5.55621e-17,-0,0,-3.047e-05,0,0,-0.563093,-0.618479,-0.00126671,-0.493577,1.0694,-0.000250053,-14.835,-0.450916,0.00151676,-0.124309,0,0,5.54602e-17,-0.0803761,-0.0799325,0.0011729,0.00117941,-0.000199892,1.2754e-21,0,0,True,True
0.275,-0,0,3.68787e-05,0,0,0.563093,-0.618485,-0.00127209,-0.493399,1.06939,-0.000251153,-14.8347,-0.450909,0.00152324,-0.12393,0,0,-5.55627e-17,-0,0,-3.68787e-05,0,0,-0.563093,-0.618485,-0.00127209,-0.493399,1.06939,-0.000251153,-14.8347,-0.450909,0.00152324,-0.12393,0,0,5.54596e-17,-0.0801309,-0.0796887,0.00117792,0.00118445,-0.000202782,1.32409e-21,0,0,True,True
0.28,-0,0,4.32298e-05,0,0,0.563093,-0.618492,-0.00127849,-0.493222,1.06939,-0.000252455,-14.8344,-0.450901,0.00153095,-0.123559,0,0,-5.55634e-17,-0,0,-4.32298e-05,0,0,-0.563093,-0.618492,-0.00127849,-0.493222,1.06939,-0.000252455,-14.8344,-0.450901,0.00153095,-0.123559,0,0,5.54589e-17,-0.0798911,-0.0794503,0.00118388,0.00119045,-0.000205686,1.37377e-21,0,0,True,True
0.285,-0,0,4.9527e-05,0,0,0.563093,-0.618498,-0.00128591,-0.493047,1.06939,-0.000253959,-14.8341,-0.450893,0.00153987,-0.123196,0,0,-5.5564e-17,-0,0,-4.9527e-05,0,0,-0.563093,-0.618498,-0.00128591,-0.493047,1.06939,-0.000253959,-14.8341,-0.450893,0.00153987,-0.123196,0,0,5.54583e-17,-0.0796566,-0.079217,0.00119078,0.00119738,-0.000208605,1.42445e-21,0,0,True,True
0.29,-0,0,5.57742e-05,0,0,0.563093,-0.618505,-0.00129434,-0.492873,1.06939,-0.000255661,-14.8338,-0.450886,0.00155,-0.122842,0,0,-5.55647e-17,-0,0,-5.57742e-05,0,0,-0.563093,-0.618505,-0.00129434,-0.492873,1.06939,-0.000255661,-14.8338,-0.450886,0.00155,-0.122842,0,0,5.54576e-17,-0.0794272,-0.078989,0.00119861,0.00120526,-0.000211543,1.47614e-21,0,0,True,True
0.295,-0,0,6.19748e-05,0,0,0.563093,-0.618511,-0.00130376,-0.492701,1.06939,-0.000257561,-14.8336,-0.450878,0.00156132,-0.122495,0,0,-5.55655e-17,-0,0,-6.19748e-05,0,0,-0.563093,-0.618511,-0.00130376,-0.492701,1.06939,-0.000257561,-14.8336,-0.450878,0.00156132,-0.122495,0,0,5.54568e-17,-0.079203,-0.078766,0.00120736,0.00121406,-0.0002145,1.52885e-21,0,0,True,True
0.3,-0,0,6.81326e-05,0,0,0.563093,-0.618518,-0.00131417,-0.49253,1.06939,-0.000259658,-14.8333,-0.45087,0.00157383,-0.122156,0,0,-5.55662e-17,-0,0,-6.81326e-05,0,0,-0.563093,-0.618518,-0.00131417,-0.49253,1.06939,-0.000259658,-14.8333,-0.45087,0.00157383,-0.122156,0,0,5.54561e-17,-0.0789837,-0.078548,0.00121704,0.00122379,-0.000217481,1.58261e-21,0,0,True,True
0.305,-0,0,7.42511e-05,0,0,0.563093,-0.618524,-0.00132556,-0.492359,1.06939,-0.000261949,-14.8331,-0.450862,0.00158751,-0.121825,0,0,-5.58931e-20,-0,0,-7.42511e-05,0,0,-0.563093,-0.618524,-0.00132556,-0.492359,1.06939,-0.000261949,-14.8331,-0.450862,0.00158751,-0.121825,0,0,-5.58931e-20,-0.0787694,-0.0783348,0.00122762,0.00123443,-0.000220486,1.63742e-21,0,0,True,True
0.31,-0,0,8.03339e-05,0,0,0.563093,-0.618531,-0.00133793,-0.49219,1.06938,-0.000264436,-14.8328,-0.450854,0.00160237,-0.121501,0,0,-5.55679e-17,-0,0,-8.03339e-05,0,0,-0.563093,-0.618531,-0.00133793,-0.49219,1.06938,-0.000264436,-14.8328,-0.450854,0.00160237,-0.121501,0,0,5.54544e-17,-0.0785599,-0.0781265,0.00123911,0.00124599,-0.000223519,1.69329e-21,0,0,True,True
0.315,-0,0,8.63845e-05,0,0,0.563093,-0.618538,-0.00135128,-0.492022,1.06938,-0.000267115,-14.8326,-0.450846,0.00161839,-0.121185,0,0,-5.55687e-17,-0,0,-8.63845e-05,0,0,-0.563093,-0.618538,-0.00135128,-0.492022,1.06938,-0.000267115,-14.8326,-0.450846,0.00161839,-0.121185,0,0,5.54536e-17,-0.0783552,-0.0779229,0.00125151,0.00125845,-0.00022658,1.75026e-21,0,0,True,True
0.32,-0,0,9.24064e-05,0,0,0.563093,-0.618544,-0.00136559,-0.491854,1.06938,-0.000269987,-14.8323,-0.450838,0.00163557,-0.120875,0,0,-5.84777e-20,-0,0,-9.24064e-05,0,0,-0.563093,-0.618544,-0.00136559,-0.491854,1.06938,-0.000269987,-14.8323,-0.450838,0.00163557,-0.120875,0,0,-5.84777e-20,-0.0781551,-0.077724,0.00126479,0.00127181,-0.000229674,1.80832e-21,0,0,True,True
0.325,-0,0,9.8403e-05,0,0,0.563093,-0.618551,-0.00138086,-0.491688,1.06938,-0.00027305,-14.8321,-0.45083,0.00165391,-0.120573,0,0,-5.55706e-17,-0,0,-9.8403e-05,0,0,-0.563093,-0.618551,-0.00138086,-0.491688,1.06938,-0.00027305,-14.8321,-0.45083,0.00165391,-0.120573,0,0,5.54517e-17,-0.0779596,-0.0775296,0.00127898,0.00128607,-0.000232801,1.8675e-21,0,0,True,True
0.33,-0,0,0.000104378,0,0,0.563093,-0.618558,-0.00139709,-0.491522,1.06938,-0.000276305,-14.8318,-0.450821,0.00167339,-0.120278,0,0,-6.03638e-20,-0,0,-0.000104378,0,0,-0.563093,-0.618558,-0.00139709,-0.491522,1.06938,-0.000276305,-14.8318,-0.450821,0.00167339,-0.120278,0,0,-6.03638e-20,-0.0777686,-0.0773396,0.00129405,0.00130122,-0.000235964,1.92782e-21,0,0,True,True
0.335,-0,0,0.000110334,0,0,0.563093,-0.618565,-0.00141428,-0.491356,1.06938,-0.00027975,-14.8316,-0.450813,0.00169403,-0.11999,0,0,-6.13564e-20,-0,0,-0.000110334,0,0,-0.563093,-0.618565,-0.00141428,-0.491356,1.06938,-0.00027975,-14.8316,-0.450813,0.00169403,-0.11999,0,0,-6.13564e-20,-0.0775821,-0.0771541,0.00131,0.00131727,-0.000239165,1.9893e-21,0,0,True,True
0.34,-0,0,0.000116276,0,0,0.563093,-0.618572,-0.00143242,-0.491191,1.06938,-0.000283386,-14.8313,-0.450804,0.0017158,-0.119708,0,0,-5.55735e-17,-0,0,-0.000116276,0,0,-0.563093,-0.618572,-0.00143242,-0.491191,1.06938,-0.000283386,-14.8313,-0.450804,0.0017158,-0.119708,0,0,5.54488e-17,-0.0773999,-0.0769729,0.00132684,0.0013342,-0.000242406,2.05195e-21,0,0,True,True
0.345,-0,0,0.000122205,0,0,0.563093,-0.61858,-0.0014515,-0.491026,1.06938,-0.000287211,-14.8311,-0.450796,0.00173872,-0.119433,0,0,-5.55746e-17,-0,0,-0.000122205,0,0,-0.563093,-0.61858,-0.0014515,-0.491026,1.06938,-0.000287211,-14.8311,-0.450796,0.00173872,-0.119433,0,0,5.54477e-17,-0.077222,-0.076796,0.00134456,0.00135202,-0.00024569,2.11579e-21,0,0,True,True
0.35,-0,0,0.000128126,0,0,0.563093,-0.618587,-0.00147154,-0.490861,1.06937,-0.000291226,-14.8309,-0.450787,0.00176277,-0.119164,0,0,-5.55757e-17,-0,0,-0.000128126,0,0,-0.563093,-0.618587,-0.00147154,-0.490861,1.06937,-0.000291226,-14.8309,-0.450787,0.00176277,-0.119164,0,0,5.54466e-17,-0.0770482,-0.0766233,0.00136317,0.00137073,-0.000249019,2.18084e-21,0,0,True,True
0.355,-0,0,0.000134043,0,0,0.563093,-0.618594,-0.00149253,-0.490697,1.06937,-0.00029543,-14.8306,-0.450778,0.00178796,-0.118902,0,0,-5.55768e-17,-0,0,-0.000134043,0,0,-0.563093,-0.618594,-0.00149253,-0.490697,1.06937,-0.00029543,-14.8306,-0.450778,0.00178796,-0.118902,0,0,5.54455e-17,-0.0768786,-0.0764546,0.00138265,0.00139032,-0.000252394,2.24713e-21,0,0,True,True
0.36,-0,0,0.000139957,0,0,0.563093,-0.618602,-0.00151446,-0.490532,1.06937,-0.000299825,-14.8304,-0.450769,0.00181428,-0.118646,0,0,-5.5578e-17,-0,0,-0.000139957,0,0,-0.563093,-0.618602,-0.00151446,-0.490532,1.06937,-0.000299825,-14.8304,-0.450769,0.00181428,-0.118646,0,0,5.54443e-17,-0.0767131,-0.07629,0.00140301,0.00141079,-0.000255818,2.31468e-21,0,0,True,True
0.365,-0,0,0.000145873,0,0,0.563093,-0.618609,-0.00153734,-0.490368,1.06937,-0.000304409,-14.8302,-0.45076,0.00184175,-0.118397,0,0,-5.55792e-17,-0,0,-0.000145873,0,0,-0.563093,-0.618609,-0.00153734,-0.490368,1.06937,-0.000304409,-14.8302,-0.45076,0.00184175,-0.118397,0,0,5.54431e-17,-0.0765516,-0.0761294,0.00142425,0.00143215,-0.000259294,2.3835e-21,0,0,True,True
0.37,-0,0,0.000151793,0,0,0.563093,-0.618617,-0.00156117,-0.490203,1.06937,-0.000309183,-14.83,-0.450751,0.00187035,-0.118153,0,0,-6.92577e-20,-0,0,-0.000151793,0,0,-0.563093,-0.618617,-0.00156117,-0.490203,1.06937,-0.000309183,-14.83,-0.450751,0.00187035,-0.118153,0,0,-6.92577e-20,-0.076394,-0.0759727,0.00144637,0.00145439,-0.000262822,2.45363e-21,0,0,True,True
0.375,-0,0,0.000157721,0,0,0.563093,-0.618625,-0.00158594,-0.490038,1.06937,-0.000314147,-14.8297,-0.450741,0.00190009,-0.117916,0,0,-7.05266e-20,-0,0,-0.000157721,0,0,-0.563093,-0.618625,-0.00158594,-0.490038,1.06937,-0.000314147,-14.8297,-0.450741,0.00190009,-0.117916,0,0,-7.05266e-20,-0.0762402,-0.0758198,0.00146937,0.00147752,-0.000266406,2.52508e-21,0,0,True,True
0.38,-0,0,0.000163661,0,0,0.563093,-0.618633,-0.00161166,-0.489873,1.06936,-0.000319302,-14.8295,-0.450732,0.00193097,-0.117684,0,0,-5.5583e-17,-0,0,-0.000163661,0,0,-0.563093,-0.618633,-0.00161166,-0.489873,1.06936,-0.000319302,-14.8295,-0.450732,0.00193097,-0.117684,0,0,5.54393e-17,-0.0760903,-0.0756707,0.00149325,0.00150153,-0.000270048,2.59788e-21,0,0,True,True
0.385,-0,0,0.000169614,0,0,0.563093,-0.618641,-0.00163834,-0.489707,1.06936,-0.000324649,-14.8293,-0.450722,0.00196299,-0.117458,0,0,-5.55843e-17,-0,0,-0.000169614,0,0,-0.563093,-0.618641,-0.00163834,-0.489707,1.06936,-0.000324649,-14.8293,-0.450722,0.00196299,-0.117458,0,0,5.5438e-17,-0.0759441,-0.0755253,0.00151802,0.00152643,-0.000273749,2.67206e-21,0,0,True,True
0.39,-0,0,0.000175585,0,0,0.563093,-0.618649,-0.00166597,-0.489541,1.06936,-0.000330188,-14.8291,-0.450712,0.00199616,-0.117238,0,0,-5.55857e-17,-0,0,-0.000175585,0,0,-0.563093,-0.618649,-0.00166597,-0.489541,1.06936,-0.000330188,-14.8291,-0.450712,0.00199616,-0.117238,0,0,5.54366e-17,-0.0758015,-0.0753835,0.00154367,0.00155223,-0.000277513,2.74763e-21,0,0,True,True
0.395,-0,0,0.000181576,0,0,0.563093,-0.618658,-0.00169455,-0.489375,1.06936,-0.00033592,-14.8289,-0.450702,0.00203047,-0.117023,0,0,-7.59685e-20,-0,0,-0.000181576,0,0,-0.563093,-0.618658,-0.00169455,-0.489375,1.06936,-0.00033592,-14.8289,-0.450702,0.00203047,-0.117023,0,0,-7.59685e-20,-0.0756626,-0.0752454,0.00157021,0.00157892,-0.00028134,2.82464e-21,0,0,True,True
0.4,-0,0,0.000187592,0,0,0.563093,-0.618666,-0.0017241,-0.489207,1.06936,-0.000341846,-14.8287,-0.450692,0.00206595,-0.116814,0,0,-5.55886e-17,-0,0,-0.000187592,0,0,-0.563093,-0.618666,-0.0017241,-0.489207,1.06936,-0.000341846,-14.8287,-0.450692,0.00206595,-0.116814,0,0,5.54337e-17,-0.0755272,-0.0751107,0.00159764,0.0016065,-0.000285234,2.90309e-21,0,0,True,True
0.405,-0,0,0.000193633,0,0,0.563093,-0.618675,-0.00175461,-0.489039,1.06936,-0.000347966,-14.8285,-0.450681,0.00210258,-0.11661,0,0,-5.55901e-17,-0,0,-0.000193633,0,0,-0.563093,-0.618675,-0.00175461,-0.489039,1.06936,-0.000347966,-14.8285,-0.450681,0.00210258,-0.11661,0,0,5.54322e-17,-0.0753953,-0.0749796,0.00162597,0.00163499,-0.000289196,2.98303e-21,0,0,True,True
0.41,-0,0,0.000199705,0,0,0.563093,-0.618684,-0.00178609,-0.48887,1.06935,-0.000354282,-14.8282,-0.450671,0.00214037,-0.116412,0,0,-5.55916e-17,-0,0,-0.000199705,0,0,-0.563093,-0.618684,-0.00178609,-0.48887,1.06935,-0.000354282,-14.8282,-0.450671,0.00214037,-0.116412,0,0,5.54307e-17,-0.0752669,-0.0748519,0.00165521,0.00166438,-0.000293229,3.06448e-21,0,0,True,True
0.415,-0,0,0.00020581,0,0,0.563093,-0.618693,-0.00181854,-0.488701,1.06935,-0.000360796,-14.828,-0.45066,0.00217934,-0.116218,0,0,-5.55932e-17,-0,0,-0.00020581,0,0,-0.563093,-0.618693,-0.00181854,-0.488701,1.06935,-0.000360796,-14.828,-0.45066,0.00217934,-0.116218,0,0,5.54291e-17,-0.0751418,-0.0747275,0.00168534,0.00169468,-0.000297335,3.14746e-21,0,0,True,True
0.42,-0,0,0.000211951,0,0,0.563093,-0.618702,-0.00185197,-0.48853,1.06935,-0.000367507,-14.8278,-0.450649,0.00221948,-0.11603,0,0,-8.36304e-20,-0,0,-0.000211951,0,0,-0.563093,-0.618702,-0.00185197,-0.48853,1.06935,-0.000367507,-14.8278,-0.450649,0.00221948,-0.11603,0,0,-8.36304e-20,-0.0750201,-0.0746065,0.00171639,0.0017259,-0.000301516,3.23202e-21,0,0,True,True
0.425,-0,0,0.000218132,0,0,0.563093,-0.618711,-0.00188639,-0.488358,1.06935,-0.000374419,-14.8276,-0.450638,0.00226081,-0.115848,0,0,-5.55964e-17,-0,0,-0.000218132,0,0,-0.563093,-0.618711,-0.00188639,-0.488358,1.06935,-0.000374419,-14.8276,-0.450638,0.00226081,-0.115848,0,0,5.54259e-17,-0.0749017,-0.0744888,0.00174835,0.00175804,-0.000305775,3.31818e-21,0,0,True,True
0.43,-0,0,0.000224354,0,0,0.563093,-0.618721,-0.0019218,-0.488185,1.06935,-0.000381532,-14.8274,-0.450626,0.00230333,-0.11567,0,0,-5.55981e-17,-0,0,-0.000224354,0,0,-0.563093,-0.618721,-0.0019218,-0.488185,1.06935,-0.000381532,-14.8274,-0.450626,0.00230333,-0.11567,0,0,5.54242e-17,-0.0747865,-0.0743742,0.00178124,0.00179111,-0.000310113,3.40597e-21,0,0,True,True
0.435,-0,0,0.000230623,0,0,0.563093,-0.618731,-0.0019582,-0.488011,1.06935,-0.000388848,-14.8272,-0.450615,0.00234705,-0.115497,0,0,-5.55999e-17,-0,0,-0.000230623,0,0,-0.563093,-0.618731,-0.0019582,-0.488011,1.06935,-0.000388848,-14.8272,-0.450615,0.00234705,-0.115497,0,0,5.54224e-17,-0.0746745,-0.0742628,0.00181505,0.00182511,-0.000314533,3.49542e-21,0,0,True,True
0.44,-0,0,0.000236939,0,0,0.563093,-0.618741,-0.00199561,-0.487835,1.06934,-0.000396369,-14.827,-0.450603,0.00239198,-0.115328,0,0,-5.56016e-17,-0,0,-0.000236939,0,0,-0.563093,-0.618741,-0.00199561,-0.487835,1.06934,-0.000396369,-14.827,-0.450603,0.00239198,-0.115328,0,0,5.54207e-17,-0.0745656,-0.0741546,0.0018498,0.00186006,-0.000319037,3.58657e-21,0,0,True,True
0.445,-0,0,0.000243308,0,0,0.563093,-0.618751,-0.00203404,-0.487658,1.06934,-0.000404096,-14.8268,-0.450591,0.00243813,-0.115165,0,0,-5.56035e-17,-0,0,-0.000243308,0,0,-0.563093,-0.618751,-0.00203404,-0.487658,1.06934,-0.000404096,-14.8268,-0.450591,0.00243813,-0.115165,0,0,5.54188e-17,-0.0744598,-0.0740494,0.0018855,0.00189595,-0.000323628,3.67946e-21,0,0,True,True
0.45,-0,0,0.000249731,0,0,0.563093,-0.618761,-0.00207348,-0.487479,1.06934,-0.000412032,-14.8266,-0.450578,0.00248552,-0.115006,0,0,-9.41757e-20,-0,0,-0.000249731,0,0,-0.563093,-0.618761,-0.00207348,-0.487479,1.06934,-0.000412032,-14.8266,-0.450578,0.00248552,-0.115006,0,0,-9.41757e-20,-0.0743571,-0.0739472,0.00192215,0.0019328,-0.000328307,3.77411e-21,0,0,True,True
0.455,-0,0,0.000256212,0,0,0.563093,-0.618771,-0.00211396,-0.487299,1.06934,-0.000420178,-14.8264,-0.450566,0.00253414,-0.114852,0,0,-5.56072e-17,-0,0,-0.000256212,0,0,-0.563093,-0.618771,-0.00211396,-0.487299,1.06934,-0.000420178,-14.8264,-0.450566,0.00253414,-0.114852,0,0,5.54151e-17,-0.0742573,-0.0738481,0.00195975,0.00197061,-0.000333078,3.87056e-21,0,0,True,True
0.46,-0,0,0.000262755,0,0,0.563093,-0.618782,-0.00215548,-0.487117,1.06934,-0.000428537,-14.8262,-0.450553,0.00258402,-0.114703,0,0,-5.56092e-17,-0,0,-0.000262755,0,0,-0.563093,-0.618782,-0.00215548,-0.487117,1.06934,-0.000428537,-14.8262,-0.450553,0.00258402,-0.114703,0,0,5.54131e-17,-0.0741605,-0.0737518,0.00199833,0.0020094,-0.000337942,3.96885e-21,0,0,True,True
0.465,-0,0,0.000269361,0,0,0.563093,-0.618793,-0.00219805,-0.486933,1.06933,-0.000437112,-14.826,-0.45054,0.00263516,-0.114558,0,0,-5.56112e-17,-0,0,-0.000269361,0,0,-0.563093,-0.618793,-0.00219805,-0.486933,1.06933,-0.000437112,-14.826,-0.45054,0.00263516,-0.114558,0,0,5.54111e-17,-0.0740667,-0.0736585,0.00203788,0.00204918,-0.000342903,4.06902e-21,0,0,True,True
0.47,-0,0,0.000276035,0,0,0.563093,-0.618804,-0.00224167,-0.486748,1.06933,-0.000445903,-14.8258,-0.450527,0.00268758,-0.114418,0,0,-1.02089e-19,-0,0,-0.000276035,0,0,-0.563093,-0.618804,-0.00224167,-0.486748,1.06933,-0.000445903,-14.8258,-0.450527,0.00268758,-0.114418,0,0,-1.02089e-19,-0.0739757,-0.073568,0.00207843,0.00208994,-0.000347961,4.1711e-21,0,0,True,True
0.475,-0,0,0.00028278,0,0,0.563093,-0.618815,-0.00228637,-0.48656,1.06933,-0.000454915,-14.8256,-0.450513,0.00274129,-0.114281,0,0,-5.56153e-17,-0,0,-0.00028278,0,0,-0.563093,-0.618815,-0.00228637,-0.48656,1.06933,-0.000454915,-14.8256,-0.450513,0.00274129,-0.114281,0,0,5.5407e-17,-0.0738875,-0.0734804,0.00211997,0.00213172,-0.000353121,4.27513e-21,0,0,True,True
0.48,-0,0,0.000289598,0,0,0.563093,-0.618827,-0.00233216,-0.48637,1.06933,-0.00046415,-14.8254,-0.450499,0.00279631,-0.11415,0,0,-1.06328e-19,-0,0,-0.000289598,0,0,-0.563093,-0.618827,-0.00233216,-0.48637,1.06933,-0.00046415,-14.8254,-0.450499,0.00279631,-0.11415,0,0,-1.06328e-19,-0.0738022,-0.0733955,0.00216252,0.0021745,-0.000358383,4.38116e-21,0,0,True,True
0.485,-0,0,0.000296493,0,0,0.563093,-0.618839,-0.00237903,-0.486179,1.06932,-0.00047361,-14.8252,-0.450485,0.00285264,-0.114022,0,0,-5.56197e-17,-0,0,-0.000296493,0,0,-0.563093,-0.618839,-0.00237903,-0.486179,1.06932,-0.00047361,-14.8252,-0.450485,0.00285264,-0.114022,0,0,5.54026e-17,-0.0737196,-0.0733134,0.00220609,0.00221832,-0.000363752,4.48923e-21,0,0,True,True
0.49,-0,0,0.000303468,0,0,0.563093,-0.618851,-0.00242701,-0.485985,1.06932,-0.000483298,-14.825,-0.450471,0.00291031,-0.113899,0,0,-5.56219e-17,-0,0,-0.000303468,0,0,-0.563093,-0.618851,-0.00242701,-0.485985,1.06932,-0.000483298,-14.825,-0.450471,0.00291031,-0.113899,0,0,5.54004e-17,-0.0736397,-0.0732339,0.0022507,0.00226317,-0.000369229,4.59937e-21,0,0,True,True
0.495,-0,0,0.000310526,0,0,0.563093,-0.618863,-0.00247612,-0.485788,1.06932,-0.000493217,-14.8248,-0.450456,0.00296933,-0.11378,0,0,-1.13057e-19,-0,0,-0.000310526,0,0,-0.563093,-0.618863,-0.00247612,-0.485788,1.06932,-0.000493217,-14.8248,-0.450456,0.00296933,-0.11378,0,0,-1.13057e-19,-0.0735625,-0.0731572,0.00229635,0.00230907,-0.000374816,4.71163e-21,0,0,True,True
0.5,-0,0,0.000317671,0,0,0.563093,-0.618875,-0.00252635,-0.48559,1.06932,-0.00050337,-14.8245,-0.450441,0.00302972,-0.113665,0,0,-5.56266e-17,-0,0,-0.000317671,0,0,-0.563093,-0.618875,-0.00252635,-0.48559,1.06932,-0.00050337,-14.8245,-0.450441,0.00302972,-0.113665,0,0,5.53957e-17,-0.0734879,-0.0730831,0.00234306,0.00235604,-0.000380517,4.82605e-21,0,0,True,True
0.505,-0,0,0.000324906,0,0,0.563093,-0.618888,-0.00257773,-0.485388,1.06931,-0.000513762,-14.8243,-0.450426,0.0030915,-0.113554,0,0,-1.17801e-19,-0,0,-0.000324906,0,0,-0.563093,-0.618888,-0.00257773,-0.485388,1.06931,-0.000513762,-14.8243,-0.450426,0.0030915,-0.113554,0,0,-1.17801e-19,-0.073416,-0.0730116,0.00239084,0.00240408,-0.000386334,4.94269e-21,0,0,True,True
0.51,-0,0,0.000332233,0,0,0.563093,-0.618901,-0.00263028,-0.485185,1.06931,-0.000524393,-14.8241,-0.45041,0.00315467,-0.113447,0,0,-5.56314e-17,-0,0,-0.000332233,0,0,-0.563093,-0.618901,-0.00263028,-0.485185,1.06931,-0.000524393,-14.8241,-0.45041,0.00315467,-0.113447,0,0,5.53909e-17,-0.0733467,-0.0729426,0.0024397,0.00245321,-0.00039227,5.06157e-21,0,0,True,True
0.515,-0,0,0.000339658,0,0,0.563093,-0.618915,-0.002684,-0.484978,1.06931,-0.00053527,-14.8239,-0.450394,0.00321927,-0.113344,0,0,-1.2276e-19,-0,0,-0.000339658,0,0,-0.563093,-0.618915,-0.002684,-0.484978,1.06931,-0.00053527,-14.8239,-0.450394,0.00321927,-0.113344,0,0,-1.2276e-19,-0.0732799,-0.0728762,0.00248966,0.00250345,-0.000398327,5.18276e-21,0,0,True,True
0.52,-0,0,0.000347182,0,0,0.563093,-0.618928,-0.00273891,-0.484769,1.06931,-0.000546394,-14.8237,-0.450378,0.0032853,-0.113245,0,0,-1.25323e-19,-0,0,-0.000347182,0,0,-0.563093,-0.618928,-0.00273891,-0.484769,1.06931,-0.000546394,-14.8237,-0.450378,0.0032853,-0.113245,0,0,-1.25323e-19,-0.0732156,-0.0728123,0.00254074,0.00255481,-0.000404508,5.3063e-21,0,0,True,True
0.525,-0,0,0.000354809,0,0,0.563093,-0.618942,-0.00279503,-0.484557,1.0693,-0.000557769,-14.8235,-0.450361,0.0033528,-0.11315,0,0,-1.27942e-19,-0,0,-0.000354809,0,0,-0.563093,-0.618942,-0.00279503,-0.484557,1.0693,-0.000557769,-14.8235,-0.450361,0.0033528,-0.11315,0,0,-1.27942e-19,-0.0731538,-0.0727509,0.00259295,0.00260731,-0.000410815,5.43224e-21,0,0,True,True
0.53,-0,0,0.000362542,0,0,0.563093,-0.618956,-0.00285237,-0.484342,1.0693,-0.000569401,-14.8233,-0.450345,0.00342177,-0.113058,0,0,-1.30618e-19,-0,0,-0.000362542,0,0,-0.563093,-0.618956,-0.00285237,-0.484342,1.0693,-0.000569401,-14.8233,-0.450345,0.00342177,-0.113058,0,0,-1.30618e-19,-0.0730945,-0.072692,0.0026463,0.00266095,-0.000417253,5.56063e-21,0,0,True,True
0.535,-0,0,0.000370385,0,0,0.563093,-0.61897,-0.00291096,-0.484123,1.0693,-0.000581291,-14.8231,-0.450327,0.00349225,-0.112971,0,0,-5.56445e-17,-0,0,-0.000370385,0,0,-0.563093,-0.61897,-0.00291096,-0.484123,1.0693,-0.000581291,-14.8231,-0.450327,0.00349225,-0.112971,0,0,5.53778e-17,-0.0730376,-0.0726354,0.00270081,0.00271576,-0.000423822,5.69151e-21,0,0,True,True
0.54,-0,0,0.000378342,0,0,0.563093,-0.618985,-0.0029708,-0.483902,1.06929,-0.000593445,-14.8229,-0.45031,0.00356425,-0.112887,0,0,-1.36149e-19,-0,0,-0.000378342,0,0,-0.563093,-0.618985,-0.0029708,-0.483902,1.06929,-0.000593445,-14.8229,-0.45031,0.00356425,-0.112887,0,0,-1.36149e-19,-0.0729832,-0.0725813,0.0027565,0.00277176,-0.000430527,5.82495e-21,0,0,True,True
0.545,-0,0,0.000386416,0,0,0.563093,-0.619,-0.00303192,-0.483678,1.06929,-0.000605867,-14.8227,-0.450292,0.00363779,-0.112806,0,0,-5.56502e-17,-0,0,-0.000386416,0,0,-0.563093,-0.619,-0.00303192,-0.483678,1.06929,-0.000605867,-14.8227,-0.450292,0.00363779,-0.112806,0,0,5.53721e-17,-0.0729311,-0.0725295,0.00281338,0.00282896,-0.00043737,5.96099e-21,0,0,True,True
0.55,-0,0,0.000394609,0,0,0.563093,-0.619015,-0.00309434,-0.48345,1.06929,-0.00061856,-14.8224,-0.450273,0.0037129,-0.11273,0,0,-5.56531e-17,-0,0,-0.000394609,0,0,-0.563093,-0.619015,-0.00309434,-0.48345,1.06929,-0.00061856,-14.8224,-0.450273,0.0037129,-0.11273,0,0,5.53692e-17,-0.0728814,-0.0724801,0.00287148,0.00288738,-0.000444355,6.0997e-21,0,0,True,True
0.555,-0,0,0.000402927,0,0,0.563093,-0.619031,-0.00315807,-0.483218,1.06929,-0.00063153,-14.8222,-0.450254,0.0037896,-0.112657,0,0,-5.56561e-17,-0,0,-0.000402927,0,0,-0.563093,-0.619031,-0.00315807,-0.483218,1.06929,-0.00063153,-14.8222,-0.450254,0.0037896,-0.112657,0,0,5.53662e-17,-0.072834,-0.072433,0.00293081,0.00294704,-0.000451483,6.24112e-21,0,0,True,True
0.56,-0,0,0.000411373,0,0,0.563093,-0.619047,-0.00322314,-0.482983,1.06928,-0.000644782,-14.822,-0.450235,0.00386792,-0.112588,0,0,-5.56591e-17,-0,0,-0.000411373,0,0,-0.563093,-0.619047,-0.00322314,-0.482983,1.06928,-0.000644782,-14.822,-0.450235,0.00386792,-0.112588,0,0,5.53632e-17,-0.0727889,-0.0723882,0.00299139,0.00300795,-0.000458759,6.38531e-21,0,0,True,True
0.565,-0,0,0.000419949,0,0,0.563093,-0.619063,-0.00328956,-0.482745,1.06928,-0.000658319,-14.8218,-0.450216,0.00394788,-0.112522,0,0,-5.56622e-17,-0,0,-0.000419949,0,0,-0.563093,-0.619063,-0.00328956,-0.482745,1.06928,-0.000658319,-14.8218,-0.450216,0.00394788,-0.112522,0,0,5.53601e-17,-0.0727461,-0.0723457,0.00305324,0.00307014,-0.000466184,6.53234e-21,0,0,True,True
0.57,-0,0,0.00042866,0,0,0.563093,-0.61908,-0.00335736,-0.482503,1.06928,-0.000672147,-14.8216,-0.450196,0.0040295,-0.11246,0,0,-5.56654e-17,-0,0,-0.00042866,0,0,-0.563093,-0.61908,-0.00335736,-0.482503,1.06928,-0.000672147,-14.8216,-0.450196,0.0040295,-0.11246,0,0,5.53569e-17,-0.0727056,-0.0723054,0.00311638,0.00313363,-0.000473763,6.68225e-21,0,0,True,True
0.575,-0,0,0.00043751,0,0,0.563093,-0.619097,-0.00342655,-0.482256,1.06927,-0.000686271,-14.8213,-0.450175,0.00411282,-0.112401,0,0,-1.57492e-19,-0,0,-0.00043751,0,0,-0.563093,-0.619097,-0.00342655,-0.482256,1.06927,-0.000686271,-14.8213,-0.450175,0.00411282,-0.112401,0,0,-1.57492e-19,-0.0726673,-0.0722673,0.00318083,0.00319843,-0.000481499,6.83512e-21,0,0,True,True
0.58,-0,0,0.000446502,0,0,0.563093,-0.619114,-0.00349717,-0.482006,1.06927,-0.000700696,-14.8211,-0.450155,0.00419786,-0.112345,0,0,-1.60809e-19,-0,0,-0.000446502,0,0,-0.563093,-0.619114,-0.00349717,-0.482006,1.06927,-0.000700696,-14.8211,-0.450155,0.00419786,-0.112345,0,0,-1.60809e-19,-0.0726312,-0.0722315,0.00324661,0.00326457,-0.000489394,6.99101e-21,0,0,True,True
0.585,-0,0,0.00045564,0,0,0.563093,-0.619132,-0.00356922,-0.481752,1.06927,-0.000715428,-14.8209,-0.450134,0.00428465,-0.112293,0,0,-5.56753e-17,-0,0,-0.00045564,0,0,-0.563093,-0.619132,-0.00356922,-0.481752,1.06927,-0.000715428,-14.8209,-0.450134,0.00428465,-0.112293,0,0,5.5347e-17,-0.0725973,-0.0721978,0.00331374,0.00333208,-0.000497453,7.14997e-21,0,0,True,True
0.59,-0,0,0.000464928,0,0,0.563093,-0.61915,-0.00364274,-0.481494,1.06926,-0.000730471,-14.8206,-0.450112,0.00437321,-0.112245,0,0,-1.67658e-19,-0,0,-0.000464928,0,0,-0.563093,-0.61915,-0.00364274,-0.481494,1.06926,-0.000730471,-14.8206,-0.450112,0.00437321,-0.112245,0,0,-1.67658e-19,-0.0725657,-0.0721663,0.00338225,0.00340096,-0.000505678,7.31207e-21,0,0,True,True
0.595,-0,0,0.000474369,0,0,0.563093,-0.619168,-0.00371775,-0.481231,1.06926,-0.000745832,-14.8204,-0.45009,0.00446359,-0.1122,0,0,-5.56823e-17,-0,0,-0.000474369,0,0,-0.563093,-0.619168,-0.00371775,-0.481231,1.06926,-0.000745832,-14.8204,-0.45009,0.00446359,-0.1122,0,0,5.534e-17,-0.0725361,-0.072137,0.00345216,0.00347126,-0.000514073,7.47738e-21,0,0,True,True
0.6,-0,0,0.000483969,0,0,0.563093,-0.619187,-0.00379428,-0.480964,1.06925,-0.000761517,-14.8202,-0.450067,0.0045558,-0.112158,0,0,-5.5686e-17,-0,0,-0.000483969,0,0,-0.563093,-0.619187,-0.00379428,-0.480964,1.06925,-0.000761517,-14.8202,-0.450067,0.0045558,-0.112158,0,0,5.53363e-17,-0.0725088,-0.0721098,0.00352349,0.00354298,-0.00052264,7.64597e-21,0,0,True,True
0.605,-0,0,0.00049373,0,0,0.563093,-0.619206,-0.00387234,-0.480693,1.06925,-0.000777531,-14.8199,-0.450044,0.00464987,-0.112119,0,0,-1.78488e-19,-0,0,-0.00049373,0,0,-0.563093,-0.619206,-0.00387234,-0.480693,1.06925,-0.000777531,-14.8199,-0.450044,0.00464987,-0.112119,0,0,-1.78488e-19,-0.0724835,-0.0720848,0.00359626,0.00361615,-0.000531385,7.8179e-21,0,0,True,True
0.61,-0,0,0.000503657,0,0,0.563093,-0.619226,-0.00395197,-0.480417,1.06925,-0.00079388,-14.8197,-0.450021,0.00474585,-0.112084,0,0,-5.56934e-17,-0,0,-0.000503657,0,0,-0.563093,-0.619226,-0.00395197,-0.480417,1.06925,-0.00079388,-14.8197,-0.450021,0.00474585,-0.112084,0,0,5.53289e-17,-0.0724604,-0.0720618,0.0036705,0.00369081,-0.00054031,7.99325e-21,0,0,True,True
0.615,-0,0,0.000513754,0,0,0.563093,-0.619246,-0.00403319,-0.480136,1.06924,-0.000810572,-14.8195,-0.449997,0.00484376,-0.112052,0,0,-5.56972e-17,-0,0,-0.000513754,0,0,-0.563093,-0.619246,-0.00403319,-0.480136,1.06924,-0.000810572,-14.8195,-0.449997,0.00484376,-0.112052,0,0,5.53251e-17,-0.0724394,-0.0720409,0.00374625,0.00376697,-0.000549419,8.17209e-21,0,0,True,True
0.62,-0,0,0.000524025,0,0,0.563093,-0.619266,-0.00411602,-0.47985,1.06924,-0.000827612,-14.8192,-0.449972,0.00494364,-0.112023,0,0,-5.57012e-17,-0,0,-0.000524025,0,0,-0.563093,-0.619266,-0.00411602,-0.47985,1.06924,-0.000827612,-14.8192,-0.449972,0.00494364,-0.112023,0,0,5.53211e-17,-0.0724204,-0.0720221,0.00382351,0.00384465,-0.000558716,8.35449e-21,0,0,True,True
0.625,-0,0,0.000534474,0,0,0.563093,-0.619287,-0.00420051,-0.479559,1.06923,-0.000845007,-14.819,-0.449947,0.00504551,-0.111997,0,0,-5.57052e-17,-0,0,-0.000534474,0,0,-0.563093,-0.619287,-0.00420051,-0.479559,1.06923,-0.000845007,-14.819,-0.449947,0.00504551,-0.111997,0,0,5.53171e-17,-0.0724035,-0.0720054,0.00390232,0.0039239,-0.000568204,8.54053e-21,0,0,True,True
0.63,-0,0,0.000545106,0,0,0.563093,-0.619308,-0.00428666,-0.479264,1.06923,-0.000862763,-14.8187,-0.449922,0.00514943,-0.111975,0,0,-1.98126e-19,-0,0,-0.000545106,0,0,-0.563093,-0.619308,-0.00428666,-0.479264,1.06923,-0.000862763,-14.8187,-0.449922,0.00514943,-0.111975,0,0,-1.98126e-19,-0.0723887,-0.0719906,0.0039827,0.00400473,-0.000577887,8.73028e-21,0,0,True,True
0.635,-0,0,0.000555925,0,0,0.563093,-0.61933,-0.00437452,-0.478963,1.06923,-0.000880889,-14.8184,-0.449896,0.00525541,-0.111955,0,0,-2.02306e-19,-0,0,-0.000555925,0,0,-0.563093,-0.61933,-0.00437452,-0.478963,1.06923,-0.000880889,-14.8184,-0.449896,0.00525541,-0.111955,0,0,-2.02306e-19,-0.0723759,-0.071978,0.00406469,0.00408717,-0.000587769,8.92382e-21,0,0,True,True
0.64,-0,0,0.000566936,0,0,0.563093,-0.619352,-0.00446411,-0.478656,1.06922,-0.000899391,-14.8182,-0.449869,0.0053635,-0.111939,0,0,-2.06574e-19,-0,0,-0.000566936,0,0,-0.563093,-0.619352,-0.00446411,-0.478656,1.06922,-0.000899391,-14.8182,-0.449869,0.0053635,-0.111939,0,0,-2.06574e-19,-0.0723652,-0.0719673,0.00414832,0.00417125,-0.000597855,9.12124e-21,0,0,True,True
0.645,-0,0,0.000578142,0,0,0.563093,-0.619374,-0.00455547,-0.478345,1.06922,-0.000918277,-14.8179,-0.449842,0.00547374,-0.111926,0,0,-2.10932e-19,-0,0,-0.000578142,0,0,-0.563093,-0.619374,-0.00455547,-0.478345,1.06922,-0.000918277,-14.8179,-0.449842,0.00547374,-0.111926,0,0,-2.10932e-19,-0.0723565,-0.0719587,0.0042336,0.004257,-0.000608147,9.3226e-21,0,0,True,True
0.65,-0,0,0.000589549,0,0,0.563093,-0.619397,-0.00464861,-0.478027,1.06921,-0.000937553,-14.8177,-0.449815,0.00558617,-0.111917,0,0,-2.15382e-19,-0,0,-0.000589549,0,0,-0.563093,-0.619397,-0.00464861,-0.478027,1.06921,-0.000937553,-14.8177,-0.449815,0.00558617,-0.111917,0,0,-2.15382e-19,-0.0723497,-0.071952,0.00432057,0.00434445,-0.000618651,9.52801e-21,0,0,True,True
0.655,-0,0,0.00060116,0,0,0.563093,-0.619421,-0.00474359,-0.477704,1.06921,-0.000957229,-14.8174,-0.449786,0.00570081,-0.11191,0,0,-5.57311e-17,-0,0,-0.00060116,0,0,-0.563093,-0.619421,-0.00474359,-0.477704,1.06921,-0.000957229,-14.8174,-0.449786,0.00570081,-0.11191,0,0,5.52912e-17,-0.072345,-0.0719474,0.00440927,0.00443364,-0.00062937,9.73754e-21,0,0,True,True
0.66,-0,0,0.000612982,0,0,0.563093,-0.619445,-0.00484042,-0.477376,1.0692,-0.000977311,-14.8171,-0.449758,0.00581773,-0.111906,0,0,-2.24565e-19,-0,0,-0.000612982,0,0,-0.563093,-0.619445,-0.00484042,-0.477376,1.0692,-0.000977311,-14.8171,-0.449758,0.00581773,-0.111906,0,0,-2.24565e-19,-0.0723423,-0.0719447,0.00449971,0.00452458,-0.000640308,9.95127e-21,0,0,True,True
0.665,-0,0,0.000625018,0,0,0.563093,-0.619469,-0.00493914,-0.477041,1.0692,-0.000997808,-14.8168,-0.449728,0.00593695,-0.111906,0,0,-2.29301e-19,-0,0,-0.000625018,0,0,-0.563093,-0.619469,-0.00493914,-0.477041,1.0692,-0.000997808,-14.8168,-0.449728,0.00593695,-0.111906,0,0,-2.29301e-19,-0.0723415,-0.071944,0.00459195,0.00461732,-0.000651471,1.01693e-20,0,0,True,True
0.67,-0,0,0.000637273,0,0,0.563093,-0.619494,-0.00503979,-0.4767,1.06919,-0.00101873,-14.8166,-0.449698,0.00605851,-0.111908,0,0,-5.57453e-17,-0,0,-0.000637273,0,0,-0.563093,-0.619494,-0.00503979,-0.4767,1.06919,-0.00101873,-14.8166,-0.449698,0.00605851,-0.111908,0,0,5.5277e-17,-0.0723428,-0.0719453,0.004686,0.00471189,-0.000662861,1.03917e-20,0,0,True,True
0.675,-0,0,0.000649753,0,0,0.563093,-0.61952,-0.00514239,-0.476353,1.06919,-0.00104008,-14.8163,-0.449668,0.00618247,-0.111914,0,0,-2.39074e-19,-0,0,-0.000649753,0,0,-0.563093,-0.61952,-0.00514239,-0.476353,1.06919,-0.00104008,-14.8163,-0.449668,0.00618247,-0.111914,0,0,-2.39074e-19,-0.072346,-0.0719485,0.0047819,0.00480832,-0.000674485,1.06186e-20,0,0,True,True
0.68,-0,0,0.000662461,0,0,0.563093,-0.619546,-0.00524699,-0.475999,1.06918,-0.00106188,-14.816,-0.449636,0.00630887,-0.111922,0,0,-5.57553e-17,-0,0,-0.000662461,0,0,-0.563093,-0.619546,-0.00524699,-0.475999,1.06918,-0.00106188,-14.816,-0.449636,0.00630887,-0.111922,0,0,5.5267e-17,-0.0723511,-0.0719537,0.00487969,0.00490664,-0.000686346,1.08501e-20,0,0,True,True
0.685,-0,0,0.000675405,0,0,0.563093,-0.619572,-0.00535362,-0.475639,1.06918,-0.00108412,-14.8157,-0.449604,0.00643775,-0.111934,0,0,-5.57604e-17,-0,0,-0.000675405,0,0,-0.563093,-0.619572,-0.00535362,-0.475639,1.06918,-0.00108412,-14.8157,-0.449604,0.00643775,-0.111934,0,0,5.52619e-17,-0.0723582,-0.0719608,0.0049794,0.0050069,-0.000698449,1.10863e-20,0,0,True,True
0.69,-0,0,0.000688587,0,0,0.563093,-0.619599,-0.00546232,-0.475273,1.06917,-0.00110683,-14.8154,-0.449572,0.00656915,-0.111948,0,0,-5.57657e-17,-0,0,-0.000688587,0,0,-0.563093,-0.619599,-0.00546232,-0.475273,1.06917,-0.00110683,-14.8154,-0.449572,0.00656915,-0.111948,0,0,5.52566e-17,-0.0723673,-0.0719698,0.00508107,0.00510913,-0.000710798,1.13272e-20,0,0,True,True
0.695,-0,0,0.000702014,0,0,0.563093,-0.619627,-0.00557313,-0.474899,1.06917,-0.00113,-14.8151,-0.449539,0.00670313,-0.111966,0,0,-2.59878e-19,-0,0,-0.000702014,0,0,-0.563093,-0.619627,-0.00557313,-0.474899,1.06917,-0.00113,-14.8151,-0.449539,0.00670313,-0.111966,0,0,-2.59878e-19,-0.0723783,-0.0719808,0.00518472,0.00521335,-0.000723399,1.1573e-20,0,0,True,True
0.7,-0,0,0.000715691,0,0,0.563093,-0.619655,-0.00568608,-0.474519,1.06916,-0.00115365,-14.8148,-0.449505,0.00683973,-0.111987,0,0,-5.57765e-17,-0,0,-0.000715691,0,0,-0.563093,-0.619655,-0.00568608,-0.474519,1.06916,-0.00115365,-14.8148,-0.449505,0.00683973,-0.111987,0,0,5.52458e-17,-0.0723912,-0.0719937,0.00529041,0.00531962,-0.000736257,1.18237e-20,0,0,True,True
0.705,-0,0,0.000729624,0,0,0.563093,-0.619684,-0.00580122,-0.474131,1.06915,-0.00117779,-14.8145,-0.44947,0.00697901,-0.11201,0,0,-5.57821e-17,-0,0,-0.000729624,0,0,-0.563093,-0.619684,-0.00580122,-0.474131,1.06915,-0.00117779,-14.8145,-0.44947,0.00697901,-0.11201,0,0,5.52402e-17,-0.0724062,-0.0720086,0.00539817,0.00542797,-0.000749376,1.20796e-20,0,0,True,True
0.71,-0,0,0.000743817,0,0,0.563093,-0.619713,-0.00591857,-0.473736,1.06915,-0.00120243,-14.8141,-0.449435,0.007121,-0.112037,0,0,-5.57878e-17,-0,0,-0.000743817,0,0,-0.563093,-0.619713,-0.00591857,-0.473736,1.06915,-0.00120243,-14.8141,-0.449435,0.007121,-0.112037,0,0,5.52345e-17,-0.072423,-0.0720254,0.00550804,0.00553844,-0.000762761,1.23406e-20,0,0,True,True
0.715,-0,0,0.000758276,0,0,0.563093,-0.619743,-0.0060382,-0.473334,1.06914,-0.00122758,-14.8138,-0.449399,0.00726577,-0.112067,0,0,-5.57936e-17,-0,0,-0.000758276,0,0,-0.563093,-0.619743,-0.0060382,-0.473334,1.06914,-0.00122758,-14.8138,-0.449399,0.00726577,-0.112067,0,0,5.52287e-17,-0.0724418,-0.0720442,0.00562005,0.00565107,-0.000776419,1.2607e-20,0,0,True,True
0.72,-0,0,0.000773007,0,0,0.563093,-0.619773,-0.00616013,-0.472924,1.06914,-0.00125325,-14.8135,-0.449362,0.00741337,-0.1121,0,0,-5.57996e-17,-0,0,-0.000773007,0,0,-0.563093,-0.619773,-0.00616013,-0.472924,1.06914,-0.00125325,-14.8135,-0.449362,0.00741337,-0.1121,0,0,5.52227e-17,-0.0724626,-0.0720649,0.00573426,0.0057659,-0.000790353,1.28787e-20,0,0,True,True
0.725,-0,0,0.000788016,0,0,0.563093,-0.619804,-0.0062844,-0.472507,1.06913,-0.00127945,-14.8132,-0.449325,0.00756385,-0.112136,0,0,-5.58056e-17,-0,0,-0.000788016,0,0,-0.563093,-0.619804,-0.0062844,-0.472507,1.06913,-0.00127945,-14.8132,-0.449325,0.00756385,-0.112136,0,0,5.52167e-17,-0.0724854,-0.0720876,0.00585069,0.00588297,-0.00080457,1.31559e-20,0,0,True,True
0.73,-0,0,0.000803308,0,0,0.563093,-0.619836,-0.00641108,-0.472081,1.06912,-0.00130619,-14.8128,-0.449287,0.00771727,-0.112175,0,0,-5.58118e-17,-0,0,-0.000803308,0,0,-0.563093,-0.619836,-0.00641108,-0.472081,1.06912,-0.00130619,-14.8128,-0.449287,0.00771727,-0.112175,0,0,5.52105e-17,-0.0725102,-0.0721123,0.0059694,0.00600233,-0.000819074,1.34388e-20,0,0,True,True
0.735,-0,0,0.000818888,0,0,0.563093,-0.619869,-0.00654018,-0.471648,1.06912,-0.00133349,-14.8125,-0.449248,0.00787368,-0.112217,0,0,-3.07026e-19,-0,0,-0.000818888,0,0,-0.563093,-0.619869,-0.00654018,-0.471648,1.06912,-0.00133349,-14.8125,-0.449248,0.00787368,-0.112217,0,0,-3.07026e-19,-0.072537,-0.072139,0.00609042,0.00612402,-0.000833872,1.37275e-20,0,0,True,True
0.74,-0,0,0.000834763,0,0,0.563093,-0.619902,-0.00667178,-0.471206,1.06911,-0.00136136,-14.8121,-0.449208,0.00803313,-0.112263,0,0,-5.58246e-17,-0,0,-0.000834763,0,0,-0.563093,-0.619902,-0.00667178,-0.471206,1.06911,-0.00136136,-14.8121,-0.449208,0.00803313,-0.112263,0,0,5.51977e-17,-0.0725658,-0.0721678,0.00621381,0.00624808,-0.00084897,1.4022e-20,0,0,True,True
0.745,-0,0,0.000850937,0,0,0.563093,-0.619935,-0.0068059,-0.470756,1.0691,-0.0013898,-14.8118,-0.449168,0.00819569,-0.112311,0,0,-5.58312e-17,-0,0,-0.000850937,0,0,-0.563093,-0.619935,-0.0068059,-0.470756,1.0691,-0.0013898,-14.8118,-0.449168,0.00819569,-0.112311,0,0,5.51911e-17,-0.0725968,-0.0721986,0.0063396,0.00637456,-0.000864372,1.43225e-20,0,0,True,True
0.75,-0,0,0.000867418,0,0,0.563093,-0.61997,-0.00694259,-0.470298,1.0691,-0.00141883,-14.8114,-0.449126,0.00836142,-0.112363,0,0,-5.5838e-17,-0,0,-0.000867418,0,0,-0.563093,-0.61997,-0.00694259,-0.470298,1.0691,-0.00141883,-14.8114,-0.449126,0.00836142,-0.112363,0,0,5.51843e-17,-0.0726299,-0.0722316,0.00646784,0.0065035,-0.000880085,1.46292e-20,0,0,True,True
0.755,-0,0,0.00088421,0,0,0.563093,-0.620005,-0.00708191,-0.46983,1.06909,-0.00144847,-14.811,-0.449084,0.00853038,-0.112419,0,0,-5.58448e-17,-0,0,-0.00088421,0,0,-0.563093,-0.620005,-0.00708191,-0.46983,1.06909,-0.00144847,-14.811,-0.449084,0.00853038,-0.112419,0,0,5.51775e-17,-0.0726652,-0.0722668,0.00659858,0.00663496,-0.000896115,1.49421e-20,0,0,True,True
0.76,-0,0,0.000901318,0,0,0.563093,-0.62004,-0.0072239,-0.469355,1.06908,-0.00147873,-14.8107,-0.449041,0.00870263,-0.112478,0,0,-5.58519e-17,-0,0,-0.000901318,0,0,-0.563093,-0.62004,-0.0072239,-0.469355,1.06908,-0.00147873,-14.8107,-0.449041,0.00870263,-0.112478,0,0,5.51704e-17,-0.0727029,-0.0723043,0.00673187,0.00676898,-0.000912468,1.52614e-20,0,0,True,True
0.765,-0,0,0.000918749,0,0,0.563093,-0.620077,-0.00736861,-0.46887,1.06907,-0.00150961,-14.8103,-0.448997,0.00887822,-0.112541,0,0,-5.5859e-17,-0,0,-0.000918749,0,0,-0.563093,-0.620077,-0.00736861,-0.46887,1.06907,-0.00150961,-14.8103,-0.448997,0.00887822,-0.112541,0,0,5.51633e-17,-0.0727429,-0.0723442,0.00686776,0.00690561,-0.000929151,1.55872e-20,0,0,True,True
0.77,-0,0,0.000936506,0,0,0.563093,-0.620114,-0.00751609,-0.468376,1.06907,-0.00154114,-14.8099,-0.448952,0.00905724,-0.112608,0,0,-3.55179e-19,-0,0,-0.000936506,0,0,-0.563093,-0.620114,-0.00751609,-0.468376,1.06907,-0.00154114,-14.8099,-0.448952,0.00905724,-0.112608,0,0,-3.55179e-19,-0.0727855,-0.0723867,0.00700629,0.00704489,-0.000946169,1.59196e-20,0,0,True,True
0.775,-0,0,0.000954596,0,0,0.563093,-0.620152,-0.0076664,-0.467872,1.06906,-0.00157333,-14.8095,-0.448906,0.00923973,-0.112679,0,0,-5.58738e-17,-0,0,-0.000954596,0,0,-0.563093,-0.620152,-0.0076664,-0.467872,1.06906,-0.00157333,-14.8095,-0.448906,0.00923973,-0.112679,0,0,5.51485e-17,-0.0728309,-0.0724318,0.00714751,0.00718689,-0.000963529,1.62589e-20,0,0,True,True
0.78,-0,0,0.000973021,0,0,0.563093,-0.620191,-0.00781957,-0.46736,1.06905,-0.00160619,-14.8091,-0.44886,0.00942576,-0.112754,0,0,-5.58814e-17,-0,0,-0.000973021,0,0,-0.563093,-0.620191,-0.00781957,-0.46736,1.06905,-0.00160619,-14.8091,-0.44886,0.00942576,-0.112754,0,0,5.51409e-17,-0.0728792,-0.0724799,0.00729148,0.00733165,-0.000981238,1.66051e-20,0,0,True,True
0.785,-0,0,0.000991786,0,0,0.563093,-0.62023,-0.00797568,-0.466838,1.06904,-0.00163974,-14.8087,-0.448812,0.00961541,-0.112835,0,0,-5.58892e-17,-0,0,-0.000991786,0,0,-0.563093,-0.62023,-0.00797568,-0.466838,1.06904,-0.00163974,-14.8087,-0.448812,0.00961541,-0.112835,0,0,5.51331e-17,-0.0729306,-0.0725312,0.00743825,0.00747922,-0.000999303,1.69584e-20,0,0,True,True
0.79,-0,0,0.00101089,0,0,0.563093,-0.620271,-0.00813476,-0.466306,1.06903,-0.00167399,-14.8083,-0.448764,0.00980874,-0.112921,0,0,-3.85982e-19,-0,0,-0.00101089,0,0,-0.563093,-0.620271,-0.00813476,-0.466306,1.06903,-0.00167399,-14.8083,-0.448764,0.00980874,-0.112921,0,0,-3.85982e-19,-0.0729856,-0.0725859,0.00758787,0.00762965,-0.00101773,1.73189e-20,0,0,True,True
0.795,-0,0,0.00103035,0,0,0.563093,-0.620312,-0.00829687,-0.465765,1.06903,-0.00170895,-14.8079,-0.448714,0.0100058,-0.113013,0,0,-5.59052e-17,-0,0,-0.00103035,0,0,-0.563093,-0.620312,-0.00829687,-0.465765,1.06903,-0.00170895,-14.8079,-0.448714,0.0100058,-0.113013,0,0,5.51171e-17,-0.0730445,-0.0726446,0.00774039,0.00778301,-0.00103653,1.76868e-20,0,0,True,True
0.8,-0,0,0.00105015,0,0,0.563093,-0.620354,-0.00846207,-0.465214,1.06902,-0.00174465,-14.8074,-0.448663,0.0102067,-0.113112,0,0,-4.02363e-19,-0,0,-0.00105015,0,0,-0.563093,-0.620354,-0.00846207,-0.465214,1.06902,-0.00174465,-14.8074,-0.448663,0.0102067,-0.113112,0,0,-4.02363e-19,-0.0731078,-0.0727076,0.00789587,0.00793933,-0.0010557,1.80623e-20,0,0,True,True
0.805,-0,0,0.00107029,0,0,0.563093,-0.620396,-0.0086304,-0.464653,1.06901,-0.00178109,-14.807,-0.448612,0.0104115,-0.113218,0,0,-5.5922e-17,-0,0,-0.00107029,0,0,-0.563093,-0.620396,-0.0086304,-0.464653,1.06901,-0.00178109,-14.807,-0.448612,0.0104115,-0.113218,0,0,5.51003e-17,-0.073176,-0.0727755,0.00805435,0.00809868,-0.00107526,1.84454e-20,0,0,True,True
0.81,-0,0,0.00109078,0,0,0.563093,-0.62044,-0.00880192,-0.464083,1.069,-0.0018183,-14.8066,-0.448559,0.0106202,-0.113334,0,0,-5.59306e-17,-0,0,-0.00109078,0,0,-0.563093,-0.62044,-0.00880192,-0.464083,1.069,-0.0018183,-14.8066,-0.448559,0.0106202,-0.113334,0,0,5.50917e-17,-0.0732499,-0.0728491,0.0082159,0.00826111,-0.0010952,1.88365e-20,0,0,True,True
0.815,-0,0,0.00111161,0,0,0.563093,-0.620484,-0.00897669,-0.463504,1.06899,-0.00185628,-14.8062,-0.448506,0.010833,-0.113459,0,0,-4.28237e-19,-0,0,-0.00111161,0,0,-0.563093,-0.620484,-0.00897669,-0.463504,1.06899,-0.00185628,-14.8062,-0.448506,0.010833,-0.113459,0,0,-4.28237e-19,-0.0733303,-0.0729291,0.00838056,0.00842667,-0.00111555,1.92355e-20,0,0,True,True
0.82,-0,0,0.00113278,0,0,0.563093,-0.62053,-0.00915475,-0.462915,1.06898,-0.00189506,-14.8057,-0.448451,0.0110498,-0.113596,0,0,-5.59484e-17,-0,0,-0.00113278,0,0,-0.563093,-0.62053,-0.00915475,-0.462915,1.06898,-0.00189506,-14.8057,-0.448451,0.0110498,-0.113596,0,0,5.50739e-17,-0.0734181,-0.0730165,0.00854839,0.00859541,-0.0011363,1.96428e-20,0,0,True,True
0.825,-0,0,0.00115428,0,0,0.563093,-0.620576,-0.00933615,-0.462317,1.06897,-0.00193464,-14.8053,-0.448395,0.0112708,-0.113746,0,0,-5.59575e-17,-0,0,-0.00115428,0,0,-0.563093,-0.620576,-0.00933615,-0.462317,1.06897,-0.00193464,-14.8053,-0.448395,0.0112708,-0.113746,0,0,5.50648e-17,-0.0735146,-0.0731125,0.00871944,0.00876739,-0.00115747,2.00584e-20,0,0,True,True
0.83,-0,0,0.0011761,0,0,0.563093,-0.620623,-0.00952095,-0.461709,1.06896,-0.00197506,-14.8048,-0.448338,0.011496,-0.113912,0,0,-4.5576e-19,-0,0,-0.0011761,0,0,-0.563093,-0.620623,-0.00952095,-0.461709,1.06896,-0.00197506,-14.8048,-0.448338,0.011496,-0.113912,0,0,-4.5576e-19,-0.073621,-0.0732184,0.00889376,0.00894266,-0.00117906,2.04825e-20,0,0,True,True
0.835,-0,0,0.00119823,0,0,0.563093,-0.620671,-0.00970919,-0.461094,1.06895,-0.00201631,-14.8044,-0.44828,0.0117255,-0.114096,0,0,-5.59765e-17,-0,0,-0.00119823,0,0,-0.563093,-0.620671,-0.00970919,-0.461094,1.06895,-0.00201631,-14.8044,-0.44828,0.0117255,-0.114096,0,0,5.50458e-17,-0.0737389,-0.0733357,0.00907139,0.00912126,-0.00120108,2.09154e-20,0,0,True,True
0.84,-0,0,0.00122065,0,0,0.563093,-0.62072,-0.00990091,-0.46047,1.06894,-0.00205842,-14.8039,-0.448221,0.0119593,-0.1143,0,0,-4.7529e-19,-0,0,-0.00122065,0,0,-0.563093,-0.62072,-0.00990091,-0.46047,1.06894,-0.00205842,-14.8039,-0.448221,0.0119593,-0.1143,0,0,-4.7529e-19,-0.0738699,-0.0734661,0.00925239,0.00930324,-0.00122353,2.13572e-20,0,0,True,True
0.845,-0,0,0.00124335,0,0,0.563093,-0.62077,-0.0100962,-0.459838,1.06893,-0.0021014,-14.8035,-0.448161,0.0121976,-0.114527,0,0,-5.59978e-17,-0,0,-0.00124335,0,0,-0.563093,-0.62077,-0.0100962,-0.459838,1.06893,-0.0021014,-14.8035,-0.448161,0.0121976,-0.114527,0,0,5.50245e-17,-0.074016,-0.0736115,0.0094368,0.00948866,-0.00124644,2.18081e-20,0,0,True,True
0.85,-0,0,0.00126631,0,0,0.563093,-0.620821,-0.010295,-0.459199,1.06892,-0.00214526,-14.803,-0.448099,0.0124403,-0.114781,0,0,-5.60113e-17,-0,0,-0.00126631,0,0,-0.563093,-0.620821,-0.010295,-0.459199,1.06892,-0.00214526,-14.803,-0.448099,0.0124403,-0.114781,0,0,5.5011e-17,-0.0741792,-0.0737739,0.00962466,0.00967754,-0.00126979,2.22682e-20,0,0,True,True
0.855,-0,0,0.00128951,0,0,0.563093,-0.620873,-0.0104974,-0.458554,1.06891,-0.00219002,-14.8026,-0.448036,0.0126874,-0.115064,0,0,-5.1431e-19,-0,0,-0.00128951,0,0,-0.563093,-0.620873,-0.0104974,-0.458554,1.06891,-0.00219002,-14.8026,-0.448036,0.0126874,-0.115064,0,0,-5.1431e-19,-0.0743614,-0.0739552,0.00981601,0.00986993,-0.00129361,2.2738e-20,0,0,True,True
0.86,-0,0,0.00131293,0,0,0.563093,-0.620926,-0.0107035,-0.457902,1.0689,-0.0022357,-14.8022,-0.447972,0.0129392,-0.11538,0,0,-5.60391e-17,-0,0,-0.00131293,0,0,-0.563093,-0.620926,-0.0107035,-0.457902,1.0689,-0.0022357,-14.8022,-0.447972,0.0129392,-0.11538,0,0,5.49832e-17,-0.0745647,-0.0741575,0.0100109,0.0100659,-0.00131791,2.32176e-20,0,0,True,True
0.865,-0,0,0.00133657,0,0,0.563093,-0.62098,-0.0109132,-0.457244,1.06889,-0.0022823,-14.8018,-0.447907,0.0131955,-0.115731,0,0,-5.60521e-17,-0,0,-0.00133657,0,0,-0.563093,-0.62098,-0.0109132,-0.457244,1.06889,-0.0022823,-14.8018,-0.447907,0.0131955,-0.115731,0,0,5.49702e-17,-0.0747906,-0.0743823,0.0102093,0.0102654,-0.00134268,2.37073e-20,0,0,True,True
0.87,-0,0,0.00136041,0,0,0.563093,-0.621035,-0.0111267,-0.456581,1.06888,-0.00232984,-14.8013,-0.44784,0.0134565,-0.116118,0,0,-5.60647e-17,-0,0,-0.00136041,0,0,-0.563093,-0.621035,-0.0111267,-0.456581,1.06888,-0.00232984,-14.8013,-0.44784,0.0134565,-0.116118,0,0,5.49576e-17,-0.0750402,-0.0746306,0.0104114,0.0104685,-0.00136794,2.42074e-20,0,0,True,True
0.875,-0,0,0.00138448,0,0,0.563093,-0.621091,-0.0113438,-0.455911,1.06886,-0.00237833,-14.8009,-0.447772,0.0137222,-0.116542,0,0,-5.6077e-17,-0,0,-0.00138448,0,0,-0.563093,-0.621091,-0.0113438,-0.455911,1.06886,-0.00237833,-14.8009,-0.447772,0.0137222,-0.116542,0,0,5.49453e-17,-0.0753134,-0.0749024,0.010617,0.0106753,-0.00139369,2.47181e-20,0,0,True,True
0.88,-0,0,0.00140879,0,0,0.563093,-0.621149,-0.0115648,-0.455235,1.06885,-0.00242779,-14.8005,-0.447703,0.0139925,-0.117,0,0,-5.60892e-17,-0,0,-0.00140879,0,0,-0.563093,-0.621149,-0.0115648,-0.455235,1.06885,-0.00242779,-14.8005,-0.447703,0.0139925,-0.117,0,0,5.49331e-17,-0.0756085,-0.075196,0.0108264,0.0108858,-0.00141996,2.52396e-20,0,0,True,True
0.885,-0,0,0.00143341,0,0,0.563093,-0.621207,-0.0117895,-0.454549,1.06884,-0.00247823,-14.8001,-0.447632,0.0142677,-0.117486,0,0,-5.61014e-17,-0,0,-0.00143341,0,0,-0.563093,-0.621207,-0.0117895,-0.454549,1.06884,-0.00247823,-14.8001,-0.447632,0.0142677,-0.117486,0,0,5.49209e-17,-0.0759215,-0.0755073,0.0110394,0.0111,-0.00144674,2.57722e-20,0,0,True,True
0.89,-0,0,0.00145846,0,0,0.563093,-0.621266,-0.0120181,-0.453852,1.06883,-0.00252967,-14.7997,-0.44756,0.0145477,-0.117987,0,0,-5.61136e-17,-0,0,-0.00145846,0,0,-0.563093,-0.621266,-0.0120181,-0.453852,1.06883,-0.00252967,-14.7997,-0.44756,0.0145477,-0.117987,0,0,5.49087e-17,-0.0762446,-0.0758288,0.0112562,0.0113179,-0.00147404,2.6316e-20,0,0,True,True
0.895,-0,0,0.00148412,0,0,0.563093,-0.621327,-0.0122506,-0.453138,1.06881,-0.00258214,-14.7993,-0.447487,0.0148327,-0.118486,0,0,-5.6126e-17,-0,0,-0.00148412,0,0,-0.563093,-0.621327,-0.0122506,-0.453138,1.06881,-0.00258214,-14.7993,-0.447487,0.0148327,-0.118486,0,0,5.48963e-17,-0.0765656,-0.0761481,0.0114769,0.0115398,-0.00150187,2.68715e-20,0,0,True,True
0.9,-0,0,0.00151064,0,0,0.563093,-0.621389,-0.0124871,-0.4524,1.0688,-0.00263566,-14.7989,-0.447412,0.0151228,-0.118951,0,0,-5.61385e-17,-0,0,-0.00151064,0,0,-0.563093,-0.621389,-0.0124871,-0.4524,1.0688,-0.00263566,-14.7989,-0.447412,0.0151228,-0.118951,0,0,5.48838e-17,-0.0768654,-0.0764464,0.0117015,0.0117656,-0.00153025,2.74386e-20,0,0,True,True
0.905,-0,0,0.00153841,0,0,0.563093,-0.621452,-0.0127279,-0.451627,1.06879,-0.00269029,-14.7984,-0.447336,0.0154182,-0.119342,0,0,-5.61512e-17,-0,0,-0.00153841,0,0,-0.563093,-0.621452,-0.0127279,-0.451627,1.06879,-0.00269029,-14.7984,-0.447336,0.0154182,-0.119342,0,0,5.48711e-17,-0.0771169,-0.0766966,0.0119302,0.0119955,-0.00155918,2.80178e-20,0,0,True,True
0.91,-0,0,0.00156794,0,0,0.563093,-0.621516,-0.0129731,-0.450805,1.06877,-0.00274607,-14.7978,-0.447258,0.0157191,-0.119599,0,0,-5.61641e-17,-0,0,-0.00156794,0,0,-0.563093,-0.621516,-0.0129731,-0.450805,1.06877,-0.00274607,-14.7978,-0.447258,0.0157191,-0.119599,0,0,5.48582e-17,-0.0772823,-0.0768613,0.0121632,0.0122298,-0.00158868,2.86092e-20,0,0,True,True
0.915,-0,0,0.00159991,0,0,0.563093,-0.621582,-0.013223,-0.449916,1.06876,-0.00280309,-14.797,-0.447178,0.0160261,-0.119646,0,0,-5.61772e-17,-0,0,-0.00159991,0,0,-0.563093,-0.621582,-0.013223,-0.449916,1.06876,-0.00280309,-14.797,-0.447178,0.0160261,-0.119646,0,0,5.48451e-17,-0.0773114,-0.0768904,0.0124009,0.0124688,-0.00161874,2.92132e-20,0,0,True,True
0.92,-0,0,0.00163521,0,0,0.563093,-0.621648,-0.0134781,-0.448933,1.06875,-0.00286145,-14.7961,-0.447098,0.0163395,-0.119382,0,0,-5.61906e-17,-0,0,-0.00163521,0,0,-0.563093,-0.621648,-0.0134781,-0.448933,1.06875,-0.00286145,-14.7961,-0.447098,0.0163395,-0.119382,0,0,5.48317e-17,-0.0771398,-0.0767198,0.0126436,0.0127128,-0.00164939,2.98299e-20,0,0,True,True
0.925,-0,0,0.00167492,0,0,0.563093,-0.621717,-0.013739,-0.447828,1.06873,-0.00292129,-14.795,-0.447015,0.0166603,-0.118686,0,0,-5.62043e-17,-0,0,-0.00167492,0,0,-0.563093,-0.621717,-0.013739,-0.447828,1.06873,-0.00292129,-14.795,-0.447015,0.0166603,-0.118686,0,0,5.4818e-17,-0.0766885,-0.0762711,0.012892,0.0129625,-0.00168064,3.04595e-20,0,0,True,True
0.93,-0,0,0.00172027,0,0,0.563093,-0.621786,-0.0140065,-0.446566,1.06872,-0.00298279,-14.7935,-0.446931,0.0169893,-0.117414,0,0,-7.07111e-19,-0,0,-0.00172027,0,0,-0.563093,-0.621786,-0.0140065,-0.446566,1.06872,-0.00298279,-14.7935,-0.446931,0.0169893,-0.117414,0,0,-7.07111e-19,-0.075866,-0.0754532,0.0131467,0.0132187,-0.0017125,3.11025e-20,0,0,True,True
0.935,-0,0,0.00177259,0,0,0.563093,-0.621857,-0.0142815,-0.445111,1.0687,-0.00304617,-14.7915,-0.446845,0.0173277,-0.115419,0,0,-5.62325e-17,-0,0,-0.00177259,0,0,-0.563093,-0.621857,-0.0142815,-0.445111,1.0687,-0.00304617,-14.7915,-0.446845,0.0173277,-0.115419,0,0,5.47898e-17,-0.0745756,-0.0741699,0.0134088,0.0134822,-0.00174499,3.1759e-20,0,0,True,True
0.94,-0,0,0.00183306,0,0,0.563093,-0.621929,-0.0145654,-0.443428,1.06869,-0.00311172,-14.7891,-0.446758,0.0176771,-0.112564,0,0,-5.62471e-17,-0,0,-0.00183306,0,0,-0.563093,-0.621929,-0.0145654,-0.443428,1.06869,-0.00311172,-14.7891,-0.446758,0.0176771,-0.112564,0,0,5.47752e-17,-0.0727301,-0.0723345,0.0136794,0.0137542,-0.00177813,3.24292e-20,0,0,True,True
0.945,-0,0,0.00190236,0,0,0.563093,-0.622002,-0.0148594,-0.4415,1.06867,-0.00317975,-14.7862,-0.446668,0.0180391,-0.108776,0,0,-5.62619e-17,-0,0,-0.00190236,0,0,-0.563093,-0.622002,-0.0148594,-0.4415,1.06867,-0.00317975,-14.7862,-0.446668,0.0180391,-0.108776,0,0,5.47604e-17,-0.0702816,-0.0698995,0.0139598,0.0140361,-0.00181194,3.31136e-20,0,0,True,True
0.95,-0,0,0.00197992,0,0,0.563093,-0.622077,-0.0151649,-0.439342,1.06865,-0.00325057,-14.7827,-0.446577,0.0184155,-0.104122,0,0,-5.62771e-17,-0,0,-0.00197992,0,0,-0.563093,-0.622077,-0.0151649,-0.439342,1.06865,-0.00325057,-14.7827,-0.446577,0.0184155,-0.104122,0,0,5.47452e-17,-0.0672733,-0.0669077,0.0142513,0.0143291,-0.00184644,3.38123e-20,0,0,True,True
0.955,-0,0,0.0020628,0,0,0.563093,-0.622154,-0.0154832,-0.437036,1.06864,-0.00332446,-14.779,-0.446484,0.0188077,-0.0989458,0,0,-5.62926e-17,-0,0,-0.0020628,0,0,-0.563093,-0.622154,-0.0154832,-0.437036,1.06864,-0.00332446,-14.779,-0.446484,0.0188077,-0.0989458,0,0,5.47297e-17,-0.0639279,-0.0635806,0.014555,0.0146345,-0.00188166,3.45257e-20,0,0,True,True
0.96,-0,0,0.00214367,0,0,0.563093,-0.622232,-0.0158148,-0.434785,1.06862,-0.00340156,-14.7754,-0.446389,0.0192164,-0.0940938,0,0,-5.63084e-17,-0,0,-0.00214367,0,0,-0.563093,-0.622232,-0.0158148,-0.434785,1.06862,-0.00340156,-14.7754,-0.446389,0.0192164,-0.0940938,0,0,5.47139e-17,-0.0607921,-0.0604619,0.0148715,0.0149527,-0.00191764,3.52541e-20,0,0,True,True
0.965,-0,0,0.00220774,0,0,0.563093,-0.622312,-0.0161584,-0.433003,1.0686,-0.00348165,-14.7729,-0.446292,0.0196401,-0.0912745,0,0,-8.13394e-19,-0,0,-0.00220774,0,0,-0.563093,-0.622312,-0.0161584,-0.433003,1.0686,-0.00348165,-14.7729,-0.446292,0.0196401,-0.0912745,0,0,-8.13394e-19,-0.0589696,-0.0586494,0.0151997,0.0152827,-0.00195441,3.59977e-20,0,0,True,True
0.97,-0,0,0.00222777,0,0,0.563093,-0.622394,-0.0165099,-0.432445,1.06859,-0.00356384,-14.7733,-0.446193,0.0200738,-0.0936254,0,0,-5.6341e-17,-0,0,-0.00222777,0,0,-0.563093,-0.622394,-0.0165099,-0.432445,1.06859,-0.00356384,-14.7733,-0.446193,0.0200738,-0.0936254,0,0,5.46813e-17,-0.0604874,-0.0601591,0.0155356,0.0156204,-0.00199198,3.67568e-20,0,0,True,True
0.975,-0,0,0.00215649,0,0,0.563093,-0.622477,-0.0168595,-0.434426,1.06857,-0.00364603,-14.7795,-0.446091,0.0205056,-0.106594,0,0,-5.63579e-17,-0,0,-0.00215649,0,0,-0.563093,-0.622477,-0.0168595,-0.434426,1.06857,-0.00364603,-14.7795,-0.446091,0.0205056,-0.106594,0,0,5.46644e-17,-0.0688647,-0.0684911,0.01587,0.0159566,-0.00203038,3.75319e-20,0,0,True,True
0.98,-0,0,0.00191477,0,0,0.563093,-0.622562,-0.017188,-0.441149,1.06855,-0.00372406,-14.7967,-0.445988,0.020912,-0.13929,0,0,-5.6375e-17,-0,0,-0.00191477,0,0,-0.563093,-0.622562,-0.017188,-0.441149,1.06855,-0.00372406,-14.7967,-0.445988,0.020912,-0.13929,0,0,5.46473e-17,-0.0899863,-0.0894983,0.0161849,0.0162732,-0.00206959,3.83232e-20,0,0,True,True
0.985,-0,0,0.00137386,0,0,0.563093,-0.622649,-0.0174604,-0.456194,1.06853,-0.00379033,-14.833,-0.445882,0.0212507,-0.206532,0,0,-5.63925e-17,-0,0,-0.00137386,0,0,-0.563093,-0.622649,-0.0174604,-0.456194,1.06853,-0.00379033,-14.833,-0.445882,0.0212507,-0.206532,0,0,5.46298e-17,-0.133424,-0.132701,0.0164473,0.016537,-0.00210951,3.91309e-20,0,0,True,True
0.99,-0,0,0.00034696,0,0,0.563093,-0.622737,-0.0176168,-0.484758,1.06851,-0.00383167,-14.9004,-0.445775,0.0214485,-0.32981,0,0,-5.64103e-17,-0,0,-0.00034696,0,0,-0.563093,-0.622737,-0.0176168,-0.484758,1.06851,-0.00383167,-14.9004,-0.445775,0.0214485,-0.32981,0,0,5.4612e-17,-0.213061,-0.211907,0.0166007,0.0166911,-0.00214999,3.99556e-20,0,0,True,True
0.995,-0,0,0.00052962,0,0,0.552029,-0.622825,-0.0175631,-0.484663,1.06849,-0.00382738,-14.572,-0.445668,0.0213905,-0.363222,0,0,-5.64284e-17,-0,0,-0.00052962,0,0,-0.552029,-0.622825,-0.0175631,-0.484663,1.06849,-0.00382738,-14.572,-0.445668,0.0213905,-0.363222,0,0,5.45939e-17,-0.234642,-0.23337,0.0165561,0.0166463,-0.00219066,4.07975e-20,0,0,True,True
1,-0,0,0.00390054,0,0,0.51884,-0.622913,-0.0251276,-0.405845,1.06847,0.009422,-13.4027,-0.445561,0.0157056,-0.127749,0,0,-9.35712e-19,-0,0,-0.00390054,0,0,-0.51884,-0.622913,-0.0251276,-0.405845,1.06847,0.009422,-13.4027,-0.445561,0.0157056,-0.127749,0,0,-9.35712e-19,-0.0825245,-0.0820776,0.0121562,0.0122224,-0.0022309,4.16569e-20,0,0,True,True
1.005,-0,0,0.00726381,0,0,0.485668,-0.623076,-0.0481885,-0.327206,1.06859,0.0490895,-12.2357,-0.445511,-0.000900973,0.108017,0,0,-9.54404e-19,-0,0,-0.00726381,0,0,-0.485668,-0.623076,-0.0481885,-0.327206,1.06859,0.0490895,-12.2357,-0.445511,-0.000900973,0.108017,0,0,-9.54404e-19,0.0697773,0.0693995,-0.000697367,-0.000701163,-0.00226987,4.25342e-20,0,0,True,True
1.01,-0,0,0.0074271,0,0,0.474655,-0.623394,-0.0788407,-0.327541,1.06896,0.101947,-11.9137,-0.44557,-0.023106,0.0751706,0,0,-9.73326e-19,-0,0,-0.0074271,0,0,-0.474655,-0.623394,-0.0788407,-0.327541,1.06896,0.101947,-11.9137,-0.44557,-0.023106,0.0751706,0,0,-9.73326e-19,0.0485593,0.0482964,-0.0178842,-0.0179816,-0.00230671,4.34298e-20,0,0,True,True
1.015,-0,0,0.00638067,0,0,0.47474,-0.623865,-0.109227,-0.356458,1.06961,0.154739,-11.9915,-0.445742,-0.0455119,-0.0466157,0,0,-5.65036e-17,-0,0,-0.00638067,0,0,-0.47474,-0.623865,-0.109227,-0.356458,1.06961,0.154739,-11.9915,-0.445742,-0.0455119,-0.0466157,0,0,5.45187e-17,-0.0301141,-0.0299509,-0.0352255,-0.0354174,-0.00234078,4.4344e-20,0,0,True,True
1.02,-0,0,0.00582719,0,0,0.47486,-0.624487,-0.139414,-0.371581,1.07051,0.20739,-12.0414,-0.446025,-0.0679753,-0.110427,0,0,-5.65228e-17,-0,0,-0.00582719,0,0,-0.47486,-0.624487,-0.139414,-0.371581,1.07051,0.20739,-12.0414,-0.446025,-0.0679753,-0.110427,0,0,5.44995e-17,-0.0713404,-0.0709535,-0.0526093,-0.0528962,-0.00237175,4.52772e-20,0,0,True,True
1.025,-0,0,0.00557181,0,0,0.475013,-0.625259,-0.169436,-0.37833,1.07168,0.259831,-12.0759,-0.446422,-0.090395,-0.138706,0,0,-1.03081e-18,-0,0,-0.00557181,0,0,-0.475013,-0.625259,-0.169436,-0.37833,1.07168,0.259831,-12.0759,-0.446422,-0.090395,-0.138706,0,0,-1.03081e-18,-0.0896159,-0.0891291,-0.0699561,-0.0703382,-0.00239946,4.62298e-20,0,0,True,True
1.03,-0,0,0.00547524,0,0,0.4752,-0.626181,-0.199298,-0.380582,1.07311,0.312001,-12.1039,-0.446929,-0.112703,-0.14751,0,0,-5.6561e-17,-0,0,-0.00547524,0,0,-0.4752,-0.626181,-0.199298,-0.380582,1.07311,0.312001,-12.1039,-0.446929,-0.112703,-0.14751,0,0,5.44613e-17,-0.0953122,-0.0947936,-0.087213,-0.0876901,-0.00242385,4.72021e-20,0,0,True,True
1.035,-0,0,0.00545393,0,0,0.475422,-0.627252,-0.22899,-0.380663,1.0748,0.363844,-12.1308,-0.447549,-0.134854,-0.146483,0,0,-5.65797e-17,-0,0,-0.00545393,0,0,-0.475422,-0.627252,-0.22899,-0.380663,1.0748,0.363844,-12.1308,-0.447549,-0.134854,-0.146483,0,0,5.44426e-17,-0.0946584,-0.0941422,-0.104343,-0.104915,-0.00244495,4.81945e-20,0,0,True,True
1.04,-0,0,0.00545966,0,0,0.475677,-0.628471,-0.258492,-0.379917,1.07675,0.415305,-12.1596,-0.448278,-0.156813,-0.141206,0,0,-5.65978e-17,-0,0,-0.00545966,0,0,-0.475677,-0.628471,-0.258492,-0.379917,1.07675,0.415305,-12.1596,-0.448278,-0.156813,-0.141206,0,0,5.44245e-17,-0.0912599,-0.0907609,-0.121318,-0.121985,-0.00246278,4.92074e-20,0,0,True,True
1.045,-0,0,0.00546603,0,0,0.475965,-0.629837,-0.28778,-0.379082,1.07895,0.466333,-12.1919,-0.449117,-0.178553,-0.134748,0,0,-1.10377e-18,-0,0,-0.00546603,0,0,-0.475965,-0.629837,-0.28778,-0.379082,1.07895,0.466333,-12.1919,-0.449117,-0.178553,-0.134748,0,0,-1.10377e-18,-0.0870986,-0.086621,-0.138117,-0.138879,-0.00247741,5.0241e-20,0,0,True,True
1.05,-0,0,0.00545987,0,0,0.476288,-0.631349,-0.316828,-0.378526,1.08141,0.516881,-12.2286,-0.450064,-0.200053,-0.12866,0,0,-1.11943e-18,-0,0,-0.00545987,0,0,-0.476288,-0.631349,-0.316828,-0.378526,1.08141,0.516881,-12.2286,-0.450064,-0.200053,-0.12866,0,0,-1.11943e-18,-0.0831775,-0.0827199,-0.154722,-0.155578,-0.0024889,5.12958e-20,0,0,True,True
1.055,-0,0,0.00543567,0,0,0.476643,-0.633005,-0.34561,-0.378407,1.08412,0.566901,-12.27,-0.451117,-0.221291,-0.123612,0,0,-5.66441e-17,-0,0,-0.00543567,0,0,-0.476643,-0.633005,-0.34561,-0.378407,1.08412,0.566901,-12.27,-0.451117,-0.221291,-0.123612,0,0,5.43782e-17,-0.0799287,-0.0794873,-0.171117,-0.172067,-0.00249731,5.2372e-20,0,0,True,True
1.06,-0,0,0.00539221,0,0,0.477032,-0.634805,-0.374098,-0.378762,1.08708,0.616347,-12.3161,-0.452276,-0.242249,-0.119781,0,0,-5.66547e-17,-0,0,-0.00539221,0,0,-0.477032,-0.634805,-0.374098,-0.378762,1.08708,0.616347,-12.3161,-0.452276,-0.242249,-0.119781,0,0,5.43676e-17,-0.0774671,-0.0770376,-0.187285,-0.188329,-0.0025027,5.34699e-20,0,0,True,True
1.065,-0,0,0.00533049,0,0,0.477455,-0.636746,-0.402268,-0.379567,1.09029,0.665178,-12.3669,-0.45354,-0.26291,-0.117093,0,0,-5.6661e-17,-0,0,-0.00533049,0,0,-0.477455,-0.636746,-0.402268,-0.379567,1.09029,0.665178,-12.3669,-0.45354,-0.26291,-0.117093,0,0,5.43613e-17,-0.0757454,-0.0753236,-0.203213,-0.204351,-0.00250513,5.45896e-20,0,0,True,True
1.07,-0,0,0.00525245,0,0,0.47791,-0.638828,-0.430095,-0.380773,1.09373,0.713351,-12.4222,-0.454906,-0.283256,-0.115364,0,0,-5.66616e-17,-0,0,-0.00525245,0,0,-0.47791,-0.638828,-0.430095,-0.380773,1.09373,0.713351,-12.4222,-0.454906,-0.283256,-0.115364,0,0,5.43607e-17,-0.0746446,-0.0742269,-0.218886,-0.220118,-0.00250466,5.57314e-20,0,0,True,True
1.075,-0,0,0.00516035,0,0,0.478398,-0.641047,-0.457558,-0.382321,1.09742,0.760828,-12.4817,-0.456372,-0.30327,-0.114377,0,0,-5.66542e-17,-0,0,-0.00516035,0,0,-0.478398,-0.641047,-0.457558,-0.382321,1.09742,0.760828,-12.4817,-0.456372,-0.30327,-0.114377,0,0,5.43681e-17,-0.0740254,-0.073609,-0.234292,-0.235617,-0.00250135,5.68952e-20,0,0,True,True
1.08,-0,0,0.00505635,0,0,0.478919,-0.643403,-0.484635,-0.384154,1.10134,0.807572,-12.5453,-0.457938,-0.322937,-0.113927,0,0,-5.6636e-17,-0,0,-0.00505635,0,0,-0.478919,-0.643403,-0.484635,-0.384154,1.10134,0.807572,-12.5453,-0.457938,-0.322937,-0.113927,0,0,5.43863e-17,-0.0737548,-0.0733377,-0.249416,-0.250835,-0.00249525,5.80809e-20,0,0,True,True
1.085,-0,0,0.00494239,0,0,0.479472,-0.645893,-0.511306,-0.386224,1.1055,0.853548,-12.6128,-0.459602,-0.342242,-0.113837,0,0,-5.6603e-17,-0,0,-0.00494239,0,0,-0.479472,-0.645893,-0.511306,-0.386224,1.1055,0.853548,-12.6128,-0.459602,-0.342242,-0.113837,0,0,5.44193e-17,-0.0737186,-0.0732992,-0.264248,-0.26576,-0.00248642,5.92881e-20,0,0,True,True
1.09,-0,0,0.00482011,0,0,0.480057,-0.648516,-0.537554,-0.38849,1.10988,0.898723,-12.6842,-0.461361,-0.361169,-0.113966,0,0,-5.655e-17,-0,0,-0.00482011,0,0,-0.480057,-0.648516,-0.537554,-0.38849,1.10988,0.898723,-12.6842,-0.461361,-0.361169,-0.113966,0,0,5.44723e-17,-0.0738248,-0.0734022,-0.278774,-0.280379,-0.00247492,6.05162e-20,0,0,True,True
1.095,-0,0,0.00469084,0,0,0.480675,-0.651269,-0.563362,-0.390918,1.11448,0.943068,-12.7591,-0.463213,-0.379706,-0.114203,0,0,-5.64699e-17,-0,0,-0.00469084,0,0,-0.480675,-0.651269,-0.563362,-0.390918,1.11448,0.943068,-12.7591,-0.463213,-0.379706,-0.114203,0,0,5.45524e-17,-0.0740037,-0.0735773,-0.292984,-0.294682,-0.00246081,6.17643e-20,0,0,True,True
1.1,-0,0,0.00455567,0,0,0.481324,-0.65415,-0.588714,-0.393483,1.11931,0.986553,-12.8376,-0.465158,-0.39784,-0.114473,0,0,-5.63533e-17,-0,0,-0.00455567,0,0,-0.481324,-0.65415,-0.588714,-0.393483,1.11931,0.986553,-12.8376,-0.465158,-0.39784,-0.114473,0,0,5.4669e-17,-0.0742048,-0.0737743,-0.306868,-0.308658,-0.00244415,6.30307e-20,0,0,True,True
1.105,-0,0,0.00441547,0,0,0.482005,-0.657156,-0.613596,-0.396165,1.12435,1.02915,-12.9195,-0.467192,-0.415558,-0.114722,0,0,-5.61874e-17,-0,0,-0.00441547,0,0,-0.482005,-0.657156,-0.613596,-0.396165,1.12435,1.02915,-12.9195,-0.467192,-0.415558,-0.114722,0,0,5.48349e-17,-0.0743937,-0.0739591,-0.320415,-0.322298,-0.002425,6.43132e-20,0,0,True,True
1.11,-0,0,0.00427094,0,0,0.482717,-0.660286,-0.637996,-0.39895,1.1296,1.07085,-13.0047,-0.469313,-0.43285,-0.114916,0,0,-5.59552e-17,-0,0,-0.00427094,0,0,-0.482717,-0.660286,-0.637996,-0.39895,1.1296,1.07085,-13.0047,-0.469313,-0.43285,-0.114916,0,0,5.50671e-17,-0.0745486,-0.0741098,-0.333618,-0.335594,-0.00240341,6.56087e-20,0,0,True,True
1.115,-0,0,0.00412265,0,0,0.48346,-0.663536,-0.661902,-0.401825,1.13506,1.11161,-13.0932,-0.47152,-0.449707,-0.115037,0,0,-1.22426e-19,-0,0,-0.00412265,0,0,-0.48346,-0.663536,-0.661902,-0.401825,1.13506,1.11161,-13.0932,-0.47152,-0.449707,-0.115037,0,0,-1.22426e-19,-0.0746571,-0.0742143,-0.346469,-0.348536,-0.00237947,6.69128e-20,0,0,True,True
1.12,-0,0,0.00397107,0,0,0.484234,-0.666905,-0.685304,-0.404782,1.14072,1.15142,-13.1847,-0.47381,-0.466118,-0.115075,0,0,-5.51917e-17,-0,0,-0.00397107,0,0,-0.484234,-0.666905,-0.685304,-0.404782,1.14072,1.15142,-13.1847,-0.47381,-0.466118,-0.115075,0,0,5.58306e-17,-0.0747138,-0.0742671,-0.35896,-0.361119,-0.00235322,6.82192e-20,0,0,True,True
1.125,-0,0,0.00381659,0,0,0.485038,-0.670389,-0.708193,-0.407815,1.14657,1.19027,-13.2793,-0.476181,-0.482077,-0.11503,0,0,-5.45882e-17,-0,0,-0.00381659,0,0,-0.485038,-0.670389,-0.708193,-0.407815,1.14657,1.19027,-13.2793,-0.476181,-0.482077,-0.11503,0,0,5.64342e-17,-0.0747179,-0.0742675,-0.371085,-0.373336,-0.00232474,6.95196e-20,0,0,True,True
1.13,-0,0,0.00365958,0,0,0.485872,-0.673987,-0.73056,-0.410916,1.15262,1.22814,-13.3769,-0.478631,-0.497577,-0.114906,0,0,-5.37671e-17,-0,0,-0.00365958,0,0,-0.485872,-0.673987,-0.73056,-0.410916,1.15262,1.22814,-13.3769,-0.478631,-0.497577,-0.114906,0,0,5.72552e-17,-0.0746718,-0.0742179,-0.382839,-0.385181,-0.00229408,7.08025e-20,0,0,True,True
1.135,-0,0,0.00350034,0,0,0.486736,-0.677695,-0.7524,-0.414081,1.15885,1.26501,-13.4774,-0.481157,-0.512611,-0.114709,0,0,-5.26538e-17,-0,0,-0.00350034,0,0,-0.486736,-0.677695,-0.7524,-0.414081,1.15885,1.26501,-13.4774,-0.481157,-0.512611,-0.114709,0,0,5.83685e-17,-0.0745799,-0.0741225,-0.394217,-0.39665,-0.00226133,7.20522e-20,0,0,True,True
1.14,-0,0,0.00333916,0,0,0.487629,-0.681511,-0.773705,-0.417305,1.16527,1.30088,-13.5806,-0.483757,-0.527175,-0.114449,0,0,4.36358e-18,-0,0,-0.00333916,0,0,-0.487629,-0.681511,-0.773705,-0.417305,1.16527,1.30088,-13.5806,-0.483757,-0.527175,-0.114449,0,0,4.36358e-18,-0.0744474,-0.0739868,-0.405215,-0.407738,-0.00222655,7.32473e-20,0,0,True,True
1.145,-0,0,0.00317633,0,0,0.488552,-0.685432,-0.794472,-0.420585,1.17186,1.33574,-13.6866,-0.486429,-0.541264,-0.114133,0,0,-4.91134e-17,-0,0,-0.00317633,0,0,-0.488552,-0.685432,-0.794472,-0.420585,1.17186,1.33574,-13.6866,-0.486429,-0.541264,-0.114133,0,0,6.19089e-17,-0.0742802,-0.0738163,-0.41583,-0.418444,-0.0021898,7.43593e-20,0,0,True,True
1.15,-0,0,0.0030121,0,0,0.489503,-0.689455,-0.814696,-0.423916,1.17863,1.36957,-13.7953,-0.48917,-0.554876,-0.11377,0,0,9.14136e-18,-0,0,-0.0030121,0,0,-0.489503,-0.689455,-0.814696,-0.423916,1.17863,1.36957,-13.7953,-0.48917,-0.554876,-0.11377,0,0,9.14136e-18,-0.0740839,-0.0736168,-0.42606,-0.428763,-0.00215115,7.53491e-20,0,0,True,True
1.155,-0,0,0.00284673,0,0,0.490483,-0.693579,-0.834374,-0.427295,1.18556,1.40238,-13.9065,-0.491978,-0.568007,-0.11337,0,0,1.28382e-17,-0,0,-0.00284673,0,0,-0.490483,-0.693579,-0.834374,-0.427295,1.18556,1.40238,-13.9065,-0.491978,-0.568007,-0.11337,0,0,1.28382e-17,-0.0738639,-0.0733936,-0.435902,-0.438695,-0.00211067,7.61645e-20,0,0,True,True
1.16,-0,0,0.00268047,0,0,0.49149,-0.697799,-0.853505,-0.430716,1.19265,1.43416,-14.0202,-0.49485,-0.580657,-0.112939,0,0,1.72203e-17,-0,0,-0.00268047,0,0,-0.49149,-0.697799,-0.853505,-0.430716,1.19265,1.43416,-14.0202,-0.49485,-0.580657,-0.112939,0,0,1.72203e-17,-0.0736251,-0.0731517,-0.445356,-0.448239,-0.00206843,7.67348e-20,0,0,True,True
1.165,-0,0,0.00251357,0,0,0.492525,-0.702114,-0.872087,-0.434177,1.1999,1.46491,-14.1363,-0.497784,-0.592823,-0.112485,0,0,-3.58576e-17,-0,0,-0.00251357,0,0,-0.492525,-0.702114,-0.872087,-0.434177,1.1999,1.46491,-14.1363,-0.497784,-0.592823,-0.112485,0,0,7.51647e-17,-0.0733718,-0.0728952,-0.454422,-0.457393,-0.0020245,7.6965e-20,0,0,True,True
1.17,-0,0,0.00234626,0,0,0.493588,-0.70652,-0.890119,-0.437672,1.2073,1.49463,-14.2548,-0.500778,-0.604507,-0.112013,0,0,1.77407e-17,-0,0,-0.00234626,0,0,-0.493588,-0.70652,-0.890119,-0.437672,1.2073,1.49463,-14.2548,-0.500778,-0.604507,-0.112013,0,0,1.77407e-17,-0.073108,-0.0726282,-0.463098,-0.466158,-0.00197894,7.67765e-20,0,0,True,True
1.175,-0,0,0.00217877,0,0,0.494677,-0.711015,-0.907602,-0.441198,1.21484,1.52331,-14.3756,-0.503829,-0.615708,-0.111528,0,0,1.34943e-17,-0,0,-0.00217877,0,0,-0.494677,-0.711015,-0.907602,-0.441198,1.21484,1.52331,-14.3756,-0.503829,-0.615708,-0.111528,0,0,1.34943e-17,-0.0728368,-0.0723537,-0.471386,-0.474534,-0.00193182,7.6248e-20,0,0,True,True
1.18,-0,0,0.00201132,0,0,0.495793,-0.715596,-0.924536,-0.444751,1.22253,1.55096,-14.4985,-0.506935,-0.626427,-0.111035,0,0,-4.58291e-17,-0,0,-0.00201132,0,0,-0.495793,-0.715596,-0.924536,-0.444751,1.22253,1.55096,-14.4985,-0.506935,-0.626427,-0.111035,0,0,6.51932e-17,-0.0725609,-0.0720745,-0.479288,-0.482522,-0.00188321,7.54744e-20,0,0,True,True
1.185,-0,0,0.00184415,0,0,0.496934,-0.72026,-0.940924,-0.448325,1.23035,1.57759,-14.6235,-0.510094,-0.636667,-0.110537,0,0,-4.87092e-17,-0,0,-0.00184415,0,0,-0.496934,-0.72026,-0.940924,-0.448325,1.23035,1.57759,-14.6235,-0.510094,-0.636667,-0.110537,0,0,6.23131e-17,-0.0722827,-0.0717929,-0.486804,-0.490125,-0.00183318,7.45264e-20,0,0,True,True
1.19,-0,0,0.00167745,0,0,0.498101,-0.725005,-0.956766,-0.451918,1.23831,1.60319,-14.7506,-0.513302,-0.646429,-0.110036,0,0,4.66214e-18,-0,0,-0.00167745,0,0,-0.498101,-0.725005,-0.956766,-0.451918,1.23831,1.60319,-14.7506,-0.513302,-0.646429,-0.110036,0,0,4.66214e-18,-0.0720039,-0.0715106,-0.493936,-0.497344,-0.00178178,7.34563e-20,0,0,True,True
1.195,-0,0,0.00151143,0,0,0.499293,-0.729828,-0.972066,-0.455525,1.24639,1.62778,-14.8796,-0.516558,-0.655715,-0.109536,0,0,-5.24343e-17,-0,0,-0.00151143,0,0,-0.499293,-0.729828,-0.972066,-0.455525,1.24639,1.62778,-14.8796,-0.516558,-0.655715,-0.109536,0,0,5.8588e-17,-0.071726,-0.0712291,-0.500688,-0.504182,-0.00172909,7.23031e-20,0,0,True,True
1.2,-0,0,0.00134629,0,0,0.50051,-0.734726,-0.986827,-0.459141,1.25458,1.65136,-15.0106,-0.519859,-0.66453,-0.109038,0,0,1.90453e-18,-0,0,-0.00134629,0,0,-0.50051,-0.734726,-0.986827,-0.459141,1.25458,1.65136,-15.0106,-0.519859,-0.66453,-0.109038,0,0,1.90453e-18,-0.0714501,-0.0709494,-0.507062,-0.510641,-0.00167516,7.10955e-20,0,0,True,True
1.205,-0,0,0.0011822,0,0,0.501751,-0.739696,-1.00105,-0.462763,1.2629,1.67393,-15.1433,-0.523203,-0.672876,-0.108543,0,0,1.03944e-18,-0,0,-0.0011822,0,0,-0.501751,-0.739696,-1.00105,-0.462763,1.2629,1.67393,-15.1433,-0.523203,-0.672876,-0.108543,0,0,1.03944e-18,-0.071177,-0.0706724,-0.513061,-0.516724,-0.00162007,6.98547e-20,0,0,True,True
1.21,-0,0,0.00101936,0,0,0.503015,-0.744736,-1.01474,-0.466387,1.27132,1.6955,-15.2778,-0.526588,-0.680757,-0.108053,0,0,4.02922e-19,-0,0,-0.00101936,0,0,-0.503015,-0.744736,-1.01474,-0.466387,1.27132,1.6955,-15.2778,-0.526588,-0.680757,-0.108053,0,0,4.02922e-19,-0.0709072,-0.0703987,-0.518689,-0.522436,-0.00156386,6.85965e-20,0,0,True,True
1.215,-0,0,0.000857913,0,0,0.504303,-0.749844,-1.02791,-0.470008,1.27985,1.71609,-15.4139,-0.530011,-0.688178,-0.107567,0,0,-5.55747e-17,-0,0,-0.000857913,0,0,-0.504303,-0.749844,-1.02791,-0.470008,1.27985,1.71609,-15.4139,-0.530011,-0.688178,-0.107567,0,0,5.54476e-17,-0.0706412,-0.0701287,-0.52395,-0.527779,-0.00150661,6.73323e-20,0,0,True,True
1.22,-0,0,0.000698033,0,0,0.505613,-0.755016,-1.04055,-0.473623,1.28849,1.73569,-15.5517,-0.53347,-0.695143,-0.107085,0,0,-5.59149e-17,-0,0,-0.000698033,0,0,-0.505613,-0.755016,-1.04055,-0.473623,1.28849,1.73569,-15.5517,-0.53347,-0.695143,-0.107085,0,0,5.51074e-17,-0.0703792,-0.0698625,-0.528848,-0.532759,-0.00144837,6.60707e-20,0,0,True,True
1.225,-0,0,0.000539866,0,0,0.506946,-0.760249,-1.05267,-0.477229,1.29721,1.75433,-15.6909,-0.536962,-0.701657,-0.10661,0,0,-6.49872e-19,-0,0,-0.000539866,0,0,-0.506946,-0.760249,-1.05267,-0.477229,1.29721,1.75433,-15.6909,-0.536962,-0.701657,-0.10661,0,0,-6.49872e-19,-0.0701213,-0.0696003,-0.533386,-0.537379,-0.00138919,6.48177e-20,0,0,True,True
1.23,-0,0,0.000383553,0,0,0.5083,-0.765542,-1.06428,-0.480822,1.30603,1.77201,-15.8317,-0.540486,-0.707725,-0.106139,0,0,-8.26246e-19,-0,0,-0.000383553,0,0,-0.5083,-0.765542,-1.06428,-0.480822,1.30603,1.77201,-15.8317,-0.540486,-0.707725,-0.106139,0,0,-8.26246e-19,-0.0698674,-0.069342,-0.537571,-0.541644,-0.00132915,6.35779e-20,0,0,True,True
1.235,-0,0,0.000229224,0,0,0.509675,-0.770892,-1.07538,-0.484397,1.31493,1.78874,-15.9738,-0.544039,-0.713352,-0.105674,0,0,-5.6462e-17,-0,0,-0.000229224,0,0,-0.509675,-0.770892,-1.07538,-0.484397,1.31493,1.78874,-15.9738,-0.544039,-0.713352,-0.105674,0,0,5.45603e-17,-0.0696174,-0.0690875,-0.541406,-0.545559,-0.00126828,6.23544e-20,0,0,True,True
1.24,-0,0,7.70042e-05,0,0,0.511071,-0.776296,-1.08598,-0.487953,1.32392,1.80453,-16.1172,-0.54762,-0.718545,-0.105213,0,0,-1.03695e-18,-0,0,-7.70042e-05,0,0,-0.511071,-0.776296,-1.08598,-0.487953,1.32392,1.80453,-16.1172,-0.54762,-0.718545,-0.105213,0,0,-1.03695e-18,-0.0693712,-0.0688367,-0.544897,-0.549128,-0.00120665,6.11494e-20,0,0,True,True
1.245,-0,0,-7.29927e-05,0,0,0.512487,-0.781752,-1.09608,-0.491485,1.33298,1.81939,-16.2619,-0.551225,-0.723308,-0.104757,0,0,-1.09463e-18,-0,0,7.29927e-05,0,0,-0.512487,-0.781752,-1.09608,-0.491485,1.33298,1.81939,-16.2619,-0.551225,-0.723308,-0.104757,0,0,-1.09463e-18,-0.0691286,-0.0685893,-0.548048,-0.552357,-0.00114432,5.99645e-20,0,0,True,True
1.25,-0,0,-0.00022066,0,0,0.513922,-0.787257,-1.10569,-0.49499,1.34211,1.83334,-16.4078,-0.554853,-0.727647,-0.104305,0,0,-5.66424e-17,-0,0,0.00022066,0,0,-0.513922,-0.787257,-1.10569,-0.49499,1.34211,1.83334,-16.4078,-0.554853,-0.727647,-0.104305,0,0,5.43799e-17,-0.0688892,-0.0683451,-0.550866,-0.555251,-0.00108133,5.88007e-20,0,0,True,True
1.255,-0,0,-0.000365897,0,0,0.515376,-0.792809,-1.11482,-0.498466,1.35131,1.84638,-16.5548,-0.558501,-0.731569,-0.103857,0,0,-5.66635e-17,-0,0,0.000365897,0,0,-0.515376,-0.792809,-1.11482,-0.498466,1.35131,1.84638,-16.5548,-0.558501,-0.731569,-0.103857,0,0,5.43588e-17,-0.0686528,-0.0681038,-0.553355,-0.557815,-0.00101773,5.76586e-20,0,0,True,True
1.26,-0,0,-0.000508614,0,0,0.516849,-0.798405,-1.12346,-0.501909,1.36057,1.85854,-16.7028,-0.562168,-0.73508,-0.103412,0,0,-5.66731e-17,-0,0,0.000508614,0,0,-0.516849,-0.798405,-1.12346,-0.501909,1.36057,1.85854,-16.7028,-0.562168,-0.73508,-0.103412,0,0,5.43492e-17,-0.0684191,-0.067865,-0.55552,-0.560055,-0.000953573,5.65387e-20,0,0,True,True
1.265,-0,0,-0.000648726,0,0,0.518339,-0.804043,-1.13162,-0.505317,1.3699,1.86981,-16.8519,-0.565852,-0.738185,-0.102971,0,0,-1.16326e-18,-0,0,0.000648726,0,0,-0.518339,-0.804043,-1.13162,-0.505317,1.3699,1.86981,-16.8519,-0.565852,-0.738185,-0.102971,0,0,-1.16326e-18,-0.0681877,-0.0676286,-0.557369,-0.561977,-0.000888912,5.5441e-20,0,0,True,True
1.27,-0,0,-0.000786155,0,0,0.519847,-0.809721,-1.13932,-0.508687,1.37927,1.88022,-17.0018,-0.56955,-0.740892,-0.102531,0,0,-5.66696e-17,-0,0,0.000786155,0,0,-0.519847,-0.809721,-1.13932,-0.508687,1.37927,1.88022,-17.0018,-0.56955,-0.740892,-0.102531,0,0,5.43527e-17,-0.0679585,-0.0673942,-0.558905,-0.563585,-0.000823792,5.43655e-20,0,0,True,True
1.275,-0,0,-0.000920829,0,0,0.521372,-0.815437,-1.14656,-0.512016,1.3887,1.88977,-17.1526,-0.573261,-0.743206,-0.102094,0,0,-5.66603e-17,-0,0,0.000920829,0,0,-0.521372,-0.815437,-1.14656,-0.512016,1.3887,1.88977,-17.1526,-0.573261,-0.743206,-0.102094,0,0,5.4362e-17,-0.067731,-0.0671615,-0.560136,-0.564886,-0.000758259,5.33122e-20,0,0,True,True
1.28,-0,0,-0.00105268,0,0,0.522912,-0.821187,-1.15334,-0.515302,1.39817,1.89847,-17.3043,-0.576982,-0.745135,-0.101659,0,0,-5.66479e-17,-0,0,0.00105268,0,0,-0.522912,-0.821187,-1.15334,-0.515302,1.39817,1.89847,-17.3043,-0.576982,-0.745135,-0.101659,0,0,5.43744e-17,-0.0675052,-0.0669303,-0.561066,-0.565885,-0.000692358,5.22809e-20,0,0,True,True
1.285,-0,0,-0.00118166,0,0,0.524468,-0.82697,-1.15966,-0.518542,1.40768,1.90635,-17.4566,-0.580712,-0.746684,-0.101225,0,0,-5.66332e-17,-0,0,0.00118166,0,0,-0.524468,-0.82697,-1.15966,-0.518542,1.40768,1.90635,-17.4566,-0.580712,-0.746684,-0.101225,0,0,5.43891e-17,-0.0672805,-0.0667002,-0.561702,-0.566589,-0.000626133,5.12713e-20,0,0,True,True
1.29,-0,0,-0.0013077,0,0,0.526039,-0.832784,-1.16554,-0.521735,1.41723,1.9134,-17.6096,-0.584449,-0.74786,-0.100793,0,0,-5.6617e-17,-0,0,0.0013077,0,0,-0.526039,-0.832784,-1.16554,-0.521735,1.41723,1.9134,-17.6096,-0.584449,-0.74786,-0.100793,0,0,5.44053e-17,-0.067057,-0.0664712,-0.562049,-0.567003,-0.000559626,5.02831e-20,0,0,True,True
1.295,-0,0,-0.00143076,0,0,0.527625,-0.838625,-1.17098,-0.524877,1.42682,1.91965,-17.7633,-0.588191,-0.74867,-0.100361,0,0,-1.08853e-18,-0,0,0.00143076,0,0,-0.527625,-0.838625,-1.17098,-0.524877,1.42682,1.91965,-17.7633,-0.588191,-0.74867,-0.100361,0,0,-1.08853e-18,-0.0668343,-0.066243,-0.562114,-0.567132,-0.000492878,4.9316e-20,0,0,True,True
1.3,-0,0,-0.0015508,0,0,0.529223,-0.844493,-1.17599,-0.527967,1.43643,1.92511,-17.9174,-0.591936,-0.74912,-0.0999297,0,0,-5.65818e-17,-0,0,0.0015508,0,0,-0.529223,-0.844493,-1.17599,-0.527967,1.43643,1.92511,-17.9174,-0.591936,-0.74912,-0.0999297,0,0,5.44405e-17,-0.0666123,-0.0660154,-0.561903,-0.566984,-0.000425931,4.83697e-20,0,0,True,True
1.305,-0,0,-0.00166777,0,0,0.530835,-0.850385,-1.18056,-0.531003,1.44607,1.92978,-18.0721,-0.595682,-0.749217,-0.0994991,0,0,-1.0523e-18,-0,0,0.00166777,0,0,-0.530835,-0.850385,-1.18056,-0.531003,1.44607,1.92978,-18.0721,-0.595682,-0.749217,-0.0994991,0,0,-1.0523e-18,-0.0663909,-0.0657883,-0.561421,-0.566563,-0.000358823,4.74438e-20,0,0,True,True
1.31,-0,0,-0.00178164,0,0,0.53246,-0.856299,-1.18472,-0.533982,1.45573,1.93368,-18.2272,-0.599428,-0.748968,-0.099069,0,0,-5.6545e-17,-0,0,0.00178164,0,0,-0.53246,-0.856299,-1.18472,-0.533982,1.45573,1.93368,-18.2272,-0.599428,-0.748968,-0.099069,0,0,5.44773e-17,-0.0661699,-0.0655617,-0.560674,-0.565875,-0.000291592,4.6538e-20,0,0,True,True
1.315,-0,0,-0.00189237,0,0,0.534096,-0.862232,-1.18845,-0.536903,1.4654,1.93683,-18.3827,-0.603172,-0.748378,-0.0986392,0,0,-5.65265e-17,-0,0,0.00189237,0,0,-0.534096,-0.862232,-1.18845,-0.536903,1.4654,1.93683,-18.3827,-0.603172,-0.748378,-0.0986392,0,0,5.44958e-17,-0.0659493,-0.0653353,-0.559668,-0.564927,-0.000224275,4.56519e-20,0,0,True,True
1.32,-0,0,-0.00199995,0,0,0.535743,-0.868184,-1.19177,-0.539764,1.4751,1.93922,-18.5385,-0.606912,-0.747456,-0.0982098,0,0,-5.65081e-17,-0,0,0.00199995,0,0,-0.535743,-0.868184,-1.19177,-0.539764,1.4751,1.93922,-18.5385,-0.606912,-0.747456,-0.0982098,0,0,5.45142e-17,-0.0657291,-0.0651093,-0.558409,-0.563725,-0.000156908,4.47852e-20,0,0,True,True
1.325,-0,0,-0.00210435,0,0,0.537401,-0.87415,-1.19467,-0.542563,1.4848,1.94088,-18.6945,-0.610646,-0.746206,-0.0977807,0,0,-9.78666e-19,-0,0,0.00210435,0,0,-0.537401,-0.87415,-1.19467,-0.542563,1.4848,1.94088,-18.6945,-0.610646,-0.746206,-0.0977807,0,0,-9.78666e-19,-0.0655091,-0.0648835,-0.556904,-0.562274,-8.95246e-05,4.39375e-20,0,0,True,True
1.33,-0,0,-0.00220554,0,0,0.539069,-0.88013,-1.19718,-0.545299,1.4945,1.94182,-18.8507,-0.614374,-0.744637,-0.0973521,0,0,-5.64718e-17,-0,0,0.00220554,0,0,-0.539069,-0.88013,-1.19718,-0.545299,1.4945,1.94182,-18.8507,-0.614374,-0.744637,-0.0973521,0,0,5.45505e-17,-0.0652896,-0.0646581,-0.555158,-0.56058,-2.21593e-05,4.31085e-20,0,0,True,True
1.335,-0,0,-0.00230351,0,0,0.540746,-0.886122,-1.19928,-0.547969,1.50421,1.94204,-19.0071,-0.618093,-0.742754,-0.0969242,0,0,-5.64541e-17,-0,0,0.00230351,0,0,-0.540746,-0.886122,-1.19928,-0.547969,1.50421,1.94204,-19.0071,-0.618093,-0.742754,-0.0969242,0,0,5.45682e-17,-0.0650704,-0.064433,-0.553176,-0.558648,4.51557e-05,4.22978e-20,0,0,True,True
1.34,-0,0,-0.00239824,0,0,0.542432,-0.892123,-1.20099,-0.550573,1.51392,1.94156,-19.1635,-0.621802,-0.740564,-0.0964969,0,0,-5.64366e-17,-0,0,0.00239824,0,0,-0.542432,-0.892123,-1.20099,-0.550573,1.51392,1.94156,-19.1635,-0.621802,-0.740564,-0.0964969,0,0,5.45857e-17,-0.0648517,-0.0642084,-0.550966,-0.556486,0.000112389,4.15051e-20,0,0,True,True
1.345,-0,0,-0.00248973,0,0,0.544126,-0.898132,-1.20231,-0.553108,1.52363,1.94039,-19.3199,-0.625498,-0.738074,-0.0960707,0,0,-5.64195e-17,-0,0,0.00248973,0,0,-0.544126,-0.898132,-1.20231,-0.553108,1.52363,1.94039,-19.3199,-0.625498,-0.738074,-0.0960707,0,0,5.46028e-17,-0.0646337,-0.0639844,-0.548532,-0.554098,0.00017951,4.07301e-20,0,0,True,True
1.35,-0,0,-0.00257796,0,0,0.545827,-0.904146,-1.20325,-0.555574,1.53333,1.93854,-19.4763,-0.629182,-0.73529,-0.0956458,0,0,-5.64027e-17,-0,0,0.00257796,0,0,-0.545827,-0.904146,-1.20325,-0.555574,1.53333,1.93854,-19.4763,-0.629182,-0.73529,-0.0956458,0,0,5.46196e-17,-0.0644164,-0.0637611,-0.545881,-0.551491,0.000246489,3.99724e-20,0,0,True,True
1.355,-0,0,-0.00266292,0,0,0.547534,-0.910164,-1.2038,-0.557969,1.54302,1.93601,-19.6326,-0.632851,-0.732218,-0.0952225,0,0,-5.63862e-17,-0,0,0.00266292,0,0,-0.547534,-0.910164,-1.2038,-0.557969,1.54302,1.93601,-19.6326,-0.632851,-0.732218,-0.0952225,0,0,5.46361e-17,-0.0642001,-0.0635388,-0.543018,-0.54867,0.000313298,3.92317e-20,0,0,True,True
1.36,-0,0,-0.00274462,0,0,0.549248,-0.916184,-1.20397,-0.560291,1.55269,1.93283,-19.7888,-0.636504,-0.728866,-0.094801,0,0,-5.63701e-17,-0,0,0.00274462,0,0,-0.549248,-0.916184,-1.20397,-0.560291,1.55269,1.93283,-19.7888,-0.636504,-0.728866,-0.094801,0,0,5.46522e-17,-0.0639849,-0.0633175,-0.539949,-0.54564,0.000379909,3.85076e-20,0,0,True,True
1.365,-0,0,-0.00282304,0,0,0.550967,-0.922204,-1.20377,-0.56254,1.56234,1.929,-19.9448,-0.64014,-0.725239,-0.0943819,0,0,-8.43143e-19,-0,0,0.00282304,0,0,-0.550967,-0.922204,-1.20377,-0.56254,1.56234,1.929,-19.9448,-0.64014,-0.725239,-0.0943819,0,0,-8.43143e-19,-0.0637711,-0.0630977,-0.536681,-0.542409,0.000446296,3.78e-20,0,0,True,True
1.37,-0,0,-0.00289819,0,0,0.552691,-0.928222,-1.20319,-0.564714,1.57198,1.92454,-20.1005,-0.643757,-0.721344,-0.0939655,0,0,-5.63389e-17,-0,0,0.00289819,0,0,-0.552691,-0.928222,-1.20319,-0.564714,1.57198,1.92454,-20.1005,-0.643757,-0.721344,-0.0939655,0,0,5.46834e-17,-0.0635589,-0.0628794,-0.533218,-0.53898,0.000512432,3.71085e-20,0,0,True,True
1.375,-0,0,-0.00297006,0,0,0.554418,-0.934236,-1.20225,-0.566811,1.58159,1.91944,-20.2558,-0.647353,-0.717187,-0.0935522,0,0,-5.63238e-17,-0,0,0.00297006,0,0,-0.554418,-0.934236,-1.20225,-0.566811,1.58159,1.91944,-20.2558,-0.647353,-0.717187,-0.0935522,0,0,5.46985e-17,-0.0633486,-0.0626629,-0.529566,-0.53536,0.000578293,3.64327e-20,0,0,True,True
1.38,-0,0,-0.00303866,0,0,0.556149,-0.940244,-1.20094,-0.568832,1.59117,1.91372,-20.4108,-0.650929,-0.712776,-0.0931426,0,0,-5.6309e-17,-0,0,0.00303866,0,0,-0.556149,-0.940244,-1.20094,-0.568832,1.59117,1.91372,-20.4108,-0.650929,-0.712776,-0.0931426,0,0,5.47133e-17,-0.0631404,-0.0624486,-0.525731,-0.531555,0.000643854,3.57724e-20,0,0,True,True
1.385,-0,0,-0.003104,0,0,0.557883,-0.946245,-1.19928,-0.570774,1.60073,1.90739,-20.5654,-0.654481,-0.708115,-0.092737,0,0,-5.62946e-17,-0,0,0.003104,0,0,-0.557883,-0.946245,-1.19928,-0.570774,1.60073,1.90739,-20.5654,-0.654481,-0.708115,-0.092737,0,0,5.47277e-17,-0.0629348,-0.0622368,-0.521719,-0.52757,0.000709093,3.51274e-20,0,0,True,True
1.39,-0,0,-0.00316608,0,0,0.559619,-0.952237,-1.19725,-0.572637,1.61025,1.90046,-20.7195,-0.65801,-0.703212,-0.0923361,0,0,-7.69318e-19,-0,0,0.00316608,0,0,-0.559619,-0.952237,-1.19725,-0.572637,1.61025,1.90046,-20.7195,-0.65801,-0.703212,-0.0923361,0,0,-7.69318e-19,-0.0627319,-0.0620278,-0.517535,-0.52341,0.000773988,3.44973e-20,0,0,True,True
1.395,-0,0,-0.0032249,0,0,0.561356,-0.958218,-1.19487,-0.57442,1.61973,1.89294,-20.873,-0.661513,-0.698074,-0.0919403,0,0,-5.62667e-17,-0,0,0.0032249,0,0,-0.561356,-0.958218,-1.19487,-0.57442,1.61973,1.89294,-20.873,-0.661513,-0.698074,-0.0919403,0,0,5.47556e-17,-0.0625322,-0.0618219,-0.513184,-0.519081,0.000838515,3.38819e-20,0,0,True,True
1.4,-0,0,-0.00328047,0,0,0.563093,-0.964186,-1.19213,-0.576121,1.62918,1.88484,-21.026,-0.664991,-0.692705,-0.0915503,0,0,-7.42091e-19,-0,0,0.00328047,0,0,-0.563093,-0.964186,-1.19213,-0.576121,1.62918,1.88484,-21.026,-0.664991,-0.692705,-0.0915503,0,0,-7.42091e-19,-0.062336,-0.0616194,-0.508673,-0.514589,0.000902655,3.32809e-20,0,0,True,True
1.405,-0,0,-0.00333281,0,0,0.564831,-0.970139,-1.18905,-0.577741,1.63858,1.87616,-21.1783,-0.66844,-0.687113,-0.0911665,0,0,-5.62401e-17,-0,0,0.00333281,0,0,-0.564831,-0.970139,-1.18905,-0.577741,1.63858,1.87616,-21.1783,-0.66844,-0.687113,-0.0911665,0,0,5.47822e-17,-0.0621437,-0.0614208,-0.504007,-0.509939,0.000966387,3.26941e-20,0,0,True,True
1.41,-0,0,-0.00338193,0,0,0.566568,-0.976076,-1.18562,-0.579277,1.64794,1.86692,-21.33,-0.671862,-0.681304,-0.0907895,0,0,-5.62273e-17,-0,0,0.00338193,0,0,-0.566568,-0.976076,-1.18562,-0.579277,1.64794,1.86692,-21.33,-0.671862,-0.681304,-0.0907895,0,0,5.4795e-17,-0.0619555,-0.0612264,-0.499191,-0.505136,0.00102969,3.21211e-20,0,0,True,True
1.415,-0,0,-0.00342783,0,0,0.568304,-0.981995,-1.18184,-0.58073,1.65725,1.85713,-21.4809,-0.675253,-0.675284,-0.0904199,0,0,-5.62148e-17,-0,0,0.00342783,0,0,-0.568304,-0.981995,-1.18184,-0.58073,1.65725,1.85713,-21.4809,-0.675253,-0.675284,-0.0904199,0,0,5.48076e-17,-0.061772,-0.0610365,-0.49423,-0.500185,0.00109255,3.15619e-20,0,0,True,True
1.42,-0,0,-0.00347054,0,0,0.570038,-0.987895,-1.17772,-0.582099,1.66651,1.84678,-21.631,-0.678615,-0.669059,-0.0900584,0,0,-5.62025e-17,-0,0,0.00347054,0,0,-0.570038,-0.987895,-1.17772,-0.582099,1.66651,1.84678,-21.631,-0.678615,-0.669059,-0.0900584,0,0,5.48198e-17,-0.0615934,-0.0608516,-0.48913,-0.495093,0.00115494,3.1016e-20,0,0,True,True
1.425,-0,0,-0.00351006,0,0,0.571769,-0.993773,-1.17326,-0.583383,1.67572,1.8359,-21.7802,-0.681944,-0.662636,-0.0897053,0,0,-6.79446e-19,-0,0,0.00351006,0,0,-0.571769,-0.993773,-1.17326,-0.583383,1.67572,1.8359,-21.7802,-0.681944,-0.662636,-0.0897053,0,0,-6.79446e-19,-0.0614202,-0.0606719,-0.483896,-0.489864,0.00121686,3.04834e-20,0,0,True,True
1.43,-0,0,-0.00354642,0,0,0.573496,-0.999627,-1.16846,-0.584581,1.68487,1.82448,-21.9286,-0.685241,-0.656022,-0.0893614,0,0,-6.67806e-19,-0,0,0.00354642,0,0,-0.573496,-0.999627,-1.16846,-0.584581,1.68487,1.82448,-21.9286,-0.685241,-0.656022,-0.0893614,0,0,-6.67806e-19,-0.0612528,-0.060498,-0.478534,-0.484504,0.00127827,2.99637e-20,0,0,True,True
1.435,-0,0,-0.00357963,0,0,0.57522,-1.00546,-1.16332,-0.585693,1.69396,1.81254,-22.076,-0.688504,-0.649221,-0.0890272,0,0,-6.56451e-19,-0,0,0.00357963,0,0,-0.57522,-1.00546,-1.16332,-0.585693,1.69396,1.81254,-22.076,-0.688504,-0.649221,-0.0890272,0,0,-6.56451e-19,-0.0610914,-0.0603302,-0.473048,-0.479017,0.00133917,2.94567e-20,0,0,True,True
1.44,-0,0,-0.00360971,0,0,0.576939,-1.01126,-1.15785,-0.586719,1.70299,1.80009,-22.2224,-0.691733,-0.642241,-0.0887033,0,0,-6.45376e-19,-0,0,0.00360971,0,0,-0.576939,-1.01126,-1.15785,-0.586719,1.70299,1.80009,-22.2224,-0.691733,-0.642241,-0.0887033,0,0,-6.45376e-19,-0.0609366,-0.0601688,-0.467444,-0.473409,0.00139954,2.89623e-20,0,0,True,True
1.445,-0,0,-0.00363668,0,0,0.578653,-1.01704,-1.15204,-0.587657,1.71196,1.78713,-22.3678,-0.694927,-0.635088,-0.0883903,0,0,-5.61457e-17,-0,0,0.00363668,0,0,-0.578653,-1.01704,-1.15204,-0.587657,1.71196,1.78713,-22.3678,-0.694927,-0.635088,-0.0883903,0,0,5.48766e-17,-0.0607887,-0.0600143,-0.461727,-0.467685,0.00145936,2.84802e-20,0,0,True,True
1.45,-0,0,-0.00366056,0,0,0.58036,-1.02278,-1.1459,-0.588508,1.72087,1.77367,-22.5121,-0.698084,-0.627767,-0.0880886,0,0,-6.24048e-19,-0,0,0.00366056,0,0,-0.58036,-1.02278,-1.1459,-0.588508,1.72087,1.77367,-22.5121,-0.698084,-0.627767,-0.0880886,0,0,-6.24048e-19,-0.060648,-0.0598669,-0.455903,-0.46185,0.00151863,2.80102e-20,0,0,True,True
1.455,-0,0,-0.00368138,0,0,0.582061,-1.02849,-1.13943,-0.589272,1.7297,1.75972,-22.6552,-0.701204,-0.620286,-0.0877989,0,0,-5.61249e-17,-0,0,0.00368138,0,0,-0.582061,-1.02849,-1.13943,-0.589272,1.7297,1.75972,-22.6552,-0.701204,-0.620286,-0.0877989,0,0,5.48974e-17,-0.0605149,-0.0597271,-0.449975,-0.45591,0.00157732,2.75521e-20,0,0,True,True
1.46,-0,0,-0.00369916,0,0,0.583755,-1.03418,-1.13263,-0.589948,1.73846,1.74528,-22.7972,-0.704287,-0.61265,-0.0875216,0,0,-5.61149e-17,-0,0,0.00369916,0,0,-0.583755,-1.03418,-1.13263,-0.589948,1.73846,1.74528,-22.7972,-0.704287,-0.61265,-0.0875216,0,0,5.49074e-17,-0.0603897,-0.0595952,-0.44395,-0.449869,0.00163542,2.71057e-20,0,0,True,True
1.465,-0,0,-0.00371393,0,0,0.585441,-1.03982,-1.1255,-0.590536,1.74715,1.73037,-22.9379,-0.707331,-0.604865,-0.0872572,0,0,-5.61052e-17,-0,0,0.00371393,0,0,-0.585441,-1.03982,-1.1255,-0.590536,1.74715,1.73037,-22.9379,-0.707331,-0.604865,-0.0872572,0,0,5.49171e-17,-0.0602729,-0.0594716,-0.437832,-0.443732,0.00169292,2.66708e-20,0,0,True,True
1.47,-0,0,-0.00372572,0,0,0.587118,-1.04543,-1.11804,-0.591035,1.75577,1.71498,-23.0774,-0.710335,-0.596938,-0.0870062,0,0,-5.60957e-17,-0,0,0.00372572,0,0,-0.587118,-1.04543,-1.11804,-0.591035,1.75577,1.71498,-23.0774,-0.710335,-0.596938,-0.0870062,0,0,5.49266e-17,-0.0601647,-0.0593565,-0.431626,-0.437503,0.00174981,2.62473e-20,0,0,True,True
1.475,-0,0,-0.00373455,0,0,0.588786,-1.051,-1.11026,-0.591447,1.7643,1.69913,-23.2155,-0.7133,-0.588875,-0.0867691,0,0,-5.60865e-17,-0,0,0.00373455,0,0,-0.588786,-1.051,-1.11026,-0.591447,1.7643,1.69913,-23.2155,-0.7133,-0.588875,-0.0867691,0,0,5.49358e-17,-0.0600654,-0.0592503,-0.425338,-0.431189,0.00180607,2.58349e-20,0,0,True,True
1.48,-0,0,-0.00374047,0,0,0.590444,-1.05653,-1.10215,-0.591771,1.77276,1.68283,-23.3523,-0.716224,-0.580682,-0.0865464,0,0,-5.66323e-19,-0,0,0.00374047,0,0,-0.590444,-1.05653,-1.10215,-0.591771,1.77276,1.68283,-23.3523,-0.716224,-0.580682,-0.0865464,0,0,-5.66323e-19,-0.0599754,-0.0591532,-0.418971,-0.424794,0.00186169,2.54335e-20,0,0,True,True
1.485,-0,0,-0.0037435,0,0,0.592091,-1.06202,-1.09371,-0.592008,1.78113,1.66608,-23.4877,-0.719107,-0.572364,-0.0863386,0,0,-5.57571e-19,-0,0,0.0037435,0,0,-0.592091,-1.06202,-1.09371,-0.592008,1.78113,1.66608,-23.4877,-0.719107,-0.572364,-0.0863386,0,0,-5.57571e-19,-0.0598952,-0.0590659,-0.41253,-0.418322,0.00191667,2.50429e-20,0,0,True,True
1.49,-0,0,-0.00374368,0,0,0.593727,-1.06747,-1.08496,-0.592157,1.78942,1.64889,-23.6216,-0.721948,-0.563929,-0.0861464,0,0,-5.49057e-19,-0,0,0.00374368,0,0,-0.593727,-1.06747,-1.08496,-0.592157,1.78942,1.64889,-23.6216,-0.721948,-0.563929,-0.0861464,0,0,-5.49057e-19,-0.059825,-0.0589885,-0.406021,-0.411779,0.00197098,2.46629e-20,0,0,True,True
1.495,-0,0,-0.00374106,0,0,0.595352,-1.07287,-1.07588,-0.592219,1.79762,1.63126,-23.7541,-0.724746,-0.555382,-0.08597,0,0,-5.60519e-17,-0,0,0.00374106,0,0,-0.595352,-1.07287,-1.07588,-0.592219,1.79762,1.63126,-23.7541,-0.724746,-0.555382,-0.08597,0,0,5.49704e-17,-0.0597652,-0.0589214,-0.399448,-0.405168,0.00202462,2.42934e-20,0,0,True,True
1.5,-0,0,-0.00373566,0,0,0.596963,-1.07823,-1.06647,-0.592195,1.80573,1.6132,-23.885,-0.727502,-0.546728,-0.0858097,0,0,-5.60439e-17,-0,0,0.00373566,0,0,-0.596963,-1.07823,-1.06647,-0.592195,1.80573,1.6132,-23.885,-0.727502,-0.546728,-0.0858097,0,0,5.49784e-17,-0.0597159,-0.0588647,-0.392815,-0.398495,0.00207759,2.39343e-20,0,0,True,True
1.505,-0,0,-0.00372754,0,0,0.598562,-1.08354,-1.05675,-0.592086,1.81375,1.59473,-24.0144,-0.730214,-0.537975,-0.0856658,0,0,-5.24908e-19,-0,0,0.00372754,0,0,-0.598562,-1.08354,-1.05675,-0.592086,1.81375,1.59473,-24.0144,-0.730214,-0.537975,-0.0856658,0,0,-5.24908e-19,-0.0596773,-0.0588186,-0.386127,-0.391764,0.00212986,2.35853e-20,0,0,True,True
1.51,-0,0,-0.00371674,0,0,0.600148,-1.0888,-1.04671,-0.591891,1.82168,1.57584,-24.1421,-0.732881,-0.529128,-0.0855385,0,0,-5.17311e-19,-0,0,0.00371674,0,0,-0.600148,-1.0888,-1.04671,-0.591891,1.82168,1.57584,-24.1421,-0.732881,-0.529128,-0.0855385,0,0,-5.17311e-19,-0.0596495,-0.0587833,-0.379389,-0.38498,0.00218143,2.32463e-20,0,0,True,True
1.515,-0,0,-0.00370331,0,0,0.601719,-1.094,-1.03634,-0.591612,1.82951,1.55654,-24.2683,-0.735505,-0.520193,-0.085428,0,0,-5.09934e-19,-0,0,0.00370331,0,0,-0.601719,-1.094,-1.03634,-0.591612,1.82951,1.55654,-24.2683,-0.735505,-0.520193,-0.085428,0,0,-5.09934e-19,-0.0596328,-0.0587589,-0.372605,-0.378147,0.00223229,2.29172e-20,0,0,True,True
1.52,-0,0,-0.00368729,0,0,0.603275,-1.09916,-1.02566,-0.59125,1.83724,1.53684,-24.3927,-0.738083,-0.511176,-0.0853345,0,0,-5.60139e-17,-0,0,0.00368729,0,0,-0.603275,-1.09916,-1.02566,-0.59125,1.83724,1.53684,-24.3927,-0.738083,-0.511176,-0.0853345,0,0,5.50084e-17,-0.0596273,-0.0587456,-0.36578,-0.371269,0.00228243,2.25978e-20,0,0,True,True
1.525,-0,0,-0.00366875,0,0,0.604815,-1.10426,-1.01466,-0.590806,1.84488,1.51675,-24.5154,-0.740617,-0.502082,-0.0852582,0,0,-4.95831e-19,-0,0,0.00366875,0,0,-0.604815,-1.10426,-1.01466,-0.590806,1.84488,1.51675,-24.5154,-0.740617,-0.502082,-0.0852582,0,0,-4.95831e-19,-0.0596331,-0.0587435,-0.358916,-0.364351,0.00233185,2.2288e-20,0,0,True,True
1.53,-0,0,-0.00364773,0,0,0.60634,-1.10931,-1.00335,-0.59028,1.85241,1.49626,-24.6364,-0.743104,-0.492917,-0.0851992,0,0,-5.60002e-17,-0,0,0.00364773,0,0,-0.60634,-1.10931,-1.00335,-0.59028,1.85241,1.49626,-24.6364,-0.743104,-0.492917,-0.0851992,0,0,5.50221e-17,-0.0596502,-0.0587527,-0.35202,-0.357397,0.00238053,2.19877e-20,0,0,True,True
1.535,-0,0,-0.0036243,0,0,0.607847,-1.11429,-0.991715,-0.589676,1.85984,1.4754,-24.7556,-0.745546,-0.483688,-0.0851575,0,0,-5.59937e-17,-0,0,0.0036243,0,0,-0.607847,-1.11429,-0.991715,-0.589676,1.85984,1.4754,-24.7556,-0.745546,-0.483688,-0.0851575,0,0,5.50286e-17,-0.0596788,-0.0587732,-0.345094,-0.350412,0.00242846,2.16967e-20,0,0,True,True
1.54,-0,0,-0.00359853,0,0,0.609338,-1.11922,-0.979768,-0.588993,1.86716,1.45417,-24.873,-0.747941,-0.474399,-0.0851333,0,0,-5.59874e-17,-0,0,0.00359853,0,0,-0.609338,-1.11922,-0.979768,-0.588993,1.86716,1.45417,-24.873,-0.747941,-0.474399,-0.0851333,0,0,5.50349e-17,-0.0597189,-0.0588051,-0.338143,-0.343398,0.00247564,2.1415e-20,0,0,True,True
1.545,-0,0,-0.00357046,0,0,0.610811,-1.12409,-0.967506,-0.588234,1.87438,1.43256,-24.9886,-0.75029,-0.465056,-0.0851266,0,0,-5.59813e-17,-0,0,0.00357046,0,0,-0.610811,-1.12409,-0.967506,-0.588234,1.87438,1.43256,-24.9886,-0.75029,-0.465056,-0.0851266,0,0,5.5041e-17,-0.0597706,-0.0588485,-0.331171,-0.33636,0.00252206,2.11423e-20,0,0,True,True
1.55,-0,0,-0.00354019,0,0,0.612265,-1.1289,-0.954932,-0.5874,1.88149,1.4106,-25.1022,-0.752592,-0.455664,-0.0851372,0,0,-5.59754e-17,-0,0,0.00354019,0,0,-0.612265,-1.1289,-0.954932,-0.5874,1.88149,1.4106,-25.1022,-0.752592,-0.455664,-0.0851372,0,0,5.50469e-17,-0.0598337,-0.0589032,-0.324182,-0.329303,0.00256771,2.08786e-20,0,0,True,True
1.555,-0,0,-0.00350777,0,0,0.6137,-1.13364,-0.942046,-0.586493,1.88849,1.38828,-25.214,-0.754846,-0.44623,-0.0851651,0,0,-5.59697e-17,-0,0,0.00350777,0,0,-0.6137,-1.13364,-0.942046,-0.586493,1.88849,1.38828,-25.214,-0.754846,-0.44623,-0.0851651,0,0,5.50526e-17,-0.0599082,-0.0589692,-0.317179,-0.32223,0.00261259,2.06237e-20,0,0,True,True
1.56,-0,0,-0.00347328,0,0,0.615116,-1.13832,-0.928849,-0.585515,1.89537,1.36561,-25.3238,-0.757054,-0.436758,-0.0852102,0,0,-4.52986e-19,-0,0,0.00347328,0,0,-0.615116,-1.13832,-0.928849,-0.585515,1.89537,1.36561,-25.3238,-0.757054,-0.436758,-0.0852102,0,0,-4.52986e-19,-0.0599941,-0.0590465,-0.310166,-0.315144,0.00265668,2.03776e-20,0,0,True,True
1.565,-0,0,-0.00343681,0,0,0.616512,-1.14293,-0.915343,-0.584469,1.90214,1.3426,-25.4317,-0.759214,-0.427253,-0.0852724,0,0,-5.59588e-17,-0,0,0.00343681,0,0,-0.616512,-1.14293,-0.915343,-0.584469,1.90214,1.3426,-25.4317,-0.759214,-0.427253,-0.0852724,0,0,5.50635e-17,-0.0600912,-0.0591349,-0.303147,-0.308049,0.00269999,2.01402e-20,0,0,True,True
1.57,-0,0,-0.00339844,0,0,0.617887,-1.14747,-0.901529,-0.583357,1.9088,1.31925,-25.5376,-0.761326,-0.417721,-0.0853512,0,0,-5.59537e-17,-0,0,0.00339844,0,0,-0.617887,-1.14747,-0.901529,-0.583357,1.9088,1.31925,-25.5376,-0.761326,-0.417721,-0.0853512,0,0,5.50686e-17,-0.0601994,-0.0592343,-0.296124,-0.300949,0.00274249,1.99112e-20,0,0,True,True
1.575,-0,0,-0.00335825,0,0,0.619241,-1.15195,-0.887409,-0.582181,1.91534,1.29557,-25.6415,-0.763391,-0.408166,-0.0854466,0,0,-5.59487e-17,-0,0,0.00335825,0,0,-0.619241,-1.15195,-0.887409,-0.582181,1.91534,1.29557,-25.6415,-0.763391,-0.408166,-0.0854466,0,0,5.50736e-17,-0.0603185,-0.0593445,-0.289102,-0.293847,0.00278419,1.96908e-20,0,0,True,True
1.58,-0,0,-0.00331634,0,0,0.620574,-1.15635,-0.872984,-0.580944,1.92175,1.27158,-25.7433,-0.765408,-0.398593,-0.0855582,0,0,-5.5944e-17,-0,0,0.00331634,0,0,-0.620574,-1.15635,-0.872984,-0.580944,1.92175,1.27158,-25.7433,-0.765408,-0.398593,-0.0855582,0,0,5.50783e-17,-0.0604483,-0.0594652,-0.282083,-0.286746,0.00282509,1.94787e-20,0,0,True,True
1.585,-0,0,-0.00327279,0,0,0.621884,-1.16068,-0.858257,-0.579649,1.92805,1.24726,-25.8431,-0.767377,-0.389007,-0.0856855,0,0,-5.59394e-17,-0,0,0.00327279,0,0,-0.621884,-1.16068,-0.858257,-0.579649,1.92805,1.24726,-25.8431,-0.767377,-0.389007,-0.0856855,0,0,5.50829e-17,-0.0605884,-0.0595963,-0.275071,-0.279651,0.00286516,1.92748e-20,0,0,True,True
1.59,-0,0,-0.00322771,0,0,0.623172,-1.16493,-0.843229,-0.578299,1.93423,1.22264,-25.9408,-0.769298,-0.379412,-0.0858283,0,0,-5.5935e-17,-0,0,0.00322771,0,0,-0.623172,-1.16493,-0.843229,-0.578299,1.93423,1.22264,-25.9408,-0.769298,-0.379412,-0.0858283,0,0,5.50873e-17,-0.0607386,-0.0597374,-0.268069,-0.272562,0.00290441,1.90792e-20,0,0,True,True
1.595,-0,0,-0.0031812,0,0,0.624436,-1.16911,-0.827903,-0.576896,1.94028,1.19772,-26.0364,-0.771171,-0.369814,-0.0859859,0,0,-4.1962e-19,-0,0,0.0031812,0,0,-0.624436,-1.16911,-0.827903,-0.576896,1.94028,1.19772,-26.0364,-0.771171,-0.369814,-0.0859859,0,0,-4.1962e-19,-0.0608987,-0.0598882,-0.261079,-0.265485,0.00294284,1.88916e-20,0,0,True,True
1.6,-0,0,-0.00313337,0,0,0.625677,-1.17321,-0.81228,-0.575445,1.9462,1.1725,-26.1299,-0.772996,-0.360215,-0.0861579,0,0,-5.59267e-17,-0,0,0.00313337,0,0,-0.625677,-1.17321,-0.81228,-0.575445,1.9462,1.1725,-26.1299,-0.772996,-0.360215,-0.0861579,0,0,5.50956e-17,-0.0610681,-0.0600483,-0.254105,-0.25842,0.00298042,1.8712e-20,0,0,True,True
1.605,-0,0,-0.00308431,0,0,0.626894,-1.17723,-0.796364,-0.573948,1.952,1.14698,-26.2212,-0.774773,-0.35062,-0.0863437,0,0,-4.11725e-19,-0,0,0.00308431,0,0,-0.626894,-1.17723,-0.796364,-0.573948,1.952,1.14698,-26.2212,-0.774773,-0.35062,-0.0863437,0,0,-4.11725e-19,-0.0612464,-0.0602173,-0.247148,-0.251372,0.00301717,1.85404e-20,0,0,True,True
1.61,-0,0,-0.00303415,0,0,0.628086,-1.18117,-0.780157,-0.57241,1.95767,1.12119,-26.3104,-0.776503,-0.341034,-0.0865426,0,0,-4.08041e-19,-0,0,0.00303415,0,0,-0.628086,-1.18117,-0.780157,-0.57241,1.95767,1.12119,-26.3104,-0.776503,-0.341034,-0.0865426,0,0,-4.08041e-19,-0.0614333,-0.0603948,-0.240211,-0.244342,0.00305307,1.83766e-20,0,0,True,True
1.615,-0,0,-0.00298299,0,0,0.629253,-1.18503,-0.763662,-0.570833,1.96322,1.09512,-26.3974,-0.778184,-0.331459,-0.086754,0,0,-5.59157e-17,-0,0,0.00298299,0,0,-0.629253,-1.18503,-0.763662,-0.570833,1.96322,1.09512,-26.3974,-0.778184,-0.331459,-0.086754,0,0,5.51066e-17,-0.0616283,-0.0605803,-0.233297,-0.237333,0.00308811,1.82206e-20,0,0,True,True
1.62,-0,0,-0.00293096,0,0,0.630394,-1.18881,-0.746881,-0.569222,1.96863,1.06878,-26.4822,-0.779817,-0.321899,-0.0869772,0,0,-5.59123e-17,-0,0,0.00293096,0,0,-0.630394,-1.18881,-0.746881,-0.569222,1.96863,1.06878,-26.4822,-0.779817,-0.321899,-0.0869772,0,0,5.511e-17,-0.0618308,-0.0607733,-0.226408,-0.230347,0.0031223,1.80723e-20,0,0,True,True
1.625,-0,0,-0.00287818,0,0,0.63151,-1.1925,-0.72982,-0.567581,1.9739,1.04218,-26.5648,-0.781403,-0.312358,-0.0872114,0,0,-3.98027e-19,-0,0,0.00287818,0,0,-0.63151,-1.1925,-0.72982,-0.567581,1.9739,1.04218,-26.5648,-0.781403,-0.312358,-0.0872114,0,0,-3.98027e-19,-0.0620403,-0.0609733,-0.219545,-0.223387,0.00315562,1.79317e-20,0,0,True,True
1.63,-0,0,-0.00282477,0,0,0.632599,-1.19611,-0.71248,-0.565913,1.97905,1.01532,-26.6452,-0.782941,-0.302839,-0.0874558,0,0,-3.95029e-19,-0,0,0.00282477,0,0,-0.632599,-1.19611,-0.71248,-0.565913,1.97905,1.01532,-26.6452,-0.782941,-0.302839,-0.0874558,0,0,-3.95029e-19,-0.0622561,-0.0611796,-0.21271,-0.216453,0.00318808,1.77987e-20,0,0,True,True
1.635,-0,0,-0.00277086,0,0,0.633662,-1.19963,-0.694866,-0.564224,1.98406,0.988211,-26.7233,-0.784431,-0.293345,-0.0877096,0,0,-5.59034e-17,-0,0,0.00277086,0,0,-0.633662,-1.19963,-0.694866,-0.564224,1.98406,0.988211,-26.7233,-0.784431,-0.293345,-0.0877096,0,0,5.5119e-17,-0.0624778,-0.0613918,-0.205906,-0.209549,0.00321966,1.76733e-20,0,0,True,True
1.64,-0,0,-0.00271658,0,0,0.634697,-1.20306,-0.676982,-0.562516,1.98893,0.96086,-26.7992,-0.785874,-0.283878,-0.0879717,0,0,-3.89538e-19,-0,0,0.00271658,0,0,-0.634697,-1.20306,-0.676982,-0.562516,1.98893,0.96086,-26.7992,-0.785874,-0.283878,-0.0879717,0,0,-3.89538e-19,-0.0627045,-0.061609,-0.199134,-0.202675,0.00325035,1.75553e-20,0,0,True,True
1.645,-0,0,-0.00266206,0,0,0.635704,-1.2064,-0.658832,-0.560796,1.99367,0.933273,-26.8728,-0.78727,-0.274441,-0.0882414,0,0,-3.87042e-19,-0,0,0.00266206,0,0,-0.635704,-1.2064,-0.658832,-0.560796,1.99367,0.933273,-26.8728,-0.78727,-0.274441,-0.0882414,0,0,-3.87042e-19,-0.0629357,-0.0618308,-0.192395,-0.195833,0.00328017,1.74448e-20,0,0,True,True
1.65,-0,0,-0.00260743,0,0,0.636684,-1.20964,-0.64042,-0.559066,1.99826,0.905457,-26.9442,-0.788619,-0.265036,-0.0885176,0,0,-3.84711e-19,-0,0,0.00260743,0,0,-0.636684,-1.20964,-0.64042,-0.559066,1.99826,0.905457,-26.9442,-0.788619,-0.265036,-0.0885176,0,0,-3.84711e-19,-0.0631707,-0.0620564,-0.18569,-0.189025,0.00330909,1.73416e-20,0,0,True,True
1.655,-0,0,-0.00255283,0,0,0.637635,-1.2128,-0.621753,-0.557332,2.00272,0.877419,-27.0133,-0.78992,-0.255666,-0.0887994,0,0,-5.58937e-17,-0,0,0.00255283,0,0,-0.637635,-1.2128,-0.621753,-0.557332,2.00272,0.877419,-27.0133,-0.78992,-0.255666,-0.0887994,0,0,5.51286e-17,-0.0634087,-0.062285,-0.179021,-0.182251,0.00333712,1.72458e-20,0,0,True,True
1.66,-0,0,-0.0024984,0,0,0.638558,-1.21586,-0.602834,-0.555599,2.00704,0.849166,-27.0801,-0.791175,-0.246332,-0.0890857,0,0,-5.58917e-17,-0,0,0.0024984,0,0,-0.638558,-1.21586,-0.602834,-0.555599,2.00704,0.849166,-27.0801,-0.791175,-0.246332,-0.0890857,0,0,5.51306e-17,-0.0636489,-0.0625161,-0.172388,-0.175512,0.00336424,1.71573e-20,0,0,True,True
1.665,-0,0,-0.00244427,0,0,0.639451,-1.21883,-0.583668,-0.55387,2.01121,0.820704,-27.1446,-0.792384,-0.237036,-0.0893754,0,0,-5.58898e-17,-0,0,0.00244427,0,0,-0.639451,-1.21883,-0.583668,-0.55387,2.01121,0.820704,-27.1446,-0.792384,-0.237036,-0.0893754,0,0,5.51325e-17,-0.0638907,-0.0627487,-0.165792,-0.16881,0.00339047,1.70761e-20,0,0,True,True
1.67,-0,0,-0.00239058,0,0,0.640315,-1.2217,-0.564263,-0.552151,2.01524,0.792042,-27.2068,-0.793546,-0.227779,-0.0896675,0,0,-5.58882e-17,-0,0,0.00239058,0,0,-0.640315,-1.2217,-0.564263,-0.552151,2.01524,0.792042,-27.2068,-0.793546,-0.227779,-0.0896675,0,0,5.51341e-17,-0.0641332,-0.0629821,-0.159234,-0.162144,0.00341578,1.70021e-20,0,0,True,True
1.675,-0,0,-0.00233746,0,0,0.641149,-1.22447,-0.544623,-0.550447,2.01913,0.763185,-27.2666,-0.794661,-0.218562,-0.0899608,0,0,-5.58866e-17,-0,0,0.00233746,0,0,-0.641149,-1.22447,-0.544623,-0.550447,2.01913,0.763185,-27.2666,-0.794661,-0.218562,-0.0899608,0,0,5.51357e-17,-0.0643755,-0.0632156,-0.152714,-0.155516,0.00344018,1.69353e-20,0,0,True,True
1.68,-0,0,-0.00228507,0,0,0.641953,-1.22714,-0.524754,-0.548762,2.02288,0.734141,-27.3242,-0.795731,-0.209387,-0.0902544,0,0,-5.58853e-17,-0,0,0.00228507,0,0,-0.641953,-1.22714,-0.524754,-0.548762,2.02288,0.734141,-27.3242,-0.795731,-0.209387,-0.0902544,0,0,5.5137e-17,-0.064617,-0.0634483,-0.146232,-0.148925,0.00346366,1.68757e-20,0,0,True,True
1.685,-0,0,-0.00223353,0,0,0.642727,-1.22972,-0.504664,-0.547101,2.02647,0.704918,-27.3794,-0.796755,-0.200254,-0.090547,0,0,-5.58841e-17,-0,0,0.00223353,0,0,-0.642727,-1.22972,-0.504664,-0.547101,2.02647,0.704918,-27.3794,-0.796755,-0.200254,-0.090547,0,0,5.51382e-17,-0.0648567,-0.0636794,-0.139788,-0.142372,0.00348622,1.68233e-20,0,0,True,True
1.69,-0,0,-0.00218298,0,0,0.64347,-1.23219,-0.484358,-0.545469,2.02992,0.675521,-27.4323,-0.797734,-0.191163,-0.0908375,0,0,-5.5883e-17,-0,0,0.00218298,0,0,-0.64347,-1.23219,-0.484358,-0.545469,2.02992,0.675521,-27.4323,-0.797734,-0.191163,-0.0908375,0,0,5.51393e-17,-0.0650939,-0.0639082,-0.133382,-0.135857,0.00350785,1.67779e-20,0,0,True,True
1.695,-0,0,-0.00213357,0,0,0.644182,-1.23456,-0.463845,-0.54387,2.03323,0.645959,-27.4829,-0.798667,-0.182114,-0.0911247,0,0,-5.58822e-17,-0,0,0.00213357,0,0,-0.644182,-1.23456,-0.463845,-0.54387,2.03323,0.645959,-27.4829,-0.798667,-0.182114,-0.0911247,0,0,5.51402e-17,-0.0653277,-0.0641338,-0.127015,-0.129379,0.00352856,1.67397e-20,0,0,True,True
1.7,-0,0,-0.00208541,0,0,0.644863,-1.23683,-0.44313,-0.542309,2.03638,0.616239,-27.5312,-0.799555,-0.173109,-0.0914077,0,0,-5.58814e-17,-0,0,0.00208541,0,0,-0.644863,-1.23683,-0.44313,-0.542309,2.03638,0.616239,-27.5312,-0.799555,-0.173109,-0.0914077,0,0,5.51409e-17,-0.0655573,-0.0643555,-0.120684,-0.122938,0.00354832,1.67085e-20,0,0,True,True
1.705,-0,0,-0.00203865,0,0,0.645512,-1.23899,-0.422222,-0.540791,2.03939,0.586367,-27.5771,-0.800398,-0.164145,-0.0916852,0,0,-5.58809e-17,-0,0,0.00203865,0,0,-0.645512,-1.23899,-0.422222,-0.540791,2.03939,0.586367,-27.5771,-0.800398,-0.164145,-0.0916852,0,0,5.51414e-17,-0.0657818,-0.0645723,-0.114391,-0.116533,0.00356715,1.66844e-20,0,0,True,True
1.71,-0,0,-0.00199341,0,0,0.64613,-1.24105,-0.401129,-0.53932,2.04225,0.556352,-27.6206,-0.801196,-0.155223,-0.0919561,0,0,-3.69288e-19,-0,0,0.00199341,0,0,-0.64613,-1.24105,-0.401129,-0.53932,2.04225,0.556352,-27.6206,-0.801196,-0.155223,-0.0919561,0,0,-3.69288e-19,-0.0660005,-0.0647835,-0.108133,-0.110165,0.00358504,1.66674e-20,0,0,True,True
1.715,-0,0,-0.00194982,0,0,0.646715,-1.243,-0.379858,-0.5379,2.04495,0.5262,-27.6618,-0.80195,-0.146342,-0.0922194,0,0,-5.58802e-17,-0,0,0.00194982,0,0,-0.646715,-1.243,-0.379858,-0.5379,2.04495,0.5262,-27.6618,-0.80195,-0.146342,-0.0922194,0,0,5.51421e-17,-0.0662125,-0.0649884,-0.101911,-0.103831,0.00360199,1.66574e-20,0,0,True,True
1.72,-0,0,-0.001908,0,0,0.647268,-1.24485,-0.358418,-0.536537,2.04751,0.49592,-27.7007,-0.80266,-0.137502,-0.092474,0,0,-5.58801e-17,-0,0,0.001908,0,0,-0.647268,-1.24485,-0.358418,-0.536537,2.04751,0.49592,-27.7007,-0.80266,-0.137502,-0.092474,0,0,5.51422e-17,-0.0664172,-0.0651862,-0.0957233,-0.097531,0.00361798,1.66545e-20,0,0,True,True
1.725,-0,0,-0.00186807,0,0,0.647789,-1.24659,-0.336817,-0.535233,2.04991,0.465517,-27.7372,-0.803325,-0.1287,-0.0927189,0,0,-3.68992e-19,-0,0,0.00186807,0,0,-0.647789,-1.24659,-0.336817,-0.535233,2.04991,0.465517,-27.7372,-0.803325,-0.1287,-0.0927189,0,0,-3.68992e-19,-0.0666136,-0.0653761,-0.0895683,-0.0912638,0.00363303,1.66587e-20,0,0,True,True
1.73,-0,0,-0.00183015,0,0,0.648277,-1.24822,-0.315065,-0.533993,2.05216,0.435001,-27.7713,-0.803947,-0.119936,-0.092953,0,0,-5.58804e-17,-0,0,0.00183015,0,0,-0.648277,-1.24822,-0.315065,-0.533993,2.05216,0.435001,-27.7713,-0.803947,-0.119936,-0.092953,0,0,5.51419e-17,-0.0668011,-0.0655574,-0.0834449,-0.085028,0.00364712,1.66698e-20,0,0,True,True
1.735,-0,0,-0.00179433,0,0,0.648732,-1.24974,-0.293169,-0.532821,2.05426,0.404378,-27.8032,-0.804525,-0.111208,-0.0931754,0,0,-3.69579e-19,-0,0,0.00179433,0,0,-0.648732,-1.24974,-0.293169,-0.532821,2.05426,0.404378,-27.8032,-0.804525,-0.111208,-0.0931754,0,0,-3.69579e-19,-0.066979,-0.0657294,-0.0773516,-0.0788222,0.00366025,1.66881e-20,0,0,True,True
1.74,-0,0,-0.00176073,0,0,0.649155,-1.25115,-0.271141,-0.531721,2.05621,0.373655,-27.8326,-0.805059,-0.102514,-0.0933852,0,0,-5.58813e-17,-0,0,0.00176073,0,0,-0.649155,-1.25115,-0.271141,-0.531721,2.05621,0.373655,-27.8326,-0.805059,-0.102514,-0.0933852,0,0,5.5141e-17,-0.0671465,-0.0658914,-0.0712869,-0.0726448,0.00367243,1.67134e-20,0,0,True,True
1.745,-0,0,-0.00172945,0,0,0.649544,-1.25245,-0.248988,-0.530695,2.058,0.342841,-27.8597,-0.80555,-0.0938532,-0.0935816,0,0,-3.70794e-19,-0,0,0.00172945,0,0,-0.649544,-1.25245,-0.248988,-0.530695,2.058,0.342841,-27.8597,-0.80555,-0.0938532,-0.0935816,0,0,-3.70794e-19,-0.0673031,-0.0660429,-0.0652491,-0.0664941,0.00368364,1.67458e-20,0,0,True,True
1.75,-0,0,-0.00170056,0,0,0.649899,-1.25364,-0.22672,-0.529747,2.05964,0.311942,-27.8844,-0.805997,-0.0852223,-0.0937636,0,0,-5.58828e-17,-0,0,0.00170056,0,0,-0.649899,-1.25364,-0.22672,-0.529747,2.05964,0.311942,-27.8844,-0.805997,-0.0852223,-0.0937636,0,0,5.51395e-17,-0.0674481,-0.0661832,-0.0592363,-0.0603684,0.00369389,1.67852e-20,0,0,True,True
1.755,-0,0,-0.00167417,0,0,0.650222,-1.25472,-0.204348,-0.528881,2.06112,0.280967,-27.9068,-0.806402,-0.0766195,-0.0939306,0,0,-5.58838e-17,-0,0,0.00167417,0,0,-0.650222,-1.25472,-0.204348,-0.528881,2.06112,0.280967,-27.9068,-0.806402,-0.0766195,-0.0939306,0,0,5.51385e-17,-0.067581,-0.0663118,-0.0532465,-0.0542656,0.00370317,1.68318e-20,0,0,True,True
1.76,-0,0,-0.00165034,0,0,0.65051,-1.25568,-0.181881,-0.528098,2.06245,0.249923,-27.9269,-0.806764,-0.0680423,-0.0940818,0,0,-5.5885e-17,-0,0,0.00165034,0,0,-0.65051,-1.25568,-0.181881,-0.528098,2.06245,0.249923,-27.9269,-0.806764,-0.0680423,-0.0940818,0,0,5.51374e-17,-0.0677013,-0.0664282,-0.0472779,-0.0481839,0.00371149,1.68855e-20,0,0,True,True
1.765,-0,0,-0.00162915,0,0,0.650765,-1.25654,-0.15933,-0.527401,2.06362,0.218818,-27.9445,-0.807082,-0.0594884,-0.0942166,0,0,-3.7512e-19,-0,0,0.00162915,0,0,-0.650765,-1.25654,-0.15933,-0.527401,2.06362,0.218818,-27.9445,-0.807082,-0.0594884,-0.0942166,0,0,-3.7512e-19,-0.0678084,-0.0665319,-0.0413281,-0.0421211,0.00371883,1.69463e-20,0,0,True,True
1.77,-0,0,-0.00161066,0,0,0.650987,-1.25728,-0.136704,-0.526793,2.06463,0.187659,-27.9599,-0.807358,-0.050955,-0.0943344,0,0,-3.76599e-19,-0,0,0.00161066,0,0,-0.650987,-1.25728,-0.136704,-0.526793,2.06463,0.187659,-27.9599,-0.807358,-0.050955,-0.0943344,0,0,-3.76599e-19,-0.067902,-0.0666225,-0.0353952,-0.036075,0.0037252,1.70143e-20,0,0,True,True
1.775,-0,0,-0.00159493,0,0,0.651174,-1.2579,-0.114014,-0.526275,2.0655,0.156454,-27.9728,-0.807592,-0.0424395,-0.0944347,0,0,-3.78238e-19,-0,0,0.00159493,0,0,-0.651174,-1.2579,-0.114014,-0.526275,2.0655,0.156454,-27.9728,-0.807592,-0.0424395,-0.0944347,0,0,-3.78238e-19,-0.0679817,-0.0666996,-0.0294768,-0.0300434,0.0037306,1.70895e-20,0,0,True,True
1.78,-0,0,-0.001582,0,0,0.651327,-1.25842,-0.0912709,-0.525849,2.0662,0.12521,-27.9834,-0.807783,-0.0339389,-0.0945171,0,0,-5.58912e-17,-0,0,0.001582,0,0,-0.651327,-1.25842,-0.0912709,-0.525849,2.0662,0.12521,-27.9834,-0.807783,-0.0339389,-0.0945171,0,0,5.51311e-17,-0.0680471,-0.0667629,-0.0235705,-0.0240239,0.00373503,1.71719e-20,0,0,True,True
1.785,-0,0,-0.00157191,0,0,0.651447,-1.25882,-0.068485,-0.525517,2.06675,0.0939354,-27.9917,-0.807931,-0.0254504,-0.0945813,0,0,-5.58932e-17,-0,0,0.00157191,0,0,-0.651447,-1.25882,-0.068485,-0.525517,2.06675,0.0939354,-27.9917,-0.807931,-0.0254504,-0.0945813,0,0,5.51292e-17,-0.068098,-0.0668122,-0.017674,-0.0180142,0.00373848,1.72616e-20,0,0,True,True
1.79,-0,0,-0.0015647,0,0,0.651532,-1.2591,-0.0456668,-0.525279,2.06714,0.0626379,-27.9976,-0.808037,-0.0169711,-0.0946268,0,0,-5.58953e-17,-0,0,0.0015647,0,0,-0.651532,-1.2591,-0.0456668,-0.525279,2.06714,0.0626379,-27.9976,-0.808037,-0.0169711,-0.0946268,0,0,5.5127e-17,-0.0681343,-0.0668473,-0.011785,-0.0120119,0.00374096,1.73586e-20,0,0,True,True
1.795,-0,0,-0.00156037,0,0,0.651583,-1.25927,-0.0228271,-0.525136,2.06737,0.0313249,-28.0011,-0.808101,-0.00849784,-0.0946537,0,0,-3.8641e-19,-0,0,0.00156037,0,0,-0.651583,-1.25927,-0.0228271,-0.525136,2.06737,0.0313249,-28.0011,-0.808101,-0.00849784,-0.0946537,0,0,-3.8641e-19,-0.0681556,-0.0668679,-0.00590084,-0.00601448,0.00374246,1.74629e-20,0,0,True,True
1.8,-0,0,-0.00155896,0,0,0.6516,-1.25933,2.33388e-05,-0.525089,2.06745,4.31617e-06,-28.0023,-0.808122,-2.76549e-05,-0.0946617,0,0,-5.59e-17,-0,0,0.00155896,0,0,-0.6516,-1.25933,2.33388e-05,-0.525089,2.06745,4.31617e-06,-28.0023,-0.808122,-2.76549e-05,-0.0946617,0,0,5.51223e-17,-0.0681621,-0.0668742,-1.92032e-05,-1.9573e-05,0.00374298,1.75746e-20,0,0,True,True
1.805,-0,0,-0.00156046,0,0,0.651583,-1.25927,0.0228738,-0.525139,2.06737,-0.0313163,-28.0011,-0.808101,0.00844252,-0.0946508,0,0,-5.59026e-17,-0,0,0.00156046,0,0,-0.651583,-1.25927,0.0228738,-0.525139,2.06737,-0.0313163,-28.0011,-0.808101,0.00844252,-0.0946508,0,0,5.51197e-17,-0.0681535,-0.0668659,0.00586244,0.00597533,0.00374253,1.76938e-20,0,0,True,True
1.81,-0,0,-0.00156486,0,0,0.651532,-1.2591,0.0457135,-0.525283,2.06714,-0.0626292,-27.9976,-0.808038,0.0169158,-0.094621,0,0,-5.59054e-17,-0,0,0.00156486,0,0,-0.651532,-1.2591,0.0457135,-0.525283,2.06714,-0.0626292,-27.9976,-0.808038,0.0169158,-0.094621,0,0,5.51169e-17,-0.0681301,-0.0668431,0.0117465,0.0119727,0.00374111,1.78204e-20,0,0,True,True
1.815,-0,0,-0.00157216,0,0,0.651447,-1.25882,0.0685317,-0.525524,2.06675,-0.0939268,-27.9917,-0.807932,0.0253951,-0.0945725,0,0,-5.59084e-17,-0,0,0.00157216,0,0,-0.651447,-1.25882,0.0685317,-0.525524,2.06675,-0.0939268,-27.9917,-0.807932,0.0253951,-0.0945725,0,0,5.51139e-17,-0.0680917,-0.066806,0.0176356,0.017975,0.0037387,1.79546e-20,0,0,True,True
1.82,-0,0,-0.00158233,0,0,0.651327,-1.25842,0.0913176,-0.525858,2.0662,-0.125201,-27.9834,-0.807784,0.0338836,-0.0945054,0,0,-5.59115e-17,-0,0,0.00158233,0,0,-0.651327,-1.25842,0.0913176,-0.525858,2.0662,-0.125201,-27.9834,-0.807784,0.0338836,-0.0945054,0,0,5.51108e-17,-0.0680387,-0.0667546,0.023532,0.0239847,0.00373532,1.80963e-20,0,0,True,True
1.825,-0,0,-0.00159534,0,0,0.651174,-1.2579,0.114061,-0.526286,2.0655,-0.156445,-27.9728,-0.807593,0.0423841,-0.09442,0,0,-4.03619e-19,-0,0,0.00159534,0,0,-0.651174,-1.2579,0.114061,-0.526286,2.0655,-0.156445,-27.9728,-0.807593,0.0423841,-0.09442,0,0,-4.03619e-19,-0.0679712,-0.0666893,0.0294383,0.0300041,0.00373097,1.82458e-20,0,0,True,True
1.83,-0,0,-0.00161116,0,0,0.650987,-1.25728,0.136751,-0.526807,2.06464,-0.18765,-27.9599,-0.80736,0.0508996,-0.0943168,0,0,-5.59182e-17,-0,0,0.00161116,0,0,-0.650987,-1.25728,0.136751,-0.526807,2.06464,-0.18765,-27.9599,-0.80736,0.0508996,-0.0943168,0,0,5.51041e-17,-0.0678894,-0.0666101,0.0353567,0.0360357,0.00372564,1.84029e-20,0,0,True,True
1.835,-0,0,-0.00162973,0,0,0.650765,-1.25653,0.159376,-0.527417,2.06362,-0.218809,-27.9446,-0.807084,0.0594329,-0.094196,0,0,-5.59219e-17,-0,0,0.00162973,0,0,-0.650765,-1.25653,0.159376,-0.527417,2.06362,-0.218809,-27.9446,-0.807084,0.0594329,-0.094196,0,0,5.51004e-17,-0.0677937,-0.0665175,0.0412896,0.0420818,0.00371935,1.85678e-20,0,0,True,True
1.84,-0,0,-0.001651,0,0,0.65051,-1.25568,0.181928,-0.528116,2.06245,-0.249915,-27.9269,-0.806766,0.0679868,-0.0940583,0,0,-5.59257e-17,-0,0,0.001651,0,0,-0.65051,-1.25568,0.181928,-0.528116,2.06245,-0.249915,-27.9269,-0.806766,0.0679868,-0.0940583,0,0,5.50966e-17,-0.0676845,-0.0664117,0.0472392,0.0481446,0.00371208,1.87406e-20,0,0,True,True
1.845,-0,0,-0.00167491,0,0,0.650222,-1.25472,0.204395,-0.528901,2.06112,-0.280959,-27.9068,-0.806404,0.0765639,-0.0939042,0,0,-4.18506e-19,-0,0,0.00167491,0,0,-0.650222,-1.25472,0.204395,-0.528901,2.06112,-0.280959,-27.9068,-0.806404,0.0765639,-0.0939042,0,0,-4.18506e-19,-0.0675621,-0.0662933,0.0532079,0.0542263,0.00370384,1.89213e-20,0,0,True,True
1.85,-0,0,-0.00170138,0,0,0.649899,-1.25364,0.226767,-0.529771,2.05964,-0.311934,-27.8845,-0.806,0.0851667,-0.0937343,0,0,-5.59338e-17,-0,0,0.00170138,0,0,-0.649899,-1.25364,0.226767,-0.529771,2.05964,-0.311934,-27.8845,-0.806,0.0851667,-0.0937343,0,0,5.50885e-17,-0.0674272,-0.0661626,0.0591975,0.0603289,0.00369463,1.911e-20,0,0,True,True
1.855,-0,0,-0.00173035,0,0,0.649544,-1.25245,0.249034,-0.530721,2.058,-0.342832,-27.8597,-0.805553,0.0937976,-0.0935494,0,0,-5.59382e-17,-0,0,0.00173035,0,0,-0.649544,-1.25245,0.249034,-0.530721,2.058,-0.342832,-27.8597,-0.805553,0.0937976,-0.0935494,0,0,5.50841e-17,-0.06728,-0.0660203,0.0652103,0.0664546,0.00368446,1.93068e-20,0,0,True,True
1.86,-0,0,-0.00176172,0,0,0.649155,-1.25115,0.271188,-0.531749,2.05621,-0.373646,-27.8326,-0.805062,0.102459,-0.0933501,0,0,-4.31534e-19,-0,0,0.00176172,0,0,-0.649155,-1.25115,0.271188,-0.531749,2.05621,-0.373646,-27.8326,-0.805062,0.102459,-0.0933501,0,0,-4.31534e-19,-0.0671214,-0.0658667,0.0712481,0.0726052,0.00367332,1.95117e-20,0,0,True,True
1.865,-0,0,-0.0017954,0,0,0.648732,-1.24974,0.293216,-0.532852,2.05426,-0.404369,-27.8032,-0.804528,0.111152,-0.0931374,0,0,-4.3624e-19,-0,0,0.0017954,0,0,-0.648732,-1.24974,0.293216,-0.532852,2.05426,-0.404369,-27.8032,-0.804528,0.111152,-0.0931374,0,0,-4.3624e-19,-0.0669517,-0.0657026,0.0773127,0.0787825,0.00366122,1.97249e-20,0,0,True,True
1.87,-0,0,-0.0018313,0,0,0.648277,-1.24821,0.315112,-0.534026,2.05217,-0.434992,-27.7714,-0.803951,0.11988,-0.0929121,0,0,-5.59523e-17,-0,0,0.0018313,0,0,-0.648277,-1.24821,0.315112,-0.534026,2.05217,-0.434992,-27.7714,-0.803951,0.11988,-0.0929121,0,0,5.507e-17,-0.0667718,-0.0655286,0.0834059,0.0849882,0.00364816,1.99465e-20,0,0,True,True
1.875,-0,0,-0.00186931,0,0,0.647789,-1.24658,0.336864,-0.535268,2.04991,-0.465509,-27.7372,-0.803329,0.128644,-0.092675,0,0,-5.59574e-17,-0,0,0.00186931,0,0,-0.647789,-1.24658,0.336864,-0.535268,2.04991,-0.465509,-27.7372,-0.803329,0.128644,-0.092675,0,0,5.50649e-17,-0.0665822,-0.0653453,0.0895292,0.0912239,0.00363415,2.01765e-20,0,0,True,True
1.88,-0,0,-0.00190932,0,0,0.647268,-1.24485,0.358465,-0.536574,2.04751,-0.495911,-27.7007,-0.802664,0.137446,-0.0924273,0,0,-5.59626e-17,-0,0,0.00190932,0,0,-0.647268,-1.24485,0.358465,-0.536574,2.04751,-0.495911,-27.7007,-0.802664,0.137446,-0.0924273,0,0,5.50597e-17,-0.0663837,-0.0651534,0.0956841,0.097491,0.00361918,2.0415e-20,0,0,True,True
1.885,-0,0,-0.00195123,0,0,0.646715,-1.243,0.379905,-0.53794,2.04496,-0.526192,-27.6618,-0.801955,0.146286,-0.0921698,0,0,-5.59681e-17,-0,0,0.00195123,0,0,-0.646715,-1.243,0.379905,-0.53794,2.04496,-0.526192,-27.6618,-0.801955,0.146286,-0.0921698,0,0,5.50542e-17,-0.066177,-0.0649536,0.101872,0.103791,0.00360327,2.06621e-20,0,0,True,True
1.89,-0,0,-0.0019949,0,0,0.64613,-1.24105,0.401176,-0.539362,2.04225,-0.556343,-27.6206,-0.801201,0.155167,-0.0919036,0,0,-5.59737e-17,-0,0,0.0019949,0,0,-0.64613,-1.24105,0.401176,-0.539362,2.04225,-0.556343,-27.6206,-0.801201,0.155167,-0.0919036,0,0,5.50486e-17,-0.0659629,-0.0647467,0.108094,0.110125,0.0035864,2.0918e-20,0,0,True,True
1.895,-0,0,-0.00204022,0,0,0.645512,-1.23899,0.42227,-0.540835,2.03939,-0.586358,-27.5771,-0.800403,0.164089,-0.0916298,0,0,-5.59796e-17,-0,0,0.00204022,0,0,-0.645512,-1.23899,0.42227,-0.540835,2.03939,-0.586358,-27.5771,-0.800403,0.164089,-0.0916298,0,0,5.50427e-17,-0.0657422,-0.0645334,0.114351,0.116493,0.00356859,2.11828e-20,0,0,True,True
1.9,-0,0,-0.00208707,0,0,0.644863,-1.23682,0.443178,-0.542356,2.03638,-0.61623,-27.5312,-0.79956,0.173052,-0.0913494,0,0,-5.59857e-17,-0,0,0.00208707,0,0,-0.644863,-1.23682,0.443178,-0.542356,2.03638,-0.61623,-27.5312,-0.79956,0.173052,-0.0913494,0,0,5.50367e-17,-0.0655156,-0.0643146,0.120645,0.122898,0.00354984,2.14564e-20,0,0,True,True
1.905,-0,0,-0.00213531,0,0,0.644182,-1.23456,0.463892,-0.543919,2.03323,-0.64595,-27.483,-0.798673,0.182058,-0.0910636,0,0,-5.59919e-17,-0,0,0.00213531,0,0,-0.644182,-1.23456,0.463892,-0.543919,2.03323,-0.64595,-27.483,-0.798673,0.182058,-0.0910636,0,0,5.50304e-17,-0.065284,-0.0640909,0.126975,0.129338,0.00353015,2.17392e-20,0,0,True,True
1.91,-0,0,-0.00218481,0,0,0.64347,-1.23219,0.484406,-0.54552,2.02993,-0.675512,-27.4324,-0.79774,0.191106,-0.0907734,0,0,-4.87211e-19,-0,0,0.00218481,0,0,-0.64347,-1.23219,0.484406,-0.54552,2.02993,-0.675512,-27.4324,-0.79774,0.191106,-0.0907734,0,0,-4.87211e-19,-0.0650482,-0.0638633,0.133342,0.135816,0.00350953,2.20312e-20,0,0,True,True
1.915,-0,0,-0.00223544,0,0,0.642727,-1.22971,0.504712,-0.547155,2.02647,-0.704909,-27.3795,-0.796762,0.200197,-0.0904801,0,0,-5.6005e-17,-0,0,0.00223544,0,0,-0.642727,-1.22971,0.504712,-0.547155,2.02647,-0.704909,-27.3795,-0.796762,0.200197,-0.0904801,0,0,5.50173e-17,-0.064809,-0.0636326,0.139748,0.142331,0.00348798,2.23325e-20,0,0,True,True
1.92,-0,0,-0.00228707,0,0,0.641953,-1.22714,0.524802,-0.548818,2.02288,-0.734132,-27.3242,-0.795738,0.20933,-0.0901846,0,0,-5.60119e-17,-0,0,0.00228707,0,0,-0.641953,-1.22714,0.524802,-0.548818,2.02288,-0.734132,-27.3242,-0.795738,0.20933,-0.0901846,0,0,5.50104e-17,-0.0645673,-0.0633994,0.146191,0.148884,0.00346551,2.26432e-20,0,0,True,True
1.925,-0,0,-0.00233955,0,0,0.641149,-1.22446,0.544671,-0.550506,2.01913,-0.763176,-27.2667,-0.794668,0.218505,-0.0898883,0,0,-5.07836e-19,-0,0,0.00233955,0,0,-0.641149,-1.22446,0.544671,-0.550506,2.01913,-0.763176,-27.2667,-0.794668,0.218505,-0.0898883,0,0,-5.07836e-19,-0.0643238,-0.0631647,0.152673,0.155475,0.00344211,2.29635e-20,0,0,True,True
1.93,-0,0,-0.00239275,0,0,0.640315,-1.22169,0.564311,-0.552213,2.01524,-0.792033,-27.2068,-0.793553,0.227722,-0.0895921,0,0,-5.15138e-19,-0,0,0.00239275,0,0,-0.640315,-1.22169,0.564311,-0.552213,2.01524,-0.792033,-27.2068,-0.793553,0.227722,-0.0895921,0,0,-5.15138e-19,-0.0640794,-0.0629293,0.159193,0.162103,0.0034178,2.32935e-20,0,0,True,True
1.935,-0,0,-0.00244653,0,0,0.639451,-1.21882,0.583717,-0.553934,2.01121,-0.820695,-27.1446,-0.792391,0.236978,-0.0892971,0,0,-5.60338e-17,-0,0,0.00244653,0,0,-0.639451,-1.21882,0.583717,-0.553934,2.01121,-0.820695,-27.1446,-0.792391,0.236978,-0.0892971,0,0,5.49885e-17,-0.063835,-0.0626939,0.165751,0.168768,0.00339257,2.36334e-20,0,0,True,True
1.94,-0,0,-0.00250075,0,0,0.638558,-1.21585,0.602882,-0.555665,2.00704,-0.849156,-27.0801,-0.791183,0.246274,-0.0890046,0,0,-5.60416e-17,-0,0,0.00250075,0,0,-0.638558,-1.21585,0.602882,-0.555665,2.00704,-0.849156,-27.0801,-0.791183,0.246274,-0.0890046,0,0,5.49807e-17,-0.0635912,-0.0624593,0.172347,0.17547,0.00336644,2.39833e-20,0,0,True,True
1.945,-0,0,-0.00255527,0,0,0.637635,-1.21279,0.621801,-0.557401,2.00272,-0.877409,-27.0133,-0.789928,0.255608,-0.0887155,0,0,-5.60495e-17,-0,0,0.00255527,0,0,-0.637635,-1.21279,0.621801,-0.557401,2.00272,-0.877409,-27.0133,-0.789928,0.255608,-0.0887155,0,0,5.49728e-17,-0.063349,-0.0622264,0.17898,0.182209,0.0033394,2.43433e-20,0,0,True,True
1.95,-0,0,-0.00260996,0,0,0.636684,-1.20964,0.640469,-0.559137,1.99826,-0.905447,-26.9442,-0.788627,0.264978,-0.0884309,0,0,-5.60577e-17,-0,0,0.00260996,0,0,-0.636684,-1.20964,0.640469,-0.559137,1.99826,-0.905447,-26.9442,-0.788627,0.264978,-0.0884309,0,0,5.49646e-17,-0.0631091,-0.0619958,0.185649,0.188983,0.00331146,2.47136e-20,0,0,True,True
1.955,-0,0,-0.00266467,0,0,0.635704,-1.20639,0.658881,-0.560869,1.99367,-0.933263,-26.8729,-0.787279,0.274383,-0.0881519,0,0,-5.60662e-17,-0,0,0.00266467,0,0,-0.635704,-1.20639,0.658881,-0.560869,1.99367,-0.933263,-26.8729,-0.787279,0.274383,-0.0881519,0,0,5.49561e-17,-0.0628721,-0.0617683,0.192353,0.195791,0.00328263,2.50944e-20,0,0,True,True
1.96,-0,0,-0.00271928,0,0,0.634697,-1.20305,0.677031,-0.562593,1.98893,-0.96085,-26.7993,-0.785883,0.283819,-0.0878794,0,0,-5.60748e-17,-0,0,0.00271928,0,0,-0.634697,-1.20305,0.677031,-0.562593,1.98893,-0.96085,-26.7993,-0.785883,0.283819,-0.0878794,0,0,5.49475e-17,-0.062639,-0.0615446,0.199092,0.202633,0.00325291,2.54858e-20,0,0,True,True
1.965,-0,0,-0.00277366,0,0,0.633662,-1.19962,0.694915,-0.564302,1.98406,-0.988201,-26.7234,-0.78444,0.293286,-0.0876145,0,0,-5.60837e-17,-0,0,0.00277366,0,0,-0.633662,-1.19962,0.694915,-0.564302,1.98406,-0.988201,-26.7234,-0.78444,0.293286,-0.0876145,0,0,5.49386e-17,-0.0624103,-0.0613254,0.205864,0.209506,0.0032223,2.5888e-20,0,0,True,True
1.97,-0,0,-0.00282766,0,0,0.632599,-1.1961,0.712529,-0.565995,1.97905,-1.01531,-26.6452,-0.78295,0.30278,-0.0873579,0,0,-5.60929e-17,-0,0,0.00282766,0,0,-0.632599,-1.1961,0.712529,-0.565995,1.97905,-1.01531,-26.6452,-0.78295,0.30278,-0.0873579,0,0,5.49294e-17,-0.0621867,-0.0611114,0.212668,0.21641,0.00319082,2.63011e-20,0,0,True,True
1.975,-0,0,-0.00288115,0,0,0.63151,-1.19249,0.729869,-0.567665,1.9739,-1.04217,-26.5649,-0.781413,0.312299,-0.0871108,0,0,-5.61023e-17,-0,0,0.00288115,0,0,-0.63151,-1.19249,0.729869,-0.567665,1.9739,-1.04217,-26.5649,-0.781413,0.312299,-0.0871108,0,0,5.492e-17,-0.0619689,-0.0609031,0.219502,0.223343,0.00315846,2.67254e-20,0,0,True,True
1.98,-0,0,-0.00293403,0,0,0.630394,-1.1888,0.746931,-0.569309,1.96863,-1.06877,-26.4823,-0.779827,0.32184,-0.0868738,0,0,-5.61119e-17,-0,0,0.00293403,0,0,-0.630394,-1.1888,0.746931,-0.569309,1.96863,-1.06877,-26.4823,-0.779827,0.32184,-0.0868738,0,0,5.49104e-17,-0.0617575,-0.0607013,0.226365,0.230304,0.00312523,2.7161e-20,0,0,True,True
1.985,-0,0,-0.00298615,0,0,0.629253,-1.18502,0.763712,-0.570922,1.96322,-1.09511,-26.3975,-0.778194,0.331399,-0.0866478,0,0,-5.61218e-17,-0,0,0.00298615,0,0,-0.629253,-1.18502,0.763712,-0.570922,1.96322,-1.09511,-26.3975,-0.778194,0.331399,-0.0866478,0,0,5.49005e-17,-0.0615531,-0.0605064,0.233254,0.237289,0.00309114,2.7608e-20,0,0,True,True
1.99,-0,0,-0.0030374,0,0,0.628086,-1.18116,0.780207,-0.572501,1.95768,-1.12118,-26.3105,-0.776513,0.340974,-0.0864337,0,0,-5.6132e-17,-0,0,0.0030374,0,0,-0.628086,-1.18116,0.780207,-0.572501,1.95768,-1.12118,-26.3105,-0.776513,0.340974,-0.0864337,0,0,5.48903e-17,-0.0613563,-0.060319,0.240168,0.244298,0.0030562,2.80668e-20,0,0,True,True
1.995,-0,0,-0.00308765,0,0,0.626894,-1.17722,0.796415,-0.574042,1.95201,-1.14697,-26.2213,-0.774785,0.35056,-0.086232,0,0,-5.61424e-17,-0,0,0.00308765,0,0,-0.626894,-1.17722,0.796415,-0.574042,1.95201,-1.14697,-26.2213,-0.774785,0.35056,-0.086232,0,0,5.48799e-17,-0.0611675,-0.0601396,0.247104,0.251327,0.0030204,2.85374e-20,0,0,True,True
2,-0,0,-0.0031368,0,0,0.625677,-1.1732,0.812331,-0.575542,1.94621,-1.17249,-26.1299,-0.773008,0.360154,-0.0860435,0,0,-5.61531e-17,-0,0,0.0031368,0,0,-0.625677,-1.1732,0.812331,-0.575542,1.94621,-1.17249,-26.1299,-0.773008,0.360154,-0.0860435,0,0,5.48692e-17,-0.0609872,-0.0599688,0.254061,0.258375,0.00298376,2.90201e-20,0,0,True,True
2.005,-0,0,-0.00318474,0,0,0.624436,-1.1691,0.827954,-0.576996,1.94028,-1.19771,-26.0365,-0.771183,0.369753,-0.0858687,0,0,-5.61641e-17,-0,0,0.00318474,0,0,-0.624436,-1.1691,0.827954,-0.576996,1.94028,-1.19771,-26.0365,-0.771183,0.369753,-0.0858687,0,0,5.48582e-17,-0.060816,-0.0598068,0.261035,0.26544,0.00294627,2.95151e-20,0,0,True,True
2.01,-0,0,-0.00323134,0,0,0.623172,-1.16492,0.843281,-0.578401,1.93423,-1.22263,-25.9409,-0.76931,0.379351,-0.0857084,0,0,-6.64174e-19,-0,0,0.00323134,0,0,-0.623172,-1.16492,0.843281,-0.578401,1.93423,-1.22263,-25.9409,-0.76931,0.379351,-0.0857084,0,0,-6.64174e-19,-0.0606541,-0.0596542,0.268024,0.272517,0.00290795,3.00226e-20,0,0,True,True
2.015,-0,0,-0.00327652,0,0,0.621884,-1.16066,0.858309,-0.579754,1.92805,-1.24725,-25.8432,-0.767389,0.388945,-0.085563,0,0,-6.75703e-19,-0,0,0.00327652,0,0,-0.621884,-1.16066,0.858309,-0.579754,1.92805,-1.24725,-25.8432,-0.767389,0.388945,-0.085563,0,0,-6.75703e-19,-0.060502,-0.0595113,0.275026,0.279605,0.00286881,3.05427e-20,0,0,True,True
2.02,-0,0,-0.00332016,0,0,0.620574,-1.15634,0.873036,-0.581051,1.92176,-1.27157,-25.7434,-0.765421,0.398531,-0.0854329,0,0,-5.61987e-17,-0,0,0.00332016,0,0,-0.620574,-1.15634,0.873036,-0.581051,1.92176,-1.27157,-25.7434,-0.765421,0.398531,-0.0854329,0,0,5.48236e-17,-0.06036,-0.0593784,0.282038,0.2867,0.00282884,3.10759e-20,0,0,True,True
2.025,-0,0,-0.00336217,0,0,0.619241,-1.15193,0.887461,-0.582291,1.91534,-1.29556,-25.6415,-0.763404,0.408103,-0.0853186,0,0,-5.62108e-17,-0,0,0.00336217,0,0,-0.619241,-1.15193,0.887461,-0.582291,1.91534,-1.29556,-25.6415,-0.763404,0.408103,-0.0853186,0,0,5.48115e-17,-0.0602285,-0.0592559,0.289056,0.293801,0.00278806,3.16221e-20,0,0,True,True
2.03,-0,0,-0.00340245,0,0,0.617887,-1.14746,0.901582,-0.58347,1.9088,-1.31924,-25.5377,-0.76134,0.417658,-0.0852205,0,0,-7.12035e-19,-0,0,0.00340245,0,0,-0.617887,-1.14746,0.901582,-0.58347,1.9088,-1.31924,-25.5377,-0.76134,0.417658,-0.0852205,0,0,-7.12035e-19,-0.0601076,-0.0591439,0.296078,0.300902,0.00274647,3.21818e-20,0,0,True,True
2.035,-0,0,-0.00344093,0,0,0.616512,-1.14292,0.915396,-0.584585,1.90215,-1.34259,-25.4318,-0.759228,0.42719,-0.085139,0,0,-5.62359e-17,-0,0,0.00344093,0,0,-0.616512,-1.14292,0.915396,-0.584585,1.90215,-1.34259,-25.4318,-0.759228,0.42719,-0.085139,0,0,5.47864e-17,-0.0599976,-0.0590427,0.3031,0.308002,0.00270407,3.27551e-20,0,0,True,True
2.04,-0,0,-0.0034775,0,0,0.615116,-1.13831,0.928902,-0.585634,1.89538,-1.3656,-25.3239,-0.757068,0.436694,-0.0850742,0,0,-5.62489e-17,-0,0,0.0034775,0,0,-0.615116,-1.13831,0.928902,-0.585634,1.89538,-1.3656,-25.3239,-0.757068,0.436694,-0.0850742,0,0,5.47734e-17,-0.0598986,-0.0589525,0.310119,0.315096,0.00266088,3.33422e-20,0,0,True,True
2.045,-0,0,-0.00351208,0,0,0.6137,-1.13363,0.942099,-0.586614,1.88849,-1.38827,-25.2141,-0.754861,0.446166,-0.0850264,0,0,-5.62622e-17,-0,0,0.00351208,0,0,-0.6137,-1.13363,0.942099,-0.586614,1.88849,-1.38827,-25.2141,-0.754861,0.446166,-0.0850264,0,0,5.47601e-17,-0.0598109,-0.0588734,0.317131,0.322182,0.00261691,3.39435e-20,0,0,True,True
2.05,-0,0,-0.0035446,0,0,0.612265,-1.12889,0.954986,-0.587524,1.88149,-1.41059,-25.1023,-0.752606,0.4556,-0.0849958,0,0,-5.62759e-17,-0,0,0.0035446,0,0,-0.612265,-1.12889,0.954986,-0.587524,1.88149,-1.41059,-25.1023,-0.752606,0.4556,-0.0849958,0,0,5.47464e-17,-0.0597346,-0.0588056,0.324134,0.329255,0.00257215,3.45591e-20,0,0,True,True
2.055,-0,0,-0.00357498,0,0,0.610811,-1.12408,0.96756,-0.588361,1.87438,-1.43255,-24.9886,-0.750305,0.464991,-0.0849825,0,0,-5.62899e-17,-0,0,0.00357498,0,0,-0.610811,-1.12408,0.96756,-0.588361,1.87438,-1.43255,-24.9886,-0.750305,0.464991,-0.0849825,0,0,5.47324e-17,-0.0596698,-0.0587492,0.331123,0.336312,0.00252662,3.51894e-20,0,0,True,True
2.06,-0,0,-0.00360314,0,0,0.609338,-1.11921,0.979822,-0.589123,1.86717,-1.45416,-24.8731,-0.747956,0.474333,-0.0849866,0,0,-5.63042e-17,-0,0,0.00360314,0,0,-0.609338,-1.11921,0.979822,-0.589123,1.86717,-1.45416,-24.8731,-0.747956,0.474333,-0.0849866,0,0,5.47181e-17,-0.0596164,-0.0587041,0.338095,0.343349,0.00248032,3.58346e-20,0,0,True,True
2.065,-0,0,-0.00362903,0,0,0.607847,-1.11428,0.99177,-0.589808,1.85984,-1.47539,-24.7557,-0.745561,0.483621,-0.0850082,0,0,-5.63188e-17,-0,0,0.00362903,0,0,-0.607847,-1.11428,0.99177,-0.589808,1.85984,-1.47539,-24.7557,-0.745561,0.483621,-0.0850082,0,0,5.47035e-17,-0.0595745,-0.0586705,0.345045,0.350362,0.00243326,3.64949e-20,0,0,True,True
2.07,-0,0,-0.00365256,0,0,0.60634,-1.10929,1.0034,-0.590416,1.85241,-1.49625,-24.6365,-0.74312,0.49285,-0.0850472,0,0,-8.22661e-19,-0,0,0.00365256,0,0,-0.60634,-1.10929,1.0034,-0.590416,1.85241,-1.49625,-24.6365,-0.74312,0.49285,-0.0850472,0,0,-8.22661e-19,-0.0595442,-0.0586482,0.35197,0.357347,0.00238545,3.71707e-20,0,0,True,True
2.075,-0,0,-0.00367368,0,0,0.604815,-1.10425,1.01472,-0.590944,1.84488,-1.51673,-24.5155,-0.740633,0.502014,-0.0851036,0,0,-5.63492e-17,-0,0,0.00367368,0,0,-0.604815,-1.10425,1.01472,-0.590944,1.84488,-1.51673,-24.5155,-0.740633,0.502014,-0.0851036,0,0,5.46732e-17,-0.0595253,-0.0586373,0.358866,0.364301,0.0023369,3.78622e-20,0,0,True,True
2.08,-0,0,-0.00369233,0,0,0.603275,-1.09915,1.02572,-0.591391,1.83725,-1.53683,-24.3928,-0.7381,0.511108,-0.0851772,0,0,-5.63648e-17,-0,0,0.00369233,0,0,-0.603275,-1.09915,1.02572,-0.591391,1.83725,-1.53683,-24.3928,-0.7381,0.511108,-0.0851772,0,0,5.46575e-17,-0.0595178,-0.0586377,0.365729,0.371218,0.00228761,3.85698e-20,0,0,True,True
2.085,-0,0,-0.00370845,0,0,0.601719,-1.09399,1.0364,-0.591757,1.82951,-1.55653,-24.2683,-0.735522,0.520125,-0.0852681,0,0,-5.63809e-17,-0,0,0.00370845,0,0,-0.601719,-1.09399,1.0364,-0.591757,1.82951,-1.55653,-24.2683,-0.735522,0.520125,-0.0852681,0,0,5.46414e-17,-0.0595216,-0.0586493,0.372554,0.378095,0.0022376,3.92937e-20,0,0,True,True
2.09,-0,0,-0.00372199,0,0,0.600148,-1.08878,1.04676,-0.592038,1.82168,-1.57582,-24.1422,-0.732899,0.529059,-0.0853759,0,0,-5.63973e-17,-0,0,0.00372199,0,0,-0.600148,-1.08878,1.04676,-0.592038,1.82168,-1.57582,-24.1422,-0.732899,0.529059,-0.0853759,0,0,5.4625e-17,-0.0595365,-0.0586719,0.379338,0.384928,0.00218687,4.00343e-20,0,0,True,True
2.095,-0,0,-0.0037329,0,0,0.598562,-1.08352,1.05681,-0.592236,1.81375,-1.59471,-24.0145,-0.730231,0.537906,-0.0855005,0,0,-9.02989e-19,-0,0,0.0037329,0,0,-0.598562,-1.08352,1.05681,-0.592236,1.81375,-1.59471,-24.0145,-0.730231,0.537906,-0.0855005,0,0,-9.02989e-19,-0.0595625,-0.0587055,0.386075,0.391711,0.00213544,4.07918e-20,0,0,True,True
2.1,-0,0,-0.00374113,0,0,0.596963,-1.07821,1.06653,-0.592349,1.80573,-1.61319,-23.8851,-0.72752,0.546658,-0.0856416,0,0,-5.64313e-17,-0,0,0.00374113,0,0,-0.596963,-1.07821,1.06653,-0.592349,1.80573,-1.61319,-23.8851,-0.72752,0.546658,-0.0856416,0,0,5.4591e-17,-0.0595993,-0.0587497,0.392762,0.398442,0.0020833,4.15666e-20,0,0,True,True
2.105,-0,0,-0.00374663,0,0,0.595352,-1.07286,1.07594,-0.592376,1.79762,-1.63125,-23.7542,-0.724765,0.555311,-0.085799,0,0,-9.37761e-19,-0,0,0.00374663,0,0,-0.595352,-1.07286,1.07594,-0.592376,1.79762,-1.63125,-23.7542,-0.724765,0.555311,-0.085799,0,0,-9.37761e-19,-0.0596467,-0.0588046,0.399394,0.405114,0.00203048,4.2359e-20,0,0,True,True
2.11,-0,0,-0.00374936,0,0,0.593727,-1.06745,1.08502,-0.592316,1.78942,-1.64887,-23.6217,-0.721966,0.563857,-0.0859724,0,0,-5.64669e-17,-0,0,0.00374936,0,0,-0.593727,-1.06745,1.08502,-0.592316,1.78942,-1.64887,-23.6217,-0.721966,0.563857,-0.0859724,0,0,5.45554e-17,-0.0597046,-0.0588697,0.405967,0.411724,0.00197698,4.31693e-20,0,0,True,True
2.115,-0,0,-0.00374928,0,0,0.592091,-1.06201,1.09377,-0.59217,1.78113,-1.66607,-23.4878,-0.719126,0.572292,-0.0861613,0,0,-9.7413e-19,-0,0,0.00374928,0,0,-0.592091,-1.06201,1.09377,-0.59217,1.78113,-1.66607,-23.4878,-0.719126,0.572292,-0.0861613,0,0,-9.7413e-19,-0.0597726,-0.0589449,0.412475,0.418267,0.0019228,4.3998e-20,0,0,True,True
2.12,-0,0,-0.00374636,0,0,0.590444,-1.05652,1.10221,-0.591937,1.77276,-1.68282,-23.3524,-0.716244,0.580609,-0.0863655,0,0,-5.65041e-17,-0,0,0.00374636,0,0,-0.590444,-1.05652,1.10221,-0.591937,1.77276,-1.68282,-23.3524,-0.716244,0.580609,-0.0863655,0,0,5.45182e-17,-0.0598505,-0.05903,0.418915,0.424738,0.00186797,4.48453e-20,0,0,True,True
2.125,-0,0,-0.00374055,0,0,0.588786,-1.05099,1.11032,-0.591615,1.7643,-1.69912,-23.2156,-0.71332,0.588801,-0.0865845,0,0,-1.01216e-18,-0,0,0.00374055,0,0,-0.588786,-1.05099,1.11032,-0.591615,1.7643,-1.69912,-23.2156,-0.71332,0.588801,-0.0865845,0,0,-1.01216e-18,-0.059938,-0.0591245,0.425281,0.431133,0.0018125,4.57115e-20,0,0,True,True
2.13,-0,0,-0.00373181,0,0,0.587118,-1.04541,1.1181,-0.591207,1.75577,-1.71497,-23.0775,-0.710356,0.596864,-0.0868179,0,0,-5.6543e-17,-0,0,0.00373181,0,0,-0.587118,-1.04541,1.1181,-0.591207,1.75577,-1.71497,-23.0775,-0.710356,0.596864,-0.0868179,0,0,5.44793e-17,-0.0600349,-0.0592284,0.43157,0.437446,0.00175639,4.65972e-20,0,0,True,True
2.135,-0,0,-0.00372013,0,0,0.585441,-1.0398,1.12556,-0.59071,1.74716,-1.73035,-22.938,-0.707351,0.60479,-0.0870652,0,0,-1.05191e-18,-0,0,0.00372013,0,0,-0.585441,-1.0398,1.12556,-0.59071,1.74716,-1.73035,-22.938,-0.707351,0.60479,-0.0870652,0,0,-1.05191e-18,-0.0601407,-0.0593411,0.437775,0.443674,0.00169965,4.75026e-20,0,0,True,True
2.14,-0,0,-0.00370547,0,0,0.583755,-1.03416,1.13269,-0.590125,1.73847,-1.74527,-22.7973,-0.704308,0.612574,-0.0873261,0,0,-5.65836e-17,-0,0,0.00370547,0,0,-0.583755,-1.03416,1.13269,-0.590125,1.73847,-1.74527,-22.7973,-0.704308,0.612574,-0.0873261,0,0,5.44387e-17,-0.0602553,-0.0594625,0.443892,0.44981,0.0016423,4.84281e-20,0,0,True,True
2.145,-0,0,-0.0036878,0,0,0.582061,-1.02848,1.13949,-0.589452,1.7297,-1.7597,-22.6553,-0.701226,0.620209,-0.0875999,0,0,-5.66046e-17,-0,0,0.0036878,0,0,-0.582061,-1.02848,1.13949,-0.589452,1.7297,-1.7597,-22.6553,-0.701226,0.620209,-0.0875999,0,0,5.44177e-17,-0.0603781,-0.0595921,0.449917,0.455851,0.00158436,4.93741e-20,0,0,True,True
2.15,-0,0,-0.00366709,0,0,0.58036,-1.02276,1.14597,-0.588692,1.72087,-1.77366,-22.5122,-0.698106,0.62769,-0.0878861,0,0,-5.66261e-17,-0,0,0.00366709,0,0,-0.58036,-1.02276,1.14597,-0.588692,1.72087,-1.77366,-22.5122,-0.698106,0.62769,-0.0878861,0,0,5.43962e-17,-0.060509,-0.0597297,0.455843,0.461791,0.00152583,5.03411e-20,0,0,True,True
2.155,-0,0,-0.00364332,0,0,0.578653,-1.01702,1.15211,-0.587844,1.71197,-1.78712,-22.3679,-0.694949,0.63501,-0.0881844,0,0,-5.6648e-17,-0,0,0.00364332,0,0,-0.578653,-1.01702,1.15211,-0.587844,1.71197,-1.78712,-22.3679,-0.694949,0.63501,-0.0881844,0,0,5.43743e-17,-0.0606475,-0.0598749,0.461667,0.467625,0.00146672,5.13294e-20,0,0,True,True
2.16,-0,0,-0.00361646,0,0,0.576939,-1.01124,1.15792,-0.586908,1.703,-1.80008,-22.2225,-0.691755,0.642162,-0.088494,0,0,-1.15928e-18,-0,0,0.00361646,0,0,-0.576939,-1.01124,1.15792,-0.586908,1.703,-1.80008,-22.2225,-0.691755,0.642162,-0.088494,0,0,-1.15928e-18,-0.0607933,-0.0600272,0.467383,0.473348,0.00140706,5.23395e-20,0,0,True,True
2.165,-0,0,-0.0035865,0,0,0.57522,-1.00544,1.16339,-0.585886,1.69397,-1.81253,-22.0761,-0.688527,0.649141,-0.0888145,0,0,-1.1822e-18,-0,0,0.0035865,0,0,-0.57522,-1.00544,1.16339,-0.585886,1.69397,-1.81253,-22.0761,-0.688527,0.649141,-0.0888145,0,0,-1.1822e-18,-0.0609459,-0.0601864,0.472986,0.478955,0.00134686,5.33717e-20,0,0,True,True
2.17,-0,0,-0.00355341,0,0,0.573496,-0.999608,1.16853,-0.584777,1.68487,-1.82447,-21.9287,-0.685264,0.655941,-0.0891452,0,0,-5.67168e-17,-0,0,0.00355341,0,0,-0.573496,-0.999608,1.16853,-0.584777,1.68487,-1.82447,-21.9287,-0.685264,0.655941,-0.0891452,0,0,5.43055e-17,-0.0611051,-0.0603521,0.478471,0.484441,0.00128613,5.44266e-20,0,0,True,True
2.175,-0,0,-0.00351717,0,0,0.571769,-0.993753,1.17333,-0.583582,1.67572,-1.83588,-21.7803,-0.681968,0.662555,-0.0894857,0,0,-1.22955e-18,-0,0,0.00351717,0,0,-0.571769,-0.993753,1.17333,-0.583582,1.67572,-1.83588,-21.7803,-0.681968,0.662555,-0.0894857,0,0,-1.22955e-18,-0.0612703,-0.0605238,0.483832,0.4898,0.00122488,5.55046e-20,0,0,True,True
2.18,-0,0,-0.00347776,0,0,0.570038,-0.987875,1.17779,-0.582302,1.66651,-1.84677,-21.6311,-0.678638,0.668977,-0.0898353,0,0,-5.67652e-17,-0,0,0.00347776,0,0,-0.570038,-0.987875,1.17779,-0.582302,1.66651,-1.84677,-21.6311,-0.678638,0.668977,-0.0898353,0,0,5.42571e-17,-0.0614413,-0.0607012,0.489065,0.495028,0.00116314,5.6606e-20,0,0,True,True
2.185,-0,0,-0.00343518,0,0,0.568304,-0.981975,1.18191,-0.580936,1.65725,-1.85711,-21.481,-0.675278,0.6752,-0.0901934,0,0,-5.67902e-17,-0,0,0.00343518,0,0,-0.568304,-0.981975,1.18191,-0.580936,1.65725,-1.85711,-21.481,-0.675278,0.6752,-0.0901934,0,0,5.42321e-17,-0.0616177,-0.060884,0.494165,0.50012,0.00110092,5.77315e-20,0,0,True,True
2.19,-0,0,-0.00338939,0,0,0.566568,-0.976056,1.18569,-0.579487,1.64794,-1.86691,-21.3301,-0.671886,0.681219,-0.0905595,0,0,-5.68157e-17,-0,0,0.00338939,0,0,-0.566568,-0.976056,1.18569,-0.579487,1.64794,-1.86691,-21.3301,-0.671886,0.681219,-0.0905595,0,0,5.42066e-17,-0.061799,-0.0610717,0.499125,0.505069,0.00103824,5.88815e-20,0,0,True,True
2.195,-0,0,-0.0033404,0,0,0.564831,-0.970118,1.18912,-0.577953,1.63858,-1.87615,-21.1785,-0.668466,0.687027,-0.0909329,0,0,-1.33063e-18,-0,0,0.0033404,0,0,-0.564831,-0.970118,1.18912,-0.577953,1.63858,-1.87615,-21.1785,-0.668466,0.687027,-0.0909329,0,0,-1.33063e-18,-0.061985,-0.0612639,0.50394,0.509871,0.000975117,6.00564e-20,0,0,True,True
2.2,-0,0,-0.00328818,0,0,0.563093,-0.964164,1.19221,-0.576337,1.62918,-1.88482,-21.0261,-0.665016,0.692618,-0.0913132,0,0,-5.68684e-17,-0,0,0.00328818,0,0,-0.563093,-0.964164,1.19221,-0.576337,1.62918,-1.88482,-21.0261,-0.665016,0.692618,-0.0913132,0,0,5.41539e-17,-0.0621751,-0.0614603,0.508606,0.514521,0.000911568,6.12568e-20,0,0,True,True
2.205,-0,0,-0.00323273,0,0,0.561356,-0.958196,1.19494,-0.574639,1.61974,-1.89293,-20.8732,-0.661539,0.697986,-0.0916997,0,0,-1.38451e-18,-0,0,0.00323273,0,0,-0.561356,-0.958196,1.19494,-0.574639,1.61974,-1.89293,-20.8732,-0.661539,0.697986,-0.0916997,0,0,-1.38451e-18,-0.0623691,-0.0616605,0.513116,0.519012,0.000847613,6.24831e-20,0,0,True,True
2.21,-0,0,-0.00317403,0,0,0.559619,-0.952215,1.19732,-0.57286,1.61025,-1.90045,-20.7196,-0.658036,0.703124,-0.0920919,0,0,-1.41233e-18,-0,0,0.00317403,0,0,-0.559619,-0.952215,1.19732,-0.57286,1.61025,-1.90045,-20.7196,-0.658036,0.703124,-0.0920919,0,0,-1.41233e-18,-0.0625665,-0.0618642,0.517465,0.52334,0.000783273,6.3736e-20,0,0,True,True
2.215,-0,0,-0.00311209,0,0,0.557883,-0.946223,1.19935,-0.571001,1.60073,-1.90737,-20.5655,-0.654508,0.708026,-0.0924893,0,0,-5.69519e-17,-0,0,0.00311209,0,0,-0.557883,-0.946223,1.19935,-0.571001,1.60073,-1.90737,-20.5655,-0.654508,0.708026,-0.0924893,0,0,5.40704e-17,-0.0627671,-0.062071,0.521648,0.527499,0.000718569,6.50158e-20,0,0,True,True
2.22,-0,0,-0.00304688,0,0,0.556149,-0.940222,1.20102,-0.569062,1.59118,-1.9137,-20.4109,-0.650956,0.712685,-0.0928912,0,0,-5.69809e-17,-0,0,0.00304688,0,0,-0.556149,-0.940222,1.20102,-0.569062,1.59118,-1.9137,-20.4109,-0.650956,0.712685,-0.0928912,0,0,5.40414e-17,-0.0629705,-0.0622806,0.52566,0.531483,0.000653523,6.63233e-20,0,0,True,True
2.225,-0,0,-0.0029784,0,0,0.554418,-0.934213,1.20232,-0.567045,1.58159,-1.91942,-20.2559,-0.647381,0.717095,-0.0932972,0,0,-1.4994e-18,-0,0,0.0029784,0,0,-0.554418,-0.934213,1.20232,-0.567045,1.58159,-1.91942,-20.2559,-0.647381,0.717095,-0.0932972,0,0,-1.4994e-18,-0.0631764,-0.0624926,0.529493,0.535287,0.000588157,6.76589e-20,0,0,True,True
2.23,-0,0,-0.00290666,0,0,0.552691,-0.928198,1.20327,-0.564951,1.57198,-1.92452,-20.1006,-0.643785,0.721251,-0.0937068,0,0,-5.70408e-17,-0,0,0.00290666,0,0,-0.552691,-0.928198,1.20327,-0.564951,1.57198,-1.92452,-20.1006,-0.643785,0.721251,-0.0937068,0,0,5.39815e-17,-0.0633844,-0.0627067,0.533144,0.538906,0.000522494,6.90231e-20,0,0,True,True
2.235,-0,0,-0.00283165,0,0,0.550967,-0.92218,1.20384,-0.562781,1.56235,-1.92899,-19.9449,-0.640169,0.725144,-0.0941195,0,0,-1.56058e-18,-0,0,0.00283165,0,0,-0.550967,-0.92218,1.20384,-0.562781,1.56235,-1.92899,-19.9449,-0.640169,0.725144,-0.0941195,0,0,-1.56058e-18,-0.0635943,-0.0629227,0.536606,0.542334,0.000456559,7.04167e-20,0,0,True,True
2.24,-0,0,-0.00275336,0,0,0.549248,-0.91616,1.20405,-0.560536,1.55269,-1.93282,-19.7889,-0.636534,0.72877,-0.0945349,0,0,-5.71033e-17,-0,0,0.00275336,0,0,-0.549248,-0.91616,1.20405,-0.560536,1.55269,-1.93282,-19.7889,-0.636534,0.72877,-0.0945349,0,0,5.3919e-17,-0.0638058,-0.0631403,0.539874,0.545565,0.000390376,7.18401e-20,0,0,True,True
2.245,-0,0,-0.0026718,0,0,0.547534,-0.91014,1.20388,-0.558217,1.54302,-1.936,-19.6328,-0.632881,0.732121,-0.0949525,0,0,-1.62433e-18,-0,0,0.0026718,0,0,-0.547534,-0.91014,1.20388,-0.558217,1.54302,-1.936,-19.6328,-0.632881,0.732121,-0.0949525,0,0,-1.62433e-18,-0.0640187,-0.0633592,0.542941,0.548593,0.000323972,7.3294e-20,0,0,True,True
2.25,-0,0,-0.00258697,0,0,0.545827,-0.904121,1.20333,-0.555827,1.53333,-1.93852,-19.4765,-0.629212,0.735191,-0.0953721,0,0,-5.71683e-17,-0,0,0.00258697,0,0,-0.545827,-0.904121,1.20333,-0.555827,1.53333,-1.93852,-19.4765,-0.629212,0.735191,-0.0953721,0,0,5.3854e-17,-0.0642326,-0.0635791,0.545803,0.551413,0.000257372,7.4779e-20,0,0,True,True
2.255,-0,0,-0.00249888,0,0,0.544126,-0.898106,1.20239,-0.553365,1.52364,-1.94037,-19.3201,-0.625529,0.737974,-0.0957932,0,0,-1.69072e-18,-0,0,0.00249888,0,0,-0.544126,-0.898106,1.20239,-0.553365,1.52364,-1.94037,-19.3201,-0.625529,0.737974,-0.0957932,0,0,-1.69072e-18,-0.0644475,-0.0638,0.548453,0.554019,0.000190605,7.62957e-20,0,0,True,True
2.26,-0,0,-0.00240753,0,0,0.542432,-0.892097,1.20108,-0.550833,1.51393,-1.94154,-19.1636,-0.621833,0.740463,-0.0962155,0,0,-5.72361e-17,-0,0,0.00240753,0,0,-0.542432,-0.892097,1.20108,-0.550833,1.51393,-1.94154,-19.1636,-0.621833,0.740463,-0.0962155,0,0,5.37862e-17,-0.0646632,-0.0640216,0.550886,0.556406,0.000123699,7.78447e-20,0,0,True,True
2.265,-0,0,-0.00231294,0,0,0.540746,-0.886096,1.19937,-0.548233,1.50422,-1.94202,-19.0072,-0.618125,0.742652,-0.0966388,0,0,-5.72709e-17,-0,0,0.00231294,0,0,-0.540746,-0.886096,1.19937,-0.548233,1.50422,-1.94202,-19.0072,-0.618125,0.742652,-0.0966388,0,0,5.37514e-17,-0.0648794,-0.0642438,0.553095,0.558567,5.66841e-05,7.94268e-20,0,0,True,True
2.27,-0,0,-0.00221511,0,0,0.539069,-0.880103,1.19726,-0.545567,1.49451,-1.9418,-18.8508,-0.614406,0.744533,-0.0970628,0,0,-1.79521e-18,-0,0,0.00221511,0,0,-0.539069,-0.880103,1.19726,-0.545567,1.49451,-1.9418,-18.8508,-0.614406,0.744533,-0.0970628,0,0,-1.79521e-18,-0.0650961,-0.0644664,0.555075,0.560497,-1.041e-05,8.10425e-20,0,0,True,True
2.275,-0,0,-0.00211407,0,0,0.537401,-0.874123,1.19476,-0.542835,1.4848,-1.94086,-18.6946,-0.610679,0.746101,-0.0974874,0,0,-5.73424e-17,-0,0,0.00211407,0,0,-0.537401,-0.874123,1.19476,-0.542835,1.4848,-1.94086,-18.6946,-0.610679,0.746101,-0.0974874,0,0,5.36799e-17,-0.0653132,-0.0646894,0.55682,0.56219,-7.75515e-05,8.26926e-20,0,0,True,True
2.28,-0,0,-0.00200982,0,0,0.535743,-0.868156,1.19185,-0.54004,1.4751,-1.9392,-18.5386,-0.606945,0.747349,-0.0979124,0,0,-5.73791e-17,-0,0,0.00200982,0,0,-0.535743,-0.868156,1.19185,-0.54004,1.4751,-1.9392,-18.5386,-0.606945,0.747349,-0.0979124,0,0,5.36432e-17,-0.0655307,-0.0649127,0.558324,0.56364,-0.000144708,8.43777e-20,0,0,True,True
2.285,-0,0,-0.00190239,0,0,0.534096,-0.862204,1.18854,-0.537183,1.46541,-1.93681,-18.3828,-0.603206,0.74827,-0.0983378,0,0,-5.74163e-17,-0,0,0.00190239,0,0,-0.534096,-0.862204,1.18854,-0.537183,1.46541,-1.93681,-18.3828,-0.603206,0.74827,-0.0983378,0,0,5.3606e-17,-0.0657484,-0.0651362,0.559582,0.564841,-0.000211845,8.60986e-20,0,0,True,True
2.29,-0,0,-0.0017918,0,0,0.53246,-0.85627,1.1848,-0.534267,1.45573,-1.93366,-18.2273,-0.599463,0.748858,-0.0987635,0,0,-5.74539e-17,-0,0,0.0017918,0,0,-0.53246,-0.85627,1.1848,-0.534267,1.45573,-1.93366,-18.2273,-0.599463,0.748858,-0.0987635,0,0,5.35684e-17,-0.0659665,-0.06536,0.560586,0.565788,-0.000278929,8.7856e-20,0,0,True,True
2.295,-0,0,-0.00167808,0,0,0.530835,-0.850356,1.18065,-0.531291,1.44607,-1.92976,-18.0723,-0.595717,0.749106,-0.0991895,0,0,-5.74919e-17,-0,0,0.00167808,0,0,-0.530835,-0.850356,1.18065,-0.531291,1.44607,-1.92976,-18.0723,-0.595717,0.749106,-0.0991895,0,0,5.35304e-17,-0.0661849,-0.0655841,0.561332,0.566474,-0.000345924,8.96505e-20,0,0,True,True
2.3,-0,0,-0.00156127,0,0,0.529223,-0.844464,1.17608,-0.52826,1.43644,-1.92509,-17.9176,-0.591971,0.749007,-0.0996158,0,0,-2.01891e-18,-0,0,0.00156127,0,0,-0.529223,-0.844464,1.17608,-0.52826,1.43644,-1.92509,-17.9176,-0.591971,0.749007,-0.0996158,0,0,-2.01891e-18,-0.0664037,-0.0658086,0.561813,0.566893,-0.000412793,9.14829e-20,0,0,True,True
2.305,-0,0,-0.00144139,0,0,0.527625,-0.838596,1.17108,-0.525174,1.42682,-1.91963,-17.7634,-0.588227,0.748555,-0.100043,0,0,-2.05704e-18,-0,0,0.00144139,0,0,-0.527625,-0.838596,1.17108,-0.525174,1.42682,-1.91963,-17.7634,-0.588227,0.748555,-0.100043,0,0,-2.05704e-18,-0.0666231,-0.0660336,0.562023,0.567041,-0.000479497,9.3354e-20,0,0,True,True
2.31,-0,0,-0.00131849,0,0,0.526039,-0.832753,1.16564,-0.522036,1.41724,-1.91338,-17.6098,-0.584486,0.747744,-0.10047,0,0,-5.7606e-17,-0,0,0.00131849,0,0,-0.526039,-0.832753,1.16564,-0.522036,1.41724,-1.91338,-17.6098,-0.584486,0.747744,-0.10047,0,0,5.34163e-17,-0.0668432,-0.0662592,0.561957,0.56691,-0.000545999,9.52644e-20,0,0,True,True
2.315,-0,0,-0.0011926,0,0,0.524468,-0.826939,1.15976,-0.518848,1.40769,-1.90632,-17.4568,-0.58075,0.746566,-0.100899,0,0,-2.13198e-18,-0,0,0.0011926,0,0,-0.524468,-0.826939,1.15976,-0.518848,1.40769,-1.90632,-17.4568,-0.58075,0.746566,-0.100899,0,0,-2.13198e-18,-0.0670641,-0.0664856,0.561608,0.566494,-0.000612257,9.7215e-20,0,0,True,True
2.32,-0,0,-0.00106379,0,0,0.522912,-0.821156,1.15343,-0.515612,1.39818,-1.89845,-17.3044,-0.57702,0.745015,-0.101328,0,0,-2.16785e-18,-0,0,0.00106379,0,0,-0.522912,-0.821156,1.15343,-0.515612,1.39818,-1.89845,-17.3044,-0.57702,0.745015,-0.101328,0,0,-2.16785e-18,-0.067286,-0.0667129,0.56097,0.565789,-0.00067823,9.92063e-20,0,0,True,True
2.325,-0,0,-0.000932102,0,0,0.521372,-0.815405,1.14666,-0.512331,1.3887,-1.88974,-17.1528,-0.5733,0.743085,-0.101759,0,0,-2.20176e-18,-0,0,0.000932102,0,0,-0.521372,-0.815405,1.14666,-0.512331,1.3887,-1.88974,-17.1528,-0.5733,0.743085,-0.101759,0,0,-2.20176e-18,-0.0675092,-0.0669415,0.560039,0.564789,-0.000743876,1.01239e-19,0,0,True,True
2.33,-0,0,-0.000797595,0,0,0.519847,-0.809689,1.13942,-0.509006,1.37928,-1.88019,-17.002,-0.569589,0.740768,-0.102192,0,0,-5.77439e-17,-0,0,0.000797595,0,0,-0.519847,-0.809689,1.13942,-0.509006,1.37928,-1.88019,-17.002,-0.569589,0.740768,-0.102192,0,0,5.32784e-17,-0.0677339,-0.0671714,0.558807,0.563486,-0.00080915,1.03314e-19,0,0,True,True
2.335,-0,0,-0.000660335,0,0,0.518339,-0.804011,1.13173,-0.505641,1.3699,-1.86979,-16.852,-0.565892,0.73806,-0.102626,0,0,-5.77706e-17,-0,0,0.000660335,0,0,-0.518339,-0.804011,1.13173,-0.505641,1.3699,-1.86979,-16.852,-0.565892,0.73806,-0.102626,0,0,5.32517e-17,-0.0679604,-0.0674031,0.557268,0.561876,-0.000874008,1.05432e-19,0,0,True,True
2.34,-0,0,-0.000520396,0,0,0.516849,-0.798372,1.12356,-0.502238,1.36058,-1.85851,-16.703,-0.562209,0.734952,-0.103064,0,0,-2.28015e-18,-0,0,0.000520396,0,0,-0.516849,-0.798372,1.12356,-0.502238,1.36058,-1.85851,-16.703,-0.562209,0.734952,-0.103064,0,0,-2.28015e-18,-0.068189,-0.0676368,0.555419,0.559953,-0.000938403,1.07593e-19,0,0,True,True
2.345,-0,0,-0.000377854,0,0,0.515376,-0.792775,1.11492,-0.4988,1.35132,-1.84636,-16.555,-0.558542,0.73144,-0.103504,0,0,-2.29242e-18,-0,0,0.000377854,0,0,-0.515376,-0.792775,1.11492,-0.4988,1.35132,-1.84636,-16.555,-0.558542,0.73144,-0.103504,0,0,-2.29242e-18,-0.06842,-0.0678727,0.553251,0.557712,-0.00100229,1.09797e-19,0,0,True,True
2.35,-0,0,-0.000232793,0,0,0.513922,-0.787223,1.1058,-0.495329,1.34212,-1.83331,-16.408,-0.554894,0.727516,-0.103947,0,0,-5.78042e-17,-0,0,0.000232793,0,0,-0.513922,-0.787223,1.1058,-0.495329,1.34212,-1.83331,-16.408,-0.554894,0.727516,-0.103947,0,0,5.32181e-17,-0.0686536,-0.0681113,0.550761,0.555146,-0.00106561,1.12046e-19,0,0,True,True
2.355,-0,0,-8.53071e-05,0,0,0.512487,-0.781717,1.09619,-0.491828,1.33298,-1.81937,-16.2621,-0.551267,0.723174,-0.104395,0,0,-5.77888e-17,-0,0,8.53071e-05,0,0,-0.512487,-0.781717,1.09619,-0.491828,1.33298,-1.81937,-16.2621,-0.551267,0.723174,-0.104395,0,0,5.32335e-17,-0.0688901,-0.0683527,0.547942,0.55225,-0.00112833,1.14338e-19,0,0,True,True
2.36,-0,0,6.45064e-05,0,0,0.511071,-0.776261,1.08609,-0.488301,1.32392,-1.8045,-16.1174,-0.547663,0.718409,-0.104846,0,0,-2.24055e-18,-0,0,-6.45064e-05,0,0,-0.511071,-0.776261,1.08609,-0.488301,1.32392,-1.8045,-16.1174,-0.547663,0.718409,-0.104846,0,0,-2.24055e-18,-0.06913,-0.0685972,0.544788,0.549019,-0.00119039,1.16674e-19,0,0,True,True
2.365,-0,0,0.00021654,0,0,0.509675,-0.770856,1.0755,-0.484751,1.31494,-1.78871,-15.974,-0.544083,0.713214,-0.105302,0,0,-2.17377e-18,-0,0,-0.00021654,0,0,-0.509675,-0.770856,1.0755,-0.484751,1.31494,-1.78871,-15.974,-0.544083,0.713214,-0.105302,0,0,-2.17377e-18,-0.0693733,-0.0688452,0.541296,0.545448,-0.00125173,1.19053e-19,0,0,True,True
2.37,-0,0,0.000370679,0,0,0.5083,-0.765506,1.0644,-0.481181,1.30604,-1.77198,-15.8319,-0.540531,0.707585,-0.105763,0,0,-2.06683e-18,-0,0,-0.000370679,0,0,-0.5083,-0.765506,1.0644,-0.481181,1.30604,-1.77198,-15.8319,-0.540531,0.707585,-0.105763,0,0,-2.06683e-18,-0.0696204,-0.0690968,0.537459,0.541532,-0.00131231,1.21474e-19,0,0,True,True
2.375,-0,0,0.000526799,0,0,0.506946,-0.760212,1.05279,-0.477594,1.29722,-1.7543,-15.6911,-0.537007,0.701515,-0.106229,0,0,-5.74167e-17,-0,0,-0.000526799,0,0,-0.506946,-0.760212,1.05279,-0.477594,1.29722,-1.7543,-15.6911,-0.537007,0.701515,-0.106229,0,0,5.36056e-17,-0.0698715,-0.0693522,0.533273,0.537265,-0.00137206,1.23934e-19,0,0,True,True
2.38,-0,0,0.000684769,0,0,0.505613,-0.754978,1.04067,-0.473993,1.28849,-1.73567,-15.5519,-0.533515,0.694998,-0.1067,0,0,-5.71821e-17,-0,0,-0.000684769,0,0,-0.505613,-0.754978,1.04067,-0.473993,1.28849,-1.73567,-15.5519,-0.533515,0.694998,-0.1067,0,0,5.38402e-17,-0.0701265,-0.0696116,0.528732,0.532643,-0.00143094,1.2643e-19,0,0,True,True
2.385,-0,0,0.000844448,0,0,0.504303,-0.749805,1.02803,-0.470383,1.27986,-1.71606,-15.4141,-0.530057,0.688031,-0.107176,0,0,-5.68487e-17,-0,0,-0.000844448,0,0,-0.504303,-0.749805,1.02803,-0.470383,1.27986,-1.71606,-15.4141,-0.530057,0.688031,-0.107176,0,0,5.41736e-17,-0.0703857,-0.0698749,0.523833,0.527662,-0.00148888,1.28959e-19,0,0,True,True
2.39,-0,0,0.00100569,0,0,0.503015,-0.744698,1.01487,-0.466768,1.27133,-1.69547,-15.278,-0.526635,0.680608,-0.107658,0,0,-8.70863e-19,-0,0,-0.00100569,0,0,-0.503015,-0.744698,1.01487,-0.466768,1.27133,-1.69547,-15.278,-0.526635,0.680608,-0.107658,0,0,-8.70863e-19,-0.0706488,-0.0701421,0.51857,0.522316,-0.00154583,1.31513e-19,0,0,True,True
2.395,-0,0,0.00116833,0,0,0.501751,-0.739657,1.00117,-0.46315,1.26291,-1.6739,-15.1435,-0.523251,0.672724,-0.108144,0,0,-2.24867e-19,-0,0,-0.00116833,0,0,-0.501751,-0.739657,1.00117,-0.46315,1.26291,-1.6739,-15.1435,-0.523251,0.672724,-0.108144,0,0,-2.24867e-19,-0.0709157,-0.070413,0.51294,0.516602,-0.00160173,1.34084e-19,0,0,True,True
2.4,-0,0,0.0013322,0,0,0.50051,-0.734686,0.986951,-0.459534,1.25459,-1.65133,-15.0108,-0.519908,0.664375,-0.108634,0,0,-5.48487e-17,-0,0,-0.0013322,0,0,-0.50051,-0.734686,0.986951,-0.459534,1.25459,-1.65133,-15.0108,-0.519908,0.664375,-0.108634,0,0,5.61736e-17,-0.071186,-0.0706871,0.506939,0.510517,-0.00165652,1.3666e-19,0,0,True,True
2.405,-0,0,0.00149713,0,0,0.499293,-0.729787,0.972193,-0.455923,1.24639,-1.62775,-14.8798,-0.516607,0.655558,-0.109128,0,0,-5.36369e-17,-0,0,-0.00149713,0,0,-0.499293,-0.729787,0.972193,-0.455923,1.24639,-1.62775,-14.8798,-0.516607,0.655558,-0.109128,0,0,5.73854e-17,-0.0714591,-0.0709639,0.500563,0.504056,-0.00171013,1.39223e-19,0,0,True,True
2.41,-0,0,0.00166292,0,0,0.498101,-0.724964,0.956895,-0.452323,1.23832,-1.60316,-14.7508,-0.513352,0.646269,-0.109623,0,0,-5.19887e-17,-0,0,-0.00166292,0,0,-0.498101,-0.724964,0.956895,-0.452323,1.23832,-1.60316,-14.7508,-0.513352,0.646269,-0.109623,0,0,5.90336e-17,-0.0717342,-0.0712426,0.493809,0.497216,-0.0017625,1.4175e-19,0,0,True,True
2.415,-0,0,0.0018294,0,0,0.496934,-0.720218,0.941055,-0.448736,1.23036,-1.57756,-14.6237,-0.510145,0.636504,-0.110119,0,0,-4.9754e-17,-0,0,-0.0018294,0,0,-0.496934,-0.720218,0.941055,-0.448736,1.23036,-1.57756,-14.6237,-0.510145,0.636504,-0.110119,0,0,6.12683e-17,-0.0720102,-0.0715221,0.486674,0.489995,-0.00181357,1.4421e-19,0,0,True,True
2.42,-0,0,0.00199634,0,0,0.495793,-0.715553,0.924669,-0.445168,1.22254,-1.55093,-14.4987,-0.506987,0.626262,-0.110612,0,0,-4.67309e-17,-0,0,-0.00199634,0,0,-0.495793,-0.715553,0.924669,-0.445168,1.22254,-1.55093,-14.4987,-0.506987,0.626262,-0.110612,0,0,6.42914e-17,-0.0722856,-0.071801,0.479156,0.48239,-0.00186328,1.4656e-19,0,0,True,True
2.425,-0,0,0.00216355,0,0,0.494677,-0.710972,0.907737,-0.441622,1.21485,-1.52328,-14.3758,-0.503882,0.61554,-0.111101,0,0,-4.26484e-17,-0,0,-0.00216355,0,0,-0.494677,-0.710972,0.907737,-0.441622,1.21485,-1.52328,-14.3758,-0.503882,0.61554,-0.111101,0,0,6.83739e-17,-0.0725587,-0.0720774,0.471252,0.474399,-0.00191156,1.48743e-19,0,0,True,True
2.43,-0,0,0.0023308,0,0,0.493588,-0.706476,0.890257,-0.438102,1.20731,-1.49459,-14.255,-0.500832,0.604336,-0.111581,0,0,1.83688e-17,-0,0,-0.0023308,0,0,-0.493588,-0.706476,0.890257,-0.438102,1.20731,-1.49459,-14.255,-0.500832,0.604336,-0.111581,0,0,1.83688e-17,-0.0728272,-0.0723492,0.462962,0.466021,-0.00195834,1.50681e-19,0,0,True,True
2.435,-0,0,0.00249787,0,0,0.492525,-0.702069,0.872227,-0.434614,1.19991,-1.46488,-14.1366,-0.497839,0.592649,-0.112049,0,0,2.57876e-17,-0,0,-0.00249787,0,0,-0.492525,-0.702069,0.872227,-0.434614,1.19991,-1.46488,-14.1366,-0.497839,0.592649,-0.112049,0,0,2.57876e-17,-0.0730884,-0.0726136,0.454283,0.457254,-0.00200355,1.52268e-19,0,0,True,True
2.44,-0,0,0.00266452,0,0,0.49149,-0.697754,0.853648,-0.43116,1.19266,-1.43413,-14.0204,-0.494905,0.580479,-0.112499,0,0,-2.09295e-17,-0,0,-0.00266452,0,0,-0.49149,-0.697754,0.853648,-0.43116,1.19266,-1.43413,-14.0204,-0.494905,0.580479,-0.112499,0,0,9.00928e-17,-0.073339,-0.0728674,0.445216,0.448097,-0.00204714,1.53362e-19,0,0,True,True
2.445,-0,0,0.00283052,0,0,0.490483,-0.693533,0.83452,-0.427746,1.18557,-1.40235,-13.9067,-0.492034,0.567827,-0.112926,0,0,3.94649e-17,-0,0,-0.00283052,0,0,-0.490483,-0.693533,0.83452,-0.427746,1.18557,-1.40235,-13.9067,-0.492034,0.567827,-0.112926,0,0,3.94649e-17,-0.0735753,-0.0731068,0.435759,0.438552,-0.00208903,1.53774e-19,0,0,True,True
2.45,-0,0,0.00299563,0,0,0.489503,-0.689408,0.814844,-0.424374,1.17864,-1.36954,-13.7955,-0.489227,0.554692,-0.113322,0,0,-1.98837e-17,-0,0,-0.00299563,0,0,-0.489503,-0.689408,0.814844,-0.424374,1.17864,-1.36954,-13.7955,-0.489227,0.554692,-0.113322,0,0,9.11386e-17,-0.0737928,-0.0733274,0.425914,0.428617,-0.00212915,1.53345e-19,0,0,True,True
2.455,-0,0,0.00315959,0,0,0.488552,-0.685384,0.794623,-0.421051,1.17187,-1.3357,-13.6869,-0.486487,0.541077,-0.11368,0,0,-2.84037e-17,-0,0,-0.00315959,0,0,-0.488552,-0.685384,0.794623,-0.421051,1.17187,-1.3357,-13.6869,-0.486487,0.541077,-0.11368,0,0,8.26186e-17,-0.0739866,-0.0735245,0.415682,0.418295,-0.00216744,1.52233e-19,0,0,True,True
2.46,-0,0,0.00332215,0,0,0.487629,-0.681462,0.773859,-0.417778,1.16528,-1.30084,-13.5809,-0.483816,0.526985,-0.113992,0,0,-3.60524e-17,-0,0,-0.00332215,0,0,-0.487629,-0.681462,0.773859,-0.417778,1.16528,-1.30084,-13.5809,-0.483816,0.526985,-0.113992,0,0,7.49699e-17,-0.0741514,-0.0736925,0.405064,0.407587,-0.00220382,1.50629e-19,0,0,True,True
2.465,-0,0,0.00348304,0,0,0.486736,-0.677646,0.752556,-0.414561,1.15886,-1.26497,-13.4776,-0.481217,0.512417,-0.114249,0,0,1.36804e-17,-0,0,-0.00348304,0,0,-0.486736,-0.677646,0.752556,-0.414561,1.15886,-1.26497,-13.4776,-0.481217,0.512417,-0.114249,0,0,1.36804e-17,-0.0742814,-0.0738258,0.394064,0.396496,-0.00223824,1.48674e-19,0,0,True,True
2.47,-0,0,0.00364199,0,0,0.485872,-0.673937,0.73072,-0.411404,1.15263,-1.2281,-13.3772,-0.478692,0.49738,-0.114442,0,0,-4.61235e-17,-0,0,-0.00364199,0,0,-0.485872,-0.673937,0.73072,-0.411404,1.15263,-1.2281,-13.3772,-0.478692,0.49738,-0.114442,0,0,6.48988e-17,-0.074371,-0.0739188,0.382683,0.385024,-0.00227061,1.46474e-19,0,0,True,True
2.475,-0,0,0.00379871,0,0,0.485038,-0.670338,0.708355,-0.408311,1.14658,-1.19023,-13.2796,-0.476243,0.481877,-0.114562,0,0,6.20758e-18,-0,0,-0.00379871,0,0,-0.485038,-0.670338,0.708355,-0.408311,1.14658,-1.19023,-13.2796,-0.476243,0.481877,-0.114562,0,0,6.20758e-18,-0.0744146,-0.073966,0.370927,0.373176,-0.00230088,1.44106e-19,0,0,True,True
2.48,-0,0,0.00395289,0,0,0.484234,-0.666853,0.68547,-0.405287,1.14073,-1.15138,-13.185,-0.473873,0.465914,-0.114603,0,0,3.85611e-18,-0,0,-0.00395289,0,0,-0.484234,-0.666853,0.68547,-0.405287,1.14073,-1.15138,-13.185,-0.473873,0.465914,-0.114603,0,0,3.85611e-18,-0.0744081,-0.0739631,0.358799,0.360957,-0.00232898,1.41628e-19,0,0,True,True
2.485,-0,0,0.00410417,0,0,0.48346,-0.663484,0.662071,-0.402338,1.13507,-1.11157,-13.0934,-0.471584,0.449498,-0.11456,0,0,2.12119e-18,-0,0,-0.00410417,0,0,-0.48346,-0.663484,0.662071,-0.402338,1.13507,-1.11157,-13.0934,-0.471584,0.449498,-0.11456,0,0,2.12119e-18,-0.0743488,-0.0739078,0.346305,0.348371,-0.00235483,1.39084e-19,0,0,True,True
2.49,-0,0,0.00425215,0,0,0.482717,-0.660232,0.638168,-0.399471,1.12961,-1.07081,-13.005,-0.469378,0.432638,-0.114435,0,0,-5.46662e-17,-0,0,-0.00425215,0,0,-0.482717,-0.660232,0.638168,-0.399471,1.12961,-1.07081,-13.005,-0.469378,0.432638,-0.114435,0,0,5.63561e-17,-0.0742374,-0.0738004,0.333451,0.335426,-0.00237838,1.36503e-19,0,0,True,True
2.495,-0,0,0.00439637,0,0,0.482005,-0.657102,0.613771,-0.396695,1.12436,-1.02911,-12.9198,-0.467258,0.415342,-0.114236,0,0,-5.56013e-17,-0,0,-0.00439637,0,0,-0.482005,-0.657102,0.613771,-0.396695,1.12436,-1.02911,-12.9198,-0.467258,0.415342,-0.114236,0,0,5.5421e-17,-0.0740794,-0.0736465,0.320245,0.322127,-0.00239956,1.3391e-19,0,0,True,True
2.5,-0,0,0.00453626,0,0,0.481324,-0.654095,0.588893,-0.394021,1.11932,-0.986512,-12.8379,-0.465225,0.39762,-0.113982,0,0,-7.71601e-19,-0,0,-0.00453626,0,0,-0.481324,-0.654095,0.588893,-0.394021,1.11932,-0.986512,-12.8379,-0.465225,0.39762,-0.113982,0,0,-7.71601e-19,-0.0738868,-0.0734581,0.306694,0.308484,-0.0024183,1.31321e-19,0,0,True,True
2.505,-0,0,0.00467112,0,0,0.480675,-0.651213,0.563544,-0.391464,1.11449,-0.943026,-12.7594,-0.463282,0.379482,-0.113705,0,0,-5.67757e-17,-0,0,-0.00467112,0,0,-0.480675,-0.651213,0.563544,-0.391464,1.11449,-0.943026,-12.7594,-0.463282,0.379482,-0.113705,0,0,5.42466e-17,-0.0736814,-0.0732568,0.292808,0.294505,-0.00243455,1.28749e-19,0,0,True,True
2.51,-0,0,0.00480009,0,0,0.480057,-0.648459,0.53774,-0.389044,1.10989,-0.898681,-12.6845,-0.46143,0.360941,-0.113458,0,0,-1.61734e-18,-0,0,-0.00480009,0,0,-0.480057,-0.648459,0.53774,-0.389044,1.10989,-0.898681,-12.6845,-0.46143,0.360941,-0.113458,0,0,-1.61734e-18,-0.0734972,-0.0730764,0.278594,0.280199,-0.00244823,1.26203e-19,0,0,True,True
2.515,-0,0,0.00492208,0,0,0.479472,-0.645836,0.511496,-0.386787,1.10551,-0.853505,-12.6132,-0.459672,0.342009,-0.11332,0,0,-1.8662e-18,-0,0,-0.00492208,0,0,-0.479472,-0.645836,0.511496,-0.386787,1.10551,-0.853505,-12.6132,-0.459672,0.342009,-0.11332,0,0,-1.8662e-18,-0.0733845,-0.0729669,0.264065,0.265576,-0.0024593,1.23688e-19,0,0,True,True
2.52,-0,0,0.00503576,0,0,0.478919,-0.643344,0.484828,-0.384724,1.10135,-0.807529,-12.5456,-0.45801,0.3227,-0.113397,0,0,-2.03794e-18,-0,0,-0.00503576,0,0,-0.478919,-0.643344,0.484828,-0.384724,1.10135,-0.807529,-12.5456,-0.45801,0.3227,-0.113397,0,0,-2.03794e-18,-0.0734126,-0.0729973,0.249231,0.250649,-0.00246769,1.2121e-19,0,0,True,True
2.525,-0,0,0.0051395,0,0,0.478398,-0.640987,0.457755,-0.382898,1.09743,-0.760784,-12.482,-0.456445,0.303029,-0.113831,0,0,-5.76637e-17,-0,0,-0.0051395,0,0,-0.478398,-0.640987,0.457755,-0.382898,1.09743,-0.760784,-12.482,-0.456445,0.303029,-0.113831,0,0,5.33586e-17,-0.0736731,-0.0732586,0.234103,0.235427,-0.00247335,1.18771e-19,0,0,True,True
2.53,-0,0,0.00523137,0,0,0.47791,-0.638767,0.430296,-0.381357,1.09375,-0.713306,-12.4225,-0.45498,0.28301,-0.114799,0,0,-2.22486e-18,-0,0,-0.00523137,0,0,-0.47791,-0.638767,0.430296,-0.381357,1.09375,-0.713306,-12.4225,-0.45498,0.28301,-0.114799,0,0,-2.22486e-18,-0.07428,-0.0738642,0.218694,0.219925,-0.00247621,1.16374e-19,0,0,True,True
2.535,-0,0,0.00530919,0,0,0.477455,-0.636684,0.402473,-0.380157,1.0903,-0.665133,-12.3672,-0.453615,0.26266,-0.116505,0,0,-5.77771e-17,-0,0,-0.00530919,0,0,-0.477455,-0.636684,0.402473,-0.380157,1.0903,-0.665133,-12.3672,-0.453615,0.26266,-0.116505,0,0,5.32452e-17,-0.0753658,-0.074946,0.203017,0.204154,-0.00247622,1.1402e-19,0,0,True,True
2.54,-0,0,0.00537073,0,0,0.477032,-0.634742,0.374307,-0.379356,1.0871,-0.616302,-12.3164,-0.452353,0.241994,-0.119166,0,0,-5.77953e-17,-0,0,-0.00537073,0,0,-0.477032,-0.634742,0.374307,-0.379356,1.0871,-0.616302,-12.3164,-0.452353,0.241994,-0.119166,0,0,5.3227e-17,-0.07707,-0.0766426,0.187086,0.188129,-0.00247333,1.11709e-19,0,0,True,True
2.545,-0,0,0.00541402,0,0,0.476643,-0.632941,0.345823,-0.379006,1.08414,-0.566854,-12.2703,-0.451195,0.221031,-0.122966,0,0,-2.28546e-18,-0,0,-0.00541402,0,0,-0.476643,-0.632941,0.345823,-0.379006,1.08414,-0.566854,-12.2703,-0.451195,0.221031,-0.122966,0,0,-2.28546e-18,-0.079512,-0.0790728,0.170914,0.171863,-0.00246747,1.09442e-19,0,0,True,True
2.55,-0,0,0.00543806,0,0,0.476288,-0.631284,0.317046,-0.379129,1.08143,-0.516834,-12.2289,-0.450143,0.199788,-0.127983,0,0,-5.77856e-17,-0,0,-0.00543806,0,0,-0.476288,-0.631284,0.317046,-0.379129,1.08143,-0.516834,-12.2289,-0.450143,0.199788,-0.127983,0,0,5.32367e-17,-0.0827405,-0.0822852,0.154516,0.155371,-0.00245858,1.07218e-19,0,0,True,True
2.555,-0,0,0.00544402,0,0,0.475965,-0.629771,0.288002,-0.37969,1.07897,-0.466286,-12.1922,-0.449197,0.178284,-0.134042,0,0,-5.77658e-17,-0,0,-0.00544402,0,0,-0.475965,-0.629771,0.288002,-0.37969,1.07897,-0.466286,-12.1922,-0.449197,0.178284,-0.134042,0,0,5.32565e-17,-0.0866434,-0.0861682,0.137907,0.138668,-0.0024466,1.05038e-19,0,0,True,True
2.56,-0,0,0.00543733,0,0,0.475677,-0.628404,0.258718,-0.380534,1.07676,-0.415257,-12.1599,-0.44836,0.156539,-0.140484,0,0,-5.77395e-17,-0,0,-0.00543733,0,0,-0.475677,-0.628404,0.258718,-0.380534,1.07676,-0.415257,-12.1599,-0.44836,0.156539,-0.140484,0,0,5.32828e-17,-0.0907943,-0.0902978,0.121104,0.12177,-0.00243148,1.02901e-19,0,0,True,True
2.565,-0,0,0.00543105,0,0,0.475422,-0.627184,0.229221,-0.381295,1.07482,-0.363796,-12.1311,-0.447632,0.134575,-0.145771,0,0,-2.19756e-18,-0,0,-0.00543105,0,0,-0.475422,-0.627184,0.229221,-0.381295,1.07482,-0.363796,-12.1311,-0.447632,0.134575,-0.145771,0,0,-2.19756e-18,-0.0941999,-0.093686,0.104125,0.104696,-0.00241314,1.00807e-19,0,0,True,True
2.57,-0,0,0.00545134,0,0,0.4752,-0.626112,0.199534,-0.381242,1.07313,-0.311953,-12.1043,-0.447014,0.112419,-0.146861,0,0,-5.76748e-17,-0,0,-0.00545134,0,0,-0.4752,-0.626112,0.199534,-0.381242,1.07313,-0.311953,-12.1043,-0.447014,0.112419,-0.146861,0,0,5.33475e-17,-0.0948941,-0.0943776,0.0869915,0.0874676,-0.00239154,9.87546e-20,0,0,True,True
2.575,-0,0,0.00554607,0,0,0.475013,-0.625188,0.169677,-0.379041,1.0717,-0.259782,-12.0763,-0.446508,0.0901048,-0.138213,0,0,-2.1276e-18,-0,0,-0.00554607,0,0,-0.475013,-0.625188,0.169677,-0.379041,1.0717,-0.259782,-12.0763,-0.446508,0.0901048,-0.138213,0,0,-2.1276e-18,-0.0892982,-0.088813,0.0697306,0.0701115,-0.00236663,9.67435e-20,0,0,True,True
2.58,-0,0,0.00579823,0,0,0.47486,-0.624415,0.139661,-0.372381,1.07053,-0.20734,-12.042,-0.446113,0.0676791,-0.110247,0,0,-5.76014e-17,-0,0,-0.00579823,0,0,-0.47486,-0.624415,0.139661,-0.372381,1.07053,-0.20734,-12.042,-0.446113,0.0676791,-0.110247,0,0,5.34209e-17,-0.0712247,-0.0708383,0.0523793,0.052665,-0.00233839,9.4773e-20,0,0,True,True
2.585,-0,0,0.00634638,0,0,0.47474,-0.623792,0.10948,-0.357407,1.06962,-0.154688,-11.9924,-0.445831,0.0452088,-0.0469912,0,0,-5.75632e-17,-0,0,-0.00634638,0,0,-0.47474,-0.623792,0.10948,-0.357407,1.06962,-0.154688,-11.9924,-0.445831,0.0452088,-0.0469912,0,0,5.34591e-17,-0.0303571,-0.0301926,0.0349904,0.0351811,-0.00230689,9.28424e-20,0,0,True,True
2.59,-0,0,0.00739294,0,0,0.474655,-0.62332,0.0791007,-0.328485,1.06898,-0.101895,-11.9147,-0.445661,0.0227946,0.0748693,0,0,-5.75246e-17,-0,0,-0.00739294,0,0,-0.474655,-0.62332,0.0791007,-0.328485,1.06898,-0.101895,-11.9147,-0.445661,0.0227946,0.0748693,0,0,5.34977e-17,0.0483655,0.0481035,0.0176429,0.017739,-0.00227226,9.0951e-20,0,0,True,True
2.595,-0,0,0.00724506,0,0,0.485668,-0.623001,0.0484548,-0.327723,1.0686,-0.0490374,-12.2355,-0.445603,0.000582542,0.109633,0,0,-5.7486e-17,-0,0,-0.00724506,0,0,-0.485668,-0.623001,0.0484548,-0.327723,1.0686,-0.0490374,-12.2355,-0.445603,0.000582542,0.109633,0,0,5.35363e-17,0.0708219,0.0704383,0.000450889,0.000453344,-0.00223487,8.9098e-20,0,0,True,True
2.6,-0,0,0.00389343,0,0,0.51884,-0.622835,0.025396,-0.40604,1.06849,-0.00936986,-13.4018,-0.445655,-0.0160261,-0.124483,0,0,-5.74476e-17,-0,0,-0.00389343,0,0,-0.51884,-0.622835,0.025396,-0.40604,1.06849,-0.00936986,-13.4018,-0.445655,-0.0160261,-0.124483,0,0,5.35747e-17,-0.0804159,-0.0799802,-0.0124042,-0.0124717,-0.00219532,8.72827e-20,0,0,True,True
2.605,-0,0,0.000509408,0,0,0.552029,-0.622747,0.0178332,-0.485224,1.06851,0.00387952,-14.5718,-0.445763,-0.0217127,-0.361145,0,0,-5.74094e-17,-0,0,-0.000509408,0,0,-0.552029,-0.622747,0.0178332,-0.485224,1.06851,0.00387952,-14.5718,-0.445763,-0.0217127,-0.361145,0,0,5.36129e-17,-0.233303,-0.232039,-0.0168052,-0.0168968,-0.00215447,8.55043e-20,0,0,True,True
2.61,-0,0,0.000309743,0,0,0.563093,-0.622657,0.0178922,-0.485793,1.06853,0.00388473,-14.9012,-0.445872,-0.021777,-0.329532,0,0,-1.8605e-18,-0,0,-0.000309743,0,0,-0.563093,-0.622657,0.0178922,-0.485793,1.06853,0.00388473,-14.9012,-0.445872,-0.021777,-0.329532,0,0,-1.8605e-18,-0.212885,-0.211731,-0.0168547,-0.0169465,-0.00211319,8.37621e-20,0,0,True,True
2.615,-0,0,0.00133493,0,0,0.563093,-0.622568,0.0177425,-0.457277,1.06855,0.00384467,-14.8339,-0.445981,-0.0215872,-0.206372,0,0,-1.82327e-18,-0,0,-0.00133493,0,0,-0.563093,-0.622568,0.0177425,-0.457277,1.06855,0.00384467,-14.8339,-0.445981,-0.0215872,-0.206372,0,0,-1.82327e-18,-0.133324,-0.132601,-0.0167075,-0.0167986,-0.00207208,8.20554e-20,0,0,True,True
2.62,-0,0,0.0018798,0,0,0.563093,-0.62248,0.0174759,-0.442122,1.06857,0.00377954,-14.7972,-0.446088,-0.0212555,-0.138595,0,0,-5.72978e-17,-0,0,-0.0018798,0,0,-0.563093,-0.62248,0.0174759,-0.442122,1.06857,0.00377954,-14.7972,-0.446088,-0.0212555,-0.138595,0,0,5.37245e-17,-0.0895389,-0.0890531,-0.0164504,-0.0165402,-0.0020315,8.03834e-20,0,0,True,True
2.625,-0,0,0.00212358,0,0,0.563093,-0.622393,0.0171529,-0.435342,1.06859,0.00370257,-14.7799,-0.446194,-0.0208554,-0.10558,0,0,-5.72617e-17,-0,0,-0.00212358,0,0,-0.563093,-0.622393,0.0171529,-0.435342,1.06859,0.00370257,-14.7799,-0.446194,-0.0208554,-0.10558,0,0,5.37606e-17,-0.0682107,-0.0678405,-0.0161405,-0.0162286,-0.00199164,7.87456e-20,0,0,True,True
2.63,-0,0,0.0021957,0,0,0.563093,-0.622308,0.0168084,-0.433337,1.0686,0.0036214,-14.7736,-0.446297,-0.0204298,-0.0924318,0,0,-5.72263e-17,-0,0,-0.0021957,0,0,-0.563093,-0.622308,0.0168084,-0.433337,1.0686,0.0036214,-14.7736,-0.446297,-0.0204298,-0.0924318,0,0,5.3796e-17,-0.0597173,-0.0593931,-0.0158109,-0.0158972,-0.00195257,7.71411e-20,0,0,True,True
2.635,-0,0,0.00217577,0,0,0.563093,-0.622225,0.0164621,-0.433892,1.06862,0.00354022,-14.7732,-0.446398,-0.0200023,-0.0899833,0,0,-5.71915e-17,-0,0,-0.00217577,0,0,-0.563093,-0.622225,0.0164621,-0.433892,1.06862,0.00354022,-14.7732,-0.446398,-0.0200023,-0.0899833,0,0,5.38308e-17,-0.0581365,-0.0578207,-0.0154797,-0.0155642,-0.00191431,7.55694e-20,0,0,True,True
2.64,-0,0,0.00211141,0,0,0.563093,-0.622144,0.0161235,-0.435683,1.06864,0.00346115,-14.7756,-0.446497,-0.0195847,-0.0927507,0,0,-5.71573e-17,-0,0,-0.00211141,0,0,-0.563093,-0.622144,0.0161235,-0.435683,1.06864,0.00346115,-14.7756,-0.446497,-0.0195847,-0.0927507,0,0,5.3865e-17,-0.0599254,-0.0595998,-0.0151563,-0.0152391,-0.00187685,7.40297e-20,0,0,True,True
2.645,-0,0,0.00203002,0,0,0.563093,-0.622064,0.0157972,-0.437947,1.06866,0.00338507,-14.7792,-0.446594,-0.0191823,-0.0975742,0,0,-5.71238e-17,-0,0,-0.00203002,0,0,-0.563093,-0.622064,0.0157972,-0.437947,1.06866,0.00338507,-14.7792,-0.446594,-0.0191823,-0.0975742,0,0,5.38985e-17,-0.0630429,-0.0627003,-0.0148446,-0.0149257,-0.00184017,7.25214e-20,0,0,True,True
2.65,-0,0,0.00194653,0,0,0.563093,-0.621986,0.0154842,-0.44027,1.06867,0.00331222,-14.783,-0.446689,-0.0187964,-0.102732,0,0,-5.7091e-17,-0,0,-0.00194653,0,0,-0.563093,-0.621986,0.0154842,-0.44027,1.06867,0.00331222,-14.783,-0.446689,-0.0187964,-0.102732,0,0,5.39313e-17,-0.0663768,-0.0660159,-0.0145458,-0.0146253,-0.00180422,7.10439e-20,0,0,True,True
2.655,-0,0,0.0018683,0,0,0.563093,-0.621909,0.015184,-0.442447,1.06869,0.00324247,-14.7865,-0.446782,-0.0184265,-0.107372,0,0,-5.70588e-17,-0,0,-0.0018683,0,0,-0.563093,-0.621909,0.015184,-0.442447,1.06869,0.00324247,-14.7865,-0.446782,-0.0184265,-0.107372,0,0,5.39635e-17,-0.0693753,-0.068998,-0.0142593,-0.0143373,-0.00176899,6.95965e-20,0,0,True,True
2.66,-0,0,0.00179834,0,0,0.563093,-0.621834,0.0148956,-0.444394,1.06871,0.00317552,-14.7894,-0.446873,-0.0180711,-0.111143,0,0,-5.70273e-17,-0,0,-0.00179834,0,0,-0.563093,-0.621834,0.0148956,-0.444394,1.06871,0.00317552,-14.7894,-0.446873,-0.0180711,-0.111143,0,0,5.3995e-17,-0.0718135,-0.0714228,-0.013984,-0.0140605,-0.00173444,6.81786e-20,0,0,True,True
2.665,-0,0,0.00173722,0,0,0.563093,-0.62176,0.0146174,-0.446094,1.06872,0.00311107,-14.7918,-0.446962,-0.0177284,-0.113979,0,0,-5.69963e-17,-0,0,-0.00173722,0,0,-0.563093,-0.62176,0.0146174,-0.446094,1.06872,0.00311107,-14.7918,-0.446962,-0.0177284,-0.113979,0,0,5.4026e-17,-0.0736468,-0.073246,-0.0137187,-0.0137937,-0.00170055,6.67896e-20,0,0,True,True
2.67,-0,0,0.00168426,0,0,0.563093,-0.621688,0.014348,-0.447568,1.06874,0.00304881,-14.7938,-0.44705,-0.0173968,-0.115952,0,0,-5.6966e-17,-0,0,-0.00168426,0,0,-0.563093,-0.621688,0.014348,-0.447568,1.06874,0.00304881,-14.7938,-0.44705,-0.0173968,-0.115952,0,0,5.40563e-17,-0.0749229,-0.074515,-0.0134619,-0.0135355,-0.00166729,6.5429e-20,0,0,True,True
2.675,-0,0,0.00163829,0,0,0.563093,-0.621616,0.0140864,-0.448847,1.06875,0.00298844,-14.7953,-0.447136,-0.0170748,-0.117198,0,0,-5.69364e-17,-0,0,-0.00163829,0,0,-0.563093,-0.621616,0.0140864,-0.448847,1.06875,0.00298844,-14.7953,-0.447136,-0.0170748,-0.117198,0,0,5.4086e-17,-0.0757287,-0.0753163,-0.0132125,-0.0132848,-0.00163465,6.40961e-20,0,0,True,True
2.68,-0,0,0.00159798,0,0,0.563093,-0.621547,0.0138314,-0.449969,1.06877,0.00292976,-14.7965,-0.447221,-0.0167612,-0.117865,0,0,-5.69073e-17,-0,0,-0.00159798,0,0,-0.563093,-0.621547,0.0138314,-0.449969,1.06877,0.00292976,-14.7965,-0.447221,-0.0167612,-0.117865,0,0,5.4115e-17,-0.0761612,-0.0757464,-0.0129696,-0.0130406,-0.0016026,6.27904e-20,0,0,True,True
2.685,-0,0,0.00156208,0,0,0.563093,-0.621478,0.0135823,-0.450968,1.06878,0.00287257,-14.7974,-0.447304,-0.0164549,-0.118097,0,0,-5.68788e-17,-0,0,-0.00156208,0,0,-0.563093,-0.621478,0.0135823,-0.450968,1.06878,0.00287257,-14.7974,-0.447304,-0.0164549,-0.118097,0,0,5.41435e-17,-0.0763123,-0.0758965,-0.0127324,-0.0128022,-0.00157114,6.15113e-20,0,0,True,True
2.69,-0,0,0.00152952,0,0,0.563093,-0.621411,0.0133385,-0.451874,1.0688,0.00281675,-14.7981,-0.447386,-0.0161553,-0.118017,0,0,-5.68509e-17,-0,0,-0.00152952,0,0,-0.563093,-0.621411,0.0133385,-0.451874,1.0688,0.00281675,-14.7981,-0.447386,-0.0161553,-0.118017,0,0,5.41714e-17,-0.0762612,-0.0758455,-0.0125004,-0.0125689,-0.00154026,6.02583e-20,0,0,True,True
2.695,-0,0,0.0014994,0,0,0.563093,-0.621345,0.0130996,-0.452712,1.06881,0.00276218,-14.7987,-0.447466,-0.0158617,-0.117723,0,0,-1.31236e-18,-0,0,-0.0014994,0,0,-0.563093,-0.621345,0.0130996,-0.452712,1.06881,0.00276218,-14.7987,-0.447466,-0.0158617,-0.117723,0,0,-1.31236e-18,-0.0760725,-0.0756578,-0.0122731,-0.0123404,-0.00150993,5.90309e-20,0,0,True,True
2.7,-0,0,0.00147104,0,0,0.563093,-0.62128,0.0128651,-0.453501,1.06882,0.00270878,-14.7992,-0.447544,-0.0155739,-0.117295,0,0,-5.67967e-17,-0,0,-0.00147104,0,0,-0.563093,-0.62128,0.0128651,-0.453501,1.06882,0.00270878,-14.7992,-0.447544,-0.0155739,-0.117295,0,0,5.42256e-17,-0.0757968,-0.0753835,-0.0120502,-0.0121163,-0.00148014,5.78285e-20,0,0,True,True
2.705,-0,0,0.00144392,0,0,0.563093,-0.621216,0.012635,-0.454256,1.06884,0.0026565,-14.7996,-0.447621,-0.0152915,-0.116791,0,0,-5.67705e-17,-0,0,-0.00144392,0,0,-0.563093,-0.621216,0.012635,-0.454256,1.06884,0.0026565,-14.7996,-0.447621,-0.0152915,-0.116791,0,0,5.42518e-17,-0.075472,-0.0750603,-0.0118315,-0.0118964,-0.0014509,5.66506e-20,0,0,True,True
2.71,-0,0,0.00141766,0,0,0.563093,-0.621154,0.012409,-0.454987,1.06885,0.0026053,-14.8001,-0.447697,-0.0150143,-0.116253,0,0,-1.23362e-18,-0,0,-0.00141766,0,0,-0.563093,-0.621154,0.012409,-0.454987,1.06885,0.0026053,-14.8001,-0.447697,-0.0150143,-0.116253,0,0,-1.23362e-18,-0.0751254,-0.0747155,-0.0116169,-0.0116806,-0.00142218,5.54968e-20,0,0,True,True
2.715,-0,0,0.00139199,0,0,0.563093,-0.621092,0.012187,-0.455701,1.06886,0.00255514,-14.8005,-0.447771,-0.0147421,-0.115711,0,0,-5.67196e-17,-0,0,-0.00139199,0,0,-0.563093,-0.621092,0.012187,-0.455701,1.06886,0.00255514,-14.8005,-0.447771,-0.0147421,-0.115711,0,0,5.43027e-17,-0.074776,-0.0743679,-0.0114062,-0.0114688,-0.00139399,5.43664e-20,0,0,True,True
2.72,-0,0,0.00136675,0,0,0.563093,-0.621032,0.011969,-0.456404,1.06888,0.00250601,-14.8009,-0.447844,-0.014475,-0.115183,0,0,-5.66949e-17,-0,0,-0.00136675,0,0,-0.563093,-0.621032,0.011969,-0.456404,1.06888,0.00250601,-14.8009,-0.447844,-0.014475,-0.115183,0,0,5.43274e-17,-0.0744363,-0.0740299,-0.0111993,-0.0112608,-0.0013663,5.32591e-20,0,0,True,True
2.725,-0,0,0.0013418,0,0,0.563093,-0.620972,0.0117548,-0.457098,1.06889,0.00245787,-14.8013,-0.447916,-0.0142127,-0.114683,0,0,-1.1596e-18,-0,0,-0.0013418,0,0,-0.563093,-0.620972,0.0117548,-0.457098,1.06889,0.00245787,-14.8013,-0.447916,-0.0142127,-0.114683,0,0,-1.1596e-18,-0.074114,-0.0737093,-0.0109963,-0.0110567,-0.00133911,5.21744e-20,0,0,True,True
2.73,-0,0,0.0013171,0,0,0.563093,-0.620914,0.0115446,-0.457785,1.0689,0.00241072,-14.8017,-0.447987,-0.0139553,-0.114216,0,0,-5.66471e-17,-0,0,-0.0013171,0,0,-0.563093,-0.620914,0.0115446,-0.457785,1.0689,0.00241072,-14.8017,-0.447987,-0.0139553,-0.114216,0,0,5.43752e-17,-0.0738132,-0.07341,-0.010797,-0.0108563,-0.00131241,5.11118e-20,0,0,True,True
2.735,-0,0,0.0012926,0,0,0.563093,-0.620857,0.0113381,-0.458467,1.06891,0.00236455,-14.8021,-0.448056,-0.0137027,-0.113786,0,0,-5.66239e-17,-0,0,-0.0012926,0,0,-0.563093,-0.620857,0.0113381,-0.458467,1.06891,0.00236455,-14.8021,-0.448056,-0.0137027,-0.113786,0,0,5.43984e-17,-0.0735356,-0.0731339,-0.0106014,-0.0106597,-0.00128619,5.00709e-20,0,0,True,True
2.74,-0,0,0.00126829,0,0,0.563093,-0.620801,0.0111355,-0.459143,1.06892,0.00231933,-14.8025,-0.448124,-0.0134548,-0.113391,0,0,-5.66012e-17,-0,0,-0.00126829,0,0,-0.563093,-0.620801,0.0111355,-0.459143,1.06892,0.00231933,-14.8025,-0.448124,-0.0134548,-0.113391,0,0,5.44211e-17,-0.0732813,-0.0728809,-0.0104096,-0.0104668,-0.00126045,4.90512e-20,0,0,True,True
2.745,-0,0,0.00124419,0,0,0.563093,-0.620746,0.0109367,-0.459814,1.06894,0.00227507,-14.8029,-0.44819,-0.0132117,-0.11303,0,0,-5.65789e-17,-0,0,-0.00124419,0,0,-0.563093,-0.620746,0.0109367,-0.459814,1.06894,0.00227507,-14.8029,-0.44819,-0.0132117,-0.11303,0,0,5.44434e-17,-0.0730493,-0.07265,-0.0102214,-0.0102775,-0.00123517,4.80523e-20,0,0,True,True
2.75,-0,0,0.00122029,0,0,0.563093,-0.620691,0.0107416,-0.460479,1.06895,0.00223173,-14.8034,-0.448256,-0.0129733,-0.112702,0,0,-1.04598e-18,-0,0,-0.00122029,0,0,-0.563093,-0.620691,0.0107416,-0.460479,1.06895,0.00223173,-14.8034,-0.448256,-0.0129733,-0.112702,0,0,-1.04598e-18,-0.0728378,-0.0724396,-0.0100368,-0.010092,-0.00121034,4.70738e-20,0,0,True,True
2.755,-0,0,0.00119663,0,0,0.563093,-0.620638,0.0105502,-0.461137,1.06896,0.00218932,-14.8038,-0.44832,-0.0127395,-0.112402,0,0,-5.65358e-17,-0,0,-0.00119663,0,0,-0.563093,-0.620638,0.0105502,-0.461137,1.06896,0.00218932,-14.8038,-0.44832,-0.0127395,-0.112402,0,0,5.44865e-17,-0.072645,-0.0722478,-0.0098558,-0.00990999,-0.00118596,4.61152e-20,0,0,True,True
2.76,-0,0,0.00117321,0,0,0.563093,-0.620586,0.0103625,-0.461789,1.06897,0.00214781,-14.8043,-0.448383,-0.0125103,-0.112129,0,0,-5.65149e-17,-0,0,-0.00117321,0,0,-0.563093,-0.620586,0.0103625,-0.461789,1.06897,0.00214781,-14.8043,-0.448383,-0.0125103,-0.112129,0,0,5.45074e-17,-0.0724689,-0.0720725,-0.00967837,-0.0097316,-0.00116202,4.51761e-20,0,0,True,True
2.765,-0,0,0.00115006,0,0,0.563093,-0.620534,0.0101784,-0.462433,1.06898,0.0021072,-14.8047,-0.448445,-0.0122856,-0.111877,0,0,-5.64944e-17,-0,0,-0.00115006,0,0,-0.563093,-0.620534,0.0101784,-0.462433,1.06898,0.0021072,-14.8047,-0.448445,-0.0122856,-0.111877,0,0,5.45279e-17,-0.0723073,-0.0719118,-0.00950446,-0.00955674,-0.00113851,4.42562e-20,0,0,True,True
2.77,-0,0,0.00112719,0,0,0.563093,-0.620484,0.00999798,-0.46307,1.06899,0.00206746,-14.8052,-0.448506,-0.0120654,-0.111646,0,0,-5.64743e-17,-0,0,-0.00112719,0,0,-0.563093,-0.620484,0.00999798,-0.46307,1.06899,0.00206746,-14.8052,-0.448506,-0.0120654,-0.111646,0,0,5.4548e-17,-0.0721585,-0.0717636,-0.00933402,-0.00938538,-0.00111542,4.33551e-20,0,0,True,True
2.775,-0,0,0.00110462,0,0,0.563093,-0.620435,0.0098211,-0.463698,1.069,0.00202859,-14.8056,-0.448566,-0.0118497,-0.111432,0,0,-5.64547e-17,-0,0,-0.00110462,0,0,-0.563093,-0.620435,0.0098211,-0.463698,1.069,0.00202859,-14.8056,-0.448566,-0.0118497,-0.111432,0,0,5.45676e-17,-0.0720206,-0.0716265,-0.00916702,-0.00921746,-0.00109273,4.24723e-20,0,0,True,True
2.78,-0,0,0.00108235,0,0,0.563093,-0.620386,0.00964773,-0.464317,1.06901,0.00199057,-14.806,-0.448624,-0.0116383,-0.111232,0,0,-5.64354e-17,-0,0,-0.00108235,0,0,-0.563093,-0.620386,0.00964773,-0.464317,1.06901,0.00199057,-14.806,-0.448624,-0.0116383,-0.111232,0,0,5.45869e-17,-0.0718922,-0.0714986,-0.00900339,-0.00905295,-0.00107046,4.16075e-20,0,0,True,True
2.785,-0,0,0.0010604,0,0,0.563093,-0.620338,0.00947783,-0.464928,1.06902,0.00195338,-14.8065,-0.448682,-0.0114312,-0.111044,0,0,-9.05385e-19,-0,0,-0.0010604,0,0,-0.563093,-0.620338,0.00947783,-0.464928,1.06902,0.00195338,-14.8065,-0.448682,-0.0114312,-0.111044,0,0,-9.05385e-19,-0.0717718,-0.0713789,-0.0088431,-0.00889178,-0.00104858,4.07604e-20,0,0,True,True
2.79,-0,0,0.00103877,0,0,0.563093,-0.620291,0.00931135,-0.46553,1.06903,0.001917,-14.8069,-0.448739,-0.0112284,-0.110868,0,0,-5.63981e-17,-0,0,-0.00103877,0,0,-0.563093,-0.620291,0.00931135,-0.46553,1.06903,0.001917,-14.8069,-0.448739,-0.0112284,-0.110868,0,0,5.46242e-17,-0.0716584,-0.071266,-0.00868609,-0.00873392,-0.00102708,3.99305e-20,0,0,True,True
2.795,-0,0,0.00101748,0,0,0.563093,-0.620245,0.00914824,-0.466122,1.06904,0.00188144,-14.8074,-0.448794,-0.0110297,-0.1107,0,0,-5.638e-17,-0,0,-0.00101748,0,0,-0.563093,-0.620245,0.00914824,-0.466122,1.06904,0.00188144,-14.8074,-0.448794,-0.0110297,-0.1107,0,0,5.46423e-17,-0.0715509,-0.071159,-0.00853231,-0.0085793,-0.00100597,3.91175e-20,0,0,True,True
2.8,-0,0,0.000996513,0,0,0.563093,-0.6202,0.00898845,-0.466705,1.06905,0.00184666,-14.8078,-0.448849,-0.0108351,-0.110541,0,0,-8.51078e-19,-0,0,-0.000996513,0,0,-0.563093,-0.6202,0.00898845,-0.466705,1.06905,0.00184666,-14.8078,-0.448849,-0.0108351,-0.110541,0,0,-8.51078e-19,-0.0714484,-0.071057,-0.00838172,-0.00842789,-0.000985224,3.83211e-20,0,0,True,True
2.805,-0,0,0.000975881,0,0,0.563093,-0.620155,0.00883193,-0.467279,1.06906,0.00181265,-14.8082,-0.448903,-0.0106446,-0.110388,0,0,-5.63449e-17,-0,0,-0.000975881,0,0,-0.563093,-0.620155,0.00883193,-0.467279,1.06906,0.00181265,-14.8082,-0.448903,-0.0106446,-0.110388,0,0,5.46774e-17,-0.0713503,-0.0709594,-0.00823426,-0.00827963,-0.000964846,3.75409e-20,0,0,True,True
2.81,-0,0,0.000955583,0,0,0.563093,-0.620111,0.00867863,-0.467844,1.06907,0.0017794,-14.8086,-0.448956,-0.010458,-0.110241,0,0,-5.63278e-17,-0,0,-0.000955583,0,0,-0.563093,-0.620111,0.00867863,-0.467844,1.06907,0.0017794,-14.8086,-0.448956,-0.010458,-0.110241,0,0,5.46945e-17,-0.071256,-0.0708655,-0.00808988,-0.00813446,-0.000944824,3.67767e-20,0,0,True,True
2.815,-0,0,0.000935618,0,0,0.563093,-0.620068,0.0085285,-0.4684,1.06908,0.00174689,-14.809,-0.449007,-0.0102754,-0.110099,0,0,-8.00031e-19,-0,0,-0.000935618,0,0,-0.563093,-0.620068,0.0085285,-0.4684,1.06908,0.00174689,-14.809,-0.449007,-0.0102754,-0.110099,0,0,-8.00031e-19,-0.0711649,-0.0707748,-0.00794852,-0.00799233,-0.000925151,3.6028e-20,0,0,True,True
2.82,-0,0,0.000915981,0,0,0.563093,-0.620026,0.00838148,-0.468946,1.06908,0.00171511,-14.8094,-0.449058,-0.0100966,-0.109962,0,0,-5.62949e-17,-0,0,-0.000915981,0,0,-0.563093,-0.620026,0.00838148,-0.468946,1.06908,0.00171511,-14.8094,-0.449058,-0.0100966,-0.109962,0,0,5.47274e-17,-0.0710766,-0.070687,-0.00781015,-0.0078532,-0.00090582,3.52946e-20,0,0,True,True
2.825,-0,0,0.000896672,0,0,0.563093,-0.619984,0.00823754,-0.469483,1.06909,0.00168405,-14.8098,-0.449108,-0.00992159,-0.109828,0,0,-7.67715e-19,-0,0,-0.000896672,0,0,-0.563093,-0.619984,0.00823754,-0.469483,1.06909,0.00168405,-14.8098,-0.449108,-0.00992159,-0.109828,0,0,-7.67715e-19,-0.0709909,-0.0706016,-0.0076747,-0.00771702,-0.000886824,3.45761e-20,0,0,True,True
2.83,-0,0,0.000877684,0,0,0.563093,-0.619944,0.0080966,-0.470011,1.0691,0.00165369,-14.8102,-0.449158,-0.00975029,-0.109698,0,0,-5.62632e-17,-0,0,-0.000877684,0,0,-0.563093,-0.619944,0.0080966,-0.470011,1.0691,0.00165369,-14.8102,-0.449158,-0.00975029,-0.109698,0,0,5.47591e-17,-0.0709074,-0.0705185,-0.00754213,-0.00758373,-0.000868156,3.38723e-20,0,0,True,True
2.835,-0,0,0.000859016,0,0,0.563093,-0.619903,0.00795864,-0.470531,1.06911,0.00162401,-14.8106,-0.449206,-0.00958265,-0.109571,0,0,-5.62479e-17,-0,0,-0.000859016,0,0,-0.563093,-0.619903,0.00795864,-0.470531,1.06911,0.00162401,-14.8106,-0.449206,-0.00958265,-0.109571,0,0,5.47744e-17,-0.0708259,-0.0704374,-0.0074124,-0.00745328,-0.000849808,3.31828e-20,0,0,True,True
2.84,-0,0,0.00084066,0,0,0.563093,-0.619864,0.00782359,-0.471041,1.06912,0.001595,-14.811,-0.449253,-0.00941859,-0.109447,0,0,-5.62328e-17,-0,0,-0.00084066,0,0,-0.563093,-0.619864,0.00782359,-0.471041,1.06912,0.001595,-14.811,-0.449253,-0.00941859,-0.109447,0,0,5.47895e-17,-0.0707462,-0.0703581,-0.00728544,-0.00732563,-0.000831774,3.25073e-20,0,0,True,True
2.845,-0,0,0.000822613,0,0,0.563093,-0.619825,0.00769142,-0.471543,1.06913,0.00156665,-14.8114,-0.4493,-0.00925807,-0.109325,0,0,-5.62181e-17,-0,0,-0.000822613,0,0,-0.563093,-0.619825,0.00769142,-0.471543,1.06913,0.00156665,-14.8114,-0.4493,-0.00925807,-0.109325,0,0,5.48042e-17,-0.0706682,-0.0702804,-0.00716121,-0.00720072,-0.000814048,3.18456e-20,0,0,True,True
2.85,-0,0,0.000804869,0,0,0.563093,-0.619787,0.00756207,-0.472037,1.06913,0.00153895,-14.8117,-0.449346,-0.00910102,-0.109206,0,0,-6.92526e-19,-0,0,-0.000804869,0,0,-0.563093,-0.619787,0.00756207,-0.472037,1.06913,0.00153895,-14.8117,-0.449346,-0.00910102,-0.109206,0,0,-6.92526e-19,-0.0705917,-0.0702043,-0.00703968,-0.00707852,-0.000796621,3.11975e-20,0,0,True,True
2.855,-0,0,0.000787423,0,0,0.563093,-0.61975,0.00743549,-0.472522,1.06914,0.00151189,-14.8121,-0.449391,-0.00894738,-0.109089,0,0,-5.61895e-17,-0,0,-0.000787423,0,0,-0.563093,-0.61975,0.00743549,-0.472522,1.06914,0.00151189,-14.8121,-0.449391,-0.00894738,-0.109089,0,0,5.48328e-17,-0.0705166,-0.0701296,-0.00692078,-0.00695898,-0.000779489,3.05625e-20,0,0,True,True
2.86,-0,0,0.000770268,0,0,0.563093,-0.619713,0.00731165,-0.473,1.06915,0.00148544,-14.8124,-0.449435,-0.00879709,-0.108974,0,0,-5.61757e-17,-0,0,-0.000770268,0,0,-0.563093,-0.619713,0.00731165,-0.473,1.06915,0.00148544,-14.8124,-0.449435,-0.00879709,-0.108974,0,0,5.48466e-17,-0.0704429,-0.0700562,-0.00680448,-0.00684204,-0.000762645,2.99404e-20,0,0,True,True
2.865,-0,0,0.000753399,0,0,0.563093,-0.619676,0.00719049,-0.473469,1.06916,0.00145961,-14.8128,-0.449479,-0.0086501,-0.108861,0,0,-5.61622e-17,-0,0,-0.000753399,0,0,-0.563093,-0.619676,0.00719049,-0.473469,1.06916,0.00145961,-14.8128,-0.449479,-0.0086501,-0.108861,0,0,5.48602e-17,-0.0703704,-0.069984,-0.00669073,-0.00672767,-0.000746082,2.93311e-20,0,0,True,True
2.87,-0,0,0.00073681,0,0,0.563093,-0.619641,0.00707198,-0.47393,1.06916,0.00143437,-14.8131,-0.449522,-0.00850635,-0.10875,0,0,-5.61489e-17,-0,0,-0.00073681,0,0,-0.563093,-0.619641,0.00707198,-0.47393,1.06916,0.00143437,-14.8131,-0.449522,-0.00850635,-0.10875,0,0,5.48734e-17,-0.0702991,-0.0699131,-0.00657949,-0.00661582,-0.000729795,2.87341e-20,0,0,True,True
2.875,-0,0,0.000720495,0,0,0.563093,-0.619606,0.00695607,-0.474384,1.06917,0.00140972,-14.8135,-0.449564,-0.00836578,-0.108641,0,0,-5.61359e-17,-0,0,-0.000720495,0,0,-0.563093,-0.619606,0.00695607,-0.474384,1.06917,0.00140972,-14.8135,-0.449564,-0.00836578,-0.108641,0,0,5.48864e-17,-0.070229,-0.0698433,-0.00647072,-0.00650646,-0.000713776,2.81493e-20,0,0,True,True
2.88,-0,0,0.000704449,0,0,0.563093,-0.619571,0.00684271,-0.474831,1.06918,0.00138564,-14.8138,-0.449606,-0.00822835,-0.108533,0,0,-5.61231e-17,-0,0,-0.000704449,0,0,-0.563093,-0.619571,0.00684271,-0.474831,1.06918,0.00138564,-14.8138,-0.449606,-0.00822835,-0.108533,0,0,5.48992e-17,-0.07016,-0.0697746,-0.00636438,-0.00639953,-0.000698021,2.75765e-20,0,0,True,True
2.885,-0,0,0.000688665,0,0,0.563093,-0.619537,0.00673188,-0.47527,1.06918,0.00136212,-14.8141,-0.449646,-0.008094,-0.108427,0,0,-5.61106e-17,-0,0,-0.000688665,0,0,-0.563093,-0.619537,0.00673188,-0.47527,1.06918,0.00136212,-14.8141,-0.449646,-0.008094,-0.108427,0,0,5.49117e-17,-0.0700921,-0.069707,-0.00626042,-0.006295,-0.000682523,2.70153e-20,0,0,True,True
2.89,-0,0,0.000673138,0,0,0.563093,-0.619504,0.00662352,-0.475702,1.06919,0.00133916,-14.8145,-0.449687,-0.00796268,-0.108323,0,0,-5.87253e-19,-0,0,-0.000673138,0,0,-0.563093,-0.619504,0.00662352,-0.475702,1.06919,0.00133916,-14.8145,-0.449687,-0.00796268,-0.108323,0,0,-5.87253e-19,-0.0700252,-0.0696404,-0.0061588,-0.00619283,-0.000667277,2.64655e-20,0,0,True,True
2.895,-0,0,0.000657862,0,0,0.563093,-0.619471,0.0065176,-0.476127,1.0692,0.00131675,-14.8148,-0.449726,-0.00783434,-0.108221,0,0,-5.75274e-19,-0,0,-0.000657862,0,0,-0.563093,-0.619471,0.0065176,-0.476127,1.0692,0.00131675,-14.8148,-0.449726,-0.00783434,-0.108221,0,0,-5.75274e-19,-0.0699593,-0.0695749,-0.0060595,-0.00609298,-0.000652277,2.59269e-20,0,0,True,True
2.9,-0,0,0.000642831,0,0,0.563093,-0.619439,0.00641407,-0.476545,1.0692,0.00129486,-14.8151,-0.449765,-0.00770894,-0.10812,0,0,-5.6354e-19,-0,0,-0.000642831,0,0,-0.563093,-0.619439,0.00641407,-0.476545,1.0692,0.00129486,-14.8151,-0.449765,-0.00770894,-0.10812,0,0,-5.6354e-19,-0.0698945,-0.0695104,-0.00596246,-0.00599541,-0.000637517,2.53993e-20,0,0,True,True
2.905,-0,0,0.00062804,0,0,0.563093,-0.619407,0.00631291,-0.476956,1.06921,0.0012735,-14.8154,-0.449803,-0.00758641,-0.10802,0,0,-5.60632e-17,-0,0,-0.00062804,0,0,-0.563093,-0.619407,0.00631291,-0.476956,1.06921,0.0012735,-14.8154,-0.449803,-0.00758641,-0.10802,0,0,5.49591e-17,-0.0698307,-0.0694469,-0.00586766,-0.00590009,-0.000622992,2.48825e-20,0,0,True,True
2.91,-0,0,0.000613481,0,0,0.563093,-0.619376,0.00621408,-0.477361,1.06922,0.00125265,-14.8157,-0.449841,-0.00746673,-0.107922,0,0,-5.60519e-17,-0,0,-0.000613481,0,0,-0.563093,-0.619376,0.00621408,-0.477361,1.06922,0.00125265,-14.8157,-0.449841,-0.00746673,-0.107922,0,0,5.49704e-17,-0.0697679,-0.0693844,-0.00577505,-0.00580697,-0.000608696,2.43762e-20,0,0,True,True
2.915,-0,0,0.000599151,0,0,0.563093,-0.619345,0.00611753,-0.47776,1.06922,0.00123231,-14.816,-0.449878,-0.00734984,-0.107826,0,0,-5.60409e-17,-0,0,-0.000599151,0,0,-0.563093,-0.619345,0.00611753,-0.47776,1.06922,0.00123231,-14.816,-0.449878,-0.00734984,-0.107826,0,0,5.49814e-17,-0.0697061,-0.0693229,-0.0056846,-0.00571603,-0.000594625,2.38802e-20,0,0,True,True
2.92,-0,0,0.000585042,0,0,0.563093,-0.619314,0.00602324,-0.478152,1.06923,0.00121246,-14.8163,-0.449914,-0.00723569,-0.107731,0,0,-5.60301e-17,-0,0,-0.000585042,0,0,-0.563093,-0.619314,0.00602324,-0.478152,1.06923,0.00121246,-14.8163,-0.449914,-0.00723569,-0.107731,0,0,5.49922e-17,-0.0696454,-0.0692624,-0.00559629,-0.00562723,-0.000580772,2.33943e-20,0,0,True,True
2.925,-0,0,0.000571149,0,0,0.563093,-0.619285,0.00593116,-0.478539,1.06923,0.0011931,-14.8166,-0.44995,-0.00712426,-0.107638,0,0,-5.60195e-17,-0,0,-0.000571149,0,0,-0.563093,-0.619285,0.00593116,-0.478539,1.06923,0.0011931,-14.8166,-0.44995,-0.00712426,-0.107638,0,0,5.50028e-17,-0.0695857,-0.069203,-0.00551007,-0.00554054,-0.000567133,2.29183e-20,0,0,True,True
2.93,-0,0,0.000557466,0,0,0.563093,-0.619255,0.00584128,-0.478919,1.06924,0.00117421,-14.8168,-0.449985,-0.00701549,-0.107547,0,0,-5.60092e-17,-0,0,-0.000557466,0,0,-0.563093,-0.619255,0.00584128,-0.478919,1.06924,0.00117421,-14.8168,-0.449985,-0.00701549,-0.107547,0,0,5.50132e-17,-0.0695271,-0.0691447,-0.00542591,-0.00545592,-0.000553703,2.2452e-20,0,0,True,True
2.935,-0,0,0.000543987,0,0,0.563093,-0.619226,0.00575355,-0.479294,1.06925,0.0011558,-14.8171,-0.45002,-0.00690934,-0.107458,0,0,-5.5999e-17,-0,0,-0.000543987,0,0,-0.563093,-0.619226,0.00575355,-0.479294,1.06925,0.0011558,-14.8171,-0.45002,-0.00690934,-0.107458,0,0,5.50233e-17,-0.0694696,-0.0690875,-0.00534378,-0.00537334,-0.000540476,2.19952e-20,0,0,True,True
2.94,-0,0,0.000530705,0,0,0.563093,-0.619198,0.00566794,-0.479664,1.06925,0.00113784,-14.8174,-0.450055,-0.00680578,-0.10737,0,0,-5.5989e-17,-0,0,-0.000530705,0,0,-0.563093,-0.619198,0.00566794,-0.479664,1.06925,0.00113784,-14.8174,-0.450055,-0.00680578,-0.10737,0,0,5.50333e-17,-0.0694134,-0.0690315,-0.00526365,-0.00529277,-0.000527449,2.15477e-20,0,0,True,True
2.945,-0,0,0.000517614,0,0,0.563093,-0.61917,0.00558442,-0.480028,1.06926,0.00112034,-14.8177,-0.450088,-0.00670477,-0.107284,0,0,-4.68148e-19,-0,0,-0.000517614,0,0,-0.563093,-0.61917,0.00558442,-0.480028,1.06926,0.00112034,-14.8177,-0.450088,-0.00670477,-0.107284,0,0,-4.68148e-19,-0.0693585,-0.0689769,-0.0051855,-0.00521418,-0.000514615,2.11093e-20,0,0,True,True
2.95,-0,0,0.000504707,0,0,0.563093,-0.619142,0.00550297,-0.480387,1.06926,0.00110329,-14.8179,-0.450122,-0.00660626,-0.107201,0,0,-5.59698e-17,-0,0,-0.000504707,0,0,-0.563093,-0.619142,0.00550297,-0.480387,1.06926,0.00110329,-14.8179,-0.450122,-0.00660626,-0.107201,0,0,5.50525e-17,-0.0693051,-0.0689237,-0.00510928,-0.00513755,-0.00050197,2.06799e-20,0,0,True,True
2.955,-0,0,0.000491977,0,0,0.563093,-0.619114,0.00542355,-0.480741,1.06927,0.00108668,-14.8182,-0.450154,-0.00651023,-0.10712,0,0,-4.4925e-19,-0,0,-0.000491977,0,0,-0.563093,-0.619114,0.00542355,-0.480741,1.06927,0.00108668,-14.8182,-0.450154,-0.00651023,-0.10712,0,0,-4.4925e-19,-0.0692532,-0.0688721,-0.00503498,-0.00506285,-0.000489509,2.02591e-20,0,0,True,True
2.96,-0,0,0.000479417,0,0,0.563093,-0.619088,0.00534615,-0.48109,1.06927,0.0010705,-14.8185,-0.450187,-0.00641664,-0.107042,0,0,-5.59512e-17,-0,0,-0.000479417,0,0,-0.563093,-0.619088,0.00534615,-0.48109,1.06927,0.0010705,-14.8185,-0.450187,-0.00641664,-0.107042,0,0,5.50711e-17,-0.0692032,-0.0688223,-0.00496258,-0.00499004,-0.000477228,1.9847e-20,0,0,True,True
2.965,-0,0,0.000467017,0,0,0.563093,-0.619061,0.00527072,-0.481435,1.06928,0.00105474,-14.8187,-0.450219,-0.00632547,-0.106968,0,0,-4.31115e-19,-0,0,-0.000467017,0,0,-0.563093,-0.619061,0.00527072,-0.481435,1.06928,0.00105474,-14.8187,-0.450219,-0.00632547,-0.106968,0,0,-4.31115e-19,-0.0691552,-0.0687745,-0.00489203,-0.00491911,-0.000465122,1.94433e-20,0,0,True,True
2.97,-0,0,0.00045477,0,0,0.563093,-0.619035,0.00519726,-0.481776,1.06928,0.00103941,-14.819,-0.45025,-0.00623667,-0.106896,0,0,-5.59335e-17,-0,0,-0.00045477,0,0,-0.563093,-0.619035,0.00519726,-0.481776,1.06928,0.00103941,-14.819,-0.45025,-0.00623667,-0.106896,0,0,5.50888e-17,-0.0691096,-0.0687291,-0.00482333,-0.00485003,-0.000453187,1.90477e-20,0,0,True,True
2.975,-0,0,0.000442666,0,0,0.563093,-0.619009,0.00512573,-0.482112,1.06929,0.00102448,-14.8192,-0.450281,-0.00615021,-0.106829,0,0,-5.59249e-17,-0,0,-0.000442666,0,0,-0.563093,-0.619009,0.00512573,-0.482112,1.06929,0.00102448,-14.8192,-0.450281,-0.00615021,-0.106829,0,0,5.50974e-17,-0.0690666,-0.0686863,-0.00475644,-0.00478278,-0.000441418,1.86603e-20,0,0,True,True
2.98,-0,0,0.000430695,0,0,0.563093,-0.618984,0.00505612,-0.482445,1.0693,0.00100997,-14.8195,-0.450311,-0.00606608,-0.106767,0,0,-4.05278e-19,-0,0,-0.000430695,0,0,-0.563093,-0.618984,0.00505612,-0.482445,1.0693,0.00100997,-14.8195,-0.450311,-0.00606608,-0.106767,0,0,-4.05278e-19,-0.0690266,-0.0686466,-0.00469135,-0.00471733,-0.000429811,1.82807e-20,0,0,True,True
2.985,-0,0,0.000418847,0,0,0.563093,-0.618958,0.00498839,-0.482775,1.0693,0.000995858,-14.8197,-0.450342,-0.00598425,-0.10671,0,0,-5.59082e-17,-0,0,-0.000418847,0,0,-0.563093,-0.618958,0.00498839,-0.482775,1.0693,0.000995858,-14.8197,-0.450342,-0.00598425,-0.10671,0,0,5.51141e-17,-0.0689902,-0.0686102,-0.00462804,-0.00465367,-0.000418361,1.79089e-20,0,0,True,True
2.99,-0,0,0.000407111,0,0,0.563093,-0.618934,0.00492255,-0.483101,1.06931,0.000982145,-14.82,-0.450371,-0.00590469,-0.106659,0,0,-3.8892e-19,-0,0,-0.000407111,0,0,-0.563093,-0.618934,0.00492255,-0.483101,1.06931,0.000982145,-14.82,-0.450371,-0.00590469,-0.106659,0,0,-3.8892e-19,-0.0689576,-0.0685778,-0.00456649,-0.00459178,-0.000407064,1.75446e-20,0,0,True,True
2.995,-0,0,0.000395476,0,0,0.563093,-0.618909,0.00485857,-0.483425,1.06931,0.000968825,-14.8202,-0.450401,-0.00582739,-0.106615,0,0,-5.58921e-17,-0,0,-0.000395476,0,0,-0.563093,-0.618909,0.00485857,-0.483425,1.06931,0.000968825,-14.8202,-0.450401,-0.00582739,-0.106615,0,0,5.51302e-17,-0.0689294,-0.0685497,-0.00450668,-0.00453165,-0.000395915,1.71877e-20,0,0,True,True
3,-0,0,0.000383935,0,0,0.563093,-0.618885,0.00479643,-0.483746,1.06931,0.000955894,-14.8205,-0.45043,-0.00575232,-0.106578,0,0,-5.58844e-17,-0,0,-0.000383935,0,0,-0.563093,-0.618885,0.00479643,-0.483746,1.06931,0.000955894,-14.8205,-0.45043,-0.00575232,-0.106578,0,0,5.51379e-17,-0.0689059,-0.0685263,-0.00444861,-0.00447325,-0.000384912,1.68382e-20,0,0,True,True
3.005,-0,0,0.00037248,0,0,0.563093,-0.618861,0.00473612,-0.484065,1.06932,0.000943349,-14.8208,-0.450458,-0.00567947,-0.106548,0,0,-5.58768e-17,-0,0,-0.00037248,0,0,-0.563093,-0.618861,0.00473612,-0.484065,1.06932,0.000943349,-14.8208,-0.450458,-0.00567947,-0.106548,0,0,5.51455e-17,-0.0688872,-0.0685076,-0.00439224,-0.00441657,-0.000374048,1.64957e-20,0,0,True,True
3.01,-0,0,0.00036111,0,0,0.563093,-0.618838,0.00467763,-0.484381,1.06932,0.000931186,-14.821,-0.450486,-0.00560881,-0.106526,0,0,-5.58693e-17,-0,0,-0.00036111,0,0,-0.563093,-0.618838,0.00467763,-0.484381,1.06932,0.000931186,-14.821,-0.450486,-0.00560881,-0.106526,0,0,5.5153e-17,-0.068873,-0.0684935,-0.00433758,-0.00436161,-0.00036332,1.61602e-20,0,0,True,True
3.015,-0,0,0.000349832,0,0,0.563093,-0.618815,0.00462094,-0.484695,1.06933,0.000919401,-14.8213,-0.450514,-0.00554034,-0.106509,0,0,-5.5862e-17,-0,0,-0.000349832,0,0,-0.563093,-0.618815,0.00462094,-0.484695,1.06933,0.000919401,-14.8213,-0.450514,-0.00554034,-0.106509,0,0,5.51603e-17,-0.0688625,-0.0684831,-0.00428461,-0.00430835,-0.000352725,1.58315e-20,0,0,True,True
3.02,-0,0,0.000338669,0,0,0.563093,-0.618792,0.00456604,-0.485005,1.06933,0.000907991,-14.8215,-0.450542,-0.00547403,-0.106495,0,0,-5.58549e-17,-0,0,-0.000338669,0,0,-0.563093,-0.618792,0.00456604,-0.485005,1.06933,0.000907991,-14.8215,-0.450542,-0.00547403,-0.106495,0,0,5.51674e-17,-0.0688538,-0.0684743,-0.00423331,-0.00425677,-0.000342257,1.55096e-20,0,0,True,True
3.025,-0,0,0.000327666,0,0,0.563093,-0.618769,0.00451292,-0.485311,1.06934,0.000896949,-14.8218,-0.450569,-0.00540986,-0.106478,0,0,-5.58479e-17,-0,0,-0.000327666,0,0,-0.563093,-0.618769,0.00451292,-0.485311,1.06934,0.000896949,-14.8218,-0.450569,-0.00540986,-0.106478,0,0,5.51745e-17,-0.0688431,-0.0684636,-0.00418366,-0.00420685,-0.000331913,1.51942e-20,0,0,True,True
3.03,-0,0,0.000316903,0,0,0.563093,-0.618746,0.00446153,-0.48561,1.06934,0.00088627,-14.822,-0.450596,-0.0053478,-0.106448,0,0,-5.5841e-17,-0,0,-0.000316903,0,0,-0.563093,-0.618746,0.00446153,-0.48561,1.06934,0.00088627,-14.822,-0.450596,-0.0053478,-0.106448,0,0,5.51813e-17,-0.0688241,-0.0684447,-0.00413565,-0.00415857,-0.000321688,1.48852e-20,0,0,True,True
3.035,-0,0,0.000306516,0,0,0.563093,-0.618724,0.00441183,-0.485899,1.06935,0.000875943,-14.8222,-0.450622,-0.00528778,-0.106389,0,0,-5.58343e-17,-0,0,-0.000306516,0,0,-0.563093,-0.618724,0.00441183,-0.485899,1.06935,0.000875943,-14.8222,-0.450622,-0.00528778,-0.106389,0,0,5.5188e-17,-0.0687864,-0.0684072,-0.00408921,-0.00411188,-0.00031158,1.45825e-20,0,0,True,True
3.04,-0,0,0.000296721,0,0,0.563093,-0.618702,0.00436376,-0.486172,1.06935,0.000865952,-14.8224,-0.450649,-0.00522971,-0.106276,0,0,-5.58277e-17,-0,0,-0.000296721,0,0,-0.563093,-0.618702,0.00436376,-0.486172,1.06935,0.000865952,-14.8224,-0.450649,-0.00522971,-0.106276,0,0,5.51946e-17,-0.0687136,-0.0683347,-0.00404429,-0.00406671,-0.000301583,1.42859e-20,0,0,True,True
3.045,-0,0,0.000287857,0,0,0.563093,-0.618681,0.00431719,-0.486418,1.06936,0.000856275,-14.8225,-0.450675,-0.00517346,-0.10607,0,0,-5.58212e-17,-0,0,-0.000287857,0,0,-0.563093,-0.618681,0.00431719,-0.486418,1.06936,0.000856275,-14.8225,-0.450675,-0.00517346,-0.10607,0,0,5.52011e-17,-0.0685801,-0.068202,-0.00400077,-0.00402295,-0.000291694,1.39954e-20,0,0,True,True
3.05,-0,0,0.000280441,0,0,0.563093,-0.618659,0.00427194,-0.486624,1.06936,0.000846874,-14.8226,-0.4507,-0.00511881,-0.105709,0,0,-3.03755e-19,-0,0,-0.000280441,0,0,-0.563093,-0.618659,0.00427194,-0.486624,1.06936,0.000846874,-14.8226,-0.4507,-0.00511881,-0.105709,0,0,-3.03755e-19,-0.0683473,-0.0679705,-0.00395849,-0.00398044,-0.000281911,1.37108e-20,0,0,True,True
3.055,-0,0,0.000275252,0,0,0.563093,-0.618638,0.00422773,-0.486769,1.06936,0.000837692,-14.8225,-0.450726,-0.00506542,-0.105105,0,0,-5.58087e-17,-0,0,-0.000275252,0,0,-0.563093,-0.618638,0.00422773,-0.486769,1.06936,0.000837692,-14.8225,-0.450726,-0.00506542,-0.105105,0,0,5.52136e-17,-0.067957,-0.0675822,-0.00391719,-0.00393891,-0.000272229,1.3432e-20,0,0,True,True
3.06,-0,0,0.000273448,0,0,0.563093,-0.618617,0.00418413,-0.486819,1.06937,0.000828644,-14.8222,-0.450751,-0.00501278,-0.104123,0,0,-5.58026e-17,-0,0,-0.000273448,0,0,-0.563093,-0.618617,0.00418413,-0.486819,1.06937,0.000828644,-14.8222,-0.450751,-0.00501278,-0.104123,0,0,5.52197e-17,-0.0673227,-0.0669515,-0.00387646,-0.00389795,-0.000262648,1.31589e-20,0,0,True,True
3.065,-0,0,0.000276735,0,0,0.563093,-0.618596,0.00414049,-0.486728,1.06937,0.000819601,-14.8215,-0.450776,-0.00496009,-0.102568,0,0,-5.57967e-17,-0,0,-0.000276735,0,0,-0.563093,-0.618596,0.00414049,-0.486728,1.06937,0.000819601,-14.8215,-0.450776,-0.00496009,-0.102568,0,0,5.52256e-17,-0.0663176,-0.0659518,-0.0038357,-0.00385697,-0.000253167,1.28914e-20,0,0,True,True
3.07,-0,0,0.000287602,0,0,0.563093,-0.618575,0.00409582,-0.486425,1.06938,0.000810367,-14.8204,-0.450801,-0.00490619,-0.100153,0,0,-2.79738e-19,-0,0,-0.000287602,0,0,-0.563093,-0.618575,0.00409582,-0.486425,1.06938,0.000810367,-14.8204,-0.450801,-0.00490619,-0.100153,0,0,-2.79738e-19,-0.0647562,-0.064399,-0.003794,-0.00381504,-0.000243786,1.26293e-20,0,0,True,True
3.075,-0,0,0.000308793,0,0,0.563093,-0.618555,0.00404868,-0.485836,1.06938,0.000800658,-14.8187,-0.450825,-0.00484934,-0.0965623,0,0,-5.57852e-17,-0,0,-0.000308793,0,0,-0.563093,-0.618555,0.00404868,-0.485836,1.06938,0.000800658,-14.8187,-0.450825,-0.00484934,-0.0965623,0,0,5.52371e-17,-0.0624348,-0.0620904,-0.00375002,-0.00377082,-0.000234509,1.23725e-20,0,0,True,True
3.08,-0,0,0.000245862,0,0,0.563093,-0.618535,0.00399721,-0.487586,1.06938,0.000790105,-14.8223,-0.450849,-0.00478732,-0.10267,0,0,-5.57139e-17,-0,0,-0.000245862,0,0,-0.563093,-0.618535,0.00399721,-0.487586,1.06938,0.000790105,-14.8223,-0.450849,-0.00478732,-0.10267,0,0,5.53084e-17,-0.0663841,-0.0660178,-0.00370204,-0.00372258,-0.000225343,1.21209e-20,0,0,True,True
3.085,-0,0,0.000169437,0,0,0.563093,-0.618515,0.00397014,-0.489712,1.06939,0.000784569,-14.8268,-0.450873,-0.00475471,-0.110346,0,0,-1.34212e-19,-0,0,-0.000169437,0,0,-0.563093,-0.618515,0.00397014,-0.489712,1.06939,0.000784569,-14.8268,-0.450873,-0.00475471,-0.110346,0,0,-1.34212e-19,-0.0713476,-0.0709539,-0.00367681,-0.00369721,-0.000216302,1.18745e-20,0,0,True,True
