t,l_hip_yaw_q,l_hip_yaw_dq,l_hip_yaw_tau,l_hip_roll_q,l_hip_roll_dq,l_hip_roll_tau,l_hip_pitch_q,l_hip_pitch_dq,l_hip_pitch_tau,l_knee_q,l_knee_dq,l_knee_tau,l_ankle_pitch_q,l_ankle_pitch_dq,l_ankle_pitch_tau,l_ankle_roll_q,l_ankle_roll_dq,l_ankle_roll_tau,r_hip_yaw_q,r_hip_yaw_dq,r_hip_yaw_tau,r_hip_roll_q,r_hip_roll_dq,r_hip_roll_tau,r_hip_pitch_q,r_hip_pitch_dq,r_hip_pitch_tau,r_knee_q,r_knee_dq,r_knee_tau,r_ankle_pitch_q,r_ankle_pitch_dq,r_ankle_pitch_tau,r_ankle_roll_q,r_ankle_roll_dq,r_ankle_roll_tau,l_ankle_motorA_tau,l_ankle_motorB_tau,l_ankle_motorA_w,l_ankle_motorB_w,com_ref_x,com_ref_y,zmp_ref_x,zmp_ref_y,contact_l,contact_r
0,-0,0,-0.0167188,0,-8.56072e-05,0.448077,-0.696475,-0.00762893,-1.13199,1.19921,-0.0015134,-17.4659,-0.502732,0.00914233,-2.4948,0,8.56072e-05,-0.0103804,-0,0,0.0265485,0,-8.56072e-05,-0.681106,-0.696475,-0.00762893,-1.05762,1.19921,-0.0015134,-17.9392,-0.502732,0.00914233,-2.55388,0,8.56072e-05,-0.0106685,-1.63497,-1.6122,0.00707469,0.00697327,0,0,0,0,True,True
0.005,-0,0,-0.0126758,-4.28036e-07,-0.000322482,0.357523,-0.696514,-0.00402394,-1.15582,1.1992,-0.000798272,-17.2621,-0.502686,0.00482221,-2.44822,4.28036e-07,0.000322482,-0.0185419,-0,0,0.0302452,-4.28036e-07,-0.000322482,-0.778441,-0.696514,-0.00402394,-1.02122,1.1992,-0.000798272,-18.1163,-0.502686,0.00482221,-2.55391,4.28036e-07,0.000322482,-0.0194821,-1.60927,-1.57726,0.00397057,0.00343764,-1.67313e-07,1.67561e-07,0,0,True,True
0.01,-0,0,-0.00320242,-3.22482e-06,-0.000941417,0.219757,-0.696516,-0.000494391,-0.917356,1.1992,-9.81342e-05,-16.3306,-0.502684,0.000592525,-1.26437,3.22482e-06,0.000941417,-0.0309439,-0,0,0.0181979,-3.22482e-06,-0.000941417,-0.934598,-0.696516,-0.000494391,-0.669219,1.1992,-9.81342e-05,-17.7312,-0.502684,0.000592525,-1.35459,3.22482e-06,0.000941417,-0.0336537,-0.843505,-0.80225,0.00126478,-0.000359666,-1.07527e-06,1.26227e-06,0,0,True,True
0.015,-0,0,0.000223748,-9.8422e-06,-0.00177639,0.149314,-0.696518,-0.000434849,-0.695855,1.1992,-8.63747e-05,-15.6292,-0.502681,0.000521224,-0.258042,9.8422e-06,0.00177639,-0.0372948,-0,0,0.00222475,-9.8422e-06,-0.00177639,-1.01848,-0.696518,-0.000434849,-0.373325,1.1992,-8.63747e-05,-17.279,-0.502681,0.000521224,-0.272798,9.8422e-06,0.00177639,-0.0413006,-0.190129,-0.145867,0.0019295,-0.00113875,-2.32476e-06,3.85189e-06,0,0,True,True
0.02,-0,0,0.000139212,-2.09887e-05,-0.00271037,0.120552,-0.69652,-1.19668e-05,-0.755676,1.1992,-2.58128e-06,-15.6745,-0.502679,1.45481e-05,-0.449865,2.09887e-05,0.00271037,-0.0399199,-0,0,0.00576918,-2.09887e-05,-0.00271037,-1.0536,-0.69652,-1.19668e-05,-0.413668,1.1992,-2.58128e-06,-17.4571,-0.502679,1.45481e-05,-0.485446,2.09887e-05,0.00271037,-0.0445431,-0.316901,-0.268771,0.00234612,-0.00233933,-2.98185e-06,8.21332e-06,0,0,True,True
0.025,-0,0,6.3142e-05,-3.69459e-05,-0.00367741,0.114396,-0.696519,0.000649091,-0.787481,1.1992,0.000128352,-15.7257,-0.50268,-0.000777442,-0.566755,3.69459e-05,0.00367741,-0.0405371,-0,0,0.00796617,-3.69459e-05,-0.00367741,-1.06119,-0.696519,0.000649091,-0.442978,1.1992,0.000128352,-17.5421,-0.50268,-0.000777442,-0.615088,3.69459e-05,0.00367741,-0.0453075,-0.393583,-0.344229,0.0025727,-0.00378852,-2.37649e-06,1.44566e-05,0,0,True,True
0.03,-0,0,-7.14516e-05,-5.77628e-05,-0.0046425,0.119879,-0.696514,0.00143909,-0.800574,1.1992,0.000284671,-15.7706,-0.502686,-0.00172376,-0.6279,5.77628e-05,0.0046425,-0.040131,-0,0,0.00904658,-5.77628e-05,-0.0046425,-1.05445,-0.696514,0.00143909,-0.461723,1.1992,0.000284671,-17.568,-0.502686,-0.00172376,-0.681896,5.77628e-05,0.0046425,-0.0447919,-0.433275,-0.384119,0.0026794,-0.00535499,-1.35138e-07,2.26007e-05,0,0,True,True
0.035,-0,0,-0.000240916,-8.33709e-05,-0.0055888,0.130757,-0.696504,0.00229155,-0.803113,1.1992,0.000453102,-15.8083,-0.502698,-0.00274466,-0.655466,8.33709e-05,0.0055888,-0.0392612,-0,0,0.0094452,-8.33709e-05,-0.0055888,-1.04112,-0.696504,0.00229155,-0.473423,1.1992,0.000453102,-17.5618,-0.502698,-0.00274466,-0.710792,8.33709e-05,0.0055888,-0.0436996,-0.450774,-0.402496,0.00271276,-0.00696266,3.93319e-06,3.26189e-05,0,0,True,True
0.04,-0,0,-0.00041251,-0.000113651,-0.00650974,0.143578,-0.696491,0.00316738,-0.800024,1.1992,0.000625801,-15.839,-0.502714,-0.00379318,-0.663354,0.000113651,0.00650974,-0.0382366,-0,0,0.00946174,-0.000113651,-0.00650974,-1.02551,-0.696491,0.00316738,-0.480541,1.1992,0.000625801,-17.5396,-0.502714,-0.00379318,-0.717681,0.000113651,0.00650974,-0.0424206,-0.455336,-0.408199,0.00270308,-0.00856965,9.91054e-06,4.44645e-05,0,0,True,True
0.045,-0,0,-0.000567195,-0.000148468,-0.00740422,0.156555,-0.696473,0.00404446,-0.794196,1.19921,0.000798304,-15.8637,-0.502736,-0.00484277,-0.660131,0.000148468,0.00740422,-0.0372169,-0,0,0.00928193,-0.000148468,-0.00740422,-1.0098,-0.696473,0.00404446,-0.48474,1.19921,0.000798304,-17.5105,-0.502736,-0.00484277,-0.712362,0.000148468,0.00740422,-0.0411541,-0.452647,-0.406692,0.00266974,-0.0101545,1.78163e-05,5.80849e-05,0,0,True,True
0.05,-0,0,-0.000698332,-0.000187693,-0.00827373,0.168866,-0.69645,0.00491101,-0.787261,1.19921,0.000968198,-15.8837,-0.502762,-0.00587921,-0.650977,0.000187693,0.00827373,-0.0362755,-0,0,0.00901348,-0.000187693,-0.00827373,-0.994992,-0.69645,0.00491101,-0.487124,1.19921,0.000968198,-17.4796,-0.502762,-0.00587921,-0.700704,0.000187693,0.00827373,-0.0399895,-0.446132,-0.401293,0.00262492,-0.0117075,2.76354e-05,7.3429e-05,0,0,True,True
0.055,-0,0,-0.000806405,-0.000231206,-0.00912082,0.180218,-0.696423,0.00576134,-0.780102,1.19922,0.00113429,-15.8999,-0.502794,-0.00689563,-0.638968,0.000231206,0.00912082,-0.035438,-0,0,0.00871579,-0.000231206,-0.00912082,-0.981419,-0.696423,0.00576134,-0.488421,1.19922,0.00113429,-17.4493,-0.502794,-0.00689563,-0.686141,0.000231206,0.00912082,-0.0389566,-0.437813,-0.393982,0.00257605,-0.0132257,3.93354e-05,9.04503e-05,0,0,True,True
0.06,-0,0,-0.000894983,-0.000278901,-0.00994827,0.190592,-0.696393,0.00659332,-0.773163,1.19922,0.0012961,-15.9135,-0.502831,-0.00788942,-0.62588,0.000278901,0.00994827,-0.0347059,-0,0,0.00841979,-0.000278901,-0.00994827,-0.969082,-0.696393,0.00659332,-0.489104,1.19922,0.0012961,-17.4206,-0.502831,-0.00788942,-0.670612,0.000278901,0.00994827,-0.0380548,-0.428852,-0.38591,0.00252753,-0.0147094,5.28762e-05,0.000109108,0,0,True,True
0.065,-0,0,-0.000968398,-0.000330688,-0.0107586,0.200101,-0.696358,0.00740679,-0.766638,1.19923,0.00145354,-15.9251,-0.502873,-0.00886033,-0.612689,0.000330688,0.0107586,-0.0340687,-0,0,0.00814006,-0.000330688,-0.0107586,-0.957831,-0.696358,0.00740679,-0.489478,1.19923,0.00145354,-17.394,-0.502873,-0.00886033,-0.655158,0.000330688,0.0107586,-0.0372703,-0.41988,-0.377717,0.00248175,-0.0161606,6.82159e-05,0.000129365,0,0,True,True
0.07,-0,0,-0.00103063,-0.000386487,-0.0115541,0.2089,-0.696318,0.0082026,-0.760581,1.19924,0.00160671,-15.9353,-0.50292,-0.00980931,-0.599891,0.000386487,0.0115541,-0.0335122,-0,0,0.00788221,-0.000386487,-0.0115541,-0.947468,-0.696318,0.0082026,-0.489733,1.19924,0.00160671,-17.3694,-0.50292,-0.00980931,-0.640285,0.000386487,0.0115541,-0.0365845,-0.411211,-0.369732,0.00243988,-0.017582,8.53135e-05,0.000151192,0,0,True,True
0.075,-0,0,-0.0010849,-0.000446229,-0.0123365,0.217147,-0.696275,0.00898204,-0.754977,1.19925,0.00175584,-15.9447,-0.502971,-0.0107379,-0.587697,0.000446229,0.0123365,-0.033022,-0,0,0.00764716,-0.000446229,-0.0123365,-0.937796,-0.696275,0.00898204,-0.489983,1.19925,0.00175584,-17.3465,-0.502971,-0.0107379,-0.626191,0.000446229,0.0123365,-0.0359793,-0.402976,-0.362101,0.00240233,-0.0189763,0.000104131,0.000174561,0,0,True,True
0.08,-0,0,-0.00113366,-0.000509853,-0.0131074,0.22498,-0.696229,0.00974656,-0.749781,1.19926,0.00190115,-15.9535,-0.503027,-0.0116477,-0.576167,0.000509853,0.0131074,-0.0325855,-0,0,0.00743362,-0.000509853,-0.0131074,-0.928647,-0.696229,0.00974656,-0.490295,1.19926,0.00190115,-17.325,-0.503027,-0.0116477,-0.612913,0.000509853,0.0131074,-0.0354389,-0.395205,-0.354868,0.00236908,-0.0203461,0.000124632,0.000199447,0,0,True,True
0.085,-0,0,-0.00117866,-0.000577303,-0.0138679,0.232512,-0.696178,0.0104976,-0.74494,1.19927,0.00204288,-15.962,-0.503088,-0.0125405,-0.565275,0.000577303,0.0138679,-0.0321924,-0,0,0.0072394,-0.000577303,-0.0138679,-0.919883,-0.696178,0.0104976,-0.490704,1.19927,0.00204288,-17.3048,-0.503088,-0.0125405,-0.600404,0.000577303,0.0138679,-0.0349508,-0.387877,-0.348025,0.00233989,-0.0216938,0.000146786,0.000225831,0,0,True,True
0.09,-0,0,-0.0012211,-0.000648532,-0.0146189,0.239826,-0.696124,0.0112365,-0.740402,1.19928,0.00218126,-15.9703,-0.503153,-0.0134177,-0.554962,0.000648532,0.0146189,-0.031835,-0,0,0.00706218,-0.000648532,-0.0146189,-0.911402,-0.696124,0.0112365,-0.491223,1.19928,0.00218126,-17.2855,-0.503153,-0.0134177,-0.588586,0.000648532,0.0146189,-0.0345051,-0.380949,-0.341537,0.0023144,-0.0230213,0.000170562,0.000253692,0,0,True,True
0.095,-0,0,-0.00126181,-0.000723493,-0.0153614,0.246987,-0.696066,0.0119644,-0.736122,1.19929,0.00231646,-15.9785,-0.503222,-0.0142808,-0.545155,0.000723493,0.0153614,-0.0315074,-0,0,0.00689971,-0.000723493,-0.0153614,-0.903129,-0.696066,0.0119644,-0.491857,1.19929,0.00231646,-17.2671,-0.503222,-0.0142808,-0.577365,0.000723493,0.0153614,-0.034095,-0.374368,-0.335359,0.00229222,-0.0243304,0.000195935,0.000283012,0,0,True,True
0.1,-0,0,-0.0013013,-0.000802145,-0.0160959,0.254038,-0.696004,0.0126824,-0.732063,1.1993,0.00244867,-15.9866,-0.503296,-0.0151311,-0.53578,0.000802145,0.0160959,-0.0312055,-0,0,0.00675006,-0.000802145,-0.0160959,-0.895011,-0.696004,0.0126824,-0.492599,1.1993,0.00244867,-17.2492,-0.503296,-0.0151311,-0.566655,0.000802145,0.0160959,-0.0337154,-0.368084,-0.329446,0.00227297,-0.0256227,0.00022288,0.000313777,0,0,True,True
0.105,-0,0,-0.00133989,-0.000884452,-0.0168231,0.261008,-0.695939,0.0133915,-0.728194,1.19931,0.00257803,-15.9947,-0.503373,-0.0159696,-0.526767,0.000884452,0.0168231,-0.0309267,-0,0,0.00661157,-0.000884452,-0.0168231,-0.887012,-0.695939,0.0133915,-0.493443,1.19931,0.00257803,-17.232,-0.503373,-0.0159696,-0.556376,0.000884452,0.0168231,-0.0333628,-0.362051,-0.323755,0.00225632,-0.0268995,0.000251376,0.000345969,0,0,True,True
0.11,-0,0,-0.00137779,-0.000970376,-0.0175434,0.267916,-0.69587,0.0140925,-0.724493,1.19933,0.00270467,-16.0028,-0.503455,-0.0167972,-0.518056,0.000970376,0.0175434,-0.0306692,-0,0,0.00648284,-0.000970376,-0.0175434,-0.87911,-0.69587,0.0140925,-0.494378,1.19933,0.00270467,-17.2152,-0.503455,-0.0167972,-0.546457,0.000970376,0.0175434,-0.0330351,-0.356228,-0.318248,0.00224199,-0.028162,0.000281402,0.000379577,0,0,True,True
0.115,-0,0,-0.00141512,-0.00105989,-0.0182575,0.274774,-0.695798,0.0147862,-0.720941,1.19934,0.00282869,-16.0108,-0.503541,-0.0176149,-0.509596,0.00105989,0.0182575,-0.0304317,-0,0,0.00636277,-0.00105989,-0.0182575,-0.871291,-0.695798,0.0147862,-0.495395,1.19934,0.00282869,-17.1988,-0.503541,-0.0176149,-0.536843,0.00105989,0.0182575,-0.0327307,-0.35058,-0.312892,0.00222974,-0.0294114,0.000312941,0.000414587,0,0,True,True
0.12,-0,0,-0.00145193,-0.00115295,-0.0189657,0.281587,-0.695722,0.0154732,-0.717525,1.19935,0.00295019,-16.0188,-0.503631,-0.0184234,-0.501347,0.00115295,0.0189657,-0.0302137,-0,0,0.00625047,-0.00115295,-0.0189657,-0.863548,-0.695722,0.0154732,-0.496483,1.19935,0.00295019,-17.1827,-0.503631,-0.0184234,-0.527487,0.00115295,0.0189657,-0.0324487,-0.345082,-0.307661,0.0022194,-0.0306486,0.000345976,0.000450986,0,0,True,True
0.125,-0,0,-0.00148829,-0.00124954,-0.0196685,0.288358,-0.695643,0.0161542,-0.714235,1.19937,0.00306924,-16.0268,-0.503725,-0.0192235,-0.493277,0.00124954,0.0196685,-0.0300147,-0,0,0.00614523,-0.00124954,-0.0196685,-0.855875,-0.695643,0.0161542,-0.497636,1.19937,0.00306924,-17.167,-0.503725,-0.0192235,-0.518352,0.00124954,0.0196685,-0.0321888,-0.339712,-0.302535,0.00221084,-0.0318746,0.00038049,0.000488765,0,0,True,True
0.13,-0,0,-0.00152425,-0.00134964,-0.0203664,0.295088,-0.695561,0.0168297,-0.711065,1.19938,0.00318593,-16.0347,-0.503824,-0.0200156,-0.485361,0.00134964,0.0203664,-0.0298348,-0,0,0.00604654,-0.00134964,-0.0203664,-0.848273,-0.695561,0.0168297,-0.498846,1.19938,0.00318593,-17.1517,-0.503824,-0.0200156,-0.509413,0.00134964,0.0203664,-0.0319506,-0.334453,-0.297499,0.00220395,-0.0330902,0.000416471,0.000527912,0,0,True,True
0.135,-0,0,-0.00155984,-0.00145321,-0.0210599,0.301776,-0.695475,0.0175003,-0.70801,1.1994,0.00330031,-16.0425,-0.503926,-0.0208006,-0.477583,0.00145321,0.0210599,-0.0296739,-0,0,0.00595398,-0.00145321,-0.0210599,-0.840742,-0.695475,0.0175003,-0.500108,1.1994,0.00330031,-17.1366,-0.503926,-0.0208006,-0.500651,0.00145321,0.0210599,-0.0317341,-0.329296,-0.292541,0.00219866,-0.0342964,0.000453905,0.000568419,0,0,True,True
0.14,-0,0,-0.00159513,-0.00156024,-0.0217494,0.30842,-0.695386,0.0181664,-0.705068,1.19942,0.00341245,-16.0503,-0.504032,-0.0215789,-0.469932,0.00156024,0.0217494,-0.0295321,-0,0,0.00586725,-0.00156024,-0.0217494,-0.833283,-0.695386,0.0181664,-0.501418,1.19942,0.00341245,-17.1219,-0.504032,-0.0215789,-0.492051,0.00156024,0.0217494,-0.0315392,-0.324233,-0.287654,0.00219494,-0.0354939,0.00049278,0.000610278,0,0,True,True
0.145,-0,0,-0.00163019,-0.0016707,-0.0224354,0.315019,-0.695293,0.0188286,-0.702237,1.19943,0.0035224,-16.058,-0.504141,-0.022351,-0.462401,0.0016707,0.0224354,-0.0294094,-0,0,0.00578612,-0.0016707,-0.0224354,-0.825896,-0.695293,0.0188286,-0.502773,1.19943,0.0035224,-17.1075,-0.504141,-0.022351,-0.483607,0.0016707,0.0224354,-0.0313659,-0.31926,-0.282833,0.00219274,-0.0366837,0.000533085,0.00065348,0,0,True,True
0.15,-0,0,-0.00166509,-0.00178459,-0.0231183,0.32157,-0.695197,0.0194874,-0.699516,1.19945,0.00363022,-16.0656,-0.504255,-0.0231176,-0.454985,0.00178459,0.0231183,-0.0293059,-0,0,0.00571041,-0.00178459,-0.0231183,-0.818584,-0.695197,0.0194874,-0.504171,1.19945,0.00363022,-17.0934,-0.504255,-0.0231176,-0.475313,0.00178459,0.0231183,-0.0312143,-0.314373,-0.278077,0.00219205,-0.0378664,0.000574811,0.00069802,0,0,True,True
0.155,-0,0,-0.00169991,-0.00190188,-0.0237986,0.328073,-0.695098,0.0201432,-0.696906,1.19947,0.00373596,-16.0731,-0.504373,-0.0238792,-0.447685,0.00190188,0.0237986,-0.0292218,-0,0,0.00564,-0.00190188,-0.0237986,-0.811346,-0.695098,0.0201432,-0.50561,1.19947,0.00373596,-17.0796,-0.504373,-0.0238792,-0.467167,0.00190188,0.0237986,-0.0310843,-0.309572,-0.273384,0.00219286,-0.039043,0.000617949,0.000743892,0,0,True,True
0.16,-0,0,-0.00173476,-0.00202258,-0.0244767,0.334527,-0.694996,0.0207965,-0.694406,1.19949,0.00383968,-16.0805,-0.504494,-0.0246362,-0.440499,0.00202258,0.0244767,-0.0291571,-0,0,0.00557476,-0.00202258,-0.0244767,-0.804183,-0.694996,0.0207965,-0.507091,1.19949,0.00383968,-17.066,-0.504494,-0.0246362,-0.459167,0.00202258,0.0244767,-0.0309759,-0.304858,-0.268754,0.00219515,-0.0402142,0.00066249,0.000791092,0,0,True,True
0.165,-0,0,-0.00176973,-0.00214665,-0.0251532,0.340931,-0.69489,0.0214478,-0.692015,1.19951,0.00394141,-16.0878,-0.504619,-0.0253892,-0.433428,0.00214665,0.0251532,-0.0291116,-0,0,0.00551458,-0.00214665,-0.0251532,-0.797095,-0.69489,0.0214478,-0.508613,1.19951,0.00394141,-17.0528,-0.504619,-0.0253892,-0.451315,0.00214665,0.0251532,-0.0308889,-0.30023,-0.264188,0.00219891,-0.0413808,0.000708428,0.000839614,0,0,True,True
0.17,-0,0,-0.00180493,-0.00227411,-0.0258285,0.347287,-0.694782,0.0220975,-0.689735,1.19953,0.00404122,-16.095,-0.504748,-0.0261388,-0.426474,0.00227411,0.0258285,-0.0290855,-0,0,0.00545937,-0.00227411,-0.0258285,-0.79008,-0.694782,0.0220975,-0.510176,1.19953,0.00404122,-17.0399,-0.504748,-0.0261388,-0.443609,0.00227411,0.0258285,-0.0308233,-0.295689,-0.259686,0.00220414,-0.0425437,0.000755758,0.000889457,0,0,True,True
0.175,-0,0,-0.00184045,-0.00240494,-0.0265029,0.353595,-0.694669,0.0227462,-0.687563,1.19955,0.00413914,-16.1021,-0.50488,-0.0268854,-0.419636,0.00240494,0.0265029,-0.0290785,-0,0,0.00540902,-0.00240494,-0.0265029,-0.783137,-0.694669,0.0227462,-0.51178,1.19955,0.00413914,-17.0273,-0.50488,-0.0268854,-0.436049,0.00240494,0.0265029,-0.0307788,-0.291236,-0.255249,0.00221082,-0.0437035,0.000804474,0.000940619,0,0,True,True
0.18,-0,0,-0.00187641,-0.00253914,-0.0271771,0.359857,-0.694554,0.0233944,-0.6855,1.19957,0.00423522,-16.1092,-0.505017,-0.0276296,-0.412915,0.00253914,0.0271771,-0.0290905,-0,0,0.00536341,-0.00253914,-0.0271771,-0.776262,-0.694554,0.0233944,-0.513426,1.19957,0.00423522,-17.015,-0.505017,-0.0276296,-0.428634,0.00253914,0.0271771,-0.0307551,-0.286869,-0.250876,0.00221895,-0.0448612,0.000854572,0.000993098,0,0,True,True
0.185,-0,0,-0.00191288,-0.00267671,-0.0278514,0.366075,-0.694435,0.0240424,-0.683543,1.19959,0.00432952,-16.1162,-0.505157,-0.0283719,-0.406309,0.00267671,0.0278514,-0.0291214,-0,0,0.00532243,-0.00267671,-0.0278514,-0.769454,-0.694435,0.0240424,-0.515113,1.19959,0.00432952,-17.003,-0.505157,-0.0283719,-0.421361,0.00267671,0.0278514,-0.030752,-0.282589,-0.246568,0.00222849,-0.0460175,0.00090605,0.00104689,0,0,True,True
0.19,-0,0,-0.00194997,-0.00281765,-0.0285262,0.372252,-0.694314,0.0246907,-0.681692,1.19961,0.00442205,-16.1231,-0.5053,-0.0291128,-0.399816,0.00281765,0.0285262,-0.0291709,-0,0,0.00528592,-0.00281765,-0.0285262,-0.762708,-0.694314,0.0246907,-0.516842,1.19961,0.00442205,-16.9913,-0.5053,-0.0291128,-0.414227,0.00281765,0.0285262,-0.0307692,-0.278393,-0.242321,0.00223944,-0.0471732,0.000958906,0.00110201,0,0,True,True
0.195,-0,0,-0.00198775,-0.00296197,-0.0292021,0.378388,-0.694189,0.0253399,-0.679945,1.19964,0.00451288,-16.1299,-0.505448,-0.0298528,-0.39343,0.00296197,0.0292021,-0.0292389,-0,0,0.00525374,-0.00296197,-0.0292021,-0.756023,-0.694189,0.0253399,-0.518613,1.19964,0.00451288,-16.9798,-0.505448,-0.0298528,-0.407226,0.00296197,0.0292021,-0.0308065,-0.274279,-0.238134,0.00225178,-0.0483291,0.00101314,0.00115844,0,0,True,True
0.2,-0,0,-0.00202626,-0.00310967,-0.0298794,0.384487,-0.69406,0.0259904,-0.678298,1.19966,0.00460202,-16.1367,-0.505599,-0.0305925,-0.387148,0.00310967,0.0298794,-0.0293254,-0,0,0.00522573,-0.00310967,-0.0298794,-0.749396,-0.69406,0.0259904,-0.520424,1.19966,0.00460202,-16.9686,-0.505599,-0.0305925,-0.400352,0.00310967,0.0298794,-0.0308637,-0.270242,-0.234003,0.0022655,-0.0494858,0.00106875,0.00121619,0,0,True,True
0.205,-0,0,-0.00206556,-0.00326076,-0.0305586,0.390547,-0.693929,0.0266427,-0.676751,1.19968,0.00468952,-16.1433,-0.505754,-0.0313322,-0.380961,0.00326076,0.0305586,-0.0294302,-0,0,0.00520173,-0.00326076,-0.0305586,-0.742826,-0.693929,0.0266427,-0.522273,1.19968,0.00468952,-16.9577,-0.505754,-0.0313322,-0.393596,0.00326076,0.0305586,-0.0309406,-0.266278,-0.229923,0.0022806,-0.0506442,0.00112573,0.00127527,0,0,True,True
0.21,-0,0,-0.00210566,-0.00341526,-0.0312401,0.39657,-0.693794,0.0272971,-0.675302,1.19971,0.00477539,-16.1499,-0.505912,-0.0320725,-0.374863,0.00341526,0.0312401,-0.0295535,-0,0,0.00518157,-0.00341526,-0.0312401,-0.736312,-0.693794,0.0272971,-0.524159,1.19971,0.00477539,-16.947,-0.505912,-0.0320725,-0.38695,0.00341526,0.0312401,-0.0310374,-0.262382,-0.22589,0.00229709,-0.051805,0.0011841,0.00133568,0,0,True,True
0.215,-0,0,-0.00214658,-0.00357316,-0.0319243,0.402553,-0.693656,0.0279541,-0.673949,1.19973,0.00485965,-16.1565,-0.506074,-0.0328138,-0.368845,0.00357316,0.0319243,-0.0296954,-0,0,0.00516511,-0.00357316,-0.0319243,-0.729856,-0.693656,0.0279541,-0.526079,1.19973,0.00485965,-16.9366,-0.506074,-0.0328138,-0.380407,0.00357316,0.0319243,-0.0311541,-0.25855,-0.221899,0.00231499,-0.0529689,0.00124385,0.00139742,0,0,True,True
0.22,-0,0,-0.00218833,-0.0037345,-0.0326117,0.408496,-0.693514,0.0286142,-0.672691,1.19975,0.00494234,-16.1629,-0.50624,-0.0335565,-0.362903,0.0037345,0.0326117,-0.0298561,-0,0,0.00515224,-0.0037345,-0.0326117,-0.723459,-0.693514,0.0286142,-0.52803,1.19975,0.00494234,-16.9264,-0.50624,-0.0335565,-0.373958,0.0037345,0.0326117,-0.0312909,-0.254778,-0.217945,0.00233434,-0.0541366,0.00130498,0.0014605,0,0,True,True
0.225,-0,0,-0.00223093,-0.00389928,-0.0333027,0.414397,-0.69337,0.0292776,-0.671529,1.19978,0.00502345,-16.1692,-0.50641,-0.0343011,-0.357032,0.00389928,0.0333027,-0.0300359,-0,0,0.00514288,-0.00389928,-0.0333027,-0.717121,-0.69337,0.0292776,-0.530013,1.19978,0.00502345,-16.9165,-0.50641,-0.0343011,-0.3676,0.00389928,0.0333027,-0.031448,-0.251063,-0.214027,0.00235518,-0.0553088,0.0013675,0.00152493,0,0,True,True
0.23,-0,0,-0.00227444,-0.00406753,-0.0339978,0.420255,-0.693221,0.029945,-0.670462,1.1998,0.005103,-16.1754,-0.506583,-0.035048,-0.351233,0.00406753,0.0339978,-0.0302348,-0,0,0.00513699,-0.00406753,-0.0339978,-0.710843,-0.693221,0.029945,-0.532026,1.1998,0.005103,-16.9069,-0.506583,-0.035048,-0.361333,0.00406753,0.0339978,-0.0316254,-0.247406,-0.210145,0.00237756,-0.0564863,0.00143142,0.00159071,0,0,True,True
0.235,-0,0,-0.00231891,-0.00423926,-0.0346974,0.426071,-0.69307,0.0306166,-0.669492,1.19983,0.005181,-16.1816,-0.50676,-0.0357976,-0.345507,0.00423926,0.0346974,-0.0304529,-0,0,0.00513455,-0.00423926,-0.0346974,-0.704625,-0.69307,0.0306166,-0.53407,1.19983,0.005181,-16.8975,-0.50676,-0.0357976,-0.355158,0.00423926,0.0346974,-0.0318233,-0.243809,-0.206299,0.00240154,-0.0576697,0.00149674,0.00165785,0,0,True,True
0.24,-0,0,-0.00236444,-0.0044145,-0.0354019,0.431845,-0.692915,0.0312929,-0.668619,1.19986,0.00525745,-16.1876,-0.506941,-0.0365504,-0.33986,0.0044145,0.0354019,-0.0306904,-0,0,0.0051356,-0.0044145,-0.0354019,-0.698464,-0.692915,0.0312929,-0.536146,1.19986,0.00525745,-16.8883,-0.506941,-0.0365504,-0.34908,0.0044145,0.0354019,-0.0320416,-0.240273,-0.202493,0.00242717,-0.0588598,0.00156347,0.00172636,0,0,True,True
0.245,-0,0,-0.0024111,-0.00459328,-0.0361118,0.437578,-0.692757,0.0319744,-0.667845,1.19988,0.00533236,-16.1936,-0.507126,-0.0373068,-0.334297,0.00459328,0.0361118,-0.030947,-0,0,0.00514013,-0.00459328,-0.0361118,-0.692359,-0.692757,0.0319744,-0.538258,1.19988,0.00533236,-16.8794,-0.507126,-0.0373068,-0.343103,0.00459328,0.0361118,-0.0322801,-0.236803,-0.19873,0.00245449,-0.0600574,0.00163162,0.00179626,0,0,True,True
0.25,-0,0,-0.002459,-0.00477562,-0.0368276,0.443273,-0.692596,0.0326615,-0.667169,1.19991,0.00540573,-16.1994,-0.507314,-0.0380672,-0.328821,0.00477562,0.0368276,-0.0312229,-0,0,0.00514817,-0.00477562,-0.0368276,-0.686307,-0.692596,0.0326615,-0.540405,1.19991,0.00540573,-16.8708,-0.507314,-0.0380672,-0.33723,0.00477562,0.0368276,-0.0325389,-0.233402,-0.195013,0.00248352,-0.061263,0.00170119,0.00186754,0,0,True,True
0.255,-0,0,-0.00250821,-0.00496155,-0.0375497,0.448931,-0.692431,0.0333546,-0.666593,1.19994,0.00547756,-16.2052,-0.507507,-0.0388321,-0.323436,0.00496155,0.0375497,-0.031518,-0,0,0.00515971,-0.00496155,-0.0375497,-0.680306,-0.692431,0.0333546,-0.542591,1.19994,0.00547756,-16.8624,-0.507507,-0.0388321,-0.331465,0.00496155,0.0375497,-0.0328178,-0.23007,-0.191344,0.00251429,-0.0624775,0.00177219,0.00194023,0,0,True,True
0.26,-0,0,-0.0025588,-0.00515112,-0.0382786,0.454554,-0.692262,0.0340542,-0.666116,1.19996,0.00554785,-16.2109,-0.507703,-0.039602,-0.318141,0.00515112,0.0382786,-0.0318322,-0,0,0.0051747,-0.00515112,-0.0382786,-0.674354,-0.692262,0.0340542,-0.544815,1.19996,0.00554785,-16.8543,-0.507703,-0.039602,-0.325805,0.00515112,0.0382786,-0.0331168,-0.226808,-0.187721,0.00254683,-0.0637017,0.00184464,0.00201433,0,0,True,True
0.265,-0,0,-0.0026108,-0.00534434,-0.0390146,0.460144,-0.69209,0.0347607,-0.665736,1.19999,0.00561659,-16.2166,-0.507903,-0.0403773,-0.312934,0.00534434,0.0390146,-0.0321655,-0,0,0.00519309,-0.00534434,-0.0390146,-0.668448,-0.69209,0.0347607,-0.547079,1.19999,0.00561659,-16.8464,-0.507903,-0.0403773,-0.32025,0.00534434,0.0390146,-0.0334358,-0.223615,-0.184146,0.00258116,-0.0649362,0.00191854,0.00208987,0,0,True,True
0.27,-0,0,-0.00266426,-0.00554126,-0.0397582,0.465701,-0.691914,0.0354747,-0.665454,1.20002,0.00568378,-16.2222,-0.508106,-0.0411585,-0.307811,0.00554126,0.0397582,-0.032518,-0,0,0.0052148,-0.00554126,-0.0397582,-0.662587,-0.691914,0.0354747,-0.549381,1.20002,0.00568378,-16.8387,-0.508106,-0.0411585,-0.314792,0.00554126,0.0397582,-0.0337747,-0.220488,-0.180613,0.00261729,-0.0661817,0.00199391,0.00216684,0,0,True,True
0.275,-0,0,-0.00271917,-0.00574192,-0.0405099,0.471229,-0.691735,0.0361966,-0.665268,1.20005,0.0057494,-16.2277,-0.508314,-0.041946,-0.302766,0.00574192,0.0405099,-0.0328898,-0,0,0.00523974,-0.00574192,-0.0405099,-0.656768,-0.691735,0.0361966,-0.55172,1.20005,0.0057494,-16.8313,-0.508314,-0.041946,-0.309426,0.00574192,0.0405099,-0.0341337,-0.217422,-0.177119,0.00265527,-0.0674391,0.00207076,0.00224528,0,0,True,True
0.28,-0,0,-0.00277555,-0.00594636,-0.0412701,0.476726,-0.691552,0.0369269,-0.665175,1.20008,0.00581342,-16.2331,-0.508526,-0.0427403,-0.297791,0.00594636,0.0412701,-0.0332808,-0,0,0.00526779,-0.00594636,-0.0412701,-0.650991,-0.691552,0.0369269,-0.554097,1.20008,0.00581342,-16.8241,-0.508526,-0.0427403,-0.304144,0.00594636,0.0412701,-0.0345128,-0.214413,-0.17366,0.00269514,-0.068709,0.00214911,0.00232519,0,0,True,True
0.285,-0,0,-0.00283339,-0.00615462,-0.0420393,0.482196,-0.691366,0.0376659,-0.665173,1.20011,0.00587583,-16.2385,-0.508742,-0.0435417,-0.292878,0.00615462,0.0420393,-0.0336912,-0,0,0.00529886,-0.00615462,-0.0420393,-0.645253,-0.691366,0.0376659,-0.556508,1.20011,0.00587583,-16.8172,-0.508742,-0.0435417,-0.298937,0.00615462,0.0420393,-0.0349119,-0.211457,-0.170231,0.00273695,-0.0699921,0.00222896,0.0024066,0,0,True,True
0.29,-0,0,-0.0028927,-0.00636675,-0.0428178,0.487639,-0.691176,0.0384141,-0.665262,1.20014,0.00593658,-16.2438,-0.508961,-0.0443507,-0.288022,0.00636675,0.0428178,-0.034121,-0,0,0.00533286,-0.00636675,-0.0428178,-0.639552,-0.691176,0.0384141,-0.558954,1.20014,0.00593658,-16.8104,-0.508961,-0.0443507,-0.293797,0.00636675,0.0428178,-0.0353311,-0.208547,-0.166826,0.00278076,-0.0712891,0.00231034,0.00248951,0,0,True,True
0.295,-0,0,-0.00295348,-0.0065828,-0.0436062,0.493058,-0.690982,0.039172,-0.66544,1.20017,0.00599563,-16.249,-0.509185,-0.0451677,-0.283216,0.0065828,0.0436062,-0.0345702,-0,0,0.0053697,-0.0065828,-0.0436062,-0.633886,-0.690982,0.039172,-0.561435,1.20017,0.00599563,-16.8039,-0.509185,-0.0451677,-0.288719,0.0065828,0.0436062,-0.0357704,-0.205682,-0.163443,0.00282665,-0.0726008,0.00239326,0.00257395,0,0,True,True
0.3,-0,0,-0.00301578,-0.00680282,-0.044405,0.498455,-0.690784,0.03994,-0.665704,1.2002,0.00605295,-16.2541,-0.509413,-0.045993,-0.278457,0.00680282,0.044405,-0.0350388,-0,0,0.00540934,-0.00680282,-0.044405,-0.628252,-0.690784,0.03994,-0.563949,1.2002,0.00605295,-16.7976,-0.509413,-0.045993,-0.283698,0.00680282,0.044405,-0.0362297,-0.202858,-0.16008,0.00287468,-0.0739277,0.00247774,0.00265994,0,0,True,True
0.305,-0,0,-0.00307965,-0.00702685,-0.0452144,0.503833,-0.690582,0.0407186,-0.666056,1.20023,0.00610848,-16.2592,-0.509645,-0.0468271,-0.273743,0.00702685,0.0452144,-0.0355268,-0,0,0.00545175,-0.00702685,-0.0452144,-0.622646,-0.690582,0.0407186,-0.5665,1.20023,0.00610848,-16.7914,-0.509645,-0.0468271,-0.278734,0.00702685,0.0452144,-0.0367089,-0.200076,-0.156734,0.00292494,-0.0752706,0.0025638,0.00274751,0,0,True,True
0.31,-0,0,-0.00314515,-0.00725496,-0.046035,0.509196,-0.690377,0.0415081,-0.666494,1.20026,0.00616217,-16.2642,-0.509881,-0.0476702,-0.269078,0.00725496,0.046035,-0.036034,-0,0,0.00549693,-0.00725496,-0.046035,-0.617064,-0.690377,0.0415081,-0.569089,1.20026,0.00616217,-16.7855,-0.509881,-0.0476702,-0.273826,0.00725496,0.046035,-0.037208,-0.197335,-0.153409,0.0029775,-0.0766302,0.00265145,0.00283666,0,0,True,True
0.315,-0,0,-0.00321238,-0.0074872,-0.0468673,0.514548,-0.690167,0.042309,-0.667018,1.20029,0.00621396,-16.2692,-0.510122,-0.048523,-0.264463,0.0074872,0.0468673,-0.0365604,-0,0,0.0055449,-0.0074872,-0.0468673,-0.611501,-0.690167,0.042309,-0.571718,1.20029,0.00621396,-16.7797,-0.510122,-0.048523,-0.26898,0.0074872,0.0468673,-0.0377266,-0.194638,-0.150105,0.00303242,-0.0780071,0.00274072,0.00292742,0,0,True,True
0.32,-0,0,-0.00328143,-0.00772363,-0.0477116,0.519893,-0.689954,0.0431218,-0.66763,1.20032,0.00626378,-16.2741,-0.510367,-0.0493856,-0.259903,0.00772363,0.0477116,-0.0371059,-0,0,0.0055957,-0.00772363,-0.0477116,-0.605954,-0.689954,0.0431218,-0.57439,1.20032,0.00626378,-16.7742,-0.510367,-0.0493856,-0.264197,0.00772363,0.0477116,-0.0382648,-0.191988,-0.146826,0.00308976,-0.0794021,0.00283162,0.00301982,0,0,True,True
0.325,-0,0,-0.0033524,-0.00796432,-0.0485684,0.525234,-0.689736,0.043947,-0.668328,1.20035,0.00631158,-16.279,-0.510616,-0.0502586,-0.255402,0.00796432,0.0485684,-0.0376703,-0,0,0.00564935,-0.00796432,-0.0485684,-0.600418,-0.689736,0.043947,-0.577109,1.20035,0.00631158,-16.7688,-0.510616,-0.0502586,-0.259481,0.00796432,0.0485684,-0.0388223,-0.189387,-0.143574,0.00314955,-0.0808158,0.00292418,0.00311387,0,0,True,True
0.33,-0,0,-0.00342534,-0.00820932,-0.0494382,0.530575,-0.689514,0.0447851,-0.669113,1.20038,0.00635728,-16.2838,-0.510869,-0.0511424,-0.250958,0.00820932,0.0494382,-0.0382537,-0,0,0.00570583,-0.00820932,-0.0494382,-0.59489,-0.689514,0.0447851,-0.579875,1.20038,0.00635728,-16.7636,-0.510869,-0.0511424,-0.254832,0.00820932,0.0494382,-0.0393991,-0.186834,-0.140348,0.00321185,-0.0822489,0.00301842,0.00320961,0,0,True,True
0.335,-0,0,-0.00350023,-0.0084587,-0.0503213,0.535916,-0.689288,0.0456365,-0.669984,1.20042,0.00640081,-16.2887,-0.511127,-0.0520373,-0.246563,0.0084587,0.0503213,-0.0388563,-0,0,0.00576507,-0.0084587,-0.0503213,-0.589369,-0.689288,0.0456365,-0.582687,1.20042,0.00640081,-16.7585,-0.511127,-0.0520373,-0.25024,0.0084587,0.0503213,-0.0399955,-0.184324,-0.137143,0.00327668,-0.0837021,0.00311436,0.00330706,0,0,True,True
0.34,-0,0,-0.00357692,-0.00871253,-0.0512182,0.541253,-0.689058,0.0465017,-0.670939,1.20045,0.00644207,-16.2934,-0.51139,-0.0529438,-0.2422,0.00871253,0.0512182,-0.0394789,-0,0,0.00582692,-0.00871253,-0.0512182,-0.58386,-0.689058,0.0465017,-0.585539,1.20045,0.00644207,-16.7537,-0.51139,-0.0529438,-0.245687,0.00871253,0.0512182,-0.0406122,-0.181847,-0.133947,0.00334412,-0.0851761,0.00321202,0.00340625,0,0,True,True
0.345,-0,0,-0.00365541,-0.00897088,-0.0521294,0.546586,-0.688823,0.0473812,-0.671977,1.20048,0.00648098,-16.2981,-0.511657,-0.0538622,-0.237863,0.00897088,0.0521294,-0.0401215,-0,0,0.00589135,-0.00897088,-0.0521294,-0.578361,-0.688823,0.0473812,-0.58843,1.20048,0.00648098,-16.749,-0.511657,-0.0538622,-0.241168,0.00897088,0.0521294,-0.0412494,-0.179397,-0.130756,0.00341427,-0.0866716,0.00331144,0.0035072,0,0,True,True
0.35,-0,0,-0.00373602,-0.00923382,-0.0530554,0.551928,-0.688584,0.0482755,-0.673099,1.20051,0.00651742,-16.3028,-0.511928,-0.0547929,-0.233575,0.00923382,0.0530554,-0.0407835,-0,0,0.00595853,-0.00923382,-0.0530554,-0.572859,-0.688584,0.0482755,-0.591372,1.20051,0.00651742,-16.7444,-0.511928,-0.0547929,-0.236703,0.00923382,0.0530554,-0.0419062,-0.17699,-0.127585,0.00348723,-0.0881893,0.00341263,0.00360994,0,0,True,True
0.355,-0,0,-0.00381904,-0.00950143,-0.0539965,0.557289,-0.688341,0.049185,-0.674309,1.20054,0.0065513,-16.3075,-0.512204,-0.0557363,-0.229356,0.00950143,0.0539965,-0.0414643,-0,0,0.00602864,-0.00950143,-0.0539965,-0.567345,-0.688341,0.049185,-0.594374,1.20054,0.0065513,-16.7401,-0.512204,-0.0557363,-0.232317,0.00950143,0.0539965,-0.0425819,-0.17464,-0.124449,0.003563,-0.0897298,0.00351562,0.0037145,0,0,True,True
0.36,-0,0,-0.00390455,-0.00977379,-0.0549532,0.562672,-0.688092,0.0501105,-0.675609,1.20058,0.00658252,-16.3122,-0.512485,-0.056693,-0.225211,0.00977379,0.0549532,-0.042164,-0,0,0.00610171,-0.00977379,-0.0549532,-0.561814,-0.688092,0.0501105,-0.597438,1.20058,0.00658252,-16.7358,-0.512485,-0.056693,-0.22801,0.00977379,0.0549532,-0.0432765,-0.172348,-0.12135,0.00364159,-0.0912939,0.00362044,0.00382091,0,0,True,True
0.365,-0,0,-0.0039925,-0.010051,-0.0559259,0.568073,-0.687839,0.0510523,-0.676997,1.20061,0.00661097,-16.317,-0.512771,-0.0576633,-0.22113,0.010051,0.0559259,-0.0428832,-0,0,0.0061777,-0.010051,-0.0559259,-0.556271,-0.687839,0.0510523,-0.600561,1.20061,0.00661097,-16.7317,-0.512771,-0.0576633,-0.223774,0.010051,0.0559259,-0.0439908,-0.170109,-0.11828,0.00372299,-0.0928823,0.00372712,0.0039292,0,0,True,True
0.37,-0,0,-0.00408279,-0.010333,-0.056915,0.57349,-0.687582,0.0520112,-0.678473,1.20064,0.00663652,-16.3217,-0.513062,-0.0586477,-0.217102,0.010333,0.056915,-0.0436225,-0,0,0.00625654,-0.010333,-0.056915,-0.550719,-0.687582,0.0520112,-0.60374,1.20064,0.00663652,-16.7278,-0.513062,-0.0586477,-0.219597,0.010333,0.056915,-0.0447254,-0.167916,-0.115233,0.00380724,-0.0944957,0.00383569,0.00403941,0,0,True,True
0.375,-0,0,-0.00417534,-0.0106201,-0.0579212,0.578919,-0.687319,0.0529876,-0.680037,1.20068,0.00665904,-16.3264,-0.513358,-0.0596466,-0.213114,0.0106201,0.0579212,-0.0443825,-0,0,0.00633816,-0.0106201,-0.0579212,-0.54516,-0.687319,0.0529876,-0.606972,1.20068,0.00665904,-16.7241,-0.513358,-0.0596466,-0.215468,0.0106201,0.0579212,-0.0454809,-0.165762,-0.112201,0.00389441,-0.0961349,0.00394617,0.00415156,0,0,True,True
0.38,-0,0,-0.0042701,-0.0109123,-0.0589447,0.584359,-0.687052,0.053982,-0.681688,1.20071,0.0066784,-16.331,-0.513659,-0.0606604,-0.20916,0.0109123,0.0589447,-0.0451637,-0,0,0.00642253,-0.0109123,-0.0589447,-0.539595,-0.687052,0.053982,-0.610253,1.20071,0.0066784,-16.7205,-0.513659,-0.0606604,-0.211376,0.0109123,0.0589447,-0.0462579,-0.16364,-0.109177,0.00398457,-0.0978006,0.0040586,0.00426569,0,0,True,True
0.385,-0,0,-0.00436704,-0.0112096,-0.0599861,0.589809,-0.686779,0.0549951,-0.683427,1.20074,0.00669443,-16.3356,-0.513964,-0.0616895,-0.205232,0.0112096,0.0599861,-0.0459664,-0,0,0.00650964,-0.0112096,-0.0599861,-0.534024,-0.686779,0.0549951,-0.613585,1.20074,0.00669443,-16.717,-0.513964,-0.0616895,-0.207317,0.0112096,0.0599861,-0.0470567,-0.161549,-0.106158,0.00407783,-0.0994935,0.00417301,0.00438183,0,0,True,True
0.39,-0,0,-0.00446618,-0.0115121,-0.061046,0.59527,-0.686502,0.0560273,-0.685254,1.20078,0.00670698,-16.3402,-0.514275,-0.0627343,-0.20133,0.0115121,0.061046,-0.0467911,-0,0,0.00659953,-0.0115121,-0.061046,-0.528448,-0.686502,0.0560273,-0.616966,1.20078,0.00670698,-16.7137,-0.514275,-0.0627343,-0.203289,0.0115121,0.061046,-0.0478777,-0.159487,-0.103144,0.00417429,-0.101214,0.00428943,0.00450002,0,0,True,True
0.395,-0,0,-0.00456761,-0.01182,-0.0621247,0.600744,-0.686219,0.0570793,-0.687171,1.20081,0.00671587,-16.3448,-0.514592,-0.0637952,-0.19746,0.01182,0.0621247,-0.047638,-0,0,0.00669227,-0.01182,-0.0621247,-0.522864,-0.686219,0.0570793,-0.6204,1.20081,0.00671587,-16.7106,-0.514592,-0.0637952,-0.199298,0.01182,0.0621247,-0.0487212,-0.157457,-0.100137,0.00427405,-0.102964,0.0044079,0.00462029,0,0,True,True
0.4,-0,0,-0.00467147,-0.0121334,-0.0632229,0.606233,-0.685931,0.0581516,-0.689182,1.20084,0.00672093,-16.3493,-0.514913,-0.0648725,-0.193634,0.0121334,0.0632229,-0.0485071,-0,0,0.00678804,-0.0121334,-0.0632229,-0.517269,-0.685931,0.0581516,-0.623892,1.20084,0.00672093,-16.7077,-0.514913,-0.0648725,-0.195356,0.0121334,0.0632229,-0.0495872,-0.155469,-0.0971453,0.00437723,-0.104743,0.00452845,0.00474268,0,0,True,True
0.405,-0,0,-0.00477804,-0.0124523,-0.064341,0.611743,-0.685638,0.0592448,-0.691293,1.20088,0.00672197,-16.3538,-0.515241,-0.0659668,-0.189878,0.0124523,0.064341,-0.0493986,-0,0,0.00688711,-0.0124523,-0.064341,-0.511657,-0.685638,0.0592448,-0.62745,1.20088,0.00672197,-16.7049,-0.515241,-0.0659668,-0.191489,0.0124523,0.064341,-0.0504757,-0.15354,-0.0941863,0.00448387,-0.106552,0.00465111,0.00486724,0,0,True,True
0.41,-0,0,-0.0048878,-0.0127768,-0.0654795,0.617283,-0.685339,0.0603597,-0.693513,1.20091,0.0067188,-16.3584,-0.515573,-0.0670785,-0.186233,0.0127768,0.0654795,-0.0503119,-0,0,0.00698987,-0.0127768,-0.0654795,-0.50602,-0.685339,0.0603597,-0.631091,1.20091,0.0067188,-16.7023,-0.515573,-0.0670785,-0.18774,0.0127768,0.0654795,-0.0513862,-0.151697,-0.0912868,0.00459402,-0.108392,0.00477593,0.00499399,0,0,True,True
0.415,-0,0,-0.00500129,-0.013107,-0.0666389,0.622868,-0.685034,0.061497,-0.695849,1.20095,0.00671125,-16.3631,-0.515911,-0.0682083,-0.182746,0.013107,0.0666389,-0.0512464,-0,0,0.0070967,-0.013107,-0.0666389,-0.500341,-0.685034,0.061497,-0.634829,1.20095,0.00671125,-16.6999,-0.515911,-0.0682083,-0.184155,0.013107,0.0666389,-0.0523177,-0.149968,-0.0884767,0.00470759,-0.110264,0.00490294,0.00512298,0,0,True,True
0.42,-0,0,-0.00511876,-0.0134432,-0.0678198,0.628508,-0.684724,0.0626576,-0.6983,1.20098,0.00669913,-16.3679,-0.516255,-0.0693567,-0.179421,0.0134432,0.0678198,-0.0522016,-0,0,0.00720759,-0.0134432,-0.0678198,-0.494613,-0.684724,0.0626576,-0.638672,1.20098,0.00669913,-16.6976,-0.516255,-0.0693567,-0.180738,0.0134432,0.0678198,-0.0532697,-0.148358,-0.0857596,0.00482444,-0.112169,0.00503217,0.00525425,0,0,True,True
0.425,-0,0,-0.00523968,-0.0137852,-0.0690225,0.634198,-0.684408,0.0638423,-0.700854,1.20101,0.00668224,-16.3727,-0.516605,-0.0705245,-0.176194,0.0137852,0.0690225,-0.0531784,-0,0,0.00732193,-0.0137852,-0.0690225,-0.488839,-0.684408,0.0638423,-0.642601,1.20101,0.00668224,-16.6955,-0.516605,-0.0705245,-0.177424,0.0137852,0.0690225,-0.0542432,-0.146824,-0.083093,0.00494447,-0.114107,0.00516368,0.00538785,0,0,True,True
0.43,-0,0,-0.00536328,-0.0141334,-0.0702476,0.639926,-0.684085,0.0650518,-0.703494,1.20105,0.00666034,-16.3776,-0.51696,-0.0717121,-0.172974,0.0141334,0.0702476,-0.0541781,-0,0,0.00743895,-0.0141334,-0.0702476,-0.48303,-0.684085,0.0650518,-0.646592,1.20105,0.00666034,-16.6935,-0.51696,-0.0717121,-0.174119,0.0141334,0.0702476,-0.0552397,-0.145308,-0.0804173,0.00506774,-0.11608,0.0052975,0.00552381,0,0,True,True
0.435,-0,0,-0.00548903,-0.0144877,-0.0714956,0.645687,-0.683757,0.0662867,-0.70621,1.20108,0.00663315,-16.3824,-0.517322,-0.0729198,-0.1697,0.0144877,0.0714956,-0.0552019,-0,0,0.00755815,-0.0144877,-0.0714956,-0.477192,-0.683757,0.0662867,-0.650627,1.20108,0.00663315,-16.6917,-0.517322,-0.0729198,-0.170763,0.0144877,0.0714956,-0.0562603,-0.14377,-0.077693,0.00519443,-0.118088,0.00543368,0.00566217,0,0,True,True
0.44,-0,0,-0.00561677,-0.0148483,-0.072767,0.651479,-0.683422,0.0675474,-0.708997,1.20111,0.00660038,-16.3871,-0.51769,-0.0741478,-0.166354,0.0148483,0.072767,-0.0562503,-0,0,0.00767943,-0.0148483,-0.072767,-0.471327,-0.683422,0.0675474,-0.654702,1.20111,0.00660038,-16.6899,-0.51769,-0.0741478,-0.167336,0.0148483,0.072767,-0.0573057,-0.142197,-0.0749071,0.00532482,-0.120132,0.00557225,0.005803,0,0,True,True
0.445,-0,0,-0.0057466,-0.0152154,-0.0740625,0.657303,-0.683082,0.0688347,-0.711859,1.20114,0.00656174,-16.3917,-0.518063,-0.0753964,-0.16294,0.0152154,0.0740625,-0.0573236,-0,0,0.00780292,-0.0152154,-0.0740625,-0.465432,-0.683082,0.0688347,-0.658821,1.20114,0.00656174,-16.6882,-0.518063,-0.0753964,-0.163844,0.0152154,0.0740625,-0.0583762,-0.140595,-0.0720636,0.00545914,-0.122213,0.00571327,0.00594632,0,0,True,True
0.45,-0,0,-0.00587871,-0.015589,-0.0753826,0.663163,-0.682734,0.070149,-0.714802,1.20118,0.00651689,-16.3964,-0.518444,-0.0766659,-0.159478,0.015589,0.0753826,-0.0584221,-0,0,0.00792885,-0.015589,-0.0753826,-0.459505,-0.682734,0.070149,-0.662989,1.20118,0.00651689,-16.6866,-0.518444,-0.0766659,-0.160306,0.015589,0.0753826,-0.0594722,-0.138974,-0.069174,0.00559766,-0.124331,0.00585677,0.00609219,0,0,True,True
0.455,-0,0,-0.00601333,-0.0159692,-0.0767279,0.669061,-0.68238,0.071491,-0.717832,1.20121,0.00646552,-16.4009,-0.51883,-0.0779565,-0.15599,0.0159692,0.0767279,-0.059546,-0,0,0.0080575,-0.0159692,-0.0767279,-0.453543,-0.68238,0.071491,-0.667215,1.20121,0.00646552,-16.6851,-0.51883,-0.0779565,-0.156744,0.0159692,0.0767279,-0.0605937,-0.137351,-0.0662526,0.00574058,-0.126486,0.00600281,0.00624065,0,0,True,True
0.46,-0,0,-0.00615072,-0.0163563,-0.0780989,0.675001,-0.682019,0.0728613,-0.720955,1.20124,0.0064073,-16.4055,-0.519223,-0.0792686,-0.152499,0.0163563,0.0780989,-0.0606957,-0,0,0.00818914,-0.0163563,-0.0780989,-0.447541,-0.682019,0.0728613,-0.671506,1.20124,0.0064073,-16.6838,-0.519223,-0.0792686,-0.153182,0.0163563,0.0780989,-0.061741,-0.13574,-0.0633144,0.00588809,-0.128681,0.00615143,0.00639176,0,0,True,True
0.465,-0,0,-0.00629112,-0.0167502,-0.0794963,0.680987,-0.681651,0.0742608,-0.724176,1.20127,0.00634188,-16.4101,-0.519623,-0.0806027,-0.149026,0.0167502,0.0794963,-0.0618712,-0,0,0.00832401,-0.0167502,-0.0794963,-0.441496,-0.681651,0.0742608,-0.675871,1.20127,0.00634188,-16.6826,-0.519623,-0.0806027,-0.14964,0.0167502,0.0794963,-0.0629143,-0.134155,-0.0603726,0.00604033,-0.130915,0.00630268,0.00654557,0,0,True,True
0.47,-0,0,-0.00643475,-0.0171512,-0.0809206,0.687024,-0.681277,0.0756902,-0.727502,1.20131,0.00626891,-16.4146,-0.520029,-0.0819591,-0.145587,0.0171512,0.0809206,-0.0630728,-0,0,0.00846233,-0.0171512,-0.0809206,-0.435403,-0.681277,0.0756902,-0.680315,1.20131,0.00626891,-16.6815,-0.520029,-0.0819591,-0.146137,0.0171512,0.0809206,-0.0641138,-0.132607,-0.0574381,0.00619745,-0.13319,0.00645661,0.00670213,0,0,True,True
0.475,-0,0,-0.0065818,-0.0175594,-0.0823725,0.693115,-0.680895,0.0771504,-0.730935,1.20134,0.00618801,-16.4193,-0.520442,-0.0833384,-0.142196,0.0175594,0.0823725,-0.0643008,-0,0,0.00860425,-0.0175594,-0.0823725,-0.42926,-0.680895,0.0771504,-0.684845,1.20134,0.00618801,-16.6806,-0.520442,-0.0833384,-0.142683,0.0175594,0.0823725,-0.0653397,-0.131105,-0.0545184,0.00635953,-0.135505,0.00661326,0.00686148,0,0,True,True
0.48,-0,0,-0.00673239,-0.0179749,-0.0838525,0.699262,-0.680505,0.0786422,-0.734478,1.20137,0.00609881,-16.4239,-0.520863,-0.084741,-0.138858,0.0179749,0.0838525,-0.0655555,-0,0,0.00874988,-0.0179749,-0.0838525,-0.423062,-0.680505,0.0786422,-0.689463,1.20137,0.00609881,-16.6798,-0.520863,-0.084741,-0.139286,0.0179749,0.0838525,-0.0665923,-0.129653,-0.0516175,0.00652668,-0.137863,0.00677269,0.00702369,0,0,True,True
0.485,-0,0,-0.00688659,-0.0183979,-0.0853613,0.705468,-0.680108,0.0801664,-0.738133,1.2014,0.00600091,-16.4286,-0.52129,-0.0861674,-0.135574,0.0183979,0.0853613,-0.0668373,-0,0,0.00889927,-0.0183979,-0.0853613,-0.416808,-0.680108,0.0801664,-0.694172,1.2014,0.00600091,-16.6791,-0.52129,-0.0861674,-0.135946,0.0183979,0.0853613,-0.067872,-0.128251,-0.0487358,0.006699,-0.140264,0.00693496,0.00718881,0,0,True,True
0.49,-0,0,-0.00704445,-0.0188286,-0.0868995,0.711735,-0.679703,0.0817242,-0.7419,1.20143,0.00589388,-16.4333,-0.521724,-0.087618,-0.132341,0.0188286,0.0868995,-0.0681467,-0,0,0.00905245,-0.0188286,-0.0868995,-0.410496,-0.679703,0.0817242,-0.698973,1.20143,0.00589388,-16.6786,-0.521724,-0.087618,-0.13266,0.0188286,0.0868995,-0.0691793,-0.126899,-0.0458708,0.00687658,-0.142709,0.0071001,0.00735689,0,0,True,True
0.495,-0,0,-0.00720597,-0.0192669,-0.0884677,0.718065,-0.679291,0.0833163,-0.745781,1.20146,0.00577727,-16.4381,-0.522166,-0.0890935,-0.129153,0.0192669,0.0884677,-0.0694841,-0,0,0.00920943,-0.0192669,-0.0884677,-0.404123,-0.679291,0.0833163,-0.703866,1.20146,0.00577727,-16.6783,-0.522166,-0.0890935,-0.129422,0.0192669,0.0884677,-0.0705147,-0.125592,-0.0430185,0.00705954,-0.145199,0.00726819,0.007528,0,0,True,True
0.5,-0,0,-0.00737115,-0.0197132,-0.0900665,0.724458,-0.67887,0.0849436,-0.749774,1.20149,0.00565064,-16.4429,-0.522615,-0.0905943,-0.126003,0.0197132,0.0900665,-0.07085,-0,0,0.00937021,-0.0197132,-0.0900665,-0.39769,-0.67887,0.0849436,-0.708851,1.20149,0.00565064,-16.6781,-0.522615,-0.0905943,-0.126224,0.0197132,0.0900665,-0.0718787,-0.124326,-0.0401738,0.00724801,-0.147735,0.00743927,0.00770219,0,0,True,True
0.505,-0,0,-0.00753999,-0.0201676,-0.0916967,0.730917,-0.678441,0.0866073,-0.75388,1.20151,0.00551349,-16.4477,-0.523072,-0.0921208,-0.122883,0.0201676,0.0916967,-0.0722451,-0,0,0.00953479,-0.0201676,-0.0916967,-0.391193,-0.678441,0.0866073,-0.713927,1.20151,0.00551349,-16.678,-0.523072,-0.0921208,-0.123058,0.0201676,0.0916967,-0.0732718,-0.123095,-0.0373313,0.00744213,-0.150317,0.00761341,0.00787953,0,0,True,True
0.51,-0,0,-0.00771248,-0.0206302,-0.0933589,0.737442,-0.678004,0.0883081,-0.758099,1.20154,0.0053653,-16.4525,-0.523536,-0.0936734,-0.119786,0.0206302,0.0933589,-0.0736698,-0,0,0.00970317,-0.0206302,-0.0933589,-0.384631,-0.678004,0.0883081,-0.719095,1.20154,0.0053653,-16.6781,-0.523536,-0.0936734,-0.119918,0.0206302,0.0933589,-0.0746946,-0.121897,-0.0344864,0.00764207,-0.152947,0.00779066,0.00806006,0,0,True,True
0.515,-0,0,-0.00788863,-0.0211012,-0.0950537,0.744035,-0.677558,0.0900472,-0.762431,1.20157,0.00520555,-16.4574,-0.524009,-0.0952527,-0.116707,0.0211012,0.0950537,-0.0751246,-0,0,0.00987538,-0.0211012,-0.0950537,-0.378003,-0.677558,0.0900472,-0.724355,1.20157,0.00520555,-16.6782,-0.524009,-0.0952527,-0.116797,0.0211012,0.0950537,-0.0761476,-0.120726,-0.031635,0.00784799,-0.155626,0.00797108,0.00824387,0,0,True,True
0.52,-0,0,-0.00806848,-0.0215807,-0.0967819,0.750699,-0.677104,0.0918254,-0.766878,1.20159,0.00503366,-16.4623,-0.524489,-0.0968591,-0.113641,0.0215807,0.0967819,-0.0766101,-0,0,0.0100514,-0.0215807,-0.0967819,-0.371307,-0.677104,0.0918254,-0.729707,1.20159,0.00503366,-16.6786,-0.524489,-0.0968591,-0.11369,0.0215807,0.0967819,-0.0776314,-0.119581,-0.028774,0.0080601,-0.158354,0.00815474,0.00843101,0,0,True,True
0.525,-0,0,-0.00825206,-0.022069,-0.0985441,0.757435,-0.67664,0.0936439,-0.77144,1.20162,0.00484906,-16.4672,-0.524977,-0.0984929,-0.110585,0.022069,0.0985441,-0.0781268,-0,0,0.0102314,-0.022069,-0.0985441,-0.36454,-0.67664,0.0936439,-0.735154,1.20162,0.00484906,-16.679,-0.524977,-0.0984929,-0.110596,0.022069,0.0985441,-0.0791464,-0.118461,-0.0259013,0.0082786,-0.161133,0.00834169,0.00862154,0,0,True,True
0.53,-0,0,-0.00843943,-0.0225662,-0.100341,0.764246,-0.676167,0.0955036,-0.776119,1.20164,0.00465113,-16.4721,-0.525474,-0.100155,-0.107537,0.0225662,0.100341,-0.0796751,-0,0,0.0104154,-0.0225662,-0.100341,-0.3577,-0.676167,0.0955036,-0.740698,1.20164,0.00465113,-16.6796,-0.525474,-0.100155,-0.107513,0.0225662,0.100341,-0.0806932,-0.117363,-0.0230155,0.00850368,-0.163963,0.00853201,0.00881553,0,0,True,True
0.535,-0,0,-0.00863065,-0.0230724,-0.102174,0.771134,-0.675685,0.0974056,-0.780916,1.20166,0.00443922,-16.4771,-0.525979,-0.101845,-0.104498,0.0230724,0.102174,-0.0812558,-0,0,0.0106034,-0.0230724,-0.102174,-0.350785,-0.675685,0.0974056,-0.746339,1.20166,0.00443922,-16.6803,-0.525979,-0.101845,-0.104439,0.0230724,0.102174,-0.0822724,-0.116289,-0.0201159,0.00873558,-0.166846,0.00872575,0.00901306,0,0,True,True
0.54,-0,0,-0.0088258,-0.0235879,-0.104042,0.778101,-0.675193,0.099351,-0.785834,1.20169,0.00421267,-16.4821,-0.526492,-0.103564,-0.101467,0.0235879,0.104042,-0.0828692,-0,0,0.0107955,-0.0235879,-0.104042,-0.343792,-0.675193,0.099351,-0.75208,1.20169,0.00421267,-16.6811,-0.526492,-0.103564,-0.101374,0.0235879,0.104042,-0.0838844,-0.115238,-0.0172019,0.00897452,-0.169781,0.00892299,0.00921419,0,0,True,True
0.545,-0,0,-0.00902492,-0.0241128,-0.105948,0.785149,-0.674692,0.101341,-0.790875,1.20171,0.00397077,-16.4871,-0.527014,-0.105312,-0.0984435,0.0241128,0.105948,-0.084516,-0,0,0.0109919,-0.0241128,-0.105948,-0.336719,-0.674692,0.101341,-0.757923,1.20171,0.00397077,-16.6821,-0.527014,-0.105312,-0.0983189,0.0241128,0.105948,-0.08553,-0.114211,-0.0142735,0.00922073,-0.172772,0.00912379,0.00941899,0,0,True,True
0.55,-0,0,-0.00922808,-0.0246474,-0.107892,0.79228,-0.67418,0.103377,-0.796041,1.20173,0.0037128,-16.4921,-0.527545,-0.10709,-0.0954282,0.0246474,0.107892,-0.0861968,-0,0,0.0111925,-0.0246474,-0.107892,-0.329564,-0.67418,0.103377,-0.763871,1.20173,0.0037128,-16.6832,-0.527545,-0.10709,-0.0952732,0.0246474,0.107892,-0.0872098,-0.113208,-0.01133,0.00947446,-0.175817,0.00932822,0.00962753,0,0,True,True
0.555,-0,0,-0.00943534,-0.0251918,-0.109874,0.799496,-0.673658,0.105459,-0.801333,1.20174,0.00343799,-16.4972,-0.528085,-0.108897,-0.0924207,0.0251918,0.109874,-0.0879122,-0,0,0.0113977,-0.0251918,-0.109874,-0.322326,-0.673658,0.105459,-0.769925,1.20174,0.00343799,-16.6844,-0.528085,-0.108897,-0.0922365,0.0251918,0.109874,-0.0889243,-0.112229,-0.00837109,0.00973594,-0.178919,0.00953635,0.0098399,0,0,True,True
0.56,-0,0,-0.00964672,-0.0257461,-0.111896,0.806797,-0.673125,0.10759,-0.806755,1.20176,0.00314554,-16.5023,-0.528634,-0.110736,-0.0894198,0.0257461,0.111896,-0.089663,-0,0,0.0116073,-0.0257461,-0.111896,-0.315003,-0.673125,0.10759,-0.776088,1.20176,0.00314554,-16.6858,-0.528634,-0.110736,-0.0892077,0.0257461,0.111896,-0.0906744,-0.111274,-0.00539551,0.0100055,-0.182078,0.00974826,0.0100562,0,0,True,True
0.565,-0,0,-0.00986226,-0.0263107,-0.113957,0.814185,-0.672582,0.10977,-0.812309,1.20177,0.00283463,-16.5074,-0.529193,-0.112605,-0.0864236,0.0263107,0.113957,-0.0914499,-0,0,0.0118215,-0.0263107,-0.113957,-0.307593,-0.672582,0.10977,-0.78236,1.20177,0.00283463,-16.6873,-0.529193,-0.112605,-0.0861849,0.0263107,0.113957,-0.0924608,-0.110342,-0.0024016,0.0102833,-0.185295,0.00996402,0.0102764,0,0,True,True
0.57,-0,0,-0.010082,-0.0268857,-0.11606,0.821661,-0.672027,0.112001,-0.817995,1.20179,0.00250438,-16.5125,-0.52976,-0.114505,-0.083429,0.0268857,0.11606,-0.0932735,-0,0,0.0120405,-0.0268857,-0.11606,-0.300095,-0.672027,0.112001,-0.788743,1.20179,0.00250438,-16.6889,-0.52976,-0.114505,-0.0831646,0.0268857,0.11606,-0.0942843,-0.109431,0.000613087,0.0105697,-0.188572,0.0101837,0.0105007,0,0,True,True
0.575,-0,0,-0.0103059,-0.0274713,-0.118204,0.829228,-0.671462,0.114283,-0.823816,1.2018,0.00215388,-16.5176,-0.530338,-0.116437,-0.0804315,0.0274713,0.118204,-0.0951345,-0,0,0.0122643,-0.0274713,-0.118204,-0.292508,-0.671462,0.114283,-0.795239,1.2018,0.00215388,-16.6907,-0.530338,-0.116437,-0.0801426,0.0274713,0.118204,-0.0961455,-0.108539,0.0036518,0.0108649,-0.191909,0.0104074,0.0107291,0,0,True,True
0.58,-0,0,-0.010534,-0.0280678,-0.120392,0.836888,-0.670885,0.116619,-0.829773,1.20181,0.00178218,-16.5228,-0.530925,-0.118402,-0.0774257,0.0280678,0.120392,-0.0970337,-0,0,0.0124929,-0.0280678,-0.120392,-0.284827,-0.670885,0.116619,-0.801848,1.20181,0.00178218,-16.6926,-0.530925,-0.118402,-0.077113,0.0280678,0.120392,-0.0980451,-0.107662,0.00671856,0.0111694,-0.195307,0.0106352,0.0109617,0,0,True,True
0.585,-0,0,-0.0107664,-0.0286752,-0.122622,0.844644,-0.670296,0.11901,-0.835866,1.20182,0.0013883,-16.528,-0.531522,-0.120398,-0.0744049,0.0286752,0.122622,-0.0989714,-0,0,0.0127264,-0.0286752,-0.122622,-0.277049,-0.670296,0.11901,-0.808572,1.20182,0.0013883,-16.6947,-0.531522,-0.120398,-0.0740692,0.0286752,0.122622,-0.0999837,-0.106797,0.00981788,0.0114835,-0.198768,0.0108671,0.0111986,0,0,True,True
0.59,-0,0,-0.0110031,-0.029294,-0.124898,0.852501,-0.669695,0.121457,-0.842094,1.20182,0.000971191,-16.5332,-0.532129,-0.122428,-0.0713627,0.029294,0.124898,-0.100948,-0,0,0.0129648,-0.029294,-0.124898,-0.269171,-0.669695,0.121457,-0.815412,1.20182,0.000971191,-16.6969,-0.532129,-0.122428,-0.0710046,0.029294,0.124898,-0.101962,-0.105939,0.0129544,0.0118075,-0.202293,0.0111032,0.0114399,0,0,True,True
0.595,-0,0,-0.0112442,-0.0299242,-0.127218,0.860466,-0.669081,0.123961,-0.848459,1.20183,0.000529782,-16.5384,-0.532746,-0.124491,-0.0682931,0.0299242,0.127218,-0.102965,-0,0,0.0132081,-0.0299242,-0.127218,-0.261185,-0.669081,0.123961,-0.822371,1.20183,0.000529782,-16.6992,-0.532746,-0.124491,-0.0679132,0.0299242,0.127218,-0.10398,-0.105084,0.0161321,0.0121417,-0.205882,0.0113437,0.0116857,0,0,True,True
0.6,-0,0,-0.0114899,-0.0305662,-0.129585,0.868542,-0.668455,0.126524,-0.854961,1.20183,6.2945e-05,-16.5437,-0.533374,-0.126587,-0.0651923,0.0305662,0.129585,-0.105022,-0,0,0.0134563,-0.0305662,-0.129585,-0.253087,-0.668455,0.126524,-0.829451,1.20183,6.2945e-05,-16.7016,-0.533374,-0.126587,-0.0647912,0.0305662,0.129585,-0.106038,-0.104231,0.0193537,0.0124866,-0.209537,0.0115886,0.011936,0,0,True,True
0.605,-0,0,-0.0117402,-0.0312201,-0.132,0.876738,-0.667816,0.129148,-0.861602,1.20183,-0.000430496,-16.5489,-0.534012,-0.128718,-0.0620595,0.0312201,0.132,-0.107119,-0,0,0.0137095,-0.0312201,-0.132,-0.244872,-0.667816,0.129148,-0.836657,1.20183,-0.000430496,-16.7041,-0.534012,-0.128718,-0.0616377,0.0312201,0.132,-0.108138,-0.103378,0.0226202,0.0128425,-0.213258,0.011838,0.012191,0,0,True,True
0.61,-0,0,-0.0119955,-0.0318862,-0.134462,0.885056,-0.667163,0.131834,-0.868383,1.20182,-0.000951763,-16.5543,-0.534661,-0.130882,-0.0588967,0.0318862,0.134462,-0.109258,-0,0,0.0139676,-0.0318862,-0.134462,-0.236533,-0.667163,0.131834,-0.84399,1.20182,-0.000951763,-16.7067,-0.534661,-0.130882,-0.0584548,0.0318862,0.134462,-0.110278,-0.102528,0.0259306,0.0132099,-0.217047,0.012092,0.0124507,0,0,True,True
0.615,-0,0,-0.0122557,-0.0325647,-0.136973,0.893501,-0.666498,0.134583,-0.87531,1.20182,-0.00150213,-16.5596,-0.535321,-0.133081,-0.0557089,0.0325647,0.136973,-0.111439,-0,0,0.014231,-0.0325647,-0.136973,-0.228069,-0.666498,0.134583,-0.851457,1.20182,-0.00150213,-16.7094,-0.535321,-0.133081,-0.0552475,0.0325647,0.136973,-0.112461,-0.101684,0.0292821,0.0135892,-0.220905,0.0123507,0.0127152,0,0,True,True
0.62,-0,0,-0.0125212,-0.0332559,-0.139535,0.902078,-0.665818,0.137398,-0.882385,1.20181,-0.00208293,-16.565,-0.535992,-0.135315,-0.0525025,0.0332559,0.139535,-0.113662,-0,0,0.0144997,-0.0332559,-0.139535,-0.219474,-0.665818,0.137398,-0.859062,1.20181,-0.00208293,-16.7123,-0.535992,-0.135315,-0.0520221,0.0332559,0.139535,-0.114687,-0.10085,0.0326711,0.0139808,-0.224833,0.0126141,0.0129847,0,0,True,True
0.625,-0,0,-0.012792,-0.03396,-0.142147,0.910788,-0.665124,0.140279,-0.889614,1.2018,-0.00269555,-16.5705,-0.536674,-0.137584,-0.0492842,0.03396,0.142147,-0.115929,-0,0,0.014774,-0.03396,-0.142147,-0.210746,-0.665124,0.140279,-0.866809,1.2018,-0.00269555,-16.7152,-0.536674,-0.137584,-0.0487856,0.03396,0.142147,-0.116956,-0.100032,0.0360936,0.014385,-0.228832,0.0128824,0.0132592,0,0,True,True
0.63,-0,0,-0.0130683,-0.0346774,-0.144812,0.919635,-0.664415,0.143229,-0.897,1.20178,-0.00334142,-16.576,-0.537368,-0.139888,-0.0460598,0.0346774,0.144812,-0.118241,-0,0,0.0150539,-0.0346774,-0.144812,-0.201881,-0.664415,0.143229,-0.874703,1.20178,-0.00334142,-16.7183,-0.537368,-0.139888,-0.0455437,0.0346774,0.144812,-0.119269,-0.0992345,0.0395465,0.0148023,-0.232903,0.0131556,0.0135388,0,0,True,True
0.635,-0,0,-0.0133502,-0.0354081,-0.147529,0.928623,-0.663691,0.14625,-0.904548,1.20176,-0.00402204,-16.5816,-0.538073,-0.142228,-0.0428333,0.0354081,0.147529,-0.120597,-0,0,0.0153397,-0.0354081,-0.147529,-0.192876,-0.663691,0.14625,-0.882749,1.20176,-0.00402204,-16.7215,-0.538073,-0.142228,-0.0423003,0.0354081,0.147529,-0.121628,-0.0984594,0.0430276,0.0152332,-0.237047,0.0134339,0.0138237,0,0,True,True
0.64,-0,0,-0.013638,-0.0361527,-0.150301,0.937758,-0.662952,0.149344,-0.91226,1.20174,-0.004739,-16.5873,-0.53879,-0.144605,-0.0396061,0.0361527,0.150301,-0.122999,-0,0,0.0156315,-0.0361527,-0.150301,-0.183726,-0.662952,0.149344,-0.89095,1.20174,-0.004739,-16.7248,-0.53879,-0.144605,-0.039057,0.0361527,0.150301,-0.124032,-0.0977085,0.0465366,0.0156781,-0.241266,0.0137173,0.0141139,0,0,True,True
0.645,-0,0,-0.0139319,-0.0369112,-0.153127,0.947044,-0.662198,0.152511,-0.920139,1.20172,-0.00549391,-16.5931,-0.539519,-0.147017,-0.0363772,0.0369112,0.153127,-0.125447,-0,0,0.0159291,-0.0369112,-0.153127,-0.174425,-0.662198,0.152511,-0.89931,1.20172,-0.00549391,-16.7282,-0.539519,-0.147017,-0.0358126,0.0369112,0.153127,-0.126483,-0.0969814,0.0500745,0.0161374,-0.24556,0.014006,0.0144096,0,0,True,True
0.65,-0,0,-0.014232,-0.0376839,-0.15601,0.956491,-0.661427,0.155755,-0.928185,1.20169,-0.00628848,-16.5989,-0.54026,-0.149467,-0.0331432,0.0376839,0.15601,-0.127942,-0,0,0.0162328,-0.0376839,-0.15601,-0.164965,-0.661427,0.155755,-0.907832,1.20169,-0.00628848,-16.7318,-0.54026,-0.149467,-0.0325638,0.0376839,0.15601,-0.12898,-0.096276,0.0536438,0.0166117,-0.249931,0.0143,0.0147107,0,0,True,True
0.655,-0,0,-0.0145386,-0.0384713,-0.15895,0.966108,-0.66064,0.159078,-0.936399,1.20165,-0.00712449,-16.6048,-0.541013,-0.151954,-0.0298986,0.0384713,0.15895,-0.130485,-0,0,0.0165423,-0.0384713,-0.15895,-0.155338,-0.66064,0.159078,-0.916522,1.20165,-0.00712449,-16.7354,-0.541013,-0.151954,-0.0293054,0.0384713,0.15895,-0.131525,-0.095589,0.0572483,0.0171013,-0.254379,0.0145995,0.0150176,0,0,True,True
0.66,-0,0,-0.0148522,-0.0392734,-0.161949,0.975908,-0.659836,0.162481,-0.94478,1.20162,-0.00800379,-16.6109,-0.54178,-0.154477,-0.0266369,0.0392734,0.161949,-0.133076,-0,0,0.0168575,-0.0392734,-0.161949,-0.145532,-0.659836,0.162481,-0.925382,1.20162,-0.00800379,-16.7391,-0.54178,-0.154477,-0.0260307,0.0392734,0.161949,-0.134116,-0.0949159,0.0608924,0.0176068,-0.258906,0.0149045,0.0153302,0,0,True,True
0.665,-0,0,-0.0151731,-0.0400907,-0.165006,0.985905,-0.659015,0.165967,-0.953326,1.20157,-0.00892829,-16.6171,-0.542558,-0.157039,-0.0233511,0.0400907,0.165006,-0.135714,-0,0,0.0171781,-0.0400907,-0.165006,-0.135534,-0.659015,0.165967,-0.934417,1.20157,-0.00892829,-16.7428,-0.542558,-0.157039,-0.022733,0.0400907,0.165006,-0.136755,-0.0942522,0.0645808,0.0181287,-0.263514,0.0152152,0.0156487,0,0,True,True
0.67,-0,0,-0.0155021,-0.0409235,-0.168124,0.996118,-0.658177,0.169538,-0.962036,1.20153,-0.00990001,-16.6234,-0.54335,-0.159638,-0.0200344,0.0409235,0.168124,-0.1384,-0,0,0.0175038,-0.0409235,-0.168124,-0.12533,-0.658177,0.169538,-0.943634,1.20153,-0.00990001,-16.7466,-0.54335,-0.159638,-0.0194059,0.0409235,0.168124,-0.139439,-0.0935933,0.0683179,0.0186675,-0.268202,0.0155317,0.0159732,0,0,True,True
0.675,-0,0,-0.0158398,-0.041772,-0.171304,1.00657,-0.65732,0.173196,-0.970908,1.20147,-0.010921,-16.6299,-0.544155,-0.162275,-0.0166815,0.041772,0.171304,-0.141134,-0,0,0.0178341,-0.041772,-0.171304,-0.1149,-0.65732,0.173196,-0.953038,1.20147,-0.010921,-16.7504,-0.544155,-0.162275,-0.0160442,0.041772,0.171304,-0.14217,-0.0929352,0.0721069,0.0192238,-0.272973,0.0158541,0.0163038,0,0,True,True
0.68,-0,0,-0.016187,-0.0426365,-0.174546,1.01728,-0.656445,0.176943,-0.979939,1.20142,-0.0119935,-16.6366,-0.544973,-0.164949,-0.0132888,0.0426365,0.174546,-0.143915,-0,0,0.0181685,-0.0426365,-0.174546,-0.104224,-0.656445,0.176943,-0.962637,1.20142,-0.0119935,-16.7541,-0.544973,-0.164949,-0.0126451,0.0426365,0.174546,-0.144944,-0.0922755,0.07595,0.019798,-0.277827,0.0161825,0.0166407,0,0,True,True
0.685,-0,0,-0.0165451,-0.0435174,-0.177851,1.02828,-0.655551,0.180782,-0.989127,1.20135,-0.0131198,-16.6436,-0.545804,-0.167662,-0.00985536,0.0435174,0.177851,-0.146743,-0,0,0.0185063,-0.0435174,-0.177851,-0.0932787,-0.655551,0.180782,-0.97244,1.20135,-0.0131198,-16.7577,-0.545804,-0.167662,-0.0092081,0.0435174,0.177851,-0.147762,-0.0916128,0.0798476,0.0203907,-0.282765,0.016517,0.0169839,0,0,True,True
0.69,-0,0,-0.016915,-0.044415,-0.181221,1.03959,-0.654637,0.184715,-0.99847,1.20129,-0.014302,-16.6509,-0.546649,-0.170413,-0.0063825,0.044415,0.181221,-0.149618,-0,0,0.0188469,-0.044415,-0.181221,-0.0820406,-0.654637,0.184715,-0.982458,1.20129,-0.014302,-16.7611,-0.546649,-0.170413,-0.00573538,0.044415,0.181221,-0.150621,-0.0909478,0.0837984,0.0210023,-0.287788,0.0168578,0.0173336,0,0,True,True
0.695,-0,0,-0.0172983,-0.0453297,-0.184657,1.05126,-0.653703,0.188746,-1.00797,1.20121,-0.0155428,-16.6585,-0.547508,-0.173203,-0.00287387,0.0453297,0.184657,-0.152538,-0,0,0.0191894,-0.0453297,-0.184657,-0.070484,-0.653703,0.188746,-0.992701,1.20121,-0.0155428,-16.7644,-0.547508,-0.173203,-0.00223143,0.0453297,0.184657,-0.15352,-0.0902823,0.0877999,0.0216334,-0.292897,0.0172049,0.01769,0,0,True,True
0.7,-0,0,-0.0176964,-0.0462616,-0.188159,1.06331,-0.65275,0.192875,-1.01762,1.20113,-0.0168446,-16.6665,-0.548381,-0.17603,0.000665457,0.0462616,0.188159,-0.155504,-0,0,0.019533,-0.0462616,-0.188159,-0.0585857,-0.65275,0.192875,-1.00318,1.20113,-0.0168446,-16.7675,-0.548381,-0.17603,0.00129774,0.0462616,0.188159,-0.156458,-0.0896194,0.0918485,0.0222843,-0.298093,0.0175586,0.018053,0,0,True,True
0.705,-0,0,-0.0181105,-0.0472112,-0.191728,1.07575,-0.651775,0.197107,-1.02743,1.20104,-0.0182101,-16.675,-0.549269,-0.178896,0.00423008,0.0472112,0.191728,-0.158515,-0,0,0.0198771,-0.0472112,-0.191728,-0.046327,-0.651775,0.197107,-1.0139,1.20104,-0.0182101,-16.7703,-0.549269,-0.178896,0.00484586,0.0472112,0.191728,-0.159432,-0.0889626,0.0959409,0.0229555,-0.303377,0.0179188,0.018423,0,0,True,True
0.71,-0,0,-0.0185416,-0.0481789,-0.195365,1.08862,-0.650778,0.201443,-1.03739,1.20095,-0.019642,-16.6839,-0.55017,-0.181801,0.00781583,0.0481789,0.195365,-0.161572,-0,0,0.0202212,-0.0481789,-0.195365,-0.0336995,-0.650778,0.201443,-1.02488,1.20095,-0.019642,-16.7729,-0.55017,-0.181801,0.00840814,0.0481789,0.195365,-0.162443,-0.088315,0.100075,0.0236475,-0.308749,0.0182858,0.0187999,0,0,True,True
0.715,-0,0,-0.0189898,-0.0491649,-0.199072,1.10189,-0.64976,0.205887,-1.04753,1.20085,-0.021143,-16.6933,-0.551087,-0.184744,0.0114226,0.0491649,0.199072,-0.164677,-0,0,0.0205655,-0.0491649,-0.199072,-0.0207108,-0.64976,0.205887,-1.0361,1.20085,-0.021143,-16.7752,-0.551087,-0.184744,0.0119843,0.0491649,0.199072,-0.165494,-0.0876777,0.104251,0.0243606,-0.314211,0.0186596,0.019184,0,0,True,True
0.72,-0,0,-0.0194541,-0.0501696,-0.202849,1.11553,-0.64872,0.210441,-1.05785,1.20074,-0.0227162,-16.703,-0.552018,-0.187725,0.0150532,0.0501696,0.202849,-0.167834,-0,0,0.020911,-0.0501696,-0.202849,-0.00739377,-0.64872,0.210441,-1.04757,1.20074,-0.0227162,-16.7773,-0.552018,-0.187725,0.0155779,0.0501696,0.202849,-0.16859,-0.0870511,0.108475,0.0250954,-0.319763,0.0190405,0.0195753,0,0,True,True
0.725,-0,0,-0.0199311,-0.0511934,-0.206697,1.12945,-0.647656,0.21511,-1.06839,1.20062,-0.0243647,-16.713,-0.552964,-0.190745,0.0186891,0.0511934,0.206697,-0.171052,-0,0,0.021261,-0.0511934,-0.206697,0.00617103,-0.647656,0.21511,-1.05926,1.20062,-0.0243647,-16.7795,-0.552964,-0.190745,0.0191725,0.0511934,0.206697,-0.171742,-0.0864521,0.112738,0.0258526,-0.325407,0.0194285,0.0199741,0,0,True,True
0.73,-0,0,-0.0204143,-0.0522366,-0.210618,1.14346,-0.646569,0.219895,-1.07921,1.20049,-0.0260918,-16.7228,-0.553925,-0.193803,0.0222715,0.0522366,0.210618,-0.174343,-0,0,0.0216222,-0.0522366,-0.210618,0.0198329,-0.646569,0.219895,-1.07115,1.20049,-0.0260918,-16.7821,-0.553925,-0.193803,0.0227141,0.0522366,0.210618,-0.174969,-0.0859276,0.117012,0.026633,-0.331143,0.0198238,0.0203804,0,0,True,True
0.735,-0,0,-0.0208924,-0.0532996,-0.214614,1.15727,-0.645457,0.2248,-1.09041,1.20036,-0.0279009,-16.732,-0.554902,-0.196899,0.0257239,0.0532996,0.214614,-0.177727,-0,0,0.0220049,-0.0532996,-0.214614,0.0333638,-0.645457,0.2248,-1.08319,1.20036,-0.0279009,-16.7857,-0.554902,-0.196899,0.0261342,0.0532996,0.214614,-0.178303,-0.0855404,0.121258,0.0274378,-0.336973,0.0202265,0.0207944,0,0,True,True
0.74,-0,0,-0.0213488,-0.0543827,-0.218687,1.17047,-0.644321,0.229829,-1.1021,1.20021,-0.0297957,-16.74,-0.555894,-0.200033,0.0289676,0.0543827,0.218687,-0.181229,-0,0,0.0224244,-0.0543827,-0.218687,0.0464474,-0.644321,0.229829,-1.09532,1.20021,-0.0297957,-16.7909,-0.555894,-0.200033,0.0293661,0.0543827,0.218687,-0.181786,-0.0853584,0.125441,0.0282688,-0.3429,0.0206367,0.0212162,0,0,True,True
0.745,-0,0,-0.0217599,-0.0554864,-0.22284,1.18254,-0.643159,0.234986,-1.11442,1.20006,-0.0317803,-16.7459,-0.556902,-0.203206,0.0319105,0.0554864,0.22284,-0.184883,-0,0,0.0229016,-0.0554864,-0.22284,0.0586614,-0.643159,0.234986,-1.10743,1.20006,-0.0317803,-16.7989,-0.556902,-0.203206,0.0323342,0.0554864,0.22284,-0.185475,-0.0854633,0.129524,0.0291283,-0.348926,0.0210547,0.0216461,0,0,True,True
0.75,-0,0,-0.0220947,-0.0566111,-0.227078,1.19277,-0.641971,0.240276,-1.12756,1.1999,-0.0338591,-16.7486,-0.557926,-0.206416,0.0344402,0.0566111,0.227078,-0.18873,-0,0,0.0234639,-0.0566111,-0.227078,0.0694775,-0.641971,0.240276,-1.11942,1.1999,-0.0338591,-16.811,-0.557926,-0.206416,0.0349476,0.0566111,0.227078,-0.189441,-0.0859552,0.133458,0.0300197,-0.355056,0.0214806,0.022084,0,0,True,True
0.755,-0,0,-0.0223157,-0.0577572,-0.231408,1.20039,-0.640756,0.245703,-1.14172,1.19972,-0.0360371,-16.7467,-0.558966,-0.209665,0.0364289,0.0577572,0.231408,-0.192815,-0,0,0.0241446,-0.0577572,-0.231408,0.0782955,-0.640756,0.245703,-1.13117,1.19972,-0.0360371,-16.8284,-0.558966,-0.209665,0.0371033,0.0577572,0.231408,-0.193767,-0.0869471,0.13719,0.0309475,-0.361294,0.0219144,0.0225304,0,0,True,True
0.76,-0,0,-0.0223842,-0.0589252,-0.235836,1.20466,-0.639514,0.251272,-1.15707,1.19954,-0.0383195,-16.7391,-0.560023,-0.212953,0.0377579,0.0589252,0.235836,-0.197181,-0,0,0.0249783,-0.0589252,-0.235836,0.0845443,-0.639514,0.251272,-1.14256,1.19954,-0.0383195,-16.8528,-0.560023,-0.212953,0.0387055,0.0589252,0.235836,-0.198536,-0.0885439,0.140669,0.0319174,-0.367648,0.0223565,0.0229852,0,0,True,True
0.765,-0,0,-0.0222723,-0.0601156,-0.240371,1.20513,-0.638243,0.25699,-1.1737,1.19934,-0.0407124,-16.725,-0.561096,-0.216278,0.0383696,0.0601156,0.240371,-0.201848,-0,0,0.0259906,-0.0601156,-0.240371,0.0878973,-0.638243,0.25699,-1.15354,1.19934,-0.0407124,-16.8848,-0.561096,-0.216278,0.039709,0.0601156,0.240371,-0.203798,-0.0907974,0.143872,0.0329361,-0.374126,0.0228069,0.0234487,0,0,True,True
0.77,-0,0,-0.0219878,-0.0613289,-0.245023,1.20223,-0.636944,0.262863,-1.19147,1.19913,-0.0432221,-16.705,-0.562186,-0.219641,0.0383691,0.0613289,0.245023,-0.206784,-0,0,0.027176,-0.0613289,-0.245023,0.0886941,-0.636944,0.262863,-1.16422,1.19913,-0.0432221,-16.9237,-0.562186,-0.219641,0.040205,0.0613289,0.245023,-0.209522,-0.0936195,0.146849,0.0340108,-0.380734,0.0232658,0.0239212,0,0,True,True
0.775,-0,0,-0.0216214,-0.0625658,-0.249798,1.1982,-0.635615,0.268897,-1.20976,1.19891,-0.0458549,-16.6829,-0.563292,-0.223042,0.0382047,0.0625658,0.249798,-0.211857,-0,0,0.0284549,-0.0625658,-0.249798,0.0887083,-0.635615,0.268897,-1.17501,1.19891,-0.0458549,-16.9653,-0.563292,-0.223042,0.040578,0.0625658,0.249798,-0.215483,-0.0966293,0.149805,0.0351471,-0.387479,0.0237334,0.0244028,0,0,True,True
0.78,-0,0,-0.021431,-0.0638269,-0.254698,1.19876,-0.634255,0.275095,-1.22707,1.19867,-0.0486165,-16.6679,-0.564416,-0.226478,0.0389794,0.0638269,0.254698,-0.216739,-0,0,0.0295964,-0.0638269,-0.254698,0.0924772,-0.634255,0.275095,-1.18688,1.19867,-0.0486165,-16.9989,-0.564416,-0.226478,0.0417794,0.0638269,0.254698,-0.22109,-0.0988902,0.153251,0.0363464,-0.394362,0.0242098,0.0248938,0,0,True,True
0.785,-0,0,-0.0219867,-0.0651128,-0.259708,1.21587,-0.632864,0.281458,-1.24037,1.19842,-0.0515097,-16.6795,-0.565557,-0.229949,0.0429825,0.0651128,0.259708,-0.220764,-0,0,0.0300852,-0.0651128,-0.259708,0.109481,-0.632864,0.281458,-1.20174,1.19842,-0.0515097,-17.0019,-0.565557,-0.229949,0.0457791,0.0651128,0.259708,-0.225077,-0.0984625,0.158249,0.0375985,-0.401368,0.0246953,0.0253945,0,0,True,True
0.79,-0,0,-0.0244158,-0.066424,-0.264788,1.27269,-0.63144,0.28798,-1.24397,1.19816,-0.0545316,-16.7551,-0.566716,-0.233448,0.0546215,0.066424,0.264788,-0.222665,-0,0,0.0289144,-0.066424,-0.264788,0.157401,-0.63144,0.28798,-1.22311,1.19816,-0.0545316,-16.9313,-0.566716,-0.233448,0.0562552,0.066424,0.264788,-0.225031,-0.0916142,0.166845,0.0388711,-0.408457,0.0251901,0.0259051,0,0,True,True
0.795,-0,0,-0.0308048,-0.0677607,-0.269839,1.4125,-0.629984,0.294637,-1.22778,1.19788,-0.0576672,-16.9612,-0.567892,-0.23697,0.0821546,0.0677607,0.269839,-0.220043,-0,0,0.024316,-0.0677607,-0.269839,0.266083,-0.629984,0.294637,-1.25718,1.19788,-0.0576672,-16.7102,-0.567892,-0.23697,0.0794825,0.0677607,0.269839,-0.216753,-0.0713337,0.182859,0.04009,-0.415538,0.0256942,0.0264255,0,0,True,True
0.8,-0,0,-0.0442639,-0.0691224,-0.274672,1.70411,-0.628494,0.301379,-1.17739,1.19758,-0.0608797,-17.3919,-0.569085,-0.240499,0.138799,0.0691224,0.274672,-0.208902,-0,0,0.014038,-0.0691224,-0.274672,0.471317,-0.628494,0.301379,-1.31268,1.19758,-0.0608797,-16.2291,-0.569085,-0.240499,0.123258,0.0691224,0.274672,-0.194797,-0.0262941,0.212293,0.0411078,-0.422434,0.0262078,0.0269558,0,0,True,True
0.805,-0,0,-0.0668034,-0.0705074,-0.278977,2.20534,-0.62697,0.308121,-1.08464,1.19727,-0.0641025,-18.097,-0.570297,-0.244018,0.23604,0.0705074,0.278977,-0.185367,-0,0,-0.00233548,-0.0705074,-0.278977,0.773289,-0.62697,0.308121,-1.39438,1.19727,-0.0641025,-15.4291,-0.570297,-0.244018,0.18859,0.0705074,0.278977,-0.157791,0.0536106,0.260101,0.0416853,-0.428856,0.026731,0.027495,0.000986842,0.00657895,True,True
0.81,-0,0,-0.0971457,-0.0719121,-0.282445,2.91575,-0.625413,0.314772,-0.957039,1.19694,-0.0672615,-19.0189,-0.571525,-0.24751,0.374859,0.0719121,0.282445,-0.14846,-0,0,-0.0220017,-0.0719121,-0.282445,1.11462,-0.625413,0.314772,-1.49734,1.19694,-0.0672615,-14.3742,-0.571525,-0.24751,0.264908,0.0719121,0.282445,-0.111903,0.169682,0.326267,0.0415829,-0.434519,0.0272636,0.028042,0.00197368,0.0131579,True,True
0.815,-0,0,-0.132372,-0.0733318,-0.284884,3.79743,-0.623822,0.321267,-0.808464,1.19659,-0.0703006,-20.0588,-0.572772,-0.250966,0.549586,0.0733318,0.284884,-0.0995611,-0,0,-0.0415487,-0.0733318,-0.284884,1.42879,-0.623822,0.321267,-1.6127,1.19659,-0.0703006,-13.1763,-0.572772,-0.250966,0.339366,0.0733318,0.284884,-0.06514,0.317325,0.407951,0.0406519,-0.439246,0.0278056,0.0285947,0.00296053,0.0197368,True,True
0.82,-0,0,-0.170158,-0.074761,-0.286197,4.81726,-0.6222,0.327565,-0.648525,1.19624,-0.07318,-21.1482,-0.574035,-0.254385,0.75562,0.074761,0.286197,-0.0401986,-0,0,-0.0590005,-0.074761,-0.286197,1.67606,-0.6222,0.327565,-1.73426,1.19624,-0.07318,-11.9132,-0.574035,-0.254385,0.403993,0.074761,0.286197,-0.0225014,0.492579,0.503092,0.038817,-0.442948,0.0283568,0.0291512,0.00394737,0.0263158,True,True
0.825,-0,0,-0.208952,-0.0761938,-0.28634,5.95341,-0.620547,0.333638,-0.482475,1.19586,-0.0758691,-22.2492,-0.575316,-0.257768,0.990323,0.0761938,0.28634,0.0284798,-0,0,-0.0735554,-0.0761938,-0.28634,1.83813,-0.620547,0.333638,-1.85863,1.19586,-0.0758691,-10.6273,-0.575316,-0.257768,0.454638,0.0761938,0.28634,0.0135869,0.693036,0.610655,0.0360444,-0.445586,0.028917,0.029709,0.00493421,0.0328947,True,True
0.83,-0,0,-0.247746,-0.0776244,-0.285296,7.19253,-0.618864,0.339461,-0.313041,1.19548,-0.0783426,-23.3433,-0.576613,-0.261119,1.25193,0.0776244,0.285296,0.105708,-0,0,-0.0850553,-0.0776244,-0.285296,1.90807,-0.618864,0.339461,-1.98418,1.19548,-0.0783426,-9.34032,-0.576613,-0.261119,0.488903,0.0776244,0.285296,0.0421138,0.917098,0.729938,0.0323219,-0.447145,0.0294859,0.0302659,0.00592105,0.0394737,True,True
0.835,-0,0,-0.285989,-0.0790468,-0.28306,8.52805,-0.617152,0.345018,-0.141712,1.19508,-0.0805774,-24.4235,-0.577927,-0.264441,1.53823,0.0790468,0.28306,0.191102,-0,0,-0.0936811,-0.0790468,-0.28306,1.88404,-0.617152,0.345018,-2.1105,1.19508,-0.0805774,-8.06189,-0.577927,-0.264441,0.504819,0.0790468,0.28306,0.0627554,1.16307,0.859726,0.0276464,-0.447622,0.0300633,0.0308195,0.00690789,0.0460526,True,True
0.84,-0,0,-0.323697,-0.080455,-0.279631,9.95876,-0.615413,0.350294,0.0302196,1.19467,-0.0825513,-25.491,-0.579257,-0.267743,1.84454,0.080455,0.279631,0.284634,-0,0,-0.0998046,-0.080455,-0.279631,1.7657,-0.615413,0.350294,-2.23799,1.19467,-0.0825513,-6.79482,-0.579257,-0.267743,0.500098,0.080455,0.279631,0.0754546,1.42777,0.997046,0.0220147,-0.447022,0.030649,0.0313676,0.00789474,0.0526316,True,True
0.845,-0,0,-0.361845,-0.0818431,-0.275007,11.4876,-0.613649,0.355284,0.200581,1.19425,-0.0842427,-26.5539,-0.580604,-0.271042,2.16058,0.0818431,0.275007,0.386584,-0,0,-0.103915,-0.0818431,-0.275007,1.55235,-0.613649,0.355284,-2.36763,1.19425,-0.0842427,-5.53853,-0.580604,-0.271042,0.471857,0.0818431,0.275007,0.0801911,1.70436,1.13521,0.0154169,-0.445353,0.0312427,0.0319077,0.00888158,0.0592105,True,True
0.85,-0,0,-0.4032,-0.083205,-0.269182,13.1203,-0.611861,0.359996,0.364959,1.19383,-0.0856303,-27.6281,-0.581968,-0.274366,2.46544,0.083205,0.269182,0.497468,-0,0,-0.106548,-0.083205,-0.269182,1.24214,-0.611861,0.359996,-2.50075,1.19383,-0.0856303,-4.29092,-0.581968,-0.274366,0.416863,0.083205,0.269182,0.0768657,1.9788,1.26068,0.00782864,-0.442629,0.0318441,0.0324376,0.00986842,0.0657895,True,True
0.855,-0,0,-0.453901,-0.0845349,-0.262143,14.8637,-0.610049,0.364466,0.514697,1.1934,-0.0866946,-28.7401,-0.583348,-0.277772,2.71943,0.0845349,0.262143,0.617913,-0,0,-0.108122,-0.0845349,-0.262143,0.832013,-0.610049,0.364466,-2.63872,1.1934,-0.0866946,-3.0496,-0.583348,-0.277772,0.332561,0.0845349,0.262143,0.0652617,2.22415,1.34803,-0.000797937,-0.438881,0.0324532,0.0329548,0.0108553,0.0723684,True,True
0.86,-0,0,-0.526252,-0.0858265,-0.253877,16.7223,-0.608216,0.368777,0.63382,1.19296,-0.0874202,-29.9325,-0.584745,-0.281357,2.85106,0.0858265,0.253877,0.748414,-0,0,-0.108542,-0.0858265,-0.253877,0.318646,-0.608216,0.368777,-2.7823,1.19296,-0.0874202,-1.81276,-0.584745,-0.281357,0.219397,0.0858265,0.253877,0.0450835,2.39148,1.35188,-0.0105469,-0.434166,0.0330699,0.033457,0.0118421,0.0789474,True,True
0.865,-0,0,-0.643264,-0.0870737,-0.244367,18.6919,-0.606361,0.373091,0.694465,1.19252,-0.0878009,-31.2714,-0.586161,-0.28529,2.73775,0.0870737,0.244367,0.888817,-0,0,-0.106357,-0.0870737,-0.244367,-0.298853,-0.606361,0.373091,-2.93053,1.19252,-0.0878009,-0.580299,-0.586161,-0.28529,0.0853536,0.0870737,0.244367,0.0161251,2.39612,1.19508,-0.0215566,-0.428593,0.0336943,0.0339418,0.0128289,0.0855263,True,True
0.87,-0,0,-0.865416,-0.0882701,-0.233607,20.732,-0.604485,0.377697,0.755462,1.19208,-0.0878484,-32.7455,-0.587598,-0.289849,2.297,0.0882701,0.233607,1.0359,-0,0,-0.0939158,-0.0882701,-0.233607,-0.998998,-0.604485,0.377697,-3.1548,1.19208,-0.0878484,0.626035,-0.587598,-0.289849,-0.0449765,0.0882701,0.233607,-0.0199029,2.17898,0.827743,-0.0340432,-0.422364,0.0343272,0.0344067,0.0138158,0.0921053,True,True
0.875,-0,0,-1.41748,-0.0894097,-0.221624,22.6713,-0.602584,0.382845,1.61128,1.19164,-0.0875866,-33.6027,-0.58906,-0.295258,2.19987,0.0894097,0.221624,1.17406,-0,0,-0.0314069,-0.0894097,-0.221785,-1.63945,-0.602584,0.379328,-4.08146,1.19164,-0.0822705,1.63032,-0.58906,-0.297057,-0.158177,0.0894097,0.221785,-0.0493401,2.19299,0.682588,-0.0481546,-0.415664,0.0349696,0.0348492,0.0148026,0.0986842,True,True
0.88,-0,0,-2.47363,-0.0904864,-0.208494,24.2334,-0.600657,0.38739,4.08497,1.19121,-0.0869355,-32.9602,-0.590551,-0.300454,3.29119,0.0904864,0.208494,1.24821,-0,0,0.115244,-0.090488,-0.210257,-2.01621,-0.600692,0.349106,-6.33758,1.19126,-0.0293031,2.18506,-0.590569,-0.319803,-0.298495,0.090488,0.210257,-0.053772,2.9897,1.32487,-0.0630041,-0.407772,0.0356241,0.0352669,0.015,0.1,True,False
0.885,-0,0,-3.80385,-0.0914947,-0.194345,25.6438,-0.59871,0.389936,7.37919,1.19077,-0.0857858,-31.6038,-0.592064,-0.30415,4.92459,0.0914947,0.194345,1.4195,-0,0,0.304397,-0.0915123,-0.200555,-2.25314,-0.599093,0.25585,-9.27983,1.19135,0.115119,2.52049,-0.592258,-0.370968,-0.452953,0.0915123,0.200555,-0.0441265,4.21783,2.24985,-0.0774914,-0.397848,0.0362941,0.0356579,0.015,0.1,True,False
0.89,-0,0,-5.0708,-0.0924298,-0.179332,26.8863,-0.596757,0.390708,10.2863,1.19035,-0.0841651,-30.5174,-0.593592,-0.306543,6.10071,0.0924298,0.179332,1.61142,-0,0,0.484367,-0.0924935,-0.192838,-2.46132,-0.598133,0.100853,-11.9388,1.19241,0.347553,2.778,-0.594278,-0.448406,-0.582838,0.0924935,0.192838,-0.0350522,5.14373,2.87375,-0.0916387,-0.386181,0.0369837,0.0360204,0.015,0.1,True,False
0.895,-0,0,-6.14042,-0.093288,-0.163624,27.8214,-0.594803,0.390407,12.5167,1.18993,-0.0821597,-29.7955,-0.59513,-0.308247,6.73486,0.093288,0.163624,1.71429,-0,0,0.635626,-0.0934407,-0.186719,-2.62128,-0.598085,-0.102304,-14.0486,1.19483,0.646478,2.93015,-0.596742,-0.544174,-0.672996,0.0934407,0.186719,-0.0278867,5.64479,3.20958,-0.105783,-0.373376,0.0376973,0.036353,0.015,0.1,True,False
0.9,-0,0,-6.99034,-0.0940661,-0.147387,28.486,-0.592853,0.389514,14.1517,1.18953,-0.0798517,-29.3267,-0.596675,-0.309663,7.03762,0.0940661,0.147387,1.75818,-0,0,0.757402,-0.0943607,-0.181833,-2.73548,-0.599156,-0.341101,-15.6449,1.19888,0.991621,2.99059,-0.59972,-0.65052,-0.725201,0.0943607,0.181833,-0.02252,5.88316,3.37222,-0.120099,-0.359881,0.0384388,0.0366546,0.015,0.1,True,False
0.905,-0,0,-7.6158,-0.0947619,-0.130781,28.9134,-0.590908,0.388381,15.2584,1.18913,-0.07732,-29.0429,-0.598226,-0.311061,7.13671,0.0947619,0.130781,1.76398,-0,0,0.850004,-0.095259,-0.177834,-2.80686,-0.601496,-0.604101,-16.7676,1.20474,1.36416,2.9717,-0.603247,-0.760055,-0.741931,0.095259,0.177834,-0.0188472,5.95877,3.42972,-0.134665,-0.346038,0.0392117,0.0369244,0.015,0.1,True,False
0.91,-0,0,-8.0243,-0.0953739,-0.113951,29.1329,-0.588969,0.387271,15.8964,1.18875,-0.074641,-28.9013,-0.599785,-0.31263,7.10758,0.0953739,0.113951,1.7453,-0,0,0.914633,-0.0961391,-0.174397,-2.83864,-0.605197,-0.880981,-17.4606,1.21252,1.74691,2.88458,-0.607321,-0.86593,-0.726311,0.0961391,0.174397,-0.0167747,5.93142,3.42151,-0.149511,-0.332119,0.0400185,0.0371618,0.015,0.1,True,False
0.915,-0,0,-8.23152,-0.0959014,-0.0970301,29.1704,-0.587036,0.386395,16.1227,1.18839,-0.0718877,-28.8712,-0.601353,-0.314507,6.9963,0.0959014,0.0970301,1.71098,-0,0,0.953227,-0.097003,-0.171214,-2.83431,-0.610306,-1.16258,-17.7705,1.22221,2.12458,2.73919,-0.611906,-0.962001,-0.68205,0.097003,0.171214,-0.0162161,5.83799,3.37127,-0.164636,-0.318345,0.0408611,0.0373668,0.015,0.1,True,False
0.92,-0,0,-8.25829,-0.0963442,-0.0801376,29.049,-0.585105,0.385922,15.9931,1.18804,-0.0691298,-28.928,-0.60293,-0.316792,6.83247,0.0963442,0.0801376,1.66683,-0,0,0.968277,-0.0978512,-0.167995,-2.79752,-0.616823,-1.44094,-17.7458,1.23376,2.48391,2.54448,-0.616941,-1.04297,-0.613298,0.0978512,0.167995,-0.0170896,5.70223,3.29417,-0.180021,-0.304895,0.0417407,0.0375391,0.015,0.1,True,False
0.925,-0,0,-8.12827,-0.0967027,-0.0633774,28.7893,-0.583176,0.385984,15.5625,1.1877,-0.0664329,-29.0497,-0.604521,-0.319552,6.63621,0.0967027,0.0633774,1.61664,-0,0,0.962622,-0.0986829,-0.164462,-2.73203,-0.624715,-1.70934,-17.4349,1.24705,2.81381,2.30858,-0.622336,-1.10447,-0.524468,0.0986829,0.164462,-0.0193147,5.54023,3.20057,-0.195636,-0.291912,0.0426578,0.0376792,0.015,0.1,True,False
0.93,-0,0,-7.8661,-0.096978,-0.0468408,28.4101,-0.581245,0.386685,14.883,1.18737,-0.0638573,-29.2166,-0.606126,-0.322828,6.42168,0.096978,0.0468408,1.56293,-0,0,0.939243,-0.0994958,-0.160359,-2.64168,-0.633916,-1.96226,-16.8845,1.2619,3.10539,2.03888,-0.627985,-1.14312,-0.420054,0.0994958,0.160359,-0.022809,5.36326,3.09785,-0.21144,-0.27951,0.0436122,0.0377874,0.015,0.1,True,False
0.935,-0,0,-7.4959,-0.0971712,-0.0306075,27.9281,-0.579309,0.388097,14.003,1.18706,-0.0614584,-29.4114,-0.607749,-0.326639,6.1989,0.0971712,0.0306075,1.50741,-0,0,0.901067,-0.100287,-0.155441,-2.53035,-0.644338,-2.19529,-16.1379,1.2781,3.35184,1.74218,-0.633767,-1.15656,-0.304454,0.100287,0.155441,-0.0274852,5.17925,2.99124,-0.227386,-0.267774,0.0446034,0.0378643,0.015,0.1,True,False
0.94,-0,0,-7.0402,-0.097284,-0.0147464,27.3589,-0.577365,0.390269,12.966,1.18676,-0.0592858,-29.6195,-0.609392,-0.330983,5.97464,0.097284,0.0147464,1.45128,-0,0,0.85081,-0.10105,-0.149486,-2.40191,-0.655869,-2.40504,-15.2342,1.29542,3.54836,1.42483,-0.639551,-1.14333,-0.181834,0.10105,0.149486,-0.0332473,4.99361,2.88428,-0.243416,-0.256764,0.0456302,0.0379107,0.015,0.1,True,False
0.945,-0,0,-6.51926,-0.0973186,0.000682832,26.7167,-0.575407,0.393226,11.8096,1.18647,-0.0573835,-29.8292,-0.611059,-0.335843,5.75308,0.0973186,-0.000682832,1.39539,-0,0,0.790867,-0.101781,-0.142289,-2.26018,-0.668388,-2.589,-14.2072,1.31359,3.69189,1.09282,-0.645201,-1.10288,-0.0560284,0.101781,0.142289,-0.0399873,4.80974,2.77905,-0.259471,-0.246521,0.0466914,0.0379274,0.015,0.1,True,False
0.95,-0,0,-5.95065,-0.0972772,0.0156294,26.0146,-0.573432,0.396976,10.5655,1.18618,-0.0557897,-30.0324,-0.612751,-0.341186,5.53628,0.0972772,-0.0156294,1.34036,-0,0,0.723245,-0.102473,-0.133668,-2.10889,-0.681759,-2.74542,-13.0852,1.33234,3.7809,0.751873,-0.65058,-1.03547,0.0695184,0.102473,0.133668,-0.0475818,4.62946,2.67644,-0.275486,-0.237068,0.0477851,0.0379152,0.015,0.1,True,False
0.955,-0,0,-5.34921,-0.0971623,0.0300499,25.265,-0.571437,0.401509,9.25959,1.18591,-0.0545375,-30.2234,-0.614471,-0.346971,5.32476,0.0971623,-0.0300499,1.28667,-0,0,0.649547,-0.103118,-0.12347,-1.95167,-0.695842,-2.87313,-11.8917,1.3514,3.81516,0.407531,-0.655555,-0.942036,0.191774,0.103118,0.12347,-0.0558892,4.45342,2.57649,-0.291395,-0.228412,0.0489095,0.0378754,0.015,0.1,True,False
0.96,-0,0,-4.72716,-0.0969767,0.0439084,24.4793,-0.569417,0.406806,7.91296,1.18564,-0.0536546,-30.3995,-0.61622,-0.353151,5.11801,0.0969767,-0.0439084,1.23466,-0,0,0.570992,-0.103708,-0.111568,-1.79196,-0.710491,-2.97141,-10.6457,1.37049,3.79552,0.0652199,-0.66,-0.824114,0.308119,0.103708,0.111568,-0.0647477,4.28147,2.47862,-0.307133,-0.22055,0.0500626,0.0378089,0.015,0.1,True,False
0.965,-0,0,-4.09439,-0.0967232,0.0571752,23.6686,-0.567369,0.412835,6.54234,1.18537,-0.0531639,-30.5599,-0.618002,-0.359671,4.91497,0.0967232,-0.0571752,1.18458,-0,0,0.488469,-0.104234,-0.0978712,-1.63303,-0.725556,-3.03991,-9.36236,1.38935,3.72367,-0.269723,-0.663796,-0.683755,0.416329,0.104234,0.0978712,-0.0739744,4.11304,2.38201,-0.322636,-0.213471,0.0512422,0.0377169,0.015,0.1,True,False
0.97,-0,0,-3.45882,-0.096405,0.0698274,22.8432,-0.565289,0.419561,5.16119,1.18511,-0.0530833,-30.7052,-0.619817,-0.366478,4.71448,0.096405,-0.0698274,1.13662,-0,0,0.402611,-0.104687,-0.0823267,-1.47786,-0.74089,-3.07856,-8.05427,1.40773,3.60198,-0.592028,-0.666838,-0.523417,0.514557,0.104687,0.0823267,-0.0833663,3.94743,2.28578,-0.337844,-0.207154,0.052446,0.0376005,0.015,0.1,True,False
0.975,-0,0,-2.82686,-0.096025,0.0818482,22.0132,-0.563173,0.426941,3.78063,1.18484,-0.0534265,-30.8374,-0.621667,-0.373515,4.5156,0.096025,-0.0818482,1.09091,-0,0,0.313884,-0.105057,-0.0649233,-1.32919,-0.756342,-3.08747,-6.73193,1.42537,3.43336,-0.896492,-0.669031,-0.345887,0.601308,0.105057,0.0649233,-0.0927021,3.78407,2.18924,-0.3527,-0.201572,0.0536718,0.0374609,0.015,0.1,True,False
0.98,-0,0,-2.20376,-0.0955865,0.0932278,21.1884,-0.561019,0.434929,2.41025,1.18457,-0.0542026,-30.959,-0.623552,-0.380726,4.31782,0.0955865,-0.0932278,1.04757,-0,0,0.222682,-0.105336,-0.0456952,-1.1894,-0.771764,-3.06692,-5.40482,1.44206,3.22111,-1.178,-0.670297,-0.154196,0.675429,0.105336,0.0456952,-0.101747,3.62269,2.09196,-0.367155,-0.196695,0.0549172,0.0372993,0.015,0.1,True,False
0.985,-0,0,-1.59401,-0.0950927,0.103963,20.3784,-0.558824,0.443476,1.0588,1.1843,-0.0554166,-31.0729,-0.625474,-0.388059,4.12125,0.0950927,-0.103963,1.00673,-0,0,0.129412,-0.105514,-0.0247237,-1.06055,-0.787011,-3.01734,-4.08207,1.45758,2.96889,-1.43158,-0.670573,0.0484518,0.73609,0.105514,0.0247237,-0.11026,3.46345,1.99392,-0.381167,-0.192485,0.0561799,0.0371169,0.015,0.1,True,False
0.99,-0,0,-1.00162,-0.0945468,0.114058,19.5926,-0.556585,0.452534,-0.265267,1.18402,-0.0570695,-31.1823,-0.627433,-0.395465,3.92663,0.0945468,-0.114058,0.96856,-0,0,0.0345736,-0.105583,-0.00213808,-0.944321,-0.801938,-2.93932,-2.77303,1.47175,2.68056,-1.65243,-0.669812,0.258758,0.782776,0.105583,0.00213808,-0.117999,3.30696,1.89547,-0.3947,-0.188901,0.0574577,0.0369147,0.015,0.1,True,False
0.995,-0,0,-0.430404,-0.0939521,0.123527,18.8405,-0.554299,0.462056,-1.5534,1.18373,-0.0591584,-31.2905,-0.629429,-0.402897,3.73533,0.0939521,-0.123527,0.933246,-0,0,-0.0611778,-0.105535,0.0218854,-0.842011,-0.816404,-2.83361,-1.48769,1.48439,2.36021,-1.83599,-0.667985,0.473399,0.815282,0.105535,-0.0218854,-0.124734,3.15432,1.79734,-0.407731,-0.1859,0.0587483,0.0366938,0.015,0.1,True,False
1,-0,0,0.115938,-0.0933116,0.132389,18.1316,-0.551964,0.471995,-2.79677,1.18343,-0.0616771,-31.4009,-0.631462,-0.410318,3.5493,0.0933116,-0.132389,0.901045,-0,0,-0.156997,-0.105364,0.0471267,-0.754553,-0.830274,-2.70118,-0.236959,1.49535,2.01208,-1.97804,-0.665078,0.689098,0.833698,0.105364,-0.0471267,-0.130258,3.00701,1.70058,-0.420248,-0.183432,0.0600495,0.0364553,0.015,0.1,True,False
1.005,-0,0,0.633686,-0.0926282,0.140678,17.4753,-0.549579,0.482311,-3.98622,1.18311,-0.0646164,-31.5166,-0.633532,-0.417695,3.37091,0.0926282,-0.140678,0.872257,-0,0,-0.251839,-0.105064,0.0733274,-0.682521,-0.843416,-2.54321,0.967303,1.50451,1.64052,-2.07482,-0.661094,0.902691,0.838391,0.105064,-0.0733274,-0.134391,2.86691,1.6065,-0.432251,-0.181447,0.0613592,0.0362001,0.015,0.1,True,False
1.01,-0,0,1.1191,-0.0919048,0.148433,16.8807,-0.547141,0.492969,-5.11229,1.18278,-0.0679645,-31.6409,-0.635639,-0.425005,3.20283,0.0919048,-0.148433,0.847224,-0,0,-0.344476,-0.104631,0.100198,-0.626162,-0.855706,-2.36117,2.11233,1.51176,1.24998,-2.12305,-0.656051,1.11118,0.829981,0.104631,-0.100198,-0.136997,2.73609,1.5166,-0.443756,-0.179889,0.0626755,0.035929,0.015,0.1,True,False
1.015,-0,0,1.56844,-0.0911439,0.155708,16.3568,-0.544649,0.503941,-6.16542,1.18243,-0.0717082,-31.7772,-0.637782,-0.432233,3.04788,0.0911439,-0.155708,0.826305,-0,0,-0.43354,-0.104062,0.127425,-0.585433,-0.867028,-2.1568,3.18472,1.51701,0.844992,-2.12014,-0.649982,1.31181,0.809303,0.104062,-0.127425,-0.13799,2.61674,1.43243,-0.454794,-0.178703,0.0639965,0.0356428,0.015,0.1,True,False
1.02,-0,0,1.97805,-0.0903477,0.162565,15.912,-0.542102,0.51521,-7.13616,1.18206,-0.0758334,-31.9283,-0.639961,-0.439376,2.90882,0.0903477,-0.162565,0.80985,-0,0,-0.517592,-0.103357,0.154686,-0.560045,-0.877274,-1.93219,4.17072,1.52021,0.430116,-2.06423,-0.642933,1.50207,0.77736,0.103357,-0.154686,-0.137337,2.51103,1.35555,-0.465412,-0.177829,0.0653205,0.0353423,0.015,0.1,True,False
1.025,-0,0,2.34437,-0.0895182,0.169076,15.5541,-0.539497,0.526769,-8.0154,1.18167,-0.0803264,-32.0971,-0.642176,-0.446442,2.78825,0.0895182,-0.169076,0.798171,-0,0,-0.595196,-0.102515,0.181654,-0.549513,-0.88635,-1.68972,5.05668,1.52131,0.0099519,-1.95432,-0.634962,1.67977,0.735267,0.102515,-0.181654,-0.135063,2.42098,1.28742,-0.475675,-0.177209,0.0666459,0.0350278,0.015,0.1,True,False
1.03,-0,0,2.66408,-0.088657,0.175325,15.2898,-0.536834,0.538623,-8.79462,1.18126,-0.0851748,-32.2861,-0.644426,-0.453449,2.68839,0.088657,-0.175325,0.79152,-0,0,-0.665007,-0.10154,0.208017,-0.5532,-0.894171,-1.43211,5.82952,1.52031,-0.4109,-1.79036,-0.626135,1.84301,0.684194,0.10154,-0.208017,-0.131251,2.34832,1.22934,-0.485663,-0.176783,0.0679714,0.0346998,0.015,0.1,True,False
1.035,-0,0,2.93405,-0.087765,0.181403,15.1246,-0.534111,0.550792,-9.46611,1.18082,-0.0903683,-32.4971,-0.64671,-0.460424,2.61102,0.087765,-0.181403,0.790063,-0,0,-0.725843,-0.100435,0.233482,-0.570357,-0.900671,-1.16238,6.47712,1.5172,-0.827855,-1.57329,-0.616531,1.99023,0.625302,0.100435,-0.233482,-0.126033,2.29444,1.18236,-0.495469,-0.176492,0.0692958,0.0343586,0.015,0.1,True,False
1.04,-0,0,3.15144,-0.0868429,0.187408,15.0628,-0.531326,0.563307,-10.0231,1.18036,-0.0959006,-32.7315,-0.64903,-0.467406,2.55737,0.0868429,-0.187408,0.793878,-0,0,-0.776751,-0.0992053,0.257787,-0.600163,-0.905795,-0.883784,6.98875,1.51203,-1.23637,-1.30511,-0.606233,2.12015,0.559685,0.0992053,-0.257787,-0.119592,2.26025,1.14724,-0.5052,-0.176276,0.0706183,0.0340042,0.015,0.1,True,False
1.045,-0,0,3.31363,-0.0858909,0.193444,15.1067,-0.528478,0.576208,-10.4598,1.17986,-0.101769,-32.9896,-0.651384,-0.474439,2.52809,0.0858909,-0.193444,0.802954,-0,0,-0.817053,-0.0978572,0.280711,-0.641741,-0.909509,-0.599824,7.35543,1.50484,-1.63194,-0.988862,-0.59533,2.23176,0.488327,0.0978572,-0.280711,-0.112145,2.24625,1.12446,-0.514973,-0.176077,0.0719381,0.0336366,0.015,0.1,True,False
1.05,-0,0,3.41823,-0.0849085,0.199617,15.2571,-0.525564,0.58955,-10.7717,1.17934,-0.107977,-33.2709,-0.653774,-0.481573,2.52322,0.0849085,-0.199617,0.817216,-0,0,-0.846359,-0.0963982,0.302079,-0.694175,-0.911793,-0.314148,7.5701,1.49571,-2.01014,-0.628593,-0.583916,2.32429,0.412059,0.0963982,-0.302079,-0.103933,2.25247,1.11413,-0.524909,-0.17584,0.0732548,0.0332554,0.015,0.1,True,False
1.055,-0,0,3.46306,-0.0838947,0.206036,15.5127,-0.522582,0.603393,-10.955,1.17878,-0.114532,-33.5736,-0.6562,-0.488861,2.54233,0.0838947,-0.206036,0.836552,-0,0,-0.864567,-0.0948364,0.321764,-0.756516,-0.91265,-0.0305102,7.62784,1.48474,-2.36663,-0.229294,-0.572087,2.39714,0.331544,0.0948364,-0.321764,-0.0952154,2.27855,1.11608,-0.535132,-0.175509,0.0745684,0.0328604,0.015,0.1,True,False
1.06,-0,0,3.44611,-0.0828481,0.212807,15.8705,-0.51953,0.617802,-11.0074,1.17819,-0.121449,-33.8949,-0.658663,-0.496354,2.58457,0.0828481,-0.212807,0.860854,-0,0,-0.871838,-0.0931805,0.339693,-0.827772,-0.912098,0.247297,7.5259,1.47204,-2.69716,0.203206,-0.559944,2.44986,0.247269,0.0931805,-0.339693,-0.0862514,2.32388,1.12989,-0.545766,-0.175029,0.0758791,0.032451,0.015,0.1,True,False
1.065,-0,0,3.36559,-0.0817667,0.220033,16.3254,-0.516404,0.632846,-10.9273,1.17757,-0.128746,-34.2305,-0.661164,-0.504099,2.64888,0.0817667,-0.220033,0.890065,-0,0,-0.868561,-0.0914395,0.355842,-0.906896,-0.910177,0.515501,7.26374,1.45777,-2.99758,0.662368,-0.547588,2.48208,0.159562,0.0914395,-0.355842,-0.0772943,2.38771,1.15497,-0.556926,-0.174347,0.0771873,0.0320263,0.015,0.1,True,False
1.07,-0,0,3.21999,-0.0806478,0.22781,16.8705,-0.513201,0.648589,-10.7142,1.17691,-0.136451,-34.575,-0.663704,-0.512139,2.73419,0.0806478,-0.22781,0.924214,-0,0,-0.855304,-0.0896221,0.370238,-0.992769,-0.906943,0.770413,6.84299,1.44207,-3.26388,1.14109,-0.535123,2.49346,0.0686225,0.0896221,-0.370238,-0.0685806,2.46933,1.19067,-0.568719,-0.173411,0.078494,0.0315855,0.015,0.1,True,False
1.075,-0,0,3.00819,-0.0794886,0.236228,17.4971,-0.509918,0.665094,-10.3688,1.1762,-0.144592,-34.9216,-0.666285,-0.520503,2.83965,0.0794886,-0.236228,0.963444,-0,0,-0.832773,-0.0877371,0.38295,-1.08418,-0.902473,1.00848,6.26746,1.42513,-3.49218,1.63187,-0.522654,2.4837,-0.0254361,0.0877371,-0.38295,-0.0603235,2.56827,1.2364,-0.581235,-0.172169,0.0798002,0.0311276,0.015,0.1,True,False
1.08,-0,0,2.72971,-0.0782855,0.245366,18.1948,-0.506551,0.682415,-9.89303,1.17546,-0.153204,-35.2623,-0.668909,-0.529211,2.96481,0.0782855,-0.245366,1.00801,-0,0,-0.801777,-0.0857926,0.394088,-1.17981,-0.896859,1.22634,5.54319,1.40714,-3.6788,2.12694,-0.510286,2.45245,-0.122523,0.0857926,-0.394088,-0.0527081,2.68439,1.29178,-0.594551,-0.170568,0.0811074,0.0306513,0.015,0.1,True,False
1.085,-0,0,2.3849,-0.0770349,0.255293,18.9516,-0.503094,0.700593,-9.29023,1.17467,-0.162325,-35.5883,-0.671577,-0.538269,3.10975,0.0770349,-0.255293,1.05826,-0,0,-0.763199,-0.0837962,0.403795,-1.27819,-0.89021,1.42089,4.67854,1.38834,-3.82028,2.61843,-0.498129,2.39939,-0.222502,0.0837962,-0.403795,-0.0458885,2.81799,1.35671,-0.60872,-0.168556,0.0824175,0.0301553,0.015,0.1,True,False
1.09,-0,0,1.97529,-0.0757326,0.266062,19.7538,-0.499545,0.719659,-8.56583,1.17384,-0.171995,-35.8898,-0.674292,-0.547664,3.27512,0.0757326,-0.266062,1.11456,-0,0,-0.717991,-0.0817547,0.412241,-1.37774,-0.88265,1.58929,3.68443,1.36894,-3.91346,3.09851,-0.486292,2.32416,-0.325113,0.0817547,-0.412241,-0.0399867,2.96977,1.43147,-0.623774,-0.166083,0.0837324,0.0296382,0.015,0.1,True,False
1.095,-0,0,1.50395,-0.0743743,0.277715,20.5865,-0.495898,0.739626,-7.72771,1.17295,-0.182257,-36.1571,-0.677054,-0.557369,3.46202,0.0743743,-0.277715,1.1772,-0,0,-0.667169,-0.0796738,0.419618,-1.47671,-0.874317,1.7291,2.57462,1.3492,-3.95557,3.55947,-0.474888,2.22647,-0.429885,0.0796738,-0.419618,-0.0350938,3.14072,1.51664,-0.639723,-0.163097,0.0850547,0.0290986,0.015,0.1,True,False
1.1,-0,0,0.975829,-0.0729554,0.290278,21.4334,-0.492148,0.760493,-6.78691,1.17201,-0.193152,-36.3807,-0.679865,-0.567341,3.67166,0.0729554,-0.290278,1.24628,-0,0,-0.61183,-0.0775585,0.426132,-1.57321,-0.865359,1.83826,1.36617,1.32939,-3.94437,3.99377,-0.464028,2.10611,-0.536049,0.0775585,-0.426132,-0.0312716,3.3318,1.61305,-0.65655,-0.15955,0.086387,0.0285347,0.015,0.1,True,False
1.105,-0,0,0.39813,-0.0714715,0.30376,22.2766,-0.488293,0.782242,-5.7584,1.17102,-0.204724,-36.5518,-0.682727,-0.577518,3.90491,0.0714715,-0.30376,1.32154,-0,0,-0.553165,-0.0754125,0.431999,-1.66521,-0.855934,1.91526,0.079854,1.30976,-3.87829,4.39413,-0.453827,1.96303,-0.642453,0.0754125,-0.431999,-0.0285558,3.5435,1.72152,-0.674214,-0.155396,0.0877322,0.027945,0.015,0.1,True,False
1.11,-0,0,-0.219422,-0.0699178,0.318155,23.0973,-0.484326,0.804842,-4.66179,1.16997,-0.217014,-36.6638,-0.68564,-0.587828,4.16162,0.0699178,-0.318155,1.40214,-0,0,-0.492478,-0.0732385,0.437439,-1.75058,-0.846206,1.95914,-1.25935,1.2906,-3.75663,4.75349,-0.444397,1.79749,-0.747485,0.0732385,-0.437439,-0.026959,3.77525,1.84256,-0.692651,-0.150595,0.0890932,0.027328,0.015,0.1,True,False
1.115,-0,0,-0.864372,-0.06829,0.333438,23.8755,-0.480244,0.82825,-3.52196,1.16885,-0.230065,-36.7122,-0.688605,-0.598186,4.43995,0.06829,-0.333438,1.4866,-0,0,-0.431184,-0.0710381,0.442674,-1.82712,-0.836343,1.96965,-2.62191,1.27219,-3.57976,5.06496,-0.435852,1.6101,-0.849006,0.0710381,-0.442674,-0.0264743,4.02493,1.97602,-0.711778,-0.145113,0.0904734,0.0266819,0.015,0.1,True,False
1.12,-0,0,-1.52151,-0.0665835,0.349568,24.5902,-0.476043,0.852417,-2.36939,1.16767,-0.243918,-36.6957,-0.691622,-0.608499,4.73579,0.0665835,-0.349568,1.57264,-0,0,-0.370797,-0.0688118,0.44792,-1.89258,-0.82651,1.94736,-3.97359,1.25481,-3.3494,5.32176,-0.428296,1.40204,-0.944316,0.0688118,-0.44792,-0.0270777,4.28828,2.12075,-0.73149,-0.138929,0.091876,0.0260054,0.015,0.1,True,False
1.125,-0,0,-2.17303,-0.0647943,0.366487,25.22,-0.47172,0.87729,-1.2401,1.16641,-0.258616,-36.6165,-0.69469,-0.618674,5.0422,0.0647943,-0.366487,1.65711,-0,0,-0.312891,-0.0665589,0.453389,-1.94473,-0.816869,1.89373,-5.27562,1.2387,-3.06885,5.51708,-0.421831,1.17512,-1.03015,0.0665589,-0.453389,-0.0287306,4.55854,2.27425,-0.751669,-0.132031,0.0933042,0.0252968,0.015,0.1,True,False
1.13,-0,0,-2.79905,-0.0629186,0.384119,25.7426,-0.467271,0.902817,-0.175032,1.16508,-0.274203,-36.48,-0.697809,-0.628614,5.34909,0.0629186,-0.384119,1.73598,-0,0,-0.259029,-0.0642779,0.459284,-1.98145,-0.807572,1.81127,-6.48539,1.22412,-2.74322,5.64395,-0.416545,0.931952,-1.10273,0.0642779,-0.459284,-0.0313807,4.82614,2.43253,-0.772184,-0.124424,0.0947613,0.024555,0.015,0.1,True,False
1.135,-0,0,-3.37822,-0.0609531,0.402373,26.136,-0.462692,0.928958,0.781255,1.16367,-0.290728,-36.295,-0.700977,-0.63823,5.64338,0.0609531,-0.402373,1.80438,-0,0,-0.210666,-0.0619661,0.465796,-2.00073,-0.798756,1.70358,-7.55757,1.21127,-2.37965,5.69506,-0.412512,0.676076,-1.15784,0.0619661,-0.465796,-0.0349622,5.0789,2.59007,-0.792894,-0.11613,0.0962502,0.0237786,0.015,0.1,True,False
1.14,-0,0,-3.8888,-0.0588949,0.421142,26.3784,-0.457981,0.95568,1.5825,1.16217,-0.308241,-36.0721,-0.704191,-0.647439,5.90946,0.0588949,-0.421142,1.85685,-0,0,-0.169041,-0.0596199,0.473102,-2.00083,-0.790537,1.57543,-8.44583,1.20032,-1.98744,5.66259,-0.409784,0.412018,-1.19096,0.0596199,-0.473102,-0.0393928,5.30239,2.73999,-0.813655,-0.107191,0.0977736,0.0229667,0.015,0.1,True,False
1.145,-0,0,-4.30974,-0.0567417,0.440302,26.4487,-0.453135,0.982968,2.18311,1.16059,-0.326799,-35.8231,-0.707451,-0.656169,6.12983,0.0567417,-0.440302,1.88768,-0,0,-0.135047,-0.057235,0.48136,-1.98028,-0.783002,1.43274,-9.10482,1.19139,-1.5781,5.53799,-0.408392,0.145358,-1.19747,0.057235,-0.48136,-0.0445693,5.48071,2.87425,-0.834315,-0.0976673,0.099334,0.0221184,0.015,0.1,True,False
1.15,-0,0,-4.62194,-0.0544918,0.459716,26.3268,-0.448151,1.01082,2.54063,1.1589,-0.346463,-35.5591,-0.710753,-0.664357,6.28568,0.0544918,-0.459716,1.89163,-0,0,-0.109127,-0.0548063,0.490707,-1.93801,-0.776209,1.28256,-9.49237,1.18454,-1.16529,5.31187,-0.408331,-0.117277,-1.1728,0.0548063,-0.490707,-0.0503588,5.59723,2.98353,-0.854723,-0.0876394,0.100933,0.0212332,0.015,0.1,True,False
1.155,-0,0,-4.80945,-0.0521445,0.479231,25.9946,-0.443027,1.03925,2.61777,1.15712,-0.3673,-35.2904,-0.714095,-0.67195,6.35681,0.0521445,-0.479231,1.86509,-0,0,-0.0911797,-0.052328,0.501248,-1.87335,-0.770176,1.13293,-9.57138,1.17974,-0.764678,4.97373,-0.409564,-0.368251,-1.11261,0.052328,-0.501248,-0.0565857,5.63527,3.05644,-0.87472,-0.0772065,0.102573,0.0203108,0.015,0.1,True,False
1.16,-0,0,-4.86046,-0.0496995,0.498678,25.4356,-0.437759,1.06828,2.38343,1.15523,-0.389378,-35.0264,-0.717473,-0.678904,6.31998,0.0496995,-0.498678,1.80816,-0,0,-0.0805113,-0.0497938,0.513051,-1.78612,-0.76488,0.99274,-9.31109,1.17689,-0.393732,4.51189,-0.412013,-0.599008,-1.01291,0.0497938,-0.513051,-0.0630117,5.57824,3.07715,-0.894146,-0.0664867,0.104254,0.0193512,0.015,0.1,True,False
1.165,-0,0,-4.76818,-0.0471577,0.517866,24.6368,-0.432344,1.09796,1.81196,1.15323,-0.412771,-34.7781,-0.720884,-0.685186,6.14494,0.0471577,-0.517866,1.72829,-0,0,-0.0758093,-0.0471975,0.526126,-1.67663,-0.760249,0.871591,-8.68734,1.1758,-0.0714232,3.9133,-0.415554,-0.800168,-0.870045,0.0471975,-0.526126,-0.0693056,5.40896,3.02038,-0.912828,-0.0556206,0.105976,0.0183546,0.015,0.1,True,False
1.17,-0,0,-4.53126,-0.0445209,0.536579,23.589,-0.426779,1.12834,0.880436,1.1511,-0.43756,-34.5628,-0.724324,-0.690775,5.78782,0.0445209,-0.536579,1.6477,-0,0,-0.0751225,-0.0445326,0.540409,-1.54554,-0.756164,0.779624,-7.68141,1.17618,0.182001,3.16351,-0.420015,-0.961625,-0.680689,0.0445326,-0.540409,-0.0749949,5.10961,2.84237,-0.930585,-0.0447799,0.107739,0.0173219,0.015,0.1,True,False
1.175,-0,0,-4.16615,-0.0417919,0.554554,22.382,-0.421061,1.15951,-0.33653,1.14885,-0.463844,-34.3527,-0.727791,-0.69567,5.33093,0.0417919,-0.554554,1.70774,-0,0,-0.0747799,-0.0417934,0.555724,-1.3983,-0.752453,0.72744,-6.36232,1.17762,0.345173,2.29945,-0.425171,-1.07261,-0.455058,0.0417934,-0.555724,-0.0789979,4.82448,2.50963,-0.947212,-0.0341863,0.109542,0.0162541,0.015,0.1,True,False
1.18,-0,0,-3.75258,-0.0389753,0.571437,21.5082,-0.415184,1.19144,-1.33119,1.14647,-0.491653,-33.8855,-0.731281,-0.699789,5.47393,0.0389753,-0.571437,2.46291,-0,0,-0.0671513,-0.0389753,0.571582,-1.25934,-0.748889,0.720631,-5.17486,1.17963,0.407297,1.58615,-0.430741,-1.12793,-0.262013,0.0389753,-0.571582,-0.0785949,5.38905,2.14742,-0.962376,-0.0240743,0.111383,0.015153,0.015,0.1,True,False
1.185,-0,0,-2.87115,-0.0360776,0.58675,15.3136,-0.409146,1.22323,-4.64485,1.14394,-0.520616,-32.7633,-0.734789,-0.702611,3.1498,0.0360776,-0.58675,-0.161708,-0,0,0.0487578,-0.0360776,0.58675,0.413741,-0.745246,0.741362,-1.5386,1.1817,0.407334,-0.433231,-0.43645,-1.1487,0.161911,0.0360776,-0.58675,-0.0811897,2.13887,2.21994,-0.975324,-0.0144659,0.113259,0.0140211,0.0248684,0.0868421,True,True
1.19,-0,0,-2.27323,-0.0331078,0.600053,12.0826,-0.402952,1.2538,-6.1047,1.14126,-0.550216,-31.1567,-0.738307,-0.703584,2.92767,0.0331078,-0.600053,-0.424138,-0,0,0.112579,-0.0331078,0.600053,1.14461,-0.741476,0.766567,0.360782,1.1837,0.394803,-1.82361,-0.442228,-1.16137,0.407949,0.0331078,-0.600053,-0.128253,1.82017,2.23891,-0.985319,-0.00531988,0.115168,0.012862,0.0347368,0.0736842,True,True
1.195,-0,0,-1.71232,-0.030077,0.61111,9.00538,-0.396608,1.28283,-7.33645,1.13843,-0.580212,-29.2952,-0.741825,-0.702614,2.67188,0.030077,-0.61111,-0.64331,-0,0,0.1526,-0.030077,0.61111,1.56897,-0.737581,0.791131,2.06323,1.18564,0.380491,-3.46534,-0.448064,-1.17162,0.65615,0.030077,-0.61111,-0.220553,1.50319,2.20757,-0.992118,0.00325028,0.117107,0.0116801,0.0446053,0.0605263,True,True
1.2,-0,0,-1.208,-0.0269967,0.619818,6.27233,-0.390124,1.31021,-8.28138,1.13546,-0.610445,-27.2561,-0.745333,-0.699764,2.39142,0.0269967,-0.619818,-0.8016,-0,0,0.162692,-0.0269967,0.619818,1.60753,-0.733565,0.814937,3.48675,1.18751,0.364549,-5.33228,-0.453944,-1.17949,0.894978,0.0269967,-0.619818,-0.353634,1.20537,2.12081,-0.995701,0.0111329,0.119071,0.0104799,0.0544737,0.0473684,True,True
1.205,-0,0,-0.767145,-0.0238788,0.626142,3.92823,-0.383506,1.33587,-8.91512,1.13233,-0.640752,-25.0535,-0.748823,-0.695122,2.10967,0.0238788,-0.626142,-0.910024,-0,0,0.143295,-0.0238788,0.626142,1.24714,-0.729431,0.837874,4.60337,1.18929,0.34715,-7.40268,-0.459859,-1.18502,1.12147,0.0238788,-0.626142,-0.527213,0.936842,2.00116,-0.996116,0.0182549,0.121058,0.00926603,0.0643421,0.0342105,True,True
1.21,-0,0,-0.392119,-0.0207353,0.630072,1.98358,-0.376765,1.35974,-9.2324,1.12905,-0.670959,-22.6937,-0.752285,-0.688783,1.83732,0.0207353,-0.630072,-0.975179,-0,0,0.0964069,-0.0207353,0.630072,0.487058,-0.725186,0.859832,5.40746,1.19098,0.328475,-9.664,-0.465795,-1.18831,1.33705,0.0207353,-0.630072,-0.74238,0.701371,1.85996,-0.993437,0.0245629,0.123064,0.0080431,0.0742105,0.0210526,True,True
1.215,-0,0,-0.0838786,-0.0175781,0.631609,0.437822,-0.369909,1.38173,-9.2343,1.12562,-0.700884,-20.1803,-0.755711,-0.680846,1.57688,0.0175781,-0.631609,-0.999262,-0,0,0.0240536,-0.0175781,0.631609,-0.671325,-0.720833,0.880694,5.90027,1.19257,0.308708,-12.1102,-0.471742,-1.1894,1.54372,0.0175781,-0.631609,-1.0003,0.499622,1.70032,-0.987746,0.0300101,0.125086,0.0068158,0.0840789,0.00789474,True,True
1.22,-0,0,0.156885,-0.0144192,0.630752,-0.710498,-0.362947,1.40175,-8.92334,1.12204,-0.730337,-17.5179,-0.759093,-0.671411,1.32595,0.0144192,-0.630752,-0.980964,-0,0,-0.0720497,-0.0144192,0.630752,-2.22645,-0.716379,0.900342,6.08302,1.19407,0.288034,-14.7389,-0.477689,-1.18838,1.74026,0.0144192,-0.630752,-1.29987,0.330927,1.5198,-0.979126,0.0345474,0.127122,0.00558875,0.0939474,-0.00526316,True,True
1.225,-0,0,0.32961,-0.0112706,0.627495,-1.46092,-0.355891,1.41972,-8.30394,1.11832,-0.759131,-14.718,-0.762425,-0.660586,1.07966,0.0112706,-0.627495,-0.916815,-0,0,-0.189766,-0.0112706,0.627495,-4.17204,-0.71183,0.918661,5.95503,1.19545,0.266641,-17.5471,-0.483625,-1.1853,1.9174,0.0112706,-0.627495,-1.63358,0.194239,1.31298,-0.967658,0.0381163,0.129166,0.00436659,0.103816,-0.0184211,True,True
1.23,-0,0,0.434366,-0.00814428,0.621825,-1.81422,-0.34875,1.43558,-7.38748,1.11445,-0.787088,-11.807,-0.765699,-0.648495,0.833377,0.00814428,-0.621825,-0.803458,-0,0,-0.324386,-0.00814428,0.621825,-6.48546,-0.707192,0.935562,5.51579,1.19673,0.244722,-20.5258,-0.489542,-1.18028,2.05021,0.00814428,-0.621825,-1.98054,0.0886318,1.07458,-0.95343,0.0406426,0.131217,0.00315394,0.113684,-0.0315789,True,True
1.235,-0,0,0.472893,-0.00505236,0.613729,-1.78222,-0.341535,1.44937,-6.2034,1.11045,-0.814074,-8.83969,-0.76891,-0.635293,0.586377,0.00505236,-0.613729,-0.641491,-0,0,-0.464325,-0.00505236,0.613729,-9.10593,-0.702474,0.951001,4.77146,1.1979,0.222478,-23.6503,-0.495428,-1.17348,2.08624,0.00505236,-0.613729,-2.29501,0.0134874,0.8045,-0.936548,0.0420282,0.133271,0.00195548,0.123553,-0.0447368,True,True
1.24,-0,0,0.450359,-0.00200699,0.603201,-1.40664,-0.334257,1.46123,-4.81917,1.10631,-0.840038,-5.92084,-0.772052,-0.621189,0.346721,0.00200699,-0.603201,-0.441328,-0,0,-0.583897,-0.00200699,0.603201,-11.8975,-0.697682,0.965032,3.74785,1.19896,0.200116,-26.8647,-0.501276,-1.16515,1.92777,0.00200699,-0.603201,-2.48857,-0.031766,0.514824,-0.917161,0.0421427,0.135326,0.000775853,0.133421,-0.0578947,True,True
1.245,-0,0,0.378786,0.000979656,0.590264,-0.788946,-0.326923,1.47157,-3.37266,1.10204,-0.865088,-3.24043,-0.775122,-0.606484,0.135376,-0.000979656,-0.590264,-0.229849,-0,0,-0.634138,0.000979656,0.590264,-14.592,-0.692824,0.977881,2.51274,1.1999,0.177859,-30.0546,-0.50708,-1.15574,1.40969,-0.000979656,-0.590264,-2.40656,-0.0490215,0.236927,-0.895502,0.0408122,0.137378,-0.000380265,0.143289,-0.0710526,True,True
1.25,-0,0,0.283041,0.00389564,0.574998,-0.106979,-0.319541,1.48123,-2.20664,1.09766,-0.889612,-1.0411,-0.778117,-0.591617,-0.0158655,-0.00389564,-0.574998,-0.0547356,-0,0,-0.497717,0.00389564,0.574998,-16.8482,-0.687903,0.990065,1.35582,1.20074,0.155932,-32.9484,-0.512834,-1.146,0.431428,-0.00389564,-0.574998,-1.92028,-0.0458707,0.0228106,-0.871945,0.0378092,0.139427,-0.0015083,0.153158,-0.0842105,True,True
1.255,-0,0,0.167553,0.00672963,0.557626,0.557885,-0.312111,1.48559,-2.4534,1.09315,-0.906721,0.852798,-0.781038,-0.578868,-0.108541,-0.00672963,-0.557626,0.0408221,-0,0,0.281283,0.00672963,0.557609,-19.099,-0.682923,1.00213,1.72324,1.20146,0.134503,-34.743,-0.51854,-1.13663,-0.108176,-0.00672963,-0.557609,-1.64191,-0.0510267,-0.101476,-0.848262,0.031696,0.141472,-0.00260393,0.163026,-0.0973684,True,True
1.26,-0,0,-0.0151388,0.0094719,0.538733,1.2003,-0.304685,1.43813,-5.4068,1.08859,-0.856085,2.44295,-0.783905,-0.582047,-0.256921,-0.0094719,-0.538733,0.0974931,-0,0,2.18049,0.00947173,0.538498,-21.7691,-0.677882,1.01216,5.31298,1.20208,0.113393,-34.2271,-0.5242,-1.12556,1.17288,-0.00947173,-0.538498,-2.16297,-0.120024,-0.24122,-0.834547,0.0130503,0.143517,-0.00366336,0.165,-0.1,False,True
1.265,-0,0,-0.0715538,0.012117,0.519143,1.28379,-0.29773,1.28605,-10.7395,1.08459,-0.670377,2.48316,-0.786858,-0.615678,-0.453642,-0.012117,-0.519143,0.0993661,-0,0,4.60136,0.0121146,0.518145,-22.8491,-0.672801,1.01763,11.5134,1.2026,0.0924658,-30.5886,-0.529795,-1.1101,4.18105,-0.0121146,-0.518145,-1.98603,-0.257973,-0.38171,-0.841438,-0.027885,0.145566,-0.00468383,0.165,-0.1,False,True
1.27,-0,0,-0.154273,0.0146633,0.499505,1.36634,-0.291824,1.0271,-15.8221,1.08189,-0.348216,2.4395,-0.790062,-0.67888,-0.627805,-0.0146633,-0.499505,0.0985844,-0,0,7.06456,0.0146532,0.496928,-23.8337,-0.667706,1.01884,17.2297,1.20301,0.0720211,-27.4616,-0.535301,-1.09086,6.28992,-0.0146532,-0.496928,-2.0084,-0.381648,-0.505387,-0.868602,-0.0899531,0.147628,-0.00566342,0.165,-0.1,False,True
1.275,-0,0,-0.253029,0.017112,0.480214,1.44408,-0.287459,0.679185,-20.1577,1.08111,0.0846993,2.31343,-0.793647,-0.763884,-0.757034,-0.017112,-0.480214,0.096226,-0,0,9.30709,0.0170839,0.475117,-24.6077,-0.662613,1.01698,21.9252,1.20332,0.052378,-25.097,-0.540704,-1.06936,7.44273,-0.0170839,-0.475117,-2.03953,-0.474608,-0.596956,-0.910739,-0.167237,0.149711,-0.00660082,0.165,-0.1,False,True
1.28,-0,0,-0.359325,0.0194655,0.461501,1.51419,-0.285033,0.259475,-23.7562,1.08273,0.60246,2.12049,-0.797701,-0.861935,-0.838678,-0.0194655,-0.461501,0.0930373,-0,0,11.2556,0.0194043,0.452909,-25.2078,-0.657536,1.0129,25.7066,1.20353,0.0337167,-23.3068,-0.545995,-1.04662,8.03999,-0.0194043,-0.452909,-2.06401,-0.534571,-0.654776,-0.961786,-0.253227,0.151825,-0.00749516,0.165,-0.1,False,True
1.285,-0,0,-0.466151,0.021727,0.443466,1.57418,-0.284864,-0.215598,-26.6357,1.08713,1.17913,1.87432,-0.802266,-0.963532,-0.871302,-0.021727,-0.443466,0.0895886,-0,0,12.87,0.021613,0.430447,-25.67,-0.652484,1.00726,28.6484,1.20365,0.0161281,-21.9867,-0.55117,-1.02338,8.31827,-0.021613,-0.430447,-2.07984,-0.56017,-0.67791,-1.01514,-0.340975,0.153977,-0.00834588,0.165,-0.1,False,True
1.29,-0,0,-0.567859,0.0239001,0.426112,1.622,-0.287189,-0.730407,-28.8255,1.09452,1.7892,1.58683,-0.807336,-1.05879,-0.855089,-0.0239001,-0.426112,0.0863167,-0,0,14.1343,0.0237088,0.407832,-26.0257,-0.647463,1.00056,30.8109,1.20369,-0.000355905,-21.0776,-0.556229,-1.0002,8.41119,-0.0237088,-0.407832,-2.08939,-0.551201,-0.666439,-1.06394,-0.42335,0.156174,-0.00915267,0.165,-0.1,False,True
1.295,-0,0,-0.660093,0.0259881,0.409367,1.65605,-0.292168,-1.27037,-30.3677,1.10502,2.40829,1.26847,-0.812854,-1.13791,-0.792061,-0.0259881,-0.409367,0.0835481,-0,0,15.0513,0.0256913,0.385137,-26.2997,-0.642478,0.993266,32.2542,1.20365,-0.0157459,-20.5381,-0.561172,-0.97752,8.39554,-0.0256913,-0.385137,-2.09572,-0.508766,-0.621646,-1.10147,-0.493377,0.158422,-0.00991541,0.165,-0.1,False,True
1.3,-0,0,-0.73974,0.0279938,0.393105,1.67526,-0.299892,-1.82225,-31.3166,1.11861,3.01391,0.928318,-0.818715,-1.19165,-0.68602,-0.0279938,-0.393105,0.0815176,-0,0,15.6369,0.0275602,0.362407,-26.5095,-0.637531,0.985772,33.0434,1.20353,-0.0300837,-20.3292,-0.566004,-0.955688,8.31729,-0.0275602,-0.362407,-2.10098,-0.435233,-0.546017,-1.12149,-0.544575,0.160726,-0.0106341,0.165,-0.1,False,True
1.305,-0,0,-0.804849,0.0299192,0.37716,1.67905,-0.31039,-2.37441,-31.735,1.13516,3.58616,0.574203,-0.824771,-1.21176,-0.542262,-0.0299192,-0.37716,0.0803813,-0,0,15.9162,0.0293154,0.339675,-26.6656,-0.632621,0.978433,33.2494,1.20335,-0.0434353,-20.4096,-0.570729,-0.934998,8.20532,-0.0293154,-0.339675,-2.10603,-0.334059,-0.443078,-1.11854,-0.571266,0.163088,-0.0113088,0.165,-0.1,False,True
1.31,-0,0,-0.854477,0.0317654,0.361344,1.66736,-0.323636,-2.91693,-31.6898,1.15447,4.10822,0.212752,-0.830833,-1.19129,-0.367135,-0.0317654,-0.361344,0.0802283,-0,0,15.9198,0.0309569,0.316963,-26.7729,-0.627746,0.971567,32.945,1.2031,-0.0558858,-20.7355,-0.575354,-0.915681,8.07799,-0.0309569,-0.316963,-2.11069,-0.209509,-0.317139,-1.0882,-0.568794,0.16551,-0.0119397,0.165,-0.1,False,True
1.315,-0,0,-0.888484,0.0335326,0.345458,1.64064,-0.33956,-3.44166,-31.2465,1.17624,4.56651,-0.150517,-0.836684,-1.12485,-0.167569,-0.0335326,-0.345458,0.0810892,-0,0,15.6804,0.032485,0.294293,-26.8316,-0.622905,0.965456,32.2004,1.20279,-0.0675344,-21.2626,-0.579886,-0.897921,7.94608,-0.032485,-0.294293,-2.11425,-0.0663578,-0.172994,-1.02717,-0.533642,0.167993,-0.012527,0.165,-0.1,False,True
1.32,-0,0,-0.907279,0.03522,0.329299,1.59984,-0.358053,-3.94206,-30.4643,1.20013,4.95072,-0.511087,-0.842082,-1.00866,0.0493544,-0.03522,-0.329299,0.0829428,-0,0,15.2295,0.0338999,0.271684,-26.8387,-0.618092,0.960351,31.0792,1.20242,-0.078492,-21.9499,-0.584333,-0.881859,7.81421,-0.0338999,-0.271684,-2.1159,0.0903832,-0.015658,-0.933267,-0.463455,0.170538,-0.013071,0.165,-0.1,False,True
1.325,-0,0,-0.911581,0.0368256,0.312678,1.54639,-0.37898,-4.41297,-29.3934,1.22575,5.25351,-0.865289,-0.84677,-0.840546,0.276702,-0.0368256,-0.312678,0.0857214,-0,0,14.596,0.0352018,0.249164,-26.7893,-0.613301,0.956478,29.6352,1.20201,-0.0888784,-22.7611,-0.588704,-0.8676,7.68181,-0.0352018,-0.249164,-2.11502,0.255657,0.14983,-0.805365,-0.356984,0.173142,-0.0135722,0.165,-0.1,False,True
1.33,-0,0,-0.902186,0.0383468,0.29542,1.48219,-0.402183,-4.85029,-28.0729,1.25267,5.47019,-1.21011,-0.850487,-0.619897,0.507868,-0.0383468,-0.29542,0.0893135,-0,0,13.8045,0.0363915,0.22677,-26.6767,-0.608527,0.954041,27.9111,1.20154,-0.0988205,-23.6658,-0.593009,-0.85522,7.5443,-0.0363915,-0.22677,-2.11118,0.424478,0.318529,-0.64326,-0.213987,0.175806,-0.0140309,0.165,-0.1,False,True
1.335,-0,0,-0.879795,0.0397798,0.277378,1.40948,-0.427483,-5.25067,-26.5307,1.28045,5.59822,-1.54297,-0.852969,-0.347559,0.736631,-0.0397798,-0.277378,0.0935664,-0,0,12.8755,0.0374695,0.204547,-26.4933,-0.603761,0.953224,25.9389,1.20102,-0.108452,-24.6391,-0.597257,-0.844772,7.39428,-0.0374695,-0.204547,-2.10406,0.591985,0.485644,-0.447524,-0.0351058,0.178526,-0.0144476,0.165,-0.1,False,True
1.34,-0,0,-0.844896,0.0411205,0.25844,1.33081,-0.454689,-5.61116,-24.7851,1.30865,5.63691,-1.86148,-0.853963,-0.0257475,0.957138,-0.0411205,-0.25844,0.0982888,-0,0,11.8253,0.038437,0.182557,-26.2304,-0.598995,0.954197,23.7417,1.20045,-0.117911,-25.6606,-0.601457,-0.836286,7.22293,-0.038437,-0.182557,-2.09327,0.753452,0.646545,-0.21937,0.178239,0.1813,-0.014823,0.165,-0.1,False,True
1.345,-0,0,-0.797712,0.0423642,0.238533,1.24891,-0.483595,-5.92901,-22.8464,1.33682,5.58697,-2.16321,-0.853227,0.342037,1.16385,-0.0423642,-0.238533,0.103254,-0,0,10.6677,0.0392951,0.160874,-25.8789,-0.594219,0.957113,21.3361,1.19984,-0.127342,-26.7125,-0.605619,-0.829771,7.02133,-0.0392951,-0.160874,-2.0781,0.904308,0.796775,0.039446,0.423933,0.184125,-0.0151578,0.165,-0.1,False,True
1.35,-0,0,-0.73822,0.0435059,0.217634,1.16653,-0.513979,-6.20136,-20.7198,1.36452,5.45028,-2.44544,-0.850542,0.751076,1.35151,-0.0435059,-0.217634,0.108204,-0,0,9.41458,0.0400457,0.139587,-25.429,-0.589424,0.962102,18.7355,1.19918,-0.13689,-27.7778,-0.609754,-0.825212,6.78167,-0.0400457,-0.139587,-2.05746,1.04017,0.932083,0.326686,0.69922,0.186998,-0.015453,0.165,-0.1,False,True
1.355,-0,0,-0.666235,0.0445406,0.195774,1.08627,-0.545608,-6.42522,-18.408,1.39132,5.22973,-2.70491,-0.845716,1.1955,1.51515,-0.0445406,-0.195774,0.11286,-0,0,8.07774,0.040691,0.118802,-24.8715,-0.584598,0.969271,15.9536,1.19847,-0.146705,-28.8393,-0.613872,-0.822566,6.49837,-0.040691,-0.118802,-2.02988,1.15694,1.0485,0.639628,1.00072,0.189914,-0.0157093,0.165,-0.1,False,True
1.36,-0,0,-0.581559,0.0454636,0.173038,1.01049,-0.578232,-6.59739,-15.9148,1.41682,4.92906,-2.93759,-0.838587,1.66834,1.65019,-0.0454636,-0.173038,0.116934,-0,0,6.67027,0.0412337,0.0986358,-24.1981,-0.579731,0.978687,13.0068,1.19771,-0.15693,-29.8784,-0.61798,-0.821757,6.16902,-0.0412337,-0.0986358,-1.99372,1.25094,1.14247,0.97504,1.32442,0.192869,-0.0159282,0.165,-0.1,False,True
1.365,-0,0,-0.484168,0.0462709,0.149571,0.94106,-0.611582,-6.71452,-13.2476,1.44061,4.55285,-3.13847,-0.829033,2.16166,1.75254,-0.0462709,-0.149571,0.120145,-0,0,5.2077,0.0416773,0.079218,-23.4036,-0.574811,0.990372,9.91792,1.1969,-0.167705,-30.8752,-0.622089,-0.822667,5.79511,-0.0416773,-0.079218,-1.94755,1.3191,1.21104,1.32911,1.66569,0.195859,-0.0161108,0.165,-0.1,False,True
1.37,-0,0,-0.37443,0.0469593,0.125571,0.879365,-0.645377,-6.77325,-10.4204,1.46235,4.10654,-3.30144,-0.816971,2.66671,1.81891,-0.0469593,-0.125571,0.122238,-0,0,3.70881,0.0420259,0.0606841,-22.4868,-0.569827,1.00429,6.71723,1.19603,-0.179159,-31.8088,-0.626207,-0.825134,5.38241,-0.0420259,-0.0606841,-1.89059,1.35916,1.25202,1.69738,2.01924,0.19888,-0.0162587,0.165,-0.1,False,True
1.375,-0,0,-0.253305,0.0475266,0.101281,0.826178,-0.679315,-6.77049,-7.45562,1.48168,3.5964,-3.4192,-0.802366,3.17409,1.84699,-0.0475266,-0.101281,0.123003,-0,0,2.19589,0.0422842,0.0431703,-21.4528,-0.564768,1.02035,3.44378,1.19511,-0.191402,-32.6588,-0.63034,-0.828948,4.9409,-0.0422842,-0.0431703,-1.82324,1.3699,1.26423,2.07472,2.37922,0.201925,-0.0163736,0.165,-0.1,False,True
1.38,-0,0,-0.122497,0.0479721,0.0769809,0.781713,-0.713082,-6.70366,-4.38563,1.49831,3.02957,-3.48335,-0.78523,3.67409,1.83573,-0.0479721,-0.0769809,0.122302,-0,0,0.694388,0.0424576,0.0268056,-20.3141,-0.559624,1.03838,0.144909,1.19412,-0.204523,-33.4075,-0.634496,-0.833853,4.48408,-0.0424576,-0.0268056,-1.74738,1.35123,1.2476,2.45533,2.73927,0.204989,-0.0164574,0.165,-0.1,False,True
1.385,-0,0,0.0154907,0.0482965,0.0529708,0.745711,-0.746351,-6.57101,-1.25305,1.51198,2.41404,-3.48462,-0.765625,4.15698,1.78556,-0.0482965,-0.0529708,0.120078,-0,0,-0.768129,0.0425522,0.0117023,-19.0921,-0.554385,1.05814,-3.1255,1.19306,-0.218581,-34.0421,-0.638679,-0.839555,4.02764,-0.0425522,-0.0117023,-1.6664,1.30432,1.20326,2.83282,3.09267,0.208068,-0.016512,0.165,-0.1,False,True
1.39,-0,0,0.157417,0.0485018,0.0295517,0.717584,-0.778792,-6.37199,1.89004,1.52245,1.75857,-3.41337,-0.74366,4.61342,1.69847,-0.0485018,-0.0295517,0.116373,-0,0,-2.16349,0.0425746,-0.00205312,-17.8166,-0.549042,1.07934,-6.30993,1.19193,-0.233605,-34.5574,-0.642892,-0.845733,3.58757,-0.0425746,0.00205312,-1.58482,1.23151,1.13353,3.20041,3.43259,0.211156,-0.0165397,0.165,-0.1,False,True
1.395,-0,0,0.299494,0.048592,0.00700659,0.69659,-0.810071,-6.10747,4.98419,1.52956,1.07264,-3.26023,-0.71949,5.03483,1.57793,-0.048592,-0.00700659,0.111327,-0,0,-3.46483,0.0425317,-0.0144102,-16.5253,-0.543591,1.10165,-9.35096,1.19073,-0.249593,-34.957,-0.647136,-0.852062,3.17808,-0.0425317,0.0144102,-1.50753,1.13621,1.04173,3.5512,3.75234,0.214246,-0.0165427,0.165,-0.1,False,True
1.4,-0,0,0.437687,0.0485719,-0.0144187,0.682014,-0.839866,-5.77996,7.96559,1.53318,0.366215,-3.01689,-0.693312,5.41375,1.42875,-0.0485719,0.0144187,0.105171,-0,0,-4.64855,0.0424305,-0.0253628,-15.2609,-0.538026,1.12474,-12.1953,1.18944,-0.266512,-35.2544,-0.651412,-0.858231,2.80972,-0.0424305,0.0253628,-1.43878,1.0226,0.931929,3.87847,4.04566,0.217334,-0.0165231,0.165,-0.1,False,True
1.405,-0,0,0.56807,0.0484478,-0.0345323,0.673291,-0.867871,-5.39373,10.7698,1.53322,-0.35038,-2.67706,-0.665353,5.74411,1.25666,-0.0484478,0.0345323,0.0982072,-0,0,-5.69599,0.0422781,-0.0349549,-14.0691,-0.532344,1.14828,-14.7973,1.18806,-0.284311,-35.4719,-0.655719,-0.86397,2.48827,-0.0422781,0.0349549,-1.38126,0.895314,0.808668,4.17603,4.307,0.220415,-0.0164834,0.165,-0.1,False,True
1.41,-0,0,0.687173,0.0482266,-0.053208,0.670086,-0.893804,-4.9547,13.3358,1.52967,-1.06672,-2.23723,-0.635871,6.02142,1.06794,-0.0482266,0.053208,0.0907842,-0,0,-6.5946,0.042081,-0.0432832,-12.9941,-0.526543,1.17199,-17.1216,1.1866,-0.302924,-35.6385,-0.660052,-0.86907,2.21471,-0.042081,0.0432832,-1.33558,0.759108,0.67656,4.43852,4.53176,0.223483,-0.0164255,0.165,-0.1,False,True
1.415,-0,0,0.792264,0.0479157,-0.0703913,0.672298,-0.917418,-4.47037,15.6094,1.52256,-1.77248,-1.69745,-0.605139,6.24285,0.868851,-0.0479157,0.0703913,0.0832624,-0,0,-7.33837,0.0418452,-0.0504961,-12.076,-0.520624,1.19568,-19.1443,1.18503,-0.322284,-35.7863,-0.664409,-0.8734,1.98643,-0.0418452,0.0504961,-1.30033,0.618491,0.539972,4.6617,4.71645,0.226535,-0.0163513,0.165,-0.1,False,True
1.42,-0,0,0.881505,0.0475227,-0.086098,0.680005,-0.938507,-3.94948,17.5462,1.51195,-2.45764,-1.06171,-0.573442,6.40712,0.665242,-0.0475227,0.086098,0.0759819,-0,0,-7.92745,0.041576,-0.0567873,-11.3479,-0.514586,1.21924,-20.8525,1.18337,-0.342336,-35.9464,-0.668786,-0.876908,1.79906,-0.041576,0.0567873,-1.2728,0.477441,0.402741,4.84252,4.85873,0.229567,-0.0162625,0.165,-0.1,False,True
1.425,-0,0,0.953978,0.0470547,-0.100408,0.693382,-0.956913,-3.4017,19.1136,1.49798,-3.11269,-0.338039,-0.541068,6.51439,0.462115,-0.0470547,0.100408,0.0692349,-0,0,-8.36705,0.0412774,-0.0623872,-10.834,-0.508431,1.24267,-22.2432,1.18161,-0.363046,-36.1453,-0.673178,-0.879626,1.64857,-0.0412774,0.0623872,-1.24996,0.339192,0.26797,4.97922,4.95742,0.232576,-0.0161604,0.165,-0.1,False,True
1.43,-0,0,1.00959,0.0465186,-0.113451,0.712607,-0.972524,-2.83724,20.2908,1.48082,-3.7287,0.461683,-0.508298,6.56594,0.263378,-0.0465186,0.113451,0.063247,-0,0,-8.66583,0.0409521,-0.0675506,-10.5489,-0.50216,1.26607,-23.3207,1.17974,-0.384411,-36.4022,-0.677582,-0.881654,1.53256,-0.0409521,0.0675506,-1.22946,0.206109,0.137916,5.07117,5.01239,0.23556,-0.0160458,0.165,-0.1,False,True
1.435,-0,0,1.04891,0.0459202,-0.125398,0.737786,-0.985285,-2.2665,21.0687,1.46069,-4.29745,1.3223,-0.475408,6.56394,0.0717072,-0.0459202,0.125398,0.0581703,-0,0,-8.83391,0.0406019,-0.072544,-10.4977,-0.495771,1.2896,-24.0942,1.17777,-0.406459,-36.7272,-0.681995,-0.883144,1.45066,-0.0406019,0.072544,-1.21025,0.0796653,0.0139701,5.11875,5.0243,0.238516,-0.0159192,0.165,-0.1,False,True
1.44,-0,0,1.07296,0.0452646,-0.136437,0.768901,-0.995189,-1.69968,21.4481,1.43785,-4.8114,2.2261,-0.442659,6.51108,-0.111456,-0.0452646,0.136437,0.0540866,-0,0,-8.88109,0.0402267,-0.0776334,-10.6767,-0.489263,1.31354,-24.5759,1.17568,-0.429256,-37.1222,-0.686414,-0.88428,1.40387,-0.0402267,0.0776334,-1.19266,-0.0395115,-0.103294,5.1231,4.99447,0.241445,-0.0157805,0.165,-0.1,False,True
1.445,-0,0,1.08299,0.0445558,-0.146772,0.805782,-1.00228,-1.14654,21.4379,1.41258,-5.26374,3.15376,-0.410297,6.41028,-0.285794,-0.0445558,0.146772,0.0510184,-0,0,-8.8153,0.0398255,-0.0830737,-11.0749,-0.482635,1.33816,-24.7787,1.17347,-0.452901,-37.5815,-0.690838,-0.885258,1.39351,-0.0398255,0.0830737,-1.17811,-0.151525,-0.214007,5.08587,4.9246,0.244347,-0.0156293,0.165,-0.1,False,True
1.45,-0,0,1.08035,0.0437969,-0.1566,0.848103,-1.00665,-0.616155,21.053,1.38521,-5.64828,4.08519,-0.378556,6.26443,-0.451922,-0.0437969,0.1566,0.0489433,-0,0,-8.64177,0.039396,-0.0891002,-11.6753,-0.475882,1.36379,-24.7148,1.17115,-0.477524,-38.0934,-0.695266,-0.886266,1.42039,-0.039396,0.0891002,-1.16868,-0.257053,-0.318857,5.00899,4.81655,0.247222,-0.0154648,0.165,-0.1,False,True
1.455,-0,0,1.06639,0.0429898,-0.166116,0.895376,-1.00844,-0.116787,20.3123,1.3561,-5.95938,5.0005,-0.347653,6.07616,-0.611133,-0.0429898,0.166116,0.0478086,-0,0,-8.36278,0.0389345,-0.0959234,-12.4567,-0.468997,1.39075,-24.3949,1.1687,-0.50328,-38.6414,-0.6997,-0.887471,1.48471,-0.0389345,0.0959234,-1.16676,-0.357177,-0.418915,4.89441,4.67216,0.250072,-0.0152857,0.165,-0.1,False,True
1.46,-0,0,1.04234,0.0421357,-0.175497,0.946959,-1.00782,0.344191,19.2374,1.32562,-6.19193,5.8807,-0.317794,5.84774,-0.765118,-0.0421357,0.175497,0.0475435,-0,0,-7.9782,0.0384367,-0.103725,-13.3948,-0.461974,1.41935,-23.8279,1.16612,-0.530341,-39.2054,-0.704141,-0.889004,1.58668,-0.0384367,0.103725,-1.17482,-0.453183,-0.515447,4.74399,4.49313,0.252898,-0.0150904,0.165,-0.1,False,True
1.465,-0,0,1.00933,0.0412349,-0.184907,1.00205,-1.005,0.760335,17.8519,1.29418,-6.34129,6.70831,-0.289176,5.58095,-0.915664,-0.0412349,0.184907,0.0480678,-0,0,-7.48649,0.0378973,-0.112655,-14.4635,-0.454804,1.44985,-23.0212,1.16339,-0.558893,-39.7623,-0.70859,-0.890955,1.7276,-0.0378973,0.112655,-1.19541,-0.546386,-0.609737,4.55937,4.28089,0.255705,-0.0148772,0.165,-0.1,False,True
1.47,-0,0,0.968452,0.0402867,-0.194495,1.05969,-1.00022,1.12613,16.1815,1.2622,-6.40329,7.46779,-0.261985,5.27716,-1.06436,-0.0402867,0.194495,0.0492977,-0,0,-6.88603,0.0373102,-0.122832,-15.6353,-0.447476,1.48248,-21.9819,1.16053,-0.589124,-40.2866,-0.713051,-0.893359,1.9109,-0.0373102,0.122832,-1.23107,-0.637935,-0.702896,4.34194,4.03661,0.258496,-0.0146438,0.165,-0.1,False,True
1.475,-0,0,0.920751,0.0392899,-0.204392,1.11875,-0.99374,1.43702,14.2549,1.23014,-6.37435,8.14574,-0.236404,4.93733,-1.21229,-0.0392899,0.204392,0.0511488,-0,0,-6.17674,0.036669,-0.134342,-16.8816,-0.439979,1.51742,-20.7182,1.1575,-0.621223,-40.7512,-0.717524,-0.896201,2.14248,-0.036669,0.134342,-1.28421,-0.728643,-0.795689,4.09286,3.76123,0.261274,-0.014388,0.165,-0.1,False,True
1.48,-0,0,0.867346,0.0382427,-0.214711,1.17797,-0.985849,1.68943,12.1053,1.19846,-6.25166,8.73094,-0.212612,4.56224,-1.35976,-0.0382427,0.214711,0.0535378,-0,0,-5.3616,0.0359668,-0.147236,-18.1729,-0.432302,1.55478,-19.2422,1.15431,-0.655365,-41.1291,-0.722013,-0.899413,2.43007,-0.0359668,0.147236,-1.3568,-0.818805,-0.888361,3.81318,3.45559,0.264045,-0.0141074,0.165,-0.1,False,True
1.485,-0,0,0.809492,0.0371428,-0.225551,1.23592,-0.976846,1.88084,9.77253,1.16763,-6.0335,9.21419,-0.190782,4.15266,-1.50602,-0.0371428,0.225551,0.056383,-0,0,-4.44808,0.0351966,-0.161534,-19.4779,-0.424431,1.59459,-17.5731,1.15095,-0.691714,-41.3955,-0.726518,-0.902872,2.78142,-0.0351966,0.161534,-1.44976,-0.908037,-0.980473,3.50394,3.12051,0.266813,-0.0137996,0.165,-0.1,False,True
1.49,-0,0,0.748632,0.0359872,-0.236993,1.29107,-0.967041,2.00995,7.30525,1.13813,-5.71963,9.58808,-0.171085,3.70968,-1.64902,-0.0359872,0.236993,0.0596043,-0,0,-3.44933,0.0343514,-0.177218,-20.7639,-0.416356,1.63683,-15.7399,1.1474,-0.730413,-41.5301,-0.731041,-0.906413,3.20133,-0.0343514,0.177218,-1.5624,-0.995131,-1.07076,3.16645,2.75711,0.269585,-0.0134621,0.165,-0.1,False,True
1.495,-0,0,0.686415,0.0347729,-0.249104,1.34177,-0.956746,2.07688,4.76255,1.11043,-5.31191,9.84663,-0.153685,3.23503,-1.78525,-0.0347729,0.249104,0.0631228,-0,0,-2.38483,0.0334244,-0.194242,-21.9958,-0.408063,1.68142,-13.7845,1.14365,-0.771586,-41.5207,-0.735582,-0.909833,3.68828,-0.0334244,0.194242,-1.69171,-1.07795,-1.15702,2.8025,2.367,0.272366,-0.0130923,0.165,-0.1,False,True
1.5,-0,0,0.624657,0.0334962,-0.261935,1.38633,-0.946272,2.0834,2.21477,1.08501,-4.81485,9.98478,-0.138735,2.73144,-1.90966,-0.0334962,0.261935,0.0668608,-0,0,-1.28042,0.032409,-0.212521,-23.137,-0.399542,1.72824,-11.7637,1.13968,-0.81534,-41.3652,-0.74014,-0.912905,4.23115,-0.032409,0.212521,-1.83198,-1.15339,-1.23609,2.41469,1.95256,0.275161,-0.0126882,0.165,-0.1,False,True
1.505,-0,0,0.565225,0.0321535,-0.275521,1.42305,-0.935912,2.03318,-0.257741,1.06228,-4.23626,9.99802,-0.12637,2.20309,-2.01581,-0.0321535,0.275521,0.0707417,-0,0,-0.167494,0.0312992,-0.231945,-24.1494,-0.390781,1.77715,-9.748,1.13549,-0.861765,-41.0739,-0.744711,-0.915388,4.80715,-0.0312992,0.231945,-1.9747,-1.21746,-1.30391,2.00668,1.51731,0.277978,-0.0122474,0.165,-0.1,False,True
1.51,-0,0,0.509858,0.030741,-0.289883,1.4503,-0.92594,1.932,-2.56801,1.04264,-3.58782,9.88189,-0.116704,1.65582,-2.09613,-0.030741,0.289883,0.0746892,-0,0,0.918874,0.0300896,-0.252368,-24.9953,-0.38177,1.828,-7.81882,1.13106,-0.91095,-40.668,-0.749294,-0.917045,5.38194,-0.0300896,0.252368,-2.1089,-1.26548,-1.35574,1.58346,1.06608,0.280823,-0.011768,0.165,-0.1,False,True
1.515,-0,0,0.459948,0.0292547,-0.305027,1.46658,-0.916592,1.78785,-4.62852,1.0264,-2.88531,9.63169,-0.109812,1.09746,-2.14253,-0.0292547,0.305027,0.078627,-0,0,1.9427,0.0287755,-0.273623,-25.6386,-0.372501,1.88063,-6.06168,1.12638,-0.962984,-40.1778,-0.753882,-0.917648,5.91273,-0.0287755,0.273623,-2.22215,-1.2924,-1.38645,1.15153,0.605218,0.2837,-0.0112485,0.165,-0.1,False,True
1.52,-0,0,0.416312,0.0276907,-0.320944,1.47059,-0.908062,1.61086,-6.3592,1.01379,-2.14865,9.24214,-0.105729,0.537784,-2.14706,-0.0276907,0.320944,0.0824752,-0,0,2.87057,0.0273533,-0.295518,-26.0477,-0.362964,1.93495,-4.55698,1.12143,-1.01796,-39.6361,-0.75847,-0.916987,6.3542,-0.0273533,0.295518,-2.30191,-1.2933,-1.39104,0.718912,0.142637,0.286615,-0.0106874,0.165,-0.1,False,True
1.525,-0,0,0.379029,0.0260452,-0.337608,1.46136,-0.900484,1.41294,-7.69606,1.00492,-1.40139,8.70716,-0.104434,-0.0115518,-2.10269,-0.0260452,0.337608,0.0861458,-0,0,3.67512,0.0258203,-0.317845,-26.1971,-0.353151,1.99088,-3.36946,1.1162,-1.076,-39.0718,-0.763052,-0.914872,6.66653,-0.0258203,0.317845,-2.33719,-1.26383,-1.36503,0.295056,-0.312281,0.289573,-0.0100838,0.165,-0.1,False,True
1.53,-0,0,0.347383,0.0243146,-0.354974,1.43827,-0.893932,1.20731,-8.59858,0.999777,-0.669918,8.0197,-0.105845,-0.537396,-2.00396,-0.0243146,0.354974,0.0895332,-0,0,4.33785,0.0241749,-0.340383,-26.0697,-0.343055,2.04834,-2.53883,1.11067,-1.13722,-38.502,-0.767619,-0.911124,6.82372,-0.0241749,0.340383,-2.32016,-1.20061,-1.30495,-0.109424,-0.748938,0.292578,-0.00943715,0.165,-0.1,False,True
1.535,-0,0,0.319956,0.0224955,-0.372976,1.40117,-0.888411,1.0078,-9.05377,0.998219,0.0177372,7.17156,-0.109808,-1.02554,-1.8473,-0.0224955,0.372976,0.0924999,-0,0,4.85037,0.0224165,-0.362906,-25.6568,-0.332668,2.10729,-2.07385,1.10483,-1.20172,-37.9258,-0.772163,-0.90557,6.82074,-0.0224165,0.362906,-2.24759,-1.1015,-1.20845,-0.483129,-1.15587,0.295632,-0.00874714,0.165,-0.1,False,True
1.54,-0,0,0.294848,0.0205849,-0.391513,1.35042,-0.883854,0.828099,-9.07556,0.999954,0.633121,6.1532,-0.1161,-1.46122,-1.63101,-0.0205849,0.391513,0.094856,-0,0,5.21335,0.0205458,-0.385181,-24.9583,-0.321982,2.16763,-1.95138,1.09866,-1.2696,-37.3205,-0.776675,-0.898027,6.67858,-0.0205458,0.385181,-2.12229,-0.965504,-1.07434,-0.814284,-1.52113,0.298739,-0.00801408,0.165,-0.1,False,True
1.545,-0,0,0.269983,0.0185804,-0.410443,1.2869,-0.88013,0.681131,-8.69917,1.00455,1.14845,4.95356,-0.124421,-1.82958,-1.35475,-0.0185804,0.410443,0.0963289,-0,0,5.43312,0.0185647,-0.406973,-23.9815,-0.310991,2.22919,-2.12059,1.09213,-1.3409,-36.6399,-0.781143,-0.888294,6.44815,-0.0185647,0.406973,-1.95515,-0.792527,-0.902211,-1.0911,-1.83265,0.3019,-0.00723863,0.165,-0.1,False,True
1.55,-0,0,0.2434,0.0164804,-0.429559,1.21192,-0.877043,0.578586,-7.97128,1.01144,1.53731,3.55989,-0.134396,-2.11589,-1.01871,-0.0164804,0.429559,0.0965171,-0,0,5.5154,0.0164761,-0.428042,-22.7393,-0.29969,2.2917,-2.51042,1.08525,-1.41556,-35.8104,-0.785557,-0.876145,6.21715,-0.0164761,0.428042,-1.7701,-0.58283,-0.691912,-1.30201,-2.07842,0.305115,-0.00642195,0.165,-0.1,False,True
1.555,-0,0,0.21328,0.0142848,-0.448556,1.12806,-0.874344,0.530759,-6.99185,1.01992,1.77487,2.04243,-0.145579,-2.30563,-0.642892,-0.0142848,0.448556,0.0946801,-0,0,5.45251,0.0142843,-0.448122,-21.3481,-0.288074,2.35472,-2.99535,1.07798,-1.4934,-34.7128,-0.789905,-0.861314,6.24166,-0.0142843,0.448122,-1.71762,-0.349232,-0.455518,-1.43574,-2.24652,0.308384,-0.00556564,0.165,-0.1,False,True
1.56,-0,0,-0.0852015,0.0119949,-0.466938,0.160895,-0.871735,0.540608,-2.76582,1.02919,1.85407,1.16758,-0.157452,-2.39467,-0.151843,-0.0119949,0.466938,0.0884805,-0,0,4.97718,0.0119949,-0.466889,-16.9915,-0.276143,2.41752,-6.59187,1.07031,-1.57403,-34.9174,-0.794171,-0.843492,3.43505,-0.0119949,0.466889,0.0707855,-0.0456879,-0.144378,-1.48958,-2.33328,0.311706,-0.00467191,0.165,-0.1,True,True
1.565,-0,0,-0.28102,0.0096154,-0.483902,-0.46946,-0.868938,0.584458,0.238566,1.03846,1.83864,0.735147,-0.169526,-2.4231,0.122762,-0.0096154,0.483902,0.0902829,-0,0,4.36181,0.0096154,-0.483902,-14.2708,-0.263899,2.47913,-8.86093,1.06224,-1.65679,-34.087,-0.79834,-0.822341,3.0451,-0.0096154,0.483902,0.176136,0.127237,0.0267454,-1.49632,-2.37011,0.315078,-0.00374368,0.184737,-0.0868421,True,True
1.57,-0,0,-0.478104,0.00715586,-0.498769,-1.0977,-0.865891,0.634496,3.66117,1.04757,1.80293,0.517232,-0.181683,-2.43743,0.312332,-0.00715586,0.498769,0.109057,-0,0,3.5814,0.00715586,-0.498769,-11.2592,-0.251352,2.53856,-11.4504,1.05375,-1.74095,-33.1574,-0.802394,-0.797616,2.57441,-0.00715586,0.498769,0.289783,0.256646,0.135167,-1.49371,-2.39361,0.318495,-0.0027849,0.204474,-0.0736842,True,True
1.575,-0,0,-0.601676,0.00462771,-0.511288,-1.44382,-0.862593,0.684532,6.84387,1.05649,1.7626,-0.0258708,-0.1939,-2.44713,0.461973,-0.00462771,0.511288,0.163007,-0,0,2.78382,0.00462771,-0.511288,-8.33782,-0.238514,2.59513,-13.7129,1.04483,-1.82587,-31.8938,-0.806316,-0.769261,2.13086,-0.00462771,0.511288,0.433362,0.380911,0.198986,-1.48954,-2.41114,0.321951,-0.00180007,0.224211,-0.0605263,True,True
1.58,-0,0,-0.631722,0.00204298,-0.521382,-1.41334,-0.859045,0.734169,9.52712,1.0652,1.71788,-1.01367,-0.206154,-2.45205,0.578727,-0.00204298,0.521382,0.262932,-0,0,2.03671,0.00204298,-0.521382,-5.69428,-0.2254,2.64843,-15.4245,1.03549,-1.91107,-30.2783,-0.810087,-0.737359,1.73823,-0.00204298,0.521382,0.582786,0.510479,0.216532,-1.48376,-2.4225,0.32544,-0.000793897,0.243947,-0.0473684,True,True
1.585,-0,0,-0.565712,-0.000586108,-0.529029,-0.979226,-0.855251,0.783036,11.6201,1.07367,1.66914,-2.4516,-0.218421,-2.45217,0.660683,0.000586108,0.529029,0.413984,-0,0,1.36809,-0.000586108,-0.529029,-3.40714,-0.212029,2.69821,-16.5189,1.02572,-1.99613,-28.3343,-0.813689,-0.702075,1.39647,0.000586108,0.529029,0.715843,0.64703,0.183646,-1.47638,-2.42769,0.328956,0.000228842,0.263684,-0.0342105,True,True
1.59,-0,0,-0.405015,-0.0032473,-0.534225,-0.132614,-0.851215,0.830776,13.0893,1.08189,1.61678,-4.33543,-0.230676,-2.44756,0.708267,0.0032473,0.534225,0.619172,-0,0,0.790616,-0.0032473,-0.534225,-1.50776,-0.198418,2.74426,-16.9738,1.01553,-2.08064,-26.0797,-0.817107,-0.663615,1.10211,0.0032473,0.534225,0.819358,0.792508,0.0988054,-1.46746,-2.42676,0.332492,0.00126337,0.283421,-0.0210526,True,True
1.595,-0,0,-0.151586,-0.00592835,-0.536972,1.12975,-0.846943,0.877038,13.9228,1.08984,1.56126,-6.66003,-0.242897,-2.43829,0.721829,0.00592835,0.536972,0.879737,-0,0,0.310065,-0.00592835,-0.536972,-0.00843244,-0.184587,2.78639,-16.7829,1.00491,-2.16418,-23.5268,-0.820325,-0.622213,0.850666,0.00592835,0.536972,0.884203,0.947818,-0.0385911,-1.45705,-2.41979,0.33604,0.00230492,0.303158,-0.00789474,True,True
1.6,-0,0,0.192826,-0.00861702,-0.537269,2.80804,-0.842445,0.921477,14.1154,1.0975,1.503,-9.41975,-0.255059,-2.42447,0.699667,0.00861702,0.537269,1.19328,-0,0,-0.0704508,-0.00861702,-0.537269,1.08404,-0.170554,2.82443,-15.9451,0.993884,-2.24631,-20.6875,-0.823329,-0.578122,0.637447,0.00861702,0.537269,0.902496,1.11052,-0.228417,-1.44525,-2.40687,0.339595,0.00334876,0.322895,0.00526316,True,True
1.605,-0,0,0.62522,-0.011301,-0.535108,4.89345,-0.837729,0.96376,13.6651,1.10487,1.44245,-12.6018,-0.267141,-2.40621,0.635649,0.011301,0.535108,1.549,-0,0,-0.348996,-0.011301,-0.535108,1.76422,-0.156342,2.85821,-14.467,0.982449,-2.32659,-17.5818,-0.826107,-0.531619,0.458111,0.011301,0.535108,0.866893,1.27065,-0.468619,-1.43213,-2.38812,0.343149,0.00439013,0.342632,0.0184211,True,True
1.61,-0,0,1.13699,-0.0139681,-0.530474,7.35248,-0.832807,1.00358,12.5837,1.11193,1.38007,-16.1715,-0.279121,-2.38365,0.515741,0.0139681,0.530474,1.91868,-0,0,-0.525152,-0.0139681,-0.530474,2.03209,-0.141972,2.88762,-12.378,0.970618,-2.40461,-14.2533,-0.828646,-0.483004,0.309209,0.0139681,0.530474,0.772115,1.40339,-0.752325,-1.41783,-2.36365,0.346696,0.00542429,0.362368,0.0315789,True,True
1.615,-0,0,1.70528,-0.0166058,-0.523359,10.0978,-0.827693,1.04068,10.9202,1.11867,1.31637,-20.0454,-0.290978,-2.35705,0.312816,0.0166058,0.523359,2.24159,-0,0,-0.601894,-0.0166058,-0.523359,1.90631,-0.127466,2.91263,-9.76179,0.958403,-2.48002,-10.794,-0.830937,-0.432606,0.188966,0.0166058,0.523359,0.619162,1.45724,-1.06257,-1.40256,-2.3337,0.35023,0.00644645,0.382105,0.0447368,True,True
1.62,-0,0,2.27877,-0.0192017,-0.513767,12.9392,-0.8224,1.07493,8.80437,1.12509,1.25193,-24.0468,-0.302692,-2.32686,-0.0204679,0.0192017,0.513767,2.40142,-0,0,-0.58948,-0.0192017,-0.513767,1.44897,-0.112846,2.93347,-6.81141,0.945818,-2.55269,-7.38501,-0.832972,-0.380787,0.0978264,0.0192017,0.513767,0.422064,1.33637,-1.36363,-1.38664,-2.29862,0.353744,0.00745183,0.401842,0.0578947,True,True
1.625,-0,0,2.75974,-0.0217435,-0.501745,15.5118,-0.816943,1.10637,6.51422,1.13119,1.18746,-27.8371,-0.314246,-2.29383,-0.558662,0.0217435,0.501745,2.19739,-0,0,-0.513359,-0.0217435,-0.501745,0.802491,-0.0981315,2.95085,-3.91248,0.932876,-2.62292,-4.3587,-0.834745,-0.327932,0.0365238,0.0217435,0.501745,0.213829,0.87959,-1.58895,-1.37063,-2.2591,0.357232,0.00843571,0.421579,0.0710526,True,True
1.63,-0,0,2.94155,-0.0242191,-0.487419,17.3744,-0.811336,1.13543,4.67209,1.13697,1.12385,-30.8386,-0.32563,-2.25928,-1.31202,0.0242191,0.487419,1.46747,-0,0,-0.420504,-0.0242191,-0.487419,0.18958,-0.0833376,2.96623,-1.77906,0.919589,-2.6918,-2.12524,-0.836251,-0.274431,-0.00370725,0.0242191,0.487419,0.0444401,-0.012166,-1.65276,-1.35545,-2.21631,0.36069,0.00939349,0.441316,0.0842105,True,True
1.635,-0,0,2.14918,-0.0266177,-0.471073,19.176,-0.805589,1.1627,4.94449,1.14243,1.06191,-32.2977,-0.336839,-2.22461,-1.65511,0.0266177,0.471073,0.987705,-0,0,-0.282839,-0.0266177,-0.471125,-0.388019,-0.0684691,2.97396,-1.6536,0.905958,-2.75012,-0.235482,-0.837489,-0.223838,-0.065578,0.0266177,0.471125,-0.0361462,-0.503057,-1.5989,-1.34193,-2.1716,0.364117,0.0103209,0.461053,0.0973684,True,True
1.64,-0,0,-0.476405,-0.0289299,-0.453235,22.6178,-0.799709,1.18646,8.40077,1.14759,1.00023,-32.4872,-0.347876,-2.18669,-1.37609,0.0289299,0.453235,2.22096,-0,0,0.19167,-0.0289304,-0.453838,-1.37476,-0.0535979,2.90948,-4.0383,0.892087,-2.70651,2.53504,-0.838489,-0.202966,-0.240759,0.0289304,0.453838,-0.086968,0.369513,-2.12248,-1.32712,-2.12303,0.367514,0.0112146,0.465,0.1,True,False
1.645,-0,0,-4.13226,-0.03115,-0.434527,23.1636,-0.793725,1.20425,17.2357,1.15243,0.937172,-26.1572,-0.358706,-2.14143,2.94951,0.03115,0.434527,1.86406,-0,0,0.416276,-0.031156,-0.436781,-1.49702,-0.0393743,2.69615,-11.51,0.878893,-2.45195,2.45651,-0.839519,-0.244199,-0.593012,0.031156,0.436781,-0.0840643,2.94791,0.799092,-1.30726,-2.06796,0.37089,0.0120721,0.465,0.1,True,False
1.65,-0,0,-7.94153,-0.0332751,-0.415434,23.5585,-0.787667,1.21621,25.5835,1.15696,0.873679,-20.4176,-0.36929,-2.08989,5.9981,0.0332751,0.415434,1.72033,-0,0,0.672181,-0.0332982,-0.420638,-1.6138,-0.0266365,2.32515,-18.8604,0.867568,-1.97182,2.28833,-0.840931,-0.353332,-0.934571,0.0332982,0.420638,-0.0787366,4.83561,2.79808,-1.28277,-2.0077,0.374254,0.0128923,0.465,0.1,True,False
1.655,-0,0,-11.4797,-0.0353043,-0.396266,23.7719,-0.781562,1.22341,32.6304,1.16117,0.81121,-15.7902,-0.379605,-2.03462,7.7131,0.0353043,0.396266,1.63431,-0,0,0.931974,-0.0353624,-0.405684,-1.71787,-0.0161228,1.81704,-25.3271,0.859175,-1.29482,2.04692,-0.843052,-0.522227,-1.22203,0.0353624,0.405684,-0.0725251,5.90335,3.92611,-1.25539,-1.94456,0.377621,0.0136748,0.465,0.1,True,False
1.66,-0,0,-14.5919,-0.0372378,-0.377204,23.8812,-0.775433,1.22668,38.4156,1.16507,0.750674,-12.1327,-0.389637,-1.97735,8.62764,0.0372378,0.377204,1.5787,-0,0,1.1822,-0.037355,-0.392,-1.80847,-0.00846602,1.19405,-30.8044,0.85462,-0.455199,1.74876,-0.846154,-0.738848,-1.44079,0.037355,0.392,-0.0663072,6.47514,4.53362,-1.22634,-1.8801,0.381004,0.0144194,0.465,0.1,True,False
1.665,-0,0,-17.1687,-0.0390764,-0.358317,23.9657,-0.769296,1.22671,42.9334,1.16867,0.692639,-9.40838,-0.399379,-1.91935,9.05199,0.0390764,0.358317,1.54841,-0,0,1.41064,-0.0392824,-0.37951,-1.8848,-0.00418237,0.480464,-35.198,0.854623,0.506804,1.40789,-0.85044,-0.987268,-1.57784,0.0392824,0.37951,-0.0607676,6.74595,4.81844,-1.19656,-1.81536,0.384416,0.0151264,0.465,0.1,True,False
1.67,-0,0,-19.1462,-0.040821,-0.339591,24.0915,-0.763166,1.2241,46.1834,1.172,0.637462,-7.61234,-0.40883,-1.86156,9.16448,0.040821,0.339591,1.54537,-0,0,1.60709,-0.0411501,-0.368021,-1.94594,-0.00366138,-0.297733,-38.4539,0.859688,1.54617,1.03693,-0.856026,-1.24843,-1.62459,0.0411501,0.368021,-0.0564261,6.83068,4.89148,-1.1668,-1.75109,0.387866,0.015796,0.465,0.1,True,False
1.675,-0,0,-20.5068,-0.0424723,-0.320947,24.3024,-0.757055,1.2194,48.2102,1.17505,0.585353,-6.71395,-0.417994,-1.80475,9.07989,0.0424723,0.320947,1.57022,-0,0,1.76432,-0.0429626,-0.357251,-1.9908,-0.0071597,-1.11422,-40.5828,0.870084,2.61587,0.647879,-0.862925,-1.50164,-1.57904,0.0429626,0.357251,-0.0536457,6.80316,4.82446,-1.13774,-1.68781,0.391365,0.0164284,0.465,0.1,True,False
1.68,-0,0,-21.2768,-0.0440305,-0.302267,24.6148,-0.750972,1.21309,49.1185,1.17785,0.536416,-6.63179,-0.426877,-1.74951,8.88418,0.0440305,0.302267,1.61896,-0,0,1.87869,-0.0447227,-0.346862,-2.01821,-0.0148036,-1.94413,-41.6667,0.885846,3.67055,0.252296,-0.871043,-1.72642,-1.44646,0.0447227,0.346862,-0.0526388,6.7164,4.67369,-1.10993,-1.62588,0.394918,0.0170236,0.465,0.1,True,False
1.685,-0,0,-21.517,-0.045495,-0.283418,25.0211,-0.744924,1.20563,49.0645,1.18041,0.490665,-7.23706,-0.435489,-1.69629,8.64632,0.045495,0.283418,1.68357,-0,0,1.95015,-0.0464312,-0.336486,-2.027,-0.026601,-2.76575,-41.847,0.90679,4.67009,-0.139017,-0.880189,-1.90433,-1.23825,0.0464312,0.336486,-0.0534828,6.6105,4.48711,-1.08385,-1.56554,0.398529,0.0175817,0.465,0.1,True,False
1.69,-0,0,-21.3097,-0.0468646,-0.264279,25.4963,-0.738915,1.19739,48.2321,1.18276,0.448049,-8.37528,-0.44384,-1.64544,8.41811,0.0468646,0.264279,1.75472,-0,0,1.98168,-0.0480875,-0.325755,-2.01627,-0.0424611,-3.56179,-41.2986,0.932547,5.58205,-0.516732,-0.890086,-2.02027,-0.96969,0.0480875,0.325755,-0.0561455,6.51394,4.30275,-1.05986,-1.50692,0.402201,0.0181023,0.465,0.1,True,False
1.695,-0,0,-20.7433,-0.0481377,-0.244748,26.0079,-0.73295,1.18873,46.8033,1.18489,0.408464,-9.89285,-0.451944,-1.59719,8.23121,0.0481377,0.244748,1.82459,-0,0,1.97818,-0.0496888,-0.314318,-1.98558,-0.0622188,-4.31971,-40.2004,0.96261,6.38283,-0.873697,-0.900392,-2.06312,-0.657288,0.0496888,0.314318,-0.060515,6.44311,4.14508,-1.03822,-1.45013,0.405933,0.018585,0.465,0.1,True,False
1.7,-0,0,-19.9,-0.0493121,-0.224755,26.5227,-0.727028,1.17995,44.9353,1.18684,0.371771,-11.6581,-0.459812,-1.55172,8.09661,0.0493121,0.224755,1.88857,-0,0,1.9454,-0.0512307,-0.30185,-1.93524,-0.0856582,-5.03149,-38.711,0.996376,7.05726,-1.20534,-0.910717,-2.02576,-0.31663,0.0512307,0.30185,-0.0664269,6.40275,4.02376,-1.01912,-1.39522,0.409725,0.0190293,0.465,0.1,True,False
1.705,-0,0,-18.8469,-0.0503853,-0.204265,27.0116,-0.72115,1.17134,42.7473,1.18861,0.33781,-13.5721,-0.467461,-1.50915,8.00785,0.0503853,0.204265,1.94554,-0,0,1.88893,-0.0527073,-0.288068,-1.86637,-0.112534,-5.69276,-36.9537,1.03318,7.59732,-1.50964,-0.920649,-1.90457,0.0389148,0.0527073,0.288068,-0.0736828,6.38818,3.93543,-1.00268,-1.34224,0.413574,0.0194348,0.465,0.1,True,False
1.71,-0,0,-17.6334,-0.0513548,-0.183274,27.4511,-0.715315,1.16319,40.3171,1.19022,0.306402,-15.569,-0.474904,-1.46959,7.94664,0.0513548,0.183274,1.99708,-0,0,1.81358,-0.0541114,-0.272727,-1.78101,-0.142586,-6.30169,-35.012,1.07235,8.00046,-1.78681,-0.929763,-1.69876,0.398553,0.0541114,0.272727,-0.0820588,6.38837,3.86769,-0.988991,-1.29128,0.417478,0.0198009,0.465,0.1,True,False
1.715,-0,0,-16.2909,-0.052218,-0.16181,27.8221,-0.709518,1.1558,37.6854,1.19168,0.27736,-17.6109,-0.482157,-1.43316,7.88861,0.052218,0.16181,2.04617,-0,0,1.72302,-0.0554346,-0.25563,-1.68209,-0.175551,-6.85799,-32.9325,1.11319,8.2678,-2.03861,-0.937637,-1.40981,0.753774,0.0554346,0.25563,-0.0913041,6.38901,3.80345,-0.978095,-1.24243,0.421432,0.0201272,0.465,0.1,True,False
1.72,-0,0,-14.8359,-0.0529729,-0.13993,28.1085,-0.703757,1.14949,34.8637,1.19299,0.250486,-19.679,-0.489235,-1.39998,7.80799,0.0529729,0.13993,2.09588,-0,0,1.61965,-0.0566677,-0.236634,-1.57332,-0.211166,-7.3619,-30.7311,1.15503,8.40277,-2.26776,-0.943861,-1.04086,1.09769,0.0566677,0.236634,-0.101135,6.37479,3.72465,-0.970032,-1.19582,0.425434,0.0204134,0.465,0.1,True,False
1.725,-0,0,-13.2742,-0.0536173,-0.117717,28.2939,-0.698024,1.1446,31.8435,1.19418,0.22557,-21.7652,-0.496157,-1.37017,7.68066,0.0536173,0.117717,2.14828,-0,0,1.50458,-0.0578009,-0.215652,-1.459,-0.24917,-7.81348,-28.401,1.19722,8.40998,-2.4773,-0.948045,-0.596507,1.4243,0.0578009,0.215652,-0.111227,6.33078,3.61478,-0.964822,-1.15162,0.42948,0.0206594,0.465,0.1,True,False
1.73,-0,0,-11.6049,-0.05415,-0.0952853,28.3603,-0.692311,1.14147,28.6046,1.19525,0.202389,-23.8645,-0.502937,-1.34386,7.48581,0.05415,0.0952853,2.20351,-0,0,1.37778,-0.0588242,-0.192668,-1.34382,-0.2893,-8.21202,-25.9207,1.23913,8.29463,-2.67,-0.949826,-0.0826028,1.72785,0.0588242,0.192668,-0.121209,6.2431,3.46052,-0.962461,-1.11,0.433564,0.0208649,0.465,0.1,True,False
1.735,-0,0,-9.82453,-0.0545702,-0.0727773,28.2865,-0.686609,1.14048,25.1238,1.1962,0.180701,-25.969,-0.509595,-1.32118,7.20703,0.0545702,0.0727773,2.25932,-0,0,1.23826,-0.0597276,-0.167744,-1.2325,-0.33129,-8.55577,-23.2606,1.28016,8.06208,-2.84795,-0.948872,0.493687,2.00236,0.0597276,0.167744,-0.130665,6.09931,3.25268,-0.962917,-1.07119,0.437682,0.0210303,0.465,0.1,True,False
1.74,-0,0,-7.93172,-0.0548778,-0.0503682,28.0476,-0.680906,1.14199,21.382,1.19705,0.160246,-28.0634,-0.516149,-1.30223,6.83328,0.0548778,0.0503682,2.31091,-0,0,1.08433,-0.0605016,-0.141027,-1.12943,-0.374858,-8.84167,-20.3891,1.31975,7.71788,-3.01207,-0.944889,1.1238,2.24141,0.0605016,0.141027,-0.13914,5.88902,2.98692,-0.966111,-1.0354,0.44183,0.021156,0.465,0.1,True,False
1.745,-0,0,-5.93023,-0.0550739,-0.0282649,27.6166,-0.675189,1.14633,17.371,1.19781,0.140739,-30.1224,-0.522617,-1.28706,6.36011,0.0550739,0.0282649,2.35125,-0,0,0.914018,-0.0611379,-0.112758,-1.0383,-0.419707,-9.06542,-17.2789,1.35734,7.26779,-3.16165,-0.937634,1.79762,2.43821,0.0611379,0.112758,-0.14616,5.60492,2.66438,-0.971905,-1.00285,0.446003,0.0212424,0.465,0.1,True,False
1.75,-0,0,-3.83228,-0.0551605,-0.00670535,26.9665,-0.669443,1.15379,13.1,1.19846,0.121877,-32.1099,-0.52902,-1.27566,5.79116,0.0551605,0.00670535,2.37216,-0,0,0.725605,-0.0616292,-0.0832709,-0.961683,-0.465512,-9.2216,-13.9117,1.39243,6.71813,-3.29383,-0.926913,2.50347,2.58594,0.0616292,0.0832709,-0.151259,5.24444,2.29198,-0.980079,-0.973706,0.450194,0.0212907,0.465,0.1,True,False
1.755,-0,0,-1.66074,-0.0551409,0.0140471,26.0751,-0.663651,1.16458,8.60018,1.19903,0.103342,-33.9799,-0.535374,-1.26792,5.13954,0.0551409,-0.0140471,2.36598,-0,0,0.518206,-0.0619706,-0.0529907,-0.900765,-0.511923,-9.30405,-10.284,1.42452,6.07598,-3.40312,-0.912599,3.22807,2.67828,0.0619706,0.0529907,-0.154016,4.81163,1.88238,-0.990316,-0.948114,0.454398,0.0213019,0.465,0.1,True,False
1.76,-0,0,0.549953,-0.05502,0.0337123,24.9299,-0.657797,1.17879,3.92781,1.1995,0.0848044,-35.6802,-0.541699,-1.26359,4.42842,0.05502,-0.0337123,2.32775,-0,0,0.292409,-0.0621591,-0.0224181,-0.855242,-0.558553,-9.30636,-6.41127,1.45319,5.34956,-3.48093,-0.894632,3.9568,2.71018,0.0621591,0.0224181,-0.1541,4.31895,1.45312,-1.0022,-0.926125,0.45861,0.0212777,0.465,0.1,True,False
1.765,-0,0,2.75449,-0.0548038,0.0520073,23.5342,-0.651863,1.19637,-0.835951,1.19987,0.0659427,-37.1586,-0.54801,-1.26231,3.69019,0.0548038,-0.0520073,2.25737,-0,0,0.0507948,-0.0621947,0.00789147,-0.823407,-0.604986,-9.22258,-2.33129,1.47802,4.54846,-3.51534,-0.873031,4.67412,2.6787,0.0621947,-0.00789147,-0.15131,3.78788,1.02476,-1.01518,-0.907688,0.462822,0.02122,0.465,0.1,True,False
1.77,-0,0,4.8994,-0.0544999,0.0686641,21.9114,-0.645833,1.21709,-5.58891,1.20016,0.0464565,-38.3703,-0.554322,-1.26355,2.96344,0.0544999,-0.0686641,2.16093,-0,0,-0.201797,-0.0620802,0.0373585,-0.802501,-0.650779,-9.04788,1.89425,1.49867,3.68375,-3.49124,-0.847891,5.36413,2.5837,0.0620802,-0.0373585,-0.145617,3.24785,0.618298,-1.02865,-0.892632,0.467027,0.0211312,0.465,0.1,True,False
1.775,-0,0,6.92743,-0.0541172,0.083451,20.1082,-0.639692,1.24059,-10.2156,1.20034,0.0260869,-39.2866,-0.560646,-1.26667,2.28778,0.0541172,-0.083451,2.05049,-0,0,-0.458381,-0.0618212,0.0654168,-0.789251,-0.695465,-8.77945,6.18129,1.51485,2.76804,-3.39105,-0.81939,6.01141,2.42832,0.0618212,-0.0654168,-0.137192,2.73256,0.251929,-1.04192,-0.880665,0.47122,0.0210138,0.465,0.1,True,False
1.78,-0,0,8.78317,-0.0536654,0.0961951,18.1925,-0.633427,1.26632,-14.5979,1.20042,0.00463463,-39.9023,-0.566989,-1.27095,1.69712,0.0536654,-0.0961951,1.94171,-0,0,-0.710387,-0.061426,0.0915539,-0.780506,-0.738573,-8.41706,10.4277,1.52635,1.81523,-3.19607,-0.787777,6.60183,2.21908,0.061426,-0.0915539,-0.126407,2.27416,-0.061831,-1.05429,-0.871378,0.475392,0.0208709,0.465,0.1,True,False
1.785,-0,0,10.4189,-0.0531552,0.106804,16.2489,-0.627029,1.29367,-18.6275,1.20038,-0.0180263,-40.2397,-0.573355,-1.27564,1.21304,0.0531552,-0.106804,1.8498,-0,0,-0.948604,-0.0609056,0.115351,-0.77383,-0.779636,-7.96362,14.5207,1.53301,0.840263,-2.88833,-0.753371,7.12336,1.96543,0.0609056,-0.115351,-0.113819,1.89637,-0.31802,-1.06511,-0.864278,0.479538,0.0207055,0.465,0.1,True,False
1.79,-0,0,11.7997,-0.0525974,0.115281,14.3704,-0.620491,1.32198,-22.2163,1.20024,-0.0419431,-40.3482,-0.579745,-1.28004,0.840364,0.0525974,-0.115281,1.78489,-0,0,-1.16434,-0.0602725,0.136517,-0.767892,-0.818209,-7.42537,18.3458,1.53475,-0.141335,-2.45287,-0.716543,7.56671,1.6789,0.0602725,-0.136517,-0.10013,1.60871,-0.519378,-1.07385,-0.858826,0.48365,0.0205209,0.465,0.1,True,False
1.795,-0,0,12.9062,-0.0520024,0.121737,12.648,-0.613809,1.35064,-25.3042,1.19996,-0.0670887,-40.2987,-0.586155,-1.28356,0.566888,0.0520024,-0.121737,1.74863,-0,0,-1.35054,-0.0595405,0.154909,-0.762591,-0.853889,-6.81177,21.7965,1.53159,-1.11396,-1.87985,-0.677704,7.92572,1.372,0.0595405,-0.154909,-0.0861174,1.40429,-0.674538,-1.08018,-0.85448,0.487723,0.0203203,0.465,0.1,True,False
1.8,-0,0,13.736,-0.05138,0.126391,11.162,-0.606984,1.37916,-27.8613,1.19956,-0.0933769,-40.1729,-0.592581,-1.28579,0.368226,0.05138,-0.126391,1.73375,-0,0,-1.50257,-0.0587234,0.170543,-0.758882,-0.886327,-6.13506,24.783,1.52361,-2.0624,-1.16635,-0.637286,8.19746,1.05695,0.0587234,-0.170543,-0.0725507,1.26264,-0.794696,-1.08397,-0.850739,0.491752,0.0201067,0.465,0.1,True,False
1.805,-0,0,14.3021,-0.0507385,0.129553,9.97492,-0.600018,1.4072,-29.8852,1.19903,-0.120686,-40.0505,-0.599013,-1.28651,0.21646,0.0507385,-0.129553,1.72689,-0,0,-1.61853,-0.057835,0.183579,-0.758383,-0.91524,-5.40965,27.2381,1.51097,-2.9723,-0.31734,-0.59573,8.38195,0.744591,0.057835,-0.183579,-0.060112,1.15723,-0.889775,-1.08534,-0.84717,0.495731,0.0198826,0.465,0.1,True,False
1.81,-0,0,14.6291,-0.0500845,0.131608,9.12806,-0.592912,1.43461,-31.3949,1.19836,-0.148883,-39.9972,-0.605446,-1.28573,0.0895098,0.0500845,-0.131608,1.71387,-0,0,-1.69908,-0.0568876,0.194303,-0.762912,-0.940423,-4.65131,29.1199,1.49389,-3.83043,0.654245,-0.553467,8.48174,0.443589,0.0568876,-0.194303,-0.0493249,1.06484,-0.965448,-1.0846,-0.843429,0.499659,0.0196501,0.465,0.1,True,False
1.815,-0,0,14.7486,-0.0494224,0.132986,8.6412,-0.585672,1.46143,-32.4225,1.19754,-0.177852,-40.0567,-0.611871,-1.28358,-0.0226758,0.0494224,-0.132986,1.68463,-0,0,-1.7468,-0.055892,0.203081,-0.774069,-0.961753,-3.87631,30.4116,1.47267,-4.62496,1.72827,-0.510912,8.50127,0.159956,0.055892,-0.203081,-0.0405171,0.972763,-1.02214,-1.08224,-0.839258,0.503532,0.0194106,0.465,0.1,True,False
1.82,-0,0,14.6936,-0.0487546,0.134126,8.51473,-0.578298,1.48786,-33.0064,1.19658,-0.207511,-40.2484,-0.618282,-1.28035,-0.117558,0.0487546,-0.134126,1.63616,-0,0,-1.76548,-0.0548568,0.210327,-0.79297,-0.979187,-3.10072,31.1178,1.44764,-5.34547,2.87888,-0.468454,8.44619,-0.103019,0.0548568,-0.210327,-0.0338183,0.880947,-1.05629,-1.07883,-0.834484,0.507349,0.0191649,0.465,0.1,True,False
1.825,-0,0,14.4937,-0.0480811,0.135455,8.73309,-0.570793,1.51419,-33.1853,1.19547,-0.237825,-40.5704,-0.624674,-1.27637,-0.184604,0.0480811,-0.135455,1.57209,-0,0,-1.75933,-0.0537887,0.216459,-0.820151,-0.99276,-2.33972,31.2599,1.41921,-5.98294,4.07634,-0.42645,8.32266,-0.344565,0.0537887,-0.216459,-0.0291919,0.798768,-1.06314,-1.07499,-0.828996,0.51111,0.018913,0.465,0.1,True,False
1.83,-0,0,14.1707,-0.0474001,0.137359,9.26869,-0.563156,1.54081,-32.9944,1.1942,-0.268813,-41.0054,-0.631045,-1.272,-0.211929,0.0474001,-0.137359,1.50032,-0,0,-1.73246,-0.0526922,0.221877,-0.855613,-1.00258,-1.60719,30.8703,1.38781,-6.52958,5.28909,-0.385227,8.13678,-0.566015,0.0526922,-0.221877,-0.0264854,0.739095,-1.03957,-1.0713,-0.822731,0.514816,0.0186542,0.465,0.1,True,False
1.835,-0,0,13.7375,-0.0467076,0.140175,10.0858,-0.555385,1.56813,-32.4634,1.19278,-0.300543,-41.5267,-0.637394,-1.26759,-0.19129,0.0467076,-0.140175,1.43005,-0,0,-1.68849,-0.05157,0.22694,-0.898914,-1.00883,-0.915458,29.987,1.35391,-6.97866,6.48564,-0.345082,7.89412,-0.770256,0.05157,-0.22694,-0.0254824,0.713162,-0.985576,-1.0683,-0.815658,0.518469,0.0183873,0.465,0.1,True,False
1.84,-0,0,13.1979,-0.0459983,0.144186,11.1442,-0.547475,1.59656,-31.6149,1.1912,-0.33313,-42.1027,-0.643721,-1.26343,-0.119339,0.0459983,-0.144186,1.36981,-0,0,-1.63041,-0.0504228,0.23196,-0.949285,-1.01174,-0.275167,28.6497,1.31802,-7.32423,7.63616,-0.306286,7.5994,-0.96114,0.0504228,-0.23196,-0.0259445,0.728511,-0.903956,-1.06643,-0.807758,0.522072,0.0181105,0.465,0.1,True,False
1.845,-0,0,12.5489,-0.0452657,0.149617,12.4017,-0.539419,1.62647,-30.4649,1.18945,-0.366726,-42.6982,-0.650028,-1.25975,0.00461511,0.0452657,-0.149617,1.3268,-0,0,-1.5606,-0.0492504,0.237204,-1.00571,-1.01158,0.304656,26.8972,1.28067,-7.56097,8.71377,-0.269088,7.25631,-1.1429,0.0492504,-0.237204,-0.0276384,0.790099,-0.79843,-1.06605,-0.799014,0.525627,0.0178216,0.465,0.1,True,False
1.85,-0,0,11.7835,-0.0445021,0.15664,13.8162,-0.53121,1.65821,-29.0234,1.18753,-0.401513,-43.2751,-0.656319,-1.2567,0.182489,0.0445021,-0.15664,1.30699,-0,0,-1.48092,-0.0480508,0.242892,-1.06695,-1.00869,0.816518,24.7663,1.24241,-7.68402,9.69526,-0.233723,6.8675,-1.31957,0.0480508,-0.242892,-0.0303483,0.903071,-0.671217,-1.06738,-0.789398,0.529139,0.017518,0.465,0.1,True,False
1.855,-0,0,10.8945,-0.0436993,0.165375,15.3462,-0.522837,1.69204,-27.2976,1.18543,-0.437688,-43.7931,-0.662595,-1.25435,0.420737,0.0436993,-0.165375,1.31557,-0,0,-1.3929,-0.0468214,0.249204,-1.13161,-1.00342,1.25434,22.294,1.20383,-7.68898,10.5615,-0.200413,6.43464,-1.49451,0.0468214,-0.249204,-0.0338799,1.07527,-0.521062,-1.07056,-0.778864,0.532613,0.017197,0.465,0.1,True,False
1.86,-0,0,9.87749,-0.0428484,0.175894,16.9508,-0.51429,1.72813,-25.2956,1.18315,-0.475454,-44.2102,-0.668862,-1.25268,0.73143,0.0428484,-0.175894,1.3569,-0,0,-1.29799,-0.0455588,0.256286,-1.19811,-0.996148,1.61336,19.5195,1.16553,-7.57206,11.2975,-0.169377,5.95869,-1.66986,0.0455588,-0.256286,-0.038059,1.31804,-0.342499,-1.07563,-0.767346,0.536054,0.0168554,0.465,0.1,True,False
1.865,-0,0,8.73441,-0.0419404,0.188221,18.5887,-0.505556,1.76658,-23.0324,1.18068,-0.515006,-44.4861,-0.675122,-1.25157,1.13028,0.0419404,-0.188221,1.43399,-0,0,-1.19775,-0.0442586,0.264247,-1.2647,-0.987285,1.8902,16.4887,1.12811,-7.33045,11.8917,-0.140827,5.44025,-1.84611,0.0442586,-0.264247,-0.0427278,1.64452,-0.126749,-1.0825,-0.754754,0.539468,0.0164903,0.465,0.1,True,False
1.87,-0,0,7.47583,-0.0409662,0.202333,20.2166,-0.496624,1.80738,-20.5367,1.178,-0.556525,-44.5863,-0.681378,-1.25085,1.63171,0.0409662,-0.202333,1.54734,-0,0,-1.09409,-0.0429163,0.273171,-1.32948,-0.977246,2.08294,13.2595,1.09222,-6.96294,12.3361,-0.114974,4.88,-2.02162,0.0429163,-0.273171,-0.047741,2.06556,0.135717,-1.09101,-0.740985,0.542862,0.0160985,0.465,0.1,True,False
1.875,-0,0,6.12292,-0.039917,0.218163,21.7885,-0.487482,1.85044,-17.8574,1.17511,-0.60017,-44.488,-0.687631,-1.25027,2.24184,0.039917,-0.218163,1.69375,-0,0,-0.989386,-0.0415269,0.28311,-1.39044,-0.966456,2.19145,9.90624,1.05848,-6.47075,12.6245,-0.0920265,4.27931,-2.19228,0.0415269,-0.28311,-0.0529634,2.58404,0.451337,-1.1009,-0.72593,0.546243,0.0156771,0.465,0.1,True,False
1.88,-0,0,4.70809,-0.0387845,0.235601,23.2547,-0.47812,1.8956,-15.0689,1.172,-0.646074,-44.1855,-0.69388,-1.24953,2.95096,0.0387845,-0.235601,1.86513,-0,0,-0.886472,-0.0400852,0.294093,-1.44547,-0.955332,2.21777,6.52283,1.02751,-5.85863,12.7526,-0.0721811,3.64085,-2.35127,0.0400852,-0.294093,-0.0582674,3.18886,0.819119,-1.11187,-0.70949,0.549619,0.015223,0.465,0.1,True,False
1.885,-0,0,3.27408,-0.037561,0.254493,24.5626,-0.468526,1.94269,-12.2722,1.16865,-0.694352,-43.695,-0.700126,-1.24833,3.72787,0.037561,-0.254493,2.04808,-0,0,-0.788499,-0.0385859,0.306123,-1.49242,-0.944278,2.16662,3.22279,0.999896,-5.13596,12.7167,-0.055618,2.96935,-2.48918,0.0385859,-0.306123,-0.0635342,3.85053,1.22703,-1.12354,-0.69159,0.552997,0.0147336,0.465,0.1,True,False
1.89,-0,0,1.87103,-0.0362396,0.274647,25.6585,-0.458693,1.99149,-9.59021,1.16506,-0.745106,-43.0538,-0.706364,-1.24638,4.51866,0.0362396,-0.274647,2.22448,-0,0,-0.698579,-0.037024,0.319183,-1.52918,-0.933666,2.04578,0.133888,0.976153,-4.31788,12.5129,-0.0424877,2.2721,-2.59455,0.037024,-0.319183,-0.0686543,4.52053,1.65069,-1.13556,-0.672197,0.556384,0.0142066,0.465,0.1,True,False
1.895,-0,0,0.551342,-0.0348146,0.295836,26.4916,-0.448611,2.04185,-7.15592,1.1612,-0.798439,-42.3161,-0.71259,-1.24341,5.25217,0.0348146,-0.295836,2.37348,-0,0,-0.619301,-0.0353941,0.333232,-1.55375,-0.92382,1.8664,-2.61287,0.956717,-3.42586,12.137,-0.032897,1.55946,-2.6549,0.0353941,-0.333232,-0.0735306,5.13611,2.05556,-1.14755,-0.651332,0.559787,0.0136399,0.465,0.1,True,False
1.9,-0,0,-0.636986,-0.0332813,0.317808,27.0184,-0.438274,2.09368,-5.09339,1.15707,-0.85447,-41.5414,-0.718798,-1.23921,5.85224,0.0332813,-0.317808,2.47451,-0,0,-0.552207,-0.0336916,0.348216,-1.56436,-0.915002,1.64284,-4.89936,0.941895,-2.48774,11.5838,-0.026893,0.844897,-2.65817,0.0336916,-0.348216,-0.0780787,5.63072,2.4032,-1.15914,-0.62907,0.563213,0.0130318,0.465,0.1,True,False
1.905,-0,0,-1.6575,-0.0316365,0.34029,27.2075,-0.427674,2.14693,-3.4962,1.15266,-0.913335,-40.7796,-0.724982,-1.23359,6.25464,0.0316365,-0.34029,2.51081,-0,0,-0.497374,-0.031912,0.364061,-1.55957,-0.907392,1.39213,-6.63825,0.93184,-1.5368,10.8475,-0.024448,0.144672,-2.59436,0.031912,-0.364061,-0.082225,5.94803,2.66027,-1.17,-0.605531,0.566668,0.0123812,0.465,0.1,True,False
1.91,-0,0,-2.49081,-0.0298783,0.363001,27.0433,-0.416805,2.20161,-2.40853,1.14794,-0.975187,-40.0565,-0.731134,-1.22642,6.42407,0.0298783,-0.363001,2.47255,-0,0,-0.453271,-0.030051,0.380684,-1.53837,-0.90108,1.13296,-7.78798,0.926527,-0.610093,9.92129,-0.0254463,-0.522864,-2.45687,0.030051,-0.380684,-0.085899,6.05598,2.80821,-1.17982,-0.580861,0.570156,0.0116874,0.465,0.1,True,False
1.915,-0,0,-3.13664,-0.0280065,0.38566,26.527,-0.405658,2.25773,-1.81497,1.1429,-1.04018,-39.3631,-0.737246,-1.21755,6.36661,0.0280065,-0.38566,2.35872,-0,0,-0.416985,-0.0281051,0.397984,-1.50032,-0.896062,0.884299,-8.35972,0.925739,0.253969,8.79757,-0.0296766,-1.13827,-2.24306,0.0281051,-0.397984,-0.0890181,5.95703,2.85061,-1.18829,-0.555208,0.573681,0.0109502,0.465,0.1,True,False
1.92,-0,0,-3.6113,-0.0260217,0.407993,25.6751,-0.394228,2.31525,-1.64254,1.13754,-1.10843,-38.6515,-0.743309,-1.20682,6.13546,0.0260217,-0.407993,2.17781,-0,0,-0.384779,-0.0260712,0.415841,-1.4456,-0.892237,0.664066,-8.41356,0.929066,1.01796,7.46761,-0.036829,-1.68203,-1.954,0.0260712,-0.415841,-0.0914623,5.69296,2.81714,-1.19508,-0.528694,0.577247,0.0101699,0.465,0.1,True,False
1.925,-0,0,-3.94034,-0.0239265,0.429737,24.5149,-0.382506,2.37401,-1.77379,1.13182,-1.18,-37.8365,-0.749314,-1.19401,5.83186,0.0239265,-0.429737,1.94797,-0,0,-0.352843,-0.0239467,0.434108,-1.37508,-0.889422,0.487949,-8.04427,0.935918,1.64745,5.92128,-0.0464969,-2.1354,-1.59318,0.0239467,-0.434108,-0.0930401,5.34591,2.76448,-1.19985,-0.501392,0.580855,0.00934738,0.465,0.1,True,False
1.93,-0,0,-4.14727,-0.0217244,0.450637,23.0802,-0.370487,2.43367,-2.06579,1.12574,-1.25482,-36.7961,-0.755249,-1.17884,5.60852,0.0217244,-0.450637,1.69957,-0,0,-0.318016,-0.0217301,0.452588,-1.29015,-0.887358,0.368746,-7.36025,0.945541,2.11207,4.1467,-0.058183,-2.48081,-1.16474,0.0217301,-0.452588,-0.093435,5.04282,2.77773,-1.20225,-0.473321,0.584507,0.00848385,0.465,0.1,True,False
1.935,-0,0,-4.23001,-0.0194202,0.470434,21.5105,-0.358169,2.49365,-2.3525,1.11927,-1.33267,-35.3935,-0.761103,-1.16098,5.76349,0.0194202,-0.470434,1.59078,-0,0,-0.278395,-0.0194208,0.471006,-1.19418,-0.885734,0.316291,-6.49933,0.957039,2.3855,2.23437,-0.0713051,-2.70179,-0.696201,0.0194208,-0.471006,-0.0919451,5.09437,2.96339,-1.20183,-0.444445,0.588203,0.00758119,0.465,0.1,True,False
1.94,-0,0,-4.01932,-0.01702,0.488823,17.0052,-0.345551,2.55311,-5.82752,1.11241,-1.41312,-35.3292,-0.766859,-1.13999,3.09498,0.01702,-0.488823,-0.23126,-0,0,0.0698677,-0.01702,0.48889,-0.206927,-0.884195,0.331221,-2.33338,0.969396,2.46432,1.17676,-0.0852009,-2.79554,-0.152675,0.01702,-0.48889,-0.0946322,2.0634,2.27391,-1.19811,-0.414722,0.591942,0.00664176,0.465,0.1,True,True
1.945,-0,0,-3.57863,-0.0145319,0.505399,14.2428,-0.332638,2.61123,-8.07416,1.10514,-1.49566,-34.4447,-0.772503,-1.11557,2.72922,0.0145319,-0.505399,-0.313124,-0,0,0.289069,-0.0145319,0.505399,0.427599,-0.882422,0.384806,0.644833,0.981682,2.4294,0.715009,-0.0992605,-2.81421,0.134898,0.0145319,-0.505399,-0.102277,1.75304,2.08005,-1.19058,-0.38425,0.595722,0.00566863,0.484737,0.0868421,True,True
1.95,-0,0,-2.95689,-0.011966,0.519803,11.2672,-0.319439,2.6673,-10.7237,1.09745,-1.57976,-33.5646,-0.778015,-1.08753,2.26003,0.011966,-0.519803,-0.363615,-0,0,0.502751,-0.011966,0.519803,1.05419,-0.880347,0.445184,4.08363,0.99369,2.37163,0.612146,-0.113343,-2.81682,0.299365,0.011966,-0.519803,-0.120468,1.38734,1.79333,-1.17887,-0.353174,0.599539,0.00466585,0.504474,0.0736842,True,True
1.955,-0,0,-2.29765,-0.0093339,0.531855,8.37205,-0.305965,2.72065,-13.0779,1.08934,-1.66486,-32.3461,-0.783378,-1.05578,1.83076,0.0093339,-0.531855,-0.466782,-0,0,0.63294,-0.0093339,0.531855,1.40491,-0.87797,0.505462,7.31588,1.0054,2.30985,0.210397,-0.127429,-2.81531,0.416858,0.0093339,-0.531855,-0.170533,1.01594,1.56503,-1.16283,-0.32156,0.603387,0.00363796,0.524211,0.0605263,True,True
1.96,-0,0,-1.66925,-0.00664749,0.541492,5.73772,-0.292232,2.77083,-14.8921,1.0808,-1.75045,-30.7523,-0.788573,-1.02038,1.46448,0.00664749,-0.541492,-0.598199,-0,0,0.658306,-0.00664749,0.541492,1.3825,-0.875292,0.565244,10.0673,1.01679,2.24421,-0.640998,-0.141496,-2.80945,0.503077,0.00664749,-0.541492,-0.267357,0.670636,1.39633,-1.14251,-0.289477,0.60726,0.00258967,0.543947,0.0473684,True,True
1.965,-0,0,-1.10102,-0.00391898,0.548697,3.45136,-0.278257,2.81755,-16.0932,1.07184,-1.83608,-28.8114,-0.793582,-0.981475,1.15454,0.00391898,-0.548697,-0.724681,-0,0,0.576001,-0.00391898,0.548697,0.957193,-0.872318,0.624146,12.2373,1.02784,2.17506,-1.95221,-0.155523,-2.79921,0.556898,0.00391898,-0.548697,-0.417174,0.367696,1.26225,-1.11803,-0.257021,0.611152,0.00152577,0.563684,0.0342105,True,True
1.97,-0,0,-0.60692,-0.00116052,0.553472,1.5492,-0.264057,2.86057,-16.6559,1.06244,-1.92129,-26.5451,-0.798388,-0.939275,0.893666,0.00116052,-0.553472,-0.826593,-0,0,0.387563,-0.00116052,0.553472,0.119235,-0.869051,0.681796,13.7873,1.03854,2.1028,-3.72076,-0.169488,-2.7846,0.578755,0.00116052,-0.553472,-0.622948,0.114625,1.14578,-1.0896,-0.224308,0.615056,0.000450997,0.583421,0.0210526,True,True
1.975,-0,0,-0.193703,0.00161574,0.555821,0.0458011,-0.249651,2.89968,-16.573,1.05263,-2.00567,-23.9691,-0.802974,-0.894019,0.675335,-0.00161574,-0.555821,-0.891393,-0,0,0.0953664,0.00161574,0.555821,-1.13447,-0.8655,0.737829,14.7034,1.04887,2.02787,-5.94182,-0.183369,-2.7657,0.568652,-0.00161574,-0.555821,-0.885306,-0.0849476,1.03478,-1.05742,-0.191473,0.618965,-0.000629902,0.603158,0.00789474,True,True
1.98,-0,0,0.134835,0.00439769,0.555743,-1.05134,-0.23506,2.93471,-15.8435,1.04239,-2.08874,-21.0973,-0.807328,-0.845966,0.493891,-0.00439769,-0.555743,-0.909655,-0,0,-0.298231,0.00439769,0.555743,-2.80355,-0.861673,0.791892,14.9794,1.05882,1.95069,-8.60963,-0.197145,-2.74258,0.524463,-0.00439769,-0.555743,-1.20108,-0.228672,0.919611,-1.0217,-0.158669,0.622874,-0.00171221,0.622895,-0.00526316,True,True
1.985,-0,0,0.376229,0.00717317,0.553227,-1.73691,-0.220304,2.96547,-14.4737,1.03174,-2.17007,-17.9511,-0.811434,-0.795401,0.34456,-0.00717317,-0.553227,-0.873572,-0,0,-0.789363,0.00717317,0.553227,-4.87887,-0.857581,0.843641,14.6133,1.06838,1.8717,-11.7118,-0.210795,-2.71534,0.439768,-0.00717317,-0.553227,-1.55884,-0.314553,0.792241,-0.982655,-0.12607,0.626775,-0.00279122,0.642632,-0.0184211,True,True
1.99,-0,0,0.529417,0.00992996,0.54826,-2.01109,-0.205405,2.99183,-12.4915,1.02069,-2.2492,-14.574,-0.815282,-0.742632,0.223662,-0.00992996,-0.54826,-0.777944,-0,0,-1.3681,0.00992996,0.54826,-7.32776,-0.853236,0.892758,13.6154,1.07753,1.79135,-15.2154,-0.224299,-2.68411,0.300565,-0.00992996,-0.54826,-1.93033,-0.341465,0.647017,-0.940512,-0.0938695,0.630662,-0.00386219,0.662368,-0.0315789,True,True
1.995,-0,0,0.596151,0.0126558,0.540828,-1.89197,-0.190386,3.01378,-9.97534,1.00925,-2.32577,-11.0567,-0.81886,-0.688005,0.129117,-0.0126558,-0.540828,-0.623972,-0,0,-2.00948,0.0126558,0.540828,-10.066,-0.848653,0.938974,12.031,1.08629,1.71016,-19.0412,-0.237636,-2.64913,0.0803321,-0.0126558,-0.540828,-2.25583,-0.311264,0.483428,-0.895508,-0.062287,0.634529,-0.00492038,0.682105,-0.0447368,True,True
2,-0,0,0.584124,0.0153382,0.530932,-1.43915,-0.175267,3.0315,-7.107,0.997429,-2.3996,-7.57645,-0.822162,-0.631907,0.0607814,-0.0153382,-0.530932,-0.425663,-0,0,-2.65862,0.0153382,0.530932,-12.9113,-0.843847,0.982112,9.98095,1.09464,1.6287,-23.0213,-0.25079,-2.61082,-0.266781,-0.0153382,-0.530932,-2.42191,-0.23279,0.310378,-0.847914,-0.0315621,0.63837,-0.00596104,0.701842,-0.0578947,True,True
2.005,-0,0,0.513714,0.0179651,0.51861,-0.789324,-0.160071,3.04563,-4.25082,0.98525,-2.47085,-4.45741,-0.82518,-0.574782,0.0184697,-0.0179651,-0.51861,-0.215805,-0,0,-3.2116,0.0179651,0.51861,-15.5133,-0.838832,1.02218,7.72626,1.10258,1.54773,-26.8326,-0.263744,-2.5699,-0.812623,-0.0179651,-0.51861,-2.23322,-0.127298,0.148517,-0.798059,-0.00194534,0.642178,-0.00697944,0.721579,-0.0710526,True,True
2.01,-0,0,0.424731,0.0205243,0.503975,-0.159345,-0.144811,3.05751,-2.09479,0.972721,-2.54038,-2.10574,-0.82791,-0.517126,-0.00607764,-0.0205243,-0.503975,-0.0450567,-0,0,-3.4563,0.0205243,0.503975,-17.4476,-0.833625,1.05948,5.8666,1.11011,1.4682,-29.9152,-0.276489,-2.52768,-1.56644,-0.0205243,-0.503975,-1.53228,-0.0337942,0.0238399,-0.746359,0.0263311,0.64595,-0.00797097,0.741316,-0.0842105,True,True
2.015,-0,0,0.294659,0.0230048,0.487334,0.433566,-0.129496,3.06161,-1.90246,0.959846,-2.59947,-0.129491,-0.830351,-0.462137,-0.0470119,-0.0230048,-0.487334,0.0371285,-0,0,-2.7511,0.0230048,0.487289,-19.3404,-0.828237,1.09451,6.07069,1.11726,1.39099,-31.4994,-0.289021,-2.48549,-1.91991,-0.0230048,-0.487289,-1.07934,-0.0094471,-0.0572645,-0.695205,0.051267,0.649684,-0.00893138,0.761053,-0.0973684,True,True
2.02,-0,0,-0.121476,0.0253977,0.469582,1.36654,-0.114195,2.99639,-4.33205,0.946726,-2.56397,2.52459,-0.832531,-0.432421,-0.18611,-0.0253977,-0.469582,0.089844,-0,0,-0.316599,0.0253972,0.469045,-22.7139,-0.82268,1.12581,9.53822,1.12402,1.31445,-31.629,-0.301344,-2.44026,-1.54443,-0.0253972,-0.469045,-2.22047,-0.0746229,-0.191223,-0.660542,0.0575383,0.653383,-0.00985708,0.765,-0.1,False,True
2.025,-0,0,-0.312345,0.0277006,0.451857,1.47957,-0.0995317,2.7892,-11.5489,0.934207,-2.33396,2.43067,-0.834675,-0.455238,-0.498631,-0.0277006,-0.451857,0.0879728,-0,0,3.17849,0.0276953,0.449831,-23.4135,-0.816979,1.15128,18.068,1.1304,1.23663,-25.6816,-0.313424,-2.38791,2.61603,-0.0276953,-0.449831,-1.92574,-0.299922,-0.417566,-0.661441,0.0266694,0.657052,-0.0107457,0.765,-0.1,False,True
2.03,-0,0,-0.534799,0.0299163,0.434839,1.58791,-0.086303,2.43228,-18.6276,0.923386,-1.89665,2.24978,-0.837083,-0.53563,-0.801832,-0.0299163,-0.434839,0.0836148,-0,0,6.82572,0.0298955,0.430112,-23.9536,-0.811167,1.17095,26.1052,1.13639,1.15858,-20.2957,-0.325223,-2.32953,5.54852,-0.0298955,-0.430112,-1.82797,-0.520115,-0.636701,-0.701459,-0.0444275,0.660703,-0.0115958,0.765,-0.1,False,True
2.035,-0,0,-0.765065,0.032049,0.418834,1.68493,-0.0752088,1.9455,-24.8506,0.91524,-1.27864,1.99976,-0.840031,-0.666862,-1.05757,-0.032049,-0.418834,0.0781976,-0,0,10.2239,0.0319964,0.4102,-24.2845,-0.80527,1.18572,32.8836,1.14199,1.08192,-15.9448,-0.336719,-2.26765,7.21412,-0.0319964,-0.4102,-1.76671,-0.707121,-0.821764,-0.775885,-0.150722,0.664349,-0.0124067,0.765,-0.1,False,True
2.04,-0,0,-0.990885,0.0341046,0.403958,1.7695,-0.066848,1.34968,-30.1431,0.9106,-0.510876,1.69675,-0.843752,-0.838808,-1.25336,-0.0341046,-0.403958,0.0725611,-0,0,13.233,0.0339975,0.39029,-24.4788,-0.79931,1.1963,38.4673,1.14721,1.00768,-12.4775,-0.347899,-2.20398,8.12439,-0.0339975,-0.39029,-1.72176,-0.851685,-0.964079,-0.877561,-0.28484,0.668003,-0.0131784,0.765,-0.1,False,True
2.045,-0,0,-1.20129,0.0360886,0.390183,1.84049,-0.061712,0.666994,-34.4381,0.910131,0.371013,1.35454,-0.848419,-1.03801,-1.37804,-0.0360886,-0.390183,0.0673657,-0,0,15.7558,0.0358993,0.370482,-24.6101,-0.793307,1.2033,42.8745,1.15207,0.936464,-9.84454,-0.358759,-2.13976,8.57668,-0.0358993,-0.370482,-1.69138,-0.945563,-1.05571,-0.996981,-0.437075,0.671676,-0.0139107,0.765,-0.1,False,True
2.05,-0,0,-1.387,0.0380064,0.377365,1.89679,-0.060178,-0.0792874,-37.6973,0.91431,1.32756,0.985329,-0.854132,-1.24827,-1.42394,-0.0380064,-0.377365,0.0631229,-0,0,17.7345,0.0377024,0.350794,-24.7417,-0.787277,1.20725,46.1181,1.15657,0.868668,-8.0352,-0.369297,-2.07592,8.73981,-0.0377024,-0.350794,-1.67957,-0.982914,-1.09097,-1.12279,-0.595833,0.67538,-0.0146039,0.765,-0.1,False,True
2.055,-0,0,-1.54108,0.0398623,0.365271,1.9373,-0.0625049,-0.865689,-39.9293,0.923407,2.31752,0.600256,-0.860902,-1.45183,-1.38845,-0.0398623,-0.365271,0.0602054,-0,0,19.1496,0.0394073,0.331188,-24.919,-0.781234,1.20866,48.2386,1.16075,0.804515,-7.02778,-0.379518,-2.01317,8.71823,-0.0394073,-0.331188,-1.68933,-0.961423,-1.06757,-1.24268,-0.74849,0.679123,-0.0152582,0.765,-0.1,False,True
2.06,-0,0,-1.65935,0.0416591,0.353607,1.96094,-0.0688349,-1.66985,-41.1964,0.937485,3.30063,0.20964,-0.86865,-1.63078,-1.27474,-0.0416591,-0.353607,0.0588544,-0,0,20.0172,0.0410142,0.311582,-25.1657,-0.77519,1.20801,49.3193,1.16462,0.74411,-6.76494,-0.389429,-1.95212,8.58628,-0.0410142,-0.311582,-1.71981,-0.88274,-0.987166,-1.34451,-0.882482,0.682913,-0.0158737,0.765,-0.1,False,True
2.065,-0,0,-1.74054,0.0433984,0.342045,1.96676,-0.0792034,-2.47184,-41.608,0.956413,4.24038,-0.177167,-0.87721,-1.76853,-1.09111,-0.0433984,-0.342045,0.0591905,-0,0,20.3827,0.0425231,0.291876,-25.4847,-0.769154,1.20573,49.4836,1.16819,0.687469,-7.1514,-0.399039,-1.8932,8.40209,-0.0425231,-0.291876,-1.76638,-0.752111,-0.855026,-1.41737,-0.986396,0.686752,-0.0164504,0.765,-0.1,False,True
2.07,-0,0,-1.78596,0.0450796,0.330243,1.95408,-0.0935534,-3.25519,-41.3037,0.979889,5.10618,-0.552174,-0.886336,-1.851,-0.849483,-0.0450796,-0.330243,0.0612309,-0,0,20.311,0.043933,0.271967,-25.8628,-0.763133,1.20223,48.8793,1.17149,0.634536,-8.06691,-0.408361,-1.83677,8.21015,-0.043933,-0.271967,-1.82246,-0.57739,-0.679038,-1.45246,-1.0508,0.690645,-0.0169882,0.765,-0.1,False,True
2.075,-0,0,-1.79874,0.0467008,0.317867,1.92269,-0.111755,-4.00728,-40.4315,1.00748,5.87451,-0.909177,-0.89572,-1.86723,-0.563481,-0.0467008,-0.317867,0.0649104,-0,0,19.8748,0.0452427,0.251767,-26.2773,-0.757132,1.19787,47.6579,1.17454,0.585202,-9.38534,-0.417407,-1.78307,8.0396,-0.0452427,-0.251767,-1.88181,-0.367779,-0.468464,-1.44344,-1.06871,0.694591,-0.0174869,0.765,-0.1,False,True
2.08,-0,0,-1.78308,0.0482583,0.304604,1.87301,-0.133626,-4.71929,-39.1281,1.03863,6.52894,-1.24404,-0.905008,-1.80965,-0.246684,-0.0482583,-0.304604,0.070102,-0,0,19.1449,0.0464507,0.231208,-26.7017,-0.751154,1.19299,45.9558,1.17735,0.539319,-10.992,-0.426192,-1.73231,7.90329,-0.0464507,-0.231208,-1.94008,-0.132695,-0.232782,-1.38651,-1.03563,0.698591,-0.0179461,0.765,-0.1,False,True
2.085,-0,0,-1.74339,0.0497468,0.290169,1.80622,-0.158948,-5.38562,-37.5057,1.07276,7.05941,-1.55468,-0.913816,-1.67379,0.0885453,-0.0497468,-0.290169,0.076632,-0,0,18.1821,0.0475548,0.210253,-27.1105,-0.745202,1.18791,43.8817,1.17993,0.496712,-12.7941,-0.43473,-1.68462,7.7993,-0.0475548,-0.210253,-1.99544,0.118992,0.0190895,-1.28009,-0.949315,0.702642,-0.0183655,0.765,-0.1,False,True
2.09,-0,0,-1.68369,0.0511599,0.274319,1.72428,-0.187482,-6.00305,-35.6453,1.10923,7.46098,-1.84086,-0.921746,-1.45793,0.431579,-0.0511599,-0.274319,0.0842885,-0,0,17.0339,0.0485532,0.188891,-27.4804,-0.739275,1.18295,41.5122,1.18231,0.45719,-14.7244,-0.443038,-1.64014,7.71447,-0.0485532,-0.188891,-2.04825,0.37927,0.279138,-1.1243,-0.809355,0.706743,-0.0187448,0.765,-0.1,False,True
2.095,-0,0,-1.60722,0.05249,0.256854,1.63,-0.218979,-6.56988,-33.5971,1.14737,7.73249,-2.1037,-0.928396,-1.16261,0.77348,-0.05249,-0.256854,0.092823,-0,0,15.733,0.0494437,0.167144,-27.7909,-0.733372,1.17844,38.892,1.1845,0.420553,-16.7385,-0.451131,-1.59899,7.62883,-0.0494437,-0.167144,-2.10012,0.640935,0.540215,-0.920452,-0.616696,0.71089,-0.0190836,0.765,-0.1,False,True
2.1,-0,0,-1.51618,0.0537285,0.237629,1.52687,-0.253181,-7.08511,-31.3837,1.18655,7.87537,-2.34519,-0.933372,-0.790256,1.10662,-0.0537285,-0.237629,0.101947,-0,0,14.2996,0.0502246,0.145061,-28.0227,-0.727491,1.17473,36.0402,1.18652,0.386585,-18.809,-0.459028,-1.56131,7.51963,-0.0502246,-0.145061,-2.15288,0.897327,0.795784,-0.670556,-0.373252,0.71508,-0.0193818,0.765,-0.1,False,True
2.105,-0,0,-1.41171,0.0548663,0.216558,1.41893,-0.28983,-7.54771,-29.0065,1.22613,7.89262,-2.56762,-0.936298,-0.344914,1.42413,-0.0548663,-0.216558,0.111329,-0,0,12.7442,0.0508944,0.122723,-28.1563,-0.721625,1.17216,32.9567,1.18837,0.355065,-20.9188,-0.466744,-1.52723,7.36446,-0.0508944,-0.122723,-2.20747,1.14201,1.03959,-0.376944,-0.0816073,0.719308,-0.0196392,0.765,-0.1,False,True
2.11,-0,0,-1.29391,0.0558941,0.193627,1.31053,-0.328658,-7.95609,-26.4521,1.26548,7.78823,-2.77309,-0.936821,0.167862,1.71942,-0.0558941,-0.193627,0.120591,-0,0,11.071,0.0514519,0.100241,-28.1705,-0.715769,1.17112,29.6301,1.19007,0.325754,-23.0546,-0.4743,-1.49687,7.14343,-0.0514519,-0.100241,-2.26317,1.36852,1.2654,-0.0420649,0.255131,0.723571,-0.019856,0.765,-0.1,False,True
2.115,-0,0,-1.162,0.0568026,0.168898,1.20602,-0.369391,-8.30781,-23.6982,1.30401,7.56679,-2.96307,-0.93462,0.741025,1.98583,-0.0568026,-0.168898,0.129312,-0,0,9.28199,0.0518968,0.0777588,-28.0414,-0.709914,1.17198,26.0455,1.19163,0.298395,-25.2011,-0.481713,-1.47037,6.84079,-0.0518968,-0.0777588,-2.31701,1.57028,1.46688,0.331565,0.633357,0.727864,-0.0200323,0.765,-0.1,False,True
2.12,-0,0,-1.01463,0.0575831,0.142522,1.10939,-0.411736,-8.59931,-20.7206,1.34115,7.23334,-3.13783,-0.929411,1.36597,2.21642,-0.0575831,-0.142522,0.137041,-0,0,7.38082,0.0522294,0.0554525,-27.7424,-0.704049,1.1751,22.1919,1.19305,0.272712,-27.3367,-0.489004,-1.44782,6.44638,-0.0522294,-0.0554525,-2.36376,1.74073,1.63768,0.741247,1.04887,0.732182,-0.0201687,0.765,-0.1,False,True
2.125,-0,0,-0.850261,0.0582278,0.114743,1.02389,-0.455384,-8.82593,-17.4982,1.37634,6.79349,-3.29603,-0.92096,2.03245,2.40414,-0.0582278,-0.114743,0.14331,-0,0,5.37619,0.0524513,0.0335312,-27.2458,-0.698163,1.18085,18.0691,1.19435,0.248403,-29.4311,-0.496191,-1.42925,5.95709,-0.0524513,-0.0335312,-2.39635,1.87363,1.77173,1.18385,1.4967,0.73652,-0.020266,0.765,-0.1,False,True
2.13,-0,0,-0.667663,0.0587305,0.0858936,0.951714,-0.499996,-8.98213,-14.0193,1.40908,6.25354,-3.43414,-0.909086,2.72859,2.54211,-0.0587305,-0.0858936,0.147672,-0,0,3.28479,0.0525648,0.0122337,-26.5259,-0.692241,1.1895,13.6937,1.19554,0.225143,-31.4445,-0.503296,-1.41464,5.37826,-0.0525648,-0.0122337,-2.40708,1.96356,1.86368,1.65544,1.9709,0.740872,-0.020325,0.765,-0.1,False,True
2.135,-0,0,-0.466525,0.0590867,0.0563945,0.893749,-0.545205,-9.06178,-10.2865,1.43888,5.6208,-3.54592,-0.893674,3.44098,2.62425,-0.0590867,-0.0563945,0.14973,-0,0,1.13325,0.0525736,-0.00817754,-25.5631,-0.686268,1.20126,9.10384,1.19661,0.202588,-33.3292,-0.510338,-1.40385,4.7248,-0.0525736,0.00817754,-2.38937,2.00652,1.90951,2.15091,2.46436,0.745234,-0.0203473,0.765,-0.1,False,True
2.14,-0,0,-0.248018,0.0592944,0.0267359,0.849509,-0.590613,-9.0587,-6.32141,1.46529,4.90376,-3.62207,-0.874677,4.15493,2.64598,-0.0592944,-0.0267359,0.149184,-0,0,-1.04125,0.052483,-0.0274267,-24.3494,-0.680228,1.21621,4.36194,1.19756,0.180381,-35.0332,-0.517335,-1.39659,4.02117,-0.052483,0.0274267,-2.33994,2.00044,1.90706,2.66363,2.96868,0.749598,-0.0203344,0.765,-0.1,False,True
2.145,-0,0,-0.0152375,0.0593541,-0.00254405,0.817285,-0.635792,-8.96733,-2.16756,1.48792,4.11237,-3.64999,-0.852125,4.85497,2.60498,-0.0593541,0.00254405,0.145871,-0,0,-3.19216,0.0522994,-0.0452392,-22.8935,-0.674106,1.2343,-0.44653,1.19841,0.158166,-36.5069,-0.524304,-1.39247,3.29989,-0.0522994,0.0452392,-2.26066,1.94567,1.85653,3.18522,3.47425,0.753958,-0.0202886,0.765,-0.1,False,True
2.15,-0,0,0.226632,0.059269,-0.0308908,0.794509,-0.680287,-8.7835,2.10862,1.50641,3.25804,-3.61414,-0.826127,5.52546,2.50185,-0.059269,0.0308908,0.139801,-0,0,-5.26655,0.0520306,-0.0613605,-21.2252,-0.667885,1.25531,-5.21734,1.19914,0.135605,-37.7104,-0.531259,-1.39092,2.59811,-0.0520306,0.0613605,-2.15945,1.84512,1.76068,3.70569,3.97048,0.758308,-0.0202121,0.765,-0.1,False,True
2.155,-0,0,0.470527,0.0590452,-0.0577705,0.778285,-0.723627,-8.50507,6.41976,1.5205,2.35366,-3.49683,-0.79687,6.15142,2.34046,-0.0590452,0.0577705,0.131177,-0,0,-7.20969,0.0516858,-0.0755771,-19.3964,-0.661553,1.27887,-9.83575,1.19977,0.112401,-38.6213,-0.538213,-1.39127,1.95216,-0.0516858,0.0755771,-2.04948,1.70416,1.62473,4.21371,4.44622,0.762642,-0.0201078,0.765,-0.1,False,True
2.16,-0,0,0.708129,0.0586913,-0.0827093,0.765966,-0.765338,-8.13268,10.6625,1.52995,1.41335,-3.27969,-0.764613,6.71932,2.12791,-0.0586913,0.0827093,0.120398,-0,0,-8.97055,0.0512748,-0.0877385,-17.4789,-0.655096,1.30448,-14.1874,1.20027,0.0883155,-39.2413,-0.545172,-1.39279,1.39136,-0.0512748,0.0877385,-1.94627,1.53019,1.45599,4.69729,4.89038,0.766952,-0.0199787,0.765,-0.1,False,True
2.165,-0,0,0.930819,0.0582181,-0.105331,0.755661,-0.804954,-7.67004,14.725,1.53463,0.45216,-2.94561,-0.729677,7.21788,1.87398,-0.0582181,0.105331,0.108037,-0,0,-10.5072,0.0508084,-0.0977774,-15.5588,-0.648508,1.33154,-18.1696,1.20065,0.0631831,-39.5987,-0.552141,-1.39473,0.932279,-0.0508084,0.0977774,-1.86358,1.33195,1.2631,5.1446,5.29265,0.771232,-0.019828,0.765,-0.1,False,True
2.17,-0,0,1.13076,0.057638,-0.125388,0.746537,-0.842038,-7.12415,18.4961,1.53447,-0.514425,-2.48096,-0.692434,7.63857,1.59028,-0.057638,0.125388,0.094791,-0,0,-11.7911,0.050297,-0.105724,-13.7276,-0.641781,1.35946,-21.7016,1.2009,0.036922,-39.7467,-0.559119,-1.39638,0.575729,-0.050297,0.105724,-1.80901,1.11875,1.05526,5.5449,5.64413,0.775476,-0.019659,0.765,-0.1,False,True
2.175,-0,0,1.30189,0.0569642,-0.142781,0.738851,-0.876195,-6.50509,21.8746,1.52949,-1.47093,-1.87759,-0.653291,7.97602,1.28907,-0.0569642,0.142781,0.0814145,-0,0,-12.8095,0.0497511,-0.111716,-12.0726,-0.634913,1.38768,-24.7303,1.20102,0.00952887,-39.7566,-0.566105,-1.39721,0.307875,-0.0497511,0.111716,-1.78152,0.899568,0.841283,5.88928,5.93788,0.779679,-0.0194748,0.765,-0.1,False,True
2.18,-0,0,1.44051,0.0562102,-0.157557,0.73373,-0.907089,-5.82555,24.777,1.51976,-2.40238,-1.13443,-0.612674,8.22793,0.982086,-0.0562102,0.157557,0.0686373,-0,0,-13.5655,0.0491799,-0.115989,-10.6685,-0.627904,1.41576,-27.2316,1.201,-0.0189343,-39.7067,-0.573091,-1.39682,0.105804,-0.0491799,0.115989,-1.77185,0.682379,0.628961,6.17128,6.16922,0.783835,-0.0192783,0.765,-0.1,False,True
2.185,-0,0,1.5455,0.0553886,-0.169905,0.73278,-0.934451,-5.10016,27.1427,1.50546,-3.29469,-0.258268,-0.571012,8.39486,0.679534,-0.0553886,0.169905,0.0570864,-0,0,-14.076,0.0485912,-0.118871,-9.57159,-0.620756,1.4434,-29.2073,1.20083,-0.0483629,-39.6707,-0.580073,-1.39504,-0.054121,-0.0485912,0.118871,-1.76614,0.473583,0.424488,6.38709,6.33581,0.787941,-0.019072,0.765,-0.1,False,True
2.19,-0,0,1.61796,0.0545111,-0.180122,0.737653,-0.95809,-4.34472,28.9362,1.48682,-4.13498,0.736381,-0.528725,8.4797,0.389344,-0.0545111,0.180122,0.047225,-0,0,-14.3679,0.0479912,-0.120753,-8.81724,-0.61347,1.47051,-30.6781,1.20051,-0.0786357,-39.7067,-0.587042,-1.39188,-0.188314,-0.0479912,0.120753,-1.75111,0.277731,0.232223,6.53546,6.43746,0.791993,-0.0188578,0.765,-0.1,False,True
2.195,-0,0,1.66061,0.0535874,-0.188578,0.749707,-0.977898,-3.57534,30.1453,1.46411,-4.91171,1.82818,-0.486215,8.48705,0.116825,-0.0535874,0.188578,0.0393233,-0,0,-14.4726,0.0473837,-0.122064,-8.42014,-0.60605,1.49714,-31.6767,1.20004,-0.10964,-39.8511,-0.593992,-1.3875,-0.30178,-0.0473837,0.122064,-1.71851,0.0974584,0.054665,6.61738,6.47575,0.79599,-0.018637,0.765,-0.1,False,True
2.2,-0,0,1.6771,0.0526253,-0.195674,0.769799,-0.993844,-2.8078,30.7784,1.4377,-5.61475,2.99051,-0.443855,8.42255,-0.135367,-0.0526253,0.195674,0.0334657,-0,0,-14.4213,0.0467705,-0.123234,-8.37681,-0.598499,1.52348,-32.2404,1.19942,-0.141294,-40.1178,-0.600917,-1.38218,-0.389246,-0.0467705,0.123234,-1.66706,-0.0663781,-0.107403,6.63551,6.4536,0.799931,-0.0184102,0.765,-0.1,False,True
2.205,-0,0,1.67127,0.0516307,-0.201816,0.798249,-1.00598,-2.05691,30.8585,1.40797,-6.2353,4.19336,-0.401989,8.29221,-0.366982,-0.0516307,0.201816,0.0295868,-0,0,-14.24,0.0461514,-0.124677,-8.66914,-0.590816,1.54983,-32.4063,1.19863,-0.173558,-40.5023,-0.607813,-1.37627,-0.440384,-0.0461514,0.124677,-1.60142,-0.214429,-0.254641,6.5936,6.37471,0.803815,-0.0181772,0.765,-0.1,False,True
2.21,-0,0,1.64675,0.0506072,-0.20738,0.834902,-1.01441,-1.33613,30.4182,1.37535,-6.76573,5.40531,-0.360933,8.10186,-0.579743,-0.0506072,0.20738,0.0275218,-0,0,-13.9462,0.0455238,-0.126764,-9.26823,-0.583,1.57654,-32.2079,1.19768,-0.206441,-40.9867,-0.614679,-1.3701,-0.445859,-0.0455238,0.126764,-1.52962,-0.348501,-0.388822,6.49592,6.24309,0.807644,-0.0179373,0.765,-0.1,False,True
2.215,-0,0,1.60669,0.0495569,-0.212705,0.879228,-1.01934,-0.6574,29.4941,1.34031,-7.19933,6.59536,-0.320971,7.85673,-0.776806,-0.0495569,0.212705,0.0270552,-0,0,-13.5485,0.0448837,-0.12982,-10.1382,-0.57505,1.60402,-31.6724,1.19656,-0.240003,-41.5457,-0.621514,-1.36402,-0.401027,-0.0448837,0.12982,-1.46037,-0.471183,-0.51247,6.34675,6.06265,0.811418,-0.017689,0.765,-0.1,False,True
2.22,-0,0,1.55359,0.0484801,-0.218084,0.930421,-1.02099,-0.031016,28.1237,1.30335,-7.53012,7.73446,-0.282365,7.56114,-0.962192,-0.0484801,0.218084,0.0279576,-0,0,-13.0465,0.0442256,-0.134112,-11.2396,-0.56696,1.63264,-30.8204,1.19528,-0.274349,-42.149,-0.62832,-1.35829,-0.305858,-0.0442256,0.134112,-1.40152,-0.585471,-0.628508,6.15,5.83688,0.815142,-0.0174305,0.765,-0.1,False,True
2.225,-0,0,1.48941,0.047376,-0.223764,0.987459,-1.01965,0.534257,26.3426,1.26501,-7.75259,8.79666,-0.245359,7.21834,-1.14022,-0.047376,0.223764,0.0300083,-0,0,-12.4336,0.0435426,-0.139856,-12.5315,-0.558724,1.66277,-29.6651,1.19382,-0.309625,-42.7632,-0.635097,-1.35315,-0.161811,-0.0435426,0.139856,-1.35977,-0.694436,-0.739921,5.90898,5.56864,0.818818,-0.0171596,0.765,-0.1,False,True
2.23,-0,0,1.41565,0.0462425,-0.229951,1.04914,-1.01564,1.03109,24.1847,1.22583,-7.86161,9.75978,-0.210182,6.83052,-1.31496,-0.0462425,0.229951,0.0330046,-0,0,-11.7002,0.042827,-0.147217,-13.9737,-0.550333,1.69472,-28.2139,1.19218,-0.346003,-43.3514,-0.641851,-1.34871,0.0323704,-0.042827,0.147217,-1.34098,-0.800904,-0.849449,5.62627,5.2601,0.822449,-0.0168735,0.765,-0.1,False,True
2.235,-0,0,1.33358,0.0450765,-0.236813,1.11409,-1.00934,1.45346,21.6836,1.18639,-7.85237,10.6058,-0.177054,6.39892,-1.48977,-0.0450765,0.236813,0.0367641,-0,0,-10.837,0.0420704,-0.156308,-15.5266,-0.541777,1.72873,-26.4711,1.19036,-0.383676,-43.8734,-0.648585,-1.34505,0.283901,-0.0420704,0.156308,-1.35056,-0.907169,-0.959294,5.30377,4.91277,0.826042,-0.0165694,0.765,-0.1,False,True
2.24,-0,0,1.24444,0.0438743,-0.244484,1.18078,-1.00111,1.79658,18.8756,1.1473,-7.72062,11.3205,-0.146193,5.92404,-1.66675,-0.0438743,0.244484,0.0411218,-0,0,-9.83842,0.0412639,-0.167197,-17.151,-0.533045,1.76496,-24.4428,1.18835,-0.422845,-44.2872,-0.655302,-1.34212,0.606723,-0.0412639,0.167197,-1.39339,-1.0147,-1.07083,4.94281,4.52764,0.829601,-0.0162443,0.765,-0.1,False,True
2.245,-0,0,1.14967,0.0426317,-0.253067,1.24749,-0.991371,2.05692,15.8049,1.10918,-7.46298,11.8937,-0.117814,5.40605,-1.84629,-0.0426317,0.253067,0.0459267,-0,0,-8.70569,0.0403985,-0.179906,-18.8069,-0.524127,1.8035,-22.1425,1.18613,-0.463706,-44.5519,-0.662006,-1.33979,1.01907,-0.0403985,0.179906,-1.47303,-1.12386,-1.18433,4.54441,4.10544,0.833132,-0.015895,0.765,-0.1,False,True
2.25,-0,0,1.05112,0.0413437,-0.262634,1.31238,-0.98054,2.23242,12.5287,1.07267,-7.07766,12.3178,-0.0921323,4.84524,-2.02657,-0.0413437,0.262634,0.0510375,-0,0,-7.44963,0.0394649,-0.194411,-20.4519,-0.51501,1.84431,-19.5985,1.18371,-0.50644,-44.6327,-0.668699,-1.33787,1.53795,-0.0394649,0.194411,-1.59049,-1.2336,-1.29865,4.10965,3.64698,0.836642,-0.0155184,0.765,-0.1,False,True
2.255,-0,0,0.951196,0.0400053,-0.273232,1.37348,-0.969047,2.32274,9.12255,1.03841,-6.56536,12.5876,-0.0693614,4.24262,-2.20318,-0.0400053,0.273232,0.0563202,-0,0,-6.09243,0.0384543,-0.210643,-22.04,-0.505684,1.88731,-16.8615,1.18107,-0.551207,-44.5067,-0.675384,-1.3361,2.17139,-0.0384543,0.210643,-1.74274,-1.34121,-1.41099,3.64012,3.1536,0.840138,-0.0151115,0.765,-0.1,False,True
2.26,-0,0,0.852828,0.0386114,-0.284882,1.4287,-0.957313,2.3298,5.68423,1.00702,-5.93044,12.6992,-0.0497061,3.60064,-2.36882,-0.0386114,0.284882,0.0616464,-0,0,-4.66847,0.0373585,-0.228487,-23.5208,-0.496137,1.93232,-14.01,1.1782,-0.598145,-44.1697,-0.682061,-1.33418,2.91014,-0.0373585,0.228487,-1.92143,-1.44216,-1.51673,3.13844,2.62773,0.843628,-0.0146712,0.765,-0.1,False,True
2.265,-0,0,0.759304,0.0371565,-0.297581,1.47594,-0.945749,2.25827,2.33339,0.979104,-5.18215,12.6491,-0.033355,2.92388,-2.51343,-0.0371565,0.297581,0.0668945,-0,0,-3.22337,0.0361695,-0.247787,-24.8402,-0.486361,1.97915,-11.1523,1.17509,-0.647368,-43.6405,-0.688726,-1.33178,3.72132,-0.0361695,0.247787,-2.11237,-1.53016,-1.60953,2.60885,2.07336,0.847118,-0.014195,0.765,-0.1,False,True
2.27,-0,0,0.673894,0.0356356,-0.3113,1.51311,-0.93473,2.11611,-0.793862,0.955198,-4.33587,12.4338,-0.0204673,2.21976,-2.62474,-0.0356356,0.3113,0.0719517,-0,0,-1.81081,0.0348806,-0.268346,-25.9422,-0.476346,2.02759,-8.42064,1.17172,-0.698982,-42.9613,-0.695378,-1.32861,4.54705,-0.0348806,0.268346,-2.29616,-1.59751,-1.6816,2.05767,1.49664,0.850617,-0.0136803,0.765,-0.1,False,True
2.275,-0,0,0.599321,0.0340435,-0.325993,1.53823,-0.924587,1.91484,-3.55729,0.935745,-3.41375,12.0487,-0.0111574,1.49891,-2.6894,-0.0340435,0.325993,0.0767171,-0,0,-0.487009,0.033486,-0.289933,-26.7736,-0.466085,2.0775,-5.95882,1.1681,-0.753094,-42.1921,-0.702012,-1.32441,5.31047,-0.033486,0.289933,-2.45039,-1.63583,-1.7245,1.49373,0.906161,0.854131,-0.0131253,0.765,-0.1,False,True
2.28,-0,0,0.537182,0.0323756,-0.341593,1.54953,-0.915582,1.66945,-5.83041,0.92106,-2.44475,11.4888,-0.00547819,0.775305,-2.69461,-0.0323756,0.341593,0.081104,-0,0,0.696689,0.0319813,-0.312286,-27.289,-0.455571,2.12878,-3.90072,1.16419,-0.809823,-41.398,-0.708622,-1.31896,5.92943,-0.0319813,0.312286,-2.55307,-1.63709,-1.73011,0.928349,0.313073,0.857667,-0.0125282,0.765,-0.1,False,True
2.285,-0,0,0.487509,0.0306276,-0.358018,1.54558,-0.907893,1.39776,-7.52054,0.911297,-1.46366,10.748,-0.00340435,0.0658972,-2.62991,-0.0306276,0.358018,0.0850382,-0,0,1.70167,0.0303632,-0.335127,-27.4559,-0.444797,2.18143,-2.34636,1.16,-0.869312,-40.6332,-0.715202,-1.31212,6.33523,-0.0303632,0.335127,-2.58654,-1.59476,-1.69181,0.375136,-0.269176,0.86123,-0.0118878,0.765,-0.1,False,True
2.29,-0,0,0.448612,0.0287954,-0.375173,1.52538,-0.901604,1.11936,-8.5853,0.906424,-0.509132,9.81946,-0.00481922,-0.610225,-2.48865,-0.0287954,0.375173,0.088451,-0,0,2.5081,0.02863,-0.358167,-27.259,-0.433756,2.23547,-1.34108,1.1555,-0.931721,-39.9249,-0.721744,-1.30375,6.49111,-0.02863,0.358167,-2.54082,-1.50473,-1.60535,-0.150672,-0.82543,0.864826,-0.0112036,0.765,-0.1,False,True
2.295,-0,0,0.417347,0.0268758,-0.392949,1.48848,-0.896699,0.854058,-9.03994,0.906206,0.378868,8.69563,-0.0095066,-1.23293,-2.26863,-0.0268758,0.392949,0.0912636,-0,0,3.1172,0.0267815,-0.381118,-26.701,-0.422442,2.29094,-0.864983,1.15068,-0.997212,-39.262,-0.728239,-1.29373,6.40518,-0.0267815,0.381118,-2.41555,-1.36573,-1.46931,-0.633047,-1.33964,0.868458,-0.0104754,0.765,-0.1,False,True
2.3,-0,0,0.389725,0.024866,-0.411218,1.43509,-0.893064,0.620446,-8.95243,0.910212,1.16172,7.36787,-0.0171485,-1.78216,-1.97167,-0.024866,0.411218,0.0933626,-0,0,3.54823,0.0248188,-0.403702,-25.8008,-0.410847,2.34782,-0.836218,1.14553,-1.06592,-38.5921,-0.734681,-1.28191,6.13499,-0.0248188,0.403702,-2.22021,-1.17904,-1.28476,-1.05606,-1.79574,0.872129,-0.0097036,0.765,-0.1,False,True
2.305,-0,0,0.361726,0.0227637,-0.429825,1.36608,-0.890495,0.43464,-8.42723,0.917823,1.80424,5.82617,-0.0273282,-2.23888,-1.6022,-0.0227637,0.429825,0.094565,-0,0,3.8306,0.0227445,-0.425651,-24.5886,-0.398964,2.40597,-1.12673,1.14002,-1.1379,-37.8251,-0.741058,-1.26807,5.78627,-0.0227445,0.425651,-1.97366,-0.94763,-1.05438,-1.40459,-2.17829,0.875842,-0.00888905,0.765,-0.1,False,True
2.31,-0,0,0.330057,0.0205677,-0.448568,1.28293,-0.888717,0.30961,-7.58179,0.928255,2.27583,4.05874,-0.0395373,-2.58544,-1.16527,-0.0205677,0.448568,0.094566,-0,0,3.99179,0.0205623,-0.446713,-23.1004,-0.386787,2.46506,-1.58418,1.13415,-1.21312,-36.8362,-0.747362,-1.25194,5.51367,-0.0205623,0.446713,-1.70585,-0.674842,-0.781171,-1.66469,-2.4729,0.879596,-0.00803316,0.765,-0.1,False,True
2.315,-0,0,0.292656,0.018278,-0.46717,1.18892,-0.887399,0.255149,-6.56707,0.940581,2.55037,2.15546,-0.0531826,-2.80552,-0.689312,-0.018278,0.46717,0.0926899,-0,0,4.03441,0.0182773,-0.46663,-21.4793,-0.374313,2.52451,-2.02916,1.12789,-1.29136,-35.4851,-0.753578,-1.23315,5.61837,-0.0182773,0.46663,-1.57547,-0.378795,-0.482518,-1.82356,-2.66606,0.883393,-0.00713785,0.765,-0.1,False,True
2.32,-0,0,-0.061492,0.015896,-0.485165,0.221533,-0.886166,0.271434,-2.33707,0.953758,2.62528,1.1288,-0.0675924,-2.89671,-0.14911,-0.015896,0.485165,0.0939459,-0,0,3.83026,0.015896,-0.485102,-17.0041,-0.361542,2.58349,-5.56926,1.12124,-1.37221,-35.4184,-0.759693,-1.21128,3.00259,-0.015896,0.485102,0.212739,-0.0408832,-0.145413,-1.87974,-2.75533,0.887232,-0.00620555,0.765,-0.1,True,True
2.325,-0,0,-0.292042,0.0134263,-0.501737,-0.414767,-0.884684,0.328085,0.70957,0.966834,2.58396,0.697167,-0.0821497,-2.91205,0.136456,-0.0134263,0.501737,0.101005,-0,0,3.40529,0.0134263,-0.501737,-14.2186,-0.348478,2.64114,-7.88132,1.11417,-1.45516,-34.5429,-0.765691,-1.18598,2.63976,-0.0134263,0.501737,0.300143,0.141373,0.0292578,-1.87648,-2.78234,0.891109,-0.00523939,0.784737,-0.0868421,True,True
2.33,-0,0,-0.51779,0.0108786,-0.516185,-1.0428,-0.882885,0.391705,4.19003,0.979598,2.51961,0.629825,-0.0967129,-2.91132,0.296148,-0.0108786,0.516185,0.119297,-0,0,2.8157,0.0108786,-0.516185,-11.2267,-0.335131,2.69669,-10.5693,1.10668,-1.53967,-33.6629,-0.771553,-1.15703,2.17809,-0.0108786,0.516185,0.356804,0.251373,0.118985,-1.86225,-2.79434,0.895021,-0.00424347,0.804474,-0.0736842,True,True
2.335,-0,0,-0.655369,0.00826446,-0.528276,-1.39073,-0.880767,0.45511,7.44732,0.99203,2.4515,0.261789,-0.111263,-2.9066,0.407631,-0.00826446,0.528276,0.169672,-0,0,2.19095,0.00826446,-0.528276,-8.32795,-0.321512,2.74951,-12.9489,1.09877,-1.62518,-32.4429,-0.777261,-1.12433,1.75733,-0.00826446,0.528276,0.463286,0.349215,0.160744,-1.84694,-2.80079,0.898962,-0.00322233,0.824211,-0.0605263,True,True
2.34,-0,0,-0.683145,0.00559587,-0.537949,-1.36354,-0.878334,0.517915,10.2156,1.00411,2.37977,-0.558093,-0.125779,-2.89769,0.487425,-0.00559587,0.537949,0.266651,-0,0,1.59433,0.00559587,-0.537949,-5.69767,-0.307636,2.79915,-14.7833,1.09043,-1.71119,-30.8476,-0.782796,-1.08797,1.39955,-0.00559587,0.537949,0.595934,0.453315,0.156772,-1.83045,-2.80146,0.902927,-0.00218073,0.843947,-0.0473684,True,True
2.345,-0,0,-0.598778,0.00288497,-0.545193,-0.933363,-0.875588,0.579744,12.3995,1.01583,2.30478,-1.83952,-0.14024,-2.88453,0.534797,-0.00288497,0.545193,0.41635,-0,0,1.05348,0.00288497,-0.545193,-3.41859,-0.29352,2.84532,-16.0032,1.08166,-1.79724,-28.9047,-0.788141,-1.04807,1.09788,-0.00288497,0.545193,0.722688,0.566636,0.103162,-1.81275,-2.79632,0.906908,-0.00112342,0.863684,-0.0342105,True,True
2.35,-0,0,-0.404269,0.00014394,-0.550009,-0.0913035,-0.872536,0.640229,13.9627,1.02716,2.22691,-3.5799,-0.154624,-2.86714,0.550366,-0.00014394,0.550009,0.621702,-0,0,0.581709,0.00014394,-0.550009,-1.52454,-0.279183,2.88778,-16.5853,1.07246,-1.88291,-26.6357,-0.793277,-1.00487,0.844975,-0.00014394,0.550009,0.824521,0.69121,-0.00140423,-1.79388,-2.7854,0.910899,-5.51594e-05,0.883421,-0.0210526,True,True
2.355,-0,0,-0.102365,-0.00261512,-0.552404,1.16542,-0.869186,0.699009,14.8927,1.0381,2.14659,-5.77445,-0.168911,-2.8456,0.534205,0.00261512,0.552404,0.883331,-0,0,0.185697,-0.00261512,-0.552404,-0.0288891,-0.264642,2.92633,-16.5231,1.06283,-1.96774,-24.0559,-0.798189,-0.958591,0.634261,0.00261512,0.552404,0.889193,0.827438,-0.157323,-1.77387,-2.76878,0.914894,0.00101931,0.903158,-0.00789474,True,True
2.36,-0,0,0.304268,-0.0053801,-0.552374,2.8364,-0.865546,0.755735,15.1839,1.04863,2.06424,-8.41761,-0.18308,-2.81997,0.484207,0.0053801,0.552374,1.19808,-0,0,-0.130626,-0.0053801,-0.552374,1.06142,-0.249919,2.96079,-15.8159,1.05278,-2.05129,-21.1793,-0.802863,-0.909502,0.460078,0.0053801,0.552374,0.907422,0.972231,-0.364267,-1.7528,-2.74652,0.918887,0.00209528,0.922895,0.00526316,True,True
2.365,-0,0,0.811458,-0.00813886,-0.549912,4.91263,-0.861629,0.810066,14.8343,1.05874,1.98027,-11.4973,-0.197111,-2.79034,0.393967,0.00813886,0.549912,1.55457,-0,0,-0.364566,-0.00813886,-0.549912,1.74129,-0.235034,2.99098,-14.4699,1.04232,-2.1331,-18.0268,-0.807284,-0.857884,0.31765,0.00813886,0.549912,0.87147,1.1152,-0.620033,-1.73073,-2.7187,0.922871,0.00316805,0.942632,0.0184211,True,True
2.37,-0,0,1.40888,-0.0108792,-0.545002,7.36176,-0.857446,0.861687,13.8538,1.06843,1.89514,-14.9812,-0.210984,-2.75683,0.249552,0.0108792,0.545002,1.92465,-0,0,-0.514742,-0.0108792,-0.545002,2.01098,-0.220009,3.01677,-12.5123,1.03145,-2.21272,-14.6419,-0.811442,-0.804049,0.20327,0.0108792,0.545002,0.776168,1.23178,-0.91776,-1.70779,-2.68545,0.926838,0.00423287,0.962368,0.0315789,True,True
2.375,-0,0,2.07095,-0.0135889,-0.53763,10.1004,-0.853012,0.910327,12.2866,1.07769,1.80935,-18.7913,-0.224679,-2.71968,0.0246202,0.0135889,0.53763,2.24896,-0,0,-0.582396,-0.0135889,-0.53763,1.88839,-0.204867,3.03814,-10.0203,1.02019,-2.28979,-11.1148,-0.815325,-0.748344,0.114784,0.0135889,0.53763,0.622688,1.27206,-1.24087,-1.68416,-2.64694,0.930784,0.00528502,0.982105,0.0447368,True,True
2.38,-0,0,2.7417,-0.0162555,-0.527796,12.9478,-0.848342,0.955808,10.2517,1.08652,1.72347,-22.7616,-0.23818,-2.67928,-0.326288,0.0162555,0.527796,2.41473,-0,0,-0.574301,-0.0162555,-0.527796,1.43259,-0.189628,3.05526,-7.17289,1.00855,-2.3641,-7.62163,-0.818925,-0.691163,0.0518886,0.0162555,0.527796,0.42492,1.14397,-1.55476,-1.66015,-2.60354,0.934702,0.00631974,1.00184,0.0578947,True,True
2.385,-0,0,3.31534,-0.0188668,-0.515536,15.5567,-0.843454,0.998123,8.00613,1.09493,1.63825,-26.5726,-0.251472,-2.63637,-0.87434,0.0188668,0.515536,2.22792,-0,0,-0.509155,-0.0188668,-0.515536,0.779132,-0.174314,3.06876,-4.32949,0.99655,-2.4358,-4.48488,-0.822236,-0.632958,0.0141421,0.0188668,0.515536,0.215443,0.693282,-1.79511,-1.63632,-2.55589,0.938586,0.0073323,1.02158,0.0710526,True,True
2.39,-0,0,3.57755,-0.0214109,-0.500959,17.5062,-0.838361,1.03757,6.14491,1.10291,1.55466,-29.6683,-0.264544,-2.59223,-1.62836,0.0214109,0.500959,1.53206,-0,0,-0.424191,-0.0214109,-0.500959,0.143646,-0.15894,3.07996,-2.17228,0.984195,-2.50571,-2.10975,-0.825255,-0.574249,-0.00667264,0.0214109,0.500959,0.0448861,-0.17437,-1.87905,-1.61355,-2.50511,0.942432,0.00831809,1.04132,0.0842105,True,True
2.395,-0,0,2.89175,-0.0238764,-0.484324,19.4185,-0.833078,1.0746,6.33909,1.11047,1.47359,-31.2735,-0.277394,-2.54819,-1.98289,0.0238764,0.484324,1.08366,-0,0,-0.296011,-0.0238764,-0.484371,-0.454607,-0.143514,3.08334,-1.97028,0.971493,-2.56519,-0.117462,-0.827979,-0.518153,-0.0427939,0.0238764,0.484371,-0.0371785,-0.652025,-1.85081,-1.59268,-2.45252,0.946239,0.00927284,1.06105,0.0973684,True,True
2.4,-0,0,0.492659,-0.0262541,-0.466117,22.7934,-0.827615,1.10785,9.80624,1.11764,1.39331,-31.4012,-0.290026,-2.50116,-1.59808,0.0262541,0.466117,2.21341,-0,0,0.11372,-0.0262546,-0.466669,-1.38432,-0.128107,3.01798,-4.4043,0.958543,-2.53161,2.51911,-0.830436,-0.48637,-0.173707,0.0262546,0.466669,-0.089577,0.224531,-2.24589,-1.5708,-2.39612,0.950009,0.0101929,1.065,0.1,True,False
2.405,-0,0,-2.98049,-0.0285376,-0.446917,23.5298,-0.822,1.13527,18.2805,1.12441,1.31181,-25.5296,-0.302406,-2.44708,2.52891,0.0285376,0.446917,1.93357,-0,0,0.308776,-0.0285431,-0.448999,-1.49898,-0.113335,2.81203,-11.5718,0.946177,-2.30696,2.42076,-0.832843,-0.50507,-0.477751,0.0285431,0.448999,-0.0877077,2.69757,0.496629,-1.54418,-2.33328,0.953748,0.011076,1.065,0.1,True,False
2.41,-0,0,-6.605,-0.0307233,-0.427187,24.1038,-0.816262,1.1569,26.2614,1.13076,1.23015,-20.2126,-0.314497,-2.38705,5.44002,0.0307233,0.427187,1.84704,-0,0,0.534864,-0.0307446,-0.432032,-1.60839,-0.0999866,2.45794,-18.5977,0.935474,-1.87879,2.2362,-0.835487,-0.579154,-0.772831,0.0307446,0.432032,-0.0833867,4.5127,2.36944,-1.51329,-2.2653,0.957467,0.0119205,1.065,0.1,True,False
2.415,-0,0,-9.98323,-0.0328095,-0.407238,24.4615,-0.810431,1.17358,32.9911,1.13671,1.14998,-15.9149,-0.326276,-2.32356,7.09931,0.0328095,0.407238,1.7922,-0,0,0.767878,-0.0328634,-0.416065,-1.70575,-0.0887552,1.97542,-24.7728,0.927389,-1.27323,1.98361,-0.838634,-0.702196,-1.02187,0.0328634,0.416065,-0.0780338,5.55189,3.44034,-1.47986,-2.19449,0.961179,0.0127259,1.065,0.1,True,False
2.42,-0,0,-12.978,-0.0347957,-0.387268,24.6749,-0.804527,1.186,38.5381,1.14226,1.07236,-12.484,-0.337732,-2.25835,8.01294,0.0347957,0.387268,1.75038,-0,0,0.995748,-0.0349052,-0.401214,-1.79,-0.0802324,1.38504,-30.0281,0.922741,-0.520569,1.67899,-0.842509,-0.864472,-1.21276,0.0349052,0.401214,-0.0724705,6.12455,4.03683,-1.44507,-2.12241,0.964897,0.0134917,1.065,0.1,True,False
2.425,-0,0,-15.4944,-0.0366822,-0.367382,24.8165,-0.798571,1.19473,42.9248,1.14743,0.997901,-9.86868,-0.34886,-2.19264,8.4749,0.0366822,0.367382,1.72061,-0,0,1.20772,-0.0368756,-0.38745,-1.8601,-0.0749048,0.708553,-34.3019,0.922184,0.344467,1.33601,-0.847279,-1.05302,-1.33467,0.0368756,0.38745,-0.0673432,6.41614,4.34352,-1.40979,-2.05013,0.968633,0.0142182,1.065,0.1,True,False
2.43,-0,0,-17.4757,-0.0384695,-0.347606,24.9494,-0.792579,1.20033,46.1665,1.15224,0.927007,-8.05746,-0.359659,-2.12734,8.65162,0.0384695,0.347606,1.70733,-0,0,1.39476,-0.0387797,-0.374631,-1.91502,-0.0731468,-0.0312751,-37.5592,0.926186,1.2835,0.966729,-0.853039,-1.25222,-1.38008,0.0387797,0.374631,-0.0631536,6.5346,4.46213,-1.37475,-1.97842,0.972397,0.0149054,1.065,0.1,True,False
2.435,-0,0,-18.9024,-0.0401582,-0.327908,25.1194,-0.786567,1.20328,48.3034,1.1567,0.859901,-7.03008,-0.370133,-2.06318,8.64535,0.0401582,0.327908,1.71405,-0,0,1.55007,-0.0406219,-0.362526,-1.95378,-0.0752175,-0.811518,-39.8084,0.935019,2.25641,0.5821,-0.859801,-1.44489,-1.34631,0.0406219,0.362526,-0.0602693,6.54672,4.45465,-1.34054,-1.90783,0.976198,0.0155535,1.065,0.1,True,False
2.44,-0,0,-19.789,-0.0417486,-0.308214,25.3516,-0.780547,1.20405,49.4153,1.16084,0.79669,-6.7334,-0.380291,-2.00074,8.52813,0.0417486,0.308214,1.74052,-0,0,1.66957,-0.042405,-0.350847,-1.97542,-0.081262,-1.61031,-41.1085,0.94875,3.22394,0.192188,-0.867488,-1.61363,-1.23614,0.042405,0.350847,-0.0589312,6.49825,4.36633,-1.30768,-1.83873,0.980044,0.0161627,1.065,0.1,True,False
2.445,-0,0,-20.1782,-0.0432404,-0.288431,25.6509,-0.774527,1.20309,49.6198,1.16467,0.737389,-7.07821,-0.390141,-1.94047,8.35607,0.0432404,0.288431,1.7828,-0,0,1.752,-0.0441304,-0.339269,-1.97912,-0.0913206,-2.40809,-41.5633,0.967258,4.15036,-0.193937,-0.875937,-1.74228,-1.0573,0.0441304,0.339269,-0.0592629,6.42286,4.23454,-1.2766,-1.77141,0.983938,0.016733,1.065,0.1,True,False
2.45,-0,0,-20.1317,-0.0446329,-0.268459,26.0064,-0.768516,1.20078,49.0581,1.16821,0.681941,-7.95062,-0.399695,-1.88272,8.17224,0.0446329,0.268459,1.83489,-0,0,1.79858,-0.0457977,-0.327455,-1.96432,-0.105343,-3.18856,-41.3058,0.990254,5.00551,-0.568545,-0.884911,-1.81695,-0.821085,0.0457977,0.327455,-0.0612873,6.34492,4.08972,-1.24765,-1.70605,0.987883,0.0172643,1.065,0.1,True,False
2.455,-0,0,-19.7197,-0.045925,-0.248214,26.3974,-0.762519,1.19752,47.8757,1.17149,0.630233,-9.22991,-0.408968,-1.82775,8.00534,0.045925,0.248214,1.8909,-0,0,1.81237,-0.0474049,-0.31507,-1.93092,-0.123206,-3.93913,-40.4778,1.01731,5.76593,-0.925625,-0.894107,-1.8268,-0.540547,0.0474049,0.31507,-0.0649451,6.27972,3.95323,-1.2211,-1.64276,0.991881,0.0177563,1.065,0.1,True,False
2.46,-0,0,-19.0105,-0.047115,-0.227629,26.7991,-0.756541,1.19363,46.2049,1.17451,0.582115,-10.8049,-0.417973,-1.77574,7.86857,0.047115,0.227629,1.94662,-0,0,1.79745,-0.0489484,-0.301802,-1.87941,-0.144734,-4.65086,-39.2117,1.04791,6.41502,-1.26114,-0.903179,-1.76417,-0.228846,0.0489484,0.301802,-0.0701143,6.23355,3.83583,-1.19716,-1.58163,0.99593,0.0182089,1.065,0.1,True,False
2.465,-0,0,-18.0639,-0.0482012,-0.206666,27.1866,-0.750583,1.18945,44.1521,1.17731,0.537409,-12.5846,-0.426725,-1.72686,7.76088,0.0482012,0.206666,2.00012,-0,0,1.75815,-0.0504229,-0.287368,-1.81102,-0.169715,-5.3179,-37.6168,1.08146,6.94237,-1.57302,-0.911749,-1.62447,0.101894,0.0504229,0.287368,-0.0766242,6.20473,3.73799,-1.17598,-1.52273,1.00003,0.0186216,1.065,0.1,True,False
2.47,-0,0,-16.9265,-0.0491817,-0.185315,27.5369,-0.744646,1.18531,41.7929,1.17989,0.495921,-14.5015,-0.435241,-1.68123,7.67017,0.0491817,0.185315,2.05156,-0,0,1.69846,-0.0518221,-0.271521,-1.72778,-0.197913,-5.93677,-35.7734,1.11734,7.34258,-1.86095,-0.919423,-1.40581,0.441114,0.0518221,0.271521,-0.0842637,6.18553,3.65205,-1.15764,-1.46616,1.00418,0.0189943,1.065,0.1,True,False
2.475,-0,0,-15.6317,-0.0500544,-0.163594,27.8294,-0.73873,1.18154,39.173,1.18227,0.457445,-16.5103,-0.443538,-1.63899,7.57745,0.0500544,0.163594,2.10229,-0,0,1.62156,-0.0531381,-0.254063,-1.63249,-0.229082,-6.50549,-33.7318,1.15489,7.61406,-2.12594,-0.925807,-1.10856,0.779826,0.0531381,0.254063,-0.0927829,6.16434,3.56529,-1.14224,-1.41202,1.00837,0.0193266,1.065,0.1,True,False
2.48,-0,0,-14.2002,-0.0508176,-0.141554,28.0444,-0.732831,1.1785,36.3125,1.18446,0.421763,-18.5819,-0.451631,-1.60026,7.46068,0.0508176,0.141554,2.15387,-0,0,1.52965,-0.0543627,-0.234848,-1.52865,-0.262968,-7.02279,-31.5159,1.19348,7.75779,-2.36983,-0.930509,-0.735003,1.11027,0.0543627,0.234848,-0.101891,6.12755,3.46291,-1.12982,-1.36044,1.01261,0.0196183,1.065,0.1,True,False
2.485,-0,0,-12.6434,-0.0514699,-0.119274,28.1617,-0.726945,1.17653,33.2131,1.18648,0.388648,-20.6976,-0.45954,-1.56518,7.29795,0.0514699,0.119274,2.20706,-0,0,1.42388,-0.0554866,-0.21379,-1.42027,-0.29931,-7.4874,-29.1285,1.23247,7.77648,-2.59476,-0.933157,-0.289077,1.42541,0.0554866,0.21379,-0.111253,6.06108,3.33065,-1.12041,-1.31159,1.01688,0.0198694,1.065,0.1,True,False
2.49,-0,0,-10.9666,-0.0520104,-0.0968642,28.1596,-0.721065,1.17603,29.8653,1.18835,0.357857,-22.8422,-0.467283,-1.53389,7.06969,0.0520104,0.0968642,2.26094,-0,0,1.30434,-0.0565006,-0.190876,-1.31166,-0.337842,-7.89756,-26.5579,1.27124,7.67383,-2.8027,-0.9334,0.223726,1.71851,0.0565006,0.190876,-0.120488,5.95138,3.15661,-1.11402,-1.26565,1.02118,0.0200799,1.065,0.1,True,False
2.495,-0,0,-9.17284,-0.0524386,-0.0744693,28.0137,-0.715184,1.17737,26.2559,1.19006,0.32913,-24.9987,-0.474879,-1.5065,6.76047,0.0524386,0.0744693,2.31247,-0,0,1.1703,-0.0573954,-0.16617,-1.20712,-0.378286,-8.25064,-23.7834,1.30921,7.45426,-2.99495,-0.930919,0.796381,1.98276,0.0573954,0.16617,-0.129172,5.78628,2.9327,-1.11059,-1.22284,1.02552,0.0202503,1.065,0.1,True,False
2.5,-0,0,-7.26699,-0.0527551,-0.0522659,27.6972,-0.709292,1.18092,22.3758,1.19164,0.302185,-27.1443,-0.482348,-1.48311,6.36047,0.0527551,0.0522659,2.35638,-0,0,1.02045,-0.0581623,-0.139827,-1.11057,-0.420348,-8.54297,-20.7823,1.34578,7.1227,-3.17165,-0.925436,1.42027,2.21112,0.0581623,0.139827,-0.136851,5.55602,2.65565,-1.11005,-1.18337,1.02988,0.0203808,1.065,0.1,True,False
2.505,-0,0,-5.2588,-0.0529612,-0.0304635,27.1824,-0.703375,1.18703,18.2267,1.19309,0.276714,-29.2474,-0.48971,-1.46375,5.86701,0.0529612,0.0304635,2.38569,-0,0,0.853299,-0.0587936,-0.11209,-1.02519,-0.463716,-8.76985,-17.5351,1.38043,6.68472,-3.33131,-0.916717,2.08513,2.39649,0.0587936,0.11209,-0.14306,5.25452,2.32765,-1.11224,-1.14745,1.03425,0.0204724,1.065,0.1,True,False
2.51,-0,0,-3.16593,-0.0530597,-0.00930136,26.4439,-0.697421,1.196,13.8268,1.19441,0.252388,-31.2674,-0.496985,-1.44839,5.28594,0.0530597,0.00930136,2.39291,-0,0,0.667741,-0.0592832,-0.0832974,-0.953092,-0.508047,-8.92567,-14.0315,1.41263,6.14662,-3.47023,-0.904585,2.77906,2.532,0.0592832,0.0832974,-0.14735,4.88108,1.95663,-1.11692,-1.11522,1.03864,0.020526,1.065,0.1,True,False
2.515,-0,0,-1.01586,-0.0530542,0.0109581,25.463,-0.691415,1.20802,9.21617,1.19561,0.228853,-33.1561,-0.504194,-1.43687,4.63262,0.0530542,-0.0109581,2.3718,-0,0,0.463592,-0.0596266,-0.0538695,-0.895084,-0.552972,-9.00433,-10.2757,1.4419,5.51573,-3.582,-0.888926,3.4886,2.61163,0.0596266,0.0538695,-0.149329,4.44202,1.55578,-1.12373,-1.08681,1.04304,0.0205431,1.065,0.1,True,False
2.52,-0,0,1.15364,-0.0529501,0.03004,24.2325,-0.685341,1.22317,4.45848,1.1967,0.205745,-34.8618,-0.511354,-1.42892,3.93181,0.0529501,-0.03004,2.3195,-0,0,0.242185,-0.0598219,-0.0242981,-0.850632,-0.59809,-8.9997,-6.29063,1.46779,4.80062,-3.65713,-0.869699,4.19908,2.63091,0.0598219,0.0242981,-0.148704,3.95192,1.14236,-1.13223,-1.06222,1.04744,0.0205254,1.065,0.1,True,False
2.525,-0,0,3.29577,-0.0527538,0.0476717,22.7628,-0.679183,1.24141,-0.359776,1.19767,0.1827,-36.3355,-0.518483,-1.42411,3.21604,0.0527538,-0.0476717,2.23832,-0,0,0.00678141,-0.0598696,0.00487927,-0.818006,-0.642969,-8.90634,-2.12128,1.4899,4.01129,-3.68289,-0.846935,4.89506,2.58768,0.0598696,-0.00487927,-0.145318,3.43363,0.73559,-1.14185,-1.04135,1.05184,0.0204749,1.065,0.1,True,False
2.53,-0,0,5.35773,-0.0524734,0.0636016,21.0846,-0.672927,1.26251,-5.13397,1.19852,0.159369,-37.5382,-0.525595,-1.42188,2.522,0.0524734,-0.0636016,2.13653,-0,0,-0.237279,-0.0597731,0.0331101,-0.794657,-0.687154,-8.7202,2.1649,1.5079,3.15923,-3.64366,-0.820748,5.56097,2.48272,0.0597731,-0.0331101,-0.139189,2.91633,0.35393,-1.15195,-1.02398,1.05622,0.0203941,1.065,0.1,True,False
2.535,-0,0,7.28533,-0.0521178,0.0776204,19.2511,-0.666558,1.28611,-9.74965,1.19926,0.135447,-38.4492,-0.532702,-1.42156,1.88517,0.0521178,-0.0776204,2.02739,-0,0,-0.482817,-0.0595385,0.059864,-0.777738,-0.730171,-8.43934,6.47984,1.5215,2.25739,-3.52174,-0.791326,6.18195,2.32004,0.0595385,-0.059864,-0.130528,2.43146,0.0122293,-1.16182,-1.00978,1.06059,0.0202858,1.065,0.1,True,False
2.54,-0,0,9.0285,-0.0516972,0.089583,17.3348,-0.660066,1.31171,-14.0933,1.19988,0.110684,-39.0717,-0.539811,-1.4224,1.33366,0.0516972,-0.089583,1.92626,-0,0,-0.721462,-0.0591745,0.0846724,-0.764685,-0.771547,-8.06456,10.72,1.53048,1.31992,-3.29886,-0.758929,6.74464,2.10685,0.0591745,-0.0846724,-0.119741,2.0069,-0.280531,-1.17077,-0.998286,1.06493,0.020153,1.065,0.1,True,False
2.545,-0,0,10.5465,-0.051222,0.0994278,15.4218,-0.653441,1.33874,-18.064,1.20037,0.0849089,-39.4351,-0.546926,-1.42365,0.882765,0.051222,-0.0994278,1.84637,-0,0,-0.94461,-0.0586918,0.107165,-0.753695,-0.810817,-7.59978,14.7738,1.5347,0.361879,-2.95816,-0.723879,7.2379,1.85303,0.0586918,-0.107165,-0.107404,1.66088,-0.522242,-1.17817,-0.988975,1.06924,0.0199989,1.065,0.1,True,False
2.55,-0,0,11.8123,-0.0507029,0.107192,13.603,-0.646679,1.36659,-21.5823,1.20073,0.0580314,-39.5936,-0.554047,-1.42462,0.532257,0.0507029,-0.107192,1.7947,-0,0,-1.14451,-0.0581028,0.127102,-0.744016,-0.847545,-7.05217,18.5311,1.53409,-0.601262,-2.48631,-0.68655,7.65343,1.57015,0.0581028,-0.127102,-0.0942146,1.39767,-0.716996,-1.18356,-0.98129,1.07352,0.0198268,1.065,0.1,True,False
2.555,-0,0,12.8142,-0.0501501,0.113017,11.9648,-0.639775,1.39473,-24.597,1.20095,0.0300427,-39.6183,-0.561172,-1.42477,0.267841,0.0501501,-0.113017,1.76957,-0,0,-1.31521,-0.0574208,0.144387,-0.735964,-0.881339,-6.43194,21.8918,1.52868,-1.55407,-1.87559,-0.647345,7.98601,1.27043,0.0574208,-0.144387,-0.0809225,1.20706,-0.872812,-1.18662,-0.974685,1.07775,0.0196397,1.065,0.1,True,False
2.56,-0,0,13.5568,-0.0495727,0.117146,10.5804,-0.632731,1.42272,-27.0853,1.20103,0.00100081,-39.5868,-0.568295,-1.42373,0.0668707,0.0495727,-0.117146,1.76138,-0,0,-1.45318,-0.0566589,0.159077,-0.730686,-0.911864,-5.75186,24.7741,1.51855,-2.48163,-1.12537,-0.606689,8.23349,0.965462,0.0566589,-0.159077,-0.0682499,1.06854,-0.998407,-1.18729,-0.968662,1.08194,0.0194406,1.065,0.1,True,False
2.565,-0,0,14.0574,-0.0489786,0.119908,9.50475,-0.625548,1.4503,-29.0499,1.20096,-0.028992,-39.5713,-0.575409,-1.42131,-0.0933638,0.0489786,-0.119908,1.75632,-0,0,-1.5574,-0.05583,0.17136,-0.729777,-0.938857,-5.02661,27.1189,1.50387,-3.36993,-0.242851,-0.56501,8.39654,0.665297,0.05583,-0.17136,-0.0568128,0.958943,-1.10007,-1.18573,-0.962802,1.08607,0.019232,1.065,0.1,True,False
2.57,-0,0,14.3434,-0.0483737,0.121697,8.77181,-0.618228,1.47736,-30.512,1.20074,-0.0598156,-39.6281,-0.582508,-1.41755,-0.228032,0.0483737,-0.121697,1.74146,-0,0,-1.62909,-0.0549453,0.181534,-0.734853,-0.96213,-4.27198,28.892,1.48485,-4.20617,0.757094,-0.522724,8.47814,0.377694,0.0549453,-0.181534,-0.0470627,0.860618,-1.17982,-1.1823,-0.956776,1.09016,0.0190155,1.065,0.1,True,False
2.575,-0,0,14.4463,-0.0477616,0.122939,8.3952,-0.610774,1.50396,-31.5041,1.20036,-0.0913572,-39.7921,-0.589585,-1.4126,-0.341032,0.0477616,-0.122939,1.70908,-0,0,-1.67103,-0.0540147,0.189968,-0.747223,-0.981577,-3.50404,30.0824,1.46181,-4.97888,1.85287,-0.480229,8.48292,0.1078,0.0540147,-0.189968,-0.0392593,0.766451,-1.23546,-1.17748,-0.950344,1.09418,0.0187926,1.065,0.1,True,False
2.58,-0,0,14.3966,-0.0471443,0.124064,8.37064,-0.603189,1.53029,-32.0634,1.19982,-0.123533,-40.0761,-0.596634,-1.40676,-0.426502,0.0471443,-0.124064,1.65829,-0,0,-1.68684,-0.0530457,0.197061,-0.767699,-0.997171,-2.73848,30.699,1.43507,-5.678,3.01769,-0.437895,8.41648,-0.141873,0.0530457,-0.197061,-0.0334799,0.679927,-1.26257,-1.17186,-0.943345,1.09815,0.0185638,1.065,0.1,True,False
2.585,-0,0,14.2195,-0.046521,0.125481,8.67953,-0.595471,1.55666,-32.2267,1.19912,-0.156301,-40.4748,-0.603653,-1.40036,-0.474162,0.046521,-0.125481,1.59391,-0,0,-1.68041,-0.052044,0.203212,-0.796567,-1.00896,-1.99004,30.7654,1.40503,-6.29478,4.22152,-0.396064,8.28481,-0.371191,0.052044,-0.203212,-0.029656,0.610928,-1.25722,-1.16604,-0.935678,1.10206,0.0183288,1.065,0.1,True,False
2.59,-0,0,13.932,-0.0458894,0.127559,9.29274,-0.587622,1.58341,-32.0267,1.19826,-0.189668,-40.9705,-0.610638,-1.39374,-0.475238,0.0458894,-0.127559,1.52388,-0,0,-1.65533,-0.0510135,0.208795,-0.833648,-1.01707,-1.27207,30.3139,1.37212,-6.82161,5.43297,-0.355047,8.09368,-0.581962,0.0510135,-0.208795,-0.0276234,0.570189,-1.2183,-1.16057,-0.92729,1.10592,0.0180869,1.065,0.1,True,False
2.595,-0,0,13.5412,-0.0452454,0.130617,10.1744,-0.579637,1.61092,-31.4904,1.19723,-0.223693,-41.538,-0.61759,-1.38723,-0.425855,0.0452454,-0.130617,1.45665,-0,0,-1.6147,-0.0499561,0.214142,-0.878406,-1.02168,-0.596409,29.3809,1.33681,-7.25181,6.62118,-0.315127,7.84822,-0.777401,0.0499561,-0.214142,-0.0271697,0.565496,-1.14816,-1.15597,-0.918152,1.10972,0.0178366,1.065,0.1,True,False
2.6,-0,0,13.0462,-0.0445833,0.134922,11.2853,-0.571513,1.63959,-30.6376,1.19602,-0.258478,-42.1476,-0.62451,-1.38111,-0.326679,0.0445833,-0.134922,1.39982,-0,0,-1.56103,-0.0488721,0.219544,-0.930034,-1.02304,0.0267076,28.0032,1.2996,-7.57936,7.75728,-0.276565,7.55265,-0.961566,0.0488721,-0.219544,-0.0280705,0.601067,-1.05162,-1.15265,-0.908248,1.11348,0.0175761,1.065,0.1,True,False
2.605,-0,0,12.4397,-0.0438962,0.140686,12.5849,-0.563242,1.66976,-29.4807,1.19464,-0.294165,-42.766,-0.631401,-1.3756,-0.179606,0.0438962,-0.140686,1.35986,-0,0,-1.49623,-0.0477607,0.225245,-0.987516,-1.02142,0.588578,26.2158,1.26102,-7.79871,8.81556,-0.239601,7.21013,-1.13879,0.0477607,-0.225245,-0.0301097,0.679661,-0.933653,-1.15095,-0.897559,1.11718,0.0173032,1.065,0.1,True,False
2.61,-0,0,11.7113,-0.0431764,0.148072,14.0333,-0.554815,1.70175,-28.0267,1.19308,-0.330928,-43.3567,-0.638266,-1.37082,0.0165167,0.0431764,-0.148072,1.34255,-0,0,-1.4218,-0.0466197,0.231451,-1.04966,-1.01715,1.08191,24.0516,1.22161,-7.90464,9.77409,-0.204463,6.82274,-1.31317,0.0466197,-0.231451,-0.0330893,0.805742,-0.796835,-1.15108,-0.886052,1.12084,0.017015,1.065,0.1,True,False
2.615,-0,0,10.8515,-0.0424155,0.157193,15.5915,-0.546224,1.73579,-26.2792,1.19133,-0.368957,-43.8795,-0.645109,-1.36683,0.269116,0.0424155,-0.157193,1.35334,-0,0,-1.33898,-0.0454461,0.238329,-1.11508,-1.0106,1.50067,21.5434,1.18197,-7.89227,10.6151,-0.171373,6.3916,-1.48805,0.0454461,-0.238329,-0.0368304,0.987934,-0.639449,-1.15316,-0.873676,1.12446,0.0167088,1.065,0.1,True,False
2.62,-0,0,9.85423,-0.0416045,0.168117,17.2206,-0.537457,1.77204,-24.2435,1.18939,-0.408453,-44.2925,-0.651934,-1.36359,0.592606,0.0416045,-0.168117,1.39719,-0,0,-1.24899,-0.0442364,0.246011,-1.18227,-1.00214,1.84007,18.7268,1.14269,-7.75719,11.3246,-0.140547,5.91711,-1.66553,0.0442364,-0.246011,-0.0411708,1.23949,-0.454883,-1.15719,-0.860353,1.12804,0.0163815,1.065,0.1,True,False
2.625,-0,0,8.72076,-0.0407343,0.180864,18.881,-0.528504,1.81058,-21.9328,1.18725,-0.449612,-44.5547,-0.658745,-1.36097,1.00587,0.0407343,-0.180864,1.47784,-0,0,-1.1533,-0.042986,0.254601,-1.2495,-0.992196,2.09655,15.6456,1.1044,-7.49589,11.8927,-0.112202,5.39934,-1.84599,0.042986,-0.254601,-0.0459611,1.57611,-0.232755,-1.16309,-0.845984,1.1316,0.01603,1.065,0.1,True,False
2.63,-0,0,7.46195,-0.0397958,0.195411,20.5305,-0.519351,1.85139,-19.3754,1.1849,-0.492616,-44.6308,-0.665544,-1.35877,1.52659,0.0397958,-0.195411,1.59646,-0,0,-1.05377,-0.0416904,0.264174,-1.31493,-0.981177,2.26797,12.3567,1.06773,-7.10643,12.3119,-0.0865539,4.83846,-2.02757,0.0416904,-0.264174,-0.0510607,2.01127,0.0382082,-1.17066,-0.830453,1.13514,0.0156512,1.065,0.1,True,False
2.635,-0,0,6.10028,-0.0387802,0.211688,22.1231,-0.50999,1.89435,-16.6224,1.18232,-0.537628,-44.4982,-0.672333,-1.35672,2.16337,0.0387802,-0.211688,1.7501,-0,0,-0.952845,-0.0403443,0.274776,-1.37658,-0.969516,2.35394,8.93617,1.03333,-6.58936,12.5772,-0.0638174,4.23541,-2.20577,0.0403443,-0.274776,-0.0563354,2.5498,0.365892,-1.17965,-0.81364,1.13866,0.0152419,1.065,0.1,True,False
2.64,-0,0,4.6707,-0.037679,0.22958,23.6081,-0.500408,1.93931,-13.7534,1.17952,-0.584784,-44.1529,-0.679111,-1.35452,2.90714,0.037679,-0.22958,1.93043,-0,0,-0.853524,-0.0389426,0.286429,-1.43234,-0.957638,2.35635,5.48258,1.00184,-5.94892,12.6848,-0.0441998,3.59257,-2.3732,0.0389426,-0.286429,-0.061656,3.18101,0.749922,-1.18971,-0.795435,1.14218,0.0147992,1.065,0.1,True,False
2.645,-0,0,3.21963,-0.0364844,0.24893,24.9308,-0.490597,1.98605,-10.8782,1.17647,-0.634202,-43.6144,-0.685878,-1.35185,3.72471,0.0364844,-0.24893,2.12312,-0,0,-0.759175,-0.03748,0.299129,-1.48011,-0.945952,2.27986,2.11728,0.973844,-5.19434,12.6314,-0.0278918,2.91449,-2.51962,0.03748,-0.299129,-0.0668993,3.87368,1.17758,-1.20047,-0.775759,1.14569,0.0143205,1.065,0.1,True,False
2.65,-0,0,1.80177,-0.0351897,0.269541,26.0349,-0.480547,2.03439,-8.1321,1.17318,-0.685988,-42.9261,-0.69263,-1.3484,4.55727,0.0351897,-0.269541,2.3085,-0,0,-0.673157,-0.0359513,0.312849,-1.51777,-0.934839,2.13245,-1.02141,0.949894,-4.34104,12.4133,-0.0150549,2.2086,-2.63254,0.0359513,-0.312849,-0.071951,4.57522,1.62226,-1.21156,-0.754579,1.14922,0.0138033,1.065,0.1,True,False
2.655,-0,0,0.474408,-0.033789,0.291178,26.8663,-0.470253,2.08417,-5.66144,1.16961,-0.740248,-42.1492,-0.699362,-1.34392,5.32657,0.033789,-0.291178,2.46386,-0,0,-0.598271,-0.0343515,0.32754,-1.54331,-0.924628,1.92574,-3.79073,0.930434,-3.41136,12.0261,-0.00580578,1.48562,-2.69838,0.0343515,-0.32754,-0.0767085,5.21716,2.04598,-1.22258,-0.731926,1.15275,0.0132456,1.065,0.1,True,False
2.66,-0,0,-0.710154,-0.0322779,0.313579,27.3792,-0.459706,2.13531,-3.60281,1.16577,-0.797105,-41.3507,-0.706069,-1.3382,5.94898,0.0322779,-0.313579,2.56686,-0,0,-0.536164,-0.0326759,0.343137,-1.55496,-0.915582,1.67488,-6.06194,0.91578,-2.43454,11.4646,-0.000198718,0.759661,-2.70414,0.0326759,-0.343137,-0.081084,5.7269,2.40643,-1.23319,-0.707891,1.15632,0.0126458,1.065,0.1,True,False
2.665,-0,0,-1.71269,-0.0306532,0.336464,27.5406,-0.4489,2.18779,-2.058,1.16164,-0.856703,-40.5857,-0.712744,-1.33109,6.3547,0.0306532,-0.336464,2.59967,-0,0,-0.48686,-0.0309201,0.359557,-1.55123,-0.907879,1.39792,-7.74089,0.906088,-1.44577,10.7228,0.00179083,0.0478479,-2.63924,0.0309201,-0.359557,-0.0850029,6.0437,2.66726,-1.24305,-0.682619,1.1599,0.0120027,1.065,0.1,True,False
2.67,-0,0,-2.51326,-0.0289132,0.359542,27.3353,-0.437828,2.24166,-1.07266,1.15721,-0.919204,-39.8816,-0.71938,-1.32246,6.50663,0.0289132,-0.359542,2.55228,-0,0,-0.448616,-0.0290803,0.376703,-1.53112,-0.901603,1.11466,-8.78492,0.901323,-0.484131,9.7938,0.000279761,-0.630531,-2.49702,0.0290803,-0.376703,-0.0883968,6.13416,2.80872,-1.25186,-0.656281,1.16352,0.0113157,1.065,0.1,True,False
2.675,-0,0,-3.11351,-0.0270578,0.382523,26.7664,-0.426483,2.29696,-0.62568,1.15245,-0.98477,-39.2267,-0.725969,-1.31219,6.41343,0.0270578,-0.382523,2.42451,-0,0,-0.418179,-0.0271531,0.394466,-1.49416,-0.896733,0.84515,-9.21037,0.901247,0.410005,8.67,-0.00451448,-1.25516,-2.27538,0.0271531,-0.394466,-0.0911884,6.00283,2.83553,-1.2593,-0.629048,1.16718,0.0105846,1.065,0.1,True,False
2.68,-0,0,-3.53359,-0.025088,0.405127,25.8534,-0.414858,2.35367,-0.632857,1.14736,-1.05354,-38.5677,-0.732502,-1.30013,6.1338,0.025088,-0.405127,2.22608,-0,0,-0.391432,-0.0251357,0.412719,-1.44054,-0.893151,0.608148,-9.08732,0.905423,1.19769,7.34283,-0.0122718,-1.80584,-1.97635,0.0251357,-0.412719,-0.0932666,5.69579,2.7801,-1.26507,-0.601057,1.17087,0.00980987,1.065,0.1,True,False
2.685,-0,0,-3.80402,-0.0230065,0.427086,24.6273,-0.402946,2.41165,-0.963299,1.14192,-1.12558,-37.8129,-0.73897,-1.28608,5.77457,0.0230065,-0.427086,1.97604,-0,0,-0.364227,-0.0230259,0.431305,-1.37115,-0.890651,0.419885,-8.5228,0.913224,1.84356,5.80233,-0.0225729,-2.26345,-1.60463,0.0230259,-0.431305,-0.0944511,5.2992,2.70216,-1.26883,-0.572389,1.17461,0.00899239,1.065,0.1,True,False
2.69,-0,0,-3.95343,-0.0208172,0.448147,23.1245,-0.390742,2.47059,-1.46219,1.1361,-1.20084,-36.8368,-0.745363,-1.26975,5.49077,0.0208172,-0.448147,1.70422,-0,0,-0.333163,-0.0208226,0.450024,-1.28744,-0.888952,0.293377,-7.63665,0.923858,2.31695,4.03672,-0.0349063,-2.61032,-1.16547,0.0208226,-0.450024,-0.0944408,4.94067,2.68841,-1.2702,-0.543061,1.17839,0.00813357,1.065,0.1,True,False
2.695,-0,0,-3.98577,-0.0185251,0.468053,21.4892,-0.378241,2.5299,-1.94677,1.12991,-1.27913,-35.4985,-0.751667,-1.25077,5.58404,0.0185251,-0.468053,1.56933,-0,0,-0.296101,-0.0185257,0.4686,-1.19277,-0.887717,0.238405,-6.58323,0.936393,2.59177,2.13575,-0.0486761,-2.83018,-0.687574,0.0185257,-0.4686,-0.0925627,4.93253,2.84735,-1.26875,-0.513024,1.18221,0.00723533,1.065,0.1,True,False
2.7,-0,0,-3.78172,-0.0161366,0.486507,17.0166,-0.365443,2.58875,-5.50567,1.12331,-1.36002,-35.433,-0.75787,-1.22872,2.9791,0.0161366,-0.486507,-0.21172,-0,0,0.0587548,-0.0161366,0.486571,-0.227706,-0.886568,0.255027,-2.33479,0.949776,2.66569,1.11703,-0.0632081,-2.92072,-0.147997,0.0161366,-0.486571,-0.0937466,1.98428,2.17626,-1.26397,-0.482216,1.18607,0.00630014,1.065,0.1,True,True
2.705,-0,0,-3.35984,-0.01366,0.503118,14.224,-0.352353,2.64626,-7.83387,1.11631,-1.44302,-34.5605,-0.763955,-1.20324,2.6172,0.01366,-0.503118,-0.300433,-0,0,0.291354,-0.01366,0.503118,0.410164,-0.885167,0.312449,0.728507,0.96305,2.62276,0.692867,-0.0778833,-2.93521,0.137078,0.01366,-0.503118,-0.100882,1.67386,1.98963,-1.25534,-0.45069,1.18997,0.00533113,1.08474,0.0868421,True,True
2.71,-0,0,-2.7774,-0.0111055,0.517539,11.2271,-0.33898,2.70168,-10.5309,1.10888,-1.52757,-33.6813,-0.769903,-1.1741,2.15758,0.0111055,-0.517539,-0.358425,-0,0,0.519068,-0.0111055,0.517539,1.03955,-0.883444,0.376879,4.21837,0.976004,2.55675,0.634369,-0.0925601,-2.93363,0.295552,0.0111055,-0.517539,-0.119464,1.31189,1.71473,-1.24248,-0.41856,1.1939,0.0043324,1.10447,0.0736842,True,True
2.715,-0,0,-2.16052,-0.00848459,0.529603,8.32657,-0.325336,2.75435,-12.9163,1.10103,-1.61313,-32.4621,-0.775696,-1.14122,1.73898,0.00848459,-0.529603,-0.465318,-0,0,0.657566,-0.00848459,0.529603,1.38784,-0.881398,0.441065,7.48089,0.988618,2.48703,0.274834,-0.10722,-2.92809,0.405497,0.00848459,-0.529603,-0.170159,0.947265,1.49653,-1.22524,-0.385884,1.19786,0.00330852,1.12421,0.0605263,True,True
2.72,-0,0,-1.57131,-0.00580942,0.539251,5.69644,-0.311437,2.80384,-14.7554,1.09275,-1.69919,-30.8675,-0.781315,-1.10465,1.38328,0.00580942,-0.539251,-0.597772,-0,0,0.68526,-0.00580942,0.539251,1.36065,-0.879033,0.504624,10.2527,1.00087,2.41378,-0.536947,-0.121841,-2.9184,0.483635,0.00580942,-0.539251,-0.267356,0.610142,1.33606,-1.20369,-0.352732,1.20185,0.00226421,1.14395,0.0473684,True,True
2.725,-0,0,-1.03695,-0.00309208,0.546471,3.4182,-0.297298,2.84985,-15.98,1.08404,-1.7853,-28.9253,-0.786742,-1.06456,1.0836,0.00309208,-0.546471,-0.724107,-0,0,0.599964,-0.00309208,0.546471,0.930575,-0.876352,0.567181,12.4395,1.01276,2.33732,-1.81055,-0.136404,-2.9045,0.529331,0.00309208,-0.546471,-0.417137,0.31569,1.20922,-1.17796,-0.3192,1.20585,0.00120425,1.16368,0.0342105,True,True
2.73,-0,0,-0.570608,-0.000344709,0.551266,1.52508,-0.282938,2.89216,-16.567,1.0749,-1.87102,-26.6567,-0.79196,-1.02115,0.832611,0.000344709,-0.551266,-0.82549,-0,0,0.403789,-0.000344709,0.551266,0.0888957,-0.873361,0.628369,14.006,1.02425,2.25804,-3.54339,-0.150886,-2.88641,0.543251,0.000344709,-0.551266,-0.622431,0.0708446,1.0995,-1.14826,-0.285407,1.20986,0.000133385,1.18342,0.0210526,True,True
2.735,-0,0,-0.178937,0.00242058,0.55364,0.0301555,-0.268376,2.93057,-16.5104,1.06533,-1.95591,-24.0771,-0.796954,-0.974657,0.623739,-0.00242058,-0.55364,-0.889767,-0,0,0.099562,0.00242058,0.55364,-1.16711,-0.870068,0.68783,14.9397,1.03534,2.17638,-5.73069,-0.165268,-2.86421,0.525488,-0.00242058,-0.55364,-0.883873,-0.121017,0.994997,-1.1148,-0.251489,1.21387,-0.000943645,1.20316,0.00789474,True,True
2.74,-0,0,0.134104,0.00519169,0.553592,-1.05973,-0.253632,2.96488,-15.8094,1.05534,-2.03952,-21.2002,-0.801707,-0.925354,0.451328,-0.00519169,-0.553592,-0.907692,-0,0,-0.30999,0.00519169,0.553592,-2.83704,-0.866483,0.745215,15.2352,1.04601,2.09273,-8.36697,-0.179528,-2.83794,0.473944,-0.00519169,-0.553592,-1.19831,-0.257647,0.886204,-1.0778,-0.217601,1.21788,-0.00202213,1.22289,-0.00526316,True,True
2.745,-0,0,0.365773,0.0079565,0.551114,-1.73954,-0.238728,2.99491,-14.4701,1.04493,-2.12139,-18.0471,-0.806207,-0.87352,0.310599,-0.0079565,-0.551114,-0.87154,-0,0,-0.820634,0.0079565,0.551114,-4.91191,-0.862616,0.800185,14.8905,1.05626,2.00753,-11.4402,-0.193647,-2.80771,0.382219,-0.0079565,-0.551114,-1.55439,-0.337093,0.765141,-1.03748,-0.183918,1.22189,-0.00309737,1.24263,-0.0184211,True,True
2.75,-0,0,0.51463,0.0107028,0.546189,-2.00951,-0.223683,3.02054,-12.5196,1.03413,-2.20108,-14.6612,-0.810442,-0.819465,0.197834,-0.0107028,-0.546189,-0.776142,-0,0,-1.42197,0.0107028,0.546189,-7.35947,-0.858481,0.852425,13.9154,1.06609,1.92121,-14.9182,-0.207605,-2.77363,0.236396,-0.0107028,-0.546189,-1.92399,-0.358251,0.626145,-0.994055,-0.150635,1.22587,-0.00416464,1.26237,-0.0315789,True,True
2.755,-0,0,0.581828,0.0134184,0.538804,-1.88747,-0.208522,3.04174,-10.0347,1.02292,-2.27821,-11.1326,-0.814402,-0.763537,0.110856,-0.0134184,-0.538804,-0.622658,-0,0,-2.0883,0.0134184,0.538804,-10.0966,-0.854092,0.901666,12.3538,1.07548,1.83427,-18.7234,-0.221384,-2.73594,0.0101818,-0.0134184,-0.538804,-2.24781,-0.322998,0.468597,-0.94778,-0.117975,1.22983,-0.0052192,1.28211,-0.0447368,True,True
2.76,-0,0,0.573976,0.0160909,0.528959,-1.43229,-0.193266,3.05871,-7.19372,1.01134,-2.35257,-7.63702,-0.818078,-0.706132,0.049311,-0.0160909,-0.528959,-0.424935,-0,0,-2.76348,0.0160909,0.528959,-12.9429,-0.849464,0.947727,10.324,1.08443,1.74729,-22.6902,-0.234965,-2.69502,-0.341791,-0.0160909,-0.528959,-2.4133,-0.240178,0.301117,-0.898932,-0.0861829,1.23377,-0.00625629,1.30184,-0.0578947,True,True
2.765,-0,0,0.509462,0.018708,0.516687,-0.779148,-0.177935,3.07203,-4.35474,0.999398,-2.42432,-4.49656,-0.821463,-0.647706,0.0126835,-0.018708,-0.516687,-0.215478,-0,0,-3.3414,0.018708,0.516687,-15.5521,-0.844615,0.9906,8.08218,1.09295,1.66101,-26.5001,-0.248334,-2.65161,-0.890521,-0.018708,-0.516687,-2.22677,-0.131048,0.143889,-0.847849,-0.0555204,1.23767,-0.00727119,1.32158,-0.0710526,True,True
2.77,-0,0,0.425072,0.0212577,0.5021,-0.143169,-0.162546,3.08303,-2.19817,0.9871,-2.49425,-2.11598,-0.824555,-0.588782,-0.0072387,-0.0212577,-0.5021,-0.0448795,-0,0,-3.60748,0.0212577,0.5021,-17.5045,-0.839558,1.03058,6.22165,1.10104,1.57642,-29.5986,-0.261481,-2.60699,-1.64475,-0.0212577,-0.5021,-1.53209,-0.0344614,0.0228485,-0.794964,-0.0262408,1.24153,-0.0082593,1.34132,-0.0842105,True,True
2.775,-0,0,0.297656,0.023729,0.4855,0.455591,-0.147105,3.08622,-1.99407,0.974456,-2.55376,-0.119553,-0.827351,-0.532458,-0.0421496,-0.023729,-0.4855,0.0372279,-0,0,-2.92697,0.023729,0.485453,-19.4211,-0.834309,1.06811,6.41362,1.10871,1.49439,-31.2093,-0.274404,-2.56249,-2.00003,-0.023729,-0.485453,-1.08482,-0.00586284,-0.0537457,-0.742603,-0.000279437,1.24535,-0.00921633,1.36105,-0.0973684,True,True
2.78,-0,0,-0.109844,0.0261127,0.46778,1.38467,-0.131683,3.0208,-4.42463,0.961563,-2.52059,2.5176,-0.829879,-0.500203,-0.170762,-0.0261127,-0.46778,0.089692,-0,0,-0.538169,0.0261123,0.46723,-22.8006,-0.828877,1.10183,9.87572,1.11598,1.41318,-31.3451,-0.287106,-2.51502,-1.61907,-0.0261123,-0.46723,-2.21525,-0.0635558,-0.179825,-0.705958,0.00782956,1.24914,-0.0101387,1.365,-0.1,False,True
2.785,-0,0,-0.303509,0.0284068,0.450082,1.49898,-0.116897,2.81513,-11.5798,0.94925,-2.29723,2.41812,-0.832353,-0.517906,-0.472624,-0.0284068,-0.450082,0.0878715,-0,0,2.92649,0.0284013,0.44801,-23.5456,-0.823291,1.12974,18.3355,1.12284,1.33077,-25.493,-0.299554,-2.46051,2.49974,-0.0284013,-0.44801,-1.93855,-0.280846,-0.398314,-0.703189,-0.0194256,1.25289,-0.0110239,1.365,-0.1,False,True
2.79,-0,0,-0.528231,0.0306136,0.433078,1.60805,-0.103532,2.46172,-18.5922,0.93859,-1.8713,2.23263,-0.835058,-0.590426,-0.765579,-0.0306136,-0.433078,0.0835975,-0,0,6.54226,0.0305924,0.428251,-24.1279,-0.81758,1.15185,26.3016,1.12929,1.24821,-20.1936,-0.311711,-2.40006,5.40636,-0.0305924,-0.428251,-1.85411,-0.493375,-0.609934,-0.737723,-0.0849916,1.25663,-0.0118706,1.365,-0.1,False,True
2.795,-0,0,-0.760046,0.0327376,0.417065,1.70514,-0.0922795,1.98026,-24.7547,0.930537,-1.26885,1.97939,-0.838257,-0.711406,-1.01283,-0.0327376,-0.417065,0.0782839,-0,0,9.91269,0.0326838,0.408267,-24.4924,-0.811772,1.169,33.0184,1.13533,1.16718,-15.9095,-0.323554,-2.33618,7.06548,-0.0326838,-0.408267,-1.80012,-0.674043,-0.78878,-0.8051,-0.184096,1.26035,-0.012678,1.365,-0.1,False,True
2.8,-0,0,-0.986933,0.0347842,0.402162,1.78914,-0.0837295,1.39124,-30,0.925902,-0.520019,1.67436,-0.842172,-0.871217,-1.20235,-0.0347842,-0.402162,0.0727501,-0,0,12.9014,0.034675,0.388256,-24.711,-0.80589,1.18186,38.5554,1.14096,1.08871,-12.4879,-0.335073,-2.27058,7.98159,-0.034675,-0.388256,-1.75843,-0.813913,-0.926484,-0.898505,-0.309711,1.26408,-0.0134459,1.365,-0.1,False,True
2.805,-0,0,-1.19819,0.0367592,0.38834,1.85901,-0.0783672,0.71632,-34.2676,0.925337,0.340695,1.33118,-0.846969,-1.05702,-1.32341,-0.0367592,-0.38834,0.0676409,-0,0,15.414,0.0365664,0.368323,-24.8559,-0.799953,1.19103,42.9361,1.14621,1.01345,-9.8774,-0.34626,-2.20448,8.44749,-0.0365664,-0.368323,-1.72831,-0.905032,-1.0154,-1.00887,-0.45257,1.26783,-0.0141743,1.365,-0.1,False,True
2.81,-0,0,-1.38483,0.0386676,0.37546,1.91372,-0.0765663,-0.0218506,-37.5234,0.929309,1.27518,0.961869,-0.852742,-1.25332,-1.36854,-0.0386676,-0.37546,0.0634573,-0,0,17.3943,0.0383583,0.348498,-24.99,-0.79398,1.19702,46.1766,1.1511,0.941788,-8.06622,-0.357117,-2.13881,8.62877,-0.0383583,-0.348498,-1.71439,-0.941706,-1.04997,-1.12534,-0.601593,1.27161,-0.0148633,1.365,-0.1,False,True
2.815,-0,0,-1.54005,0.0405138,0.363295,1.95227,-0.0785857,-0.800487,-39.7759,0.938088,2.24359,0.577335,-0.859503,-1.4431,-1.33504,-0.0405138,-0.363295,0.0605673,-0,0,18.8227,0.0400513,0.328749,-25.1593,-0.787983,1.20033,48.3169,1.15563,0.873951,-7.03449,-0.367648,-2.07428,8.62696,-0.0400513,-0.328749,-1.7203,-0.921547,-1.02787,-1.23613,-0.744681,1.27542,-0.0155132,1.365,-0.1,False,True
2.82,-0,0,-1.65979,0.0423006,0.351559,1.97371,-0.0845712,-1.59785,-41.0836,0.951745,3.20694,0.18758,-0.867173,-1.60909,-1.22561,-0.0423006,-0.351559,0.0592126,-0,0,19.7134,0.0416458,0.309006,-25.3889,-0.781976,1.20144,49.436,1.15984,0.810046,-6.73008,-0.37786,-2.01149,8.5135,-0.0416458,-0.309006,-1.74593,-0.845896,-0.95043,-1.32957,-0.869744,1.27928,-0.0161241,1.365,-0.1,False,True
2.825,-0,0,-1.74271,0.0440294,0.339927,1.97723,-0.0945642,-2.39447,-41.5488,0.970158,4.12969,-0.198394,-0.875594,-1.73522,-1.04786,-0.0440294,-0.339927,0.059519,-0,0,20.1083,0.0431414,0.289175,-25.6844,-0.775969,1.20079,49.6502,1.16373,0.750089,-7.06513,-0.387763,-1.95088,8.3441,-0.0431414,-0.289175,-1.78746,-0.719521,-0.822449,-1.39508,-0.965717,1.28318,-0.0166959,1.365,-0.1,False,True
2.83,-0,0,-1.78998,0.0456998,0.328065,1.96227,-0.108516,-3.17411,-41.3029,0.993042,4.9818,-0.572921,-0.884526,-1.80769,-0.812925,-0.0456998,-0.328065,0.0615116,-0,0,20.0684,0.0445375,0.269162,-26.0354,-0.769968,1.19877,49.0991,1.16734,0.694022,-7.92729,-0.397369,-1.89279,8.16167,-0.0445375,-0.269162,-1.83899,-0.549734,-0.651276,-1.42403,-1.02337,1.28714,-0.0172287,1.365,-0.1,False,True
2.835,-0,0,-1.80458,0.04731,0.315639,1.92876,-0.126305,-3.9242,-40.4861,1.01998,5.73986,-0.930043,-0.89367,-1.81566,-0.533701,-0.04731,-0.315639,0.0651337,-0,0,19.6629,0.045833,0.248879,-26.4215,-0.763981,1.19575,47.9267,1.17067,0.641733,-9.19708,-0.406691,-1.83748,7.99499,-0.045833,-0.248879,-1.89468,-0.345248,-0.445684,-1.41013,-1.03575,1.29115,-0.0177222,1.365,-0.1,False,True
2.84,-0,0,-1.79051,0.0488562,0.302338,1.87718,-0.147758,-4.63576,-39.2295,1.05044,6.38724,-1.26575,-0.902682,-1.75148,-0.223245,-0.0488562,-0.302338,0.0702652,-0,0,18.9596,0.0470263,0.228263,-26.8184,-0.758011,1.19209,46.2642,1.17375,0.59307,-10.7642,-0.415744,-1.78516,7.85755,-0.0470263,-0.228263,-1.95031,-0.115116,-0.21479,-1.34947,-0.998286,1.29521,-0.0181761,1.365,-0.1,False,True
2.845,-0,0,-1.75205,0.0503334,0.287877,1.80879,-0.172663,-5.30289,-37.6419,1.08385,6.91343,-1.57797,-0.911185,-1.61054,0.106384,-0.0503334,-0.287877,0.0767369,-0,0,18.0177,0.0481156,0.207274,-27.2013,-0.75206,1.18812,44.2173,1.1766,0.547855,-12.5379,-0.424543,-1.73597,7.74864,-0.0481156,-0.207274,-2.00393,0.132002,0.0326993,-1.24026,-0.90858,1.29932,-0.0185902,1.365,-0.1,False,True
2.85,-0,0,-1.69312,0.051735,0.272012,1.7256,-0.200787,-5.92205,-35.8031,1.11957,7.31294,-1.86639,-0.918788,-1.39089,0.444653,-0.051735,-0.272012,0.0843385,-0,0,16.8838,0.049099,0.185902,-27.5475,-0.74613,1.18416,41.8614,1.17923,0.505892,-14.4511,-0.433104,-1.69005,7.65651,-0.049099,-0.185902,-2.05563,0.388159,0.288835,-1.08242,-0.766014,1.30347,-0.0189641,1.365,-0.1,False,True
2.855,-0,0,-1.6169,0.0530535,0.254544,1.63042,-0.231883,-6.49118,-33.7635,1.15698,7.58405,-2.13198,-0.925094,-1.09287,0.782561,-0.0530535,-0.254544,0.0928203,-0,0,15.5911,0.0499747,0.164167,-27.8361,-0.740219,1.18056,39.2423,1.18166,0.466975,-16.4578,-0.441443,-1.64753,7.56238,-0.0499747,-0.164167,-2.1067,0.646116,0.546428,-0.877033,-0.571342,1.30767,-0.0192976,1.365,-0.1,False,True
2.86,-0,0,-1.52557,0.0542804,0.235325,1.52671,-0.265699,-7.00894,-31.5471,1.19541,7.72766,-2.37654,-0.929716,-0.718719,1.11232,-0.0542804,-0.235325,0.101891,-0,0,14.1605,0.0507407,0.142117,-28.0473,-0.734324,1.17765,36.3802,1.1839,0.430886,-18.529,-0.449579,-1.60854,7.44438,-0.0507407,-0.142117,-2.15866,0.899117,0.798839,-0.625895,-0.326308,1.31192,-0.0195906,1.365,-0.1,False,True
2.865,-0,0,-1.42025,0.0554068,0.214271,1.41851,-0.301973,-7.474,-29.1571,1.23425,7.74636,-2.60218,-0.932281,-0.272362,1.42685,-0.0554068,-0.214271,0.111216,-0,0,12.6036,0.0513958,0.119833,-28.1609,-0.728442,1.17581,33.2773,1.18597,0.397396,-20.6453,-0.457529,-1.57321,7.28062,-0.0513958,-0.119833,-2.2122,1.14061,1.03969,-0.331188,-0.0333712,1.3162,-0.0198429,1.365,-0.1,False,True
2.87,-0,0,-1.30107,0.0564231,0.191367,1.31009,-0.340439,-7.88455,-26.5821,1.27288,7.64382,-2.81085,-0.93244,0.240727,1.71938,-0.0564231,-0.191367,0.120412,-0,0,10.9261,0.051939,0.0974245,-28.1549,-0.722566,1.17542,29.9244,1.18788,0.366261,-22.7911,-0.465311,-1.54168,7.05159,-0.051939,-0.0974245,-2.26639,1.36403,1.26263,0.00474138,0.304436,1.32051,-0.0200546,1.365,-0.1,False,True
2.875,-0,0,-1.16728,0.0573204,0.166681,1.20574,-0.380818,-8.23791,-23.8019,1.31069,7.42438,-3.00379,-0.929874,0.813525,1.98305,-0.0573204,-0.166681,0.129057,-0,0,9.13134,0.0523701,0.0750365,-28.0048,-0.716688,1.17684,26.3088,1.18963,0.337222,-24.9492,-0.472945,-1.51407,6.74184,-0.0523701,-0.0750365,-2.31815,1.56275,1.46125,0.379418,0.683531,1.32485,-0.0202261,1.365,-0.1,False,True
2.88,-0,0,-1.01759,0.05809,0.140364,1.10936,-0.422818,-8.53037,-20.7941,1.34712,7.09296,-3.18111,-0.924305,1.43741,2.2108,-0.05809,-0.140364,0.136695,-0,0,7.22441,0.0526894,0.0528458,-27.6837,-0.710798,1.18047,22.4219,1.19125,0.309993,-27.0961,-0.480452,-1.49046,6.34162,-0.0526894,-0.0528458,-2.36221,1.73017,1.62917,0.790128,1.09969,1.32922,-0.0203579,1.365,-0.1,False,True
2.885,-0,0,-0.850538,0.0587241,0.112663,1.0241,-0.466122,-8.75721,-17.5397,1.38162,6.6551,-3.34128,-0.9155,2.10211,2.3955,-0.0587241,-0.112663,0.142861,-0,0,5.2154,0.0528985,0.0310624,-27.1639,-0.704883,1.18664,18.2658,1.19273,0.284269,-29.2003,-0.48785,-1.47091,5.84835,-0.0528985,-0.0310624,-2.39162,1.8601,1.76033,1.23366,1.54788,1.3336,-0.0204507,1.365,-0.1,False,True
2.89,-0,0,-0.665041,0.0592166,0.0839132,0.952052,-0.51039,-8.91281,-14.0287,1.41367,6.1171,-3.48054,-0.903284,2.7957,2.53029,-0.0592166,-0.0839132,0.147108,-0,0,3.12229,0.053,0.00992591,-26.4202,-0.698931,1.19565,13.8593,1.19409,0.259717,-31.2206,-0.495161,-1.45536,5.26801,-0.053,-0.00992591,-2.39891,1.94721,1.84947,1.70597,2.02205,1.338,-0.0205056,1.365,-0.1,False,True
2.895,-0,0,-0.460952,0.0595632,0.0545372,0.894023,-0.55525,-8.99104,-10.2657,1.44279,5.48631,-3.59244,-0.887543,3.50473,2.60917,-0.0595632,-0.0545372,0.149046,-0,0,0.97281,0.0529978,-0.0103012,-25.4338,-0.692927,1.20769,9.24296,1.19533,0.235983,-33.1089,-0.502404,-1.44367,4.61609,-0.0529978,0.0103012,-2.37795,1.9876,1.89268,2.20178,2.51497,1.3424,-0.020524,1.365,-0.1,False,True
2.9,-0,0,-0.239637,0.059762,0.0250257,0.849464,-0.6003,-8.98581,-6.27426,1.46854,4.77132,-3.66743,-0.868236,4.2145,2.62769,-0.059762,-0.0250257,0.148383,-0,0,-1.19508,0.052897,-0.0293441,-24.1981,-0.686854,1.22285,4.48085,1.19645,0.2127,-34.8134,-0.509597,-1.43555,3.91748,-0.052897,0.0293441,-2.32598,1.97937,1.88795,2.71428,3.01816,1.34681,-0.0205076,1.365,-0.1,False,True
2.905,-0,0,-0.00439469,0.0598135,-0.00408457,0.816651,-0.645108,-8.8917,-2.09958,1.49051,3.98213,-3.69274,-0.845398,4.90957,2.58375,-0.0598135,0.00408457,0.144963,-0,0,-3.33447,0.0527043,-0.0469304,-22.7237,-0.680698,1.24107,-0.34019,1.19746,0.189502,-36.2852,-0.516759,-1.43057,3.20469,-0.0527043,0.0469304,-2.24543,1.92299,1.83562,3.23497,3.5219,1.35121,-0.0204585,1.365,-0.1,False,True
2.91,-0,0,0.239408,0.0597211,-0.0322423,0.793049,-0.689217,-8.70468,2.19045,1.50836,3.13027,-3.65269,-0.819141,5.57442,2.47815,-0.0597211,0.0322423,0.138809,-0,0,-5.39257,0.0524277,-0.0628092,-21.042,-0.674444,1.26214,-5.11535,1.19835,0.16604,-37.4859,-0.523903,-1.42818,2.5143,-0.0524277,0.0628092,-2.14465,1.82148,1.73858,3.75373,4.01557,1.3556,-0.0203792,1.365,-0.1,False,True
2.915,-0,0,0.484583,0.059491,-0.058919,0.775839,-0.732155,-8.42288,6.50749,1.52181,2.22869,-3.52959,-0.789654,6.19419,2.31499,-0.059491,0.058919,0.130133,-0,0,-7.31535,0.0520763,-0.0767724,-19.2062,-0.668077,1.28569,-9.7302,1.19912,0.142004,-38.3949,-0.531041,-1.4277,1.88149,-0.0520763,0.0767724,-2.03689,1.68028,1.60216,4.25917,4.48803,1.35997,-0.0202725,1.365,-0.1,False,True
2.92,-0,0,0.722764,0.0591319,-0.0836485,0.76249,-0.773446,-8.04715,10.7478,1.53064,1.29158,-3.30518,-0.757199,6.75557,2.1015,-0.0591319,0.0836485,0.119344,-0,0,-9.05298,0.05166,-0.0886764,-17.2894,-0.661587,1.31123,-14.0715,1.19977,0.117143,-39.0161,-0.53818,-1.42837,1.33392,-0.05166,0.0886764,-1.93739,1.5068,1.43367,4.73935,4.92828,1.36432,-0.0201414,1.365,-0.1,False,True
2.925,-0,0,0.945379,0.0586546,-0.106064,0.751236,-0.812626,-7.58146,14.8001,1.53472,0.333981,-2.96265,-0.722098,7.24747,1.84758,-0.0586546,0.106064,0.10702,-0,0,-10.5651,0.0511895,-0.0984616,-15.3775,-0.654965,1.33817,-18.0386,1.20029,0.0912826,-39.3795,-0.545325,-1.42945,0.886411,-0.0511895,0.0984616,-1.85918,1.30975,1.24175,5.18257,5.32614,1.36863,-0.019989,1.365,-0.1,False,True
2.93,-0,0,1.14472,0.0580713,-0.125926,0.741358,-0.849261,-7.03302,18.5541,1.53398,-0.628627,-2.48877,-0.684724,7.66165,1.56483,-0.0580713,0.125926,0.093857,-0,0,-11.825,0.0506754,-0.106167,-13.5616,-0.648205,1.36592,-21.5527,1.20068,0.0643315,-39.5394,-0.552475,-1.43026,0.538302,-0.0506754,0.106167,-1.80895,1.09834,1.03549,5.57825,5.67288,1.37291,-0.0198188,1.365,-0.1,False,True
2.935,-0,0,1.31489,0.0573953,-0.143144,0.733191,-0.882957,-6.4121,21.9102,1.52844,-1.58082,-1.87592,-0.645482,7.99292,1.26544,-0.0573953,0.143144,0.0806056,-0,0,-12.8216,0.0501278,-0.111936,-11.9275,-0.641305,1.39396,-24.563,1.20093,0.036279,-39.5671,-0.559627,-1.43024,0.275048,-0.0501278,0.111936,-1.78476,0.881419,0.823592,5.91773,5.96177,1.37715,-0.0196337,1.365,-0.1,False,True
2.94,-0,0,1.45241,0.0566398,-0.157776,0.727894,-0.913382,-5.7315,24.787,1.51818,-2.50771,-1.12362,-0.604795,8.23921,0.960975,-0.0566398,0.157776,0.0679847,-0,0,-13.5596,0.049556,-0.116014,-10.5484,-0.634265,1.42185,-27.0472,1.20104,0.00718187,-39.5402,-0.566777,-1.42904,0.0740361,-0.049556,0.116014,-1.77686,0.666804,0.613684,6.1948,6.18834,1.38134,-0.0194366,1.365,-0.1,False,True
2.945,-0,0,1.55631,0.0558175,-0.170012,0.727054,-0.940272,-5.00593,27.1257,1.50336,-3.39529,-0.239175,-0.56309,8.40122,0.661448,-0.0558175,0.170012,0.0566062,-0,0,-14.0568,0.0489677,-0.118732,-9.47862,-0.627087,1.44933,-29.0082,1.201,-0.0228585,-39.5304,-0.573918,-1.42647,-0.0871324,-0.0489677,0.118732,-1.77147,0.46074,0.411807,6.40588,6.35044,1.38548,-0.0192301,1.365,-0.1,False,True
2.95,-0,0,1.62782,0.0549397,-0.180152,0.732275,-0.963441,-4.25117,28.8927,1.48422,-4.23078,0.762414,-0.520783,8.48195,0.374571,-0.0549397,0.180152,0.0469169,-0,0,-14.3407,0.0483687,-0.120483,-8.75176,-0.619772,1.47629,-30.4673,1.20081,-0.0537221,-39.5934,-0.581042,-1.42256,-0.223129,-0.0483687,0.120483,-1.75584,0.26763,0.222176,6.5499,6.44802,1.38956,-0.0190159,1.365,-0.1,False,True
2.955,-0,0,1.66971,0.054016,-0.188563,0.744843,-0.982783,-3.48329,30.0773,1.46105,-5.00274,1.85946,-0.47827,8.48603,0.105442,-0.054016,0.188563,0.0391722,-0,0,-14.4427,0.0477629,-0.121695,-8.38116,-0.612324,1.50279,-31.4571,1.20047,-0.0852963,-39.7634,-0.588143,-1.41749,-0.33734,-0.0477629,0.121695,-1.72249,0.0899832,0.0471657,6.62799,6.48278,1.39359,-0.0187953,1.365,-0.1,False,True
2.96,-0,0,1.68563,0.0530541,-0.195644,0.765551,-0.998274,-2.71796,30.6887,1.4342,-5.70114,3.02512,-0.435922,8.4191,-0.14347,-0.0530541,0.195644,0.0334457,-0,0,-14.3934,0.0471518,-0.122796,-8.36229,-0.604744,1.52903,-32.0146,1.19996,-0.117497,-40.053,-0.595217,-1.41153,-0.423549,-0.0471518,0.122796,-1.67076,-0.0714435,-0.11254,6.64291,6.45769,1.39756,-0.0185688,1.365,-0.1,False,True
2.965,-0,0,1.67939,0.0520596,-0.201794,0.794669,-1.00996,-1.96989,30.7505,1.40404,-6.31724,4.22932,-0.394079,8.28713,-0.372068,-0.0520596,0.201794,0.0296665,-0,0,-14.2178,0.0465349,-0.124196,-8.67637,-0.597034,1.55531,-32.1765,1.19929,-0.150281,-40.4564,-0.602258,-1.40503,-0.471374,-0.0465349,0.124196,-1.60564,-0.217373,-0.257677,6.59842,6.37646,1.40148,-0.0183362,1.365,-0.1,False,True
2.97,-0,0,1.65458,0.0510361,-0.207382,0.832008,-1.01797,-1.25242,30.295,1.37102,-6.84344,5.44069,-0.353051,8.09586,-0.582191,-0.0510361,0.207382,0.0276697,-0,0,-13.9324,0.0459098,-0.126261,-9.2942,-0.589191,1.58197,-31.9755,1.19846,-0.183656,-40.9559,-0.609267,-1.39832,-0.472172,-0.0459098,0.126261,-1.53505,-0.34966,-0.390068,6.49879,6.2431,1.40534,-0.0180967,1.365,-0.1,False,True
2.975,-0,0,1.61427,0.0499857,-0.212741,0.877026,-1.02249,-0.577363,29.3586,1.33561,-7.27305,6.62837,-0.31312,7.85042,-0.777079,-0.0499857,0.212741,0.0272434,-0,0,-13.5442,0.0452723,-0.129311,-10.1799,-0.581214,1.60941,-31.4383,1.19746,-0.217677,-41.5265,-0.616242,-1.39173,-0.422347,-0.0452723,0.129311,-1.46738,-0.470919,-0.512271,6.34823,6.06145,1.40914,-0.0178489,1.365,-0.1,False,True
2.98,-0,0,1.56092,0.0489087,-0.21816,0.928915,-1.02375,0.0450761,27.978,1.29829,-7.60006,7.76356,-0.274547,7.55499,-0.960807,-0.0489087,0.21816,0.0281639,-0,0,-13.0519,0.0446167,-0.13361,-11.2942,-0.573097,1.63799,-30.5845,1.19628,-0.252446,-42.1384,-0.623184,-1.38555,-0.32288,-0.0446167,0.13361,-1.41012,-0.584161,-0.627227,6.15057,5.83492,1.4129,-0.0175909,1.365,-0.1,False,True
2.985,-0,0,1.49644,0.0478041,-0.223882,0.986659,-1.02204,0.606206,26.1877,1.25961,-7.81891,8.82059,-0.237571,7.2127,-1.13773,-0.0478041,0.223882,0.0302166,-0,0,-12.4478,0.0439362,-0.139372,-12.5967,-0.564834,1.66808,-29.4264,1.19493,-0.288105,-42.7588,-0.630097,-1.37998,-0.175921,-0.0439362,0.139372,-1.36967,-0.692462,-0.737932,5.90903,5.56628,1.4166,-0.0173204,1.365,-0.1,False,True
2.99,-0,0,1.42227,0.0466699,-0.23011,1.04907,-1.01768,1.09874,24.0205,1.2201,-7.92434,9.77761,-0.20242,6.82561,-1.31194,-0.0466699,0.23011,0.0332049,-0,0,-11.7216,0.043223,-0.146758,-14.0477,-0.556416,1.69998,-27.9706,1.1934,-0.324826,-43.3509,-0.636984,-1.37515,0.019531,-0.043223,0.146758,-1.35177,-0.79865,-0.847133,5.62607,5.25761,1.42026,-0.0170347,1.365,-0.1,False,True
2.995,-0,0,1.33966,0.045503,-0.237011,1.11477,-1.01105,1.51665,21.5087,1.18036,-7.91143,10.6169,-0.169314,6.39479,-1.48681,-0.045503,0.237011,0.0369509,-0,0,-10.8631,0.0424686,-0.155882,-15.6083,-0.547834,1.73393,-26.2206,1.19168,-0.362799,-43.8749,-0.643849,-1.37113,0.270876,-0.0424686,0.155882,-1.36185,-0.905019,-0.957034,5.30347,4.9103,1.42388,-0.016731,1.365,-0.1,False,True
3,-0,0,1.2498,0.0442998,-0.244717,1.18223,-1.00252,1.85512,18.6879,1.14099,-7.77572,11.3247,-0.138472,5.9206,-1.66444,-0.0442998,0.244717,0.0412936,-0,0,-9.86641,0.0416642,-0.16681,-17.2398,-0.539077,1.77009,-24.1813,1.18977,-0.402223,-44.2887,-0.650695,-1.36787,0.592621,-0.0416642,0.16681,-1.40492,-1.01304,-1.06902,4.94244,4.52521,1.42747,-0.0164062,1.365,-0.1,False,True
3.005,-0,0,1.15414,0.0430559,-0.253332,1.24976,-0.992498,2.11057,15.6013,1.10261,-7.51365,11.8909,-0.110108,5.40307,-1.84523,-0.0430559,0.253332,0.046084,-0,0,-8.73259,0.0408005,-0.179564,-18.9025,-0.530133,1.80853,-21.8658,1.18766,-0.443294,-44.5511,-0.657527,-1.36523,1.00388,-0.0408005,0.179564,-1.48478,-1.12306,-1.18333,4.54387,4.10297,1.43103,-0.0160571,1.365,-0.1,False,True
3.01,-0,0,1.05456,0.0417665,-0.262929,1.31549,-0.981412,2.28085,12.3058,1.06585,-7.12318,12.3083,-0.0844411,4.84233,-2.0273,-0.0417665,0.262929,0.051182,-0,0,-7.47248,0.0398685,-0.194119,-20.5545,-0.520992,1.84922,-19.302,1.18534,-0.486195,-44.6269,-0.664348,-1.36303,1.52274,-0.0398685,0.194119,-1.6027,-1.23401,-1.29881,4.10874,3.64425,1.43457,-0.0156807,1.365,-0.1,False,True
3.015,-0,0,0.953502,0.0404266,-0.273555,1.37744,-0.969689,2.36554,8.87751,1.03137,-6.60481,12.572,-0.0616851,4.23928,-2.20616,-0.0404266,0.273555,0.0564535,-0,0,-6.10863,0.0388593,-0.210407,-22.1497,-0.511641,1.89207,-16.5412,1.1828,-0.531087,-44.4932,-0.671158,-1.36098,2.15816,-0.0388593,0.210407,-1.75584,-1.34311,-1.41261,3.6385,3.15031,1.43809,-0.0152738,1.365,-0.1,False,True
3.02,-0,0,0.853986,0.0390309,-0.285231,1.43352,-0.957757,2.36647,5.41527,0.999805,-5.96271,12.6782,-0.0420484,3.59624,-2.37436,-0.0390309,0.285231,0.061769,-0,0,-4.67618,0.0377644,-0.228313,-23.6375,-0.502071,1.93689,-13.6632,1.18003,-0.578107,-44.1459,-0.677957,-1.35879,2.90143,-0.0377644,0.228313,-1.9359,-1.44575,-1.52001,3.13571,2.62347,1.44161,-0.0148336,1.365,-0.1,False,True
3.025,-0,0,0.759416,0.0375743,-0.297952,1.48159,-0.946025,2.2883,2.04106,0.971747,-5.20608,12.6235,-0.0257227,2.91778,-2.5216,-0.0375743,0.297952,0.067005,-0,0,-3.22187,0.0365762,-0.247679,-24.9628,-0.492272,1.9835,-10.7785,1.17702,-0.627373,-43.6046,-0.684745,-1.35613,3.71943,-0.0365762,0.247679,-2.12852,-1.53547,-1.61451,2.60454,2.06769,1.44513,-0.0143573,1.365,-0.1,False,True
3.03,-0,0,0.673193,0.0360514,-0.311692,1.51955,-0.934874,2.13901,-1.10588,0.947744,-4.3503,12.4044,-0.0128706,2.21129,-2.63532,-0.0360514,0.311692,0.0720467,-0,0,-1.80082,0.0352877,-0.268307,-26.0692,-0.482236,2.03169,-8.02315,1.17375,-0.678989,-42.913,-0.691519,-1.3527,4.55324,-0.0352877,0.268307,-2.314,-1.60439,-1.68814,2.05134,1.48911,1.44865,-0.0138424,1.365,-0.1,False,True
3.035,-0,0,0.598163,0.0344574,-0.326401,1.54537,-0.924635,1.93026,-3.88168,0.928244,-3.41778,12.0164,-0.00360979,1.48752,-2.70183,-0.0344574,0.326401,0.0767911,-0,0,-0.470847,0.0338931,-0.289963,-26.9024,-0.471955,2.08131,-5.54493,1.17023,-0.733062,-42.133,-0.698272,-1.34824,5.32421,-0.0338931,0.289963,-2.46949,-1.64392,-1.73223,1.48498,0.896393,1.45219,-0.0132871,1.365,-0.1,False,True
3.04,-0,0,0.536011,0.0327874,-0.342013,1.55727,-0.915571,1.67724,-6.15643,0.913566,-2.43786,11.4543,0.00200457,0.760623,-2.70804,-0.0327874,0.342013,0.0811499,-0,0,0.715264,0.032388,-0.312383,-27.4159,-0.461423,2.13227,-3.48165,1.16642,-0.789714,-41.332,-0.705001,-1.34256,5.94818,-0.032388,0.312383,-2.57254,-1.64584,-1.7385,0.916922,0.300799,1.45575,-0.0126895,1.365,-0.1,False,True
3.045,-0,0,0.486785,0.0310372,-0.358444,1.55375,-0.907862,1.39807,-7.83506,0.903866,-1.44587,10.7121,0.00399644,0.0477967,-2.64329,-0.0310372,0.358444,0.0850488,-0,0,1.71789,0.0307693,-0.335286,-27.5769,-0.450633,2.18457,-1.93612,1.16233,-0.849088,-40.5656,-0.711698,-1.33548,6.3548,-0.0307693,0.335286,-2.60518,-1.60348,-1.70016,0.360953,-0.284046,1.45934,-0.0120487,1.365,-0.1,False,True
3.05,-0,0,0.44874,0.029203,-0.375597,1.53379,-0.90159,1.11268,-8.87446,0.899108,-0.481087,9.78288,0.00248253,-0.63159,-2.50087,-0.029203,0.375597,0.0884201,-0,0,2.51693,0.0290352,-0.35838,-27.3698,-0.439577,2.23825,-0.954512,1.15793,-0.911346,-39.8616,-0.718356,-1.3269,6.5067,-0.0290352,0.35838,-2.5574,-1.5127,-1.61297,-0.167481,-0.842783,1.46296,-0.0113639,1.365,-0.1,False,True
3.055,-0,0,0.418599,0.0272813,-0.393363,1.49692,-0.896735,0.841201,-9.29108,0.899055,0.415929,8.6591,-0.00231946,-1.25713,-2.27872,-0.0272813,0.393363,0.0911875,-0,0,3.11406,0.0271855,-0.381374,-26.7979,-0.42825,2.29334,-0.515606,1.15322,-0.976652,-39.2083,-0.724967,-1.31669,6.41248,-0.0271855,0.381374,-2.42899,-1.37233,-1.47557,-0.652149,-1.35917,1.46662,-0.010635,1.365,-0.1,False,True
3.06,-0,0,0.3922,0.0252693,-0.411612,1.44333,-0.893178,0.602503,-9.15562,0.903267,1.20606,7.33219,-0.0100888,-1.80857,-1.97893,-0.0252693,0.411612,0.0932417,-0,0,3.52973,0.0252214,-0.403987,-25.8809,-0.416644,2.34985,-0.534509,1.14817,-1.04514,-38.5519,-0.731523,-1.30471,6.13107,-0.0252214,0.403987,-2.22976,-1.18383,-1.28922,-1.07696,-1.81696,1.47031,-0.00986249,1.365,-0.1,False,True
3.065,-0,0,0.365346,0.0231651,-0.430191,1.37386,-0.89071,0.412884,-8.576,0.911116,1.85383,5.7922,-0.0204051,-2.26671,-1.6063,-0.0231651,0.430191,0.0944048,-0,0,3.79491,0.0231456,-0.425951,-24.6498,-0.404752,2.40762,-0.879371,1.14277,-1.11688,-37.8006,-0.738014,-1.29074,5.76951,-0.0231456,0.425951,-1.97873,-0.950382,-1.05684,-1.42669,-2.20065,1.47405,-0.00904718,1.365,-0.1,False,True
3.07,-0,0,0.334586,0.0209674,-0.448899,1.28999,-0.889049,0.285407,-7.67302,0.921805,2.32848,4.02737,-0.0327559,-2.61389,-1.16618,-0.0209674,0.448899,0.0943791,-0,0,3.93876,0.0209619,-0.447011,-23.1414,-0.392568,2.46633,-1.39447,1.137,-1.19183,-36.8286,-0.74443,-1.2745,5.48265,-0.0209619,0.447011,-1.70558,-0.675563,-0.781615,-1.68735,-2.49576,1.47783,-0.00819052,1.365,-0.1,False,True
3.075,-0,0,0.297735,0.0186761,-0.467462,1.19507,-0.887856,0.229877,-6.60252,0.9344,2.60392,2.1274,-0.046544,-2.8338,-0.687397,-0.0186761,0.467462,0.0924939,-0,0,3.96587,0.0186755,-0.466911,-21.5003,-0.380088,2.52542,-1.89558,1.13085,-1.26978,-35.495,-0.750759,-1.25564,5.57212,-0.0186755,0.466911,-1.56897,-0.377719,-0.481191,-1.84616,-2.68886,1.48165,-0.00729445,1.365,-0.1,False,True
3.08,-0,0,-0.0576359,0.0162928,-0.485419,0.229901,-0.886751,0.246326,-2.34084,0.947845,2.67787,1.1135,-0.0610939,-2.92419,-0.147835,-0.0162928,0.485419,0.0936609,-0,0,3.76081,0.0162928,-0.485354,-17.0251,-0.367313,2.58405,-5.46705,1.1243,-1.35033,-35.4317,-0.756987,-1.23372,2.96844,-0.0162928,0.485354,0.21146,-0.0402477,-0.144451,-1.90177,-2.77755,1.48551,-0.00636143,1.365,-0.1,True,True
3.085,-0,0,-0.291034,0.013822,-0.501952,-0.408781,-0.885393,0.30378,0.73137,0.961179,2.63465,0.693293,-0.0757859,-2.93843,0.137099,-0.013822,0.501952,0.100874,-0,0,3.33951,0.013822,-0.501952,-14.2288,-0.354248,2.64133,-7.80314,1.11734,-1.43296,-34.5606,-0.763096,-1.20837,2.60677,-0.013822,0.501952,0.301017,0.141686,0.0297268,-1.89768,-2.80375,1.48941,-0.00539463,1.38474,-0.0868421,True,True
3.09,-0,0,-0.519492,0.0112733,-0.516358,-1.03887,-0.883713,0.368269,4.2268,0.974191,2.56832,0.639684,-0.0904782,-2.93659,0.295069,-0.0112733,0.516358,0.119651,-0,0,2.75966,0.0112733,-0.516358,-11.2295,-0.3409,2.6965,-10.5048,1.10997,-1.51713,-33.6821,-0.76907,-1.17937,2.14788,-0.0112733,0.516358,0.359729,0.25086,0.118098,-1.88262,-2.81492,1.49334,-0.00439812,1.40447,-0.0736842,True,True
3.095,-0,0,-0.658271,0.00865838,-0.528406,-1.38746,-0.88171,0.432505,7.49297,0.986862,2.4983,0.285135,-0.105152,-2.9308,0.404329,-0.00865838,0.528406,0.170559,-0,0,2.1459,0.00865838,-0.528406,-8.32832,-0.327283,2.74892,-12.8936,1.10217,-1.60229,-32.4636,-0.77489,-1.14663,1.73004,-0.00865838,0.528406,0.466798,0.347582,0.158167,-1.86651,-2.82057,1.4973,-0.00337648,1.42421,-0.0605263,True,True
3.1,-0,0,-0.685812,0.00598923,-0.538037,-1.36049,-0.879388,0.496107,10.2677,0.999174,2.42476,-0.521597,-0.119786,-2.92087,0.481689,-0.00598923,0.538037,0.267909,-0,0,1.55974,0.00598923,-0.538037,-5.69835,-0.313411,2.79815,-14.7356,1.09395,-1.68793,-30.87,-0.780537,-1.11022,1.37507,-0.00598923,0.538037,0.599077,0.450331,0.152468,-1.84925,-2.82047,1.50128,-0.00233444,1.44395,-0.0473684,True,True
3.105,-0,0,-0.599997,0.003278,-0.54524,-0.930799,-0.876749,0.558701,12.4574,1.01111,2.34803,-1.79004,-0.13436,-2.90673,0.526557,-0.003278,0.54524,0.417752,-0,0,1.02814,0.003278,-0.54524,-3.42056,-0.299301,2.84389,-15.9633,1.08529,-1.77361,-28.9287,-0.785992,-1.07028,1.07609,-0.003278,0.54524,0.725097,0.56212,0.0972229,-1.83082,-2.81459,1.50528,-0.00127678,1.46368,-0.0342105,True,True
3.11,-0,0,-0.402988,0.00053683,-0.550019,-0.0897838,-0.873801,0.619922,14.027,1.02265,2.26851,-3.51757,-0.148854,-2.88843,0.539621,-0.00053683,0.550019,0.623013,-0,0,0.564172,0.00053683,-0.550019,-1.52786,-0.284972,2.88593,-16.5538,1.07621,-1.85889,-26.6612,-0.791239,-1.02704,0.825795,-0.00053683,0.550019,0.826144,0.685023,-0.00883333,-1.81125,-2.80298,1.50929,-0.000208251,1.48342,-0.0210526,True,True
3.115,-0,0,-0.0976447,-0.00222219,-0.552378,1.16524,-0.87055,0.679411,14.9645,1.03379,2.1866,-5.69947,-0.163245,-2.86601,0.520987,0.00222219,0.552378,0.884327,-0,0,0.174467,-0.00222219,-0.552378,-0.0331717,-0.270442,2.92405,-16.5013,1.0667,-1.94332,-24.0824,-0.796263,-0.980721,0.617618,0.00222219,0.552378,0.890123,0.819465,-0.166079,-1.79058,-2.78569,1.51331,0.000866421,1.50316,-0.00789474,True,True
3.12,-0,0,0.31328,-0.00498695,-0.552315,2.83384,-0.867007,0.736821,15.2643,1.04452,2.10273,-8.33026,-0.177514,-2.83955,0.468564,0.00498695,0.552315,1.19855,-0,0,-0.13702,-0.00498695,-0.552315,1.05674,-0.255732,2.95806,-15.8049,1.05678,-2.02646,-21.2063,-0.801047,-0.931599,0.445906,0.00498695,0.552315,0.907813,0.962376,-0.374181,-1.76887,-2.76279,1.51732,0.00194252,1.52289,0.00526316,True,True
3.125,-0,0,0.825529,-0.00774533,-0.549821,4.90706,-0.863182,0.791814,14.9244,1.05482,2.01732,-11.398,-0.19164,-2.80913,0.37596,0.00774533,0.549821,1.55432,-0,0,-0.367542,-0.00774533,-0.549821,1.73686,-0.240861,2.98779,-14.4709,1.04644,-2.10784,-18.0538,-0.805579,-0.879953,0.305881,0.00774533,0.549821,0.871503,1.10339,-0.630939,-1.74621,-2.73438,1.52132,0.00301535,1.54263,0.0184211,True,True
3.13,-0,0,1.42868,-0.0104852,-0.544883,7.35271,-0.859089,0.844075,13.9548,1.06469,1.9308,-14.8706,-0.205605,-2.77487,0.229276,0.0104852,0.544883,1.92356,-0,0,-0.515643,-0.0104852,-0.544883,2.00745,-0.225854,3.01311,-12.5261,1.0357,-2.18701,-14.6683,-0.809846,-0.826094,0.193818,0.0104852,0.544883,0.776028,1.21802,-0.929504,-1.72269,-2.70055,1.5253,0.00408018,1.56237,0.0315789,True,True
3.135,-0,0,2.097,-0.0131942,-0.537484,10.0878,-0.854741,0.893334,12.399,1.07413,1.84367,-18.6706,-0.219389,-2.73701,0.00224921,0.0131942,0.537484,2.24704,-0,0,-0.582449,-0.0131942,-0.537484,1.88628,-0.21073,3.03398,-10.0473,1.02457,-2.26361,-11.1397,-0.813839,-0.770369,0.107523,0.0131942,0.537484,0.622541,1.25649,-1.25334,-1.69851,-2.66149,1.52926,0.00513226,1.58211,0.0447368,True,True
3.14,-0,0,2.7743,-0.01586,-0.527625,12.9324,-0.850155,0.939414,10.375,1.08313,1.75651,-22.6332,-0.232975,-2.69593,-0.35042,0.01586,0.527625,2.41237,-0,0,-0.574507,-0.01586,-0.527625,1.43206,-0.195514,3.05061,-7.212,1.01306,-2.33743,-7.64349,-0.81755,-0.713176,0.0466142,0.01586,0.527625,0.424857,1.12709,-1.56797,-1.67398,-2.61756,1.53319,0.00616686,1.60184,0.0578947,True,True
3.145,-0,0,3.35442,-0.0184704,-0.51534,15.5411,-0.845347,0.982302,8.1379,1.0917,1.67006,-26.4407,-0.246348,-2.65237,-0.899625,0.0184704,0.51534,2.22614,-0,0,-0.51007,-0.0184704,-0.51534,0.779582,-0.180224,3.06358,-4.37731,1.0012,-2.40861,-4.50116,-0.820971,-0.654971,0.0105344,0.0184704,0.51534,0.215428,0.676178,-1.8093,-1.64964,-2.5694,1.53709,0.00717924,1.62158,0.0710526,True,True
3.15,-0,0,3.62279,-0.0210134,-0.500739,17.495,-0.840332,1.02229,6.27977,1.09983,1.58531,-29.5396,-0.259499,-2.60759,-1.65407,0.0210134,0.500739,1.5325,-0,0,-0.425731,-0.0210134,-0.500739,0.143536,-0.164878,3.0742,-2.22208,0.988978,-2.47792,-2.11694,-0.8241,-0.596281,-0.00891168,0.0210134,0.500739,0.0448154,-0.190117,-1.8948,-1.62639,-2.51812,1.54095,0.00816479,1.64132,0.0842105,True,True
3.155,-0,0,2.94601,-0.0234778,-0.484076,19.4147,-0.835124,1.05981,6.47162,1.10755,1.50313,-31.1534,-0.272424,-2.56294,-2.01006,0.0234778,0.484076,1.08641,-0,0,-0.298654,-0.0234778,-0.484123,-0.455466,-0.149482,3.07699,-2.0169,0.976416,-2.5368,-0.117081,-0.826934,-0.540191,-0.0430767,0.0234778,0.484123,-0.0373338,-0.667176,-1.86882,-1.60505,-2.46504,1.54477,0.00911924,1.66105,0.0973684,True,True
3.16,-0,0,0.565076,-0.0258542,-0.465835,22.7925,-0.829734,1.09354,9.93577,1.11486,1.42178,-31.2873,-0.285128,-2.51532,-1.62664,0.0258542,0.465835,2.21423,-0,0,0.106568,-0.0258546,-0.466379,-1.38236,-0.134108,3.01125,-4.44963,0.96361,-2.50325,2.51687,-0.829501,-0.50801,-0.170307,0.0258546,0.466379,-0.0898477,0.207022,-2.2634,-1.58273,-2.40816,1.54855,0.010039,1.665,0.1,True,False
3.165,-0,0,-2.89116,-0.0281361,-0.44659,23.543,-0.824189,1.12145,18.3863,1.12177,1.33921,-25.4478,-0.297577,-2.46067,2.48749,0.0281361,0.44659,1.93916,-0,0,0.297967,-0.0281416,-0.448644,-1.49593,-0.11937,2.80551,-11.5963,0.951384,-2.28009,2.41659,-0.832014,-0.525415,-0.470551,0.0281416,0.448644,-0.0881029,2.67281,0.467752,-1.55569,-2.34483,1.5523,0.0109216,1.665,0.1,True,False
3.17,-0,0,-6.49765,-0.0303201,-0.4268,24.131,-0.81852,1.14358,26.3418,1.12825,1.25649,-20.1612,-0.309735,-2.40007,5.39137,0.0303201,0.4268,1.85581,-0,0,0.520277,-0.0303411,-0.431586,-1.60428,-0.106053,2.45231,-18.5984,0.940809,-1.85511,2.23042,-0.834756,-0.597199,-0.76178,0.0303411,0.431586,-0.0839085,4.48373,2.33381,-1.52441,-2.27636,1.55603,0.0117655,1.665,0.1,True,False
3.175,-0,0,-9.85892,-0.0324041,-0.406777,24.5009,-0.812753,1.16076,33.0481,1.13433,1.17529,-15.8885,-0.321578,-2.33604,7.05018,0.0324041,0.406777,1.80222,-0,0,0.749764,-0.0324575,-0.415504,-1.7007,-0.0948467,1.97135,-24.7502,0.932833,-1.25433,1.97667,-0.837986,-0.717016,-1.00739,0.0324575,0.415504,-0.0786713,5.52241,3.40344,-1.49059,-2.20504,1.55975,0.0125702,1.665,0.1,True,False
3.18,-0,0,-12.8392,-0.0343878,-0.38672,24.7242,-0.806912,1.17364,38.5757,1.14001,1.09665,-12.4766,-0.333095,-2.27029,7.96733,0.0343878,0.38672,1.76058,-0,0,0.97448,-0.0344961,-0.400516,-1.7841,-0.0863396,1.38312,-29.9856,0.928265,-0.507856,1.67125,-0.841926,-0.875266,-1.19543,0.0344961,0.400516,-0.0732078,6.0968,4.00186,-1.45544,-2.13245,1.56348,0.0133352,1.665,0.1,True,False
3.185,-0,0,-15.3449,-0.0362713,-0.366735,24.8731,-0.801017,1.18282,42.9491,1.1453,1.02123,-9.87354,-0.344281,-2.20405,8.43489,0.0362713,0.366735,1.73034,-0,0,1.18381,-0.0364626,-0.386598,-1.85343,-0.0810155,0.709237,-34.2453,0.927754,0.349925,1.32781,-0.846739,-1.05916,-1.31529,0.0364626,0.386598,-0.0681605,6.39132,4.31224,-1.41983,-2.05966,1.56722,0.0140606,1.665,0.1,True,False
3.19,-0,0,-17.3202,-0.0380552,-0.346851,25.01,-0.795084,1.18882,46.1852,1.15022,0.949419,-8.06694,-0.355136,-2.13824,8.61797,0.0380552,0.346851,1.71622,-0,0,1.36883,-0.0383621,-0.373609,-1.90764,-0.0792472,-0.0277412,-37.4963,0.931765,1.28105,0.958362,-0.852517,-1.25331,-1.35957,0.0383621,0.373609,-0.0640286,6.51312,4.43526,-1.38447,-1.98743,1.57099,0.0147466,1.665,0.1,True,False
3.195,-0,0,-18.7459,-0.0397399,-0.327039,25.1807,-0.789128,1.19213,48.3246,1.15479,0.881439,-7.03671,-0.365663,-2.07357,8.61773,0.0397399,0.327039,1.72191,-0,0,1.52283,-0.0401987,-0.361327,-1.94574,-0.0812929,-0.80512,-39.7477,0.940565,2.24587,0.573781,-0.859272,-1.44075,-1.32561,0.0401987,0.361327,-0.0611789,6.52838,4.43214,-1.34995,-1.91632,1.5748,0.0153934,1.665,0.1,True,False
3.2,-0,0,-19.6359,-0.0413256,-0.30723,25.4106,-0.783162,1.19323,49.4462,1.15903,0.817402,-6.73094,-0.375871,-2.01063,8.50537,0.0413256,0.30723,1.74737,-0,0,1.64174,-0.0419754,-0.349466,-1.96681,-0.0872984,-1.60126,-41.0577,0.954223,3.20561,0.18404,-0.866925,-1.60435,-1.21611,0.0419754,0.349466,-0.0598527,6.48235,4.34746,-1.31678,-1.84671,1.57865,0.016001,1.665,0.1,True,False
3.205,-0,0,-20.032,-0.0428122,-0.287333,25.7053,-0.777196,1.19255,49.6654,1.16297,0.757325,-7.06247,-0.38577,-1.94988,8.33638,0.0428122,0.287333,1.78883,-0,0,1.72424,-0.0436934,-0.337705,-1.97004,-0.0973055,-2.39679,-41.5281,0.972621,4.12489,-0.201907,-0.875315,-1.72811,-1.03859,0.0436934,0.337705,-0.060176,6.40843,4.2181,-1.2854,-1.77889,1.58255,0.0165694,1.665,0.1,True,False
3.21,-0,0,-19.9944,-0.0441989,-0.267252,26.0547,-0.771237,1.1905,49.121,1.16661,0.701151,-7.91982,-0.39537,-1.89165,8.15366,0.0441989,0.267252,1.84047,-0,0,1.77144,-0.0453524,-0.325712,-1.95492,-0.111266,-3.17553,-41.2892,0.995472,4.97382,-0.576444,-0.884206,-1.7983,-0.804104,0.0453524,0.325712,-0.0621747,6.3309,4.07427,-1.25616,-1.71303,1.5865,0.0170987,1.665,0.1,True,False
3.215,-0,0,-19.5918,-0.0454847,-0.246904,26.4388,-0.765291,1.18744,47.9558,1.16998,0.648769,-9.18446,-0.404686,-1.83621,7.98604,0.0454847,0.246904,1.89647,-0,0,1.78626,-0.0469505,-0.313155,-1.92137,-0.129061,-3.92494,-40.4801,1.02236,5.72907,-0.933656,-0.893298,-1.80413,-0.52545,0.0469505,0.313155,-0.0657929,6.26517,3.93739,-1.22933,-1.64927,1.5905,0.0175886,1.665,0.1,True,False
3.22,-0,0,-18.8913,-0.0466679,-0.226224,26.8335,-0.759363,1.18372,46.2999,1.17309,0.600027,-10.7468,-0.413732,-1.78375,7.84718,0.0466679,0.226224,1.95262,-0,0,1.77263,-0.048484,-0.299724,-1.86993,-0.150516,-4.63604,-39.2308,1.05276,6.37401,-1.26957,-0.902247,-1.73796,-0.215589,0.048484,0.299724,-0.0709114,6.21781,3.81847,-1.20511,-1.58768,1.59455,0.0180388,1.665,0.1,True,False
3.225,-0,0,-17.9516,-0.0477469,-0.205174,27.2144,-0.753454,1.17968,44.2584,1.17598,0.554748,-12.5168,-0.422524,-1.73443,7.7366,0.0477469,0.205174,2.00696,-0,0,1.73476,-0.0499477,-0.285138,-1.80184,-0.175421,-5.30294,-37.6492,1.0861,6.89812,-1.58213,-0.910678,-1.59518,0.113481,0.0499477,0.285138,-0.0773614,6.18749,3.71837,-1.18366,-1.52835,1.59865,0.018449,1.665,0.1,True,False
3.23,-0,0,-16.8192,-0.0487197,-0.183744,27.5586,-0.747566,1.17565,41.9061,1.17864,0.512737,-14.4273,-0.431077,-1.68839,7.64272,0.0487197,0.183744,2.05955,-0,0,1.6765,-0.0513353,-0.269152,-1.71915,-0.203545,-5.92203,-35.8145,1.12174,7.29585,-1.87102,-0.918199,-1.37382,0.451258,0.0513353,0.269152,-0.0849323,6.16679,3.6298,-1.16506,-1.47137,1.6028,0.018819,1.665,0.1,True,False
3.235,-0,0,-15.5269,-0.0495844,-0.161954,27.8453,-0.741697,1.17196,39.2885,1.1811,0.473788,-16.4327,-0.439408,-1.64575,7.54691,0.0495844,0.161954,2.11166,-0,0,1.60099,-0.0526392,-0.25157,-1.62465,-0.234642,-6.49121,-33.777,1.15906,7.56542,-2.13721,-0.924416,-1.0742,0.788745,0.0526392,0.25157,-0.0933741,6.14427,3.54032,-1.14941,-1.41684,1.60699,0.0191485,1.665,0.1,True,False
3.24,-0,0,-14.0958,-0.0503392,-0.139853,28.0547,-0.735846,1.16897,36.4258,1.18338,0.437683,-18.5035,-0.447534,-1.60665,7.42736,0.0503392,0.139853,2.16478,-0,0,1.51037,-0.053851,-0.232246,-1.52183,-0.268457,-7.00908,-31.5605,1.1974,7.70764,-2.38249,-0.928941,-0.698557,1.11813,0.053851,0.232246,-0.102395,6.10645,3.43534,-1.13675,-1.3649,1.61123,0.0194373,1.665,0.1,True,False
3.245,-0,0,-12.5375,-0.0509829,-0.117521,28.1662,-0.730008,1.16703,33.3203,1.18548,0.404196,-20.6203,-0.455474,-1.57122,7.26219,0.0509829,0.117521,2.21957,-0,0,1.40574,-0.0549617,-0.211098,-1.41466,-0.304732,-7.47426,-29.1684,1.23613,7.72505,-2.60895,-0.931402,-0.250791,1.43232,0.0549617,0.211098,-0.111657,6.03926,3.30066,-1.12712,-1.31571,1.6155,0.0196853,1.665,0.1,True,False
3.25,-0,0,-10.8578,-0.0515144,-0.0950706,28.1577,-0.724176,1.16652,29.9629,1.18742,0.373085,-22.7671,-0.463246,-1.5396,7.03187,0.0515144,0.0950706,2.27502,-0,0,1.2872,-0.055962,-0.188115,-1.30742,-0.3432,-7.88486,-26.5892,1.27465,7.62124,-2.8185,-0.931449,0.26362,1.72447,0.055962,0.188115,-0.12078,5.92909,3.12445,-1.1205,-1.26948,1.6198,0.0198927,1.665,0.1,True,False
3.255,-0,0,-9.0604,-0.0519336,-0.0726461,28.0044,-0.718343,1.16782,26.3413,1.18921,0.344089,-24.9264,-0.47087,-1.51191,6.72095,0.0519336,0.0726461,2.32801,-0,0,1.15402,-0.0568429,-0.163364,-1.20435,-0.383581,-8.23816,-23.803,1.31235,7.40052,-3.01238,-0.928765,0.837641,1.9877,0.0568429,0.163364,-0.129337,5.76378,2.89867,-1.11688,-1.2264,1.62413,0.0200598,1.665,0.1,True,False
3.26,-0,0,-7.15069,-0.0522409,-0.0504257,27.6791,-0.712498,1.17132,22.4471,1.19086,0.316927,-27.0743,-0.478365,-1.48825,6.3197,0.0522409,0.0504257,2.37319,-0,0,1.00492,-0.0575957,-0.137001,-1.10928,-0.425581,-8.5304,-20.7876,1.34865,7.06777,-3.19067,-0.923073,1.46263,2.21491,0.0575957,0.137001,-0.136874,5.53355,2.62017,-1.11615,-1.1867,1.62848,0.020187,1.665,0.1,True,False
3.265,-0,0,-5.13915,-0.0524378,-0.0286205,27.1541,-0.706629,1.17735,18.2829,1.19238,0.291292,-29.1788,-0.485753,-1.46864,5.82563,0.0524378,0.0286205,2.40354,-0,0,0.838472,-0.0582129,-0.109275,-1.02532,-0.468885,-8.7568,-17.5243,1.38302,6.62852,-3.35178,-0.914139,2.12828,2.39893,0.0582129,0.109275,-0.142926,5.23247,2.29127,-1.11816,-1.15057,1.63286,0.0202752,1.665,0.1,True,False
3.27,-0,0,-3.04417,-0.0525271,-0.007471,26.4039,-0.700724,1.1862,13.8681,1.19378,0.266854,-31.1986,-0.493052,-1.45306,5.2449,0.0525271,0.007471,2.41155,-0,0,0.653636,-0.0586884,-0.0805251,-0.954475,-0.513149,-8.9117,-14.0035,1.41494,6.08906,-3.4919,-0.90179,2.82263,2.5329,0.0586884,0.0805251,-0.147049,4.86001,1.92007,-1.12266,-1.11818,1.63724,0.0203254,1.665,0.1,True,False
3.275,-0,0,-0.893895,-0.0525126,0.0127594,25.4101,-0.694767,1.19808,9.2439,1.19505,0.243259,-33.0851,-0.500283,-1.44134,4.59315,0.0525126,-0.0127594,2.3911,-0,0,0.45033,-0.0590181,-0.0511738,-0.897486,-0.558002,-8.98896,-10.2303,1.44391,5.45676,-3.60452,-0.885913,3.5322,2.61081,0.0590181,0.0511738,-0.148855,4.42275,1.51991,-1.12931,-1.08963,1.64163,0.020339,1.665,0.1,True,False
3.28,-0,0,1.27331,-0.0523995,0.0317952,24.1662,-0.688743,1.21306,4.47496,1.19621,0.220142,-34.7865,-0.507465,-1.4332,3.89544,0.0523995,-0.0317952,2.3395,-0,0,0.229996,-0.0592001,-0.0217138,-0.853744,-0.603039,-8.98247,-6.22867,1.46951,4.74022,-3.68,-0.866468,4.24225,2.62825,0.0592001,0.0217138,-0.148054,3.93555,1.10812,-1.13764,-1.06494,1.64603,0.0203178,1.665,0.1,True,False
3.285,-0,0,3.41022,-0.0521946,0.0493641,22.6832,-0.682637,1.23108,-0.351226,1.19725,0.197135,-36.2539,-0.514615,-1.42821,3.18437,0.0521946,-0.0493641,2.25929,-0,0,-0.00399528,-0.0592353,0.0073179,-0.821479,-0.647827,-8.88681,-2.04448,1.49132,3.94948,-3.70548,-0.84349,4.93732,2.58317,0.0592353,-0.0073179,-0.1445,3.42143,0.703838,-1.14709,-1.04399,1.65042,0.0202639,1.665,0.1,True,False
3.29,-0,0,5.46387,-0.0519059,0.0652157,20.9931,-0.676433,1.25193,-5.12938,1.19818,0.173889,-37.4493,-0.521747,-1.42582,2.49645,0.0519059,-0.0652157,2.15895,-0,0,-0.246215,-0.059127,0.0353709,-0.798135,-0.691907,-8.69798,2.25374,1.509,3.0961,-3.66521,-0.817095,5.60188,2.47644,0.059127,-0.0353709,-0.138218,2.90955,0.325271,-1.157,-1.02657,1.65479,0.0201797,1.665,0.1,True,False
3.295,-0,0,7.38026,-0.0515424,0.0791431,19.1499,-0.670117,1.27523,-9.7448,1.19899,0.150093,-38.3528,-0.528873,-1.42532,1.86663,0.0515424,-0.0791431,2.05186,-0,0,-0.489438,-0.0588815,0.0619188,-0.7809,-0.734806,-8.41417,6.5771,1.52228,2.19308,-3.5414,-0.787472,6.22109,2.31222,0.0588815,-0.0619188,-0.129429,2.43103,-0.0131283,-1.16668,-1.01233,1.65915,0.0200681,1.665,0.1,True,False
3.3,-0,0,9.10977,-0.0511144,0.0910043,17.2271,-0.66368,1.30049,-14.0842,1.19968,0.125495,-38.9688,-0.536001,-1.42599,1.32218,0.0511144,-0.0910043,1.95328,-0,0,-0.725305,-0.0585078,0.0864988,-0.767271,-0.776049,-8.03626,10.8214,1.53093,1.25461,-3.31579,-0.754884,6.78166,2.09786,0.0585078,-0.0864988,-0.118547,2.01312,-0.302853,-1.17543,-1.0008,1.66348,0.0199321,1.665,0.1,True,False
3.305,-0,0,10.6125,-0.0506324,0.100742,15.3112,-0.657113,1.32714,-18.0473,1.20025,0.0999183,-39.3282,-0.543133,-1.42706,0.877439,0.0506324,-0.100742,1.87616,-0,0,-0.94529,-0.0580166,0.108748,-0.755537,-0.815169,-7.56833,14.8751,1.53482,0.295771,-2.97155,-0.719655,7.27256,1.8433,0.0580166,-0.108748,-0.106154,1.6732,-0.54223,-1.18262,-0.991462,1.66778,0.019775,1.665,0.1,True,False
3.31,-0,0,11.8623,-0.050107,0.108399,13.4934,-0.650409,1.35459,-21.5557,1.20068,0.0732706,-39.4858,-0.550271,-1.42786,0.531286,0.050107,-0.108399,1.82696,-0,0,-1.14178,-0.0574203,0.128434,-0.745038,-0.851732,-7.01766,18.6278,1.53389,-0.667942,-2.49553,-0.682158,7.68561,1.5602,0.0574203,-0.128434,-0.092953,1.41465,-0.73563,-1.18779,-0.983748,1.67205,0.0196,1.665,0.1,True,False
3.315,-0,0,12.8488,-0.0495484,0.114121,11.8597,-0.643567,1.38229,-24.5592,1.20098,0.0455398,-39.5133,-0.557412,-1.42783,0.268916,0.0495484,-0.114121,1.80351,-0,0,-1.30901,-0.0567322,0.145472,-0.736169,-0.885346,-6.39459,21.9804,1.52814,-1.62111,-1.88023,-0.642799,8.0157,1.26076,0.0567322,-0.145472,-0.0796941,1.22663,-0.891098,-1.19065,-0.977113,1.67627,0.0194102,1.665,0.1,True,False
3.32,-0,0,13.5774,-0.0489658,0.118156,10.4828,-0.636586,1.40984,-27.0361,1.20114,0.0167812,-39.4883,-0.564549,-1.42662,0.067742,0.0489658,-0.118156,1.79586,-0,0,-1.44364,-0.0559656,0.159924,-0.730136,-0.915678,-5.712,24.8514,1.51768,-2.54884,-1.12531,-0.602001,8.26084,0.956553,0.0559656,-0.159924,-0.067096,1.08847,-1.01711,-1.19113,-0.971058,1.68044,0.0192086,1.665,0.1,True,False
3.325,-0,0,14.0666,-0.0483669,0.120838,9.41676,-0.629468,1.43696,-28.9896,1.20115,-0.0129043,-39.482,-0.571678,-1.42406,-0.0943046,0.0483669,-0.120838,1.79012,-0,0,-1.54483,-0.055133,0.171989,-0.728559,-0.942466,-4.98464,27.183,1.50266,-3.43716,-0.238276,-0.560191,8.4218,0.65755,0.055133,-0.171989,-0.0557676,0.977419,-1.11952,-1.1894,-0.965166,1.68457,0.0189975,1.665,0.1,True,False
3.33,-0,0,14.3443,-0.0477574,0.122563,8.69475,-0.622216,1.46357,-30.4417,1.20101,-0.0433972,-39.5498,-0.57879,-1.42017,-0.231374,0.0477574,-0.122563,1.77361,-0,0,-1.61392,-0.0542457,0.181969,-0.733056,-0.965524,-4.22833,28.9419,1.48331,-4.2733,0.765699,-0.517783,8.50163,0.371418,0.0542457,-0.181969,-0.0461509,0.876652,-1.19982,-1.18582,-0.95911,1.68863,0.0187788,1.665,0.1,True,False
3.335,-0,0,14.4421,-0.0471412,0.123759,8.3296,-0.614833,1.48971,-31.4248,1.20071,-0.0745846,-39.7253,-0.58588,-1.41512,-0.346336,0.0471412,-0.123759,1.73905,-0,0,-1.65377,-0.0533133,0.190237,-0.744911,-0.984749,-3.45916,30.118,1.45992,-5.04587,1.86475,-0.475174,8.50503,0.103196,0.0533133,-0.190237,-0.0384957,0.780011,-1.25544,-1.1809,-0.95265,1.69265,0.0185538,1.665,0.1,True,False
3.34,-0,0,14.3908,-0.0465198,0.124856,8.31639,-0.607319,1.51559,-31.9763,1.20026,-0.106381,-40.0201,-0.592941,-1.40921,-0.432654,0.0465198,-0.124856,1.68597,-0,0,-1.66806,-0.0523433,0.197194,-0.764911,-1.00012,-2.6928,30.7209,1.43285,-5.74486,3.03191,-0.432733,8.43766,-0.14471,0.0523433,-0.197194,-0.0328701,0.691688,-1.28176,-1.1752,-0.945629,1.6966,0.0183229,1.665,0.1,True,False
3.345,-0,0,14.2151,-0.0458927,0.126262,8.636,-0.599677,1.5415,-32.1327,1.19965,-0.138744,-40.4285,-0.599972,-1.40276,-0.479929,0.0458927,-0.126262,1.61948,-0,0,-1.66063,-0.0513413,0.20324,-0.793311,-1.01168,-1.94395,30.7745,1.40247,-6.36156,4.23697,-0.390798,8.30551,-0.372266,0.0513413,-0.20324,-0.0291989,0.621798,-1.27495,-1.16934,-0.937948,1.7005,0.018086,1.665,0.1,True,False
3.35,-0,0,13.9313,-0.0452572,0.128343,9.25899,-0.591904,1.56781,-31.9266,1.19887,-0.171678,-40.9326,-0.606969,-1.39613,-0.479792,0.0452572,-0.128343,1.54758,-0,0,-1.63503,-0.0503109,0.208747,-0.829914,-1.01956,-1.22593,30.3114,1.36923,-6.88839,5.44852,-0.349678,8.11432,-0.581369,0.0503109,-0.208747,-0.0273139,0.580834,-1.23419,-1.16387,-0.929554,1.70434,0.0178421,1.665,0.1,True,False
3.355,-0,0,13.5459,-0.0446092,0.131419,10.1494,-0.583999,1.59488,-31.3846,1.19793,-0.205236,-41.5071,-0.613933,-1.38964,-0.429095,0.0446092,-0.131419,1.47863,-0,0,-1.59431,-0.0492539,0.214047,-0.87417,-1.02394,-0.550517,29.3679,1.33359,-7.31868,6.63568,-0.309654,7.8692,-0.775314,0.0492539,-0.214047,-0.0270014,0.576021,-1.16224,-1.15931,-0.920422,1.70813,0.01759,1.665,0.1,True,False
3.36,-0,0,13.0571,-0.043943,0.135753,11.2678,-0.575955,1.62309,-30.5259,1.19682,-0.239519,-42.1227,-0.620865,-1.38357,-0.329294,0.043943,-0.135753,1.42006,-0,0,-1.5409,-0.0481705,0.219429,-0.925267,-1.02506,0.0720926,27.9802,1.29605,-7.64641,7.76966,-0.270986,7.57432,-0.958224,0.0481705,-0.219429,-0.0280368,0.61094,-1.06433,-1.15607,-0.910536,1.71187,0.0173277,1.665,0.1,True,False
3.365,-0,0,12.4569,-0.0432517,0.141557,12.5741,-0.567768,1.6528,-29.3625,1.19554,-0.274665,-42.7464,-0.627769,-1.37814,-0.182925,0.0432517,-0.141557,1.37821,-0,0,-1.47666,-0.0470596,0.225137,-0.982192,-1.02322,0.633225,26.1827,1.25713,-7.86599,8.82486,-0.233911,7.23277,-1.1345,0.0470596,-0.225137,-0.0302054,0.687827,-0.945769,-1.15447,-0.899877,1.71555,0.0170528,1.665,0.1,True,False
3.37,-0,0,11.7342,-0.0425274,0.148994,14.0287,-0.559427,1.68432,-27.9005,1.19407,-0.310844,-43.3418,-0.634647,-1.37348,0.0108236,0.0425274,-0.148994,1.35883,-0,0,-1.403,-0.0459191,0.231374,-1.04375,-1.01873,1.12559,24.0076,1.21739,-7.97213,9.77951,-0.198658,6.84654,-1.30829,0.0459191,-0.231374,-0.0333102,0.810872,-0.809332,-1.15474,-0.888415,1.7192,0.0167627,1.665,0.1,True,False
3.375,-0,0,10.8786,-0.0417618,0.158176,15.5928,-0.550924,1.71787,-26.1426,1.19243,-0.348244,-43.8687,-0.641503,-1.36963,0.259405,0.0417618,-0.158176,1.36742,-0,0,-1.32112,-0.0447458,0.238308,-1.1086,-1.01196,1.54315,21.4865,1.17741,-7.95982,10.616,-0.165446,6.41667,-1.483,0.0447458,-0.238308,-0.0371736,0.98874,-0.653332,-1.15699,-0.876097,1.7228,0.0164544,1.665,0.1,True,False
3.38,-0,0,9.88373,-0.0409457,0.169171,17.228,-0.542249,1.75363,-24.0932,1.19059,-0.387063,-44.2848,-0.648343,-1.36656,0.577662,0.0409457,-0.169171,1.40912,-0,0,-1.23218,-0.043536,0.24607,-1.1752,-1.0033,1.88106,18.6543,1.13779,-7.8245,11.3207,-0.134491,5.94344,-1.6608,0.043536,-0.24607,-0.0416342,1.23505,-0.470985,-1.16123,-0.862846,1.72637,0.016125,1.665,0.1,True,False
3.385,-0,0,8.75034,-0.04007,0.182001,18.8952,-0.533388,1.79165,-21.7645,1.18856,-0.427494,-44.5486,-0.655169,-1.36415,0.985321,0.04007,-0.182001,1.48794,-0,0,-1.1376,-0.0422851,0.254764,-1.24186,-0.993149,2.13568,15.5535,1.09916,-7.56245,11.8837,-0.106012,5.42677,-1.84211,0.0422851,-0.254764,-0.0465425,1.56623,-0.251523,-1.16737,-0.848561,1.72991,0.0157713,1.665,0.1,True,False
3.39,-0,0,7.48903,-0.0391257,0.19664,20.5523,-0.524332,1.8319,-19.1839,1.18632,-0.469719,-44.6243,-0.661985,-1.36219,1.50127,0.0391257,-0.19664,1.60536,-0,0,-1.03923,-0.0409884,0.264463,-1.30676,-0.98194,2.30478,12.2406,1.06216,-7.1715,12.2978,-0.0802237,4.86672,-2.0251,0.0409884,-0.264463,-0.0517573,1.99674,0.0169057,-1.17522,-0.833126,1.73343,0.0153901,1.665,0.1,True,False
3.395,-0,0,6.1223,-0.0381036,0.213021,22.1535,-0.515069,1.87429,-16.4023,1.18386,-0.513896,-44.4886,-0.668791,-1.3604,2.13538,0.0381036,-0.213021,1.75875,-0,0,-0.939498,-0.0396405,0.275214,-1.36793,-0.970101,2.38786,8.79135,1.02745,-6.65193,12.5584,-0.0573443,4.26407,-2.20528,0.0396405,-0.275214,-0.0571426,2.53246,0.342858,-1.1845,-0.816416,1.73693,0.0149782,1.665,0.1,True,False
3.4,-0,0,4.68546,-0.0369955,0.231029,23.6479,-0.505589,1.91864,-13.4997,1.18118,-0.560161,-44.1368,-0.675589,-1.35848,2.87965,0.0369955,-0.231029,1.93991,-0,0,-0.841404,-0.0382362,0.287037,-1.42328,-0.958061,2.38666,5.30511,0.995644,-6.00773,12.6617,-0.037583,3.62107,-2.37515,0.0382362,-0.287037,-0.0625669,3.16355,0.726556,-1.19489,-0.798321,1.74043,0.0145329,1.665,0.1,True,False
3.405,-0,0,3.22566,-0.0357934,0.250505,24.9804,-0.495883,1.96474,-10.5878,1.17826,-0.60863,-43.5889,-0.682376,-1.35611,3.70129,0.0357934,-0.250505,2.13445,-0,0,-0.748341,-0.0367701,0.299927,-1.47073,-0.946234,2.30578,1.90492,0.967368,-5.24795,12.6045,-0.0211336,2.94217,-2.52433,0.0367701,-0.299927,-0.0679038,3.85911,1.15561,-1.20601,-0.778758,1.74392,0.0140512,1.665,0.1,True,False
3.41,-0,0,1.79879,-0.0344904,0.271251,26.0938,-0.485942,2.01239,-7.80465,1.17509,-0.659403,-42.8889,-0.68915,-1.35299,4.54101,0.0344904,-0.271251,2.32243,-0,0,-0.663702,-0.035237,0.313854,-1.50817,-0.935004,2.15315,-1.26804,0.943165,-4.3879,12.3833,-0.0081613,2.23474,-2.64006,0.035237,-0.313854,-0.0730352,4.56613,1.60327,-1.21747,-0.757696,1.74743,0.0135308,1.665,0.1,True,False
3.415,-0,0,0.463611,-0.0330809,0.293032,26.933,-0.475759,2.06144,-5.30074,1.17166,-0.712586,-42.1,-0.695906,-1.34885,5.31914,0.0330809,-0.293032,2.48062,-0,0,-0.590322,-0.0336316,0.328767,-1.53362,-0.924703,1.94045,-4.06724,0.923489,-3.44999,11.9936,0.00121381,1.50954,-2.70844,0.0336316,-0.328767,-0.0778544,5.21493,2.03094,-1.22888,-0.735165,1.75095,0.0129697,1.665,0.1,True,False
3.42,-0,0,-0.72602,-0.0315601,0.315581,27.4508,-0.465327,2.1118,-3.21721,1.16797,-0.768297,-41.2911,-0.702638,-1.3435,5.9499,0.0315601,-0.315581,2.58611,-0,0,-0.529866,-0.0319493,0.344596,-1.5453,-0.915599,1.68297,-6.35981,0.908665,-2.46375,11.4303,0.00693407,0.780776,-2.71611,0.0319493,-0.344596,-0.0822692,5.73119,2.39528,-1.2399,-0.711263,1.75449,0.0123662,1.665,0.1,True,False
3.425,-0,0,-1.72953,-0.029925,0.338617,27.6135,-0.454641,2.16345,-1.65987,1.16398,-0.826676,-40.5195,-0.709341,-1.33678,6.36131,0.029925,-0.338617,2.62048,-0,0,-0.482351,-0.0301856,0.361252,-1.54175,-0.907873,1.39902,-8.04793,0.898852,-1.4648,10.6873,0.00902157,0.0657816,-2.65219,0.0301856,-0.361252,-0.0862011,6.0524,2.65882,-1.2502,-0.686139,1.75806,0.0117191,1.665,0.1,True,False
3.43,-0,0,-2.5262,-0.0281739,0.361843,27.4053,-0.443693,2.21646,-0.676984,1.1597,-0.887882,-39.814,-0.716006,-1.32858,6.51474,0.0281739,-0.361843,2.5734,-0,0,-0.44599,-0.0283368,0.378635,-1.52197,-0.901609,1.10872,-9.08667,0.894017,-0.492826,9.75764,0.00759189,-0.615893,-2.50985,0.0283368,-0.378635,-0.0895785,6.14387,2.80099,-1.25945,-0.659975,1.76165,0.0110277,1.665,0.1,True,False
3.435,-0,0,-3.11753,-0.0263066,0.384967,26.8292,-0.432476,2.27086,-0.247964,1.1551,-0.952077,-39.1633,-0.722626,-1.31878,6.41831,0.0263066,-0.384967,2.44454,-0,0,-0.417462,-0.0263993,0.396629,-1.48551,-0.896786,0.832496,-9.49182,0.893923,0.411145,8.6339,0.00286263,-1.24364,-2.287,0.0263993,-0.396629,-0.0923216,6.00974,2.8262,-1.26737,-0.632949,1.76529,0.0102921,1.665,0.1,True,False
3.44,-0,0,-3.52431,-0.0243243,0.407706,25.9051,-0.420984,2.32664,-0.287161,1.15018,-1.01939,-38.5132,-0.729194,-1.30725,6.13114,0.0243243,-0.407706,2.24369,-0,0,-0.392568,-0.0243705,0.415099,-1.43258,-0.893284,0.589462,-9.33475,0.898128,1.20755,7.30752,-0.00484452,-1.79701,-1.98583,0.0243705,-0.415099,-0.0943171,5.69628,2.76709,-1.27364,-0.605207,1.76896,0.0095125,1.665,0.1,True,False
3.445,-0,0,-3.7782,-0.0222295,0.429788,24.6645,-0.40921,2.38367,-0.661048,1.14491,-1.0899,-37.7712,-0.735699,-1.29377,5.7607,0.0222295,-0.429788,1.9898,-0,0,-0.36709,-0.0222483,0.433882,-1.36407,-0.890891,0.396143,-8.72489,0.905999,1.86053,5.76865,-0.0151075,-2.25667,-1.61131,0.0222483,-0.433882,-0.0953839,5.28992,2.68381,-1.27792,-0.576836,1.77268,0.0086899,1.665,0.1,True,False
3.45,-0,0,-3.9093,-0.0200264,0.450958,23.1445,-0.397147,2.44163,-1.21208,1.13928,-1.16355,-36.8112,-0.742132,-1.27808,5.4617,0.0200264,-0.450958,1.71214,-0,0,-0.337584,-0.0200317,0.452772,-1.28152,-0.889322,0.265778,-7.78484,0.916734,2.33906,4.0056,-0.0274112,-2.60484,-1.16904,0.0200317,-0.452772,-0.0952215,4.91747,2.66313,-1.27984,-0.547855,1.77643,0.00782573,1.665,0.1,True,False
3.455,-0,0,-3.92359,-0.01772,0.470959,21.4904,-0.384794,2.49996,-1.75238,1.13327,-1.24015,-35.4914,-0.74848,-1.2598,5.53619,0.01772,-0.470959,1.56928,-0,0,-0.301822,-0.0177206,0.471486,-1.18821,-0.888234,0.208298,-6.67409,0.92939,2.61689,2.10792,-0.0411559,-2.82519,-0.68812,0.0177206,-0.471486,-0.0931669,4.89097,2.81393,-1.27896,-0.518218,1.78023,0.00692192,1.665,0.1,True,False
3.46,-0,0,-3.71797,-0.0153168,0.489496,17.0253,-0.372148,2.5578,-5.34309,1.12688,-1.31929,-35.4294,-0.75473,-1.23851,2.94577,0.0153168,-0.489496,-0.201558,-0,0,0.0559448,-0.0153168,0.489557,-0.230278,-0.88724,0.223734,-2.39067,0.942903,2.69178,1.10544,-0.0556631,-2.91551,-0.148971,0.0153168,-0.489557,-0.0936121,1.96341,2.14574,-1.27477,-0.487856,1.78407,0.00598097,1.665,0.1,True,True
3.465,-0,0,-3.29936,-0.012825,0.506181,14.2227,-0.359216,2.61428,-7.69953,1.12008,-1.40045,-34.5626,-0.760865,-1.21383,2.58323,0.012825,-0.506181,-0.292344,-0,0,0.293707,-0.012825,0.506181,0.408141,-0.885996,0.280701,0.70603,0.956307,2.6487,0.697035,-0.070311,-2.9294,0.135735,0.012825,-0.506181,-0.100331,1.65172,1.95993,-1.26675,-0.456813,1.78794,0.00500605,1.68474,0.0868421,True,True
3.47,-0,0,-2.72763,-0.010255,0.520671,11.2183,-0.346005,2.6686,-10.416,1.11287,-1.48308,-33.6862,-0.766868,-1.18553,2.12477,0.010255,-0.520671,-0.352651,-0,0,0.527531,-0.010255,0.520671,1.03818,-0.884432,0.344783,4.22087,0.96939,2.58237,0.658837,-0.0849572,-2.92716,0.29264,0.010255,-0.520671,-0.118672,1.2897,1.68731,-1.2545,-0.425191,1.79185,0.00400126,1.70447,0.0736842,True,True
3.475,-0,0,-2.12322,-0.0076183,0.532801,8.3155,-0.332529,2.72014,-12.8167,1.10525,-1.56662,-32.4697,-0.77272,-1.15351,1.7079,0.0076183,-0.532801,-0.460793,-0,0,0.670555,-0.0076183,0.532801,1.38539,-0.882548,0.408601,7.50276,0.982131,2.51238,0.320474,-0.0995826,-2.92098,0.400372,0.0076183,-0.532801,-0.169138,0.926072,1.47107,-1.23789,-0.393046,1.79579,0.00297116,1.72421,0.0605263,True,True
3.48,-0,0,-1.54611,-0.00492698,0.542516,5.68653,-0.318804,2.76844,-14.6699,1.09721,-1.65059,-30.8782,-0.778403,-1.11785,1.35414,0.00492698,-0.542516,-0.593701,-0,0,0.700854,-0.00492698,0.542516,1.3563,-0.880346,0.471778,10.2914,0.994513,2.43887,-0.46965,-0.114167,-2.91065,0.475952,0.00492698,-0.542516,-0.265959,0.590539,1.31217,-1.21697,-0.360447,1.79975,0.0019205,1.74395,0.0473684,True,True
3.485,-0,0,-1.02265,-0.00219314,0.549804,3.41104,-0.304845,2.81322,-15.909,1.08874,-1.73452,-28.9391,-0.783899,-1.0787,1.05652,0.00219314,-0.549804,-0.720127,-0,0,0.616287,-0.00219314,0.549804,0.92437,-0.877831,0.533942,12.4946,1.00652,2.36219,-1.72093,-0.128689,-2.89613,0.518888,0.00219314,-0.549804,-0.415135,0.297919,1.18675,-1.19189,-0.327492,1.80372,0.000854049,1.76368,0.0342105,True,True
3.49,-0,0,-0.565547,0.000571065,0.55467,1.52123,-0.290672,2.85425,-16.512,1.07986,-1.81798,-26.6737,-0.78919,-1.03627,0.80765,-0.000571065,-0.55467,-0.821493,-0,0,0.419004,0.000571065,0.55467,0.0813578,-0.875007,0.594728,14.0781,1.01814,2.28272,-3.43066,-0.143128,-2.87745,0.529915,-0.000571065,-0.55467,-0.619545,0.0549517,1.07844,-1.16286,-0.2943,1.80771,-0.000223452,1.78342,0.0210526,True,True
3.495,-0,0,-0.181217,0.00335356,0.55712,0.0295745,-0.276303,2.89133,-16.4734,1.07056,-1.90052,-24.0972,-0.794261,-0.99081,0.600947,-0.00335356,-0.55712,-0.88579,-0,0,0.111849,0.00335356,0.55712,-1.17518,-0.871883,0.653781,15.0304,1.02935,2.20089,-5.59404,-0.157464,-2.85467,0.509155,-0.00335356,-0.55712,-0.879779,-0.135091,0.975441,-1.13009,-0.261009,1.81169,-0.00130728,1.80316,0.00789474,True,True
3.5,-0,0,0.126544,0.00614227,0.557153,-1.05747,-0.261758,2.92426,-15.7927,1.06086,-1.98168,-21.2233,-0.799098,-0.942574,0.430745,-0.00614227,-0.557153,-0.903863,-0,0,-0.302457,0.00614227,0.557153,-2.84468,-0.868469,0.710755,15.3465,1.04014,2.11711,-8.20561,-0.171675,-2.82786,0.454519,-0.00614227,-0.557153,-1.19265,-0.270027,0.868298,-1.0938,-0.227774,1.81567,-0.00239272,1.82289,-0.00526316,True,True
3.505,-0,0,0.355114,0.00892509,0.554758,-1.7351,-0.24706,2.95286,-14.4764,1.05075,-2.06101,-18.073,-0.803687,-0.89185,0.292256,-0.00892509,-0.554758,-0.868056,-0,0,-0.819692,0.00892509,0.554758,-4.91813,-0.864776,0.765313,15.0244,1.05052,2.0318,-11.2535,-0.185742,-2.79711,0.359623,-0.00892509,-0.554758,-1.54681,-0.347948,0.749077,-1.05421,-0.194769,1.81965,-0.00347508,1.84263,-0.0184211,True,True
3.51,-0,0,0.503112,0.0116899,0.549923,-2.00368,-0.23223,2.97701,-12.5511,1.04025,-2.13806,-14.6892,-0.808017,-0.838949,0.181748,-0.0116899,-0.549923,-0.773237,-0,0,-1.42944,0.0116899,0.549923,-7.36345,-0.860816,0.817141,14.0741,1.06046,1.94539,-14.7061,-0.199646,-2.76253,0.210609,-0.0116899,-0.549923,-1.91421,-0.367783,0.612136,-1.01154,-0.162193,1.8236,-0.00454964,1.86237,-0.0315789,True,True
3.515,-0,0,0.571618,0.0144243,0.542633,-1.88098,-0.21729,2.99666,-10.0928,1.02937,-2.21244,-11.1614,-0.812077,-0.78422,0.0969982,-0.0144243,-0.542633,-0.620544,-0,0,-2.10592,0.0144243,0.542633,-10.0982,-0.856604,0.865973,12.5386,1.06997,1.85838,-18.4867,-0.213368,-2.72436,-0.0186741,-0.0144243,-0.542633,-2.23588,-0.331419,0.456806,-0.966051,-0.130269,1.82753,-0.00561168,1.88211,-0.0447368,True,True
3.52,-0,0,0.566861,0.0171162,0.532887,-1.42538,-0.202263,3.012,-7.27719,1.01812,-2.28394,-7.66401,-0.815859,-0.728061,0.0375594,-0.0171162,-0.532887,-0.42369,-0,0,-2.79273,0.0171162,0.532887,-12.9434,-0.852156,0.911626,10.5345,1.07905,1.77135,-22.4322,-0.22689,-2.68298,-0.373294,-0.0171162,-0.532887,-2.39992,-0.247673,0.291542,-0.918013,-0.0992449,1.83144,-0.00665644,1.90184,-0.0578947,True,True
3.525,-0,0,0.506264,0.0197532,0.520718,-0.770903,-0.18717,3.02362,-4.45767,1.00653,-2.35269,-4.51649,-0.819357,-0.670936,0.00277383,-0.0197532,-0.520718,-0.214911,-0,0,-3.38313,0.0197532,0.520718,-15.5559,-0.847488,0.954086,8.31405,1.08769,1.68505,-26.2277,-0.240197,-2.63913,-0.923727,-0.0197532,-0.520718,-2.21388,-0.137709,0.136228,-0.867773,-0.0693893,1.83531,-0.00767921,1.92158,-0.0710526,True,True
3.53,-0,0,0.424792,0.0223234,0.506234,-0.131152,-0.172027,3.03281,-2.30815,0.994595,-2.41943,-2.1212,-0.822568,-0.613382,-0.0154689,-0.0223234,-0.506234,-0.0446523,-0,0,-3.66157,0.0223234,0.506234,-17.5198,-0.842616,0.993625,6.46549,1.0959,1.60045,-29.3236,-0.253281,-2.59407,-1.67835,-0.0223234,-0.506234,-1.52281,-0.040181,0.0167386,-0.815775,-0.0409685,1.83913,-0.00867539,1.94132,-0.0842105,True,True
3.535,-0,0,0.29782,0.0248155,0.489737,0.473115,-0.156842,3.03408,-2.10123,0.982333,-2.47563,-0.110899,-0.825491,-0.558444,-0.0474503,-0.0248155,-0.489737,0.0371881,-0,0,-2.99582,0.0248155,0.489688,-19.4548,-0.837552,1.03068,6.66099,1.10369,1.51846,-30.941,-0.266138,-2.54914,-2.03458,-0.0248155,-0.489688,-1.07952,-0.00964582,-0.0575174,-0.764309,-0.0158837,1.84292,-0.00964069,1.96105,-0.0973684,True,True
3.54,-0,0,-0.107753,0.0272207,0.472128,1.4022,-0.141686,2.96705,-4.54139,0.969839,-2.44012,2.51377,-0.828153,-0.526928,-0.170591,-0.0272207,-0.472128,0.089082,-0,0,-0.63252,0.0272202,0.471556,-22.8397,-0.832309,1.06394,10.1374,1.11108,1.43729,-31.0623,-0.278772,-2.50123,-1.64129,-0.0272202,-0.471556,-2.19988,-0.0636692,-0.179239,-0.728132,-0.00820934,1.84667,-0.0105715,1.965,-0.1,False,True
3.545,-0,0,-0.307938,0.0295368,0.454561,1.51982,-0.127171,2.76072,-11.6626,0.957932,-2.21689,2.41051,-0.83076,-0.543831,-0.465657,-0.0295368,-0.454561,0.0871759,-0,0,2.81239,0.0295311,0.45241,-23.6154,-0.826913,1.09143,18.568,1.11806,1.35485,-25.2529,-0.29115,-2.44629,2.46347,-0.0295311,-0.45241,-1.92974,-0.275839,-0.392744,-0.724815,-0.0348313,1.85039,-0.0114653,1.965,-0.1,False,True
3.55,-0,0,-0.538983,0.0317663,0.437701,1.63186,-0.114079,2.40785,-18.6327,0.94767,-1.79416,2.22166,-0.833591,-0.613693,-0.751195,-0.0317663,-0.437701,0.0828483,-0,0,6.40483,0.0317443,0.432703,-24.2302,-0.821394,1.11319,26.4988,1.12463,1.27221,-19.9989,-0.303235,-2.3854,5.36286,-0.0317443,-0.432703,-1.85042,-0.482805,-0.598949,-0.757573,-0.0984738,1.85409,-0.0123208,1.965,-0.1,False,True
3.555,-0,0,-0.776245,0.0339138,0.42184,1.73123,-0.103093,1.92821,-24.7502,0.93999,-1.19805,1.96567,-0.836897,-0.730158,-0.991194,-0.0339138,-0.42184,0.0775176,-0,0,9.75065,0.0338581,0.412745,-24.6255,-0.815781,1.13001,33.1794,1.13079,1.19106,-15.7564,-0.315004,-2.32107,7.02365,-0.0338581,-0.412745,-1.79902,-0.658056,-0.772512,-0.82194,-0.194361,1.85778,-0.013137,1.965,-0.1,False,True
3.56,-0,0,-1.00772,0.0359847,0.407088,1.81686,-0.0947968,1.34225,-29.9525,0.935689,-0.458569,1.65845,-0.840892,-0.883678,-1.17402,-0.0359847,-0.407088,0.0719906,-0,0,12.7159,0.0358718,0.392734,-24.872,-0.810094,1.14256,38.6829,1.13654,1.11246,-12.3714,-0.326446,-2.25502,7.94641,-0.0358718,-0.392734,-1.75844,-0.792938,-0.905326,-0.911164,-0.315526,1.86147,-0.0139137,1.965,-0.1,False,True
3.565,-0,0,-1.22276,0.0379847,0.393415,1.88771,-0.0896703,0.671458,-34.1847,0.935404,0.390146,1.3136,-0.845734,-1.0616,-1.28939,-0.0379847,-0.393415,0.0669008,-0,0,15.2087,0.0377855,0.372776,-25.0408,-0.804355,1.1514,43.0372,1.14191,1.03708,-9.78942,-0.337555,-2.18848,8.42142,-0.0377855,-0.372776,-1.72849,-0.879812,-0.990042,-1.01632,-0.452845,1.86518,-0.0146509,1.965,-0.1,False,True
3.57,-0,0,-1.41249,0.0399189,0.38068,1.94274,-0.0880822,-0.0618137,-37.4171,0.939591,1.31058,0.94313,-0.851509,-1.24877,-1.33022,-0.0399189,-0.38068,0.0627395,-0,0,17.1748,0.0395996,0.352904,-25.1934,-0.79858,1.15705,46.2623,1.14691,0.965299,-7.99592,-0.348331,-2.12235,8.61265,-0.0395996,-0.352904,-1.71402,-0.913259,-1.02137,-1.1268,-0.595462,1.86891,-0.0153487,1.965,-0.1,False,True
3.575,-0,0,-1.57024,0.0417915,0.368655,1.981,-0.0902884,-0.835173,-39.6611,0.94851,2.26369,0.557859,-0.858222,-1.42851,-1.29401,-0.0417915,-0.368655,0.0598681,-0,0,18.5957,0.0413145,0.333093,-25.3749,-0.792785,1.16001,48.4007,1.15156,0.897367,-6.96948,-0.358778,-2.05737,8.62037,-0.0413145,-0.333093,-1.71886,-0.891053,-0.997122,-1.2311,-0.731562,1.87268,-0.0160073,1.965,-0.1,False,True
3.58,-0,0,-1.69203,0.0436054,0.357055,2.00157,-0.0964339,-1.62731,-40.9751,0.962228,3.21131,0.167662,-0.865794,-1.584,-1.18346,-0.0436054,-0.357055,0.0585251,-0,0,19.4854,0.0429305,0.313277,-25.6104,-0.78698,1.16072,49.5311,1.15588,0.833395,-6.65851,-0.368904,-1.99412,8.51489,-0.0429305,-0.313277,-1.74317,-0.81454,-0.918655,-1.31786,-0.849356,1.87649,-0.0166267,1.965,-0.1,False,True
3.585,-0,0,-1.7766,0.0453621,0.345559,2.00369,-0.106561,-2.41914,-41.459,0.980623,4.11868,-0.218646,-0.874062,-1.69955,-1.00596,-0.0453621,-0.345559,0.0588367,-0,0,19.8848,0.0444473,0.29337,-25.9061,-0.781177,1.15963,49.7671,1.1599,0.773407,-6.97771,-0.378719,-1.93304,8.3509,-0.0444473,-0.29337,-1.78345,-0.68835,-0.790618,-1.37678,-0.938048,1.88035,-0.017207,1.965,-0.1,False,True
3.59,-0,0,-1.82514,0.047061,0.333831,1.9869,-0.120625,-3.19472,-41.24,1.00341,4.95637,-0.593609,-0.882789,-1.76165,-0.772263,-0.047061,-0.333831,0.0608311,-0,0,19.8526,0.0458642,0.273281,-26.2526,-0.775384,1.15714,49.2442,1.16362,0.717351,-7.8185,-0.388235,-1.87449,8.17068,-0.0458642,-0.273281,-1.83414,-0.519555,-0.620127,-1.39944,-0.988607,1.88426,-0.0177481,1.965,-0.1,False,True
3.595,-0,0,-1.84061,0.0487004,0.32154,1.95118,-0.138509,-3.94165,-40.4535,1.03019,5.70132,-0.951465,-0.891678,-1.75967,-0.494863,-0.0487004,-0.32154,0.064456,-0,0,19.4557,0.0471801,0.25293,-26.6309,-0.769606,1.1536,48.1018,1.16707,0.665123,-9.06545,-0.397464,-1.81873,8.00286,-0.0471801,-0.25293,-1.88964,-0.316597,-0.415686,-1.37965,-0.994204,1.88821,-0.0182499,1.965,-0.1,False,True
3.6,-0,0,-1.827,0.0502764,0.308372,1.89711,-0.160042,-4.65098,-39.226,1.06043,6.33703,-1.28835,-0.900386,-1.68605,-0.186442,-0.0502764,-0.308372,0.0695958,-0,0,18.7596,0.0483935,0.232254,-27.0178,-0.763848,1.14938,46.4666,1.17027,0.616576,-10.6117,-0.406422,-1.76596,7.86124,-0.0483935,-0.232254,-1.94584,-0.0882851,-0.186177,-1.31353,-0.950294,1.89222,-0.018712,1.965,-0.1,False,True
3.605,-0,0,-1.78852,0.0517841,0.294043,1.82601,-0.185019,-5.31676,-37.6624,1.09356,6.85293,-1.6023,-0.908539,-1.53618,0.141209,-0.0517841,-0.294043,0.0760843,-0,0,17.8217,0.0495026,0.211218,-27.3894,-0.758112,1.14481,44.4409,1.17324,0.571539,-12.3689,-0.415124,-1.71634,7.74574,-0.0495026,-0.211218,-2.00078,0.156888,0.0598573,-1.19926,-0.854432,1.89628,-0.0191343,1.965,-0.1,False,True
3.61,-0,0,-1.72906,0.0532169,0.278305,1.73997,-0.213209,-5.93525,-35.8402,1.12896,7.24333,-1.89301,-0.915748,-1.30808,0.477693,-0.0532169,-0.278305,0.0837123,-0,0,16.6876,0.0505057,0.189813,-27.7231,-0.7524,1.1402,42.0979,1.17599,0.529822,-14.271,-0.423585,-1.67002,7.64528,-0.0505057,-0.189813,-2.05443,0.41106,0.314542,-1.03664,-0.705917,1.90038,-0.0195165,1.965,-0.1,False,True
3.615,-0,0,-1.65174,0.0545671,0.260957,1.64186,-0.244371,-6.5042,-33.8081,1.16599,7.50623,-2.16145,-0.921619,-1.00203,0.814032,-0.0545671,-0.260957,0.0922286,-0,0,15.3898,0.0514008,0.16806,-27.998,-0.74671,1.13591,39.4818,1.17853,0.491224,-16.2727,-0.431824,-1.62713,7.54165,-0.0514008,-0.16806,-2.10796,0.666994,0.570682,-0.826597,-0.505394,1.90452,-0.0198582,1.965,-0.1,False,True
3.62,-0,0,-1.55869,0.0558264,0.241851,1.53521,-0.278251,-7.02201,-31.5896,1.20402,7.64223,-2.40937,-0.925768,-0.620225,1.14235,-0.0558264,-0.241851,0.101339,-0,0,13.9492,0.0521863,0.14601,-28.1939,-0.741041,1.13227,36.6127,1.1809,0.455535,-18.344,-0.439857,-1.5878,7.41334,-0.0521863,-0.14601,-2.16269,0.917877,0.821565,-0.570811,-0.254504,1.9087,-0.0201595,1.965,-0.1,False,True
3.625,-0,0,-1.45097,0.0569857,0.220902,1.4241,-0.314591,-7.48708,-29.1879,1.24241,7.65364,-2.63881,-0.927822,-0.166561,1.45545,-0.0569857,-0.220902,0.110701,-0,0,12.3778,0.0528609,0.123746,-28.2897,-0.735387,1.12965,33.4926,1.18309,0.422533,-20.4649,-0.447702,-1.55219,7.23864,-0.0528609,-0.123746,-2.21909,1.15707,1.0607,-0.271327,0.0443756,1.91292,-0.0204202,1.965,-0.1,False,True
3.63,-0,0,-1.32863,0.0580355,0.198097,1.31285,-0.353122,-7.89732,-26.5919,1.28056,7.54386,-2.85162,-0.927433,0.353462,1.74634,-0.0580355,-0.198097,0.119927,-0,0,10.6819,0.0534237,0.10138,-28.2626,-0.729744,1.12844,30.1131,1.18512,0.391983,-22.6184,-0.455379,-1.52042,6.99811,-0.0534237,-0.10138,-2.27603,1.37791,1.28163,0.0696039,0.388256,1.91717,-0.0206406,1.965,-0.1,False,True
3.635,-0,0,-1.19085,0.0589666,0.173504,1.20576,-0.393564,-8.24981,-23.782,1.31785,7.31706,-3.04895,-0.924287,0.932748,2.00797,-0.0589666,-0.173504,0.128585,-0,0,8.86609,0.0538747,0.079063,-28.0873,-0.724103,1.12901,26.4628,1.18701,0.363629,-24.7855,-0.462906,-1.49264,6.67646,-0.0538747,-0.079063,-2.33022,1.57367,1.47781,0.44956,0.77355,1.92145,-0.020821,1.965,-0.1,False,True
3.64,-0,0,-1.03631,0.0597705,0.14728,1.10674,-0.43562,-8.54057,-20.7368,1.35373,6.97801,-3.23077,-0.918106,1.56255,2.23313,-0.0597705,-0.14728,0.136214,-0,0,6.93679,0.0542144,0.0569754,-27.736,-0.718454,1.13173,22.5345,1.18876,0.337196,-26.9412,-0.470305,-1.46892,6.26427,-0.0542144,-0.0569754,-2.37622,1.73775,1.64281,0.865817,1.19597,1.92574,-0.0209619,1.965,-0.1,False,True
3.645,-0,0,-0.863537,0.0604394,0.119676,1.01893,-0.47897,-8.76463,-17.4385,1.38763,6.53219,-3.39533,-0.908662,2.23245,2.41453,-0.0604394,-0.119676,0.142343,-0,0,4.9057,0.0544444,0.0353335,-27.1808,-0.712786,1.13694,18.3325,1.19038,0.312381,-29.0519,-0.477595,-1.44932,5.75958,-0.0544444,-0.0353335,-2.407,1.86395,1.77054,1.31509,1.65035,1.93006,-0.0210642,1.965,-0.1,False,True
3.65,-0,0,-0.671489,0.0609673,0.0910334,0.944384,-0.523267,-8.91621,-13.879,1.41905,5.9859,-3.53863,-0.895782,2.93031,2.54528,-0.0609673,-0.0910334,0.146523,-0,0,2.79264,0.0545677,0.0143823,-26.3966,-0.707085,1.14493,13.8785,1.19188,0.288858,-31.0751,-0.484798,-1.43379,5.16929,-0.0545677,-0.0143823,-2.41523,1.94703,1.8558,1.79317,2.13048,1.93438,-0.0211289,1.965,-0.1,False,True
3.655,-0,0,-0.460152,0.0613498,0.0617811,0.88386,-0.568132,-8.98904,-10.0651,1.44749,5.34654,-3.65388,-0.879358,3.64251,2.61938,-0.0613498,-0.0617811,0.148364,-0,0,0.627242,0.0545882,-0.00561017,-25.3658,-0.701336,1.15589,9.21609,1.19327,0.266273,-32.9611,-0.491933,-1.42217,4.50996,-0.0545882,0.00561017,-2.39511,1.98324,1.89481,2.29457,2.6289,1.93872,-0.0211576,1.965,-0.1,False,True
3.66,-0,0,-0.231103,0.0615851,0.0324151,0.836787,-0.613157,-8.97697,-6.02295,1.47251,4.6228,-3.73112,-0.859356,4.35418,2.63257,-0.0615851,-0.0324151,0.147579,-0,0,-1.55073,0.0545116,-0.0243648,-24.0834,-0.695526,1.1699,4.41278,1.19455,0.244259,-34.6576,-0.49902,-1.41416,3.80752,-0.0545116,0.0243648,-2.34447,1.97089,1.88574,2.81221,3.13687,1.94305,-0.0211521,1.965,-0.1,False,True
3.665,-0,0,0.0120804,0.0616739,0.00347635,0.801439,-0.657902,-8.8746,-1.8008,1.49372,3.82484,-3.75714,-0.835817,5.04976,2.58297,-0.0616739,-0.00347635,0.144025,-0,0,-3.6929,0.0543446,-0.0416069,-22.5626,-0.689637,1.18688,-0.441342,1.19571,0.222446,-36.116,-0.506075,-1.40932,3.09516,-0.0543446,0.0416069,-2.26649,1.91067,1.82921,3.33729,3.64444,1.94737,-0.0211146,1.965,-0.1,False,True
3.67,-0,0,0.263713,0.0616198,-0.0244826,0.775327,-0.701903,-8.67805,2.53037,1.51076,2.96435,-3.71581,-0.808859,5.7137,2.47177,-0.0616198,0.0244826,0.137737,-0,0,-5.74563,0.0540955,-0.0570858,-20.8379,-0.683657,1.20661,-5.23886,1.19677,0.200477,-37.2992,-0.513113,-1.40709,2.40949,-0.0540955,0.0570858,-2.17024,1.80586,1.72837,3.85939,4.14077,1.95168,-0.0210475,1.965,-0.1,False,True
3.675,-0,0,0.516294,0.0614291,-0.050935,0.755727,-0.744682,-8.38565,6.87938,1.52336,2.05446,-3.58911,-0.77868,6.3312,2.30344,-0.0614291,0.050935,0.128945,-0,0,-7.65485,0.0537737,-0.0705966,-18.966,-0.677571,1.22871,-9.86377,1.19772,0.178036,-38.1892,-0.520146,-1.40675,1.78491,-0.0537737,0.0705966,-2.06939,1.66212,1.5888,4.36695,4.61459,1.95597,-0.0209538,1.965,-0.1,False,True
3.68,-0,0,0.761207,0.0611105,-0.07542,0.740248,-0.78576,-7.99857,11.1403,1.53131,1.10948,-3.35861,-0.745547,6.8891,2.08563,-0.0611105,0.07542,0.118076,-0,0,-9.37161,0.0533896,-0.0820025,-17.0226,-0.67137,1.25269,-14.2026,1.19855,0.154862,-38.7927,-0.527181,-1.40755,1.24746,-0.0533896,0.0820025,-1.97908,1.48703,1.41804,4.8479,5.05488,1.96023,-0.0208366,1.965,-0.1,False,True
3.685,-0,0,0.989724,0.0606749,-0.0975791,0.727291,-0.824668,-7.52116,15.2004,1.53446,0.144573,-3.00753,-0.709789,7.37658,1.82858,-0.0606749,0.0975791,0.105721,-0,0,-10.8574,0.0529537,-0.0912537,-15.0958,-0.665044,1.27797,-18.1557,1.19927,0.13077,-39.1433,-0.534221,-1.40874,0.809867,-0.0529537,0.0912537,-1.91158,1.2894,1.22486,5.29055,5.45151,1.96446,-0.020699,1.965,-0.1,False,True
3.69,-0,0,1.19411,0.0601347,-0.117185,0.716293,-0.860971,-6.96101,18.9494,1.53275,-0.824713,-2.52299,-0.671781,7.78573,1.54412,-0.0601347,0.117185,0.0925891,-0,0,-12.0878,0.052477,-0.0984016,-13.2774,-0.65859,1.30398,-21.6465,1.19986,0.105661,-39.2977,-0.541268,-1.40964,0.469428,-0.052477,0.0984016,-1.87225,1.07845,1.0184,5.68447,5.79595,1.96865,-0.0205445,1.965,-0.1,False,True
3.695,-0,0,1.36854,0.059503,-0.13416,0.707707,-0.894278,-6.32878,22.2887,1.52621,-1.78296,-1.89794,-0.631931,8.11173,1.24455,-0.059503,0.13416,0.0794306,-0,0,-13.0548,0.0519697,-0.103604,-11.6529,-0.652005,1.33019,-24.6271,1.20032,0.0795171,-39.3288,-0.548318,-1.40971,0.210277,-0.0519697,0.103604,-1.85766,0.862969,0.807328,6.02126,6.08172,1.9728,-0.0203761,1.965,-0.1,False,True
3.7,-0,0,1.50967,0.0587931,-0.148572,0.702745,-0.924259,-5.6376,25.1386,1.51492,-2.7153,-1.13267,-0.590664,8.3529,0.94141,-0.0587931,0.148572,0.0669575,-0,0,-13.7659,0.051441,-0.10712,-10.2938,-0.645288,1.35619,-27.0781,1.20065,0.0523926,-39.3141,-0.555365,-1.40859,0.00967197,-0.051441,0.10712,-1.85679,0.650653,0.599169,6.29503,6.30469,1.9769,-0.0201967,1.965,-0.1,False,True
3.705,-0,0,1.61671,0.0580173,-0.160623,0.702983,-0.950654,-4.90244,27.4432,1.49906,-3.60786,-0.2354,-0.548402,8.51031,0.644554,-0.0580173,0.160623,0.0557656,-0,0,-14.2416,0.0508985,-0.109294,-9.25226,-0.638443,1.38174,-29.0048,1.20085,0.0243888,-39.3237,-0.562404,-1.40613,-0.153661,-0.0508985,0.109294,-1.85521,0.447574,0.399803,6.50257,6.46302,1.98094,-0.0200087,1.965,-0.1,False,True
3.71,-0,0,1.691,0.0571869,-0.170617,0.709951,-0.973283,-4.13926,29.1715,1.47884,-4.44798,0.777948,-0.505561,8.58724,0.36146,-0.0571869,0.170617,0.0462796,-0,0,-14.5111,0.050348,-0.110529,-8.55933,-0.631471,1.40675,-30.4304,1.2009,-0.00437068,-39.4107,-0.569426,-1.40238,-0.292482,-0.050348,0.110529,-1.84029,0.257935,0.213258,6.64318,6.557,1.98493,-0.019814,1.965,-0.1,False,True
3.715,-0,0,1.73542,0.0563112,-0.178923,0.724831,-0.992047,-3.36423,30.3155,1.45458,-5.22438,1.88483,-0.46253,8.5886,0.0969322,-0.0563112,0.178923,0.0387312,-0,0,-14.6067,0.0497932,-0.111258,-8.22582,-0.624375,1.43128,-31.3887,1.2008,-0.0337659,-39.6066,-0.576427,-1.39752,-0.408294,-0.0497932,0.111258,-1.80519,0.0840434,0.0417103,6.71831,6.58861,1.98886,-0.0196136,1.965,-0.1,False,True
3.72,-0,0,1.75359,0.0553976,-0.185936,0.748306,-1.00693,-2.593,30.8867,1.4266,-5.92718,3.05769,-0.419675,8.52018,-0.146874,-0.0553976,0.185936,0.0331732,-0,0,-14.5592,0.0492355,-0.111914,-8.24506,-0.617158,1.45555,-31.9173,1.20056,-0.063702,-39.9213,-0.583402,-1.39185,-0.493822,-0.0492355,0.111914,-1.75004,-0.0735382,-0.114348,6.73093,6.56106,1.99274,-0.019408,1.965,-0.1,False,True
3.725,-0,0,1.7493,0.0544518,-0.192047,0.780547,-1.01798,-1.84023,30.91,1.39531,-6.54779,4.26591,-0.377328,8.38802,-0.370172,-0.0544518,0.192047,0.0295202,-0,0,-14.3925,0.0486741,-0.112905,-8.59657,-0.60982,1.47984,-32.0526,1.20017,-0.0941234,-40.3477,-0.590346,-1.38572,-0.538874,-0.0486741,0.112905,-1.68039,-0.215708,-0.25583,6.68502,6.47823,1.99656,-0.0191971,1.965,-0.1,False,True
3.73,-0,0,1.72604,0.0534772,-0.197617,0.821299,-1.02533,-1.11917,30.4184,1.36112,-7.07873,5.47782,-0.335794,8.1979,-0.575094,-0.0534772,0.197617,0.0276,-0,0,-14.1215,0.0481064,-0.114598,-9.25003,-0.60236,1.5045,-31.8269,1.19962,-0.125021,-40.8675,-0.597259,-1.37948,-0.536147,-0.0481064,0.114598,-1.60442,-0.344477,-0.384724,6.58491,6.34419,2.00032,-0.0189798,1.965,-0.1,False,True
3.735,-0,0,1.68676,0.0524756,-0.202968,0.869981,-1.02917,-0.441488,29.4479,1.32452,-7.51338,6.66246,-0.295349,7.95487,-0.765153,-0.0524756,0.202968,0.0272002,-0,0,-13.7512,0.0475281,-0.117309,-10.169,-0.594775,1.52991,-31.2659,1.19892,-0.156435,-41.4555,-0.604141,-1.37347,-0.484043,-0.0475281,0.117309,-1.53047,-0.462597,-0.503735,6.43483,6.16283,2.00402,-0.0187547,1.965,-0.1,False,True
3.74,-0,0,1.63379,0.0514475,-0.208379,0.925767,-1.02974,0.182686,28.0338,1.28599,-7.84568,7.79112,-0.256246,7.663,-0.944678,-0.0514475,0.208379,0.028102,-0,0,-13.2779,0.0469333,-0.1213,-11.3144,-0.58706,1.55642,-30.3873,1.19805,-0.188448,-42.0827,-0.610994,-1.36797,-0.385577,-0.0469333,0.1213,-1.46587,-0.573209,-0.615949,6.23857,5.93751,2.00767,-0.0185199,1.965,-0.1,False,True
3.745,-0,0,1.56886,0.0503918,-0.214085,0.987643,-1.02734,0.744726,26.2086,1.24606,-8.06995,8.83843,-0.218719,7.32522,-1.11827,-0.0503918,0.214085,0.0300991,-0,0,-12.6917,0.0463151,-0.126782,-12.6464,-0.57921,1.58439,-29.2014,1.19703,-0.221185,-42.7162,-0.61782,-1.36321,-0.244422,-0.0463151,0.126782,-1.41695,-0.679519,-0.724504,5.9992,5.6709,2.01127,-0.0182731,1.965,-0.1,False,True
3.75,-0,0,1.49328,0.0493066,-0.220283,1.05442,-1.0223,1.23733,24.0021,1.20529,-8.18068,9.78297,-0.182993,6.94335,-1.2903,-0.0493066,0.220283,0.0330043,-0,0,-11.9796,0.0456655,-0.133917,-14.1263,-0.571217,1.61411,-27.7115,1.19584,-0.254798,-43.3194,-0.624626,-1.35931,-0.0601583,-0.0456655,0.133917,-1.38957,-0.784497,-0.832298,5.71902,5.36491,2.01483,-0.0180114,1.965,-0.1,False,True
3.755,-0,0,1.4081,0.048189,-0.227135,1.12473,-1.01497,1.65438,21.443,1.16425,-8.17251,10.6076,-0.149286,6.51813,-1.46441,-0.048189,0.227135,0.0366501,-0,0,-11.1293,0.0449759,-0.142819,-15.7164,-0.563069,1.64581,-25.9175,1.19448,-0.289462,-43.8516,-0.631414,-1.35634,0.175268,-0.0449759,0.142819,-1.38961,-0.890596,-0.941706,5.39957,5.02071,2.01834,-0.0177321,1.965,-0.1,False,True
3.76,-0,0,1.31439,0.0470353,-0.234773,1.19704,-1.00575,1.99085,18.5627,1.12356,-8.04041,11.2992,-0.117812,6.04956,-1.64298,-0.0470353,0.234773,0.0408844,-0,0,-10.1328,0.0442373,-0.153556,-17.3796,-0.554759,1.67963,-23.8202,1.19295,-0.325361,-44.2693,-0.638189,-1.35427,0.478441,-0.0442373,0.153556,-1.4228,-0.999457,-1.05429,5.04175,4.63889,2.02182,-0.017432,1.965,-0.1,False,True
3.765,-0,0,1.21349,0.0458413,-0.243296,1.26964,-0.99506,2.24285,15.4007,1.08385,-7.78002,11.8484,-0.0887902,5.53717,-1.8267,-0.0458413,0.243296,0.0455661,-0,0,-8.98921,0.0434404,-0.166151,-19.0776,-0.546273,1.71563,-21.428,1.19123,-0.362677,-44.5288,-0.644956,-1.35295,0.87199,-0.0434404,0.166151,-1.49395,-1.1116,-1.17047,4.6461,4.21973,2.02527,-0.0171079,1.965,-0.1,False,True
3.77,-0,0,1.10729,0.0446023,-0.252781,1.34061,-0.983323,2.40779,12.0107,1.04576,-7.38836,12.2489,-0.0624405,4.98057,-2.0139,-0.0446023,0.252781,0.0505599,-0,0,-7.70828,0.0425758,-0.180584,-20.7695,-0.537602,1.75377,-18.7654,1.18932,-0.401578,-44.5921,-0.651719,-1.3522,1.37861,-0.0425758,0.180584,-1.60549,-1.22607,-1.28921,4.21318,3.76352,2.02869,-0.0167567,1.965,-0.1,False,True
3.775,-0,0,0.998375,0.0433135,-0.263274,1.40792,-0.970982,2.48474,8.46722,1.00997,-6.86484,12.4964,-0.0389845,4.3801,-2.20015,-0.0433135,0.263274,0.055734,-0,0,-6.31234,0.0416345,-0.196786,-22.4096,-0.528735,1.79394,-15.8813,1.18721,-0.442215,-44.4334,-0.658478,-1.35172,2.01229,-0.0416345,0.196786,-1.75567,-1.34013,-1.40771,3.744,3.27108,2.0321,-0.0163752,1.965,-0.1,False,True
3.78,-0,0,0.890086,0.0419696,-0.274799,1.46939,-0.958476,2.47504,4.87095,0.977115,-6.21255,12.5877,-0.0186395,3.73751,-2.37782,-0.0419696,0.274799,0.0609579,-0,0,-4.83765,0.0406079,-0.214644,-23.9466,-0.519663,1.83593,-12.8567,1.1849,-0.484714,-44.0468,-0.665236,-1.35122,2.76835,-0.0406079,0.214644,-1.93689,-1.44904,-1.52114,3.24069,2.74431,2.0355,-0.0159604,1.965,-0.1,False,True
3.785,-0,0,0.786371,0.0405655,-0.287351,1.52275,-0.946232,2.38286,1.34971,0.947841,-5.43976,12.5202,-0.00160936,3.05689,-2.53606,-0.0405655,0.287351,0.0661043,-0,0,-3.33389,0.0394881,-0.234001,-25.3235,-0.510376,1.87953,-9.80802,1.18237,-0.529177,-43.4524,-0.67199,-1.35035,3.61525,-0.0394881,0.234001,-2.13483,-1.546,-1.62263,2.70705,2.18681,2.0389,-0.0155096,1.965,-0.1,False,True
3.79,-0,0,0.691362,0.0390961,-0.300904,1.56576,-0.934647,2.21597,-1.94653,0.922718,-4.56133,12.2904,0.0119294,2.34536,-2.66135,-0.0390961,0.300904,0.0710525,-0,0,-1.86096,0.0382679,-0.254655,-26.4804,-0.500868,1.92451,-6.88268,1.17961,-0.575696,-42.6979,-0.678739,-1.34881,4.49174,-0.0382679,0.254655,-2.32894,-1.62249,-1.70361,2.14919,1.60447,2.04231,-0.0150203,1.965,-0.1,False,True
3.795,-0,0,0.608733,0.0375564,-0.315406,1.59622,-0.924072,1.98607,-4.85891,0.902228,-3.59972,11.8941,0.0218442,1.61364,-2.73872,-0.0375564,0.315406,0.0756932,-0,0,-0.482978,0.0369415,-0.276365,-27.3584,-0.491131,1.97071,-4.245,1.17661,-0.624363,-41.8525,-0.685478,-1.34635,5.31259,-0.0369415,0.276365,-2.49467,-1.66908,-1.7546,1.57598,1.00593,2.04573,-0.0144904,1.965,-0.1,False,True
3.8,-0,0,0.540947,0.035942,-0.330788,1.61213,-0.914786,1.70887,-7.24037,0.886721,-2.58514,11.326,0.0280658,0.876268,-2.7536,-0.035942,0.330788,0.0799335,-0,0,0.740301,0.0355043,-0.29886,-27.906,-0.48116,2.01804,-2.05216,1.17336,-0.675285,-40.9933,-0.692203,-1.34276,5.98387,-0.0355043,0.29886,-2.60737,-1.6766,-1.76636,0.999157,0.402676,2.04917,-0.0139184,1.965,-0.1,False,True
3.805,-0,0,0.488598,0.0342486,-0.346963,1.61179,-0.906983,1.40343,-8.97988,0.876376,-1.55459,10.5799,0.0306069,0.151154,-2.69403,-0.0342486,0.346963,0.0836987,-0,0,1.76302,0.0339529,-0.321845,-28.0858,-0.470951,2.06651,-0.425141,1.16986,-0.728593,-40.186,-0.698906,-1.33792,6.42498,-0.0339529,0.321845,-2.64693,-1.63754,-1.73129,0.433037,-0.191156,2.05264,-0.0133029,1.965,-0.1,False,True
3.81,-0,0,0.450109,0.0324724,-0.363834,1.59393,-0.900752,1.09095,-10.0232,0.871175,-0.54964,9.64886,0.0295773,-0.541311,-2.55246,-0.0324724,0.363834,0.0869273,-0,0,2.56093,0.0322858,-0.345016,-27.8793,-0.460495,2.11617,0.577228,1.16608,-0.784439,-39.4652,-0.705582,-1.33173,6.5908,-0.0322858,0.345016,-2.60179,-1.54724,-1.64459,-0.106156,-0.759491,2.05614,-0.0126434,1.965,-0.1,False,True
3.815,-0,0,0.421937,0.0306102,-0.381289,1.55786,-0.896074,0.793075,-10.3829,0.87088,0.386493,8.52556,0.0251938,-1.17957,-2.32665,-0.0306102,0.381289,0.0895576,-0,0,3.13468,0.0305028,-0.368066,-27.2885,-0.449789,2.1671,0.971954,1.16201,-0.84298,-38.8217,-0.712223,-1.32412,6.487,-0.0305028,0.368066,-2.47116,-1.40443,-1.50483,-0.601313,-1.28526,2.05967,-0.0119397,1.965,-0.1,False,True
3.82,-0,0,0.399267,0.0286595,-0.399203,1.50355,-0.892821,0.530131,-10.1331,0.87504,1.21213,7.20174,0.0177817,-1.74226,-2.01927,-0.0286595,0.399203,0.0915037,-0,0,3.5069,0.0286052,-0.390701,-26.3339,-0.438824,2.21931,0.848236,1.15765,-0.90435,-38.1993,-0.718823,-1.31496,6.17406,-0.0286052,0.390701,-2.26491,-1.21092,-1.31363,-1.03549,-1.75143,2.06324,-0.0111923,1.965,-0.1,False,True
3.825,-0,0,0.377012,0.0266182,-0.417429,1.43164,-0.890772,0.319699,-9.39066,0.883001,1.88963,5.66789,0.00777116,-2.20933,-1.63615,-0.0266182,0.417429,0.0926206,-0,0,3.71333,0.0265958,-0.41264,-25.0484,-0.427596,2.27268,0.347945,1.15297,-0.968618,-37.5014,-0.725373,-1.30407,5.76235,-0.0265958,0.41264,-2.00199,-0.970615,-1.0746,-1.39278,-2.14181,2.06686,-0.0104022,1.965,-0.1,False,True
3.83,-0,0,0.350778,0.0244852,-0.435785,1.34342,-0.889624,0.175834,-8.28691,0.893936,2.38669,3.91273,-0.00431159,-2.56252,-1.18395,-0.0244852,0.435785,0.0926539,-0,0,3.78938,0.0244788,-0.433618,-23.4706,-0.416098,2.32693,-0.362066,1.14796,-1.03575,-36.5992,-0.731864,-1.29118,5.40723,-0.0244788,0.433618,-1.71059,-0.687914,-0.791801,-1.65872,-2.44154,2.07051,-0.00957078,1.965,-0.1,False,True
3.835,-0,0,0.31752,0.0222604,-0.454021,1.24253,-0.889014,0.109051,-6.99809,0.906868,2.67626,2.02528,-0.017854,-2.78531,-0.693119,-0.0222604,0.454021,0.0909557,-0,0,3.74822,0.0222596,-0.453377,-21.7505,-0.404326,2.38149,-1.07677,1.14261,-1.10556,-35.3465,-0.738285,-1.27593,5.41394,-0.0222596,0.453377,-1.54896,-0.382237,-0.483918,-1.8203,-2.63694,2.0742,-0.00870014,1.965,-0.1,False,True
3.84,-0,0,-0.0372493,0.019945,-0.4717,0.275718,-0.888534,0.119376,-2.58011,0.920699,2.75633,1.07792,-0.0321647,-2.87571,-0.153777,-0.019945,0.4717,0.0918229,-0,0,3.51937,0.019945,-0.471623,-17.2624,-0.392283,2.43554,-4.79623,1.13691,-1.17765,-35.3213,-0.744623,-1.25788,2.83355,-0.019945,0.471623,0.203114,-0.0449924,-0.147153,-1.87632,-2.72581,2.07793,-0.00779282,1.965,-0.1,True,True
3.845,-0,0,-0.278092,0.0175434,-0.487981,-0.379832,-0.88782,0.173598,0.618702,0.934431,2.71479,0.71954,-0.0466111,-2.88838,0.129698,-0.0175434,0.487981,0.0993098,-0,0,3.09563,0.0175434,-0.487981,-14.4172,-0.379971,2.48812,-7.24198,1.13083,-1.25151,-34.4813,-0.750864,-1.2366,2.4696,-0.0175434,0.487981,0.299007,0.136147,0.0259463,-1.87135,-2.75101,2.08169,-0.00685204,1.98474,-0.0868421,True,True
3.85,-0,0,-0.514577,0.0150652,-0.502123,-1.02949,-0.886798,0.235314,4.21192,0.947846,2.64937,0.747186,-0.0610486,-2.88468,0.281726,-0.0150652,0.502123,0.119885,-0,0,2.53814,0.0150652,-0.502123,-11.3741,-0.367401,2.53839,-10.0229,1.12439,-1.32657,-33.6236,-0.756989,-1.21182,2.0166,-0.0150652,0.502123,0.367511,0.242525,0.10959,-1.85515,-2.76094,2.08549,-0.00588196,2.00447,-0.0736842,True,True
3.855,-0,0,-0.656531,0.0125221,-0.513892,-1.39298,-0.885467,0.296755,7.55725,0.960925,2.58027,0.477741,-0.075458,-2.87703,0.382726,-0.0125221,0.513892,0.173306,-0,0,1.95465,0.0125221,-0.513892,-8.44583,-0.354587,2.58571,-12.4768,1.11757,-1.40228,-32.4254,-0.762982,-1.18344,1.60614,-0.0125221,0.513892,0.479521,0.335358,0.143092,-1.83791,-2.76534,2.08932,-0.0048872,2.02421,-0.0605263,True,True
3.86,-0,0,-0.682316,0.00992627,-0.523237,-1.37874,-0.88383,0.357557,10.4027,0.973649,2.50768,-0.242293,-0.0898189,-2.86524,0.450462,-0.00992627,0.523237,0.273016,-0,0,1.40034,0.00992627,-0.523237,-5.80056,-0.341544,2.62967,-14.3796,1.11037,-1.47814,-30.8524,-0.768824,-1.15153,1.25867,-0.00992627,0.523237,0.612567,0.433233,0.130084,-1.81952,-2.76401,2.09316,-0.00387251,2.04395,-0.0473684,True,True
3.865,-0,0,-0.590334,0.00728976,-0.530152,-0.962422,-0.881892,0.417356,12.6614,0.986002,2.43192,-1.42186,-0.10411,-2.84927,0.484791,-0.00728976,0.530152,0.424623,-0,0,0.899592,0.00728976,-0.530152,-3.51334,-0.32829,2.66997,-15.6688,1.10279,-1.55372,-28.9313,-0.774497,-1.11625,0.967374,-0.00728976,0.530152,0.737119,0.539201,0.0673344,-1.79998,-2.75693,2.09702,-0.00284267,2.06368,-0.0342105,True,True
3.87,-0,0,-0.383101,0.00462474,-0.534644,-0.137237,-0.879657,0.475797,14.3029,0.997968,2.35338,-3.05789,-0.118312,-2.82918,0.486635,-0.00462474,0.534644,0.63075,-0,0,0.464026,0.00462474,-0.534644,-1.6134,-0.314845,2.70638,-16.3253,1.09483,-1.62856,-26.6831,-0.779986,-1.07782,0.72495,-0.00462474,0.534644,0.835644,0.65531,-0.0460821,-1.77932,-2.74414,2.10088,-0.00180246,2.08342,-0.0210526,True,True
3.875,-0,0,-0.0637034,0.00194331,-0.536719,1.09828,-0.877134,0.532535,15.3181,1.00954,2.27249,-5.14532,-0.132402,-2.80502,0.456212,-0.00194331,0.536719,0.8918,-0,0,0.0994162,0.00194331,-0.536719,-0.11131,-0.301227,2.7387,-16.3457,1.0865,-1.70222,-24.1227,-0.785275,-1.03647,0.524884,-0.00194331,0.536719,0.896773,0.781929,-0.210321,-1.7576,-2.72573,2.10474,-0.000756602,2.10316,-0.00789474,True,True
3.88,-0,0,0.364967,-0.000742453,-0.536379,2.74288,-0.874331,0.587231,15.7037,1.02069,2.18965,-7.67865,-0.146362,-2.77688,0.391493,0.000742453,0.536379,1.20446,-0,0,-0.190841,-0.000742453,-0.536379,0.987776,-0.287458,2.76673,-15.7308,1.07781,-1.77425,-21.2635,-0.790351,-0.992474,0.361547,0.000742453,0.536379,0.91178,0.91594,-0.42489,-1.73487,-2.70176,2.1086,0.000290191,2.12289,0.00526316,True,True
3.885,-0,0,0.898563,-0.00342048,-0.533615,4.78729,-0.871261,0.639561,15.4588,1.03143,2.10527,-10.6466,-0.160171,-2.74483,0.286179,0.00342048,0.533615,1.55734,-0,0,-0.404431,-0.00342048,-0.533615,1.67999,-0.273559,2.79028,-14.4878,1.06876,-1.84418,-18.126,-0.7952,-0.946101,0.230159,0.00342048,0.533615,0.873325,1.04704,-0.687496,-1.71121,-2.67232,2.11245,0.00133321,2.14263,0.0184211,True,True
3.89,-0,0,1.5266,-0.0060786,-0.528413,7.20006,-0.867936,0.689222,14.5933,1.04175,2.01977,-14.0189,-0.17381,-2.70899,0.126591,0.0060786,0.528413,1.9227,-0,0,-0.54022,-0.0060786,-0.528413,1.96613,-0.259555,2.80922,-12.6428,1.05937,-1.91156,-14.7523,-0.799812,-0.897662,0.126935,0.0060786,0.528413,0.776511,1.15111,-0.99134,-1.68674,-2.63752,2.11627,0.00236775,2.16237,0.0315789,True,True
3.895,-0,0,2.22329,-0.00870461,-0.52076,9.90103,-0.864369,0.735949,13.1482,1.05163,1.93365,-17.7226,-0.187261,-2.6696,-0.113036,0.00870461,0.52076,2.2424,-0,0,-0.59941,-0.00870461,-0.52076,1.86348,-0.245467,2.8235,-10.2687,1.04964,-1.97599,-11.2294,-0.804177,-0.847502,0.0494991,0.00870461,0.52076,0.622549,1.17946,-1.32023,-1.66163,-2.59752,2.12008,0.00338906,2.18211,0.0447368,True,True
3.9,-0,0,2.93242,-0.0112862,-0.510652,12.717,-0.860576,0.779562,11.2339,1.06108,1.84746,-21.6016,-0.200506,-2.62702,-0.477031,0.0112862,0.510652,2.40655,-0,0,-0.588081,-0.0112862,-0.510652,1.42819,-0.23132,2.83328,-7.53398,1.03961,-2.03726,-7.72758,-0.808287,-0.796022,-0.00290242,0.0112862,0.510652,0.424937,1.04259,-1.64062,-1.6362,-2.55268,2.12385,0.0043924,2.20184,0.0578947,True,True
3.905,-0,0,3.5474,-0.0138111,-0.49812,15.3154,-0.856573,0.820024,9.09024,1.0701,1.76197,-25.3537,-0.213531,-2.58199,-1.03465,0.0138111,0.49812,2.22633,-0,0,-0.522897,-0.0138111,-0.49812,0.789191,-0.217134,2.83912,-4.77713,1.02927,-2.09542,-4.55872,-0.812137,-0.743698,-0.0313694,0.0138111,0.49812,0.215409,0.590967,-1.89026,-1.61098,-2.50361,2.12758,0.00537304,2.22158,0.0710526,True,True
3.91,-0,0,3.85446,-0.0162674,-0.483262,17.2939,-0.852376,0.857564,7.28723,1.0787,1.67818,-28.4453,-0.226326,-2.53575,-1.79422,0.0162674,0.483262,1.55025,-0,0,-0.438042,-0.0162674,-0.483262,0.153922,-0.202929,2.84221,-2.65245,1.01865,-2.15111,-2.1183,-0.815724,-0.691106,-0.0437585,0.0162674,0.483262,0.0442359,-0.266236,-1.98921,-1.58687,-2.45141,2.13127,0.00632636,2.24132,0.0842105,True,True
3.915,-0,0,3.24145,-0.0186438,-0.46632,19.2596,-0.847998,0.892557,7.49586,1.08689,1.59704,-30.0923,-0.238889,-2.4896,-2.16437,0.0186438,0.46632,1.12305,-0,0,-0.316747,-0.0186438,-0.466357,-0.446723,-0.188712,2.83712,-2.44214,1.00776,-2.19601,-0.0675428,-0.819048,-0.64111,-0.0662642,0.0186438,0.466357,-0.0389436,-0.740135,-1.98303,-1.56468,-2.39737,2.13492,0.00724804,2.26105,0.0973684,True,True
3.92,-0,0,0.992765,-0.0209306,-0.447746,22.6004,-0.843451,0.923814,11.0184,1.09467,1.51662,-30.1687,-0.251222,-2.44043,-1.74364,0.0209306,0.447746,2.20549,-0,0,0.0486022,-0.020931,-0.448194,-1.33242,-0.174558,2.76475,-4.93138,0.996692,-2.15235,2.50043,-0.822135,-0.612395,-0.171658,0.020931,0.448194,-0.0925939,0.130009,-2.3267,-1.54152,-2.33943,2.13853,0.00813439,2.265,0.1,True,False
3.925,-0,0,-2.31678,-0.0231212,-0.428086,23.4435,-0.83876,0.949571,19.3264,1.10205,1.43464,-24.537,-0.263293,-2.38422,2.27054,0.0231212,0.428086,1.96347,-0,0,0.199018,-0.0231257,-0.429796,-1.4328,-0.161065,2.55602,-11.9469,0.986237,-1.92894,2.38472,-0.825172,-0.627084,-0.444612,0.0231257,0.429796,-0.0921549,2.53874,0.320903,-1.5137,-2.27491,2.1421,0.00898285,2.265,0.1,True,False
3.93,-0,0,-5.761,-0.0252115,-0.407774,24.1341,-0.833955,0.969821,27.1117,1.10902,1.35221,-19.4721,-0.275064,-2.32203,5.09796,0.0252115,0.407774,1.90643,-0,0,0.378468,-0.0252289,-0.411802,-1.52848,-0.148997,2.20461,-18.7843,0.977403,-1.51592,2.18496,-0.828406,-0.688683,-0.70593,0.0252289,0.411802,-0.0893175,4.30559,2.12262,-1.48171,-2.20511,2.14565,0.00979182,2.265,0.1,True,False
3.935,-0,0,-8.96001,-0.027199,-0.387108,24.6043,-0.829061,0.985273,33.6445,1.11557,1.27111,-15.4062,-0.286513,-2.25638,6.7169,0.027199,0.387108,1.86811,-0,0,0.567222,-0.0272437,-0.39452,-1.61384,-0.139019,1.73046,-24.7596,0.971077,-0.939669,1.92019,-0.832059,-0.790789,-0.922106,0.0272437,0.39452,-0.0853682,5.3202,3.1576,-1.44727,-2.13231,2.14918,0.0105604,2.265,0.1,True,False
3.94,-0,0,-11.7883,-0.0290825,-0.366283,24.9217,-0.824102,0.996522,39.0102,1.12173,1.19247,-12.1791,-0.297628,-2.18899,7.61769,0.0290825,0.366283,1.83538,-0,0,0.754372,-0.0291741,-0.378086,-1.68759,-0.131693,1.15392,-29.8252,0.968006,-0.229838,1.60604,-0.836314,-0.924085,-1.08273,0.0291741,0.378086,-0.0810868,5.88388,3.74002,-1.41158,-2.05807,2.15272,0.011288,2.265,0.1,True,False
3.945,-0,0,-14.1626,-0.0308618,-0.34541,25.1531,-0.819096,1.00409,43.2517,1.1275,1.11698,-9.72657,-0.308403,-2.12107,8.08449,0.0308618,0.34541,1.81014,-0,0,0.9305,-0.0310246,-0.362498,-1.74848,-0.12748,0.496,-33.9424,0.968779,0.580501,1.25599,-0.8413,-1.0765,-1.17889,0.0310246,0.362498,-0.0770838,6.17677,4.04661,-1.3755,-1.98347,2.15626,0.0119746,2.265,0.1,True,False
3.95,-0,0,-16.0354,-0.0325366,-0.324533,25.356,-0.814061,1.00846,46.4019,1.1329,1.04507,-8.02417,-0.318839,-2.05353,8.27763,0.0325366,0.324533,1.79833,-0,0,1.08783,-0.0327991,-0.347648,-1.79539,-0.126733,-0.221875,-37.0959,0.973811,1.45566,0.881872,-0.847079,-1.23379,-1.20467,0.0327991,0.347648,-0.0738316,6.30327,4.17435,-1.33974,-1.90929,2.15983,0.0126201,2.265,0.1,True,False
3.955,-0,0,-17.3922,-0.0341071,-0.303644,25.5728,-0.809012,1.01008,48.5111,1.13795,0.977024,-7.04503,-0.328938,-1.98711,8.29427,0.0341071,0.303644,1.80456,-0,0,1.22054,-0.034501,-0.333347,-1.82734,-0.129698,-0.978504,-39.3057,0.983336,2.35897,0.494237,-0.853637,-1.38046,-1.15829,0.034501,0.333347,-0.0716777,6.32729,4.18138,-1.30486,-1.83611,2.16343,0.0132245,2.265,0.1,True,False
3.96,-0,0,-18.2468,-0.0355731,-0.282695,25.828,-0.80396,1.00941,49.658,1.14267,0.912963,-6.73865,-0.33871,-1.92237,8.20119,0.0355731,0.282695,1.8299,-0,0,1.32495,-0.0361326,-0.319349,-1.84354,-0.136518,-1.75388,-40.6311,0.997401,3.25486,0.102511,-0.860883,-1.50097,-1.04248,0.0361326,0.319349,-0.0708535,6.2917,4.10889,-1.27136,-1.76433,2.16706,0.0137878,2.265,0.1,True,False
3.965,-0,0,-18.636,-0.0369341,-0.261621,26.1294,-0.798918,1.00684,49.9488,1.14708,0.852933,-7.02736,-0.348162,-1.85978,8.04938,0.0369341,0.261621,1.8719,-0,0,1.39958,-0.0376945,-0.305372,-1.84344,-0.147237,-2.53016,-41.1652,1.01588,4.11097,-0.285089,-0.868647,-1.58082,-0.86401,0.0376945,0.305372,-0.0714851,6.22753,3.99015,-1.23965,-1.69426,2.17073,0.01431,2.265,0.1,True,False
3.97,-0,0,-18.6119,-0.0381893,-0.24035,26.471,-0.793892,1.00277,49.5061,1.1512,0.796903,-7.81441,-0.357307,-1.79968,7.87793,0.0381893,0.24035,1.92605,-0,0,1.44489,-0.0391863,-0.291121,-1.82687,-0.161819,-3.29231,-41.0228,1.03851,4.89978,-0.661776,-0.876691,-1.60747,-0.632583,0.0391863,0.291121,-0.0736055,6.15721,3.85218,-1.21008,-1.62611,2.17444,0.014791,2.265,0.1,True,False
3.975,-0,0,-18.233,-0.0393376,-0.218818,26.8375,-0.78889,0.997567,48.4542,1.15505,0.744787,-8.99742,-0.366159,-1.74235,7.71341,0.0393376,0.218818,1.98759,-0,0,1.46279,-0.0406057,-0.276302,-1.79411,-0.18016,-4.0285,-40.3247,1.06488,5.59945,-1.02242,-0.884722,-1.57095,-0.359471,0.0406057,0.276302,-0.0771691,6.09512,3.71434,-1.18292,-1.56004,2.1782,0.0152305,2.265,0.1,True,False
3.98,-0,0,-17.557,-0.0403775,-0.196977,27.2089,-0.783916,0.991563,46.9054,1.15865,0.696457,-10.481,-0.374731,-1.68802,7.56906,0.0403775,0.196977,2.05288,-0,0,1.45603,-0.0419493,-0.260637,-1.74604,-0.202104,-4.72993,-39.1828,1.09451,6.19399,-1.36366,-0.892401,-1.46405,-0.0562434,0.0419493,0.260637,-0.0820656,6.04779,3.58701,-1.15837,-1.49617,2.18201,0.0156283,2.265,0.1,True,False
3.985,-0,0,-16.6346,-0.0413073,-0.174801,27.5636,-0.778974,0.985097,44.9504,1.16201,0.651763,-12.1851,-0.383039,-1.63686,7.44539,0.0413073,0.174801,2.12001,-0,0,1.42763,-0.0432121,-0.243877,-1.68419,-0.22746,-5.39043,-37.6904,1.12682,6.6727,-1.68385,-0.899362,-1.28227,0.266119,0.0432121,0.243877,-0.0881296,6.01453,3.47161,-1.13659,-1.43462,2.18585,0.0159841,2.265,0.1,True,False
3.99,-0,0,-15.5065,-0.0421255,-0.152291,27.8797,-0.774065,0.978501,42.6537,1.16516,0.610535,-14.0485,-0.3911,-1.58904,7.33254,0.0421255,0.152291,2.1887,-0,0,1.3804,-0.0443881,-0.225812,-1.61078,-0.256009,-6.00579,-35.9161,1.16123,7.02936,-1.98285,-0.905224,-1.02357,0.597652,0.0443881,0.225812,-0.0951469,5.98885,3.36212,-1.1177,-1.3755,2.18973,0.0162975,2.265,0.1,True,False
3.995,-0,0,-14.2025,-0.0428303,-0.129479,28.1354,-0.769189,0.972112,40.0546,1.16812,0.572598,-16.027,-0.398929,-1.54471,7.21361,0.0428303,0.129479,2.25951,-0,0,1.31657,-0.0454702,-0.206276,-1.52863,-0.287517,-6.57304,-33.9033,1.19712,7.26114,-2.26161,-0.909598,-0.688098,0.929432,0.0454702,0.206276,-0.102856,5.96015,3.24761,-1.1018,-1.31896,2.19366,0.0165685,2.265,0.1,True,False
4,-0,0,-12.7429,-0.0434203,-0.106425,28.3081,-0.764344,0.966281,37.1708,1.17089,0.537765,-18.0894,-0.406547,-1.50405,7.06819,0.0434203,0.106425,2.33288,-0,0,1.23761,-0.0464508,-0.185163,-1.44112,-0.321739,-7.08975,-31.6725,1.23384,7.36772,-2.52179,-0.912105,-0.277977,1.25333,0.0464508,0.185163,-0.110948,5.91538,3.11499,-1.08895,-1.26518,2.19761,0.0167969,2.265,0.1,True,False
4.005,-0,0,-11.1405,-0.0438945,-0.0832251,28.3736,-0.759526,0.96137,34.0042,1.1735,0.505844,-20.2121,-0.41397,-1.46721,6.87549,0.0438945,0.0832251,2.40812,-0,0,1.14415,-0.0473219,-0.16243,-1.35189,-0.358415,-7.55342,-29.226,1.27079,7.35054,-2.76524,-0.912378,0.20288,1.56164,0.0473219,0.16243,-0.119067,5.84058,2.95151,-1.07921,-1.21437,2.2016,0.0169826,2.265,0.1,True,False
4.01,-0,0,-9.40441,-0.0442525,-0.0600079,28.3046,-0.75473,0.957752,30.5482,1.17595,0.47663,-22.3733,-0.421219,-1.43438,6.617,0.0442525,0.0600079,2.48258,-0,0,1.03603,-0.0480751,-0.138109,-1.26469,-0.397273,-7.96101,-26.5531,1.30735,7.2122,-2.99353,-0.910076,0.748814,1.84678,0.0480751,0.138109,-0.126812,5.72204,2.74698,-1.07257,-1.16675,2.2056,0.0171258,2.265,0.1,True,False
4.015,-0,0,-7.54306,-0.0444946,-0.0369385,28.0715,-0.749949,0.955798,26.7953,1.17826,0.449901,-24.548,-0.428314,-1.4057,6.2788,0.0444946,0.0369385,2.55123,-0,0,0.912513,-0.048703,-0.112318,-1.18296,-0.438025,-8.30866,-23.6362,1.34291,6.95626,-3.20746,-0.90489,1.3524,2.10101,0.048703,0.112318,-0.133746,5.54766,2.49543,-1.06902,-1.12258,2.20963,0.0172269,2.265,0.1,True,False
4.02,-0,0,-5.56825,-0.0446219,-0.0142176,27.6426,-0.745172,0.955866,22.7442,1.18045,0.425412,-26.7045,-0.435276,-1.38128,5.85362,0.0446219,0.0142176,2.60683,-0,0,0.772608,-0.0491983,-0.0852601,-1.10958,-0.48036,-8.5915,-20.4567,1.37691,6.58709,-3.40646,-0.896552,2.00441,2.31654,0.0491983,0.0852601,-0.139412,5.30838,2.19631,-1.06845,-1.08212,2.21368,0.0172866,2.265,0.1,True,False
4.025,-0,0,-3.49819,-0.0446368,0.00792098,26.9872,-0.74039,0.958269,18.407,1.18252,0.40289,-28.8024,-0.442126,-1.36116,5.34254,0.0446368,-0.00792098,2.64087,-0,0,0.6155,-0.0495556,-0.0572329,-1.04648,-0.52394,-8.80373,-17.0014,1.40879,6.10996,-3.58806,-0.884846,2.69378,2.48567,0.0495556,0.0572329,-0.143361,4.99985,1.85508,-1.0707,-1.04559,2.21773,0.0173058,2.265,0.1,True,False
4.03,-0,0,-1.3599,-0.0445427,0.0292152,26.0797,-0.73559,0.963258,13.8152,1.18448,0.382031,-30.7929,-0.448887,-1.34529,4.75631,0.0445427,-0.0292152,2.64525,-0,0,0.441091,-0.0497707,-0.0286187,-0.994435,-0.568397,-8.9389,-13.2685,1.43801,5.5312,-3.74724,-0.869614,3.4077,2.60133,0.0497707,0.0286187,-0.145182,4.62426,1.48306,-1.07548,-1.01317,2.22179,0.0172858,2.265,0.1,True,False
4.035,-0,0,0.809581,-0.0443446,0.0493846,24.9049,-0.730758,0.970982,9.02398,1.18634,0.362501,-32.6223,-0.455579,-1.33348,4.11554,0.0443446,-0.0493846,2.6146,-0,0,0.250541,-0.0498417,0.000124691,-0.952978,-0.613329,-8.99029,-9.27288,1.4641,4.85845,-3.87589,-0.850769,4.13183,2.65777,0.0498417,-0.000124691,-0.144548,4.19189,1.09627,-1.08241,-0.984954,2.22584,0.0172283,2.265,0.1,True,False
4.04,-0,0,2.96388,-0.0440488,0.0681438,23.4637,-0.72588,0.981467,4.11253,1.1881,0.343939,-34.2368,-0.462222,-1.32541,3.44951,0.0440488,-0.0681438,2.54857,-0,0,0.0467126,-0.0497694,0.0284847,-0.920507,-0.6583,-8.95155,-5.05059,1.4866,4.1008,-3.96247,-0.828296,4.85074,2.65134,0.0497694,-0.0284847,-0.14125,3.7216,0.713355,-1.09098,-0.960922,2.22989,0.0171353,2.265,0.1,True,False
4.045,-0,0,5.0498,-0.0436632,0.0852202,21.7784,-0.720943,0.994589,-0.818232,1.18978,0.325973,-35.5902,-0.468833,-1.32056,2.79303,0.0436632,-0.0852202,2.45337,-0,0,-0.165619,-0.0495569,0.0559224,-0.89461,-0.702845,-8.81744,-0.660955,1.50511,3.26895,-3.99208,-0.802261,5.54849,2.58119,0.0495569,-0.0559224,-0.135244,3.23975,0.352743,-1.10056,-0.94092,2.23392,0.0170093,2.265,0.1,True,False
4.05,-0,0,7.01174,-0.0431966,0.100376,19.895,-0.715934,1.01008,-5.65271,1.19136,0.308236,-36.6523,-0.475428,-1.31831,2.18148,0.0431966,-0.100376,2.34161,-0,0,-0.379911,-0.0492102,0.0819076,-0.872559,-0.746474,-8.58459,3.81387,1.51929,2.37517,-3.94699,-0.772811,6.20942,2.44985,0.0492102,-0.0819076,-0.126675,2.77685,0.0295786,-1.11045,-0.924652,2.23794,0.0168532,2.265,0.1,True,False
4.055,-0,0,8.7973,-0.0426594,0.113429,17.8823,-0.710842,1.02751,-10.2709,1.19286,0.290392,-37.4156,-0.482017,-1.3179,1.64477,0.0426594,-0.113429,2.23001,-0,0,-0.588392,-0.0487378,0.105959,-0.851881,-0.78869,-8.2522,8.27267,1.52886,1.43316,-3.8079,-0.740167,6.81904,2.26329,0.0487378,-0.105959,-0.115885,2.36229,-0.246761,-1.11991,-0.911691,2.24192,0.0166702,2.265,0.1,True,False
4.06,-0,0,10.3631,-0.0420624,0.124277,15.827,-0.705659,1.04639,-14.5601,1.19427,0.272154,-37.8999,-0.488607,-1.31854,1.20156,0.0420624,-0.124277,2.13505,-0,0,-0.78295,-0.0481506,0.127682,-0.830869,-0.828996,-7.8226,12.602,1.53362,0.457744,-3.55585,-0.70462,7.36486,2.03062,0.0481506,-0.127682,-0.103407,2.01804,-0.473868,-1.12824,-0.901502,2.24587,0.0164637,2.265,0.1,True,False
4.065,-0,0,11.6796,-0.0414166,0.132913,13.825,-0.700378,1.06614,-18.4264,1.19558,0.253313,-38.1514,-0.495202,-1.31946,0.855615,0.0414166,-0.132913,2.06798,-0,0,-0.956201,-0.047461,0.146806,-0.80891,-0.866916,-7.30149,16.6852,1.53343,-0.535581,-3.1744,-0.666518,7.83707,1.76328,0.047461,-0.146806,-0.0899216,1.7533,-0.655757,-1.13484,-0.89349,2.24978,0.0162373,2.265,0.1,True,False
4.07,-0,0,12.7343,-0.0407332,0.13944,11.9712,-0.694998,1.08623,-21.8028,1.1968,0.233743,-38.2376,-0.501801,-1.31997,0.595889,0.0407332,-0.13944,2.03103,-0,0,-1.10248,-0.0466825,0.163205,-0.786532,-0.902011,-6.69787,20.4125,1.52826,-1.53113,-2.65198,-0.62625,8.22901,1.47392,0.0466825,-0.163205,-0.0761939,1.56234,-0.800628,-1.13929,-0.887046,2.25364,0.0159946,2.265,0.1,True,False
4.075,-0,0,13.5315,-0.0400222,0.144067,10.3499,-0.689516,1.10619,-24.6523,1.19792,0.213407,-38.2372,-0.508402,-1.3196,0.401053,0.0400222,-0.144067,2.01665,-0,0,-1.2185,-0.045829,0.176909,-0.765196,-0.933895,-6.02373,23.6897,1.51812,-2.51356,-1.98384,-0.584228,8.53729,1.17513,0.045829,-0.176909,-0.062995,1.42695,-0.917582,-1.14138,-0.881596,2.25745,0.0157388,2.265,0.1,True,False
4.08,-0,0,14.0909,-0.0392926,0.147102,9.02734,-0.683936,1.12569,-26.9666,1.19893,0.192344,-38.2277,-0.514997,-1.31803,0.247291,0.0392926,-0.147102,2.01048,-0,0,-1.30358,-0.0449134,0.188098,-0.746881,-0.962249,-5.29334,26.445,1.50313,-3.46828,-1.17324,-0.540877,8.76162,0.878275,0.0449134,-0.188098,-0.0510143,1.32325,-1.01338,-1.14117,-0.876641,2.26121,0.0154729,2.265,0.1,True,False
4.085,-0,0,14.4433,-0.0385512,0.14893,8.04813,-0.678259,1.14455,-28.7602,1.19984,0.170648,-38.2742,-0.521582,-1.3152,0.116577,0.0385512,-0.14893,1.99688,-0,0,-1.35929,-0.043948,0.197073,-0.733614,-0.986829,-4.52251,28.6325,1.48344,-4.3819,-0.231776,-0.496612,8.90441,0.592618,0.043948,-0.197073,-0.0407865,1.23035,-1.09037,-1.13892,-0.871775,2.26491,0.0151994,2.265,0.1,True,False
4.09,-0,0,14.6247,-0.0378033,0.149985,7.43462,-0.67249,1.16275,-30.0632,1.20064,0.148443,-38.4211,-0.528149,-1.31119,0.00196779,0.0378033,-0.149985,1.96458,-0,0,-1.38883,-0.0429427,0.204225,-0.727075,-1.00747,-3.7277,30.2317,1.45931,-5.24236,0.821222,-0.451833,8.97007,0.324749,0.0429427,-0.204225,-0.0326475,1.13714,-1.14633,-1.13509,-0.866701,2.26854,0.0149199,2.265,0.1,True,False
4.095,-0,0,14.6712,-0.0370514,0.150714,7.18925,-0.666632,1.18041,-30.9132,1.20133,0.125858,-38.6905,-0.534694,-1.30627,-0.0924289,0.0370514,-0.150714,1.90981,-0,0,-1.39622,-0.0419057,0.209986,-0.728372,-1.02411,-2.92525,31.2449,1.43102,-6.03912,1.9601,-0.406911,8.96437,0.078427,0.0419057,-0.209986,-0.0267289,1.04418,-1.17636,-1.13027,-0.861214,2.27212,0.0146354,2.265,0.1,True,False
4.1,-0,0,14.6127,-0.0362961,0.151553,7.2981,-0.660686,1.19776,-31.3495,1.2019,0.103003,-39.0842,-0.541212,-1.30076,-0.156423,0.0362961,-0.151553,1.83601,-0,0,-1.3856,-0.0408429,0.2148,-0.737991,-1.03673,-2.13069,31.6911,1.39892,-6.76303,3.15475,-0.362189,8.89372,-0.145281,0.0408429,-0.2148,-0.0229898,0.960233,-1.17581,-1.12507,-0.855196,2.27563,0.0143463,2.265,0.1,True,False
4.105,-0,0,14.4699,-0.0355359,0.152899,7.7351,-0.654654,1.2151,-31.4085,1.20236,0.0799549,-39.5899,-0.547702,-1.29506,-0.180764,0.0355359,-0.152899,1.75091,-0,0,-1.36074,-0.0397577,0.219085,-0.75588,-1.04541,-1.35829,31.6008,1.36339,-7.40622,4.3727,-0.317974,8.76451,-0.34764,0.0397577,-0.219085,-0.0212701,0.896016,-1.14313,-1.12013,-0.848587,2.27908,0.0140519,2.265,0.1,True,False
4.11,-0,0,14.2516,-0.0347671,0.155105,8.46626,-0.648535,1.23277,-31.1204,1.2027,0.0567504,-40.1871,-0.554163,-1.28952,-0.162542,0.0347671,-0.155105,1.66316,-0,0,-1.32472,-0.038652,0.223218,-0.781601,-1.05031,-0.620782,31.0089,1.32485,-7.96181,5.58118,-0.274544,8.58259,-0.531754,0.038652,-0.223218,-0.0213473,0.85858,-1.08137,-1.11603,-0.841373,2.28246,0.0137512,2.265,0.1,True,False
4.115,-0,0,13.9555,-0.0339848,0.158471,9.45353,-0.642326,1.25114,-30.5071,1.20292,0.0333833,-40.8507,-0.560597,-1.28452,-0.106581,0.0339848,-0.158471,1.58009,-0,0,-1.27989,-0.0375255,0.227532,-0.814456,-1.05162,0.0706872,29.9501,1.28377,-8.42357,6.74894,-0.232148,8.35288,-0.702034,0.0375255,-0.227532,-0.0229817,0.849073,-0.997845,-1.11328,-0.833562,2.28579,0.0134425,2.265,0.1,True,False
4.12,-0,0,13.5698,-0.0331824,0.163244,10.658,-0.636024,1.27053,-29.5805,1.20303,0.00980536,-41.5526,-0.567008,-1.28034,-0.0226601,0.0331824,-0.163244,1.50726,-0,0,-1.2279,-0.0363767,0.23231,-0.853586,-1.0496,0.706502,28.4549,1.24062,-8.78559,7.84768,-0.191015,8.07909,-0.863678,0.0363767,-0.23231,-0.0259449,0.864281,-0.902021,-1.11232,-0.825168,2.28905,0.0131235,2.265,0.1,True,False
4.125,-0,0,13.0758,-0.0323524,0.169627,12.0423,-0.629621,1.29128,-28.3423,1.20302,-0.0140688,-42.2613,-0.5734,-1.27722,0.0799443,0.0323524,-0.169627,1.44923,-0,0,-1.1698,-0.0352024,0.237793,-0.898021,-1.04456,1.27836,26.5472,1.19591,-9.04193,8.85307,-0.151357,7.76357,-1.0222,0.0352024,-0.237793,-0.0300322,0.900755,-0.80254,-1.11347,-0.816195,2.29226,0.0127917,2.265,0.1,True,False
4.13,-0,0,12.4517,-0.0314861,0.177777,13.5716,-0.623111,1.31366,-26.7846,1.20289,-0.0383561,-42.94,-0.57978,-1.2753,0.198584,0.0314861,-0.177777,1.41094,-0,0,-1.10625,-0.0339988,0.244185,-0.946691,-1.03682,1.779,24.2447,1.1502,-9.18631,9.74532,-0.113379,7.40731,-1.18301,0.0339988,-0.244185,-0.0350638,0.959693,-0.703992,-1.11697,-0.806628,2.29542,0.012444,2.265,0.1,True,False
4.135,-0,0,11.6761,-0.0305746,0.187812,15.2138,-0.616484,1.33785,-24.8919,1.20264,-0.0631971,-43.5457,-0.586153,-1.27465,0.342225,0.0305746,-0.187812,1.39867,-0,0,-1.03771,-0.0327606,0.251656,-0.998432,-1.02677,2.202,21.5605,1.10405,-9.21198,10.5094,-0.0772843,7.00998,-1.35096,0.0327606,-0.251656,-0.0408799,1.05094,-0.604252,-1.12294,-0.796419,2.29853,0.0120773,2.265,0.1,True,False
4.14,-0,0,10.7313,-0.029608,0.199806,16.9386,-0.609732,1.36399,-22.6462,1.20226,-0.0887472,-44.0285,-0.592526,-1.27524,0.533948,0.029608,-0.199806,1.42041,-0,0,-0.964702,-0.0314822,0.260345,-1.05197,-1.0148,2.54155,18.5069,1.05808,-9.11166,11.135,-0.0432797,6.57011,-1.52992,0.0314822,-0.260345,-0.0473324,1.1949,-0.492957,-1.13142,-0.785485,2.3016,0.0116881,2.265,0.1,True,False
4.145,-0,0,9.60741,-0.0285765,0.213799,18.7152,-0.602845,1.3921,-20.0336,1.20175,-0.115166,-44.3345,-0.598906,-1.27693,0.809852,0.0285765,-0.213799,1.48506,-0,0,-0.888069,-0.0301572,0.270364,-1.10593,-1.00135,2.7924,15.1022,1.01293,-8.87783,11.6156,-0.0115832,6.08543,-1.72219,0.0301572,-0.270364,-0.0542766,1.42147,-0.351721,-1.14231,-0.773701,2.30463,0.011273,2.265,0.1,True,False
4.15,-0,0,8.30582,-0.02747,0.229783,20.5098,-0.595811,1.4221,-17.0546,1.20111,-0.142606,-44.4101,-0.605296,-1.27949,1.21341,0.02747,-0.229783,1.60072,-0,0,-0.809219,-0.0287786,0.281796,-1.15884,-0.986875,2.95,11.3792,0.9693,-8.5033,11.9482,0.0175746,5.55329,-1.92773,0.0287786,-0.281796,-0.0615624,1.76524,-0.156677,-1.15541,-0.76091,2.30763,0.0108284,2.265,0.1,True,False
4.155,-0,0,6.84335,-0.0262787,0.247707,22.2821,-0.588624,1.4538,-13.7378,1.20032,-0.171204,-44.2115,-0.611701,-1.28259,1.78472,0.0262787,-0.247707,1.77188,-0,0,-0.730316,-0.0273392,0.294693,-1.20913,-0.97185,3.01097,7.39665,0.9279,-7.98235,12.132,0.0439498,4.97138,-2.14333,0.0273392,-0.294693,-0.0690285,2.25658,0.116216,-1.17043,-0.746929,2.3106,0.0103507,2.265,0.1,True,False
4.16,-0,0,5.25551,-0.024993,0.26747,23.982,-0.581273,1.48693,-10.155,1.1994,-0.20107,-43.7164,-0.618122,-1.28586,2.54529,0.024993,-0.26747,1.99601,-0,0,-0.654334,-0.0258316,0.309073,-1.25517,-0.956765,2.97373,3.25065,0.889477,-7.31234,12.1669,0.0672885,4.33861,-2.3616,0.0258316,-0.309073,-0.0764981,2.90927,0.483223,-1.18698,-0.731576,2.31356,0.00983661,2.265,0.1,True,False
4.165,-0,0,3.5984,-0.023604,0.288918,25.5475,-0.573754,1.52117,-6.43374,1.19831,-0.232286,-42.9374,-0.624559,-1.28888,3.48117,0.023604,-0.288918,2.2604,-0,0,-0.584902,-0.0242485,0.324917,-1.29531,-0.942112,2.83966,-0.915707,0.854777,-6.49594,12.0525,0.0873359,3.65627,-2.57026,0.0242485,-0.324917,-0.0837793,3.70702,0.943567,-1.20462,-0.714694,2.31652,0.00928282,2.265,0.1,True,False
4.17,-0,0,1.9476,-0.0221038,0.311845,26.9053,-0.566062,1.55618,-2.76282,1.19707,-0.264907,-41.9305,-0.631011,-1.29128,4.53027,0.0221038,-0.311845,2.54053,-0,0,-0.525847,-0.0225825,0.34217,-1.32788,-0.928368,2.6143,-4.91076,0.824517,-5.54365,11.7868,0.103851,2.92935,-2.75209,0.0225825,-0.34217,-0.09067,4.5936,1.4718,-1.22288,-0.696196,2.31947,0.00868644,2.265,0.1,True,False
4.175,-0,0,0.392199,-0.0204855,0.335991,27.9754,-0.558192,1.59172,0.61921,1.19566,-0.298979,-40.7954,-0.637472,-1.29274,5.58142,0.0204855,-0.335991,2.80149,-0,0,-0.480448,-0.0208268,0.360733,-1.35125,-0.915969,2.30856,-8.50583,0.79934,-4.47622,11.3655,0.116629,2.16766,-2.88599,0.0208268,-0.360733,-0.0969663,5.47284,2.01603,-1.24133,-0.6761,2.32244,0.00804498,2.265,0.1,True,False
4.18,-0,0,-0.976689,-0.0187439,0.361051,28.68,-0.550144,1.62765,3.45567,1.19408,-0.334551,-39.6582,-0.643938,-1.2931,6.49156,0.0187439,-0.361051,3.00332,-0,0,-0.450522,-0.0189751,0.38047,-1.36393,-0.905283,1.93942,-11.4636,0.779755,-3.32604,10.782,0.125528,1.38662,-2.94961,0.0189751,-0.38047,-0.102474,6.22314,2.50564,-1.25957,-0.654553,2.32542,0.0073564,2.265,0.1,True,False
4.185,-0,0,-2.0817,-0.016875,0.386685,28.9557,-0.541916,1.664,5.52151,1.19232,-0.371698,-38.6414,-0.650403,-1.29231,7.1203,0.016875,-0.386685,3.10935,-0,0,-0.435639,-0.0170221,0.401208,-1.36461,-0.896575,1.52969,-13.5805,0.76608,-2.13685,10.0287,0.130496,0.607153,-2.92307,0.0170221,-0.401208,-0.107018,6.72599,2.869,-1.27732,-0.631831,2.32842,0.00661925,2.265,0.1,True,False
4.19,-0,0,-2.87493,-0.014877,0.412532,28.7649,-0.533504,1.70095,6.67686,1.19037,-0.410526,-37.8263,-0.656861,-1.29042,7.37186,0.014877,-0.412532,3.09503,-0,0,-0.432823,-0.014963,0.422741,-1.35233,-0.889986,1.10658,-14.7306,0.758387,-0.961077,9.09744,0.131599,-0.145507,-2.79295,0.014963,-0.422741,-0.110442,6.89996,3.05591,-1.29431,-0.608304,2.33145,0.0058327,2.265,0.1,True,False
4.195,-0,0,-3.34773,-0.0127497,0.438226,28.1019,-0.524906,1.73872,6.90364,1.18821,-0.451165,-37.2245,-0.663307,-1.28755,7.22741,0.0127497,-0.438226,2.95354,-0,0,-0.436976,-0.0127947,0.444833,-1.32667,-0.885509,0.699108,-14.8949,0.756469,0.144752,7.98077,0.129041,-0.84386,-2.55489,0.0127947,-0.444833,-0.112603,6.72655,3.05616,-1.31034,-0.584369,2.33451,0.00499657,2.265,0.1,True,False
4.2,-0,0,-3.52991,-0.0104948,0.463412,26.992,-0.516117,1.7775,6.3084,1.18585,-0.493741,-36.7709,-0.669737,-1.28376,6.75348,0.0104948,-0.463412,2.69548,-0,0,-0.441952,-0.0105147,0.46722,-1.28792,-0.882995,0.335132,-14.1619,0.759834,1.12549,6.67199,0.123161,-1.46062,-2.21364,0.0105147,-0.46722,-0.113343,6.25619,2.90594,-1.32517,-0.560382,2.33761,0.00411136,2.265,0.1,True,False
4.205,-0,0,-3.47795,-0.0081156,0.487757,25.4815,-0.507131,1.81733,5.08933,1.18328,-0.538335,-36.3406,-0.676145,-1.27899,6.08464,0.0081156,-0.487757,2.34259,-0,0,-0.44191,-0.00812245,0.489604,-1.23727,-0.882158,0.0387816,-12.6981,0.767724,1.93207,5.16424,0.114434,-1.97085,-1.78048,0.00812245,-0.489604,-0.11246,5.59305,2.68079,-1.33851,-0.536593,2.34074,0.00317826,2.265,0.1,True,False
4.21,-0,0,-3.25567,-0.0056172,0.510963,23.6236,-0.497944,1.85802,3.48177,1.18047,-0.584949,-35.7771,-0.682527,-1.27307,5.3939,0.0056172,-0.510963,1.91942,-0,0,-0.432412,-0.00561868,0.511637,-1.17684,-0.882607,-0.171019,-10.6989,0.779155,2.52412,3.44923,0.103452,-2.3531,-1.26899,0.00561868,-0.511637,-0.109665,4.86993,2.48139,-1.34998,-0.513114,2.34391,0.00219906,2.265,0.1,True,False
4.215,-0,0,-2.91506,-0.00300597,0.532759,21.5951,-0.488551,1.89911,1.80028,1.17743,-0.633468,-34.8973,-0.688875,-1.26565,5.01659,0.00300597,-0.532759,1.58894,-0,0,-0.410338,-0.00300608,0.532906,-1.10907,-0.883868,-0.280598,-8.44496,0.792965,2.87002,1.61438,0.0909032,-2.58942,-0.718355,0.00300608,-0.532906,-0.104483,4.41618,2.43616,-1.35914,-0.489921,2.34711,0.00117618,2.265,0.1,True,False
4.22,-0,0,-2.62657,-0.000289614,0.552871,17.1092,-0.478953,1.93982,-2.56909,1.17414,-0.683602,-35.055,-0.695183,-1.25622,2.4531,0.000289614,-0.552871,-0.118604,-0,0,0.0106088,-0.000289614,0.552882,-0.248702,-0.885413,-0.290251,-3.34284,0.807855,2.96922,0.902352,0.077558,-2.67897,-0.161512,0.000289614,-0.552882,-0.0974135,1.61496,1.73704,-1.36542,-0.466863,2.35034,0.000112546,2.265,0.1,True,True
4.225,-0,0,-2.25072,0.00252274,0.570963,14.1353,-0.469153,1.97888,-5.44681,1.17059,-0.734805,-34.319,-0.701438,-1.24407,2.06933,-0.00252274,-0.570963,-0.235483,-0,0,0.345253,0.00252274,0.570963,0.390283,-0.886771,-0.243281,0.368956,0.822657,2.92625,0.781913,0.0641135,-2.68297,0.124537,-0.00252274,-0.570963,-0.100351,1.28017,1.55203,-1.36805,-0.443682,2.35359,-0.000988241,2.28474,0.0868421,True,True
4.23,-0,0,-1.86768,0.00542002,0.586751,10.9933,-0.459164,2.01511,-8.51077,1.16679,-0.786461,-33.513,-0.707624,-1.22865,1.62102,-0.00542002,-0.586751,-0.327214,-0,0,0.694502,0.00542002,0.586751,1.02582,-0.887846,-0.186843,4.34054,0.837118,2.85599,1.12622,0.0507282,-2.66915,0.257919,-0.00542002,-0.586751,-0.119374,0.915423,1.3061,-1.36643,-0.420199,2.35687,-0.00212181,2.30447,0.0736842,True,True
4.235,-0,0,-1.48223,0.00839025,0.600128,8.0491,-0.449002,2.04794,-11.1697,1.16273,-0.83808,-32.3631,-0.713724,-1.20986,1.22396,-0.00839025,-0.600128,-0.446344,-0,0,0.920843,0.00839025,0.600128,1.34588,-0.888639,-0.130856,7.96408,0.851217,2.78215,1.18131,0.037422,-2.65129,0.329639,-0.00839025,-0.600128,-0.170682,0.568189,1.10989,-1.36045,-0.396407,2.36017,-0.00328344,2.32421,0.0605263,True,True
4.24,-0,0,-1.11645,0.0114213,0.611082,5.44471,-0.438685,2.07703,-13.2492,1.15841,-0.889236,-30.8473,-0.719722,-1.18779,0.892967,-0.0114213,-0.611082,-0.573821,-0,0,0.997534,0.0114213,0.611082,1.27425,-0.889154,-0.0756446,11.0361,0.864939,2.70499,0.789367,0.0242153,-2.62934,0.361717,-0.0114213,-0.611082,-0.263963,0.260433,0.962403,-1.35021,-0.372367,2.36348,-0.00446836,2.34395,0.0473684,True,True
4.245,-0,0,-0.783247,0.0145011,0.619631,3.22635,-0.428232,2.10214,-14.7155,1.15383,-0.93952,-28.9928,-0.725602,-1.16262,0.619584,-0.0145011,-0.619631,-0.68624,-0,0,0.92459,0.0145011,0.619631,0.801938,-0.889396,-0.0215394,13.5038,0.878267,2.62489,-0.0515966,0.0111286,-2.60335,0.355198,-0.0145011,-0.619631,-0.402109,0.000936456,0.844049,-1.33589,-0.34817,2.36678,-0.00567182,2.36368,0.0342105,True,True
4.25,-0,0,-0.487808,0.0176176,0.625797,1.4054,-0.417663,2.12308,-15.5677,1.14901,-0.988527,-26.8198,-0.731348,-1.13455,0.396127,-0.0176176,-0.625797,-0.770567,-0,0,0.70577,0.0176176,0.625797,-0.068735,-0.88937,0.0311376,15.3586,0.891188,2.54228,-1.33418,-0.0018182,-2.57341,0.311219,-0.0176176,-0.625797,-0.58552,-0.207282,0.741971,-1.3177,-0.323928,2.37009,-0.00688912,2.38342,0.0210526,True,True
4.255,-0,0,-0.232151,0.020759,0.629598,-0.0189704,-0.407001,2.13967,-15.8138,1.14395,-1.03585,-24.3416,-0.736948,-1.10383,0.216523,-0.020759,-0.629598,-0.819173,-0,0,0.344819,0.020759,0.629598,-1.33415,-0.889084,0.0820781,16.6054,0.90369,2.45756,-3.05114,-0.0146056,-2.53964,0.229926,-0.020759,-0.629598,-0.813153,-0.363377,0.647638,-1.29586,-0.299766,2.37339,-0.00811563,2.40316,0.00789474,True,True
4.26,-0,0,-0.0172964,0.0239136,0.631041,-1.04942,-0.396267,2.15173,-15.4611,1.13865,-1.08106,-21.5674,-0.742387,-1.07067,0.0761978,-0.0239136,-0.631041,-0.82687,-0,0,-0.155422,0.0239136,0.631041,-2.99163,-0.888549,0.130987,17.2501,0.915764,2.37112,-5.1975,-0.0272146,-2.5021,0.109715,-0.0239136,-0.631041,-1.08192,-0.466946,0.554996,-1.27057,-0.275822,2.37666,-0.00934673,2.42289,-0.00526316,True,True
4.265,-0,0,0.155803,0.0270694,0.630123,-1.68705,-0.385483,2.15907,-14.5166,1.13314,-1.12374,-18.509,-0.747654,-1.03534,-0.0281958,-0.0270694,-0.630123,-0.789656,-0,0,-0.791763,0.0270694,0.630123,-5.03592,-0.887774,0.177582,17.2959,0.927401,2.28332,-7.76738,-0.0396266,-2.4609,-0.0537144,-0.0270694,-0.630123,-1.38427,-0.517452,0.459538,-1.24203,-0.252249,2.37992,-0.0105778,2.44263,-0.0184211,True,True
4.27,-0,0,0.286018,0.0302148,0.626833,-1.93362,-0.374676,2.16154,-12.9946,1.12742,-1.16346,-15.1908,-0.75274,-0.998083,-0.0989977,-0.0302148,-0.626833,-0.705027,-0,0,-1.55691,0.0302148,0.626833,-7.44961,-0.886773,0.221595,16.7484,0.938597,2.19453,-10.7454,-0.0518236,-2.41612,-0.268751,-0.0302148,-0.626833,-1.70343,-0.51459,0.358357,-1.21044,-0.229215,2.38314,-0.0118043,2.46237,-0.0315789,True,True
4.275,-0,0,0.372134,0.0333378,0.621159,-1.7997,-0.363868,2.15903,-10.9357,1.1215,-1.19983,-11.6665,-0.757635,-0.959199,-0.137689,-0.0333378,-0.621159,-0.574043,-0,0,-2.43202,0.0333378,0.621159,-10.1849,-0.885559,0.262777,15.6288,0.949346,2.10513,-14.0901,-0.0637878,-2.36791,-0.549934,-0.0333378,-0.621159,-2.00524,-0.459716,0.251303,-1.17603,-0.206908,2.38633,-0.0130216,2.48211,-0.0447368,True,True
4.28,-0,0,0.413258,0.0364264,0.613097,-1.32087,-0.353085,2.15153,-8.43893,1.11542,-1.23251,-8.04758,-0.762332,-0.919023,-0.145225,-0.0364264,-0.613097,-0.405362,-0,0,-3.37378,0.0364264,0.613097,-13.1323,-0.884145,0.300916,14.001,0.959648,2.0156,-17.7054,-0.0755027,-2.31652,-0.920679,-0.0364264,-0.613097,-2.22523,-0.358695,0.14321,-1.13903,-0.185547,2.38948,-0.0142251,2.50184,-0.0578947,True,True
4.285,-0,0,0.410154,0.0394687,0.602673,-0.584884,-0.342353,2.13929,-5.7169,1.10918,-1.26131,-4.54744,-0.766825,-0.877973,-0.123424,-0.0394687,-0.602673,-0.220718,-0,0,-4.29457,0.0394687,0.602673,-16.0707,-0.882549,0.335859,12.0157,0.969502,1.92656,-21.3937,-0.086953,-2.26242,-1.41569,-0.0394687,-0.602673,-2.25093,-0.226439,0.0462356,-1.09976,-0.165383,2.39258,-0.01541,2.52158,-0.0710526,True,True
4.29,-0,0,0.366487,0.0424531,0.589977,0.247844,-0.331693,2.12291,-3.22686,1.1028,-1.28632,-1.47546,-0.771112,-0.836594,-0.0802673,-0.0424531,-0.589977,-0.0610147,-0,0,-5.01336,0.0424531,0.589977,-18.6968,-0.880787,0.367566,10.0719,0.978914,1.8389,-24.7672,-0.0981269,-2.20646,-2.02709,-0.0424531,-0.589977,-1.98606,-0.0946244,-0.0202434,-1.0587,-0.146712,2.39563,-0.016572,2.54132,-0.0842105,True,True
4.295,-0,0,0.254543,0.0453685,0.575316,1.07539,-0.321124,2.09876,-2.02441,1.09631,-1.3011,1.16239,-0.775191,-0.797669,-0.0596342,-0.0453685,-0.575316,0.033955,-0,0,-5.08186,0.0453685,0.575229,-21.2417,-0.878874,0.396104,9.43091,0.987891,1.7535,-27.1042,-0.109018,-2.1496,-2.36557,-0.0453685,-0.575229,-1.86943,-0.0193706,-0.0633242,-1.01799,-0.131301,2.39861,-0.0177067,2.56105,-0.0973684,True,True
4.3,-0,0,0.0527353,0.0482063,0.559843,1.69258,-0.310705,2.02955,-3.63398,1.08979,-1.25109,2.85133,-0.779089,-0.778463,-0.167174,-0.0482063,-0.559843,0.0768313,-0,0,-4.00543,0.0482054,0.558857,-23.4507,-0.876826,0.42116,11.8986,0.996449,1.66901,-26.7646,-0.119623,-2.09017,-1.17563,-0.0482054,-0.558857,-1.98831,-0.0659414,-0.166746,-0.990408,-0.130838,2.40155,-0.0188104,2.565,-0.1,False,True
4.305,-0,0,-0.133373,0.0509669,0.544991,1.86984,-0.300828,1.87342,-7.62455,1.0838,-1.07576,3.13617,-0.782976,-0.797659,-0.381827,-0.0509669,-0.544991,0.0720467,-0,0,-2.12447,0.0509571,0.541367,-24.5123,-0.874662,0.442271,16.828,1.00458,1.58377,-23.7438,-0.129919,-2.02604,1.47461,-0.0509571,-0.541367,-1.7599,-0.217197,-0.318907,-0.989713,-0.157851,2.40442,-0.0198806,2.565,-0.1,False,True
4.31,-0,0,-0.335004,0.0536562,0.531405,2.03565,-0.291971,1.62972,-11.3964,1.07904,-0.774375,3.33059,-0.787065,-0.855345,-0.575661,-0.0536562,-0.531405,0.0652029,-0,0,-0.173542,0.0536191,0.52316,-25.4636,-0.872403,0.459492,21.2723,1.01229,1.49877,-21.1971,-0.139883,-1.95827,3.21971,-0.0536191,-0.52316,-1.74549,-0.355431,-0.455775,-1.01612,-0.211897,2.40724,-0.0209154,2.565,-0.1,False,True
4.315,-0,0,-0.529764,0.056281,0.519252,2.17762,-0.284531,1.31404,-14.5747,1.07606,-0.37058,3.4155,-0.791529,-0.943461,-0.725595,-0.056281,-0.519252,0.057888,-0,0,1.61106,0.0561887,0.504519,-26.1881,-0.870067,0.47313,24.8465,1.01957,1.41557,-19.2644,-0.149502,-1.8887,4.18205,-0.0561887,-0.504519,-1.75729,-0.463753,-0.561504,-1.06392,-0.28694,2.41002,-0.0219139,2.565,-0.1,False,True
4.32,-0,0,-0.710611,0.0588487,0.508554,2.29465,-0.27883,0.941213,-17.1715,1.07533,0.111972,3.4065,-0.7965,-1.05319,-0.829844,-0.0588487,-0.508554,0.050716,-0,0,3.16376,0.0586643,0.485646,-26.7183,-0.867672,0.483496,27.6502,1.02644,1.33509,-17.8061,-0.15877,-1.81859,4.68861,-0.0586643,-0.485646,-1.77042,-0.540605,-0.634939,-1.12679,-0.376475,2.41276,-0.0228753,2.565,-0.1,False,True
4.325,-0,0,-0.872055,0.0613665,0.499233,2.38588,-0.275119,0.525352,-19.2046,1.07718,0.649834,3.31769,-0.802061,-1.17519,-0.887792,-0.0613665,-0.499233,0.0441273,-0,0,4.44805,0.0610451,0.46669,-27.0872,-0.865232,0.490894,29.7548,1.03292,1.25792,-16.7453,-0.167688,-1.74882,4.9271,-0.0610451,-0.46669,-1.77661,-0.585309,-0.675628,-1.19809,-0.47369,2.41547,-0.0237995,2.565,-0.1,False,True
4.33,-0,0,-1.01009,0.063841,0.491137,2.45077,-0.273577,0.0798112,-20.7006,1.08183,1.22015,3.16173,-0.808252,-1.29996,-0.900223,-0.063841,-0.491137,0.0384429,-0,0,5.44898,0.0633312,0.44776,-27.3242,-0.862763,0.495626,31.2191,1.03902,1.18441,-16.0368,-0.176258,-1.68003,5.00213,-0.0633312,-0.44776,-1.77448,-0.598178,-0.684011,-1.27106,-0.571703,2.41815,-0.0246862,2.565,-0.1,False,True
4.335,-0,0,-1.12218,0.0662779,0.48406,2.48913,-0.274321,-0.383019,-21.6964,1.08938,1.80122,2.95003,-0.815061,-1.4182,-0.869451,-0.0662779,-0.48406,0.0338954,-0,0,6.16798,0.0655227,0.428932,-27.454,-0.860276,0.497987,32.1012,1.04476,1.11474,-15.6464,-0.184488,-1.61273,4.9738,-0.0655227,-0.428932,-1.76518,-0.580572,-0.661539,-1.33918,-0.663844,2.4208,-0.0255357,2.565,-0.1,False,True
4.34,-0,0,-1.20729,0.0686816,0.477758,2.50109,-0.277407,-0.851952,-22.2387,1.09984,2.37318,2.69291,-0.822434,-1.52122,-0.799241,-0.0686816,-0.477758,0.0306488,-0,0,6.6189,0.0676205,0.41026,-27.4955,-0.857783,0.498265,32.463,1.05017,1.04903,-15.5396,-0.192386,-1.5473,4.87925,-0.0676205,-0.41026,-1.75023,-0.534842,-0.61065,-1.39646,-0.743954,2.42343,-0.0263483,2.565,-0.1,False,True
4.345,-0,0,-1.26567,0.0710555,0.47196,2.48716,-0.28284,-1.31723,-22.3819,1.11311,2.91851,2.3997,-0.830273,-1.60129,-0.694551,-0.0710555,-0.47196,0.0288131,-0,0,6.82457,0.0696253,0.391783,-27.4625,-0.855293,0.496736,32.3707,1.05525,0.987299,-15.6786,-0.199961,-1.48403,4.74381,-0.0696253,-0.391783,-1.73069,-0.46416,-0.53462,-1.43772,-0.806642,2.42605,-0.0271244,2.565,-0.1,False,True
4.35,-0,0,-1.29868,0.0734013,0.466378,2.4482,-0.290579,-1.77065,-22.184,1.12903,3.42251,2.07876,-0.838446,-1.65187,-0.561153,-0.0734013,-0.466378,0.0284539,-0,0,6.81338,0.0715383,0.373525,-27.3642,-0.852816,0.493659,31.892,1.06004,0.929501,-16.0223,-0.207226,-1.42316,4.58595,-0.0715383,-0.373525,-1.70696,-0.372276,-0.437333,-1.45873,-0.847474,2.42865,-0.0278646,2.565,-0.1,False,True
4.355,-0,0,-1.30844,0.0757193,0.460716,2.38544,-0.300547,-2.20561,-21.7029,1.14734,3.87342,1.73761,-0.846792,-1.66781,-0.405211,-0.0757193,-0.460716,0.0295991,-0,0,6.61621,0.0733606,0.355506,-27.2067,-0.850357,0.489276,31.0928,1.06455,0.875556,-16.5295,-0.214193,-1.36483,4.41899,-0.0733606,-0.355506,-1.67905,-0.263254,-0.323008,-1.45639,-0.863078,2.43124,-0.0285695,2.565,-0.1,False,True
4.36,-0,0,-1.29755,0.0780084,0.454675,2.3005,-0.312635,-2.61702,-20.9917,1.16776,4.26243,1.38296,-0.855125,-1.64541,-0.232905,-0.0780084,-0.454675,0.0322426,-0,0,6.2637,0.0750934,0.337743,-26.9934,-0.847923,0.483812,30.0331,1.0688,0.825347,-17.1617,-0.220874,-1.30916,4.25162,-0.0750934,-0.337743,-1.64688,-0.141233,-0.19596,-1.42863,-0.851157,2.43381,-0.0292397,2.565,-0.1,False,True
4.365,-0,0,-1.26873,0.080266,0.447963,2.19541,-0.326717,-3.00115,-20.0967,1.18996,4.58345,1.02081,-0.863246,-1.5823,-0.050131,-0.080266,-0.447963,0.0363465,-0,0,5.78422,0.076738,0.320249,-26.727,-0.845519,0.47747,28.7645,1.0728,0.778733,-17.8856,-0.227284,-1.2562,4.0882,-0.076738,-0.320249,-1.61046,-0.0102486,-0.0604053,-1.37443,-0.810435,2.43637,-0.0298761,2.565,-0.1,False,True
4.37,-0,0,-1.22456,0.082488,0.440296,2.07261,-0.342647,-3.35534,-19.0551,1.21359,4.83281,0.656556,-0.870948,-1.47747,0.137678,-0.082488,-0.440296,0.0418408,-0,0,5.20248,0.0782959,0.303041,-26.4091,-0.843148,0.470439,27.3285,1.07658,0.735558,-18.6747,-0.233436,-1.206,3.92932,-0.0782959,-0.303041,-1.57007,0.12588,0.0796619,-1.29363,-0.740557,2.43892,-0.0304795,2.565,-0.1,False,True
4.375,-0,0,-1.1673,0.084669,0.431408,1.93494,-0.36027,-3.6778,-17.8951,1.23829,5.00882,0.295125,-0.87802,-1.33102,0.325631,-0.084669,-0.431408,0.048622,-0,0,4.5389,0.0797684,0.286138,-26.0414,-0.840814,0.462892,25.7565,1.08016,0.69566,-19.5089,-0.239344,-1.15855,3.77261,-0.0797684,-0.286138,-1.52621,0.263593,0.220524,-1.18679,-0.641953,2.44144,-0.0310506,2.565,-0.1,False,True
4.38,-0,0,-1.09874,0.0868021,0.421059,1.78561,-0.379425,-3.96731,-16.6361,1.26368,5.11142,-0.0589185,-0.884258,-1.14411,0.50938,-0.0868021,-0.421059,0.0565513,-0,0,3.80957,0.0811573,0.269562,-25.6258,-0.838519,0.45499,24.0708,1.08354,0.658873,-20.3743,-0.245022,-1.11386,3.61384,-0.0811573,-0.269562,-1.47955,0.399589,0.358748,-1.05506,-0.515712,2.44395,-0.0315906,2.565,-0.1,False,True
4.385,-0,0,-1.02014,0.0888796,0.409038,1.62815,-0.399943,-4.22299,-15.2902,1.2894,5.1418,-0.401237,-0.889462,-0.918809,0.685066,-0.0888796,-0.409038,0.0654521,-0,0,3.02667,0.0824641,0.253338,-25.164,-0.836264,0.446881,22.286,1.08675,0.625033,-21.2619,-0.250483,-1.07191,3.44794,-0.0824641,-0.253338,-1.43084,0.530795,0.491166,-0.899969,-0.363459,2.44645,-0.0321003,2.565,-0.1,False,True
4.39,-0,0,-0.932249,0.0908925,0.395172,1.46636,-0.421655,-4.44413,-13.8636,1.3151,5.10209,-0.727619,-0.893446,-0.657959,0.849245,-0.0908925,-0.395172,0.0751095,-0,0,2.19916,0.0836906,0.237499,-24.6581,-0.83405,0.438703,20.4109,1.08979,0.59398,-22.1657,-0.255741,-1.03268,3.26985,-0.0836906,-0.237499,-1.38081,0.654342,0.61485,-0.723348,-0.187253,2.44892,-0.0325807,2.565,-0.1,False,True
4.395,-0,0,-0.835315,0.0928313,0.379337,1.30418,-0.444385,-4.63001,-12.3589,1.34043,4.99514,-1.03388,-0.896041,-0.365124,0.998826,-0.0928313,-0.379337,0.0852706,-0,0,1.33371,0.084839,0.222079,-24.1102,-0.831877,0.430585,18.4511,1.09269,0.565554,-23.082,-0.26081,-0.99614,3.07532,-0.084839,-0.222079,-1.33008,0.767544,0.727101,-0.527219,0.0104824,2.45137,-0.0330331,2.565,-0.1,False,True
4.4,-0,0,-0.729201,0.0946859,0.361459,1.14556,-0.467955,-4.77983,-10.7765,1.36505,4.82433,-1.31578,-0.897097,-0.0444964,1.13103,-0.0946859,-0.361459,0.0956481,-0,0,0.43561,0.0859114,0.207121,-23.5228,-0.829745,0.422646,16.4106,1.09545,0.539601,-24.0072,-0.265703,-0.962248,2.8613,-0.0859114,-0.207121,-1.27914,0.867911,0.825456,-0.313733,0.227018,2.4538,-0.0334584,2.565,-0.1,False,True
4.405,-0,0,-0.613511,0.0964459,0.341528,0.994383,-0.492183,-4.89265,-9.11694,1.38867,4.59348,-1.56895,-0.896486,0.299169,1.24337,-0.0964459,-0.341528,0.105927,-0,0,-0.490309,0.0869103,0.19267,-22.8987,-0.827651,0.414994,14.2939,1.09808,0.515967,-24.9377,-0.270432,-0.93096,2.62634,-0.0869103,-0.19267,-1.22835,0.953193,0.90773,-0.0851489,0.459347,2.4562,-0.0338579,2.565,-0.1,False,True
4.41,-0,0,-0.487751,0.0981011,0.319594,0.85423,-0.516881,-4.96742,-7.38199,1.41099,4.3068,-1.78888,-0.894105,0.660624,1.33369,-0.0981011,-0.319594,0.115775,-0,0,-1.43886,0.0878381,0.178776,-22.2412,-0.825595,0.407724,12.1082,1.10061,0.494494,-25.8687,-0.275012,-0.902219,2.37072,-0.0878381,-0.178776,-1.17798,1.02144,0.972082,0.156169,0.70421,2.45857,-0.0342327,2.565,-0.1,False,True
4.415,-0,0,-0.35151,0.0996418,0.295777,0.728289,-0.541857,-5.00303,-5.5764,1.43174,3.96882,-1.97084,-0.88988,1.03421,1.40024,-0.0996418,-0.295777,0.124856,-0,0,-2.40389,0.088698,0.165492,-21.555,-0.823574,0.40092,9.86371,1.10303,0.475026,-26.7942,-0.279454,-0.875946,2.09645,-0.088698,-0.165492,-1.12822,1.07111,1.0171,0.407723,0.958112,2.46092,-0.0345841,2.565,-0.1,False,True
4.42,-0,0,-0.204656,0.101059,0.270261,0.619202,-0.566912,-4.9984,-3.7089,1.45067,3.58445,-2.10992,-0.883763,1.41395,1.44172,-0.101059,-0.270261,0.132845,-0,0,-3.37781,0.0894931,0.152869,-20.846,-0.821585,0.394646,7.57564,1.10536,0.4574,-27.7068,-0.283772,-0.852045,1.80719,-0.0894931,-0.152869,-1.07934,1.10113,1.04188,0.66685,1.21735,2.46323,-0.0349132,2.565,-0.1,False,True
4.425,-0,0,-0.0475136,0.102344,0.243294,0.528971,-0.591841,-4.95263,-1.79297,1.46758,3.15892,-2.20105,-0.87574,1.7937,1.4574,-0.102344,-0.243294,0.139449,-0,0,-4.35144,0.0902267,0.140959,-20.1222,-0.819627,0.38895,5.26399,1.1076,0.441447,-28.5984,-0.287975,-0.830397,1.50805,-0.0902267,-0.140959,-1.03166,1.11101,1.04613,0.930683,1.47804,2.4655,-0.0352213,2.565,-0.1,False,True
4.43,-0,0,0.118987,0.103492,0.215175,0.458902,-0.616438,-4.86513,0.152777,1.48226,2.69787,-2.23914,-0.865826,2.16726,1.44721,-0.103492,-0.215175,0.144419,-0,0,-5.31408,0.0909026,0.129803,-19.3937,-0.817696,0.383859,2.95368,1.10977,0.426998,-29.4607,-0.292076,-0.810856,1.20521,-0.0909026,-0.129803,-0.985672,1.10089,1.03017,1.19613,1.7362,2.46774,-0.0355096,2.565,-0.1,False,True
4.435,-0,0,0.293222,0.104496,0.186248,0.409602,-0.640492,-4.73579,2.1047,1.49456,2.20725,-2.21919,-0.854068,2.52854,1.41175,-0.104496,-0.186248,0.147572,-0,0,-6.2538,0.0915247,0.119435,-18.6732,-0.815789,0.379378,0.673912,1.11187,0.413876,-30.2858,-0.296084,-0.793254,0.905536,-0.0915247,-0.119435,-0.942043,1.07153,0.995016,1.45989,1.98778,2.46994,-0.0357794,2.565,-0.1,False,True
4.44,-0,0,0.472857,0.105354,0.156887,0.381031,-0.663796,-4.56515,4.03468,1.50434,1.69338,-2.13657,-0.840541,2.87178,1.35238,-0.105354,-0.156887,0.148798,-0,0,-7.15802,0.092097,0.109872,-17.9758,-0.813902,0.37549,-1.54296,1.11391,0.401907,-31.0671,-0.300008,-0.777397,0.61606,-0.092097,-0.109872,-0.901554,1.02433,0.942264,1.71846,2.22881,2.4721,-0.0360318,2.565,-0.1,False,True
4.445,-0,0,0.654915,0.106065,0.127479,0.372599,-0.686144,-4.3545,5.91117,1.51149,1.16284,-1.98729,-0.82535,3.19166,1.27111,-0.106065,-0.127479,0.148069,-0,0,-8.01416,0.0926235,0.101114,-17.3185,-0.812034,0.372158,-3.66296,1.11589,0.390921,-31.7998,-0.303857,-0.763079,0.343509,-0.0926235,-0.101114,-0.865052,0.961209,0.874049,1.96822,2.45546,2.47421,-0.036268,2.565,-0.1,False,True
4.45,-0,0,0.835924,0.106629,0.0984088,0.383293,-0.707341,-4.10596,7.70051,1.51597,0.622477,-1.76833,-0.808624,3.48349,1.17053,-0.106629,-0.0984088,0.145436,-0,0,-8.81031,0.0931081,0.0931385,-16.7199,-0.810181,0.369325,-5.65217,1.11782,0.380755,-32.4815,-0.307639,-0.75008,0.0938515,-0.0931081,-0.0931385,-0.833332,0.884495,0.792897,2.20553,2.6642,2.47628,-0.0364889,2.565,-0.1,False,True
4.455,-0,0,1.01213,0.107049,0.0700417,0.411822,-0.727204,-3.82259,9.36862,1.51772,0.0792619,-1.47798,-0.790515,3.74333,1.05369,-0.107049,-0.0700417,0.141027,-0,0,-9.53596,0.0935548,0.0858976,-16.199,-0.80834,0.36692,-7.47853,1.1197,0.371263,-33.1123,-0.311358,-0.738183,-0.128023,-0.0935548,-0.0858976,-0.807034,0.796776,0.701562,2.42687,2.85189,2.47829,-0.0366956,2.565,-0.1,False,True
4.46,-0,0,1.17973,0.10733,0.0427126,0.456753,-0.745567,-3.5083,10.8826,1.51676,-0.459773,-1.11619,-0.771191,3.96807,0.92388,-0.10733,-0.0427126,0.13503,-0,0,-10.1824,0.0939671,0.0793202,-15.7742,-0.806511,0.364862,-9.11334,1.12153,0.362313,-33.6943,-0.315021,-0.727175,-0.318493,-0.0939671,-0.0793202,-0.786563,0.700728,0.602849,2.62891,3.01585,2.48026,-0.0368888,2.565,-0.1,False,True
4.465,-0,0,1.33515,0.107476,0.0167126,0.516627,-0.762287,-3.16783,12.2126,1.51312,-0.98764,-0.684813,-0.750834,4.15547,0.784431,-0.107476,-0.0167126,0.127685,-0,0,-10.7432,0.094348,0.0733105,-15.4622,-0.804692,0.363061,-10.5326,1.12332,0.3538,-34.2311,-0.31863,-0.716861,-0.475243,-0.094348,-0.0733105,-0.772057,0.598963,0.499447,2.80872,3.15395,2.48217,-0.0370692,2.565,-0.1,False,True
4.47,-0,0,1.47522,0.107497,-0.00771755,0.59004,-0.777245,-2.80662,13.3326,1.50688,-1.49749,-0.187743,-0.729636,4.30412,0.638547,-0.107497,0.00771755,0.11926,-0,0,-11.214,0.0947002,0.067752,-15.2772,-0.802881,0.361428,-11.7175,1.12507,0.345639,-34.7273,-0.322189,-0.707067,-0.597177,-0.0947002,-0.067752,-0.763425,0.493881,0.393782,2.96376,3.26463,2.48404,-0.0372372,2.565,-0.1,False,True
4.475,-0,0,1.59737,0.107399,-0.0303922,0.675687,-0.790353,-2.43066,14.2221,1.49815,-1.98272,0.369006,-0.707793,4.41338,0.48911,-0.107399,0.0303922,0.110033,-0,0,-11.5922,0.0950256,0.0625103,-15.2294,-0.801078,0.359878,-12.655,1.12678,0.337771,-35.1876,-0.325701,-0.697649,-0.684244,-0.0950256,-0.0625103,-0.760422,0.387565,0.287908,3.09206,3.34691,2.48584,-0.0373932,2.565,-0.1,False,True
4.48,-0,0,1.69969,0.107193,-0.0511814,0.772374,-0.801552,-2.0463,14.8663,1.48705,-2.43702,0.977406,-0.685503,4.48332,0.338569,-0.107193,0.0511814,0.100284,-0,0,-11.8771,0.0953253,0.0574391,-15.3251,-0.799282,0.358329,-13.3376,1.12845,0.33016,-35.6155,-0.329166,-0.688489,-0.737218,-0.0953253,-0.0574391,-0.762759,0.281716,0.183447,3.19213,3.40028,2.48759,-0.0375372,2.565,-0.1,False,True
4.485,-0,0,1.78098,0.106887,-0.0700086,0.878996,-0.810816,-1.66008,15.2561,1.47378,-2.85445,1.62762,-0.66296,4.51453,0.18886,-0.106887,0.0700086,0.0902722,-0,0,-12.0688,0.0956,0.0523854,-15.5659,-0.797494,0.35671,-13.7628,1.13008,0.32279,-36.0135,-0.332586,-0.6795,-0.757455,-0.0956,-0.0523854,-0.770218,0.177623,0.0815674,3.26302,3.42473,2.48928,-0.037669,2.565,-0.1,False,True
4.49,-0,0,1.84068,0.106493,-0.0868469,0.994492,-0.818152,-1.27853,15.3882,1.45851,-3.22949,2.30832,-0.640357,4.50802,0.041398,-0.106493,0.0868469,0.0802361,-0,0,-12.1683,0.0958492,0.0471957,-15.9492,-0.795715,0.354958,-13.932,1.13168,0.31566,-36.3815,-0.335961,-0.670618,-0.746642,-0.0958492,-0.0471957,-0.78273,0.0761764,-0.0169902,3.30428,3.4206,2.49092,-0.0377884,2.565,-0.1,False,True
4.495,-0,0,1.8788,0.106019,-0.101713,1.11779,-0.823601,-0.908011,15.2647,1.44148,-3.55709,3.00704,-0.61788,4.46511,-0.102888,-0.106019,0.101713,0.0703823,-0,0,-12.1767,0.0960719,0.0417209,-16.4678,-0.793945,0.353019,-13.8506,1.13324,0.30878,-36.7178,-0.339292,-0.661799,-0.706534,-0.0960719,-0.0417209,-0.800425,-0.0220831,-0.111856,3.31582,3.38848,2.49249,-0.0378946,2.565,-0.1,False,True
4.5,-0,0,1.8958,0.105476,-0.114662,1.24777,-0.827233,-0.554562,14.8921,1.42294,-3.83267,3.71062,-0.595706,4.38723,-0.243464,-0.105476,0.114662,0.060886,-0,0,-12.0952,0.0962664,0.0358222,-17.1109,-0.792185,0.350847,-13.5266,1.13476,0.302168,-37.018,-0.342579,-0.653015,-0.638697,-0.0962664,-0.0358222,-0.82364,-0.116894,-0.202945,3.29793,3.32919,2.49401,-0.037987,2.565,-0.1,False,True
4.505,-0,0,1.8925,0.104872,-0.12578,1.38314,-0.829147,-0.223776,14.2812,1.40315,-4.05214,4.40556,-0.574008,4.27592,-0.380077,-0.104872,0.12578,0.0518913,-0,0,-11.925,0.0964301,0.0293747,-17.8643,-0.790436,0.348402,-12.9702,1.13626,0.295842,-37.2757,-0.345822,-0.644245,-0.544264,-0.0964301,-0.0293747,-0.852878,-0.208185,-0.290358,3.25113,3.24364,2.49547,-0.0380645,2.565,-0.1,False,True
4.51,-0,0,1.86999,0.104218,-0.135178,1.52247,-0.82947,0.0793015,13.4464,1.38242,-4.21201,5.07844,-0.552947,4.13271,-0.512605,-0.104218,0.135178,0.0435134,-0,0,-11.6674,0.0965601,0.0222711,-18.7107,-0.788701,0.345651,-12.1939,1.13772,0.289817,-37.4831,-0.349021,-0.635468,-0.423764,-0.0965601,-0.0222711,-0.888739,-0.29597,-0.37427,3.17616,3.13281,2.49688,-0.038126,2.565,-0.1,False,True
4.515,-0,0,1.82955,0.10352,-0.142988,1.66408,-0.828354,0.350257,12.4057,1.36103,-4.30939,5.7162,-0.53268,3.95913,-0.640903,-0.10352,0.142988,0.0358423,-0,0,-11.3246,0.0966528,0.0144243,-19.6305,-0.78698,0.34256,-11.2125,1.13916,0.284105,-37.6309,-0.352177,-0.626665,-0.277071,-0.0966528,-0.0144243,-0.931808,-0.38025,-0.45482,3.07394,2.99773,2.49823,-0.0381703,2.565,-0.1,False,True
4.52,-0,0,1.77264,0.102788,-0.149356,1.80604,-0.825968,0.585386,11.1804,1.33932,-4.34211,6.3064,-0.513356,3.75673,-0.764642,-0.102788,0.149356,0.0289471,-0,0,-10.8995,0.0967044,0.00576874,-20.6023,-0.785275,0.339101,-10.0434,1.14056,0.278705,-37.7099,-0.355288,-0.617806,-0.103533,-0.0967044,-0.00576874,-0.98253,-0.460905,-0.532002,2.94554,2.83948,2.49952,-0.0381959,2.565,-0.1,False,True
4.525,-0,0,1.70086,0.102027,-0.154441,1.94613,-0.8225,0.781762,9.79539,1.31761,-4.30887,6.83734,-0.495113,3.52711,-0.883157,-0.102027,0.154441,0.0228806,-0,0,-10.3967,0.0967105,-0.00373796,-21.6027,-0.783589,0.335242,-8.70728,1.14194,0.273614,-37.7113,-0.358355,-0.608856,0.0976869,-0.0967105,0.00373796,-1.04105,-0.537596,-0.605569,2.79223,2.65926,2.50076,-0.0382014,2.565,-0.1,False,True
4.53,-0,0,1.61601,0.101243,-0.158412,2.08183,-0.81815,0.937311,8.27964,1.29623,-4.20936,7.29817,-0.478085,3.27205,-0.995313,-0.101243,0.158412,0.0176842,-0,0,-9.82292,0.096667,-0.0141148,-22.6073,-0.781923,0.330958,-7.22891,1.1433,0.268813,-37.6278,-0.361376,-0.59977,0.327058,-0.096667,0.0141148,-1.10706,-0.609685,-0.674945,2.61549,2.4584,2.50196,-0.0381854,2.565,-0.1,False,True
4.535,-0,0,1.52009,0.100443,-0.161442,2.21033,-0.813127,1.0509,6.66616,1.27552,-4.04453,7.67883,-0.462393,2.99363,-1.09938,-0.100443,0.161442,0.0133918,-0,0,-9.18719,0.0965694,-0.0253574,-23.5904,-0.780279,0.326221,-5.63803,1.14463,0.264279,-37.455,-0.364352,-0.5905,0.583977,-0.0965694,0.0253574,-1.17968,-0.676158,-0.739158,2.41717,2.2385,2.5031,-0.0381463,2.565,-0.1,False,True
4.54,-0,0,1.4153,0.099629,-0.163713,2.32858,-0.807641,1.12241,4.99234,1.25579,-3.81679,7.96999,-0.448148,2.69438,-1.193,-0.099629,0.163713,0.010035,-0,0,-8.50143,0.0964134,-0.037438,-24.5256,-0.77866,0.321013,-3.96975,1.14594,0.259982,-37.1916,-0.367281,-0.580995,0.866016,-0.0964134,0.037438,-1.25732,-0.735584,-0.796797,2.19949,2.00155,2.5042,-0.0380828,2.565,-0.1,False,True
4.545,-0,0,1.30407,0.0988056,-0.165412,2.43325,-0.801903,1.15284,3.29975,1.23735,-3.53026,8.16289,-0.435449,2.37742,-1.27308,-0.0988056,0.165412,0.00764671,-0,0,-7.78026,0.096195,-0.0503064,-25.3859,-0.777069,0.315319,-2.26476,1.14723,0.255887,-36.8405,-0.370162,-0.571206,1.16829,-0.096195,0.0503064,-1.33764,-0.786098,-0.846,1.96525,1.75002,2.50525,-0.0379934,2.565,-0.1,False,True
4.55,-0,0,1.18897,0.0979749,-0.166735,2.52084,-0.796113,1.14439,1.63345,1.22049,-3.19107,8.24916,-0.424374,2.04668,-1.33594,-0.0979749,0.166735,0.00626566,-0,0,-7.04069,0.0959104,-0.0638907,-26.1442,-0.775507,0.309139,-0.568713,1.1485,0.251959,-36.4088,-0.372993,-0.561098,1.48313,-0.0959104,0.0638907,-1.41753,-0.825417,-0.88448,1.71789,1.487,2.50627,-0.0378769,2.565,-0.1,False,True
4.555,-0,0,1.07266,0.0971383,-0.167884,2.5877,-0.790459,1.1005,0.0407529,1.20544,-2.8075,8.22057,-0.414982,1.707,-1.37731,-0.0971383,0.167884,0.00593963,-0,0,-6.30148,0.0955561,-0.0780987,-26.7736,-0.773978,0.302486,1.06912,1.14975,0.248163,-35.9069,-0.375773,-0.550649,1.80015,-0.0955561,0.0780987,-1.49316,-0.850906,-0.909586,1.4616,1.21635,2.50724,-0.0377323,2.565,-0.1,False,True
4.56,-0,0,0.957712,0.0962961,-0.169073,2.63012,-0.785108,1.0259,-1.43058,1.19241,-2.39015,8.06882,-0.407304,1.36425,-1.39254,-0.0962961,0.169073,0.00672904,-0,0,-5.5821,0.0951294,-0.0928191,-27.2478,-0.772482,0.295391,2.59796,1.15098,0.244467,-35.3476,-0.3785,-0.539858,2.10696,-0.0951294,0.0928191,-1.56001,-0.859669,-0.91841,1.20143,0.942715,2.50819,-0.0375585,2.565,-0.1,False,True
4.565,-0,0,0.846449,0.0954475,-0.17053,2.64436,-0.7802,0.926564,-2.73459,1.18154,-1.95199,7.78528,-0.40134,1.02542,-1.37682,-0.0954475,0.17053,0.00870951,-0,0,-4.9015,0.0946279,-0.107923,-27.5417,-0.771024,0.287905,3.96829,1.1522,0.240845,-34.7447,-0.381172,-0.52875,2.39019,-0.0946279,0.107923,-1.61288,-0.848676,-0.907912,0.94331,0.671623,2.5091,-0.0373548,2.565,-0.1,False,True
4.57,-0,0,0.740793,0.0945908,-0.172499,2.62677,-0.775842,0.809609,-3.82946,1.17289,-1.50824,7.36072,-0.39705,0.698632,-1.32537,-0.0945908,0.172499,0.0119738,-0,0,-4.27685,0.0940501,-0.123267,-27.6311,-0.769603,0.280096,5.13479,1.15339,0.237275,-34.1101,-0.383787,-0.517371,2.63682,-0.0940501,0.123267,-1.64575,-0.814904,-0.875064,0.694031,0.40947,2.50997,-0.0371209,2.565,-0.1,False,True
4.575,-0,0,0.642111,0.0937225,-0.175244,2.57383,-0.772104,0.683169,-4.67949,1.16646,-1.07623,6.78516,-0.394353,0.393061,-1.23365,-0.0937225,0.175244,0.0166321,-0,0,-3.72227,0.0933952,-0.138693,-27.4934,-0.768223,0.272054,6.05878,1.15457,0.233738,-33.453,-0.386346,-0.505792,2.83514,-0.0933952,0.138693,-1.65141,-0.755455,-0.816975,0.461222,0.163472,2.51083,-0.0368564,2.565,-0.1,False,True
4.58,-0,0,0.551153,0.0928383,-0.179053,2.48223,-0.76901,0.556193,-5.25619,1.16213,-0.675066,6.04761,-0.393119,0.118873,-1.09753,-0.0928383,0.179053,0.0228117,-0,0,-3.24803,0.0926632,-0.154033,-27.1068,-0.766883,0.263877,6.70957,1.15573,0.23022,-32.7781,-0.388845,-0.494096,2.97481,-0.0926632,0.154033,-1.62068,-0.667646,-0.730983,0.253251,-0.0584156,2.51165,-0.0365615,2.565,-0.1,False,True
4.585,-0,0,0.468091,0.091932,-0.184241,2.34894,-0.766542,0.438248,-5.538,1.15971,-0.325343,5.13591,-0.393165,-0.112904,-0.913299,-0.091932,0.184241,0.0306533,-0,0,-2.86016,0.0918549,-0.169112,-26.4498,-0.765584,0.255677,7.06386,1.15687,0.226708,-32.087,-0.391287,-0.482385,3.04492,-0.0918549,0.169112,-1.54103,-0.549043,-0.614687,0.0791125,-0.247605,2.51245,-0.0362367,2.565,-0.1,False,True
4.59,-0,0,0.392677,0.0909959,-0.19115,2.17127,-0.764628,0.339353,-5.50833,1.15888,-0.0488569,4.0366,-0.394248,-0.290496,-0.677634,-0.0909959,0.19115,0.040303,-0,0,-2.56059,0.0909721,-0.183751,-25.5001,-0.764326,0.247575,7.10256,1.158,0.223192,-31.3807,-0.393669,-0.470767,3.02903,-0.0909721,0.183751,-1.39516,-0.397415,-0.465896,-0.0516735,-0.394977,2.51323,-0.0358825,2.565,-0.1,False,True
4.595,-0,0,0.325937,0.0900205,-0.200151,1.95828,-0.763148,0.269898,-5.19143,1.15922,0.131562,2.80542,-0.39607,-0.401461,-0.403762,-0.0900205,0.200151,0.0510216,-0,0,-2.34677,0.0900174,-0.197771,-24.3239,-0.763108,0.239702,6.83926,1.1591,0.219671,-30.7045,-0.395994,-0.459373,2.90304,-0.0900174,0.197771,-1.23982,-0.221316,-0.29275,-0.129133,-0.490956,2.51399,-0.0355001,2.565,-0.1,False,True
4.6,-0,0,0.261619,0.0889944,-0.211295,1.6423,-0.761929,0.236202,-4.74083,1.16019,0.204611,1.6309,-0.398263,-0.440813,-0.16107,-0.0889944,0.211295,0.0515971,-0,0,-2.17077,0.0889944,-0.210985,-22.9856,-0.761929,0.232196,6.39721,1.16019,0.216146,-30.0941,-0.398263,-0.448342,2.66185,-0.0889944,0.210985,-1.19071,-0.0702792,-0.1343,-0.149409,-0.531674,2.51473,-0.0350909,2.565,-0.1,True,True
4.605,-0,0,0.182647,0.0879075,-0.223192,1.05699,-0.760786,0.225129,-4.30172,1.16126,0.212574,0.507809,-0.400478,-0.437703,-0.00856771,-0.0879075,0.223192,0.0267794,-0,0,-1.94189,0.0879075,-0.223192,-21.179,-0.760786,0.225129,5.90786,1.16126,0.212574,-29.3542,-0.400478,-0.437703,2.35052,-0.0879075,0.223192,-1.06253,0.0101591,-0.0206067,-0.136282,-0.539222,2.51545,-0.0346567,2.56401,-0.0934211,True,True
4.61,-0,0,0.103331,0.0867625,-0.234236,0.3722,-0.759678,0.21849,-3.92183,1.16232,0.208886,-0.578938,-0.40264,-0.427376,0.071225,-0.0867625,0.234236,-0.00849041,-0,0,-1.68439,0.0867625,-0.234236,-19.1799,-0.759678,0.21849,5.44871,1.16232,0.208886,-28.5007,-0.40264,-0.427376,2.04619,-0.0867625,0.234236,-0.918334,0.0394143,0.051383,-0.118387,-0.540304,2.51615,-0.0341997,2.56303,-0.0868421,True,True
4.615,-0,0,0.0354055,0.0855652,-0.244055,-0.255676,-0.758601,0.212261,-3.55511,1.16335,0.205051,-1.6884,-0.404751,-0.417312,0.127382,-0.0855652,0.244055,-0.0387687,-0,0,-1.44099,0.0855652,-0.244055,-17.2015,-0.758601,0.212261,5.00213,1.16335,0.205051,-27.5877,-0.404751,-0.417312,1.77229,-0.0855652,0.244055,-0.776736,0.0568955,0.105126,-0.101821,-0.540557,2.51683,-0.0337222,2.56204,-0.0802632,True,True
4.62,-0,0,-0.0189125,0.0843219,-0.252638,-0.786525,-0.757555,0.206429,-3.19357,1.16437,0.201064,-2.81508,-0.406813,-0.407493,0.170274,-0.0843219,0.252638,-0.060589,-0,0,-1.2215,0.0843219,-0.252638,-15.3152,-0.757555,0.206429,4.56334,1.16437,0.201064,-26.6508,-0.406813,-0.407493,1.52246,-0.0843219,0.252638,-0.643571,0.0710477,0.145459,-0.0865768,-0.539958,2.5175,-0.0332268,2.56105,-0.0736842,True,True
4.625,-0,0,-0.0601352,0.0830388,-0.259993,-1.2158,-0.756537,0.200981,-2.84057,1.16536,0.196928,-3.94877,-0.408826,-0.397909,0.199331,-0.0830388,0.259993,-0.0738259,-0,0,-1.02512,0.0830388,-0.259993,-13.5376,-0.756537,0.200981,4.13404,1.16536,0.196928,-25.7033,-0.408826,-0.397909,1.29065,-0.0830388,0.259993,-0.519999,0.0815743,0.171928,-0.072639,-0.538506,2.51815,-0.0327159,2.56007,-0.0671053,True,True
4.63,-0,0,-0.0893015,0.081722,-0.266131,-1.54453,-0.755545,0.195909,-2.49679,1.16634,0.192652,-5.08734,-0.410792,-0.388561,0.214166,-0.081722,0.266131,-0.0786596,-0,0,-0.85017,0.081722,-0.266131,-11.8701,-0.755545,0.195909,3.7139,1.16634,0.192652,-24.7494,-0.410792,-0.388561,1.07303,-0.081722,0.266131,-0.406008,0.0881159,0.184375,-0.0599932,-0.53621,2.51878,-0.0321919,2.55908,-0.0605263,True,True
4.635,-0,0,-0.10753,0.0803775,-0.271064,-1.77507,-0.754578,0.191201,-2.16175,1.16729,0.188248,-6.23241,-0.412712,-0.379449,0.214403,-0.0803775,0.271064,-0.0752941,-0,0,-0.694927,0.0803775,-0.271064,-10.3086,-0.754578,0.191201,3.30182,1.16729,0.188248,-23.7888,-0.412712,-0.379449,0.867457,-0.0803775,0.271064,-0.301178,0.0903024,0.182661,-0.0486284,-0.533083,2.5194,-0.0316573,2.55809,-0.0539474,True,True
4.64,-0,0,-0.115863,0.0790113,-0.274799,-1.90933,-0.753633,0.186852,-1.83461,1.16822,0.183728,-7.38679,-0.414587,-0.37058,0.199638,-0.0790113,0.274799,-0.0638567,-0,0,-0.557869,0.0790113,-0.274799,-8.84802,-0.753633,0.186852,2.89667,1.16822,0.183728,-22.8194,-0.414587,-0.37058,0.672994,-0.0790113,0.274799,-0.205044,0.0877901,0.166587,-0.0385388,-0.529133,2.52001,-0.0311143,2.55711,-0.0473684,True,True
4.645,-0,0,-0.115241,0.0776295,-0.277339,-1.94832,-0.752709,0.182852,-1.51478,1.16913,0.179105,-8.55251,-0.416418,-0.361958,0.169489,-0.0776295,0.277339,-0.0444014,-0,0,-0.43782,0.0776295,-0.277339,-7.4852,-0.752709,0.182852,2.49776,1.16913,0.179105,-21.8393,-0.416418,-0.361958,0.489641,-0.0776295,0.277339,-0.117301,0.0802886,0.135928,-0.0297224,-0.524366,2.5206,-0.0305654,2.55612,-0.0407895,True,True
4.65,-0,0,-0.106562,0.076238,-0.278685,-1.89262,-0.751805,0.179196,-1.20245,1.17001,0.174392,-9.72872,-0.418206,-0.353588,0.123745,-0.076238,0.278685,-0.0169993,-0,0,-0.333966,0.076238,-0.278685,-6.2205,-0.751805,0.179196,2.1054,1.17001,0.174392,-20.8491,-0.418206,-0.353588,0.318188,-0.076238,0.278685,-0.03791,0.0676046,0.0905821,-0.0221791,-0.518789,2.52117,-0.030013,2.55513,-0.0342105,True,True
4.655,-0,0,-0.090823,0.0748427,-0.278843,-1.74399,-0.750917,0.175875,-0.899233,1.17087,0.169602,-10.9088,-0.419954,-0.345477,0.0627119,-0.0748427,0.278843,0.0180587,-0,0,-0.24583,0.0748427,-0.278843,-5.05927,-0.750917,0.175875,1.72163,1.17087,0.169602,-19.854,-0.419954,-0.345477,0.160204,-0.0748427,0.278843,0.0328313,0.0497401,0.0309106,-0.015906,-0.512407,2.52174,-0.0294593,2.55414,-0.0276316,True,True
4.66,-0,0,-0.0693396,0.0734495,-0.277827,-1.50852,-0.750046,0.172876,-0.60922,1.17171,0.164752,-12.0758,-0.421661,-0.337628,-0.0121179,-0.0734495,0.277827,0.0598821,-0,0,-0.173204,0.0734495,-0.277827,-4.01335,-0.750046,0.172876,1.35143,1.17171,0.164752,-18.8687,-0.421661,-0.337628,0.0181199,-0.0734495,0.277827,0.0942477,0.0270945,-0.0416107,-0.0108897,-0.505237,2.52229,-0.0289067,2.55316,-0.0210526,True,True
4.665,-0,0,-0.0440945,0.0720644,-0.275677,-1.20241,-0.749189,0.170183,-0.34048,1.17252,0.159859,-13.1949,-0.42333,-0.330042,-0.0968453,-0.0720644,0.275677,0.106315,-0,0,-0.116018,0.0720644,-0.275677,-3.10274,-0.749189,0.170183,1.00455,1.17252,0.159859,-17.9232,-0.42333,-0.330042,-0.104625,-0.0720644,0.275677,0.145279,0.000846139,-0.123218,-0.00709315,-0.49731,2.52283,-0.0283575,2.55217,-0.0144737,True,True
4.67,-0,0,-0.0182254,0.0706928,-0.272479,-0.861207,-0.748344,0.167767,-0.107507,1.17331,0.154949,-14.2016,-0.424961,-0.322716,-0.183161,-0.0706928,0.272479,0.15286,-0,0,-0.0741748,0.0706928,-0.272479,-2.3582,-0.748344,0.167767,0.698494,1.17331,0.154949,-17.0736,-0.424961,-0.322716,-0.203329,-0.0706928,0.272479,0.184483,-0.0264072,-0.205941,-0.00443275,-0.488699,2.52335,-0.0278138,2.55118,-0.00789474,True,True
4.675,-0,0,0.00383654,0.0693396,-0.268406,-0.546481,-0.747511,0.165578,0.068787,1.17407,0.150059,-14.999,-0.426557,-0.315637,-0.257175,-0.0693396,0.268406,0.192073,-0,0,-0.0470284,0.0693396,-0.268406,-1.81632,-0.747511,0.165578,0.45865,1.17407,0.150059,-16.4046,-0.426557,-0.315637,-0.272842,-0.0693396,0.268406,0.210481,-0.0502537,-0.276495,-0.00274229,-0.479538,2.52387,-0.0272777,2.5502,-0.00131579,True,True
4.68,-0,0,0.0184878,0.0680087,-0.263742,-0.318494,-0.746688,0.163543,0.175338,1.17481,0.145236,-15.5183,-0.428118,-0.308779,-0.306337,-0.0680087,0.263742,0.217317,-0,0,-0.0320503,0.0680087,-0.263742,-1.48406,-0.746688,0.163543,0.301276,1.17481,0.145236,-15.9766,-0.428118,-0.308779,-0.312599,-0.0680087,0.263742,0.223879,-0.0666348,-0.322921,-0.00174668,-0.470052,2.52438,-0.0267506,2.55,0,True,True
4.685,-0,0,0.0257576,0.0667022,-0.258795,-0.189137,-0.745876,0.161587,0.221999,1.17552,0.140526,-15.7893,-0.429645,-0.302113,-0.330004,-0.0667022,0.258795,0.228403,-0,0,-0.0250468,0.0667022,-0.258795,-1.31462,-0.745876,0.161587,0.215249,1.17552,0.140526,-15.7645,-0.429645,-0.302113,-0.329639,-0.0667022,0.258795,0.228037,-0.075223,-0.344689,-0.00114749,-0.460479,2.52487,-0.0262332,2.55,0,True,True
4.69,-0,0,0.0281919,0.0654207,-0.253778,-0.129105,-0.745073,0.159657,0.231353,1.17621,0.135959,-15.9018,-0.431139,-0.295617,-0.336637,-0.0654207,0.253778,0.230026,-0,0,-0.022264,0.0654207,-0.253778,-1.24179,-0.745073,0.159657,0.173987,1.17621,0.135959,-15.6902,-0.431139,-0.295617,-0.333457,-0.0654207,0.253778,0.226899,-0.0785898,-0.349974,-0.000735942,-0.450985,2.52536,-0.025726,2.55,0,True,True
4.695,-0,0,0.0281522,0.0641644,-0.248808,-0.106655,-0.744279,0.15773,0.221719,1.17688,0.131546,-15.932,-0.432601,-0.289276,-0.33442,-0.0641644,0.248808,0.226706,-0,0,-0.0214516,0.0641644,-0.248808,-1.21752,-0.744279,0.15773,0.155785,1.17688,0.131546,-15.6875,-0.432601,-0.289276,-0.330794,-0.0641644,0.248808,0.223151,-0.0792514,-0.346681,-0.000398189,-0.441657,2.52584,-0.0252288,2.55,0,True,True
4.7,-0,0,0.0270669,0.0629327,-0.243937,-0.101308,-0.743495,0.155793,0.203888,1.17753,0.12729,-15.9254,-0.434032,-0.283083,-0.328404,-0.0629327,0.243937,0.221249,-0,0,-0.0214603,0.0629327,-0.243937,-1.21469,-0.743495,0.155793,0.147844,1.17753,0.12729,-15.7166,-0.434032,-0.283083,-0.325387,-0.0629327,0.243937,0.218285,-0.0787531,-0.339695,-7.98661e-05,-0.432536,2.52631,-0.0247416,2.55,0,True,True
4.705,-0,0,0.0256844,0.061725,-0.239186,-0.101763,-0.742721,0.153844,0.1836,1.17815,0.123186,-15.9066,-0.435432,-0.27703,-0.321282,-0.061725,0.239186,0.215172,-0,0,-0.0217198,0.061725,-0.239186,-1.21901,-0.742721,0.153844,0.143354,1.17815,0.123186,-15.7559,-0.435432,-0.27703,-0.31917,-0.061725,0.239186,0.21309,-0.0779099,-0.331632,0.000240698,-0.423632,2.52677,-0.0242639,2.55,0,True,True
4.71,-0,0,0.0243555,0.0605408,-0.234557,-0.102398,-0.741957,0.151885,0.163668,1.17876,0.11923,-15.8877,-0.436802,-0.271116,-0.314341,-0.0605408,0.234557,0.209214,-0,0,-0.0219609,0.0605408,-0.234557,-1.22344,-0.741957,0.151885,0.138981,1.17876,0.11923,-15.7949,-0.436802,-0.271116,-0.313078,-0.0605408,0.234557,0.207965,-0.0771045,-0.323753,0.000568365,-0.414944,2.52722,-0.0237957,2.55,0,True,True
4.715,-0,0,0.0232147,0.0593794,-0.230043,-0.100835,-0.741202,0.149919,0.145267,1.17935,0.115416,-15.8739,-0.438143,-0.265335,-0.308088,-0.0593794,0.230043,0.203678,-0,0,-0.0220751,0.0593794,-0.230043,-1.22498,-0.741202,0.149919,0.133333,1.17935,0.115416,-15.8288,-0.438143,-0.265335,-0.307492,-0.0593794,0.230043,0.203088,-0.0764823,-0.316559,0.000900298,-0.406465,2.52766,-0.0233366,2.55,0,True,True
4.72,-0,0,0.0222876,0.0582404,-0.225637,-0.0964209,-0.740458,0.147948,0.128702,1.17991,0.111738,-15.8667,-0.439455,-0.259686,-0.30263,-0.0582404,0.225637,0.198639,-0,0,-0.0220381,0.0582404,-0.225637,-1.22281,-0.740458,0.147948,0.126048,1.17991,0.111738,-15.8566,-0.439455,-0.259686,-0.302501,-0.0582404,0.225637,0.19851,-0.0760683,-0.310165,0.00123094,-0.398185,2.52809,-0.0228865,2.55,0,True,True
4.725,-0,0,0.021551,0.0571231,-0.221329,-0.0893368,-0.739723,0.145977,0.113862,1.18046,0.108188,-15.8655,-0.44074,-0.254165,-0.29789,-0.0571231,0.221329,0.194064,-0,0,-0.021865,0.0571231,-0.221329,-1.21716,-0.739723,0.145977,0.117256,1.18046,0.108188,-15.8784,-0.44074,-0.254165,-0.298053,-0.0571231,0.221329,0.194225,-0.0758338,-0.304499,0.00155456,-0.390093,2.52851,-0.0224451,2.55,0,True,True
4.73,-0,0,0.0209651,0.0560271,-0.217112,-0.0801035,-0.738998,0.144007,0.100466,1.18099,0.104763,-15.8693,-0.441997,-0.24877,-0.293723,-0.0560271,0.217112,0.189876,-0,0,-0.0215858,0.0560271,-0.217112,-1.2087,-0.738998,0.144007,0.107284,1.18099,0.104763,-15.8954,-0.441997,-0.24877,-0.294044,-0.0560271,0.217112,0.190195,-0.0757318,-0.299426,0.00186637,-0.382182,2.52893,-0.0220121,2.55,0,True,True
4.735,-0,0,0.020489,0.0549519,-0.21298,-0.0693194,-0.738283,0.142041,0.0881975,1.18151,0.101456,-15.8767,-0.443228,-0.243497,-0.289977,-0.0549519,0.21298,0.185992,-0,0,-0.0212326,0.0549519,-0.21298,-1.19822,-0.738283,0.142041,0.0965011,1.18151,0.101456,-15.9086,-0.443228,-0.243497,-0.290361,-0.0549519,0.21298,0.186374,-0.0757154,-0.294798,0.00216287,-0.374443,2.52934,-0.0215876,2.55,0,True,True
4.74,-0,0,0.0200875,0.0538973,-0.208927,-0.0575355,-0.737577,0.140082,0.0767694,1.18201,0.0982628,-15.8865,-0.444432,-0.238345,-0.286518,-0.0538973,0.208927,0.182337,-0,0,-0.0208335,0.0538973,-0.208927,-1.18641,-0.737577,0.140082,0.0852378,1.18201,0.0982628,-15.9192,-0.444432,-0.238345,-0.286905,-0.0538973,0.208927,0.182721,-0.0757445,-0.290486,0.00244187,-0.366869,2.52974,-0.0211712,2.55,0,True,True
4.745,-0,0,0.019733,0.0528627,-0.204951,-0.0452046,-0.736882,0.13813,0.0659461,1.18249,0.095179,-15.8977,-0.445611,-0.233309,-0.283245,-0.0528627,0.204951,0.17885,-0,0,-0.0204103,0.0528627,-0.204951,-1.17387,-0.736882,0.13813,0.073763,1.18249,0.095179,-15.9281,-0.445611,-0.233309,-0.283596,-0.0528627,0.204951,0.179199,-0.0757893,-0.286389,0.00270225,-0.359455,2.53013,-0.0207628,2.55,0,True,True
4.75,-0,0,0.0194057,0.0518478,-0.201048,-0.0326709,-0.736196,0.136187,0.0555489,1.18296,0.0922005,-15.9096,-0.446765,-0.228388,-0.280079,-0.0518478,0.201048,0.175485,-0,0,-0.0199791,0.0518478,-0.201048,-1.16104,-0.736196,0.136187,0.0622765,1.18296,0.0922005,-15.9359,-0.446765,-0.228388,-0.280377,-0.0518478,0.201048,0.17578,-0.0758291,-0.282429,0.00294373,-0.352197,2.53051,-0.0203623,2.55,0,True,True
4.755,-0,0,0.0190921,0.0508522,-0.197216,-0.0201792,-0.73552,0.134255,0.0454509,1.18341,0.0893234,-15.9217,-0.447895,-0.223578,-0.276973,-0.0508522,0.197216,0.172208,-0,0,-0.0195504,0.0508522,-0.197216,-1.14822,-0.73552,0.134255,0.0509173,1.18341,0.0893234,-15.9431,-0.447895,-0.223578,-0.277211,-0.0508522,0.197216,0.172444,-0.075851,-0.278557,0.00316661,-0.34509,2.53089,-0.0199694,2.55,0,True,True
4.76,-0,0,0.0187839,0.0498756,-0.193455,-0.00789133,-0.734854,0.132333,0.0355666,1.18385,0.0865439,-15.9335,-0.449001,-0.218877,-0.273894,-0.0498756,0.193455,0.168997,-0,0,-0.0191309,0.0498756,-0.193455,-1.13561,-0.734854,0.132333,0.0397742,1.18385,0.0865439,-15.95,-0.449001,-0.218877,-0.274075,-0.0498756,0.193455,0.169177,-0.0758485,-0.27474,0.00337161,-0.338131,2.53126,-0.0195842,2.55,0,True,True
4.765,-0,0,0.0184762,0.0489176,-0.189762,0.00409489,-0.734197,0.130422,0.0258432,1.18428,0.0838586,-15.9448,-0.450084,-0.214281,-0.270827,-0.0489176,0.189762,0.16584,-0,0,-0.018724,0.0489176,-0.189762,-1.12334,-0.734197,0.130422,0.0288983,1.18428,0.0838586,-15.9569,-0.450084,-0.214281,-0.270956,-0.0489176,0.189762,0.165968,-0.0758192,-0.270959,0.00355966,-0.331316,2.53162,-0.0192064,2.55,0,True,True
4.77,-0,0,0.0181668,0.047978,-0.186137,0.0157288,-0.733549,0.128525,0.0162506,1.18469,0.081264,-15.9557,-0.451144,-0.209789,-0.267765,-0.047978,0.186137,0.162728,-0,0,-0.0183314,0.047978,-0.186137,-1.11147,-0.733549,0.128525,0.0183131,1.18469,0.081264,-15.9638,-0.451144,-0.209789,-0.267851,-0.047978,0.186137,0.162813,-0.0757638,-0.267206,0.00373181,-0.324643,2.53198,-0.0188359,2.55,0,True,True
4.775,-0,0,0.0178551,0.0470563,-0.182578,0.0269926,-0.732911,0.12664,0.00677511,1.18509,0.0787569,-15.9659,-0.452182,-0.205397,-0.264709,-0.0470563,0.182578,0.159658,-0,0,-0.0179531,0.0470563,-0.182578,-1.10001,-0.732911,0.12664,0.00802417,1.18509,0.0787569,-15.9709,-0.452182,-0.205397,-0.26476,-0.0470563,0.182578,0.159709,-0.0756846,-0.263479,0.00388913,-0.318108,2.53233,-0.0184725,2.55,0,True,True
4.78,-0,0,0.0175415,0.0461522,-0.179086,0.0378896,-0.732283,0.124769,-0.00258708,1.18548,0.0763343,-15.9756,-0.453198,-0.201103,-0.261663,-0.0461522,0.179086,0.156629,-0,0,-0.0175887,0.0461522,-0.179086,-1.08896,-0.732283,0.124769,-0.00197508,1.18548,0.0763343,-15.9781,-0.453198,-0.201103,-0.261687,-0.0461522,0.179086,0.156653,-0.0755849,-0.259781,0.00403268,-0.311708,2.53267,-0.0181161,2.55,0,True,True
4.785,-0,0,0.0172268,0.0452654,-0.175659,0.0484362,-0.731664,0.122912,-0.0118335,1.18586,0.0739931,-15.9848,-0.454193,-0.196905,-0.258633,-0.0452654,0.175659,0.153641,-0,0,-0.0172371,0.0452654,-0.175659,-1.07829,-0.731664,0.122912,-0.0116977,1.18586,0.0739931,-15.9853,-0.454193,-0.196905,-0.258639,-0.0452654,0.175659,0.153647,-0.0754684,-0.256117,0.00416346,-0.305442,2.533,-0.0177666,2.55,0,True,True
4.79,-0,0,0.0169121,0.0443956,-0.172295,0.0586555,-0.731054,0.12107,-0.0209585,1.18622,0.0717304,-15.9935,-0.455167,-0.1928,-0.255627,-0.0443956,0.172295,0.150697,-0,0,-0.0168971,0.0443956,-0.172295,-1.06799,-0.731054,0.12107,-0.0211601,1.18622,0.0717304,-15.9927,-0.455167,-0.1928,-0.255619,-0.0443956,0.172295,0.150689,-0.0753387,-0.252491,0.00428239,-0.299305,2.53333,-0.0174239,2.55,0,True,True
4.795,-0,0,0.0165987,0.0435425,-0.168995,0.0685731,-0.730453,0.119243,-0.0299554,1.18657,0.0695435,-16.0017,-0.456121,-0.188786,-0.252651,-0.0435425,0.168995,0.147797,-0,0,-0.0165676,0.0435425,-0.168995,-1.05801,-0.730453,0.119243,-0.0303795,1.18657,0.0695435,-16,-0.456121,-0.188786,-0.252634,-0.0435425,0.168995,0.147781,-0.0751991,-0.248909,0.00439032,-0.293296,2.53365,-0.0170878,2.55,0,True,True
4.8,-0,0,0.0162875,0.0427057,-0.165758,0.0782146,-0.729861,0.117432,-0.0388175,1.18692,0.0674296,-16.0096,-0.457055,-0.184861,-0.24971,-0.0427057,0.165758,0.144943,-0,0,-0.0162474,0.0427057,-0.165758,-1.04833,-0.729861,0.117432,-0.0393727,1.18692,0.0674296,-16.0074,-0.457055,-0.184861,-0.249689,-0.0427057,0.165758,0.144923,-0.0750524,-0.245376,0.00448801,-0.287412,2.53397,-0.0167582,2.55,0,True,True
4.805,-0,0,0.0159794,0.0418849,-0.162581,0.0876039,-0.729279,0.115636,-0.0475388,1.18725,0.0653862,-16.0172,-0.457969,-0.181023,-0.24681,-0.0418849,0.162581,0.142138,-0,0,-0.0159357,0.0418849,-0.162581,-1.03891,-0.729279,0.115636,-0.0481552,1.18725,0.0653862,-16.0147,-0.457969,-0.181023,-0.246787,-0.0418849,0.162581,0.142115,-0.0749012,-0.241896,0.00457615,-0.281649,2.53428,-0.0164349,2.55,0,True,True
4.81,-0,0,0.0156752,0.0410798,-0.159465,0.0967621,-0.728705,0.113858,-0.0561145,1.18757,0.0634108,-16.0245,-0.458865,-0.177269,-0.243955,-0.0410798,0.159465,0.139381,-0,0,-0.0156315,0.0410798,-0.159465,-1.02973,-0.728705,0.113858,-0.0567405,1.18757,0.0634108,-16.0219,-0.458865,-0.177269,-0.243932,-0.0410798,0.159465,0.139358,-0.0747474,-0.238472,0.00465536,-0.276006,2.53458,-0.0161179,2.55,0,True,True
4.815,-0,0,0.0153753,0.0402902,-0.156408,0.105708,-0.72814,0.112096,-0.0645413,1.18788,0.0615009,-16.0315,-0.459742,-0.173597,-0.241147,-0.0402902,0.156408,0.136674,-0,0,-0.0153342,0.0402902,-0.156408,-1.02078,-0.72814,0.112096,-0.0651406,1.18788,0.0615009,-16.0291,-0.459742,-0.173597,-0.241126,-0.0402902,0.156408,0.136652,-0.0745927,-0.235107,0.00472621,-0.270481,2.53488,-0.015807,2.55,0,True,True
4.82,-0,0,0.0150803,0.0395158,-0.15341,0.114457,-0.727584,0.110352,-0.0728168,1.18818,0.0596543,-16.0384,-0.460601,-0.170006,-0.23839,-0.0395158,0.15341,0.134017,-0,0,-0.0150433,0.0395158,-0.15341,-1.01203,-0.727584,0.110352,-0.0733656,1.18818,0.0596543,-16.0361,-0.460601,-0.170006,-0.23837,-0.0395158,0.15341,0.133997,-0.0744382,-0.231802,0.0047892,-0.265069,2.53517,-0.0155022,2.55,0,True,True
4.825,-0,0,0.0147905,0.0387561,-0.150468,0.123022,-0.727037,0.108625,-0.0809398,1.18848,0.0578686,-16.045,-0.461442,-0.166493,-0.235683,-0.0387561,0.150468,0.131409,-0,0,-0.0147583,0.0387561,-0.150468,-1.00346,-0.727037,0.108625,-0.081424,1.18848,0.0578686,-16.043,-0.461442,-0.166493,-0.235667,-0.0387561,0.150468,0.131393,-0.074285,-0.228559,0.0048448,-0.25977,2.53546,-0.0152032,2.55,0,True,True
4.83,-0,0,0.0145058,0.0380111,-0.147583,0.131413,-0.726498,0.106916,-0.0889103,1.18876,0.0561418,-16.0515,-0.462266,-0.163058,-0.233029,-0.0380111,0.147583,0.128852,-0,0,-0.0144789,0.0380111,-0.147583,-0.995066,-0.726498,0.106916,-0.0893229,1.18876,0.0561418,-16.0498,-0.462266,-0.163058,-0.233015,-0.0380111,0.147583,0.128838,-0.0741337,-0.225377,0.00489345,-0.25458,2.53574,-0.01491,2.55,0,True,True
4.835,-0,0,0.0142266,0.0372803,-0.144753,0.13964,-0.725967,0.105225,-0.0967288,1.18904,0.0544718,-16.0578,-0.463072,-0.159697,-0.230428,-0.0372803,0.144753,0.126345,-0,0,-0.0142048,0.0372803,-0.144753,-0.986838,-0.725967,0.105225,-0.0970684,1.18904,0.0544718,-16.0564,-0.463072,-0.159697,-0.230416,-0.0372803,0.144753,0.126333,-0.0739848,-0.222257,0.00493552,-0.249497,2.53601,-0.0146224,2.55,0,True,True
4.84,-0,0,0.0139528,0.0365635,-0.141977,0.14771,-0.725446,0.103552,-0.104397,1.18931,0.0528566,-16.064,-0.463863,-0.156409,-0.227879,-0.0365635,0.141977,0.123886,-0,0,-0.0139359,0.0365635,-0.141977,-0.978768,-0.725446,0.103552,-0.104665,1.18931,0.0528566,-16.0629,-0.463863,-0.156409,-0.22787,-0.0365635,0.141977,0.123877,-0.0738386,-0.219198,0.0049714,-0.24452,2.53628,-0.0143404,2.55,0,True,True
4.845,-0,0,0.0136844,0.0358605,-0.139254,0.155627,-0.724932,0.101898,-0.111916,1.18957,0.0512941,-16.0701,-0.464637,-0.153192,-0.225381,-0.0358605,0.139254,0.121476,-0,0,-0.0136718,0.0358605,-0.139254,-0.97085,-0.724932,0.101898,-0.112118,1.18957,0.0512941,-16.0692,-0.464637,-0.153192,-0.225375,-0.0358605,0.139254,0.121469,-0.0736953,-0.216201,0.00500141,-0.239644,2.53655,-0.0140639,2.55,0,True,True
4.85,-0,0,0.0134212,0.035171,-0.136583,0.163397,-0.724427,0.100263,-0.119288,1.18982,0.0497827,-16.076,-0.465395,-0.150046,-0.222935,-0.035171,0.136583,0.119113,-0,0,-0.0134126,0.035171,-0.136583,-0.963078,-0.724427,0.100263,-0.11943,1.18982,0.0497827,-16.0754,-0.465395,-0.150046,-0.22293,-0.035171,0.136583,0.119109,-0.0735549,-0.213263,0.00502589,-0.23487,2.53681,-0.0137927,2.55,0,True,True
4.855,-0,0,0.0131634,0.0344947,-0.133963,0.171024,-0.723929,0.0986467,-0.126516,1.19007,0.0483205,-16.0818,-0.466137,-0.146967,-0.220539,-0.0344947,0.133963,0.116798,-0,0,-0.0131581,0.0344947,-0.133963,-0.955448,-0.723929,0.0986467,-0.126605,1.19007,0.0483205,-16.0815,-0.466137,-0.146967,-0.220536,-0.0344947,0.133963,0.116795,-0.0734176,-0.210384,0.00504514,-0.230193,2.53706,-0.0135267,2.55,0,True,True
4.86,-0,0,0.0129106,0.0338314,-0.131394,0.178511,-0.72344,0.0970493,-0.133603,1.1903,0.0469057,-16.0876,-0.466864,-0.143955,-0.218192,-0.0338314,0.131394,0.114528,-0,0,-0.0129081,0.0338314,-0.131394,-0.947957,-0.72344,0.0970493,-0.133645,1.1903,0.0469057,-16.0874,-0.466864,-0.143955,-0.218191,-0.0338314,0.131394,0.114526,-0.0732833,-0.207563,0.00505944,-0.225613,2.53731,-0.0132658,2.55,0,True,True
4.865,-0,0,0.012663,0.0331808,-0.128873,0.18586,-0.722959,0.0954711,-0.14055,1.19054,0.0455368,-16.0931,-0.467577,-0.141008,-0.215894,-0.0331808,0.128873,0.112303,-0,0,-0.0126628,0.0331808,-0.128873,-0.940604,-0.722959,0.0954711,-0.140553,1.19054,0.0455368,-16.0931,-0.467577,-0.141008,-0.215894,-0.0331808,0.128873,0.112303,-0.073152,-0.204799,0.00506906,-0.221126,2.53756,-0.01301,2.55,0,True,True
4.87,-0,0,0.0124202,0.0325426,-0.126401,0.193074,-0.722485,0.0939121,-0.147362,1.19076,0.044212,-16.0986,-0.468274,-0.138124,-0.213643,-0.0325426,0.126401,0.110122,-0,0,-0.0124219,0.0325426,-0.126401,-0.933384,-0.722485,0.0939121,-0.147332,1.19076,0.044212,-16.0988,-0.468274,-0.138124,-0.213644,-0.0325426,0.126401,0.110123,-0.0730235,-0.20209,0.00507428,-0.216731,2.5378,-0.0127592,2.55,0,True,True
4.875,-0,0,0.0121822,0.0319168,-0.123976,0.200155,-0.72202,0.0923724,-0.15404,1.19098,0.04293,-16.104,-0.468958,-0.135302,-0.211439,-0.0319168,0.123976,0.107984,-0,0,-0.0121854,0.0319168,-0.123976,-0.926297,-0.72202,0.0923724,-0.153984,1.19098,0.04293,-16.1043,-0.468958,-0.135302,-0.211441,-0.0319168,0.123976,0.107986,-0.0728979,-0.199436,0.00507533,-0.212427,2.53803,-0.0125131,2.55,0,True,True
4.88,-0,0,0.0119489,0.0313029,-0.121597,0.207106,-0.721562,0.0908521,-0.160588,1.19119,0.0416891,-16.1093,-0.469627,-0.132541,-0.20928,-0.0313029,0.121597,0.105888,-0,0,-0.0119532,0.0313029,-0.121597,-0.919339,-0.721562,0.0908521,-0.16051,1.19119,0.0416891,-16.1096,-0.469627,-0.132541,-0.209282,-0.0313029,0.121597,0.105891,-0.0727749,-0.196835,0.00507245,-0.20821,2.53826,-0.0122719,2.55,0,True,True
4.885,-0,0,0.0117202,0.0307008,-0.119264,0.213928,-0.721111,0.0893511,-0.167008,1.19139,0.040488,-16.1145,-0.470283,-0.129839,-0.207164,-0.0307008,0.119264,0.103834,-0,0,-0.0117253,0.0307008,-0.119264,-0.91251,-0.721111,0.0893511,-0.166913,1.19139,0.040488,-16.1149,-0.470283,-0.129839,-0.207167,-0.0307008,0.119264,0.103837,-0.0726546,-0.194286,0.00506588,-0.20408,2.53849,-0.0120352,2.55,0,True,True
4.89,-0,0,0.011496,0.0301102,-0.116975,0.220623,-0.720668,0.0878695,-0.173303,1.19159,0.0393253,-16.1195,-0.470926,-0.127195,-0.205092,-0.0301102,0.116975,0.10182,-0,0,-0.0115017,0.0301102,-0.116975,-0.905807,-0.720668,0.0878695,-0.173196,1.19159,0.0393253,-16.12,-0.470926,-0.127195,-0.205095,-0.0301102,0.116975,0.101823,-0.0725369,-0.191788,0.00505581,-0.200033,2.53871,-0.0118032,2.55,0,True,True
4.895,-0,0,0.0112762,0.029531,-0.11473,0.227193,-0.720232,0.0864073,-0.179475,1.19179,0.0381997,-16.1245,-0.471555,-0.124607,-0.203063,-0.029531,0.11473,0.0998463,-0,0,-0.0112822,0.029531,-0.11473,-0.899229,-0.720232,0.0864073,-0.17936,1.19179,0.0381997,-16.125,-0.471555,-0.124607,-0.203066,-0.029531,0.11473,0.0998494,-0.0724216,-0.189339,0.00504247,-0.196069,2.53893,-0.0115756,2.55,0,True,True
4.9,-0,0,0.0110606,0.0289629,-0.112529,0.233641,-0.719804,0.0849644,-0.185528,1.19198,0.0371098,-16.1293,-0.472172,-0.122074,-0.201074,-0.0289629,0.112529,0.0979109,-0,0,-0.0110668,0.0289629,-0.112529,-0.892774,-0.719804,0.0849644,-0.185407,1.19198,0.0371098,-16.1299,-0.472172,-0.122074,-0.201077,-0.0289629,0.112529,0.0979142,-0.0723087,-0.186939,0.00502605,-0.192186,2.53914,-0.0113524,2.55,0,True,True
4.905,-0,0,0.0108491,0.0284057,-0.110369,0.239967,-0.719383,0.083541,-0.191463,1.19216,0.0360545,-16.1341,-0.472776,-0.119595,-0.199125,-0.0284057,0.110369,0.0960135,-0,0,-0.0108554,0.0284057,-0.110369,-0.886439,-0.719383,0.083541,-0.191339,1.19216,0.0360545,-16.1346,-0.472776,-0.119595,-0.199129,-0.0284057,0.110369,0.0960168,-0.0721981,-0.184587,0.00500675,-0.188382,2.53935,-0.0111335,2.55,0,True,True
4.91,-0,0,0.0106418,0.0278592,-0.108251,0.246175,-0.718969,0.0821368,-0.197283,1.19234,0.0350326,-16.1388,-0.473368,-0.117169,-0.197216,-0.0278592,0.108251,0.0941533,-0,0,-0.010648,0.0278592,-0.108251,-0.880224,-0.718969,0.0821368,-0.197158,1.19234,0.0350326,-16.1393,-0.473368,-0.117169,-0.19722,-0.0278592,0.108251,0.0941565,-0.0720898,-0.182281,0.00498473,-0.184656,2.53956,-0.0109188,2.55,0,True,True
4.915,-0,0,0.0104384,0.0273232,-0.106173,0.252265,-0.718561,0.0807519,-0.202991,1.19251,0.0340429,-16.1433,-0.473948,-0.114795,-0.195346,-0.0273232,0.106173,0.0923295,-0,0,-0.0104445,0.0273232,-0.106173,-0.874126,-0.718561,0.0807519,-0.202866,1.19251,0.0340429,-16.1439,-0.473948,-0.114795,-0.195349,-0.0273232,0.106173,0.0923326,-0.0719836,-0.180021,0.00496017,-0.181005,2.53976,-0.0107083,2.55,0,True,True
4.92,-0,0,0.010239,0.0267975,-0.104135,0.25824,-0.718161,0.0793861,-0.208588,1.19268,0.0330843,-16.1478,-0.474516,-0.11247,-0.193513,-0.0267975,0.104135,0.0905413,-0,0,-0.0102448,0.0267975,-0.104135,-0.868143,-0.718161,0.0793861,-0.208466,1.19268,0.0330843,-16.1484,-0.474516,-0.11247,-0.193516,-0.0267975,0.104135,0.0905443,-0.0718796,-0.177805,0.00493325,-0.177428,2.53996,-0.0105018,2.55,0,True,True
4.925,-0,0,0.0100433,0.0262819,-0.102136,0.264102,-0.717768,0.0780395,-0.214077,1.19284,0.0321558,-16.1522,-0.475072,-0.110195,-0.191717,-0.0262819,0.102136,0.088788,-0,0,-0.0100489,0.0262819,-0.102136,-0.862273,-0.717768,0.0780395,-0.213959,1.19284,0.0321558,-16.1527,-0.475072,-0.110195,-0.191719,-0.0262819,0.102136,0.0887909,-0.0717777,-0.175634,0.00490411,-0.173923,2.54015,-0.0102993,2.55,0,True,True
4.93,-0,0,0.00985142,0.0257762,-0.100175,0.269853,-0.717381,0.0767118,-0.219461,1.193,0.0312563,-16.1565,-0.475618,-0.107968,-0.189956,-0.0257762,0.100175,0.0870689,-0,0,-0.00985672,0.0257762,-0.100175,-0.856516,-0.717381,0.0767118,-0.219346,1.193,0.0312563,-16.157,-0.475618,-0.107968,-0.189959,-0.0257762,0.100175,0.0870716,-0.0716779,-0.173505,0.00487291,-0.170489,2.54034,-0.0101008,2.55,0,True,True
4.935,-0,0,0.00966319,0.0252801,-0.0982523,0.275494,-0.717001,0.0754031,-0.224741,1.19315,0.0303849,-16.1607,-0.476152,-0.105788,-0.188232,-0.0252801,0.0982523,0.0853833,-0,0,-0.00966818,0.0252801,-0.0982523,-0.850867,-0.717001,0.0754031,-0.224631,1.19315,0.0303849,-16.1612,-0.476152,-0.105788,-0.188234,-0.0252801,0.0982523,0.0853859,-0.07158,-0.171417,0.00483979,-0.167125,2.54053,-0.009906,2.55,0,True,True
4.94,-0,0,0.00947854,0.0247936,-0.096366,0.281027,-0.716627,0.0741132,-0.229919,1.1933,0.0295406,-16.1648,-0.476676,-0.103654,-0.186541,-0.0247936,0.096366,0.0837305,-0,0,-0.00948321,0.0247936,-0.096366,-0.845327,-0.716627,0.0741132,-0.229815,1.1933,0.0295406,-16.1653,-0.476676,-0.103654,-0.186544,-0.0247936,0.096366,0.0837329,-0.0714841,-0.169371,0.00480489,-0.163829,2.54071,-0.009715,2.55,0,True,True
4.945,-0,0,0.00929741,0.0243165,-0.0945158,0.286455,-0.716259,0.072842,-0.234998,1.19345,0.0287224,-16.1689,-0.477189,-0.101564,-0.184885,-0.0243165,0.0945158,0.0821099,-0,0,-0.00930175,0.0243165,-0.0945158,-0.839892,-0.716259,0.072842,-0.234899,1.19345,0.0287224,-16.1693,-0.477189,-0.101564,-0.184887,-0.0243165,0.0945158,0.0821122,-0.0713902,-0.167365,0.00476834,-0.1606,2.54089,-0.00952768,2.55,0,True,True
4.95,-0,0,0.00911973,0.0238485,-0.0927012,0.291779,-0.715898,0.0715894,-0.239979,1.19359,0.0279296,-16.1728,-0.477691,-0.099519,-0.183261,-0.0238485,0.0927012,0.0805208,-0,0,-0.00912374,0.0238485,-0.0927012,-0.834561,-0.715898,0.0715894,-0.239886,1.19359,0.0279296,-16.1732,-0.477691,-0.099519,-0.183263,-0.0238485,0.0927012,0.0805229,-0.0712981,-0.165399,0.00473026,-0.157435,2.54106,-0.00934397,2.55,0,True,True
4.955,-0,0,0.00894543,0.0233895,-0.0909212,0.297002,-0.715543,0.0703552,-0.244864,1.19373,0.0271612,-16.1767,-0.478184,-0.0975164,-0.18167,-0.0233895,0.0909212,0.0789626,-0,0,-0.00894912,0.0233895,-0.0909212,-0.829333,-0.715543,0.0703552,-0.244777,1.19373,0.0271612,-16.1771,-0.478184,-0.0975164,-0.181672,-0.0233895,0.0909212,0.0789646,-0.0712078,-0.163471,0.00469077,-0.154335,2.54124,-0.0091638,2.55,0,True,True
4.96,-0,0,0.00877445,0.0229393,-0.0891755,0.302124,-0.715195,0.0691394,-0.249655,1.19386,0.0264164,-16.1805,-0.478666,-0.0955558,-0.180111,-0.0229393,0.0891755,0.0774347,-0,0,-0.00877783,0.0229393,-0.0891755,-0.824204,-0.715195,0.0691394,-0.249574,1.19386,0.0264164,-16.1808,-0.478666,-0.0955558,-0.180112,-0.0229393,0.0891755,0.0774365,-0.0711194,-0.161581,0.00464998,-0.151297,2.54141,-0.00898711,2.55,0,True,True
4.965,-0,0,0.00860671,0.0224977,-0.0874631,0.307148,-0.714852,0.0679417,-0.254355,1.19399,0.0256945,-16.1842,-0.479139,-0.0936361,-0.178583,-0.0224977,0.0874631,0.0759365,-0,0,-0.00860979,0.0224977,-0.0874631,-0.819174,-0.714852,0.0679417,-0.25428,1.19399,0.0256945,-16.1845,-0.479139,-0.0936361,-0.178584,-0.0224977,0.0874631,0.0759381,-0.0710328,-0.159728,0.00460801,-0.14832,2.54157,-0.00881382,2.55,0,True,True
4.97,-0,0,0.00844217,0.0220646,-0.0857837,0.312077,-0.714515,0.066762,-0.258964,1.19412,0.0249946,-16.1878,-0.479603,-0.0917566,-0.177085,-0.0220646,0.0857837,0.0744674,-0,0,-0.00844496,0.0220646,-0.0857837,-0.81424,-0.714515,0.066762,-0.258895,1.19412,0.0249946,-16.1881,-0.479603,-0.0917566,-0.177086,-0.0220646,0.0857837,0.0744688,-0.0709479,-0.157911,0.00456495,-0.145403,2.54173,-0.00864387,2.55,0,True,True
4.975,-0,0,0.00828076,0.0216399,-0.0841364,0.31691,-0.714184,0.0656002,-0.263485,1.19424,0.024316,-16.1913,-0.480057,-0.0899162,-0.175617,-0.0216399,0.0841364,0.0730267,-0,0,-0.00828327,0.0216399,-0.0841364,-0.809402,-0.714184,0.0656002,-0.263421,1.19424,0.024316,-16.1916,-0.480057,-0.0899162,-0.175618,-0.0216399,0.0841364,0.073028,-0.0708648,-0.15613,0.00452089,-0.142544,2.54189,-0.0084772,2.55,0,True,True
4.98,-0,0,0.00812241,0.0212233,-0.0825207,0.321651,-0.713859,0.0644561,-0.267919,1.19436,0.0236581,-16.1948,-0.480502,-0.0881142,-0.174178,-0.0212233,0.0825207,0.0716141,-0,0,-0.00812466,0.0212233,-0.0825207,-0.804656,-0.713859,0.0644561,-0.267861,1.19436,0.0236581,-16.1951,-0.480502,-0.0881142,-0.174179,-0.0212233,0.0825207,0.0716152,-0.0707834,-0.154384,0.00447594,-0.139743,2.54205,-0.00831374,2.55,0,True,True
4.985,-0,0,0.00796707,0.0208147,-0.080936,0.326301,-0.71354,0.0633296,-0.272268,1.19448,0.0230201,-16.1982,-0.480938,-0.0863497,-0.172768,-0.0208147,0.080936,0.0702288,-0,0,-0.00796907,0.0208147,-0.080936,-0.800001,-0.71354,0.0633296,-0.272215,1.19448,0.0230201,-16.1985,-0.480938,-0.0863497,-0.172769,-0.0208147,0.080936,0.0702298,-0.0707037,-0.152672,0.00443017,-0.136998,2.5422,-0.00815343,2.55,0,True,True
4.99,-0,0,0.00781469,0.0204139,-0.0793817,0.330861,-0.713226,0.0622205,-0.276533,1.19459,0.0224014,-16.2016,-0.481365,-0.0846219,-0.171386,-0.0204139,0.0793817,0.0688704,-0,0,-0.00781645,0.0204139,-0.0793817,-0.795435,-0.713226,0.0622205,-0.276486,1.19459,0.0224014,-16.2018,-0.481365,-0.0846219,-0.171387,-0.0204139,0.0793817,0.0688713,-0.0706256,-0.150993,0.00438368,-0.134309,2.54235,-0.0079962,2.55,0,True,True
4.995,-0,0,0.0076652,0.0200208,-0.0778573,0.335334,-0.712918,0.0611286,-0.280717,1.1947,0.0218013,-16.2048,-0.481784,-0.0829299,-0.170032,-0.0200208,0.0778573,0.0675383,-0,0,-0.00766675,0.0200208,-0.0778573,-0.790958,-0.712918,0.0611286,-0.280675,1.1947,0.0218013,-16.205,-0.481784,-0.0829299,-0.170033,-0.0200208,0.0778573,0.0675391,-0.0705491,-0.149348,0.00433653,-0.131673,2.5425,-0.00784201,2.55,0,True,True
5,-0,0,0.00751855,0.0196353,-0.0763621,0.339721,-0.712615,0.0600538,-0.284821,1.19481,0.0212192,-16.208,-0.482195,-0.081273,-0.168705,-0.0196353,0.0763621,0.0662321,-0,0,-0.00751989,0.0196353,-0.0763621,-0.786566,-0.712615,0.0600538,-0.284783,1.19481,0.0212192,-16.2082,-0.482195,-0.081273,-0.168705,-0.0196353,0.0763621,0.0662328,-0.0704742,-0.147734,0.00428881,-0.12909,2.54265,-0.00769079,2.55,0,True,True
5.005,-0,0,0.00737469,0.0192572,-0.0748956,0.344024,-0.712317,0.0589958,-0.288846,1.19491,0.0206545,-16.2111,-0.482597,-0.0796503,-0.167404,-0.0192572,0.0748956,0.0649511,-0,0,-0.00737584,0.0192572,-0.0748956,-0.782259,-0.712317,0.0589958,-0.288813,1.19491,0.0206545,-16.2113,-0.482597,-0.0796503,-0.167404,-0.0192572,0.0748956,0.0649517,-0.0704009,-0.146152,0.00424058,-0.126559,2.54279,-0.00754248,2.55,0,True,True
5.01,-0,0,0.00723356,0.0188864,-0.0734572,0.348244,-0.712025,0.0579545,-0.292793,1.19502,0.0201067,-16.2142,-0.482991,-0.0780612,-0.166128,-0.0188864,0.0734572,0.063695,-0,0,-0.00723454,0.0188864,-0.0734572,-0.778035,-0.712025,0.0579545,-0.292765,1.19502,0.0201067,-16.2143,-0.482991,-0.0780612,-0.166129,-0.0188864,0.0734572,0.0636955,-0.0703292,-0.144602,0.00419192,-0.124078,2.54293,-0.00739702,2.55,0,True,True
5.015,-0,0,0.00709512,0.0185227,-0.0720465,0.352384,-0.711738,0.0569298,-0.296665,1.19512,0.0195752,-16.2172,-0.483378,-0.076505,-0.164879,-0.0185227,0.0720465,0.0624632,-0,0,-0.00709594,0.0185227,-0.0720465,-0.773892,-0.711738,0.0569298,-0.296642,1.19512,0.0195752,-16.2173,-0.483378,-0.076505,-0.164879,-0.0185227,0.0720465,0.0624637,-0.0702589,-0.143081,0.00414287,-0.121647,2.54306,-0.00725437,2.55,0,True,True
5.02,-0,0,0.00695931,0.0181659,-0.0706629,0.356443,-0.711456,0.0559214,-0.300463,1.19521,0.0190594,-16.2202,-0.483756,-0.0749808,-0.163654,-0.0181659,0.0706629,0.0612553,-0,0,-0.00695997,0.0181659,-0.0706629,-0.769829,-0.711456,0.0559214,-0.300444,1.19521,0.0190594,-16.2202,-0.483756,-0.0749808,-0.163654,-0.0181659,0.0706629,0.0612557,-0.0701902,-0.141591,0.00409351,-0.119264,2.5432,-0.00711447,2.55,0,True,True
5.025,-0,0,0.00682608,0.017816,-0.0693058,0.360425,-0.711178,0.0549291,-0.304188,1.19531,0.0185589,-16.223,-0.484127,-0.0734881,-0.162453,-0.017816,0.0693058,0.0600708,-0,0,-0.00682661,0.017816,-0.0693058,-0.765844,-0.711178,0.0549291,-0.304172,1.19531,0.0185589,-16.2231,-0.484127,-0.0734881,-0.162454,-0.017816,0.0693058,0.060071,-0.0701229,-0.140129,0.00404389,-0.116929,2.54333,-0.00697726,2.55,0,True,True
5.03,-0,0,0.00669539,0.0174729,-0.0679748,0.36433,-0.710906,0.0539529,-0.307842,1.1954,0.0180732,-16.2259,-0.484491,-0.0720261,-0.161277,-0.0174729,0.0679748,0.0589092,-0,0,-0.00669578,0.0174729,-0.0679748,-0.761935,-0.710906,0.0539529,-0.30783,1.1954,0.0180732,-16.2259,-0.484491,-0.0720261,-0.161277,-0.0174729,0.0679748,0.0589094,-0.0700571,-0.138696,0.00399407,-0.114641,2.54346,-0.00684269,2.55,0,True,True
5.035,-0,0,0.00656718,0.0171363,-0.0666694,0.36816,-0.710639,0.0529924,-0.311426,1.19549,0.0176017,-16.2286,-0.484848,-0.0705941,-0.160124,-0.0171363,0.0666694,0.05777,-0,0,-0.00656746,0.0171363,-0.0666694,-0.758102,-0.710639,0.0529924,-0.311417,1.19549,0.0176017,-16.2287,-0.484848,-0.0705941,-0.160124,-0.0171363,0.0666694,0.0577702,-0.0699927,-0.137292,0.00394409,-0.112398,2.54358,-0.00671072,2.55,0,True,True
5.04,-0,0,0.00644141,0.0168062,-0.065389,0.371916,-0.710376,0.0520475,-0.314941,1.19557,0.0171441,-16.2313,-0.485197,-0.0691915,-0.158994,-0.0168062,0.065389,0.056653,-0,0,-0.00644158,0.0168062,-0.065389,-0.754342,-0.710376,0.0520475,-0.314936,1.19557,0.0171441,-16.2313,-0.485197,-0.0691915,-0.158994,-0.0168062,0.065389,0.056653,-0.0699296,-0.135914,0.003894,-0.1102,2.54371,-0.00658128,2.55,0,True,True
5.045,-0,0,0.00631803,0.0164824,-0.0641333,0.375601,-0.710118,0.051118,-0.318389,1.19566,0.0166998,-16.234,-0.48554,-0.0678177,-0.157886,-0.0164824,0.0641333,0.0555575,-0,0,-0.00631811,0.0164824,-0.0641333,-0.750655,-0.710118,0.051118,-0.318386,1.19566,0.0166998,-16.234,-0.48554,-0.0678177,-0.157886,-0.0164824,0.0641333,0.0555575,-0.069868,-0.134564,0.00384384,-0.108046,2.54383,-0.00645434,2.55,0,True,True
5.05,-0,0,0.00619701,0.0161648,-0.0629017,0.379214,-0.709865,0.0502037,-0.32177,1.19574,0.0162684,-16.2366,-0.485875,-0.0664721,-0.1568,-0.0161648,0.0629017,0.0544832,-0,0,-0.00619699,0.0161648,-0.0629017,-0.747039,-0.709865,0.0502037,-0.321771,1.19574,0.0162684,-16.2366,-0.485875,-0.0664721,-0.1568,-0.0161648,0.0629017,0.0544832,-0.0698077,-0.13324,0.00379367,-0.105935,2.54395,-0.00632984,2.55,0,True,True
5.055,-0,0,0.00607828,0.0158534,-0.0616938,0.382758,-0.709616,0.0493045,-0.325087,1.19582,0.0158495,-16.2391,-0.486204,-0.065154,-0.155736,-0.0158534,0.0616938,0.0534297,-0,0,-0.00607818,0.0158534,-0.0616938,-0.743492,-0.709616,0.0493045,-0.325091,1.19582,0.0158495,-16.2391,-0.486204,-0.065154,-0.155736,-0.0158534,0.0616938,0.0534297,-0.0697487,-0.131942,0.00374351,-0.103865,2.54406,-0.00620774,2.55,0,True,True
5.06,-0,0,0.00596181,0.0155479,-0.060509,0.386234,-0.709372,0.0484201,-0.328341,1.1959,0.0154428,-16.2416,-0.486527,-0.0638629,-0.154693,-0.0155479,0.060509,0.0523966,-0,0,-0.00596164,0.0155479,-0.060509,-0.740014,-0.709372,0.0484201,-0.328347,1.1959,0.0154428,-16.2416,-0.486527,-0.0638629,-0.154693,-0.0155479,0.060509,0.0523965,-0.069691,-0.13067,0.00369341,-0.101837,2.54418,-0.00608799,2.55,0,True,True
5.065,-0,0,0.00584756,0.0152483,-0.0593471,0.389643,-0.709132,0.0475504,-0.331532,1.19598,0.0150478,-16.244,-0.486843,-0.0625981,-0.153671,-0.0152483,0.0593471,0.0513835,-0,0,-0.00584732,0.0152483,-0.0593471,-0.736602,-0.709132,0.0475504,-0.33154,1.19598,0.0150478,-16.244,-0.486843,-0.0625981,-0.153671,-0.0152483,0.0593471,0.0513833,-0.0696346,-0.129422,0.00364341,-0.0998493,2.54429,-0.00597054,2.55,0,True,True
5.07,-0,0,0.00573548,0.0149544,-0.0582075,0.392986,-0.708897,0.0466951,-0.334662,1.19605,0.0146641,-16.2464,-0.487153,-0.0613592,-0.152669,-0.0149544,0.0582075,0.0503899,-0,0,-0.00573518,0.0149544,-0.0582075,-0.733256,-0.708897,0.0466951,-0.334673,1.19605,0.0146641,-16.2464,-0.487153,-0.0613592,-0.152669,-0.0149544,0.0582075,0.0503897,-0.0695795,-0.128199,0.00359353,-0.0979009,2.5444,-0.00585535,2.55,0,True,True
5.075,-0,0,0.00562554,0.0146662,-0.0570899,0.396266,-0.708665,0.0458541,-0.337732,1.19612,0.0142915,-16.2488,-0.487456,-0.0601456,-0.151687,-0.0146662,0.0570899,0.0494155,-0,0,-0.00562519,0.0146662,-0.0570899,-0.729974,-0.708665,0.0458541,-0.337745,1.19612,0.0142915,-16.2487,-0.487456,-0.0601456,-0.151687,-0.0146662,0.0570899,0.0494154,-0.0695256,-0.126999,0.0035438,-0.0959912,2.54451,-0.00574239,2.55,0,True,True
5.08,-0,0,0.00551769,0.0143835,-0.0559937,0.399482,-0.708438,0.0450272,-0.340743,1.19619,0.0139294,-16.251,-0.487754,-0.0589566,-0.150725,-0.0143835,0.0559937,0.04846,-0,0,-0.00551729,0.0143835,-0.0559937,-0.726756,-0.708438,0.0450272,-0.340758,1.19619,0.0139294,-16.251,-0.487754,-0.0589566,-0.150725,-0.0143835,0.0559937,0.0484598,-0.0694728,-0.125824,0.00349426,-0.0941194,2.54461,-0.00563159,2.55,0,True,True
5.085,-0,0,0.00541189,0.0141063,-0.0549186,0.402637,-0.708215,0.0442141,-0.343697,1.19626,0.0135777,-16.2533,-0.488046,-0.0577919,-0.149781,-0.0141063,0.0549186,0.047523,-0,0,-0.00541145,0.0141063,-0.0549186,-0.723599,-0.708215,0.0442141,-0.343714,1.19626,0.0135777,-16.2532,-0.488046,-0.0577919,-0.149781,-0.0141063,0.0549186,0.0475227,-0.0694213,-0.124671,0.00344494,-0.0922847,2.54472,-0.00552293,2.55,0,True,True
5.09,-0,0,0.00530811,0.0138343,-0.0538642,0.40573,-0.707996,0.0434148,-0.346594,1.19633,0.013236,-16.2555,-0.488332,-0.0566508,-0.148857,-0.0138343,0.0538642,0.046604,-0,0,-0.00530763,0.0138343,-0.0538642,-0.720503,-0.707996,0.0434148,-0.346613,1.19633,0.013236,-16.2554,-0.488332,-0.0566508,-0.148857,-0.0138343,0.0538642,0.0466038,-0.0693709,-0.12354,0.00339585,-0.0904864,2.54482,-0.00541635,2.55,0,True,True
5.095,-0,0,0.0052063,0.0135676,-0.0528301,0.408765,-0.707781,0.042629,-0.349436,1.19639,0.0129039,-16.2576,-0.488613,-0.055533,-0.147951,-0.0135676,0.0528301,0.0457028,-0,0,-0.00520579,0.0135676,-0.0528301,-0.717467,-0.707781,0.042629,-0.349456,1.19639,0.0129039,-16.2576,-0.488613,-0.055533,-0.147951,-0.0135676,0.0528301,0.0457025,-0.0693217,-0.122432,0.00334703,-0.0887238,2.54492,-0.00531183,2.55,0,True,True
5.1,-0,0,0.00510643,0.013306,-0.0518159,0.411741,-0.70757,0.0418566,-0.352223,1.19646,0.0125812,-16.2598,-0.488887,-0.0544378,-0.147063,-0.013306,0.0518159,0.044819,-0,0,-0.0051059,0.013306,-0.0518159,-0.714489,-0.70757,0.0418566,-0.352245,1.19646,0.0125812,-16.2597,-0.488887,-0.0544378,-0.147062,-0.013306,0.0518159,0.0448187,-0.0692735,-0.121346,0.00329849,-0.0869961,2.54502,-0.00520932,2.55,0,True,True
5.105,-0,0,0.00500846,0.0130495,-0.0508212,0.41466,-0.707362,0.0410972,-0.354957,1.19652,0.0122676,-16.2618,-0.489157,-0.0533648,-0.146192,-0.0130495,0.0508212,0.0439523,-0,0,-0.00500791,0.0130495,-0.0508212,-0.711569,-0.707362,0.0410972,-0.35498,1.19652,0.0122676,-16.2617,-0.489157,-0.0533648,-0.146192,-0.0130495,0.0508212,0.043952,-0.0692265,-0.12028,0.00325025,-0.0853026,2.54511,-0.00510878,2.55,0,True,True
5.11,-0,0,0.00491236,0.0127978,-0.0498457,0.417523,-0.707159,0.0403509,-0.357639,1.19658,0.0119627,-16.2639,-0.489421,-0.0523136,-0.145339,-0.0127978,0.0498457,0.0431022,-0,0,-0.00491179,0.0127978,-0.0498457,-0.708704,-0.707159,0.0403509,-0.357663,1.19658,0.0119627,-16.2637,-0.489421,-0.0523136,-0.145339,-0.0127978,0.0498457,0.0431019,-0.0691805,-0.119236,0.00320234,-0.0836426,2.54521,-0.00501018,2.55,0,True,True
5.115,-0,0,0.00481809,0.012551,-0.0488889,0.420331,-0.706959,0.0396173,-0.360269,1.19664,0.0116664,-16.2658,-0.48968,-0.0512837,-0.144503,-0.012551,0.0488889,0.0422686,-0,0,-0.0048175,0.012551,-0.0488889,-0.705895,-0.706959,0.0396173,-0.360294,1.19664,0.0116664,-16.2657,-0.48968,-0.0512837,-0.144502,-0.012551,0.0488889,0.0422683,-0.0691356,-0.118212,0.00315478,-0.0820154,2.5453,-0.00491347,2.55,0,True,True
5.12,-0,0,0.00472562,0.0123089,-0.0479506,0.423084,-0.706762,0.0388963,-0.362849,1.1967,0.0113783,-16.2678,-0.489934,-0.0502746,-0.143683,-0.0123089,0.0479506,0.0414511,-0,0,-0.00472501,0.0123089,-0.0479506,-0.703139,-0.706762,0.0388963,-0.362875,1.1967,0.0113783,-16.2677,-0.489934,-0.0502746,-0.143683,-0.0123089,0.0479506,0.0414508,-0.0690917,-0.117208,0.00310757,-0.0804204,2.54539,-0.00481862,2.55,0,True,True
5.125,-0,0,0.0046349,0.0120715,-0.0470303,0.425785,-0.70657,0.0381877,-0.36538,1.19675,0.0110982,-16.2697,-0.490183,-0.0492859,-0.14288,-0.0120715,0.0470303,0.0406494,-0,0,-0.00463429,0.0120715,-0.0470303,-0.700437,-0.70657,0.0381877,-0.365407,1.19675,0.0110982,-16.2696,-0.490183,-0.0492859,-0.142879,-0.0120715,0.0470303,0.0406491,-0.0690489,-0.116224,0.00306074,-0.078857,2.54548,-0.00472559,2.55,0,True,True
5.13,-0,0,0.00454591,0.0118386,-0.0461278,0.428435,-0.706381,0.0374913,-0.367863,1.19681,0.0108258,-16.2716,-0.490427,-0.0483172,-0.142092,-0.0118386,0.0461278,0.0398631,-0,0,-0.00454529,0.0118386,-0.0461278,-0.697786,-0.706381,0.0374913,-0.36789,1.19681,0.0108258,-16.2714,-0.490427,-0.0483172,-0.142092,-0.0118386,0.0461278,0.0398628,-0.069007,-0.115258,0.0030143,-0.0773245,2.54557,-0.00463435,2.55,0,True,True
5.135,-0,0,0.00445862,0.0116102,-0.0452426,0.431033,-0.706195,0.036807,-0.370297,1.19686,0.010561,-16.2734,-0.490666,-0.047368,-0.14132,-0.0116102,0.0452426,0.039092,-0,0,-0.004458,0.0116102,-0.0452426,-0.695187,-0.706195,0.036807,-0.370326,1.19686,0.010561,-16.2733,-0.490666,-0.047368,-0.14132,-0.0116102,0.0452426,0.0390917,-0.0689661,-0.114312,0.00296827,-0.0758222,2.54565,-0.00454487,2.55,0,True,True
5.14,-0,0,0.00437299,0.0113862,-0.0443745,0.433581,-0.706013,0.0361346,-0.372686,1.19691,0.0103034,-16.2752,-0.4909,-0.046438,-0.140564,-0.0113862,0.0443745,0.0383358,-0,0,-0.00437237,0.0113862,-0.0443745,-0.692637,-0.706013,0.0361346,-0.372714,1.19691,0.0103034,-16.275,-0.4909,-0.046438,-0.140564,-0.0113862,0.0443745,0.0383355,-0.0689261,-0.113384,0.00292265,-0.0743496,2.54574,-0.0044571,2.55,0,True,True
5.145,-0,0,0.00428899,0.0111665,-0.0435232,0.43608,-0.705833,0.0354738,-0.375028,1.19696,0.0100529,-16.2769,-0.49113,-0.0455267,-0.139822,-0.0111665,0.0435232,0.0375941,-0,0,-0.00428837,0.0111665,-0.0435232,-0.690136,-0.705833,0.0354738,-0.375058,1.19696,0.0100529,-16.2768,-0.49113,-0.0455267,-0.139822,-0.0111665,0.0435232,0.0375938,-0.0688871,-0.112475,0.00287745,-0.0729061,2.54582,-0.00437103,2.55,0,True,True
5.15,-0,0,0.00420659,0.010951,-0.0426882,0.438532,-0.705658,0.0348246,-0.377326,1.19701,0.00980917,-16.2787,-0.491356,-0.0446338,-0.139096,-0.010951,0.0426882,0.0368668,-0,0,-0.00420597,0.010951,-0.0426882,-0.687684,-0.705658,0.0348246,-0.377356,1.19701,0.00980917,-16.2785,-0.491356,-0.0446338,-0.139095,-0.010951,0.0426882,0.0368665,-0.0688489,-0.111583,0.00283269,-0.0714911,2.5459,-0.0042866,2.55,0,True,True
5.155,-0,0,0.00412576,0.0107396,-0.0418694,0.440936,-0.705485,0.0341867,-0.37958,1.19706,0.00957212,-16.2804,-0.491577,-0.0437588,-0.138383,-0.0107396,0.0418694,0.0361534,-0,0,-0.00412515,0.0107396,-0.0418694,-0.685278,-0.705485,0.0341867,-0.37961,1.19706,0.00957212,-16.2802,-0.491577,-0.0437588,-0.138383,-0.0107396,0.0418694,0.0361531,-0.0688117,-0.110708,0.00278838,-0.0701039,2.54598,-0.0042038,2.55,0,True,True
5.16,-0,0,0.00404647,0.0105323,-0.0410663,0.443294,-0.705316,0.03356,-0.381791,1.19711,0.00934149,-16.282,-0.491793,-0.0429015,-0.137685,-0.0105323,0.0410663,0.0354539,-0,0,-0.00404586,0.0105323,-0.0410663,-0.682919,-0.705316,0.03356,-0.381821,1.19711,0.00934149,-16.2819,-0.491793,-0.0429015,-0.137685,-0.0105323,0.0410663,0.0354535,-0.0687753,-0.109851,0.00274452,-0.0687442,2.54606,-0.00412259,2.55,0,True,True
5.165,-0,0,0.00396869,0.0103289,-0.0402787,0.445607,-0.70515,0.0329443,-0.383959,1.19716,0.0091171,-16.2836,-0.492006,-0.0420614,-0.137001,-0.0103289,0.0402787,0.0347677,-0,0,-0.00396809,0.0103289,-0.0402787,-0.680605,-0.70515,0.0329443,-0.38399,1.19716,0.0091171,-16.2835,-0.492006,-0.0420614,-0.137,-0.0103289,0.0402787,0.0347674,-0.0687398,-0.10901,0.00270112,-0.0674112,2.54613,-0.00404294,2.55,0,True,True
5.17,-0,0,0.00389239,0.0101295,-0.0395063,0.447876,-0.704986,0.0323394,-0.386086,1.1972,0.00889875,-16.2852,-0.492214,-0.0412382,-0.13633,-0.0101295,0.0395063,0.0340948,-0,0,-0.0038918,0.0101295,-0.0395063,-0.678336,-0.704986,0.0323394,-0.386117,1.1972,0.00889875,-16.2851,-0.492214,-0.0412382,-0.13633,-0.0101295,0.0395063,0.0340945,-0.0687051,-0.108186,0.00265819,-0.0661046,2.54621,-0.00396482,2.55,0,True,True
5.175,-0,0,0.00381755,0.00993387,-0.0387488,0.450101,-0.704826,0.0317452,-0.388173,1.19724,0.00868626,-16.2868,-0.492418,-0.0404314,-0.135672,-0.00993387,0.0387488,0.0334349,-0,0,-0.00381696,0.00993387,-0.0387488,-0.67611,-0.704826,0.0317452,-0.388204,1.19724,0.00868626,-16.2866,-0.492418,-0.0404314,-0.135672,-0.00993387,0.0387488,0.0334346,-0.0686713,-0.107378,0.00261573,-0.0648236,2.54628,-0.0038882,2.55,0,True,True
5.18,-0,0,0.00374413,0.00974201,-0.0380059,0.452283,-0.704669,0.0311615,-0.390219,1.19729,0.00847947,-16.2883,-0.492618,-0.0396409,-0.135028,-0.00974201,0.0380059,0.0327877,-0,0,-0.00374355,0.00974201,-0.0380059,-0.673927,-0.704669,0.0311615,-0.39025,1.19729,0.00847947,-16.2881,-0.492618,-0.0396409,-0.135028,-0.00974201,0.0380059,0.0327874,-0.0686382,-0.106585,0.00257375,-0.063568,2.54635,-0.00381305,2.55,0,True,True
5.185,-0,0,0.00367211,0.00955382,-0.0372774,0.454423,-0.704515,0.0305881,-0.392227,1.19733,0.00827819,-16.2898,-0.492815,-0.0388663,-0.134396,-0.00955382,0.0372774,0.0321529,-0,0,-0.00367154,0.00955382,-0.0372774,-0.671785,-0.704515,0.0305881,-0.392258,1.19733,0.00827819,-16.2896,-0.492815,-0.0388663,-0.134396,-0.00955382,0.0372774,0.0321526,-0.068606,-0.105808,0.00253226,-0.062337,2.54642,-0.00373934,2.55,0,True,True
5.19,-0,0,0.00360146,0.00936923,-0.0365629,0.456522,-0.704363,0.0300249,-0.394196,1.19737,0.00808227,-16.2913,-0.493007,-0.0381071,-0.133777,-0.00936923,0.0365629,0.0315303,-0,0,-0.0036009,0.00936923,-0.0365629,-0.669685,-0.704363,0.0300249,-0.394227,1.19737,0.00808227,-16.2911,-0.493007,-0.0381071,-0.133777,-0.00936923,0.0365629,0.0315301,-0.0685745,-0.105047,0.00249126,-0.0611303,2.54649,-0.00366705,2.55,0,True,True
5.195,-0,0,0.00353215,0.00918819,-0.0358622,0.458581,-0.704214,0.0294717,-0.396128,1.19741,0.00789154,-16.2927,-0.493196,-0.0373632,-0.13317,-0.00918819,0.0358622,0.0309198,-0,0,-0.00353161,0.00918819,-0.0358622,-0.667625,-0.704214,0.0294717,-0.396158,1.19741,0.00789154,-16.2925,-0.493196,-0.0373632,-0.13317,-0.00918819,0.0358622,0.0309195,-0.0685437,-0.1043,0.00245074,-0.0599474,2.54656,-0.00359615,2.55,0,True,True
5.2,-0,0,0.00346416,0.00901061,-0.035175,0.460601,-0.704068,0.0289283,-0.398022,1.19745,0.00770585,-16.2941,-0.493381,-0.0366342,-0.132575,-0.00901061,0.035175,0.0303209,-0,0,-0.00346364,0.00901061,-0.035175,-0.665605,-0.704068,0.0289283,-0.398053,1.19745,0.00770585,-16.294,-0.493381,-0.0366342,-0.132575,-0.00901061,0.035175,0.0303207,-0.0685137,-0.103567,0.00241072,-0.0587877,2.54663,-0.0035266,2.55,0,True,True
5.205,-0,0,0.00339747,0.00883644,-0.0345011,0.462582,-0.703925,0.0283947,-0.399881,1.19749,0.00752505,-16.2955,-0.493562,-0.0359197,-0.131992,-0.00883644,0.0345011,0.0297336,-0,0,-0.00339696,0.00883644,-0.0345011,-0.663624,-0.703925,0.0283947,-0.399911,1.19749,0.00752505,-16.2953,-0.493562,-0.0359197,-0.131992,-0.00883644,0.0345011,0.0297334,-0.0684844,-0.102849,0.0023712,-0.0576509,2.54669,-0.00345839,2.55,0,True,True
5.21,-0,0,0.00333205,0.0086656,-0.0338402,0.464525,-0.703784,0.0278706,-0.401704,1.19752,0.00734901,-16.2968,-0.49374,-0.0352196,-0.13142,-0.0086656,0.0338402,0.0291576,-0,0,-0.00333156,0.0086656,-0.0338402,-0.66168,-0.703784,0.0278706,-0.401734,1.19752,0.00734901,-16.2967,-0.49374,-0.0352196,-0.13142,-0.0086656,0.0338402,0.0291573,-0.0684558,-0.102145,0.00233217,-0.0565364,2.54675,-0.00339149,2.55,0,True,True
5.215,-0,0,0.00326787,0.00849803,-0.0331921,0.46643,-0.703646,0.0273558,-0.403492,1.19756,0.00717757,-16.2982,-0.493914,-0.0345334,-0.13086,-0.00849803,0.0331921,0.0285927,-0,0,-0.00326739,0.00849803,-0.0331921,-0.659774,-0.703646,0.0273558,-0.403521,1.19756,0.00717757,-16.298,-0.493914,-0.0345334,-0.13086,-0.00849803,0.0331921,0.0285924,-0.0684279,-0.101455,0.00229365,-0.0554439,2.54682,-0.00332587,2.55,0,True,True
5.22,-0,0,0.00320492,0.00833368,-0.0325565,0.468299,-0.703511,0.0268504,-0.405246,1.1976,0.00701061,-16.2995,-0.494085,-0.033861,-0.130311,-0.00833368,0.0325565,0.0280386,-0,0,-0.00320446,0.00833368,-0.0325565,-0.657904,-0.703511,0.0268504,-0.405275,1.1976,0.00701061,-16.2993,-0.494085,-0.033861,-0.13031,-0.00833368,0.0325565,0.0280383,-0.0684007,-0.100778,0.00225562,-0.0543728,2.54688,-0.00326151,2.55,0,True,True
5.225,-0,0,0.00314316,0.00817247,-0.0319332,0.470132,-0.703378,0.026354,-0.406967,1.19763,0.00684799,-16.3007,-0.494253,-0.0332019,-0.129772,-0.00817247,0.0319332,0.0274951,-0,0,-0.00314271,0.00817247,-0.0319332,-0.65607,-0.703378,0.026354,-0.406995,1.19763,0.00684799,-16.3006,-0.494253,-0.0332019,-0.129772,-0.00817247,0.0319332,0.0274949,-0.0683741,-0.100114,0.00221809,-0.0533228,2.54694,-0.00319838,2.55,0,True,True
5.23,-0,0,0.00308258,0.00801435,-0.031322,0.47193,-0.703247,0.0258665,-0.408655,1.19766,0.00668958,-16.302,-0.494417,-0.0325561,-0.129245,-0.00801435,0.031322,0.0269621,-0,0,-0.00308215,0.00801435,-0.031322,-0.654272,-0.703247,0.0258665,-0.408683,1.19766,0.00668958,-16.3018,-0.494417,-0.0325561,-0.129244,-0.00801435,0.031322,0.0269619,-0.0683482,-0.0994632,0.00218107,-0.0522935,2.547,-0.00313647,2.55,0,True,True
5.235,-0,0,0.00302315,0.00785925,-0.0307225,0.473694,-0.703119,0.0253878,-0.41031,1.1977,0.00653528,-16.3032,-0.494578,-0.0319231,-0.128727,-0.00785925,0.0307225,0.0264394,-0,0,-0.00302273,0.00785925,-0.0307225,-0.652508,-0.703119,0.0253878,-0.410338,1.1977,0.00653528,-16.3031,-0.494578,-0.0319231,-0.128727,-0.00785925,0.0307225,0.0264391,-0.0683229,-0.0988251,0.00214455,-0.0512844,2.54706,-0.00307574,2.55,0,True,True
5.24,-0,0,0.00296485,0.00770712,-0.0301347,0.475424,-0.702993,0.0249178,-0.411935,1.19773,0.00638495,-16.3044,-0.494736,-0.0313028,-0.12822,-0.00770712,0.0301347,0.0259266,-0,0,-0.00296445,0.00770712,-0.0301347,-0.650777,-0.702993,0.0249178,-0.411961,1.19773,0.00638495,-16.3043,-0.494736,-0.0313028,-0.12822,-0.00770712,0.0301347,0.0259264,-0.0682982,-0.0981993,0.00210852,-0.0502951,2.54711,-0.00301617,2.55,0,True,True
5.245,-0,0,0.00290766,0.0075579,-0.0295582,0.47712,-0.70287,0.0244563,-0.413528,1.19776,0.00623848,-16.3056,-0.494891,-0.0306948,-0.127723,-0.0075579,0.0295582,0.0254237,-0,0,-0.00290728,0.0075579,-0.0295582,-0.64908,-0.70287,0.0244563,-0.413554,1.19776,0.00623848,-16.3054,-0.494891,-0.0306948,-0.127723,-0.0075579,0.0295582,0.0254235,-0.0682742,-0.0975858,0.00207299,-0.0493253,2.54717,-0.00295774,2.55,0,True,True
5.25,-0,0,0.00285156,0.00741154,-0.0289929,0.478785,-0.702749,0.0240032,-0.41509,1.19779,0.00609577,-16.3067,-0.495043,-0.030099,-0.127236,-0.00741154,0.0289929,0.0249305,-0,0,-0.00285119,0.00741154,-0.0289929,-0.647415,-0.702749,0.0240032,-0.415116,1.19779,0.00609577,-16.3066,-0.495043,-0.030099,-0.127236,-0.00741154,0.0289929,0.0249303,-0.0682507,-0.0969841,0.00203797,-0.0483746,2.54722,-0.00290043,2.55,0,True,True
5.255,-0,0,0.00279652,0.00726797,-0.0284386,0.480417,-0.70263,0.0235583,-0.416623,1.19782,0.0059567,-16.3079,-0.495192,-0.029515,-0.126758,-0.00726797,0.0284386,0.0244467,-0,0,-0.00279617,0.00726797,-0.0284386,-0.645782,-0.70263,0.0235583,-0.416648,1.19782,0.0059567,-16.3077,-0.495192,-0.029515,-0.126758,-0.00726797,0.0284386,0.0244465,-0.0682278,-0.0963942,0.00200343,-0.0474425,2.54728,-0.00284422,2.55,0,True,True
5.26,-0,0,0.00274253,0.00712715,-0.0278949,0.482018,-0.702513,0.0231215,-0.418127,1.19785,0.00582117,-16.309,-0.495338,-0.0289426,-0.12629,-0.00712715,0.0278949,0.0239722,-0,0,-0.0027422,0.00712715,-0.0278949,-0.644181,-0.702513,0.0231215,-0.418151,1.19785,0.00582117,-16.3088,-0.495338,-0.0289426,-0.12629,-0.00712715,0.0278949,0.023972,-0.0682054,-0.0958157,0.00196939,-0.0465288,2.54733,-0.00278909,2.55,0,True,True
5.265,-0,0,0.00268957,0.00698902,-0.0273618,0.483588,-0.702399,0.0226926,-0.419602,1.19788,0.00568908,-16.3101,-0.495482,-0.0283817,-0.125831,-0.00698902,0.0273618,0.0235068,-0,0,-0.00268925,0.00698902,-0.0273618,-0.64261,-0.702399,0.0226926,-0.419626,1.19788,0.00568908,-16.3099,-0.495482,-0.0283817,-0.125831,-0.00698902,0.0273618,0.0235066,-0.0681836,-0.0952485,0.00193584,-0.045633,2.54738,-0.00273501,2.55,0,True,True
5.27,-0,0,0.00263762,0.00685353,-0.026839,0.485129,-0.702286,0.0222716,-0.42105,1.19791,0.00556034,-16.3111,-0.495622,-0.0278319,-0.125381,-0.00685353,0.026839,0.0230503,-0,0,-0.00263731,0.00685353,-0.026839,-0.641069,-0.702286,0.0222716,-0.421072,1.19791,0.00556034,-16.311,-0.495622,-0.0278319,-0.125381,-0.00685353,0.026839,0.0230501,-0.0681623,-0.0946923,0.00190279,-0.0447549,2.54743,-0.00268196,2.55,0,True,True
5.275,-0,0,0.00258665,0.00672063,-0.0263264,0.48664,-0.702176,0.0218582,-0.422469,1.19794,0.00543485,-16.3122,-0.49576,-0.0272931,-0.12494,-0.00672063,0.0263264,0.0226025,-0,0,-0.00258636,0.00672063,-0.0263264,-0.639558,-0.702176,0.0218582,-0.422491,1.19794,0.00543485,-16.3121,-0.49576,-0.0272931,-0.12494,-0.00672063,0.0263264,0.0226024,-0.0681416,-0.0941469,0.00187021,-0.043894,2.54748,-0.00262993,2.55,0,True,True
5.28,-0,0,0.00253664,0.00659027,-0.0258237,0.488122,-0.702068,0.0214525,-0.423862,1.19796,0.00531251,-16.3132,-0.495895,-0.026765,-0.124508,-0.00659027,0.0258237,0.0221634,-0,0,-0.00253638,0.00659027,-0.0258237,-0.638075,-0.702068,0.0214525,-0.423883,1.19796,0.00531251,-16.3131,-0.495895,-0.026765,-0.124507,-0.00659027,0.0258237,0.0221632,-0.0681214,-0.0936121,0.00183812,-0.04305,2.54753,-0.0025789,2.55,0,True,True
5.285,-0,0,0.00248759,0.0064624,-0.0253307,0.489576,-0.701962,0.0210541,-0.425228,1.19799,0.00519325,-16.3142,-0.496028,-0.0262474,-0.124084,-0.0064624,0.0253307,0.0217326,-0,0,-0.00248734,0.0064624,-0.0253307,-0.636621,-0.701962,0.0210541,-0.425248,1.19799,0.00519325,-16.3141,-0.496028,-0.0262474,-0.124084,-0.0064624,0.0253307,0.0217325,-0.0681017,-0.0930876,0.00180652,-0.0422226,2.54758,-0.00252883,2.55,0,True,True
5.29,-0,0,0.00243947,0.00633696,-0.0248473,0.491002,-0.701857,0.0206631,-0.426568,1.19801,0.00507696,-16.3152,-0.496158,-0.0257401,-0.123668,-0.00633696,0.0248473,0.0213101,-0,0,-0.00243923,0.00633696,-0.0248473,-0.635195,-0.701857,0.0206631,-0.426587,1.19801,0.00507696,-16.3151,-0.496158,-0.0257401,-0.123668,-0.00633696,0.0248473,0.02131,-0.0680824,-0.0925734,0.00177538,-0.0414115,2.54763,-0.00247973,2.55,0,True,True
5.295,-0,0,0.00239227,0.00621392,-0.0243733,0.4924,-0.701755,0.0202793,-0.427882,1.19804,0.00496358,-16.3161,-0.496285,-0.0252429,-0.123261,-0.00621392,0.0243733,0.0208956,-0,0,-0.00239204,0.00621392,-0.0243733,-0.633796,-0.701755,0.0202793,-0.427901,1.19804,0.00496358,-16.316,-0.496285,-0.0252429,-0.123261,-0.00621392,0.0243733,0.0208955,-0.0680637,-0.0920691,0.00174473,-0.0406163,2.54767,-0.00243156,2.55,0,True,True
5.3,-0,0,0.00234595,0.00609323,-0.0239085,0.493772,-0.701654,0.0199025,-0.429172,1.19806,0.00485302,-16.3171,-0.49641,-0.0247555,-0.122862,-0.00609323,0.0239085,0.0204891,-0,0,-0.00234575,0.00609323,-0.0239085,-0.632424,-0.701654,0.0199025,-0.429189,1.19806,0.00485302,-16.317,-0.49641,-0.0247555,-0.122861,-0.00609323,0.0239085,0.020489,-0.0680454,-0.0915746,0.00171454,-0.0398368,2.54772,-0.00238432,2.55,0,True,True
5.305,-0,0,0.00230052,0.00597484,-0.0234527,0.495118,-0.701556,0.0195327,-0.430437,1.19809,0.0047452,-16.318,-0.496533,-0.0242779,-0.12247,-0.00597484,0.0234527,0.0200904,-0,0,-0.00230033,0.00597484,-0.0234527,-0.631077,-0.701556,0.0195327,-0.430454,1.19809,0.0047452,-16.3179,-0.496533,-0.0242779,-0.12247,-0.00597484,0.0234527,0.0200903,-0.0680276,-0.0910897,0.00168482,-0.0390725,2.54776,-0.00233797,2.55,0,True,True
5.31,-0,0,0.00225595,0.0058587,-0.0230058,0.496438,-0.701459,0.0191697,-0.431678,1.19811,0.00464005,-16.3189,-0.496653,-0.0238098,-0.122086,-0.0058587,0.0230058,0.0196993,-0,0,-0.00225577,0.0058587,-0.0230058,-0.629757,-0.701459,0.0191697,-0.431694,1.19811,0.00464005,-16.3188,-0.496653,-0.0238098,-0.122086,-0.0058587,0.0230058,0.0196992,-0.0680102,-0.0906141,0.00165556,-0.0383234,2.54781,-0.00229251,2.55,0,True,True
5.315,-0,0,0.00221222,0.00574478,-0.0225675,0.497733,-0.701364,0.0188134,-0.432896,1.19813,0.0045375,-16.3198,-0.496771,-0.0233509,-0.12171,-0.00574478,0.0225675,0.0193156,-0,0,-0.00221206,0.00574478,-0.0225675,-0.628462,-0.701364,0.0188134,-0.43291,1.19813,0.0045375,-16.3197,-0.496771,-0.0233509,-0.12171,-0.00574478,0.0225675,0.0193155,-0.0679933,-0.0901478,0.00162676,-0.0375889,2.54785,-0.00224791,2.55,0,True,True
5.32,-0,0,0.00216933,0.00563303,-0.0221378,0.499003,-0.701271,0.0184638,-0.43409,1.19816,0.00443747,-16.3207,-0.496886,-0.0229012,-0.121341,-0.00563303,0.0221378,0.0189393,-0,0,-0.00216918,0.00563303,-0.0221378,-0.627191,-0.701271,0.0184638,-0.434104,1.19816,0.00443747,-16.3206,-0.496886,-0.0229012,-0.121341,-0.00563303,0.0221378,0.0189392,-0.0679768,-0.0896905,0.00159842,-0.0368689,2.54789,-0.00220417,2.55,0,True,True
5.325,-0,0,0.00212724,0.0055234,-0.0217165,0.500249,-0.70118,0.0181206,-0.435262,1.19818,0.00433989,-16.3215,-0.497,-0.0224605,-0.12098,-0.0055234,0.0217165,0.0185701,-0,0,-0.0021271,0.0055234,-0.0217165,-0.625945,-0.70118,0.0181206,-0.435275,1.19818,0.00433989,-16.3215,-0.497,-0.0224605,-0.12098,-0.0055234,0.0217165,0.01857,-0.0679607,-0.0892421,0.00157053,-0.0361631,2.54793,-0.00216126,2.55,0,True,True
5.33,-0,0,0.00208595,0.00541586,-0.0213033,0.501471,-0.70109,0.0177838,-0.436411,1.1982,0.0042447,-16.3224,-0.497111,-0.0220285,-0.120625,-0.00541586,0.0213033,0.018208,-0,0,-0.00208583,0.00541586,-0.0213033,-0.624723,-0.70109,0.0177838,-0.436423,1.1982,0.0042447,-16.3223,-0.497111,-0.0220285,-0.120625,-0.00541586,0.0213033,0.0182079,-0.0679451,-0.0888023,0.00154308,-0.0354711,2.54797,-0.00211916,2.55,0,True,True
5.335,-0,0,0.00204545,0.00531037,-0.0208982,0.50267,-0.701002,0.0174532,-0.437539,1.19822,0.00415183,-16.3232,-0.49722,-0.021605,-0.120278,-0.00531037,0.0208982,0.0178528,-0,0,-0.00204534,0.00531037,-0.0208982,-0.623523,-0.701002,0.0174532,-0.43755,1.19822,0.00415183,-16.3231,-0.49722,-0.021605,-0.120277,-0.00531037,0.0208982,0.0178527,-0.0679298,-0.088371,0.00151608,-0.0347928,2.54801,-0.00207787,2.55,0,True,True
5.34,-0,0,0.00200571,0.00520688,-0.020501,0.503847,-0.700915,0.0171288,-0.438646,1.19824,0.00406123,-16.324,-0.497327,-0.02119,-0.119937,-0.00520688,0.020501,0.0175043,-0,0,-0.00200561,0.00520688,-0.020501,-0.622347,-0.700915,0.0171288,-0.438655,1.19824,0.00406123,-16.324,-0.497327,-0.02119,-0.119937,-0.00520688,0.020501,0.0175043,-0.0679149,-0.0879481,0.00148951,-0.0341279,2.54805,-0.00203736,2.55,0,True,True
5.345,-0,0,0.00196672,0.00510536,-0.0201115,0.505,-0.70083,0.0168105,-0.439731,1.19826,0.00397282,-16.3248,-0.497432,-0.0207833,-0.119603,-0.00510536,0.0201115,0.0171625,-0,0,-0.00196663,0.00510536,-0.0201115,-0.621193,-0.70083,0.0168105,-0.43974,1.19826,0.00397282,-16.3248,-0.497432,-0.0207833,-0.119603,-0.00510536,0.0201115,0.0171625,-0.0679004,-0.0875333,0.00146338,-0.033476,2.54809,-0.00199762,2.55,0,True,True
5.35,-0,0,0.00192847,0.00500577,-0.0197296,0.506132,-0.700747,0.0164981,-0.440796,1.19828,0.00388656,-16.3256,-0.497535,-0.0203846,-0.119275,-0.00500577,0.0197296,0.0168272,-0,0,-0.00192839,0.00500577,-0.0197296,-0.620061,-0.700747,0.0164981,-0.440803,1.19828,0.00388656,-16.3255,-0.497535,-0.0203846,-0.119275,-0.00500577,0.0197296,0.0168272,-0.0678863,-0.0871265,0.00143767,-0.032837,2.54812,-0.00195864,2.55,0,True,True
5.355,-0,0,0.00189094,0.00490806,-0.0193552,0.507242,-0.700665,0.0161915,-0.441841,1.1983,0.00380238,-16.3263,-0.497636,-0.0199939,-0.118954,-0.00490806,0.0193552,0.0164983,-0,0,-0.00189088,0.00490806,-0.0193552,-0.61895,-0.700665,0.0161915,-0.441847,1.1983,0.00380238,-16.3263,-0.497636,-0.0199939,-0.118954,-0.00490806,0.0193552,0.0164982,-0.0678725,-0.0867276,0.00141239,-0.0322106,2.54816,-0.0019204,2.55,0,True,True
5.36,-0,0,0.00185412,0.00481221,-0.018988,0.508332,-0.700585,0.0158907,-0.442866,1.19832,0.00372023,-16.3271,-0.497735,-0.0196109,-0.118639,-0.00481221,0.018988,0.0161756,-0,0,-0.00185407,0.00481221,-0.018988,-0.617861,-0.700585,0.0158907,-0.442871,1.19832,0.00372023,-16.3271,-0.497735,-0.0196109,-0.118639,-0.00481221,0.018988,0.0161756,-0.0678591,-0.0863364,0.00138753,-0.0315965,2.5482,-0.00188289,2.55,0,True,True
5.365,-0,0,0.00181799,0.00471818,-0.0186281,0.5094,-0.700507,0.0155955,-0.443872,1.19834,0.00364005,-16.3278,-0.497832,-0.0192356,-0.118331,-0.00471818,0.0186281,0.015859,-0,0,-0.00181796,0.00471818,-0.0186281,-0.616792,-0.700507,0.0155955,-0.443876,1.19834,0.00364005,-16.3278,-0.497832,-0.0192356,-0.118331,-0.00471818,0.0186281,0.015859,-0.0678461,-0.0859527,0.00136308,-0.0309945,2.54823,-0.00184608,2.55,0,True,True
5.37,-0,0,0.00178255,0.00462593,-0.0182752,0.510448,-0.700429,0.0153059,-0.444858,1.19836,0.0035618,-16.3285,-0.497927,-0.0188677,-0.118028,-0.00462593,0.0182752,0.0155485,-0,0,-0.00178252,0.00462593,-0.0182752,-0.615744,-0.700429,0.0153059,-0.444861,1.19836,0.0035618,-16.3285,-0.497927,-0.0188677,-0.118028,-0.00462593,0.0182752,0.0155485,-0.0678334,-0.0855764,0.00133905,-0.0304044,2.54827,-0.00180998,2.55,0,True,True
5.375,-0,0,0.00174778,0.00453543,-0.0179291,0.511477,-0.700354,0.0150217,-0.445826,1.19837,0.00348542,-16.3292,-0.498021,-0.0185071,-0.117731,-0.00453543,0.0179291,0.0152439,-0,0,-0.00174776,0.00453543,-0.0179291,-0.614715,-0.700354,0.0150217,-0.445828,1.19837,0.00348542,-16.3292,-0.498021,-0.0185071,-0.117731,-0.00453543,0.0179291,0.0152438,-0.067821,-0.0852074,0.00131542,-0.029826,2.5483,-0.00177456,2.55,0,True,True
5.38,-0,0,0.00171366,0.00444664,-0.0175899,0.512486,-0.700279,0.0147429,-0.446776,1.19839,0.00341087,-16.3299,-0.498112,-0.0181538,-0.11744,-0.00444664,0.0175899,0.014945,-0,0,-0.00171365,0.00444664,-0.0175899,-0.613706,-0.700279,0.0147429,-0.446777,1.19839,0.00341087,-16.3299,-0.498112,-0.0181538,-0.11744,-0.00444664,0.0175899,0.014945,-0.0678089,-0.0848454,0.00129219,-0.0292589,2.54833,-0.00173981,2.55,0,True,True
5.385,-0,0,0.00168018,0.00435953,-0.0172573,0.513475,-0.700206,0.0144693,-0.447708,1.19841,0.00333809,-16.3306,-0.498202,-0.0178074,-0.117155,-0.00435953,0.0172573,0.0146518,-0,0,-0.00168018,0.00435953,-0.0172573,-0.612717,-0.700206,0.0144693,-0.447708,1.19841,0.00333809,-16.3306,-0.498202,-0.0178074,-0.117155,-0.00435953,0.0172573,0.0146518,-0.0677972,-0.0844904,0.00126935,-0.0287031,2.54837,-0.00170571,2.55,0,True,True
5.39,-0,0,0.00164733,0.00427407,-0.0169312,0.514446,-0.700134,0.0142009,-0.448622,1.19842,0.00326704,-16.3313,-0.49829,-0.017468,-0.116875,-0.00427407,0.0169312,0.0143641,-0,0,-0.00164735,0.00427407,-0.0169312,-0.611745,-0.700134,0.0142009,-0.448621,1.19842,0.00326704,-16.3313,-0.49829,-0.017468,-0.116875,-0.00427407,0.0169312,0.0143641,-0.0677858,-0.0841422,0.00124691,-0.0281583,2.5484,-0.00167226,2.55,0,True,True
5.395,-0,0,0.0016151,0.00419022,-0.0166116,0.515399,-0.700064,0.0139376,-0.44952,1.19844,0.00319768,-16.3319,-0.498377,-0.0171353,-0.116601,-0.00419022,0.0166116,0.0140819,-0,0,-0.00161513,0.00419022,-0.0166116,-0.610793,-0.700064,0.0139376,-0.449517,1.19844,0.00319768,-16.3319,-0.498377,-0.0171353,-0.116601,-0.00419022,0.0166116,0.0140819,-0.0677747,-0.0838008,0.00122485,-0.0276242,2.54843,-0.00163945,2.55,0,True,True
5.4,-0,0,0.00158348,0.00410795,-0.0162981,0.516333,-0.699995,0.0136793,-0.4504,1.19846,0.00312996,-16.3326,-0.498462,-0.0168092,-0.116332,-0.00410795,0.0162981,0.013805,-0,0,-0.00158351,0.00410795,-0.0162981,-0.609858,-0.699995,0.0136793,-0.450396,1.19846,0.00312996,-16.3326,-0.498462,-0.0168092,-0.116332,-0.00410795,0.0162981,0.013805,-0.0677639,-0.0834658,0.00120317,-0.0271008,2.54846,-0.00160725,2.55,0,True,True
5.405,-0,0,0.00155245,0.00402724,-0.0159909,0.51725,-0.699927,0.0134259,-0.451264,1.19847,0.00306384,-16.3332,-0.498545,-0.0164897,-0.116069,-0.00402724,0.0159909,0.0135333,-0,0,-0.00155249,0.00402724,-0.0159909,-0.608941,-0.699927,0.0134259,-0.451258,1.19847,0.00306384,-16.3332,-0.498545,-0.0164897,-0.116069,-0.00402724,0.0159909,0.0135334,-0.0677533,-0.0831373,0.00118187,-0.0265876,2.54849,-0.00157566,2.55,0,True,True
5.41,-0,0,0.001522,0.00394804,-0.0156897,0.51815,-0.699861,0.0131773,-0.452111,1.19849,0.00299928,-16.3338,-0.498627,-0.0161765,-0.11581,-0.00394804,0.0156897,0.0132668,-0,0,-0.00152205,0.00394804,-0.0156897,-0.608041,-0.699861,0.0131773,-0.452105,1.19849,0.00299928,-16.3338,-0.498627,-0.0161765,-0.11581,-0.00394804,0.0156897,0.0132668,-0.0677431,-0.0828151,0.00116094,-0.0260847,2.54852,-0.00154467,2.55,0,True,True
5.415,-0,0,0.00149213,0.00387034,-0.0153944,0.519033,-0.699796,0.0129334,-0.452943,1.1985,0.00293623,-16.3344,-0.498707,-0.0158696,-0.115557,-0.00387034,0.0153944,0.0130053,-0,0,-0.00149218,0.00387034,-0.0153944,-0.607158,-0.699796,0.0129334,-0.452935,1.1985,0.00293623,-16.3344,-0.498707,-0.0158696,-0.115557,-0.00387034,0.0153944,0.0130053,-0.0677331,-0.082499,0.00114038,-0.0255917,2.54855,-0.00151426,2.55,0,True,True
5.42,-0,0,0.00146281,0.0037941,-0.0151049,0.519899,-0.699731,0.0126941,-0.453759,1.19852,0.00287467,-16.335,-0.498785,-0.0155688,-0.115308,-0.0037941,0.0151049,0.0127487,-0,0,-0.00146288,0.0037941,-0.0151049,-0.606292,-0.699731,0.0126941,-0.45375,1.19852,0.00287467,-16.335,-0.498785,-0.0155688,-0.115308,-0.0037941,0.0151049,0.0127487,-0.0677234,-0.082189,0.00112019,-0.0251085,2.54858,-0.00148443,2.55,0,True,True
5.425,-0,0,0.00143404,0.00371929,-0.0148212,0.520748,-0.699669,0.0124595,-0.45456,1.19853,0.00281455,-16.3356,-0.498862,-0.015274,-0.115064,-0.00371929,0.0148212,0.012497,-0,0,-0.00143412,0.00371929,-0.0148212,-0.605442,-0.699669,0.0124595,-0.45455,1.19853,0.00281455,-16.3356,-0.498862,-0.015274,-0.115064,-0.00371929,0.0148212,0.012497,-0.067714,-0.081885,0.00110034,-0.0246349,2.54861,-0.00145515,2.55,0,True,True
5.43,-0,0,0.00140581,0.00364589,-0.014543,0.521582,-0.699607,0.0122293,-0.455346,1.19854,0.00275584,-16.3361,-0.498938,-0.0149852,-0.114825,-0.00364589,0.014543,0.0122499,-0,0,-0.00140589,0.00364589,-0.014543,-0.604609,-0.699607,0.0122293,-0.455334,1.19854,0.00275584,-16.3362,-0.498938,-0.0149852,-0.114825,-0.00364589,0.014543,0.01225,-0.0677048,-0.0815867,0.00108086,-0.0241707,2.54863,-0.00142642,2.55,0,True,True
5.435,-0,0,0.00137811,0.00357386,-0.0142704,0.5224,-0.699546,0.0120036,-0.456117,1.19856,0.0026985,-16.3367,-0.499012,-0.0147021,-0.114591,-0.00357386,0.0142704,0.0120075,-0,0,-0.0013782,0.00357386,-0.0142704,-0.60379,-0.699546,0.0120036,-0.456104,1.19856,0.0026985,-16.3368,-0.499012,-0.0147021,-0.114591,-0.00357386,0.0142704,0.0120076,-0.0676959,-0.0812941,0.00106172,-0.0237157,2.54866,-0.00139824,2.55,0,True,True
5.44,-0,0,0.00135092,0.00350318,-0.0140031,0.523203,-0.699487,0.0117821,-0.456873,1.19857,0.0026425,-16.3372,-0.499085,-0.0144246,-0.114361,-0.00350318,0.0140031,0.0117697,-0,0,-0.00135102,0.00350318,-0.0140031,-0.602988,-0.699487,0.0117821,-0.45686,1.19857,0.0026425,-16.3373,-0.499085,-0.0144246,-0.114361,-0.00350318,0.0140031,0.0117698,-0.0676873,-0.0810071,0.00104292,-0.0232698,2.54869,-0.00137058,2.55,0,True,True
5.445,-0,0,0.00132425,0.00343383,-0.0137411,0.52399,-0.699428,0.0115649,-0.457616,1.19858,0.0025878,-16.3378,-0.499156,-0.0141527,-0.114136,-0.00343383,0.0137411,0.0115363,-0,0,-0.00132435,0.00343383,-0.0137411,-0.6022,-0.699428,0.0115649,-0.457601,1.19858,0.0025878,-16.3379,-0.499156,-0.0141527,-0.114136,-0.00343383,0.0137411,0.0115364,-0.0676789,-0.0807256,0.00102446,-0.0228328,2.54871,-0.00134344,2.55,0,True,True
5.45,-0,0,0.00129806,0.00336577,-0.0134843,0.524763,-0.699371,0.011352,-0.458345,1.1986,0.00253437,-16.3383,-0.499227,-0.0138863,-0.113915,-0.00336577,0.0134843,0.0113073,-0,0,-0.00129817,0.00336577,-0.0134843,-0.601427,-0.699371,0.011352,-0.458328,1.1986,0.00253437,-16.3384,-0.499227,-0.0138863,-0.113915,-0.00336577,0.0134843,0.0113074,-0.0676707,-0.0804494,0.00100634,-0.0224045,2.54874,-0.00131681,2.55,0,True,True
5.455,-0,0,0.00127237,0.00329899,-0.0132327,0.525521,-0.699315,0.0111431,-0.45906,1.19861,0.00248218,-16.3388,-0.499295,-0.0136252,-0.113698,-0.00329899,0.0132327,0.0110826,-0,0,-0.00127248,0.00329899,-0.0132327,-0.600669,-0.699315,0.0111431,-0.459042,1.19861,0.00248218,-16.3389,-0.499295,-0.0136252,-0.113698,-0.00329899,0.0132327,0.0110826,-0.0676627,-0.0801785,0.000988543,-0.0219847,2.54876,-0.00129067,2.55,0,True,True
5.46,-0,0,0.00124715,0.00323345,-0.012986,0.526266,-0.69926,0.0109382,-0.459762,1.19862,0.00243121,-16.3393,-0.499363,-0.0133694,-0.113485,-0.00323345,0.012986,0.010862,-0,0,-0.00124727,0.00323345,-0.012986,-0.599924,-0.69926,0.0109382,-0.459743,1.19862,0.00243121,-16.3394,-0.499363,-0.0133694,-0.113486,-0.00323345,0.012986,0.0108621,-0.067655,-0.0799127,0.000971073,-0.0215734,2.54879,-0.00126503,2.55,0,True,True
5.465,-0,0,0.0012224,0.00316913,-0.0127442,0.526996,-0.699206,0.0107373,-0.460451,1.19863,0.00238141,-16.3398,-0.499429,-0.0131187,-0.113277,-0.00316913,0.0127442,0.0106456,-0,0,-0.00122253,0.00316913,-0.0127442,-0.599194,-0.699206,0.0107373,-0.460431,1.19863,0.00238141,-16.3399,-0.499429,-0.0131187,-0.113277,-0.00316913,0.0127442,0.0106457,-0.0676475,-0.0796519,0.000953924,-0.0211702,2.54881,-0.00123986,2.55,0,True,True
5.47,-0,0,0.00119811,0.003106,-0.0125072,0.527712,-0.699152,0.0105403,-0.461127,1.19865,0.00233276,-16.3403,-0.499494,-0.0128731,-0.113073,-0.003106,0.0125072,0.0104332,-0,0,-0.00119825,0.003106,-0.0125072,-0.598477,-0.699152,0.0105403,-0.461105,1.19865,0.00233276,-16.3404,-0.499494,-0.0128731,-0.113073,-0.003106,0.0125072,0.0104333,-0.0676402,-0.0793961,0.000937091,-0.0207752,2.54884,-0.00121516,2.55,0,True,True
5.475,-0,0,0.00117427,0.00304406,-0.012275,0.528416,-0.6991,0.0103472,-0.461791,1.19866,0.00228524,-16.3408,-0.499558,-0.0126324,-0.112872,-0.00304406,0.012275,0.0102247,-0,0,-0.00117441,0.00304406,-0.012275,-0.597774,-0.6991,0.0103472,-0.461768,1.19866,0.00228524,-16.3409,-0.499558,-0.0126324,-0.112872,-0.00304406,0.012275,0.0102248,-0.0676332,-0.0791452,0.000920569,-0.0203881,2.54886,-0.00119092,2.55,0,True,True
5.48,-0,0,0.00115087,0.00298325,-0.0120474,0.529106,-0.699049,0.0101578,-0.462442,1.19867,0.00223881,-16.3413,-0.49962,-0.0123966,-0.112675,-0.00298325,0.0120474,0.0100202,-0,0,-0.00115102,0.00298325,-0.0120474,-0.597084,-0.699049,0.0101578,-0.462418,1.19867,0.00223881,-16.3414,-0.49962,-0.0123966,-0.112675,-0.00298325,0.0120474,0.0100202,-0.0676263,-0.0788989,0.000904354,-0.0200087,2.54888,-0.00116712,2.55,0,True,True
5.485,-0,0,0.00112791,0.00292358,-0.0118243,0.529783,-0.698999,0.00997206,-0.463081,1.19868,0.00219346,-16.3417,-0.499682,-0.0121655,-0.112483,-0.00292358,0.0118243,0.00981938,-0,0,-0.00112805,0.00292358,-0.0118243,-0.596406,-0.698999,0.00997206,-0.463056,1.19868,0.00219346,-16.3419,-0.499682,-0.0121655,-0.112483,-0.00292358,0.0118243,0.00981946,-0.0676197,-0.0786574,0.000888442,-0.019637,2.5489,-0.00114377,2.55,0,True,True
5.49,-0,0,0.00110536,0.00286501,-0.0116058,0.530448,-0.698949,0.00978998,-0.463709,1.19869,0.00214914,-16.3422,-0.499742,-0.0119391,-0.112293,-0.00286501,0.0116058,0.00962231,-0,0,-0.00110552,0.00286501,-0.0116058,-0.595741,-0.698949,0.00978998,-0.463682,1.19869,0.00214914,-16.3423,-0.499742,-0.0119391,-0.112293,-0.00286501,0.0116058,0.00962239,-0.0676132,-0.0784203,0.000872828,-0.0192727,2.54893,-0.00112086,2.55,0,True,True
5.495,-0,0,0.00108323,0.00280752,-0.0113916,0.5311,-0.698901,0.00961146,-0.464325,1.1987,0.00210585,-16.3426,-0.499801,-0.0117173,-0.112108,-0.00280752,0.0113916,0.00942888,-0,0,-0.00108339,0.00280752,-0.0113916,-0.595089,-0.698901,0.00961146,-0.464297,1.1987,0.00210585,-16.3428,-0.499801,-0.0117173,-0.112108,-0.00280752,0.0113916,0.00942896,-0.067607,-0.0781878,0.000857508,-0.0189158,2.54895,-0.00109836,2.55,0,True,True
5.5,-0,0,0.00106151,0.0027511,-0.0111817,0.531741,-0.698853,0.00943645,-0.46493,1.19871,0.00206355,-16.3431,-0.499859,-0.0115,-0.111926,-0.0027511,0.0111817,0.00923901,-0,0,-0.00106167,0.0027511,-0.0111817,-0.594448,-0.698853,0.00943645,-0.4649,1.19871,0.00206355,-16.3432,-0.499859,-0.0115,-0.111926,-0.0027511,0.0111817,0.0092391,-0.0676009,-0.0779596,0.000842478,-0.0185661,2.54897,-0.00107628,2.55,0,True,True
5.505,-0,0,0.00104019,0.00269571,-0.010976,0.532369,-0.698806,0.00926488,-0.465523,1.19872,0.00202222,-16.3435,-0.499916,-0.0112871,-0.111747,-0.00269571,0.010976,0.00905265,-0,0,-0.00104035,0.00269571,-0.010976,-0.59382,-0.698806,0.00926488,-0.465492,1.19872,0.00202222,-16.3436,-0.499916,-0.0112871,-0.111747,-0.00269571,0.010976,0.00905273,-0.0675951,-0.0777357,0.000827734,-0.0182235,2.54899,-0.00105461,2.55,0,True,True
5.51,-0,0,0.00101925,0.00264134,-0.0107745,0.532986,-0.69876,0.00909669,-0.466106,1.19873,0.00198184,-16.3439,-0.499972,-0.0110785,-0.111572,-0.00264134,0.0107745,0.0088697,-0,0,-0.00101942,0.00264134,-0.0107745,-0.593203,-0.69876,0.00909669,-0.466074,1.19873,0.00198184,-16.3441,-0.499972,-0.0110785,-0.111572,-0.00264134,0.0107745,0.00886979,-0.0675894,-0.077516,0.000813271,-0.0178878,2.54901,-0.00103333,2.55,0,True,True
5.515,-0,0,0.000998703,0.00258796,-0.0105771,0.533592,-0.698715,0.00893182,-0.466678,1.19874,0.00194239,-16.3443,-0.500027,-0.0108742,-0.1114,-0.00258796,0.0105771,0.00869012,-0,0,-0.000998876,0.00258796,-0.0105771,-0.592597,-0.698715,0.00893182,-0.466644,1.19874,0.00194239,-16.3445,-0.500027,-0.0108742,-0.1114,-0.00258796,0.0105771,0.00869021,-0.0675839,-0.0773004,0.000799085,-0.0175589,2.54903,-0.00101245,2.55,0,True,True
5.52,-0,0,0.000978527,0.00253556,-0.0103837,0.534186,-0.698671,0.00877022,-0.46724,1.19875,0.00190384,-16.3447,-0.500081,-0.0106741,-0.111232,-0.00253556,0.0103837,0.00851382,-0,0,-0.000978704,0.00253556,-0.0103837,-0.592003,-0.698671,0.00877022,-0.467205,1.19875,0.00190384,-16.3449,-0.500081,-0.0106741,-0.111232,-0.00253556,0.0103837,0.00851391,-0.0675786,-0.0770888,0.000785172,-0.0172368,2.54905,-0.000991947,2.55,0,True,True
5.525,-0,0,0.000958718,0.00248412,-0.0101941,0.53477,-0.698628,0.00861183,-0.467791,1.19876,0.00186617,-16.3451,-0.500134,-0.010478,-0.111067,-0.00248412,0.0101941,0.00834074,-0,0,-0.000958899,0.00248412,-0.0101941,-0.591419,-0.698628,0.00861183,-0.467755,1.19876,0.00186617,-16.3453,-0.500134,-0.010478,-0.111067,-0.00248412,0.0101941,0.00834084,-0.0675734,-0.0768812,0.000771529,-0.0169211,2.54907,-0.00097182,2.55,0,True,True
5.53,-0,0,0.00093927,0.00243362,-0.0100085,0.535343,-0.698585,0.00845658,-0.468333,1.19877,0.00182937,-16.3455,-0.500186,-0.010286,-0.110904,-0.00243362,0.0100085,0.00817082,-0,0,-0.000939454,0.00243362,-0.0100085,-0.590846,-0.698585,0.00845658,-0.468295,1.19877,0.00182937,-16.3457,-0.500186,-0.010286,-0.110905,-0.00243362,0.0100085,0.00817092,-0.0675684,-0.0766775,0.000758151,-0.016612,2.54909,-0.00095206,2.55,0,True,True
5.535,-0,0,0.000920174,0.00238404,-0.00982661,0.535905,-0.698543,0.00830444,-0.468865,1.19878,0.00179341,-16.3459,-0.500236,-0.0100978,-0.110745,-0.00238404,0.00982661,0.00800399,-0,0,-0.000920361,0.00238404,-0.00982661,-0.590284,-0.698543,0.00830444,-0.468825,1.19878,0.00179341,-16.3461,-0.500236,-0.0100978,-0.110746,-0.00238404,0.00982661,0.00800409,-0.0675636,-0.0764775,0.000745035,-0.0163091,2.54911,-0.000932659,2.55,0,True,True
5.54,-0,0,0.000901424,0.00233536,-0.00964846,0.536457,-0.698502,0.00815534,-0.469387,1.19879,0.00175827,-16.3463,-0.500287,-0.00991361,-0.110589,-0.00233536,0.00964846,0.00784018,-0,0,-0.000901614,0.00233536,-0.00964846,-0.589731,-0.698502,0.00815534,-0.469346,1.19879,0.00175827,-16.3465,-0.500287,-0.00991361,-0.110589,-0.00233536,0.00964846,0.00784028,-0.067559,-0.0762812,0.000732176,-0.0160125,2.54912,-0.000913611,2.55,0,True,True
5.545,-0,0,0.000883012,0.00228756,-0.00947395,0.537,-0.698462,0.00800923,-0.469899,1.1988,0.00172394,-16.3466,-0.500336,-0.00973317,-0.110436,-0.00228756,0.00947395,0.00767935,-0,0,-0.000883205,0.00228756,-0.00947395,-0.589189,-0.698462,0.00800923,-0.469857,1.1988,0.00172394,-16.3468,-0.500336,-0.00973317,-0.110436,-0.00228756,0.00947395,0.00767945,-0.0675545,-0.0760886,0.00071957,-0.0157219,2.54914,-0.000894908,2.55,0,True,True
5.55,-0,0,0.000864932,0.00224062,-0.00930302,0.537532,-0.698422,0.00786606,-0.470403,1.19881,0.00169039,-16.347,-0.500384,-0.00955645,-0.110286,-0.00224062,0.00930302,0.00752141,-0,0,-0.000865127,0.00224062,-0.00930302,-0.588657,-0.698422,0.00786606,-0.470359,1.19881,0.00169039,-16.3472,-0.500384,-0.00955645,-0.110286,-0.00224062,0.00930302,0.00752151,-0.0675502,-0.0758995,0.000707215,-0.0154374,2.54916,-0.000876543,2.55,0,True,True
5.555,-0,0,0.000847176,0.00219453,-0.00913561,0.538054,-0.698383,0.00772578,-0.470897,1.19881,0.00165762,-16.3473,-0.500431,-0.00938339,-0.110139,-0.00219453,0.00913561,0.00736632,-0,0,-0.000847374,0.00219453,-0.00913561,-0.588134,-0.698383,0.00772578,-0.470852,1.19881,0.00165762,-16.3476,-0.500431,-0.00938339,-0.110139,-0.00219453,0.00913561,0.00736642,-0.067546,-0.075714,0.000695106,-0.0151587,2.54918,-0.000858509,2.55,0,True,True
5.56,-0,0,0.000829739,0.00214926,-0.00897165,0.538568,-0.698345,0.00758833,-0.471383,1.19882,0.00162559,-16.3477,-0.500478,-0.00921392,-0.109994,-0.00214926,0.00897165,0.00721402,-0,0,-0.000829939,0.00214926,-0.00897165,-0.587621,-0.698345,0.00758833,-0.471336,1.19882,0.00162559,-16.3479,-0.500478,-0.00921392,-0.109994,-0.00214926,0.00897165,0.00721412,-0.067542,-0.0755318,0.00068324,-0.0148857,2.54919,-0.000840799,2.55,0,True,True
5.565,-0,0,0.000812613,0.00210481,-0.00881109,0.539072,-0.698307,0.00745368,-0.471859,1.19883,0.0015943,-16.348,-0.500523,-0.00904798,-0.109852,-0.00210481,0.00881109,0.00706444,-0,0,-0.000812816,0.00210481,-0.00881109,-0.587117,-0.698307,0.00745368,-0.471811,1.19883,0.0015943,-16.3483,-0.500523,-0.00904798,-0.109852,-0.00210481,0.00881109,0.00706455,-0.0675381,-0.075353,0.000671612,-0.0146185,2.54921,-0.000823406,2.55,0,True,True
5.57,-0,0,0.000795793,0.00206115,-0.00865386,0.539566,-0.69827,0.00732177,-0.472328,1.19884,0.00156372,-16.3484,-0.500568,-0.00888549,-0.109713,-0.00206115,0.00865386,0.00691754,-0,0,-0.000795998,0.00206115,-0.00865386,-0.586622,-0.69827,0.00732177,-0.472278,1.19884,0.00156372,-16.3486,-0.500568,-0.00888549,-0.109713,-0.00206115,0.00865386,0.00691764,-0.0675344,-0.0751774,0.00066022,-0.0143568,2.54923,-0.000806325,2.55,0,True,True
5.575,-0,0,0.000779271,0.00201827,-0.0084999,0.540052,-0.698234,0.00719255,-0.472788,1.19885,0.00153385,-16.3487,-0.500612,-0.0087264,-0.109576,-0.00201827,0.0084999,0.00677325,-0,0,-0.000779478,0.00201827,-0.0084999,-0.586136,-0.698234,0.00719255,-0.472736,1.19885,0.00153385,-16.349,-0.500612,-0.0087264,-0.109576,-0.00201827,0.0084999,0.00677336,-0.0675308,-0.0750051,0.000649061,-0.0141005,2.54924,-0.000789548,2.55,0,True,True
5.58,-0,0,0.000763042,0.00197615,-0.00834916,0.54053,-0.698198,0.00706598,-0.47324,1.19885,0.00150466,-16.349,-0.500655,-0.00857065,-0.109442,-0.00197615,0.00834916,0.00663152,-0,0,-0.000763251,0.00197615,-0.00834916,-0.585659,-0.698198,0.00706598,-0.473187,1.19885,0.00150466,-16.3493,-0.500655,-0.00857065,-0.109442,-0.00197615,0.00834916,0.00663163,-0.0675274,-0.0748359,0.00063813,-0.0138496,2.54926,-0.000773069,2.55,0,True,True
5.585,-0,0,0.0007471,0.00193478,-0.00820157,0.540999,-0.698163,0.00694202,-0.473684,1.19886,0.00147615,-16.3493,-0.500698,-0.00841817,-0.109311,-0.00193478,0.00820157,0.0064923,-0,0,-0.00074731,0.00193478,-0.00820157,-0.58519,-0.698163,0.00694202,-0.473629,1.19886,0.00147615,-16.3496,-0.500698,-0.00841817,-0.109311,-0.00193478,0.00820157,0.00649241,-0.0675241,-0.0746698,0.000627424,-0.013604,2.54927,-0.000756881,2.55,0,True,True
5.59,-0,0,0.000731438,0.00189414,-0.00805709,0.541459,-0.698129,0.00682062,-0.47412,1.19887,0.00144829,-16.3497,-0.50074,-0.00826891,-0.109182,-0.00189414,0.00805709,0.00635553,-0,0,-0.00073165,0.00189414,-0.00805709,-0.584729,-0.698129,0.00682062,-0.474064,1.19887,0.00144829,-16.3499,-0.50074,-0.00826891,-0.109182,-0.00189414,0.00805709,0.00635564,-0.0675209,-0.0745066,0.00061694,-0.0133636,2.54929,-0.00074098,2.55,0,True,True
5.595,-0,0,0.00071605,0.00185421,-0.00791565,0.541911,-0.698095,0.00670173,-0.474549,1.19888,0.00142107,-16.35,-0.500781,-0.0081228,-0.109055,-0.00185421,0.00791565,0.00622117,-0,0,-0.000716264,0.00185421,-0.00791565,-0.584277,-0.698095,0.00670173,-0.474491,1.19888,0.00142107,-16.3502,-0.500781,-0.0081228,-0.109055,-0.00185421,0.00791565,0.00622128,-0.0675179,-0.0743465,0.000606674,-0.0131282,2.5493,-0.000725358,2.55,0,True,True
5.6,-0,0,0.000700932,0.00181498,-0.00777721,0.542356,-0.698062,0.00658531,-0.47497,1.19888,0.00139449,-16.3503,-0.500821,-0.0079798,-0.10893,-0.00181498,0.00777721,0.00608915,-0,0,-0.000701147,0.00181498,-0.00777721,-0.583833,-0.698062,0.00658531,-0.47491,1.19888,0.00139449,-16.3506,-0.500821,-0.0079798,-0.108931,-0.00181498,0.00777721,0.00608927,-0.067515,-0.0741892,0.000596624,-0.0128979,2.54932,-0.000710011,2.55,0,True,True
5.605,-0,0,0.000686077,0.00177644,-0.00764171,0.542792,-0.698029,0.00647133,-0.475383,1.19889,0.00136851,-16.3506,-0.50086,-0.00783984,-0.108808,-0.00177644,0.00764171,0.00595944,-0,0,-0.000686293,0.00177644,-0.00764171,-0.583396,-0.698029,0.00647133,-0.475322,1.19889,0.00136851,-16.3509,-0.50086,-0.00783984,-0.108809,-0.00177644,0.00764171,0.00595956,-0.0675123,-0.0740347,0.000586787,-0.0126724,2.54933,-0.000694931,2.55,0,True,True
5.61,-0,0,0.000671479,0.00173856,-0.0075091,0.543221,-0.697997,0.00635974,-0.47579,1.1989,0.00134314,-16.3508,-0.500899,-0.00770288,-0.108689,-0.00173856,0.0075091,0.00583198,-0,0,-0.000671697,0.00173856,-0.0075091,-0.582967,-0.697997,0.00635974,-0.475727,1.1989,0.00134314,-16.3512,-0.500899,-0.00770288,-0.108689,-0.00173856,0.0075091,0.0058321,-0.0675096,-0.073883,0.000577158,-0.0124517,2.54935,-0.000680113,2.55,0,True,True
5.615,-0,0,0.000657134,0.00170134,-0.00737933,0.543643,-0.697965,0.0062505,-0.47619,1.1989,0.00131836,-16.3511,-0.500937,-0.00756886,-0.108571,-0.00170134,0.00737933,0.00570673,-0,0,-0.000657352,0.00170134,-0.00737933,-0.582546,-0.697965,0.0062505,-0.476125,1.1989,0.00131836,-16.3515,-0.500937,-0.00756886,-0.108571,-0.00170134,0.00737933,0.00570684,-0.0675071,-0.073734,0.000567736,-0.0122358,2.54936,-0.000665552,2.55,0,True,True
5.62,-0,0,0.000643036,0.00166477,-0.00725236,0.544057,-0.697934,0.00614357,-0.476582,1.19891,0.00129415,-16.3514,-0.500975,-0.00743772,-0.108455,-0.00166477,0.00725236,0.00558363,-0,0,-0.000643255,0.00166477,-0.00725236,-0.582132,-0.697934,0.00614357,-0.476516,1.19891,0.00129415,-16.3517,-0.500975,-0.00743772,-0.108456,-0.00166477,0.00725236,0.00558375,-0.0675047,-0.0735877,0.000558517,-0.0120245,2.54937,-0.000651243,2.55,0,True,True
5.625,-0,0,0.000629179,0.00162882,-0.00712812,0.544463,-0.697904,0.00603892,-0.476968,1.19892,0.00127051,-16.3517,-0.501012,-0.00730943,-0.108342,-0.00162882,0.00712812,0.00546264,-0,0,-0.000629399,0.00162882,-0.00712812,-0.581725,-0.697904,0.00603892,-0.476901,1.19892,0.00127051,-16.352,-0.501012,-0.00730943,-0.108342,-0.00162882,0.00712812,0.00546276,-0.0675025,-0.0734439,0.000549498,-0.0118179,2.54939,-0.000637179,2.55,0,True,True
5.63,-0,0,0.000615558,0.00159349,-0.00700659,0.544863,-0.697874,0.0059365,-0.477348,1.19892,0.00124742,-16.352,-0.501048,-0.00718392,-0.108231,-0.00159349,0.00700659,0.00534372,-0,0,-0.000615779,0.00159349,-0.00700659,-0.581325,-0.697874,0.0059365,-0.477279,1.19892,0.00124742,-16.3523,-0.501048,-0.00718392,-0.108231,-0.00159349,0.00700659,0.00534384,-0.0675003,-0.0733027,0.000540676,-0.0116156,2.5494,-0.000623355,2.55,0,True,True
5.635,-0,0,0.000602168,0.00155876,-0.0068877,0.545256,-0.697845,0.00583628,-0.477721,1.19893,0.00122487,-16.3522,-0.501084,-0.00706115,-0.108121,-0.00155876,0.0068877,0.00522682,-0,0,-0.00060239,0.00155876,-0.0068877,-0.580932,-0.697845,0.00583628,-0.47765,1.19893,0.00122487,-16.3526,-0.501084,-0.00706115,-0.108122,-0.00155876,0.0068877,0.00522693,-0.0674983,-0.073164,0.000532048,-0.0114178,2.54941,-0.000609767,2.55,0,True,True
5.64,-0,0,0.000589005,0.00152461,-0.00677142,0.545643,-0.697816,0.00573822,-0.478088,1.19893,0.00120285,-16.3525,-0.501119,-0.00694107,-0.108014,-0.00152461,0.00677142,0.00511189,-0,0,-0.000589227,0.00152461,-0.00677142,-0.580545,-0.697816,0.00573822,-0.478015,1.19893,0.00120285,-16.3528,-0.501119,-0.00694107,-0.108014,-0.00152461,0.00677142,0.005112,-0.0674964,-0.0730276,0.000523613,-0.0112244,2.54943,-0.000596408,2.55,0,True,True
5.645,-0,0,0.000576063,0.00149104,-0.00665771,0.546022,-0.697787,0.00564229,-0.478448,1.19894,0.00118136,-16.3527,-0.501153,-0.00682365,-0.107909,-0.00149104,0.00665771,0.00499889,-0,0,-0.000576285,0.00149104,-0.00665771,-0.580166,-0.697787,0.00564229,-0.478374,1.19894,0.00118136,-16.3531,-0.501153,-0.00682365,-0.107909,-0.00149104,0.00665771,0.00499901,-0.0674946,-0.0728937,0.000515366,-0.0110352,2.54944,-0.000583275,2.55,0,True,True
5.65,-0,0,0.000563337,0.00145803,-0.00654651,0.546396,-0.697759,0.00554845,-0.478803,1.19895,0.00116036,-16.353,-0.501187,-0.00670882,-0.107805,-0.00145803,0.00654651,0.00488778,-0,0,-0.00056356,0.00145803,-0.00654651,-0.579792,-0.697759,0.00554845,-0.478727,1.19895,0.00116036,-16.3534,-0.501187,-0.00670882,-0.107805,-0.00145803,0.00654651,0.0048879,-0.0674929,-0.072762,0.000507305,-0.0108502,2.54945,-0.000570362,2.55,0,True,True
5.655,-0,0,0.000550823,0.00142558,-0.00643779,0.546763,-0.697732,0.00545668,-0.479152,1.19895,0.00113987,-16.3532,-0.50122,-0.00659655,-0.107704,-0.00142558,0.00643779,0.00477852,-0,0,-0.000551046,0.00142558,-0.00643779,-0.579425,-0.697732,0.00545668,-0.479074,1.19895,0.00113987,-16.3536,-0.50122,-0.00659655,-0.107704,-0.00142558,0.00643779,0.00477864,-0.0674913,-0.0726327,0.000499428,-0.0106693,2.54946,-0.000557663,2.55,0,True,True
5.66,-0,0,0.000538516,0.00139366,-0.00633151,0.547124,-0.697705,0.00536693,-0.479495,1.19896,0.00111987,-16.3535,-0.501253,-0.00648679,-0.107604,-0.00139366,0.00633151,0.00467107,-0,0,-0.000538739,0.00139366,-0.00633151,-0.579064,-0.697705,0.00536693,-0.479415,1.19896,0.00111987,-16.3539,-0.501253,-0.00648679,-0.107604,-0.00139366,0.00633151,0.00467118,-0.0674898,-0.0725055,0.000491732,-0.0104925,2.54948,-0.000545176,2.55,0,True,True
5.665,-0,0,0.000526412,0.00136226,-0.00622763,0.547479,-0.697678,0.00527917,-0.479832,1.19896,0.00110034,-16.3537,-0.501285,-0.00637951,-0.107506,-0.00136226,0.00622763,0.00456538,-0,0,-0.000526634,0.00136226,-0.00622763,-0.578709,-0.697678,0.00527917,-0.47975,1.19896,0.00110034,-16.3541,-0.501285,-0.00637951,-0.107506,-0.00136226,0.00622763,0.00456549,-0.0674884,-0.0723805,0.000484214,-0.0103197,2.54949,-0.000532893,2.55,0,True,True
5.67,-0,0,0.000514505,0.00133138,-0.0061261,0.547828,-0.697652,0.00519337,-0.480164,1.19897,0.00108128,-16.354,-0.501317,-0.00627465,-0.107409,-0.00133138,0.0061261,0.00446141,-0,0,-0.000514727,0.00133138,-0.0061261,-0.57836,-0.697652,0.00519337,-0.48008,1.19897,0.00108128,-16.3544,-0.501317,-0.00627465,-0.107409,-0.00133138,0.0061261,0.00446153,-0.0674871,-0.0722576,0.000476873,-0.0101507,2.5495,-0.000520812,2.55,0,True,True
5.675,-0,0,0.000502791,0.001301,-0.00602689,0.548171,-0.697626,0.00510951,-0.480491,1.19897,0.00106268,-16.3542,-0.501348,-0.00617219,-0.107314,-0.001301,0.00602689,0.00435914,-0,0,-0.000503014,0.001301,-0.00602689,-0.578017,-0.697626,0.00510951,-0.480405,1.19897,0.00106268,-16.3546,-0.501348,-0.00617219,-0.107314,-0.001301,0.00602689,0.00435925,-0.0674858,-0.0721368,0.000469705,-0.00998568,2.54951,-0.000508927,2.55,0,True,True
5.68,-0,0,0.000491267,0.00127111,-0.00592996,0.548509,-0.697601,0.00502755,-0.480812,1.19898,0.00104453,-16.3544,-0.501378,-0.00607208,-0.107221,-0.00127111,0.00592996,0.00425851,-0,0,-0.000491489,0.00127111,-0.00592996,-0.577679,-0.697601,0.00502755,-0.480724,1.19898,0.00104453,-16.3549,-0.501378,-0.00607208,-0.107221,-0.00127111,0.00592996,0.00425862,-0.0674847,-0.072018,0.000462708,-0.00982441,2.54952,-0.000497234,2.55,0,True,True
5.685,-0,0,0.000479928,0.0012417,-0.00583528,0.548841,-0.697576,0.00494745,-0.481128,1.19898,0.00102683,-16.3546,-0.501408,-0.00597428,-0.10713,-0.0012417,0.00583528,0.00415949,-0,0,-0.000480149,0.0012417,-0.00583528,-0.577347,-0.697576,0.00494745,-0.481039,1.19898,0.00102683,-16.3551,-0.501408,-0.00597428,-0.10713,-0.0012417,0.00583528,0.0041596,-0.0674836,-0.0719011,0.00045588,-0.00966687,2.54953,-0.000485728,2.55,0,True,True
5.69,-0,0,0.000468769,0.00121276,-0.0057428,0.549168,-0.697551,0.0048692,-0.481439,1.19899,0.00100956,-16.3549,-0.501438,-0.00587876,-0.10704,-0.00121276,0.0057428,0.00406204,-0,0,-0.000468989,0.00121276,-0.0057428,-0.57702,-0.697551,0.0048692,-0.481348,1.19899,0.00100956,-16.3553,-0.501438,-0.00587876,-0.10704,-0.00121276,0.0057428,0.00406216,-0.0674826,-0.0717862,0.000449219,-0.009513,2.54954,-0.000474405,2.55,0,True,True
5.695,-0,0,0.000457787,0.00118427,-0.00565251,0.54949,-0.697527,0.00479276,-0.481745,1.19899,0.000992708,-16.3551,-0.501467,-0.00578547,-0.106951,-0.00118427,0.00565251,0.00396614,-0,0,-0.000458006,0.00118427,-0.00565251,-0.576698,-0.697527,0.00479276,-0.481652,1.19899,0.000992708,-16.3555,-0.501467,-0.00578547,-0.106951,-0.00118427,0.00565251,0.00396625,-0.0674816,-0.0716731,0.000442722,-0.00936274,2.54955,-0.000463261,2.55,0,True,True
5.7,-0,0,0.000446977,0.00115623,-0.00556435,0.549807,-0.697503,0.00471811,-0.482046,1.199,0.000976277,-16.3553,-0.501496,-0.00569439,-0.106864,-0.00115623,0.00556435,0.00387173,-0,0,-0.000447196,0.00115623,-0.00556435,-0.576381,-0.697503,0.00471811,-0.481952,1.199,0.000976277,-16.3558,-0.501496,-0.00569439,-0.106864,-0.00115623,0.00556435,0.00387184,-0.0674808,-0.0715618,0.000436387,-0.00921604,2.54956,-0.000452292,2.55,0,True,True
5.705,-0,0,0.000436336,0.00112863,-0.00547829,0.550119,-0.69748,0.00464522,-0.482343,1.199,0.000960255,-16.3555,-0.501524,-0.00560547,-0.106778,-0.00112863,0.00547829,0.00377879,-0,0,-0.000436553,0.00112863,-0.00547829,-0.576069,-0.69748,0.00464522,-0.482247,1.199,0.000960255,-16.356,-0.501524,-0.00560547,-0.106778,-0.00112863,0.00547829,0.0037789,-0.0674799,-0.0714523,0.000430213,-0.00907284,2.54958,-0.000441493,2.55,0,True,True
5.71,-0,0,0.000425859,0.00110145,-0.00539431,0.550426,-0.697457,0.00457405,-0.482635,1.19901,0.000944636,-16.3557,-0.501552,-0.00551869,-0.106694,-0.00110145,0.00539431,0.00368728,-0,0,-0.000426075,0.00110145,-0.00539431,-0.575762,-0.697457,0.00457405,-0.482537,1.19901,0.000944636,-16.3562,-0.501552,-0.00551869,-0.106694,-0.00110145,0.00539431,0.00368739,-0.0674791,-0.0713445,0.000424197,-0.00893308,2.54959,-0.000430861,2.55,0,True,True
5.715,-0,0,0.000415543,0.00107469,-0.00531238,0.550728,-0.697434,0.0045046,-0.482923,1.19901,0.00092941,-16.3559,-0.501579,-0.00543401,-0.106611,-0.00107469,0.00531238,0.00359717,-0,0,-0.000415757,0.00107469,-0.00531238,-0.57546,-0.697434,0.0045046,-0.482823,1.19901,0.00092941,-16.3564,-0.501579,-0.00543401,-0.106611,-0.00107469,0.00531238,0.00359728,-0.0674783,-0.0712383,0.000418336,-0.00879671,2.5496,-0.00042039,2.55,0,True,True
5.72,-0,0,0.000405383,0.00104833,-0.00523245,0.551026,-0.697412,0.00443682,-0.483206,1.19902,0.000914571,-16.3561,-0.501606,-0.00535139,-0.106529,-0.00104833,0.00523245,0.00350841,-0,0,-0.000405597,0.00104833,-0.00523245,-0.575162,-0.697412,0.00443682,-0.483105,1.19902,0.000914571,-16.3566,-0.501606,-0.00535139,-0.106529,-0.00104833,0.00523245,0.00350853,-0.0674776,-0.0711338,0.00041263,-0.00866368,2.54961,-0.000410078,2.55,0,True,True
5.725,-0,0,0.000395377,0.00102236,-0.00515451,0.551319,-0.69739,0.0043707,-0.483485,1.19902,0.000900112,-16.3563,-0.501633,-0.00527081,-0.106449,-0.00102236,0.00515451,0.00342099,-0,0,-0.000395588,0.00102236,-0.00515451,-0.574869,-0.69739,0.0043707,-0.483382,1.19902,0.000900112,-16.3568,-0.501633,-0.00527081,-0.106449,-0.00102236,0.00515451,0.0034211,-0.0674768,-0.0710309,0.000407076,-0.00853395,2.54961,-0.000399921,2.55,0,True,True
5.73,-0,0,0.00038552,0.000996781,-0.00507852,0.551608,-0.697368,0.00430621,-0.48376,1.19903,0.000886026,-16.3565,-0.501659,-0.00519224,-0.10637,-0.000996781,0.00507852,0.00333486,-0,0,-0.000385729,0.000996781,-0.00507852,-0.57458,-0.697368,0.00430621,-0.483655,1.19903,0.000886026,-16.357,-0.501659,-0.00519224,-0.10637,-0.000996781,0.00507852,0.00333497,-0.0674762,-0.0709295,0.000401673,-0.00840745,2.54962,-0.000389914,2.55,0,True,True
5.735,-0,0,0.000375807,0.000971576,-0.00500445,0.551892,-0.697347,0.00424333,-0.484031,1.19903,0.000872307,-16.3567,-0.501685,-0.00511564,-0.106292,-0.000971576,0.00500445,0.00324998,-0,0,-0.000376015,0.000971576,-0.00500445,-0.574295,-0.697347,0.00424333,-0.483924,1.19903,0.000872307,-16.3572,-0.501685,-0.00511564,-0.106292,-0.000971576,0.00500445,0.00325009,-0.0674756,-0.0708296,0.000396418,-0.00828414,2.54963,-0.000380054,2.55,0,True,True
5.74,-0,0,0.000366236,0.000946736,-0.00493228,0.552173,-0.697326,0.00418203,-0.484298,1.19904,0.000858947,-16.3569,-0.50171,-0.00504098,-0.106215,-0.000946736,0.00493228,0.00316633,-0,0,-0.000366442,0.000946736,-0.00493228,-0.574015,-0.697326,0.00418203,-0.484189,1.19904,0.000858947,-16.3574,-0.50171,-0.00504098,-0.106215,-0.000946736,0.00493228,0.00316644,-0.067475,-0.0707313,0.00039131,-0.00816397,2.54964,-0.000370336,2.55,0,True,True
5.745,-0,0,0.000356802,0.000922253,-0.00486197,0.552449,-0.697305,0.0041223,-0.484561,1.19904,0.000845942,-16.3571,-0.501735,-0.00496824,-0.106139,-0.000922253,0.00486197,0.00308385,-0,0,-0.000357006,0.000922253,-0.00486197,-0.573739,-0.697305,0.0041223,-0.48445,1.19904,0.000845942,-16.3576,-0.501735,-0.00496824,-0.10614,-0.000922253,0.00486197,0.00308396,-0.0674746,-0.0706344,0.000386348,-0.0080469,2.54965,-0.000360758,2.55,0,True,True
5.75,-0,0,0.000347499,0.000898116,-0.00479351,0.55272,-0.697285,0.00406411,-0.484821,1.19904,0.000833284,-16.3573,-0.50176,-0.00489739,-0.106065,-0.000898116,0.00479351,0.00300252,-0,0,-0.000347702,0.000898116,-0.00479351,-0.573467,-0.697285,0.00406411,-0.484708,1.19904,0.000833284,-16.3578,-0.50176,-0.00489739,-0.106065,-0.000898116,0.00479351,0.00300262,-0.0674745,-0.0705392,0.000381529,-0.00793289,2.54966,-0.000351316,2.55,0,True,True
5.755,-0,0,0.000338324,0.000874318,-0.00472686,0.552988,-0.697264,0.00400744,-0.485077,1.19905,0.000820969,-16.3574,-0.501784,-0.00482841,-0.105993,-0.000874318,0.00472686,0.00292228,-0,0,-0.000338526,0.000874318,-0.00472686,-0.5732,-0.697264,0.00400744,-0.484962,1.19905,0.000820969,-16.358,-0.501784,-0.00482841,-0.105993,-0.000874318,0.00472686,0.00292238,-0.0674746,-0.0704455,0.000376853,-0.00782189,2.54967,-0.000342006,2.55,0,True,True
5.76,-0,0,0.00032927,0.000850848,-0.00466201,0.553251,-0.697244,0.00395227,-0.48533,1.19905,0.00080899,-16.3576,-0.501808,-0.00476126,-0.105922,-0.000850848,0.00466201,0.00284308,-0,0,-0.000329473,0.000850848,-0.00466201,-0.572937,-0.697244,0.00395227,-0.485212,1.19905,0.00080899,-16.3582,-0.501808,-0.00476126,-0.105922,-0.000850848,0.00466201,0.00284318,-0.0674752,-0.0703535,0.000372318,-0.00771387,2.54968,-0.000332825,2.55,0,True,True
5.765,-0,0,0.000320332,0.000827698,-0.00459893,0.55351,-0.697225,0.00389858,-0.48558,1.19906,0.000797342,-16.3578,-0.501832,-0.00469592,-0.105853,-0.000827698,0.00459893,0.00276487,-0,0,-0.000320535,0.000827698,-0.00459893,-0.572678,-0.697225,0.00389858,-0.485458,1.19906,0.000797342,-16.3584,-0.501832,-0.00469592,-0.105853,-0.000827698,0.00459893,0.00276498,-0.0674765,-0.0702633,0.000367924,-0.00760877,2.54969,-0.000323769,2.55,0,True,True
5.77,-0,0,0.000311503,0.000804859,-0.0045376,0.553763,-0.697205,0.00384635,-0.485828,1.19906,0.00078602,-16.3579,-0.501855,-0.00463237,-0.105786,-0.000804859,0.0045376,0.00268759,-0,0,-0.000311708,0.000804859,-0.0045376,-0.572425,-0.697205,0.00384635,-0.485701,1.19906,0.00078602,-16.3586,-0.501855,-0.00463237,-0.105786,-0.000804859,0.0045376,0.00268769,-0.0674787,-0.0701752,0.000363668,-0.00750658,2.5497,-0.000314834,2.55,0,True,True
5.775,-0,0,0.000302774,0.000782322,-0.00447799,0.554011,-0.697186,0.00379557,-0.486074,1.19906,0.000775019,-16.3581,-0.501878,-0.00457059,-0.105722,-0.000782322,0.00447799,0.00261115,-0,0,-0.000302983,0.000782322,-0.00447799,-0.572176,-0.697186,0.00379557,-0.485941,1.19906,0.000775019,-16.3588,-0.501878,-0.00457059,-0.105722,-0.000782322,0.00447799,0.00261126,-0.0674822,-0.0700893,0.000359552,-0.00740724,2.5497,-0.000306018,2.55,0,True,True
5.78,-0,0,0.000294136,0.000760079,-0.0044201,0.554254,-0.697168,0.00374622,-0.486318,1.19907,0.000764335,-16.3583,-0.501901,-0.00451056,-0.105661,-0.000760079,0.0044201,0.00253549,-0,0,-0.000294352,0.000760079,-0.0044201,-0.571934,-0.697168,0.00374622,-0.486177,1.19907,0.000764335,-16.359,-0.501901,-0.00451056,-0.105662,-0.000760079,0.0044201,0.0025356,-0.0674874,-0.070006,0.000355572,-0.00731074,2.54971,-0.000297317,2.55,0,True,True
5.785,-0,0,0.00028558,0.000738121,-0.00436389,0.55449,-0.697149,0.00369829,-0.48656,1.19907,0.000753964,-16.3584,-0.501923,-0.00445225,-0.105605,-0.000738121,0.00436389,0.0024605,-0,0,-0.000285805,0.000738121,-0.00436389,-0.571697,-0.697149,0.00369829,-0.486409,1.19907,0.000753964,-16.3592,-0.501923,-0.00445225,-0.105605,-0.000738121,0.00436389,0.00246062,-0.0674949,-0.0699258,0.000351731,-0.00721704,2.54972,-0.000288727,2.55,0,True,True
5.79,-0,0,0.000277094,0.00071644,-0.00430937,0.55472,-0.697131,0.00365176,-0.486803,1.19908,0.000743902,-16.3586,-0.501945,-0.00439566,-0.105553,-0.00071644,0.00430937,0.00238609,-0,0,-0.000277331,0.00071644,-0.00430937,-0.571468,-0.697131,0.00365176,-0.486638,1.19908,0.000743902,-16.3594,-0.501945,-0.00439566,-0.105553,-0.00071644,0.00430937,0.00238621,-0.0675052,-0.0698491,0.000348027,-0.00712611,2.54973,-0.000280246,2.55,0,True,True
5.795,-0,0,0.000268667,0.000695027,-0.00425652,0.554941,-0.697112,0.00360663,-0.487045,1.19908,0.000734145,-16.3587,-0.501967,-0.00434077,-0.105507,-0.000695027,0.00425652,0.00231215,-0,0,-0.00026892,0.000695027,-0.00425652,-0.571247,-0.697112,0.00360663,-0.486864,1.19908,0.000734145,-16.3596,-0.501967,-0.00434077,-0.105507,-0.000695027,0.00425652,0.00231228,-0.067519,-0.0697764,0.000344461,-0.00703795,2.54974,-0.000271869,2.55,0,True,True
5.8,-0,0,0.000260287,0.000673874,-0.00420533,0.555154,-0.697094,0.00356288,-0.487288,1.19908,0.000724691,-16.3588,-0.501989,-0.00428757,-0.105468,-0.000673874,0.00420533,0.00223858,-0,0,-0.000260561,0.000673874,-0.00420533,-0.571034,-0.697094,0.00356288,-0.487086,1.19908,0.000724691,-16.3598,-0.501989,-0.00428757,-0.105468,-0.000673874,0.00420533,0.00223873,-0.0675368,-0.0697081,0.000341034,-0.00695252,2.54974,-0.000263595,2.55,0,True,True
5.805,-0,0,0.000251948,0.000652974,-0.00415578,0.555358,-0.697077,0.00352051,-0.487532,1.19909,0.000715538,-16.3589,-0.50201,-0.00423605,-0.105436,-0.000652974,0.00415578,0.00216531,-0,0,-0.000252246,0.000652974,-0.00415578,-0.57083,-0.697077,0.00352051,-0.487304,1.19909,0.000715538,-16.3601,-0.50201,-0.00423605,-0.105436,-0.000652974,0.00415578,0.00216547,-0.0675591,-0.0696446,0.000337746,-0.00686983,2.54975,-0.000255419,2.55,0,True,True
5.81,-0,0,0.000243645,0.000632317,-0.00410789,0.555553,-0.697059,0.00347952,-0.487778,1.19909,0.000706682,-16.359,-0.502031,-0.0041862,-0.10541,-0.000632317,0.00410789,0.00209231,-0,0,-0.000243972,0.000632317,-0.00410789,-0.570635,-0.697059,0.00347952,-0.487519,1.19909,0.000706682,-16.3603,-0.502031,-0.0041862,-0.10541,-0.000632317,0.00410789,0.00209248,-0.0675858,-0.0695859,0.000334598,-0.00678984,2.54976,-0.000247338,2.55,0,True,True
5.815,-0,0,0.000235392,0.000611895,-0.00406163,0.555741,-0.697042,0.00343989,-0.488023,1.19909,0.000698122,-16.3591,-0.502052,-0.00413801,-0.10539,-0.000611895,0.00406163,0.00201968,-0,0,-0.000235748,0.000611895,-0.00406163,-0.570447,-0.697042,0.00343989,-0.487731,1.19909,0.000698122,-16.3606,-0.502052,-0.00413801,-0.105391,-0.000611895,0.00406163,0.00201986,-0.0676159,-0.0695309,0.000331592,-0.00671256,2.54977,-0.000239349,2.55,0,True,True
5.82,-0,0,0.000227218,0.0005917,-0.004017,0.555924,-0.697025,0.00340161,-0.488267,1.1991,0.000689854,-16.3592,-0.502073,-0.00409147,-0.105373,-0.0005917,0.004017,0.00194768,-0,0,-0.000227603,0.0005917,-0.004017,-0.570264,-0.697025,0.00340161,-0.487941,1.1991,0.000689854,-16.3609,-0.502073,-0.00409147,-0.105373,-0.0005917,0.004017,0.00194787,-0.0676468,-0.0694775,0.000328727,-0.00663797,2.54978,-0.00023145,2.55,0,True,True
5.825,-0,0,0.000219193,0.000571725,-0.00397398,0.556111,-0.697008,0.00336468,-0.488505,1.1991,0.000681876,-16.3593,-0.502093,-0.00404656,-0.105349,-0.000571725,0.00397398,0.00187691,-0,0,-0.0002196,0.000571725,-0.00397398,-0.570077,-0.697008,0.00336468,-0.488148,1.1991,0.000681876,-16.3611,-0.502093,-0.00404656,-0.105349,-0.000571725,0.00397398,0.00187712,-0.067673,-0.0694209,0.000326004,-0.00656603,2.54978,-0.000223636,2.55,0,True,True
5.83,-0,0,0.000211448,0.000551961,-0.00393254,0.556314,-0.696991,0.00332906,-0.488729,1.1991,0.000674178,-16.3594,-0.502113,-0.00400324,-0.105304,-0.000551961,0.00393254,0.00180852,-0,0,-0.000211858,0.000551961,-0.00393254,-0.569875,-0.696991,0.00332906,-0.488355,1.1991,0.000674178,-16.3613,-0.502113,-0.00400324,-0.105305,-0.000551961,0.00393254,0.00180873,-0.0676847,-0.0693526,0.00032342,-0.00649668,2.54979,-0.000215904,2.55,0,True,True
5.835,-0,0,0.000204207,0.0005324,-0.0038926,0.556554,-0.696975,0.00329469,-0.488924,1.19911,0.000666749,-16.3596,-0.502133,-0.00396144,-0.105215,-0.0005324,0.0038926,0.00174447,-0,0,-0.000204589,0.0005324,-0.0038926,-0.569634,-0.696975,0.00329469,-0.488563,1.19911,0.000666749,-16.3614,-0.502133,-0.00396144,-0.105216,-0.0005324,0.0038926,0.00174467,-0.0676645,-0.0692576,0.000320969,-0.00642981,2.5498,-0.000208252,2.55,0,True,True
5.84,-0,0,0.000197849,0.000513035,-0.00385403,0.55687,-0.696958,0.00326147,-0.489066,1.19911,0.000659567,-16.3599,-0.502153,-0.00392103,-0.10504,-0.000513035,0.00385403,0.00168808,-0,0,-0.000198146,0.000513035,-0.00385403,-0.569318,-0.696958,0.00326147,-0.488777,1.19911,0.000659567,-16.3613,-0.502153,-0.00392103,-0.10504,-0.000513035,0.00385403,0.00168824,-0.0675836,-0.0691112,0.000318638,-0.00636521,2.5498,-0.000200677,2.55,0,True,True
5.845,-0,0,0.000192986,0.000493859,-0.00381663,0.55732,-0.696942,0.00322922,-0.489117,1.19911,0.000652595,-16.3603,-0.502172,-0.00388181,-0.104713,-0.000493859,0.00381663,0.0016447,-0,0,-0.0001931,0.000493859,-0.00381663,-0.568867,-0.696942,0.00322922,-0.489003,1.19911,0.000652595,-16.3609,-0.502172,-0.00388181,-0.104713,-0.000493859,0.00381663,0.00164476,-0.0673957,-0.0688733,0.000316404,-0.00630252,2.54981,-0.000193176,2.55,0,True,True
5.85,-0,0,0.00019059,0.000474868,-0.00378002,0.557998,-0.696926,0.00319764,-0.489015,1.19912,0.000645771,-16.361,-0.502191,-0.00384341,-0.104127,-0.000474868,0.00378002,0.00162279,-0,0,-0.000190359,0.000474868,-0.00378002,-0.568188,-0.696926,0.00319764,-0.489248,1.19912,0.000645771,-16.3599,-0.502191,-0.00384341,-0.104127,-0.000474868,0.00378002,0.00162267,-0.0670271,-0.0684807,0.000314229,-0.00624116,2.54982,-0.000185747,2.55,0,True,True
5.855,-0,0,0.000192185,0.000456059,-0.00374361,0.55905,-0.69691,0.00316623,-0.488666,1.19912,0.000638997,-16.3623,-0.502211,-0.00380523,-0.103121,-0.000456059,0.00374361,0.00163553,-0,0,-0.000191326,0.000456059,-0.00374361,-0.567135,-0.69691,0.00316623,-0.489529,1.19912,0.000638997,-16.3579,-0.502211,-0.00380523,-0.103121,-0.000456059,0.00374361,0.00163509,-0.0663634,-0.0678349,0.000312048,-0.00618014,2.54983,-0.00017839,2.55,0,True,True
5.86,-0,0,0.000200141,0.000437432,-0.00370644,0.560699,-0.696894,0.00313423,-0.487923,1.19912,0.000632113,-16.3642,-0.502229,-0.00376634,-0.101442,-0.000437432,0.00370644,0.00170311,-0,0,-0.000198134,0.000437432,-0.00370644,-0.565485,-0.696894,0.00313423,-0.489866,1.19912,0.000632113,-16.3545,-0.502229,-0.00376634,-0.101443,-0.000437432,0.00370644,0.00170208,-0.0652291,-0.0667847,0.00030976,-0.00611791,2.54983,-0.000171103,2.55,0,True,True
5.865,-0,0,0.00021731,0.000418995,-0.00366699,0.563206,-0.696879,0.00310038,-0.486616,1.19913,0.000624871,-16.3673,-0.502248,-0.00372525,-0.0987973,-0.000418995,0.00366699,0.00184919,-0,0,-0.000213217,0.000418995,-0.00366699,-0.562978,-0.696879,0.00310038,-0.490284,1.19913,0.000624871,-16.3488,-0.502248,-0.00372525,-0.0988014,-0.000418995,0.00366699,0.00184707,-0.0634186,-0.0651531,0.000307203,-0.00605202,2.54984,-0.000163891,2.55,0,True,True
5.87,-0,0,0.000173005,0.000400762,-0.00362327,0.560099,-0.696863,0.00306303,-0.489045,1.19913,0.000616938,-16.3634,-0.502267,-0.00367997,-0.102736,-0.000400762,0.00362327,0.00148776,-0,0,-0.000171951,0.000400762,-0.00362327,-0.566086,-0.696863,0.00306303,-0.490222,1.19913,0.000616938,-16.3574,-0.502267,-0.00367997,-0.102736,-0.000400762,0.00362327,0.00148721,-0.0662002,-0.0674994,0.000304164,-0.00597918,2.54985,-0.000156759,2.55,0,True,True
5.875,-0,0,0.0001186,0.000382762,-0.00360006,0.555931,-0.696848,0.00304325,-0.492162,1.19913,0.000612753,-16.3581,-0.502285,-0.00365601,-0.107858,-0.000382762,0.00360006,0.00103133,-0,0,-0.000119907,0.000382762,-0.00360006,-0.570262,-0.696848,0.00304325,-0.490054,1.19913,0.000612753,-16.3687,-0.502285,-0.00365601,-0.107861,-0.000382762,0.00360006,0.001032,-0.0698092,-0.0705584,0.000302478,-0.00594058,2.54985,-0.000149718,2.55,0,True,True
