ISO-10303-21;
HEADER;
FILE_DESCRIPTION (( 'STEP AP203' ),
    '1' );
FILE_NAME ('JX1_Shin_L.STEP',
    '2026-09-24T05:38:08',
    ( '' ),
    ( '' ),
    'SwSTEP 2.0',
    'SolidWorks 2026',
    '' );
FILE_SCHEMA (( 'CONFIG_CONTROL_DESIGN' ));
ENDSEC;

DATA;
#1 = ORIENTED_EDGE ( 'NONE', *, *, #1956, .T. ) ;
#2 = CARTESIAN_POINT ( 'NONE',  ( 30.00000000000000000, -5.000000000000000888, -260.0000000000000000 ) ) ;
#3 = COORDINATED_UNIVERSAL_TIME_OFFSET ( 5, 30, .AHEAD. ) ;
#4 = FACE_BOUND ( 'NONE', #1434, .T. ) ;
#5 = VERTEX_POINT ( 'NONE', #2007 ) ;
#6 = CARTESIAN_POINT ( 'NONE',  ( 37.00000000000000000, -5.000000000000000000, -207.6999999999999886 ) ) ;
#7 = CARTESIAN_POINT ( 'NONE',  ( 8.000000000000000000, 26.99999999999999645, -318.0000000000000000 ) ) ;
#8 = AXIS2_PLACEMENT_3D ( 'NONE', #193, #2618, #209 ) ;
#9 = CYLINDRICAL_SURFACE ( 'NONE', #72, 1.700000000000007061 ) ;
#10 = CARTESIAN_POINT ( 'NONE',  ( -48.00000000000000000, -5.000000000000000000, -236.0000000000000000 ) ) ;
#11 = ORIENTED_EDGE ( 'NONE', *, *, #858, .F. ) ;
#12 = VECTOR ( 'NONE', #1052, 1000.000000000000000 ) ;
#13 = EDGE_CURVE ( 'NONE', #3106, #1067, #2800, .T. ) ;
#14 = LINE ( 'NONE', #1517, #1884 ) ;
#15 = AXIS2_PLACEMENT_3D ( 'NONE', #1417, #236, #665 ) ;
#16 = AXIS2_PLACEMENT_3D ( 'NONE', #700, #188, #2399 ) ;
#17 = ORIENTED_EDGE ( 'NONE', *, *, #2267, .F. ) ;
#18 = AXIS2_PLACEMENT_3D ( 'NONE', #1059, #1327, #2558 ) ;
#19 = ORIENTED_EDGE ( 'NONE', *, *, #2416, .T. ) ;
#20 = DIRECTION ( 'NONE',  ( 0.000000000000000000, 0.000000000000000000, -1.000000000000000000 ) ) ;
#21 = AXIS2_PLACEMENT_3D ( 'NONE', #1308, #3048, #103 ) ;
#22 = ORIENTED_EDGE ( 'NONE', *, *, #2027, .F. ) ;
#23 = CARTESIAN_POINT ( 'NONE',  ( 44.00000000000000000, -34.00000000000000000, 0.000000000000000000 ) ) ;
#24 = AXIS2_PLACEMENT_3D ( 'NONE', #2487, #2548, #384 ) ;
#25 = DATE_AND_TIME ( #1941, #1869 ) ;
#26 = DIRECTION ( 'NONE',  ( -0.000000000000000000, -1.000000000000000000, -0.000000000000000000 ) ) ;
#27 = ORIENTED_EDGE ( 'NONE', *, *, #2416, .F. ) ;
#28 = FACE_BOUND ( 'NONE', #1196, .T. ) ;
#29 = LINE ( 'NONE', #1501, #398 ) ;
#30 = CC_DESIGN_PERSON_AND_ORGANIZATION_ASSIGNMENT ( #2741, #2999, ( #200 ) ) ;
#31 = DIRECTION ( 'NONE',  ( -0.000000000000000000, -1.000000000000000000, -0.000000000000000000 ) ) ;
#32 = LINE ( 'NONE', #1966, #1081 ) ;
#33 = CARTESIAN_POINT ( 'NONE',  ( 9.797174393178815797E-16, 5.000000000000000000, -153.9999999999999716 ) ) ;
#34 = VERTEX_POINT ( 'NONE', #6 ) ;
#35 = VERTEX_POINT ( 'NONE', #1701 ) ;
#36 = DIRECTION ( 'NONE',  ( -0.000000000000000000, -1.000000000000000000, -0.000000000000000000 ) ) ;
#37 = EDGE_CURVE ( 'NONE', #1114, #1553, #715, .T. ) ;
#38 = ADVANCED_FACE ( 'NONE', ( #2443 ), #1013, .F. ) ;
#39 = ORIENTED_EDGE ( 'NONE', *, *, #204, .F. ) ;
#40 = CARTESIAN_POINT ( 'NONE',  ( 0.000000000000000000, -34.00000000000000000, 0.000000000000000000 ) ) ;
#41 = PLANE ( 'NONE',  #2074 ) ;
#42 = LINE ( 'NONE', #1447, #2092 ) ;
#43 = EDGE_CURVE ( 'NONE', #2397, #1379, #1986, .T. ) ;
#44 = ORIENTED_EDGE ( 'NONE', *, *, #676, .F. ) ;
#45 = FACE_BOUND ( 'NONE', #2938, .T. ) ;
#46 = DIRECTION ( 'NONE',  ( -0.000000000000000000, -1.000000000000000000, -0.000000000000000000 ) ) ;
#47 = DIRECTION ( 'NONE',  ( 0.000000000000000000, 0.000000000000000000, 1.000000000000000000 ) ) ;
#48 = FACE_BOUND ( 'NONE', #1715, .T. ) ;
#49 = ORIENTED_EDGE ( 'NONE', *, *, #235, .T. ) ;
#50 = CYLINDRICAL_SURFACE ( 'NONE', #1378, 6.000000000000000000 ) ;
#51 = ORIENTED_EDGE ( 'NONE', *, *, #2839, .F. ) ;
#52 = FACE_BOUND ( 'NONE', #1024, .T. ) ;
#53 = ORIENTED_EDGE ( 'NONE', *, *, #1225, .F. ) ;
#54 = ADVANCED_FACE ( 'NONE', ( #2943 ), #2466, .F. ) ;
#55 = FACE_BOUND ( 'NONE', #1588, .T. ) ;
#56 = EDGE_LOOP ( 'NONE', ( #2418, #1773 ) ) ;
#57 = CARTESIAN_POINT ( 'NONE',  ( 18.50000000000000355, -5.000000000000000000, -172.2570600599757711 ) ) ;
#58 = DIRECTION ( 'NONE',  ( 0.000000000000000000, 1.000000000000000000, 0.000000000000000000 ) ) ;
#59 = CARTESIAN_POINT ( 'NONE',  ( -37.00000000000000000, 5.000000000000000000, -206.0000000000000000 ) ) ;
#60 = CARTESIAN_POINT ( 'NONE',  ( 0.000000000000000000, 18.00000000000000000, -304.0000000000000000 ) ) ;
#61 = ORIENTED_EDGE ( 'NONE', *, *, #2963, .T. ) ;
#62 = CIRCLE ( 'NONE', #2190, 1.700000000000007061 ) ;
#63 = EDGE_CURVE ( 'NONE', #310, #663, #566, .T. ) ;
#64 = CARTESIAN_POINT ( 'NONE',  ( 0.000000000000000000, 0.000000000000000000, -260.0000000000000000 ) ) ;
#65 = AXIS2_PLACEMENT_3D ( 'NONE', #1527, #792, #1752 ) ;
#66 = ORIENTED_EDGE ( 'NONE', *, *, #1524, .F. ) ;
#67 = VECTOR ( 'NONE', #95, 1000.000000000000000 ) ;
#68 = CARTESIAN_POINT ( 'NONE',  ( 30.00000000000000000, -27.00000000000000000, -260.0000000000000000 ) ) ;
#69 = AXIS2_PLACEMENT_3D ( 'NONE', #3136, #1916, #459 ) ;
#70 = AXIS2_PLACEMENT_3D ( 'NONE', #965, #1863, #1437 ) ;
#71 = ORIENTED_EDGE ( 'NONE', *, *, #1816, .F. ) ;
#72 = AXIS2_PLACEMENT_3D ( 'NONE', #1754, #1258, #2468 ) ;
#73 = FACE_OUTER_BOUND ( 'NONE', #2484, .T. ) ;
#74 = AXIS2_PLACEMENT_3D ( 'NONE', #1730, #2715, #2955 ) ;
#75 = VERTEX_POINT ( 'NONE', #76 ) ;
#76 = CARTESIAN_POINT ( 'NONE',  ( -16.00000000000000000, -27.00000000000000000, -270.0000000000000000 ) ) ;
#77 = CARTESIAN_POINT ( 'NONE',  ( 0.000000000000000000, -22.20000000000000284, -6.000000000000000000 ) ) ;
#78 = CARTESIAN_POINT ( 'NONE',  ( 18.50000000000000355, 5.000000000000000000, -173.9570600599757597 ) ) ;
#79 = CARTESIAN_POINT ( 'NONE',  ( -18.49999999999999289, 5.000000000000000000, -239.7429399400242289 ) ) ;
#80 = VERTEX_POINT ( 'NONE', #57 ) ;
#81 = EDGE_CURVE ( 'NONE', #3032, #75, #2746, .T. ) ;
#82 = ADVANCED_FACE ( 'NONE', ( #2957 ), #1484, .F. ) ;
#83 = CARTESIAN_POINT ( 'NONE',  ( -7.549834435270755151, 5.000000000000000000, -110.0000000000000000 ) ) ;
#84 = ORIENTED_EDGE ( 'NONE', *, *, #481, .T. ) ;
#85 = ADVANCED_FACE ( 'NONE', ( #248 ), #2718, .F. ) ;
#86 = ORIENTED_EDGE ( 'NONE', *, *, #2628, .T. ) ;
#87 = VERTEX_POINT ( 'NONE', #1269 ) ;
#88 = CARTESIAN_POINT ( 'NONE',  ( 16.00000000000000000, -18.00000000000000355, -260.0000000000000000 ) ) ;
#89 = VERTEX_POINT ( 'NONE', #553 ) ;
#90 = DIRECTION ( 'NONE',  ( -0.000000000000000000, -1.000000000000000000, -0.000000000000000000 ) ) ;
#91 = DIRECTION ( 'NONE',  ( 0.000000000000000000, 0.000000000000000000, 1.000000000000000000 ) ) ;
#92 = CARTESIAN_POINT ( 'NONE',  ( -12.24586983568287124, -20.00000000000000355, -29.56414504036117563 ) ) ;
#93 = CARTESIAN_POINT ( 'NONE',  ( 16.00000000000000000, -18.00000000000000355, -270.0000000000000000 ) ) ;
#94 = VERTEX_POINT ( 'NONE', #804 ) ;
#95 = DIRECTION ( 'NONE',  ( -0.000000000000000000, -1.000000000000000000, -0.000000000000000000 ) ) ;
#96 = CARTESIAN_POINT ( 'NONE',  ( -29.56414504036117918, -20.00000000000000355, 12.24586983568286946 ) ) ;
#97 = EDGE_CURVE ( 'NONE', #2166, #2970, #1763, .T. ) ;
#98 = ORIENTED_EDGE ( 'NONE', *, *, #2406, .T. ) ;
#99 = EDGE_CURVE ( 'NONE', #1693, #2153, #2989, .T. ) ;
#100 = ORIENTED_EDGE ( 'NONE', *, *, #464, .T. ) ;
#101 = CIRCLE ( 'NONE', #2021, 1.700000000000007061 ) ;
#102 = EDGE_CURVE ( 'NONE', #2952, #2834, #1282, .T. ) ;
#103 = DIRECTION ( 'NONE',  ( 0.000000000000000000, 0.000000000000000000, -1.000000000000000000 ) ) ;
#104 = ORIENTED_EDGE ( 'NONE', *, *, #309, .F. ) ;
#105 = DIRECTION ( 'NONE',  ( -0.000000000000000000, -1.000000000000000000, -0.000000000000000000 ) ) ;
#106 = CARTESIAN_POINT ( 'NONE',  ( 16.00000000000000000, -27.00000000000000000, -270.0000000000000000 ) ) ;
#107 = LINE ( 'NONE', #1811, #2405 ) ;
#108 = LINE ( 'NONE', #600, #1633 ) ;
#109 = FACE_OUTER_BOUND ( 'NONE', #1188, .T. ) ;
#110 = CARTESIAN_POINT ( 'NONE',  ( 16.00000000000000000, 0.000000000000000000, -270.0000000000000000 ) ) ;
#111 = VERTEX_POINT ( 'NONE', #2203 ) ;
#112 = ADVANCED_FACE ( 'NONE', ( #1284, #28, #299, #1963, #757, #2699, #1256, #45, #1733, #2525 ), #2572, .F. ) ;
#113 = CIRCLE ( 'NONE', #2604, 2.749999999999999112 ) ;
#114 = EDGE_LOOP ( 'NONE', ( #66, #279 ) ) ;
#115 = COORDINATED_UNIVERSAL_TIME_OFFSET ( 5, 30, .AHEAD. ) ;
#116 = CARTESIAN_POINT ( 'NONE',  ( 0.000000000000000000, -5.000000000000000000, -118.0000000000000000 ) ) ;
#117 = VECTOR ( 'NONE', #926, 1000.000000000000000 ) ;
#118 = VECTOR ( 'NONE', #2796, 1000.000000000000000 ) ;
#119 = ORIENTED_EDGE ( 'NONE', *, *, #13, .T. ) ;
#120 = CARTESIAN_POINT ( 'NONE',  ( 0.000000000000000000, 5.000000000000000000, -161.9999999999999716 ) ) ;
#121 = CIRCLE ( 'NONE', #2042, 1.700000000000007061 ) ;
#122 = DIRECTION ( 'NONE',  ( 0.000000000000000000, 1.000000000000000000, 0.000000000000000000 ) ) ;
#123 = DIRECTION ( 'NONE',  ( 0.000000000000000000, 1.000000000000000000, 0.000000000000000000 ) ) ;
#124 = DIRECTION ( 'NONE',  ( 0.000000000000000000, 0.000000000000000000, 1.000000000000000000 ) ) ;
#125 = VECTOR ( 'NONE', #1069, 1000.000000000000000 ) ;
#126 = DIRECTION ( 'NONE',  ( 0.000000000000000000, 1.000000000000000000, 0.000000000000000000 ) ) ;
#127 = CC_DESIGN_PERSON_AND_ORGANIZATION_ASSIGNMENT ( #2904, #720, ( #901 ) ) ;
#128 = AXIS2_PLACEMENT_3D ( 'NONE', #1423, #957, #532 ) ;
#129 = CARTESIAN_POINT ( 'NONE',  ( 34.00000000000000000, -20.00000000000000355, 0.000000000000000000 ) ) ;
#130 = LINE ( 'NONE', #1113, #2517 ) ;
#131 = ORIENTED_EDGE ( 'NONE', *, *, #2365, .F. ) ;
#132 = EDGE_LOOP ( 'NONE', ( #535, #2061, #1211, #2110, #1838, #1672 ) ) ;
#133 = DIRECTION ( 'NONE',  ( -1.000000000000000000, 0.000000000000000000, 0.000000000000000000 ) ) ;
#134 = EDGE_CURVE ( 'NONE', #2579, #1674, #62, .T. ) ;
#135 = ORIENTED_EDGE ( 'NONE', *, *, #2766, .F. ) ;
#136 = DIRECTION ( 'NONE',  ( -0.000000000000000000, 0.000000000000000000, -1.000000000000000000 ) ) ;
#137 = DIRECTION ( 'NONE',  ( 0.000000000000000000, 0.000000000000000000, -1.000000000000000000 ) ) ;
#138 = DIRECTION ( 'NONE',  ( 0.000000000000000000, 0.000000000000000000, -1.000000000000000000 ) ) ;
#139 = CARTESIAN_POINT ( 'NONE',  ( 30.00000000000000000, 27.00000000000000000, -270.0000000000000000 ) ) ;
#140 = ADVANCED_FACE ( 'NONE', ( #2790 ), #1595, .F. ) ;
#141 = CARTESIAN_POINT ( 'NONE',  ( 7.347880794884118750E-16, -34.00000000000000000, 6.000000000000000000 ) ) ;
#142 = DIRECTION ( 'NONE',  ( 0.000000000000000000, 0.000000000000000000, 1.000000000000000000 ) ) ;
#143 = DIRECTION ( 'NONE',  ( -1.000000000000000000, 0.000000000000000000, 0.000000000000000000 ) ) ;
#144 = ORIENTED_EDGE ( 'NONE', *, *, #2591, .T. ) ;
#145 = ORIENTED_EDGE ( 'NONE', *, *, #1622, .T. ) ;
#146 = DIRECTION ( 'NONE',  ( 0.000000000000000000, 0.000000000000000000, 1.000000000000000000 ) ) ;
#147 = AXIS2_PLACEMENT_3D ( 'NONE', #2428, #1948, #2931 ) ;
#148 = ORIENTED_EDGE ( 'NONE', *, *, #932, .T. ) ;
#149 = CARTESIAN_POINT ( 'NONE',  ( 30.00000000000000000, 27.00000000000000000, -270.0000000000000000 ) ) ;
#150 = EDGE_CURVE ( 'NONE', #306, #2662, #823, .T. ) ;
#151 = CARTESIAN_POINT ( 'NONE',  ( 34.00000000000000000, -34.00000000000000000, -66.00000000000000000 ) ) ;
#152 = LINE ( 'NONE', #2315, #375 ) ;
#153 = VERTEX_POINT ( 'NONE', #390 ) ;
#154 = DIRECTION ( 'NONE',  ( 0.000000000000000000, 1.000000000000000000, 0.000000000000000000 ) ) ;
#155 = DIRECTION ( 'NONE',  ( 0.000000000000000000, -0.000000000000000000, 1.000000000000000000 ) ) ;
#156 = LINE ( 'NONE', #904, #2608 ) ;
#157 = ADVANCED_FACE ( 'NONE', ( #1310 ), #1057, .F. ) ;
#158 = ORIENTED_EDGE ( 'NONE', *, *, #1794, .T. ) ;
#159 = AXIS2_PLACEMENT_3D ( 'NONE', #657, #1924, #451 ) ;
#160 = CARTESIAN_POINT ( 'NONE',  ( 16.00000000000000000, 26.99999999999999645, -308.0000000000000000 ) ) ;
#161 = CIRCLE ( 'NONE', #623, 10.99999999999999645 ) ;
#162 = ORIENTED_EDGE ( 'NONE', *, *, #2824, .F. ) ;
#163 = DIRECTION ( 'NONE',  ( -0.000000000000000000, -1.000000000000000000, -0.000000000000000000 ) ) ;
#164 = FACE_OUTER_BOUND ( 'NONE', #319, .T. ) ;
#165 = CARTESIAN_POINT ( 'NONE',  ( 0.000000000000000000, 0.000000000000000000, -260.0000000000000000 ) ) ;
#166 = EDGE_LOOP ( 'NONE', ( #2174, #1373 ) ) ;
#167 = VECTOR ( 'NONE', #777, 1000.000000000000000 ) ;
#168 = VECTOR ( 'NONE', #705, 1000.000000000000114 ) ;
#169 = VERTEX_POINT ( 'NONE', #1845 ) ;
#170 = CARTESIAN_POINT ( 'NONE',  ( 0.000000000000000000, 5.000000000000000000, -206.0000000000000000 ) ) ;
#171 = AXIS2_PLACEMENT_3D ( 'NONE', #2696, #308, #2927 ) ;
#172 = LINE ( 'NONE', #1818, #528 ) ;
#173 = ADVANCED_FACE ( 'NONE', ( #3065 ), #817, .F. ) ;
#174 = EDGE_CURVE ( 'NONE', #2116, #111, #1728, .T. ) ;
#175 = EDGE_LOOP ( 'NONE', ( #2659, #1844 ) ) ;
#176 = EDGE_LOOP ( 'NONE', ( #399, #3124, #3111, #291 ) ) ;
#177 = CARTESIAN_POINT ( 'NONE',  ( 0.000000000000000000, -18.00000000000000355, -300.0000000000000000 ) ) ;
#178 = ORIENTED_EDGE ( 'NONE', *, *, #1006, .T. ) ;
#179 = LINE ( 'NONE', #675, #470 ) ;
#180 = DIRECTION ( 'NONE',  ( 0.000000000000000000, 1.000000000000000000, 0.000000000000000000 ) ) ;
#181 = LINE ( 'NONE', #2115, #2565 ) ;
#182 = VERTEX_POINT ( 'NONE', #2019 ) ;
#183 = EDGE_LOOP ( 'NONE', ( #683, #513, #1355, #1641, #1104, #199, #1976, #1821 ) ) ;
#184 = VERTEX_POINT ( 'NONE', #356 ) ;
#185 = DIRECTION ( 'NONE',  ( -0.000000000000000000, -1.000000000000000000, -0.000000000000000000 ) ) ;
#186 = CARTESIAN_POINT ( 'NONE',  ( -30.00000000000000000, -27.00000000000000000, -260.0000000000000000 ) ) ;
#187 = ADVANCED_FACE ( 'NONE', ( #3004 ), #1105, .F. ) ;
#188 = DIRECTION ( 'NONE',  ( -0.000000000000000000, -1.000000000000000000, -0.000000000000000000 ) ) ;
#189 = VERTEX_POINT ( 'NONE', #2761 ) ;
#190 = EDGE_LOOP ( 'NONE', ( #2284, #669, #638, #2272 ) ) ;
#191 = PLANE ( 'NONE',  #281 ) ;
#192 = ORIENTED_EDGE ( 'NONE', *, *, #949, .T. ) ;
#193 = CARTESIAN_POINT ( 'NONE',  ( 37.00000000000000000, -5.000000000000000000, -118.0000000000000000 ) ) ;
#194 = FACE_OUTER_BOUND ( 'NONE', #2911, .T. ) ;
#195 = ADVANCED_FACE ( 'NONE', ( #2555 ), #865, .F. ) ;
#196 = DIRECTION ( 'NONE',  ( -0.000000000000000000, 0.000000000000000000, 1.000000000000000000 ) ) ;
#197 = AXIS2_PLACEMENT_3D ( 'NONE', #1436, #709, #1222 ) ;
#198 = VERTEX_POINT ( 'NONE', #585 ) ;
#199 = ORIENTED_EDGE ( 'NONE', *, *, #1290, .T. ) ;
#200 = PRODUCT_DEFINITION_FORMATION_WITH_SPECIFIED_SOURCE ( 'ANY', '', #901, .NOT_KNOWN. ) ;
#201 = CARTESIAN_POINT ( 'NONE',  ( -12.24586983568286414, -20.00000000000000355, 29.56414504036117918 ) ) ;
#202 = DIRECTION ( 'NONE',  ( -0.000000000000000000, -1.000000000000000000, -0.000000000000000000 ) ) ;
#203 = DIRECTION ( 'NONE',  ( 1.000000000000000000, 0.000000000000000000, -0.000000000000000000 ) ) ;
#204 = EDGE_CURVE ( 'NONE', #3079, #1163, #2241, .T. ) ;
#205 = EDGE_LOOP ( 'NONE', ( #1305, #998, #211, #482 ) ) ;
#206 = LINE ( 'NONE', #2849, #1538 ) ;
#207 = EDGE_CURVE ( 'NONE', #94, #3144, #1325, .T. ) ;
#208 = EDGE_LOOP ( 'NONE', ( #2458, #2568, #868, #406 ) ) ;
#209 = DIRECTION ( 'NONE',  ( 0.000000000000000000, 0.000000000000000000, 1.000000000000000000 ) ) ;
#210 = CARTESIAN_POINT ( 'NONE',  ( 0.000000000000000000, 0.000000000000000000, 0.000000000000000000 ) ) ;
#211 = ORIENTED_EDGE ( 'NONE', *, *, #642, .F. ) ;
#212 = CARTESIAN_POINT ( 'NONE',  ( 18.50000000000000355, -5.000000000000000000, -173.9570600599757597 ) ) ;
#213 = EDGE_CURVE ( 'NONE', #1147, #2486, #2034, .T. ) ;
#214 = ORIENTED_EDGE ( 'NONE', *, *, #2431, .F. ) ;
#215 = ORIENTED_EDGE ( 'NONE', *, *, #642, .T. ) ;
#216 = DIRECTION ( 'NONE',  ( 0.000000000000000000, 0.000000000000000000, 1.000000000000000000 ) ) ;
#217 = CARTESIAN_POINT ( 'NONE',  ( 29.56414504036117918, -34.00000000000000000, 12.24586983568286591 ) ) ;
#218 = CARTESIAN_POINT ( 'NONE',  ( -8.000000000000000000, 26.99999999999999645, -318.0000000000000000 ) ) ;
#219 = AXIS2_PLACEMENT_3D ( 'NONE', #1626, #2675, #2188 ) ;
#220 = VECTOR ( 'NONE', #2892, 1000.000000000000000 ) ;
#221 = AXIS2_PLACEMENT_3D ( 'NONE', #2082, #1358, #3068 ) ;
#222 = CARTESIAN_POINT ( 'NONE',  ( 12.24586983568288012, -34.00000000000000000, 29.56414504036117208 ) ) ;
#223 = ORIENTED_EDGE ( 'NONE', *, *, #1957, .T. ) ;
#224 = CIRCLE ( 'NONE', #1084, 2.750000000000002665 ) ;
#225 = ORIENTED_EDGE ( 'NONE', *, *, #2498, .F. ) ;
#226 = FACE_OUTER_BOUND ( 'NONE', #3151, .T. ) ;
#227 = ORIENTED_EDGE ( 'NONE', *, *, #2640, .T. ) ;
#228 = DIRECTION ( 'NONE',  ( 0.000000000000000000, 0.000000000000000000, 1.000000000000000000 ) ) ;
#229 = APPLICATION_PROTOCOL_DEFINITION ( 'international standard', 'config_control_design', 1994, #1540 ) ;
#230 = EDGE_CURVE ( 'NONE', #35, #592, #837, .T. ) ;
#231 = DIRECTION ( 'NONE',  ( 1.000000000000000000, 0.000000000000000000, 0.000000000000000000 ) ) ;
#232 = ORIENTED_EDGE ( 'NONE', *, *, #1034, .F. ) ;
#233 = ORIENTED_EDGE ( 'NONE', *, *, #2232, .T. ) ;
#234 = PLANE ( 'NONE',  #3098 ) ;
#235 = EDGE_CURVE ( 'NONE', #448, #751, #2449, .T. ) ;
#236 = DIRECTION ( 'NONE',  ( 0.000000000000000000, 1.000000000000000000, 0.000000000000000000 ) ) ;
#237 = FACE_BOUND ( 'NONE', #1962, .T. ) ;
#238 = EDGE_LOOP ( 'NONE', ( #2806, #3143, #1705, #2421 ) ) ;
#239 = CARTESIAN_POINT ( 'NONE',  ( 29.56414504036117918, -34.00000000000000000, 12.24586983568286591 ) ) ;
#240 = VERTEX_POINT ( 'NONE', #1809 ) ;
#241 = FACE_OUTER_BOUND ( 'NONE', #1927, .T. ) ;
#242 = ORIENTED_EDGE ( 'NONE', *, *, #1192, .F. ) ;
#243 = LINE ( 'NONE', #1252, #2912 ) ;
#244 = COORDINATED_UNIVERSAL_TIME_OFFSET ( 5, 30, .AHEAD. ) ;
#245 = CARTESIAN_POINT ( 'NONE',  ( 0.000000000000000000, 26.99999999999999645, -304.0000000000000000 ) ) ;
#246 = ORIENTED_EDGE ( 'NONE', *, *, #1087, .T. ) ;
#247 = ADVANCED_FACE ( 'NONE', ( #1824 ), #2807, .F. ) ;
#248 = FACE_OUTER_BOUND ( 'NONE', #2534, .T. ) ;
#249 = CYLINDRICAL_SURFACE ( 'NONE', #1919, 4.000000000000003553 ) ;
#250 = DIRECTION ( 'NONE',  ( 0.000000000000000000, 0.000000000000000000, -1.000000000000000000 ) ) ;
#251 = DIRECTION ( 'NONE',  ( 0.000000000000000000, 0.000000000000000000, -1.000000000000000000 ) ) ;
#252 = EDGE_LOOP ( 'NONE', ( #131, #1402, #1628, #538 ) ) ;
#253 = FACE_OUTER_BOUND ( 'NONE', #1958, .T. ) ;
#254 = AXIS2_PLACEMENT_3D ( 'NONE', #2990, #805, #2264 ) ;
#255 = ADVANCED_FACE ( 'NONE', ( #400 ), #691, .F. ) ;
#256 = ORIENTED_EDGE ( 'NONE', *, *, #2794, .F. ) ;
#257 = VERTEX_POINT ( 'NONE', #959 ) ;
#258 = CARTESIAN_POINT ( 'NONE',  ( 0.000000000000000000, -5.000000000000000000, 0.000000000000000000 ) ) ;
#259 = EDGE_LOOP ( 'NONE', ( #1954, #1251, #1152, #2394, #800, #3112, #707, #1045, #2878, #786 ) ) ;
#260 = DIRECTION ( 'NONE',  ( -0.000000000000000000, -1.000000000000000000, -0.000000000000000000 ) ) ;
#261 = COORDINATED_UNIVERSAL_TIME_OFFSET ( 5, 30, .AHEAD. ) ;
#262 = LINE ( 'NONE', #245, #2305 ) ;
#263 = ORIENTED_EDGE ( 'NONE', *, *, #2255, .T. ) ;
#264 = CARTESIAN_POINT ( 'NONE',  ( -30.00000000000000000, 27.00000000000000000, -260.0000000000000000 ) ) ;
#265 = LINE ( 'NONE', #2204, #2588 ) ;
#266 = VECTOR ( 'NONE', #2887, 1000.000000000000000 ) ;
#267 = CARTESIAN_POINT ( 'NONE',  ( 7.549834435270755151, 5.000000000000000000, -110.0000000000000000 ) ) ;
#268 = CARTESIAN_POINT ( 'NONE',  ( 0.000000000000000000, -18.00000000000000355, -304.0000000000000000 ) ) ;
#269 = ORIENTED_EDGE ( 'NONE', *, *, #3058, .T. ) ;
#270 = AXIS2_PLACEMENT_3D ( 'NONE', #2422, #260, #2215 ) ;
#271 = CARTESIAN_POINT ( 'NONE',  ( 0.000000000000000000, -5.000000000000000000, -206.0000000000000000 ) ) ;
#272 = AXIS2_PLACEMENT_3D ( 'NONE', #3085, #2577, #1375 ) ;
#273 = AXIS2_PLACEMENT_3D ( 'NONE', #2086, #2673, #457 ) ;
#274 = VECTOR ( 'NONE', #1952, 1000.000000000000000 ) ;
#275 = AXIS2_PLACEMENT_3D ( 'NONE', #2482, #523, #1487 ) ;
#276 = VERTEX_POINT ( 'NONE', #1890 ) ;
#277 = FACE_BOUND ( 'NONE', #664, .T. ) ;
#278 = AXIS2_PLACEMENT_3D ( 'NONE', #610, #2594, #415 ) ;
#279 = ORIENTED_EDGE ( 'NONE', *, *, #377, .F. ) ;
#280 = CARTESIAN_POINT ( 'NONE',  ( -30.00000000000000000, 5.000000000000000888, -260.0000000000000000 ) ) ;
#281 = AXIS2_PLACEMENT_3D ( 'NONE', #2644, #1409, #689 ) ;
#282 = DIRECTION ( 'NONE',  ( -0.2425356250363328858, 0.000000000000000000, -0.9701425001453318764 ) ) ;
#283 = DIRECTION ( 'NONE',  ( 0.000000000000000000, 0.000000000000000000, 1.000000000000000000 ) ) ;
#284 = ORIENTED_EDGE ( 'NONE', *, *, #1646, .F. ) ;
#285 = DIRECTION ( 'NONE',  ( -1.000000000000000000, 0.000000000000000000, 0.000000000000000000 ) ) ;
#286 = CARTESIAN_POINT ( 'NONE',  ( 30.00000000000000000, 5.000000000000000888, -260.0000000000000000 ) ) ;
#287 = DIRECTION ( 'NONE',  ( -0.000000000000000000, -1.000000000000000000, -0.000000000000000000 ) ) ;
#288 = CARTESIAN_POINT ( 'NONE',  ( 12.24586983568288012, -20.00000000000000355, 32.31414504036117563 ) ) ;
#289 = ORIENTED_EDGE ( 'NONE', *, *, #99, .F. ) ;
#290 = FACE_OUTER_BOUND ( 'NONE', #3010, .T. ) ;
#291 = ORIENTED_EDGE ( 'NONE', *, *, #433, .T. ) ;
#292 = ORIENTED_EDGE ( 'NONE', *, *, #2066, .F. ) ;
#293 = EDGE_CURVE ( 'NONE', #601, #2397, #1605, .T. ) ;
#294 = DIRECTION ( 'NONE',  ( 0.000000000000000000, 0.000000000000000000, 1.000000000000000000 ) ) ;
#295 = EDGE_LOOP ( 'NONE', ( #162, #1100, #1343, #3097, #2178, #1894, #2890, #2004, #460, #98 ) ) ;
#296 = FACE_BOUND ( 'NONE', #2385, .T. ) ;
#297 = ORIENTED_EDGE ( 'NONE', *, *, #1087, .F. ) ;
#298 = EDGE_CURVE ( 'NONE', #751, #448, #2031, .T. ) ;
#299 = FACE_BOUND ( 'NONE', #624, .T. ) ;
#300 = DIRECTION ( 'NONE',  ( 0.000000000000000000, 0.000000000000000000, 1.000000000000000000 ) ) ;
#301 = CYLINDRICAL_SURFACE ( 'NONE', #1038, 2.749999999999999112 ) ;
#302 = DIRECTION ( 'NONE',  ( 0.000000000000000000, 1.000000000000000000, 0.000000000000000000 ) ) ;
#303 = CARTESIAN_POINT ( 'NONE',  ( -18.50000000000001776, 5.000000000000000000, -175.6570600599757768 ) ) ;
#304 = VERTEX_POINT ( 'NONE', #2374 ) ;
#305 = DIRECTION ( 'NONE',  ( 0.000000000000000000, 1.000000000000000000, 0.000000000000000000 ) ) ;
#306 = VERTEX_POINT ( 'NONE', #1665 ) ;
#307 = APPROVAL_STATUS ( 'not_yet_approved' ) ;
#308 = DIRECTION ( 'NONE',  ( -0.000000000000000000, -1.000000000000000000, -0.000000000000000000 ) ) ;
#309 = EDGE_CURVE ( 'NONE', #1851, #276, #2343, .T. ) ;
#310 = VERTEX_POINT ( 'NONE', #1412 ) ;
#311 = DIRECTION ( 'NONE',  ( 0.000000000000000000, 1.000000000000000000, 0.000000000000000000 ) ) ;
#312 = DIRECTION ( 'NONE',  ( -0.000000000000000000, -1.000000000000000000, -0.000000000000000000 ) ) ;
#313 = DIRECTION ( 'NONE',  ( -0.000000000000000000, -1.000000000000000000, -0.000000000000000000 ) ) ;
#314 = DIRECTION ( 'NONE',  ( -0.000000000000000000, -1.000000000000000000, -0.000000000000000000 ) ) ;
#315 = EDGE_CURVE ( 'NONE', #2771, #89, #2390, .T. ) ;
#316 = AXIS2_PLACEMENT_3D ( 'NONE', #2248, #520, #1046 ) ;
#317 = LINE ( 'NONE', #1276, #2192 ) ;
#318 = AXIS2_PLACEMENT_3D ( 'NONE', #1359, #1062, #3042 ) ;
#319 = EDGE_LOOP ( 'NONE', ( #2493, #978, #2984, #1543 ) ) ;
#320 = ORIENTED_EDGE ( 'NONE', *, *, #721, .F. ) ;
#321 = VECTOR ( 'NONE', #3043, 1000.000000000000000 ) ;
#322 = VECTOR ( 'NONE', #761, 1000.000000000000000 ) ;
#323 = CIRCLE ( 'NONE', #631, 2.749999999999999112 ) ;
#324 = ORIENTED_EDGE ( 'NONE', *, *, #1274, .F. ) ;
#325 = CIRCLE ( 'NONE', #1945, 1.700000000000007061 ) ;
#326 = CARTESIAN_POINT ( 'NONE',  ( -18.49999999999999289, 5.000000000000000000, -148.3429399400241948 ) ) ;
#327 = AXIS2_PLACEMENT_3D ( 'NONE', #2663, #1496, #2420 ) ;
#328 = ORIENTED_EDGE ( 'NONE', *, *, #43, .F. ) ;
#329 = CARTESIAN_POINT ( 'NONE',  ( -30.00000000000000000, 27.00000000000000000, -260.0000000000000000 ) ) ;
#330 = EDGE_CURVE ( 'NONE', #2837, #2379, #572, .T. ) ;
#331 = CARTESIAN_POINT ( 'NONE',  ( 0.000000000000000000, 5.000000000000000000, -129.0000000000000000 ) ) ;
#332 = DIRECTION ( 'NONE',  ( -0.000000000000000000, -1.000000000000000000, -0.000000000000000000 ) ) ;
#333 = CARTESIAN_POINT ( 'NONE',  ( 0.000000000000000000, -20.00000000000000355, -66.00000000000000000 ) ) ;
#334 = CARTESIAN_POINT ( 'NONE',  ( -12.24586983568286414, -20.00000000000000355, 26.81414504036117563 ) ) ;
#335 = EDGE_CURVE ( 'NONE', #2016, #2725, #1376, .T. ) ;
#336 = DIRECTION ( 'NONE',  ( -0.000000000000000000, -1.000000000000000000, -0.000000000000000000 ) ) ;
#337 = ORIENTED_EDGE ( 'NONE', *, *, #43, .T. ) ;
#338 = VERTEX_POINT ( 'NONE', #1199 ) ;
#339 = CARTESIAN_POINT ( 'NONE',  ( 29.56414504036117918, -20.00000000000000355, 12.24586983568286591 ) ) ;
#340 = ORIENTED_EDGE ( 'NONE', *, *, #403, .T. ) ;
#341 = CARTESIAN_POINT ( 'NONE',  ( 0.000000000000000000, -34.00000000000000000, 0.000000000000000000 ) ) ;
#342 = DIRECTION ( 'NONE',  ( -0.000000000000000000, -1.000000000000000000, -0.000000000000000000 ) ) ;
#343 = FACE_OUTER_BOUND ( 'NONE', #606, .T. ) ;
#344 = CARTESIAN_POINT ( 'NONE',  ( 34.00000000000000000, -5.000000000000000888, -66.00000000000000000 ) ) ;
#345 = EDGE_CURVE ( 'NONE', #2662, #306, #413, .T. ) ;
#346 = ORIENTED_EDGE ( 'NONE', *, *, #534, .F. ) ;
#347 = CARTESIAN_POINT ( 'NONE',  ( -7.549834435270756039, 5.000000000000000000, -110.0000000000000000 ) ) ;
#348 = DIRECTION ( 'NONE',  ( 0.000000000000000000, 1.000000000000000000, 0.000000000000000000 ) ) ;
#349 = EDGE_CURVE ( 'NONE', #2603, #2826, #670, .T. ) ;
#350 = ORIENTED_EDGE ( 'NONE', *, *, #2801, .T. ) ;
#351 = VERTEX_POINT ( 'NONE', #2162 ) ;
#352 = CALENDAR_DATE ( 2026, 24, 9 ) ;
#353 = LINE ( 'NONE', #2552, #2256 ) ;
#354 = AXIS2_PLACEMENT_3D ( 'NONE', #1859, #180, #1149 ) ;
#355 = VERTEX_POINT ( 'NONE', #2146 ) ;
#356 = CARTESIAN_POINT ( 'NONE',  ( 12.24586983568288012, -20.00000000000000355, 26.81414504036117208 ) ) ;
#357 = LINE ( 'NONE', #1326, #911 ) ;
#358 = CARTESIAN_POINT ( 'NONE',  ( 0.000000000000000000, 18.00000000000000000, -300.0000000000000000 ) ) ;
#359 = DIRECTION ( 'NONE',  ( 0.6246950475544239545, 0.000000000000000000, -0.7808688094430306093 ) ) ;
#360 = CARTESIAN_POINT ( 'NONE',  ( -18.50000000000001776, -5.000000000000000000, -172.2570600599757711 ) ) ;
#361 = LINE ( 'NONE', #2057, #321 ) ;
#362 = CARTESIAN_POINT ( 'NONE',  ( -44.00000000000000000, -20.00000000000000355, 0.000000000000000000 ) ) ;
#363 = ORIENTED_EDGE ( 'NONE', *, *, #1777, .T. ) ;
#364 = EDGE_CURVE ( 'NONE', #257, #747, #1625, .T. ) ;
#365 = EDGE_CURVE ( 'NONE', #2520, #1664, #3141, .T. ) ;
#366 = VECTOR ( 'NONE', #2459, 1000.000000000000000 ) ;
#367 = ORIENTED_EDGE ( 'NONE', *, *, #493, .F. ) ;
#368 = EDGE_CURVE ( 'NONE', #2187, #2373, #3107, .T. ) ;
#369 = ORIENTED_EDGE ( 'NONE', *, *, #3138, .F. ) ;
#370 = DIRECTION ( 'NONE',  ( 0.000000000000000000, 1.000000000000000000, 0.000000000000000000 ) ) ;
#371 = CIRCLE ( 'NONE', #1138, 1.700000000000007061 ) ;
#372 = AXIS2_PLACEMENT_3D ( 'NONE', #889, #3009, #2269 ) ;
#373 = VERTEX_POINT ( 'NONE', #1858 ) ;
#374 = DIRECTION ( 'NONE',  ( 1.000000000000000000, 0.000000000000000000, 0.000000000000000000 ) ) ;
#375 = VECTOR ( 'NONE', #819, 1000.000000000000000 ) ;
#376 = DIRECTION ( 'NONE',  ( -0.000000000000000000, -1.000000000000000000, -0.000000000000000000 ) ) ;
#377 = EDGE_CURVE ( 'NONE', #2187, #189, #775, .T. ) ;
#378 = CARTESIAN_POINT ( 'NONE',  ( -48.00000000000000000, -5.000000000000000000, -236.0000000000000000 ) ) ;
#379 = FACE_OUTER_BOUND ( 'NONE', #2362, .T. ) ;
#380 = AXIS2_PLACEMENT_3D ( 'NONE', #2871, #653, #2833 ) ;
#381 = CARTESIAN_POINT ( 'NONE',  ( -48.00000000000000000, 5.000000000000000000, -88.00000000000000000 ) ) ;
#382 = VECTOR ( 'NONE', #3100, 1000.000000000000000 ) ;
#383 = DIRECTION ( 'NONE',  ( -0.000000000000000000, -1.000000000000000000, -0.000000000000000000 ) ) ;
#384 = DIRECTION ( 'NONE',  ( 0.000000000000000000, 0.000000000000000000, 1.000000000000000000 ) ) ;
#385 = EDGE_CURVE ( 'NONE', #469, #1693, #2243, .T. ) ;
#386 = EDGE_LOOP ( 'NONE', ( #2636, #756 ) ) ;
#387 = VERTEX_POINT ( 'NONE', #2596 ) ;
#388 = LINE ( 'NONE', #88, #731 ) ;
#389 = EDGE_LOOP ( 'NONE', ( #145, #2135, #1263, #2407 ) ) ;
#390 = CARTESIAN_POINT ( 'NONE',  ( -8.000000000000000000, -27.00000000000000000, -318.0000000000000000 ) ) ;
#391 = PLANE ( 'NONE',  #1717 ) ;
#392 = CYLINDRICAL_SURFACE ( 'NONE', #1789, 2.749999999999999112 ) ;
#393 = CARTESIAN_POINT ( 'NONE',  ( 12.24586983568288012, -20.00000000000000355, 29.56414504036117208 ) ) ;
#394 = DIRECTION ( 'NONE',  ( -0.000000000000000000, -1.000000000000000000, -0.000000000000000000 ) ) ;
#395 = DIRECTION ( 'NONE',  ( 0.000000000000000000, 0.000000000000000000, -1.000000000000000000 ) ) ;
#396 = ORIENTED_EDGE ( 'NONE', *, *, #781, .T. ) ;
#397 = PLANE ( 'NONE',  #1342 ) ;
#398 = VECTOR ( 'NONE', #2467, 1000.000000000000000 ) ;
#399 = ORIENTED_EDGE ( 'NONE', *, *, #661, .T. ) ;
#400 = FACE_OUTER_BOUND ( 'NONE', #1557, .T. ) ;
#401 = DIRECTION ( 'NONE',  ( 0.000000000000000000, 0.000000000000000000, 1.000000000000000000 ) ) ;
#402 = EDGE_CURVE ( 'NONE', #2900, #565, #161, .T. ) ;
#403 = EDGE_CURVE ( 'NONE', #2818, #861, #179, .T. ) ;
#404 = DIRECTION ( 'NONE',  ( -0.6246950475544239545, 0.000000000000000000, -0.7808688094430306093 ) ) ;
#405 = ORIENTED_EDGE ( 'NONE', *, *, #2937, .F. ) ;
#406 = ORIENTED_EDGE ( 'NONE', *, *, #410, .F. ) ;
#407 = ADVANCED_FACE ( 'NONE', ( #438 ), #1398, .F. ) ;
#408 = FACE_OUTER_BOUND ( 'NONE', #1731, .T. ) ;
#409 = FACE_OUTER_BOUND ( 'NONE', #2802, .T. ) ;
#410 = EDGE_CURVE ( 'NONE', #552, #1332, #875, .T. ) ;
#411 = ORIENTED_EDGE ( 'NONE', *, *, #661, .F. ) ;
#412 = ORIENTED_EDGE ( 'NONE', *, *, #2626, .F. ) ;
#413 = CIRCLE ( 'NONE', #2139, 4.000000000000003553 ) ;
#414 = PRODUCT_DEFINITION_SHAPE ( 'NONE', 'NONE',  #2712 ) ;
#415 = DIRECTION ( 'NONE',  ( 0.000000000000000000, 0.000000000000000000, 1.000000000000000000 ) ) ;
#416 = VECTOR ( 'NONE', #782, 1000.000000000000000 ) ;
#417 = ORIENTED_EDGE ( 'NONE', *, *, #1192, .T. ) ;
#418 = CARTESIAN_POINT ( 'NONE',  ( 0.000000000000000000, 5.000000000000000000, -118.0000000000000000 ) ) ;
#419 = DIRECTION ( 'NONE',  ( 0.5368754921931593316, 0.000000000000000000, 0.8436614877321073624 ) ) ;
#420 = VECTOR ( 'NONE', #3030, 1000.000000000000000 ) ;
#421 = CARTESIAN_POINT ( 'NONE',  ( 34.00000000000000000, -20.00000000000000355, 40.00000000000000000 ) ) ;
#422 = EDGE_LOOP ( 'NONE', ( #1805, #1099 ) ) ;
#423 = CIRCLE ( 'NONE', #2915, 1.700000000000007061 ) ;
#424 = ORIENTED_EDGE ( 'NONE', *, *, #1591, .T. ) ;
#425 = EDGE_CURVE ( 'NONE', #355, #1631, #243, .T. ) ;
#426 = ORIENTED_EDGE ( 'NONE', *, *, #2877, .F. ) ;
#427 = CARTESIAN_POINT ( 'NONE',  ( 30.00000000000000000, 5.000000000000000000, -264.0000000000000000 ) ) ;
#428 = CIRCLE ( 'NONE', #1741, 1.700000000000007061 ) ;
#429 = DIRECTION ( 'NONE',  ( 0.000000000000000000, 0.000000000000000000, 1.000000000000000000 ) ) ;
#430 = EDGE_CURVE ( 'NONE', #338, #3140, #1529, .T. ) ;
#431 = VECTOR ( 'NONE', #619, 1000.000000000000000 ) ;
#432 = CARTESIAN_POINT ( 'NONE',  ( 1.347111479062087024E-15, -5.000000000000000000, -194.9999999999999716 ) ) ;
#433 = EDGE_CURVE ( 'NONE', #355, #765, #2694, .T. ) ;
#434 = VERTEX_POINT ( 'NONE', #2 ) ;
#435 = ORIENTED_EDGE ( 'NONE', *, *, #625, .T. ) ;
#436 = DIRECTION ( 'NONE',  ( -0.000000000000000000, -1.000000000000000000, -0.000000000000000000 ) ) ;
#437 = ORIENTED_EDGE ( 'NONE', *, *, #2406, .F. ) ;
#438 = FACE_OUTER_BOUND ( 'NONE', #1700, .T. ) ;
#439 = DIRECTION ( 'NONE',  ( 0.8411784753765537692, -0.000000000000000000, 0.5407575913134984313 ) ) ;
#440 = DIRECTION ( 'NONE',  ( 0.000000000000000000, 1.000000000000000000, 0.000000000000000000 ) ) ;
#441 = VERTEX_POINT ( 'NONE', #738 ) ;
#442 = EDGE_LOOP ( 'NONE', ( #2651, #2587, #2759, #1187 ) ) ;
#443 = DIRECTION ( 'NONE',  ( 0.6246950475544239545, 0.000000000000000000, 0.7808688094430306093 ) ) ;
#444 = EDGE_CURVE ( 'NONE', #2425, #1870, #974, .T. ) ;
#445 = CARTESIAN_POINT ( 'NONE',  ( -34.00000000000000000, 5.000000000000000000, -66.00000000000000000 ) ) ;
#446 = DIRECTION ( 'NONE',  ( 0.000000000000000000, 0.000000000000000000, 1.000000000000000000 ) ) ;
#447 = EDGE_CURVE ( 'NONE', #2476, #2821, #673, .T. ) ;
#448 = VERTEX_POINT ( 'NONE', #1478 ) ;
#449 = CARTESIAN_POINT ( 'NONE',  ( 8.000000000000000000, 26.99999999999999645, -318.0000000000000000 ) ) ;
#450 = ORIENTED_EDGE ( 'NONE', *, *, #2013, .T. ) ;
#451 = DIRECTION ( 'NONE',  ( 0.000000000000000000, 0.000000000000000000, 1.000000000000000000 ) ) ;
#452 = CARTESIAN_POINT ( 'NONE',  ( 18.50000000000000355, 5.000000000000000000, -150.0429399400242119 ) ) ;
#453 = PRODUCT_RELATED_PRODUCT_CATEGORY ( 'detail', '', ( #901 ) ) ;
#454 = ORIENTED_EDGE ( 'NONE', *, *, #1660, .F. ) ;
#455 = ORIENTED_EDGE ( 'NONE', *, *, #2819, .T. ) ;
#456 = VECTOR ( 'NONE', #851, 1000.000000000000000 ) ;
#457 = DIRECTION ( 'NONE',  ( 0.000000000000000000, 0.000000000000000000, 1.000000000000000000 ) ) ;
#458 = CARTESIAN_POINT ( 'NONE',  ( 44.00000000000000000, -20.00000000000000355, 0.000000000000000000 ) ) ;
#459 = DIRECTION ( 'NONE',  ( 0.000000000000000000, 0.000000000000000000, 1.000000000000000000 ) ) ;
#460 = ORIENTED_EDGE ( 'NONE', *, *, #2050, .F. ) ;
#461 = ADVANCED_FACE ( 'NONE', ( #769 ), #1215, .F. ) ;
#462 = DIRECTION ( 'NONE',  ( 0.000000000000000000, 0.000000000000000000, 1.000000000000000000 ) ) ;
#463 = ORIENTED_EDGE ( 'NONE', *, *, #1122, .F. ) ;
#464 = EDGE_CURVE ( 'NONE', #543, #2479, #1959, .T. ) ;
#465 = CARTESIAN_POINT ( 'NONE',  ( 18.50000000000000355, 5.000000000000000000, -175.6570600599757768 ) ) ;
#466 = DIRECTION ( 'NONE',  ( 0.000000000000000000, 0.000000000000000000, 1.000000000000000000 ) ) ;
#467 = DIRECTION ( 'NONE',  ( 0.000000000000000000, 1.000000000000000000, -0.000000000000000000 ) ) ;
#468 = EDGE_LOOP ( 'NONE', ( #1873, #1319, #242, #2298 ) ) ;
#469 = VERTEX_POINT ( 'NONE', #719 ) ;
#470 = VECTOR ( 'NONE', #1636, 1000.000000000000000 ) ;
#471 = DIRECTION ( 'NONE',  ( -0.8436614877321074735, 0.000000000000000000, -0.5368754921931593316 ) ) ;
#472 = CARTESIAN_POINT ( 'NONE',  ( 44.00000000000000000, -20.00000000000000355, 0.000000000000000000 ) ) ;
#473 = CYLINDRICAL_SURFACE ( 'NONE', #2870, 2.749999999999999112 ) ;
#474 = CIRCLE ( 'NONE', #881, 2.750000000000002665 ) ;
#475 = AXIS2_PLACEMENT_3D ( 'NONE', #2947, #763, #1724 ) ;
#476 = AXIS2_PLACEMENT_3D ( 'NONE', #2542, #2054, #2279 ) ;
#477 = DIRECTION ( 'NONE',  ( -0.000000000000000000, -1.000000000000000000, -0.000000000000000000 ) ) ;
#478 = AXIS2_PLACEMENT_3D ( 'NONE', #1267, #518, #2441 ) ;
#479 = VERTEX_POINT ( 'NONE', #23 ) ;
#480 = FACE_BOUND ( 'NONE', #2097, .T. ) ;
#481 = EDGE_CURVE ( 'NONE', #2707, #1679, #2924, .T. ) ;
#482 = ORIENTED_EDGE ( 'NONE', *, *, #13, .F. ) ;
#483 = DIRECTION ( 'NONE',  ( 0.000000000000000000, 0.000000000000000000, 1.000000000000000000 ) ) ;
#484 = PERSON_AND_ORGANIZATION ( #2389, #2950 ) ;
#485 = CYLINDRICAL_SURFACE ( 'NONE', #478, 1.700000000000007061 ) ;
#486 = VERTEX_POINT ( 'NONE', #280 ) ;
#487 = VERTEX_POINT ( 'NONE', #1940 ) ;
#488 = ORIENTED_EDGE ( 'NONE', *, *, #81, .T. ) ;
#489 = LINE ( 'NONE', #1978, #2071 ) ;
#490 = DIRECTION ( 'NONE',  ( 0.000000000000000000, 0.000000000000000000, 1.000000000000000000 ) ) ;
#491 = PLANE ( 'NONE',  #583 ) ;
#492 = ORIENTED_EDGE ( 'NONE', *, *, #2738, .T. ) ;
#493 = EDGE_CURVE ( 'NONE', #189, #34, #1681, .T. ) ;
#494 = DIRECTION ( 'NONE',  ( 0.000000000000000000, 0.000000000000000000, 1.000000000000000000 ) ) ;
#495 = EDGE_LOOP ( 'NONE', ( #2011, #3121 ) ) ;
#496 = ORIENTED_EDGE ( 'NONE', *, *, #330, .T. ) ;
#497 = DIRECTION ( 'NONE',  ( 0.000000000000000000, 0.000000000000000000, 1.000000000000000000 ) ) ;
#498 = EDGE_LOOP ( 'NONE', ( #2586, #2728, #2730, #2868, #2124, #2258, #2630, #1473 ) ) ;
#499 = CARTESIAN_POINT ( 'NONE',  ( 18.50000000000000355, 5.000000000000000000, -236.3429399400241948 ) ) ;
#500 =( LENGTH_UNIT ( ) NAMED_UNIT ( * ) SI_UNIT ( .MILLI., .METRE. ) );
#501 = DIRECTION ( 'NONE',  ( 0.000000000000000000, -0.000000000000000000, -1.000000000000000000 ) ) ;
#502 = ORIENTED_EDGE ( 'NONE', *, *, #1203, .T. ) ;
#503 = CARTESIAN_POINT ( 'NONE',  ( -37.00000000000000000, 5.000000000000000000, -118.0000000000000000 ) ) ;
#504 = EDGE_CURVE ( 'NONE', #257, #2105, #589, .T. ) ;
#505 = DIRECTION ( 'NONE',  ( 0.000000000000000000, 1.000000000000000000, 0.000000000000000000 ) ) ;
#506 = DIRECTION ( 'NONE',  ( 0.000000000000000000, 0.000000000000000000, -1.000000000000000000 ) ) ;
#507 = CYLINDRICAL_SURFACE ( 'NONE', #2401, 11.00000000000001066 ) ;
#508 = ORIENTED_EDGE ( 'NONE', *, *, #1902, .F. ) ;
#509 = VECTOR ( 'NONE', #1810, 1000.000000000000114 ) ;
#510 = EDGE_CURVE ( 'NONE', #1868, #2889, #2070, .T. ) ;
#511 = DIRECTION ( 'NONE',  ( -0.000000000000000000, -1.000000000000000000, -0.000000000000000000 ) ) ;
#512 = ORIENTED_EDGE ( 'NONE', *, *, #174, .T. ) ;
#513 = ORIENTED_EDGE ( 'NONE', *, *, #2050, .T. ) ;
#514 = CARTESIAN_POINT ( 'NONE',  ( 0.000000000000000000, -20.00000000000000355, 0.000000000000000000 ) ) ;
#515 = ORIENTED_EDGE ( 'NONE', *, *, #364, .T. ) ;
#516 = DIRECTION ( 'NONE',  ( 0.000000000000000000, 1.000000000000000000, 0.000000000000000000 ) ) ;
#517 = APPROVAL_STATUS ( 'not_yet_approved' ) ;
#518 = DIRECTION ( 'NONE',  ( -0.000000000000000000, -1.000000000000000000, -0.000000000000000000 ) ) ;
#519 = VERTEX_POINT ( 'NONE', #1814 ) ;
#520 = DIRECTION ( 'NONE',  ( -0.000000000000000000, -1.000000000000000000, -0.000000000000000000 ) ) ;
#521 = CARTESIAN_POINT ( 'NONE',  ( 37.00000000000000000, -5.000000000000000000, -119.7000000000000028 ) ) ;
#522 = AXIS2_PLACEMENT_3D ( 'NONE', #999, #2480, #979 ) ;
#523 = DIRECTION ( 'NONE',  ( -0.8411784753765537692, 0.000000000000000000, 0.5407575913134984313 ) ) ;
#524 = DIRECTION ( 'NONE',  ( -0.000000000000000000, -1.000000000000000000, -0.000000000000000000 ) ) ;
#525 = ADVANCED_FACE ( 'NONE', ( #109 ), #3054, .F. ) ;
#526 = AXIS2_PLACEMENT_3D ( 'NONE', #1491, #527, #1505 ) ;
#527 = DIRECTION ( 'NONE',  ( -1.000000000000000000, 0.000000000000000000, 0.000000000000000000 ) ) ;
#528 = VECTOR ( 'NONE', #3057, 1000.000000000000000 ) ;
#529 = CIRCLE ( 'NONE', #2658, 2.749999999999999112 ) ;
#530 = AXIS2_PLACEMENT_3D ( 'NONE', #2854, #2838, #1619 ) ;
#531 = VERTEX_POINT ( 'NONE', #334 ) ;
#532 = DIRECTION ( 'NONE',  ( 0.000000000000000000, 0.000000000000000000, -1.000000000000000000 ) ) ;
#533 = VECTOR ( 'NONE', #1556, 1000.000000000000000 ) ;
#534 = EDGE_CURVE ( 'NONE', #902, #487, #1937, .T. ) ;
#535 = ORIENTED_EDGE ( 'NONE', *, *, #1622, .F. ) ;
#536 = VECTOR ( 'NONE', #2624, 1000.000000000000000 ) ;
#537 = CARTESIAN_POINT ( 'NONE',  ( -36.00000000000000000, -34.00000000000000000, -110.0000000000000000 ) ) ;
#538 = ORIENTED_EDGE ( 'NONE', *, *, #1203, .F. ) ;
#539 = DIRECTION ( 'NONE',  ( 0.000000000000000000, 0.000000000000000000, 1.000000000000000000 ) ) ;
#540 = FACE_OUTER_BOUND ( 'NONE', #1935, .T. ) ;
#541 = DIRECTION ( 'NONE',  ( 0.000000000000000000, 0.000000000000000000, -1.000000000000000000 ) ) ;
#542 = DIRECTION ( 'NONE',  ( 0.000000000000000000, 0.000000000000000000, 1.000000000000000000 ) ) ;
#543 = VERTEX_POINT ( 'NONE', #571 ) ;
#544 = VERTEX_POINT ( 'NONE', #1301 ) ;
#545 = DIRECTION ( 'NONE',  ( 0.5368754921931593316, 0.000000000000000000, -0.8436614877321073624 ) ) ;
#546 = ORIENTED_EDGE ( 'NONE', *, *, #1718, .F. ) ;
#547 = EDGE_CURVE ( 'NONE', #2292, #35, #2301, .T. ) ;
#548 = CARTESIAN_POINT ( 'NONE',  ( 48.00000000000000000, 5.000000000000000000, -236.0000000000000000 ) ) ;
#549 = ORIENTED_EDGE ( 'NONE', *, *, #1304, .F. ) ;
#550 = EDGE_CURVE ( 'NONE', #864, #2886, #602, .T. ) ;
#551 = FACE_BOUND ( 'NONE', #1415, .T. ) ;
#552 = VERTEX_POINT ( 'NONE', #141 ) ;
#553 = CARTESIAN_POINT ( 'NONE',  ( 18.50000000000000355, -5.000000000000000000, -175.6570600599757768 ) ) ;
#554 = DIRECTION ( 'NONE',  ( 0.000000000000000000, 0.000000000000000000, -1.000000000000000000 ) ) ;
#555 = EDGE_CURVE ( 'NONE', #747, #3096, #854, .T. ) ;
#556 = LINE ( 'NONE', #267, #2457 ) ;
#557 = CARTESIAN_POINT ( 'NONE',  ( 34.00000000000000000, -34.00000000000000000, 40.00000000000000000 ) ) ;
#558 = PLANE ( 'NONE',  #526 ) ;
#559 = AXIS2_PLACEMENT_3D ( 'NONE', #1883, #687, #1903 ) ;
#560 = ORIENTED_EDGE ( 'NONE', *, *, #1746, .F. ) ;
#561 = EDGE_CURVE ( 'NONE', #2101, #2850, #1676, .T. ) ;
#562 = ORIENTED_EDGE ( 'NONE', *, *, #2113, .F. ) ;
#563 = DATE_AND_TIME ( #2985, #1275 ) ;
#564 = CARTESIAN_POINT ( 'NONE',  ( 30.00000000000000000, 27.00000000000000000, -260.0000000000000000 ) ) ;
#565 = VERTEX_POINT ( 'NONE', #347 ) ;
#566 = LINE ( 'NONE', #264, #1827 ) ;
#567 = CARTESIAN_POINT ( 'NONE',  ( 0.000000000000000000, 5.000000000000000000, -169.9999999999999716 ) ) ;
#568 = LINE ( 'NONE', #2329, #2303 ) ;
#569 = DIRECTION ( 'NONE',  ( 0.000000000000000000, 1.000000000000000000, 0.000000000000000000 ) ) ;
#570 = EDGE_CURVE ( 'NONE', #2479, #2737, #2331, .T. ) ;
#571 = CARTESIAN_POINT ( 'NONE',  ( -8.000000000000000000, -18.00000000000000355, -318.0000000000000000 ) ) ;
#572 = CIRCLE ( 'NONE', #2754, 4.000000000000003553 ) ;
#573 = LINE ( 'NONE', #987, #2295 ) ;
#574 = CIRCLE ( 'NONE', #1583, 25.15000000000000213 ) ;
#575 = ORIENTED_EDGE ( 'NONE', *, *, #377, .T. ) ;
#576 = CIRCLE ( 'NONE', #2349, 2.750000000000002665 ) ;
#577 = VECTOR ( 'NONE', #2171, 1000.000000000000000 ) ;
#578 = AXIS2_PLACEMENT_3D ( 'NONE', #212, #2649, #2342 ) ;
#579 = VERTEX_POINT ( 'NONE', #2545 ) ;
#580 = CIRCLE ( 'NONE', #278, 2.750000000000002665 ) ;
#581 = EDGE_CURVE ( 'NONE', #2614, #937, #2795, .T. ) ;
#582 = CARTESIAN_POINT ( 'NONE',  ( 0.000000000000000000, -22.20000000000000284, 0.000000000000000000 ) ) ;
#583 = AXIS2_PLACEMENT_3D ( 'NONE', #2156, #3134, #1171 ) ;
#584 = ORIENTED_EDGE ( 'NONE', *, *, #2530, .T. ) ;
#585 = CARTESIAN_POINT ( 'NONE',  ( -16.00000000000000000, 18.00000000000000000, -308.0000000000000000 ) ) ;
#586 = CARTESIAN_POINT ( 'NONE',  ( 4.898587196589407898E-16, 18.00000000000000000, -296.0000000000000000 ) ) ;
#587 = CARTESIAN_POINT ( 'NONE',  ( -29.56414504036117563, -34.00000000000000000, -12.24586983568287657 ) ) ;
#588 = CARTESIAN_POINT ( 'NONE',  ( -30.00000000000000000, 5.000000000000000000, -264.0000000000000000 ) ) ;
#589 = LINE ( 'NONE', #1121, #2709 ) ;
#590 = ADVANCED_FACE ( 'NONE', ( #1786 ), #2575, .F. ) ;
#591 = CARTESIAN_POINT ( 'NONE',  ( 37.00000000000000000, 5.000000000000000000, -118.0000000000000000 ) ) ;
#592 = VERTEX_POINT ( 'NONE', #2563 ) ;
#593 = ORIENTED_EDGE ( 'NONE', *, *, #2232, .F. ) ;
#594 = PERSON_AND_ORGANIZATION_ROLE ( 'creator' ) ;
#595 = DIRECTION ( 'NONE',  ( 0.000000000000000000, 0.000000000000000000, 1.000000000000000000 ) ) ;
#596 = ORIENTED_EDGE ( 'NONE', *, *, #1877, .T. ) ;
#597 = DIRECTION ( 'NONE',  ( 0.000000000000000000, 0.000000000000000000, 1.000000000000000000 ) ) ;
#598 = LINE ( 'NONE', #838, #509 ) ;
#599 = LINE ( 'NONE', #852, #3070 ) ;
#600 = CARTESIAN_POINT ( 'NONE',  ( -30.00000000000000000, -27.00000000000000000, -260.0000000000000000 ) ) ;
#601 = VERTEX_POINT ( 'NONE', #2282 ) ;
#602 = LINE ( 'NONE', #1111, #3063 ) ;
#603 = ADVANCED_FACE ( 'NONE', ( #3071 ), #3008, .F. ) ;
#604 = FACE_OUTER_BOUND ( 'NONE', #2538, .T. ) ;
#605 = FACE_OUTER_BOUND ( 'NONE', #3049, .T. ) ;
#606 = EDGE_LOOP ( 'NONE', ( #1139, #2191, #1151, #1474 ) ) ;
#607 = CIRCLE ( 'NONE', #2740, 1.700000000000007061 ) ;
#608 = VERTEX_POINT ( 'NONE', #1534 ) ;
#609 = VERTEX_POINT ( 'NONE', #360 ) ;
#610 = CARTESIAN_POINT ( 'NONE',  ( 12.24586983568288012, -20.00000000000000355, 29.56414504036117208 ) ) ;
#611 = ORIENTED_EDGE ( 'NONE', *, *, #2626, .T. ) ;
#612 = CARTESIAN_POINT ( 'NONE',  ( -18.49999999999999289, 5.000000000000000000, -150.0429399400242119 ) ) ;
#613 = DIRECTION ( 'NONE',  ( 0.000000000000000000, 0.000000000000000000, 1.000000000000000000 ) ) ;
#614 = CARTESIAN_POINT ( 'NONE',  ( -37.00000000000000000, 5.000000000000000000, -119.7000000000000028 ) ) ;
#615 = CARTESIAN_POINT ( 'NONE',  ( -37.00000000000000000, -5.000000000000000000, -207.6999999999999886 ) ) ;
#616 = CARTESIAN_POINT ( 'NONE',  ( -29.56414504036117563, -20.00000000000000355, -14.99586983568287479 ) ) ;
#617 = CARTESIAN_POINT ( 'NONE',  ( 18.50000000000000355, -5.000000000000000000, -239.7429399400242005 ) ) ;
#618 = EDGE_CURVE ( 'NONE', #2208, #1571, #574, .T. ) ;
#619 = DIRECTION ( 'NONE',  ( -1.000000000000000000, 0.000000000000000000, 0.000000000000000000 ) ) ;
#620 = VECTOR ( 'NONE', #285, 1000.000000000000000 ) ;
#621 = EDGE_CURVE ( 'NONE', #1477, #2900, #1481, .T. ) ;
#622 = ORIENTED_EDGE ( 'NONE', *, *, #2089, .F. ) ;
#623 = AXIS2_PLACEMENT_3D ( 'NONE', #418, #2851, #2359 ) ;
#624 = EDGE_LOOP ( 'NONE', ( #3128, #2369 ) ) ;
#625 = EDGE_CURVE ( 'NONE', #2622, #2889, #977, .T. ) ;
#626 = DIRECTION ( 'NONE',  ( 0.000000000000000000, 0.000000000000000000, 1.000000000000000000 ) ) ;
#627 = VECTOR ( 'NONE', #1577, 1000.000000000000000 ) ;
#628 = AXIS2_PLACEMENT_3D ( 'NONE', #1880, #2859, #443 ) ;
#629 = EDGE_LOOP ( 'NONE', ( #725, #2655, #233, #1778 ) ) ;
#630 = DIRECTION ( 'NONE',  ( 0.000000000000000000, 1.000000000000000000, 0.000000000000000000 ) ) ;
#631 = AXIS2_PLACEMENT_3D ( 'NONE', #2068, #633, #2764 ) ;
#632 = PLANE ( 'NONE',  #2845 ) ;
#633 = DIRECTION ( 'NONE',  ( 0.000000000000000000, 1.000000000000000000, 0.000000000000000000 ) ) ;
#634 = DIRECTION ( 'NONE',  ( -0.000000000000000000, -1.000000000000000000, -0.000000000000000000 ) ) ;
#635 = LINE ( 'NONE', #2302, #2249 ) ;
#636 = CYLINDRICAL_SURFACE ( 'NONE', #272, 8.000000000000007105 ) ;
#637 = ORIENTED_EDGE ( 'NONE', *, *, #2817, .T. ) ;
#638 = ORIENTED_EDGE ( 'NONE', *, *, #2980, .F. ) ;
#639 = EDGE_CURVE ( 'NONE', #1668, #5, #113, .T. ) ;
#640 = CARTESIAN_POINT ( 'NONE',  ( -34.00000000000000000, -5.000000000000000000, -110.0000000000000000 ) ) ;
#641 = ORIENTED_EDGE ( 'NONE', *, *, #1507, .T. ) ;
#642 = EDGE_CURVE ( 'NONE', #1067, #565, #2499, .T. ) ;
#643 = DIRECTION ( 'NONE',  ( 0.000000000000000000, 0.000000000000000000, 1.000000000000000000 ) ) ;
#644 = CARTESIAN_POINT ( 'NONE',  ( -36.00000000000000000, -34.00000000000000000, -110.0000000000000000 ) ) ;
#645 = LINE ( 'NONE', #899, #730 ) ;
#646 = ORIENTED_EDGE ( 'NONE', *, *, #1892, .F. ) ;
#647 = EDGE_CURVE ( 'NONE', #387, #2262, #2751, .T. ) ;
#648 = DIRECTION ( 'NONE',  ( 0.000000000000000000, 0.000000000000000000, -1.000000000000000000 ) ) ;
#649 = DIRECTION ( 'NONE',  ( -0.000000000000000000, -1.000000000000000000, -0.000000000000000000 ) ) ;
#650 = ORIENTED_EDGE ( 'NONE', *, *, #2853, .F. ) ;
#651 = ORIENTED_EDGE ( 'NONE', *, *, #2286, .T. ) ;
#652 = EDGE_LOOP ( 'NONE', ( #1051, #19, #2434, #1012, #798, #1729 ) ) ;
#653 = DIRECTION ( 'NONE',  ( 0.000000000000000000, 1.000000000000000000, 0.000000000000000000 ) ) ;
#654 = EDGE_CURVE ( 'NONE', #3152, #1851, #2690, .T. ) ;
#655 = VECTOR ( 'NONE', #3119, 1000.000000000000000 ) ;
#656 = ORIENTED_EDGE ( 'NONE', *, *, #1659, .T. ) ;
#657 = CARTESIAN_POINT ( 'NONE',  ( 0.000000000000000000, -27.00000000000000000, -300.0000000000000000 ) ) ;
#658 = DIRECTION ( 'NONE',  ( 0.000000000000000000, 0.000000000000000000, -1.000000000000000000 ) ) ;
#659 = LOCAL_TIME ( 11, 8, 8.000000000000000000, #261 ) ;
#660 = CARTESIAN_POINT ( 'NONE',  ( 48.00000000000000000, 5.000000000000000000, -236.0000000000000000 ) ) ;
#661 = EDGE_CURVE ( 'NONE', #765, #304, #317, .T. ) ;
#662 = ADVANCED_FACE ( 'NONE', ( #290 ), #558, .F. ) ;
#663 = VERTEX_POINT ( 'NONE', #2519 ) ;
#664 = EDGE_LOOP ( 'NONE', ( #324, #2601 ) ) ;
#665 = DIRECTION ( 'NONE',  ( 0.000000000000000000, 0.000000000000000000, 1.000000000000000000 ) ) ;
#666 = DIRECTION ( 'NONE',  ( -0.000000000000000000, -1.000000000000000000, -0.000000000000000000 ) ) ;
#667 = ADVANCED_FACE ( 'NONE', ( #2485 ), #2238, .T. ) ;
#668 = PLANE ( 'NONE',  #219 ) ;
#669 = ORIENTED_EDGE ( 'NONE', *, *, #2665, .T. ) ;
#670 = CIRCLE ( 'NONE', #2855, 1.700000000000007061 ) ;
#671 = EDGE_LOOP ( 'NONE', ( #958, #1085 ) ) ;
#672 = FACE_OUTER_BOUND ( 'NONE', #1796, .T. ) ;
#673 = CIRCLE ( 'NONE', #2809, 1.700000000000007061 ) ;
#674 = ORIENTED_EDGE ( 'NONE', *, *, #2766, .T. ) ;
#675 = CARTESIAN_POINT ( 'NONE',  ( 16.00000000000000000, 0.000000000000000000, -270.0000000000000000 ) ) ;
#676 = EDGE_CURVE ( 'NONE', #846, #1910, #14, .T. ) ;
#677 = FACE_OUTER_BOUND ( 'NONE', #252, .T. ) ;
#678 = CIRCLE ( 'NONE', #1237, 25.15000000000000213 ) ;
#679 = AXIS2_PLACEMENT_3D ( 'NONE', #1965, #31, #541 ) ;
#680 = DIRECTION ( 'NONE',  ( -0.000000000000000000, -1.000000000000000000, -0.000000000000000000 ) ) ;
#681 = CIRCLE ( 'NONE', #2811, 2.749999999999999112 ) ;
#682 = CIRCLE ( 'NONE', #530, 1.700000000000007061 ) ;
#683 = ORIENTED_EDGE ( 'NONE', *, *, #481, .F. ) ;
#684 = ORIENTED_EDGE ( 'NONE', *, *, #618, .F. ) ;
#685 = DIRECTION ( 'NONE',  ( 0.000000000000000000, 1.000000000000000000, 0.000000000000000000 ) ) ;
#686 = FACE_OUTER_BOUND ( 'NONE', #900, .T. ) ;
#687 = DIRECTION ( 'NONE',  ( 0.000000000000000000, 1.000000000000000000, 0.000000000000000000 ) ) ;
#688 = ORIENTED_EDGE ( 'NONE', *, *, #834, .F. ) ;
#689 = DIRECTION ( 'NONE',  ( 0.000000000000000000, 0.000000000000000000, 1.000000000000000000 ) ) ;
#690 = EDGE_LOOP ( 'NONE', ( #1904, #1022, #1348, #1054 ) ) ;
#691 = CYLINDRICAL_SURFACE ( 'NONE', #1934, 8.000000000000007105 ) ;
#692 = CARTESIAN_POINT ( 'NONE',  ( -44.00000000000000000, -20.00000000000000355, 0.000000000000000000 ) ) ;
#693 = LINE ( 'NONE', #2392, #1336 ) ;
#694 = ORIENTED_EDGE ( 'NONE', *, *, #1706, .F. ) ;
#695 = EDGE_LOOP ( 'NONE', ( #515, #2753, #948, #2621 ) ) ;
#696 = LINE ( 'NONE', #1656, #1629 ) ;
#697 = DIRECTION ( 'NONE',  ( 0.000000000000000000, -0.000000000000000000, 1.000000000000000000 ) ) ;
#698 = EDGE_CURVE ( 'NONE', #2916, #2143, #573, .T. ) ;
#699 = EDGE_CURVE ( 'NONE', #993, #552, #1291, .T. ) ;
#700 = CARTESIAN_POINT ( 'NONE',  ( -29.56414504036117918, -20.00000000000000355, 12.24586983568286946 ) ) ;
#701 = ORIENTED_EDGE ( 'NONE', *, *, #1354, .F. ) ;
#702 = DIRECTION ( 'NONE',  ( 0.000000000000000000, 1.000000000000000000, 0.000000000000000000 ) ) ;
#703 = EDGE_LOOP ( 'NONE', ( #1448, #2645, #2593, #562 ) ) ;
#704 = DIRECTION ( 'NONE',  ( 0.000000000000000000, 1.000000000000000000, 0.000000000000000000 ) ) ;
#705 = DIRECTION ( 'NONE',  ( -0.5407575913134984313, 0.000000000000000000, -0.8411784753765537692 ) ) ;
#706 = CIRCLE ( 'NONE', #147, 1.700000000000007061 ) ;
#707 = ORIENTED_EDGE ( 'NONE', *, *, #676, .T. ) ;
#708 = ORIENTED_EDGE ( 'NONE', *, *, #81, .F. ) ;
#709 = DIRECTION ( 'NONE',  ( 0.000000000000000000, 1.000000000000000000, 0.000000000000000000 ) ) ;
#710 = DIRECTION ( 'NONE',  ( 0.000000000000000000, 1.000000000000000000, 0.000000000000000000 ) ) ;
#711 = CARTESIAN_POINT ( 'NONE',  ( 30.00000000000000000, 27.00000000000000000, -260.0000000000000000 ) ) ;
#712 = ADVANCED_FACE ( 'NONE', ( #796 ), #2473, .F. ) ;
#713 = LINE ( 'NONE', #2913, #577 ) ;
#714 = ORIENTED_EDGE ( 'NONE', *, *, #1794, .F. ) ;
#715 = CIRCLE ( 'NONE', #1580, 1.700000000000007061 ) ;
#716 = FACE_BOUND ( 'NONE', #1212, .T. ) ;
#717 = AXIS2_PLACEMENT_3D ( 'NONE', #1544, #2276, #2325 ) ;
#718 = ORIENTED_EDGE ( 'NONE', *, *, #134, .T. ) ;
#719 = CARTESIAN_POINT ( 'NONE',  ( 18.50000000000000355, 5.000000000000000000, -148.3429399400241948 ) ) ;
#720 = PERSON_AND_ORGANIZATION_ROLE ( 'design_owner' ) ;
#721 = EDGE_CURVE ( 'NONE', #2889, #2622, #2557, .T. ) ;
#722 = DIRECTION ( 'NONE',  ( 0.000000000000000000, 1.000000000000000000, 0.000000000000000000 ) ) ;
#723 = AXIS2_PLACEMENT_3D ( 'NONE', #393, #2768, #1579 ) ;
#724 = VERTEX_POINT ( 'NONE', #1756 ) ;
#725 = ORIENTED_EDGE ( 'NONE', *, *, #898, .F. ) ;
#726 = CARTESIAN_POINT ( 'NONE',  ( 0.000000000000000000, 5.000000000000000000, -206.0000000000000000 ) ) ;
#727 = LINE ( 'NONE', #903, #2969 ) ;
#728 = LINE ( 'NONE', #218, #1088 ) ;
#729 = VECTOR ( 'NONE', #2221, 1000.000000000000000 ) ;
#730 = VECTOR ( 'NONE', #1432, 1000.000000000000000 ) ;
#731 = VECTOR ( 'NONE', #2261, 1000.000000000000000 ) ;
#732 = CARTESIAN_POINT ( 'NONE',  ( -37.00000000000000000, 5.000000000000000000, -207.6999999999999886 ) ) ;
#733 = VECTOR ( 'NONE', #1582, 1000.000000000000000 ) ;
#734 = VERTEX_POINT ( 'NONE', #808 ) ;
#735 = CARTESIAN_POINT ( 'NONE',  ( -16.00000000000000000, -18.00000000000000355, -308.0000000000000000 ) ) ;
#736 = EDGE_CURVE ( 'NONE', #2450, #169, #2736, .T. ) ;
#737 = ORIENTED_EDGE ( 'NONE', *, *, #2447, .F. ) ;
#738 = CARTESIAN_POINT ( 'NONE',  ( -34.00000000000000000, -5.000000000000000000, -66.00000000000000000 ) ) ;
#739 = PERSON_AND_ORGANIZATION ( #2389, #2950 ) ;
#740 = CARTESIAN_POINT ( 'NONE',  ( -18.50000000000001776, -5.000000000000000000, -173.9570600599757597 ) ) ;
#741 = ADVANCED_FACE ( 'NONE', ( #748 ), #50, .F. ) ;
#742 = ORIENTED_EDGE ( 'NONE', *, *, #1921, .T. ) ;
#743 = ORIENTED_EDGE ( 'NONE', *, *, #547, .T. ) ;
#744 = CARTESIAN_POINT ( 'NONE',  ( 16.00000000000000000, -18.00000000000000355, -308.0000000000000000 ) ) ;
#745 = CARTESIAN_POINT ( 'NONE',  ( 12.24586983568287479, -20.00000000000000355, -26.81414504036117563 ) ) ;
#746 = CARTESIAN_POINT ( 'NONE',  ( -8.000000000000000000, -27.00000000000000000, -318.0000000000000000 ) ) ;
#747 = VERTEX_POINT ( 'NONE', #2209 ) ;
#748 = FACE_OUTER_BOUND ( 'NONE', #208, .T. ) ;
#749 = ORIENTED_EDGE ( 'NONE', *, *, #444, .T. ) ;
#750 = PLANE ( 'NONE',  #3016 ) ;
#751 = VERTEX_POINT ( 'NONE', #33 ) ;
#752 = DIRECTION ( 'NONE',  ( -0.000000000000000000, -1.000000000000000000, -0.000000000000000000 ) ) ;
#753 = PLANE ( 'NONE',  #2642 ) ;
#754 = ADVANCED_FACE ( 'NONE', ( #1003 ), #1967, .F. ) ;
#755 = CARTESIAN_POINT ( 'NONE',  ( -18.49999999999999289, -5.000000000000000000, -236.3429399400242232 ) ) ;
#756 = ORIENTED_EDGE ( 'NONE', *, *, #1426, .T. ) ;
#757 = FACE_BOUND ( 'NONE', #671, .T. ) ;
#758 = DIRECTION ( 'NONE',  ( 0.000000000000000000, 1.000000000000000000, 0.000000000000000000 ) ) ;
#759 = VECTOR ( 'NONE', #964, 1000.000000000000000 ) ;
#760 = LINE ( 'NONE', #1721, #2142 ) ;
#761 = DIRECTION ( 'NONE',  ( -0.000000000000000000, -1.000000000000000000, -0.000000000000000000 ) ) ;
#762 = EDGE_LOOP ( 'NONE', ( #1201, #1465, #1443, #892 ) ) ;
#763 = DIRECTION ( 'NONE',  ( -0.000000000000000000, -1.000000000000000000, -0.000000000000000000 ) ) ;
#764 = VECTOR ( 'NONE', #91, 1000.000000000000000 ) ;
#765 = VERTEX_POINT ( 'NONE', #2705 ) ;
#766 = ORIENTED_EDGE ( 'NONE', *, *, #1532, .T. ) ;
#767 = FACE_BOUND ( 'NONE', #175, .T. ) ;
#768 = ORIENTED_EDGE ( 'NONE', *, *, #2308, .F. ) ;
#769 = FACE_OUTER_BOUND ( 'NONE', #468, .T. ) ;
#770 = FACE_BOUND ( 'NONE', #1594, .T. ) ;
#771 = ORIENTED_EDGE ( 'NONE', *, *, #2648, .T. ) ;
#772 = EDGE_CURVE ( 'NONE', #2671, #75, #1020, .T. ) ;
#773 = DIRECTION ( 'NONE',  ( 0.000000000000000000, 0.000000000000000000, 1.000000000000000000 ) ) ;
#774 = DIRECTION ( 'NONE',  ( 0.000000000000000000, 0.000000000000000000, 1.000000000000000000 ) ) ;
#775 = CIRCLE ( 'NONE', #2553, 1.700000000000007061 ) ;
#776 = CARTESIAN_POINT ( 'NONE',  ( -34.00000000000000000, -20.00000000000000355, -66.00000000000000000 ) ) ;
#777 = DIRECTION ( 'NONE',  ( -0.000000000000000000, -1.000000000000000000, -0.000000000000000000 ) ) ;
#778 = ORIENTED_EDGE ( 'NONE', *, *, #955, .T. ) ;
#779 = AXIS2_PLACEMENT_3D ( 'NONE', #40, #1008, #483 ) ;
#780 = ADVANCED_FACE ( 'NONE', ( #604 ), #1077, .F. ) ;
#781 = EDGE_CURVE ( 'NONE', #1726, #1630, #1585, .T. ) ;
#782 = DIRECTION ( 'NONE',  ( -0.000000000000000000, -1.000000000000000000, -0.000000000000000000 ) ) ;
#783 = CIRCLE ( 'NONE', #2968, 6.000000000000000000 ) ;
#784 = AXIS2_PLACEMENT_3D ( 'NONE', #271, #1953, #1535 ) ;
#785 = AXIS2_PLACEMENT_3D ( 'NONE', #421, #1386, #2361 ) ;
#786 = ORIENTED_EDGE ( 'NONE', *, *, #811, .T. ) ;
#787 = FACE_BOUND ( 'NONE', #1520, .T. ) ;
#788 = CIRCLE ( 'NONE', #887, 10.99999999999999645 ) ;
#789 = ORIENTED_EDGE ( 'NONE', *, *, #2937, .T. ) ;
#790 = DIRECTION ( 'NONE',  ( -0.000000000000000000, -1.000000000000000000, -0.000000000000000000 ) ) ;
#791 = EDGE_LOOP ( 'NONE', ( #2524, #1027 ) ) ;
#792 = DIRECTION ( 'NONE',  ( 0.000000000000000000, 1.000000000000000000, 0.000000000000000000 ) ) ;
#793 = CARTESIAN_POINT ( 'NONE',  ( 18.50000000000000355, 5.000000000000000000, -239.7429399400242005 ) ) ;
#794 = FACE_OUTER_BOUND ( 'NONE', #703, .T. ) ;
#795 = DIRECTION ( 'NONE',  ( 0.000000000000000000, -0.000000000000000000, 1.000000000000000000 ) ) ;
#796 = FACE_OUTER_BOUND ( 'NONE', #2079, .T. ) ;
#797 = ADVANCED_FACE ( 'NONE', ( #1315 ), #1787, .F. ) ;
#798 = ORIENTED_EDGE ( 'NONE', *, *, #1750, .F. ) ;
#799 = EDGE_CURVE ( 'NONE', #479, #2166, #2827, .T. ) ;
#800 = ORIENTED_EDGE ( 'NONE', *, *, #2104, .T. ) ;
#801 = EDGE_CURVE ( 'NONE', #1828, #1039, #635, .T. ) ;
#802 = CARTESIAN_POINT ( 'NONE',  ( 18.50000000000000355, 5.000000000000000000, -151.7429399400242289 ) ) ;
#803 = ORIENTED_EDGE ( 'NONE', *, *, #1068, .T. ) ;
#804 = CARTESIAN_POINT ( 'NONE',  ( -48.00000000000000000, 5.000000000000000000, -88.00000000000000000 ) ) ;
#805 = DIRECTION ( 'NONE',  ( 0.000000000000000000, 1.000000000000000000, 0.000000000000000000 ) ) ;
#806 = DIRECTION ( 'NONE',  ( -0.000000000000000000, -1.000000000000000000, -0.000000000000000000 ) ) ;
#807 = DIRECTION ( 'NONE',  ( -0.07253569577882137964, 0.000000000000000000, -0.9973658169587938938 ) ) ;
#808 = CARTESIAN_POINT ( 'NONE',  ( -8.000000000000000000, 26.99999999999999645, -318.0000000000000000 ) ) ;
#809 = VECTOR ( 'NONE', #3102, 1000.000000000000000 ) ;
#810 = VERTEX_POINT ( 'NONE', #1063 ) ;
#811 = EDGE_CURVE ( 'NONE', #1664, #724, #870, .T. ) ;
#812 = ORIENTED_EDGE ( 'NONE', *, *, #1302, .F. ) ;
#813 = DATE_AND_TIME ( #1233, #659 ) ;
#814 = DIRECTION ( 'NONE',  ( -0.000000000000000000, -1.000000000000000000, -0.000000000000000000 ) ) ;
#815 = EDGE_LOOP ( 'NONE', ( #2704, #2060, #1615, #2134 ) ) ;
#816 = EDGE_CURVE ( 'NONE', #1747, #35, #1551, .T. ) ;
#817 = PLANE ( 'NONE',  #2965 ) ;
#818 = CARTESIAN_POINT ( 'NONE',  ( -30.00000000000000000, 5.000000000000000000, -264.0000000000000000 ) ) ;
#819 = DIRECTION ( 'NONE',  ( 0.000000000000000000, 0.000000000000000000, -1.000000000000000000 ) ) ;
#820 = CARTESIAN_POINT ( 'NONE',  ( -37.00000000000000000, -5.000000000000000000, -118.0000000000000000 ) ) ;
#821 = ORIENTED_EDGE ( 'NONE', *, *, #1209, .F. ) ;
#822 = DIRECTION ( 'NONE',  ( 0.000000000000000000, 1.000000000000000000, 0.000000000000000000 ) ) ;
#823 = CIRCLE ( 'NONE', #1776, 4.000000000000003553 ) ;
#824 = CARTESIAN_POINT ( 'NONE',  ( 16.00000000000000000, 18.00000000000000000, -270.0000000000000000 ) ) ;
#825 = AXIS2_PLACEMENT_3D ( 'NONE', #1232, #1712, #2939 ) ;
#826 = ORIENTED_EDGE ( 'NONE', *, *, #555, .F. ) ;
#827 = EDGE_LOOP ( 'NONE', ( #1589, #2002 ) ) ;
#828 = AXIS2_PLACEMENT_3D ( 'NONE', #591, #383, #648 ) ;
#829 = CIRCLE ( 'NONE', #1788, 1.700000000000007061 ) ;
#830 = CIRCLE ( 'NONE', #18, 1.700000000000007061 ) ;
#831 = EDGE_LOOP ( 'NONE', ( #1169, #2691, #1923, #2679 ) ) ;
#832 = DIRECTION ( 'NONE',  ( 0.000000000000000000, 0.000000000000000000, -1.000000000000000000 ) ) ;
#833 = EDGE_CURVE ( 'NONE', #1709, #1147, #1112, .T. ) ;
#834 = EDGE_CURVE ( 'NONE', #1987, #937, #529, .T. ) ;
#835 = AXIS2_PLACEMENT_3D ( 'NONE', #2003, #2320, #395 ) ;
#836 = ORIENTED_EDGE ( 'NONE', *, *, #1006, .F. ) ;
#837 = LINE ( 'NONE', #149, #874 ) ;
#838 = CARTESIAN_POINT ( 'NONE',  ( 48.00000000000000000, -5.000000000000000000, -236.0000000000000000 ) ) ;
#839 = DIRECTION ( 'NONE',  ( 0.000000000000000000, 0.000000000000000000, 1.000000000000000000 ) ) ;
#840 = PLANE ( 'NONE',  #1183 ) ;
#841 = EDGE_CURVE ( 'NONE', #1630, #1726, #1993, .T. ) ;
#842 = DIRECTION ( 'NONE',  ( 0.000000000000000000, 1.000000000000000000, 0.000000000000000000 ) ) ;
#843 = CARTESIAN_POINT ( 'NONE',  ( -34.00000000000000000, -20.00000000000000355, 40.00000000000000000 ) ) ;
#844 = DIRECTION ( 'NONE',  ( 0.000000000000000000, 1.000000000000000000, 0.000000000000000000 ) ) ;
#845 = VERTEX_POINT ( 'NONE', #2041 ) ;
#846 = VERTEX_POINT ( 'NONE', #1610 ) ;
#847 = LINE ( 'NONE', #1761, #1135 ) ;
#848 = VERTEX_POINT ( 'NONE', #2589 ) ;
#849 = DIRECTION ( 'NONE',  ( 0.000000000000000000, 0.000000000000000000, -1.000000000000000000 ) ) ;
#850 = ADVANCED_FACE ( 'NONE', ( #408 ), #3072, .F. ) ;
#851 = DIRECTION ( 'NONE',  ( -0.000000000000000000, -1.000000000000000000, -0.000000000000000000 ) ) ;
#852 = CARTESIAN_POINT ( 'NONE',  ( -29.56414504036117563, -20.00000000000000355, -9.495869835682878346 ) ) ;
#853 = DIRECTION ( 'NONE',  ( -1.000000000000000000, 0.000000000000000000, 0.000000000000000000 ) ) ;
#854 = LINE ( 'NONE', #869, #1424 ) ;
#855 = DIRECTION ( 'NONE',  ( -0.000000000000000000, -1.000000000000000000, -0.000000000000000000 ) ) ;
#856 = CARTESIAN_POINT ( 'NONE',  ( 30.00000000000000000, -27.00000000000000000, -270.0000000000000000 ) ) ;
#857 = ORIENTED_EDGE ( 'NONE', *, *, #1452, .F. ) ;
#858 = EDGE_CURVE ( 'NONE', #2281, #2916, #1599, .T. ) ;
#859 = CIRCLE ( 'NONE', #2639, 1.700000000000007061 ) ;
#860 = EDGE_LOOP ( 'NONE', ( #1862, #1723 ) ) ;
#861 = VERTEX_POINT ( 'NONE', #824 ) ;
#862 = APPROVAL_PERSON_ORGANIZATION ( #2971, #2559, #1988 ) ;
#863 = CYLINDRICAL_SURFACE ( 'NONE', #2816, 2.749999999999999112 ) ;
#864 = VERTEX_POINT ( 'NONE', #843 ) ;
#865 = CYLINDRICAL_SURFACE ( 'NONE', #2600, 1.700000000000007061 ) ;
#866 = DIRECTION ( 'NONE',  ( -0.000000000000000000, -1.000000000000000000, -0.000000000000000000 ) ) ;
#867 = CARTESIAN_POINT ( 'NONE',  ( 30.00000000000000000, -27.00000000000000000, -260.0000000000000000 ) ) ;
#868 = ORIENTED_EDGE ( 'NONE', *, *, #1892, .T. ) ;
#869 = CARTESIAN_POINT ( 'NONE',  ( -29.56414504036117918, -20.00000000000000355, 14.99586983568286946 ) ) ;
#870 = LINE ( 'NONE', #129, #1836 ) ;
#871 = FACE_OUTER_BOUND ( 'NONE', #1389, .T. ) ;
#872 = EDGE_CURVE ( 'NONE', #1144, #1609, #1803, .T. ) ;
#873 = EDGE_CURVE ( 'NONE', #846, #2312, #361, .T. ) ;
#874 = VECTOR ( 'NONE', #2293, 1000.000000000000000 ) ;
#875 = CIRCLE ( 'NONE', #779, 6.000000000000000000 ) ;
#876 = EDGE_CURVE ( 'NONE', #592, #3032, #2319, .T. ) ;
#877 = ORIENTED_EDGE ( 'NONE', *, *, #2829, .T. ) ;
#878 = VECTOR ( 'NONE', #2283, 1000.000000000000000 ) ;
#879 = ORIENTED_EDGE ( 'NONE', *, *, #2597, .T. ) ;
#880 = CARTESIAN_POINT ( 'NONE',  ( -30.00000000000000000, 27.00000000000000000, -260.0000000000000000 ) ) ;
#881 = AXIS2_PLACEMENT_3D ( 'NONE', #222, #2417, #446 ) ;
#882 = VERTEX_POINT ( 'NONE', #617 ) ;
#883 = DIRECTION ( 'NONE',  ( 1.000000000000000000, 0.000000000000000000, -0.000000000000000000 ) ) ;
#884 = AXIS2_PLACEMENT_3D ( 'NONE', #358, #1073, #1530 ) ;
#885 = CARTESIAN_POINT ( 'NONE',  ( -30.00000000000000000, 27.00000000000000000, -260.0000000000000000 ) ) ;
#886 = CARTESIAN_POINT ( 'NONE',  ( 18.50000000000000355, 5.000000000000000000, -172.2570600599757711 ) ) ;
#887 = AXIS2_PLACEMENT_3D ( 'NONE', #116, #1295, #1593 ) ;
#888 = DIRECTION ( 'NONE',  ( 0.8436614877321074735, 0.000000000000000000, -0.5368754921931593316 ) ) ;
#889 = CARTESIAN_POINT ( 'NONE',  ( -18.49999999999999289, 5.000000000000000000, -238.0429399400242403 ) ) ;
#890 = CYLINDRICAL_SURFACE ( 'NONE', #1896, 2.749999999999999112 ) ;
#891 = ADVANCED_FACE ( 'NONE', ( #1581 ), #3056, .F. ) ;
#892 = ORIENTED_EDGE ( 'NONE', *, *, #833, .T. ) ;
#893 = EDGE_LOOP ( 'NONE', ( #1839, #1771 ) ) ;
#894 = DIRECTION ( 'NONE',  ( 0.000000000000000000, 0.000000000000000000, 1.000000000000000000 ) ) ;
#895 = ORIENTED_EDGE ( 'NONE', *, *, #298, .T. ) ;
#896 = DIRECTION ( 'NONE',  ( 0.000000000000000000, 1.000000000000000000, 0.000000000000000000 ) ) ;
#897 = DIRECTION ( 'NONE',  ( 0.000000000000000000, 0.000000000000000000, 1.000000000000000000 ) ) ;
#898 = EDGE_CURVE ( 'NONE', #1168, #845, #2562, .T. ) ;
#899 = CARTESIAN_POINT ( 'NONE',  ( 36.00000000000000000, -20.00000000000000355, -110.0000000000000000 ) ) ;
#900 = EDGE_LOOP ( 'NONE', ( #1861, #2713, #2412, #3033 ) ) ;
#901 = PRODUCT ( 'JX1_Shin_L', 'JX1_Shin_L', '', ( #1413 ) ) ;
#902 = VERTEX_POINT ( 'NONE', #3133 ) ;
#903 = CARTESIAN_POINT ( 'NONE',  ( -12.24586983568286414, -20.00000000000000355, 26.81414504036117563 ) ) ;
#904 = CARTESIAN_POINT ( 'NONE',  ( 34.00000000000000000, 5.000000000000000000, -66.00000000000000000 ) ) ;
#905 = CARTESIAN_POINT ( 'NONE',  ( 36.00000000000000000, -20.00000000000000355, -110.0000000000000000 ) ) ;
#906 = EDGE_CURVE ( 'NONE', #2886, #2312, #3146, .T. ) ;
#907 = ORIENTED_EDGE ( 'NONE', *, *, #873, .T. ) ;
#908 = ORIENTED_EDGE ( 'NONE', *, *, #2929, .T. ) ;
#909 = ORIENTED_EDGE ( 'NONE', *, *, #841, .F. ) ;
#910 = PLANE ( 'NONE',  #1438 ) ;
#911 = VECTOR ( 'NONE', #2020, 1000.000000000000000 ) ;
#912 = EDGE_CURVE ( 'NONE', #2153, #182, #1184, .T. ) ;
#913 = ORIENTED_EDGE ( 'NONE', *, *, #1265, .F. ) ;
#914 = CARTESIAN_POINT ( 'NONE',  ( -29.56414504036117918, -20.00000000000000355, 12.24586983568286946 ) ) ;
#915 = FACE_BOUND ( 'NONE', #1509, .T. ) ;
#916 = APPROVAL_PERSON_ORGANIZATION ( #484, #2138, #2423 ) ;
#917 = LINE ( 'NONE', #1185, #2917 ) ;
#918 = ADVANCED_FACE ( 'NONE', ( #2653 ), #1688, .F. ) ;
#919 = ORIENTED_EDGE ( 'NONE', *, *, #1618, .F. ) ;
#920 = ORIENTED_EDGE ( 'NONE', *, *, #504, .T. ) ;
#921 = LINE ( 'NONE', #2637, #220 ) ;
#922 = DIRECTION ( 'NONE',  ( 1.000000000000000000, 0.000000000000000000, -0.000000000000000000 ) ) ;
#923 = CARTESIAN_POINT ( 'NONE',  ( 0.000000000000000000, -22.20000000000000284, 0.000000000000000000 ) ) ;
#924 = EDGE_LOOP ( 'NONE', ( #2047, #2507, #2595, #2164 ) ) ;
#925 = VECTOR ( 'NONE', #163, 1000.000000000000000 ) ;
#926 = DIRECTION ( 'NONE',  ( -0.000000000000000000, -1.000000000000000000, -0.000000000000000000 ) ) ;
#927 = ORIENTED_EDGE ( 'NONE', *, *, #1545, .F. ) ;
#928 = DIRECTION ( 'NONE',  ( 0.000000000000000000, 0.000000000000000000, 1.000000000000000000 ) ) ;
#929 = DIRECTION ( 'NONE',  ( 0.000000000000000000, -1.000000000000000000, 0.000000000000000000 ) ) ;
#930 = AXIS2_PLACEMENT_3D ( 'NONE', #2096, #1161, #462 ) ;
#931 = AXIS2_PLACEMENT_3D ( 'NONE', #170, #710, #1929 ) ;
#932 = EDGE_CURVE ( 'NONE', #2949, #1552, #2088, .T. ) ;
#933 = EDGE_CURVE ( 'NONE', #351, #1552, #921, .T. ) ;
#934 = CARTESIAN_POINT ( 'NONE',  ( 48.00000000000000000, 5.000000000000000000, -88.00000000000000000 ) ) ;
#935 = VECTOR ( 'NONE', #2205, 1000.000000000000000 ) ;
#936 = ORIENTED_EDGE ( 'NONE', *, *, #581, .T. ) ;
#937 = VERTEX_POINT ( 'NONE', #2843 ) ;
#938 = PLANE ( 'NONE',  #2402 ) ;
#939 = VECTOR ( 'NONE', #2668, 1000.000000000000000 ) ;
#940 = DIRECTION ( 'NONE',  ( 0.000000000000000000, 1.000000000000000000, 0.000000000000000000 ) ) ;
#941 = CARTESIAN_POINT ( 'NONE',  ( 0.000000000000000000, 26.99999999999999645, -304.0000000000000000 ) ) ;
#942 = ORIENTED_EDGE ( 'NONE', *, *, #1591, .F. ) ;
#943 = DIRECTION ( 'NONE',  ( 0.000000000000000000, -0.000000000000000000, 1.000000000000000000 ) ) ;
#944 = ORIENTED_EDGE ( 'NONE', *, *, #1370, .F. ) ;
#945 = CARTESIAN_POINT ( 'NONE',  ( 36.00000000000000000, -20.00000000000000355, -110.0000000000000000 ) ) ;
#946 = LINE ( 'NONE', #2647, #2743 ) ;
#947 = DIRECTION ( 'NONE',  ( 0.000000000000000000, 0.000000000000000000, 1.000000000000000000 ) ) ;
#948 = ORIENTED_EDGE ( 'NONE', *, *, #2231, .F. ) ;
#949 = EDGE_CURVE ( 'NONE', #519, #1696, #1785, .T. ) ;
#950 = ORIENTED_EDGE ( 'NONE', *, *, #3105, .F. ) ;
#951 = DIRECTION ( 'NONE',  ( 0.000000000000000000, 1.000000000000000000, 0.000000000000000000 ) ) ;
#952 = CARTESIAN_POINT ( 'NONE',  ( -37.00000000000000000, 5.000000000000000000, -207.6999999999999886 ) ) ;
#953 = DIRECTION ( 'NONE',  ( 0.000000000000000000, 0.000000000000000000, 1.000000000000000000 ) ) ;
#954 = LINE ( 'NONE', #2612, #1835 ) ;
#955 = EDGE_CURVE ( 'NONE', #601, #531, #576, .T. ) ;
#956 = ORIENTED_EDGE ( 'NONE', *, *, #2157, .F. ) ;
#957 = DIRECTION ( 'NONE',  ( -0.000000000000000000, -1.000000000000000000, -0.000000000000000000 ) ) ;
#958 = ORIENTED_EDGE ( 'NONE', *, *, #1302, .T. ) ;
#959 = CARTESIAN_POINT ( 'NONE',  ( -29.56414504036117918, -20.00000000000000355, 9.495869835682871241 ) ) ;
#960 = FACE_BOUND ( 'NONE', #114, .T. ) ;
#961 = VERTEX_POINT ( 'NONE', #2909 ) ;
#962 = ORIENTED_EDGE ( 'NONE', *, *, #698, .T. ) ;
#963 = AXIS2_PLACEMENT_3D ( 'NONE', #1825, #439, #1399 ) ;
#964 = DIRECTION ( 'NONE',  ( -0.000000000000000000, -1.000000000000000000, -0.000000000000000000 ) ) ;
#965 = CARTESIAN_POINT ( 'NONE',  ( 0.000000000000000000, 0.000000000000000000, -270.0000000000000000 ) ) ;
#966 = DIRECTION ( 'NONE',  ( 0.000000000000000000, 1.000000000000000000, 0.000000000000000000 ) ) ;
#967 = LINE ( 'NONE', #1193, #1942 ) ;
#968 = EDGE_CURVE ( 'NONE', #2697, #2129, #2194, .T. ) ;
#969 = EDGE_LOOP ( 'NONE', ( #1383, #1569, #2062, #289 ) ) ;
#970 = EDGE_CURVE ( 'NONE', #531, #1379, #727, .T. ) ;
#971 = DIRECTION ( 'NONE',  ( 0.000000000000000000, 1.000000000000000000, 0.000000000000000000 ) ) ;
#972 = VECTOR ( 'NONE', #1947, 1000.000000000000000 ) ;
#973 = ORIENTED_EDGE ( 'NONE', *, *, #1452, .T. ) ;
#974 = LINE ( 'NONE', #499, #2400 ) ;
#975 = APPLICATION_PROTOCOL_DEFINITION ( 'international standard', 'config_control_design', 1994, #3076 ) ;
#976 = CARTESIAN_POINT ( 'NONE',  ( 29.56414504036117918, -34.00000000000000000, 9.495869835682864135 ) ) ;
#977 = CIRCLE ( 'NONE', #1377, 11.00000000000001066 ) ;
#978 = ORIENTED_EDGE ( 'NONE', *, *, #2427, .T. ) ;
#979 = DIRECTION ( 'NONE',  ( 0.000000000000000000, 0.000000000000000000, -1.000000000000000000 ) ) ;
#980 = AXIS2_PLACEMENT_3D ( 'NONE', #2623, #1390, #1140 ) ;
#981 = CARTESIAN_POINT ( 'NONE',  ( 0.000000000000000000, -22.20000000000000284, 0.000000000000000000 ) ) ;
#982 = CARTESIAN_POINT ( 'NONE',  ( -18.49999999999999289, 5.000000000000000000, -238.0429399400242403 ) ) ;
#983 = DIRECTION ( 'NONE',  ( 0.000000000000000000, -1.000000000000000000, 0.000000000000000000 ) ) ;
#984 = VECTOR ( 'NONE', #2207, 1000.000000000000000 ) ;
#985 = CIRCLE ( 'NONE', #476, 1.700000000000007061 ) ;
#986 = VECTOR ( 'NONE', #1895, 1000.000000000000000 ) ;
#987 = CARTESIAN_POINT ( 'NONE',  ( -30.00000000000000000, -27.00000000000000000, -270.0000000000000000 ) ) ;
#988 = AXIS2_PLACEMENT_3D ( 'NONE', #1901, #966, #697 ) ;
#989 = ORIENTED_EDGE ( 'NONE', *, *, #3132, .F. ) ;
#990 = ORIENTED_EDGE ( 'NONE', *, *, #550, .T. ) ;
#991 = EDGE_CURVE ( 'NONE', #1868, #1911, #2758, .T. ) ;
#992 = FACE_BOUND ( 'NONE', #3041, .T. ) ;
#993 = VERTEX_POINT ( 'NONE', #1206 ) ;
#994 = EDGE_CURVE ( 'NONE', #544, #734, #2102, .T. ) ;
#995 = DIRECTION ( 'NONE',  ( -0.000000000000000000, -1.000000000000000000, -0.000000000000000000 ) ) ;
#996 = DIRECTION ( 'NONE',  ( -0.000000000000000000, 0.000000000000000000, -1.000000000000000000 ) ) ;
#997 = CARTESIAN_POINT ( 'NONE',  ( 18.50000000000000355, 5.000000000000000000, -148.3429399400241948 ) ) ;
#998 = ORIENTED_EDGE ( 'NONE', *, *, #402, .T. ) ;
#999 = CARTESIAN_POINT ( 'NONE',  ( -18.49999999999999289, 5.000000000000000000, -150.0429399400242119 ) ) ;
#1000 = CARTESIAN_POINT ( 'NONE',  ( -8.000000000000000000, -18.00000000000000355, -318.0000000000000000 ) ) ;
#1001 = DIRECTION ( 'NONE',  ( 0.000000000000000000, 0.000000000000000000, 1.000000000000000000 ) ) ;
#1002 = FACE_OUTER_BOUND ( 'NONE', #205, .T. ) ;
#1003 = FACE_OUTER_BOUND ( 'NONE', #1322, .T. ) ;
#1004 = ORIENTED_EDGE ( 'NONE', *, *, #1646, .T. ) ;
#1005 = CARTESIAN_POINT ( 'NONE',  ( -18.49999999999999289, 5.000000000000000000, -151.7429399400242289 ) ) ;
#1006 = EDGE_CURVE ( 'NONE', #3140, #519, #1190, .T. ) ;
#1007 = ORIENTED_EDGE ( 'NONE', *, *, #816, .F. ) ;
#1008 = DIRECTION ( 'NONE',  ( 0.000000000000000000, 1.000000000000000000, 0.000000000000000000 ) ) ;
#1009 = DIRECTION ( 'NONE',  ( 0.9701425001453318764, 0.000000000000000000, -0.2425356250363328858 ) ) ;
#1010 = CYLINDRICAL_SURFACE ( 'NONE', #74, 1.700000000000007061 ) ;
#1011 = EDGE_CURVE ( 'NONE', #3045, #1931, #2155, .T. ) ;
#1012 = ORIENTED_EDGE ( 'NONE', *, *, #2785, .F. ) ;
#1013 = CYLINDRICAL_SURFACE ( 'NONE', #3061, 4.000000000000003553 ) ;
#1014 = FACE_OUTER_BOUND ( 'NONE', #176, .T. ) ;
#1015 = AXIS2_PLACEMENT_3D ( 'NONE', #1285, #58, #300 ) ;
#1016 = DIRECTION ( 'NONE',  ( 0.000000000000000000, 0.000000000000000000, -1.000000000000000000 ) ) ;
#1017 = LINE ( 'NONE', #333, #2660 ) ;
#1018 = ORIENTED_EDGE ( 'NONE', *, *, #2853, .T. ) ;
#1019 = AXIS2_PLACEMENT_3D ( 'NONE', #2375, #2067, #897 ) ;
#1020 = LINE ( 'NONE', #1983, #1128 ) ;
#1021 = ORIENTED_EDGE ( 'NONE', *, *, #781, .F. ) ;
#1022 = ORIENTED_EDGE ( 'NONE', *, *, #2371, .F. ) ;
#1023 = CYLINDRICAL_SURFACE ( 'NONE', #327, 2.749999999999999112 ) ;
#1024 = EDGE_LOOP ( 'NONE', ( #1441, #1397 ) ) ;
#1025 = CLOSED_SHELL ( 'NONE', ( #2799, #1205, #2033, #850, #1141, #2881, #195, #754, #1127, #1695, #3088, #54, #1601, #780, #1550, #2698, #1982, #2189, #891, #2569, #1159, #1246, #82, #140, #407, #918, #1642, #1917, #1899, #741, #112, #3148, #2488, #1512, #1040, #2386, #3135, #2128, #1932, #712, #1759, #797, #247, #590, #1999, #1799, #3034, #2492, #3018, #3027, #2289, #603, #2798, #662, #1108, #3116, #157, #1949, #2149, #187, #1066, #1675, #1853, #1107, #1158, #1586, #3074, #1362, #255, #1466, #1784, #173, #1820, #3012, #667, #2239, #2518, #1872, #461, #1857, #2451, #85, #1915, #525, #2368, #1029, #2165, #2200, #38 ) ) ;
#1026 = FACE_BOUND ( 'NONE', #893, .T. ) ;
#1027 = ORIENTED_EDGE ( 'NONE', *, *, #561, .T. ) ;
#1028 = CARTESIAN_POINT ( 'NONE',  ( -18.49999999999999289, -5.000000000000000000, -238.0429399400242403 ) ) ;
#1029 = ADVANCED_FACE ( 'NONE', ( #1153 ), #3099, .F. ) ;
#1030 = DIRECTION ( 'NONE',  ( -0.000000000000000000, -1.000000000000000000, -0.000000000000000000 ) ) ;
#1031 = AXIS2_PLACEMENT_3D ( 'NONE', #612, #1779, #1558 ) ;
#1032 = CARTESIAN_POINT ( 'NONE',  ( 37.00000000000000000, -5.000000000000000000, -206.0000000000000000 ) ) ;
#1033 = FACE_OUTER_BOUND ( 'NONE', #3046, .T. ) ;
#1034 = EDGE_CURVE ( 'NONE', #2579, #2476, #1900, .T. ) ;
#1035 = DIRECTION ( 'NONE',  ( 0.2425356250363328581, 0.000000000000000000, -0.9701425001453318764 ) ) ;
#1036 = VECTOR ( 'NONE', #477, 1000.000000000000000 ) ;
#1037 = CIRCLE ( 'NONE', #2812, 1.700000000000007061 ) ;
#1038 = AXIS2_PLACEMENT_3D ( 'NONE', #1272, #2991, #1979 ) ;
#1039 = VERTEX_POINT ( 'NONE', #1170 ) ;
#1040 = ADVANCED_FACE ( 'NONE', ( #3114 ), #938, .F. ) ;
#1041 = CARTESIAN_POINT ( 'NONE',  ( -18.49999999999999289, -5.000000000000000000, -238.0429399400242403 ) ) ;
#1042 = AXIS2_PLACEMENT_3D ( 'NONE', #3001, #370, #626 ) ;
#1043 = ORIENTED_EDGE ( 'NONE', *, *, #968, .F. ) ;
#1044 = CARTESIAN_POINT ( 'NONE',  ( -37.00000000000000000, 5.000000000000000000, -204.2999999999999829 ) ) ;
#1045 = ORIENTED_EDGE ( 'NONE', *, *, #2267, .T. ) ;
#1046 = DIRECTION ( 'NONE',  ( 0.000000000000000000, 0.000000000000000000, -1.000000000000000000 ) ) ;
#1047 = LINE ( 'NONE', #3005, #1218 ) ;
#1048 = CARTESIAN_POINT ( 'NONE',  ( -44.00000000000000000, -34.00000000000000000, 0.000000000000000000 ) ) ;
#1049 = CARTESIAN_POINT ( 'NONE',  ( 18.50000000000000355, 5.000000000000000000, -172.2570600599757711 ) ) ;
#1050 = EDGE_CURVE ( 'NONE', #2435, #543, #696, .T. ) ;
#1051 = ORIENTED_EDGE ( 'NONE', *, *, #1333, .F. ) ;
#1052 = DIRECTION ( 'NONE',  ( 0.000000000000000000, 1.000000000000000000, 0.000000000000000000 ) ) ;
#1053 = EDGE_LOOP ( 'NONE', ( #2246, #363, #1421, #1318 ) ) ;
#1054 = ORIENTED_EDGE ( 'NONE', *, *, #2794, .T. ) ;
#1055 = DIRECTION ( 'NONE',  ( -1.000000000000000000, 0.000000000000000000, 0.000000000000000000 ) ) ;
#1056 = ORIENTED_EDGE ( 'NONE', *, *, #1618, .T. ) ;
#1057 = PLANE ( 'NONE',  #1174 ) ;
#1058 = CARTESIAN_POINT ( 'NONE',  ( -37.00000000000000000, 5.000000000000000000, -116.2999999999999829 ) ) ;
#1059 = CARTESIAN_POINT ( 'NONE',  ( 18.50000000000000355, -5.000000000000000000, -173.9570600599757597 ) ) ;
#1060 = DIRECTION ( 'NONE',  ( 0.000000000000000000, 1.000000000000000000, 0.000000000000000000 ) ) ;
#1061 = ORIENTED_EDGE ( 'NONE', *, *, #1306, .F. ) ;
#1062 = DIRECTION ( 'NONE',  ( -1.000000000000000000, 0.000000000000000000, 0.000000000000000000 ) ) ;
#1063 = CARTESIAN_POINT ( 'NONE',  ( -18.49999999999999289, 5.000000000000000000, -151.7429399400242289 ) ) ;
#1064 = VERTEX_POINT ( 'NONE', #1048 ) ;
#1065 = CIRCLE ( 'NONE', #1019, 4.000000000000003553 ) ;
#1066 = ADVANCED_FACE ( 'NONE', ( #1223 ), #2236, .F. ) ;
#1067 = VERTEX_POINT ( 'NONE', #1453 ) ;
#1068 = EDGE_CURVE ( 'NONE', #34, #2373, #1080, .T. ) ;
#1069 = DIRECTION ( 'NONE',  ( -0.000000000000000000, -1.000000000000000000, -0.000000000000000000 ) ) ;
#1070 = EDGE_LOOP ( 'NONE', ( #2578, #1918, #1324, #2336 ) ) ;
#1071 = CARTESIAN_POINT ( 'NONE',  ( -48.00000000000000000, 5.000000000000000000, -88.00000000000000000 ) ) ;
#1072 = CARTESIAN_POINT ( 'NONE',  ( -37.00000000000000000, -5.000000000000000000, -204.2999999999999829 ) ) ;
#1073 = DIRECTION ( 'NONE',  ( 0.000000000000000000, 1.000000000000000000, 0.000000000000000000 ) ) ;
#1074 = CARTESIAN_POINT ( 'NONE',  ( 8.000000000000000000, -18.00000000000000355, -318.0000000000000000 ) ) ;
#1075 = DIRECTION ( 'NONE',  ( -0.000000000000000000, -1.000000000000000000, -0.000000000000000000 ) ) ;
#1076 = AXIS2_PLACEMENT_3D ( 'NONE', #914, #896, #2130 ) ;
#1077 = CYLINDRICAL_SURFACE ( 'NONE', #828, 1.700000000000007061 ) ;
#1078 = VECTOR ( 'NONE', #2529, 1000.000000000000000 ) ;
#1079 = ORIENTED_EDGE ( 'NONE', *, *, #402, .F. ) ;
#1080 = CIRCLE ( 'NONE', #3118, 1.700000000000007061 ) ;
#1081 = VECTOR ( 'NONE', #2722, 1000.000000000000000 ) ;
#1082 = EDGE_CURVE ( 'NONE', #182, #2153, #1037, .T. ) ;
#1083 = EDGE_LOOP ( 'NONE', ( #2567, #2285, #437, #84 ) ) ;
#1084 = AXIS2_PLACEMENT_3D ( 'NONE', #339, #1103, #1353 ) ;
#1085 = ORIENTED_EDGE ( 'NONE', *, *, #834, .T. ) ;
#1086 = LINE ( 'NONE', #2986, #2409 ) ;
#1087 = EDGE_CURVE ( 'NONE', #1477, #961, #556, .T. ) ;
#1088 = VECTOR ( 'NONE', #1191, 1000.000000000000000 ) ;
#1089 = ORIENTED_EDGE ( 'NONE', *, *, #2365, .T. ) ;
#1090 = DIRECTION ( 'NONE',  ( -0.000000000000000000, -1.000000000000000000, -0.000000000000000000 ) ) ;
#1091 = DIRECTION ( 'NONE',  ( 0.000000000000000000, 1.000000000000000000, 0.000000000000000000 ) ) ;
#1092 = DIRECTION ( 'NONE',  ( -0.000000000000000000, -1.000000000000000000, -0.000000000000000000 ) ) ;
#1093 = CARTESIAN_POINT ( 'NONE',  ( -34.00000000000000000, -20.00000000000000355, 40.00000000000000000 ) ) ;
#1094 = EDGE_CURVE ( 'NONE', #1679, #2426, #760, .T. ) ;
#1095 = ORIENTED_EDGE ( 'NONE', *, *, #2498, .T. ) ;
#1096 = DIRECTION ( 'NONE',  ( 0.000000000000000000, 0.000000000000000000, 1.000000000000000000 ) ) ;
#1097 = CARTESIAN_POINT ( 'NONE',  ( 0.000000000000000000, 5.000000000000000000, -206.0000000000000000 ) ) ;
#1098 = CARTESIAN_POINT ( 'NONE',  ( -18.49999999999999289, -5.000000000000000000, -151.7429399400242289 ) ) ;
#1099 = ORIENTED_EDGE ( 'NONE', *, *, #1877, .F. ) ;
#1100 = ORIENTED_EDGE ( 'NONE', *, *, #736, .T. ) ;
#1101 = ORIENTED_EDGE ( 'NONE', *, *, #994, .T. ) ;
#1102 = EDGE_LOOP ( 'NONE', ( #694, #1, #2533, #821 ) ) ;
#1103 = DIRECTION ( 'NONE',  ( 0.000000000000000000, 1.000000000000000000, 0.000000000000000000 ) ) ;
#1104 = ORIENTED_EDGE ( 'NONE', *, *, #1280, .F. ) ;
#1105 = CYLINDRICAL_SURFACE ( 'NONE', #1031, 1.700000000000007061 ) ;
#1106 = FACE_OUTER_BOUND ( 'NONE', #2670, .T. ) ;
#1107 = ADVANCED_FACE ( 'NONE', ( #794 ), #2252, .F. ) ;
#1108 = ADVANCED_FACE ( 'NONE', ( #2701 ), #2429, .F. ) ;
#1109 = DIRECTION ( 'NONE',  ( -0.000000000000000000, -1.000000000000000000, -0.000000000000000000 ) ) ;
#1110 = LINE ( 'NONE', #344, #627 ) ;
#1111 = CARTESIAN_POINT ( 'NONE',  ( -34.00000000000000000, -20.00000000000000355, 40.00000000000000000 ) ) ;
#1112 = LINE ( 'NONE', #2072, #3067 ) ;
#1113 = CARTESIAN_POINT ( 'NONE',  ( 30.00000000000000000, 5.000000000000000000, -66.00000000000000000 ) ) ;
#1114 = VERTEX_POINT ( 'NONE', #1995 ) ;
#1115 = ORIENTED_EDGE ( 'NONE', *, *, #102, .T. ) ;
#1116 = CARTESIAN_POINT ( 'NONE',  ( -30.00000000000000000, -27.00000000000000000, -260.0000000000000000 ) ) ;
#1117 = VERTEX_POINT ( 'NONE', #776 ) ;
#1118 = CARTESIAN_POINT ( 'NONE',  ( 29.56414504036117563, -20.00000000000000355, -12.24586983568287302 ) ) ;
#1119 = CARTESIAN_POINT ( 'NONE',  ( 0.000000000000000000, 0.000000000000000000, -66.00000000000000000 ) ) ;
#1120 = CARTESIAN_POINT ( 'NONE',  ( 12.24586983568288012, -34.00000000000000000, 26.81414504036117208 ) ) ;
#1121 = CARTESIAN_POINT ( 'NONE',  ( -29.56414504036117918, -20.00000000000000355, 9.495869835682871241 ) ) ;
#1122 = EDGE_CURVE ( 'NONE', #2425, #2309, #1739, .T. ) ;
#1123 = CARTESIAN_POINT ( 'NONE',  ( -29.56414504036117563, -34.00000000000000000, -12.24586983568287657 ) ) ;
#1124 = DIRECTION ( 'NONE',  ( 0.000000000000000000, 0.000000000000000000, 1.000000000000000000 ) ) ;
#1125 = VECTOR ( 'NONE', #3021, 1000.000000000000000 ) ;
#1126 = VECTOR ( 'NONE', #752, 1000.000000000000000 ) ;
#1127 = ADVANCED_FACE ( 'NONE', ( #1470 ), #9, .F. ) ;
#1128 = VECTOR ( 'NONE', #2964, 1000.000000000000000 ) ;
#1129 = ORIENTED_EDGE ( 'NONE', *, *, #2532, .T. ) ;
#1130 = FACE_OUTER_BOUND ( 'NONE', #2321, .T. ) ;
#1131 = AXIS2_PLACEMENT_3D ( 'NONE', #2979, #795, #1755 ) ;
#1132 = AXIS2_PLACEMENT_3D ( 'NONE', #2778, #1092, #138 ) ;
#1133 = EDGE_LOOP ( 'NONE', ( #1791, #1655 ) ) ;
#1134 = CARTESIAN_POINT ( 'NONE',  ( 37.00000000000000000, 5.000000000000000000, -206.0000000000000000 ) ) ;
#1135 = VECTOR ( 'NONE', #2290, 1000.000000000000000 ) ;
#1136 = CARTESIAN_POINT ( 'NONE',  ( -29.56414504036117918, -34.00000000000000000, 14.99586983568286946 ) ) ;
#1137 = CARTESIAN_POINT ( 'NONE',  ( 7.549834435270756039, 5.000000000000000000, -110.0000000000000000 ) ) ;
#1138 = AXIS2_PLACEMENT_3D ( 'NONE', #1041, #844, #1124 ) ;
#1139 = ORIENTED_EDGE ( 'NONE', *, *, #1532, .F. ) ;
#1140 = DIRECTION ( 'NONE',  ( 0.000000000000000000, 0.000000000000000000, 1.000000000000000000 ) ) ;
#1141 = ADVANCED_FACE ( 'NONE', ( #1736 ), #2720, .F. ) ;
#1142 = LINE ( 'NONE', #1804, #3122 ) ;
#1143 = ORIENTED_EDGE ( 'NONE', *, *, #1011, .F. ) ;
#1144 = VERTEX_POINT ( 'NONE', #2185 ) ;
#1145 = ORIENTED_EDGE ( 'NONE', *, *, #547, .F. ) ;
#1146 = FACE_OUTER_BOUND ( 'NONE', #2803, .T. ) ;
#1147 = VERTEX_POINT ( 'NONE', #2733 ) ;
#1148 = CARTESIAN_POINT ( 'NONE',  ( 0.000000000000000000, 5.000000000000000000, -161.9999999999999716 ) ) ;
#1149 = DIRECTION ( 'NONE',  ( 0.000000000000000000, -0.000000000000000000, 1.000000000000000000 ) ) ;
#1150 = CARTESIAN_POINT ( 'NONE',  ( 12.24586983568288012, -20.00000000000000355, 32.31414504036117563 ) ) ;
#1151 = ORIENTED_EDGE ( 'NONE', *, *, #510, .T. ) ;
#1152 = ORIENTED_EDGE ( 'NONE', *, *, #1370, .T. ) ;
#1153 = FACE_OUTER_BOUND ( 'NONE', #762, .T. ) ;
#1154 = CARTESIAN_POINT ( 'NONE',  ( 18.50000000000000355, 5.000000000000000000, -150.0429399400242119 ) ) ;
#1155 = DIRECTION ( 'NONE',  ( 0.000000000000000000, 0.000000000000000000, 1.000000000000000000 ) ) ;
#1156 = ORIENTED_EDGE ( 'NONE', *, *, #2308, .T. ) ;
#1157 = ORIENTED_EDGE ( 'NONE', *, *, #2107, .F. ) ;
#1158 = ADVANCED_FACE ( 'NONE', ( #1502 ), #2932, .F. ) ;
#1159 = ADVANCED_FACE ( 'NONE', ( #2009 ), #301, .F. ) ;
#1160 = AXIS2_PLACEMENT_3D ( 'NONE', #1204, #2167, #1257 ) ;
#1161 = DIRECTION ( 'NONE',  ( 0.000000000000000000, 1.000000000000000000, 0.000000000000000000 ) ) ;
#1162 = SECURITY_CLASSIFICATION ( '', '', #2522 ) ;
#1163 = VERTEX_POINT ( 'NONE', #745 ) ;
#1164 = DIRECTION ( 'NONE',  ( 0.000000000000000000, 0.000000000000000000, 1.000000000000000000 ) ) ;
#1165 = CARTESIAN_POINT ( 'NONE',  ( -30.00000000000000000, -5.000000000000000000, -264.0000000000000000 ) ) ;
#1166 = AXIS2_PLACEMENT_3D ( 'NONE', #1357, #2808, #1253 ) ;
#1167 = FACE_OUTER_BOUND ( 'NONE', #2125, .T. ) ;
#1168 = VERTEX_POINT ( 'NONE', #1703 ) ;
#1169 = ORIENTED_EDGE ( 'NONE', *, *, #2665, .F. ) ;
#1170 = CARTESIAN_POINT ( 'NONE',  ( -34.00000000000000711, -20.00000000000000355, -110.0000000000000000 ) ) ;
#1171 = DIRECTION ( 'NONE',  ( 0.6246950475544239545, 0.000000000000000000, -0.7808688094430306093 ) ) ;
#1172 = LINE ( 'NONE', #1647, #2537 ) ;
#1173 = ORIENTED_EDGE ( 'NONE', *, *, #365, .F. ) ;
#1174 = AXIS2_PLACEMENT_3D ( 'NONE', #1574, #374, #849 ) ;
#1175 = DIRECTION ( 'NONE',  ( 0.000000000000000000, 0.000000000000000000, -1.000000000000000000 ) ) ;
#1176 = DESIGN_CONTEXT ( 'detailed design', #3076, 'design' ) ;
#1177 = EDGE_CURVE ( 'NONE', #2486, #153, #2960, .T. ) ;
#1178 = VECTOR ( 'NONE', #2813, 1000.000000000000000 ) ;
#1179 = EDGE_LOOP ( 'NONE', ( #1277, #2240, #3089, #1879 ) ) ;
#1180 = CARTESIAN_POINT ( 'NONE',  ( 37.00000000000000000, 5.000000000000000000, -118.0000000000000000 ) ) ;
#1181 =( NAMED_UNIT ( * ) SI_UNIT ( $, .STERADIAN. ) SOLID_ANGLE_UNIT ( ) );
#1182 = ORIENTED_EDGE ( 'NONE', *, *, #1706, .T. ) ;
#1183 = AXIS2_PLACEMENT_3D ( 'NONE', #1801, #2280, #359 ) ;
#1184 = CIRCLE ( 'NONE', #1533, 1.700000000000007061 ) ;
#1185 = CARTESIAN_POINT ( 'NONE',  ( -16.00000000000000000, -0.000000000000000000, -270.0000000000000000 ) ) ;
#1186 = VECTOR ( 'NONE', #2022, 1000.000000000000000 ) ;
#1187 = ORIENTED_EDGE ( 'NONE', *, *, #63, .T. ) ;
#1188 = EDGE_LOOP ( 'NONE', ( #1829, #1667, #450, #2629 ) ) ;
#1189 = DIRECTION ( 'NONE',  ( -0.000000000000000000, -1.000000000000000000, -0.000000000000000000 ) ) ;
#1190 = LINE ( 'NONE', #2118, #2711 ) ;
#1191 = DIRECTION ( 'NONE',  ( -0.6246950475544239545, 0.000000000000000000, 0.7808688094430306093 ) ) ;
#1192 = EDGE_CURVE ( 'NONE', #1867, #544, #2978, .T. ) ;
#1193 = CARTESIAN_POINT ( 'NONE',  ( 30.00000000000000000, 27.00000000000000000, -270.0000000000000000 ) ) ;
#1194 = CC_DESIGN_DATE_AND_TIME_ASSIGNMENT ( #2535, #2954, ( #1162 ) ) ;
#1195 = ORIENTED_EDGE ( 'NONE', *, *, #2226, .F. ) ;
#1196 = EDGE_LOOP ( 'NONE', ( #350, #192 ) ) ;
#1197 = FACE_BOUND ( 'NONE', #386, .T. ) ;
#1198 = ORIENTED_EDGE ( 'NONE', *, *, #2919, .T. ) ;
#1199 = CARTESIAN_POINT ( 'NONE',  ( 29.56414504036117563, -20.00000000000000355, -14.99586983568287124 ) ) ;
#1200 = DIRECTION ( 'NONE',  ( 0.000000000000000000, 0.000000000000000000, 1.000000000000000000 ) ) ;
#1201 = ORIENTED_EDGE ( 'NONE', *, *, #213, .T. ) ;
#1202 = ORIENTED_EDGE ( 'NONE', *, *, #647, .F. ) ;
#1203 = EDGE_CURVE ( 'NONE', #80, #89, #830, .T. ) ;
#1204 = CARTESIAN_POINT ( 'NONE',  ( -12.24586983568286414, -34.00000000000000000, 29.56414504036117918 ) ) ;
#1205 = ADVANCED_FACE ( 'NONE', ( #3039 ), #1800, .F. ) ;
#1206 = CARTESIAN_POINT ( 'NONE',  ( 7.347880794884118750E-16, -22.20000000000000284, 6.000000000000000000 ) ) ;
#1207 = FACE_OUTER_BOUND ( 'NONE', #690, .T. ) ;
#1208 = ORIENTED_EDGE ( 'NONE', *, *, #1265, .T. ) ;
#1209 = EDGE_CURVE ( 'NONE', #2821, #2476, #985, .T. ) ;
#1210 = DIRECTION ( 'NONE',  ( -0.000000000000000000, 0.000000000000000000, -1.000000000000000000 ) ) ;
#1211 = ORIENTED_EDGE ( 'NONE', *, *, #799, .F. ) ;
#1212 = EDGE_LOOP ( 'NONE', ( #2735, #3083 ) ) ;
#1213 = DIRECTION ( 'NONE',  ( 0.000000000000000000, 1.000000000000000000, 0.000000000000000000 ) ) ;
#1214 = ORIENTED_EDGE ( 'NONE', *, *, #816, .T. ) ;
#1215 = PLANE ( 'NONE',  #2453 ) ;
#1216 = DATE_AND_TIME ( #1445, #2541 ) ;
#1217 = CARTESIAN_POINT ( 'NONE',  ( 48.00000000000000000, 5.000000000000000000, -88.00000000000000000 ) ) ;
#1218 = VECTOR ( 'NONE', #1298, 1000.000000000000000 ) ;
#1219 = ORIENTED_EDGE ( 'NONE', *, *, #1050, .T. ) ;
#1220 = DIRECTION ( 'NONE',  ( -0.000000000000000000, -1.000000000000000000, -0.000000000000000000 ) ) ;
#1221 =( GEOMETRIC_REPRESENTATION_CONTEXT ( 3 ) GLOBAL_UNCERTAINTY_ASSIGNED_CONTEXT ( ( #1843 ) ) GLOBAL_UNIT_ASSIGNED_CONTEXT ( ( #500, #2695, #1181 ) ) REPRESENTATION_CONTEXT ( 'NONE', 'WORKASPACE' ) );
#1222 = DIRECTION ( 'NONE',  ( 0.000000000000000000, 0.000000000000000000, 1.000000000000000000 ) ) ;
#1223 = FACE_OUTER_BOUND ( 'NONE', #1411, .T. ) ;
#1224 = LINE ( 'NONE', #1454, #1493 ) ;
#1225 = EDGE_CURVE ( 'NONE', #2952, #87, #2748, .T. ) ;
#1226 = DIRECTION ( 'NONE',  ( 0.000000000000000000, 0.000000000000000000, -1.000000000000000000 ) ) ;
#1227 = EDGE_LOOP ( 'NONE', ( #1852, #3091, #1157, #2114, #1504, #412, #411, #1296, #2075, #2260, #119, #284, #71, #2501, #1760 ) ) ;
#1228 = VERTEX_POINT ( 'NONE', #886 ) ;
#1229 = FACE_BOUND ( 'NONE', #3003, .T. ) ;
#1230 = VECTOR ( 'NONE', #1220, 1000.000000000000000 ) ;
#1231 = VERTEX_POINT ( 'NONE', #1120 ) ;
#1232 = CARTESIAN_POINT ( 'NONE',  ( 29.56414504036117563, -20.00000000000000355, -12.24586983568287302 ) ) ;
#1233 = CALENDAR_DATE ( 2026, 24, 9 ) ;
#1234 = FACE_BOUND ( 'NONE', #1133, .T. ) ;
#1235 = VECTOR ( 'NONE', #1444, 1000.000000000000000 ) ;
#1236 = ORIENTED_EDGE ( 'NONE', *, *, #1068, .F. ) ;
#1237 = AXIS2_PLACEMENT_3D ( 'NONE', #2137, #3115, #953 ) ;
#1238 = DIRECTION ( 'NONE',  ( 0.000000000000000000, -1.000000000000000000, 0.000000000000000000 ) ) ;
#1239 = VECTOR ( 'NONE', #185, 1000.000000000000000 ) ;
#1240 = DIRECTION ( 'NONE',  ( 0.000000000000000000, 0.000000000000000000, 1.000000000000000000 ) ) ;
#1241 = CARTESIAN_POINT ( 'NONE',  ( 16.00000000000000000, 26.99999999999999645, -308.0000000000000000 ) ) ;
#1242 = LINE ( 'NONE', #288, #984 ) ;
#1243 = CIRCLE ( 'NONE', #2508, 2.749999999999999112 ) ;
#1244 = VECTOR ( 'NONE', #1909, 1000.000000000000000 ) ;
#1245 = AXIS2_PLACEMENT_3D ( 'NONE', #2683, #1510, #501 ) ;
#1246 = ADVANCED_FACE ( 'NONE', ( #2512 ), #392, .F. ) ;
#1247 = DIRECTION ( 'NONE',  ( 0.000000000000000000, 0.000000000000000000, -1.000000000000000000 ) ) ;
#1248 = CIRCLE ( 'NONE', #2356, 2.749999999999999112 ) ;
#1249 = ORIENTED_EDGE ( 'NONE', *, *, #1316, .T. ) ;
#1250 = FACE_BOUND ( 'NONE', #422, .T. ) ;
#1251 = ORIENTED_EDGE ( 'NONE', *, *, #3132, .T. ) ;
#1252 = CARTESIAN_POINT ( 'NONE',  ( 34.00000000000000000, 5.000000000000000000, -66.00000000000000000 ) ) ;
#1253 = DIRECTION ( 'NONE',  ( 0.000000000000000000, 0.000000000000000000, 1.000000000000000000 ) ) ;
#1254 = DIRECTION ( 'NONE',  ( 0.000000000000000000, 0.000000000000000000, 1.000000000000000000 ) ) ;
#1255 = VERTEX_POINT ( 'NONE', #378 ) ;
#1256 = FACE_BOUND ( 'NONE', #2306, .T. ) ;
#1257 = DIRECTION ( 'NONE',  ( 0.000000000000000000, 0.000000000000000000, 1.000000000000000000 ) ) ;
#1258 = DIRECTION ( 'NONE',  ( -0.000000000000000000, -1.000000000000000000, -0.000000000000000000 ) ) ;
#1259 = LINE ( 'NONE', #1049, #729 ) ;
#1260 = ORIENTED_EDGE ( 'NONE', *, *, #1740, .T. ) ;
#1261 = CARTESIAN_POINT ( 'NONE',  ( -12.24586983568287124, -20.00000000000000355, -29.56414504036117563 ) ) ;
#1262 = ORIENTED_EDGE ( 'NONE', *, *, #349, .T. ) ;
#1263 = ORIENTED_EDGE ( 'NONE', *, *, #872, .F. ) ;
#1264 = FACE_BOUND ( 'NONE', #2026, .T. ) ;
#1265 = EDGE_CURVE ( 'NONE', #1649, #1987, #599, .T. ) ;
#1266 = ORIENTED_EDGE ( 'NONE', *, *, #772, .T. ) ;
#1267 = CARTESIAN_POINT ( 'NONE',  ( -18.50000000000001776, 5.000000000000000000, -173.9570600599757597 ) ) ;
#1268 = EDGE_LOOP ( 'NONE', ( #1898, #708, #2772, #2994, #1145, #27, #2789, #1725, #292, #1283, #11, #2465 ) ) ;
#1269 = CARTESIAN_POINT ( 'NONE',  ( -37.00000000000000000, -5.000000000000000000, -119.7000000000000028 ) ) ;
#1270 = CARTESIAN_POINT ( 'NONE',  ( 29.56414504036117918, -20.00000000000000355, 14.99586983568286946 ) ) ;
#1271 = VECTOR ( 'NONE', #1030, 1000.000000000000000 ) ;
#1272 = CARTESIAN_POINT ( 'NONE',  ( -29.56414504036117563, -20.00000000000000355, -12.24586983568287657 ) ) ;
#1273 = DIRECTION ( 'NONE',  ( 0.000000000000000000, -0.000000000000000000, 1.000000000000000000 ) ) ;
#1274 = EDGE_CURVE ( 'NONE', #111, #2116, #323, .T. ) ;
#1275 = LOCAL_TIME ( 11, 8, 8.000000000000000000, #115 ) ;
#1276 = CARTESIAN_POINT ( 'NONE',  ( 34.00000000000000000, -5.000000000000000000, -66.00000000000000000 ) ) ;
#1277 = ORIENTED_EDGE ( 'NONE', *, *, #1425, .T. ) ;
#1278 = LINE ( 'NONE', #362, #1792 ) ;
#1279 = ORIENTED_EDGE ( 'NONE', *, *, #970, .T. ) ;
#1280 = EDGE_CURVE ( 'NONE', #2108, #434, #107, .T. ) ;
#1281 = LINE ( 'NONE', #537, #939 ) ;
#1282 = CIRCLE ( 'NONE', #2398, 1.700000000000007061 ) ;
#1283 = ORIENTED_EDGE ( 'NONE', *, *, #698, .F. ) ;
#1284 = FACE_OUTER_BOUND ( 'NONE', #132, .T. ) ;
#1285 = CARTESIAN_POINT ( 'NONE',  ( 37.00000000000000000, -5.000000000000000000, -206.0000000000000000 ) ) ;
#1286 = VECTOR ( 'NONE', #634, 1000.000000000000000 ) ;
#1287 = CARTESIAN_POINT ( 'NONE',  ( 18.50000000000000355, 5.000000000000000000, -238.0429399400242119 ) ) ;
#1288 = PLANE ( 'NONE',  #1131 ) ;
#1289 = AXIS2_PLACEMENT_3D ( 'NONE', #1261, #2448, #2982 ) ;
#1290 = EDGE_CURVE ( 'NONE', #2108, #2143, #1597, .T. ) ;
#1291 = LINE ( 'NONE', #2001, #3113 ) ;
#1292 = CIRCLE ( 'NONE', #3069, 2.750000000000002665 ) ;
#1293 = ORIENTED_EDGE ( 'NONE', *, *, #2883, .F. ) ;
#1294 = ORIENTED_EDGE ( 'NONE', *, *, #3000, .T. ) ;
#1295 = DIRECTION ( 'NONE',  ( 0.000000000000000000, 1.000000000000000000, 0.000000000000000000 ) ) ;
#1296 = ORIENTED_EDGE ( 'NONE', *, *, #2427, .F. ) ;
#1297 = DIRECTION ( 'NONE',  ( 0.000000000000000000, 1.000000000000000000, 0.000000000000000000 ) ) ;
#1298 = DIRECTION ( 'NONE',  ( 0.000000000000000000, 0.000000000000000000, 1.000000000000000000 ) ) ;
#1299 = DIRECTION ( 'NONE',  ( 0.000000000000000000, 1.000000000000000000, 0.000000000000000000 ) ) ;
#1300 = DIRECTION ( 'NONE',  ( 0.000000000000000000, 1.000000000000000000, 0.000000000000000000 ) ) ;
#1301 = CARTESIAN_POINT ( 'NONE',  ( 8.000000000000000000, 26.99999999999999645, -318.0000000000000000 ) ) ;
#1302 = EDGE_CURVE ( 'NONE', #937, #1987, #2611, .T. ) ;
#1303 = DIRECTION ( 'NONE',  ( 1.000000000000000000, 0.000000000000000000, 0.000000000000000000 ) ) ;
#1304 = EDGE_CURVE ( 'NONE', #2379, #2837, #1998, .T. ) ;
#1305 = ORIENTED_EDGE ( 'NONE', *, *, #3058, .F. ) ;
#1306 = EDGE_CURVE ( 'NONE', #1867, #2084, #568, .T. ) ;
#1307 = ORIENTED_EDGE ( 'NONE', *, *, #2311, .T. ) ;
#1308 = CARTESIAN_POINT ( 'NONE',  ( 37.00000000000000000, 5.000000000000000000, -206.0000000000000000 ) ) ;
#1309 = ORIENTED_EDGE ( 'NONE', *, *, #2317, .T. ) ;
#1310 = FACE_OUTER_BOUND ( 'NONE', #1070, .T. ) ;
#1311 = CARTESIAN_POINT ( 'NONE',  ( 0.000000000000000000, -5.000000000000000000, -217.0000000000000000 ) ) ;
#1312 = CYLINDRICAL_SURFACE ( 'NONE', #1132, 11.00000000000001066 ) ;
#1313 = DIRECTION ( 'NONE',  ( 0.000000000000000000, 1.000000000000000000, 0.000000000000000000 ) ) ;
#1314 = CARTESIAN_POINT ( 'NONE',  ( 0.000000000000000000, 5.000000000000000000, -118.0000000000000000 ) ) ;
#1315 = FACE_OUTER_BOUND ( 'NONE', #2907, .T. ) ;
#1316 = EDGE_CURVE ( 'NONE', #2818, #1867, #2265, .T. ) ;
#1317 = AXIS2_PLACEMENT_3D ( 'NONE', #1451, #2944, #774 ) ;
#1318 = ORIENTED_EDGE ( 'NONE', *, *, #2605, .F. ) ;
#1319 = ORIENTED_EDGE ( 'NONE', *, *, #2817, .F. ) ;
#1320 = VECTOR ( 'NONE', #2360, 1000.000000000000114 ) ;
#1321 = EDGE_CURVE ( 'NONE', #1228, #2771, #121, .T. ) ;
#1322 = EDGE_LOOP ( 'NONE', ( #396, #2442, #2324, #1654 ) ) ;
#1323 = DIRECTION ( 'NONE',  ( 0.000000000000000000, 0.000000000000000000, -1.000000000000000000 ) ) ;
#1324 = ORIENTED_EDGE ( 'NONE', *, *, #1562, .F. ) ;
#1325 = LINE ( 'NONE', #1071, #2805 ) ;
#1326 = CARTESIAN_POINT ( 'NONE',  ( 37.00000000000000000, 5.000000000000000000, -119.7000000000000028 ) ) ;
#1327 = DIRECTION ( 'NONE',  ( 0.000000000000000000, 1.000000000000000000, 0.000000000000000000 ) ) ;
#1328 = CARTESIAN_POINT ( 'NONE',  ( 8.000000000000000000, -27.00000000000000000, -318.0000000000000000 ) ) ;
#1329 = DIRECTION ( 'NONE',  ( 0.000000000000000000, 1.000000000000000000, 0.000000000000000000 ) ) ;
#1330 = DIRECTION ( 'NONE',  ( -0.07253569577882137964, 0.000000000000000000, -0.9973658169587938938 ) ) ;
#1331 = CARTESIAN_POINT ( 'NONE',  ( 29.56414504036117563, -20.00000000000000355, -12.24586983568287302 ) ) ;
#1332 = VERTEX_POINT ( 'NONE', #2036 ) ;
#1333 = EDGE_CURVE ( 'NONE', #861, #2084, #152, .T. ) ;
#1334 = CIRCLE ( 'NONE', #930, 2.749999999999999112 ) ;
#1335 = VECTOR ( 'NONE', #1403, 1000.000000000000000 ) ;
#1336 = VECTOR ( 'NONE', #680, 1000.000000000000000 ) ;
#1337 = ORIENTED_EDGE ( 'NONE', *, *, #801, .F. ) ;
#1338 = EDGE_CURVE ( 'NONE', #1163, #3079, #2664, .T. ) ;
#1339 = CIRCLE ( 'NONE', #380, 25.15000000000000213 ) ;
#1340 = ORIENTED_EDGE ( 'NONE', *, *, #618, .T. ) ;
#1341 = CYLINDRICAL_SURFACE ( 'NONE', #1490, 1.700000000000007061 ) ;
#1342 = AXIS2_PLACEMENT_3D ( 'NONE', #449, #1905, #2144 ) ;
#1343 = ORIENTED_EDGE ( 'NONE', *, *, #1562, .T. ) ;
#1344 = CARTESIAN_POINT ( 'NONE',  ( -37.00000000000000000, 5.000000000000000000, -206.0000000000000000 ) ) ;
#1345 = LINE ( 'NONE', #885, #1410 ) ;
#1346 = CARTESIAN_POINT ( 'NONE',  ( 18.50000000000000355, 5.000000000000000000, -173.9570600599757597 ) ) ;
#1347 = CARTESIAN_POINT ( 'NONE',  ( 0.000000000000000000, 18.00000000000000000, -270.0000000000000000 ) ) ;
#1348 = ORIENTED_EDGE ( 'NONE', *, *, #464, .F. ) ;
#1349 = DIRECTION ( 'NONE',  ( -0.5368754921931593316, 0.000000000000000000, -0.8436614877321074735 ) ) ;
#1350 = DIRECTION ( 'NONE',  ( -0.07253569577882137964, 0.000000000000000000, 0.9973658169587938938 ) ) ;
#1351 = LINE ( 'NONE', #2590, #2141 ) ;
#1352 = ORIENTED_EDGE ( 'NONE', *, *, #1648, .T. ) ;
#1353 = DIRECTION ( 'NONE',  ( 0.000000000000000000, 0.000000000000000000, 1.000000000000000000 ) ) ;
#1354 = EDGE_CURVE ( 'NONE', #2309, #2425, #1837, .T. ) ;
#1355 = ORIENTED_EDGE ( 'NONE', *, *, #1011, .T. ) ;
#1356 = CARTESIAN_POINT ( 'NONE',  ( -12.24586983568286414, -20.00000000000000355, 29.56414504036117918 ) ) ;
#1357 = CARTESIAN_POINT ( 'NONE',  ( -18.49999999999999289, -5.000000000000000000, -150.0429399400242119 ) ) ;
#1358 = DIRECTION ( 'NONE',  ( -0.000000000000000000, -1.000000000000000000, -0.000000000000000000 ) ) ;
#1359 = CARTESIAN_POINT ( 'NONE',  ( 16.00000000000000000, -18.00000000000000355, -260.0000000000000000 ) ) ;
#1360 = DIRECTION ( 'NONE',  ( 0.000000000000000000, 0.000000000000000000, -1.000000000000000000 ) ) ;
#1361 = LINE ( 'NONE', #856, #2299 ) ;
#1362 = ADVANCED_FACE ( 'NONE', ( #343 ), #1312, .F. ) ;
#1363 = CIRCLE ( 'NONE', #1015, 1.700000000000007061 ) ;
#1364 = ORIENTED_EDGE ( 'NONE', *, *, #2328, .F. ) ;
#1365 = ORIENTED_EDGE ( 'NONE', *, *, #621, .F. ) ;
#1366 = AXIS2_PLACEMENT_3D ( 'NONE', #1875, #929, #3093 ) ;
#1367 = DIRECTION ( 'NONE',  ( -0.000000000000000000, 1.000000000000000000, -0.000000000000000000 ) ) ;
#1368 = ORIENTED_EDGE ( 'NONE', *, *, #912, .T. ) ;
#1369 = DIRECTION ( 'NONE',  ( -1.000000000000000000, 0.000000000000000000, 0.000000000000000000 ) ) ;
#1370 = EDGE_CURVE ( 'NONE', #1039, #1144, #645, .T. ) ;
#1371 = DIRECTION ( 'NONE',  ( 1.000000000000000000, 0.000000000000000000, 0.000000000000000000 ) ) ;
#1372 = FACE_OUTER_BOUND ( 'NONE', #1083, .T. ) ;
#1373 = ORIENTED_EDGE ( 'NONE', *, *, #2027, .T. ) ;
#1374 = DIRECTION ( 'NONE',  ( -0.000000000000000000, -1.000000000000000000, -0.000000000000000000 ) ) ;
#1375 = DIRECTION ( 'NONE',  ( 0.000000000000000000, 0.000000000000000000, -1.000000000000000000 ) ) ;
#1376 = CIRCLE ( 'NONE', #8, 1.700000000000007061 ) ;
#1377 = AXIS2_PLACEMENT_3D ( 'NONE', #1563, #126, #1096 ) ;
#1378 = AXIS2_PLACEMENT_3D ( 'NONE', #1707, #511, #1247 ) ;
#1379 = VERTEX_POINT ( 'NONE', #2888 ) ;
#1380 = CC_DESIGN_PERSON_AND_ORGANIZATION_ASSIGNMENT ( #2029, #1774, ( #1162 ) ) ;
#1381 = DIRECTION ( 'NONE',  ( -1.000000000000000000, 0.000000000000000000, 0.000000000000000000 ) ) ;
#1382 = AXIS2_PLACEMENT_3D ( 'NONE', #1414, #2585, #947 ) ;
#1383 = ORIENTED_EDGE ( 'NONE', *, *, #1393, .T. ) ;
#1384 = DIRECTION ( 'NONE',  ( 0.000000000000000000, 1.000000000000000000, 0.000000000000000000 ) ) ;
#1385 = CARTESIAN_POINT ( 'NONE',  ( 0.000000000000000000, -5.000000000000000000, -129.0000000000000000 ) ) ;
#1386 = DIRECTION ( 'NONE',  ( -0.9701425001453318764, 0.000000000000000000, -0.2425356250363328858 ) ) ;
#1387 = VECTOR ( 'NONE', #2193, 1000.000000000000000 ) ;
#1388 = ORIENTED_EDGE ( 'NONE', *, *, #335, .T. ) ;
#1389 = EDGE_LOOP ( 'NONE', ( #1352, #1878, #2370, #2288 ) ) ;
#1390 = DIRECTION ( 'NONE',  ( 0.000000000000000000, 1.000000000000000000, 0.000000000000000000 ) ) ;
#1391 = LINE ( 'NONE', #2366, #536 ) ;
#1392 = EDGE_CURVE ( 'NONE', #75, #2737, #917, .T. ) ;
#1393 = EDGE_CURVE ( 'NONE', #1693, #469, #2865, .T. ) ;
#1394 = DIRECTION ( 'NONE',  ( 0.000000000000000000, 1.000000000000000000, 0.000000000000000000 ) ) ;
#1395 = ORIENTED_EDGE ( 'NONE', *, *, #315, .F. ) ;
#1396 = DIRECTION ( 'NONE',  ( 0.000000000000000000, 0.000000000000000000, -1.000000000000000000 ) ) ;
#1397 = ORIENTED_EDGE ( 'NONE', *, *, #1209, .T. ) ;
#1398 = CYLINDRICAL_SURFACE ( 'NONE', #270, 6.000000000000000000 ) ;
#1399 = DIRECTION ( 'NONE',  ( 0.5407575913134984313, 0.000000000000000000, -0.8411784753765537692 ) ) ;
#1400 = LINE ( 'NONE', #2376, #2147 ) ;
#1401 = VERTEX_POINT ( 'NONE', #1847 ) ;
#1402 = ORIENTED_EDGE ( 'NONE', *, *, #1321, .T. ) ;
#1403 = DIRECTION ( 'NONE',  ( -0.000000000000000000, -1.000000000000000000, -0.000000000000000000 ) ) ;
#1404 = LINE ( 'NONE', #186, #382 ) ;
#1405 = EDGE_CURVE ( 'NONE', #2281, #2737, #2410, .T. ) ;
#1406 = CARTESIAN_POINT ( 'NONE',  ( 0.000000000000000000, -18.00000000000000355, -304.0000000000000000 ) ) ;
#1407 = ORIENTED_EDGE ( 'NONE', *, *, #2738, .F. ) ;
#1408 = AXIS2_PLACEMENT_3D ( 'NONE', #2540, #2511, #2277 ) ;
#1409 = DIRECTION ( 'NONE',  ( -1.000000000000000000, 0.000000000000000000, 0.000000000000000000 ) ) ;
#1410 = VECTOR ( 'NONE', #2619, 1000.000000000000000 ) ;
#1411 = EDGE_LOOP ( 'NONE', ( #2962, #1198, #2918, #2739 ) ) ;
#1412 = CARTESIAN_POINT ( 'NONE',  ( -30.00000000000000000, -5.000000000000000888, -260.0000000000000000 ) ) ;
#1413 = MECHANICAL_CONTEXT ( 'NONE', #1540, 'mechanical' ) ;
#1414 = CARTESIAN_POINT ( 'NONE',  ( 0.000000000000000000, -5.000000000000000000, -161.9999999999999716 ) ) ;
#1415 = EDGE_LOOP ( 'NONE', ( #454, #135 ) ) ;
#1416 = EDGE_LOOP ( 'NONE', ( #2856, #778, #1279, #328 ) ) ;
#1417 = CARTESIAN_POINT ( 'NONE',  ( 29.56414504036117563, -34.00000000000000000, -12.24586983568287302 ) ) ;
#1418 = CARTESIAN_POINT ( 'NONE',  ( 3.079986699855593473E-15, -22.20000000000000284, -25.15000000000000213 ) ) ;
#1419 = LINE ( 'NONE', #2657, #2610 ) ;
#1420 = AXIS2_PLACEMENT_3D ( 'NONE', #2822, #2263, #597 ) ;
#1421 = ORIENTED_EDGE ( 'NONE', *, *, #1523, .T. ) ;
#1422 = AXIS2_PLACEMENT_3D ( 'NONE', #341, #1297, #2080 ) ;
#1423 = CARTESIAN_POINT ( 'NONE',  ( 37.00000000000000000, 5.000000000000000000, -118.0000000000000000 ) ) ;
#1424 = VECTOR ( 'NONE', #1598, 1000.000000000000000 ) ;
#1425 = EDGE_CURVE ( 'NONE', #531, #601, #3022, .T. ) ;
#1426 = EDGE_CURVE ( 'NONE', #487, #902, #1489, .T. ) ;
#1427 = VERTEX_POINT ( 'NONE', #1150 ) ;
#1428 = DIRECTION ( 'NONE',  ( 0.000000000000000000, 0.000000000000000000, 1.000000000000000000 ) ) ;
#1429 = DIRECTION ( 'NONE',  ( 1.000000000000000000, 0.000000000000000000, 0.000000000000000000 ) ) ;
#1430 = AXIS2_PLACEMENT_3D ( 'NONE', #820, #1561, #2560 ) ;
#1431 = VECTOR ( 'NONE', #1350, 1000.000000000000000 ) ;
#1432 = DIRECTION ( 'NONE',  ( -1.000000000000000000, 0.000000000000000000, 0.000000000000000000 ) ) ;
#1433 = AXIS2_PLACEMENT_3D ( 'NONE', #1782, #1547, #2527 ) ;
#1434 = EDGE_LOOP ( 'NONE', ( #2503, #2093 ) ) ;
#1435 = EDGE_LOOP ( 'NONE', ( #768, #3129 ) ) ;
#1436 = CARTESIAN_POINT ( 'NONE',  ( 29.56414504036117563, -34.00000000000000000, -12.24586983568287302 ) ) ;
#1437 = DIRECTION ( 'NONE',  ( 1.000000000000000000, 0.000000000000000000, 0.000000000000000000 ) ) ;
#1438 = AXIS2_PLACEMENT_3D ( 'NONE', #1871, #1381, #894 ) ;
#1439 = DIRECTION ( 'NONE',  ( 0.000000000000000000, -0.000000000000000000, 1.000000000000000000 ) ) ;
#1440 = CARTESIAN_POINT ( 'NONE',  ( 36.00000000000000000, -5.000000000000000888, -110.0000000000000000 ) ) ;
#1441 = ORIENTED_EDGE ( 'NONE', *, *, #447, .T. ) ;
#1442 = FACE_OUTER_BOUND ( 'NONE', #259, .T. ) ;
#1443 = ORIENTED_EDGE ( 'NONE', *, *, #2669, .F. ) ;
#1444 = DIRECTION ( 'NONE',  ( -0.6246950475544239545, 0.000000000000000000, 0.7808688094430306093 ) ) ;
#1445 = CALENDAR_DATE ( 2026, 24, 9 ) ;
#1446 = EDGE_CURVE ( 'NONE', #2106, #3045, #2163, .T. ) ;
#1447 = CARTESIAN_POINT ( 'NONE',  ( -18.50000000000001776, 5.000000000000000000, -172.2570600599757711 ) ) ;
#1448 = ORIENTED_EDGE ( 'NONE', *, *, #1590, .F. ) ;
#1449 = EDGE_LOOP ( 'NONE', ( #1156, #424, #2438, #1202 ) ) ;
#1450 = ORIENTED_EDGE ( 'NONE', *, *, #570, .F. ) ;
#1451 = CARTESIAN_POINT ( 'NONE',  ( -18.49999999999999289, 5.000000000000000000, -150.0429399400242119 ) ) ;
#1452 = EDGE_CURVE ( 'NONE', #89, #80, #1943, .T. ) ;
#1453 = CARTESIAN_POINT ( 'NONE',  ( -7.549834435270755151, -5.000000000000000000, -110.0000000000000000 ) ) ;
#1454 = CARTESIAN_POINT ( 'NONE',  ( -48.00000000000000000, 5.000000000000000000, -236.0000000000000000 ) ) ;
#1455 = EDGE_CURVE ( 'NONE', #2084, #3087, #1666, .T. ) ;
#1456 = LINE ( 'NONE', #905, #1036 ) ;
#1457 = ORIENTED_EDGE ( 'NONE', *, *, #2350, .F. ) ;
#1458 = ORIENTED_EDGE ( 'NONE', *, *, #2157, .T. ) ;
#1459 = CARTESIAN_POINT ( 'NONE',  ( -12.24586983568287124, -34.00000000000000000, -29.56414504036117563 ) ) ;
#1460 = ORIENTED_EDGE ( 'NONE', *, *, #2801, .F. ) ;
#1461 = DIRECTION ( 'NONE',  ( 0.000000000000000000, 0.000000000000000000, 1.000000000000000000 ) ) ;
#1462 = APPROVAL_ROLE ( '' ) ;
#1463 = LINE ( 'NONE', #2201, #2464 ) ;
#1464 = AXIS2_PLACEMENT_3D ( 'NONE', #1702, #758, #1687 ) ;
#1465 = ORIENTED_EDGE ( 'NONE', *, *, #2311, .F. ) ;
#1466 = ADVANCED_FACE ( 'NONE', ( #1372 ), #1639, .T. ) ;
#1467 = DIRECTION ( 'NONE',  ( 0.000000000000000000, 0.000000000000000000, 1.000000000000000000 ) ) ;
#1468 = AXIS2_PLACEMENT_3D ( 'NONE', #210, #466, #1429 ) ;
#1469 = CARTESIAN_POINT ( 'NONE',  ( -18.49999999999999289, -5.000000000000000000, -148.3429399400241948 ) ) ;
#1470 = FACE_OUTER_BOUND ( 'NONE', #2515, .T. ) ;
#1471 = LINE ( 'NONE', #557, #2351 ) ;
#1472 = DIRECTION ( 'NONE',  ( 0.000000000000000000, 0.000000000000000000, 1.000000000000000000 ) ) ;
#1473 = ORIENTED_EDGE ( 'NONE', *, *, #2015, .F. ) ;
#1474 = ORIENTED_EDGE ( 'NONE', *, *, #625, .F. ) ;
#1475 = LINE ( 'NONE', #1005, #2861 ) ;
#1476 = VECTOR ( 'NONE', #2633, 1000.000000000000000 ) ;
#1477 = VERTEX_POINT ( 'NONE', #1137 ) ;
#1478 = CARTESIAN_POINT ( 'NONE',  ( 0.000000000000000000, 5.000000000000000000, -169.9999999999999716 ) ) ;
#1479 = CARTESIAN_POINT ( 'NONE',  ( -34.00000000000000000, -20.00000000000000355, 0.000000000000000000 ) ) ;
#1480 = DIRECTION ( 'NONE',  ( 0.000000000000000000, 1.000000000000000000, 0.000000000000000000 ) ) ;
#1481 = CIRCLE ( 'NONE', #2346, 10.99999999999999645 ) ;
#1482 = ORIENTED_EDGE ( 'NONE', *, *, #1815, .F. ) ;
#1483 = AXIS2_PLACEMENT_3D ( 'NONE', #2692, #305, #2566 ) ;
#1484 = CYLINDRICAL_SURFACE ( 'NONE', #316, 2.749999999999999112 ) ;
#1485 = AXIS2_PLACEMENT_3D ( 'NONE', #1097, #855, #2814 ) ;
#1486 = CARTESIAN_POINT ( 'NONE',  ( 18.50000000000000355, 5.000000000000000000, -175.6570600599757768 ) ) ;
#1487 = DIRECTION ( 'NONE',  ( 0.5407575913134984313, 0.000000000000000000, 0.8411784753765537692 ) ) ;
#1488 = CARTESIAN_POINT ( 'NONE',  ( -44.00000000000000000, -34.00000000000000000, 0.000000000000000000 ) ) ;
#1489 = CIRCLE ( 'NONE', #1382, 8.000000000000007105 ) ;
#1490 = AXIS2_PLACEMENT_3D ( 'NONE', #2274, #814, #1323 ) ;
#1491 = CARTESIAN_POINT ( 'NONE',  ( 48.00000000000000000, 5.000000000000000000, -88.00000000000000000 ) ) ;
#1492 = EDGE_CURVE ( 'NONE', #848, #441, #2100, .T. ) ;
#1493 = VECTOR ( 'NONE', #2638, 1000.000000000000000 ) ;
#1494 = EDGE_LOOP ( 'NONE', ( #455, #1143, #2848, #2014 ) ) ;
#1495 = EDGE_CURVE ( 'NONE', #2826, #2603, #682, .T. ) ;
#1496 = DIRECTION ( 'NONE',  ( -0.000000000000000000, -1.000000000000000000, -0.000000000000000000 ) ) ;
#1497 = EDGE_LOOP ( 'NONE', ( #803, #3137 ) ) ;
#1498 = FACE_BOUND ( 'NONE', #2028, .T. ) ;
#1499 = ORIENTED_EDGE ( 'NONE', *, *, #3055, .F. ) ;
#1500 = DIRECTION ( 'NONE',  ( 0.000000000000000000, 0.000000000000000000, -1.000000000000000000 ) ) ;
#1501 = CARTESIAN_POINT ( 'NONE',  ( -8.000000000000000000, 18.00000000000000000, -318.0000000000000000 ) ) ;
#1502 = FACE_OUTER_BOUND ( 'NONE', #1102, .T. ) ;
#1503 = PLANE ( 'NONE',  #2760 ) ;
#1504 = ORIENTED_EDGE ( 'NONE', *, *, #2819, .F. ) ;
#1505 = DIRECTION ( 'NONE',  ( 0.000000000000000000, 0.000000000000000000, 1.000000000000000000 ) ) ;
#1506 = ORIENTED_EDGE ( 'NONE', *, *, #2371, .T. ) ;
#1507 = EDGE_CURVE ( 'NONE', #1631, #304, #693, .T. ) ;
#1508 = CARTESIAN_POINT ( 'NONE',  ( 0.000000000000000000, -5.000000000000000000, -260.0000000000000000 ) ) ;
#1509 = EDGE_LOOP ( 'NONE', ( #225, #560 ) ) ;
#1510 = DIRECTION ( 'NONE',  ( 0.000000000000000000, -1.000000000000000000, 0.000000000000000000 ) ) ;
#1511 = ORIENTED_EDGE ( 'NONE', *, *, #2431, .T. ) ;
#1512 = ADVANCED_FACE ( 'NONE', ( #1167 ), #2599, .F. ) ;
#1513 = DIRECTION ( 'NONE',  ( 0.000000000000000000, 0.000000000000000000, -1.000000000000000000 ) ) ;
#1514 = CARTESIAN_POINT ( 'NONE',  ( -37.00000000000000000, 5.000000000000000000, -118.0000000000000000 ) ) ;
#1515 = CARTESIAN_POINT ( 'NONE',  ( 18.50000000000000355, -5.000000000000000000, -150.0429399400242119 ) ) ;
#1516 = LINE ( 'NONE', #2237, #3020 ) ;
#1517 = CARTESIAN_POINT ( 'NONE',  ( 34.00000000000000000, -20.00000000000000355, 40.00000000000000000 ) ) ;
#1518 = ORIENTED_EDGE ( 'NONE', *, *, #1950, .F. ) ;
#1519 = EDGE_LOOP ( 'NONE', ( #1808, #674, #742, #1043 ) ) ;
#1520 = EDGE_LOOP ( 'NONE', ( #2857, #1388 ) ) ;
#1521 = SHAPE_DEFINITION_REPRESENTATION ( #414, #1813 ) ;
#1522 = LINE ( 'NONE', #3015, #2921 ) ;
#1523 = EDGE_CURVE ( 'NONE', #184, #1231, #181, .T. ) ;
#1524 = EDGE_CURVE ( 'NONE', #189, #2187, #1689, .T. ) ;
#1525 = AXIS2_PLACEMENT_3D ( 'NONE', #1356, #3080, #1907 ) ;
#1526 = ORIENTED_EDGE ( 'NONE', *, *, #1290, .F. ) ;
#1527 = CARTESIAN_POINT ( 'NONE',  ( -12.24586983568286414, -34.00000000000000000, 29.56414504036117918 ) ) ;
#1528 = CARTESIAN_POINT ( 'NONE',  ( 16.00000000000000000, 27.00000000000000000, -270.0000000000000000 ) ) ;
#1529 = CIRCLE ( 'NONE', #825, 2.749999999999999112 ) ;
#1530 = DIRECTION ( 'NONE',  ( 0.000000000000000000, 0.000000000000000000, 1.000000000000000000 ) ) ;
#1531 = DIRECTION ( 'NONE',  ( 1.000000000000000000, -0.000000000000000000, 0.000000000000000000 ) ) ;
#1532 = EDGE_CURVE ( 'NONE', #1911, #2622, #1400, .T. ) ;
#1533 = AXIS2_PLACEMENT_3D ( 'NONE', #2414, #2347, #1670 ) ;
#1534 = CARTESIAN_POINT ( 'NONE',  ( 29.56414504036117918, -20.00000000000000355, 14.99586983568286946 ) ) ;
#1535 = DIRECTION ( 'NONE',  ( 0.000000000000000000, 0.000000000000000000, 1.000000000000000000 ) ) ;
#1536 = VECTOR ( 'NONE', #853, 1000.000000000000000 ) ;
#1537 = AXIS2_PLACEMENT_3D ( 'NONE', #3127, #1876, #1200 ) ;
#1538 = VECTOR ( 'NONE', #1175, 1000.000000000000000 ) ;
#1539 = ORIENTED_EDGE ( 'NONE', *, *, #2776, .T. ) ;
#1540 = APPLICATION_CONTEXT ( 'configuration controlled 3d designs of mechanical parts and assemblies' ) ;
#1541 = ORIENTED_EDGE ( 'NONE', *, *, #444, .F. ) ;
#1542 = LINE ( 'NONE', #2030, #3026 ) ;
#1543 = ORIENTED_EDGE ( 'NONE', *, *, #811, .F. ) ;
#1544 = CARTESIAN_POINT ( 'NONE',  ( 12.24586983568287479, -20.00000000000000355, -29.56414504036117563 ) ) ;
#1545 = EDGE_CURVE ( 'NONE', #1631, #2106, #3109, .T. ) ;
#1546 = CARTESIAN_POINT ( 'NONE',  ( -12.24586983568287124, -34.00000000000000000, -32.31414504036117563 ) ) ;
#1547 = DIRECTION ( 'NONE',  ( 0.000000000000000000, 1.000000000000000000, 0.000000000000000000 ) ) ;
#1548 = DIRECTION ( 'NONE',  ( -1.000000000000000000, 0.000000000000000000, -0.000000000000000000 ) ) ;
#1549 = DIRECTION ( 'NONE',  ( 0.000000000000000000, 0.000000000000000000, 1.000000000000000000 ) ) ;
#1550 = ADVANCED_FACE ( 'NONE', ( #2875 ), #2634, .F. ) ;
#1551 = LINE ( 'NONE', #1565, #878 ) ;
#1552 = VERTEX_POINT ( 'NONE', #976 ) ;
#1553 = VERTEX_POINT ( 'NONE', #755 ) ;
#1554 = ORIENTED_EDGE ( 'NONE', *, *, #1492, .T. ) ;
#1555 = APPROVAL_DATE_TIME ( #813, #2077 ) ;
#1556 = DIRECTION ( 'NONE',  ( -0.000000000000000000, -1.000000000000000000, -0.000000000000000000 ) ) ;
#1557 = EDGE_LOOP ( 'NONE', ( #1407, #895, #908, #2006 ) ) ;
#1558 = DIRECTION ( 'NONE',  ( 0.000000000000000000, 0.000000000000000000, -1.000000000000000000 ) ) ;
#1559 = LINE ( 'NONE', #818, #2278 ) ;
#1560 = DIRECTION ( 'NONE',  ( -0.000000000000000000, -1.000000000000000000, -0.000000000000000000 ) ) ;
#1561 = DIRECTION ( 'NONE',  ( 0.000000000000000000, 1.000000000000000000, 0.000000000000000000 ) ) ;
#1562 = EDGE_CURVE ( 'NONE', #169, #94, #1714, .T. ) ;
#1563 = CARTESIAN_POINT ( 'NONE',  ( 0.000000000000000000, -5.000000000000000000, -206.0000000000000000 ) ) ;
#1564 = CIRCLE ( 'NONE', #2228, 11.00000000000001066 ) ;
#1565 = CARTESIAN_POINT ( 'NONE',  ( -16.00000000000000000, 26.99999999999999645, -308.0000000000000000 ) ) ;
#1566 = DIRECTION ( 'NONE',  ( 0.000000000000000000, 0.000000000000000000, -1.000000000000000000 ) ) ;
#1567 = CC_DESIGN_APPROVAL ( #2077, ( #200 ) ) ;
#1568 = EDGE_CURVE ( 'NONE', #2614, #1649, #2974, .T. ) ;
#1569 = ORIENTED_EDGE ( 'NONE', *, *, #1608, .T. ) ;
#1570 = ORIENTED_EDGE ( 'NONE', *, *, #97, .T. ) ;
#1571 = VERTEX_POINT ( 'NONE', #2491 ) ;
#1572 = CARTESIAN_POINT ( 'NONE',  ( -29.56414504036117563, -20.00000000000000355, -9.495869835682878346 ) ) ;
#1573 = ORIENTED_EDGE ( 'NONE', *, *, #1392, .T. ) ;
#1574 = CARTESIAN_POINT ( 'NONE',  ( -48.00000000000000000, 5.000000000000000000, -236.0000000000000000 ) ) ;
#1575 = DIRECTION ( 'NONE',  ( -0.000000000000000000, 0.000000000000000000, 1.000000000000000000 ) ) ;
#1576 = DIRECTION ( 'NONE',  ( 0.000000000000000000, 0.000000000000000000, -1.000000000000000000 ) ) ;
#1577 = DIRECTION ( 'NONE',  ( 0.000000000000000000, 0.000000000000000000, 1.000000000000000000 ) ) ;
#1578 = ORIENTED_EDGE ( 'NONE', *, *, #550, .F. ) ;
#1579 = DIRECTION ( 'NONE',  ( 0.000000000000000000, 0.000000000000000000, -1.000000000000000000 ) ) ;
#1580 = AXIS2_PLACEMENT_3D ( 'NONE', #1028, #2976, #539 ) ;
#1581 = FACE_OUTER_BOUND ( 'NONE', #1179, .T. ) ;
#1582 = DIRECTION ( 'NONE',  ( 0.000000000000000000, 0.000000000000000000, 1.000000000000000000 ) ) ;
#1583 = AXIS2_PLACEMENT_3D ( 'NONE', #2268, #822, #1549 ) ;
#1584 = VECTOR ( 'NONE', #2470, 1000.000000000000227 ) ;
#1585 = CIRCLE ( 'NONE', #372, 1.700000000000007061 ) ;
#1586 = ADVANCED_FACE ( 'NONE', ( #1944 ), #485, .F. ) ;
#1587 = EDGE_CURVE ( 'NONE', #2262, #609, #325, .T. ) ;
#1588 = EDGE_LOOP ( 'NONE', ( #701, #463 ) ) ;
#1589 = ORIENTED_EDGE ( 'NONE', *, *, #2547, .T. ) ;
#1590 = EDGE_CURVE ( 'NONE', #1630, #1553, #2463, .T. ) ;
#1591 = EDGE_CURVE ( 'NONE', #1401, #609, #42, .T. ) ;
#1592 = ORIENTED_EDGE ( 'NONE', *, *, #2648, .F. ) ;
#1593 = DIRECTION ( 'NONE',  ( 0.000000000000000000, 0.000000000000000000, 1.000000000000000000 ) ) ;
#1594 = EDGE_LOOP ( 'NONE', ( #2602, #2703 ) ) ;
#1595 = CYLINDRICAL_SURFACE ( 'NONE', #2706, 2.749999999999999112 ) ;
#1596 = FACE_OUTER_BOUND ( 'NONE', #2635, .T. ) ;
#1597 = LINE ( 'NONE', #867, #1186 ) ;
#1598 = DIRECTION ( 'NONE',  ( -0.000000000000000000, -1.000000000000000000, -0.000000000000000000 ) ) ;
#1599 = LINE ( 'NONE', #110, #420 ) ;
#1600 = CARTESIAN_POINT ( 'NONE',  ( 37.00000000000000000, -5.000000000000000000, -116.2999999999999829 ) ) ;
#1601 = ADVANCED_FACE ( 'NONE', ( #1699 ), #1010, .F. ) ;
#1602 = ORIENTED_EDGE ( 'NONE', *, *, #1950, .T. ) ;
#1603 = LINE ( 'NONE', #2323, #3120 ) ;
#1604 = ORIENTED_EDGE ( 'NONE', *, *, #430, .F. ) ;
#1605 = LINE ( 'NONE', #3125, #1476 ) ;
#1606 = DIRECTION ( 'NONE',  ( 0.000000000000000000, 1.000000000000000000, 0.000000000000000000 ) ) ;
#1607 = CARTESIAN_POINT ( 'NONE',  ( 0.000000000000000000, -18.00000000000000355, -270.0000000000000000 ) ) ;
#1608 = EDGE_CURVE ( 'NONE', #469, #182, #2729, .T. ) ;
#1609 = VERTEX_POINT ( 'NONE', #2905 ) ;
#1610 = CARTESIAN_POINT ( 'NONE',  ( 34.00000000000000000, -20.00000000000000355, 40.00000000000000000 ) ) ;
#1611 = DIRECTION ( 'NONE',  ( 0.000000000000000000, 0.000000000000000000, -1.000000000000000000 ) ) ;
#1612 = ORIENTED_EDGE ( 'NONE', *, *, #493, .T. ) ;
#1613 = VECTOR ( 'NONE', #419, 1000.000000000000114 ) ;
#1614 = CARTESIAN_POINT ( 'NONE',  ( 4.898587196589407898E-16, -27.00000000000000000, -296.0000000000000000 ) ) ;
#1615 = ORIENTED_EDGE ( 'NONE', *, *, #99, .T. ) ;
#1616 = DIRECTION ( 'NONE',  ( 0.000000000000000000, 0.000000000000000000, 1.000000000000000000 ) ) ;
#1617 = CARTESIAN_POINT ( 'NONE',  ( -37.00000000000000000, 5.000000000000000000, -118.0000000000000000 ) ) ;
#1618 = EDGE_CURVE ( 'NONE', #2662, #2379, #262, .T. ) ;
#1619 = DIRECTION ( 'NONE',  ( 0.000000000000000000, 0.000000000000000000, 1.000000000000000000 ) ) ;
#1620 = ORIENTED_EDGE ( 'NONE', *, *, #2504, .T. ) ;
#1621 = ORIENTED_EDGE ( 'NONE', *, *, #2628, .F. ) ;
#1622 = EDGE_CURVE ( 'NONE', #2970, #1064, #1281, .T. ) ;
#1623 = DIRECTION ( 'NONE',  ( -1.000000000000000000, 0.000000000000000000, 0.000000000000000000 ) ) ;
#1624 = PLANE ( 'NONE',  #2615 ) ;
#1625 = CIRCLE ( 'NONE', #1076, 2.749999999999999112 ) ;
#1626 = CARTESIAN_POINT ( 'NONE',  ( -16.00000000000000000, 26.99999999999999645, -308.0000000000000000 ) ) ;
#1627 = AXIS2_PLACEMENT_3D ( 'NONE', #258, #2967, #1727 ) ;
#1628 = ORIENTED_EDGE ( 'NONE', *, *, #315, .T. ) ;
#1629 = VECTOR ( 'NONE', #1913, 1000.000000000000000 ) ;
#1630 = VERTEX_POINT ( 'NONE', #1961 ) ;
#1631 = VERTEX_POINT ( 'NONE', #1217 ) ;
#1632 = FACE_BOUND ( 'NONE', #2752, .T. ) ;
#1633 = VECTOR ( 'NONE', #2793, 1000.000000000000000 ) ;
#1634 = VECTOR ( 'NONE', #1860, 1000.000000000000000 ) ;
#1635 = ORIENTED_EDGE ( 'NONE', *, *, #1758, .T. ) ;
#1636 = DIRECTION ( 'NONE',  ( 0.000000000000000000, -1.000000000000000000, 0.000000000000000000 ) ) ;
#1637 = CIRCLE ( 'NONE', #1891, 6.000000000000000000 ) ;
#1638 = CARTESIAN_POINT ( 'NONE',  ( -30.00000000000000000, -27.00000000000000000, -270.0000000000000000 ) ) ;
#1639 = PLANE ( 'NONE',  #2352 ) ;
#1640 = VECTOR ( 'NONE', #3078, 1000.000000000000000 ) ;
#1641 = ORIENTED_EDGE ( 'NONE', *, *, #2581, .F. ) ;
#1642 = ADVANCED_FACE ( 'NONE', ( #296, #2245, #1498, #2181, #770, #2229, #55, #960, #1234, #551, #1026, #4, #1684, #1989 ), #1749, .F. ) ;
#1643 = EDGE_LOOP ( 'NONE', ( #2403, #2172 ) ) ;
#1644 = DIRECTION ( 'NONE',  ( 0.000000000000000000, 0.000000000000000000, 1.000000000000000000 ) ) ;
#1645 = FACE_OUTER_BOUND ( 'NONE', #652, .T. ) ;
#1646 = EDGE_CURVE ( 'NONE', #1828, #1067, #1463, .T. ) ;
#1647 = CARTESIAN_POINT ( 'NONE',  ( 0.000000000000000000, -22.20000000000000284, 25.15000000000000213 ) ) ;
#1648 = EDGE_CURVE ( 'NONE', #351, #608, #224, .T. ) ;
#1649 = VERTEX_POINT ( 'NONE', #1572 ) ;
#1650 = CARTESIAN_POINT ( 'NONE',  ( -18.50000000000001776, 5.000000000000000000, -173.9570600599757597 ) ) ;
#1651 = VERTEX_POINT ( 'NONE', #2005 ) ;
#1652 = CARTESIAN_POINT ( 'NONE',  ( 0.000000000000000000, 5.000000000000000000, -161.9999999999999716 ) ) ;
#1653 = DIRECTION ( 'NONE',  ( 0.000000000000000000, 0.000000000000000000, 1.000000000000000000 ) ) ;
#1654 = ORIENTED_EDGE ( 'NONE', *, *, #2345, .F. ) ;
#1655 = ORIENTED_EDGE ( 'NONE', *, *, #2919, .F. ) ;
#1656 = CARTESIAN_POINT ( 'NONE',  ( 8.000000000000000000, -18.00000000000000355, -318.0000000000000000 ) ) ;
#1657 = LINE ( 'NONE', #458, #1991 ) ;
#1658 = DIRECTION ( 'NONE',  ( 1.000000000000000000, 0.000000000000000000, 0.000000000000000000 ) ) ;
#1659 = EDGE_CURVE ( 'NONE', #1747, #198, #353, .T. ) ;
#1660 = EDGE_CURVE ( 'NONE', #810, #1685, #2867, .T. ) ;
#1661 = EDGE_LOOP ( 'NONE', ( #2876, #2942 ) ) ;
#1662 = CARTESIAN_POINT ( 'NONE',  ( 0.000000000000000000, 5.000000000000000000, -217.0000000000000000 ) ) ;
#1663 = CC_DESIGN_SECURITY_CLASSIFICATION ( #1162, ( #200 ) ) ;
#1664 = VERTEX_POINT ( 'NONE', #2523 ) ;
#1665 = CARTESIAN_POINT ( 'NONE',  ( 4.898587196589407898E-16, 26.99999999999999645, -296.0000000000000000 ) ) ;
#1666 = LINE ( 'NONE', #3142, #2199 ) ;
#1667 = ORIENTED_EDGE ( 'NONE', *, *, #858, .T. ) ;
#1668 = VERTEX_POINT ( 'NONE', #1822 ) ;
#1669 = DIRECTION ( 'NONE',  ( -0.6246950475544239545, 0.000000000000000000, -0.7808688094430306093 ) ) ;
#1670 = DIRECTION ( 'NONE',  ( 0.000000000000000000, 0.000000000000000000, 1.000000000000000000 ) ) ;
#1671 = DIRECTION ( 'NONE',  ( -1.000000000000000000, 0.000000000000000000, 0.000000000000000000 ) ) ;
#1672 = ORIENTED_EDGE ( 'NONE', *, *, #2354, .F. ) ;
#1673 = DIRECTION ( 'NONE',  ( -0.000000000000000000, -1.000000000000000000, -0.000000000000000000 ) ) ;
#1674 = VERTEX_POINT ( 'NONE', #1044 ) ;
#1675 = ADVANCED_FACE ( 'NONE', ( #2048 ), #1341, .F. ) ;
#1676 = CIRCLE ( 'NONE', #1831, 2.749999999999999112 ) ;
#1677 = DIRECTION ( 'NONE',  ( 1.000000000000000000, 0.000000000000000000, 0.000000000000000000 ) ) ;
#1678 = AXIS2_PLACEMENT_3D ( 'NONE', #1832, #348, #142 ) ;
#1679 = VERTEX_POINT ( 'NONE', #564 ) ;
#1680 = EDGE_CURVE ( 'NONE', #2281, #1709, #388, .T. ) ;
#1681 = LINE ( 'NONE', #2024, #1078 ) ;
#1682 = VECTOR ( 'NONE', #1658, 1000.000000000000000 ) ;
#1683 = VECTOR ( 'NONE', #2810, 1000.000000000000000 ) ;
#1684 = FACE_BOUND ( 'NONE', #2643, .T. ) ;
#1685 = VERTEX_POINT ( 'NONE', #326 ) ;
#1686 = ORIENTED_EDGE ( 'NONE', *, *, #368, .F. ) ;
#1687 = DIRECTION ( 'NONE',  ( 0.000000000000000000, 0.000000000000000000, 1.000000000000000000 ) ) ;
#1688 = PLANE ( 'NONE',  #70 ) ;
#1689 = CIRCLE ( 'NONE', #2613, 1.700000000000007061 ) ;
#1690 = CARTESIAN_POINT ( 'NONE',  ( 8.000000000000000000, -18.00000000000000355, -318.0000000000000000 ) ) ;
#1691 = DIRECTION ( 'NONE',  ( -1.000000000000000000, 0.000000000000000000, 0.000000000000000000 ) ) ;
#1692 = ORIENTED_EDGE ( 'NONE', *, *, #1304, .T. ) ;
#1693 = VERTEX_POINT ( 'NONE', #802 ) ;
#1694 = CARTESIAN_POINT ( 'NONE',  ( -37.00000000000000000, 5.000000000000000000, -206.0000000000000000 ) ) ;
#1695 = ADVANCED_FACE ( 'NONE', ( #73 ), #2570, .F. ) ;
#1696 = VERTEX_POINT ( 'NONE', #2017 ) ;
#1697 = CARTESIAN_POINT ( 'NONE',  ( -37.00000000000000000, -5.000000000000000000, -206.0000000000000000 ) ) ;
#1698 = APPROVAL_STATUS ( 'not_yet_approved' ) ;
#1699 = FACE_OUTER_BOUND ( 'NONE', #969, .T. ) ;
#1700 = EDGE_LOOP ( 'NONE', ( #1095, #2995, #2214, #646 ) ) ;
#1701 = CARTESIAN_POINT ( 'NONE',  ( -16.00000000000000000, 27.00000000000000000, -270.0000000000000000 ) ) ;
#1702 = CARTESIAN_POINT ( 'NONE',  ( 18.50000000000000355, -5.000000000000000000, -238.0429399400242119 ) ) ;
#1703 = CARTESIAN_POINT ( 'NONE',  ( 3.079986699855593473E-15, -22.20000000000000284, -25.15000000000000213 ) ) ;
#1704 = CARTESIAN_POINT ( 'NONE',  ( 8.000000000000000000, -18.00000000000000355, -318.0000000000000000 ) ) ;
#1705 = ORIENTED_EDGE ( 'NONE', *, *, #933, .T. ) ;
#1706 = EDGE_CURVE ( 'NONE', #1674, #2821, #847, .T. ) ;
#1707 = CARTESIAN_POINT ( 'NONE',  ( 0.000000000000000000, -20.00000000000000355, 0.000000000000000000 ) ) ;
#1708 = ORIENTED_EDGE ( 'NONE', *, *, #1758, .F. ) ;
#1709 = VERTEX_POINT ( 'NONE', #2787 ) ;
#1710 = PLANE ( 'NONE',  #1627 ) ;
#1711 = ORIENTED_EDGE ( 'NONE', *, *, #447, .F. ) ;
#1712 = DIRECTION ( 'NONE',  ( 0.000000000000000000, 1.000000000000000000, 0.000000000000000000 ) ) ;
#1713 = CARTESIAN_POINT ( 'NONE',  ( 29.56414504036117563, -20.00000000000000355, -9.495869835682874793 ) ) ;
#1714 = LINE ( 'NONE', #1925, #2000 ) ;
#1715 = EDGE_LOOP ( 'NONE', ( #714, #1621 ) ) ;
#1716 = CARTESIAN_POINT ( 'NONE',  ( 0.000000000000000000, -5.000000000000000000, -118.0000000000000000 ) ) ;
#1717 = AXIS2_PLACEMENT_3D ( 'NONE', #1119, #1575, #1371 ) ;
#1718 = EDGE_CURVE ( 'NONE', #1144, #2970, #2310, .T. ) ;
#1719 = LINE ( 'NONE', #744, #2122 ) ;
#1720 = EDGE_CURVE ( 'NONE', #961, #3106, #788, .T. ) ;
#1721 = CARTESIAN_POINT ( 'NONE',  ( 30.00000000000000000, 27.00000000000000000, -260.0000000000000000 ) ) ;
#1722 = LINE ( 'NONE', #2702, #2090 ) ;
#1723 = ORIENTED_EDGE ( 'NONE', *, *, #2724, .F. ) ;
#1724 = DIRECTION ( 'NONE',  ( 0.000000000000000000, 0.000000000000000000, -1.000000000000000000 ) ) ;
#1725 = ORIENTED_EDGE ( 'NONE', *, *, #2532, .F. ) ;
#1726 = VERTEX_POINT ( 'NONE', #3035 ) ;
#1727 = DIRECTION ( 'NONE',  ( 0.000000000000000000, -0.000000000000000000, -1.000000000000000000 ) ) ;
#1728 = CIRCLE ( 'NONE', #1420, 2.749999999999999112 ) ;
#1729 = ORIENTED_EDGE ( 'NONE', *, *, #1455, .F. ) ;
#1730 = CARTESIAN_POINT ( 'NONE',  ( 18.50000000000000355, 5.000000000000000000, -150.0429399400242119 ) ) ;
#1731 = EDGE_LOOP ( 'NONE', ( #2632, #766, #320, #2202 ) ) ;
#1732 = CIRCLE ( 'NONE', #24, 1.700000000000007061 ) ;
#1733 = FACE_BOUND ( 'NONE', #1744, .T. ) ;
#1734 = AXIS2_PLACEMENT_3D ( 'NONE', #96, #1849, #2333 ) ;
#1735 = CARTESIAN_POINT ( 'NONE',  ( 18.50000000000000355, 5.000000000000000000, -173.9570600599757597 ) ) ;
#1736 = FACE_OUTER_BOUND ( 'NONE', #2830, .T. ) ;
#1737 = FACE_OUTER_BOUND ( 'NONE', #1856, .T. ) ;
#1738 = ORIENTED_EDGE ( 'NONE', *, *, #2472, .T. ) ;
#1739 = CIRCLE ( 'NONE', #2462, 1.700000000000007061 ) ;
#1740 = EDGE_CURVE ( 'NONE', #111, #2850, #1542, .T. ) ;
#1741 = AXIS2_PLACEMENT_3D ( 'NONE', #1650, #2885, #146 ) ;
#1742 = CARTESIAN_POINT ( 'NONE',  ( 12.24586983568287479, -34.00000000000000000, -29.56414504036117563 ) ) ;
#1743 = VECTOR ( 'NONE', #983, 1000.000000000000000 ) ;
#1744 = EDGE_LOOP ( 'NONE', ( #2902, #148 ) ) ;
#1745 = CARTESIAN_POINT ( 'NONE',  ( 30.00000000000000000, -5.000000000000000000, -264.0000000000000000 ) ) ;
#1746 = EDGE_CURVE ( 'NONE', #993, #2956, #1637, .T. ) ;
#1747 = VERTEX_POINT ( 'NONE', #1775 ) ;
#1748 = PERSON_AND_ORGANIZATION ( #2389, #2950 ) ;
#1749 = PLANE ( 'NONE',  #1245 ) ;
#1750 = EDGE_CURVE ( 'NONE', #3087, #1651, #1086, .T. ) ;
#1751 = ORIENTED_EDGE ( 'NONE', *, *, #2591, .F. ) ;
#1752 = DIRECTION ( 'NONE',  ( 0.000000000000000000, 0.000000000000000000, 1.000000000000000000 ) ) ;
#1753 = CARTESIAN_POINT ( 'NONE',  ( 29.56414504036117918, -34.00000000000000000, 14.99586983568286946 ) ) ;
#1754 = CARTESIAN_POINT ( 'NONE',  ( 18.50000000000000355, 5.000000000000000000, -238.0429399400242119 ) ) ;
#1755 = DIRECTION ( 'NONE',  ( 1.000000000000000000, 0.000000000000000000, -0.000000000000000000 ) ) ;
#1756 = CARTESIAN_POINT ( 'NONE',  ( 34.00000000000000000, -20.00000000000000355, -66.00000000000000000 ) ) ;
#1757 = ORIENTED_EDGE ( 'NONE', *, *, #2745, .F. ) ;
#1758 = EDGE_CURVE ( 'NONE', #1477, #565, #1522, .T. ) ;
#1759 = ADVANCED_FACE ( 'NONE', ( #2757 ), #863, .F. ) ;
#1760 = ORIENTED_EDGE ( 'NONE', *, *, #2250, .F. ) ;
#1761 = CARTESIAN_POINT ( 'NONE',  ( -37.00000000000000000, 5.000000000000000000, -204.2999999999999829 ) ) ;
#1762 = ORIENTED_EDGE ( 'NONE', *, *, #1338, .F. ) ;
#1763 = LINE ( 'NONE', #2685, #620 ) ;
#1764 = FACE_OUTER_BOUND ( 'NONE', #1449, .T. ) ;
#1765 = VECTOR ( 'NONE', #46, 1000.000000000000000 ) ;
#1766 = DIRECTION ( 'NONE',  ( 0.000000000000000000, 1.000000000000000000, 0.000000000000000000 ) ) ;
#1767 = LINE ( 'NONE', #746, #274 ) ;
#1768 = APPROVAL_PERSON_ORGANIZATION ( #739, #2077, #1462 ) ;
#1769 = CARTESIAN_POINT ( 'NONE',  ( 4.898587196589412829E-16, -18.00000000000000355, -296.0000000000000000 ) ) ;
#1770 = ORIENTED_EDGE ( 'NONE', *, *, #2776, .F. ) ;
#1771 = ORIENTED_EDGE ( 'NONE', *, *, #385, .F. ) ;
#1772 = EDGE_CURVE ( 'NONE', #3079, #5, #2804, .T. ) ;
#1773 = ORIENTED_EDGE ( 'NONE', *, *, #150, .F. ) ;
#1774 = PERSON_AND_ORGANIZATION_ROLE ( 'classification_officer' ) ;
#1775 = CARTESIAN_POINT ( 'NONE',  ( -16.00000000000000000, 26.99999999999999645, -308.0000000000000000 ) ) ;
#1776 = AXIS2_PLACEMENT_3D ( 'NONE', #2313, #630, #643 ) ;
#1777 = EDGE_CURVE ( 'NONE', #1427, #184, #580, .T. ) ;
#1778 = ORIENTED_EDGE ( 'NONE', *, *, #2640, .F. ) ;
#1779 = DIRECTION ( 'NONE',  ( -0.000000000000000000, -1.000000000000000000, -0.000000000000000000 ) ) ;
#1780 = LINE ( 'NONE', #3023, #764 ) ;
#1781 = VECTOR ( 'NONE', #2223, 1000.000000000000000 ) ;
#1782 = CARTESIAN_POINT ( 'NONE',  ( 12.24586983568287479, -20.00000000000000355, -29.56414504036117563 ) ) ;
#1783 = CARTESIAN_POINT ( 'NONE',  ( 34.00000000000000000, 5.000000000000000000, -260.0000000000000000 ) ) ;
#1784 = ADVANCED_FACE ( 'NONE', ( #3062 ), #910, .F. ) ;
#1785 = CIRCLE ( 'NONE', #15, 2.749999999999999112 ) ;
#1786 = FACE_OUTER_BOUND ( 'NONE', #1053, .T. ) ;
#1787 = CYLINDRICAL_SURFACE ( 'NONE', #1734, 2.749999999999999112 ) ;
#1788 = AXIS2_PLACEMENT_3D ( 'NONE', #2961, #1300, #2266 ) ;
#1789 = AXIS2_PLACEMENT_3D ( 'NONE', #92, #1109, #2792 ) ;
#1790 = AXIS2_PLACEMENT_3D ( 'NONE', #1116, #1842, #943 ) ;
#1791 = ORIENTED_EDGE ( 'NONE', *, *, #102, .F. ) ;
#1792 = VECTOR ( 'NONE', #2242, 1000.000000000000227 ) ;
#1793 = ORIENTED_EDGE ( 'NONE', *, *, #581, .F. ) ;
#1794 = EDGE_CURVE ( 'NONE', #2322, #3152, #2716, .T. ) ;
#1795 = DIRECTION ( 'NONE',  ( -0.000000000000000000, -1.000000000000000000, -0.000000000000000000 ) ) ;
#1796 = EDGE_LOOP ( 'NONE', ( #1526, #2550, #2966, #488, #2069, #1939, #3095, #2786, #2676, #962 ) ) ;
#1797 = DIRECTION ( 'NONE',  ( 0.000000000000000000, 1.000000000000000000, 0.000000000000000000 ) ) ;
#1798 = DIRECTION ( 'NONE',  ( -0.000000000000000000, -1.000000000000000000, -0.000000000000000000 ) ) ;
#1799 = ADVANCED_FACE ( 'NONE', ( #2616 ), #2078, .F. ) ;
#1800 = CYLINDRICAL_SURFACE ( 'NONE', #221, 4.000000000000003553 ) ;
#1801 = CARTESIAN_POINT ( 'NONE',  ( -8.000000000000000000, 26.99999999999999645, -318.0000000000000000 ) ) ;
#1802 = DIRECTION ( 'NONE',  ( 0.000000000000000000, 0.000000000000000000, 1.000000000000000000 ) ) ;
#1803 = LINE ( 'NONE', #2782, #1431 ) ;
#1804 = CARTESIAN_POINT ( 'NONE',  ( -18.49999999999999289, 5.000000000000000000, -148.3429399400241948 ) ) ;
#1805 = ORIENTED_EDGE ( 'NONE', *, *, #364, .F. ) ;
#1806 = VERTEX_POINT ( 'NONE', #880 ) ;
#1807 = CARTESIAN_POINT ( 'NONE',  ( 12.24586983568287479, -20.00000000000000355, -32.31414504036117563 ) ) ;
#1808 = ORIENTED_EDGE ( 'NONE', *, *, #2123, .F. ) ;
#1809 = CARTESIAN_POINT ( 'NONE',  ( 48.00000000000000000, -5.000000000000000000, -236.0000000000000000 ) ) ;
#1810 = DIRECTION ( 'NONE',  ( -0.5407575913134984313, 0.000000000000000000, -0.8411784753765537692 ) ) ;
#1811 = CARTESIAN_POINT ( 'NONE',  ( 30.00000000000000000, -27.00000000000000000, -260.0000000000000000 ) ) ;
#1812 = CARTESIAN_POINT ( 'NONE',  ( 18.50000000000000355, 5.000000000000000000, -236.3429399400241948 ) ) ;
#1813 = ADVANCED_BREP_SHAPE_REPRESENTATION ( 'JX1_Shin_L', ( #1996, #1468 ), #1221 ) ;
#1814 = CARTESIAN_POINT ( 'NONE',  ( 29.56414504036117563, -34.00000000000000000, -9.495869835682874793 ) ) ;
#1815 = EDGE_CURVE ( 'NONE', #845, #1168, #1339, .T. ) ;
#1816 = EDGE_CURVE ( 'NONE', #441, #1828, #206, .T. ) ;
#1817 = CARTESIAN_POINT ( 'NONE',  ( -30.00000000000000000, 27.00000000000000000, -270.0000000000000000 ) ) ;
#1818 = CARTESIAN_POINT ( 'NONE',  ( -34.00000000000000000, -20.00000000000000355, 40.00000000000000000 ) ) ;
#1819 = LOCAL_TIME ( 11, 8, 8.000000000000000000, #2273 ) ;
#1820 = ADVANCED_FACE ( 'NONE', ( #672, #1632 ), #2820, .F. ) ;
#1821 = ORIENTED_EDGE ( 'NONE', *, *, #1094, .F. ) ;
#1822 = CARTESIAN_POINT ( 'NONE',  ( 12.24586983568287479, -34.00000000000000000, -26.81414504036117563 ) ) ;
#1823 = ORIENTED_EDGE ( 'NONE', *, *, #1720, .F. ) ;
#1824 = FACE_OUTER_BOUND ( 'NONE', #1416, .T. ) ;
#1825 = CARTESIAN_POINT ( 'NONE',  ( -30.00000000000000000, 5.000000000000000000, -264.0000000000000000 ) ) ;
#1826 = CARTESIAN_POINT ( 'NONE',  ( 16.00000000000000000, 26.99999999999999645, -260.0000000000000000 ) ) ;
#1827 = VECTOR ( 'NONE', #1238, 1000.000000000000000 ) ;
#1828 = VERTEX_POINT ( 'NONE', #640 ) ;
#1829 = ORIENTED_EDGE ( 'NONE', *, *, #1680, .F. ) ;
#1830 = CARTESIAN_POINT ( 'NONE',  ( -12.24586983568287124, -34.00000000000000000, -29.56414504036117563 ) ) ;
#1831 = AXIS2_PLACEMENT_3D ( 'NONE', #1830, #1329, #3028 ) ;
#1832 = CARTESIAN_POINT ( 'NONE',  ( -18.49999999999999289, 5.000000000000000000, -238.0429399400242403 ) ) ;
#1833 = EDGE_CURVE ( 'NONE', #3144, #441, #1603, .T. ) ;
#1834 = CYLINDRICAL_SURFACE ( 'NONE', #2095, 2.750000000000002665 ) ;
#1835 = VECTOR ( 'NONE', #1673, 1000.000000000000000 ) ;
#1836 = VECTOR ( 'NONE', #155, 1000.000000000000000 ) ;
#1837 = CIRCLE ( 'NONE', #2254, 1.700000000000007061 ) ;
#1838 = ORIENTED_EDGE ( 'NONE', *, *, #906, .F. ) ;
#1839 = ORIENTED_EDGE ( 'NONE', *, *, #1393, .F. ) ;
#1840 = AXIS2_PLACEMENT_3D ( 'NONE', #177, #702, #2631 ) ;
#1841 = EDGE_CURVE ( 'NONE', #1401, #387, #428, .T. ) ;
#1842 = DIRECTION ( 'NONE',  ( 0.000000000000000000, 1.000000000000000000, 0.000000000000000000 ) ) ;
#1843 = UNCERTAINTY_MEASURE_WITH_UNIT (LENGTH_MEASURE( 1.000000000000000082E-05 ), #500, 'distance_accuracy_value', 'NONE');
#1844 = ORIENTED_EDGE ( 'NONE', *, *, #968, .T. ) ;
#1845 = CARTESIAN_POINT ( 'NONE',  ( -48.00000000000000000, 5.000000000000000000, -236.0000000000000000 ) ) ;
#1846 = FACE_BOUND ( 'NONE', #56, .T. ) ;
#1847 = CARTESIAN_POINT ( 'NONE',  ( -18.50000000000001776, 5.000000000000000000, -172.2570600599757711 ) ) ;
#1848 = CARTESIAN_POINT ( 'NONE',  ( -16.00000000000000000, -18.00000000000000355, -308.0000000000000000 ) ) ;
#1849 = DIRECTION ( 'NONE',  ( -0.000000000000000000, -1.000000000000000000, -0.000000000000000000 ) ) ;
#1850 = DIRECTION ( 'NONE',  ( -0.000000000000000000, -1.000000000000000000, -0.000000000000000000 ) ) ;
#1851 = VERTEX_POINT ( 'NONE', #1614 ) ;
#1852 = ORIENTED_EDGE ( 'NONE', *, *, #3000, .F. ) ;
#1853 = ADVANCED_FACE ( 'NONE', ( #1146 ), #2109, .F. ) ;
#1854 = ORIENTED_EDGE ( 'NONE', *, *, #1841, .T. ) ;
#1855 = CARTESIAN_POINT ( 'NONE',  ( 18.50000000000000355, -5.000000000000000000, -236.3429399400241948 ) ) ;
#1856 = EDGE_LOOP ( 'NONE', ( #1970, #2175, #1981, #1219, #100, #2869 ) ) ;
#1857 = ADVANCED_FACE ( 'NONE', ( #2580 ), #397, .F. ) ;
#1858 = CARTESIAN_POINT ( 'NONE',  ( -30.00000000000000000, -5.000000000000000000, -264.0000000000000000 ) ) ;
#1859 = CARTESIAN_POINT ( 'NONE',  ( 0.000000000000000000, -22.20000000000000284, 0.000000000000000000 ) ) ;
#1860 = DIRECTION ( 'NONE',  ( 0.000000000000000000, -1.000000000000000000, 0.000000000000000000 ) ) ;
#1861 = ORIENTED_EDGE ( 'NONE', *, *, #1973, .T. ) ;
#1862 = ORIENTED_EDGE ( 'NONE', *, *, #991, .F. ) ;
#1863 = DIRECTION ( 'NONE',  ( -0.000000000000000000, 0.000000000000000000, 1.000000000000000000 ) ) ;
#1864 = LINE ( 'NONE', #2058, #733 ) ;
#1865 = CARTESIAN_POINT ( 'NONE',  ( 36.00000000000000000, -20.00000000000000355, -110.0000000000000000 ) ) ;
#1866 = CIRCLE ( 'NONE', #559, 4.000000000000003553 ) ;
#1867 = VERTEX_POINT ( 'NONE', #160 ) ;
#1868 = VERTEX_POINT ( 'NONE', #1662 ) ;
#1869 = LOCAL_TIME ( 11, 8, 8.000000000000000000, #3 ) ;
#1870 = VERTEX_POINT ( 'NONE', #1855 ) ;
#1871 = CARTESIAN_POINT ( 'NONE',  ( 30.00000000000000000, -27.00000000000000000, -260.0000000000000000 ) ) ;
#1872 = ADVANCED_FACE ( 'NONE', ( #1130 ), #191, .F. ) ;
#1873 = ORIENTED_EDGE ( 'NONE', *, *, #1455, .T. ) ;
#1874 = DIRECTION ( 'NONE',  ( 0.000000000000000000, 1.000000000000000000, 0.000000000000000000 ) ) ;
#1875 = CARTESIAN_POINT ( 'NONE',  ( 30.00000000000000000, 27.00000000000000000, -260.0000000000000000 ) ) ;
#1876 = DIRECTION ( 'NONE',  ( 0.000000000000000000, 1.000000000000000000, 0.000000000000000000 ) ) ;
#1877 = EDGE_CURVE ( 'NONE', #747, #257, #1334, .T. ) ;
#1878 = ORIENTED_EDGE ( 'NONE', *, *, #2923, .T. ) ;
#1879 = ORIENTED_EDGE ( 'NONE', *, *, #970, .F. ) ;
#1880 = CARTESIAN_POINT ( 'NONE',  ( 16.00000000000000000, -18.00000000000000355, -308.0000000000000000 ) ) ;
#1881 = CARTESIAN_POINT ( 'NONE',  ( 0.000000000000000000, -20.00000000000000355, 25.15000000000000213 ) ) ;
#1882 = EDGE_CURVE ( 'NONE', #1806, #486, #2127, .T. ) ;
#1883 = CARTESIAN_POINT ( 'NONE',  ( 0.000000000000000000, -18.00000000000000355, -300.0000000000000000 ) ) ;
#1884 = VECTOR ( 'NONE', #1035, 1000.000000000000227 ) ;
#1885 = AXIS2_PLACEMENT_3D ( 'NONE', #514, #2213, #2936 ) ;
#1886 = ORIENTED_EDGE ( 'NONE', *, *, #801, .T. ) ;
#1887 = FACE_BOUND ( 'NONE', #1990, .T. ) ;
#1888 = AXIS2_PLACEMENT_3D ( 'NONE', #59, #287, #1016 ) ;
#1889 = ORIENTED_EDGE ( 'NONE', *, *, #2687, .F. ) ;
#1890 = CARTESIAN_POINT ( 'NONE',  ( 0.000000000000000000, -27.00000000000000000, -304.0000000000000000 ) ) ;
#1891 = AXIS2_PLACEMENT_3D ( 'NONE', #582, #2773, #595 ) ;
#1892 = EDGE_CURVE ( 'NONE', #2956, #1332, #2387, .T. ) ;
#1893 = LINE ( 'NONE', #1165, #1320 ) ;
#1894 = ORIENTED_EDGE ( 'NONE', *, *, #425, .T. ) ;
#1895 = DIRECTION ( 'NONE',  ( 0.000000000000000000, 0.000000000000000000, -1.000000000000000000 ) ) ;
#1896 = AXIS2_PLACEMENT_3D ( 'NONE', #1331, #1850, #2304 ) ;
#1897 = ORIENTED_EDGE ( 'NONE', *, *, #2996, .F. ) ;
#1898 = ORIENTED_EDGE ( 'NONE', *, *, #1392, .F. ) ;
#1899 = ADVANCED_FACE ( 'NONE', ( #1887, #1920, #2177, #480, #2454, #2225, #277, #1250, #1985, #1442 ), #3139, .T. ) ;
#1900 = LINE ( 'NONE', #952, #1335 ) ;
#1901 = CARTESIAN_POINT ( 'NONE',  ( 0.000000000000000000, 18.00000000000000000, 0.000000000000000000 ) ) ;
#1902 = EDGE_CURVE ( 'NONE', #2850, #2101, #2151, .T. ) ;
#1903 = DIRECTION ( 'NONE',  ( 0.000000000000000000, 0.000000000000000000, 1.000000000000000000 ) ) ;
#1904 = ORIENTED_EDGE ( 'NONE', *, *, #2287, .T. ) ;
#1905 = DIRECTION ( 'NONE',  ( 0.000000000000000000, -0.000000000000000000, 1.000000000000000000 ) ) ;
#1906 = ORIENTED_EDGE ( 'NONE', *, *, #1750, .T. ) ;
#1907 = DIRECTION ( 'NONE',  ( 0.000000000000000000, 0.000000000000000000, -1.000000000000000000 ) ) ;
#1908 = CARTESIAN_POINT ( 'NONE',  ( 4.898587196589407898E-16, -18.00000000000000355, -296.0000000000000000 ) ) ;
#1909 = DIRECTION ( 'NONE',  ( -1.000000000000000000, 0.000000000000000000, -0.000000000000000000 ) ) ;
#1910 = VERTEX_POINT ( 'NONE', #2404 ) ;
#1911 = VERTEX_POINT ( 'NONE', #2901 ) ;
#1912 = DIRECTION ( 'NONE',  ( 0.000000000000000000, 1.000000000000000000, 0.000000000000000000 ) ) ;
#1913 = DIRECTION ( 'NONE',  ( -1.000000000000000000, 0.000000000000000000, 0.000000000000000000 ) ) ;
#1914 = CARTESIAN_POINT ( 'NONE',  ( 36.00000000000000000, -34.00000000000000000, -110.0000000000000000 ) ) ;
#1915 = ADVANCED_FACE ( 'NONE', ( #226 ), #750, .F. ) ;
#1916 = DIRECTION ( 'NONE',  ( 0.000000000000000000, 1.000000000000000000, 0.000000000000000000 ) ) ;
#1917 = ADVANCED_FACE ( 'NONE', ( #1197, #2436, #716, #1955, #767, #787, #1969, #1264, #992, #52, #1229, #2951, #2160 ), #1710, .T. ) ;
#1918 = ORIENTED_EDGE ( 'NONE', *, *, #207, .F. ) ;
#1919 = AXIS2_PLACEMENT_3D ( 'NONE', #2891, #1189, #2154 ) ;
#1920 = FACE_BOUND ( 'NONE', #1643, .T. ) ;
#1921 = EDGE_CURVE ( 'NONE', #810, #2129, #1475, .T. ) ;
#1922 = CC_DESIGN_APPROVAL ( #2138, ( #2712 ) ) ;
#1923 = ORIENTED_EDGE ( 'NONE', *, *, #1772, .T. ) ;
#1924 = DIRECTION ( 'NONE',  ( 0.000000000000000000, 1.000000000000000000, 0.000000000000000000 ) ) ;
#1925 = CARTESIAN_POINT ( 'NONE',  ( -48.00000000000000000, 5.000000000000000000, -236.0000000000000000 ) ) ;
#1926 = ORIENTED_EDGE ( 'NONE', *, *, #1333, .T. ) ;
#1927 = EDGE_LOOP ( 'NONE', ( #2275, #1262, #2363, #2222 ) ) ;
#1928 = CYLINDRICAL_SURFACE ( 'NONE', #2894, 25.15000000000000213 ) ;
#1929 = DIRECTION ( 'NONE',  ( 0.000000000000000000, 0.000000000000000000, 1.000000000000000000 ) ) ;
#1930 = CARTESIAN_POINT ( 'NONE',  ( 30.00000000000000000, -27.00000000000000000, -270.0000000000000000 ) ) ;
#1931 = VERTEX_POINT ( 'NONE', #1745 ) ;
#1932 = ADVANCED_FACE ( 'NONE', ( #2710 ), #1023, .F. ) ;
#1933 = CARTESIAN_POINT ( 'NONE',  ( -29.56414504036117563, -20.00000000000000355, -14.99586983568287479 ) ) ;
#1934 = AXIS2_PLACEMENT_3D ( 'NONE', #1148, #3092, #2873 ) ;
#1935 = EDGE_LOOP ( 'NONE', ( #158, #2474, #1897, #1592 ) ) ;
#1936 = ORIENTED_EDGE ( 'NONE', *, *, #1568, .T. ) ;
#1937 = CIRCLE ( 'NONE', #2755, 8.000000000000007105 ) ;
#1938 = DIRECTION ( 'NONE',  ( 0.000000000000000000, 1.000000000000000000, 0.000000000000000000 ) ) ;
#1939 = ORIENTED_EDGE ( 'NONE', *, *, #2287, .F. ) ;
#1940 = CARTESIAN_POINT ( 'NONE',  ( 9.797174393178815797E-16, -5.000000000000000000, -153.9999999999999716 ) ) ;
#1941 = CALENDAR_DATE ( 2026, 24, 9 ) ;
#1942 = VECTOR ( 'NONE', #1691, 1000.000000000000000 ) ;
#1943 = CIRCLE ( 'NONE', #578, 1.700000000000007061 ) ;
#1944 = FACE_OUTER_BOUND ( 'NONE', #2471, .T. ) ;
#1945 = AXIS2_PLACEMENT_3D ( 'NONE', #740, #1480, #283 ) ;
#1946 = ORIENTED_EDGE ( 'NONE', *, *, #1122, .T. ) ;
#1947 = DIRECTION ( 'NONE',  ( 1.000000000000000000, 0.000000000000000000, 0.000000000000000000 ) ) ;
#1948 = DIRECTION ( 'NONE',  ( 0.000000000000000000, 1.000000000000000000, 0.000000000000000000 ) ) ;
#1949 = ADVANCED_FACE ( 'NONE', ( #241 ), #2727, .F. ) ;
#1950 = EDGE_CURVE ( 'NONE', #3140, #338, #3117, .T. ) ;
#1951 = DIRECTION ( 'NONE',  ( -0.000000000000000000, -1.000000000000000000, -0.000000000000000000 ) ) ;
#1952 = DIRECTION ( 'NONE',  ( -0.6246950475544239545, 0.000000000000000000, 0.7808688094430306093 ) ) ;
#1953 = DIRECTION ( 'NONE',  ( 0.000000000000000000, 1.000000000000000000, 0.000000000000000000 ) ) ;
#1954 = ORIENTED_EDGE ( 'NONE', *, *, #2286, .F. ) ;
#1955 = FACE_BOUND ( 'NONE', #1497, .T. ) ;
#1956 = EDGE_CURVE ( 'NONE', #1674, #2579, #2307, .T. ) ;
#1957 = EDGE_CURVE ( 'NONE', #2834, #2554, #2920, .T. ) ;
#1958 = EDGE_LOOP ( 'NONE', ( #61, #743, #1007, #656 ) ) ;
#1959 = LINE ( 'NONE', #2196, #1235 ) ;
#1960 = PERSON_AND_ORGANIZATION ( #2389, #2950 ) ;
#1961 = CARTESIAN_POINT ( 'NONE',  ( -18.49999999999999289, 5.000000000000000000, -236.3429399400242232 ) ) ;
#1962 = EDGE_LOOP ( 'NONE', ( #1692, #496 ) ) ;
#1963 = FACE_BOUND ( 'NONE', #791, .T. ) ;
#1964 = DIRECTION ( 'NONE',  ( -0.000000000000000000, 1.000000000000000000, -0.000000000000000000 ) ) ;
#1965 = CARTESIAN_POINT ( 'NONE',  ( -37.00000000000000000, 5.000000000000000000, -118.0000000000000000 ) ) ;
#1966 = CARTESIAN_POINT ( 'NONE',  ( 4.898587196589412829E-16, 26.99999999999999645, -296.0000000000000000 ) ) ;
#1967 = CYLINDRICAL_SURFACE ( 'NONE', #475, 1.700000000000007061 ) ;
#1968 = EDGE_LOOP ( 'NONE', ( #1906, #650, #2756, #637 ) ) ;
#1969 = FACE_BOUND ( 'NONE', #2344, .T. ) ;
#1970 = ORIENTED_EDGE ( 'NONE', *, *, #1405, .F. ) ;
#1971 = DIRECTION ( 'NONE',  ( 0.5368754921931593316, 0.000000000000000000, -0.8436614877321073624 ) ) ;
#1972 = CARTESIAN_POINT ( 'NONE',  ( -48.00000000000000000, -5.000000000000000000, -88.00000000000000000 ) ) ;
#1973 = EDGE_CURVE ( 'NONE', #184, #1427, #2206, .T. ) ;
#1974 = CARTESIAN_POINT ( 'NONE',  ( -29.56414504036117563, -20.00000000000000355, -12.24586983568287657 ) ) ;
#1975 = VECTOR ( 'NONE', #866, 1000.000000000000000 ) ;
#1976 = ORIENTED_EDGE ( 'NONE', *, *, #2066, .T. ) ;
#1977 = CARTESIAN_POINT ( 'NONE',  ( -30.00000000000000000, -27.00000000000000000, -270.0000000000000000 ) ) ;
#1978 = CARTESIAN_POINT ( 'NONE',  ( 9.797174393178825657E-16, 5.000000000000000000, -153.9999999999999716 ) ) ;
#1979 = DIRECTION ( 'NONE',  ( 0.000000000000000000, 0.000000000000000000, -1.000000000000000000 ) ) ;
#1980 = CARTESIAN_POINT ( 'NONE',  ( 0.000000000000000000, 5.000000000000000000, -118.0000000000000000 ) ) ;
#1981 = ORIENTED_EDGE ( 'NONE', *, *, #2669, .T. ) ;
#1982 = ADVANCED_FACE ( 'NONE', ( #871 ), #3044, .F. ) ;
#1983 = CARTESIAN_POINT ( 'NONE',  ( -16.00000000000000000, -27.00000000000000000, -308.0000000000000000 ) ) ;
#1984 = EDGE_LOOP ( 'NONE', ( #2744, #2693, #549, #919 ) ) ;
#1985 = FACE_BOUND ( 'NONE', #495, .T. ) ;
#1986 = CIRCLE ( 'NONE', #65, 2.750000000000002665 ) ;
#1987 = VERTEX_POINT ( 'NONE', #2828 ) ;
#1988 = APPROVAL_ROLE ( '' ) ;
#1989 = FACE_OUTER_BOUND ( 'NONE', #295, .T. ) ;
#1990 = EDGE_LOOP ( 'NONE', ( #684, #593 ) ) ;
#1991 = VECTOR ( 'NONE', #807, 1000.000000000000000 ) ;
#1992 = ORIENTED_EDGE ( 'NONE', *, *, #230, .T. ) ;
#1993 = CIRCLE ( 'NONE', #1678, 1.700000000000007061 ) ;
#1994 = DIRECTION ( 'NONE',  ( 0.000000000000000000, 0.000000000000000000, 1.000000000000000000 ) ) ;
#1995 = CARTESIAN_POINT ( 'NONE',  ( -18.49999999999999289, -5.000000000000000000, -239.7429399400242289 ) ) ;
#1996 = MANIFOLD_SOLID_BREP ( 'Tine_Med', #1025 ) ;
#1997 = CARTESIAN_POINT ( 'NONE',  ( -16.00000000000000000, 18.00000000000000000, -270.0000000000000000 ) ) ;
#1998 = CIRCLE ( 'NONE', #884, 4.000000000000003553 ) ;
#1999 = ADVANCED_FACE ( 'NONE', ( #3031 ), #1834, .F. ) ;
#2000 = VECTOR ( 'NONE', #2216, 1000.000000000000000 ) ;
#2001 = CARTESIAN_POINT ( 'NONE',  ( 7.347880794884118750E-16, -20.00000000000000355, 6.000000000000000000 ) ) ;
#2002 = ORIENTED_EDGE ( 'NONE', *, *, #410, .T. ) ;
#2003 = CARTESIAN_POINT ( 'NONE',  ( 29.56414504036117918, -20.00000000000000355, 12.24586983568286591 ) ) ;
#2004 = ORIENTED_EDGE ( 'NONE', *, *, #1446, .T. ) ;
#2005 = CARTESIAN_POINT ( 'NONE',  ( -8.000000000000000000, 18.00000000000000000, -318.0000000000000000 ) ) ;
#2006 = ORIENTED_EDGE ( 'NONE', *, *, #1426, .F. ) ;
#2007 = CARTESIAN_POINT ( 'NONE',  ( 12.24586983568287479, -34.00000000000000000, -32.31414504036117563 ) ) ;
#2008 = CARTESIAN_POINT ( 'NONE',  ( 48.00000000000000000, 5.000000000000000000, -236.0000000000000000 ) ) ;
#2009 = FACE_OUTER_BOUND ( 'NONE', #2983, .T. ) ;
#2010 = CARTESIAN_POINT ( 'NONE',  ( 37.00000000000000000, -5.000000000000000000, -204.2999999999999829 ) ) ;
#2011 = ORIENTED_EDGE ( 'NONE', *, *, #1973, .F. ) ;
#2012 = DIRECTION ( 'NONE',  ( -0.000000000000000000, 0.000000000000000000, 1.000000000000000000 ) ) ;
#2013 = EDGE_CURVE ( 'NONE', #2916, #1147, #1351, .T. ) ;
#2014 = ORIENTED_EDGE ( 'NONE', *, *, #2877, .T. ) ;
#2015 = EDGE_CURVE ( 'NONE', #373, #310, #1864, .T. ) ;
#2016 = VERTEX_POINT ( 'NONE', #1600 ) ;
#2017 = CARTESIAN_POINT ( 'NONE',  ( 29.56414504036117563, -34.00000000000000000, -14.99586983568287124 ) ) ;
#2018 = ORIENTED_EDGE ( 'NONE', *, *, #1425, .F. ) ;
#2019 = CARTESIAN_POINT ( 'NONE',  ( 18.50000000000000355, -5.000000000000000000, -148.3429399400241948 ) ) ;
#2020 = DIRECTION ( 'NONE',  ( -0.000000000000000000, -1.000000000000000000, -0.000000000000000000 ) ) ;
#2021 = AXIS2_PLACEMENT_3D ( 'NONE', #1735, #951, #216 ) ;
#2022 = DIRECTION ( 'NONE',  ( -0.000000000000000000, -0.000000000000000000, -1.000000000000000000 ) ) ;
#2023 = CARTESIAN_POINT ( 'NONE',  ( -29.56414504036117563, -20.00000000000000355, -12.24586983568287657 ) ) ;
#2024 = CARTESIAN_POINT ( 'NONE',  ( 37.00000000000000000, 5.000000000000000000, -207.6999999999999886 ) ) ;
#2025 = DIRECTION ( 'NONE',  ( 0.000000000000000000, 0.000000000000000000, 1.000000000000000000 ) ) ;
#2026 = EDGE_LOOP ( 'NONE', ( #1539, #1738 ) ) ;
#2027 = EDGE_CURVE ( 'NONE', #609, #2262, #1732, .T. ) ;
#2028 = EDGE_LOOP ( 'NONE', ( #2378, #2046 ) ) ;
#2029 = PERSON_AND_ORGANIZATION ( #2389, #2950 ) ;
#2030 = CARTESIAN_POINT ( 'NONE',  ( -12.24586983568287124, -20.00000000000000355, -32.31414504036117563 ) ) ;
#2031 = CIRCLE ( 'NONE', #3011, 8.000000000000007105 ) ;
#2032 = ORIENTED_EDGE ( 'NONE', *, *, #1816, .T. ) ;
#2033 = ADVANCED_FACE ( 'NONE', ( #409 ), #636, .F. ) ;
#2034 = LINE ( 'NONE', #3050, #1125 ) ;
#2035 = LINE ( 'NONE', #1270, #1271 ) ;
#2036 = CARTESIAN_POINT ( 'NONE',  ( 0.000000000000000000, -34.00000000000000000, -6.000000000000000000 ) ) ;
#2037 = LINE ( 'NONE', #1783, #1536 ) ;
#2038 = ORIENTED_EDGE ( 'NONE', *, *, #1082, .T. ) ;
#2039 = AXIS2_PLACEMENT_3D ( 'NONE', #1154, #666, #251 ) ;
#2040 = DIRECTION ( 'NONE',  ( -0.000000000000000000, -1.000000000000000000, -0.000000000000000000 ) ) ;
#2041 = CARTESIAN_POINT ( 'NONE',  ( 0.000000000000000000, -22.20000000000000284, 25.15000000000000213 ) ) ;
#2042 = AXIS2_PLACEMENT_3D ( 'NONE', #1346, #3006, #2574 ) ;
#2043 = EDGE_LOOP ( 'NONE', ( #39, #1762 ) ) ;
#2044 = EDGE_LOOP ( 'NONE', ( #2117, #86, #771, #104 ) ) ;
#2045 = AXIS2_PLACEMENT_3D ( 'NONE', #2475, #1213, #3154 ) ;
#2046 = ORIENTED_EDGE ( 'NONE', *, *, #1321, .F. ) ;
#2047 = ORIENTED_EDGE ( 'NONE', *, *, #1660, .T. ) ;
#2048 = FACE_OUTER_BOUND ( 'NONE', #2708, .T. ) ;
#2049 = EDGE_CURVE ( 'NONE', #355, #848, #156, .T. ) ;
#2050 = EDGE_CURVE ( 'NONE', #2707, #3045, #130, .T. ) ;
#2051 = EDGE_LOOP ( 'NONE', ( #2018, #2928 ) ) ;
#2052 = DIRECTION ( 'NONE',  ( 0.000000000000000000, 1.000000000000000000, 0.000000000000000000 ) ) ;
#2053 = LINE ( 'NONE', #2526, #2998 ) ;
#2054 = DIRECTION ( 'NONE',  ( 0.000000000000000000, 1.000000000000000000, 0.000000000000000000 ) ) ;
#2055 = DIRECTION ( 'NONE',  ( 0.000000000000000000, 0.000000000000000000, -1.000000000000000000 ) ) ;
#2056 = CARTESIAN_POINT ( 'NONE',  ( -16.00000000000000000, -0.000000000000000000, -270.0000000000000000 ) ) ;
#2057 = CARTESIAN_POINT ( 'NONE',  ( 34.00000000000000000, -20.00000000000000355, 40.00000000000000000 ) ) ;
#2058 = CARTESIAN_POINT ( 'NONE',  ( -30.00000000000000000, -5.000000000000000000, 0.000000000000000000 ) ) ;
#2059 = EDGE_LOOP ( 'NONE', ( #2975, #1578, #2684, #1620 ) ) ;
#2060 = ORIENTED_EDGE ( 'NONE', *, *, #385, .T. ) ;
#2061 = ORIENTED_EDGE ( 'NONE', *, *, #97, .F. ) ;
#2062 = ORIENTED_EDGE ( 'NONE', *, *, #912, .F. ) ;
#2063 = DIRECTION ( 'NONE',  ( -0.000000000000000000, -1.000000000000000000, -0.000000000000000000 ) ) ;
#2064 = ORIENTED_EDGE ( 'NONE', *, *, #368, .T. ) ;
#2065 = DIRECTION ( 'NONE',  ( 0.000000000000000000, 0.000000000000000000, -1.000000000000000000 ) ) ;
#2066 = EDGE_CURVE ( 'NONE', #2143, #2426, #1361, .T. ) ;
#2067 = DIRECTION ( 'NONE',  ( 0.000000000000000000, 1.000000000000000000, 0.000000000000000000 ) ) ;
#2068 = CARTESIAN_POINT ( 'NONE',  ( -12.24586983568287124, -20.00000000000000355, -29.56414504036117563 ) ) ;
#2069 = ORIENTED_EDGE ( 'NONE', *, *, #772, .F. ) ;
#2070 = LINE ( 'NONE', #2780, #67 ) ;
#2071 = VECTOR ( 'NONE', #3131, 1000.000000000000000 ) ;
#2072 = CARTESIAN_POINT ( 'NONE',  ( 16.00000000000000000, -18.00000000000000355, -308.0000000000000000 ) ) ;
#2073 = LINE ( 'NONE', #1508, #431 ) ;
#2074 = AXIS2_PLACEMENT_3D ( 'NONE', #2391, #2940, #2681 ) ;
#2075 = ORIENTED_EDGE ( 'NONE', *, *, #2597, .F. ) ;
#2076 = EDGE_LOOP ( 'NONE', ( #2840, #2650, #950, #2617 ) ) ;
#2077 = APPROVAL ( #1698, 'UNSPECIFIED' ) ;
#2078 = CYLINDRICAL_SURFACE ( 'NONE', #2353, 25.15000000000000213 ) ;
#2079 = EDGE_LOOP ( 'NONE', ( #1751, #512, #1260, #2551 ) ) ;
#2080 = DIRECTION ( 'NONE',  ( 0.000000000000000000, -0.000000000000000000, 1.000000000000000000 ) ) ;
#2081 = DIRECTION ( 'NONE',  ( 0.000000000000000000, 0.000000000000000000, 1.000000000000000000 ) ) ;
#2082 = CARTESIAN_POINT ( 'NONE',  ( 0.000000000000000000, 26.99999999999999645, -300.0000000000000000 ) ) ;
#2083 = AXIS2_PLACEMENT_3D ( 'NONE', #120, #2052, #3037 ) ;
#2084 = VERTEX_POINT ( 'NONE', #2334 ) ;
#2085 = DIRECTION ( 'NONE',  ( 0.000000000000000000, 0.000000000000000000, 1.000000000000000000 ) ) ;
#2086 = CARTESIAN_POINT ( 'NONE',  ( 0.000000000000000000, -22.20000000000000284, 0.000000000000000000 ) ) ;
#2087 = CARTESIAN_POINT ( 'NONE',  ( -29.56414504036117918, -34.00000000000000000, 9.495869835682871241 ) ) ;
#2088 = CIRCLE ( 'NONE', #3017, 2.750000000000002665 ) ;
#2089 = EDGE_CURVE ( 'NONE', #864, #846, #172, .T. ) ;
#2090 = VECTOR ( 'NONE', #524, 1000.000000000000000 ) ;
#2091 = AXIS2_PLACEMENT_3D ( 'NONE', #587, #1299, #839 ) ;
#2092 = VECTOR ( 'NONE', #790, 1000.000000000000000 ) ;
#2093 = ORIENTED_EDGE ( 'NONE', *, *, #349, .F. ) ;
#2094 = ORIENTED_EDGE ( 'NONE', *, *, #2726, .T. ) ;
#2095 = AXIS2_PLACEMENT_3D ( 'NONE', #2815, #649, #1611 ) ;
#2096 = CARTESIAN_POINT ( 'NONE',  ( -29.56414504036117918, -20.00000000000000355, 12.24586983568286946 ) ) ;
#2097 = EDGE_LOOP ( 'NONE', ( #2195, #214 ) ) ;
#2098 = DIRECTION ( 'NONE',  ( 0.000000000000000000, 1.000000000000000000, 0.000000000000000000 ) ) ;
#2099 = CARTESIAN_POINT ( 'NONE',  ( 12.24586983568287479, -20.00000000000000355, -32.31414504036117563 ) ) ;
#2100 = LINE ( 'NONE', #3082, #1634 ) ;
#2101 = VERTEX_POINT ( 'NONE', #2797 ) ;
#2102 = LINE ( 'NONE', #3084, #2609 ) ;
#2103 = CARTESIAN_POINT ( 'NONE',  ( -12.24586983568287124, -20.00000000000000355, -26.81414504036117563 ) ) ;
#2104 = EDGE_CURVE ( 'NONE', #1609, #864, #1278, .T. ) ;
#2105 = VERTEX_POINT ( 'NONE', #2087 ) ;
#2106 = VERTEX_POINT ( 'NONE', #548 ) ;
#2107 = EDGE_CURVE ( 'NONE', #434, #310, #2073, .T. ) ;
#2108 = VERTEX_POINT ( 'NONE', #68 ) ;
#2109 = CYLINDRICAL_SURFACE ( 'NONE', #2469, 1.700000000000007061 ) ;
#2110 = ORIENTED_EDGE ( 'NONE', *, *, #2317, .F. ) ;
#2111 = CARTESIAN_POINT ( 'NONE',  ( 0.000000000000000000, 26.99999999999999645, -300.0000000000000000 ) ) ;
#2112 = PLANE ( 'NONE',  #963 ) ;
#2113 = EDGE_CURVE ( 'NONE', #1553, #1114, #371, .T. ) ;
#2114 = ORIENTED_EDGE ( 'NONE', *, *, #2581, .T. ) ;
#2115 = CARTESIAN_POINT ( 'NONE',  ( 12.24586983568288012, -20.00000000000000355, 26.81414504036117208 ) ) ;
#2116 = VERTEX_POINT ( 'NONE', #2103 ) ;
#2117 = ORIENTED_EDGE ( 'NONE', *, *, #654, .F. ) ;
#2118 = CARTESIAN_POINT ( 'NONE',  ( 29.56414504036117563, -20.00000000000000355, -9.495869835682874793 ) ) ;
#2119 = LINE ( 'NONE', #1418, #2925 ) ;
#2120 = VECTOR ( 'NONE', #2235, 1000.000000000000000 ) ;
#2121 = LINE ( 'NONE', #3150, #809 ) ;
#2122 = VECTOR ( 'NONE', #1669, 1000.000000000000000 ) ;
#2123 = EDGE_CURVE ( 'NONE', #1685, #2697, #1142, .T. ) ;
#2124 = ORIENTED_EDGE ( 'NONE', *, *, #876, .T. ) ;
#2125 = EDGE_LOOP ( 'NONE', ( #1309, #1457, #44, #907 ) ) ;
#2126 = AXIS2_PLACEMENT_3D ( 'NONE', #3108, #2341, #137 ) ;
#2127 = LINE ( 'NONE', #3104, #1640 ) ;
#2128 = ADVANCED_FACE ( 'NONE', ( #605 ), #890, .F. ) ;
#2129 = VERTEX_POINT ( 'NONE', #1098 ) ;
#2130 = DIRECTION ( 'NONE',  ( 0.000000000000000000, 0.000000000000000000, 1.000000000000000000 ) ) ;
#2131 = LINE ( 'NONE', #2584, #1975 ) ;
#2132 = DIRECTION ( 'NONE',  ( -0.000000000000000000, -1.000000000000000000, -0.000000000000000000 ) ) ;
#2133 = EDGE_CURVE ( 'NONE', #1168, #1571, #2119, .T. ) ;
#2134 = ORIENTED_EDGE ( 'NONE', *, *, #1082, .F. ) ;
#2135 = ORIENTED_EDGE ( 'NONE', *, *, #2504, .F. ) ;
#2136 = DIRECTION ( 'NONE',  ( 0.000000000000000000, 0.000000000000000000, 1.000000000000000000 ) ) ;
#2137 = CARTESIAN_POINT ( 'NONE',  ( 0.000000000000000000, -20.00000000000000355, 0.000000000000000000 ) ) ;
#2138 = APPROVAL ( #517, 'UNSPECIFIED' ) ;
#2139 = AXIS2_PLACEMENT_3D ( 'NONE', #2111, #1384, #2646 ) ;
#2140 = LINE ( 'NONE', #1406, #655 ) ;
#2141 = VECTOR ( 'NONE', #3075, 1000.000000000000000 ) ;
#2142 = VECTOR ( 'NONE', #2496, 1000.000000000000000 ) ;
#2143 = VERTEX_POINT ( 'NONE', #1930 ) ;
#2144 = DIRECTION ( 'NONE',  ( 1.000000000000000000, 0.000000000000000000, -0.000000000000000000 ) ) ;
#2145 = ORIENTED_EDGE ( 'NONE', *, *, #906, .T. ) ;
#2146 = CARTESIAN_POINT ( 'NONE',  ( 34.00000000000000000, 5.000000000000000000, -66.00000000000000000 ) ) ;
#2147 = VECTOR ( 'NONE', #2132, 1000.000000000000000 ) ;
#2148 = LINE ( 'NONE', #1479, #2384 ) ;
#2149 = ADVANCED_FACE ( 'NONE', ( #2169 ), #2910, .F. ) ;
#2150 = DIRECTION ( 'NONE',  ( 0.000000000000000000, 0.000000000000000000, 1.000000000000000000 ) ) ;
#2151 = CIRCLE ( 'NONE', #3029, 2.749999999999999112 ) ;
#2152 = EDGE_LOOP ( 'NONE', ( #1195, #2032, #1886, #989 ) ) ;
#2153 = VERTEX_POINT ( 'NONE', #2396 ) ;
#2154 = DIRECTION ( 'NONE',  ( 0.000000000000000000, 0.000000000000000000, -1.000000000000000000 ) ) ;
#2155 = LINE ( 'NONE', #427, #1239 ) ;
#2156 = CARTESIAN_POINT ( 'NONE',  ( -8.000000000000000000, -18.00000000000000355, -318.0000000000000000 ) ) ;
#2157 = EDGE_CURVE ( 'NONE', #734, #1747, #728, .T. ) ;
#2158 = FACE_OUTER_BOUND ( 'NONE', #695, .T. ) ;
#2159 = ORIENTED_EDGE ( 'NONE', *, *, #2212, .F. ) ;
#2160 = FACE_OUTER_BOUND ( 'NONE', #1227, .T. ) ;
#2161 = EDGE_LOOP ( 'NONE', ( #1021, #909 ) ) ;
#2162 = CARTESIAN_POINT ( 'NONE',  ( 29.56414504036117918, -20.00000000000000355, 9.495869835682864135 ) ) ;
#2163 = LINE ( 'NONE', #660, #168 ) ;
#2164 = ORIENTED_EDGE ( 'NONE', *, *, #1921, .F. ) ;
#2165 = ADVANCED_FACE ( 'NONE', ( #2844 ), #1624, .F. ) ;
#2166 = VERTEX_POINT ( 'NONE', #1914 ) ;
#2167 = DIRECTION ( 'NONE',  ( 0.000000000000000000, 1.000000000000000000, 0.000000000000000000 ) ) ;
#2168 = DIRECTION ( 'NONE',  ( -0.9973658169587938938, 0.000000000000000000, 0.07253569577882136576 ) ) ;
#2169 = FACE_OUTER_BOUND ( 'NONE', #815, .T. ) ;
#2170 = ORIENTED_EDGE ( 'NONE', *, *, #2133, .F. ) ;
#2171 = DIRECTION ( 'NONE',  ( -0.000000000000000000, -1.000000000000000000, -0.000000000000000000 ) ) ;
#2172 = ORIENTED_EDGE ( 'NONE', *, *, #2898, .F. ) ;
#2173 = EDGE_CURVE ( 'NONE', #1679, #1806, #2893, .T. ) ;
#2174 = ORIENTED_EDGE ( 'NONE', *, *, #1587, .T. ) ;
#2175 = ORIENTED_EDGE ( 'NONE', *, *, #1680, .T. ) ;
#2176 = CIRCLE ( 'NONE', #1160, 2.750000000000002665 ) ;
#2177 = FACE_BOUND ( 'NONE', #2051, .T. ) ;
#2178 = ORIENTED_EDGE ( 'NONE', *, *, #2049, .F. ) ;
#2179 = CARTESIAN_POINT ( 'NONE',  ( 30.00000000000000000, -27.00000000000000000, -260.0000000000000000 ) ) ;
#2180 = PERSON_AND_ORGANIZATION_ROLE ( 'creator' ) ;
#2181 = FACE_BOUND ( 'NONE', #1435, .T. ) ;
#2182 = ORIENTED_EDGE ( 'NONE', *, *, #2897, .F. ) ;
#2183 = DIRECTION ( 'NONE',  ( 0.000000000000000000, 1.000000000000000000, 0.000000000000000000 ) ) ;
#2184 = LINE ( 'NONE', #2686, #2842 ) ;
#2185 = CARTESIAN_POINT ( 'NONE',  ( -36.00000000000000000, -20.00000000000000355, -110.0000000000000000 ) ) ;
#2186 = DIRECTION ( 'NONE',  ( -0.000000000000000000, 1.000000000000000000, -0.000000000000000000 ) ) ;
#2187 = VERTEX_POINT ( 'NONE', #2654 ) ;
#2188 = DIRECTION ( 'NONE',  ( 0.000000000000000000, 0.000000000000000000, -1.000000000000000000 ) ) ;
#2189 = ADVANCED_FACE ( 'NONE', ( #686 ), #473, .F. ) ;
#2190 = AXIS2_PLACEMENT_3D ( 'NONE', #1344, #1797, #2775 ) ;
#2191 = ORIENTED_EDGE ( 'NONE', *, *, #2724, .T. ) ;
#2192 = VECTOR ( 'NONE', #545, 1000.000000000000114 ) ;
#2193 = DIRECTION ( 'NONE',  ( -0.000000000000000000, -1.000000000000000000, -0.000000000000000000 ) ) ;
#2194 = CIRCLE ( 'NONE', #980, 1.700000000000007061 ) ;
#2195 = ORIENTED_EDGE ( 'NONE', *, *, #1568, .F. ) ;
#2196 = CARTESIAN_POINT ( 'NONE',  ( -8.000000000000000000, -18.00000000000000355, -318.0000000000000000 ) ) ;
#2197 = FACE_OUTER_BOUND ( 'NONE', #389, .T. ) ;
#2198 = AXIS2_PLACEMENT_3D ( 'NONE', #2367, #203, #1210 ) ;
#2199 = VECTOR ( 'NONE', #404, 1000.000000000000000 ) ;
#2200 = ADVANCED_FACE ( 'NONE', ( #1207 ), #491, .F. ) ;
#2201 = CARTESIAN_POINT ( 'NONE',  ( 36.00000000000000000, -5.000000000000000888, -110.0000000000000000 ) ) ;
#2202 = ORIENTED_EDGE ( 'NONE', *, *, #510, .F. ) ;
#2203 = CARTESIAN_POINT ( 'NONE',  ( -12.24586983568287124, -20.00000000000000355, -32.31414504036117563 ) ) ;
#2204 = CARTESIAN_POINT ( 'NONE',  ( 29.56414504036117563, -20.00000000000000355, -14.99586983568287124 ) ) ;
#2205 = DIRECTION ( 'NONE',  ( -0.6246950475544239545, 0.000000000000000000, -0.7808688094430306093 ) ) ;
#2206 = CIRCLE ( 'NONE', #1483, 2.750000000000002665 ) ;
#2207 = DIRECTION ( 'NONE',  ( -0.000000000000000000, -1.000000000000000000, -0.000000000000000000 ) ) ;
#2208 = VERTEX_POINT ( 'NONE', #1881 ) ;
#2209 = CARTESIAN_POINT ( 'NONE',  ( -29.56414504036117918, -20.00000000000000355, 14.99586983568286946 ) ) ;
#2210 = ORIENTED_EDGE ( 'NONE', *, *, #235, .F. ) ;
#2211 = EDGE_LOOP ( 'NONE', ( #2170, #1482, #227, #1340 ) ) ;
#2212 = EDGE_CURVE ( 'NONE', #169, #1255, #1224, .T. ) ;
#2213 = DIRECTION ( 'NONE',  ( 0.000000000000000000, 1.000000000000000000, 0.000000000000000000 ) ) ;
#2214 = ORIENTED_EDGE ( 'NONE', *, *, #2547, .F. ) ;
#2215 = DIRECTION ( 'NONE',  ( 0.000000000000000000, 0.000000000000000000, -1.000000000000000000 ) ) ;
#2216 = DIRECTION ( 'NONE',  ( 0.000000000000000000, 0.000000000000000000, 1.000000000000000000 ) ) ;
#2217 = EDGE_LOOP ( 'NONE', ( #1115, #223, #1770, #53 ) ) ;
#2218 = CARTESIAN_POINT ( 'NONE',  ( 0.000000000000000000, 26.99999999999999645, -300.0000000000000000 ) ) ;
#2219 = LINE ( 'NONE', #1000, #1765 ) ;
#2220 = DIRECTION ( 'NONE',  ( 0.000000000000000000, 1.000000000000000000, 0.000000000000000000 ) ) ;
#2221 = DIRECTION ( 'NONE',  ( -0.000000000000000000, -1.000000000000000000, -0.000000000000000000 ) ) ;
#2222 = ORIENTED_EDGE ( 'NONE', *, *, #335, .F. ) ;
#2223 = DIRECTION ( 'NONE',  ( -0.000000000000000000, -1.000000000000000000, -0.000000000000000000 ) ) ;
#2224 = ORIENTED_EDGE ( 'NONE', *, *, #736, .F. ) ;
#2225 = FACE_BOUND ( 'NONE', #2521, .T. ) ;
#2226 = EDGE_CURVE ( 'NONE', #441, #1117, #2415, .T. ) ;
#2227 = ORIENTED_EDGE ( 'NONE', *, *, #1524, .T. ) ;
#2228 = AXIS2_PLACEMENT_3D ( 'NONE', #726, #1912, #2444 ) ;
#2229 = FACE_BOUND ( 'NONE', #2161, .T. ) ;
#2230 = CIRCLE ( 'NONE', #1166, 1.700000000000007061 ) ;
#2231 = EDGE_CURVE ( 'NONE', #2105, #3096, #1248, .T. ) ;
#2232 = EDGE_CURVE ( 'NONE', #1571, #2208, #678, .T. ) ;
#2233 = EDGE_LOOP ( 'NONE', ( #2452, #2337 ) ) ;
#2234 = DIRECTION ( 'NONE',  ( -0.000000000000000000, -1.000000000000000000, -0.000000000000000000 ) ) ;
#2235 = DIRECTION ( 'NONE',  ( -0.000000000000000000, -1.000000000000000000, -0.000000000000000000 ) ) ;
#2236 = CYLINDRICAL_SURFACE ( 'NONE', #679, 1.700000000000007061 ) ;
#2237 = CARTESIAN_POINT ( 'NONE',  ( -16.00000000000000000, -18.00000000000000355, -308.0000000000000000 ) ) ;
#2238 = PLANE ( 'NONE',  #3013 ) ;
#2239 = ADVANCED_FACE ( 'NONE', ( #237, #1645 ), #3147, .F. ) ;
#2240 = ORIENTED_EDGE ( 'NONE', *, *, #293, .T. ) ;
#2241 = CIRCLE ( 'NONE', #717, 2.749999999999999112 ) ;
#2242 = DIRECTION ( 'NONE',  ( 0.2425356250363328581, 0.000000000000000000, 0.9701425001453318764 ) ) ;
#2243 = CIRCLE ( 'NONE', #2656, 1.700000000000007061 ) ;
#2244 = ORIENTED_EDGE ( 'NONE', *, *, #621, .T. ) ;
#2245 = FACE_BOUND ( 'NONE', #860, .T. ) ;
#2246 = ORIENTED_EDGE ( 'NONE', *, *, #2327, .F. ) ;
#2247 = CIRCLE ( 'NONE', #69, 6.000000000000000000 ) ;
#2248 = CARTESIAN_POINT ( 'NONE',  ( 12.24586983568287479, -20.00000000000000355, -29.56414504036117563 ) ) ;
#2249 = VECTOR ( 'NONE', #2770, 1000.000000000000000 ) ;
#2250 = EDGE_CURVE ( 'NONE', #1255, #3144, #2430, .T. ) ;
#2251 = CARTESIAN_POINT ( 'NONE',  ( -37.00000000000000000, 5.000000000000000000, -119.7000000000000028 ) ) ;
#2252 = CYLINDRICAL_SURFACE ( 'NONE', #2661, 1.700000000000007061 ) ;
#2253 = CARTESIAN_POINT ( 'NONE',  ( 34.00000000000000000, -34.00000000000000000, 40.00000000000000000 ) ) ;
#2254 = AXIS2_PLACEMENT_3D ( 'NONE', #2296, #123, #3024 ) ;
#2255 = EDGE_CURVE ( 'NONE', #2603, #2016, #1391, .T. ) ;
#2256 = VECTOR ( 'NONE', #2063, 1000.000000000000000 ) ;
#2257 = CARTESIAN_POINT ( 'NONE',  ( -30.00000000000000000, 5.000000000000000000, -264.0000000000000000 ) ) ;
#2258 = ORIENTED_EDGE ( 'NONE', *, *, #2259, .F. ) ;
#2259 = EDGE_CURVE ( 'NONE', #663, #3032, #1404, .T. ) ;
#2260 = ORIENTED_EDGE ( 'NONE', *, *, #1720, .T. ) ;
#2261 = DIRECTION ( 'NONE',  ( 0.000000000000000000, 0.000000000000000000, -1.000000000000000000 ) ) ;
#2262 = VERTEX_POINT ( 'NONE', #2381 ) ;
#2263 = DIRECTION ( 'NONE',  ( 0.000000000000000000, 1.000000000000000000, 0.000000000000000000 ) ) ;
#2264 = DIRECTION ( 'NONE',  ( 0.000000000000000000, 0.000000000000000000, 1.000000000000000000 ) ) ;
#2265 = LINE ( 'NONE', #1826, #2714 ) ;
#2266 = DIRECTION ( 'NONE',  ( 0.000000000000000000, 0.000000000000000000, 1.000000000000000000 ) ) ;
#2267 = EDGE_CURVE ( 'NONE', #1910, #2520, #1657, .T. ) ;
#2268 = CARTESIAN_POINT ( 'NONE',  ( 0.000000000000000000, -20.00000000000000355, 0.000000000000000000 ) ) ;
#2269 = DIRECTION ( 'NONE',  ( 0.000000000000000000, 0.000000000000000000, 1.000000000000000000 ) ) ;
#2270 = EDGE_LOOP ( 'NONE', ( #2244, #269, #1823, #297 ) ) ;
#2271 = EDGE_CURVE ( 'NONE', #3096, #2105, #1243, .T. ) ;
#2272 = ORIENTED_EDGE ( 'NONE', *, *, #1772, .F. ) ;
#2273 = COORDINATED_UNIVERSAL_TIME_OFFSET ( 5, 30, .AHEAD. ) ;
#2274 = CARTESIAN_POINT ( 'NONE',  ( 37.00000000000000000, 5.000000000000000000, -206.0000000000000000 ) ) ;
#2275 = ORIENTED_EDGE ( 'NONE', *, *, #2255, .F. ) ;
#2276 = DIRECTION ( 'NONE',  ( 0.000000000000000000, 1.000000000000000000, 0.000000000000000000 ) ) ;
#2277 = DIRECTION ( 'NONE',  ( 0.000000000000000000, 0.000000000000000000, 1.000000000000000000 ) ) ;
#2278 = VECTOR ( 'NONE', #342, 1000.000000000000000 ) ;
#2279 = DIRECTION ( 'NONE',  ( 0.000000000000000000, 0.000000000000000000, 1.000000000000000000 ) ) ;
#2280 = DIRECTION ( 'NONE',  ( 0.7808688094430306093, -0.000000000000000000, 0.6246950475544239545 ) ) ;
#2281 = VERTEX_POINT ( 'NONE', #93 ) ;
#2282 = CARTESIAN_POINT ( 'NONE',  ( -12.24586983568286414, -20.00000000000000355, 32.31414504036118274 ) ) ;
#2283 = DIRECTION ( 'NONE',  ( 0.000000000000000000, 0.000000000000000000, 1.000000000000000000 ) ) ;
#2284 = ORIENTED_EDGE ( 'NONE', *, *, #204, .T. ) ;
#2285 = ORIENTED_EDGE ( 'NONE', *, *, #1882, .T. ) ;
#2286 = EDGE_CURVE ( 'NONE', #1117, #724, #1017, .T. ) ;
#2287 = EDGE_CURVE ( 'NONE', #153, #2671, #1767, .T. ) ;
#2288 = ORIENTED_EDGE ( 'NONE', *, *, #933, .F. ) ;
#2289 = ADVANCED_FACE ( 'NONE', ( #1002 ), #507, .F. ) ;
#2290 = DIRECTION ( 'NONE',  ( -0.000000000000000000, -1.000000000000000000, -0.000000000000000000 ) ) ;
#2291 = VECTOR ( 'NONE', #1369, 1000.000000000000000 ) ;
#2292 = VERTEX_POINT ( 'NONE', #1997 ) ;
#2293 = DIRECTION ( 'NONE',  ( -1.000000000000000000, 0.000000000000000000, 0.000000000000000000 ) ) ;
#2294 = CYLINDRICAL_SURFACE ( 'NONE', #2382, 1.700000000000007061 ) ;
#2295 = VECTOR ( 'NONE', #1303, 1000.000000000000000 ) ;
#2296 = CARTESIAN_POINT ( 'NONE',  ( 18.50000000000000355, 5.000000000000000000, -238.0429399400242119 ) ) ;
#2297 = CARTESIAN_POINT ( 'NONE',  ( 37.00000000000000000, -5.000000000000000000, -118.0000000000000000 ) ) ;
#2298 = ORIENTED_EDGE ( 'NONE', *, *, #1306, .T. ) ;
#2299 = VECTOR ( 'NONE', #2348, 1000.000000000000000 ) ;
#2300 = VECTOR ( 'NONE', #2380, 1000.000000000000000 ) ;
#2301 = LINE ( 'NONE', #2056, #2858 ) ;
#2302 = CARTESIAN_POINT ( 'NONE',  ( -34.00000000000000000, 5.000000000000000000, -110.0000000000000000 ) ) ;
#2303 = VECTOR ( 'NONE', #1560, 1000.000000000000000 ) ;
#2304 = DIRECTION ( 'NONE',  ( 0.000000000000000000, 0.000000000000000000, -1.000000000000000000 ) ) ;
#2305 = VECTOR ( 'NONE', #2478, 1000.000000000000000 ) ;
#2306 = EDGE_LOOP ( 'NONE', ( #3014, #337 ) ) ;
#2307 = CIRCLE ( 'NONE', #2456, 1.700000000000007061 ) ;
#2308 = EDGE_CURVE ( 'NONE', #387, #1401, #829, .T. ) ;
#2309 = VERTEX_POINT ( 'NONE', #2749 ) ;
#2310 = LINE ( 'NONE', #2536, #125 ) ;
#2311 = EDGE_CURVE ( 'NONE', #2435, #2486, #2933, .T. ) ;
#2312 = VERTEX_POINT ( 'NONE', #2253 ) ;
#2313 = CARTESIAN_POINT ( 'NONE',  ( 0.000000000000000000, 26.99999999999999645, -300.0000000000000000 ) ) ;
#2314 = CARTESIAN_POINT ( 'NONE',  ( 8.000000000000000000, 18.00000000000000000, -318.0000000000000000 ) ) ;
#2315 = CARTESIAN_POINT ( 'NONE',  ( 16.00000000000000000, 18.00000000000000000, -260.0000000000000000 ) ) ;
#2316 = PLANE ( 'NONE',  #2864 ) ;
#2317 = EDGE_CURVE ( 'NONE', #2312, #479, #1471, .T. ) ;
#2318 = DIRECTION ( 'NONE',  ( 0.000000000000000000, 1.000000000000000000, -0.000000000000000000 ) ) ;
#2319 = LINE ( 'NONE', #1817, #118 ) ;
#2320 = DIRECTION ( 'NONE',  ( -0.000000000000000000, -1.000000000000000000, -0.000000000000000000 ) ) ;
#2321 = EDGE_LOOP ( 'NONE', ( #3103, #340, #1926, #1061 ) ) ;
#2322 = VERTEX_POINT ( 'NONE', #268 ) ;
#2323 = CARTESIAN_POINT ( 'NONE',  ( -48.00000000000000000, -5.000000000000000000, -88.00000000000000000 ) ) ;
#2324 = ORIENTED_EDGE ( 'NONE', *, *, #37, .F. ) ;
#2325 = DIRECTION ( 'NONE',  ( 0.000000000000000000, 0.000000000000000000, 1.000000000000000000 ) ) ;
#2326 = DIRECTION ( 'NONE',  ( -1.000000000000000000, 0.000000000000000000, 0.000000000000000000 ) ) ;
#2327 = EDGE_CURVE ( 'NONE', #1427, #2841, #1242, .T. ) ;
#2328 = EDGE_CURVE ( 'NONE', #306, #2837, #32, .T. ) ;
#2329 = CARTESIAN_POINT ( 'NONE',  ( 16.00000000000000000, 26.99999999999999645, -308.0000000000000000 ) ) ;
#2330 = EDGE_LOOP ( 'NONE', ( #2544, #144, #508, #2419 ) ) ;
#2331 = LINE ( 'NONE', #1848, #1178 ) ;
#2332 = CIRCLE ( 'NONE', #1317, 1.700000000000007061 ) ;
#2333 = DIRECTION ( 'NONE',  ( 0.000000000000000000, 0.000000000000000000, -1.000000000000000000 ) ) ;
#2334 = CARTESIAN_POINT ( 'NONE',  ( 16.00000000000000000, 18.00000000000000000, -308.0000000000000000 ) ) ;
#2335 = AXIS2_PLACEMENT_3D ( 'NONE', #1617, #376, #658 ) ;
#2336 = ORIENTED_EDGE ( 'NONE', *, *, #2212, .T. ) ;
#2337 = ORIENTED_EDGE ( 'NONE', *, *, #2271, .T. ) ;
#2338 = DIRECTION ( 'NONE',  ( 0.000000000000000000, 0.000000000000000000, 1.000000000000000000 ) ) ;
#2339 = ORIENTED_EDGE ( 'NONE', *, *, #2883, .T. ) ;
#2340 = CARTESIAN_POINT ( 'NONE',  ( 37.00000000000000000, 5.000000000000000000, -204.2999999999999829 ) ) ;
#2341 = DIRECTION ( 'NONE',  ( -0.000000000000000000, -1.000000000000000000, -0.000000000000000000 ) ) ;
#2342 = DIRECTION ( 'NONE',  ( 0.000000000000000000, 0.000000000000000000, 1.000000000000000000 ) ) ;
#2343 = CIRCLE ( 'NONE', #159, 4.000000000000003553 ) ;
#2344 = EDGE_LOOP ( 'NONE', ( #1368, #2038 ) ) ;
#2345 = EDGE_CURVE ( 'NONE', #1726, #1114, #2946, .T. ) ;
#2346 = AXIS2_PLACEMENT_3D ( 'NONE', #1314, #842, #1802 ) ;
#2347 = DIRECTION ( 'NONE',  ( 0.000000000000000000, 1.000000000000000000, 0.000000000000000000 ) ) ;
#2348 = DIRECTION ( 'NONE',  ( 0.000000000000000000, 1.000000000000000000, 0.000000000000000000 ) ) ;
#2349 = AXIS2_PLACEMENT_3D ( 'NONE', #201, #2364, #2136 ) ;
#2350 = EDGE_CURVE ( 'NONE', #1910, #479, #1722, .T. ) ;
#2351 = VECTOR ( 'NONE', #2689, 1000.000000000000227 ) ;
#2352 = AXIS2_PLACEMENT_3D ( 'NONE', #165, #196, #231 ) ;
#2353 = AXIS2_PLACEMENT_3D ( 'NONE', #2357, #1367, #2338 ) ;
#2354 = EDGE_CURVE ( 'NONE', #1064, #2886, #2734, .T. ) ;
#2355 = ORIENTED_EDGE ( 'NONE', *, *, #2958, .T. ) ;
#2356 = AXIS2_PLACEMENT_3D ( 'NONE', #2607, #940, #2860 ) ;
#2357 = CARTESIAN_POINT ( 'NONE',  ( 0.000000000000000000, -22.20000000000000284, 0.000000000000000000 ) ) ;
#2358 = EDGE_LOOP ( 'NONE', ( #3036, #3077, #17, #2717 ) ) ;
#2359 = DIRECTION ( 'NONE',  ( 0.000000000000000000, 0.000000000000000000, 1.000000000000000000 ) ) ;
#2360 = DIRECTION ( 'NONE',  ( -0.5407575913134984313, 0.000000000000000000, 0.8411784753765537692 ) ) ;
#2361 = DIRECTION ( 'NONE',  ( -0.2425356250363328858, 0.000000000000000000, 0.9701425001453318764 ) ) ;
#2362 = EDGE_LOOP ( 'NONE', ( #2145, #3153, #622, #990 ) ) ;
#2363 = ORIENTED_EDGE ( 'NONE', *, *, #2839, .T. ) ;
#2364 = DIRECTION ( 'NONE',  ( 0.000000000000000000, 1.000000000000000000, 0.000000000000000000 ) ) ;
#2365 = EDGE_CURVE ( 'NONE', #1228, #80, #1259, .T. ) ;
#2366 = CARTESIAN_POINT ( 'NONE',  ( 37.00000000000000000, 5.000000000000000000, -116.2999999999999829 ) ) ;
#2367 = CARTESIAN_POINT ( 'NONE',  ( -34.00000000000000000, 5.000000000000000000, -66.00000000000000000 ) ) ;
#2368 = ADVANCED_FACE ( 'NONE', ( #48, #1737 ), #1503, .T. ) ;
#2369 = ORIENTED_EDGE ( 'NONE', *, *, #639, .T. ) ;
#2370 = ORIENTED_EDGE ( 'NONE', *, *, #2625, .F. ) ;
#2371 = EDGE_CURVE ( 'NONE', #2479, #2671, #1516, .T. ) ;
#2372 = DIRECTION ( 'NONE',  ( 0.5368754921931593316, 0.000000000000000000, 0.8436614877321073624 ) ) ;
#2373 = VERTEX_POINT ( 'NONE', #2010 ) ;
#2374 = CARTESIAN_POINT ( 'NONE',  ( 48.00000000000000000, -5.000000000000000000, -88.00000000000000000 ) ) ;
#2375 = CARTESIAN_POINT ( 'NONE',  ( 0.000000000000000000, -27.00000000000000000, -300.0000000000000000 ) ) ;
#2376 = CARTESIAN_POINT ( 'NONE',  ( 1.347111479062088405E-15, 5.000000000000000000, -194.9999999999999716 ) ) ;
#2377 = CC_DESIGN_PERSON_AND_ORGANIZATION_ASSIGNMENT ( #1960, #2180, ( #2712 ) ) ;
#2378 = ORIENTED_EDGE ( 'NONE', *, *, #2781, .F. ) ;
#2379 = VERTEX_POINT ( 'NONE', #60 ) ;
#2380 = DIRECTION ( 'NONE',  ( 1.000000000000000000, 0.000000000000000000, 0.000000000000000000 ) ) ;
#2381 = CARTESIAN_POINT ( 'NONE',  ( -18.50000000000001776, -5.000000000000000000, -175.6570600599757768 ) ) ;
#2382 = AXIS2_PLACEMENT_3D ( 'NONE', #2495, #312, #554 ) ;
#2383 = LINE ( 'NONE', #2882, #759 ) ;
#2384 = VECTOR ( 'NONE', #996, 1000.000000000000000 ) ;
#2385 = EDGE_LOOP ( 'NONE', ( #2210, #3019 ) ) ;
#2386 = ADVANCED_FACE ( 'NONE', ( #1033 ), #1288, .F. ) ;
#2387 = LINE ( 'NONE', #3123, #117 ) ;
#2388 = ORIENTED_EDGE ( 'NONE', *, *, #430, .T. ) ;
#2389 = PERSON ( 'UNSPECIFIED', 'UNSPECIFIED', 'UNSPECIFIED', ('UNSPECIFIED'), ('UNSPECIFIED'), ('UNSPECIFIED') ) ;
#2390 = LINE ( 'NONE', #465, #266 ) ;
#2391 = CARTESIAN_POINT ( 'NONE',  ( -36.00000000000000000, -20.00000000000000355, -110.0000000000000000 ) ) ;
#2392 = CARTESIAN_POINT ( 'NONE',  ( 48.00000000000000000, 5.000000000000000000, -88.00000000000000000 ) ) ;
#2393 = ORIENTED_EDGE ( 'NONE', *, *, #1177, .T. ) ;
#2394 = ORIENTED_EDGE ( 'NONE', *, *, #872, .T. ) ;
#2395 = CARTESIAN_POINT ( 'NONE',  ( -34.00000000000000000, -34.00000000000000000, 40.00000000000000000 ) ) ;
#2396 = CARTESIAN_POINT ( 'NONE',  ( 18.50000000000000355, -5.000000000000000000, -151.7429399400242289 ) ) ;
#2397 = VERTEX_POINT ( 'NONE', #2497 ) ;
#2398 = AXIS2_PLACEMENT_3D ( 'NONE', #503, #311, #1467 ) ;
#2399 = DIRECTION ( 'NONE',  ( 0.000000000000000000, 0.000000000000000000, -1.000000000000000000 ) ) ;
#2400 = VECTOR ( 'NONE', #995, 1000.000000000000000 ) ;
#2401 = AXIS2_PLACEMENT_3D ( 'NONE', #1980, #2446, #2513 ) ;
#2402 = AXIS2_PLACEMENT_3D ( 'NONE', #472, #2168, #2879 ) ;
#2403 = ORIENTED_EDGE ( 'NONE', *, *, #1648, .F. ) ;
#2404 = CARTESIAN_POINT ( 'NONE',  ( 44.00000000000000000, -20.00000000000000355, 0.000000000000000000 ) ) ;
#2405 = VECTOR ( 'NONE', #3053, 1000.000000000000000 ) ;
#2406 = EDGE_CURVE ( 'NONE', #2707, #486, #2037, .T. ) ;
#2407 = ORIENTED_EDGE ( 'NONE', *, *, #1718, .T. ) ;
#2408 = DIRECTION ( 'NONE',  ( 0.000000000000000000, 1.000000000000000000, 0.000000000000000000 ) ) ;
#2409 = VECTOR ( 'NONE', #133, 1000.000000000000000 ) ;
#2410 = LINE ( 'NONE', #1607, #1244 ) ;
#2411 = ORIENTED_EDGE ( 'NONE', *, *, #721, .T. ) ;
#2412 = ORIENTED_EDGE ( 'NONE', *, *, #2958, .F. ) ;
#2413 = DIRECTION ( 'NONE',  ( -0.000000000000000000, -1.000000000000000000, -0.000000000000000000 ) ) ;
#2414 = CARTESIAN_POINT ( 'NONE',  ( 18.50000000000000355, -5.000000000000000000, -150.0429399400242119 ) ) ;
#2415 = LINE ( 'NONE', #445, #1743 ) ;
#2416 = EDGE_CURVE ( 'NONE', #861, #2292, #3025, .T. ) ;
#2417 = DIRECTION ( 'NONE',  ( 0.000000000000000000, 1.000000000000000000, 0.000000000000000000 ) ) ;
#2418 = ORIENTED_EDGE ( 'NONE', *, *, #345, .F. ) ;
#2419 = ORIENTED_EDGE ( 'NONE', *, *, #1740, .F. ) ;
#2420 = DIRECTION ( 'NONE',  ( 0.000000000000000000, 0.000000000000000000, -1.000000000000000000 ) ) ;
#2421 = ORIENTED_EDGE ( 'NONE', *, *, #932, .F. ) ;
#2422 = CARTESIAN_POINT ( 'NONE',  ( 0.000000000000000000, -20.00000000000000355, 0.000000000000000000 ) ) ;
#2423 = APPROVAL_ROLE ( '' ) ;
#2424 = DIRECTION ( 'NONE',  ( -0.000000000000000000, -1.000000000000000000, -0.000000000000000000 ) ) ;
#2425 = VERTEX_POINT ( 'NONE', #1812 ) ;
#2426 = VERTEX_POINT ( 'NONE', #139 ) ;
#2427 = EDGE_CURVE ( 'NONE', #579, #765, #1110, .T. ) ;
#2428 = CARTESIAN_POINT ( 'NONE',  ( -37.00000000000000000, -5.000000000000000000, -118.0000000000000000 ) ) ;
#2429 = PLANE ( 'NONE',  #275 ) ;
#2430 = LINE ( 'NONE', #10, #2769 ) ;
#2431 = EDGE_CURVE ( 'NONE', #1649, #2614, #681, .T. ) ;
#2432 = CYLINDRICAL_SURFACE ( 'NONE', #16, 2.749999999999999112 ) ;
#2433 = EDGE_LOOP ( 'NONE', ( #2988, #2582, #956, #1018 ) ) ;
#2434 = ORIENTED_EDGE ( 'NONE', *, *, #2963, .F. ) ;
#2435 = VERTEX_POINT ( 'NONE', #1074 ) ;
#2436 = FACE_BOUND ( 'NONE', #166, .T. ) ;
#2437 = AXIS2_PLACEMENT_3D ( 'NONE', #2598, #1606, #2081 ) ;
#2438 = ORIENTED_EDGE ( 'NONE', *, *, #1587, .F. ) ;
#2439 = CARTESIAN_POINT ( 'NONE',  ( 16.00000000000000000, 26.99999999999999645, -308.0000000000000000 ) ) ;
#2440 = APPROVAL_DATE_TIME ( #1216, #2138 ) ;
#2441 = DIRECTION ( 'NONE',  ( 0.000000000000000000, 0.000000000000000000, -1.000000000000000000 ) ) ;
#2442 = ORIENTED_EDGE ( 'NONE', *, *, #1590, .T. ) ;
#2443 = FACE_OUTER_BOUND ( 'NONE', #2044, .T. ) ;
#2444 = DIRECTION ( 'NONE',  ( 0.000000000000000000, 0.000000000000000000, 1.000000000000000000 ) ) ;
#2445 = CARTESIAN_POINT ( 'NONE',  ( 8.000000000000000000, -27.00000000000000000, -318.0000000000000000 ) ) ;
#2446 = DIRECTION ( 'NONE',  ( -0.000000000000000000, -1.000000000000000000, -0.000000000000000000 ) ) ;
#2447 = EDGE_CURVE ( 'NONE', #2725, #2016, #423, .T. ) ;
#2448 = DIRECTION ( 'NONE',  ( -0.000000000000000000, -1.000000000000000000, -0.000000000000000000 ) ) ;
#2449 = CIRCLE ( 'NONE', #2083, 8.000000000000007105 ) ;
#2450 = VERTEX_POINT ( 'NONE', #588 ) ;
#2451 = ADVANCED_FACE ( 'NONE', ( #3007 ), #840, .F. ) ;
#2452 = ORIENTED_EDGE ( 'NONE', *, *, #2231, .T. ) ;
#2453 = AXIS2_PLACEMENT_3D ( 'NONE', #2439, #2953, #2667 ) ;
#2454 = FACE_BOUND ( 'NONE', #2043, .T. ) ;
#2455 = EDGE_CURVE ( 'NONE', #663, #2108, #108, .T. ) ;
#2456 = AXIS2_PLACEMENT_3D ( 'NONE', #1694, #971, #497 ) ;
#2457 = VECTOR ( 'NONE', #806, 1000.000000000000000 ) ;
#2458 = ORIENTED_EDGE ( 'NONE', *, *, #699, .F. ) ;
#2459 = DIRECTION ( 'NONE',  ( 0.000000000000000000, 1.000000000000000000, 0.000000000000000000 ) ) ;
#2460 = DIRECTION ( 'NONE',  ( 0.000000000000000000, 1.000000000000000000, 0.000000000000000000 ) ) ;
#2461 = CIRCLE ( 'NONE', #1430, 1.700000000000007061 ) ;
#2462 = AXIS2_PLACEMENT_3D ( 'NONE', #1287, #1766, #490 ) ;
#2463 = LINE ( 'NONE', #2973, #2767 ) ;
#2464 = VECTOR ( 'NONE', #2941, 1000.000000000000000 ) ;
#2465 = ORIENTED_EDGE ( 'NONE', *, *, #1405, .T. ) ;
#2466 = CYLINDRICAL_SURFACE ( 'NONE', #522, 1.700000000000007061 ) ;
#2467 = DIRECTION ( 'NONE',  ( -0.6246950475544239545, 0.000000000000000000, 0.7808688094430306093 ) ) ;
#2468 = DIRECTION ( 'NONE',  ( 0.000000000000000000, 0.000000000000000000, -1.000000000000000000 ) ) ;
#2469 = AXIS2_PLACEMENT_3D ( 'NONE', #3090, #436, #1396 ) ;
#2470 = DIRECTION ( 'NONE',  ( 0.2425356250363328581, 0.000000000000000000, 0.9701425001453318764 ) ) ;
#2471 = EDGE_LOOP ( 'NONE', ( #942, #1854, #3064, #22 ) ) ;
#2472 = EDGE_CURVE ( 'NONE', #2554, #87, #2461, .T. ) ;
#2473 = CYLINDRICAL_SURFACE ( 'NONE', #1289, 2.749999999999999112 ) ;
#2474 = ORIENTED_EDGE ( 'NONE', *, *, #654, .T. ) ;
#2475 = CARTESIAN_POINT ( 'NONE',  ( 29.56414504036117563, -20.00000000000000355, -12.24586983568287302 ) ) ;
#2476 = VERTEX_POINT ( 'NONE', #615 ) ;
#2477 = APPROVAL_DATE_TIME ( #563, #2559 ) ;
#2478 = DIRECTION ( 'NONE',  ( -0.000000000000000000, -1.000000000000000000, -0.000000000000000000 ) ) ;
#2479 = VERTEX_POINT ( 'NONE', #2543 ) ;
#2480 = DIRECTION ( 'NONE',  ( -0.000000000000000000, -1.000000000000000000, -0.000000000000000000 ) ) ;
#2481 = CARTESIAN_POINT ( 'NONE',  ( -34.00000000000000000, -34.00000000000000000, 40.00000000000000000 ) ) ;
#2482 = CARTESIAN_POINT ( 'NONE',  ( 48.00000000000000000, 5.000000000000000000, -236.0000000000000000 ) ) ;
#2483 = CARTESIAN_POINT ( 'NONE',  ( 0.000000000000000000, -18.00000000000000355, 0.000000000000000000 ) ) ;
#2484 = EDGE_LOOP ( 'NONE', ( #2227, #2064, #1236, #367 ) ) ;
#2485 = FACE_OUTER_BOUND ( 'NONE', #442, .T. ) ;
#2486 = VERTEX_POINT ( 'NONE', #1328 ) ;
#2487 = CARTESIAN_POINT ( 'NONE',  ( -18.50000000000001776, -5.000000000000000000, -173.9570600599757597 ) ) ;
#2488 = ADVANCED_FACE ( 'NONE', ( #379 ), #2316, .F. ) ;
#2489 = ORIENTED_EDGE ( 'NONE', *, *, #1354, .T. ) ;
#2490 = VECTOR ( 'NONE', #2413, 1000.000000000000000 ) ;
#2491 = CARTESIAN_POINT ( 'NONE',  ( 3.079986699855593473E-15, -20.00000000000000355, -25.15000000000000213 ) ) ;
#2492 = ADVANCED_FACE ( 'NONE', ( #3040 ), #2765, .F. ) ;
#2493 = ORIENTED_EDGE ( 'NONE', *, *, #3138, .T. ) ;
#2494 = CARTESIAN_POINT ( 'NONE',  ( 18.50000000000000355, 5.000000000000000000, -151.7429399400242289 ) ) ;
#2495 = CARTESIAN_POINT ( 'NONE',  ( -18.50000000000001776, 5.000000000000000000, -173.9570600599757597 ) ) ;
#2496 = DIRECTION ( 'NONE',  ( -0.000000000000000000, -0.000000000000000000, -1.000000000000000000 ) ) ;
#2497 = CARTESIAN_POINT ( 'NONE',  ( -12.24586983568286414, -34.00000000000000000, 32.31414504036118274 ) ) ;
#2498 = EDGE_CURVE ( 'NONE', #2956, #993, #783, .T. ) ;
#2499 = LINE ( 'NONE', #83, #12 ) ;
#2500 = ORIENTED_EDGE ( 'NONE', *, *, #2781, .T. ) ;
#2501 = ORIENTED_EDGE ( 'NONE', *, *, #1833, .F. ) ;
#2502 = AXIS2_PLACEMENT_3D ( 'NONE', #381, #888, #1349 ) ;
#2503 = ORIENTED_EDGE ( 'NONE', *, *, #1495, .F. ) ;
#2504 = EDGE_CURVE ( 'NONE', #1609, #1064, #713, .T. ) ;
#2505 = CARTESIAN_POINT ( 'NONE',  ( -29.56414504036117563, -20.00000000000000355, -12.24586983568287657 ) ) ;
#2506 = AXIS2_PLACEMENT_3D ( 'NONE', #2576, #394, #1360 ) ;
#2507 = ORIENTED_EDGE ( 'NONE', *, *, #2123, .T. ) ;
#2508 = AXIS2_PLACEMENT_3D ( 'NONE', #2992, #569, #542 ) ;
#2509 = DIRECTION ( 'NONE',  ( 0.000000000000000000, 0.000000000000000000, -1.000000000000000000 ) ) ;
#2510 = VECTOR ( 'NONE', #2688, 1000.000000000000000 ) ;
#2511 = DIRECTION ( 'NONE',  ( 0.000000000000000000, 1.000000000000000000, 0.000000000000000000 ) ) ;
#2512 = FACE_OUTER_BOUND ( 'NONE', #2330, .T. ) ;
#2513 = DIRECTION ( 'NONE',  ( 0.000000000000000000, 0.000000000000000000, -1.000000000000000000 ) ) ;
#2514 = VECTOR ( 'NONE', #2424, 1000.000000000000000 ) ;
#2515 = EDGE_LOOP ( 'NONE', ( #2489, #749, #1889, #405 ) ) ;
#2516 = CARTESIAN_POINT ( 'NONE',  ( 0.000000000000000000, -5.000000000000000000, -161.9999999999999716 ) ) ;
#2517 = VECTOR ( 'NONE', #1566, 1000.000000000000000 ) ;
#2518 = ADVANCED_FACE ( 'NONE', ( #253 ), #668, .F. ) ;
#2519 = CARTESIAN_POINT ( 'NONE',  ( -30.00000000000000000, -27.00000000000000000, -260.0000000000000000 ) ) ;
#2520 = VERTEX_POINT ( 'NONE', #1865 ) ;
#2521 = EDGE_LOOP ( 'NONE', ( #1604, #1518 ) ) ;
#2522 = SECURITY_CLASSIFICATION_LEVEL ( 'unclassified' ) ;
#2523 = CARTESIAN_POINT ( 'NONE',  ( 34.00000000000000000, -20.00000000000000355, -110.0000000000000000 ) ) ;
#2524 = ORIENTED_EDGE ( 'NONE', *, *, #1902, .T. ) ;
#2525 = FACE_BOUND ( 'NONE', #827, .T. ) ;
#2526 = CARTESIAN_POINT ( 'NONE',  ( -8.000000000000000000, 26.99999999999999645, -318.0000000000000000 ) ) ;
#2527 = DIRECTION ( 'NONE',  ( 0.000000000000000000, 0.000000000000000000, 1.000000000000000000 ) ) ;
#2528 = DIRECTION ( 'NONE',  ( -1.000000000000000000, 0.000000000000000000, -0.000000000000000000 ) ) ;
#2529 = DIRECTION ( 'NONE',  ( -0.000000000000000000, -1.000000000000000000, -0.000000000000000000 ) ) ;
#2530 = EDGE_CURVE ( 'NONE', #2520, #2166, #1456, .T. ) ;
#2531 = DIRECTION ( 'NONE',  ( 0.000000000000000000, 1.000000000000000000, 0.000000000000000000 ) ) ;
#2532 = EDGE_CURVE ( 'NONE', #2426, #2818, #967, .T. ) ;
#2533 = ORIENTED_EDGE ( 'NONE', *, *, #1034, .T. ) ;
#2534 = EDGE_LOOP ( 'NONE', ( #1364, #2831, #1056, #2997 ) ) ;
#2535 = DATE_AND_TIME ( #352, #1819 ) ;
#2536 = CARTESIAN_POINT ( 'NONE',  ( -36.00000000000000000, -20.00000000000000355, -110.0000000000000000 ) ) ;
#2537 = VECTOR ( 'NONE', #2627, 1000.000000000000000 ) ;
#2538 = EDGE_LOOP ( 'NONE', ( #2571, #263, #737, #51 ) ) ;
#2539 = CARTESIAN_POINT ( 'NONE',  ( -37.00000000000000000, 5.000000000000000000, -206.0000000000000000 ) ) ;
#2540 = CARTESIAN_POINT ( 'NONE',  ( 29.56414504036117918, -20.00000000000000355, 12.24586983568286591 ) ) ;
#2541 = LOCAL_TIME ( 11, 8, 8.000000000000000000, #244 ) ;
#2542 = CARTESIAN_POINT ( 'NONE',  ( -37.00000000000000000, -5.000000000000000000, -206.0000000000000000 ) ) ;
#2543 = CARTESIAN_POINT ( 'NONE',  ( -16.00000000000000000, -18.00000000000000355, -308.0000000000000000 ) ) ;
#2544 = ORIENTED_EDGE ( 'NONE', *, *, #1274, .T. ) ;
#2545 = CARTESIAN_POINT ( 'NONE',  ( 34.00000000000000000, -5.000000000000000888, -110.0000000000000000 ) ) ;
#2546 = DIRECTION ( 'NONE',  ( -0.000000000000000000, -1.000000000000000000, -0.000000000000000000 ) ) ;
#2547 = EDGE_CURVE ( 'NONE', #1332, #552, #2247, .T. ) ;
#2548 = DIRECTION ( 'NONE',  ( 0.000000000000000000, 1.000000000000000000, 0.000000000000000000 ) ) ;
#2549 = ORIENTED_EDGE ( 'NONE', *, *, #2929, .F. ) ;
#2550 = ORIENTED_EDGE ( 'NONE', *, *, #2455, .F. ) ;
#2551 = ORIENTED_EDGE ( 'NONE', *, *, #561, .F. ) ;
#2552 = CARTESIAN_POINT ( 'NONE',  ( -16.00000000000000000, 26.99999999999999645, -308.0000000000000000 ) ) ;
#2553 = AXIS2_PLACEMENT_3D ( 'NONE', #1134, #2098, #928 ) ;
#2554 = VERTEX_POINT ( 'NONE', #2641 ) ;
#2555 = FACE_OUTER_BOUND ( 'NONE', #2666, .T. ) ;
#2556 = FACE_OUTER_BOUND ( 'NONE', #2217, .T. ) ;
#2557 = CIRCLE ( 'NONE', #784, 11.00000000000001066 ) ;
#2558 = DIRECTION ( 'NONE',  ( 0.000000000000000000, 0.000000000000000000, 1.000000000000000000 ) ) ;
#2559 = APPROVAL ( #307, 'UNSPECIFIED' ) ;
#2560 = DIRECTION ( 'NONE',  ( 0.000000000000000000, 0.000000000000000000, 1.000000000000000000 ) ) ;
#2561 = VECTOR ( 'NONE', #2528, 1000.000000000000000 ) ;
#2562 = CIRCLE ( 'NONE', #273, 25.15000000000000213 ) ;
#2563 = CARTESIAN_POINT ( 'NONE',  ( -30.00000000000000000, 27.00000000000000000, -270.0000000000000000 ) ) ;
#2564 = CARTESIAN_POINT ( 'NONE',  ( 44.00000000000000000, -34.00000000000000000, 0.000000000000000000 ) ) ;
#2565 = VECTOR ( 'NONE', #3094, 1000.000000000000000 ) ;
#2566 = DIRECTION ( 'NONE',  ( 0.000000000000000000, 0.000000000000000000, 1.000000000000000000 ) ) ;
#2567 = ORIENTED_EDGE ( 'NONE', *, *, #2173, .T. ) ;
#2568 = ORIENTED_EDGE ( 'NONE', *, *, #1746, .T. ) ;
#2569 = ADVANCED_FACE ( 'NONE', ( #2158 ), #2432, .F. ) ;
#2570 = CYLINDRICAL_SURFACE ( 'NONE', #21, 1.700000000000007061 ) ;
#2571 = ORIENTED_EDGE ( 'NONE', *, *, #1495, .T. ) ;
#2572 = PLANE ( 'NONE',  #1422 ) ;
#2573 = FACE_OUTER_BOUND ( 'NONE', #1661, .T. ) ;
#2574 = DIRECTION ( 'NONE',  ( 0.000000000000000000, 0.000000000000000000, 1.000000000000000000 ) ) ;
#2575 = CYLINDRICAL_SURFACE ( 'NONE', #723, 2.749999999999999112 ) ;
#2576 = CARTESIAN_POINT ( 'NONE',  ( -12.24586983568286414, -20.00000000000000355, 29.56414504036117918 ) ) ;
#2577 = DIRECTION ( 'NONE',  ( -0.000000000000000000, -1.000000000000000000, -0.000000000000000000 ) ) ;
#2578 = ORIENTED_EDGE ( 'NONE', *, *, #2250, .T. ) ;
#2579 = VERTEX_POINT ( 'NONE', #732 ) ;
#2580 = FACE_OUTER_BOUND ( 'NONE', #1968, .T. ) ;
#2581 = EDGE_CURVE ( 'NONE', #434, #1931, #1419, .T. ) ;
#2582 = ORIENTED_EDGE ( 'NONE', *, *, #1659, .F. ) ;
#2583 = DIRECTION ( 'NONE',  ( 0.000000000000000000, 1.000000000000000000, 0.000000000000000000 ) ) ;
#2584 = CARTESIAN_POINT ( 'NONE',  ( 0.000000000000000000, 5.000000000000000000, -129.0000000000000000 ) ) ;
#2585 = DIRECTION ( 'NONE',  ( 0.000000000000000000, 1.000000000000000000, 0.000000000000000000 ) ) ;
#2586 = ORIENTED_EDGE ( 'NONE', *, *, #2829, .F. ) ;
#2587 = ORIENTED_EDGE ( 'NONE', *, *, #1280, .T. ) ;
#2588 = VECTOR ( 'NONE', #2672, 1000.000000000000000 ) ;
#2589 = CARTESIAN_POINT ( 'NONE',  ( -34.00000000000000000, 5.000000000000000000, -66.00000000000000000 ) ) ;
#2590 = CARTESIAN_POINT ( 'NONE',  ( 16.00000000000000000, -27.00000000000000000, -260.0000000000000000 ) ) ;
#2591 = EDGE_CURVE ( 'NONE', #2116, #2101, #954, .T. ) ;
#2592 = EDGE_LOOP ( 'NONE', ( #2388, #178, #1460, #1757 ) ) ;
#2593 = ORIENTED_EDGE ( 'NONE', *, *, #2345, .T. ) ;
#2594 = DIRECTION ( 'NONE',  ( 0.000000000000000000, 1.000000000000000000, 0.000000000000000000 ) ) ;
#2595 = ORIENTED_EDGE ( 'NONE', *, *, #3130, .F. ) ;
#2596 = CARTESIAN_POINT ( 'NONE',  ( -18.50000000000001776, 5.000000000000000000, -175.6570600599757768 ) ) ;
#2597 = EDGE_CURVE ( 'NONE', #961, #579, #2866, .T. ) ;
#2598 = CARTESIAN_POINT ( 'NONE',  ( 12.24586983568287479, -34.00000000000000000, -29.56414504036117563 ) ) ;
#2599 = PLANE ( 'NONE',  #785 ) ;
#2600 = AXIS2_PLACEMENT_3D ( 'NONE', #2539, #105, #2065 ) ;
#2601 = ORIENTED_EDGE ( 'NONE', *, *, #174, .F. ) ;
#2602 = ORIENTED_EDGE ( 'NONE', *, *, #134, .F. ) ;
#2603 = VERTEX_POINT ( 'NONE', #2895 ) ;
#2604 = AXIS2_PLACEMENT_3D ( 'NONE', #1742, #2723, #1472 ) ;
#2605 = EDGE_CURVE ( 'NONE', #2841, #1231, #474, .T. ) ;
#2606 = DIRECTION ( 'NONE',  ( -0.000000000000000000, -1.000000000000000000, -0.000000000000000000 ) ) ;
#2607 = CARTESIAN_POINT ( 'NONE',  ( -29.56414504036117918, -34.00000000000000000, 12.24586983568286946 ) ) ;
#2608 = VECTOR ( 'NONE', #143, 1000.000000000000000 ) ;
#2609 = VECTOR ( 'NONE', #1623, 1000.000000000000000 ) ;
#2610 = VECTOR ( 'NONE', #1226, 1000.000000000000000 ) ;
#2611 = CIRCLE ( 'NONE', #2091, 2.749999999999999112 ) ;
#2612 = CARTESIAN_POINT ( 'NONE',  ( -12.24586983568287124, -20.00000000000000355, -26.81414504036117563 ) ) ;
#2613 = AXIS2_PLACEMENT_3D ( 'NONE', #2620, #440, #1653 ) ;
#2614 = VERTEX_POINT ( 'NONE', #1933 ) ;
#2615 = AXIS2_PLACEMENT_3D ( 'NONE', #1690, #1439, #922 ) ;
#2616 = FACE_OUTER_BOUND ( 'NONE', #2211, .T. ) ;
#2617 = ORIENTED_EDGE ( 'NONE', *, *, #207, .T. ) ;
#2618 = DIRECTION ( 'NONE',  ( 0.000000000000000000, 1.000000000000000000, 0.000000000000000000 ) ) ;
#2619 = DIRECTION ( 'NONE',  ( -0.000000000000000000, -0.000000000000000000, -1.000000000000000000 ) ) ;
#2620 = CARTESIAN_POINT ( 'NONE',  ( 37.00000000000000000, 5.000000000000000000, -206.0000000000000000 ) ) ;
#2621 = ORIENTED_EDGE ( 'NONE', *, *, #504, .F. ) ;
#2622 = VERTEX_POINT ( 'NONE', #432 ) ;
#2623 = CARTESIAN_POINT ( 'NONE',  ( -18.49999999999999289, -5.000000000000000000, -150.0429399400242119 ) ) ;
#2624 = DIRECTION ( 'NONE',  ( -0.000000000000000000, -1.000000000000000000, -0.000000000000000000 ) ) ;
#2625 = EDGE_CURVE ( 'NONE', #1552, #2949, #1292, .T. ) ;
#2626 = EDGE_CURVE ( 'NONE', #304, #240, #2121, .T. ) ;
#2627 = DIRECTION ( 'NONE',  ( -0.000000000000000000, 1.000000000000000000, -0.000000000000000000 ) ) ;
#2628 = EDGE_CURVE ( 'NONE', #3152, #2322, #1866, .T. ) ;
#2629 = ORIENTED_EDGE ( 'NONE', *, *, #833, .F. ) ;
#2630 = ORIENTED_EDGE ( 'NONE', *, *, #63, .F. ) ;
#2631 = DIRECTION ( 'NONE',  ( 0.000000000000000000, 0.000000000000000000, 1.000000000000000000 ) ) ;
#2632 = ORIENTED_EDGE ( 'NONE', *, *, #991, .T. ) ;
#2633 = DIRECTION ( 'NONE',  ( -0.000000000000000000, -1.000000000000000000, -0.000000000000000000 ) ) ;
#2634 = CYLINDRICAL_SURFACE ( 'NONE', #171, 11.00000000000001066 ) ;
#2635 = EDGE_LOOP ( 'NONE', ( #1129, #1249, #417, #1101, #1458, #1214, #1992, #1499, #2872, #2784 ) ) ;
#2636 = ORIENTED_EDGE ( 'NONE', *, *, #534, .T. ) ;
#2637 = CARTESIAN_POINT ( 'NONE',  ( 29.56414504036117918, -20.00000000000000355, 9.495869835682864135 ) ) ;
#2638 = DIRECTION ( 'NONE',  ( -0.000000000000000000, -1.000000000000000000, -0.000000000000000000 ) ) ;
#2639 = AXIS2_PLACEMENT_3D ( 'NONE', #1514, #1091, #1994 ) ;
#2640 = EDGE_CURVE ( 'NONE', #845, #2208, #1172, .T. ) ;
#2641 = CARTESIAN_POINT ( 'NONE',  ( -37.00000000000000000, -5.000000000000000000, -116.2999999999999829 ) ) ;
#2642 = AXIS2_PLACEMENT_3D ( 'NONE', #692, #1009, #282 ) ;
#2643 = EDGE_LOOP ( 'NONE', ( #1365, #1635, #1079 ) ) ;
#2644 = CARTESIAN_POINT ( 'NONE',  ( 16.00000000000000000, 26.99999999999999645, -260.0000000000000000 ) ) ;
#2645 = ORIENTED_EDGE ( 'NONE', *, *, #841, .T. ) ;
#2646 = DIRECTION ( 'NONE',  ( 0.000000000000000000, 0.000000000000000000, 1.000000000000000000 ) ) ;
#2647 = CARTESIAN_POINT ( 'NONE',  ( 34.00000000000000000, -34.00000000000000000, -110.0000000000000000 ) ) ;
#2648 = EDGE_CURVE ( 'NONE', #2322, #276, #2140, .T. ) ;
#2649 = DIRECTION ( 'NONE',  ( 0.000000000000000000, 1.000000000000000000, 0.000000000000000000 ) ) ;
#2650 = ORIENTED_EDGE ( 'NONE', *, *, #1492, .F. ) ;
#2651 = ORIENTED_EDGE ( 'NONE', *, *, #2455, .T. ) ;
#2652 = LINE ( 'NONE', #7, #2490 ) ;
#2653 = FACE_OUTER_BOUND ( 'NONE', #1268, .T. ) ;
#2654 = CARTESIAN_POINT ( 'NONE',  ( 37.00000000000000000, 5.000000000000000000, -204.2999999999999829 ) ) ;
#2655 = ORIENTED_EDGE ( 'NONE', *, *, #2133, .T. ) ;
#2656 = AXIS2_PLACEMENT_3D ( 'NONE', #2835, #1874, #1616 ) ;
#2657 = CARTESIAN_POINT ( 'NONE',  ( 30.00000000000000000, -5.000000000000000000, 0.000000000000000000 ) ) ;
#2658 = AXIS2_PLACEMENT_3D ( 'NONE', #1123, #2531, #2025 ) ;
#2659 = ORIENTED_EDGE ( 'NONE', *, *, #3130, .T. ) ;
#2660 = VECTOR ( 'NONE', #1531, 1000.000000000000000 ) ;
#2661 = AXIS2_PLACEMENT_3D ( 'NONE', #982, #313, #506 ) ;
#2662 = VERTEX_POINT ( 'NONE', #941 ) ;
#2663 = CARTESIAN_POINT ( 'NONE',  ( 12.24586983568287479, -20.00000000000000355, -29.56414504036117563 ) ) ;
#2664 = CIRCLE ( 'NONE', #1433, 2.749999999999999112 ) ;
#2665 = EDGE_CURVE ( 'NONE', #1163, #1668, #2383, .T. ) ;
#2666 = EDGE_LOOP ( 'NONE', ( #718, #1182, #1711, #232 ) ) ;
#2667 = DIRECTION ( 'NONE',  ( 0.6246950475544239545, 0.000000000000000000, 0.7808688094430306093 ) ) ;
#2668 = DIRECTION ( 'NONE',  ( -0.07253569577882137964, 0.000000000000000000, 0.9973658169587938938 ) ) ;
#2669 = EDGE_CURVE ( 'NONE', #1709, #2435, #1719, .T. ) ;
#2670 = EDGE_LOOP ( 'NONE', ( #1294, #2159, #2224, #877 ) ) ;
#2671 = VERTEX_POINT ( 'NONE', #2700 ) ;
#2672 = DIRECTION ( 'NONE',  ( -0.000000000000000000, -1.000000000000000000, -0.000000000000000000 ) ) ;
#2673 = DIRECTION ( 'NONE',  ( 0.000000000000000000, 1.000000000000000000, 0.000000000000000000 ) ) ;
#2674 = DIRECTION ( 'NONE',  ( 0.000000000000000000, 0.000000000000000000, -1.000000000000000000 ) ) ;
#2675 = DIRECTION ( 'NONE',  ( 1.000000000000000000, 0.000000000000000000, 0.000000000000000000 ) ) ;
#2676 = ORIENTED_EDGE ( 'NONE', *, *, #2013, .F. ) ;
#2677 = ORIENTED_EDGE ( 'NONE', *, *, #2687, .T. ) ;
#2678 = CARTESIAN_POINT ( 'NONE',  ( -37.00000000000000000, 5.000000000000000000, -116.2999999999999829 ) ) ;
#2679 = ORIENTED_EDGE ( 'NONE', *, *, #639, .F. ) ;
#2680 = CARTESIAN_POINT ( 'NONE',  ( 34.00000000000000000, 5.000000000000000000, -66.00000000000000000 ) ) ;
#2681 = DIRECTION ( 'NONE',  ( 0.07253569577882136576, 0.000000000000000000, -0.9973658169587938938 ) ) ;
#2682 = EDGE_CURVE ( 'NONE', #1379, #2397, #2176, .T. ) ;
#2683 = CARTESIAN_POINT ( 'NONE',  ( 34.00000000000000000, 5.000000000000000000, -66.00000000000000000 ) ) ;
#2684 = ORIENTED_EDGE ( 'NONE', *, *, #2104, .F. ) ;
#2685 = CARTESIAN_POINT ( 'NONE',  ( 36.00000000000000000, -34.00000000000000000, -110.0000000000000000 ) ) ;
#2686 = CARTESIAN_POINT ( 'NONE',  ( 34.00000000000000000, -34.00000000000000000, -66.00000000000000000 ) ) ;
#2687 = EDGE_CURVE ( 'NONE', #882, #1870, #2948, .T. ) ;
#2688 = DIRECTION ( 'NONE',  ( -1.000000000000000000, 0.000000000000000000, 0.000000000000000000 ) ) ;
#2689 = DIRECTION ( 'NONE',  ( 0.2425356250363328581, 0.000000000000000000, -0.9701425001453318764 ) ) ;
#2690 = LINE ( 'NONE', #1769, #416 ) ;
#2691 = ORIENTED_EDGE ( 'NONE', *, *, #1338, .T. ) ;
#2692 = CARTESIAN_POINT ( 'NONE',  ( 12.24586983568288012, -20.00000000000000355, 29.56414504036117208 ) ) ;
#2693 = ORIENTED_EDGE ( 'NONE', *, *, #2328, .T. ) ;
#2694 = LINE ( 'NONE', #2680, #1126 ) ;
#2695 =( NAMED_UNIT ( * ) PLANE_ANGLE_UNIT ( ) SI_UNIT ( $, .RADIAN. ) );
#2696 = CARTESIAN_POINT ( 'NONE',  ( 0.000000000000000000, 5.000000000000000000, -118.0000000000000000 ) ) ;
#2697 = VERTEX_POINT ( 'NONE', #1469 ) ;
#2698 = ADVANCED_FACE ( 'NONE', ( #3145 ), #1928, .F. ) ;
#2699 = FACE_BOUND ( 'NONE', #2233, .T. ) ;
#2700 = CARTESIAN_POINT ( 'NONE',  ( -16.00000000000000000, -27.00000000000000000, -308.0000000000000000 ) ) ;
#2701 = FACE_OUTER_BOUND ( 'NONE', #1494, .T. ) ;
#2702 = CARTESIAN_POINT ( 'NONE',  ( 44.00000000000000000, -20.00000000000000355, 0.000000000000000000 ) ) ;
#2703 = ORIENTED_EDGE ( 'NONE', *, *, #1956, .F. ) ;
#2704 = ORIENTED_EDGE ( 'NONE', *, *, #1608, .F. ) ;
#2705 = CARTESIAN_POINT ( 'NONE',  ( 34.00000000000000000, -5.000000000000000888, -66.00000000000000000 ) ) ;
#2706 = AXIS2_PLACEMENT_3D ( 'NONE', #1118, #90, #2509 ) ;
#2707 = VERTEX_POINT ( 'NONE', #286 ) ;
#2708 = EDGE_LOOP ( 'NONE', ( #1686, #575, #1612, #2182 ) ) ;
#2709 = VECTOR ( 'NONE', #1075, 1000.000000000000000 ) ;
#2710 = FACE_OUTER_BOUND ( 'NONE', #831, .T. ) ;
#2711 = VECTOR ( 'NONE', #2606, 1000.000000000000000 ) ;
#2712 = PRODUCT_DEFINITION ( 'UNKNOWN', '', #200, #1176 ) ;
#2713 = ORIENTED_EDGE ( 'NONE', *, *, #2327, .T. ) ;
#2714 = VECTOR ( 'NONE', #1576, 1000.000000000000000 ) ;
#2715 = DIRECTION ( 'NONE',  ( -0.000000000000000000, -1.000000000000000000, -0.000000000000000000 ) ) ;
#2716 = CIRCLE ( 'NONE', #1840, 4.000000000000003553 ) ;
#2717 = ORIENTED_EDGE ( 'NONE', *, *, #2350, .T. ) ;
#2718 = CYLINDRICAL_SURFACE ( 'NONE', #3110, 4.000000000000003553 ) ;
#2719 = DIRECTION ( 'NONE',  ( -0.5368754921931593316, 0.000000000000000000, 0.8436614877321074735 ) ) ;
#2720 = CYLINDRICAL_SURFACE ( 'NONE', #2972, 1.700000000000007061 ) ;
#2721 = VECTOR ( 'NONE', #1671, 1000.000000000000000 ) ;
#2722 = DIRECTION ( 'NONE',  ( -0.000000000000000000, -1.000000000000000000, -0.000000000000000000 ) ) ;
#2723 = DIRECTION ( 'NONE',  ( 0.000000000000000000, 1.000000000000000000, 0.000000000000000000 ) ) ;
#2724 = EDGE_CURVE ( 'NONE', #1911, #1868, #1564, .T. ) ;
#2725 = VERTEX_POINT ( 'NONE', #521 ) ;
#2726 = EDGE_CURVE ( 'NONE', #724, #765, #2184, .T. ) ;
#2727 = CYLINDRICAL_SURFACE ( 'NONE', #128, 1.700000000000007061 ) ;
#2728 = ORIENTED_EDGE ( 'NONE', *, *, #2824, .T. ) ;
#2729 = LINE ( 'NONE', #997, #2514 ) ;
#2730 = ORIENTED_EDGE ( 'NONE', *, *, #1882, .F. ) ;
#2731 = DIRECTION ( 'NONE',  ( -0.000000000000000000, -1.000000000000000000, -0.000000000000000000 ) ) ;
#2732 = LINE ( 'NONE', #2008, #2120 ) ;
#2733 = CARTESIAN_POINT ( 'NONE',  ( 16.00000000000000000, -27.00000000000000000, -308.0000000000000000 ) ) ;
#2734 = LINE ( 'NONE', #1488, #1584 ) ;
#2735 = ORIENTED_EDGE ( 'NONE', *, *, #37, .T. ) ;
#2736 = LINE ( 'NONE', #2257, #2862 ) ;
#2737 = VERTEX_POINT ( 'NONE', #2959 ) ;
#2738 = EDGE_CURVE ( 'NONE', #751, #487, #489, .T. ) ;
#2739 = ORIENTED_EDGE ( 'NONE', *, *, #2472, .F. ) ;
#2740 = AXIS2_PLACEMENT_3D ( 'NONE', #2747, #122, #613 ) ;
#2741 = PERSON_AND_ORGANIZATION ( #2389, #2950 ) ;
#2742 = DIRECTION ( 'NONE',  ( -0.000000000000000000, -1.000000000000000000, -0.000000000000000000 ) ) ;
#2743 = VECTOR ( 'NONE', #2460, 1000.000000000000000 ) ;
#2744 = ORIENTED_EDGE ( 'NONE', *, *, #345, .T. ) ;
#2745 = EDGE_CURVE ( 'NONE', #338, #1696, #265, .T. ) ;
#2746 = LINE ( 'NONE', #1977, #972 ) ;
#2747 = CARTESIAN_POINT ( 'NONE',  ( 18.50000000000000355, -5.000000000000000000, -238.0429399400242119 ) ) ;
#2748 = LINE ( 'NONE', #614, #1683 ) ;
#2749 = CARTESIAN_POINT ( 'NONE',  ( 18.50000000000000355, 5.000000000000000000, -239.7429399400242005 ) ) ;
#2750 = ORIENTED_EDGE ( 'NONE', *, *, #309, .T. ) ;
#2751 = LINE ( 'NONE', #303, #1781 ) ;
#2752 = EDGE_LOOP ( 'NONE', ( #2906, #2750 ) ) ;
#2753 = ORIENTED_EDGE ( 'NONE', *, *, #555, .T. ) ;
#2754 = AXIS2_PLACEMENT_3D ( 'NONE', #2903, #704, #228 ) ;
#2755 = AXIS2_PLACEMENT_3D ( 'NONE', #2516, #154, #2085 ) ;
#2756 = ORIENTED_EDGE ( 'NONE', *, *, #994, .F. ) ;
#2757 = FACE_OUTER_BOUND ( 'NONE', #2922, .T. ) ;
#2758 = CIRCLE ( 'NONE', #931, 11.00000000000001066 ) ;
#2759 = ORIENTED_EDGE ( 'NONE', *, *, #2107, .T. ) ;
#2760 = AXIS2_PLACEMENT_3D ( 'NONE', #2483, #302, #1273 ) ;
#2761 = CARTESIAN_POINT ( 'NONE',  ( 37.00000000000000000, 5.000000000000000000, -207.6999999999999886 ) ) ;
#2762 = AXIS2_PLACEMENT_3D ( 'NONE', #452, #2825, #2150 ) ;
#2763 = CARTESIAN_POINT ( 'NONE',  ( 12.24586983568288012, -34.00000000000000000, 32.31414504036117563 ) ) ;
#2764 = DIRECTION ( 'NONE',  ( 0.000000000000000000, 0.000000000000000000, 1.000000000000000000 ) ) ;
#2765 = PLANE ( 'NONE',  #2198 ) ;
#2766 = EDGE_CURVE ( 'NONE', #1685, #810, #2332, .T. ) ;
#2767 = VECTOR ( 'NONE', #26, 1000.000000000000000 ) ;
#2768 = DIRECTION ( 'NONE',  ( -0.000000000000000000, -1.000000000000000000, -0.000000000000000000 ) ) ;
#2769 = VECTOR ( 'NONE', #429, 1000.000000000000000 ) ;
#2770 = DIRECTION ( 'NONE',  ( 0.000000000000000000, -1.000000000000000000, 0.000000000000000000 ) ) ;
#2771 = VERTEX_POINT ( 'NONE', #1486 ) ;
#2772 = ORIENTED_EDGE ( 'NONE', *, *, #876, .F. ) ;
#2773 = DIRECTION ( 'NONE',  ( 0.000000000000000000, 1.000000000000000000, 0.000000000000000000 ) ) ;
#2774 = ORIENTED_EDGE ( 'NONE', *, *, #433, .F. ) ;
#2775 = DIRECTION ( 'NONE',  ( 0.000000000000000000, 0.000000000000000000, 1.000000000000000000 ) ) ;
#2776 = EDGE_CURVE ( 'NONE', #87, #2554, #706, .T. ) ;
#2777 = CARTESIAN_POINT ( 'NONE',  ( 37.00000000000000000, 5.000000000000000000, -119.7000000000000028 ) ) ;
#2778 = CARTESIAN_POINT ( 'NONE',  ( 0.000000000000000000, 5.000000000000000000, -206.0000000000000000 ) ) ;
#2779 = DIRECTION ( 'NONE',  ( 0.000000000000000000, 0.000000000000000000, 1.000000000000000000 ) ) ;
#2780 = CARTESIAN_POINT ( 'NONE',  ( 0.000000000000000000, 5.000000000000000000, -217.0000000000000000 ) ) ;
#2781 = EDGE_CURVE ( 'NONE', #2771, #1228, #101, .T. ) ;
#2782 = CARTESIAN_POINT ( 'NONE',  ( -36.00000000000000000, -20.00000000000000355, -110.0000000000000000 ) ) ;
#2783 = DIRECTION ( 'NONE',  ( -0.000000000000000000, -1.000000000000000000, -0.000000000000000000 ) ) ;
#2784 = ORIENTED_EDGE ( 'NONE', *, *, #1094, .T. ) ;
#2785 = EDGE_CURVE ( 'NONE', #1651, #198, #29, .T. ) ;
#2786 = ORIENTED_EDGE ( 'NONE', *, *, #213, .F. ) ;
#2787 = CARTESIAN_POINT ( 'NONE',  ( 16.00000000000000000, -18.00000000000000355, -308.0000000000000000 ) ) ;
#2788 = CIRCLE ( 'NONE', #1408, 2.750000000000002665 ) ;
#2789 = ORIENTED_EDGE ( 'NONE', *, *, #403, .F. ) ;
#2790 = FACE_OUTER_BOUND ( 'NONE', #2592, .T. ) ;
#2791 = DIRECTION ( 'NONE',  ( -0.000000000000000000, -1.000000000000000000, -0.000000000000000000 ) ) ;
#2792 = DIRECTION ( 'NONE',  ( 0.000000000000000000, 0.000000000000000000, -1.000000000000000000 ) ) ;
#2793 = DIRECTION ( 'NONE',  ( 1.000000000000000000, 0.000000000000000000, 0.000000000000000000 ) ) ;
#2794 = EDGE_CURVE ( 'NONE', #543, #153, #2219, .T. ) ;
#2795 = LINE ( 'NONE', #616, #1286 ) ;
#2796 = DIRECTION ( 'NONE',  ( 0.000000000000000000, -1.000000000000000000, 0.000000000000000000 ) ) ;
#2797 = CARTESIAN_POINT ( 'NONE',  ( -12.24586983568287124, -34.00000000000000000, -26.81414504036117563 ) ) ;
#2798 = ADVANCED_FACE ( 'NONE', ( #1014 ), #234, .F. ) ;
#2799 = ADVANCED_FACE ( 'NONE', ( #540 ), #249, .F. ) ;
#2800 = CIRCLE ( 'NONE', #3059, 10.99999999999999645 ) ;
#2801 = EDGE_CURVE ( 'NONE', #1696, #519, #3149, .T. ) ;
#2802 = EDGE_LOOP ( 'NONE', ( #49, #492, #346, #2549 ) ) ;
#2803 = EDGE_LOOP ( 'NONE', ( #1541, #1946, #789, #1293 ) ) ;
#2804 = LINE ( 'NONE', #1807, #533 ) ;
#2805 = VECTOR ( 'NONE', #1090, 1000.000000000000000 ) ;
#2806 = ORIENTED_EDGE ( 'NONE', *, *, #2923, .F. ) ;
#2807 = CYLINDRICAL_SURFACE ( 'NONE', #1525, 2.750000000000002665 ) ;
#2808 = DIRECTION ( 'NONE',  ( 0.000000000000000000, 1.000000000000000000, 0.000000000000000000 ) ) ;
#2809 = AXIS2_PLACEMENT_3D ( 'NONE', #1697, #516, #1461 ) ;
#2810 = DIRECTION ( 'NONE',  ( -0.000000000000000000, -1.000000000000000000, -0.000000000000000000 ) ) ;
#2811 = AXIS2_PLACEMENT_3D ( 'NONE', #2023, #1313, #2779 ) ;
#2812 = AXIS2_PLACEMENT_3D ( 'NONE', #1515, #2220, #47 ) ;
#2813 = DIRECTION ( 'NONE',  ( 0.000000000000000000, 0.000000000000000000, 1.000000000000000000 ) ) ;
#2814 = DIRECTION ( 'NONE',  ( 0.000000000000000000, 0.000000000000000000, -1.000000000000000000 ) ) ;
#2815 = CARTESIAN_POINT ( 'NONE',  ( 29.56414504036117918, -20.00000000000000355, 12.24586983568286591 ) ) ;
#2816 = AXIS2_PLACEMENT_3D ( 'NONE', #2505, #2742, #832 ) ;
#2817 = EDGE_CURVE ( 'NONE', #544, #3087, #2652, .T. ) ;
#2818 = VERTEX_POINT ( 'NONE', #1528 ) ;
#2819 = EDGE_CURVE ( 'NONE', #240, #1931, #598, .T. ) ;
#2820 = PLANE ( 'NONE',  #1790 ) ;
#2821 = VERTEX_POINT ( 'NONE', #1072 ) ;
#2822 = CARTESIAN_POINT ( 'NONE',  ( -12.24586983568287124, -20.00000000000000355, -29.56414504036117563 ) ) ;
#2823 = CYLINDRICAL_SURFACE ( 'NONE', #2126, 1.700000000000007061 ) ;
#2824 = EDGE_CURVE ( 'NONE', #2450, #486, #1047, .T. ) ;
#2825 = DIRECTION ( 'NONE',  ( 0.000000000000000000, 1.000000000000000000, 0.000000000000000000 ) ) ;
#2826 = VERTEX_POINT ( 'NONE', #2777 ) ;
#2827 = LINE ( 'NONE', #2564, #2914 ) ;
#2828 = CARTESIAN_POINT ( 'NONE',  ( -29.56414504036117563, -34.00000000000000000, -9.495869835682878346 ) ) ;
#2829 = EDGE_CURVE ( 'NONE', #2450, #373, #1559, .T. ) ;
#2830 = EDGE_LOOP ( 'NONE', ( #2500, #1089, #857, #1395 ) ) ;
#2831 = ORIENTED_EDGE ( 'NONE', *, *, #150, .T. ) ;
#2832 = EDGE_LOOP ( 'NONE', ( #2393, #256, #3086, #1307 ) ) ;
#2833 = DIRECTION ( 'NONE',  ( 0.000000000000000000, 0.000000000000000000, 1.000000000000000000 ) ) ;
#2834 = VERTEX_POINT ( 'NONE', #1058 ) ;
#2835 = CARTESIAN_POINT ( 'NONE',  ( 18.50000000000000355, 5.000000000000000000, -150.0429399400242119 ) ) ;
#2836 = CARTESIAN_POINT ( 'NONE',  ( -48.00000000000000000, 5.000000000000000000, -88.00000000000000000 ) ) ;
#2837 = VERTEX_POINT ( 'NONE', #586 ) ;
#2838 = DIRECTION ( 'NONE',  ( 0.000000000000000000, 1.000000000000000000, 0.000000000000000000 ) ) ;
#2839 = EDGE_CURVE ( 'NONE', #2826, #2725, #357, .T. ) ;
#2840 = ORIENTED_EDGE ( 'NONE', *, *, #1833, .T. ) ;
#2841 = VERTEX_POINT ( 'NONE', #2763 ) ;
#2842 = VECTOR ( 'NONE', #505, 1000.000000000000000 ) ;
#2843 = CARTESIAN_POINT ( 'NONE',  ( -29.56414504036117563, -34.00000000000000000, -14.99586983568287479 ) ) ;
#2844 = FACE_OUTER_BOUND ( 'NONE', #2832, .T. ) ;
#2845 = AXIS2_PLACEMENT_3D ( 'NONE', #151, #2326, #401 ) ;
#2846 = CC_DESIGN_DATE_AND_TIME_ASSIGNMENT ( #25, #2926, ( #2712 ) ) ;
#2847 = DIRECTION ( 'NONE',  ( 0.000000000000000000, 1.000000000000000000, 0.000000000000000000 ) ) ;
#2848 = ORIENTED_EDGE ( 'NONE', *, *, #1446, .F. ) ;
#2849 = CARTESIAN_POINT ( 'NONE',  ( -34.00000000000000000, -5.000000000000000000, -66.00000000000000000 ) ) ;
#2850 = VERTEX_POINT ( 'NONE', #1546 ) ;
#2851 = DIRECTION ( 'NONE',  ( 0.000000000000000000, 1.000000000000000000, 0.000000000000000000 ) ) ;
#2852 = CYLINDRICAL_SURFACE ( 'NONE', #2335, 1.700000000000007061 ) ;
#2853 = EDGE_CURVE ( 'NONE', #734, #1651, #2053, .T. ) ;
#2854 = CARTESIAN_POINT ( 'NONE',  ( 37.00000000000000000, 5.000000000000000000, -118.0000000000000000 ) ) ;
#2855 = AXIS2_PLACEMENT_3D ( 'NONE', #1180, #2408, #1164 ) ;
#2856 = ORIENTED_EDGE ( 'NONE', *, *, #293, .F. ) ;
#2857 = ORIENTED_EDGE ( 'NONE', *, *, #2447, .T. ) ;
#2858 = VECTOR ( 'NONE', #2318, 1000.000000000000000 ) ;
#2859 = DIRECTION ( 'NONE',  ( -0.7808688094430306093, 0.000000000000000000, 0.6246950475544239545 ) ) ;
#2860 = DIRECTION ( 'NONE',  ( 0.000000000000000000, 0.000000000000000000, 1.000000000000000000 ) ) ;
#2861 = VECTOR ( 'NONE', #36, 1000.000000000000000 ) ;
#2862 = VECTOR ( 'NONE', #2934, 1000.000000000000114 ) ;
#2863 = ORIENTED_EDGE ( 'NONE', *, *, #2049, .T. ) ;
#2864 = AXIS2_PLACEMENT_3D ( 'NONE', #1093, #2055, #1548 ) ;
#2865 = CIRCLE ( 'NONE', #2762, 1.700000000000007061 ) ;
#2866 = LINE ( 'NONE', #1440, #1682 ) ;
#2867 = CIRCLE ( 'NONE', #1042, 1.700000000000007061 ) ;
#2868 = ORIENTED_EDGE ( 'NONE', *, *, #3055, .T. ) ;
#2869 = ORIENTED_EDGE ( 'NONE', *, *, #570, .T. ) ;
#2870 = AXIS2_PLACEMENT_3D ( 'NONE', #2880, #202, #2674 ) ;
#2871 = CARTESIAN_POINT ( 'NONE',  ( 0.000000000000000000, -22.20000000000000284, 0.000000000000000000 ) ) ;
#2872 = ORIENTED_EDGE ( 'NONE', *, *, #2173, .F. ) ;
#2873 = DIRECTION ( 'NONE',  ( 0.000000000000000000, 0.000000000000000000, -1.000000000000000000 ) ) ;
#2874 = PLANE ( 'NONE',  #354 ) ;
#2875 = FACE_OUTER_BOUND ( 'NONE', #2270, .T. ) ;
#2876 = ORIENTED_EDGE ( 'NONE', *, *, #1815, .T. ) ;
#2877 = EDGE_CURVE ( 'NONE', #2106, #240, #2732, .T. ) ;
#2878 = ORIENTED_EDGE ( 'NONE', *, *, #365, .T. ) ;
#2879 = DIRECTION ( 'NONE',  ( 0.07253569577882136576, 0.000000000000000000, 0.9973658169587938938 ) ) ;
#2880 = CARTESIAN_POINT ( 'NONE',  ( 12.24586983568288012, -20.00000000000000355, 29.56414504036117208 ) ) ;
#2881 = ADVANCED_FACE ( 'NONE', ( #1764 ), #2294, .F. ) ;
#2882 = CARTESIAN_POINT ( 'NONE',  ( 12.24586983568287479, -20.00000000000000355, -26.81414504036117563 ) ) ;
#2883 = EDGE_CURVE ( 'NONE', #1870, #882, #607, .T. ) ;
#2884 = EDGE_LOOP ( 'NONE', ( #2411, #435 ) ) ;
#2885 = DIRECTION ( 'NONE',  ( 0.000000000000000000, 1.000000000000000000, 0.000000000000000000 ) ) ;
#2886 = VERTEX_POINT ( 'NONE', #2481 ) ;
#2887 = DIRECTION ( 'NONE',  ( -0.000000000000000000, -1.000000000000000000, -0.000000000000000000 ) ) ;
#2888 = CARTESIAN_POINT ( 'NONE',  ( -12.24586983568286414, -34.00000000000000000, 26.81414504036117563 ) ) ;
#2889 = VERTEX_POINT ( 'NONE', #1311 ) ;
#2890 = ORIENTED_EDGE ( 'NONE', *, *, #1545, .T. ) ;
#2891 = CARTESIAN_POINT ( 'NONE',  ( 0.000000000000000000, -18.00000000000000355, -300.0000000000000000 ) ) ;
#2892 = DIRECTION ( 'NONE',  ( -0.000000000000000000, -1.000000000000000000, -0.000000000000000000 ) ) ;
#2893 = LINE ( 'NONE', #711, #2721 ) ;
#2894 = AXIS2_PLACEMENT_3D ( 'NONE', #981, #1964, #1240 ) ;
#2895 = CARTESIAN_POINT ( 'NONE',  ( 37.00000000000000000, 5.000000000000000000, -116.2999999999999829 ) ) ;
#2896 = VECTOR ( 'NONE', #1798, 1000.000000000000000 ) ;
#2897 = EDGE_CURVE ( 'NONE', #2373, #34, #1363, .T. ) ;
#2898 = EDGE_CURVE ( 'NONE', #608, #351, #2788, .T. ) ;
#2899 = ORIENTED_EDGE ( 'NONE', *, *, #2745, .T. ) ;
#2900 = VERTEX_POINT ( 'NONE', #331 ) ;
#2901 = CARTESIAN_POINT ( 'NONE',  ( 1.347111479062087024E-15, 5.000000000000000000, -194.9999999999999716 ) ) ;
#2902 = ORIENTED_EDGE ( 'NONE', *, *, #2625, .T. ) ;
#2903 = CARTESIAN_POINT ( 'NONE',  ( 0.000000000000000000, 18.00000000000000000, -300.0000000000000000 ) ) ;
#2904 = PERSON_AND_ORGANIZATION ( #2389, #2950 ) ;
#2905 = CARTESIAN_POINT ( 'NONE',  ( -44.00000000000000000, -20.00000000000000355, 0.000000000000000000 ) ) ;
#2906 = ORIENTED_EDGE ( 'NONE', *, *, #2996, .T. ) ;
#2907 = EDGE_LOOP ( 'NONE', ( #826, #596, #920, #3060 ) ) ;
#2908 = CARTESIAN_POINT ( 'NONE',  ( 34.00000000000000000, 5.000000000000000000, -66.00000000000000000 ) ) ;
#2909 = CARTESIAN_POINT ( 'NONE',  ( 7.549834435270755151, -5.000000000000000000, -110.0000000000000000 ) ) ;
#2910 = CYLINDRICAL_SURFACE ( 'NONE', #2039, 1.700000000000007061 ) ;
#2911 = EDGE_LOOP ( 'NONE', ( #2094, #2774, #2863, #1554, #2981, #651 ) ) ;
#2912 = VECTOR ( 'NONE', #1971, 1000.000000000000114 ) ;
#2913 = CARTESIAN_POINT ( 'NONE',  ( -44.00000000000000000, -20.00000000000000355, 0.000000000000000000 ) ) ;
#2914 = VECTOR ( 'NONE', #1330, 1000.000000000000000 ) ;
#2915 = AXIS2_PLACEMENT_3D ( 'NONE', #2297, #1060, #124 ) ;
#2916 = VERTEX_POINT ( 'NONE', #106 ) ;
#2917 = VECTOR ( 'NONE', #467, 1000.000000000000000 ) ;
#2918 = ORIENTED_EDGE ( 'NONE', *, *, #1225, .T. ) ;
#2919 = EDGE_CURVE ( 'NONE', #2834, #2952, #859, .T. ) ;
#2920 = LINE ( 'NONE', #2678, #1387 ) ;
#2921 = VECTOR ( 'NONE', #1055, 1000.000000000000000 ) ;
#2922 = EDGE_LOOP ( 'NONE', ( #913, #1511, #936, #688 ) ) ;
#2923 = EDGE_CURVE ( 'NONE', #608, #2949, #2035, .T. ) ;
#2924 = LINE ( 'NONE', #2179, #366 ) ;
#2925 = VECTOR ( 'NONE', #2186, 1000.000000000000000 ) ;
#2926 = DATE_TIME_ROLE ( 'creation_date' ) ;
#2927 = DIRECTION ( 'NONE',  ( 0.000000000000000000, 0.000000000000000000, -1.000000000000000000 ) ) ;
#2928 = ORIENTED_EDGE ( 'NONE', *, *, #955, .F. ) ;
#2929 = EDGE_CURVE ( 'NONE', #448, #902, #3038, .T. ) ;
#2930 = CARTESIAN_POINT ( 'NONE',  ( 0.000000000000000000, -18.00000000000000355, -300.0000000000000000 ) ) ;
#2931 = DIRECTION ( 'NONE',  ( 0.000000000000000000, 0.000000000000000000, 1.000000000000000000 ) ) ;
#2932 = CYLINDRICAL_SURFACE ( 'NONE', #1888, 1.700000000000007061 ) ;
#2933 = LINE ( 'NONE', #1704, #167 ) ;
#2934 = DIRECTION ( 'NONE',  ( -0.5407575913134984313, 0.000000000000000000, 0.8411784753765537692 ) ) ;
#2935 = ORIENTED_EDGE ( 'NONE', *, *, #2605, .T. ) ;
#2936 = DIRECTION ( 'NONE',  ( 0.000000000000000000, -0.000000000000000000, 1.000000000000000000 ) ) ;
#2937 = EDGE_CURVE ( 'NONE', #2309, #882, #2977, .T. ) ;
#2938 = EDGE_LOOP ( 'NONE', ( #2355, #2935 ) ) ;
#2939 = DIRECTION ( 'NONE',  ( 0.000000000000000000, 0.000000000000000000, 1.000000000000000000 ) ) ;
#2940 = DIRECTION ( 'NONE',  ( 0.9973658169587938938, -0.000000000000000000, 0.07253569577882136576 ) ) ;
#2941 = DIRECTION ( 'NONE',  ( 1.000000000000000000, 0.000000000000000000, 0.000000000000000000 ) ) ;
#2942 = ORIENTED_EDGE ( 'NONE', *, *, #898, .T. ) ;
#2943 = FACE_OUTER_BOUND ( 'NONE', #924, .T. ) ;
#2944 = DIRECTION ( 'NONE',  ( 0.000000000000000000, 1.000000000000000000, 0.000000000000000000 ) ) ;
#2945 = DIRECTION ( 'NONE',  ( 0.000000000000000000, 1.000000000000000000, 0.000000000000000000 ) ) ;
#2946 = LINE ( 'NONE', #79, #322 ) ;
#2947 = CARTESIAN_POINT ( 'NONE',  ( -18.49999999999999289, 5.000000000000000000, -238.0429399400242403 ) ) ;
#2948 = CIRCLE ( 'NONE', #1464, 1.700000000000007061 ) ;
#2949 = VERTEX_POINT ( 'NONE', #1753 ) ;
#2950 = ORGANIZATION ( 'UNSPECIFIED', 'UNSPECIFIED', '' ) ;
#2951 = FACE_BOUND ( 'NONE', #2884, .T. ) ;
#2952 = VERTEX_POINT ( 'NONE', #2251 ) ;
#2953 = DIRECTION ( 'NONE',  ( -0.7808688094430306093, 0.000000000000000000, 0.6246950475544239545 ) ) ;
#2954 = DATE_TIME_ROLE ( 'classification_date' ) ;
#2955 = DIRECTION ( 'NONE',  ( 0.000000000000000000, 0.000000000000000000, -1.000000000000000000 ) ) ;
#2956 = VERTEX_POINT ( 'NONE', #77 ) ;
#2957 = FACE_OUTER_BOUND ( 'NONE', #190, .T. ) ;
#2958 = EDGE_CURVE ( 'NONE', #1231, #2841, #3101, .T. ) ;
#2959 = CARTESIAN_POINT ( 'NONE',  ( -16.00000000000000000, -18.00000000000000355, -270.0000000000000000 ) ) ;
#2960 = LINE ( 'NONE', #2445, #2510 ) ;
#2961 = CARTESIAN_POINT ( 'NONE',  ( -18.50000000000001776, 5.000000000000000000, -173.9570600599757597 ) ) ;
#2962 = ORIENTED_EDGE ( 'NONE', *, *, #1957, .F. ) ;
#2963 = EDGE_CURVE ( 'NONE', #198, #2292, #1780, .T. ) ;
#2964 = DIRECTION ( 'NONE',  ( 0.000000000000000000, 0.000000000000000000, 1.000000000000000000 ) ) ;
#2965 = AXIS2_PLACEMENT_3D ( 'NONE', #329, #883, #136 ) ;
#2966 = ORIENTED_EDGE ( 'NONE', *, *, #2259, .T. ) ;
#2967 = DIRECTION ( 'NONE',  ( 0.000000000000000000, -1.000000000000000000, 0.000000000000000000 ) ) ;
#2968 = AXIS2_PLACEMENT_3D ( 'NONE', #923, #2847, #494 ) ;
#2969 = VECTOR ( 'NONE', #1374, 1000.000000000000000 ) ;
#2970 = VERTEX_POINT ( 'NONE', #644 ) ;
#2971 = PERSON_AND_ORGANIZATION ( #2389, #2950 ) ;
#2972 = AXIS2_PLACEMENT_3D ( 'NONE', #78, #1951, #250 ) ;
#2973 = CARTESIAN_POINT ( 'NONE',  ( -18.49999999999999289, 5.000000000000000000, -236.3429399400242232 ) ) ;
#2974 = CIRCLE ( 'NONE', #3073, 2.749999999999999112 ) ;
#2975 = ORIENTED_EDGE ( 'NONE', *, *, #2354, .T. ) ;
#2976 = DIRECTION ( 'NONE',  ( 0.000000000000000000, 1.000000000000000000, 0.000000000000000000 ) ) ;
#2977 = LINE ( 'NONE', #793, #2896 ) ;
#2978 = LINE ( 'NONE', #1241, #935 ) ;
#2979 = CARTESIAN_POINT ( 'NONE',  ( 36.00000000000000000, -20.00000000000000355, -110.0000000000000000 ) ) ;
#2980 = EDGE_CURVE ( 'NONE', #5, #1668, #3002, .T. ) ;
#2981 = ORIENTED_EDGE ( 'NONE', *, *, #2226, .T. ) ;
#2982 = DIRECTION ( 'NONE',  ( 0.000000000000000000, 0.000000000000000000, -1.000000000000000000 ) ) ;
#2983 = EDGE_LOOP ( 'NONE', ( #1936, #1208, #812, #1793 ) ) ;
#2984 = ORIENTED_EDGE ( 'NONE', *, *, #2726, .F. ) ;
#2985 = CALENDAR_DATE ( 2026, 24, 9 ) ;
#2986 = CARTESIAN_POINT ( 'NONE',  ( 8.000000000000000000, 18.00000000000000000, -318.0000000000000000 ) ) ;
#2987 = CC_DESIGN_PERSON_AND_ORGANIZATION_ASSIGNMENT ( #1748, #594, ( #200 ) ) ;
#2988 = ORIENTED_EDGE ( 'NONE', *, *, #2785, .T. ) ;
#2989 = LINE ( 'NONE', #2494, #1230 ) ;
#2990 = CARTESIAN_POINT ( 'NONE',  ( 12.24586983568288012, -34.00000000000000000, 29.56414504036117208 ) ) ;
#2991 = DIRECTION ( 'NONE',  ( -0.000000000000000000, -1.000000000000000000, -0.000000000000000000 ) ) ;
#2992 = CARTESIAN_POINT ( 'NONE',  ( -29.56414504036117918, -34.00000000000000000, 12.24586983568286946 ) ) ;
#2993 = DIRECTION ( 'NONE',  ( 1.000000000000000000, 0.000000000000000000, 0.000000000000000000 ) ) ;
#2994 = ORIENTED_EDGE ( 'NONE', *, *, #230, .F. ) ;
#2995 = ORIENTED_EDGE ( 'NONE', *, *, #699, .T. ) ;
#2996 = EDGE_CURVE ( 'NONE', #276, #1851, #1065, .T. ) ;
#2997 = ORIENTED_EDGE ( 'NONE', *, *, #330, .F. ) ;
#2998 = VECTOR ( 'NONE', #2791, 1000.000000000000000 ) ;
#2999 = PERSON_AND_ORGANIZATION_ROLE ( 'design_supplier' ) ;
#3000 = EDGE_CURVE ( 'NONE', #373, #1255, #1893, .T. ) ;
#3001 = CARTESIAN_POINT ( 'NONE',  ( -18.49999999999999289, 5.000000000000000000, -150.0429399400242119 ) ) ;
#3002 = CIRCLE ( 'NONE', #2437, 2.749999999999999112 ) ;
#3003 = EDGE_LOOP ( 'NONE', ( #973, #502 ) ) ;
#3004 = FACE_OUTER_BOUND ( 'NONE', #1519, .T. ) ;
#3005 = CARTESIAN_POINT ( 'NONE',  ( -30.00000000000000000, 5.000000000000000000, -66.00000000000000000 ) ) ;
#3006 = DIRECTION ( 'NONE',  ( 0.000000000000000000, 1.000000000000000000, 0.000000000000000000 ) ) ;
#3007 = FACE_OUTER_BOUND ( 'NONE', #2433, .T. ) ;
#3008 = PLANE ( 'NONE',  #2502 ) ;
#3009 = DIRECTION ( 'NONE',  ( 0.000000000000000000, 1.000000000000000000, 0.000000000000000000 ) ) ;
#3010 = EDGE_LOOP ( 'NONE', ( #611, #426, #927, #641 ) ) ;
#3011 = AXIS2_PLACEMENT_3D ( 'NONE', #1652, #2583, #1428 ) ;
#3012 = ADVANCED_FACE ( 'NONE', ( #1596, #1846 ), #3051, .F. ) ;
#3013 = AXIS2_PLACEMENT_3D ( 'NONE', #64, #2012, #2993 ) ;
#3014 = ORIENTED_EDGE ( 'NONE', *, *, #2682, .T. ) ;
#3015 = CARTESIAN_POINT ( 'NONE',  ( 34.00000000000000000, 5.000000000000000000, -110.0000000000000000 ) ) ;
#3016 = AXIS2_PLACEMENT_3D ( 'NONE', #735, #1677, #20 ) ;
#3017 = AXIS2_PLACEMENT_3D ( 'NONE', #217, #685, #1644 ) ;
#3018 = ADVANCED_FACE ( 'NONE', ( #164 ), #632, .F. ) ;
#3019 = ORIENTED_EDGE ( 'NONE', *, *, #298, .F. ) ;
#3020 = VECTOR ( 'NONE', #314, 1000.000000000000000 ) ;
#3021 = DIRECTION ( 'NONE',  ( -0.6246950475544239545, 0.000000000000000000, -0.7808688094430306093 ) ) ;
#3022 = CIRCLE ( 'NONE', #1537, 2.750000000000002665 ) ;
#3023 = CARTESIAN_POINT ( 'NONE',  ( -16.00000000000000000, 18.00000000000000000, -308.0000000000000000 ) ) ;
#3024 = DIRECTION ( 'NONE',  ( 0.000000000000000000, 0.000000000000000000, 1.000000000000000000 ) ) ;
#3025 = LINE ( 'NONE', #1347, #2561 ) ;
#3026 = VECTOR ( 'NONE', #1795, 1000.000000000000000 ) ;
#3027 = ADVANCED_FACE ( 'NONE', ( #194 ), #391, .T. ) ;
#3028 = DIRECTION ( 'NONE',  ( 0.000000000000000000, 0.000000000000000000, 1.000000000000000000 ) ) ;
#3029 = AXIS2_PLACEMENT_3D ( 'NONE', #1459, #1938, #294 ) ;
#3030 = DIRECTION ( 'NONE',  ( 0.000000000000000000, -1.000000000000000000, 0.000000000000000000 ) ) ;
#3031 = FACE_OUTER_BOUND ( 'NONE', #238, .T. ) ;
#3032 = VERTEX_POINT ( 'NONE', #1638 ) ;
#3033 = ORIENTED_EDGE ( 'NONE', *, *, #1523, .F. ) ;
#3034 = ADVANCED_FACE ( 'NONE', ( #915, #2573 ), #2874, .T. ) ;
#3035 = CARTESIAN_POINT ( 'NONE',  ( -18.49999999999999289, 5.000000000000000000, -239.7429399400242289 ) ) ;
#3036 = ORIENTED_EDGE ( 'NONE', *, *, #799, .T. ) ;
#3037 = DIRECTION ( 'NONE',  ( 0.000000000000000000, 0.000000000000000000, 1.000000000000000000 ) ) ;
#3038 = LINE ( 'NONE', #567, #456 ) ;
#3039 = FACE_OUTER_BOUND ( 'NONE', #1984, .T. ) ;
#3040 = FACE_OUTER_BOUND ( 'NONE', #2152, .T. ) ;
#3041 = EDGE_LOOP ( 'NONE', ( #2677, #2339 ) ) ;
#3042 = DIRECTION ( 'NONE',  ( 0.000000000000000000, 0.000000000000000000, 1.000000000000000000 ) ) ;
#3043 = DIRECTION ( 'NONE',  ( -0.000000000000000000, -1.000000000000000000, -0.000000000000000000 ) ) ;
#3044 = CYLINDRICAL_SURFACE ( 'NONE', #835, 2.750000000000002665 ) ;
#3045 = VERTEX_POINT ( 'NONE', #3066 ) ;
#3046 = EDGE_LOOP ( 'NONE', ( #1337, #1004, #215, #1708, #246, #879, #369, #1173, #584, #1570, #546, #944 ) ) ;
#3047 = ORIENTED_EDGE ( 'NONE', *, *, #949, .F. ) ;
#3048 = DIRECTION ( 'NONE',  ( -0.000000000000000000, -1.000000000000000000, -0.000000000000000000 ) ) ;
#3049 = EDGE_LOOP ( 'NONE', ( #836, #1602, #2899, #3047 ) ) ;
#3050 = CARTESIAN_POINT ( 'NONE',  ( 16.00000000000000000, -27.00000000000000000, -308.0000000000000000 ) ) ;
#3051 = PLANE ( 'NONE',  #1366 ) ;
#3052 = CC_DESIGN_APPROVAL ( #2559, ( #1162 ) ) ;
#3053 = DIRECTION ( 'NONE',  ( 0.000000000000000000, 1.000000000000000000, 0.000000000000000000 ) ) ;
#3054 = PLANE ( 'NONE',  #318 ) ;
#3055 = EDGE_CURVE ( 'NONE', #1806, #592, #1345, .T. ) ;
#3056 = CYLINDRICAL_SURFACE ( 'NONE', #2506, 2.750000000000002665 ) ;
#3057 = DIRECTION ( 'NONE',  ( 1.000000000000000000, 0.000000000000000000, 0.000000000000000000 ) ) ;
#3058 = EDGE_CURVE ( 'NONE', #2900, #3106, #2131, .T. ) ;
#3059 = AXIS2_PLACEMENT_3D ( 'NONE', #1716, #2183, #773 ) ;
#3060 = ORIENTED_EDGE ( 'NONE', *, *, #2271, .F. ) ;
#3061 = AXIS2_PLACEMENT_3D ( 'NONE', #2930, #2234, #1500 ) ;
#3062 = FACE_OUTER_BOUND ( 'NONE', #183, .T. ) ;
#3063 = VECTOR ( 'NONE', #2040, 1000.000000000000000 ) ;
#3064 = ORIENTED_EDGE ( 'NONE', *, *, #647, .T. ) ;
#3065 = FACE_OUTER_BOUND ( 'NONE', #498, .T. ) ;
#3066 = CARTESIAN_POINT ( 'NONE',  ( 30.00000000000000000, 5.000000000000000000, -264.0000000000000000 ) ) ;
#3067 = VECTOR ( 'NONE', #2546, 1000.000000000000000 ) ;
#3068 = DIRECTION ( 'NONE',  ( 0.000000000000000000, 0.000000000000000000, -1.000000000000000000 ) ) ;
#3069 = AXIS2_PLACEMENT_3D ( 'NONE', #239, #1394, #1155 ) ;
#3070 = VECTOR ( 'NONE', #332, 1000.000000000000000 ) ;
#3071 = FACE_OUTER_BOUND ( 'NONE', #2076, .T. ) ;
#3072 = CYLINDRICAL_SURFACE ( 'NONE', #1485, 11.00000000000001066 ) ;
#3073 = AXIS2_PLACEMENT_3D ( 'NONE', #1974, #722, #1254 ) ;
#3074 = ADVANCED_FACE ( 'NONE', ( #677 ), #2823, .F. ) ;
#3075 = DIRECTION ( 'NONE',  ( 0.000000000000000000, 0.000000000000000000, -1.000000000000000000 ) ) ;
#3076 = APPLICATION_CONTEXT ( 'configuration controlled 3d designs of mechanical parts and assemblies' ) ;
#3077 = ORIENTED_EDGE ( 'NONE', *, *, #2530, .F. ) ;
#3078 = DIRECTION ( 'NONE',  ( 0.000000000000000000, -1.000000000000000000, 0.000000000000000000 ) ) ;
#3079 = VERTEX_POINT ( 'NONE', #2099 ) ;
#3080 = DIRECTION ( 'NONE',  ( -0.000000000000000000, -1.000000000000000000, -0.000000000000000000 ) ) ;
#3081 = LINE ( 'NONE', #2836, #1613 ) ;
#3082 = CARTESIAN_POINT ( 'NONE',  ( -34.00000000000000000, 5.000000000000000000, -66.00000000000000000 ) ) ;
#3083 = ORIENTED_EDGE ( 'NONE', *, *, #2113, .T. ) ;
#3084 = CARTESIAN_POINT ( 'NONE',  ( 8.000000000000000000, 26.99999999999999645, -318.0000000000000000 ) ) ;
#3085 = CARTESIAN_POINT ( 'NONE',  ( 0.000000000000000000, 5.000000000000000000, -161.9999999999999716 ) ) ;
#3086 = ORIENTED_EDGE ( 'NONE', *, *, #1050, .F. ) ;
#3087 = VERTEX_POINT ( 'NONE', #2314 ) ;
#3088 = ADVANCED_FACE ( 'NONE', ( #2556 ), #2852, .F. ) ;
#3089 = ORIENTED_EDGE ( 'NONE', *, *, #2682, .F. ) ;
#3090 = CARTESIAN_POINT ( 'NONE',  ( 18.50000000000000355, 5.000000000000000000, -238.0429399400242119 ) ) ;
#3091 = ORIENTED_EDGE ( 'NONE', *, *, #2015, .T. ) ;
#3092 = DIRECTION ( 'NONE',  ( -0.000000000000000000, -1.000000000000000000, -0.000000000000000000 ) ) ;
#3093 = DIRECTION ( 'NONE',  ( 0.000000000000000000, -0.000000000000000000, -1.000000000000000000 ) ) ;
#3094 = DIRECTION ( 'NONE',  ( -0.000000000000000000, -1.000000000000000000, -0.000000000000000000 ) ) ;
#3095 = ORIENTED_EDGE ( 'NONE', *, *, #1177, .F. ) ;
#3096 = VERTEX_POINT ( 'NONE', #1136 ) ;
#3097 = ORIENTED_EDGE ( 'NONE', *, *, #3105, .T. ) ;
#3098 = AXIS2_PLACEMENT_3D ( 'NONE', #2908, #471, #2719 ) ;
#3099 = PLANE ( 'NONE',  #628 ) ;
#3100 = DIRECTION ( 'NONE',  ( -0.000000000000000000, -0.000000000000000000, -1.000000000000000000 ) ) ;
#3101 = CIRCLE ( 'NONE', #254, 2.750000000000002665 ) ;
#3102 = DIRECTION ( 'NONE',  ( 0.000000000000000000, 0.000000000000000000, -1.000000000000000000 ) ) ;
#3103 = ORIENTED_EDGE ( 'NONE', *, *, #1316, .F. ) ;
#3104 = CARTESIAN_POINT ( 'NONE',  ( -30.00000000000000000, 27.00000000000000000, -260.0000000000000000 ) ) ;
#3105 = EDGE_CURVE ( 'NONE', #94, #848, #3081, .T. ) ;
#3106 = VERTEX_POINT ( 'NONE', #1385 ) ;
#3107 = LINE ( 'NONE', #2340, #925 ) ;
#3108 = CARTESIAN_POINT ( 'NONE',  ( 18.50000000000000355, 5.000000000000000000, -173.9570600599757597 ) ) ;
#3109 = LINE ( 'NONE', #934, #986 ) ;
#3110 = AXIS2_PLACEMENT_3D ( 'NONE', #2218, #2731, #1513 ) ;
#3111 = ORIENTED_EDGE ( 'NONE', *, *, #425, .F. ) ;
#3112 = ORIENTED_EDGE ( 'NONE', *, *, #2089, .T. ) ;
#3113 = VECTOR ( 'NONE', #336, 1000.000000000000000 ) ;
#3114 = FACE_OUTER_BOUND ( 'NONE', #2358, .T. ) ;
#3115 = DIRECTION ( 'NONE',  ( 0.000000000000000000, 1.000000000000000000, 0.000000000000000000 ) ) ;
#3116 = ADVANCED_FACE ( 'NONE', ( #1106 ), #2112, .F. ) ;
#3117 = CIRCLE ( 'NONE', #2045, 2.749999999999999112 ) ;
#3118 = AXIS2_PLACEMENT_3D ( 'NONE', #1032, #2945, #1001 ) ;
#3119 = DIRECTION ( 'NONE',  ( -0.000000000000000000, -1.000000000000000000, -0.000000000000000000 ) ) ;
#3120 = VECTOR ( 'NONE', #2372, 1000.000000000000114 ) ;
#3121 = ORIENTED_EDGE ( 'NONE', *, *, #1777, .F. ) ;
#3122 = VECTOR ( 'NONE', #2783, 1000.000000000000000 ) ;
#3123 = CARTESIAN_POINT ( 'NONE',  ( 0.000000000000000000, -20.00000000000000355, -6.000000000000000000 ) ) ;
#3124 = ORIENTED_EDGE ( 'NONE', *, *, #1507, .F. ) ;
#3125 = CARTESIAN_POINT ( 'NONE',  ( -12.24586983568286414, -20.00000000000000355, 32.31414504036118274 ) ) ;
#3126 = FACE_OUTER_BOUND ( 'NONE', #2059, .T. ) ;
#3127 = CARTESIAN_POINT ( 'NONE',  ( -12.24586983568286414, -20.00000000000000355, 29.56414504036117918 ) ) ;
#3128 = ORIENTED_EDGE ( 'NONE', *, *, #2980, .T. ) ;
#3129 = ORIENTED_EDGE ( 'NONE', *, *, #1841, .F. ) ;
#3130 = EDGE_CURVE ( 'NONE', #2129, #2697, #2230, .T. ) ;
#3131 = DIRECTION ( 'NONE',  ( -0.000000000000000000, -1.000000000000000000, -0.000000000000000000 ) ) ;
#3132 = EDGE_CURVE ( 'NONE', #1117, #1039, #2148, .T. ) ;
#3133 = CARTESIAN_POINT ( 'NONE',  ( 0.000000000000000000, -5.000000000000000000, -169.9999999999999716 ) ) ;
#3134 = DIRECTION ( 'NONE',  ( 0.7808688094430306093, -0.000000000000000000, 0.6246950475544239545 ) ) ;
#3135 = ADVANCED_FACE ( 'NONE', ( #2197 ), #41, .F. ) ;
#3136 = CARTESIAN_POINT ( 'NONE',  ( 0.000000000000000000, -34.00000000000000000, 0.000000000000000000 ) ) ;
#3137 = ORIENTED_EDGE ( 'NONE', *, *, #2897, .T. ) ;
#3138 = EDGE_CURVE ( 'NONE', #1664, #579, #946, .T. ) ;
#3139 = PLANE ( 'NONE',  #1885 ) ;
#3140 = VERTEX_POINT ( 'NONE', #1713 ) ;
#3141 = LINE ( 'NONE', #945, #2291 ) ;
#3142 = CARTESIAN_POINT ( 'NONE',  ( 16.00000000000000000, 18.00000000000000000, -308.0000000000000000 ) ) ;
#3143 = ORIENTED_EDGE ( 'NONE', *, *, #2898, .T. ) ;
#3144 = VERTEX_POINT ( 'NONE', #1972 ) ;
#3145 = FACE_OUTER_BOUND ( 'NONE', #629, .T. ) ;
#3146 = LINE ( 'NONE', #2395, #2300 ) ;
#3147 = PLANE ( 'NONE',  #988 ) ;
#3148 = ADVANCED_FACE ( 'NONE', ( #3126 ), #753, .F. ) ;
#3149 = CIRCLE ( 'NONE', #197, 2.749999999999999112 ) ;
#3150 = CARTESIAN_POINT ( 'NONE',  ( 48.00000000000000000, -5.000000000000000000, -88.00000000000000000 ) ) ;
#3151 = EDGE_LOOP ( 'NONE', ( #1266, #1573, #1450, #1506 ) ) ;
#3152 = VERTEX_POINT ( 'NONE', #1908 ) ;
#3153 = ORIENTED_EDGE ( 'NONE', *, *, #873, .F. ) ;
#3154 = DIRECTION ( 'NONE',  ( 0.000000000000000000, 0.000000000000000000, 1.000000000000000000 ) ) ;
ENDSEC;
END-ISO-10303-21;
