ISO-10303-21;
HEADER;
FILE_DESCRIPTION (( 'STEP AP203' ),
    '1' );
FILE_NAME ('JX1_ShoulderPitchBracket_L.STEP',
    '2026-09-24T05:39:26',
    ( '' ),
    ( '' ),
    'SwSTEP 2.0',
    'SolidWorks 2026',
    '' );
FILE_SCHEMA (( 'CONFIG_CONTROL_DESIGN' ));
ENDSEC;

DATA;
#1 = ORIENTED_EDGE ( 'NONE', *, *, #85, .T. ) ;
#2 = EDGE_CURVE ( 'NONE', #91, #239, #1278, .T. ) ;
#3 = CARTESIAN_POINT ( 'NONE',  ( -85.49999999999998579, 45.00000000000000000, -34.70000000000000284 ) ) ;
#4 = PERSON_AND_ORGANIZATION_ROLE ( 'classification_officer' ) ;
#5 = VERTEX_POINT ( 'NONE', #1225 ) ;
#6 = EDGE_LOOP ( 'NONE', ( #1201, #558, #1222, #232 ) ) ;
#7 = VECTOR ( 'NONE', #981, 1000.000000000000000 ) ;
#8 = VERTEX_POINT ( 'NONE', #517 ) ;
#9 = CARTESIAN_POINT ( 'NONE',  ( 30.00000000000000000, 5.000000000000000000, 46.75000000000000000 ) ) ;
#10 = AXIS2_PLACEMENT_3D ( 'NONE', #1147, #978, #772 ) ;
#11 = ORIENTED_EDGE ( 'NONE', *, *, #1511, .F. ) ;
#12 = VECTOR ( 'NONE', #686, 1000.000000000000000 ) ;
#13 = DIRECTION ( 'NONE',  ( -1.000000000000000000, -0.000000000000000000, -0.000000000000000000 ) ) ;
#14 = ORIENTED_EDGE ( 'NONE', *, *, #1388, .T. ) ;
#15 = EDGE_LOOP ( 'NONE', ( #19, #1187 ) ) ;
#16 = DIRECTION ( 'NONE',  ( -1.000000000000000000, -0.000000000000000000, -0.000000000000000000 ) ) ;
#17 = ORIENTED_EDGE ( 'NONE', *, *, #1313, .T. ) ;
#18 = ORIENTED_EDGE ( 'NONE', *, *, #501, .T. ) ;
#19 = ORIENTED_EDGE ( 'NONE', *, *, #380, .F. ) ;
#20 = EDGE_CURVE ( 'NONE', #239, #479, #1484, .T. ) ;
#21 = DIRECTION ( 'NONE',  ( 0.000000000000000000, 1.000000000000000000, 0.000000000000000000 ) ) ;
#22 = VERTEX_POINT ( 'NONE', #995 ) ;
#23 = ORIENTED_EDGE ( 'NONE', *, *, #1000, .F. ) ;
#24 = ADVANCED_FACE ( 'NONE', ( #1491, #156, #1495, #497, #623, #1122, #1477, #866 ), #267, .T. ) ;
#25 = CARTESIAN_POINT ( 'NONE',  ( -90.50000000000000000, 45.00000000000000711, 31.30000000000000071 ) ) ;
#26 = UNCERTAINTY_MEASURE_WITH_UNIT (LENGTH_MEASURE( 1.000000000000000082E-05 ), #672, 'distance_accuracy_value', 'NONE');
#27 = AXIS2_PLACEMENT_3D ( 'NONE', #1271, #651, #1289 ) ;
#28 = CIRCLE ( 'NONE', #1228, 1.700000000000000178 ) ;
#29 = DIRECTION ( 'NONE',  ( 0.000000000000000000, 0.000000000000000000, 1.000000000000000000 ) ) ;
#30 = AXIS2_PLACEMENT_3D ( 'NONE', #756, #393, #298 ) ;
#31 = VERTEX_POINT ( 'NONE', #1239 ) ;
#32 = CIRCLE ( 'NONE', #887, 15.15000000000000036 ) ;
#33 = VERTEX_POINT ( 'NONE', #1369 ) ;
#34 = CYLINDRICAL_SURFACE ( 'NONE', #1335, 1.700000000000000178 ) ;
#35 = CARTESIAN_POINT ( 'NONE',  ( -90.50000000000000000, 45.00000000000000000, -33.00000000000000000 ) ) ;
#36 = ORIENTED_EDGE ( 'NONE', *, *, #1024, .F. ) ;
#37 = DIRECTION ( 'NONE',  ( -1.000000000000000000, -0.000000000000000000, -0.000000000000000000 ) ) ;
#38 = EDGE_CURVE ( 'NONE', #528, #1432, #394, .T. ) ;
#39 = ORIENTED_EDGE ( 'NONE', *, *, #326, .F. ) ;
#40 = LINE ( 'NONE', #367, #1533 ) ;
#41 = ORIENTED_EDGE ( 'NONE', *, *, #119, .T. ) ;
#42 = CARTESIAN_POINT ( 'NONE',  ( 20.00000000000000000, 0.000000000000000000, -1.700000000000000178 ) ) ;
#43 = VERTEX_POINT ( 'NONE', #883 ) ;
#44 = EDGE_CURVE ( 'NONE', #1455, #117, #1527, .T. ) ;
#45 = ORIENTED_EDGE ( 'NONE', *, *, #160, .T. ) ;
#46 = CARTESIAN_POINT ( 'NONE',  ( -10.00000000000000888, 5.000000000000000000, 19.02050807568877033 ) ) ;
#47 = AXIS2_PLACEMENT_3D ( 'NONE', #1161, #1032, #445 ) ;
#48 = ORIENTED_EDGE ( 'NONE', *, *, #473, .T. ) ;
#49 = AXIS2_PLACEMENT_3D ( 'NONE', #822, #1319, #502 ) ;
#50 = CIRCLE ( 'NONE', #241, 15.15000000000000036 ) ;
#51 = EDGE_CURVE ( 'NONE', #802, #327, #1472, .T. ) ;
#52 = DIRECTION ( 'NONE',  ( 0.000000000000000000, 1.000000000000000000, 0.000000000000000000 ) ) ;
#53 = AXIS2_PLACEMENT_3D ( 'NONE', #1315, #702, #934 ) ;
#54 = AXIS2_PLACEMENT_3D ( 'NONE', #242, #1174, #1185 ) ;
#55 = EDGE_CURVE ( 'NONE', #734, #741, #259, .T. ) ;
#56 = VECTOR ( 'NONE', #225, 1000.000000000000000 ) ;
#57 = ORIENTED_EDGE ( 'NONE', *, *, #535, .F. ) ;
#58 = CARTESIAN_POINT ( 'NONE',  ( -90.50000000000000000, 16.42116167511352742, 16.50000000000001421 ) ) ;
#59 = EDGE_LOOP ( 'NONE', ( #907, #1423, #621, #859 ) ) ;
#60 = CYLINDRICAL_SURFACE ( 'NONE', #1333, 1.700000000000000178 ) ;
#61 = LINE ( 'NONE', #972, #716 ) ;
#62 = EDGE_CURVE ( 'NONE', #828, #479, #837, .T. ) ;
#63 = DIRECTION ( 'NONE',  ( 0.000000000000000000, -1.000000000000000000, 0.000000000000000000 ) ) ;
#64 = CARTESIAN_POINT ( 'NONE',  ( -45.00000000000000000, 5.000000000000000000, -46.75000000000000000 ) ) ;
#65 = DIRECTION ( 'NONE',  ( 0.000000000000000000, 0.000000000000000000, -1.000000000000000000 ) ) ;
#66 = EDGE_LOOP ( 'NONE', ( #942, #1206, #458, #960 ) ) ;
#67 = CARTESIAN_POINT ( 'NONE',  ( -85.49999999999998579, 45.00000000000000000, 0.000000000000000000 ) ) ;
#68 = DIRECTION ( 'NONE',  ( -0.000000000000000000, -0.000000000000000000, -1.000000000000000000 ) ) ;
#69 = ADVANCED_FACE ( 'NONE', ( #412 ), #295, .F. ) ;
#70 = CARTESIAN_POINT ( 'NONE',  ( -90.50000000000000000, 16.42116167511352387, -14.80000000000000426 ) ) ;
#71 = DIRECTION ( 'NONE',  ( 0.000000000000000000, 0.000000000000000000, 1.000000000000000000 ) ) ;
#72 = PLANE ( 'NONE',  #838 ) ;
#73 = CARTESIAN_POINT ( 'NONE',  ( 10.00000000000000178, 5.000000000000000000, -17.32050807568877460 ) ) ;
#74 = ORIENTED_EDGE ( 'NONE', *, *, #85, .F. ) ;
#75 = AXIS2_PLACEMENT_3D ( 'NONE', #322, #903, #1397 ) ;
#76 = CARTESIAN_POINT ( 'NONE',  ( 10.00000000000000178, 0.000000000000000000, -17.32050807568877460 ) ) ;
#77 = CARTESIAN_POINT ( 'NONE',  ( 10.00000000000000178, 5.000000000000000000, 19.02050807568877389 ) ) ;
#78 = ADVANCED_FACE ( 'NONE', ( #1295 ), #1151, .F. ) ;
#79 = CIRCLE ( 'NONE', #1287, 1.700000000000000178 ) ;
#80 = CARTESIAN_POINT ( 'NONE',  ( -85.49999999999998579, 73.57883832488647613, 18.19999999999999574 ) ) ;
#81 = FACE_BOUND ( 'NONE', #486, .T. ) ;
#82 = CYLINDRICAL_SURFACE ( 'NONE', #1120, 1.700000000000000178 ) ;
#83 = CARTESIAN_POINT ( 'NONE',  ( 0.000000000000000000, 5.000000000000000000, -41.75000000000000000 ) ) ;
#84 = ORIENTED_EDGE ( 'NONE', *, *, #935, .F. ) ;
#85 = EDGE_CURVE ( 'NONE', #1467, #1074, #774, .T. ) ;
#86 = FACE_OUTER_BOUND ( 'NONE', #1417, .T. ) ;
#87 = ORIENTED_EDGE ( 'NONE', *, *, #805, .F. ) ;
#88 = LINE ( 'NONE', #931, #1148 ) ;
#89 = DIRECTION ( 'NONE',  ( 0.000000000000000000, 0.000000000000000000, 1.000000000000000000 ) ) ;
#90 = LINE ( 'NONE', #1155, #1337 ) ;
#91 = VERTEX_POINT ( 'NONE', #1515 ) ;
#92 = EDGE_CURVE ( 'NONE', #293, #583, #881, .T. ) ;
#93 = EDGE_LOOP ( 'NONE', ( #181, #836, #1076, #1137 ) ) ;
#94 = CARTESIAN_POINT ( 'NONE',  ( -85.49999999999998579, 16.42116167511352742, 14.80000000000001492 ) ) ;
#95 = DIRECTION ( 'NONE',  ( -1.000000000000000000, 0.000000000000000000, 0.000000000000000000 ) ) ;
#96 = CARTESIAN_POINT ( 'NONE',  ( -45.00000000000000000, 0.000000000000000000, 41.75000000000000000 ) ) ;
#97 = CYLINDRICAL_SURFACE ( 'NONE', #918, 1.700000000000000178 ) ;
#98 = EDGE_CURVE ( 'NONE', #950, #1276, #1433, .T. ) ;
#99 = DIRECTION ( 'NONE',  ( 0.000000000000000000, 1.000000000000000000, 0.000000000000000000 ) ) ;
#100 = VECTOR ( 'NONE', #1249, 1000.000000000000000 ) ;
#101 = CARTESIAN_POINT ( 'NONE',  ( 0.000000000000000000, 0.000000000000000000, -41.75000000000000000 ) ) ;
#102 = AXIS2_PLACEMENT_3D ( 'NONE', #1535, #1496, #670 ) ;
#103 = DIRECTION ( 'NONE',  ( 0.000000000000000000, 0.000000000000000000, 1.000000000000000000 ) ) ;
#104 = APPLICATION_PROTOCOL_DEFINITION ( 'international standard', 'config_control_design', 1994, #705 ) ;
#105 = VERTEX_POINT ( 'NONE', #207 ) ;
#106 = LINE ( 'NONE', #589, #785 ) ;
#107 = CYLINDRICAL_SURFACE ( 'NONE', #384, 1.700000000000000178 ) ;
#108 = FACE_BOUND ( 'NONE', #946, .T. ) ;
#109 = DIRECTION ( 'NONE',  ( 0.000000000000000000, 1.000000000000000000, 0.000000000000000000 ) ) ;
#110 = ORIENTED_EDGE ( 'NONE', *, *, #155, .T. ) ;
#111 = ORIENTED_EDGE ( 'NONE', *, *, #273, .T. ) ;
#112 = DIRECTION ( 'NONE',  ( 0.000000000000000000, 1.000000000000000000, 0.000000000000000000 ) ) ;
#113 = SECURITY_CLASSIFICATION_LEVEL ( 'unclassified' ) ;
#114 = EDGE_LOOP ( 'NONE', ( #214, #835, #126, #123 ) ) ;
#115 = FACE_OUTER_BOUND ( 'NONE', #1167, .T. ) ;
#116 = EDGE_CURVE ( 'NONE', #234, #31, #381, .T. ) ;
#117 = VERTEX_POINT ( 'NONE', #70 ) ;
#118 = ORIENTED_EDGE ( 'NONE', *, *, #62, .T. ) ;
#119 = EDGE_CURVE ( 'NONE', #845, #528, #88, .T. ) ;
#120 = LINE ( 'NONE', #930, #436 ) ;
#121 = PRODUCT ( 'JX1_ShoulderPitchBracket_L', 'JX1_ShoulderPitchBracket_L', '', ( #710 ) ) ;
#122 = AXIS2_PLACEMENT_3D ( 'NONE', #550, #1517, #421 ) ;
#123 = ORIENTED_EDGE ( 'NONE', *, *, #1541, .F. ) ;
#124 = DIRECTION ( 'NONE',  ( 0.000000000000000000, 0.000000000000000000, 1.000000000000000000 ) ) ;
#125 = AXIS2_PLACEMENT_3D ( 'NONE', #490, #1379, #1099 ) ;
#126 = ORIENTED_EDGE ( 'NONE', *, *, #640, .F. ) ;
#127 = AXIS2_PLACEMENT_3D ( 'NONE', #1093, #753, #1348 ) ;
#128 = AXIS2_PLACEMENT_3D ( 'NONE', #1163, #193, #317 ) ;
#129 = ORIENTED_EDGE ( 'NONE', *, *, #912, .F. ) ;
#130 = ADVANCED_FACE ( 'NONE', ( #782 ), #1282, .T. ) ;
#131 = EDGE_LOOP ( 'NONE', ( #228, #830 ) ) ;
#132 = VERTEX_POINT ( 'NONE', #313 ) ;
#133 = DIRECTION ( 'NONE',  ( -0.000000000000000000, -1.000000000000000000, -0.000000000000000000 ) ) ;
#134 = CARTESIAN_POINT ( 'NONE',  ( -90.50000000000000000, 73.57883832488647613, -16.50000000000000355 ) ) ;
#135 = LINE ( 'NONE', #1082, #1382 ) ;
#136 = LINE ( 'NONE', #9, #616 ) ;
#137 = ORIENTED_EDGE ( 'NONE', *, *, #1223, .F. ) ;
#138 = ORIENTED_EDGE ( 'NONE', *, *, #521, .F. ) ;
#139 = CARTESIAN_POINT ( 'NONE',  ( -90.50000000000000000, 5.000000000000000000, 46.75000000000000000 ) ) ;
#140 = ADVANCED_FACE ( 'NONE', ( #1418 ), #213, .F. ) ;
#141 = PLANE ( 'NONE',  #1150 ) ;
#142 = ORIENTED_EDGE ( 'NONE', *, *, #1202, .T. ) ;
#143 = CARTESIAN_POINT ( 'NONE',  ( -85.49999999999998579, 73.57883832488647613, 16.49999999999999289 ) ) ;
#144 = ORIENTED_EDGE ( 'NONE', *, *, #552, .F. ) ;
#145 = EDGE_CURVE ( 'NONE', #761, #1327, #549, .T. ) ;
#146 = EDGE_CURVE ( 'NONE', #105, #1469, #913, .T. ) ;
#147 = LINE ( 'NONE', #375, #538 ) ;
#148 = CIRCLE ( 'NONE', #1405, 5.000000000000000000 ) ;
#149 = VERTEX_POINT ( 'NONE', #532 ) ;
#150 = VECTOR ( 'NONE', #595, 1000.000000000000000 ) ;
#151 = DIRECTION ( 'NONE',  ( 1.000000000000000000, 0.000000000000000000, 0.000000000000000000 ) ) ;
#152 = CIRCLE ( 'NONE', #245, 1.700000000000000178 ) ;
#153 = VECTOR ( 'NONE', #1288, 1000.000000000000000 ) ;
#154 = DIRECTION ( 'NONE',  ( -1.000000000000000000, -0.000000000000000000, -0.000000000000000000 ) ) ;
#155 = EDGE_CURVE ( 'NONE', #976, #22, #426, .T. ) ;
#156 = FACE_BOUND ( 'NONE', #1326, .T. ) ;
#157 = DIRECTION ( 'NONE',  ( 0.000000000000000000, 0.000000000000000000, 1.000000000000000000 ) ) ;
#158 = DIRECTION ( 'NONE',  ( -0.000000000000000000, -1.000000000000000000, -0.000000000000000000 ) ) ;
#159 = EDGE_LOOP ( 'NONE', ( #87, #432, #973, #1520 ) ) ;
#160 = EDGE_CURVE ( 'NONE', #349, #1084, #28, .T. ) ;
#161 = CARTESIAN_POINT ( 'NONE',  ( -20.00000000000000000, 5.000000000000000000, -2.449293598294706513E-15 ) ) ;
#162 = ORIENTED_EDGE ( 'NONE', *, *, #694, .T. ) ;
#163 = CARTESIAN_POINT ( 'NONE',  ( 10.00000000000000178, 5.000000000000000000, 17.32050807568877460 ) ) ;
#164 = ADVANCED_FACE ( 'NONE', ( #1008 ), #107, .F. ) ;
#165 = VERTEX_POINT ( 'NONE', #956 ) ;
#166 = CARTESIAN_POINT ( 'NONE',  ( -85.49999999999998579, 16.42116167511352742, 18.20000000000001350 ) ) ;
#167 = ORIENTED_EDGE ( 'NONE', *, *, #1104, .F. ) ;
#168 = AXIS2_PLACEMENT_3D ( 'NONE', #218, #1540, #1195 ) ;
#169 = VECTOR ( 'NONE', #827, 1000.000000000000000 ) ;
#170 = DIRECTION ( 'NONE',  ( -0.000000000000000000, -1.000000000000000000, -0.000000000000000000 ) ) ;
#171 = VECTOR ( 'NONE', #170, 1000.000000000000000 ) ;
#172 = EDGE_CURVE ( 'NONE', #583, #293, #964, .T. ) ;
#173 = LINE ( 'NONE', #410, #1308 ) ;
#174 = CALENDAR_DATE ( 2026, 24, 9 ) ;
#175 = ORGANIZATION ( 'UNSPECIFIED', 'UNSPECIFIED', '' ) ;
#176 = DIRECTION ( 'NONE',  ( 0.000000000000000000, 1.000000000000000000, 0.000000000000000000 ) ) ;
#177 = CARTESIAN_POINT ( 'NONE',  ( -90.50000000000000000, 0.000000000000000000, 46.75000000000000000 ) ) ;
#178 = ORIENTED_EDGE ( 'NONE', *, *, #1490, .T. ) ;
#179 = CARTESIAN_POINT ( 'NONE',  ( 30.00000000000000000, 5.000000000000000000, -46.75000000000000000 ) ) ;
#180 = FACE_BOUND ( 'NONE', #763, .T. ) ;
#181 = ORIENTED_EDGE ( 'NONE', *, *, #521, .T. ) ;
#182 = CARTESIAN_POINT ( 'NONE',  ( -85.49999999999998579, 16.42116167511352742, 16.50000000000001421 ) ) ;
#183 = FACE_BOUND ( 'NONE', #818, .T. ) ;
#184 = CARTESIAN_POINT ( 'NONE',  ( 0.000000000000000000, 2.200000000000000178, 0.000000000000000000 ) ) ;
#185 = DIRECTION ( 'NONE',  ( 0.000000000000000000, 1.000000000000000000, 0.000000000000000000 ) ) ;
#186 = VERTEX_POINT ( 'NONE', #451 ) ;
#187 = DIRECTION ( 'NONE',  ( -1.000000000000000000, -0.000000000000000000, -0.000000000000000000 ) ) ;
#188 = APPROVAL ( #573, 'UNSPECIFIED' ) ;
#189 = DIRECTION ( 'NONE',  ( 0.000000000000000000, 0.000000000000000000, -1.000000000000000000 ) ) ;
#190 = EDGE_CURVE ( 'NONE', #953, #761, #647, .T. ) ;
#191 = DIRECTION ( 'NONE',  ( 0.000000000000000000, 0.000000000000000000, -1.000000000000000000 ) ) ;
#192 = CARTESIAN_POINT ( 'NONE',  ( -45.00000000000000000, 5.000000000000000000, -41.75000000000000000 ) ) ;
#193 = DIRECTION ( 'NONE',  ( 1.000000000000000000, 0.000000000000000000, 0.000000000000000000 ) ) ;
#194 = LINE ( 'NONE', #1020, #171 ) ;
#195 = AXIS2_PLACEMENT_3D ( 'NONE', #1398, #1291, #534 ) ;
#196 = ORIENTED_EDGE ( 'NONE', *, *, #937, .F. ) ;
#197 = DIRECTION ( 'NONE',  ( 0.000000000000000000, 0.000000000000000000, -1.000000000000000000 ) ) ;
#198 = AXIS2_PLACEMENT_3D ( 'NONE', #35, #291, #197 ) ;
#199 = AXIS2_PLACEMENT_3D ( 'NONE', #810, #1328, #684 ) ;
#200 = AXIS2_PLACEMENT_3D ( 'NONE', #1294, #461, #212 ) ;
#201 = CARTESIAN_POINT ( 'NONE',  ( -90.50000000000000000, 5.000000000000000000, -46.75000000000000000 ) ) ;
#202 = CARTESIAN_POINT ( 'NONE',  ( -90.50000000000000000, 73.57883832488647613, 16.49999999999999289 ) ) ;
#203 = CARTESIAN_POINT ( 'NONE',  ( -90.50000000000000000, 16.42116167511352742, 14.80000000000001492 ) ) ;
#204 = EDGE_CURVE ( 'NONE', #1469, #850, #1366, .T. ) ;
#205 = DIRECTION ( 'NONE',  ( 1.000000000000000000, 0.000000000000000000, 0.000000000000000000 ) ) ;
#206 = CARTESIAN_POINT ( 'NONE',  ( 30.00000000000000000, 0.000000000000000000, 46.75000000000000000 ) ) ;
#207 = CARTESIAN_POINT ( 'NONE',  ( 10.00000000000000178, 5.000000000000000000, -15.62050807568877353 ) ) ;
#208 = EDGE_LOOP ( 'NONE', ( #1267, #392, #1156, #1233, #439, #898 ) ) ;
#209 = CARTESIAN_POINT ( 'NONE',  ( -20.00000000000000000, 5.000000000000000000, 1.699999999999997735 ) ) ;
#210 = DIRECTION ( 'NONE',  ( 0.000000000000000000, 0.000000000000000000, 1.000000000000000000 ) ) ;
#211 = ORIENTED_EDGE ( 'NONE', *, *, #55, .F. ) ;
#212 = DIRECTION ( 'NONE',  ( 0.000000000000000000, 0.000000000000000000, 1.000000000000000000 ) ) ;
#213 = CYLINDRICAL_SURFACE ( 'NONE', #47, 1.700000000000000178 ) ;
#214 = ORIENTED_EDGE ( 'NONE', *, *, #98, .T. ) ;
#215 = FACE_BOUND ( 'NONE', #1197, .T. ) ;
#216 = DIRECTION ( 'NONE',  ( 0.000000000000000000, 0.000000000000000000, 1.000000000000000000 ) ) ;
#217 = LINE ( 'NONE', #1518, #791 ) ;
#218 = CARTESIAN_POINT ( 'NONE',  ( 0.000000000000000000, 5.000000000000000000, 0.000000000000000000 ) ) ;
#219 = AXIS2_PLACEMENT_3D ( 'NONE', #1175, #1026, #775 ) ;
#220 = AXIS2_PLACEMENT_3D ( 'NONE', #1015, #283, #1500 ) ;
#221 = ORIENTED_EDGE ( 'NONE', *, *, #146, .F. ) ;
#222 = DIRECTION ( 'NONE',  ( 1.000000000000000000, 0.000000000000000000, 0.000000000000000000 ) ) ;
#223 = LINE ( 'NONE', #1191, #945 ) ;
#224 = ORIENTED_EDGE ( 'NONE', *, *, #294, .F. ) ;
#225 = DIRECTION ( 'NONE',  ( 0.000000000000000000, 0.000000000000000000, 1.000000000000000000 ) ) ;
#226 = ADVANCED_FACE ( 'NONE', ( #499 ), #254, .F. ) ;
#227 = ORIENTED_EDGE ( 'NONE', *, *, #1395, .T. ) ;
#228 = ORIENTED_EDGE ( 'NONE', *, *, #861, .F. ) ;
#229 = CARTESIAN_POINT ( 'NONE',  ( 10.00000000000000178, 5.000000000000000000, -17.32050807568877460 ) ) ;
#230 = EDGE_LOOP ( 'NONE', ( #1184, #1428, #1487, #385 ) ) ;
#231 = DIRECTION ( 'NONE',  ( -1.000000000000000000, -0.000000000000000000, -0.000000000000000000 ) ) ;
#232 = ORIENTED_EDGE ( 'NONE', *, *, #1216, .F. ) ;
#233 = VERTEX_POINT ( 'NONE', #620 ) ;
#234 = VERTEX_POINT ( 'NONE', #268 ) ;
#235 = CARTESIAN_POINT ( 'NONE',  ( 10.00000000000000178, 5.000000000000000000, 17.32050807568877460 ) ) ;
#236 = CARTESIAN_POINT ( 'NONE',  ( 0.000000000000000000, 0.000000000000000000, 0.000000000000000000 ) ) ;
#237 = EDGE_LOOP ( 'NONE', ( #598, #1060 ) ) ;
#238 = CARTESIAN_POINT ( 'NONE',  ( -85.49999999999998579, 73.57883832488647613, 14.79999999999999361 ) ) ;
#239 = VERTEX_POINT ( 'NONE', #747 ) ;
#240 = AXIS2_PLACEMENT_3D ( 'NONE', #1427, #1173, #1522 ) ;
#241 = AXIS2_PLACEMENT_3D ( 'NONE', #184, #652, #685 ) ;
#242 = CARTESIAN_POINT ( 'NONE',  ( -85.49999999999998579, 73.57883832488647613, -16.50000000000000355 ) ) ;
#243 = DIRECTION ( 'NONE',  ( -0.000000000000000000, -1.000000000000000000, -0.000000000000000000 ) ) ;
#244 = ORIENTED_EDGE ( 'NONE', *, *, #51, .F. ) ;
#245 = AXIS2_PLACEMENT_3D ( 'NONE', #1508, #894, #1391 ) ;
#246 = EDGE_CURVE ( 'NONE', #43, #1126, #1103, .T. ) ;
#247 = AXIS2_PLACEMENT_3D ( 'NONE', #1181, #923, #1056 ) ;
#248 = ORIENTED_EDGE ( 'NONE', *, *, #1238, .F. ) ;
#249 = ORIENTED_EDGE ( 'NONE', *, *, #204, .F. ) ;
#250 = DIRECTION ( 'NONE',  ( 0.000000000000000000, 0.000000000000000000, 1.000000000000000000 ) ) ;
#251 = FACE_OUTER_BOUND ( 'NONE', #607, .T. ) ;
#252 = DIRECTION ( 'NONE',  ( -0.000000000000000000, -1.000000000000000000, -0.000000000000000000 ) ) ;
#253 = FACE_OUTER_BOUND ( 'NONE', #878, .T. ) ;
#254 = CYLINDRICAL_SURFACE ( 'NONE', #1530, 1.700000000000000178 ) ;
#255 = MANIFOLD_SOLID_BREP ( 'Bottom_Plate', #1172 ) ;
#256 = VERTEX_POINT ( 'NONE', #263 ) ;
#257 = ORIENTED_EDGE ( 'NONE', *, *, #987, .F. ) ;
#258 = LINE ( 'NONE', #808, #467 ) ;
#259 = CIRCLE ( 'NONE', #860, 1.700000000000000178 ) ;
#260 = CARTESIAN_POINT ( 'NONE',  ( -10.00000000000000888, 5.000000000000000000, 15.62050807568876998 ) ) ;
#261 = AXIS2_PLACEMENT_3D ( 'NONE', #235, #109, #124 ) ;
#262 = LINE ( 'NONE', #742, #388 ) ;
#263 = CARTESIAN_POINT ( 'NONE',  ( -9.999999999999994671, 5.000000000000000000, -15.62050807568877353 ) ) ;
#264 = VECTOR ( 'NONE', #1476, 1000.000000000000000 ) ;
#265 = VERTEX_POINT ( 'NONE', #42 ) ;
#266 = EDGE_CURVE ( 'NONE', #1358, #1467, #1501, .T. ) ;
#267 = PLANE ( 'NONE',  #1303 ) ;
#268 = CARTESIAN_POINT ( 'NONE',  ( -20.00000000000000000, 0.000000000000000000, 1.699999999999997735 ) ) ;
#269 = VERTEX_POINT ( 'NONE', #637 ) ;
#270 = APPROVAL ( #780, 'UNSPECIFIED' ) ;
#271 = CARTESIAN_POINT ( 'NONE',  ( -85.49999999999998579, 0.000000000000000000, 0.000000000000000000 ) ) ;
#272 = CARTESIAN_POINT ( 'NONE',  ( -9.999999999999994671, 5.000000000000000000, -17.32050807568877460 ) ) ;
#273 = EDGE_CURVE ( 'NONE', #567, #1079, #406, .T. ) ;
#274 = EDGE_LOOP ( 'NONE', ( #814, #162 ) ) ;
#275 = CARTESIAN_POINT ( 'NONE',  ( 10.00000000000000178, 0.000000000000000000, -19.02050807568877389 ) ) ;
#276 = CARTESIAN_POINT ( 'NONE',  ( 6.123233995736766282E-16, 5.000000000000000000, 5.000000000000000000 ) ) ;
#277 = ORIENTED_EDGE ( 'NONE', *, *, #729, .F. ) ;
#278 = CARTESIAN_POINT ( 'NONE',  ( -85.49999999999998579, 73.57883832488647613, -16.50000000000000355 ) ) ;
#279 = DIRECTION ( 'NONE',  ( 0.000000000000000000, 0.000000000000000000, 1.000000000000000000 ) ) ;
#280 = EDGE_LOOP ( 'NONE', ( #23, #221 ) ) ;
#281 = EDGE_CURVE ( 'NONE', #91, #828, #1115, .T. ) ;
#282 = VECTOR ( 'NONE', #377, 1000.000000000000000 ) ;
#283 = DIRECTION ( 'NONE',  ( 0.000000000000000000, 0.000000000000000000, 1.000000000000000000 ) ) ;
#284 = AXIS2_PLACEMENT_3D ( 'NONE', #1081, #961, #989 ) ;
#285 = DIRECTION ( 'NONE',  ( 0.000000000000000000, -0.000000000000000000, 1.000000000000000000 ) ) ;
#286 = ORIENTED_EDGE ( 'NONE', *, *, #312, .T. ) ;
#287 = DIRECTION ( 'NONE',  ( 0.000000000000000000, 0.000000000000000000, 1.000000000000000000 ) ) ;
#288 = CARTESIAN_POINT ( 'NONE',  ( -85.49999999999998579, 16.42116167511352742, 18.20000000000001350 ) ) ;
#289 = ORIENTED_EDGE ( 'NONE', *, *, #1270, .F. ) ;
#290 = LINE ( 'NONE', #179, #100 ) ;
#291 = DIRECTION ( 'NONE',  ( 1.000000000000000000, 0.000000000000000000, 0.000000000000000000 ) ) ;
#292 = ADVANCED_FACE ( 'NONE', ( #1235 ), #512, .F. ) ;
#293 = VERTEX_POINT ( 'NONE', #872 ) ;
#294 = EDGE_CURVE ( 'NONE', #186, #165, #1376, .T. ) ;
#295 = CYLINDRICAL_SURFACE ( 'NONE', #27, 1.700000000000000178 ) ;
#296 = FACE_OUTER_BOUND ( 'NONE', #580, .T. ) ;
#297 = ORIENTED_EDGE ( 'NONE', *, *, #1330, .T. ) ;
#298 = DIRECTION ( 'NONE',  ( 0.000000000000000000, 0.000000000000000000, 1.000000000000000000 ) ) ;
#299 = FACE_OUTER_BOUND ( 'NONE', #795, .T. ) ;
#300 = ADVANCED_FACE ( 'NONE', ( #985 ), #1370, .F. ) ;
#301 = CARTESIAN_POINT ( 'NONE',  ( -85.49999999999998579, 86.75000000000000000, -46.75000000000000000 ) ) ;
#302 = CARTESIAN_POINT ( 'NONE',  ( 20.00000000000000000, 5.000000000000000000, 1.700000000000000178 ) ) ;
#303 = DIRECTION ( 'NONE',  ( 0.000000000000000000, 0.000000000000000000, 1.000000000000000000 ) ) ;
#304 = VECTOR ( 'NONE', #683, 1000.000000000000000 ) ;
#305 = VECTOR ( 'NONE', #1422, 1000.000000000000000 ) ;
#306 = AXIS2_PLACEMENT_3D ( 'NONE', #917, #804, #678 ) ;
#307 = VERTEX_POINT ( 'NONE', #1125 ) ;
#308 = CARTESIAN_POINT ( 'NONE',  ( 0.000000000000000000, 5.000000000000000000, 0.000000000000000000 ) ) ;
#309 = VECTOR ( 'NONE', #1129, 1000.000000000000000 ) ;
#310 = DIRECTION ( 'NONE',  ( 0.000000000000000000, 0.000000000000000000, 1.000000000000000000 ) ) ;
#311 =( GEOMETRIC_REPRESENTATION_CONTEXT ( 3 ) GLOBAL_UNCERTAINTY_ASSIGNED_CONTEXT ( ( #26 ) ) GLOBAL_UNIT_ASSIGNED_CONTEXT ( ( #672, #1316, #833 ) ) REPRESENTATION_CONTEXT ( 'NONE', 'WORKASPACE' ) );
#312 = EDGE_CURVE ( 'NONE', #455, #1434, #737, .T. ) ;
#313 = CARTESIAN_POINT ( 'NONE',  ( 10.00000000000000178, 0.000000000000000000, 19.02050807568877389 ) ) ;
#314 = ORIENTED_EDGE ( 'NONE', *, *, #55, .T. ) ;
#315 = LINE ( 'NONE', #1168, #1207 ) ;
#316 = CARTESIAN_POINT ( 'NONE',  ( -10.00000000000000888, 0.000000000000000000, 17.32050807568877104 ) ) ;
#317 = DIRECTION ( 'NONE',  ( 0.000000000000000000, 0.000000000000000000, -1.000000000000000000 ) ) ;
#318 = ORIENTED_EDGE ( 'NONE', *, *, #380, .T. ) ;
#319 = CARTESIAN_POINT ( 'NONE',  ( -85.49999999999998579, 45.00000000000000711, 31.30000000000000071 ) ) ;
#320 = APPROVAL_DATE_TIME ( #1031, #1426 ) ;
#321 = EDGE_CURVE ( 'NONE', #369, #500, #812, .T. ) ;
#322 = CARTESIAN_POINT ( 'NONE',  ( -20.00000000000000000, 0.000000000000000000, -2.449293598294706513E-15 ) ) ;
#323 = FACE_OUTER_BOUND ( 'NONE', #604, .T. ) ;
#324 = CARTESIAN_POINT ( 'NONE',  ( -85.49999999999998579, 16.42116167511352742, 16.50000000000001421 ) ) ;
#325 = DIRECTION ( 'NONE',  ( 0.000000000000000000, 0.000000000000000000, -1.000000000000000000 ) ) ;
#326 = EDGE_CURVE ( 'NONE', #802, #856, #1256, .T. ) ;
#327 = VERTEX_POINT ( 'NONE', #64 ) ;
#328 = CYLINDRICAL_SURFACE ( 'NONE', #1230, 15.15000000000000036 ) ;
#329 = ORIENTED_EDGE ( 'NONE', *, *, #448, .F. ) ;
#330 = DIRECTION ( 'NONE',  ( 0.000000000000000000, 0.000000000000000000, 1.000000000000000000 ) ) ;
#331 = ORIENTED_EDGE ( 'NONE', *, *, #974, .T. ) ;
#332 = EDGE_CURVE ( 'NONE', #117, #1455, #1359, .T. ) ;
#333 = VERTEX_POINT ( 'NONE', #1010 ) ;
#334 = LINE ( 'NONE', #948, #667 ) ;
#335 = PERSON_AND_ORGANIZATION ( #485, #175 ) ;
#336 = CIRCLE ( 'NONE', #219, 1.700000000000000178 ) ;
#337 = ORIENTED_EDGE ( 'NONE', *, *, #332, .F. ) ;
#338 = AXIS2_PLACEMENT_3D ( 'NONE', #1075, #21, #1307 ) ;
#339 = CIRCLE ( 'NONE', #247, 8.000000000000000000 ) ;
#340 = EDGE_LOOP ( 'NONE', ( #1133, #465, #329, #1475 ) ) ;
#341 = DIRECTION ( 'NONE',  ( -1.000000000000000000, -0.000000000000000000, -0.000000000000000000 ) ) ;
#342 = VERTEX_POINT ( 'NONE', #1392 ) ;
#343 = EDGE_CURVE ( 'NONE', #239, #91, #336, .T. ) ;
#344 = EDGE_LOOP ( 'NONE', ( #1445, #715 ) ) ;
#345 = PLANE ( 'NONE',  #49 ) ;
#346 = DATE_TIME_ROLE ( 'classification_date' ) ;
#347 = ORIENTED_EDGE ( 'NONE', *, *, #852, .T. ) ;
#348 = DIRECTION ( 'NONE',  ( 0.000000000000000000, 0.000000000000000000, 1.000000000000000000 ) ) ;
#349 = VERTEX_POINT ( 'NONE', #544 ) ;
#350 = APPROVAL_ROLE ( '' ) ;
#351 = VERTEX_POINT ( 'NONE', #1034 ) ;
#352 = EDGE_LOOP ( 'NONE', ( #1220, #1464, #1355, #1107 ) ) ;
#353 = CYLINDRICAL_SURFACE ( 'NONE', #54, 1.700000000000000178 ) ;
#354 = LINE ( 'NONE', #697, #169 ) ;
#355 = PERSON_AND_ORGANIZATION ( #485, #175 ) ;
#356 = ORIENTED_EDGE ( 'NONE', *, *, #565, .T. ) ;
#357 = VERTEX_POINT ( 'NONE', #192 ) ;
#358 = AXIS2_PLACEMENT_3D ( 'NONE', #1017, #419, #438 ) ;
#359 = CIRCLE ( 'NONE', #943, 15.15000000000000036 ) ;
#360 = CARTESIAN_POINT ( 'NONE',  ( -85.49999999999998579, 45.00000000000000711, 33.00000000000000000 ) ) ;
#361 = ADVANCED_FACE ( 'NONE', ( #296 ), #885, .F. ) ;
#362 = CIRCLE ( 'NONE', #30, 1.700000000000000178 ) ;
#363 = ORIENTED_EDGE ( 'NONE', *, *, #1497, .F. ) ;
#364 = AXIS2_PLACEMENT_3D ( 'NONE', #853, #738, #1352 ) ;
#365 = ORIENTED_EDGE ( 'NONE', *, *, #1330, .F. ) ;
#366 = ORIENTED_EDGE ( 'NONE', *, *, #1293, .T. ) ;
#367 = CARTESIAN_POINT ( 'NONE',  ( 6.123233995736766282E-16, 5.000000000000000000, 5.000000000000000000 ) ) ;
#368 = CARTESIAN_POINT ( 'NONE',  ( -20.00000000000000000, 5.000000000000000000, 1.699999999999997735 ) ) ;
#369 = VERTEX_POINT ( 'NONE', #1536 ) ;
#370 = ORIENTED_EDGE ( 'NONE', *, *, #1258, .T. ) ;
#371 = EDGE_CURVE ( 'NONE', #722, #233, #148, .T. ) ;
#372 = ORIENTED_EDGE ( 'NONE', *, *, #1202, .F. ) ;
#373 = CYLINDRICAL_SURFACE ( 'NONE', #284, 8.000000000000000000 ) ;
#374 = DIRECTION ( 'NONE',  ( 0.000000000000000000, -0.000000000000000000, -1.000000000000000000 ) ) ;
#375 = CARTESIAN_POINT ( 'NONE',  ( -45.00000000000000000, 0.000000000000000000, -41.75000000000000000 ) ) ;
#376 = CARTESIAN_POINT ( 'NONE',  ( -10.00000000000000888, 5.000000000000000000, 17.32050807568877104 ) ) ;
#377 = DIRECTION ( 'NONE',  ( -0.000000000000000000, -1.000000000000000000, -0.000000000000000000 ) ) ;
#378 = VERTEX_POINT ( 'NONE', #671 ) ;
#379 = CYLINDRICAL_SURFACE ( 'NONE', #541, 1.700000000000000178 ) ;
#380 = EDGE_CURVE ( 'NONE', #33, #1317, #1094, .T. ) ;
#381 = CIRCLE ( 'NONE', #75, 1.700000000000000178 ) ;
#382 = FACE_OUTER_BOUND ( 'NONE', #340, .T. ) ;
#383 = APPROVAL_PERSON_ORGANIZATION ( #999, #270, #548 ) ;
#384 = AXIS2_PLACEMENT_3D ( 'NONE', #971, #574, #1323 ) ;
#385 = ORIENTED_EDGE ( 'NONE', *, *, #745, .F. ) ;
#386 = AXIS2_PLACEMENT_3D ( 'NONE', #1513, #615, #900 ) ;
#387 = CARTESIAN_POINT ( 'NONE',  ( 10.00000000000000178, 5.000000000000000000, -19.02050807568877389 ) ) ;
#388 = VECTOR ( 'NONE', #1234, 1000.000000000000000 ) ;
#389 = VERTEX_POINT ( 'NONE', #302 ) ;
#390 = ORIENTED_EDGE ( 'NONE', *, *, #955, .F. ) ;
#391 = DIRECTION ( 'NONE',  ( 0.000000000000000000, 0.000000000000000000, -1.000000000000000000 ) ) ;
#392 = ORIENTED_EDGE ( 'NONE', *, *, #1511, .T. ) ;
#393 = DIRECTION ( 'NONE',  ( 0.000000000000000000, 1.000000000000000000, 0.000000000000000000 ) ) ;
#394 = LINE ( 'NONE', #875, #1200 ) ;
#395 = CARTESIAN_POINT ( 'NONE',  ( -90.50000000000000000, 0.000000000000000000, -46.75000000000000000 ) ) ;
#396 = CARTESIAN_POINT ( 'NONE',  ( -9.999999999999994671, 0.000000000000000000, -17.32050807568877460 ) ) ;
#397 = EDGE_LOOP ( 'NONE', ( #591, #585, #868, #628 ) ) ;
#398 = CARTESIAN_POINT ( 'NONE',  ( 30.00000000000000000, 0.000000000000000000, -46.75000000000000000 ) ) ;
#399 = FACE_OUTER_BOUND ( 'NONE', #1365, .T. ) ;
#400 = PRODUCT_DEFINITION ( 'UNKNOWN', '', #1529, #1144 ) ;
#401 = ORIENTED_EDGE ( 'NONE', *, *, #1248, .T. ) ;
#402 = DIRECTION ( 'NONE',  ( 0.000000000000000000, 0.000000000000000000, -1.000000000000000000 ) ) ;
#403 = LINE ( 'NONE', #776, #12 ) ;
#404 = VECTOR ( 'NONE', #1132, 1000.000000000000000 ) ;
#405 = ORIENTED_EDGE ( 'NONE', *, *, #1053, .F. ) ;
#406 = CIRCLE ( 'NONE', #1480, 1.700000000000000178 ) ;
#407 = EDGE_CURVE ( 'NONE', #1242, #351, #359, .T. ) ;
#408 = CYLINDRICAL_SURFACE ( 'NONE', #1503, 1.700000000000000178 ) ;
#409 = CIRCLE ( 'NONE', #1068, 5.000000000000000000 ) ;
#410 = CARTESIAN_POINT ( 'NONE',  ( -85.49999999999998579, 86.75000000000000000, -46.75000000000000000 ) ) ;
#411 = ORIENTED_EDGE ( 'NONE', *, *, #44, .F. ) ;
#412 = FACE_OUTER_BOUND ( 'NONE', #6, .T. ) ;
#413 = FACE_BOUND ( 'NONE', #1217, .T. ) ;
#414 = DIRECTION ( 'NONE',  ( 0.000000000000000000, 0.000000000000000000, 1.000000000000000000 ) ) ;
#415 = CARTESIAN_POINT ( 'NONE',  ( 10.00000000000000178, 5.000000000000000000, -19.02050807568877389 ) ) ;
#416 = ORIENTED_EDGE ( 'NONE', *, *, #1241, .T. ) ;
#417 = DIRECTION ( 'NONE',  ( 0.000000000000000000, 0.000000000000000000, -1.000000000000000000 ) ) ;
#418 = LINE ( 'NONE', #1389, #813 ) ;
#419 = DIRECTION ( 'NONE',  ( 1.000000000000000000, 0.000000000000000000, 0.000000000000000000 ) ) ;
#420 = FACE_BOUND ( 'NONE', #1499, .T. ) ;
#421 = DIRECTION ( 'NONE',  ( 0.000000000000000000, 0.000000000000000000, -1.000000000000000000 ) ) ;
#422 = DIRECTION ( 'NONE',  ( -1.000000000000000000, -0.000000000000000000, -0.000000000000000000 ) ) ;
#423 = CARTESIAN_POINT ( 'NONE',  ( -90.50000000000000000, 45.00000000000000000, -34.70000000000000284 ) ) ;
#424 = VERTEX_POINT ( 'NONE', #1384 ) ;
#425 = DATE_AND_TIME ( #1521, #1279 ) ;
#426 = LINE ( 'NONE', #1043, #1118 ) ;
#427 = DIRECTION ( 'NONE',  ( 0.000000000000000000, -1.000000000000000000, 0.000000000000000000 ) ) ;
#428 = DIRECTION ( 'NONE',  ( 1.000000000000000000, 0.000000000000000000, 0.000000000000000000 ) ) ;
#429 = DIRECTION ( 'NONE',  ( -0.000000000000000000, -0.000000000000000000, -1.000000000000000000 ) ) ;
#430 = CC_DESIGN_APPROVAL ( #188, ( #1529 ) ) ;
#431 = CIRCLE ( 'NONE', #306, 1.700000000000000178 ) ;
#432 = ORIENTED_EDGE ( 'NONE', *, *, #681, .T. ) ;
#433 = CIRCLE ( 'NONE', #10, 1.700000000000000178 ) ;
#434 = DIRECTION ( 'NONE',  ( -0.000000000000000000, -1.000000000000000000, -0.000000000000000000 ) ) ;
#435 = AXIS2_PLACEMENT_3D ( 'NONE', #1353, #739, #1106 ) ;
#436 = VECTOR ( 'NONE', #572, 1000.000000000000000 ) ;
#437 = EDGE_CURVE ( 'NONE', #265, #984, #1178, .T. ) ;
#438 = DIRECTION ( 'NONE',  ( 0.000000000000000000, 0.000000000000000000, -1.000000000000000000 ) ) ;
#439 = ORIENTED_EDGE ( 'NONE', *, *, #145, .T. ) ;
#440 = LINE ( 'NONE', #96, #1204 ) ;
#441 = CARTESIAN_POINT ( 'NONE',  ( -9.999999999999994671, 0.000000000000000000, -17.32050807568877460 ) ) ;
#442 = EDGE_LOOP ( 'NONE', ( #11, #297, #18, #1022 ) ) ;
#443 = CARTESIAN_POINT ( 'NONE',  ( -85.49999999999998579, 5.000000000000000000, 0.000000000000000000 ) ) ;
#444 = APPROVAL_ROLE ( '' ) ;
#445 = DIRECTION ( 'NONE',  ( 0.000000000000000000, 0.000000000000000000, -1.000000000000000000 ) ) ;
#446 = ORIENTED_EDGE ( 'NONE', *, *, #771, .F. ) ;
#447 = FACE_OUTER_BOUND ( 'NONE', #1190, .T. ) ;
#448 = EDGE_CURVE ( 'NONE', #479, #828, #1280, .T. ) ;
#449 = VERTEX_POINT ( 'NONE', #209 ) ;
#450 = EDGE_LOOP ( 'NONE', ( #728, #1549 ) ) ;
#451 = CARTESIAN_POINT ( 'NONE',  ( -45.00000000000000000, 86.75000000000000000, -41.75000000000000000 ) ) ;
#452 = LINE ( 'NONE', #443, #56 ) ;
#453 = DATE_AND_TIME ( #1449, #1119 ) ;
#454 = CC_DESIGN_PERSON_AND_ORGANIZATION_ASSIGNMENT ( #911, #1253, ( #400 ) ) ;
#455 = VERTEX_POINT ( 'NONE', #203 ) ;
#456 = FACE_BOUND ( 'NONE', #617, .T. ) ;
#457 = CARTESIAN_POINT ( 'NONE',  ( -85.49999999999998579, 16.42116167511352742, 16.50000000000001421 ) ) ;
#458 = ORIENTED_EDGE ( 'NONE', *, *, #437, .F. ) ;
#459 = EDGE_LOOP ( 'NONE', ( #992, #1247, #416, #940, #365, #1044, #1255, #1194 ) ) ;
#460 = ADVANCED_FACE ( 'NONE', ( #1273 ), #82, .F. ) ;
#461 = DIRECTION ( 'NONE',  ( 0.000000000000000000, 1.000000000000000000, 0.000000000000000000 ) ) ;
#462 = COORDINATED_UNIVERSAL_TIME_OFFSET ( 5, 30, .AHEAD. ) ;
#463 = AXIS2_PLACEMENT_3D ( 'NONE', #506, #1486, #157 ) ;
#464 = CC_DESIGN_APPROVAL ( #1426, ( #633 ) ) ;
#465 = ORIENTED_EDGE ( 'NONE', *, *, #281, .T. ) ;
#466 = AXIS2_PLACEMENT_3D ( 'NONE', #1061, #16, #330 ) ;
#467 = VECTOR ( 'NONE', #13, 1000.000000000000000 ) ;
#468 = VECTOR ( 'NONE', #1526, 1000.000000000000000 ) ;
#469 = EDGE_LOOP ( 'NONE', ( #1451, #1478, #703, #248 ) ) ;
#470 = CARTESIAN_POINT ( 'NONE',  ( 0.000000000000000000, 5.000000000000000000, 41.75000000000000000 ) ) ;
#471 = CARTESIAN_POINT ( 'NONE',  ( -90.50000000000000000, 16.42116167511352742, 16.50000000000001421 ) ) ;
#472 = ORIENTED_EDGE ( 'NONE', *, *, #92, .F. ) ;
#473 = EDGE_CURVE ( 'NONE', #1467, #1358, #787, .T. ) ;
#474 = VERTEX_POINT ( 'NONE', #1523 ) ;
#475 = ORIENTED_EDGE ( 'NONE', *, *, #861, .T. ) ;
#476 = CARTESIAN_POINT ( 'NONE',  ( 1.855339900708240019E-15, 2.200000000000000178, 15.15000000000000036 ) ) ;
#477 = DIRECTION ( 'NONE',  ( 0.000000000000000000, 0.000000000000000000, -1.000000000000000000 ) ) ;
#478 = ORIENTED_EDGE ( 'NONE', *, *, #612, .F. ) ;
#479 = VERTEX_POINT ( 'NONE', #569 ) ;
#480 = ORIENTED_EDGE ( 'NONE', *, *, #332, .T. ) ;
#481 = DIRECTION ( 'NONE',  ( -0.000000000000000000, -1.000000000000000000, -0.000000000000000000 ) ) ;
#482 = PLANE ( 'NONE',  #435 ) ;
#483 = CYLINDRICAL_SURFACE ( 'NONE', #466, 1.700000000000000178 ) ;
#484 = EDGE_LOOP ( 'NONE', ( #819, #921, #1349, #1066 ) ) ;
#485 = PERSON ( 'UNSPECIFIED', 'UNSPECIFIED', 'UNSPECIFIED', ('UNSPECIFIED'), ('UNSPECIFIED'), ('UNSPECIFIED') ) ;
#486 = EDGE_LOOP ( 'NONE', ( #405, #888 ) ) ;
#487 = ORIENTED_EDGE ( 'NONE', *, *, #935, .T. ) ;
#488 = FACE_OUTER_BOUND ( 'NONE', #1450, .T. ) ;
#489 = AXIS2_PLACEMENT_3D ( 'NONE', #951, #1459, #1186 ) ;
#490 = CARTESIAN_POINT ( 'NONE',  ( -85.49999999999998579, 45.00000000000000000, -33.00000000000000000 ) ) ;
#491 = AXIS2_PLACEMENT_3D ( 'NONE', #67, #664, #529 ) ;
#492 = EDGE_LOOP ( 'NONE', ( #751, #965 ) ) ;
#493 = CARTESIAN_POINT ( 'NONE',  ( 20.00000000000000000, 0.000000000000000000, 1.700000000000000178 ) ) ;
#494 = ORIENTED_EDGE ( 'NONE', *, *, #1135, .T. ) ;
#495 = CARTESIAN_POINT ( 'NONE',  ( -9.999999999999994671, 5.000000000000000000, -17.32050807568877460 ) ) ;
#496 = FACE_BOUND ( 'NONE', #959, .T. ) ;
#497 = FACE_BOUND ( 'NONE', #450, .T. ) ;
#498 = EDGE_CURVE ( 'NONE', #1317, #33, #431, .T. ) ;
#499 = FACE_OUTER_BOUND ( 'NONE', #1534, .T. ) ;
#500 = VERTEX_POINT ( 'NONE', #1169 ) ;
#501 = EDGE_CURVE ( 'NONE', #1210, #845, #440, .T. ) ;
#502 = DIRECTION ( 'NONE',  ( -1.000000000000000000, 0.000000000000000000, -0.000000000000000000 ) ) ;
#503 = LINE ( 'NONE', #1340, #264 ) ;
#504 = DIRECTION ( 'NONE',  ( 0.000000000000000000, 0.000000000000000000, 1.000000000000000000 ) ) ;
#505 = DIRECTION ( 'NONE',  ( -1.000000000000000000, -0.000000000000000000, -0.000000000000000000 ) ) ;
#506 = CARTESIAN_POINT ( 'NONE',  ( -85.49999999999998579, 45.00000000000000000, 0.000000000000000000 ) ) ;
#507 = EDGE_LOOP ( 'NONE', ( #257, #142, #178, #1259 ) ) ;
#508 = CARTESIAN_POINT ( 'NONE',  ( 0.000000000000000000, 0.000000000000000000, 41.75000000000000000 ) ) ;
#509 = AXIS2_PLACEMENT_3D ( 'NONE', #1383, #1101, #979 ) ;
#510 = LOCAL_TIME ( 11, 9, 26.00000000000000000, #676 ) ;
#511 = ORIENTED_EDGE ( 'NONE', *, *, #1029, .T. ) ;
#512 = CYLINDRICAL_SURFACE ( 'NONE', #463, 8.000000000000000000 ) ;
#513 = VECTOR ( 'NONE', #505, 1000.000000000000000 ) ;
#514 = EDGE_LOOP ( 'NONE', ( #993, #1072 ) ) ;
#515 = CARTESIAN_POINT ( 'NONE',  ( -85.49999999999998579, 73.57883832488647613, -16.50000000000000355 ) ) ;
#516 = ADVANCED_FACE ( 'NONE', ( #926 ), #1420, .F. ) ;
#517 = CARTESIAN_POINT ( 'NONE',  ( -9.999999999999994671, 5.000000000000000000, -19.02050807568877389 ) ) ;
#518 = DIRECTION ( 'NONE',  ( 1.000000000000000000, 0.000000000000000000, 0.000000000000000000 ) ) ;
#519 = ORIENTED_EDGE ( 'NONE', *, *, #266, .T. ) ;
#520 = DIRECTION ( 'NONE',  ( 0.000000000000000000, 0.000000000000000000, -1.000000000000000000 ) ) ;
#521 = EDGE_CURVE ( 'NONE', #474, #1077, #50, .T. ) ;
#522 = FACE_BOUND ( 'NONE', #732, .T. ) ;
#523 = ADVANCED_FACE ( 'NONE', ( #1046 ), #72, .F. ) ;
#524 = EDGE_CURVE ( 'NONE', #1371, #265, #354, .T. ) ;
#525 = ORIENTED_EDGE ( 'NONE', *, *, #824, .F. ) ;
#526 = CARTESIAN_POINT ( 'NONE',  ( -90.50000000000000000, 16.42116167511352387, -16.50000000000000355 ) ) ;
#527 = CARTESIAN_POINT ( 'NONE',  ( 20.00000000000000000, 5.000000000000000000, -1.700000000000000178 ) ) ;
#528 = VERTEX_POINT ( 'NONE', #820 ) ;
#529 = DIRECTION ( 'NONE',  ( 0.000000000000000000, 0.000000000000000000, -1.000000000000000000 ) ) ;
#530 = DIRECTION ( 'NONE',  ( -0.000000000000000000, -1.000000000000000000, -0.000000000000000000 ) ) ;
#531 = VECTOR ( 'NONE', #1263, 1000.000000000000000 ) ;
#532 = CARTESIAN_POINT ( 'NONE',  ( -85.49999999999998579, 45.00000000000000000, 8.000000000000000000 ) ) ;
#533 = DIRECTION ( 'NONE',  ( 0.000000000000000000, -0.000000000000000000, -1.000000000000000000 ) ) ;
#534 = DIRECTION ( 'NONE',  ( 0.000000000000000000, 0.000000000000000000, -1.000000000000000000 ) ) ;
#535 = EDGE_CURVE ( 'NONE', #269, #293, #1325, .T. ) ;
#536 = VECTOR ( 'NONE', #733, 1000.000000000000000 ) ;
#537 = CC_DESIGN_SECURITY_CLASSIFICATION ( #633, ( #1529 ) ) ;
#538 = VECTOR ( 'NONE', #779, 1000.000000000000000 ) ;
#539 = DIRECTION ( 'NONE',  ( 1.000000000000000000, 0.000000000000000000, 0.000000000000000000 ) ) ;
#540 = CIRCLE ( 'NONE', #102, 5.000000000000000000 ) ;
#541 = AXIS2_PLACEMENT_3D ( 'NONE', #1345, #252, #975 ) ;
#542 = LINE ( 'NONE', #368, #1205 ) ;
#543 = DIRECTION ( 'NONE',  ( 0.000000000000000000, 0.000000000000000000, -1.000000000000000000 ) ) ;
#544 = CARTESIAN_POINT ( 'NONE',  ( -85.49999999999998579, 45.00000000000000000, -34.70000000000000284 ) ) ;
#545 = CARTESIAN_POINT ( 'NONE',  ( -85.49999999999998579, 5.000000000000000000, 41.75000000000000000 ) ) ;
#546 = CARTESIAN_POINT ( 'NONE',  ( -45.00000000000000000, 86.75000000000000000, 41.75000000000000000 ) ) ;
#547 = VERTEX_POINT ( 'NONE', #1198 ) ;
#548 = APPROVAL_ROLE ( '' ) ;
#549 = LINE ( 'NONE', #1025, #304 ) ;
#550 = CARTESIAN_POINT ( 'NONE',  ( -85.49999999999998579, 73.57883832488647613, 16.49999999999999289 ) ) ;
#551 = LINE ( 'NONE', #679, #1538 ) ;
#552 = EDGE_CURVE ( 'NONE', #1276, #950, #1460, .T. ) ;
#553 = ORIENTED_EDGE ( 'NONE', *, *, #729, .T. ) ;
#554 = DIRECTION ( 'NONE',  ( 0.000000000000000000, -1.000000000000000000, 0.000000000000000000 ) ) ;
#555 = EDGE_CURVE ( 'NONE', #850, #1447, #760, .T. ) ;
#556 = CALENDAR_DATE ( 2026, 24, 9 ) ;
#557 = DIRECTION ( 'NONE',  ( -1.000000000000000000, -0.000000000000000000, -0.000000000000000000 ) ) ;
#558 = ORIENTED_EDGE ( 'NONE', *, *, #944, .T. ) ;
#559 = DIRECTION ( 'NONE',  ( 1.000000000000000000, 0.000000000000000000, 0.000000000000000000 ) ) ;
#560 = DIRECTION ( 'NONE',  ( 0.000000000000000000, 1.000000000000000000, 0.000000000000000000 ) ) ;
#561 = CARTESIAN_POINT ( 'NONE',  ( -45.00000000000000000, 86.75000000000000000, 46.75000000000000000 ) ) ;
#562 = AXIS2_PLACEMENT_3D ( 'NONE', #376, #176, #504 ) ;
#563 = CIRCLE ( 'NONE', #1036, 1.700000000000000178 ) ;
#564 = FACE_OUTER_BOUND ( 'NONE', #93, .T. ) ;
#565 = EDGE_CURVE ( 'NONE', #5, #769, #688, .T. ) ;
#566 = DIRECTION ( 'NONE',  ( 1.000000000000000000, 0.000000000000000000, 0.000000000000000000 ) ) ;
#567 = VERTEX_POINT ( 'NONE', #577 ) ;
#568 = DIRECTION ( 'NONE',  ( -1.000000000000000000, 0.000000000000000000, 0.000000000000000000 ) ) ;
#569 = CARTESIAN_POINT ( 'NONE',  ( -10.00000000000000888, 0.000000000000000000, 15.62050807568876998 ) ) ;
#570 = ORIENTED_EDGE ( 'NONE', *, *, #1541, .T. ) ;
#571 = ORIENTED_EDGE ( 'NONE', *, *, #969, .F. ) ;
#572 = DIRECTION ( 'NONE',  ( -0.000000000000000000, -1.000000000000000000, -0.000000000000000000 ) ) ;
#573 = APPROVAL_STATUS ( 'not_yet_approved' ) ;
#574 = DIRECTION ( 'NONE',  ( -1.000000000000000000, -0.000000000000000000, -0.000000000000000000 ) ) ;
#575 = ORIENTED_EDGE ( 'NONE', *, *, #1313, .F. ) ;
#576 = FACE_BOUND ( 'NONE', #492, .T. ) ;
#577 = CARTESIAN_POINT ( 'NONE',  ( -85.49999999999998579, 16.42116167511352387, -14.80000000000000426 ) ) ;
#578 = EDGE_CURVE ( 'NONE', #256, #500, #720, .T. ) ;
#579 = ORIENTED_EDGE ( 'NONE', *, *, #625, .T. ) ;
#580 = EDGE_LOOP ( 'NONE', ( #1236, #39, #587, #579 ) ) ;
#581 = CARTESIAN_POINT ( 'NONE',  ( 1.855339900708240019E-15, 0.000000000000000000, 15.15000000000000036 ) ) ;
#582 = ORIENTED_EDGE ( 'NONE', *, *, #1388, .F. ) ;
#583 = VERTEX_POINT ( 'NONE', #1052 ) ;
#584 = DIRECTION ( 'NONE',  ( -1.000000000000000000, -0.000000000000000000, -0.000000000000000000 ) ) ;
#585 = ORIENTED_EDGE ( 'NONE', *, *, #578, .T. ) ;
#586 = ADVANCED_FACE ( 'NONE', ( #1453 ), #1212, .F. ) ;
#587 = ORIENTED_EDGE ( 'NONE', *, *, #877, .F. ) ;
#588 = AXIS2_PLACEMENT_3D ( 'NONE', #101, #669, #1408 ) ;
#589 = CARTESIAN_POINT ( 'NONE',  ( -85.49999999999998579, 45.00000000000000000, -8.000000000000000000 ) ) ;
#590 = CC_DESIGN_APPROVAL ( #270, ( #400 ) ) ;
#591 = ORIENTED_EDGE ( 'NONE', *, *, #1322, .T. ) ;
#592 = AXIS2_PLACEMENT_3D ( 'NONE', #1516, #904, #533 ) ;
#593 = VECTOR ( 'NONE', #1019, 1000.000000000000000 ) ;
#594 = CARTESIAN_POINT ( 'NONE',  ( -90.50000000000000000, 73.57883832488647613, 18.19999999999999574 ) ) ;
#595 = DIRECTION ( 'NONE',  ( -0.000000000000000000, -1.000000000000000000, -0.000000000000000000 ) ) ;
#596 = ORIENTED_EDGE ( 'NONE', *, *, #1135, .F. ) ;
#597 = EDGE_CURVE ( 'NONE', #351, #1242, #864, .T. ) ;
#598 = ORIENTED_EDGE ( 'NONE', *, *, #92, .T. ) ;
#599 = ADVANCED_FACE ( 'NONE', ( #447 ), #483, .F. ) ;
#600 = ORIENTED_EDGE ( 'NONE', *, *, #1299, .F. ) ;
#601 = DIRECTION ( 'NONE',  ( 0.000000000000000000, 0.000000000000000000, -1.000000000000000000 ) ) ;
#602 = DIRECTION ( 'NONE',  ( 1.000000000000000000, 0.000000000000000000, 0.000000000000000000 ) ) ;
#603 = ORIENTED_EDGE ( 'NONE', *, *, #824, .T. ) ;
#604 = EDGE_LOOP ( 'NONE', ( #1058, #986, #1454, #1088 ) ) ;
#605 = EDGE_CURVE ( 'NONE', #1317, #741, #606, .T. ) ;
#606 = LINE ( 'NONE', #1435, #1361 ) ;
#607 = EDGE_LOOP ( 'NONE', ( #48, #14, #36, #74 ) ) ;
#608 = DIRECTION ( 'NONE',  ( -1.000000000000000000, -0.000000000000000000, -0.000000000000000000 ) ) ;
#609 = ORIENTED_EDGE ( 'NONE', *, *, #897, .F. ) ;
#610 = VECTOR ( 'NONE', #624, 1000.000000000000000 ) ;
#611 = FACE_OUTER_BOUND ( 'NONE', #666, .T. ) ;
#612 = EDGE_CURVE ( 'NONE', #149, #378, #614, .T. ) ;
#613 = LOCAL_TIME ( 11, 9, 26.00000000000000000, #462 ) ;
#614 = CIRCLE ( 'NONE', #53, 8.000000000000000000 ) ;
#615 = DIRECTION ( 'NONE',  ( 0.000000000000000000, 1.000000000000000000, 0.000000000000000000 ) ) ;
#616 = VECTOR ( 'NONE', #1329, 1000.000000000000000 ) ;
#617 = EDGE_LOOP ( 'NONE', ( #1547, #1321 ) ) ;
#618 = AXIS2_PLACEMENT_3D ( 'NONE', #1342, #636, #1356 ) ;
#619 = DIRECTION ( 'NONE',  ( 0.000000000000000000, 0.000000000000000000, 1.000000000000000000 ) ) ;
#620 = CARTESIAN_POINT ( 'NONE',  ( 0.000000000000000000, 5.000000000000000000, -5.000000000000000000 ) ) ;
#621 = ORIENTED_EDGE ( 'NONE', *, *, #849, .T. ) ;
#622 = ORIENTED_EDGE ( 'NONE', *, *, #1014, .F. ) ;
#623 = FACE_BOUND ( 'NONE', #954, .T. ) ;
#624 = DIRECTION ( 'NONE',  ( -1.000000000000000000, 0.000000000000000000, 0.000000000000000000 ) ) ;
#625 = EDGE_CURVE ( 'NONE', #1126, #1327, #136, .T. ) ;
#626 = ORIENTED_EDGE ( 'NONE', *, *, #190, .T. ) ;
#627 = CARTESIAN_POINT ( 'NONE',  ( -85.49999999999998579, 73.57883832488647613, -18.20000000000000284 ) ) ;
#628 = ORIENTED_EDGE ( 'NONE', *, *, #889, .F. ) ;
#629 = CARTESIAN_POINT ( 'NONE',  ( -85.49999999999998579, 73.57883832488647613, 16.49999999999999289 ) ) ;
#630 = ORIENTED_EDGE ( 'NONE', *, *, #901, .F. ) ;
#631 = EDGE_CURVE ( 'NONE', #769, #132, #832, .T. ) ;
#632 = DIRECTION ( 'NONE',  ( 0.000000000000000000, 0.000000000000000000, 1.000000000000000000 ) ) ;
#633 = SECURITY_CLASSIFICATION ( '', '', #113 ) ;
#634 = EDGE_LOOP ( 'NONE', ( #1440, #144 ) ) ;
#635 = VECTOR ( 'NONE', #187, 1000.000000000000000 ) ;
#636 = DIRECTION ( 'NONE',  ( 1.000000000000000000, 0.000000000000000000, 0.000000000000000000 ) ) ;
#637 = CARTESIAN_POINT ( 'NONE',  ( -85.49999999999998579, 73.57883832488647613, -14.80000000000000426 ) ) ;
#638 = VECTOR ( 'NONE', #154, 1000.000000000000000 ) ;
#639 = ORIENTED_EDGE ( 'NONE', *, *, #1421, .F. ) ;
#640 = EDGE_CURVE ( 'NONE', #1434, #455, #1179, .T. ) ;
#641 = DIRECTION ( 'NONE',  ( 0.000000000000000000, 1.000000000000000000, 0.000000000000000000 ) ) ;
#642 = CYLINDRICAL_SURFACE ( 'NONE', #1481, 1.700000000000000178 ) ;
#643 = EDGE_CURVE ( 'NONE', #680, #31, #223, .T. ) ;
#644 = DIRECTION ( 'NONE',  ( 1.000000000000000000, -0.000000000000000000, 0.000000000000000000 ) ) ;
#645 = CARTESIAN_POINT ( 'NONE',  ( 30.00000000000000000, 5.000000000000000000, -46.75000000000000000 ) ) ;
#646 = EDGE_LOOP ( 'NONE', ( #277, #1073, #1444, #1424 ) ) ;
#647 = LINE ( 'NONE', #177, #536 ) ;
#648 = DIRECTION ( 'NONE',  ( 0.000000000000000000, 0.000000000000000000, 1.000000000000000000 ) ) ;
#649 = FACE_BOUND ( 'NONE', #915, .T. ) ;
#650 = ORIENTED_EDGE ( 'NONE', *, *, #1546, .T. ) ;
#651 = DIRECTION ( 'NONE',  ( -0.000000000000000000, -1.000000000000000000, -0.000000000000000000 ) ) ;
#652 = DIRECTION ( 'NONE',  ( 0.000000000000000000, 1.000000000000000000, 0.000000000000000000 ) ) ;
#653 = DIRECTION ( 'NONE',  ( -1.000000000000000000, -0.000000000000000000, -0.000000000000000000 ) ) ;
#654 = ORIENTED_EDGE ( 'NONE', *, *, #1351, .F. ) ;
#655 = PLANE ( 'NONE',  #220 ) ;
#656 = CARTESIAN_POINT ( 'NONE',  ( 30.00000000000000000, 5.000000000000000000, -46.75000000000000000 ) ) ;
#657 = ADVANCED_FACE ( 'NONE', ( #115 ), #1083, .F. ) ;
#658 = DIRECTION ( 'NONE',  ( 1.000000000000000000, 0.000000000000000000, 0.000000000000000000 ) ) ;
#659 = CARTESIAN_POINT ( 'NONE',  ( 30.00000000000000000, 5.000000000000000000, -46.75000000000000000 ) ) ;
#660 = CARTESIAN_POINT ( 'NONE',  ( -45.00000000000000000, 0.000000000000000000, 46.75000000000000000 ) ) ;
#661 = AXIS2_PLACEMENT_3D ( 'NONE', #58, #518, #996 ) ;
#662 = ORIENTED_EDGE ( 'NONE', *, *, #889, .T. ) ;
#663 = AXIS2_PLACEMENT_3D ( 'NONE', #471, #602, #811 ) ;
#664 = DIRECTION ( 'NONE',  ( 1.000000000000000000, 0.000000000000000000, 0.000000000000000000 ) ) ;
#665 = AXIS2_PLACEMENT_3D ( 'NONE', #161, #1485, #857 ) ;
#666 = EDGE_LOOP ( 'NONE', ( #829, #1062, #698, #1338 ) ) ;
#667 = VECTOR ( 'NONE', #1170, 1000.000000000000000 ) ;
#668 = APPLICATION_PROTOCOL_DEFINITION ( 'international standard', 'config_control_design', 1994, #980 ) ;
#669 = DIRECTION ( 'NONE',  ( -0.000000000000000000, 0.000000000000000000, 1.000000000000000000 ) ) ;
#670 = DIRECTION ( 'NONE',  ( 0.000000000000000000, 0.000000000000000000, 1.000000000000000000 ) ) ;
#671 = CARTESIAN_POINT ( 'NONE',  ( -85.49999999999998579, 45.00000000000000000, -8.000000000000000000 ) ) ;
#672 =( LENGTH_UNIT ( ) NAMED_UNIT ( * ) SI_UNIT ( .MILLI., .METRE. ) );
#673 = ADVANCED_FACE ( 'NONE', ( #726, #1219 ), #141, .F. ) ;
#674 = ORIENTED_EDGE ( 'NONE', *, *, #172, .F. ) ;
#675 = DIRECTION ( 'NONE',  ( 0.000000000000000000, 1.000000000000000000, 0.000000000000000000 ) ) ;
#676 = COORDINATED_UNIVERSAL_TIME_OFFSET ( 5, 30, .AHEAD. ) ;
#677 = EDGE_LOOP ( 'NONE', ( #1095, #45, #1001, #1296 ) ) ;
#678 = DIRECTION ( 'NONE',  ( 0.000000000000000000, 0.000000000000000000, -1.000000000000000000 ) ) ;
#679 = CARTESIAN_POINT ( 'NONE',  ( 0.000000000000000000, 2.200000000000000178, -15.15000000000000036 ) ) ;
#680 = VERTEX_POINT ( 'NONE', #1347 ) ;
#681 = EDGE_CURVE ( 'NONE', #449, #680, #433, .T. ) ;
#682 = CARTESIAN_POINT ( 'NONE',  ( 0.000000000000000000, 2.200000000000000178, 0.000000000000000000 ) ) ;
#683 = DIRECTION ( 'NONE',  ( 1.000000000000000000, -0.000000000000000000, -0.000000000000000000 ) ) ;
#684 = DIRECTION ( 'NONE',  ( 0.000000000000000000, 0.000000000000000000, -1.000000000000000000 ) ) ;
#685 = DIRECTION ( 'NONE',  ( 0.000000000000000000, 0.000000000000000000, 1.000000000000000000 ) ) ;
#686 = DIRECTION ( 'NONE',  ( -0.000000000000000000, -1.000000000000000000, -0.000000000000000000 ) ) ;
#687 = CC_DESIGN_PERSON_AND_ORGANIZATION_ASSIGNMENT ( #355, #1514, ( #121 ) ) ;
#688 = CIRCLE ( 'NONE', #261, 1.700000000000000178 ) ;
#689 = ORIENTED_EDGE ( 'NONE', *, *, #781, .F. ) ;
#690 = VECTOR ( 'NONE', #1158, 1000.000000000000000 ) ;
#691 = CARTESIAN_POINT ( 'NONE',  ( 0.000000000000000000, 2.200000000000000178, 0.000000000000000000 ) ) ;
#692 = VERTEX_POINT ( 'NONE', #1354 ) ;
#693 = EDGE_CURVE ( 'NONE', #357, #186, #147, .T. ) ;
#694 = EDGE_CURVE ( 'NONE', #929, #547, #1254, .T. ) ;
#695 = ORIENTED_EDGE ( 'NONE', *, *, #1223, .T. ) ;
#696 = FACE_OUTER_BOUND ( 'NONE', #507, .T. ) ;
#697 = CARTESIAN_POINT ( 'NONE',  ( 20.00000000000000000, 5.000000000000000000, -1.700000000000000178 ) ) ;
#698 = ORIENTED_EDGE ( 'NONE', *, *, #20, .T. ) ;
#699 = LINE ( 'NONE', #1431, #153 ) ;
#700 = PERSON_AND_ORGANIZATION_ROLE ( 'design_supplier' ) ;
#701 = ORIENTED_EDGE ( 'NONE', *, *, #535, .T. ) ;
#702 = DIRECTION ( 'NONE',  ( 1.000000000000000000, 0.000000000000000000, 0.000000000000000000 ) ) ;
#703 = ORIENTED_EDGE ( 'NONE', *, *, #1087, .T. ) ;
#704 = DIRECTION ( 'NONE',  ( 0.000000000000000000, 0.000000000000000000, 1.000000000000000000 ) ) ;
#705 = APPLICATION_CONTEXT ( 'configuration controlled 3d designs of mechanical parts and assemblies' ) ;
#706 = EDGE_LOOP ( 'NONE', ( #831, #1215, #873, #821 ) ) ;
#707 = ADVANCED_BREP_SHAPE_REPRESENTATION ( 'JX1_ShoulderPitchBracket_L', ( #255, #1208 ), #311 ) ;
#708 = DIRECTION ( 'NONE',  ( -1.000000000000000000, 0.000000000000000000, 0.000000000000000000 ) ) ;
#709 = ADVANCED_FACE ( 'NONE', ( #765 ), #1269, .F. ) ;
#710 = MECHANICAL_CONTEXT ( 'NONE', #705, 'mechanical' ) ;
#711 = ORIENTED_EDGE ( 'NONE', *, *, #473, .F. ) ;
#712 = COORDINATED_UNIVERSAL_TIME_OFFSET ( 5, 30, .AHEAD. ) ;
#713 = APPROVAL_PERSON_ORGANIZATION ( #1504, #188, #444 ) ;
#714 = AXIS2_PLACEMENT_3D ( 'NONE', #659, #1162, #905 ) ;
#715 = ORIENTED_EDGE ( 'NONE', *, *, #1497, .T. ) ;
#716 = VECTOR ( 'NONE', #731, 1000.000000000000000 ) ;
#717 = AXIS2_PLACEMENT_3D ( 'NONE', #202, #559, #1375 ) ;
#718 = VECTOR ( 'NONE', #1286, 1000.000000000000000 ) ;
#719 = CARTESIAN_POINT ( 'NONE',  ( -85.49999999999998579, 16.42116167511352387, -18.20000000000000284 ) ) ;
#720 = LINE ( 'NONE', #1550, #150 ) ;
#721 = ORIENTED_EDGE ( 'NONE', *, *, #1442, .T. ) ;
#722 = VERTEX_POINT ( 'NONE', #276 ) ;
#723 = EDGE_CURVE ( 'NONE', #31, #234, #1065, .T. ) ;
#724 = ORIENTED_EDGE ( 'NONE', *, *, #1401, .T. ) ;
#725 = FACE_BOUND ( 'NONE', #744, .T. ) ;
#726 = FACE_BOUND ( 'NONE', #1160, .T. ) ;
#727 = ORIENTED_EDGE ( 'NONE', *, *, #448, .T. ) ;
#728 = ORIENTED_EDGE ( 'NONE', *, *, #1042, .F. ) ;
#729 = EDGE_CURVE ( 'NONE', #165, #692, #61, .T. ) ;
#730 = CARTESIAN_POINT ( 'NONE',  ( -85.49999999999998579, 73.57883832488647613, -18.20000000000000284 ) ) ;
#731 = DIRECTION ( 'NONE',  ( 0.000000000000000000, -1.000000000000000000, 0.000000000000000000 ) ) ;
#732 = EDGE_LOOP ( 'NONE', ( #480, #1143 ) ) ;
#733 = DIRECTION ( 'NONE',  ( -0.000000000000000000, -0.000000000000000000, 1.000000000000000000 ) ) ;
#734 = VERTEX_POINT ( 'NONE', #848 ) ;
#735 = CC_DESIGN_PERSON_AND_ORGANIZATION_ASSIGNMENT ( #1057, #4, ( #633 ) ) ;
#736 = AXIS2_PLACEMENT_3D ( 'NONE', #182, #658, #191 ) ;
#737 = CIRCLE ( 'NONE', #661, 1.700000000000000178 ) ;
#738 = DIRECTION ( 'NONE',  ( 1.000000000000000000, 0.000000000000000000, 0.000000000000000000 ) ) ;
#739 = DIRECTION ( 'NONE',  ( -1.000000000000000000, 0.000000000000000000, 0.000000000000000000 ) ) ;
#740 = CIRCLE ( 'NONE', #618, 1.700000000000000178 ) ;
#741 = VERTEX_POINT ( 'NONE', #25 ) ;
#742 = CARTESIAN_POINT ( 'NONE',  ( 10.00000000000000178, 5.000000000000000000, -15.62050807568877353 ) ) ;
#743 = CARTESIAN_POINT ( 'NONE',  ( -85.49999999999998579, 16.42116167511352387, -16.50000000000000355 ) ) ;
#744 = EDGE_LOOP ( 'NONE', ( #727, #118 ) ) ;
#745 = EDGE_CURVE ( 'NONE', #186, #424, #1494, .T. ) ;
#746 = DIRECTION ( 'NONE',  ( 0.000000000000000000, 0.000000000000000000, -1.000000000000000000 ) ) ;
#747 = CARTESIAN_POINT ( 'NONE',  ( -10.00000000000000888, 5.000000000000000000, 15.62050807568876998 ) ) ;
#748 = ORIENTED_EDGE ( 'NONE', *, *, #437, .T. ) ;
#749 = DIRECTION ( 'NONE',  ( 0.000000000000000000, 0.000000000000000000, 1.000000000000000000 ) ) ;
#750 = DIRECTION ( 'NONE',  ( 0.000000000000000000, -1.000000000000000000, 0.000000000000000000 ) ) ;
#751 = ORIENTED_EDGE ( 'NONE', *, *, #723, .T. ) ;
#752 = ADVANCED_FACE ( 'NONE', ( #399, #522, #998, #496, #180, #1471, #880, #649 ), #757, .F. ) ;
#753 = DIRECTION ( 'NONE',  ( 0.000000000000000000, 1.000000000000000000, 0.000000000000000000 ) ) ;
#754 = DIRECTION ( 'NONE',  ( -0.000000000000000000, -1.000000000000000000, -0.000000000000000000 ) ) ;
#755 = ORIENTED_EDGE ( 'NONE', *, *, #1029, .F. ) ;
#756 = CARTESIAN_POINT ( 'NONE',  ( -9.999999999999994671, 5.000000000000000000, -17.32050807568877460 ) ) ;
#757 = PLANE ( 'NONE',  #1281 ) ;
#758 = APPROVAL_DATE_TIME ( #425, #270 ) ;
#759 = AXIS2_PLACEMENT_3D ( 'NONE', #301, #1139, #1532 ) ;
#760 = CIRCLE ( 'NONE', #489, 1.700000000000000178 ) ;
#761 = VERTEX_POINT ( 'NONE', #1261 ) ;
#762 = CIRCLE ( 'NONE', #1229, 1.700000000000000178 ) ;
#763 = EDGE_LOOP ( 'NONE', ( #826, #511 ) ) ;
#764 = CARTESIAN_POINT ( 'NONE',  ( -20.00000000000000000, 5.000000000000000000, -2.449293598294706513E-15 ) ) ;
#765 = FACE_OUTER_BOUND ( 'NONE', #677, .T. ) ;
#766 = DATE_AND_TIME ( #174, #510 ) ;
#767 = DIRECTION ( 'NONE',  ( 0.000000000000000000, 0.000000000000000000, 1.000000000000000000 ) ) ;
#768 = CARTESIAN_POINT ( 'NONE',  ( 0.000000000000000000, 5.000000000000000000, 0.000000000000000000 ) ) ;
#769 = VERTEX_POINT ( 'NONE', #77 ) ;
#770 = LINE ( 'NONE', #1275, #635 ) ;
#771 = EDGE_CURVE ( 'NONE', #165, #528, #173, .T. ) ;
#772 = DIRECTION ( 'NONE',  ( 0.000000000000000000, 0.000000000000000000, 1.000000000000000000 ) ) ;
#773 = ADVANCED_FACE ( 'NONE', ( #299 ), #642, .F. ) ;
#774 = LINE ( 'NONE', #80, #531 ) ;
#775 = DIRECTION ( 'NONE',  ( 0.000000000000000000, 0.000000000000000000, 1.000000000000000000 ) ) ;
#776 = CARTESIAN_POINT ( 'NONE',  ( 20.00000000000000000, 5.000000000000000000, 1.700000000000000178 ) ) ;
#777 = CARTESIAN_POINT ( 'NONE',  ( 0.000000000000000000, 5.000000000000000000, -5.000000000000000000 ) ) ;
#778 = PRODUCT_RELATED_PRODUCT_CATEGORY ( 'detail', '', ( #121 ) ) ;
#779 = DIRECTION ( 'NONE',  ( 0.000000000000000000, 1.000000000000000000, 0.000000000000000000 ) ) ;
#780 = APPROVAL_STATUS ( 'not_yet_approved' ) ;
#781 = EDGE_CURVE ( 'NONE', #424, #976, #1502, .T. ) ;
#782 = FACE_OUTER_BOUND ( 'NONE', #1300, .T. ) ;
#783 = FACE_BOUND ( 'NONE', #799, .T. ) ;
#784 = DIRECTION ( 'NONE',  ( 0.000000000000000000, 0.000000000000000000, 1.000000000000000000 ) ) ;
#785 = VECTOR ( 'NONE', #231, 1000.000000000000000 ) ;
#786 = CARTESIAN_POINT ( 'NONE',  ( 10.00000000000000178, 0.000000000000000000, -15.62050807568877353 ) ) ;
#787 = CIRCLE ( 'NONE', #122, 1.700000000000000178 ) ;
#788 = AXIS2_PLACEMENT_3D ( 'NONE', #360, #844, #250 ) ;
#789 = AXIS2_PLACEMENT_3D ( 'NONE', #1098, #750, #374 ) ;
#790 = ORIENTED_EDGE ( 'NONE', *, *, #555, .F. ) ;
#791 = VECTOR ( 'NONE', #422, 1000.000000000000000 ) ;
#792 = FACE_OUTER_BOUND ( 'NONE', #59, .T. ) ;
#793 = ORIENTED_EDGE ( 'NONE', *, *, #745, .T. ) ;
#794 = CARTESIAN_POINT ( 'NONE',  ( -85.49999999999998579, 45.00000000000000000, -33.00000000000000000 ) ) ;
#795 = EDGE_LOOP ( 'NONE', ( #1085, #1111, #1049, #137 ) ) ;
#796 = DIRECTION ( 'NONE',  ( 0.000000000000000000, 1.000000000000000000, 0.000000000000000000 ) ) ;
#797 = EDGE_CURVE ( 'NONE', #357, #327, #418, .T. ) ;
#798 = CARTESIAN_POINT ( 'NONE',  ( -85.49999999999998579, 73.57883832488647613, 18.19999999999999574 ) ) ;
#799 = EDGE_LOOP ( 'NONE', ( #1189, #1080 ) ) ;
#800 = CYLINDRICAL_SURFACE ( 'NONE', #168, 5.000000000000000000 ) ;
#801 = SHAPE_DEFINITION_REPRESENTATION ( #1489, #707 ) ;
#802 = VERTEX_POINT ( 'NONE', #656 ) ;
#803 = CARTESIAN_POINT ( 'NONE',  ( -90.50000000000000000, 45.00000000000000000, 8.000000000000000000 ) ) ;
#804 = DIRECTION ( 'NONE',  ( 1.000000000000000000, 0.000000000000000000, 0.000000000000000000 ) ) ;
#805 = EDGE_CURVE ( 'NONE', #449, #234, #542, .T. ) ;
#806 = ORIENTED_EDGE ( 'NONE', *, *, #846, .F. ) ;
#807 = ADVANCED_FACE ( 'NONE', ( #253 ), #1414, .F. ) ;
#808 = CARTESIAN_POINT ( 'NONE',  ( -85.49999999999998579, 45.00000000000000000, -31.30000000000000071 ) ) ;
#809 = ORIENTED_EDGE ( 'NONE', *, *, #693, .T. ) ;
#810 = CARTESIAN_POINT ( 'NONE',  ( 0.000000000000000000, 2.200000000000000178, 0.000000000000000000 ) ) ;
#811 = DIRECTION ( 'NONE',  ( 0.000000000000000000, 0.000000000000000000, -1.000000000000000000 ) ) ;
#812 = CIRCLE ( 'NONE', #1063, 1.700000000000000178 ) ;
#813 = VECTOR ( 'NONE', #189, 1000.000000000000000 ) ;
#814 = ORIENTED_EDGE ( 'NONE', *, *, #969, .T. ) ;
#815 = CIRCLE ( 'NONE', #717, 1.700000000000000178 ) ;
#816 = CARTESIAN_POINT ( 'NONE',  ( 10.00000000000000178, 0.000000000000000000, 17.32050807568877460 ) ) ;
#817 = AXIS2_PLACEMENT_3D ( 'NONE', #816, #675, #310 ) ;
#818 = EDGE_LOOP ( 'NONE', ( #609, #1054 ) ) ;
#819 = ORIENTED_EDGE ( 'NONE', *, *, #501, .F. ) ;
#820 = CARTESIAN_POINT ( 'NONE',  ( -85.49999999999998579, 86.75000000000000000, 41.75000000000000000 ) ) ;
#821 = ORIENTED_EDGE ( 'NONE', *, *, #902, .F. ) ;
#822 = CARTESIAN_POINT ( 'NONE',  ( 30.00000000000000000, 5.000000000000000000, 46.75000000000000000 ) ) ;
#823 = PERSON_AND_ORGANIZATION ( #485, #175 ) ;
#824 = EDGE_CURVE ( 'NONE', #1079, #567, #920, .T. ) ;
#825 = EDGE_LOOP ( 'NONE', ( #582, #519, #1, #755 ) ) ;
#826 = ORIENTED_EDGE ( 'NONE', *, *, #1024, .T. ) ;
#827 = DIRECTION ( 'NONE',  ( -0.000000000000000000, -1.000000000000000000, -0.000000000000000000 ) ) ;
#828 = VERTEX_POINT ( 'NONE', #899 ) ;
#829 = ORIENTED_EDGE ( 'NONE', *, *, #281, .F. ) ;
#830 = ORIENTED_EDGE ( 'NONE', *, *, #160, .F. ) ;
#831 = ORIENTED_EDGE ( 'NONE', *, *, #974, .F. ) ;
#832 = LINE ( 'NONE', #958, #1381 ) ;
#833 =( NAMED_UNIT ( * ) SI_UNIT ( $, .STERADIAN. ) SOLID_ANGLE_UNIT ( ) );
#834 = ADVANCED_FACE ( 'NONE', ( #1488 ), #60, .F. ) ;
#835 = ORIENTED_EDGE ( 'NONE', *, *, #1299, .T. ) ;
#836 = ORIENTED_EDGE ( 'NONE', *, *, #987, .T. ) ;
#837 = CIRCLE ( 'NONE', #1250, 1.700000000000000178 ) ;
#838 = AXIS2_PLACEMENT_3D ( 'NONE', #1141, #708, #348 ) ;
#839 = ORIENTED_EDGE ( 'NONE', *, *, #612, .T. ) ;
#840 = AXIS2_PLACEMENT_3D ( 'NONE', #874, #1244, #1372 ) ;
#841 = CYLINDRICAL_SURFACE ( 'NONE', #1152, 1.700000000000000178 ) ;
#842 = AXIS2_PLACEMENT_3D ( 'NONE', #508, #1090, #1112 ) ;
#843 = VECTOR ( 'NONE', #434, 1000.000000000000000 ) ;
#844 = DIRECTION ( 'NONE',  ( -1.000000000000000000, -0.000000000000000000, -0.000000000000000000 ) ) ;
#845 = VERTEX_POINT ( 'NONE', #546 ) ;
#846 = EDGE_CURVE ( 'NONE', #256, #8, #362, .T. ) ;
#847 = EDGE_LOOP ( 'NONE', ( #1437, #286 ) ) ;
#848 = CARTESIAN_POINT ( 'NONE',  ( -90.50000000000000000, 45.00000000000000711, 34.70000000000000284 ) ) ;
#849 = EDGE_CURVE ( 'NONE', #233, #1343, #1377, .T. ) ;
#850 = VERTEX_POINT ( 'NONE', #275 ) ;
#851 = CYLINDRICAL_SURFACE ( 'NONE', #1039, 1.700000000000000178 ) ;
#852 = EDGE_CURVE ( 'NONE', #33, #734, #770, .T. ) ;
#853 = CARTESIAN_POINT ( 'NONE',  ( -90.50000000000000000, 45.00000000000000711, 33.00000000000000000 ) ) ;
#854 = FACE_OUTER_BOUND ( 'NONE', #230, .T. ) ;
#855 = DIRECTION ( 'NONE',  ( 0.000000000000000000, 1.000000000000000000, 0.000000000000000000 ) ) ;
#856 = VERTEX_POINT ( 'NONE', #398 ) ;
#857 = DIRECTION ( 'NONE',  ( 0.000000000000000000, 0.000000000000000000, -1.000000000000000000 ) ) ;
#858 = DIRECTION ( 'NONE',  ( 0.000000000000000000, 0.000000000000000000, 1.000000000000000000 ) ) ;
#859 = ORIENTED_EDGE ( 'NONE', *, *, #1395, .F. ) ;
#860 = AXIS2_PLACEMENT_3D ( 'NONE', #893, #566, #543 ) ;
#861 = EDGE_CURVE ( 'NONE', #1084, #349, #1531, .T. ) ;
#862 = AXIS2_PLACEMENT_3D ( 'NONE', #629, #151, #1110 ) ;
#863 = CARTESIAN_POINT ( 'NONE',  ( -10.00000000000000888, 5.000000000000000000, 17.32050807568877104 ) ) ;
#864 = CIRCLE ( 'NONE', #338, 15.15000000000000036 ) ;
#865 = CIRCLE ( 'NONE', #1283, 1.700000000000000178 ) ;
#866 = FACE_BOUND ( 'NONE', #634, .T. ) ;
#867 = CARTESIAN_POINT ( 'NONE',  ( -45.00000000000000000, 86.75000000000000000, -41.75000000000000000 ) ) ;
#868 = ORIENTED_EDGE ( 'NONE', *, *, #321, .F. ) ;
#869 = ADVANCED_FACE ( 'NONE', ( #879 ), #655, .F. ) ;
#870 = ORIENTED_EDGE ( 'NONE', *, *, #498, .T. ) ;
#871 = CARTESIAN_POINT ( 'NONE',  ( -45.00000000000000000, 86.75000000000000000, 46.75000000000000000 ) ) ;
#872 = CARTESIAN_POINT ( 'NONE',  ( -90.50000000000000000, 73.57883832488647613, -14.80000000000000426 ) ) ;
#873 = ORIENTED_EDGE ( 'NONE', *, *, #204, .T. ) ;
#874 = CARTESIAN_POINT ( 'NONE',  ( -85.49999999999998579, 45.00000000000000000, -33.00000000000000000 ) ) ;
#875 = CARTESIAN_POINT ( 'NONE',  ( -85.49999999999998579, 0.000000000000000000, 41.75000000000000000 ) ) ;
#876 = DIRECTION ( 'NONE',  ( 0.000000000000000000, 1.000000000000000000, 0.000000000000000000 ) ) ;
#877 = EDGE_CURVE ( 'NONE', #1126, #802, #290, .T. ) ;
#878 = EDGE_LOOP ( 'NONE', ( #487, #982, #622, #1525 ) ) ;
#879 = FACE_OUTER_BOUND ( 'NONE', #1318, .T. ) ;
#880 = FACE_BOUND ( 'NONE', #274, .T. ) ;
#881 = CIRCLE ( 'NONE', #358, 1.700000000000000178 ) ;
#882 = VECTOR ( 'NONE', #1474, 1000.000000000000000 ) ;
#883 = CARTESIAN_POINT ( 'NONE',  ( -45.00000000000000000, 5.000000000000000000, 46.75000000000000000 ) ) ;
#884 = AXIS2_PLACEMENT_3D ( 'NONE', #1134, #641, #632 ) ;
#885 = PLANE ( 'NONE',  #714 ) ;
#886 = LINE ( 'NONE', #83, #593 ) ;
#887 = AXIS2_PLACEMENT_3D ( 'NONE', #682, #112, #910 ) ;
#888 = ORIENTED_EDGE ( 'NONE', *, *, #944, .F. ) ;
#889 = EDGE_CURVE ( 'NONE', #8, #369, #194, .T. ) ;
#890 = DIRECTION ( 'NONE',  ( -1.000000000000000000, -0.000000000000000000, -0.000000000000000000 ) ) ;
#891 = CARTESIAN_POINT ( 'NONE',  ( -85.49999999999998579, 86.75000000000000000, -46.75000000000000000 ) ) ;
#892 = VERTEX_POINT ( 'NONE', #1260 ) ;
#893 = CARTESIAN_POINT ( 'NONE',  ( -90.50000000000000000, 45.00000000000000711, 33.00000000000000000 ) ) ;
#894 = DIRECTION ( 'NONE',  ( 1.000000000000000000, 0.000000000000000000, 0.000000000000000000 ) ) ;
#895 = DIRECTION ( 'NONE',  ( 0.000000000000000000, 1.000000000000000000, 0.000000000000000000 ) ) ;
#896 = DIRECTION ( 'NONE',  ( -0.000000000000000000, -1.000000000000000000, -0.000000000000000000 ) ) ;
#897 = EDGE_CURVE ( 'NONE', #680, #449, #563, .T. ) ;
#898 = ORIENTED_EDGE ( 'NONE', *, *, #625, .F. ) ;
#899 = CARTESIAN_POINT ( 'NONE',  ( -10.00000000000000888, 0.000000000000000000, 19.02050807568877033 ) ) ;
#900 = DIRECTION ( 'NONE',  ( 0.000000000000000000, 0.000000000000000000, 1.000000000000000000 ) ) ;
#901 = EDGE_CURVE ( 'NONE', #333, #132, #1461, .T. ) ;
#902 = EDGE_CURVE ( 'NONE', #1447, #850, #762, .T. ) ;
#903 = DIRECTION ( 'NONE',  ( 0.000000000000000000, 1.000000000000000000, 0.000000000000000000 ) ) ;
#904 = DIRECTION ( 'NONE',  ( 0.000000000000000000, -1.000000000000000000, 0.000000000000000000 ) ) ;
#905 = DIRECTION ( 'NONE',  ( 0.000000000000000000, 0.000000000000000000, 1.000000000000000000 ) ) ;
#906 = CARTESIAN_POINT ( 'NONE',  ( -90.50000000000000000, 16.42116167511352742, 18.20000000000001350 ) ) ;
#907 = ORIENTED_EDGE ( 'NONE', *, *, #1138, .F. ) ;
#908 = CARTESIAN_POINT ( 'NONE',  ( 0.000000000000000000, 5.000000000000000000, 0.000000000000000000 ) ) ;
#909 = ORIENTED_EDGE ( 'NONE', *, *, #852, .F. ) ;
#910 = DIRECTION ( 'NONE',  ( 0.000000000000000000, 0.000000000000000000, 1.000000000000000000 ) ) ;
#911 = PERSON_AND_ORGANIZATION ( #485, #175 ) ;
#912 = EDGE_CURVE ( 'NONE', #378, #149, #966, .T. ) ;
#913 = CIRCLE ( 'NONE', #240, 1.700000000000000178 ) ;
#914 = DIRECTION ( 'NONE',  ( 0.000000000000000000, 0.000000000000000000, 1.000000000000000000 ) ) ;
#915 = EDGE_LOOP ( 'NONE', ( #724, #1193 ) ) ;
#916 = PLANE ( 'NONE',  #592 ) ;
#917 = CARTESIAN_POINT ( 'NONE',  ( -85.49999999999998579, 45.00000000000000711, 33.00000000000000000 ) ) ;
#918 = AXIS2_PLACEMENT_3D ( 'NONE', #73, #896, #65 ) ;
#919 = AXIS2_PLACEMENT_3D ( 'NONE', #324, #1298, #216 ) ;
#920 = CIRCLE ( 'NONE', #1406, 1.700000000000000178 ) ;
#921 = ORIENTED_EDGE ( 'NONE', *, *, #1055, .T. ) ;
#922 = AXIS2_PLACEMENT_3D ( 'NONE', #1385, #1035, #1266 ) ;
#923 = DIRECTION ( 'NONE',  ( 1.000000000000000000, 0.000000000000000000, 0.000000000000000000 ) ) ;
#924 = EDGE_CURVE ( 'NONE', #856, #953, #1004, .T. ) ;
#925 = CARTESIAN_POINT ( 'NONE',  ( -85.49999999999998579, 45.00000000000000000, -31.30000000000000071 ) ) ;
#926 = FACE_OUTER_BOUND ( 'NONE', #114, .T. ) ;
#927 = LINE ( 'NONE', #288, #305 ) ;
#928 = ADVANCED_FACE ( 'NONE', ( #86 ), #408, .F. ) ;
#929 = VERTEX_POINT ( 'NONE', #423 ) ;
#930 = CARTESIAN_POINT ( 'NONE',  ( 10.00000000000000178, 5.000000000000000000, 15.62050807568877353 ) ) ;
#931 = CARTESIAN_POINT ( 'NONE',  ( -45.00000000000000000, 86.75000000000000000, 41.75000000000000000 ) ) ;
#932 = EDGE_LOOP ( 'NONE', ( #356, #1033, #630, #289 ) ) ;
#933 = DIRECTION ( 'NONE',  ( 0.000000000000000000, 0.000000000000000000, 1.000000000000000000 ) ) ;
#934 = DIRECTION ( 'NONE',  ( 0.000000000000000000, 0.000000000000000000, -1.000000000000000000 ) ) ;
#935 = EDGE_CURVE ( 'NONE', #233, #722, #409, .T. ) ;
#936 = ORIENTED_EDGE ( 'NONE', *, *, #371, .F. ) ;
#937 = EDGE_CURVE ( 'NONE', #769, #5, #1009, .T. ) ;
#938 = LINE ( 'NONE', #1415, #843 ) ;
#939 = ORIENTED_EDGE ( 'NONE', *, *, #266, .F. ) ;
#940 = ORIENTED_EDGE ( 'NONE', *, *, #1055, .F. ) ;
#941 = DIRECTION ( 'NONE',  ( -0.000000000000000000, -1.000000000000000000, -0.000000000000000000 ) ) ;
#942 = ORIENTED_EDGE ( 'NONE', *, *, #1053, .T. ) ;
#943 = AXIS2_PLACEMENT_3D ( 'NONE', #1153, #895, #784 ) ;
#944 = EDGE_CURVE ( 'NONE', #389, #1371, #1362, .T. ) ;
#945 = VECTOR ( 'NONE', #1545, 1000.000000000000000 ) ;
#946 = EDGE_LOOP ( 'NONE', ( #1543, #695 ) ) ;
#947 = CIRCLE ( 'NONE', #1180, 1.700000000000000178 ) ;
#948 = CARTESIAN_POINT ( 'NONE',  ( -45.00000000000000000, 5.000000000000000000, 0.000000000000000000 ) ) ;
#949 = ORIENTED_EDGE ( 'NONE', *, *, #1528, .F. ) ;
#950 = VERTEX_POINT ( 'NONE', #166 ) ;
#951 = CARTESIAN_POINT ( 'NONE',  ( 10.00000000000000178, 0.000000000000000000, -17.32050807568877460 ) ) ;
#952 = EDGE_LOOP ( 'NONE', ( #711, #939 ) ) ;
#953 = VERTEX_POINT ( 'NONE', #395 ) ;
#954 = EDGE_LOOP ( 'NONE', ( #478, #129 ) ) ;
#955 = EDGE_CURVE ( 'NONE', #963, #22, #1468, .T. ) ;
#956 = CARTESIAN_POINT ( 'NONE',  ( -85.49999999999998579, 86.75000000000000000, -41.75000000000000000 ) ) ;
#957 = CARTESIAN_POINT ( 'NONE',  ( 20.00000000000000000, 5.000000000000000000, 0.000000000000000000 ) ) ;
#958 = CARTESIAN_POINT ( 'NONE',  ( 10.00000000000000178, 5.000000000000000000, 19.02050807568877389 ) ) ;
#959 = EDGE_LOOP ( 'NONE', ( #314, #1159 ) ) ;
#960 = ORIENTED_EDGE ( 'NONE', *, *, #524, .F. ) ;
#961 = DIRECTION ( 'NONE',  ( -1.000000000000000000, -0.000000000000000000, -0.000000000000000000 ) ) ;
#962 = ADVANCED_FACE ( 'NONE', ( #1124 ), #1473, .F. ) ;
#963 = VERTEX_POINT ( 'NONE', #871 ) ;
#964 = CIRCLE ( 'NONE', #1149, 1.700000000000000178 ) ;
#965 = ORIENTED_EDGE ( 'NONE', *, *, #116, .T. ) ;
#966 = CIRCLE ( 'NONE', #491, 8.000000000000000000 ) ;
#967 = ORIENTED_EDGE ( 'NONE', *, *, #846, .T. ) ;
#968 = DIRECTION ( 'NONE',  ( 0.000000000000000000, 0.000000000000000000, -1.000000000000000000 ) ) ;
#969 = EDGE_CURVE ( 'NONE', #547, #929, #740, .T. ) ;
#970 = CIRCLE ( 'NONE', #1438, 1.700000000000000178 ) ;
#971 = CARTESIAN_POINT ( 'NONE',  ( -85.49999999999998579, 16.42116167511352387, -16.50000000000000355 ) ) ;
#972 = CARTESIAN_POINT ( 'NONE',  ( -85.49999999999998579, 0.000000000000000000, -41.75000000000000000 ) ) ;
#973 = ORIENTED_EDGE ( 'NONE', *, *, #643, .T. ) ;
#974 = EDGE_CURVE ( 'NONE', #105, #1447, #262, .T. ) ;
#975 = DIRECTION ( 'NONE',  ( 0.000000000000000000, 0.000000000000000000, -1.000000000000000000 ) ) ;
#976 = VERTEX_POINT ( 'NONE', #1109 ) ;
#977 = CARTESIAN_POINT ( 'NONE',  ( 30.00000000000000000, 5.000000000000000000, 46.75000000000000000 ) ) ;
#978 = DIRECTION ( 'NONE',  ( 0.000000000000000000, 1.000000000000000000, 0.000000000000000000 ) ) ;
#979 = DIRECTION ( 'NONE',  ( 0.000000000000000000, 0.000000000000000000, -1.000000000000000000 ) ) ;
#980 = APPLICATION_CONTEXT ( 'configuration controlled 3d designs of mechanical parts and assemblies' ) ;
#981 = DIRECTION ( 'NONE',  ( -0.000000000000000000, -1.000000000000000000, -0.000000000000000000 ) ) ;
#982 = ORIENTED_EDGE ( 'NONE', *, *, #1138, .T. ) ;
#983 = ADVANCED_FACE ( 'NONE', ( #251 ), #1221, .F. ) ;
#984 = VERTEX_POINT ( 'NONE', #493 ) ;
#985 = FACE_OUTER_BOUND ( 'NONE', #397, .T. ) ;
#986 = ORIENTED_EDGE ( 'NONE', *, *, #924, .F. ) ;
#987 = EDGE_CURVE ( 'NONE', #1077, #1242, #315, .T. ) ;
#988 = AXIS2_PLACEMENT_3D ( 'NONE', #316, #1285, #414 ) ;
#989 = DIRECTION ( 'NONE',  ( 0.000000000000000000, 0.000000000000000000, 1.000000000000000000 ) ) ;
#990 = VECTOR ( 'NONE', #68, 1000.000000000000000 ) ;
#991 = FACE_BOUND ( 'NONE', #344, .T. ) ;
#992 = ORIENTED_EDGE ( 'NONE', *, *, #797, .F. ) ;
#993 = ORIENTED_EDGE ( 'NONE', *, *, #597, .T. ) ;
#994 = DIRECTION ( 'NONE',  ( -0.000000000000000000, -1.000000000000000000, -0.000000000000000000 ) ) ;
#995 = CARTESIAN_POINT ( 'NONE',  ( -90.50000000000000000, 86.75000000000000000, 46.75000000000000000 ) ) ;
#996 = DIRECTION ( 'NONE',  ( 0.000000000000000000, 0.000000000000000000, -1.000000000000000000 ) ) ;
#997 = DIRECTION ( 'NONE',  ( 0.000000000000000000, 0.000000000000000000, 1.000000000000000000 ) ) ;
#998 = FACE_BOUND ( 'NONE', #847, .T. ) ;
#999 = PERSON_AND_ORGANIZATION ( #485, #175 ) ;
#1000 = EDGE_CURVE ( 'NONE', #1469, #105, #865, .T. ) ;
#1001 = ORIENTED_EDGE ( 'NONE', *, *, #1183, .T. ) ;
#1002 = CYLINDRICAL_SURFACE ( 'NONE', #922, 1.700000000000000178 ) ;
#1003 = ORIENTED_EDGE ( 'NONE', *, *, #1293, .F. ) ;
#1004 = LINE ( 'NONE', #1512, #690 ) ;
#1005 = CARTESIAN_POINT ( 'NONE',  ( -45.00000000000000000, 86.75000000000000000, -41.75000000000000000 ) ) ;
#1006 = AXIS2_PLACEMENT_3D ( 'NONE', #1509, #796, #103 ) ;
#1007 = VECTOR ( 'NONE', #1493, 1000.000000000000000 ) ;
#1008 = FACE_OUTER_BOUND ( 'NONE', #1312, .T. ) ;
#1009 = CIRCLE ( 'NONE', #1505, 1.700000000000000178 ) ;
#1010 = CARTESIAN_POINT ( 'NONE',  ( 10.00000000000000178, 0.000000000000000000, 15.62050807568877353 ) ) ;
#1011 = LINE ( 'NONE', #561, #1071 ) ;
#1012 = AXIS2_PLACEMENT_3D ( 'NONE', #1399, #205, #325 ) ;
#1013 = ORIENTED_EDGE ( 'NONE', *, *, #1042, .T. ) ;
#1014 = EDGE_CURVE ( 'NONE', #1343, #307, #540, .T. ) ;
#1015 = CARTESIAN_POINT ( 'NONE',  ( -90.50000000000000000, 5.000000000000000000, -46.75000000000000000 ) ) ;
#1016 = DIRECTION ( 'NONE',  ( -0.000000000000000000, -1.000000000000000000, -0.000000000000000000 ) ) ;
#1017 = CARTESIAN_POINT ( 'NONE',  ( -90.50000000000000000, 73.57883832488647613, -16.50000000000000355 ) ) ;
#1018 = DIRECTION ( 'NONE',  ( 0.000000000000000000, 1.000000000000000000, 0.000000000000000000 ) ) ;
#1019 = DIRECTION ( 'NONE',  ( -1.000000000000000000, 0.000000000000000000, 0.000000000000000000 ) ) ;
#1020 = CARTESIAN_POINT ( 'NONE',  ( -9.999999999999994671, 5.000000000000000000, -19.02050807568877389 ) ) ;
#1021 = ADVANCED_FACE ( 'NONE', ( #81, #1131, #413, #183, #783, #420, #1284, #1140 ), #916, .F. ) ;
#1022 = ORIENTED_EDGE ( 'NONE', *, *, #1442, .F. ) ;
#1023 = COORDINATED_UNIVERSAL_TIME_OFFSET ( 5, 30, .AHEAD. ) ;
#1024 = EDGE_CURVE ( 'NONE', #1074, #342, #152, .T. ) ;
#1025 = CARTESIAN_POINT ( 'NONE',  ( 30.00000000000000000, 0.000000000000000000, 46.75000000000000000 ) ) ;
#1026 = DIRECTION ( 'NONE',  ( 0.000000000000000000, 1.000000000000000000, 0.000000000000000000 ) ) ;
#1027 = DIRECTION ( 'NONE',  ( 0.000000000000000000, -1.000000000000000000, 0.000000000000000000 ) ) ;
#1028 = EDGE_LOOP ( 'NONE', ( #84, #936 ) ) ;
#1029 = EDGE_CURVE ( 'NONE', #342, #1074, #815, .T. ) ;
#1030 = DIRECTION ( 'NONE',  ( 0.000000000000000000, 0.000000000000000000, -1.000000000000000000 ) ) ;
#1031 = DATE_AND_TIME ( #556, #1064 ) ;
#1032 = DIRECTION ( 'NONE',  ( -0.000000000000000000, -1.000000000000000000, -0.000000000000000000 ) ) ;
#1033 = ORIENTED_EDGE ( 'NONE', *, *, #631, .T. ) ;
#1034 = CARTESIAN_POINT ( 'NONE',  ( 0.000000000000000000, 0.000000000000000000, -15.15000000000000036 ) ) ;
#1035 = DIRECTION ( 'NONE',  ( -0.000000000000000000, -1.000000000000000000, -0.000000000000000000 ) ) ;
#1036 = AXIS2_PLACEMENT_3D ( 'NONE', #764, #1519, #648 ) ;
#1037 = CIRCLE ( 'NONE', #364, 1.700000000000000178 ) ;
#1038 = ORIENTED_EDGE ( 'NONE', *, *, #1014, .T. ) ;
#1039 = AXIS2_PLACEMENT_3D ( 'NONE', #1142, #653, #210 ) ;
#1040 = CARTESIAN_POINT ( 'NONE',  ( -45.00000000000000000, 5.000000000000000000, 41.75000000000000000 ) ) ;
#1041 = COORDINATED_UNIVERSAL_TIME_OFFSET ( 5, 30, .AHEAD. ) ;
#1042 = EDGE_CURVE ( 'NONE', #269, #1116, #970, .T. ) ;
#1043 = CARTESIAN_POINT ( 'NONE',  ( -90.50000000000000000, 86.75000000000000000, -46.75000000000000000 ) ) ;
#1044 = ORIENTED_EDGE ( 'NONE', *, *, #246, .T. ) ;
#1045 = DIRECTION ( 'NONE',  ( 0.000000000000000000, 0.000000000000000000, -1.000000000000000000 ) ) ;
#1046 = FACE_OUTER_BOUND ( 'NONE', #442, .T. ) ;
#1047 = VERTEX_POINT ( 'NONE', #803 ) ;
#1048 = CARTESIAN_POINT ( 'NONE',  ( -85.49999999999998579, 16.42116167511352742, 14.80000000000001492 ) ) ;
#1049 = ORIENTED_EDGE ( 'NONE', *, *, #1270, .T. ) ;
#1050 = DIRECTION ( 'NONE',  ( 1.000000000000000000, 0.000000000000000000, 0.000000000000000000 ) ) ;
#1051 = ORIENTED_EDGE ( 'NONE', *, *, #1183, .F. ) ;
#1052 = CARTESIAN_POINT ( 'NONE',  ( -90.50000000000000000, 73.57883832488647613, -18.20000000000000284 ) ) ;
#1053 = EDGE_CURVE ( 'NONE', #1371, #389, #947, .T. ) ;
#1054 = ORIENTED_EDGE ( 'NONE', *, *, #681, .F. ) ;
#1055 = EDGE_CURVE ( 'NONE', #1210, #1432, #1429, .T. ) ;
#1056 = DIRECTION ( 'NONE',  ( 0.000000000000000000, 0.000000000000000000, -1.000000000000000000 ) ) ;
#1057 = PERSON_AND_ORGANIZATION ( #485, #175 ) ;
#1058 = ORIENTED_EDGE ( 'NONE', *, *, #190, .F. ) ;
#1059 = CC_DESIGN_PERSON_AND_ORGANIZATION_ASSIGNMENT ( #1182, #700, ( #1529 ) ) ;
#1060 = ORIENTED_EDGE ( 'NONE', *, *, #172, .T. ) ;
#1061 = CARTESIAN_POINT ( 'NONE',  ( -85.49999999999998579, 45.00000000000000000, -33.00000000000000000 ) ) ;
#1062 = ORIENTED_EDGE ( 'NONE', *, *, #2, .T. ) ;
#1063 = AXIS2_PLACEMENT_3D ( 'NONE', #396, #876, #279 ) ;
#1064 = LOCAL_TIME ( 11, 9, 26.00000000000000000, #712 ) ;
#1065 = CIRCLE ( 'NONE', #386, 1.700000000000000178 ) ;
#1066 = ORIENTED_EDGE ( 'NONE', *, *, #119, .F. ) ;
#1067 = ADVANCED_FACE ( 'NONE', ( #696 ), #1306, .F. ) ;
#1068 = AXIS2_PLACEMENT_3D ( 'NONE', #908, #1117, #749 ) ;
#1069 = LINE ( 'NONE', #1048, #1479 ) ;
#1070 = CALENDAR_DATE ( 2026, 24, 9 ) ;
#1071 = VECTOR ( 'NONE', #429, 1000.000000000000000 ) ;
#1072 = ORIENTED_EDGE ( 'NONE', *, *, #407, .T. ) ;
#1073 = ORIENTED_EDGE ( 'NONE', *, *, #771, .T. ) ;
#1074 = VERTEX_POINT ( 'NONE', #594 ) ;
#1075 = CARTESIAN_POINT ( 'NONE',  ( 0.000000000000000000, 0.000000000000000000, 0.000000000000000000 ) ) ;
#1076 = ORIENTED_EDGE ( 'NONE', *, *, #597, .F. ) ;
#1077 = VERTEX_POINT ( 'NONE', #476 ) ;
#1078 = ADVANCED_FACE ( 'NONE', ( #1452 ), #353, .F. ) ;
#1079 = VERTEX_POINT ( 'NONE', #719 ) ;
#1080 = ORIENTED_EDGE ( 'NONE', *, *, #2, .F. ) ;
#1081 = CARTESIAN_POINT ( 'NONE',  ( -85.49999999999998579, 45.00000000000000000, 0.000000000000000000 ) ) ;
#1082 = CARTESIAN_POINT ( 'NONE',  ( -85.49999999999998579, 45.00000000000000000, 8.000000000000000000 ) ) ;
#1083 = CYLINDRICAL_SURFACE ( 'NONE', #788, 1.700000000000000178 ) ;
#1084 = VERTEX_POINT ( 'NONE', #925 ) ;
#1085 = ORIENTED_EDGE ( 'NONE', *, *, #631, .F. ) ;
#1086 = CC_DESIGN_DATE_AND_TIME_ASSIGNMENT ( #1443, #346, ( #633 ) ) ;
#1087 = EDGE_CURVE ( 'NONE', #149, #1047, #135, .T. ) ;
#1088 = ORIENTED_EDGE ( 'NONE', *, *, #145, .F. ) ;
#1089 = ORIENTED_EDGE ( 'NONE', *, *, #1000, .T. ) ;
#1090 = DIRECTION ( 'NONE',  ( -0.000000000000000000, 0.000000000000000000, 1.000000000000000000 ) ) ;
#1091 = ADVANCED_FACE ( 'NONE', ( #323, #1297, #108, #576, #456, #215, #991, #725 ), #1483, .T. ) ;
#1092 = CARTESIAN_POINT ( 'NONE',  ( 0.000000000000000000, 2.200000000000000178, 0.000000000000000000 ) ) ;
#1093 = CARTESIAN_POINT ( 'NONE',  ( 20.00000000000000000, 5.000000000000000000, 0.000000000000000000 ) ) ;
#1094 = CIRCLE ( 'NONE', #195, 1.700000000000000178 ) ;
#1095 = ORIENTED_EDGE ( 'NONE', *, *, #1258, .F. ) ;
#1096 = FACE_OUTER_BOUND ( 'NONE', #1410, .T. ) ;
#1097 = CIRCLE ( 'NONE', #1310, 1.700000000000000178 ) ;
#1098 = CARTESIAN_POINT ( 'NONE',  ( 0.000000000000000000, 0.000000000000000000, 0.000000000000000000 ) ) ;
#1099 = DIRECTION ( 'NONE',  ( 0.000000000000000000, 0.000000000000000000, 1.000000000000000000 ) ) ;
#1100 = ADVANCED_FACE ( 'NONE', ( #854 ), #482, .F. ) ;
#1101 = DIRECTION ( 'NONE',  ( 1.000000000000000000, 0.000000000000000000, 0.000000000000000000 ) ) ;
#1102 = CARTESIAN_POINT ( 'NONE',  ( -85.49999999999998579, 86.75000000000000000, 46.75000000000000000 ) ) ;
#1103 = LINE ( 'NONE', #1240, #882 ) ;
#1104 = EDGE_CURVE ( 'NONE', #1079, #1455, #503, .T. ) ;
#1105 = ORIENTED_EDGE ( 'NONE', *, *, #552, .T. ) ;
#1106 = DIRECTION ( 'NONE',  ( 0.000000000000000000, 0.000000000000000000, 1.000000000000000000 ) ) ;
#1107 = ORIENTED_EDGE ( 'NONE', *, *, #643, .F. ) ;
#1108 = ADVANCED_FACE ( 'NONE', ( #382 ), #1211, .F. ) ;
#1109 = CARTESIAN_POINT ( 'NONE',  ( -90.50000000000000000, 86.75000000000000000, -46.75000000000000000 ) ) ;
#1110 = DIRECTION ( 'NONE',  ( 0.000000000000000000, 0.000000000000000000, -1.000000000000000000 ) ) ;
#1111 = ORIENTED_EDGE ( 'NONE', *, *, #937, .T. ) ;
#1112 = DIRECTION ( 'NONE',  ( 1.000000000000000000, 0.000000000000000000, 0.000000000000000000 ) ) ;
#1113 = ADVANCED_FACE ( 'NONE', ( #611 ), #841, .F. ) ;
#1114 = EDGE_LOOP ( 'NONE', ( #1089, #331, #790, #249 ) ) ;
#1115 = LINE ( 'NONE', #46, #282 ) ;
#1116 = VERTEX_POINT ( 'NONE', #730 ) ;
#1117 = DIRECTION ( 'NONE',  ( 0.000000000000000000, 1.000000000000000000, 0.000000000000000000 ) ) ;
#1118 = VECTOR ( 'NONE', #914, 1000.000000000000000 ) ;
#1119 = LOCAL_TIME ( 11, 9, 26.00000000000000000, #1041 ) ;
#1120 = AXIS2_PLACEMENT_3D ( 'NONE', #1265, #1411, #89 ) ;
#1121 = AXIS2_PLACEMENT_3D ( 'NONE', #1465, #133, #1237 ) ;
#1122 = FACE_BOUND ( 'NONE', #131, .T. ) ;
#1123 = CIRCLE ( 'NONE', #128, 8.000000000000000000 ) ;
#1124 = FACE_OUTER_BOUND ( 'NONE', #159, .T. ) ;
#1125 = CARTESIAN_POINT ( 'NONE',  ( 6.123233995736766282E-16, 2.200000000000000178, 5.000000000000000000 ) ) ;
#1126 = VERTEX_POINT ( 'NONE', #977 ) ;
#1127 = DIRECTION ( 'NONE',  ( 0.000000000000000000, 1.000000000000000000, 0.000000000000000000 ) ) ;
#1128 = ADVANCED_FACE ( 'NONE', ( #1096 ), #34, .F. ) ;
#1129 = DIRECTION ( 'NONE',  ( -1.000000000000000000, -0.000000000000000000, -0.000000000000000000 ) ) ;
#1130 = EDGE_LOOP ( 'NONE', ( #596, #650, #701, #674 ) ) ;
#1131 = FACE_BOUND ( 'NONE', #280, .T. ) ;
#1132 = DIRECTION ( 'NONE',  ( -0.000000000000000000, -1.000000000000000000, -0.000000000000000000 ) ) ;
#1133 = ORIENTED_EDGE ( 'NONE', *, *, #343, .T. ) ;
#1134 = CARTESIAN_POINT ( 'NONE',  ( 10.00000000000000178, 0.000000000000000000, 17.32050807568877460 ) ) ;
#1135 = EDGE_CURVE ( 'NONE', #1116, #583, #1218, .T. ) ;
#1136 = DIRECTION ( 'NONE',  ( 0.000000000000000000, 0.000000000000000000, 1.000000000000000000 ) ) ;
#1137 = ORIENTED_EDGE ( 'NONE', *, *, #1490, .F. ) ;
#1138 = EDGE_CURVE ( 'NONE', #722, #307, #40, .T. ) ;
#1139 = DIRECTION ( 'NONE',  ( 0.000000000000000000, -1.000000000000000000, 0.000000000000000000 ) ) ;
#1140 = FACE_OUTER_BOUND ( 'NONE', #459, .T. ) ;
#1141 = CARTESIAN_POINT ( 'NONE',  ( -45.00000000000000000, 0.000000000000000000, 46.75000000000000000 ) ) ;
#1142 = CARTESIAN_POINT ( 'NONE',  ( -85.49999999999998579, 16.42116167511352742, 16.50000000000001421 ) ) ;
#1143 = ORIENTED_EDGE ( 'NONE', *, *, #44, .T. ) ;
#1144 = DESIGN_CONTEXT ( 'detailed design', #980, 'design' ) ;
#1145 = DIRECTION ( 'NONE',  ( 0.000000000000000000, 0.000000000000000000, 1.000000000000000000 ) ) ;
#1146 = DIRECTION ( 'NONE',  ( 0.000000000000000000, 0.000000000000000000, -1.000000000000000000 ) ) ;
#1147 = CARTESIAN_POINT ( 'NONE',  ( -20.00000000000000000, 5.000000000000000000, -2.449293598294706513E-15 ) ) ;
#1148 = VECTOR ( 'NONE', #95, 1000.000000000000000 ) ;
#1149 = AXIS2_PLACEMENT_3D ( 'NONE', #134, #1050, #1146 ) ;
#1150 = AXIS2_PLACEMENT_3D ( 'NONE', #1092, #855, #285 ) ;
#1151 = PLANE ( 'NONE',  #759 ) ;
#1152 = AXIS2_PLACEMENT_3D ( 'NONE', #863, #1346, #601 ) ;
#1153 = CARTESIAN_POINT ( 'NONE',  ( 0.000000000000000000, 0.000000000000000000, 0.000000000000000000 ) ) ;
#1154 = ADVANCED_FACE ( 'NONE', ( #1458 ), #1470, .F. ) ;
#1155 = CARTESIAN_POINT ( 'NONE',  ( -45.00000000000000000, 0.000000000000000000, -46.75000000000000000 ) ) ;
#1156 = ORIENTED_EDGE ( 'NONE', *, *, #955, .T. ) ;
#1157 = ADVANCED_FACE ( 'NONE', ( #488 ), #373, .F. ) ;
#1158 = DIRECTION ( 'NONE',  ( -1.000000000000000000, -0.000000000000000000, -0.000000000000000000 ) ) ;
#1159 = ORIENTED_EDGE ( 'NONE', *, *, #1171, .T. ) ;
#1160 = EDGE_LOOP ( 'NONE', ( #1038, #227 ) ) ;
#1161 = CARTESIAN_POINT ( 'NONE',  ( -20.00000000000000000, 5.000000000000000000, -2.449293598294706513E-15 ) ) ;
#1162 = DIRECTION ( 'NONE',  ( -1.000000000000000000, 0.000000000000000000, 0.000000000000000000 ) ) ;
#1163 = CARTESIAN_POINT ( 'NONE',  ( -90.50000000000000000, 45.00000000000000000, 0.000000000000000000 ) ) ;
#1164 = ORIENTED_EDGE ( 'NONE', *, *, #1401, .F. ) ;
#1165 = LINE ( 'NONE', #3, #468 ) ;
#1166 = DIRECTION ( 'NONE',  ( 0.000000000000000000, 1.000000000000000000, 0.000000000000000000 ) ) ;
#1167 = EDGE_LOOP ( 'NONE', ( #318, #1334, #211, #909 ) ) ;
#1168 = CARTESIAN_POINT ( 'NONE',  ( 1.855339900708240019E-15, 2.200000000000000178, 15.15000000000000036 ) ) ;
#1169 = CARTESIAN_POINT ( 'NONE',  ( -9.999999999999994671, 0.000000000000000000, -15.62050807568877353 ) ) ;
#1170 = DIRECTION ( 'NONE',  ( 0.000000000000000000, 0.000000000000000000, -1.000000000000000000 ) ) ;
#1171 = EDGE_CURVE ( 'NONE', #741, #734, #1037, .T. ) ;
#1172 = CLOSED_SHELL ( 'NONE', ( #226, #516, #657, #983, #1078, #599, #1157, #1214, #807, #1360, #1108, #140, #300, #1407, #1374, #1021, #24, #1091, #752, #1344, #361, #869, #69, #586, #1128, #962, #1113, #773, #1243, #1067, #673, #78, #292, #709, #834, #460, #928, #1364, #164, #523, #1154, #1100, #130 ) ) ;
#1173 = DIRECTION ( 'NONE',  ( 0.000000000000000000, 1.000000000000000000, 0.000000000000000000 ) ) ;
#1174 = DIRECTION ( 'NONE',  ( -1.000000000000000000, -0.000000000000000000, -0.000000000000000000 ) ) ;
#1175 = CARTESIAN_POINT ( 'NONE',  ( -10.00000000000000888, 5.000000000000000000, 17.32050807568877104 ) ) ;
#1176 = APPROVAL_PERSON_ORGANIZATION ( #823, #1426, #350 ) ;
#1177 = DIRECTION ( 'NONE',  ( 0.000000000000000000, 0.000000000000000000, 1.000000000000000000 ) ) ;
#1178 = CIRCLE ( 'NONE', #1006, 1.700000000000000178 ) ;
#1179 = CIRCLE ( 'NONE', #663, 1.700000000000000178 ) ;
#1180 = AXIS2_PLACEMENT_3D ( 'NONE', #957, #1544, #933 ) ;
#1181 = CARTESIAN_POINT ( 'NONE',  ( -90.50000000000000000, 45.00000000000000000, 0.000000000000000000 ) ) ;
#1182 = PERSON_AND_ORGANIZATION ( #485, #175 ) ;
#1183 = EDGE_CURVE ( 'NONE', #1084, #547, #258, .T. ) ;
#1184 = ORIENTED_EDGE ( 'NONE', *, *, #693, .F. ) ;
#1185 = DIRECTION ( 'NONE',  ( 0.000000000000000000, 0.000000000000000000, 1.000000000000000000 ) ) ;
#1186 = DIRECTION ( 'NONE',  ( 0.000000000000000000, 0.000000000000000000, 1.000000000000000000 ) ) ;
#1187 = ORIENTED_EDGE ( 'NONE', *, *, #498, .F. ) ;
#1188 = CARTESIAN_POINT ( 'NONE',  ( 0.000000000000000000, 2.200000000000000178, -5.000000000000000000 ) ) ;
#1189 = ORIENTED_EDGE ( 'NONE', *, *, #343, .F. ) ;
#1190 = EDGE_LOOP ( 'NONE', ( #475, #370, #571, #1051 ) ) ;
#1191 = CARTESIAN_POINT ( 'NONE',  ( -20.00000000000000000, 5.000000000000000000, -1.700000000000002398 ) ) ;
#1192 = EDGE_CURVE ( 'NONE', #1327, #856, #1311, .T. ) ;
#1193 = ORIENTED_EDGE ( 'NONE', *, *, #1238, .T. ) ;
#1194 = ORIENTED_EDGE ( 'NONE', *, *, #51, .T. ) ;
#1195 = DIRECTION ( 'NONE',  ( 0.000000000000000000, 0.000000000000000000, -1.000000000000000000 ) ) ;
#1196 = ORIENTED_EDGE ( 'NONE', *, *, #155, .F. ) ;
#1197 = EDGE_LOOP ( 'NONE', ( #748, #1457 ) ) ;
#1198 = CARTESIAN_POINT ( 'NONE',  ( -90.50000000000000000, 45.00000000000000000, -31.30000000000000071 ) ) ;
#1199 = DIRECTION ( 'NONE',  ( 1.000000000000000000, 0.000000000000000000, 0.000000000000000000 ) ) ;
#1200 = VECTOR ( 'NONE', #63, 1000.000000000000000 ) ;
#1201 = ORIENTED_EDGE ( 'NONE', *, *, #1368, .F. ) ;
#1202 = EDGE_CURVE ( 'NONE', #1077, #474, #32, .T. ) ;
#1203 = CIRCLE ( 'NONE', #1012, 1.700000000000000178 ) ;
#1204 = VECTOR ( 'NONE', #560, 1000.000000000000000 ) ;
#1205 = VECTOR ( 'NONE', #1016, 1000.000000000000000 ) ;
#1206 = ORIENTED_EDGE ( 'NONE', *, *, #1368, .T. ) ;
#1207 = VECTOR ( 'NONE', #427, 1000.000000000000000 ) ;
#1208 = AXIS2_PLACEMENT_3D ( 'NONE', #236, #1177, #1199 ) ;
#1209 = ORIENTED_EDGE ( 'NONE', *, *, #1104, .T. ) ;
#1210 = VERTEX_POINT ( 'NONE', #1040 ) ;
#1211 = CYLINDRICAL_SURFACE ( 'NONE', #1121, 1.700000000000000178 ) ;
#1212 = CYLINDRICAL_SURFACE ( 'NONE', #1436, 1.700000000000000178 ) ;
#1213 = ORIENTED_EDGE ( 'NONE', *, *, #1087, .F. ) ;
#1214 = ADVANCED_FACE ( 'NONE', ( #564 ), #328, .F. ) ;
#1215 = ORIENTED_EDGE ( 'NONE', *, *, #146, .T. ) ;
#1216 = EDGE_CURVE ( 'NONE', #984, #265, #1097, .T. ) ;
#1217 = EDGE_LOOP ( 'NONE', ( #1386, #806 ) ) ;
#1218 = LINE ( 'NONE', #627, #638 ) ;
#1219 = FACE_OUTER_BOUND ( 'NONE', #1539, .T. ) ;
#1220 = ORIENTED_EDGE ( 'NONE', *, *, #897, .T. ) ;
#1221 = CYLINDRICAL_SURFACE ( 'NONE', #1409, 1.700000000000000178 ) ;
#1222 = ORIENTED_EDGE ( 'NONE', *, *, #524, .T. ) ;
#1223 = EDGE_CURVE ( 'NONE', #132, #333, #1506, .T. ) ;
#1224 = CARTESIAN_POINT ( 'NONE',  ( -90.50000000000000000, 5.000000000000000000, 46.75000000000000000 ) ) ;
#1225 = CARTESIAN_POINT ( 'NONE',  ( 10.00000000000000178, 5.000000000000000000, 15.62050807568877353 ) ) ;
#1226 = CARTESIAN_POINT ( 'NONE',  ( -85.49999999999998579, 16.42116167511352387, -16.50000000000000355 ) ) ;
#1227 = VECTOR ( 'NONE', #1373, 1000.000000000000000 ) ;
#1228 = AXIS2_PLACEMENT_3D ( 'NONE', #794, #1507, #1542 ) ;
#1229 = AXIS2_PLACEMENT_3D ( 'NONE', #76, #1127, #1145 ) ;
#1230 = AXIS2_PLACEMENT_3D ( 'NONE', #691, #554, #1030 ) ;
#1231 = ORIENTED_EDGE ( 'NONE', *, *, #1171, .F. ) ;
#1232 = VECTOR ( 'NONE', #1448, 1000.000000000000000 ) ;
#1233 = ORIENTED_EDGE ( 'NONE', *, *, #1351, .T. ) ;
#1234 = DIRECTION ( 'NONE',  ( -0.000000000000000000, -1.000000000000000000, -0.000000000000000000 ) ) ;
#1235 = FACE_OUTER_BOUND ( 'NONE', #469, .T. ) ;
#1236 = ORIENTED_EDGE ( 'NONE', *, *, #1192, .T. ) ;
#1237 = DIRECTION ( 'NONE',  ( 0.000000000000000000, 0.000000000000000000, -1.000000000000000000 ) ) ;
#1238 = EDGE_CURVE ( 'NONE', #892, #1047, #339, .T. ) ;
#1239 = CARTESIAN_POINT ( 'NONE',  ( -20.00000000000000000, 0.000000000000000000, -1.700000000000002398 ) ) ;
#1240 = CARTESIAN_POINT ( 'NONE',  ( 30.00000000000000000, 5.000000000000000000, 46.75000000000000000 ) ) ;
#1241 = EDGE_CURVE ( 'NONE', #692, #1432, #452, .T. ) ;
#1242 = VERTEX_POINT ( 'NONE', #581 ) ;
#1243 = ADVANCED_FACE ( 'NONE', ( #792 ), #800, .F. ) ;
#1244 = DIRECTION ( 'NONE',  ( 1.000000000000000000, 0.000000000000000000, 0.000000000000000000 ) ) ;
#1245 = ORIENTED_EDGE ( 'NONE', *, *, #924, .T. ) ;
#1246 = DIRECTION ( 'NONE',  ( 0.000000000000000000, 0.000000000000000000, -1.000000000000000000 ) ) ;
#1247 = ORIENTED_EDGE ( 'NONE', *, *, #1528, .T. ) ;
#1248 = EDGE_CURVE ( 'NONE', #378, #892, #106, .T. ) ;
#1249 = DIRECTION ( 'NONE',  ( -0.000000000000000000, -0.000000000000000000, -1.000000000000000000 ) ) ;
#1250 = AXIS2_PLACEMENT_3D ( 'NONE', #1390, #1166, #767 ) ;
#1251 = DIRECTION ( 'NONE',  ( 0.000000000000000000, 0.000000000000000000, -1.000000000000000000 ) ) ;
#1252 = VECTOR ( 'NONE', #584, 1000.000000000000000 ) ;
#1253 = PERSON_AND_ORGANIZATION_ROLE ( 'creator' ) ;
#1254 = CIRCLE ( 'NONE', #198, 1.700000000000000178 ) ;
#1255 = ORIENTED_EDGE ( 'NONE', *, *, #877, .T. ) ;
#1256 = LINE ( 'NONE', #645, #404 ) ;
#1257 = FACE_OUTER_BOUND ( 'NONE', #1462, .T. ) ;
#1258 = EDGE_CURVE ( 'NONE', #349, #929, #1165, .T. ) ;
#1259 = ORIENTED_EDGE ( 'NONE', *, *, #407, .F. ) ;
#1260 = CARTESIAN_POINT ( 'NONE',  ( -90.50000000000000000, 45.00000000000000000, -8.000000000000000000 ) ) ;
#1261 = CARTESIAN_POINT ( 'NONE',  ( -90.50000000000000000, 0.000000000000000000, 46.75000000000000000 ) ) ;
#1262 = DATE_TIME_ROLE ( 'creation_date' ) ;
#1263 = DIRECTION ( 'NONE',  ( -1.000000000000000000, -0.000000000000000000, -0.000000000000000000 ) ) ;
#1264 = CARTESIAN_POINT ( 'NONE',  ( 10.00000000000000178, 5.000000000000000000, -17.32050807568877460 ) ) ;
#1265 = CARTESIAN_POINT ( 'NONE',  ( -85.49999999999998579, 73.57883832488647613, 16.49999999999999289 ) ) ;
#1266 = DIRECTION ( 'NONE',  ( 0.000000000000000000, 0.000000000000000000, -1.000000000000000000 ) ) ;
#1267 = ORIENTED_EDGE ( 'NONE', *, *, #246, .F. ) ;
#1268 = CARTESIAN_POINT ( 'NONE',  ( -85.49999999999998579, 16.42116167511352387, -16.50000000000000355 ) ) ;
#1269 = CYLINDRICAL_SURFACE ( 'NONE', #125, 1.700000000000000178 ) ;
#1270 = EDGE_CURVE ( 'NONE', #5, #333, #120, .T. ) ;
#1271 = CARTESIAN_POINT ( 'NONE',  ( 20.00000000000000000, 5.000000000000000000, 0.000000000000000000 ) ) ;
#1272 = DIRECTION ( 'NONE',  ( 0.000000000000000000, 1.000000000000000000, 0.000000000000000000 ) ) ;
#1273 = FACE_OUTER_BOUND ( 'NONE', #825, .T. ) ;
#1274 = CARTESIAN_POINT ( 'NONE',  ( 0.000000000000000000, 2.200000000000000178, 0.000000000000000000 ) ) ;
#1275 = CARTESIAN_POINT ( 'NONE',  ( -85.49999999999998579, 45.00000000000000711, 34.70000000000000284 ) ) ;
#1276 = VERTEX_POINT ( 'NONE', #94 ) ;
#1277 = DIRECTION ( 'NONE',  ( 0.000000000000000000, 0.000000000000000000, -1.000000000000000000 ) ) ;
#1278 = CIRCLE ( 'NONE', #562, 1.700000000000000178 ) ;
#1279 = LOCAL_TIME ( 11, 9, 26.00000000000000000, #1023 ) ;
#1280 = CIRCLE ( 'NONE', #988, 1.700000000000000178 ) ;
#1281 = AXIS2_PLACEMENT_3D ( 'NONE', #1224, #1396, #1251 ) ;
#1282 = PLANE ( 'NONE',  #588 ) ;
#1283 = AXIS2_PLACEMENT_3D ( 'NONE', #1264, #1272, #71 ) ;
#1284 = FACE_BOUND ( 'NONE', #1028, .T. ) ;
#1285 = DIRECTION ( 'NONE',  ( 0.000000000000000000, 1.000000000000000000, 0.000000000000000000 ) ) ;
#1286 = DIRECTION ( 'NONE',  ( 0.000000000000000000, 1.000000000000000000, 0.000000000000000000 ) ) ;
#1287 = AXIS2_PLACEMENT_3D ( 'NONE', #441, #1498, #303 ) ;
#1288 = DIRECTION ( 'NONE',  ( -1.000000000000000000, -0.000000000000000000, -0.000000000000000000 ) ) ;
#1289 = DIRECTION ( 'NONE',  ( 0.000000000000000000, 0.000000000000000000, -1.000000000000000000 ) ) ;
#1290 = ORIENTED_EDGE ( 'NONE', *, *, #326, .T. ) ;
#1291 = DIRECTION ( 'NONE',  ( 1.000000000000000000, 0.000000000000000000, 0.000000000000000000 ) ) ;
#1292 = FACE_OUTER_BOUND ( 'NONE', #1114, .T. ) ;
#1293 = EDGE_CURVE ( 'NONE', #976, #953, #938, .T. ) ;
#1294 = CARTESIAN_POINT ( 'NONE',  ( -9.999999999999994671, 5.000000000000000000, -17.32050807568877460 ) ) ;
#1295 = FACE_OUTER_BOUND ( 'NONE', #1331, .T. ) ;
#1296 = ORIENTED_EDGE ( 'NONE', *, *, #694, .F. ) ;
#1297 = FACE_BOUND ( 'NONE', #514, .T. ) ;
#1298 = DIRECTION ( 'NONE',  ( -1.000000000000000000, -0.000000000000000000, -0.000000000000000000 ) ) ;
#1299 = EDGE_CURVE ( 'NONE', #1276, #455, #1069, .T. ) ;
#1300 = EDGE_LOOP ( 'NONE', ( #949, #809, #1413, #553 ) ) ;
#1301 = CARTESIAN_POINT ( 'NONE',  ( 20.00000000000000000, 0.000000000000000000, 0.000000000000000000 ) ) ;
#1302 = APPROVAL_DATE_TIME ( #453, #188 ) ;
#1303 = AXIS2_PLACEMENT_3D ( 'NONE', #271, #644, #746 ) ;
#1304 = AXIS2_PLACEMENT_3D ( 'NONE', #526, #428, #402 ) ;
#1305 = ORIENTED_EDGE ( 'NONE', *, *, #312, .F. ) ;
#1306 = CYLINDRICAL_SURFACE ( 'NONE', #199, 15.15000000000000036 ) ;
#1307 = DIRECTION ( 'NONE',  ( 0.000000000000000000, 0.000000000000000000, 1.000000000000000000 ) ) ;
#1308 = VECTOR ( 'NONE', #1136, 1000.000000000000000 ) ;
#1309 = AXIS2_PLACEMENT_3D ( 'NONE', #308, #994, #417 ) ;
#1310 = AXIS2_PLACEMENT_3D ( 'NONE', #1301, #99, #704 ) ;
#1311 = LINE ( 'NONE', #1403, #1463 ) ;
#1312 = EDGE_LOOP ( 'NONE', ( #167, #603, #17, #411 ) ) ;
#1313 = EDGE_CURVE ( 'NONE', #567, #117, #699, .T. ) ;
#1314 = ORIENTED_EDGE ( 'NONE', *, *, #565, .F. ) ;
#1315 = CARTESIAN_POINT ( 'NONE',  ( -85.49999999999998579, 45.00000000000000000, 0.000000000000000000 ) ) ;
#1316 =( NAMED_UNIT ( * ) PLANE_ANGLE_UNIT ( ) SI_UNIT ( $, .RADIAN. ) );
#1317 = VERTEX_POINT ( 'NONE', #319 ) ;
#1318 = EDGE_LOOP ( 'NONE', ( #689, #639, #244, #1290, #1245, #1003 ) ) ;
#1319 = DIRECTION ( 'NONE',  ( 0.000000000000000000, 0.000000000000000000, -1.000000000000000000 ) ) ;
#1320 = APPROVAL_STATUS ( 'not_yet_approved' ) ;
#1321 = ORIENTED_EDGE ( 'NONE', *, *, #902, .T. ) ;
#1322 = EDGE_CURVE ( 'NONE', #8, #256, #1363, .T. ) ;
#1323 = DIRECTION ( 'NONE',  ( 0.000000000000000000, 0.000000000000000000, 1.000000000000000000 ) ) ;
#1324 = ORIENTED_EDGE ( 'NONE', *, *, #578, .F. ) ;
#1325 = LINE ( 'NONE', #1341, #1252 ) ;
#1326 = EDGE_LOOP ( 'NONE', ( #1367, #525 ) ) ;
#1327 = VERTEX_POINT ( 'NONE', #206 ) ;
#1328 = DIRECTION ( 'NONE',  ( 0.000000000000000000, -1.000000000000000000, 0.000000000000000000 ) ) ;
#1329 = DIRECTION ( 'NONE',  ( -0.000000000000000000, -1.000000000000000000, -0.000000000000000000 ) ) ;
#1330 = EDGE_CURVE ( 'NONE', #43, #1210, #334, .T. ) ;
#1331 = EDGE_LOOP ( 'NONE', ( #446, #224, #793, #1492, #110, #390, #721, #41 ) ) ;
#1332 = AXIS2_PLACEMENT_3D ( 'NONE', #272, #754, #1246 ) ;
#1333 = AXIS2_PLACEMENT_3D ( 'NONE', #515, #1394, #997 ) ;
#1334 = ORIENTED_EDGE ( 'NONE', *, *, #605, .T. ) ;
#1335 = AXIS2_PLACEMENT_3D ( 'NONE', #495, #158, #968 ) ;
#1336 = LINE ( 'NONE', #139, #1232 ) ;
#1337 = VECTOR ( 'NONE', #1524, 1000.000000000000000 ) ;
#1338 = ORIENTED_EDGE ( 'NONE', *, *, #62, .F. ) ;
#1339 = CC_DESIGN_PERSON_AND_ORGANIZATION_ASSIGNMENT ( #335, #1416, ( #1529 ) ) ;
#1340 = CARTESIAN_POINT ( 'NONE',  ( -85.49999999999998579, 16.42116167511352387, -18.20000000000000284 ) ) ;
#1341 = CARTESIAN_POINT ( 'NONE',  ( -85.49999999999998579, 73.57883832488647613, -14.80000000000000426 ) ) ;
#1342 = CARTESIAN_POINT ( 'NONE',  ( -90.50000000000000000, 45.00000000000000000, -33.00000000000000000 ) ) ;
#1343 = VERTEX_POINT ( 'NONE', #1188 ) ;
#1344 = ADVANCED_FACE ( 'NONE', ( #1441 ), #345, .F. ) ;
#1345 = CARTESIAN_POINT ( 'NONE',  ( 10.00000000000000178, 5.000000000000000000, 17.32050807568877460 ) ) ;
#1346 = DIRECTION ( 'NONE',  ( -0.000000000000000000, -1.000000000000000000, -0.000000000000000000 ) ) ;
#1347 = CARTESIAN_POINT ( 'NONE',  ( -20.00000000000000000, 5.000000000000000000, -1.700000000000002398 ) ) ;
#1348 = DIRECTION ( 'NONE',  ( 0.000000000000000000, 0.000000000000000000, 1.000000000000000000 ) ) ;
#1349 = ORIENTED_EDGE ( 'NONE', *, *, #38, .F. ) ;
#1350 = FACE_OUTER_BOUND ( 'NONE', #932, .T. ) ;
#1351 = EDGE_CURVE ( 'NONE', #22, #761, #1336, .T. ) ;
#1352 = DIRECTION ( 'NONE',  ( 0.000000000000000000, 0.000000000000000000, -1.000000000000000000 ) ) ;
#1353 = CARTESIAN_POINT ( 'NONE',  ( -45.00000000000000000, 0.000000000000000000, -41.75000000000000000 ) ) ;
#1354 = CARTESIAN_POINT ( 'NONE',  ( -85.49999999999998579, 5.000000000000000000, -41.75000000000000000 ) ) ;
#1355 = ORIENTED_EDGE ( 'NONE', *, *, #723, .F. ) ;
#1356 = DIRECTION ( 'NONE',  ( 0.000000000000000000, 0.000000000000000000, -1.000000000000000000 ) ) ;
#1357 = DIRECTION ( 'NONE',  ( 1.000000000000000000, 0.000000000000000000, 0.000000000000000000 ) ) ;
#1358 = VERTEX_POINT ( 'NONE', #238 ) ;
#1359 = CIRCLE ( 'NONE', #1304, 1.700000000000000178 ) ;
#1360 = ADVANCED_FACE ( 'NONE', ( #1350 ), #379, .F. ) ;
#1361 = VECTOR ( 'NONE', #341, 1000.000000000000000 ) ;
#1362 = CIRCLE ( 'NONE', #127, 1.700000000000000178 ) ;
#1363 = CIRCLE ( 'NONE', #200, 1.700000000000000178 ) ;
#1364 = ADVANCED_FACE ( 'NONE', ( #1257 ), #851, .F. ) ;
#1365 = EDGE_LOOP ( 'NONE', ( #654, #1196, #366, #626 ) ) ;
#1366 = LINE ( 'NONE', #387, #7 ) ;
#1367 = ORIENTED_EDGE ( 'NONE', *, *, #273, .F. ) ;
#1368 = EDGE_CURVE ( 'NONE', #389, #984, #403, .T. ) ;
#1369 = CARTESIAN_POINT ( 'NONE',  ( -85.49999999999998579, 45.00000000000000711, 34.70000000000000284 ) ) ;
#1370 = CYLINDRICAL_SURFACE ( 'NONE', #1332, 1.700000000000000178 ) ;
#1371 = VERTEX_POINT ( 'NONE', #527 ) ;
#1372 = DIRECTION ( 'NONE',  ( 0.000000000000000000, 0.000000000000000000, -1.000000000000000000 ) ) ;
#1373 = DIRECTION ( 'NONE',  ( -0.000000000000000000, -1.000000000000000000, -0.000000000000000000 ) ) ;
#1374 = ADVANCED_FACE ( 'NONE', ( #1510 ), #1002, .F. ) ;
#1375 = DIRECTION ( 'NONE',  ( 0.000000000000000000, 0.000000000000000000, -1.000000000000000000 ) ) ;
#1376 = LINE ( 'NONE', #867, #610 ) ;
#1377 = LINE ( 'NONE', #777, #1007 ) ;
#1378 = VECTOR ( 'NONE', #557, 1000.000000000000000 ) ;
#1379 = DIRECTION ( 'NONE',  ( -1.000000000000000000, -0.000000000000000000, -0.000000000000000000 ) ) ;
#1380 = AXIS2_PLACEMENT_3D ( 'NONE', #457, #1430, #477 ) ;
#1381 = VECTOR ( 'NONE', #243, 1000.000000000000000 ) ;
#1382 = VECTOR ( 'NONE', #1419, 1000.000000000000000 ) ;
#1383 = CARTESIAN_POINT ( 'NONE',  ( -90.50000000000000000, 16.42116167511352387, -16.50000000000000355 ) ) ;
#1384 = CARTESIAN_POINT ( 'NONE',  ( -45.00000000000000000, 86.75000000000000000, -46.75000000000000000 ) ) ;
#1385 = CARTESIAN_POINT ( 'NONE',  ( 20.00000000000000000, 5.000000000000000000, 0.000000000000000000 ) ) ;
#1386 = ORIENTED_EDGE ( 'NONE', *, *, #1322, .F. ) ;
#1387 = DIRECTION ( 'NONE',  ( 0.000000000000000000, 0.000000000000000000, 1.000000000000000000 ) ) ;
#1388 = EDGE_CURVE ( 'NONE', #1358, #342, #217, .T. ) ;
#1389 = CARTESIAN_POINT ( 'NONE',  ( -45.00000000000000000, 5.000000000000000000, 0.000000000000000000 ) ) ;
#1390 = CARTESIAN_POINT ( 'NONE',  ( -10.00000000000000888, 0.000000000000000000, 17.32050807568877104 ) ) ;
#1391 = DIRECTION ( 'NONE',  ( 0.000000000000000000, 0.000000000000000000, -1.000000000000000000 ) ) ;
#1392 = CARTESIAN_POINT ( 'NONE',  ( -90.50000000000000000, 73.57883832488647613, 14.79999999999999361 ) ) ;
#1393 = LINE ( 'NONE', #660, #718 ) ;
#1394 = DIRECTION ( 'NONE',  ( -1.000000000000000000, -0.000000000000000000, -0.000000000000000000 ) ) ;
#1395 = EDGE_CURVE ( 'NONE', #307, #1343, #1404, .T. ) ;
#1396 = DIRECTION ( 'NONE',  ( 1.000000000000000000, -0.000000000000000000, 0.000000000000000000 ) ) ;
#1397 = DIRECTION ( 'NONE',  ( 0.000000000000000000, 0.000000000000000000, 1.000000000000000000 ) ) ;
#1398 = CARTESIAN_POINT ( 'NONE',  ( -85.49999999999998579, 45.00000000000000711, 33.00000000000000000 ) ) ;
#1399 = CARTESIAN_POINT ( 'NONE',  ( -85.49999999999998579, 73.57883832488647613, -16.50000000000000355 ) ) ;
#1400 = CARTESIAN_POINT ( 'NONE',  ( -85.49999999999998579, 45.00000000000000711, 33.00000000000000000 ) ) ;
#1401 = EDGE_CURVE ( 'NONE', #1047, #892, #1123, .T. ) ;
#1402 = ORIENTED_EDGE ( 'NONE', *, *, #605, .F. ) ;
#1403 = CARTESIAN_POINT ( 'NONE',  ( 30.00000000000000000, 0.000000000000000000, -46.75000000000000000 ) ) ;
#1404 = CIRCLE ( 'NONE', #1439, 5.000000000000000000 ) ;
#1405 = AXIS2_PLACEMENT_3D ( 'NONE', #768, #1018, #287 ) ;
#1406 = AXIS2_PLACEMENT_3D ( 'NONE', #1268, #539, #520 ) ;
#1407 = ADVANCED_FACE ( 'NONE', ( #1292 ), #97, .F. ) ;
#1408 = DIRECTION ( 'NONE',  ( 1.000000000000000000, 0.000000000000000000, 0.000000000000000000 ) ) ;
#1409 = AXIS2_PLACEMENT_3D ( 'NONE', #143, #608, #29 ) ;
#1410 = EDGE_LOOP ( 'NONE', ( #1324, #967, #662, #363 ) ) ;
#1411 = DIRECTION ( 'NONE',  ( -1.000000000000000000, -0.000000000000000000, -0.000000000000000000 ) ) ;
#1412 = DIRECTION ( 'NONE',  ( 0.000000000000000000, 0.000000000000000000, 1.000000000000000000 ) ) ;
#1413 = ORIENTED_EDGE ( 'NONE', *, *, #294, .T. ) ;
#1414 = CYLINDRICAL_SURFACE ( 'NONE', #1309, 5.000000000000000000 ) ;
#1415 = CARTESIAN_POINT ( 'NONE',  ( -90.50000000000000000, 5.000000000000000000, -46.75000000000000000 ) ) ;
#1416 = PERSON_AND_ORGANIZATION_ROLE ( 'creator' ) ;
#1417 = EDGE_LOOP ( 'NONE', ( #1402, #870, #347, #1231 ) ) ;
#1418 = FACE_OUTER_BOUND ( 'NONE', #352, .T. ) ;
#1419 = DIRECTION ( 'NONE',  ( -1.000000000000000000, -0.000000000000000000, -0.000000000000000000 ) ) ;
#1420 = CYLINDRICAL_SURFACE ( 'NONE', #919, 1.700000000000000178 ) ;
#1421 = EDGE_CURVE ( 'NONE', #327, #424, #90, .T. ) ;
#1422 = DIRECTION ( 'NONE',  ( -1.000000000000000000, -0.000000000000000000, -0.000000000000000000 ) ) ;
#1423 = ORIENTED_EDGE ( 'NONE', *, *, #371, .T. ) ;
#1424 = ORIENTED_EDGE ( 'NONE', *, *, #1241, .F. ) ;
#1425 = DIRECTION ( 'NONE',  ( -0.000000000000000000, -0.000000000000000000, -1.000000000000000000 ) ) ;
#1426 = APPROVAL ( #1320, 'UNSPECIFIED' ) ;
#1427 = CARTESIAN_POINT ( 'NONE',  ( 10.00000000000000178, 5.000000000000000000, -17.32050807568877460 ) ) ;
#1428 = ORIENTED_EDGE ( 'NONE', *, *, #797, .T. ) ;
#1429 = LINE ( 'NONE', #470, #1482 ) ;
#1430 = DIRECTION ( 'NONE',  ( 1.000000000000000000, 0.000000000000000000, 0.000000000000000000 ) ) ;
#1431 = CARTESIAN_POINT ( 'NONE',  ( -85.49999999999998579, 16.42116167511352387, -14.80000000000000426 ) ) ;
#1432 = VERTEX_POINT ( 'NONE', #545 ) ;
#1433 = CIRCLE ( 'NONE', #736, 1.700000000000000178 ) ;
#1434 = VERTEX_POINT ( 'NONE', #906 ) ;
#1435 = CARTESIAN_POINT ( 'NONE',  ( -85.49999999999998579, 45.00000000000000711, 31.30000000000000071 ) ) ;
#1436 = AXIS2_PLACEMENT_3D ( 'NONE', #229, #941, #1446 ) ;
#1437 = ORIENTED_EDGE ( 'NONE', *, *, #640, .T. ) ;
#1438 = AXIS2_PLACEMENT_3D ( 'NONE', #278, #222, #1045 ) ;
#1439 = AXIS2_PLACEMENT_3D ( 'NONE', #1274, #185, #1412 ) ;
#1440 = ORIENTED_EDGE ( 'NONE', *, *, #98, .F. ) ;
#1441 = FACE_OUTER_BOUND ( 'NONE', #208, .T. ) ;
#1442 = EDGE_CURVE ( 'NONE', #963, #845, #1011, .T. ) ;
#1443 = DATE_AND_TIME ( #1070, #613 ) ;
#1444 = ORIENTED_EDGE ( 'NONE', *, *, #38, .T. ) ;
#1445 = ORIENTED_EDGE ( 'NONE', *, *, #321, .T. ) ;
#1446 = DIRECTION ( 'NONE',  ( 0.000000000000000000, 0.000000000000000000, -1.000000000000000000 ) ) ;
#1447 = VERTEX_POINT ( 'NONE', #786 ) ;
#1448 = DIRECTION ( 'NONE',  ( -0.000000000000000000, -1.000000000000000000, -0.000000000000000000 ) ) ;
#1449 = CALENDAR_DATE ( 2026, 24, 9 ) ;
#1450 = EDGE_LOOP ( 'NONE', ( #839, #401, #1164, #1213 ) ) ;
#1451 = ORIENTED_EDGE ( 'NONE', *, *, #1248, .F. ) ;
#1452 = FACE_OUTER_BOUND ( 'NONE', #1551, .T. ) ;
#1453 = FACE_OUTER_BOUND ( 'NONE', #706, .T. ) ;
#1454 = ORIENTED_EDGE ( 'NONE', *, *, #1192, .F. ) ;
#1455 = VERTEX_POINT ( 'NONE', #1537 ) ;
#1456 = CC_DESIGN_DATE_AND_TIME_ASSIGNMENT ( #766, #1262, ( #400 ) ) ;
#1457 = ORIENTED_EDGE ( 'NONE', *, *, #1216, .T. ) ;
#1458 = FACE_OUTER_BOUND ( 'NONE', #484, .T. ) ;
#1459 = DIRECTION ( 'NONE',  ( 0.000000000000000000, 1.000000000000000000, 0.000000000000000000 ) ) ;
#1460 = CIRCLE ( 'NONE', #1380, 1.700000000000000178 ) ;
#1461 = CIRCLE ( 'NONE', #884, 1.700000000000000178 ) ;
#1462 = EDGE_LOOP ( 'NONE', ( #600, #1105, #570, #1305 ) ) ;
#1463 = VECTOR ( 'NONE', #1425, 1000.000000000000000 ) ;
#1464 = ORIENTED_EDGE ( 'NONE', *, *, #805, .T. ) ;
#1465 = CARTESIAN_POINT ( 'NONE',  ( -10.00000000000000888, 5.000000000000000000, 17.32050807568877104 ) ) ;
#1466 = CARTESIAN_POINT ( 'NONE',  ( 10.00000000000000178, 5.000000000000000000, 17.32050807568877460 ) ) ;
#1467 = VERTEX_POINT ( 'NONE', #798 ) ;
#1468 = LINE ( 'NONE', #1102, #513 ) ;
#1469 = VERTEX_POINT ( 'NONE', #415 ) ;
#1470 = PLANE ( 'NONE',  #842 ) ;
#1471 = FACE_BOUND ( 'NONE', #237, .T. ) ;
#1472 = LINE ( 'NONE', #201, #1378 ) ;
#1473 = CYLINDRICAL_SURFACE ( 'NONE', #665, 1.700000000000000178 ) ;
#1474 = DIRECTION ( 'NONE',  ( 1.000000000000000000, -0.000000000000000000, -0.000000000000000000 ) ) ;
#1475 = ORIENTED_EDGE ( 'NONE', *, *, #20, .F. ) ;
#1476 = DIRECTION ( 'NONE',  ( -1.000000000000000000, -0.000000000000000000, -0.000000000000000000 ) ) ;
#1477 = FACE_BOUND ( 'NONE', #952, .T. ) ;
#1478 = ORIENTED_EDGE ( 'NONE', *, *, #912, .T. ) ;
#1479 = VECTOR ( 'NONE', #1548, 1000.000000000000000 ) ;
#1480 = AXIS2_PLACEMENT_3D ( 'NONE', #743, #1357, #391 ) ;
#1481 = AXIS2_PLACEMENT_3D ( 'NONE', #1466, #530, #1277 ) ;
#1482 = VECTOR ( 'NONE', #568, 1000.000000000000000 ) ;
#1483 = PLANE ( 'NONE',  #789 ) ;
#1484 = LINE ( 'NONE', #260, #1227 ) ;
#1485 = DIRECTION ( 'NONE',  ( -0.000000000000000000, -1.000000000000000000, -0.000000000000000000 ) ) ;
#1486 = DIRECTION ( 'NONE',  ( -1.000000000000000000, -0.000000000000000000, -0.000000000000000000 ) ) ;
#1487 = ORIENTED_EDGE ( 'NONE', *, *, #1421, .T. ) ;
#1488 = FACE_OUTER_BOUND ( 'NONE', #1130, .T. ) ;
#1489 = PRODUCT_DEFINITION_SHAPE ( 'NONE', 'NONE',  #400 ) ;
#1490 = EDGE_CURVE ( 'NONE', #474, #351, #551, .T. ) ;
#1491 = FACE_OUTER_BOUND ( 'NONE', #646, .T. ) ;
#1492 = ORIENTED_EDGE ( 'NONE', *, *, #781, .T. ) ;
#1493 = DIRECTION ( 'NONE',  ( -0.000000000000000000, -1.000000000000000000, -0.000000000000000000 ) ) ;
#1494 = LINE ( 'NONE', #1005, #990 ) ;
#1495 = FACE_BOUND ( 'NONE', #15, .T. ) ;
#1496 = DIRECTION ( 'NONE',  ( 0.000000000000000000, 1.000000000000000000, 0.000000000000000000 ) ) ;
#1497 = EDGE_CURVE ( 'NONE', #500, #369, #79, .T. ) ;
#1498 = DIRECTION ( 'NONE',  ( 0.000000000000000000, 1.000000000000000000, 0.000000000000000000 ) ) ;
#1499 = EDGE_LOOP ( 'NONE', ( #1314, #196 ) ) ;
#1500 = DIRECTION ( 'NONE',  ( 1.000000000000000000, 0.000000000000000000, -0.000000000000000000 ) ) ;
#1501 = CIRCLE ( 'NONE', #862, 1.700000000000000178 ) ;
#1502 = LINE ( 'NONE', #891, #309 ) ;
#1503 = AXIS2_PLACEMENT_3D ( 'NONE', #1400, #890, #1387 ) ;
#1504 = PERSON_AND_ORGANIZATION ( #485, #175 ) ;
#1505 = AXIS2_PLACEMENT_3D ( 'NONE', #163, #52, #619 ) ;
#1506 = CIRCLE ( 'NONE', #817, 1.700000000000000178 ) ;
#1507 = DIRECTION ( 'NONE',  ( 1.000000000000000000, 0.000000000000000000, 0.000000000000000000 ) ) ;
#1508 = CARTESIAN_POINT ( 'NONE',  ( -90.50000000000000000, 73.57883832488647613, 16.49999999999999289 ) ) ;
#1509 = CARTESIAN_POINT ( 'NONE',  ( 20.00000000000000000, 0.000000000000000000, 0.000000000000000000 ) ) ;
#1510 = FACE_OUTER_BOUND ( 'NONE', #66, .T. ) ;
#1511 = EDGE_CURVE ( 'NONE', #43, #963, #1393, .T. ) ;
#1512 = CARTESIAN_POINT ( 'NONE',  ( -90.50000000000000000, 0.000000000000000000, -46.75000000000000000 ) ) ;
#1513 = CARTESIAN_POINT ( 'NONE',  ( -20.00000000000000000, 0.000000000000000000, -2.449293598294706513E-15 ) ) ;
#1514 = PERSON_AND_ORGANIZATION_ROLE ( 'design_owner' ) ;
#1515 = CARTESIAN_POINT ( 'NONE',  ( -10.00000000000000888, 5.000000000000000000, 19.02050807568877033 ) ) ;
#1516 = CARTESIAN_POINT ( 'NONE',  ( 0.000000000000000000, 5.000000000000000000, 0.000000000000000000 ) ) ;
#1517 = DIRECTION ( 'NONE',  ( 1.000000000000000000, 0.000000000000000000, 0.000000000000000000 ) ) ;
#1518 = CARTESIAN_POINT ( 'NONE',  ( -85.49999999999998579, 73.57883832488647613, 14.79999999999999361 ) ) ;
#1519 = DIRECTION ( 'NONE',  ( 0.000000000000000000, 1.000000000000000000, 0.000000000000000000 ) ) ;
#1520 = ORIENTED_EDGE ( 'NONE', *, *, #116, .F. ) ;
#1521 = CALENDAR_DATE ( 2026, 24, 9 ) ;
#1522 = DIRECTION ( 'NONE',  ( 0.000000000000000000, 0.000000000000000000, 1.000000000000000000 ) ) ;
#1523 = CARTESIAN_POINT ( 'NONE',  ( 0.000000000000000000, 2.200000000000000178, -15.15000000000000036 ) ) ;
#1524 = DIRECTION ( 'NONE',  ( 0.000000000000000000, 1.000000000000000000, 0.000000000000000000 ) ) ;
#1525 = ORIENTED_EDGE ( 'NONE', *, *, #849, .F. ) ;
#1526 = DIRECTION ( 'NONE',  ( -1.000000000000000000, -0.000000000000000000, -0.000000000000000000 ) ) ;
#1527 = CIRCLE ( 'NONE', #509, 1.700000000000000178 ) ;
#1528 = EDGE_CURVE ( 'NONE', #357, #692, #886, .T. ) ;
#1529 = PRODUCT_DEFINITION_FORMATION_WITH_SPECIFIED_SOURCE ( 'ANY', '', #121, .NOT_KNOWN. ) ;
#1530 = AXIS2_PLACEMENT_3D ( 'NONE', #1226, #37, #858 ) ;
#1531 = CIRCLE ( 'NONE', #840, 1.700000000000000178 ) ;
#1532 = DIRECTION ( 'NONE',  ( 0.000000000000000000, -0.000000000000000000, -1.000000000000000000 ) ) ;
#1533 = VECTOR ( 'NONE', #481, 1000.000000000000000 ) ;
#1534 = EDGE_LOOP ( 'NONE', ( #111, #1209, #337, #575 ) ) ;
#1535 = CARTESIAN_POINT ( 'NONE',  ( 0.000000000000000000, 2.200000000000000178, 0.000000000000000000 ) ) ;
#1536 = CARTESIAN_POINT ( 'NONE',  ( -9.999999999999994671, 0.000000000000000000, -19.02050807568877389 ) ) ;
#1537 = CARTESIAN_POINT ( 'NONE',  ( -90.50000000000000000, 16.42116167511352387, -18.20000000000000284 ) ) ;
#1538 = VECTOR ( 'NONE', #1027, 1000.000000000000000 ) ;
#1539 = EDGE_LOOP ( 'NONE', ( #138, #372 ) ) ;
#1540 = DIRECTION ( 'NONE',  ( -0.000000000000000000, -1.000000000000000000, -0.000000000000000000 ) ) ;
#1541 = EDGE_CURVE ( 'NONE', #950, #1434, #927, .T. ) ;
#1542 = DIRECTION ( 'NONE',  ( 0.000000000000000000, 0.000000000000000000, -1.000000000000000000 ) ) ;
#1543 = ORIENTED_EDGE ( 'NONE', *, *, #901, .T. ) ;
#1544 = DIRECTION ( 'NONE',  ( 0.000000000000000000, 1.000000000000000000, 0.000000000000000000 ) ) ;
#1545 = DIRECTION ( 'NONE',  ( -0.000000000000000000, -1.000000000000000000, -0.000000000000000000 ) ) ;
#1546 = EDGE_CURVE ( 'NONE', #1116, #269, #1203, .T. ) ;
#1547 = ORIENTED_EDGE ( 'NONE', *, *, #555, .T. ) ;
#1548 = DIRECTION ( 'NONE',  ( -1.000000000000000000, -0.000000000000000000, -0.000000000000000000 ) ) ;
#1549 = ORIENTED_EDGE ( 'NONE', *, *, #1546, .F. ) ;
#1550 = CARTESIAN_POINT ( 'NONE',  ( -9.999999999999994671, 5.000000000000000000, -15.62050807568877353 ) ) ;
#1551 = EDGE_LOOP ( 'NONE', ( #1013, #494, #472, #57 ) ) ;
ENDSEC;
END-ISO-10303-21;
