ISO-10303-21;
HEADER;
FILE_DESCRIPTION (( 'STEP AP203' ),
    '1' );
FILE_NAME ('JX1_HipYawBracket_R.STEP',
    '2026-09-24T05:37:38',
    ( '' ),
    ( '' ),
    'SwSTEP 2.0',
    'SolidWorks 2026',
    '' );
FILE_SCHEMA (( 'CONFIG_CONTROL_DESIGN' ));
ENDSEC;

DATA;
#1 = VECTOR ( 'NONE', #1564, 1000.000000000000000 ) ;
#2 = DIRECTION ( 'NONE',  ( 0.000000000000000000, 0.000000000000000000, 1.000000000000000000 ) ) ;
#3 = ORIENTED_EDGE ( 'NONE', *, *, #363, .T. ) ;
#4 = CARTESIAN_POINT ( 'NONE',  ( -144.0000000000000284, -39.72681989798532953, -16.45538759169886234 ) ) ;
#5 = VECTOR ( 'NONE', #1297, 1000.000000000000000 ) ;
#6 = DIRECTION ( 'NONE',  ( 0.000000000000000000, 0.000000000000000000, -1.000000000000000000 ) ) ;
#7 = VECTOR ( 'NONE', #803, 1000.000000000000000 ) ;
#8 = CARTESIAN_POINT ( 'NONE',  ( -11.49999999999999467, -19.91858428704209061, 82.00000000000000000 ) ) ;
#9 = VECTOR ( 'NONE', #966, 1000.000000000000000 ) ;
#10 = VECTOR ( 'NONE', #253, 1000.000000000000000 ) ;
#11 = ORIENTED_EDGE ( 'NONE', *, *, #48, .F. ) ;
#12 = CARTESIAN_POINT ( 'NONE',  ( -126.0000000000000284, -45.00000000000000000, 82.00000000000000000 ) ) ;
#13 = EDGE_CURVE ( 'NONE', #1440, #974, #371, .T. ) ;
#14 = CARTESIAN_POINT ( 'NONE',  ( -132.0000000000000000, 39.72681989798532243, -14.20538759169886944 ) ) ;
#15 = CARTESIAN_POINT ( 'NONE',  ( -132.0000000000000000, 50.00000000000000000, -50.00000000000000000 ) ) ;
#16 = EDGE_CURVE ( 'NONE', #1082, #584, #639, .T. ) ;
#17 = FACE_BOUND ( 'NONE', #1394, .T. ) ;
#18 = ORIENTED_EDGE ( 'NONE', *, *, #1742, .F. ) ;
#19 = CARTESIAN_POINT ( 'NONE',  ( -144.0000000000000284, 4.000000000000000000, 52.00000000000000000 ) ) ;
#20 = EDGE_CURVE ( 'NONE', #1070, #711, #798, .T. ) ;
#21 = ORIENTED_EDGE ( 'NONE', *, *, #208, .F. ) ;
#22 = COORDINATED_UNIVERSAL_TIME_OFFSET ( 5, 30, .AHEAD. ) ;
#23 = PRODUCT_DEFINITION_SHAPE ( 'NONE', 'NONE',  #1144 ) ;
#24 = CARTESIAN_POINT ( 'NONE',  ( -144.0000000000000284, 6.000000000000000000, 56.99999999999999289 ) ) ;
#25 = LINE ( 'NONE', #1508, #1094 ) ;
#26 = ORIENTED_EDGE ( 'NONE', *, *, #1275, .F. ) ;
#27 = CARTESIAN_POINT ( 'NONE',  ( 0.000000000000000000, 4.000000000000000000, 0.000000000000000000 ) ) ;
#28 = ORIENTED_EDGE ( 'NONE', *, *, #1684, .T. ) ;
#29 = DATE_TIME_ROLE ( 'classification_date' ) ;
#30 = CARTESIAN_POINT ( 'NONE',  ( -23.00000000000000000, -2.816687638038912352E-15, 72.00000000000001421 ) ) ;
#31 = AXIS2_PLACEMENT_3D ( 'NONE', #1152, #1017, #497 ) ;
#32 = CARTESIAN_POINT ( 'NONE',  ( 23.00000000000000000, 0.000000000000000000, 82.00000000000000000 ) ) ;
#33 = ORIENTED_EDGE ( 'NONE', *, *, #1858, .F. ) ;
#34 = VECTOR ( 'NONE', #1048, 1000.000000000000000 ) ;
#35 = DIRECTION ( 'NONE',  ( -0.000000000000000000, -0.000000000000000000, -1.000000000000000000 ) ) ;
#36 = AXIS2_PLACEMENT_3D ( 'NONE', #169, #302, #1456 ) ;
#37 = CALENDAR_DATE ( 2026, 24, 9 ) ;
#38 = EDGE_CURVE ( 'NONE', #1689, #850, #147, .T. ) ;
#39 = ORIENTED_EDGE ( 'NONE', *, *, #393, .F. ) ;
#40 = VECTOR ( 'NONE', #739, 1000.000000000000000 ) ;
#41 = CIRCLE ( 'NONE', #1696, 1.700000000000000178 ) ;
#42 = ORIENTED_EDGE ( 'NONE', *, *, #1794, .F. ) ;
#43 = DIRECTION ( 'NONE',  ( 1.000000000000000000, 0.000000000000000000, 0.000000000000000000 ) ) ;
#44 = FACE_OUTER_BOUND ( 'NONE', #1137, .T. ) ;
#45 = ORIENTED_EDGE ( 'NONE', *, *, #1231, .F. ) ;
#46 = DIRECTION ( 'NONE',  ( 1.000000000000000000, 0.000000000000000000, 0.000000000000000000 ) ) ;
#47 = ORIENTED_EDGE ( 'NONE', *, *, #1693, .T. ) ;
#48 = EDGE_CURVE ( 'NONE', #1306, #502, #1725, .T. ) ;
#49 = VERTEX_POINT ( 'NONE', #1941 ) ;
#50 = LINE ( 'NONE', #372, #410 ) ;
#51 = DIRECTION ( 'NONE',  ( 0.000000000000000000, 0.000000000000000000, 1.000000000000000000 ) ) ;
#52 = VERTEX_POINT ( 'NONE', #787 ) ;
#53 = DIRECTION ( 'NONE',  ( 0.000000000000000000, 0.000000000000000000, 1.000000000000000000 ) ) ;
#54 = CARTESIAN_POINT ( 'NONE',  ( -132.0000000000000000, -39.72681989798532953, -14.20538759169886411 ) ) ;
#55 = EDGE_LOOP ( 'NONE', ( #2048, #1038, #65, #789 ) ) ;
#56 = ORIENTED_EDGE ( 'NONE', *, *, #1948, .T. ) ;
#57 = EDGE_CURVE ( 'NONE', #1627, #1459, #62, .T. ) ;
#58 = PLANE ( 'NONE',  #990 ) ;
#59 = DIRECTION ( 'NONE',  ( 1.000000000000000000, 0.000000000000000000, 0.000000000000000000 ) ) ;
#60 = ORIENTED_EDGE ( 'NONE', *, *, #463, .F. ) ;
#61 = CARTESIAN_POINT ( 'NONE',  ( -144.0000000000000284, 0.000000000000000000, 13.00000000000000000 ) ) ;
#62 = CIRCLE ( 'NONE', #278, 2.250000000000000444 ) ;
#63 = FACE_OUTER_BOUND ( 'NONE', #105, .T. ) ;
#64 = VECTOR ( 'NONE', #181, 1000.000000000000000 ) ;
#65 = ORIENTED_EDGE ( 'NONE', *, *, #1589, .F. ) ;
#66 = CIRCLE ( 'NONE', #1895, 2.250000000000001776 ) ;
#67 = DIRECTION ( 'NONE',  ( 0.000000000000000000, 0.000000000000000000, 1.000000000000000000 ) ) ;
#68 = VECTOR ( 'NONE', #128, 1000.000000000000000 ) ;
#69 = ORIENTED_EDGE ( 'NONE', *, *, #1190, .F. ) ;
#70 = ORGANIZATION ( 'UNSPECIFIED', 'UNSPECIFIED', '' ) ;
#71 = CARTESIAN_POINT ( 'NONE',  ( -132.0000000000000000, 39.00000000000002132, 82.00000000000000000 ) ) ;
#72 = ADVANCED_FACE ( 'NONE', ( #1747 ), #1283, .F. ) ;
#73 = CARTESIAN_POINT ( 'NONE',  ( 0.000000000000000000, 0.000000000000000000, 72.00000000000001421 ) ) ;
#74 = ORIENTED_EDGE ( 'NONE', *, *, #1672, .F. ) ;
#75 = CARTESIAN_POINT ( 'NONE',  ( -132.0000000000000000, -4.000000000000000000, 0.000000000000000000 ) ) ;
#76 = EDGE_CURVE ( 'NONE', #1043, #561, #512, .T. ) ;
#77 = CARTESIAN_POINT ( 'NONE',  ( -132.0000000000000000, 0.000000000000000000, 0.000000000000000000 ) ) ;
#78 = DIRECTION ( 'NONE',  ( -0.000000000000000000, -0.000000000000000000, -1.000000000000000000 ) ) ;
#79 = VERTEX_POINT ( 'NONE', #1754 ) ;
#80 = EDGE_CURVE ( 'NONE', #1897, #312, #1461, .T. ) ;
#81 = CARTESIAN_POINT ( 'NONE',  ( -132.0000000000000000, 39.72681989798532953, 16.45538759169884813 ) ) ;
#82 = ORIENTED_EDGE ( 'NONE', *, *, #1427, .T. ) ;
#83 = LINE ( 'NONE', #1353, #1961 ) ;
#84 = DIRECTION ( 'NONE',  ( -1.000000000000000000, 0.000000000000000000, -0.000000000000000000 ) ) ;
#85 = DIRECTION ( 'NONE',  ( -1.000000000000000000, 0.000000000000000000, 0.000000000000000000 ) ) ;
#86 = ORIENTED_EDGE ( 'NONE', *, *, #1737, .T. ) ;
#87 = DIRECTION ( 'NONE',  ( 1.000000000000000000, 0.000000000000000000, 0.000000000000000000 ) ) ;
#88 = DIRECTION ( 'NONE',  ( 0.000000000000000000, 0.000000000000000000, -1.000000000000000000 ) ) ;
#89 = LINE ( 'NONE', #597, #1096 ) ;
#90 = ORIENTED_EDGE ( 'NONE', *, *, #378, .T. ) ;
#91 = LINE ( 'NONE', #746, #376 ) ;
#92 = EDGE_LOOP ( 'NONE', ( #598, #2068, #1801, #740 ) ) ;
#93 = CARTESIAN_POINT ( 'NONE',  ( 13.20000000000000107, -19.91858428704208706, 82.00000000000000000 ) ) ;
#94 = CARTESIAN_POINT ( 'NONE',  ( -132.0000000000000000, 0.000000000000000000, 0.000000000000000000 ) ) ;
#95 = CARTESIAN_POINT ( 'NONE',  ( 18.00000000000000000, -45.00000000000000000, 72.00000000000001421 ) ) ;
#96 = ORIENTED_EDGE ( 'NONE', *, *, #814, .T. ) ;
#97 = CARTESIAN_POINT ( 'NONE',  ( -23.00000000000000000, -2.816687638038912352E-15, 82.00000000000000000 ) ) ;
#98 = FACE_OUTER_BOUND ( 'NONE', #1554, .T. ) ;
#99 = DIRECTION ( 'NONE',  ( 0.000000000000000000, 0.000000000000000000, 1.000000000000000000 ) ) ;
#100 = CLOSED_SHELL ( 'NONE', ( #1614, #1811, #1645, #978, #2041, #1322, #1514, #799, #989, #1740, #602, #1722, #1115, #396, #1436, #1013, #1319, #744, #696, #1622, #771, #333, #232, #1343, #2012, #572, #1076, #1203, #1712, #932, #198, #1886, #510, #267, #1988, #1479, #431, #1457, #1335, #1581, #1952, #1426, #620, #2070, #704, #1616, #641, #2082, #72, #1832, #1517, #1032, #1148, #390, #284, #1168, #356, #678, #1123 ) ) ;
#101 = ORIENTED_EDGE ( 'NONE', *, *, #1584, .T. ) ;
#102 = VECTOR ( 'NONE', #776, 1000.000000000000000 ) ;
#103 = EDGE_CURVE ( 'NONE', #1192, #402, #311, .T. ) ;
#104 = DIRECTION ( 'NONE',  ( -0.000000000000000000, -0.000000000000000000, -1.000000000000000000 ) ) ;
#105 = EDGE_LOOP ( 'NONE', ( #1926, #1156, #180 ) ) ;
#106 = AXIS2_PLACEMENT_3D ( 'NONE', #1675, #1185, #907 ) ;
#107 = EDGE_CURVE ( 'NONE', #502, #985, #479, .T. ) ;
#108 = AXIS2_PLACEMENT_3D ( 'NONE', #441, #1085, #1439 ) ;
#109 = FACE_BOUND ( 'NONE', #1848, .T. ) ;
#110 = LINE ( 'NONE', #260, #758 ) ;
#111 = EDGE_LOOP ( 'NONE', ( #1838, #1194 ) ) ;
#112 = CARTESIAN_POINT ( 'NONE',  ( -30.00000000000000000, 4.000000000000000000, 72.00000000000001421 ) ) ;
#113 = DIRECTION ( 'NONE',  ( 0.000000000000000000, 0.000000000000000000, 1.000000000000000000 ) ) ;
#114 =( NAMED_UNIT ( * ) PLANE_ANGLE_UNIT ( ) SI_UNIT ( $, .RADIAN. ) );
#115 = VERTEX_POINT ( 'NONE', #322 ) ;
#116 = DIRECTION ( 'NONE',  ( -0.000000000000000000, -0.000000000000000000, -1.000000000000000000 ) ) ;
#117 = ORIENTED_EDGE ( 'NONE', *, *, #682, .T. ) ;
#118 = EDGE_CURVE ( 'NONE', #553, #1889, #945, .T. ) ;
#119 = DIRECTION ( 'NONE',  ( 0.000000000000000000, 0.000000000000000000, -1.000000000000000000 ) ) ;
#120 = FACE_OUTER_BOUND ( 'NONE', #1519, .T. ) ;
#121 = ORIENTED_EDGE ( 'NONE', *, *, #1887, .F. ) ;
#122 = DIRECTION ( 'NONE',  ( 1.000000000000000000, 0.000000000000000000, 0.000000000000000000 ) ) ;
#123 = VERTEX_POINT ( 'NONE', #619 ) ;
#124 = DIRECTION ( 'NONE',  ( 1.000000000000000000, 0.000000000000000000, 0.000000000000000000 ) ) ;
#125 = ORIENTED_EDGE ( 'NONE', *, *, #762, .F. ) ;
#126 = DIRECTION ( 'NONE',  ( 1.000000000000000000, 0.000000000000000000, 0.000000000000000000 ) ) ;
#127 = EDGE_CURVE ( 'NONE', #1004, #1365, #1084, .T. ) ;
#128 = DIRECTION ( 'NONE',  ( 1.000000000000000000, -0.000000000000000000, -0.000000000000000000 ) ) ;
#129 = ORIENTED_EDGE ( 'NONE', *, *, #615, .F. ) ;
#130 = CARTESIAN_POINT ( 'NONE',  ( -144.0000000000000284, 16.45538759169885523, 41.97681989798532953 ) ) ;
#131 = PLANE ( 'NONE',  #1823 ) ;
#132 = DIRECTION ( 'NONE',  ( 0.000000000000000000, 0.000000000000000000, 1.000000000000000000 ) ) ;
#133 = ORIENTED_EDGE ( 'NONE', *, *, #362, .T. ) ;
#134 = VECTOR ( 'NONE', #1650, 1000.000000000000114 ) ;
#135 = DIRECTION ( 'NONE',  ( -0.7071067811865473507, 0.7071067811865477948, 0.000000000000000000 ) ) ;
#136 = AXIS2_PLACEMENT_3D ( 'NONE', #875, #595, #1708 ) ;
#137 = AXIS2_PLACEMENT_3D ( 'NONE', #30, #1141, #1778 ) ;
#138 = CARTESIAN_POINT ( 'NONE',  ( -132.0000000000000000, -16.45538759169886589, 39.72681989798532953 ) ) ;
#139 = ORIENTED_EDGE ( 'NONE', *, *, #368, .F. ) ;
#140 = CIRCLE ( 'NONE', #791, 2.250000000000001776 ) ;
#141 = CARTESIAN_POINT ( 'NONE',  ( 11.50000000000000178, -19.91858428704208706, 82.00000000000000000 ) ) ;
#142 = EDGE_CURVE ( 'NONE', #1707, #695, #977, .T. ) ;
#143 = EDGE_CURVE ( 'NONE', #1420, #594, #170, .T. ) ;
#144 = CIRCLE ( 'NONE', #1325, 2.249999999999998668 ) ;
#145 = CARTESIAN_POINT ( 'NONE',  ( -132.0000000000000000, -50.00000000000000000, -50.00000000000000000 ) ) ;
#146 = CALENDAR_DATE ( 2026, 24, 9 ) ;
#147 = LINE ( 'NONE', #1271, #1756 ) ;
#148 = EDGE_LOOP ( 'NONE', ( #921, #1107, #1143, #671 ) ) ;
#149 = CARTESIAN_POINT ( 'NONE',  ( -86.00000000000000000, 6.000000000000000000, 72.00000000000001421 ) ) ;
#150 = CARTESIAN_POINT ( 'NONE',  ( 36.00000000000000000, -27.00000000000000000, 82.00000000000000000 ) ) ;
#151 = ORIENTED_EDGE ( 'NONE', *, *, #354, .T. ) ;
#152 = DIRECTION ( 'NONE',  ( -0.000000000000000000, -0.000000000000000000, 1.000000000000000000 ) ) ;
#153 = CARTESIAN_POINT ( 'NONE',  ( -144.0000000000000284, -16.45538759169886589, 37.47681989798532953 ) ) ;
#154 = FACE_OUTER_BOUND ( 'NONE', #1235, .T. ) ;
#155 = VERTEX_POINT ( 'NONE', #1125 ) ;
#156 = CARTESIAN_POINT ( 'NONE',  ( -13.20000000000000995, 19.91858428704208350, 82.00000000000000000 ) ) ;
#157 = EDGE_CURVE ( 'NONE', #1229, #848, #1613, .T. ) ;
#158 = ORIENTED_EDGE ( 'NONE', *, *, #142, .F. ) ;
#159 = CYLINDRICAL_SURFACE ( 'NONE', #36, 2.249999999999998668 ) ;
#160 = DATE_AND_TIME ( #1776, #288 ) ;
#161 = CYLINDRICAL_SURFACE ( 'NONE', #1495, 1.700000000000000178 ) ;
#162 = VERTEX_POINT ( 'NONE', #165 ) ;
#163 = DIRECTION ( 'NONE',  ( -0.000000000000000000, 1.000000000000000000, -0.000000000000000000 ) ) ;
#164 = DIRECTION ( 'NONE',  ( 0.000000000000000000, 0.000000000000000000, -1.000000000000000000 ) ) ;
#165 = CARTESIAN_POINT ( 'NONE',  ( -144.0000000000000284, -50.00000000000000000, -50.00000000000000000 ) ) ;
#166 = ORIENTED_EDGE ( 'NONE', *, *, #485, .T. ) ;
#167 = EDGE_CURVE ( 'NONE', #1092, #191, #1786, .T. ) ;
#168 = EDGE_CURVE ( 'NONE', #1653, #1689, #1474, .T. ) ;
#169 = CARTESIAN_POINT ( 'NONE',  ( -132.0000000000000000, 39.72681989798532953, 16.45538759169884813 ) ) ;
#170 = CIRCLE ( 'NONE', #1317, 17.15000000000000213 ) ;
#171 = SHAPE_DEFINITION_REPRESENTATION ( #23, #257 ) ;
#172 = EDGE_CURVE ( 'NONE', #1007, #1025, #1629, .T. ) ;
#173 = VECTOR ( 'NONE', #559, 1000.000000000000000 ) ;
#174 = DIRECTION ( 'NONE',  ( -1.000000000000000000, -0.000000000000000000, -0.000000000000000000 ) ) ;
#175 = CARTESIAN_POINT ( 'NONE',  ( -132.0000000000000000, 50.00000000000000000, -50.00000000000000000 ) ) ;
#176 = AXIS2_PLACEMENT_3D ( 'NONE', #769, #1681, #1569 ) ;
#177 = EDGE_CURVE ( 'NONE', #1004, #1657, #1005, .T. ) ;
#178 = FACE_BOUND ( 'NONE', #1721, .T. ) ;
#179 = VECTOR ( 'NONE', #1266, 1000.000000000000000 ) ;
#180 = ORIENTED_EDGE ( 'NONE', *, *, #1873, .F. ) ;
#181 = DIRECTION ( 'NONE',  ( -1.000000000000000000, -0.000000000000000000, -0.000000000000000000 ) ) ;
#182 = VECTOR ( 'NONE', #1269, 1000.000000000000000 ) ;
#183 = AXIS2_PLACEMENT_3D ( 'NONE', #1057, #560, #570 ) ;
#184 = ORIENTED_EDGE ( 'NONE', *, *, #168, .F. ) ;
#185 = LINE ( 'NONE', #792, #1793 ) ;
#186 = APPROVAL_DATE_TIME ( #160, #1340 ) ;
#187 = DIRECTION ( 'NONE',  ( -1.000000000000000000, -0.000000000000000000, -0.000000000000000000 ) ) ;
#188 = PLANE ( 'NONE',  #931 ) ;
#189 = VERTEX_POINT ( 'NONE', #830 ) ;
#190 = CARTESIAN_POINT ( 'NONE',  ( -132.0000000000000000, 0.000000000000000000, 0.000000000000000000 ) ) ;
#191 = VERTEX_POINT ( 'NONE', #359 ) ;
#192 = CARTESIAN_POINT ( 'NONE',  ( -17.15000000000000213, 2.100269260537711104E-15, 79.80000000000001137 ) ) ;
#193 = LINE ( 'NONE', #175, #1526 ) ;
#194 = EDGE_CURVE ( 'NONE', #1181, #52, #2058, .T. ) ;
#195 = DIRECTION ( 'NONE',  ( -1.000000000000000000, -0.000000000000000000, -0.000000000000000000 ) ) ;
#196 = ORIENTED_EDGE ( 'NONE', *, *, #1887, .T. ) ;
#197 = DIRECTION ( 'NONE',  ( 1.000000000000000000, 0.000000000000000000, 0.000000000000000000 ) ) ;
#198 = ADVANCED_FACE ( 'NONE', ( #1316 ), #677, .F. ) ;
#199 = ORIENTED_EDGE ( 'NONE', *, *, #2095, .F. ) ;
#200 = EDGE_LOOP ( 'NONE', ( #1058, #861, #86, #166, #1884, #894, #446, #1783, #702, #1680, #1197, #266 ) ) ;
#201 = APPLICATION_CONTEXT ( 'configuration controlled 3d designs of mechanical parts and assemblies' ) ;
#202 = AXIS2_PLACEMENT_3D ( 'NONE', #1145, #124, #663 ) ;
#203 = DIRECTION ( 'NONE',  ( -1.000000000000000000, -0.000000000000000000, -0.000000000000000000 ) ) ;
#204 = AXIS2_PLACEMENT_3D ( 'NONE', #518, #1165, #701 ) ;
#205 = CARTESIAN_POINT ( 'NONE',  ( 18.00000000000000000, -45.00000000000000000, 82.00000000000000000 ) ) ;
#206 = VERTEX_POINT ( 'NONE', #1807 ) ;
#207 = AXIS2_PLACEMENT_3D ( 'NONE', #1639, #1507, #43 ) ;
#208 = EDGE_CURVE ( 'NONE', #683, #937, #672, .T. ) ;
#209 = CARTESIAN_POINT ( 'NONE',  ( -9.800000000000009592, 19.91858428704208350, 82.00000000000000000 ) ) ;
#210 = VECTOR ( 'NONE', #1635, 1000.000000000000000 ) ;
#211 = ORIENTED_EDGE ( 'NONE', *, *, #900, .T. ) ;
#212 = CIRCLE ( 'NONE', #1222, 2.250000000000001776 ) ;
#213 = VECTOR ( 'NONE', #1735, 1000.000000000000000 ) ;
#214 = ORIENTED_EDGE ( 'NONE', *, *, #1672, .T. ) ;
#215 = DIRECTION ( 'NONE',  ( 0.000000000000000000, 0.000000000000000000, 1.000000000000000000 ) ) ;
#216 = CARTESIAN_POINT ( 'NONE',  ( -6.000000000000000000, 0.000000000000000000, 79.80000000000001137 ) ) ;
#217 = VERTEX_POINT ( 'NONE', #1642 ) ;
#218 = CARTESIAN_POINT ( 'NONE',  ( -126.0000000000000284, 45.00000000000000000, 72.00000000000001421 ) ) ;
#219 = ORIENTED_EDGE ( 'NONE', *, *, #1938, .T. ) ;
#220 = EDGE_CURVE ( 'NONE', #1290, #609, #1318, .T. ) ;
#221 = ORIENTED_EDGE ( 'NONE', *, *, #1044, .T. ) ;
#222 = MANIFOLD_SOLID_BREP ( 'Keel', #100 ) ;
#223 = DIRECTION ( 'NONE',  ( -0.000000000000000000, -0.000000000000000000, -1.000000000000000000 ) ) ;
#224 = CARTESIAN_POINT ( 'NONE',  ( -132.0000000000000000, 16.45538759169884813, -41.97681989798532953 ) ) ;
#225 = CARTESIAN_POINT ( 'NONE',  ( -132.0000000000000000, 0.000000000000000000, 72.00000000000001421 ) ) ;
#226 = ORIENTED_EDGE ( 'NONE', *, *, #1116, .F. ) ;
#227 = LINE ( 'NONE', #580, #1124 ) ;
#228 = CARTESIAN_POINT ( 'NONE',  ( -132.0000000000000000, -39.72681989798532953, 14.20538759169885878 ) ) ;
#229 = ORIENTED_EDGE ( 'NONE', *, *, #1133, .F. ) ;
#230 = CARTESIAN_POINT ( 'NONE',  ( -115.5000000000000426, 4.000000000000000000, 56.99999999999999289 ) ) ;
#231 = ORIENTED_EDGE ( 'NONE', *, *, #1044, .F. ) ;
#232 = ADVANCED_FACE ( 'NONE', ( #1482 ), #547, .T. ) ;
#233 = CARTESIAN_POINT ( 'NONE',  ( -11.49999999999999467, -19.91858428704209061, 82.00000000000000000 ) ) ;
#234 = LINE ( 'NONE', #2031, #1016 ) ;
#235 = EDGE_CURVE ( 'NONE', #500, #890, #1189, .T. ) ;
#236 = DIRECTION ( 'NONE',  ( 0.000000000000000000, 0.000000000000000000, 1.000000000000000000 ) ) ;
#237 = ORIENTED_EDGE ( 'NONE', *, *, #1636, .F. ) ;
#238 = DIRECTION ( 'NONE',  ( 0.000000000000000000, 0.000000000000000000, -1.000000000000000000 ) ) ;
#239 = EDGE_CURVE ( 'NONE', #963, #1423, #681, .T. ) ;
#240 = DIRECTION ( 'NONE',  ( -0.000000000000000000, 1.000000000000000000, -0.000000000000000000 ) ) ;
#241 = CIRCLE ( 'NONE', #1957, 2.249999999999998668 ) ;
#242 = ORIENTED_EDGE ( 'NONE', *, *, #823, .F. ) ;
#243 = VECTOR ( 'NONE', #1843, 1000.000000000000000 ) ;
#244 = DIRECTION ( 'NONE',  ( -0.9849570246463139611, -0.000000000000000000, -0.1727994780081253123 ) ) ;
#245 = VECTOR ( 'NONE', #871, 1000.000000000000000 ) ;
#246 = ORIENTED_EDGE ( 'NONE', *, *, #1276, .T. ) ;
#247 = VECTOR ( 'NONE', #1462, 1000.000000000000000 ) ;
#248 = AXIS2_PLACEMENT_3D ( 'NONE', #1122, #1443, #1090 ) ;
#249 = DIRECTION ( 'NONE',  ( 1.000000000000000000, 0.000000000000000000, 0.000000000000000000 ) ) ;
#250 = CARTESIAN_POINT ( 'NONE',  ( -132.0000000000000000, 4.000000000000000000, 0.000000000000000000 ) ) ;
#251 = ORIENTED_EDGE ( 'NONE', *, *, #378, .F. ) ;
#252 = DIRECTION ( 'NONE',  ( 0.000000000000000000, 0.000000000000000000, -1.000000000000000000 ) ) ;
#253 = DIRECTION ( 'NONE',  ( -0.000000000000000000, -0.000000000000000000, -1.000000000000000000 ) ) ;
#254 = ORIENTED_EDGE ( 'NONE', *, *, #680, .F. ) ;
#255 = CYLINDRICAL_SURFACE ( 'NONE', #756, 2.250000000000001776 ) ;
#256 = ORIENTED_EDGE ( 'NONE', *, *, #306, .F. ) ;
#257 = ADVANCED_BREP_SHAPE_REPRESENTATION ( 'JX1_HipYawBracket_R', ( #222, #660 ), #1904 ) ;
#258 = DIRECTION ( 'NONE',  ( -0.000000000000000000, -0.000000000000000000, -1.000000000000000000 ) ) ;
#259 = PLANE ( 'NONE',  #1465 ) ;
#260 = CARTESIAN_POINT ( 'NONE',  ( -21.30000000000000071, -2.608497682183862521E-15, 82.00000000000000000 ) ) ;
#261 = EDGE_LOOP ( 'NONE', ( #1920, #832, #1731, #530 ) ) ;
#262 = CARTESIAN_POINT ( 'NONE',  ( 9.800000000000000711, 19.91858428704208706, 72.00000000000001421 ) ) ;
#263 = EDGE_CURVE ( 'NONE', #1707, #2034, #1669, .T. ) ;
#264 = DIRECTION ( 'NONE',  ( -0.000000000000000000, 0.000000000000000000, 1.000000000000000000 ) ) ;
#265 = DIRECTION ( 'NONE',  ( 0.000000000000000000, 0.000000000000000000, 1.000000000000000000 ) ) ;
#266 = ORIENTED_EDGE ( 'NONE', *, *, #1385, .T. ) ;
#267 = ADVANCED_FACE ( 'NONE', ( #377 ), #1958, .F. ) ;
#268 = LINE ( 'NONE', #2014, #1218 ) ;
#269 = VERTEX_POINT ( 'NONE', #692 ) ;
#270 = LINE ( 'NONE', #93, #1264 ) ;
#271 = FACE_BOUND ( 'NONE', #1095, .T. ) ;
#272 = DIRECTION ( 'NONE',  ( -1.000000000000000000, 0.000000000000000000, 0.000000000000000000 ) ) ;
#273 = ORIENTED_EDGE ( 'NONE', *, *, #731, .F. ) ;
#274 = LINE ( 'NONE', #112, #173 ) ;
#275 = FACE_OUTER_BOUND ( 'NONE', #1914, .T. ) ;
#276 = CARTESIAN_POINT ( 'NONE',  ( -126.0000000000000284, 45.00000000000000000, 82.00000000000000000 ) ) ;
#277 = EDGE_CURVE ( 'NONE', #312, #460, #535, .T. ) ;
#278 = AXIS2_PLACEMENT_3D ( 'NONE', #494, #2081, #1419 ) ;
#279 = ORIENTED_EDGE ( 'NONE', *, *, #177, .F. ) ;
#280 = VECTOR ( 'NONE', #152, 1000.000000000000000 ) ;
#281 = CARTESIAN_POINT ( 'NONE',  ( -132.0000000000000000, 39.00000000000002132, 82.00000000000000000 ) ) ;
#282 = ORIENTED_EDGE ( 'NONE', *, *, #669, .F. ) ;
#283 = VECTOR ( 'NONE', #1001, 1000.000000000000000 ) ;
#284 = ADVANCED_FACE ( 'NONE', ( #858 ), #1800, .F. ) ;
#285 = LINE ( 'NONE', #933, #1091 ) ;
#286 = VECTOR ( 'NONE', #1247, 1000.000000000000000 ) ;
#287 = DIRECTION ( 'NONE',  ( -0.000000000000000000, -0.000000000000000000, -1.000000000000000000 ) ) ;
#288 = LOCAL_TIME ( 11, 7, 38.00000000000000000, #1151 ) ;
#289 = ORIENTED_EDGE ( 'NONE', *, *, #953, .F. ) ;
#290 = CARTESIAN_POINT ( 'NONE',  ( 13.20000000000000107, -19.91858428704208706, 72.00000000000001421 ) ) ;
#291 = DIRECTION ( 'NONE',  ( 0.000000000000000000, 0.000000000000000000, 1.000000000000000000 ) ) ;
#292 = DIRECTION ( 'NONE',  ( -0.000000000000000000, -1.000000000000000000, -0.000000000000000000 ) ) ;
#293 = ORIENTED_EDGE ( 'NONE', *, *, #1231, .T. ) ;
#294 = ORIENTED_EDGE ( 'NONE', *, *, #834, .F. ) ;
#295 = EDGE_CURVE ( 'NONE', #794, #301, #1658, .T. ) ;
#296 = LINE ( 'NONE', #1582, #546 ) ;
#297 = DIRECTION ( 'NONE',  ( -1.000000000000000000, -0.000000000000000000, -0.000000000000000000 ) ) ;
#298 = ORIENTED_EDGE ( 'NONE', *, *, #304, .T. ) ;
#299 = DIRECTION ( 'NONE',  ( 1.000000000000000000, 0.000000000000000000, 0.000000000000000000 ) ) ;
#300 = DIRECTION ( 'NONE',  ( -1.000000000000000000, -0.000000000000000000, -0.000000000000000000 ) ) ;
#301 = VERTEX_POINT ( 'NONE', #387 ) ;
#302 = DIRECTION ( 'NONE',  ( -1.000000000000000000, -0.000000000000000000, -0.000000000000000000 ) ) ;
#303 = EDGE_CURVE ( 'NONE', #1473, #1070, #1022, .T. ) ;
#304 = EDGE_CURVE ( 'NONE', #1994, #1531, #1558, .T. ) ;
#305 = CARTESIAN_POINT ( 'NONE',  ( 36.00000000000000000, -27.00000000000000000, 82.00000000000000000 ) ) ;
#306 = EDGE_CURVE ( 'NONE', #52, #1181, #1390, .T. ) ;
#307 = ORIENTED_EDGE ( 'NONE', *, *, #263, .F. ) ;
#308 = LINE ( 'NONE', #943, #280 ) ;
#309 = FACE_BOUND ( 'NONE', #618, .T. ) ;
#310 = PERSON_AND_ORGANIZATION_ROLE ( 'creator' ) ;
#311 = LINE ( 'NONE', #1591, #1253 ) ;
#312 = VERTEX_POINT ( 'NONE', #887 ) ;
#313 = VECTOR ( 'NONE', #817, 1000.000000000000000 ) ;
#314 = AXIS2_PLACEMENT_3D ( 'NONE', #81, #1376, #1060 ) ;
#315 = CIRCLE ( 'NONE', #1898, 2.250000000000000444 ) ;
#316 = LINE ( 'NONE', #981, #2063 ) ;
#317 = EDGE_LOOP ( 'NONE', ( #950, #1034, #184, #226 ) ) ;
#318 = AXIS2_PLACEMENT_3D ( 'NONE', #1142, #1779, #1303 ) ;
#319 = DIRECTION ( 'NONE',  ( -1.000000000000000000, -0.000000000000000000, -0.000000000000000000 ) ) ;
#320 = AXIS2_PLACEMENT_3D ( 'NONE', #569, #1210, #742 ) ;
#321 = LINE ( 'NONE', #1428, #9 ) ;
#322 = CARTESIAN_POINT ( 'NONE',  ( 9.800000000000000711, -19.91858428704208706, 82.00000000000000000 ) ) ;
#323 = ORIENTED_EDGE ( 'NONE', *, *, #2015, .T. ) ;
#324 = LINE ( 'NONE', #1759, #68 ) ;
#325 = ORIENTED_EDGE ( 'NONE', *, *, #1302, .T. ) ;
#326 = CARTESIAN_POINT ( 'NONE',  ( -132.0000000000000000, -39.72681989798532953, -14.20538759169886411 ) ) ;
#327 = CARTESIAN_POINT ( 'NONE',  ( -86.00000000000000000, 6.000000000000000000, 56.99999999999999289 ) ) ;
#328 = DIRECTION ( 'NONE',  ( 1.000000000000000000, 0.000000000000000000, 0.000000000000000000 ) ) ;
#329 = EDGE_CURVE ( 'NONE', #584, #439, #1236, .T. ) ;
#331 = EDGE_CURVE ( 'NONE', #868, #465, #821, .T. ) ;
#330 = DIRECTION ( 'NONE',  ( 1.000000000000000000, 0.000000000000000000, 0.000000000000000000 ) ) ;
#333 = ADVANCED_FACE ( 'NONE', ( #1885 ), #400, .T. ) ;
#332 = ORIENTED_EDGE ( 'NONE', *, *, #810, .F. ) ;
#334 = FACE_OUTER_BOUND ( 'NONE', #383, .T. ) ;
#335 = LINE ( 'NONE', #496, #179 ) ;
#336 = CARTESIAN_POINT ( 'NONE',  ( 11.50000000000000178, 19.91858428704208706, 82.00000000000000000 ) ) ;
#337 = LINE ( 'NONE', #145, #1434 ) ;
#338 = ORIENTED_EDGE ( 'NONE', *, *, #1542, .T. ) ;
#339 = DIRECTION ( 'NONE',  ( -0.000000000000000000, -0.000000000000000000, -1.000000000000000000 ) ) ;
#340 = CC_DESIGN_PERSON_AND_ORGANIZATION_ASSIGNMENT ( #1159, #1484, ( #1500 ) ) ;
#341 = VERTEX_POINT ( 'NONE', #1221 ) ;
#342 = DIRECTION ( 'NONE',  ( 1.000000000000000000, 0.000000000000000000, 0.000000000000000000 ) ) ;
#343 = AXIS2_PLACEMENT_3D ( 'NONE', #2056, #300, #132 ) ;
#344 = EDGE_CURVE ( 'NONE', #1673, #1452, #274, .T. ) ;
#345 = AXIS2_PLACEMENT_3D ( 'NONE', #141, #613, #1108 ) ;
#346 = DIRECTION ( 'NONE',  ( 0.7071067811865477948, -0.7071067811865473507, 0.000000000000000000 ) ) ;
#347 = AXIS2_PLACEMENT_3D ( 'NONE', #24, #1313, #1002 ) ;
#348 = FACE_BOUND ( 'NONE', #1977, .T. ) ;
#349 = AXIS2_PLACEMENT_3D ( 'NONE', #1114, #1935, #802 ) ;
#350 = ORIENTED_EDGE ( 'NONE', *, *, #344, .T. ) ;
#351 = DIRECTION ( 'NONE',  ( 0.000000000000000000, 1.000000000000000000, 0.000000000000000000 ) ) ;
#352 = VECTOR ( 'NONE', #1667, 1000.000000000000000 ) ;
#353 = ORIENTED_EDGE ( 'NONE', *, *, #2001, .T. ) ;
#354 = EDGE_CURVE ( 'NONE', #1320, #423, #481, .T. ) ;
#355 = DIRECTION ( 'NONE',  ( -1.000000000000000000, -0.000000000000000000, -0.000000000000000000 ) ) ;
#356 = ADVANCED_FACE ( 'NONE', ( #1678 ), #1532, .T. ) ;
#357 = DIRECTION ( 'NONE',  ( -0.000000000000000000, -0.000000000000000000, 1.000000000000000000 ) ) ;
#358 = ORIENTED_EDGE ( 'NONE', *, *, #1489, .T. ) ;
#359 = CARTESIAN_POINT ( 'NONE',  ( -144.0000000000000284, 39.72681989798532953, 18.70538759169884813 ) ) ;
#360 = ORIENTED_EDGE ( 'NONE', *, *, #177, .T. ) ;
#361 = EDGE_LOOP ( 'NONE', ( #979, #1330, #353, #1608 ) ) ;
#362 = EDGE_CURVE ( 'NONE', #1365, #1641, #1373, .T. ) ;
#363 = EDGE_CURVE ( 'NONE', #729, #1942, #851, .T. ) ;
#364 = CYLINDRICAL_SURFACE ( 'NONE', #31, 1.700000000000000178 ) ;
#365 = DIRECTION ( 'NONE',  ( 0.000000000000000000, 0.000000000000000000, -1.000000000000000000 ) ) ;
#366 = ORIENTED_EDGE ( 'NONE', *, *, #1200, .F. ) ;
#367 = DIRECTION ( 'NONE',  ( -1.000000000000000000, -0.000000000000000000, -0.000000000000000000 ) ) ;
#368 = EDGE_CURVE ( 'NONE', #500, #579, #922, .T. ) ;
#369 = ORIENTED_EDGE ( 'NONE', *, *, #1505, .T. ) ;
#370 = EDGE_LOOP ( 'NONE', ( #11, #273 ) ) ;
#371 = CIRCLE ( 'NONE', #1120, 1.700000000000000178 ) ;
#372 = CARTESIAN_POINT ( 'NONE',  ( -132.0000000000000000, -39.72681989798532953, 14.20538759169885878 ) ) ;
#373 = CIRCLE ( 'NONE', #1183, 2.250000000000001776 ) ;
#374 = DIRECTION ( 'NONE',  ( -0.000000000000000000, -0.000000000000000000, -1.000000000000000000 ) ) ;
#375 = ORIENTED_EDGE ( 'NONE', *, *, #1584, .F. ) ;
#376 = VECTOR ( 'NONE', #759, 1000.000000000000000 ) ;
#377 = FACE_OUTER_BOUND ( 'NONE', #877, .T. ) ;
#378 = EDGE_CURVE ( 'NONE', #1052, #460, #1924, .T. ) ;
#379 = CIRCLE ( 'NONE', #108, 1.700000000000000178 ) ;
#380 = ORIENTED_EDGE ( 'NONE', *, *, #295, .T. ) ;
#381 = VECTOR ( 'NONE', #444, 1000.000000000000000 ) ;
#382 = AXIS2_PLACEMENT_3D ( 'NONE', #1040, #1878, #1544 ) ;
#383 = EDGE_LOOP ( 'NONE', ( #1999, #635, #1809, #1015 ) ) ;
#384 = LINE ( 'NONE', #738, #583 ) ;
#385 = DIRECTION ( 'NONE',  ( 1.000000000000000000, 0.000000000000000000, 0.000000000000000000 ) ) ;
#386 = EDGE_LOOP ( 'NONE', ( #1592, #1736, #673, #1711 ) ) ;
#387 = CARTESIAN_POINT ( 'NONE',  ( -9.800000000000009592, 19.91858428704208350, 72.00000000000001421 ) ) ;
#388 = CARTESIAN_POINT ( 'NONE',  ( -132.0000000000000000, 0.000000000000000000, 56.99999999999999289 ) ) ;
#389 = APPROVAL ( #1259, 'UNSPECIFIED' ) ;
#390 = ADVANCED_FACE ( 'NONE', ( #568 ), #1054, .F. ) ;
#391 = ORIENTED_EDGE ( 'NONE', *, *, #277, .F. ) ;
#392 = CARTESIAN_POINT ( 'NONE',  ( -9.799999999999993605, -19.91858428704209061, 82.00000000000000000 ) ) ;
#393 = EDGE_CURVE ( 'NONE', #1535, #1673, #227, .T. ) ;
#394 = ORIENTED_EDGE ( 'NONE', *, *, #1276, .F. ) ;
#395 = CARTESIAN_POINT ( 'NONE',  ( -132.0000000000000000, -39.72681989798532953, 16.45538759169885878 ) ) ;
#396 = ADVANCED_FACE ( 'NONE', ( #424 ), #2000, .F. ) ;
#397 = DIRECTION ( 'NONE',  ( 0.000000000000000000, -0.000000000000000000, 1.000000000000000000 ) ) ;
#398 = DIRECTION ( 'NONE',  ( 1.000000000000000000, -0.000000000000000000, -0.000000000000000000 ) ) ;
#399 = VERTEX_POINT ( 'NONE', #262 ) ;
#400 = PLANE ( 'NONE',  #1757 ) ;
#401 = DIRECTION ( 'NONE',  ( 0.000000000000000000, -0.000000000000000000, 1.000000000000000000 ) ) ;
#402 = VERTEX_POINT ( 'NONE', #1552 ) ;
#403 = FACE_BOUND ( 'NONE', #1540, .T. ) ;
#404 = EDGE_LOOP ( 'NONE', ( #1350, #775, #1856, #45 ) ) ;
#405 = PLANE ( 'NONE',  #653 ) ;
#406 = AXIS2_PLACEMENT_3D ( 'NONE', #1503, #1155, #1347 ) ;
#407 = LINE ( 'NONE', #1550, #40 ) ;
#408 = ORIENTED_EDGE ( 'NONE', *, *, #1859, .F. ) ;
#409 = DIRECTION ( 'NONE',  ( -1.000000000000000000, -0.000000000000000000, -0.000000000000000000 ) ) ;
#410 = VECTOR ( 'NONE', #705, 1000.000000000000000 ) ;
#411 = DIRECTION ( 'NONE',  ( -0.000000000000000000, -1.000000000000000000, -0.000000000000000000 ) ) ;
#412 = VECTOR ( 'NONE', #805, 1000.000000000000114 ) ;
#413 = ORIENTED_EDGE ( 'NONE', *, *, #1250, .T. ) ;
#414 = VECTOR ( 'NONE', #1242, 1000.000000000000000 ) ;
#415 = LINE ( 'NONE', #281, #852 ) ;
#416 = VECTOR ( 'NONE', #1607, 1000.000000000000000 ) ;
#417 = ORIENTED_EDGE ( 'NONE', *, *, #498, .T. ) ;
#418 = AXIS2_PLACEMENT_3D ( 'NONE', #233, #748, #1205 ) ;
#419 = EDGE_CURVE ( 'NONE', #1328, #1707, #1407, .T. ) ;
#420 = LOCAL_TIME ( 11, 7, 38.00000000000000000, #1101 ) ;
#421 = DIRECTION ( 'NONE',  ( -0.9849570246463139611, -0.000000000000000000, -0.1727994780081253123 ) ) ;
#422 = CARTESIAN_POINT ( 'NONE',  ( 0.000000000000000000, 0.000000000000000000, 82.00000000000000000 ) ) ;
#423 = VERTEX_POINT ( 'NONE', #2046 ) ;
#424 = FACE_OUTER_BOUND ( 'NONE', #404, .T. ) ;
#425 = CARTESIAN_POINT ( 'NONE',  ( -132.0000000000000000, 50.00000000000000000, -50.00000000000000000 ) ) ;
#426 = LINE ( 'NONE', #925, #589 ) ;
#427 = VERTEX_POINT ( 'NONE', #61 ) ;
#428 = CARTESIAN_POINT ( 'NONE',  ( -11.49999999999999467, -19.91858428704209061, 72.00000000000001421 ) ) ;
#429 = ORIENTED_EDGE ( 'NONE', *, *, #548, .F. ) ;
#430 = DIRECTION ( 'NONE',  ( 1.000000000000000000, 0.000000000000000000, 0.000000000000000000 ) ) ;
#431 = ADVANCED_FACE ( 'NONE', ( #719 ), #1361, .F. ) ;
#432 = CARTESIAN_POINT ( 'NONE',  ( -132.0000000000000000, 39.72681989798532243, -16.45538759169886944 ) ) ;
#433 = ORIENTED_EDGE ( 'NONE', *, *, #419, .F. ) ;
#434 = DIRECTION ( 'NONE',  ( 0.000000000000000000, 1.000000000000000000, 0.000000000000000000 ) ) ;
#435 = DIRECTION ( 'NONE',  ( 0.000000000000000000, 1.000000000000000000, 0.000000000000000000 ) ) ;
#436 = ORIENTED_EDGE ( 'NONE', *, *, #991, .F. ) ;
#437 = EDGE_CURVE ( 'NONE', #217, #985, #1817, .T. ) ;
#438 = CARTESIAN_POINT ( 'NONE',  ( -11.50000000000001066, 19.91858428704208350, 72.00000000000001421 ) ) ;
#439 = VERTEX_POINT ( 'NONE', #795 ) ;
#440 = DIRECTION ( 'NONE',  ( 0.000000000000000000, 0.000000000000000000, 1.000000000000000000 ) ) ;
#441 = CARTESIAN_POINT ( 'NONE',  ( -23.00000000000000000, -2.816687638038912352E-15, 72.00000000000001421 ) ) ;
#442 = EDGE_LOOP ( 'NONE', ( #282, #1875, #1411, #26 ) ) ;
#443 = LINE ( 'NONE', #1620, #1351 ) ;
#444 = DIRECTION ( 'NONE',  ( -0.000000000000000000, -0.000000000000000000, -1.000000000000000000 ) ) ;
#445 = DIRECTION ( 'NONE',  ( -1.000000000000000000, -0.000000000000000000, -0.000000000000000000 ) ) ;
#447 = EDGE_CURVE ( 'NONE', #2005, #1493, #1909, .T. ) ;
#446 = ORIENTED_EDGE ( 'NONE', *, *, #531, .T. ) ;
#448 = ORIENTED_EDGE ( 'NONE', *, *, #1972, .F. ) ;
#449 = AXIS2_PLACEMENT_3D ( 'NONE', #438, #482, #1476 ) ;
#450 = DIRECTION ( 'NONE',  ( 1.000000000000000000, 0.000000000000000000, 0.000000000000000000 ) ) ;
#451 = VECTOR ( 'NONE', #1358, 1000.000000000000000 ) ;
#452 = CARTESIAN_POINT ( 'NONE',  ( -144.0000000000000284, -39.72681989798532953, 16.45538759169885878 ) ) ;
#453 = VECTOR ( 'NONE', #240, 1000.000000000000000 ) ;
#454 = ORIENTED_EDGE ( 'NONE', *, *, #1842, .T. ) ;
#455 = LINE ( 'NONE', #1279, #1595 ) ;
#456 = LINE ( 'NONE', #2021, #286 ) ;
#457 = CARTESIAN_POINT ( 'NONE',  ( -126.0000000000000284, 45.00000000000000000, 82.00000000000000000 ) ) ;
#458 = ORIENTED_EDGE ( 'NONE', *, *, #928, .T. ) ;
#459 = EDGE_CURVE ( 'NONE', #594, #963, #308, .T. ) ;
#460 = VERTEX_POINT ( 'NONE', #130 ) ;
#461 = EDGE_CURVE ( 'NONE', #537, #269, #373, .T. ) ;
#462 = LINE ( 'NONE', #149, #5 ) ;
#463 = EDGE_CURVE ( 'NONE', #2034, #1473, #646, .T. ) ;
#464 = FACE_OUTER_BOUND ( 'NONE', #2027, .T. ) ;
#465 = VERTEX_POINT ( 'NONE', #1770 ) ;
#466 = CARTESIAN_POINT ( 'NONE',  ( -144.0000000000000284, -16.45538759169885878, -39.72681989798532953 ) ) ;
#467 = CARTESIAN_POINT ( 'NONE',  ( -86.00000000000000000, -4.000000000000000000, 0.000000000000000000 ) ) ;
#468 = PERSON_AND_ORGANIZATION ( #1670, #70 ) ;
#469 = ORIENTED_EDGE ( 'NONE', *, *, #1080, .F. ) ;
#470 = VERTEX_POINT ( 'NONE', #964 ) ;
#471 = ORIENTED_EDGE ( 'NONE', *, *, #721, .T. ) ;
#472 = CARTESIAN_POINT ( 'NONE',  ( -132.0000000000000000, -39.72681989798532953, -16.45538759169886234 ) ) ;
#473 = LINE ( 'NONE', #150, #7 ) ;
#474 = ORIENTED_EDGE ( 'NONE', *, *, #1580, .F. ) ;
#475 = DIRECTION ( 'NONE',  ( 1.000000000000000000, 0.000000000000000000, 0.000000000000000000 ) ) ;
#476 = FACE_OUTER_BOUND ( 'NONE', #958, .T. ) ;
#477 = CARTESIAN_POINT ( 'NONE',  ( -86.00000000000000000, 6.000000000000000000, 72.00000000000001421 ) ) ;
#478 = VERTEX_POINT ( 'NONE', #1449 ) ;
#479 = LINE ( 'NONE', #1603, #539 ) ;
#480 = VERTEX_POINT ( 'NONE', #975 ) ;
#481 = CIRCLE ( 'NONE', #1659, 1.700000000000000178 ) ;
#482 = DIRECTION ( 'NONE',  ( 0.000000000000000000, 0.000000000000000000, 1.000000000000000000 ) ) ;
#483 = AXIS2_PLACEMENT_3D ( 'NONE', #749, #1232, #430 ) ;
#484 = AXIS2_PLACEMENT_3D ( 'NONE', #1037, #236, #1371 ) ;
#485 = EDGE_CURVE ( 'NONE', #694, #155, #1745, .T. ) ;
#486 = CARTESIAN_POINT ( 'NONE',  ( -23.00000000000000000, -2.816687638038912352E-15, 82.00000000000000000 ) ) ;
#487 = EDGE_LOOP ( 'NONE', ( #375, #1979 ) ) ;
#488 = CIRCLE ( 'NONE', #1995, 13.00000000000000000 ) ;
#489 = DIRECTION ( 'NONE',  ( -1.000000000000000000, -0.000000000000000000, -0.000000000000000000 ) ) ;
#490 = AXIS2_PLACEMENT_3D ( 'NONE', #785, #1588, #328 ) ;
#491 = EDGE_CURVE ( 'NONE', #1306, #217, #2089, .T. ) ;
#492 = CARTESIAN_POINT ( 'NONE',  ( -132.0000000000000000, 16.45538759169884813, -37.47681989798532953 ) ) ;
#493 = MECHANICAL_CONTEXT ( 'NONE', #201, 'mechanical' ) ;
#494 = CARTESIAN_POINT ( 'NONE',  ( -132.0000000000000000, 39.72681989798532953, 16.45538759169884813 ) ) ;
#495 = ORIENTED_EDGE ( 'NONE', *, *, #303, .T. ) ;
#496 = CARTESIAN_POINT ( 'NONE',  ( 21.30000000000000071, 0.000000000000000000, 82.00000000000000000 ) ) ;
#497 = DIRECTION ( 'NONE',  ( -1.000000000000000000, 0.000000000000000000, 0.000000000000000000 ) ) ;
#498 = EDGE_CURVE ( 'NONE', #1459, #1627, #684, .T. ) ;
#499 = CARTESIAN_POINT ( 'NONE',  ( -144.0000000000000284, 50.00000000000000000, -50.00000000000000000 ) ) ;
#500 = VERTEX_POINT ( 'NONE', #783 ) ;
#501 = ORIENTED_EDGE ( 'NONE', *, *, #1146, .T. ) ;
#502 = VERTEX_POINT ( 'NONE', #1256 ) ;
#503 = CARTESIAN_POINT ( 'NONE',  ( -144.0000000000000284, 39.72681989798532953, 14.20538759169884813 ) ) ;
#504 = PERSON_AND_ORGANIZATION ( #1670, #70 ) ;
#505 = FACE_OUTER_BOUND ( 'NONE', #726, .T. ) ;
#506 = FACE_OUTER_BOUND ( 'NONE', #1287, .T. ) ;
#507 = DIRECTION ( 'NONE',  ( -0.000000000000000000, -0.000000000000000000, -1.000000000000000000 ) ) ;
#508 = EDGE_LOOP ( 'NONE', ( #151, #1922, #1255, #761 ) ) ;
#509 = CARTESIAN_POINT ( 'NONE',  ( 18.00000000000000000, -45.00000000000000000, 82.00000000000000000 ) ) ;
#510 = ADVANCED_FACE ( 'NONE', ( #2078 ), #1288, .F. ) ;
#511 = ORIENTED_EDGE ( 'NONE', *, *, #16, .T. ) ;
#512 = CIRCLE ( 'NONE', #1815, 1.700000000000000178 ) ;
#513 = CIRCLE ( 'NONE', #955, 1.700000000000000178 ) ;
#514 = CARTESIAN_POINT ( 'NONE',  ( -132.0000000000000000, -39.72681989798532953, 18.70538759169885878 ) ) ;
#515 = VECTOR ( 'NONE', #104, 1000.000000000000000 ) ;
#516 = DIRECTION ( 'NONE',  ( 0.000000000000000000, 0.000000000000000000, 1.000000000000000000 ) ) ;
#517 = VERTEX_POINT ( 'NONE', #1119 ) ;
#518 = CARTESIAN_POINT ( 'NONE',  ( 18.00000000000000000, 45.00000000000000000, 82.00000000000000000 ) ) ;
#519 = CIRCLE ( 'NONE', #551, 1.700000000000000178 ) ;
#520 = AXIS2_PLACEMENT_3D ( 'NONE', #617, #445, #1248 ) ;
#521 = ORIENTED_EDGE ( 'NONE', *, *, #167, .T. ) ;
#522 = EDGE_CURVE ( 'NONE', #729, #427, #443, .T. ) ;
#523 = EDGE_LOOP ( 'NONE', ( #1502, #358, #1917, #563 ) ) ;
#524 = EDGE_CURVE ( 'NONE', #162, #1632, #455, .T. ) ;
#525 = DIRECTION ( 'NONE',  ( 1.000000000000000000, 0.000000000000000000, 0.000000000000000000 ) ) ;
#526 = CARTESIAN_POINT ( 'NONE',  ( -23.00000000000000000, -2.816687638038912352E-15, 82.00000000000000000 ) ) ;
#527 = ORIENTED_EDGE ( 'NONE', *, *, #1273, .F. ) ;
#528 = CARTESIAN_POINT ( 'NONE',  ( 36.00000000000000000, 27.00000000000000000, 82.00000000000000000 ) ) ;
#529 = EDGE_LOOP ( 'NONE', ( #913, #1619 ) ) ;
#530 = ORIENTED_EDGE ( 'NONE', *, *, #491, .F. ) ;
#531 = EDGE_CURVE ( 'NONE', #470, #517, #630, .T. ) ;
#532 = DIRECTION ( 'NONE',  ( 0.000000000000000000, 0.000000000000000000, 1.000000000000000000 ) ) ;
#533 = CARTESIAN_POINT ( 'NONE',  ( 36.00000000000000000, -27.00000000000000000, 82.00000000000000000 ) ) ;
#534 = ORIENTED_EDGE ( 'NONE', *, *, #841, .F. ) ;
#535 = LINE ( 'NONE', #1173, #2025 ) ;
#536 = ORIENTED_EDGE ( 'NONE', *, *, #143, .T. ) ;
#537 = VERTEX_POINT ( 'NONE', #1761 ) ;
#538 = CARTESIAN_POINT ( 'NONE',  ( -132.0000000000000000, -50.00000000000000000, 82.00000000000000000 ) ) ;
#539 = VECTOR ( 'NONE', #1781, 1000.000000000000000 ) ;
#540 = FACE_OUTER_BOUND ( 'NONE', #1537, .T. ) ;
#541 = VECTOR ( 'NONE', #489, 1000.000000000000000 ) ;
#542 = EDGE_CURVE ( 'NONE', #1240, #1466, #1927, .T. ) ;
#543 = EDGE_CURVE ( 'NONE', #1493, #1466, #1628, .T. ) ;
#544 = DIRECTION ( 'NONE',  ( 1.000000000000000000, 0.000000000000000000, 0.000000000000000000 ) ) ;
#545 = ORIENTED_EDGE ( 'NONE', *, *, #239, .F. ) ;
#546 = VECTOR ( 'NONE', #2060, 1000.000000000000000 ) ;
#547 = PLANE ( 'NONE',  #1594 ) ;
#548 = EDGE_CURVE ( 'NONE', #1240, #2005, #241, .T. ) ;
#549 = DIRECTION ( 'NONE',  ( 1.000000000000000000, 0.000000000000000000, 0.000000000000000000 ) ) ;
#550 = ORIENTED_EDGE ( 'NONE', *, *, #127, .T. ) ;
#551 = AXIS2_PLACEMENT_3D ( 'NONE', #865, #516, #544 ) ;
#552 = FACE_BOUND ( 'NONE', #808, .T. ) ;
#553 = VERTEX_POINT ( 'NONE', #1268 ) ;
#554 = DIRECTION ( 'NONE',  ( -1.000000000000000000, 0.000000000000000000, 0.000000000000000000 ) ) ;
#555 = CARTESIAN_POINT ( 'NONE',  ( -132.0000000000000000, -16.45538759169885878, -39.72681989798532953 ) ) ;
#556 = LINE ( 'NONE', #699, #827 ) ;
#557 = EDGE_LOOP ( 'NONE', ( #1769, #501, #676, #139, #448, #2092, #874, #1940, #782, #2093, #511, #1605, #930, #211, #1570, #1147 ) ) ;
#558 = CC_DESIGN_PERSON_AND_ORGANIZATION_ASSIGNMENT ( #666, #1943, ( #763 ) ) ;
#559 = DIRECTION ( 'NONE',  ( 1.000000000000000000, -0.000000000000000000, -0.000000000000000000 ) ) ;
#560 = DIRECTION ( 'NONE',  ( 1.000000000000000000, 0.000000000000000000, 0.000000000000000000 ) ) ;
#561 = VERTEX_POINT ( 'NONE', #290 ) ;
#562 = PLANE ( 'NONE',  #1430 ) ;
#563 = ORIENTED_EDGE ( 'NONE', *, *, #1250, .F. ) ;
#564 = CYLINDRICAL_SURFACE ( 'NONE', #418, 1.700000000000000178 ) ;
#565 = CARTESIAN_POINT ( 'NONE',  ( -9.800000000000009592, 19.91858428704208350, 82.00000000000000000 ) ) ;
#566 = LINE ( 'NONE', #934, #855 ) ;
#567 = ORIENTED_EDGE ( 'NONE', *, *, #1782, .T. ) ;
#568 = FACE_OUTER_BOUND ( 'NONE', #1677, .T. ) ;
#569 = CARTESIAN_POINT ( 'NONE',  ( -132.0000000000000000, 0.000000000000000000, 0.000000000000000000 ) ) ;
#570 = DIRECTION ( 'NONE',  ( 0.000000000000000000, 0.000000000000000000, -1.000000000000000000 ) ) ;
#571 = ORIENTED_EDGE ( 'NONE', *, *, #172, .T. ) ;
#572 = ADVANCED_FACE ( 'NONE', ( #936 ), #1576, .F. ) ;
#573 = CARTESIAN_POINT ( 'NONE',  ( -144.0000000000000284, -16.45538759169885878, -41.97681989798532953 ) ) ;
#574 = VERTEX_POINT ( 'NONE', #514 ) ;
#575 = EDGE_CURVE ( 'NONE', #553, #794, #513, .T. ) ;
#576 = DIRECTION ( 'NONE',  ( 0.000000000000000000, 0.000000000000000000, -1.000000000000000000 ) ) ;
#577 = AXIS2_PLACEMENT_3D ( 'NONE', #509, #1311, #53 ) ;
#578 = PLANE ( 'NONE',  #1633 ) ;
#579 = VERTEX_POINT ( 'NONE', #1485 ) ;
#580 = CARTESIAN_POINT ( 'NONE',  ( -86.00000000000000000, 4.000000000000000000, 0.000000000000000000 ) ) ;
#581 = FACE_OUTER_BOUND ( 'NONE', #386, .T. ) ;
#582 = CARTESIAN_POINT ( 'NONE',  ( 0.000000000000000000, -4.000000000000000000, 0.000000000000000000 ) ) ;
#583 = VECTOR ( 'NONE', #1538, 1000.000000000000114 ) ;
#584 = VERTEX_POINT ( 'NONE', #15 ) ;
#585 = LINE ( 'NONE', #230, #243 ) ;
#586 = VECTOR ( 'NONE', #1450, 1000.000000000000000 ) ;
#587 = EDGE_LOOP ( 'NONE', ( #471, #1487, #608, #469 ) ) ;
#588 = EDGE_CURVE ( 'NONE', #1229, #470, #668, .T. ) ;
#589 = VECTOR ( 'NONE', #1348, 1000.000000000000000 ) ;
#590 = CARTESIAN_POINT ( 'NONE',  ( -132.0000000000000000, 16.45538759169884813, -39.72681989798532953 ) ) ;
#591 = VECTOR ( 'NONE', #435, 1000.000000000000000 ) ;
#592 = DIRECTION ( 'NONE',  ( -0.1727994780081253123, 0.000000000000000000, 0.9849570246463139611 ) ) ;
#593 = DIRECTION ( 'NONE',  ( 1.000000000000000000, 0.000000000000000000, 0.000000000000000000 ) ) ;
#594 = VERTEX_POINT ( 'NONE', #1944 ) ;
#595 = DIRECTION ( 'NONE',  ( -0.000000000000000000, -0.000000000000000000, -1.000000000000000000 ) ) ;
#596 = CARTESIAN_POINT ( 'NONE',  ( -132.0000000000000000, 16.45538759169885523, 39.72681989798532953 ) ) ;
#597 = CARTESIAN_POINT ( 'NONE',  ( -132.0000000000000000, -50.00000000000000000, 82.00000000000000000 ) ) ;
#598 = ORIENTED_EDGE ( 'NONE', *, *, #485, .F. ) ;
#599 = CARTESIAN_POINT ( 'NONE',  ( 24.69999999999999929, 2.081899558550500526E-16, 82.00000000000000000 ) ) ;
#600 = ORIENTED_EDGE ( 'NONE', *, *, #1542, .F. ) ;
#601 = CARTESIAN_POINT ( 'NONE',  ( -132.0000000000000000, -6.000000000000000000, 72.00000000000001421 ) ) ;
#602 = ADVANCED_FACE ( 'NONE', ( #1169 ), #364, .F. ) ;
#603 = DIRECTION ( 'NONE',  ( 0.000000000000000000, 0.000000000000000000, 1.000000000000000000 ) ) ;
#604 = ORIENTED_EDGE ( 'NONE', *, *, #459, .T. ) ;
#605 = DIRECTION ( 'NONE',  ( 1.000000000000000000, 0.000000000000000000, 0.000000000000000000 ) ) ;
#606 = LINE ( 'NONE', #1877, #381 ) ;
#607 = DIRECTION ( 'NONE',  ( 0.000000000000000000, 0.000000000000000000, 1.000000000000000000 ) ) ;
#608 = ORIENTED_EDGE ( 'NONE', *, *, #1302, .F. ) ;
#609 = VERTEX_POINT ( 'NONE', #854 ) ;
#610 = CARTESIAN_POINT ( 'NONE',  ( -132.0000000000000000, 4.000000000000000000, 56.99999999999999289 ) ) ;
#611 = DIRECTION ( 'NONE',  ( 0.000000000000000000, 1.000000000000000000, 0.000000000000000000 ) ) ;
#612 = EDGE_LOOP ( 'NONE', ( #2008, #1818, #600, #1020, #1950, #1086, #1788, #458 ) ) ;
#613 = DIRECTION ( 'NONE',  ( -0.000000000000000000, -0.000000000000000000, -1.000000000000000000 ) ) ;
#614 = APPROVAL ( #1651, 'UNSPECIFIED' ) ;
#615 = EDGE_CURVE ( 'NONE', #1897, #1052, #1953, .T. ) ;
#616 = DIRECTION ( 'NONE',  ( 0.000000000000000000, 0.000000000000000000, 1.000000000000000000 ) ) ;
#617 = CARTESIAN_POINT ( 'NONE',  ( -132.0000000000000000, -39.72681989798532953, -16.45538759169886234 ) ) ;
#618 = EDGE_LOOP ( 'NONE', ( #1481, #42 ) ) ;
#619 = CARTESIAN_POINT ( 'NONE',  ( 9.800000000000000711, 19.91858428704208706, 82.00000000000000000 ) ) ;
#620 = ADVANCED_FACE ( 'NONE', ( #1804, #506 ), #687, .T. ) ;
#621 = AXIS2_PLACEMENT_3D ( 'NONE', #1209, #87, #238 ) ;
#622 = VERTEX_POINT ( 'NONE', #864 ) ;
#623 = AXIS2_PLACEMENT_3D ( 'NONE', #1997, #1862, #249 ) ;
#624 = EDGE_CURVE ( 'NONE', #1946, #1504, #50, .T. ) ;
#625 = CIRCLE ( 'NONE', #349, 2.250000000000000444 ) ;
#626 = AXIS2_PLACEMENT_3D ( 'NONE', #1196, #873, #59 ) ;
#627 = DIRECTION ( 'NONE',  ( 0.000000000000000000, 0.000000000000000000, -1.000000000000000000 ) ) ;
#628 = CIRCLE ( 'NONE', #183, 2.250000000000001776 ) ;
#629 = ORIENTED_EDGE ( 'NONE', *, *, #1432, .T. ) ;
#630 = LINE ( 'NONE', #1918, #313 ) ;
#631 = DIRECTION ( 'NONE',  ( 0.000000000000000000, 0.000000000000000000, 1.000000000000000000 ) ) ;
#632 = DIRECTION ( 'NONE',  ( 0.000000000000000000, 0.000000000000000000, 1.000000000000000000 ) ) ;
#633 = ORIENTED_EDGE ( 'NONE', *, *, #548, .T. ) ;
#634 = CARTESIAN_POINT ( 'NONE',  ( 6.000000000000000000, 7.347880794884119736E-16, 79.80000000000001137 ) ) ;
#635 = ORIENTED_EDGE ( 'NONE', *, *, #991, .T. ) ;
#636 = DIRECTION ( 'NONE',  ( 0.000000000000000000, 0.000000000000000000, 1.000000000000000000 ) ) ;
#637 = LINE ( 'NONE', #467, #182 ) ;
#638 = DIRECTION ( 'NONE',  ( 0.000000000000000000, -0.000000000000000000, -1.000000000000000000 ) ) ;
#639 = LINE ( 'NONE', #1931, #1557 ) ;
#640 = ORIENTED_EDGE ( 'NONE', *, *, #1009, .T. ) ;
#641 = ADVANCED_FACE ( 'NONE', ( #1308 ), #1785, .F. ) ;
#642 = FACE_OUTER_BOUND ( 'NONE', #508, .T. ) ;
#643 = EDGE_CURVE ( 'NONE', #974, #1440, #1492, .T. ) ;
#644 = DIRECTION ( 'NONE',  ( -1.000000000000000000, 0.000000000000000000, 0.000000000000000000 ) ) ;
#645 = ORIENTED_EDGE ( 'NONE', *, *, #1243, .F. ) ;
#646 = LINE ( 'NONE', #1598, #412 ) ;
#647 = ORIENTED_EDGE ( 'NONE', *, *, #143, .F. ) ;
#648 = DIRECTION ( 'NONE',  ( -0.000000000000000000, 1.000000000000000000, -0.000000000000000000 ) ) ;
#649 = VECTOR ( 'NONE', #1764, 1000.000000000000000 ) ;
#650 = ORIENTED_EDGE ( 'NONE', *, *, #543, .F. ) ;
#651 = AXIS2_PLACEMENT_3D ( 'NONE', #1719, #2020, #1520 ) ;
#652 = DIRECTION ( 'NONE',  ( 0.000000000000000000, 0.000000000000000000, -1.000000000000000000 ) ) ;
#653 = AXIS2_PLACEMENT_3D ( 'NONE', #918, #1391, #397 ) ;
#654 = EDGE_CURVE ( 'NONE', #49, #622, #1392, .T. ) ;
#655 = APPROVAL_STATUS ( 'not_yet_approved' ) ;
#656 = VECTOR ( 'NONE', #908, 1000.000000000000000 ) ;
#657 = CARTESIAN_POINT ( 'NONE',  ( -30.00000000000000000, 4.000000000000000000, 72.00000000000001421 ) ) ;
#658 = AXIS2_PLACEMENT_3D ( 'NONE', #983, #631, #1787 ) ;
#659 = DIRECTION ( 'NONE',  ( 0.000000000000000000, 0.000000000000000000, -1.000000000000000000 ) ) ;
#660 = AXIS2_PLACEMENT_3D ( 'NONE', #967, #607, #1408 ) ;
#661 = CARTESIAN_POINT ( 'NONE',  ( -132.0000000000000000, 39.72681989798532953, 14.20538759169884813 ) ) ;
#662 = ORIENTED_EDGE ( 'NONE', *, *, #774, .F. ) ;
#663 = DIRECTION ( 'NONE',  ( 0.000000000000000000, 0.000000000000000000, -1.000000000000000000 ) ) ;
#664 = ORIENTED_EDGE ( 'NONE', *, *, #1684, .F. ) ;
#665 = CARTESIAN_POINT ( 'NONE',  ( -132.0000000000000000, -39.72681989798532953, 18.70538759169885878 ) ) ;
#666 = PERSON_AND_ORGANIZATION ( #1670, #70 ) ;
#667 = CARTESIAN_POINT ( 'NONE',  ( 0.000000000000000000, 0.000000000000000000, 82.00000000000000000 ) ) ;
#668 = LINE ( 'NONE', #1965, #788 ) ;
#669 = EDGE_CURVE ( 'NONE', #1942, #2049, #674, .T. ) ;
#670 = CARTESIAN_POINT ( 'NONE',  ( -144.0000000000000284, -39.72681989798532953, 16.45538759169885878 ) ) ;
#671 = ORIENTED_EDGE ( 'NONE', *, *, #172, .F. ) ;
#672 = LINE ( 'NONE', #867, #134 ) ;
#673 = ORIENTED_EDGE ( 'NONE', *, *, #16, .F. ) ;
#674 = LINE ( 'NONE', #1008, #1661 ) ;
#675 = DIRECTION ( 'NONE',  ( 1.000000000000000000, 0.000000000000000000, 0.000000000000000000 ) ) ;
#676 = ORIENTED_EDGE ( 'NONE', *, *, #1150, .F. ) ;
#678 = ADVANCED_FACE ( 'NONE', ( #836 ), #1478, .F. ) ;
#677 = PLANE ( 'NONE',  #577 ) ;
#680 = EDGE_CURVE ( 'NONE', #123, #1068, #1729, .T. ) ;
#679 = ORIENTED_EDGE ( 'NONE', *, *, #127, .F. ) ;
#681 = CIRCLE ( 'NONE', #952, 17.15000000000000213 ) ;
#683 = VERTEX_POINT ( 'NONE', #1625 ) ;
#682 = EDGE_CURVE ( 'NONE', #584, #1632, #193, .T. ) ;
#684 = CIRCLE ( 'NONE', #1727, 2.250000000000000444 ) ;
#685 = CIRCLE ( 'NONE', #176, 2.249999999999998668 ) ;
#686 = LINE ( 'NONE', #538, #245 ) ;
#687 = PLANE ( 'NONE',  #1599 ) ;
#688 = CIRCLE ( 'NONE', #623, 1.700000000000000178 ) ;
#689 = FACE_OUTER_BOUND ( 'NONE', #1967, .T. ) ;
#690 = AXIS2_PLACEMENT_3D ( 'NONE', #1379, #603, #593 ) ;
#691 = ORIENTED_EDGE ( 'NONE', *, *, #862, .T. ) ;
#692 = CARTESIAN_POINT ( 'NONE',  ( -132.0000000000000000, 16.45538759169884813, -41.97681989798532953 ) ) ;
#693 = AXIS2_PLACEMENT_3D ( 'NONE', #590, #1230, #1071 ) ;
#694 = VERTEX_POINT ( 'NONE', #844 ) ;
#695 = VERTEX_POINT ( 'NONE', #1326 ) ;
#696 = ADVANCED_FACE ( 'NONE', ( #1499, #698, #1334, #1974, #1549, #1983, #1195, #1206, #1825, #1559 ), #58, .F. ) ;
#697 = DIRECTION ( 'NONE',  ( -0.000000000000000000, -0.000000000000000000, -1.000000000000000000 ) ) ;
#698 = FACE_BOUND ( 'NONE', #745, .T. ) ;
#699 = CARTESIAN_POINT ( 'NONE',  ( -144.0000000000000284, -4.000000000000000000, 52.00000000000000000 ) ) ;
#700 = EDGE_LOOP ( 'NONE', ( #454, #33, #1315, #629 ) ) ;
#701 = DIRECTION ( 'NONE',  ( 0.7071067811865474617, -0.7071067811865474617, 0.000000000000000000 ) ) ;
#702 = ORIENTED_EDGE ( 'NONE', *, *, #801, .T. ) ;
#703 = ORIENTED_EDGE ( 'NONE', *, *, #1636, .T. ) ;
#704 = ADVANCED_FACE ( 'NONE', ( #1846 ), #405, .F. ) ;
#705 = DIRECTION ( 'NONE',  ( -1.000000000000000000, -0.000000000000000000, -0.000000000000000000 ) ) ;
#706 = EDGE_CURVE ( 'NONE', #2051, #708, #1063, .T. ) ;
#707 = DIRECTION ( 'NONE',  ( 1.000000000000000000, 0.000000000000000000, 0.000000000000000000 ) ) ;
#708 = VERTEX_POINT ( 'NONE', #71 ) ;
#709 = CARTESIAN_POINT ( 'NONE',  ( -86.00000000000000000, -6.000000000000000000, 56.99999999999999289 ) ) ;
#710 = DIRECTION ( 'NONE',  ( 0.000000000000000000, 1.000000000000000000, 0.000000000000000000 ) ) ;
#711 = VERTEX_POINT ( 'NONE', #2017 ) ;
#712 = ORIENTED_EDGE ( 'NONE', *, *, #447, .T. ) ;
#713 = DIRECTION ( 'NONE',  ( -1.000000000000000000, 0.000000000000000000, 0.000000000000000000 ) ) ;
#714 = DIRECTION ( 'NONE',  ( 1.000000000000000000, 0.000000000000000000, 0.000000000000000000 ) ) ;
#715 = AXIS2_PLACEMENT_3D ( 'NONE', #1075, #1866, #767 ) ;
#716 = DIRECTION ( 'NONE',  ( 0.000000000000000000, 0.000000000000000000, 1.000000000000000000 ) ) ;
#717 = ORIENTED_EDGE ( 'NONE', *, *, #1981, .T. ) ;
#718 = AXIS2_PLACEMENT_3D ( 'NONE', #994, #355, #1471 ) ;
#719 = FACE_OUTER_BOUND ( 'NONE', #1118, .T. ) ;
#720 = VECTOR ( 'NONE', #1064, 1000.000000000000000 ) ;
#721 = EDGE_CURVE ( 'NONE', #574, #1946, #1959, .T. ) ;
#722 = DIRECTION ( 'NONE',  ( 1.000000000000000000, 0.000000000000000000, 0.000000000000000000 ) ) ;
#723 = EDGE_LOOP ( 'NONE', ( #279, #550, #133, #2003 ) ) ;
#724 = CIRCLE ( 'NONE', #626, 1.700000000000000178 ) ;
#725 = FACE_OUTER_BOUND ( 'NONE', #261, .T. ) ;
#726 = EDGE_LOOP ( 'NONE', ( #1774, #332, #604, #1174 ) ) ;
#727 = DIRECTION ( 'NONE',  ( 0.000000000000000000, 0.000000000000000000, -1.000000000000000000 ) ) ;
#728 = DIRECTION ( 'NONE',  ( 1.000000000000000000, 0.000000000000000000, 0.000000000000000000 ) ) ;
#729 = VERTEX_POINT ( 'NONE', #1705 ) ;
#730 = DIRECTION ( 'NONE',  ( 0.000000000000000000, 0.000000000000000000, 1.000000000000000000 ) ) ;
#731 = EDGE_CURVE ( 'NONE', #502, #1306, #66, .T. ) ;
#732 = CARTESIAN_POINT ( 'NONE',  ( -11.50000000000001066, 19.91858428704208350, 82.00000000000000000 ) ) ;
#733 = CARTESIAN_POINT ( 'NONE',  ( -132.0000000000000000, 16.45538759169885523, 39.72681989798532953 ) ) ;
#734 = ORIENTED_EDGE ( 'NONE', *, *, #1299, .T. ) ;
#735 = LINE ( 'NONE', #1833, #515 ) ;
#736 = EDGE_LOOP ( 'NONE', ( #323, #307, #433, #246 ) ) ;
#737 = DIRECTION ( 'NONE',  ( -0.000000000000000000, -0.000000000000000000, -1.000000000000000000 ) ) ;
#738 = CARTESIAN_POINT ( 'NONE',  ( 36.00000000000000000, -27.00000000000000000, 82.00000000000000000 ) ) ;
#739 = DIRECTION ( 'NONE',  ( -0.000000000000000000, -0.000000000000000000, -1.000000000000000000 ) ) ;
#740 = ORIENTED_EDGE ( 'NONE', *, *, #1842, .F. ) ;
#741 = DIRECTION ( 'NONE',  ( 1.000000000000000000, 0.000000000000000000, 0.000000000000000000 ) ) ;
#742 = DIRECTION ( 'NONE',  ( 0.000000000000000000, 0.000000000000000000, 1.000000000000000000 ) ) ;
#743 = FACE_OUTER_BOUND ( 'NONE', #1113, .T. ) ;
#744 = ADVANCED_FACE ( 'NONE', ( #271, #2006, #1344, #1354, #109, #1836, #1217, #540 ), #1036, .T. ) ;
#745 = EDGE_LOOP ( 'NONE', ( #231, #429 ) ) ;
#746 = CARTESIAN_POINT ( 'NONE',  ( -126.0000000000000284, -45.00000000000000000, 72.00000000000001421 ) ) ;
#747 = ORIENTED_EDGE ( 'NONE', *, *, #814, .F. ) ;
#748 = DIRECTION ( 'NONE',  ( -0.000000000000000000, -0.000000000000000000, -1.000000000000000000 ) ) ;
#749 = CARTESIAN_POINT ( 'NONE',  ( 0.000000000000000000, 0.000000000000000000, 79.80000000000001137 ) ) ;
#750 = LINE ( 'NONE', #250, #720 ) ;
#751 = ORIENTED_EDGE ( 'NONE', *, *, #1366, .F. ) ;
#752 = CARTESIAN_POINT ( 'NONE',  ( 36.00000000000000000, 27.00000000000000000, 82.00000000000000000 ) ) ;
#753 = VECTOR ( 'NONE', #409, 1000.000000000000000 ) ;
#754 = DIRECTION ( 'NONE',  ( -0.000000000000000000, -0.000000000000000000, -1.000000000000000000 ) ) ;
#755 = CARTESIAN_POINT ( 'NONE',  ( 13.20000000000000107, 19.91858428704208706, 72.00000000000001421 ) ) ;
#756 = AXIS2_PLACEMENT_3D ( 'NONE', #1555, #2004, #1546 ) ;
#757 = ORIENTED_EDGE ( 'NONE', *, *, #459, .F. ) ;
#758 = VECTOR ( 'NONE', #1254, 1000.000000000000000 ) ;
#759 = DIRECTION ( 'NONE',  ( 0.7071067811865473507, -0.7071067811865477948, -0.000000000000000000 ) ) ;
#760 = CIRCLE ( 'NONE', #1664, 2.249999999999998668 ) ;
#761 = ORIENTED_EDGE ( 'NONE', *, *, #1427, .F. ) ;
#762 = EDGE_CURVE ( 'NONE', #341, #1691, #234, .T. ) ;
#763 = PRODUCT_DEFINITION_FORMATION_WITH_SPECIFIED_SOURCE ( 'ANY', '', #1822, .NOT_KNOWN. ) ;
#764 = CARTESIAN_POINT ( 'NONE',  ( -144.0000000000000284, 16.45538759169885523, 39.72681989798532953 ) ) ;
#765 = CARTESIAN_POINT ( 'NONE',  ( -132.0000000000000000, 6.000000000000000000, 56.99999999999999289 ) ) ;
#766 = ORIENTED_EDGE ( 'NONE', *, *, #1737, .F. ) ;
#767 = DIRECTION ( 'NONE',  ( 0.000000000000000000, 0.000000000000000000, -1.000000000000000000 ) ) ;
#768 = ORIENTED_EDGE ( 'NONE', *, *, #303, .F. ) ;
#769 = CARTESIAN_POINT ( 'NONE',  ( -132.0000000000000000, 39.72681989798532243, -16.45538759169886944 ) ) ;
#770 = ORIENTED_EDGE ( 'NONE', *, *, #1385, .F. ) ;
#771 = ADVANCED_FACE ( 'NONE', ( #1694 ), #259, .F. ) ;
#772 = CARTESIAN_POINT ( 'NONE',  ( -144.0000000000000284, 0.000000000000000000, 0.000000000000000000 ) ) ;
#773 = CYLINDRICAL_SURFACE ( 'NONE', #1395, 2.249999999999998668 ) ;
#774 = EDGE_CURVE ( 'NONE', #1360, #1000, #688, .T. ) ;
#775 = ORIENTED_EDGE ( 'NONE', *, *, #971, .T. ) ;
#776 = DIRECTION ( 'NONE',  ( -1.000000000000000000, -0.000000000000000000, -0.000000000000000000 ) ) ;
#777 = PERSON_AND_ORGANIZATION ( #1670, #70 ) ;
#778 = EDGE_LOOP ( 'NONE', ( #221, #1506, #650, #1372 ) ) ;
#779 = ORIENTED_EDGE ( 'NONE', *, *, #1413, .T. ) ;
#780 = CARTESIAN_POINT ( 'NONE',  ( 0.000000000000000000, 0.000000000000000000, 82.00000000000000000 ) ) ;
#781 = CARTESIAN_POINT ( 'NONE',  ( -144.0000000000000284, -16.45538759169886589, 39.72681989798532953 ) ) ;
#782 = ORIENTED_EDGE ( 'NONE', *, *, #1892, .T. ) ;
#783 = CARTESIAN_POINT ( 'NONE',  ( -132.0000000000000000, -4.000000000000000000, 56.99999999999999289 ) ) ;
#784 = DIRECTION ( 'NONE',  ( -1.000000000000000000, 0.000000000000000000, 0.000000000000000000 ) ) ;
#785 = CARTESIAN_POINT ( 'NONE',  ( -11.50000000000001066, 19.91858428704208350, 82.00000000000000000 ) ) ;
#786 = AXIS2_PLACEMENT_3D ( 'NONE', #2069, #1102, #1431 ) ;
#787 = CARTESIAN_POINT ( 'NONE',  ( -144.0000000000000284, 16.45538759169884813, -37.47681989798532953 ) ) ;
#788 = VECTOR ( 'NONE', #1810, 1000.000000000000000 ) ;
#789 = ORIENTED_EDGE ( 'NONE', *, *, #1357, .F. ) ;
#790 = AXIS2_PLACEMENT_3D ( 'NONE', #904, #1193, #1214 ) ;
#791 = AXIS2_PLACEMENT_3D ( 'NONE', #1105, #342, #652 ) ;
#792 = CARTESIAN_POINT ( 'NONE',  ( -86.00000000000000000, 6.000000000000000000, 56.99999999999999289 ) ) ;
#793 = CARTESIAN_POINT ( 'NONE',  ( 18.00000000000000000, -45.00000000000000000, 82.00000000000000000 ) ) ;
#794 = VERTEX_POINT ( 'NONE', #565 ) ;
#795 = CARTESIAN_POINT ( 'NONE',  ( -132.0000000000000000, 50.00000000000000000, 82.00000000000000000 ) ) ;
#796 = FACE_BOUND ( 'NONE', #1245, .T. ) ;
#797 = PERSON_AND_ORGANIZATION_ROLE ( 'design_owner' ) ;
#799 = ADVANCED_FACE ( 'NONE', ( #1872 ), #895, .F. ) ;
#798 = LINE ( 'NONE', #1773, #649 ) ;
#801 = EDGE_CURVE ( 'NONE', #1908, #1328, #384, .T. ) ;
#800 = EDGE_LOOP ( 'NONE', ( #1409, #1808 ) ) ;
#802 = DIRECTION ( 'NONE',  ( 0.000000000000000000, 0.000000000000000000, -1.000000000000000000 ) ) ;
#803 = DIRECTION ( 'NONE',  ( -0.000000000000000000, -0.000000000000000000, -1.000000000000000000 ) ) ;
#804 = ORIENTED_EDGE ( 'NONE', *, *, #643, .T. ) ;
#805 = DIRECTION ( 'NONE',  ( -0.7071067811865474617, 0.7071067811865474617, -0.000000000000000000 ) ) ;
#806 = FACE_OUTER_BOUND ( 'NONE', #1755, .T. ) ;
#807 = DIRECTION ( 'NONE',  ( 0.000000000000000000, -1.000000000000000000, 0.000000000000000000 ) ) ;
#808 = EDGE_LOOP ( 'NONE', ( #2062, #1267 ) ) ;
#809 = CARTESIAN_POINT ( 'NONE',  ( -132.0000000000000000, 0.000000000000000000, 72.00000000000001421 ) ) ;
#810 = EDGE_CURVE ( 'NONE', #594, #1420, #1053, .T. ) ;
#811 = EDGE_LOOP ( 'NONE', ( #1349, #1985, #1652, #1744 ) ) ;
#812 = DIRECTION ( 'NONE',  ( -1.000000000000000000, 0.000000000000000000, 0.000000000000000000 ) ) ;
#813 = SECURITY_CLASSIFICATION_LEVEL ( 'unclassified' ) ;
#814 = EDGE_CURVE ( 'NONE', #269, #1181, #1026, .T. ) ;
#815 = DIRECTION ( 'NONE',  ( 0.000000000000000000, 1.000000000000000000, 0.000000000000000000 ) ) ;
#816 = ORIENTED_EDGE ( 'NONE', *, *, #869, .F. ) ;
#817 = DIRECTION ( 'NONE',  ( 0.7071067811865473507, -0.7071067811865477948, -0.000000000000000000 ) ) ;
#818 = CARTESIAN_POINT ( 'NONE',  ( -144.0000000000000284, -16.45538759169886589, 41.97681989798532953 ) ) ;
#819 = CARTESIAN_POINT ( 'NONE',  ( -144.0000000000000284, 39.72681989798532953, 16.45538759169884813 ) ) ;
#820 = ORIENTED_EDGE ( 'NONE', *, *, #903, .T. ) ;
#821 = CIRCLE ( 'NONE', #1990, 2.249999999999998668 ) ;
#822 = CIRCLE ( 'NONE', #1762, 2.250000000000001776 ) ;
#823 = EDGE_CURVE ( 'NONE', #427, #2049, #1293, .T. ) ;
#824 = LINE ( 'NONE', #1470, #283 ) ;
#825 = AXIS2_PLACEMENT_3D ( 'NONE', #670, #1753, #6 ) ;
#826 = CARTESIAN_POINT ( 'NONE',  ( -132.0000000000000000, 16.45538759169885523, 37.47681989798532953 ) ) ;
#827 = VECTOR ( 'NONE', #1010, 1000.000000000000000 ) ;
#828 = DIRECTION ( 'NONE',  ( -0.000000000000000000, -0.000000000000000000, -1.000000000000000000 ) ) ;
#829 = ORIENTED_EDGE ( 'NONE', *, *, #118, .T. ) ;
#830 = CARTESIAN_POINT ( 'NONE',  ( -86.00000000000000000, 6.000000000000000000, 72.00000000000001421 ) ) ;
#831 = DATE_TIME_ROLE ( 'creation_date' ) ;
#832 = ORIENTED_EDGE ( 'NONE', *, *, #107, .T. ) ;
#833 = CARTESIAN_POINT ( 'NONE',  ( -126.0000000000000284, 45.00000000000000000, 72.00000000000001421 ) ) ;
#834 = EDGE_CURVE ( 'NONE', #1423, #963, #886, .T. ) ;
#835 = LINE ( 'NONE', #1477, #1528 ) ;
#836 = FACE_OUTER_BOUND ( 'NONE', #612, .T. ) ;
#837 = EDGE_CURVE ( 'NONE', #1844, #1384, #1602, .T. ) ;
#838 = CARTESIAN_POINT ( 'NONE',  ( 11.50000000000000178, 19.91858428704208706, 72.00000000000001421 ) ) ;
#839 = ORIENTED_EDGE ( 'NONE', *, *, #463, .T. ) ;
#840 = DIRECTION ( 'NONE',  ( -0.9849570246463139611, -0.000000000000000000, -0.1727994780081253123 ) ) ;
#841 = EDGE_CURVE ( 'NONE', #460, #1052, #822, .T. ) ;
#842 = ORIENTED_EDGE ( 'NONE', *, *, #1413, .F. ) ;
#843 = CARTESIAN_POINT ( 'NONE',  ( 0.000000000000000000, 0.000000000000000000, 79.80000000000001137 ) ) ;
#844 = CARTESIAN_POINT ( 'NONE',  ( -144.0000000000000284, 50.00000000000000000, 82.00000000000000000 ) ) ;
#845 = DIRECTION ( 'NONE',  ( -1.000000000000000000, -0.000000000000000000, -0.000000000000000000 ) ) ;
#846 = VERTEX_POINT ( 'NONE', #610 ) ;
#847 = DIRECTION ( 'NONE',  ( 0.000000000000000000, -0.000000000000000000, 1.000000000000000000 ) ) ;
#848 = VERTEX_POINT ( 'NONE', #601 ) ;
#849 = AXIS2_PLACEMENT_3D ( 'NONE', #819, #1986, #1814 ) ;
#850 = VERTEX_POINT ( 'NONE', #1404 ) ;
#851 = CIRCLE ( 'NONE', #715, 13.00000000000000000 ) ;
#852 = VECTOR ( 'NONE', #1202, 1000.000000000000000 ) ;
#853 = CARTESIAN_POINT ( 'NONE',  ( -6.000000000000000000, 0.000000000000000000, 82.00000000000000000 ) ) ;
#854 = CARTESIAN_POINT ( 'NONE',  ( 21.30000000000000071, 0.000000000000000000, 72.00000000000001421 ) ) ;
#855 = VECTOR ( 'NONE', #398, 1000.000000000000000 ) ;
#856 = CYLINDRICAL_SURFACE ( 'NONE', #1634, 2.250000000000001776 ) ;
#857 = ORIENTED_EDGE ( 'NONE', *, *, #491, .T. ) ;
#858 = FACE_OUTER_BOUND ( 'NONE', #442, .T. ) ;
#859 = AXIS2_PLACEMENT_3D ( 'NONE', #1191, #1199, #2011 ) ;
#860 = EDGE_CURVE ( 'NONE', #1068, #123, #1992, .T. ) ;
#861 = ORIENTED_EDGE ( 'NONE', *, *, #1388, .F. ) ;
#862 = EDGE_CURVE ( 'NONE', #2045, #399, #1860, .T. ) ;
#863 = ORIENTED_EDGE ( 'NONE', *, *, #810, .T. ) ;
#864 = CARTESIAN_POINT ( 'NONE',  ( -24.69999999999999929, -2.816687638038912352E-15, 72.00000000000001421 ) ) ;
#865 = CARTESIAN_POINT ( 'NONE',  ( -11.50000000000001066, 19.91858428704208350, 72.00000000000001421 ) ) ;
#866 = ORIENTED_EDGE ( 'NONE', *, *, #1859, .T. ) ;
#867 = CARTESIAN_POINT ( 'NONE',  ( 36.00000000000000000, -27.00000000000000000, 72.00000000000001421 ) ) ;
#868 = VERTEX_POINT ( 'NONE', #1728 ) ;
#869 = EDGE_CURVE ( 'NONE', #1459, #191, #296, .T. ) ;
#870 = ORIENTED_EDGE ( 'NONE', *, *, #13, .F. ) ;
#871 = DIRECTION ( 'NONE',  ( -1.000000000000000000, -0.000000000000000000, -0.000000000000000000 ) ) ;
#872 = DIRECTION ( 'NONE',  ( 1.000000000000000000, 0.000000000000000000, 0.000000000000000000 ) ) ;
#873 = DIRECTION ( 'NONE',  ( 0.000000000000000000, 0.000000000000000000, 1.000000000000000000 ) ) ;
#874 = ORIENTED_EDGE ( 'NONE', *, *, #157, .F. ) ;
#875 = CARTESIAN_POINT ( 'NONE',  ( -11.49999999999999467, -19.91858428704209061, 82.00000000000000000 ) ) ;
#876 = LINE ( 'NONE', #1989, #1766 ) ;
#877 = EDGE_LOOP ( 'NONE', ( #839, #1575, #158, #1418 ) ) ;
#878 = FACE_BOUND ( 'NONE', #905, .T. ) ;
#879 = ORIENTED_EDGE ( 'NONE', *, *, #331, .T. ) ;
#880 = VECTOR ( 'NONE', #1947, 1000.000000000000000 ) ;
#881 = EDGE_CURVE ( 'NONE', #846, #1192, #285, .T. ) ;
#882 = DIRECTION ( 'NONE',  ( 0.000000000000000000, 0.000000000000000000, -1.000000000000000000 ) ) ;
#883 = VECTOR ( 'NONE', #35, 1000.000000000000000 ) ;
#884 = CARTESIAN_POINT ( 'NONE',  ( -23.00000000000000000, -2.816687638038912352E-15, 82.00000000000000000 ) ) ;
#885 = EDGE_LOOP ( 'NONE', ( #935, #640 ) ) ;
#886 = CIRCLE ( 'NONE', #1184, 17.15000000000000213 ) ;
#887 = CARTESIAN_POINT ( 'NONE',  ( -132.0000000000000000, 16.45538759169885523, 41.97681989798532953 ) ) ;
#888 = AXIS2_PLACEMENT_3D ( 'NONE', #472, #1149, #947 ) ;
#889 = CARTESIAN_POINT ( 'NONE',  ( 36.00000000000000000, 27.00000000000000000, 72.00000000000001421 ) ) ;
#890 = VERTEX_POINT ( 'NONE', #1081 ) ;
#891 = AXIS2_PLACEMENT_3D ( 'NONE', #1734, #291, #1382 ) ;
#892 = CC_DESIGN_APPROVAL ( #614, ( #763 ) ) ;
#893 = FACE_OUTER_BOUND ( 'NONE', #1547, .T. ) ;
#894 = ORIENTED_EDGE ( 'NONE', *, *, #1892, .F. ) ;
#895 = CYLINDRICAL_SURFACE ( 'NONE', #106, 2.249999999999998668 ) ;
#896 = EDGE_CURVE ( 'NONE', #478, #206, #2061, .T. ) ;
#897 = DIRECTION ( 'NONE',  ( 0.000000000000000000, 0.000000000000000000, 1.000000000000000000 ) ) ;
#898 = ORIENTED_EDGE ( 'NONE', *, *, #965, .T. ) ;
#899 = CARTESIAN_POINT ( 'NONE',  ( 0.000000000000000000, -6.000000000000000000, 0.000000000000000000 ) ) ;
#900 = EDGE_CURVE ( 'NONE', #708, #711, #415, .T. ) ;
#901 = CARTESIAN_POINT ( 'NONE',  ( -132.0000000000000000, 1.592040838891559095E-15, -13.00000000000000000 ) ) ;
#902 = EDGE_LOOP ( 'NONE', ( #1375, #125, #2088 ) ) ;
#903 = EDGE_CURVE ( 'NONE', #1970, #1567, #685, .T. ) ;
#904 = CARTESIAN_POINT ( 'NONE',  ( -144.0000000000000284, 39.72681989798532243, -16.45538759169886944 ) ) ;
#905 = EDGE_LOOP ( 'NONE', ( #909, #1261 ) ) ;
#906 = FACE_OUTER_BOUND ( 'NONE', #1028, .T. ) ;
#907 = DIRECTION ( 'NONE',  ( 0.000000000000000000, 0.000000000000000000, 1.000000000000000000 ) ) ;
#908 = DIRECTION ( 'NONE',  ( 0.000000000000000000, -1.000000000000000000, 0.000000000000000000 ) ) ;
#909 = ORIENTED_EDGE ( 'NONE', *, *, #437, .T. ) ;
#910 = CARTESIAN_POINT ( 'NONE',  ( -132.0000000000000000, 50.00000000000000000, 82.00000000000000000 ) ) ;
#911 = DIRECTION ( 'NONE',  ( 1.000000000000000000, 0.000000000000000000, 0.000000000000000000 ) ) ;
#912 = LINE ( 'NONE', #1553, #1568 ) ;
#913 = ORIENTED_EDGE ( 'NONE', *, *, #1273, .T. ) ;
#914 = CYLINDRICAL_SURFACE ( 'NONE', #314, 2.249999999999998668 ) ;
#915 = ORIENTED_EDGE ( 'NONE', *, *, #1116, .T. ) ;
#916 = CARTESIAN_POINT ( 'NONE',  ( -144.0000000000000284, -39.72681989798532953, 14.20538759169885878 ) ) ;
#917 = DESIGN_CONTEXT ( 'detailed design', #1213, 'design' ) ;
#918 = CARTESIAN_POINT ( 'NONE',  ( -132.0000000000000000, -50.00000000000000000, -50.00000000000000000 ) ) ;
#919 = AXIS2_PLACEMENT_3D ( 'NONE', #1921, #330, #1292 ) ;
#920 = CARTESIAN_POINT ( 'NONE',  ( -86.00000000000000000, 4.000000000000000000, 62.17543859649123306 ) ) ;
#921 = ORIENTED_EDGE ( 'NONE', *, *, #928, .F. ) ;
#922 = LINE ( 'NONE', #75, #1291 ) ;
#923 = AXIS2_PLACEMENT_3D ( 'NONE', #190, #367, #1012 ) ;
#924 = CYLINDRICAL_SURFACE ( 'NONE', #1565, 1.700000000000000178 ) ;
#925 = CARTESIAN_POINT ( 'NONE',  ( 0.000000000000000000, 4.000000000000000000, 56.99999999999999289 ) ) ;
#926 = ORIENTED_EDGE ( 'NONE', *, *, #220, .T. ) ;
#927 = AXIS2_PLACEMENT_3D ( 'NONE', #1277, #1916, #1750 ) ;
#928 = EDGE_CURVE ( 'NONE', #890, #1007, #585, .T. ) ;
#929 = DIRECTION ( 'NONE',  ( 0.000000000000000000, 0.000000000000000000, -1.000000000000000000 ) ) ;
#930 = ORIENTED_EDGE ( 'NONE', *, *, #1388, .T. ) ;
#931 = AXIS2_PLACEMENT_3D ( 'NONE', #533, #1812, #1187 ) ;
#932 = ADVANCED_FACE ( 'NONE', ( #1410, #403, #1855, #1042, #1713, #878, #1033, #1703, #1690, #552 ), #562, .F. ) ;
#933 = CARTESIAN_POINT ( 'NONE',  ( -132.0000000000000000, 0.000000000000000000, 56.99999999999999289 ) ) ;
#934 = CARTESIAN_POINT ( 'NONE',  ( -86.00000000000000000, -6.000000000000000000, 72.00000000000001421 ) ) ;
#935 = ORIENTED_EDGE ( 'NONE', *, *, #1758, .T. ) ;
#936 = FACE_OUTER_BOUND ( 'NONE', #361, .T. ) ;
#937 = VERTEX_POINT ( 'NONE', #1401 ) ;
#938 = ORIENTED_EDGE ( 'NONE', *, *, #1758, .F. ) ;
#939 = ORIENTED_EDGE ( 'NONE', *, *, #542, .F. ) ;
#940 = CARTESIAN_POINT ( 'NONE',  ( 11.50000000000000178, 19.91858428704208706, 82.00000000000000000 ) ) ;
#941 = DIRECTION ( 'NONE',  ( -0.000000000000000000, -0.000000000000000000, -1.000000000000000000 ) ) ;
#942 = ORIENTED_EDGE ( 'NONE', *, *, #1021, .F. ) ;
#943 = CARTESIAN_POINT ( 'NONE',  ( 17.15000000000000213, 0.000000000000000000, 79.80000000000001137 ) ) ;
#944 = APPLICATION_PROTOCOL_DEFINITION ( 'international standard', 'config_control_design', 1994, #201 ) ;
#945 = LINE ( 'NONE', #156, #1987 ) ;
#946 = EDGE_LOOP ( 'NONE', ( #1562, #1891, #779, #1212 ) ) ;
#947 = DIRECTION ( 'NONE',  ( 0.000000000000000000, 0.000000000000000000, -1.000000000000000000 ) ) ;
#948 = EDGE_CURVE ( 'NONE', #517, #2072, #1228, .T. ) ;
#949 = DIRECTION ( 'NONE',  ( 0.000000000000000000, -0.000000000000000000, 1.000000000000000000 ) ) ;
#950 = ORIENTED_EDGE ( 'NONE', *, *, #2044, .F. ) ;
#951 = CARTESIAN_POINT ( 'NONE',  ( -132.0000000000000000, 16.45538759169884813, -39.72681989798532953 ) ) ;
#952 = AXIS2_PLACEMENT_3D ( 'NONE', #999, #1488, #46 ) ;
#953 = EDGE_CURVE ( 'NONE', #465, #868, #957, .T. ) ;
#954 = DIRECTION ( 'NONE',  ( 0.000000000000000000, 0.000000000000000000, -1.000000000000000000 ) ) ;
#955 = AXIS2_PLACEMENT_3D ( 'NONE', #1161, #215, #525 ) ;
#956 = DIRECTION ( 'NONE',  ( 0.000000000000000000, 0.000000000000000000, 1.000000000000000000 ) ) ;
#957 = CIRCLE ( 'NONE', #790, 2.249999999999998668 ) ;
#958 = EDGE_LOOP ( 'NONE', ( #1879, #380, #938, #1284 ) ) ;
#959 = AXIS2_PLACEMENT_3D ( 'NONE', #1583, #815, #949 ) ;
#960 = AXIS2_PLACEMENT_3D ( 'NONE', #1572, #258, #713 ) ;
#961 = DIRECTION ( 'NONE',  ( -1.000000000000000000, -0.000000000000000000, -0.000000000000000000 ) ) ;
#962 = APPROVAL_PERSON_ORGANIZATION ( #2054, #389, #1902 ) ;
#963 = VERTEX_POINT ( 'NONE', #1069 ) ;
#964 = CARTESIAN_POINT ( 'NONE',  ( -132.0000000000000000, -39.00000000000002132, 82.00000000000000000 ) ) ;
#965 = EDGE_CURVE ( 'NONE', #1452, #1535, #268, .T. ) ;
#966 = DIRECTION ( 'NONE',  ( -1.000000000000000000, -0.000000000000000000, -0.000000000000000000 ) ) ;
#967 = CARTESIAN_POINT ( 'NONE',  ( 0.000000000000000000, 0.000000000000000000, 0.000000000000000000 ) ) ;
#968 = VERTEX_POINT ( 'NONE', #1367 ) ;
#969 = DIRECTION ( 'NONE',  ( 1.000000000000000000, 0.000000000000000000, 0.000000000000000000 ) ) ;
#970 = EDGE_LOOP ( 'NONE', ( #939, #633, #712, #237 ) ) ;
#971 = EDGE_CURVE ( 'NONE', #974, #206, #735, .T. ) ;
#972 = CYLINDRICAL_SURFACE ( 'NONE', #1630, 1.700000000000000178 ) ;
#973 = DIRECTION ( 'NONE',  ( -1.000000000000000000, -0.000000000000000000, -0.000000000000000000 ) ) ;
#974 = VERTEX_POINT ( 'NONE', #392 ) ;
#975 = CARTESIAN_POINT ( 'NONE',  ( 13.20000000000000107, -19.91858428704208706, 82.00000000000000000 ) ) ;
#976 = PRODUCT_RELATED_PRODUCT_CATEGORY ( 'detail', '', ( #1822 ) ) ;
#977 = LINE ( 'NONE', #1262, #1490 ) ;
#978 = ADVANCED_FACE ( 'NONE', ( #893 ), #914, .F. ) ;
#979 = ORIENTED_EDGE ( 'NONE', *, *, #900, .F. ) ;
#980 = LINE ( 'NONE', #665, #210 ) ;
#981 = CARTESIAN_POINT ( 'NONE',  ( -126.0000000000000284, 45.00000000000000000, 82.00000000000000000 ) ) ;
#982 = CARTESIAN_POINT ( 'NONE',  ( -144.0000000000000284, 27.00000000000000000, 82.00000000000000000 ) ) ;
#983 = CARTESIAN_POINT ( 'NONE',  ( 11.50000000000000178, -19.91858428704208706, 82.00000000000000000 ) ) ;
#984 = ORIENTED_EDGE ( 'NONE', *, *, #1009, .F. ) ;
#985 = VERTEX_POINT ( 'NONE', #573 ) ;
#986 = EDGE_LOOP ( 'NONE', ( #1310, #1912, #998, #1704 ) ) ;
#987 = VECTOR ( 'NONE', #319, 1000.000000000000000 ) ;
#988 = CC_DESIGN_DATE_AND_TIME_ASSIGNMENT ( #1738, #831, ( #1144 ) ) ;
#989 = ADVANCED_FACE ( 'NONE', ( #725 ), #255, .F. ) ;
#990 = AXIS2_PLACEMENT_3D ( 'NONE', #94, #84, #1072 ) ;
#991 = EDGE_CURVE ( 'NONE', #1229, #2072, #91, .T. ) ;
#992 = AXIS2_PLACEMENT_3D ( 'NONE', #422, #287, #85 ) ;
#993 = CIRCLE ( 'NONE', #693, 2.250000000000001776 ) ;
#994 = CARTESIAN_POINT ( 'NONE',  ( -132.0000000000000000, -16.45538759169885878, -39.72681989798532953 ) ) ;
#995 = EDGE_CURVE ( 'NONE', #695, #1473, #1386, .T. ) ;
#996 = LOCAL_TIME ( 11, 7, 38.00000000000000000, #1491 ) ;
#997 = CARTESIAN_POINT ( 'NONE',  ( -132.0000000000000000, -16.45538759169886589, 39.72681989798532953 ) ) ;
#998 = ORIENTED_EDGE ( 'NONE', *, *, #869, .T. ) ;
#999 = CARTESIAN_POINT ( 'NONE',  ( 0.000000000000000000, 0.000000000000000000, 82.00000000000000000 ) ) ;
#1000 = VERTEX_POINT ( 'NONE', #599 ) ;
#1001 = DIRECTION ( 'NONE',  ( -0.000000000000000000, -1.000000000000000000, -0.000000000000000000 ) ) ;
#1002 = DIRECTION ( 'NONE',  ( 1.000000000000000000, 0.000000000000000000, -0.000000000000000000 ) ) ;
#1003 = DIRECTION ( 'NONE',  ( 0.000000000000000000, 0.000000000000000000, 1.000000000000000000 ) ) ;
#1004 = VERTEX_POINT ( 'NONE', #1239 ) ;
#1005 = LINE ( 'NONE', #1510, #880 ) ;
#1006 = ORIENTED_EDGE ( 'NONE', *, *, #1049, .F. ) ;
#1007 = VERTEX_POINT ( 'NONE', #1880 ) ;
#1008 = CARTESIAN_POINT ( 'NONE',  ( -132.0000000000000000, 1.592040838891559095E-15, -13.00000000000000000 ) ) ;
#1009 = EDGE_CURVE ( 'NONE', #301, #1889, #1692, .T. ) ;
#1010 = DIRECTION ( 'NONE',  ( -0.9849570246463139611, -0.000000000000000000, -0.1727994780081253123 ) ) ;
#1011 = ORIENTED_EDGE ( 'NONE', *, *, #731, .T. ) ;
#1012 = DIRECTION ( 'NONE',  ( 0.000000000000000000, 0.000000000000000000, 1.000000000000000000 ) ) ;
#1013 = ADVANCED_FACE ( 'NONE', ( #1285 ), #972, .F. ) ;
#1014 = EDGE_LOOP ( 'NONE', ( #1111, #1182 ) ) ;
#1015 = ORIENTED_EDGE ( 'NONE', *, *, #531, .F. ) ;
#1016 = VECTOR ( 'NONE', #421, 1000.000000000000000 ) ;
#1017 = DIRECTION ( 'NONE',  ( -0.000000000000000000, -0.000000000000000000, -1.000000000000000000 ) ) ;
#1018 = AXIS2_PLACEMENT_3D ( 'NONE', #884, #1219, #272 ) ;
#1019 = DIRECTION ( 'NONE',  ( 1.000000000000000000, 0.000000000000000000, 0.000000000000000000 ) ) ;
#1020 = ORIENTED_EDGE ( 'NONE', *, *, #1104, .T. ) ;
#1021 = EDGE_CURVE ( 'NONE', #189, #1673, #462, .T. ) ;
#1022 = LINE ( 'NONE', #218, #64 ) ;
#1023 = APPROVAL_PERSON_ORGANIZATION ( #1631, #614, #1949 ) ;
#1024 = ORIENTED_EDGE ( 'NONE', *, *, #331, .F. ) ;
#1025 = VERTEX_POINT ( 'NONE', #1593 ) ;
#1026 = LINE ( 'NONE', #224, #414 ) ;
#1027 = CARTESIAN_POINT ( 'NONE',  ( -13.20000000000000995, 19.91858428704208350, 72.00000000000001421 ) ) ;
#1028 = EDGE_LOOP ( 'NONE', ( #1323, #567, #1545, #1154 ) ) ;
#1029 = DIRECTION ( 'NONE',  ( 1.000000000000000000, 0.000000000000000000, 0.000000000000000000 ) ) ;
#1030 = LINE ( 'NONE', #276, #10 ) ;
#1031 = EDGE_LOOP ( 'NONE', ( #254, #1905 ) ) ;
#1032 = ADVANCED_FACE ( 'NONE', ( #1617 ), #159, .F. ) ;
#1033 = FACE_BOUND ( 'NONE', #1339, .T. ) ;
#1034 = ORIENTED_EDGE ( 'NONE', *, *, #38, .F. ) ;
#1035 = DIRECTION ( 'NONE',  ( 1.000000000000000000, -0.000000000000000000, -0.000000000000000000 ) ) ;
#1036 = PLANE ( 'NONE',  #2028 ) ;
#1037 = CARTESIAN_POINT ( 'NONE',  ( -11.49999999999999467, -19.91858428704209061, 72.00000000000001421 ) ) ;
#1038 = ORIENTED_EDGE ( 'NONE', *, *, #1571, .T. ) ;
#1039 = DIRECTION ( 'NONE',  ( 0.000000000000000000, -1.000000000000000000, 0.000000000000000000 ) ) ;
#1040 = CARTESIAN_POINT ( 'NONE',  ( 11.50000000000000178, 19.91858428704208706, 82.00000000000000000 ) ) ;
#1041 = ORIENTED_EDGE ( 'NONE', *, *, #1133, .T. ) ;
#1042 = FACE_BOUND ( 'NONE', #529, .T. ) ;
#1043 = VERTEX_POINT ( 'NONE', #2094 ) ;
#1044 = EDGE_CURVE ( 'NONE', #2005, #1240, #1355, .T. ) ;
#1045 = EDGE_CURVE ( 'NONE', #985, #217, #140, .T. ) ;
#1046 = CARTESIAN_POINT ( 'NONE',  ( 23.00000000000000000, 0.000000000000000000, 82.00000000000000000 ) ) ;
#1047 = AXIS2_PLACEMENT_3D ( 'NONE', #1978, #1329, #1790 ) ;
#1048 = DIRECTION ( 'NONE',  ( -0.7071067811865473507, -0.7071067811865477948, -0.000000000000000000 ) ) ;
#1049 = EDGE_CURVE ( 'NONE', #191, #1092, #625, .T. ) ;
#1050 = VECTOR ( 'NONE', #1797, 1000.000000000000000 ) ;
#1051 = CARTESIAN_POINT ( 'NONE',  ( 0.000000000000000000, 6.000000000000000000, 0.000000000000000000 ) ) ;
#1052 = VERTEX_POINT ( 'NONE', #1446 ) ;
#1053 = CIRCLE ( 'NONE', #483, 17.15000000000000213 ) ;
#1054 = CYLINDRICAL_SURFACE ( 'NONE', #651, 2.250000000000001776 ) ;
#1055 = VECTOR ( 'NONE', #297, 1000.000000000000000 ) ;
#1056 = FACE_OUTER_BOUND ( 'NONE', #1871, .T. ) ;
#1057 = CARTESIAN_POINT ( 'NONE',  ( -132.0000000000000000, -16.45538759169886589, 39.72681989798532953 ) ) ;
#1058 = ORIENTED_EDGE ( 'NONE', *, *, #706, .T. ) ;
#1059 = VECTOR ( 'NONE', #1518, 1000.000000000000000 ) ;
#1060 = DIRECTION ( 'NONE',  ( 0.000000000000000000, 0.000000000000000000, 1.000000000000000000 ) ) ;
#1061 = ORIENTED_EDGE ( 'NONE', *, *, #1915, .T. ) ;
#1062 = CC_DESIGN_DATE_AND_TIME_ASSIGNMENT ( #1784, #29, ( #1500 ) ) ;
#1063 = LINE ( 'NONE', #1716, #34 ) ;
#1064 = DIRECTION ( 'NONE',  ( 0.000000000000000000, 0.000000000000000000, -1.000000000000000000 ) ) ;
#1065 = ORIENTED_EDGE ( 'NONE', *, *, #669, .T. ) ;
#1066 = CARTESIAN_POINT ( 'NONE',  ( 0.000000000000000000, 4.000000000000000000, 0.000000000000000000 ) ) ;
#1067 = LINE ( 'NONE', #388, #591 ) ;
#1068 = VERTEX_POINT ( 'NONE', #1138 ) ;
#1069 = CARTESIAN_POINT ( 'NONE',  ( 17.15000000000000213, 0.000000000000000000, 82.00000000000000000 ) ) ;
#1070 = VERTEX_POINT ( 'NONE', #833 ) ;
#1071 = DIRECTION ( 'NONE',  ( 0.000000000000000000, 0.000000000000000000, -1.000000000000000000 ) ) ;
#1072 = DIRECTION ( 'NONE',  ( -0.000000000000000000, 0.000000000000000000, 1.000000000000000000 ) ) ;
#1073 = FACE_OUTER_BOUND ( 'NONE', #1590, .T. ) ;
#1074 = EDGE_LOOP ( 'NONE', ( #1509, #219, #2077, #1368 ) ) ;
#1075 = CARTESIAN_POINT ( 'NONE',  ( -132.0000000000000000, 0.000000000000000000, 0.000000000000000000 ) ) ;
#1076 = ADVANCED_FACE ( 'NONE', ( #334 ), #2085, .F. ) ;
#1077 = CARTESIAN_POINT ( 'NONE',  ( -6.000000000000000000, 0.000000000000000000, 72.00000000000001421 ) ) ;
#1078 = DIRECTION ( 'NONE',  ( -1.000000000000000000, -0.000000000000000000, -0.000000000000000000 ) ) ;
#1079 = ORIENTED_EDGE ( 'NONE', *, *, #1331, .T. ) ;
#1080 = EDGE_CURVE ( 'NONE', #574, #1881, #980, .T. ) ;
#1081 = CARTESIAN_POINT ( 'NONE',  ( -115.5000000000003695, -4.000000000000000000, 56.99999999999996447 ) ) ;
#1082 = VERTEX_POINT ( 'NONE', #1307 ) ;
#1083 = CARTESIAN_POINT ( 'NONE',  ( 11.50000000000000178, 19.91858428704208706, 72.00000000000001421 ) ) ;
#1084 = CIRCLE ( 'NONE', #786, 2.250000000000001776 ) ;
#1085 = DIRECTION ( 'NONE',  ( 0.000000000000000000, 0.000000000000000000, 1.000000000000000000 ) ) ;
#1086 = ORIENTED_EDGE ( 'NONE', *, *, #1972, .T. ) ;
#1087 = DIRECTION ( 'NONE',  ( 1.000000000000000000, 0.000000000000000000, 0.000000000000000000 ) ) ;
#1088 = VECTOR ( 'NONE', #1687, 1000.000000000000000 ) ;
#1089 = DIRECTION ( 'NONE',  ( -1.000000000000000000, 0.000000000000000000, 0.000000000000000000 ) ) ;
#1090 = DIRECTION ( 'NONE',  ( 0.000000000000000000, 0.000000000000000000, -1.000000000000000000 ) ) ;
#1091 = VECTOR ( 'NONE', #2042, 1000.000000000000000 ) ;
#1092 = VERTEX_POINT ( 'NONE', #503 ) ;
#1093 = VECTOR ( 'NONE', #697, 1000.000000000000000 ) ;
#1094 = VECTOR ( 'NONE', #357, 1000.000000000000000 ) ;
#1095 = EDGE_LOOP ( 'NONE', ( #196, #691 ) ) ;
#1096 = VECTOR ( 'NONE', #411, 1000.000000000000000 ) ;
#1097 = DIRECTION ( 'NONE',  ( 1.000000000000000000, 0.000000000000000000, 0.000000000000000000 ) ) ;
#1098 = LINE ( 'NONE', #657, #416 ) ;
#1099 = ORIENTED_EDGE ( 'NONE', *, *, #1104, .F. ) ;
#1100 = DIRECTION ( 'NONE',  ( 0.000000000000000000, 0.000000000000000000, -1.000000000000000000 ) ) ;
#1101 = COORDINATED_UNIVERSAL_TIME_OFFSET ( 5, 30, .AHEAD. ) ;
#1102 = DIRECTION ( 'NONE',  ( 1.000000000000000000, 0.000000000000000000, 0.000000000000000000 ) ) ;
#1103 = ORIENTED_EDGE ( 'NONE', *, *, #329, .F. ) ;
#1104 = EDGE_CURVE ( 'NONE', #968, #1689, #185, .T. ) ;
#1105 = CARTESIAN_POINT ( 'NONE',  ( -144.0000000000000284, -16.45538759169885878, -39.72681989798532953 ) ) ;
#1106 = FACE_OUTER_BOUND ( 'NONE', #902, .T. ) ;
#1107 = ORIENTED_EDGE ( 'NONE', *, *, #1873, .T. ) ;
#1108 = DIRECTION ( 'NONE',  ( -1.000000000000000000, 0.000000000000000000, 0.000000000000000000 ) ) ;
#1109 = CARTESIAN_POINT ( 'NONE',  ( -86.00000000000000000, -6.000000000000000000, 56.99999999999999289 ) ) ;
#1110 = LINE ( 'NONE', #1772, #213 ) ;
#1111 = ORIENTED_EDGE ( 'NONE', *, *, #461, .F. ) ;
#1112 = DIRECTION ( 'NONE',  ( 1.000000000000000000, 0.000000000000000000, 0.000000000000000000 ) ) ;
#1113 = EDGE_LOOP ( 'NONE', ( #495, #1865, #770, #1739 ) ) ;
#1114 = CARTESIAN_POINT ( 'NONE',  ( -144.0000000000000284, 39.72681989798532953, 16.45538759169884813 ) ) ;
#1115 = ADVANCED_FACE ( 'NONE', ( #642 ), #2074, .F. ) ;
#1116 = EDGE_CURVE ( 'NONE', #848, #1653, #566, .T. ) ;
#1117 = DIRECTION ( 'NONE',  ( -0.000000000000000000, -0.000000000000000000, -1.000000000000000000 ) ) ;
#1118 = EDGE_LOOP ( 'NONE', ( #1512, #214, #413, #1578 ) ) ;
#1119 = CARTESIAN_POINT ( 'NONE',  ( -126.0000000000000284, -45.00000000000000000, 82.00000000000000000 ) ) ;
#1120 = AXIS2_PLACEMENT_3D ( 'NONE', #8, #1305, #1464 ) ;
#1121 = CYLINDRICAL_SURFACE ( 'NONE', #1765, 1.700000000000000178 ) ;
#1122 = CARTESIAN_POINT ( 'NONE',  ( -144.0000000000000284, -16.45538759169886589, 39.72681989798532953 ) ) ;
#1123 = ADVANCED_FACE ( 'NONE', ( #1207 ), #2043, .F. ) ;
#1124 = VECTOR ( 'NONE', #1198, 1000.000000000000000 ) ;
#1125 = CARTESIAN_POINT ( 'NONE',  ( -144.0000000000000284, -50.00000000000000000, 82.00000000000000000 ) ) ;
#1126 = EDGE_LOOP ( 'NONE', ( #1445, #90 ) ) ;
#1127 = VECTOR ( 'NONE', #611, 1000.000000000000000 ) ;
#1128 = AXIS2_PLACEMENT_3D ( 'NONE', #395, #1850, #616 ) ;
#1129 = AXIS2_PLACEMENT_3D ( 'NONE', #1364, #1237, #549 ) ;
#1130 = DIRECTION ( 'NONE',  ( -1.000000000000000000, 0.000000000000000000, 0.000000000000000000 ) ) ;
#1131 = ORIENTED_EDGE ( 'NONE', *, *, #1170, .T. ) ;
#1132 = DIRECTION ( 'NONE',  ( -1.000000000000000000, -0.000000000000000000, -0.000000000000000000 ) ) ;
#1133 = EDGE_CURVE ( 'NONE', #1531, #1994, #2029, .T. ) ;
#1134 = CARTESIAN_POINT ( 'NONE',  ( -86.00000000000001421, -4.000000000000000000, 62.17543859649123306 ) ) ;
#1135 = CYLINDRICAL_SURFACE ( 'NONE', #520, 2.249999999999998668 ) ;
#1136 = DIRECTION ( 'NONE',  ( 0.000000000000000000, 0.000000000000000000, 1.000000000000000000 ) ) ;
#1137 = EDGE_LOOP ( 'NONE', ( #1698, #394, #1956, #1406 ) ) ;
#1138 = CARTESIAN_POINT ( 'NONE',  ( 13.20000000000000107, 19.91858428704208706, 82.00000000000000000 ) ) ;
#1139 = APPROVAL_DATE_TIME ( #1333, #614 ) ;
#1140 = CARTESIAN_POINT ( 'NONE',  ( -24.69999999999999929, -2.816687638038912352E-15, 82.00000000000000000 ) ) ;
#1141 = DIRECTION ( 'NONE',  ( 0.000000000000000000, 0.000000000000000000, 1.000000000000000000 ) ) ;
#1142 = CARTESIAN_POINT ( 'NONE',  ( -132.0000000000000000, 39.72681989798532243, -16.45538759169886944 ) ) ;
#1143 = ORIENTED_EDGE ( 'NONE', *, *, #1150, .T. ) ;
#1144 = PRODUCT_DEFINITION ( 'UNKNOWN', '', #763, #917 ) ;
#1146 = EDGE_CURVE ( 'NONE', #846, #1025, #750, .T. ) ;
#1145 = CARTESIAN_POINT ( 'NONE',  ( -132.0000000000000000, -16.45538759169885878, -39.72681989798532953 ) ) ;
#1148 = ADVANCED_FACE ( 'NONE', ( #120 ), #773, .F. ) ;
#1147 = ORIENTED_EDGE ( 'NONE', *, *, #103, .F. ) ;
#1149 = DIRECTION ( 'NONE',  ( 1.000000000000000000, 0.000000000000000000, 0.000000000000000000 ) ) ;
#1150 = EDGE_CURVE ( 'NONE', #579, #1025, #1706, .T. ) ;
#1151 = COORDINATED_UNIVERSAL_TIME_OFFSET ( 5, 30, .AHEAD. ) ;
#1152 = CARTESIAN_POINT ( 'NONE',  ( 11.50000000000000178, 19.91858428704208706, 82.00000000000000000 ) ) ;
#1153 = CARTESIAN_POINT ( 'NONE',  ( -144.0000000000000284, -39.72681989798532953, -16.45538759169886234 ) ) ;
#1154 = ORIENTED_EDGE ( 'NONE', *, *, #220, .F. ) ;
#1155 = DIRECTION ( 'NONE',  ( 0.000000000000000000, 0.000000000000000000, 1.000000000000000000 ) ) ;
#1156 = ORIENTED_EDGE ( 'NONE', *, *, #368, .T. ) ;
#1157 = AXIS2_PLACEMENT_3D ( 'NONE', #466, #299, #1752 ) ;
#1158 = AXIS2_PLACEMENT_3D ( 'NONE', #1370, #872, #576 ) ;
#1159 = PERSON_AND_ORGANIZATION ( #1670, #70 ) ;
#1160 = AXIS2_PLACEMENT_3D ( 'NONE', #843, #1342, #1982 ) ;
#1161 = CARTESIAN_POINT ( 'NONE',  ( -11.50000000000001066, 19.91858428704208350, 82.00000000000000000 ) ) ;
#1162 = CIRCLE ( 'NONE', #1996, 1.700000000000000178 ) ;
#1163 = DIRECTION ( 'NONE',  ( 1.000000000000000000, 0.000000000000000000, 0.000000000000000000 ) ) ;
#1164 = EDGE_LOOP ( 'NONE', ( #366, #1249, #82, #1718 ) ) ;
#1165 = DIRECTION ( 'NONE',  ( -0.7071067811865475727, -0.7071067811865475727, 0.000000000000000000 ) ) ;
#1166 = ORIENTED_EDGE ( 'NONE', *, *, #1272, .T. ) ;
#1167 = ORIENTED_EDGE ( 'NONE', *, *, #575, .F. ) ;
#1168 = ADVANCED_FACE ( 'NONE', ( #1073 ), #578, .F. ) ;
#1169 = FACE_OUTER_BOUND ( 'NONE', #1780, .T. ) ;
#1170 = EDGE_CURVE ( 'NONE', #1535, #1691, #1717, .T. ) ;
#1171 = CARTESIAN_POINT ( 'NONE',  ( -144.0000000000000284, -50.00000000000000000, -50.00000000000000000 ) ) ;
#1172 = ORIENTED_EDGE ( 'NONE', *, *, #680, .T. ) ;
#1173 = CARTESIAN_POINT ( 'NONE',  ( -132.0000000000000000, 16.45538759169885523, 41.97681989798532953 ) ) ;
#1174 = ORIENTED_EDGE ( 'NONE', *, *, #239, .T. ) ;
#1175 = ORIENTED_EDGE ( 'NONE', *, *, #1455, .T. ) ;
#1176 = APPROVAL_ROLE ( '' ) ;
#1177 = DIRECTION ( 'NONE',  ( 1.000000000000000000, 0.000000000000000000, -0.000000000000000000 ) ) ;
#1178 = CARTESIAN_POINT ( 'NONE',  ( 13.20000000000000107, 19.91858428704208706, 82.00000000000000000 ) ) ;
#1179 = ORIENTED_EDGE ( 'NONE', *, *, #1049, .T. ) ;
#1180 = DIRECTION ( 'NONE',  ( -0.000000000000000000, -0.000000000000000000, -1.000000000000000000 ) ) ;
#1181 = VERTEX_POINT ( 'NONE', #1730 ) ;
#1182 = ORIENTED_EDGE ( 'NONE', *, *, #1505, .F. ) ;
#1183 = AXIS2_PLACEMENT_3D ( 'NONE', #951, #1416, #1100 ) ;
#1184 = AXIS2_PLACEMENT_3D ( 'NONE', #780, #1882, #1252 ) ;
#1185 = DIRECTION ( 'NONE',  ( -1.000000000000000000, -0.000000000000000000, -0.000000000000000000 ) ) ;
#1186 = AXIS2_PLACEMENT_3D ( 'NONE', #667, #1117, #644 ) ;
#1187 = DIRECTION ( 'NONE',  ( -0.7071067811865474617, -0.7071067811865474617, 0.000000000000000000 ) ) ;
#1188 = ORIENTED_EDGE ( 'NONE', *, *, #295, .F. ) ;
#1189 = LINE ( 'NONE', #1968, #2023 ) ;
#1190 = EDGE_CURVE ( 'NONE', #206, #478, #1662, .T. ) ;
#1191 = CARTESIAN_POINT ( 'NONE',  ( -126.0000000000000284, 45.00000000000000000, 82.00000000000000000 ) ) ;
#1192 = VERTEX_POINT ( 'NONE', #765 ) ;
#1193 = DIRECTION ( 'NONE',  ( 1.000000000000000000, 0.000000000000000000, 0.000000000000000000 ) ) ;
#1194 = ORIENTED_EDGE ( 'NONE', *, *, #1938, .F. ) ;
#1195 = FACE_BOUND ( 'NONE', #1991, .T. ) ;
#1196 = CARTESIAN_POINT ( 'NONE',  ( 11.50000000000000178, -19.91858428704208706, 82.00000000000000000 ) ) ;
#1197 = ORIENTED_EDGE ( 'NONE', *, *, #142, .T. ) ;
#1198 = DIRECTION ( 'NONE',  ( 0.000000000000000000, -0.000000000000000000, 1.000000000000000000 ) ) ;
#1199 = DIRECTION ( 'NONE',  ( 0.000000000000000000, -1.000000000000000000, 0.000000000000000000 ) ) ;
#1200 = EDGE_CURVE ( 'NONE', #423, #49, #110, .T. ) ;
#1201 = ORIENTED_EDGE ( 'NONE', *, *, #461, .T. ) ;
#1202 = DIRECTION ( 'NONE',  ( 0.000000000000000000, 0.000000000000000000, -1.000000000000000000 ) ) ;
#1203 = ADVANCED_FACE ( 'NONE', ( #1539 ), #1847, .F. ) ;
#1204 = ORIENTED_EDGE ( 'NONE', *, *, #2095, .T. ) ;
#1205 = DIRECTION ( 'NONE',  ( -1.000000000000000000, 0.000000000000000000, 0.000000000000000000 ) ) ;
#1206 = FACE_BOUND ( 'NONE', #1014, .T. ) ;
#1207 = FACE_OUTER_BOUND ( 'NONE', #1660, .T. ) ;
#1208 = ORIENTED_EDGE ( 'NONE', *, *, #157, .T. ) ;
#1209 = CARTESIAN_POINT ( 'NONE',  ( -144.0000000000000284, 16.45538759169884813, -39.72681989798532953 ) ) ;
#1210 = DIRECTION ( 'NONE',  ( -1.000000000000000000, -0.000000000000000000, -0.000000000000000000 ) ) ;
#1211 = DIRECTION ( 'NONE',  ( -1.000000000000000000, -0.000000000000000000, -0.000000000000000000 ) ) ;
#1212 = ORIENTED_EDGE ( 'NONE', *, *, #304, .F. ) ;
#1213 = APPLICATION_CONTEXT ( 'configuration controlled 3d designs of mechanical parts and assemblies' ) ;
#1214 = DIRECTION ( 'NONE',  ( 0.000000000000000000, 0.000000000000000000, -1.000000000000000000 ) ) ;
#1215 = ORIENTED_EDGE ( 'NONE', *, *, #1170, .F. ) ;
#1216 = CARTESIAN_POINT ( 'NONE',  ( -132.0000000000000000, 39.72681989798532953, 18.70538759169884813 ) ) ;
#1217 = FACE_BOUND ( 'NONE', #1415, .T. ) ;
#1218 = VECTOR ( 'NONE', #244, 1000.000000000000000 ) ;
#1219 = DIRECTION ( 'NONE',  ( -0.000000000000000000, -0.000000000000000000, -1.000000000000000000 ) ) ;
#1220 = ORIENTED_EDGE ( 'NONE', *, *, #1146, .F. ) ;
#1221 = CARTESIAN_POINT ( 'NONE',  ( -30.00000000000000000, -4.000000000000000000, 72.00000000000001421 ) ) ;
#1222 = AXIS2_PLACEMENT_3D ( 'NONE', #596, #2053, #88 ) ;
#1223 = PLANE ( 'NONE',  #2032 ) ;
#1224 = DIRECTION ( 'NONE',  ( 0.000000000000000000, 1.000000000000000000, 0.000000000000000000 ) ) ;
#1225 = ORIENTED_EDGE ( 'NONE', *, *, #903, .F. ) ;
#1226 = AXIS2_PLACEMENT_3D ( 'NONE', #1046, #737, #554 ) ;
#1227 = VECTOR ( 'NONE', #710, 1000.000000000000000 ) ;
#1228 = LINE ( 'NONE', #1524, #1928 ) ;
#1229 = VERTEX_POINT ( 'NONE', #2007 ) ;
#1230 = DIRECTION ( 'NONE',  ( 1.000000000000000000, 0.000000000000000000, 0.000000000000000000 ) ) ;
#1231 = EDGE_CURVE ( 'NONE', #1440, #478, #407, .T. ) ;
#1232 = DIRECTION ( 'NONE',  ( 0.000000000000000000, 0.000000000000000000, 1.000000000000000000 ) ) ;
#1233 = CARTESIAN_POINT ( 'NONE',  ( 9.800000000000000711, -19.91858428704208706, 82.00000000000000000 ) ) ;
#1234 = EDGE_CURVE ( 'NONE', #561, #1043, #1930, .T. ) ;
#1235 = EDGE_LOOP ( 'NONE', ( #1304, #766, #1103, #117 ) ) ;
#1236 = LINE ( 'NONE', #910, #1088 ) ;
#1237 = DIRECTION ( 'NONE',  ( 0.000000000000000000, 0.000000000000000000, 1.000000000000000000 ) ) ;
#1238 = ORIENTED_EDGE ( 'NONE', *, *, #1816, .F. ) ;
#1239 = CARTESIAN_POINT ( 'NONE',  ( -132.0000000000000000, -16.45538759169886589, 37.47681989798532953 ) ) ;
#1240 = VERTEX_POINT ( 'NONE', #1244 ) ;
#1241 = CARTESIAN_POINT ( 'NONE',  ( -13.19999999999999396, -19.91858428704209061, 82.00000000000000000 ) ) ;
#1242 = DIRECTION ( 'NONE',  ( -1.000000000000000000, -0.000000000000000000, -0.000000000000000000 ) ) ;
#1243 = EDGE_CURVE ( 'NONE', #2072, #683, #1414, .T. ) ;
#1244 = CARTESIAN_POINT ( 'NONE',  ( -132.0000000000000000, -39.72681989798532953, -18.70538759169885878 ) ) ;
#1245 = EDGE_LOOP ( 'NONE', ( #1167, #1294 ) ) ;
#1246 = DIRECTION ( 'NONE',  ( 0.000000000000000000, 0.000000000000000000, 1.000000000000000000 ) ) ;
#1247 = DIRECTION ( 'NONE',  ( -1.000000000000000000, -0.000000000000000000, -0.000000000000000000 ) ) ;
#1248 = DIRECTION ( 'NONE',  ( 0.000000000000000000, 0.000000000000000000, 1.000000000000000000 ) ) ;
#1249 = ORIENTED_EDGE ( 'NONE', *, *, #1794, .T. ) ;
#1250 = EDGE_CURVE ( 'NONE', #115, #1043, #1874, .T. ) ;
#1251 = ORIENTED_EDGE ( 'NONE', *, *, #762, .T. ) ;
#1252 = DIRECTION ( 'NONE',  ( 1.000000000000000000, 0.000000000000000000, 0.000000000000000000 ) ) ;
#1253 = VECTOR ( 'NONE', #956, 1000.000000000000000 ) ;
#1254 = DIRECTION ( 'NONE',  ( -0.000000000000000000, -0.000000000000000000, -1.000000000000000000 ) ) ;
#1255 = ORIENTED_EDGE ( 'NONE', *, *, #1263, .F. ) ;
#1256 = CARTESIAN_POINT ( 'NONE',  ( -132.0000000000000000, -16.45538759169885878, -41.97681989798532953 ) ) ;
#1257 = AXIS2_PLACEMENT_3D ( 'NONE', #899, #1039, #2035 ) ;
#1258 = CARTESIAN_POINT ( 'NONE',  ( -86.00000000000001421, 4.000000000000000000, 62.17543859649123306 ) ) ;
#1259 = APPROVAL_STATUS ( 'not_yet_approved' ) ;
#1260 = AXIS2_PLACEMENT_3D ( 'NONE', #1412, #1894, #450 ) ;
#1261 = ORIENTED_EDGE ( 'NONE', *, *, #1045, .T. ) ;
#1263 = EDGE_CURVE ( 'NONE', #622, #49, #379, .T. ) ;
#1262 = CARTESIAN_POINT ( 'NONE',  ( 18.00000000000000000, 45.00000000000000000, 82.00000000000000000 ) ) ;
#1264 = VECTOR ( 'NONE', #1835, 1000.000000000000000 ) ;
#1265 = ORIENTED_EDGE ( 'NONE', *, *, #1331, .F. ) ;
#1266 = DIRECTION ( 'NONE',  ( -0.000000000000000000, -0.000000000000000000, -1.000000000000000000 ) ) ;
#1267 = ORIENTED_EDGE ( 'NONE', *, *, #1275, .T. ) ;
#1268 = CARTESIAN_POINT ( 'NONE',  ( -13.20000000000000995, 19.91858428704208350, 82.00000000000000000 ) ) ;
#1269 = DIRECTION ( 'NONE',  ( 0.000000000000000000, -0.000000000000000000, 1.000000000000000000 ) ) ;
#1270 = FACE_OUTER_BOUND ( 'NONE', #970, .T. ) ;
#1271 = CARTESIAN_POINT ( 'NONE',  ( -144.0000000000000284, -6.000000000000000000, 56.99999999999999289 ) ) ;
#1272 = EDGE_CURVE ( 'NONE', #1567, #868, #1936, .T. ) ;
#1273 = EDGE_CURVE ( 'NONE', #1641, #1657, #1820, .T. ) ;
#1274 = ORIENTED_EDGE ( 'NONE', *, *, #1234, .T. ) ;
#1275 = EDGE_CURVE ( 'NONE', #2049, #427, #1732, .T. ) ;
#1276 = EDGE_CURVE ( 'NONE', #1328, #937, #473, .T. ) ;
#1277 = CARTESIAN_POINT ( 'NONE',  ( -144.0000000000000284, 0.000000000000000000, 0.000000000000000000 ) ) ;
#1278 = EDGE_LOOP ( 'NONE', ( #1969, #679 ) ) ;
#1279 = CARTESIAN_POINT ( 'NONE',  ( -144.0000000000000284, 50.00000000000000000, -50.00000000000000000 ) ) ;
#1280 = CARTESIAN_POINT ( 'NONE',  ( -86.00000000000000000, -6.000000000000000000, 72.00000000000001421 ) ) ;
#1281 = PLANE ( 'NONE',  #1298 ) ;
#1282 = EDGE_LOOP ( 'NONE', ( #1312, #474 ) ) ;
#1283 = CYLINDRICAL_SURFACE ( 'NONE', #343, 2.250000000000001776 ) ;
#1284 = ORIENTED_EDGE ( 'NONE', *, *, #118, .F. ) ;
#1285 = FACE_OUTER_BOUND ( 'NONE', #55, .T. ) ;
#1286 = LINE ( 'NONE', #14, #1055 ) ;
#1287 = EDGE_LOOP ( 'NONE', ( #863, #536 ) ) ;
#1288 = PLANE ( 'NONE',  #1893 ) ;
#1289 = CARTESIAN_POINT ( 'NONE',  ( -86.00000000000000000, 4.000000000000000000, 72.00000000000001421 ) ) ;
#1290 = VERTEX_POINT ( 'NONE', #1596 ) ;
#1291 = VECTOR ( 'NONE', #1699, 1000.000000000000000 ) ;
#1292 = DIRECTION ( 'NONE',  ( 0.000000000000000000, 0.000000000000000000, -1.000000000000000000 ) ) ;
#1293 = CIRCLE ( 'NONE', #1791, 13.00000000000000000 ) ;
#1294 = ORIENTED_EDGE ( 'NONE', *, *, #2086, .F. ) ;
#1295 = AXIS2_PLACEMENT_3D ( 'NONE', #1561, #1529, #2018 ) ;
#1296 = AXIS2_PLACEMENT_3D ( 'NONE', #1709, #1901, #113 ) ;
#1297 = DIRECTION ( 'NONE',  ( -0.000000000000000000, -1.000000000000000000, -0.000000000000000000 ) ) ;
#1298 = AXIS2_PLACEMENT_3D ( 'NONE', #1611, #807, #638 ) ;
#1299 = EDGE_CURVE ( 'NONE', #1452, #341, #1098, .T. ) ;
#1300 = DIRECTION ( 'NONE',  ( 1.000000000000000000, 0.000000000000000000, 0.000000000000000000 ) ) ;
#1301 = CARTESIAN_POINT ( 'NONE',  ( -132.0000000000000000, -39.72681989798532953, -16.45538759169886234 ) ) ;
#1302 = EDGE_CURVE ( 'NONE', #1881, #1504, #315, .T. ) ;
#1303 = DIRECTION ( 'NONE',  ( 0.000000000000000000, 0.000000000000000000, 1.000000000000000000 ) ) ;
#1304 = ORIENTED_EDGE ( 'NONE', *, *, #1771, .T. ) ;
#1305 = DIRECTION ( 'NONE',  ( 0.000000000000000000, 0.000000000000000000, 1.000000000000000000 ) ) ;
#1306 = VERTEX_POINT ( 'NONE', #1743 ) ;
#1307 = CARTESIAN_POINT ( 'NONE',  ( -132.0000000000000000, -50.00000000000000000, -50.00000000000000000 ) ) ;
#1308 = FACE_OUTER_BOUND ( 'NONE', #1511, .T. ) ;
#1309 = DIRECTION ( 'NONE',  ( -1.000000000000000000, 0.000000000000000000, -0.000000000000000000 ) ) ;
#1310 = ORIENTED_EDGE ( 'NONE', *, *, #1975, .F. ) ;
#1311 = DIRECTION ( 'NONE',  ( 0.000000000000000000, 1.000000000000000000, -0.000000000000000000 ) ) ;
#1312 = ORIENTED_EDGE ( 'NONE', *, *, #363, .F. ) ;
#1313 = DIRECTION ( 'NONE',  ( 0.000000000000000000, 0.000000000000000000, 1.000000000000000000 ) ) ;
#1314 = DIRECTION ( 'NONE',  ( 0.000000000000000000, 0.000000000000000000, 1.000000000000000000 ) ) ;
#1315 = ORIENTED_EDGE ( 'NONE', *, *, #1671, .F. ) ;
#1316 = FACE_OUTER_BOUND ( 'NONE', #1813, .T. ) ;
#1317 = AXIS2_PLACEMENT_3D ( 'NONE', #1621, #632, #969 ) ;
#1318 = CIRCLE ( 'NONE', #406, 1.700000000000000178 ) ;
#1319 = ADVANCED_FACE ( 'NONE', ( #1447 ), #2087, .F. ) ;
#1320 = VERTEX_POINT ( 'NONE', #1140 ) ;
#1321 = VECTOR ( 'NONE', #1180, 1000.000000000000000 ) ;
#1322 = ADVANCED_FACE ( 'NONE', ( #464 ), #1896, .F. ) ;
#1323 = ORIENTED_EDGE ( 'NONE', *, *, #1571, .F. ) ;
#1324 = AXIS2_PLACEMENT_3D ( 'NONE', #781, #1925, #627 ) ;
#1325 = AXIS2_PLACEMENT_3D ( 'NONE', #1805, #707, #365 ) ;
#1326 = CARTESIAN_POINT ( 'NONE',  ( 18.00000000000000000, 45.00000000000000000, 82.00000000000000000 ) ) ;
#1327 = LINE ( 'NONE', #1171, #1962 ) ;
#1328 = VERTEX_POINT ( 'NONE', #305 ) ;
#1329 = DIRECTION ( 'NONE',  ( 1.000000000000000000, 0.000000000000000000, 0.000000000000000000 ) ) ;
#1330 = ORIENTED_EDGE ( 'NONE', *, *, #706, .F. ) ;
#1331 = EDGE_CURVE ( 'NONE', #1970, #465, #1286, .T. ) ;
#1332 = ORIENTED_EDGE ( 'NONE', *, *, #393, .T. ) ;
#1333 = DATE_AND_TIME ( #37, #996 ) ;
#1334 = FACE_BOUND ( 'NONE', #111, .T. ) ;
#1335 = ADVANCED_FACE ( 'NONE', ( #1777 ), #161, .F. ) ;
#1336 = CARTESIAN_POINT ( 'NONE',  ( 0.000000000000000000, 0.000000000000000000, 79.80000000000001137 ) ) ;
#1337 = ORIENTED_EDGE ( 'NONE', *, *, #1890, .T. ) ;
#1338 = DIRECTION ( 'NONE',  ( -0.000000000000000000, -0.000000000000000000, -1.000000000000000000 ) ) ;
#1339 = EDGE_LOOP ( 'NONE', ( #325, #2057 ) ) ;
#1340 = APPROVAL ( #655, 'UNSPECIFIED' ) ;
#1341 = ORIENTED_EDGE ( 'NONE', *, *, #1363, .T. ) ;
#1342 = DIRECTION ( 'NONE',  ( -0.000000000000000000, -0.000000000000000000, 1.000000000000000000 ) ) ;
#1343 = ADVANCED_FACE ( 'NONE', ( #1106 ), #1422, .F. ) ;
#1344 = FACE_BOUND ( 'NONE', #1792, .T. ) ;
#1345 = CARTESIAN_POINT ( 'NONE',  ( -132.0000000000000000, -50.00000000000000000, -50.00000000000000000 ) ) ;
#1346 = ORIENTED_EDGE ( 'NONE', *, *, #277, .T. ) ;
#1347 = DIRECTION ( 'NONE',  ( 1.000000000000000000, 0.000000000000000000, 0.000000000000000000 ) ) ;
#1348 = DIRECTION ( 'NONE',  ( 1.000000000000000000, 0.000000000000000000, 0.000000000000000000 ) ) ;
#1349 = ORIENTED_EDGE ( 'NONE', *, *, #1796, .F. ) ;
#1350 = ORIENTED_EDGE ( 'NONE', *, *, #13, .T. ) ;
#1351 = VECTOR ( 'NONE', #1132, 1000.000000000000000 ) ;
#1352 = AXIS2_PLACEMENT_3D ( 'NONE', #1083, #1741, #1421 ) ;
#1353 = CARTESIAN_POINT ( 'NONE',  ( -30.00000000000000000, -4.000000000000000000, 72.00000000000001421 ) ) ;
#1354 = FACE_BOUND ( 'NONE', #1751, .T. ) ;
#1355 = CIRCLE ( 'NONE', #888, 2.249999999999998668 ) ;
#1356 = CC_DESIGN_PERSON_AND_ORGANIZATION_ASSIGNMENT ( #468, #310, ( #1144 ) ) ;
#1357 = EDGE_CURVE ( 'NONE', #1360, #609, #335, .T. ) ;
#1358 = DIRECTION ( 'NONE',  ( -0.000000000000000000, -0.000000000000000000, -1.000000000000000000 ) ) ;
#1359 = AXIS2_PLACEMENT_3D ( 'NONE', #526, #716, #1019 ) ;
#1360 = VERTEX_POINT ( 'NONE', #1768 ) ;
#1361 = CYLINDRICAL_SURFACE ( 'NONE', #345, 1.700000000000000178 ) ;
#1362 = VECTOR ( 'NONE', #1078, 1000.000000000000000 ) ;
#1363 = EDGE_CURVE ( 'NONE', #402, #189, #324, .T. ) ;
#1364 = CARTESIAN_POINT ( 'NONE',  ( 0.000000000000000000, 0.000000000000000000, 79.80000000000001137 ) ) ;
#1365 = VERTEX_POINT ( 'NONE', #1618 ) ;
#1366 = EDGE_CURVE ( 'NONE', #517, #1908, #1907, .T. ) ;
#1367 = CARTESIAN_POINT ( 'NONE',  ( -86.00000000000000000, 6.000000000000000000, 56.99999999999999289 ) ) ;
#1368 = ORIENTED_EDGE ( 'NONE', *, *, #1697, .F. ) ;
#1369 = FACE_OUTER_BOUND ( 'NONE', #1834, .T. ) ;
#1370 = CARTESIAN_POINT ( 'NONE',  ( -132.0000000000000000, -39.72681989798532953, 16.45538759169885878 ) ) ;
#1371 = DIRECTION ( 'NONE',  ( 1.000000000000000000, 0.000000000000000000, 0.000000000000000000 ) ) ;
#1372 = ORIENTED_EDGE ( 'NONE', *, *, #447, .F. ) ;
#1373 = LINE ( 'NONE', #1396, #753 ) ;
#1374 = CARTESIAN_POINT ( 'NONE',  ( 18.00000000000000000, -45.00000000000000000, 82.00000000000000000 ) ) ;
#1375 = ORIENTED_EDGE ( 'NONE', *, *, #1647, .F. ) ;
#1376 = DIRECTION ( 'NONE',  ( -1.000000000000000000, -0.000000000000000000, -0.000000000000000000 ) ) ;
#1377 = ORIENTED_EDGE ( 'NONE', *, *, #1589, .T. ) ;
#1378 = CARTESIAN_POINT ( 'NONE',  ( 0.000000000000000000, 0.000000000000000000, 72.00000000000001421 ) ) ;
#1379 = CARTESIAN_POINT ( 'NONE',  ( 11.50000000000000178, -19.91858428704208706, 72.00000000000001421 ) ) ;
#1380 = ORIENTED_EDGE ( 'NONE', *, *, #107, .F. ) ;
#1381 = DIRECTION ( 'NONE',  ( 0.000000000000000000, -0.000000000000000000, 1.000000000000000000 ) ) ;
#1382 = DIRECTION ( 'NONE',  ( 1.000000000000000000, 0.000000000000000000, 0.000000000000000000 ) ) ;
#1383 = CYLINDRICAL_SURFACE ( 'NONE', #382, 1.700000000000000178 ) ;
#1384 = VERTEX_POINT ( 'NONE', #634 ) ;
#1385 = EDGE_CURVE ( 'NONE', #695, #2051, #316, .T. ) ;
#1386 = LINE ( 'NONE', #2026, #1560 ) ;
#1387 = ORIENTED_EDGE ( 'NONE', *, *, #615, .T. ) ;
#1388 = EDGE_CURVE ( 'NONE', #439, #708, #824, .T. ) ;
#1389 = CYLINDRICAL_SURFACE ( 'NONE', #960, 1.700000000000000178 ) ;
#1390 = CIRCLE ( 'NONE', #621, 2.250000000000001776 ) ;
#1391 = DIRECTION ( 'NONE',  ( 0.000000000000000000, 1.000000000000000000, 0.000000000000000000 ) ) ;
#1392 = CIRCLE ( 'NONE', #137, 1.700000000000000178 ) ;
#1393 = DIRECTION ( 'NONE',  ( 0.000000000000000000, -1.000000000000000000, 0.000000000000000000 ) ) ;
#1394 = EDGE_LOOP ( 'NONE', ( #870, #1643 ) ) ;
#1395 = AXIS2_PLACEMENT_3D ( 'NONE', #432, #1864, #897 ) ;
#1396 = CARTESIAN_POINT ( 'NONE',  ( -132.0000000000000000, -16.45538759169886589, 41.97681989798532953 ) ) ;
#1397 = AXIS2_PLACEMENT_3D ( 'NONE', #1587, #2066, #1910 ) ;
#1398 = DIRECTION ( 'NONE',  ( 0.000000000000000000, 0.000000000000000000, -1.000000000000000000 ) ) ;
#1399 = CARTESIAN_POINT ( 'NONE',  ( -132.0000000000000000, -39.72681989798532953, 16.45538759169885878 ) ) ;
#1400 = ORIENTED_EDGE ( 'NONE', *, *, #76, .T. ) ;
#1401 = CARTESIAN_POINT ( 'NONE',  ( 36.00000000000000000, -27.00000000000000000, 72.00000000000001421 ) ) ;
#1402 = ORIENTED_EDGE ( 'NONE', *, *, #80, .T. ) ;
#1403 = CYLINDRICAL_SURFACE ( 'NONE', #1128, 2.250000000000001776 ) ;
#1404 = CARTESIAN_POINT ( 'NONE',  ( -132.0000000000000000, -6.000000000000000000, 56.99999999999999289 ) ) ;
#1405 = DIRECTION ( 'NONE',  ( 0.000000000000000000, -0.000000000000000000, -1.000000000000000000 ) ) ;
#1406 = ORIENTED_EDGE ( 'NONE', *, *, #1816, .T. ) ;
#1407 = LINE ( 'NONE', #752, #1 ) ;
#1408 = DIRECTION ( 'NONE',  ( 1.000000000000000000, 0.000000000000000000, 0.000000000000000000 ) ) ;
#1409 = ORIENTED_EDGE ( 'NONE', *, *, #498, .F. ) ;
#1410 = FACE_OUTER_BOUND ( 'NONE', #92, .T. ) ;
#1411 = ORIENTED_EDGE ( 'NONE', *, *, #522, .T. ) ;
#1412 = CARTESIAN_POINT ( 'NONE',  ( 0.000000000000000000, 0.000000000000000000, 79.80000000000001137 ) ) ;
#1413 = EDGE_CURVE ( 'NONE', #1844, #1531, #1654, .T. ) ;
#1414 = LINE ( 'NONE', #95, #1467 ) ;
#1415 = EDGE_LOOP ( 'NONE', ( #1041, #298 ) ) ;
#1416 = DIRECTION ( 'NONE',  ( 1.000000000000000000, 0.000000000000000000, 0.000000000000000000 ) ) ;
#1417 = APPLICATION_PROTOCOL_DEFINITION ( 'international standard', 'config_control_design', 1994, #1213 ) ;
#1418 = ORIENTED_EDGE ( 'NONE', *, *, #263, .T. ) ;
#1419 = DIRECTION ( 'NONE',  ( 0.000000000000000000, 0.000000000000000000, -1.000000000000000000 ) ) ;
#1420 = VERTEX_POINT ( 'NONE', #192 ) ;
#1421 = DIRECTION ( 'NONE',  ( 1.000000000000000000, 0.000000000000000000, 0.000000000000000000 ) ) ;
#1422 = PLANE ( 'NONE',  #959 ) ;
#1423 = VERTEX_POINT ( 'NONE', #1638 ) ;
#1424 = DIRECTION ( 'NONE',  ( -1.000000000000000000, 0.000000000000000000, 0.000000000000000000 ) ) ;
#1425 = AXIS2_PLACEMENT_3D ( 'NONE', #982, #346, #1937 ) ;
#1426 = ADVANCED_FACE ( 'NONE', ( #505 ), #1973, .F. ) ;
#1427 = EDGE_CURVE ( 'NONE', #1320, #622, #835, .T. ) ;
#1428 = CARTESIAN_POINT ( 'NONE',  ( -132.0000000000000000, 50.00000000000000000, 82.00000000000000000 ) ) ;
#1429 = DATE_AND_TIME ( #1746, #420 ) ;
#1430 = AXIS2_PLACEMENT_3D ( 'NONE', #1870, #1536, #929 ) ;
#1431 = DIRECTION ( 'NONE',  ( 0.000000000000000000, 0.000000000000000000, -1.000000000000000000 ) ) ;
#1432 = EDGE_CURVE ( 'NONE', #1714, #155, #686, .T. ) ;
#1433 = VECTOR ( 'NONE', #1883, 1000.000000000000000 ) ;
#1434 = VECTOR ( 'NONE', #828, 1000.000000000000000 ) ;
#1435 = ORIENTED_EDGE ( 'NONE', *, *, #1021, .T. ) ;
#1436 = ADVANCED_FACE ( 'NONE', ( #1515 ), #1389, .F. ) ;
#1437 = LOCAL_TIME ( 11, 7, 38.00000000000000000, #22 ) ;
#1438 = DIRECTION ( 'NONE',  ( -0.000000000000000000, -1.000000000000000000, -0.000000000000000000 ) ) ;
#1439 = DIRECTION ( 'NONE',  ( 1.000000000000000000, 0.000000000000000000, 0.000000000000000000 ) ) ;
#1440 = VERTEX_POINT ( 'NONE', #1241 ) ;
#1441 = CARTESIAN_POINT ( 'NONE',  ( -132.0000000000000000, -16.45538759169885878, -37.47681989798532953 ) ) ;
#1442 = CARTESIAN_POINT ( 'NONE',  ( 0.000000000000000000, 0.000000000000000000, 82.00000000000000000 ) ) ;
#1443 = DIRECTION ( 'NONE',  ( 1.000000000000000000, 0.000000000000000000, 0.000000000000000000 ) ) ;
#1444 = CARTESIAN_POINT ( 'NONE',  ( 11.50000000000000178, -19.91858428704208706, 72.00000000000001421 ) ) ;
#1445 = ORIENTED_EDGE ( 'NONE', *, *, #841, .T. ) ;
#1446 = CARTESIAN_POINT ( 'NONE',  ( -144.0000000000000284, 16.45538759169885523, 37.47681989798532953 ) ) ;
#1447 = FACE_OUTER_BOUND ( 'NONE', #1767, .T. ) ;
#1448 = EDGE_LOOP ( 'NONE', ( #101, #1387, #534, #391 ) ) ;
#1449 = CARTESIAN_POINT ( 'NONE',  ( -13.19999999999999396, -19.91858428704209061, 72.00000000000001421 ) ) ;
#1450 = DIRECTION ( 'NONE',  ( -1.000000000000000000, -0.000000000000000000, -0.000000000000000000 ) ) ;
#1451 =( NAMED_UNIT ( * ) SI_UNIT ( $, .STERADIAN. ) SOLID_ANGLE_UNIT ( ) );
#1452 = VERTEX_POINT ( 'NONE', #1726 ) ;
#1453 = DIRECTION ( 'NONE',  ( 0.000000000000000000, 1.000000000000000000, 0.000000000000000000 ) ) ;
#1454 = ORIENTED_EDGE ( 'NONE', *, *, #965, .F. ) ;
#1455 = EDGE_CURVE ( 'NONE', #79, #341, #83, .T. ) ;
#1456 = DIRECTION ( 'NONE',  ( 0.000000000000000000, 0.000000000000000000, 1.000000000000000000 ) ) ;
#1457 = ADVANCED_FACE ( 'NONE', ( #1369 ), #564, .F. ) ;
#1458 = CARTESIAN_POINT ( 'NONE',  ( -132.0000000000000000, 39.72681989798532243, -18.70538759169886589 ) ) ;
#1459 = VERTEX_POINT ( 'NONE', #1216 ) ;
#1460 = CARTESIAN_POINT ( 'NONE',  ( -132.0000000000000000, -39.72681989798532953, -18.70538759169885878 ) ) ;
#1461 = CIRCLE ( 'NONE', #919, 2.250000000000001776 ) ;
#1462 = DIRECTION ( 'NONE',  ( -0.000000000000000000, -0.000000000000000000, -1.000000000000000000 ) ) ;
#1463 = VECTOR ( 'NONE', #1899, 1000.000000000000000 ) ;
#1464 = DIRECTION ( 'NONE',  ( 1.000000000000000000, 0.000000000000000000, 0.000000000000000000 ) ) ;
#1465 = AXIS2_PLACEMENT_3D ( 'NONE', #1527, #592, #1516 ) ;
#1466 = VERTEX_POINT ( 'NONE', #1845 ) ;
#1467 = VECTOR ( 'NONE', #2033, 1000.000000000000000 ) ;
#1468 = AXIS2_PLACEMENT_3D ( 'NONE', #1336, #1984, #675 ) ;
#1469 = CC_DESIGN_APPROVAL ( #1340, ( #1500 ) ) ;
#1470 = CARTESIAN_POINT ( 'NONE',  ( -132.0000000000000000, -50.00000000000000000, 82.00000000000000000 ) ) ;
#1471 = DIRECTION ( 'NONE',  ( 0.000000000000000000, 0.000000000000000000, 1.000000000000000000 ) ) ;
#1472 = FACE_BOUND ( 'NONE', #1853, .T. ) ;
#1473 = VERTEX_POINT ( 'NONE', #1861 ) ;
#1474 = LINE ( 'NONE', #709, #1954 ) ;
#1475 = ORIENTED_EDGE ( 'NONE', *, *, #1951, .F. ) ;
#1476 = DIRECTION ( 'NONE',  ( 1.000000000000000000, 0.000000000000000000, 0.000000000000000000 ) ) ;
#1477 = CARTESIAN_POINT ( 'NONE',  ( -24.69999999999999929, -2.816687638038912352E-15, 82.00000000000000000 ) ) ;
#1478 = PLANE ( 'NONE',  #347 ) ;
#1479 = ADVANCED_FACE ( 'NONE', ( #906 ), #1548, .F. ) ;
#1480 = LINE ( 'NONE', #205, #451 ) ;
#1481 = ORIENTED_EDGE ( 'NONE', *, *, #354, .F. ) ;
#1482 = FACE_OUTER_BOUND ( 'NONE', #1702, .T. ) ;
#1483 = ORIENTED_EDGE ( 'NONE', *, *, #103, .T. ) ;
#1484 = PERSON_AND_ORGANIZATION_ROLE ( 'classification_officer' ) ;
#1485 = CARTESIAN_POINT ( 'NONE',  ( -132.0000000000000000, -4.000000000000000000, 54.10526315789473983 ) ) ;
#1486 = CYLINDRICAL_SURFACE ( 'NONE', #1604, 2.250000000000001776 ) ;
#1487 = ORIENTED_EDGE ( 'NONE', *, *, #624, .T. ) ;
#1489 = EDGE_CURVE ( 'NONE', #480, #561, #270, .T. ) ;
#1488 = DIRECTION ( 'NONE',  ( 0.000000000000000000, 0.000000000000000000, 1.000000000000000000 ) ) ;
#1490 = VECTOR ( 'NONE', #1903, 1000.000000000000114 ) ;
#1491 = COORDINATED_UNIVERSAL_TIME_OFFSET ( 5, 30, .AHEAD. ) ;
#1492 = CIRCLE ( 'NONE', #207, 1.700000000000000178 ) ;
#1493 = VERTEX_POINT ( 'NONE', #2030 ) ;
#1494 = AXIS2_PLACEMENT_3D ( 'NONE', #336, #1666, #1646 ) ;
#1495 = AXIS2_PLACEMENT_3D ( 'NONE', #486, #941, #1130 ) ;
#1496 = EDGE_LOOP ( 'NONE', ( #3, #1065, #242, #2019 ) ) ;
#1497 = VECTOR ( 'NONE', #374, 1000.000000000000000 ) ;
#1498 = AXIS2_PLACEMENT_3D ( 'NONE', #1399, #722, #1710 ) ;
#1499 = FACE_BOUND ( 'NONE', #370, .T. ) ;
#1500 = SECURITY_CLASSIFICATION ( '', '', #813 ) ;
#1501 = CARTESIAN_POINT ( 'NONE',  ( 9.800000000000000711, 19.91858428704208706, 82.00000000000000000 ) ) ;
#1502 = ORIENTED_EDGE ( 'NONE', *, *, #1828, .T. ) ;
#1503 = CARTESIAN_POINT ( 'NONE',  ( 23.00000000000000000, 0.000000000000000000, 72.00000000000001421 ) ) ;
#1504 = VERTEX_POINT ( 'NONE', #916 ) ;
#1505 = EDGE_CURVE ( 'NONE', #269, #537, #993, .T. ) ;
#1506 = ORIENTED_EDGE ( 'NONE', *, *, #542, .T. ) ;
#1507 = DIRECTION ( 'NONE',  ( 0.000000000000000000, 0.000000000000000000, 1.000000000000000000 ) ) ;
#1508 = CARTESIAN_POINT ( 'NONE',  ( -144.0000000000000284, 50.00000000000000000, 82.00000000000000000 ) ) ;
#1509 = ORIENTED_EDGE ( 'NONE', *, *, #624, .F. ) ;
#1510 = CARTESIAN_POINT ( 'NONE',  ( -132.0000000000000000, -16.45538759169886589, 37.47681989798532953 ) ) ;
#1511 = EDGE_LOOP ( 'NONE', ( #1380, #1011, #857, #1674 ) ) ;
#1512 = ORIENTED_EDGE ( 'NONE', *, *, #1489, .F. ) ;
#1513 = CC_DESIGN_PERSON_AND_ORGANIZATION_ASSIGNMENT ( #777, #797, ( #1822 ) ) ;
#1514 = ADVANCED_FACE ( 'NONE', ( #1715 ), #1403, .F. ) ;
#1515 = FACE_OUTER_BOUND ( 'NONE', #523, .T. ) ;
#1516 = DIRECTION ( 'NONE',  ( 0.9849570246463139611, 0.000000000000000000, 0.1727994780081253123 ) ) ;
#1517 = ADVANCED_FACE ( 'NONE', ( #1056 ), #2047, .F. ) ;
#1518 = DIRECTION ( 'NONE',  ( -1.000000000000000000, -0.000000000000000000, -0.000000000000000000 ) ) ;
#1519 = EDGE_LOOP ( 'NONE', ( #2013, #866, #1079, #1024 ) ) ;
#1520 = DIRECTION ( 'NONE',  ( 0.000000000000000000, 0.000000000000000000, 1.000000000000000000 ) ) ;
#1521 = CARTESIAN_POINT ( 'NONE',  ( -132.0000000000000000, 39.72681989798532243, -14.20538759169886944 ) ) ;
#1522 = ORIENTED_EDGE ( 'NONE', *, *, #2015, .F. ) ;
#1523 = VECTOR ( 'NONE', #1453, 1000.000000000000000 ) ;
#1524 = CARTESIAN_POINT ( 'NONE',  ( -126.0000000000000284, -45.00000000000000000, 82.00000000000000000 ) ) ;
#1525 = EDGE_LOOP ( 'NONE', ( #2091, #703 ) ) ;
#1526 = VECTOR ( 'NONE', #203, 1000.000000000000000 ) ;
#1527 = CARTESIAN_POINT ( 'NONE',  ( -144.0000000000000284, 4.000000000000000000, 52.00000000000000000 ) ) ;
#1528 = VECTOR ( 'NONE', #223, 1000.000000000000000 ) ;
#1529 = DIRECTION ( 'NONE',  ( -1.000000000000000000, 0.000000000000000000, 0.000000000000000000 ) ) ;
#1530 = CIRCLE ( 'NONE', #1359, 1.700000000000000178 ) ;
#1531 = VERTEX_POINT ( 'NONE', #1077 ) ;
#1532 = PLANE ( 'NONE',  #1257 ) ;
#1533 = CIRCLE ( 'NONE', #1129, 6.000000000000000000 ) ;
#1534 = CYLINDRICAL_SURFACE ( 'NONE', #1606, 2.250000000000001776 ) ;
#1535 = VERTEX_POINT ( 'NONE', #1258 ) ;
#1536 = DIRECTION ( 'NONE',  ( 1.000000000000000000, 0.000000000000000000, 0.000000000000000000 ) ) ;
#1537 = EDGE_LOOP ( 'NONE', ( #1208, #915, #199, #1175, #1682, #1831, #942, #1668, #1337, #2016, #768, #60, #1522, #21, #645, #436 ) ) ;
#1538 = DIRECTION ( 'NONE',  ( 0.7071067811865474617, 0.7071067811865474617, -0.000000000000000000 ) ) ;
#1539 = FACE_OUTER_BOUND ( 'NONE', #946, .T. ) ;
#1540 = EDGE_LOOP ( 'NONE', ( #1841, #2055 ) ) ;
#1541 = CARTESIAN_POINT ( 'NONE',  ( 0.000000000000000000, 0.000000000000000000, 72.00000000000001421 ) ) ;
#1542 = EDGE_CURVE ( 'NONE', #968, #1192, #456, .T. ) ;
#1543 = DIRECTION ( 'NONE',  ( 1.000000000000000000, 0.000000000000000000, 0.000000000000000000 ) ) ;
#1544 = DIRECTION ( 'NONE',  ( -1.000000000000000000, 0.000000000000000000, 0.000000000000000000 ) ) ;
#1545 = ORIENTED_EDGE ( 'NONE', *, *, #1357, .T. ) ;
#1546 = DIRECTION ( 'NONE',  ( 0.000000000000000000, 0.000000000000000000, 1.000000000000000000 ) ) ;
#1547 = EDGE_LOOP ( 'NONE', ( #417, #1649, #1006, #816 ) ) ;
#1548 = CYLINDRICAL_SURFACE ( 'NONE', #1226, 1.700000000000000178 ) ;
#1549 = FACE_BOUND ( 'NONE', #487, .T. ) ;
#1550 = CARTESIAN_POINT ( 'NONE',  ( -13.19999999999999396, -19.91858428704209061, 82.00000000000000000 ) ) ;
#1551 = ORIENTED_EDGE ( 'NONE', *, *, #1782, .F. ) ;
#1552 = CARTESIAN_POINT ( 'NONE',  ( -132.0000000000000000, 6.000000000000000000, 72.00000000000001421 ) ) ;
#1553 = CARTESIAN_POINT ( 'NONE',  ( -132.0000000000000000, -6.000000000000000000, 0.000000000000000000 ) ) ;
#1554 = EDGE_LOOP ( 'NONE', ( #1215, #1454, #734, #1251 ) ) ;
#1555 = CARTESIAN_POINT ( 'NONE',  ( -132.0000000000000000, -16.45538759169885878, -39.72681989798532953 ) ) ;
#1556 = ORIENTED_EDGE ( 'NONE', *, *, #1828, .F. ) ;
#1557 = VECTOR ( 'NONE', #648, 1000.000000000000000 ) ;
#1558 = CIRCLE ( 'NONE', #1789, 6.000000000000000000 ) ;
#1559 = FACE_OUTER_BOUND ( 'NONE', #557, .T. ) ;
#1560 = VECTOR ( 'NONE', #2039, 1000.000000000000000 ) ;
#1561 = CARTESIAN_POINT ( 'NONE',  ( -86.00000000000000000, 6.000000000000000000, 56.99999999999999289 ) ) ;
#1562 = ORIENTED_EDGE ( 'NONE', *, *, #1948, .F. ) ;
#1563 = VECTOR ( 'NONE', #973, 1000.000000000000000 ) ;
#1564 = DIRECTION ( 'NONE',  ( -0.000000000000000000, 1.000000000000000000, -0.000000000000000000 ) ) ;
#1565 = AXIS2_PLACEMENT_3D ( 'NONE', #732, #754, #1089 ) ;
#1566 = LINE ( 'NONE', #477, #1665 ) ;
#1567 = VERTEX_POINT ( 'NONE', #1888 ) ;
#1568 = VECTOR ( 'NONE', #99, 1000.000000000000000 ) ;
#1569 = DIRECTION ( 'NONE',  ( 0.000000000000000000, 0.000000000000000000, -1.000000000000000000 ) ) ;
#1570 = ORIENTED_EDGE ( 'NONE', *, *, #1890, .F. ) ;
#1571 = EDGE_CURVE ( 'NONE', #1000, #1290, #606, .T. ) ;
#1572 = CARTESIAN_POINT ( 'NONE',  ( 11.50000000000000178, -19.91858428704208706, 82.00000000000000000 ) ) ;
#1573 = DIRECTION ( 'NONE',  ( 1.000000000000000000, 0.000000000000000000, 0.000000000000000000 ) ) ;
#1574 = DIRECTION ( 'NONE',  ( 0.000000000000000000, 0.000000000000000000, 1.000000000000000000 ) ) ;
#1575 = ORIENTED_EDGE ( 'NONE', *, *, #995, .F. ) ;
#1576 = PLANE ( 'NONE',  #1425 ) ;
#1577 = CYLINDRICAL_SURFACE ( 'NONE', #320, 13.00000000000000000 ) ;
#1578 = ORIENTED_EDGE ( 'NONE', *, *, #1234, .F. ) ;
#1579 = ORIENTED_EDGE ( 'NONE', *, *, #837, .T. ) ;
#1580 = EDGE_CURVE ( 'NONE', #1942, #729, #488, .T. ) ;
#1581 = ADVANCED_FACE ( 'NONE', ( #275 ), #924, .F. ) ;
#1582 = CARTESIAN_POINT ( 'NONE',  ( -132.0000000000000000, 39.72681989798532953, 18.70538759169884813 ) ) ;
#1583 = CARTESIAN_POINT ( 'NONE',  ( 0.000000000000000000, -4.000000000000000000, 0.000000000000000000 ) ) ;
#1584 = EDGE_CURVE ( 'NONE', #312, #1897, #212, .T. ) ;
#1585 = ORIENTED_EDGE ( 'NONE', *, *, #1647, .T. ) ;
#1586 = DIRECTION ( 'NONE',  ( 0.000000000000000000, 0.000000000000000000, -1.000000000000000000 ) ) ;
#1587 = CARTESIAN_POINT ( 'NONE',  ( -144.0000000000000284, 4.000000000000000000, 52.00000000000000000 ) ) ;
#1588 = DIRECTION ( 'NONE',  ( 0.000000000000000000, 0.000000000000000000, 1.000000000000000000 ) ) ;
#1589 = EDGE_CURVE ( 'NONE', #609, #1290, #1900, .T. ) ;
#1590 = EDGE_LOOP ( 'NONE', ( #338, #1483, #1341, #47 ) ) ;
#1591 = CARTESIAN_POINT ( 'NONE',  ( -132.0000000000000000, 6.000000000000000000, 0.000000000000000000 ) ) ;
#1592 = ORIENTED_EDGE ( 'NONE', *, *, #524, .T. ) ;
#1593 = CARTESIAN_POINT ( 'NONE',  ( -132.0000000000000000, 4.000000000000000000, 54.10526315789473983 ) ) ;
#1594 = AXIS2_PLACEMENT_3D ( 'NONE', #27, #351, #847 ) ;
#1595 = VECTOR ( 'NONE', #163, 1000.000000000000000 ) ;
#1596 = CARTESIAN_POINT ( 'NONE',  ( 24.69999999999999929, 2.081899558550500526E-16, 72.00000000000001421 ) ) ;
#1597 = ORIENTED_EDGE ( 'NONE', *, *, #834, .T. ) ;
#1598 = CARTESIAN_POINT ( 'NONE',  ( 18.00000000000000000, 45.00000000000000000, 72.00000000000001421 ) ) ;
#1599 = AXIS2_PLACEMENT_3D ( 'NONE', #1655, #532, #1177 ) ;
#1600 = FACE_OUTER_BOUND ( 'NONE', #200, .T. ) ;
#1601 = COORDINATED_UNIVERSAL_TIME_OFFSET ( 5, 30, .AHEAD. ) ;
#1602 = CIRCLE ( 'NONE', #1260, 6.000000000000000000 ) ;
#1603 = CARTESIAN_POINT ( 'NONE',  ( -132.0000000000000000, -16.45538759169885878, -41.97681989798532953 ) ) ;
#1604 = AXIS2_PLACEMENT_3D ( 'NONE', #997, #845, #51 ) ;
#1605 = ORIENTED_EDGE ( 'NONE', *, *, #329, .T. ) ;
#1606 = AXIS2_PLACEMENT_3D ( 'NONE', #733, #1211, #265 ) ;
#1607 = DIRECTION ( 'NONE',  ( -0.000000000000000000, -1.000000000000000000, -0.000000000000000000 ) ) ;
#1608 = ORIENTED_EDGE ( 'NONE', *, *, #20, .T. ) ;
#1609 = CARTESIAN_POINT ( 'NONE',  ( -144.0000000000000284, -27.00000000000000000, 82.00000000000000000 ) ) ;
#1610 = FACE_BOUND ( 'NONE', #1031, .T. ) ;
#1611 = CARTESIAN_POINT ( 'NONE',  ( -132.0000000000000000, 50.00000000000000000, 82.00000000000000000 ) ) ;
#1612 = EDGE_LOOP ( 'NONE', ( #898, #1332, #350 ) ) ;
#1614 = ADVANCED_FACE ( 'NONE', ( #2010 ), #1577, .F. ) ;
#1613 = LINE ( 'NONE', #809, #1523 ) ;
#1616 = ADVANCED_FACE ( 'NONE', ( #581 ), #1223, .F. ) ;
#1615 = ORIENTED_EDGE ( 'NONE', *, *, #953, .T. ) ;
#1617 = FACE_OUTER_BOUND ( 'NONE', #986, .T. ) ;
#1618 = CARTESIAN_POINT ( 'NONE',  ( -132.0000000000000000, -16.45538759169886589, 41.97681989798532953 ) ) ;
#1619 = ORIENTED_EDGE ( 'NONE', *, *, #2073, .T. ) ;
#1620 = CARTESIAN_POINT ( 'NONE',  ( -132.0000000000000000, 0.000000000000000000, 13.00000000000000000 ) ) ;
#1621 = CARTESIAN_POINT ( 'NONE',  ( 0.000000000000000000, 0.000000000000000000, 79.80000000000001137 ) ) ;
#1622 = ADVANCED_FACE ( 'NONE', ( #98 ), #2036, .F. ) ;
#1623 = EDGE_LOOP ( 'NONE', ( #2024, #1475 ) ) ;
#1624 = DIRECTION ( 'NONE',  ( 0.000000000000000000, 0.000000000000000000, -1.000000000000000000 ) ) ;
#1625 = CARTESIAN_POINT ( 'NONE',  ( 18.00000000000000000, -45.00000000000000000, 72.00000000000001421 ) ) ;
#1626 = LINE ( 'NONE', #492, #586 ) ;
#1627 = VERTEX_POINT ( 'NONE', #661 ) ;
#1628 = CIRCLE ( 'NONE', #1854, 2.249999999999998668 ) ;
#1629 = LINE ( 'NONE', #19, #1852 ) ;
#1630 = AXIS2_PLACEMENT_3D ( 'NONE', #1906, #1923, #812 ) ;
#1631 = PERSON_AND_ORGANIZATION ( #1670, #70 ) ;
#1632 = VERTEX_POINT ( 'NONE', #499 ) ;
#1633 = AXIS2_PLACEMENT_3D ( 'NONE', #1051, #1393, #1405 ) ;
#1634 = AXIS2_PLACEMENT_3D ( 'NONE', #1837, #195, #1003 ) ;
#1635 = DIRECTION ( 'NONE',  ( -1.000000000000000000, -0.000000000000000000, -0.000000000000000000 ) ) ;
#1636 = EDGE_CURVE ( 'NONE', #1466, #1493, #760, .T. ) ;
#1637 = CIRCLE ( 'NONE', #248, 2.250000000000001776 ) ;
#1638 = CARTESIAN_POINT ( 'NONE',  ( -17.15000000000000213, 2.100269260537711104E-15, 82.00000000000000000 ) ) ;
#1639 = CARTESIAN_POINT ( 'NONE',  ( -11.49999999999999467, -19.91858428704209061, 82.00000000000000000 ) ) ;
#1640 = DIRECTION ( 'NONE',  ( -0.000000000000000000, -0.000000000000000000, -1.000000000000000000 ) ) ;
#1641 = VERTEX_POINT ( 'NONE', #818 ) ;
#1642 = CARTESIAN_POINT ( 'NONE',  ( -144.0000000000000284, -16.45538759169885878, -37.47681989798532953 ) ) ;
#1643 = ORIENTED_EDGE ( 'NONE', *, *, #643, .F. ) ;
#1644 = PERSON_AND_ORGANIZATION ( #1670, #70 ) ;
#1645 = ADVANCED_FACE ( 'NONE', ( #806 ), #1929, .F. ) ;
#1646 = DIRECTION ( 'NONE',  ( 1.000000000000000000, 0.000000000000000000, 0.000000000000000000 ) ) ;
#1647 = EDGE_CURVE ( 'NONE', #1691, #79, #637, .T. ) ;
#1648 = CYLINDRICAL_SURFACE ( 'NONE', #1468, 17.15000000000000213 ) ;
#1649 = ORIENTED_EDGE ( 'NONE', *, *, #1975, .T. ) ;
#1650 = DIRECTION ( 'NONE',  ( 0.7071067811865474617, 0.7071067811865474617, -0.000000000000000000 ) ) ;
#1651 = APPROVAL_STATUS ( 'not_yet_approved' ) ;
#1652 = ORIENTED_EDGE ( 'NONE', *, *, #1742, .T. ) ;
#1653 = VERTEX_POINT ( 'NONE', #1280 ) ;
#1654 = LINE ( 'NONE', #853, #1093 ) ;
#1655 = CARTESIAN_POINT ( 'NONE',  ( 0.000000000000000000, 0.000000000000000000, 79.80000000000001137 ) ) ;
#1656 = CARTESIAN_POINT ( 'NONE',  ( -144.0000000000000284, -39.72681989798532953, 18.70538759169885878 ) ) ;
#1657 = VERTEX_POINT ( 'NONE', #153 ) ;
#1658 = LINE ( 'NONE', #209, #1321 ) ;
#1659 = AXIS2_PLACEMENT_3D ( 'NONE', #97, #730, #605 ) ;
#1660 = EDGE_LOOP ( 'NONE', ( #39, #1131, #1585, #1204, #2084, #1099, #2040, #1435 ) ) ;
#1661 = VECTOR ( 'NONE', #187, 1000.000000000000000 ) ;
#1662 = CIRCLE ( 'NONE', #484, 1.700000000000000178 ) ;
#1663 = ORIENTED_EDGE ( 'NONE', *, *, #948, .T. ) ;
#1664 = AXIS2_PLACEMENT_3D ( 'NONE', #1153, #1939, #164 ) ;
#1665 = VECTOR ( 'NONE', #292, 1000.000000000000000 ) ;
#1666 = DIRECTION ( 'NONE',  ( 0.000000000000000000, 0.000000000000000000, 1.000000000000000000 ) ) ;
#1667 = DIRECTION ( 'NONE',  ( -0.000000000000000000, -0.000000000000000000, -1.000000000000000000 ) ) ;
#1668 = ORIENTED_EDGE ( 'NONE', *, *, #1363, .F. ) ;
#1669 = LINE ( 'NONE', #528, #883 ) ;
#1670 = PERSON ( 'UNSPECIFIED', 'UNSPECIFIED', 'UNSPECIFIED', ('UNSPECIFIED'), ('UNSPECIFIED'), ('UNSPECIFIED') ) ;
#1671 = EDGE_CURVE ( 'NONE', #1714, #1082, #337, .T. ) ;
#1672 = EDGE_CURVE ( 'NONE', #480, #115, #1932, .T. ) ;
#1673 = VERTEX_POINT ( 'NONE', #1289 ) ;
#1674 = ORIENTED_EDGE ( 'NONE', *, *, #1045, .F. ) ;
#1675 = CARTESIAN_POINT ( 'NONE',  ( -132.0000000000000000, -39.72681989798532953, -16.45538759169886234 ) ) ;
#1676 = LINE ( 'NONE', #225, #1227 ) ;
#1677 = EDGE_LOOP ( 'NONE', ( #747, #369, #28, #2038 ) ) ;
#1678 = FACE_OUTER_BOUND ( 'NONE', #317, .T. ) ;
#1679 = CARTESIAN_POINT ( 'NONE',  ( -132.0000000000000000, 16.45538759169885523, 37.47681989798532953 ) ) ;
#1680 = ORIENTED_EDGE ( 'NONE', *, *, #419, .T. ) ;
#1681 = DIRECTION ( 'NONE',  ( 1.000000000000000000, 0.000000000000000000, 0.000000000000000000 ) ) ;
#1682 = ORIENTED_EDGE ( 'NONE', *, *, #1299, .F. ) ;
#1683 = DIRECTION ( 'NONE',  ( -1.000000000000000000, 0.000000000000000000, -0.000000000000000000 ) ) ;
#1684 = EDGE_CURVE ( 'NONE', #537, #52, #1626, .T. ) ;
#1685 = CARTESIAN_POINT ( 'NONE',  ( -132.0000000000000000, 0.000000000000000000, 54.10526315789473983 ) ) ;
#1686 = ORIENTED_EDGE ( 'NONE', *, *, #896, .T. ) ;
#1687 = DIRECTION ( 'NONE',  ( -0.000000000000000000, -0.000000000000000000, 1.000000000000000000 ) ) ;
#1688 = LINE ( 'NONE', #1851, #453 ) ;
#1689 = VERTEX_POINT ( 'NONE', #1109 ) ;
#1690 = FACE_BOUND ( 'NONE', #1980, .T. ) ;
#1691 = VERTEX_POINT ( 'NONE', #1134 ) ;
#1692 = CIRCLE ( 'NONE', #449, 1.700000000000000178 ) ;
#1693 = EDGE_CURVE ( 'NONE', #189, #968, #1919, .T. ) ;
#1694 = FACE_OUTER_BOUND ( 'NONE', #148, .T. ) ;
#1695 = AXIS2_PLACEMENT_3D ( 'NONE', #12, #1775, #135 ) ;
#1696 = AXIS2_PLACEMENT_3D ( 'NONE', #32, #1314, #1163 ) ;
#1697 = EDGE_CURVE ( 'NONE', #1504, #1881, #2065, .T. ) ;
#1698 = ORIENTED_EDGE ( 'NONE', *, *, #208, .T. ) ;
#1699 = DIRECTION ( 'NONE',  ( 0.000000000000000000, 0.000000000000000000, -1.000000000000000000 ) ) ;
#1700 = CC_DESIGN_APPROVAL ( #389, ( #1144 ) ) ;
#1701 = CARTESIAN_POINT ( 'NONE',  ( 6.000000000000000000, 7.347880794884119736E-16, 72.00000000000001421 ) ) ;
#1702 = EDGE_LOOP ( 'NONE', ( #1220, #1061, #571 ) ) ;
#1703 = FACE_BOUND ( 'NONE', #1126, .T. ) ;
#1704 = ORIENTED_EDGE ( 'NONE', *, *, #167, .F. ) ;
#1705 = CARTESIAN_POINT ( 'NONE',  ( -132.0000000000000000, 0.000000000000000000, 13.00000000000000000 ) ) ;
#1706 = LINE ( 'NONE', #1685, #1127 ) ;
#1707 = VERTEX_POINT ( 'NONE', #2090 ) ;
#1708 = DIRECTION ( 'NONE',  ( -1.000000000000000000, 0.000000000000000000, 0.000000000000000000 ) ) ;
#1709 = CARTESIAN_POINT ( 'NONE',  ( -132.0000000000000000, 16.45538759169885523, 39.72681989798532953 ) ) ;
#1710 = DIRECTION ( 'NONE',  ( 0.000000000000000000, 0.000000000000000000, -1.000000000000000000 ) ) ;
#1711 = ORIENTED_EDGE ( 'NONE', *, *, #1858, .T. ) ;
#1712 = ADVANCED_FACE ( 'NONE', ( #178, #1600, #348, #1472, #17, #309, #796, #1610 ), #131, .F. ) ;
#1713 = FACE_BOUND ( 'NONE', #1525, .T. ) ;
#1714 = VERTEX_POINT ( 'NONE', #2079 ) ;
#1715 = FACE_OUTER_BOUND ( 'NONE', #587, .T. ) ;
#1716 = CARTESIAN_POINT ( 'NONE',  ( -144.0000000000000284, 27.00000000000000000, 82.00000000000000000 ) ) ;
#1717 = LINE ( 'NONE', #920, #656 ) ;
#1718 = ORIENTED_EDGE ( 'NONE', *, *, #654, .F. ) ;
#1719 = CARTESIAN_POINT ( 'NONE',  ( -132.0000000000000000, 16.45538759169884813, -39.72681989798532953 ) ) ;
#1720 = PLANE ( 'NONE',  #859 ) ;
#1722 = ADVANCED_FACE ( 'NONE', ( #476 ), #1121, .F. ) ;
#1721 = EDGE_LOOP ( 'NONE', ( #545, #294 ) ) ;
#1723 = DIRECTION ( 'NONE',  ( 1.000000000000000000, 0.000000000000000000, 0.000000000000000000 ) ) ;
#1724 = EDGE_LOOP ( 'NONE', ( #647, #1760, #1597, #757 ) ) ;
#1725 = CIRCLE ( 'NONE', #202, 2.250000000000001776 ) ;
#1726 = CARTESIAN_POINT ( 'NONE',  ( -30.00000000000000000, 4.000000000000000000, 72.00000000000001421 ) ) ;
#1727 = AXIS2_PLACEMENT_3D ( 'NONE', #2052, #475, #1586 ) ;
#1728 = CARTESIAN_POINT ( 'NONE',  ( -144.0000000000000284, 39.72681989798532243, -18.70538759169886589 ) ) ;
#1729 = CIRCLE ( 'NONE', #1494, 1.700000000000000178 ) ;
#1730 = CARTESIAN_POINT ( 'NONE',  ( -144.0000000000000284, 16.45538759169884813, -41.97681989798532953 ) ) ;
#1731 = ORIENTED_EDGE ( 'NONE', *, *, #437, .F. ) ;
#1732 = CIRCLE ( 'NONE', #927, 13.00000000000000000 ) ;
#1733 = DIRECTION ( 'NONE',  ( 0.000000000000000000, 0.000000000000000000, -1.000000000000000000 ) ) ;
#1734 = CARTESIAN_POINT ( 'NONE',  ( 23.00000000000000000, 0.000000000000000000, 72.00000000000001421 ) ) ;
#1735 = DIRECTION ( 'NONE',  ( -0.000000000000000000, -0.000000000000000000, 1.000000000000000000 ) ) ;
#1736 = ORIENTED_EDGE ( 'NONE', *, *, #682, .F. ) ;
#1737 = EDGE_CURVE ( 'NONE', #439, #694, #321, .T. ) ;
#1738 = DATE_AND_TIME ( #146, #1964 ) ;
#1739 = ORIENTED_EDGE ( 'NONE', *, *, #995, .T. ) ;
#1740 = ADVANCED_FACE ( 'NONE', ( #1955 ), #1648, .F. ) ;
#1741 = DIRECTION ( 'NONE',  ( 0.000000000000000000, 0.000000000000000000, 1.000000000000000000 ) ) ;
#1742 = EDGE_CURVE ( 'NONE', #123, #399, #1966, .T. ) ;
#1743 = CARTESIAN_POINT ( 'NONE',  ( -132.0000000000000000, -16.45538759169885878, -37.47681989798532953 ) ) ;
#1744 = ORIENTED_EDGE ( 'NONE', *, *, #862, .F. ) ;
#1745 = LINE ( 'NONE', #1609, #1463 ) ;
#1746 = CALENDAR_DATE ( 2026, 24, 9 ) ;
#1747 = FACE_OUTER_BOUND ( 'NONE', #1074, .T. ) ;
#1748 = ORIENTED_EDGE ( 'NONE', *, *, #654, .T. ) ;
#1749 = CC_DESIGN_PERSON_AND_ORGANIZATION_ASSIGNMENT ( #1644, #1971, ( #763 ) ) ;
#1750 = DIRECTION ( 'NONE',  ( 0.000000000000000000, 0.000000000000000000, -1.000000000000000000 ) ) ;
#1751 = EDGE_LOOP ( 'NONE', ( #1377, #926 ) ) ;
#1752 = DIRECTION ( 'NONE',  ( 0.000000000000000000, 0.000000000000000000, -1.000000000000000000 ) ) ;
#1753 = DIRECTION ( 'NONE',  ( 1.000000000000000000, 0.000000000000000000, 0.000000000000000000 ) ) ;
#1754 = CARTESIAN_POINT ( 'NONE',  ( -86.00000000000000000, -4.000000000000000000, 72.00000000000001421 ) ) ;
#1755 = EDGE_LOOP ( 'NONE', ( #820, #1166, #289, #1265 ) ) ;
#1756 = VECTOR ( 'NONE', #1913, 1000.000000000000000 ) ;
#1757 = AXIS2_PLACEMENT_3D ( 'NONE', #1066, #434, #1381 ) ;
#1758 = EDGE_CURVE ( 'NONE', #1889, #301, #519, .T. ) ;
#1759 = CARTESIAN_POINT ( 'NONE',  ( -86.00000000000000000, 6.000000000000000000, 72.00000000000001421 ) ) ;
#1760 = ORIENTED_EDGE ( 'NONE', *, *, #2083, .T. ) ;
#1761 = CARTESIAN_POINT ( 'NONE',  ( -132.0000000000000000, 16.45538759169884813, -37.47681989798532953 ) ) ;
#1762 = AXIS2_PLACEMENT_3D ( 'NONE', #764, #126, #2050 ) ;
#1763 = VECTOR ( 'NONE', #2076, 1000.000000000000000 ) ;
#1764 = DIRECTION ( 'NONE',  ( -0.7071067811865473507, -0.7071067811865477948, -0.000000000000000000 ) ) ;
#1765 = AXIS2_PLACEMENT_3D ( 'NONE', #1945, #507, #784 ) ;
#1766 = VECTOR ( 'NONE', #78, 1000.000000000000000 ) ;
#1767 = EDGE_LOOP ( 'NONE', ( #1579, #56, #229, #842 ) ) ;
#1768 = CARTESIAN_POINT ( 'NONE',  ( 21.30000000000000071, 0.000000000000000000, 82.00000000000000000 ) ) ;
#1769 = ORIENTED_EDGE ( 'NONE', *, *, #881, .F. ) ;
#1770 = CARTESIAN_POINT ( 'NONE',  ( -144.0000000000000284, 39.72681989798532243, -14.20538759169886944 ) ) ;
#1771 = EDGE_CURVE ( 'NONE', #1632, #694, #25, .T. ) ;
#1772 = CARTESIAN_POINT ( 'NONE',  ( -17.15000000000000213, 2.100269260537711104E-15, 79.80000000000001137 ) ) ;
#1773 = CARTESIAN_POINT ( 'NONE',  ( -144.0000000000000284, 27.00000000000000000, 72.00000000000001421 ) ) ;
#1774 = ORIENTED_EDGE ( 'NONE', *, *, #2083, .F. ) ;
#1775 = DIRECTION ( 'NONE',  ( 0.7071067811865477948, 0.7071067811865473507, -0.000000000000000000 ) ) ;
#1776 = CALENDAR_DATE ( 2026, 24, 9 ) ;
#1777 = FACE_OUTER_BOUND ( 'NONE', #1164, .T. ) ;
#1778 = DIRECTION ( 'NONE',  ( 1.000000000000000000, 0.000000000000000000, 0.000000000000000000 ) ) ;
#1779 = DIRECTION ( 'NONE',  ( -1.000000000000000000, -0.000000000000000000, -0.000000000000000000 ) ) ;
#1780 = EDGE_LOOP ( 'NONE', ( #1172, #1963, #121, #18 ) ) ;
#1781 = DIRECTION ( 'NONE',  ( -1.000000000000000000, -0.000000000000000000, -0.000000000000000000 ) ) ;
#1782 = EDGE_CURVE ( 'NONE', #1000, #1360, #41, .T. ) ;
#1783 = ORIENTED_EDGE ( 'NONE', *, *, #1366, .T. ) ;
#1784 = DATE_AND_TIME ( #1803, #1437 ) ;
#1785 = CYLINDRICAL_SURFACE ( 'NONE', #718, 2.250000000000001776 ) ;
#1786 = CIRCLE ( 'NONE', #849, 2.250000000000000444 ) ;
#1787 = DIRECTION ( 'NONE',  ( 1.000000000000000000, 0.000000000000000000, 0.000000000000000000 ) ) ;
#1788 = ORIENTED_EDGE ( 'NONE', *, *, #235, .T. ) ;
#1789 = AXIS2_PLACEMENT_3D ( 'NONE', #1541, #1246, #1839 ) ;
#1790 = DIRECTION ( 'NONE',  ( 0.000000000000000000, 0.000000000000000000, -1.000000000000000000 ) ) ;
#1791 = AXIS2_PLACEMENT_3D ( 'NONE', #772, #1573, #119 ) ;
#1792 = EDGE_LOOP ( 'NONE', ( #1400, #1274 ) ) ;
#1793 = VECTOR ( 'NONE', #1438, 1000.000000000000000 ) ;
#1794 = EDGE_CURVE ( 'NONE', #423, #1320, #1530, .T. ) ;
#1795 = AXIS2_PLACEMENT_3D ( 'NONE', #582, #1224, #401 ) ;
#1796 = EDGE_CURVE ( 'NONE', #1068, #2045, #1798, .T. ) ;
#1797 = DIRECTION ( 'NONE',  ( -1.000000000000000000, -0.000000000000000000, -0.000000000000000000 ) ) ;
#1798 = LINE ( 'NONE', #1178, #352 ) ;
#1799 = ORIENTED_EDGE ( 'NONE', *, *, #1190, .T. ) ;
#1800 = CYLINDRICAL_SURFACE ( 'NONE', #923, 13.00000000000000000 ) ;
#1801 = ORIENTED_EDGE ( 'NONE', *, *, #524, .F. ) ;
#1802 = ORIENTED_EDGE ( 'NONE', *, *, #362, .F. ) ;
#1803 = CALENDAR_DATE ( 2026, 24, 9 ) ;
#1804 = FACE_BOUND ( 'NONE', #1623, .T. ) ;
#1805 = CARTESIAN_POINT ( 'NONE',  ( -132.0000000000000000, 39.72681989798532243, -16.45538759169886944 ) ) ;
#1806 = EDGE_LOOP ( 'NONE', ( #1179, #521 ) ) ;
#1807 = CARTESIAN_POINT ( 'NONE',  ( -9.799999999999993605, -19.91858428704209061, 72.00000000000001421 ) ) ;
#1808 = ORIENTED_EDGE ( 'NONE', *, *, #57, .F. ) ;
#1809 = ORIENTED_EDGE ( 'NONE', *, *, #948, .F. ) ;
#1810 = DIRECTION ( 'NONE',  ( 0.000000000000000000, 0.000000000000000000, 1.000000000000000000 ) ) ;
#1811 = ADVANCED_FACE ( 'NONE', ( #689 ), #856, .F. ) ;
#1812 = DIRECTION ( 'NONE',  ( -0.7071067811865475727, 0.7071067811865475727, 0.000000000000000000 ) ) ;
#1813 = EDGE_LOOP ( 'NONE', ( #1934, #1238, #751, #1663 ) ) ;
#1814 = DIRECTION ( 'NONE',  ( 0.000000000000000000, 0.000000000000000000, -1.000000000000000000 ) ) ;
#1815 = AXIS2_PLACEMENT_3D ( 'NONE', #1444, #1136, #1112 ) ;
#1816 = EDGE_CURVE ( 'NONE', #1908, #683, #1480, .T. ) ;
#1817 = CIRCLE ( 'NONE', #1157, 2.250000000000001776 ) ;
#1818 = ORIENTED_EDGE ( 'NONE', *, *, #881, .T. ) ;
#1819 = AXIS2_PLACEMENT_3D ( 'NONE', #428, #67, #1723 ) ;
#1820 = CIRCLE ( 'NONE', #1324, 2.250000000000001776 ) ;
#1821 = ORIENTED_EDGE ( 'NONE', *, *, #971, .F. ) ;
#1822 = PRODUCT ( 'JX1_HipYawBracket_R', 'JX1_HipYawBracket_R', '', ( #493 ) ) ;
#1823 = AXIS2_PLACEMENT_3D ( 'NONE', #1442, #954, #1309 ) ;
#1824 = APPROVAL_PERSON_ORGANIZATION ( #504, #1340, #1176 ) ;
#1825 = FACE_BOUND ( 'NONE', #1282, .T. ) ;
#1826 = DIRECTION ( 'NONE',  ( 0.000000000000000000, 0.000000000000000000, 1.000000000000000000 ) ) ;
#1827 = EDGE_LOOP ( 'NONE', ( #1869, #1748 ) ) ;
#1828 = EDGE_CURVE ( 'NONE', #115, #480, #724, .T. ) ;
#1829 = DIRECTION ( 'NONE',  ( -1.000000000000000000, -0.000000000000000000, -0.000000000000000000 ) ) ;
#1830 = FACE_OUTER_BOUND ( 'NONE', #811, .T. ) ;
#1832 = ADVANCED_FACE ( 'NONE', ( #1998 ), #1486, .F. ) ;
#1831 = ORIENTED_EDGE ( 'NONE', *, *, #344, .F. ) ;
#1833 = CARTESIAN_POINT ( 'NONE',  ( -9.799999999999993605, -19.91858428704209061, 82.00000000000000000 ) ) ;
#1834 = EDGE_LOOP ( 'NONE', ( #1821, #804, #293, #69 ) ) ;
#1835 = DIRECTION ( 'NONE',  ( -0.000000000000000000, -0.000000000000000000, -1.000000000000000000 ) ) ;
#1836 = FACE_BOUND ( 'NONE', #885, .T. ) ;
#1837 = CARTESIAN_POINT ( 'NONE',  ( -132.0000000000000000, 16.45538759169884813, -39.72681989798532953 ) ) ;
#1838 = ORIENTED_EDGE ( 'NONE', *, *, #721, .F. ) ;
#1839 = DIRECTION ( 'NONE',  ( 1.000000000000000000, 0.000000000000000000, 0.000000000000000000 ) ) ;
#1840 = PLANE ( 'NONE',  #1795 ) ;
#1841 = ORIENTED_EDGE ( 'NONE', *, *, #306, .T. ) ;
#1842 = EDGE_CURVE ( 'NONE', #155, #162, #1327, .T. ) ;
#1843 = DIRECTION ( 'NONE',  ( 0.000000000000000000, 1.000000000000000000, -0.000000000000000000 ) ) ;
#1844 = VERTEX_POINT ( 'NONE', #216 ) ;
#1845 = CARTESIAN_POINT ( 'NONE',  ( -144.0000000000000284, -39.72681989798532953, -18.70538759169885878 ) ) ;
#1846 = FACE_OUTER_BOUND ( 'NONE', #700, .T. ) ;
#1847 = CYLINDRICAL_SURFACE ( 'NONE', #992, 6.000000000000000000 ) ;
#1848 = EDGE_LOOP ( 'NONE', ( #1686, #1799 ) ) ;
#1849 = CARTESIAN_POINT ( 'NONE',  ( -144.0000000000000284, 16.45538759169885523, 39.72681989798532953 ) ) ;
#1850 = DIRECTION ( 'NONE',  ( -1.000000000000000000, -0.000000000000000000, -0.000000000000000000 ) ) ;
#1851 = CARTESIAN_POINT ( 'NONE',  ( 36.00000000000000000, 27.00000000000000000, 72.00000000000001421 ) ) ;
#1852 = VECTOR ( 'NONE', #840, 1000.000000000000000 ) ;
#1853 = EDGE_LOOP ( 'NONE', ( #1556, #74 ) ) ;
#1854 = AXIS2_PLACEMENT_3D ( 'NONE', #4, #122, #659 ) ;
#1855 = FACE_BOUND ( 'NONE', #1806, .T. ) ;
#1856 = ORIENTED_EDGE ( 'NONE', *, *, #896, .F. ) ;
#1857 = AXIS2_PLACEMENT_3D ( 'NONE', #940, #440, #1097 ) ;
#1858 = EDGE_CURVE ( 'NONE', #1082, #162, #1976, .T. ) ;
#1859 = EDGE_CURVE ( 'NONE', #1567, #1970, #144, .T. ) ;
#1860 = CIRCLE ( 'NONE', #1352, 1.700000000000000178 ) ;
#1861 = CARTESIAN_POINT ( 'NONE',  ( 18.00000000000000000, 45.00000000000000000, 72.00000000000001421 ) ) ;
#1862 = DIRECTION ( 'NONE',  ( 0.000000000000000000, 0.000000000000000000, 1.000000000000000000 ) ) ;
#1863 = AXIS2_PLACEMENT_3D ( 'NONE', #138, #174, #2 ) ;
#1864 = DIRECTION ( 'NONE',  ( -1.000000000000000000, -0.000000000000000000, -0.000000000000000000 ) ) ;
#1865 = ORIENTED_EDGE ( 'NONE', *, *, #2001, .F. ) ;
#1866 = DIRECTION ( 'NONE',  ( 1.000000000000000000, 0.000000000000000000, 0.000000000000000000 ) ) ;
#1867 = CIRCLE ( 'NONE', #1498, 2.250000000000000444 ) ;
#1868 = FACE_OUTER_BOUND ( 'NONE', #1448, .T. ) ;
#1869 = ORIENTED_EDGE ( 'NONE', *, *, #1263, .T. ) ;
#1870 = CARTESIAN_POINT ( 'NONE',  ( -144.0000000000000284, -27.00000000000000000, 82.00000000000000000 ) ) ;
#1871 = EDGE_LOOP ( 'NONE', ( #129, #1402, #1346, #251 ) ) ;
#1872 = FACE_OUTER_BOUND ( 'NONE', #778, .T. ) ;
#1873 = EDGE_CURVE ( 'NONE', #890, #579, #556, .T. ) ;
#1874 = LINE ( 'NONE', #1233, #1433 ) ;
#1875 = ORIENTED_EDGE ( 'NONE', *, *, #1580, .T. ) ;
#1876 = CARTESIAN_POINT ( 'NONE',  ( -144.0000000000000284, 39.72681989798532243, -16.45538759169886944 ) ) ;
#1877 = CARTESIAN_POINT ( 'NONE',  ( 24.69999999999999929, 2.081899558550500526E-16, 82.00000000000000000 ) ) ;
#1878 = DIRECTION ( 'NONE',  ( -0.000000000000000000, -0.000000000000000000, -1.000000000000000000 ) ) ;
#1879 = ORIENTED_EDGE ( 'NONE', *, *, #575, .T. ) ;
#1880 = CARTESIAN_POINT ( 'NONE',  ( -115.5000000000003695, 4.000000000000000000, 56.99999999999996447 ) ) ;
#1881 = VERTEX_POINT ( 'NONE', #1656 ) ;
#1882 = DIRECTION ( 'NONE',  ( 0.000000000000000000, 0.000000000000000000, 1.000000000000000000 ) ) ;
#1883 = DIRECTION ( 'NONE',  ( -0.000000000000000000, -0.000000000000000000, -1.000000000000000000 ) ) ;
#1884 = ORIENTED_EDGE ( 'NONE', *, *, #1432, .F. ) ;
#1885 = FACE_OUTER_BOUND ( 'NONE', #1612, .T. ) ;
#1886 = ADVANCED_FACE ( 'NONE', ( #44 ), #188, .F. ) ;
#1887 = EDGE_CURVE ( 'NONE', #399, #2045, #1162, .T. ) ;
#1888 = CARTESIAN_POINT ( 'NONE',  ( -132.0000000000000000, 39.72681989798532243, -18.70538759169886589 ) ) ;
#1889 = VERTEX_POINT ( 'NONE', #1027 ) ;
#1890 = EDGE_CURVE ( 'NONE', #402, #711, #1676, .T. ) ;
#1891 = ORIENTED_EDGE ( 'NONE', *, *, #1951, .T. ) ;
#1892 = EDGE_CURVE ( 'NONE', #470, #1714, #89, .T. ) ;
#1893 = AXIS2_PLACEMENT_3D ( 'NONE', #2064, #1424, #636 ) ;
#1894 = DIRECTION ( 'NONE',  ( 0.000000000000000000, 0.000000000000000000, 1.000000000000000000 ) ) ;
#1895 = AXIS2_PLACEMENT_3D ( 'NONE', #555, #714, #882 ) ;
#1896 = CYLINDRICAL_SURFACE ( 'NONE', #1863, 2.250000000000001776 ) ;
#1897 = VERTEX_POINT ( 'NONE', #1679 ) ;
#1898 = AXIS2_PLACEMENT_3D ( 'NONE', #452, #1300, #1624 ) ;
#1899 = DIRECTION ( 'NONE',  ( -0.000000000000000000, -1.000000000000000000, -0.000000000000000000 ) ) ;
#1900 = CIRCLE ( 'NONE', #891, 1.700000000000000178 ) ;
#1901 = DIRECTION ( 'NONE',  ( -1.000000000000000000, -0.000000000000000000, -0.000000000000000000 ) ) ;
#1902 = APPROVAL_ROLE ( '' ) ;
#1903 = DIRECTION ( 'NONE',  ( -0.7071067811865474617, 0.7071067811865474617, -0.000000000000000000 ) ) ;
#1904 =( GEOMETRIC_REPRESENTATION_CONTEXT ( 3 ) GLOBAL_UNCERTAINTY_ASSIGNED_CONTEXT ( ( #2075 ) ) GLOBAL_UNIT_ASSIGNED_CONTEXT ( ( #2080, #114, #1451 ) ) REPRESENTATION_CONTEXT ( 'NONE', 'WORKASPACE' ) );
#1905 = ORIENTED_EDGE ( 'NONE', *, *, #860, .F. ) ;
#1906 = CARTESIAN_POINT ( 'NONE',  ( 23.00000000000000000, 0.000000000000000000, 82.00000000000000000 ) ) ;
#1907 = LINE ( 'NONE', #793, #1763 ) ;
#1908 = VERTEX_POINT ( 'NONE', #1374 ) ;
#1909 = LINE ( 'NONE', #326, #102 ) ;
#1910 = DIRECTION ( 'NONE',  ( 0.9849570246463139611, 0.000000000000000000, 0.1727994780081253123 ) ) ;
#1911 = APPROVAL_DATE_TIME ( #1429, #389 ) ;
#1912 = ORIENTED_EDGE ( 'NONE', *, *, #57, .T. ) ;
#1913 = DIRECTION ( 'NONE',  ( -1.000000000000000000, -0.000000000000000000, -0.000000000000000000 ) ) ;
#1914 = EDGE_LOOP ( 'NONE', ( #1188, #1960, #829, #984 ) ) ;
#1915 = EDGE_CURVE ( 'NONE', #846, #1007, #426, .T. ) ;
#1916 = DIRECTION ( 'NONE',  ( 1.000000000000000000, 0.000000000000000000, 0.000000000000000000 ) ) ;
#1917 = ORIENTED_EDGE ( 'NONE', *, *, #76, .F. ) ;
#1918 = CARTESIAN_POINT ( 'NONE',  ( -126.0000000000000284, -45.00000000000000000, 82.00000000000000000 ) ) ;
#1919 = LINE ( 'NONE', #327, #247 ) ;
#1920 = ORIENTED_EDGE ( 'NONE', *, *, #48, .T. ) ;
#1921 = CARTESIAN_POINT ( 'NONE',  ( -132.0000000000000000, 16.45538759169885523, 39.72681989798532953 ) ) ;
#1922 = ORIENTED_EDGE ( 'NONE', *, *, #1200, .T. ) ;
#1923 = DIRECTION ( 'NONE',  ( -0.000000000000000000, -0.000000000000000000, -1.000000000000000000 ) ) ;
#1924 = CIRCLE ( 'NONE', #2059, 2.250000000000001776 ) ;
#1925 = DIRECTION ( 'NONE',  ( 1.000000000000000000, 0.000000000000000000, 0.000000000000000000 ) ) ;
#1926 = ORIENTED_EDGE ( 'NONE', *, *, #235, .F. ) ;
#1927 = LINE ( 'NONE', #1460, #987 ) ;
#1928 = VECTOR ( 'NONE', #116, 1000.000000000000000 ) ;
#1929 = CYLINDRICAL_SURFACE ( 'NONE', #318, 2.249999999999998668 ) ;
#1930 = CIRCLE ( 'NONE', #690, 1.700000000000000178 ) ;
#1931 = CARTESIAN_POINT ( 'NONE',  ( -132.0000000000000000, 50.00000000000000000, -50.00000000000000000 ) ) ;
#1932 = CIRCLE ( 'NONE', #658, 1.700000000000000178 ) ;
#1933 = CIRCLE ( 'NONE', #490, 1.700000000000000178 ) ;
#1934 = ORIENTED_EDGE ( 'NONE', *, *, #1243, .T. ) ;
#1935 = DIRECTION ( 'NONE',  ( 1.000000000000000000, 0.000000000000000000, 0.000000000000000000 ) ) ;
#1936 = LINE ( 'NONE', #1458, #1563 ) ;
#1937 = DIRECTION ( 'NONE',  ( 0.7071067811865473507, 0.7071067811865477948, 0.000000000000000000 ) ) ;
#1938 = EDGE_CURVE ( 'NONE', #1946, #574, #1867, .T. ) ;
#1939 = DIRECTION ( 'NONE',  ( 1.000000000000000000, 0.000000000000000000, 0.000000000000000000 ) ) ;
#1940 = ORIENTED_EDGE ( 'NONE', *, *, #588, .T. ) ;
#1941 = CARTESIAN_POINT ( 'NONE',  ( -21.30000000000000071, -2.608497682183862521E-15, 72.00000000000001421 ) ) ;
#1942 = VERTEX_POINT ( 'NONE', #901 ) ;
#1943 = PERSON_AND_ORGANIZATION_ROLE ( 'creator' ) ;
#1944 = CARTESIAN_POINT ( 'NONE',  ( 17.15000000000000213, 0.000000000000000000, 79.80000000000001137 ) ) ;
#1945 = CARTESIAN_POINT ( 'NONE',  ( -11.50000000000001066, 19.91858428704208350, 82.00000000000000000 ) ) ;
#1946 = VERTEX_POINT ( 'NONE', #228 ) ;
#1948 = EDGE_CURVE ( 'NONE', #1384, #1994, #876, .T. ) ;
#1947 = DIRECTION ( 'NONE',  ( -1.000000000000000000, -0.000000000000000000, -0.000000000000000000 ) ) ;
#1949 = APPROVAL_ROLE ( '' ) ;
#1951 = EDGE_CURVE ( 'NONE', #1384, #1844, #1533, .T. ) ;
#1950 = ORIENTED_EDGE ( 'NONE', *, *, #38, .T. ) ;
#1952 = ADVANCED_FACE ( 'NONE', ( #1830 ), #1383, .F. ) ;
#1953 = LINE ( 'NONE', #826, #1050 ) ;
#1954 = VECTOR ( 'NONE', #1338, 1000.000000000000000 ) ;
#1955 = FACE_OUTER_BOUND ( 'NONE', #1724, .T. ) ;
#1956 = ORIENTED_EDGE ( 'NONE', *, *, #801, .F. ) ;
#1957 = AXIS2_PLACEMENT_3D ( 'NONE', #1301, #1087, #1733 ) ;
#1958 = PLANE ( 'NONE',  #204 ) ;
#1959 = CIRCLE ( 'NONE', #1158, 2.250000000000000444 ) ;
#1960 = ORIENTED_EDGE ( 'NONE', *, *, #2086, .T. ) ;
#1961 = VECTOR ( 'NONE', #1035, 1000.000000000000000 ) ;
#1962 = VECTOR ( 'NONE', #1640, 1000.000000000000000 ) ;
#1963 = ORIENTED_EDGE ( 'NONE', *, *, #1796, .T. ) ;
#1964 = LOCAL_TIME ( 11, 7, 38.00000000000000000, #1601 ) ;
#1965 = CARTESIAN_POINT ( 'NONE',  ( -132.0000000000000000, -39.00000000000002132, 82.00000000000000000 ) ) ;
#1966 = LINE ( 'NONE', #1501, #1497 ) ;
#1967 = EDGE_LOOP ( 'NONE', ( #1201, #96, #256, #664 ) ) ;
#1968 = CARTESIAN_POINT ( 'NONE',  ( 0.000000000000000000, -4.000000000000000000, 56.99999999999999289 ) ) ;
#1969 = ORIENTED_EDGE ( 'NONE', *, *, #1981, .F. ) ;
#1970 = VERTEX_POINT ( 'NONE', #1521 ) ;
#1971 = PERSON_AND_ORGANIZATION_ROLE ( 'design_supplier' ) ;
#1972 = EDGE_CURVE ( 'NONE', #850, #500, #1067, .T. ) ;
#1973 = CYLINDRICAL_SURFACE ( 'NONE', #1160, 17.15000000000000213 ) ;
#1974 = FACE_BOUND ( 'NONE', #1278, .T. ) ;
#1975 = EDGE_CURVE ( 'NONE', #1627, #1092, #2022, .T. ) ;
#1976 = LINE ( 'NONE', #1345, #1059 ) ;
#1977 = EDGE_LOOP ( 'NONE', ( #662, #1551 ) ) ;
#1978 = CARTESIAN_POINT ( 'NONE',  ( -144.0000000000000284, 16.45538759169884813, -39.72681989798532953 ) ) ;
#1979 = ORIENTED_EDGE ( 'NONE', *, *, #80, .F. ) ;
#1980 = EDGE_LOOP ( 'NONE', ( #1615, #879 ) ) ;
#1981 = EDGE_CURVE ( 'NONE', #1365, #1004, #628, .T. ) ;
#1982 = DIRECTION ( 'NONE',  ( 1.000000000000000000, 0.000000000000000000, 0.000000000000000000 ) ) ;
#1983 = FACE_BOUND ( 'NONE', #800, .T. ) ;
#1984 = DIRECTION ( 'NONE',  ( -0.000000000000000000, -0.000000000000000000, 1.000000000000000000 ) ) ;
#1985 = ORIENTED_EDGE ( 'NONE', *, *, #860, .T. ) ;
#1986 = DIRECTION ( 'NONE',  ( 1.000000000000000000, 0.000000000000000000, 0.000000000000000000 ) ) ;
#1987 = VECTOR ( 'NONE', #339, 1000.000000000000000 ) ;
#1988 = ADVANCED_FACE ( 'NONE', ( #743 ), #1720, .F. ) ;
#1989 = CARTESIAN_POINT ( 'NONE',  ( 6.000000000000000000, 7.347880794884119736E-16, 82.00000000000000000 ) ) ;
#1990 = AXIS2_PLACEMENT_3D ( 'NONE', #1876, #1029, #252 ) ;
#1991 = EDGE_LOOP ( 'NONE', ( #1225, #408 ) ) ;
#1992 = CIRCLE ( 'NONE', #1857, 1.700000000000000178 ) ;
#1993 = AXIS2_PLACEMENT_3D ( 'NONE', #73, #1574, #728 ) ;
#1994 = VERTEX_POINT ( 'NONE', #1701 ) ;
#1995 = AXIS2_PLACEMENT_3D ( 'NONE', #77, #1543, #1398 ) ;
#1996 = AXIS2_PLACEMENT_3D ( 'NONE', #838, #1826, #385 ) ;
#1997 = CARTESIAN_POINT ( 'NONE',  ( 23.00000000000000000, 0.000000000000000000, 82.00000000000000000 ) ) ;
#1998 = FACE_OUTER_BOUND ( 'NONE', #723, .T. ) ;
#1999 = ORIENTED_EDGE ( 'NONE', *, *, #588, .F. ) ;
#2000 = CYLINDRICAL_SURFACE ( 'NONE', #136, 1.700000000000000178 ) ;
#2001 = EDGE_CURVE ( 'NONE', #2051, #1070, #1030, .T. ) ;
#2002 = CARTESIAN_POINT ( 'NONE',  ( -132.0000000000000000, 39.72681989798532953, 14.20538759169884813 ) ) ;
#2003 = ORIENTED_EDGE ( 'NONE', *, *, #2073, .F. ) ;
#2004 = DIRECTION ( 'NONE',  ( -1.000000000000000000, -0.000000000000000000, -0.000000000000000000 ) ) ;
#2005 = VERTEX_POINT ( 'NONE', #54 ) ;
#2006 = FACE_BOUND ( 'NONE', #1827, .T. ) ;
#2007 = CARTESIAN_POINT ( 'NONE',  ( -132.0000000000000000, -39.00000000000002132, 72.00000000000001421 ) ) ;
#2008 = ORIENTED_EDGE ( 'NONE', *, *, #1915, .F. ) ;
#2009 = DIRECTION ( 'NONE',  ( 0.000000000000000000, 0.000000000000000000, -1.000000000000000000 ) ) ;
#2010 = FACE_OUTER_BOUND ( 'NONE', #1496, .T. ) ;
#2011 = DIRECTION ( 'NONE',  ( 0.000000000000000000, -0.000000000000000000, -1.000000000000000000 ) ) ;
#2012 = ADVANCED_FACE ( 'NONE', ( #63 ), #1840, .F. ) ;
#2013 = ORIENTED_EDGE ( 'NONE', *, *, #1272, .F. ) ;
#2014 = CARTESIAN_POINT ( 'NONE',  ( -144.0000000000000284, 4.000000000000000000, 52.00000000000000000 ) ) ;
#2015 = EDGE_CURVE ( 'NONE', #937, #2034, #1688, .T. ) ;
#2016 = ORIENTED_EDGE ( 'NONE', *, *, #20, .F. ) ;
#2017 = CARTESIAN_POINT ( 'NONE',  ( -132.0000000000000000, 39.00000000000002132, 72.00000000000001421 ) ) ;
#2018 = DIRECTION ( 'NONE',  ( 0.000000000000000000, 0.000000000000000000, 1.000000000000000000 ) ) ;
#2019 = ORIENTED_EDGE ( 'NONE', *, *, #522, .F. ) ;
#2020 = DIRECTION ( 'NONE',  ( -1.000000000000000000, -0.000000000000000000, -0.000000000000000000 ) ) ;
#2021 = CARTESIAN_POINT ( 'NONE',  ( -144.0000000000000284, 6.000000000000000000, 56.99999999999999289 ) ) ;
#2022 = LINE ( 'NONE', #2002, #1362 ) ;
#2023 = VECTOR ( 'NONE', #197, 1000.000000000000000 ) ;
#2024 = ORIENTED_EDGE ( 'NONE', *, *, #837, .F. ) ;
#2025 = VECTOR ( 'NONE', #1829, 1000.000000000000000 ) ;
#2026 = CARTESIAN_POINT ( 'NONE',  ( 18.00000000000000000, 45.00000000000000000, 82.00000000000000000 ) ) ;
#2027 = EDGE_LOOP ( 'NONE', ( #717, #360, #527, #1802 ) ) ;
#2028 = AXIS2_PLACEMENT_3D ( 'NONE', #1378, #727, #1683 ) ;
#2029 = CIRCLE ( 'NONE', #1993, 6.000000000000000000 ) ;
#2030 = CARTESIAN_POINT ( 'NONE',  ( -144.0000000000000284, -39.72681989798532953, -14.20538759169886411 ) ) ;
#2031 = CARTESIAN_POINT ( 'NONE',  ( -144.0000000000000284, -4.000000000000000000, 52.00000000000000000 ) ) ;
#2032 = AXIS2_PLACEMENT_3D ( 'NONE', #425, #264, #911 ) ;
#2033 = DIRECTION ( 'NONE',  ( 1.000000000000000000, -0.000000000000000000, -0.000000000000000000 ) ) ;
#2034 = VERTEX_POINT ( 'NONE', #889 ) ;
#2035 = DIRECTION ( 'NONE',  ( 0.000000000000000000, -0.000000000000000000, -1.000000000000000000 ) ) ;
#2036 = PLANE ( 'NONE',  #1397 ) ;
#2037 = CARTESIAN_POINT ( 'NONE',  ( -144.0000000000000284, 1.592040838891559095E-15, -13.00000000000000000 ) ) ;
#2038 = ORIENTED_EDGE ( 'NONE', *, *, #194, .F. ) ;
#2039 = DIRECTION ( 'NONE',  ( -0.000000000000000000, -0.000000000000000000, -1.000000000000000000 ) ) ;
#2040 = ORIENTED_EDGE ( 'NONE', *, *, #1693, .F. ) ;
#2041 = ADVANCED_FACE ( 'NONE', ( #1868 ), #1534, .F. ) ;
#2042 = DIRECTION ( 'NONE',  ( 0.000000000000000000, 1.000000000000000000, 0.000000000000000000 ) ) ;
#2043 = PLANE ( 'NONE',  #1295 ) ;
#2044 = EDGE_CURVE ( 'NONE', #850, #848, #912, .T. ) ;
#2045 = VERTEX_POINT ( 'NONE', #755 ) ;
#2046 = CARTESIAN_POINT ( 'NONE',  ( -21.30000000000000071, -2.608497682183862521E-15, 82.00000000000000000 ) ) ;
#2047 = CYLINDRICAL_SURFACE ( 'NONE', #1296, 2.250000000000001776 ) ;
#2048 = ORIENTED_EDGE ( 'NONE', *, *, #774, .T. ) ;
#2049 = VERTEX_POINT ( 'NONE', #2037 ) ;
#2050 = DIRECTION ( 'NONE',  ( 0.000000000000000000, 0.000000000000000000, -1.000000000000000000 ) ) ;
#2051 = VERTEX_POINT ( 'NONE', #457 ) ;
#2052 = CARTESIAN_POINT ( 'NONE',  ( -132.0000000000000000, 39.72681989798532953, 16.45538759169884813 ) ) ;
#2053 = DIRECTION ( 'NONE',  ( 1.000000000000000000, 0.000000000000000000, 0.000000000000000000 ) ) ;
#2054 = PERSON_AND_ORGANIZATION ( #1670, #70 ) ;
#2055 = ORIENTED_EDGE ( 'NONE', *, *, #194, .T. ) ;
#2056 = CARTESIAN_POINT ( 'NONE',  ( -132.0000000000000000, -39.72681989798532953, 16.45538759169885878 ) ) ;
#2057 = ORIENTED_EDGE ( 'NONE', *, *, #1697, .T. ) ;
#2058 = CIRCLE ( 'NONE', #1047, 2.250000000000001776 ) ;
#2059 = AXIS2_PLACEMENT_3D ( 'NONE', #1849, #741, #2009 ) ;
#2060 = DIRECTION ( 'NONE',  ( -1.000000000000000000, -0.000000000000000000, -0.000000000000000000 ) ) ;
#2061 = CIRCLE ( 'NONE', #1819, 1.700000000000000178 ) ;
#2062 = ORIENTED_EDGE ( 'NONE', *, *, #823, .T. ) ;
#2063 = VECTOR ( 'NONE', #961, 1000.000000000000000 ) ;
#2064 = CARTESIAN_POINT ( 'NONE',  ( 36.00000000000000000, 27.00000000000000000, 82.00000000000000000 ) ) ;
#2065 = CIRCLE ( 'NONE', #825, 2.250000000000000444 ) ;
#2066 = DIRECTION ( 'NONE',  ( -0.1727994780081253123, 0.000000000000000000, 0.9849570246463139611 ) ) ;
#2067 = CARTESIAN_POINT ( 'NONE',  ( -126.0000000000000284, -45.00000000000000000, 72.00000000000001421 ) ) ;
#2068 = ORIENTED_EDGE ( 'NONE', *, *, #1771, .F. ) ;
#2070 = ADVANCED_FACE ( 'NONE', ( #154 ), #1281, .F. ) ;
#2069 = CARTESIAN_POINT ( 'NONE',  ( -132.0000000000000000, -16.45538759169886589, 39.72681989798532953 ) ) ;
#2071 = CC_DESIGN_SECURITY_CLASSIFICATION ( #1500, ( #763 ) ) ;
#2073 = EDGE_CURVE ( 'NONE', #1657, #1641, #1637, .T. ) ;
#2072 = VERTEX_POINT ( 'NONE', #2067 ) ;
#2074 = CYLINDRICAL_SURFACE ( 'NONE', #1018, 1.700000000000000178 ) ;
#2075 = UNCERTAINTY_MEASURE_WITH_UNIT (LENGTH_MEASURE( 1.000000000000000082E-05 ), #2080, 'distance_accuracy_value', 'NONE');
#2076 = DIRECTION ( 'NONE',  ( 1.000000000000000000, -0.000000000000000000, -0.000000000000000000 ) ) ;
#2077 = ORIENTED_EDGE ( 'NONE', *, *, #1080, .T. ) ;
#2078 = FACE_OUTER_BOUND ( 'NONE', #736, .T. ) ;
#2079 = CARTESIAN_POINT ( 'NONE',  ( -132.0000000000000000, -50.00000000000000000, 82.00000000000000000 ) ) ;
#2080 =( LENGTH_UNIT ( ) NAMED_UNIT ( * ) SI_UNIT ( .MILLI., .METRE. ) );
#2081 = DIRECTION ( 'NONE',  ( 1.000000000000000000, 0.000000000000000000, 0.000000000000000000 ) ) ;
#2082 = ADVANCED_FACE ( 'NONE', ( #1270 ), #1135, .F. ) ;
#2083 = EDGE_CURVE ( 'NONE', #1420, #1423, #1110, .T. ) ;
#2084 = ORIENTED_EDGE ( 'NONE', *, *, #168, .T. ) ;
#2085 = PLANE ( 'NONE',  #1695 ) ;
#2086 = EDGE_CURVE ( 'NONE', #794, #553, #1933, .T. ) ;
#2087 = CYLINDRICAL_SURFACE ( 'NONE', #1186, 6.000000000000000000 ) ;
#2088 = ORIENTED_EDGE ( 'NONE', *, *, #1455, .F. ) ;
#2089 = LINE ( 'NONE', #1441, #541 ) ;
#2090 = CARTESIAN_POINT ( 'NONE',  ( 36.00000000000000000, 27.00000000000000000, 82.00000000000000000 ) ) ;
#2091 = ORIENTED_EDGE ( 'NONE', *, *, #543, .T. ) ;
#2092 = ORIENTED_EDGE ( 'NONE', *, *, #2044, .T. ) ;
#2093 = ORIENTED_EDGE ( 'NONE', *, *, #1671, .T. ) ;
#2094 = CARTESIAN_POINT ( 'NONE',  ( 9.800000000000000711, -19.91858428704208706, 72.00000000000001421 ) ) ;
#2095 = EDGE_CURVE ( 'NONE', #79, #1653, #1566, .T. ) ;
ENDSEC;
END-ISO-10303-21;
