ISO-10303-21;
HEADER;
FILE_DESCRIPTION (( 'STEP AP203' ),
    '1' );
FILE_NAME ('JX1_UpperArm_R.STEP',
    '2026-09-24T05:40:03',
    ( '' ),
    ( '' ),
    'SwSTEP 2.0',
    'SolidWorks 2026',
    '' );
FILE_SCHEMA (( 'CONFIG_CONTROL_DESIGN' ));
ENDSEC;

DATA;
#1 = VERTEX_POINT ( 'NONE', #1411 ) ;
#2 = LINE ( 'NONE', #966, #36 ) ;
#3 = CARTESIAN_POINT ( 'NONE',  ( 6.300000000000001599, -13.85640646055101755, 0.000000000000000000 ) ) ;
#4 = EDGE_CURVE ( 'NONE', #1504, #1146, #565, .T. ) ;
#5 = DIRECTION ( 'NONE',  ( -0.000000000000000000, -0.000000000000000000, -1.000000000000000000 ) ) ;
#6 = VERTEX_POINT ( 'NONE', #574 ) ;
#7 = ORIENTED_EDGE ( 'NONE', *, *, #299, .F. ) ;
#8 = AXIS2_PLACEMENT_3D ( 'NONE', #875, #47, #393 ) ;
#9 = CARTESIAN_POINT ( 'NONE',  ( -6.299999999999996270, -13.85640646055101932, 0.000000000000000000 ) ) ;
#10 = ORIENTED_EDGE ( 'NONE', *, *, #967, .F. ) ;
#11 = AXIS2_PLACEMENT_3D ( 'NONE', #1493, #19, #257 ) ;
#12 = DIRECTION ( 'NONE',  ( 0.000000000000000000, 0.000000000000000000, 1.000000000000000000 ) ) ;
#13 = CARTESIAN_POINT ( 'NONE',  ( -25.00000000000000000, -25.00000000000000000, -8.000000000000000000 ) ) ;
#14 = PLANE ( 'NONE',  #1368 ) ;
#15 = ORIENTED_EDGE ( 'NONE', *, *, #273, .F. ) ;
#16 = FACE_OUTER_BOUND ( 'NONE', #339, .T. ) ;
#17 = ORIENTED_EDGE ( 'NONE', *, *, #1204, .F. ) ;
#18 = ADVANCED_FACE ( 'NONE', ( #1302 ), #905, .F. ) ;
#19 = DIRECTION ( 'NONE',  ( 0.000000000000000000, 0.000000000000000000, 1.000000000000000000 ) ) ;
#20 = CARTESIAN_POINT ( 'NONE',  ( -16.26345596729059650, 35.50000000000000000, -113.7365440327094177 ) ) ;
#21 = FACE_OUTER_BOUND ( 'NONE', #1397, .T. ) ;
#22 = EDGE_LOOP ( 'NONE', ( #424, #168, #1384, #1571 ) ) ;
#23 = CARTESIAN_POINT ( 'NONE',  ( -18.50000000000000355, 25.50000000000000000, -84.15760869565220048 ) ) ;
#24 = ORIENTED_EDGE ( 'NONE', *, *, #1506, .T. ) ;
#25 = DIRECTION ( 'NONE',  ( 0.000000000000000000, 0.000000000000000000, 1.000000000000000000 ) ) ;
#26 = ORIENTED_EDGE ( 'NONE', *, *, #48, .F. ) ;
#27 = DIRECTION ( 'NONE',  ( -1.000000000000000000, 0.000000000000000000, -0.000000000000000000 ) ) ;
#28 = FACE_BOUND ( 'NONE', #38, .T. ) ;
#29 = EDGE_CURVE ( 'NONE', #1182, #1177, #1275, .T. ) ;
#30 = ORIENTED_EDGE ( 'NONE', *, *, #1243, .T. ) ;
#31 = CARTESIAN_POINT ( 'NONE',  ( 4.000000000000000000, 4.898587196589412829E-16, 0.000000000000000000 ) ) ;
#32 = ORIENTED_EDGE ( 'NONE', *, *, #121, .F. ) ;
#33 = VECTOR ( 'NONE', #784, 1000.000000000000000 ) ;
#34 = ORIENTED_EDGE ( 'NONE', *, *, #265, .T. ) ;
#35 = DIRECTION ( 'NONE',  ( -0.000000000000000000, -0.000000000000000000, -1.000000000000000000 ) ) ;
#36 = VECTOR ( 'NONE', #1471, 1000.000000000000000 ) ;
#37 = EDGE_CURVE ( 'NONE', #398, #49, #704, .T. ) ;
#38 = EDGE_LOOP ( 'NONE', ( #470, #932 ) ) ;
#39 = EDGE_LOOP ( 'NONE', ( #1405, #1501 ) ) ;
#40 = VERTEX_POINT ( 'NONE', #675 ) ;
#41 = DIRECTION ( 'NONE',  ( 0.000000000000000000, 0.000000000000000000, 1.000000000000000000 ) ) ;
#42 = PERSON_AND_ORGANIZATION_ROLE ( 'design_supplier' ) ;
#43 = EDGE_LOOP ( 'NONE', ( #1454, #540, #972, #328, #999 ) ) ;
#44 = EDGE_CURVE ( 'NONE', #64, #1258, #223, .T. ) ;
#45 = DIRECTION ( 'NONE',  ( 0.000000000000000000, 1.000000000000000000, -0.000000000000000000 ) ) ;
#46 = ORIENTED_EDGE ( 'NONE', *, *, #1052, .F. ) ;
#47 = DIRECTION ( 'NONE',  ( -0.000000000000000000, -1.000000000000000000, -0.000000000000000000 ) ) ;
#48 = EDGE_CURVE ( 'NONE', #66, #1356, #1198, .T. ) ;
#49 = VERTEX_POINT ( 'NONE', #1292 ) ;
#50 = DIRECTION ( 'NONE',  ( 1.000000000000000000, 0.000000000000000000, 0.000000000000000000 ) ) ;
#51 = PLANE ( 'NONE',  #1076 ) ;
#52 = ORIENTED_EDGE ( 'NONE', *, *, #532, .F. ) ;
#53 = PLANE ( 'NONE',  #1073 ) ;
#54 = AXIS2_PLACEMENT_3D ( 'NONE', #115, #976, #1089 ) ;
#55 = VERTEX_POINT ( 'NONE', #937 ) ;
#56 = CARTESIAN_POINT ( 'NONE',  ( 25.00000000000000000, 35.50000000000000000, -8.000000000000000000 ) ) ;
#57 = VECTOR ( 'NONE', #120, 1000.000000000000000 ) ;
#58 = DIRECTION ( 'NONE',  ( 0.000000000000000000, 1.000000000000000000, 0.000000000000000000 ) ) ;
#59 = ORIENTED_EDGE ( 'NONE', *, *, #1256, .F. ) ;
#60 = EDGE_LOOP ( 'NONE', ( #1034, #1194 ) ) ;
#61 = CARTESIAN_POINT ( 'NONE',  ( 16.26345596729059295, 35.50000000000000000, -147.9634559672905993 ) ) ;
#62 = CARTESIAN_POINT ( 'NONE',  ( 30.00000000000000000, 35.50000000000000000, -160.0000000000000000 ) ) ;
#63 = PERSON_AND_ORGANIZATION_ROLE ( 'design_owner' ) ;
#64 = VERTEX_POINT ( 'NONE', #556 ) ;
#65 = FACE_BOUND ( 'NONE', #536, .T. ) ;
#66 = VERTEX_POINT ( 'NONE', #926 ) ;
#67 = EDGE_CURVE ( 'NONE', #1258, #752, #1432, .T. ) ;
#68 = CARTESIAN_POINT ( 'NONE',  ( -16.26345596729058940, 35.50000000000000000, -146.2634559672905823 ) ) ;
#69 = DIRECTION ( 'NONE',  ( -0.000000000000000000, -1.000000000000000000, -0.000000000000000000 ) ) ;
#70 = DIRECTION ( 'NONE',  ( -0.000000000000000000, -1.000000000000000000, -0.000000000000000000 ) ) ;
#71 = DIRECTION ( 'NONE',  ( 0.000000000000000000, 0.000000000000000000, 1.000000000000000000 ) ) ;
#72 = ORIENTED_EDGE ( 'NONE', *, *, #1068, .T. ) ;
#73 = DIRECTION ( 'NONE',  ( -0.000000000000000000, -0.000000000000000000, -1.000000000000000000 ) ) ;
#74 = CARTESIAN_POINT ( 'NONE',  ( 0.000000000000000000, 0.000000000000000000, 0.000000000000000000 ) ) ;
#75 = CIRCLE ( 'NONE', #1101, 1.700000000000000178 ) ;
#76 = ORIENTED_EDGE ( 'NONE', *, *, #1430, .F. ) ;
#77 = AXIS2_PLACEMENT_3D ( 'NONE', #262, #375, #851 ) ;
#78 = DIRECTION ( 'NONE',  ( 0.000000000000000000, 1.000000000000000000, 0.000000000000000000 ) ) ;
#79 = ADVANCED_FACE ( 'NONE', ( #1558 ), #1315, .F. ) ;
#80 = CIRCLE ( 'NONE', #11, 1.700000000000000178 ) ;
#81 = AXIS2_PLACEMENT_3D ( 'NONE', #410, #545, #1161 ) ;
#82 = LINE ( 'NONE', #427, #555 ) ;
#83 = VECTOR ( 'NONE', #1528, 1000.000000000000000 ) ;
#84 = FACE_OUTER_BOUND ( 'NONE', #552, .T. ) ;
#85 = CALENDAR_DATE ( 2026, 24, 9 ) ;
#86 = VERTEX_POINT ( 'NONE', #707 ) ;
#87 = DIRECTION ( 'NONE',  ( -1.000000000000000000, 0.000000000000000000, 0.000000000000000000 ) ) ;
#88 = FACE_BOUND ( 'NONE', #60, .T. ) ;
#89 = DIRECTION ( 'NONE',  ( 0.000000000000000000, 0.5104105650098257341, -0.8599308432230760024 ) ) ;
#90 = ADVANCED_FACE ( 'NONE', ( #1346 ), #490, .F. ) ;
#91 = CARTESIAN_POINT ( 'NONE',  ( 12.15000000000000036, 0.000000000000000000, -2.200000000000000178 ) ) ;
#92 = LINE ( 'NONE', #1553, #842 ) ;
#93 = EDGE_CURVE ( 'NONE', #1350, #1515, #237, .T. ) ;
#94 = CYLINDRICAL_SURFACE ( 'NONE', #352, 1.700000000000000178 ) ;
#95 = ORIENTED_EDGE ( 'NONE', *, *, #644, .T. ) ;
#96 = LINE ( 'NONE', #572, #531 ) ;
#97 = VERTEX_POINT ( 'NONE', #1329 ) ;
#98 = CARTESIAN_POINT ( 'NONE',  ( -16.00000000000000000, -1.959434878635765131E-15, -8.000000000000000000 ) ) ;
#99 = EDGE_CURVE ( 'NONE', #345, #1409, #1456, .T. ) ;
#100 = LOCAL_TIME ( 11, 10, 3.000000000000000000, #1164 ) ;
#101 = DIRECTION ( 'NONE',  ( -0.000000000000000000, -0.000000000000000000, -1.000000000000000000 ) ) ;
#102 = VERTEX_POINT ( 'NONE', #350 ) ;
#103 = CARTESIAN_POINT ( 'NONE',  ( -9.700000000000006395, 13.85640646055101577, -8.000000000000000000 ) ) ;
#104 = AXIS2_PLACEMENT_3D ( 'NONE', #1540, #208, #1551 ) ;
#105 = DIRECTION ( 'NONE',  ( -0.000000000000000000, 0.000000000000000000, -1.000000000000000000 ) ) ;
#106 = LINE ( 'NONE', #209, #285 ) ;
#107 = AXIS2_PLACEMENT_3D ( 'NONE', #719, #1215, #122 ) ;
#108 = LINE ( 'NONE', #588, #759 ) ;
#109 = ORIENTED_EDGE ( 'NONE', *, *, #217, .F. ) ;
#110 = CIRCLE ( 'NONE', #307, 1.700000000000000178 ) ;
#111 = DIRECTION ( 'NONE',  ( 0.000000000000000000, 0.000000000000000000, 1.000000000000000000 ) ) ;
#112 = EDGE_CURVE ( 'NONE', #1, #506, #250, .T. ) ;
#113 = CARTESIAN_POINT ( 'NONE',  ( 0.000000000000000000, 0.000000000000000000, -2.200000000000000178 ) ) ;
#114 = PLANE ( 'NONE',  #1314 ) ;
#115 = CARTESIAN_POINT ( 'NONE',  ( 16.00000000000000000, 0.000000000000000000, 0.000000000000000000 ) ) ;
#116 = ORIENTED_EDGE ( 'NONE', *, *, #1061, .F. ) ;
#117 = EDGE_CURVE ( 'NONE', #1283, #632, #591, .T. ) ;
#118 = CARTESIAN_POINT ( 'NONE',  ( -8.000000000000007105, 13.85640646055101577, 0.000000000000000000 ) ) ;
#119 = DIRECTION ( 'NONE',  ( 1.000000000000000000, 0.000000000000000000, 0.000000000000000000 ) ) ;
#120 = DIRECTION ( 'NONE',  ( -0.000000000000000000, -0.000000000000000000, -1.000000000000000000 ) ) ;
#121 = EDGE_CURVE ( 'NONE', #1129, #1288, #982, .T. ) ;
#122 = DIRECTION ( 'NONE',  ( 1.000000000000000000, 0.000000000000000000, 0.000000000000000000 ) ) ;
#123 = ORIENTED_EDGE ( 'NONE', *, *, #881, .T. ) ;
#124 = CARTESIAN_POINT ( 'NONE',  ( -30.00000000000000000, 25.50000000000000000, -8.000000000000000000 ) ) ;
#125 = CARTESIAN_POINT ( 'NONE',  ( -8.000000000000007105, 13.85640646055101577, -8.000000000000000000 ) ) ;
#126 = CARTESIAN_POINT ( 'NONE',  ( -9.699999999999997513, -13.85640646055101932, -8.000000000000000000 ) ) ;
#127 = AXIS2_PLACEMENT_3D ( 'NONE', #472, #969, #459 ) ;
#128 = CARTESIAN_POINT ( 'NONE',  ( -16.26345596729059650, 35.50000000000000000, -115.4365440327094205 ) ) ;
#129 = ORIENTED_EDGE ( 'NONE', *, *, #717, .F. ) ;
#130 = CIRCLE ( 'NONE', #333, 1.700000000000000178 ) ;
#131 = CARTESIAN_POINT ( 'NONE',  ( 0.000000000000000000, 25.50000000000000000, -84.15760869565220048 ) ) ;
#132 = VECTOR ( 'NONE', #567, 1000.000000000000000 ) ;
#133 = VECTOR ( 'NONE', #804, 1000.000000000000000 ) ;
#134 = CARTESIAN_POINT ( 'NONE',  ( -30.00000000000000000, 35.50000000000000000, -8.000000000000000000 ) ) ;
#135 = DIRECTION ( 'NONE',  ( 0.000000000000000000, 0.000000000000000000, 1.000000000000000000 ) ) ;
#136 = ORIENTED_EDGE ( 'NONE', *, *, #389, .F. ) ;
#137 = LINE ( 'NONE', #744, #812 ) ;
#138 = ORIENTED_EDGE ( 'NONE', *, *, #1250, .T. ) ;
#139 = EDGE_CURVE ( 'NONE', #1242, #874, #715, .T. ) ;
#140 = DIRECTION ( 'NONE',  ( -0.000000000000000000, -0.000000000000000000, -1.000000000000000000 ) ) ;
#141 = CARTESIAN_POINT ( 'NONE',  ( 8.000000000000001776, 13.85640646055101755, 0.000000000000000000 ) ) ;
#142 = PLANE ( 'NONE',  #1545 ) ;
#143 = ORIENTED_EDGE ( 'NONE', *, *, #1052, .T. ) ;
#144 = DIRECTION ( 'NONE',  ( -0.000000000000000000, -0.000000000000000000, -1.000000000000000000 ) ) ;
#145 = ORIENTED_EDGE ( 'NONE', *, *, #695, .F. ) ;
#146 = CARTESIAN_POINT ( 'NONE',  ( 16.26345596729059295, 25.50000000000000000, -146.2634559672905823 ) ) ;
#147 = VERTEX_POINT ( 'NONE', #861 ) ;
#148 = FACE_BOUND ( 'NONE', #1153, .T. ) ;
#149 =( NAMED_UNIT ( * ) PLANE_ANGLE_UNIT ( ) SI_UNIT ( $, .RADIAN. ) );
#150 = ORIENTED_EDGE ( 'NONE', *, *, #197, .T. ) ;
#151 = DIRECTION ( 'NONE',  ( -0.000000000000000000, -0.000000000000000000, -1.000000000000000000 ) ) ;
#152 = VECTOR ( 'NONE', #89, 1000.000000000000114 ) ;
#153 = ORIENTED_EDGE ( 'NONE', *, *, #1212, .T. ) ;
#154 = AXIS2_PLACEMENT_3D ( 'NONE', #1082, #317, #1188 ) ;
#155 = VERTEX_POINT ( 'NONE', #359 ) ;
#156 = VECTOR ( 'NONE', #1075, 1000.000000000000000 ) ;
#157 = CARTESIAN_POINT ( 'NONE',  ( 0.000000000000000000, 0.000000000000000000, -2.200000000000000178 ) ) ;
#158 = EDGE_CURVE ( 'NONE', #502, #173, #550, .T. ) ;
#159 = FACE_OUTER_BOUND ( 'NONE', #773, .T. ) ;
#160 = AXIS2_PLACEMENT_3D ( 'NONE', #1576, #1559, #1340 ) ;
#161 = EDGE_LOOP ( 'NONE', ( #857, #1190 ) ) ;
#162 = CARTESIAN_POINT ( 'NONE',  ( -16.26345596729058940, 25.50000000000000000, -146.2634559672905823 ) ) ;
#163 = ORIENTED_EDGE ( 'NONE', *, *, #581, .T. ) ;
#164 = ADVANCED_FACE ( 'NONE', ( #1488 ), #729, .F. ) ;
#165 = DIRECTION ( 'NONE',  ( 0.000000000000000000, -0.000000000000000000, 1.000000000000000000 ) ) ;
#166 = DATE_AND_TIME ( #1264, #576 ) ;
#167 = EDGE_CURVE ( 'NONE', #1284, #1350, #75, .T. ) ;
#168 = ORIENTED_EDGE ( 'NONE', *, *, #177, .T. ) ;
#169 = DIRECTION ( 'NONE',  ( 1.000000000000000000, 0.000000000000000000, 0.000000000000000000 ) ) ;
#170 = DIRECTION ( 'NONE',  ( 0.000000000000000000, 0.000000000000000000, -1.000000000000000000 ) ) ;
#171 = EDGE_LOOP ( 'NONE', ( #413, #364, #24, #1429 ) ) ;
#172 = DIRECTION ( 'NONE',  ( -0.000000000000000000, -0.000000000000000000, -1.000000000000000000 ) ) ;
#173 = VERTEX_POINT ( 'NONE', #595 ) ;
#174 = CARTESIAN_POINT ( 'NONE',  ( -16.26345596729059650, 25.50000000000000000, -115.4365440327094205 ) ) ;
#175 = CC_DESIGN_PERSON_AND_ORGANIZATION_ASSIGNMENT ( #518, #1535, ( #1435 ) ) ;
#176 = CARTESIAN_POINT ( 'NONE',  ( 25.00000000000000000, -25.00000000000000000, -8.000000000000000000 ) ) ;
#177 = EDGE_CURVE ( 'NONE', #386, #693, #582, .T. ) ;
#178 = ORIENTED_EDGE ( 'NONE', *, *, #4, .F. ) ;
#179 = VECTOR ( 'NONE', #407, 1000.000000000000000 ) ;
#180 = AXIS2_PLACEMENT_3D ( 'NONE', #1448, #1197, #682 ) ;
#181 = ORIENTED_EDGE ( 'NONE', *, *, #959, .T. ) ;
#182 = DIRECTION ( 'NONE',  ( -0.000000000000000000, -1.000000000000000000, -0.000000000000000000 ) ) ;
#183 = CIRCLE ( 'NONE', #633, 1.700000000000007061 ) ;
#184 = DIRECTION ( 'NONE',  ( 0.000000000000000000, 0.000000000000000000, 1.000000000000000000 ) ) ;
#185 = ORIENTED_EDGE ( 'NONE', *, *, #1514, .F. ) ;
#186 = PLANE ( 'NONE',  #1360 ) ;
#187 = DIRECTION ( 'NONE',  ( 1.000000000000000000, 0.000000000000000000, 0.000000000000000000 ) ) ;
#188 = DIRECTION ( 'NONE',  ( 1.000000000000000000, 0.000000000000000000, 0.000000000000000000 ) ) ;
#189 = CARTESIAN_POINT ( 'NONE',  ( -16.26345596729058940, 35.50000000000000000, -144.5634559672905937 ) ) ;
#190 = CARTESIAN_POINT ( 'NONE',  ( -6.300000000000006928, 13.85640646055101577, 0.000000000000000000 ) ) ;
#191 = COORDINATED_UNIVERSAL_TIME_OFFSET ( 5, 30, .AHEAD. ) ;
#192 = VERTEX_POINT ( 'NONE', #373 ) ;
#193 = FACE_OUTER_BOUND ( 'NONE', #1014, .T. ) ;
#194 = DIRECTION ( 'NONE',  ( 0.000000000000000000, 0.000000000000000000, -1.000000000000000000 ) ) ;
#195 = ORIENTED_EDGE ( 'NONE', *, *, #1385, .T. ) ;
#196 = DIRECTION ( 'NONE',  ( -0.000000000000000000, -0.000000000000000000, -1.000000000000000000 ) ) ;
#197 = EDGE_CURVE ( 'NONE', #900, #864, #418, .T. ) ;
#198 = CC_DESIGN_APPROVAL ( #1115, ( #1435 ) ) ;
#199 = ORIENTED_EDGE ( 'NONE', *, *, #1079, .T. ) ;
#200 = DIRECTION ( 'NONE',  ( 0.000000000000000000, 0.000000000000000000, 1.000000000000000000 ) ) ;
#201 = PLANE ( 'NONE',  #1021 ) ;
#202 = FACE_OUTER_BOUND ( 'NONE', #1394, .T. ) ;
#203 = VERTEX_POINT ( 'NONE', #3 ) ;
#204 = VECTOR ( 'NONE', #544, 1000.000000000000000 ) ;
#205 = DIRECTION ( 'NONE',  ( -0.000000000000000000, -1.000000000000000000, -0.000000000000000000 ) ) ;
#206 = AXIS2_PLACEMENT_3D ( 'NONE', #763, #1001, #1374 ) ;
#207 = EDGE_CURVE ( 'NONE', #720, #256, #1103, .T. ) ;
#208 = DIRECTION ( 'NONE',  ( 0.000000000000000000, 0.000000000000000000, 1.000000000000000000 ) ) ;
#209 = CARTESIAN_POINT ( 'NONE',  ( 25.00000000000000000, 35.50000000000000000, -8.000000000000000000 ) ) ;
#210 = CIRCLE ( 'NONE', #760, 12.15000000000000036 ) ;
#211 = ADVANCED_FACE ( 'NONE', ( #583 ), #1363, .F. ) ;
#212 = VECTOR ( 'NONE', #795, 1000.000000000000000 ) ;
#213 = DIRECTION ( 'NONE',  ( 1.000000000000000000, 0.000000000000000000, 0.000000000000000000 ) ) ;
#214 = FACE_OUTER_BOUND ( 'NONE', #712, .T. ) ;
#215 = VERTEX_POINT ( 'NONE', #465 ) ;
#216 = DIRECTION ( 'NONE',  ( -0.000000000000000000, -0.000000000000000000, -1.000000000000000000 ) ) ;
#217 = EDGE_CURVE ( 'NONE', #215, #1481, #278, .T. ) ;
#218 = ORIENTED_EDGE ( 'NONE', *, *, #1479, .T. ) ;
#219 = CYLINDRICAL_SURFACE ( 'NONE', #1048, 1.700000000000000178 ) ;
#220 = APPROVAL ( #551, 'UNSPECIFIED' ) ;
#221 = VERTEX_POINT ( 'NONE', #849 ) ;
#222 = DIRECTION ( 'NONE',  ( 0.000000000000000000, 0.000000000000000000, 1.000000000000000000 ) ) ;
#223 = LINE ( 'NONE', #685, #835 ) ;
#224 = LINE ( 'NONE', #454, #844 ) ;
#225 = EDGE_CURVE ( 'NONE', #1146, #147, #1017, .T. ) ;
#226 = LINE ( 'NONE', #702, #376 ) ;
#227 = ORIENTED_EDGE ( 'NONE', *, *, #1369, .F. ) ;
#228 = CARTESIAN_POINT ( 'NONE',  ( 0.000000000000000000, 0.000000000000000000, -8.000000000000000000 ) ) ;
#229 = DIRECTION ( 'NONE',  ( -0.000000000000000000, -1.000000000000000000, -0.000000000000000000 ) ) ;
#230 = FACE_OUTER_BOUND ( 'NONE', #663, .T. ) ;
#231 = VECTOR ( 'NONE', #941, 1000.000000000000000 ) ;
#232 = ORIENTED_EDGE ( 'NONE', *, *, #832, .F. ) ;
#233 = EDGE_CURVE ( 'NONE', #481, #864, #1387, .T. ) ;
#234 = LINE ( 'NONE', #9, #505 ) ;
#235 = EDGE_LOOP ( 'NONE', ( #72, #805, #492, #1556 ) ) ;
#236 = AXIS2_PLACEMENT_3D ( 'NONE', #1232, #135, #613 ) ;
#237 = LINE ( 'NONE', #612, #964 ) ;
#238 = DIRECTION ( 'NONE',  ( 1.000000000000000000, 0.000000000000000000, 0.000000000000000000 ) ) ;
#239 = EDGE_LOOP ( 'NONE', ( #1142, #747, #856 ) ) ;
#240 = DIRECTION ( 'NONE',  ( 0.000000000000000000, 0.000000000000000000, 1.000000000000000000 ) ) ;
#241 = EDGE_LOOP ( 'NONE', ( #732, #1274, #248, #10 ) ) ;
#242 = LINE ( 'NONE', #124, #1572 ) ;
#243 = DIRECTION ( 'NONE',  ( -1.000000000000000000, 0.000000000000000000, -0.000000000000000000 ) ) ;
#244 = ADVANCED_FACE ( 'NONE', ( #1263 ), #1270, .F. ) ;
#245 = CARTESIAN_POINT ( 'NONE',  ( -30.00000000000000000, 25.50000000000000000, -160.0000000000000000 ) ) ;
#246 = ORIENTED_EDGE ( 'NONE', *, *, #1466, .F. ) ;
#247 = DIRECTION ( 'NONE',  ( 0.000000000000000000, 0.000000000000000000, 1.000000000000000000 ) ) ;
#248 = ORIENTED_EDGE ( 'NONE', *, *, #139, .T. ) ;
#249 = DIRECTION ( 'NONE',  ( 0.000000000000000000, 0.000000000000000000, 1.000000000000000000 ) ) ;
#250 = LINE ( 'NONE', #741, #756 ) ;
#251 = CYLINDRICAL_SURFACE ( 'NONE', #1338, 4.000000000000000000 ) ;
#252 = ORIENTED_EDGE ( 'NONE', *, *, #298, .T. ) ;
#253 = VERTEX_POINT ( 'NONE', #626 ) ;
#254 = EDGE_CURVE ( 'NONE', #762, #155, #381, .T. ) ;
#255 = AXIS2_PLACEMENT_3D ( 'NONE', #793, #313, #656 ) ;
#256 = VERTEX_POINT ( 'NONE', #1403 ) ;
#257 = DIRECTION ( 'NONE',  ( 1.000000000000000000, 0.000000000000000000, 0.000000000000000000 ) ) ;
#258 = AXIS2_PLACEMENT_3D ( 'NONE', #98, #1086, #466 ) ;
#259 = DIRECTION ( 'NONE',  ( 0.000000000000000000, -1.000000000000000000, 0.000000000000000000 ) ) ;
#260 = ORIENTED_EDGE ( 'NONE', *, *, #1351, .F. ) ;
#261 = EDGE_CURVE ( 'NONE', #1109, #1548, #274, .T. ) ;
#262 = CARTESIAN_POINT ( 'NONE',  ( -16.26345596729058940, 35.50000000000000000, -146.2634559672905823 ) ) ;
#263 = ORIENTED_EDGE ( 'NONE', *, *, #1240, .T. ) ;
#264 = DIRECTION ( 'NONE',  ( 0.000000000000000000, 1.000000000000000000, 0.000000000000000000 ) ) ;
#265 = EDGE_CURVE ( 'NONE', #718, #1258, #754, .T. ) ;
#266 = ORIENTED_EDGE ( 'NONE', *, *, #357, .T. ) ;
#267 = APPLICATION_CONTEXT ( 'configuration controlled 3d designs of mechanical parts and assemblies' ) ;
#268 = CARTESIAN_POINT ( 'NONE',  ( -25.00000000000000000, 35.50000000000000000, 0.000000000000000000 ) ) ;
#269 = DIRECTION ( 'NONE',  ( -1.000000000000000000, 0.000000000000000000, 0.000000000000000000 ) ) ;
#270 = VERTEX_POINT ( 'NONE', #870 ) ;
#271 = ORIENTED_EDGE ( 'NONE', *, *, #649, .T. ) ;
#272 = ORIENTED_EDGE ( 'NONE', *, *, #668, .F. ) ;
#273 = EDGE_CURVE ( 'NONE', #1390, #488, #1253, .T. ) ;
#274 = LINE ( 'NONE', #295, #1173 ) ;
#275 = ORIENTED_EDGE ( 'NONE', *, *, #554, .T. ) ;
#276 = VECTOR ( 'NONE', #105, 1000.000000000000000 ) ;
#277 = ADVANCED_FACE ( 'NONE', ( #642 ), #1238, .F. ) ;
#278 = CIRCLE ( 'NONE', #1386, 1.700000000000007061 ) ;
#279 = FACE_OUTER_BOUND ( 'NONE', #697, .T. ) ;
#280 = VECTOR ( 'NONE', #1108, 1000.000000000000000 ) ;
#281 = EDGE_LOOP ( 'NONE', ( #252, #963, #1223, #1561 ) ) ;
#282 = AXIS2_PLACEMENT_3D ( 'NONE', #616, #140, #1228 ) ;
#283 = DIRECTION ( 'NONE',  ( 1.000000000000000000, 0.000000000000000000, 0.000000000000000000 ) ) ;
#284 = COORDINATED_UNIVERSAL_TIME_OFFSET ( 5, 30, .AHEAD. ) ;
#285 = VECTOR ( 'NONE', #1442, 1000.000000000000000 ) ;
#286 = ORIENTED_EDGE ( 'NONE', *, *, #1575, .F. ) ;
#287 = DIRECTION ( 'NONE',  ( 1.000000000000000000, 0.000000000000000000, 0.000000000000000000 ) ) ;
#288 = FACE_BOUND ( 'NONE', #403, .T. ) ;
#289 = EDGE_LOOP ( 'NONE', ( #623, #1262, #355, #390 ) ) ;
#290 = CARTESIAN_POINT ( 'NONE',  ( 30.00000000000000000, 25.50000000000000000, -160.0000000000000000 ) ) ;
#291 = ORIENTED_EDGE ( 'NONE', *, *, #67, .F. ) ;
#292 = DIRECTION ( 'NONE',  ( 0.000000000000000000, 0.000000000000000000, 1.000000000000000000 ) ) ;
#293 = CARTESIAN_POINT ( 'NONE',  ( -12.15000000000000036, 1.487945860964034377E-15, 0.000000000000000000 ) ) ;
#294 = ORIENTED_EDGE ( 'NONE', *, *, #940, .F. ) ;
#295 = CARTESIAN_POINT ( 'NONE',  ( 17.69999999999999929, 2.081899558550500526E-16, 0.000000000000000000 ) ) ;
#296 = ORIENTED_EDGE ( 'NONE', *, *, #1577, .F. ) ;
#297 = LINE ( 'NONE', #787, #507 ) ;
#298 = EDGE_CURVE ( 'NONE', #1099, #192, #942, .T. ) ;
#299 = EDGE_CURVE ( 'NONE', #902, #345, #1008, .T. ) ;
#300 = CARTESIAN_POINT ( 'NONE',  ( 0.000000000000000000, 0.000000000000000000, -8.000000000000000000 ) ) ;
#301 = CIRCLE ( 'NONE', #1200, 1.700000000000007061 ) ;
#302 = ORIENTED_EDGE ( 'NONE', *, *, #799, .F. ) ;
#303 = CARTESIAN_POINT ( 'NONE',  ( 16.26345596729058585, 35.50000000000000000, -113.7365440327094177 ) ) ;
#304 = VECTOR ( 'NONE', #789, 1000.000000000000000 ) ;
#305 = DIRECTION ( 'NONE',  ( 0.000000000000000000, 0.000000000000000000, -1.000000000000000000 ) ) ;
#306 = DIRECTION ( 'NONE',  ( 0.000000000000000000, 0.000000000000000000, -1.000000000000000000 ) ) ;
#307 = AXIS2_PLACEMENT_3D ( 'NONE', #1507, #184, #781 ) ;
#308 = DIRECTION ( 'NONE',  ( -0.000000000000000000, 0.000000000000000000, -1.000000000000000000 ) ) ;
#309 = CARTESIAN_POINT ( 'NONE',  ( 9.700000000000002842, 13.85640646055101755, -8.000000000000000000 ) ) ;
#310 = DATE_AND_TIME ( #1428, #446 ) ;
#311 = EDGE_LOOP ( 'NONE', ( #1074, #745, #614, #291 ) ) ;
#312 = ADVANCED_FACE ( 'NONE', ( #618, #748, #1117, #1247, #148, #882 ), #53, .F. ) ;
#313 = DIRECTION ( 'NONE',  ( 0.000000000000000000, 0.000000000000000000, 1.000000000000000000 ) ) ;
#314 = ORIENTED_EDGE ( 'NONE', *, *, #436, .T. ) ;
#315 = CARTESIAN_POINT ( 'NONE',  ( -4.000000000000000000, 0.000000000000000000, 0.000000000000000000 ) ) ;
#316 = DIRECTION ( 'NONE',  ( 0.000000000000000000, 0.000000000000000000, 1.000000000000000000 ) ) ;
#317 = DIRECTION ( 'NONE',  ( -0.000000000000000000, -1.000000000000000000, -0.000000000000000000 ) ) ;
#318 = PERSON_AND_ORGANIZATION ( #1081, #371 ) ;
#319 = ORIENTED_EDGE ( 'NONE', *, *, #327, .F. ) ;
#320 = ADVANCED_FACE ( 'NONE', ( #1509 ), #1140, .F. ) ;
#321 = DIRECTION ( 'NONE',  ( 1.000000000000000000, 0.000000000000000000, 0.000000000000000000 ) ) ;
#322 = ADVANCED_FACE ( 'NONE', ( #1517 ), #1015, .F. ) ;
#323 = CARTESIAN_POINT ( 'NONE',  ( -18.50000000000000355, -20.00000000000000000, -7.500000000000000000 ) ) ;
#324 = DIRECTION ( 'NONE',  ( 1.000000000000000000, 0.000000000000000000, 0.000000000000000000 ) ) ;
#325 = PRODUCT_DEFINITION_FORMATION_WITH_SPECIFIED_SOURCE ( 'ANY', '', #1550, .NOT_KNOWN. ) ;
#326 = CARTESIAN_POINT ( 'NONE',  ( 16.00000000000000000, 0.000000000000000000, 0.000000000000000000 ) ) ;
#327 = EDGE_CURVE ( 'NONE', #522, #1533, #1395, .T. ) ;
#328 = ORIENTED_EDGE ( 'NONE', *, *, #461, .F. ) ;
#329 = CARTESIAN_POINT ( 'NONE',  ( 14.30000000000000071, 0.000000000000000000, -8.000000000000000000 ) ) ;
#330 = FACE_BOUND ( 'NONE', #950, .T. ) ;
#331 = CARTESIAN_POINT ( 'NONE',  ( -16.26345596729058940, 35.50000000000000000, -146.2634559672905823 ) ) ;
#332 = FACE_OUTER_BOUND ( 'NONE', #699, .T. ) ;
#333 = AXIS2_PLACEMENT_3D ( 'NONE', #1573, #222, #1084 ) ;
#334 = VECTOR ( 'NONE', #825, 1000.000000000000000 ) ;
#335 = ORIENTED_EDGE ( 'NONE', *, *, #845, .F. ) ;
#336 = CARTESIAN_POINT ( 'NONE',  ( 16.26345596729058585, 25.50000000000000000, -113.7365440327094177 ) ) ;
#337 = ORIENTED_EDGE ( 'NONE', *, *, #233, .F. ) ;
#338 = CARTESIAN_POINT ( 'NONE',  ( -16.26345596729059650, 35.50000000000000000, -115.4365440327094205 ) ) ;
#339 = EDGE_LOOP ( 'NONE', ( #138, #1317, #109, #260 ) ) ;
#340 = LINE ( 'NONE', #1213, #1154 ) ;
#341 = DIRECTION ( 'NONE',  ( -0.000000000000000000, -1.000000000000000000, -0.000000000000000000 ) ) ;
#342 = ORIENTED_EDGE ( 'NONE', *, *, #1412, .F. ) ;
#343 = DIRECTION ( 'NONE',  ( -0.000000000000000000, -0.000000000000000000, -1.000000000000000000 ) ) ;
#344 = DIRECTION ( 'NONE',  ( 0.000000000000000000, 0.000000000000000000, -1.000000000000000000 ) ) ;
#345 = VERTEX_POINT ( 'NONE', #1145 ) ;
#346 = EDGE_CURVE ( 'NONE', #506, #867, #533, .T. ) ;
#347 = ORIENTED_EDGE ( 'NONE', *, *, #1470, .T. ) ;
#348 = DIRECTION ( 'NONE',  ( 0.000000000000000000, -0.5104105650098257341, 0.8599308432230760024 ) ) ;
#349 = AXIS2_PLACEMENT_3D ( 'NONE', #134, #1085, #243 ) ;
#350 = CARTESIAN_POINT ( 'NONE',  ( -14.30000000000000071, -1.751244922780715104E-15, 0.000000000000000000 ) ) ;
#351 = LINE ( 'NONE', #716, #610 ) ;
#352 = AXIS2_PLACEMENT_3D ( 'NONE', #569, #429, #1296 ) ;
#353 = ADVANCED_FACE ( 'NONE', ( #1531, #1313 ), #573, .T. ) ;
#354 = AXIS2_PLACEMENT_3D ( 'NONE', #624, #1461, #348 ) ;
#355 = ORIENTED_EDGE ( 'NONE', *, *, #581, .F. ) ;
#356 = AXIS2_PLACEMENT_3D ( 'NONE', #1433, #1303, #1475 ) ;
#357 = EDGE_CURVE ( 'NONE', #766, #961, #604, .T. ) ;
#358 = CARTESIAN_POINT ( 'NONE',  ( 0.000000000000000000, 35.50000000000000000, -130.0000000000000000 ) ) ;
#359 = CARTESIAN_POINT ( 'NONE',  ( 25.00000000000000000, -25.00000000000000000, -8.000000000000000000 ) ) ;
#360 = CARTESIAN_POINT ( 'NONE',  ( 16.26345596729059295, 25.50000000000000000, -144.5634559672905937 ) ) ;
#361 = EDGE_LOOP ( 'NONE', ( #519, #453, #542, #1525 ) ) ;
#362 = LINE ( 'NONE', #846, #1306 ) ;
#363 = EDGE_CURVE ( 'NONE', #488, #1177, #421, .T. ) ;
#364 = ORIENTED_EDGE ( 'NONE', *, *, #1295, .T. ) ;
#365 = CARTESIAN_POINT ( 'NONE',  ( -16.00000000000000000, -1.959434878635765131E-15, -8.000000000000000000 ) ) ;
#366 = CARTESIAN_POINT ( 'NONE',  ( 0.000000000000000000, 0.000000000000000000, -2.200000000000000178 ) ) ;
#367 = CARTESIAN_POINT ( 'NONE',  ( -17.69999999999999929, -1.959434878635765131E-15, 0.000000000000000000 ) ) ;
#368 = EDGE_LOOP ( 'NONE', ( #1080, #15, #638, #1566 ) ) ;
#369 = CARTESIAN_POINT ( 'NONE',  ( 8.000000000000001776, 13.85640646055101755, -8.000000000000000000 ) ) ;
#370 = EDGE_CURVE ( 'NONE', #1409, #1129, #1047, .T. ) ;
#371 = ORGANIZATION ( 'UNSPECIFIED', 'UNSPECIFIED', '' ) ;
#372 = PLANE ( 'NONE',  #1041 ) ;
#373 = CARTESIAN_POINT ( 'NONE',  ( 9.700000000000002842, 13.85640646055101755, 0.000000000000000000 ) ) ;
#374 = AXIS2_PLACEMENT_3D ( 'NONE', #1058, #1557, #443 ) ;
#375 = DIRECTION ( 'NONE',  ( -0.000000000000000000, -1.000000000000000000, -0.000000000000000000 ) ) ;
#376 = VECTOR ( 'NONE', #1201, 1000.000000000000000 ) ;
#377 = ORIENTED_EDGE ( 'NONE', *, *, #438, .F. ) ;
#378 = DIRECTION ( 'NONE',  ( 0.000000000000000000, 0.000000000000000000, 1.000000000000000000 ) ) ;
#379 = ORIENTED_EDGE ( 'NONE', *, *, #622, .F. ) ;
#380 = AXIS2_PLACEMENT_3D ( 'NONE', #796, #1560, #213 ) ;
#381 = LINE ( 'NONE', #498, #526 ) ;
#382 = CARTESIAN_POINT ( 'NONE',  ( 8.000000000000001776, 13.85640646055101755, 0.000000000000000000 ) ) ;
#383 = ORIENTED_EDGE ( 'NONE', *, *, #357, .F. ) ;
#384 = ADVANCED_FACE ( 'NONE', ( #1167 ), #186, .F. ) ;
#385 = ADVANCED_FACE ( 'NONE', ( #433, #1159, #1179, #65, #330, #88, #543, #673 ), #915, .F. ) ;
#386 = VERTEX_POINT ( 'NONE', #1035 ) ;
#387 = EDGE_LOOP ( 'NONE', ( #1326, #199, #1379, #32, #1131, #116, #46, #319, #475, #800, #335, #1156, #1216, #1202 ) ) ;
#388 = DIRECTION ( 'NONE',  ( -0.000000000000000000, -0.000000000000000000, -1.000000000000000000 ) ) ;
#389 = EDGE_CURVE ( 'NONE', #270, #681, #802, .T. ) ;
#390 = ORIENTED_EDGE ( 'NONE', *, *, #1184, .F. ) ;
#391 = CARTESIAN_POINT ( 'NONE',  ( 8.000000000000001776, -13.85640646055101755, 0.000000000000000000 ) ) ;
#392 = ORIENTED_EDGE ( 'NONE', *, *, #1068, .F. ) ;
#393 = DIRECTION ( 'NONE',  ( 0.000000000000000000, 0.000000000000000000, -1.000000000000000000 ) ) ;
#394 = PERSON_AND_ORGANIZATION ( #1081, #371 ) ;
#395 = ORIENTED_EDGE ( 'NONE', *, *, #1414, .T. ) ;
#396 = CYLINDRICAL_SURFACE ( 'NONE', #1311, 1.700000000000007061 ) ;
#397 = DIRECTION ( 'NONE',  ( -1.000000000000000000, 0.000000000000000000, 0.000000000000000000 ) ) ;
#398 = VERTEX_POINT ( 'NONE', #564 ) ;
#399 = EDGE_CURVE ( 'NONE', #1242, #1185, #863, .T. ) ;
#400 = CIRCLE ( 'NONE', #1308, 1.700000000000007061 ) ;
#401 = CARTESIAN_POINT ( 'NONE',  ( -30.00000000000000000, 35.50000000000000000, -8.000000000000000000 ) ) ;
#402 = AXIS2_PLACEMENT_3D ( 'NONE', #774, #1424, #50 ) ;
#403 = EDGE_LOOP ( 'NONE', ( #123, #1266 ) ) ;
#404 = DIRECTION ( 'NONE',  ( 0.000000000000000000, 0.000000000000000000, 1.000000000000000000 ) ) ;
#405 = CARTESIAN_POINT ( 'NONE',  ( -18.50000000000000355, 0.000000000000000000, 0.000000000000000000 ) ) ;
#406 = ORIENTED_EDGE ( 'NONE', *, *, #661, .T. ) ;
#407 = DIRECTION ( 'NONE',  ( 1.000000000000000000, 0.000000000000000000, 0.000000000000000000 ) ) ;
#408 = ORIENTED_EDGE ( 'NONE', *, *, #1291, .F. ) ;
#409 = EDGE_CURVE ( 'NONE', #203, #221, #934, .T. ) ;
#410 = CARTESIAN_POINT ( 'NONE',  ( -16.26345596729059650, 25.50000000000000000, -113.7365440327094177 ) ) ;
#411 = FACE_BOUND ( 'NONE', #1144, .T. ) ;
#412 = EDGE_LOOP ( 'NONE', ( #1343, #1476, #275, #973 ) ) ;
#413 = ORIENTED_EDGE ( 'NONE', *, *, #546, .F. ) ;
#414 = LINE ( 'NONE', #1278, #1492 ) ;
#415 = CARTESIAN_POINT ( 'NONE',  ( 16.26345596729058585, 35.50000000000000000, -113.7365440327094177 ) ) ;
#416 = LINE ( 'NONE', #1138, #1233 ) ;
#417 = DIRECTION ( 'NONE',  ( 1.000000000000000000, -0.000000000000000000, -0.000000000000000000 ) ) ;
#418 = CIRCLE ( 'NONE', #731, 1.700000000000000178 ) ;
#419 = ORIENTED_EDGE ( 'NONE', *, *, #792, .F. ) ;
#420 = CIRCLE ( 'NONE', #838, 1.700000000000007061 ) ;
#421 = LINE ( 'NONE', #553, #33 ) ;
#422 = CIRCLE ( 'NONE', #840, 1.700000000000000178 ) ;
#423 = AXIS2_PLACEMENT_3D ( 'NONE', #1426, #1434, #316 ) ;
#424 = ORIENTED_EDGE ( 'NONE', *, *, #627, .F. ) ;
#425 = CARTESIAN_POINT ( 'NONE',  ( -9.699999999999997513, -13.85640646055101932, 0.000000000000000000 ) ) ;
#426 = CIRCLE ( 'NONE', #1180, 1.700000000000000178 ) ;
#427 = CARTESIAN_POINT ( 'NONE',  ( 16.26345596729058585, 35.50000000000000000, -115.4365440327094205 ) ) ;
#428 = EDGE_CURVE ( 'NONE', #692, #1373, #985, .T. ) ;
#429 = DIRECTION ( 'NONE',  ( -0.000000000000000000, -0.000000000000000000, -1.000000000000000000 ) ) ;
#430 = DATE_TIME_ROLE ( 'classification_date' ) ;
#431 = ORIENTED_EDGE ( 'NONE', *, *, #770, .F. ) ;
#432 = CARTESIAN_POINT ( 'NONE',  ( -7.999999999999996447, -13.85640646055101932, 0.000000000000000000 ) ) ;
#433 = FACE_BOUND ( 'NONE', #1446, .T. ) ;
#434 = VERTEX_POINT ( 'NONE', #514 ) ;
#435 = FACE_OUTER_BOUND ( 'NONE', #1070, .T. ) ;
#436 = EDGE_CURVE ( 'NONE', #506, #497, #1004, .T. ) ;
#437 = DIRECTION ( 'NONE',  ( 0.000000000000000000, 0.000000000000000000, -1.000000000000000000 ) ) ;
#438 = EDGE_CURVE ( 'NONE', #1283, #762, #414, .T. ) ;
#439 = DIRECTION ( 'NONE',  ( 0.000000000000000000, 1.000000000000000000, 0.000000000000000000 ) ) ;
#440 = ORIENTED_EDGE ( 'NONE', *, *, #1130, .T. ) ;
#441 = ADVANCED_FACE ( 'NONE', ( #826 ), #1427, .F. ) ;
#442 = CARTESIAN_POINT ( 'NONE',  ( -16.00000000000000000, -1.959434878635765131E-15, 0.000000000000000000 ) ) ;
#443 = DIRECTION ( 'NONE',  ( 0.000000000000000000, 0.000000000000000000, 1.000000000000000000 ) ) ;
#444 = ORIENTED_EDGE ( 'NONE', *, *, #1184, .T. ) ;
#445 = DIRECTION ( 'NONE',  ( 0.000000000000000000, -1.000000000000000000, 0.000000000000000000 ) ) ;
#446 = LOCAL_TIME ( 11, 10, 3.000000000000000000, #191 ) ;
#447 = ORIENTED_EDGE ( 'NONE', *, *, #889, .F. ) ;
#448 = LINE ( 'NONE', #549, #907 ) ;
#449 = SECURITY_CLASSIFICATION_LEVEL ( 'unclassified' ) ;
#450 = EDGE_LOOP ( 'NONE', ( #650, #916 ) ) ;
#451 = CARTESIAN_POINT ( 'NONE',  ( -6.300000000000006928, 13.85640646055101577, -8.000000000000000000 ) ) ;
#452 = VECTOR ( 'NONE', #601, 1000.000000000000000 ) ;
#453 = ORIENTED_EDGE ( 'NONE', *, *, #1221, .T. ) ;
#454 = CARTESIAN_POINT ( 'NONE',  ( 0.000000000000000000, 25.50000000000000000, -84.15760869565220048 ) ) ;
#455 = AXIS2_PLACEMENT_3D ( 'NONE', #415, #182, #1170 ) ;
#456 = VECTOR ( 'NONE', #1239, 1000.000000000000000 ) ;
#457 = DIRECTION ( 'NONE',  ( 0.000000000000000000, 0.000000000000000000, -1.000000000000000000 ) ) ;
#458 = ORIENTED_EDGE ( 'NONE', *, *, #845, .T. ) ;
#459 = DIRECTION ( 'NONE',  ( -1.000000000000000000, 0.000000000000000000, 0.000000000000000000 ) ) ;
#460 = LINE ( 'NONE', #592, #133 ) ;
#461 = EDGE_CURVE ( 'NONE', #902, #1283, #930, .T. ) ;
#462 = DIRECTION ( 'NONE',  ( 0.000000000000000000, 0.000000000000000000, 1.000000000000000000 ) ) ;
#463 = ORIENTED_EDGE ( 'NONE', *, *, #93, .F. ) ;
#464 = CARTESIAN_POINT ( 'NONE',  ( 24.50000000000000000, 25.50000000000000000, -84.15760869565220048 ) ) ;
#465 = CARTESIAN_POINT ( 'NONE',  ( -16.26345596729058940, 25.50000000000000000, -147.9634559672905993 ) ) ;
#466 = DIRECTION ( 'NONE',  ( 1.000000000000000000, 0.000000000000000000, 0.000000000000000000 ) ) ;
#467 = ORIENTED_EDGE ( 'NONE', *, *, #637, .F. ) ;
#468 = EDGE_LOOP ( 'NONE', ( #1016, #1271, #987, #185 ) ) ;
#469 = CARTESIAN_POINT ( 'NONE',  ( 30.00000000000000000, 25.50000000000000000, -8.000000000000000000 ) ) ;
#470 = ORIENTED_EDGE ( 'NONE', *, *, #1334, .F. ) ;
#471 = CYLINDRICAL_SURFACE ( 'NONE', #1257, 1.700000000000000178 ) ;
#472 = CARTESIAN_POINT ( 'NONE',  ( -16.00000000000000000, -1.959434878635765131E-15, 0.000000000000000000 ) ) ;
#473 = FACE_BOUND ( 'NONE', #1583, .T. ) ;
#474 = VECTOR ( 'NONE', #283, 1000.000000000000000 ) ;
#475 = ORIENTED_EDGE ( 'NONE', *, *, #1479, .F. ) ;
#476 = ORIENTED_EDGE ( 'NONE', *, *, #1418, .T. ) ;
#477 = CIRCLE ( 'NONE', #1104, 1.700000000000007061 ) ;
#478 = ADVANCED_FACE ( 'NONE', ( #202 ), #94, .F. ) ;
#479 = VECTOR ( 'NONE', #640, 1000.000000000000000 ) ;
#480 = DIRECTION ( 'NONE',  ( 0.000000000000000000, 0.000000000000000000, 1.000000000000000000 ) ) ;
#481 = VERTEX_POINT ( 'NONE', #190 ) ;
#482 = LINE ( 'NONE', #131, #1496 ) ;
#483 = CARTESIAN_POINT ( 'NONE',  ( -24.50000000000000000, 25.50000000000000000, 0.000000000000000000 ) ) ;
#484 = DIRECTION ( 'NONE',  ( -0.000000000000000000, 0.8599308432230760024, 0.5104105650098257341 ) ) ;
#485 = ORIENTED_EDGE ( 'NONE', *, *, #225, .F. ) ;
#486 = EDGE_CURVE ( 'NONE', #762, #692, #1419, .T. ) ;
#487 = CARTESIAN_POINT ( 'NONE',  ( 25.00000000000000000, 35.50000000000000000, 0.000000000000000000 ) ) ;
#488 = VERTEX_POINT ( 'NONE', #790 ) ;
#489 = CC_DESIGN_PERSON_AND_ORGANIZATION_ASSIGNMENT ( #670, #1388, ( #814 ) ) ;
#490 = PLANE ( 'NONE',  #349 ) ;
#491 = DIRECTION ( 'NONE',  ( 1.000000000000000000, 0.000000000000000000, 0.000000000000000000 ) ) ;
#492 = ORIENTED_EDGE ( 'NONE', *, *, #881, .F. ) ;
#493 = DIRECTION ( 'NONE',  ( 0.000000000000000000, 0.5104105650098257341, -0.8599308432230760024 ) ) ;
#494 = ORIENTED_EDGE ( 'NONE', *, *, #44, .F. ) ;
#495 = AXIS2_PLACEMENT_3D ( 'NONE', #765, #71, #1043 ) ;
#496 = DIRECTION ( 'NONE',  ( 1.000000000000000000, 0.000000000000000000, 0.000000000000000000 ) ) ;
#497 = VERTEX_POINT ( 'NONE', #1055 ) ;
#498 = CARTESIAN_POINT ( 'NONE',  ( 25.00000000000000000, -25.00000000000000000, 0.000000000000000000 ) ) ;
#499 = EDGE_CURVE ( 'NONE', #86, #1371, #301, .T. ) ;
#500 = DIRECTION ( 'NONE',  ( 0.000000000000000000, -1.000000000000000000, 0.000000000000000000 ) ) ;
#501 = ORIENTED_EDGE ( 'NONE', *, *, #1425, .F. ) ;
#502 = VERTEX_POINT ( 'NONE', #309 ) ;
#503 = EDGE_CURVE ( 'NONE', #1390, #1182, #696, .T. ) ;
#504 = VECTOR ( 'NONE', #808, 1000.000000000000000 ) ;
#505 = VECTOR ( 'NONE', #710, 1000.000000000000000 ) ;
#506 = VERTEX_POINT ( 'NONE', #678 ) ;
#507 = VECTOR ( 'NONE', #188, 1000.000000000000000 ) ;
#508 = ORIENTED_EDGE ( 'NONE', *, *, #819, .T. ) ;
#509 = CIRCLE ( 'NONE', #160, 1.700000000000007061 ) ;
#510 = ADVANCED_FACE ( 'NONE', ( #214 ), #1065, .T. ) ;
#511 = CARTESIAN_POINT ( 'NONE',  ( -16.26345596729059650, 35.50000000000000000, -113.7365440327094177 ) ) ;
#512 =( NAMED_UNIT ( * ) SI_UNIT ( $, .STERADIAN. ) SOLID_ANGLE_UNIT ( ) );
#513 = ORIENTED_EDGE ( 'NONE', *, *, #1250, .F. ) ;
#514 = CARTESIAN_POINT ( 'NONE',  ( 8.572527594031465301E-16, 35.50000000000000000, -123.0000000000000000 ) ) ;
#515 = EDGE_LOOP ( 'NONE', ( #337, #1277, #625, #1468 ) ) ;
#516 = ORIENTED_EDGE ( 'NONE', *, *, #940, .T. ) ;
#517 = DIRECTION ( 'NONE',  ( -0.000000000000000000, -1.000000000000000000, -0.000000000000000000 ) ) ;
#518 = PERSON_AND_ORGANIZATION ( #1081, #371 ) ;
#519 = ORIENTED_EDGE ( 'NONE', *, *, #399, .T. ) ;
#520 = DIRECTION ( 'NONE',  ( 0.000000000000000000, 0.5104105650098257341, -0.8599308432230760024 ) ) ;
#521 = DIRECTION ( 'NONE',  ( -0.000000000000000000, -0.000000000000000000, -1.000000000000000000 ) ) ;
#522 = VERTEX_POINT ( 'NONE', #1562 ) ;
#523 = CARTESIAN_POINT ( 'NONE',  ( 0.000000000000000000, 25.50000000000000000, -130.0000000000000000 ) ) ;
#524 = ORIENTED_EDGE ( 'NONE', *, *, #1396, .T. ) ;
#525 = CARTESIAN_POINT ( 'NONE',  ( -16.26345596729058940, 35.50000000000000000, -147.9634559672905993 ) ) ;
#526 = VECTOR ( 'NONE', #1380, 1000.000000000000000 ) ;
#527 = FACE_OUTER_BOUND ( 'NONE', #235, .T. ) ;
#528 = CC_DESIGN_DATE_AND_TIME_ASSIGNMENT ( #166, #680, ( #814 ) ) ;
#529 = AXIS2_PLACEMENT_3D ( 'NONE', #1241, #144, #1421 ) ;
#530 = EDGE_LOOP ( 'NONE', ( #1508, #1341 ) ) ;
#531 = VECTOR ( 'NONE', #1069, 1000.000000000000000 ) ;
#532 = EDGE_CURVE ( 'NONE', #766, #55, #797, .T. ) ;
#533 = LINE ( 'NONE', #1024, #179 ) ;
#534 = AXIS2_PLACEMENT_3D ( 'NONE', #1261, #667, #1020 ) ;
#535 = AXIS2_PLACEMENT_3D ( 'NONE', #862, #500, #1347 ) ;
#536 = EDGE_LOOP ( 'NONE', ( #392, #467 ) ) ;
#537 = CARTESIAN_POINT ( 'NONE',  ( 0.000000000000000000, 25.50000000000000000, -137.0000000000000000 ) ) ;
#538 = ORIENTED_EDGE ( 'NONE', *, *, #1005, .F. ) ;
#539 = DIRECTION ( 'NONE',  ( 0.000000000000000000, 1.000000000000000000, 0.000000000000000000 ) ) ;
#540 = ORIENTED_EDGE ( 'NONE', *, *, #1466, .T. ) ;
#541 = PLANE ( 'NONE',  #971 ) ;
#542 = ORIENTED_EDGE ( 'NONE', *, *, #1414, .F. ) ;
#543 = FACE_BOUND ( 'NONE', #1401, .T. ) ;
#544 = DIRECTION ( 'NONE',  ( -0.000000000000000000, -1.000000000000000000, -0.000000000000000000 ) ) ;
#545 = DIRECTION ( 'NONE',  ( 0.000000000000000000, 1.000000000000000000, 0.000000000000000000 ) ) ;
#546 = EDGE_CURVE ( 'NONE', #102, #6, #448, .T. ) ;
#547 = DIRECTION ( 'NONE',  ( 1.000000000000000000, 0.000000000000000000, -0.000000000000000000 ) ) ;
#548 = AXIS2_PLACEMENT_3D ( 'NONE', #113, #1474, #1077 ) ;
#549 = CARTESIAN_POINT ( 'NONE',  ( -14.30000000000000071, -1.751244922780715104E-15, 0.000000000000000000 ) ) ;
#550 = CIRCLE ( 'NONE', #652, 1.700000000000000178 ) ;
#551 = APPROVAL_STATUS ( 'not_yet_approved' ) ;
#552 = EDGE_LOOP ( 'NONE', ( #302, #1226, #859, #129 ) ) ;
#553 = CARTESIAN_POINT ( 'NONE',  ( -12.15000000000000036, 1.487945860964034377E-15, -2.200000000000000178 ) ) ;
#554 = EDGE_CURVE ( 'NONE', #1099, #173, #669, .T. ) ;
#555 = VECTOR ( 'NONE', #1174, 1000.000000000000000 ) ;
#556 = CARTESIAN_POINT ( 'NONE',  ( -18.50000000000000355, 25.50000000000000000, -8.000000000000000000 ) ) ;
#557 = DIRECTION ( 'NONE',  ( -0.000000000000000000, -1.000000000000000000, -0.000000000000000000 ) ) ;
#558 = CIRCLE ( 'NONE', #258, 1.700000000000000178 ) ;
#559 = CARTESIAN_POINT ( 'NONE',  ( 16.26345596729059295, 35.50000000000000000, -144.5634559672905937 ) ) ;
#560 = DIRECTION ( 'NONE',  ( 1.000000000000000000, 0.000000000000000000, -0.000000000000000000 ) ) ;
#561 = APPROVAL_STATUS ( 'not_yet_approved' ) ;
#562 = EDGE_LOOP ( 'NONE', ( #1044, #1499, #377, #1527 ) ) ;
#563 = CARTESIAN_POINT ( 'NONE',  ( 8.000000000000001776, -13.85640646055101755, 0.000000000000000000 ) ) ;
#564 = CARTESIAN_POINT ( 'NONE',  ( 4.000000000000000000, 4.898587196589412829E-16, -8.000000000000000000 ) ) ;
#565 = LINE ( 'NONE', #1030, #204 ) ;
#566 = LINE ( 'NONE', #1316, #57 ) ;
#567 = DIRECTION ( 'NONE',  ( 1.000000000000000000, -0.000000000000000000, -0.000000000000000000 ) ) ;
#568 = ORIENTED_EDGE ( 'NONE', *, *, #644, .F. ) ;
#569 = CARTESIAN_POINT ( 'NONE',  ( -16.00000000000000000, -1.959434878635765131E-15, 0.000000000000000000 ) ) ;
#570 = CALENDAR_DATE ( 2026, 24, 9 ) ;
#571 = EDGE_LOOP ( 'NONE', ( #824, #440 ) ) ;
#572 = CARTESIAN_POINT ( 'NONE',  ( 8.572527594031473190E-16, 35.50000000000000000, -123.0000000000000000 ) ) ;
#573 = PLANE ( 'NONE',  #255 ) ;
#574 = CARTESIAN_POINT ( 'NONE',  ( -14.30000000000000071, -1.751244922780715104E-15, -8.000000000000000000 ) ) ;
#575 = DIRECTION ( 'NONE',  ( 1.000000000000000000, -0.000000000000000000, 0.000000000000000000 ) ) ;
#576 = LOCAL_TIME ( 11, 10, 3.000000000000000000, #810 ) ;
#577 = CARTESIAN_POINT ( 'NONE',  ( 6.300000000000001599, 13.85640646055101755, 0.000000000000000000 ) ) ;
#578 = ORIENTED_EDGE ( 'NONE', *, *, #399, .F. ) ;
#579 = VECTOR ( 'NONE', #151, 1000.000000000000000 ) ;
#580 = DIRECTION ( 'NONE',  ( -0.000000000000000000, -1.000000000000000000, -0.000000000000000000 ) ) ;
#581 = EDGE_CURVE ( 'NONE', #831, #55, #654, .T. ) ;
#582 = CIRCLE ( 'NONE', #1465, 1.700000000000007061 ) ;
#583 = FACE_OUTER_BOUND ( 'NONE', #171, .T. ) ;
#584 = CIRCLE ( 'NONE', #107, 1.700000000000000178 ) ;
#585 = CARTESIAN_POINT ( 'NONE',  ( 18.50000000000000000, 0.000000000000000000, 0.000000000000000000 ) ) ;
#586 = AXIS2_PLACEMENT_3D ( 'NONE', #1352, #249, #594 ) ;
#587 = AXIS2_PLACEMENT_3D ( 'NONE', #1307, #677, #437 ) ;
#588 = CARTESIAN_POINT ( 'NONE',  ( -16.26345596729059650, 35.50000000000000000, -112.0365440327094007 ) ) ;
#589 = EDGE_LOOP ( 'NONE', ( #347, #195, #629, #1539, #1011 ) ) ;
#590 = LINE ( 'NONE', #923, #888 ) ;
#591 = LINE ( 'NONE', #1218, #807 ) ;
#592 = CARTESIAN_POINT ( 'NONE',  ( -30.00000000000000000, 35.50000000000000000, -160.0000000000000000 ) ) ;
#593 = ORIENTED_EDGE ( 'NONE', *, *, #1470, .F. ) ;
#594 = DIRECTION ( 'NONE',  ( 1.000000000000000000, 0.000000000000000000, 0.000000000000000000 ) ) ;
#595 = CARTESIAN_POINT ( 'NONE',  ( 6.300000000000001599, 13.85640646055101755, -8.000000000000000000 ) ) ;
#596 = DIRECTION ( 'NONE',  ( 0.000000000000000000, 0.000000000000000000, -1.000000000000000000 ) ) ;
#597 = ORIENTED_EDGE ( 'NONE', *, *, #1061, .T. ) ;
#598 = DIRECTION ( 'NONE',  ( 1.000000000000000000, 0.000000000000000000, 0.000000000000000000 ) ) ;
#599 = ORIENTED_EDGE ( 'NONE', *, *, #721, .T. ) ;
#600 = CARTESIAN_POINT ( 'NONE',  ( -16.26345596729059650, 25.50000000000000000, -113.7365440327094177 ) ) ;
#601 = DIRECTION ( 'NONE',  ( -1.000000000000000000, 0.000000000000000000, 0.000000000000000000 ) ) ;
#602 = ADVANCED_FACE ( 'NONE', ( #1163 ), #1318, .F. ) ;
#603 = CARTESIAN_POINT ( 'NONE',  ( 30.00000000000000000, 35.50000000000000000, -8.000000000000000000 ) ) ;
#604 = CIRCLE ( 'NONE', #1147, 1.700000000000007061 ) ;
#605 = CIRCLE ( 'NONE', #1039, 7.000000000000006217 ) ;
#606 = ORIENTED_EDGE ( 'NONE', *, *, #37, .F. ) ;
#607 = CIRCLE ( 'NONE', #1518, 4.000000000000000000 ) ;
#608 = CARTESIAN_POINT ( 'NONE',  ( 8.000000000000001776, -13.85640646055101755, 0.000000000000000000 ) ) ;
#609 = ORIENTED_EDGE ( 'NONE', *, *, #714, .F. ) ;
#610 = VECTOR ( 'NONE', #938, 1000.000000000000000 ) ;
#611 = DIRECTION ( 'NONE',  ( -1.000000000000000000, 0.000000000000000000, 0.000000000000000000 ) ) ;
#612 = CARTESIAN_POINT ( 'NONE',  ( -9.699999999999997513, -13.85640646055101932, 0.000000000000000000 ) ) ;
#613 = DIRECTION ( 'NONE',  ( 1.000000000000000000, 0.000000000000000000, 0.000000000000000000 ) ) ;
#614 = ORIENTED_EDGE ( 'NONE', *, *, #952, .T. ) ;
#615 = CARTESIAN_POINT ( 'NONE',  ( -4.000000000000000000, 0.000000000000000000, -2.200000000000000178 ) ) ;
#616 = CARTESIAN_POINT ( 'NONE',  ( 8.000000000000001776, 13.85640646055101755, 0.000000000000000000 ) ) ;
#617 = ADVANCED_FACE ( 'NONE', ( #84 ), #949, .F. ) ;
#618 = FACE_OUTER_BOUND ( 'NONE', #387, .T. ) ;
#619 = DIRECTION ( 'NONE',  ( 0.000000000000000000, 0.000000000000000000, 1.000000000000000000 ) ) ;
#620 = EDGE_LOOP ( 'NONE', ( #494, #406, #727, #880, #568, #458, #593, #1059, #246, #1519, #1158, #34 ) ) ;
#621 = CYLINDRICAL_SURFACE ( 'NONE', #529, 1.700000000000000178 ) ;
#622 = EDGE_CURVE ( 'NONE', #256, #1533, #226, .T. ) ;
#623 = ORIENTED_EDGE ( 'NONE', *, *, #714, .T. ) ;
#624 = CARTESIAN_POINT ( 'NONE',  ( -18.50000000000000355, -20.00000000000000000, -7.500000000000000000 ) ) ;
#625 = ORIENTED_EDGE ( 'NONE', *, *, #1514, .T. ) ;
#626 = CARTESIAN_POINT ( 'NONE',  ( -17.69999999999999929, -1.959434878635765131E-15, 0.000000000000000000 ) ) ;
#627 = EDGE_CURVE ( 'NONE', #386, #912, #108, .T. ) ;
#628 = AXIS2_PLACEMENT_3D ( 'NONE', #786, #1192, #187 ) ;
#629 = ORIENTED_EDGE ( 'NONE', *, *, #428, .F. ) ;
#630 = AXIS2_PLACEMENT_3D ( 'NONE', #141, #41, #1526 ) ;
#631 = AXIS2_PLACEMENT_3D ( 'NONE', #1072, #1570, #457 ) ;
#632 = VERTEX_POINT ( 'NONE', #1546 ) ;
#633 = AXIS2_PLACEMENT_3D ( 'NONE', #1037, #1541, #1399 ) ;
#634 = ORIENTED_EDGE ( 'NONE', *, *, #919, .T. ) ;
#635 = DIRECTION ( 'NONE',  ( 0.000000000000000000, 0.000000000000000000, 1.000000000000000000 ) ) ;
#636 = PERSON_AND_ORGANIZATION ( #1081, #371 ) ;
#637 = EDGE_CURVE ( 'NONE', #66, #203, #780, .T. ) ;
#638 = ORIENTED_EDGE ( 'NONE', *, *, #503, .T. ) ;
#639 = ADVANCED_FACE ( 'NONE', ( #16 ), #986, .F. ) ;
#640 = DIRECTION ( 'NONE',  ( 0.000000000000000000, 0.000000000000000000, -1.000000000000000000 ) ) ;
#641 = EDGE_LOOP ( 'NONE', ( #725, #314, #524, #227 ) ) ;
#642 = FACE_OUTER_BOUND ( 'NONE', #922, .T. ) ;
#643 = PERSON_AND_ORGANIZATION ( #1081, #371 ) ;
#644 = EDGE_CURVE ( 'NONE', #1367, #867, #1235, .T. ) ;
#645 = VERTEX_POINT ( 'NONE', #1480 ) ;
#646 = DIRECTION ( 'NONE',  ( -1.000000000000000000, 0.000000000000000000, -0.000000000000000000 ) ) ;
#647 = ORIENTED_EDGE ( 'NONE', *, *, #1212, .F. ) ;
#648 = CARTESIAN_POINT ( 'NONE',  ( 0.000000000000000000, 25.50000000000000000, 0.000000000000000000 ) ) ;
#649 = EDGE_CURVE ( 'NONE', #1284, #1090, #234, .T. ) ;
#650 = ORIENTED_EDGE ( 'NONE', *, *, #225, .T. ) ;
#651 = LINE ( 'NONE', #1050, #1234 ) ;
#652 = AXIS2_PLACEMENT_3D ( 'NONE', #979, #1483, #1211 ) ;
#653 = FACE_OUTER_BOUND ( 'NONE', #620, .T. ) ;
#654 = CIRCLE ( 'NONE', #1569, 1.700000000000007061 ) ;
#655 = ORIENTED_EDGE ( 'NONE', *, *, #832, .T. ) ;
#656 = DIRECTION ( 'NONE',  ( 1.000000000000000000, 0.000000000000000000, -0.000000000000000000 ) ) ;
#657 = CIRCLE ( 'NONE', #913, 1.700000000000000178 ) ;
#658 = CIRCLE ( 'NONE', #895, 12.15000000000000036 ) ;
#659 = EDGE_LOOP ( 'NONE', ( #777, #946 ) ) ;
#660 = DIRECTION ( 'NONE',  ( 0.000000000000000000, 1.000000000000000000, 0.000000000000000000 ) ) ;
#661 = EDGE_CURVE ( 'NONE', #64, #1, #362, .T. ) ;
#662 = DIRECTION ( 'NONE',  ( 1.000000000000000000, 0.000000000000000000, 0.000000000000000000 ) ) ;
#663 = EDGE_LOOP ( 'NONE', ( #897, #834, #485, #178 ) ) ;
#664 = ADVANCED_FACE ( 'NONE', ( #866 ), #1097, .F. ) ;
#665 = EDGE_LOOP ( 'NONE', ( #1095, #17 ) ) ;
#666 = CARTESIAN_POINT ( 'NONE',  ( -18.50000000000000355, -19.70322580645161281, -8.000000000000000000 ) ) ;
#667 = DIRECTION ( 'NONE',  ( -0.000000000000000000, -0.000000000000000000, -1.000000000000000000 ) ) ;
#668 = EDGE_CURVE ( 'NONE', #1485, #398, #1122, .T. ) ;
#669 = LINE ( 'NONE', #577, #231 ) ;
#670 = PERSON_AND_ORGANIZATION ( #1081, #371 ) ;
#671 = ORIENTED_EDGE ( 'NONE', *, *, #1256, .T. ) ;
#672 = DIRECTION ( 'NONE',  ( -0.000000000000000000, -0.000000000000000000, -1.000000000000000000 ) ) ;
#673 = FACE_BOUND ( 'NONE', #665, .T. ) ;
#674 = CC_DESIGN_APPROVAL ( #772, ( #814 ) ) ;
#675 = CARTESIAN_POINT ( 'NONE',  ( -9.700000000000006395, 13.85640646055101577, 0.000000000000000000 ) ) ;
#676 = FACE_OUTER_BOUND ( 'NONE', #1441, .T. ) ;
#677 = DIRECTION ( 'NONE',  ( -0.000000000000000000, -1.000000000000000000, -0.000000000000000000 ) ) ;
#678 = CARTESIAN_POINT ( 'NONE',  ( 18.50000000000000000, -19.70322580645161281, -8.000000000000000000 ) ) ;
#679 = VECTOR ( 'NONE', #172, 1000.000000000000000 ) ;
#680 = DATE_TIME_ROLE ( 'creation_date' ) ;
#681 = VERTEX_POINT ( 'NONE', #469 ) ;
#682 = DIRECTION ( 'NONE',  ( 1.000000000000000000, 0.000000000000000000, 0.000000000000000000 ) ) ;
#683 = CIRCLE ( 'NONE', #783, 4.000000000000000000 ) ;
#684 = CIRCLE ( 'NONE', #423, 7.000000000000006217 ) ;
#685 = CARTESIAN_POINT ( 'NONE',  ( -18.50000000000000355, 0.000000000000000000, -8.000000000000000000 ) ) ;
#686 = CARTESIAN_POINT ( 'NONE',  ( -7.999999999999996447, -13.85640646055101932, -8.000000000000000000 ) ) ;
#687 = CARTESIAN_POINT ( 'NONE',  ( 16.26345596729059295, 35.50000000000000000, -144.5634559672905937 ) ) ;
#688 = ORIENTED_EDGE ( 'NONE', *, *, #503, .F. ) ;
#689 = DIRECTION ( 'NONE',  ( -0.000000000000000000, -1.000000000000000000, -0.000000000000000000 ) ) ;
#690 = ORIENTED_EDGE ( 'NONE', *, *, #1265, .F. ) ;
#691 = CARTESIAN_POINT ( 'NONE',  ( -8.000000000000007105, 13.85640646055101577, 0.000000000000000000 ) ) ;
#692 = VERTEX_POINT ( 'NONE', #487 ) ;
#693 = VERTEX_POINT ( 'NONE', #128 ) ;
#694 = DIRECTION ( 'NONE',  ( -0.000000000000000000, -0.000000000000000000, -1.000000000000000000 ) ) ;
#695 = EDGE_CURVE ( 'NONE', #481, #40, #584, .T. ) ;
#696 = LINE ( 'NONE', #1436, #504 ) ;
#697 = EDGE_LOOP ( 'NONE', ( #1049, #1251, #419, #59 ) ) ;
#698 = EDGE_LOOP ( 'NONE', ( #599, #847 ) ) ;
#699 = EDGE_LOOP ( 'NONE', ( #1536, #476, #1500 ) ) ;
#700 = CARTESIAN_POINT ( 'NONE',  ( -25.00000000000000000, 25.50000000000000000, -8.000000000000000000 ) ) ;
#701 = CC_DESIGN_PERSON_AND_ORGANIZATION_ASSIGNMENT ( #921, #1547, ( #325 ) ) ;
#702 = CARTESIAN_POINT ( 'NONE',  ( -30.00000000000000000, 35.50000000000000000, -160.0000000000000000 ) ) ;
#703 = ORIENTED_EDGE ( 'NONE', *, *, #1398, .F. ) ;
#704 = CIRCLE ( 'NONE', #628, 4.000000000000000000 ) ;
#705 = VECTOR ( 'NONE', #1195, 1000.000000000000000 ) ;
#706 = DIRECTION ( 'NONE',  ( 1.000000000000000000, 0.000000000000000000, 0.000000000000000000 ) ) ;
#707 = CARTESIAN_POINT ( 'NONE',  ( -16.26345596729058940, 35.50000000000000000, -144.5634559672905937 ) ) ;
#708 = CARTESIAN_POINT ( 'NONE',  ( -30.00000000000000000, 35.50000000000000000, -8.000000000000000000 ) ) ;
#709 = AXIS2_PLACEMENT_3D ( 'NONE', #1060, #960, #344 ) ;
#710 = DIRECTION ( 'NONE',  ( -0.000000000000000000, -0.000000000000000000, -1.000000000000000000 ) ) ;
#711 = EDGE_CURVE ( 'NONE', #1356, #221, #909, .T. ) ;
#712 = EDGE_LOOP ( 'NONE', ( #1438, #95, #984 ) ) ;
#713 = DIRECTION ( 'NONE',  ( -0.000000000000000000, -0.000000000000000000, -1.000000000000000000 ) ) ;
#714 = EDGE_CURVE ( 'NONE', #961, #766, #420, .T. ) ;
#715 = LINE ( 'NONE', #1581, #884 ) ;
#716 = CARTESIAN_POINT ( 'NONE',  ( 18.50000000000000000, 25.50000000000000000, 0.000000000000000000 ) ) ;
#717 = EDGE_CURVE ( 'NONE', #147, #1146, #605, .T. ) ;
#718 = VERTEX_POINT ( 'NONE', #1486 ) ;
#719 = CARTESIAN_POINT ( 'NONE',  ( -8.000000000000007105, 13.85640646055101577, 0.000000000000000000 ) ) ;
#720 = VERTEX_POINT ( 'NONE', #1459 ) ;
#721 = EDGE_CURVE ( 'NONE', #173, #502, #1389, .T. ) ;
#722 = DIRECTION ( 'NONE',  ( 1.000000000000000000, 0.000000000000000000, 0.000000000000000000 ) ) ;
#723 = DIRECTION ( 'NONE',  ( -0.000000000000000000, -1.000000000000000000, -0.000000000000000000 ) ) ;
#724 = FACE_OUTER_BOUND ( 'NONE', #281, .T. ) ;
#725 = ORIENTED_EDGE ( 'NONE', *, *, #346, .F. ) ;
#726 = CARTESIAN_POINT ( 'NONE',  ( 0.000000000000000000, 25.50000000000000000, -130.0000000000000000 ) ) ;
#727 = ORIENTED_EDGE ( 'NONE', *, *, #112, .T. ) ;
#728 = CARTESIAN_POINT ( 'NONE',  ( 0.000000000000000000, 0.000000000000000000, 0.000000000000000000 ) ) ;
#729 = CYLINDRICAL_SURFACE ( 'NONE', #809, 12.15000000000000036 ) ;
#730 = CARTESIAN_POINT ( 'NONE',  ( 0.000000000000000000, 0.000000000000000000, 0.000000000000000000 ) ) ;
#731 = AXIS2_PLACEMENT_3D ( 'NONE', #125, #829, #1092 ) ;
#732 = ORIENTED_EDGE ( 'NONE', *, *, #1221, .F. ) ;
#733 = VECTOR ( 'NONE', #580, 1000.000000000000000 ) ;
#734 = EDGE_CURVE ( 'NONE', #718, #1288, #137, .T. ) ;
#735 = CIRCLE ( 'NONE', #997, 1.700000000000007061 ) ;
#736 = VECTOR ( 'NONE', #69, 1000.000000000000000 ) ;
#737 = DIRECTION ( 'NONE',  ( -0.000000000000000000, -0.000000000000000000, -1.000000000000000000 ) ) ;
#738 = VERTEX_POINT ( 'NONE', #615 ) ;
#739 = VECTOR ( 'NONE', #876, 1000.000000000000000 ) ;
#740 = CARTESIAN_POINT ( 'NONE',  ( 16.26345596729058585, 35.50000000000000000, -115.4365440327094205 ) ) ;
#741 = CARTESIAN_POINT ( 'NONE',  ( 18.50000000000000000, 0.000000000000000000, -8.000000000000000000 ) ) ;
#742 = LINE ( 'NONE', #970, #739 ) ;
#743 = ORIENTED_EDGE ( 'NONE', *, *, #207, .F. ) ;
#744 = CARTESIAN_POINT ( 'NONE',  ( -24.50000000000000000, -20.00000000000000000, -7.500000000000000000 ) ) ;
#745 = ORIENTED_EDGE ( 'NONE', *, *, #734, .T. ) ;
#746 = DIRECTION ( 'NONE',  ( 0.000000000000000000, 0.000000000000000000, 1.000000000000000000 ) ) ;
#747 = ORIENTED_EDGE ( 'NONE', *, *, #44, .T. ) ;
#748 = FACE_BOUND ( 'NONE', #1136, .T. ) ;
#749 = EDGE_LOOP ( 'NONE', ( #977, #232, #153, #597 ) ) ;
#750 = MANIFOLD_SOLID_BREP ( 'Gusset_Back', #1100 ) ;
#751 = ORIENTED_EDGE ( 'NONE', *, *, #959, .F. ) ;
#752 = VERTEX_POINT ( 'NONE', #23 ) ;
#753 = ADVANCED_FACE ( 'NONE', ( #1370 ), #621, .F. ) ;
#754 = LINE ( 'NONE', #1254, #474 ) ;
#755 = CARTESIAN_POINT ( 'NONE',  ( 17.69999999999999929, 2.081899558550500526E-16, -8.000000000000000000 ) ) ;
#756 = VECTOR ( 'NONE', #259, 1000.000000000000000 ) ;
#757 = ORIENTED_EDGE ( 'NONE', *, *, #1155, .T. ) ;
#758 = AXIS2_PLACEMENT_3D ( 'NONE', #523, #901, #1126 ) ;
#759 = VECTOR ( 'NONE', #70, 1000.000000000000000 ) ;
#760 = AXIS2_PLACEMENT_3D ( 'NONE', #728, #378, #496 ) ;
#761 = FACE_BOUND ( 'NONE', #1269, .T. ) ;
#762 = VERTEX_POINT ( 'NONE', #823 ) ;
#763 = CARTESIAN_POINT ( 'NONE',  ( -24.50000000000000000, 0.000000000000000000, 0.000000000000000000 ) ) ;
#764 = EDGE_CURVE ( 'NONE', #253, #102, #1019, .T. ) ;
#765 = CARTESIAN_POINT ( 'NONE',  ( 0.000000000000000000, 0.000000000000000000, 0.000000000000000000 ) ) ;
#766 = VERTEX_POINT ( 'NONE', #828 ) ;
#767 = FACE_OUTER_BOUND ( 'NONE', #22, .T. ) ;
#768 = CARTESIAN_POINT ( 'NONE',  ( -6.299999999999996270, -13.85640646055101932, -8.000000000000000000 ) ) ;
#769 = ORIENTED_EDGE ( 'NONE', *, *, #983, .F. ) ;
#770 = EDGE_CURVE ( 'NONE', #693, #1359, #1046, .T. ) ;
#771 = DIRECTION ( 'NONE',  ( 0.000000000000000000, 0.000000000000000000, -1.000000000000000000 ) ) ;
#772 = APPROVAL ( #561, 'UNSPECIFIED' ) ;
#773 = EDGE_LOOP ( 'NONE', ( #272, #1169, #671, #606 ) ) ;
#774 = CARTESIAN_POINT ( 'NONE',  ( 16.00000000000000000, 0.000000000000000000, 0.000000000000000000 ) ) ;
#775 = LINE ( 'NONE', #176, #132 ) ;
#776 = ORIENTED_EDGE ( 'NONE', *, *, #1345, .F. ) ;
#777 = ORIENTED_EDGE ( 'NONE', *, *, #273, .T. ) ;
#778 = AXIS2_PLACEMENT_3D ( 'NONE', #331, #1322, #305 ) ;
#779 = ADVANCED_FACE ( 'NONE', ( #1549 ), #1289, .F. ) ;
#780 = CIRCLE ( 'NONE', #1362, 1.700000000000000178 ) ;
#781 = DIRECTION ( 'NONE',  ( 1.000000000000000000, 0.000000000000000000, 0.000000000000000000 ) ) ;
#782 = ORIENTED_EDGE ( 'NONE', *, *, #1516, .T. ) ;
#783 = AXIS2_PLACEMENT_3D ( 'NONE', #228, #1191, #706 ) ;
#784 = DIRECTION ( 'NONE',  ( -0.000000000000000000, -0.000000000000000000, 1.000000000000000000 ) ) ;
#785 = VECTOR ( 'NONE', #1150, 1000.000000000000000 ) ;
#786 = CARTESIAN_POINT ( 'NONE',  ( 0.000000000000000000, 0.000000000000000000, -8.000000000000000000 ) ) ;
#787 = CARTESIAN_POINT ( 'NONE',  ( -30.00000000000000000, 35.50000000000000000, -8.000000000000000000 ) ) ;
#788 = ADVANCED_FACE ( 'NONE', ( #193 ), #1166, .F. ) ;
#789 = DIRECTION ( 'NONE',  ( -0.000000000000000000, -1.000000000000000000, -0.000000000000000000 ) ) ;
#790 = CARTESIAN_POINT ( 'NONE',  ( -12.15000000000000036, 1.487945860964034377E-15, -2.200000000000000178 ) ) ;
#791 = VERTEX_POINT ( 'NONE', #329 ) ;
#792 = EDGE_CURVE ( 'NONE', #49, #398, #683, .T. ) ;
#793 = CARTESIAN_POINT ( 'NONE',  ( 0.000000000000000000, 0.000000000000000000, -2.200000000000000178 ) ) ;
#794 = DIRECTION ( 'NONE',  ( -0.000000000000000000, -0.000000000000000000, -1.000000000000000000 ) ) ;
#795 = DIRECTION ( 'NONE',  ( -1.000000000000000000, -0.000000000000000000, -0.000000000000000000 ) ) ;
#796 = CARTESIAN_POINT ( 'NONE',  ( 8.000000000000001776, 13.85640646055101755, 0.000000000000000000 ) ) ;
#797 = LINE ( 'NONE', #1287, #705 ) ;
#798 = APPROVAL_ROLE ( '' ) ;
#799 = EDGE_CURVE ( 'NONE', #434, #147, #96, .T. ) ;
#800 = ORIENTED_EDGE ( 'NONE', *, *, #1516, .F. ) ;
#801 = LINE ( 'NONE', #1321, #156 ) ;
#802 = LINE ( 'NONE', #1300, #1538 ) ;
#803 = ORIENTED_EDGE ( 'NONE', *, *, #1437, .T. ) ;
#804 = DIRECTION ( 'NONE',  ( 0.000000000000000000, 0.000000000000000000, 1.000000000000000000 ) ) ;
#805 = ORIENTED_EDGE ( 'NONE', *, *, #48, .T. ) ;
#806 = FACE_OUTER_BOUND ( 'NONE', #289, .T. ) ;
#807 = VECTOR ( 'NONE', #343, 1000.000000000000000 ) ;
#808 = DIRECTION ( 'NONE',  ( -0.000000000000000000, -0.000000000000000000, 1.000000000000000000 ) ) ;
#809 = AXIS2_PLACEMENT_3D ( 'NONE', #366, #953, #119 ) ;
#810 = COORDINATED_UNIVERSAL_TIME_OFFSET ( 5, 30, .AHEAD. ) ;
#811 = ORIENTED_EDGE ( 'NONE', *, *, #1137, .F. ) ;
#812 = VECTOR ( 'NONE', #493, 1000.000000000000114 ) ;
#813 = CARTESIAN_POINT ( 'NONE',  ( 6.300000000000001599, -13.85640646055101755, 0.000000000000000000 ) ) ;
#814 = PRODUCT_DEFINITION ( 'UNKNOWN', '', #325, #1342 ) ;
#815 = CIRCLE ( 'NONE', #380, 1.700000000000000178 ) ;
#816 = ORIENTED_EDGE ( 'NONE', *, *, #93, .T. ) ;
#817 = DIRECTION ( 'NONE',  ( 0.000000000000000000, -1.000000000000000000, 0.000000000000000000 ) ) ;
#818 = CARTESIAN_POINT ( 'NONE',  ( -24.50000000000000000, 0.000000000000000000, -8.000000000000000000 ) ) ;
#819 = EDGE_CURVE ( 'NONE', #1350, #1284, #422, .T. ) ;
#820 = DIRECTION ( 'NONE',  ( 0.000000000000000000, 1.000000000000000000, 0.000000000000000000 ) ) ;
#821 = MECHANICAL_CONTEXT ( 'NONE', #1487, 'mechanical' ) ;
#822 = ORIENTED_EDGE ( 'NONE', *, *, #389, .T. ) ;
#823 = CARTESIAN_POINT ( 'NONE',  ( 25.00000000000000000, -25.00000000000000000, 0.000000000000000000 ) ) ;
#824 = ORIENTED_EDGE ( 'NONE', *, *, #217, .T. ) ;
#825 = DIRECTION ( 'NONE',  ( -0.000000000000000000, 1.000000000000000000, -0.000000000000000000 ) ) ;
#826 = FACE_OUTER_BOUND ( 'NONE', #361, .T. ) ;
#827 = ORIENTED_EDGE ( 'NONE', *, *, #919, .F. ) ;
#828 = CARTESIAN_POINT ( 'NONE',  ( 16.26345596729058585, 35.50000000000000000, -112.0365440327094007 ) ) ;
#829 = DIRECTION ( 'NONE',  ( 0.000000000000000000, 0.000000000000000000, 1.000000000000000000 ) ) ;
#830 = FACE_OUTER_BOUND ( 'NONE', #1236, .T. ) ;
#831 = VERTEX_POINT ( 'NONE', #944 ) ;
#832 = EDGE_CURVE ( 'NONE', #1464, #345, #590, .T. ) ;
#833 = DIRECTION ( 'NONE',  ( 1.000000000000000000, 0.000000000000000000, 0.000000000000000000 ) ) ;
#834 = ORIENTED_EDGE ( 'NONE', *, *, #799, .T. ) ;
#835 = VECTOR ( 'NONE', #817, 1000.000000000000000 ) ;
#836 = VECTOR ( 'NONE', #520, 1000.000000000000114 ) ;
#837 = FACE_OUTER_BOUND ( 'NONE', #468, .T. ) ;
#838 = AXIS2_PLACEMENT_3D ( 'NONE', #1349, #955, #247 ) ;
#839 = DIRECTION ( 'NONE',  ( 0.000000000000000000, 0.000000000000000000, 1.000000000000000000 ) ) ;
#840 = AXIS2_PLACEMENT_3D ( 'NONE', #432, #111, #1564 ) ;
#841 = LINE ( 'NONE', #1451, #334 ) ;
#842 = VECTOR ( 'NONE', #929, 1000.000000000000000 ) ;
#843 = ORIENTED_EDGE ( 'NONE', *, *, #409, .T. ) ;
#844 = VECTOR ( 'NONE', #575, 1000.000000000000000 ) ;
#845 = EDGE_CURVE ( 'NONE', #1367, #994, #801, .T. ) ;
#846 = CARTESIAN_POINT ( 'NONE',  ( -30.00000000000000000, 25.50000000000000000, -8.000000000000000000 ) ) ;
#847 = ORIENTED_EDGE ( 'NONE', *, *, #158, .T. ) ;
#848 = DIRECTION ( 'NONE',  ( 0.000000000000000000, 1.000000000000000000, 0.000000000000000000 ) ) ;
#849 = CARTESIAN_POINT ( 'NONE',  ( 6.300000000000001599, -13.85640646055101755, -8.000000000000000000 ) ) ;
#850 = FACE_OUTER_BOUND ( 'NONE', #995, .T. ) ;
#851 = DIRECTION ( 'NONE',  ( 0.000000000000000000, 0.000000000000000000, -1.000000000000000000 ) ) ;
#852 = EDGE_LOOP ( 'NONE', ( #1025, #379, #743, #1064 ) ) ;
#853 = CARTESIAN_POINT ( 'NONE',  ( -16.26345596729059650, 25.50000000000000000, -112.0365440327094007 ) ) ;
#854 = CARTESIAN_POINT ( 'NONE',  ( -7.999999999999996447, -13.85640646055101932, 0.000000000000000000 ) ) ;
#855 = FACE_OUTER_BOUND ( 'NONE', #641, .T. ) ;
#856 = ORIENTED_EDGE ( 'NONE', *, *, #67, .T. ) ;
#857 = ORIENTED_EDGE ( 'NONE', *, *, #1231, .F. ) ;
#858 = DIRECTION ( 'NONE',  ( 0.000000000000000000, 0.000000000000000000, 1.000000000000000000 ) ) ;
#859 = ORIENTED_EDGE ( 'NONE', *, *, #4, .T. ) ;
#860 = DIRECTION ( 'NONE',  ( 0.000000000000000000, 0.000000000000000000, 1.000000000000000000 ) ) ;
#861 = CARTESIAN_POINT ( 'NONE',  ( 8.572527594031465301E-16, 25.50000000000000000, -123.0000000000000000 ) ) ;
#862 = CARTESIAN_POINT ( 'NONE',  ( -25.00000000000000000, 35.50000000000000000, 0.000000000000000000 ) ) ;
#863 = CIRCLE ( 'NONE', #374, 1.700000000000007061 ) ;
#864 = VERTEX_POINT ( 'NONE', #451 ) ;
#865 = AXIS2_PLACEMENT_3D ( 'NONE', #326, #404, #287 ) ;
#866 = FACE_OUTER_BOUND ( 'NONE', #1113, .T. ) ;
#867 = VERTEX_POINT ( 'NONE', #1299 ) ;
#868 = CARTESIAN_POINT ( 'NONE',  ( 16.26345596729058585, 25.50000000000000000, -113.7365440327094177 ) ) ;
#869 = ORIENTED_EDGE ( 'NONE', *, *, #1151, .F. ) ;
#870 = CARTESIAN_POINT ( 'NONE',  ( 30.00000000000000000, 35.50000000000000000, -8.000000000000000000 ) ) ;
#871 = FACE_BOUND ( 'NONE', #1245, .T. ) ;
#872 = EDGE_LOOP ( 'NONE', ( #1196, #776 ) ) ;
#873 = EDGE_LOOP ( 'NONE', ( #143, #647, #1376, #1083 ) ) ;
#874 = VERTEX_POINT ( 'NONE', #1328 ) ;
#875 = CARTESIAN_POINT ( 'NONE',  ( 16.26345596729059295, 35.50000000000000000, -146.2634559672905823 ) ) ;
#876 = DIRECTION ( 'NONE',  ( 1.000000000000000000, 0.000000000000000000, 0.000000000000000000 ) ) ;
#877 = ORIENTED_EDGE ( 'NONE', *, *, #499, .T. ) ;
#878 = AXIS2_PLACEMENT_3D ( 'NONE', #1364, #1112, #491 ) ;
#879 = CARTESIAN_POINT ( 'NONE',  ( 6.300000000000001599, 13.85640646055101755, 0.000000000000000000 ) ) ;
#880 = ORIENTED_EDGE ( 'NONE', *, *, #346, .T. ) ;
#881 = EDGE_CURVE ( 'NONE', #221, #1356, #130, .T. ) ;
#882 = FACE_BOUND ( 'NONE', #450, .T. ) ;
#883 = APPROVAL_STATUS ( 'not_yet_approved' ) ;
#884 = VECTOR ( 'NONE', #229, 1000.000000000000000 ) ;
#885 = ORIENTED_EDGE ( 'NONE', *, *, #1430, .T. ) ;
#886 = CARTESIAN_POINT ( 'NONE',  ( -16.26345596729058940, 35.50000000000000000, -147.9634559672905993 ) ) ;
#887 = AXIS2_PLACEMENT_3D ( 'NONE', #369, #858, #1358 ) ;
#888 = VECTOR ( 'NONE', #321, 1000.000000000000000 ) ;
#889 = EDGE_CURVE ( 'NONE', #1485, #738, #1230, .T. ) ;
#890 = CYLINDRICAL_SURFACE ( 'NONE', #1392, 1.700000000000000178 ) ;
#891 = AXIS2_PLACEMENT_3D ( 'NONE', #162, #58, #1286 ) ;
#892 = CARTESIAN_POINT ( 'NONE',  ( 9.700000000000002842, 13.85640646055101755, 0.000000000000000000 ) ) ;
#893 = CC_DESIGN_PERSON_AND_ORGANIZATION_ASSIGNMENT ( #636, #63, ( #1550 ) ) ;
#894 = ORIENTED_EDGE ( 'NONE', *, *, #1324, .T. ) ;
#895 = AXIS2_PLACEMENT_3D ( 'NONE', #1323, #954, #324 ) ;
#896 = DIRECTION ( 'NONE',  ( 0.000000000000000000, 0.000000000000000000, -1.000000000000000000 ) ) ;
#897 = ORIENTED_EDGE ( 'NONE', *, *, #1231, .T. ) ;
#898 = CYLINDRICAL_SURFACE ( 'NONE', #455, 1.700000000000007061 ) ;
#899 = CARTESIAN_POINT ( 'NONE',  ( 30.00000000000000000, 35.50000000000000000, -8.000000000000000000 ) ) ;
#900 = VERTEX_POINT ( 'NONE', #103 ) ;
#901 = DIRECTION ( 'NONE',  ( 0.000000000000000000, 1.000000000000000000, 0.000000000000000000 ) ) ;
#902 = VERTEX_POINT ( 'NONE', #951 ) ;
#903 = PLANE ( 'NONE',  #1259 ) ;
#904 = ORIENTED_EDGE ( 'NONE', *, *, #499, .F. ) ;
#905 = CYLINDRICAL_SURFACE ( 'NONE', #778, 1.700000000000007061 ) ;
#906 = LINE ( 'NONE', #315, #1472 ) ;
#907 = VECTOR ( 'NONE', #101, 1000.000000000000000 ) ;
#908 = ADVANCED_FACE ( 'NONE', ( #1455 ), #372, .F. ) ;
#909 = CIRCLE ( 'NONE', #1128, 1.700000000000000178 ) ;
#910 = LINE ( 'NONE', #1013, #785 ) ;
#911 = APPROVAL_ROLE ( '' ) ;
#912 = VERTEX_POINT ( 'NONE', #853 ) ;
#913 = AXIS2_PLACEMENT_3D ( 'NONE', #1267, #1026, #169 ) ;
#914 = DIRECTION ( 'NONE',  ( 0.000000000000000000, 0.000000000000000000, 1.000000000000000000 ) ) ;
#915 = PLANE ( 'NONE',  #1568 ) ;
#916 = ORIENTED_EDGE ( 'NONE', *, *, #717, .T. ) ;
#917 = CARTESIAN_POINT ( 'NONE',  ( 9.700000000000002842, -13.85640646055101755, -8.000000000000000000 ) ) ;
#918 = DIRECTION ( 'NONE',  ( -0.000000000000000000, -1.000000000000000000, -0.000000000000000000 ) ) ;
#919 = EDGE_CURVE ( 'NONE', #1359, #912, #735, .T. ) ;
#920 = CARTESIAN_POINT ( 'NONE',  ( -16.26345596729058940, 35.50000000000000000, -146.2634559672905823 ) ) ;
#921 = PERSON_AND_ORGANIZATION ( #1081, #371 ) ;
#922 = EDGE_LOOP ( 'NONE', ( #501, #1124, #1298 ) ) ;
#923 = CARTESIAN_POINT ( 'NONE',  ( -30.00000000000000000, 35.50000000000000000, -8.000000000000000000 ) ) ;
#924 = DIRECTION ( 'NONE',  ( 0.000000000000000000, 0.000000000000000000, -1.000000000000000000 ) ) ;
#925 = EDGE_LOOP ( 'NONE', ( #634, #894 ) ) ;
#926 = CARTESIAN_POINT ( 'NONE',  ( 9.700000000000002842, -13.85640646055101755, 0.000000000000000000 ) ) ;
#927 = CYLINDRICAL_SURFACE ( 'NONE', #356, 1.700000000000000178 ) ;
#928 = EDGE_CURVE ( 'NONE', #791, #1548, #1281, .T. ) ;
#929 = DIRECTION ( 'NONE',  ( -0.000000000000000000, -1.000000000000000000, -0.000000000000000000 ) ) ;
#930 = LINE ( 'NONE', #1578, #1038 ) ;
#931 = APPLICATION_PROTOCOL_DEFINITION ( 'international standard', 'config_control_design', 1994, #267 ) ;
#932 = ORIENTED_EDGE ( 'NONE', *, *, #177, .F. ) ;
#933 = ADVANCED_FACE ( 'NONE', ( #837 ), #471, .F. ) ;
#934 = LINE ( 'NONE', #813, #1276 ) ;
#935 = APPROVAL_PERSON_ORGANIZATION ( #318, #772, #1297 ) ;
#936 = EDGE_CURVE ( 'NONE', #645, #6, #993, .T. ) ;
#937 = CARTESIAN_POINT ( 'NONE',  ( 16.26345596729058585, 25.50000000000000000, -112.0365440327094007 ) ) ;
#938 = DIRECTION ( 'NONE',  ( -0.000000000000000000, 0.000000000000000000, -1.000000000000000000 ) ) ;
#939 = ORIENTED_EDGE ( 'NONE', *, *, #438, .T. ) ;
#940 = EDGE_CURVE ( 'NONE', #1177, #1182, #210, .T. ) ;
#941 = DIRECTION ( 'NONE',  ( -0.000000000000000000, -0.000000000000000000, -1.000000000000000000 ) ) ;
#942 = CIRCLE ( 'NONE', #630, 1.700000000000000178 ) ;
#943 = ORIENTED_EDGE ( 'NONE', *, *, #764, .T. ) ;
#944 = CARTESIAN_POINT ( 'NONE',  ( 16.26345596729058585, 25.50000000000000000, -115.4365440327094205 ) ) ;
#945 = PRODUCT_RELATED_PRODUCT_CATEGORY ( 'detail', '', ( #1550 ) ) ;
#946 = ORIENTED_EDGE ( 'NONE', *, *, #1398, .T. ) ;
#947 = ADVANCED_FACE ( 'NONE', ( #988 ), #1361, .F. ) ;
#948 = LINE ( 'NONE', #818, #1522 ) ;
#949 = CYLINDRICAL_SURFACE ( 'NONE', #968, 7.000000000000006217 ) ;
#950 = EDGE_LOOP ( 'NONE', ( #1450, #1028 ) ) ;
#951 = CARTESIAN_POINT ( 'NONE',  ( -25.00000000000000000, 35.50000000000000000, 0.000000000000000000 ) ) ;
#952 = EDGE_CURVE ( 'NONE', #1288, #752, #482, .T. ) ;
#953 = DIRECTION ( 'NONE',  ( -0.000000000000000000, -0.000000000000000000, 1.000000000000000000 ) ) ;
#954 = DIRECTION ( 'NONE',  ( 0.000000000000000000, 0.000000000000000000, 1.000000000000000000 ) ) ;
#955 = DIRECTION ( 'NONE',  ( 0.000000000000000000, 1.000000000000000000, 0.000000000000000000 ) ) ;
#956 = ORIENTED_EDGE ( 'NONE', *, *, #637, .T. ) ;
#957 = DIRECTION ( 'NONE',  ( 1.000000000000000000, 0.000000000000000000, 0.000000000000000000 ) ) ;
#958 = DIRECTION ( 'NONE',  ( 0.000000000000000000, 1.000000000000000000, 0.000000000000000000 ) ) ;
#959 = EDGE_CURVE ( 'NONE', #1515, #1090, #80, .T. ) ;
#960 = DIRECTION ( 'NONE',  ( -0.000000000000000000, -1.000000000000000000, -0.000000000000000000 ) ) ;
#961 = VERTEX_POINT ( 'NONE', #740 ) ;
#962 = DIRECTION ( 'NONE',  ( 1.000000000000000000, 0.000000000000000000, 0.000000000000000000 ) ) ;
#963 = ORIENTED_EDGE ( 'NONE', *, *, #1063, .T. ) ;
#964 = VECTOR ( 'NONE', #1111, 1000.000000000000000 ) ;
#965 = VECTOR ( 'NONE', #35, 1000.000000000000000 ) ;
#966 = CARTESIAN_POINT ( 'NONE',  ( -30.00000000000000000, 25.50000000000000000, -160.0000000000000000 ) ) ;
#967 = EDGE_CURVE ( 'NONE', #1494, #874, #477, .T. ) ;
#968 = AXIS2_PLACEMENT_3D ( 'NONE', #1453, #341, #1325 ) ;
#969 = DIRECTION ( 'NONE',  ( -0.000000000000000000, -0.000000000000000000, -1.000000000000000000 ) ) ;
#970 = CARTESIAN_POINT ( 'NONE',  ( -30.00000000000000000, 25.50000000000000000, -8.000000000000000000 ) ) ;
#971 = AXIS2_PLACEMENT_3D ( 'NONE', #1400, #45, #1273 ) ;
#972 = ORIENTED_EDGE ( 'NONE', *, *, #117, .F. ) ;
#973 = ORIENTED_EDGE ( 'NONE', *, *, #158, .F. ) ;
#974 = VECTOR ( 'NONE', #1503, 1000.000000000000000 ) ;
#975 = CC_DESIGN_DATE_AND_TIME_ASSIGNMENT ( #1510, #430, ( #1435 ) ) ;
#976 = DIRECTION ( 'NONE',  ( -0.000000000000000000, -0.000000000000000000, -1.000000000000000000 ) ) ;
#977 = ORIENTED_EDGE ( 'NONE', *, *, #99, .F. ) ;
#978 = DIRECTION ( 'NONE',  ( 0.000000000000000000, 1.000000000000000000, 0.000000000000000000 ) ) ;
#979 = CARTESIAN_POINT ( 'NONE',  ( 8.000000000000001776, 13.85640646055101755, -8.000000000000000000 ) ) ;
#980 = CARTESIAN_POINT ( 'NONE',  ( 0.000000000000000000, 35.50000000000000000, -137.0000000000000000 ) ) ;
#981 = DIRECTION ( 'NONE',  ( 0.000000000000000000, 0.000000000000000000, 1.000000000000000000 ) ) ;
#982 = LINE ( 'NONE', #483, #276 ) ;
#983 = EDGE_CURVE ( 'NONE', #55, #831, #400, .T. ) ;
#984 = ORIENTED_EDGE ( 'NONE', *, *, #1369, .T. ) ;
#985 = LINE ( 'NONE', #996, #579 ) ;
#986 = CYLINDRICAL_SURFACE ( 'NONE', #77, 1.700000000000007061 ) ;
#987 = ORIENTED_EDGE ( 'NONE', *, *, #197, .F. ) ;
#988 = FACE_OUTER_BOUND ( 'NONE', #412, .T. ) ;
#989 = ORIENTED_EDGE ( 'NONE', *, *, #928, .T. ) ;
#990 = VECTOR ( 'NONE', #1554, 1000.000000000000000 ) ;
#991 = DIRECTION ( 'NONE',  ( -1.000000000000000000, 0.000000000000000000, 0.000000000000000000 ) ) ;
#992 = CARTESIAN_POINT ( 'NONE',  ( 24.50000000000000000, -20.00000000000000000, -7.500000000000000000 ) ) ;
#993 = CIRCLE ( 'NONE', #1469, 1.700000000000000178 ) ;
#994 = VERTEX_POINT ( 'NONE', #1091 ) ;
#995 = EDGE_LOOP ( 'NONE', ( #1139, #1107, #1165, #1000, #803, #655, #7, #1377 ) ) ;
#996 = CARTESIAN_POINT ( 'NONE',  ( 25.00000000000000000, 35.50000000000000000, 0.000000000000000000 ) ) ;
#997 = AXIS2_PLACEMENT_3D ( 'NONE', #600, #978, #25 ) ;
#998 = CIRCLE ( 'NONE', #1498, 7.000000000000006217 ) ;
#999 = ORIENTED_EDGE ( 'NONE', *, *, #299, .T. ) ;
#1000 = ORIENTED_EDGE ( 'NONE', *, *, #207, .T. ) ;
#1001 = DIRECTION ( 'NONE',  ( 1.000000000000000000, 0.000000000000000000, -0.000000000000000000 ) ) ;
#1002 = LINE ( 'NONE', #1105, #456 ) ;
#1003 = VERTEX_POINT ( 'NONE', #464 ) ;
#1004 = LINE ( 'NONE', #1505, #836 ) ;
#1005 = EDGE_CURVE ( 'NONE', #738, #1485, #607, .T. ) ;
#1006 = DIRECTION ( 'NONE',  ( -0.000000000000000000, 0.000000000000000000, -1.000000000000000000 ) ) ;
#1007 = ORIENTED_EDGE ( 'NONE', *, *, #936, .F. ) ;
#1008 = LINE ( 'NONE', #268, #679 ) ;
#1009 = COORDINATED_UNIVERSAL_TIME_OFFSET ( 5, 30, .AHEAD. ) ;
#1010 = ADVANCED_FACE ( 'NONE', ( #1244 ), #1580, .F. ) ;
#1011 = ORIENTED_EDGE ( 'NONE', *, *, #254, .T. ) ;
#1012 = APPROVAL_PERSON_ORGANIZATION ( #643, #220, #911 ) ;
#1013 = CARTESIAN_POINT ( 'NONE',  ( -18.50000000000000355, 25.50000000000000000, 0.000000000000000000 ) ) ;
#1014 = EDGE_LOOP ( 'NONE', ( #26, #956, #843, #1067 ) ) ;
#1015 = PLANE ( 'NONE',  #1305 ) ;
#1016 = ORIENTED_EDGE ( 'NONE', *, *, #1577, .T. ) ;
#1017 = CIRCLE ( 'NONE', #758, 7.000000000000006217 ) ;
#1018 = DIRECTION ( 'NONE',  ( 0.000000000000000000, 0.000000000000000000, 1.000000000000000000 ) ) ;
#1019 = CIRCLE ( 'NONE', #1444, 1.700000000000000178 ) ;
#1020 = DIRECTION ( 'NONE',  ( -1.000000000000000000, 0.000000000000000000, 0.000000000000000000 ) ) ;
#1021 = AXIS2_PLACEMENT_3D ( 'NONE', #1053, #1187, #547 ) ;
#1022 = ORIENTED_EDGE ( 'NONE', *, *, #261, .F. ) ;
#1023 = VECTOR ( 'NONE', #1582, 1000.000000000000000 ) ;
#1024 = CARTESIAN_POINT ( 'NONE',  ( 0.000000000000000000, -19.70322580645161281, -8.000000000000000000 ) ) ;
#1025 = ORIENTED_EDGE ( 'NONE', *, *, #327, .T. ) ;
#1026 = DIRECTION ( 'NONE',  ( 0.000000000000000000, 0.000000000000000000, 1.000000000000000000 ) ) ;
#1027 = LINE ( 'NONE', #899, #479 ) ;
#1028 = ORIENTED_EDGE ( 'NONE', *, *, #167, .F. ) ;
#1029 = DIRECTION ( 'NONE',  ( 0.000000000000000000, 0.000000000000000000, 1.000000000000000000 ) ) ;
#1030 = CARTESIAN_POINT ( 'NONE',  ( 0.000000000000000000, 35.50000000000000000, -137.0000000000000000 ) ) ;
#1031 = DIRECTION ( 'NONE',  ( 1.000000000000000000, 0.000000000000000000, -0.000000000000000000 ) ) ;
#1032 = ADVANCED_BREP_SHAPE_REPRESENTATION ( 'JX1_UpperArm_R', ( #750, #495 ), #1093 ) ;
#1033 = APPROVAL_DATE_TIME ( #1141, #1115 ) ;
#1034 = ORIENTED_EDGE ( 'NONE', *, *, #764, .F. ) ;
#1035 = CARTESIAN_POINT ( 'NONE',  ( -16.26345596729059650, 35.50000000000000000, -112.0365440327094007 ) ) ;
#1036 = ORIENTED_EDGE ( 'NONE', *, *, #928, .F. ) ;
#1037 = CARTESIAN_POINT ( 'NONE',  ( -16.26345596729059650, 35.50000000000000000, -113.7365440327094177 ) ) ;
#1038 = VECTOR ( 'NONE', #689, 1000.000000000000000 ) ;
#1039 = AXIS2_PLACEMENT_3D ( 'NONE', #726, #1225, #981 ) ;
#1040 = CYLINDRICAL_SURFACE ( 'NONE', #587, 1.700000000000007061 ) ;
#1041 = AXIS2_PLACEMENT_3D ( 'NONE', #1482, #1372, #12 ) ;
#1042 = DIRECTION ( 'NONE',  ( -0.000000000000000000, 0.000000000000000000, -1.000000000000000000 ) ) ;
#1043 = DIRECTION ( 'NONE',  ( 1.000000000000000000, 0.000000000000000000, 0.000000000000000000 ) ) ;
#1044 = ORIENTED_EDGE ( 'NONE', *, *, #1181, .T. ) ;
#1045 = CIRCLE ( 'NONE', #1178, 1.700000000000000178 ) ;
#1046 = LINE ( 'NONE', #338, #733 ) ;
#1047 = LINE ( 'NONE', #1290, #1332 ) ;
#1048 = AXIS2_PLACEMENT_3D ( 'NONE', #1330, #694, #1463 ) ;
#1049 = ORIENTED_EDGE ( 'NONE', *, *, #1005, .T. ) ;
#1050 = CARTESIAN_POINT ( 'NONE',  ( 24.50000000000000000, -20.00000000000000000, -7.500000000000000000 ) ) ;
#1051 = PRODUCT_DEFINITION_SHAPE ( 'NONE', 'NONE',  #814 ) ;
#1052 = EDGE_CURVE ( 'NONE', #1533, #97, #2, .T. ) ;
#1053 = CARTESIAN_POINT ( 'NONE',  ( 30.00000000000000000, 35.50000000000000000, -160.0000000000000000 ) ) ;
#1054 = EDGE_CURVE ( 'NONE', #434, #1504, #998, .T. ) ;
#1055 = CARTESIAN_POINT ( 'NONE',  ( 18.50000000000000000, 25.50000000000000355, -84.15760869565220048 ) ) ;
#1056 = APPROVAL_DATE_TIME ( #310, #772 ) ;
#1057 = ORIENTED_EDGE ( 'NONE', *, *, #1334, .T. ) ;
#1058 = CARTESIAN_POINT ( 'NONE',  ( 16.26345596729059295, 35.50000000000000000, -146.2634559672905823 ) ) ;
#1059 = ORIENTED_EDGE ( 'NONE', *, *, #1181, .F. ) ;
#1060 = CARTESIAN_POINT ( 'NONE',  ( 0.000000000000000000, 35.50000000000000000, -130.0000000000000000 ) ) ;
#1061 = EDGE_CURVE ( 'NONE', #97, #1409, #242, .T. ) ;
#1062 = FACE_OUTER_BOUND ( 'NONE', #852, .T. ) ;
#1063 = EDGE_CURVE ( 'NONE', #192, #502, #1217, .T. ) ;
#1064 = ORIENTED_EDGE ( 'NONE', *, *, #1137, .T. ) ;
#1065 = PLANE ( 'NONE',  #1410 ) ;
#1066 = CALENDAR_DATE ( 2026, 24, 9 ) ;
#1067 = ORIENTED_EDGE ( 'NONE', *, *, #711, .F. ) ;
#1068 = EDGE_CURVE ( 'NONE', #203, #66, #1045, .T. ) ;
#1069 = DIRECTION ( 'NONE',  ( -0.000000000000000000, -1.000000000000000000, -0.000000000000000000 ) ) ;
#1070 = EDGE_LOOP ( 'NONE', ( #1022, #1114, #885, #286 ) ) ;
#1071 = CARTESIAN_POINT ( 'NONE',  ( 14.30000000000000071, 0.000000000000000000, 0.000000000000000000 ) ) ;
#1072 = CARTESIAN_POINT ( 'NONE',  ( -25.00000000000000000, -25.00000000000000000, 0.000000000000000000 ) ) ;
#1073 = AXIS2_PLACEMENT_3D ( 'NONE', #648, #1502, #165 ) ;
#1074 = ORIENTED_EDGE ( 'NONE', *, *, #265, .F. ) ;
#1075 = DIRECTION ( 'NONE',  ( 1.000000000000000000, 0.000000000000000000, 0.000000000000000000 ) ) ;
#1076 = AXIS2_PLACEMENT_3D ( 'NONE', #405, #1031, #308 ) ;
#1077 = DIRECTION ( 'NONE',  ( 1.000000000000000000, 0.000000000000000000, 0.000000000000000000 ) ) ;
#1078 = DIRECTION ( 'NONE',  ( 0.000000000000000000, 0.000000000000000000, 1.000000000000000000 ) ) ;
#1079 = EDGE_CURVE ( 'NONE', #64, #752, #910, .T. ) ;
#1080 = ORIENTED_EDGE ( 'NONE', *, *, #363, .F. ) ;
#1081 = PERSON ( 'UNSPECIFIED', 'UNSPECIFIED', 'UNSPECIFIED', ('UNSPECIFIED'), ('UNSPECIFIED'), ('UNSPECIFIED') ) ;
#1082 = CARTESIAN_POINT ( 'NONE',  ( 16.26345596729059295, 35.50000000000000000, -146.2634559672905823 ) ) ;
#1083 = ORIENTED_EDGE ( 'NONE', *, *, #622, .T. ) ;
#1084 = DIRECTION ( 'NONE',  ( 1.000000000000000000, 0.000000000000000000, 0.000000000000000000 ) ) ;
#1085 = DIRECTION ( 'NONE',  ( 0.000000000000000000, 0.000000000000000000, -1.000000000000000000 ) ) ;
#1086 = DIRECTION ( 'NONE',  ( 0.000000000000000000, 0.000000000000000000, 1.000000000000000000 ) ) ;
#1087 = ADVANCED_FACE ( 'NONE', ( #1393 ), #51, .T. ) ;
#1088 = ORIENTED_EDGE ( 'NONE', *, *, #1575, .T. ) ;
#1089 = DIRECTION ( 'NONE',  ( -1.000000000000000000, 0.000000000000000000, 0.000000000000000000 ) ) ;
#1090 = VERTEX_POINT ( 'NONE', #768 ) ;
#1091 = CARTESIAN_POINT ( 'NONE',  ( 25.00000000000000000, 25.50000000000000000, -8.000000000000000000 ) ) ;
#1092 = DIRECTION ( 'NONE',  ( 1.000000000000000000, 0.000000000000000000, 0.000000000000000000 ) ) ;
#1093 =( GEOMETRIC_REPRESENTATION_CONTEXT ( 3 ) GLOBAL_UNCERTAINTY_ASSIGNED_CONTEXT ( ( #1478 ) ) GLOBAL_UNIT_ASSIGNED_CONTEXT ( ( #1248, #149, #512 ) ) REPRESENTATION_CONTEXT ( 'NONE', 'WORKASPACE' ) );
#1094 = DIRECTION ( 'NONE',  ( -1.000000000000000000, 0.000000000000000000, 0.000000000000000000 ) ) ;
#1095 = ORIENTED_EDGE ( 'NONE', *, *, #298, .F. ) ;
#1096 = ORIENTED_EDGE ( 'NONE', *, *, #649, .F. ) ;
#1097 = CYLINDRICAL_SURFACE ( 'NONE', #54, 1.700000000000000178 ) ;
#1098 = EDGE_CURVE ( 'NONE', #1367, #1003, #416, .T. ) ;
#1099 = VERTEX_POINT ( 'NONE', #879 ) ;
#1100 = CLOSED_SHELL ( 'NONE', ( #1378, #1224, #244, #639, #441, #79, #1537, #933, #478, #753, #1168, #664, #1133, #1172, #1565, #385, #602, #1127, #908, #1512, #1489, #788, #1452, #211, #779, #947, #164, #353, #322, #312, #384, #90, #1523, #1186, #320, #18, #1301, #1246, #617, #1532, #510, #1402, #1010, #1087, #277 ) ) ;
#1101 = AXIS2_PLACEMENT_3D ( 'NONE', #854, #1353, #1339 ) ;
#1102 = DIRECTION ( 'NONE',  ( 0.000000000000000000, 0.000000000000000000, 1.000000000000000000 ) ) ;
#1103 = LINE ( 'NONE', #1574, #452 ) ;
#1104 = AXIS2_PLACEMENT_3D ( 'NONE', #146, #1237, #1116 ) ;
#1105 = CARTESIAN_POINT ( 'NONE',  ( -9.700000000000006395, 13.85640646055101577, 0.000000000000000000 ) ) ;
#1106 = AXIS2_PLACEMENT_3D ( 'NONE', #1285, #78, #292 ) ;
#1107 = ORIENTED_EDGE ( 'NONE', *, *, #1291, .T. ) ;
#1108 = DIRECTION ( 'NONE',  ( 0.000000000000000000, -1.000000000000000000, 0.000000000000000000 ) ) ;
#1109 = VERTEX_POINT ( 'NONE', #1382 ) ;
#1110 = DIRECTION ( 'NONE',  ( 1.000000000000000000, -0.000000000000000000, 0.000000000000000000 ) ) ;
#1111 = DIRECTION ( 'NONE',  ( -0.000000000000000000, -0.000000000000000000, -1.000000000000000000 ) ) ;
#1112 = DIRECTION ( 'NONE',  ( 0.000000000000000000, 0.000000000000000000, 1.000000000000000000 ) ) ;
#1113 = EDGE_LOOP ( 'NONE', ( #263, #1222, #1036, #76 ) ) ;
#1114 = ORIENTED_EDGE ( 'NONE', *, *, #1345, .T. ) ;
#1115 = APPROVAL ( #883, 'UNSPECIFIED' ) ;
#1116 = DIRECTION ( 'NONE',  ( 0.000000000000000000, 0.000000000000000000, 1.000000000000000000 ) ) ;
#1117 = FACE_BOUND ( 'NONE', #571, .T. ) ;
#1118 = DIRECTION ( 'NONE',  ( 0.000000000000000000, -0.5104105650098257341, 0.8599308432230760024 ) ) ;
#1119 = EDGE_CURVE ( 'NONE', #270, #720, #1027, .T. ) ;
#1120 = APPROVAL_PERSON_ORGANIZATION ( #394, #1115, #798 ) ;
#1121 = ORIENTED_EDGE ( 'NONE', *, *, #461, .T. ) ;
#1122 = LINE ( 'NONE', #31, #1280 ) ;
#1123 = ORIENTED_EDGE ( 'NONE', *, *, #627, .T. ) ;
#1124 = ORIENTED_EDGE ( 'NONE', *, *, #121, .T. ) ;
#1125 = VECTOR ( 'NONE', #991, 1000.000000000000000 ) ;
#1126 = DIRECTION ( 'NONE',  ( 0.000000000000000000, 0.000000000000000000, 1.000000000000000000 ) ) ;
#1127 = ADVANCED_FACE ( 'NONE', ( #1416 ), #541, .F. ) ;
#1128 = AXIS2_PLACEMENT_3D ( 'NONE', #1467, #480, #962 ) ;
#1129 = VERTEX_POINT ( 'NONE', #1282 ) ;
#1130 = EDGE_CURVE ( 'NONE', #1481, #215, #1337, .T. ) ;
#1131 = ORIENTED_EDGE ( 'NONE', *, *, #370, .F. ) ;
#1132 = ORIENTED_EDGE ( 'NONE', *, *, #1412, .T. ) ;
#1133 = ADVANCED_FACE ( 'NONE', ( #279 ), #1157, .F. ) ;
#1134 = DIRECTION ( 'NONE',  ( 1.000000000000000000, 0.000000000000000000, 0.000000000000000000 ) ) ;
#1135 = APPROVAL_DATE_TIME ( #1189, #220 ) ;
#1136 = EDGE_LOOP ( 'NONE', ( #395, #1420 ) ) ;
#1137 = EDGE_CURVE ( 'NONE', #720, #522, #1408, .T. ) ;
#1138 = CARTESIAN_POINT ( 'NONE',  ( 24.50000000000000000, 25.50000000000000000, 0.000000000000000000 ) ) ;
#1139 = ORIENTED_EDGE ( 'NONE', *, *, #428, .T. ) ;
#1140 = CYLINDRICAL_SURFACE ( 'NONE', #8, 1.700000000000007061 ) ;
#1141 = DATE_AND_TIME ( #85, #1327 ) ;
#1142 = ORIENTED_EDGE ( 'NONE', *, *, #1079, .F. ) ;
#1143 = CARTESIAN_POINT ( 'NONE',  ( -24.50000000000000000, 25.50000000000000355, -84.15760869565220048 ) ) ;
#1144 = EDGE_LOOP ( 'NONE', ( #989, #1088 ) ) ;
#1145 = CARTESIAN_POINT ( 'NONE',  ( -25.00000000000000000, 35.50000000000000000, -8.000000000000000000 ) ) ;
#1146 = VERTEX_POINT ( 'NONE', #537 ) ;
#1147 = AXIS2_PLACEMENT_3D ( 'NONE', #303, #539, #1029 ) ;
#1148 = CARTESIAN_POINT ( 'NONE',  ( -16.26345596729059650, 35.50000000000000000, -113.7365440327094177 ) ) ;
#1149 = AXIS2_PLACEMENT_3D ( 'NONE', #691, #672, #1439 ) ;
#1150 = DIRECTION ( 'NONE',  ( -0.000000000000000000, 0.000000000000000000, -1.000000000000000000 ) ) ;
#1151 = EDGE_CURVE ( 'NONE', #86, #1481, #1162, .T. ) ;
#1152 = CIRCLE ( 'NONE', #1203, 1.700000000000007061 ) ;
#1153 = EDGE_LOOP ( 'NONE', ( #163, #1252 ) ) ;
#1154 = VECTOR ( 'NONE', #596, 1000.000000000000000 ) ;
#1155 = EDGE_CURVE ( 'NONE', #864, #900, #110, .T. ) ;
#1156 = ORIENTED_EDGE ( 'NONE', *, *, #1098, .T. ) ;
#1157 = CYLINDRICAL_SURFACE ( 'NONE', #534, 4.000000000000000000 ) ;
#1158 = ORIENTED_EDGE ( 'NONE', *, *, #1425, .T. ) ;
#1159 = FACE_OUTER_BOUND ( 'NONE', #1579, .T. ) ;
#1160 = EDGE_LOOP ( 'NONE', ( #538, #447 ) ) ;
#1161 = DIRECTION ( 'NONE',  ( 0.000000000000000000, 0.000000000000000000, 1.000000000000000000 ) ) ;
#1162 = LINE ( 'NONE', #189, #736 ) ;
#1163 = FACE_OUTER_BOUND ( 'NONE', #43, .T. ) ;
#1164 = COORDINATED_UNIVERSAL_TIME_OFFSET ( 5, 30, .AHEAD. ) ;
#1165 = ORIENTED_EDGE ( 'NONE', *, *, #1119, .T. ) ;
#1166 = CYLINDRICAL_SURFACE ( 'NONE', #1335, 1.700000000000000178 ) ;
#1167 = FACE_OUTER_BOUND ( 'NONE', #873, .T. ) ;
#1168 = ADVANCED_FACE ( 'NONE', ( #527 ), #890, .F. ) ;
#1169 = ORIENTED_EDGE ( 'NONE', *, *, #889, .T. ) ;
#1170 = DIRECTION ( 'NONE',  ( 0.000000000000000000, 0.000000000000000000, -1.000000000000000000 ) ) ;
#1171 = VECTOR ( 'NONE', #794, 1000.000000000000000 ) ;
#1172 = ADVANCED_FACE ( 'NONE', ( #653, #1529, #1524, #288, #411, #761, #1513, #1268 ), #903, .T. ) ;
#1173 = VECTOR ( 'NONE', #388, 1000.000000000000000 ) ;
#1174 = DIRECTION ( 'NONE',  ( -0.000000000000000000, -1.000000000000000000, -0.000000000000000000 ) ) ;
#1175 = DIRECTION ( 'NONE',  ( 0.000000000000000000, 0.000000000000000000, 1.000000000000000000 ) ) ;
#1176 = APPLICATION_PROTOCOL_DEFINITION ( 'international standard', 'config_control_design', 1994, #1487 ) ;
#1177 = VERTEX_POINT ( 'NONE', #293 ) ;
#1178 = AXIS2_PLACEMENT_3D ( 'NONE', #1542, #200, #662 ) ;
#1179 = FACE_BOUND ( 'NONE', #872, .T. ) ;
#1180 = AXIS2_PLACEMENT_3D ( 'NONE', #686, #1078, #238 ) ;
#1181 = EDGE_CURVE ( 'NONE', #632, #155, #775, .T. ) ;
#1182 = VERTEX_POINT ( 'NONE', #1544 ) ;
#1183 = CARTESIAN_POINT ( 'NONE',  ( -16.26345596729058940, 25.50000000000000000, -144.5634559672905937 ) ) ;
#1184 = EDGE_CURVE ( 'NONE', #961, #831, #82, .T. ) ;
#1185 = VERTEX_POINT ( 'NONE', #559 ) ;
#1186 = ADVANCED_FACE ( 'NONE', ( #1062 ), #201, .F. ) ;
#1187 = DIRECTION ( 'NONE',  ( 0.000000000000000000, -0.000000000000000000, 1.000000000000000000 ) ) ;
#1188 = DIRECTION ( 'NONE',  ( 0.000000000000000000, 0.000000000000000000, -1.000000000000000000 ) ) ;
#1189 = DATE_AND_TIME ( #570, #100 ) ;
#1190 = ORIENTED_EDGE ( 'NONE', *, *, #1054, .F. ) ;
#1191 = DIRECTION ( 'NONE',  ( 0.000000000000000000, 0.000000000000000000, 1.000000000000000000 ) ) ;
#1192 = DIRECTION ( 'NONE',  ( 0.000000000000000000, 0.000000000000000000, 1.000000000000000000 ) ) ;
#1193 = CARTESIAN_POINT ( 'NONE',  ( -25.00000000000000000, -25.00000000000000000, -8.000000000000000000 ) ) ;
#1194 = ORIENTED_EDGE ( 'NONE', *, *, #1295, .F. ) ;
#1195 = DIRECTION ( 'NONE',  ( -0.000000000000000000, -1.000000000000000000, -0.000000000000000000 ) ) ;
#1196 = ORIENTED_EDGE ( 'NONE', *, *, #1240, .F. ) ;
#1197 = DIRECTION ( 'NONE',  ( 0.000000000000000000, 0.000000000000000000, 1.000000000000000000 ) ) ;
#1198 = LINE ( 'NONE', #1423, #1171 ) ;
#1199 = CYLINDRICAL_SURFACE ( 'NONE', #709, 7.000000000000006217 ) ;
#1200 = AXIS2_PLACEMENT_3D ( 'NONE', #920, #439, #462 ) ;
#1201 = DIRECTION ( 'NONE',  ( -0.000000000000000000, -1.000000000000000000, -0.000000000000000000 ) ) ;
#1202 = ORIENTED_EDGE ( 'NONE', *, *, #1418, .F. ) ;
#1203 = AXIS2_PLACEMENT_3D ( 'NONE', #68, #660, #1018 ) ;
#1204 = EDGE_CURVE ( 'NONE', #192, #1099, #815, .T. ) ;
#1205 = CIRCLE ( 'NONE', #865, 1.700000000000000178 ) ;
#1206 = DIRECTION ( 'NONE',  ( 0.000000000000000000, 1.000000000000000000, 0.000000000000000000 ) ) ;
#1207 = LINE ( 'NONE', #1193, #1023 ) ;
#1208 = CARTESIAN_POINT ( 'NONE',  ( 24.50000000000000000, 0.000000000000000000, -8.000000000000000000 ) ) ;
#1209 = EDGE_LOOP ( 'NONE', ( #578, #690 ) ) ;
#1210 = DIRECTION ( 'NONE',  ( 1.000000000000000000, 0.000000000000000000, 0.000000000000000000 ) ) ;
#1211 = DIRECTION ( 'NONE',  ( 1.000000000000000000, 0.000000000000000000, 0.000000000000000000 ) ) ;
#1212 = EDGE_CURVE ( 'NONE', #1464, #97, #92, .T. ) ;
#1213 = CARTESIAN_POINT ( 'NONE',  ( 30.00000000000000000, 25.50000000000000000, -8.000000000000000000 ) ) ;
#1214 = EDGE_LOOP ( 'NONE', ( #150, #757 ) ) ;
#1215 = DIRECTION ( 'NONE',  ( 0.000000000000000000, 0.000000000000000000, 1.000000000000000000 ) ) ;
#1216 = ORIENTED_EDGE ( 'NONE', *, *, #1396, .F. ) ;
#1217 = LINE ( 'NONE', #892, #1521 ) ;
#1218 = CARTESIAN_POINT ( 'NONE',  ( -25.00000000000000000, -25.00000000000000000, 0.000000000000000000 ) ) ;
#1219 = CC_DESIGN_APPROVAL ( #220, ( #325 ) ) ;
#1220 = FACE_BOUND ( 'NONE', #161, .T. ) ;
#1221 = EDGE_CURVE ( 'NONE', #1185, #1494, #1294, .T. ) ;
#1222 = ORIENTED_EDGE ( 'NONE', *, *, #261, .T. ) ;
#1223 = ORIENTED_EDGE ( 'NONE', *, *, #721, .F. ) ;
#1224 = ADVANCED_FACE ( 'NONE', ( #806 ), #1040, .F. ) ;
#1225 = DIRECTION ( 'NONE',  ( 0.000000000000000000, 1.000000000000000000, 0.000000000000000000 ) ) ;
#1226 = ORIENTED_EDGE ( 'NONE', *, *, #1054, .T. ) ;
#1227 = AXIS2_PLACEMENT_3D ( 'NONE', #511, #517, #771 ) ;
#1228 = DIRECTION ( 'NONE',  ( -1.000000000000000000, 0.000000000000000000, 0.000000000000000000 ) ) ;
#1229 = CARTESIAN_POINT ( 'NONE',  ( -16.26345596729058940, 25.50000000000000000, -146.2634559672905823 ) ) ;
#1230 = CIRCLE ( 'NONE', #180, 4.000000000000000000 ) ;
#1231 = EDGE_CURVE ( 'NONE', #1504, #434, #684, .T. ) ;
#1232 = CARTESIAN_POINT ( 'NONE',  ( 16.00000000000000000, 0.000000000000000000, -8.000000000000000000 ) ) ;
#1233 = VECTOR ( 'NONE', #1006, 1000.000000000000000 ) ;
#1234 = VECTOR ( 'NONE', #1391, 1000.000000000000114 ) ;
#1235 = LINE ( 'NONE', #1208, #280 ) ;
#1236 = EDGE_LOOP ( 'NONE', ( #1096, #1348, #816, #342 ) ) ;
#1237 = DIRECTION ( 'NONE',  ( 0.000000000000000000, 1.000000000000000000, 0.000000000000000000 ) ) ;
#1238 = PLANE ( 'NONE',  #206 ) ;
#1239 = DIRECTION ( 'NONE',  ( -0.000000000000000000, -0.000000000000000000, -1.000000000000000000 ) ) ;
#1240 = EDGE_CURVE ( 'NONE', #1458, #1109, #1205, .T. ) ;
#1241 = CARTESIAN_POINT ( 'NONE',  ( -7.999999999999996447, -13.85640646055101932, 0.000000000000000000 ) ) ;
#1242 = VERTEX_POINT ( 'NONE', #61 ) ;
#1243 = EDGE_CURVE ( 'NONE', #692, #902, #1279, .T. ) ;
#1244 = FACE_OUTER_BOUND ( 'NONE', #311, .T. ) ;
#1245 = EDGE_LOOP ( 'NONE', ( #513, #904 ) ) ;
#1246 = ADVANCED_FACE ( 'NONE', ( #676 ), #898, .F. ) ;
#1247 = FACE_BOUND ( 'NONE', #925, .T. ) ;
#1248 =( LENGTH_UNIT ( ) NAMED_UNIT ( * ) SI_UNIT ( .MILLI., .METRE. ) );
#1249 = EDGE_LOOP ( 'NONE', ( #1057, #1123, #827, #431 ) ) ;
#1250 = EDGE_CURVE ( 'NONE', #1371, #86, #1152, .T. ) ;
#1251 = ORIENTED_EDGE ( 'NONE', *, *, #668, .T. ) ;
#1252 = ORIENTED_EDGE ( 'NONE', *, *, #983, .T. ) ;
#1253 = CIRCLE ( 'NONE', #1443, 12.15000000000000036 ) ;
#1254 = CARTESIAN_POINT ( 'NONE',  ( 0.000000000000000000, -19.70322580645161281, -8.000000000000000000 ) ) ;
#1255 = PLANE ( 'NONE',  #535 ) ;
#1256 = EDGE_CURVE ( 'NONE', #738, #49, #906, .T. ) ;
#1257 = AXIS2_PLACEMENT_3D ( 'NONE', #118, #713, #611 ) ;
#1258 = VERTEX_POINT ( 'NONE', #666 ) ;
#1259 = AXIS2_PLACEMENT_3D ( 'NONE', #300, #170, #646 ) ;
#1260 = CIRCLE ( 'NONE', #236, 1.700000000000000178 ) ;
#1261 = CARTESIAN_POINT ( 'NONE',  ( 0.000000000000000000, 0.000000000000000000, 0.000000000000000000 ) ) ;
#1262 = ORIENTED_EDGE ( 'NONE', *, *, #532, .T. ) ;
#1263 = FACE_OUTER_BOUND ( 'NONE', #1249, .T. ) ;
#1264 = CALENDAR_DATE ( 2026, 24, 9 ) ;
#1265 = EDGE_CURVE ( 'NONE', #1185, #1242, #1365, .T. ) ;
#1266 = ORIENTED_EDGE ( 'NONE', *, *, #711, .T. ) ;
#1267 = CARTESIAN_POINT ( 'NONE',  ( -16.00000000000000000, -1.959434878635765131E-15, 0.000000000000000000 ) ) ;
#1268 = FACE_BOUND ( 'NONE', #530, .T. ) ;
#1269 = EDGE_LOOP ( 'NONE', ( #181, #1132 ) ) ;
#1270 = CYLINDRICAL_SURFACE ( 'NONE', #1227, 1.700000000000007061 ) ;
#1271 = ORIENTED_EDGE ( 'NONE', *, *, #233, .T. ) ;
#1272 = LINE ( 'NONE', #886, #83 ) ;
#1273 = DIRECTION ( 'NONE',  ( 0.000000000000000000, 0.000000000000000000, 1.000000000000000000 ) ) ;
#1274 = ORIENTED_EDGE ( 'NONE', *, *, #1265, .T. ) ;
#1275 = CIRCLE ( 'NONE', #104, 12.15000000000000036 ) ;
#1276 = VECTOR ( 'NONE', #216, 1000.000000000000000 ) ;
#1277 = ORIENTED_EDGE ( 'NONE', *, *, #695, .T. ) ;
#1278 = CARTESIAN_POINT ( 'NONE',  ( 25.00000000000000000, -25.00000000000000000, 0.000000000000000000 ) ) ;
#1279 = LINE ( 'NONE', #1534, #212 ) ;
#1280 = VECTOR ( 'NONE', #737, 1000.000000000000000 ) ;
#1281 = CIRCLE ( 'NONE', #586, 1.700000000000000178 ) ;
#1282 = CARTESIAN_POINT ( 'NONE',  ( -24.50000000000000000, 25.50000000000000000, -8.000000000000000000 ) ) ;
#1283 = VERTEX_POINT ( 'NONE', #1413 ) ;
#1284 = VERTEX_POINT ( 'NONE', #1520 ) ;
#1285 = CARTESIAN_POINT ( 'NONE',  ( 16.26345596729059295, 35.50000000000000000, -146.2634559672905823 ) ) ;
#1286 = DIRECTION ( 'NONE',  ( 0.000000000000000000, 0.000000000000000000, 1.000000000000000000 ) ) ;
#1287 = CARTESIAN_POINT ( 'NONE',  ( 16.26345596729058585, 35.50000000000000000, -112.0365440327094007 ) ) ;
#1288 = VERTEX_POINT ( 'NONE', #1143 ) ;
#1289 = CYLINDRICAL_SURFACE ( 'NONE', #1149, 1.700000000000000178 ) ;
#1290 = CARTESIAN_POINT ( 'NONE',  ( -30.00000000000000000, 25.50000000000000000, -8.000000000000000000 ) ) ;
#1291 = EDGE_CURVE ( 'NONE', #1373, #270, #297, .T. ) ;
#1292 = CARTESIAN_POINT ( 'NONE',  ( -4.000000000000000000, 0.000000000000000000, -8.000000000000000000 ) ) ;
#1293 = CARTESIAN_POINT ( 'NONE',  ( 24.50000000000000000, 25.50000000000000000, -8.000000000000000000 ) ) ;
#1294 = LINE ( 'NONE', #687, #1447 ) ;
#1295 = EDGE_CURVE ( 'NONE', #102, #253, #657, .T. ) ;
#1296 = DIRECTION ( 'NONE',  ( -1.000000000000000000, 0.000000000000000000, 0.000000000000000000 ) ) ;
#1297 = APPROVAL_ROLE ( '' ) ;
#1298 = ORIENTED_EDGE ( 'NONE', *, *, #734, .F. ) ;
#1299 = CARTESIAN_POINT ( 'NONE',  ( 24.50000000000000000, -19.70322580645161281, -8.000000000000000000 ) ) ;
#1300 = CARTESIAN_POINT ( 'NONE',  ( 30.00000000000000000, 35.50000000000000000, -8.000000000000000000 ) ) ;
#1301 = ADVANCED_FACE ( 'NONE', ( #767 ), #396, .F. ) ;
#1302 = FACE_OUTER_BOUND ( 'NONE', #1563, .T. ) ;
#1303 = DIRECTION ( 'NONE',  ( -0.000000000000000000, -0.000000000000000000, -1.000000000000000000 ) ) ;
#1304 = VECTOR ( 'NONE', #723, 1000.000000000000000 ) ;
#1305 = AXIS2_PLACEMENT_3D ( 'NONE', #401, #896, #27 ) ;
#1306 = VECTOR ( 'NONE', #833, 1000.000000000000000 ) ;
#1307 = CARTESIAN_POINT ( 'NONE',  ( 16.26345596729058585, 35.50000000000000000, -113.7365440327094177 ) ) ;
#1308 = AXIS2_PLACEMENT_3D ( 'NONE', #868, #264, #746 ) ;
#1309 = CARTESIAN_POINT ( 'NONE',  ( 25.00000000000000000, 35.50000000000000000, 0.000000000000000000 ) ) ;
#1310 = ORIENTED_EDGE ( 'NONE', *, *, #546, .T. ) ;
#1311 = AXIS2_PLACEMENT_3D ( 'NONE', #1148, #557, #306 ) ;
#1312 = DIRECTION ( 'NONE',  ( 1.000000000000000000, 0.000000000000000000, 0.000000000000000000 ) ) ;
#1313 = FACE_OUTER_BOUND ( 'NONE', #659, .T. ) ;
#1314 = AXIS2_PLACEMENT_3D ( 'NONE', #585, #1567, #1457 ) ;
#1315 = CYLINDRICAL_SURFACE ( 'NONE', #548, 12.15000000000000036 ) ;
#1316 = CARTESIAN_POINT ( 'NONE',  ( 14.30000000000000071, 0.000000000000000000, 0.000000000000000000 ) ) ;
#1317 = ORIENTED_EDGE ( 'NONE', *, *, #1151, .T. ) ;
#1318 = PLANE ( 'NONE',  #631 ) ;
#1319 = PERSON_AND_ORGANIZATION ( #1081, #371 ) ;
#1320 = EDGE_LOOP ( 'NONE', ( #703, #1381, #516, #688 ) ) ;
#1321 = CARTESIAN_POINT ( 'NONE',  ( -30.00000000000000000, 25.50000000000000000, -8.000000000000000000 ) ) ;
#1322 = DIRECTION ( 'NONE',  ( -0.000000000000000000, -1.000000000000000000, -0.000000000000000000 ) ) ;
#1323 = CARTESIAN_POINT ( 'NONE',  ( 0.000000000000000000, 0.000000000000000000, -2.200000000000000178 ) ) ;
#1324 = EDGE_CURVE ( 'NONE', #912, #1359, #1415, .T. ) ;
#1325 = DIRECTION ( 'NONE',  ( 0.000000000000000000, 0.000000000000000000, -1.000000000000000000 ) ) ;
#1326 = ORIENTED_EDGE ( 'NONE', *, *, #661, .F. ) ;
#1327 = LOCAL_TIME ( 11, 10, 3.000000000000000000, #284 ) ;
#1328 = CARTESIAN_POINT ( 'NONE',  ( 16.26345596729059295, 25.50000000000000000, -147.9634559672905993 ) ) ;
#1329 = CARTESIAN_POINT ( 'NONE',  ( -30.00000000000000000, 25.50000000000000000, -8.000000000000000000 ) ) ;
#1330 = CARTESIAN_POINT ( 'NONE',  ( -7.999999999999996447, -13.85640646055101932, 0.000000000000000000 ) ) ;
#1331 = EDGE_LOOP ( 'NONE', ( #1460, #782, #136, #408 ) ) ;
#1332 = VECTOR ( 'NONE', #1422, 1000.000000000000000 ) ;
#1333 = ORIENTED_EDGE ( 'NONE', *, *, #29, .F. ) ;
#1334 = EDGE_CURVE ( 'NONE', #693, #386, #183, .T. ) ;
#1335 = AXIS2_PLACEMENT_3D ( 'NONE', #563, #73, #87 ) ;
#1336 = CARTESIAN_POINT ( 'NONE',  ( 0.000000000000000000, 0.000000000000000000, -2.200000000000000178 ) ) ;
#1337 = CIRCLE ( 'NONE', #891, 1.700000000000007061 ) ;
#1338 = AXIS2_PLACEMENT_3D ( 'NONE', #730, #5, #269 ) ;
#1339 = DIRECTION ( 'NONE',  ( 1.000000000000000000, 0.000000000000000000, 0.000000000000000000 ) ) ;
#1340 = DIRECTION ( 'NONE',  ( 0.000000000000000000, 0.000000000000000000, 1.000000000000000000 ) ) ;
#1341 = ORIENTED_EDGE ( 'NONE', *, *, #37, .T. ) ;
#1342 = DESIGN_CONTEXT ( 'detailed design', #267, 'design' ) ;
#1343 = ORIENTED_EDGE ( 'NONE', *, *, #1063, .F. ) ;
#1344 = DIRECTION ( 'NONE',  ( 0.000000000000000000, 0.000000000000000000, 1.000000000000000000 ) ) ;
#1345 = EDGE_CURVE ( 'NONE', #1109, #1458, #1543, .T. ) ;
#1346 = FACE_OUTER_BOUND ( 'NONE', #1331, .T. ) ;
#1347 = DIRECTION ( 'NONE',  ( 0.000000000000000000, -0.000000000000000000, -1.000000000000000000 ) ) ;
#1348 = ORIENTED_EDGE ( 'NONE', *, *, #167, .T. ) ;
#1349 = CARTESIAN_POINT ( 'NONE',  ( 16.26345596729058585, 35.50000000000000000, -113.7365440327094177 ) ) ;
#1350 = VERTEX_POINT ( 'NONE', #425 ) ;
#1351 = EDGE_CURVE ( 'NONE', #1371, #215, #1272, .T. ) ;
#1352 = CARTESIAN_POINT ( 'NONE',  ( 16.00000000000000000, 0.000000000000000000, -8.000000000000000000 ) ) ;
#1353 = DIRECTION ( 'NONE',  ( 0.000000000000000000, 0.000000000000000000, 1.000000000000000000 ) ) ;
#1354 = LOCAL_TIME ( 11, 10, 3.000000000000000000, #1009 ) ;
#1355 = CYLINDRICAL_SURFACE ( 'NONE', #1417, 1.700000000000000178 ) ;
#1356 = VERTEX_POINT ( 'NONE', #917 ) ;
#1357 = ORIENTED_EDGE ( 'NONE', *, *, #1130, .F. ) ;
#1358 = DIRECTION ( 'NONE',  ( 1.000000000000000000, 0.000000000000000000, 0.000000000000000000 ) ) ;
#1359 = VERTEX_POINT ( 'NONE', #174 ) ;
#1360 = AXIS2_PLACEMENT_3D ( 'NONE', #1449, #1440, #194 ) ;
#1361 = CYLINDRICAL_SURFACE ( 'NONE', #282, 1.700000000000000178 ) ;
#1362 = AXIS2_PLACEMENT_3D ( 'NONE', #608, #240, #598 ) ;
#1363 = CYLINDRICAL_SURFACE ( 'NONE', #127, 1.700000000000000178 ) ;
#1364 = CARTESIAN_POINT ( 'NONE',  ( -8.000000000000007105, 13.85640646055101577, 0.000000000000000000 ) ) ;
#1365 = CIRCLE ( 'NONE', #1106, 1.700000000000007061 ) ;
#1366 = ORIENTED_EDGE ( 'NONE', *, *, #486, .T. ) ;
#1367 = VERTEX_POINT ( 'NONE', #1293 ) ;
#1368 = AXIS2_PLACEMENT_3D ( 'NONE', #603, #1490, #619 ) ;
#1369 = EDGE_CURVE ( 'NONE', #867, #1003, #651, .T. ) ;
#1370 = FACE_OUTER_BOUND ( 'NONE', #1530, .T. ) ;
#1371 = VERTEX_POINT ( 'NONE', #525 ) ;
#1372 = DIRECTION ( 'NONE',  ( -1.000000000000000000, 0.000000000000000000, 0.000000000000000000 ) ) ;
#1373 = VERTEX_POINT ( 'NONE', #56 ) ;
#1374 = DIRECTION ( 'NONE',  ( -0.000000000000000000, 0.000000000000000000, -1.000000000000000000 ) ) ;
#1375 = DIRECTION ( 'NONE',  ( -0.000000000000000000, -0.000000000000000000, -1.000000000000000000 ) ) ;
#1376 = ORIENTED_EDGE ( 'NONE', *, *, #1437, .F. ) ;
#1377 = ORIENTED_EDGE ( 'NONE', *, *, #1243, .F. ) ;
#1378 = ADVANCED_FACE ( 'NONE', ( #230 ), #1199, .F. ) ;
#1379 = ORIENTED_EDGE ( 'NONE', *, *, #952, .F. ) ;
#1380 = DIRECTION ( 'NONE',  ( -0.000000000000000000, -0.000000000000000000, -1.000000000000000000 ) ) ;
#1381 = ORIENTED_EDGE ( 'NONE', *, *, #363, .T. ) ;
#1382 = CARTESIAN_POINT ( 'NONE',  ( 17.69999999999999929, 2.081899558550500526E-16, 0.000000000000000000 ) ) ;
#1383 = DIRECTION ( 'NONE',  ( -0.000000000000000000, -0.000000000000000000, -1.000000000000000000 ) ) ;
#1384 = ORIENTED_EDGE ( 'NONE', *, *, #770, .T. ) ;
#1385 = EDGE_CURVE ( 'NONE', #994, #1373, #106, .T. ) ;
#1386 = AXIS2_PLACEMENT_3D ( 'NONE', #1229, #958, #1462 ) ;
#1387 = LINE ( 'NONE', #1495, #965 ) ;
#1388 = PERSON_AND_ORGANIZATION_ROLE ( 'creator' ) ;
#1389 = CIRCLE ( 'NONE', #887, 1.700000000000000178 ) ;
#1390 = VERTEX_POINT ( 'NONE', #91 ) ;
#1391 = DIRECTION ( 'NONE',  ( 0.000000000000000000, 0.5104105650098257341, -0.8599308432230760024 ) ) ;
#1392 = AXIS2_PLACEMENT_3D ( 'NONE', #391, #521, #397 ) ;
#1393 = FACE_OUTER_BOUND ( 'NONE', #239, .T. ) ;
#1394 = EDGE_LOOP ( 'NONE', ( #943, #1310, #1007, #1511 ) ) ;
#1395 = LINE ( 'NONE', #290, #1125 ) ;
#1396 = EDGE_CURVE ( 'NONE', #497, #1003, #224, .T. ) ;
#1397 = EDGE_LOOP ( 'NONE', ( #218, #811, #1491, #822 ) ) ;
#1398 = EDGE_CURVE ( 'NONE', #488, #1390, #658, .T. ) ;
#1399 = DIRECTION ( 'NONE',  ( 0.000000000000000000, 0.000000000000000000, 1.000000000000000000 ) ) ;
#1400 = CARTESIAN_POINT ( 'NONE',  ( 25.00000000000000000, -25.00000000000000000, 0.000000000000000000 ) ) ;
#1401 = EDGE_LOOP ( 'NONE', ( #296, #145 ) ) ;
#1402 = ADVANCED_FACE ( 'NONE', ( #332 ), #114, .F. ) ;
#1403 = CARTESIAN_POINT ( 'NONE',  ( -30.00000000000000000, 35.50000000000000000, -160.0000000000000000 ) ) ;
#1404 = CC_DESIGN_PERSON_AND_ORGANIZATION_ASSIGNMENT ( #1319, #42, ( #325 ) ) ;
#1405 = ORIENTED_EDGE ( 'NONE', *, *, #936, .T. ) ;
#1406 = EDGE_CURVE ( 'NONE', #6, #645, #558, .T. ) ;
#1407 = CC_DESIGN_SECURITY_CLASSIFICATION ( #1435, ( #325 ) ) ;
#1408 = LINE ( 'NONE', #62, #304 ) ;
#1409 = VERTEX_POINT ( 'NONE', #700 ) ;
#1410 = AXIS2_PLACEMENT_3D ( 'NONE', #1445, #560, #1042 ) ;
#1411 = CARTESIAN_POINT ( 'NONE',  ( 18.50000000000000355, 25.50000000000000000, -8.000000000000000000 ) ) ;
#1412 = EDGE_CURVE ( 'NONE', #1090, #1515, #426, .T. ) ;
#1413 = CARTESIAN_POINT ( 'NONE',  ( -25.00000000000000000, -25.00000000000000000, 0.000000000000000000 ) ) ;
#1414 = EDGE_CURVE ( 'NONE', #874, #1494, #509, .T. ) ;
#1415 = CIRCLE ( 'NONE', #81, 1.700000000000007061 ) ;
#1416 = FACE_OUTER_BOUND ( 'NONE', #562, .T. ) ;
#1417 = AXIS2_PLACEMENT_3D ( 'NONE', #382, #1375, #1094 ) ;
#1418 = EDGE_CURVE ( 'NONE', #1, #497, #351, .T. ) ;
#1419 = LINE ( 'NONE', #1309, #990 ) ;
#1420 = ORIENTED_EDGE ( 'NONE', *, *, #967, .T. ) ;
#1421 = DIRECTION ( 'NONE',  ( -1.000000000000000000, 0.000000000000000000, 0.000000000000000000 ) ) ;
#1422 = DIRECTION ( 'NONE',  ( 1.000000000000000000, 0.000000000000000000, 0.000000000000000000 ) ) ;
#1423 = CARTESIAN_POINT ( 'NONE',  ( 9.700000000000002842, -13.85640646055101755, 0.000000000000000000 ) ) ;
#1424 = DIRECTION ( 'NONE',  ( 0.000000000000000000, 0.000000000000000000, 1.000000000000000000 ) ) ;
#1425 = EDGE_CURVE ( 'NONE', #1129, #718, #948, .T. ) ;
#1426 = CARTESIAN_POINT ( 'NONE',  ( 0.000000000000000000, 35.50000000000000000, -130.0000000000000000 ) ) ;
#1427 = CYLINDRICAL_SURFACE ( 'NONE', #154, 1.700000000000007061 ) ;
#1428 = CALENDAR_DATE ( 2026, 24, 9 ) ;
#1429 = ORIENTED_EDGE ( 'NONE', *, *, #1406, .F. ) ;
#1430 = EDGE_CURVE ( 'NONE', #1458, #791, #566, .T. ) ;
#1431 = DIRECTION ( 'NONE',  ( -1.000000000000000000, 0.000000000000000000, -0.000000000000000000 ) ) ;
#1432 = LINE ( 'NONE', #323, #152 ) ;
#1433 = CARTESIAN_POINT ( 'NONE',  ( 16.00000000000000000, 0.000000000000000000, 0.000000000000000000 ) ) ;
#1434 = DIRECTION ( 'NONE',  ( 0.000000000000000000, 1.000000000000000000, 0.000000000000000000 ) ) ;
#1435 = SECURITY_CLASSIFICATION ( '', '', #449 ) ;
#1436 = CARTESIAN_POINT ( 'NONE',  ( 12.15000000000000036, 0.000000000000000000, -2.200000000000000178 ) ) ;
#1437 = EDGE_CURVE ( 'NONE', #256, #1464, #460, .T. ) ;
#1438 = ORIENTED_EDGE ( 'NONE', *, *, #1098, .F. ) ;
#1439 = DIRECTION ( 'NONE',  ( -1.000000000000000000, 0.000000000000000000, 0.000000000000000000 ) ) ;
#1440 = DIRECTION ( 'NONE',  ( 1.000000000000000000, 0.000000000000000000, 0.000000000000000000 ) ) ;
#1441 = EDGE_LOOP ( 'NONE', ( #52, #266, #444, #769 ) ) ;
#1442 = DIRECTION ( 'NONE',  ( -0.000000000000000000, 1.000000000000000000, -0.000000000000000000 ) ) ;
#1443 = AXIS2_PLACEMENT_3D ( 'NONE', #157, #635, #1134 ) ;
#1444 = AXIS2_PLACEMENT_3D ( 'NONE', #442, #914, #1312 ) ;
#1445 = CARTESIAN_POINT ( 'NONE',  ( 24.50000000000000000, 0.000000000000000000, 0.000000000000000000 ) ) ;
#1446 = EDGE_LOOP ( 'NONE', ( #1333, #294 ) ) ;
#1447 = VECTOR ( 'NONE', #918, 1000.000000000000000 ) ;
#1448 = CARTESIAN_POINT ( 'NONE',  ( 0.000000000000000000, 0.000000000000000000, -2.200000000000000178 ) ) ;
#1449 = CARTESIAN_POINT ( 'NONE',  ( -30.00000000000000000, 35.50000000000000000, -160.0000000000000000 ) ) ;
#1450 = ORIENTED_EDGE ( 'NONE', *, *, #819, .F. ) ;
#1451 = CARTESIAN_POINT ( 'NONE',  ( 25.00000000000000000, 35.50000000000000000, -8.000000000000000000 ) ) ;
#1452 = ADVANCED_FACE ( 'NONE', ( #830 ), #219, .F. ) ;
#1453 = CARTESIAN_POINT ( 'NONE',  ( 0.000000000000000000, 35.50000000000000000, -130.0000000000000000 ) ) ;
#1454 = ORIENTED_EDGE ( 'NONE', *, *, #99, .T. ) ;
#1455 = FACE_OUTER_BOUND ( 'NONE', #589, .T. ) ;
#1456 = LINE ( 'NONE', #13, #1304 ) ;
#1457 = DIRECTION ( 'NONE',  ( -0.000000000000000000, 0.000000000000000000, -1.000000000000000000 ) ) ;
#1458 = VERTEX_POINT ( 'NONE', #1071 ) ;
#1459 = CARTESIAN_POINT ( 'NONE',  ( 30.00000000000000000, 35.50000000000000000, -160.0000000000000000 ) ) ;
#1460 = ORIENTED_EDGE ( 'NONE', *, *, #1385, .F. ) ;
#1461 = DIRECTION ( 'NONE',  ( -0.000000000000000000, 0.8599308432230760024, 0.5104105650098257341 ) ) ;
#1462 = DIRECTION ( 'NONE',  ( 0.000000000000000000, 0.000000000000000000, 1.000000000000000000 ) ) ;
#1463 = DIRECTION ( 'NONE',  ( -1.000000000000000000, 0.000000000000000000, 0.000000000000000000 ) ) ;
#1464 = VERTEX_POINT ( 'NONE', #708 ) ;
#1465 = AXIS2_PLACEMENT_3D ( 'NONE', #20, #1206, #839 ) ;
#1466 = EDGE_CURVE ( 'NONE', #1409, #632, #1207, .T. ) ;
#1467 = CARTESIAN_POINT ( 'NONE',  ( 8.000000000000001776, -13.85640646055101755, -8.000000000000000000 ) ) ;
#1468 = ORIENTED_EDGE ( 'NONE', *, *, #1155, .F. ) ;
#1469 = AXIS2_PLACEMENT_3D ( 'NONE', #365, #860, #957 ) ;
#1470 = EDGE_CURVE ( 'NONE', #155, #994, #841, .T. ) ;
#1471 = DIRECTION ( 'NONE',  ( 0.000000000000000000, 0.000000000000000000, 1.000000000000000000 ) ) ;
#1472 = VECTOR ( 'NONE', #196, 1000.000000000000000 ) ;
#1473 = CIRCLE ( 'NONE', #878, 1.700000000000000178 ) ;
#1474 = DIRECTION ( 'NONE',  ( -0.000000000000000000, -0.000000000000000000, 1.000000000000000000 ) ) ;
#1475 = DIRECTION ( 'NONE',  ( -1.000000000000000000, 0.000000000000000000, 0.000000000000000000 ) ) ;
#1476 = ORIENTED_EDGE ( 'NONE', *, *, #1204, .T. ) ;
#1477 = ORIENTED_EDGE ( 'NONE', *, *, #1351, .T. ) ;
#1478 = UNCERTAINTY_MEASURE_WITH_UNIT (LENGTH_MEASURE( 1.000000000000000082E-05 ), #1248, 'distance_accuracy_value', 'NONE');
#1479 = EDGE_CURVE ( 'NONE', #681, #522, #340, .T. ) ;
#1480 = CARTESIAN_POINT ( 'NONE',  ( -17.69999999999999929, -1.959434878635765131E-15, -8.000000000000000000 ) ) ;
#1481 = VERTEX_POINT ( 'NONE', #1183 ) ;
#1482 = CARTESIAN_POINT ( 'NONE',  ( 25.00000000000000000, 35.50000000000000000, 0.000000000000000000 ) ) ;
#1483 = DIRECTION ( 'NONE',  ( 0.000000000000000000, 0.000000000000000000, 1.000000000000000000 ) ) ;
#1484 = LINE ( 'NONE', #367, #974 ) ;
#1485 = VERTEX_POINT ( 'NONE', #1552 ) ;
#1486 = CARTESIAN_POINT ( 'NONE',  ( -24.50000000000000000, -19.70322580645161281, -8.000000000000000000 ) ) ;
#1487 = APPLICATION_CONTEXT ( 'configuration controlled 3d designs of mechanical parts and assemblies' ) ;
#1488 = FACE_OUTER_BOUND ( 'NONE', #368, .T. ) ;
#1489 = ADVANCED_FACE ( 'NONE', ( #435 ), #927, .F. ) ;
#1490 = DIRECTION ( 'NONE',  ( -1.000000000000000000, 0.000000000000000000, 0.000000000000000000 ) ) ;
#1491 = ORIENTED_EDGE ( 'NONE', *, *, #1119, .F. ) ;
#1492 = VECTOR ( 'NONE', #417, 1000.000000000000000 ) ;
#1493 = CARTESIAN_POINT ( 'NONE',  ( -7.999999999999996447, -13.85640646055101932, -8.000000000000000000 ) ) ;
#1494 = VERTEX_POINT ( 'NONE', #360 ) ;
#1495 = CARTESIAN_POINT ( 'NONE',  ( -6.300000000000006928, 13.85640646055101577, 0.000000000000000000 ) ) ;
#1496 = VECTOR ( 'NONE', #1110, 1000.000000000000000 ) ;
#1497 = FACE_BOUND ( 'NONE', #1209, .T. ) ;
#1498 = AXIS2_PLACEMENT_3D ( 'NONE', #358, #848, #1344 ) ;
#1499 = ORIENTED_EDGE ( 'NONE', *, *, #254, .F. ) ;
#1500 = ORIENTED_EDGE ( 'NONE', *, *, #436, .F. ) ;
#1501 = ORIENTED_EDGE ( 'NONE', *, *, #1406, .T. ) ;
#1502 = DIRECTION ( 'NONE',  ( 0.000000000000000000, 1.000000000000000000, 0.000000000000000000 ) ) ;
#1503 = DIRECTION ( 'NONE',  ( -0.000000000000000000, -0.000000000000000000, -1.000000000000000000 ) ) ;
#1504 = VERTEX_POINT ( 'NONE', #980 ) ;
#1505 = CARTESIAN_POINT ( 'NONE',  ( 18.50000000000000000, -20.00000000000000000, -7.500000000000000000 ) ) ;
#1506 = EDGE_CURVE ( 'NONE', #253, #645, #1484, .T. ) ;
#1507 = CARTESIAN_POINT ( 'NONE',  ( -8.000000000000007105, 13.85640646055101577, -8.000000000000000000 ) ) ;
#1508 = ORIENTED_EDGE ( 'NONE', *, *, #792, .T. ) ;
#1509 = FACE_OUTER_BOUND ( 'NONE', #241, .T. ) ;
#1510 = DATE_AND_TIME ( #1066, #1354 ) ;
#1511 = ORIENTED_EDGE ( 'NONE', *, *, #1506, .F. ) ;
#1512 = ADVANCED_FACE ( 'NONE', ( #850, #473, #871, #1497, #28, #1220 ), #1255, .F. ) ;
#1513 = FACE_BOUND ( 'NONE', #1214, .T. ) ;
#1514 = EDGE_CURVE ( 'NONE', #40, #900, #1002, .T. ) ;
#1515 = VERTEX_POINT ( 'NONE', #126 ) ;
#1516 = EDGE_CURVE ( 'NONE', #994, #681, #742, .T. ) ;
#1517 = FACE_OUTER_BOUND ( 'NONE', #749, .T. ) ;
#1518 = AXIS2_PLACEMENT_3D ( 'NONE', #1336, #1102, #1210 ) ;
#1519 = ORIENTED_EDGE ( 'NONE', *, *, #370, .T. ) ;
#1520 = CARTESIAN_POINT ( 'NONE',  ( -6.299999999999996270, -13.85640646055101932, 0.000000000000000000 ) ) ;
#1521 = VECTOR ( 'NONE', #1383, 1000.000000000000000 ) ;
#1522 = VECTOR ( 'NONE', #445, 1000.000000000000000 ) ;
#1523 = ADVANCED_FACE ( 'NONE', ( #21 ), #14, .F. ) ;
#1524 = FACE_BOUND ( 'NONE', #39, .T. ) ;
#1525 = ORIENTED_EDGE ( 'NONE', *, *, #139, .F. ) ;
#1526 = DIRECTION ( 'NONE',  ( 1.000000000000000000, 0.000000000000000000, 0.000000000000000000 ) ) ;
#1527 = ORIENTED_EDGE ( 'NONE', *, *, #117, .T. ) ;
#1528 = DIRECTION ( 'NONE',  ( -0.000000000000000000, -1.000000000000000000, -0.000000000000000000 ) ) ;
#1529 = FACE_BOUND ( 'NONE', #698, .T. ) ;
#1530 = EDGE_LOOP ( 'NONE', ( #508, #271, #751, #463 ) ) ;
#1531 = FACE_BOUND ( 'NONE', #1160, .T. ) ;
#1532 = ADVANCED_FACE ( 'NONE', ( #855 ), #142, .F. ) ;
#1533 = VERTEX_POINT ( 'NONE', #245 ) ;
#1534 = CARTESIAN_POINT ( 'NONE',  ( -25.00000000000000000, 35.50000000000000000, 0.000000000000000000 ) ) ;
#1535 = PERSON_AND_ORGANIZATION_ROLE ( 'classification_officer' ) ;
#1536 = ORIENTED_EDGE ( 'NONE', *, *, #112, .F. ) ;
#1537 = ADVANCED_FACE ( 'NONE', ( #724 ), #1355, .F. ) ;
#1538 = VECTOR ( 'NONE', #205, 1000.000000000000000 ) ;
#1539 = ORIENTED_EDGE ( 'NONE', *, *, #486, .F. ) ;
#1540 = CARTESIAN_POINT ( 'NONE',  ( 0.000000000000000000, 0.000000000000000000, 0.000000000000000000 ) ) ;
#1541 = DIRECTION ( 'NONE',  ( 0.000000000000000000, 1.000000000000000000, 0.000000000000000000 ) ) ;
#1542 = CARTESIAN_POINT ( 'NONE',  ( 8.000000000000001776, -13.85640646055101755, 0.000000000000000000 ) ) ;
#1543 = CIRCLE ( 'NONE', #402, 1.700000000000000178 ) ;
#1544 = CARTESIAN_POINT ( 'NONE',  ( 12.15000000000000036, 0.000000000000000000, 0.000000000000000000 ) ) ;
#1545 = AXIS2_PLACEMENT_3D ( 'NONE', #992, #484, #1118 ) ;
#1546 = CARTESIAN_POINT ( 'NONE',  ( -25.00000000000000000, -25.00000000000000000, -8.000000000000000000 ) ) ;
#1547 = PERSON_AND_ORGANIZATION_ROLE ( 'creator' ) ;
#1548 = VERTEX_POINT ( 'NONE', #755 ) ;
#1549 = FACE_OUTER_BOUND ( 'NONE', #515, .T. ) ;
#1550 = PRODUCT ( 'JX1_UpperArm_R', 'JX1_UpperArm_R', '', ( #821 ) ) ;
#1551 = DIRECTION ( 'NONE',  ( 1.000000000000000000, 0.000000000000000000, 0.000000000000000000 ) ) ;
#1552 = CARTESIAN_POINT ( 'NONE',  ( 4.000000000000000000, 4.898587196589412829E-16, -2.200000000000000178 ) ) ;
#1553 = CARTESIAN_POINT ( 'NONE',  ( -30.00000000000000000, 35.50000000000000000, -8.000000000000000000 ) ) ;
#1554 = DIRECTION ( 'NONE',  ( -0.000000000000000000, 1.000000000000000000, -0.000000000000000000 ) ) ;
#1555 = SHAPE_DEFINITION_REPRESENTATION ( #1051, #1032 ) ;
#1556 = ORIENTED_EDGE ( 'NONE', *, *, #409, .F. ) ;
#1557 = DIRECTION ( 'NONE',  ( 0.000000000000000000, 1.000000000000000000, 0.000000000000000000 ) ) ;
#1558 = FACE_OUTER_BOUND ( 'NONE', #1320, .T. ) ;
#1559 = DIRECTION ( 'NONE',  ( 0.000000000000000000, 1.000000000000000000, 0.000000000000000000 ) ) ;
#1560 = DIRECTION ( 'NONE',  ( 0.000000000000000000, 0.000000000000000000, 1.000000000000000000 ) ) ;
#1561 = ORIENTED_EDGE ( 'NONE', *, *, #554, .F. ) ;
#1562 = CARTESIAN_POINT ( 'NONE',  ( 30.00000000000000000, 25.50000000000000000, -160.0000000000000000 ) ) ;
#1563 = EDGE_LOOP ( 'NONE', ( #869, #877, #1477, #1357 ) ) ;
#1564 = DIRECTION ( 'NONE',  ( 1.000000000000000000, 0.000000000000000000, 0.000000000000000000 ) ) ;
#1565 = ADVANCED_FACE ( 'NONE', ( #159 ), #251, .F. ) ;
#1566 = ORIENTED_EDGE ( 'NONE', *, *, #29, .T. ) ;
#1567 = DIRECTION ( 'NONE',  ( 1.000000000000000000, 0.000000000000000000, -0.000000000000000000 ) ) ;
#1568 = AXIS2_PLACEMENT_3D ( 'NONE', #74, #924, #1431 ) ;
#1569 = AXIS2_PLACEMENT_3D ( 'NONE', #336, #820, #1175 ) ;
#1570 = DIRECTION ( 'NONE',  ( 1.000000000000000000, 0.000000000000000000, 0.000000000000000000 ) ) ;
#1571 = ORIENTED_EDGE ( 'NONE', *, *, #1324, .F. ) ;
#1572 = VECTOR ( 'NONE', #722, 1000.000000000000000 ) ;
#1573 = CARTESIAN_POINT ( 'NONE',  ( 8.000000000000001776, -13.85640646055101755, -8.000000000000000000 ) ) ;
#1574 = CARTESIAN_POINT ( 'NONE',  ( 30.00000000000000000, 35.50000000000000000, -160.0000000000000000 ) ) ;
#1575 = EDGE_CURVE ( 'NONE', #1548, #791, #1260, .T. ) ;
#1576 = CARTESIAN_POINT ( 'NONE',  ( 16.26345596729059295, 25.50000000000000000, -146.2634559672905823 ) ) ;
#1577 = EDGE_CURVE ( 'NONE', #40, #481, #1473, .T. ) ;
#1578 = CARTESIAN_POINT ( 'NONE',  ( -25.00000000000000000, -25.00000000000000000, 0.000000000000000000 ) ) ;
#1579 = EDGE_LOOP ( 'NONE', ( #1121, #939, #1366, #30 ) ) ;
#1580 = PLANE ( 'NONE',  #354 ) ;
#1581 = CARTESIAN_POINT ( 'NONE',  ( 16.26345596729059295, 35.50000000000000000, -147.9634559672905993 ) ) ;
#1582 = DIRECTION ( 'NONE',  ( -0.000000000000000000, -1.000000000000000000, -0.000000000000000000 ) ) ;
#1583 = EDGE_LOOP ( 'NONE', ( #609, #383 ) ) ;
ENDSEC;
END-ISO-10303-21;
