ISO-10303-21;
HEADER;
FILE_DESCRIPTION (( 'STEP AP203' ),
    '1' );
FILE_NAME ('JX1_HipRollBracket_L.STEP',
    '2026-09-24T05:37:40',
    ( '' ),
    ( '' ),
    'SwSTEP 2.0',
    'SolidWorks 2026',
    '' );
FILE_SCHEMA (( 'CONFIG_CONTROL_DESIGN' ));
ENDSEC;

DATA;
#1 = CIRCLE ( 'NONE', #1740, 2.750000000000002665 ) ;
#2 = LINE ( 'NONE', #419, #37 ) ;
#3 = FACE_OUTER_BOUND ( 'NONE', #458, .T. ) ;
#4 = APPLICATION_PROTOCOL_DEFINITION ( 'international standard', 'config_control_design', 1994, #1077 ) ;
#5 = CIRCLE ( 'NONE', #637, 22.14999999999999858 ) ;
#6 = AXIS2_PLACEMENT_3D ( 'NONE', #341, #1401, #153 ) ;
#7 = DIRECTION ( 'NONE',  ( 0.000000000000000000, 0.000000000000000000, -1.000000000000000000 ) ) ;
#8 = CALENDAR_DATE ( 2026, 24, 9 ) ;
#9 = CARTESIAN_POINT ( 'NONE',  ( 19.13417161825449497, -20.00000000000000355, -43.44397662556434625 ) ) ;
#10 = CIRCLE ( 'NONE', #261, 22.14999999999999858 ) ;
#11 = ORIENTED_EDGE ( 'NONE', *, *, #1463, .T. ) ;
#12 = EDGE_CURVE ( 'NONE', #1833, #1441, #377, .T. ) ;
#13 = CARTESIAN_POINT ( 'NONE',  ( 56.00000000000000000, -30.00000000000000711, 30.00000000000000000 ) ) ;
#14 = VERTEX_POINT ( 'NONE', #378 ) ;
#15 = PLANE ( 'NONE',  #855 ) ;
#16 = CYLINDRICAL_SURFACE ( 'NONE', #1670, 2.749999999999995559 ) ;
#17 = ORIENTED_EDGE ( 'NONE', *, *, #1357, .T. ) ;
#18 = DIRECTION ( 'NONE',  ( -0.000000000000000000, -1.000000000000000000, -0.000000000000000000 ) ) ;
#19 = ORIENTED_EDGE ( 'NONE', *, *, #1950, .F. ) ;
#20 = DIRECTION ( 'NONE',  ( 0.000000000000000000, 0.000000000000000000, -1.000000000000000000 ) ) ;
#21 = DIRECTION ( 'NONE',  ( 0.000000000000000000, 0.000000000000000000, 1.000000000000000000 ) ) ;
#22 = VERTEX_POINT ( 'NONE', #1279 ) ;
#23 = CC_DESIGN_PERSON_AND_ORGANIZATION_ASSIGNMENT ( #460, #185, ( #355 ) ) ;
#24 = EDGE_CURVE ( 'NONE', #660, #1558, #1300, .T. ) ;
#25 = CARTESIAN_POINT ( 'NONE',  ( -68.00000000000000000, -30.00000000000000711, -40.00000000000000000 ) ) ;
#26 = CARTESIAN_POINT ( 'NONE',  ( -68.00000000000000000, 0.000000000000000000, 0.000000000000000000 ) ) ;
#27 = EDGE_CURVE ( 'NONE', #1033, #1769, #1438, .T. ) ;
#28 = ORIENTED_EDGE ( 'NONE', *, *, #1054, .T. ) ;
#29 = DIRECTION ( 'NONE',  ( 1.000000000000000000, -0.000000000000000000, 0.000000000000000000 ) ) ;
#30 = COORDINATED_UNIVERSAL_TIME_OFFSET ( 5, 30, .AHEAD. ) ;
#31 = VERTEX_POINT ( 'NONE', #1008 ) ;
#32 = DIRECTION ( 'NONE',  ( 0.000000000000000000, 0.000000000000000000, -1.000000000000000000 ) ) ;
#33 = DIRECTION ( 'NONE',  ( -0.000000000000000000, -1.000000000000000000, -0.000000000000000000 ) ) ;
#34 = ORIENTED_EDGE ( 'NONE', *, *, #1280, .F. ) ;
#35 = PLANE ( 'NONE',  #67 ) ;
#36 = CYLINDRICAL_SURFACE ( 'NONE', #1113, 2.750000000000002665 ) ;
#37 = VECTOR ( 'NONE', #1773, 1000.000000000000114 ) ;
#38 = ORIENTED_EDGE ( 'NONE', *, *, #1449, .T. ) ;
#39 = EDGE_CURVE ( 'NONE', #22, #1526, #1600, .T. ) ;
#40 = CIRCLE ( 'NONE', #1299, 2.749999999999995559 ) ;
#41 = AXIS2_PLACEMENT_3D ( 'NONE', #590, #1337, #596 ) ;
#42 = CARTESIAN_POINT ( 'NONE',  ( 30.00000000000000000, -20.00000000000000355, 56.00000000000000000 ) ) ;
#43 = AXIS2_PLACEMENT_3D ( 'NONE', #745, #1166, #154 ) ;
#44 = ORIENTED_EDGE ( 'NONE', *, *, #1400, .T. ) ;
#45 = CIRCLE ( 'NONE', #291, 2.750000000000002665 ) ;
#46 = ORIENTED_EDGE ( 'NONE', *, *, #24, .T. ) ;
#47 = AXIS2_PLACEMENT_3D ( 'NONE', #990, #941, #1897 ) ;
#48 = DIRECTION ( 'NONE',  ( 1.000000000000000000, 0.000000000000000000, 0.000000000000000000 ) ) ;
#49 = DIRECTION ( 'NONE',  ( 0.000000000000000000, 0.000000000000000000, -1.000000000000000000 ) ) ;
#50 = VERTEX_POINT ( 'NONE', #763 ) ;
#51 = EDGE_CURVE ( 'NONE', #1004, #1690, #1703, .T. ) ;
#52 = DIRECTION ( 'NONE',  ( 1.000000000000000000, 0.000000000000000000, 0.000000000000000000 ) ) ;
#53 = DIRECTION ( 'NONE',  ( -1.000000000000000000, -0.000000000000000000, -0.000000000000000000 ) ) ;
#54 = EDGE_LOOP ( 'NONE', ( #772, #1819 ) ) ;
#55 = CARTESIAN_POINT ( 'NONE',  ( -73.80000000000001137, 0.000000000000000000, 0.000000000000000000 ) ) ;
#56 = CARTESIAN_POINT ( 'NONE',  ( -68.00000000000000000, -10.71513610622250745, -25.86862691031603134 ) ) ;
#57 = FACE_OUTER_BOUND ( 'NONE', #1663, .T. ) ;
#58 = ORIENTED_EDGE ( 'NONE', *, *, #691, .T. ) ;
#59 = CARTESIAN_POINT ( 'NONE',  ( -76.00000000000000000, 25.86862691031603134, 10.71513610622251100 ) ) ;
#60 = DIRECTION ( 'NONE',  ( 0.000000000000000000, 0.000000000000000000, 1.000000000000000000 ) ) ;
#61 = EDGE_LOOP ( 'NONE', ( #625, #1261 ) ) ;
#62 = EDGE_CURVE ( 'NONE', #102, #1667, #1366, .T. ) ;
#63 = FACE_BOUND ( 'NONE', #1060, .T. ) ;
#64 = DIRECTION ( 'NONE',  ( 0.000000000000000000, 1.000000000000000000, 0.000000000000000000 ) ) ;
#65 = CYLINDRICAL_SURFACE ( 'NONE', #384, 2.249999999999998668 ) ;
#66 = ORIENTED_EDGE ( 'NONE', *, *, #430, .T. ) ;
#67 = AXIS2_PLACEMENT_3D ( 'NONE', #1562, #1831, #1532 ) ;
#68 = DIRECTION ( 'NONE',  ( 0.000000000000000000, 0.000000000000000000, -1.000000000000000000 ) ) ;
#69 = CARTESIAN_POINT ( 'NONE',  ( -76.00000000000000000, 10.71513610622251633, 25.86862691031603134 ) ) ;
#70 = VERTEX_POINT ( 'NONE', #1350 ) ;
#71 = AXIS2_PLACEMENT_3D ( 'NONE', #704, #242, #68 ) ;
#72 = ORIENTED_EDGE ( 'NONE', *, *, #1478, .T. ) ;
#73 = AXIS2_PLACEMENT_3D ( 'NONE', #532, #1895, #1557 ) ;
#74 = EDGE_CURVE ( 'NONE', #830, #303, #1810, .T. ) ;
#75 = CARTESIAN_POINT ( 'NONE',  ( 46.19397662556433914, -20.00000000000000355, -19.13417161825449142 ) ) ;
#76 = DIRECTION ( 'NONE',  ( -1.000000000000000000, -0.000000000000000000, -0.000000000000000000 ) ) ;
#77 = CC_DESIGN_APPROVAL ( #1448, ( #1936 ) ) ;
#78 = EDGE_LOOP ( 'NONE', ( #1922, #38, #212, #784 ) ) ;
#79 = DIRECTION ( 'NONE',  ( 1.000000000000000000, 0.000000000000000000, 0.000000000000000000 ) ) ;
#80 = CARTESIAN_POINT ( 'NONE',  ( -68.00000000000000000, -20.00000000000000355, 56.00000000000000000 ) ) ;
#81 = DIRECTION ( 'NONE',  ( -0.000000000000000000, -1.000000000000000000, -0.000000000000000000 ) ) ;
#82 = VERTEX_POINT ( 'NONE', #874 ) ;
#83 = FACE_BOUND ( 'NONE', #1753, .T. ) ;
#84 = CARTESIAN_POINT ( 'NONE',  ( -76.00000000000000000, 0.000000000000000000, 22.14999999999999858 ) ) ;
#85 = CYLINDRICAL_SURFACE ( 'NONE', #1746, 2.250000000000000444 ) ;
#86 = EDGE_CURVE ( 'NONE', #93, #660, #2, .T. ) ;
#87 = ADVANCED_FACE ( 'NONE', ( #1619 ), #15, .F. ) ;
#88 = EDGE_LOOP ( 'NONE', ( #1596, #1457, #1555, #110 ) ) ;
#89 = DIRECTION ( 'NONE',  ( 0.000000000000000000, 1.000000000000000000, 0.000000000000000000 ) ) ;
#90 = CARTESIAN_POINT ( 'NONE',  ( -68.00000000000000000, 10.71513610622251633, 23.61862691031603134 ) ) ;
#91 = FACE_OUTER_BOUND ( 'NONE', #1693, .T. ) ;
#92 = CARTESIAN_POINT ( 'NONE',  ( -68.00000000000000000, 0.000000000000000000, 0.000000000000000000 ) ) ;
#93 = VERTEX_POINT ( 'NONE', #267 ) ;
#94 = DIRECTION ( 'NONE',  ( 0.000000000000000000, 0.000000000000000000, -1.000000000000000000 ) ) ;
#95 = EDGE_LOOP ( 'NONE', ( #1721, #1317, #1107, #1433 ) ) ;
#96 = DIRECTION ( 'NONE',  ( -0.000000000000000000, -0.000000000000000000, -1.000000000000000000 ) ) ;
#97 = DIRECTION ( 'NONE',  ( 0.000000000000000000, -0.000000000000000000, 1.000000000000000000 ) ) ;
#98 = ORIENTED_EDGE ( 'NONE', *, *, #1911, .T. ) ;
#99 = ADVANCED_FACE ( 'NONE', ( #304 ), #1188, .F. ) ;
#100 = LINE ( 'NONE', #213, #1516 ) ;
#101 = DIRECTION ( 'NONE',  ( 0.000000000000000000, 0.000000000000000000, -1.000000000000000000 ) ) ;
#102 = VERTEX_POINT ( 'NONE', #1324 ) ;
#103 = VECTOR ( 'NONE', #1375, 1000.000000000000000 ) ;
#104 = AXIS2_PLACEMENT_3D ( 'NONE', #594, #1316, #729 ) ;
#105 = EDGE_LOOP ( 'NONE', ( #1757, #1319, #404, #909 ) ) ;
#106 = VECTOR ( 'NONE', #662, 1000.000000000000000 ) ;
#107 = CARTESIAN_POINT ( 'NONE',  ( -76.00000000000000000, -10.71513610622250745, -23.61862691031603489 ) ) ;
#108 = DIRECTION ( 'NONE',  ( -1.000000000000000000, 0.000000000000000000, 0.000000000000000000 ) ) ;
#109 = AXIS2_PLACEMENT_3D ( 'NONE', #831, #1443, #801 ) ;
#110 = ORIENTED_EDGE ( 'NONE', *, *, #707, .F. ) ;
#111 = DIRECTION ( 'NONE',  ( 0.000000000000000000, -0.000000000000000000, -1.000000000000000000 ) ) ;
#112 = CIRCLE ( 'NONE', #648, 2.249999999999998668 ) ;
#113 = ADVANCED_FACE ( 'NONE', ( #910 ), #1209, .F. ) ;
#114 = EDGE_LOOP ( 'NONE', ( #1812, #498, #343, #1808 ) ) ;
#115 = EDGE_LOOP ( 'NONE', ( #17, #1311 ) ) ;
#116 = DIRECTION ( 'NONE',  ( 1.000000000000000000, 0.000000000000000000, 0.000000000000000000 ) ) ;
#117 = ORIENTED_EDGE ( 'NONE', *, *, #1950, .T. ) ;
#118 = CARTESIAN_POINT ( 'NONE',  ( 19.13417161825449497, -20.00000000000000355, -46.19397662556433914 ) ) ;
#119 = APPLICATION_PROTOCOL_DEFINITION ( 'international standard', 'config_control_design', 1994, #527 ) ;
#120 = ORIENTED_EDGE ( 'NONE', *, *, #583, .T. ) ;
#121 = ORIENTED_EDGE ( 'NONE', *, *, #143, .F. ) ;
#122 = EDGE_CURVE ( 'NONE', #70, #93, #1627, .T. ) ;
#123 = CARTESIAN_POINT ( 'NONE',  ( 46.19397662556434625, -20.00000000000000355, 16.38417161825447721 ) ) ;
#124 = DIRECTION ( 'NONE',  ( 0.000000000000000000, 0.000000000000000000, -1.000000000000000000 ) ) ;
#125 = CARTESIAN_POINT ( 'NONE',  ( 19.13417161825450208, -30.00000000000000711, 46.19397662556433204 ) ) ;
#126 = ORIENTED_EDGE ( 'NONE', *, *, #1128, .T. ) ;
#127 = VERTEX_POINT ( 'NONE', #274 ) ;
#128 = DIRECTION ( 'NONE',  ( -1.000000000000000000, -0.000000000000000000, -0.000000000000000000 ) ) ;
#129 = VECTOR ( 'NONE', #852, 1000.000000000000000 ) ;
#130 = EDGE_CURVE ( 'NONE', #575, #1213, #1790, .T. ) ;
#131 = AXIS2_PLACEMENT_3D ( 'NONE', #1181, #1626, #146 ) ;
#132 = DIRECTION ( 'NONE',  ( 1.000000000000000000, 0.000000000000000000, 0.000000000000000000 ) ) ;
#133 = CARTESIAN_POINT ( 'NONE',  ( -68.00000000000000000, -36.00000000000000711, -40.00000000000000000 ) ) ;
#134 = CIRCLE ( 'NONE', #41, 2.249999999999998668 ) ;
#135 = AXIS2_PLACEMENT_3D ( 'NONE', #1513, #1837, #949 ) ;
#136 = VECTOR ( 'NONE', #1091, 1000.000000000000114 ) ;
#137 = CARTESIAN_POINT ( 'NONE',  ( -68.00000000000000000, -25.86862691031602779, -8.465136106222519885 ) ) ;
#138 = ORIENTED_EDGE ( 'NONE', *, *, #1657, .T. ) ;
#139 = FACE_OUTER_BOUND ( 'NONE', #95, .T. ) ;
#140 = CARTESIAN_POINT ( 'NONE',  ( -68.00000000000000000, -10.71513610622251100, 25.86862691031603134 ) ) ;
#141 = DIRECTION ( 'NONE',  ( -0.000000000000000000, -1.000000000000000000, -0.000000000000000000 ) ) ;
#142 = LINE ( 'NONE', #744, #1263 ) ;
#143 = EDGE_CURVE ( 'NONE', #70, #294, #881, .T. ) ;
#144 = DIRECTION ( 'NONE',  ( -0.000000000000000000, 1.000000000000000000, 0.000000000000000000 ) ) ;
#145 = ORIENTED_EDGE ( 'NONE', *, *, #74, .F. ) ;
#146 = DIRECTION ( 'NONE',  ( 0.000000000000000000, 0.000000000000000000, 1.000000000000000000 ) ) ;
#147 = CARTESIAN_POINT ( 'NONE',  ( -68.00000000000000000, 33.99999999999999289, 45.00000000000000000 ) ) ;
#148 = ORIENTED_EDGE ( 'NONE', *, *, #249, .T. ) ;
#149 = DIRECTION ( 'NONE',  ( -0.000000000000000000, -0.000000000000000000, 1.000000000000000000 ) ) ;
#150 = DIRECTION ( 'NONE',  ( -0.000000000000000000, -1.000000000000000000, -0.000000000000000000 ) ) ;
#151 = VERTEX_POINT ( 'NONE', #743 ) ;
#152 = EDGE_CURVE ( 'NONE', #1786, #127, #1865, .T. ) ;
#153 = DIRECTION ( 'NONE',  ( 0.000000000000000000, 0.000000000000000000, 1.000000000000000000 ) ) ;
#154 = DIRECTION ( 'NONE',  ( 0.000000000000000000, 0.000000000000000000, 1.000000000000000000 ) ) ;
#155 = VERTEX_POINT ( 'NONE', #1340 ) ;
#156 = DIRECTION ( 'NONE',  ( 0.000000000000000000, 0.000000000000000000, -1.000000000000000000 ) ) ;
#157 = FACE_OUTER_BOUND ( 'NONE', #650, .T. ) ;
#158 = AXIS2_PLACEMENT_3D ( 'NONE', #465, #1248, #1220 ) ;
#159 = ORIENTED_EDGE ( 'NONE', *, *, #1894, .F. ) ;
#160 = DIRECTION ( 'NONE',  ( 1.000000000000000000, -0.000000000000000000, 0.000000000000000000 ) ) ;
#161 = DIRECTION ( 'NONE',  ( -0.7071067811865475727, 0.000000000000000000, -0.7071067811865475727 ) ) ;
#162 = AXIS2_PLACEMENT_3D ( 'NONE', #118, #1030, #895 ) ;
#163 = CARTESIAN_POINT ( 'NONE',  ( -68.00000000000000000, 0.000000000000000000, 0.000000000000000000 ) ) ;
#164 = PERSON_AND_ORGANIZATION ( #854, #896 ) ;
#165 = APPROVAL_PERSON_ORGANIZATION ( #622, #1621, #1355 ) ;
#166 = EDGE_LOOP ( 'NONE', ( #1049, #557 ) ) ;
#167 = EDGE_CURVE ( 'NONE', #151, #708, #1928, .T. ) ;
#168 = CARTESIAN_POINT ( 'NONE',  ( -68.00000000000000000, -20.00000000000000355, 56.00000000000000000 ) ) ;
#169 = DIRECTION ( 'NONE',  ( 0.000000000000000000, 0.000000000000000000, 1.000000000000000000 ) ) ;
#170 = ORIENTED_EDGE ( 'NONE', *, *, #727, .T. ) ;
#171 = CARTESIAN_POINT ( 'NONE',  ( 56.00000000000000000, -20.00000000000000355, 30.00000000000000000 ) ) ;
#172 = CYLINDRICAL_SURFACE ( 'NONE', #1422, 2.249999999999998668 ) ;
#173 = VERTEX_POINT ( 'NONE', #433 ) ;
#174 = PLANE ( 'NONE',  #1240 ) ;
#175 = APPROVAL_STATUS ( 'not_yet_approved' ) ;
#176 = ORIENTED_EDGE ( 'NONE', *, *, #1386, .T. ) ;
#177 = CARTESIAN_POINT ( 'NONE',  ( -19.13417161825447721, -20.00000000000000355, 46.19397662556434625 ) ) ;
#178 = DIRECTION ( 'NONE',  ( -0.000000000000000000, -1.000000000000000000, -0.000000000000000000 ) ) ;
#179 = EDGE_LOOP ( 'NONE', ( #464, #423 ) ) ;
#180 = EDGE_CURVE ( 'NONE', #888, #208, #1323, .T. ) ;
#181 = CYLINDRICAL_SURFACE ( 'NONE', #281, 2.750000000000002665 ) ;
#182 = DIRECTION ( 'NONE',  ( 0.000000000000000000, 0.000000000000000000, -1.000000000000000000 ) ) ;
#183 = ORIENTED_EDGE ( 'NONE', *, *, #1357, .F. ) ;
#184 = CARTESIAN_POINT ( 'NONE',  ( -19.13417161825447721, -20.00000000000000355, 43.44397662556434625 ) ) ;
#185 = PERSON_AND_ORGANIZATION_ROLE ( 'creator' ) ;
#186 = ORIENTED_EDGE ( 'NONE', *, *, #204, .T. ) ;
#187 = ORIENTED_EDGE ( 'NONE', *, *, #271, .F. ) ;
#188 = CARTESIAN_POINT ( 'NONE',  ( -68.00000000000000000, -10.71513610622251100, 23.61862691031603489 ) ) ;
#189 = FACE_BOUND ( 'NONE', #950, .T. ) ;
#190 = CIRCLE ( 'NONE', #700, 6.000000000000000000 ) ;
#191 = EDGE_CURVE ( 'NONE', #1399, #636, #190, .T. ) ;
#192 = AXIS2_PLACEMENT_3D ( 'NONE', #1346, #116, #1946 ) ;
#193 = ORIENTED_EDGE ( 'NONE', *, *, #807, .F. ) ;
#194 = CIRCLE ( 'NONE', #1801, 2.750000000000002665 ) ;
#195 = VECTOR ( 'NONE', #1804, 1000.000000000000000 ) ;
#196 = DIRECTION ( 'NONE',  ( -0.000000000000000000, -1.000000000000000000, -0.000000000000000000 ) ) ;
#197 = VECTOR ( 'NONE', #1535, 1000.000000000000000 ) ;
#198 = ORIENTED_EDGE ( 'NONE', *, *, #664, .T. ) ;
#199 = AXIS2_PLACEMENT_3D ( 'NONE', #92, #437, #269 ) ;
#200 = DIRECTION ( 'NONE',  ( -1.000000000000000000, -0.000000000000000000, -0.000000000000000000 ) ) ;
#201 = FACE_OUTER_BOUND ( 'NONE', #718, .T. ) ;
#202 = DIRECTION ( 'NONE',  ( 0.000000000000000000, 0.000000000000000000, -1.000000000000000000 ) ) ;
#203 = ORIENTED_EDGE ( 'NONE', *, *, #1500, .F. ) ;
#204 = EDGE_CURVE ( 'NONE', #1667, #1213, #902, .T. ) ;
#205 = CARTESIAN_POINT ( 'NONE',  ( -76.00000000000000000, 25.86862691031603134, 10.71513610622251100 ) ) ;
#206 = PERSON_AND_ORGANIZATION ( #854, #896 ) ;
#207 = DIRECTION ( 'NONE',  ( 0.000000000000000000, 0.000000000000000000, -1.000000000000000000 ) ) ;
#208 = VERTEX_POINT ( 'NONE', #606 ) ;
#209 = EDGE_LOOP ( 'NONE', ( #66, #1315 ) ) ;
#210 = FACE_OUTER_BOUND ( 'NONE', #1368, .T. ) ;
#211 = DIRECTION ( 'NONE',  ( 0.000000000000000000, 0.000000000000000000, -1.000000000000000000 ) ) ;
#212 = ORIENTED_EDGE ( 'NONE', *, *, #1469, .F. ) ;
#213 = CARTESIAN_POINT ( 'NONE',  ( -68.00000000000000000, -20.00000000000000355, 56.00000000000000000 ) ) ;
#214 = DIRECTION ( 'NONE',  ( -1.000000000000000000, -0.000000000000000000, -0.000000000000000000 ) ) ;
#215 = EDGE_CURVE ( 'NONE', #31, #331, #456, .T. ) ;
#216 = ORIENTED_EDGE ( 'NONE', *, *, #12, .T. ) ;
#217 = DIRECTION ( 'NONE',  ( 0.000000000000000000, 0.000000000000000000, -1.000000000000000000 ) ) ;
#218 = FACE_OUTER_BOUND ( 'NONE', #1788, .T. ) ;
#219 = ORIENTED_EDGE ( 'NONE', *, *, #1343, .T. ) ;
#220 = CIRCLE ( 'NONE', #473, 2.250000000000000444 ) ;
#221 = FACE_OUTER_BOUND ( 'NONE', #503, .T. ) ;
#222 = ORIENTED_EDGE ( 'NONE', *, *, #1089, .T. ) ;
#223 = VECTOR ( 'NONE', #735, 1000.000000000000000 ) ;
#224 = ADVANCED_FACE ( 'NONE', ( #210 ), #499, .F. ) ;
#225 = CIRCLE ( 'NONE', #1329, 2.249999999999998668 ) ;
#226 = FACE_BOUND ( 'NONE', #1038, .T. ) ;
#227 = AXIS2_PLACEMENT_3D ( 'NONE', #1689, #236, #657 ) ;
#228 = EDGE_CURVE ( 'NONE', #1702, #823, #754, .T. ) ;
#229 = CARTESIAN_POINT ( 'NONE',  ( -68.00000000000000000, 25.86862691031603134, -12.96513610622251633 ) ) ;
#230 = PLANE ( 'NONE',  #986 ) ;
#231 = CIRCLE ( 'NONE', #47, 2.250000000000000444 ) ;
#232 = ORIENTED_EDGE ( 'NONE', *, *, #1715, .F. ) ;
#233 = CARTESIAN_POINT ( 'NONE',  ( 56.00000000000000000, -30.00000000000000711, -30.00000000000000000 ) ) ;
#234 = CARTESIAN_POINT ( 'NONE',  ( -19.13417161825447721, -30.00000000000000711, 46.19397662556434625 ) ) ;
#235 = ORIENTED_EDGE ( 'NONE', *, *, #360, .T. ) ;
#236 = DIRECTION ( 'NONE',  ( 0.000000000000000000, 1.000000000000000000, 0.000000000000000000 ) ) ;
#237 = EDGE_LOOP ( 'NONE', ( #243, #604, #1078, #1938 ) ) ;
#238 = LINE ( 'NONE', #698, #1391 ) ;
#239 = FACE_OUTER_BOUND ( 'NONE', #1273, .T. ) ;
#240 = ADVANCED_FACE ( 'NONE', ( #201 ), #35, .F. ) ;
#241 = ORIENTED_EDGE ( 'NONE', *, *, #1480, .T. ) ;
#242 = DIRECTION ( 'NONE',  ( 1.000000000000000000, 0.000000000000000000, 0.000000000000000000 ) ) ;
#243 = ORIENTED_EDGE ( 'NONE', *, *, #250, .T. ) ;
#244 = ORIENTED_EDGE ( 'NONE', *, *, #1074, .F. ) ;
#245 = DIRECTION ( 'NONE',  ( 0.000000000000000000, 0.000000000000000000, -1.000000000000000000 ) ) ;
#246 = CARTESIAN_POINT ( 'NONE',  ( 19.13417161825449497, -20.00000000000000355, -43.44397662556434625 ) ) ;
#247 = ORIENTED_EDGE ( 'NONE', *, *, #39, .F. ) ;
#248 = LINE ( 'NONE', #1774, #602 ) ;
#249 = EDGE_CURVE ( 'NONE', #1364, #363, #955, .T. ) ;
#250 = EDGE_CURVE ( 'NONE', #1158, #695, #1668, .T. ) ;
#251 = CARTESIAN_POINT ( 'NONE',  ( -76.00000000000000000, -10.71513610622251100, 25.86862691031603134 ) ) ;
#252 = CLOSED_SHELL ( 'NONE', ( #264, #455, #912, #1809, #893, #645, #1418, #99, #1244, #335, #1943, #993, #589, #1019, #1007, #806, #306, #1528, #1063, #1632, #928, #958, #1073, #224, #783, #240, #1291, #1779, #1032, #1419, #904, #1410, #549, #597, #1190, #641, #1574, #1039, #1934, #373, #1192, #1669, #642, #369, #994, #422, #87, #970, #997, #944, #1699, #978, #1423, #113, #1884, #879, #1254 ) ) ;
#253 = ORIENTED_EDGE ( 'NONE', *, *, #725, .T. ) ;
#254 = AXIS2_PLACEMENT_3D ( 'NONE', #405, #843, #245 ) ;
#255 = VERTEX_POINT ( 'NONE', #1846 ) ;
#256 = AXIS2_PLACEMENT_3D ( 'NONE', #1723, #1446, #844 ) ;
#257 = CARTESIAN_POINT ( 'NONE',  ( -46.19397662556433914, -20.00000000000000355, -21.88417161825449853 ) ) ;
#258 = AXIS2_PLACEMENT_3D ( 'NONE', #1530, #1844, #1372 ) ;
#259 = DIRECTION ( 'NONE',  ( -0.000000000000000000, -1.000000000000000000, -0.000000000000000000 ) ) ;
#260 = CARTESIAN_POINT ( 'NONE',  ( -68.00000000000000000, -20.00000000000000355, -56.00000000000000000 ) ) ;
#261 = AXIS2_PLACEMENT_3D ( 'NONE', #1347, #603, #1505 ) ;
#262 = PERSON_AND_ORGANIZATION ( #854, #896 ) ;
#263 = EDGE_LOOP ( 'NONE', ( #1370, #800 ) ) ;
#264 = ADVANCED_FACE ( 'NONE', ( #1664 ), #181, .F. ) ;
#265 = ORIENTED_EDGE ( 'NONE', *, *, #617, .T. ) ;
#266 = CARTESIAN_POINT ( 'NONE',  ( -46.19397662556434625, -20.00000000000000355, 16.38417161825448076 ) ) ;
#267 = CARTESIAN_POINT ( 'NONE',  ( 30.00000000000000000, -30.00000000000000711, 56.00000000000000000 ) ) ;
#268 = CARTESIAN_POINT ( 'NONE',  ( -68.00000000000000000, 33.99999999999999289, -40.00000000000000000 ) ) ;
#269 = DIRECTION ( 'NONE',  ( 0.000000000000000000, 0.000000000000000000, 1.000000000000000000 ) ) ;
#270 = VERTEX_POINT ( 'NONE', #188 ) ;
#271 = EDGE_CURVE ( 'NONE', #14, #1898, #789, .T. ) ;
#272 = VERTEX_POINT ( 'NONE', #803 ) ;
#273 = LINE ( 'NONE', #284, #1233 ) ;
#274 = CARTESIAN_POINT ( 'NONE',  ( -68.00000000000000000, 25.86862691031603134, 12.96513610622251278 ) ) ;
#275 = LINE ( 'NONE', #882, #860 ) ;
#276 = DIRECTION ( 'NONE',  ( 1.000000000000000000, 0.000000000000000000, 0.000000000000000000 ) ) ;
#277 = ORIENTED_EDGE ( 'NONE', *, *, #1374, .F. ) ;
#278 = VECTOR ( 'NONE', #1611, 1000.000000000000000 ) ;
#279 = DIRECTION ( 'NONE',  ( 0.000000000000000000, 0.000000000000000000, -1.000000000000000000 ) ) ;
#280 = ORIENTED_EDGE ( 'NONE', *, *, #655, .T. ) ;
#281 = AXIS2_PLACEMENT_3D ( 'NONE', #488, #357, #967 ) ;
#282 = EDGE_CURVE ( 'NONE', #695, #1147, #1397, .T. ) ;
#283 = EDGE_CURVE ( 'NONE', #294, #660, #1238, .T. ) ;
#284 = CARTESIAN_POINT ( 'NONE',  ( -68.00000000000000000, -10.71513610622251100, 23.61862691031603489 ) ) ;
#285 = CIRCLE ( 'NONE', #1512, 2.750000000000002665 ) ;
#286 = VECTOR ( 'NONE', #53, 1000.000000000000000 ) ;
#287 = EDGE_CURVE ( 'NONE', #501, #1686, #1547, .T. ) ;
#288 = CARTESIAN_POINT ( 'NONE',  ( -68.00000000000000000, 25.86862691031603134, 10.71513610622251100 ) ) ;
#289 = CARTESIAN_POINT ( 'NONE',  ( -68.00000000000000000, 10.71513610622251633, 25.86862691031603134 ) ) ;
#290 = VECTOR ( 'NONE', #1408, 1000.000000000000000 ) ;
#291 = AXIS2_PLACEMENT_3D ( 'NONE', #1824, #481, #1105 ) ;
#292 = VECTOR ( 'NONE', #410, 1000.000000000000000 ) ;
#293 = CARTESIAN_POINT ( 'NONE',  ( 0.000000000000000000, -20.00000000000000355, 0.000000000000000000 ) ) ;
#294 = VERTEX_POINT ( 'NONE', #171 ) ;
#295 = LINE ( 'NONE', #1332, #414 ) ;
#296 = DIRECTION ( 'NONE',  ( 0.000000000000000000, 0.000000000000000000, -1.000000000000000000 ) ) ;
#297 = PLANE ( 'NONE',  #476 ) ;
#298 = EDGE_CURVE ( 'NONE', #1011, #872, #413, .T. ) ;
#299 = CARTESIAN_POINT ( 'NONE',  ( 0.000000000000000000, 0.000000000000000000, 0.000000000000000000 ) ) ;
#300 = CARTESIAN_POINT ( 'NONE',  ( -68.00000000000000000, -25.86862691031602779, -10.71513610622251989 ) ) ;
#301 = ORIENTED_EDGE ( 'NONE', *, *, #430, .F. ) ;
#302 = DIRECTION ( 'NONE',  ( 0.000000000000000000, 0.000000000000000000, -1.000000000000000000 ) ) ;
#303 = VERTEX_POINT ( 'NONE', #25 ) ;
#304 = FACE_OUTER_BOUND ( 'NONE', #359, .T. ) ;
#305 = FACE_BOUND ( 'NONE', #866, .T. ) ;
#306 = ADVANCED_FACE ( 'NONE', ( #1520 ), #474, .F. ) ;
#307 = EDGE_CURVE ( 'NONE', #102, #575, #1082, .T. ) ;
#308 = LINE ( 'NONE', #767, #517 ) ;
#309 = COORDINATED_UNIVERSAL_TIME_OFFSET ( 5, 30, .AHEAD. ) ;
#310 = LINE ( 'NONE', #740, #319 ) ;
#311 = VERTEX_POINT ( 'NONE', #1861 ) ;
#312 = CARTESIAN_POINT ( 'NONE',  ( -76.00000000000000000, 10.71513610622251278, -25.86862691031603134 ) ) ;
#313 = ORIENTED_EDGE ( 'NONE', *, *, #51, .F. ) ;
#314 = AXIS2_PLACEMENT_3D ( 'NONE', #592, #1204, #1321 ) ;
#315 = CARTESIAN_POINT ( 'NONE',  ( -46.19397662556434625, -20.00000000000000355, 19.13417161825448432 ) ) ;
#316 = PLANE ( 'NONE',  #1456 ) ;
#317 = AXIS2_PLACEMENT_3D ( 'NONE', #1314, #1187, #1487 ) ;
#318 = ORIENTED_EDGE ( 'NONE', *, *, #1614, .T. ) ;
#319 = VECTOR ( 'NONE', #108, 1000.000000000000000 ) ;
#320 = CIRCLE ( 'NONE', #1640, 2.250000000000000444 ) ;
#321 = CARTESIAN_POINT ( 'NONE',  ( -46.19397662556434625, -20.00000000000000355, 19.13417161825448432 ) ) ;
#322 = DIRECTION ( 'NONE',  ( 0.000000000000000000, 1.000000000000000000, 0.000000000000000000 ) ) ;
#323 =( GEOMETRIC_REPRESENTATION_CONTEXT ( 3 ) GLOBAL_UNCERTAINTY_ASSIGNED_CONTEXT ( ( #349 ) ) GLOBAL_UNIT_ASSIGNED_CONTEXT ( ( #1474, #1800, #1037 ) ) REPRESENTATION_CONTEXT ( 'NONE', 'WORKASPACE' ) );
#324 = EDGE_CURVE ( 'NONE', #438, #1696, #510, .T. ) ;
#325 = VERTEX_POINT ( 'NONE', #1225 ) ;
#326 = CYLINDRICAL_SURFACE ( 'NONE', #484, 2.750000000000002665 ) ;
#327 = CARTESIAN_POINT ( 'NONE',  ( -76.00000000000000000, -25.86862691031603134, 12.96513610622250745 ) ) ;
#328 = VERTEX_POINT ( 'NONE', #338 ) ;
#329 = CARTESIAN_POINT ( 'NONE',  ( -76.00000000000000000, 10.71513610622251278, -23.61862691031603134 ) ) ;
#330 = CARTESIAN_POINT ( 'NONE',  ( 56.00000000000000000, -20.00000000000000355, 30.00000000000000000 ) ) ;
#331 = VERTEX_POINT ( 'NONE', #329 ) ;
#332 = DIRECTION ( 'NONE',  ( -0.000000000000000000, -1.000000000000000000, -0.000000000000000000 ) ) ;
#333 = SHAPE_DEFINITION_REPRESENTATION ( #1427, #1559 ) ;
#334 = ORIENTED_EDGE ( 'NONE', *, *, #1501, .T. ) ;
#335 = ADVANCED_FACE ( 'NONE', ( #507 ), #945, .F. ) ;
#336 = LINE ( 'NONE', #1293, #766 ) ;
#337 = ORIENTED_EDGE ( 'NONE', *, *, #180, .F. ) ;
#338 = CARTESIAN_POINT ( 'NONE',  ( -76.00000000000000000, -36.00000000000000711, -40.00000000000000000 ) ) ;
#339 = CARTESIAN_POINT ( 'NONE',  ( -73.80000000000001137, 0.000000000000000000, 0.000000000000000000 ) ) ;
#340 = ORIENTED_EDGE ( 'NONE', *, *, #957, .T. ) ;
#341 = CARTESIAN_POINT ( 'NONE',  ( 19.13417161825449497, -30.00000000000000711, -46.19397662556433914 ) ) ;
#342 = CARTESIAN_POINT ( 'NONE',  ( -46.19397662556433914, -20.00000000000000355, -19.13417161825449497 ) ) ;
#343 = ORIENTED_EDGE ( 'NONE', *, *, #1590, .T. ) ;
#344 = DIRECTION ( 'NONE',  ( 0.000000000000000000, 1.000000000000000000, 0.000000000000000000 ) ) ;
#345 = DIRECTION ( 'NONE',  ( 0.7071067811865474617, 0.000000000000000000, 0.7071067811865474617 ) ) ;
#346 = EDGE_CURVE ( 'NONE', #722, #331, #758, .T. ) ;
#347 = AXIS2_PLACEMENT_3D ( 'NONE', #1700, #48, #1412 ) ;
#348 = ORIENTED_EDGE ( 'NONE', *, *, #692, .F. ) ;
#349 = UNCERTAINTY_MEASURE_WITH_UNIT (LENGTH_MEASURE( 1.000000000000000082E-05 ), #1474, 'distance_accuracy_value', 'NONE');
#350 = AXIS2_PLACEMENT_3D ( 'NONE', #1160, #848, #674 ) ;
#351 = DIRECTION ( 'NONE',  ( 0.000000000000000000, 1.000000000000000000, 0.000000000000000000 ) ) ;
#352 = COORDINATED_UNIVERSAL_TIME_OFFSET ( 5, 30, .AHEAD. ) ;
#353 = FACE_OUTER_BOUND ( 'NONE', #1383, .T. ) ;
#354 = ORIENTED_EDGE ( 'NONE', *, *, #1437, .T. ) ;
#355 = PRODUCT_DEFINITION_FORMATION_WITH_SPECIFIED_SOURCE ( 'ANY', '', #972, .NOT_KNOWN. ) ;
#356 = EDGE_LOOP ( 'NONE', ( #367, #198 ) ) ;
#357 = DIRECTION ( 'NONE',  ( -0.000000000000000000, -1.000000000000000000, -0.000000000000000000 ) ) ;
#358 = CARTESIAN_POINT ( 'NONE',  ( 30.00000000000000000, -20.00000000000000355, -56.00000000000000000 ) ) ;
#359 = EDGE_LOOP ( 'NONE', ( #1121, #1653, #1730, #548 ) ) ;
#360 = EDGE_CURVE ( 'NONE', #1080, #1359, #365, .T. ) ;
#361 = CARTESIAN_POINT ( 'NONE',  ( 30.00000000000000000, -20.00000000000000355, -56.00000000000000000 ) ) ;
#362 = CARTESIAN_POINT ( 'NONE',  ( -68.00000000000000000, -30.00000000000000711, 56.00000000000000000 ) ) ;
#363 = VERTEX_POINT ( 'NONE', #84 ) ;
#364 = CARTESIAN_POINT ( 'NONE',  ( -46.19397662556433914, -30.00000000000000711, -19.13417161825449497 ) ) ;
#365 = LINE ( 'NONE', #1424, #1576 ) ;
#366 = FACE_BOUND ( 'NONE', #1593, .T. ) ;
#367 = ORIENTED_EDGE ( 'NONE', *, *, #1624, .T. ) ;
#368 = EDGE_CURVE ( 'NONE', #272, #523, #984, .T. ) ;
#369 = ADVANCED_FACE ( 'NONE', ( #865 ), #1904, .F. ) ;
#370 = DIRECTION ( 'NONE',  ( 0.000000000000000000, 0.000000000000000000, -1.000000000000000000 ) ) ;
#371 = CARTESIAN_POINT ( 'NONE',  ( -68.00000000000000000, 25.86862691031603134, -10.71513610622251456 ) ) ;
#372 = ORIENTED_EDGE ( 'NONE', *, *, #1614, .F. ) ;
#373 = ADVANCED_FACE ( 'NONE', ( #1890 ), #1264, .F. ) ;
#374 = ORIENTED_EDGE ( 'NONE', *, *, #1894, .T. ) ;
#375 = DIRECTION ( 'NONE',  ( 0.000000000000000000, 0.000000000000000000, 1.000000000000000000 ) ) ;
#376 = FACE_BOUND ( 'NONE', #1710, .T. ) ;
#377 = CIRCLE ( 'NONE', #1352, 2.750000000000002665 ) ;
#378 = CARTESIAN_POINT ( 'NONE',  ( 19.13417161825449497, -30.00000000000000711, -48.94397662556433914 ) ) ;
#379 = ORIENTED_EDGE ( 'NONE', *, *, #1155, .F. ) ;
#380 = VECTOR ( 'NONE', #792, 1000.000000000000000 ) ;
#381 = CARTESIAN_POINT ( 'NONE',  ( -68.00000000000000000, 25.86862691031603134, 12.96513610622251278 ) ) ;
#382 = CYLINDRICAL_SURFACE ( 'NONE', #199, 6.000000000000000000 ) ;
#383 = VERTEX_POINT ( 'NONE', #1465 ) ;
#384 = AXIS2_PLACEMENT_3D ( 'NONE', #1856, #669, #1265 ) ;
#385 = EDGE_CURVE ( 'NONE', #975, #1656, #668, .T. ) ;
#386 = FACE_BOUND ( 'NONE', #179, .T. ) ;
#387 = ORIENTED_EDGE ( 'NONE', *, *, #1243, .T. ) ;
#388 = VECTOR ( 'NONE', #524, 1000.000000000000114 ) ;
#389 = CARTESIAN_POINT ( 'NONE',  ( -76.00000000000000000, -25.86862691031603134, 10.71513610622250745 ) ) ;
#390 = FACE_BOUND ( 'NONE', #356, .T. ) ;
#391 = AXIS2_PLACEMENT_3D ( 'NONE', #177, #1585, #634 ) ;
#392 = VERTEX_POINT ( 'NONE', #107 ) ;
#393 = CARTESIAN_POINT ( 'NONE',  ( -73.80000000000001137, 0.000000000000000000, 0.000000000000000000 ) ) ;
#394 = CARTESIAN_POINT ( 'NONE',  ( -68.00000000000000000, 25.86862691031603134, -10.71513610622251456 ) ) ;
#395 = EDGE_LOOP ( 'NONE', ( #253, #1101, #733, #723 ) ) ;
#396 = VERTEX_POINT ( 'NONE', #539 ) ;
#397 = DIRECTION ( 'NONE',  ( 0.000000000000000000, 1.000000000000000000, 0.000000000000000000 ) ) ;
#398 = DIRECTION ( 'NONE',  ( -1.000000000000000000, -0.000000000000000000, -0.000000000000000000 ) ) ;
#399 = DIRECTION ( 'NONE',  ( 0.000000000000000000, 0.000000000000000000, 1.000000000000000000 ) ) ;
#400 = FACE_OUTER_BOUND ( 'NONE', #1139, .T. ) ;
#401 = FACE_OUTER_BOUND ( 'NONE', #1716, .T. ) ;
#402 = DIRECTION ( 'NONE',  ( 0.000000000000000000, 0.000000000000000000, 1.000000000000000000 ) ) ;
#403 = EDGE_LOOP ( 'NONE', ( #138, #472, #449, #1306 ) ) ;
#404 = ORIENTED_EDGE ( 'NONE', *, *, #1243, .F. ) ;
#405 = CARTESIAN_POINT ( 'NONE',  ( -76.00000000000000000, 10.71513610622251278, -25.86862691031603134 ) ) ;
#406 = DIRECTION ( 'NONE',  ( 0.000000000000000000, 0.000000000000000000, 1.000000000000000000 ) ) ;
#407 = DIRECTION ( 'NONE',  ( 0.000000000000000000, 0.000000000000000000, 1.000000000000000000 ) ) ;
#408 = CARTESIAN_POINT ( 'NONE',  ( 46.19397662556433914, -20.00000000000000355, -19.13417161825449142 ) ) ;
#409 = EDGE_CURVE ( 'NONE', #294, #856, #1591, .T. ) ;
#410 = DIRECTION ( 'NONE',  ( -0.000000000000000000, -1.000000000000000000, -0.000000000000000000 ) ) ;
#411 = AXIS2_PLACEMENT_3D ( 'NONE', #1029, #1940, #1508 ) ;
#412 = ORIENTED_EDGE ( 'NONE', *, *, #1040, .F. ) ;
#413 = CIRCLE ( 'NONE', #600, 2.249999999999998668 ) ;
#414 = VECTOR ( 'NONE', #890, 1000.000000000000000 ) ;
#415 = ORIENTED_EDGE ( 'NONE', *, *, #930, .T. ) ;
#416 = VECTOR ( 'NONE', #398, 1000.000000000000000 ) ;
#417 = CARTESIAN_POINT ( 'NONE',  ( -76.00000000000000000, -36.00000000000000711, 45.00000000000000000 ) ) ;
#418 = CIRCLE ( 'NONE', #1360, 6.000000000000000000 ) ;
#419 = CARTESIAN_POINT ( 'NONE',  ( 56.00000000000000000, -30.00000000000000711, 30.00000000000000000 ) ) ;
#420 = CARTESIAN_POINT ( 'NONE',  ( -46.19397662556433914, -20.00000000000000355, -16.38417161825449142 ) ) ;
#421 = AXIS2_PLACEMENT_3D ( 'NONE', #234, #1517, #779 ) ;
#422 = ADVANCED_FACE ( 'NONE', ( #519 ), #1124, .F. ) ;
#423 = ORIENTED_EDGE ( 'NONE', *, *, #368, .F. ) ;
#424 = ORIENTED_EDGE ( 'NONE', *, *, #1514, .F. ) ;
#425 = CYLINDRICAL_SURFACE ( 'NONE', #131, 2.249999999999998668 ) ;
#426 = CARTESIAN_POINT ( 'NONE',  ( -68.00000000000000000, 33.99999999999999289, 45.00000000000000000 ) ) ;
#427 = CARTESIAN_POINT ( 'NONE',  ( -68.00000000000000000, -30.00000000000000711, -56.00000000000000000 ) ) ;
#428 = EDGE_CURVE ( 'NONE', #523, #272, #635, .T. ) ;
#429 = ORIENTED_EDGE ( 'NONE', *, *, #385, .F. ) ;
#430 = EDGE_CURVE ( 'NONE', #1359, #687, #1110, .T. ) ;
#431 = EDGE_LOOP ( 'NONE', ( #849, #126, #813, #1567 ) ) ;
#432 = DIRECTION ( 'NONE',  ( -0.000000000000000000, -0.000000000000000000, 1.000000000000000000 ) ) ;
#433 = CARTESIAN_POINT ( 'NONE',  ( -68.00000000000000000, -25.86862691031603134, 8.465136106222505674 ) ) ;
#434 = DIRECTION ( 'NONE',  ( 1.000000000000000000, 0.000000000000000000, 0.000000000000000000 ) ) ;
#435 = AXIS2_PLACEMENT_3D ( 'NONE', #737, #1333, #1947 ) ;
#436 = DIRECTION ( 'NONE',  ( 0.000000000000000000, 0.000000000000000000, -1.000000000000000000 ) ) ;
#437 = DIRECTION ( 'NONE',  ( -1.000000000000000000, -0.000000000000000000, -0.000000000000000000 ) ) ;
#438 = VERTEX_POINT ( 'NONE', #1881 ) ;
#439 = VECTOR ( 'NONE', #432, 1000.000000000000000 ) ;
#440 = EDGE_CURVE ( 'NONE', #1477, #1026, #1, .T. ) ;
#441 = CYLINDRICAL_SURFACE ( 'NONE', #824, 2.250000000000000444 ) ;
#442 = CIRCLE ( 'NONE', #162, 2.749999999999995559 ) ;
#443 = DIRECTION ( 'NONE',  ( 1.000000000000000000, 0.000000000000000000, 0.000000000000000000 ) ) ;
#444 = CIRCLE ( 'NONE', #513, 2.249999999999998668 ) ;
#445 = CARTESIAN_POINT ( 'NONE',  ( -73.80000000000001137, 0.000000000000000000, 0.000000000000000000 ) ) ;
#446 = CARTESIAN_POINT ( 'NONE',  ( -76.00000000000000000, 33.99999999999999289, -40.00000000000000000 ) ) ;
#447 = CIRCLE ( 'NONE', #227, 2.749999999999995559 ) ;
#448 = APPROVAL_PERSON_ORGANIZATION ( #721, #1589, #1925 ) ;
#449 = ORIENTED_EDGE ( 'NONE', *, *, #957, .F. ) ;
#450 = DIRECTION ( 'NONE',  ( 0.000000000000000000, 1.000000000000000000, 0.000000000000000000 ) ) ;
#451 = EDGE_LOOP ( 'NONE', ( #98, #538, #526, #19 ) ) ;
#452 = DIRECTION ( 'NONE',  ( 0.000000000000000000, 0.000000000000000000, 1.000000000000000000 ) ) ;
#453 = LINE ( 'NONE', #1348, #829 ) ;
#454 = ORIENTED_EDGE ( 'NONE', *, *, #1541, .T. ) ;
#455 = ADVANCED_FACE ( 'NONE', ( #1454 ), #1435, .F. ) ;
#456 = LINE ( 'NONE', #1061, #509 ) ;
#457 = LINE ( 'NONE', #1692, #1198 ) ;
#458 = EDGE_LOOP ( 'NONE', ( #1863, #1902, #971, #1616 ) ) ;
#459 = DIRECTION ( 'NONE',  ( 0.000000000000000000, 1.000000000000000000, 0.000000000000000000 ) ) ;
#460 = PERSON_AND_ORGANIZATION ( #854, #896 ) ;
#461 = CARTESIAN_POINT ( 'NONE',  ( -68.00000000000000000, 10.71513610622251278, -25.86862691031603134 ) ) ;
#462 = ORIENTED_EDGE ( 'NONE', *, *, #1387, .T. ) ;
#463 = DIRECTION ( 'NONE',  ( -0.000000000000000000, -1.000000000000000000, -0.000000000000000000 ) ) ;
#464 = ORIENTED_EDGE ( 'NONE', *, *, #428, .F. ) ;
#465 = CARTESIAN_POINT ( 'NONE',  ( 0.000000000000000000, -20.00000000000000355, 0.000000000000000000 ) ) ;
#466 = FACE_BOUND ( 'NONE', #1522, .T. ) ;
#467 = EDGE_CURVE ( 'NONE', #697, #1447, #982, .T. ) ;
#468 = CYLINDRICAL_SURFACE ( 'NONE', #608, 2.750000000000002665 ) ;
#469 = DATE_AND_TIME ( #1825, #1780 ) ;
#470 = VERTEX_POINT ( 'NONE', #998 ) ;
#471 = DIRECTION ( 'NONE',  ( 0.000000000000000000, 0.000000000000000000, 1.000000000000000000 ) ) ;
#472 = ORIENTED_EDGE ( 'NONE', *, *, #122, .F. ) ;
#473 = AXIS2_PLACEMENT_3D ( 'NONE', #568, #1479, #302 ) ;
#474 = CYLINDRICAL_SURFACE ( 'NONE', #1635, 2.250000000000000444 ) ;
#475 = DIRECTION ( 'NONE',  ( 1.000000000000000000, -0.000000000000000000, 0.000000000000000000 ) ) ;
#476 = AXIS2_PLACEMENT_3D ( 'NONE', #330, #161, #627 ) ;
#477 = EDGE_LOOP ( 'NONE', ( #923, #72, #623, #340, #690, #1428, #1503, #387 ) ) ;
#478 = CIRCLE ( 'NONE', #676, 2.250000000000000444 ) ;
#479 = EDGE_CURVE ( 'NONE', #1702, #1630, #238, .T. ) ;
#480 = EDGE_CURVE ( 'NONE', #311, #1926, #1353, .T. ) ;
#481 = DIRECTION ( 'NONE',  ( 0.000000000000000000, 1.000000000000000000, 0.000000000000000000 ) ) ;
#482 = PERSON_AND_ORGANIZATION ( #854, #896 ) ;
#483 = DIRECTION ( 'NONE',  ( -0.000000000000000000, -1.000000000000000000, -0.000000000000000000 ) ) ;
#484 = AXIS2_PLACEMENT_3D ( 'NONE', #1751, #977, #675 ) ;
#485 = EDGE_LOOP ( 'NONE', ( #1126, #1766, #121, #1294 ) ) ;
#486 = CARTESIAN_POINT ( 'NONE',  ( 46.19397662556434625, -30.00000000000000711, 16.38417161825447721 ) ) ;
#487 = ORIENTED_EDGE ( 'NONE', *, *, #130, .F. ) ;
#488 = CARTESIAN_POINT ( 'NONE',  ( 46.19397662556433914, -20.00000000000000355, -19.13417161825449142 ) ) ;
#489 = CARTESIAN_POINT ( 'NONE',  ( -46.19397662556434625, -20.00000000000000355, 19.13417161825448432 ) ) ;
#490 = CARTESIAN_POINT ( 'NONE',  ( -46.19397662556433914, -30.00000000000000711, -16.38417161825449142 ) ) ;
#491 = VERTEX_POINT ( 'NONE', #1156 ) ;
#492 = DIRECTION ( 'NONE',  ( 0.000000000000000000, 0.000000000000000000, -1.000000000000000000 ) ) ;
#493 = COORDINATED_UNIVERSAL_TIME_OFFSET ( 5, 30, .AHEAD. ) ;
#494 = EDGE_CURVE ( 'NONE', #1854, #1841, #1420, .T. ) ;
#495 = VERTEX_POINT ( 'NONE', #562 ) ;
#496 = EDGE_CURVE ( 'NONE', #173, #1080, #573, .T. ) ;
#497 = DIRECTION ( 'NONE',  ( -1.000000000000000000, -0.000000000000000000, -0.000000000000000000 ) ) ;
#498 = ORIENTED_EDGE ( 'NONE', *, *, #692, .T. ) ;
#499 = PLANE ( 'NONE',  #1606 ) ;
#500 = PLANE ( 'NONE',  #673 ) ;
#501 = VERTEX_POINT ( 'NONE', #266 ) ;
#502 = CARTESIAN_POINT ( 'NONE',  ( -46.19397662556433914, -30.00000000000000711, -21.88417161825449853 ) ) ;
#503 = EDGE_LOOP ( 'NONE', ( #277, #842, #176, #1912 ) ) ;
#504 = FACE_BOUND ( 'NONE', #1201, .T. ) ;
#505 = ORIENTED_EDGE ( 'NONE', *, *, #1765, .F. ) ;
#506 = EDGE_CURVE ( 'NONE', #127, #1786, #731, .T. ) ;
#507 = FACE_OUTER_BOUND ( 'NONE', #1945, .T. ) ;
#508 = FACE_BOUND ( 'NONE', #1236, .T. ) ;
#509 = VECTOR ( 'NONE', #1654, 1000.000000000000000 ) ;
#510 = CIRCLE ( 'NONE', #1197, 2.750000000000002665 ) ;
#511 = EDGE_LOOP ( 'NONE', ( #247, #58, #415, #1064 ) ) ;
#512 = AXIS2_PLACEMENT_3D ( 'NONE', #1189, #434, #1637 ) ;
#513 = AXIS2_PLACEMENT_3D ( 'NONE', #905, #1914, #436 ) ;
#514 = LINE ( 'NONE', #361, #388 ) ;
#515 = VECTOR ( 'NONE', #196, 1000.000000000000000 ) ;
#516 = EDGE_LOOP ( 'NONE', ( #1915, #244 ) ) ;
#517 = VECTOR ( 'NONE', #18, 1000.000000000000000 ) ;
#518 = CARTESIAN_POINT ( 'NONE',  ( -68.00000000000000000, -25.86862691031603134, 10.71513610622250745 ) ) ;
#519 = FACE_OUTER_BOUND ( 'NONE', #780, .T. ) ;
#520 = FACE_OUTER_BOUND ( 'NONE', #1023, .T. ) ;
#521 = CC_DESIGN_PERSON_AND_ORGANIZATION_ASSIGNMENT ( #206, #1245, ( #869 ) ) ;
#522 = EDGE_CURVE ( 'NONE', #720, #567, #1618, .T. ) ;
#523 = VERTEX_POINT ( 'NONE', #123 ) ;
#524 = DIRECTION ( 'NONE',  ( -0.7071067811865474617, -0.000000000000000000, -0.7071067811865474617 ) ) ;
#525 = DIRECTION ( 'NONE',  ( 1.000000000000000000, 0.000000000000000000, 0.000000000000000000 ) ) ;
#526 = ORIENTED_EDGE ( 'NONE', *, *, #1874, .F. ) ;
#527 = APPLICATION_CONTEXT ( 'configuration controlled 3d designs of mechanical parts and assemblies' ) ;
#528 = CARTESIAN_POINT ( 'NONE',  ( 19.13417161825450208, -20.00000000000000355, 46.19397662556433204 ) ) ;
#529 = FACE_BOUND ( 'NONE', #1781, .T. ) ;
#530 = EDGE_LOOP ( 'NONE', ( #1648, #1507, #183, #746 ) ) ;
#531 = EDGE_CURVE ( 'NONE', #1147, #1625, #1797, .T. ) ;
#532 = CARTESIAN_POINT ( 'NONE',  ( -68.00000000000000000, 25.86862691031603134, -10.71513610622251456 ) ) ;
#533 = DIRECTION ( 'NONE',  ( -1.000000000000000000, -0.000000000000000000, -0.000000000000000000 ) ) ;
#534 = CARTESIAN_POINT ( 'NONE',  ( -76.00000000000000000, -25.86862691031602779, -10.71513610622251989 ) ) ;
#535 = ORIENTED_EDGE ( 'NONE', *, *, #167, .T. ) ;
#536 = DIRECTION ( 'NONE',  ( 0.000000000000000000, 0.000000000000000000, 1.000000000000000000 ) ) ;
#537 = DIRECTION ( 'NONE',  ( -0.000000000000000000, -1.000000000000000000, -0.000000000000000000 ) ) ;
#538 = ORIENTED_EDGE ( 'NONE', *, *, #1787, .T. ) ;
#539 = CARTESIAN_POINT ( 'NONE',  ( -68.00000000000000000, -10.71513610622251100, 28.11862691031603134 ) ) ;
#540 = CARTESIAN_POINT ( 'NONE',  ( 19.13417161825450208, -20.00000000000000355, 48.94397662556433914 ) ) ;
#541 = ORIENTED_EDGE ( 'NONE', *, *, #479, .F. ) ;
#542 = VERTEX_POINT ( 'NONE', #417 ) ;
#543 = AXIS2_PLACEMENT_3D ( 'NONE', #315, #1855, #1405 ) ;
#544 = DIRECTION ( 'NONE',  ( -0.000000000000000000, -0.000000000000000000, 1.000000000000000000 ) ) ;
#545 = CIRCLE ( 'NONE', #512, 2.249999999999998668 ) ;
#546 = CARTESIAN_POINT ( 'NONE',  ( -76.00000000000000000, 25.86862691031603134, 8.465136106222511003 ) ) ;
#547 = CC_DESIGN_DATE_AND_TIME_ASSIGNMENT ( #1087, #1548, ( #869 ) ) ;
#548 = ORIENTED_EDGE ( 'NONE', *, *, #1386, .F. ) ;
#549 = ADVANCED_FACE ( 'NONE', ( #1952 ), #1028, .F. ) ;
#550 = VECTOR ( 'NONE', #815, 1000.000000000000000 ) ;
#551 = CARTESIAN_POINT ( 'NONE',  ( -68.00000000000000000, -25.86862691031603134, 8.465136106222505674 ) ) ;
#552 = ORIENTED_EDGE ( 'NONE', *, *, #1874, .T. ) ;
#553 = VECTOR ( 'NONE', #839, 1000.000000000000000 ) ;
#554 = DIRECTION ( 'NONE',  ( 0.000000000000000000, 1.000000000000000000, 0.000000000000000000 ) ) ;
#555 = CARTESIAN_POINT ( 'NONE',  ( -68.00000000000000000, -36.00000000000000711, -40.00000000000000000 ) ) ;
#556 = CIRCLE ( 'NONE', #609, 2.750000000000002665 ) ;
#557 = ORIENTED_EDGE ( 'NONE', *, *, #1336, .T. ) ;
#558 = LINE ( 'NONE', #90, #290 ) ;
#559 = EDGE_LOOP ( 'NONE', ( #1918, #992 ) ) ;
#560 = ORIENTED_EDGE ( 'NONE', *, *, #561, .F. ) ;
#561 = EDGE_CURVE ( 'NONE', #1686, #1004, #873, .T. ) ;
#562 = CARTESIAN_POINT ( 'NONE',  ( -68.00000000000000000, 10.71513610622251278, -28.11862691031602779 ) ) ;
#563 = FACE_OUTER_BOUND ( 'NONE', #667, .T. ) ;
#564 = DIRECTION ( 'NONE',  ( 0.000000000000000000, 1.000000000000000000, 0.000000000000000000 ) ) ;
#565 = DIRECTION ( 'NONE',  ( -0.000000000000000000, -1.000000000000000000, -0.000000000000000000 ) ) ;
#566 = ORIENTED_EDGE ( 'NONE', *, *, #1645, .T. ) ;
#567 = VERTEX_POINT ( 'NONE', #1770 ) ;
#568 = CARTESIAN_POINT ( 'NONE',  ( -68.00000000000000000, -25.86862691031603134, 10.71513610622250745 ) ) ;
#569 = EDGE_CURVE ( 'NONE', #584, #383, #822, .T. ) ;
#570 = ORIENTED_EDGE ( 'NONE', *, *, #617, .F. ) ;
#571 = DIRECTION ( 'NONE',  ( 0.000000000000000000, 1.000000000000000000, 0.000000000000000000 ) ) ;
#572 = ORIENTED_EDGE ( 'NONE', *, *, #1174, .T. ) ;
#573 = CIRCLE ( 'NONE', #192, 2.250000000000000444 ) ;
#574 = AXIS2_PLACEMENT_3D ( 'NONE', #26, #1398, #921 ) ;
#575 = VERTEX_POINT ( 'NONE', #726 ) ;
#576 = CIRCLE ( 'NONE', #794, 2.249999999999998668 ) ;
#577 = FACE_OUTER_BOUND ( 'NONE', #237, .T. ) ;
#578 = CIRCLE ( 'NONE', #1581, 2.250000000000000444 ) ;
#579 = DIRECTION ( 'NONE',  ( -0.000000000000000000, -1.000000000000000000, -0.000000000000000000 ) ) ;
#580 = FACE_OUTER_BOUND ( 'NONE', #953, .T. ) ;
#581 = PRODUCT_RELATED_PRODUCT_CATEGORY ( 'detail', '', ( #972 ) ) ;
#582 = EDGE_CURVE ( 'NONE', #383, #584, #1175, .T. ) ;
#583 = EDGE_CURVE ( 'NONE', #1080, #173, #220, .T. ) ;
#584 = VERTEX_POINT ( 'NONE', #1339 ) ;
#585 = ORIENTED_EDGE ( 'NONE', *, *, #1219, .F. ) ;
#586 = CYLINDRICAL_SURFACE ( 'NONE', #317, 22.14999999999999858 ) ;
#587 = CARTESIAN_POINT ( 'NONE',  ( -68.00000000000000000, -20.00000000000000355, 56.00000000000000000 ) ) ;
#588 = DIRECTION ( 'NONE',  ( 0.000000000000000000, 0.000000000000000000, -1.000000000000000000 ) ) ;
#589 = ADVANCED_FACE ( 'NONE', ( #577 ), #441, .F. ) ;
#590 = CARTESIAN_POINT ( 'NONE',  ( -68.00000000000000000, 10.71513610622251278, -25.86862691031603134 ) ) ;
#591 = ORIENTED_EDGE ( 'NONE', *, *, #1140, .T. ) ;
#592 = CARTESIAN_POINT ( 'NONE',  ( -68.00000000000000000, 0.000000000000000000, 0.000000000000000000 ) ) ;
#593 = CARTESIAN_POINT ( 'NONE',  ( -68.00000000000000000, 10.71513610622251633, 25.86862691031603134 ) ) ;
#594 = CARTESIAN_POINT ( 'NONE',  ( -68.00000000000000000, 25.86862691031603134, -10.71513610622251456 ) ) ;
#595 = LINE ( 'NONE', #1020, #292 ) ;
#596 = DIRECTION ( 'NONE',  ( 0.000000000000000000, 0.000000000000000000, -1.000000000000000000 ) ) ;
#597 = ADVANCED_FACE ( 'NONE', ( #907 ), #425, .F. ) ;
#598 = EDGE_CURVE ( 'NONE', #270, #730, #273, .T. ) ;
#599 = ORIENTED_EDGE ( 'NONE', *, *, #480, .T. ) ;
#600 = AXIS2_PLACEMENT_3D ( 'NONE', #56, #773, #920 ) ;
#601 = CARTESIAN_POINT ( 'NONE',  ( -68.00000000000000000, -36.00000000000000711, -40.00000000000000000 ) ) ;
#602 = VECTOR ( 'NONE', #565, 1000.000000000000000 ) ;
#603 = DIRECTION ( 'NONE',  ( 1.000000000000000000, 0.000000000000000000, 0.000000000000000000 ) ) ;
#604 = ORIENTED_EDGE ( 'NONE', *, *, #282, .T. ) ;
#605 = AXIS2_PLACEMENT_3D ( 'NONE', #293, #1650, #1356 ) ;
#606 = CARTESIAN_POINT ( 'NONE',  ( -68.00000000000000000, 10.71513610622251633, 28.11862691031602779 ) ) ;
#607 = FACE_BOUND ( 'NONE', #61, .T. ) ;
#608 = AXIS2_PLACEMENT_3D ( 'NONE', #321, #1671, #1390 ) ;
#609 = AXIS2_PLACEMENT_3D ( 'NONE', #694, #816, #1828 ) ;
#610 = CARTESIAN_POINT ( 'NONE',  ( -68.00000000000000000, -30.00000000000000711, 45.00000000000000000 ) ) ;
#611 = APPROVAL_DATE_TIME ( #1683, #1589 ) ;
#612 = DIRECTION ( 'NONE',  ( 0.000000000000000000, 0.000000000000000000, 1.000000000000000000 ) ) ;
#613 = ORIENTED_EDGE ( 'NONE', *, *, #1322, .F. ) ;
#614 = DIRECTION ( 'NONE',  ( 0.000000000000000000, 0.000000000000000000, -1.000000000000000000 ) ) ;
#615 = CARTESIAN_POINT ( 'NONE',  ( 46.19397662556434625, -20.00000000000000355, 16.38417161825447721 ) ) ;
#616 = EDGE_LOOP ( 'NONE', ( #1719, #1823, #28, #943 ) ) ;
#617 = EDGE_CURVE ( 'NONE', #830, #328, #1644, .T. ) ;
#618 = DIRECTION ( 'NONE',  ( 1.000000000000000000, 0.000000000000000000, -0.000000000000000000 ) ) ;
#619 = CARTESIAN_POINT ( 'NONE',  ( -19.13417161825448787, -20.00000000000000355, -46.19397662556433914 ) ) ;
#620 = EDGE_LOOP ( 'NONE', ( #1534, #1830, #1118, #1707 ) ) ;
#621 = DIRECTION ( 'NONE',  ( 0.000000000000000000, 0.000000000000000000, 1.000000000000000000 ) ) ;
#622 = PERSON_AND_ORGANIZATION ( #854, #896 ) ;
#623 = ORIENTED_EDGE ( 'NONE', *, *, #307, .T. ) ;
#624 = FACE_OUTER_BOUND ( 'NONE', #1417, .T. ) ;
#625 = ORIENTED_EDGE ( 'NONE', *, *, #1776, .T. ) ;
#626 = DIRECTION ( 'NONE',  ( -1.000000000000000000, -0.000000000000000000, -0.000000000000000000 ) ) ;
#627 = DIRECTION ( 'NONE',  ( -0.7071067811865474617, 0.000000000000000000, 0.7071067811865474617 ) ) ;
#628 = EDGE_CURVE ( 'NONE', #1011, #470, #295, .T. ) ;
#629 = ORIENTED_EDGE ( 'NONE', *, *, #1313, .F. ) ;
#630 = CARTESIAN_POINT ( 'NONE',  ( 19.13417161825449497, -20.00000000000000355, -48.94397662556433914 ) ) ;
#631 = CALENDAR_DATE ( 2026, 24, 9 ) ;
#632 = CARTESIAN_POINT ( 'NONE',  ( -19.13417161825447721, -20.00000000000000355, 46.19397662556434625 ) ) ;
#633 = EDGE_LOOP ( 'NONE', ( #1661, #790 ) ) ;
#634 = DIRECTION ( 'NONE',  ( 0.000000000000000000, 0.000000000000000000, 1.000000000000000000 ) ) ;
#635 = CIRCLE ( 'NONE', #1326, 2.750000000000002665 ) ;
#636 = VERTEX_POINT ( 'NONE', #1939 ) ;
#637 = AXIS2_PLACEMENT_3D ( 'NONE', #1811, #1239, #182 ) ;
#638 = CARTESIAN_POINT ( 'NONE',  ( -68.00000000000000000, -25.86862691031602779, -12.96513610622251989 ) ) ;
#639 = DIRECTION ( 'NONE',  ( 0.000000000000000000, 0.000000000000000000, 1.000000000000000000 ) ) ;
#640 = CIRCLE ( 'NONE', #1868, 2.749999999999995559 ) ;
#641 = ADVANCED_FACE ( 'NONE', ( #717 ), #586, .F. ) ;
#642 = ADVANCED_FACE ( 'NONE', ( #139 ), #899, .F. ) ;
#643 = ORIENTED_EDGE ( 'NONE', *, *, #346, .T. ) ;
#644 = CIRCLE ( 'NONE', #1551, 2.750000000000002665 ) ;
#645 = ADVANCED_FACE ( 'NONE', ( #1069 ), #1817, .F. ) ;
#646 = DIRECTION ( 'NONE',  ( 1.000000000000000000, 0.000000000000000000, 0.000000000000000000 ) ) ;
#647 = CARTESIAN_POINT ( 'NONE',  ( -68.00000000000000000, -20.00000000000000355, -56.00000000000000000 ) ) ;
#648 = AXIS2_PLACEMENT_3D ( 'NONE', #140, #1494, #1818 ) ;
#649 = VERTEX_POINT ( 'NONE', #1504 ) ;
#650 = EDGE_LOOP ( 'NONE', ( #1090, #1728, #805, #424 ) ) ;
#651 = DIRECTION ( 'NONE',  ( 0.000000000000000000, 0.000000000000000000, 1.000000000000000000 ) ) ;
#652 = CYLINDRICAL_SURFACE ( 'NONE', #1237, 2.250000000000000444 ) ;
#653 = ORIENTED_EDGE ( 'NONE', *, *, #1645, .F. ) ;
#654 = CARTESIAN_POINT ( 'NONE',  ( -46.19397662556434625, -20.00000000000000355, 19.13417161825448432 ) ) ;
#655 = EDGE_CURVE ( 'NONE', #331, #722, #1327, .T. ) ;
#656 = VERTEX_POINT ( 'NONE', #1361 ) ;
#657 = DIRECTION ( 'NONE',  ( 0.000000000000000000, 0.000000000000000000, 1.000000000000000000 ) ) ;
#658 = CARTESIAN_POINT ( 'NONE',  ( -68.00000000000000000, 25.86862691031603134, 10.71513610622251100 ) ) ;
#659 = FACE_BOUND ( 'NONE', #685, .T. ) ;
#660 = VERTEX_POINT ( 'NONE', #13 ) ;
#661 = CARTESIAN_POINT ( 'NONE',  ( -68.00000000000000000, 7.347880794884119736E-16, -6.000000000000000000 ) ) ;
#662 = DIRECTION ( 'NONE',  ( -0.000000000000000000, -0.000000000000000000, 1.000000000000000000 ) ) ;
#663 = EDGE_LOOP ( 'NONE', ( #560, #1486, #1927, #313 ) ) ;
#664 = EDGE_CURVE ( 'NONE', #1747, #1656, #1901, .T. ) ;
#665 = EDGE_CURVE ( 'NONE', #173, #687, #1442, .T. ) ;
#666 = DIRECTION ( 'NONE',  ( 0.000000000000000000, 0.000000000000000000, -1.000000000000000000 ) ) ;
#667 = EDGE_LOOP ( 'NONE', ( #1880, #1169, #1570, #769 ) ) ;
#668 = LINE ( 'NONE', #257, #129 ) ;
#669 = DIRECTION ( 'NONE',  ( -1.000000000000000000, -0.000000000000000000, -0.000000000000000000 ) ) ;
#670 = AXIS2_PLACEMENT_3D ( 'NONE', #1795, #1652, #742 ) ;
#671 = EDGE_LOOP ( 'NONE', ( #1738, #1597 ) ) ;
#672 = CIRCLE ( 'NONE', #104, 2.250000000000000444 ) ;
#673 = AXIS2_PLACEMENT_3D ( 'NONE', #358, #1406, #345 ) ;
#674 = DIRECTION ( 'NONE',  ( 0.000000000000000000, 0.000000000000000000, -1.000000000000000000 ) ) ;
#675 = DIRECTION ( 'NONE',  ( 0.000000000000000000, 0.000000000000000000, -1.000000000000000000 ) ) ;
#676 = AXIS2_PLACEMENT_3D ( 'NONE', #1129, #693, #370 ) ;
#677 = EDGE_LOOP ( 'NONE', ( #280, #643 ) ) ;
#678 = EDGE_LOOP ( 'NONE', ( #1186, #241, #1476, #585 ) ) ;
#679 = DIRECTION ( 'NONE',  ( 1.000000000000000000, 0.000000000000000000, 0.000000000000000000 ) ) ;
#680 = DIRECTION ( 'NONE',  ( 0.000000000000000000, 0.000000000000000000, 1.000000000000000000 ) ) ;
#681 = EDGE_CURVE ( 'NONE', #975, #750, #194, .T. ) ;
#682 = ORIENTED_EDGE ( 'NONE', *, *, #1280, .T. ) ;
#683 = CARTESIAN_POINT ( 'NONE',  ( -68.00000000000000000, -36.00000000000000711, -40.00000000000000000 ) ) ;
#684 = CARTESIAN_POINT ( 'NONE',  ( 19.13417161825449497, -30.00000000000000711, -43.44397662556434625 ) ) ;
#685 = EDGE_LOOP ( 'NONE', ( #219, #334 ) ) ;
#686 = PLANE ( 'NONE',  #1025 ) ;
#687 = VERTEX_POINT ( 'NONE', #1127 ) ;
#688 = DIRECTION ( 'NONE',  ( -1.000000000000000000, -0.000000000000000000, -0.000000000000000000 ) ) ;
#689 = FACE_BOUND ( 'NONE', #115, .T. ) ;
#690 = ORIENTED_EDGE ( 'NONE', *, *, #143, .T. ) ;
#691 = EDGE_CURVE ( 'NONE', #22, #778, #40, .T. ) ;
#692 = EDGE_CURVE ( 'NONE', #1142, #82, #442, .T. ) ;
#693 = DIRECTION ( 'NONE',  ( 1.000000000000000000, 0.000000000000000000, 0.000000000000000000 ) ) ;
#694 = CARTESIAN_POINT ( 'NONE',  ( -46.19397662556434625, -30.00000000000000711, 19.13417161825448432 ) ) ;
#695 = VERTEX_POINT ( 'NONE', #1923 ) ;
#696 = FACE_BOUND ( 'NONE', #846, .T. ) ;
#697 = VERTEX_POINT ( 'NONE', #857 ) ;
#698 = CARTESIAN_POINT ( 'NONE',  ( 0.000000000000000000, -20.00000000000000355, -13.00000000000000000 ) ) ;
#699 = CARTESIAN_POINT ( 'NONE',  ( -68.00000000000000000, -36.00000000000000711, 45.00000000000000000 ) ) ;
#700 = AXIS2_PLACEMENT_3D ( 'NONE', #445, #1055, #1646 ) ;
#701 = CARTESIAN_POINT ( 'NONE',  ( 46.19397662556434625, -30.00000000000000711, 19.13417161825448076 ) ) ;
#702 = AXIS2_PLACEMENT_3D ( 'NONE', #934, #781, #1114 ) ;
#703 = VECTOR ( 'NONE', #1168, 1000.000000000000000 ) ;
#704 = CARTESIAN_POINT ( 'NONE',  ( -68.00000000000000000, -10.71513610622251100, 25.86862691031603134 ) ) ;
#705 = ORIENTED_EDGE ( 'NONE', *, *, #1919, .T. ) ;
#706 = VECTOR ( 'NONE', #914, 1000.000000000000000 ) ;
#707 = EDGE_CURVE ( 'NONE', #501, #1690, #1628, .T. ) ;
#708 = VERTEX_POINT ( 'NONE', #719 ) ;
#709 = DIRECTION ( 'NONE',  ( 0.000000000000000000, 1.000000000000000000, 0.000000000000000000 ) ) ;
#710 = CARTESIAN_POINT ( 'NONE',  ( -68.00000000000000000, -25.86862691031602779, -8.465136106222519885 ) ) ;
#711 = ORIENTED_EDGE ( 'NONE', *, *, #1174, .F. ) ;
#712 = DIRECTION ( 'NONE',  ( -1.000000000000000000, -0.000000000000000000, -0.000000000000000000 ) ) ;
#713 = LINE ( 'NONE', #1595, #550 ) ;
#714 = ORIENTED_EDGE ( 'NONE', *, *, #739, .F. ) ;
#715 = EDGE_CURVE ( 'NONE', #708, #151, #1742, .T. ) ;
#716 = EDGE_LOOP ( 'NONE', ( #1250, #1937 ) ) ;
#717 = FACE_OUTER_BOUND ( 'NONE', #1153, .T. ) ;
#718 = EDGE_LOOP ( 'NONE', ( #1466, #757, #711, #1464, #1309, #1496 ) ) ;
#719 = CARTESIAN_POINT ( 'NONE',  ( 46.19397662556433914, -20.00000000000000355, -21.88417161825449497 ) ) ;
#720 = VERTEX_POINT ( 'NONE', #260 ) ;
#721 = PERSON_AND_ORGANIZATION ( #854, #896 ) ;
#722 = VERTEX_POINT ( 'NONE', #867 ) ;
#723 = ORIENTED_EDGE ( 'NONE', *, *, #930, .F. ) ;
#724 = EDGE_CURVE ( 'NONE', #328, #1395, #142, .T. ) ;
#725 = EDGE_CURVE ( 'NONE', #778, #22, #640, .T. ) ;
#726 = CARTESIAN_POINT ( 'NONE',  ( -68.00000000000000000, -20.00000000000000355, 56.00000000000000000 ) ) ;
#727 = EDGE_CURVE ( 'NONE', #1841, #1854, #285, .T. ) ;
#728 = CARTESIAN_POINT ( 'NONE',  ( -68.00000000000000000, -36.00000000000000711, -40.00000000000000000 ) ) ;
#729 = DIRECTION ( 'NONE',  ( 0.000000000000000000, 0.000000000000000000, -1.000000000000000000 ) ) ;
#730 = VERTEX_POINT ( 'NONE', #1173 ) ;
#731 = CIRCLE ( 'NONE', #1298, 2.250000000000000444 ) ;
#732 = VECTOR ( 'NONE', #752, 1000.000000000000000 ) ;
#733 = ORIENTED_EDGE ( 'NONE', *, *, #1343, .F. ) ;
#734 = AXIS2_PLACEMENT_3D ( 'NONE', #461, #1199, #406 ) ;
#735 = DIRECTION ( 'NONE',  ( -1.000000000000000000, -0.000000000000000000, -0.000000000000000000 ) ) ;
#736 = CIRCLE ( 'NONE', #135, 13.00000000000000000 ) ;
#737 = CARTESIAN_POINT ( 'NONE',  ( 46.19397662556433914, -20.00000000000000355, -19.13417161825449142 ) ) ;
#738 = CARTESIAN_POINT ( 'NONE',  ( -76.00000000000000000, -36.00000000000000711, 45.00000000000000000 ) ) ;
#739 = EDGE_CURVE ( 'NONE', #1026, #1468, #248, .T. ) ;
#740 = CARTESIAN_POINT ( 'NONE',  ( -73.80000000000001137, 2.712592660111387239E-15, -22.14999999999999858 ) ) ;
#741 = ORIENTED_EDGE ( 'NONE', *, *, #628, .F. ) ;
#742 = DIRECTION ( 'NONE',  ( 0.000000000000000000, 0.000000000000000000, 1.000000000000000000 ) ) ;
#743 = CARTESIAN_POINT ( 'NONE',  ( 46.19397662556433914, -20.00000000000000355, -16.38417161825448787 ) ) ;
#744 = CARTESIAN_POINT ( 'NONE',  ( -76.00000000000000000, -36.00000000000000711, -40.00000000000000000 ) ) ;
#745 = CARTESIAN_POINT ( 'NONE',  ( 0.000000000000000000, -30.00000000000000711, 0.000000000000000000 ) ) ;
#746 = ORIENTED_EDGE ( 'NONE', *, *, #1899, .F. ) ;
#747 = DIRECTION ( 'NONE',  ( -0.000000000000000000, -1.000000000000000000, -0.000000000000000000 ) ) ;
#748 = CARTESIAN_POINT ( 'NONE',  ( -73.80000000000001137, 0.000000000000000000, 0.000000000000000000 ) ) ;
#749 = DIRECTION ( 'NONE',  ( 0.000000000000000000, 0.000000000000000000, 1.000000000000000000 ) ) ;
#750 = VERTEX_POINT ( 'NONE', #420 ) ;
#751 = CARTESIAN_POINT ( 'NONE',  ( -68.00000000000000000, -20.00000000000000355, 56.00000000000000000 ) ) ;
#752 = DIRECTION ( 'NONE',  ( 1.000000000000000000, -0.000000000000000000, -0.000000000000000000 ) ) ;
#753 = CARTESIAN_POINT ( 'NONE',  ( -76.00000000000000000, -25.86862691031602779, -8.465136106222519885 ) ) ;
#754 = CIRCLE ( 'NONE', #158, 13.00000000000000000 ) ;
#755 = PLANE ( 'NONE',  #1840 ) ;
#756 = EDGE_CURVE ( 'NONE', #775, #697, #672, .T. ) ;
#757 = ORIENTED_EDGE ( 'NONE', *, *, #1163, .F. ) ;
#758 = CIRCLE ( 'NONE', #254, 2.249999999999998668 ) ;
#759 = DIRECTION ( 'NONE',  ( 1.000000000000000000, 0.000000000000000000, 0.000000000000000000 ) ) ;
#760 = CARTESIAN_POINT ( 'NONE',  ( 19.13417161825450208, -30.00000000000000711, 46.19397662556433204 ) ) ;
#761 = ORIENTED_EDGE ( 'NONE', *, *, #1836, .F. ) ;
#762 = AXIS2_PLACEMENT_3D ( 'NONE', #632, #483, #207 ) ;
#763 = CARTESIAN_POINT ( 'NONE',  ( -19.13417161825448787, -30.00000000000000711, -48.94397662556433914 ) ) ;
#764 = DIRECTION ( 'NONE',  ( 0.000000000000000000, 0.000000000000000000, -1.000000000000000000 ) ) ;
#765 = AXIS2_PLACEMENT_3D ( 'NONE', #799, #52, #1813 ) ;
#766 = VECTOR ( 'NONE', #1688, 1000.000000000000000 ) ;
#767 = CARTESIAN_POINT ( 'NONE',  ( 46.19397662556433914, -20.00000000000000355, -16.38417161825448787 ) ) ;
#768 = SECURITY_CLASSIFICATION_LEVEL ( 'unclassified' ) ;
#769 = ORIENTED_EDGE ( 'NONE', *, *, #215, .F. ) ;
#770 = EDGE_CURVE ( 'NONE', #1033, #1395, #1620, .T. ) ;
#771 = DIRECTION ( 'NONE',  ( 1.000000000000000000, -0.000000000000000000, 0.000000000000000000 ) ) ;
#772 = ORIENTED_EDGE ( 'NONE', *, *, #287, .F. ) ;
#773 = DIRECTION ( 'NONE',  ( 1.000000000000000000, 0.000000000000000000, 0.000000000000000000 ) ) ;
#774 = FACE_BOUND ( 'NONE', #671, .T. ) ;
#775 = VERTEX_POINT ( 'NONE', #875 ) ;
#776 = CARTESIAN_POINT ( 'NONE',  ( -46.19397662556434625, -30.00000000000000711, 16.38417161825448076 ) ) ;
#777 = CYLINDRICAL_SURFACE ( 'NONE', #887, 6.000000000000000000 ) ;
#778 = VERTEX_POINT ( 'NONE', #1758 ) ;
#779 = DIRECTION ( 'NONE',  ( 0.000000000000000000, 0.000000000000000000, 1.000000000000000000 ) ) ;
#780 = EDGE_LOOP ( 'NONE', ( #787, #535, #1724, #1223 ) ) ;
#781 = DIRECTION ( 'NONE',  ( -1.000000000000000000, 0.000000000000000000, 0.000000000000000000 ) ) ;
#782 = CARTESIAN_POINT ( 'NONE',  ( -68.00000000000000000, -20.00000000000000355, 56.00000000000000000 ) ) ;
#783 = ADVANCED_FACE ( 'NONE', ( #400 ), #1767, .F. ) ;
#784 = ORIENTED_EDGE ( 'NONE', *, *, #1565, .F. ) ;
#785 = FACE_OUTER_BOUND ( 'NONE', #663, .T. ) ;
#786 = LINE ( 'NONE', #647, #286 ) ;
#787 = ORIENTED_EDGE ( 'NONE', *, *, #1739, .F. ) ;
#788 = AXIS2_PLACEMENT_3D ( 'NONE', #593, #1043, #1195 ) ;
#789 = CIRCLE ( 'NONE', #1046, 2.749999999999995559 ) ;
#790 = ORIENTED_EDGE ( 'NONE', *, *, #1527, .T. ) ;
#791 = AXIS2_PLACEMENT_3D ( 'NONE', #312, #759, #156 ) ;
#792 = DIRECTION ( 'NONE',  ( -0.000000000000000000, -0.000000000000000000, 1.000000000000000000 ) ) ;
#793 = FACE_BOUND ( 'NONE', #1586, .T. ) ;
#794 = AXIS2_PLACEMENT_3D ( 'NONE', #1137, #1735, #101 ) ;
#795 = ORIENTED_EDGE ( 'NONE', *, *, #583, .F. ) ;
#796 = CIRCLE ( 'NONE', #1152, 2.250000000000000444 ) ;
#797 = EDGE_CURVE ( 'NONE', #1468, #1290, #1176, .T. ) ;
#798 = AXIS2_PLACEMENT_3D ( 'NONE', #371, #214, #471 ) ;
#799 = CARTESIAN_POINT ( 'NONE',  ( -68.00000000000000000, 10.71513610622251278, -25.86862691031603134 ) ) ;
#800 = ORIENTED_EDGE ( 'NONE', *, *, #1775, .F. ) ;
#801 = DIRECTION ( 'NONE',  ( 0.000000000000000000, 0.000000000000000000, 1.000000000000000000 ) ) ;
#802 = VERTEX_POINT ( 'NONE', #427 ) ;
#803 = CARTESIAN_POINT ( 'NONE',  ( 46.19397662556434625, -20.00000000000000355, 21.88417161825448432 ) ) ;
#804 = FACE_BOUND ( 'NONE', #166, .T. ) ;
#805 = ORIENTED_EDGE ( 'NONE', *, *, #1117, .T. ) ;
#806 = ADVANCED_FACE ( 'NONE', ( #580 ), #1017, .F. ) ;
#807 = EDGE_CURVE ( 'NONE', #303, #1667, #1612, .T. ) ;
#808 = DIRECTION ( 'NONE',  ( 1.000000000000000000, 0.000000000000000000, 0.000000000000000000 ) ) ;
#809 = CARTESIAN_POINT ( 'NONE',  ( 0.000000000000000000, -20.00000000000000355, 0.000000000000000000 ) ) ;
#810 = ORIENTED_EDGE ( 'NONE', *, *, #665, .F. ) ;
#811 = CARTESIAN_POINT ( 'NONE',  ( -73.80000000000001137, 0.000000000000000000, 22.14999999999999858 ) ) ;
#812 = DIRECTION ( 'NONE',  ( 1.000000000000000000, -0.000000000000000000, 0.000000000000000000 ) ) ;
#813 = ORIENTED_EDGE ( 'NONE', *, *, #522, .F. ) ;
#814 = DIRECTION ( 'NONE',  ( 0.000000000000000000, 0.000000000000000000, 1.000000000000000000 ) ) ;
#815 = DIRECTION ( 'NONE',  ( 0.000000000000000000, -1.000000000000000000, 0.000000000000000000 ) ) ;
#816 = DIRECTION ( 'NONE',  ( 0.000000000000000000, 1.000000000000000000, 0.000000000000000000 ) ) ;
#817 = ORIENTED_EDGE ( 'NONE', *, *, #215, .T. ) ;
#818 = EDGE_CURVE ( 'NONE', #396, #325, #275, .T. ) ;
#819 = DIRECTION ( 'NONE',  ( 0.000000000000000000, 0.000000000000000000, 1.000000000000000000 ) ) ;
#820 = FACE_OUTER_BOUND ( 'NONE', #947, .T. ) ;
#821 = AXIS2_PLACEMENT_3D ( 'NONE', #587, #160, #296 ) ;
#822 = CIRCLE ( 'NONE', #916, 6.000000000000000000 ) ;
#823 = VERTEX_POINT ( 'NONE', #1482 ) ;
#824 = AXIS2_PLACEMENT_3D ( 'NONE', #1194, #1806, #452 ) ;
#825 = VECTOR ( 'NONE', #1157, 1000.000000000000000 ) ;
#826 = DIRECTION ( 'NONE',  ( -0.000000000000000000, -1.000000000000000000, -0.000000000000000000 ) ) ;
#827 = PLANE ( 'NONE',  #1426 ) ;
#828 = CYLINDRICAL_SURFACE ( 'NONE', #1461, 2.750000000000002665 ) ;
#829 = VECTOR ( 'NONE', #178, 1000.000000000000000 ) ;
#830 = VERTEX_POINT ( 'NONE', #133 ) ;
#831 = CARTESIAN_POINT ( 'NONE',  ( -68.00000000000000000, 10.71513610622251633, 25.86862691031603134 ) ) ;
#832 = EDGE_LOOP ( 'NONE', ( #374, #1545 ) ) ;
#833 = EDGE_CURVE ( 'NONE', #542, #328, #1044, .T. ) ;
#834 = DIRECTION ( 'NONE',  ( -0.000000000000000000, -1.000000000000000000, -0.000000000000000000 ) ) ;
#835 = CYLINDRICAL_SURFACE ( 'NONE', #1024, 2.249999999999998668 ) ;
#836 = LINE ( 'NONE', #908, #1269 ) ;
#837 = ORIENTED_EDGE ( 'NONE', *, *, #1775, .T. ) ;
#838 = ORIENTED_EDGE ( 'NONE', *, *, #204, .F. ) ;
#839 = DIRECTION ( 'NONE',  ( -0.000000000000000000, -1.000000000000000000, -0.000000000000000000 ) ) ;
#840 = ORIENTED_EDGE ( 'NONE', *, *, #724, .T. ) ;
#841 = FACE_OUTER_BOUND ( 'NONE', #1131, .T. ) ;
#842 = ORIENTED_EDGE ( 'NONE', *, *, #368, .T. ) ;
#843 = DIRECTION ( 'NONE',  ( 1.000000000000000000, 0.000000000000000000, 0.000000000000000000 ) ) ;
#844 = DIRECTION ( 'NONE',  ( 0.000000000000000000, 0.000000000000000000, 1.000000000000000000 ) ) ;
#845 = EDGE_CURVE ( 'NONE', #1295, #155, #545, .T. ) ;
#846 = EDGE_LOOP ( 'NONE', ( #1093, #960 ) ) ;
#847 = EDGE_CURVE ( 'NONE', #1258, #363, #5, .T. ) ;
#848 = DIRECTION ( 'NONE',  ( 1.000000000000000000, 0.000000000000000000, 0.000000000000000000 ) ) ;
#849 = ORIENTED_EDGE ( 'NONE', *, *, #1218, .T. ) ;
#850 = DIRECTION ( 'NONE',  ( 0.000000000000000000, 1.000000000000000000, 0.000000000000000000 ) ) ;
#851 = ORIENTED_EDGE ( 'NONE', *, *, #1099, .T. ) ;
#852 = DIRECTION ( 'NONE',  ( -0.000000000000000000, -1.000000000000000000, -0.000000000000000000 ) ) ;
#853 = LINE ( 'NONE', #1191, #825 ) ;
#854 = PERSON ( 'UNSPECIFIED', 'UNSPECIFIED', 'UNSPECIFIED', ('UNSPECIFIED'), ('UNSPECIFIED'), ('UNSPECIFIED') ) ;
#855 = AXIS2_PLACEMENT_3D ( 'NONE', #1035, #1784, #618 ) ;
#856 = VERTEX_POINT ( 'NONE', #1210 ) ;
#857 = CARTESIAN_POINT ( 'NONE',  ( -68.00000000000000000, 25.86862691031603134, -12.96513610622251633 ) ) ;
#858 = AXIS2_PLACEMENT_3D ( 'NONE', #389, #679, #217 ) ;
#859 = EDGE_CURVE ( 'NONE', #985, #542, #457, .T. ) ;
#860 = VECTOR ( 'NONE', #1334, 1000.000000000000000 ) ;
#861 = ORIENTED_EDGE ( 'NONE', *, *, #871, .F. ) ;
#862 = VECTOR ( 'NONE', #332, 1000.000000000000000 ) ;
#863 = ORIENTED_EDGE ( 'NONE', *, *, #818, .F. ) ;
#864 = LOCAL_TIME ( 11, 7, 40.00000000000000000, #352 ) ;
#865 = FACE_OUTER_BOUND ( 'NONE', #511, .T. ) ;
#866 = EDGE_LOOP ( 'NONE', ( #1177, #454 ) ) ;
#867 = CARTESIAN_POINT ( 'NONE',  ( -76.00000000000000000, 10.71513610622251278, -28.11862691031602779 ) ) ;
#868 = PERSON_AND_ORGANIZATION_ROLE ( 'design_owner' ) ;
#869 = PRODUCT_DEFINITION ( 'UNKNOWN', '', #355, #948 ) ;
#870 = EDGE_LOOP ( 'NONE', ( #1284, #337 ) ) ;
#871 = EDGE_CURVE ( 'NONE', #1395, #985, #1799, .T. ) ;
#872 = VERTEX_POINT ( 'NONE', #1543 ) ;
#873 = LINE ( 'NONE', #1783, #1260 ) ;
#874 = CARTESIAN_POINT ( 'NONE',  ( 19.13417161825449497, -20.00000000000000355, -48.94397662556433914 ) ) ;
#875 = CARTESIAN_POINT ( 'NONE',  ( -68.00000000000000000, 25.86862691031603134, -8.465136106222514556 ) ) ;
#876 = ORIENTED_EDGE ( 'NONE', *, *, #1480, .F. ) ;
#877 = ORIENTED_EDGE ( 'NONE', *, *, #1099, .F. ) ;
#878 = ORIENTED_EDGE ( 'NONE', *, *, #1490, .F. ) ;
#879 = ADVANCED_FACE ( 'NONE', ( #1062 ), #316, .F. ) ;
#880 = DIRECTION ( 'NONE',  ( 0.000000000000000000, 0.000000000000000000, -1.000000000000000000 ) ) ;
#881 = LINE ( 'NONE', #1481, #1634 ) ;
#882 = CARTESIAN_POINT ( 'NONE',  ( -68.00000000000000000, -10.71513610622251100, 28.11862691031603134 ) ) ;
#883 = VECTOR ( 'NONE', #1488, 1000.000000000000000 ) ;
#884 = VECTOR ( 'NONE', #1691, 1000.000000000000000 ) ;
#885 = ORIENTED_EDGE ( 'NONE', *, *, #1765, .T. ) ;
#886 = DIRECTION ( 'NONE',  ( 0.000000000000000000, 0.000000000000000000, 1.000000000000000000 ) ) ;
#887 = AXIS2_PLACEMENT_3D ( 'NONE', #1850, #1826, #60 ) ;
#888 = VERTEX_POINT ( 'NONE', #1385 ) ;
#889 = VECTOR ( 'NONE', #1756, 1000.000000000000000 ) ;
#890 = DIRECTION ( 'NONE',  ( -1.000000000000000000, -0.000000000000000000, -0.000000000000000000 ) ) ;
#891 = VECTOR ( 'NONE', #826, 1000.000000000000000 ) ;
#892 = EDGE_CURVE ( 'NONE', #1364, #1312, #1708, .T. ) ;
#893 = ADVANCED_FACE ( 'NONE', ( #1367 ), #36, .F. ) ;
#894 = DIRECTION ( 'NONE',  ( 0.000000000000000000, 0.000000000000000000, -1.000000000000000000 ) ) ;
#895 = DIRECTION ( 'NONE',  ( 0.000000000000000000, 0.000000000000000000, 1.000000000000000000 ) ) ;
#896 = ORGANIZATION ( 'UNSPECIFIED', 'UNSPECIFIED', '' ) ;
#897 = LINE ( 'NONE', #1491, #1081 ) ;
#898 = ORIENTED_EDGE ( 'NONE', *, *, #770, .F. ) ;
#899 = CYLINDRICAL_SURFACE ( 'NONE', #1022, 2.750000000000002665 ) ;
#900 = DIRECTION ( 'NONE',  ( -1.000000000000000000, -0.000000000000000000, -0.000000000000000000 ) ) ;
#901 = CARTESIAN_POINT ( 'NONE',  ( 46.19397662556434625, -30.00000000000000711, 19.13417161825448076 ) ) ;
#902 = LINE ( 'NONE', #1497, #1954 ) ;
#903 = LINE ( 'NONE', #1498, #732 ) ;
#904 = ADVANCED_FACE ( 'NONE', ( #3 ), #172, .F. ) ;
#905 = CARTESIAN_POINT ( 'NONE',  ( -68.00000000000000000, 10.71513610622251633, 25.86862691031603134 ) ) ;
#906 = ORIENTED_EDGE ( 'NONE', *, *, #1128, .F. ) ;
#907 = FACE_OUTER_BOUND ( 'NONE', #1782, .T. ) ;
#908 = CARTESIAN_POINT ( 'NONE',  ( -68.00000000000000000, -30.00000000000000711, -56.00000000000000000 ) ) ;
#909 = ORIENTED_EDGE ( 'NONE', *, *, #1715, .T. ) ;
#910 = FACE_OUTER_BOUND ( 'NONE', #1253, .T. ) ;
#911 = FACE_BOUND ( 'NONE', #832, .T. ) ;
#912 = ADVANCED_FACE ( 'NONE', ( #1351 ), #16, .F. ) ;
#913 = APPROVAL_STATUS ( 'not_yet_approved' ) ;
#914 = DIRECTION ( 'NONE',  ( -1.000000000000000000, -0.000000000000000000, -0.000000000000000000 ) ) ;
#915 = ORIENTED_EDGE ( 'NONE', *, *, #1184, .T. ) ;
#916 = AXIS2_PLACEMENT_3D ( 'NONE', #1059, #1471, #880 ) ;
#917 = AXIS2_PLACEMENT_3D ( 'NONE', #339, #1521, #49 ) ;
#918 = ORIENTED_EDGE ( 'NONE', *, *, #249, .F. ) ;
#919 = VECTOR ( 'NONE', #1484, 1000.000000000000000 ) ;
#920 = DIRECTION ( 'NONE',  ( 0.000000000000000000, 0.000000000000000000, -1.000000000000000000 ) ) ;
#921 = DIRECTION ( 'NONE',  ( 0.000000000000000000, 0.000000000000000000, -1.000000000000000000 ) ) ;
#922 = LOCAL_TIME ( 11, 7, 40.00000000000000000, #30 ) ;
#923 = ORIENTED_EDGE ( 'NONE', *, *, #522, .T. ) ;
#924 = CARTESIAN_POINT ( 'NONE',  ( -68.00000000000000000, -10.71513610622250745, -23.61862691031603489 ) ) ;
#925 = DATE_TIME_ROLE ( 'classification_date' ) ;
#926 = LINE ( 'NONE', #362, #106 ) ;
#927 = CC_DESIGN_PERSON_AND_ORGANIZATION_ASSIGNMENT ( #482, #1659, ( #1936 ) ) ;
#928 = ADVANCED_FACE ( 'NONE', ( #1509, #1821, #1655, #935, #466, #774, #189, #793 ), #1832, .T. ) ;
#929 = ORIENTED_EDGE ( 'NONE', *, *, #582, .F. ) ;
#930 = EDGE_CURVE ( 'NONE', #778, #50, #1847, .T. ) ;
#931 = DIRECTION ( 'NONE',  ( 1.000000000000000000, 0.000000000000000000, 0.000000000000000000 ) ) ;
#932 = CARTESIAN_POINT ( 'NONE',  ( -73.80000000000001137, 0.000000000000000000, 22.14999999999999858 ) ) ;
#933 = EDGE_LOOP ( 'NONE', ( #1674, #1605, #117, #1380 ) ) ;
#934 = CARTESIAN_POINT ( 'NONE',  ( -73.80000000000001137, 0.000000000000000000, 0.000000000000000000 ) ) ;
#935 = FACE_BOUND ( 'NONE', #1338, .T. ) ;
#936 = ORIENTED_EDGE ( 'NONE', *, *, #569, .T. ) ;
#937 = CARTESIAN_POINT ( 'NONE',  ( 0.000000000000000000, -30.00000000000000711, -13.00000000000000000 ) ) ;
#938 = APPROVAL_ROLE ( '' ) ;
#939 = CARTESIAN_POINT ( 'NONE',  ( -68.00000000000000000, 33.99999999999999289, 45.00000000000000000 ) ) ;
#940 = ORIENTED_EDGE ( 'NONE', *, *, #1018, .T. ) ;
#941 = DIRECTION ( 'NONE',  ( 1.000000000000000000, 0.000000000000000000, 0.000000000000000000 ) ) ;
#942 = DIRECTION ( 'NONE',  ( 0.000000000000000000, 1.000000000000000000, 0.000000000000000000 ) ) ;
#943 = ORIENTED_EDGE ( 'NONE', *, *, #531, .F. ) ;
#944 = ADVANCED_FACE ( 'NONE', ( #1647 ), #297, .F. ) ;
#945 = CYLINDRICAL_SURFACE ( 'NONE', #702, 22.14999999999999858 ) ;
#946 = CARTESIAN_POINT ( 'NONE',  ( -68.00000000000000000, -10.71513610622251100, 25.86862691031603134 ) ) ;
#947 = EDGE_LOOP ( 'NONE', ( #1924, #1388, #1041, #1859, #1955, #1762, #838, #193 ) ) ;
#948 = DESIGN_CONTEXT ( 'detailed design', #527, 'design' ) ;
#949 = DIRECTION ( 'NONE',  ( 0.000000000000000000, 0.000000000000000000, 1.000000000000000000 ) ) ;
#950 = EDGE_LOOP ( 'NONE', ( #505, #1085 ) ) ;
#951 = CARTESIAN_POINT ( 'NONE',  ( -76.00000000000000000, 25.86862691031603134, -12.96513610622251633 ) ) ;
#952 = AXIS2_PLACEMENT_3D ( 'NONE', #1013, #1607, #1722 ) ;
#953 = EDGE_LOOP ( 'NONE', ( #591, #1217, #159, #1549 ) ) ;
#954 = AXIS2_PLACEMENT_3D ( 'NONE', #289, #712, #1183 ) ;
#955 = LINE ( 'NONE', #811, #1511 ) ;
#956 = CARTESIAN_POINT ( 'NONE',  ( 19.13417161825449497, -20.00000000000000355, -46.19397662556433914 ) ) ;
#957 = EDGE_CURVE ( 'NONE', #575, #70, #903, .T. ) ;
#958 = ADVANCED_FACE ( 'NONE', ( #607, #1226, #1680, #1533, #305, #911, #804, #1701, #1891, #1144 ), #230, .F. ) ;
#959 = CIRCLE ( 'NONE', #1358, 2.750000000000002665 ) ;
#960 = ORIENTED_EDGE ( 'NONE', *, *, #691, .F. ) ;
#961 = AXIS2_PLACEMENT_3D ( 'NONE', #1575, #537, #94 ) ;
#962 = CC_DESIGN_APPROVAL ( #1589, ( #869 ) ) ;
#963 = CARTESIAN_POINT ( 'NONE',  ( 0.000000000000000000, -30.00000000000000711, 0.000000000000000000 ) ) ;
#964 = CYLINDRICAL_SURFACE ( 'NONE', #1394, 13.00000000000000000 ) ;
#965 = ORIENTED_EDGE ( 'NONE', *, *, #27, .T. ) ;
#966 = FACE_BOUND ( 'NONE', #1910, .T. ) ;
#967 = DIRECTION ( 'NONE',  ( 0.000000000000000000, 0.000000000000000000, -1.000000000000000000 ) ) ;
#968 = CARTESIAN_POINT ( 'NONE',  ( -76.00000000000000000, 0.000000000000000000, 0.000000000000000000 ) ) ;
#969 = EDGE_LOOP ( 'NONE', ( #1582, #1677, #965, #1231 ) ) ;
#970 = ADVANCED_FACE ( 'NONE', ( #218 ), #500, .F. ) ;
#971 = ORIENTED_EDGE ( 'NONE', *, *, #818, .T. ) ;
#972 = PRODUCT ( 'JX1_HipRollBracket_L', 'JX1_HipRollBracket_L', '', ( #1499 ) ) ;
#973 = DIRECTION ( 'NONE',  ( 0.000000000000000000, 0.000000000000000000, -1.000000000000000000 ) ) ;
#974 = CARTESIAN_POINT ( 'NONE',  ( 0.000000000000000000, -30.00000000000000711, 0.000000000000000000 ) ) ;
#975 = VERTEX_POINT ( 'NONE', #1578 ) ;
#976 = CARTESIAN_POINT ( 'NONE',  ( -76.00000000000000000, -10.71513610622250745, -25.86862691031603134 ) ) ;
#977 = DIRECTION ( 'NONE',  ( -0.000000000000000000, -1.000000000000000000, -0.000000000000000000 ) ) ;
#978 = ADVANCED_FACE ( 'NONE', ( #508, #376, #390, #999, #820, #366, #659, #1563, #689, #529 ), #1115, .T. ) ;
#979 = ORIENTED_EDGE ( 'NONE', *, *, #271, .T. ) ;
#980 = FACE_OUTER_BOUND ( 'NONE', #530, .T. ) ;
#981 = ORIENTED_EDGE ( 'NONE', *, *, #496, .T. ) ;
#982 = LINE ( 'NONE', #229, #1021 ) ;
#983 = DIRECTION ( 'NONE',  ( 0.000000000000000000, -0.000000000000000000, -1.000000000000000000 ) ) ;
#984 = CIRCLE ( 'NONE', #1771, 2.750000000000002665 ) ;
#985 = VERTEX_POINT ( 'NONE', #1592 ) ;
#986 = AXIS2_PLACEMENT_3D ( 'NONE', #968, #812, #211 ) ;
#987 = ORIENTED_EDGE ( 'NONE', *, *, #797, .F. ) ;
#988 = AXIS2_PLACEMENT_3D ( 'NONE', #1660, #450, #886 ) ;
#989 = DIRECTION ( 'NONE',  ( -1.000000000000000000, -0.000000000000000000, -0.000000000000000000 ) ) ;
#990 = CARTESIAN_POINT ( 'NONE',  ( -76.00000000000000000, 25.86862691031603134, -10.71513610622251456 ) ) ;
#991 = AXIS2_PLACEMENT_3D ( 'NONE', #518, #1122, #1729 ) ;
#992 = ORIENTED_EDGE ( 'NONE', *, *, #51, .T. ) ;
#993 = ADVANCED_FACE ( 'NONE', ( #57 ), #835, .F. ) ;
#994 = ADVANCED_FACE ( 'NONE', ( #1862 ), #1425, .F. ) ;
#995 = LINE ( 'NONE', #1259, #1330 ) ;
#996 = ORIENTED_EDGE ( 'NONE', *, *, #1203, .F. ) ;
#997 = ADVANCED_FACE ( 'NONE', ( #520 ), #1276, .F. ) ;
#998 = CARTESIAN_POINT ( 'NONE',  ( -76.00000000000000000, -10.71513610622250745, -28.11862691031603134 ) ) ;
#999 = FACE_BOUND ( 'NONE', #1470, .T. ) ;
#1000 = EDGE_LOOP ( 'NONE', ( #1857, #1451, #572, #1170 ) ) ;
#1001 = DIRECTION ( 'NONE',  ( 0.000000000000000000, 1.000000000000000000, 0.000000000000000000 ) ) ;
#1002 = DIRECTION ( 'NONE',  ( 1.000000000000000000, 0.000000000000000000, 0.000000000000000000 ) ) ;
#1003 = ORIENTED_EDGE ( 'NONE', *, *, #228, .T. ) ;
#1004 = VERTEX_POINT ( 'NONE', #1569 ) ;
#1005 = DIRECTION ( 'NONE',  ( 0.000000000000000000, 0.000000000000000000, 1.000000000000000000 ) ) ;
#1006 = LINE ( 'NONE', #9, #195 ) ;
#1007 = ADVANCED_FACE ( 'NONE', ( #1436 ), #65, .F. ) ;
#1008 = CARTESIAN_POINT ( 'NONE',  ( -68.00000000000000000, 10.71513610622251278, -23.61862691031603134 ) ) ;
#1009 = DIRECTION ( 'NONE',  ( 0.000000000000000000, 0.000000000000000000, 1.000000000000000000 ) ) ;
#1010 = CARTESIAN_POINT ( 'NONE',  ( -76.00000000000000000, 10.71513610622251633, 23.61862691031603134 ) ) ;
#1011 = VERTEX_POINT ( 'NONE', #1134 ) ;
#1012 = ORIENTED_EDGE ( 'NONE', *, *, #1541, .F. ) ;
#1013 = CARTESIAN_POINT ( 'NONE',  ( -19.13417161825448787, -20.00000000000000355, -46.19397662556433914 ) ) ;
#1014 = LINE ( 'NONE', #137, #706 ) ;
#1015 = AXIS2_PLACEMENT_3D ( 'NONE', #288, #132, #894 ) ;
#1016 = ORIENTED_EDGE ( 'NONE', *, *, #1624, .F. ) ;
#1017 = CYLINDRICAL_SURFACE ( 'NONE', #954, 2.249999999999998668 ) ;
#1018 = EDGE_CURVE ( 'NONE', #856, #1558, #1872, .T. ) ;
#1019 = ADVANCED_FACE ( 'NONE', ( #239 ), #85, .F. ) ;
#1020 = CARTESIAN_POINT ( 'NONE',  ( -19.13417161825447721, -20.00000000000000355, 43.44397662556434625 ) ) ;
#1021 = VECTOR ( 'NONE', #688, 1000.000000000000000 ) ;
#1022 = AXIS2_PLACEMENT_3D ( 'NONE', #1493, #747, #614 ) ;
#1023 = EDGE_LOOP ( 'NONE', ( #46, #1538, #1761, #1580 ) ) ;
#1024 = AXIS2_PLACEMENT_3D ( 'NONE', #1882, #1413, #1256 ) ;
#1025 = AXIS2_PLACEMENT_3D ( 'NONE', #1853, #1285, #1741 ) ;
#1026 = VERTEX_POINT ( 'NONE', #540 ) ;
#1027 = LOCAL_TIME ( 11, 7, 40.00000000000000000, #1106 ) ;
#1028 = CYLINDRICAL_SURFACE ( 'NONE', #670, 2.250000000000000444 ) ;
#1029 = CARTESIAN_POINT ( 'NONE',  ( -46.19397662556434625, -30.00000000000000711, 19.13417161825448432 ) ) ;
#1030 = DIRECTION ( 'NONE',  ( 0.000000000000000000, 1.000000000000000000, 0.000000000000000000 ) ) ;
#1031 = ORIENTED_EDGE ( 'NONE', *, *, #724, .F. ) ;
#1032 = ADVANCED_FACE ( 'NONE', ( #1745 ), #652, .F. ) ;
#1033 = VERTEX_POINT ( 'NONE', #1047 ) ;
#1034 = DIRECTION ( 'NONE',  ( -0.000000000000000000, -1.000000000000000000, -0.000000000000000000 ) ) ;
#1035 = CARTESIAN_POINT ( 'NONE',  ( -68.00000000000000000, -20.00000000000000355, -56.00000000000000000 ) ) ;
#1036 = DIRECTION ( 'NONE',  ( -0.000000000000000000, -0.000000000000000000, 1.000000000000000000 ) ) ;
#1037 =( NAMED_UNIT ( * ) SI_UNIT ( $, .STERADIAN. ) SOLID_ANGLE_UNIT ( ) );
#1038 = EDGE_LOOP ( 'NONE', ( #1492, #348 ) ) ;
#1039 = ADVANCED_FACE ( 'NONE', ( #1344 ), #1815, .F. ) ;
#1040 = EDGE_CURVE ( 'NONE', #1312, #1258, #310, .T. ) ;
#1041 = ORIENTED_EDGE ( 'NONE', *, *, #1920, .F. ) ;
#1042 = DIRECTION ( 'NONE',  ( 0.000000000000000000, 0.000000000000000000, -1.000000000000000000 ) ) ;
#1043 = DIRECTION ( 'NONE',  ( 1.000000000000000000, 0.000000000000000000, 0.000000000000000000 ) ) ;
#1044 = LINE ( 'NONE', #738, #1393 ) ;
#1045 = VECTOR ( 'NONE', #1931, 1000.000000000000000 ) ;
#1046 = AXIS2_PLACEMENT_3D ( 'NONE', #1712, #64, #1384 ) ;
#1047 = CARTESIAN_POINT ( 'NONE',  ( -68.00000000000000000, 33.99999999999999289, -40.00000000000000000 ) ) ;
#1048 = CIRCLE ( 'NONE', #1396, 2.750000000000002665 ) ;
#1049 = ORIENTED_EDGE ( 'NONE', *, *, #1313, .T. ) ;
#1050 = AXIS2_PLACEMENT_3D ( 'NONE', #963, #351, #621 ) ;
#1051 = CARTESIAN_POINT ( 'NONE',  ( -76.00000000000000000, -25.86862691031602779, -10.71513610622251989 ) ) ;
#1052 = LINE ( 'NONE', #1807, #1903 ) ;
#1053 = VECTOR ( 'NONE', #1529, 1000.000000000000000 ) ;
#1054 = EDGE_CURVE ( 'NONE', #1158, #1625, #1014, .T. ) ;
#1055 = DIRECTION ( 'NONE',  ( 1.000000000000000000, 0.000000000000000000, 0.000000000000000000 ) ) ;
#1056 = CARTESIAN_POINT ( 'NONE',  ( -19.13417161825448787, -20.00000000000000355, -48.94397662556433914 ) ) ;
#1057 = CARTESIAN_POINT ( 'NONE',  ( -68.00000000000000000, 25.86862691031603134, -8.465136106222514556 ) ) ;
#1058 = ORIENTED_EDGE ( 'NONE', *, *, #1304, .F. ) ;
#1059 = CARTESIAN_POINT ( 'NONE',  ( -68.00000000000000000, 0.000000000000000000, 0.000000000000000000 ) ) ;
#1060 = EDGE_LOOP ( 'NONE', ( #1161, #1852 ) ) ;
#1061 = CARTESIAN_POINT ( 'NONE',  ( -68.00000000000000000, 10.71513610622251278, -23.61862691031603134 ) ) ;
#1062 = FACE_OUTER_BOUND ( 'NONE', #516, .T. ) ;
#1063 = ADVANCED_FACE ( 'NONE', ( #563 ), #1641, .F. ) ;
#1064 = ORIENTED_EDGE ( 'NONE', *, *, #1501, .F. ) ;
#1065 = DIRECTION ( 'NONE',  ( -1.000000000000000000, -0.000000000000000000, -0.000000000000000000 ) ) ;
#1066 = PERSON_AND_ORGANIZATION_ROLE ( 'design_supplier' ) ;
#1067 = CARTESIAN_POINT ( 'NONE',  ( -68.00000000000000000, -25.86862691031603134, 12.96513610622250745 ) ) ;
#1068 = ORIENTED_EDGE ( 'NONE', *, *, #191, .T. ) ;
#1069 = FACE_OUTER_BOUND ( 'NONE', #451, .T. ) ;
#1070 = ORIENTED_EDGE ( 'NONE', *, *, #833, .F. ) ;
#1071 = DIRECTION ( 'NONE',  ( -1.000000000000000000, 0.000000000000000000, 0.000000000000000000 ) ) ;
#1072 = DIRECTION ( 'NONE',  ( 0.000000000000000000, -1.000000000000000000, 0.000000000000000000 ) ) ;
#1073 = ADVANCED_FACE ( 'NONE', ( #1944 ), #755, .F. ) ;
#1074 = EDGE_CURVE ( 'NONE', #695, #1158, #1459, .T. ) ;
#1075 = ORIENTED_EDGE ( 'NONE', *, *, #756, .F. ) ;
#1076 = EDGE_CURVE ( 'NONE', #1142, #1898, #1006, .T. ) ;
#1077 = APPLICATION_CONTEXT ( 'configuration controlled 3d designs of mechanical parts and assemblies' ) ;
#1078 = ORIENTED_EDGE ( 'NONE', *, *, #1919, .F. ) ;
#1079 = VECTOR ( 'NONE', #150, 1000.000000000000000 ) ;
#1080 = VERTEX_POINT ( 'NONE', #1067 ) ;
#1081 = VECTOR ( 'NONE', #1502, 1000.000000000000000 ) ;
#1082 = LINE ( 'NONE', #1102, #380 ) ;
#1083 = DIRECTION ( 'NONE',  ( 0.000000000000000000, 0.000000000000000000, -1.000000000000000000 ) ) ;
#1084 = AXIS2_PLACEMENT_3D ( 'NONE', #1495, #1676, #21 ) ;
#1085 = ORIENTED_EDGE ( 'NONE', *, *, #1278, .F. ) ;
#1086 = LINE ( 'NONE', #630, #862 ) ;
#1087 = DATE_AND_TIME ( #1536, #1027 ) ;
#1088 = DIRECTION ( 'NONE',  ( -1.000000000000000000, -0.000000000000000000, -0.000000000000000000 ) ) ;
#1089 = EDGE_CURVE ( 'NONE', #1026, #1477, #1266, .T. ) ;
#1090 = ORIENTED_EDGE ( 'NONE', *, *, #467, .F. ) ;
#1091 = DIRECTION ( 'NONE',  ( -0.7071067811865474617, -0.000000000000000000, -0.7071067811865474617 ) ) ;
#1092 = LINE ( 'NONE', #1382, #1268 ) ;
#1093 = ORIENTED_EDGE ( 'NONE', *, *, #725, .F. ) ;
#1094 = DIRECTION ( 'NONE',  ( 1.000000000000000000, 0.000000000000000000, -0.000000000000000000 ) ) ;
#1095 = DIRECTION ( 'NONE',  ( -0.000000000000000000, -1.000000000000000000, -0.000000000000000000 ) ) ;
#1096 = ORIENTED_EDGE ( 'NONE', *, *, #1117, .F. ) ;
#1097 = LINE ( 'NONE', #1546, #515 ) ;
#1098 = ORIENTED_EDGE ( 'NONE', *, *, #756, .T. ) ;
#1099 = EDGE_CURVE ( 'NONE', #823, #1172, #1297, .T. ) ;
#1100 = CARTESIAN_POINT ( 'NONE',  ( 46.19397662556434625, -30.00000000000000711, 21.88417161825448432 ) ) ;
#1101 = ORIENTED_EDGE ( 'NONE', *, *, #39, .T. ) ;
#1102 = CARTESIAN_POINT ( 'NONE',  ( -68.00000000000000000, -20.00000000000000355, 56.00000000000000000 ) ) ;
#1103 = DIRECTION ( 'NONE',  ( -1.000000000000000000, -0.000000000000000000, -0.000000000000000000 ) ) ;
#1104 = ORIENTED_EDGE ( 'NONE', *, *, #27, .F. ) ;
#1105 = DIRECTION ( 'NONE',  ( 0.000000000000000000, 0.000000000000000000, 1.000000000000000000 ) ) ;
#1106 = COORDINATED_UNIVERSAL_TIME_OFFSET ( 5, 30, .AHEAD. ) ;
#1107 = ORIENTED_EDGE ( 'NONE', *, *, #385, .T. ) ;
#1108 = AXIS2_PLACEMENT_3D ( 'NONE', #1472, #579, #124 ) ;
#1109 = FACE_BOUND ( 'NONE', #54, .T. ) ;
#1110 = CIRCLE ( 'NONE', #858, 2.250000000000000444 ) ;
#1111 = ORIENTED_EDGE ( 'NONE', *, *, #892, .T. ) ;
#1112 = MANIFOLD_SOLID_BREP ( 'Medial_Plate', #252 ) ;
#1113 = AXIS2_PLACEMENT_3D ( 'NONE', #489, #1196, #1083 ) ;
#1114 = DIRECTION ( 'NONE',  ( 0.000000000000000000, 0.000000000000000000, 1.000000000000000000 ) ) ;
#1115 = PLANE ( 'NONE',  #1116 ) ;
#1116 = AXIS2_PLACEMENT_3D ( 'NONE', #974, #1553, #983 ) ;
#1117 = EDGE_CURVE ( 'NONE', #775, #255, #1212, .T. ) ;
#1118 = ORIENTED_EDGE ( 'NONE', *, *, #727, .F. ) ;
#1119 = AXIS2_PLACEMENT_3D ( 'NONE', #42, #492, #1369 ) ;
#1120 = AXIS2_PLACEMENT_3D ( 'NONE', #748, #1215, #1205 ) ;
#1121 = ORIENTED_EDGE ( 'NONE', *, *, #428, .T. ) ;
#1122 = DIRECTION ( 'NONE',  ( -1.000000000000000000, -0.000000000000000000, -0.000000000000000000 ) ) ;
#1123 = ORIENTED_EDGE ( 'NONE', *, *, #180, .T. ) ;
#1124 = CYLINDRICAL_SURFACE ( 'NONE', #1145, 2.750000000000002665 ) ;
#1125 = CARTESIAN_POINT ( 'NONE',  ( 56.00000000000000000, -20.00000000000000355, -30.00000000000000000 ) ) ;
#1126 = ORIENTED_EDGE ( 'NONE', *, *, #86, .T. ) ;
#1127 = CARTESIAN_POINT ( 'NONE',  ( -76.00000000000000000, -25.86862691031603134, 8.465136106222505674 ) ) ;
#1128 = EDGE_CURVE ( 'NONE', #303, #567, #1599, .T. ) ;
#1129 = CARTESIAN_POINT ( 'NONE',  ( -76.00000000000000000, 25.86862691031603134, -10.71513610622251456 ) ) ;
#1130 = CARTESIAN_POINT ( 'NONE',  ( -19.13417161825447721, -30.00000000000000711, 43.44397662556434625 ) ) ;
#1131 = EDGE_LOOP ( 'NONE', ( #810, #981, #235, #1827 ) ) ;
#1132 = ORIENTED_EDGE ( 'NONE', *, *, #346, .F. ) ;
#1133 = CARTESIAN_POINT ( 'NONE',  ( 19.13417161825449497, -20.00000000000000355, -46.19397662556433914 ) ) ;
#1134 = CARTESIAN_POINT ( 'NONE',  ( -68.00000000000000000, -10.71513610622250745, -28.11862691031603134 ) ) ;
#1135 = ORIENTED_EDGE ( 'NONE', *, *, #1685, .F. ) ;
#1136 = DIRECTION ( 'NONE',  ( 0.000000000000000000, 1.000000000000000000, 0.000000000000000000 ) ) ;
#1137 = CARTESIAN_POINT ( 'NONE',  ( -76.00000000000000000, -10.71513610622250745, -25.86862691031603134 ) ) ;
#1138 = DIRECTION ( 'NONE',  ( 0.000000000000000000, 0.000000000000000000, -1.000000000000000000 ) ) ;
#1139 = EDGE_LOOP ( 'NONE', ( #1564, #1328, #1104, #1651 ) ) ;
#1140 = EDGE_CURVE ( 'NONE', #208, #888, #444, .T. ) ;
#1141 = CYLINDRICAL_SURFACE ( 'NONE', #109, 2.249999999999998668 ) ;
#1142 = VERTEX_POINT ( 'NONE', #246 ) ;
#1143 = CARTESIAN_POINT ( 'NONE',  ( 56.00000000000000000, -20.00000000000000355, -30.00000000000000000 ) ) ;
#1144 = FACE_BOUND ( 'NONE', #633, .T. ) ;
#1145 = AXIS2_PLACEMENT_3D ( 'NONE', #75, #1165, #973 ) ;
#1146 = VECTOR ( 'NONE', #1036, 1000.000000000000000 ) ;
#1147 = VERTEX_POINT ( 'NONE', #1455 ) ;
#1148 = VECTOR ( 'NONE', #1537, 1000.000000000000000 ) ;
#1149 = AXIS2_PLACEMENT_3D ( 'NONE', #1431, #1876, #814 ) ;
#1150 = FACE_OUTER_BOUND ( 'NONE', #263, .T. ) ;
#1151 = DIRECTION ( 'NONE',  ( 1.000000000000000000, 0.000000000000000000, 0.000000000000000000 ) ) ;
#1152 = AXIS2_PLACEMENT_3D ( 'NONE', #59, #1571, #1415 ) ;
#1153 = EDGE_LOOP ( 'NONE', ( #412, #837, #148, #1377 ) ) ;
#1154 = AXIS2_PLACEMENT_3D ( 'NONE', #69, #1151, #20 ) ;
#1155 = EDGE_CURVE ( 'NONE', #495, #31, #134, .T. ) ;
#1156 = CARTESIAN_POINT ( 'NONE',  ( -68.00000000000000000, -36.00000000000000711, 45.00000000000000000 ) ) ;
#1157 = DIRECTION ( 'NONE',  ( -1.000000000000000000, -0.000000000000000000, -0.000000000000000000 ) ) ;
#1158 = VERTEX_POINT ( 'NONE', #710 ) ;
#1159 = CARTESIAN_POINT ( 'NONE',  ( -19.13417161825448787, -30.00000000000000711, -43.44397662556434625 ) ) ;
#1160 = CARTESIAN_POINT ( 'NONE',  ( -68.00000000000000000, -10.71513610622250745, -25.86862691031603134 ) ) ;
#1161 = ORIENTED_EDGE ( 'NONE', *, *, #1911, .F. ) ;
#1162 = ORIENTED_EDGE ( 'NONE', *, *, #1899, .T. ) ;
#1163 = EDGE_CURVE ( 'NONE', #491, #542, #853, .T. ) ;
#1164 = EDGE_CURVE ( 'NONE', #720, #802, #1949, .T. ) ;
#1165 = DIRECTION ( 'NONE',  ( -0.000000000000000000, -1.000000000000000000, -0.000000000000000000 ) ) ;
#1166 = DIRECTION ( 'NONE',  ( 0.000000000000000000, 1.000000000000000000, 0.000000000000000000 ) ) ;
#1167 = CARTESIAN_POINT ( 'NONE',  ( -19.13417161825448787, -20.00000000000000355, -43.44397662556434625 ) ) ;
#1168 = DIRECTION ( 'NONE',  ( -1.000000000000000000, -0.000000000000000000, -0.000000000000000000 ) ) ;
#1169 = ORIENTED_EDGE ( 'NONE', *, *, #1322, .T. ) ;
#1170 = ORIENTED_EDGE ( 'NONE', *, *, #1836, .T. ) ;
#1171 = DIRECTION ( 'NONE',  ( 1.000000000000000000, 0.000000000000000000, 0.000000000000000000 ) ) ;
#1172 = VERTEX_POINT ( 'NONE', #1792 ) ;
#1173 = CARTESIAN_POINT ( 'NONE',  ( -76.00000000000000000, -10.71513610622251100, 23.61862691031603489 ) ) ;
#1174 = EDGE_CURVE ( 'NONE', #1667, #491, #897, .T. ) ;
#1175 = CIRCLE ( 'NONE', #314, 6.000000000000000000 ) ;
#1176 = CIRCLE ( 'NONE', #1835, 2.750000000000002665 ) ;
#1177 = ORIENTED_EDGE ( 'NONE', *, *, #1469, .T. ) ;
#1178 = VECTOR ( 'NONE', #989, 1000.000000000000000 ) ;
#1179 = ORIENTED_EDGE ( 'NONE', *, *, #1184, .F. ) ;
#1180 = CC_DESIGN_APPROVAL ( #1621, ( #355 ) ) ;
#1181 = CARTESIAN_POINT ( 'NONE',  ( -68.00000000000000000, -10.71513610622250745, -25.86862691031603134 ) ) ;
#1182 = DIRECTION ( 'NONE',  ( -0.000000000000000000, -1.000000000000000000, -0.000000000000000000 ) ) ;
#1183 = DIRECTION ( 'NONE',  ( 0.000000000000000000, 0.000000000000000000, 1.000000000000000000 ) ) ;
#1184 = EDGE_CURVE ( 'NONE', #1630, #1172, #1709, .T. ) ;
#1185 = ORIENTED_EDGE ( 'NONE', *, *, #307, .F. ) ;
#1186 = ORIENTED_EDGE ( 'NONE', *, *, #582, .T. ) ;
#1187 = DIRECTION ( 'NONE',  ( -1.000000000000000000, 0.000000000000000000, 0.000000000000000000 ) ) ;
#1188 = CYLINDRICAL_SURFACE ( 'NONE', #1108, 2.750000000000002665 ) ;
#1189 = CARTESIAN_POINT ( 'NONE',  ( -76.00000000000000000, 10.71513610622251633, 25.86862691031603134 ) ) ;
#1190 = ADVANCED_FACE ( 'NONE', ( #1525 ), #777, .F. ) ;
#1191 = CARTESIAN_POINT ( 'NONE',  ( -68.00000000000000000, -36.00000000000000711, 45.00000000000000000 ) ) ;
#1192 = ADVANCED_FACE ( 'NONE', ( #1706 ), #1672, .F. ) ;
#1193 = ORIENTED_EDGE ( 'NONE', *, *, #628, .T. ) ;
#1194 = CARTESIAN_POINT ( 'NONE',  ( -68.00000000000000000, -25.86862691031602779, -10.71513610622251989 ) ) ;
#1195 = DIRECTION ( 'NONE',  ( 0.000000000000000000, 0.000000000000000000, -1.000000000000000000 ) ) ;
#1196 = DIRECTION ( 'NONE',  ( -0.000000000000000000, -1.000000000000000000, -0.000000000000000000 ) ) ;
#1197 = AXIS2_PLACEMENT_3D ( 'NONE', #1679, #344, #651 ) ;
#1198 = VECTOR ( 'NONE', #1072, 1000.000000000000000 ) ;
#1199 = DIRECTION ( 'NONE',  ( -1.000000000000000000, -0.000000000000000000, -0.000000000000000000 ) ) ;
#1200 = CIRCLE ( 'NONE', #350, 2.249999999999998668 ) ;
#1201 = EDGE_LOOP ( 'NONE', ( #1588, #996 ) ) ;
#1202 = CIRCLE ( 'NONE', #1485, 2.249999999999998668 ) ;
#1203 = EDGE_CURVE ( 'NONE', #750, #975, #959, .T. ) ;
#1204 = DIRECTION ( 'NONE',  ( 1.000000000000000000, 0.000000000000000000, 0.000000000000000000 ) ) ;
#1205 = DIRECTION ( 'NONE',  ( 0.000000000000000000, 0.000000000000000000, -1.000000000000000000 ) ) ;
#1206 = DIRECTION ( 'NONE',  ( 0.000000000000000000, 0.000000000000000000, -1.000000000000000000 ) ) ;
#1207 = ORIENTED_EDGE ( 'NONE', *, *, #531, .T. ) ;
#1208 = CIRCLE ( 'NONE', #1642, 2.250000000000000444 ) ;
#1209 = PLANE ( 'NONE',  #821 ) ;
#1210 = CARTESIAN_POINT ( 'NONE',  ( 56.00000000000000000, -20.00000000000000355, -30.00000000000000000 ) ) ;
#1211 = CARTESIAN_POINT ( 'NONE',  ( 0.000000000000000000, -20.00000000000000355, -13.00000000000000000 ) ) ;
#1212 = LINE ( 'NONE', #1057, #416 ) ;
#1213 = VERTEX_POINT ( 'NONE', #1718 ) ;
#1214 = CARTESIAN_POINT ( 'NONE',  ( -19.13417161825447721, -20.00000000000000355, 46.19397662556434625 ) ) ;
#1215 = DIRECTION ( 'NONE',  ( 1.000000000000000000, 0.000000000000000000, 0.000000000000000000 ) ) ;
#1216 = DIRECTION ( 'NONE',  ( -0.000000000000000000, -1.000000000000000000, -0.000000000000000000 ) ) ;
#1217 = ORIENTED_EDGE ( 'NONE', *, *, #1490, .T. ) ;
#1218 = EDGE_CURVE ( 'NONE', #802, #303, #926, .T. ) ;
#1219 = EDGE_CURVE ( 'NONE', #383, #1399, #1230, .T. ) ;
#1220 = DIRECTION ( 'NONE',  ( 0.000000000000000000, 0.000000000000000000, 1.000000000000000000 ) ) ;
#1221 = DIRECTION ( 'NONE',  ( 0.000000000000000000, 0.000000000000000000, -1.000000000000000000 ) ) ;
#1222 = DIRECTION ( 'NONE',  ( 0.000000000000000000, 0.000000000000000000, -1.000000000000000000 ) ) ;
#1223 = ORIENTED_EDGE ( 'NONE', *, *, #494, .F. ) ;
#1224 = ORIENTED_EDGE ( 'NONE', *, *, #1155, .T. ) ;
#1225 = CARTESIAN_POINT ( 'NONE',  ( -76.00000000000000000, -10.71513610622251100, 28.11862691031603134 ) ) ;
#1226 = FACE_OUTER_BOUND ( 'NONE', #1373, .T. ) ;
#1227 = ORIENTED_EDGE ( 'NONE', *, *, #298, .F. ) ;
#1228 = EDGE_CURVE ( 'NONE', #1769, #985, #1684, .T. ) ;
#1229 = DATE_AND_TIME ( #631, #922 ) ;
#1230 = LINE ( 'NONE', #1839, #1802 ) ;
#1231 = ORIENTED_EDGE ( 'NONE', *, *, #1262, .T. ) ;
#1232 = AXIS2_PLACEMENT_3D ( 'NONE', #1275, #1763, #1871 ) ;
#1233 = VECTOR ( 'NONE', #128, 1000.000000000000000 ) ;
#1234 = DIRECTION ( 'NONE',  ( 0.000000000000000000, 0.000000000000000000, -1.000000000000000000 ) ) ;
#1235 = CARTESIAN_POINT ( 'NONE',  ( -73.80000000000001137, 0.000000000000000000, 6.000000000000000000 ) ) ;
#1236 = EDGE_LOOP ( 'NONE', ( #216, #1631 ) ) ;
#1237 = AXIS2_PLACEMENT_3D ( 'NONE', #1249, #1103, #612 ) ;
#1238 = LINE ( 'NONE', #1542, #884 ) ;
#1239 = DIRECTION ( 'NONE',  ( 1.000000000000000000, 0.000000000000000000, 0.000000000000000000 ) ) ;
#1240 = AXIS2_PLACEMENT_3D ( 'NONE', #163, #29, #7 ) ;
#1241 = APPROVAL_PERSON_ORGANIZATION ( #1524, #1448, #938 ) ;
#1242 = EDGE_LOOP ( 'NONE', ( #613, #1224, #817, #1132 ) ) ;
#1243 = EDGE_CURVE ( 'NONE', #1288, #720, #786, .T. ) ;
#1244 = ADVANCED_FACE ( 'NONE', ( #353 ), #964, .F. ) ;
#1245 = PERSON_AND_ORGANIZATION_ROLE ( 'creator' ) ;
#1246 = ORIENTED_EDGE ( 'NONE', *, *, #845, .F. ) ;
#1247 = ORIENTED_EDGE ( 'NONE', *, *, #1076, .T. ) ;
#1248 = DIRECTION ( 'NONE',  ( 0.000000000000000000, 1.000000000000000000, 0.000000000000000000 ) ) ;
#1249 = CARTESIAN_POINT ( 'NONE',  ( -68.00000000000000000, 25.86862691031603134, 10.71513610622251100 ) ) ;
#1250 = ORIENTED_EDGE ( 'NONE', *, *, #1860, .T. ) ;
#1251 = LINE ( 'NONE', #924, #1460 ) ;
#1252 = DIRECTION ( 'NONE',  ( 0.000000000000000000, 0.000000000000000000, 1.000000000000000000 ) ) ;
#1253 = EDGE_LOOP ( 'NONE', ( #1185, #1604, #186, #487 ) ) ;
#1254 = ADVANCED_FACE ( 'NONE', ( #91 ), #827, .F. ) ;
#1255 = DIRECTION ( 'NONE',  ( 0.000000000000000000, 0.000000000000000000, 1.000000000000000000 ) ) ;
#1256 = DIRECTION ( 'NONE',  ( 0.000000000000000000, 0.000000000000000000, 1.000000000000000000 ) ) ;
#1257 = EDGE_LOOP ( 'NONE', ( #34, #1227 ) ) ;
#1258 = VERTEX_POINT ( 'NONE', #1896 ) ;
#1259 = CARTESIAN_POINT ( 'NONE',  ( -68.00000000000000000, 10.71513610622251633, 28.11862691031602779 ) ) ;
#1260 = VECTOR ( 'NONE', #1034, 1000.000000000000000 ) ;
#1261 = ORIENTED_EDGE ( 'NONE', *, *, #847, .T. ) ;
#1262 = EDGE_CURVE ( 'NONE', #1769, #102, #713, .T. ) ;
#1263 = VECTOR ( 'NONE', #571, 1000.000000000000000 ) ;
#1264 = CYLINDRICAL_SURFACE ( 'NONE', #1232, 2.750000000000002665 ) ;
#1265 = DIRECTION ( 'NONE',  ( 0.000000000000000000, 0.000000000000000000, 1.000000000000000000 ) ) ;
#1266 = CIRCLE ( 'NONE', #988, 2.750000000000002665 ) ;
#1267 = ORIENTED_EDGE ( 'NONE', *, *, #496, .F. ) ;
#1268 = VECTOR ( 'NONE', #33, 1000.000000000000000 ) ;
#1269 = VECTOR ( 'NONE', #900, 1000.000000000000000 ) ;
#1270 = LINE ( 'NONE', #661, #1842 ) ;
#1271 = CARTESIAN_POINT ( 'NONE',  ( -68.00000000000000000, 10.71513610622251278, -25.86862691031603134 ) ) ;
#1272 = CARTESIAN_POINT ( 'NONE',  ( -19.13417161825447721, -20.00000000000000355, 48.94397662556435336 ) ) ;
#1273 = EDGE_LOOP ( 'NONE', ( #120, #1794, #301, #1411 ) ) ;
#1274 = CYLINDRICAL_SURFACE ( 'NONE', #991, 2.250000000000000444 ) ;
#1275 = CARTESIAN_POINT ( 'NONE',  ( 19.13417161825450208, -20.00000000000000355, 46.19397662556433204 ) ) ;
#1276 = PLANE ( 'NONE',  #256 ) ;
#1277 = CC_DESIGN_PERSON_AND_ORGANIZATION_ASSIGNMENT ( #164, #1066, ( #355 ) ) ;
#1278 = EDGE_CURVE ( 'NONE', #270, #396, #1777, .T. ) ;
#1279 = CARTESIAN_POINT ( 'NONE',  ( -19.13417161825448787, -20.00000000000000355, -43.44397662556434625 ) ) ;
#1280 = EDGE_CURVE ( 'NONE', #872, #1011, #1200, .T. ) ;
#1281 = LINE ( 'NONE', #1717, #891 ) ;
#1282 = DIRECTION ( 'NONE',  ( 0.000000000000000000, 0.000000000000000000, -1.000000000000000000 ) ) ;
#1283 = DIRECTION ( 'NONE',  ( 0.000000000000000000, 0.000000000000000000, -1.000000000000000000 ) ) ;
#1284 = ORIENTED_EDGE ( 'NONE', *, *, #1140, .F. ) ;
#1285 = DIRECTION ( 'NONE',  ( 0.000000000000000000, -1.000000000000000000, 0.000000000000000000 ) ) ;
#1286 = DIRECTION ( 'NONE',  ( 0.000000000000000000, 1.000000000000000000, 0.000000000000000000 ) ) ;
#1287 = CARTESIAN_POINT ( 'NONE',  ( -68.00000000000000000, -25.86862691031603134, 10.71513610622250745 ) ) ;
#1288 = VERTEX_POINT ( 'NONE', #1450 ) ;
#1289 = DIRECTION ( 'NONE',  ( 0.000000000000000000, 0.000000000000000000, 1.000000000000000000 ) ) ;
#1290 = VERTEX_POINT ( 'NONE', #1877 ) ;
#1291 = ADVANCED_FACE ( 'NONE', ( #1760 ), #1886, .F. ) ;
#1292 = CYLINDRICAL_SURFACE ( 'NONE', #73, 2.250000000000000444 ) ;
#1293 = CARTESIAN_POINT ( 'NONE',  ( -68.00000000000000000, -36.00000000000000711, 45.00000000000000000 ) ) ;
#1294 = ORIENTED_EDGE ( 'NONE', *, *, #122, .T. ) ;
#1295 = VERTEX_POINT ( 'NONE', #1010 ) ;
#1296 = CARTESIAN_POINT ( 'NONE',  ( -19.13417161825447721, -30.00000000000000711, 46.19397662556434625 ) ) ;
#1297 = LINE ( 'NONE', #1905, #1301 ) ;
#1298 = AXIS2_PLACEMENT_3D ( 'NONE', #1789, #1171, #1921 ) ;
#1299 = AXIS2_PLACEMENT_3D ( 'NONE', #1893, #1001, #1864 ) ;
#1300 = LINE ( 'NONE', #1883, #278 ) ;
#1301 = VECTOR ( 'NONE', #1764, 1000.000000000000000 ) ;
#1302 = AXIS2_PLACEMENT_3D ( 'NONE', #393, #1002, #1694 ) ;
#1303 = CARTESIAN_POINT ( 'NONE',  ( 19.13417161825450208, -20.00000000000000355, 43.44397662556433204 ) ) ;
#1304 = EDGE_CURVE ( 'NONE', #392, #470, #576, .T. ) ;
#1305 = ORIENTED_EDGE ( 'NONE', *, *, #1851, .F. ) ;
#1306 = ORIENTED_EDGE ( 'NONE', *, *, #130, .T. ) ;
#1307 = DIRECTION ( 'NONE',  ( -0.000000000000000000, -1.000000000000000000, -0.000000000000000000 ) ) ;
#1308 = CARTESIAN_POINT ( 'NONE',  ( -68.00000000000000000, -20.00000000000000355, -56.00000000000000000 ) ) ;
#1309 = ORIENTED_EDGE ( 'NONE', *, *, #1262, .F. ) ;
#1310 = DIRECTION ( 'NONE',  ( -0.000000000000000000, -1.000000000000000000, -0.000000000000000000 ) ) ;
#1311 = ORIENTED_EDGE ( 'NONE', *, *, #797, .T. ) ;
#1312 = VERTEX_POINT ( 'NONE', #1603 ) ;
#1313 = EDGE_CURVE ( 'NONE', #325, #730, #225, .T. ) ;
#1314 = CARTESIAN_POINT ( 'NONE',  ( -73.80000000000001137, 0.000000000000000000, 0.000000000000000000 ) ) ;
#1315 = ORIENTED_EDGE ( 'NONE', *, *, #1602, .T. ) ;
#1316 = DIRECTION ( 'NONE',  ( 1.000000000000000000, 0.000000000000000000, 0.000000000000000000 ) ) ;
#1317 = ORIENTED_EDGE ( 'NONE', *, *, #1203, .T. ) ;
#1318 = APPROVAL_STATUS ( 'not_yet_approved' ) ;
#1319 = ORIENTED_EDGE ( 'NONE', *, *, #1164, .F. ) ;
#1320 = ORIENTED_EDGE ( 'NONE', *, *, #1040, .T. ) ;
#1321 = DIRECTION ( 'NONE',  ( 0.000000000000000000, 0.000000000000000000, -1.000000000000000000 ) ) ;
#1322 = EDGE_CURVE ( 'NONE', #495, #722, #1052, .T. ) ;
#1323 = CIRCLE ( 'NONE', #788, 2.249999999999998668 ) ;
#1324 = CARTESIAN_POINT ( 'NONE',  ( -68.00000000000000000, -20.00000000000000355, 45.00000000000000000 ) ) ;
#1325 = DIRECTION ( 'NONE',  ( 0.000000000000000000, 1.000000000000000000, 0.000000000000000000 ) ) ;
#1326 = AXIS2_PLACEMENT_3D ( 'NONE', #1568, #1744, #375 ) ;
#1327 = CIRCLE ( 'NONE', #791, 2.249999999999998668 ) ;
#1328 = ORIENTED_EDGE ( 'NONE', *, *, #1228, .F. ) ;
#1329 = AXIS2_PLACEMENT_3D ( 'NONE', #251, #443, #1206 ) ;
#1330 = VECTOR ( 'NONE', #497, 1000.000000000000000 ) ;
#1331 = ORIENTED_EDGE ( 'NONE', *, *, #598, .T. ) ;
#1332 = CARTESIAN_POINT ( 'NONE',  ( -68.00000000000000000, -10.71513610622250745, -28.11862691031603134 ) ) ;
#1333 = DIRECTION ( 'NONE',  ( 0.000000000000000000, 1.000000000000000000, 0.000000000000000000 ) ) ;
#1334 = DIRECTION ( 'NONE',  ( -1.000000000000000000, -0.000000000000000000, -0.000000000000000000 ) ) ;
#1335 = EDGE_CURVE ( 'NONE', #1441, #1833, #1048, .T. ) ;
#1336 = EDGE_CURVE ( 'NONE', #730, #325, #1803, .T. ) ;
#1337 = DIRECTION ( 'NONE',  ( 1.000000000000000000, 0.000000000000000000, 0.000000000000000000 ) ) ;
#1338 = EDGE_LOOP ( 'NONE', ( #1075, #1305 ) ) ;
#1339 = CARTESIAN_POINT ( 'NONE',  ( -68.00000000000000000, 7.347880794884119736E-16, -6.000000000000000000 ) ) ;
#1340 = CARTESIAN_POINT ( 'NONE',  ( -76.00000000000000000, 10.71513610622251633, 28.11862691031602779 ) ) ;
#1341 = DIRECTION ( 'NONE',  ( 0.000000000000000000, 1.000000000000000000, 0.000000000000000000 ) ) ;
#1342 = ORIENTED_EDGE ( 'NONE', *, *, #1590, .F. ) ;
#1343 = EDGE_CURVE ( 'NONE', #50, #1526, #1935, .T. ) ;
#1344 = FACE_OUTER_BOUND ( 'NONE', #1561, .T. ) ;
#1345 = ORIENTED_EDGE ( 'NONE', *, *, #1089, .F. ) ;
#1346 = CARTESIAN_POINT ( 'NONE',  ( -68.00000000000000000, -25.86862691031603134, 10.71513610622250745 ) ) ;
#1347 = CARTESIAN_POINT ( 'NONE',  ( -76.00000000000000000, 0.000000000000000000, 0.000000000000000000 ) ) ;
#1348 = CARTESIAN_POINT ( 'NONE',  ( 46.19397662556434625, -20.00000000000000355, 21.88417161825448432 ) ) ;
#1349 = EDGE_LOOP ( 'NONE', ( #885, #1331, #629, #863 ) ) ;
#1350 = CARTESIAN_POINT ( 'NONE',  ( 30.00000000000000000, -20.00000000000000355, 56.00000000000000000 ) ) ;
#1351 = FACE_OUTER_BOUND ( 'NONE', #395, .T. ) ;
#1352 = AXIS2_PLACEMENT_3D ( 'NONE', #701, #564, #407 ) ;
#1353 = CIRCLE ( 'NONE', #1609, 2.750000000000002665 ) ;
#1354 = PLANE ( 'NONE',  #1119 ) ;
#1355 = APPROVAL_ROLE ( '' ) ;
#1356 = DIRECTION ( 'NONE',  ( 0.000000000000000000, 0.000000000000000000, -1.000000000000000000 ) ) ;
#1357 = EDGE_CURVE ( 'NONE', #1290, #1468, #644, .T. ) ;
#1358 = AXIS2_PLACEMENT_3D ( 'NONE', #342, #322, #1252 ) ;
#1359 = VERTEX_POINT ( 'NONE', #327 ) ;
#1360 = AXIS2_PLACEMENT_3D ( 'NONE', #55, #1869, #666 ) ;
#1361 = CARTESIAN_POINT ( 'NONE',  ( 30.00000000000000000, -30.00000000000000711, -56.00000000000000000 ) ) ;
#1362 = CYLINDRICAL_SURFACE ( 'NONE', #798, 2.250000000000000444 ) ;
#1363 = LINE ( 'NONE', #615, #1675 ) ;
#1364 = VERTEX_POINT ( 'NONE', #932 ) ;
#1365 = CIRCLE ( 'NONE', #1154, 2.249999999999998668 ) ;
#1366 = LINE ( 'NONE', #426, #883 ) ;
#1367 = FACE_OUTER_BOUND ( 'NONE', #88, .T. ) ;
#1368 = EDGE_LOOP ( 'NONE', ( #840, #898, #1540, #906, #145, #265 ) ) ;
#1369 = DIRECTION ( 'NONE',  ( -1.000000000000000000, 0.000000000000000000, -0.000000000000000000 ) ) ;
#1370 = ORIENTED_EDGE ( 'NONE', *, *, #892, .F. ) ;
#1371 = FACE_OUTER_BOUND ( 'NONE', #431, .T. ) ;
#1372 = DIRECTION ( 'NONE',  ( 0.000000000000000000, 0.000000000000000000, -1.000000000000000000 ) ) ;
#1373 = EDGE_LOOP ( 'NONE', ( #1070, #1752, #861, #1031 ) ) ;
#1374 = EDGE_CURVE ( 'NONE', #272, #1441, #453, .T. ) ;
#1375 = DIRECTION ( 'NONE',  ( -1.000000000000000000, -0.000000000000000000, -0.000000000000000000 ) ) ;
#1376 = DIRECTION ( 'NONE',  ( -1.000000000000000000, -0.000000000000000000, -0.000000000000000000 ) ) ;
#1377 = ORIENTED_EDGE ( 'NONE', *, *, #847, .F. ) ;
#1378 = CARTESIAN_POINT ( 'NONE',  ( -46.19397662556434625, -20.00000000000000355, 21.88417161825448787 ) ) ;
#1379 = CALENDAR_DATE ( 2026, 24, 9 ) ;
#1380 = ORIENTED_EDGE ( 'NONE', *, *, #480, .F. ) ;
#1381 = LINE ( 'NONE', #1539, #1053 ) ;
#1382 = CARTESIAN_POINT ( 'NONE',  ( -46.19397662556433914, -20.00000000000000355, -16.38417161825449142 ) ) ;
#1383 = EDGE_LOOP ( 'NONE', ( #1003, #851, #1179, #541 ) ) ;
#1384 = DIRECTION ( 'NONE',  ( 0.000000000000000000, 0.000000000000000000, 1.000000000000000000 ) ) ;
#1385 = CARTESIAN_POINT ( 'NONE',  ( -68.00000000000000000, 10.71513610622251633, 23.61862691031603134 ) ) ;
#1386 = EDGE_CURVE ( 'NONE', #523, #1833, #1363, .T. ) ;
#1387 = EDGE_CURVE ( 'NONE', #750, #1747, #1092, .T. ) ;
#1388 = ORIENTED_EDGE ( 'NONE', *, *, #1754, .F. ) ;
#1389 = VECTOR ( 'NONE', #141, 1000.000000000000000 ) ;
#1390 = DIRECTION ( 'NONE',  ( 0.000000000000000000, 0.000000000000000000, -1.000000000000000000 ) ) ;
#1391 = VECTOR ( 'NONE', #1307, 1000.000000000000000 ) ;
#1392 = ORIENTED_EDGE ( 'NONE', *, *, #1725, .F. ) ;
#1393 = VECTOR ( 'NONE', #588, 1000.000000000000000 ) ;
#1394 = AXIS2_PLACEMENT_3D ( 'NONE', #809, #1409, #1282 ) ;
#1395 = VERTEX_POINT ( 'NONE', #1953 ) ;
#1396 = AXIS2_PLACEMENT_3D ( 'NONE', #901, #942, #169 ) ;
#1397 = LINE ( 'NONE', #638, #103 ) ;
#1398 = DIRECTION ( 'NONE',  ( 1.000000000000000000, -0.000000000000000000, 0.000000000000000000 ) ) ;
#1399 = VERTEX_POINT ( 'NONE', #1235 ) ;
#1400 = EDGE_CURVE ( 'NONE', #82, #1142, #447, .T. ) ;
#1401 = DIRECTION ( 'NONE',  ( 0.000000000000000000, 1.000000000000000000, 0.000000000000000000 ) ) ;
#1402 = ORIENTED_EDGE ( 'NONE', *, *, #1860, .F. ) ;
#1403 = CARTESIAN_POINT ( 'NONE',  ( -68.00000000000000000, 25.86862691031603134, 8.465136106222511003 ) ) ;
#1404 = ORIENTED_EDGE ( 'NONE', *, *, #1685, .T. ) ;
#1405 = DIRECTION ( 'NONE',  ( 0.000000000000000000, 0.000000000000000000, 1.000000000000000000 ) ) ;
#1406 = DIRECTION ( 'NONE',  ( -0.7071067811865475727, 0.000000000000000000, 0.7071067811865475727 ) ) ;
#1407 = EDGE_LOOP ( 'NONE', ( #714, #222, #1162, #987 ) ) ;
#1408 = DIRECTION ( 'NONE',  ( -1.000000000000000000, -0.000000000000000000, -0.000000000000000000 ) ) ;
#1409 = DIRECTION ( 'NONE',  ( -0.000000000000000000, -1.000000000000000000, -0.000000000000000000 ) ) ;
#1410 = ADVANCED_FACE ( 'NONE', ( #841 ), #1274, .F. ) ;
#1411 = ORIENTED_EDGE ( 'NONE', *, *, #360, .F. ) ;
#1412 = DIRECTION ( 'NONE',  ( 0.000000000000000000, 0.000000000000000000, -1.000000000000000000 ) ) ;
#1413 = DIRECTION ( 'NONE',  ( -1.000000000000000000, -0.000000000000000000, -0.000000000000000000 ) ) ;
#1414 = ORIENTED_EDGE ( 'NONE', *, *, #715, .F. ) ;
#1415 = DIRECTION ( 'NONE',  ( 0.000000000000000000, 0.000000000000000000, -1.000000000000000000 ) ) ;
#1416 = CARTESIAN_POINT ( 'NONE',  ( 46.19397662556433914, -30.00000000000000711, -21.88417161825449497 ) ) ;
#1417 = EDGE_LOOP ( 'NONE', ( #1510, #462, #1016, #429 ) ) ;
#1418 = ADVANCED_FACE ( 'NONE', ( #980 ), #1587, .F. ) ;
#1419 = ADVANCED_FACE ( 'NONE', ( #1889 ), #1141, .F. ) ;
#1420 = CIRCLE ( 'NONE', #1900, 2.750000000000002665 ) ;
#1421 = ORIENTED_EDGE ( 'NONE', *, *, #298, .T. ) ;
#1422 = AXIS2_PLACEMENT_3D ( 'NONE', #946, #1376, #639 ) ;
#1423 = ADVANCED_FACE ( 'NONE', ( #1434, #966, #226, #696, #504, #1109, #63, #83, #386, #1697 ), #686, .F. ) ;
#1424 = CARTESIAN_POINT ( 'NONE',  ( -68.00000000000000000, -25.86862691031603134, 12.96513610622250745 ) ) ;
#1425 = CYLINDRICAL_SURFACE ( 'NONE', #1579, 2.749999999999995559 ) ;
#1426 = AXIS2_PLACEMENT_3D ( 'NONE', #80, #1566, #1726 ) ;
#1427 = PRODUCT_DEFINITION_SHAPE ( 'NONE', 'NONE',  #869 ) ;
#1428 = ORIENTED_EDGE ( 'NONE', *, *, #409, .T. ) ;
#1429 = VECTOR ( 'NONE', #1136, 1000.000000000000000 ) ;
#1430 = CC_DESIGN_SECURITY_CLASSIFICATION ( #1936, ( #355 ) ) ;
#1431 = CARTESIAN_POINT ( 'NONE',  ( -19.13417161825448787, -30.00000000000000711, -46.19397662556433914 ) ) ;
#1432 = CARTESIAN_POINT ( 'NONE',  ( 46.19397662556434625, -20.00000000000000355, 19.13417161825448076 ) ) ;
#1433 = ORIENTED_EDGE ( 'NONE', *, *, #664, .F. ) ;
#1434 = FACE_OUTER_BOUND ( 'NONE', #477, .T. ) ;
#1435 = CYLINDRICAL_SURFACE ( 'NONE', #1834, 2.749999999999995559 ) ;
#1436 = FACE_OUTER_BOUND ( 'NONE', #1349, .T. ) ;
#1437 = EDGE_CURVE ( 'NONE', #208, #155, #995, .T. ) ;
#1438 = LINE ( 'NONE', #1907, #1796 ) ;
#1439 = ORIENTED_EDGE ( 'NONE', *, *, #479, .T. ) ;
#1440 = LINE ( 'NONE', #1843, #136 ) ;
#1441 = VERTEX_POINT ( 'NONE', #1100 ) ;
#1442 = LINE ( 'NONE', #551, #1610 ) ;
#1443 = DIRECTION ( 'NONE',  ( -1.000000000000000000, -0.000000000000000000, -0.000000000000000000 ) ) ;
#1444 = EDGE_LOOP ( 'NONE', ( #1879, #1845, #1768, #1012 ) ) ;
#1445 = CARTESIAN_POINT ( 'NONE',  ( 46.19397662556434625, -20.00000000000000355, 19.13417161825448076 ) ) ;
#1446 = DIRECTION ( 'NONE',  ( -1.000000000000000000, 0.000000000000000000, 0.000000000000000000 ) ) ;
#1447 = VERTEX_POINT ( 'NONE', #951 ) ;
#1448 = APPROVAL ( #175, 'UNSPECIFIED' ) ;
#1449 = EDGE_CURVE ( 'NONE', #1786, #1867, #1560, .T. ) ;
#1450 = CARTESIAN_POINT ( 'NONE',  ( 30.00000000000000000, -20.00000000000000355, -56.00000000000000000 ) ) ;
#1451 = ORIENTED_EDGE ( 'NONE', *, *, #807, .T. ) ;
#1452 = ORIENTED_EDGE ( 'NONE', *, *, #1776, .F. ) ;
#1453 = VECTOR ( 'NONE', #1182, 1000.000000000000000 ) ;
#1454 = FACE_OUTER_BOUND ( 'NONE', #1875, .T. ) ;
#1455 = CARTESIAN_POINT ( 'NONE',  ( -76.00000000000000000, -25.86862691031602779, -12.96513610622251989 ) ) ;
#1456 = AXIS2_PLACEMENT_3D ( 'NONE', #782, #475, #764 ) ;
#1457 = ORIENTED_EDGE ( 'NONE', *, *, #561, .T. ) ;
#1458 = DIRECTION ( 'NONE',  ( 0.000000000000000000, -1.000000000000000000, 0.000000000000000000 ) ) ;
#1459 = CIRCLE ( 'NONE', #1673, 2.250000000000000444 ) ;
#1460 = VECTOR ( 'NONE', #1065, 1000.000000000000000 ) ;
#1461 = AXIS2_PLACEMENT_3D ( 'NONE', #1432, #81, #1138 ) ;
#1462 = ORIENTED_EDGE ( 'NONE', *, *, #833, .T. ) ;
#1463 = EDGE_CURVE ( 'NONE', #636, #1399, #418, .T. ) ;
#1464 = ORIENTED_EDGE ( 'NONE', *, *, #62, .F. ) ;
#1465 = CARTESIAN_POINT ( 'NONE',  ( -68.00000000000000000, 0.000000000000000000, 6.000000000000000000 ) ) ;
#1466 = ORIENTED_EDGE ( 'NONE', *, *, #859, .T. ) ;
#1467 = CARTESIAN_POINT ( 'NONE',  ( -46.19397662556434625, -20.00000000000000355, 16.38417161825448076 ) ) ;
#1468 = VERTEX_POINT ( 'NONE', #1720 ) ;
#1469 = EDGE_CURVE ( 'NONE', #649, #1867, #320, .T. ) ;
#1470 = EDGE_LOOP ( 'NONE', ( #979, #1622 ) ) ;
#1471 = DIRECTION ( 'NONE',  ( 1.000000000000000000, 0.000000000000000000, 0.000000000000000000 ) ) ;
#1472 = CARTESIAN_POINT ( 'NONE',  ( 46.19397662556434625, -20.00000000000000355, 19.13417161825448076 ) ) ;
#1473 = CARTESIAN_POINT ( 'NONE',  ( -19.13417161825448787, -20.00000000000000355, -46.19397662556433914 ) ) ;
#1474 =( LENGTH_UNIT ( ) NAMED_UNIT ( * ) SI_UNIT ( .MILLI., .METRE. ) );
#1475 = ORIENTED_EDGE ( 'NONE', *, *, #467, .T. ) ;
#1476 = ORIENTED_EDGE ( 'NONE', *, *, #191, .F. ) ;
#1477 = VERTEX_POINT ( 'NONE', #1303 ) ;
#1478 = EDGE_CURVE ( 'NONE', #567, #102, #100, .T. ) ;
#1479 = DIRECTION ( 'NONE',  ( 1.000000000000000000, 0.000000000000000000, 0.000000000000000000 ) ) ;
#1480 = EDGE_CURVE ( 'NONE', #584, #636, #1270, .T. ) ;
#1481 = CARTESIAN_POINT ( 'NONE',  ( 56.00000000000000000, -20.00000000000000355, 30.00000000000000000 ) ) ;
#1482 = CARTESIAN_POINT ( 'NONE',  ( 1.592040838891559095E-15, -20.00000000000000355, 13.00000000000000000 ) ) ;
#1483 = AXIS2_PLACEMENT_3D ( 'NONE', #408, #1489, #1009 ) ;
#1484 = DIRECTION ( 'NONE',  ( 0.000000000000000000, 1.000000000000000000, 0.000000000000000000 ) ) ;
#1485 = AXIS2_PLACEMENT_3D ( 'NONE', #976, #79, #1759 ) ;
#1486 = ORIENTED_EDGE ( 'NONE', *, *, #1737, .T. ) ;
#1487 = DIRECTION ( 'NONE',  ( 0.000000000000000000, 0.000000000000000000, 1.000000000000000000 ) ) ;
#1488 = DIRECTION ( 'NONE',  ( 0.000000000000000000, -1.000000000000000000, 0.000000000000000000 ) ) ;
#1489 = DIRECTION ( 'NONE',  ( 0.000000000000000000, 1.000000000000000000, 0.000000000000000000 ) ) ;
#1490 = EDGE_CURVE ( 'NONE', #888, #1295, #558, .T. ) ;
#1491 = CARTESIAN_POINT ( 'NONE',  ( -68.00000000000000000, 33.99999999999999289, 45.00000000000000000 ) ) ;
#1492 = ORIENTED_EDGE ( 'NONE', *, *, #1400, .F. ) ;
#1493 = CARTESIAN_POINT ( 'NONE',  ( -46.19397662556433914, -20.00000000000000355, -19.13417161825449497 ) ) ;
#1494 = DIRECTION ( 'NONE',  ( 1.000000000000000000, 0.000000000000000000, 0.000000000000000000 ) ) ;
#1495 = CARTESIAN_POINT ( 'NONE',  ( -19.13417161825448787, -30.00000000000000711, -46.19397662556433914 ) ) ;
#1496 = ORIENTED_EDGE ( 'NONE', *, *, #1228, .T. ) ;
#1497 = CARTESIAN_POINT ( 'NONE',  ( -68.00000000000000000, -30.00000000000000711, 56.00000000000000000 ) ) ;
#1498 = CARTESIAN_POINT ( 'NONE',  ( 30.00000000000000000, -20.00000000000000355, 56.00000000000000000 ) ) ;
#1499 = MECHANICAL_CONTEXT ( 'NONE', #1077, 'mechanical' ) ;
#1500 = EDGE_CURVE ( 'NONE', #856, #1288, #514, .T. ) ;
#1501 = EDGE_CURVE ( 'NONE', #1526, #50, #1748, .T. ) ;
#1502 = DIRECTION ( 'NONE',  ( 0.000000000000000000, -1.000000000000000000, 0.000000000000000000 ) ) ;
#1503 = ORIENTED_EDGE ( 'NONE', *, *, #1500, .T. ) ;
#1504 = CARTESIAN_POINT ( 'NONE',  ( -76.00000000000000000, 25.86862691031603134, 12.96513610622251278 ) ) ;
#1505 = DIRECTION ( 'NONE',  ( 0.000000000000000000, 0.000000000000000000, -1.000000000000000000 ) ) ;
#1506 = DIRECTION ( 'NONE',  ( -1.000000000000000000, -0.000000000000000000, -0.000000000000000000 ) ) ;
#1507 = ORIENTED_EDGE ( 'NONE', *, *, #739, .T. ) ;
#1508 = DIRECTION ( 'NONE',  ( 0.000000000000000000, 0.000000000000000000, 1.000000000000000000 ) ) ;
#1509 = FACE_OUTER_BOUND ( 'NONE', #969, .T. ) ;
#1510 = ORIENTED_EDGE ( 'NONE', *, *, #681, .T. ) ;
#1511 = VECTOR ( 'NONE', #1071, 1000.000000000000000 ) ;
#1512 = AXIS2_PLACEMENT_3D ( 'NONE', #1916, #1341, #1948 ) ;
#1513 = CARTESIAN_POINT ( 'NONE',  ( 0.000000000000000000, -20.00000000000000355, 0.000000000000000000 ) ) ;
#1514 = EDGE_CURVE ( 'NONE', #1447, #255, #478, .T. ) ;
#1515 = ORIENTED_EDGE ( 'NONE', *, *, #1527, .F. ) ;
#1516 = VECTOR ( 'NONE', #544, 1000.000000000000000 ) ;
#1517 = DIRECTION ( 'NONE',  ( 0.000000000000000000, 1.000000000000000000, 0.000000000000000000 ) ) ;
#1518 = ORIENTED_EDGE ( 'NONE', *, *, #1163, .T. ) ;
#1519 = AXIS2_PLACEMENT_3D ( 'NONE', #654, #459, #1658 ) ;
#1520 = FACE_OUTER_BOUND ( 'NONE', #78, .T. ) ;
#1521 = DIRECTION ( 'NONE',  ( 1.000000000000000000, 0.000000000000000000, 0.000000000000000000 ) ) ;
#1522 = EDGE_LOOP ( 'NONE', ( #1392, #379 ) ) ;
#1523 = CARTESIAN_POINT ( 'NONE',  ( -76.00000000000000000, -25.86862691031603134, 10.71513610622250745 ) ) ;
#1524 = PERSON_AND_ORGANIZATION ( #854, #896 ) ;
#1525 = FACE_OUTER_BOUND ( 'NONE', #1951, .T. ) ;
#1526 = VERTEX_POINT ( 'NONE', #1159 ) ;
#1527 = EDGE_CURVE ( 'NONE', #470, #392, #1202, .T. ) ;
#1528 = ADVANCED_FACE ( 'NONE', ( #401 ), #1292, .F. ) ;
#1529 = DIRECTION ( 'NONE',  ( -0.000000000000000000, -1.000000000000000000, -0.000000000000000000 ) ) ;
#1530 = CARTESIAN_POINT ( 'NONE',  ( -76.00000000000000000, -10.71513610622251100, 25.86862691031603134 ) ) ;
#1531 = EDGE_LOOP ( 'NONE', ( #1068, #11 ) ) ;
#1532 = DIRECTION ( 'NONE',  ( -1.000000000000000000, 0.000000000000000000, -0.000000000000000000 ) ) ;
#1533 = FACE_BOUND ( 'NONE', #716, .T. ) ;
#1534 = ORIENTED_EDGE ( 'NONE', *, *, #715, .T. ) ;
#1535 = DIRECTION ( 'NONE',  ( 1.000000000000000000, -0.000000000000000000, -0.000000000000000000 ) ) ;
#1536 = CALENDAR_DATE ( 2026, 24, 9 ) ;
#1537 = DIRECTION ( 'NONE',  ( -1.000000000000000000, -0.000000000000000000, -0.000000000000000000 ) ) ;
#1538 = ORIENTED_EDGE ( 'NONE', *, *, #1018, .F. ) ;
#1539 = CARTESIAN_POINT ( 'NONE',  ( 19.13417161825450208, -20.00000000000000355, 43.44397662556433204 ) ) ;
#1540 = ORIENTED_EDGE ( 'NONE', *, *, #1556, .F. ) ;
#1541 = EDGE_CURVE ( 'NONE', #1867, #649, #796, .T. ) ;
#1542 = CARTESIAN_POINT ( 'NONE',  ( 56.00000000000000000, -20.00000000000000355, 30.00000000000000000 ) ) ;
#1543 = CARTESIAN_POINT ( 'NONE',  ( -68.00000000000000000, -10.71513610622250745, -23.61862691031603489 ) ) ;
#1544 = EDGE_CURVE ( 'NONE', #708, #1841, #1281, .T. ) ;
#1545 = ORIENTED_EDGE ( 'NONE', *, *, #845, .T. ) ;
#1546 = CARTESIAN_POINT ( 'NONE',  ( 30.00000000000000000, -20.00000000000000355, -56.00000000000000000 ) ) ;
#1547 = CIRCLE ( 'NONE', #543, 2.750000000000002665 ) ;
#1548 = DATE_TIME_ROLE ( 'creation_date' ) ;
#1549 = ORIENTED_EDGE ( 'NONE', *, *, #1437, .F. ) ;
#1550 = VECTOR ( 'NONE', #1310, 1000.000000000000000 ) ;
#1551 = AXIS2_PLACEMENT_3D ( 'NONE', #760, #1829, #749 ) ;
#1552 = DIRECTION ( 'NONE',  ( 0.000000000000000000, 0.000000000000000000, 1.000000000000000000 ) ) ;
#1553 = DIRECTION ( 'NONE',  ( 0.000000000000000000, -1.000000000000000000, 0.000000000000000000 ) ) ;
#1554 = AXIS2_PLACEMENT_3D ( 'NONE', #299, #1629, #276 ) ;
#1555 = ORIENTED_EDGE ( 'NONE', *, *, #1822, .F. ) ;
#1556 = EDGE_CURVE ( 'NONE', #567, #1033, #1885, .T. ) ;
#1557 = DIRECTION ( 'NONE',  ( 0.000000000000000000, 0.000000000000000000, 1.000000000000000000 ) ) ;
#1558 = VERTEX_POINT ( 'NONE', #233 ) ;
#1559 = ADVANCED_BREP_SHAPE_REPRESENTATION ( 'JX1_HipRollBracket_L', ( #1112, #1554 ), #323 ) ;
#1560 = LINE ( 'NONE', #1403, #1778 ) ;
#1561 = EDGE_LOOP ( 'NONE', ( #877, #318, #1439, #653 ) ) ;
#1562 = CARTESIAN_POINT ( 'NONE',  ( -68.00000000000000000, 33.99999999999999289, 45.00000000000000000 ) ) ;
#1563 = FACE_BOUND ( 'NONE', #559, .T. ) ;
#1564 = ORIENTED_EDGE ( 'NONE', *, *, #871, .T. ) ;
#1565 = EDGE_CURVE ( 'NONE', #127, #649, #1734, .T. ) ;
#1566 = DIRECTION ( 'NONE',  ( 1.000000000000000000, -0.000000000000000000, 0.000000000000000000 ) ) ;
#1567 = ORIENTED_EDGE ( 'NONE', *, *, #1164, .T. ) ;
#1568 = CARTESIAN_POINT ( 'NONE',  ( 46.19397662556434625, -20.00000000000000355, 19.13417161825448076 ) ) ;
#1569 = CARTESIAN_POINT ( 'NONE',  ( -46.19397662556434625, -30.00000000000000711, 21.88417161825448787 ) ) ;
#1570 = ORIENTED_EDGE ( 'NONE', *, *, #655, .F. ) ;
#1571 = DIRECTION ( 'NONE',  ( 1.000000000000000000, 0.000000000000000000, 0.000000000000000000 ) ) ;
#1572 = CARTESIAN_POINT ( 'NONE',  ( -68.00000000000000000, 25.86862691031603134, 8.465136106222511003 ) ) ;
#1573 = ORIENTED_EDGE ( 'NONE', *, *, #1920, .T. ) ;
#1574 = ADVANCED_FACE ( 'NONE', ( #1594, #1150 ), #1750, .F. ) ;
#1575 = CARTESIAN_POINT ( 'NONE',  ( 19.13417161825450208, -20.00000000000000355, 46.19397662556433204 ) ) ;
#1576 = VECTOR ( 'NONE', #1577, 1000.000000000000000 ) ;
#1577 = DIRECTION ( 'NONE',  ( -1.000000000000000000, -0.000000000000000000, -0.000000000000000000 ) ) ;
#1578 = CARTESIAN_POINT ( 'NONE',  ( -46.19397662556433914, -20.00000000000000355, -21.88417161825449853 ) ) ;
#1579 = AXIS2_PLACEMENT_3D ( 'NONE', #956, #1713, #202 ) ;
#1580 = ORIENTED_EDGE ( 'NONE', *, *, #283, .T. ) ;
#1581 = AXIS2_PLACEMENT_3D ( 'NONE', #1523, #646, #1222 ) ;
#1582 = ORIENTED_EDGE ( 'NONE', *, *, #1478, .F. ) ;
#1583 = LOCAL_TIME ( 11, 7, 40.00000000000000000, #493 ) ;
#1584 = DIRECTION ( 'NONE',  ( 0.000000000000000000, 0.000000000000000000, -1.000000000000000000 ) ) ;
#1585 = DIRECTION ( 'NONE',  ( 0.000000000000000000, 1.000000000000000000, 0.000000000000000000 ) ) ;
#1586 = EDGE_LOOP ( 'NONE', ( #929, #1805 ) ) ;
#1587 = CYLINDRICAL_SURFACE ( 'NONE', #961, 2.750000000000002665 ) ;
#1588 = ORIENTED_EDGE ( 'NONE', *, *, #681, .F. ) ;
#1589 = APPROVAL ( #1318, 'UNSPECIFIED' ) ;
#1590 = EDGE_CURVE ( 'NONE', #82, #14, #1086, .T. ) ;
#1591 = LINE ( 'NONE', #1143, #1705 ) ;
#1592 = CARTESIAN_POINT ( 'NONE',  ( -76.00000000000000000, 33.99999999999999289, 45.00000000000000000 ) ) ;
#1593 = EDGE_LOOP ( 'NONE', ( #170, #1888 ) ) ;
#1594 = FACE_BOUND ( 'NONE', #1531, .T. ) ;
#1595 = CARTESIAN_POINT ( 'NONE',  ( -68.00000000000000000, 33.99999999999999289, 45.00000000000000000 ) ) ;
#1596 = ORIENTED_EDGE ( 'NONE', *, *, #287, .T. ) ;
#1597 = ORIENTED_EDGE ( 'NONE', *, *, #152, .F. ) ;
#1598 = DIRECTION ( 'NONE',  ( 0.000000000000000000, 0.000000000000000000, 1.000000000000000000 ) ) ;
#1599 = LINE ( 'NONE', #555, #919 ) ;
#1600 = LINE ( 'NONE', #1167, #1666 ) ;
#1601 = CARTESIAN_POINT ( 'NONE',  ( -68.00000000000000000, 33.99999999999999289, -40.00000000000000000 ) ) ;
#1602 = EDGE_CURVE ( 'NONE', #687, #1359, #578, .T. ) ;
#1603 = CARTESIAN_POINT ( 'NONE',  ( -73.80000000000001137, 2.712592660111387239E-15, -22.14999999999999858 ) ) ;
#1604 = ORIENTED_EDGE ( 'NONE', *, *, #62, .T. ) ;
#1605 = ORIENTED_EDGE ( 'NONE', *, *, #324, .T. ) ;
#1606 = AXIS2_PLACEMENT_3D ( 'NONE', #1820, #1552, #1094 ) ;
#1607 = DIRECTION ( 'NONE',  ( -0.000000000000000000, -1.000000000000000000, -0.000000000000000000 ) ) ;
#1608 = DIRECTION ( 'NONE',  ( 1.000000000000000000, 0.000000000000000000, 0.000000000000000000 ) ) ;
#1609 = AXIS2_PLACEMENT_3D ( 'NONE', #1296, #554, #1913 ) ;
#1610 = VECTOR ( 'NONE', #1623, 1000.000000000000000 ) ;
#1611 = DIRECTION ( 'NONE',  ( -0.000000000000000000, -0.000000000000000000, -1.000000000000000000 ) ) ;
#1612 = LINE ( 'NONE', #1785, #1146 ) ;
#1613 = CIRCLE ( 'NONE', #765, 2.249999999999998668 ) ;
#1614 = EDGE_CURVE ( 'NONE', #823, #1702, #736, .T. ) ;
#1615 = CIRCLE ( 'NONE', #391, 2.750000000000002665 ) ;
#1616 = ORIENTED_EDGE ( 'NONE', *, *, #1336, .F. ) ;
#1617 = ORIENTED_EDGE ( 'NONE', *, *, #228, .F. ) ;
#1618 = LINE ( 'NONE', #1633, #439 ) ;
#1619 = FACE_OUTER_BOUND ( 'NONE', #105, .T. ) ;
#1620 = LINE ( 'NONE', #268, #703 ) ;
#1621 = APPROVAL ( #913, 'UNSPECIFIED' ) ;
#1622 = ORIENTED_EDGE ( 'NONE', *, *, #1687, .T. ) ;
#1623 = DIRECTION ( 'NONE',  ( -1.000000000000000000, -0.000000000000000000, -0.000000000000000000 ) ) ;
#1624 = EDGE_CURVE ( 'NONE', #1656, #1747, #45, .T. ) ;
#1625 = VERTEX_POINT ( 'NONE', #753 ) ;
#1626 = DIRECTION ( 'NONE',  ( -1.000000000000000000, -0.000000000000000000, -0.000000000000000000 ) ) ;
#1627 = LINE ( 'NONE', #1798, #1389 ) ;
#1628 = LINE ( 'NONE', #1467, #1550 ) ;
#1629 = DIRECTION ( 'NONE',  ( 0.000000000000000000, 0.000000000000000000, 1.000000000000000000 ) ) ;
#1630 = VERTEX_POINT ( 'NONE', #937 ) ;
#1631 = ORIENTED_EDGE ( 'NONE', *, *, #1335, .T. ) ;
#1632 = ADVANCED_FACE ( 'NONE', ( #1849 ), #174, .T. ) ;
#1633 = CARTESIAN_POINT ( 'NONE',  ( -68.00000000000000000, -20.00000000000000355, 56.00000000000000000 ) ) ;
#1634 = VECTOR ( 'NONE', #1636, 1000.000000000000114 ) ;
#1635 = AXIS2_PLACEMENT_3D ( 'NONE', #658, #626, #1255 ) ;
#1636 = DIRECTION ( 'NONE',  ( 0.7071067811865474617, -0.000000000000000000, -0.7071067811865474617 ) ) ;
#1637 = DIRECTION ( 'NONE',  ( 0.000000000000000000, 0.000000000000000000, -1.000000000000000000 ) ) ;
#1638 = AXIS2_PLACEMENT_3D ( 'NONE', #1214, #463, #1662 ) ;
#1639 = AXIS2_PLACEMENT_3D ( 'NONE', #1271, #533, #402 ) ;
#1640 = AXIS2_PLACEMENT_3D ( 'NONE', #205, #808, #1584 ) ;
#1641 = CYLINDRICAL_SURFACE ( 'NONE', #734, 2.249999999999998668 ) ;
#1642 = AXIS2_PLACEMENT_3D ( 'NONE', #394, #931, #1283 ) ;
#1643 = EDGE_LOOP ( 'NONE', ( #878, #1123, #354, #1246 ) ) ;
#1644 = LINE ( 'NONE', #601, #223 ) ;
#1645 = EDGE_CURVE ( 'NONE', #1172, #1630, #1906, .T. ) ;
#1646 = DIRECTION ( 'NONE',  ( 0.000000000000000000, 0.000000000000000000, -1.000000000000000000 ) ) ;
#1647 = FACE_OUTER_BOUND ( 'NONE', #485, .T. ) ;
#1648 = ORIENTED_EDGE ( 'NONE', *, *, #440, .T. ) ;
#1649 = CARTESIAN_POINT ( 'NONE',  ( -46.19397662556433914, -20.00000000000000355, -19.13417161825449497 ) ) ;
#1650 = DIRECTION ( 'NONE',  ( -0.000000000000000000, -1.000000000000000000, -0.000000000000000000 ) ) ;
#1651 = ORIENTED_EDGE ( 'NONE', *, *, #770, .T. ) ;
#1652 = DIRECTION ( 'NONE',  ( -1.000000000000000000, -0.000000000000000000, -0.000000000000000000 ) ) ;
#1653 = ORIENTED_EDGE ( 'NONE', *, *, #1374, .T. ) ;
#1654 = DIRECTION ( 'NONE',  ( -1.000000000000000000, -0.000000000000000000, -0.000000000000000000 ) ) ;
#1655 = FACE_BOUND ( 'NONE', #870, .T. ) ;
#1656 = VERTEX_POINT ( 'NONE', #502 ) ;
#1657 = EDGE_CURVE ( 'NONE', #1213, #93, #1682, .T. ) ;
#1658 = DIRECTION ( 'NONE',  ( 0.000000000000000000, 0.000000000000000000, 1.000000000000000000 ) ) ;
#1659 = PERSON_AND_ORGANIZATION_ROLE ( 'classification_officer' ) ;
#1660 = CARTESIAN_POINT ( 'NONE',  ( 19.13417161825450208, -20.00000000000000355, 46.19397662556433204 ) ) ;
#1661 = ORIENTED_EDGE ( 'NONE', *, *, #1304, .T. ) ;
#1662 = DIRECTION ( 'NONE',  ( 0.000000000000000000, 0.000000000000000000, -1.000000000000000000 ) ) ;
#1663 = EDGE_LOOP ( 'NONE', ( #682, #1193, #1058, #1135 ) ) ;
#1664 = FACE_OUTER_BOUND ( 'NONE', #620, .T. ) ;
#1665 = DIRECTION ( 'NONE',  ( 0.000000000000000000, 0.000000000000000000, 1.000000000000000000 ) ) ;
#1666 = VECTOR ( 'NONE', #259, 1000.000000000000000 ) ;
#1667 = VERTEX_POINT ( 'NONE', #610 ) ;
#1668 = CIRCLE ( 'NONE', #347, 2.250000000000000444 ) ;
#1669 = ADVANCED_FACE ( 'NONE', ( #785 ), #468, .F. ) ;
#1670 = AXIS2_PLACEMENT_3D ( 'NONE', #619, #1095, #1221 ) ;
#1671 = DIRECTION ( 'NONE',  ( -0.000000000000000000, -1.000000000000000000, -0.000000000000000000 ) ) ;
#1672 = CYLINDRICAL_SURFACE ( 'NONE', #762, 2.750000000000002665 ) ;
#1673 = AXIS2_PLACEMENT_3D ( 'NONE', #300, #1608, #279 ) ;
#1674 = ORIENTED_EDGE ( 'NONE', *, *, #1787, .F. ) ;
#1675 = VECTOR ( 'NONE', #1216, 1000.000000000000000 ) ;
#1676 = DIRECTION ( 'NONE',  ( 0.000000000000000000, 1.000000000000000000, 0.000000000000000000 ) ) ;
#1677 = ORIENTED_EDGE ( 'NONE', *, *, #1556, .T. ) ;
#1678 = CIRCLE ( 'NONE', #421, 2.750000000000002665 ) ;
#1679 = CARTESIAN_POINT ( 'NONE',  ( -19.13417161825447721, -20.00000000000000355, 46.19397662556434625 ) ) ;
#1680 = FACE_BOUND ( 'NONE', #677, .T. ) ;
#1681 = EDGE_LOOP ( 'NONE', ( #1617, #372 ) ) ;
#1682 = LINE ( 'NONE', #1858, #197 ) ;
#1683 = DATE_AND_TIME ( #1379, #864 ) ;
#1684 = LINE ( 'NONE', #939, #1148 ) ;
#1685 = EDGE_CURVE ( 'NONE', #872, #392, #1251, .T. ) ;
#1686 = VERTEX_POINT ( 'NONE', #1378 ) ;
#1687 = EDGE_CURVE ( 'NONE', #1898, #14, #1711, .T. ) ;
#1688 = DIRECTION ( 'NONE',  ( 0.000000000000000000, 0.000000000000000000, -1.000000000000000000 ) ) ;
#1689 = CARTESIAN_POINT ( 'NONE',  ( 19.13417161825449497, -20.00000000000000355, -46.19397662556433914 ) ) ;
#1690 = VERTEX_POINT ( 'NONE', #776 ) ;
#1691 = DIRECTION ( 'NONE',  ( -0.000000000000000000, -1.000000000000000000, -0.000000000000000000 ) ) ;
#1692 = CARTESIAN_POINT ( 'NONE',  ( -76.00000000000000000, 33.99999999999999289, 45.00000000000000000 ) ) ;
#1693 = EDGE_LOOP ( 'NONE', ( #795, #1267 ) ) ;
#1694 = DIRECTION ( 'NONE',  ( 0.000000000000000000, 0.000000000000000000, -1.000000000000000000 ) ) ;
#1695 = APPROVAL_DATE_TIME ( #1814, #1621 ) ;
#1696 = VERTEX_POINT ( 'NONE', #184 ) ;
#1697 = FACE_BOUND ( 'NONE', #1681, .T. ) ;
#1698 = ORIENTED_EDGE ( 'NONE', *, *, #167, .F. ) ;
#1699 = ADVANCED_FACE ( 'NONE', ( #1704 ), #1354, .F. ) ;
#1700 = CARTESIAN_POINT ( 'NONE',  ( -68.00000000000000000, -25.86862691031602779, -10.71513610622251989 ) ) ;
#1701 = FACE_BOUND ( 'NONE', #209, .T. ) ;
#1702 = VERTEX_POINT ( 'NONE', #1211 ) ;
#1703 = CIRCLE ( 'NONE', #411, 2.750000000000002665 ) ;
#1704 = FACE_OUTER_BOUND ( 'NONE', #403, .T. ) ;
#1705 = VECTOR ( 'NONE', #96, 1000.000000000000000 ) ;
#1706 = FACE_OUTER_BOUND ( 'NONE', #933, .T. ) ;
#1707 = ORIENTED_EDGE ( 'NONE', *, *, #1544, .F. ) ;
#1708 = CIRCLE ( 'NONE', #917, 22.14999999999999858 ) ;
#1709 = CIRCLE ( 'NONE', #43, 13.00000000000000000 ) ;
#1710 = EDGE_LOOP ( 'NONE', ( #552, #599 ) ) ;
#1711 = CIRCLE ( 'NONE', #6, 2.749999999999995559 ) ;
#1712 = CARTESIAN_POINT ( 'NONE',  ( 19.13417161825449497, -30.00000000000000711, -46.19397662556433914 ) ) ;
#1713 = DIRECTION ( 'NONE',  ( -0.000000000000000000, -1.000000000000000000, -0.000000000000000000 ) ) ;
#1714 = CIRCLE ( 'NONE', #1749, 2.250000000000000444 ) ;
#1715 = EDGE_CURVE ( 'NONE', #1288, #656, #1097, .T. ) ;
#1716 = EDGE_LOOP ( 'NONE', ( #1098, #1475, #1402, #1096 ) ) ;
#1717 = CARTESIAN_POINT ( 'NONE',  ( 46.19397662556433914, -20.00000000000000355, -21.88417161825449497 ) ) ;
#1718 = CARTESIAN_POINT ( 'NONE',  ( -68.00000000000000000, -30.00000000000000711, 56.00000000000000000 ) ) ;
#1719 = ORIENTED_EDGE ( 'NONE', *, *, #282, .F. ) ;
#1720 = CARTESIAN_POINT ( 'NONE',  ( 19.13417161825450208, -30.00000000000000711, 48.94397662556433914 ) ) ;
#1721 = ORIENTED_EDGE ( 'NONE', *, *, #1387, .F. ) ;
#1722 = DIRECTION ( 'NONE',  ( 0.000000000000000000, 0.000000000000000000, -1.000000000000000000 ) ) ;
#1723 = CARTESIAN_POINT ( 'NONE',  ( 56.00000000000000000, -20.00000000000000355, -30.00000000000000000 ) ) ;
#1724 = ORIENTED_EDGE ( 'NONE', *, *, #1544, .T. ) ;
#1725 = EDGE_CURVE ( 'NONE', #31, #495, #1613, .T. ) ;
#1726 = DIRECTION ( 'NONE',  ( 0.000000000000000000, 0.000000000000000000, -1.000000000000000000 ) ) ;
#1727 = LINE ( 'NONE', #1272, #553 ) ;
#1728 = ORIENTED_EDGE ( 'NONE', *, *, #1851, .T. ) ;
#1729 = DIRECTION ( 'NONE',  ( 0.000000000000000000, 0.000000000000000000, 1.000000000000000000 ) ) ;
#1730 = ORIENTED_EDGE ( 'NONE', *, *, #12, .F. ) ;
#1731 = DIRECTION ( 'NONE',  ( 0.000000000000000000, 0.000000000000000000, -1.000000000000000000 ) ) ;
#1732 = DIRECTION ( 'NONE',  ( -0.000000000000000000, -1.000000000000000000, -0.000000000000000000 ) ) ;
#1733 = ORIENTED_EDGE ( 'NONE', *, *, #1463, .F. ) ;
#1734 = LINE ( 'NONE', #381, #1178 ) ;
#1735 = DIRECTION ( 'NONE',  ( 1.000000000000000000, 0.000000000000000000, 0.000000000000000000 ) ) ;
#1736 = FACE_OUTER_BOUND ( 'NONE', #678, .T. ) ;
#1737 = EDGE_CURVE ( 'NONE', #1686, #501, #1870, .T. ) ;
#1738 = ORIENTED_EDGE ( 'NONE', *, *, #506, .F. ) ;
#1739 = EDGE_CURVE ( 'NONE', #151, #1854, #308, .T. ) ;
#1740 = AXIS2_PLACEMENT_3D ( 'NONE', #528, #709, #1598 ) ;
#1741 = DIRECTION ( 'NONE',  ( 0.000000000000000000, -0.000000000000000000, -1.000000000000000000 ) ) ;
#1742 = CIRCLE ( 'NONE', #1483, 2.750000000000002665 ) ;
#1743 = AXIS2_PLACEMENT_3D ( 'NONE', #1601, #1458, #111 ) ;
#1744 = DIRECTION ( 'NONE',  ( 0.000000000000000000, 1.000000000000000000, 0.000000000000000000 ) ) ;
#1745 = FACE_OUTER_BOUND ( 'NONE', #1444, .T. ) ;
#1746 = AXIS2_PLACEMENT_3D ( 'NONE', #1287, #76, #680 ) ;
#1747 = VERTEX_POINT ( 'NONE', #490 ) ;
#1748 = CIRCLE ( 'NONE', #1149, 2.749999999999995559 ) ;
#1749 = AXIS2_PLACEMENT_3D ( 'NONE', #534, #525, #1234 ) ;
#1750 = PLANE ( 'NONE',  #1302 ) ;
#1751 = CARTESIAN_POINT ( 'NONE',  ( -46.19397662556433914, -20.00000000000000355, -19.13417161825449497 ) ) ;
#1752 = ORIENTED_EDGE ( 'NONE', *, *, #859, .F. ) ;
#1753 = EDGE_LOOP ( 'NONE', ( #1816, #1345 ) ) ;
#1754 = EDGE_CURVE ( 'NONE', #656, #802, #836, .T. ) ;
#1755 = CARTESIAN_POINT ( 'NONE',  ( 46.19397662556433914, -30.00000000000000711, -19.13417161825449142 ) ) ;
#1756 = DIRECTION ( 'NONE',  ( -0.000000000000000000, -1.000000000000000000, -0.000000000000000000 ) ) ;
#1757 = ORIENTED_EDGE ( 'NONE', *, *, #1754, .T. ) ;
#1758 = CARTESIAN_POINT ( 'NONE',  ( -19.13417161825448787, -20.00000000000000355, -48.94397662556433914 ) ) ;
#1759 = DIRECTION ( 'NONE',  ( 0.000000000000000000, 0.000000000000000000, -1.000000000000000000 ) ) ;
#1760 = FACE_OUTER_BOUND ( 'NONE', #1242, .T. ) ;
#1761 = ORIENTED_EDGE ( 'NONE', *, *, #409, .F. ) ;
#1762 = ORIENTED_EDGE ( 'NONE', *, *, #1657, .F. ) ;
#1763 = DIRECTION ( 'NONE',  ( -0.000000000000000000, -1.000000000000000000, -0.000000000000000000 ) ) ;
#1764 = DIRECTION ( 'NONE',  ( -0.000000000000000000, -1.000000000000000000, -0.000000000000000000 ) ) ;
#1765 = EDGE_CURVE ( 'NONE', #396, #270, #112, .T. ) ;
#1766 = ORIENTED_EDGE ( 'NONE', *, *, #283, .F. ) ;
#1767 = PLANE ( 'NONE',  #1743 ) ;
#1768 = ORIENTED_EDGE ( 'NONE', *, *, #1565, .T. ) ;
#1769 = VERTEX_POINT ( 'NONE', #147 ) ;
#1770 = CARTESIAN_POINT ( 'NONE',  ( -68.00000000000000000, -20.00000000000000355, -40.00000000000000000 ) ) ;
#1771 = AXIS2_PLACEMENT_3D ( 'NONE', #1445, #1286, #819 ) ;
#1772 = VECTOR ( 'NONE', #1665, 1000.000000000000000 ) ;
#1773 = DIRECTION ( 'NONE',  ( 0.7071067811865474617, -0.000000000000000000, -0.7071067811865474617 ) ) ;
#1774 = CARTESIAN_POINT ( 'NONE',  ( 19.13417161825450208, -20.00000000000000355, 48.94397662556433914 ) ) ;
#1775 = EDGE_CURVE ( 'NONE', #1312, #1364, #1873, .T. ) ;
#1776 = EDGE_CURVE ( 'NONE', #363, #1258, #10, .T. ) ;
#1777 = CIRCLE ( 'NONE', #71, 2.249999999999998668 ) ;
#1778 = VECTOR ( 'NONE', #200, 1000.000000000000000 ) ;
#1779 = ADVANCED_FACE ( 'NONE', ( #157 ), #1362, .F. ) ;
#1780 = LOCAL_TIME ( 11, 7, 40.00000000000000000, #309 ) ;
#1781 = EDGE_LOOP ( 'NONE', ( #915, #566 ) ) ;
#1782 = EDGE_LOOP ( 'NONE', ( #741, #1421, #1404, #1515 ) ) ;
#1783 = CARTESIAN_POINT ( 'NONE',  ( -46.19397662556434625, -20.00000000000000355, 21.88417161825448787 ) ) ;
#1784 = DIRECTION ( 'NONE',  ( 0.000000000000000000, 0.000000000000000000, 1.000000000000000000 ) ) ;
#1785 = CARTESIAN_POINT ( 'NONE',  ( -68.00000000000000000, -30.00000000000000711, 56.00000000000000000 ) ) ;
#1786 = VERTEX_POINT ( 'NONE', #1572 ) ;
#1787 = EDGE_CURVE ( 'NONE', #438, #311, #1727, .T. ) ;
#1788 = EDGE_LOOP ( 'NONE', ( #1573, #232, #203, #940 ) ) ;
#1789 = CARTESIAN_POINT ( 'NONE',  ( -68.00000000000000000, 25.86862691031603134, 10.71513610622251100 ) ) ;
#1790 = LINE ( 'NONE', #751, #1453 ) ;
#1791 = DIRECTION ( 'NONE',  ( 0.000000000000000000, 0.000000000000000000, 1.000000000000000000 ) ) ;
#1792 = CARTESIAN_POINT ( 'NONE',  ( 1.592040838891559095E-15, -30.00000000000000711, 13.00000000000000000 ) ) ;
#1793 = CC_DESIGN_DATE_AND_TIME_ASSIGNMENT ( #469, #925, ( #1936 ) ) ;
#1794 = ORIENTED_EDGE ( 'NONE', *, *, #665, .T. ) ;
#1795 = CARTESIAN_POINT ( 'NONE',  ( -68.00000000000000000, -25.86862691031602779, -10.71513610622251989 ) ) ;
#1796 = VECTOR ( 'NONE', #399, 1000.000000000000000 ) ;
#1797 = CIRCLE ( 'NONE', #1866, 2.250000000000000444 ) ;
#1798 = CARTESIAN_POINT ( 'NONE',  ( 30.00000000000000000, -20.00000000000000355, 56.00000000000000000 ) ) ;
#1799 = LINE ( 'NONE', #446, #1772 ) ;
#1800 =( NAMED_UNIT ( * ) PLANE_ANGLE_UNIT ( ) SI_UNIT ( $, .RADIAN. ) );
#1801 = AXIS2_PLACEMENT_3D ( 'NONE', #1649, #89, #1289 ) ;
#1802 = VECTOR ( 'NONE', #1088, 1000.000000000000000 ) ;
#1803 = CIRCLE ( 'NONE', #258, 2.249999999999998668 ) ;
#1804 = DIRECTION ( 'NONE',  ( -0.000000000000000000, -1.000000000000000000, -0.000000000000000000 ) ) ;
#1805 = ORIENTED_EDGE ( 'NONE', *, *, #569, .F. ) ;
#1806 = DIRECTION ( 'NONE',  ( -1.000000000000000000, -0.000000000000000000, -0.000000000000000000 ) ) ;
#1807 = CARTESIAN_POINT ( 'NONE',  ( -68.00000000000000000, 10.71513610622251278, -28.11862691031602779 ) ) ;
#1808 = ORIENTED_EDGE ( 'NONE', *, *, #1687, .F. ) ;
#1809 = ADVANCED_FACE ( 'NONE', ( #624 ), #326, .F. ) ;
#1810 = LINE ( 'NONE', #728, #1045 ) ;
#1811 = CARTESIAN_POINT ( 'NONE',  ( -76.00000000000000000, 0.000000000000000000, 0.000000000000000000 ) ) ;
#1812 = ORIENTED_EDGE ( 'NONE', *, *, #1076, .F. ) ;
#1813 = DIRECTION ( 'NONE',  ( 0.000000000000000000, 0.000000000000000000, -1.000000000000000000 ) ) ;
#1814 = DATE_AND_TIME ( #8, #1583 ) ;
#1815 = CYLINDRICAL_SURFACE ( 'NONE', #605, 13.00000000000000000 ) ;
#1816 = ORIENTED_EDGE ( 'NONE', *, *, #440, .F. ) ;
#1817 = CYLINDRICAL_SURFACE ( 'NONE', #1638, 2.750000000000002665 ) ;
#1818 = DIRECTION ( 'NONE',  ( 0.000000000000000000, 0.000000000000000000, -1.000000000000000000 ) ) ;
#1819 = ORIENTED_EDGE ( 'NONE', *, *, #1737, .F. ) ;
#1820 = CARTESIAN_POINT ( 'NONE',  ( -68.00000000000000000, -36.00000000000000711, -40.00000000000000000 ) ) ;
#1821 = FACE_BOUND ( 'NONE', #1257, .T. ) ;
#1822 = EDGE_CURVE ( 'NONE', #1690, #1004, #556, .T. ) ;
#1823 = ORIENTED_EDGE ( 'NONE', *, *, #1074, .T. ) ;
#1824 = CARTESIAN_POINT ( 'NONE',  ( -46.19397662556433914, -30.00000000000000711, -19.13417161825449497 ) ) ;
#1825 = CALENDAR_DATE ( 2026, 24, 9 ) ;
#1826 = DIRECTION ( 'NONE',  ( -1.000000000000000000, -0.000000000000000000, -0.000000000000000000 ) ) ;
#1827 = ORIENTED_EDGE ( 'NONE', *, *, #1602, .F. ) ;
#1828 = DIRECTION ( 'NONE',  ( 0.000000000000000000, 0.000000000000000000, 1.000000000000000000 ) ) ;
#1829 = DIRECTION ( 'NONE',  ( 0.000000000000000000, 1.000000000000000000, 0.000000000000000000 ) ) ;
#1830 = ORIENTED_EDGE ( 'NONE', *, *, #1739, .T. ) ;
#1831 = DIRECTION ( 'NONE',  ( 0.000000000000000000, 0.000000000000000000, -1.000000000000000000 ) ) ;
#1832 = PLANE ( 'NONE',  #574 ) ;
#1833 = VERTEX_POINT ( 'NONE', #486 ) ;
#1834 = AXIS2_PLACEMENT_3D ( 'NONE', #1133, #834, #1731 ) ;
#1835 = AXIS2_PLACEMENT_3D ( 'NONE', #125, #1325, #1932 ) ;
#1836 = EDGE_CURVE ( 'NONE', #491, #830, #336, .T. ) ;
#1837 = DIRECTION ( 'NONE',  ( 0.000000000000000000, 1.000000000000000000, 0.000000000000000000 ) ) ;
#1838 = APPROVAL_DATE_TIME ( #1229, #1448 ) ;
#1839 = CARTESIAN_POINT ( 'NONE',  ( -68.00000000000000000, 0.000000000000000000, 6.000000000000000000 ) ) ;
#1840 = AXIS2_PLACEMENT_3D ( 'NONE', #699, #144, #97 ) ;
#1841 = VERTEX_POINT ( 'NONE', #1416 ) ;
#1842 = VECTOR ( 'NONE', #1909, 1000.000000000000000 ) ;
#1843 = CARTESIAN_POINT ( 'NONE',  ( 30.00000000000000000, -30.00000000000000711, -56.00000000000000000 ) ) ;
#1844 = DIRECTION ( 'NONE',  ( 1.000000000000000000, 0.000000000000000000, 0.000000000000000000 ) ) ;
#1845 = ORIENTED_EDGE ( 'NONE', *, *, #152, .T. ) ;
#1846 = CARTESIAN_POINT ( 'NONE',  ( -76.00000000000000000, 25.86862691031603134, -8.465136106222514556 ) ) ;
#1847 = LINE ( 'NONE', #1056, #1079 ) ;
#1848 = EDGE_LOOP ( 'NONE', ( #705, #1207 ) ) ;
#1849 = FACE_OUTER_BOUND ( 'NONE', #1000, .T. ) ;
#1850 = CARTESIAN_POINT ( 'NONE',  ( -68.00000000000000000, 0.000000000000000000, 0.000000000000000000 ) ) ;
#1851 = EDGE_CURVE ( 'NONE', #697, #775, #1208, .T. ) ;
#1852 = ORIENTED_EDGE ( 'NONE', *, *, #324, .F. ) ;
#1853 = CARTESIAN_POINT ( 'NONE',  ( 0.000000000000000000, -20.00000000000000355, 0.000000000000000000 ) ) ;
#1854 = VERTEX_POINT ( 'NONE', #1887 ) ;
#1855 = DIRECTION ( 'NONE',  ( 0.000000000000000000, 1.000000000000000000, 0.000000000000000000 ) ) ;
#1856 = CARTESIAN_POINT ( 'NONE',  ( -68.00000000000000000, -10.71513610622251100, 25.86862691031603134 ) ) ;
#1857 = ORIENTED_EDGE ( 'NONE', *, *, #74, .T. ) ;
#1858 = CARTESIAN_POINT ( 'NONE',  ( 30.00000000000000000, -30.00000000000000711, 56.00000000000000000 ) ) ;
#1859 = ORIENTED_EDGE ( 'NONE', *, *, #24, .F. ) ;
#1860 = EDGE_CURVE ( 'NONE', #255, #1447, #231, .T. ) ;
#1861 = CARTESIAN_POINT ( 'NONE',  ( -19.13417161825447721, -30.00000000000000711, 48.94397662556435336 ) ) ;
#1862 = FACE_OUTER_BOUND ( 'NONE', #114, .T. ) ;
#1863 = ORIENTED_EDGE ( 'NONE', *, *, #598, .F. ) ;
#1864 = DIRECTION ( 'NONE',  ( 0.000000000000000000, 0.000000000000000000, 1.000000000000000000 ) ) ;
#1865 = CIRCLE ( 'NONE', #1015, 2.250000000000000444 ) ;
#1866 = AXIS2_PLACEMENT_3D ( 'NONE', #1051, #1929, #1042 ) ;
#1867 = VERTEX_POINT ( 'NONE', #546 ) ;
#1868 = AXIS2_PLACEMENT_3D ( 'NONE', #1473, #1941, #1791 ) ;
#1869 = DIRECTION ( 'NONE',  ( 1.000000000000000000, 0.000000000000000000, 0.000000000000000000 ) ) ;
#1870 = CIRCLE ( 'NONE', #1519, 2.750000000000002665 ) ;
#1871 = DIRECTION ( 'NONE',  ( 0.000000000000000000, 0.000000000000000000, -1.000000000000000000 ) ) ;
#1872 = LINE ( 'NONE', #1125, #1933 ) ;
#1873 = CIRCLE ( 'NONE', #1120, 22.14999999999999858 ) ;
#1874 = EDGE_CURVE ( 'NONE', #1926, #311, #1678, .T. ) ;
#1875 = EDGE_LOOP ( 'NONE', ( #44, #1247, #187, #1342 ) ) ;
#1876 = DIRECTION ( 'NONE',  ( 0.000000000000000000, 1.000000000000000000, 0.000000000000000000 ) ) ;
#1877 = CARTESIAN_POINT ( 'NONE',  ( 19.13417161825450208, -30.00000000000000711, 43.44397662556433204 ) ) ;
#1878 = PLANE ( 'NONE',  #1908 ) ;
#1879 = ORIENTED_EDGE ( 'NONE', *, *, #1449, .F. ) ;
#1880 = ORIENTED_EDGE ( 'NONE', *, *, #1725, .T. ) ;
#1881 = CARTESIAN_POINT ( 'NONE',  ( -19.13417161825447721, -20.00000000000000355, 48.94397662556435336 ) ) ;
#1882 = CARTESIAN_POINT ( 'NONE',  ( -68.00000000000000000, -10.71513610622250745, -25.86862691031603134 ) ) ;
#1883 = CARTESIAN_POINT ( 'NONE',  ( 56.00000000000000000, -30.00000000000000711, -30.00000000000000000 ) ) ;
#1884 = ADVANCED_FACE ( 'NONE', ( #1371 ), #1878, .F. ) ;
#1885 = LINE ( 'NONE', #683, #1429 ) ;
#1886 = CYLINDRICAL_SURFACE ( 'NONE', #1639, 2.249999999999998668 ) ;
#1887 = CARTESIAN_POINT ( 'NONE',  ( 46.19397662556433914, -30.00000000000000711, -16.38417161825448787 ) ) ;
#1888 = ORIENTED_EDGE ( 'NONE', *, *, #494, .T. ) ;
#1889 = FACE_OUTER_BOUND ( 'NONE', #1643, .T. ) ;
#1890 = FACE_OUTER_BOUND ( 'NONE', #1407, .T. ) ;
#1891 = FACE_BOUND ( 'NONE', #1848, .T. ) ;
#1892 = ORIENTED_EDGE ( 'NONE', *, *, #1219, .T. ) ;
#1893 = CARTESIAN_POINT ( 'NONE',  ( -19.13417161825448787, -20.00000000000000355, -46.19397662556433914 ) ) ;
#1894 = EDGE_CURVE ( 'NONE', #155, #1295, #1365, .T. ) ;
#1895 = DIRECTION ( 'NONE',  ( -1.000000000000000000, -0.000000000000000000, -0.000000000000000000 ) ) ;
#1896 = CARTESIAN_POINT ( 'NONE',  ( -76.00000000000000000, 2.712592660111387239E-15, -22.14999999999999858 ) ) ;
#1897 = DIRECTION ( 'NONE',  ( 0.000000000000000000, 0.000000000000000000, -1.000000000000000000 ) ) ;
#1898 = VERTEX_POINT ( 'NONE', #684 ) ;
#1899 = EDGE_CURVE ( 'NONE', #1477, #1290, #1381, .T. ) ;
#1900 = AXIS2_PLACEMENT_3D ( 'NONE', #1755, #397, #1005 ) ;
#1901 = CIRCLE ( 'NONE', #1930, 2.750000000000002665 ) ;
#1902 = ORIENTED_EDGE ( 'NONE', *, *, #1278, .T. ) ;
#1903 = VECTOR ( 'NONE', #1506, 1000.000000000000000 ) ;
#1904 = CYLINDRICAL_SURFACE ( 'NONE', #952, 2.749999999999995559 ) ;
#1905 = CARTESIAN_POINT ( 'NONE',  ( 1.592040838891559095E-15, -20.00000000000000355, 13.00000000000000000 ) ) ;
#1906 = CIRCLE ( 'NONE', #1050, 13.00000000000000000 ) ;
#1907 = CARTESIAN_POINT ( 'NONE',  ( -68.00000000000000000, 33.99999999999999289, -40.00000000000000000 ) ) ;
#1908 = AXIS2_PLACEMENT_3D ( 'NONE', #168, #771, #32 ) ;
#1909 = DIRECTION ( 'NONE',  ( -1.000000000000000000, -0.000000000000000000, -0.000000000000000000 ) ) ;
#1910 = EDGE_LOOP ( 'NONE', ( #1414, #1698 ) ) ;
#1911 = EDGE_CURVE ( 'NONE', #1696, #438, #1615, .T. ) ;
#1912 = ORIENTED_EDGE ( 'NONE', *, *, #1335, .F. ) ;
#1913 = DIRECTION ( 'NONE',  ( 0.000000000000000000, 0.000000000000000000, 1.000000000000000000 ) ) ;
#1914 = DIRECTION ( 'NONE',  ( 1.000000000000000000, 0.000000000000000000, 0.000000000000000000 ) ) ;
#1915 = ORIENTED_EDGE ( 'NONE', *, *, #250, .F. ) ;
#1916 = CARTESIAN_POINT ( 'NONE',  ( 46.19397662556433914, -30.00000000000000711, -19.13417161825449142 ) ) ;
#1917 = EDGE_LOOP ( 'NONE', ( #1462, #570, #761, #1518 ) ) ;
#1918 = ORIENTED_EDGE ( 'NONE', *, *, #1822, .T. ) ;
#1919 = EDGE_CURVE ( 'NONE', #1625, #1147, #1714, .T. ) ;
#1920 = EDGE_CURVE ( 'NONE', #1558, #656, #1440, .T. ) ;
#1921 = DIRECTION ( 'NONE',  ( 0.000000000000000000, 0.000000000000000000, -1.000000000000000000 ) ) ;
#1922 = ORIENTED_EDGE ( 'NONE', *, *, #506, .T. ) ;
#1923 = CARTESIAN_POINT ( 'NONE',  ( -68.00000000000000000, -25.86862691031602779, -12.96513610622251989 ) ) ;
#1924 = ORIENTED_EDGE ( 'NONE', *, *, #1218, .F. ) ;
#1925 = APPROVAL_ROLE ( '' ) ;
#1926 = VERTEX_POINT ( 'NONE', #1130 ) ;
#1927 = ORIENTED_EDGE ( 'NONE', *, *, #707, .T. ) ;
#1928 = CIRCLE ( 'NONE', #435, 2.750000000000002665 ) ;
#1929 = DIRECTION ( 'NONE',  ( 1.000000000000000000, 0.000000000000000000, 0.000000000000000000 ) ) ;
#1930 = AXIS2_PLACEMENT_3D ( 'NONE', #364, #850, #536 ) ;
#1931 = DIRECTION ( 'NONE',  ( 0.000000000000000000, 1.000000000000000000, 0.000000000000000000 ) ) ;
#1932 = DIRECTION ( 'NONE',  ( 0.000000000000000000, 0.000000000000000000, 1.000000000000000000 ) ) ;
#1933 = VECTOR ( 'NONE', #1732, 1000.000000000000000 ) ;
#1934 = ADVANCED_FACE ( 'NONE', ( #221 ), #828, .F. ) ;
#1935 = CIRCLE ( 'NONE', #1084, 2.749999999999995559 ) ;
#1936 = SECURITY_CLASSIFICATION ( '', '', #768 ) ;
#1937 = ORIENTED_EDGE ( 'NONE', *, *, #1514, .T. ) ;
#1938 = ORIENTED_EDGE ( 'NONE', *, *, #1054, .F. ) ;
#1939 = CARTESIAN_POINT ( 'NONE',  ( -73.80000000000001137, 7.347880794884119736E-16, -6.000000000000000000 ) ) ;
#1940 = DIRECTION ( 'NONE',  ( 0.000000000000000000, 1.000000000000000000, 0.000000000000000000 ) ) ;
#1941 = DIRECTION ( 'NONE',  ( 0.000000000000000000, 1.000000000000000000, 0.000000000000000000 ) ) ;
#1942 = CC_DESIGN_PERSON_AND_ORGANIZATION_ASSIGNMENT ( #262, #868, ( #972 ) ) ;
#1943 = ADVANCED_FACE ( 'NONE', ( #1736 ), #382, .F. ) ;
#1944 = FACE_OUTER_BOUND ( 'NONE', #1917, .T. ) ;
#1945 = EDGE_LOOP ( 'NONE', ( #1111, #1320, #1452, #918 ) ) ;
#1946 = DIRECTION ( 'NONE',  ( 0.000000000000000000, 0.000000000000000000, -1.000000000000000000 ) ) ;
#1947 = DIRECTION ( 'NONE',  ( 0.000000000000000000, 0.000000000000000000, 1.000000000000000000 ) ) ;
#1948 = DIRECTION ( 'NONE',  ( 0.000000000000000000, 0.000000000000000000, 1.000000000000000000 ) ) ;
#1949 = LINE ( 'NONE', #1308, #889 ) ;
#1950 = EDGE_CURVE ( 'NONE', #1696, #1926, #595, .T. ) ;
#1951 = EDGE_LOOP ( 'NONE', ( #876, #936, #1892, #1733 ) ) ;
#1952 = FACE_OUTER_BOUND ( 'NONE', #616, .T. ) ;
#1953 = CARTESIAN_POINT ( 'NONE',  ( -76.00000000000000000, 33.99999999999999289, -40.00000000000000000 ) ) ;
#1954 = VECTOR ( 'NONE', #149, 1000.000000000000000 ) ;
#1955 = ORIENTED_EDGE ( 'NONE', *, *, #86, .F. ) ;
ENDSEC;
END-ISO-10303-21;
