ISO-10303-21;
HEADER;
FILE_DESCRIPTION (( 'STEP AP203' ),
    '1' );
FILE_NAME ('JX1_Pelvis.STEP',
    '2026-09-24T05:38:33',
    ( '' ),
    ( '' ),
    'SwSTEP 2.0',
    'SolidWorks 2026',
    '' );
FILE_SCHEMA (( 'CONFIG_CONTROL_DESIGN' ));
ENDSEC;

DATA;
#1 = CARTESIAN_POINT ( 'NONE',  ( -71.00000000000000000, -135.0000000000000284, 131.0000000000000000 ) ) ;
#2 = ORIENTED_EDGE ( 'NONE', *, *, #1848, .F. ) ;
#3 = CARTESIAN_POINT ( 'NONE',  ( -20.20000000000001705, 67.95706005997578814, 137.0000000000000000 ) ) ;
#4 = EDGE_LOOP ( 'NONE', ( #2990, #1375, #1291, #2651 ) ) ;
#5 = AXIS2_PLACEMENT_3D ( 'NONE', #1757, #1838, #1125 ) ;
#6 = EDGE_CURVE ( 'NONE', #2426, #2244, #1260, .T. ) ;
#7 = VECTOR ( 'NONE', #1149, 1000.000000000000000 ) ;
#8 = VECTOR ( 'NONE', #2117, 1000.000000000000000 ) ;
#9 = EDGE_CURVE ( 'NONE', #1151, #1716, #2196, .T. ) ;
#10 = CIRCLE ( 'NONE', #1753, 1.700000000000000178 ) ;
#11 = ORIENTED_EDGE ( 'NONE', *, *, #2825, .F. ) ;
#12 = CARTESIAN_POINT ( 'NONE',  ( 0.000000000000000000, 0.000000000000000000, 131.0000000000000000 ) ) ;
#13 = ORIENTED_EDGE ( 'NONE', *, *, #1245, .F. ) ;
#14 = CARTESIAN_POINT ( 'NONE',  ( -20.20000000000001705, 67.95706005997578814, 131.0000000000000000 ) ) ;
#15 = ORIENTED_EDGE ( 'NONE', *, *, #3044, .T. ) ;
#16 = AXIS2_PLACEMENT_3D ( 'NONE', #880, #647, #49 ) ;
#17 = CARTESIAN_POINT ( 'NONE',  ( -47.00000000000000000, -100.0000000000000000, 95.00000000000001421 ) ) ;
#18 = CIRCLE ( 'NONE', #916, 12.00000000000000000 ) ;
#19 = ORIENTED_EDGE ( 'NONE', *, *, #638, .T. ) ;
#20 = CYLINDRICAL_SURFACE ( 'NONE', #2861, 1.700000000000000178 ) ;
#21 = AXIS2_PLACEMENT_3D ( 'NONE', #2830, #222, #1588 ) ;
#22 = DESIGN_CONTEXT ( 'detailed design', #355, 'design' ) ;
#23 = LINE ( 'NONE', #1455, #1270 ) ;
#24 = EDGE_CURVE ( 'NONE', #1779, #615, #1794, .T. ) ;
#25 = ORIENTED_EDGE ( 'NONE', *, *, #2874, .F. ) ;
#26 = FACE_OUTER_BOUND ( 'NONE', #318, .T. ) ;
#27 = VERTEX_POINT ( 'NONE', #2467 ) ;
#28 = CYLINDRICAL_SURFACE ( 'NONE', #850, 1.700000000000000178 ) ;
#29 = CARTESIAN_POINT ( 'NONE',  ( 71.00000000000000000, 134.0000000000000284, 0.000000000000000000 ) ) ;
#30 = EDGE_CURVE ( 'NONE', #2244, #2887, #150, .T. ) ;
#31 = EDGE_LOOP ( 'NONE', ( #1568, #2263, #901, #1817 ) ) ;
#32 = LINE ( 'NONE', #722, #1003 ) ;
#33 = VERTEX_POINT ( 'NONE', #2030 ) ;
#34 = EDGE_CURVE ( 'NONE', #2215, #1978, #100, .T. ) ;
#35 = DIRECTION ( 'NONE',  ( -1.000000000000000000, 0.000000000000000000, 0.000000000000000000 ) ) ;
#36 = ORIENTED_EDGE ( 'NONE', *, *, #2543, .F. ) ;
#37 = DIRECTION ( 'NONE',  ( -1.000000000000000000, 0.000000000000000000, 0.000000000000000000 ) ) ;
#38 = EDGE_LOOP ( 'NONE', ( #1070, #1642, #2164, #227 ) ) ;
#39 = DIRECTION ( 'NONE',  ( 0.000000000000000000, -1.000000000000000000, 0.000000000000000000 ) ) ;
#40 = ORIENTED_EDGE ( 'NONE', *, *, #2121, .F. ) ;
#41 = ADVANCED_FACE ( 'NONE', ( #1981 ), #1006, .F. ) ;
#42 = DIRECTION ( 'NONE',  ( -0.000000000000000000, -0.000000000000000000, -1.000000000000000000 ) ) ;
#43 = EDGE_LOOP ( 'NONE', ( #1960, #1415, #124, #1310 ) ) ;
#44 = VERTEX_POINT ( 'NONE', #2930 ) ;
#45 = CARTESIAN_POINT ( 'NONE',  ( 75.00000000000000000, -135.0000000000000284, 91.00000000000001421 ) ) ;
#46 = EDGE_CURVE ( 'NONE', #1007, #556, #1747, .T. ) ;
#47 = DIRECTION ( 'NONE',  ( -0.000000000000000000, -0.000000000000000000, -1.000000000000000000 ) ) ;
#48 = AXIS2_PLACEMENT_3D ( 'NONE', #1530, #896, #612 ) ;
#49 = DIRECTION ( 'NONE',  ( -1.000000000000000000, 0.000000000000000000, 0.000000000000000000 ) ) ;
#50 = DIRECTION ( 'NONE',  ( 0.000000000000000000, 0.000000000000000000, -1.000000000000000000 ) ) ;
#51 = VECTOR ( 'NONE', #580, 1000.000000000000000 ) ;
#52 = APPROVAL_STATUS ( 'not_yet_approved' ) ;
#53 = ORIENTED_EDGE ( 'NONE', *, *, #1041, .T. ) ;
#54 = VECTOR ( 'NONE', #961, 1000.000000000000000 ) ;
#55 = ORIENTED_EDGE ( 'NONE', *, *, #1765, .T. ) ;
#56 = LINE ( 'NONE', #2254, #2500 ) ;
#57 = DIRECTION ( 'NONE',  ( 1.000000000000000000, 0.000000000000000000, 0.000000000000000000 ) ) ;
#58 = VECTOR ( 'NONE', #2683, 1000.000000000000000 ) ;
#59 = ORIENTED_EDGE ( 'NONE', *, *, #183, .F. ) ;
#60 = DIRECTION ( 'NONE',  ( 0.000000000000000000, 0.000000000000000000, 1.000000000000000000 ) ) ;
#61 = DIRECTION ( 'NONE',  ( 1.000000000000000000, 0.000000000000000000, 0.000000000000000000 ) ) ;
#62 = ORIENTED_EDGE ( 'NONE', *, *, #1278, .F. ) ;
#63 = EDGE_CURVE ( 'NONE', #155, #1680, #1996, .T. ) ;
#64 = EDGE_CURVE ( 'NONE', #2371, #2452, #1241, .T. ) ;
#65 = VECTOR ( 'NONE', #309, 1000.000000000000000 ) ;
#66 = CARTESIAN_POINT ( 'NONE',  ( -35.29999999999999716, 100.0000000000000000, 137.0000000000000000 ) ) ;
#67 = AXIS2_PLACEMENT_3D ( 'NONE', #481, #2176, #1211 ) ;
#68 = CYLINDRICAL_SURFACE ( 'NONE', #808, 1.700000000000000178 ) ;
#69 = CARTESIAN_POINT ( 'NONE',  ( 18.50000000000000355, -67.95706005997578814, 131.0000000000000000 ) ) ;
#70 = ORIENTED_EDGE ( 'NONE', *, *, #1177, .T. ) ;
#71 = EDGE_LOOP ( 'NONE', ( #519, #598, #1121, #1430 ) ) ;
#72 = CARTESIAN_POINT ( 'NONE',  ( -12.00000000000000000, 100.0000000000000000, 131.0000000000000000 ) ) ;
#73 = FACE_OUTER_BOUND ( 'NONE', #2095, .T. ) ;
#74 = VERTEX_POINT ( 'NONE', #339 ) ;
#75 = DIRECTION ( 'NONE',  ( 0.7071067811865476838, 0.7071067811865474617, 0.000000000000000000 ) ) ;
#76 = FACE_BOUND ( 'NONE', #2984, .T. ) ;
#77 = ORIENTED_EDGE ( 'NONE', *, *, #1526, .F. ) ;
#78 = ORIENTED_EDGE ( 'NONE', *, *, #2010, .T. ) ;
#79 = AXIS2_PLACEMENT_3D ( 'NONE', #2697, #1519, #2025 ) ;
#80 = CARTESIAN_POINT ( 'NONE',  ( -33.74293994002422892, 18.49999999999999645, 137.0000000000000000 ) ) ;
#81 = EDGE_CURVE ( 'NONE', #1779, #2506, #379, .T. ) ;
#82 = DIRECTION ( 'NONE',  ( -1.000000000000000000, 0.000000000000000000, 0.000000000000000000 ) ) ;
#83 = VERTEX_POINT ( 'NONE', #2989 ) ;
#84 = VERTEX_POINT ( 'NONE', #873 ) ;
#85 = DIRECTION ( 'NONE',  ( 0.000000000000000000, 0.000000000000000000, 1.000000000000000000 ) ) ;
#86 = CARTESIAN_POINT ( 'NONE',  ( -75.00000000000000000, 130.0000000000000284, 137.0000000000000000 ) ) ;
#87 = ADVANCED_FACE ( 'NONE', ( #2514 ), #1119, .F. ) ;
#88 = VERTEX_POINT ( 'NONE', #2290 ) ;
#89 = CARTESIAN_POINT ( 'NONE',  ( 49.99999999999999289, -155.0000000000000284, 91.00000000000001421 ) ) ;
#90 = DIRECTION ( 'NONE',  ( 1.000000000000000000, 0.000000000000000000, 0.000000000000000000 ) ) ;
#91 = CARTESIAN_POINT ( 'NONE',  ( 0.000000000000000000, 100.0000000000000000, 95.00000000000001421 ) ) ;
#92 = VERTEX_POINT ( 'NONE', #2770 ) ;
#93 = DIRECTION ( 'NONE',  ( -1.000000000000000000, 0.000000000000000000, 0.000000000000000000 ) ) ;
#94 = EDGE_CURVE ( 'NONE', #724, #534, #2545, .T. ) ;
#95 = DIRECTION ( 'NONE',  ( 1.000000000000000000, 0.000000000000000000, 0.000000000000000000 ) ) ;
#96 = PERSON_AND_ORGANIZATION ( #1639, #824 ) ;
#97 = ORIENTED_EDGE ( 'NONE', *, *, #2183, .T. ) ;
#98 = ORIENTED_EDGE ( 'NONE', *, *, #136, .F. ) ;
#99 = EDGE_CURVE ( 'NONE', #44, #2058, #208, .T. ) ;
#100 = CIRCLE ( 'NONE', #946, 47.00000000000000000 ) ;
#101 = DIRECTION ( 'NONE',  ( 0.000000000000000000, -1.000000000000000000, 0.000000000000000000 ) ) ;
#102 = FACE_OUTER_BOUND ( 'NONE', #2180, .T. ) ;
#103 = AXIS2_PLACEMENT_3D ( 'NONE', #1416, #453, #231 ) ;
#104 = ORIENTED_EDGE ( 'NONE', *, *, #3044, .F. ) ;
#105 = CIRCLE ( 'NONE', #1947, 1.700000000000000178 ) ;
#106 = FACE_BOUND ( 'NONE', #823, .T. ) ;
#107 = DIRECTION ( 'NONE',  ( -0.000000000000000000, -0.000000000000000000, -1.000000000000000000 ) ) ;
#108 = ORIENTED_EDGE ( 'NONE', *, *, #1425, .T. ) ;
#109 = VECTOR ( 'NONE', #1566, 1000.000000000000000 ) ;
#110 = EDGE_LOOP ( 'NONE', ( #2178, #2999, #1997, #1796, #1724, #772, #97, #947 ) ) ;
#111 = DIRECTION ( 'NONE',  ( -0.7071067811865476838, 0.7071067811865474617, 0.000000000000000000 ) ) ;
#112 = DIRECTION ( 'NONE',  ( -0.7071067811865474617, 0.7071067811865476838, 0.000000000000000000 ) ) ;
#113 = AXIS2_PLACEMENT_3D ( 'NONE', #462, #3076, #951 ) ;
#114 = CARTESIAN_POINT ( 'NONE',  ( 2.265596578422603396E-15, 37.00000000000000000, 137.0000000000000000 ) ) ;
#115 = AXIS2_PLACEMENT_3D ( 'NONE', #1894, #432, #1138 ) ;
#116 = ORIENTED_EDGE ( 'NONE', *, *, #2194, .F. ) ;
#117 = ORIENTED_EDGE ( 'NONE', *, *, #192, .F. ) ;
#118 = AXIS2_PLACEMENT_3D ( 'NONE', #637, #390, #2307 ) ;
#119 = DIRECTION ( 'NONE',  ( -0.000000000000000000, -0.000000000000000000, -1.000000000000000000 ) ) ;
#120 = CARTESIAN_POINT ( 'NONE',  ( 0.000000000000000000, -100.0000000000000000, 95.00000000000001421 ) ) ;
#121 = EDGE_CURVE ( 'NONE', #2722, #1131, #2530, .T. ) ;
#122 = ORIENTED_EDGE ( 'NONE', *, *, #1398, .F. ) ;
#123 = FACE_BOUND ( 'NONE', #1306, .T. ) ;
#124 = ORIENTED_EDGE ( 'NONE', *, *, #99, .F. ) ;
#125 = ORIENTED_EDGE ( 'NONE', *, *, #2994, .T. ) ;
#126 = ORIENTED_EDGE ( 'NONE', *, *, #308, .F. ) ;
#127 = DIRECTION ( 'NONE',  ( 1.000000000000000000, 0.000000000000000000, 0.000000000000000000 ) ) ;
#128 = CARTESIAN_POINT ( 'NONE',  ( 0.000000000000000000, 100.0000000000000000, 91.00000000000001421 ) ) ;
#129 = VECTOR ( 'NONE', #426, 1000.000000000000000 ) ;
#130 = EDGE_LOOP ( 'NONE', ( #2561, #1465 ) ) ;
#131 = ORIENTED_EDGE ( 'NONE', *, *, #1278, .T. ) ;
#132 = CYLINDRICAL_SURFACE ( 'NONE', #1407, 1.700000000000000178 ) ;
#133 = PLANE ( 'NONE',  #2876 ) ;
#134 = VERTEX_POINT ( 'NONE', #1829 ) ;
#135 = PLANE ( 'NONE',  #706 ) ;
#136 = EDGE_CURVE ( 'NONE', #1475, #1341, #1558, .T. ) ;
#137 = DIRECTION ( 'NONE',  ( 0.000000000000000000, 0.000000000000000000, 1.000000000000000000 ) ) ;
#138 = CARTESIAN_POINT ( 'NONE',  ( -71.00000000000000000, 135.0000000000000284, 91.00000000000001421 ) ) ;
#139 = ORIENTED_EDGE ( 'NONE', *, *, #3061, .F. ) ;
#140 = ORIENTED_EDGE ( 'NONE', *, *, #533, .F. ) ;
#141 = CARTESIAN_POINT ( 'NONE',  ( -18.50000000000001776, 67.95706005997578814, 131.0000000000000000 ) ) ;
#142 = CARTESIAN_POINT ( 'NONE',  ( -16.79999999999999361, -67.95706005997577392, 131.0000000000000000 ) ) ;
#143 = EDGE_CURVE ( 'NONE', #83, #3056, #410, .T. ) ;
#144 = EDGE_LOOP ( 'NONE', ( #1533, #2284 ) ) ;
#145 = CARTESIAN_POINT ( 'NONE',  ( -54.99999999999999289, -151.0000000000000284, 91.00000000000001421 ) ) ;
#146 = CLOSED_SHELL ( 'NONE', ( #871, #2802, #1936, #41, #2591, #3066, #1799, #2355, #751, #2669, #2760, #884, #1720, #2264, #1147, #804, #1321, #2077, #553, #1105, #1884, #2411, #656, #2028, #504, #203, #1513, #239, #2135, #2366, #2920, #1128, #2738, #2977, #1899, #2015, #2998, #2869, #1157, #681, #330, #1664, #1127, #288, #1133, #1418, #2057, #2433, #1933, #2819, #187, #2888, #87, #2960, #752, #1689, #2133, #2071, #1265, #225, #2144, #1708, #1761, #160, #616, #2625, #496, #1854, #518, #954, #583, #1969, #2663, #1552, #927, #2906, #3019, #732, #464, #389, #1612, #345, #3040, #625 ) ) ;
#147 = DIRECTION ( 'NONE',  ( -1.000000000000000000, 0.000000000000000000, 0.000000000000000000 ) ) ;
#148 = ORIENTED_EDGE ( 'NONE', *, *, #579, .F. ) ;
#149 = CARTESIAN_POINT ( 'NONE',  ( -18.49999999999999289, -67.95706005997577392, 137.0000000000000000 ) ) ;
#150 = CIRCLE ( 'NONE', #2441, 1.700000000000000178 ) ;
#151 = DIRECTION ( 'NONE',  ( -0.000000000000000000, -0.000000000000000000, -1.000000000000000000 ) ) ;
#152 = VECTOR ( 'NONE', #2281, 1000.000000000000000 ) ;
#153 = CARTESIAN_POINT ( 'NONE',  ( 32.04293994002423318, 18.49999999999999645, 137.0000000000000000 ) ) ;
#154 = ORIENTED_EDGE ( 'NONE', *, *, #2469, .T. ) ;
#155 = VERTEX_POINT ( 'NONE', #138 ) ;
#156 = AXIS2_PLACEMENT_3D ( 'NONE', #1182, #944, #1905 ) ;
#157 = CARTESIAN_POINT ( 'NONE',  ( -6.796789735267810189E-15, -37.00000000000000000, 131.0000000000000000 ) ) ;
#158 = DIRECTION ( 'NONE',  ( 0.7071067811865476838, -0.7071067811865474617, 0.000000000000000000 ) ) ;
#159 = AXIS2_PLACEMENT_3D ( 'NONE', #1786, #2740, #770 ) ;
#160 = ADVANCED_FACE ( 'NONE', ( #2042 ), #3007, .F. ) ;
#161 = DIRECTION ( 'NONE',  ( 1.000000000000000000, 0.000000000000000000, 0.000000000000000000 ) ) ;
#162 = CARTESIAN_POINT ( 'NONE',  ( 49.99999999999999289, -155.0000000000000284, 95.00000000000001421 ) ) ;
#163 = DIRECTION ( 'NONE',  ( 0.000000000000000000, -1.000000000000000000, 0.000000000000000000 ) ) ;
#164 = EDGE_CURVE ( 'NONE', #682, #1539, #434, .T. ) ;
#165 = AXIS2_PLACEMENT_3D ( 'NONE', #1107, #1160, #2099 ) ;
#166 = DIRECTION ( 'NONE',  ( 0.000000000000000000, 0.000000000000000000, -1.000000000000000000 ) ) ;
#167 = AXIS2_PLACEMENT_3D ( 'NONE', #1719, #2661, #517 ) ;
#168 = DIRECTION ( 'NONE',  ( 0.000000000000000000, 0.000000000000000000, 1.000000000000000000 ) ) ;
#169 = CC_DESIGN_PERSON_AND_ORGANIZATION_ASSIGNMENT ( #1414, #1929, ( #1037 ) ) ;
#170 = EDGE_LOOP ( 'NONE', ( #750, #232 ) ) ;
#171 = FACE_OUTER_BOUND ( 'NONE', #2547, .T. ) ;
#172 = VECTOR ( 'NONE', #905, 1000.000000000000000 ) ;
#173 = DIRECTION ( 'NONE',  ( 0.7071067811865476838, 0.7071067811865474617, 0.000000000000000000 ) ) ;
#174 = CARTESIAN_POINT ( 'NONE',  ( -32.04293994002422608, -18.50000000000000355, 131.0000000000000000 ) ) ;
#175 = EDGE_LOOP ( 'NONE', ( #2981, #624 ) ) ;
#176 = ORIENTED_EDGE ( 'NONE', *, *, #2217, .F. ) ;
#177 = LINE ( 'NONE', #1851, #3058 ) ;
#178 = FACE_BOUND ( 'NONE', #1517, .T. ) ;
#179 = DIRECTION ( 'NONE',  ( 1.000000000000000000, 0.000000000000000000, 0.000000000000000000 ) ) ;
#180 = DIRECTION ( 'NONE',  ( -0.000000000000000000, -0.000000000000000000, -1.000000000000000000 ) ) ;
#181 = CARTESIAN_POINT ( 'NONE',  ( 37.00000000000000000, 100.0000000000000000, 137.0000000000000000 ) ) ;
#182 = DIRECTION ( 'NONE',  ( 0.000000000000000000, 0.000000000000000000, 1.000000000000000000 ) ) ;
#183 = EDGE_CURVE ( 'NONE', #527, #1184, #2790, .T. ) ;
#184 = CARTESIAN_POINT ( 'NONE',  ( -54.00000000000000711, 151.0000000000000284, 131.0000000000000000 ) ) ;
#185 = VECTOR ( 'NONE', #2286, 1000.000000000000000 ) ;
#186 = CARTESIAN_POINT ( 'NONE',  ( -71.00000000000000000, -135.0000000000000284, 91.00000000000001421 ) ) ;
#187 = ADVANCED_FACE ( 'NONE', ( #1645 ), #910, .F. ) ;
#188 = CARTESIAN_POINT ( 'NONE',  ( 75.00000000000000000, -130.0000000000000284, 137.0000000000000000 ) ) ;
#189 = VERTEX_POINT ( 'NONE', #460 ) ;
#190 = DIRECTION ( 'NONE',  ( 0.000000000000000000, 0.000000000000000000, 1.000000000000000000 ) ) ;
#191 = ORIENTED_EDGE ( 'NONE', *, *, #2292, .T. ) ;
#192 = EDGE_CURVE ( 'NONE', #1131, #493, #926, .T. ) ;
#193 = DIRECTION ( 'NONE',  ( 0.000000000000000000, -1.000000000000000000, 0.000000000000000000 ) ) ;
#194 = ORIENTED_EDGE ( 'NONE', *, *, #2698, .F. ) ;
#195 = CARTESIAN_POINT ( 'NONE',  ( 0.000000000000000000, -100.0000000000000000, 131.0000000000000000 ) ) ;
#196 = CARTESIAN_POINT ( 'NONE',  ( -49.99999999999999289, -155.0000000000000284, 137.0000000000000000 ) ) ;
#197 = DIRECTION ( 'NONE',  ( -0.000000000000000000, -0.000000000000000000, -1.000000000000000000 ) ) ;
#198 = DIRECTION ( 'NONE',  ( -0.000000000000000000, -0.000000000000000000, -1.000000000000000000 ) ) ;
#199 = CARTESIAN_POINT ( 'NONE',  ( 35.29999999999999716, 100.0000000000000000, 137.0000000000000000 ) ) ;
#200 = EDGE_CURVE ( 'NONE', #1491, #2326, #2296, .T. ) ;
#201 = LINE ( 'NONE', #2089, #109 ) ;
#202 = DIRECTION ( 'NONE',  ( -0.000000000000000000, -0.000000000000000000, -1.000000000000000000 ) ) ;
#203 = ADVANCED_FACE ( 'NONE', ( #2047 ), #1870, .T. ) ;
#204 = EDGE_LOOP ( 'NONE', ( #942, #1373, #108, #1116 ) ) ;
#205 = DIRECTION ( 'NONE',  ( 0.000000000000000000, 0.000000000000000000, -1.000000000000000000 ) ) ;
#206 = EDGE_LOOP ( 'NONE', ( #918, #1470, #792, #2856 ) ) ;
#207 = LINE ( 'NONE', #455, #315 ) ;
#208 = CIRCLE ( 'NONE', #1348, 1.700000000000000178 ) ;
#209 = AXIS2_PLACEMENT_3D ( 'NONE', #933, #716, #37 ) ;
#210 = CARTESIAN_POINT ( 'NONE',  ( -20.20000000000001705, -132.0429399400242119, 131.0000000000000000 ) ) ;
#211 = DIRECTION ( 'NONE',  ( 0.000000000000000000, 0.000000000000000000, 1.000000000000000000 ) ) ;
#212 = FACE_OUTER_BOUND ( 'NONE', #623, .T. ) ;
#213 = LINE ( 'NONE', #1885, #1053 ) ;
#214 = DIRECTION ( 'NONE',  ( 0.000000000000000000, 0.000000000000000000, -1.000000000000000000 ) ) ;
#215 = CIRCLE ( 'NONE', #997, 1.700000000000000178 ) ;
#216 = PLANE ( 'NONE',  #524 ) ;
#217 = EDGE_LOOP ( 'NONE', ( #1964, #2092 ) ) ;
#218 = CARTESIAN_POINT ( 'NONE',  ( -71.00000000000000000, -133.9999999999999716, 131.0000000000000000 ) ) ;
#219 = CIRCLE ( 'NONE', #2255, 1.700000000000000178 ) ;
#220 = EDGE_CURVE ( 'NONE', #1788, #1222, #2045, .T. ) ;
#221 = DIRECTION ( 'NONE',  ( 0.000000000000000000, 0.000000000000000000, 1.000000000000000000 ) ) ;
#222 = DIRECTION ( 'NONE',  ( 0.000000000000000000, 0.000000000000000000, 1.000000000000000000 ) ) ;
#223 = AXIS2_PLACEMENT_3D ( 'NONE', #2569, #937, #2331 ) ;
#224 = ORIENTED_EDGE ( 'NONE', *, *, #1472, .T. ) ;
#225 = ADVANCED_FACE ( 'NONE', ( #212 ), #879, .F. ) ;
#226 = FACE_BOUND ( 'NONE', #2374, .T. ) ;
#227 = ORIENTED_EDGE ( 'NONE', *, *, #2862, .F. ) ;
#228 = DIRECTION ( 'NONE',  ( -0.000000000000000000, -0.000000000000000000, -1.000000000000000000 ) ) ;
#229 = DIRECTION ( 'NONE',  ( 1.000000000000000000, 0.000000000000000000, 0.000000000000000000 ) ) ;
#230 = ORIENTED_EDGE ( 'NONE', *, *, #358, .T. ) ;
#231 = DIRECTION ( 'NONE',  ( 1.000000000000000000, 0.000000000000000000, 0.000000000000000000 ) ) ;
#232 = ORIENTED_EDGE ( 'NONE', *, *, #994, .T. ) ;
#233 = AXIS2_PLACEMENT_3D ( 'NONE', #2794, #848, #1371 ) ;
#234 = DIRECTION ( 'NONE',  ( 0.000000000000000000, -0.000000000000000000, 1.000000000000000000 ) ) ;
#235 = EDGE_CURVE ( 'NONE', #2633, #1918, #447, .T. ) ;
#236 = DIRECTION ( 'NONE',  ( 1.000000000000000000, 0.000000000000000000, 0.000000000000000000 ) ) ;
#237 = CYLINDRICAL_SURFACE ( 'NONE', #1547, 1.700000000000000178 ) ;
#238 = VERTEX_POINT ( 'NONE', #2348 ) ;
#239 = ADVANCED_FACE ( 'NONE', ( #1409 ), #2552, .F. ) ;
#240 = FACE_OUTER_BOUND ( 'NONE', #2226, .T. ) ;
#241 = FACE_OUTER_BOUND ( 'NONE', #506, .T. ) ;
#242 = DIRECTION ( 'NONE',  ( 1.000000000000000000, -0.000000000000000000, -0.000000000000000000 ) ) ;
#243 = VERTEX_POINT ( 'NONE', #1088 ) ;
#244 = FACE_BOUND ( 'NONE', #2747, .T. ) ;
#245 = VERTEX_POINT ( 'NONE', #2822 ) ;
#246 = DIRECTION ( 'NONE',  ( -0.000000000000000000, -0.000000000000000000, -1.000000000000000000 ) ) ;
#247 = CARTESIAN_POINT ( 'NONE',  ( -71.00000000000000000, 135.0000000000000284, 131.0000000000000000 ) ) ;
#248 = EDGE_LOOP ( 'NONE', ( #2417, #2234, #2721, #1071 ) ) ;
#249 = LINE ( 'NONE', #1197, #2565 ) ;
#250 = ORIENTED_EDGE ( 'NONE', *, *, #164, .F. ) ;
#251 = VECTOR ( 'NONE', #2501, 1000.000000000000000 ) ;
#252 = LINE ( 'NONE', #2623, #1412 ) ;
#253 = CIRCLE ( 'NONE', #2494, 1.700000000000000178 ) ;
#254 = AXIS2_PLACEMENT_3D ( 'NONE', #1441, #973, #2858 ) ;
#255 = EDGE_CURVE ( 'NONE', #2357, #1264, #1882, .T. ) ;
#256 = CIRCLE ( 'NONE', #1450, 1.700000000000000178 ) ;
#257 = VERTEX_POINT ( 'NONE', #2805 ) ;
#258 = CARTESIAN_POINT ( 'NONE',  ( 0.000000000000000000, -100.0000000000000000, 137.0000000000000000 ) ) ;
#259 = EDGE_LOOP ( 'NONE', ( #1235, #2489 ) ) ;
#260 = VECTOR ( 'NONE', #2351, 1000.000000000000000 ) ;
#261 = CARTESIAN_POINT ( 'NONE',  ( -49.99999999999999289, 155.0000000000000284, 131.0000000000000000 ) ) ;
#262 = EDGE_CURVE ( 'NONE', #2404, #1029, #2642, .T. ) ;
#263 = ORIENTED_EDGE ( 'NONE', *, *, #164, .T. ) ;
#264 = CIRCLE ( 'NONE', #167, 1.699999999999999956 ) ;
#265 = CYLINDRICAL_SURFACE ( 'NONE', #3001, 1.700000000000000178 ) ;
#266 = AXIS2_PLACEMENT_3D ( 'NONE', #2479, #2974, #2029 ) ;
#267 = EDGE_LOOP ( 'NONE', ( #2733, #2954 ) ) ;
#268 = AXIS2_PLACEMENT_3D ( 'NONE', #2113, #657, #1100 ) ;
#269 = DIRECTION ( 'NONE',  ( 1.000000000000000000, 0.000000000000000000, 0.000000000000000000 ) ) ;
#270 = EDGE_CURVE ( 'NONE', #691, #2644, #694, .T. ) ;
#271 = APPLICATION_PROTOCOL_DEFINITION ( 'international standard', 'config_control_design', 1994, #829 ) ;
#272 = DIRECTION ( 'NONE',  ( -0.000000000000000000, -0.000000000000000000, -1.000000000000000000 ) ) ;
#273 = ORIENTED_EDGE ( 'NONE', *, *, #1364, .T. ) ;
#274 = DIRECTION ( 'NONE',  ( 0.000000000000000000, 0.000000000000000000, 1.000000000000000000 ) ) ;
#275 = ORIENTED_EDGE ( 'NONE', *, *, #2237, .F. ) ;
#276 = CARTESIAN_POINT ( 'NONE',  ( -54.99999999999999289, 155.0000000000000284, 131.0000000000000000 ) ) ;
#277 = EDGE_LOOP ( 'NONE', ( #2787, #1850, #116, #2899 ) ) ;
#278 = EDGE_CURVE ( 'NONE', #404, #319, #2098, .T. ) ;
#279 = AXIS2_PLACEMENT_3D ( 'NONE', #1334, #2540, #3052 ) ;
#280 = DIRECTION ( 'NONE',  ( -1.000000000000000000, 0.000000000000000000, 0.000000000000000000 ) ) ;
#281 = ORIENTED_EDGE ( 'NONE', *, *, #2529, .F. ) ;
#282 = ORIENTED_EDGE ( 'NONE', *, *, #1112, .T. ) ;
#283 = DIRECTION ( 'NONE',  ( 1.000000000000000000, 0.000000000000000000, 0.000000000000000000 ) ) ;
#284 = APPROVAL_STATUS ( 'not_yet_approved' ) ;
#285 = ORIENTED_EDGE ( 'NONE', *, *, #2994, .F. ) ;
#286 = EDGE_LOOP ( 'NONE', ( #2223, #2828, #542, #140 ) ) ;
#287 = CARTESIAN_POINT ( 'NONE',  ( 0.000000000000000000, -100.0000000000000000, 137.0000000000000000 ) ) ;
#288 = ADVANCED_FACE ( 'NONE', ( #677 ), #2367, .F. ) ;
#289 = ORIENTED_EDGE ( 'NONE', *, *, #308, .T. ) ;
#290 = LINE ( 'NONE', #2688, #1057 ) ;
#291 = ORIENTED_EDGE ( 'NONE', *, *, #1137, .F. ) ;
#292 = ORIENTED_EDGE ( 'NONE', *, *, #2361, .F. ) ;
#293 = DIRECTION ( 'NONE',  ( 0.000000000000000000, 0.000000000000000000, 1.000000000000000000 ) ) ;
#294 = CIRCLE ( 'NONE', #48, 1.700000000000000178 ) ;
#295 = CARTESIAN_POINT ( 'NONE',  ( 20.00000000000000000, 2.449293598294706513E-15, 95.00000000000001421 ) ) ;
#296 = CARTESIAN_POINT ( 'NONE',  ( -54.99999999999999289, -151.0000000000000284, 131.0000000000000000 ) ) ;
#297 = AXIS2_PLACEMENT_3D ( 'NONE', #1878, #1649, #2607 ) ;
#298 = PERSON_AND_ORGANIZATION ( #1639, #824 ) ;
#299 = ORIENTED_EDGE ( 'NONE', *, *, #2687, .T. ) ;
#300 = CARTESIAN_POINT ( 'NONE',  ( 37.00000000000000000, -100.0000000000000000, 137.0000000000000000 ) ) ;
#301 = VECTOR ( 'NONE', #1313, 1000.000000000000000 ) ;
#302 = VERTEX_POINT ( 'NONE', #1578 ) ;
#303 = DIRECTION ( 'NONE',  ( 0.000000000000000000, 0.000000000000000000, -1.000000000000000000 ) ) ;
#304 = DIRECTION ( 'NONE',  ( 1.000000000000000000, 0.000000000000000000, -0.000000000000000000 ) ) ;
#305 = VECTOR ( 'NONE', #166, 1000.000000000000000 ) ;
#306 = ORIENTED_EDGE ( 'NONE', *, *, #645, .F. ) ;
#307 = CARTESIAN_POINT ( 'NONE',  ( 47.00000000000000000, 100.0000000000000000, 95.00000000000001421 ) ) ;
#308 = EDGE_CURVE ( 'NONE', #2680, #2458, #395, .T. ) ;
#309 = DIRECTION ( 'NONE',  ( -0.7071067811865476838, -0.7071067811865474617, 0.000000000000000000 ) ) ;
#310 = DIRECTION ( 'NONE',  ( -1.000000000000000000, 0.000000000000000000, 0.000000000000000000 ) ) ;
#311 = VECTOR ( 'NONE', #2686, 1000.000000000000000 ) ;
#312 = ORIENTED_EDGE ( 'NONE', *, *, #1702, .F. ) ;
#313 = AXIS2_PLACEMENT_3D ( 'NONE', #2908, #769, #1955 ) ;
#314 = CARTESIAN_POINT ( 'NONE',  ( -18.49999999999999289, 132.0429399400242403, 137.0000000000000000 ) ) ;
#315 = VECTOR ( 'NONE', #3057, 1000.000000000000000 ) ;
#316 = PLANE ( 'NONE',  #2706 ) ;
#317 = DATE_TIME_ROLE ( 'classification_date' ) ;
#318 = EDGE_LOOP ( 'NONE', ( #2082, #2207, #306, #1959 ) ) ;
#319 = VERTEX_POINT ( 'NONE', #2206 ) ;
#320 = CARTESIAN_POINT ( 'NONE',  ( 37.00000000000000000, -100.0000000000000000, 137.0000000000000000 ) ) ;
#321 = CARTESIAN_POINT ( 'NONE',  ( -54.99999999999999289, -155.0000000000000284, 91.00000000000001421 ) ) ;
#322 = ORIENTED_EDGE ( 'NONE', *, *, #1619, .T. ) ;
#323 = CARTESIAN_POINT ( 'NONE',  ( 0.000000000000000000, 100.0000000000000000, 95.00000000000001421 ) ) ;
#324 = FACE_BOUND ( 'NONE', #267, .T. ) ;
#325 = ORIENTED_EDGE ( 'NONE', *, *, #1201, .T. ) ;
#326 = EDGE_LOOP ( 'NONE', ( #1988, #13, #291, #2670, #2800, #1763, #1487, #471 ) ) ;
#327 = EDGE_CURVE ( 'NONE', #341, #2838, #2473, .T. ) ;
#328 = SECURITY_CLASSIFICATION ( '', '', #1787 ) ;
#329 = CYLINDRICAL_SURFACE ( 'NONE', #2104, 20.00000000000000000 ) ;
#330 = ADVANCED_FACE ( 'NONE', ( #568 ), #1486, .F. ) ;
#331 = PLANE ( 'NONE',  #2655 ) ;
#332 = ORIENTED_EDGE ( 'NONE', *, *, #595, .F. ) ;
#333 = DIRECTION ( 'NONE',  ( -1.000000000000000000, -0.000000000000000000, -0.000000000000000000 ) ) ;
#334 = ORIENTED_EDGE ( 'NONE', *, *, #1529, .F. ) ;
#335 = CARTESIAN_POINT ( 'NONE',  ( -71.00000000000000000, 135.0000000000000284, 131.0000000000000000 ) ) ;
#336 = DIRECTION ( 'NONE',  ( 1.000000000000000000, 0.000000000000000000, 0.000000000000000000 ) ) ;
#337 = ORIENTED_EDGE ( 'NONE', *, *, #449, .F. ) ;
#338 = FACE_BOUND ( 'NONE', #1406, .T. ) ;
#339 = CARTESIAN_POINT ( 'NONE',  ( -47.00000000000000000, -100.0000000000000000, 95.00000000000001421 ) ) ;
#340 = ORIENTED_EDGE ( 'NONE', *, *, #2344, .T. ) ;
#341 = VERTEX_POINT ( 'NONE', #1501 ) ;
#342 = CARTESIAN_POINT ( 'NONE',  ( 0.000000000000000000, -100.0000000000000000, 131.0000000000000000 ) ) ;
#343 = CARTESIAN_POINT ( 'NONE',  ( -71.00000000000000000, -135.0000000000000284, 131.0000000000000000 ) ) ;
#344 = EDGE_CURVE ( 'NONE', #370, #2970, #2937, .T. ) ;
#345 = ADVANCED_FACE ( 'NONE', ( #982 ), #799, .F. ) ;
#346 = DIRECTION ( 'NONE',  ( -0.000000000000000000, -0.000000000000000000, -1.000000000000000000 ) ) ;
#347 = PERSON_AND_ORGANIZATION ( #1639, #824 ) ;
#348 = ORIENTED_EDGE ( 'NONE', *, *, #1091, .T. ) ;
#349 = CARTESIAN_POINT ( 'NONE',  ( 75.00000000000000000, 135.0000000000000284, 131.0000000000000000 ) ) ;
#350 = ORIENTED_EDGE ( 'NONE', *, *, #1842, .F. ) ;
#351 = AXIS2_PLACEMENT_3D ( 'NONE', #2766, #2273, #2109 ) ;
#352 = CARTESIAN_POINT ( 'NONE',  ( 47.00000000000000000, -100.0000000000000000, 95.00000000000001421 ) ) ;
#353 = EDGE_CURVE ( 'NONE', #1052, #2728, #2145, .T. ) ;
#354 = CARTESIAN_POINT ( 'NONE',  ( -18.50000000000001776, -132.0429399400242119, 131.0000000000000000 ) ) ;
#355 = APPLICATION_CONTEXT ( 'configuration controlled 3d designs of mechanical parts and assemblies' ) ;
#356 = VECTOR ( 'NONE', #1401, 1000.000000000000000 ) ;
#357 = ORIENTED_EDGE ( 'NONE', *, *, #2183, .F. ) ;
#358 = EDGE_CURVE ( 'NONE', #2633, #1701, #1785, .T. ) ;
#359 = EDGE_CURVE ( 'NONE', #2400, #1049, #456, .T. ) ;
#360 = VECTOR ( 'NONE', #2979, 1000.000000000000000 ) ;
#361 = DIRECTION ( 'NONE',  ( 1.000000000000000000, 0.000000000000000000, 0.000000000000000000 ) ) ;
#362 = VERTEX_POINT ( 'NONE', #2319 ) ;
#363 = ORIENTED_EDGE ( 'NONE', *, *, #9, .T. ) ;
#364 = ORIENTED_EDGE ( 'NONE', *, *, #2274, .F. ) ;
#365 = FACE_OUTER_BOUND ( 'NONE', #3027, .T. ) ;
#366 = DIRECTION ( 'NONE',  ( 1.000000000000000000, 0.000000000000000000, 0.000000000000000000 ) ) ;
#367 = AXIS2_PLACEMENT_3D ( 'NONE', #323, #1200, #1926 ) ;
#368 = CIRCLE ( 'NONE', #811, 1.700000000000000178 ) ;
#369 = EDGE_CURVE ( 'NONE', #2156, #2942, #294, .T. ) ;
#370 = VERTEX_POINT ( 'NONE', #1060 ) ;
#371 = ORIENTED_EDGE ( 'NONE', *, *, #2033, .T. ) ;
#372 = DIRECTION ( 'NONE',  ( 1.000000000000000000, 0.000000000000000000, 0.000000000000000000 ) ) ;
#373 = DIRECTION ( 'NONE',  ( -0.7071067811865477948, -0.7071067811865473507, 0.000000000000000000 ) ) ;
#374 = EDGE_CURVE ( 'NONE', #2734, #635, #1331, .T. ) ;
#375 = EDGE_LOOP ( 'NONE', ( #1748, #430 ) ) ;
#376 = CARTESIAN_POINT ( 'NONE',  ( -16.80000000000001492, -132.0429399400242119, 137.0000000000000000 ) ) ;
#377 = CARTESIAN_POINT ( 'NONE',  ( -6.796789735267810189E-15, -37.00000000000000000, 137.0000000000000000 ) ) ;
#378 = LINE ( 'NONE', #2041, #2063 ) ;
#379 = LINE ( 'NONE', #1339, #1694 ) ;
#380 = ORIENTED_EDGE ( 'NONE', *, *, #1472, .F. ) ;
#381 = VERTEX_POINT ( 'NONE', #397 ) ;
#382 = CARTESIAN_POINT ( 'NONE',  ( -16.79999999999999361, 132.0429399400242403, 131.0000000000000000 ) ) ;
#383 = CARTESIAN_POINT ( 'NONE',  ( -75.00000000000000000, -130.0000000000000284, 95.00000000000001421 ) ) ;
#384 = ORIENTED_EDGE ( 'NONE', *, *, #1897, .F. ) ;
#385 = CARTESIAN_POINT ( 'NONE',  ( -32.04293994002422608, -18.50000000000000355, 137.0000000000000000 ) ) ;
#386 = FACE_OUTER_BOUND ( 'NONE', #2959, .T. ) ;
#387 = ORIENTED_EDGE ( 'NONE', *, *, #1112, .F. ) ;
#388 = DIRECTION ( 'NONE',  ( 0.000000000000000000, 1.000000000000000000, 0.000000000000000000 ) ) ;
#389 = ADVANCED_FACE ( 'NONE', ( #844 ), #1563, .F. ) ;
#390 = DIRECTION ( 'NONE',  ( -0.000000000000000000, -0.000000000000000000, -1.000000000000000000 ) ) ;
#391 = DIRECTION ( 'NONE',  ( 0.000000000000000000, 1.000000000000000000, 0.000000000000000000 ) ) ;
#392 = EDGE_LOOP ( 'NONE', ( #2475, #1591, #2269, #2914 ) ) ;
#393 = ORIENTED_EDGE ( 'NONE', *, *, #3035, .T. ) ;
#394 = LINE ( 'NONE', #2517, #756 ) ;
#395 = LINE ( 'NONE', #773, #749 ) ;
#396 = CARTESIAN_POINT ( 'NONE',  ( 18.50000000000000355, 67.95706005997578814, 137.0000000000000000 ) ) ;
#397 = CARTESIAN_POINT ( 'NONE',  ( 1.700000000000002176, 37.00000000000000000, 137.0000000000000000 ) ) ;
#398 = CARTESIAN_POINT ( 'NONE',  ( -71.00000000000000000, 135.0000000000000284, 131.0000000000000000 ) ) ;
#399 = EDGE_CURVE ( 'NONE', #2546, #1179, #1746, .T. ) ;
#400 = PRODUCT_RELATED_PRODUCT_CATEGORY ( 'detail', '', ( #1037 ) ) ;
#401 = ORIENTED_EDGE ( 'NONE', *, *, #46, .F. ) ;
#402 = DIRECTION ( 'NONE',  ( -0.000000000000000000, -0.000000000000000000, -1.000000000000000000 ) ) ;
#403 = CARTESIAN_POINT ( 'NONE',  ( 54.99999999999999289, -151.0000000000000284, 91.00000000000001421 ) ) ;
#404 = VERTEX_POINT ( 'NONE', #2519 ) ;
#405 = LINE ( 'NONE', #2512, #2601 ) ;
#406 = AXIS2_PLACEMENT_3D ( 'NONE', #1966, #107, #310 ) ;
#407 = ORIENTED_EDGE ( 'NONE', *, *, #2316, .T. ) ;
#408 = CARTESIAN_POINT ( 'NONE',  ( -75.00000000000000000, -130.0000000000000284, 137.0000000000000000 ) ) ;
#409 = AXIS2_PLACEMENT_3D ( 'NONE', #2171, #2932, #35 ) ;
#410 = LINE ( 'NONE', #1357, #497 ) ;
#411 = ORIENTED_EDGE ( 'NONE', *, *, #136, .T. ) ;
#412 = ORIENTED_EDGE ( 'NONE', *, *, #1735, .T. ) ;
#413 = AXIS2_PLACEMENT_3D ( 'NONE', #858, #3012, #827 ) ;
#414 = DIRECTION ( 'NONE',  ( 0.000000000000000000, 0.000000000000000000, 1.000000000000000000 ) ) ;
#415 = DIRECTION ( 'NONE',  ( 0.000000000000000000, 0.000000000000000000, 1.000000000000000000 ) ) ;
#416 = DIRECTION ( 'NONE',  ( 0.000000000000000000, -1.000000000000000000, 0.000000000000000000 ) ) ;
#417 = AXIS2_PLACEMENT_3D ( 'NONE', #585, #552, #2745 ) ;
#418 = EDGE_CURVE ( 'NONE', #1033, #2110, #845, .T. ) ;
#419 = DIRECTION ( 'NONE',  ( -1.000000000000000000, -0.000000000000000000, -0.000000000000000000 ) ) ;
#420 = CARTESIAN_POINT ( 'NONE',  ( 20.20000000000000284, -132.0429399400242119, 137.0000000000000000 ) ) ;
#421 = CYLINDRICAL_SURFACE ( 'NONE', #562, 1.700000000000000178 ) ;
#422 = DIRECTION ( 'NONE',  ( 0.000000000000000000, -0.000000000000000000, -1.000000000000000000 ) ) ;
#423 = EDGE_CURVE ( 'NONE', #1781, #2291, #1647, .T. ) ;
#424 = CARTESIAN_POINT ( 'NONE',  ( -12.00000000000000000, -100.0000000000000000, 137.0000000000000000 ) ) ;
#425 = AXIS2_PLACEMENT_3D ( 'NONE', #1868, #414, #2097 ) ;
#426 = DIRECTION ( 'NONE',  ( -0.000000000000000000, -0.000000000000000000, -1.000000000000000000 ) ) ;
#427 = ORIENTED_EDGE ( 'NONE', *, *, #2857, .F. ) ;
#428 = DIRECTION ( 'NONE',  ( -0.000000000000000000, -0.000000000000000000, -1.000000000000000000 ) ) ;
#429 = CARTESIAN_POINT ( 'NONE',  ( -75.00000000000000000, 135.0000000000000284, 131.0000000000000000 ) ) ;
#430 = ORIENTED_EDGE ( 'NONE', *, *, #697, .T. ) ;
#431 = ORIENTED_EDGE ( 'NONE', *, *, #1989, .T. ) ;
#432 = DIRECTION ( 'NONE',  ( -0.000000000000000000, 1.000000000000000000, 0.000000000000000000 ) ) ;
#433 = LINE ( 'NONE', #723, #2851 ) ;
#434 = LINE ( 'NONE', #2597, #2394 ) ;
#435 = LINE ( 'NONE', #2085, #1559 ) ;
#436 = DIRECTION ( 'NONE',  ( 0.000000000000000000, -0.000000000000000000, -1.000000000000000000 ) ) ;
#437 = EDGE_CURVE ( 'NONE', #1242, #1788, #1596, .T. ) ;
#438 = AXIS2_PLACEMENT_3D ( 'NONE', #1808, #2588, #3002 ) ;
#439 = LINE ( 'NONE', #424, #1608 ) ;
#440 = FACE_OUTER_BOUND ( 'NONE', #2032, .T. ) ;
#441 = ORIENTED_EDGE ( 'NONE', *, *, #634, .T. ) ;
#442 = CYLINDRICAL_SURFACE ( 'NONE', #2646, 1.700000000000000178 ) ;
#443 = ORIENTED_EDGE ( 'NONE', *, *, #1330, .F. ) ;
#444 = DIRECTION ( 'NONE',  ( 1.000000000000000000, 0.000000000000000000, 0.000000000000000000 ) ) ;
#445 = DIRECTION ( 'NONE',  ( 1.000000000000000000, -0.000000000000000000, -0.000000000000000000 ) ) ;
#446 = CARTESIAN_POINT ( 'NONE',  ( -18.50000000000001776, 67.95706005997578814, 137.0000000000000000 ) ) ;
#447 = LINE ( 'NONE', #1394, #2294 ) ;
#448 = DIRECTION ( 'NONE',  ( 1.000000000000000000, 0.000000000000000000, 0.000000000000000000 ) ) ;
#449 = EDGE_CURVE ( 'NONE', #936, #597, #2966, .T. ) ;
#450 = EDGE_CURVE ( 'NONE', #1029, #2397, #1801, .T. ) ;
#451 = CARTESIAN_POINT ( 'NONE',  ( 2.265596578422603396E-15, 37.00000000000000000, 137.0000000000000000 ) ) ;
#452 = ORIENTED_EDGE ( 'NONE', *, *, #369, .T. ) ;
#453 = DIRECTION ( 'NONE',  ( 0.000000000000000000, 0.000000000000000000, 1.000000000000000000 ) ) ;
#454 = DIRECTION ( 'NONE',  ( -1.000000000000000000, 0.000000000000000000, 0.000000000000000000 ) ) ;
#455 = CARTESIAN_POINT ( 'NONE',  ( 75.00000000000000000, 135.0000000000000284, 91.00000000000001421 ) ) ;
#456 = CIRCLE ( 'NONE', #1995, 1.700000000000000178 ) ;
#457 = VERTEX_POINT ( 'NONE', #1366 ) ;
#458 = CIRCLE ( 'NONE', #2192, 47.00000000000000000 ) ;
#459 = PLANE ( 'NONE',  #115 ) ;
#460 = CARTESIAN_POINT ( 'NONE',  ( 71.00000000000000000, -134.0000000000000284, 95.00000000000001421 ) ) ;
#461 = AXIS2_PLACEMENT_3D ( 'NONE', #1652, #467, #2126 ) ;
#462 = CARTESIAN_POINT ( 'NONE',  ( 18.50000000000000355, -67.95706005997578814, 131.0000000000000000 ) ) ;
#463 = CIRCLE ( 'NONE', #665, 1.700000000000000178 ) ;
#464 = ADVANCED_FACE ( 'NONE', ( #2554 ), #593, .F. ) ;
#465 = ORIENTED_EDGE ( 'NONE', *, *, #679, .T. ) ;
#466 = CARTESIAN_POINT ( 'NONE',  ( -32.04293994002423318, 18.49999999999999645, 131.0000000000000000 ) ) ;
#467 = DIRECTION ( 'NONE',  ( -0.000000000000000000, -0.000000000000000000, -1.000000000000000000 ) ) ;
#468 = LINE ( 'NONE', #261, #1212 ) ;
#469 = EDGE_CURVE ( 'NONE', #1512, #763, #2086, .T. ) ;
#470 = AXIS2_PLACEMENT_3D ( 'NONE', #521, #1474, #373 ) ;
#471 = ORIENTED_EDGE ( 'NONE', *, *, #2276, .F. ) ;
#472 = FACE_BOUND ( 'NONE', #810, .T. ) ;
#473 = DIRECTION ( 'NONE',  ( 1.000000000000000000, 0.000000000000000000, 0.000000000000000000 ) ) ;
#474 = EDGE_LOOP ( 'NONE', ( #1353, #2329, #1360, #1014 ) ) ;
#475 = CARTESIAN_POINT ( 'NONE',  ( -37.00000000000000000, 100.0000000000000000, 131.0000000000000000 ) ) ;
#476 = ORIENTED_EDGE ( 'NONE', *, *, #1454, .F. ) ;
#477 = DIRECTION ( 'NONE',  ( 1.000000000000000000, 0.000000000000000000, 0.000000000000000000 ) ) ;
#478 = ORIENTED_EDGE ( 'NONE', *, *, #908, .F. ) ;
#479 = DIRECTION ( 'NONE',  ( 0.000000000000000000, 0.000000000000000000, 1.000000000000000000 ) ) ;
#480 = VECTOR ( 'NONE', #670, 1000.000000000000000 ) ;
#481 = CARTESIAN_POINT ( 'NONE',  ( 32.04293994002423318, 18.49999999999999645, 137.0000000000000000 ) ) ;
#482 = ORIENTED_EDGE ( 'NONE', *, *, #2449, .F. ) ;
#483 = EDGE_CURVE ( 'NONE', #155, #2704, #2298, .T. ) ;
#484 = CARTESIAN_POINT ( 'NONE',  ( 35.29999999999999716, 100.0000000000000000, 137.0000000000000000 ) ) ;
#485 = DIRECTION ( 'NONE',  ( -0.000000000000000000, -0.000000000000000000, -1.000000000000000000 ) ) ;
#486 = ORIENTED_EDGE ( 'NONE', *, *, #34, .F. ) ;
#487 = CARTESIAN_POINT ( 'NONE',  ( -71.00000000000000000, -135.0000000000000284, 91.00000000000001421 ) ) ;
#488 = COORDINATED_UNIVERSAL_TIME_OFFSET ( 5, 30, .AHEAD. ) ;
#489 = EDGE_LOOP ( 'NONE', ( #1736, #411, #671, #1274 ) ) ;
#490 = FACE_OUTER_BOUND ( 'NONE', #277, .T. ) ;
#491 = EDGE_LOOP ( 'NONE', ( #465, #55 ) ) ;
#492 = DIRECTION ( 'NONE',  ( 1.000000000000000000, 0.000000000000000000, 0.000000000000000000 ) ) ;
#493 = VERTEX_POINT ( 'NONE', #861 ) ;
#494 = DIRECTION ( 'NONE',  ( -0.000000000000000000, -0.000000000000000000, -1.000000000000000000 ) ) ;
#495 = VERTEX_POINT ( 'NONE', #142 ) ;
#496 = ADVANCED_FACE ( 'NONE', ( #2050 ), #2997, .F. ) ;
#497 = VECTOR ( 'NONE', #2308, 1000.000000000000000 ) ;
#498 = DIRECTION ( 'NONE',  ( 0.000000000000000000, 0.000000000000000000, 1.000000000000000000 ) ) ;
#499 = CARTESIAN_POINT ( 'NONE',  ( -75.00000000000000000, -130.0000000000000284, 131.0000000000000000 ) ) ;
#500 = AXIS2_PLACEMENT_3D ( 'NONE', #1277, #47, #2707 ) ;
#501 = EDGE_CURVE ( 'NONE', #2404, #906, #1132, .T. ) ;
#502 = CIRCLE ( 'NONE', #1352, 1.699999999999999956 ) ;
#503 = DIRECTION ( 'NONE',  ( -1.000000000000000000, 0.000000000000000000, 0.000000000000000000 ) ) ;
#504 = ADVANCED_FACE ( 'NONE', ( #605 ), #2796, .F. ) ;
#505 = CIRCLE ( 'NONE', #606, 1.700000000000000178 ) ;
#506 = EDGE_LOOP ( 'NONE', ( #2492, #1136, #1709, #1550 ) ) ;
#507 = CARTESIAN_POINT ( 'NONE',  ( 0.000000000000000000, 0.000000000000000000, 95.00000000000001421 ) ) ;
#508 = ORIENTED_EDGE ( 'NONE', *, *, #686, .F. ) ;
#509 = CARTESIAN_POINT ( 'NONE',  ( 71.00000000000000000, -134.0000000000000284, 131.0000000000000000 ) ) ;
#510 = EDGE_LOOP ( 'NONE', ( #2496, #815, #641, #1174 ) ) ;
#511 = CARTESIAN_POINT ( 'NONE',  ( 16.80000000000000071, 67.95706005997578814, 131.0000000000000000 ) ) ;
#512 = AXIS2_PLACEMENT_3D ( 'NONE', #1185, #1155, #3062 ) ;
#513 = ORIENTED_EDGE ( 'NONE', *, *, #64, .T. ) ;
#514 = EDGE_LOOP ( 'NONE', ( #2066, #2343, #2239, #340, #851, #2622, #1537, #117, #876, #224, #2140, #1572, #938, #1495, #78, #1428, #364, #273, #874, #983, #833, #2505, #401, #3009 ) ) ;
#515 = VECTOR ( 'NONE', #173, 1000.000000000000000 ) ;
#516 = DIRECTION ( 'NONE',  ( 0.000000000000000000, 0.000000000000000000, 1.000000000000000000 ) ) ;
#517 = DIRECTION ( 'NONE',  ( 1.000000000000000000, 0.000000000000000000, 0.000000000000000000 ) ) ;
#518 = ADVANCED_FACE ( 'NONE', ( #2526 ), #135, .F. ) ;
#519 = ORIENTED_EDGE ( 'NONE', *, *, #2257, .T. ) ;
#520 = ORIENTED_EDGE ( 'NONE', *, *, #1702, .T. ) ;
#521 = CARTESIAN_POINT ( 'NONE',  ( 49.99999999999999289, -155.0000000000000284, 137.0000000000000000 ) ) ;
#522 = ORIENTED_EDGE ( 'NONE', *, *, #2529, .T. ) ;
#523 = DIRECTION ( 'NONE',  ( -0.7071067811865476838, 0.7071067811865474617, 0.000000000000000000 ) ) ;
#524 = AXIS2_PLACEMENT_3D ( 'NONE', #188, #1165, #168 ) ;
#525 = EDGE_CURVE ( 'NONE', #1512, #1605, #2149, .T. ) ;
#526 = CARTESIAN_POINT ( 'NONE',  ( -15.00000000000000000, 0.000000000000000000, 137.0000000000000000 ) ) ;
#527 = VERTEX_POINT ( 'NONE', #2040 ) ;
#528 = ORIENTED_EDGE ( 'NONE', *, *, #2283, .F. ) ;
#529 = CARTESIAN_POINT ( 'NONE',  ( 18.50000000000000355, -132.0429399400242119, 137.0000000000000000 ) ) ;
#530 = CARTESIAN_POINT ( 'NONE',  ( 20.20000000000000284, -67.95706005997578814, 131.0000000000000000 ) ) ;
#531 = CARTESIAN_POINT ( 'NONE',  ( -35.29999999999999716, -100.0000000000000000, 137.0000000000000000 ) ) ;
#532 = APPROVAL_DATE_TIME ( #1298, #1372 ) ;
#533 = EDGE_CURVE ( 'NONE', #1299, #1287, #3023, .T. ) ;
#534 = VERTEX_POINT ( 'NONE', #636 ) ;
#535 = ORIENTED_EDGE ( 'NONE', *, *, #1451, .T. ) ;
#536 = CARTESIAN_POINT ( 'NONE',  ( -12.00000000000000000, 100.0000000000000000, 137.0000000000000000 ) ) ;
#537 = DIRECTION ( 'NONE',  ( 1.000000000000000000, 0.000000000000000000, 0.000000000000000000 ) ) ;
#538 = EDGE_CURVE ( 'NONE', #1539, #2978, #1556, .T. ) ;
#539 = EDGE_LOOP ( 'NONE', ( #1017, #2391 ) ) ;
#540 = FACE_OUTER_BOUND ( 'NONE', #71, .T. ) ;
#541 = CARTESIAN_POINT ( 'NONE',  ( -32.04293994002423318, 18.49999999999999645, 137.0000000000000000 ) ) ;
#542 = ORIENTED_EDGE ( 'NONE', *, *, #3060, .F. ) ;
#543 = VERTEX_POINT ( 'NONE', #2076 ) ;
#544 = CARTESIAN_POINT ( 'NONE',  ( 16.80000000000000071, -132.0429399400242119, 131.0000000000000000 ) ) ;
#545 = VECTOR ( 'NONE', #333, 1000.000000000000000 ) ;
#546 = CARTESIAN_POINT ( 'NONE',  ( -75.00000000000000000, 130.0000000000000284, 137.0000000000000000 ) ) ;
#547 = AXIS2_PLACEMENT_3D ( 'NONE', #1606, #2398, #688 ) ;
#548 = COORDINATED_UNIVERSAL_TIME_OFFSET ( 5, 30, .AHEAD. ) ;
#549 = ORIENTED_EDGE ( 'NONE', *, *, #2237, .T. ) ;
#550 = VECTOR ( 'NONE', #2434, 1000.000000000000000 ) ;
#551 = ORIENTED_EDGE ( 'NONE', *, *, #2341, .T. ) ;
#552 = DIRECTION ( 'NONE',  ( 0.000000000000000000, 0.000000000000000000, 1.000000000000000000 ) ) ;
#553 = ADVANCED_FACE ( 'NONE', ( #2562 ), #442, .F. ) ;
#554 = CARTESIAN_POINT ( 'NONE',  ( -16.79999999999999361, 132.0429399400242403, 137.0000000000000000 ) ) ;
#555 = AXIS2_PLACEMENT_3D ( 'NONE', #2982, #1350, #372 ) ;
#556 = VERTEX_POINT ( 'NONE', #3037 ) ;
#557 = DIRECTION ( 'NONE',  ( -1.000000000000000000, 0.000000000000000000, 0.000000000000000000 ) ) ;
#558 = AXIS2_PLACEMENT_3D ( 'NONE', #3047, #163, #436 ) ;
#559 = EDGE_CURVE ( 'NONE', #2371, #2728, #405, .T. ) ;
#560 = CARTESIAN_POINT ( 'NONE',  ( -54.99999999999999289, -155.0000000000000284, 131.0000000000000000 ) ) ;
#561 = ORIENTED_EDGE ( 'NONE', *, *, #2165, .F. ) ;
#562 = AXIS2_PLACEMENT_3D ( 'NONE', #1162, #198, #2600 ) ;
#563 = ORIENTED_EDGE ( 'NONE', *, *, #2336, .T. ) ;
#564 = CIRCLE ( 'NONE', #2763, 15.00000000000000000 ) ;
#565 = LINE ( 'NONE', #1968, #2247 ) ;
#566 = VECTOR ( 'NONE', #1681, 1000.000000000000000 ) ;
#567 = FACE_BOUND ( 'NONE', #130, .T. ) ;
#568 = FACE_OUTER_BOUND ( 'NONE', #846, .T. ) ;
#569 = VERTEX_POINT ( 'NONE', #852 ) ;
#570 = FACE_OUTER_BOUND ( 'NONE', #2744, .T. ) ;
#571 = CARTESIAN_POINT ( 'NONE',  ( 30.34293994002421613, -18.50000000000001776, 137.0000000000000000 ) ) ;
#572 = ORIENTED_EDGE ( 'NONE', *, *, #2152, .T. ) ;
#573 = DIRECTION ( 'NONE',  ( -1.000000000000000000, 0.000000000000000000, 0.000000000000000000 ) ) ;
#574 = DIRECTION ( 'NONE',  ( 0.000000000000000000, 0.000000000000000000, 1.000000000000000000 ) ) ;
#575 = ORIENTED_EDGE ( 'NONE', *, *, #2443, .T. ) ;
#576 = EDGE_CURVE ( 'NONE', #3022, #2142, #2325, .T. ) ;
#577 = EDGE_LOOP ( 'NONE', ( #1902, #1949 ) ) ;
#578 = CARTESIAN_POINT ( 'NONE',  ( 71.00000000000000000, 135.0000000000000284, 91.00000000000001421 ) ) ;
#579 = EDGE_CURVE ( 'NONE', #2680, #1186, #1864, .T. ) ;
#580 = DIRECTION ( 'NONE',  ( -0.000000000000000000, -0.000000000000000000, -1.000000000000000000 ) ) ;
#581 = DIRECTION ( 'NONE',  ( -0.000000000000000000, -0.000000000000000000, 1.000000000000000000 ) ) ;
#582 = APPROVAL_ROLE ( '' ) ;
#583 = ADVANCED_FACE ( 'NONE', ( #2815 ), #888, .F. ) ;
#584 = VERTEX_POINT ( 'NONE', #1323 ) ;
#585 = CARTESIAN_POINT ( 'NONE',  ( 0.000000000000000000, 100.0000000000000000, 137.0000000000000000 ) ) ;
#586 = LINE ( 'NONE', #554, #2779 ) ;
#587 = EDGE_LOOP ( 'NONE', ( #778, #2205, #2980, #1783 ) ) ;
#588 = LINE ( 'NONE', #1570, #2817 ) ;
#589 = ORIENTED_EDGE ( 'NONE', *, *, #968, .F. ) ;
#590 = ORIENTED_EDGE ( 'NONE', *, *, #450, .T. ) ;
#591 = EDGE_LOOP ( 'NONE', ( #40, #2589, #1773, #2771 ) ) ;
#592 = DIRECTION ( 'NONE',  ( -0.000000000000000000, -0.000000000000000000, -1.000000000000000000 ) ) ;
#593 = PLANE ( 'NONE',  #2699 ) ;
#594 = DIRECTION ( 'NONE',  ( 0.7071067811865476838, -0.7071067811865474617, 0.000000000000000000 ) ) ;
#595 = EDGE_CURVE ( 'NONE', #457, #1667, #1445, .T. ) ;
#596 = VECTOR ( 'NONE', #2277, 1000.000000000000000 ) ;
#597 = VERTEX_POINT ( 'NONE', #620 ) ;
#598 = ORIENTED_EDGE ( 'NONE', *, *, #1364, .F. ) ;
#599 = AXIS2_PLACEMENT_3D ( 'NONE', #507, #943, #477 ) ;
#600 = LINE ( 'NONE', #2729, #2502 ) ;
#601 = CARTESIAN_POINT ( 'NONE',  ( 18.50000000000000355, 67.95706005997578814, 131.0000000000000000 ) ) ;
#602 = EDGE_CURVE ( 'NONE', #2608, #1680, #1569, .T. ) ;
#603 = AXIS2_PLACEMENT_3D ( 'NONE', #196, #1627, #1139 ) ;
#604 = EDGE_LOOP ( 'NONE', ( #589, #2843 ) ) ;
#605 = FACE_OUTER_BOUND ( 'NONE', #3075, .T. ) ;
#606 = AXIS2_PLACEMENT_3D ( 'NONE', #385, #885, #1333 ) ;
#607 = DIRECTION ( 'NONE',  ( 0.000000000000000000, 0.000000000000000000, -1.000000000000000000 ) ) ;
#608 = DIRECTION ( 'NONE',  ( 0.000000000000000000, 0.000000000000000000, 1.000000000000000000 ) ) ;
#609 = EDGE_LOOP ( 'NONE', ( #1693, #2023 ) ) ;
#610 = EDGE_LOOP ( 'NONE', ( #730, #978 ) ) ;
#611 = CARTESIAN_POINT ( 'NONE',  ( 75.00000000000000000, -135.0000000000000284, 91.00000000000001421 ) ) ;
#612 = DIRECTION ( 'NONE',  ( 1.000000000000000000, 0.000000000000000000, 0.000000000000000000 ) ) ;
#613 = AXIS2_PLACEMENT_3D ( 'NONE', #2671, #748, #1240 ) ;
#614 = VECTOR ( 'NONE', #779, 1000.000000000000000 ) ;
#615 = VERTEX_POINT ( 'NONE', #1844 ) ;
#616 = ADVANCED_FACE ( 'NONE', ( #1827 ), #2782, .F. ) ;
#617 = CARTESIAN_POINT ( 'NONE',  ( 37.00000000000000000, -100.0000000000000000, 137.0000000000000000 ) ) ;
#618 = CARTESIAN_POINT ( 'NONE',  ( -30.34293994002423034, 18.49999999999999645, 137.0000000000000000 ) ) ;
#619 = VERTEX_POINT ( 'NONE', #2306 ) ;
#620 = CARTESIAN_POINT ( 'NONE',  ( -54.99999999999999289, -155.0000000000000284, 131.0000000000000000 ) ) ;
#621 = CARTESIAN_POINT ( 'NONE',  ( 16.80000000000000071, 67.95706005997578814, 137.0000000000000000 ) ) ;
#622 = CARTESIAN_POINT ( 'NONE',  ( -54.00000000000000000, 151.0000000000000284, 0.000000000000000000 ) ) ;
#623 = EDGE_LOOP ( 'NONE', ( #387, #746, #2636, #2845 ) ) ;
#624 = ORIENTED_EDGE ( 'NONE', *, *, #2947, .T. ) ;
#625 = ADVANCED_FACE ( 'NONE', ( #171 ), #1117, .F. ) ;
#626 = APPROVAL ( #284, 'UNSPECIFIED' ) ;
#627 = LINE ( 'NONE', #611, #301 ) ;
#628 = DIRECTION ( 'NONE',  ( -1.000000000000000000, 0.000000000000000000, 0.000000000000000000 ) ) ;
#629 = CYLINDRICAL_SURFACE ( 'NONE', #1206, 1.700000000000000178 ) ;
#630 = DIRECTION ( 'NONE',  ( 1.000000000000000000, 0.000000000000000000, 0.000000000000000000 ) ) ;
#631 = CIRCLE ( 'NONE', #969, 12.00000000000000000 ) ;
#632 = CARTESIAN_POINT ( 'NONE',  ( 16.80000000000000071, 132.0429399400242119, 137.0000000000000000 ) ) ;
#633 = CARTESIAN_POINT ( 'NONE',  ( 54.00000000000000000, 151.0000000000000284, 0.000000000000000000 ) ) ;
#634 = EDGE_CURVE ( 'NONE', #2644, #2305, #957, .T. ) ;
#635 = VERTEX_POINT ( 'NONE', #1439 ) ;
#636 = CARTESIAN_POINT ( 'NONE',  ( -54.00000000000000000, 151.0000000000000284, 95.00000000000001421 ) ) ;
#637 = CARTESIAN_POINT ( 'NONE',  ( 32.04293994002421897, -18.50000000000001776, 137.0000000000000000 ) ) ;
#638 = EDGE_CURVE ( 'NONE', #88, #2922, #1696, .T. ) ;
#639 = DIRECTION ( 'NONE',  ( 0.000000000000000000, 0.000000000000000000, 1.000000000000000000 ) ) ;
#640 = ORIENTED_EDGE ( 'NONE', *, *, #842, .T. ) ;
#641 = ORIENTED_EDGE ( 'NONE', *, *, #679, .F. ) ;
#642 = EDGE_LOOP ( 'NONE', ( #1478, #575 ) ) ;
#643 = FACE_BOUND ( 'NONE', #610, .T. ) ;
#644 = FACE_OUTER_BOUND ( 'NONE', #1624, .T. ) ;
#645 = EDGE_CURVE ( 'NONE', #1891, #1998, #2049, .T. ) ;
#646 = DIRECTION ( 'NONE',  ( -1.000000000000000000, 0.000000000000000000, 0.000000000000000000 ) ) ;
#647 = DIRECTION ( 'NONE',  ( -0.000000000000000000, -0.000000000000000000, -1.000000000000000000 ) ) ;
#648 = DIRECTION ( 'NONE',  ( 1.000000000000000000, 0.000000000000000000, 0.000000000000000000 ) ) ;
#649 = DIRECTION ( 'NONE',  ( -0.000000000000000000, -1.000000000000000000, -0.000000000000000000 ) ) ;
#650 = CARTESIAN_POINT ( 'NONE',  ( 15.00000000000000000, 1.836970198721029589E-15, 137.0000000000000000 ) ) ;
#651 = FACE_OUTER_BOUND ( 'NONE', #591, .T. ) ;
#652 = ORIENTED_EDGE ( 'NONE', *, *, #2292, .F. ) ;
#653 = CARTESIAN_POINT ( 'NONE',  ( -71.00000000000000000, 135.0000000000000284, 131.0000000000000000 ) ) ;
#654 = AXIS2_PLACEMENT_3D ( 'NONE', #881, #182, #2020 ) ;
#655 = VERTEX_POINT ( 'NONE', #2163 ) ;
#656 = ADVANCED_FACE ( 'NONE', ( #26 ), #971, .F. ) ;
#657 = DIRECTION ( 'NONE',  ( 0.000000000000000000, 0.000000000000000000, 1.000000000000000000 ) ) ;
#658 = CIRCLE ( 'NONE', #2245, 47.00000000000000000 ) ;
#659 = ORIENTED_EDGE ( 'NONE', *, *, #1398, .T. ) ;
#660 = ORIENTED_EDGE ( 'NONE', *, *, #714, .T. ) ;
#661 = AXIS2_PLACEMENT_3D ( 'NONE', #2182, #1022, #991 ) ;
#662 = EDGE_CURVE ( 'NONE', #1179, #2546, #1039, .T. ) ;
#663 = FACE_BOUND ( 'NONE', #175, .T. ) ;
#664 = CARTESIAN_POINT ( 'NONE',  ( -54.99999999999999289, 155.0000000000000284, 131.0000000000000000 ) ) ;
#665 = AXIS2_PLACEMENT_3D ( 'NONE', #1976, #2924, #1990 ) ;
#666 = DIRECTION ( 'NONE',  ( 0.000000000000000000, 0.000000000000000000, -1.000000000000000000 ) ) ;
#667 = AXIS2_PLACEMENT_3D ( 'NONE', #2701, #1660, #2379 ) ;
#668 = DIRECTION ( 'NONE',  ( 0.000000000000000000, -1.000000000000000000, 0.000000000000000000 ) ) ;
#669 = AXIS2_PLACEMENT_3D ( 'NONE', #1324, #2466, #1288 ) ;
#670 = DIRECTION ( 'NONE',  ( 0.000000000000000000, -1.000000000000000000, 0.000000000000000000 ) ) ;
#671 = ORIENTED_EDGE ( 'NONE', *, *, #2524, .F. ) ;
#672 = DIRECTION ( 'NONE',  ( -0.000000000000000000, -0.000000000000000000, -1.000000000000000000 ) ) ;
#673 = AXIS2_PLACEMENT_3D ( 'NONE', #945, #2151, #2886 ) ;
#674 = LINE ( 'NONE', #2079, #920 ) ;
#675 = FACE_BOUND ( 'NONE', #170, .T. ) ;
#676 = DIRECTION ( 'NONE',  ( -1.000000000000000000, 0.000000000000000000, 0.000000000000000000 ) ) ;
#677 = FACE_OUTER_BOUND ( 'NONE', #38, .T. ) ;
#678 = EDGE_CURVE ( 'NONE', #2458, #84, #2884, .T. ) ;
#679 = EDGE_CURVE ( 'NONE', #257, #2432, #1196, .T. ) ;
#680 = LINE ( 'NONE', #696, #260 ) ;
#681 = ADVANCED_FACE ( 'NONE', ( #1208 ), #1692, .F. ) ;
#682 = VERTEX_POINT ( 'NONE', #218 ) ;
#683 = DIRECTION ( 'NONE',  ( -1.000000000000000000, -0.000000000000000000, -0.000000000000000000 ) ) ;
#684 = CARTESIAN_POINT ( 'NONE',  ( 12.00000000000000000, 100.0000000000000000, 137.0000000000000000 ) ) ;
#685 = LOCAL_TIME ( 11, 8, 33.00000000000000000, #548 ) ;
#686 = EDGE_CURVE ( 'NONE', #2452, #1052, #2590, .T. ) ;
#687 = ORIENTED_EDGE ( 'NONE', *, *, #2698, .T. ) ;
#688 = DIRECTION ( 'NONE',  ( -1.000000000000000000, 0.000000000000000000, 0.000000000000000000 ) ) ;
#689 = ORIENTED_EDGE ( 'NONE', *, *, #1219, .T. ) ;
#690 = CARTESIAN_POINT ( 'NONE',  ( 12.00000000000000000, -100.0000000000000000, 137.0000000000000000 ) ) ;
#691 = VERTEX_POINT ( 'NONE', #2414 ) ;
#692 = FACE_BOUND ( 'NONE', #699, .T. ) ;
#693 = DIRECTION ( 'NONE',  ( -0.000000000000000000, -0.000000000000000000, -1.000000000000000000 ) ) ;
#694 = LINE ( 'NONE', #664, #1396 ) ;
#695 = FACE_OUTER_BOUND ( 'NONE', #2468, .T. ) ;
#696 = CARTESIAN_POINT ( 'NONE',  ( -71.00000000000000000, 134.0000000000000284, 0.000000000000000000 ) ) ;
#697 = EDGE_CURVE ( 'NONE', #2058, #44, #1601, .T. ) ;
#698 = DATE_AND_TIME ( #1888, #1576 ) ;
#699 = EDGE_LOOP ( 'NONE', ( #1120, #2438 ) ) ;
#700 = CARTESIAN_POINT ( 'NONE',  ( -54.99999999999999289, 155.0000000000000284, 131.0000000000000000 ) ) ;
#701 = ORIENTED_EDGE ( 'NONE', *, *, #2048, .F. ) ;
#702 = EDGE_CURVE ( 'NONE', #527, #189, #2855, .T. ) ;
#703 = DIRECTION ( 'NONE',  ( 0.000000000000000000, -1.000000000000000000, 0.000000000000000000 ) ) ;
#704 = VECTOR ( 'NONE', #639, 1000.000000000000000 ) ;
#705 = VERTEX_POINT ( 'NONE', #1903 ) ;
#706 = AXIS2_PLACEMENT_3D ( 'NONE', #2288, #205, #1623 ) ;
#707 = CARTESIAN_POINT ( 'NONE',  ( -33.74293994002422181, -18.50000000000000355, 137.0000000000000000 ) ) ;
#708 = ORIENTED_EDGE ( 'NONE', *, *, #3035, .F. ) ;
#709 = CIRCLE ( 'NONE', #755, 1.699999999999999956 ) ;
#710 = CARTESIAN_POINT ( 'NONE',  ( -49.99999999999998579, 155.0000000000000284, 131.0000000000000000 ) ) ;
#711 = AXIS2_PLACEMENT_3D ( 'NONE', #3017, #1632, #1090 ) ;
#712 = PERSON_AND_ORGANIZATION_ROLE ( 'creator' ) ;
#713 = CIRCLE ( 'NONE', #2455, 1.699999999999999956 ) ;
#714 = EDGE_CURVE ( 'NONE', #2525, #1184, #2645, .T. ) ;
#715 = VERTEX_POINT ( 'NONE', #2632 ) ;
#716 = DIRECTION ( 'NONE',  ( -0.000000000000000000, -0.000000000000000000, -1.000000000000000000 ) ) ;
#717 = ORIENTED_EDGE ( 'NONE', *, *, #1721, .F. ) ;
#718 = CARTESIAN_POINT ( 'NONE',  ( 20.00000000000000000, 2.449293598294706513E-15, 91.00000000000001421 ) ) ;
#719 = DIRECTION ( 'NONE',  ( 0.000000000000000000, 0.000000000000000000, 1.000000000000000000 ) ) ;
#720 = VECTOR ( 'NONE', #984, 1000.000000000000000 ) ;
#721 = ORIENTED_EDGE ( 'NONE', *, *, #2251, .T. ) ;
#722 = CARTESIAN_POINT ( 'NONE',  ( -54.99999999999999289, 155.0000000000000284, 91.00000000000001421 ) ) ;
#723 = CARTESIAN_POINT ( 'NONE',  ( 75.00000000000000000, 130.0000000000000284, 131.0000000000000000 ) ) ;
#724 = VERTEX_POINT ( 'NONE', #1919 ) ;
#725 = DIRECTION ( 'NONE',  ( 0.000000000000000000, 1.000000000000000000, 0.000000000000000000 ) ) ;
#726 = LINE ( 'NONE', #2392, #2259 ) ;
#727 = APPROVAL_ROLE ( '' ) ;
#728 = ORIENTED_EDGE ( 'NONE', *, *, #783, .F. ) ;
#729 = DIRECTION ( 'NONE',  ( 0.000000000000000000, 0.000000000000000000, 1.000000000000000000 ) ) ;
#730 = ORIENTED_EDGE ( 'NONE', *, *, #2524, .T. ) ;
#731 = FACE_OUTER_BOUND ( 'NONE', #2311, .T. ) ;
#732 = ADVANCED_FACE ( 'NONE', ( #244, #1679, #2138, #3081 ), #2617, .T. ) ;
#733 = CARTESIAN_POINT ( 'NONE',  ( -54.99999999999999289, -151.0000000000000284, 91.00000000000001421 ) ) ;
#734 = EDGE_LOOP ( 'NONE', ( #508, #1276, #1135, #2910 ) ) ;
#735 = EDGE_CURVE ( 'NONE', #1502, #1242, #253, .T. ) ;
#736 = CARTESIAN_POINT ( 'NONE',  ( -32.04293994002423318, 18.49999999999999645, 137.0000000000000000 ) ) ;
#737 = EDGE_LOOP ( 'NONE', ( #176, #1326, #2991, #785, #2731, #285, #2162, #2235 ) ) ;
#738 = DIRECTION ( 'NONE',  ( 0.000000000000000000, 0.000000000000000000, 1.000000000000000000 ) ) ;
#739 = CARTESIAN_POINT ( 'NONE',  ( 0.000000000000000000, -100.0000000000000000, 91.00000000000001421 ) ) ;
#740 = PERSON_AND_ORGANIZATION ( #1639, #824 ) ;
#741 = EDGE_LOOP ( 'NONE', ( #2214, #2781, #520, #1561, #1399, #660, #59, #2464 ) ) ;
#742 = DIRECTION ( 'NONE',  ( 1.000000000000000000, 0.000000000000000000, 0.000000000000000000 ) ) ;
#743 = ORIENTED_EDGE ( 'NONE', *, *, #1984, .T. ) ;
#744 = CARTESIAN_POINT ( 'NONE',  ( 75.00000000000000000, 130.0000000000000284, 131.0000000000000000 ) ) ;
#745 = DIRECTION ( 'NONE',  ( 0.000000000000000000, 0.000000000000000000, -1.000000000000000000 ) ) ;
#746 = ORIENTED_EDGE ( 'NONE', *, *, #1302, .F. ) ;
#747 = EDGE_CURVE ( 'NONE', #1341, #1264, #1750, .T. ) ;
#748 = DIRECTION ( 'NONE',  ( 0.000000000000000000, 0.000000000000000000, 1.000000000000000000 ) ) ;
#749 = VECTOR ( 'NONE', #2713, 1000.000000000000000 ) ;
#750 = ORIENTED_EDGE ( 'NONE', *, *, #2857, .T. ) ;
#751 = ADVANCED_FACE ( 'NONE', ( #490 ), #1231, .F. ) ;
#752 = ADVANCED_FACE ( 'NONE', ( #2216 ), #2409, .F. ) ;
#753 = AXIS2_PLACEMENT_3D ( 'NONE', #2358, #1167, #2174 ) ;
#754 = LINE ( 'NONE', #1514, #1402 ) ;
#755 = AXIS2_PLACEMENT_3D ( 'NONE', #157, #415, #1362 ) ;
#756 = VECTOR ( 'NONE', #1293, 1000.000000000000000 ) ;
#757 = AXIS2_PLACEMENT_3D ( 'NONE', #847, #3000, #1875 ) ;
#758 = ORIENTED_EDGE ( 'NONE', *, *, #449, .T. ) ;
#759 = ORIENTED_EDGE ( 'NONE', *, *, #867, .F. ) ;
#760 = LINE ( 'NONE', #2386, #2992 ) ;
#761 = CIRCLE ( 'NONE', #1810, 1.699999999999999956 ) ;
#762 = LINE ( 'NONE', #2609, #2615 ) ;
#763 = VERTEX_POINT ( 'NONE', #2421 ) ;
#764 = CARTESIAN_POINT ( 'NONE',  ( -37.00000000000000000, -100.0000000000000000, 137.0000000000000000 ) ) ;
#765 = VECTOR ( 'NONE', #1248, 1000.000000000000000 ) ;
#766 = ORIENTED_EDGE ( 'NONE', *, *, #2934, .F. ) ;
#767 = CARTESIAN_POINT ( 'NONE',  ( 0.000000000000000000, 0.000000000000000000, 95.00000000000001421 ) ) ;
#768 = EDGE_CURVE ( 'NONE', #2872, #1002, #754, .T. ) ;
#769 = DIRECTION ( 'NONE',  ( -0.000000000000000000, -0.000000000000000000, -1.000000000000000000 ) ) ;
#770 = DIRECTION ( 'NONE',  ( 1.000000000000000000, 0.000000000000000000, 0.000000000000000000 ) ) ;
#771 = EDGE_CURVE ( 'NONE', #92, #134, #658, .T. ) ;
#772 = ORIENTED_EDGE ( 'NONE', *, *, #678, .T. ) ;
#773 = CARTESIAN_POINT ( 'NONE',  ( 75.00000000000000000, 130.0000000000000284, 137.0000000000000000 ) ) ;
#774 = ORIENTED_EDGE ( 'NONE', *, *, #1320, .T. ) ;
#775 = CARTESIAN_POINT ( 'NONE',  ( 75.00000000000000000, 135.0000000000000284, 131.0000000000000000 ) ) ;
#776 = CARTESIAN_POINT ( 'NONE',  ( -54.99999999999999289, -151.0000000000000284, 131.0000000000000000 ) ) ;
#777 = EDGE_CURVE ( 'NONE', #2397, #906, #1800, .T. ) ;
#778 = ORIENTED_EDGE ( 'NONE', *, *, #968, .T. ) ;
#779 = DIRECTION ( 'NONE',  ( -0.000000000000000000, -0.000000000000000000, -1.000000000000000000 ) ) ;
#780 = DIRECTION ( 'NONE',  ( -0.000000000000000000, -0.000000000000000000, -1.000000000000000000 ) ) ;
#781 = ORIENTED_EDGE ( 'NONE', *, *, #1425, .F. ) ;
#782 = CARTESIAN_POINT ( 'NONE',  ( 38.69999999999999574, 100.0000000000000000, 137.0000000000000000 ) ) ;
#783 = EDGE_CURVE ( 'NONE', #74, #1097, #458, .T. ) ;
#784 = FACE_OUTER_BOUND ( 'NONE', #892, .T. ) ;
#785 = ORIENTED_EDGE ( 'NONE', *, *, #2586, .F. ) ;
#786 = ORIENTED_EDGE ( 'NONE', *, *, #1187, .T. ) ;
#787 = CARTESIAN_POINT ( 'NONE',  ( 54.99999999999999289, 155.0000000000000284, 91.00000000000001421 ) ) ;
#788 = LINE ( 'NONE', #1505, #1574 ) ;
#789 = ORIENTED_EDGE ( 'NONE', *, *, #559, .F. ) ;
#790 = FACE_OUTER_BOUND ( 'NONE', #248, .T. ) ;
#791 = CARTESIAN_POINT ( 'NONE',  ( 71.00000000000000000, -135.0000000000000284, 131.0000000000000000 ) ) ;
#792 = ORIENTED_EDGE ( 'NONE', *, *, #1633, .T. ) ;
#793 = CARTESIAN_POINT ( 'NONE',  ( 18.50000000000000355, -132.0429399400242119, 131.0000000000000000 ) ) ;
#794 = VECTOR ( 'NONE', #1032, 1000.000000000000000 ) ;
#795 = FACE_OUTER_BOUND ( 'NONE', #31, .T. ) ;
#796 = AXIS2_PLACEMENT_3D ( 'NONE', #149, #190, #1081 ) ;
#797 = PERSON_AND_ORGANIZATION_ROLE ( 'classification_officer' ) ;
#798 = ORIENTED_EDGE ( 'NONE', *, *, #747, .F. ) ;
#799 = CYLINDRICAL_SURFACE ( 'NONE', #5, 47.00000000000000000 ) ;
#800 = VERTEX_POINT ( 'NONE', #66 ) ;
#801 = CARTESIAN_POINT ( 'NONE',  ( 15.00000000000000000, 1.836970198721029589E-15, 131.0000000000000000 ) ) ;
#802 = CARTESIAN_POINT ( 'NONE',  ( 37.00000000000000000, 100.0000000000000000, 131.0000000000000000 ) ) ;
#803 = CIRCLE ( 'NONE', #757, 1.700000000000000178 ) ;
#804 = ADVANCED_FACE ( 'NONE', ( #1732 ), #1481, .F. ) ;
#805 = ORIENTED_EDGE ( 'NONE', *, *, #634, .F. ) ;
#806 = CARTESIAN_POINT ( 'NONE',  ( 20.20000000000000284, -132.0429399400242119, 131.0000000000000000 ) ) ;
#807 = CARTESIAN_POINT ( 'NONE',  ( -71.00000000000000000, 135.0000000000000284, 91.00000000000001421 ) ) ;
#808 = AXIS2_PLACEMENT_3D ( 'NONE', #1482, #1232, #993 ) ;
#809 = EDGE_LOOP ( 'NONE', ( #2481, #652 ) ) ;
#810 = EDGE_LOOP ( 'NONE', ( #998, #1054 ) ) ;
#811 = AXIS2_PLACEMENT_3D ( 'NONE', #2406, #2450, #1911 ) ;
#812 = DIRECTION ( 'NONE',  ( 1.000000000000000000, 0.000000000000000000, 0.000000000000000000 ) ) ;
#813 = CIRCLE ( 'NONE', #268, 15.00000000000000000 ) ;
#814 = CARTESIAN_POINT ( 'NONE',  ( -16.79999999999999361, -67.95706005997577392, 137.0000000000000000 ) ) ;
#815 = ORIENTED_EDGE ( 'NONE', *, *, #2934, .T. ) ;
#816 = ORIENTED_EDGE ( 'NONE', *, *, #783, .T. ) ;
#817 = CARTESIAN_POINT ( 'NONE',  ( 0.000000000000000000, 100.0000000000000000, 95.00000000000001421 ) ) ;
#818 = CARTESIAN_POINT ( 'NONE',  ( 54.99999999999999289, -151.0000000000000284, 91.00000000000001421 ) ) ;
#819 = ORIENTED_EDGE ( 'NONE', *, *, #1342, .T. ) ;
#820 = EDGE_CURVE ( 'NONE', #1667, #457, #1244, .T. ) ;
#821 = PLANE ( 'NONE',  #2410 ) ;
#822 = ORIENTED_EDGE ( 'NONE', *, *, #2836, .T. ) ;
#823 = EDGE_LOOP ( 'NONE', ( #1080, #1086 ) ) ;
#824 = ORGANIZATION ( 'UNSPECIFIED', 'UNSPECIFIED', '' ) ;
#825 = ORIENTED_EDGE ( 'NONE', *, *, #1420, .T. ) ;
#826 = PRODUCT_DEFINITION_FORMATION_WITH_SPECIFIED_SOURCE ( 'ANY', '', #1037, .NOT_KNOWN. ) ;
#827 = DIRECTION ( 'NONE',  ( -1.000000000000000000, 0.000000000000000000, -0.000000000000000000 ) ) ;
#828 = CARTESIAN_POINT ( 'NONE',  ( -49.99999999999999289, 155.0000000000000284, 137.0000000000000000 ) ) ;
#829 = APPLICATION_CONTEXT ( 'configuration controlled 3d designs of mechanical parts and assemblies' ) ;
#830 = EDGE_CURVE ( 'NONE', #1463, #1891, #1940, .T. ) ;
#831 = DIRECTION ( 'NONE',  ( 0.7071067811865476838, 0.7071067811865474617, 0.000000000000000000 ) ) ;
#832 = ORIENTED_EDGE ( 'NONE', *, *, #450, .F. ) ;
#833 = ORIENTED_EDGE ( 'NONE', *, *, #768, .T. ) ;
#834 = CARTESIAN_POINT ( 'NONE',  ( 30.34293994002421613, -18.50000000000001776, 131.0000000000000000 ) ) ;
#835 = DIRECTION ( 'NONE',  ( 0.000000000000000000, 0.000000000000000000, 1.000000000000000000 ) ) ;
#836 = ORIENTED_EDGE ( 'NONE', *, *, #2614, .T. ) ;
#837 = LINE ( 'NONE', #560, #2012 ) ;
#838 = DIRECTION ( 'NONE',  ( -0.000000000000000000, -0.000000000000000000, -1.000000000000000000 ) ) ;
#839 = ORIENTED_EDGE ( 'NONE', *, *, #849, .F. ) ;
#840 = ORIENTED_EDGE ( 'NONE', *, *, #1468, .T. ) ;
#841 = CARTESIAN_POINT ( 'NONE',  ( -54.99999999999999289, 151.0000000000000284, 91.00000000000001421 ) ) ;
#842 = EDGE_CURVE ( 'NONE', #1586, #2969, #2658, .T. ) ;
#843 = EDGE_CURVE ( 'NONE', #2942, #2400, #565, .T. ) ;
#844 = FACE_OUTER_BOUND ( 'NONE', #2431, .T. ) ;
#845 = CIRCLE ( 'NONE', #2599, 1.700000000000000178 ) ;
#846 = EDGE_LOOP ( 'NONE', ( #11, #452, #1541, #1215 ) ) ;
#847 = CARTESIAN_POINT ( 'NONE',  ( -18.50000000000001776, 67.95706005997578814, 137.0000000000000000 ) ) ;
#848 = DIRECTION ( 'NONE',  ( 0.7071067811865473507, -0.7071067811865477948, 0.000000000000000000 ) ) ;
#849 = EDGE_CURVE ( 'NONE', #2942, #2156, #1247, .T. ) ;
#850 = AXIS2_PLACEMENT_3D ( 'NONE', #1417, #1668, #1473 ) ;
#851 = ORIENTED_EDGE ( 'NONE', *, *, #1245, .T. ) ;
#852 = CARTESIAN_POINT ( 'NONE',  ( 53.99999999999999289, 151.0000000000000284, 131.0000000000000000 ) ) ;
#853 = VECTOR ( 'NONE', #1824, 1000.000000000000000 ) ;
#854 = FACE_BOUND ( 'NONE', #2362, .T. ) ;
#855 = CARTESIAN_POINT ( 'NONE',  ( -71.00000000000000000, -135.0000000000000284, 91.00000000000001421 ) ) ;
#856 = ORIENTED_EDGE ( 'NONE', *, *, #2341, .F. ) ;
#857 = VERTEX_POINT ( 'NONE', #80 ) ;
#858 = CARTESIAN_POINT ( 'NONE',  ( 54.99999999999999289, -151.0000000000000284, 131.0000000000000000 ) ) ;
#859 = AXIS2_PLACEMENT_3D ( 'NONE', #1411, #1597, #448 ) ;
#860 = DIRECTION ( 'NONE',  ( -0.000000000000000000, -0.000000000000000000, -1.000000000000000000 ) ) ;
#861 = CARTESIAN_POINT ( 'NONE',  ( -54.00000000000000000, -151.0000000000000284, 91.00000000000001421 ) ) ;
#862 = CIRCLE ( 'NONE', #1109, 1.700000000000000178 ) ;
#863 = EDGE_CURVE ( 'NONE', #2081, #2253, #2051, .T. ) ;
#864 = CIRCLE ( 'NONE', #2867, 1.700000000000000178 ) ;
#865 = ORIENTED_EDGE ( 'NONE', *, *, #1509, .T. ) ;
#866 = LINE ( 'NONE', #3020, #305 ) ;
#867 = EDGE_CURVE ( 'NONE', #2006, #1007, #2919, .T. ) ;
#868 = LINE ( 'NONE', #618, #129 ) ;
#869 = ORIENTED_EDGE ( 'NONE', *, *, #1400, .F. ) ;
#870 = CARTESIAN_POINT ( 'NONE',  ( -75.00000000000000000, -135.0000000000000284, 91.00000000000001421 ) ) ;
#871 = ADVANCED_FACE ( 'NONE', ( #2641 ), #329, .F. ) ;
#872 = CARTESIAN_POINT ( 'NONE',  ( 20.20000000000000284, -67.95706005997578814, 137.0000000000000000 ) ) ;
#873 = CARTESIAN_POINT ( 'NONE',  ( 49.99999999999999289, 155.0000000000000284, 131.0000000000000000 ) ) ;
#874 = ORIENTED_EDGE ( 'NONE', *, *, #2381, .T. ) ;
#875 = ORIENTED_EDGE ( 'NONE', *, *, #2850, .T. ) ;
#876 = ORIENTED_EDGE ( 'NONE', *, *, #121, .F. ) ;
#877 = CARTESIAN_POINT ( 'NONE',  ( -47.00000000000000000, 100.0000000000000000, 95.00000000000001421 ) ) ;
#878 = CARTESIAN_POINT ( 'NONE',  ( 54.99999999999999289, 155.0000000000000284, 131.0000000000000000 ) ) ;
#879 = PLANE ( 'NONE',  #2801 ) ;
#880 = CARTESIAN_POINT ( 'NONE',  ( 18.50000000000000355, -67.95706005997578814, 137.0000000000000000 ) ) ;
#881 = CARTESIAN_POINT ( 'NONE',  ( 0.000000000000000000, 0.000000000000000000, 91.00000000000001421 ) ) ;
#882 = AXIS2_PLACEMENT_3D ( 'NONE', #120, #1255, #1776 ) ;
#883 = CARTESIAN_POINT ( 'NONE',  ( -75.00000000000000000, -135.0000000000000284, 131.0000000000000000 ) ) ;
#884 = ADVANCED_FACE ( 'NONE', ( #2676 ), #1035, .F. ) ;
#885 = DIRECTION ( 'NONE',  ( 0.000000000000000000, 0.000000000000000000, 1.000000000000000000 ) ) ;
#886 = CARTESIAN_POINT ( 'NONE',  ( 0.000000000000000000, -100.0000000000000000, 137.0000000000000000 ) ) ;
#887 = ORIENTED_EDGE ( 'NONE', *, *, #469, .F. ) ;
#888 = PLANE ( 'NONE',  #1093 ) ;
#889 = EDGE_LOOP ( 'NONE', ( #1282, #2 ) ) ;
#890 = DIRECTION ( 'NONE',  ( 0.000000000000000000, 0.000000000000000000, 1.000000000000000000 ) ) ;
#891 = EDGE_LOOP ( 'NONE', ( #407, #2935, #1316, #781 ) ) ;
#892 = EDGE_LOOP ( 'NONE', ( #2717, #988, #1592, #2866 ) ) ;
#893 = FACE_BOUND ( 'NONE', #2955, .T. ) ;
#894 = FACE_OUTER_BOUND ( 'NONE', #1789, .T. ) ;
#895 = DIRECTION ( 'NONE',  ( 0.000000000000000000, 0.000000000000000000, 1.000000000000000000 ) ) ;
#896 = DIRECTION ( 'NONE',  ( 0.000000000000000000, 0.000000000000000000, 1.000000000000000000 ) ) ;
#897 = CARTESIAN_POINT ( 'NONE',  ( -32.04293994002422608, -18.50000000000000355, 137.0000000000000000 ) ) ;
#898 = PLANE ( 'NONE',  #1656 ) ;
#899 = LINE ( 'NONE', #2521, #2198 ) ;
#900 = LINE ( 'NONE', #633, #2327 ) ;
#901 = ORIENTED_EDGE ( 'NONE', *, *, #1823, .T. ) ;
#902 = DIRECTION ( 'NONE',  ( -0.000000000000000000, -0.000000000000000000, -1.000000000000000000 ) ) ;
#903 = VECTOR ( 'NONE', #1380, 1000.000000000000000 ) ;
#904 = EDGE_CURVE ( 'NONE', #1539, #615, #2881, .T. ) ;
#905 = DIRECTION ( 'NONE',  ( -0.000000000000000000, -0.000000000000000000, -1.000000000000000000 ) ) ;
#906 = VERTEX_POINT ( 'NONE', #544 ) ;
#907 = CIRCLE ( 'NONE', #1604, 1.700000000000000178 ) ;
#908 = EDGE_CURVE ( 'NONE', #1534, #2712, #2702, .T. ) ;
#909 = FACE_BOUND ( 'NONE', #2520, .T. ) ;
#910 = CYLINDRICAL_SURFACE ( 'NONE', #1036, 1.700000000000000178 ) ;
#911 = VECTOR ( 'NONE', #1759, 1000.000000000000000 ) ;
#912 = DIRECTION ( 'NONE',  ( -0.000000000000000000, -0.000000000000000000, -1.000000000000000000 ) ) ;
#913 = CARTESIAN_POINT ( 'NONE',  ( 71.00000000000000000, 134.0000000000000284, 95.00000000000001421 ) ) ;
#914 = CARTESIAN_POINT ( 'NONE',  ( 20.20000000000000284, 132.0429399400242119, 137.0000000000000000 ) ) ;
#915 = DIRECTION ( 'NONE',  ( -0.7071067811865476838, -0.7071067811865474617, 0.000000000000000000 ) ) ;
#916 = AXIS2_PLACEMENT_3D ( 'NONE', #195, #1643, #1852 ) ;
#917 = CARTESIAN_POINT ( 'NONE',  ( 38.69999999999999574, 100.0000000000000000, 131.0000000000000000 ) ) ;
#918 = ORIENTED_EDGE ( 'NONE', *, *, #2474, .F. ) ;
#919 = DIRECTION ( 'NONE',  ( -0.000000000000000000, -0.000000000000000000, -1.000000000000000000 ) ) ;
#920 = VECTOR ( 'NONE', #3025, 1000.000000000000000 ) ;
#921 = CARTESIAN_POINT ( 'NONE',  ( 49.99999999999999289, 155.0000000000000284, 137.0000000000000000 ) ) ;
#922 = EDGE_CURVE ( 'NONE', #2644, #1918, #1577, .T. ) ;
#923 = DIRECTION ( 'NONE',  ( 0.000000000000000000, 1.000000000000000000, 0.000000000000000000 ) ) ;
#924 = FACE_BOUND ( 'NONE', #259, .T. ) ;
#925 = LINE ( 'NONE', #2841, #54 ) ;
#926 = LINE ( 'NONE', #1123, #2549 ) ;
#927 = ADVANCED_FACE ( 'NONE', ( #365 ), #2965, .F. ) ;
#928 = DIRECTION ( 'NONE',  ( 0.000000000000000000, 0.000000000000000000, 1.000000000000000000 ) ) ;
#929 = EDGE_CURVE ( 'NONE', #1007, #83, #627, .T. ) ;
#930 = AXIS2_PLACEMENT_3D ( 'NONE', #1603, #2522, #2323 ) ;
#931 = DIRECTION ( 'NONE',  ( 1.000000000000000000, 0.000000000000000000, 0.000000000000000000 ) ) ;
#932 = VERTEX_POINT ( 'NONE', #2756 ) ;
#933 = CARTESIAN_POINT ( 'NONE',  ( 18.50000000000000355, 132.0429399400242119, 137.0000000000000000 ) ) ;
#934 = ORIENTED_EDGE ( 'NONE', *, *, #863, .T. ) ;
#935 = DIRECTION ( 'NONE',  ( 1.000000000000000000, 0.000000000000000000, 0.000000000000000000 ) ) ;
#936 = VERTEX_POINT ( 'NONE', #1835 ) ;
#937 = DIRECTION ( 'NONE',  ( -0.000000000000000000, 0.000000000000000000, 1.000000000000000000 ) ) ;
#938 = ORIENTED_EDGE ( 'NONE', *, *, #1910, .F. ) ;
#939 = PLANE ( 'NONE',  #558 ) ;
#940 = EDGE_CURVE ( 'NONE', #800, #2647, #907, .T. ) ;
#941 =( NAMED_UNIT ( * ) SI_UNIT ( $, .STERADIAN. ) SOLID_ANGLE_UNIT ( ) );
#942 = ORIENTED_EDGE ( 'NONE', *, *, #2620, .F. ) ;
#943 = DIRECTION ( 'NONE',  ( -0.000000000000000000, 0.000000000000000000, 1.000000000000000000 ) ) ;
#944 = DIRECTION ( 'NONE',  ( 0.000000000000000000, 0.000000000000000000, 1.000000000000000000 ) ) ;
#945 = CARTESIAN_POINT ( 'NONE',  ( 54.99999999999999289, -151.0000000000000284, 131.0000000000000000 ) ) ;
#946 = AXIS2_PLACEMENT_3D ( 'NONE', #91, #608, #61 ) ;
#947 = ORIENTED_EDGE ( 'NONE', *, *, #1224, .T. ) ;
#948 = VECTOR ( 'NONE', #2485, 1000.000000000000000 ) ;
#949 = DIRECTION ( 'NONE',  ( 1.000000000000000000, 0.000000000000000000, 0.000000000000000000 ) ) ;
#950 = ORIENTED_EDGE ( 'NONE', *, *, #904, .F. ) ;
#951 = DIRECTION ( 'NONE',  ( 1.000000000000000000, 0.000000000000000000, 0.000000000000000000 ) ) ;
#952 = CYLINDRICAL_SURFACE ( 'NONE', #2560, 1.700000000000000178 ) ;
#953 = CIRCLE ( 'NONE', #2948, 1.700000000000000178 ) ;
#954 = ADVANCED_FACE ( 'NONE', ( #644 ), #1343, .F. ) ;
#955 = LINE ( 'NONE', #1707, #2624 ) ;
#956 = VERTEX_POINT ( 'NONE', #841 ) ;
#957 = LINE ( 'NONE', #700, #1904 ) ;
#958 = ORIENTED_EDGE ( 'NONE', *, *, #2659, .F. ) ;
#959 = EDGE_CURVE ( 'NONE', #2911, #3038, #1096, .T. ) ;
#960 = CIRCLE ( 'NONE', #2457, 12.00000000000000000 ) ;
#961 = DIRECTION ( 'NONE',  ( -0.000000000000000000, -0.000000000000000000, -1.000000000000000000 ) ) ;
#962 = DIRECTION ( 'NONE',  ( 0.000000000000000000, -1.000000000000000000, 0.000000000000000000 ) ) ;
#963 = EDGE_LOOP ( 'NONE', ( #332, #2413 ) ) ;
#964 = CARTESIAN_POINT ( 'NONE',  ( -20.00000000000000000, 0.000000000000000000, 95.00000000000001421 ) ) ;
#965 = ORIENTED_EDGE ( 'NONE', *, *, #2217, .T. ) ;
#966 = DIRECTION ( 'NONE',  ( -1.000000000000000000, 0.000000000000000000, 0.000000000000000000 ) ) ;
#967 =( NAMED_UNIT ( * ) PLANE_ANGLE_UNIT ( ) SI_UNIT ( $, .RADIAN. ) );
#968 = EDGE_CURVE ( 'NONE', #2253, #2081, #1448, .T. ) ;
#969 = AXIS2_PLACEMENT_3D ( 'NONE', #2664, #2136, #229 ) ;
#970 = ORIENTED_EDGE ( 'NONE', *, *, #1490, .T. ) ;
#971 = CYLINDRICAL_SURFACE ( 'NONE', #297, 1.700000000000000178 ) ;
#972 = VERTEX_POINT ( 'NONE', #1562 ) ;
#973 = DIRECTION ( 'NONE',  ( 0.000000000000000000, 0.000000000000000000, 1.000000000000000000 ) ) ;
#974 = DIRECTION ( 'NONE',  ( -0.000000000000000000, -0.000000000000000000, 1.000000000000000000 ) ) ;
#975 = EDGE_CURVE ( 'NONE', #2064, #1491, #502, .T. ) ;
#976 = ORIENTED_EDGE ( 'NONE', *, *, #2088, .F. ) ;
#977 = LINE ( 'NONE', #1214, #614 ) ;
#978 = ORIENTED_EDGE ( 'NONE', *, *, #747, .T. ) ;
#979 = DIRECTION ( 'NONE',  ( 0.000000000000000000, 0.000000000000000000, 1.000000000000000000 ) ) ;
#980 =( LENGTH_UNIT ( ) NAMED_UNIT ( * ) SI_UNIT ( .MILLI., .METRE. ) );
#981 = ORIENTED_EDGE ( 'NONE', *, *, #374, .F. ) ;
#982 = FACE_OUTER_BOUND ( 'NONE', #1833, .T. ) ;
#983 = ORIENTED_EDGE ( 'NONE', *, *, #1069, .F. ) ;
#984 = DIRECTION ( 'NONE',  ( -0.000000000000000000, -1.000000000000000000, -0.000000000000000000 ) ) ;
#985 = ORIENTED_EDGE ( 'NONE', *, *, #940, .F. ) ;
#986 = EDGE_CURVE ( 'NONE', #2326, #2035, #709, .T. ) ;
#987 = LINE ( 'NONE', #2155, #2365 ) ;
#988 = ORIENTED_EDGE ( 'NONE', *, *, #1055, .F. ) ;
#989 = ORIENTED_EDGE ( 'NONE', *, *, #959, .F. ) ;
#990 = VECTOR ( 'NONE', #2748, 1000.000000000000000 ) ;
#991 = DIRECTION ( 'NONE',  ( 1.000000000000000000, 0.000000000000000000, 0.000000000000000000 ) ) ;
#992 = VECTOR ( 'NONE', #3074, 1000.000000000000000 ) ;
#993 = DIRECTION ( 'NONE',  ( -1.000000000000000000, 0.000000000000000000, 0.000000000000000000 ) ) ;
#994 = EDGE_CURVE ( 'NONE', #2969, #655, #105, .T. ) ;
#995 = CIRCLE ( 'NONE', #1549, 1.700000000000000178 ) ;
#996 = FACE_OUTER_BOUND ( 'NONE', #1811, .T. ) ;
#997 = AXIS2_PLACEMENT_3D ( 'NONE', #2134, #1110, #2334 ) ;
#998 = ORIENTED_EDGE ( 'NONE', *, *, #2165, .T. ) ;
#999 = ORIENTED_EDGE ( 'NONE', *, *, #2316, .F. ) ;
#1000 = DIRECTION ( 'NONE',  ( 1.000000000000000000, 0.000000000000000000, 0.000000000000000000 ) ) ;
#1001 = LINE ( 'NONE', #29, #1113 ) ;
#1002 = VERTEX_POINT ( 'NONE', #578 ) ;
#1003 = VECTOR ( 'NONE', #1924, 1000.000000000000000 ) ;
#1004 = DIRECTION ( 'NONE',  ( 1.000000000000000000, 0.000000000000000000, 0.000000000000000000 ) ) ;
#1005 = AXIS2_PLACEMENT_3D ( 'NONE', #2873, #2191, #234 ) ;
#1006 = CYLINDRICAL_SURFACE ( 'NONE', #406, 15.00000000000000000 ) ;
#1007 = VERTEX_POINT ( 'NONE', #1528 ) ;
#1008 = EDGE_CURVE ( 'NONE', #1131, #2525, #394, .T. ) ;
#1009 = CARTESIAN_POINT ( 'NONE',  ( 16.80000000000000071, 132.0429399400242119, 137.0000000000000000 ) ) ;
#1010 = EDGE_CURVE ( 'NONE', #569, #84, #2773, .T. ) ;
#1011 = FACE_OUTER_BOUND ( 'NONE', #4, .T. ) ;
#1012 = CARTESIAN_POINT ( 'NONE',  ( 32.04293994002423318, 18.49999999999999645, 137.0000000000000000 ) ) ;
#1013 = EDGE_LOOP ( 'NONE', ( #3059, #2265, #2460, #1717 ) ) ;
#1014 = ORIENTED_EDGE ( 'NONE', *, *, #1887, .F. ) ;
#1015 = LINE ( 'NONE', #2696, #1305 ) ;
#1016 = LINE ( 'NONE', #571, #1072 ) ;
#1017 = ORIENTED_EDGE ( 'NONE', *, *, #1587, .T. ) ;
#1018 = CARTESIAN_POINT ( 'NONE',  ( 20.20000000000000284, -67.95706005997578814, 137.0000000000000000 ) ) ;
#1019 = FACE_BOUND ( 'NONE', #809, .T. ) ;
#1020 = ORIENTED_EDGE ( 'NONE', *, *, #483, .F. ) ;
#1021 = ORIENTED_EDGE ( 'NONE', *, *, #1972, .T. ) ;
#1022 = DIRECTION ( 'NONE',  ( 0.000000000000000000, 0.000000000000000000, 1.000000000000000000 ) ) ;
#1023 = EDGE_CURVE ( 'NONE', #2006, #1555, #2019, .T. ) ;
#1024 = FACE_OUTER_BOUND ( 'NONE', #514, .T. ) ;
#1025 = ORIENTED_EDGE ( 'NONE', *, *, #2487, .T. ) ;
#1026 = ORIENTED_EDGE ( 'NONE', *, *, #1804, .T. ) ;
#1027 = CYLINDRICAL_SURFACE ( 'NONE', #2111, 1.700000000000000178 ) ;
#1028 = CARTESIAN_POINT ( 'NONE',  ( 54.99999999999999289, -151.0000000000000284, 131.0000000000000000 ) ) ;
#1029 = VERTEX_POINT ( 'NONE', #1104 ) ;
#1030 = CARTESIAN_POINT ( 'NONE',  ( 2.265596578422603396E-15, 37.00000000000000000, 131.0000000000000000 ) ) ;
#1031 = CARTESIAN_POINT ( 'NONE',  ( -18.50000000000001776, 67.95706005997578814, 137.0000000000000000 ) ) ;
#1032 = DIRECTION ( 'NONE',  ( 0.000000000000000000, 1.000000000000000000, 0.000000000000000000 ) ) ;
#1033 = VERTEX_POINT ( 'NONE', #2246 ) ;
#1034 = ORIENTED_EDGE ( 'NONE', *, *, #344, .F. ) ;
#1035 = CYLINDRICAL_SURFACE ( 'NONE', #2403, 1.700000000000000178 ) ;
#1036 = AXIS2_PLACEMENT_3D ( 'NONE', #1614, #1595, #1140 ) ;
#1037 = PRODUCT ( 'JX1_Pelvis', 'JX1_Pelvis', '', ( #1437 ) ) ;
#1038 = DIRECTION ( 'NONE',  ( 0.000000000000000000, 0.000000000000000000, 1.000000000000000000 ) ) ;
#1039 = CIRCLE ( 'NONE', #753, 20.00000000000000000 ) ;
#1040 = COORDINATED_UNIVERSAL_TIME_OFFSET ( 5, 30, .AHEAD. ) ;
#1041 = EDGE_CURVE ( 'NONE', #2253, #2546, #1074, .T. ) ;
#1042 = VERTEX_POINT ( 'NONE', #1542 ) ;
#1043 = AXIS2_PLACEMENT_3D ( 'NONE', #342, #1771, #1087 ) ;
#1044 = ORIENTED_EDGE ( 'NONE', *, *, #2682, .T. ) ;
#1045 = LINE ( 'NONE', #787, #2405 ) ;
#1046 = CARTESIAN_POINT ( 'NONE',  ( 75.00000000000000000, 135.0000000000000284, 91.00000000000001421 ) ) ;
#1047 = CIRCLE ( 'NONE', #2302, 1.700000000000000178 ) ;
#1048 = EDGE_CURVE ( 'NONE', #1540, #2887, #2499, .T. ) ;
#1049 = VERTEX_POINT ( 'NONE', #382 ) ;
#1050 = AXIS2_PLACEMENT_3D ( 'NONE', #3065, #1617, #2320 ) ;
#1051 = DIRECTION ( 'NONE',  ( -0.000000000000000000, -0.000000000000000000, 1.000000000000000000 ) ) ;
#1052 = VERTEX_POINT ( 'NONE', #1329 ) ;
#1053 = VECTOR ( 'NONE', #419, 1000.000000000000000 ) ;
#1054 = ORIENTED_EDGE ( 'NONE', *, *, #777, .T. ) ;
#1055 = EDGE_CURVE ( 'NONE', #534, #1340, #2280, .T. ) ;
#1056 = EDGE_LOOP ( 'NONE', ( #281, #687, #2860, #989 ) ) ;
#1057 = VECTOR ( 'NONE', #1948, 1000.000000000000000 ) ;
#1058 = CARTESIAN_POINT ( 'NONE',  ( 75.00000000000000000, 130.0000000000000284, 131.0000000000000000 ) ) ;
#1059 = VECTOR ( 'NONE', #151, 1000.000000000000000 ) ;
#1060 = CARTESIAN_POINT ( 'NONE',  ( 38.69999999999999574, -100.0000000000000000, 137.0000000000000000 ) ) ;
#1061 = DIRECTION ( 'NONE',  ( 0.000000000000000000, 0.000000000000000000, 1.000000000000000000 ) ) ;
#1062 = EDGE_LOOP ( 'NONE', ( #1322, #1063 ) ) ;
#1063 = ORIENTED_EDGE ( 'NONE', *, *, #1897, .T. ) ;
#1064 = CARTESIAN_POINT ( 'NONE',  ( -18.49999999999999289, -67.95706005997577392, 131.0000000000000000 ) ) ;
#1065 = DIRECTION ( 'NONE',  ( 0.000000000000000000, 0.000000000000000000, 1.000000000000000000 ) ) ;
#1066 = ORIENTED_EDGE ( 'NONE', *, *, #262, .T. ) ;
#1067 = EDGE_CURVE ( 'NONE', #1605, #495, #1853, .T. ) ;
#1068 = DIRECTION ( 'NONE',  ( -1.000000000000000000, -0.000000000000000000, -0.000000000000000000 ) ) ;
#1069 = EDGE_CURVE ( 'NONE', #2872, #302, #3029, .T. ) ;
#1070 = ORIENTED_EDGE ( 'NONE', *, *, #1048, .F. ) ;
#1071 = ORIENTED_EDGE ( 'NONE', *, *, #1735, .F. ) ;
#1072 = VECTOR ( 'NONE', #1079, 1000.000000000000000 ) ;
#1073 = ORIENTED_EDGE ( 'NONE', *, *, #2723, .F. ) ;
#1074 = LINE ( 'NONE', #2737, #3049 ) ;
#1075 = DIRECTION ( 'NONE',  ( 0.000000000000000000, 0.000000000000000000, 1.000000000000000000 ) ) ;
#1076 = EDGE_LOOP ( 'NONE', ( #15, #2693, #2293, #2673 ) ) ;
#1077 = ORIENTED_EDGE ( 'NONE', *, *, #1809, .T. ) ;
#1078 = LINE ( 'NONE', #1807, #1497 ) ;
#1079 = DIRECTION ( 'NONE',  ( -0.000000000000000000, -0.000000000000000000, -1.000000000000000000 ) ) ;
#1080 = ORIENTED_EDGE ( 'NONE', *, *, #1085, .F. ) ;
#1081 = DIRECTION ( 'NONE',  ( 1.000000000000000000, 0.000000000000000000, 0.000000000000000000 ) ) ;
#1082 = FACE_BOUND ( 'NONE', #1243, .T. ) ;
#1083 = DIRECTION ( 'NONE',  ( 0.000000000000000000, 0.000000000000000000, -1.000000000000000000 ) ) ;
#1084 = ORIENTED_EDGE ( 'NONE', *, *, #1008, .F. ) ;
#1085 = EDGE_CURVE ( 'NONE', #1463, #2926, #2498, .T. ) ;
#1086 = ORIENTED_EDGE ( 'NONE', *, *, #1187, .F. ) ;
#1087 = DIRECTION ( 'NONE',  ( 1.000000000000000000, 0.000000000000000000, 0.000000000000000000 ) ) ;
#1088 = CARTESIAN_POINT ( 'NONE',  ( 54.99999999999999289, 155.0000000000000284, 91.00000000000001421 ) ) ;
#1089 = CARTESIAN_POINT ( 'NONE',  ( 32.04293994002423318, 18.49999999999999645, 131.0000000000000000 ) ) ;
#1090 = DIRECTION ( 'NONE',  ( 1.000000000000000000, 0.000000000000000000, 0.000000000000000000 ) ) ;
#1091 = EDGE_CURVE ( 'NONE', #1845, #1849, #1422, .T. ) ;
#1092 = EDGE_LOOP ( 'NONE', ( #3068, #1655, #869, #1077, #2973, #2446, #2532, #689, #1044, #535 ) ) ;
#1093 = AXIS2_PLACEMENT_3D ( 'NONE', #1812, #3004, #2340 ) ;
#1094 = FACE_OUTER_BOUND ( 'NONE', #2516, .T. ) ;
#1095 = PLANE ( 'NONE',  #1927 ) ;
#1096 = CIRCLE ( 'NONE', #1043, 12.00000000000000000 ) ;
#1097 = VERTEX_POINT ( 'NONE', #1644 ) ;
#1098 = CARTESIAN_POINT ( 'NONE',  ( 54.99999999999999289, -151.0000000000000284, 131.0000000000000000 ) ) ;
#1099 = VECTOR ( 'NONE', #1840, 1000.000000000000000 ) ;
#1100 = DIRECTION ( 'NONE',  ( 1.000000000000000000, 0.000000000000000000, 0.000000000000000000 ) ) ;
#1101 = CARTESIAN_POINT ( 'NONE',  ( 15.00000000000000000, 1.836970198721029589E-15, 137.0000000000000000 ) ) ;
#1102 = ORIENTED_EDGE ( 'NONE', *, *, #1847, .F. ) ;
#1103 = ORIENTED_EDGE ( 'NONE', *, *, #678, .F. ) ;
#1104 = CARTESIAN_POINT ( 'NONE',  ( 20.20000000000000284, -132.0429399400242119, 137.0000000000000000 ) ) ;
#1105 = ADVANCED_FACE ( 'NONE', ( #894 ), #237, .F. ) ;
#1106 = CARTESIAN_POINT ( 'NONE',  ( 75.00000000000000000, 135.0000000000000284, 131.0000000000000000 ) ) ;
#1107 = CARTESIAN_POINT ( 'NONE',  ( 49.99999999999999289, 155.0000000000000284, 137.0000000000000000 ) ) ;
#1108 = DIRECTION ( 'NONE',  ( -0.000000000000000000, -0.000000000000000000, -1.000000000000000000 ) ) ;
#1109 = AXIS2_PLACEMENT_3D ( 'NONE', #1684, #1464, #2626 ) ;
#1110 = DIRECTION ( 'NONE',  ( 0.000000000000000000, 0.000000000000000000, 1.000000000000000000 ) ) ;
#1111 = CARTESIAN_POINT ( 'NONE',  ( -20.19999999999999218, -67.95706005997577392, 137.0000000000000000 ) ) ;
#1112 = EDGE_CURVE ( 'NONE', #1186, #584, #433, .T. ) ;
#1113 = VECTOR ( 'NONE', #745, 1000.000000000000000 ) ;
#1114 = DIRECTION ( 'NONE',  ( -0.000000000000000000, -0.000000000000000000, -1.000000000000000000 ) ) ;
#1115 = FACE_OUTER_BOUND ( 'NONE', #2124, .T. ) ;
#1116 = ORIENTED_EDGE ( 'NONE', *, *, #3078, .F. ) ;
#1117 = CYLINDRICAL_SURFACE ( 'NONE', #547, 20.00000000000000000 ) ;
#1118 = LINE ( 'NONE', #2582, #2461 ) ;
#1119 = CYLINDRICAL_SURFACE ( 'NONE', #1900, 1.700000000000000178 ) ;
#1120 = ORIENTED_EDGE ( 'NONE', *, *, #418, .T. ) ;
#1121 = ORIENTED_EDGE ( 'NONE', *, *, #1224, .F. ) ;
#1122 = CARTESIAN_POINT ( 'NONE',  ( 54.99999999999999289, 155.0000000000000284, 131.0000000000000000 ) ) ;
#1123 = CARTESIAN_POINT ( 'NONE',  ( -75.00000000000000000, -130.0000000000000284, 91.00000000000001421 ) ) ;
#1124 = CIRCLE ( 'NONE', #1629, 1.700000000000000178 ) ;
#1125 = DIRECTION ( 'NONE',  ( -1.000000000000000000, 0.000000000000000000, 0.000000000000000000 ) ) ;
#1126 = PLANE ( 'NONE',  #1954 ) ;
#1127 = ADVANCED_FACE ( 'NONE', ( #2627 ), #2596, .F. ) ;
#1128 = ADVANCED_FACE ( 'NONE', ( #2804 ), #2570, .F. ) ;
#1129 = CARTESIAN_POINT ( 'NONE',  ( -1.700000000000006617, -37.00000000000000000, 137.0000000000000000 ) ) ;
#1130 = CARTESIAN_POINT ( 'NONE',  ( -16.80000000000001492, -132.0429399400242119, 137.0000000000000000 ) ) ;
#1131 = VERTEX_POINT ( 'NONE', #1156 ) ;
#1132 = LINE ( 'NONE', #1336, #2399 ) ;
#1133 = ADVANCED_FACE ( 'NONE', ( #1393 ), #3043, .F. ) ;
#1134 = CARTESIAN_POINT ( 'NONE',  ( 32.04293994002421897, -18.50000000000001776, 137.0000000000000000 ) ) ;
#1135 = ORIENTED_EDGE ( 'NONE', *, *, #559, .T. ) ;
#1136 = ORIENTED_EDGE ( 'NONE', *, *, #576, .T. ) ;
#1137 = EDGE_CURVE ( 'NONE', #1849, #932, #925, .T. ) ;
#1138 = DIRECTION ( 'NONE',  ( 0.000000000000000000, -0.000000000000000000, 1.000000000000000000 ) ) ;
#1139 = DIRECTION ( 'NONE',  ( 0.000000000000000000, -0.000000000000000000, 1.000000000000000000 ) ) ;
#1140 = DIRECTION ( 'NONE',  ( -1.000000000000000000, 0.000000000000000000, 0.000000000000000000 ) ) ;
#1141 = CARTESIAN_POINT ( 'NONE',  ( 20.20000000000000284, 132.0429399400242119, 131.0000000000000000 ) ) ;
#1142 = DIRECTION ( 'NONE',  ( 0.000000000000000000, 0.000000000000000000, 1.000000000000000000 ) ) ;
#1143 = DIRECTION ( 'NONE',  ( -0.000000000000000000, -0.000000000000000000, -1.000000000000000000 ) ) ;
#1144 = LINE ( 'NONE', #186, #1355 ) ;
#1145 = VECTOR ( 'NONE', #838, 1000.000000000000000 ) ;
#1146 = CARTESIAN_POINT ( 'NONE',  ( 0.000000000000000000, -100.0000000000000000, 95.00000000000001421 ) ) ;
#1147 = ADVANCED_FACE ( 'NONE', ( #731 ), #1712, .F. ) ;
#1148 = ORIENTED_EDGE ( 'NONE', *, *, #2321, .F. ) ;
#1149 = DIRECTION ( 'NONE',  ( 1.000000000000000000, -0.000000000000000000, -0.000000000000000000 ) ) ;
#1150 = AXIS2_PLACEMENT_3D ( 'NONE', #793, #979, #269 ) ;
#1151 = VERTEX_POINT ( 'NONE', #2166 ) ;
#1152 = DIRECTION ( 'NONE',  ( -0.000000000000000000, -0.000000000000000000, -1.000000000000000000 ) ) ;
#1153 = VECTOR ( 'NONE', #2789, 1000.000000000000000 ) ;
#1154 = VERTEX_POINT ( 'NONE', #2634 ) ;
#1155 = DIRECTION ( 'NONE',  ( 0.000000000000000000, 0.000000000000000000, 1.000000000000000000 ) ) ;
#1156 = CARTESIAN_POINT ( 'NONE',  ( -71.00000000000000000, -134.0000000000000284, 91.00000000000001421 ) ) ;
#1157 = ADVANCED_FACE ( 'NONE', ( #2667 ), #28, .F. ) ;
#1158 = CARTESIAN_POINT ( 'NONE',  ( 0.000000000000000000, -151.0000000000000284, 0.000000000000000000 ) ) ;
#1159 = CIRCLE ( 'NONE', #2757, 47.00000000000000000 ) ;
#1160 = DIRECTION ( 'NONE',  ( 0.000000000000000000, -1.000000000000000000, 0.000000000000000000 ) ) ;
#1161 = VECTOR ( 'NONE', #82, 1000.000000000000000 ) ;
#1162 = CARTESIAN_POINT ( 'NONE',  ( -37.00000000000000000, 100.0000000000000000, 137.0000000000000000 ) ) ;
#1163 = CIRCLE ( 'NONE', #2060, 1.700000000000000178 ) ;
#1164 = AXIS2_PLACEMENT_3D ( 'NONE', #1031, #137, #2987 ) ;
#1165 = DIRECTION ( 'NONE',  ( -1.000000000000000000, 0.000000000000000000, 0.000000000000000000 ) ) ;
#1166 = ORIENTED_EDGE ( 'NONE', *, *, #2577, .T. ) ;
#1167 = DIRECTION ( 'NONE',  ( 0.000000000000000000, 0.000000000000000000, 1.000000000000000000 ) ) ;
#1168 = LINE ( 'NONE', #1846, #1369 ) ;
#1169 = ORIENTED_EDGE ( 'NONE', *, *, #714, .F. ) ;
#1170 = EDGE_CURVE ( 'NONE', #245, #1534, #760, .T. ) ;
#1171 = EDGE_CURVE ( 'NONE', #2142, #2197, #2556, .T. ) ;
#1172 = FACE_BOUND ( 'NONE', #217, .T. ) ;
#1173 = DIRECTION ( 'NONE',  ( 1.000000000000000000, -0.000000000000000000, -0.000000000000000000 ) ) ;
#1174 = ORIENTED_EDGE ( 'NONE', *, *, #1917, .F. ) ;
#1175 = CARTESIAN_POINT ( 'NONE',  ( 33.74293994002421471, -18.50000000000001776, 131.0000000000000000 ) ) ;
#1176 = AXIS2_PLACEMENT_3D ( 'NONE', #1553, #2684, #2730 ) ;
#1177 = EDGE_CURVE ( 'NONE', #1527, #362, #1654, .T. ) ;
#1178 = APPROVAL_DATE_TIME ( #698, #626 ) ;
#1179 = VERTEX_POINT ( 'NONE', #718 ) ;
#1180 = CARTESIAN_POINT ( 'NONE',  ( -75.00000000000000000, -130.0000000000000284, 95.00000000000001421 ) ) ;
#1181 = CYLINDRICAL_SURFACE ( 'NONE', #2204, 1.699999999999999956 ) ;
#1182 = CARTESIAN_POINT ( 'NONE',  ( -18.50000000000001776, -132.0429399400242119, 131.0000000000000000 ) ) ;
#1183 = CARTESIAN_POINT ( 'NONE',  ( -71.00000000000000000, -135.0000000000000284, 91.00000000000001421 ) ) ;
#1184 = VERTEX_POINT ( 'NONE', #2619 ) ;
#1185 = CARTESIAN_POINT ( 'NONE',  ( 0.000000000000000000, 100.0000000000000000, 91.00000000000001421 ) ) ;
#1186 = VERTEX_POINT ( 'NONE', #744 ) ;
#1187 = EDGE_CURVE ( 'NONE', #2926, #1463, #1907, .T. ) ;
#1188 = CARTESIAN_POINT ( 'NONE',  ( 54.99999999999999289, 151.0000000000000284, 91.00000000000001421 ) ) ;
#1189 = EDGE_CURVE ( 'NONE', #619, #1466, #2648, .T. ) ;
#1190 = ORIENTED_EDGE ( 'NONE', *, *, #2428, .T. ) ;
#1191 = CARTESIAN_POINT ( 'NONE',  ( 49.99999999999999289, -155.0000000000000284, 95.00000000000001421 ) ) ;
#1192 = ORIENTED_EDGE ( 'NONE', *, *, #1342, .F. ) ;
#1193 = DIRECTION ( 'NONE',  ( -0.000000000000000000, -0.000000000000000000, -1.000000000000000000 ) ) ;
#1194 = AXIS2_PLACEMENT_3D ( 'NONE', #2439, #2222, #1737 ) ;
#1195 = ORIENTED_EDGE ( 'NONE', *, *, #1619, .F. ) ;
#1196 = CIRCLE ( 'NONE', #1543, 1.700000000000000178 ) ;
#1197 = CARTESIAN_POINT ( 'NONE',  ( 20.00000000000000000, 2.449293598294706513E-15, 95.00000000000001421 ) ) ;
#1198 = ORIENTED_EDGE ( 'NONE', *, *, #1887, .T. ) ;
#1199 = AXIS2_PLACEMENT_3D ( 'NONE', #1216, #1983, #1467 ) ;
#1200 = DIRECTION ( 'NONE',  ( -0.000000000000000000, -0.000000000000000000, -1.000000000000000000 ) ) ;
#1201 = EDGE_CURVE ( 'NONE', #2305, #1792, #2024, .T. ) ;
#1202 = AXIS2_PLACEMENT_3D ( 'NONE', #296, #1772, #50 ) ;
#1203 = CIRCLE ( 'NONE', #2900, 1.700000000000000178 ) ;
#1204 = EDGE_CURVE ( 'NONE', #33, #2058, #1285, .T. ) ;
#1205 = APPROVAL_ROLE ( '' ) ;
#1206 = AXIS2_PLACEMENT_3D ( 'NONE', #181, #912, #1345 ) ;
#1207 = ORIENTED_EDGE ( 'NONE', *, *, #2257, .F. ) ;
#1208 = FACE_OUTER_BOUND ( 'NONE', #2795, .T. ) ;
#1209 = ORIENTED_EDGE ( 'NONE', *, *, #2033, .F. ) ;
#1210 = CIRCLE ( 'NONE', #613, 1.700000000000000178 ) ;
#1211 = DIRECTION ( 'NONE',  ( -1.000000000000000000, 0.000000000000000000, 0.000000000000000000 ) ) ;
#1212 = VECTOR ( 'NONE', #2139, 1000.000000000000000 ) ;
#1213 = ORIENTED_EDGE ( 'NONE', *, *, #2115, .T. ) ;
#1214 = CARTESIAN_POINT ( 'NONE',  ( 54.99999999999999289, 151.0000000000000284, 91.00000000000001421 ) ) ;
#1215 = ORIENTED_EDGE ( 'NONE', *, *, #1564, .F. ) ;
#1216 = CARTESIAN_POINT ( 'NONE',  ( 18.50000000000000355, -67.95706005997578814, 137.0000000000000000 ) ) ;
#1217 = CARTESIAN_POINT ( 'NONE',  ( 71.00000000000000000, -134.0000000000000284, 91.00000000000001421 ) ) ;
#1218 = CIRCLE ( 'NONE', #1520, 1.700000000000000178 ) ;
#1219 = EDGE_CURVE ( 'NONE', #1822, #682, #1503, .T. ) ;
#1220 = EDGE_LOOP ( 'NONE', ( #2541, #1192 ) ) ;
#1221 = CARTESIAN_POINT ( 'NONE',  ( 18.50000000000000355, 132.0429399400242119, 131.0000000000000000 ) ) ;
#1222 = VERTEX_POINT ( 'NONE', #834 ) ;
#1223 = FACE_OUTER_BOUND ( 'NONE', #2916, .T. ) ;
#1224 = EDGE_CURVE ( 'NONE', #1678, #243, #1045, .T. ) ;
#1225 = ORIENTED_EDGE ( 'NONE', *, *, #2232, .F. ) ;
#1226 = DIRECTION ( 'NONE',  ( -0.000000000000000000, -0.000000000000000000, -1.000000000000000000 ) ) ;
#1227 = EDGE_LOOP ( 'NONE', ( #1290, #1710, #2665, #1575, #1930, #721, #875, #840, #1506, #1738 ) ) ;
#1228 = ORIENTED_EDGE ( 'NONE', *, *, #1573, .F. ) ;
#1229 = EDGE_CURVE ( 'NONE', #972, #1299, #1951, .T. ) ;
#1230 = APPROVAL ( #2868, 'UNSPECIFIED' ) ;
#1231 = CYLINDRICAL_SURFACE ( 'NONE', #409, 1.699999999999999956 ) ;
#1232 = DIRECTION ( 'NONE',  ( -0.000000000000000000, -0.000000000000000000, -1.000000000000000000 ) ) ;
#1233 = DIRECTION ( 'NONE',  ( 0.7071067811865474617, -0.7071067811865476838, 0.000000000000000000 ) ) ;
#1234 = ORIENTED_EDGE ( 'NONE', *, *, #1952, .F. ) ;
#1235 = ORIENTED_EDGE ( 'NONE', *, *, #2837, .T. ) ;
#1236 = DIRECTION ( 'NONE',  ( -0.000000000000000000, -0.000000000000000000, -1.000000000000000000 ) ) ;
#1237 = EDGE_CURVE ( 'NONE', #2039, #2685, #600, .T. ) ;
#1238 = CARTESIAN_POINT ( 'NONE',  ( -71.00000000000000000, 135.0000000000000284, 131.0000000000000000 ) ) ;
#1239 = ORIENTED_EDGE ( 'NONE', *, *, #2640, .F. ) ;
#1240 = DIRECTION ( 'NONE',  ( 1.000000000000000000, 0.000000000000000000, 0.000000000000000000 ) ) ;
#1241 = CIRCLE ( 'NONE', #1443, 1.700000000000000178 ) ;
#1242 = VERTEX_POINT ( 'NONE', #1725 ) ;
#1243 = EDGE_LOOP ( 'NONE', ( #976, #2170 ) ) ;
#1244 = CIRCLE ( 'NONE', #661, 1.700000000000000178 ) ;
#1245 = EDGE_CURVE ( 'NONE', #932, #2875, #2715, .T. ) ;
#1246 = DIRECTION ( 'NONE',  ( -0.000000000000000000, -0.000000000000000000, -1.000000000000000000 ) ) ;
#1247 = CIRCLE ( 'NONE', #1300, 1.700000000000000178 ) ;
#1248 = DIRECTION ( 'NONE',  ( -0.000000000000000000, -0.000000000000000000, -1.000000000000000000 ) ) ;
#1249 = CIRCLE ( 'NONE', #2996, 1.700000000000000178 ) ;
#1250 = CARTESIAN_POINT ( 'NONE',  ( 49.99999999999999289, -155.0000000000000284, 137.0000000000000000 ) ) ;
#1251 = AXIS2_PLACEMENT_3D ( 'NONE', #897, #1898, #3016 ) ;
#1252 = EDGE_LOOP ( 'NONE', ( #549, #2385, #3008, #2890, #1359, #2628 ) ) ;
#1253 = ORIENTED_EDGE ( 'NONE', *, *, #1633, .F. ) ;
#1254 = FACE_OUTER_BOUND ( 'NONE', #1013, .T. ) ;
#1255 = DIRECTION ( 'NONE',  ( -0.000000000000000000, -0.000000000000000000, -1.000000000000000000 ) ) ;
#1256 = EDGE_LOOP ( 'NONE', ( #1456, #2243 ) ) ;
#1257 = VECTOR ( 'NONE', #1408, 1000.000000000000000 ) ;
#1258 = CARTESIAN_POINT ( 'NONE',  ( 30.34293994002423034, 18.49999999999999645, 137.0000000000000000 ) ) ;
#1259 = CIRCLE ( 'NONE', #1462, 12.00000000000000000 ) ;
#1260 = LINE ( 'NONE', #2495, #3041 ) ;
#1261 = ORIENTED_EDGE ( 'NONE', *, *, #374, .T. ) ;
#1262 = DIRECTION ( 'NONE',  ( -1.000000000000000000, 0.000000000000000000, 0.000000000000000000 ) ) ;
#1263 = CARTESIAN_POINT ( 'NONE',  ( 54.99999999999999289, 155.0000000000000284, 131.0000000000000000 ) ) ;
#1264 = VERTEX_POINT ( 'NONE', #1303 ) ;
#1265 = ADVANCED_FACE ( 'NONE', ( #570 ), #2236, .F. ) ;
#1266 = CC_DESIGN_DATE_AND_TIME_ASSIGNMENT ( #1986, #317, ( #328 ) ) ;
#1267 = ORIENTED_EDGE ( 'NONE', *, *, #9, .F. ) ;
#1268 = DIRECTION ( 'NONE',  ( 0.000000000000000000, -1.000000000000000000, 0.000000000000000000 ) ) ;
#1269 = CARTESIAN_POINT ( 'NONE',  ( 20.20000000000000284, 67.95706005997578814, 131.0000000000000000 ) ) ;
#1270 = VECTOR ( 'NONE', #242, 1000.000000000000000 ) ;
#1271 = EDGE_LOOP ( 'NONE', ( #2312, #154, #1228, #2108 ) ) ;
#1272 = PLANE ( 'NONE',  #1504 ) ;
#1273 = FACE_BOUND ( 'NONE', #1220, .T. ) ;
#1274 = ORIENTED_EDGE ( 'NONE', *, *, #255, .F. ) ;
#1275 = CC_DESIGN_APPROVAL ( #1230, ( #826 ) ) ;
#1276 = ORIENTED_EDGE ( 'NONE', *, *, #1686, .T. ) ;
#1277 = CARTESIAN_POINT ( 'NONE',  ( -32.04293994002423318, 18.49999999999999645, 137.0000000000000000 ) ) ;
#1278 = EDGE_CURVE ( 'NONE', #1978, #2215, #1159, .T. ) ;
#1279 = DIRECTION ( 'NONE',  ( 1.000000000000000000, 0.000000000000000000, 0.000000000000000000 ) ) ;
#1280 = EDGE_CURVE ( 'NONE', #2727, #1716, #56, .T. ) ;
#1281 = EDGE_CURVE ( 'NONE', #763, #495, #256, .T. ) ;
#1282 = ORIENTED_EDGE ( 'NONE', *, *, #1509, .F. ) ;
#1283 = DIRECTION ( 'NONE',  ( 0.000000000000000000, 0.000000000000000000, 1.000000000000000000 ) ) ;
#1284 = ORIENTED_EDGE ( 'NONE', *, *, #81, .T. ) ;
#1285 = LINE ( 'NONE', #2971, #911 ) ;
#1286 = LINE ( 'NONE', #818, #2218 ) ;
#1287 = VERTEX_POINT ( 'NONE', #72 ) ;
#1288 = DIRECTION ( 'NONE',  ( -1.000000000000000000, 0.000000000000000000, 0.000000000000000000 ) ) ;
#1289 = ORIENTED_EDGE ( 'NONE', *, *, #2725, .T. ) ;
#1290 = ORIENTED_EDGE ( 'NONE', *, *, #1420, .F. ) ;
#1291 = ORIENTED_EDGE ( 'NONE', *, *, #2808, .T. ) ;
#1292 = AXIS2_PLACEMENT_3D ( 'NONE', #2784, #1083, #1814 ) ;
#1293 = DIRECTION ( 'NONE',  ( 0.000000000000000000, 0.000000000000000000, 1.000000000000000000 ) ) ;
#1294 = AXIS2_PLACEMENT_3D ( 'NONE', #2084, #895, #2834 ) ;
#1295 = CARTESIAN_POINT ( 'NONE',  ( -71.00000000000000000, 135.0000000000000284, 91.00000000000001421 ) ) ;
#1296 = EDGE_CURVE ( 'NONE', #2426, #1540, #10, .T. ) ;
#1297 = DIRECTION ( 'NONE',  ( -1.000000000000000000, 0.000000000000000000, 0.000000000000000000 ) ) ;
#1298 = DATE_AND_TIME ( #2952, #1928 ) ;
#1299 = VERTEX_POINT ( 'NONE', #536 ) ;
#1300 = AXIS2_PLACEMENT_3D ( 'NONE', #314, #516, #2905 ) ;
#1301 = EDGE_LOOP ( 'NONE', ( #1942, #2272, #1723, #2278 ) ) ;
#1302 = EDGE_CURVE ( 'NONE', #341, #1186, #1535, .T. ) ;
#1303 = CARTESIAN_POINT ( 'NONE',  ( -15.00000000000000000, 0.000000000000000000, 131.0000000000000000 ) ) ;
#1304 = DIRECTION ( 'NONE',  ( 0.000000000000000000, 0.000000000000000000, 1.000000000000000000 ) ) ;
#1305 = VECTOR ( 'NONE', #303, 1000.000000000000000 ) ;
#1306 = EDGE_LOOP ( 'NONE', ( #717, #292 ) ) ;
#1307 = VECTOR ( 'NONE', #649, 1000.000000000000000 ) ;
#1308 = LINE ( 'NONE', #2816, #1059 ) ;
#1309 = ORIENTED_EDGE ( 'NONE', *, *, #2301, .F. ) ;
#1310 = ORIENTED_EDGE ( 'NONE', *, *, #1823, .F. ) ;
#1311 = ORIENTED_EDGE ( 'NONE', *, *, #2396, .T. ) ;
#1312 = AXIS2_PLACEMENT_3D ( 'NONE', #541, #2638, #949 ) ;
#1313 = DIRECTION ( 'NONE',  ( -1.000000000000000000, -0.000000000000000000, -0.000000000000000000 ) ) ;
#1314 = CIRCLE ( 'NONE', #21, 12.00000000000000000 ) ;
#1315 = CARTESIAN_POINT ( 'NONE',  ( 33.74293994002421471, -18.50000000000001776, 137.0000000000000000 ) ) ;
#1316 = ORIENTED_EDGE ( 'NONE', *, *, #418, .F. ) ;
#1317 = ORIENTED_EDGE ( 'NONE', *, *, #2251, .F. ) ;
#1318 = CARTESIAN_POINT ( 'NONE',  ( -49.99999999999999289, 155.0000000000000284, 91.00000000000001421 ) ) ;
#1319 = FACE_OUTER_BOUND ( 'NONE', #737, .T. ) ;
#1320 = EDGE_CURVE ( 'NONE', #527, #27, #1015, .T. ) ;
#1321 = ADVANCED_FACE ( 'NONE', ( #1254 ), #1027, .F. ) ;
#1322 = ORIENTED_EDGE ( 'NONE', *, *, #1573, .T. ) ;
#1323 = CARTESIAN_POINT ( 'NONE',  ( 71.00000000000000000, 134.0000000000000284, 131.0000000000000000 ) ) ;
#1324 = CARTESIAN_POINT ( 'NONE',  ( -18.49999999999999289, 132.0429399400242403, 137.0000000000000000 ) ) ;
#1325 = DIRECTION ( 'NONE',  ( -0.000000000000000000, -0.000000000000000000, -1.000000000000000000 ) ) ;
#1326 = ORIENTED_EDGE ( 'NONE', *, *, #602, .F. ) ;
#1327 = VECTOR ( 'NONE', #2210, 1000.000000000000000 ) ;
#1328 = ORIENTED_EDGE ( 'NONE', *, *, #579, .T. ) ;
#1329 = CARTESIAN_POINT ( 'NONE',  ( 33.74293994002422892, 18.49999999999999645, 131.0000000000000000 ) ) ;
#1330 = EDGE_CURVE ( 'NONE', #1097, #134, #2490, .T. ) ;
#1331 = LINE ( 'NONE', #343, #2189 ) ;
#1332 = ORIENTED_EDGE ( 'NONE', *, *, #278, .T. ) ;
#1333 = DIRECTION ( 'NONE',  ( 1.000000000000000000, 0.000000000000000000, 0.000000000000000000 ) ) ;
#1334 = CARTESIAN_POINT ( 'NONE',  ( -6.796789735267810189E-15, -37.00000000000000000, 131.0000000000000000 ) ) ;
#1335 = ORIENTED_EDGE ( 'NONE', *, *, #2484, .T. ) ;
#1336 = CARTESIAN_POINT ( 'NONE',  ( 16.80000000000000071, -132.0429399400242119, 137.0000000000000000 ) ) ;
#1337 = EDGE_CURVE ( 'NONE', #1605, #1512, #463, .T. ) ;
#1338 = DIRECTION ( 'NONE',  ( -0.000000000000000000, -0.000000000000000000, -1.000000000000000000 ) ) ;
#1339 = CARTESIAN_POINT ( 'NONE',  ( -49.99999999999999289, -155.0000000000000284, 137.0000000000000000 ) ) ;
#1340 = VERTEX_POINT ( 'NONE', #2938 ) ;
#1341 = VERTEX_POINT ( 'NONE', #801 ) ;
#1342 = EDGE_CURVE ( 'NONE', #1029, #2404, #3050, .T. ) ;
#1343 = PLANE ( 'NONE',  #2809 ) ;
#1344 = CARTESIAN_POINT ( 'NONE',  ( -1.699999999999997735, 37.00000000000000000, 137.0000000000000000 ) ) ;
#1345 = DIRECTION ( 'NONE',  ( -1.000000000000000000, 0.000000000000000000, 0.000000000000000000 ) ) ;
#1346 = DIRECTION ( 'NONE',  ( 0.000000000000000000, 0.000000000000000000, 1.000000000000000000 ) ) ;
#1347 = CARTESIAN_POINT ( 'NONE',  ( -47.00000000000000000, 100.0000000000000000, 95.00000000000001421 ) ) ;
#1348 = AXIS2_PLACEMENT_3D ( 'NONE', #174, #2062, #2080 ) ;
#1349 = AXIS2_PLACEMENT_3D ( 'NONE', #128, #1346, #1544 ) ;
#1350 = DIRECTION ( 'NONE',  ( 0.000000000000000000, 0.000000000000000000, 1.000000000000000000 ) ) ;
#1351 = CARTESIAN_POINT ( 'NONE',  ( -20.19999999999999218, 132.0429399400242403, 137.0000000000000000 ) ) ;
#1352 = AXIS2_PLACEMENT_3D ( 'NONE', #2724, #2046, #2551 ) ;
#1353 = ORIENTED_EDGE ( 'NONE', *, *, #1067, .F. ) ;
#1354 = DIRECTION ( 'NONE',  ( 1.000000000000000000, -0.000000000000000000, 0.000000000000000000 ) ) ;
#1355 = VECTOR ( 'NONE', #2793, 1000.000000000000000 ) ;
#1356 = CARTESIAN_POINT ( 'NONE',  ( -20.00000000000000000, 0.000000000000000000, 91.00000000000001421 ) ) ;
#1357 = CARTESIAN_POINT ( 'NONE',  ( 71.00000000000000000, -135.0000000000000284, 91.00000000000001421 ) ) ;
#1358 = ORIENTED_EDGE ( 'NONE', *, *, #1237, .T. ) ;
#1359 = ORIENTED_EDGE ( 'NONE', *, *, #358, .F. ) ;
#1360 = ORIENTED_EDGE ( 'NONE', *, *, #469, .T. ) ;
#1361 = DIRECTION ( 'NONE',  ( -1.000000000000000000, 0.000000000000000000, 0.000000000000000000 ) ) ;
#1362 = DIRECTION ( 'NONE',  ( 1.000000000000000000, 0.000000000000000000, 0.000000000000000000 ) ) ;
#1363 = DIRECTION ( 'NONE',  ( 1.000000000000000000, 0.000000000000000000, 0.000000000000000000 ) ) ;
#1364 = EDGE_CURVE ( 'NONE', #243, #1935, #1078, .T. ) ;
#1365 = EDGE_CURVE ( 'NONE', #724, #1154, #2777, .T. ) ;
#1366 = CARTESIAN_POINT ( 'NONE',  ( -38.69999999999999574, -100.0000000000000000, 137.0000000000000000 ) ) ;
#1367 = CIRCLE ( 'NONE', #1764, 1.699999999999999956 ) ;
#1368 = CARTESIAN_POINT ( 'NONE',  ( 1.700000000000002176, 37.00000000000000000, 137.0000000000000000 ) ) ;
#1369 = VECTOR ( 'NONE', #1338, 1000.000000000000000 ) ;
#1370 = DIRECTION ( 'NONE',  ( 1.000000000000000000, -0.000000000000000000, -0.000000000000000000 ) ) ;
#1371 = DIRECTION ( 'NONE',  ( 0.7071067811865477948, 0.7071067811865473507, 0.000000000000000000 ) ) ;
#1372 = APPROVAL ( #52, 'UNSPECIFIED' ) ;
#1373 = ORIENTED_EDGE ( 'NONE', *, *, #940, .T. ) ;
#1374 = CARTESIAN_POINT ( 'NONE',  ( 71.00000000000000000, 0.000000000000000000, 0.000000000000000000 ) ) ;
#1375 = ORIENTED_EDGE ( 'NONE', *, *, #2534, .T. ) ;
#1376 = CARTESIAN_POINT ( 'NONE',  ( 71.00000000000000000, 135.0000000000000284, 131.0000000000000000 ) ) ;
#1377 = FACE_OUTER_BOUND ( 'NONE', #1920, .T. ) ;
#1378 = ORIENTED_EDGE ( 'NONE', *, *, #842, .F. ) ;
#1379 = FACE_BOUND ( 'NONE', #539, .T. ) ;
#1380 = DIRECTION ( 'NONE',  ( -0.000000000000000000, -0.000000000000000000, -1.000000000000000000 ) ) ;
#1381 =( GEOMETRIC_REPRESENTATION_CONTEXT ( 3 ) GLOBAL_UNCERTAINTY_ASSIGNED_CONTEXT ( ( #2892 ) ) GLOBAL_UNIT_ASSIGNED_CONTEXT ( ( #980, #967, #941 ) ) REPRESENTATION_CONTEXT ( 'NONE', 'WORKASPACE' ) );
#1382 = EDGE_CURVE ( 'NONE', #493, #1042, #2285, .T. ) ;
#1383 = DIRECTION ( 'NONE',  ( -1.000000000000000000, 0.000000000000000000, -0.000000000000000000 ) ) ;
#1384 = CARTESIAN_POINT ( 'NONE',  ( -35.29999999999999716, -100.0000000000000000, 131.0000000000000000 ) ) ;
#1385 = DIRECTION ( 'NONE',  ( -0.000000000000000000, -0.000000000000000000, -1.000000000000000000 ) ) ;
#1386 = EDGE_CURVE ( 'NONE', #1770, #245, #803, .T. ) ;
#1387 = FACE_OUTER_BOUND ( 'NONE', #3054, .T. ) ;
#1388 = ORIENTED_EDGE ( 'NONE', *, *, #2682, .F. ) ;
#1389 = CARTESIAN_POINT ( 'NONE',  ( 75.00000000000000000, 130.0000000000000284, 137.0000000000000000 ) ) ;
#1390 = EDGE_CURVE ( 'NONE', #705, #238, #995, .T. ) ;
#1391 = CARTESIAN_POINT ( 'NONE',  ( -6.796789735267810189E-15, -37.00000000000000000, 137.0000000000000000 ) ) ;
#1392 = CARTESIAN_POINT ( 'NONE',  ( 2.265596578422603396E-15, 37.00000000000000000, 131.0000000000000000 ) ) ;
#1393 = FACE_OUTER_BOUND ( 'NONE', #392, .T. ) ;
#1394 = CARTESIAN_POINT ( 'NONE',  ( -49.99999999999999289, 155.0000000000000284, 137.0000000000000000 ) ) ;
#1395 = CARTESIAN_POINT ( 'NONE',  ( 54.99999999999999289, -155.0000000000000284, 131.0000000000000000 ) ) ;
#1396 = VECTOR ( 'NONE', #2571, 1000.000000000000000 ) ;
#1397 = DIRECTION ( 'NONE',  ( -0.000000000000000000, -0.000000000000000000, -1.000000000000000000 ) ) ;
#1398 = EDGE_CURVE ( 'NONE', #3056, #189, #2826, .T. ) ;
#1399 = ORIENTED_EDGE ( 'NONE', *, *, #1400, .T. ) ;
#1400 = EDGE_CURVE ( 'NONE', #1340, #2525, #2303, .T. ) ;
#1401 = DIRECTION ( 'NONE',  ( -0.000000000000000000, -0.000000000000000000, -1.000000000000000000 ) ) ;
#1402 = VECTOR ( 'NONE', #1704, 1000.000000000000000 ) ;
#1403 = CARTESIAN_POINT ( 'NONE',  ( 0.000000000000000000, 0.000000000000000000, 137.0000000000000000 ) ) ;
#1404 = LINE ( 'NONE', #2360, #1874 ) ;
#1405 = AXIS2_PLACEMENT_3D ( 'NONE', #1869, #3063, #676 ) ;
#1406 = EDGE_LOOP ( 'NONE', ( #3080, #1974 ) ) ;
#1407 = AXIS2_PLACEMENT_3D ( 'NONE', #617, #1114, #2575 ) ;
#1408 = DIRECTION ( 'NONE',  ( -0.000000000000000000, -0.000000000000000000, -1.000000000000000000 ) ) ;
#1409 = FACE_OUTER_BOUND ( 'NONE', #1227, .T. ) ;
#1410 = CC_DESIGN_DATE_AND_TIME_ASSIGNMENT ( #1663, #1426, ( #1461 ) ) ;
#1411 = CARTESIAN_POINT ( 'NONE',  ( 37.00000000000000000, 100.0000000000000000, 137.0000000000000000 ) ) ;
#1412 = VECTOR ( 'NONE', #923, 1000.000000000000000 ) ;
#1413 = VECTOR ( 'NONE', #962, 1000.000000000000000 ) ;
#1414 = PERSON_AND_ORGANIZATION ( #1639, #824 ) ;
#1415 = ORIENTED_EDGE ( 'NONE', *, *, #1204, .T. ) ;
#1416 = CARTESIAN_POINT ( 'NONE',  ( -32.04293994002422608, -18.50000000000000355, 131.0000000000000000 ) ) ;
#1417 = CARTESIAN_POINT ( 'NONE',  ( 37.00000000000000000, 100.0000000000000000, 137.0000000000000000 ) ) ;
#1418 = ADVANCED_FACE ( 'NONE', ( #1094 ), #132, .F. ) ;
#1419 = CARTESIAN_POINT ( 'NONE',  ( -38.69999999999999574, 100.0000000000000000, 137.0000000000000000 ) ) ;
#1420 = EDGE_CURVE ( 'NONE', #493, #1184, #201, .T. ) ;
#1421 = CARTESIAN_POINT ( 'NONE',  ( -16.80000000000001492, -132.0429399400242119, 131.0000000000000000 ) ) ;
#1422 = LINE ( 'NONE', #1895, #1803 ) ;
#1423 = ORIENTED_EDGE ( 'NONE', *, *, #1651, .T. ) ;
#1424 = DIRECTION ( 'NONE',  ( -0.000000000000000000, -0.000000000000000000, -1.000000000000000000 ) ) ;
#1425 = EDGE_CURVE ( 'NONE', #2647, #1033, #899, .T. ) ;
#1426 = DATE_TIME_ROLE ( 'creation_date' ) ;
#1427 = APPROVAL_PERSON_ORGANIZATION ( #1690, #1230, #727 ) ;
#1428 = ORIENTED_EDGE ( 'NONE', *, *, #2336, .F. ) ;
#1429 = CARTESIAN_POINT ( 'NONE',  ( 32.04293994002421897, -18.50000000000001776, 137.0000000000000000 ) ) ;
#1430 = ORIENTED_EDGE ( 'NONE', *, *, #1842, .T. ) ;
#1431 = CARTESIAN_POINT ( 'NONE',  ( 75.00000000000000000, 130.0000000000000284, 131.0000000000000000 ) ) ;
#1432 = ORIENTED_EDGE ( 'NONE', *, *, #270, .F. ) ;
#1433 = EDGE_CURVE ( 'NONE', #2188, #33, #505, .T. ) ;
#1434 = DIRECTION ( 'NONE',  ( -0.000000000000000000, -0.000000000000000000, -1.000000000000000000 ) ) ;
#1435 = DIRECTION ( 'NONE',  ( -1.000000000000000000, 0.000000000000000000, 0.000000000000000000 ) ) ;
#1436 = EDGE_LOOP ( 'NONE', ( #2578, #1516 ) ) ;
#1437 = MECHANICAL_CONTEXT ( 'NONE', #829, 'mechanical' ) ;
#1438 = ORIENTED_EDGE ( 'NONE', *, *, #771, .F. ) ;
#1439 = CARTESIAN_POINT ( 'NONE',  ( -75.00000000000000000, -135.0000000000000284, 131.0000000000000000 ) ) ;
#1440 = ORIENTED_EDGE ( 'NONE', *, *, #2361, .T. ) ;
#1441 = CARTESIAN_POINT ( 'NONE',  ( -37.00000000000000000, -100.0000000000000000, 131.0000000000000000 ) ) ;
#1442 = LINE ( 'NONE', #1238, #1413 ) ;
#1443 = AXIS2_PLACEMENT_3D ( 'NONE', #2720, #574, #1524 ) ;
#1444 = EDGE_LOOP ( 'NONE', ( #551, #2339 ) ) ;
#1445 = CIRCLE ( 'NONE', #351, 1.700000000000000178 ) ;
#1446 = DIRECTION ( 'NONE',  ( -1.000000000000000000, 0.000000000000000000, 0.000000000000000000 ) ) ;
#1447 = ORIENTED_EDGE ( 'NONE', *, *, #2605, .F. ) ;
#1448 = CIRCLE ( 'NONE', #2353, 20.00000000000000000 ) ;
#1449 = CARTESIAN_POINT ( 'NONE',  ( 0.000000000000000000, 0.000000000000000000, 95.00000000000001421 ) ) ;
#1450 = AXIS2_PLACEMENT_3D ( 'NONE', #1064, #1739, #1000 ) ;
#1451 = EDGE_CURVE ( 'NONE', #2734, #2722, #866, .T. ) ;
#1452 = CARTESIAN_POINT ( 'NONE',  ( -35.29999999999999716, 100.0000000000000000, 131.0000000000000000 ) ) ;
#1453 = VECTOR ( 'NONE', #2823, 1000.000000000000000 ) ;
#1454 = EDGE_CURVE ( 'NONE', #1716, #2006, #1620, .T. ) ;
#1455 = CARTESIAN_POINT ( 'NONE',  ( 54.99999999999999289, -151.0000000000000284, 131.0000000000000000 ) ) ;
#1456 = ORIENTED_EDGE ( 'NONE', *, *, #64, .F. ) ;
#1457 = DIRECTION ( 'NONE',  ( 0.000000000000000000, 0.000000000000000000, 1.000000000000000000 ) ) ;
#1458 = EDGE_LOOP ( 'NONE', ( #2419, #2114, #2743, #1267, #2026, #1938 ) ) ;
#1459 = AXIS2_PLACEMENT_3D ( 'NONE', #1780, #2719, #573 ) ;
#1460 = CARTESIAN_POINT ( 'NONE',  ( 30.34293994002423034, 18.49999999999999645, 131.0000000000000000 ) ) ;
#1461 = PRODUCT_DEFINITION ( 'UNKNOWN', '', #826, #22 ) ;
#1462 = AXIS2_PLACEMENT_3D ( 'NONE', #287, #2167, #492 ) ;
#1463 = VERTEX_POINT ( 'NONE', #632 ) ;
#1464 = DIRECTION ( 'NONE',  ( 0.000000000000000000, 0.000000000000000000, 1.000000000000000000 ) ) ;
#1465 = ORIENTED_EDGE ( 'NONE', *, *, #662, .T. ) ;
#1466 = VERTEX_POINT ( 'NONE', #3051 ) ;
#1467 = DIRECTION ( 'NONE',  ( -1.000000000000000000, 0.000000000000000000, 0.000000000000000000 ) ) ;
#1468 = EDGE_CURVE ( 'NONE', #1610, #27, #2539, .T. ) ;
#1469 = DIRECTION ( 'NONE',  ( 1.000000000000000000, 0.000000000000000000, 0.000000000000000000 ) ) ;
#1470 = ORIENTED_EDGE ( 'NONE', *, *, #2718, .F. ) ;
#1471 = ORIENTED_EDGE ( 'NONE', *, *, #867, .T. ) ;
#1472 = EDGE_CURVE ( 'NONE', #2722, #2608, #1144, .T. ) ;
#1473 = DIRECTION ( 'NONE',  ( -1.000000000000000000, 0.000000000000000000, 0.000000000000000000 ) ) ;
#1474 = DIRECTION ( 'NONE',  ( -0.7071067811865473507, 0.7071067811865477948, 0.000000000000000000 ) ) ;
#1475 = VERTEX_POINT ( 'NONE', #650 ) ;
#1476 = EDGE_CURVE ( 'NONE', #88, #3038, #439, .T. ) ;
#1477 = CARTESIAN_POINT ( 'NONE',  ( -1.700000000000006617, -37.00000000000000000, 131.0000000000000000 ) ) ;
#1478 = ORIENTED_EDGE ( 'NONE', *, *, #771, .T. ) ;
#1479 = ORIENTED_EDGE ( 'NONE', *, *, #2678, .F. ) ;
#1480 = CARTESIAN_POINT ( 'NONE',  ( -18.50000000000001776, -132.0429399400242119, 137.0000000000000000 ) ) ;
#1481 = CYLINDRICAL_SURFACE ( 'NONE', #1199, 1.700000000000000178 ) ;
#1482 = CARTESIAN_POINT ( 'NONE',  ( 32.04293994002421897, -18.50000000000001776, 137.0000000000000000 ) ) ;
#1483 = LINE ( 'NONE', #1250, #1499 ) ;
#1484 = APPROVAL_DATE_TIME ( #2643, #1230 ) ;
#1485 = ORIENTED_EDGE ( 'NONE', *, *, #525, .T. ) ;
#1486 = CYLINDRICAL_SURFACE ( 'NONE', #1194, 1.700000000000000178 ) ;
#1487 = ORIENTED_EDGE ( 'NONE', *, *, #24, .T. ) ;
#1488 = DIRECTION ( 'NONE',  ( 0.000000000000000000, -1.000000000000000000, 0.000000000000000000 ) ) ;
#1489 = DIRECTION ( 'NONE',  ( -1.000000000000000000, -0.000000000000000000, -0.000000000000000000 ) ) ;
#1490 = EDGE_CURVE ( 'NONE', #569, #2566, #1602, .T. ) ;
#1491 = VERTEX_POINT ( 'NONE', #1129 ) ;
#1492 = DIRECTION ( 'NONE',  ( 0.000000000000000000, 0.000000000000000000, 1.000000000000000000 ) ) ;
#1493 = LINE ( 'NONE', #17, #1711 ) ;
#1494 = VECTOR ( 'NONE', #197, 1000.000000000000000 ) ;
#1495 = ORIENTED_EDGE ( 'NONE', *, *, #1365, .F. ) ;
#1496 = DIRECTION ( 'NONE',  ( -0.000000000000000000, -0.000000000000000000, -1.000000000000000000 ) ) ;
#1497 = VECTOR ( 'NONE', #2811, 1000.000000000000000 ) ;
#1498 = CARTESIAN_POINT ( 'NONE',  ( 0.000000000000000000, 151.0000000000000284, 95.00000000000001421 ) ) ;
#1499 = VECTOR ( 'NONE', #2233, 1000.000000000000000 ) ;
#1500 = ORIENTED_EDGE ( 'NONE', *, *, #143, .F. ) ;
#1501 = CARTESIAN_POINT ( 'NONE',  ( 75.00000000000000000, 135.0000000000000284, 131.0000000000000000 ) ) ;
#1502 = VERTEX_POINT ( 'NONE', #3033 ) ;
#1503 = LINE ( 'NONE', #335, #2356 ) ;
#1504 = AXIS2_PLACEMENT_3D ( 'NONE', #2447, #557, #1492 ) ;
#1505 = CARTESIAN_POINT ( 'NONE',  ( 54.99999999999999289, 151.0000000000000284, 131.0000000000000000 ) ) ;
#1506 = ORIENTED_EDGE ( 'NONE', *, *, #1320, .F. ) ;
#1507 = VECTOR ( 'NONE', #2583, 1000.000000000000000 ) ;
#1508 = DIRECTION ( 'NONE',  ( 1.000000000000000000, 0.000000000000000000, 0.000000000000000000 ) ) ;
#1509 = EDGE_CURVE ( 'NONE', #2287, #1586, #1249, .T. ) ;
#1510 = CYLINDRICAL_SURFACE ( 'NONE', #669, 1.700000000000000178 ) ;
#1511 = ORIENTED_EDGE ( 'NONE', *, *, #1476, .F. ) ;
#1512 = VERTEX_POINT ( 'NONE', #1111 ) ;
#1513 = ADVANCED_FACE ( 'NONE', ( #1802 ), #898, .T. ) ;
#1514 = CARTESIAN_POINT ( 'NONE',  ( 71.00000000000000000, -135.0000000000000284, 91.00000000000001421 ) ) ;
#1515 = DIRECTION ( 'NONE',  ( -1.000000000000000000, -0.000000000000000000, -0.000000000000000000 ) ) ;
#1516 = ORIENTED_EDGE ( 'NONE', *, *, #2199, .T. ) ;
#1517 = EDGE_LOOP ( 'NONE', ( #1877, #1198 ) ) ;
#1518 = DIRECTION ( 'NONE',  ( 1.000000000000000000, 0.000000000000000000, 0.000000000000000000 ) ) ;
#1519 = DIRECTION ( 'NONE',  ( -0.000000000000000000, -0.000000000000000000, -1.000000000000000000 ) ) ;
#1520 = AXIS2_PLACEMENT_3D ( 'NONE', #2009, #1304, #336 ) ;
#1521 = ORIENTED_EDGE ( 'NONE', *, *, #1390, .F. ) ;
#1522 = CC_DESIGN_SECURITY_CLASSIFICATION ( #328, ( #826 ) ) ;
#1523 = FACE_BOUND ( 'NONE', #1256, .T. ) ;
#1524 = DIRECTION ( 'NONE',  ( 1.000000000000000000, 0.000000000000000000, 0.000000000000000000 ) ) ;
#1525 = EDGE_LOOP ( 'NONE', ( #1774, #743, #2478, #1682 ) ) ;
#1526 = EDGE_CURVE ( 'NONE', #2970, #370, #2052, .T. ) ;
#1527 = VERTEX_POINT ( 'NONE', #1384 ) ;
#1528 = CARTESIAN_POINT ( 'NONE',  ( 75.00000000000000000, -135.0000000000000284, 91.00000000000001421 ) ) ;
#1529 = EDGE_CURVE ( 'NONE', #2287, #655, #2335, .T. ) ;
#1530 = CARTESIAN_POINT ( 'NONE',  ( -18.49999999999999289, 132.0429399400242403, 137.0000000000000000 ) ) ;
#1531 = DIRECTION ( 'NONE',  ( 0.000000000000000000, 0.000000000000000000, 1.000000000000000000 ) ) ;
#1532 = SHAPE_DEFINITION_REPRESENTATION ( #1778, #2346 ) ;
#1533 = ORIENTED_EDGE ( 'NONE', *, *, #1741, .F. ) ;
#1534 = VERTEX_POINT ( 'NONE', #2282 ) ;
#1535 = LINE ( 'NONE', #775, #2002 ) ;
#1536 = LINE ( 'NONE', #1791, #1327 ) ;
#1537 = ORIENTED_EDGE ( 'NONE', *, *, #1382, .F. ) ;
#1538 = DIRECTION ( 'NONE',  ( 0.000000000000000000, 0.000000000000000000, 1.000000000000000000 ) ) ;
#1539 = VERTEX_POINT ( 'NONE', #2824 ) ;
#1540 = VERTEX_POINT ( 'NONE', #3048 ) ;
#1541 = ORIENTED_EDGE ( 'NONE', *, *, #843, .T. ) ;
#1542 = CARTESIAN_POINT ( 'NONE',  ( -54.99999999999999289, -151.0000000000000284, 91.00000000000001421 ) ) ;
#1543 = AXIS2_PLACEMENT_3D ( 'NONE', #466, #729, #742 ) ;
#1544 = DIRECTION ( 'NONE',  ( 1.000000000000000000, 0.000000000000000000, 0.000000000000000000 ) ) ;
#1545 = EDGE_CURVE ( 'NONE', #2926, #1998, #2102, .T. ) ;
#1546 = CYLINDRICAL_SURFACE ( 'NONE', #1659, 1.700000000000000178 ) ;
#1547 = AXIS2_PLACEMENT_3D ( 'NONE', #446, #693, #2390 ) ;
#1548 = ORIENTED_EDGE ( 'NONE', *, *, #1451, .F. ) ;
#1549 = AXIS2_PLACEMENT_3D ( 'NONE', #2762, #1634, #2322 ) ;
#1550 = ORIENTED_EDGE ( 'NONE', *, *, #2735, .F. ) ;
#1551 = CARTESIAN_POINT ( 'NONE',  ( -54.99999999999999289, -155.0000000000000284, 91.00000000000001421 ) ) ;
#1552 = ADVANCED_FACE ( 'NONE', ( #996 ), #2250, .F. ) ;
#1553 = CARTESIAN_POINT ( 'NONE',  ( 0.000000000000000000, -100.0000000000000000, 137.0000000000000000 ) ) ;
#1554 = VECTOR ( 'NONE', #228, 1000.000000000000000 ) ;
#1555 = VERTEX_POINT ( 'NONE', #2933 ) ;
#1556 = LINE ( 'NONE', #1098, #7 ) ;
#1557 = FACE_OUTER_BOUND ( 'NONE', #1714, .T. ) ;
#1558 = LINE ( 'NONE', #1101, #596 ) ;
#1559 = VECTOR ( 'NONE', #2518, 1000.000000000000000 ) ;
#1560 = ORIENTED_EDGE ( 'NONE', *, *, #1683, .F. ) ;
#1561 = ORIENTED_EDGE ( 'NONE', *, *, #1055, .T. ) ;
#1562 = CARTESIAN_POINT ( 'NONE',  ( 12.00000000000000000, 100.0000000000000000, 137.0000000000000000 ) ) ;
#1563 = PLANE ( 'NONE',  #1797 ) ;
#1564 = EDGE_CURVE ( 'NONE', #1049, #2400, #2853, .T. ) ;
#1565 = ORIENTED_EDGE ( 'NONE', *, *, #2586, .T. ) ;
#1566 = DIRECTION ( 'NONE',  ( 0.000000000000000000, 0.000000000000000000, 1.000000000000000000 ) ) ;
#1567 = DIRECTION ( 'NONE',  ( -1.000000000000000000, 0.000000000000000000, 0.000000000000000000 ) ) ;
#1568 = ORIENTED_EDGE ( 'NONE', *, *, #1204, .F. ) ;
#1569 = LINE ( 'NONE', #870, #1999 ) ;
#1570 = CARTESIAN_POINT ( 'NONE',  ( 54.99999999999999289, -151.0000000000000284, 131.0000000000000000 ) ) ;
#1571 = DIRECTION ( 'NONE',  ( -1.000000000000000000, 0.000000000000000000, 0.000000000000000000 ) ) ;
#1572 = ORIENTED_EDGE ( 'NONE', *, *, #63, .F. ) ;
#1573 = EDGE_CURVE ( 'NONE', #2685, #2075, #1047, .T. ) ;
#1574 = VECTOR ( 'NONE', #2463, 1000.000000000000000 ) ;
#1575 = ORIENTED_EDGE ( 'NONE', *, *, #3061, .T. ) ;
#1576 = LOCAL_TIME ( 11, 8, 33.00000000000000000, #488 ) ;
#1577 = LINE ( 'NONE', #878, #1153 ) ;
#1578 = CARTESIAN_POINT ( 'NONE',  ( 54.00000000000000711, 151.0000000000000284, 91.00000000000001421 ) ) ;
#1579 = CARTESIAN_POINT ( 'NONE',  ( 1.699999999999993072, -37.00000000000000000, 131.0000000000000000 ) ) ;
#1580 = DIRECTION ( 'NONE',  ( -0.7071067811865476838, -0.7071067811865474617, 0.000000000000000000 ) ) ;
#1581 = CARTESIAN_POINT ( 'NONE',  ( -33.74293994002422181, -18.50000000000000355, 137.0000000000000000 ) ) ;
#1582 = CARTESIAN_POINT ( 'NONE',  ( 71.00000000000000000, -134.0000000000000284, 0.000000000000000000 ) ) ;
#1583 = CARTESIAN_POINT ( 'NONE',  ( 20.20000000000000284, 132.0429399400242119, 137.0000000000000000 ) ) ;
#1584 = ORIENTED_EDGE ( 'NONE', *, *, #1564, .T. ) ;
#1585 = DIRECTION ( 'NONE',  ( 0.000000000000000000, 0.000000000000000000, -1.000000000000000000 ) ) ;
#1586 = VERTEX_POINT ( 'NONE', #2726 ) ;
#1587 = EDGE_CURVE ( 'NONE', #1222, #1788, #953, .T. ) ;
#1588 = DIRECTION ( 'NONE',  ( 1.000000000000000000, 0.000000000000000000, 0.000000000000000000 ) ) ;
#1589 = DIRECTION ( 'NONE',  ( 1.000000000000000000, 0.000000000000000000, 0.000000000000000000 ) ) ;
#1590 = EDGE_LOOP ( 'NONE', ( #1622, #431 ) ) ;
#1591 = ORIENTED_EDGE ( 'NONE', *, *, #1229, .T. ) ;
#1592 = ORIENTED_EDGE ( 'NONE', *, *, #94, .F. ) ;
#1593 = CARTESIAN_POINT ( 'NONE',  ( -75.00000000000000000, -130.0000000000000284, 137.0000000000000000 ) ) ;
#1594 = DIRECTION ( 'NONE',  ( 1.000000000000000000, -0.000000000000000000, 0.000000000000000000 ) ) ;
#1595 = DIRECTION ( 'NONE',  ( -0.000000000000000000, -0.000000000000000000, -1.000000000000000000 ) ) ;
#1596 = LINE ( 'NONE', #1315, #51 ) ;
#1597 = DIRECTION ( 'NONE',  ( 0.000000000000000000, 0.000000000000000000, 1.000000000000000000 ) ) ;
#1598 = CARTESIAN_POINT ( 'NONE',  ( 0.000000000000000000, 151.0000000000000284, 0.000000000000000000 ) ) ;
#1599 = CC_DESIGN_PERSON_AND_ORGANIZATION_ASSIGNMENT ( #347, #2004, ( #826 ) ) ;
#1600 = AXIS2_PLACEMENT_3D ( 'NONE', #300, #1283, #2459 ) ;
#1601 = CIRCLE ( 'NONE', #103, 1.700000000000000178 ) ;
#1602 = LINE ( 'NONE', #2558, #2604 ) ;
#1603 = CARTESIAN_POINT ( 'NONE',  ( 75.00000000000000000, 130.0000000000000284, 95.00000000000001421 ) ) ;
#1604 = AXIS2_PLACEMENT_3D ( 'NONE', #2068, #2000, #179 ) ;
#1605 = VERTEX_POINT ( 'NONE', #814 ) ;
#1606 = CARTESIAN_POINT ( 'NONE',  ( 0.000000000000000000, 0.000000000000000000, 95.00000000000001421 ) ) ;
#1607 = ORIENTED_EDGE ( 'NONE', *, *, #2947, .F. ) ;
#1608 = VECTOR ( 'NONE', #1385, 1000.000000000000000 ) ;
#1609 = CARTESIAN_POINT ( 'NONE',  ( -32.04293994002423318, 18.49999999999999645, 137.0000000000000000 ) ) ;
#1610 = VERTEX_POINT ( 'NONE', #2968 ) ;
#1611 = VECTOR ( 'NONE', #666, 1000.000000000000000 ) ;
#1612 = ADVANCED_FACE ( 'NONE', ( #784 ), #316, .F. ) ;
#1613 = LINE ( 'NONE', #2821, #2309 ) ;
#1614 = CARTESIAN_POINT ( 'NONE',  ( 18.50000000000000355, -132.0429399400242119, 137.0000000000000000 ) ) ;
#1615 = DIRECTION ( 'NONE',  ( 0.000000000000000000, -0.000000000000000000, -1.000000000000000000 ) ) ;
#1616 = CIRCLE ( 'NONE', #266, 1.700000000000000178 ) ;
#1617 = DIRECTION ( 'NONE',  ( 0.000000000000000000, 0.000000000000000000, 1.000000000000000000 ) ) ;
#1618 = CIRCLE ( 'NONE', #2014, 1.700000000000000178 ) ;
#1619 = EDGE_CURVE ( 'NONE', #2173, #682, #1734, .T. ) ;
#1620 = LINE ( 'NONE', #2054, #853 ) ;
#1621 = DIRECTION ( 'NONE',  ( -0.000000000000000000, -0.000000000000000000, -1.000000000000000000 ) ) ;
#1622 = ORIENTED_EDGE ( 'NONE', *, *, #2194, .T. ) ;
#1623 = DIRECTION ( 'NONE',  ( -1.000000000000000000, 0.000000000000000000, -0.000000000000000000 ) ) ;
#1624 = EDGE_LOOP ( 'NONE', ( #2681, #805, #1432, #563 ) ) ;
#1625 = LINE ( 'NONE', #3006, #515 ) ;
#1626 = FACE_BOUND ( 'NONE', #3024, .T. ) ;
#1627 = DIRECTION ( 'NONE',  ( 0.000000000000000000, 1.000000000000000000, 0.000000000000000000 ) ) ;
#1628 = CARTESIAN_POINT ( 'NONE',  ( -1.700000000000006617, -37.00000000000000000, 137.0000000000000000 ) ) ;
#1629 = AXIS2_PLACEMENT_3D ( 'NONE', #802, #1726, #2925 ) ;
#1630 = LOCAL_TIME ( 11, 8, 33.00000000000000000, #2852 ) ;
#1631 = LINE ( 'NONE', #2538, #1307 ) ;
#1632 = DIRECTION ( 'NONE',  ( 0.000000000000000000, 0.000000000000000000, 1.000000000000000000 ) ) ;
#1633 = EDGE_CURVE ( 'NONE', #2704, #619, #2186, .T. ) ;
#1634 = DIRECTION ( 'NONE',  ( 0.000000000000000000, 0.000000000000000000, 1.000000000000000000 ) ) ;
#1635 = DIRECTION ( 'NONE',  ( 0.000000000000000000, 0.000000000000000000, 1.000000000000000000 ) ) ;
#1636 = ORIENTED_EDGE ( 'NONE', *, *, #1048, .T. ) ;
#1637 = DIRECTION ( 'NONE',  ( 1.000000000000000000, 0.000000000000000000, 0.000000000000000000 ) ) ;
#1638 = ORIENTED_EDGE ( 'NONE', *, *, #1219, .F. ) ;
#1639 = PERSON ( 'UNSPECIFIED', 'UNSPECIFIED', 'UNSPECIFIED', ('UNSPECIFIED'), ('UNSPECIFIED'), ('UNSPECIFIED') ) ;
#1640 = LINE ( 'NONE', #1347, #1453 ) ;
#1641 = LINE ( 'NONE', #429, #2820 ) ;
#1642 = ORIENTED_EDGE ( 'NONE', *, *, #2048, .T. ) ;
#1643 = DIRECTION ( 'NONE',  ( 0.000000000000000000, 0.000000000000000000, 1.000000000000000000 ) ) ;
#1644 = CARTESIAN_POINT ( 'NONE',  ( 47.00000000000000000, -100.0000000000000000, 95.00000000000001421 ) ) ;
#1645 = FACE_OUTER_BOUND ( 'NONE', #2043, .T. ) ;
#1646 = DIRECTION ( 'NONE',  ( -0.000000000000000000, -0.000000000000000000, -1.000000000000000000 ) ) ;
#1647 = CIRCLE ( 'NONE', #1349, 47.00000000000000000 ) ;
#1648 = EDGE_LOOP ( 'NONE', ( #2425, #2377, #759, #2736 ) ) ;
#1649 = DIRECTION ( 'NONE',  ( -0.000000000000000000, -0.000000000000000000, -1.000000000000000000 ) ) ;
#1650 = EDGE_LOOP ( 'NONE', ( #1889, #970, #350, #357 ) ) ;
#1651 = EDGE_CURVE ( 'NONE', #381, #404, #761, .T. ) ;
#1652 = CARTESIAN_POINT ( 'NONE',  ( -18.49999999999999289, -67.95706005997577392, 137.0000000000000000 ) ) ;
#1653 = FACE_OUTER_BOUND ( 'NONE', #1301, .T. ) ;
#1654 = CIRCLE ( 'NONE', #254, 1.700000000000000178 ) ;
#1655 = ORIENTED_EDGE ( 'NONE', *, *, #1008, .T. ) ;
#1656 = AXIS2_PLACEMENT_3D ( 'NONE', #1598, #2775, #422 ) ;
#1657 = PLANE ( 'NONE',  #223 ) ;
#1658 = ORIENTED_EDGE ( 'NONE', *, *, #2424, .F. ) ;
#1659 = AXIS2_PLACEMENT_3D ( 'NONE', #1722, #2692, #2679 ) ;
#1660 = DIRECTION ( 'NONE',  ( -0.7071067811865473507, -0.7071067811865477948, 0.000000000000000000 ) ) ;
#1661 = VECTOR ( 'NONE', #2157, 1000.000000000000000 ) ;
#1662 = VECTOR ( 'NONE', #2289, 1000.000000000000000 ) ;
#1663 = DATE_AND_TIME ( #2630, #1630 ) ;
#1664 = ADVANCED_FACE ( 'NONE', ( #2909 ), #1546, .F. ) ;
#1665 = EDGE_LOOP ( 'NONE', ( #1967, #348, #1896, #1317 ) ) ;
#1666 = DIRECTION ( 'NONE',  ( 0.7071067811865476838, -0.7071067811865474617, 0.000000000000000000 ) ) ;
#1667 = VERTEX_POINT ( 'NONE', #531 ) ;
#1668 = DIRECTION ( 'NONE',  ( -0.000000000000000000, -0.000000000000000000, -1.000000000000000000 ) ) ;
#1669 = CARTESIAN_POINT ( 'NONE',  ( -37.00000000000000000, -100.0000000000000000, 131.0000000000000000 ) ) ;
#1670 = EDGE_CURVE ( 'NONE', #2506, #1845, #1483, .T. ) ;
#1671 = ORIENTED_EDGE ( 'NONE', *, *, #735, .F. ) ;
#1672 = DIRECTION ( 'NONE',  ( -0.000000000000000000, -1.000000000000000000, -0.000000000000000000 ) ) ;
#1673 = DIRECTION ( 'NONE',  ( -0.7071067811865476838, 0.7071067811865474617, 0.000000000000000000 ) ) ;
#1674 = EDGE_LOOP ( 'NONE', ( #1806, #1423, #1332, #2168 ) ) ;
#1675 = FACE_OUTER_BOUND ( 'NONE', #1831, .T. ) ;
#1676 = DIRECTION ( 'NONE',  ( 0.7071067811865476838, 0.7071067811865474617, 0.000000000000000000 ) ) ;
#1677 = CYLINDRICAL_SURFACE ( 'NONE', #2378, 1.699999999999999956 ) ;
#1678 = VERTEX_POINT ( 'NONE', #1263 ) ;
#1679 = FACE_BOUND ( 'NONE', #2753, .T. ) ;
#1680 = VERTEX_POINT ( 'NONE', #2456 ) ;
#1681 = DIRECTION ( 'NONE',  ( -0.7071067811865476838, 0.7071067811865474617, 0.000000000000000000 ) ) ;
#1682 = ORIENTED_EDGE ( 'NONE', *, *, #1171, .F. ) ;
#1683 = EDGE_CURVE ( 'NONE', #956, #2305, #2436, .T. ) ;
#1684 = CARTESIAN_POINT ( 'NONE',  ( -18.50000000000001776, -132.0429399400242119, 137.0000000000000000 ) ) ;
#1685 = VERTEX_POINT ( 'NONE', #2951 ) ;
#1686 = EDGE_CURVE ( 'NONE', #2452, #2371, #2813, .T. ) ;
#1687 = CARTESIAN_POINT ( 'NONE',  ( 75.00000000000000000, -135.0000000000000284, 131.0000000000000000 ) ) ;
#1688 = CARTESIAN_POINT ( 'NONE',  ( -30.34293994002423034, 18.49999999999999645, 137.0000000000000000 ) ) ;
#1689 = ADVANCED_FACE ( 'NONE', ( #795 ), #1971, .F. ) ;
#1690 = PERSON_AND_ORGANIZATION ( #1639, #824 ) ;
#1691 = ORIENTED_EDGE ( 'NONE', *, *, #1330, .T. ) ;
#1692 = CYLINDRICAL_SURFACE ( 'NONE', #209, 1.700000000000000178 ) ;
#1693 = ORIENTED_EDGE ( 'NONE', *, *, #525, .F. ) ;
#1694 = VECTOR ( 'NONE', #1589, 1000.000000000000000 ) ;
#1695 = CARTESIAN_POINT ( 'NONE',  ( 71.00000000000000000, 135.0000000000000284, 131.0000000000000000 ) ) ;
#1696 = CIRCLE ( 'NONE', #2352, 12.00000000000000000 ) ;
#1697 = ORIENTED_EDGE ( 'NONE', *, *, #1984, .F. ) ;
#1698 = AXIS2_PLACEMENT_3D ( 'NONE', #1821, #2774, #1615 ) ;
#1699 = DIRECTION ( 'NONE',  ( 1.000000000000000000, -0.000000000000000000, -0.000000000000000000 ) ) ;
#1700 = ORIENTED_EDGE ( 'NONE', *, *, #359, .F. ) ;
#1701 = VERTEX_POINT ( 'NONE', #546 ) ;
#1702 = EDGE_CURVE ( 'NONE', #543, #534, #2710, .T. ) ;
#1703 = VECTOR ( 'NONE', #2200, 1000.000000000000000 ) ;
#1704 = DIRECTION ( 'NONE',  ( 0.000000000000000000, 1.000000000000000000, 0.000000000000000000 ) ) ;
#1705 = VECTOR ( 'NONE', #915, 1000.000000000000000 ) ;
#1706 = CARTESIAN_POINT ( 'NONE',  ( 1.699999999999993072, -37.00000000000000000, 137.0000000000000000 ) ) ;
#1707 = CARTESIAN_POINT ( 'NONE',  ( 71.00000000000000000, 135.0000000000000284, 91.00000000000001421 ) ) ;
#1708 = ADVANCED_FACE ( 'NONE', ( #1024, #1985, #2472, #567 ), #331, .F. ) ;
#1709 = ORIENTED_EDGE ( 'NONE', *, *, #2836, .F. ) ;
#1710 = ORIENTED_EDGE ( 'NONE', *, *, #1382, .T. ) ;
#1711 = VECTOR ( 'NONE', #1434, 1000.000000000000000 ) ;
#1712 = CYLINDRICAL_SURFACE ( 'NONE', #461, 1.700000000000000178 ) ;
#1713 = FACE_OUTER_BOUND ( 'NONE', #1458, .T. ) ;
#1714 = EDGE_LOOP ( 'NONE', ( #2666, #2754, #1700, #2310 ) ) ;
#1715 = CARTESIAN_POINT ( 'NONE',  ( 47.00000000000000000, 100.0000000000000000, 91.00000000000001421 ) ) ;
#1716 = VERTEX_POINT ( 'NONE', #2674 ) ;
#1717 = ORIENTED_EDGE ( 'NONE', *, *, #2201, .F. ) ;
#1718 = DIRECTION ( 'NONE',  ( -0.000000000000000000, -0.000000000000000000, -1.000000000000000000 ) ) ;
#1719 = CARTESIAN_POINT ( 'NONE',  ( 2.265596578422603396E-15, 37.00000000000000000, 137.0000000000000000 ) ) ;
#1720 = ADVANCED_FACE ( 'NONE', ( #241 ), #952, .F. ) ;
#1721 = EDGE_CURVE ( 'NONE', #2357, #1475, #2759, .T. ) ;
#1722 = CARTESIAN_POINT ( 'NONE',  ( -37.00000000000000000, 100.0000000000000000, 137.0000000000000000 ) ) ;
#1723 = ORIENTED_EDGE ( 'NONE', *, *, #1587, .F. ) ;
#1724 = ORIENTED_EDGE ( 'NONE', *, *, #2484, .F. ) ;
#1725 = CARTESIAN_POINT ( 'NONE',  ( 33.74293994002421471, -18.50000000000001776, 137.0000000000000000 ) ) ;
#1726 = DIRECTION ( 'NONE',  ( 0.000000000000000000, 0.000000000000000000, 1.000000000000000000 ) ) ;
#1727 = EDGE_LOOP ( 'NONE', ( #2903, #1025 ) ) ;
#1728 = DIRECTION ( 'NONE',  ( 1.000000000000000000, 0.000000000000000000, 0.000000000000000000 ) ) ;
#1729 = CARTESIAN_POINT ( 'NONE',  ( -49.99999999999999289, 155.0000000000000284, 131.0000000000000000 ) ) ;
#1730 = DIRECTION ( 'NONE',  ( 0.000000000000000000, 0.000000000000000000, 1.000000000000000000 ) ) ;
#1731 = ORIENTED_EDGE ( 'NONE', *, *, #994, .F. ) ;
#1732 = FACE_OUTER_BOUND ( 'NONE', #1271, .T. ) ;
#1733 = CARTESIAN_POINT ( 'NONE',  ( -30.34293994002422323, -18.50000000000000355, 131.0000000000000000 ) ) ;
#1734 = LINE ( 'NONE', #2219, #2810 ) ;
#1735 = EDGE_CURVE ( 'NONE', #2215, #1781, #1640, .T. ) ;
#1736 = ORIENTED_EDGE ( 'NONE', *, *, #1721, .T. ) ;
#1737 = DIRECTION ( 'NONE',  ( -1.000000000000000000, 0.000000000000000000, 0.000000000000000000 ) ) ;
#1738 = ORIENTED_EDGE ( 'NONE', *, *, #183, .T. ) ;
#1739 = DIRECTION ( 'NONE',  ( 0.000000000000000000, 0.000000000000000000, 1.000000000000000000 ) ) ;
#1740 = CARTESIAN_POINT ( 'NONE',  ( 18.50000000000000355, 132.0429399400242119, 131.0000000000000000 ) ) ;
#1741 = EDGE_CURVE ( 'NONE', #2039, #1932, #1203, .T. ) ;
#1742 = ORIENTED_EDGE ( 'NONE', *, *, #638, .F. ) ;
#1743 = LINE ( 'NONE', #2368, #311 ) ;
#1744 = FACE_BOUND ( 'NONE', #609, .T. ) ;
#1745 = DIRECTION ( 'NONE',  ( 0.000000000000000000, 0.000000000000000000, 1.000000000000000000 ) ) ;
#1746 = CIRCLE ( 'NONE', #654, 20.00000000000000000 ) ;
#1747 = LINE ( 'NONE', #2480, #794 ) ;
#1748 = ORIENTED_EDGE ( 'NONE', *, *, #99, .T. ) ;
#1749 = EDGE_CURVE ( 'NONE', #381, #1756, #2299, .T. ) ;
#1750 = CIRCLE ( 'NONE', #2445, 15.00000000000000000 ) ;
#1751 = DIRECTION ( 'NONE',  ( -0.000000000000000000, -0.000000000000000000, -1.000000000000000000 ) ) ;
#1752 = AXIS2_PLACEMENT_3D ( 'NONE', #141, #2315, #2483 ) ;
#1753 = AXIS2_PLACEMENT_3D ( 'NONE', #2912, #85, #1518 ) ;
#1754 = DIRECTION ( 'NONE',  ( 0.000000000000000000, 0.000000000000000000, 1.000000000000000000 ) ) ;
#1755 = AXIS2_PLACEMENT_3D ( 'NONE', #2921, #346, #1297 ) ;
#1756 = VERTEX_POINT ( 'NONE', #2120 ) ;
#1757 = CARTESIAN_POINT ( 'NONE',  ( 0.000000000000000000, 100.0000000000000000, 95.00000000000001421 ) ) ;
#1758 = ORIENTED_EDGE ( 'NONE', *, *, #1454, .T. ) ;
#1759 = DIRECTION ( 'NONE',  ( -0.000000000000000000, -0.000000000000000000, -1.000000000000000000 ) ) ;
#1760 = CIRCLE ( 'NONE', #1957, 1.700000000000000178 ) ;
#1761 = ADVANCED_FACE ( 'NONE', ( #3077 ), #939, .F. ) ;
#1762 = DIRECTION ( 'NONE',  ( 0.000000000000000000, 0.000000000000000000, 1.000000000000000000 ) ) ;
#1763 = ORIENTED_EDGE ( 'NONE', *, *, #81, .F. ) ;
#1764 = AXIS2_PLACEMENT_3D ( 'NONE', #1392, #2345, #236 ) ;
#1765 = EDGE_CURVE ( 'NONE', #2432, #257, #215, .T. ) ;
#1766 = CYLINDRICAL_SURFACE ( 'NONE', #1459, 1.700000000000000178 ) ;
#1767 = CIRCLE ( 'NONE', #2568, 1.700000000000000178 ) ;
#1768 = DIRECTION ( 'NONE',  ( -1.000000000000000000, -0.000000000000000000, -0.000000000000000000 ) ) ;
#1769 = ORIENTED_EDGE ( 'NONE', *, *, #1170, .T. ) ;
#1770 = VERTEX_POINT ( 'NONE', #3032 ) ;
#1771 = DIRECTION ( 'NONE',  ( 0.000000000000000000, 0.000000000000000000, 1.000000000000000000 ) ) ;
#1772 = DIRECTION ( 'NONE',  ( 1.000000000000000000, -0.000000000000000000, 0.000000000000000000 ) ) ;
#1773 = ORIENTED_EDGE ( 'NONE', *, *, #1069, .T. ) ;
#1774 = ORIENTED_EDGE ( 'NONE', *, *, #576, .F. ) ;
#1775 = DIRECTION ( 'NONE',  ( -1.000000000000000000, 0.000000000000000000, 0.000000000000000000 ) ) ;
#1776 = DIRECTION ( 'NONE',  ( -1.000000000000000000, 0.000000000000000000, 0.000000000000000000 ) ) ;
#1777 = AXIS2_PLACEMENT_3D ( 'NONE', #3067, #2146, #931 ) ;
#1778 = PRODUCT_DEFINITION_SHAPE ( 'NONE', 'NONE',  #1461 ) ;
#1779 = VERTEX_POINT ( 'NONE', #2835 ) ;
#1780 = CARTESIAN_POINT ( 'NONE',  ( -18.49999999999999289, -67.95706005997577392, 137.0000000000000000 ) ) ;
#1781 = VERTEX_POINT ( 'NONE', #2072 ) ;
#1782 = EDGE_LOOP ( 'NONE', ( #312, #2429, #2407, #1207, #2022, #25, #2193, #1560, #2036, #2221 ) ) ;
#1783 = ORIENTED_EDGE ( 'NONE', *, *, #1041, .F. ) ;
#1784 = DIRECTION ( 'NONE',  ( -1.000000000000000000, -0.000000000000000000, -0.000000000000000000 ) ) ;
#1785 = LINE ( 'NONE', #828, #251 ) ;
#1786 = CARTESIAN_POINT ( 'NONE',  ( -18.49999999999999289, 132.0429399400242403, 131.0000000000000000 ) ) ;
#1787 = SECURITY_CLASSIFICATION_LEVEL ( 'unclassified' ) ;
#1788 = VERTEX_POINT ( 'NONE', #1175 ) ;
#1789 = EDGE_LOOP ( 'NONE', ( #2690, #1769, #856, #528 ) ) ;
#1790 = CARTESIAN_POINT ( 'NONE',  ( 54.99999999999999289, 151.0000000000000284, 131.0000000000000000 ) ) ;
#1791 = CARTESIAN_POINT ( 'NONE',  ( 49.99999999999999289, -155.0000000000000284, 131.0000000000000000 ) ) ;
#1792 = VERTEX_POINT ( 'NONE', #184 ) ;
#1793 = FACE_BOUND ( 'NONE', #889, .T. ) ;
#1794 = LINE ( 'NONE', #2689, #2893 ) ;
#1795 = VERTEX_POINT ( 'NONE', #913 ) ;
#1796 = ORIENTED_EDGE ( 'NONE', *, *, #235, .F. ) ;
#1797 = AXIS2_PLACEMENT_3D ( 'NONE', #162, #112, #1580 ) ;
#1798 = CARTESIAN_POINT ( 'NONE',  ( 75.00000000000000000, -135.0000000000000284, 131.0000000000000000 ) ) ;
#1799 = ADVANCED_FACE ( 'NONE', ( #2792 ), #1886, .F. ) ;
#1800 = CIRCLE ( 'NONE', #1150, 1.700000000000000178 ) ;
#1801 = LINE ( 'NONE', #420, #2894 ) ;
#1802 = FACE_OUTER_BOUND ( 'NONE', #1782, .T. ) ;
#1803 = VECTOR ( 'NONE', #1173, 1000.000000000000000 ) ;
#1804 = EDGE_CURVE ( 'NONE', #635, #2608, #1872, .T. ) ;
#1805 = AXIS2_PLACEMENT_3D ( 'NONE', #2957, #2442, #1775 ) ;
#1806 = ORIENTED_EDGE ( 'NONE', *, *, #1749, .F. ) ;
#1807 = CARTESIAN_POINT ( 'NONE',  ( 54.99999999999999289, 155.0000000000000284, 91.00000000000001421 ) ) ;
#1808 = CARTESIAN_POINT ( 'NONE',  ( -75.00000000000000000, -130.0000000000000284, 137.0000000000000000 ) ) ;
#1809 = EDGE_CURVE ( 'NONE', #1340, #1154, #680, .T. ) ;
#1810 = AXIS2_PLACEMENT_3D ( 'NONE', #114, #1754, #2021 ) ;
#1811 = EDGE_LOOP ( 'NONE', ( #1311, #337, #1239, #299 ) ) ;
#1812 = CARTESIAN_POINT ( 'NONE',  ( 54.99999999999999289, 155.0000000000000284, 131.0000000000000000 ) ) ;
#1813 = CARTESIAN_POINT ( 'NONE',  ( 16.80000000000000071, -132.0429399400242119, 137.0000000000000000 ) ) ;
#1814 = DIRECTION ( 'NONE',  ( -1.000000000000000000, 0.000000000000000000, -0.000000000000000000 ) ) ;
#1815 = VECTOR ( 'NONE', #607, 1000.000000000000000 ) ;
#1816 = ORIENTED_EDGE ( 'NONE', *, *, #2283, .T. ) ;
#1817 = ORIENTED_EDGE ( 'NONE', *, *, #697, .F. ) ;
#1818 = VECTOR ( 'NONE', #1906, 1000.000000000000000 ) ;
#1819 = DIRECTION ( 'NONE',  ( 0.000000000000000000, 0.000000000000000000, 1.000000000000000000 ) ) ;
#1820 = CARTESIAN_POINT ( 'NONE',  ( 75.00000000000000000, -135.0000000000000284, 131.0000000000000000 ) ) ;
#1821 = CARTESIAN_POINT ( 'NONE',  ( -71.00000000000000000, 135.0000000000000284, 91.00000000000001421 ) ) ;
#1822 = VERTEX_POINT ( 'NONE', #2587 ) ;
#1823 = EDGE_CURVE ( 'NONE', #2188, #44, #2848, .T. ) ;
#1824 = DIRECTION ( 'NONE',  ( 0.000000000000000000, -1.000000000000000000, 0.000000000000000000 ) ) ;
#1825 = CYLINDRICAL_SURFACE ( 'NONE', #1883, 1.699999999999999956 ) ;
#1826 = ORIENTED_EDGE ( 'NONE', *, *, #2507, .F. ) ;
#1827 = FACE_OUTER_BOUND ( 'NONE', #2656, .T. ) ;
#1828 = DIRECTION ( 'NONE',  ( 0.000000000000000000, -1.000000000000000000, 0.000000000000000000 ) ) ;
#1829 = CARTESIAN_POINT ( 'NONE',  ( 47.00000000000000000, -100.0000000000000000, 91.00000000000001421 ) ) ;
#1830 = ORIENTED_EDGE ( 'NONE', *, *, #2424, .T. ) ;
#1831 = EDGE_LOOP ( 'NONE', ( #1209, #2616, #2258, #2482 ) ) ;
#1832 = AXIS2_PLACEMENT_3D ( 'NONE', #886, #1621, #2304 ) ;
#1833 = EDGE_LOOP ( 'NONE', ( #482, #131, #412, #2211 ) ) ;
#1834 = LINE ( 'NONE', #2418, #2660 ) ;
#1835 = CARTESIAN_POINT ( 'NONE',  ( -54.99999999999999289, -151.0000000000000284, 131.0000000000000000 ) ) ;
#1836 = CARTESIAN_POINT ( 'NONE',  ( 32.04293994002421897, -18.50000000000001776, 131.0000000000000000 ) ) ;
#1837 = FACE_OUTER_BOUND ( 'NONE', #2694, .T. ) ;
#1838 = DIRECTION ( 'NONE',  ( -0.000000000000000000, -0.000000000000000000, -1.000000000000000000 ) ) ;
#1839 = CARTESIAN_POINT ( 'NONE',  ( 18.50000000000000355, -67.95706005997578814, 137.0000000000000000 ) ) ;
#1840 = DIRECTION ( 'NONE',  ( -1.000000000000000000, -0.000000000000000000, -0.000000000000000000 ) ) ;
#1841 = PLANE ( 'NONE',  #233 ) ;
#1842 = EDGE_CURVE ( 'NONE', #1678, #2566, #1631, .T. ) ;
#1843 = ORIENTED_EDGE ( 'NONE', *, *, #2152, .F. ) ;
#1844 = CARTESIAN_POINT ( 'NONE',  ( -49.99999999999999289, -155.0000000000000284, 131.0000000000000000 ) ) ;
#1845 = VERTEX_POINT ( 'NONE', #1858 ) ;
#1846 = CARTESIAN_POINT ( 'NONE',  ( 38.69999999999999574, -100.0000000000000000, 137.0000000000000000 ) ) ;
#1847 = EDGE_CURVE ( 'NONE', #1097, #74, #2408, .T. ) ;
#1848 = EDGE_CURVE ( 'NONE', #1586, #2287, #3053, .T. ) ;
#1849 = VERTEX_POINT ( 'NONE', #1395 ) ;
#1850 = ORIENTED_EDGE ( 'NONE', *, *, #1749, .T. ) ;
#1851 = CARTESIAN_POINT ( 'NONE',  ( 75.00000000000000000, 130.0000000000000284, 95.00000000000001421 ) ) ;
#1852 = DIRECTION ( 'NONE',  ( 1.000000000000000000, 0.000000000000000000, 0.000000000000000000 ) ) ;
#1853 = LINE ( 'NONE', #2864, #8 ) ;
#1854 = ADVANCED_FACE ( 'NONE', ( #2555 ), #1126, .F. ) ;
#1855 = DIRECTION ( 'NONE',  ( 0.000000000000000000, 0.000000000000000000, 1.000000000000000000 ) ) ;
#1856 = PLANE ( 'NONE',  #165 ) ;
#1857 = CARTESIAN_POINT ( 'NONE',  ( -20.19999999999999218, -67.95706005997577392, 137.0000000000000000 ) ) ;
#1858 = CARTESIAN_POINT ( 'NONE',  ( 49.99999999999999289, -155.0000000000000284, 131.0000000000000000 ) ) ;
#1859 = VECTOR ( 'NONE', #646, 1000.000000000000000 ) ;
#1860 = DIRECTION ( 'NONE',  ( 0.000000000000000000, 0.000000000000000000, 1.000000000000000000 ) ) ;
#1861 = FACE_OUTER_BOUND ( 'NONE', #1674, .T. ) ;
#1862 = VECTOR ( 'NONE', #111, 1000.000000000000000 ) ;
#1863 = ORIENTED_EDGE ( 'NONE', *, *, #538, .F. ) ;
#1864 = LINE ( 'NONE', #1389, #990 ) ;
#1865 = VECTOR ( 'NONE', #1143, 1000.000000000000000 ) ;
#1866 = CARTESIAN_POINT ( 'NONE',  ( 49.99999999999999289, -155.0000000000000284, 137.0000000000000000 ) ) ;
#1867 = ORIENTED_EDGE ( 'NONE', *, *, #2276, .T. ) ;
#1868 = CARTESIAN_POINT ( 'NONE',  ( 18.50000000000000355, -132.0429399400242119, 131.0000000000000000 ) ) ;
#1869 = CARTESIAN_POINT ( 'NONE',  ( 0.000000000000000000, 100.0000000000000000, 137.0000000000000000 ) ) ;
#1870 = PLANE ( 'NONE',  #1943 ) ;
#1871 = AXIS2_PLACEMENT_3D ( 'NONE', #2732, #1538, #361 ) ;
#1872 = LINE ( 'NONE', #883, #1611 ) ;
#1873 = DIRECTION ( 'NONE',  ( -0.000000000000000000, -0.000000000000000000, -1.000000000000000000 ) ) ;
#1874 = VECTOR ( 'NONE', #1193, 1000.000000000000000 ) ;
#1875 = DIRECTION ( 'NONE',  ( 1.000000000000000000, 0.000000000000000000, 0.000000000000000000 ) ) ;
#1876 = CARTESIAN_POINT ( 'NONE',  ( -75.00000000000000000, 130.0000000000000284, 137.0000000000000000 ) ) ;
#1877 = ORIENTED_EDGE ( 'NONE', *, *, #1281, .T. ) ;
#1878 = CARTESIAN_POINT ( 'NONE',  ( 18.50000000000000355, 132.0429399400242119, 137.0000000000000000 ) ) ;
#1879 = CARTESIAN_POINT ( 'NONE',  ( 33.74293994002422892, 18.49999999999999645, 137.0000000000000000 ) ) ;
#1880 = ORIENTED_EDGE ( 'NONE', *, *, #2112, .T. ) ;
#1881 = FACE_OUTER_BOUND ( 'NONE', #1648, .T. ) ;
#1882 = LINE ( 'NONE', #2317, #2242 ) ;
#1883 = AXIS2_PLACEMENT_3D ( 'NONE', #451, #1397, #1567 ) ;
#1884 = ADVANCED_FACE ( 'NONE', ( #2807 ), #421, .F. ) ;
#1885 = CARTESIAN_POINT ( 'NONE',  ( -54.99999999999999289, 151.0000000000000284, 91.00000000000001421 ) ) ;
#1886 = CYLINDRICAL_SURFACE ( 'NONE', #1251, 1.700000000000000178 ) ;
#1887 = EDGE_CURVE ( 'NONE', #495, #763, #219, .T. ) ;
#1888 = CALENDAR_DATE ( 2026, 24, 9 ) ;
#1889 = ORIENTED_EDGE ( 'NONE', *, *, #1010, .F. ) ;
#1890 = DIRECTION ( 'NONE',  ( -0.000000000000000000, -0.000000000000000000, -1.000000000000000000 ) ) ;
#1891 = VERTEX_POINT ( 'NONE', #2101 ) ;
#1892 = CARTESIAN_POINT ( 'NONE',  ( 71.00000000000000000, 0.000000000000000000, 95.00000000000001421 ) ) ;
#1893 = ORIENTED_EDGE ( 'NONE', *, *, #501, .F. ) ;
#1894 = CARTESIAN_POINT ( 'NONE',  ( 75.00000000000000000, -135.0000000000000284, 131.0000000000000000 ) ) ;
#1895 = CARTESIAN_POINT ( 'NONE',  ( 54.99999999999999289, -155.0000000000000284, 131.0000000000000000 ) ) ;
#1896 = ORIENTED_EDGE ( 'NONE', *, *, #2428, .F. ) ;
#1897 = EDGE_CURVE ( 'NONE', #2075, #2685, #2610, .T. ) ;
#1898 = DIRECTION ( 'NONE',  ( -0.000000000000000000, -0.000000000000000000, -1.000000000000000000 ) ) ;
#1899 = ADVANCED_FACE ( 'NONE', ( #240 ), #2880, .F. ) ;
#1900 = AXIS2_PLACEMENT_3D ( 'NONE', #153, #1325, #1571 ) ;
#1901 = PERSON_AND_ORGANIZATION ( #1639, #824 ) ;
#1902 = ORIENTED_EDGE ( 'NONE', *, *, #2780, .T. ) ;
#1903 = CARTESIAN_POINT ( 'NONE',  ( 38.69999999999999574, -100.0000000000000000, 131.0000000000000000 ) ) ;
#1904 = VECTOR ( 'NONE', #2372, 1000.000000000000000 ) ;
#1905 = DIRECTION ( 'NONE',  ( 1.000000000000000000, 0.000000000000000000, 0.000000000000000000 ) ) ;
#1906 = DIRECTION ( 'NONE',  ( 0.000000000000000000, -1.000000000000000000, 0.000000000000000000 ) ) ;
#1907 = CIRCLE ( 'NONE', #2001, 1.700000000000000178 ) ;
#1908 = EDGE_LOOP ( 'NONE', ( #2230, #1284, #1880, #1213, #289, #1335, #230, #125 ) ) ;
#1909 = VECTOR ( 'NONE', #1873, 1000.000000000000000 ) ;
#1910 = EDGE_CURVE ( 'NONE', #1154, #155, #1914, .T. ) ;
#1911 = DIRECTION ( 'NONE',  ( 1.000000000000000000, 0.000000000000000000, 0.000000000000000000 ) ) ;
#1912 = ORIENTED_EDGE ( 'NONE', *, *, #2678, .T. ) ;
#1913 = VECTOR ( 'NONE', #581, 1000.000000000000000 ) ;
#1914 = LINE ( 'NONE', #487, #2158 ) ;
#1915 = VECTOR ( 'NONE', #1699, 1000.000000000000000 ) ;
#1916 = AXIS2_PLACEMENT_3D ( 'NONE', #1134, #890, #3039 ) ;
#1917 = EDGE_CURVE ( 'NONE', #857, #257, #2465, .T. ) ;
#1918 = VERTEX_POINT ( 'NONE', #710 ) ;
#1919 = CARTESIAN_POINT ( 'NONE',  ( -54.00000000000000000, 151.0000000000000284, 91.00000000000001421 ) ) ;
#1920 = EDGE_LOOP ( 'NONE', ( #1234, #2639, #2814, #1607 ) ) ;
#1921 = CARTESIAN_POINT ( 'NONE',  ( 18.50000000000000355, 132.0429399400242119, 137.0000000000000000 ) ) ;
#1922 = FACE_OUTER_BOUND ( 'NONE', #2631, .T. ) ;
#1923 = ORIENTED_EDGE ( 'NONE', *, *, #2469, .F. ) ;
#1924 = DIRECTION ( 'NONE',  ( -0.000000000000000000, -1.000000000000000000, -0.000000000000000000 ) ) ;
#1925 = EDGE_LOOP ( 'NONE', ( #2606, #3026 ) ) ;
#1926 = DIRECTION ( 'NONE',  ( -1.000000000000000000, 0.000000000000000000, 0.000000000000000000 ) ) ;
#1927 = AXIS2_PLACEMENT_3D ( 'NONE', #403, #147, #1635 ) ;
#1928 = LOCAL_TIME ( 11, 8, 33.00000000000000000, #1040 ) ;
#1929 = PERSON_AND_ORGANIZATION_ROLE ( 'design_owner' ) ;
#1930 = ORIENTED_EDGE ( 'NONE', *, *, #538, .T. ) ;
#1931 = DIRECTION ( 'NONE',  ( 0.7071067811865476838, 0.7071067811865474617, 0.000000000000000000 ) ) ;
#1932 = VERTEX_POINT ( 'NONE', #1018 ) ;
#1933 = ADVANCED_FACE ( 'NONE', ( #1675 ), #20, .F. ) ;
#1934 = CARTESIAN_POINT ( 'NONE',  ( -49.99999999999999289, 155.0000000000000284, 137.0000000000000000 ) ) ;
#1935 = VERTEX_POINT ( 'NONE', #1188 ) ;
#1936 = ADVANCED_FACE ( 'NONE', ( #790 ), #2143, .F. ) ;
#1937 = LINE ( 'NONE', #2169, #2369 ) ;
#1938 = ORIENTED_EDGE ( 'NONE', *, *, #1670, .T. ) ;
#1939 = EDGE_CURVE ( 'NONE', #33, #2188, #2509, .T. ) ;
#1940 = LINE ( 'NONE', #1009, #2300 ) ;
#1941 = EDGE_LOOP ( 'NONE', ( #965, #1253, #1020, #2531 ) ) ;
#1942 = ORIENTED_EDGE ( 'NONE', *, *, #735, .T. ) ;
#1943 = AXIS2_PLACEMENT_3D ( 'NONE', #2069, #3045, #2118 ) ;
#1944 = PLANE ( 'NONE',  #1005 ) ;
#1945 = VECTOR ( 'NONE', #1890, 1000.000000000000000 ) ;
#1946 = ORIENTED_EDGE ( 'NONE', *, *, #1296, .T. ) ;
#1947 = AXIS2_PLACEMENT_3D ( 'NONE', #2950, #2533, #812 ) ;
#1948 = DIRECTION ( 'NONE',  ( 1.000000000000000000, -0.000000000000000000, -0.000000000000000000 ) ) ;
#1949 = ORIENTED_EDGE ( 'NONE', *, *, #1390, .T. ) ;
#1950 = ORIENTED_EDGE ( 'NONE', *, *, #6, .F. ) ;
#1951 = CIRCLE ( 'NONE', #417, 12.00000000000000000 ) ;
#1952 = EDGE_CURVE ( 'NONE', #2064, #2035, #1743, .T. ) ;
#1953 = DIRECTION ( 'NONE',  ( 0.000000000000000000, 0.000000000000000000, 1.000000000000000000 ) ) ;
#1954 = AXIS2_PLACEMENT_3D ( 'NONE', #398, #214, #1383 ) ;
#1955 = DIRECTION ( 'NONE',  ( -1.000000000000000000, 0.000000000000000000, 0.000000000000000000 ) ) ;
#1956 = CARTESIAN_POINT ( 'NONE',  ( -71.00000000000000000, 135.0000000000000284, 131.0000000000000000 ) ) ;
#1957 = AXIS2_PLACEMENT_3D ( 'NONE', #396, #2806, #161 ) ;
#1958 = MANIFOLD_SOLID_BREP ( 'Bottom_Plate', #146 ) ;
#1959 = ORIENTED_EDGE ( 'NONE', *, *, #830, .F. ) ;
#1960 = ORIENTED_EDGE ( 'NONE', *, *, #1433, .T. ) ;
#1961 = CIRCLE ( 'NONE', #425, 1.700000000000000178 ) ;
#1962 = DIRECTION ( 'NONE',  ( 0.7071067811865476838, 0.7071067811865474617, 0.000000000000000000 ) ) ;
#1963 = FACE_OUTER_BOUND ( 'NONE', #1665, .T. ) ;
#1964 = ORIENTED_EDGE ( 'NONE', *, *, #645, .T. ) ;
#1965 = DIRECTION ( 'NONE',  ( 0.000000000000000000, 0.000000000000000000, 1.000000000000000000 ) ) ;
#1966 = CARTESIAN_POINT ( 'NONE',  ( 0.000000000000000000, 0.000000000000000000, 137.0000000000000000 ) ) ;
#1967 = ORIENTED_EDGE ( 'NONE', *, *, #2548, .F. ) ;
#1968 = CARTESIAN_POINT ( 'NONE',  ( -20.19999999999999218, 132.0429399400242403, 137.0000000000000000 ) ) ;
#1969 = ADVANCED_FACE ( 'NONE', ( #540 ), #1272, .F. ) ;
#1970 = LINE ( 'NONE', #2677, #765 ) ;
#1971 = CYLINDRICAL_SURFACE ( 'NONE', #1755, 1.700000000000000178 ) ;
#1972 = EDGE_CURVE ( 'NONE', #27, #3056, #2212, .T. ) ;
#1973 = AXIS2_PLACEMENT_3D ( 'NONE', #1146, #202, #503 ) ;
#1974 = ORIENTED_EDGE ( 'NONE', *, *, #1939, .F. ) ;
#1975 = ORIENTED_EDGE ( 'NONE', *, *, #1023, .F. ) ;
#1976 = CARTESIAN_POINT ( 'NONE',  ( -18.49999999999999289, -67.95706005997577392, 137.0000000000000000 ) ) ;
#1977 = DIRECTION ( 'NONE',  ( -0.000000000000000000, 0.000000000000000000, -1.000000000000000000 ) ) ;
#1978 = VERTEX_POINT ( 'NONE', #307 ) ;
#1979 = CARTESIAN_POINT ( 'NONE',  ( -18.50000000000001776, -132.0429399400242119, 137.0000000000000000 ) ) ;
#1980 = FACE_BOUND ( 'NONE', #144, .T. ) ;
#1981 = FACE_OUTER_BOUND ( 'NONE', #489, .T. ) ;
#1982 = ORIENTED_EDGE ( 'NONE', *, *, #2177, .T. ) ;
#1983 = DIRECTION ( 'NONE',  ( -0.000000000000000000, -0.000000000000000000, -1.000000000000000000 ) ) ;
#1984 = EDGE_CURVE ( 'NONE', #3022, #715, #1163, .T. ) ;
#1985 = FACE_BOUND ( 'NONE', #1436, .T. ) ;
#1986 = DATE_AND_TIME ( #2203, #685 ) ;
#1987 = EDGE_LOOP ( 'NONE', ( #3010, #1658 ) ) ;
#1988 = ORIENTED_EDGE ( 'NONE', *, *, #2396, .F. ) ;
#1989 = EDGE_CURVE ( 'NONE', #1756, #319, #713, .T. ) ;
#1990 = DIRECTION ( 'NONE',  ( 1.000000000000000000, 0.000000000000000000, 0.000000000000000000 ) ) ;
#1991 = CARTESIAN_POINT ( 'NONE',  ( 71.00000000000000000, 134.0000000000000284, 91.00000000000001421 ) ) ;
#1992 = ORIENTED_EDGE ( 'NONE', *, *, #200, .F. ) ;
#1993 = DIRECTION ( 'NONE',  ( 0.000000000000000000, 0.000000000000000000, 1.000000000000000000 ) ) ;
#1994 = DIRECTION ( 'NONE',  ( -0.000000000000000000, -1.000000000000000000, -0.000000000000000000 ) ) ;
#1995 = AXIS2_PLACEMENT_3D ( 'NONE', #2739, #2248, #366 ) ;
#1996 = LINE ( 'NONE', #807, #2847 ) ;
#1997 = ORIENTED_EDGE ( 'NONE', *, *, #922, .T. ) ;
#1998 = VERTEX_POINT ( 'NONE', #1141 ) ;
#1999 = VECTOR ( 'NONE', #388, 1000.000000000000000 ) ;
#2000 = DIRECTION ( 'NONE',  ( 0.000000000000000000, 0.000000000000000000, 1.000000000000000000 ) ) ;
#2001 = AXIS2_PLACEMENT_3D ( 'NONE', #1921, #479, #2401 ) ;
#2002 = VECTOR ( 'NONE', #1488, 1000.000000000000000 ) ;
#2003 = CARTESIAN_POINT ( 'NONE',  ( -49.99999999999999289, 155.0000000000000284, 95.00000000000001421 ) ) ;
#2004 = PERSON_AND_ORGANIZATION_ROLE ( 'design_supplier' ) ;
#2005 = VECTOR ( 'NONE', #1646, 1000.000000000000000 ) ;
#2006 = VERTEX_POINT ( 'NONE', #1820 ) ;
#2007 = ORIENTED_EDGE ( 'NONE', *, *, #2637, .F. ) ;
#2008 = CARTESIAN_POINT ( 'NONE',  ( -75.00000000000000000, 135.0000000000000284, 131.0000000000000000 ) ) ;
#2009 = CARTESIAN_POINT ( 'NONE',  ( 37.00000000000000000, -100.0000000000000000, 131.0000000000000000 ) ) ;
#2010 = EDGE_CURVE ( 'NONE', #724, #956, #213, .T. ) ;
#2011 = EDGE_LOOP ( 'NONE', ( #275, #2700, #441, #325 ) ) ;
#2012 = VECTOR ( 'NONE', #1051, 1000.000000000000000 ) ;
#2013 = FACE_OUTER_BOUND ( 'NONE', #474, .T. ) ;
#2014 = AXIS2_PLACEMENT_3D ( 'NONE', #1669, #719, #57 ) ;
#2015 = ADVANCED_FACE ( 'NONE', ( #2318 ), #1856, .F. ) ;
#2016 = DIRECTION ( 'NONE',  ( 1.000000000000000000, 0.000000000000000000, 0.000000000000000000 ) ) ;
#2017 = ORIENTED_EDGE ( 'NONE', *, *, #2837, .F. ) ;
#2018 = ORIENTED_EDGE ( 'NONE', *, *, #24, .F. ) ;
#2019 = LINE ( 'NONE', #1798, #2650 ) ;
#2020 = DIRECTION ( 'NONE',  ( 1.000000000000000000, 0.000000000000000000, 0.000000000000000000 ) ) ;
#2021 = DIRECTION ( 'NONE',  ( 1.000000000000000000, 0.000000000000000000, 0.000000000000000000 ) ) ;
#2022 = ORIENTED_EDGE ( 'NONE', *, *, #1490, .F. ) ;
#2023 = ORIENTED_EDGE ( 'NONE', *, *, #1337, .F. ) ;
#2024 = LINE ( 'NONE', #1790, #2249 ) ;
#2025 = DIRECTION ( 'NONE',  ( -1.000000000000000000, 0.000000000000000000, 0.000000000000000000 ) ) ;
#2026 = ORIENTED_EDGE ( 'NONE', *, *, #2112, .F. ) ;
#2027 = APPROVAL_PERSON_ORGANIZATION ( #740, #626, #1205 ) ;
#2028 = ADVANCED_FACE ( 'NONE', ( #695 ), #629, .F. ) ;
#2029 = DIRECTION ( 'NONE',  ( 1.000000000000000000, 0.000000000000000000, 0.000000000000000000 ) ) ;
#2030 = CARTESIAN_POINT ( 'NONE',  ( -30.34293994002422323, -18.50000000000000355, 137.0000000000000000 ) ) ;
#2031 = ORIENTED_EDGE ( 'NONE', *, *, #46, .T. ) ;
#2032 = EDGE_LOOP ( 'NONE', ( #2031, #836, #2330, #148, #2962, #363, #1758, #1471 ) ) ;
#2033 = EDGE_CURVE ( 'NONE', #1667, #1527, #435, .T. ) ;
#2034 = CARTESIAN_POINT ( 'NONE',  ( 20.20000000000000284, 67.95706005997578814, 137.0000000000000000 ) ) ;
#2035 = VERTEX_POINT ( 'NONE', #1579 ) ;
#2036 = ORIENTED_EDGE ( 'NONE', *, *, #2010, .F. ) ;
#2037 = DIRECTION ( 'NONE',  ( 0.000000000000000000, 0.000000000000000000, 1.000000000000000000 ) ) ;
#2038 = DIRECTION ( 'NONE',  ( 0.000000000000000000, 0.000000000000000000, 1.000000000000000000 ) ) ;
#2039 = VERTEX_POINT ( 'NONE', #2536 ) ;
#2040 = CARTESIAN_POINT ( 'NONE',  ( 54.00000000000000000, -151.0000000000000284, 95.00000000000001421 ) ) ;
#2041 = CARTESIAN_POINT ( 'NONE',  ( -54.99999999999999289, 151.0000000000000284, 91.00000000000001421 ) ) ;
#2042 = FACE_OUTER_BOUND ( 'NONE', #2818, .T. ) ;
#2043 = EDGE_LOOP ( 'NONE', ( #832, #819, #2917, #2786 ) ) ;
#2044 = EDGE_LOOP ( 'NONE', ( #77, #1034 ) ) ;
#2045 = CIRCLE ( 'NONE', #2986, 1.700000000000000178 ) ;
#2046 = DIRECTION ( 'NONE',  ( 0.000000000000000000, 0.000000000000000000, 1.000000000000000000 ) ) ;
#2047 = FACE_OUTER_BOUND ( 'NONE', #1092, .T. ) ;
#2048 = EDGE_CURVE ( 'NONE', #1540, #2426, #1760, .T. ) ;
#2049 = CIRCLE ( 'NONE', #2297, 1.700000000000000178 ) ;
#2050 = FACE_OUTER_BOUND ( 'NONE', #1941, .T. ) ;
#2051 = CIRCLE ( 'NONE', #2602, 20.00000000000000000 ) ;
#2052 = CIRCLE ( 'NONE', #711, 1.700000000000000178 ) ;
#2053 = EDGE_LOOP ( 'NONE', ( #2945, #701 ) ) ;
#2054 = CARTESIAN_POINT ( 'NONE',  ( 75.00000000000000000, 135.0000000000000284, 131.0000000000000000 ) ) ;
#2055 = CARTESIAN_POINT ( 'NONE',  ( 12.00000000000000000, -100.0000000000000000, 131.0000000000000000 ) ) ;
#2056 = VECTOR ( 'NONE', #1515, 1000.000000000000000 ) ;
#2057 = ADVANCED_FACE ( 'NONE', ( #1837 ), #3014, .F. ) ;
#2058 = VERTEX_POINT ( 'NONE', #1733 ) ;
#2059 = DIRECTION ( 'NONE',  ( 0.000000000000000000, 0.000000000000000000, -1.000000000000000000 ) ) ;
#2060 = AXIS2_PLACEMENT_3D ( 'NONE', #1979, #2927, #1508 ) ;
#2061 = LINE ( 'NONE', #872, #172 ) ;
#2062 = DIRECTION ( 'NONE',  ( 0.000000000000000000, 0.000000000000000000, 1.000000000000000000 ) ) ;
#2063 = VECTOR ( 'NONE', #1068, 1000.000000000000000 ) ;
#2064 = VERTEX_POINT ( 'NONE', #1706 ) ;
#2065 = ORIENTED_EDGE ( 'NONE', *, *, #1229, .F. ) ;
#2066 = ORIENTED_EDGE ( 'NONE', *, *, #143, .T. ) ;
#2067 = VECTOR ( 'NONE', #974, 1000.000000000000000 ) ;
#2068 = CARTESIAN_POINT ( 'NONE',  ( -37.00000000000000000, 100.0000000000000000, 137.0000000000000000 ) ) ;
#2069 = CARTESIAN_POINT ( 'NONE',  ( -71.00000000000000000, 0.000000000000000000, 0.000000000000000000 ) ) ;
#2070 = DIRECTION ( 'NONE',  ( 0.7071067811865474617, 0.7071067811865476838, -0.000000000000000000 ) ) ;
#2071 = ADVANCED_FACE ( 'NONE', ( #1011 ), #68, .F. ) ;
#2072 = CARTESIAN_POINT ( 'NONE',  ( -47.00000000000000000, 100.0000000000000000, 91.00000000000001421 ) ) ;
#2073 = CARTESIAN_POINT ( 'NONE',  ( -54.99999999999999289, -151.0000000000000284, 91.00000000000001421 ) ) ;
#2074 = LINE ( 'NONE', #1876, #2132 ) ;
#2075 = VERTEX_POINT ( 'NONE', #530 ) ;
#2076 = CARTESIAN_POINT ( 'NONE',  ( 54.00000000000000711, 151.0000000000000284, 95.00000000000001421 ) ) ;
#2077 = ADVANCED_FACE ( 'NONE', ( #2185 ), #2435, .F. ) ;
#2078 = AXIS2_PLACEMENT_3D ( 'NONE', #2983, #1065, #2444 ) ;
#2079 = CARTESIAN_POINT ( 'NONE',  ( 49.99999999999999289, 155.0000000000000284, 137.0000000000000000 ) ) ;
#2080 = DIRECTION ( 'NONE',  ( 1.000000000000000000, 0.000000000000000000, 0.000000000000000000 ) ) ;
#2081 = VERTEX_POINT ( 'NONE', #295 ) ;
#2082 = ORIENTED_EDGE ( 'NONE', *, *, #1085, .T. ) ;
#2083 = DIRECTION ( 'NONE',  ( -0.000000000000000000, -0.000000000000000000, -1.000000000000000000 ) ) ;
#2084 = CARTESIAN_POINT ( 'NONE',  ( 18.50000000000000355, -132.0429399400242119, 137.0000000000000000 ) ) ;
#2085 = CARTESIAN_POINT ( 'NONE',  ( -35.29999999999999716, -100.0000000000000000, 137.0000000000000000 ) ) ;
#2086 = LINE ( 'NONE', #1857, #2849 ) ;
#2087 = CARTESIAN_POINT ( 'NONE',  ( -18.49999999999999289, -67.95706005997577392, 131.0000000000000000 ) ) ;
#2088 = EDGE_CURVE ( 'NONE', #404, #381, #264, .T. ) ;
#2089 = CARTESIAN_POINT ( 'NONE',  ( -54.00000000000000000, -151.0000000000000284, 0.000000000000000000 ) ) ;
#2090 = LINE ( 'NONE', #3034, #480 ) ;
#2091 = EDGE_CURVE ( 'NONE', #1701, #1466, #1970, .T. ) ;
#2092 = ORIENTED_EDGE ( 'NONE', *, *, #2742, .T. ) ;
#2093 = CARTESIAN_POINT ( 'NONE',  ( -12.00000000000000000, 100.0000000000000000, 137.0000000000000000 ) ) ;
#2094 = DIRECTION ( 'NONE',  ( -0.7071067811865476838, -0.7071067811865474617, 0.000000000000000000 ) ) ;
#2095 = EDGE_LOOP ( 'NONE', ( #816, #1691, #1438, #1309 ) ) ;
#2096 = VERTEX_POINT ( 'NONE', #1688 ) ;
#2097 = DIRECTION ( 'NONE',  ( 1.000000000000000000, 0.000000000000000000, 0.000000000000000000 ) ) ;
#2098 = LINE ( 'NONE', #1344, #1494 ) ;
#2099 = DIRECTION ( 'NONE',  ( 0.000000000000000000, -0.000000000000000000, -1.000000000000000000 ) ) ;
#2100 = AXIS2_PLACEMENT_3D ( 'NONE', #2995, #860, #628 ) ;
#2101 = CARTESIAN_POINT ( 'NONE',  ( 16.80000000000000071, 132.0429399400242119, 131.0000000000000000 ) ) ;
#2102 = LINE ( 'NONE', #914, #1909 ) ;
#2103 = AXIS2_PLACEMENT_3D ( 'NONE', #1374, #1354, #2059 ) ;
#2104 = AXIS2_PLACEMENT_3D ( 'NONE', #767, #1718, #93 ) ;
#2105 = DIRECTION ( 'NONE',  ( 1.000000000000000000, 0.000000000000000000, 0.000000000000000000 ) ) ;
#2106 = LINE ( 'NONE', #684, #185 ) ;
#2107 = VECTOR ( 'NONE', #2584, 1000.000000000000000 ) ;
#2108 = ORIENTED_EDGE ( 'NONE', *, *, #1237, .F. ) ;
#2109 = DIRECTION ( 'NONE',  ( 1.000000000000000000, 0.000000000000000000, 0.000000000000000000 ) ) ;
#2110 = VERTEX_POINT ( 'NONE', #1452 ) ;
#2111 = AXIS2_PLACEMENT_3D ( 'NONE', #320, #2476, #2209 ) ;
#2112 = EDGE_CURVE ( 'NONE', #2506, #1151, #726, .T. ) ;
#2113 = CARTESIAN_POINT ( 'NONE',  ( 0.000000000000000000, 0.000000000000000000, 131.0000000000000000 ) ) ;
#2114 = ORIENTED_EDGE ( 'NONE', *, *, #2798, .T. ) ;
#2115 = EDGE_CURVE ( 'NONE', #1151, #2680, #252, .T. ) ;
#2116 = CARTESIAN_POINT ( 'NONE',  ( -75.00000000000000000, -130.0000000000000284, 137.0000000000000000 ) ) ;
#2117 = DIRECTION ( 'NONE',  ( -0.000000000000000000, -0.000000000000000000, -1.000000000000000000 ) ) ;
#2118 = DIRECTION ( 'NONE',  ( 0.000000000000000000, 0.000000000000000000, -1.000000000000000000 ) ) ;
#2119 = CIRCLE ( 'NONE', #1164, 1.700000000000000178 ) ;
#2120 = CARTESIAN_POINT ( 'NONE',  ( 1.700000000000002176, 37.00000000000000000, 131.0000000000000000 ) ) ;
#2121 = EDGE_CURVE ( 'NONE', #1795, #543, #177, .T. ) ;
#2122 = CC_DESIGN_PERSON_AND_ORGANIZATION_ASSIGNMENT ( #298, #797, ( #328 ) ) ;
#2123 = DIRECTION ( 'NONE',  ( 0.000000000000000000, -1.000000000000000000, 0.000000000000000000 ) ) ;
#2124 = EDGE_LOOP ( 'NONE', ( #322, #263, #2949, #2018, #36, #1982 ) ) ;
#2125 = CARTESIAN_POINT ( 'NONE',  ( 33.74293994002422892, 18.49999999999999645, 137.0000000000000000 ) ) ;
#2126 = DIRECTION ( 'NONE',  ( -1.000000000000000000, 0.000000000000000000, 0.000000000000000000 ) ) ;
#2127 = LINE ( 'NONE', #408, #1662 ) ;
#2128 = ORIENTED_EDGE ( 'NONE', *, *, #768, .F. ) ;
#2129 = EDGE_CURVE ( 'NONE', #1299, #972, #960, .T. ) ;
#2130 = FACE_BOUND ( 'NONE', #1444, .T. ) ;
#2131 = ORIENTED_EDGE ( 'NONE', *, *, #359, .T. ) ;
#2132 = VECTOR ( 'NONE', #2123, 1000.000000000000000 ) ;
#2133 = ADVANCED_FACE ( 'NONE', ( #1377 ), #1181, .F. ) ;
#2134 = CARTESIAN_POINT ( 'NONE',  ( -32.04293994002423318, 18.49999999999999645, 131.0000000000000000 ) ) ;
#2135 = ADVANCED_FACE ( 'NONE', ( #675, #1172, #226, #692, #2130, #3028, #3011, #3073, #2611, #178, #909, #1626, #472, #893, #924, #2832, #2314, #2550, #663, #1379, #643, #2788 ), #1657, .F. ) ;
#2136 = DIRECTION ( 'NONE',  ( 0.000000000000000000, 0.000000000000000000, 1.000000000000000000 ) ) ;
#2137 = EDGE_LOOP ( 'NONE', ( #1742, #194 ) ) ;
#2138 = FACE_BOUND ( 'NONE', #604, .T. ) ;
#2139 = DIRECTION ( 'NONE',  ( -0.7071067811865476838, -0.7071067811865474617, 0.000000000000000000 ) ) ;
#2140 = ORIENTED_EDGE ( 'NONE', *, *, #602, .T. ) ;
#2141 = FACE_OUTER_BOUND ( 'NONE', #2497, .T. ) ;
#2142 = VERTEX_POINT ( 'NONE', #1421 ) ;
#2143 = CYLINDRICAL_SURFACE ( 'NONE', #367, 47.00000000000000000 ) ;
#2144 = ADVANCED_FACE ( 'NONE', ( #1881 ), #459, .F. ) ;
#2145 = CIRCLE ( 'NONE', #2749, 1.700000000000000178 ) ;
#2146 = DIRECTION ( 'NONE',  ( 0.000000000000000000, 0.000000000000000000, 1.000000000000000000 ) ) ;
#2147 = ORIENTED_EDGE ( 'NONE', *, *, #2393, .T. ) ;
#2148 = DIRECTION ( 'NONE',  ( 1.000000000000000000, 0.000000000000000000, 0.000000000000000000 ) ) ;
#2149 = CIRCLE ( 'NONE', #796, 1.700000000000000178 ) ;
#2150 = ORIENTED_EDGE ( 'NONE', *, *, #1137, .T. ) ;
#2151 = DIRECTION ( 'NONE',  ( 0.000000000000000000, 0.000000000000000000, -1.000000000000000000 ) ) ;
#2152 = EDGE_CURVE ( 'NONE', #3038, #2911, #18, .T. ) ;
#2153 = VERTEX_POINT ( 'NONE', #1593 ) ;
#2154 = VECTOR ( 'NONE', #2037, 1000.000000000000000 ) ;
#2155 = CARTESIAN_POINT ( 'NONE',  ( -54.99999999999999289, 155.0000000000000284, 91.00000000000001421 ) ) ;
#2156 = VERTEX_POINT ( 'NONE', #2803 ) ;
#2157 = DIRECTION ( 'NONE',  ( -0.000000000000000000, -0.000000000000000000, -1.000000000000000000 ) ) ;
#2158 = VECTOR ( 'NONE', #725, 1000.000000000000000 ) ;
#2159 = VECTOR ( 'NONE', #445, 1000.000000000000000 ) ;
#2160 = EDGE_CURVE ( 'NONE', #457, #362, #1613, .T. ) ;
#2161 = COORDINATED_UNIVERSAL_TIME_OFFSET ( 5, 30, .AHEAD. ) ;
#2162 = ORIENTED_EDGE ( 'NONE', *, *, #2091, .T. ) ;
#2163 = CARTESIAN_POINT ( 'NONE',  ( 35.29999999999999716, 100.0000000000000000, 131.0000000000000000 ) ) ;
#2164 = ORIENTED_EDGE ( 'NONE', *, *, #6, .T. ) ;
#2165 = EDGE_CURVE ( 'NONE', #906, #2397, #1961, .T. ) ;
#2166 = CARTESIAN_POINT ( 'NONE',  ( 75.00000000000000000, -130.0000000000000284, 137.0000000000000000 ) ) ;
#2167 = DIRECTION ( 'NONE',  ( 0.000000000000000000, 0.000000000000000000, 1.000000000000000000 ) ) ;
#2168 = ORIENTED_EDGE ( 'NONE', *, *, #1989, .F. ) ;
#2169 = CARTESIAN_POINT ( 'NONE',  ( 54.99999999999999289, -151.0000000000000284, 91.00000000000001421 ) ) ;
#2170 = ORIENTED_EDGE ( 'NONE', *, *, #1651, .F. ) ;
#2171 = CARTESIAN_POINT ( 'NONE',  ( 2.265596578422603396E-15, 37.00000000000000000, 137.0000000000000000 ) ) ;
#2172 = CARTESIAN_POINT ( 'NONE',  ( -6.796789735267810189E-15, -37.00000000000000000, 137.0000000000000000 ) ) ;
#2173 = VERTEX_POINT ( 'NONE', #2844 ) ;
#2174 = DIRECTION ( 'NONE',  ( 1.000000000000000000, 0.000000000000000000, 0.000000000000000000 ) ) ;
#2175 = ORIENTED_EDGE ( 'NONE', *, *, #2798, .F. ) ;
#2176 = DIRECTION ( 'NONE',  ( -0.000000000000000000, -0.000000000000000000, -1.000000000000000000 ) ) ;
#2177 = EDGE_CURVE ( 'NONE', #2153, #2173, #3042, .T. ) ;
#2178 = ORIENTED_EDGE ( 'NONE', *, *, #2274, .T. ) ;
#2179 = CYLINDRICAL_SURFACE ( 'NONE', #2953, 1.700000000000000178 ) ;
#2180 = EDGE_LOOP ( 'NONE', ( #19, #522, #1843, #1511 ) ) ;
#2181 = ORIENTED_EDGE ( 'NONE', *, *, #2742, .F. ) ;
#2182 = CARTESIAN_POINT ( 'NONE',  ( -37.00000000000000000, -100.0000000000000000, 137.0000000000000000 ) ) ;
#2183 = EDGE_CURVE ( 'NONE', #84, #1678, #2376, .T. ) ;
#2184 = CC_DESIGN_PERSON_AND_ORGANIZATION_ASSIGNMENT ( #1901, #712, ( #1461 ) ) ;
#2185 = FACE_OUTER_BOUND ( 'NONE', #286, .T. ) ;
#2186 = LINE ( 'NONE', #1956, #2056 ) ;
#2187 = ORIENTED_EDGE ( 'NONE', *, *, #1171, .T. ) ;
#2188 = VERTEX_POINT ( 'NONE', #707 ) ;
#2189 = VECTOR ( 'NONE', #3015, 1000.000000000000000 ) ;
#2190 = DIRECTION ( 'NONE',  ( 1.000000000000000000, 0.000000000000000000, 0.000000000000000000 ) ) ;
#2191 = DIRECTION ( 'NONE',  ( -0.000000000000000000, 1.000000000000000000, 0.000000000000000000 ) ) ;
#2192 = AXIS2_PLACEMENT_3D ( 'NONE', #2691, #293, #283 ) ;
#2193 = ORIENTED_EDGE ( 'NONE', *, *, #1201, .F. ) ;
#2194 = EDGE_CURVE ( 'NONE', #319, #1756, #1367, .T. ) ;
#2195 = CARTESIAN_POINT ( 'NONE',  ( 0.000000000000000000, 0.000000000000000000, 137.0000000000000000 ) ) ;
#2196 = LINE ( 'NONE', #2752, #1145 ) ;
#2197 = VERTEX_POINT ( 'NONE', #210 ) ;
#2198 = VECTOR ( 'NONE', #402, 1000.000000000000000 ) ;
#2199 = EDGE_CURVE ( 'NONE', #2291, #1781, #2907, .T. ) ;
#2200 = DIRECTION ( 'NONE',  ( 0.7071067811865476838, -0.7071067811865474617, 0.000000000000000000 ) ) ;
#2201 = EDGE_CURVE ( 'NONE', #2970, #238, #2595, .T. ) ;
#2202 = CARTESIAN_POINT ( 'NONE',  ( -54.99999999999999289, 151.0000000000000284, 131.0000000000000000 ) ) ;
#2203 = CALENDAR_DATE ( 2026, 24, 9 ) ;
#2204 = AXIS2_PLACEMENT_3D ( 'NONE', #377, #272, #1361 ) ;
#2205 = ORIENTED_EDGE ( 'NONE', *, *, #2321, .T. ) ;
#2206 = CARTESIAN_POINT ( 'NONE',  ( -1.699999999999997735, 37.00000000000000000, 131.0000000000000000 ) ) ;
#2207 = ORIENTED_EDGE ( 'NONE', *, *, #1545, .T. ) ;
#2208 = AXIS2_PLACEMENT_3D ( 'NONE', #1391, #2799, #935 ) ;
#2209 = DIRECTION ( 'NONE',  ( -1.000000000000000000, 0.000000000000000000, 0.000000000000000000 ) ) ;
#2210 = DIRECTION ( 'NONE',  ( 0.7071067811865476838, 0.7071067811865474617, 0.000000000000000000 ) ) ;
#2211 = ORIENTED_EDGE ( 'NONE', *, *, #2199, .F. ) ;
#2212 = LINE ( 'NONE', #89, #2563 ) ;
#2213 = CARTESIAN_POINT ( 'NONE',  ( -20.19999999999999218, 132.0429399400242403, 131.0000000000000000 ) ) ;
#2214 = ORIENTED_EDGE ( 'NONE', *, *, #2577, .F. ) ;
#2215 = VERTEX_POINT ( 'NONE', #877 ) ;
#2216 = FACE_OUTER_BOUND ( 'NONE', #2388, .T. ) ;
#2217 = EDGE_CURVE ( 'NONE', #1680, #619, #1834, .T. ) ;
#2218 = VECTOR ( 'NONE', #2746, 1000.000000000000000 ) ;
#2219 = CARTESIAN_POINT ( 'NONE',  ( -75.00000000000000000, -130.0000000000000284, 131.0000000000000000 ) ) ;
#2220 = AXIS2_PLACEMENT_3D ( 'NONE', #475, #2603, #1469 ) ;
#2221 = ORIENTED_EDGE ( 'NONE', *, *, #94, .T. ) ;
#2222 = DIRECTION ( 'NONE',  ( -0.000000000000000000, -0.000000000000000000, -1.000000000000000000 ) ) ;
#2223 = ORIENTED_EDGE ( 'NONE', *, *, #2129, .T. ) ;
#2224 = DIRECTION ( 'NONE',  ( -0.000000000000000000, -0.000000000000000000, -1.000000000000000000 ) ) ;
#2225 = CYLINDRICAL_SURFACE ( 'NONE', #1832, 12.00000000000000000 ) ;
#2226 = EDGE_LOOP ( 'NONE', ( #282, #1912, #2383, #1103, #126, #1328 ) ) ;
#2227 = CARTESIAN_POINT ( 'NONE',  ( -33.74293994002422892, 18.49999999999999645, 137.0000000000000000 ) ) ;
#2228 = FACE_BOUND ( 'NONE', #963, .T. ) ;
#2229 = ORIENTED_EDGE ( 'NONE', *, *, #2129, .F. ) ;
#2230 = ORIENTED_EDGE ( 'NONE', *, *, #2543, .T. ) ;
#2231 = DIRECTION ( 'NONE',  ( 1.000000000000000000, 0.000000000000000000, 0.000000000000000000 ) ) ;
#2232 = EDGE_CURVE ( 'NONE', #715, #3022, #862, .T. ) ;
#2233 = DIRECTION ( 'NONE',  ( -0.000000000000000000, -0.000000000000000000, -1.000000000000000000 ) ) ;
#2234 = ORIENTED_EDGE ( 'NONE', *, *, #2449, .T. ) ;
#2235 = ORIENTED_EDGE ( 'NONE', *, *, #1189, .F. ) ;
#2236 = CYLINDRICAL_SURFACE ( 'NONE', #1805, 15.00000000000000000 ) ;
#2237 = EDGE_CURVE ( 'NONE', #1918, #1792, #2901, .T. ) ;
#2238 = CYLINDRICAL_SURFACE ( 'NONE', #1176, 12.00000000000000000 ) ;
#2239 = ORIENTED_EDGE ( 'NONE', *, *, #1468, .F. ) ;
#2240 = DIRECTION ( 'NONE',  ( -0.000000000000000000, 0.000000000000000000, 1.000000000000000000 ) ) ;
#2241 = DIRECTION ( 'NONE',  ( 1.000000000000000000, 0.000000000000000000, 0.000000000000000000 ) ) ;
#2242 = VECTOR ( 'NONE', #180, 1000.000000000000000 ) ;
#2243 = ORIENTED_EDGE ( 'NONE', *, *, #1686, .F. ) ;
#2244 = VERTEX_POINT ( 'NONE', #511 ) ;
#2245 = AXIS2_PLACEMENT_3D ( 'NONE', #739, #2454, #2231 ) ;
#2246 = CARTESIAN_POINT ( 'NONE',  ( -38.69999999999999574, 100.0000000000000000, 131.0000000000000000 ) ) ;
#2247 = VECTOR ( 'NONE', #1496, 1000.000000000000000 ) ;
#2248 = DIRECTION ( 'NONE',  ( 0.000000000000000000, 0.000000000000000000, 1.000000000000000000 ) ) ;
#2249 = VECTOR ( 'NONE', #2508, 1000.000000000000000 ) ;
#2250 = PLANE ( 'NONE',  #1202 ) ;
#2251 = EDGE_CURVE ( 'NONE', #2978, #2761, #2430, .T. ) ;
#2252 = ORIENTED_EDGE ( 'NONE', *, *, #1281, .F. ) ;
#2253 = VERTEX_POINT ( 'NONE', #964 ) ;
#2254 = CARTESIAN_POINT ( 'NONE',  ( 49.99999999999999289, -155.0000000000000284, 131.0000000000000000 ) ) ;
#2255 = AXIS2_PLACEMENT_3D ( 'NONE', #2087, #1142, #2573 ) ;
#2256 = CYLINDRICAL_SURFACE ( 'NONE', #882, 47.00000000000000000 ) ;
#2257 = EDGE_CURVE ( 'NONE', #2566, #1935, #977, .T. ) ;
#2258 = ORIENTED_EDGE ( 'NONE', *, *, #2160, .T. ) ;
#2259 = VECTOR ( 'NONE', #1676, 1000.000000000000000 ) ;
#2260 = FACE_BOUND ( 'NONE', #2594, .T. ) ;
#2261 = VECTOR ( 'NONE', #1828, 1000.000000000000000 ) ;
#2262 = CARTESIAN_POINT ( 'NONE',  ( 18.50000000000000355, 67.95706005997578814, 131.0000000000000000 ) ) ;
#2263 = ORIENTED_EDGE ( 'NONE', *, *, #1939, .T. ) ;
#2264 = ADVANCED_FACE ( 'NONE', ( #2141 ), #265, .F. ) ;
#2265 = ORIENTED_EDGE ( 'NONE', *, *, #2507, .T. ) ;
#2266 = CARTESIAN_POINT ( 'NONE',  ( -54.99999999999999289, 155.0000000000000284, 131.0000000000000000 ) ) ;
#2267 = CARTESIAN_POINT ( 'NONE',  ( -54.99999999999999289, -151.0000000000000284, 131.0000000000000000 ) ) ;
#2268 = ORIENTED_EDGE ( 'NONE', *, *, #192, .T. ) ;
#2269 = ORIENTED_EDGE ( 'NONE', *, *, #533, .T. ) ;
#2270 = CARTESIAN_POINT ( 'NONE',  ( -71.00000000000000000, 0.000000000000000000, 95.00000000000001421 ) ) ;
#2271 = LINE ( 'NONE', #1046, #2918 ) ;
#2272 = ORIENTED_EDGE ( 'NONE', *, *, #437, .T. ) ;
#2273 = DIRECTION ( 'NONE',  ( 0.000000000000000000, 0.000000000000000000, 1.000000000000000000 ) ) ;
#2274 = EDGE_CURVE ( 'NONE', #243, #691, #987, .T. ) ;
#2275 = FACE_BOUND ( 'NONE', #1987, .T. ) ;
#2276 = EDGE_CURVE ( 'NONE', #597, #615, #290, .T. ) ;
#2277 = DIRECTION ( 'NONE',  ( -0.000000000000000000, -0.000000000000000000, -1.000000000000000000 ) ) ;
#2278 = ORIENTED_EDGE ( 'NONE', *, *, #2808, .F. ) ;
#2279 = ORIENTED_EDGE ( 'NONE', *, *, #1545, .F. ) ;
#2280 = LINE ( 'NONE', #2347, #2107 ) ;
#2281 = DIRECTION ( 'NONE',  ( 0.000000000000000000, 0.000000000000000000, 1.000000000000000000 ) ) ;
#2282 = CARTESIAN_POINT ( 'NONE',  ( -16.80000000000001492, 67.95706005997578814, 131.0000000000000000 ) ) ;
#2283 = EDGE_CURVE ( 'NONE', #1770, #2712, #2877, .T. ) ;
#2284 = ORIENTED_EDGE ( 'NONE', *, *, #2393, .F. ) ;
#2285 = LINE ( 'NONE', #145, #2898 ) ;
#2286 = DIRECTION ( 'NONE',  ( -0.000000000000000000, -0.000000000000000000, -1.000000000000000000 ) ) ;
#2287 = VERTEX_POINT ( 'NONE', #484 ) ;
#2288 = CARTESIAN_POINT ( 'NONE',  ( 54.99999999999999289, 155.0000000000000284, 131.0000000000000000 ) ) ;
#2289 = DIRECTION ( 'NONE',  ( 0.7071067811865476838, -0.7071067811865474617, 0.000000000000000000 ) ) ;
#2290 = CARTESIAN_POINT ( 'NONE',  ( -12.00000000000000000, -100.0000000000000000, 137.0000000000000000 ) ) ;
#2291 = VERTEX_POINT ( 'NONE', #1715 ) ;
#2292 = EDGE_CURVE ( 'NONE', #2096, #857, #2612, .T. ) ;
#2293 = ORIENTED_EDGE ( 'NONE', *, *, #2614, .F. ) ;
#2294 = VECTOR ( 'NONE', #3030, 1000.000000000000000 ) ;
#2295 = DIRECTION ( 'NONE',  ( 0.000000000000000000, 0.000000000000000000, -1.000000000000000000 ) ) ;
#2296 = LINE ( 'NONE', #1628, #903 ) ;
#2297 = AXIS2_PLACEMENT_3D ( 'NONE', #1221, #3069, #2839 ) ;
#2298 = LINE ( 'NONE', #1295, #152 ) ;
#2299 = LINE ( 'NONE', #1368, #1554 ) ;
#2300 = VECTOR ( 'NONE', #2891, 1000.000000000000000 ) ;
#2301 = EDGE_CURVE ( 'NONE', #74, #92, #1493, .T. ) ;
#2302 = AXIS2_PLACEMENT_3D ( 'NONE', #69, #1061, #95 ) ;
#2303 = LINE ( 'NONE', #2270, #2557 ) ;
#2304 = DIRECTION ( 'NONE',  ( -1.000000000000000000, 0.000000000000000000, 0.000000000000000000 ) ) ;
#2305 = VERTEX_POINT ( 'NONE', #2863 ) ;
#2306 = CARTESIAN_POINT ( 'NONE',  ( -75.00000000000000000, 135.0000000000000284, 131.0000000000000000 ) ) ;
#2307 = DIRECTION ( 'NONE',  ( -1.000000000000000000, 0.000000000000000000, 0.000000000000000000 ) ) ;
#2308 = DIRECTION ( 'NONE',  ( 0.000000000000000000, 1.000000000000000000, 0.000000000000000000 ) ) ;
#2309 = VECTOR ( 'NONE', #2083, 1000.000000000000000 ) ;
#2310 = ORIENTED_EDGE ( 'NONE', *, *, #843, .F. ) ;
#2311 = EDGE_LOOP ( 'NONE', ( #1485, #2902, #2252, #887 ) ) ;
#2312 = ORIENTED_EDGE ( 'NONE', *, *, #1741, .T. ) ;
#2313 = VECTOR ( 'NONE', #193, 1000.000000000000000 ) ;
#2314 = FACE_BOUND ( 'NONE', #491, .T. ) ;
#2315 = DIRECTION ( 'NONE',  ( 0.000000000000000000, 0.000000000000000000, 1.000000000000000000 ) ) ;
#2316 = EDGE_CURVE ( 'NONE', #2647, #800, #368, .T. ) ;
#2317 = CARTESIAN_POINT ( 'NONE',  ( -15.00000000000000000, 0.000000000000000000, 137.0000000000000000 ) ) ;
#2318 = FACE_OUTER_BOUND ( 'NONE', #110, .T. ) ;
#2319 = CARTESIAN_POINT ( 'NONE',  ( -38.69999999999999574, -100.0000000000000000, 131.0000000000000000 ) ) ;
#2320 = DIRECTION ( 'NONE',  ( 1.000000000000000000, 0.000000000000000000, 0.000000000000000000 ) ) ;
#2321 = EDGE_CURVE ( 'NONE', #2081, #1179, #249, .T. ) ;
#2322 = DIRECTION ( 'NONE',  ( 1.000000000000000000, 0.000000000000000000, 0.000000000000000000 ) ) ;
#2323 = DIRECTION ( 'NONE',  ( 0.7071067811865476838, -0.7071067811865474617, 0.000000000000000000 ) ) ;
#2324 = EDGE_LOOP ( 'NONE', ( #1066, #590, #561, #1893 ) ) ;
#2325 = LINE ( 'NONE', #376, #2553 ) ;
#2326 = VERTEX_POINT ( 'NONE', #1477 ) ;
#2327 = VECTOR ( 'NONE', #2576, 1000.000000000000000 ) ;
#2328 = LINE ( 'NONE', #690, #2956 ) ;
#2329 = ORIENTED_EDGE ( 'NONE', *, *, #1337, .T. ) ;
#2330 = ORIENTED_EDGE ( 'NONE', *, *, #1302, .T. ) ;
#2331 = DIRECTION ( 'NONE',  ( 1.000000000000000000, 0.000000000000000000, 0.000000000000000000 ) ) ;
#2332 = CARTESIAN_POINT ( 'NONE',  ( -18.50000000000001776, 67.95706005997578814, 137.0000000000000000 ) ) ;
#2333 = DIRECTION ( 'NONE',  ( 0.000000000000000000, -0.000000000000000000, -1.000000000000000000 ) ) ;
#2334 = DIRECTION ( 'NONE',  ( 1.000000000000000000, 0.000000000000000000, 0.000000000000000000 ) ) ;
#2335 = LINE ( 'NONE', #199, #1865 ) ;
#2336 = EDGE_CURVE ( 'NONE', #691, #956, #32, .T. ) ;
#2337 = CARTESIAN_POINT ( 'NONE',  ( 37.00000000000000000, 100.0000000000000000, 137.0000000000000000 ) ) ;
#2338 = CYLINDRICAL_SURFACE ( 'NONE', #1973, 47.00000000000000000 ) ;
#2339 = ORIENTED_EDGE ( 'NONE', *, *, #908, .T. ) ;
#2340 = DIRECTION ( 'NONE',  ( -1.000000000000000000, 0.000000000000000000, -0.000000000000000000 ) ) ;
#2341 = EDGE_CURVE ( 'NONE', #2712, #1534, #1210, .T. ) ;
#2342 = LINE ( 'NONE', #1376, #2313 ) ;
#2343 = ORIENTED_EDGE ( 'NONE', *, *, #1972, .F. ) ;
#2344 = EDGE_CURVE ( 'NONE', #1610, #932, #1937, .T. ) ;
#2345 = DIRECTION ( 'NONE',  ( 0.000000000000000000, 0.000000000000000000, 1.000000000000000000 ) ) ;
#2346 = ADVANCED_BREP_SHAPE_REPRESENTATION ( 'JX1_Pelvis', ( #1958, #1777 ), #1381 ) ;
#2347 = CARTESIAN_POINT ( 'NONE',  ( -49.99999999999999289, 155.0000000000000284, 95.00000000000001421 ) ) ;
#2348 = CARTESIAN_POINT ( 'NONE',  ( 35.29999999999999716, -100.0000000000000000, 131.0000000000000000 ) ) ;
#2349 = DIRECTION ( 'NONE',  ( 1.000000000000000000, 0.000000000000000000, 0.000000000000000000 ) ) ;
#2350 = AXIS2_PLACEMENT_3D ( 'NONE', #1158, #416, #2333 ) ;
#2351 = DIRECTION ( 'NONE',  ( 0.000000000000000000, 0.000000000000000000, -1.000000000000000000 ) ) ;
#2352 = AXIS2_PLACEMENT_3D ( 'NONE', #258, #274, #1637 ) ;
#2353 = AXIS2_PLACEMENT_3D ( 'NONE', #2993, #1819, #127 ) ;
#2354 = CARTESIAN_POINT ( 'NONE',  ( 35.29999999999999716, -100.0000000000000000, 137.0000000000000000 ) ) ;
#2355 = ADVANCED_FACE ( 'NONE', ( #2653 ), #2179, .F. ) ;
#2356 = VECTOR ( 'NONE', #1268, 1000.000000000000000 ) ;
#2357 = VERTEX_POINT ( 'NONE', #526 ) ;
#2358 = CARTESIAN_POINT ( 'NONE',  ( 0.000000000000000000, 0.000000000000000000, 91.00000000000001421 ) ) ;
#2359 = DIRECTION ( 'NONE',  ( -0.000000000000000000, -0.000000000000000000, -1.000000000000000000 ) ) ;
#2360 = CARTESIAN_POINT ( 'NONE',  ( -35.29999999999999716, 100.0000000000000000, 137.0000000000000000 ) ) ;
#2361 = EDGE_CURVE ( 'NONE', #1475, #2357, #564, .T. ) ;
#2362 = EDGE_LOOP ( 'NONE', ( #2229, #2065 ) ) ;
#2363 = CARTESIAN_POINT ( 'NONE',  ( 35.29999999999999716, -100.0000000000000000, 137.0000000000000000 ) ) ;
#2364 = CARTESIAN_POINT ( 'NONE',  ( 75.00000000000000000, 130.0000000000000284, 91.00000000000001421 ) ) ;
#2365 = VECTOR ( 'NONE', #2389, 1000.000000000000000 ) ;
#2366 = ADVANCED_FACE ( 'NONE', ( #76, #338, #1082, #2528, #2750, #1744, #2703, #2961, #2260, #106, #2493, #1793, #2769, #2275, #854, #1980, #2228, #1273, #1523, #1019, #324, #123 ), #821, .T. ) ;
#2367 = CYLINDRICAL_SURFACE ( 'NONE', #2100, 1.700000000000000178 ) ;
#2368 = CARTESIAN_POINT ( 'NONE',  ( 1.699999999999993072, -37.00000000000000000, 137.0000000000000000 ) ) ;
#2369 = VECTOR ( 'NONE', #1672, 1000.000000000000000 ) ;
#2370 = DIRECTION ( 'NONE',  ( 1.000000000000000000, 0.000000000000000000, 0.000000000000000000 ) ) ;
#2371 = VERTEX_POINT ( 'NONE', #1258 ) ;
#2372 = DIRECTION ( 'NONE',  ( -0.000000000000000000, -1.000000000000000000, -0.000000000000000000 ) ) ;
#2373 = LINE ( 'NONE', #1431, #566 ) ;
#2374 = EDGE_LOOP ( 'NONE', ( #2131, #1584 ) ) ;
#2375 = EDGE_CURVE ( 'NONE', #1555, #83, #2513, .T. ) ;
#2376 = LINE ( 'NONE', #1122, #2159 ) ;
#2377 = ORIENTED_EDGE ( 'NONE', *, *, #929, .F. ) ;
#2378 = AXIS2_PLACEMENT_3D ( 'NONE', #2172, #2412, #2382 ) ;
#2379 = DIRECTION ( 'NONE',  ( 0.7071067811865477948, -0.7071067811865473507, 0.000000000000000000 ) ) ;
#2380 = DIRECTION ( 'NONE',  ( 1.000000000000000000, 0.000000000000000000, -0.000000000000000000 ) ) ;
#2381 = EDGE_CURVE ( 'NONE', #1935, #302, #378, .T. ) ;
#2382 = DIRECTION ( 'NONE',  ( -1.000000000000000000, 0.000000000000000000, 0.000000000000000000 ) ) ;
#2383 = ORIENTED_EDGE ( 'NONE', *, *, #1010, .T. ) ;
#2384 = DIRECTION ( 'NONE',  ( 0.000000000000000000, 0.000000000000000000, 1.000000000000000000 ) ) ;
#2385 = ORIENTED_EDGE ( 'NONE', *, *, #2637, .T. ) ;
#2386 = CARTESIAN_POINT ( 'NONE',  ( -16.80000000000001492, 67.95706005997578814, 137.0000000000000000 ) ) ;
#2387 = CARTESIAN_POINT ( 'NONE',  ( 75.00000000000000000, 130.0000000000000284, 137.0000000000000000 ) ) ;
#2388 = EDGE_LOOP ( 'NONE', ( #766, #191, #3072, #2580 ) ) ;
#2389 = DIRECTION ( 'NONE',  ( -1.000000000000000000, -0.000000000000000000, -0.000000000000000000 ) ) ;
#2390 = DIRECTION ( 'NONE',  ( -1.000000000000000000, 0.000000000000000000, 0.000000000000000000 ) ) ;
#2391 = ORIENTED_EDGE ( 'NONE', *, *, #220, .T. ) ;
#2392 = CARTESIAN_POINT ( 'NONE',  ( 49.99999999999999289, -155.0000000000000284, 137.0000000000000000 ) ) ;
#2393 = EDGE_CURVE ( 'NONE', #1932, #2039, #1616, .T. ) ;
#2394 = VECTOR ( 'NONE', #158, 1000.000000000000000 ) ;
#2395 = FACE_OUTER_BOUND ( 'NONE', #2831, .T. ) ;
#2396 = EDGE_CURVE ( 'NONE', #2875, #597, #837, .T. ) ;
#2397 = VERTEX_POINT ( 'NONE', #806 ) ;
#2398 = DIRECTION ( 'NONE',  ( -0.000000000000000000, -0.000000000000000000, -1.000000000000000000 ) ) ;
#2399 = VECTOR ( 'NONE', #2579, 1000.000000000000000 ) ;
#2400 = VERTEX_POINT ( 'NONE', #2213 ) ;
#2401 = DIRECTION ( 'NONE',  ( 1.000000000000000000, 0.000000000000000000, 0.000000000000000000 ) ) ;
#2402 = LINE ( 'NONE', #733, #720 ) ;
#2403 = AXIS2_PLACEMENT_3D ( 'NONE', #529, #1246, #1262 ) ;
#2404 = VERTEX_POINT ( 'NONE', #1813 ) ;
#2405 = VECTOR ( 'NONE', #1236, 1000.000000000000000 ) ;
#2406 = CARTESIAN_POINT ( 'NONE',  ( -37.00000000000000000, 100.0000000000000000, 137.0000000000000000 ) ) ;
#2407 = ORIENTED_EDGE ( 'NONE', *, *, #2381, .F. ) ;
#2408 = CIRCLE ( 'NONE', #1050, 47.00000000000000000 ) ;
#2409 = CYLINDRICAL_SURFACE ( 'NONE', #500, 1.700000000000000178 ) ;
#2410 = AXIS2_PLACEMENT_3D ( 'NONE', #2929, #2240, #90 ) ;
#2411 = ADVANCED_FACE ( 'NONE', ( #1557 ), #1510, .F. ) ;
#2412 = DIRECTION ( 'NONE',  ( -0.000000000000000000, -0.000000000000000000, -1.000000000000000000 ) ) ;
#2413 = ORIENTED_EDGE ( 'NONE', *, *, #820, .F. ) ;
#2414 = CARTESIAN_POINT ( 'NONE',  ( -54.99999999999999289, 155.0000000000000284, 91.00000000000001421 ) ) ;
#2415 = ORIENTED_EDGE ( 'NONE', *, *, #986, .F. ) ;
#2416 = LINE ( 'NONE', #776, #2067 ) ;
#2417 = ORIENTED_EDGE ( 'NONE', *, *, #34, .T. ) ;
#2418 = CARTESIAN_POINT ( 'NONE',  ( -75.00000000000000000, 135.0000000000000284, 91.00000000000001421 ) ) ;
#2419 = ORIENTED_EDGE ( 'NONE', *, *, #2548, .T. ) ;
#2420 = EDGE_LOOP ( 'NONE', ( #1084, #2268, #825, #1169 ) ) ;
#2421 = CARTESIAN_POINT ( 'NONE',  ( -20.19999999999999218, -67.95706005997577392, 131.0000000000000000 ) ) ;
#2422 = CC_DESIGN_APPROVAL ( #1372, ( #328 ) ) ;
#2423 = APPLICATION_PROTOCOL_DEFINITION ( 'international standard', 'config_control_design', 1994, #355 ) ;
#2424 = EDGE_CURVE ( 'NONE', #245, #1770, #2119, .T. ) ;
#2425 = ORIENTED_EDGE ( 'NONE', *, *, #2375, .T. ) ;
#2426 = VERTEX_POINT ( 'NONE', #621 ) ;
#2427 = CARTESIAN_POINT ( 'NONE',  ( -71.00000000000000000, 135.0000000000000284, 131.0000000000000000 ) ) ;
#2428 = EDGE_CURVE ( 'NONE', #2761, #1849, #588, .T. ) ;
#2429 = ORIENTED_EDGE ( 'NONE', *, *, #2941, .T. ) ;
#2430 = LINE ( 'NONE', #2915, #1915 ) ;
#2431 = EDGE_LOOP ( 'NONE', ( #1021, #659, #2440, #774 ) ) ;
#2432 = VERTEX_POINT ( 'NONE', #2944 ) ;
#2433 = ADVANCED_FACE ( 'NONE', ( #2013 ), #1766, .F. ) ;
#2434 = DIRECTION ( 'NONE',  ( 0.000000000000000000, 0.000000000000000000, -1.000000000000000000 ) ) ;
#2435 = CYLINDRICAL_SURFACE ( 'NONE', #313, 12.00000000000000000 ) ;
#2436 = LINE ( 'NONE', #2202, #1913 ) ;
#2437 = PERSON_AND_ORGANIZATION ( #1639, #824 ) ;
#2438 = ORIENTED_EDGE ( 'NONE', *, *, #3078, .T. ) ;
#2439 = CARTESIAN_POINT ( 'NONE',  ( -18.49999999999999289, 132.0429399400242403, 137.0000000000000000 ) ) ;
#2440 = ORIENTED_EDGE ( 'NONE', *, *, #702, .F. ) ;
#2441 = AXIS2_PLACEMENT_3D ( 'NONE', #2262, #1730, #2016 ) ;
#2442 = DIRECTION ( 'NONE',  ( -0.000000000000000000, -0.000000000000000000, -1.000000000000000000 ) ) ;
#2443 = EDGE_CURVE ( 'NONE', #134, #92, #2865, .T. ) ;
#2444 = DIRECTION ( 'NONE',  ( 1.000000000000000000, 0.000000000000000000, 0.000000000000000000 ) ) ;
#2445 = AXIS2_PLACEMENT_3D ( 'NONE', #12, #1457, #2871 ) ;
#2446 = ORIENTED_EDGE ( 'NONE', *, *, #483, .T. ) ;
#2447 = CARTESIAN_POINT ( 'NONE',  ( 54.99999999999999289, 155.0000000000000284, 91.00000000000001421 ) ) ;
#2448 = AXIS2_PLACEMENT_3D ( 'NONE', #2833, #211, #473 ) ;
#2449 = EDGE_CURVE ( 'NONE', #1978, #2291, #1308, .T. ) ;
#2450 = DIRECTION ( 'NONE',  ( 0.000000000000000000, 0.000000000000000000, 1.000000000000000000 ) ) ;
#2451 = DIRECTION ( 'NONE',  ( -0.000000000000000000, -0.000000000000000000, -1.000000000000000000 ) ) ;
#2452 = VERTEX_POINT ( 'NONE', #1879 ) ;
#2453 = VECTOR ( 'NONE', #101, 1000.000000000000000 ) ;
#2454 = DIRECTION ( 'NONE',  ( 0.000000000000000000, 0.000000000000000000, 1.000000000000000000 ) ) ;
#2455 = AXIS2_PLACEMENT_3D ( 'NONE', #1030, #1993, #2349 ) ;
#2456 = CARTESIAN_POINT ( 'NONE',  ( -75.00000000000000000, 135.0000000000000284, 91.00000000000001421 ) ) ;
#2457 = AXIS2_PLACEMENT_3D ( 'NONE', #2928, #1745, #2241 ) ;
#2458 = VERTEX_POINT ( 'NONE', #921 ) ;
#2459 = DIRECTION ( 'NONE',  ( 1.000000000000000000, 0.000000000000000000, 0.000000000000000000 ) ) ;
#2460 = ORIENTED_EDGE ( 'NONE', *, *, #2780, .F. ) ;
#2461 = VECTOR ( 'NONE', #2094, 1000.000000000000000 ) ;
#2462 = DIRECTION ( 'NONE',  ( 0.000000000000000000, 0.000000000000000000, 1.000000000000000000 ) ) ;
#2463 = DIRECTION ( 'NONE',  ( 1.000000000000000000, -0.000000000000000000, -0.000000000000000000 ) ) ;
#2464 = ORIENTED_EDGE ( 'NONE', *, *, #702, .T. ) ;
#2465 = LINE ( 'NONE', #2227, #1661 ) ;
#2466 = DIRECTION ( 'NONE',  ( -0.000000000000000000, -0.000000000000000000, -1.000000000000000000 ) ) ;
#2467 = CARTESIAN_POINT ( 'NONE',  ( 54.00000000000000000, -151.0000000000000284, 91.00000000000001421 ) ) ;
#2468 = EDGE_LOOP ( 'NONE', ( #865, #640, #427, #334 ) ) ;
#2469 = EDGE_CURVE ( 'NONE', #1932, #2075, #2061, .T. ) ;
#2470 = DIRECTION ( 'NONE',  ( 1.000000000000000000, 0.000000000000000000, 0.000000000000000000 ) ) ;
#2471 = CIRCLE ( 'NONE', #2078, 1.700000000000000178 ) ;
#2472 = FACE_BOUND ( 'NONE', #642, .T. ) ;
#2473 = LINE ( 'NONE', #349, #545 ) ;
#2474 = EDGE_CURVE ( 'NONE', #1822, #1466, #1118, .T. ) ;
#2475 = ORIENTED_EDGE ( 'NONE', *, *, #2904, .F. ) ;
#2476 = DIRECTION ( 'NONE',  ( -0.000000000000000000, -0.000000000000000000, -1.000000000000000000 ) ) ;
#2477 = CARTESIAN_POINT ( 'NONE',  ( 71.00000000000000000, 135.0000000000000284, 131.0000000000000000 ) ) ;
#2478 = ORIENTED_EDGE ( 'NONE', *, *, #2735, .T. ) ;
#2479 = CARTESIAN_POINT ( 'NONE',  ( 18.50000000000000355, -67.95706005997578814, 137.0000000000000000 ) ) ;
#2480 = CARTESIAN_POINT ( 'NONE',  ( 75.00000000000000000, -135.0000000000000284, 91.00000000000001421 ) ) ;
#2481 = ORIENTED_EDGE ( 'NONE', *, *, #2574, .F. ) ;
#2482 = ORIENTED_EDGE ( 'NONE', *, *, #1177, .F. ) ;
#2483 = DIRECTION ( 'NONE',  ( 1.000000000000000000, 0.000000000000000000, 0.000000000000000000 ) ) ;
#2484 = EDGE_CURVE ( 'NONE', #2458, #2633, #674, .T. ) ;
#2485 = DIRECTION ( 'NONE',  ( -0.000000000000000000, -1.000000000000000000, -0.000000000000000000 ) ) ;
#2486 = DIRECTION ( 'NONE',  ( 1.000000000000000000, 0.000000000000000000, 0.000000000000000000 ) ) ;
#2487 = EDGE_CURVE ( 'NONE', #1685, #1287, #1314, .T. ) ;
#2488 = ORIENTED_EDGE ( 'NONE', *, *, #1847, .T. ) ;
#2489 = ORIENTED_EDGE ( 'NONE', *, *, #353, .T. ) ;
#2490 = LINE ( 'NONE', #352, #2652 ) ;
#2491 = CYLINDRICAL_SURFACE ( 'NONE', #79, 1.700000000000000178 ) ;
#2492 = ORIENTED_EDGE ( 'NONE', *, *, #2232, .T. ) ;
#2493 = FACE_OUTER_BOUND ( 'NONE', #1908, .T. ) ;
#2494 = AXIS2_PLACEMENT_3D ( 'NONE', #1429, #2384, #2148 ) ;
#2495 = CARTESIAN_POINT ( 'NONE',  ( 16.80000000000000071, 67.95706005997578814, 137.0000000000000000 ) ) ;
#2496 = ORIENTED_EDGE ( 'NONE', *, *, #2574, .T. ) ;
#2497 = EDGE_LOOP ( 'NONE', ( #2963, #371, #958, #2870 ) ) ;
#2498 = CIRCLE ( 'NONE', #2448, 1.700000000000000178 ) ;
#2499 = LINE ( 'NONE', #2034, #360 ) ;
#2500 = VECTOR ( 'NONE', #1962, 1000.000000000000000 ) ;
#2501 = DIRECTION ( 'NONE',  ( -0.7071067811865476838, -0.7071067811865474617, 0.000000000000000000 ) ) ;
#2502 = VECTOR ( 'NONE', #2224, 1000.000000000000000 ) ;
#2503 = CARTESIAN_POINT ( 'NONE',  ( 32.04293994002421897, -18.50000000000001776, 131.0000000000000000 ) ) ;
#2504 = AXIS2_PLACEMENT_3D ( 'NONE', #1012, #1531, #2486 ) ;
#2505 = ORIENTED_EDGE ( 'NONE', *, *, #2768, .F. ) ;
#2506 = VERTEX_POINT ( 'NONE', #1866 ) ;
#2507 = EDGE_CURVE ( 'NONE', #370, #705, #1168, .T. ) ;
#2508 = DIRECTION ( 'NONE',  ( 1.000000000000000000, -0.000000000000000000, -0.000000000000000000 ) ) ;
#2509 = CIRCLE ( 'NONE', #2657, 1.700000000000000178 ) ;
#2510 = FACE_OUTER_BOUND ( 'NONE', #1525, .T. ) ;
#2511 = ORIENTED_EDGE ( 'NONE', *, *, #1170, .F. ) ;
#2512 = CARTESIAN_POINT ( 'NONE',  ( 30.34293994002423034, 18.49999999999999645, 137.0000000000000000 ) ) ;
#2513 = LINE ( 'NONE', #791, #1815 ) ;
#2514 = FACE_OUTER_BOUND ( 'NONE', #734, .T. ) ;
#2515 = ORIENTED_EDGE ( 'NONE', *, *, #1280, .F. ) ;
#2516 = EDGE_LOOP ( 'NONE', ( #1826, #2946, #2878, #1521 ) ) ;
#2517 = CARTESIAN_POINT ( 'NONE',  ( -71.00000000000000000, -134.0000000000000284, 0.000000000000000000 ) ) ;
#2518 = DIRECTION ( 'NONE',  ( -0.000000000000000000, -0.000000000000000000, -1.000000000000000000 ) ) ;
#2519 = CARTESIAN_POINT ( 'NONE',  ( -1.699999999999997735, 37.00000000000000000, 137.0000000000000000 ) ) ;
#2520 = EDGE_LOOP ( 'NONE', ( #2931, #70 ) ) ;
#2521 = CARTESIAN_POINT ( 'NONE',  ( -38.69999999999999574, 100.0000000000000000, 137.0000000000000000 ) ) ;
#2522 = DIRECTION ( 'NONE',  ( -0.7071067811865474617, -0.7071067811865476838, 0.000000000000000000 ) ) ;
#2523 = AXIS2_PLACEMENT_3D ( 'NONE', #601, #1762, #2958 ) ;
#2524 = EDGE_CURVE ( 'NONE', #1264, #1341, #813, .T. ) ;
#2525 = VERTEX_POINT ( 'NONE', #2842 ) ;
#2526 = FACE_OUTER_BOUND ( 'NONE', #2011, .T. ) ;
#2527 = CC_DESIGN_APPROVAL ( #626, ( #1461 ) ) ;
#2528 = FACE_BOUND ( 'NONE', #2137, .T. ) ;
#2529 = EDGE_CURVE ( 'NONE', #2922, #2911, #2328, .T. ) ;
#2530 = LINE ( 'NONE', #855, #2695 ) ;
#2531 = ORIENTED_EDGE ( 'NONE', *, *, #63, .T. ) ;
#2532 = ORIENTED_EDGE ( 'NONE', *, *, #2718, .T. ) ;
#2533 = DIRECTION ( 'NONE',  ( 0.000000000000000000, 0.000000000000000000, 1.000000000000000000 ) ) ;
#2534 = EDGE_CURVE ( 'NONE', #1242, #1502, #3005, .T. ) ;
#2535 = DIRECTION ( 'NONE',  ( 0.000000000000000000, 0.000000000000000000, -1.000000000000000000 ) ) ;
#2536 = CARTESIAN_POINT ( 'NONE',  ( 16.80000000000000071, -67.95706005997578814, 137.0000000000000000 ) ) ;
#2537 = DIRECTION ( 'NONE',  ( 0.000000000000000000, 0.000000000000000000, 1.000000000000000000 ) ) ;
#2538 = CARTESIAN_POINT ( 'NONE',  ( 54.99999999999999289, 155.0000000000000284, 131.0000000000000000 ) ) ;
#2539 = LINE ( 'NONE', #2073, #1099 ) ;
#2540 = DIRECTION ( 'NONE',  ( 0.000000000000000000, 0.000000000000000000, 1.000000000000000000 ) ) ;
#2541 = ORIENTED_EDGE ( 'NONE', *, *, #262, .F. ) ;
#2542 = DIRECTION ( 'NONE',  ( -1.000000000000000000, 0.000000000000000000, 0.000000000000000000 ) ) ;
#2543 = EDGE_CURVE ( 'NONE', #2153, #1779, #2127, .T. ) ;
#2544 = CARTESIAN_POINT ( 'NONE',  ( 54.99999999999999289, 151.0000000000000284, 131.0000000000000000 ) ) ;
#2545 = LINE ( 'NONE', #622, #704 ) ;
#2546 = VERTEX_POINT ( 'NONE', #1356 ) ;
#2547 = EDGE_LOOP ( 'NONE', ( #1148, #934, #53, #2840 ) ) ;
#2548 = EDGE_CURVE ( 'NONE', #1845, #2978, #1625, .T. ) ;
#2549 = VECTOR ( 'NONE', #3064, 1000.000000000000000 ) ;
#2550 = FACE_BOUND ( 'NONE', #375, .T. ) ;
#2551 = DIRECTION ( 'NONE',  ( 1.000000000000000000, 0.000000000000000000, 0.000000000000000000 ) ) ;
#2552 = PLANE ( 'NONE',  #2350 ) ;
#2553 = VECTOR ( 'NONE', #672, 1000.000000000000000 ) ;
#2554 = FACE_OUTER_BOUND ( 'NONE', #2420, .T. ) ;
#2555 = FACE_OUTER_BOUND ( 'NONE', #206, .T. ) ;
#2556 = CIRCLE ( 'NONE', #156, 1.700000000000000178 ) ;
#2557 = VECTOR ( 'NONE', #668, 1000.000000000000000 ) ;
#2558 = CARTESIAN_POINT ( 'NONE',  ( 54.99999999999999289, 151.0000000000000284, 131.0000000000000000 ) ) ;
#2559 = PLANE ( 'NONE',  #438 ) ;
#2560 = AXIS2_PLACEMENT_3D ( 'NONE', #1480, #2359, #454 ) ;
#2561 = ORIENTED_EDGE ( 'NONE', *, *, #399, .T. ) ;
#2562 = FACE_OUTER_BOUND ( 'NONE', #2654, .T. ) ;
#2563 = VECTOR ( 'NONE', #75, 1000.000000000000000 ) ;
#2564 = DIRECTION ( 'NONE',  ( 0.000000000000000000, 0.000000000000000000, 1.000000000000000000 ) ) ;
#2565 = VECTOR ( 'NONE', #2889, 1000.000000000000000 ) ;
#2566 = VERTEX_POINT ( 'NONE', #2544 ) ;
#2567 = ORIENTED_EDGE ( 'NONE', *, *, #830, .T. ) ;
#2568 = AXIS2_PLACEMENT_3D ( 'NONE', #1609, #2564, #444 ) ;
#2569 = CARTESIAN_POINT ( 'NONE',  ( 0.000000000000000000, 0.000000000000000000, 131.0000000000000000 ) ) ;
#2570 = PLANE ( 'NONE',  #603 ) ;
#2571 = DIRECTION ( 'NONE',  ( -0.000000000000000000, -0.000000000000000000, 1.000000000000000000 ) ) ;
#2572 = EDGE_CURVE ( 'NONE', #1491, #2064, #2662, .T. ) ;
#2573 = DIRECTION ( 'NONE',  ( 1.000000000000000000, 0.000000000000000000, 0.000000000000000000 ) ) ;
#2574 = EDGE_CURVE ( 'NONE', #857, #2096, #1767, .T. ) ;
#2575 = DIRECTION ( 'NONE',  ( -1.000000000000000000, 0.000000000000000000, 0.000000000000000000 ) ) ;
#2576 = DIRECTION ( 'NONE',  ( 0.000000000000000000, 0.000000000000000000, -1.000000000000000000 ) ) ;
#2577 = EDGE_CURVE ( 'NONE', #1795, #189, #3071, .T. ) ;
#2578 = ORIENTED_EDGE ( 'NONE', *, *, #423, .T. ) ;
#2579 = DIRECTION ( 'NONE',  ( -0.000000000000000000, -0.000000000000000000, -1.000000000000000000 ) ) ;
#2580 = ORIENTED_EDGE ( 'NONE', *, *, #1765, .F. ) ;
#2581 = CIRCLE ( 'NONE', #279, 1.699999999999999956 ) ;
#2582 = CARTESIAN_POINT ( 'NONE',  ( -49.99999999999999289, 155.0000000000000284, 131.0000000000000000 ) ) ;
#2583 = DIRECTION ( 'NONE',  ( -0.000000000000000000, -0.000000000000000000, -1.000000000000000000 ) ) ;
#2584 = DIRECTION ( 'NONE',  ( -0.7071067811865476838, -0.7071067811865474617, 0.000000000000000000 ) ) ;
#2585 = DIRECTION ( 'NONE',  ( -1.000000000000000000, 0.000000000000000000, -0.000000000000000000 ) ) ;
#2586 = EDGE_CURVE ( 'NONE', #2173, #635, #1641, .T. ) ;
#2587 = CARTESIAN_POINT ( 'NONE',  ( -71.00000000000000000, 134.0000000000000284, 131.0000000000000000 ) ) ;
#2588 = DIRECTION ( 'NONE',  ( 0.7071067811865473507, 0.7071067811865477948, -0.000000000000000000 ) ) ;
#2589 = ORIENTED_EDGE ( 'NONE', *, *, #2723, .T. ) ;
#2590 = LINE ( 'NONE', #2125, #1945 ) ;
#2591 = ADVANCED_FACE ( 'NONE', ( #1653 ), #2783, .F. ) ;
#2592 = DIRECTION ( 'NONE',  ( 1.000000000000000000, 0.000000000000000000, 0.000000000000000000 ) ) ;
#2593 = CARTESIAN_POINT ( 'NONE',  ( -75.00000000000000000, -135.0000000000000284, 91.00000000000001421 ) ) ;
#2594 = EDGE_LOOP ( 'NONE', ( #999, #985 ) ) ;
#2595 = LINE ( 'NONE', #2363, #1257 ) ;
#2596 = CYLINDRICAL_SURFACE ( 'NONE', #2755, 1.700000000000000178 ) ;
#2597 = CARTESIAN_POINT ( 'NONE',  ( -75.00000000000000000, -130.0000000000000284, 131.0000000000000000 ) ) ;
#2598 = CARTESIAN_POINT ( 'NONE',  ( -32.04293994002422608, -18.50000000000000355, 137.0000000000000000 ) ) ;
#2599 = AXIS2_PLACEMENT_3D ( 'NONE', #2791, #2537, #648 ) ;
#2600 = DIRECTION ( 'NONE',  ( -1.000000000000000000, 0.000000000000000000, 0.000000000000000000 ) ) ;
#2601 = VECTOR ( 'NONE', #902, 1000.000000000000000 ) ;
#2602 = AXIS2_PLACEMENT_3D ( 'NONE', #1449, #1953, #2470 ) ;
#2603 = DIRECTION ( 'NONE',  ( 0.000000000000000000, 0.000000000000000000, 1.000000000000000000 ) ) ;
#2604 = VECTOR ( 'NONE', #1370, 1000.000000000000000 ) ;
#2605 = EDGE_CURVE ( 'NONE', #2838, #584, #2342, .T. ) ;
#2606 = ORIENTED_EDGE ( 'NONE', *, *, #30, .T. ) ;
#2607 = DIRECTION ( 'NONE',  ( -1.000000000000000000, 0.000000000000000000, 0.000000000000000000 ) ) ;
#2608 = VERTEX_POINT ( 'NONE', #2593 ) ;
#2609 = CARTESIAN_POINT ( 'NONE',  ( -20.20000000000001705, -132.0429399400242119, 137.0000000000000000 ) ) ;
#2610 = CIRCLE ( 'NONE', #113, 1.700000000000000178 ) ;
#2611 = FACE_BOUND ( 'NONE', #1062, .T. ) ;
#2612 = CIRCLE ( 'NONE', #1312, 1.700000000000000178 ) ;
#2613 = ORIENTED_EDGE ( 'NONE', *, *, #30, .F. ) ;
#2614 = EDGE_CURVE ( 'NONE', #556, #341, #207, .T. ) ;
#2615 = VECTOR ( 'NONE', #2859, 1000.000000000000000 ) ;
#2616 = ORIENTED_EDGE ( 'NONE', *, *, #820, .T. ) ;
#2617 = PLANE ( 'NONE',  #599 ) ;
#2618 = ORIENTED_EDGE ( 'NONE', *, *, #2375, .F. ) ;
#2619 = CARTESIAN_POINT ( 'NONE',  ( -53.99999999999999289, -151.0000000000000284, 95.00000000000001421 ) ) ;
#2620 = EDGE_CURVE ( 'NONE', #800, #2110, #1404, .T. ) ;
#2621 = CYLINDRICAL_SURFACE ( 'NONE', #67, 1.700000000000000178 ) ;
#2622 = ORIENTED_EDGE ( 'NONE', *, *, #2687, .F. ) ;
#2623 = CARTESIAN_POINT ( 'NONE',  ( 75.00000000000000000, -130.0000000000000284, 137.0000000000000000 ) ) ;
#2624 = VECTOR ( 'NONE', #3079, 1000.000000000000000 ) ;
#2625 = ADVANCED_FACE ( 'NONE', ( #1922 ), #1944, .F. ) ;
#2626 = DIRECTION ( 'NONE',  ( 1.000000000000000000, 0.000000000000000000, 0.000000000000000000 ) ) ;
#2627 = FACE_OUTER_BOUND ( 'NONE', #3036, .T. ) ;
#2628 = ORIENTED_EDGE ( 'NONE', *, *, #235, .T. ) ;
#2629 = LOCAL_TIME ( 11, 8, 33.00000000000000000, #2161 ) ;
#2630 = CALENDAR_DATE ( 2026, 24, 9 ) ;
#2631 = EDGE_LOOP ( 'NONE', ( #1026, #380, #1548, #1261 ) ) ;
#2632 = CARTESIAN_POINT ( 'NONE',  ( -20.20000000000001705, -132.0429399400242119, 137.0000000000000000 ) ) ;
#2633 = VERTEX_POINT ( 'NONE', #1934 ) ;
#2634 = CARTESIAN_POINT ( 'NONE',  ( -71.00000000000000000, 134.0000000000000284, 91.00000000000001421 ) ) ;
#2635 = CARTESIAN_POINT ( 'NONE',  ( 16.80000000000000071, -67.95706005997578814, 131.0000000000000000 ) ) ;
#2636 = ORIENTED_EDGE ( 'NONE', *, *, #327, .T. ) ;
#2637 = EDGE_CURVE ( 'NONE', #1792, #1822, #468, .T. ) ;
#2638 = DIRECTION ( 'NONE',  ( 0.000000000000000000, 0.000000000000000000, 1.000000000000000000 ) ) ;
#2639 = ORIENTED_EDGE ( 'NONE', *, *, #975, .T. ) ;
#2640 = EDGE_CURVE ( 'NONE', #1042, #936, #2416, .T. ) ;
#2641 = FACE_OUTER_BOUND ( 'NONE', #587, .T. ) ;
#2642 = CIRCLE ( 'NONE', #1294, 1.700000000000000178 ) ;
#2643 = DATE_AND_TIME ( #2882, #2629 ) ;
#2644 = VERTEX_POINT ( 'NONE', #276 ) ;
#2645 = LINE ( 'NONE', #1180, #3046 ) ;
#2646 = AXIS2_PLACEMENT_3D ( 'NONE', #2985, #919, #2542 ) ;
#2647 = VERTEX_POINT ( 'NONE', #1419 ) ;
#2648 = LINE ( 'NONE', #2008, #2453 ) ;
#2649 = PLANE ( 'NONE',  #673 ) ;
#2650 = VECTOR ( 'NONE', #1784, 1000.000000000000000 ) ;
#2651 = ORIENTED_EDGE ( 'NONE', *, *, #220, .F. ) ;
#2652 = VECTOR ( 'NONE', #119, 1000.000000000000000 ) ;
#2653 = FACE_OUTER_BOUND ( 'NONE', #510, .T. ) ;
#2654 = EDGE_LOOP ( 'NONE', ( #1946, #1636, #2613, #1950 ) ) ;
#2655 = AXIS2_PLACEMENT_3D ( 'NONE', #45, #498, #2380 ) ;
#2656 = EDGE_LOOP ( 'NONE', ( #1195, #1565, #981, #1388 ) ) ;
#2657 = AXIS2_PLACEMENT_3D ( 'NONE', #2598, #738, #1728 ) ;
#2658 = LINE ( 'NONE', #782, #2943 ) ;
#2659 = EDGE_CURVE ( 'NONE', #362, #1527, #1618, .T. ) ;
#2660 = VECTOR ( 'NONE', #1965, 1000.000000000000000 ) ;
#2661 = DIRECTION ( 'NONE',  ( 0.000000000000000000, 0.000000000000000000, 1.000000000000000000 ) ) ;
#2662 = CIRCLE ( 'NONE', #2208, 1.699999999999999956 ) ;
#2663 = ADVANCED_FACE ( 'NONE', ( #1963 ), #2649, .F. ) ;
#2664 = CARTESIAN_POINT ( 'NONE',  ( 0.000000000000000000, 100.0000000000000000, 131.0000000000000000 ) ) ;
#2665 = ORIENTED_EDGE ( 'NONE', *, *, #2640, .T. ) ;
#2666 = ORIENTED_EDGE ( 'NONE', *, *, #849, .T. ) ;
#2667 = FACE_OUTER_BOUND ( 'NONE', #2854, .T. ) ;
#2668 = PLANE ( 'NONE',  #470 ) ;
#2669 = ADVANCED_FACE ( 'NONE', ( #1223 ), #2621, .F. ) ;
#2670 = ORIENTED_EDGE ( 'NONE', *, *, #1091, .F. ) ;
#2671 = CARTESIAN_POINT ( 'NONE',  ( -18.50000000000001776, 67.95706005997578814, 131.0000000000000000 ) ) ;
#2672 = ORIENTED_EDGE ( 'NONE', *, *, #255, .T. ) ;
#2673 = ORIENTED_EDGE ( 'NONE', *, *, #2768, .T. ) ;
#2674 = CARTESIAN_POINT ( 'NONE',  ( 74.99999999999998579, -130.0000000000000568, 131.0000000000000000 ) ) ;
#2675 = CIRCLE ( 'NONE', #2523, 1.700000000000000178 ) ;
#2676 = FACE_OUTER_BOUND ( 'NONE', #2324, .T. ) ;
#2677 = CARTESIAN_POINT ( 'NONE',  ( -75.00000000000000000, 130.0000000000000284, 137.0000000000000000 ) ) ;
#2678 = EDGE_CURVE ( 'NONE', #584, #569, #2373, .T. ) ;
#2679 = DIRECTION ( 'NONE',  ( -1.000000000000000000, 0.000000000000000000, 0.000000000000000000 ) ) ;
#2680 = VERTEX_POINT ( 'NONE', #2387 ) ;
#2681 = ORIENTED_EDGE ( 'NONE', *, *, #1683, .T. ) ;
#2682 = EDGE_CURVE ( 'NONE', #682, #2734, #2897, .T. ) ;
#2683 = DIRECTION ( 'NONE',  ( -1.000000000000000000, -0.000000000000000000, -0.000000000000000000 ) ) ;
#2684 = DIRECTION ( 'NONE',  ( -0.000000000000000000, -0.000000000000000000, -1.000000000000000000 ) ) ;
#2685 = VERTEX_POINT ( 'NONE', #2635 ) ;
#2686 = DIRECTION ( 'NONE',  ( -0.000000000000000000, -0.000000000000000000, -1.000000000000000000 ) ) ;
#2687 = EDGE_CURVE ( 'NONE', #1042, #2875, #2402, .T. ) ;
#2688 = CARTESIAN_POINT ( 'NONE',  ( 54.99999999999999289, -155.0000000000000284, 131.0000000000000000 ) ) ;
#2689 = CARTESIAN_POINT ( 'NONE',  ( -49.99999999999999289, -155.0000000000000284, 137.0000000000000000 ) ) ;
#2690 = ORIENTED_EDGE ( 'NONE', *, *, #1386, .T. ) ;
#2691 = CARTESIAN_POINT ( 'NONE',  ( 0.000000000000000000, -100.0000000000000000, 95.00000000000001421 ) ) ;
#2692 = DIRECTION ( 'NONE',  ( -0.000000000000000000, -0.000000000000000000, -1.000000000000000000 ) ) ;
#2693 = ORIENTED_EDGE ( 'NONE', *, *, #327, .F. ) ;
#2694 = EDGE_LOOP ( 'NONE', ( #1923, #2147, #1358, #384 ) ) ;
#2695 = VECTOR ( 'NONE', #391, 1000.000000000000000 ) ;
#2696 = CARTESIAN_POINT ( 'NONE',  ( 54.00000000000000000, -151.0000000000000284, 0.000000000000000000 ) ) ;
#2697 = CARTESIAN_POINT ( 'NONE',  ( -18.50000000000001776, -132.0429399400242119, 137.0000000000000000 ) ) ;
#2698 = EDGE_CURVE ( 'NONE', #2922, #88, #1259, .T. ) ;
#2699 = AXIS2_PLACEMENT_3D ( 'NONE', #383, #2070, #2758 ) ;
#2700 = ORIENTED_EDGE ( 'NONE', *, *, #922, .F. ) ;
#2701 = CARTESIAN_POINT ( 'NONE',  ( 75.00000000000000000, 130.0000000000000284, 137.0000000000000000 ) ) ;
#2702 = CIRCLE ( 'NONE', #1752, 1.700000000000000178 ) ;
#2703 = FACE_BOUND ( 'NONE', #2044, .T. ) ;
#2704 = VERTEX_POINT ( 'NONE', #247 ) ;
#2705 = ORIENTED_EDGE ( 'NONE', *, *, #2301, .T. ) ;
#2706 = AXIS2_PLACEMENT_3D ( 'NONE', #2003, #1233, #831 ) ;
#2707 = DIRECTION ( 'NONE',  ( -1.000000000000000000, 0.000000000000000000, 0.000000000000000000 ) ) ;
#2708 = AXIS2_PLACEMENT_3D ( 'NONE', #1403, #221, #2592 ) ;
#2709 = CC_DESIGN_PERSON_AND_ORGANIZATION_ASSIGNMENT ( #2437, #2741, ( #826 ) ) ;
#2710 = LINE ( 'NONE', #1498, #1161 ) ;
#2711 = VECTOR ( 'NONE', #1226, 1000.000000000000000 ) ;
#2712 = VERTEX_POINT ( 'NONE', #14 ) ;
#2713 = DIRECTION ( 'NONE',  ( -0.7071067811865476838, 0.7071067811865474617, 0.000000000000000000 ) ) ;
#2714 = EDGE_LOOP ( 'NONE', ( #1863, #250, #1638, #2007, #2772, #1479, #393, #2175 ) ) ;
#2715 = LINE ( 'NONE', #1551, #58 ) ;
#2716 = DIRECTION ( 'NONE',  ( -0.000000000000000000, -0.000000000000000000, -1.000000000000000000 ) ) ;
#2717 = ORIENTED_EDGE ( 'NONE', *, *, #1809, .F. ) ;
#2718 = EDGE_CURVE ( 'NONE', #2704, #1822, #1442, .T. ) ;
#2719 = DIRECTION ( 'NONE',  ( -0.000000000000000000, -0.000000000000000000, -1.000000000000000000 ) ) ;
#2720 = CARTESIAN_POINT ( 'NONE',  ( 32.04293994002423318, 18.49999999999999645, 137.0000000000000000 ) ) ;
#2721 = ORIENTED_EDGE ( 'NONE', *, *, #423, .F. ) ;
#2722 = VERTEX_POINT ( 'NONE', #1183 ) ;
#2723 = EDGE_CURVE ( 'NONE', #1795, #2872, #1001, .T. ) ;
#2724 = CARTESIAN_POINT ( 'NONE',  ( -6.796789735267810189E-15, -37.00000000000000000, 137.0000000000000000 ) ) ;
#2725 = EDGE_CURVE ( 'NONE', #2727, #1555, #2913, .T. ) ;
#2726 = CARTESIAN_POINT ( 'NONE',  ( 38.69999999999999574, 100.0000000000000000, 137.0000000000000000 ) ) ;
#2727 = VERTEX_POINT ( 'NONE', #509 ) ;
#2728 = VERTEX_POINT ( 'NONE', #1460 ) ;
#2729 = CARTESIAN_POINT ( 'NONE',  ( 16.80000000000000071, -67.95706005997578814, 137.0000000000000000 ) ) ;
#2730 = DIRECTION ( 'NONE',  ( -1.000000000000000000, 0.000000000000000000, 0.000000000000000000 ) ) ;
#2731 = ORIENTED_EDGE ( 'NONE', *, *, #2177, .F. ) ;
#2732 = CARTESIAN_POINT ( 'NONE',  ( 0.000000000000000000, -100.0000000000000000, 91.00000000000001421 ) ) ;
#2733 = ORIENTED_EDGE ( 'NONE', *, *, #2572, .F. ) ;
#2734 = VERTEX_POINT ( 'NONE', #1 ) ;
#2735 = EDGE_CURVE ( 'NONE', #715, #2197, #762, .T. ) ;
#2736 = ORIENTED_EDGE ( 'NONE', *, *, #1023, .T. ) ;
#2737 = CARTESIAN_POINT ( 'NONE',  ( -20.00000000000000000, 0.000000000000000000, 95.00000000000001421 ) ) ;
#2738 = ADVANCED_FACE ( 'NONE', ( #1713 ), #2668, .F. ) ;
#2739 = CARTESIAN_POINT ( 'NONE',  ( -18.49999999999999289, 132.0429399400242403, 131.0000000000000000 ) ) ;
#2740 = DIRECTION ( 'NONE',  ( 0.000000000000000000, 0.000000000000000000, 1.000000000000000000 ) ) ;
#2741 = PERSON_AND_ORGANIZATION_ROLE ( 'creator' ) ;
#2742 = EDGE_CURVE ( 'NONE', #1998, #1891, #864, .T. ) ;
#2743 = ORIENTED_EDGE ( 'NONE', *, *, #1280, .T. ) ;
#2744 = EDGE_LOOP ( 'NONE', ( #98, #1440, #2672, #798 ) ) ;
#2745 = DIRECTION ( 'NONE',  ( 1.000000000000000000, 0.000000000000000000, 0.000000000000000000 ) ) ;
#2746 = DIRECTION ( 'NONE',  ( -0.000000000000000000, -0.000000000000000000, -1.000000000000000000 ) ) ;
#2747 = EDGE_LOOP ( 'NONE', ( #728, #1102 ) ) ;
#2748 = DIRECTION ( 'NONE',  ( -0.000000000000000000, -0.000000000000000000, -1.000000000000000000 ) ) ;
#2749 = AXIS2_PLACEMENT_3D ( 'NONE', #1089, #1075, #630 ) ;
#2750 = FACE_BOUND ( 'NONE', #2896, .T. ) ;
#2751 = VECTOR ( 'NONE', #1931, 1000.000000000000000 ) ;
#2752 = CARTESIAN_POINT ( 'NONE',  ( 75.00000000000000000, -130.0000000000000284, 137.0000000000000000 ) ) ;
#2753 = EDGE_LOOP ( 'NONE', ( #486, #62 ) ) ;
#2754 = ORIENTED_EDGE ( 'NONE', *, *, #2825, .T. ) ;
#2755 = AXIS2_PLACEMENT_3D ( 'NONE', #2332, #485, #1435 ) ;
#2756 = CARTESIAN_POINT ( 'NONE',  ( 54.99999999999999289, -155.0000000000000284, 91.00000000000001421 ) ) ;
#2757 = AXIS2_PLACEMENT_3D ( 'NONE', #817, #2462, #2190 ) ;
#2758 = DIRECTION ( 'NONE',  ( -0.7071067811865476838, 0.7071067811865474617, 0.000000000000000000 ) ) ;
#2759 = CIRCLE ( 'NONE', #2708, 15.00000000000000000 ) ;
#2760 = ADVANCED_FACE ( 'NONE', ( #102 ), #2238, .F. ) ;
#2761 = VERTEX_POINT ( 'NONE', #1028 ) ;
#2762 = CARTESIAN_POINT ( 'NONE',  ( 37.00000000000000000, -100.0000000000000000, 131.0000000000000000 ) ) ;
#2763 = AXIS2_PLACEMENT_3D ( 'NONE', #2195, #60, #1004 ) ;
#2764 = CARTESIAN_POINT ( 'NONE',  ( 12.00000000000000000, -100.0000000000000000, 137.0000000000000000 ) ) ;
#2765 = ORIENTED_EDGE ( 'NONE', *, *, #1529, .T. ) ;
#2766 = CARTESIAN_POINT ( 'NONE',  ( -37.00000000000000000, -100.0000000000000000, 137.0000000000000000 ) ) ;
#2767 = VECTOR ( 'NONE', #39, 1000.000000000000000 ) ;
#2768 = EDGE_CURVE ( 'NONE', #556, #1002, #2271, .T. ) ;
#2769 = FACE_BOUND ( 'NONE', #2883, .T. ) ;
#2770 = CARTESIAN_POINT ( 'NONE',  ( -47.00000000000000000, -100.0000000000000000, 91.00000000000001421 ) ) ;
#2771 = ORIENTED_EDGE ( 'NONE', *, *, #2941, .F. ) ;
#2772 = ORIENTED_EDGE ( 'NONE', *, *, #2874, .T. ) ;
#2773 = LINE ( 'NONE', #1058, #1862 ) ;
#2774 = DIRECTION ( 'NONE',  ( 0.000000000000000000, -1.000000000000000000, 0.000000000000000000 ) ) ;
#2775 = DIRECTION ( 'NONE',  ( 0.000000000000000000, -1.000000000000000000, 0.000000000000000000 ) ) ;
#2776 = ORIENTED_EDGE ( 'NONE', *, *, #2850, .F. ) ;
#2777 = LINE ( 'NONE', #1318, #1705 ) ;
#2778 = CARTESIAN_POINT ( 'NONE',  ( 54.00000000000000000, -151.0000000000000284, 131.0000000000000000 ) ) ;
#2779 = VECTOR ( 'NONE', #2716, 1000.000000000000000 ) ;
#2780 = EDGE_CURVE ( 'NONE', #238, #705, #1218, .T. ) ;
#2781 = ORIENTED_EDGE ( 'NONE', *, *, #2121, .T. ) ;
#2782 = PLANE ( 'NONE',  #2940 ) ;
#2783 = CYLINDRICAL_SURFACE ( 'NONE', #118, 1.700000000000000178 ) ;
#2784 = CARTESIAN_POINT ( 'NONE',  ( 75.00000000000000000, 135.0000000000000284, 131.0000000000000000 ) ) ;
#2785 = ORIENTED_EDGE ( 'NONE', *, *, #959, .T. ) ;
#2786 = ORIENTED_EDGE ( 'NONE', *, *, #777, .F. ) ;
#2787 = ORIENTED_EDGE ( 'NONE', *, *, #2088, .T. ) ;
#2788 = FACE_OUTER_BOUND ( 'NONE', #2714, .T. ) ;
#2789 = DIRECTION ( 'NONE',  ( 1.000000000000000000, -0.000000000000000000, -0.000000000000000000 ) ) ;
#2790 = LINE ( 'NONE', #3013, #1859 ) ;
#2791 = CARTESIAN_POINT ( 'NONE',  ( -37.00000000000000000, 100.0000000000000000, 131.0000000000000000 ) ) ;
#2792 = FACE_OUTER_BOUND ( 'NONE', #43, .T. ) ;
#2793 = DIRECTION ( 'NONE',  ( -1.000000000000000000, -0.000000000000000000, -0.000000000000000000 ) ) ;
#2794 = CARTESIAN_POINT ( 'NONE',  ( -49.99999999999999289, 155.0000000000000284, 137.0000000000000000 ) ) ;
#2795 = EDGE_LOOP ( 'NONE', ( #2279, #786, #2567, #2181 ) ) ;
#2796 = PLANE ( 'NONE',  #2103 ) ;
#2797 = ORIENTED_EDGE ( 'NONE', *, *, #2534, .F. ) ;
#2798 = EDGE_CURVE ( 'NONE', #2978, #2727, #1536, .T. ) ;
#2799 = DIRECTION ( 'NONE',  ( 0.000000000000000000, 0.000000000000000000, 1.000000000000000000 ) ) ;
#2800 = ORIENTED_EDGE ( 'NONE', *, *, #1670, .F. ) ;
#2801 = AXIS2_PLACEMENT_3D ( 'NONE', #1106, #2535, #2585 ) ;
#2802 = ADVANCED_FACE ( 'NONE', ( #73 ), #2256, .F. ) ;
#2803 = CARTESIAN_POINT ( 'NONE',  ( -16.79999999999999361, 132.0429399400242403, 137.0000000000000000 ) ) ;
#2804 = FACE_OUTER_BOUND ( 'NONE', #326, .T. ) ;
#2805 = CARTESIAN_POINT ( 'NONE',  ( -33.74293994002422892, 18.49999999999999645, 131.0000000000000000 ) ) ;
#2806 = DIRECTION ( 'NONE',  ( 0.000000000000000000, 0.000000000000000000, 1.000000000000000000 ) ) ;
#2807 = FACE_OUTER_BOUND ( 'NONE', #891, .T. ) ;
#2808 = EDGE_CURVE ( 'NONE', #1502, #1222, #1016, .T. ) ;
#2809 = AXIS2_PLACEMENT_3D ( 'NONE', #2266, #1594, #2295 ) ;
#2810 = VECTOR ( 'NONE', #594, 1000.000000000000000 ) ;
#2811 = DIRECTION ( 'NONE',  ( -0.000000000000000000, -1.000000000000000000, -0.000000000000000000 ) ) ;
#2812 = PLANE ( 'NONE',  #930 ) ;
#2813 = CIRCLE ( 'NONE', #2504, 1.700000000000000178 ) ;
#2814 = ORIENTED_EDGE ( 'NONE', *, *, #200, .T. ) ;
#2815 = FACE_OUTER_BOUND ( 'NONE', #1650, .T. ) ;
#2816 = CARTESIAN_POINT ( 'NONE',  ( 47.00000000000000000, 100.0000000000000000, 95.00000000000001421 ) ) ;
#2817 = VECTOR ( 'NONE', #1994, 1000.000000000000000 ) ;
#2818 = EDGE_LOOP ( 'NONE', ( #2515, #1289, #1975, #476 ) ) ;
#2819 = ADVANCED_FACE ( 'NONE', ( #2510 ), #2491, .F. ) ;
#2820 = VECTOR ( 'NONE', #703, 1000.000000000000000 ) ;
#2821 = CARTESIAN_POINT ( 'NONE',  ( -38.69999999999999574, -100.0000000000000000, 137.0000000000000000 ) ) ;
#2822 = CARTESIAN_POINT ( 'NONE',  ( -16.80000000000001492, 67.95706005997578814, 137.0000000000000000 ) ) ;
#2823 = DIRECTION ( 'NONE',  ( -0.000000000000000000, -0.000000000000000000, -1.000000000000000000 ) ) ;
#2824 = CARTESIAN_POINT ( 'NONE',  ( -53.99999999999999289, -151.0000000000000284, 131.0000000000000000 ) ) ;
#2825 = EDGE_CURVE ( 'NONE', #2156, #1049, #586, .T. ) ;
#2826 = LINE ( 'NONE', #1582, #2154 ) ;
#2827 = CARTESIAN_POINT ( 'NONE',  ( -12.00000000000000000, -100.0000000000000000, 131.0000000000000000 ) ) ;
#2828 = ORIENTED_EDGE ( 'NONE', *, *, #2904, .T. ) ;
#2829 = CARTESIAN_POINT ( 'NONE',  ( 49.99999999999999289, 155.0000000000000284, 137.0000000000000000 ) ) ;
#2830 = CARTESIAN_POINT ( 'NONE',  ( 0.000000000000000000, 100.0000000000000000, 131.0000000000000000 ) ) ;
#2831 = EDGE_LOOP ( 'NONE', ( #2975, #2936, #2415, #1992 ) ) ;
#2832 = FACE_BOUND ( 'NONE', #1590, .T. ) ;
#2833 = CARTESIAN_POINT ( 'NONE',  ( 18.50000000000000355, 132.0429399400242119, 137.0000000000000000 ) ) ;
#2834 = DIRECTION ( 'NONE',  ( 1.000000000000000000, 0.000000000000000000, 0.000000000000000000 ) ) ;
#2835 = CARTESIAN_POINT ( 'NONE',  ( -49.99999999999999289, -155.0000000000000284, 137.0000000000000000 ) ) ;
#2836 = EDGE_CURVE ( 'NONE', #2197, #2142, #3070, .T. ) ;
#2837 = EDGE_CURVE ( 'NONE', #2728, #1052, #2471, .T. ) ;
#2838 = VERTEX_POINT ( 'NONE', #2477 ) ;
#2839 = DIRECTION ( 'NONE',  ( 1.000000000000000000, 0.000000000000000000, 0.000000000000000000 ) ) ;
#2840 = ORIENTED_EDGE ( 'NONE', *, *, #662, .F. ) ;
#2841 = CARTESIAN_POINT ( 'NONE',  ( 54.99999999999999289, -155.0000000000000284, 91.00000000000001421 ) ) ;
#2842 = CARTESIAN_POINT ( 'NONE',  ( -71.00000000000000000, -134.0000000000000284, 95.00000000000001421 ) ) ;
#2843 = ORIENTED_EDGE ( 'NONE', *, *, #863, .F. ) ;
#2844 = CARTESIAN_POINT ( 'NONE',  ( -75.00000000000000000, -130.0000000000000284, 131.0000000000000000 ) ) ;
#2845 = ORIENTED_EDGE ( 'NONE', *, *, #2605, .T. ) ;
#2846 = CARTESIAN_POINT ( 'NONE',  ( -37.00000000000000000, -100.0000000000000000, 137.0000000000000000 ) ) ;
#2847 = VECTOR ( 'NONE', #1768, 1000.000000000000000 ) ;
#2848 = LINE ( 'NONE', #1581, #2005 ) ;
#2849 = VECTOR ( 'NONE', #3031, 1000.000000000000000 ) ;
#2850 = EDGE_CURVE ( 'NONE', #2761, #1610, #1286, .T. ) ;
#2851 = VECTOR ( 'NONE', #1673, 1000.000000000000000 ) ;
#2852 = COORDINATED_UNIVERSAL_TIME_OFFSET ( 5, 30, .AHEAD. ) ;
#2853 = CIRCLE ( 'NONE', #159, 1.700000000000000178 ) ;
#2854 = EDGE_LOOP ( 'NONE', ( #1378, #2885, #2765, #1731 ) ) ;
#2855 = LINE ( 'NONE', #1191, #2751 ) ;
#2856 = ORIENTED_EDGE ( 'NONE', *, *, #1189, .T. ) ;
#2857 = EDGE_CURVE ( 'NONE', #655, #2969, #1124, .T. ) ;
#2858 = DIRECTION ( 'NONE',  ( 1.000000000000000000, 0.000000000000000000, 0.000000000000000000 ) ) ;
#2859 = DIRECTION ( 'NONE',  ( -0.000000000000000000, -0.000000000000000000, -1.000000000000000000 ) ) ;
#2860 = ORIENTED_EDGE ( 'NONE', *, *, #1476, .T. ) ;
#2861 = AXIS2_PLACEMENT_3D ( 'NONE', #2846, #1424, #966 ) ;
#2862 = EDGE_CURVE ( 'NONE', #2887, #2244, #2675, .T. ) ;
#2863 = CARTESIAN_POINT ( 'NONE',  ( -54.99999999999999289, 151.0000000000000284, 131.0000000000000000 ) ) ;
#2864 = CARTESIAN_POINT ( 'NONE',  ( -16.79999999999999361, -67.95706005997577392, 137.0000000000000000 ) ) ;
#2865 = CIRCLE ( 'NONE', #1871, 47.00000000000000000 ) ;
#2866 = ORIENTED_EDGE ( 'NONE', *, *, #1365, .T. ) ;
#2867 = AXIS2_PLACEMENT_3D ( 'NONE', #1740, #835, #2972 ) ;
#2868 = APPROVAL_STATUS ( 'not_yet_approved' ) ;
#2869 = ADVANCED_FACE ( 'NONE', ( #1319 ), #133, .F. ) ;
#2870 = ORIENTED_EDGE ( 'NONE', *, *, #2160, .F. ) ;
#2871 = DIRECTION ( 'NONE',  ( 1.000000000000000000, 0.000000000000000000, 0.000000000000000000 ) ) ;
#2872 = VERTEX_POINT ( 'NONE', #1991 ) ;
#2873 = CARTESIAN_POINT ( 'NONE',  ( -71.00000000000000000, -135.0000000000000284, 131.0000000000000000 ) ) ;
#2874 = EDGE_CURVE ( 'NONE', #1792, #569, #788, .T. ) ;
#2875 = VERTEX_POINT ( 'NONE', #321 ) ;
#2876 = AXIS2_PLACEMENT_3D ( 'NONE', #86, #304, #1977 ) ;
#2877 = LINE ( 'NONE', #3, #2711 ) ;
#2878 = ORIENTED_EDGE ( 'NONE', *, *, #2201, .T. ) ;
#2879 = APPROVAL_PERSON_ORGANIZATION ( #96, #1372, #582 ) ;
#2880 = PLANE ( 'NONE',  #667 ) ;
#2881 = LINE ( 'NONE', #499, #1703 ) ;
#2882 = CALENDAR_DATE ( 2026, 24, 9 ) ;
#2883 = EDGE_LOOP ( 'NONE', ( #839, #3003 ) ) ;
#2884 = LINE ( 'NONE', #2829, #356 ) ;
#2885 = ORIENTED_EDGE ( 'NONE', *, *, #1848, .T. ) ;
#2886 = DIRECTION ( 'NONE',  ( -1.000000000000000000, 0.000000000000000000, -0.000000000000000000 ) ) ;
#2887 = VERTEX_POINT ( 'NONE', #1269 ) ;
#2888 = ADVANCED_FACE ( 'NONE', ( #2939 ), #2225, .F. ) ;
#2889 = DIRECTION ( 'NONE',  ( -0.000000000000000000, -0.000000000000000000, -1.000000000000000000 ) ) ;
#2890 = ORIENTED_EDGE ( 'NONE', *, *, #2091, .F. ) ;
#2891 = DIRECTION ( 'NONE',  ( -0.000000000000000000, -0.000000000000000000, -1.000000000000000000 ) ) ;
#2892 = UNCERTAINTY_MEASURE_WITH_UNIT (LENGTH_MEASURE( 1.000000000000000082E-05 ), #980, 'distance_accuracy_value', 'NONE');
#2893 = VECTOR ( 'NONE', #2451, 1000.000000000000000 ) ;
#2894 = VECTOR ( 'NONE', #1108, 1000.000000000000000 ) ;
#2895 = ORIENTED_EDGE ( 'NONE', *, *, #686, .T. ) ;
#2896 = EDGE_LOOP ( 'NONE', ( #1225, #1697 ) ) ;
#2897 = LINE ( 'NONE', #2427, #2767 ) ;
#2898 = VECTOR ( 'NONE', #683, 1000.000000000000000 ) ;
#2899 = ORIENTED_EDGE ( 'NONE', *, *, #278, .F. ) ;
#2900 = AXIS2_PLACEMENT_3D ( 'NONE', #1839, #928, #2370 ) ;
#2901 = LINE ( 'NONE', #1729, #65 ) ;
#2902 = ORIENTED_EDGE ( 'NONE', *, *, #1067, .T. ) ;
#2903 = ORIENTED_EDGE ( 'NONE', *, *, #3060, .T. ) ;
#2904 = EDGE_CURVE ( 'NONE', #972, #1685, #2106, .T. ) ;
#2905 = DIRECTION ( 'NONE',  ( 1.000000000000000000, 0.000000000000000000, 0.000000000000000000 ) ) ;
#2906 = ADVANCED_FACE ( 'NONE', ( #386 ), #1095, .F. ) ;
#2907 = CIRCLE ( 'NONE', #512, 47.00000000000000000 ) ;
#2908 = CARTESIAN_POINT ( 'NONE',  ( 0.000000000000000000, 100.0000000000000000, 137.0000000000000000 ) ) ;
#2909 = FACE_OUTER_BOUND ( 'NONE', #204, .T. ) ;
#2910 = ORIENTED_EDGE ( 'NONE', *, *, #353, .F. ) ;
#2911 = VERTEX_POINT ( 'NONE', #2055 ) ;
#2912 = CARTESIAN_POINT ( 'NONE',  ( 18.50000000000000355, 67.95706005997578814, 137.0000000000000000 ) ) ;
#2913 = LINE ( 'NONE', #1695, #1818 ) ;
#2914 = ORIENTED_EDGE ( 'NONE', *, *, #2487, .F. ) ;
#2915 = CARTESIAN_POINT ( 'NONE',  ( 54.99999999999999289, -151.0000000000000284, 131.0000000000000000 ) ) ;
#2916 = EDGE_LOOP ( 'NONE', ( #513, #2895, #2017, #789 ) ) ;
#2917 = ORIENTED_EDGE ( 'NONE', *, *, #501, .T. ) ;
#2918 = VECTOR ( 'NONE', #1489, 1000.000000000000000 ) ;
#2919 = LINE ( 'NONE', #1687, #550 ) ;
#2920 = ADVANCED_FACE ( 'NONE', ( #1115 ), #2559, .F. ) ;
#2921 = CARTESIAN_POINT ( 'NONE',  ( -32.04293994002422608, -18.50000000000000355, 137.0000000000000000 ) ) ;
#2922 = VERTEX_POINT ( 'NONE', #2764 ) ;
#2923 = ORIENTED_EDGE ( 'NONE', *, *, #2443, .F. ) ;
#2924 = DIRECTION ( 'NONE',  ( 0.000000000000000000, 0.000000000000000000, 1.000000000000000000 ) ) ;
#2925 = DIRECTION ( 'NONE',  ( 1.000000000000000000, 0.000000000000000000, 0.000000000000000000 ) ) ;
#2926 = VERTEX_POINT ( 'NONE', #1583 ) ;
#2927 = DIRECTION ( 'NONE',  ( 0.000000000000000000, 0.000000000000000000, 1.000000000000000000 ) ) ;
#2928 = CARTESIAN_POINT ( 'NONE',  ( 0.000000000000000000, 100.0000000000000000, 137.0000000000000000 ) ) ;
#2929 = CARTESIAN_POINT ( 'NONE',  ( 0.000000000000000000, 0.000000000000000000, 137.0000000000000000 ) ) ;
#2930 = CARTESIAN_POINT ( 'NONE',  ( -33.74293994002422181, -18.50000000000000355, 131.0000000000000000 ) ) ;
#2931 = ORIENTED_EDGE ( 'NONE', *, *, #2659, .T. ) ;
#2932 = DIRECTION ( 'NONE',  ( -0.000000000000000000, -0.000000000000000000, -1.000000000000000000 ) ) ;
#2933 = CARTESIAN_POINT ( 'NONE',  ( 71.00000000000000000, -135.0000000000000284, 131.0000000000000000 ) ) ;
#2934 = EDGE_CURVE ( 'NONE', #2096, #2432, #868, .T. ) ;
#2935 = ORIENTED_EDGE ( 'NONE', *, *, #2620, .T. ) ;
#2936 = ORIENTED_EDGE ( 'NONE', *, *, #1952, .T. ) ;
#2937 = CIRCLE ( 'NONE', #1600, 1.700000000000000178 ) ;
#2938 = CARTESIAN_POINT ( 'NONE',  ( -71.00000000000000000, 134.0000000000000284, 95.00000000000001421 ) ) ;
#2939 = FACE_OUTER_BOUND ( 'NONE', #1056, .T. ) ;
#2940 = AXIS2_PLACEMENT_3D ( 'NONE', #653, #1585, #3055 ) ;
#2941 = EDGE_CURVE ( 'NONE', #543, #302, #900, .T. ) ;
#2942 = VERTEX_POINT ( 'NONE', #1351 ) ;
#2943 = VECTOR ( 'NONE', #1751, 1000.000000000000000 ) ;
#2944 = CARTESIAN_POINT ( 'NONE',  ( -30.34293994002423034, 18.49999999999999645, 131.0000000000000000 ) ) ;
#2945 = ORIENTED_EDGE ( 'NONE', *, *, #1296, .F. ) ;
#2946 = ORIENTED_EDGE ( 'NONE', *, *, #344, .T. ) ;
#2947 = EDGE_CURVE ( 'NONE', #2035, #2326, #2581, .T. ) ;
#2948 = AXIS2_PLACEMENT_3D ( 'NONE', #2503, #1038, #1279 ) ;
#2949 = ORIENTED_EDGE ( 'NONE', *, *, #904, .T. ) ;
#2950 = CARTESIAN_POINT ( 'NONE',  ( 37.00000000000000000, 100.0000000000000000, 131.0000000000000000 ) ) ;
#2951 = CARTESIAN_POINT ( 'NONE',  ( 12.00000000000000000, 100.0000000000000000, 131.0000000000000000 ) ) ;
#2952 = CALENDAR_DATE ( 2026, 24, 9 ) ;
#2953 = AXIS2_PLACEMENT_3D ( 'NONE', #736, #494, #1446 ) ;
#2954 = ORIENTED_EDGE ( 'NONE', *, *, #975, .F. ) ;
#2955 = EDGE_LOOP ( 'NONE', ( #572, #2785 ) ) ;
#2956 = VECTOR ( 'NONE', #1152, 1000.000000000000000 ) ;
#2957 = CARTESIAN_POINT ( 'NONE',  ( 0.000000000000000000, 0.000000000000000000, 137.0000000000000000 ) ) ;
#2958 = DIRECTION ( 'NONE',  ( 1.000000000000000000, 0.000000000000000000, 0.000000000000000000 ) ) ;
#2959 = EDGE_LOOP ( 'NONE', ( #2150, #2976, #2776, #1190 ) ) ;
#2960 = ADVANCED_FACE ( 'NONE', ( #1861 ), #1825, .F. ) ;
#2961 = FACE_BOUND ( 'NONE', #2053, .T. ) ;
#2962 = ORIENTED_EDGE ( 'NONE', *, *, #2115, .F. ) ;
#2963 = ORIENTED_EDGE ( 'NONE', *, *, #595, .T. ) ;
#2964 = ORIENTED_EDGE ( 'NONE', *, *, #2725, .F. ) ;
#2965 = PLANE ( 'NONE',  #413 ) ;
#2966 = LINE ( 'NONE', #2267, #948 ) ;
#2967 = AXIS2_PLACEMENT_3D ( 'NONE', #354, #2038, #537 ) ;
#2968 = CARTESIAN_POINT ( 'NONE',  ( 54.99999999999999289, -151.0000000000000284, 91.00000000000001421 ) ) ;
#2969 = VERTEX_POINT ( 'NONE', #917 ) ;
#2970 = VERTEX_POINT ( 'NONE', #2354 ) ;
#2971 = CARTESIAN_POINT ( 'NONE',  ( -30.34293994002422323, -18.50000000000000355, 137.0000000000000000 ) ) ;
#2972 = DIRECTION ( 'NONE',  ( 1.000000000000000000, 0.000000000000000000, 0.000000000000000000 ) ) ;
#2973 = ORIENTED_EDGE ( 'NONE', *, *, #1910, .T. ) ;
#2974 = DIRECTION ( 'NONE',  ( 0.000000000000000000, 0.000000000000000000, 1.000000000000000000 ) ) ;
#2975 = ORIENTED_EDGE ( 'NONE', *, *, #2572, .T. ) ;
#2976 = ORIENTED_EDGE ( 'NONE', *, *, #2344, .F. ) ;
#2977 = ADVANCED_FACE ( 'NONE', ( #440 ), #216, .F. ) ;
#2978 = VERTEX_POINT ( 'NONE', #2778 ) ;
#2979 = DIRECTION ( 'NONE',  ( -0.000000000000000000, -0.000000000000000000, -1.000000000000000000 ) ) ;
#2980 = ORIENTED_EDGE ( 'NONE', *, *, #399, .F. ) ;
#2981 = ORIENTED_EDGE ( 'NONE', *, *, #986, .T. ) ;
#2982 = CARTESIAN_POINT ( 'NONE',  ( 18.50000000000000355, -132.0429399400242119, 137.0000000000000000 ) ) ;
#2983 = CARTESIAN_POINT ( 'NONE',  ( 32.04293994002423318, 18.49999999999999645, 131.0000000000000000 ) ) ;
#2984 = EDGE_LOOP ( 'NONE', ( #1671, #2797 ) ) ;
#2985 = CARTESIAN_POINT ( 'NONE',  ( 18.50000000000000355, 67.95706005997578814, 137.0000000000000000 ) ) ;
#2986 = AXIS2_PLACEMENT_3D ( 'NONE', #1836, #1855, #1363 ) ;
#2987 = DIRECTION ( 'NONE',  ( 1.000000000000000000, 0.000000000000000000, 0.000000000000000000 ) ) ;
#2988 = VECTOR ( 'NONE', #428, 1000.000000000000000 ) ;
#2989 = CARTESIAN_POINT ( 'NONE',  ( 71.00000000000000000, -135.0000000000000284, 91.00000000000001421 ) ) ;
#2990 = ORIENTED_EDGE ( 'NONE', *, *, #437, .F. ) ;
#2991 = ORIENTED_EDGE ( 'NONE', *, *, #1804, .F. ) ;
#2992 = VECTOR ( 'NONE', #246, 1000.000000000000000 ) ;
#2993 = CARTESIAN_POINT ( 'NONE',  ( 0.000000000000000000, 0.000000000000000000, 95.00000000000001421 ) ) ;
#2994 = EDGE_CURVE ( 'NONE', #1701, #2153, #2074, .T. ) ;
#2995 = CARTESIAN_POINT ( 'NONE',  ( 18.50000000000000355, 67.95706005997578814, 137.0000000000000000 ) ) ;
#2996 = AXIS2_PLACEMENT_3D ( 'NONE', #2337, #1860, #2105 ) ;
#2997 = PLANE ( 'NONE',  #1698 ) ;
#2998 = ADVANCED_FACE ( 'NONE', ( #3021 ), #1841, .F. ) ;
#2999 = ORIENTED_EDGE ( 'NONE', *, *, #270, .T. ) ;
#3000 = DIRECTION ( 'NONE',  ( 0.000000000000000000, 0.000000000000000000, 1.000000000000000000 ) ) ;
#3001 = AXIS2_PLACEMENT_3D ( 'NONE', #764, #42, #280 ) ;
#3002 = DIRECTION ( 'NONE',  ( -0.7071067811865477948, 0.7071067811865473507, 0.000000000000000000 ) ) ;
#3003 = ORIENTED_EDGE ( 'NONE', *, *, #369, .F. ) ;
#3004 = DIRECTION ( 'NONE',  ( 0.000000000000000000, 0.000000000000000000, -1.000000000000000000 ) ) ;
#3005 = CIRCLE ( 'NONE', #1916, 1.700000000000000178 ) ;
#3006 = CARTESIAN_POINT ( 'NONE',  ( 49.99999999999999289, -155.0000000000000284, 131.0000000000000000 ) ) ;
#3007 = PLANE ( 'NONE',  #1292 ) ;
#3008 = ORIENTED_EDGE ( 'NONE', *, *, #2474, .T. ) ;
#3009 = ORIENTED_EDGE ( 'NONE', *, *, #929, .T. ) ;
#3010 = ORIENTED_EDGE ( 'NONE', *, *, #1386, .F. ) ;
#3011 = FACE_BOUND ( 'NONE', #1727, .T. ) ;
#3012 = DIRECTION ( 'NONE',  ( 0.000000000000000000, 0.000000000000000000, -1.000000000000000000 ) ) ;
#3013 = CARTESIAN_POINT ( 'NONE',  ( 0.000000000000000000, -151.0000000000000284, 95.00000000000001421 ) ) ;
#3014 = CYLINDRICAL_SURFACE ( 'NONE', #16, 1.700000000000000178 ) ;
#3015 = DIRECTION ( 'NONE',  ( -1.000000000000000000, -0.000000000000000000, -0.000000000000000000 ) ) ;
#3016 = DIRECTION ( 'NONE',  ( -1.000000000000000000, 0.000000000000000000, 0.000000000000000000 ) ) ;
#3017 = CARTESIAN_POINT ( 'NONE',  ( 37.00000000000000000, -100.0000000000000000, 137.0000000000000000 ) ) ;
#3018 = CIRCLE ( 'NONE', #2220, 1.700000000000000178 ) ;
#3019 = ADVANCED_FACE ( 'NONE', ( #651 ), #2812, .F. ) ;
#3020 = CARTESIAN_POINT ( 'NONE',  ( -71.00000000000000000, -135.0000000000000284, 131.0000000000000000 ) ) ;
#3021 = FACE_OUTER_BOUND ( 'NONE', #1252, .T. ) ;
#3022 = VERTEX_POINT ( 'NONE', #1130 ) ;
#3023 = LINE ( 'NONE', #2093, #2988 ) ;
#3024 = EDGE_LOOP ( 'NONE', ( #822, #2187 ) ) ;
#3025 = DIRECTION ( 'NONE',  ( -1.000000000000000000, 0.000000000000000000, 0.000000000000000000 ) ) ;
#3026 = ORIENTED_EDGE ( 'NONE', *, *, #2862, .T. ) ;
#3027 = EDGE_LOOP ( 'NONE', ( #950, #139, #758, #1867 ) ) ;
#3028 = FACE_BOUND ( 'NONE', #1925, .T. ) ;
#3029 = LINE ( 'NONE', #2364, #992 ) ;
#3030 = DIRECTION ( 'NONE',  ( -0.000000000000000000, -0.000000000000000000, -1.000000000000000000 ) ) ;
#3031 = DIRECTION ( 'NONE',  ( -0.000000000000000000, -0.000000000000000000, -1.000000000000000000 ) ) ;
#3032 = CARTESIAN_POINT ( 'NONE',  ( -20.20000000000001705, 67.95706005997578814, 137.0000000000000000 ) ) ;
#3033 = CARTESIAN_POINT ( 'NONE',  ( 30.34293994002421613, -18.50000000000001776, 137.0000000000000000 ) ) ;
#3034 = CARTESIAN_POINT ( 'NONE',  ( 71.00000000000000000, 135.0000000000000284, 131.0000000000000000 ) ) ;
#3035 = EDGE_CURVE ( 'NONE', #584, #2727, #2090, .T. ) ;
#3036 = EDGE_LOOP ( 'NONE', ( #2511, #1830, #1816, #478 ) ) ;
#3037 = CARTESIAN_POINT ( 'NONE',  ( 75.00000000000000000, 135.0000000000000284, 91.00000000000001421 ) ) ;
#3038 = VERTEX_POINT ( 'NONE', #2827 ) ;
#3039 = DIRECTION ( 'NONE',  ( 1.000000000000000000, 0.000000000000000000, 0.000000000000000000 ) ) ;
#3040 = ADVANCED_FACE ( 'NONE', ( #1387 ), #2338, .F. ) ;
#3041 = VECTOR ( 'NONE', #780, 1000.000000000000000 ) ;
#3042 = LINE ( 'NONE', #2116, #1507 ) ;
#3043 = CYLINDRICAL_SURFACE ( 'NONE', #1405, 12.00000000000000000 ) ;
#3044 = EDGE_CURVE ( 'NONE', #1002, #2838, #955, .T. ) ;
#3045 = DIRECTION ( 'NONE',  ( 1.000000000000000000, -0.000000000000000000, 0.000000000000000000 ) ) ;
#3046 = VECTOR ( 'NONE', #1666, 1000.000000000000000 ) ;
#3047 = CARTESIAN_POINT ( 'NONE',  ( 75.00000000000000000, 135.0000000000000284, 91.00000000000001421 ) ) ;
#3048 = CARTESIAN_POINT ( 'NONE',  ( 20.20000000000000284, 67.95706005997578814, 137.0000000000000000 ) ) ;
#3049 = VECTOR ( 'NONE', #592, 1000.000000000000000 ) ;
#3050 = CIRCLE ( 'NONE', #555, 1.700000000000000178 ) ;
#3051 = CARTESIAN_POINT ( 'NONE',  ( -75.00000000000000000, 130.0000000000000284, 131.0000000000000000 ) ) ;
#3052 = DIRECTION ( 'NONE',  ( 1.000000000000000000, 0.000000000000000000, 0.000000000000000000 ) ) ;
#3053 = CIRCLE ( 'NONE', #859, 1.700000000000000178 ) ;
#3054 = EDGE_LOOP ( 'NONE', ( #443, #2488, #2705, #2923 ) ) ;
#3055 = DIRECTION ( 'NONE',  ( -1.000000000000000000, 0.000000000000000000, -0.000000000000000000 ) ) ;
#3056 = VERTEX_POINT ( 'NONE', #1217 ) ;
#3057 = DIRECTION ( 'NONE',  ( 0.000000000000000000, 0.000000000000000000, 1.000000000000000000 ) ) ;
#3058 = VECTOR ( 'NONE', #523, 1000.000000000000000 ) ;
#3059 = ORIENTED_EDGE ( 'NONE', *, *, #1526, .T. ) ;
#3060 = EDGE_CURVE ( 'NONE', #1287, #1685, #631, .T. ) ;
#3061 = EDGE_CURVE ( 'NONE', #936, #1539, #23, .T. ) ;
#3062 = DIRECTION ( 'NONE',  ( 1.000000000000000000, 0.000000000000000000, 0.000000000000000000 ) ) ;
#3063 = DIRECTION ( 'NONE',  ( -0.000000000000000000, -0.000000000000000000, -1.000000000000000000 ) ) ;
#3064 = DIRECTION ( 'NONE',  ( 0.7071067811865476838, -0.7071067811865474617, 0.000000000000000000 ) ) ;
#3065 = CARTESIAN_POINT ( 'NONE',  ( 0.000000000000000000, -100.0000000000000000, 95.00000000000001421 ) ) ;
#3066 = ADVANCED_FACE ( 'NONE', ( #2395 ), #1677, .F. ) ;
#3067 = CARTESIAN_POINT ( 'NONE',  ( 0.000000000000000000, 0.000000000000000000, 0.000000000000000000 ) ) ;
#3068 = ORIENTED_EDGE ( 'NONE', *, *, #121, .T. ) ;
#3069 = DIRECTION ( 'NONE',  ( 0.000000000000000000, 0.000000000000000000, 1.000000000000000000 ) ) ;
#3070 = CIRCLE ( 'NONE', #2967, 1.700000000000000178 ) ;
#3071 = LINE ( 'NONE', #1892, #2261 ) ;
#3072 = ORIENTED_EDGE ( 'NONE', *, *, #1917, .T. ) ;
#3073 = FACE_BOUND ( 'NONE', #577, .T. ) ;
#3074 = DIRECTION ( 'NONE',  ( -0.7071067811865476838, 0.7071067811865474617, 0.000000000000000000 ) ) ;
#3075 = EDGE_LOOP ( 'NONE', ( #122, #1500, #2618, #2964, #708, #1447, #104, #2128, #1073, #1166 ) ) ;
#3076 = DIRECTION ( 'NONE',  ( 0.000000000000000000, 0.000000000000000000, 1.000000000000000000 ) ) ;
#3077 = FACE_OUTER_BOUND ( 'NONE', #1076, .T. ) ;
#3078 = EDGE_CURVE ( 'NONE', #2110, #1033, #3018, .T. ) ;
#3079 = DIRECTION ( 'NONE',  ( 0.000000000000000000, 0.000000000000000000, 1.000000000000000000 ) ) ;
#3080 = ORIENTED_EDGE ( 'NONE', *, *, #1433, .F. ) ;
#3081 = FACE_OUTER_BOUND ( 'NONE', #741, .T. ) ;
ENDSEC;
END-ISO-10303-21;
