ISO-10303-21;
HEADER;
FILE_DESCRIPTION (( 'STEP AP203' ),
    '1' );
FILE_NAME ('JX1_HipRollBracket_R.STEP',
    '2026-09-24T05:37:51',
    ( '' ),
    ( '' ),
    'SwSTEP 2.0',
    'SolidWorks 2026',
    '' );
FILE_SCHEMA (( 'CONFIG_CONTROL_DESIGN' ));
ENDSEC;

DATA;
#1 = ORIENTED_EDGE ( 'NONE', *, *, #1217, .T. ) ;
#2 = CARTESIAN_POINT ( 'NONE',  ( -76.00000000000000000, -33.99999999999999289, -40.00000000000000000 ) ) ;
#3 = ORIENTED_EDGE ( 'NONE', *, *, #1159, .T. ) ;
#4 = EDGE_CURVE ( 'NONE', #198, #411, #803, .T. ) ;
#5 = DIRECTION ( 'NONE',  ( 0.000000000000000000, 0.000000000000000000, -1.000000000000000000 ) ) ;
#6 = LINE ( 'NONE', #1952, #959 ) ;
#7 = CLOSED_SHELL ( 'NONE', ( #1273, #1073, #772, #556, #1641, #1293, #589, #840, #206, #1568, #243, #1624, #559, #756, #746, #400, #828, #635, #423, #1614, #369, #1413, #632, #1323, #1328, #799, #1861, #233, #1685, #160, #1404, #1277, #77, #655, #857, #383, #612, #1171, #928, #366, #1262, #1947, #1908, #1470, #1457, #1012, #703, #1831, #253, #1082, #279, #60, #1427, #687, #1854, #664, #1094 ) ) ;
#8 = DIRECTION ( 'NONE',  ( 0.000000000000000000, 1.000000000000000000, 0.000000000000000000 ) ) ;
#9 = AXIS2_PLACEMENT_3D ( 'NONE', #372, #1448, #395 ) ;
#10 = CYLINDRICAL_SURFACE ( 'NONE', #675, 2.749999999999995559 ) ;
#11 = AXIS2_PLACEMENT_3D ( 'NONE', #274, #1919, #1034 ) ;
#12 = VECTOR ( 'NONE', #1206, 1000.000000000000000 ) ;
#13 = DIRECTION ( 'NONE',  ( -0.000000000000000000, -1.000000000000000000, -0.000000000000000000 ) ) ;
#14 = AXIS2_PLACEMENT_3D ( 'NONE', #1438, #1297, #549 ) ;
#15 = ORIENTED_EDGE ( 'NONE', *, *, #371, .F. ) ;
#16 = VECTOR ( 'NONE', #1402, 1000.000000000000000 ) ;
#17 = DIRECTION ( 'NONE',  ( -1.000000000000000000, -0.000000000000000000, -0.000000000000000000 ) ) ;
#18 = EDGE_CURVE ( 'NONE', #411, #198, #1048, .T. ) ;
#19 = VERTEX_POINT ( 'NONE', #996 ) ;
#20 = EDGE_CURVE ( 'NONE', #1463, #1895, #1085, .T. ) ;
#21 = DIRECTION ( 'NONE',  ( -0.000000000000000000, 1.000000000000000000, -0.000000000000000000 ) ) ;
#22 = APPROVAL_ROLE ( '' ) ;
#23 = EDGE_CURVE ( 'NONE', #474, #394, #451, .T. ) ;
#24 = DIRECTION ( 'NONE',  ( 0.000000000000000000, 0.000000000000000000, 1.000000000000000000 ) ) ;
#25 = CARTESIAN_POINT ( 'NONE',  ( 19.13417161825449497, 30.00000000000000711, -46.19397662556433914 ) ) ;
#26 = VERTEX_POINT ( 'NONE', #1134 ) ;
#27 = FACE_OUTER_BOUND ( 'NONE', #1118, .T. ) ;
#28 = ORIENTED_EDGE ( 'NONE', *, *, #1582, .F. ) ;
#29 = ORIENTED_EDGE ( 'NONE', *, *, #1881, .T. ) ;
#30 = CYLINDRICAL_SURFACE ( 'NONE', #899, 6.000000000000000000 ) ;
#31 = CARTESIAN_POINT ( 'NONE',  ( -68.00000000000000000, -33.99999999999999289, -40.00000000000000000 ) ) ;
#32 = EDGE_CURVE ( 'NONE', #1813, #924, #1004, .T. ) ;
#33 = ORIENTED_EDGE ( 'NONE', *, *, #1240, .T. ) ;
#34 = VERTEX_POINT ( 'NONE', #1608 ) ;
#35 = ORIENTED_EDGE ( 'NONE', *, *, #276, .F. ) ;
#36 = PERSON_AND_ORGANIZATION_ROLE ( 'classification_officer' ) ;
#37 = DIRECTION ( 'NONE',  ( 0.000000000000000000, 1.000000000000000000, 0.000000000000000000 ) ) ;
#38 = DIRECTION ( 'NONE',  ( 1.000000000000000000, 0.000000000000000000, 0.000000000000000000 ) ) ;
#39 = VECTOR ( 'NONE', #729, 1000.000000000000000 ) ;
#40 = AXIS2_PLACEMENT_3D ( 'NONE', #1133, #1689, #1578 ) ;
#41 = ORIENTED_EDGE ( 'NONE', *, *, #970, .T. ) ;
#42 = ORIENTED_EDGE ( 'NONE', *, *, #23, .F. ) ;
#43 = CIRCLE ( 'NONE', #545, 2.749999999999995559 ) ;
#44 = CIRCLE ( 'NONE', #1746, 2.249999999999998668 ) ;
#45 = VERTEX_POINT ( 'NONE', #226 ) ;
#46 = APPROVAL_DATE_TIME ( #1237, #1787 ) ;
#47 = CC_DESIGN_DATE_AND_TIME_ASSIGNMENT ( #166, #1399, ( #1435 ) ) ;
#48 = DIRECTION ( 'NONE',  ( -0.000000000000000000, -1.000000000000000000, -0.000000000000000000 ) ) ;
#49 = FACE_OUTER_BOUND ( 'NONE', #1887, .T. ) ;
#50 = ORIENTED_EDGE ( 'NONE', *, *, #1547, .F. ) ;
#51 = VERTEX_POINT ( 'NONE', #1143 ) ;
#52 = ORIENTED_EDGE ( 'NONE', *, *, #32, .T. ) ;
#53 = PERSON_AND_ORGANIZATION ( #1100, #1454 ) ;
#54 = CARTESIAN_POINT ( 'NONE',  ( -68.00000000000000000, 25.86862691031602779, -10.71513610622251989 ) ) ;
#55 = CARTESIAN_POINT ( 'NONE',  ( -46.19397662556434625, 30.00000000000000711, 16.38417161825448076 ) ) ;
#56 = FACE_BOUND ( 'NONE', #1031, .T. ) ;
#57 = VERTEX_POINT ( 'NONE', #661 ) ;
#58 = DIRECTION ( 'NONE',  ( -1.000000000000000000, 0.000000000000000000, -0.000000000000000000 ) ) ;
#59 = ORIENTED_EDGE ( 'NONE', *, *, #321, .F. ) ;
#60 = ADVANCED_FACE ( 'NONE', ( #1865, #515, #65, #1434, #377, #1286, #1885, #1738, #385, #1322 ), #437, .T. ) ;
#61 = CARTESIAN_POINT ( 'NONE',  ( -76.00000000000000000, 10.71513610622251100, 25.86862691031603134 ) ) ;
#62 = CARTESIAN_POINT ( 'NONE',  ( -19.13417161825448787, 30.00000000000000711, -46.19397662556433914 ) ) ;
#63 = CARTESIAN_POINT ( 'NONE',  ( -68.00000000000000000, 36.00000000000000711, -40.00000000000000000 ) ) ;
#64 = CIRCLE ( 'NONE', #167, 2.250000000000000444 ) ;
#65 = FACE_BOUND ( 'NONE', #717, .T. ) ;
#66 = AXIS2_PLACEMENT_3D ( 'NONE', #460, #912, #470 ) ;
#67 = VECTOR ( 'NONE', #1732, 1000.000000000000000 ) ;
#68 = EDGE_CURVE ( 'NONE', #1591, #1093, #697, .T. ) ;
#69 = CIRCLE ( 'NONE', #1810, 2.249999999999998668 ) ;
#70 = DIRECTION ( 'NONE',  ( 0.000000000000000000, 0.000000000000000000, 1.000000000000000000 ) ) ;
#71 = ORIENTED_EDGE ( 'NONE', *, *, #1126, .T. ) ;
#72 = AXIS2_PLACEMENT_3D ( 'NONE', #1345, #594, #1643 ) ;
#73 = EDGE_CURVE ( 'NONE', #724, #704, #1333, .T. ) ;
#74 = DIRECTION ( 'NONE',  ( 0.000000000000000000, 0.000000000000000000, -1.000000000000000000 ) ) ;
#75 = CIRCLE ( 'NONE', #1091, 2.750000000000002665 ) ;
#76 = DIRECTION ( 'NONE',  ( 0.000000000000000000, 1.000000000000000000, 0.000000000000000000 ) ) ;
#77 = ADVANCED_FACE ( 'NONE', ( #1659 ), #1162, .F. ) ;
#78 = CARTESIAN_POINT ( 'NONE',  ( 19.13417161825449497, 30.00000000000000711, -43.44397662556434625 ) ) ;
#79 = ORIENTED_EDGE ( 'NONE', *, *, #1232, .F. ) ;
#80 = FACE_BOUND ( 'NONE', #1660, .T. ) ;
#81 = VERTEX_POINT ( 'NONE', #1469 ) ;
#82 = CALENDAR_DATE ( 2026, 24, 9 ) ;
#83 = DIRECTION ( 'NONE',  ( 0.000000000000000000, 0.000000000000000000, -1.000000000000000000 ) ) ;
#84 = DIRECTION ( 'NONE',  ( 0.000000000000000000, 0.000000000000000000, 1.000000000000000000 ) ) ;
#85 = DIRECTION ( 'NONE',  ( -1.000000000000000000, -0.000000000000000000, -0.000000000000000000 ) ) ;
#86 = ORIENTED_EDGE ( 'NONE', *, *, #1828, .F. ) ;
#87 = CYLINDRICAL_SURFACE ( 'NONE', #1807, 6.000000000000000000 ) ;
#88 = EDGE_LOOP ( 'NONE', ( #1936, #1387, #1759, #707 ) ) ;
#89 = CARTESIAN_POINT ( 'NONE',  ( -46.19397662556433914, 30.00000000000000711, -19.13417161825449497 ) ) ;
#90 = LINE ( 'NONE', #1901, #543 ) ;
#91 = DIRECTION ( 'NONE',  ( -1.000000000000000000, -0.000000000000000000, -0.000000000000000000 ) ) ;
#92 = EDGE_CURVE ( 'NONE', #1379, #323, #733, .T. ) ;
#93 = EDGE_LOOP ( 'NONE', ( #1638, #109 ) ) ;
#94 = DESIGN_CONTEXT ( 'detailed design', #1519, 'design' ) ;
#95 = ORIENTED_EDGE ( 'NONE', *, *, #1411, .F. ) ;
#96 = CARTESIAN_POINT ( 'NONE',  ( -68.00000000000000000, 30.00000000000000711, 45.00000000000000000 ) ) ;
#97 = ORIENTED_EDGE ( 'NONE', *, *, #1832, .T. ) ;
#98 = VECTOR ( 'NONE', #1421, 1000.000000000000000 ) ;
#99 = EDGE_LOOP ( 'NONE', ( #1631, #973, #1690, #178 ) ) ;
#100 = AXIS2_PLACEMENT_3D ( 'NONE', #744, #1531, #1645 ) ;
#101 = DIRECTION ( 'NONE',  ( 0.000000000000000000, 0.000000000000000000, -1.000000000000000000 ) ) ;
#102 = VECTOR ( 'NONE', #1408, 1000.000000000000000 ) ;
#103 = CARTESIAN_POINT ( 'NONE',  ( -68.00000000000000000, 20.00000000000000355, 56.00000000000000000 ) ) ;
#104 = AXIS2_PLACEMENT_3D ( 'NONE', #1353, #1498, #454 ) ;
#105 = DIRECTION ( 'NONE',  ( 1.000000000000000000, 0.000000000000000000, -0.000000000000000000 ) ) ;
#106 = LINE ( 'NONE', #1822, #1425 ) ;
#107 = ORIENTED_EDGE ( 'NONE', *, *, #73, .F. ) ;
#108 = CARTESIAN_POINT ( 'NONE',  ( -19.13417161825448787, 20.00000000000000355, -43.44397662556434625 ) ) ;
#109 = ORIENTED_EDGE ( 'NONE', *, *, #150, .T. ) ;
#110 = EDGE_LOOP ( 'NONE', ( #1084, #637, #1261, #126 ) ) ;
#111 = CYLINDRICAL_SURFACE ( 'NONE', #780, 13.00000000000000000 ) ;
#112 = CARTESIAN_POINT ( 'NONE',  ( -68.00000000000000000, -10.71513610622251278, -25.86862691031603134 ) ) ;
#113 = DIRECTION ( 'NONE',  ( 0.000000000000000000, 0.000000000000000000, 1.000000000000000000 ) ) ;
#114 = DIRECTION ( 'NONE',  ( 0.000000000000000000, -1.000000000000000000, 0.000000000000000000 ) ) ;
#115 = ORIENTED_EDGE ( 'NONE', *, *, #785, .F. ) ;
#116 = CARTESIAN_POINT ( 'NONE',  ( -68.00000000000000000, 10.71513610622250745, -23.61862691031603489 ) ) ;
#117 = VERTEX_POINT ( 'NONE', #1766 ) ;
#118 = LOCAL_TIME ( 11, 7, 51.00000000000000000, #796 ) ;
#119 = VERTEX_POINT ( 'NONE', #563 ) ;
#120 = EDGE_CURVE ( 'NONE', #1093, #1591, #356, .T. ) ;
#121 = CARTESIAN_POINT ( 'NONE',  ( -19.13417161825447721, 30.00000000000000711, 46.19397662556434625 ) ) ;
#122 = DIRECTION ( 'NONE',  ( 0.000000000000000000, 0.000000000000000000, -1.000000000000000000 ) ) ;
#123 = DIRECTION ( 'NONE',  ( 0.000000000000000000, 0.000000000000000000, 1.000000000000000000 ) ) ;
#124 = CARTESIAN_POINT ( 'NONE',  ( 46.19397662556433914, 30.00000000000000711, -19.13417161825449142 ) ) ;
#125 = FACE_OUTER_BOUND ( 'NONE', #1120, .T. ) ;
#126 = ORIENTED_EDGE ( 'NONE', *, *, #221, .T. ) ;
#127 = DIRECTION ( 'NONE',  ( 0.000000000000000000, 0.000000000000000000, 1.000000000000000000 ) ) ;
#128 = VERTEX_POINT ( 'NONE', #1491 ) ;
#129 = EDGE_LOOP ( 'NONE', ( #1361, #97, #638, #627 ) ) ;
#130 = EDGE_CURVE ( 'NONE', #576, #1692, #410, .T. ) ;
#131 = AXIS2_PLACEMENT_3D ( 'NONE', #1579, #552, #672 ) ;
#132 = DIRECTION ( 'NONE',  ( -1.000000000000000000, -0.000000000000000000, -0.000000000000000000 ) ) ;
#133 = CARTESIAN_POINT ( 'NONE',  ( -76.00000000000000000, -25.86862691031603134, 8.465136106222511003 ) ) ;
#134 = AXIS2_PLACEMENT_3D ( 'NONE', #1927, #585, #1487 ) ;
#135 = VECTOR ( 'NONE', #13, 1000.000000000000000 ) ;
#136 = DIRECTION ( 'NONE',  ( 0.000000000000000000, 1.000000000000000000, 0.000000000000000000 ) ) ;
#137 = AXIS2_PLACEMENT_3D ( 'NONE', #1266, #511, #1116 ) ;
#138 = FACE_BOUND ( 'NONE', #222, .T. ) ;
#139 = AXIS2_PLACEMENT_3D ( 'NONE', #1652, #293, #900 ) ;
#140 = DIRECTION ( 'NONE',  ( 0.000000000000000000, 0.000000000000000000, 1.000000000000000000 ) ) ;
#141 = ORIENTED_EDGE ( 'NONE', *, *, #523, .F. ) ;
#142 = CARTESIAN_POINT ( 'NONE',  ( -68.00000000000000000, -33.99999999999999289, 45.00000000000000000 ) ) ;
#143 = ORIENTED_EDGE ( 'NONE', *, *, #860, .T. ) ;
#144 = EDGE_LOOP ( 'NONE', ( #1541, #35, #15, #1294, #50, #1296 ) ) ;
#145 = CARTESIAN_POINT ( 'NONE',  ( -76.00000000000000000, 10.71513610622251100, 28.11862691031603134 ) ) ;
#146 = CARTESIAN_POINT ( 'NONE',  ( -68.00000000000000000, 25.86862691031602779, -12.96513610622251989 ) ) ;
#147 = DIRECTION ( 'NONE',  ( -0.000000000000000000, 0.000000000000000000, 1.000000000000000000 ) ) ;
#148 = CARTESIAN_POINT ( 'NONE',  ( -68.00000000000000000, 10.71513610622251100, 25.86862691031603134 ) ) ;
#149 = CARTESIAN_POINT ( 'NONE',  ( 19.13417161825449497, 30.00000000000000711, -48.94397662556433914 ) ) ;
#150 = EDGE_CURVE ( 'NONE', #1405, #727, #254, .T. ) ;
#151 = ORIENTED_EDGE ( 'NONE', *, *, #158, .T. ) ;
#152 = DIRECTION ( 'NONE',  ( 0.000000000000000000, 0.000000000000000000, -1.000000000000000000 ) ) ;
#153 = ORIENTED_EDGE ( 'NONE', *, *, #336, .F. ) ;
#154 = DIRECTION ( 'NONE',  ( -1.000000000000000000, -0.000000000000000000, -0.000000000000000000 ) ) ;
#155 = CARTESIAN_POINT ( 'NONE',  ( -76.00000000000000000, -25.86862691031603134, -12.96513610622251633 ) ) ;
#156 = DIRECTION ( 'NONE',  ( 0.000000000000000000, 0.000000000000000000, 1.000000000000000000 ) ) ;
#157 = DIRECTION ( 'NONE',  ( 0.000000000000000000, -0.000000000000000000, -1.000000000000000000 ) ) ;
#158 = EDGE_CURVE ( 'NONE', #1611, #81, #510, .T. ) ;
#159 = DIRECTION ( 'NONE',  ( -1.000000000000000000, -0.000000000000000000, -0.000000000000000000 ) ) ;
#160 = ADVANCED_FACE ( 'NONE', ( #713 ), #1811, .F. ) ;
#161 = ORIENTED_EDGE ( 'NONE', *, *, #1123, .T. ) ;
#162 = LINE ( 'NONE', #376, #387 ) ;
#163 = EDGE_LOOP ( 'NONE', ( #1853, #344 ) ) ;
#164 = EDGE_CURVE ( 'NONE', #119, #1129, #1625, .T. ) ;
#165 = CYLINDRICAL_SURFACE ( 'NONE', #1528, 2.750000000000002665 ) ;
#166 = DATE_AND_TIME ( #804, #359 ) ;
#167 = AXIS2_PLACEMENT_3D ( 'NONE', #267, #872, #427 ) ;
#168 = DIRECTION ( 'NONE',  ( 0.000000000000000000, 0.000000000000000000, -1.000000000000000000 ) ) ;
#169 = VECTOR ( 'NONE', #340, 1000.000000000000114 ) ;
#170 = AXIS2_PLACEMENT_3D ( 'NONE', #610, #1212, #1814 ) ;
#171 = FACE_BOUND ( 'NONE', #1022, .T. ) ;
#172 = AXIS2_PLACEMENT_3D ( 'NONE', #1195, #889, #753 ) ;
#173 = VECTOR ( 'NONE', #1951, 1000.000000000000000 ) ;
#174 = ORIENTED_EDGE ( 'NONE', *, *, #1331, .T. ) ;
#175 = AXIS2_PLACEMENT_3D ( 'NONE', #1850, #792, #1386 ) ;
#176 = LINE ( 'NONE', #769, #1272 ) ;
#177 = VERTEX_POINT ( 'NONE', #1338 ) ;
#178 = ORIENTED_EDGE ( 'NONE', *, *, #564, .T. ) ;
#179 = EDGE_CURVE ( 'NONE', #768, #924, #64, .T. ) ;
#180 = DIRECTION ( 'NONE',  ( 0.000000000000000000, 0.000000000000000000, -1.000000000000000000 ) ) ;
#181 = CARTESIAN_POINT ( 'NONE',  ( -19.13417161825448787, 30.00000000000000711, -43.44397662556434625 ) ) ;
#182 = CARTESIAN_POINT ( 'NONE',  ( -68.00000000000000000, 0.000000000000000000, 0.000000000000000000 ) ) ;
#183 = VERTEX_POINT ( 'NONE', #1637 ) ;
#184 = ORIENTED_EDGE ( 'NONE', *, *, #1121, .F. ) ;
#185 = ORIENTED_EDGE ( 'NONE', *, *, #1751, .F. ) ;
#186 = PERSON_AND_ORGANIZATION ( #1100, #1454 ) ;
#187 = EDGE_CURVE ( 'NONE', #1722, #1925, #1170, .T. ) ;
#188 = LINE ( 'NONE', #651, #1556 ) ;
#189 = DIRECTION ( 'NONE',  ( 0.000000000000000000, 0.000000000000000000, 1.000000000000000000 ) ) ;
#190 = VERTEX_POINT ( 'NONE', #1945 ) ;
#191 = ORIENTED_EDGE ( 'NONE', *, *, #887, .F. ) ;
#192 = VERTEX_POINT ( 'NONE', #149 ) ;
#193 = DIRECTION ( 'NONE',  ( 0.000000000000000000, 0.000000000000000000, 1.000000000000000000 ) ) ;
#194 = FACE_OUTER_BOUND ( 'NONE', #966, .T. ) ;
#195 = AXIS2_PLACEMENT_3D ( 'NONE', #682, #216, #825 ) ;
#196 = CIRCLE ( 'NONE', #1657, 2.749999999999995559 ) ;
#197 = CIRCLE ( 'NONE', #1553, 2.749999999999995559 ) ;
#198 = VERTEX_POINT ( 'NONE', #1188 ) ;
#199 = ORIENTED_EDGE ( 'NONE', *, *, #1390, .T. ) ;
#200 = VECTOR ( 'NONE', #1595, 1000.000000000000000 ) ;
#201 = CIRCLE ( 'NONE', #1172, 2.750000000000002665 ) ;
#202 = ORIENTED_EDGE ( 'NONE', *, *, #1751, .T. ) ;
#203 = CARTESIAN_POINT ( 'NONE',  ( 0.000000000000000000, 0.000000000000000000, 0.000000000000000000 ) ) ;
#204 = CARTESIAN_POINT ( 'NONE',  ( 46.19397662556433914, 30.00000000000000711, -19.13417161825449142 ) ) ;
#205 = CARTESIAN_POINT ( 'NONE',  ( -68.00000000000000000, -10.71513610622251278, -23.61862691031603134 ) ) ;
#206 = ADVANCED_FACE ( 'NONE', ( #125 ), #462, .F. ) ;
#207 = DIRECTION ( 'NONE',  ( 0.000000000000000000, 0.000000000000000000, 1.000000000000000000 ) ) ;
#208 = EDGE_CURVE ( 'NONE', #526, #1793, #669, .T. ) ;
#209 = ORIENTED_EDGE ( 'NONE', *, *, #357, .F. ) ;
#210 = ORIENTED_EDGE ( 'NONE', *, *, #1114, .T. ) ;
#211 = CARTESIAN_POINT ( 'NONE',  ( -68.00000000000000000, 30.00000000000000711, -56.00000000000000000 ) ) ;
#212 = DIRECTION ( 'NONE',  ( 1.000000000000000000, 0.000000000000000000, 0.000000000000000000 ) ) ;
#213 = EDGE_CURVE ( 'NONE', #1612, #917, #106, .T. ) ;
#214 = LINE ( 'NONE', #1432, #699 ) ;
#215 = EDGE_CURVE ( 'NONE', #1715, #1740, #319, .T. ) ;
#216 = DIRECTION ( 'NONE',  ( 0.000000000000000000, 1.000000000000000000, 0.000000000000000000 ) ) ;
#217 = EDGE_CURVE ( 'NONE', #198, #704, #1512, .T. ) ;
#218 = FACE_OUTER_BOUND ( 'NONE', #1651, .T. ) ;
#219 = ORIENTED_EDGE ( 'NONE', *, *, #1737, .T. ) ;
#220 = COORDINATED_UNIVERSAL_TIME_OFFSET ( 5, 30, .AHEAD. ) ;
#221 = EDGE_CURVE ( 'NONE', #917, #576, #766, .T. ) ;
#222 = EDGE_LOOP ( 'NONE', ( #948, #1324 ) ) ;
#223 = DIRECTION ( 'NONE',  ( 0.000000000000000000, 0.000000000000000000, -1.000000000000000000 ) ) ;
#224 = CARTESIAN_POINT ( 'NONE',  ( -73.80000000000001137, 0.000000000000000000, 0.000000000000000000 ) ) ;
#225 = DIRECTION ( 'NONE',  ( -0.000000000000000000, -1.000000000000000000, -0.000000000000000000 ) ) ;
#226 = CARTESIAN_POINT ( 'NONE',  ( -68.00000000000000000, 10.71513610622251100, 28.11862691031603134 ) ) ;
#227 = AXIS2_PLACEMENT_3D ( 'NONE', #1113, #212, #1409 ) ;
#228 = VECTOR ( 'NONE', #412, 1000.000000000000000 ) ;
#229 = AXIS2_PLACEMENT_3D ( 'NONE', #1797, #822, #1558 ) ;
#230 = CARTESIAN_POINT ( 'NONE',  ( -46.19397662556434625, 30.00000000000000711, 21.88417161825448787 ) ) ;
#231 = ORIENTED_EDGE ( 'NONE', *, *, #947, .F. ) ;
#232 = CIRCLE ( 'NONE', #104, 2.250000000000000444 ) ;
#233 = ADVANCED_FACE ( 'NONE', ( #619 ), #1886, .F. ) ;
#234 = CYLINDRICAL_SURFACE ( 'NONE', #1900, 2.749999999999995559 ) ;
#235 = AXIS2_PLACEMENT_3D ( 'NONE', #1070, #318, #921 ) ;
#236 = CYLINDRICAL_SURFACE ( 'NONE', #1305, 2.750000000000002665 ) ;
#237 = CARTESIAN_POINT ( 'NONE',  ( 19.13417161825450208, 20.00000000000000355, 43.44397662556433204 ) ) ;
#238 = EDGE_LOOP ( 'NONE', ( #143, #814, #185, #312 ) ) ;
#239 = DIRECTION ( 'NONE',  ( 0.000000000000000000, 1.000000000000000000, 0.000000000000000000 ) ) ;
#240 = ORIENTED_EDGE ( 'NONE', *, *, #479, .T. ) ;
#241 = CARTESIAN_POINT ( 'NONE',  ( -68.00000000000000000, 10.71513610622251100, 23.61862691031603489 ) ) ;
#242 = LINE ( 'NONE', #1132, #1530 ) ;
#243 = ADVANCED_FACE ( 'NONE', ( #218 ), #87, .F. ) ;
#244 = PLANE ( 'NONE',  #1586 ) ;
#245 = ORIENTED_EDGE ( 'NONE', *, *, #276, .T. ) ;
#246 = CARTESIAN_POINT ( 'NONE',  ( 19.13417161825449497, 20.00000000000000355, -46.19397662556433914 ) ) ;
#247 = ORIENTED_EDGE ( 'NONE', *, *, #1318, .F. ) ;
#248 = ORIENTED_EDGE ( 'NONE', *, *, #1460, .F. ) ;
#249 = CARTESIAN_POINT ( 'NONE',  ( 46.19397662556434625, 30.00000000000000711, 21.88417161825448432 ) ) ;
#250 = DIRECTION ( 'NONE',  ( 0.000000000000000000, 0.000000000000000000, -1.000000000000000000 ) ) ;
#251 = DIRECTION ( 'NONE',  ( 0.000000000000000000, 0.000000000000000000, -1.000000000000000000 ) ) ;
#252 = ORIENTED_EDGE ( 'NONE', *, *, #843, .T. ) ;
#253 = ADVANCED_FACE ( 'NONE', ( #1600 ), #990, .F. ) ;
#254 = CIRCLE ( 'NONE', #1366, 2.249999999999998668 ) ;
#255 = EDGE_LOOP ( 'NONE', ( #1642, #1698, #663, #896 ) ) ;
#256 = FACE_OUTER_BOUND ( 'NONE', #883, .T. ) ;
#257 = ORIENTED_EDGE ( 'NONE', *, *, #1819, .F. ) ;
#258 = CIRCLE ( 'NONE', #774, 2.249999999999998668 ) ;
#259 = ORIENTED_EDGE ( 'NONE', *, *, #489, .T. ) ;
#260 =( GEOMETRIC_REPRESENTATION_CONTEXT ( 3 ) GLOBAL_UNCERTAINTY_ASSIGNED_CONTEXT ( ( #691 ) ) GLOBAL_UNIT_ASSIGNED_CONTEXT ( ( #815, #476, #1383 ) ) REPRESENTATION_CONTEXT ( 'NONE', 'WORKASPACE' ) );
#261 = AXIS2_PLACEMENT_3D ( 'NONE', #401, #573, #275 ) ;
#262 = DIRECTION ( 'NONE',  ( -0.7071067811865474617, 0.000000000000000000, 0.7071067811865474617 ) ) ;
#263 = VECTOR ( 'NONE', #1910, 1000.000000000000000 ) ;
#264 = CARTESIAN_POINT ( 'NONE',  ( 46.19397662556434625, 20.00000000000000355, 21.88417161825448432 ) ) ;
#265 = CIRCLE ( 'NONE', #1935, 2.749999999999995559 ) ;
#266 = CARTESIAN_POINT ( 'NONE',  ( -68.00000000000000000, -25.86862691031603134, -12.96513610622251633 ) ) ;
#267 = CARTESIAN_POINT ( 'NONE',  ( -76.00000000000000000, 25.86862691031603134, 10.71513610622250745 ) ) ;
#268 = EDGE_CURVE ( 'NONE', #323, #1379, #1395, .T. ) ;
#269 = ORIENTED_EDGE ( 'NONE', *, *, #1187, .F. ) ;
#270 = FACE_BOUND ( 'NONE', #303, .T. ) ;
#271 = EDGE_LOOP ( 'NONE', ( #1750, #965, #1557, #1783 ) ) ;
#272 = ORIENTED_EDGE ( 'NONE', *, *, #785, .T. ) ;
#273 = DIRECTION ( 'NONE',  ( 0.000000000000000000, 0.000000000000000000, -1.000000000000000000 ) ) ;
#274 = CARTESIAN_POINT ( 'NONE',  ( -68.00000000000000000, -25.86862691031603134, 10.71513610622251100 ) ) ;
#275 = DIRECTION ( 'NONE',  ( 0.000000000000000000, 0.000000000000000000, 1.000000000000000000 ) ) ;
#276 = EDGE_CURVE ( 'NONE', #1671, #1370, #525, .T. ) ;
#277 = DIRECTION ( 'NONE',  ( -0.000000000000000000, -1.000000000000000000, -0.000000000000000000 ) ) ;
#278 = DIRECTION ( 'NONE',  ( 0.000000000000000000, 1.000000000000000000, 0.000000000000000000 ) ) ;
#279 = ADVANCED_FACE ( 'NONE', ( #1006 ), #1592, .F. ) ;
#280 = ORIENTED_EDGE ( 'NONE', *, *, #500, .F. ) ;
#281 = DIRECTION ( 'NONE',  ( 0.000000000000000000, 0.000000000000000000, 1.000000000000000000 ) ) ;
#282 = VERTEX_POINT ( 'NONE', #1414 ) ;
#283 = EDGE_CURVE ( 'NONE', #45, #1308, #826, .T. ) ;
#284 = VERTEX_POINT ( 'NONE', #846 ) ;
#285 = CYLINDRICAL_SURFACE ( 'NONE', #72, 2.750000000000002665 ) ;
#286 = DIRECTION ( 'NONE',  ( 0.7071067811865474617, 0.000000000000000000, 0.7071067811865474617 ) ) ;
#287 = CYLINDRICAL_SURFACE ( 'NONE', #988, 2.749999999999995559 ) ;
#288 = CARTESIAN_POINT ( 'NONE',  ( -76.00000000000000000, 25.86862691031602779, -10.71513610622251989 ) ) ;
#289 = ORIENTED_EDGE ( 'NONE', *, *, #1832, .F. ) ;
#290 = DIRECTION ( 'NONE',  ( -0.000000000000000000, -1.000000000000000000, -0.000000000000000000 ) ) ;
#291 = ORIENTED_EDGE ( 'NONE', *, *, #1765, .T. ) ;
#292 = VERTEX_POINT ( 'NONE', #96 ) ;
#293 = DIRECTION ( 'NONE',  ( -0.000000000000000000, -1.000000000000000000, -0.000000000000000000 ) ) ;
#294 = DIRECTION ( 'NONE',  ( 0.000000000000000000, 1.000000000000000000, 0.000000000000000000 ) ) ;
#295 = AXIS2_PLACEMENT_3D ( 'NONE', #605, #595, #1804 ) ;
#296 = CIRCLE ( 'NONE', #1397, 2.749999999999995559 ) ;
#297 = CARTESIAN_POINT ( 'NONE',  ( -19.13417161825448787, 30.00000000000000711, -46.19397662556433914 ) ) ;
#298 = VECTOR ( 'NONE', #1606, 1000.000000000000000 ) ;
#299 = FACE_OUTER_BOUND ( 'NONE', #1211, .T. ) ;
#300 = VECTOR ( 'NONE', #154, 1000.000000000000000 ) ;
#301 = APPLICATION_CONTEXT ( 'configuration controlled 3d designs of mechanical parts and assemblies' ) ;
#302 = DIRECTION ( 'NONE',  ( 0.000000000000000000, 0.000000000000000000, -1.000000000000000000 ) ) ;
#303 = EDGE_LOOP ( 'NONE', ( #690, #1815 ) ) ;
#304 = CARTESIAN_POINT ( 'NONE',  ( -73.80000000000001137, 0.000000000000000000, 0.000000000000000000 ) ) ;
#305 = ORIENTED_EDGE ( 'NONE', *, *, #179, .T. ) ;
#306 = FACE_OUTER_BOUND ( 'NONE', #238, .T. ) ;
#307 = CYLINDRICAL_SURFACE ( 'NONE', #1897, 2.750000000000002665 ) ;
#308 = FACE_OUTER_BOUND ( 'NONE', #802, .T. ) ;
#310 = EDGE_CURVE ( 'NONE', #1895, #1463, #1841, .T. ) ;
#309 = FACE_BOUND ( 'NONE', #1236, .T. ) ;
#311 = DIRECTION ( 'NONE',  ( 0.000000000000000000, 1.000000000000000000, 0.000000000000000000 ) ) ;
#312 = ORIENTED_EDGE ( 'NONE', *, *, #441, .F. ) ;
#313 = DIRECTION ( 'NONE',  ( 0.000000000000000000, -0.000000000000000000, -1.000000000000000000 ) ) ;
#314 = ORIENTED_EDGE ( 'NONE', *, *, #213, .T. ) ;
#315 = FACE_OUTER_BOUND ( 'NONE', #1005, .T. ) ;
#316 = DIRECTION ( 'NONE',  ( -0.000000000000000000, -1.000000000000000000, -0.000000000000000000 ) ) ;
#317 = CARTESIAN_POINT ( 'NONE',  ( 30.00000000000000000, 30.00000000000000711, -56.00000000000000000 ) ) ;
#318 = DIRECTION ( 'NONE',  ( 1.000000000000000000, 0.000000000000000000, 0.000000000000000000 ) ) ;
#319 = LINE ( 'NONE', #1676, #1086 ) ;
#320 = ORIENTED_EDGE ( 'NONE', *, *, #1720, .F. ) ;
#321 = EDGE_CURVE ( 'NONE', #81, #1591, #1119, .T. ) ;
#322 = CARTESIAN_POINT ( 'NONE',  ( -46.19397662556433914, 30.00000000000000711, -19.13417161825449497 ) ) ;
#323 = VERTEX_POINT ( 'NONE', #546 ) ;
#324 = DIRECTION ( 'NONE',  ( -0.000000000000000000, -1.000000000000000000, -0.000000000000000000 ) ) ;
#325 = APPLICATION_PROTOCOL_DEFINITION ( 'international standard', 'config_control_design', 1994, #301 ) ;
#326 = CYLINDRICAL_SURFACE ( 'NONE', #1777, 2.750000000000002665 ) ;
#327 = CIRCLE ( 'NONE', #362, 2.249999999999998668 ) ;
#328 = VECTOR ( 'NONE', #290, 1000.000000000000000 ) ;
#329 = DIRECTION ( 'NONE',  ( -1.000000000000000000, 0.000000000000000000, 0.000000000000000000 ) ) ;
#330 = CIRCLE ( 'NONE', #1429, 22.14999999999999858 ) ;
#331 = CIRCLE ( 'NONE', #989, 2.250000000000000444 ) ;
#332 = ORIENTED_EDGE ( 'NONE', *, *, #1760, .T. ) ;
#333 = VECTOR ( 'NONE', #808, 1000.000000000000000 ) ;
#334 = DIRECTION ( 'NONE',  ( -0.000000000000000000, -1.000000000000000000, -0.000000000000000000 ) ) ;
#335 = ORIENTED_EDGE ( 'NONE', *, *, #221, .F. ) ;
#336 = EDGE_CURVE ( 'NONE', #926, #1554, #1453, .T. ) ;
#337 = ORIENTED_EDGE ( 'NONE', *, *, #92, .F. ) ;
#338 = DIRECTION ( 'NONE',  ( 0.000000000000000000, 0.000000000000000000, 1.000000000000000000 ) ) ;
#339 = DIRECTION ( 'NONE',  ( 1.000000000000000000, -0.000000000000000000, -0.000000000000000000 ) ) ;
#340 = DIRECTION ( 'NONE',  ( 0.7071067811865474617, -0.000000000000000000, -0.7071067811865474617 ) ) ;
#341 = VERTEX_POINT ( 'NONE', #378 ) ;
#342 = EDGE_CURVE ( 'NONE', #526, #1925, #1281, .T. ) ;
#343 = ORIENTED_EDGE ( 'NONE', *, *, #698, .T. ) ;
#344 = ORIENTED_EDGE ( 'NONE', *, *, #1502, .T. ) ;
#345 = DATE_AND_TIME ( #640, #118 ) ;
#346 = EDGE_CURVE ( 'NONE', #192, #1554, #692, .T. ) ;
#347 = CYLINDRICAL_SURFACE ( 'NONE', #702, 2.750000000000002665 ) ;
#348 = DIRECTION ( 'NONE',  ( 0.000000000000000000, 0.000000000000000000, -1.000000000000000000 ) ) ;
#349 = ORIENTED_EDGE ( 'NONE', *, *, #1135, .T. ) ;
#350 = EDGE_LOOP ( 'NONE', ( #1550, #800, #1008, #153 ) ) ;
#351 = ORIENTED_EDGE ( 'NONE', *, *, #787, .T. ) ;
#352 = PERSON_AND_ORGANIZATION ( #1100, #1454 ) ;
#353 = EDGE_CURVE ( 'NONE', #554, #1314, #1870, .T. ) ;
#354 = CARTESIAN_POINT ( 'NONE',  ( -68.00000000000000000, 25.86862691031602779, -8.465136106222519885 ) ) ;
#355 = DIRECTION ( 'NONE',  ( -1.000000000000000000, -0.000000000000000000, -0.000000000000000000 ) ) ;
#356 = CIRCLE ( 'NONE', #1710, 13.00000000000000000 ) ;
#357 = EDGE_CURVE ( 'NONE', #1533, #957, #1749, .T. ) ;
#358 = AXIS2_PLACEMENT_3D ( 'NONE', #662, #239, #1878 ) ;
#359 = LOCAL_TIME ( 11, 7, 51.00000000000000000, #1517 ) ;
#360 = VERTEX_POINT ( 'NONE', #1436 ) ;
#361 = VECTOR ( 'NONE', #1899, 1000.000000000000000 ) ;
#362 = AXIS2_PLACEMENT_3D ( 'NONE', #652, #38, #1702 ) ;
#363 = VERTEX_POINT ( 'NONE', #852 ) ;
#364 = PERSON_AND_ORGANIZATION_ROLE ( 'creator' ) ;
#365 = DIRECTION ( 'NONE',  ( 0.000000000000000000, 0.000000000000000000, -1.000000000000000000 ) ) ;
#366 = ADVANCED_FACE ( 'NONE', ( #389 ), #1723, .F. ) ;
#367 = DIRECTION ( 'NONE',  ( -0.000000000000000000, -1.000000000000000000, -0.000000000000000000 ) ) ;
#368 = CARTESIAN_POINT ( 'NONE',  ( -68.00000000000000000, 10.71513610622250745, -28.11862691031603134 ) ) ;
#369 = ADVANCED_FACE ( 'NONE', ( #256, #80, #683, #1915, #1649, #270, #1629, #1178 ), #1639, .F. ) ;
#370 = VERTEX_POINT ( 'NONE', #1325 ) ;
#371 = EDGE_CURVE ( 'NONE', #653, #1671, #1495, .T. ) ;
#372 = CARTESIAN_POINT ( 'NONE',  ( 19.13417161825450208, 30.00000000000000711, 46.19397662556433204 ) ) ;
#373 = ORIENTED_EDGE ( 'NONE', *, *, #20, .T. ) ;
#374 = DIRECTION ( 'NONE',  ( -0.000000000000000000, -0.000000000000000000, 1.000000000000000000 ) ) ;
#375 = CARTESIAN_POINT ( 'NONE',  ( -68.00000000000000000, 25.86862691031602779, -10.71513610622251989 ) ) ;
#376 = CARTESIAN_POINT ( 'NONE',  ( -73.80000000000001137, 0.000000000000000000, 22.14999999999999858 ) ) ;
#377 = FACE_OUTER_BOUND ( 'NONE', #542, .T. ) ;
#378 = CARTESIAN_POINT ( 'NONE',  ( -46.19397662556433914, 20.00000000000000355, -21.88417161825449853 ) ) ;
#379 = VERTEX_POINT ( 'NONE', #760 ) ;
#380 = CARTESIAN_POINT ( 'NONE',  ( -68.00000000000000000, 10.71513610622250745, -25.86862691031603134 ) ) ;
#381 = CARTESIAN_POINT ( 'NONE',  ( -68.00000000000000000, -33.99999999999999289, 45.00000000000000000 ) ) ;
#382 = LINE ( 'NONE', #1776, #644 ) ;
#383 = ADVANCED_FACE ( 'NONE', ( #577 ), #1792, .F. ) ;
#384 = AXIS2_PLACEMENT_3D ( 'NONE', #1127, #1280, #1420 ) ;
#385 = FACE_BOUND ( 'NONE', #1630, .T. ) ;
#386 = AXIS2_PLACEMENT_3D ( 'NONE', #1330, #1183, #1024 ) ;
#387 = VECTOR ( 'NONE', #977, 1000.000000000000000 ) ;
#388 = VECTOR ( 'NONE', #1347, 1000.000000000000000 ) ;
#389 = FACE_OUTER_BOUND ( 'NONE', #1443, .T. ) ;
#390 = ORIENTED_EDGE ( 'NONE', *, *, #1044, .T. ) ;
#391 = LINE ( 'NONE', #1734, #200 ) ;
#392 = DIRECTION ( 'NONE',  ( -0.000000000000000000, -1.000000000000000000, -0.000000000000000000 ) ) ;
#393 = CARTESIAN_POINT ( 'NONE',  ( -68.00000000000000000, -33.99999999999999289, -40.00000000000000000 ) ) ;
#394 = VERTEX_POINT ( 'NONE', #1472 ) ;
#395 = DIRECTION ( 'NONE',  ( 0.000000000000000000, 0.000000000000000000, -1.000000000000000000 ) ) ;
#396 = ORIENTED_EDGE ( 'NONE', *, *, #353, .T. ) ;
#397 = ORIENTED_EDGE ( 'NONE', *, *, #1411, .T. ) ;
#398 = FACE_OUTER_BOUND ( 'NONE', #1426, .T. ) ;
#399 = FACE_OUTER_BOUND ( 'NONE', #88, .T. ) ;
#400 = ADVANCED_FACE ( 'NONE', ( #865 ), #430, .F. ) ;
#401 = CARTESIAN_POINT ( 'NONE',  ( -68.00000000000000000, -25.86862691031603134, -10.71513610622251456 ) ) ;
#402 = EDGE_LOOP ( 'NONE', ( #463, #1020 ) ) ;
#403 = ORIENTED_EDGE ( 'NONE', *, *, #1619, .F. ) ;
#404 = CARTESIAN_POINT ( 'NONE',  ( 19.13417161825449497, 30.00000000000000711, -48.94397662556433914 ) ) ;
#405 = EDGE_LOOP ( 'NONE', ( #1852, #600 ) ) ;
#406 = ORIENTED_EDGE ( 'NONE', *, *, #68, .F. ) ;
#407 = DIRECTION ( 'NONE',  ( 0.000000000000000000, 0.000000000000000000, -1.000000000000000000 ) ) ;
#408 = DIRECTION ( 'NONE',  ( -1.000000000000000000, -0.000000000000000000, -0.000000000000000000 ) ) ;
#409 = DIRECTION ( 'NONE',  ( 1.000000000000000000, 0.000000000000000000, 0.000000000000000000 ) ) ;
#410 = LINE ( 'NONE', #1503, #1108 ) ;
#411 = VERTEX_POINT ( 'NONE', #874 ) ;
#412 = DIRECTION ( 'NONE',  ( -1.000000000000000000, -0.000000000000000000, -0.000000000000000000 ) ) ;
#413 = ORIENTED_EDGE ( 'NONE', *, *, #1121, .T. ) ;
#414 = AXIS2_PLACEMENT_3D ( 'NONE', #1510, #1636, #157 ) ;
#415 = VECTOR ( 'NONE', #334, 1000.000000000000000 ) ;
#416 = VERTEX_POINT ( 'NONE', #116 ) ;
#417 = PRODUCT_DEFINITION_FORMATION_WITH_SPECIFIED_SOURCE ( 'ANY', '', #767, .NOT_KNOWN. ) ;
#418 = CIRCLE ( 'NONE', #1658, 2.250000000000000444 ) ;
#419 = CARTESIAN_POINT ( 'NONE',  ( -68.00000000000000000, 10.71513610622251100, 23.61862691031603489 ) ) ;
#420 = CIRCLE ( 'NONE', #1661, 2.249999999999998668 ) ;
#421 = CARTESIAN_POINT ( 'NONE',  ( 46.19397662556434625, 20.00000000000000355, 16.38417161825447721 ) ) ;
#422 = AXIS2_PLACEMENT_3D ( 'NONE', #1466, #529, #1762 ) ;
#423 = ADVANCED_FACE ( 'NONE', ( #1030 ), #1315, .F. ) ;
#424 = CARTESIAN_POINT ( 'NONE',  ( -68.00000000000000000, 10.71513610622251100, 25.86862691031603134 ) ) ;
#425 = CARTESIAN_POINT ( 'NONE',  ( 30.00000000000000000, 30.00000000000000711, -56.00000000000000000 ) ) ;
#426 = EDGE_CURVE ( 'NONE', #1252, #190, #1110, .T. ) ;
#427 = DIRECTION ( 'NONE',  ( 0.000000000000000000, 0.000000000000000000, -1.000000000000000000 ) ) ;
#428 = ORIENTED_EDGE ( 'NONE', *, *, #1502, .F. ) ;
#429 = EDGE_CURVE ( 'NONE', #1473, #499, #1341, .T. ) ;
#430 = CYLINDRICAL_SURFACE ( 'NONE', #1774, 2.249999999999998668 ) ;
#431 = ORIENTED_EDGE ( 'NONE', *, *, #1145, .T. ) ;
#432 = ORIENTED_EDGE ( 'NONE', *, *, #283, .F. ) ;
#433 = DIRECTION ( 'NONE',  ( 1.000000000000000000, 0.000000000000000000, 0.000000000000000000 ) ) ;
#434 = CARTESIAN_POINT ( 'NONE',  ( 46.19397662556434625, 30.00000000000000711, 21.88417161825448432 ) ) ;
#435 = DIRECTION ( 'NONE',  ( 0.000000000000000000, 0.000000000000000000, -1.000000000000000000 ) ) ;
#436 = FACE_BOUND ( 'NONE', #611, .T. ) ;
#437 = PLANE ( 'NONE',  #1548 ) ;
#438 = ORIENTED_EDGE ( 'NONE', *, *, #1148, .F. ) ;
#439 = DIRECTION ( 'NONE',  ( -0.000000000000000000, -1.000000000000000000, -0.000000000000000000 ) ) ;
#440 = ORIENTED_EDGE ( 'NONE', *, *, #647, .F. ) ;
#441 = EDGE_CURVE ( 'NONE', #363, #483, #1019, .T. ) ;
#442 = ORIENTED_EDGE ( 'NONE', *, *, #837, .F. ) ;
#443 = CARTESIAN_POINT ( 'NONE',  ( -19.13417161825448787, 30.00000000000000711, -43.44397662556434625 ) ) ;
#444 = PLANE ( 'NONE',  #295 ) ;
#445 = PLANE ( 'NONE',  #1112 ) ;
#446 = DIRECTION ( 'NONE',  ( -1.000000000000000000, -0.000000000000000000, -0.000000000000000000 ) ) ;
#447 = DIRECTION ( 'NONE',  ( 0.000000000000000000, 1.000000000000000000, 0.000000000000000000 ) ) ;
#448 = ORIENTED_EDGE ( 'NONE', *, *, #1038, .T. ) ;
#449 = DIRECTION ( 'NONE',  ( -1.000000000000000000, -0.000000000000000000, -0.000000000000000000 ) ) ;
#450 = ORIENTED_EDGE ( 'NONE', *, *, #1700, .T. ) ;
#451 = CIRCLE ( 'NONE', #384, 2.749999999999995559 ) ;
#452 = AXIS2_PLACEMENT_3D ( 'NONE', #884, #1483, #127 ) ;
#453 = EDGE_CURVE ( 'NONE', #57, #1370, #1360, .T. ) ;
#454 = DIRECTION ( 'NONE',  ( 0.000000000000000000, 0.000000000000000000, -1.000000000000000000 ) ) ;
#455 = DIRECTION ( 'NONE',  ( 0.000000000000000000, 1.000000000000000000, 0.000000000000000000 ) ) ;
#456 = AXIS2_PLACEMENT_3D ( 'NONE', #1255, #955, #180 ) ;
#457 = VECTOR ( 'NONE', #722, 1000.000000000000000 ) ;
#458 = LINE ( 'NONE', #317, #960 ) ;
#459 = CIRCLE ( 'NONE', #1588, 2.750000000000002665 ) ;
#460 = CARTESIAN_POINT ( 'NONE',  ( 46.19397662556434625, 30.00000000000000711, 19.13417161825448076 ) ) ;
#461 = AXIS2_PLACEMENT_3D ( 'NONE', #375, #849, #1139 ) ;
#462 = CYLINDRICAL_SURFACE ( 'NONE', #1655, 13.00000000000000000 ) ;
#463 = ORIENTED_EDGE ( 'NONE', *, *, #1190, .F. ) ;
#464 = LINE ( 'NONE', #1064, #1551 ) ;
#465 = ORIENTED_EDGE ( 'NONE', *, *, #429, .F. ) ;
#466 = LINE ( 'NONE', #1066, #1117 ) ;
#467 = DIRECTION ( 'NONE',  ( -0.000000000000000000, -1.000000000000000000, -0.000000000000000000 ) ) ;
#468 = DIRECTION ( 'NONE',  ( -0.000000000000000000, -1.000000000000000000, -0.000000000000000000 ) ) ;
#469 = PRODUCT_DEFINITION_SHAPE ( 'NONE', 'NONE',  #1435 ) ;
#470 = DIRECTION ( 'NONE',  ( 0.000000000000000000, 0.000000000000000000, 1.000000000000000000 ) ) ;
#471 = DIRECTION ( 'NONE',  ( -0.000000000000000000, -1.000000000000000000, -0.000000000000000000 ) ) ;
#472 = ORIENTED_EDGE ( 'NONE', *, *, #1763, .F. ) ;
#473 = CYLINDRICAL_SURFACE ( 'NONE', #1175, 2.750000000000002665 ) ;
#474 = VERTEX_POINT ( 'NONE', #108 ) ;
#475 = DIRECTION ( 'NONE',  ( 0.000000000000000000, 0.000000000000000000, 1.000000000000000000 ) ) ;
#476 =( NAMED_UNIT ( * ) PLANE_ANGLE_UNIT ( ) SI_UNIT ( $, .RADIAN. ) );
#477 = LINE ( 'NONE', #1364, #1400 ) ;
#478 = CARTESIAN_POINT ( 'NONE',  ( 19.13417161825449497, 30.00000000000000711, -46.19397662556433914 ) ) ;
#479 = EDGE_CURVE ( 'NONE', #1314, #957, #897, .T. ) ;
#480 = ORIENTED_EDGE ( 'NONE', *, *, #321, .T. ) ;
#481 = DIRECTION ( 'NONE',  ( 0.000000000000000000, 0.000000000000000000, -1.000000000000000000 ) ) ;
#482 = ORIENTED_EDGE ( 'NONE', *, *, #759, .F. ) ;
#483 = VERTEX_POINT ( 'NONE', #1200 ) ;
#484 = PERSON_AND_ORGANIZATION_ROLE ( 'creator' ) ;
#485 = CARTESIAN_POINT ( 'NONE',  ( -76.00000000000000000, -25.86862691031603134, 10.71513610622251100 ) ) ;
#486 = LOCAL_TIME ( 11, 7, 51.00000000000000000, #1706 ) ;
#487 = CIRCLE ( 'NONE', #1867, 2.250000000000000444 ) ;
#488 = CARTESIAN_POINT ( 'NONE',  ( -73.80000000000001137, 2.712592660111387239E-15, -22.14999999999999858 ) ) ;
#489 = EDGE_CURVE ( 'NONE', #1147, #45, #258, .T. ) ;
#490 = CIRCLE ( 'NONE', #962, 22.14999999999999858 ) ;
#491 = EDGE_CURVE ( 'NONE', #370, #1844, #487, .T. ) ;
#492 = ORIENTED_EDGE ( 'NONE', *, *, #1843, .T. ) ;
#493 = ORIENTED_EDGE ( 'NONE', *, *, #992, .T. ) ;
#494 = EDGE_LOOP ( 'NONE', ( #1344, #403 ) ) ;
#495 = DIRECTION ( 'NONE',  ( 0.000000000000000000, 1.000000000000000000, 0.000000000000000000 ) ) ;
#496 = PLANE ( 'NONE',  #929 ) ;
#497 = ORIENTED_EDGE ( 'NONE', *, *, #208, .F. ) ;
#498 = ORIENTED_EDGE ( 'NONE', *, *, #1184, .F. ) ;
#499 = VERTEX_POINT ( 'NONE', #2 ) ;
#500 = EDGE_CURVE ( 'NONE', #1791, #1569, #1015, .T. ) ;
#501 = APPROVAL_STATUS ( 'not_yet_approved' ) ;
#502 = CARTESIAN_POINT ( 'NONE',  ( 56.00000000000000000, 30.00000000000000711, -30.00000000000000000 ) ) ;
#503 = DIRECTION ( 'NONE',  ( -0.000000000000000000, -1.000000000000000000, -0.000000000000000000 ) ) ;
#504 = EDGE_LOOP ( 'NONE', ( #1403, #397, #482, #565 ) ) ;
#505 = EDGE_CURVE ( 'NONE', #26, #57, #464, .T. ) ;
#506 = EDGE_LOOP ( 'NONE', ( #1564, #592, #1415, #1496 ) ) ;
#507 = EDGE_CURVE ( 'NONE', #119, #524, #1462, .T. ) ;
#508 = FACE_OUTER_BOUND ( 'NONE', #1513, .T. ) ;
#509 = CARTESIAN_POINT ( 'NONE',  ( -76.00000000000000000, 36.00000000000000711, -40.00000000000000000 ) ) ;
#510 = CIRCLE ( 'NONE', #1613, 13.00000000000000000 ) ;
#511 = DIRECTION ( 'NONE',  ( 1.000000000000000000, 0.000000000000000000, 0.000000000000000000 ) ) ;
#512 = VECTOR ( 'NONE', #1906, 1000.000000000000000 ) ;
#513 = CIRCLE ( 'NONE', #1371, 2.750000000000002665 ) ;
#514 = CIRCLE ( 'NONE', #1744, 2.750000000000002665 ) ;
#515 = FACE_BOUND ( 'NONE', #998, .T. ) ;
#516 = VECTOR ( 'NONE', #855, 1000.000000000000000 ) ;
#517 = AXIS2_PLACEMENT_3D ( 'NONE', #1230, #935, #791 ) ;
#518 = CARTESIAN_POINT ( 'NONE',  ( 46.19397662556434625, 30.00000000000000711, 16.38417161825447721 ) ) ;
#519 = ORIENTED_EDGE ( 'NONE', *, *, #1390, .F. ) ;
#520 = CARTESIAN_POINT ( 'NONE',  ( -68.00000000000000000, -25.86862691031603134, 10.71513610622251100 ) ) ;
#521 = CARTESIAN_POINT ( 'NONE',  ( -68.00000000000000000, 20.00000000000000355, -40.00000000000000000 ) ) ;
#522 = CYLINDRICAL_SURFACE ( 'NONE', #40, 2.250000000000000444 ) ;
#523 = EDGE_CURVE ( 'NONE', #1473, #1692, #1380, .T. ) ;
#524 = VERTEX_POINT ( 'NONE', #628 ) ;
#525 = LINE ( 'NONE', #1307, #512 ) ;
#526 = VERTEX_POINT ( 'NONE', #969 ) ;
#527 = EDGE_CURVE ( 'NONE', #284, #1733, #162, .T. ) ;
#528 = FACE_OUTER_BOUND ( 'NONE', #402, .T. ) ;
#529 = DIRECTION ( 'NONE',  ( 1.000000000000000000, 0.000000000000000000, 0.000000000000000000 ) ) ;
#530 = EDGE_CURVE ( 'NONE', #416, #1032, #214, .T. ) ;
#531 = DIRECTION ( 'NONE',  ( 0.000000000000000000, -1.000000000000000000, 0.000000000000000000 ) ) ;
#532 = CC_DESIGN_APPROVAL ( #1247, ( #615 ) ) ;
#533 = EDGE_CURVE ( 'NONE', #620, #57, #176, .T. ) ;
#534 = DIRECTION ( 'NONE',  ( 0.000000000000000000, 1.000000000000000000, 0.000000000000000000 ) ) ;
#535 = DIRECTION ( 'NONE',  ( 0.000000000000000000, 0.000000000000000000, 1.000000000000000000 ) ) ;
#536 = ORIENTED_EDGE ( 'NONE', *, *, #1126, .F. ) ;
#537 = DATE_AND_TIME ( #82, #1570 ) ;
#538 = CARTESIAN_POINT ( 'NONE',  ( 56.00000000000000000, 30.00000000000000711, 30.00000000000000000 ) ) ;
#539 = DIRECTION ( 'NONE',  ( 0.000000000000000000, 0.000000000000000000, 1.000000000000000000 ) ) ;
#540 = CARTESIAN_POINT ( 'NONE',  ( -46.19397662556433914, 30.00000000000000711, -21.88417161825449853 ) ) ;
#541 = AXIS2_PLACEMENT_3D ( 'NONE', #749, #1052, #281 ) ;
#542 = EDGE_LOOP ( 'NONE', ( #827, #28, #885, #1137, #1858, #1342, #1309, #1155 ) ) ;
#543 = VECTOR ( 'NONE', #743, 1000.000000000000114 ) ;
#544 = VECTOR ( 'NONE', #1225, 1000.000000000000000 ) ;
#545 = AXIS2_PLACEMENT_3D ( 'NONE', #1849, #495, #1695 ) ;
#546 = CARTESIAN_POINT ( 'NONE',  ( -76.00000000000000000, 25.86862691031602779, -8.465136106222519885 ) ) ;
#547 = ORIENTED_EDGE ( 'NONE', *, *, #1474, .T. ) ;
#548 = APPROVAL_ROLE ( '' ) ;
#549 = DIRECTION ( 'NONE',  ( 0.000000000000000000, 0.000000000000000000, -1.000000000000000000 ) ) ;
#550 = FACE_OUTER_BOUND ( 'NONE', #873, .T. ) ;
#551 = DIRECTION ( 'NONE',  ( -0.000000000000000000, -1.000000000000000000, -0.000000000000000000 ) ) ;
#552 = DIRECTION ( 'NONE',  ( 0.000000000000000000, 1.000000000000000000, 0.000000000000000000 ) ) ;
#553 = ADVANCED_BREP_SHAPE_REPRESENTATION ( 'JX1_HipRollBracket_R', ( #1724, #1300 ), #260 ) ;
#554 = VERTEX_POINT ( 'NONE', #784 ) ;
#555 = CARTESIAN_POINT ( 'NONE',  ( -68.00000000000000000, 10.71513610622251100, 28.11862691031603134 ) ) ;
#556 = ADVANCED_FACE ( 'NONE', ( #27 ), #1876, .F. ) ;
#557 = ORIENTED_EDGE ( 'NONE', *, *, #1881, .F. ) ;
#558 = ORIENTED_EDGE ( 'NONE', *, *, #1044, .F. ) ;
#559 = ADVANCED_FACE ( 'NONE', ( #1083 ), #522, .F. ) ;
#560 = CARTESIAN_POINT ( 'NONE',  ( -68.00000000000000000, 30.00000000000000711, 56.00000000000000000 ) ) ;
#561 = DIRECTION ( 'NONE',  ( 0.000000000000000000, 0.000000000000000000, 1.000000000000000000 ) ) ;
#562 = DIRECTION ( 'NONE',  ( -0.000000000000000000, -1.000000000000000000, -0.000000000000000000 ) ) ;
#563 = CARTESIAN_POINT ( 'NONE',  ( -68.00000000000000000, 30.00000000000000711, 56.00000000000000000 ) ) ;
#564 = EDGE_CURVE ( 'NONE', #19, #620, #1125, .T. ) ;
#565 = ORIENTED_EDGE ( 'NONE', *, *, #1527, .F. ) ;
#566 = CARTESIAN_POINT ( 'NONE',  ( -68.00000000000000000, -10.71513610622251633, 25.86862691031603134 ) ) ;
#567 = VERTEX_POINT ( 'NONE', #1864 ) ;
#568 = EDGE_LOOP ( 'NONE', ( #1924, #231, #1543, #654 ) ) ;
#569 = EDGE_CURVE ( 'NONE', #1554, #926, #296, .T. ) ;
#570 = DIRECTION ( 'NONE',  ( -1.000000000000000000, -0.000000000000000000, -0.000000000000000000 ) ) ;
#571 = DIRECTION ( 'NONE',  ( 0.000000000000000000, 0.000000000000000000, 1.000000000000000000 ) ) ;
#572 = EDGE_CURVE ( 'NONE', #1163, #926, #1418, .T. ) ;
#573 = DIRECTION ( 'NONE',  ( -1.000000000000000000, -0.000000000000000000, -0.000000000000000000 ) ) ;
#574 = EDGE_CURVE ( 'NONE', #1791, #1405, #963, .T. ) ;
#575 = DIRECTION ( 'NONE',  ( -1.000000000000000000, -0.000000000000000000, -0.000000000000000000 ) ) ;
#576 = VERTEX_POINT ( 'NONE', #1824 ) ;
#577 = FACE_OUTER_BOUND ( 'NONE', #939, .T. ) ;
#578 = ORIENTED_EDGE ( 'NONE', *, *, #179, .F. ) ;
#579 = CIRCLE ( 'NONE', #1180, 2.750000000000002665 ) ;
#580 = VECTOR ( 'NONE', #1072, 1000.000000000000000 ) ;
#581 = ORIENTED_EDGE ( 'NONE', *, *, #1068, .T. ) ;
#582 = AXIS2_PLACEMENT_3D ( 'NONE', #1332, #91, #113 ) ;
#583 = PLANE ( 'NONE',  #1617 ) ;
#584 = VECTOR ( 'NONE', #1274, 1000.000000000000000 ) ;
#585 = DIRECTION ( 'NONE',  ( 1.000000000000000000, 0.000000000000000000, 0.000000000000000000 ) ) ;
#586 = CYLINDRICAL_SURFACE ( 'NONE', #834, 2.250000000000000444 ) ;
#587 = FACE_BOUND ( 'NONE', #1224, .T. ) ;
#588 = CARTESIAN_POINT ( 'NONE',  ( 46.19397662556434625, 20.00000000000000355, 19.13417161825448076 ) ) ;
#589 = ADVANCED_FACE ( 'NONE', ( #668 ), #473, .F. ) ;
#590 = ORIENTED_EDGE ( 'NONE', *, *, #1942, .F. ) ;
#591 = DIRECTION ( 'NONE',  ( -1.000000000000000000, 0.000000000000000000, 0.000000000000000000 ) ) ;
#592 = ORIENTED_EDGE ( 'NONE', *, *, #1384, .T. ) ;
#593 = ORIENTED_EDGE ( 'NONE', *, *, #922, .T. ) ;
#594 = DIRECTION ( 'NONE',  ( -0.000000000000000000, -1.000000000000000000, -0.000000000000000000 ) ) ;
#595 = DIRECTION ( 'NONE',  ( 1.000000000000000000, -0.000000000000000000, 0.000000000000000000 ) ) ;
#596 = CARTESIAN_POINT ( 'NONE',  ( -76.00000000000000000, 10.71513610622250745, -28.11862691031603134 ) ) ;
#597 = PLANE ( 'NONE',  #1928 ) ;
#598 = CARTESIAN_POINT ( 'NONE',  ( 46.19397662556434625, 30.00000000000000711, 19.13417161825448076 ) ) ;
#599 = EDGE_CURVE ( 'NONE', #736, #1678, #418, .T. ) ;
#600 = ORIENTED_EDGE ( 'NONE', *, *, #336, .T. ) ;
#601 = DIRECTION ( 'NONE',  ( 0.000000000000000000, 0.000000000000000000, 1.000000000000000000 ) ) ;
#602 = ORIENTED_EDGE ( 'NONE', *, *, #164, .F. ) ;
#603 = EDGE_LOOP ( 'NONE', ( #257, #1199 ) ) ;
#604 = FACE_OUTER_BOUND ( 'NONE', #1029, .T. ) ;
#605 = CARTESIAN_POINT ( 'NONE',  ( -68.00000000000000000, 30.00000000000000711, 56.00000000000000000 ) ) ;
#606 = DIRECTION ( 'NONE',  ( -1.000000000000000000, -0.000000000000000000, -0.000000000000000000 ) ) ;
#607 = FACE_BOUND ( 'NONE', #1847, .T. ) ;
#608 = DIRECTION ( 'NONE',  ( -1.000000000000000000, -0.000000000000000000, -0.000000000000000000 ) ) ;
#609 = EDGE_LOOP ( 'NONE', ( #1475, #390 ) ) ;
#610 = CARTESIAN_POINT ( 'NONE',  ( -68.00000000000000000, -10.71513610622251278, -25.86862691031603134 ) ) ;
#611 = EDGE_LOOP ( 'NONE', ( #1669, #41 ) ) ;
#612 = ADVANCED_FACE ( 'NONE', ( #56, #833 ), #659, .F. ) ;
#613 = DIRECTION ( 'NONE',  ( 0.000000000000000000, 1.000000000000000000, 0.000000000000000000 ) ) ;
#614 = FACE_OUTER_BOUND ( 'NONE', #1153, .T. ) ;
#615 = SECURITY_CLASSIFICATION ( '', '', #1538 ) ;
#616 = DIRECTION ( 'NONE',  ( 0.000000000000000000, 0.000000000000000000, 1.000000000000000000 ) ) ;
#617 = AXIS2_PLACEMENT_3D ( 'NONE', #1603, #1310, #1880 ) ;
#618 = VECTOR ( 'NONE', #503, 1000.000000000000000 ) ;
#619 = FACE_OUTER_BOUND ( 'NONE', #1441, .T. ) ;
#620 = VERTEX_POINT ( 'NONE', #681 ) ;
#621 = CARTESIAN_POINT ( 'NONE',  ( -68.00000000000000000, -10.71513610622251278, -28.11862691031602779 ) ) ;
#622 = EDGE_LOOP ( 'NONE', ( #693, #71, #1842, #432 ) ) ;
#623 = DIRECTION ( 'NONE',  ( 0.000000000000000000, 0.000000000000000000, 1.000000000000000000 ) ) ;
#624 = DATE_AND_TIME ( #1682, #486 ) ;
#625 = CARTESIAN_POINT ( 'NONE',  ( -68.00000000000000000, 0.000000000000000000, 0.000000000000000000 ) ) ;
#626 = CARTESIAN_POINT ( 'NONE',  ( 46.19397662556433914, 20.00000000000000355, -16.38417161825448787 ) ) ;
#627 = ORIENTED_EDGE ( 'NONE', *, *, #1291, .F. ) ;
#628 = CARTESIAN_POINT ( 'NONE',  ( 30.00000000000000000, 30.00000000000000711, 56.00000000000000000 ) ) ;
#629 = EDGE_LOOP ( 'NONE', ( #289, #854, #1316, #337 ) ) ;
#630 = EDGE_CURVE ( 'NONE', #1107, #908, #1721, .T. ) ;
#631 = ORIENTED_EDGE ( 'NONE', *, *, #837, .T. ) ;
#632 = ADVANCED_FACE ( 'NONE', ( #1285 ), #1279, .F. ) ;
#633 = LINE ( 'NONE', #817, #102 ) ;
#635 = ADVANCED_FACE ( 'NONE', ( #916 ), #689, .F. ) ;
#634 = DIRECTION ( 'NONE',  ( 1.000000000000000000, 0.000000000000000000, 0.000000000000000000 ) ) ;
#636 = EDGE_CURVE ( 'NONE', #1359, #341, #1621, .T. ) ;
#637 = ORIENTED_EDGE ( 'NONE', *, *, #1335, .T. ) ;
#638 = ORIENTED_EDGE ( 'NONE', *, *, #268, .F. ) ;
#639 = ORIENTED_EDGE ( 'NONE', *, *, #923, .T. ) ;
#640 = CALENDAR_DATE ( 2026, 24, 9 ) ;
#641 = DIRECTION ( 'NONE',  ( 1.000000000000000000, 0.000000000000000000, 0.000000000000000000 ) ) ;
#642 = CIRCLE ( 'NONE', #386, 6.000000000000000000 ) ;
#643 = CARTESIAN_POINT ( 'NONE',  ( 30.00000000000000000, 30.00000000000000711, -56.00000000000000000 ) ) ;
#644 = VECTOR ( 'NONE', #696, 1000.000000000000000 ) ;
#645 = CIRCLE ( 'NONE', #1249, 2.250000000000000444 ) ;
#646 = ORIENTED_EDGE ( 'NONE', *, *, #1677, .T. ) ;
#647 = EDGE_CURVE ( 'NONE', #1081, #1711, #382, .T. ) ;
#648 = ORIENTED_EDGE ( 'NONE', *, *, #1468, .F. ) ;
#649 = ORIENTED_EDGE ( 'NONE', *, *, #1730, .F. ) ;
#650 = APPROVAL_ROLE ( '' ) ;
#651 = CARTESIAN_POINT ( 'NONE',  ( -68.00000000000000000, 20.00000000000000355, 56.00000000000000000 ) ) ;
#652 = CARTESIAN_POINT ( 'NONE',  ( -76.00000000000000000, 10.71513610622250745, -25.86862691031603134 ) ) ;
#653 = VERTEX_POINT ( 'NONE', #1598 ) ;
#654 = ORIENTED_EDGE ( 'NONE', *, *, #674, .T. ) ;
#655 = ADVANCED_FACE ( 'NONE', ( #1301 ), #1141, .F. ) ;
#656 = ORIENTED_EDGE ( 'NONE', *, *, #1474, .F. ) ;
#657 = DIRECTION ( 'NONE',  ( 1.000000000000000000, 0.000000000000000000, 0.000000000000000000 ) ) ;
#658 = LINE ( 'NONE', #488, #333 ) ;
#659 = PLANE ( 'NONE',  #137 ) ;
#660 = CC_DESIGN_PERSON_AND_ORGANIZATION_ASSIGNMENT ( #1827, #484, ( #417 ) ) ;
#661 = CARTESIAN_POINT ( 'NONE',  ( -76.00000000000000000, 36.00000000000000711, 45.00000000000000000 ) ) ;
#662 = CARTESIAN_POINT ( 'NONE',  ( 46.19397662556433914, 20.00000000000000355, -19.13417161825449142 ) ) ;
#663 = ORIENTED_EDGE ( 'NONE', *, *, #941, .T. ) ;
#664 = ADVANCED_FACE ( 'NONE', ( #1747 ), #244, .F. ) ;
#665 = LINE ( 'NONE', #1565, #584 ) ;
#666 = DIRECTION ( 'NONE',  ( 0.000000000000000000, 0.000000000000000000, 1.000000000000000000 ) ) ;
#667 = CIRCLE ( 'NONE', #175, 2.250000000000000444 ) ;
#668 = FACE_OUTER_BOUND ( 'NONE', #1905, .T. ) ;
#669 = CIRCLE ( 'NONE', #1712, 2.750000000000002665 ) ;
#670 = APPROVAL_PERSON_ORGANIZATION ( #776, #1419, #22 ) ;
#671 = AXIS2_PLACEMENT_3D ( 'NONE', #764, #1654, #1229 ) ;
#672 = DIRECTION ( 'NONE',  ( 0.000000000000000000, 0.000000000000000000, 1.000000000000000000 ) ) ;
#673 = CIRCLE ( 'NONE', #1778, 6.000000000000000000 ) ;
#674 = EDGE_CURVE ( 'NONE', #567, #853, #1912, .T. ) ;
#675 = AXIS2_PLACEMENT_3D ( 'NONE', #25, #277, #1821 ) ;
#676 = DIRECTION ( 'NONE',  ( -1.000000000000000000, -0.000000000000000000, -0.000000000000000000 ) ) ;
#677 = ORIENTED_EDGE ( 'NONE', *, *, #947, .T. ) ;
#678 = CARTESIAN_POINT ( 'NONE',  ( -68.00000000000000000, 25.86862691031603134, 12.96513610622250745 ) ) ;
#679 = CARTESIAN_POINT ( 'NONE',  ( -68.00000000000000000, 10.71513610622250745, -25.86862691031603134 ) ) ;
#680 = EDGE_CURVE ( 'NONE', #45, #1147, #933, .T. ) ;
#681 = CARTESIAN_POINT ( 'NONE',  ( -76.00000000000000000, 36.00000000000000711, -40.00000000000000000 ) ) ;
#682 = CARTESIAN_POINT ( 'NONE',  ( 46.19397662556433914, 20.00000000000000355, -19.13417161825449142 ) ) ;
#683 = FACE_BOUND ( 'NONE', #1573, .T. ) ;
#684 = ORIENTED_EDGE ( 'NONE', *, *, #949, .T. ) ;
#685 = PRODUCT_RELATED_PRODUCT_CATEGORY ( 'detail', '', ( #767 ) ) ;
#686 = DIRECTION ( 'NONE',  ( -0.000000000000000000, -1.000000000000000000, -0.000000000000000000 ) ) ;
#687 = ADVANCED_FACE ( 'NONE', ( #1455 ), #1635, .F. ) ;
#688 = CARTESIAN_POINT ( 'NONE',  ( -19.13417161825447721, 20.00000000000000355, 48.94397662556435336 ) ) ;
#689 = CYLINDRICAL_SURFACE ( 'NONE', #261, 2.250000000000000444 ) ;
#690 = ORIENTED_EDGE ( 'NONE', *, *, #680, .F. ) ;
#691 = UNCERTAINTY_MEASURE_WITH_UNIT (LENGTH_MEASURE( 1.000000000000000082E-05 ), #815, 'distance_accuracy_value', 'NONE');
#692 = LINE ( 'NONE', #404, #1618 ) ;
#693 = ORIENTED_EDGE ( 'NONE', *, *, #680, .T. ) ;
#694 = CARTESIAN_POINT ( 'NONE',  ( 0.000000000000000000, 30.00000000000000711, 0.000000000000000000 ) ) ;
#695 = CARTESIAN_POINT ( 'NONE',  ( -68.00000000000000000, -33.99999999999999289, 45.00000000000000000 ) ) ;
#696 = DIRECTION ( 'NONE',  ( -1.000000000000000000, -0.000000000000000000, -0.000000000000000000 ) ) ;
#697 = CIRCLE ( 'NONE', #893, 13.00000000000000000 ) ;
#698 = EDGE_CURVE ( 'NONE', #1671, #1473, #1312, .T. ) ;
#699 = VECTOR ( 'NONE', #1523, 1000.000000000000000 ) ;
#700 = ORIENTED_EDGE ( 'NONE', *, *, #1763, .T. ) ;
#701 = LOCAL_TIME ( 11, 7, 51.00000000000000000, #1078 ) ;
#702 = AXIS2_PLACEMENT_3D ( 'NONE', #1539, #1257, #1416 ) ;
#703 = ADVANCED_FACE ( 'NONE', ( #1003 ), #1736, .F. ) ;
#704 = VERTEX_POINT ( 'NONE', #237 ) ;
#705 = CIRCLE ( 'NONE', #1494, 2.249999999999998668 ) ;
#706 = CARTESIAN_POINT ( 'NONE',  ( -76.00000000000000000, 25.86862691031602779, -10.71513610622251989 ) ) ;
#707 = ORIENTED_EDGE ( 'NONE', *, *, #530, .F. ) ;
#708 = VECTOR ( 'NONE', #355, 1000.000000000000000 ) ;
#709 = ORIENTED_EDGE ( 'NONE', *, *, #441, .T. ) ;
#710 = CARTESIAN_POINT ( 'NONE',  ( -68.00000000000000000, -10.71513610622251278, -23.61862691031603134 ) ) ;
#711 = DIRECTION ( 'NONE',  ( -1.000000000000000000, -0.000000000000000000, -0.000000000000000000 ) ) ;
#712 = CARTESIAN_POINT ( 'NONE',  ( -76.00000000000000000, -10.71513610622251278, -23.61862691031603134 ) ) ;
#713 = FACE_OUTER_BOUND ( 'NONE', #1339, .T. ) ;
#714 = EDGE_CURVE ( 'NONE', #1382, #370, #1321, .T. ) ;
#715 = VERTEX_POINT ( 'NONE', #858 ) ;
#716 = CARTESIAN_POINT ( 'NONE',  ( 30.00000000000000000, 30.00000000000000711, 56.00000000000000000 ) ) ;
#717 = EDGE_LOOP ( 'NONE', ( #174, #1599 ) ) ;
#718 = EDGE_CURVE ( 'NONE', #416, #1107, #69, .T. ) ;
#719 = ORIENTED_EDGE ( 'NONE', *, *, #1582, .T. ) ;
#720 = CARTESIAN_POINT ( 'NONE',  ( -68.00000000000000000, 0.000000000000000000, 6.000000000000000000 ) ) ;
#721 = CARTESIAN_POINT ( 'NONE',  ( -46.19397662556434625, 30.00000000000000711, 19.13417161825448432 ) ) ;
#722 = DIRECTION ( 'NONE',  ( -0.000000000000000000, -0.000000000000000000, -1.000000000000000000 ) ) ;
#723 = DIRECTION ( 'NONE',  ( 0.000000000000000000, -0.000000000000000000, -1.000000000000000000 ) ) ;
#724 = VERTEX_POINT ( 'NONE', #1764 ) ;
#725 = CARTESIAN_POINT ( 'NONE',  ( -68.00000000000000000, 0.000000000000000000, 0.000000000000000000 ) ) ;
#726 = ORIENTED_EDGE ( 'NONE', *, *, #1253, .F. ) ;
#727 = VERTEX_POINT ( 'NONE', #712 ) ;
#728 = CARTESIAN_POINT ( 'NONE',  ( -73.80000000000001137, 0.000000000000000000, 0.000000000000000000 ) ) ;
#729 = DIRECTION ( 'NONE',  ( -0.000000000000000000, -1.000000000000000000, -0.000000000000000000 ) ) ;
#730 = EDGE_CURVE ( 'NONE', #853, #1535, #1930, .T. ) ;
#731 = FACE_OUTER_BOUND ( 'NONE', #1092, .T. ) ;
#732 = CARTESIAN_POINT ( 'NONE',  ( 0.000000000000000000, 30.00000000000000711, 0.000000000000000000 ) ) ;
#733 = CIRCLE ( 'NONE', #1208, 2.250000000000000444 ) ;
#734 = ORIENTED_EDGE ( 'NONE', *, *, #1190, .T. ) ;
#735 = DIRECTION ( 'NONE',  ( -1.000000000000000000, 0.000000000000000000, -0.000000000000000000 ) ) ;
#736 = VERTEX_POINT ( 'NONE', #266 ) ;
#737 = CC_DESIGN_APPROVAL ( #1419, ( #417 ) ) ;
#738 = AXIS2_PLACEMENT_3D ( 'NONE', #1136, #972, #58 ) ;
#739 = ORIENTED_EDGE ( 'NONE', *, *, #158, .F. ) ;
#740 = CIRCLE ( 'NONE', #100, 2.750000000000002665 ) ;
#741 = DIRECTION ( 'NONE',  ( 0.000000000000000000, 1.000000000000000000, 0.000000000000000000 ) ) ;
#742 = CIRCLE ( 'NONE', #14, 2.250000000000000444 ) ;
#743 = DIRECTION ( 'NONE',  ( 0.7071067811865474617, -0.000000000000000000, -0.7071067811865474617 ) ) ;
#744 = CARTESIAN_POINT ( 'NONE',  ( -46.19397662556434625, 20.00000000000000355, 19.13417161825448432 ) ) ;
#746 = ADVANCED_FACE ( 'NONE', ( #871 ), #1169, .F. ) ;
#745 = CARTESIAN_POINT ( 'NONE',  ( -76.00000000000000000, -33.99999999999999289, 45.00000000000000000 ) ) ;
#747 = CARTESIAN_POINT ( 'NONE',  ( 0.000000000000000000, 20.00000000000000355, 0.000000000000000000 ) ) ;
#748 = ORIENTED_EDGE ( 'NONE', *, *, #1240, .F. ) ;
#749 = CARTESIAN_POINT ( 'NONE',  ( -68.00000000000000000, -10.71513610622251278, -25.86862691031603134 ) ) ;
#750 = EDGE_LOOP ( 'NONE', ( #1041, #1680 ) ) ;
#751 = ORIENTED_EDGE ( 'NONE', *, *, #1737, .F. ) ;
#752 = DIRECTION ( 'NONE',  ( 0.000000000000000000, 0.000000000000000000, -1.000000000000000000 ) ) ;
#753 = DIRECTION ( 'NONE',  ( 0.000000000000000000, 0.000000000000000000, 1.000000000000000000 ) ) ;
#754 = CARTESIAN_POINT ( 'NONE',  ( -68.00000000000000000, -25.86862691031603134, 10.71513610622251100 ) ) ;
#755 = DIRECTION ( 'NONE',  ( -1.000000000000000000, 0.000000000000000000, -0.000000000000000000 ) ) ;
#756 = ADVANCED_FACE ( 'NONE', ( #731 ), #586, .F. ) ;
#757 = CARTESIAN_POINT ( 'NONE',  ( 0.000000000000000000, 20.00000000000000355, 0.000000000000000000 ) ) ;
#758 = ORIENTED_EDGE ( 'NONE', *, *, #1002, .T. ) ;
#759 = EDGE_CURVE ( 'NONE', #1327, #1703, #1055, .T. ) ;
#760 = CARTESIAN_POINT ( 'NONE',  ( -68.00000000000000000, -25.86862691031603134, 8.465136106222511003 ) ) ;
#761 = EDGE_LOOP ( 'NONE', ( #726, #758, #1304, #851 ) ) ;
#762 = CARTESIAN_POINT ( 'NONE',  ( -68.00000000000000000, 25.86862691031602779, -8.465136106222519885 ) ) ;
#763 = FACE_OUTER_BOUND ( 'NONE', #1099, .T. ) ;
#764 = CARTESIAN_POINT ( 'NONE',  ( -76.00000000000000000, -10.71513610622251633, 25.86862691031603134 ) ) ;
#765 = FACE_OUTER_BOUND ( 'NONE', #350, .T. ) ;
#766 = LINE ( 'NONE', #1367, #135 ) ;
#767 = PRODUCT ( 'JX1_HipRollBracket_R', 'JX1_HipRollBracket_R', '', ( #1860 ) ) ;
#768 = VERTEX_POINT ( 'NONE', #1046 ) ;
#769 = CARTESIAN_POINT ( 'NONE',  ( -76.00000000000000000, 36.00000000000000711, 45.00000000000000000 ) ) ;
#770 = ORIENTED_EDGE ( 'NONE', *, *, #1720, .T. ) ;
#771 = VECTOR ( 'NONE', #1934, 1000.000000000000000 ) ;
#772 = ADVANCED_FACE ( 'NONE', ( #1806 ), #287, .F. ) ;
#773 = VECTOR ( 'NONE', #392, 1000.000000000000000 ) ;
#774 = AXIS2_PLACEMENT_3D ( 'NONE', #1164, #1801, #1662 ) ;
#775 = FACE_OUTER_BOUND ( 'NONE', #144, .T. ) ;
#776 = PERSON_AND_ORGANIZATION ( #1100, #1454 ) ;
#777 = AXIS2_PLACEMENT_3D ( 'NONE', #112, #1796, #1363 ) ;
#778 = AXIS2_PLACEMENT_3D ( 'NONE', #1151, #1754, #105 ) ;
#779 = DIRECTION ( 'NONE',  ( 0.000000000000000000, 1.000000000000000000, 0.000000000000000000 ) ) ;
#780 = AXIS2_PLACEMENT_3D ( 'NONE', #694, #1283, #101 ) ;
#781 = CARTESIAN_POINT ( 'NONE',  ( -76.00000000000000000, -10.71513610622251278, -28.11862691031602779 ) ) ;
#782 = AXIS2_PLACEMENT_3D ( 'NONE', #1284, #1290, #561 ) ;
#783 = ORIENTED_EDGE ( 'NONE', *, *, #1267, .T. ) ;
#784 = CARTESIAN_POINT ( 'NONE',  ( -46.19397662556434625, 30.00000000000000711, 21.88417161825448787 ) ) ;
#785 = EDGE_CURVE ( 'NONE', #1252, #474, #1355, .T. ) ;
#786 = ORIENTED_EDGE ( 'NONE', *, *, #1331, .F. ) ;
#787 = EDGE_CURVE ( 'NONE', #1755, #1463, #477, .T. ) ;
#788 = ORIENTED_EDGE ( 'NONE', *, *, #1851, .T. ) ;
#789 = EDGE_CURVE ( 'NONE', #192, #1163, #197, .T. ) ;
#790 = DIRECTION ( 'NONE',  ( 0.000000000000000000, 0.000000000000000000, -1.000000000000000000 ) ) ;
#791 = DIRECTION ( 'NONE',  ( 0.000000000000000000, 0.000000000000000000, 1.000000000000000000 ) ) ;
#792 = DIRECTION ( 'NONE',  ( 1.000000000000000000, 0.000000000000000000, 0.000000000000000000 ) ) ;
#793 = ORIENTED_EDGE ( 'NONE', *, *, #1536, .T. ) ;
#794 = ORIENTED_EDGE ( 'NONE', *, *, #1213, .T. ) ;
#795 = VERTEX_POINT ( 'NONE', #1953 ) ;
#796 = COORDINATED_UNIVERSAL_TIME_OFFSET ( 5, 30, .AHEAD. ) ;
#797 = DIRECTION ( 'NONE',  ( 0.000000000000000000, 0.000000000000000000, -1.000000000000000000 ) ) ;
#798 = LINE ( 'NONE', #1080, #1336 ) ;
#799 = ADVANCED_FACE ( 'NONE', ( #1377 ), #445, .F. ) ;
#800 = ORIENTED_EDGE ( 'NONE', *, *, #1571, .T. ) ;
#801 = EDGE_LOOP ( 'NONE', ( #953, #1493, #788, #820 ) ) ;
#802 = EDGE_LOOP ( 'NONE', ( #1484, #1855, #1102, #1461 ) ) ;
#803 = CIRCLE ( 'NONE', #1892, 2.750000000000002665 ) ;
#804 = CALENDAR_DATE ( 2026, 24, 9 ) ;
#805 = DIRECTION ( 'NONE',  ( 0.000000000000000000, 0.000000000000000000, -1.000000000000000000 ) ) ;
#806 = VECTOR ( 'NONE', #316, 1000.000000000000000 ) ;
#807 = AXIS2_PLACEMENT_3D ( 'NONE', #1446, #995, #1903 ) ;
#808 = DIRECTION ( 'NONE',  ( -1.000000000000000000, 0.000000000000000000, 0.000000000000000000 ) ) ;
#809 = VECTOR ( 'NONE', #1838, 1000.000000000000000 ) ;
#810 = EDGE_CURVE ( 'NONE', #847, #1612, #458, .T. ) ;
#811 = AXIS2_PLACEMENT_3D ( 'NONE', #1451, #983, #83 ) ;
#812 = EDGE_LOOP ( 'NONE', ( #861, #349, #1282, #498 ) ) ;
#813 = ORIENTED_EDGE ( 'NONE', *, *, #564, .F. ) ;
#814 = ORIENTED_EDGE ( 'NONE', *, *, #215, .T. ) ;
#815 =( LENGTH_UNIT ( ) NAMED_UNIT ( * ) SI_UNIT ( .MILLI., .METRE. ) );
#816 = CC_DESIGN_DATE_AND_TIME_ASSIGNMENT ( #345, #1246, ( #615 ) ) ;
#817 = CARTESIAN_POINT ( 'NONE',  ( -68.00000000000000000, 30.00000000000000711, 56.00000000000000000 ) ) ;
#818 = CYLINDRICAL_SURFACE ( 'NONE', #1459, 2.749999999999995559 ) ;
#819 = DIRECTION ( 'NONE',  ( -0.000000000000000000, -1.000000000000000000, -0.000000000000000000 ) ) ;
#820 = ORIENTED_EDGE ( 'NONE', *, *, #20, .F. ) ;
#821 = EDGE_LOOP ( 'NONE', ( #649, #1485 ) ) ;
#822 = DIRECTION ( 'NONE',  ( 0.000000000000000000, 1.000000000000000000, 0.000000000000000000 ) ) ;
#823 = CARTESIAN_POINT ( 'NONE',  ( 56.00000000000000000, 20.00000000000000355, -30.00000000000000000 ) ) ;
#824 = CARTESIAN_POINT ( 'NONE',  ( -68.00000000000000000, 36.00000000000000711, -40.00000000000000000 ) ) ;
#825 = DIRECTION ( 'NONE',  ( 0.000000000000000000, 0.000000000000000000, 1.000000000000000000 ) ) ;
#826 = LINE ( 'NONE', #555, #67 ) ;
#827 = ORIENTED_EDGE ( 'NONE', *, *, #130, .F. ) ;
#828 = ADVANCED_FACE ( 'NONE', ( #1488 ), #911, .F. ) ;
#829 = ORIENTED_EDGE ( 'NONE', *, *, #1597, .F. ) ;
#830 = DIRECTION ( 'NONE',  ( 0.000000000000000000, 0.000000000000000000, -1.000000000000000000 ) ) ;
#831 = CARTESIAN_POINT ( 'NONE',  ( -68.00000000000000000, 7.347880794884119736E-16, -6.000000000000000000 ) ) ;
#832 = AXIS2_PLACEMENT_3D ( 'NONE', #148, #446, #1207 ) ;
#833 = FACE_OUTER_BOUND ( 'NONE', #821, .T. ) ;
#834 = AXIS2_PLACEMENT_3D ( 'NONE', #1589, #85, #1292 ) ;
#835 = DIRECTION ( 'NONE',  ( -1.000000000000000000, -0.000000000000000000, -0.000000000000000000 ) ) ;
#836 = CIRCLE ( 'NONE', #811, 2.249999999999998668 ) ;
#837 = EDGE_CURVE ( 'NONE', #1678, #1704, #1079, .T. ) ;
#838 = CARTESIAN_POINT ( 'NONE',  ( -46.19397662556434625, 30.00000000000000711, 16.38417161825448076 ) ) ;
#839 = ORIENTED_EDGE ( 'NONE', *, *, #1159, .F. ) ;
#840 = ADVANCED_FACE ( 'NONE', ( #1060 ), #326, .F. ) ;
#841 = DIRECTION ( 'NONE',  ( 0.000000000000000000, 0.000000000000000000, 1.000000000000000000 ) ) ;
#842 = FACE_OUTER_BOUND ( 'NONE', #761, .T. ) ;
#843 = EDGE_CURVE ( 'NONE', #1740, #483, #514, .T. ) ;
#844 = CARTESIAN_POINT ( 'NONE',  ( -68.00000000000000000, 10.71513610622250745, -25.86862691031603134 ) ) ;
#845 = ORIENTED_EDGE ( 'NONE', *, *, #1038, .F. ) ;
#846 = CARTESIAN_POINT ( 'NONE',  ( -73.80000000000001137, 0.000000000000000000, 22.14999999999999858 ) ) ;
#847 = VERTEX_POINT ( 'NONE', #1385 ) ;
#848 = LINE ( 'NONE', #1138, #263 ) ;
#849 = DIRECTION ( 'NONE',  ( 1.000000000000000000, 0.000000000000000000, 0.000000000000000000 ) ) ;
#850 = CARTESIAN_POINT ( 'NONE',  ( -68.00000000000000000, 30.00000000000000711, 56.00000000000000000 ) ) ;
#851 = ORIENTED_EDGE ( 'NONE', *, *, #980, .F. ) ;
#852 = CARTESIAN_POINT ( 'NONE',  ( -19.13417161825447721, 30.00000000000000711, 43.44397662556434625 ) ) ;
#853 = VERTEX_POINT ( 'NONE', #1674 ) ;
#854 = ORIENTED_EDGE ( 'NONE', *, *, #1619, .T. ) ;
#855 = DIRECTION ( 'NONE',  ( -0.000000000000000000, -1.000000000000000000, -0.000000000000000000 ) ) ;
#856 = CARTESIAN_POINT ( 'NONE',  ( -19.13417161825447721, 20.00000000000000355, 46.19397662556434625 ) ) ;
#857 = ADVANCED_FACE ( 'NONE', ( #308 ), #30, .F. ) ;
#858 = CARTESIAN_POINT ( 'NONE',  ( -68.00000000000000000, -10.71513610622251633, 28.11862691031602779 ) ) ;
#859 = AXIS2_PLACEMENT_3D ( 'NONE', #706, #1268, #1128 ) ;
#860 = EDGE_CURVE ( 'NONE', #363, #1715, #1526, .T. ) ;
#861 = ORIENTED_EDGE ( 'NONE', *, *, #630, .F. ) ;
#862 = AXIS2_PLACEMENT_3D ( 'NONE', #1883, #531, #313 ) ;
#863 = ORIENTED_EDGE ( 'NONE', *, *, #914, .F. ) ;
#864 = AXIS2_PLACEMENT_3D ( 'NONE', #1708, #967, #223 ) ;
#865 = FACE_OUTER_BOUND ( 'NONE', #504, .T. ) ;
#866 = ORIENTED_EDGE ( 'NONE', *, *, #718, .F. ) ;
#867 = CIRCLE ( 'NONE', #66, 2.750000000000002665 ) ;
#868 = ORIENTED_EDGE ( 'NONE', *, *, #4, .F. ) ;
#869 = CARTESIAN_POINT ( 'NONE',  ( -68.00000000000000000, 36.00000000000000711, -40.00000000000000000 ) ) ;
#870 = DIRECTION ( 'NONE',  ( 1.000000000000000000, 0.000000000000000000, 0.000000000000000000 ) ) ;
#871 = FACE_OUTER_BOUND ( 'NONE', #622, .T. ) ;
#872 = DIRECTION ( 'NONE',  ( 1.000000000000000000, 0.000000000000000000, 0.000000000000000000 ) ) ;
#873 = EDGE_LOOP ( 'NONE', ( #1914, #396, #1770, #209 ) ) ;
#874 = CARTESIAN_POINT ( 'NONE',  ( 19.13417161825450208, 30.00000000000000711, 48.94397662556433914 ) ) ;
#875 = ORIENTED_EDGE ( 'NONE', *, *, #941, .F. ) ;
#876 = EDGE_CURVE ( 'NONE', #177, #284, #1931, .T. ) ;
#877 = ORIENTED_EDGE ( 'NONE', *, *, #904, .T. ) ;
#878 = LINE ( 'NONE', #241, #1056 ) ;
#879 = DIRECTION ( 'NONE',  ( 0.000000000000000000, 0.000000000000000000, 1.000000000000000000 ) ) ;
#880 = DIRECTION ( 'NONE',  ( 1.000000000000000000, -0.000000000000000000, 0.000000000000000000 ) ) ;
#881 = CARTESIAN_POINT ( 'NONE',  ( -68.00000000000000000, -10.71513610622251633, 23.61862691031603134 ) ) ;
#882 = DIRECTION ( 'NONE',  ( 0.000000000000000000, 0.000000000000000000, 1.000000000000000000 ) ) ;
#883 = EDGE_LOOP ( 'NONE', ( #1575, #684, #1317, #343 ) ) ;
#884 = CARTESIAN_POINT ( 'NONE',  ( -19.13417161825448787, 30.00000000000000711, -46.19397662556433914 ) ) ;
#885 = ORIENTED_EDGE ( 'NONE', *, *, #1893, .F. ) ;
#886 = ORIENTED_EDGE ( 'NONE', *, *, #914, .T. ) ;
#887 = EDGE_CURVE ( 'NONE', #1733, #1193, #330, .T. ) ;
#888 = CARTESIAN_POINT ( 'NONE',  ( 46.19397662556433914, 30.00000000000000711, -19.13417161825449142 ) ) ;
#889 = DIRECTION ( 'NONE',  ( 0.000000000000000000, 1.000000000000000000, 0.000000000000000000 ) ) ;
#890 = CARTESIAN_POINT ( 'NONE',  ( -68.00000000000000000, 36.00000000000000711, -40.00000000000000000 ) ) ;
#891 = CARTESIAN_POINT ( 'NONE',  ( -46.19397662556433914, 30.00000000000000711, -21.88417161825449853 ) ) ;
#892 = DIRECTION ( 'NONE',  ( 1.000000000000000000, 0.000000000000000000, 0.000000000000000000 ) ) ;
#893 = AXIS2_PLACEMENT_3D ( 'NONE', #1313, #1921, #1668 ) ;
#894 = ORIENTED_EDGE ( 'NONE', *, *, #310, .F. ) ;
#895 = CARTESIAN_POINT ( 'NONE',  ( -46.19397662556434625, 20.00000000000000355, 19.13417161825448432 ) ) ;
#896 = ORIENTED_EDGE ( 'NONE', *, *, #1765, .F. ) ;
#897 = CIRCLE ( 'NONE', #930, 2.750000000000002665 ) ;
#898 = ORIENTED_EDGE ( 'NONE', *, *, #4, .T. ) ;
#899 = AXIS2_PLACEMENT_3D ( 'NONE', #625, #1943, #1035 ) ;
#900 = DIRECTION ( 'NONE',  ( 0.000000000000000000, 0.000000000000000000, -1.000000000000000000 ) ) ;
#901 = CIRCLE ( 'NONE', #1623, 2.250000000000000444 ) ;
#902 = CARTESIAN_POINT ( 'NONE',  ( -68.00000000000000000, -10.71513610622251278, -28.11862691031602779 ) ) ;
#903 = DIRECTION ( 'NONE',  ( -0.7071067811865474617, -0.000000000000000000, -0.7071067811865474617 ) ) ;
#904 = EDGE_CURVE ( 'NONE', #957, #1314, #740, .T. ) ;
#905 = CARTESIAN_POINT ( 'NONE',  ( 19.13417161825450208, 20.00000000000000355, 46.19397662556433204 ) ) ;
#906 = ORIENTED_EDGE ( 'NONE', *, *, #1828, .T. ) ;
#907 = CARTESIAN_POINT ( 'NONE',  ( -76.00000000000000000, -25.86862691031603134, 10.71513610622251100 ) ) ;
#908 = VERTEX_POINT ( 'NONE', #596 ) ;
#909 = CYLINDRICAL_SURFACE ( 'NONE', #139, 2.750000000000002665 ) ;
#910 = DIRECTION ( 'NONE',  ( -0.000000000000000000, -1.000000000000000000, -0.000000000000000000 ) ) ;
#911 = CYLINDRICAL_SURFACE ( 'NONE', #1275, 2.250000000000000444 ) ;
#912 = DIRECTION ( 'NONE',  ( 0.000000000000000000, 1.000000000000000000, 0.000000000000000000 ) ) ;
#913 = CARTESIAN_POINT ( 'NONE',  ( -68.00000000000000000, 30.00000000000000711, 56.00000000000000000 ) ) ;
#914 = EDGE_CURVE ( 'NONE', #34, #1359, #1691, .T. ) ;
#915 = ORIENTED_EDGE ( 'NONE', *, *, #1114, .F. ) ;
#916 = FACE_OUTER_BOUND ( 'NONE', #1447, .T. ) ;
#917 = VERTEX_POINT ( 'NONE', #211 ) ;
#918 = CARTESIAN_POINT ( 'NONE',  ( -46.19397662556434625, 20.00000000000000355, 21.88417161825448787 ) ) ;
#919 = DIRECTION ( 'NONE',  ( -0.7071067811865475727, 0.000000000000000000, 0.7071067811865475727 ) ) ;
#920 = CARTESIAN_POINT ( 'NONE',  ( -73.80000000000001137, 0.000000000000000000, 0.000000000000000000 ) ) ;
#921 = DIRECTION ( 'NONE',  ( 0.000000000000000000, 0.000000000000000000, -1.000000000000000000 ) ) ;
#922 = EDGE_CURVE ( 'NONE', #190, #1252, #43, .T. ) ;
#923 = EDGE_CURVE ( 'NONE', #1129, #51, #1701, .T. ) ;
#924 = VERTEX_POINT ( 'NONE', #1717 ) ;
#925 = CARTESIAN_POINT ( 'NONE',  ( 19.13417161825449497, 20.00000000000000355, -46.19397662556433914 ) ) ;
#926 = VERTEX_POINT ( 'NONE', #1088 ) ;
#927 = VECTOR ( 'NONE', #835, 1000.000000000000000 ) ;
#928 = ADVANCED_FACE ( 'NONE', ( #1238 ), #347, .F. ) ;
#929 = AXIS2_PLACEMENT_3D ( 'NONE', #1098, #951, #1546 ) ;
#930 = AXIS2_PLACEMENT_3D ( 'NONE', #895, #1948, #601 ) ;
#931 = EDGE_LOOP ( 'NONE', ( #1922, #952, #1437, #1235 ) ) ;
#932 = FACE_OUTER_BOUND ( 'NONE', #271, .T. ) ;
#933 = CIRCLE ( 'NONE', #1898, 2.249999999999998668 ) ;
#934 = DIRECTION ( 'NONE',  ( 1.000000000000000000, 0.000000000000000000, 0.000000000000000000 ) ) ;
#935 = DIRECTION ( 'NONE',  ( 0.000000000000000000, 1.000000000000000000, 0.000000000000000000 ) ) ;
#936 = DIRECTION ( 'NONE',  ( 0.000000000000000000, 0.000000000000000000, 1.000000000000000000 ) ) ;
#937 = VECTOR ( 'NONE', #1882, 1000.000000000000000 ) ;
#938 = ORIENTED_EDGE ( 'NONE', *, *, #1184, .T. ) ;
#939 = EDGE_LOOP ( 'NONE', ( #1351, #1482, #1288, #558 ) ) ;
#940 = ORIENTED_EDGE ( 'NONE', *, *, #1135, .F. ) ;
#941 = EDGE_CURVE ( 'NONE', #1176, #768, #1545, .T. ) ;
#942 = PERSON_AND_ORGANIZATION_ROLE ( 'design_supplier' ) ;
#943 = DIRECTION ( 'NONE',  ( -1.000000000000000000, -0.000000000000000000, -0.000000000000000000 ) ) ;
#944 = CARTESIAN_POINT ( 'NONE',  ( -19.13417161825448787, 30.00000000000000711, -48.94397662556433914 ) ) ;
#945 = ORIENTED_EDGE ( 'NONE', *, *, #1707, .T. ) ;
#946 = ORIENTED_EDGE ( 'NONE', *, *, #636, .F. ) ;
#947 = EDGE_CURVE ( 'NONE', #847, #1535, #1264, .T. ) ;
#948 = ORIENTED_EDGE ( 'NONE', *, *, #268, .T. ) ;
#949 = EDGE_CURVE ( 'NONE', #1692, #653, #188, .T. ) ;
#950 = DIRECTION ( 'NONE',  ( 1.000000000000000000, 0.000000000000000000, 0.000000000000000000 ) ) ;
#951 = DIRECTION ( 'NONE',  ( -1.000000000000000000, 0.000000000000000000, -0.000000000000000000 ) ) ;
#952 = ORIENTED_EDGE ( 'NONE', *, *, #1253, .T. ) ;
#953 = ORIENTED_EDGE ( 'NONE', *, *, #787, .F. ) ;
#954 = ORIENTED_EDGE ( 'NONE', *, *, #1730, .T. ) ;
#955 = DIRECTION ( 'NONE',  ( -0.000000000000000000, -1.000000000000000000, -0.000000000000000000 ) ) ;
#956 = VECTOR ( 'NONE', #1442, 1000.000000000000000 ) ;
#957 = VERTEX_POINT ( 'NONE', #1873 ) ;
#958 = CARTESIAN_POINT ( 'NONE',  ( -76.00000000000000000, 0.000000000000000000, 0.000000000000000000 ) ) ;
#959 = VECTOR ( 'NONE', #1478, 1000.000000000000114 ) ;
#960 = VECTOR ( 'NONE', #903, 1000.000000000000114 ) ;
#961 = CYLINDRICAL_SURFACE ( 'NONE', #1718, 22.14999999999999858 ) ;
#962 = AXIS2_PLACEMENT_3D ( 'NONE', #958, #1576, #830 ) ;
#963 = LINE ( 'NONE', #621, #544 ) ;
#964 = CIRCLE ( 'NONE', #235, 2.249999999999998668 ) ;
#965 = ORIENTED_EDGE ( 'NONE', *, *, #1942, .T. ) ;
#966 = EDGE_LOOP ( 'NONE', ( #1602, #413, #431, #1859 ) ) ;
#967 = DIRECTION ( 'NONE',  ( 1.000000000000000000, 0.000000000000000000, 0.000000000000000000 ) ) ;
#968 = CARTESIAN_POINT ( 'NONE',  ( 19.13417161825449497, 20.00000000000000355, -48.94397662556433914 ) ) ;
#969 = CARTESIAN_POINT ( 'NONE',  ( 46.19397662556434625, 30.00000000000000711, 16.38417161825447721 ) ) ;
#970 = EDGE_CURVE ( 'NONE', #282, #1308, #705, .T. ) ;
#971 = ORIENTED_EDGE ( 'NONE', *, *, #1560, .F. ) ;
#972 = DIRECTION ( 'NONE',  ( 0.000000000000000000, 0.000000000000000000, -1.000000000000000000 ) ) ;
#973 = ORIENTED_EDGE ( 'NONE', *, *, #505, .F. ) ;
#974 = CYLINDRICAL_SURFACE ( 'NONE', #1340, 2.750000000000002665 ) ;
#975 = DIRECTION ( 'NONE',  ( -1.000000000000000000, -0.000000000000000000, -0.000000000000000000 ) ) ;
#976 = EDGE_CURVE ( 'NONE', #567, #847, #665, .T. ) ;
#977 = DIRECTION ( 'NONE',  ( -1.000000000000000000, 0.000000000000000000, 0.000000000000000000 ) ) ;
#978 = EDGE_CURVE ( 'NONE', #1938, #341, #459, .T. ) ;
#979 = ORIENTED_EDGE ( 'NONE', *, *, #120, .T. ) ;
#980 = EDGE_CURVE ( 'NONE', #1844, #370, #1812, .T. ) ;
#981 = CARTESIAN_POINT ( 'NONE',  ( 56.00000000000000000, 30.00000000000000711, -30.00000000000000000 ) ) ;
#982 = ORIENTED_EDGE ( 'NONE', *, *, #636, .T. ) ;
#983 = DIRECTION ( 'NONE',  ( 1.000000000000000000, 0.000000000000000000, 0.000000000000000000 ) ) ;
#984 = CARTESIAN_POINT ( 'NONE',  ( -68.00000000000000000, -25.86862691031603134, -8.465136106222514556 ) ) ;
#985 = VECTOR ( 'NONE', #1596, 1000.000000000000000 ) ;
#986 = DIRECTION ( 'NONE',  ( 0.000000000000000000, 0.000000000000000000, -1.000000000000000000 ) ) ;
#987 = VECTOR ( 'NONE', #1234, 1000.000000000000000 ) ;
#988 = AXIS2_PLACEMENT_3D ( 'NONE', #297, #1829, #1820 ) ;
#989 = AXIS2_PLACEMENT_3D ( 'NONE', #1681, #433, #1672 ) ;
#990 = PLANE ( 'NONE',  #1210 ) ;
#991 = EDGE_LOOP ( 'NONE', ( #639, #557, #1349, #1784 ) ) ;
#992 = EDGE_CURVE ( 'NONE', #917, #117, #1122, .T. ) ;
#993 = DIRECTION ( 'NONE',  ( 0.000000000000000000, 0.000000000000000000, -1.000000000000000000 ) ) ;
#994 = LINE ( 'NONE', #103, #985 ) ;
#995 = DIRECTION ( 'NONE',  ( 1.000000000000000000, -0.000000000000000000, 0.000000000000000000 ) ) ;
#996 = CARTESIAN_POINT ( 'NONE',  ( -68.00000000000000000, 36.00000000000000711, -40.00000000000000000 ) ) ;
#997 = CARTESIAN_POINT ( 'NONE',  ( -68.00000000000000000, 0.000000000000000000, 0.000000000000000000 ) ) ;
#998 = EDGE_LOOP ( 'NONE', ( #202, #252 ) ) ;
#999 = ORIENTED_EDGE ( 'NONE', *, *, #68, .T. ) ;
#1000 = DIRECTION ( 'NONE',  ( 1.000000000000000000, 0.000000000000000000, 0.000000000000000000 ) ) ;
#1001 = LINE ( 'NONE', #831, #1559 ) ;
#1002 = EDGE_CURVE ( 'NONE', #379, #1382, #645, .T. ) ;
#1003 = FACE_OUTER_BOUND ( 'NONE', #1529, .T. ) ;
#1004 = LINE ( 'NONE', #1152, #927 ) ;
#1005 = EDGE_LOOP ( 'NONE', ( #1748, #219, #709, #1203 ) ) ;
#1006 = FACE_OUTER_BOUND ( 'NONE', #991, .T. ) ;
#1007 = ORIENTED_EDGE ( 'NONE', *, *, #1816, .F. ) ;
#1008 = ORIENTED_EDGE ( 'NONE', *, *, #346, .T. ) ;
#1009 = CARTESIAN_POINT ( 'NONE',  ( 1.592040838891559095E-15, 20.00000000000000355, 13.00000000000000000 ) ) ;
#1010 = CARTESIAN_POINT ( 'NONE',  ( -68.00000000000000000, 30.00000000000000711, 56.00000000000000000 ) ) ;
#1011 = CARTESIAN_POINT ( 'NONE',  ( 56.00000000000000000, 20.00000000000000355, -30.00000000000000000 ) ) ;
#1012 = ADVANCED_FACE ( 'NONE', ( #1727 ), #974, .F. ) ;
#1013 = AXIS2_PLACEMENT_3D ( 'NONE', #1779, #575, #1174 ) ;
#1014 = AXIS2_PLACEMENT_3D ( 'NONE', #1566, #1417, #1105 ) ;
#1015 = CIRCLE ( 'NONE', #170, 2.249999999999998668 ) ;
#1016 = DIRECTION ( 'NONE',  ( 0.000000000000000000, 0.000000000000000000, 1.000000000000000000 ) ) ;
#1017 = ORIENTED_EDGE ( 'NONE', *, *, #1217, .F. ) ;
#1018 = AXIS2_PLACEMENT_3D ( 'NONE', #888, #741, #623 ) ;
#1019 = LINE ( 'NONE', #1937, #1337 ) ;
#1020 = ORIENTED_EDGE ( 'NONE', *, *, #1605, .F. ) ;
#1021 = VECTOR ( 'NONE', #367, 1000.000000000000000 ) ;
#1022 = EDGE_LOOP ( 'NONE', ( #1833, #1260 ) ) ;
#1023 = FACE_OUTER_BOUND ( 'NONE', #1398, .T. ) ;
#1024 = DIRECTION ( 'NONE',  ( 0.000000000000000000, 0.000000000000000000, -1.000000000000000000 ) ) ;
#1025 = CC_DESIGN_PERSON_AND_ORGANIZATION_ASSIGNMENT ( #352, #1407, ( #767 ) ) ;
#1026 = DIRECTION ( 'NONE',  ( -1.000000000000000000, -0.000000000000000000, -0.000000000000000000 ) ) ;
#1027 = CARTESIAN_POINT ( 'NONE',  ( -73.80000000000001137, 7.347880794884119736E-16, -6.000000000000000000 ) ) ;
#1028 = CARTESIAN_POINT ( 'NONE',  ( -68.00000000000000000, 25.86862691031602779, -10.71513610622251989 ) ) ;
#1029 = EDGE_LOOP ( 'NONE', ( #1, #465, #1909, #245 ) ) ;
#1030 = FACE_OUTER_BOUND ( 'NONE', #1412, .T. ) ;
#1031 = EDGE_LOOP ( 'NONE', ( #1601, #783 ) ) ;
#1032 = VERTEX_POINT ( 'NONE', #1104 ) ;
#1033 = CARTESIAN_POINT ( 'NONE',  ( -73.80000000000001137, 0.000000000000000000, 0.000000000000000000 ) ) ;
#1034 = DIRECTION ( 'NONE',  ( 0.000000000000000000, 0.000000000000000000, -1.000000000000000000 ) ) ;
#1035 = DIRECTION ( 'NONE',  ( 0.000000000000000000, 0.000000000000000000, 1.000000000000000000 ) ) ;
#1036 = FACE_OUTER_BOUND ( 'NONE', #1871, .T. ) ;
#1037 = DIRECTION ( 'NONE',  ( -0.000000000000000000, -1.000000000000000000, -0.000000000000000000 ) ) ;
#1038 = EDGE_CURVE ( 'NONE', #183, #715, #1303, .T. ) ;
#1039 = VERTEX_POINT ( 'NONE', #354 ) ;
#1040 = CARTESIAN_POINT ( 'NONE',  ( -76.00000000000000000, -33.99999999999999289, 45.00000000000000000 ) ) ;
#1041 = ORIENTED_EDGE ( 'NONE', *, *, #922, .F. ) ;
#1042 = ORIENTED_EDGE ( 'NONE', *, *, #1851, .F. ) ;
#1043 = DIRECTION ( 'NONE',  ( 0.000000000000000000, 0.000000000000000000, -1.000000000000000000 ) ) ;
#1044 = EDGE_CURVE ( 'NONE', #1193, #1733, #490, .T. ) ;
#1045 = CARTESIAN_POINT ( 'NONE',  ( 30.00000000000000000, 30.00000000000000711, 56.00000000000000000 ) ) ;
#1046 = CARTESIAN_POINT ( 'NONE',  ( -76.00000000000000000, 25.86862691031603134, 12.96513610622250745 ) ) ;
#1047 = FACE_OUTER_BOUND ( 'NONE', #1106, .T. ) ;
#1048 = CIRCLE ( 'NONE', #131, 2.750000000000002665 ) ;
#1049 = DIRECTION ( 'NONE',  ( 0.000000000000000000, 0.000000000000000000, 1.000000000000000000 ) ) ;
#1050 = VECTOR ( 'NONE', #1580, 1000.000000000000000 ) ;
#1051 = ORIENTED_EDGE ( 'NONE', *, *, #1477, .T. ) ;
#1052 = DIRECTION ( 'NONE',  ( -1.000000000000000000, -0.000000000000000000, -0.000000000000000000 ) ) ;
#1053 = ORIENTED_EDGE ( 'NONE', *, *, #18, .T. ) ;
#1054 = CIRCLE ( 'NONE', #1525, 2.750000000000002665 ) ;
#1055 = CIRCLE ( 'NONE', #671, 2.249999999999998668 ) ;
#1056 = VECTOR ( 'NONE', #570, 1000.000000000000000 ) ;
#1057 = CARTESIAN_POINT ( 'NONE',  ( -68.00000000000000000, 25.86862691031603134, 10.71513610622250745 ) ) ;
#1058 = AXIS2_PLACEMENT_3D ( 'NONE', #485, #641, #805 ) ;
#1059 = DIRECTION ( 'NONE',  ( -1.000000000000000000, -0.000000000000000000, -0.000000000000000000 ) ) ;
#1060 = FACE_OUTER_BOUND ( 'NONE', #1648, .T. ) ;
#1061 = DIRECTION ( 'NONE',  ( -0.000000000000000000, -1.000000000000000000, -0.000000000000000000 ) ) ;
#1062 = DIRECTION ( 'NONE',  ( 1.000000000000000000, 0.000000000000000000, 0.000000000000000000 ) ) ;
#1063 = ORIENTED_EDGE ( 'NONE', *, *, #1068, .F. ) ;
#1064 = CARTESIAN_POINT ( 'NONE',  ( -68.00000000000000000, 36.00000000000000711, 45.00000000000000000 ) ) ;
#1065 = ORIENTED_EDGE ( 'NONE', *, *, #217, .T. ) ;
#1066 = CARTESIAN_POINT ( 'NONE',  ( -68.00000000000000000, 36.00000000000000711, -40.00000000000000000 ) ) ;
#1068 = EDGE_CURVE ( 'NONE', #292, #119, #633, .T. ) ;
#1067 = CARTESIAN_POINT ( 'NONE',  ( -46.19397662556433914, 20.00000000000000355, -16.38417161825449142 ) ) ;
#1069 = CARTESIAN_POINT ( 'NONE',  ( -76.00000000000000000, 0.000000000000000000, 0.000000000000000000 ) ) ;
#1071 = EDGE_CURVE ( 'NONE', #1039, #1192, #901, .T. ) ;
#1070 = CARTESIAN_POINT ( 'NONE',  ( -76.00000000000000000, -10.71513610622251278, -25.86862691031603134 ) ) ;
#1072 = DIRECTION ( 'NONE',  ( -0.000000000000000000, -1.000000000000000000, -0.000000000000000000 ) ) ;
#1073 = ADVANCED_FACE ( 'NONE', ( #508 ), #234, .F. ) ;
#1074 = ORIENTED_EDGE ( 'NONE', *, *, #429, .T. ) ;
#1075 = DIRECTION ( 'NONE',  ( 0.000000000000000000, 0.000000000000000000, -1.000000000000000000 ) ) ;
#1076 = ORIENTED_EDGE ( 'NONE', *, *, #1560, .T. ) ;
#1077 = CARTESIAN_POINT ( 'NONE',  ( -68.00000000000000000, -33.99999999999999289, 45.00000000000000000 ) ) ;
#1078 = COORDINATED_UNIVERSAL_TIME_OFFSET ( 5, 30, .AHEAD. ) ;
#1079 = LINE ( 'NONE', #1500, #12 ) ;
#1080 = CARTESIAN_POINT ( 'NONE',  ( -68.00000000000000000, 20.00000000000000355, -56.00000000000000000 ) ) ;
#1081 = VERTEX_POINT ( 'NONE', #720 ) ;
#1082 = ADVANCED_FACE ( 'NONE', ( #1023 ), #1149, .F. ) ;
#1083 = FACE_OUTER_BOUND ( 'NONE', #129, .T. ) ;
#1084 = ORIENTED_EDGE ( 'NONE', *, *, #130, .T. ) ;
#1085 = CIRCLE ( 'NONE', #195, 2.750000000000002665 ) ;
#1086 = VECTOR ( 'NONE', #471, 1000.000000000000000 ) ;
#1087 = ORIENTED_EDGE ( 'NONE', *, *, #810, .T. ) ;
#1088 = CARTESIAN_POINT ( 'NONE',  ( 19.13417161825449497, 20.00000000000000355, -43.44397662556434625 ) ) ;
#1089 = AXIS2_PLACEMENT_3D ( 'NONE', #1057, #1194, #1516 ) ;
#1090 = DIRECTION ( 'NONE',  ( -0.000000000000000000, -1.000000000000000000, -0.000000000000000000 ) ) ;
#1091 = AXIS2_PLACEMENT_3D ( 'NONE', #1745, #1298, #1616 ) ;
#1092 = EDGE_LOOP ( 'NONE', ( #734, #52, #578, #875 ) ) ;
#1093 = VERTEX_POINT ( 'NONE', #1009 ) ;
#1094 = ADVANCED_FACE ( 'NONE', ( #528 ), #1743, .F. ) ;
#1095 = ORIENTED_EDGE ( 'NONE', *, *, #1843, .F. ) ;
#1096 = PERSON_AND_ORGANIZATION ( #1100, #1454 ) ;
#1097 = DIRECTION ( 'NONE',  ( -0.000000000000000000, -0.000000000000000000, 1.000000000000000000 ) ) ;
#1098 = CARTESIAN_POINT ( 'NONE',  ( -68.00000000000000000, 0.000000000000000000, 0.000000000000000000 ) ) ;
#1099 = EDGE_LOOP ( 'NONE', ( #1179, #1259, #210, #1214 ) ) ;
#1100 = PERSON ( 'UNSPECIFIED', 'UNSPECIFIED', 'UNSPECIFIED', ('UNSPECIFIED'), ('UNSPECIFIED'), ('UNSPECIFIED') ) ;
#1101 = EDGE_LOOP ( 'NONE', ( #794, #351, #894, #1042 ) ) ;
#1102 = ORIENTED_EDGE ( 'NONE', *, *, #647, .T. ) ;
#1103 = ORIENTED_EDGE ( 'NONE', *, *, #208, .T. ) ;
#1104 = CARTESIAN_POINT ( 'NONE',  ( -76.00000000000000000, 10.71513610622250745, -23.61862691031603489 ) ) ;
#1105 = DIRECTION ( 'NONE',  ( 0.000000000000000000, 0.000000000000000000, -1.000000000000000000 ) ) ;
#1106 = EDGE_LOOP ( 'NONE', ( #493, #945, #581, #1156, #700, #1245, #1087, #314 ) ) ;
#1107 = VERTEX_POINT ( 'NONE', #1289 ) ;
#1108 = VECTOR ( 'NONE', #1481, 1000.000000000000000 ) ;
#1109 = PERSON_AND_ORGANIZATION ( #1100, #1454 ) ;
#1110 = CIRCLE ( 'NONE', #452, 2.749999999999995559 ) ;
#1111 = CARTESIAN_POINT ( 'NONE',  ( 30.00000000000000000, 20.00000000000000355, 56.00000000000000000 ) ) ;
#1112 = AXIS2_PLACEMENT_3D ( 'NONE', #890, #147, #1683 ) ;
#1113 = CARTESIAN_POINT ( 'NONE',  ( -76.00000000000000000, -10.71513610622251633, 25.86862691031603134 ) ) ;
#1114 = EDGE_CURVE ( 'NONE', #1569, #727, #1918, .T. ) ;
#1115 = AXIS2_PLACEMENT_3D ( 'NONE', #89, #1585, #841 ) ;
#1116 = DIRECTION ( 'NONE',  ( 0.000000000000000000, 0.000000000000000000, -1.000000000000000000 ) ) ;
#1117 = VECTOR ( 'NONE', #21, 1000.000000000000000 ) ;
#1118 = EDGE_LOOP ( 'NONE', ( #1394, #646, #786, #946 ) ) ;
#1119 = LINE ( 'NONE', #1757, #98 ) ;
#1120 = EDGE_LOOP ( 'NONE', ( #1825, #3, #406, #59 ) ) ;
#1121 = EDGE_CURVE ( 'NONE', #117, #19, #1761, .T. ) ;
#1122 = LINE ( 'NONE', #1248, #1373 ) ;
#1123 = EDGE_CURVE ( 'NONE', #1569, #1791, #44, .T. ) ;
#1124 = LINE ( 'NONE', #1150, #1626 ) ;
#1125 = LINE ( 'NONE', #63, #1142 ) ;
#1126 = EDGE_CURVE ( 'NONE', #1147, #282, #878, .T. ) ;
#1127 = CARTESIAN_POINT ( 'NONE',  ( -19.13417161825448787, 20.00000000000000355, -46.19397662556433914 ) ) ;
#1128 = DIRECTION ( 'NONE',  ( 0.000000000000000000, 0.000000000000000000, -1.000000000000000000 ) ) ;
#1129 = VERTEX_POINT ( 'NONE', #1167 ) ;
#1130 = CC_DESIGN_PERSON_AND_ORGANIZATION_ASSIGNMENT ( #1109, #364, ( #1435 ) ) ;
#1131 = DIRECTION ( 'NONE',  ( 1.000000000000000000, 0.000000000000000000, 0.000000000000000000 ) ) ;
#1132 = CARTESIAN_POINT ( 'NONE',  ( -68.00000000000000000, -25.86862691031603134, -12.96513610622251633 ) ) ;
#1133 = CARTESIAN_POINT ( 'NONE',  ( -68.00000000000000000, 25.86862691031602779, -10.71513610622251989 ) ) ;
#1134 = CARTESIAN_POINT ( 'NONE',  ( -68.00000000000000000, 36.00000000000000711, 45.00000000000000000 ) ) ;
#1135 = EDGE_CURVE ( 'NONE', #1107, #416, #420, .T. ) ;
#1136 = CARTESIAN_POINT ( 'NONE',  ( 30.00000000000000000, 30.00000000000000711, 56.00000000000000000 ) ) ;
#1137 = ORIENTED_EDGE ( 'NONE', *, *, #730, .F. ) ;
#1138 = CARTESIAN_POINT ( 'NONE',  ( 1.592040838891559095E-15, 30.00000000000000711, 13.00000000000000000 ) ) ;
#1139 = DIRECTION ( 'NONE',  ( 0.000000000000000000, 0.000000000000000000, -1.000000000000000000 ) ) ;
#1140 = CIRCLE ( 'NONE', #1396, 2.750000000000002665 ) ;
#1141 = CYLINDRICAL_SURFACE ( 'NONE', #582, 2.249999999999998668 ) ;
#1142 = VECTOR ( 'NONE', #17, 1000.000000000000000 ) ;
#1143 = CARTESIAN_POINT ( 'NONE',  ( 30.00000000000000000, 20.00000000000000355, 56.00000000000000000 ) ) ;
#1144 = VECTOR ( 'NONE', #1888, 1000.000000000000000 ) ;
#1145 = EDGE_CURVE ( 'NONE', #19, #26, #391, .T. ) ;
#1146 = DIRECTION ( 'NONE',  ( -1.000000000000000000, 0.000000000000000000, 0.000000000000000000 ) ) ;
#1147 = VERTEX_POINT ( 'NONE', #419 ) ;
#1148 = EDGE_CURVE ( 'NONE', #715, #183, #836, .T. ) ;
#1149 = PLANE ( 'NONE',  #1431 ) ;
#1150 = CARTESIAN_POINT ( 'NONE',  ( -46.19397662556433914, 30.00000000000000711, -16.38417161825449142 ) ) ;
#1151 = CARTESIAN_POINT ( 'NONE',  ( -68.00000000000000000, 30.00000000000000711, -56.00000000000000000 ) ) ;
#1152 = CARTESIAN_POINT ( 'NONE',  ( -68.00000000000000000, 25.86862691031603134, 8.465136106222505674 ) ) ;
#1153 = EDGE_LOOP ( 'NONE', ( #1522, #519, #1233, #677 ) ) ;
#1154 = DIRECTION ( 'NONE',  ( -1.000000000000000000, -0.000000000000000000, -0.000000000000000000 ) ) ;
#1155 = ORIENTED_EDGE ( 'NONE', *, *, #949, .F. ) ;
#1156 = ORIENTED_EDGE ( 'NONE', *, *, #507, .T. ) ;
#1157 = LINE ( 'NONE', #249, #516 ) ;
#1158 = CYLINDRICAL_SURFACE ( 'NONE', #782, 2.250000000000000444 ) ;
#1159 = EDGE_CURVE ( 'NONE', #1611, #1093, #848, .T. ) ;
#1160 = DIRECTION ( 'NONE',  ( 1.000000000000000000, 0.000000000000000000, 0.000000000000000000 ) ) ;
#1161 = CC_DESIGN_SECURITY_CLASSIFICATION ( #615, ( #417 ) ) ;
#1162 = CYLINDRICAL_SURFACE ( 'NONE', #1686, 2.250000000000000444 ) ;
#1163 = VERTEX_POINT ( 'NONE', #1444 ) ;
#1164 = CARTESIAN_POINT ( 'NONE',  ( -68.00000000000000000, 10.71513610622251100, 25.86862691031603134 ) ) ;
#1165 = EDGE_LOOP ( 'NONE', ( #1506, #373 ) ) ;
#1166 = ORIENTED_EDGE ( 'NONE', *, *, #1628, .T. ) ;
#1167 = CARTESIAN_POINT ( 'NONE',  ( -68.00000000000000000, 20.00000000000000355, 56.00000000000000000 ) ) ;
#1168 = CARTESIAN_POINT ( 'NONE',  ( 46.19397662556433914, 30.00000000000000711, -21.88417161825449497 ) ) ;
#1169 = CYLINDRICAL_SURFACE ( 'NONE', #1869, 2.249999999999998668 ) ;
#1170 = CIRCLE ( 'NONE', #1270, 2.750000000000002665 ) ;
#1171 = ADVANCED_FACE ( 'NONE', ( #398 ), #111, .F. ) ;
#1172 = AXIS2_PLACEMENT_3D ( 'NONE', #124, #1863, #1830 ) ;
#1173 = AXIS2_PLACEMENT_3D ( 'NONE', #246, #1287, #1894 ) ;
#1174 = DIRECTION ( 'NONE',  ( 0.000000000000000000, 0.000000000000000000, 1.000000000000000000 ) ) ;
#1175 = AXIS2_PLACEMENT_3D ( 'NONE', #1562, #819, #1075 ) ;
#1176 = VERTEX_POINT ( 'NONE', #678 ) ;
#1177 = CIRCLE ( 'NONE', #617, 2.249999999999998668 ) ;
#1178 = FACE_BOUND ( 'NONE', #1946, .T. ) ;
#1179 = ORIENTED_EDGE ( 'NONE', *, *, #574, .F. ) ;
#1180 = AXIS2_PLACEMENT_3D ( 'NONE', #1362, #613, #475 ) ;
#1181 = ORIENTED_EDGE ( 'NONE', *, *, #1933, .F. ) ;
#1182 = LINE ( 'NONE', #1817, #300 ) ;
#1183 = DIRECTION ( 'NONE',  ( 1.000000000000000000, 0.000000000000000000, 0.000000000000000000 ) ) ;
#1184 = EDGE_CURVE ( 'NONE', #908, #1032, #1177, .T. ) ;
#1185 = DIRECTION ( 'NONE',  ( 0.000000000000000000, 0.000000000000000000, 1.000000000000000000 ) ) ;
#1186 = FACE_BOUND ( 'NONE', #1542, .T. ) ;
#1187 = EDGE_CURVE ( 'NONE', #1359, #34, #1716, .T. ) ;
#1188 = CARTESIAN_POINT ( 'NONE',  ( 19.13417161825450208, 30.00000000000000711, 43.44397662556433204 ) ) ;
#1189 = ORIENTED_EDGE ( 'NONE', *, *, #1726, .T. ) ;
#1190 = EDGE_CURVE ( 'NONE', #1176, #1813, #742, .T. ) ;
#1191 = CARTESIAN_POINT ( 'NONE',  ( -68.00000000000000000, -33.99999999999999289, -40.00000000000000000 ) ) ;
#1192 = VERTEX_POINT ( 'NONE', #1752 ) ;
#1193 = VERTEX_POINT ( 'NONE', #1615 ) ;
#1194 = DIRECTION ( 'NONE',  ( -1.000000000000000000, -0.000000000000000000, -0.000000000000000000 ) ) ;
#1195 = CARTESIAN_POINT ( 'NONE',  ( 19.13417161825450208, 20.00000000000000355, 46.19397662556433204 ) ) ;
#1196 = CARTESIAN_POINT ( 'NONE',  ( -19.13417161825447721, 20.00000000000000355, 46.19397662556434625 ) ) ;
#1197 = FACE_BOUND ( 'NONE', #1688, .T. ) ;
#1198 = DIRECTION ( 'NONE',  ( 0.000000000000000000, 0.000000000000000000, 1.000000000000000000 ) ) ;
#1199 = ORIENTED_EDGE ( 'NONE', *, *, #1002, .F. ) ;
#1200 = CARTESIAN_POINT ( 'NONE',  ( -19.13417161825447721, 20.00000000000000355, 43.44397662556434625 ) ) ;
#1201 = ORIENTED_EDGE ( 'NONE', *, *, #1123, .F. ) ;
#1202 = EDGE_CURVE ( 'NONE', #1793, #1722, #1157, .T. ) ;
#1203 = ORIENTED_EDGE ( 'NONE', *, *, #843, .F. ) ;
#1204 = CARTESIAN_POINT ( 'NONE',  ( -68.00000000000000000, -33.99999999999999289, -40.00000000000000000 ) ) ;
#1205 = CARTESIAN_POINT ( 'NONE',  ( 46.19397662556433914, 20.00000000000000355, -21.88417161825449497 ) ) ;
#1206 = DIRECTION ( 'NONE',  ( -1.000000000000000000, -0.000000000000000000, -0.000000000000000000 ) ) ;
#1207 = DIRECTION ( 'NONE',  ( 0.000000000000000000, 0.000000000000000000, 1.000000000000000000 ) ) ;
#1208 = AXIS2_PLACEMENT_3D ( 'NONE', #288, #1062, #302 ) ;
#1209 = DIRECTION ( 'NONE',  ( 0.000000000000000000, 0.000000000000000000, -1.000000000000000000 ) ) ;
#1210 = AXIS2_PLACEMENT_3D ( 'NONE', #981, #1146, #1295 ) ;
#1211 = EDGE_LOOP ( 'NONE', ( #1524, #656, #1017, #1650 ) ) ;
#1212 = DIRECTION ( 'NONE',  ( 1.000000000000000000, 0.000000000000000000, 0.000000000000000000 ) ) ;
#1213 = EDGE_CURVE ( 'NONE', #360, #1755, #1872, .T. ) ;
#1214 = ORIENTED_EDGE ( 'NONE', *, *, #150, .F. ) ;
#1215 = VECTOR ( 'NONE', #943, 1000.000000000000000 ) ;
#1216 = AXIS2_PLACEMENT_3D ( 'NONE', #560, #1632, #993 ) ;
#1217 = EDGE_CURVE ( 'NONE', #1370, #499, #1664, .T. ) ;
#1218 = CARTESIAN_POINT ( 'NONE',  ( -76.00000000000000000, -10.71513610622251633, 28.11862691031602779 ) ) ;
#1219 = AXIS2_PLACEMENT_3D ( 'NONE', #182, #634, #348 ) ;
#1220 = CARTESIAN_POINT ( 'NONE',  ( -46.19397662556433914, 30.00000000000000711, -19.13417161825449497 ) ) ;
#1221 = CARTESIAN_POINT ( 'NONE',  ( 19.13417161825449497, 30.00000000000000711, -46.19397662556433914 ) ) ;
#1222 = FACE_BOUND ( 'NONE', #1450, .T. ) ;
#1223 = CARTESIAN_POINT ( 'NONE',  ( 19.13417161825450208, 30.00000000000000711, 43.44397662556433204 ) ) ;
#1224 = EDGE_LOOP ( 'NONE', ( #33, #1497 ) ) ;
#1225 = DIRECTION ( 'NONE',  ( -1.000000000000000000, -0.000000000000000000, -0.000000000000000000 ) ) ;
#1226 = ORIENTED_EDGE ( 'NONE', *, *, #599, .T. ) ;
#1227 = FACE_OUTER_BOUND ( 'NONE', #1101, .T. ) ;
#1228 = APPROVAL_DATE_TIME ( #624, #1419 ) ;
#1229 = DIRECTION ( 'NONE',  ( 0.000000000000000000, 0.000000000000000000, -1.000000000000000000 ) ) ;
#1230 = CARTESIAN_POINT ( 'NONE',  ( 0.000000000000000000, 30.00000000000000711, 0.000000000000000000 ) ) ;
#1231 = CARTESIAN_POINT ( 'NONE',  ( -68.00000000000000000, -33.99999999999999289, 45.00000000000000000 ) ) ;
#1232 = EDGE_CURVE ( 'NONE', #1711, #1389, #1846, .T. ) ;
#1233 = ORIENTED_EDGE ( 'NONE', *, *, #810, .F. ) ;
#1234 = DIRECTION ( 'NONE',  ( 1.000000000000000000, -0.000000000000000000, -0.000000000000000000 ) ) ;
#1235 = ORIENTED_EDGE ( 'NONE', *, *, #714, .F. ) ;
#1236 = EDGE_LOOP ( 'NONE', ( #1916, #590 ) ) ;
#1237 = DATE_AND_TIME ( #1848, #701 ) ;
#1238 = FACE_OUTER_BOUND ( 'NONE', #506, .T. ) ;
#1239 = LINE ( 'NONE', #1839, #169 ) ;
#1240 = EDGE_CURVE ( 'NONE', #1704, #1800, #331, .T. ) ;
#1241 = ORIENTED_EDGE ( 'NONE', *, *, #569, .F. ) ;
#1242 = ORIENTED_EDGE ( 'NONE', *, *, #213, .F. ) ;
#1243 = VECTOR ( 'NONE', #1059, 1000.000000000000000 ) ;
#1244 = VECTOR ( 'NONE', #1834, 1000.000000000000000 ) ;
#1245 = ORIENTED_EDGE ( 'NONE', *, *, #976, .T. ) ;
#1246 = DATE_TIME_ROLE ( 'classification_date' ) ;
#1247 = APPROVAL ( #1594, 'UNSPECIFIED' ) ;
#1248 = CARTESIAN_POINT ( 'NONE',  ( -68.00000000000000000, 30.00000000000000711, 56.00000000000000000 ) ) ;
#1249 = AXIS2_PLACEMENT_3D ( 'NONE', #520, #1428, #1401 ) ;
#1250 = CARTESIAN_POINT ( 'NONE',  ( -73.80000000000001137, 0.000000000000000000, 0.000000000000000000 ) ) ;
#1251 = EDGE_LOOP ( 'NONE', ( #877, #240 ) ) ;
#1252 = VERTEX_POINT ( 'NONE', #443 ) ;
#1253 = EDGE_CURVE ( 'NONE', #379, #1844, #1182, .T. ) ;
#1254 = ORIENTED_EDGE ( 'NONE', *, *, #860, .F. ) ;
#1255 = CARTESIAN_POINT ( 'NONE',  ( -46.19397662556434625, 30.00000000000000711, 19.13417161825448432 ) ) ;
#1256 = ORIENTED_EDGE ( 'NONE', *, *, #1534, .T. ) ;
#1257 = DIRECTION ( 'NONE',  ( -0.000000000000000000, -1.000000000000000000, -0.000000000000000000 ) ) ;
#1258 = LINE ( 'NONE', #509, #16 ) ;
#1259 = ORIENTED_EDGE ( 'NONE', *, *, #500, .T. ) ;
#1260 = ORIENTED_EDGE ( 'NONE', *, *, #980, .T. ) ;
#1261 = ORIENTED_EDGE ( 'NONE', *, *, #992, .F. ) ;
#1262 = ADVANCED_FACE ( 'NONE', ( #315 ), #165, .F. ) ;
#1263 = APPLICATION_PROTOCOL_DEFINITION ( 'international standard', 'config_control_design', 1994, #1519 ) ;
#1264 = LINE ( 'NONE', #502, #809 ) ;
#1265 = DIRECTION ( 'NONE',  ( 0.000000000000000000, 0.000000000000000000, -1.000000000000000000 ) ) ;
#1266 = CARTESIAN_POINT ( 'NONE',  ( -73.80000000000001137, 0.000000000000000000, 0.000000000000000000 ) ) ;
#1267 = EDGE_CURVE ( 'NONE', #1389, #1711, #673, .T. ) ;
#1268 = DIRECTION ( 'NONE',  ( 1.000000000000000000, 0.000000000000000000, 0.000000000000000000 ) ) ;
#1269 = EDGE_LOOP ( 'NONE', ( #770, #1563 ) ) ;
#1270 = AXIS2_PLACEMENT_3D ( 'NONE', #588, #278, #882 ) ;
#1271 = CIRCLE ( 'NONE', #1583, 22.14999999999999858 ) ;
#1272 = VECTOR ( 'NONE', #1369, 1000.000000000000000 ) ;
#1273 = ADVANCED_FACE ( 'NONE', ( #1227 ), #285, .F. ) ;
#1274 = DIRECTION ( 'NONE',  ( -0.000000000000000000, -0.000000000000000000, -1.000000000000000000 ) ) ;
#1275 = AXIS2_PLACEMENT_3D ( 'NONE', #754, #606, #24 ) ;
#1276 = LINE ( 'NONE', #1010, #937 ) ;
#1277 = ADVANCED_FACE ( 'NONE', ( #1486 ), #1329, .F. ) ;
#1278 = AXIS2_PLACEMENT_3D ( 'NONE', #1033, #1803, #5 ) ;
#1279 = PLANE ( 'NONE',  #862 ) ;
#1280 = DIRECTION ( 'NONE',  ( 0.000000000000000000, 1.000000000000000000, 0.000000000000000000 ) ) ;
#1281 = LINE ( 'NONE', #518, #1050 ) ;
#1282 = ORIENTED_EDGE ( 'NONE', *, *, #530, .T. ) ;
#1283 = DIRECTION ( 'NONE',  ( -0.000000000000000000, -1.000000000000000000, -0.000000000000000000 ) ) ;
#1284 = CARTESIAN_POINT ( 'NONE',  ( -68.00000000000000000, -25.86862691031603134, 10.71513610622251100 ) ) ;
#1285 = FACE_OUTER_BOUND ( 'NONE', #99, .T. ) ;
#1286 = FACE_BOUND ( 'NONE', #1165, .T. ) ;
#1287 = DIRECTION ( 'NONE',  ( 0.000000000000000000, 1.000000000000000000, 0.000000000000000000 ) ) ;
#1288 = ORIENTED_EDGE ( 'NONE', *, *, #527, .T. ) ;
#1289 = CARTESIAN_POINT ( 'NONE',  ( -68.00000000000000000, 10.71513610622250745, -28.11862691031603134 ) ) ;
#1290 = DIRECTION ( 'NONE',  ( -1.000000000000000000, -0.000000000000000000, -0.000000000000000000 ) ) ;
#1291 = EDGE_CURVE ( 'NONE', #1039, #323, #1795, .T. ) ;
#1292 = DIRECTION ( 'NONE',  ( 0.000000000000000000, 0.000000000000000000, 1.000000000000000000 ) ) ;
#1293 = ADVANCED_FACE ( 'NONE', ( #306 ), #909, .F. ) ;
#1294 = ORIENTED_EDGE ( 'NONE', *, *, #1726, .F. ) ;
#1295 = DIRECTION ( 'NONE',  ( 0.000000000000000000, 0.000000000000000000, 1.000000000000000000 ) ) ;
#1296 = ORIENTED_EDGE ( 'NONE', *, *, #505, .T. ) ;
#1297 = DIRECTION ( 'NONE',  ( 1.000000000000000000, 0.000000000000000000, 0.000000000000000000 ) ) ;
#1298 = DIRECTION ( 'NONE',  ( 0.000000000000000000, 1.000000000000000000, 0.000000000000000000 ) ) ;
#1299 = AXIS2_PLACEMENT_3D ( 'NONE', #304, #591, #1350 ) ;
#1300 = AXIS2_PLACEMENT_3D ( 'NONE', #203, #1555, #1544 ) ;
#1301 = FACE_OUTER_BOUND ( 'NONE', #812, .T. ) ;
#1302 = AXIS2_PLACEMENT_3D ( 'NONE', #920, #934, #435 ) ;
#1303 = CIRCLE ( 'NONE', #864, 2.249999999999998668 ) ;
#1304 = ORIENTED_EDGE ( 'NONE', *, *, #714, .T. ) ;
#1305 = AXIS2_PLACEMENT_3D ( 'NONE', #1311, #1911, #250 ) ;
#1306 = ORIENTED_EDGE ( 'NONE', *, *, #527, .F. ) ;
#1307 = CARTESIAN_POINT ( 'NONE',  ( -68.00000000000000000, -33.99999999999999289, 45.00000000000000000 ) ) ;
#1308 = VERTEX_POINT ( 'NONE', #145 ) ;
#1309 = ORIENTED_EDGE ( 'NONE', *, *, #1760, .F. ) ;
#1310 = DIRECTION ( 'NONE',  ( 1.000000000000000000, 0.000000000000000000, 0.000000000000000000 ) ) ;
#1311 = CARTESIAN_POINT ( 'NONE',  ( -46.19397662556434625, 30.00000000000000711, 19.13417161825448432 ) ) ;
#1312 = LINE ( 'NONE', #393, #1714 ) ;
#1313 = CARTESIAN_POINT ( 'NONE',  ( 0.000000000000000000, 20.00000000000000355, 0.000000000000000000 ) ) ;
#1314 = VERTEX_POINT ( 'NONE', #918 ) ;
#1315 = CYLINDRICAL_SURFACE ( 'NONE', #541, 2.249999999999998668 ) ;
#1316 = ORIENTED_EDGE ( 'NONE', *, *, #1291, .T. ) ;
#1317 = ORIENTED_EDGE ( 'NONE', *, *, #371, .T. ) ;
#1318 = EDGE_CURVE ( 'NONE', #1800, #1704, #232, .T. ) ;
#1319 = DIRECTION ( 'NONE',  ( -0.7071067811865475727, 0.000000000000000000, -0.7071067811865475727 ) ) ;
#1320 = DIRECTION ( 'NONE',  ( 0.000000000000000000, 1.000000000000000000, 0.000000000000000000 ) ) ;
#1321 = LINE ( 'NONE', #1890, #298 ) ;
#1322 = FACE_BOUND ( 'NONE', #1549, .T. ) ;
#1323 = ADVANCED_FACE ( 'NONE', ( #775 ), #1926, .F. ) ;
#1324 = ORIENTED_EDGE ( 'NONE', *, *, #92, .T. ) ;
#1325 = CARTESIAN_POINT ( 'NONE',  ( -76.00000000000000000, -25.86862691031603134, 12.96513610622251278 ) ) ;
#1326 = ORIENTED_EDGE ( 'NONE', *, *, #18, .F. ) ;
#1327 = VERTEX_POINT ( 'NONE', #1218 ) ;
#1328 = ADVANCED_FACE ( 'NONE', ( #604 ), #583, .F. ) ;
#1329 = CYLINDRICAL_SURFACE ( 'NONE', #1089, 2.250000000000000444 ) ;
#1330 = CARTESIAN_POINT ( 'NONE',  ( -68.00000000000000000, 0.000000000000000000, 0.000000000000000000 ) ) ;
#1331 = EDGE_CURVE ( 'NONE', #341, #1938, #579, .T. ) ;
#1332 = CARTESIAN_POINT ( 'NONE',  ( -68.00000000000000000, 10.71513610622250745, -25.86862691031603134 ) ) ;
#1333 = CIRCLE ( 'NONE', #1805, 2.750000000000002665 ) ;
#1334 = CYLINDRICAL_SURFACE ( 'NONE', #832, 2.249999999999998668 ) ;
#1335 = EDGE_CURVE ( 'NONE', #1692, #117, #466, .T. ) ;
#1336 = VECTOR ( 'NONE', #1684, 1000.000000000000000 ) ;
#1337 = VECTOR ( 'NONE', #439, 1000.000000000000000 ) ;
#1338 = CARTESIAN_POINT ( 'NONE',  ( -73.80000000000001137, 2.712592660111387239E-15, -22.14999999999999858 ) ) ;
#1339 = EDGE_LOOP ( 'NONE', ( #95, #448, #1758, #428 ) ) ;
#1340 = AXIS2_PLACEMENT_3D ( 'NONE', #204, #48, #365 ) ;
#1341 = LINE ( 'NONE', #1191, #228 ) ;
#1342 = ORIENTED_EDGE ( 'NONE', *, *, #923, .F. ) ;
#1343 = VECTOR ( 'NONE', #1061, 1000.000000000000000 ) ;
#1344 = ORIENTED_EDGE ( 'NONE', *, *, #1071, .F. ) ;
#1345 = CARTESIAN_POINT ( 'NONE',  ( 46.19397662556433914, 30.00000000000000711, -19.13417161825449142 ) ) ;
#1346 = LINE ( 'NONE', #1168, #806 ) ;
#1347 = DIRECTION ( 'NONE',  ( -0.000000000000000000, -1.000000000000000000, -0.000000000000000000 ) ) ;
#1348 = CARTESIAN_POINT ( 'NONE',  ( -76.00000000000000000, 0.000000000000000000, 0.000000000000000000 ) ) ;
#1349 = ORIENTED_EDGE ( 'NONE', *, *, #507, .F. ) ;
#1350 = DIRECTION ( 'NONE',  ( 0.000000000000000000, 0.000000000000000000, 1.000000000000000000 ) ) ;
#1351 = ORIENTED_EDGE ( 'NONE', *, *, #1536, .F. ) ;
#1352 = ORIENTED_EDGE ( 'NONE', *, *, #1607, .T. ) ;
#1353 = CARTESIAN_POINT ( 'NONE',  ( -76.00000000000000000, -25.86862691031603134, -10.71513610622251456 ) ) ;
#1354 = LINE ( 'NONE', #1045, #39 ) ;
#1355 = LINE ( 'NONE', #181, #388 ) ;
#1356 = FACE_BOUND ( 'NONE', #1422, .T. ) ;
#1357 = DIRECTION ( 'NONE',  ( 0.000000000000000000, 0.000000000000000000, 1.000000000000000000 ) ) ;
#1358 = EDGE_CURVE ( 'NONE', #81, #1611, #1433, .T. ) ;
#1359 = VERTEX_POINT ( 'NONE', #891 ) ;
#1360 = LINE ( 'NONE', #1040, #328 ) ;
#1361 = ORIENTED_EDGE ( 'NONE', *, *, #1071, .T. ) ;
#1362 = CARTESIAN_POINT ( 'NONE',  ( -46.19397662556433914, 20.00000000000000355, -19.13417161825449497 ) ) ;
#1363 = DIRECTION ( 'NONE',  ( 0.000000000000000000, 0.000000000000000000, 1.000000000000000000 ) ) ;
#1364 = CARTESIAN_POINT ( 'NONE',  ( 46.19397662556433914, 30.00000000000000711, -16.38417161825448787 ) ) ;
#1365 = FACE_BOUND ( 'NONE', #163, .T. ) ;
#1366 = AXIS2_PLACEMENT_3D ( 'NONE', #1955, #892, #1209 ) ;
#1367 = CARTESIAN_POINT ( 'NONE',  ( -68.00000000000000000, 30.00000000000000711, -56.00000000000000000 ) ) ;
#1368 = ORIENTED_EDGE ( 'NONE', *, *, #1335, .F. ) ;
#1369 = DIRECTION ( 'NONE',  ( -0.000000000000000000, -0.000000000000000000, 1.000000000000000000 ) ) ;
#1370 = VERTEX_POINT ( 'NONE', #745 ) ;
#1371 = AXIS2_PLACEMENT_3D ( 'NONE', #856, #1889, #539 ) ;
#1372 = VECTOR ( 'NONE', #551, 1000.000000000000000 ) ;
#1373 = VECTOR ( 'NONE', #374, 1000.000000000000000 ) ;
#1374 = DIRECTION ( 'NONE',  ( -1.000000000000000000, 0.000000000000000000, -0.000000000000000000 ) ) ;
#1375 = CIRCLE ( 'NONE', #1219, 6.000000000000000000 ) ;
#1376 = APPROVAL_STATUS ( 'not_yet_approved' ) ;
#1377 = FACE_OUTER_BOUND ( 'NONE', #1907, .T. ) ;
#1378 = DIRECTION ( 'NONE',  ( -1.000000000000000000, -0.000000000000000000, -0.000000000000000000 ) ) ;
#1379 = VERTEX_POINT ( 'NONE', #1646 ) ;
#1380 = LINE ( 'NONE', #824, #1244 ) ;
#1381 = ORIENTED_EDGE ( 'NONE', *, *, #1358, .F. ) ;
#1382 = VERTEX_POINT ( 'NONE', #1932 ) ;
#1383 =( NAMED_UNIT ( * ) SI_UNIT ( $, .STERADIAN. ) SOLID_ANGLE_UNIT ( ) );
#1384 = EDGE_CURVE ( 'NONE', #1793, #526, #867, .T. ) ;
#1385 = CARTESIAN_POINT ( 'NONE',  ( 56.00000000000000000, 30.00000000000000711, -30.00000000000000000 ) ) ;
#1386 = DIRECTION ( 'NONE',  ( 0.000000000000000000, 0.000000000000000000, -1.000000000000000000 ) ) ;
#1387 = ORIENTED_EDGE ( 'NONE', *, *, #630, .T. ) ;
#1388 = ORIENTED_EDGE ( 'NONE', *, *, #283, .T. ) ;
#1389 = VERTEX_POINT ( 'NONE', #1027 ) ;
#1390 = EDGE_CURVE ( 'NONE', #1612, #128, #1501, .T. ) ;
#1391 = CARTESIAN_POINT ( 'NONE',  ( -46.19397662556433914, 20.00000000000000355, -19.13417161825449497 ) ) ;
#1392 = LINE ( 'NONE', #1561, #708 ) ;
#1393 = ORIENTED_EDGE ( 'NONE', *, *, #572, .T. ) ;
#1394 = ORIENTED_EDGE ( 'NONE', *, *, #1187, .T. ) ;
#1395 = CIRCLE ( 'NONE', #859, 2.250000000000000444 ) ;
#1396 = AXIS2_PLACEMENT_3D ( 'NONE', #1653, #294, #879 ) ;
#1397 = AXIS2_PLACEMENT_3D ( 'NONE', #925, #1729, #207 ) ;
#1398 = EDGE_LOOP ( 'NONE', ( #1352, #1504, #472, #29 ) ) ;
#1399 = DATE_TIME_ROLE ( 'creation_date' ) ;
#1400 = VECTOR ( 'NONE', #1666, 1000.000000000000000 ) ;
#1401 = DIRECTION ( 'NONE',  ( 0.000000000000000000, 0.000000000000000000, -1.000000000000000000 ) ) ;
#1402 = DIRECTION ( 'NONE',  ( -0.000000000000000000, 1.000000000000000000, -0.000000000000000000 ) ) ;
#1403 = ORIENTED_EDGE ( 'NONE', *, *, #1148, .T. ) ;
#1404 = ADVANCED_FACE ( 'NONE', ( #1036 ), #1334, .F. ) ;
#1405 = VERTEX_POINT ( 'NONE', #781 ) ;
#1406 = ORIENTED_EDGE ( 'NONE', *, *, #574, .T. ) ;
#1407 = PERSON_AND_ORGANIZATION_ROLE ( 'design_owner' ) ;
#1408 = DIRECTION ( 'NONE',  ( -0.000000000000000000, -0.000000000000000000, 1.000000000000000000 ) ) ;
#1409 = DIRECTION ( 'NONE',  ( 0.000000000000000000, 0.000000000000000000, -1.000000000000000000 ) ) ;
#1410 = DIRECTION ( 'NONE',  ( 0.000000000000000000, 0.000000000000000000, -1.000000000000000000 ) ) ;
#1411 = EDGE_CURVE ( 'NONE', #183, #1703, #1489, .T. ) ;
#1412 = EDGE_LOOP ( 'NONE', ( #161, #1406, #248, #915 ) ) ;
#1413 = ADVANCED_FACE ( 'NONE', ( #1789, #1186, #1656, #1365, #587, #299, #1954, #171, #436, #138 ), #597, .T. ) ;
#1414 = CARTESIAN_POINT ( 'NONE',  ( -76.00000000000000000, 10.71513610622251100, 23.61862691031603489 ) ) ;
#1415 = ORIENTED_EDGE ( 'NONE', *, *, #342, .T. ) ;
#1416 = DIRECTION ( 'NONE',  ( 0.000000000000000000, 0.000000000000000000, -1.000000000000000000 ) ) ;
#1417 = DIRECTION ( 'NONE',  ( 1.000000000000000000, 0.000000000000000000, 0.000000000000000000 ) ) ;
#1418 = LINE ( 'NONE', #78, #415 ) ;
#1419 = APPROVAL ( #1376, 'UNSPECIFIED' ) ;
#1420 = DIRECTION ( 'NONE',  ( 0.000000000000000000, 0.000000000000000000, 1.000000000000000000 ) ) ;
#1421 = DIRECTION ( 'NONE',  ( -0.000000000000000000, -1.000000000000000000, -0.000000000000000000 ) ) ;
#1422 = EDGE_LOOP ( 'NONE', ( #1254, #751 ) ) ;
#1423 = APPROVAL_DATE_TIME ( #537, #1247 ) ;
#1424 = CIRCLE ( 'NONE', #422, 2.249999999999998668 ) ;
#1425 = VECTOR ( 'NONE', #159, 1000.000000000000000 ) ;
#1426 = EDGE_LOOP ( 'NONE', ( #839, #151, #480, #1697 ) ) ;
#1427 = ADVANCED_FACE ( 'NONE', ( #1047, #1675, #1197, #1798, #1480, #309, #1356, #1222, #607, #1808 ), #1667, .F. ) ;
#1428 = DIRECTION ( 'NONE',  ( 1.000000000000000000, 0.000000000000000000, 0.000000000000000000 ) ) ;
#1429 = AXIS2_PLACEMENT_3D ( 'NONE', #1069, #1518, #168 ) ;
#1430 = DIRECTION ( 'NONE',  ( -0.000000000000000000, -1.000000000000000000, -0.000000000000000000 ) ) ;
#1431 = AXIS2_PLACEMENT_3D ( 'NONE', #538, #1319, #262 ) ;
#1432 = CARTESIAN_POINT ( 'NONE',  ( -68.00000000000000000, 10.71513610622250745, -23.61862691031603489 ) ) ;
#1433 = CIRCLE ( 'NONE', #517, 13.00000000000000000 ) ;
#1434 = FACE_BOUND ( 'NONE', #405, .T. ) ;
#1435 = PRODUCT_DEFINITION ( 'UNKNOWN', '', #417, #94 ) ;
#1436 = CARTESIAN_POINT ( 'NONE',  ( 46.19397662556433914, 30.00000000000000711, -21.88417161825449497 ) ) ;
#1437 = ORIENTED_EDGE ( 'NONE', *, *, #491, .F. ) ;
#1438 = CARTESIAN_POINT ( 'NONE',  ( -68.00000000000000000, 25.86862691031603134, 10.71513610622250745 ) ) ;
#1439 = CARTESIAN_POINT ( 'NONE',  ( -19.13417161825447721, 30.00000000000000711, 48.94397662556435336 ) ) ;
#1440 = CARTESIAN_POINT ( 'NONE',  ( -68.00000000000000000, 10.71513610622251100, 25.86862691031603134 ) ) ;
#1441 = EDGE_LOOP ( 'NONE', ( #1515, #1226, #631, #247 ) ) ;
#1442 = DIRECTION ( 'NONE',  ( -0.000000000000000000, -1.000000000000000000, -0.000000000000000000 ) ) ;
#1443 = EDGE_LOOP ( 'NONE', ( #1181, #1053, #1065, #107 ) ) ;
#1444 = CARTESIAN_POINT ( 'NONE',  ( 19.13417161825449497, 30.00000000000000711, -43.44397662556434625 ) ) ;
#1445 = DIRECTION ( 'NONE',  ( 0.000000000000000000, 0.000000000000000000, -1.000000000000000000 ) ) ;
#1446 = CARTESIAN_POINT ( 'NONE',  ( -68.00000000000000000, 30.00000000000000711, 56.00000000000000000 ) ) ;
#1447 = EDGE_LOOP ( 'NONE', ( #1076, #450, #748, #442 ) ) ;
#1448 = DIRECTION ( 'NONE',  ( -0.000000000000000000, -1.000000000000000000, -0.000000000000000000 ) ) ;
#1449 = ORIENTED_EDGE ( 'NONE', *, *, #1384, .F. ) ;
#1450 = EDGE_LOOP ( 'NONE', ( #868, #1326 ) ) ;
#1451 = CARTESIAN_POINT ( 'NONE',  ( -68.00000000000000000, -10.71513610622251633, 25.86862691031603134 ) ) ;
#1452 = CARTESIAN_POINT ( 'NONE',  ( 46.19397662556433914, 30.00000000000000711, -16.38417161825448787 ) ) ;
#1453 = CIRCLE ( 'NONE', #1173, 2.749999999999995559 ) ;
#1454 = ORGANIZATION ( 'UNSPECIFIED', 'UNSPECIFIED', '' ) ;
#1455 = FACE_OUTER_BOUND ( 'NONE', #110, .T. ) ;
#1456 = VECTOR ( 'NONE', #339, 1000.000000000000000 ) ;
#1457 = ADVANCED_FACE ( 'NONE', ( #765 ), #10, .F. ) ;
#1458 = DIRECTION ( 'NONE',  ( 0.000000000000000000, 0.000000000000000000, 1.000000000000000000 ) ) ;
#1459 = AXIS2_PLACEMENT_3D ( 'NONE', #62, #1090, #1265 ) ;
#1460 = EDGE_CURVE ( 'NONE', #727, #1405, #964, .T. ) ;
#1461 = ORIENTED_EDGE ( 'NONE', *, *, #1267, .F. ) ;
#1462 = LINE ( 'NONE', #716, #987 ) ;
#1463 = VERTEX_POINT ( 'NONE', #626 ) ;
#1464 = EDGE_LOOP ( 'NONE', ( #438, #845 ) ) ;
#1465 = CARTESIAN_POINT ( 'NONE',  ( -68.00000000000000000, -10.71513610622251278, -25.86862691031603134 ) ) ;
#1466 = CARTESIAN_POINT ( 'NONE',  ( -76.00000000000000000, 10.71513610622251100, 25.86862691031603134 ) ) ;
#1467 = DIRECTION ( 'NONE',  ( -0.000000000000000000, -0.000000000000000000, -1.000000000000000000 ) ) ;
#1468 = EDGE_CURVE ( 'NONE', #1755, #360, #201, .T. ) ;
#1469 = CARTESIAN_POINT ( 'NONE',  ( 0.000000000000000000, 30.00000000000000711, -13.00000000000000000 ) ) ;
#1470 = ADVANCED_FACE ( 'NONE', ( #49 ), #818, .F. ) ;
#1471 = EDGE_LOOP ( 'NONE', ( #954, #793, #191, #1306 ) ) ;
#1472 = CARTESIAN_POINT ( 'NONE',  ( -19.13417161825448787, 20.00000000000000355, -48.94397662556433914 ) ) ;
#1473 = VERTEX_POINT ( 'NONE', #31 ) ;
#1474 = EDGE_CURVE ( 'NONE', #499, #620, #1258, .T. ) ;
#1475 = ORIENTED_EDGE ( 'NONE', *, *, #887, .T. ) ;
#1476 = CARTESIAN_POINT ( 'NONE',  ( -76.00000000000000000, -33.99999999999999289, -40.00000000000000000 ) ) ;
#1477 = EDGE_CURVE ( 'NONE', #1032, #908, #327, .T. ) ;
#1478 = DIRECTION ( 'NONE',  ( -0.7071067811865474617, -0.000000000000000000, -0.7071067811865474617 ) ) ;
#1479 = CARTESIAN_POINT ( 'NONE',  ( 56.00000000000000000, 30.00000000000000711, 30.00000000000000000 ) ) ;
#1480 = FACE_BOUND ( 'NONE', #1781, .T. ) ;
#1481 = DIRECTION ( 'NONE',  ( -0.000000000000000000, -0.000000000000000000, 1.000000000000000000 ) ) ;
#1482 = ORIENTED_EDGE ( 'NONE', *, *, #876, .T. ) ;
#1483 = DIRECTION ( 'NONE',  ( 0.000000000000000000, 1.000000000000000000, 0.000000000000000000 ) ) ;
#1484 = ORIENTED_EDGE ( 'NONE', *, *, #1628, .F. ) ;
#1485 = ORIENTED_EDGE ( 'NONE', *, *, #876, .F. ) ;
#1486 = FACE_OUTER_BOUND ( 'NONE', #255, .T. ) ;
#1487 = DIRECTION ( 'NONE',  ( 0.000000000000000000, 0.000000000000000000, -1.000000000000000000 ) ) ;
#1488 = FACE_OUTER_BOUND ( 'NONE', #931, .T. ) ;
#1489 = LINE ( 'NONE', #881, #1874 ) ;
#1490 = CIRCLE ( 'NONE', #134, 2.250000000000000444 ) ;
#1491 = CARTESIAN_POINT ( 'NONE',  ( 30.00000000000000000, 20.00000000000000355, -56.00000000000000000 ) ) ;
#1492 = VECTOR ( 'NONE', #562, 1000.000000000000000 ) ;
#1493 = ORIENTED_EDGE ( 'NONE', *, *, #1468, .T. ) ;
#1494 = AXIS2_PLACEMENT_3D ( 'NONE', #61, #950, #797 ) ;
#1495 = LINE ( 'NONE', #142, #1929 ) ;
#1496 = ORIENTED_EDGE ( 'NONE', *, *, #187, .F. ) ;
#1497 = ORIENTED_EDGE ( 'NONE', *, *, #1318, .T. ) ;
#1498 = DIRECTION ( 'NONE',  ( 1.000000000000000000, 0.000000000000000000, 0.000000000000000000 ) ) ;
#1499 = CARTESIAN_POINT ( 'NONE',  ( -19.13417161825448787, 20.00000000000000355, -46.19397662556433914 ) ) ;
#1500 = CARTESIAN_POINT ( 'NONE',  ( -68.00000000000000000, -25.86862691031603134, -8.465136106222514556 ) ) ;
#1502 = EDGE_CURVE ( 'NONE', #1703, #1327, #1866, .T. ) ;
#1501 = LINE ( 'NONE', #425, #1343 ) ;
#1503 = CARTESIAN_POINT ( 'NONE',  ( -68.00000000000000000, 20.00000000000000355, 56.00000000000000000 ) ) ;
#1504 = ORIENTED_EDGE ( 'NONE', *, *, #674, .F. ) ;
#1505 = DIRECTION ( 'NONE',  ( 1.000000000000000000, 0.000000000000000000, 0.000000000000000000 ) ) ;
#1506 = ORIENTED_EDGE ( 'NONE', *, *, #310, .T. ) ;
#1507 = DIRECTION ( 'NONE',  ( 0.000000000000000000, 1.000000000000000000, 0.000000000000000000 ) ) ;
#1508 = LINE ( 'NONE', #1818, #1868 ) ;
#1509 = CARTESIAN_POINT ( 'NONE',  ( -19.13417161825447721, 30.00000000000000711, 46.19397662556434625 ) ) ;
#1510 = CARTESIAN_POINT ( 'NONE',  ( 0.000000000000000000, 30.00000000000000711, 0.000000000000000000 ) ) ;
#1511 = APPROVAL_PERSON_ORGANIZATION ( #1096, #1247, #548 ) ;
#1512 = LINE ( 'NONE', #1223, #580 ) ;
#1513 = EDGE_LOOP ( 'NONE', ( #1949, #1393, #1241, #1699 ) ) ;
#1514 = DIRECTION ( 'NONE',  ( 1.000000000000000000, 0.000000000000000000, 0.000000000000000000 ) ) ;
#1515 = ORIENTED_EDGE ( 'NONE', *, *, #1700, .F. ) ;
#1516 = DIRECTION ( 'NONE',  ( 0.000000000000000000, 0.000000000000000000, 1.000000000000000000 ) ) ;
#1517 = COORDINATED_UNIVERSAL_TIME_OFFSET ( 5, 30, .AHEAD. ) ;
#1518 = DIRECTION ( 'NONE',  ( 1.000000000000000000, 0.000000000000000000, 0.000000000000000000 ) ) ;
#1519 = APPLICATION_CONTEXT ( 'configuration controlled 3d designs of mechanical parts and assemblies' ) ;
#1520 = AXIS2_PLACEMENT_3D ( 'NONE', #679, #975, #666 ) ;
#1521 = AXIS2_PLACEMENT_3D ( 'NONE', #322, #225, #481 ) ;
#1522 = ORIENTED_EDGE ( 'NONE', *, *, #1893, .T. ) ;
#1523 = DIRECTION ( 'NONE',  ( -1.000000000000000000, -0.000000000000000000, -0.000000000000000000 ) ) ;
#1524 = ORIENTED_EDGE ( 'NONE', *, *, #533, .F. ) ;
#1525 = AXIS2_PLACEMENT_3D ( 'NONE', #721, #1320, #338 ) ;
#1526 = CIRCLE ( 'NONE', #1622, 2.750000000000002665 ) ;
#1527 = EDGE_CURVE ( 'NONE', #715, #1327, #1392, .T. ) ;
#1528 = AXIS2_PLACEMENT_3D ( 'NONE', #121, #324, #1043 ) ;
#1529 = EDGE_LOOP ( 'NONE', ( #719, #335, #1242, #199 ) ) ;
#1530 = VECTOR ( 'NONE', #408, 1000.000000000000000 ) ;
#1531 = DIRECTION ( 'NONE',  ( 0.000000000000000000, 1.000000000000000000, 0.000000000000000000 ) ) ;
#1532 = CARTESIAN_POINT ( 'NONE',  ( 0.000000000000000000, 20.00000000000000355, -13.00000000000000000 ) ) ;
#1533 = VERTEX_POINT ( 'NONE', #55 ) ;
#1534 = EDGE_CURVE ( 'NONE', #190, #394, #1857, .T. ) ;
#1535 = VERTEX_POINT ( 'NONE', #823 ) ;
#1536 = EDGE_CURVE ( 'NONE', #177, #1193, #658, .T. ) ;
#1537 = EDGE_LOOP ( 'NONE', ( #1581, #648 ) ) ;
#1538 = SECURITY_CLASSIFICATION_LEVEL ( 'unclassified' ) ;
#1539 = CARTESIAN_POINT ( 'NONE',  ( 46.19397662556434625, 30.00000000000000711, 19.13417161825448076 ) ) ;
#1540 = CARTESIAN_POINT ( 'NONE',  ( 1.592040838891559095E-15, 30.00000000000000711, 13.00000000000000000 ) ) ;
#1541 = ORIENTED_EDGE ( 'NONE', *, *, #453, .T. ) ;
#1542 = EDGE_LOOP ( 'NONE', ( #1051, #938 ) ) ;
#1543 = ORIENTED_EDGE ( 'NONE', *, *, #976, .F. ) ;
#1544 = DIRECTION ( 'NONE',  ( 1.000000000000000000, 0.000000000000000000, 0.000000000000000000 ) ) ;
#1545 = LINE ( 'NONE', #1856, #1215 ) ;
#1546 = DIRECTION ( 'NONE',  ( -0.000000000000000000, 0.000000000000000000, 1.000000000000000000 ) ) ;
#1547 = EDGE_CURVE ( 'NONE', #26, #292, #1719, .T. ) ;
#1548 = AXIS2_PLACEMENT_3D ( 'NONE', #757, #114, #723 ) ;
#1549 = EDGE_LOOP ( 'NONE', ( #999, #979 ) ) ;
#1550 = ORIENTED_EDGE ( 'NONE', *, *, #572, .F. ) ;
#1551 = VECTOR ( 'NONE', #1670, 1000.000000000000000 ) ;
#1552 = APPROVAL_PERSON_ORGANIZATION ( #53, #1787, #650 ) ;
#1553 = AXIS2_PLACEMENT_3D ( 'NONE', #1221, #779, #156 ) ;
#1554 = VERTEX_POINT ( 'NONE', #968 ) ;
#1555 = DIRECTION ( 'NONE',  ( 0.000000000000000000, 0.000000000000000000, 1.000000000000000000 ) ) ;
#1556 = VECTOR ( 'NONE', #1097, 1000.000000000000000 ) ;
#1557 = ORIENTED_EDGE ( 'NONE', *, *, #357, .T. ) ;
#1558 = DIRECTION ( 'NONE',  ( 0.000000000000000000, 0.000000000000000000, 1.000000000000000000 ) ) ;
#1559 = VECTOR ( 'NONE', #711, 1000.000000000000000 ) ;
#1560 = EDGE_CURVE ( 'NONE', #1678, #736, #1780, .T. ) ;
#1561 = CARTESIAN_POINT ( 'NONE',  ( -68.00000000000000000, -10.71513610622251633, 28.11862691031602779 ) ) ;
#1562 = CARTESIAN_POINT ( 'NONE',  ( 19.13417161825450208, 30.00000000000000711, 46.19397662556433204 ) ) ;
#1563 = ORIENTED_EDGE ( 'NONE', *, *, #187, .T. ) ;
#1564 = ORIENTED_EDGE ( 'NONE', *, *, #1202, .F. ) ;
#1565 = CARTESIAN_POINT ( 'NONE',  ( 56.00000000000000000, 30.00000000000000711, -30.00000000000000000 ) ) ;
#1566 = CARTESIAN_POINT ( 'NONE',  ( -68.00000000000000000, -25.86862691031603134, -10.71513610622251456 ) ) ;
#1567 = DIRECTION ( 'NONE',  ( -1.000000000000000000, -0.000000000000000000, -0.000000000000000000 ) ) ;
#1568 = ADVANCED_FACE ( 'NONE', ( #1709 ), #961, .F. ) ;
#1569 = VERTEX_POINT ( 'NONE', #205 ) ;
#1570 = LOCAL_TIME ( 11, 7, 51.00000000000000000, #220 ) ;
#1571 = EDGE_CURVE ( 'NONE', #1163, #192, #265, .T. ) ;
#1572 = CARTESIAN_POINT ( 'NONE',  ( -68.00000000000000000, -25.86862691031603134, -10.71513610622251456 ) ) ;
#1573 = EDGE_LOOP ( 'NONE', ( #971, #1794 ) ) ;
#1574 = SHAPE_DEFINITION_REPRESENTATION ( #469, #553 ) ;
#1575 = ORIENTED_EDGE ( 'NONE', *, *, #523, .T. ) ;
#1576 = DIRECTION ( 'NONE',  ( 1.000000000000000000, 0.000000000000000000, 0.000000000000000000 ) ) ;
#1577 = LINE ( 'NONE', #695, #773 ) ;
#1578 = DIRECTION ( 'NONE',  ( 0.000000000000000000, 0.000000000000000000, 1.000000000000000000 ) ) ;
#1579 = CARTESIAN_POINT ( 'NONE',  ( 19.13417161825450208, 30.00000000000000711, 46.19397662556433204 ) ) ;
#1580 = DIRECTION ( 'NONE',  ( -0.000000000000000000, -1.000000000000000000, -0.000000000000000000 ) ) ;
#1581 = ORIENTED_EDGE ( 'NONE', *, *, #1213, .F. ) ;
#1582 = EDGE_CURVE ( 'NONE', #128, #576, #798, .T. ) ;
#1583 = AXIS2_PLACEMENT_3D ( 'NONE', #224, #870, #1445 ) ;
#1584 = AXIS2_PLACEMENT_3D ( 'NONE', #1572, #1154, #70 ) ;
#1585 = DIRECTION ( 'NONE',  ( 0.000000000000000000, 1.000000000000000000, 0.000000000000000000 ) ) ;
#1586 = AXIS2_PLACEMENT_3D ( 'NONE', #850, #880, #986 ) ;
#1587 = CYLINDRICAL_SURFACE ( 'NONE', #1520, 2.249999999999998668 ) ;
#1588 = AXIS2_PLACEMENT_3D ( 'NONE', #1391, #37, #193 ) ;
#1589 = CARTESIAN_POINT ( 'NONE',  ( -68.00000000000000000, 25.86862691031603134, 10.71513610622250745 ) ) ;
#1590 = CC_DESIGN_PERSON_AND_ORGANIZATION_ASSIGNMENT ( #1694, #942, ( #417 ) ) ;
#1591 = VERTEX_POINT ( 'NONE', #1532 ) ;
#1592 = PLANE ( 'NONE',  #738 ) ;
#1593 = ORIENTED_EDGE ( 'NONE', *, *, #426, .T. ) ;
#1594 = APPROVAL_STATUS ( 'not_yet_approved' ) ;
#1595 = DIRECTION ( 'NONE',  ( -0.000000000000000000, -0.000000000000000000, 1.000000000000000000 ) ) ;
#1596 = DIRECTION ( 'NONE',  ( -0.000000000000000000, -0.000000000000000000, 1.000000000000000000 ) ) ;
#1597 = EDGE_CURVE ( 'NONE', #795, #1081, #1375, .T. ) ;
#1598 = CARTESIAN_POINT ( 'NONE',  ( -68.00000000000000000, 20.00000000000000355, 45.00000000000000000 ) ) ;
#1599 = ORIENTED_EDGE ( 'NONE', *, *, #978, .T. ) ;
#1600 = FACE_OUTER_BOUND ( 'NONE', #568, .T. ) ;
#1601 = ORIENTED_EDGE ( 'NONE', *, *, #1232, .T. ) ;
#1602 = ORIENTED_EDGE ( 'NONE', *, *, #1707, .F. ) ;
#1603 = CARTESIAN_POINT ( 'NONE',  ( -76.00000000000000000, 10.71513610622250745, -25.86862691031603134 ) ) ;
#1605 = EDGE_CURVE ( 'NONE', #1813, #1176, #667, .T. ) ;
#1604 = CARTESIAN_POINT ( 'NONE',  ( -76.00000000000000000, -10.71513610622251633, 23.61862691031603134 ) ) ;
#1606 = DIRECTION ( 'NONE',  ( -1.000000000000000000, -0.000000000000000000, -0.000000000000000000 ) ) ;
#1607 = EDGE_CURVE ( 'NONE', #51, #853, #1239, .T. ) ;
#1608 = CARTESIAN_POINT ( 'NONE',  ( -46.19397662556433914, 30.00000000000000711, -16.38417161825449142 ) ) ;
#1609 = EDGE_LOOP ( 'NONE', ( #593, #272, #86, #1879 ) ) ;
#1610 = DIRECTION ( 'NONE',  ( -0.000000000000000000, -1.000000000000000000, -0.000000000000000000 ) ) ;
#1611 = VERTEX_POINT ( 'NONE', #1540 ) ;
#1612 = VERTEX_POINT ( 'NONE', #643 ) ;
#1613 = AXIS2_PLACEMENT_3D ( 'NONE', #732, #1913, #140 ) ;
#1614 = ADVANCED_FACE ( 'NONE', ( #194 ), #496, .F. ) ;
#1615 = CARTESIAN_POINT ( 'NONE',  ( -76.00000000000000000, 2.712592660111387239E-15, -22.14999999999999858 ) ) ;
#1616 = DIRECTION ( 'NONE',  ( 0.000000000000000000, 0.000000000000000000, 1.000000000000000000 ) ) ;
#1617 = AXIS2_PLACEMENT_3D ( 'NONE', #1204, #1507, #1826 ) ;
#1618 = VECTOR ( 'NONE', #1739, 1000.000000000000000 ) ;
#1619 = EDGE_CURVE ( 'NONE', #1192, #1039, #1693, .T. ) ;
#1620 = CIRCLE ( 'NONE', #11, 2.250000000000000444 ) ;
#1621 = LINE ( 'NONE', #540, #1372 ) ;
#1622 = AXIS2_PLACEMENT_3D ( 'NONE', #1509, #8, #616 ) ;
#1623 = AXIS2_PLACEMENT_3D ( 'NONE', #54, #657, #1862 ) ;
#1624 = ADVANCED_FACE ( 'NONE', ( #399 ), #1587, .F. ) ;
#1625 = LINE ( 'NONE', #913, #771 ) ;
#1626 = VECTOR ( 'NONE', #1430, 1000.000000000000000 ) ;
#1627 = ORIENTED_EDGE ( 'NONE', *, *, #23, .T. ) ;
#1628 = EDGE_CURVE ( 'NONE', #795, #1389, #1001, .T. ) ;
#1629 = FACE_BOUND ( 'NONE', #1835, .T. ) ;
#1630 = EDGE_LOOP ( 'NONE', ( #492, #1767 ) ) ;
#1631 = ORIENTED_EDGE ( 'NONE', *, *, #533, .T. ) ;
#1632 = DIRECTION ( 'NONE',  ( 1.000000000000000000, -0.000000000000000000, 0.000000000000000000 ) ) ;
#1633 = PLANE ( 'NONE',  #1741 ) ;
#1634 = CC_DESIGN_PERSON_AND_ORGANIZATION_ASSIGNMENT ( #186, #36, ( #615 ) ) ;
#1635 = PLANE ( 'NONE',  #807 ) ;
#1636 = DIRECTION ( 'NONE',  ( 0.000000000000000000, -1.000000000000000000, 0.000000000000000000 ) ) ;
#1637 = CARTESIAN_POINT ( 'NONE',  ( -68.00000000000000000, -10.71513610622251633, 23.61862691031603134 ) ) ;
#1638 = ORIENTED_EDGE ( 'NONE', *, *, #1460, .T. ) ;
#1639 = PLANE ( 'NONE',  #1742 ) ;
#1640 = ORIENTED_EDGE ( 'NONE', *, *, #217, .F. ) ;
#1641 = ADVANCED_FACE ( 'NONE', ( #550 ), #236, .F. ) ;
#1642 = ORIENTED_EDGE ( 'NONE', *, *, #32, .F. ) ;
#1643 = DIRECTION ( 'NONE',  ( 0.000000000000000000, 0.000000000000000000, -1.000000000000000000 ) ) ;
#1644 = CARTESIAN_POINT ( 'NONE',  ( -68.00000000000000000, 25.86862691031603134, 8.465136106222505674 ) ) ;
#1645 = DIRECTION ( 'NONE',  ( 0.000000000000000000, 0.000000000000000000, 1.000000000000000000 ) ) ;
#1646 = CARTESIAN_POINT ( 'NONE',  ( -76.00000000000000000, 25.86862691031602779, -12.96513610622251989 ) ) ;
#1647 = DIRECTION ( 'NONE',  ( 0.000000000000000000, 0.000000000000000000, -1.000000000000000000 ) ) ;
#1648 = EDGE_LOOP ( 'NONE', ( #1103, #1917, #320, #1836 ) ) ;
#1649 = FACE_BOUND ( 'NONE', #1464, .T. ) ;
#1650 = ORIENTED_EDGE ( 'NONE', *, *, #453, .F. ) ;
#1651 = EDGE_LOOP ( 'NONE', ( #1663, #1166, #79, #440 ) ) ;
#1652 = CARTESIAN_POINT ( 'NONE',  ( -19.13417161825447721, 30.00000000000000711, 46.19397662556434625 ) ) ;
#1653 = CARTESIAN_POINT ( 'NONE',  ( -46.19397662556434625, 30.00000000000000711, 19.13417161825448432 ) ) ;
#1654 = DIRECTION ( 'NONE',  ( 1.000000000000000000, 0.000000000000000000, 0.000000000000000000 ) ) ;
#1655 = AXIS2_PLACEMENT_3D ( 'NONE', #1790, #1037, #1647 ) ;
#1656 = FACE_BOUND ( 'NONE', #1769, .T. ) ;
#1657 = AXIS2_PLACEMENT_3D ( 'NONE', #1499, #455, #571 ) ;
#1658 = AXIS2_PLACEMENT_3D ( 'NONE', #1679, #1514, #1410 ) ;
#1659 = FACE_OUTER_BOUND ( 'NONE', #629, .T. ) ;
#1660 = EDGE_LOOP ( 'NONE', ( #1201, #280 ) ) ;
#1661 = AXIS2_PLACEMENT_3D ( 'NONE', #380, #1131, #74 ) ;
#1662 = DIRECTION ( 'NONE',  ( 0.000000000000000000, 0.000000000000000000, -1.000000000000000000 ) ) ;
#1663 = ORIENTED_EDGE ( 'NONE', *, *, #1816, .T. ) ;
#1664 = LINE ( 'NONE', #1476, #173 ) ;
#1665 = FACE_OUTER_BOUND ( 'NONE', #1877, .T. ) ;
#1666 = DIRECTION ( 'NONE',  ( -0.000000000000000000, -1.000000000000000000, -0.000000000000000000 ) ) ;
#1667 = PLANE ( 'NONE',  #414 ) ;
#1668 = DIRECTION ( 'NONE',  ( 0.000000000000000000, 0.000000000000000000, 1.000000000000000000 ) ) ;
#1669 = ORIENTED_EDGE ( 'NONE', *, *, #1687, .T. ) ;
#1670 = DIRECTION ( 'NONE',  ( -1.000000000000000000, -0.000000000000000000, -0.000000000000000000 ) ) ;
#1671 = VERTEX_POINT ( 'NONE', #381 ) ;
#1672 = DIRECTION ( 'NONE',  ( 0.000000000000000000, 0.000000000000000000, -1.000000000000000000 ) ) ;
#1673 = LINE ( 'NONE', #146, #1243 ) ;
#1674 = CARTESIAN_POINT ( 'NONE',  ( 56.00000000000000000, 20.00000000000000355, 30.00000000000000000 ) ) ;
#1675 = FACE_BOUND ( 'NONE', #1537, .T. ) ;
#1676 = CARTESIAN_POINT ( 'NONE',  ( -19.13417161825447721, 30.00000000000000711, 48.94397662556435336 ) ) ;
#1677 = EDGE_CURVE ( 'NONE', #34, #1938, #1124, .T. ) ;
#1678 = VERTEX_POINT ( 'NONE', #984 ) ;
#1679 = CARTESIAN_POINT ( 'NONE',  ( -68.00000000000000000, -25.86862691031603134, -10.71513610622251456 ) ) ;
#1680 = ORIENTED_EDGE ( 'NONE', *, *, #426, .F. ) ;
#1681 = CARTESIAN_POINT ( 'NONE',  ( -76.00000000000000000, -25.86862691031603134, -10.71513610622251456 ) ) ;
#1682 = CALENDAR_DATE ( 2026, 24, 9 ) ;
#1683 = DIRECTION ( 'NONE',  ( 1.000000000000000000, 0.000000000000000000, 0.000000000000000000 ) ) ;
#1684 = DIRECTION ( 'NONE',  ( -1.000000000000000000, -0.000000000000000000, -0.000000000000000000 ) ) ;
#1685 = ADVANCED_FACE ( 'NONE', ( #842 ), #1158, .F. ) ;
#1686 = AXIS2_PLACEMENT_3D ( 'NONE', #1028, #608, #1198 ) ;
#1687 = EDGE_CURVE ( 'NONE', #1308, #282, #1424, .T. ) ;
#1688 = EDGE_LOOP ( 'NONE', ( #1950, #1823 ) ) ;
#1689 = DIRECTION ( 'NONE',  ( -1.000000000000000000, -0.000000000000000000, -0.000000000000000000 ) ) ;
#1690 = ORIENTED_EDGE ( 'NONE', *, *, #1145, .F. ) ;
#1691 = CIRCLE ( 'NONE', #229, 2.750000000000002665 ) ;
#1692 = VERTEX_POINT ( 'NONE', #521 ) ;
#1693 = CIRCLE ( 'NONE', #461, 2.250000000000000444 ) ;
#1694 = PERSON_AND_ORGANIZATION ( #1100, #1454 ) ;
#1695 = DIRECTION ( 'NONE',  ( 0.000000000000000000, 0.000000000000000000, 1.000000000000000000 ) ) ;
#1696 = DIRECTION ( 'NONE',  ( 0.000000000000000000, 1.000000000000000000, 0.000000000000000000 ) ) ;
#1697 = ORIENTED_EDGE ( 'NONE', *, *, #120, .F. ) ;
#1698 = ORIENTED_EDGE ( 'NONE', *, *, #1605, .T. ) ;
#1699 = ORIENTED_EDGE ( 'NONE', *, *, #346, .F. ) ;
#1700 = EDGE_CURVE ( 'NONE', #736, #1800, #242, .T. ) ;
#1701 = LINE ( 'NONE', #1111, #1456 ) ;
#1702 = DIRECTION ( 'NONE',  ( 0.000000000000000000, 0.000000000000000000, -1.000000000000000000 ) ) ;
#1703 = VERTEX_POINT ( 'NONE', #1604 ) ;
#1704 = VERTEX_POINT ( 'NONE', #1728 ) ;
#1705 = EDGE_LOOP ( 'NONE', ( #1381, #739 ) ) ;
#1706 = COORDINATED_UNIVERSAL_TIME_OFFSET ( 5, 30, .AHEAD. ) ;
#1707 = EDGE_CURVE ( 'NONE', #117, #292, #1276, .T. ) ;
#1708 = CARTESIAN_POINT ( 'NONE',  ( -68.00000000000000000, -10.71513610622251633, 25.86862691031603134 ) ) ;
#1709 = FACE_OUTER_BOUND ( 'NONE', #1471, .T. ) ;
#1710 = AXIS2_PLACEMENT_3D ( 'NONE', #747, #311, #1016 ) ;
#1711 = VERTEX_POINT ( 'NONE', #1735 ) ;
#1712 = AXIS2_PLACEMENT_3D ( 'NONE', #598, #447, #1049 ) ;
#1713 = CIRCLE ( 'NONE', #172, 2.750000000000002665 ) ;
#1714 = VECTOR ( 'NONE', #1467, 1000.000000000000000 ) ;
#1715 = VERTEX_POINT ( 'NONE', #1439 ) ;
#1716 = CIRCLE ( 'NONE', #1115, 2.750000000000002665 ) ;
#1717 = CARTESIAN_POINT ( 'NONE',  ( -76.00000000000000000, 25.86862691031603134, 8.465136106222505674 ) ) ;
#1718 = AXIS2_PLACEMENT_3D ( 'NONE', #1250, #329, #936 ) ;
#1720 = EDGE_CURVE ( 'NONE', #1925, #1722, #75, .T. ) ;
#1719 = LINE ( 'NONE', #1231, #1021 ) ;
#1721 = LINE ( 'NONE', #368, #1845 ) ;
#1722 = VERTEX_POINT ( 'NONE', #264 ) ;
#1723 = CYLINDRICAL_SURFACE ( 'NONE', #9, 2.750000000000002665 ) ;
#1724 = MANIFOLD_SOLID_BREP ( 'Medial_Plate', #7 ) ;
#1725 = ORIENTED_EDGE ( 'NONE', *, *, #970, .F. ) ;
#1726 = EDGE_CURVE ( 'NONE', #292, #653, #1577, .T. ) ;
#1727 = FACE_OUTER_BOUND ( 'NONE', #801, .T. ) ;
#1728 = CARTESIAN_POINT ( 'NONE',  ( -76.00000000000000000, -25.86862691031603134, -8.465136106222514556 ) ) ;
#1729 = DIRECTION ( 'NONE',  ( 0.000000000000000000, 1.000000000000000000, 0.000000000000000000 ) ) ;
#1730 = EDGE_CURVE ( 'NONE', #284, #177, #1271, .T. ) ;
#1731 = CARTESIAN_POINT ( 'NONE',  ( 19.13417161825450208, 30.00000000000000711, 46.19397662556433204 ) ) ;
#1732 = DIRECTION ( 'NONE',  ( -1.000000000000000000, -0.000000000000000000, -0.000000000000000000 ) ) ;
#1733 = VERTEX_POINT ( 'NONE', #1753 ) ;
#1734 = CARTESIAN_POINT ( 'NONE',  ( -68.00000000000000000, 36.00000000000000711, 45.00000000000000000 ) ) ;
#1735 = CARTESIAN_POINT ( 'NONE',  ( -73.80000000000001137, 0.000000000000000000, 6.000000000000000000 ) ) ;
#1736 = PLANE ( 'NONE',  #778 ) ;
#1737 = EDGE_CURVE ( 'NONE', #1715, #363, #1840, .T. ) ;
#1738 = FACE_BOUND ( 'NONE', #1251, .T. ) ;
#1739 = DIRECTION ( 'NONE',  ( -0.000000000000000000, -1.000000000000000000, -0.000000000000000000 ) ) ;
#1740 = VERTEX_POINT ( 'NONE', #688 ) ;
#1741 = AXIS2_PLACEMENT_3D ( 'NONE', #1786, #919, #286 ) ;
#1742 = AXIS2_PLACEMENT_3D ( 'NONE', #725, #735, #1782 ) ;
#1743 = PLANE ( 'NONE',  #1216 ) ;
#1744 = AXIS2_PLACEMENT_3D ( 'NONE', #1196, #136, #1185 ) ;
#1745 = CARTESIAN_POINT ( 'NONE',  ( 46.19397662556434625, 20.00000000000000355, 19.13417161825448076 ) ) ;
#1746 = AXIS2_PLACEMENT_3D ( 'NONE', #1465, #1000, #273 ) ;
#1747 = FACE_OUTER_BOUND ( 'NONE', #494, .T. ) ;
#1748 = ORIENTED_EDGE ( 'NONE', *, *, #215, .F. ) ;
#1749 = LINE ( 'NONE', #838, #956 ) ;
#1750 = ORIENTED_EDGE ( 'NONE', *, *, #353, .F. ) ;
#1751 = EDGE_CURVE ( 'NONE', #483, #1740, #513, .T. ) ;
#1752 = CARTESIAN_POINT ( 'NONE',  ( -68.00000000000000000, 25.86862691031602779, -12.96513610622251989 ) ) ;
#1753 = CARTESIAN_POINT ( 'NONE',  ( -76.00000000000000000, 0.000000000000000000, 22.14999999999999858 ) ) ;
#1754 = DIRECTION ( 'NONE',  ( 0.000000000000000000, 0.000000000000000000, 1.000000000000000000 ) ) ;
#1755 = VERTEX_POINT ( 'NONE', #1452 ) ;
#1756 = ORIENTED_EDGE ( 'NONE', *, *, #1933, .T. ) ;
#1757 = CARTESIAN_POINT ( 'NONE',  ( 0.000000000000000000, 30.00000000000000711, -13.00000000000000000 ) ) ;
#1758 = ORIENTED_EDGE ( 'NONE', *, *, #1527, .T. ) ;
#1759 = ORIENTED_EDGE ( 'NONE', *, *, #1477, .F. ) ;
#1760 = EDGE_CURVE ( 'NONE', #653, #1129, #994, .T. ) ;
#1761 = LINE ( 'NONE', #869, #1144 ) ;
#1762 = DIRECTION ( 'NONE',  ( 0.000000000000000000, 0.000000000000000000, -1.000000000000000000 ) ) ;
#1763 = EDGE_CURVE ( 'NONE', #524, #567, #90, .T. ) ;
#1764 = CARTESIAN_POINT ( 'NONE',  ( 19.13417161825450208, 20.00000000000000355, 48.94397662556433914 ) ) ;
#1765 = EDGE_CURVE ( 'NONE', #924, #768, #1490, .T. ) ;
#1766 = CARTESIAN_POINT ( 'NONE',  ( -68.00000000000000000, 30.00000000000000711, -40.00000000000000000 ) ) ;
#1767 = ORIENTED_EDGE ( 'NONE', *, *, #73, .T. ) ;
#1768 = DIRECTION ( 'NONE',  ( -0.000000000000000000, -1.000000000000000000, -0.000000000000000000 ) ) ;
#1769 = EDGE_LOOP ( 'NONE', ( #305, #291 ) ) ;
#1770 = ORIENTED_EDGE ( 'NONE', *, *, #904, .F. ) ;
#1771 = CARTESIAN_POINT ( 'NONE',  ( 19.13417161825449497, 30.00000000000000711, -46.19397662556433914 ) ) ;
#1772 = CYLINDRICAL_SURFACE ( 'NONE', #777, 2.249999999999998668 ) ;
#1773 = AXIS2_PLACEMENT_3D ( 'NONE', #1077, #752, #1374 ) ;
#1774 = AXIS2_PLACEMENT_3D ( 'NONE', #566, #449, #1923 ) ;
#1775 = AXIS2_PLACEMENT_3D ( 'NONE', #1875, #76, #84 ) ;
#1776 = CARTESIAN_POINT ( 'NONE',  ( -68.00000000000000000, 0.000000000000000000, 6.000000000000000000 ) ) ;
#1777 = AXIS2_PLACEMENT_3D ( 'NONE', #1788, #468, #790 ) ;
#1778 = AXIS2_PLACEMENT_3D ( 'NONE', #728, #1785, #1940 ) ;
#1779 = CARTESIAN_POINT ( 'NONE',  ( -68.00000000000000000, -10.71513610622251633, 25.86862691031603134 ) ) ;
#1780 = CIRCLE ( 'NONE', #1014, 2.250000000000000444 ) ;
#1781 = EDGE_LOOP ( 'NONE', ( #269, #863 ) ) ;
#1782 = DIRECTION ( 'NONE',  ( -0.000000000000000000, 0.000000000000000000, 1.000000000000000000 ) ) ;
#1783 = ORIENTED_EDGE ( 'NONE', *, *, #479, .F. ) ;
#1784 = ORIENTED_EDGE ( 'NONE', *, *, #164, .T. ) ;
#1785 = DIRECTION ( 'NONE',  ( 1.000000000000000000, 0.000000000000000000, 0.000000000000000000 ) ) ;
#1786 = CARTESIAN_POINT ( 'NONE',  ( 30.00000000000000000, 30.00000000000000711, -56.00000000000000000 ) ) ;
#1787 = APPROVAL ( #501, 'UNSPECIFIED' ) ;
#1788 = CARTESIAN_POINT ( 'NONE',  ( 46.19397662556434625, 30.00000000000000711, 19.13417161825448076 ) ) ;
#1789 = FACE_BOUND ( 'NONE', #609, .T. ) ;
#1790 = CARTESIAN_POINT ( 'NONE',  ( 0.000000000000000000, 30.00000000000000711, 0.000000000000000000 ) ) ;
#1791 = VERTEX_POINT ( 'NONE', #902 ) ;
#1792 = CYLINDRICAL_SURFACE ( 'NONE', #1299, 22.14999999999999858 ) ;
#1793 = VERTEX_POINT ( 'NONE', #434 ) ;
#1794 = ORIENTED_EDGE ( 'NONE', *, *, #599, .F. ) ;
#1795 = LINE ( 'NONE', #762, #1902 ) ;
#1796 = DIRECTION ( 'NONE',  ( -1.000000000000000000, -0.000000000000000000, -0.000000000000000000 ) ) ;
#1797 = CARTESIAN_POINT ( 'NONE',  ( -46.19397662556433914, 30.00000000000000711, -19.13417161825449497 ) ) ;
#1798 = FACE_BOUND ( 'NONE', #750, .T. ) ;
#1799 = DIRECTION ( 'NONE',  ( 0.000000000000000000, 1.000000000000000000, 0.000000000000000000 ) ) ;
#1800 = VERTEX_POINT ( 'NONE', #155 ) ;
#1801 = DIRECTION ( 'NONE',  ( 1.000000000000000000, 0.000000000000000000, 0.000000000000000000 ) ) ;
#1802 = EDGE_LOOP ( 'NONE', ( #906, #1627 ) ) ;
#1803 = DIRECTION ( 'NONE',  ( 1.000000000000000000, 0.000000000000000000, 0.000000000000000000 ) ) ;
#1804 = DIRECTION ( 'NONE',  ( 0.000000000000000000, 0.000000000000000000, -1.000000000000000000 ) ) ;
#1805 = AXIS2_PLACEMENT_3D ( 'NONE', #905, #1799, #1357 ) ;
#1806 = FACE_OUTER_BOUND ( 'NONE', #1609, .T. ) ;
#1807 = AXIS2_PLACEMENT_3D ( 'NONE', #997, #676, #535 ) ;
#1808 = FACE_BOUND ( 'NONE', #1705, .T. ) ;
#1809 = CC_DESIGN_APPROVAL ( #1787, ( #1435 ) ) ;
#1810 = AXIS2_PLACEMENT_3D ( 'NONE', #844, #409, #1920 ) ;
#1811 = CYLINDRICAL_SURFACE ( 'NONE', #1013, 2.249999999999998668 ) ;
#1812 = CIRCLE ( 'NONE', #1058, 2.250000000000000444 ) ;
#1813 = VERTEX_POINT ( 'NONE', #1644 ) ;
#1814 = DIRECTION ( 'NONE',  ( 0.000000000000000000, 0.000000000000000000, -1.000000000000000000 ) ) ;
#1815 = ORIENTED_EDGE ( 'NONE', *, *, #489, .F. ) ;
#1816 = EDGE_CURVE ( 'NONE', #1081, #795, #642, .T. ) ;
#1817 = CARTESIAN_POINT ( 'NONE',  ( -68.00000000000000000, -25.86862691031603134, 8.465136106222511003 ) ) ;
#1818 = CARTESIAN_POINT ( 'NONE',  ( 19.13417161825450208, 30.00000000000000711, 48.94397662556433914 ) ) ;
#1819 = EDGE_CURVE ( 'NONE', #1382, #379, #1620, .T. ) ;
#1820 = DIRECTION ( 'NONE',  ( 0.000000000000000000, 0.000000000000000000, -1.000000000000000000 ) ) ;
#1821 = DIRECTION ( 'NONE',  ( 0.000000000000000000, 0.000000000000000000, -1.000000000000000000 ) ) ;
#1822 = CARTESIAN_POINT ( 'NONE',  ( -68.00000000000000000, 30.00000000000000711, -56.00000000000000000 ) ) ;
#1823 = ORIENTED_EDGE ( 'NONE', *, *, #1571, .F. ) ;
#1824 = CARTESIAN_POINT ( 'NONE',  ( -68.00000000000000000, 20.00000000000000355, -56.00000000000000000 ) ) ;
#1825 = ORIENTED_EDGE ( 'NONE', *, *, #1358, .T. ) ;
#1826 = DIRECTION ( 'NONE',  ( 0.000000000000000000, -0.000000000000000000, 1.000000000000000000 ) ) ;
#1828 = EDGE_CURVE ( 'NONE', #394, #474, #196, .T. ) ;
#1827 = PERSON_AND_ORGANIZATION ( #1100, #1454 ) ;
#1829 = DIRECTION ( 'NONE',  ( -0.000000000000000000, -1.000000000000000000, -0.000000000000000000 ) ) ;
#1831 = ADVANCED_FACE ( 'NONE', ( #614 ), #1633, .F. ) ;
#1830 = DIRECTION ( 'NONE',  ( 0.000000000000000000, 0.000000000000000000, 1.000000000000000000 ) ) ;
#1832 = EDGE_CURVE ( 'NONE', #1192, #1379, #1673, .T. ) ;
#1833 = ORIENTED_EDGE ( 'NONE', *, *, #491, .T. ) ;
#1834 = DIRECTION ( 'NONE',  ( -0.000000000000000000, 1.000000000000000000, -0.000000000000000000 ) ) ;
#1835 = EDGE_LOOP ( 'NONE', ( #866, #940 ) ) ;
#1836 = ORIENTED_EDGE ( 'NONE', *, *, #342, .F. ) ;
#1837 = CYLINDRICAL_SURFACE ( 'NONE', #456, 2.750000000000002665 ) ;
#1838 = DIRECTION ( 'NONE',  ( -0.000000000000000000, -1.000000000000000000, -0.000000000000000000 ) ) ;
#1839 = CARTESIAN_POINT ( 'NONE',  ( 56.00000000000000000, 20.00000000000000355, 30.00000000000000000 ) ) ;
#1840 = CIRCLE ( 'NONE', #1775, 2.750000000000002665 ) ;
#1841 = CIRCLE ( 'NONE', #358, 2.750000000000002665 ) ;
#1842 = ORIENTED_EDGE ( 'NONE', *, *, #1687, .F. ) ;
#1843 = EDGE_CURVE ( 'NONE', #704, #724, #1713, .T. ) ;
#1844 = VERTEX_POINT ( 'NONE', #133 ) ;
#1845 = VECTOR ( 'NONE', #1567, 1000.000000000000000 ) ;
#1846 = CIRCLE ( 'NONE', #1278, 6.000000000000000000 ) ;
#1847 = EDGE_LOOP ( 'NONE', ( #497, #1449 ) ) ;
#1848 = CALENDAR_DATE ( 2026, 24, 9 ) ;
#1849 = CARTESIAN_POINT ( 'NONE',  ( -19.13417161825448787, 30.00000000000000711, -46.19397662556433914 ) ) ;
#1850 = CARTESIAN_POINT ( 'NONE',  ( -68.00000000000000000, 25.86862691031603134, 10.71513610622250745 ) ) ;
#1851 = EDGE_CURVE ( 'NONE', #360, #1895, #1346, .T. ) ;
#1852 = ORIENTED_EDGE ( 'NONE', *, *, #569, .T. ) ;
#1853 = ORIENTED_EDGE ( 'NONE', *, *, #759, .T. ) ;
#1854 = ADVANCED_FACE ( 'NONE', ( #1941 ), #444, .F. ) ;
#1855 = ORIENTED_EDGE ( 'NONE', *, *, #1597, .T. ) ;
#1856 = CARTESIAN_POINT ( 'NONE',  ( -68.00000000000000000, 25.86862691031603134, 12.96513610622250745 ) ) ;
#1857 = LINE ( 'NONE', #944, #618 ) ;
#1858 = ORIENTED_EDGE ( 'NONE', *, *, #1607, .F. ) ;
#1859 = ORIENTED_EDGE ( 'NONE', *, *, #1547, .T. ) ;
#1860 = MECHANICAL_CONTEXT ( 'NONE', #301, 'mechanical' ) ;
#1861 = ADVANCED_FACE ( 'NONE', ( #763 ), #1772, .F. ) ;
#1862 = DIRECTION ( 'NONE',  ( 0.000000000000000000, 0.000000000000000000, -1.000000000000000000 ) ) ;
#1863 = DIRECTION ( 'NONE',  ( 0.000000000000000000, 1.000000000000000000, 0.000000000000000000 ) ) ;
#1864 = CARTESIAN_POINT ( 'NONE',  ( 56.00000000000000000, 30.00000000000000711, 30.00000000000000000 ) ) ;
#1865 = FACE_BOUND ( 'NONE', #1269, .T. ) ;
#1866 = CIRCLE ( 'NONE', #227, 2.249999999999998668 ) ;
#1867 = AXIS2_PLACEMENT_3D ( 'NONE', #907, #1505, #152 ) ;
#1868 = VECTOR ( 'NONE', #467, 1000.000000000000000 ) ;
#1869 = AXIS2_PLACEMENT_3D ( 'NONE', #424, #1026, #123 ) ;
#1870 = LINE ( 'NONE', #230, #1896 ) ;
#1871 = EDGE_LOOP ( 'NONE', ( #536, #259, #1388, #1725 ) ) ;
#1872 = CIRCLE ( 'NONE', #1018, 2.750000000000002665 ) ;
#1873 = CARTESIAN_POINT ( 'NONE',  ( -46.19397662556434625, 20.00000000000000355, 16.38417161825448076 ) ) ;
#1874 = VECTOR ( 'NONE', #1378, 1000.000000000000000 ) ;
#1875 = CARTESIAN_POINT ( 'NONE',  ( -19.13417161825447721, 30.00000000000000711, 46.19397662556434625 ) ) ;
#1876 = CYLINDRICAL_SURFACE ( 'NONE', #1521, 2.750000000000002665 ) ;
#1877 = EDGE_LOOP ( 'NONE', ( #1939, #886, #982, #1904 ) ) ;
#1878 = DIRECTION ( 'NONE',  ( 0.000000000000000000, 0.000000000000000000, 1.000000000000000000 ) ) ;
#1879 = ORIENTED_EDGE ( 'NONE', *, *, #1534, .F. ) ;
#1880 = DIRECTION ( 'NONE',  ( 0.000000000000000000, 0.000000000000000000, -1.000000000000000000 ) ) ;
#1881 = EDGE_CURVE ( 'NONE', #524, #51, #1354, .T. ) ;
#1882 = DIRECTION ( 'NONE',  ( -0.000000000000000000, -0.000000000000000000, 1.000000000000000000 ) ) ;
#1883 = CARTESIAN_POINT ( 'NONE',  ( -68.00000000000000000, 36.00000000000000711, 45.00000000000000000 ) ) ;
#1884 = EDGE_CURVE ( 'NONE', #1533, #554, #1140, .T. ) ;
#1885 = FACE_BOUND ( 'NONE', #1802, .T. ) ;
#1886 = CYLINDRICAL_SURFACE ( 'NONE', #1584, 2.250000000000000444 ) ;
#1887 = EDGE_LOOP ( 'NONE', ( #115, #1593, #1256, #42 ) ) ;
#1888 = DIRECTION ( 'NONE',  ( -0.000000000000000000, 1.000000000000000000, -0.000000000000000000 ) ) ;
#1889 = DIRECTION ( 'NONE',  ( 0.000000000000000000, 1.000000000000000000, 0.000000000000000000 ) ) ;
#1890 = CARTESIAN_POINT ( 'NONE',  ( -68.00000000000000000, -25.86862691031603134, 12.96513610622251278 ) ) ;
#1891 = EDGE_LOOP ( 'NONE', ( #1063, #1189, #332, #602 ) ) ;
#1892 = AXIS2_PLACEMENT_3D ( 'NONE', #1731, #534, #1458 ) ;
#1893 = EDGE_CURVE ( 'NONE', #1535, #128, #6, .T. ) ;
#1894 = DIRECTION ( 'NONE',  ( 0.000000000000000000, 0.000000000000000000, 1.000000000000000000 ) ) ;
#1895 = VERTEX_POINT ( 'NONE', #1205 ) ;
#1896 = VECTOR ( 'NONE', #1610, 1000.000000000000000 ) ;
#1897 = AXIS2_PLACEMENT_3D ( 'NONE', #1220, #910, #122 ) ;
#1898 = AXIS2_PLACEMENT_3D ( 'NONE', #1440, #1160, #251 ) ;
#1899 = DIRECTION ( 'NONE',  ( -1.000000000000000000, -0.000000000000000000, -0.000000000000000000 ) ) ;
#1900 = AXIS2_PLACEMENT_3D ( 'NONE', #1771, #686, #407 ) ;
#1901 = CARTESIAN_POINT ( 'NONE',  ( 56.00000000000000000, 30.00000000000000711, 30.00000000000000000 ) ) ;
#1902 = VECTOR ( 'NONE', #132, 1000.000000000000000 ) ;
#1903 = DIRECTION ( 'NONE',  ( 0.000000000000000000, 0.000000000000000000, -1.000000000000000000 ) ) ;
#1904 = ORIENTED_EDGE ( 'NONE', *, *, #978, .F. ) ;
#1905 = EDGE_LOOP ( 'NONE', ( #898, #1756, #1095, #1640 ) ) ;
#1906 = DIRECTION ( 'NONE',  ( -1.000000000000000000, -0.000000000000000000, -0.000000000000000000 ) ) ;
#1907 = EDGE_LOOP ( 'NONE', ( #547, #813, #184, #1368, #141, #1074 ) ) ;
#1908 = ADVANCED_FACE ( 'NONE', ( #1665 ), #307, .F. ) ;
#1909 = ORIENTED_EDGE ( 'NONE', *, *, #698, .F. ) ;
#1910 = DIRECTION ( 'NONE',  ( -0.000000000000000000, -1.000000000000000000, -0.000000000000000000 ) ) ;
#1911 = DIRECTION ( 'NONE',  ( -0.000000000000000000, -1.000000000000000000, -0.000000000000000000 ) ) ;
#1912 = LINE ( 'NONE', #1479, #1492 ) ;
#1913 = DIRECTION ( 'NONE',  ( 0.000000000000000000, 1.000000000000000000, 0.000000000000000000 ) ) ;
#1914 = ORIENTED_EDGE ( 'NONE', *, *, #1884, .T. ) ;
#1915 = FACE_BOUND ( 'NONE', #603, .T. ) ;
#1916 = ORIENTED_EDGE ( 'NONE', *, *, #1884, .F. ) ;
#1917 = ORIENTED_EDGE ( 'NONE', *, *, #1202, .T. ) ;
#1918 = LINE ( 'NONE', #710, #361 ) ;
#1919 = DIRECTION ( 'NONE',  ( 1.000000000000000000, 0.000000000000000000, 0.000000000000000000 ) ) ;
#1920 = DIRECTION ( 'NONE',  ( 0.000000000000000000, 0.000000000000000000, -1.000000000000000000 ) ) ;
#1921 = DIRECTION ( 'NONE',  ( 0.000000000000000000, 1.000000000000000000, 0.000000000000000000 ) ) ;
#1922 = ORIENTED_EDGE ( 'NONE', *, *, #1819, .T. ) ;
#1923 = DIRECTION ( 'NONE',  ( 0.000000000000000000, 0.000000000000000000, 1.000000000000000000 ) ) ;
#1924 = ORIENTED_EDGE ( 'NONE', *, *, #730, .T. ) ;
#1925 = VERTEX_POINT ( 'NONE', #421 ) ;
#1926 = PLANE ( 'NONE',  #1773 ) ;
#1927 = CARTESIAN_POINT ( 'NONE',  ( -76.00000000000000000, 25.86862691031603134, 10.71513610622250745 ) ) ;
#1928 = AXIS2_PLACEMENT_3D ( 'NONE', #1348, #755, #1944 ) ;
#1929 = VECTOR ( 'NONE', #1768, 1000.000000000000000 ) ;
#1930 = LINE ( 'NONE', #1011, #457 ) ;
#1931 = CIRCLE ( 'NONE', #1302, 22.14999999999999858 ) ;
#1933 = EDGE_CURVE ( 'NONE', #411, #724, #1508, .T. ) ;
#1932 = CARTESIAN_POINT ( 'NONE',  ( -68.00000000000000000, -25.86862691031603134, 12.96513610622251278 ) ) ;
#1934 = DIRECTION ( 'NONE',  ( -0.000000000000000000, -1.000000000000000000, -0.000000000000000000 ) ) ;
#1935 = AXIS2_PLACEMENT_3D ( 'NONE', #478, #1696, #189 ) ;
#1936 = ORIENTED_EDGE ( 'NONE', *, *, #718, .T. ) ;
#1937 = CARTESIAN_POINT ( 'NONE',  ( -19.13417161825447721, 30.00000000000000711, 43.44397662556434625 ) ) ;
#1938 = VERTEX_POINT ( 'NONE', #1067 ) ;
#1939 = ORIENTED_EDGE ( 'NONE', *, *, #1677, .F. ) ;
#1940 = DIRECTION ( 'NONE',  ( 0.000000000000000000, 0.000000000000000000, -1.000000000000000000 ) ) ;
#1941 = FACE_OUTER_BOUND ( 'NONE', #1891, .T. ) ;
#1942 = EDGE_CURVE ( 'NONE', #554, #1533, #1054, .T. ) ;
#1943 = DIRECTION ( 'NONE',  ( -1.000000000000000000, -0.000000000000000000, -0.000000000000000000 ) ) ;
#1944 = DIRECTION ( 'NONE',  ( -0.000000000000000000, 0.000000000000000000, 1.000000000000000000 ) ) ;
#1945 = CARTESIAN_POINT ( 'NONE',  ( -19.13417161825448787, 30.00000000000000711, -48.94397662556433914 ) ) ;
#1946 = EDGE_LOOP ( 'NONE', ( #1007, #829 ) ) ;
#1947 = ADVANCED_FACE ( 'NONE', ( #932 ), #1837, .F. ) ;
#1948 = DIRECTION ( 'NONE',  ( 0.000000000000000000, 1.000000000000000000, 0.000000000000000000 ) ) ;
#1949 = ORIENTED_EDGE ( 'NONE', *, *, #789, .T. ) ;
#1950 = ORIENTED_EDGE ( 'NONE', *, *, #789, .F. ) ;
#1951 = DIRECTION ( 'NONE',  ( -0.000000000000000000, -0.000000000000000000, -1.000000000000000000 ) ) ;
#1952 = CARTESIAN_POINT ( 'NONE',  ( 30.00000000000000000, 20.00000000000000355, -56.00000000000000000 ) ) ;
#1953 = CARTESIAN_POINT ( 'NONE',  ( -68.00000000000000000, 7.347880794884119736E-16, -6.000000000000000000 ) ) ;
#1954 = FACE_BOUND ( 'NONE', #93, .T. ) ;
#1955 = CARTESIAN_POINT ( 'NONE',  ( -76.00000000000000000, -10.71513610622251278, -25.86862691031603134 ) ) ;
ENDSEC;
END-ISO-10303-21;
