ISO-10303-21;
HEADER;
FILE_DESCRIPTION (( 'STEP AP203' ),
    '1' );
FILE_NAME ('JX1_Thigh_R.STEP',
    '2026-09-24T05:38:05',
    ( '' ),
    ( '' ),
    'SwSTEP 2.0',
    'SolidWorks 2026',
    '' );
FILE_SCHEMA (( 'CONFIG_CONTROL_DESIGN' ));
ENDSEC;

DATA;
#1 = AXIS2_PLACEMENT_3D ( 'NONE', #76, #1544, #2591 ) ;
#2 = EDGE_LOOP ( 'NONE', ( #1853, #844, #1375, #1412 ) ) ;
#3 = ORIENTED_EDGE ( 'NONE', *, *, #784, .F. ) ;
#4 = VECTOR ( 'NONE', #1902, 1000.000000000000000 ) ;
#5 = PLANE ( 'NONE',  #319 ) ;
#6 = VECTOR ( 'NONE', #1445, 1000.000000000000000 ) ;
#7 = ORIENTED_EDGE ( 'NONE', *, *, #634, .T. ) ;
#8 = VERTEX_POINT ( 'NONE', #2728 ) ;
#9 = CIRCLE ( 'NONE', #943, 10.99999999999999645 ) ;
#10 = CALENDAR_DATE ( 2026, 24, 9 ) ;
#11 = CARTESIAN_POINT ( 'NONE',  ( -46.19397662556433914, -36.00000000000000000, -289.1341716182545269 ) ) ;
#12 = AXIS2_PLACEMENT_3D ( 'NONE', #1757, #2569, #1547 ) ;
#13 = EDGE_CURVE ( 'NONE', #2733, #2022, #1456, .T. ) ;
#14 = ORIENTED_EDGE ( 'NONE', *, *, #478, .F. ) ;
#15 = DIRECTION ( 'NONE',  ( -0.9238795325112870716, 0.000000000000000000, -0.3826834323650892822 ) ) ;
#16 = DIRECTION ( 'NONE',  ( 0.000000000000000000, 1.000000000000000000, 0.000000000000000000 ) ) ;
#17 = DIRECTION ( 'NONE',  ( 0.000000000000000000, 0.000000000000000000, 1.000000000000000000 ) ) ;
#18 = FACE_BOUND ( 'NONE', #1543, .T. ) ;
#19 = EDGE_CURVE ( 'NONE', #2175, #1005, #1483, .T. ) ;
#20 = ORIENTED_EDGE ( 'NONE', *, *, #802, .T. ) ;
#21 = ORIENTED_EDGE ( 'NONE', *, *, #613, .T. ) ;
#22 = FACE_OUTER_BOUND ( 'NONE', #1811, .T. ) ;
#23 = ORIENTED_EDGE ( 'NONE', *, *, #385, .F. ) ;
#24 = EDGE_LOOP ( 'NONE', ( #949, #1536, #1422, #660 ) ) ;
#25 = DATE_TIME_ROLE ( 'classification_date' ) ;
#26 = DIRECTION ( 'NONE',  ( 0.000000000000000000, 0.000000000000000000, -1.000000000000000000 ) ) ;
#27 = LINE ( 'NONE', #1933, #1210 ) ;
#28 = VERTEX_POINT ( 'NONE', #2104 ) ;
#29 = DIRECTION ( 'NONE',  ( 0.000000000000000000, 0.000000000000000000, 1.000000000000000000 ) ) ;
#30 = CARTESIAN_POINT ( 'NONE',  ( 12.24586983568288012, -36.00000000000000000, 26.81414504036117208 ) ) ;
#31 = DIRECTION ( 'NONE',  ( 0.9853505058554479223, 0.000000000000000000, -0.1705414337057505891 ) ) ;
#32 = FACE_BOUND ( 'NONE', #1716, .T. ) ;
#33 = VERTEX_POINT ( 'NONE', #1064 ) ;
#34 = EDGE_CURVE ( 'NONE', #978, #2445, #1470, .T. ) ;
#35 = ORIENTED_EDGE ( 'NONE', *, *, #836, .T. ) ;
#36 = EDGE_CURVE ( 'NONE', #629, #863, #652, .T. ) ;
#37 = ORIENTED_EDGE ( 'NONE', *, *, #1495, .T. ) ;
#38 = DIRECTION ( 'NONE',  ( 0.000000000000000000, 1.000000000000000000, 0.000000000000000000 ) ) ;
#39 = CARTESIAN_POINT ( 'NONE',  ( 32.00000000000000000, -36.00000000000000000, 40.00000000000000000 ) ) ;
#40 = ORIENTED_EDGE ( 'NONE', *, *, #2495, .T. ) ;
#41 = CARTESIAN_POINT ( 'NONE',  ( 32.00000000000000000, -46.00000000000000000, 40.00000000000000000 ) ) ;
#42 = LINE ( 'NONE', #2609, #859 ) ;
#43 = FACE_BOUND ( 'NONE', #1426, .T. ) ;
#44 = VECTOR ( 'NONE', #1292, 1000.000000000000000 ) ;
#45 = ORIENTED_EDGE ( 'NONE', *, *, #2027, .F. ) ;
#46 = ORIENTED_EDGE ( 'NONE', *, *, #1669, .T. ) ;
#47 = EDGE_CURVE ( 'NONE', #178, #1293, #1497, .T. ) ;
#48 = CIRCLE ( 'NONE', #2505, 2.749999999999999112 ) ;
#49 = UNCERTAINTY_MEASURE_WITH_UNIT (LENGTH_MEASURE( 1.000000000000000082E-05 ), #2471, 'distance_accuracy_value', 'NONE');
#50 = AXIS2_PLACEMENT_3D ( 'NONE', #612, #2341, #2297 ) ;
#51 = EDGE_CURVE ( 'NONE', #571, #1810, #262, .T. ) ;
#52 = ORIENTED_EDGE ( 'NONE', *, *, #1765, .F. ) ;
#53 = AXIS2_PLACEMENT_3D ( 'NONE', #1130, #1351, #2605 ) ;
#54 = DIRECTION ( 'NONE',  ( 0.000000000000000000, 0.000000000000000000, 1.000000000000000000 ) ) ;
#55 = CIRCLE ( 'NONE', #1080, 6.000000000000000000 ) ;
#56 = DIRECTION ( 'NONE',  ( 0.000000000000000000, 0.000000000000000000, -1.000000000000000000 ) ) ;
#57 = VERTEX_POINT ( 'NONE', #202 ) ;
#58 = AXIS2_PLACEMENT_3D ( 'NONE', #2745, #619, #1719 ) ;
#59 = CARTESIAN_POINT ( 'NONE',  ( -30.00000000000000000, -15.99999999999999645, -61.09991680526687929 ) ) ;
#60 = FACE_BOUND ( 'NONE', #2221, .T. ) ;
#61 = FACE_OUTER_BOUND ( 'NONE', #1623, .T. ) ;
#62 = VERTEX_POINT ( 'NONE', #2296 ) ;
#63 = ORIENTED_EDGE ( 'NONE', *, *, #1656, .T. ) ;
#64 = CARTESIAN_POINT ( 'NONE',  ( -19.13417161825448787, -36.00000000000000000, -316.1939766255643463 ) ) ;
#65 = FACE_OUTER_BOUND ( 'NONE', #244, .T. ) ;
#66 = VERTEX_POINT ( 'NONE', #1052 ) ;
#67 = DIRECTION ( 'NONE',  ( 0.000000000000000000, 1.000000000000000000, 0.000000000000000000 ) ) ;
#68 = CARTESIAN_POINT ( 'NONE',  ( -22.00000000000000000, -36.00000000000000000, -35.59768778401239331 ) ) ;
#69 = CARTESIAN_POINT ( 'NONE',  ( -29.56414504036117918, -46.00000000000000000, 12.24586983568286946 ) ) ;
#70 = ADVANCED_FACE ( 'NONE', ( #171 ), #2307, .F. ) ;
#71 = ORIENTED_EDGE ( 'NONE', *, *, #2264, .F. ) ;
#72 = CARTESIAN_POINT ( 'NONE',  ( -12.24586983568286414, -36.00000000000000000, 32.31414504036118274 ) ) ;
#73 = EDGE_LOOP ( 'NONE', ( #2076, #2319 ) ) ;
#74 = CARTESIAN_POINT ( 'NONE',  ( -22.00000000000000000, -15.99999999999999645, -61.09991680526687929 ) ) ;
#75 = DIRECTION ( 'NONE',  ( 0.1029093542216269058, 0.000000000000000000, 0.9946907382768211958 ) ) ;
#76 = CARTESIAN_POINT ( 'NONE',  ( 12.24586983568287479, -36.00000000000000000, -29.56414504036117563 ) ) ;
#77 = LINE ( 'NONE', #929, #1429 ) ;
#78 = VERTEX_POINT ( 'NONE', #1887 ) ;
#79 = DIRECTION ( 'NONE',  ( -0.000000000000000000, -1.000000000000000000, -0.000000000000000000 ) ) ;
#80 = FACE_OUTER_BOUND ( 'NONE', #331, .T. ) ;
#81 = CARTESIAN_POINT ( 'NONE',  ( 30.00000000000000000, -15.99999999999999645, -206.0000000000000284 ) ) ;
#82 = VERTEX_POINT ( 'NONE', #832 ) ;
#83 = EDGE_CURVE ( 'NONE', #1835, #178, #1510, .T. ) ;
#84 = DIRECTION ( 'NONE',  ( 0.000000000000000000, -1.000000000000000000, 0.000000000000000000 ) ) ;
#85 = VERTEX_POINT ( 'NONE', #1308 ) ;
#86 = AXIS2_PLACEMENT_3D ( 'NONE', #1822, #2672, #768 ) ;
#87 = CIRCLE ( 'NONE', #2273, 2.750000000000002665 ) ;
#88 = CARTESIAN_POINT ( 'NONE',  ( -29.56414504036117563, -36.00000000000000000, -14.99586983568287479 ) ) ;
#89 = CARTESIAN_POINT ( 'NONE',  ( 22.00000000000000000, 0.000000000000000000, 0.000000000000000000 ) ) ;
#90 = CIRCLE ( 'NONE', #1915, 10.99999999999999645 ) ;
#91 = DIRECTION ( 'NONE',  ( -0.000000000000000000, -1.000000000000000000, -0.000000000000000000 ) ) ;
#92 = AXIS2_PLACEMENT_3D ( 'NONE', #1054, #1041, #2514 ) ;
#93 = ORIENTED_EDGE ( 'NONE', *, *, #1019, .F. ) ;
#94 = CARTESIAN_POINT ( 'NONE',  ( -12.24586983568286414, -36.00000000000000000, 29.56414504036117918 ) ) ;
#95 = DIRECTION ( 'NONE',  ( 0.000000000000000000, -0.000000000000000000, -1.000000000000000000 ) ) ;
#96 = CIRCLE ( 'NONE', #2371, 2.750000000000002665 ) ;
#97 = EDGE_CURVE ( 'NONE', #679, #2010, #2163, .T. ) ;
#98 = ORIENTED_EDGE ( 'NONE', *, *, #888, .T. ) ;
#99 = VECTOR ( 'NONE', #2531, 1000.000000000000000 ) ;
#100 = LINE ( 'NONE', #1929, #2056 ) ;
#101 = ADVANCED_FACE ( 'NONE', ( #2576 ), #662, .F. ) ;
#102 = AXIS2_PLACEMENT_3D ( 'NONE', #657, #16, #2345 ) ;
#103 = EDGE_LOOP ( 'NONE', ( #1738, #1172, #2648, #689 ) ) ;
#104 = CC_DESIGN_APPROVAL ( #1262, ( #554 ) ) ;
#105 = LINE ( 'NONE', #1168, #2589 ) ;
#106 = CARTESIAN_POINT ( 'NONE',  ( 12.24586983568287479, -36.00000000000000000, -26.81414504036117563 ) ) ;
#107 = ORIENTED_EDGE ( 'NONE', *, *, #1771, .F. ) ;
#108 = DIRECTION ( 'NONE',  ( 0.000000000000000000, -0.000000000000000000, -1.000000000000000000 ) ) ;
#109 = EDGE_LOOP ( 'NONE', ( #1580, #875 ) ) ;
#110 = DIRECTION ( 'NONE',  ( 0.000000000000000000, 0.000000000000000000, 1.000000000000000000 ) ) ;
#111 = DIRECTION ( 'NONE',  ( 0.000000000000000000, 1.000000000000000000, 0.000000000000000000 ) ) ;
#112 = EDGE_LOOP ( 'NONE', ( #1325, #2179 ) ) ;
#113 = FACE_OUTER_BOUND ( 'NONE', #153, .T. ) ;
#114 = ORIENTED_EDGE ( 'NONE', *, *, #1465, .F. ) ;
#115 = EDGE_CURVE ( 'NONE', #855, #861, #2759, .T. ) ;
#116 = CARTESIAN_POINT ( 'NONE',  ( 46.19397662556433914, -36.00000000000000000, -291.8841716182545269 ) ) ;
#117 = LINE ( 'NONE', #2295, #6 ) ;
#118 = ORIENTED_EDGE ( 'NONE', *, *, #2578, .F. ) ;
#119 = CARTESIAN_POINT ( 'NONE',  ( 48.00000000000000000, -36.00000000000000000, -214.0000000000000284 ) ) ;
#120 = CARTESIAN_POINT ( 'NONE',  ( -19.13417161825448787, -46.00000000000000000, -318.9439766255643463 ) ) ;
#121 = CARTESIAN_POINT ( 'NONE',  ( 46.19397662556434625, -36.00000000000000000, -248.1158283817455299 ) ) ;
#122 = ORIENTED_EDGE ( 'NONE', *, *, #2450, .T. ) ;
#123 = ORIENTED_EDGE ( 'NONE', *, *, #682, .T. ) ;
#124 = DIRECTION ( 'NONE',  ( 0.000000000000000000, 0.000000000000000000, 1.000000000000000000 ) ) ;
#125 = CARTESIAN_POINT ( 'NONE',  ( 1.592040838891557715E-15, -36.00000000000000000, -257.0000000000000000 ) ) ;
#126 = ORIENTED_EDGE ( 'NONE', *, *, #268, .F. ) ;
#127 = AXIS2_PLACEMENT_3D ( 'NONE', #2090, #1241, #603 ) ;
#128 = DIRECTION ( 'NONE',  ( 0.000000000000000000, 1.000000000000000000, 0.000000000000000000 ) ) ;
#129 = DIRECTION ( 'NONE',  ( -0.1262542796739151152, 0.000000000000000000, -0.9919979117236189525 ) ) ;
#130 = VERTEX_POINT ( 'NONE', #1895 ) ;
#131 = AXIS2_PLACEMENT_3D ( 'NONE', #1008, #812, #124 ) ;
#132 = ADVANCED_FACE ( 'NONE', ( #1478, #1288, #197, #18, #2532, #2378, #1104, #839, #869, #1947, #632, #1506, #1523, #2359, #672, #43, #447, #1275, #1302, #32, #884, #468 ), #1317, .T. ) ;
#133 = DIRECTION ( 'NONE',  ( -0.000000000000000000, -1.000000000000000000, -0.000000000000000000 ) ) ;
#134 = AXIS2_PLACEMENT_3D ( 'NONE', #141, #992, #617 ) ;
#135 = DATE_AND_TIME ( #1218, #1530 ) ;
#136 = FACE_OUTER_BOUND ( 'NONE', #1165, .T. ) ;
#137 = EDGE_CURVE ( 'NONE', #78, #2360, #1910, .T. ) ;
#138 = CIRCLE ( 'NONE', #2506, 6.000000000000000000 ) ;
#139 = ORIENTED_EDGE ( 'NONE', *, *, #36, .T. ) ;
#140 = EDGE_LOOP ( 'NONE', ( #21, #1969, #2336, #1711 ) ) ;
#141 = CARTESIAN_POINT ( 'NONE',  ( 0.000000000000000000, -36.00000000000000000, 0.000000000000000000 ) ) ;
#142 = AXIS2_PLACEMENT_3D ( 'NONE', #330, #1185, #1997 ) ;
#143 = DIRECTION ( 'NONE',  ( 0.000000000000000000, 0.000000000000000000, -1.000000000000000000 ) ) ;
#144 = VERTEX_POINT ( 'NONE', #2182 ) ;
#145 = CIRCLE ( 'NONE', #2681, 2.749999999999999112 ) ;
#146 = CARTESIAN_POINT ( 'NONE',  ( -22.00000000000000000, -15.99999999999999645, -206.0000000000000284 ) ) ;
#147 = CARTESIAN_POINT ( 'NONE',  ( -30.00000000000000000, -36.00000000000000000, -35.59768778401239331 ) ) ;
#148 = VERTEX_POINT ( 'NONE', #301 ) ;
#149 = CARTESIAN_POINT ( 'NONE',  ( 12.24586983568288012, -36.00000000000000000, 29.56414504036117208 ) ) ;
#150 = COORDINATED_UNIVERSAL_TIME_OFFSET ( 5, 30, .AHEAD. ) ;
#151 = DIRECTION ( 'NONE',  ( 0.000000000000000000, 0.000000000000000000, 1.000000000000000000 ) ) ;
#152 = DIRECTION ( 'NONE',  ( -0.000000000000000000, -1.000000000000000000, -0.000000000000000000 ) ) ;
#153 = EDGE_LOOP ( 'NONE', ( #71, #1356, #2355, #2511 ) ) ;
#154 = ORIENTED_EDGE ( 'NONE', *, *, #2435, .T. ) ;
#155 = CARTESIAN_POINT ( 'NONE',  ( -22.00000000000000000, -15.99999999999999645, -61.09991680526687929 ) ) ;
#156 = EDGE_CURVE ( 'NONE', #66, #2606, #1512, .T. ) ;
#157 = DIRECTION ( 'NONE',  ( 0.000000000000000000, 0.000000000000000000, 1.000000000000000000 ) ) ;
#158 = CARTESIAN_POINT ( 'NONE',  ( -31.11193304909772550, -36.00000000000000000, -316.5622982889425430 ) ) ;
#159 = CARTESIAN_POINT ( 'NONE',  ( -29.56414504036117563, -46.00000000000000000, -14.99586983568287479 ) ) ;
#160 = ORIENTED_EDGE ( 'NONE', *, *, #1349, .F. ) ;
#161 = DIRECTION ( 'NONE',  ( 0.000000000000000000, 1.000000000000000000, 0.000000000000000000 ) ) ;
#162 = PERSON_AND_ORGANIZATION ( #1508, #239 ) ;
#163 = CARTESIAN_POINT ( 'NONE',  ( 19.13417161825450208, -36.00000000000000000, -221.0560233744356537 ) ) ;
#164 = EDGE_CURVE ( 'NONE', #2662, #78, #1991, .T. ) ;
#165 = ORIENTED_EDGE ( 'NONE', *, *, #1413, .F. ) ;
#166 = CARTESIAN_POINT ( 'NONE',  ( 12.24586983568287479, -36.00000000000000000, -26.81414504036117563 ) ) ;
#167 = DIRECTION ( 'NONE',  ( 0.000000000000000000, 1.000000000000000000, 0.000000000000000000 ) ) ;
#168 = EDGE_CURVE ( 'NONE', #8, #825, #2597, .T. ) ;
#169 = ORIENTED_EDGE ( 'NONE', *, *, #243, .T. ) ;
#170 = DIRECTION ( 'NONE',  ( 0.000000000000000000, 0.000000000000000000, 1.000000000000000000 ) ) ;
#171 = FACE_OUTER_BOUND ( 'NONE', #469, .T. ) ;
#172 = AXIS2_PLACEMENT_3D ( 'NONE', #2207, #742, #487 ) ;
#173 = DIRECTION ( 'NONE',  ( 0.9238795325112870716, 0.000000000000000000, -0.3826834323650891712 ) ) ;
#174 = CIRCLE ( 'NONE', #2664, 2.750000000000002665 ) ;
#175 = MECHANICAL_CONTEXT ( 'NONE', #843, 'mechanical' ) ;
#176 = DIRECTION ( 'NONE',  ( -0.000000000000000000, -1.000000000000000000, -0.000000000000000000 ) ) ;
#177 = AXIS2_PLACEMENT_3D ( 'NONE', #1701, #864, #205 ) ;
#178 = VERTEX_POINT ( 'NONE', #289 ) ;
#179 = CARTESIAN_POINT ( 'NONE',  ( -30.00000000000000000, -36.00000000000000000, -206.0000000000000284 ) ) ;
#180 = APPROVAL ( #2047, 'UNSPECIFIED' ) ;
#181 = LINE ( 'NONE', #1866, #2109 ) ;
#182 = VECTOR ( 'NONE', #431, 1000.000000000000000 ) ;
#183 = ORIENTED_EDGE ( 'NONE', *, *, #678, .F. ) ;
#184 = LINE ( 'NONE', #1245, #993 ) ;
#185 = EDGE_CURVE ( 'NONE', #1582, #605, #1380, .T. ) ;
#186 = ORIENTED_EDGE ( 'NONE', *, *, #1056, .T. ) ;
#187 = CIRCLE ( 'NONE', #1749, 2.750000000000002665 ) ;
#188 = DIRECTION ( 'NONE',  ( 0.000000000000000000, 0.000000000000000000, 1.000000000000000000 ) ) ;
#189 = CARTESIAN_POINT ( 'NONE',  ( -12.24586983568287124, -46.00000000000000000, -29.56414504036117563 ) ) ;
#190 = AXIS2_PLACEMENT_3D ( 'NONE', #687, #241, #2181 ) ;
#191 = CARTESIAN_POINT ( 'NONE',  ( -12.24586983568287124, -36.00000000000000000, -29.56414504036117563 ) ) ;
#192 = LOCAL_TIME ( 11, 8, 5.000000000000000000, #1533 ) ;
#193 = CARTESIAN_POINT ( 'NONE',  ( 0.000000000000000000, -36.00000000000000000, -195.0000000000000000 ) ) ;
#194 = ORIENTED_EDGE ( 'NONE', *, *, #2078, .F. ) ;
#195 = FACE_OUTER_BOUND ( 'NONE', #1770, .T. ) ;
#196 = DIRECTION ( 'NONE',  ( 0.000000000000000000, 0.000000000000000000, -1.000000000000000000 ) ) ;
#197 = FACE_BOUND ( 'NONE', #1377, .T. ) ;
#198 = ORIENTED_EDGE ( 'NONE', *, *, #115, .F. ) ;
#199 = DIRECTION ( 'NONE',  ( 0.000000000000000000, 0.000000000000000000, -1.000000000000000000 ) ) ;
#200 = EDGE_CURVE ( 'NONE', #837, #1050, #977, .T. ) ;
#201 = PLANE ( 'NONE',  #1526 ) ;
#202 = CARTESIAN_POINT ( 'NONE',  ( -54.92397570258090411, -36.00000000000000000, -280.9250580329031663 ) ) ;
#203 = ORIENTED_EDGE ( 'NONE', *, *, #422, .T. ) ;
#204 = CYLINDRICAL_SURFACE ( 'NONE', #92, 10.00000000000000888 ) ;
#205 = DIRECTION ( 'NONE',  ( 0.000000000000000000, 0.000000000000000000, -1.000000000000000000 ) ) ;
#206 = EDGE_LOOP ( 'NONE', ( #1136, #887, #1944, #442 ) ) ;
#207 = DIRECTION ( 'NONE',  ( 0.000000000000000000, 0.000000000000000000, -1.000000000000000000 ) ) ;
#208 = DIRECTION ( 'NONE',  ( 0.000000000000000000, -0.9284766908852591927, 0.3713906763541039435 ) ) ;
#209 = LINE ( 'NONE', #2128, #497 ) ;
#210 = ORIENTED_EDGE ( 'NONE', *, *, #888, .F. ) ;
#211 = LINE ( 'NONE', #72, #1346 ) ;
#212 = EDGE_CURVE ( 'NONE', #2482, #379, #2021, .T. ) ;
#213 = CARTESIAN_POINT ( 'NONE',  ( -48.00000000000000000, -46.00000000000000000, -214.0000000000000284 ) ) ;
#214 = ORIENTED_EDGE ( 'NONE', *, *, #237, .F. ) ;
#215 = DIRECTION ( 'NONE',  ( 0.000000000000000000, 0.000000000000000000, -1.000000000000000000 ) ) ;
#216 = CARTESIAN_POINT ( 'NONE',  ( -30.00000000000000000, -36.00000000000000000, -110.0000000000000000 ) ) ;
#217 = EDGE_CURVE ( 'NONE', #2185, #964, #912, .T. ) ;
#218 = ORIENTED_EDGE ( 'NONE', *, *, #2135, .F. ) ;
#219 = CARTESIAN_POINT ( 'NONE',  ( 31.11193304909772550, -46.00000000000000000, -316.5622982889425430 ) ) ;
#220 = VECTOR ( 'NONE', #933, 1000.000000000000000 ) ;
#221 = DIRECTION ( 'NONE',  ( -0.3826834323650898373, 0.000000000000000000, -0.9238795325112867385 ) ) ;
#222 = DIRECTION ( 'NONE',  ( 0.000000000000000000, 0.000000000000000000, 1.000000000000000000 ) ) ;
#223 = EDGE_CURVE ( 'NONE', #2256, #635, #688, .T. ) ;
#224 = AXIS2_PLACEMENT_3D ( 'NONE', #2627, #38, #2411 ) ;
#225 = ORIENTED_EDGE ( 'NONE', *, *, #1599, .T. ) ;
#226 = VECTOR ( 'NONE', #735, 1000.000000000000114 ) ;
#227 = AXIS2_PLACEMENT_3D ( 'NONE', #1556, #694, #1311 ) ;
#228 = CARTESIAN_POINT ( 'NONE',  ( 46.19397662556434625, -46.00000000000000000, -250.8658283817455299 ) ) ;
#229 = VECTOR ( 'NONE', #354, 1000.000000000000000 ) ;
#230 = ORIENTED_EDGE ( 'NONE', *, *, #490, .F. ) ;
#231 = ORIENTED_EDGE ( 'NONE', *, *, #1983, .F. ) ;
#232 = AXIS2_PLACEMENT_3D ( 'NONE', #2477, #2693, #788 ) ;
#233 = APPROVAL_ROLE ( '' ) ;
#234 = CARTESIAN_POINT ( 'NONE',  ( 12.24586983568288012, -46.00000000000000000, 29.56414504036117208 ) ) ;
#235 = AXIS2_PLACEMENT_3D ( 'NONE', #965, #2222, #1596 ) ;
#236 = CARTESIAN_POINT ( 'NONE',  ( 29.56414504036117563, -36.00000000000000000, -12.24586983568287302 ) ) ;
#237 = EDGE_CURVE ( 'NONE', #2403, #2475, #2540, .T. ) ;
#238 = PLANE ( 'NONE',  #2454 ) ;
#239 = ORGANIZATION ( 'UNSPECIFIED', 'UNSPECIFIED', '' ) ;
#240 = FACE_OUTER_BOUND ( 'NONE', #716, .T. ) ;
#241 = DIRECTION ( 'NONE',  ( 0.000000000000000000, 1.000000000000000000, 0.000000000000000000 ) ) ;
#242 = EDGE_LOOP ( 'NONE', ( #1143, #417, #1371, #527 ) ) ;
#243 = EDGE_CURVE ( 'NONE', #649, #1318, #948, .T. ) ;
#244 = EDGE_LOOP ( 'NONE', ( #2140, #2590, #1259, #2680 ) ) ;
#245 = CARTESIAN_POINT ( 'NONE',  ( -19.13417161825448787, -36.00000000000000000, -313.4439766255644031 ) ) ;
#246 = VERTEX_POINT ( 'NONE', #709 ) ;
#247 = LINE ( 'NONE', #2177, #2002 ) ;
#248 = CARTESIAN_POINT ( 'NONE',  ( 0.000000000000000000, -46.00000000000000000, -151.0000000000000284 ) ) ;
#249 = ORIENTED_EDGE ( 'NONE', *, *, #1460, .T. ) ;
#250 = FACE_BOUND ( 'NONE', #1567, .T. ) ;
#251 = ADVANCED_FACE ( 'NONE', ( #1146 ), #477, .F. ) ;
#252 = EDGE_LOOP ( 'NONE', ( #504, #1779, #1161, #280 ) ) ;
#253 = EDGE_CURVE ( 'NONE', #863, #254, #1783, .T. ) ;
#254 = VERTEX_POINT ( 'NONE', #503 ) ;
#255 = ORIENTED_EDGE ( 'NONE', *, *, #1537, .T. ) ;
#256 = DIRECTION ( 'NONE',  ( 0.000000000000000000, 1.000000000000000000, 0.000000000000000000 ) ) ;
#257 = FACE_OUTER_BOUND ( 'NONE', #743, .T. ) ;
#258 = ORIENTED_EDGE ( 'NONE', *, *, #1415, .F. ) ;
#259 = DIRECTION ( 'NONE',  ( 0.000000000000000000, 0.000000000000000000, 1.000000000000000000 ) ) ;
#260 = DIRECTION ( 'NONE',  ( -0.1705414337057505614, 0.000000000000000000, -0.9853505058554478113 ) ) ;
#261 = CARTESIAN_POINT ( 'NONE',  ( -29.56414504036117918, -36.00000000000000000, 12.24586983568286946 ) ) ;
#262 = CIRCLE ( 'NONE', #1160, 2.749999999999999112 ) ;
#263 = ORIENTED_EDGE ( 'NONE', *, *, #1818, .T. ) ;
#264 = AXIS2_PLACEMENT_3D ( 'NONE', #1153, #91, #891 ) ;
#265 = ORIENTED_EDGE ( 'NONE', *, *, #2364, .F. ) ;
#266 = AXIS2_PLACEMENT_3D ( 'NONE', #542, #751, #1807 ) ;
#267 = CYLINDRICAL_SURFACE ( 'NONE', #1739, 2.749999999999999112 ) ;
#268 = EDGE_CURVE ( 'NONE', #2305, #1582, #2314, .T. ) ;
#269 = VECTOR ( 'NONE', #2496, 1000.000000000000000 ) ;
#270 = CARTESIAN_POINT ( 'NONE',  ( -12.24586983568287124, -36.00000000000000000, -29.56414504036117563 ) ) ;
#271 = AXIS2_PLACEMENT_3D ( 'NONE', #1477, #1758, #1548 ) ;
#272 = FACE_OUTER_BOUND ( 'NONE', #1672, .T. ) ;
#273 = VERTEX_POINT ( 'NONE', #2193 ) ;
#274 = VECTOR ( 'NONE', #2003, 1000.000000000000000 ) ;
#275 = CARTESIAN_POINT ( 'NONE',  ( -22.00000000000000000, -36.00000000000000000, -35.59768778401239331 ) ) ;
#276 = LINE ( 'NONE', #68, #2380 ) ;
#277 = CARTESIAN_POINT ( 'NONE',  ( -30.00000000000000000, -15.99999999999999645, -61.09991680526687929 ) ) ;
#278 = ORIENTED_EDGE ( 'NONE', *, *, #1413, .T. ) ;
#279 = DIRECTION ( 'NONE',  ( 0.000000000000000000, 0.000000000000000000, 1.000000000000000000 ) ) ;
#280 = ORIENTED_EDGE ( 'NONE', *, *, #1056, .F. ) ;
#281 = DIRECTION ( 'NONE',  ( 0.000000000000000000, 0.000000000000000000, 1.000000000000000000 ) ) ;
#282 = DIRECTION ( 'NONE',  ( -1.000000000000000000, -0.000000000000000000, -0.000000000000000000 ) ) ;
#283 = DIRECTION ( 'NONE',  ( -0.000000000000000000, -1.000000000000000000, -0.000000000000000000 ) ) ;
#284 = ADVANCED_FACE ( 'NONE', ( #1592 ), #1328, .F. ) ;
#285 = PLANE ( 'NONE',  #2277 ) ;
#286 = ORIENTED_EDGE ( 'NONE', *, *, #1095, .T. ) ;
#287 = DIRECTION ( 'NONE',  ( 0.000000000000000000, 1.000000000000000000, 0.000000000000000000 ) ) ;
#288 = FACE_OUTER_BOUND ( 'NONE', #2685, .T. ) ;
#289 = CARTESIAN_POINT ( 'NONE',  ( 30.00000000000000000, -31.00000000000000000, -35.59768778401239331 ) ) ;
#290 = ORIENTED_EDGE ( 'NONE', *, *, #2227, .F. ) ;
#291 = DIRECTION ( 'NONE',  ( 0.000000000000000000, -0.3713906763541039990, -0.9284766908852593037 ) ) ;
#292 = ORIENTED_EDGE ( 'NONE', *, *, #524, .F. ) ;
#293 = DIRECTION ( 'NONE',  ( -1.000000000000000000, -0.000000000000000000, -0.000000000000000000 ) ) ;
#294 = ADVANCED_FACE ( 'NONE', ( #61 ), #1759, .F. ) ;
#295 = FACE_OUTER_BOUND ( 'NONE', #2600, .T. ) ;
#296 = CARTESIAN_POINT ( 'NONE',  ( 46.19397662556434625, -36.00000000000000000, -253.6158283817455583 ) ) ;
#297 = DIRECTION ( 'NONE',  ( -0.7071067811865482389, 0.000000000000000000, 0.7071067811865469066 ) ) ;
#298 = ORIENTED_EDGE ( 'NONE', *, *, #1415, .T. ) ;
#299 = EDGE_CURVE ( 'NONE', #793, #1696, #1355, .T. ) ;
#300 = DIRECTION ( 'NONE',  ( 0.000000000000000000, 0.000000000000000000, -1.000000000000000000 ) ) ;
#301 = CARTESIAN_POINT ( 'NONE',  ( 48.00000000000000000, -36.00000000000000000, -214.0000000000000284 ) ) ;
#302 = ORIENTED_EDGE ( 'NONE', *, *, #1277, .F. ) ;
#303 = DIRECTION ( 'NONE',  ( 0.000000000000000000, 0.000000000000000000, -1.000000000000000000 ) ) ;
#304 = ORIENTED_EDGE ( 'NONE', *, *, #2184, .T. ) ;
#305 = VECTOR ( 'NONE', #2232, 1000.000000000000000 ) ;
#306 = CARTESIAN_POINT ( 'NONE',  ( 7.347880794884119736E-16, -38.19999999999999574, 6.000000000000000000 ) ) ;
#307 = ORIENTED_EDGE ( 'NONE', *, *, #243, .F. ) ;
#308 = CIRCLE ( 'NONE', #1912, 6.000000000000000000 ) ;
#309 = LINE ( 'NONE', #158, #1785 ) ;
#310 = CARTESIAN_POINT ( 'NONE',  ( -46.19397662556433914, -36.00000000000000000, -291.8841716182545269 ) ) ;
#311 = AXIS2_PLACEMENT_3D ( 'NONE', #2709, #2494, #580 ) ;
#312 = ORIENTED_EDGE ( 'NONE', *, *, #597, .F. ) ;
#313 = CC_DESIGN_PERSON_AND_ORGANIZATION_ASSIGNMENT ( #2552, #848, ( #414 ) ) ;
#314 = AXIS2_PLACEMENT_3D ( 'NONE', #1685, #2106, #2536 ) ;
#315 = CARTESIAN_POINT ( 'NONE',  ( -46.19397662556434625, -36.00000000000000000, -248.1158283817455299 ) ) ;
#316 = EDGE_LOOP ( 'NONE', ( #1289, #1733 ) ) ;
#317 = CARTESIAN_POINT ( 'NONE',  ( -44.00000000000000000, -36.00000000000000000, 0.000000000000000000 ) ) ;
#318 = CARTESIAN_POINT ( 'NONE',  ( -19.13417161825447721, -36.00000000000000000, -221.0560233744356537 ) ) ;
#319 = AXIS2_PLACEMENT_3D ( 'NONE', #2009, #279, #1370 ) ;
#320 = EDGE_CURVE ( 'NONE', #2622, #2373, #2586, .T. ) ;
#321 = ORIENTED_EDGE ( 'NONE', *, *, #2235, .F. ) ;
#322 = EDGE_LOOP ( 'NONE', ( #123, #2571 ) ) ;
#323 = CIRCLE ( 'NONE', #636, 13.00000000000001066 ) ;
#324 = CARTESIAN_POINT ( 'NONE',  ( -12.24586983568286414, -46.00000000000000000, 29.56414504036117918 ) ) ;
#325 = VECTOR ( 'NONE', #2557, 1000.000000000000000 ) ;
#326 = EDGE_CURVE ( 'NONE', #1916, #1024, #1621, .T. ) ;
#327 = ORIENTED_EDGE ( 'NONE', *, *, #2666, .F. ) ;
#328 = CYLINDRICAL_SURFACE ( 'NONE', #1307, 6.000000000000000000 ) ;
#329 = CARTESIAN_POINT ( 'NONE',  ( -22.00000000000000000, -31.00000000000000000, -35.59768778401239331 ) ) ;
#330 = CARTESIAN_POINT ( 'NONE',  ( -12.24586983568286414, -36.00000000000000000, 29.56414504036117918 ) ) ;
#331 = EDGE_LOOP ( 'NONE', ( #355, #1720, #1920, #255 ) ) ;
#332 = CYLINDRICAL_SURFACE ( 'NONE', #2055, 2.750000000000030198 ) ;
#333 = DIRECTION ( 'NONE',  ( -0.000000000000000000, -1.000000000000000000, -0.000000000000000000 ) ) ;
#334 = DIRECTION ( 'NONE',  ( 0.000000000000000000, 0.000000000000000000, 1.000000000000000000 ) ) ;
#335 = ORIENTED_EDGE ( 'NONE', *, *, #774, .T. ) ;
#336 = VERTEX_POINT ( 'NONE', #960 ) ;
#337 = ADVANCED_FACE ( 'NONE', ( #136 ), #2258, .F. ) ;
#338 = CARTESIAN_POINT ( 'NONE',  ( -19.13417161825447721, -36.00000000000000000, -223.8060233744356822 ) ) ;
#339 = ORIENTED_EDGE ( 'NONE', *, *, #2473, .T. ) ;
#340 = ADVANCED_FACE ( 'NONE', ( #1189 ), #346, .F. ) ;
#341 = DIRECTION ( 'NONE',  ( 0.000000000000000000, -1.000000000000000000, 0.000000000000000000 ) ) ;
#342 = EDGE_CURVE ( 'NONE', #605, #273, #174, .T. ) ;
#343 = CARTESIAN_POINT ( 'NONE',  ( -46.56229828894253586, -36.00000000000000000, -301.1119330490977291 ) ) ;
#344 = EDGE_LOOP ( 'NONE', ( #1553, #1954 ) ) ;
#345 = FACE_OUTER_BOUND ( 'NONE', #410, .T. ) ;
#346 = PLANE ( 'NONE',  #1693 ) ;
#347 = ORIENTED_EDGE ( 'NONE', *, *, #774, .F. ) ;
#348 = VERTEX_POINT ( 'NONE', #2033 ) ;
#349 = CYLINDRICAL_SURFACE ( 'NONE', #232, 6.000000000000000000 ) ;
#350 = ORIENTED_EDGE ( 'NONE', *, *, #966, .F. ) ;
#351 = VERTEX_POINT ( 'NONE', #987 ) ;
#352 = AXIS2_PLACEMENT_3D ( 'NONE', #69, #2610, #699 ) ;
#353 = PLANE ( 'NONE',  #2720 ) ;
#354 = DIRECTION ( 'NONE',  ( 0.000000000000000000, 0.000000000000000000, -1.000000000000000000 ) ) ;
#355 = ORIENTED_EDGE ( 'NONE', *, *, #19, .T. ) ;
#356 = EDGE_CURVE ( 'NONE', #1786, #2486, #1820, .T. ) ;
#357 = PLANE ( 'NONE',  #1167 ) ;
#358 = CIRCLE ( 'NONE', #1026, 10.00000000000000888 ) ;
#359 = PLANE ( 'NONE',  #2197 ) ;
#360 = PLANE ( 'NONE',  #1120 ) ;
#361 = DIRECTION ( 'NONE',  ( 0.1029093542216269058, 0.000000000000000000, -0.9946907382768211958 ) ) ;
#362 = VECTOR ( 'NONE', #1067, 1000.000000000000000 ) ;
#363 = PRODUCT ( 'JX1_Thigh_R', 'JX1_Thigh_R', '', ( #175 ) ) ;
#364 = ORIENTED_EDGE ( 'NONE', *, *, #1899, .F. ) ;
#365 = VERTEX_POINT ( 'NONE', #163 ) ;
#366 = DIRECTION ( 'NONE',  ( -0.000000000000000000, -1.000000000000000000, -0.000000000000000000 ) ) ;
#367 = CIRCLE ( 'NONE', #1919, 2.750000000000002665 ) ;
#368 = DIRECTION ( 'NONE',  ( 0.000000000000000000, 0.000000000000000000, -1.000000000000000000 ) ) ;
#369 = DIRECTION ( 'NONE',  ( 0.000000000000000000, 1.000000000000000000, 0.000000000000000000 ) ) ;
#370 = CIRCLE ( 'NONE', #2282, 13.00000000000001066 ) ;
#371 = CIRCLE ( 'NONE', #102, 2.749999999999999112 ) ;
#372 = LINE ( 'NONE', #1857, #2320 ) ;
#373 = CYLINDRICAL_SURFACE ( 'NONE', #454, 2.749999999999974687 ) ;
#374 = EDGE_CURVE ( 'NONE', #2062, #82, #377, .T. ) ;
#375 = ORIENTED_EDGE ( 'NONE', *, *, #36, .F. ) ;
#376 = DIRECTION ( 'NONE',  ( -0.1262542796739151152, 0.000000000000000000, -0.9919979117236189525 ) ) ;
#377 = LINE ( 'NONE', #121, #711 ) ;
#378 = EDGE_CURVE ( 'NONE', #2462, #389, #2516, .T. ) ;
#379 = VERTEX_POINT ( 'NONE', #1232 ) ;
#380 = DIRECTION ( 'NONE',  ( -0.000000000000000000, -1.000000000000000000, -0.000000000000000000 ) ) ;
#381 = CARTESIAN_POINT ( 'NONE',  ( -29.56414504036117563, -36.00000000000000000, -12.24586983568287657 ) ) ;
#382 = DIRECTION ( 'NONE',  ( 0.000000000000000000, 1.000000000000000000, 0.000000000000000000 ) ) ;
#383 = ORIENTED_EDGE ( 'NONE', *, *, #1312, .T. ) ;
#384 = CARTESIAN_POINT ( 'NONE',  ( -48.00000000000000000, -36.00000000000000000, -214.0000000000000284 ) ) ;
#385 = EDGE_CURVE ( 'NONE', #793, #379, #2048, .T. ) ;
#386 = PERSON_AND_ORGANIZATION ( #1508, #239 ) ;
#387 = DIRECTION ( 'NONE',  ( 0.000000000000000000, 1.000000000000000000, 0.000000000000000000 ) ) ;
#388 = EDGE_CURVE ( 'NONE', #148, #629, #1862, .T. ) ;
#389 = VERTEX_POINT ( 'NONE', #2457 ) ;
#390 = DIRECTION ( 'NONE',  ( 0.000000000000000000, 1.000000000000000000, 0.000000000000000000 ) ) ;
#391 = DIRECTION ( 'NONE',  ( -0.000000000000000000, -1.000000000000000000, -0.000000000000000000 ) ) ;
#392 = EDGE_LOOP ( 'NONE', ( #2616, #165, #1057, #2325 ) ) ;
#393 = LINE ( 'NONE', #804, #1832 ) ;
#394 = CARTESIAN_POINT ( 'NONE',  ( 30.00000000000000000, -31.00000000000000000, -59.09991680526687929 ) ) ;
#395 = AXIS2_PLACEMENT_3D ( 'NONE', #394, #1252, #1040 ) ;
#396 = LINE ( 'NONE', #2287, #2278 ) ;
#397 = CIRCLE ( 'NONE', #2668, 2.749999999999999112 ) ;
#398 = DIRECTION ( 'NONE',  ( 0.1262542796739151152, 0.000000000000000000, -0.9919979117236189525 ) ) ;
#399 = PRODUCT_DEFINITION ( 'UNKNOWN', '', #554, #2260 ) ;
#400 = ADVANCED_FACE ( 'NONE', ( #1408 ), #2485, .F. ) ;
#401 = CIRCLE ( 'NONE', #1387, 2.750000000000030198 ) ;
#402 = ORIENTED_EDGE ( 'NONE', *, *, #2263, .T. ) ;
#403 = CARTESIAN_POINT ( 'NONE',  ( 7.347880794884119736E-16, -46.00000000000000000, 6.000000000000000000 ) ) ;
#404 = DIRECTION ( 'NONE',  ( 0.000000000000000000, 1.000000000000000000, 0.000000000000000000 ) ) ;
#405 = VECTOR ( 'NONE', #2268, 1000.000000000000114 ) ;
#406 = ADVANCED_FACE ( 'NONE', ( #546 ), #558, .F. ) ;
#407 = ORIENTED_EDGE ( 'NONE', *, *, #2123, .F. ) ;
#408 = CIRCLE ( 'NONE', #1922, 2.750000000000002665 ) ;
#409 = DIRECTION ( 'NONE',  ( -0.000000000000000000, -1.000000000000000000, -0.000000000000000000 ) ) ;
#410 = EDGE_LOOP ( 'NONE', ( #2038, #2267, #375, #1541 ) ) ;
#411 = VECTOR ( 'NONE', #300, 1000.000000000000000 ) ;
#412 = ORIENTED_EDGE ( 'NONE', *, *, #2574, .F. ) ;
#413 = FACE_OUTER_BOUND ( 'NONE', #2, .T. ) ;
#414 = SECURITY_CLASSIFICATION ( '', '', #2714 ) ;
#415 = APPROVAL_DATE_TIME ( #1294, #1636 ) ;
#416 = DIRECTION ( 'NONE',  ( 0.000000000000000000, 0.000000000000000000, 1.000000000000000000 ) ) ;
#417 = ORIENTED_EDGE ( 'NONE', *, *, #2290, .T. ) ;
#418 = CARTESIAN_POINT ( 'NONE',  ( 19.13417161825450208, -36.00000000000000000, -223.8060233744356822 ) ) ;
#419 = CARTESIAN_POINT ( 'NONE',  ( 54.92397570258090411, -46.00000000000000000, -280.9250580329031663 ) ) ;
#420 = CARTESIAN_POINT ( 'NONE',  ( -19.13417161825448787, -46.00000000000000000, -316.1939766255643463 ) ) ;
#421 = ORIENTED_EDGE ( 'NONE', *, *, #1049, .F. ) ;
#422 = EDGE_CURVE ( 'NONE', #506, #1938, #2407, .T. ) ;
#423 = EDGE_CURVE ( 'NONE', #2022, #489, #444, .T. ) ;
#424 = DIRECTION ( 'NONE',  ( 0.000000000000000000, 0.000000000000000000, 1.000000000000000000 ) ) ;
#425 = VERTEX_POINT ( 'NONE', #797 ) ;
#426 = ORIENTED_EDGE ( 'NONE', *, *, #374, .F. ) ;
#427 = CYLINDRICAL_SURFACE ( 'NONE', #763, 2.749999999999999112 ) ;
#428 = ADVANCED_FACE ( 'NONE', ( #570 ), #2300, .F. ) ;
#429 = CARTESIAN_POINT ( 'NONE',  ( 10.92505803290318589, -46.00000000000000000, -324.9239757025808899 ) ) ;
#430 = ORIENTED_EDGE ( 'NONE', *, *, #2690, .F. ) ;
#431 = DIRECTION ( 'NONE',  ( -0.000000000000000000, -1.000000000000000000, -0.000000000000000000 ) ) ;
#432 = CARTESIAN_POINT ( 'NONE',  ( -29.56414504036117563, -36.00000000000000000, -12.24586983568287657 ) ) ;
#433 = DIRECTION ( 'NONE',  ( -0.7071067811865469066, 0.000000000000000000, -0.7071067811865482389 ) ) ;
#434 = DIRECTION ( 'NONE',  ( -1.000000000000000000, 0.000000000000000000, -0.000000000000000000 ) ) ;
#435 = ORIENTED_EDGE ( 'NONE', *, *, #2687, .F. ) ;
#436 = CC_DESIGN_PERSON_AND_ORGANIZATION_ASSIGNMENT ( #162, #1014, ( #554 ) ) ;
#437 = CARTESIAN_POINT ( 'NONE',  ( 46.19397662556433914, -46.00000000000000000, -286.3841716182544701 ) ) ;
#438 = ORIENTED_EDGE ( 'NONE', *, *, #1993, .F. ) ;
#439 = ORIENTED_EDGE ( 'NONE', *, *, #1106, .F. ) ;
#440 = CARTESIAN_POINT ( 'NONE',  ( -30.00000000000000000, -26.00000000000000000, -61.09991680526687929 ) ) ;
#441 = CARTESIAN_POINT ( 'NONE',  ( -19.13417161825447721, -46.00000000000000000, -223.8060233744356822 ) ) ;
#442 = ORIENTED_EDGE ( 'NONE', *, *, #164, .F. ) ;
#443 = CYLINDRICAL_SURFACE ( 'NONE', #585, 2.749999999999999112 ) ;
#444 = CIRCLE ( 'NONE', #1999, 2.750000000000030198 ) ;
#445 = DIRECTION ( 'NONE',  ( 0.000000000000000000, 1.000000000000000000, 0.000000000000000000 ) ) ;
#446 = CARTESIAN_POINT ( 'NONE',  ( -19.13417161825448787, -36.00000000000000000, -316.1939766255643463 ) ) ;
#447 = FACE_BOUND ( 'NONE', #316, .T. ) ;
#448 = EDGE_CURVE ( 'NONE', #2475, #2403, #1206, .T. ) ;
#449 = VECTOR ( 'NONE', #2302, 1000.000000000000000 ) ;
#450 = ORIENTED_EDGE ( 'NONE', *, *, #1791, .F. ) ;
#451 = VECTOR ( 'NONE', #606, 1000.000000000000000 ) ;
#452 = ORIENTED_EDGE ( 'NONE', *, *, #2690, .T. ) ;
#453 = VECTOR ( 'NONE', #2592, 1000.000000000000000 ) ;
#454 = AXIS2_PLACEMENT_3D ( 'NONE', #2534, #1469, #2698 ) ;
#455 = CARTESIAN_POINT ( 'NONE',  ( 30.00000000000000000, -31.00000000000000000, -59.09991680526687929 ) ) ;
#456 = ORIENTED_EDGE ( 'NONE', *, *, #1280, .F. ) ;
#457 = AXIS2_PLACEMENT_3D ( 'NONE', #2490, #1179, #976 ) ;
#458 = DIRECTION ( 'NONE',  ( 0.000000000000000000, 0.000000000000000000, -1.000000000000000000 ) ) ;
#459 = ADVANCED_FACE ( 'NONE', ( #2134 ), #1726, .F. ) ;
#460 = DIRECTION ( 'NONE',  ( 0.000000000000000000, -0.9284766908852591927, 0.3713906763541039435 ) ) ;
#461 = AXIS2_PLACEMENT_3D ( 'NONE', #501, #1602, #947 ) ;
#462 = CARTESIAN_POINT ( 'NONE',  ( 0.000000000000000000, -46.00000000000000000, -195.0000000000000000 ) ) ;
#463 = ORIENTED_EDGE ( 'NONE', *, *, #212, .T. ) ;
#464 = CARTESIAN_POINT ( 'NONE',  ( 0.000000000000000000, -36.00000000000000000, -270.0000000000000000 ) ) ;
#465 = EDGE_CURVE ( 'NONE', #1299, #645, #1605, .T. ) ;
#466 = CARTESIAN_POINT ( 'NONE',  ( 30.00000000000000000, -26.00000000000000000, -61.09991680526687929 ) ) ;
#467 = DIRECTION ( 'NONE',  ( 0.000000000000000000, 0.000000000000000000, -1.000000000000000000 ) ) ;
#468 = FACE_BOUND ( 'NONE', #2214, .T. ) ;
#469 = EDGE_LOOP ( 'NONE', ( #759, #2522, #1632, #1721 ) ) ;
#470 = ORIENTED_EDGE ( 'NONE', *, *, #356, .T. ) ;
#471 = ORIENTED_EDGE ( 'NONE', *, *, #268, .T. ) ;
#472 = FACE_OUTER_BOUND ( 'NONE', #829, .T. ) ;
#473 = DIRECTION ( 'NONE',  ( 0.000000000000000000, 1.000000000000000000, 0.000000000000000000 ) ) ;
#474 = ORIENTED_EDGE ( 'NONE', *, *, #2318, .F. ) ;
#475 = CARTESIAN_POINT ( 'NONE',  ( 30.00000000000000000, -31.00000000000000000, -35.59768778401239331 ) ) ;
#476 = FACE_BOUND ( 'NONE', #913, .T. ) ;
#477 = PLANE ( 'NONE',  #2046 ) ;
#478 = EDGE_CURVE ( 'NONE', #635, #1321, #1473, .T. ) ;
#479 = ORIENTED_EDGE ( 'NONE', *, *, #634, .F. ) ;
#480 = ORIENTED_EDGE ( 'NONE', *, *, #2663, .F. ) ;
#481 = EDGE_LOOP ( 'NONE', ( #589, #2567 ) ) ;
#482 = DIRECTION ( 'NONE',  ( 0.000000000000000000, 0.000000000000000000, 1.000000000000000000 ) ) ;
#483 = DIRECTION ( 'NONE',  ( 0.000000000000000000, 0.000000000000000000, 1.000000000000000000 ) ) ;
#484 = ORIENTED_EDGE ( 'NONE', *, *, #969, .T. ) ;
#485 = LINE ( 'NONE', #1798, #2512 ) ;
#486 = FACE_BOUND ( 'NONE', #534, .T. ) ;
#487 = DIRECTION ( 'NONE',  ( 0.000000000000000000, 0.000000000000000000, 1.000000000000000000 ) ) ;
#488 = AXIS2_PLACEMENT_3D ( 'NONE', #1397, #972, #809 ) ;
#489 = VERTEX_POINT ( 'NONE', #644 ) ;
#490 = EDGE_CURVE ( 'NONE', #622, #1649, #625, .T. ) ;
#491 = CARTESIAN_POINT ( 'NONE',  ( 0.000000000000000000, -36.00000000000000000, -85.00000000000000000 ) ) ;
#492 = VECTOR ( 'NONE', #1362, 1000.000000000000000 ) ;
#493 = ORIENTED_EDGE ( 'NONE', *, *, #388, .F. ) ;
#494 = CIRCLE ( 'NONE', #2145, 10.99999999999999645 ) ;
#495 = EDGE_CURVE ( 'NONE', #805, #2613, #1558, .T. ) ;
#496 = CYLINDRICAL_SURFACE ( 'NONE', #1468, 10.99999999999999645 ) ;
#497 = VECTOR ( 'NONE', #391, 1000.000000000000000 ) ;
#498 = DIRECTION ( 'NONE',  ( -0.000000000000000000, -1.000000000000000000, -0.000000000000000000 ) ) ;
#499 = EDGE_LOOP ( 'NONE', ( #1332, #2228, #2362, #307 ) ) ;
#500 = VECTOR ( 'NONE', #1989, 999.9999999999998863 ) ;
#501 = CARTESIAN_POINT ( 'NONE',  ( -29.56414504036117563, -36.00000000000000000, -12.24586983568287657 ) ) ;
#502 = DIRECTION ( 'NONE',  ( 0.000000000000000000, -0.000000000000000000, -1.000000000000000000 ) ) ;
#503 = CARTESIAN_POINT ( 'NONE',  ( 46.56229828894252876, -46.00000000000000000, -301.1119330490977291 ) ) ;
#504 = ORIENTED_EDGE ( 'NONE', *, *, #1583, .F. ) ;
#505 = DIRECTION ( 'NONE',  ( 0.000000000000000000, 0.9284766908852591927, -0.3713906763541039435 ) ) ;
#506 = VERTEX_POINT ( 'NONE', #1515 ) ;
#507 = EDGE_CURVE ( 'NONE', #2711, #348, #2187, .T. ) ;
#508 = ADVANCED_FACE ( 'NONE', ( #626 ), #1918, .F. ) ;
#509 = DIRECTION ( 'NONE',  ( -1.000000000000000000, 0.000000000000000000, -0.000000000000000000 ) ) ;
#510 = DIRECTION ( 'NONE',  ( -0.3826834323650895042, 0.000000000000000000, 0.9238795325112868495 ) ) ;
#511 = CYLINDRICAL_SURFACE ( 'NONE', #264, 2.749999999999999112 ) ;
#512 = ADVANCED_FACE ( 'NONE', ( #1044 ), #1878, .F. ) ;
#513 = DIRECTION ( 'NONE',  ( 0.7071067811865469066, 0.000000000000000000, 0.7071067811865482389 ) ) ;
#514 = VERTEX_POINT ( 'NONE', #1687 ) ;
#515 = CYLINDRICAL_SURFACE ( 'NONE', #2013, 2.750000000000002665 ) ;
#516 = DIRECTION ( 'NONE',  ( 0.1029093542216269058, 0.000000000000000000, -0.9946907382768211958 ) ) ;
#517 = CARTESIAN_POINT ( 'NONE',  ( -46.19397662556434625, -36.00000000000000000, -253.6158283817455583 ) ) ;
#518 = ORIENTED_EDGE ( 'NONE', *, *, #2348, .F. ) ;
#519 = LINE ( 'NONE', #1723, #2550 ) ;
#520 = ORIENTED_EDGE ( 'NONE', *, *, #1479, .F. ) ;
#521 = EDGE_LOOP ( 'NONE', ( #1197, #2324, #2110, #961, #1209, #14, #1105, #1290, #2529, #1392, #1863, #2049, #3, #1975, #2125, #2432 ) ) ;
#522 = CARTESIAN_POINT ( 'NONE',  ( 0.000000000000000000, -38.19999999999999574, -6.000000000000000000 ) ) ;
#523 = DIRECTION ( 'NONE',  ( 1.000000000000000000, 0.000000000000000000, -0.000000000000000000 ) ) ;
#524 = EDGE_CURVE ( 'NONE', #1066, #1824, #2124, .T. ) ;
#525 = FACE_OUTER_BOUND ( 'NONE', #2131, .T. ) ;
#526 = CARTESIAN_POINT ( 'NONE',  ( 54.92397570258090411, -36.00000000000000000, -280.9250580329031663 ) ) ;
#527 = ORIENTED_EDGE ( 'NONE', *, *, #950, .F. ) ;
#528 = DIRECTION ( 'NONE',  ( 0.1029093542216269058, 0.000000000000000000, 0.9946907382768211958 ) ) ;
#529 = CARTESIAN_POINT ( 'NONE',  ( 29.56414504036117918, -36.00000000000000000, 9.495869835682864135 ) ) ;
#530 = EDGE_CURVE ( 'NONE', #246, #2533, #1675, .T. ) ;
#531 = ORIENTED_EDGE ( 'NONE', *, *, #1183, .T. ) ;
#532 = DIRECTION ( 'NONE',  ( 0.000000000000000000, 0.000000000000000000, 1.000000000000000000 ) ) ;
#533 = VECTOR ( 'NONE', #152, 1000.000000000000000 ) ;
#534 = EDGE_LOOP ( 'NONE', ( #1901, #218 ) ) ;
#535 = VECTOR ( 'NONE', #366, 1000.000000000000000 ) ;
#536 = VECTOR ( 'NONE', #1070, 1000.000000000000000 ) ;
#537 = LINE ( 'NONE', #2211, #1297 ) ;
#538 = LINE ( 'NONE', #1598, #1702 ) ;
#539 = CIRCLE ( 'NONE', #1610, 2.750000000000002665 ) ;
#540 = EDGE_LOOP ( 'NONE', ( #2581, #1281, #2294, #1369 ) ) ;
#541 = VECTOR ( 'NONE', #684, 1000.000000000000114 ) ;
#542 = CARTESIAN_POINT ( 'NONE',  ( 12.24586983568288012, -36.00000000000000000, 29.56414504036117208 ) ) ;
#543 = EDGE_CURVE ( 'NONE', #1113, #489, #2342, .T. ) ;
#544 = CYLINDRICAL_SURFACE ( 'NONE', #552, 2.750000000000030198 ) ;
#545 = DIRECTION ( 'NONE',  ( 0.000000000000000000, 1.000000000000000000, 0.000000000000000000 ) ) ;
#546 = FACE_OUTER_BOUND ( 'NONE', #2007, .T. ) ;
#547 = ORIENTED_EDGE ( 'NONE', *, *, #661, .T. ) ;
#548 = EDGE_CURVE ( 'NONE', #1321, #996, #1459, .T. ) ;
#549 = VERTEX_POINT ( 'NONE', #429 ) ;
#550 = VECTOR ( 'NONE', #1226, 1000.000000000000000 ) ;
#551 = FACE_OUTER_BOUND ( 'NONE', #2301, .T. ) ;
#552 = AXIS2_PLACEMENT_3D ( 'NONE', #1976, #1353, #2205 ) ;
#553 = ORIENTED_EDGE ( 'NONE', *, *, #701, .T. ) ;
#554 = PRODUCT_DEFINITION_FORMATION_WITH_SPECIFIED_SOURCE ( 'ANY', '', #363, .NOT_KNOWN. ) ;
#555 = DIRECTION ( 'NONE',  ( 0.000000000000000000, -1.000000000000000000, 0.000000000000000000 ) ) ;
#556 = CARTESIAN_POINT ( 'NONE',  ( -44.00000000000000000, -46.00000000000000000, 0.000000000000000000 ) ) ;
#557 = DIRECTION ( 'NONE',  ( 0.000000000000000000, 0.000000000000000000, 1.000000000000000000 ) ) ;
#558 = CYLINDRICAL_SURFACE ( 'NONE', #1204, 25.15000000000000213 ) ;
#559 = ORIENTED_EDGE ( 'NONE', *, *, #1373, .F. ) ;
#560 = ORIENTED_EDGE ( 'NONE', *, *, #2607, .T. ) ;
#561 = CARTESIAN_POINT ( 'NONE',  ( 12.24586983568287479, -46.00000000000000000, -26.81414504036117563 ) ) ;
#562 = DIRECTION ( 'NONE',  ( 0.000000000000000000, 0.000000000000000000, 1.000000000000000000 ) ) ;
#563 = ORIENTED_EDGE ( 'NONE', *, *, #1734, .T. ) ;
#564 = ADVANCED_FACE ( 'NONE', ( #2527 ), #1891, .F. ) ;
#565 = DIRECTION ( 'NONE',  ( 0.000000000000000000, 0.000000000000000000, 1.000000000000000000 ) ) ;
#566 = LINE ( 'NONE', #2075, #269 ) ;
#567 = ORIENTED_EDGE ( 'NONE', *, *, #2513, .T. ) ;
#568 = CARTESIAN_POINT ( 'NONE',  ( -46.19397662556434625, -36.00000000000000000, -250.8658283817455299 ) ) ;
#569 = COORDINATED_UNIVERSAL_TIME_OFFSET ( 5, 30, .AHEAD. ) ;
#570 = FACE_OUTER_BOUND ( 'NONE', #1121, .T. ) ;
#571 = VERTEX_POINT ( 'NONE', #1283 ) ;
#572 = EDGE_LOOP ( 'NONE', ( #1750, #122, #1487, #2387 ) ) ;
#573 = DIRECTION ( 'NONE',  ( 0.000000000000000000, 0.000000000000000000, 1.000000000000000000 ) ) ;
#574 = LINE ( 'NONE', #2276, #550 ) ;
#575 = ORIENTED_EDGE ( 'NONE', *, *, #789, .F. ) ;
#576 = ADVANCED_FACE ( 'NONE', ( #2753 ), #654, .F. ) ;
#577 = ORIENTED_EDGE ( 'NONE', *, *, #2578, .T. ) ;
#578 = VECTOR ( 'NONE', #2080, 1000.000000000000000 ) ;
#579 = EDGE_CURVE ( 'NONE', #379, #2747, #2742, .T. ) ;
#580 = DIRECTION ( 'NONE',  ( 0.000000000000000000, 0.000000000000000000, -1.000000000000000000 ) ) ;
#581 = CYLINDRICAL_SURFACE ( 'NONE', #2105, 2.750000000000002665 ) ;
#582 = EDGE_LOOP ( 'NONE', ( #2542, #214 ) ) ;
#583 = VECTOR ( 'NONE', #2369, 1000.000000000000114 ) ;
#584 = PLANE ( 'NONE',  #1830 ) ;
#585 = AXIS2_PLACEMENT_3D ( 'NONE', #1689, #926, #207 ) ;
#586 = PERSON_AND_ORGANIZATION ( #1508, #239 ) ;
#587 = DIRECTION ( 'NONE',  ( -0.000000000000000000, -1.000000000000000000, -0.000000000000000000 ) ) ;
#588 = VECTOR ( 'NONE', #2257, 1000.000000000000000 ) ;
#589 = ORIENTED_EDGE ( 'NONE', *, *, #821, .F. ) ;
#590 = ORIENTED_EDGE ( 'NONE', *, *, #2303, .F. ) ;
#591 = CARTESIAN_POINT ( 'NONE',  ( -32.00000000000000000, -36.00000000000000000, 40.00000000000000000 ) ) ;
#592 = VECTOR ( 'NONE', #1586, 1000.000000000000000 ) ;
#593 = DIRECTION ( 'NONE',  ( 0.000000000000000000, 0.000000000000000000, -1.000000000000000000 ) ) ;
#594 = AXIS2_PLACEMENT_3D ( 'NONE', #2461, #2250, #2037 ) ;
#595 = CARTESIAN_POINT ( 'NONE',  ( -29.56414504036117563, -46.00000000000000000, -9.495869835682878346 ) ) ;
#596 = AXIS2_PLACEMENT_3D ( 'NONE', #971, #287, #767 ) ;
#597 = EDGE_CURVE ( 'NONE', #1641, #1507, #87, .T. ) ;
#598 = ORIENTED_EDGE ( 'NONE', *, *, #2572, .T. ) ;
#599 = DIRECTION ( 'NONE',  ( -0.000000000000000000, -1.000000000000000000, -0.000000000000000000 ) ) ;
#600 = DIRECTION ( 'NONE',  ( -0.000000000000000000, -1.000000000000000000, -0.000000000000000000 ) ) ;
#601 = EDGE_CURVE ( 'NONE', #2169, #2474, #714, .T. ) ;
#602 = CARTESIAN_POINT ( 'NONE',  ( -10.92505803290318056, -36.00000000000000000, -324.9239757025808899 ) ) ;
#603 = DIRECTION ( 'NONE',  ( 0.000000000000000000, 0.000000000000000000, -1.000000000000000000 ) ) ;
#604 = ADVANCED_FACE ( 'NONE', ( #472 ), #928, .F. ) ;
#605 = VERTEX_POINT ( 'NONE', #1998 ) ;
#606 = DIRECTION ( 'NONE',  ( -0.000000000000000000, -1.000000000000000000, -0.000000000000000000 ) ) ;
#607 = CARTESIAN_POINT ( 'NONE',  ( 29.56414504036117918, -36.00000000000000000, 14.99586983568286946 ) ) ;
#608 = ORIENTED_EDGE ( 'NONE', *, *, #2199, .F. ) ;
#609 = ORIENTED_EDGE ( 'NONE', *, *, #1771, .T. ) ;
#610 = DIRECTION ( 'NONE',  ( 0.000000000000000000, 1.000000000000000000, 0.000000000000000000 ) ) ;
#611 = ORIENTED_EDGE ( 'NONE', *, *, #1939, .F. ) ;
#612 = CARTESIAN_POINT ( 'NONE',  ( 30.00000000000000000, -36.00000000000000000, -110.0000000000000000 ) ) ;
#613 = EDGE_CURVE ( 'NONE', #2208, #1911, #397, .T. ) ;
#614 = CARTESIAN_POINT ( 'NONE',  ( 0.000000000000000000, 0.000000000000000000, 0.000000000000000000 ) ) ;
#615 = DIRECTION ( 'NONE',  ( 0.000000000000000000, 1.000000000000000000, 0.000000000000000000 ) ) ;
#616 = VERTEX_POINT ( 'NONE', #1323 ) ;
#617 = DIRECTION ( 'NONE',  ( 0.000000000000000000, 0.000000000000000000, 1.000000000000000000 ) ) ;
#618 = ADVANCED_FACE ( 'NONE', ( #942 ), #2384, .F. ) ;
#619 = DIRECTION ( 'NONE',  ( 0.000000000000000000, 1.000000000000000000, 0.000000000000000000 ) ) ;
#620 = VERTEX_POINT ( 'NONE', #1110 ) ;
#621 = CARTESIAN_POINT ( 'NONE',  ( -46.19397662556433914, -36.00000000000000000, -291.8841716182545269 ) ) ;
#622 = VERTEX_POINT ( 'NONE', #1958 ) ;
#623 = AXIS2_PLACEMENT_3D ( 'NONE', #2316, #1491, #434 ) ;
#624 = CARTESIAN_POINT ( 'NONE',  ( 22.00000000000000000, -15.99999999999999645, -61.09991680526687929 ) ) ;
#625 = CIRCLE ( 'NONE', #2142, 2.749999999999999112 ) ;
#626 = FACE_OUTER_BOUND ( 'NONE', #2746, .T. ) ;
#627 = ADVANCED_FACE ( 'NONE', ( #1942 ), #1534, .F. ) ;
#628 = CIRCLE ( 'NONE', #2366, 2.750000000000002665 ) ;
#629 = VERTEX_POINT ( 'NONE', #905 ) ;
#630 = DIRECTION ( 'NONE',  ( 0.000000000000000000, -0.000000000000000000, 1.000000000000000000 ) ) ;
#631 = DIRECTION ( 'NONE',  ( -0.000000000000000000, -1.000000000000000000, -0.000000000000000000 ) ) ;
#632 = FACE_OUTER_BOUND ( 'NONE', #521, .T. ) ;
#633 = CIRCLE ( 'NONE', #2103, 2.749999999999999112 ) ;
#634 = EDGE_CURVE ( 'NONE', #936, #679, #2363, .T. ) ;
#635 = VERTEX_POINT ( 'NONE', #916 ) ;
#636 = AXIS2_PLACEMENT_3D ( 'NONE', #1581, #1357, #1482 ) ;
#637 = EDGE_CURVE ( 'NONE', #2419, #1138, #308, .T. ) ;
#638 = ORIENTED_EDGE ( 'NONE', *, *, #1765, .T. ) ;
#639 = VECTOR ( 'NONE', #1707, 1000.000000000000114 ) ;
#640 = DIRECTION ( 'NONE',  ( 0.000000000000000000, 0.000000000000000000, 1.000000000000000000 ) ) ;
#641 = ORIENTED_EDGE ( 'NONE', *, *, #1006, .T. ) ;
#642 = EDGE_LOOP ( 'NONE', ( #402, #547 ) ) ;
#643 = CARTESIAN_POINT ( 'NONE',  ( 12.24586983568288012, -46.00000000000000000, 26.81414504036117208 ) ) ;
#644 = CARTESIAN_POINT ( 'NONE',  ( 46.19397662556433914, -46.00000000000000000, -291.8841716182545269 ) ) ;
#645 = VERTEX_POINT ( 'NONE', #1795 ) ;
#646 = CARTESIAN_POINT ( 'NONE',  ( 1.347111479062088405E-15, -36.00000000000000000, -129.0000000000000000 ) ) ;
#647 = CARTESIAN_POINT ( 'NONE',  ( 12.24586983568287479, -46.00000000000000000, -29.56414504036117563 ) ) ;
#648 = DIRECTION ( 'NONE',  ( 0.000000000000000000, 1.000000000000000000, 0.000000000000000000 ) ) ;
#649 = VERTEX_POINT ( 'NONE', #704 ) ;
#650 = ORIENTED_EDGE ( 'NONE', *, *, #1359, .T. ) ;
#651 = CARTESIAN_POINT ( 'NONE',  ( 30.00000000000000000, -15.99999999999999645, -61.09991680526687929 ) ) ;
#652 = LINE ( 'NONE', #1914, #1466 ) ;
#653 = ORIENTED_EDGE ( 'NONE', *, *, #2507, .F. ) ;
#654 = PLANE ( 'NONE',  #1514 ) ;
#655 = ORIENTED_EDGE ( 'NONE', *, *, #1319, .F. ) ;
#656 = DIRECTION ( 'NONE',  ( 0.000000000000000000, 0.000000000000000000, -1.000000000000000000 ) ) ;
#657 = CARTESIAN_POINT ( 'NONE',  ( -29.56414504036117918, -36.00000000000000000, 12.24586983568286946 ) ) ;
#658 = CARTESIAN_POINT ( 'NONE',  ( -46.19397662556434625, -36.00000000000000000, -248.1158283817455299 ) ) ;
#659 = EDGE_LOOP ( 'NONE', ( #1243, #1313, #2043, #2050 ) ) ;
#660 = ORIENTED_EDGE ( 'NONE', *, *, #495, .F. ) ;
#661 = EDGE_CURVE ( 'NONE', #1531, #1318, #1427, .T. ) ;
#662 = PLANE ( 'NONE',  #623 ) ;
#663 = ADVANCED_FACE ( 'NONE', ( #525 ), #496, .F. ) ;
#664 = EDGE_LOOP ( 'NONE', ( #790, #2274 ) ) ;
#665 = DIRECTION ( 'NONE',  ( -0.1029093542216269197, 0.000000000000000000, -0.9946907382768211958 ) ) ;
#666 = CARTESIAN_POINT ( 'NONE',  ( 29.56414504036117563, -46.00000000000000000, -9.495869835682874793 ) ) ;
#667 = EDGE_LOOP ( 'NONE', ( #2347, #901 ) ) ;
#668 = CARTESIAN_POINT ( 'NONE',  ( -29.56414504036117563, -46.00000000000000000, -12.24586983568287657 ) ) ;
#669 = VECTOR ( 'NONE', #2335, 1000.000000000000000 ) ;
#670 = CARTESIAN_POINT ( 'NONE',  ( 46.19397662556434625, -36.00000000000000000, -250.8658283817455299 ) ) ;
#671 = FACE_OUTER_BOUND ( 'NONE', #2479, .T. ) ;
#672 = FACE_BOUND ( 'NONE', #322, .T. ) ;
#673 = VECTOR ( 'NONE', #1932, 1000.000000000000000 ) ;
#674 = ORIENTED_EDGE ( 'NONE', *, *, #1450, .T. ) ;
#675 = AXIS2_PLACEMENT_3D ( 'NONE', #1893, #2744, #1285 ) ;
#676 = ORIENTED_EDGE ( 'NONE', *, *, #750, .T. ) ;
#677 = VECTOR ( 'NONE', #170, 1000.000000000000000 ) ;
#678 = EDGE_CURVE ( 'NONE', #1825, #1030, #681, .T. ) ;
#679 = VERTEX_POINT ( 'NONE', #723 ) ;
#680 = VECTOR ( 'NONE', #2358, 1000.000000000000000 ) ;
#681 = LINE ( 'NONE', #296, #492 ) ;
#682 = EDGE_CURVE ( 'NONE', #1507, #1641, #2501, .T. ) ;
#683 = VECTOR ( 'NONE', #528, 1000.000000000000114 ) ;
#684 = DIRECTION ( 'NONE',  ( 0.2873478855663453291, 0.000000000000000000, -0.9578262852211513190 ) ) ;
#685 = ORIENTED_EDGE ( 'NONE', *, *, #2561, .F. ) ;
#686 = DIRECTION ( 'NONE',  ( -0.7071067811865470176, 0.000000000000000000, 0.7071067811865480168 ) ) ;
#687 = CARTESIAN_POINT ( 'NONE',  ( -19.13417161825447721, -36.00000000000000000, -223.8060233744356822 ) ) ;
#688 = LINE ( 'NONE', #1978, #1022 ) ;
#689 = ORIENTED_EDGE ( 'NONE', *, *, #530, .T. ) ;
#690 = ORIENTED_EDGE ( 'NONE', *, *, #2673, .F. ) ;
#691 = ORIENTED_EDGE ( 'NONE', *, *, #1609, .F. ) ;
#692 = ADVANCED_FACE ( 'NONE', ( #2426 ), #511, .F. ) ;
#693 = DIRECTION ( 'NONE',  ( 0.000000000000000000, 0.000000000000000000, 1.000000000000000000 ) ) ;
#694 = DIRECTION ( 'NONE',  ( 0.000000000000000000, 0.000000000000000000, 1.000000000000000000 ) ) ;
#695 = EDGE_CURVE ( 'NONE', #876, #62, #1587, .T. ) ;
#696 = ORIENTED_EDGE ( 'NONE', *, *, #2069, .T. ) ;
#697 = DIRECTION ( 'NONE',  ( 0.000000000000000000, 1.000000000000000000, 0.000000000000000000 ) ) ;
#698 = CARTESIAN_POINT ( 'NONE',  ( -31.11193304909772550, -36.00000000000000000, -316.5622982889425430 ) ) ;
#699 = DIRECTION ( 'NONE',  ( 0.000000000000000000, 0.000000000000000000, 1.000000000000000000 ) ) ;
#700 = ORIENTED_EDGE ( 'NONE', *, *, #1690, .T. ) ;
#701 = EDGE_CURVE ( 'NONE', #973, #1321, #247, .T. ) ;
#702 = CARTESIAN_POINT ( 'NONE',  ( 29.56414504036117918, -46.00000000000000000, 12.24586983568286591 ) ) ;
#703 = EDGE_LOOP ( 'NONE', ( #1440, #2538 ) ) ;
#704 = CARTESIAN_POINT ( 'NONE',  ( 0.000000000000000000, -36.00000000000000000, -151.0000000000000284 ) ) ;
#705 = PLANE ( 'NONE',  #227 ) ;
#706 = EDGE_LOOP ( 'NONE', ( #1659, #1409 ) ) ;
#707 = CARTESIAN_POINT ( 'NONE',  ( -46.19397662556433914, -46.00000000000000000, -289.1341716182545269 ) ) ;
#708 = PLANE ( 'NONE',  #2682 ) ;
#709 = CARTESIAN_POINT ( 'NONE',  ( 30.00000000000000000, -36.00000000000000000, -206.0000000000000284 ) ) ;
#710 = ADVANCED_FACE ( 'NONE', ( #2604 ), #267, .F. ) ;
#711 = VECTOR ( 'NONE', #587, 1000.000000000000000 ) ;
#712 = VERTEX_POINT ( 'NONE', #1452 ) ;
#713 = FACE_OUTER_BOUND ( 'NONE', #1205, .T. ) ;
#714 = CIRCLE ( 'NONE', #2317, 2.750000000000002665 ) ;
#715 = EDGE_CURVE ( 'NONE', #2533, #2645, #1881, .T. ) ;
#716 = EDGE_LOOP ( 'NONE', ( #426, #1840, #2291, #1156 ) ) ;
#717 = VECTOR ( 'NONE', #1142, 1000.000000000000000 ) ;
#718 = EDGE_CURVE ( 'NONE', #365, #2367, #1017, .T. ) ;
#719 = VECTOR ( 'NONE', #1435, 1000.000000000000000 ) ;
#720 = DIRECTION ( 'NONE',  ( 0.000000000000000000, 1.000000000000000000, 0.000000000000000000 ) ) ;
#721 = CIRCLE ( 'NONE', #1612, 2.749999999999999112 ) ;
#722 = LINE ( 'NONE', #2467, #1122 ) ;
#723 = CARTESIAN_POINT ( 'NONE',  ( -19.13417161825448787, -36.00000000000000000, -313.4439766255644031 ) ) ;
#724 = AXIS2_PLACEMENT_3D ( 'NONE', #1496, #291, #505 ) ;
#725 = CARTESIAN_POINT ( 'NONE',  ( 46.19397662556434625, -36.00000000000000000, -250.8658283817455299 ) ) ;
#726 = ORIENTED_EDGE ( 'NONE', *, *, #988, .T. ) ;
#727 = VECTOR ( 'NONE', #516, 1000.000000000000114 ) ;
#728 = LINE ( 'NONE', #1577, #2330 ) ;
#729 = FACE_BOUND ( 'NONE', #481, .T. ) ;
#730 = DIRECTION ( 'NONE',  ( 0.000000000000000000, 1.000000000000000000, 0.000000000000000000 ) ) ;
#731 = ORIENTED_EDGE ( 'NONE', *, *, #1760, .T. ) ;
#732 = PRODUCT_RELATED_PRODUCT_CATEGORY ( 'detail', '', ( #363 ) ) ;
#733 = DIRECTION ( 'NONE',  ( -0.000000000000000000, -1.000000000000000000, -0.000000000000000000 ) ) ;
#734 = ORIENTED_EDGE ( 'NONE', *, *, #1162, .T. ) ;
#735 = DIRECTION ( 'NONE',  ( 0.2873478855663453291, 0.000000000000000000, -0.9578262852211513190 ) ) ;
#736 = LINE ( 'NONE', #2042, #2678 ) ;
#737 = DIRECTION ( 'NONE',  ( 0.000000000000000000, 1.000000000000000000, 0.000000000000000000 ) ) ;
#738 = LINE ( 'NONE', #1217, #1787 ) ;
#739 = EDGE_LOOP ( 'NONE', ( #726, #2030, #995, #421 ) ) ;
#740 = LINE ( 'NONE', #2658, #683 ) ;
#741 = DIRECTION ( 'NONE',  ( 0.000000000000000000, 0.000000000000000000, 1.000000000000000000 ) ) ;
#742 = DIRECTION ( 'NONE',  ( 0.000000000000000000, 1.000000000000000000, 0.000000000000000000 ) ) ;
#743 = EDGE_LOOP ( 'NONE', ( #249, #798, #2082, #210 ) ) ;
#744 = CYLINDRICAL_SURFACE ( 'NONE', #2509, 2.749999999999999112 ) ;
#745 = ORIENTED_EDGE ( 'NONE', *, *, #1074, .T. ) ;
#746 = EDGE_CURVE ( 'NONE', #2198, #1845, #1202, .T. ) ;
#747 = DIRECTION ( 'NONE',  ( 0.000000000000000000, 0.000000000000000000, 1.000000000000000000 ) ) ;
#748 = CARTESIAN_POINT ( 'NONE',  ( -32.00000000000000000, -36.00000000000000000, 40.00000000000000000 ) ) ;
#749 = ORIENTED_EDGE ( 'NONE', *, *, #969, .F. ) ;
#750 = EDGE_CURVE ( 'NONE', #999, #1845, #1868, .T. ) ;
#751 = DIRECTION ( 'NONE',  ( -0.000000000000000000, -1.000000000000000000, -0.000000000000000000 ) ) ;
#752 = CARTESIAN_POINT ( 'NONE',  ( -22.00000000000000000, -15.99999999999999645, -206.0000000000000284 ) ) ;
#753 = DIRECTION ( 'NONE',  ( 0.000000000000000000, -0.9284766908852591927, 0.3713906763541039435 ) ) ;
#754 = EDGE_CURVE ( 'NONE', #2305, #273, #1842, .T. ) ;
#755 = VERTEX_POINT ( 'NONE', #2488 ) ;
#756 = EDGE_LOOP ( 'NONE', ( #2704, #700, #653, #2350 ) ) ;
#757 = DIRECTION ( 'NONE',  ( 0.000000000000000000, 0.000000000000000000, 1.000000000000000000 ) ) ;
#758 = AXIS2_PLACEMENT_3D ( 'NONE', #2444, #111, #2004 ) ;
#759 = ORIENTED_EDGE ( 'NONE', *, *, #1180, .T. ) ;
#760 = AXIS2_PLACEMENT_3D ( 'NONE', #1554, #1985, #1334 ) ;
#761 = AXIS2_PLACEMENT_3D ( 'NONE', #791, #2424, #509 ) ;
#762 = DIRECTION ( 'NONE',  ( 0.000000000000000000, 0.000000000000000000, 1.000000000000000000 ) ) ;
#763 = AXIS2_PLACEMENT_3D ( 'NONE', #191, #1282, #215 ) ;
#764 = VERTEX_POINT ( 'NONE', #591 ) ;
#765 = CIRCLE ( 'NONE', #1568, 2.750000000000002665 ) ;
#766 = DIRECTION ( 'NONE',  ( 0.000000000000000000, -1.000000000000000000, 0.000000000000000000 ) ) ;
#767 = DIRECTION ( 'NONE',  ( 0.000000000000000000, 0.000000000000000000, 1.000000000000000000 ) ) ;
#768 = DIRECTION ( 'NONE',  ( 0.000000000000000000, 0.000000000000000000, 1.000000000000000000 ) ) ;
#769 = AXIS2_PLACEMENT_3D ( 'NONE', #1263, #1691, #2541 ) ;
#770 = ORIENTED_EDGE ( 'NONE', *, *, #2184, .F. ) ;
#771 = ORIENTED_EDGE ( 'NONE', *, *, #1036, .F. ) ;
#772 = FACE_OUTER_BOUND ( 'NONE', #1148, .T. ) ;
#773 = AXIS2_PLACEMENT_3D ( 'NONE', #446, #404, #2521 ) ;
#774 = EDGE_CURVE ( 'NONE', #1756, #2689, #2072, .T. ) ;
#775 = FACE_OUTER_BOUND ( 'NONE', #898, .T. ) ;
#776 = EDGE_LOOP ( 'NONE', ( #1728, #1773, #1072, #2339 ) ) ;
#777 = CARTESIAN_POINT ( 'NONE',  ( 0.000000000000000000, -36.00000000000000000, 0.000000000000000000 ) ) ;
#778 = CARTESIAN_POINT ( 'NONE',  ( 12.24586983568287479, -36.00000000000000000, -32.31414504036117563 ) ) ;
#779 = CARTESIAN_POINT ( 'NONE',  ( 29.56414504036117563, -36.00000000000000000, -14.99586983568287124 ) ) ;
#780 = ORIENTED_EDGE ( 'NONE', *, *, #789, .T. ) ;
#781 = DIRECTION ( 'NONE',  ( -0.000000000000000000, -1.000000000000000000, -0.000000000000000000 ) ) ;
#782 = PERSON_AND_ORGANIZATION ( #1508, #239 ) ;
#783 = CARTESIAN_POINT ( 'NONE',  ( -22.00000000000000000, -26.00000000000000000, -61.09991680526687929 ) ) ;
#784 = EDGE_CURVE ( 'NONE', #2518, #712, #1224, .T. ) ;
#785 = ORIENTED_EDGE ( 'NONE', *, *, #378, .F. ) ;
#786 = ORIENTED_EDGE ( 'NONE', *, *, #695, .F. ) ;
#787 = CARTESIAN_POINT ( 'NONE',  ( -30.00000000000000000, -36.00000000000000000, -110.0000000000000000 ) ) ;
#788 = DIRECTION ( 'NONE',  ( 0.000000000000000000, 0.000000000000000000, -1.000000000000000000 ) ) ;
#789 = EDGE_CURVE ( 'NONE', #1748, #1916, #1337, .T. ) ;
#790 = ORIENTED_EDGE ( 'NONE', *, *, #342, .T. ) ;
#791 = CARTESIAN_POINT ( 'NONE',  ( -32.00000000000000000, -36.00000000000000000, 40.00000000000000000 ) ) ;
#792 = FACE_OUTER_BOUND ( 'NONE', #1406, .T. ) ;
#793 = VERTEX_POINT ( 'NONE', #1244 ) ;
#794 = CARTESIAN_POINT ( 'NONE',  ( -22.00000000000000000, -31.00000000000000000, -59.09991680526687929 ) ) ;
#795 = DATE_AND_TIME ( #1861, #1132 ) ;
#796 = CYLINDRICAL_SURFACE ( 'NONE', #2547, 11.00000000000001066 ) ;
#797 = CARTESIAN_POINT ( 'NONE',  ( 30.00000000000000000, -36.00000000000000000, -110.0000000000000000 ) ) ;
#798 = ORIENTED_EDGE ( 'NONE', *, *, #1208, .T. ) ;
#799 = ORIENTED_EDGE ( 'NONE', *, *, #97, .T. ) ;
#800 = DIRECTION ( 'NONE',  ( 0.000000000000000000, 0.000000000000000000, -1.000000000000000000 ) ) ;
#801 = DIRECTION ( 'NONE',  ( 0.000000000000000000, 0.000000000000000000, 1.000000000000000000 ) ) ;
#802 = EDGE_CURVE ( 'NONE', #1813, #2256, #1678, .T. ) ;
#803 = AXIS2_PLACEMENT_3D ( 'NONE', #2272, #1220, #1648 ) ;
#804 = CARTESIAN_POINT ( 'NONE',  ( -32.00000000000000000, -46.00000000000000000, 40.00000000000000000 ) ) ;
#805 = VERTEX_POINT ( 'NONE', #561 ) ;
#806 = DIRECTION ( 'NONE',  ( -0.000000000000000000, -1.000000000000000000, -0.000000000000000000 ) ) ;
#807 = AXIS2_PLACEMENT_3D ( 'NONE', #2755, #2111, #281 ) ;
#808 = DIRECTION ( 'NONE',  ( 0.000000000000000000, 0.000000000000000000, 1.000000000000000000 ) ) ;
#809 = DIRECTION ( 'NONE',  ( 0.000000000000000000, 0.000000000000000000, -1.000000000000000000 ) ) ;
#810 = AXIS2_PLACEMENT_3D ( 'NONE', #236, #498, #1727 ) ;
#811 = ORIENTED_EDGE ( 'NONE', *, *, #1319, .T. ) ;
#812 = DIRECTION ( 'NONE',  ( 0.000000000000000000, 1.000000000000000000, 0.000000000000000000 ) ) ;
#813 = LINE ( 'NONE', #2570, #1034 ) ;
#814 = CIRCLE ( 'NONE', #457, 25.15000000000000213 ) ;
#815 = CC_DESIGN_PERSON_AND_ORGANIZATION_ASSIGNMENT ( #1256, #986, ( #399 ) ) ;
#816 = VECTOR ( 'NONE', #1977, 1000.000000000000000 ) ;
#817 = VERTEX_POINT ( 'NONE', #155 ) ;
#818 = ADVANCED_FACE ( 'NONE', ( #1864 ), #2718, .F. ) ;
#819 = DIRECTION ( 'NONE',  ( 0.000000000000000000, 0.000000000000000000, 1.000000000000000000 ) ) ;
#820 = EDGE_LOOP ( 'NONE', ( #1528, #2394, #2502, #2667 ) ) ;
#821 = EDGE_CURVE ( 'NONE', #914, #616, #847, .T. ) ;
#822 = LINE ( 'NONE', #384, #2545 ) ;
#823 = DIRECTION ( 'NONE',  ( 0.000000000000000000, 1.000000000000000000, 0.000000000000000000 ) ) ;
#824 = DIRECTION ( 'NONE',  ( -0.000000000000000000, -1.000000000000000000, -0.000000000000000000 ) ) ;
#825 = VERTEX_POINT ( 'NONE', #2692 ) ;
#826 = DIRECTION ( 'NONE',  ( 0.1705414337057505614, 0.000000000000000000, -0.9853505058554478113 ) ) ;
#827 = CARTESIAN_POINT ( 'NONE',  ( 30.00000000000000000, -15.99999999999999645, -206.0000000000000284 ) ) ;
#828 = ORIENTED_EDGE ( 'NONE', *, *, #601, .F. ) ;
#829 = EDGE_LOOP ( 'NONE', ( #880, #290, #1992, #2585 ) ) ;
#830 = DIRECTION ( 'NONE',  ( 0.000000000000000000, 1.000000000000000000, 0.000000000000000000 ) ) ;
#831 = ADVANCED_FACE ( 'NONE', ( #772 ), #2706, .F. ) ;
#832 = CARTESIAN_POINT ( 'NONE',  ( 46.19397662556434625, -46.00000000000000000, -248.1158283817455299 ) ) ;
#833 = LINE ( 'NONE', #1485, #1388 ) ;
#834 = CARTESIAN_POINT ( 'NONE',  ( -19.13417161825447721, -46.00000000000000000, -223.8060233744356822 ) ) ;
#835 = DIRECTION ( 'NONE',  ( 0.000000000000000000, 0.000000000000000000, 1.000000000000000000 ) ) ;
#836 = EDGE_CURVE ( 'NONE', #1024, #1905, #401, .T. ) ;
#837 = VERTEX_POINT ( 'NONE', #166 ) ;
#838 = CARTESIAN_POINT ( 'NONE',  ( -30.00000000000000000, -46.00000000000000000, -110.0000000000000000 ) ) ;
#839 = FACE_BOUND ( 'NONE', #2115, .T. ) ;
#840 = ORIENTED_EDGE ( 'NONE', *, *, #1493, .F. ) ;
#841 = CARTESIAN_POINT ( 'NONE',  ( -10.92505803290318056, -36.00000000000000000, -324.9239757025808899 ) ) ;
#842 = ORIENTED_EDGE ( 'NONE', *, *, #2663, .T. ) ;
#843 = APPLICATION_CONTEXT ( 'configuration controlled 3d designs of mechanical parts and assemblies' ) ;
#844 = ORIENTED_EDGE ( 'NONE', *, *, #1955, .T. ) ;
#845 = CARTESIAN_POINT ( 'NONE',  ( -30.00000000000000000, -31.00000000000000000, -35.59768778401239331 ) ) ;
#846 = EDGE_CURVE ( 'NONE', #57, #996, #2093, .T. ) ;
#847 = CIRCLE ( 'NONE', #134, 25.15000000000000213 ) ;
#848 = PERSON_AND_ORGANIZATION_ROLE ( 'classification_officer' ) ;
#849 = CARTESIAN_POINT ( 'NONE',  ( 0.000000000000000000, -46.00000000000000000, -85.00000000000000000 ) ) ;
#850 = VECTOR ( 'NONE', #2281, 1000.000000000000000 ) ;
#851 = EDGE_LOOP ( 'NONE', ( #2352, #2738, #1333, #1670 ) ) ;
#852 = DIRECTION ( 'NONE',  ( 0.000000000000000000, -1.000000000000000000, 0.000000000000000000 ) ) ;
#853 = DIRECTION ( 'NONE',  ( -0.000000000000000000, -1.000000000000000000, -0.000000000000000000 ) ) ;
#854 = DIRECTION ( 'NONE',  ( -0.000000000000000000, -1.000000000000000000, -0.000000000000000000 ) ) ;
#855 = VERTEX_POINT ( 'NONE', #1234 ) ;
#856 = EDGE_CURVE ( 'NONE', #1050, #2613, #2083, .T. ) ;
#857 = VECTOR ( 'NONE', #510, 1000.000000000000114 ) ;
#858 = CIRCLE ( 'NONE', #2156, 2.750000000000002665 ) ;
#859 = VECTOR ( 'NONE', #1103, 1000.000000000000000 ) ;
#860 = DIRECTION ( 'NONE',  ( -0.000000000000000000, -1.000000000000000000, -0.000000000000000000 ) ) ;
#861 = VERTEX_POINT ( 'NONE', #179 ) ;
#862 = APPROVAL_PERSON_ORGANIZATION ( #2165, #1636, #233 ) ;
#863 = VERTEX_POINT ( 'NONE', #2356 ) ;
#864 = DIRECTION ( 'NONE',  ( -0.000000000000000000, -1.000000000000000000, -0.000000000000000000 ) ) ;
#865 = EDGE_LOOP ( 'NONE', ( #1688, #1400, #518, #20 ) ) ;
#866 = DIRECTION ( 'NONE',  ( -0.000000000000000000, -1.000000000000000000, -0.000000000000000000 ) ) ;
#867 = LINE ( 'NONE', #1718, #639 ) ;
#868 = DIRECTION ( 'NONE',  ( -1.000000000000000000, -0.000000000000000000, -0.000000000000000000 ) ) ;
#869 = FACE_BOUND ( 'NONE', #1743, .T. ) ;
#870 = ADVANCED_FACE ( 'NONE', ( #2374 ), #443, .F. ) ;
#871 = EDGE_LOOP ( 'NONE', ( #1096, #1606, #2164, #407 ) ) ;
#872 = EDGE_CURVE ( 'NONE', #817, #793, #1300, .T. ) ;
#873 = ORIENTED_EDGE ( 'NONE', *, *, #915, .T. ) ;
#874 = CARTESIAN_POINT ( 'NONE',  ( -12.24586983568287124, -36.00000000000000000, -26.81414504036117563 ) ) ;
#875 = ORIENTED_EDGE ( 'NONE', *, *, #2489, .F. ) ;
#876 = VERTEX_POINT ( 'NONE', #2568 ) ;
#877 = SHAPE_DEFINITION_REPRESENTATION ( #1831, #2517 ) ;
#878 = CARTESIAN_POINT ( 'NONE',  ( -46.56229828894253586, -46.00000000000000000, -301.1119330490977291 ) ) ;
#879 = LINE ( 'NONE', #907, #453 ) ;
#880 = ORIENTED_EDGE ( 'NONE', *, *, #1516, .T. ) ;
#881 = FACE_OUTER_BOUND ( 'NONE', #739, .T. ) ;
#882 = CARTESIAN_POINT ( 'NONE',  ( -29.56414504036117563, -36.00000000000000000, -9.495869835682878346 ) ) ;
#883 = FACE_BOUND ( 'NONE', #112, .T. ) ;
#884 = FACE_BOUND ( 'NONE', #918, .T. ) ;
#885 = ORIENTED_EDGE ( 'NONE', *, *, #2174, .F. ) ;
#886 = ADVANCED_FACE ( 'NONE', ( #2624 ), #2154, .F. ) ;
#887 = ORIENTED_EDGE ( 'NONE', *, *, #2174, .T. ) ;
#888 = EDGE_CURVE ( 'NONE', #2474, #1507, #1476, .T. ) ;
#889 = ORIENTED_EDGE ( 'NONE', *, *, #2006, .T. ) ;
#890 = VECTOR ( 'NONE', #2088, 1000.000000000000000 ) ;
#891 = DIRECTION ( 'NONE',  ( 0.000000000000000000, 0.000000000000000000, -1.000000000000000000 ) ) ;
#892 = AXIS2_PLACEMENT_3D ( 'NONE', #1635, #2500, #1200 ) ;
#893 = CARTESIAN_POINT ( 'NONE',  ( 0.000000000000000000, -38.19999999999999574, 0.000000000000000000 ) ) ;
#894 = ORIENTED_EDGE ( 'NONE', *, *, #1843, .F. ) ;
#895 = DIRECTION ( 'NONE',  ( 0.000000000000000000, 0.000000000000000000, 1.000000000000000000 ) ) ;
#896 = FACE_BOUND ( 'NONE', #2743, .T. ) ;
#897 = AXIS2_PLACEMENT_3D ( 'NONE', #1774, #1572, #2126 ) ;
#898 = EDGE_LOOP ( 'NONE', ( #560, #40, #749, #292 ) ) ;
#899 = VECTOR ( 'NONE', #2665, 1000.000000000000000 ) ;
#900 = EDGE_CURVE ( 'NONE', #2662, #1433, #2670, .T. ) ;
#901 = ORIENTED_EDGE ( 'NONE', *, *, #2725, .T. ) ;
#902 = CIRCLE ( 'NONE', #2674, 2.750000000000002665 ) ;
#903 = EDGE_LOOP ( 'NONE', ( #46, #2092 ) ) ;
#904 = CIRCLE ( 'NONE', #1347, 2.749999999999974687 ) ;
#905 = CARTESIAN_POINT ( 'NONE',  ( 54.92397570258090411, -36.00000000000000000, -280.9250580329031663 ) ) ;
#906 = AXIS2_PLACEMENT_3D ( 'NONE', #432, #853, #1923 ) ;
#907 = CARTESIAN_POINT ( 'NONE',  ( -30.00000000000000000, -15.99999999999999645, -206.0000000000000284 ) ) ;
#908 = ORIENTED_EDGE ( 'NONE', *, *, #2364, .T. ) ;
#909 = CC_DESIGN_SECURITY_CLASSIFICATION ( #414, ( #554 ) ) ;
#910 = CARTESIAN_POINT ( 'NONE',  ( 46.56229828894252876, -46.00000000000000000, -301.1119330490977291 ) ) ;
#911 = CARTESIAN_POINT ( 'NONE',  ( -48.00000000000000000, -36.00000000000000000, -214.0000000000000284 ) ) ;
#912 = LINE ( 'NONE', #2390, #2269 ) ;
#913 = EDGE_LOOP ( 'NONE', ( #479, #590 ) ) ;
#914 = VERTEX_POINT ( 'NONE', #1314 ) ;
#915 = EDGE_CURVE ( 'NONE', #28, #549, #2332, .T. ) ;
#916 = CARTESIAN_POINT ( 'NONE',  ( -31.11193304909772550, -46.00000000000000000, -316.5622982889425430 ) ) ;
#917 = DIRECTION ( 'NONE',  ( 0.000000000000000000, 1.000000000000000000, 0.000000000000000000 ) ) ;
#918 = EDGE_LOOP ( 'NONE', ( #2630, #531 ) ) ;
#919 = ADVANCED_FACE ( 'NONE', ( #1260, #195 ), #238, .T. ) ;
#920 = LINE ( 'NONE', #2671, #411 ) ;
#921 = LINE ( 'NONE', #1522, #816 ) ;
#922 = CARTESIAN_POINT ( 'NONE',  ( 32.00000000000000000, -36.00000000000000000, 40.00000000000000000 ) ) ;
#923 = ORIENTED_EDGE ( 'NONE', *, *, #637, .T. ) ;
#924 = CARTESIAN_POINT ( 'NONE',  ( -29.56414504036117918, -36.00000000000000000, 9.495869835682871241 ) ) ;
#925 = ORIENTED_EDGE ( 'NONE', *, *, #2285, .T. ) ;
#926 = DIRECTION ( 'NONE',  ( -0.000000000000000000, -1.000000000000000000, -0.000000000000000000 ) ) ;
#927 = CYLINDRICAL_SURFACE ( 'NONE', #2463, 2.750000000000030198 ) ;
#928 = PLANE ( 'NONE',  #760 ) ;
#929 = CARTESIAN_POINT ( 'NONE',  ( 30.00000000000000000, -15.99999999999999645, -61.09991680526687929 ) ) ;
#930 = ORIENTED_EDGE ( 'NONE', *, *, #2061, .F. ) ;
#931 = CARTESIAN_POINT ( 'NONE',  ( 30.00000000000000000, -36.00000000000000000, -35.59768778401239331 ) ) ;
#932 = FACE_BOUND ( 'NONE', #1680, .T. ) ;
#933 = DIRECTION ( 'NONE',  ( -0.000000000000000000, -1.000000000000000000, -0.000000000000000000 ) ) ;
#934 = VERTEX_POINT ( 'NONE', #403 ) ;
#935 = DIRECTION ( 'NONE',  ( 0.000000000000000000, 0.000000000000000000, 1.000000000000000000 ) ) ;
#936 = VERTEX_POINT ( 'NONE', #2344 ) ;
#937 = PLANE ( 'NONE',  #235 ) ;
#938 = AXIS2_PLACEMENT_3D ( 'NONE', #2000, #1860, #1646 ) ;
#939 = DIRECTION ( 'NONE',  ( -0.000000000000000000, -1.000000000000000000, -0.000000000000000000 ) ) ;
#940 = AXIS2_PLACEMENT_3D ( 'NONE', #1391, #2642, #1152 ) ;
#941 = DIRECTION ( 'NONE',  ( 0.000000000000000000, 0.000000000000000000, 1.000000000000000000 ) ) ;
#942 = FACE_OUTER_BOUND ( 'NONE', #24, .T. ) ;
#943 = AXIS2_PLACEMENT_3D ( 'NONE', #491, #2209, #640 ) ;
#944 = CARTESIAN_POINT ( 'NONE',  ( -22.00000000000000000, -31.00000000000000000, -59.09991680526687929 ) ) ;
#945 = EDGE_LOOP ( 'NONE', ( #263, #968, #2343, #1229 ) ) ;
#946 = CIRCLE ( 'NONE', #461, 2.749999999999999112 ) ;
#947 = DIRECTION ( 'NONE',  ( 0.000000000000000000, 0.000000000000000000, 1.000000000000000000 ) ) ;
#948 = LINE ( 'NONE', #1799, #2094 ) ;
#949 = ORIENTED_EDGE ( 'NONE', *, *, #1690, .F. ) ;
#950 = EDGE_CURVE ( 'NONE', #2367, #514, #539, .T. ) ;
#951 = DIRECTION ( 'NONE',  ( 0.000000000000000000, 1.000000000000000000, 0.000000000000000000 ) ) ;
#952 = ORIENTED_EDGE ( 'NONE', *, *, #137, .T. ) ;
#953 = ADVANCED_FACE ( 'NONE', ( #881 ), #1503, .F. ) ;
#954 = LINE ( 'NONE', #2014, #1741 ) ;
#955 = FACE_OUTER_BOUND ( 'NONE', #1268, .T. ) ;
#956 = EDGE_LOOP ( 'NONE', ( #350, #304, #169, #1979 ) ) ;
#957 = DIRECTION ( 'NONE',  ( 0.000000000000000000, 0.000000000000000000, -1.000000000000000000 ) ) ;
#958 = ORIENTED_EDGE ( 'NONE', *, *, #168, .T. ) ;
#959 = LINE ( 'NONE', #2215, #274 ) ;
#960 = CARTESIAN_POINT ( 'NONE',  ( 30.00000000000000000, -15.99999999999999645, -206.0000000000000284 ) ) ;
#961 = ORIENTED_EDGE ( 'NONE', *, *, #1673, .F. ) ;
#962 = EDGE_LOOP ( 'NONE', ( #339, #731, #1550, #1615 ) ) ;
#963 = DIRECTION ( 'NONE',  ( 0.000000000000000000, 0.000000000000000000, -1.000000000000000000 ) ) ;
#964 = VERTEX_POINT ( 'NONE', #1729 ) ;
#965 = CARTESIAN_POINT ( 'NONE',  ( -22.00000000000000000, 0.000000000000000000, 0.000000000000000000 ) ) ;
#966 = EDGE_CURVE ( 'NONE', #755, #1531, #1058, .T. ) ;
#967 = DIRECTION ( 'NONE',  ( 0.000000000000000000, 1.000000000000000000, 0.000000000000000000 ) ) ;
#968 = ORIENTED_EDGE ( 'NONE', *, *, #34, .F. ) ;
#969 = EDGE_CURVE ( 'NONE', #1824, #2428, #48, .T. ) ;
#970 = FACE_OUTER_BOUND ( 'NONE', #1279, .T. ) ;
#971 = CARTESIAN_POINT ( 'NONE',  ( 19.13417161825450208, -46.00000000000000000, -223.8060233744356822 ) ) ;
#972 = DIRECTION ( 'NONE',  ( -0.000000000000000000, -1.000000000000000000, -0.000000000000000000 ) ) ;
#973 = VERTEX_POINT ( 'NONE', #1520 ) ;
#974 = ORIENTED_EDGE ( 'NONE', *, *, #1265, .T. ) ;
#975 = CARTESIAN_POINT ( 'NONE',  ( 19.13417161825450208, -36.00000000000000000, -221.0560233744356537 ) ) ;
#976 = DIRECTION ( 'NONE',  ( 0.000000000000000000, 0.000000000000000000, 1.000000000000000000 ) ) ;
#977 = CIRCLE ( 'NONE', #172, 2.749999999999999112 ) ;
#978 = VERTEX_POINT ( 'NONE', #1272 ) ;
#979 = AXIS2_PLACEMENT_3D ( 'NONE', #11, #176, #26 ) ;
#980 = AXIS2_PLACEMENT_3D ( 'NONE', #1462, #800, #2313 ) ;
#981 = CARTESIAN_POINT ( 'NONE',  ( 0.000000000000000000, -36.00000000000000000, -85.00000000000000000 ) ) ;
#982 = AXIS2_PLACEMENT_3D ( 'NONE', #2701, #2067, #151 ) ;
#983 = EDGE_LOOP ( 'NONE', ( #575, #520 ) ) ;
#984 = CIRCLE ( 'NONE', #1216, 2.750000000000002665 ) ;
#985 = LINE ( 'NONE', #2245, #1432 ) ;
#986 = PERSON_AND_ORGANIZATION_ROLE ( 'creator' ) ;
#987 = CARTESIAN_POINT ( 'NONE',  ( -12.24586983568286414, -46.00000000000000000, 32.31414504036118274 ) ) ;
#988 = EDGE_CURVE ( 'NONE', #2694, #365, #1828, .T. ) ;
#989 = AXIS2_PLACEMENT_3D ( 'NONE', #1009, #1827, #143 ) ;
#990 = ORIENTED_EDGE ( 'NONE', *, *, #1068, .T. ) ;
#991 = ORIENTED_EDGE ( 'NONE', *, *, #2757, .F. ) ;
#992 = DIRECTION ( 'NONE',  ( 0.000000000000000000, 1.000000000000000000, 0.000000000000000000 ) ) ;
#993 = VECTOR ( 'NONE', #368, 1000.000000000000000 ) ;
#994 = DIRECTION ( 'NONE',  ( -0.000000000000000000, -1.000000000000000000, -0.000000000000000000 ) ) ;
#995 = ORIENTED_EDGE ( 'NONE', *, *, #2598, .F. ) ;
#996 = VERTEX_POINT ( 'NONE', #1705 ) ;
#997 = CARTESIAN_POINT ( 'NONE',  ( -44.00000000000000000, -36.00000000000000000, 0.000000000000000000 ) ) ;
#998 = CARTESIAN_POINT ( 'NONE',  ( -30.00000000000000000, -36.00000000000000000, -110.0000000000000142 ) ) ;
#999 = VERTEX_POINT ( 'NONE', #2556 ) ;
#1000 = DIRECTION ( 'NONE',  ( 0.000000000000000000, 1.000000000000000000, 0.000000000000000000 ) ) ;
#1001 = ADVANCED_FACE ( 'NONE', ( #1982 ), #1046, .F. ) ;
#1002 = DIRECTION ( 'NONE',  ( 1.000000000000000000, 0.000000000000000000, 0.000000000000000000 ) ) ;
#1003 = FACE_OUTER_BOUND ( 'NONE', #956, .T. ) ;
#1004 = CARTESIAN_POINT ( 'NONE',  ( 29.56414504036117918, -46.00000000000000000, 12.24586983568286591 ) ) ;
#1005 = VERTEX_POINT ( 'NONE', #838 ) ;
#1006 = EDGE_CURVE ( 'NONE', #1938, #2606, #1073, .T. ) ;
#1007 = EDGE_LOOP ( 'NONE', ( #1382, #430, #2001, #2497 ) ) ;
#1008 = CARTESIAN_POINT ( 'NONE',  ( -46.19397662556433914, -36.00000000000000000, -289.1341716182545269 ) ) ;
#1009 = CARTESIAN_POINT ( 'NONE',  ( -29.56414504036117563, -36.00000000000000000, -12.24586983568287657 ) ) ;
#1010 = CYLINDRICAL_SURFACE ( 'NONE', #311, 13.00000000000001066 ) ;
#1011 = DIRECTION ( 'NONE',  ( 0.000000000000000000, 0.000000000000000000, -1.000000000000000000 ) ) ;
#1012 = ORIENTED_EDGE ( 'NONE', *, *, #1108, .F. ) ;
#1013 = CARTESIAN_POINT ( 'NONE',  ( -46.19397662556434625, -46.00000000000000000, -250.8658283817455299 ) ) ;
#1014 = PERSON_AND_ORGANIZATION_ROLE ( 'design_supplier' ) ;
#1015 = CARTESIAN_POINT ( 'NONE',  ( -22.00000000000000000, -26.00000000000000000, -61.09991680526687929 ) ) ;
#1016 = ORIENTED_EDGE ( 'NONE', *, *, #217, .T. ) ;
#1017 = LINE ( 'NONE', #975, #1164 ) ;
#1018 = CARTESIAN_POINT ( 'NONE',  ( -22.00000000000000000, -36.00000000000000000, -35.59768778401239331 ) ) ;
#1019 = EDGE_CURVE ( 'NONE', #1582, #2305, #628, .T. ) ;
#1020 = EDGE_CURVE ( 'NONE', #2422, #2705, #1793, .T. ) ;
#1021 = ORIENTED_EDGE ( 'NONE', *, *, #1068, .F. ) ;
#1022 = VECTOR ( 'NONE', #1175, 1000.000000000000000 ) ;
#1023 = CARTESIAN_POINT ( 'NONE',  ( -12.24586983568287124, -46.00000000000000000, -26.81414504036117563 ) ) ;
#1024 = VERTEX_POINT ( 'NONE', #2254 ) ;
#1025 = VECTOR ( 'NONE', #2476, 1000.000000000000000 ) ;
#1026 = AXIS2_PLACEMENT_3D ( 'NONE', #462, #2203, #2580 ) ;
#1027 = PERSON_AND_ORGANIZATION_ROLE ( 'design_owner' ) ;
#1028 = CARTESIAN_POINT ( 'NONE',  ( -29.56414504036117563, -36.00000000000000000, -14.99586983568287479 ) ) ;
#1029 = AXIS2_PLACEMENT_3D ( 'NONE', #725, #2018, #957 ) ;
#1030 = VERTEX_POINT ( 'NONE', #1815 ) ;
#1031 = DIRECTION ( 'NONE',  ( -0.1262542796739151152, 0.000000000000000000, 0.9919979117236189525 ) ) ;
#1032 = CIRCLE ( 'NONE', #2151, 11.00000000000001066 ) ;
#1033 = CARTESIAN_POINT ( 'NONE',  ( 19.13417161825449497, -36.00000000000000000, -318.9439766255643463 ) ) ;
#1034 = VECTOR ( 'NONE', #631, 1000.000000000000000 ) ;
#1035 = ORIENTED_EDGE ( 'NONE', *, *, #530, .F. ) ;
#1036 = EDGE_CURVE ( 'NONE', #2593, #2459, #2223, .T. ) ;
#1037 = VECTOR ( 'NONE', #2631, 1000.000000000000000 ) ;
#1038 = EDGE_CURVE ( 'NONE', #1113, #2733, #1697, .T. ) ;
#1039 = DIRECTION ( 'NONE',  ( 0.000000000000000000, 1.000000000000000000, 0.000000000000000000 ) ) ;
#1040 = DIRECTION ( 'NONE',  ( 0.000000000000000000, -0.000000000000000000, -1.000000000000000000 ) ) ;
#1041 = DIRECTION ( 'NONE',  ( -0.000000000000000000, -1.000000000000000000, -0.000000000000000000 ) ) ;
#1042 = EDGE_CURVE ( 'NONE', #2689, #764, #1833, .T. ) ;
#1043 = DIRECTION ( 'NONE',  ( 0.000000000000000000, 0.000000000000000000, 1.000000000000000000 ) ) ;
#1044 = FACE_OUTER_BOUND ( 'NONE', #1223, .T. ) ;
#1045 = ORIENTED_EDGE ( 'NONE', *, *, #2116, .T. ) ;
#1046 = PLANE ( 'NONE',  #675 ) ;
#1047 = CARTESIAN_POINT ( 'NONE',  ( 46.56229828894252876, -36.00000000000000000, -301.1119330490977291 ) ) ;
#1048 = EDGE_LOOP ( 'NONE', ( #952, #1439 ) ) ;
#1049 = EDGE_CURVE ( 'NONE', #2694, #514, #1996, .T. ) ;
#1050 = VERTEX_POINT ( 'NONE', #778 ) ;
#1051 = DIRECTION ( 'NONE',  ( 0.000000000000000000, 1.000000000000000000, 0.000000000000000000 ) ) ;
#1052 = CARTESIAN_POINT ( 'NONE',  ( -29.56414504036117918, -46.00000000000000000, 14.99586983568286946 ) ) ;
#1053 = ORIENTED_EDGE ( 'NONE', *, *, #1537, .F. ) ;
#1054 = CARTESIAN_POINT ( 'NONE',  ( 0.000000000000000000, -36.00000000000000000, -195.0000000000000000 ) ) ;
#1055 = CARTESIAN_POINT ( 'NONE',  ( -22.00000000000000000, -15.99999999999999645, -206.0000000000000284 ) ) ;
#1056 = EDGE_CURVE ( 'NONE', #1810, #571, #1655, .T. ) ;
#1057 = ORIENTED_EDGE ( 'NONE', *, *, #2695, .F. ) ;
#1058 = LINE ( 'NONE', #646, #1253 ) ;
#1059 = LINE ( 'NONE', #1620, #1348 ) ;
#1060 = CARTESIAN_POINT ( 'NONE',  ( 0.000000000000000000, -36.00000000000000000, -140.0000000000000000 ) ) ;
#1061 = EDGE_LOOP ( 'NONE', ( #2251, #2054, #734, #691 ) ) ;
#1062 = EDGE_LOOP ( 'NONE', ( #2121, #2717, #2225, #1178 ) ) ;
#1063 = CARTESIAN_POINT ( 'NONE',  ( -46.19397662556433914, -36.00000000000000000, -286.3841716182544701 ) ) ;
#1064 = CARTESIAN_POINT ( 'NONE',  ( 1.347111479062088799E-15, -36.00000000000000000, -74.00000000000001421 ) ) ;
#1065 = AXIS2_PLACEMENT_3D ( 'NONE', #1135, #1746, #2217 ) ;
#1066 = VERTEX_POINT ( 'NONE', #88 ) ;
#1067 = DIRECTION ( 'NONE',  ( -1.000000000000000000, -0.000000000000000000, -0.000000000000000000 ) ) ;
#1068 = EDGE_CURVE ( 'NONE', #1107, #33, #494, .T. ) ;
#1069 = AXIS2_PLACEMENT_3D ( 'NONE', #193, #1295, #2553 ) ;
#1070 = DIRECTION ( 'NONE',  ( -0.7071067811865470176, 0.000000000000000000, 0.7071067811865480168 ) ) ;
#1071 = VECTOR ( 'NONE', #1921, 1000.000000000000000 ) ;
#1072 = ORIENTED_EDGE ( 'NONE', *, *, #1242, .F. ) ;
#1073 = LINE ( 'NONE', #2137, #1071 ) ;
#1074 = EDGE_CURVE ( 'NONE', #1138, #2660, #1389, .T. ) ;
#1075 = FACE_OUTER_BOUND ( 'NONE', #871, .T. ) ;
#1076 = CARTESIAN_POINT ( 'NONE',  ( -10.92505803290318056, -46.00000000000000000, -324.9239757025808899 ) ) ;
#1077 = CARTESIAN_POINT ( 'NONE',  ( -22.00000000000000000, -36.00000000000000000, -206.0000000000000284 ) ) ;
#1078 = CIRCLE ( 'NONE', #1700, 2.750000000000002665 ) ;
#1079 = ORIENTED_EDGE ( 'NONE', *, *, #299, .T. ) ;
#1080 = AXIS2_PLACEMENT_3D ( 'NONE', #2737, #830, #819 ) ;
#1081 = EDGE_LOOP ( 'NONE', ( #2656, #438 ) ) ;
#1082 = DIRECTION ( 'NONE',  ( -0.000000000000000000, -1.000000000000000000, -0.000000000000000000 ) ) ;
#1083 = DIRECTION ( 'NONE',  ( 0.1705414337057505614, 0.000000000000000000, 0.9853505058554478113 ) ) ;
#1084 = AXIS2_PLACEMENT_3D ( 'NONE', #834, #1436, #557 ) ;
#1085 = ORIENTED_EDGE ( 'NONE', *, *, #51, .T. ) ;
#1086 = DIRECTION ( 'NONE',  ( 0.000000000000000000, 1.000000000000000000, 0.000000000000000000 ) ) ;
#1087 = ADVANCED_FACE ( 'NONE', ( #2654 ), #353, .F. ) ;
#1088 = FACE_OUTER_BOUND ( 'NONE', #242, .T. ) ;
#1089 = ORIENTED_EDGE ( 'NONE', *, *, #2653, .T. ) ;
#1090 = CARTESIAN_POINT ( 'NONE',  ( 0.000000000000000000, -38.19999999999999574, 0.000000000000000000 ) ) ;
#1091 = DIRECTION ( 'NONE',  ( -0.000000000000000000, -1.000000000000000000, -0.000000000000000000 ) ) ;
#1092 = FACE_BOUND ( 'NONE', #1233, .T. ) ;
#1093 = EDGE_CURVE ( 'NONE', #2422, #2183, #105, .T. ) ;
#1094 = ORIENTED_EDGE ( 'NONE', *, *, #1222, .T. ) ;
#1095 = EDGE_CURVE ( 'NONE', #1358, #1813, #537, .T. ) ;
#1096 = ORIENTED_EDGE ( 'NONE', *, *, #2495, .F. ) ;
#1097 = DIRECTION ( 'NONE',  ( -0.000000000000000000, -1.000000000000000000, -0.000000000000000000 ) ) ;
#1098 = ORIENTED_EDGE ( 'NONE', *, *, #1784, .T. ) ;
#1099 = DIRECTION ( 'NONE',  ( 0.000000000000000000, 0.000000000000000000, 1.000000000000000000 ) ) ;
#1100 = LINE ( 'NONE', #39, #541 ) ;
#1101 = EDGE_LOOP ( 'NONE', ( #1595, #480, #347, #2382 ) ) ;
#1102 = CARTESIAN_POINT ( 'NONE',  ( 46.19397662556433914, -36.00000000000000000, -289.1341716182545269 ) ) ;
#1103 = DIRECTION ( 'NONE',  ( 0.000000000000000000, 0.000000000000000000, -1.000000000000000000 ) ) ;
#1104 = FACE_BOUND ( 'NONE', #664, .T. ) ;
#1105 = ORIENTED_EDGE ( 'NONE', *, *, #223, .F. ) ;
#1106 = EDGE_CURVE ( 'NONE', #1698, #2185, #2626, .T. ) ;
#1107 = VERTEX_POINT ( 'NONE', #2480 ) ;
#1108 = EDGE_CURVE ( 'NONE', #1563, #389, #1184, .T. ) ;
#1109 = VERTEX_POINT ( 'NONE', #1372 ) ;
#1110 = CARTESIAN_POINT ( 'NONE',  ( 31.11193304909772550, -36.00000000000000000, -316.5622982889425430 ) ) ;
#1111 = AXIS2_PLACEMENT_3D ( 'NONE', #2633, #730, #2619 ) ;
#1112 = FACE_OUTER_BOUND ( 'NONE', #103, .T. ) ;
#1113 = VERTEX_POINT ( 'NONE', #116 ) ;
#1114 = AXIS2_PLACEMENT_3D ( 'NONE', #64, #1776, #1099 ) ;
#1115 = CARTESIAN_POINT ( 'NONE',  ( 0.000000000000000000, -36.00000000000000000, -205.0000000000000284 ) ) ;
#1116 = CARTESIAN_POINT ( 'NONE',  ( 0.000000000000000000, -36.00000000000000000, 0.000000000000000000 ) ) ;
#1117 = DIRECTION ( 'NONE',  ( -0.000000000000000000, -1.000000000000000000, -0.000000000000000000 ) ) ;
#1118 = AXIS2_PLACEMENT_3D ( 'NONE', #1441, #1665, #1854 ) ;
#1119 = ORIENTED_EDGE ( 'NONE', *, *, #1349, .T. ) ;
#1120 = AXIS2_PLACEMENT_3D ( 'NONE', #2231, #1219, #1158 ) ;
#1121 = EDGE_LOOP ( 'NONE', ( #1681, #2749, #1593, #925 ) ) ;
#1122 = VECTOR ( 'NONE', #282, 1000.000000000000000 ) ;
#1123 = EDGE_CURVE ( 'NONE', #629, #2736, #954, .T. ) ;
#1124 = CIRCLE ( 'NONE', #271, 25.15000000000000213 ) ;
#1125 = ADVANCED_FACE ( 'NONE', ( #1211 ), #2641, .F. ) ;
#1126 = CIRCLE ( 'NONE', #1836, 13.00000000000001066 ) ;
#1127 = CARTESIAN_POINT ( 'NONE',  ( 12.24586983568288012, -36.00000000000000000, 29.56414504036117208 ) ) ;
#1128 = CIRCLE ( 'NONE', #2241, 2.750000000000030198 ) ;
#1129 = EDGE_CURVE ( 'NONE', #2445, #62, #1804, .T. ) ;
#1130 = CARTESIAN_POINT ( 'NONE',  ( 46.19397662556433914, -46.00000000000000000, -289.1341716182545269 ) ) ;
#1131 = EDGE_LOOP ( 'NONE', ( #1790, #1714, #225, #991 ) ) ;
#1132 = LOCAL_TIME ( 11, 8, 5.000000000000000000, #150 ) ;
#1133 = CARTESIAN_POINT ( 'NONE',  ( 0.000000000000000000, -46.00000000000000000, -6.000000000000000000 ) ) ;
#1134 = PLANE ( 'NONE',  #1529 ) ;
#1135 = CARTESIAN_POINT ( 'NONE',  ( -46.19397662556434625, -46.00000000000000000, -250.8658283817455299 ) ) ;
#1136 = ORIENTED_EDGE ( 'NONE', *, *, #900, .T. ) ;
#1137 = CARTESIAN_POINT ( 'NONE',  ( 46.19397662556434625, -46.00000000000000000, -250.8658283817455299 ) ) ;
#1138 = VERTEX_POINT ( 'NONE', #522 ) ;
#1139 = CARTESIAN_POINT ( 'NONE',  ( 12.24586983568288012, -36.00000000000000000, 26.81414504036117208 ) ) ;
#1140 = DIRECTION ( 'NONE',  ( 0.000000000000000000, 1.000000000000000000, 0.000000000000000000 ) ) ;
#1141 = DIRECTION ( 'NONE',  ( 0.000000000000000000, 0.000000000000000000, -1.000000000000000000 ) ) ;
#1142 = DIRECTION ( 'NONE',  ( -0.000000000000000000, -1.000000000000000000, -0.000000000000000000 ) ) ;
#1143 = ORIENTED_EDGE ( 'NONE', *, *, #718, .F. ) ;
#1144 = CARTESIAN_POINT ( 'NONE',  ( 31.11193304909772550, -36.00000000000000000, -316.5622982889425430 ) ) ;
#1145 = FACE_BOUND ( 'NONE', #2699, .T. ) ;
#1146 = FACE_OUTER_BOUND ( 'NONE', #820, .T. ) ;
#1147 = EDGE_CURVE ( 'NONE', #130, #635, #309, .T. ) ;
#1148 = EDGE_LOOP ( 'NONE', ( #463, #23, #2708, #63 ) ) ;
#1149 = CARTESIAN_POINT ( 'NONE',  ( 1.224646799147353256E-15, -36.00000000000000000, -185.0000000000000000 ) ) ;
#1150 = EDGE_LOOP ( 'NONE', ( #2675, #1403, #98, #312 ) ) ;
#1151 = DIRECTION ( 'NONE',  ( -0.000000000000000000, -1.000000000000000000, -0.000000000000000000 ) ) ;
#1152 = DIRECTION ( 'NONE',  ( -0.000000000000000000, 0.000000000000000000, -1.000000000000000000 ) ) ;
#1153 = CARTESIAN_POINT ( 'NONE',  ( -29.56414504036117918, -36.00000000000000000, 12.24586983568286946 ) ) ;
#1154 = DIRECTION ( 'NONE',  ( 0.000000000000000000, 0.000000000000000000, 1.000000000000000000 ) ) ;
#1155 = ADVANCED_FACE ( 'NONE', ( #1227 ), #1010, .F. ) ;
#1156 = ORIENTED_EDGE ( 'NONE', *, *, #1937, .F. ) ;
#1157 = DIRECTION ( 'NONE',  ( 0.000000000000000000, 0.000000000000000000, 1.000000000000000000 ) ) ;
#1158 = DIRECTION ( 'NONE',  ( -0.1029093542216269197, 0.000000000000000000, 0.9946907382768211958 ) ) ;
#1159 = DIRECTION ( 'NONE',  ( -0.000000000000000000, -1.000000000000000000, -0.000000000000000000 ) ) ;
#1160 = AXIS2_PLACEMENT_3D ( 'NONE', #189, #2144, #1930 ) ;
#1161 = ORIENTED_EDGE ( 'NONE', *, *, #2722, .T. ) ;
#1162 = EDGE_CURVE ( 'NONE', #936, #2691, #1643, .T. ) ;
#1163 = DIRECTION ( 'NONE',  ( -0.000000000000000000, -1.000000000000000000, -0.000000000000000000 ) ) ;
#1164 = VECTOR ( 'NONE', #2530, 1000.000000000000000 ) ;
#1165 = EDGE_LOOP ( 'NONE', ( #118, #1797, #1330, #1926 ) ) ;
#1166 = AXIS2_PLACEMENT_3D ( 'NONE', #418, #866, #1717 ) ;
#1167 = AXIS2_PLACEMENT_3D ( 'NONE', #944, #766, #108 ) ;
#1168 = CARTESIAN_POINT ( 'NONE',  ( -22.00000000000000000, -31.00000000000000000, -35.59768778401239331 ) ) ;
#1169 = ORIENTED_EDGE ( 'NONE', *, *, #1899, .T. ) ;
#1170 = CIRCLE ( 'NONE', #2726, 2.749999999999974687 ) ;
#1171 = CYLINDRICAL_SURFACE ( 'NONE', #1524, 2.750000000000030198 ) ;
#1172 = ORIENTED_EDGE ( 'NONE', *, *, #2280, .F. ) ;
#1173 = AXIS2_PLACEMENT_3D ( 'NONE', #2430, #2171, #1207 ) ;
#1174 = DIRECTION ( 'NONE',  ( 0.000000000000000000, 1.000000000000000000, 0.000000000000000000 ) ) ;
#1175 = DIRECTION ( 'NONE',  ( -0.9238795325112870716, 0.000000000000000000, 0.3826834323650891712 ) ) ;
#1176 = CIRCLE ( 'NONE', #1084, 2.750000000000002665 ) ;
#1177 = EDGE_LOOP ( 'NONE', ( #1085, #186 ) ) ;
#1178 = ORIENTED_EDGE ( 'NONE', *, *, #2298, .F. ) ;
#1179 = DIRECTION ( 'NONE',  ( 0.000000000000000000, 1.000000000000000000, 0.000000000000000000 ) ) ;
#1180 = EDGE_CURVE ( 'NONE', #2262, #1293, #372, .T. ) ;
#1181 = ORIENTED_EDGE ( 'NONE', *, *, #1937, .T. ) ;
#1182 = DIRECTION ( 'NONE',  ( -0.000000000000000000, -1.000000000000000000, -0.000000000000000000 ) ) ;
#1183 = EDGE_CURVE ( 'NONE', #348, #2711, #90, .T. ) ;
#1184 = LINE ( 'NONE', #1414, #1517 ) ;
#1185 = DIRECTION ( 'NONE',  ( -0.000000000000000000, -1.000000000000000000, -0.000000000000000000 ) ) ;
#1186 = ORIENTED_EDGE ( 'NONE', *, *, #1955, .F. ) ;
#1187 = DIRECTION ( 'NONE',  ( -0.9238795325112867385, 0.000000000000000000, 0.3826834323650898373 ) ) ;
#1188 = CARTESIAN_POINT ( 'NONE',  ( 0.000000000000000000, -46.00000000000000000, -283.0000000000000568 ) ) ;
#1189 = FACE_OUTER_BOUND ( 'NONE', #2176, .T. ) ;
#1190 = EDGE_LOOP ( 'NONE', ( #2434, #2160 ) ) ;
#1191 = EDGE_CURVE ( 'NONE', #2475, #1786, #27, .T. ) ;
#1192 = DIRECTION ( 'NONE',  ( 0.000000000000000000, 1.000000000000000000, 0.000000000000000000 ) ) ;
#1193 = ORIENTED_EDGE ( 'NONE', *, *, #2252, .F. ) ;
#1194 = EDGE_CURVE ( 'NONE', #2486, #1786, #358, .T. ) ;
#1195 = DIRECTION ( 'NONE',  ( -1.000000000000000000, -0.000000000000000000, -0.000000000000000000 ) ) ;
#1196 = CARTESIAN_POINT ( 'NONE',  ( -12.24586983568286414, -36.00000000000000000, 32.31414504036118274 ) ) ;
#1197 = ORIENTED_EDGE ( 'NONE', *, *, #1450, .F. ) ;
#1198 = LINE ( 'NONE', #2669, #2236 ) ;
#1199 = PERSON_AND_ORGANIZATION ( #1508, #239 ) ;
#1200 = DIRECTION ( 'NONE',  ( 0.000000000000000000, 0.000000000000000000, 1.000000000000000000 ) ) ;
#1201 = ORIENTED_EDGE ( 'NONE', *, *, #836, .F. ) ;
#1202 = LINE ( 'NONE', #2051, #1025 ) ;
#1203 = DIRECTION ( 'NONE',  ( 0.000000000000000000, 0.000000000000000000, 1.000000000000000000 ) ) ;
#1204 = AXIS2_PLACEMENT_3D ( 'NONE', #1421, #1663, #2472 ) ;
#1205 = EDGE_LOOP ( 'NONE', ( #1909, #771, #2577, #1852 ) ) ;
#1206 = CIRCLE ( 'NONE', #1069, 10.00000000000000888 ) ;
#1207 = DIRECTION ( 'NONE',  ( 0.000000000000000000, 0.000000000000000000, 1.000000000000000000 ) ) ;
#1208 = EDGE_CURVE ( 'NONE', #2169, #1641, #1778, .T. ) ;
#1209 = ORIENTED_EDGE ( 'NONE', *, *, #548, .F. ) ;
#1210 = VECTOR ( 'NONE', #1545, 1000.000000000000000 ) ;
#1211 = FACE_OUTER_BOUND ( 'NONE', #945, .T. ) ;
#1212 = LINE ( 'NONE', #2119, #677 ) ;
#1213 = AXIS2_PLACEMENT_3D ( 'NONE', #2551, #2751, #2712 ) ;
#1214 = EDGE_LOOP ( 'NONE', ( #1304, #35 ) ) ;
#1215 = ADVANCED_FACE ( 'NONE', ( #272 ), #285, .F. ) ;
#1216 = AXIS2_PLACEMENT_3D ( 'NONE', #228, #2220, #2621 ) ;
#1217 = CARTESIAN_POINT ( 'NONE',  ( 7.347880794884119736E-16, -36.00000000000000000, 6.000000000000000000 ) ) ;
#1218 = CALENDAR_DATE ( 2026, 24, 9 ) ;
#1219 = DIRECTION ( 'NONE',  ( -0.9946907382768213068, 0.000000000000000000, -0.1029093542216269336 ) ) ;
#1220 = DIRECTION ( 'NONE',  ( 0.000000000000000000, -0.000000000000000000, 1.000000000000000000 ) ) ;
#1221 = CIRCLE ( 'NONE', #2375, 2.750000000000002665 ) ;
#1222 = EDGE_CURVE ( 'NONE', #1428, #2462, #77, .T. ) ;
#1223 = EDGE_LOOP ( 'NONE', ( #1940, #2436, #1766, #1201 ) ) ;
#1224 = LINE ( 'NONE', #2734, #2099 ) ;
#1225 = CIRCLE ( 'NONE', #1173, 6.000000000000000000 ) ;
#1226 = DIRECTION ( 'NONE',  ( -1.000000000000000000, 0.000000000000000000, 0.000000000000000000 ) ) ;
#1227 = FACE_OUTER_BOUND ( 'NONE', #659, .T. ) ;
#1228 = CARTESIAN_POINT ( 'NONE',  ( -29.56414504036117918, -36.00000000000000000, 14.99586983568286946 ) ) ;
#1229 = ORIENTED_EDGE ( 'NONE', *, *, #1927, .T. ) ;
#1230 = LINE ( 'NONE', #845, #4 ) ;
#1231 = PERSON_AND_ORGANIZATION_ROLE ( 'creator' ) ;
#1232 = CARTESIAN_POINT ( 'NONE',  ( -30.00000000000000000, -26.00000000000000000, -61.09991680526687929 ) ) ;
#1233 = EDGE_LOOP ( 'NONE', ( #1021, #45 ) ) ;
#1234 = CARTESIAN_POINT ( 'NONE',  ( -22.00000000000000000, -36.00000000000000000, -206.0000000000000284 ) ) ;
#1235 = EDGE_CURVE ( 'NONE', #2016, #825, #1871, .T. ) ;
#1236 = CYLINDRICAL_SURFACE ( 'NONE', #1570, 2.749999999999974687 ) ;
#1237 = CARTESIAN_POINT ( 'NONE',  ( -12.24586983568286414, -46.00000000000000000, 29.56414504036117918 ) ) ;
#1238 = ORIENTED_EDGE ( 'NONE', *, *, #2559, .F. ) ;
#1239 = LINE ( 'NONE', #1876, #1255 ) ;
#1240 =( NAMED_UNIT ( * ) PLANE_ANGLE_UNIT ( ) SI_UNIT ( $, .RADIAN. ) );
#1241 = DIRECTION ( 'NONE',  ( -0.000000000000000000, -1.000000000000000000, -0.000000000000000000 ) ) ;
#1242 = EDGE_CURVE ( 'NONE', #489, #2022, #2008, .T. ) ;
#1243 = ORIENTED_EDGE ( 'NONE', *, *, #2200, .F. ) ;
#1244 = CARTESIAN_POINT ( 'NONE',  ( -22.00000000000000000, -26.00000000000000000, -61.09991680526687929 ) ) ;
#1245 = CARTESIAN_POINT ( 'NONE',  ( 30.00000000000000000, -36.00000000000000000, -35.59768778401239331 ) ) ;
#1246 = CARTESIAN_POINT ( 'NONE',  ( -30.00000000000000000, -31.00000000000000000, -35.59768778401239331 ) ) ;
#1247 = ADVANCED_FACE ( 'NONE', ( #1112 ), #705, .F. ) ;
#1248 = ORIENTED_EDGE ( 'NONE', *, *, #1565, .F. ) ;
#1249 = VECTOR ( 'NONE', #2417, 1000.000000000000000 ) ;
#1250 = AXIS2_PLACEMENT_3D ( 'NONE', #2537, #1086, #1270 ) ;
#1251 = CARTESIAN_POINT ( 'NONE',  ( 0.000000000000000000, -36.00000000000000000, -140.0000000000000000 ) ) ;
#1252 = DIRECTION ( 'NONE',  ( 0.000000000000000000, -1.000000000000000000, 0.000000000000000000 ) ) ;
#1253 = VECTOR ( 'NONE', #1488, 1000.000000000000000 ) ;
#1254 = FACE_OUTER_BOUND ( 'NONE', #140, .T. ) ;
#1255 = VECTOR ( 'NONE', #376, 1000.000000000000000 ) ;
#1256 = PERSON_AND_ORGANIZATION ( #1508, #239 ) ;
#1257 = CARTESIAN_POINT ( 'NONE',  ( 29.56414504036117563, -36.00000000000000000, -12.24586983568287302 ) ) ;
#1258 = AXIS2_PLACEMENT_3D ( 'NONE', #1819, #297, #513 ) ;
#1259 = ORIENTED_EDGE ( 'NONE', *, *, #2252, .T. ) ;
#1260 = FACE_BOUND ( 'NONE', #703, .T. ) ;
#1261 = AXIS2_PLACEMENT_3D ( 'NONE', #89, #523, #1374 ) ;
#1262 = APPROVAL ( #2066, 'UNSPECIFIED' ) ;
#1263 = CARTESIAN_POINT ( 'NONE',  ( 29.56414504036117563, -46.00000000000000000, -12.24586983568287302 ) ) ;
#1264 = ORIENTED_EDGE ( 'NONE', *, *, #1108, .T. ) ;
#1265 = EDGE_CURVE ( 'NONE', #1138, #2419, #138, .T. ) ;
#1266 = FACE_OUTER_BOUND ( 'NONE', #206, .T. ) ;
#1267 = ORIENTED_EDGE ( 'NONE', *, *, #1737, .F. ) ;
#1268 = EDGE_LOOP ( 'NONE', ( #2275, #412, #1012, #1934, #2573, #1841, #611 ) ) ;
#1269 = LINE ( 'NONE', #1674, #719 ) ;
#1270 = DIRECTION ( 'NONE',  ( 0.000000000000000000, 0.000000000000000000, 1.000000000000000000 ) ) ;
#1271 = ORIENTED_EDGE ( 'NONE', *, *, #1222, .F. ) ;
#1272 = CARTESIAN_POINT ( 'NONE',  ( 32.00000000000000000, -36.00000000000000000, 40.00000000000000000 ) ) ;
#1273 = DIRECTION ( 'NONE',  ( 0.000000000000000000, 0.000000000000000000, -1.000000000000000000 ) ) ;
#1274 = LINE ( 'NONE', #1047, #1527 ) ;
#1275 = FACE_BOUND ( 'NONE', #1048, .T. ) ;
#1276 = VERTEX_POINT ( 'NONE', #1501 ) ;
#1277 = EDGE_CURVE ( 'NONE', #2459, #2482, #879, .T. ) ;
#1278 = DIRECTION ( 'NONE',  ( -1.000000000000000000, -0.000000000000000000, -0.000000000000000000 ) ) ;
#1279 = EDGE_LOOP ( 'NONE', ( #567, #1519, #321, #1464 ) ) ;
#1280 = EDGE_CURVE ( 'NONE', #1649, #622, #633, .T. ) ;
#1281 = ORIENTED_EDGE ( 'NONE', *, *, #754, .T. ) ;
#1282 = DIRECTION ( 'NONE',  ( -0.000000000000000000, -1.000000000000000000, -0.000000000000000000 ) ) ;
#1283 = CARTESIAN_POINT ( 'NONE',  ( -12.24586983568287124, -46.00000000000000000, -32.31414504036117563 ) ) ;
#1284 = ORIENTED_EDGE ( 'NONE', *, *, #422, .F. ) ;
#1285 = DIRECTION ( 'NONE',  ( -1.000000000000000000, 0.000000000000000000, -0.000000000000000000 ) ) ;
#1286 = CARTESIAN_POINT ( 'NONE',  ( -30.00000000000000000, -15.99999999999999645, -206.0000000000000284 ) ) ;
#1287 = DIRECTION ( 'NONE',  ( -0.000000000000000000, -1.000000000000000000, -0.000000000000000000 ) ) ;
#1288 = FACE_BOUND ( 'NONE', #667, .T. ) ;
#1289 = ORIENTED_EDGE ( 'NONE', *, *, #2199, .T. ) ;
#1290 = ORIENTED_EDGE ( 'NONE', *, *, #2172, .F. ) ;
#1291 = CARTESIAN_POINT ( 'NONE',  ( 19.13417161825449497, -36.00000000000000000, -316.1939766255643463 ) ) ;
#1292 = DIRECTION ( 'NONE',  ( -1.000000000000000000, -0.000000000000000000, -0.000000000000000000 ) ) ;
#1293 = VERTEX_POINT ( 'NONE', #2189 ) ;
#1294 = DATE_AND_TIME ( #10, #2114 ) ;
#1295 = DIRECTION ( 'NONE',  ( 0.000000000000000000, 1.000000000000000000, 0.000000000000000000 ) ) ;
#1296 = ADVANCED_FACE ( 'NONE', ( #65 ), #2168, .F. ) ;
#1297 = VECTOR ( 'NONE', #2028, 1000.000000000000000 ) ;
#1298 = CARTESIAN_POINT ( 'NONE',  ( 0.000000000000000000, -46.00000000000000000, -85.00000000000000000 ) ) ;
#1299 = VERTEX_POINT ( 'NONE', #666 ) ;
#1300 = LINE ( 'NONE', #74, #1562 ) ;
#1301 = CARTESIAN_POINT ( 'NONE',  ( -48.00000000000000000, -46.00000000000000000, -214.0000000000000284 ) ) ;
#1302 = FACE_BOUND ( 'NONE', #2544, .T. ) ;
#1303 = ADVANCED_FACE ( 'NONE', ( #1088 ), #2396, .F. ) ;
#1304 = ORIENTED_EDGE ( 'NONE', *, *, #2687, .T. ) ;
#1305 = CIRCLE ( 'NONE', #2634, 25.15000000000000213 ) ;
#1306 = ORIENTED_EDGE ( 'NONE', *, *, #2473, .F. ) ;
#1307 = AXIS2_PLACEMENT_3D ( 'NONE', #777, #1182, #199 ) ;
#1308 = CARTESIAN_POINT ( 'NONE',  ( 0.000000000000000000, -36.00000000000000000, -283.0000000000000568 ) ) ;
#1309 = ORIENTED_EDGE ( 'NONE', *, *, #2574, .T. ) ;
#1310 = CARTESIAN_POINT ( 'NONE',  ( -31.11193304909772550, -46.00000000000000000, -316.5622982889425430 ) ) ;
#1311 = DIRECTION ( 'NONE',  ( 1.000000000000000000, 0.000000000000000000, -0.000000000000000000 ) ) ;
#1312 = EDGE_CURVE ( 'NONE', #1825, #2062, #902, .T. ) ;
#1313 = ORIENTED_EDGE ( 'NONE', *, *, #1993, .T. ) ;
#1314 = CARTESIAN_POINT ( 'NONE',  ( 0.000000000000000000, -36.00000000000000000, 25.15000000000000213 ) ) ;
#1315 = CARTESIAN_POINT ( 'NONE',  ( 1.224646799147352073E-15, -46.00000000000000000, -185.0000000000000000 ) ) ;
#1316 = FACE_BOUND ( 'NONE', #1800, .T. ) ;
#1317 = PLANE ( 'NONE',  #2448 ) ;
#1318 = VERTEX_POINT ( 'NONE', #248 ) ;
#1319 = EDGE_CURVE ( 'NONE', #978, #876, #1100, .T. ) ;
#1320 = ORIENTED_EDGE ( 'NONE', *, *, #701, .F. ) ;
#1321 = VERTEX_POINT ( 'NONE', #1535 ) ;
#1322 = COORDINATED_UNIVERSAL_TIME_OFFSET ( 5, 30, .AHEAD. ) ;
#1323 = CARTESIAN_POINT ( 'NONE',  ( 3.079986699855593473E-15, -36.00000000000000000, -25.15000000000000213 ) ) ;
#1324 = CARTESIAN_POINT ( 'NONE',  ( 12.24586983568288012, -36.00000000000000000, 32.31414504036117563 ) ) ;
#1325 = ORIENTED_EDGE ( 'NONE', *, *, #2752, .F. ) ;
#1326 = DIRECTION ( 'NONE',  ( 0.000000000000000000, -1.000000000000000000, 0.000000000000000000 ) ) ;
#1327 = CARTESIAN_POINT ( 'NONE',  ( 19.13417161825450208, -46.00000000000000000, -221.0560233744356537 ) ) ;
#1328 = CYLINDRICAL_SURFACE ( 'NONE', #2756, 2.749999999999999112 ) ;
#1329 = ADVANCED_FACE ( 'NONE', ( #257 ), #1960, .F. ) ;
#1330 = ORIENTED_EDGE ( 'NONE', *, *, #1373, .T. ) ;
#1331 = ADVANCED_FACE ( 'NONE', ( #2441 ), #1171, .F. ) ;
#1332 = ORIENTED_EDGE ( 'NONE', *, *, #1843, .T. ) ;
#1333 = ORIENTED_EDGE ( 'NONE', *, *, #1495, .F. ) ;
#1334 = DIRECTION ( 'NONE',  ( -1.000000000000000000, 0.000000000000000000, -0.000000000000000000 ) ) ;
#1335 = DIRECTION ( 'NONE',  ( 0.000000000000000000, 0.000000000000000000, 1.000000000000000000 ) ) ;
#1336 = VERTEX_POINT ( 'NONE', #2644 ) ;
#1337 = CIRCLE ( 'NONE', #131, 2.750000000000030198 ) ;
#1338 = DIRECTION ( 'NONE',  ( -0.000000000000000000, -1.000000000000000000, -0.000000000000000000 ) ) ;
#1339 = FACE_BOUND ( 'NONE', #1806, .T. ) ;
#1340 = DIRECTION ( 'NONE',  ( -0.000000000000000000, -1.000000000000000000, -0.000000000000000000 ) ) ;
#1341 = VECTOR ( 'NONE', #1195, 1000.000000000000000 ) ;
#1342 = ORIENTED_EDGE ( 'NONE', *, *, #2478, .T. ) ;
#1343 = CC_DESIGN_DATE_AND_TIME_ASSIGNMENT ( #2149, #25, ( #414 ) ) ;
#1344 = PLANE ( 'NONE',  #724 ) ;
#1345 = ORIENTED_EDGE ( 'NONE', *, *, #2218, .T. ) ;
#1346 = VECTOR ( 'NONE', #1082, 1000.000000000000000 ) ;
#1347 = AXIS2_PLACEMENT_3D ( 'NONE', #1291, #1695, #935 ) ;
#1348 = VECTOR ( 'NONE', #333, 1000.000000000000000 ) ;
#1349 = EDGE_CURVE ( 'NONE', #2419, #934, #738, .T. ) ;
#1350 = CARTESIAN_POINT ( 'NONE',  ( 0.000000000000000000, -38.19999999999999574, 0.000000000000000000 ) ) ;
#1351 = DIRECTION ( 'NONE',  ( 0.000000000000000000, 1.000000000000000000, 0.000000000000000000 ) ) ;
#1352 = ORIENTED_EDGE ( 'NONE', *, *, #2757, .T. ) ;
#1353 = DIRECTION ( 'NONE',  ( -0.000000000000000000, -1.000000000000000000, -0.000000000000000000 ) ) ;
#1354 = CYLINDRICAL_SURFACE ( 'NONE', #1970, 2.750000000000002665 ) ;
#1355 = LINE ( 'NONE', #1015, #1735 ) ;
#1356 = ORIENTED_EDGE ( 'NONE', *, *, #2489, .T. ) ;
#1357 = DIRECTION ( 'NONE',  ( 0.000000000000000000, 1.000000000000000000, 0.000000000000000000 ) ) ;
#1358 = VERTEX_POINT ( 'NONE', #1394 ) ;
#1359 = EDGE_CURVE ( 'NONE', #622, #1299, #1198, .T. ) ;
#1360 = CARTESIAN_POINT ( 'NONE',  ( 32.00000000000000000, -46.00000000000000000, 40.00000000000000000 ) ) ;
#1361 = LINE ( 'NONE', #106, #592 ) ;
#1362 = DIRECTION ( 'NONE',  ( -0.000000000000000000, -1.000000000000000000, -0.000000000000000000 ) ) ;
#1363 = ADVANCED_FACE ( 'NONE', ( #1601 ), #357, .F. ) ;
#1364 = PLANE ( 'NONE',  #2412 ) ;
#1365 = ORIENTED_EDGE ( 'NONE', *, *, #1951, .T. ) ;
#1366 = LINE ( 'NONE', #931, #1037 ) ;
#1367 = CARTESIAN_POINT ( 'NONE',  ( 0.000000000000000000, -36.00000000000000000, -140.0000000000000000 ) ) ;
#1368 = DIRECTION ( 'NONE',  ( 0.000000000000000000, -1.000000000000000000, 0.000000000000000000 ) ) ;
#1369 = ORIENTED_EDGE ( 'NONE', *, *, #185, .F. ) ;
#1370 = DIRECTION ( 'NONE',  ( 1.000000000000000000, 0.000000000000000000, -0.000000000000000000 ) ) ;
#1371 = ORIENTED_EDGE ( 'NONE', *, *, #1049, .T. ) ;
#1372 = CARTESIAN_POINT ( 'NONE',  ( -29.56414504036117563, -36.00000000000000000, -9.495869835682878346 ) ) ;
#1373 = EDGE_CURVE ( 'NONE', #1107, #2711, #985, .T. ) ;
#1374 = DIRECTION ( 'NONE',  ( -0.000000000000000000, 0.000000000000000000, -1.000000000000000000 ) ) ;
#1375 = ORIENTED_EDGE ( 'NONE', *, *, #356, .F. ) ;
#1376 = CARTESIAN_POINT ( 'NONE',  ( 30.00000000000000000, -15.99999999999999645, -61.09991680526687929 ) ) ;
#1377 = EDGE_LOOP ( 'NONE', ( #1169, #1181 ) ) ;
#1378 = ADVANCED_FACE ( 'NONE', ( #1849 ), #332, .F. ) ;
#1379 = CARTESIAN_POINT ( 'NONE',  ( -44.00000000000000000, -36.00000000000000000, 0.000000000000000000 ) ) ;
#1380 = LINE ( 'NONE', #529, #220 ) ;
#1381 = AXIS2_PLACEMENT_3D ( 'NONE', #922, #1769, #1561 ) ;
#1382 = ORIENTED_EDGE ( 'NONE', *, *, #1939, .T. ) ;
#1383 = ADVANCED_FACE ( 'NONE', ( #1575 ), #1633, .F. ) ;
#1384 = DIRECTION ( 'NONE',  ( -0.000000000000000000, 1.000000000000000000, -0.000000000000000000 ) ) ;
#1385 = AXIS2_PLACEMENT_3D ( 'NONE', #849, #2566, #416 ) ;
#1386 = ORIENTED_EDGE ( 'NONE', *, *, #1042, .F. ) ;
#1387 = AXIS2_PLACEMENT_3D ( 'NONE', #1651, #390, #2503 ) ;
#1388 = VECTOR ( 'NONE', #806, 1000.000000000000000 ) ;
#1389 = LINE ( 'NONE', #1404, #2410 ) ;
#1390 = VECTOR ( 'NONE', #860, 1000.000000000000000 ) ;
#1391 = CARTESIAN_POINT ( 'NONE',  ( -30.00000000000000000, 0.000000000000000000, 0.000000000000000000 ) ) ;
#1392 = ORIENTED_EDGE ( 'NONE', *, *, #2513, .F. ) ;
#1393 = VECTOR ( 'NONE', #157, 1000.000000000000000 ) ;
#1394 = CARTESIAN_POINT ( 'NONE',  ( 10.92505803290318589, -36.00000000000000000, -324.9239757025808899 ) ) ;
#1395 = AXIS2_PLACEMENT_3D ( 'NONE', #1102, #697, #1962 ) ;
#1396 = FACE_OUTER_BOUND ( 'NONE', #1892, .T. ) ;
#1397 = CARTESIAN_POINT ( 'NONE',  ( -12.24586983568287124, -36.00000000000000000, -29.56414504036117563 ) ) ;
#1398 = ADVANCED_FACE ( 'NONE', ( #345 ), #1364, .F. ) ;
#1399 = EDGE_LOOP ( 'NONE', ( #1684, #2724, #908, #1829, #2141, #2393, #1079 ) ) ;
#1400 = ORIENTED_EDGE ( 'NONE', *, *, #1147, .F. ) ;
#1401 = LINE ( 'NONE', #1411, #2464 ) ;
#1402 = ORIENTED_EDGE ( 'NONE', *, *, #2235, .T. ) ;
#1403 = ORIENTED_EDGE ( 'NONE', *, *, #601, .T. ) ;
#1404 = CARTESIAN_POINT ( 'NONE',  ( 0.000000000000000000, -36.00000000000000000, -6.000000000000000000 ) ) ;
#1405 = CARTESIAN_POINT ( 'NONE',  ( -29.56414504036117918, -46.00000000000000000, 12.24586983568286946 ) ) ;
#1406 = EDGE_LOOP ( 'NONE', ( #2563, #2312, #1016, #2487 ) ) ;
#1407 = DIRECTION ( 'NONE',  ( -0.000000000000000000, -1.000000000000000000, -0.000000000000000000 ) ) ;
#1408 = FACE_OUTER_BOUND ( 'NONE', #252, .T. ) ;
#1409 = ORIENTED_EDGE ( 'NONE', *, *, #1624, .F. ) ;
#1410 = ORIENTED_EDGE ( 'NONE', *, *, #846, .F. ) ;
#1411 = CARTESIAN_POINT ( 'NONE',  ( -30.00000000000000000, -31.00000000000000000, -59.09991680526687929 ) ) ;
#1412 = ORIENTED_EDGE ( 'NONE', *, *, #1191, .F. ) ;
#1413 = EDGE_CURVE ( 'NONE', #148, #712, #1837, .T. ) ;
#1414 = CARTESIAN_POINT ( 'NONE',  ( 22.00000000000000000, -15.99999999999999645, -61.09991680526687929 ) ) ;
#1415 = EDGE_CURVE ( 'NONE', #2462, #1835, #2657, .T. ) ;
#1416 = CARTESIAN_POINT ( 'NONE',  ( 0.000000000000000000, -46.00000000000000000, -205.0000000000000284 ) ) ;
#1417 = ORIENTED_EDGE ( 'NONE', *, *, #299, .F. ) ;
#1418 = LINE ( 'NONE', #1617, #1959 ) ;
#1419 = APPROVAL_DATE_TIME ( #135, #180 ) ;
#1420 = CARTESIAN_POINT ( 'NONE',  ( -19.13417161825448787, -46.00000000000000000, -316.1939766255643463 ) ) ;
#1421 = CARTESIAN_POINT ( 'NONE',  ( 0.000000000000000000, -38.19999999999999574, 0.000000000000000000 ) ) ;
#1422 = ORIENTED_EDGE ( 'NONE', *, *, #856, .T. ) ;
#1423 = ORIENTED_EDGE ( 'NONE', *, *, #1042, .T. ) ;
#1424 = CARTESIAN_POINT ( 'NONE',  ( 29.56414504036117918, -36.00000000000000000, 14.99586983568286946 ) ) ;
#1425 = AXIS2_PLACEMENT_3D ( 'NONE', #1839, #2068, #2247 ) ;
#1426 = EDGE_LOOP ( 'NONE', ( #2136, #2244 ) ) ;
#1427 = CIRCLE ( 'NONE', #224, 11.00000000000001066 ) ;
#1428 = VERTEX_POINT ( 'NONE', #1376 ) ;
#1429 = VECTOR ( 'NONE', #2629, 1000.000000000000000 ) ;
#1430 = DIRECTION ( 'NONE',  ( -0.000000000000000000, -1.000000000000000000, -0.000000000000000000 ) ) ;
#1431 = CARTESIAN_POINT ( 'NONE',  ( -12.24586983568286414, -36.00000000000000000, 29.56414504036117918 ) ) ;
#1432 = VECTOR ( 'NONE', #1407, 1000.000000000000000 ) ;
#1433 = VERTEX_POINT ( 'NONE', #315 ) ;
#1434 = ADVANCED_FACE ( 'NONE', ( #970 ), #2045, .F. ) ;
#1435 = DIRECTION ( 'NONE',  ( -0.000000000000000000, 1.000000000000000000, -0.000000000000000000 ) ) ;
#1436 = DIRECTION ( 'NONE',  ( 0.000000000000000000, 1.000000000000000000, 0.000000000000000000 ) ) ;
#1437 = DIRECTION ( 'NONE',  ( 0.000000000000000000, -0.3713906763541039990, -0.9284766908852593037 ) ) ;
#1438 = AXIS2_PLACEMENT_3D ( 'NONE', #1060, #167, #17 ) ;
#1439 = ORIENTED_EDGE ( 'NONE', *, *, #1565, .T. ) ;
#1440 = ORIENTED_EDGE ( 'NONE', *, *, #1265, .F. ) ;
#1441 = CARTESIAN_POINT ( 'NONE',  ( 0.000000000000000000, -36.00000000000000000, -195.0000000000000000 ) ) ;
#1442 = CIRCLE ( 'NONE', #1395, 2.750000000000030198 ) ;
#1443 = DIRECTION ( 'NONE',  ( 0.000000000000000000, 0.000000000000000000, -1.000000000000000000 ) ) ;
#1444 =( GEOMETRIC_REPRESENTATION_CONTEXT ( 3 ) GLOBAL_UNCERTAINTY_ASSIGNED_CONTEXT ( ( #49 ) ) GLOBAL_UNIT_ASSIGNED_CONTEXT ( ( #2471, #1240, #2107 ) ) REPRESENTATION_CONTEXT ( 'NONE', 'WORKASPACE' ) );
#1445 = DIRECTION ( 'NONE',  ( 0.000000000000000000, 1.000000000000000000, 0.000000000000000000 ) ) ;
#1446 = EDGE_CURVE ( 'NONE', #1884, #2533, #1418, .T. ) ;
#1447 = ORIENTED_EDGE ( 'NONE', *, *, #1927, .F. ) ;
#1448 = DIRECTION ( 'NONE',  ( 0.000000000000000000, 0.000000000000000000, 1.000000000000000000 ) ) ;
#1449 = DIRECTION ( 'NONE',  ( 0.000000000000000000, 0.000000000000000000, 1.000000000000000000 ) ) ;
#1450 = EDGE_CURVE ( 'NONE', #2190, #2564, #2686, .T. ) ;
#1451 = ORIENTED_EDGE ( 'NONE', *, *, #1686, .T. ) ;
#1452 = CARTESIAN_POINT ( 'NONE',  ( 48.00000000000000000, -46.00000000000000000, -214.0000000000000284 ) ) ;
#1453 = CARTESIAN_POINT ( 'NONE',  ( 22.00000000000000000, -31.00000000000000000, -59.09991680526687929 ) ) ;
#1454 = ORIENTED_EDGE ( 'NONE', *, *, #1129, .T. ) ;
#1455 = DIRECTION ( 'NONE',  ( 0.000000000000000000, 0.000000000000000000, 1.000000000000000000 ) ) ;
#1456 = LINE ( 'NONE', #2535, #890 ) ;
#1457 = DIRECTION ( 'NONE',  ( -0.000000000000000000, -1.000000000000000000, -0.000000000000000000 ) ) ;
#1458 = COORDINATED_UNIVERSAL_TIME_OFFSET ( 5, 30, .AHEAD. ) ;
#1459 = LINE ( 'NONE', #878, #583 ) ;
#1460 = EDGE_CURVE ( 'NONE', #2474, #2169, #1078, .T. ) ;
#1461 = ORIENTED_EDGE ( 'NONE', *, *, #385, .T. ) ;
#1462 = CARTESIAN_POINT ( 'NONE',  ( -22.00000000000000000, -15.99999999999999645, -61.09991680526687929 ) ) ;
#1463 = DIRECTION ( 'NONE',  ( -0.000000000000000000, -1.000000000000000000, -0.000000000000000000 ) ) ;
#1464 = ORIENTED_EDGE ( 'NONE', *, *, #253, .T. ) ;
#1465 = EDGE_CURVE ( 'NONE', #2062, #1825, #2147, .T. ) ;
#1466 = VECTOR ( 'NONE', #1713, 1000.000000000000114 ) ;
#1467 = EDGE_LOOP ( 'NONE', ( #1509, #1704 ) ) ;
#1468 = AXIS2_PLACEMENT_3D ( 'NONE', #2202, #283, #1141 ) ;
#1469 = DIRECTION ( 'NONE',  ( -0.000000000000000000, -1.000000000000000000, -0.000000000000000000 ) ) ;
#1470 = LINE ( 'NONE', #1724, #2361 ) ;
#1471 = VECTOR ( 'NONE', #380, 1000.000000000000000 ) ;
#1472 = CIRCLE ( 'NONE', #982, 2.749999999999999112 ) ;
#1473 = LINE ( 'NONE', #1310, #536 ) ;
#1474 = VECTOR ( 'NONE', #1644, 1000.000000000000000 ) ;
#1475 = ORIENTED_EDGE ( 'NONE', *, *, #507, .F. ) ;
#1476 = LINE ( 'NONE', #1139, #182 ) ;
#1477 = CARTESIAN_POINT ( 'NONE',  ( 0.000000000000000000, -38.19999999999999574, 0.000000000000000000 ) ) ;
#1478 = FACE_BOUND ( 'NONE', #642, .T. ) ;
#1479 = EDGE_CURVE ( 'NONE', #1916, #1748, #1917, .T. ) ;
#1480 = AXIS2_PLACEMENT_3D ( 'NONE', #670, #1091, #1273 ) ;
#1481 = EDGE_LOOP ( 'NONE', ( #383, #2238, #364, #183 ) ) ;
#1482 = DIRECTION ( 'NONE',  ( 0.000000000000000000, 0.000000000000000000, 1.000000000000000000 ) ) ;
#1483 = LINE ( 'NONE', #213, #2713 ) ;
#1484 = EDGE_LOOP ( 'NONE', ( #1264, #785, #1271, #1365 ) ) ;
#1485 = CARTESIAN_POINT ( 'NONE',  ( -12.24586983568287124, -36.00000000000000000, -26.81414504036117563 ) ) ;
#1486 = DIRECTION ( 'NONE',  ( 0.000000000000000000, -0.000000000000000000, -1.000000000000000000 ) ) ;
#1487 = ORIENTED_EDGE ( 'NONE', *, *, #543, .T. ) ;
#1488 = DIRECTION ( 'NONE',  ( -0.000000000000000000, -1.000000000000000000, -0.000000000000000000 ) ) ;
#1489 = LINE ( 'NONE', #910, #1751 ) ;
#1490 = LINE ( 'NONE', #1907, #99 ) ;
#1491 = DIRECTION ( 'NONE',  ( 0.000000000000000000, 0.000000000000000000, -1.000000000000000000 ) ) ;
#1492 = ORIENTED_EDGE ( 'NONE', *, *, #1191, .T. ) ;
#1493 = EDGE_CURVE ( 'NONE', #1696, #2747, #2308, .T. ) ;
#1494 = EDGE_LOOP ( 'NONE', ( #674, #1447, #1386, #842 ) ) ;
#1495 = EDGE_CURVE ( 'NONE', #876, #425, #1239, .T. ) ;
#1496 = CARTESIAN_POINT ( 'NONE',  ( 30.00000000000000000, -26.00000000000000000, -61.09991680526687929 ) ) ;
#1497 = LINE ( 'NONE', #2120, #44 ) ;
#1498 = ORIENTED_EDGE ( 'NONE', *, *, #1791, .T. ) ;
#1499 = DIRECTION ( 'NONE',  ( -0.000000000000000000, -1.000000000000000000, -0.000000000000000000 ) ) ;
#1500 = CARTESIAN_POINT ( 'NONE',  ( -54.92397570258090411, -36.00000000000000000, -280.9250580329031663 ) ) ;
#1501 = CARTESIAN_POINT ( 'NONE',  ( 30.00000000000000000, -36.00000000000000000, -35.59768778401239331 ) ) ;
#1502 = VERTEX_POINT ( 'NONE', #2700 ) ;
#1503 = CYLINDRICAL_SURFACE ( 'NONE', #1166, 2.750000000000002665 ) ;
#1504 = LINE ( 'NONE', #2180, #325 ) ;
#1505 = LINE ( 'NONE', #2719, #2240 ) ;
#1506 = FACE_BOUND ( 'NONE', #1190, .T. ) ;
#1507 = VERTEX_POINT ( 'NONE', #643 ) ;
#1508 = PERSON ( 'UNSPECIFIED', 'UNSPECIFIED', 'UNSPECIFIED', ('UNSPECIFIED'), ('UNSPECIFIED'), ('UNSPECIFIED') ) ;
#1509 = ORIENTED_EDGE ( 'NONE', *, *, #2507, .T. ) ;
#1510 = LINE ( 'NONE', #455, #1867 ) ;
#1511 = ADVANCED_FACE ( 'NONE', ( #2730 ), #2122, .F. ) ;
#1512 = CIRCLE ( 'NONE', #352, 2.749999999999999112 ) ;
#1513 = ORIENTED_EDGE ( 'NONE', *, *, #1516, .F. ) ;
#1514 = AXIS2_PLACEMENT_3D ( 'NONE', #1500, #2353, #665 ) ;
#1515 = CARTESIAN_POINT ( 'NONE',  ( -29.56414504036117918, -36.00000000000000000, 14.99586983568286946 ) ) ;
#1516 = EDGE_CURVE ( 'NONE', #2183, #1638, #1230, .T. ) ;
#1517 = VECTOR ( 'NONE', #341, 1000.000000000000000 ) ;
#1518 = CARTESIAN_POINT ( 'NONE',  ( 19.13417161825450208, -36.00000000000000000, -223.8060233744356822 ) ) ;
#1519 = ORIENTED_EDGE ( 'NONE', *, *, #2006, .F. ) ;
#1520 = CARTESIAN_POINT ( 'NONE',  ( -46.56229828894253586, -36.00000000000000000, -301.1119330490977291 ) ) ;
#1521 = CARTESIAN_POINT ( 'NONE',  ( 22.00000000000000000, -36.00000000000000000, -206.0000000000000284 ) ) ;
#1522 = CARTESIAN_POINT ( 'NONE',  ( -10.92505803290318056, -36.00000000000000000, -324.9239757025808899 ) ) ;
#1523 = FACE_BOUND ( 'NONE', #1177, .T. ) ;
#1524 = AXIS2_PLACEMENT_3D ( 'NONE', #2064, #2483, #2226 ) ;
#1525 = EDGE_LOOP ( 'NONE', ( #1629, #958, #1645, #2549 ) ) ;
#1526 = AXIS2_PLACEMENT_3D ( 'NONE', #1847, #2102, #1858 ) ;
#1527 = VECTOR ( 'NONE', #433, 1000.000000000000000 ) ;
#1528 = ORIENTED_EDGE ( 'NONE', *, *, #2085, .T. ) ;
#1529 = AXIS2_PLACEMENT_3D ( 'NONE', #1116, #2416, #502 ) ;
#1530 = LOCAL_TIME ( 11, 8, 5.000000000000000000, #1458 ) ;
#1531 = VERTEX_POINT ( 'NONE', #2077 ) ;
#1532 = ADVANCED_FACE ( 'NONE', ( #413 ), #204, .F. ) ;
#1533 = COORDINATED_UNIVERSAL_TIME_OFFSET ( 5, 30, .AHEAD. ) ;
#1534 = CYLINDRICAL_SURFACE ( 'NONE', #2623, 25.15000000000000213 ) ;
#1535 = CARTESIAN_POINT ( 'NONE',  ( -46.56229828894253586, -46.00000000000000000, -301.1119330490977291 ) ) ;
#1536 = ORIENTED_EDGE ( 'NONE', *, *, #200, .T. ) ;
#1537 = EDGE_CURVE ( 'NONE', #144, #2175, #822, .T. ) ;
#1538 = CARTESIAN_POINT ( 'NONE',  ( -32.00000000000000000, -46.00000000000000000, 40.00000000000000000 ) ) ;
#1539 = DIRECTION ( 'NONE',  ( 0.7071067811865480168, -0.000000000000000000, 0.7071067811865470176 ) ) ;
#1540 = CARTESIAN_POINT ( 'NONE',  ( 0.000000000000000000, -46.00000000000000000, 0.000000000000000000 ) ) ;
#1541 = ORIENTED_EDGE ( 'NONE', *, *, #1123, .T. ) ;
#1542 = EDGE_LOOP ( 'NONE', ( #1637, #650, #2153, #1193 ) ) ;
#1543 = EDGE_LOOP ( 'NONE', ( #1874, #1352 ) ) ;
#1544 = DIRECTION ( 'NONE',  ( -0.000000000000000000, -1.000000000000000000, -0.000000000000000000 ) ) ;
#1545 = DIRECTION ( 'NONE',  ( -0.000000000000000000, -1.000000000000000000, -0.000000000000000000 ) ) ;
#1546 = ORIENTED_EDGE ( 'NONE', *, *, #1312, .F. ) ;
#1547 = DIRECTION ( 'NONE',  ( 0.000000000000000000, 0.000000000000000000, 1.000000000000000000 ) ) ;
#1548 = DIRECTION ( 'NONE',  ( 0.000000000000000000, 0.000000000000000000, 1.000000000000000000 ) ) ;
#1549 = DIRECTION ( 'NONE',  ( -0.000000000000000000, -1.000000000000000000, -0.000000000000000000 ) ) ;
#1550 = ORIENTED_EDGE ( 'NONE', *, *, #1669, .F. ) ;
#1551 = DIRECTION ( 'NONE',  ( 0.000000000000000000, 1.000000000000000000, 0.000000000000000000 ) ) ;
#1552 = ADVANCED_FACE ( 'NONE', ( #1889 ), #584, .F. ) ;
#1553 = ORIENTED_EDGE ( 'NONE', *, *, #900, .F. ) ;
#1554 = CARTESIAN_POINT ( 'NONE',  ( -22.00000000000000000, -31.00000000000000000, -35.59768778401239331 ) ) ;
#1555 = VECTOR ( 'NONE', #1097, 1000.000000000000000 ) ;
#1556 = CARTESIAN_POINT ( 'NONE',  ( 30.00000000000000000, -36.00000000000000000, -206.0000000000000284 ) ) ;
#1557 = ORIENTED_EDGE ( 'NONE', *, *, #185, .T. ) ;
#1558 = CIRCLE ( 'NONE', #2453, 2.749999999999999112 ) ;
#1559 = DIRECTION ( 'NONE',  ( 0.000000000000000000, 1.000000000000000000, 0.000000000000000000 ) ) ;
#1560 = FACE_BOUND ( 'NONE', #73, .T. ) ;
#1561 = DIRECTION ( 'NONE',  ( -0.2873478855663453291, 0.000000000000000000, 0.9578262852211513190 ) ) ;
#1562 = VECTOR ( 'NONE', #852, 1000.000000000000000 ) ;
#1563 = VERTEX_POINT ( 'NONE', #624 ) ;
#1564 = CIRCLE ( 'NONE', #1658, 2.750000000000002665 ) ;
#1565 = EDGE_CURVE ( 'NONE', #2360, #78, #1564, .T. ) ;
#1566 = CARTESIAN_POINT ( 'NONE',  ( 0.000000000000000000, -36.00000000000000000, -140.0000000000000000 ) ) ;
#1567 = EDGE_LOOP ( 'NONE', ( #456, #230 ) ) ;
#1568 = AXIS2_PLACEMENT_3D ( 'NONE', #1237, #1039, #2087 ) ;
#1569 = EDGE_CURVE ( 'NONE', #1005, #2190, #2740, .T. ) ;
#1570 = AXIS2_PLACEMENT_3D ( 'NONE', #2661, #994, #593 ) ;
#1571 = CIRCLE ( 'NONE', #1882, 2.749999999999999112 ) ;
#1572 = DIRECTION ( 'NONE',  ( 0.000000000000000000, 1.000000000000000000, 0.000000000000000000 ) ) ;
#1573 = LINE ( 'NONE', #310, #2279 ) ;
#1574 = CARTESIAN_POINT ( 'NONE',  ( 12.24586983568288012, -46.00000000000000000, 29.56414504036117208 ) ) ;
#1575 = FACE_OUTER_BOUND ( 'NONE', #1481, .T. ) ;
#1576 = ORIENTED_EDGE ( 'NONE', *, *, #2559, .T. ) ;
#1577 = CARTESIAN_POINT ( 'NONE',  ( 30.00000000000000000, -36.00000000000000000, -110.0000000000000000 ) ) ;
#1578 = FACE_BOUND ( 'NONE', #983, .T. ) ;
#1579 = DIRECTION ( 'NONE',  ( -0.000000000000000000, -1.000000000000000000, -0.000000000000000000 ) ) ;
#1580 = ORIENTED_EDGE ( 'NONE', *, *, #2024, .F. ) ;
#1581 = CARTESIAN_POINT ( 'NONE',  ( 0.000000000000000000, -36.00000000000000000, -270.0000000000000000 ) ) ;
#1582 = VERTEX_POINT ( 'NONE', #2498 ) ;
#1583 = EDGE_CURVE ( 'NONE', #1911, #1810, #833, .T. ) ;
#1584 = EDGE_CURVE ( 'NONE', #1336, #616, #1269, .T. ) ;
#1585 = CARTESIAN_POINT ( 'NONE',  ( 46.19397662556433914, -36.00000000000000000, -289.1341716182545269 ) ) ;
#1586 = DIRECTION ( 'NONE',  ( -0.000000000000000000, -1.000000000000000000, -0.000000000000000000 ) ) ;
#1587 = LINE ( 'NONE', #2439, #1654 ) ;
#1588 = ADVANCED_FACE ( 'NONE', ( #1661 ), #2526, .F. ) ;
#1589 = DIRECTION ( 'NONE',  ( 0.000000000000000000, 0.000000000000000000, -1.000000000000000000 ) ) ;
#1590 = EDGE_LOOP ( 'NONE', ( #2525, #598, #154, #2611, #1098, #1345, #1094, #298 ) ) ;
#1591 = CARTESIAN_POINT ( 'NONE',  ( -46.19397662556434625, -36.00000000000000000, -253.6158283817455583 ) ) ;
#1592 = FACE_OUTER_BOUND ( 'NONE', #2560, .T. ) ;
#1593 = ORIENTED_EDGE ( 'NONE', *, *, #1095, .F. ) ;
#1594 = PLANE ( 'NONE',  #594 ) ;
#1595 = ORIENTED_EDGE ( 'NONE', *, *, #1569, .T. ) ;
#1596 = DIRECTION ( 'NONE',  ( -0.000000000000000000, 0.000000000000000000, -1.000000000000000000 ) ) ;
#1597 = DIRECTION ( 'NONE',  ( 0.000000000000000000, 0.000000000000000000, 1.000000000000000000 ) ) ;
#1598 = CARTESIAN_POINT ( 'NONE',  ( -30.00000000000000000, -36.00000000000000000, -110.0000000000000000 ) ) ;
#1599 = EDGE_CURVE ( 'NONE', #1995, #2016, #396, .T. ) ;
#1600 = ORIENTED_EDGE ( 'NONE', *, *, #754, .F. ) ;
#1601 = FACE_OUTER_BOUND ( 'NONE', #2321, .T. ) ;
#1602 = DIRECTION ( 'NONE',  ( 0.000000000000000000, 1.000000000000000000, 0.000000000000000000 ) ) ;
#1603 = DIRECTION ( 'NONE',  ( 0.000000000000000000, 1.000000000000000000, 0.000000000000000000 ) ) ;
#1604 = ADVANCED_FACE ( 'NONE', ( #1254 ), #427, .F. ) ;
#1605 = CIRCLE ( 'NONE', #1250, 2.749999999999999112 ) ;
#1606 = ORIENTED_EDGE ( 'NONE', *, *, #2061, .T. ) ;
#1607 = ORIENTED_EDGE ( 'NONE', *, *, #2264, .T. ) ;
#1608 = DIRECTION ( 'NONE',  ( 0.000000000000000000, 1.000000000000000000, 0.000000000000000000 ) ) ;
#1609 = EDGE_CURVE ( 'NONE', #2010, #2691, #2628, .T. ) ;
#1610 = AXIS2_PLACEMENT_3D ( 'NONE', #2170, #1906, #29 ) ;
#1611 = ORIENTED_EDGE ( 'NONE', *, *, #1074, .F. ) ;
#1612 = AXIS2_PLACEMENT_3D ( 'NONE', #1405, #1140, #941 ) ;
#1613 = DIRECTION ( 'NONE',  ( 0.2873478855663453291, 0.000000000000000000, 0.9578262852211513190 ) ) ;
#1614 = DIRECTION ( 'NONE',  ( -0.000000000000000000, -1.000000000000000000, -0.000000000000000000 ) ) ;
#1615 = ORIENTED_EDGE ( 'NONE', *, *, #1006, .F. ) ;
#1616 = VECTOR ( 'NONE', #1463, 1000.000000000000000 ) ;
#1617 = CARTESIAN_POINT ( 'NONE',  ( 22.00000000000000000, -36.00000000000000000, -35.59768778401239331 ) ) ;
#1618 = ADVANCED_FACE ( 'NONE', ( #2271 ), #360, .F. ) ;
#1619 = CIRCLE ( 'NONE', #190, 2.750000000000002665 ) ;
#1620 = CARTESIAN_POINT ( 'NONE',  ( 1.347111479062088405E-15, -36.00000000000000000, -74.00000000000001421 ) ) ;
#1621 = LINE ( 'NONE', #1851, #533 ) ;
#1622 = CC_DESIGN_APPROVAL ( #180, ( #399 ) ) ;
#1623 = EDGE_LOOP ( 'NONE', ( #1454, #786, #655, #2620 ) ) ;
#1624 = EDGE_CURVE ( 'NONE', #1911, #2208, #1472, .T. ) ;
#1625 = CARTESIAN_POINT ( 'NONE',  ( -10.92505803290318056, -36.00000000000000000, -324.9239757025808899 ) ) ;
#1626 = FACE_OUTER_BOUND ( 'NONE', #2132, .T. ) ;
#1627 = ORIENTED_EDGE ( 'NONE', *, *, #2492, .F. ) ;
#1628 = ADVANCED_FACE ( 'NONE', ( #1003 ), #796, .F. ) ;
#1629 = ORIENTED_EDGE ( 'NONE', *, *, #2370, .T. ) ;
#1630 = DIRECTION ( 'NONE',  ( 0.9578262852211514300, 0.000000000000000000, -0.2873478855663453846 ) ) ;
#1631 = DIRECTION ( 'NONE',  ( -0.000000000000000000, -1.000000000000000000, -0.000000000000000000 ) ) ;
#1632 = ORIENTED_EDGE ( 'NONE', *, *, #83, .F. ) ;
#1633 = CYLINDRICAL_SURFACE ( 'NONE', #1029, 2.750000000000030198 ) ;
#1634 = CALENDAR_DATE ( 2026, 24, 9 ) ;
#1635 = CARTESIAN_POINT ( 'NONE',  ( 0.000000000000000000, -46.00000000000000000, -195.0000000000000000 ) ) ;
#1636 = APPROVAL ( #1957, 'UNSPECIFIED' ) ;
#1637 = ORIENTED_EDGE ( 'NONE', *, *, #1280, .T. ) ;
#1638 = VERTEX_POINT ( 'NONE', #1775 ) ;
#1639 = DIRECTION ( 'NONE',  ( 0.000000000000000000, 1.000000000000000000, 0.000000000000000000 ) ) ;
#1640 = CARTESIAN_POINT ( 'NONE',  ( 12.24586983568288012, -36.00000000000000000, 32.31414504036117563 ) ) ;
#1641 = VERTEX_POINT ( 'NONE', #2224 ) ;
#1642 = ADVANCED_FACE ( 'NONE', ( #1816 ), #927, .F. ) ;
#1643 = LINE ( 'NONE', #2074, #850 ) ;
#1644 = DIRECTION ( 'NONE',  ( -0.000000000000000000, -1.000000000000000000, -0.000000000000000000 ) ) ;
#1645 = ORIENTED_EDGE ( 'NONE', *, *, #1235, .F. ) ;
#1646 = DIRECTION ( 'NONE',  ( 0.000000000000000000, 0.000000000000000000, 1.000000000000000000 ) ) ;
#1647 = FACE_OUTER_BOUND ( 'NONE', #1590, .T. ) ;
#1648 = DIRECTION ( 'NONE',  ( 1.000000000000000000, 0.000000000000000000, -0.000000000000000000 ) ) ;
#1649 = VERTEX_POINT ( 'NONE', #779 ) ;
#1650 = ORIENTED_EDGE ( 'NONE', *, *, #164, .T. ) ;
#1651 = CARTESIAN_POINT ( 'NONE',  ( -46.19397662556433914, -46.00000000000000000, -289.1341716182545269 ) ) ;
#1652 = DIRECTION ( 'NONE',  ( -0.000000000000000000, -1.000000000000000000, -0.000000000000000000 ) ) ;
#1653 = EDGE_CURVE ( 'NONE', #1756, #1005, #538, .T. ) ;
#1654 = VECTOR ( 'NONE', #2166, 1000.000000000000000 ) ;
#1655 = CIRCLE ( 'NONE', #2458, 2.749999999999999112 ) ;
#1656 = EDGE_CURVE ( 'NONE', #817, #2482, #722, .T. ) ;
#1657 = CARTESIAN_POINT ( 'NONE',  ( -46.19397662556434625, -36.00000000000000000, -250.8658283817455299 ) ) ;
#1658 = AXIS2_PLACEMENT_3D ( 'NONE', #1013, #161, #1448 ) ;
#1659 = ORIENTED_EDGE ( 'NONE', *, *, #613, .F. ) ;
#1660 = AXIS2_PLACEMENT_3D ( 'NONE', #2510, #599, #2130 ) ;
#1661 = FACE_OUTER_BOUND ( 'NONE', #392, .T. ) ;
#1662 = DIRECTION ( 'NONE',  ( 1.000000000000000000, 0.000000000000000000, -0.000000000000000000 ) ) ;
#1663 = DIRECTION ( 'NONE',  ( -0.000000000000000000, 1.000000000000000000, -0.000000000000000000 ) ) ;
#1664 = VECTOR ( 'NONE', #868, 1000.000000000000000 ) ;
#1665 = DIRECTION ( 'NONE',  ( -0.000000000000000000, -1.000000000000000000, -0.000000000000000000 ) ) ;
#1666 = VECTOR ( 'NONE', #2157, 1000.000000000000000 ) ;
#1667 = CARTESIAN_POINT ( 'NONE',  ( 19.13417161825449497, -36.00000000000000000, -313.4439766255644031 ) ) ;
#1668 = AXIS2_PLACEMENT_3D ( 'NONE', #614, #1043, #1002 ) ;
#1669 = EDGE_CURVE ( 'NONE', #2606, #66, #721, .T. ) ;
#1670 = ORIENTED_EDGE ( 'NONE', *, *, #695, .T. ) ;
#1671 = LINE ( 'NONE', #1886, #2723 ) ;
#1672 = EDGE_LOOP ( 'NONE', ( #1900, #1410, #2391, #553 ) ) ;
#1673 = EDGE_CURVE ( 'NONE', #996, #2175, #1984, .T. ) ;
#1674 = CARTESIAN_POINT ( 'NONE',  ( 3.079986699855593473E-15, -38.19999999999999574, -25.15000000000000213 ) ) ;
#1675 = LINE ( 'NONE', #2579, #2716 ) ;
#1676 = EDGE_CURVE ( 'NONE', #1748, #1905, #1573, .T. ) ;
#1677 = ORIENTED_EDGE ( 'NONE', *, *, #2405, .T. ) ;
#1678 = LINE ( 'NONE', #1625, #1694 ) ;
#1679 = CARTESIAN_POINT ( 'NONE',  ( -44.00000000000000000, -46.00000000000000000, 0.000000000000000000 ) ) ;
#1680 = EDGE_LOOP ( 'NONE', ( #1692, #439 ) ) ;
#1681 = ORIENTED_EDGE ( 'NONE', *, *, #2172, .T. ) ;
#1682 = ADVANCED_FACE ( 'NONE', ( #2451 ), #2425, .F. ) ;
#1683 = DIRECTION ( 'NONE',  ( 0.000000000000000000, 0.000000000000000000, 1.000000000000000000 ) ) ;
#1684 = ORIENTED_EDGE ( 'NONE', *, *, #1803, .T. ) ;
#1685 = CARTESIAN_POINT ( 'NONE',  ( -19.13417161825447721, -36.00000000000000000, -223.8060233744356822 ) ) ;
#1686 = EDGE_CURVE ( 'NONE', #973, #57, #2015, .T. ) ;
#1687 = CARTESIAN_POINT ( 'NONE',  ( 19.13417161825450208, -46.00000000000000000, -226.5560233744356822 ) ) ;
#1688 = ORIENTED_EDGE ( 'NONE', *, *, #223, .T. ) ;
#1689 = CARTESIAN_POINT ( 'NONE',  ( 12.24586983568287479, -36.00000000000000000, -29.56414504036117563 ) ) ;
#1690 = EDGE_CURVE ( 'NONE', #837, #805, #1361, .T. ) ;
#1691 = DIRECTION ( 'NONE',  ( 0.000000000000000000, 1.000000000000000000, 0.000000000000000000 ) ) ;
#1692 = ORIENTED_EDGE ( 'NONE', *, *, #2603, .F. ) ;
#1693 = AXIS2_PLACEMENT_3D ( 'NONE', #1809, #1437, #2688 ) ;
#1694 = VECTOR ( 'NONE', #2677, 1000.000000000000000 ) ;
#1695 = DIRECTION ( 'NONE',  ( 0.000000000000000000, 1.000000000000000000, 0.000000000000000000 ) ) ;
#1696 = VERTEX_POINT ( 'NONE', #2243 ) ;
#1697 = CIRCLE ( 'NONE', #1956, 2.750000000000030198 ) ;
#1698 = VERTEX_POINT ( 'NONE', #1196 ) ;
#1699 = DIRECTION ( 'NONE',  ( -0.000000000000000000, -1.000000000000000000, -0.000000000000000000 ) ) ;
#1700 = AXIS2_PLACEMENT_3D ( 'NONE', #149, #1000, #1154 ) ;
#1701 = CARTESIAN_POINT ( 'NONE',  ( -19.13417161825448787, -36.00000000000000000, -316.1939766255643463 ) ) ;
#1702 = VECTOR ( 'NONE', #1631, 1000.000000000000000 ) ;
#1703 = ADVANCED_FACE ( 'NONE', ( #295 ), #2438, .F. ) ;
#1704 = ORIENTED_EDGE ( 'NONE', *, *, #495, .T. ) ;
#1705 = CARTESIAN_POINT ( 'NONE',  ( -54.92397570258090411, -46.00000000000000000, -280.9250580329031663 ) ) ;
#1706 = AXIS2_PLACEMENT_3D ( 'NONE', #2334, #854, #196 ) ;
#1707 = DIRECTION ( 'NONE',  ( 0.1705414337057505614, 0.000000000000000000, 0.9853505058554478113 ) ) ;
#1708 = DIRECTION ( 'NONE',  ( -0.000000000000000000, -1.000000000000000000, -0.000000000000000000 ) ) ;
#1709 = EDGE_CURVE ( 'NONE', #62, #2518, #736, .T. ) ;
#1710 = CIRCLE ( 'NONE', #596, 2.750000000000002665 ) ;
#1711 = ORIENTED_EDGE ( 'NONE', *, *, #2722, .F. ) ;
#1712 = DIRECTION ( 'NONE',  ( -0.000000000000000000, -1.000000000000000000, -0.000000000000000000 ) ) ;
#1713 = DIRECTION ( 'NONE',  ( -0.3826834323650898373, 0.000000000000000000, -0.9238795325112867385 ) ) ;
#1714 = ORIENTED_EDGE ( 'NONE', *, *, #2135, .T. ) ;
#1715 = DIRECTION ( 'NONE',  ( 0.9919979117236189525, -0.000000000000000000, 0.1262542796739151152 ) ) ;
#1716 = EDGE_LOOP ( 'NONE', ( #609, #1677 ) ) ;
#1717 = DIRECTION ( 'NONE',  ( 0.000000000000000000, 0.000000000000000000, -1.000000000000000000 ) ) ;
#1718 = CARTESIAN_POINT ( 'NONE',  ( -48.00000000000000000, -36.00000000000000000, -214.0000000000000284 ) ) ;
#1719 = DIRECTION ( 'NONE',  ( 0.000000000000000000, 0.000000000000000000, 1.000000000000000000 ) ) ;
#1720 = ORIENTED_EDGE ( 'NONE', *, *, #1653, .F. ) ;
#1721 = ORIENTED_EDGE ( 'NONE', *, *, #2492, .T. ) ;
#1722 = ADVANCED_FACE ( 'NONE', ( #955 ), #2029, .F. ) ;
#1723 = CARTESIAN_POINT ( 'NONE',  ( 31.11193304909772550, -36.00000000000000000, -316.5622982889425430 ) ) ;
#1724 = CARTESIAN_POINT ( 'NONE',  ( 32.00000000000000000, -36.00000000000000000, 40.00000000000000000 ) ) ;
#1725 = ORIENTED_EDGE ( 'NONE', *, *, #2337, .T. ) ;
#1726 = PLANE ( 'NONE',  #2097 ) ;
#1727 = DIRECTION ( 'NONE',  ( 0.000000000000000000, 0.000000000000000000, -1.000000000000000000 ) ) ;
#1728 = ORIENTED_EDGE ( 'NONE', *, *, #1038, .T. ) ;
#1729 = CARTESIAN_POINT ( 'NONE',  ( -12.24586983568286414, -46.00000000000000000, 26.81414504036117563 ) ) ;
#1730 = DIRECTION ( 'NONE',  ( -0.7071067811865469066, 0.000000000000000000, -0.7071067811865482389 ) ) ;
#1731 = FACE_OUTER_BOUND ( 'NONE', #1525, .T. ) ;
#1732 = ORIENTED_EDGE ( 'NONE', *, *, #2337, .F. ) ;
#1733 = ORIENTED_EDGE ( 'NONE', *, *, #1609, .T. ) ;
#1734 = EDGE_CURVE ( 'NONE', #764, #978, #1805, .T. ) ;
#1735 = VECTOR ( 'NONE', #753, 1000.000000000000227 ) ;
#1736 = VECTOR ( 'NONE', #1579, 1000.000000000000000 ) ;
#1737 = EDGE_CURVE ( 'NONE', #861, #2459, #117, .T. ) ;
#1738 = ORIENTED_EDGE ( 'NONE', *, *, #715, .T. ) ;
#1739 = AXIS2_PLACEMENT_3D ( 'NONE', #2565, #1499, #458 ) ;
#1740 = DIRECTION ( 'NONE',  ( -0.000000000000000000, -1.000000000000000000, -0.000000000000000000 ) ) ;
#1741 = VECTOR ( 'NONE', #1151, 1000.000000000000000 ) ;
#1742 = DIRECTION ( 'NONE',  ( 0.000000000000000000, 1.000000000000000000, 0.000000000000000000 ) ) ;
#1743 = EDGE_LOOP ( 'NONE', ( #484, #2259 ) ) ;
#1744 = LINE ( 'NONE', #2608, #1925 ) ;
#1745 = FACE_BOUND ( 'NONE', #706, .T. ) ;
#1746 = DIRECTION ( 'NONE',  ( 0.000000000000000000, 1.000000000000000000, 0.000000000000000000 ) ) ;
#1747 = VECTOR ( 'NONE', #2427, 1000.000000000000227 ) ;
#1748 = VERTEX_POINT ( 'NONE', #621 ) ;
#1749 = AXIS2_PLACEMENT_3D ( 'NONE', #2735, #1894, #222 ) ;
#1750 = ORIENTED_EDGE ( 'NONE', *, *, #13, .F. ) ;
#1751 = VECTOR ( 'NONE', #1730, 1000.000000000000000 ) ;
#1752 = CC_DESIGN_DATE_AND_TIME_ASSIGNMENT ( #2309, #1838, ( #399 ) ) ;
#1753 = ORIENTED_EDGE ( 'NONE', *, *, #821, .T. ) ;
#1754 = DIRECTION ( 'NONE',  ( 0.000000000000000000, 0.000000000000000000, 1.000000000000000000 ) ) ;
#1755 = DIRECTION ( 'NONE',  ( 0.000000000000000000, 1.000000000000000000, 0.000000000000000000 ) ) ;
#1756 = VERTEX_POINT ( 'NONE', #998 ) ;
#1757 = CARTESIAN_POINT ( 'NONE',  ( 19.13417161825449497, -36.00000000000000000, -316.1939766255643463 ) ) ;
#1758 = DIRECTION ( 'NONE',  ( 0.000000000000000000, 1.000000000000000000, 0.000000000000000000 ) ) ;
#1759 = PLANE ( 'NONE',  #1381 ) ;
#1760 = EDGE_CURVE ( 'NONE', #506, #66, #1872, .T. ) ;
#1761 = EDGE_LOOP ( 'NONE', ( #1576, #676 ) ) ;
#1762 = EDGE_LOOP ( 'NONE', ( #2129, #1053, #327, #2754 ) ) ;
#1763 = DIRECTION ( 'NONE',  ( 0.000000000000000000, 0.000000000000000000, 1.000000000000000000 ) ) ;
#1764 = DIRECTION ( 'NONE',  ( 0.9238795325112868495, -0.000000000000000000, 0.3826834323650895597 ) ) ;
#1765 = EDGE_CURVE ( 'NONE', #1502, #1336, #1305, .T. ) ;
#1766 = ORIENTED_EDGE ( 'NONE', *, *, #1676, .T. ) ;
#1767 = FACE_OUTER_BOUND ( 'NONE', #776, .T. ) ;
#1768 = CARTESIAN_POINT ( 'NONE',  ( 1.592040838891557715E-15, -46.00000000000000000, -257.0000000000000000 ) ) ;
#1769 = DIRECTION ( 'NONE',  ( -0.9578262852211514300, 0.000000000000000000, -0.2873478855663453846 ) ) ;
#1770 = EDGE_LOOP ( 'NONE', ( #638, #2442 ) ) ;
#1771 = EDGE_CURVE ( 'NONE', #2660, #934, #55, .T. ) ;
#1772 = FACE_OUTER_BOUND ( 'NONE', #499, .T. ) ;
#1773 = ORIENTED_EDGE ( 'NONE', *, *, #13, .T. ) ;
#1774 = CARTESIAN_POINT ( 'NONE',  ( -46.19397662556434625, -36.00000000000000000, -250.8658283817455299 ) ) ;
#1775 = CARTESIAN_POINT ( 'NONE',  ( -30.00000000000000000, -36.00000000000000000, -35.59768778401239331 ) ) ;
#1776 = DIRECTION ( 'NONE',  ( 0.000000000000000000, 1.000000000000000000, 0.000000000000000000 ) ) ;
#1777 = VECTOR ( 'NONE', #2289, 1000.000000000000000 ) ;
#1778 = LINE ( 'NONE', #1324, #717 ) ;
#1779 = ORIENTED_EDGE ( 'NONE', *, *, #1624, .T. ) ;
#1780 = AXIS2_PLACEMENT_3D ( 'NONE', #1055, #1903, #1486 ) ;
#1781 = CARTESIAN_POINT ( 'NONE',  ( -29.56414504036117918, -46.00000000000000000, 9.495869835682871241 ) ) ;
#1782 = LINE ( 'NONE', #2584, #727 ) ;
#1783 = LINE ( 'NONE', #2400, #1952 ) ;
#1784 = EDGE_CURVE ( 'NONE', #246, #336, #566, .T. ) ;
#1785 = VECTOR ( 'NONE', #1430, 1000.000000000000000 ) ;
#1786 = VERTEX_POINT ( 'NONE', #1416 ) ;
#1787 = VECTOR ( 'NONE', #133, 1000.000000000000000 ) ;
#1788 = LINE ( 'NONE', #2421, #1390 ) ;
#1789 = EDGE_CURVE ( 'NONE', #1638, #1756, #2306, .T. ) ;
#1790 = ORIENTED_EDGE ( 'NONE', *, *, #168, .F. ) ;
#1791 = EDGE_CURVE ( 'NONE', #964, #351, #765, .T. ) ;
#1792 = VECTOR ( 'NONE', #208, 1000.000000000000227 ) ;
#1793 = LINE ( 'NONE', #329, #2543 ) ;
#1794 = DIRECTION ( 'NONE',  ( -0.000000000000000000, -1.000000000000000000, -0.000000000000000000 ) ) ;
#1795 = CARTESIAN_POINT ( 'NONE',  ( 29.56414504036117563, -46.00000000000000000, -14.99586983568287124 ) ) ;
#1796 = CARTESIAN_POINT ( 'NONE',  ( 30.00000000000000000, -26.00000000000000000, -61.09991680526687929 ) ) ;
#1797 = ORIENTED_EDGE ( 'NONE', *, *, #2027, .T. ) ;
#1798 = CARTESIAN_POINT ( 'NONE',  ( -22.00000000000000000, -36.00000000000000000, -206.0000000000000284 ) ) ;
#1799 = CARTESIAN_POINT ( 'NONE',  ( 0.000000000000000000, -36.00000000000000000, -151.0000000000000284 ) ) ;
#1800 = EDGE_LOOP ( 'NONE', ( #1546, #114 ) ) ;
#1801 = CARTESIAN_POINT ( 'NONE',  ( 19.13417161825449497, -36.00000000000000000, -316.1939766255643463 ) ) ;
#1802 = ORIENTED_EDGE ( 'NONE', *, *, #1460, .F. ) ;
#1803 = EDGE_CURVE ( 'NONE', #1696, #2422, #1212, .T. ) ;
#1804 = LINE ( 'NONE', #1360, #226 ) ;
#1805 = LINE ( 'NONE', #748, #2418 ) ;
#1806 = EDGE_LOOP ( 'NONE', ( #2640, #2034 ) ) ;
#1807 = DIRECTION ( 'NONE',  ( 0.000000000000000000, 0.000000000000000000, -1.000000000000000000 ) ) ;
#1808 = CARTESIAN_POINT ( 'NONE',  ( 46.19397662556433914, -36.00000000000000000, -286.3841716182544701 ) ) ;
#1809 = CARTESIAN_POINT ( 'NONE',  ( -22.00000000000000000, -26.00000000000000000, -61.09991680526687929 ) ) ;
#1810 = VERTEX_POINT ( 'NONE', #1023 ) ;
#1811 = EDGE_LOOP ( 'NONE', ( #1309, #1627, #258, #2194 ) ) ;
#1812 = CARTESIAN_POINT ( 'NONE',  ( 12.24586983568288012, -36.00000000000000000, 29.56414504036117208 ) ) ;
#1813 = VERTEX_POINT ( 'NONE', #841 ) ;
#1814 = EDGE_CURVE ( 'NONE', #2593, #817, #1671, .T. ) ;
#1815 = CARTESIAN_POINT ( 'NONE',  ( 46.19397662556434625, -46.00000000000000000, -253.6158283817455583 ) ) ;
#1816 = FACE_OUTER_BOUND ( 'NONE', #572, .T. ) ;
#1817 = EDGE_LOOP ( 'NONE', ( #780, #2071, #435, #2468 ) ) ;
#1818 = EDGE_CURVE ( 'NONE', #2564, #2445, #393, .T. ) ;
#1819 = CARTESIAN_POINT ( 'NONE',  ( 46.56229828894252876, -36.00000000000000000, -301.1119330490977291 ) ) ;
#1820 = CIRCLE ( 'NONE', #892, 10.00000000000000888 ) ;
#1821 = CARTESIAN_POINT ( 'NONE',  ( 19.13417161825450208, -36.00000000000000000, -226.5560233744356822 ) ) ;
#1822 = CARTESIAN_POINT ( 'NONE',  ( -29.56414504036117918, -36.00000000000000000, 12.24586983568286946 ) ) ;
#1823 = VECTOR ( 'NONE', #460, 1000.000000000000227 ) ;
#1824 = VERTEX_POINT ( 'NONE', #159 ) ;
#1825 = VERTEX_POINT ( 'NONE', #1898 ) ;
#1826 = CARTESIAN_POINT ( 'NONE',  ( 22.00000000000000000, -36.00000000000000000, -206.0000000000000284 ) ) ;
#1827 = DIRECTION ( 'NONE',  ( -0.000000000000000000, -1.000000000000000000, -0.000000000000000000 ) ) ;
#1828 = CIRCLE ( 'NONE', #807, 2.750000000000002665 ) ;
#1829 = ORIENTED_EDGE ( 'NONE', *, *, #2612, .T. ) ;
#1830 = AXIS2_PLACEMENT_3D ( 'NONE', #602, #2089, #173 ) ;
#1831 = PRODUCT_DEFINITION_SHAPE ( 'NONE', 'NONE',  #399 ) ;
#1832 = VECTOR ( 'NONE', #2060, 1000.000000000000000 ) ;
#1833 = LINE ( 'NONE', #997, #2233 ) ;
#1834 = AXIS2_PLACEMENT_3D ( 'NONE', #2707, #2649, #1203 ) ;
#1835 = VERTEX_POINT ( 'NONE', #2524 ) ;
#1836 = AXIS2_PLACEMENT_3D ( 'NONE', #2230, #2020, #110 ) ;
#1837 = LINE ( 'NONE', #119, #588 ) ;
#1838 = DATE_TIME_ROLE ( 'creation_date' ) ;
#1839 = CARTESIAN_POINT ( 'NONE',  ( 0.000000000000000000, -46.00000000000000000, -270.0000000000000000 ) ) ;
#1840 = ORIENTED_EDGE ( 'NONE', *, *, #1465, .T. ) ;
#1841 = ORIENTED_EDGE ( 'NONE', *, *, #1446, .F. ) ;
#1842 = LINE ( 'NONE', #1424, #535 ) ;
#1843 = EDGE_CURVE ( 'NONE', #649, #755, #1032, .T. ) ;
#1844 = CYLINDRICAL_SURFACE ( 'NONE', #2420, 2.749999999999974687 ) ;
#1845 = VERTEX_POINT ( 'NONE', #2481 ) ;
#1846 = DIRECTION ( 'NONE',  ( 0.000000000000000000, 1.000000000000000000, 0.000000000000000000 ) ) ;
#1847 = CARTESIAN_POINT ( 'NONE',  ( 44.00000000000000000, -36.00000000000000000, 0.000000000000000000 ) ) ;
#1848 = ORIENTED_EDGE ( 'NONE', *, *, #1584, .T. ) ;
#1849 = FACE_OUTER_BOUND ( 'NONE', #1931, .T. ) ;
#1850 = APPLICATION_PROTOCOL_DEFINITION ( 'international standard', 'config_control_design', 1994, #2508 ) ;
#1851 = CARTESIAN_POINT ( 'NONE',  ( -46.19397662556433914, -36.00000000000000000, -286.3841716182544701 ) ) ;
#1852 = ORIENTED_EDGE ( 'NONE', *, *, #115, .T. ) ;
#1853 = ORIENTED_EDGE ( 'NONE', *, *, #448, .T. ) ;
#1854 = DIRECTION ( 'NONE',  ( 0.000000000000000000, 0.000000000000000000, -1.000000000000000000 ) ) ;
#1855 = LINE ( 'NONE', #658, #2059 ) ;
#1856 = ADVANCED_FACE ( 'NONE', ( #2283 ), #201, .F. ) ;
#1857 = CARTESIAN_POINT ( 'NONE',  ( 22.00000000000000000, -31.00000000000000000, -59.09991680526687929 ) ) ;
#1858 = DIRECTION ( 'NONE',  ( 0.1262542796739151152, 0.000000000000000000, 0.9919979117236189525 ) ) ;
#1859 = ORIENTED_EDGE ( 'NONE', *, *, #1760, .F. ) ;
#1860 = DIRECTION ( 'NONE',  ( 0.000000000000000000, 1.000000000000000000, 0.000000000000000000 ) ) ;
#1861 = CALENDAR_DATE ( 2026, 24, 9 ) ;
#1862 = LINE ( 'NONE', #2715, #2499 ) ;
#1863 = ORIENTED_EDGE ( 'NONE', *, *, #2440, .F. ) ;
#1864 = FACE_OUTER_BOUND ( 'NONE', #2381, .T. ) ;
#1865 = EDGE_CURVE ( 'NONE', #1433, #2662, #96, .T. ) ;
#1866 = CARTESIAN_POINT ( 'NONE',  ( 29.56414504036117563, -36.00000000000000000, -14.99586983568287124 ) ) ;
#1867 = VECTOR ( 'NONE', #2365, 1000.000000000000000 ) ;
#1868 = CIRCLE ( 'NONE', #2229, 2.749999999999974687 ) ;
#1869 = ADVANCED_FACE ( 'NONE', ( #2748 ), #373, .F. ) ;
#1870 = ORIENTED_EDGE ( 'NONE', *, *, #2598, .T. ) ;
#1871 = CIRCLE ( 'NONE', #2721, 2.750000000000002665 ) ;
#1872 = LINE ( 'NONE', #1228, #1474 ) ;
#1873 = VECTOR ( 'NONE', #2327, 1000.000000000000000 ) ;
#1874 = ORIENTED_EDGE ( 'NONE', *, *, #1235, .T. ) ;
#1875 = VECTOR ( 'NONE', #1278, 1000.000000000000000 ) ;
#1876 = CARTESIAN_POINT ( 'NONE',  ( 44.00000000000000000, -36.00000000000000000, 0.000000000000000000 ) ) ;
#1877 = APPROVAL_ROLE ( '' ) ;
#1878 = CYLINDRICAL_SURFACE ( 'NONE', #979, 2.750000000000030198 ) ;
#1879 = CIRCLE ( 'NONE', #58, 11.00000000000001066 ) ;
#1880 = ORIENTED_EDGE ( 'NONE', *, *, #1277, .T. ) ;
#1881 = LINE ( 'NONE', #1826, #449 ) ;
#1882 = AXIS2_PLACEMENT_3D ( 'NONE', #647, #445, #259 ) ;
#1883 = LINE ( 'NONE', #827, #680 ) ;
#1884 = VERTEX_POINT ( 'NONE', #2323 ) ;
#1885 = ADVANCED_FACE ( 'NONE', ( #792 ), #581, .F. ) ;
#1886 = CARTESIAN_POINT ( 'NONE',  ( -22.00000000000000000, -15.99999999999999645, -206.0000000000000284 ) ) ;
#1887 = CARTESIAN_POINT ( 'NONE',  ( -46.19397662556434625, -46.00000000000000000, -253.6158283817455583 ) ) ;
#1888 = ADVANCED_FACE ( 'NONE', ( #1266 ), #2710, .F. ) ;
#1889 = FACE_OUTER_BOUND ( 'NONE', #865, .T. ) ;
#1890 = CARTESIAN_POINT ( 'NONE',  ( 54.92397570258090411, -46.00000000000000000, -280.9250580329031663 ) ) ;
#1891 = CYLINDRICAL_SURFACE ( 'NONE', #177, 2.749999999999974687 ) ;
#1892 = EDGE_LOOP ( 'NONE', ( #1600, #471, #1557, #231 ) ) ;
#1893 = CARTESIAN_POINT ( 'NONE',  ( 30.00000000000000000, -15.99999999999999645, -61.09991680526687929 ) ) ;
#1894 = DIRECTION ( 'NONE',  ( 0.000000000000000000, 1.000000000000000000, 0.000000000000000000 ) ) ;
#1895 = CARTESIAN_POINT ( 'NONE',  ( -31.11193304909772550, -36.00000000000000000, -316.5622982889425430 ) ) ;
#1896 = ORIENTED_EDGE ( 'NONE', *, *, #579, .F. ) ;
#1897 = ORIENTED_EDGE ( 'NONE', *, *, #1162, .F. ) ;
#1898 = CARTESIAN_POINT ( 'NONE',  ( 46.19397662556434625, -36.00000000000000000, -253.6158283817455583 ) ) ;
#1899 = EDGE_CURVE ( 'NONE', #1030, #82, #984, .T. ) ;
#1900 = ORIENTED_EDGE ( 'NONE', *, *, #548, .T. ) ;
#1901 = ORIENTED_EDGE ( 'NONE', *, *, #2370, .F. ) ;
#1902 = DIRECTION ( 'NONE',  ( 0.000000000000000000, -1.000000000000000000, 0.000000000000000000 ) ) ;
#1903 = DIRECTION ( 'NONE',  ( 0.000000000000000000, -1.000000000000000000, 0.000000000000000000 ) ) ;
#1904 = ADVANCED_FACE ( 'NONE', ( #713 ), #5, .F. ) ;
#1905 = VERTEX_POINT ( 'NONE', #2638 ) ;
#1906 = DIRECTION ( 'NONE',  ( 0.000000000000000000, 1.000000000000000000, 0.000000000000000000 ) ) ;
#1907 = CARTESIAN_POINT ( 'NONE',  ( 30.00000000000000000, -15.99999999999999645, -206.0000000000000284 ) ) ;
#1908 = EDGE_CURVE ( 'NONE', #1698, #351, #211, .T. ) ;
#1909 = ORIENTED_EDGE ( 'NONE', *, *, #1737, .T. ) ;
#1910 = CIRCLE ( 'NONE', #1065, 2.750000000000002665 ) ;
#1911 = VERTEX_POINT ( 'NONE', #874 ) ;
#1912 = AXIS2_PLACEMENT_3D ( 'NONE', #2614, #256, #1754 ) ;
#1913 = LINE ( 'NONE', #651, #1875 ) ;
#1914 = CARTESIAN_POINT ( 'NONE',  ( 54.92397570258090411, -36.00000000000000000, -280.9250580329031663 ) ) ;
#1915 = AXIS2_PLACEMENT_3D ( 'NONE', #1298, #473, #1974 ) ;
#1916 = VERTEX_POINT ( 'NONE', #1063 ) ;
#1917 = CIRCLE ( 'NONE', #1213, 2.750000000000030198 ) ;
#1918 = PLANE ( 'NONE',  #1780 ) ;
#1919 = AXIS2_PLACEMENT_3D ( 'NONE', #1137, #1551, #424 ) ;
#1920 = ORIENTED_EDGE ( 'NONE', *, *, #2478, .F. ) ;
#1921 = DIRECTION ( 'NONE',  ( -0.000000000000000000, -1.000000000000000000, -0.000000000000000000 ) ) ;
#1922 = AXIS2_PLACEMENT_3D ( 'NONE', #702, #2546, #2562 ) ;
#1923 = DIRECTION ( 'NONE',  ( 0.000000000000000000, 0.000000000000000000, -1.000000000000000000 ) ) ;
#1924 = CARTESIAN_POINT ( 'NONE',  ( 0.000000000000000000, -36.00000000000000000, -283.0000000000000568 ) ) ;
#1925 = VECTOR ( 'NONE', #686, 1000.000000000000000 ) ;
#1926 = ORIENTED_EDGE ( 'NONE', *, *, #1183, .F. ) ;
#1927 = EDGE_CURVE ( 'NONE', #764, #2564, #100, .T. ) ;
#1928 = EDGE_LOOP ( 'NONE', ( #2696, #52, #2587, #1753 ) ) ;
#1929 = CARTESIAN_POINT ( 'NONE',  ( -32.00000000000000000, -36.00000000000000000, 40.00000000000000000 ) ) ;
#1930 = DIRECTION ( 'NONE',  ( 0.000000000000000000, 0.000000000000000000, 1.000000000000000000 ) ) ;
#1931 = EDGE_LOOP ( 'NONE', ( #885, #2548, #1650, #1248 ) ) ;
#1932 = DIRECTION ( 'NONE',  ( -0.000000000000000000, -1.000000000000000000, -0.000000000000000000 ) ) ;
#1933 = CARTESIAN_POINT ( 'NONE',  ( 0.000000000000000000, -36.00000000000000000, -205.0000000000000284 ) ) ;
#1934 = ORIENTED_EDGE ( 'NONE', *, *, #2085, .F. ) ;
#1935 = DIRECTION ( 'NONE',  ( -0.000000000000000000, -1.000000000000000000, -0.000000000000000000 ) ) ;
#1936 = FACE_BOUND ( 'NONE', #582, .T. ) ;
#1937 = EDGE_CURVE ( 'NONE', #82, #1030, #367, .T. ) ;
#1938 = VERTEX_POINT ( 'NONE', #924 ) ;
#1939 = EDGE_CURVE ( 'NONE', #1293, #1884, #2575, .T. ) ;
#1940 = ORIENTED_EDGE ( 'NONE', *, *, #326, .F. ) ;
#1941 = ORIENTED_EDGE ( 'NONE', *, *, #217, .F. ) ;
#1942 = FACE_OUTER_BOUND ( 'NONE', #1928, .T. ) ;
#1943 = DIRECTION ( 'NONE',  ( 0.000000000000000000, 0.000000000000000000, 1.000000000000000000 ) ) ;
#1944 = ORIENTED_EDGE ( 'NONE', *, *, #137, .F. ) ;
#1945 = DIRECTION ( 'NONE',  ( 0.000000000000000000, 1.000000000000000000, 0.000000000000000000 ) ) ;
#1946 = PLANE ( 'NONE',  #2112 ) ;
#1947 = FACE_BOUND ( 'NONE', #1467, .T. ) ;
#1948 = ORIENTED_EDGE ( 'NONE', *, *, #2348, .T. ) ;
#1949 = CC_DESIGN_PERSON_AND_ORGANIZATION_ASSIGNMENT ( #586, #1231, ( #554 ) ) ;
#1950 = ORIENTED_EDGE ( 'NONE', *, *, #1194, .F. ) ;
#1951 = EDGE_CURVE ( 'NONE', #1428, #1563, #1913, .T. ) ;
#1952 = VECTOR ( 'NONE', #1340, 1000.000000000000000 ) ;
#1953 = AXIS2_PLACEMENT_3D ( 'NONE', #1574, #737, #2212 ) ;
#1954 = ORIENTED_EDGE ( 'NONE', *, *, #1865, .F. ) ;
#1955 = EDGE_CURVE ( 'NONE', #2403, #2486, #2143, .T. ) ;
#1956 = AXIS2_PLACEMENT_3D ( 'NONE', #1585, #1846, #747 ) ;
#1957 = APPROVAL_STATUS ( 'not_yet_approved' ) ;
#1958 = CARTESIAN_POINT ( 'NONE',  ( 29.56414504036117563, -36.00000000000000000, -9.495869835682874793 ) ) ;
#1959 = VECTOR ( 'NONE', #2470, 1000.000000000000000 ) ;
#1960 = CYLINDRICAL_SURFACE ( 'NONE', #266, 2.749999999999999112 ) ;
#1961 = ORIENTED_EDGE ( 'NONE', *, *, #1908, .T. ) ;
#1962 = DIRECTION ( 'NONE',  ( 0.000000000000000000, 0.000000000000000000, 1.000000000000000000 ) ) ;
#1963 = FACE_BOUND ( 'NONE', #2023, .T. ) ;
#1964 = DIRECTION ( 'NONE',  ( 0.000000000000000000, 0.000000000000000000, -1.000000000000000000 ) ) ;
#1965 = VECTOR ( 'NONE', #75, 1000.000000000000114 ) ;
#1966 = ORIENTED_EDGE ( 'NONE', *, *, #1803, .F. ) ;
#1967 = CIRCLE ( 'NONE', #769, 2.749999999999999112 ) ;
#1968 = CIRCLE ( 'NONE', #773, 2.749999999999974687 ) ;
#1969 = ORIENTED_EDGE ( 'NONE', *, *, #1583, .T. ) ;
#1970 = AXIS2_PLACEMENT_3D ( 'NONE', #2377, #2206, #467 ) ;
#1971 = EDGE_CURVE ( 'NONE', #425, #2518, #1788, .T. ) ;
#1972 = DIRECTION ( 'NONE',  ( 0.000000000000000000, 1.000000000000000000, 0.000000000000000000 ) ) ;
#1973 = ADVANCED_FACE ( 'NONE', ( #1772 ), #2196, .F. ) ;
#1974 = DIRECTION ( 'NONE',  ( 0.000000000000000000, 0.000000000000000000, 1.000000000000000000 ) ) ;
#1975 = ORIENTED_EDGE ( 'NONE', *, *, #1709, .F. ) ;
#1976 = CARTESIAN_POINT ( 'NONE',  ( 46.19397662556433914, -36.00000000000000000, -289.1341716182545269 ) ) ;
#1977 = DIRECTION ( 'NONE',  ( -0.9238795325112870716, 0.000000000000000000, 0.3826834323650891712 ) ) ;
#1978 = CARTESIAN_POINT ( 'NONE',  ( -10.92505803290318056, -46.00000000000000000, -324.9239757025808899 ) ) ;
#1979 = ORIENTED_EDGE ( 'NONE', *, *, #661, .F. ) ;
#1980 = CARTESIAN_POINT ( 'NONE',  ( 22.00000000000000000, -31.00000000000000000, -35.59768778401239331 ) ) ;
#1981 = ORIENTED_EDGE ( 'NONE', *, *, #2227, .T. ) ;
#1982 = FACE_OUTER_BOUND ( 'NONE', #1484, .T. ) ;
#1983 = EDGE_CURVE ( 'NONE', #273, #605, #408, .T. ) ;
#1984 = LINE ( 'NONE', #2255, #1965 ) ;
#1985 = DIRECTION ( 'NONE',  ( 0.000000000000000000, 0.000000000000000000, -1.000000000000000000 ) ) ;
#1986 = CARTESIAN_POINT ( 'NONE',  ( -46.56229828894253586, -36.00000000000000000, -301.1119330490977291 ) ) ;
#1987 = ORIENTED_EDGE ( 'NONE', *, *, #2285, .F. ) ;
#1988 = ADVANCED_FACE ( 'NONE', ( #22 ), #1344, .F. ) ;
#1989 = DIRECTION ( 'NONE',  ( -0.9238795325112870716, 0.000000000000000000, -0.3826834323650892822 ) ) ;
#1990 = DIRECTION ( 'NONE',  ( 0.000000000000000000, 0.000000000000000000, -1.000000000000000000 ) ) ;
#1991 = LINE ( 'NONE', #517, #305 ) ;
#1992 = ORIENTED_EDGE ( 'NONE', *, *, #1020, .F. ) ;
#1993 = EDGE_CURVE ( 'NONE', #2162, #85, #323, .T. ) ;
#1994 = CARTESIAN_POINT ( 'NONE',  ( -19.13417161825447721, -46.00000000000000000, -226.5560233744356822 ) ) ;
#1995 = VERTEX_POINT ( 'NONE', #2433 ) ;
#1996 = LINE ( 'NONE', #2437, #899 ) ;
#1997 = DIRECTION ( 'NONE',  ( 0.000000000000000000, 0.000000000000000000, -1.000000000000000000 ) ) ;
#1998 = CARTESIAN_POINT ( 'NONE',  ( 29.56414504036117918, -46.00000000000000000, 9.495869835682864135 ) ) ;
#1999 = AXIS2_PLACEMENT_3D ( 'NONE', #2702, #387, #1449 ) ;
#2000 = CARTESIAN_POINT ( 'NONE',  ( 46.19397662556434625, -36.00000000000000000, -250.8658283817455299 ) ) ;
#2001 = ORIENTED_EDGE ( 'NONE', *, *, #2572, .F. ) ;
#2002 = VECTOR ( 'NONE', #1740, 1000.000000000000000 ) ;
#2003 = DIRECTION ( 'NONE',  ( -0.000000000000000000, -1.000000000000000000, -0.000000000000000000 ) ) ;
#2004 = DIRECTION ( 'NONE',  ( 0.000000000000000000, 0.000000000000000000, 1.000000000000000000 ) ) ;
#2005 = VECTOR ( 'NONE', #15, 999.9999999999998863 ) ;
#2006 = EDGE_CURVE ( 'NONE', #620, #28, #519, .T. ) ;
#2007 = EDGE_LOOP ( 'NONE', ( #474, #1848, #696, #194 ) ) ;
#2008 = CIRCLE ( 'NONE', #53, 2.750000000000030198 ) ;
#2009 = CARTESIAN_POINT ( 'NONE',  ( -22.00000000000000000, -36.00000000000000000, -206.0000000000000284 ) ) ;
#2010 = VERTEX_POINT ( 'NONE', #2349 ) ;
#2011 = VECTOR ( 'NONE', #84, 1000.000000000000000 ) ;
#2012 = CARTESIAN_POINT ( 'NONE',  ( -22.00000000000000000, -31.00000000000000000, -35.59768778401239331 ) ) ;
#2013 = AXIS2_PLACEMENT_3D ( 'NONE', #2246, #1338, #2617 ) ;
#2014 = CARTESIAN_POINT ( 'NONE',  ( 54.92397570258090411, -36.00000000000000000, -280.9250580329031663 ) ) ;
#2015 = LINE ( 'NONE', #343, #857 ) ;
#2016 = VERTEX_POINT ( 'NONE', #1994 ) ;
#2017 = CC_DESIGN_APPROVAL ( #1636, ( #414 ) ) ;
#2018 = DIRECTION ( 'NONE',  ( -0.000000000000000000, -1.000000000000000000, -0.000000000000000000 ) ) ;
#2019 = ORIENTED_EDGE ( 'NONE', *, *, #746, .F. ) ;
#2020 = DIRECTION ( 'NONE',  ( 0.000000000000000000, 1.000000000000000000, 0.000000000000000000 ) ) ;
#2021 = LINE ( 'NONE', #277, #1249 ) ;
#2022 = VERTEX_POINT ( 'NONE', #437 ) ;
#2023 = EDGE_LOOP ( 'NONE', ( #93, #126 ) ) ;
#2024 = EDGE_CURVE ( 'NONE', #2198, #2284, #904, .T. ) ;
#2025 = LINE ( 'NONE', #2052, #2195 ) ;
#2026 = ORIENTED_EDGE ( 'NONE', *, *, #1493, .T. ) ;
#2027 = EDGE_CURVE ( 'NONE', #33, #1107, #9, .T. ) ;
#2028 = DIRECTION ( 'NONE',  ( -1.000000000000000000, 0.000000000000000000, 0.000000000000000000 ) ) ;
#2029 = PLANE ( 'NONE',  #1261 ) ;
#2030 = ORIENTED_EDGE ( 'NONE', *, *, #718, .T. ) ;
#2031 = DIRECTION ( 'NONE',  ( -0.000000000000000000, -1.000000000000000000, -0.000000000000000000 ) ) ;
#2032 = DIRECTION ( 'NONE',  ( 0.1705414337057505614, 0.000000000000000000, -0.9853505058554478113 ) ) ;
#2033 = CARTESIAN_POINT ( 'NONE',  ( 1.347111479062088799E-15, -46.00000000000000000, -74.00000000000001421 ) ) ;
#2034 = ORIENTED_EDGE ( 'NONE', *, *, #2290, .F. ) ;
#2035 = ORIENTED_EDGE ( 'NONE', *, *, #2096, .F. ) ;
#2036 = CARTESIAN_POINT ( 'NONE',  ( 19.13417161825449497, -46.00000000000000000, -316.1939766255643463 ) ) ;
#2037 = DIRECTION ( 'NONE',  ( 0.9238795325112870716, 0.000000000000000000, 0.3826834323650892822 ) ) ;
#2038 = ORIENTED_EDGE ( 'NONE', *, *, #2440, .T. ) ;
#2039 = FACE_OUTER_BOUND ( 'NONE', #2253, .T. ) ;
#2040 = ORIENTED_EDGE ( 'NONE', *, *, #388, .T. ) ;
#2041 = CARTESIAN_POINT ( 'NONE',  ( -12.24586983568287124, -46.00000000000000000, -29.56414504036117563 ) ) ;
#2042 = CARTESIAN_POINT ( 'NONE',  ( 44.00000000000000000, -46.00000000000000000, 0.000000000000000000 ) ) ;
#2043 = ORIENTED_EDGE ( 'NONE', *, *, #2298, .T. ) ;
#2044 = ADVANCED_FACE ( 'NONE', ( #2338 ), #1236, .F. ) ;
#2045 = PLANE ( 'NONE',  #1258 ) ;
#2046 = AXIS2_PLACEMENT_3D ( 'NONE', #81, #1368, #95 ) ;
#2047 = APPROVAL_STATUS ( 'not_yet_approved' ) ;
#2048 = LINE ( 'NONE', #783, #578 ) ;
#2049 = ORIENTED_EDGE ( 'NONE', *, *, #2386, .F. ) ;
#2050 = ORIENTED_EDGE ( 'NONE', *, *, #2725, .F. ) ;
#2051 = CARTESIAN_POINT ( 'NONE',  ( 19.13417161825449497, -36.00000000000000000, -318.9439766255643463 ) ) ;
#2052 = CARTESIAN_POINT ( 'NONE',  ( 0.000000000000000000, -38.19999999999999574, 25.15000000000000213 ) ) ;
#2053 = AXIS2_PLACEMENT_3D ( 'NONE', #2242, #2449, #1597 ) ;
#2054 = ORIENTED_EDGE ( 'NONE', *, *, #2303, .T. ) ;
#2055 = AXIS2_PLACEMENT_3D ( 'NONE', #568, #781, #1589 ) ;
#2056 = VECTOR ( 'NONE', #2404, 1000.000000000000000 ) ;
#2057 = ORIENTED_EDGE ( 'NONE', *, *, #2695, .T. ) ;
#2058 = DIRECTION ( 'NONE',  ( 0.000000000000000000, 0.000000000000000000, 1.000000000000000000 ) ) ;
#2059 = VECTOR ( 'NONE', #1708, 1000.000000000000000 ) ;
#2060 = DIRECTION ( 'NONE',  ( 1.000000000000000000, 0.000000000000000000, 0.000000000000000000 ) ) ;
#2061 = EDGE_CURVE ( 'NONE', #1109, #1066, #145, .T. ) ;
#2062 = VERTEX_POINT ( 'NONE', #2261 ) ;
#2063 = CIRCLE ( 'NONE', #2161, 2.749999999999999112 ) ;
#2064 = CARTESIAN_POINT ( 'NONE',  ( -46.19397662556433914, -36.00000000000000000, -289.1341716182545269 ) ) ;
#2065 = APPROVAL_PERSON_ORGANIZATION ( #782, #1262, #2484 ) ;
#2066 = APPROVAL_STATUS ( 'not_yet_approved' ) ;
#2067 = DIRECTION ( 'NONE',  ( 0.000000000000000000, 1.000000000000000000, 0.000000000000000000 ) ) ;
#2068 = DIRECTION ( 'NONE',  ( 0.000000000000000000, 1.000000000000000000, 0.000000000000000000 ) ) ;
#2069 = EDGE_CURVE ( 'NONE', #616, #914, #814, .T. ) ;
#2070 = ORIENTED_EDGE ( 'NONE', *, *, #1446, .T. ) ;
#2071 = ORIENTED_EDGE ( 'NONE', *, *, #326, .T. ) ;
#2072 = LINE ( 'NONE', #787, #2588 ) ;
#2073 = DIRECTION ( 'NONE',  ( 0.000000000000000000, 0.000000000000000000, 1.000000000000000000 ) ) ;
#2074 = CARTESIAN_POINT ( 'NONE',  ( -19.13417161825448787, -36.00000000000000000, -318.9439766255643463 ) ) ;
#2075 = CARTESIAN_POINT ( 'NONE',  ( 30.00000000000000000, -36.00000000000000000, -206.0000000000000284 ) ) ;
#2076 = ORIENTED_EDGE ( 'NONE', *, *, #1038, .F. ) ;
#2077 = CARTESIAN_POINT ( 'NONE',  ( 1.347111479062087024E-15, -46.00000000000000000, -129.0000000000000000 ) ) ;
#2078 = EDGE_CURVE ( 'NONE', #1502, #914, #2025, .T. ) ;
#2079 = CARTESIAN_POINT ( 'NONE',  ( -30.00000000000000000, -31.00000000000000000, -59.09991680526687929 ) ) ;
#2080 = DIRECTION ( 'NONE',  ( -1.000000000000000000, -0.000000000000000000, -0.000000000000000000 ) ) ;
#2081 = EDGE_CURVE ( 'NONE', #85, #2162, #370, .T. ) ;
#2082 = ORIENTED_EDGE ( 'NONE', *, *, #682, .F. ) ;
#2083 = LINE ( 'NONE', #2519, #451 ) ;
#2084 = CARTESIAN_POINT ( 'NONE',  ( 0.000000000000000000, -36.00000000000000000, -270.0000000000000000 ) ) ;
#2085 = EDGE_CURVE ( 'NONE', #2645, #1563, #2446, .T. ) ;
#2086 = ORIENTED_EDGE ( 'NONE', *, *, #1789, .F. ) ;
#2087 = DIRECTION ( 'NONE',  ( 0.000000000000000000, 0.000000000000000000, 1.000000000000000000 ) ) ;
#2088 = DIRECTION ( 'NONE',  ( -0.000000000000000000, -1.000000000000000000, -0.000000000000000000 ) ) ;
#2089 = DIRECTION ( 'NONE',  ( 0.3826834323650891712, -0.000000000000000000, 0.9238795325112870716 ) ) ;
#2090 = CARTESIAN_POINT ( 'NONE',  ( 0.000000000000000000, -36.00000000000000000, -85.00000000000000000 ) ) ;
#2091 = CLOSED_SHELL ( 'NONE', ( #406, #1532, #1973, #663, #886, #1383, #953, #2402, #1888, #1331, #564, #2044, #2637, #2186, #1329, #1703, #692, #2100, #1604, #870, #710, #2167, #2392, #2423, #132, #1087, #1125, #294, #1856, #1588, #1618, #1398, #1434, #2155, #428, #1552, #2351, #1215, #576, #2379, #459, #1296, #618, #400, #2455, #284, #1885, #2148, #2651, #1642, #2118, #1869, #512, #1378, #1511, #1303, #2528, #1155, #337, #1628, #818, #627, #919, #70, #101, #1247, #251, #1001, #1988, #2739, #1722, #1363, #604, #1904, #508, #831, #340, #2408, #1682 ) ) ;
#2092 = ORIENTED_EDGE ( 'NONE', *, *, #156, .T. ) ;
#2093 = LINE ( 'NONE', #2292, #1471 ) ;
#2094 = VECTOR ( 'NONE', #1549, 1000.000000000000000 ) ;
#2095 = CARTESIAN_POINT ( 'NONE',  ( -12.24586983568287124, -36.00000000000000000, -32.31414504036117563 ) ) ;
#2096 = EDGE_CURVE ( 'NONE', #2747, #2183, #1401, .T. ) ;
#2097 = AXIS2_PLACEMENT_3D ( 'NONE', #216, #1715, #398 ) ;
#2098 = EDGE_LOOP ( 'NONE', ( #7, #799, #608, #1897 ) ) ;
#2099 = VECTOR ( 'NONE', #826, 1000.000000000000114 ) ;
#2100 = ADVANCED_FACE ( 'NONE', ( #775 ), #2293, .F. ) ;
#2101 = AXIS2_PLACEMENT_3D ( 'NONE', #464, #1935, #656 ) ;
#2102 = DIRECTION ( 'NONE',  ( -0.9919979117236189525, 0.000000000000000000, 0.1262542796739151152 ) ) ;
#2103 = AXIS2_PLACEMENT_3D ( 'NONE', #2152, #917, #483 ) ;
#2104 = CARTESIAN_POINT ( 'NONE',  ( 31.11193304909772550, -46.00000000000000000, -316.5622982889425430 ) ) ;
#2105 = AXIS2_PLACEMENT_3D ( 'NONE', #1431, #409, #1011 ) ;
#2106 = DIRECTION ( 'NONE',  ( -0.000000000000000000, -1.000000000000000000, -0.000000000000000000 ) ) ;
#2107 =( NAMED_UNIT ( * ) SI_UNIT ( $, .STERADIAN. ) SOLID_ANGLE_UNIT ( ) );
#2108 = DIRECTION ( 'NONE',  ( 0.000000000000000000, 1.000000000000000000, 0.000000000000000000 ) ) ;
#2109 = VECTOR ( 'NONE', #1287, 1000.000000000000000 ) ;
#2110 = ORIENTED_EDGE ( 'NONE', *, *, #19, .F. ) ;
#2111 = DIRECTION ( 'NONE',  ( 0.000000000000000000, 1.000000000000000000, 0.000000000000000000 ) ) ;
#2112 = AXIS2_PLACEMENT_3D ( 'NONE', #911, #31, #260 ) ;
#2113 = CARTESIAN_POINT ( 'NONE',  ( -12.24586983568286414, -36.00000000000000000, 26.81414504036117563 ) ) ;
#2114 = LOCAL_TIME ( 11, 8, 5.000000000000000000, #1322 ) ;
#2115 = EDGE_LOOP ( 'NONE', ( #1498, #1045 ) ) ;
#2116 = EDGE_CURVE ( 'NONE', #351, #964, #858, .T. ) ;
#2117 = ORIENTED_EDGE ( 'NONE', *, *, #2603, .T. ) ;
#2118 = ADVANCED_FACE ( 'NONE', ( #113 ), #1844, .F. ) ;
#2119 = CARTESIAN_POINT ( 'NONE',  ( -22.00000000000000000, -31.00000000000000000, -59.09991680526687929 ) ) ;
#2120 = CARTESIAN_POINT ( 'NONE',  ( 30.00000000000000000, -31.00000000000000000, -35.59768778401239331 ) ) ;
#2121 = ORIENTED_EDGE ( 'NONE', *, *, #2081, .T. ) ;
#2122 = CYLINDRICAL_SURFACE ( 'NONE', #314, 2.750000000000002665 ) ;
#2123 = EDGE_CURVE ( 'NONE', #2428, #1824, #2636, .T. ) ;
#2124 = LINE ( 'NONE', #1028, #673 ) ;
#2125 = ORIENTED_EDGE ( 'NONE', *, *, #1129, .F. ) ;
#2126 = DIRECTION ( 'NONE',  ( 0.000000000000000000, 0.000000000000000000, 1.000000000000000000 ) ) ;
#2127 = CARTESIAN_POINT ( 'NONE',  ( 22.00000000000000000, -26.00000000000000000, -61.09991680526687929 ) ) ;
#2128 = CARTESIAN_POINT ( 'NONE',  ( 1.592040838891559095E-15, -36.00000000000000000, -257.0000000000000000 ) ) ;
#2129 = ORIENTED_EDGE ( 'NONE', *, *, #1673, .T. ) ;
#2130 = DIRECTION ( 'NONE',  ( 0.000000000000000000, 0.000000000000000000, -1.000000000000000000 ) ) ;
#2131 = EDGE_LOOP ( 'NONE', ( #990, #577, #1475, #559 ) ) ;
#2132 = EDGE_LOOP ( 'NONE', ( #974, #1119, #107, #1611 ) ) ;
#2133 = CARTESIAN_POINT ( 'NONE',  ( -30.00000000000000000, -46.00000000000000000, -110.0000000000000000 ) ) ;
#2134 = FACE_OUTER_BOUND ( 'NONE', #1101, .T. ) ;
#2135 = EDGE_CURVE ( 'NONE', #8, #1995, #1221, .T. ) ;
#2136 = ORIENTED_EDGE ( 'NONE', *, *, #1242, .T. ) ;
#2137 = CARTESIAN_POINT ( 'NONE',  ( -29.56414504036117918, -36.00000000000000000, 9.495869835682871241 ) ) ;
#2138 = CYLINDRICAL_SURFACE ( 'NONE', #906, 2.749999999999999112 ) ;
#2139 = DIRECTION ( 'NONE',  ( -0.000000000000000000, -1.000000000000000000, -0.000000000000000000 ) ) ;
#2140 = ORIENTED_EDGE ( 'NONE', *, *, #1359, .F. ) ;
#2141 = ORIENTED_EDGE ( 'NONE', *, *, #1814, .T. ) ;
#2142 = AXIS2_PLACEMENT_3D ( 'NONE', #1257, #615, #835 ) ;
#2143 = LINE ( 'NONE', #1149, #2239 ) ;
#2144 = DIRECTION ( 'NONE',  ( 0.000000000000000000, 1.000000000000000000, 0.000000000000000000 ) ) ;
#2145 = AXIS2_PLACEMENT_3D ( 'NONE', #981, #128, #565 ) ;
#2146 = ORIENTED_EDGE ( 'NONE', *, *, #1789, .T. ) ;
#2147 = CIRCLE ( 'NONE', #938, 2.750000000000002665 ) ;
#2148 = ADVANCED_FACE ( 'NONE', ( #2679 ), #744, .F. ) ;
#2149 = DATE_AND_TIME ( #2328, #192 ) ;
#2150 = DIRECTION ( 'NONE',  ( -1.000000000000000000, -0.000000000000000000, -0.000000000000000000 ) ) ;
#2151 = AXIS2_PLACEMENT_3D ( 'NONE', #1251, #610, #1455 ) ;
#2152 = CARTESIAN_POINT ( 'NONE',  ( 29.56414504036117563, -36.00000000000000000, -12.24586983568287302 ) ) ;
#2153 = ORIENTED_EDGE ( 'NONE', *, *, #2311, .F. ) ;
#2154 = CYLINDRICAL_SURFACE ( 'NONE', #2101, 13.00000000000001066 ) ;
#2155 = ADVANCED_FACE ( 'NONE', ( #551 ), #1594, .F. ) ;
#2156 = AXIS2_PLACEMENT_3D ( 'NONE', #324, #1608, #532 ) ;
#2157 = DIRECTION ( 'NONE',  ( -0.000000000000000000, -1.000000000000000000, -0.000000000000000000 ) ) ;
#2158 = DIRECTION ( 'NONE',  ( 0.7071067811865470176, 0.000000000000000000, -0.7071067811865480168 ) ) ;
#2159 = AXIS2_PLACEMENT_3D ( 'NONE', #94, #1174, #2415 ) ;
#2160 = ORIENTED_EDGE ( 'NONE', *, *, #465, .T. ) ;
#2161 = AXIS2_PLACEMENT_3D ( 'NONE', #2731, #823, #808 ) ;
#2162 = VERTEX_POINT ( 'NONE', #125 ) ;
#2163 = LINE ( 'NONE', #245, #1555 ) ;
#2164 = ORIENTED_EDGE ( 'NONE', *, *, #524, .T. ) ;
#2165 = PERSON_AND_ORGANIZATION ( #1508, #239 ) ;
#2166 = DIRECTION ( 'NONE',  ( -0.000000000000000000, -1.000000000000000000, -0.000000000000000000 ) ) ;
#2167 = ADVANCED_FACE ( 'NONE', ( #1626 ), #349, .F. ) ;
#2168 = CYLINDRICAL_SURFACE ( 'NONE', #810, 2.749999999999999112 ) ;
#2169 = VERTEX_POINT ( 'NONE', #1640 ) ;
#2170 = CARTESIAN_POINT ( 'NONE',  ( 19.13417161825450208, -46.00000000000000000, -223.8060233744356822 ) ) ;
#2171 = DIRECTION ( 'NONE',  ( 0.000000000000000000, 1.000000000000000000, 0.000000000000000000 ) ) ;
#2172 = EDGE_CURVE ( 'NONE', #549, #2256, #574, .T. ) ;
#2173 = ORIENTED_EDGE ( 'NONE', *, *, #2607, .F. ) ;
#2174 = EDGE_CURVE ( 'NONE', #1433, #2360, #1855, .T. ) ;
#2175 = VERTEX_POINT ( 'NONE', #1301 ) ;
#2176 = EDGE_LOOP ( 'NONE', ( #2248, #840, #1417, #1461 ) ) ;
#2177 = CARTESIAN_POINT ( 'NONE',  ( -46.56229828894253586, -36.00000000000000000, -301.1119330490977291 ) ) ;
#2178 = DIRECTION ( 'NONE',  ( 0.000000000000000000, 1.000000000000000000, 0.000000000000000000 ) ) ;
#2179 = ORIENTED_EDGE ( 'NONE', *, *, #200, .F. ) ;
#2180 = CARTESIAN_POINT ( 'NONE',  ( 30.00000000000000000, -31.00000000000000000, -59.09991680526687929 ) ) ;
#2181 = DIRECTION ( 'NONE',  ( 0.000000000000000000, 0.000000000000000000, 1.000000000000000000 ) ) ;
#2182 = CARTESIAN_POINT ( 'NONE',  ( -48.00000000000000000, -36.00000000000000000, -214.0000000000000284 ) ) ;
#2183 = VERTEX_POINT ( 'NONE', #1246 ) ;
#2184 = EDGE_CURVE ( 'NONE', #755, #649, #2326, .T. ) ;
#2185 = VERTEX_POINT ( 'NONE', #2113 ) ;
#2186 = ADVANCED_FACE ( 'NONE', ( #2758 ), #2558, .F. ) ;
#2187 = CIRCLE ( 'NONE', #1385, 10.99999999999999645 ) ;
#2188 = DIRECTION ( 'NONE',  ( 0.000000000000000000, 1.000000000000000000, 0.000000000000000000 ) ) ;
#2189 = CARTESIAN_POINT ( 'NONE',  ( 22.00000000000000000, -31.00000000000000000, -35.59768778401239331 ) ) ;
#2190 = VERTEX_POINT ( 'NONE', #1679 ) ;
#2191 = CARTESIAN_POINT ( 'NONE',  ( 22.00000000000000000, -15.99999999999999645, -206.0000000000000284 ) ) ;
#2192 = FACE_BOUND ( 'NONE', #2331, .T. ) ;
#2193 = CARTESIAN_POINT ( 'NONE',  ( 29.56414504036117918, -46.00000000000000000, 14.99586983568286946 ) ) ;
#2194 = ORIENTED_EDGE ( 'NONE', *, *, #378, .T. ) ;
#2195 = VECTOR ( 'NONE', #1384, 1000.000000000000000 ) ;
#2196 = CYLINDRICAL_SURFACE ( 'NONE', #2594, 11.00000000000001066 ) ;
#2197 = AXIS2_PLACEMENT_3D ( 'NONE', #2299, #1662, #2741 ) ;
#2198 = VERTEX_POINT ( 'NONE', #1033 ) ;
#2199 = EDGE_CURVE ( 'NONE', #2691, #2010, #1170, .T. ) ;
#2200 = EDGE_CURVE ( 'NONE', #2162, #2373, #209, .T. ) ;
#2201 = DIRECTION ( 'NONE',  ( 0.000000000000000000, 0.000000000000000000, -1.000000000000000000 ) ) ;
#2202 = CARTESIAN_POINT ( 'NONE',  ( 0.000000000000000000, -36.00000000000000000, -85.00000000000000000 ) ) ;
#2203 = DIRECTION ( 'NONE',  ( 0.000000000000000000, 1.000000000000000000, 0.000000000000000000 ) ) ;
#2204 = EDGE_LOOP ( 'NONE', ( #2219, #2447, #493, #278 ) ) ;
#2205 = DIRECTION ( 'NONE',  ( 0.000000000000000000, 0.000000000000000000, -1.000000000000000000 ) ) ;
#2206 = DIRECTION ( 'NONE',  ( -0.000000000000000000, -1.000000000000000000, -0.000000000000000000 ) ) ;
#2207 = CARTESIAN_POINT ( 'NONE',  ( 12.24586983568287479, -36.00000000000000000, -29.56414504036117563 ) ) ;
#2208 = VERTEX_POINT ( 'NONE', #2095 ) ;
#2209 = DIRECTION ( 'NONE',  ( 0.000000000000000000, 1.000000000000000000, 0.000000000000000000 ) ) ;
#2210 = ORIENTED_EDGE ( 'NONE', *, *, #2096, .T. ) ;
#2211 = CARTESIAN_POINT ( 'NONE',  ( 10.92505803290318589, -36.00000000000000000, -324.9239757025808899 ) ) ;
#2212 = DIRECTION ( 'NONE',  ( 0.000000000000000000, 0.000000000000000000, 1.000000000000000000 ) ) ;
#2213 = DIRECTION ( 'NONE',  ( 0.3826834323650898373, 0.000000000000000000, 0.9238795325112867385 ) ) ;
#2214 = EDGE_LOOP ( 'NONE', ( #470, #2249 ) ) ;
#2215 = CARTESIAN_POINT ( 'NONE',  ( -12.24586983568287124, -36.00000000000000000, -32.31414504036117563 ) ) ;
#2216 = DIRECTION ( 'NONE',  ( -0.000000000000000000, -1.000000000000000000, -0.000000000000000000 ) ) ;
#2217 = DIRECTION ( 'NONE',  ( 0.000000000000000000, 0.000000000000000000, 1.000000000000000000 ) ) ;
#2218 = EDGE_CURVE ( 'NONE', #336, #1428, #1490, .T. ) ;
#2219 = ORIENTED_EDGE ( 'NONE', *, *, #2386, .T. ) ;
#2220 = DIRECTION ( 'NONE',  ( 0.000000000000000000, 1.000000000000000000, 0.000000000000000000 ) ) ;
#2221 = EDGE_LOOP ( 'NONE', ( #1802, #828 ) ) ;
#2222 = DIRECTION ( 'NONE',  ( 1.000000000000000000, 0.000000000000000000, -0.000000000000000000 ) ) ;
#2223 = LINE ( 'NONE', #146, #1341 ) ;
#2224 = CARTESIAN_POINT ( 'NONE',  ( 12.24586983568288012, -46.00000000000000000, 32.31414504036117563 ) ) ;
#2225 = ORIENTED_EDGE ( 'NONE', *, *, #320, .F. ) ;
#2226 = DIRECTION ( 'NONE',  ( 0.000000000000000000, 0.000000000000000000, -1.000000000000000000 ) ) ;
#2227 = EDGE_CURVE ( 'NONE', #2705, #1638, #2346, .T. ) ;
#2228 = ORIENTED_EDGE ( 'NONE', *, *, #966, .T. ) ;
#2229 = AXIS2_PLACEMENT_3D ( 'NONE', #2036, #1639, #573 ) ;
#2230 = CARTESIAN_POINT ( 'NONE',  ( 0.000000000000000000, -46.00000000000000000, -270.0000000000000000 ) ) ;
#2231 = CARTESIAN_POINT ( 'NONE',  ( 48.00000000000000000, -36.00000000000000000, -214.0000000000000284 ) ) ;
#2232 = DIRECTION ( 'NONE',  ( -0.000000000000000000, -1.000000000000000000, -0.000000000000000000 ) ) ;
#2233 = VECTOR ( 'NONE', #1613, 1000.000000000000114 ) ;
#2234 = ORIENTED_EDGE ( 'NONE', *, *, #2653, .F. ) ;
#2235 = EDGE_CURVE ( 'NONE', #863, #620, #1274, .T. ) ;
#2236 = VECTOR ( 'NONE', #2031, 1000.000000000000000 ) ;
#2237 = DIRECTION ( 'NONE',  ( -0.000000000000000000, -1.000000000000000000, -0.000000000000000000 ) ) ;
#2238 = ORIENTED_EDGE ( 'NONE', *, *, #374, .T. ) ;
#2239 = VECTOR ( 'NONE', #733, 1000.000000000000000 ) ;
#2240 = VECTOR ( 'NONE', #2139, 1000.000000000000000 ) ;
#2241 = AXIS2_PLACEMENT_3D ( 'NONE', #707, #1559, #1157 ) ;
#2242 = CARTESIAN_POINT ( 'NONE',  ( -12.24586983568286414, -36.00000000000000000, 29.56414504036117918 ) ) ;
#2243 = CARTESIAN_POINT ( 'NONE',  ( -22.00000000000000000, -31.00000000000000000, -59.09991680526687929 ) ) ;
#2244 = ORIENTED_EDGE ( 'NONE', *, *, #423, .T. ) ;
#2245 = CARTESIAN_POINT ( 'NONE',  ( 0.000000000000000000, -36.00000000000000000, -96.00000000000000000 ) ) ;
#2246 = CARTESIAN_POINT ( 'NONE',  ( 29.56414504036117918, -36.00000000000000000, 12.24586983568286591 ) ) ;
#2247 = DIRECTION ( 'NONE',  ( 0.000000000000000000, 0.000000000000000000, 1.000000000000000000 ) ) ;
#2248 = ORIENTED_EDGE ( 'NONE', *, *, #579, .T. ) ;
#2249 = ORIENTED_EDGE ( 'NONE', *, *, #1194, .T. ) ;
#2250 = DIRECTION ( 'NONE',  ( -0.3826834323650892822, 0.000000000000000000, 0.9238795325112870716 ) ) ;
#2251 = ORIENTED_EDGE ( 'NONE', *, *, #97, .F. ) ;
#2252 = EDGE_CURVE ( 'NONE', #1649, #645, #181, .T. ) ;
#2253 = EDGE_LOOP ( 'NONE', ( #160, #923, #745, #2383 ) ) ;
#2254 = CARTESIAN_POINT ( 'NONE',  ( -46.19397662556433914, -46.00000000000000000, -286.3841716182544701 ) ) ;
#2255 = CARTESIAN_POINT ( 'NONE',  ( -54.92397570258090411, -46.00000000000000000, -280.9250580329031663 ) ) ;
#2256 = VERTEX_POINT ( 'NONE', #1076 ) ;
#2257 = DIRECTION ( 'NONE',  ( -0.000000000000000000, -1.000000000000000000, -0.000000000000000000 ) ) ;
#2258 = CYLINDRICAL_SURFACE ( 'NONE', #127, 10.99999999999999645 ) ;
#2259 = ORIENTED_EDGE ( 'NONE', *, *, #2123, .T. ) ;
#2260 = DESIGN_CONTEXT ( 'detailed design', #2508, 'design' ) ;
#2261 = CARTESIAN_POINT ( 'NONE',  ( 46.19397662556434625, -36.00000000000000000, -248.1158283817455299 ) ) ;
#2262 = VERTEX_POINT ( 'NONE', #1453 ) ;
#2263 = EDGE_CURVE ( 'NONE', #1318, #1531, #1879, .T. ) ;
#2264 = EDGE_CURVE ( 'NONE', #2284, #999, #813, .T. ) ;
#2265 = DIRECTION ( 'NONE',  ( 0.000000000000000000, 1.000000000000000000, 0.000000000000000000 ) ) ;
#2266 = CARTESIAN_POINT ( 'NONE',  ( 0.000000000000000000, -38.19999999999999574, 0.000000000000000000 ) ) ;
#2267 = ORIENTED_EDGE ( 'NONE', *, *, #253, .F. ) ;
#2268 = DIRECTION ( 'NONE',  ( 0.2873478855663453291, 0.000000000000000000, 0.9578262852211513190 ) ) ;
#2269 = VECTOR ( 'NONE', #1159, 1000.000000000000000 ) ;
#2270 = APPLICATION_PROTOCOL_DEFINITION ( 'international standard', 'config_control_design', 1994, #843 ) ;
#2271 = FACE_OUTER_BOUND ( 'NONE', #2204, .T. ) ;
#2272 = CARTESIAN_POINT ( 'NONE',  ( 10.92505803290318589, -36.00000000000000000, -324.9239757025808899 ) ) ;
#2273 = AXIS2_PLACEMENT_3D ( 'NONE', #234, #2643, #693 ) ;
#2274 = ORIENTED_EDGE ( 'NONE', *, *, #1983, .T. ) ;
#2275 = ORIENTED_EDGE ( 'NONE', *, *, #1180, .F. ) ;
#2276 = CARTESIAN_POINT ( 'NONE',  ( 10.92505803290318589, -46.00000000000000000, -324.9239757025808899 ) ) ;
#2277 = AXIS2_PLACEMENT_3D ( 'NONE', #1986, #1764, #2615 ) ;
#2278 = VECTOR ( 'NONE', #1457, 1000.000000000000000 ) ;
#2279 = VECTOR ( 'NONE', #1794, 1000.000000000000000 ) ;
#2280 = EDGE_CURVE ( 'NONE', #336, #2645, #1883, .T. ) ;
#2281 = DIRECTION ( 'NONE',  ( -0.000000000000000000, -1.000000000000000000, -0.000000000000000000 ) ) ;
#2282 = AXIS2_PLACEMENT_3D ( 'NONE', #2084, #951, #801 ) ;
#2283 = FACE_OUTER_BOUND ( 'NONE', #851, .T. ) ;
#2284 = VERTEX_POINT ( 'NONE', #1667 ) ;
#2285 = EDGE_CURVE ( 'NONE', #1358, #549, #1505, .T. ) ;
#2286 = VECTOR ( 'NONE', #1326, 1000.000000000000000 ) ;
#2287 = CARTESIAN_POINT ( 'NONE',  ( -19.13417161825447721, -36.00000000000000000, -226.5560233744356822 ) ) ;
#2288 = APPROVAL_DATE_TIME ( #795, #1262 ) ;
#2289 = DIRECTION ( 'NONE',  ( -1.000000000000000000, -0.000000000000000000, -0.000000000000000000 ) ) ;
#2290 = EDGE_CURVE ( 'NONE', #365, #2694, #187, .T. ) ;
#2291 = ORIENTED_EDGE ( 'NONE', *, *, #678, .T. ) ;
#2292 = CARTESIAN_POINT ( 'NONE',  ( -54.92397570258090411, -36.00000000000000000, -280.9250580329031663 ) ) ;
#2293 = CYLINDRICAL_SURFACE ( 'NONE', #989, 2.749999999999999112 ) ;
#2294 = ORIENTED_EDGE ( 'NONE', *, *, #342, .F. ) ;
#2295 = CARTESIAN_POINT ( 'NONE',  ( -30.00000000000000000, -36.00000000000000000, -206.0000000000000284 ) ) ;
#2296 = CARTESIAN_POINT ( 'NONE',  ( 44.00000000000000000, -46.00000000000000000, 0.000000000000000000 ) ) ;
#2297 = DIRECTION ( 'NONE',  ( -0.1705414337057505614, 0.000000000000000000, 0.9853505058554478113 ) ) ;
#2298 = EDGE_CURVE ( 'NONE', #85, #2622, #2304, .T. ) ;
#2299 = CARTESIAN_POINT ( 'NONE',  ( 30.00000000000000000, 0.000000000000000000, 0.000000000000000000 ) ) ;
#2300 = PLANE ( 'NONE',  #803 ) ;
#2301 = EDGE_LOOP ( 'NONE', ( #873, #1987, #2234, #889 ) ) ;
#2302 = DIRECTION ( 'NONE',  ( 0.000000000000000000, 1.000000000000000000, 0.000000000000000000 ) ) ;
#2303 = EDGE_CURVE ( 'NONE', #679, #936, #1968, .T. ) ;
#2304 = LINE ( 'NONE', #1924, #1616 ) ;
#2305 = VERTEX_POINT ( 'NONE', #607 ) ;
#2306 = LINE ( 'NONE', #147, #229 ) ;
#2307 = PLANE ( 'NONE',  #395 ) ;
#2308 = LINE ( 'NONE', #794, #362 ) ;
#2309 = DATE_AND_TIME ( #1634, #2469 ) ;
#2310 = DIRECTION ( 'NONE',  ( 0.000000000000000000, 0.000000000000000000, 1.000000000000000000 ) ) ;
#2311 = EDGE_CURVE ( 'NONE', #645, #1299, #1967, .T. ) ;
#2312 = ORIENTED_EDGE ( 'NONE', *, *, #1106, .T. ) ;
#2313 = DIRECTION ( 'NONE',  ( -1.000000000000000000, 0.000000000000000000, -0.000000000000000000 ) ) ;
#2314 = CIRCLE ( 'NONE', #1111, 2.750000000000002665 ) ;
#2315 = DIRECTION ( 'NONE',  ( 0.000000000000000000, 0.000000000000000000, 1.000000000000000000 ) ) ;
#2316 = CARTESIAN_POINT ( 'NONE',  ( 30.00000000000000000, -31.00000000000000000, -35.59768778401239331 ) ) ;
#2317 = AXIS2_PLACEMENT_3D ( 'NONE', #1127, #2188, #482 ) ;
#2318 = EDGE_CURVE ( 'NONE', #1336, #1502, #1124, .T. ) ;
#2319 = ORIENTED_EDGE ( 'NONE', *, *, #2450, .F. ) ;
#2320 = VECTOR ( 'NONE', #2385, 1000.000000000000000 ) ;
#2321 = EDGE_LOOP ( 'NONE', ( #2210, #2650, #1966, #2026 ) ) ;
#2322 = AXIS2_PLACEMENT_3D ( 'NONE', #1420, #545, #741 ) ;
#2323 = CARTESIAN_POINT ( 'NONE',  ( 22.00000000000000000, -36.00000000000000000, -35.59768778401239331 ) ) ;
#2324 = ORIENTED_EDGE ( 'NONE', *, *, #1569, .F. ) ;
#2325 = ORIENTED_EDGE ( 'NONE', *, *, #1971, .T. ) ;
#2326 = CIRCLE ( 'NONE', #1438, 11.00000000000001066 ) ;
#2327 = DIRECTION ( 'NONE',  ( -0.1262542796739151152, 0.000000000000000000, 0.9919979117236189525 ) ) ;
#2328 = CALENDAR_DATE ( 2026, 24, 9 ) ;
#2329 = CARTESIAN_POINT ( 'NONE',  ( 12.24586983568287479, -46.00000000000000000, -29.56414504036117563 ) ) ;
#2330 = VECTOR ( 'NONE', #2032, 1000.000000000000114 ) ;
#2331 = EDGE_LOOP ( 'NONE', ( #2173, #930 ) ) ;
#2332 = LINE ( 'NONE', #219, #2005 ) ;
#2333 = AXIS2_PLACEMENT_3D ( 'NONE', #2376, #1945, #895 ) ;
#2334 = CARTESIAN_POINT ( 'NONE',  ( 29.56414504036117918, -36.00000000000000000, 12.24586983568286591 ) ) ;
#2335 = DIRECTION ( 'NONE',  ( -1.000000000000000000, -0.000000000000000000, -0.000000000000000000 ) ) ;
#2336 = ORIENTED_EDGE ( 'NONE', *, *, #51, .F. ) ;
#2337 = EDGE_CURVE ( 'NONE', #1756, #861, #42, .T. ) ;
#2338 = FACE_OUTER_BOUND ( 'NONE', #2491, .T. ) ;
#2339 = ORIENTED_EDGE ( 'NONE', *, *, #543, .F. ) ;
#2340 = ORIENTED_EDGE ( 'NONE', *, *, #478, .T. ) ;
#2341 = DIRECTION ( 'NONE',  ( -0.9853505058554479223, 0.000000000000000000, -0.1705414337057505891 ) ) ;
#2342 = LINE ( 'NONE', #2732, #2409 ) ;
#2343 = ORIENTED_EDGE ( 'NONE', *, *, #1734, .F. ) ;
#2344 = CARTESIAN_POINT ( 'NONE',  ( -19.13417161825448787, -36.00000000000000000, -318.9439766255643463 ) ) ;
#2345 = DIRECTION ( 'NONE',  ( 0.000000000000000000, 0.000000000000000000, 1.000000000000000000 ) ) ;
#2346 = LINE ( 'NONE', #1018, #1664 ) ;
#2347 = ORIENTED_EDGE ( 'NONE', *, *, #320, .T. ) ;
#2348 = EDGE_CURVE ( 'NONE', #1813, #130, #921, .T. ) ;
#2349 = CARTESIAN_POINT ( 'NONE',  ( -19.13417161825448787, -46.00000000000000000, -313.4439766255644031 ) ) ;
#2350 = ORIENTED_EDGE ( 'NONE', *, *, #856, .F. ) ;
#2351 = ADVANCED_FACE ( 'NONE', ( #288 ), #708, .F. ) ;
#2352 = ORIENTED_EDGE ( 'NONE', *, *, #1709, .T. ) ;
#2353 = DIRECTION ( 'NONE',  ( 0.9946907382768213068, 0.000000000000000000, -0.1029093542216269336 ) ) ;
#2354 = CARTESIAN_POINT ( 'NONE',  ( 46.19397662556434625, -36.00000000000000000, -250.8658283817455299 ) ) ;
#2355 = ORIENTED_EDGE ( 'NONE', *, *, #746, .T. ) ;
#2356 = CARTESIAN_POINT ( 'NONE',  ( 46.56229828894252876, -36.00000000000000000, -301.1119330490977291 ) ) ;
#2357 = LINE ( 'NONE', #882, #1666 ) ;
#2358 = DIRECTION ( 'NONE',  ( -1.000000000000000000, -0.000000000000000000, -0.000000000000000000 ) ) ;
#2359 = FACE_BOUND ( 'NONE', #903, .T. ) ;
#2360 = VERTEX_POINT ( 'NONE', #2389 ) ;
#2361 = VECTOR ( 'NONE', #600, 1000.000000000000000 ) ;
#2362 = ORIENTED_EDGE ( 'NONE', *, *, #2263, .F. ) ;
#2363 = CIRCLE ( 'NONE', #1114, 2.749999999999974687 ) ;
#2364 = EDGE_CURVE ( 'NONE', #2705, #855, #276, .T. ) ;
#2365 = DIRECTION ( 'NONE',  ( 0.000000000000000000, 0.000000000000000000, 1.000000000000000000 ) ) ;
#2366 = AXIS2_PLACEMENT_3D ( 'NONE', #2697, #967, #2058 ) ;
#2367 = VERTEX_POINT ( 'NONE', #1327 ) ;
#2368 = AXIS2_PLACEMENT_3D ( 'NONE', #1518, #2372, #56 ) ;
#2369 = DIRECTION ( 'NONE',  ( -0.3826834323650895042, 0.000000000000000000, 0.9238795325112868495 ) ) ;
#2370 = EDGE_CURVE ( 'NONE', #1995, #8, #1619, .T. ) ;
#2371 = AXIS2_PLACEMENT_3D ( 'NONE', #1657, #1051, #1683 ) ;
#2372 = DIRECTION ( 'NONE',  ( -0.000000000000000000, -1.000000000000000000, -0.000000000000000000 ) ) ;
#2373 = VERTEX_POINT ( 'NONE', #1768 ) ;
#2374 = FACE_OUTER_BOUND ( 'NONE', #756, .T. ) ;
#2375 = AXIS2_PLACEMENT_3D ( 'NONE', #338, #1192, #2073 ) ;
#2376 = CARTESIAN_POINT ( 'NONE',  ( 19.13417161825449497, -46.00000000000000000, -316.1939766255643463 ) ) ;
#2377 = CARTESIAN_POINT ( 'NONE',  ( -19.13417161825447721, -36.00000000000000000, -223.8060233744356822 ) ) ;
#2378 = FACE_BOUND ( 'NONE', #1761, .T. ) ;
#2379 = ADVANCED_FACE ( 'NONE', ( #80 ), #1946, .F. ) ;
#2380 = VECTOR ( 'NONE', #1990, 1000.000000000000000 ) ;
#2381 = EDGE_LOOP ( 'NONE', ( #1186, #2493, #1492, #1950 ) ) ;
#2382 = ORIENTED_EDGE ( 'NONE', *, *, #1653, .T. ) ;
#2383 = ORIENTED_EDGE ( 'NONE', *, *, #2405, .F. ) ;
#2384 = CYLINDRICAL_SURFACE ( 'NONE', #1, 2.749999999999999112 ) ;
#2385 = DIRECTION ( 'NONE',  ( 0.000000000000000000, 0.000000000000000000, 1.000000000000000000 ) ) ;
#2386 = EDGE_CURVE ( 'NONE', #712, #2736, #1782, .T. ) ;
#2387 = ORIENTED_EDGE ( 'NONE', *, *, #423, .F. ) ;
#2388 = LINE ( 'NONE', #475, #2286 ) ;
#2389 = CARTESIAN_POINT ( 'NONE',  ( -46.19397662556434625, -46.00000000000000000, -248.1158283817455299 ) ) ;
#2390 = CARTESIAN_POINT ( 'NONE',  ( -12.24586983568286414, -36.00000000000000000, 26.81414504036117563 ) ) ;
#2391 = ORIENTED_EDGE ( 'NONE', *, *, #1686, .F. ) ;
#2392 = ADVANCED_FACE ( 'NONE', ( #1936, #896, #1092, #2399, #1316, #1339, #486, #2596, #1578, #476, #2618, #1560, #1963, #60, #932, #1145, #2192, #1745, #883, #250, #729, #671 ), #1134, .F. ) ;
#2393 = ORIENTED_EDGE ( 'NONE', *, *, #872, .T. ) ;
#2394 = ORIENTED_EDGE ( 'NONE', *, *, #1951, .F. ) ;
#2395 = DIRECTION ( 'NONE',  ( -0.000000000000000000, 1.000000000000000000, -0.000000000000000000 ) ) ;
#2396 = CYLINDRICAL_SURFACE ( 'NONE', #2368, 2.750000000000002665 ) ;
#2397 = ORIENTED_EDGE ( 'NONE', *, *, #1656, .F. ) ;
#2398 = LINE ( 'NONE', #2127, #1792 ) ;
#2399 = FACE_BOUND ( 'NONE', #1081, .T. ) ;
#2400 = CARTESIAN_POINT ( 'NONE',  ( 46.56229828894252876, -36.00000000000000000, -301.1119330490977291 ) ) ;
#2401 = MANIFOLD_SOLID_BREP ( 'Back_Flange', #2091 ) ;
#2402 = ADVANCED_FACE ( 'NONE', ( #1731 ), #1354, .F. ) ;
#2403 = VERTEX_POINT ( 'NONE', #2632 ) ;
#2404 = DIRECTION ( 'NONE',  ( -0.000000000000000000, -1.000000000000000000, -0.000000000000000000 ) ) ;
#2405 = EDGE_CURVE ( 'NONE', #934, #2660, #1225, .T. ) ;
#2406 = ORIENTED_EDGE ( 'NONE', *, *, #950, .T. ) ;
#2407 = CIRCLE ( 'NONE', #86, 2.749999999999999112 ) ;
#2408 = ADVANCED_FACE ( 'NONE', ( #2652 ), #937, .T. ) ;
#2409 = VECTOR ( 'NONE', #824, 1000.000000000000000 ) ;
#2410 = VECTOR ( 'NONE', #939, 1000.000000000000000 ) ;
#2411 = DIRECTION ( 'NONE',  ( 0.000000000000000000, 0.000000000000000000, 1.000000000000000000 ) ) ;
#2412 = AXIS2_PLACEMENT_3D ( 'NONE', #526, #1187, #2213 ) ;
#2413 = DIRECTION ( 'NONE',  ( 0.000000000000000000, 0.000000000000000000, 1.000000000000000000 ) ) ;
#2414 = ORIENTED_EDGE ( 'NONE', *, *, #156, .F. ) ;
#2415 = DIRECTION ( 'NONE',  ( 0.000000000000000000, 0.000000000000000000, 1.000000000000000000 ) ) ;
#2416 = DIRECTION ( 'NONE',  ( 0.000000000000000000, -1.000000000000000000, 0.000000000000000000 ) ) ;
#2417 = DIRECTION ( 'NONE',  ( 0.000000000000000000, -1.000000000000000000, 0.000000000000000000 ) ) ;
#2418 = VECTOR ( 'NONE', #2655, 1000.000000000000000 ) ;
#2419 = VERTEX_POINT ( 'NONE', #306 ) ;
#2420 = AXIS2_PLACEMENT_3D ( 'NONE', #1801, #1652, #963 ) ;
#2421 = CARTESIAN_POINT ( 'NONE',  ( 30.00000000000000000, -36.00000000000000000, -110.0000000000000000 ) ) ;
#2422 = VERTEX_POINT ( 'NONE', #2012 ) ;
#2423 = ADVANCED_FACE ( 'NONE', ( #2039 ), #328, .F. ) ;
#2424 = DIRECTION ( 'NONE',  ( 0.000000000000000000, 0.000000000000000000, -1.000000000000000000 ) ) ;
#2425 = PLANE ( 'NONE',  #940 ) ;
#2426 = FACE_OUTER_BOUND ( 'NONE', #962, .T. ) ;
#2427 = DIRECTION ( 'NONE',  ( 0.000000000000000000, -0.9284766908852591927, 0.3713906763541039435 ) ) ;
#2428 = VERTEX_POINT ( 'NONE', #595 ) ;
#2429 = CARTESIAN_POINT ( 'NONE',  ( 0.000000000000000000, -46.00000000000000000, -96.00000000000000000 ) ) ;
#2430 = CARTESIAN_POINT ( 'NONE',  ( 0.000000000000000000, -46.00000000000000000, 0.000000000000000000 ) ) ;
#2431 = DIRECTION ( 'NONE',  ( 0.000000000000000000, -0.000000000000000000, -1.000000000000000000 ) ) ;
#2432 = ORIENTED_EDGE ( 'NONE', *, *, #1818, .F. ) ;
#2433 = CARTESIAN_POINT ( 'NONE',  ( -19.13417161825447721, -36.00000000000000000, -226.5560233744356822 ) ) ;
#2434 = ORIENTED_EDGE ( 'NONE', *, *, #2311, .T. ) ;
#2435 = EDGE_CURVE ( 'NONE', #1276, #425, #184, .T. ) ;
#2436 = ORIENTED_EDGE ( 'NONE', *, *, #1479, .T. ) ;
#2437 = CARTESIAN_POINT ( 'NONE',  ( 19.13417161825450208, -36.00000000000000000, -226.5560233744356822 ) ) ;
#2438 = CYLINDRICAL_SURFACE ( 'NONE', #142, 2.750000000000002665 ) ;
#2439 = CARTESIAN_POINT ( 'NONE',  ( 44.00000000000000000, -36.00000000000000000, 0.000000000000000000 ) ) ;
#2440 = EDGE_CURVE ( 'NONE', #2736, #254, #2520, .T. ) ;
#2441 = FACE_OUTER_BOUND ( 'NONE', #1817, .T. ) ;
#2442 = ORIENTED_EDGE ( 'NONE', *, *, #2318, .T. ) ;
#2443 = LINE ( 'NONE', #317, #2729 ) ;
#2444 = CARTESIAN_POINT ( 'NONE',  ( 0.000000000000000000, -36.00000000000000000, -195.0000000000000000 ) ) ;
#2445 = VERTEX_POINT ( 'NONE', #41 ) ;
#2446 = LINE ( 'NONE', #2504, #1393 ) ;
#2447 = ORIENTED_EDGE ( 'NONE', *, *, #1123, .F. ) ;
#2448 = AXIS2_PLACEMENT_3D ( 'NONE', #1540, #2647, #2431 ) ;
#2449 = DIRECTION ( 'NONE',  ( 0.000000000000000000, 1.000000000000000000, 0.000000000000000000 ) ) ;
#2450 = EDGE_CURVE ( 'NONE', #2733, #1113, #1442, .T. ) ;
#2451 = FACE_OUTER_BOUND ( 'NONE', #2460, .T. ) ;
#2452 = ORIENTED_EDGE ( 'NONE', *, *, #2666, .T. ) ;
#2453 = AXIS2_PLACEMENT_3D ( 'NONE', #2329, #2108, #2310 ) ;
#2454 = AXIS2_PLACEMENT_3D ( 'NONE', #1090, #720, #630 ) ;
#2455 = ADVANCED_FACE ( 'NONE', ( #1075 ), #2138, .F. ) ;
#2456 = CARTESIAN_POINT ( 'NONE',  ( 12.24586983568287479, -46.00000000000000000, -32.31414504036117563 ) ) ;
#2457 = CARTESIAN_POINT ( 'NONE',  ( 22.00000000000000000, -26.00000000000000000, -61.09991680526687929 ) ) ;
#2458 = AXIS2_PLACEMENT_3D ( 'NONE', #2041, #2265, #762 ) ;
#2459 = VERTEX_POINT ( 'NONE', #1286 ) ;
#2460 = EDGE_LOOP ( 'NONE', ( #2035, #1896, #2750, #302, #1267, #1732, #2086, #1513 ) ) ;
#2461 = CARTESIAN_POINT ( 'NONE',  ( 31.11193304909772550, -36.00000000000000000, -316.5622982889425430 ) ) ;
#2462 = VERTEX_POINT ( 'NONE', #466 ) ;
#2463 = AXIS2_PLACEMENT_3D ( 'NONE', #2625, #1614, #2684 ) ;
#2464 = VECTOR ( 'NONE', #757, 1000.000000000000000 ) ;
#2465 = CIRCLE ( 'NONE', #2333, 2.749999999999974687 ) ;
#2466 = CARTESIAN_POINT ( 'NONE',  ( -44.00000000000000000, -36.00000000000000000, 0.000000000000000000 ) ) ;
#2467 = CARTESIAN_POINT ( 'NONE',  ( -22.00000000000000000, -15.99999999999999645, -61.09991680526687929 ) ) ;
#2468 = ORIENTED_EDGE ( 'NONE', *, *, #1676, .F. ) ;
#2469 = LOCAL_TIME ( 11, 8, 5.000000000000000000, #569 ) ;
#2470 = DIRECTION ( 'NONE',  ( 0.000000000000000000, 0.000000000000000000, -1.000000000000000000 ) ) ;
#2471 =( LENGTH_UNIT ( ) NAMED_UNIT ( * ) SI_UNIT ( .MILLI., .METRE. ) );
#2472 = DIRECTION ( 'NONE',  ( 0.000000000000000000, 0.000000000000000000, 1.000000000000000000 ) ) ;
#2473 = EDGE_CURVE ( 'NONE', #1938, #506, #371, .T. ) ;
#2474 = VERTEX_POINT ( 'NONE', #30 ) ;
#2475 = VERTEX_POINT ( 'NONE', #1115 ) ;
#2476 = DIRECTION ( 'NONE',  ( -0.000000000000000000, -1.000000000000000000, -0.000000000000000000 ) ) ;
#2477 = CARTESIAN_POINT ( 'NONE',  ( 0.000000000000000000, -36.00000000000000000, 0.000000000000000000 ) ) ;
#2478 = EDGE_CURVE ( 'NONE', #144, #1756, #867, .T. ) ;
#2479 = EDGE_LOOP ( 'NONE', ( #1981, #2146, #335, #1423, #563, #811, #37, #2555, #452, #2070, #1035, #690, #2057, #2040, #139, #1402, #1089, #286, #1948, #2523, #1451, #2452, #1342, #1725, #198, #265 ) ) ;
#2480 = CARTESIAN_POINT ( 'NONE',  ( 0.000000000000000000, -36.00000000000000000, -96.00000000000000000 ) ) ;
#2481 = CARTESIAN_POINT ( 'NONE',  ( 19.13417161825449497, -46.00000000000000000, -318.9439766255643463 ) ) ;
#2482 = VERTEX_POINT ( 'NONE', #59 ) ;
#2483 = DIRECTION ( 'NONE',  ( -0.000000000000000000, -1.000000000000000000, -0.000000000000000000 ) ) ;
#2484 = APPROVAL_ROLE ( '' ) ;
#2485 = CYLINDRICAL_SURFACE ( 'NONE', #488, 2.749999999999999112 ) ;
#2486 = VERTEX_POINT ( 'NONE', #1315 ) ;
#2487 = ORIENTED_EDGE ( 'NONE', *, *, #2116, .F. ) ;
#2488 = CARTESIAN_POINT ( 'NONE',  ( 1.347111479062087024E-15, -36.00000000000000000, -129.0000000000000000 ) ) ;
#2489 = EDGE_CURVE ( 'NONE', #2284, #2198, #2554, .T. ) ;
#2490 = CARTESIAN_POINT ( 'NONE',  ( 0.000000000000000000, -36.00000000000000000, 0.000000000000000000 ) ) ;
#2491 = EDGE_LOOP ( 'NONE', ( #2601, #1607, #1238, #2019 ) ) ;
#2492 = EDGE_CURVE ( 'NONE', #1835, #2262, #1504, .T. ) ;
#2493 = ORIENTED_EDGE ( 'NONE', *, *, #237, .T. ) ;
#2494 = DIRECTION ( 'NONE',  ( -0.000000000000000000, -1.000000000000000000, -0.000000000000000000 ) ) ;
#2495 = EDGE_CURVE ( 'NONE', #1109, #2428, #2357, .T. ) ;
#2496 = DIRECTION ( 'NONE',  ( 0.000000000000000000, 1.000000000000000000, 0.000000000000000000 ) ) ;
#2497 = ORIENTED_EDGE ( 'NONE', *, *, #47, .T. ) ;
#2498 = CARTESIAN_POINT ( 'NONE',  ( 29.56414504036117918, -36.00000000000000000, 9.495869835682864135 ) ) ;
#2499 = VECTOR ( 'NONE', #361, 1000.000000000000114 ) ;
#2500 = DIRECTION ( 'NONE',  ( 0.000000000000000000, 1.000000000000000000, 0.000000000000000000 ) ) ;
#2501 = CIRCLE ( 'NONE', #1953, 2.750000000000002665 ) ;
#2502 = ORIENTED_EDGE ( 'NONE', *, *, #2218, .F. ) ;
#2503 = DIRECTION ( 'NONE',  ( 0.000000000000000000, 0.000000000000000000, 1.000000000000000000 ) ) ;
#2504 = CARTESIAN_POINT ( 'NONE',  ( 22.00000000000000000, -15.99999999999999645, -206.0000000000000284 ) ) ;
#2505 = AXIS2_PLACEMENT_3D ( 'NONE', #668, #2539, #2582 ) ;
#2506 = AXIS2_PLACEMENT_3D ( 'NONE', #893, #1742, #2413 ) ;
#2507 = EDGE_CURVE ( 'NONE', #2613, #805, #1571, .T. ) ;
#2508 = APPLICATION_CONTEXT ( 'configuration controlled 3d designs of mechanical parts and assemblies' ) ;
#2509 = AXIS2_PLACEMENT_3D ( 'NONE', #1812, #2237, #1443 ) ;
#2510 = CARTESIAN_POINT ( 'NONE',  ( -46.19397662556434625, -36.00000000000000000, -250.8658283817455299 ) ) ;
#2511 = ORIENTED_EDGE ( 'NONE', *, *, #750, .F. ) ;
#2512 = VECTOR ( 'NONE', #67, 1000.000000000000000 ) ;
#2513 = EDGE_CURVE ( 'NONE', #254, #28, #1489, .T. ) ;
#2514 = DIRECTION ( 'NONE',  ( 0.000000000000000000, 0.000000000000000000, -1.000000000000000000 ) ) ;
#2515 = APPROVAL_PERSON_ORGANIZATION ( #1199, #180, #1877 ) ;
#2516 = LINE ( 'NONE', #2659, #1777 ) ;
#2517 = ADVANCED_BREP_SHAPE_REPRESENTATION ( 'JX1_Thigh_R', ( #2401, #1668 ), #1444 ) ;
#2518 = VERTEX_POINT ( 'NONE', #2583 ) ;
#2519 = CARTESIAN_POINT ( 'NONE',  ( 12.24586983568287479, -36.00000000000000000, -32.31414504036117563 ) ) ;
#2520 = LINE ( 'NONE', #419, #2639 ) ;
#2521 = DIRECTION ( 'NONE',  ( 0.000000000000000000, 0.000000000000000000, 1.000000000000000000 ) ) ;
#2522 = ORIENTED_EDGE ( 'NONE', *, *, #47, .F. ) ;
#2523 = ORIENTED_EDGE ( 'NONE', *, *, #2561, .T. ) ;
#2524 = CARTESIAN_POINT ( 'NONE',  ( 30.00000000000000000, -31.00000000000000000, -59.09991680526687929 ) ) ;
#2525 = ORIENTED_EDGE ( 'NONE', *, *, #83, .T. ) ;
#2526 = PLANE ( 'NONE',  #50 ) ;
#2527 = FACE_OUTER_BOUND ( 'NONE', #2098, .T. ) ;
#2528 = ADVANCED_FACE ( 'NONE', ( #240 ), #2595, .F. ) ;
#2529 = ORIENTED_EDGE ( 'NONE', *, *, #915, .F. ) ;
#2530 = DIRECTION ( 'NONE',  ( -0.000000000000000000, -1.000000000000000000, -0.000000000000000000 ) ) ;
#2531 = DIRECTION ( 'NONE',  ( 0.000000000000000000, 0.000000000000000000, 1.000000000000000000 ) ) ;
#2532 = FACE_BOUND ( 'NONE', #1214, .T. ) ;
#2533 = VERTEX_POINT ( 'NONE', #1521 ) ;
#2534 = CARTESIAN_POINT ( 'NONE',  ( -19.13417161825448787, -36.00000000000000000, -316.1939766255643463 ) ) ;
#2535 = CARTESIAN_POINT ( 'NONE',  ( 46.19397662556433914, -36.00000000000000000, -286.3841716182544701 ) ) ;
#2536 = DIRECTION ( 'NONE',  ( 0.000000000000000000, 0.000000000000000000, -1.000000000000000000 ) ) ;
#2537 = CARTESIAN_POINT ( 'NONE',  ( 29.56414504036117563, -46.00000000000000000, -12.24586983568287302 ) ) ;
#2538 = ORIENTED_EDGE ( 'NONE', *, *, #637, .F. ) ;
#2539 = DIRECTION ( 'NONE',  ( 0.000000000000000000, 1.000000000000000000, 0.000000000000000000 ) ) ;
#2540 = CIRCLE ( 'NONE', #758, 10.00000000000000888 ) ;
#2541 = DIRECTION ( 'NONE',  ( 0.000000000000000000, 0.000000000000000000, 1.000000000000000000 ) ) ;
#2542 = ORIENTED_EDGE ( 'NONE', *, *, #448, .F. ) ;
#2543 = VECTOR ( 'NONE', #555, 1000.000000000000000 ) ;
#2544 = EDGE_LOOP ( 'NONE', ( #1870, #2406 ) ) ;
#2545 = VECTOR ( 'NONE', #1699, 1000.000000000000000 ) ;
#2546 = DIRECTION ( 'NONE',  ( 0.000000000000000000, 1.000000000000000000, 0.000000000000000000 ) ) ;
#2547 = AXIS2_PLACEMENT_3D ( 'NONE', #1367, #2216, #2201 ) ;
#2548 = ORIENTED_EDGE ( 'NONE', *, *, #1865, .T. ) ;
#2549 = ORIENTED_EDGE ( 'NONE', *, *, #1599, .F. ) ;
#2550 = VECTOR ( 'NONE', #1163, 1000.000000000000000 ) ;
#2551 = CARTESIAN_POINT ( 'NONE',  ( -46.19397662556433914, -36.00000000000000000, -289.1341716182545269 ) ) ;
#2552 = PERSON_AND_ORGANIZATION ( #1508, #239 ) ;
#2553 = DIRECTION ( 'NONE',  ( 0.000000000000000000, 0.000000000000000000, 1.000000000000000000 ) ) ;
#2554 = CIRCLE ( 'NONE', #12, 2.749999999999974687 ) ;
#2555 = ORIENTED_EDGE ( 'NONE', *, *, #2435, .F. ) ;
#2556 = CARTESIAN_POINT ( 'NONE',  ( 19.13417161825449497, -46.00000000000000000, -313.4439766255644031 ) ) ;
#2557 = DIRECTION ( 'NONE',  ( -1.000000000000000000, -0.000000000000000000, -0.000000000000000000 ) ) ;
#2558 = CYLINDRICAL_SURFACE ( 'NONE', #1706, 2.750000000000002665 ) ;
#2559 = EDGE_CURVE ( 'NONE', #1845, #999, #2465, .T. ) ;
#2560 = EDGE_LOOP ( 'NONE', ( #1859, #203, #641, #2414 ) ) ;
#2561 = EDGE_CURVE ( 'NONE', #130, #973, #1744, .T. ) ;
#2562 = DIRECTION ( 'NONE',  ( 0.000000000000000000, 0.000000000000000000, 1.000000000000000000 ) ) ;
#2563 = ORIENTED_EDGE ( 'NONE', *, *, #1908, .F. ) ;
#2564 = VERTEX_POINT ( 'NONE', #1538 ) ;
#2565 = CARTESIAN_POINT ( 'NONE',  ( 29.56414504036117563, -36.00000000000000000, -12.24586983568287302 ) ) ;
#2566 = DIRECTION ( 'NONE',  ( 0.000000000000000000, 1.000000000000000000, 0.000000000000000000 ) ) ;
#2567 = ORIENTED_EDGE ( 'NONE', *, *, #2069, .F. ) ;
#2568 = CARTESIAN_POINT ( 'NONE',  ( 44.00000000000000000, -36.00000000000000000, 0.000000000000000000 ) ) ;
#2569 = DIRECTION ( 'NONE',  ( 0.000000000000000000, 1.000000000000000000, 0.000000000000000000 ) ) ;
#2570 = CARTESIAN_POINT ( 'NONE',  ( 19.13417161825449497, -36.00000000000000000, -313.4439766255644031 ) ) ;
#2571 = ORIENTED_EDGE ( 'NONE', *, *, #597, .T. ) ;
#2572 = EDGE_CURVE ( 'NONE', #178, #1276, #2388, .T. ) ;
#2573 = ORIENTED_EDGE ( 'NONE', *, *, #715, .F. ) ;
#2574 = EDGE_CURVE ( 'NONE', #389, #2262, #2398, .T. ) ;
#2575 = LINE ( 'NONE', #1980, #2011 ) ;
#2576 = FACE_OUTER_BOUND ( 'NONE', #1007, .T. ) ;
#2577 = ORIENTED_EDGE ( 'NONE', *, *, #2612, .F. ) ;
#2578 = EDGE_CURVE ( 'NONE', #33, #348, #1059, .T. ) ;
#2579 = CARTESIAN_POINT ( 'NONE',  ( 30.00000000000000000, -36.00000000000000000, -206.0000000000000284 ) ) ;
#2580 = DIRECTION ( 'NONE',  ( 0.000000000000000000, 0.000000000000000000, 1.000000000000000000 ) ) ;
#2581 = ORIENTED_EDGE ( 'NONE', *, *, #1019, .T. ) ;
#2582 = DIRECTION ( 'NONE',  ( 0.000000000000000000, 0.000000000000000000, 1.000000000000000000 ) ) ;
#2583 = CARTESIAN_POINT ( 'NONE',  ( 30.00000000000000000, -46.00000000000000000, -110.0000000000000000 ) ) ;
#2584 = CARTESIAN_POINT ( 'NONE',  ( 48.00000000000000000, -46.00000000000000000, -214.0000000000000284 ) ) ;
#2585 = ORIENTED_EDGE ( 'NONE', *, *, #1093, .T. ) ;
#2586 = CIRCLE ( 'NONE', #1425, 13.00000000000001066 ) ;
#2587 = ORIENTED_EDGE ( 'NONE', *, *, #2078, .T. ) ;
#2588 = VECTOR ( 'NONE', #1031, 1000.000000000000000 ) ;
#2589 = VECTOR ( 'NONE', #293, 1000.000000000000000 ) ;
#2590 = ORIENTED_EDGE ( 'NONE', *, *, #490, .T. ) ;
#2591 = DIRECTION ( 'NONE',  ( 0.000000000000000000, 0.000000000000000000, -1.000000000000000000 ) ) ;
#2592 = DIRECTION ( 'NONE',  ( 0.000000000000000000, 0.000000000000000000, 1.000000000000000000 ) ) ;
#2593 = VERTEX_POINT ( 'NONE', #752 ) ;
#2594 = AXIS2_PLACEMENT_3D ( 'NONE', #1566, #1712, #303 ) ;
#2595 = CYLINDRICAL_SURFACE ( 'NONE', #1480, 2.750000000000030198 ) ;
#2596 = FACE_BOUND ( 'NONE', #344, .T. ) ;
#2597 = LINE ( 'NONE', #318, #1736 ) ;
#2598 = EDGE_CURVE ( 'NONE', #514, #2367, #1710, .T. ) ;
#2599 = CIRCLE ( 'NONE', #2159, 2.750000000000002665 ) ;
#2600 = EDGE_LOOP ( 'NONE', ( #2117, #1961, #450, #1941 ) ) ;
#2601 = ORIENTED_EDGE ( 'NONE', *, *, #2024, .T. ) ;
#2602 = ORIENTED_EDGE ( 'NONE', *, *, #1814, .F. ) ;
#2603 = EDGE_CURVE ( 'NONE', #2185, #1698, #2599, .T. ) ;
#2604 = FACE_OUTER_BOUND ( 'NONE', #1542, .T. ) ;
#2605 = DIRECTION ( 'NONE',  ( 0.000000000000000000, 0.000000000000000000, 1.000000000000000000 ) ) ;
#2606 = VERTEX_POINT ( 'NONE', #1781 ) ;
#2607 = EDGE_CURVE ( 'NONE', #1066, #1109, #946, .T. ) ;
#2608 = CARTESIAN_POINT ( 'NONE',  ( -31.11193304909772550, -36.00000000000000000, -316.5622982889425430 ) ) ;
#2609 = CARTESIAN_POINT ( 'NONE',  ( -30.00000000000000000, -36.00000000000000000, -35.59768778401239331 ) ) ;
#2610 = DIRECTION ( 'NONE',  ( 0.000000000000000000, 1.000000000000000000, 0.000000000000000000 ) ) ;
#2611 = ORIENTED_EDGE ( 'NONE', *, *, #2673, .T. ) ;
#2612 = EDGE_CURVE ( 'NONE', #855, #2593, #485, .T. ) ;
#2613 = VERTEX_POINT ( 'NONE', #2456 ) ;
#2614 = CARTESIAN_POINT ( 'NONE',  ( 0.000000000000000000, -38.19999999999999574, 0.000000000000000000 ) ) ;
#2615 = DIRECTION ( 'NONE',  ( 0.3826834323650895597, 0.000000000000000000, -0.9238795325112868495 ) ) ;
#2616 = ORIENTED_EDGE ( 'NONE', *, *, #784, .T. ) ;
#2617 = DIRECTION ( 'NONE',  ( 0.000000000000000000, 0.000000000000000000, -1.000000000000000000 ) ) ;
#2618 = FACE_BOUND ( 'NONE', #109, .T. ) ;
#2619 = DIRECTION ( 'NONE',  ( 0.000000000000000000, 0.000000000000000000, 1.000000000000000000 ) ) ;
#2620 = ORIENTED_EDGE ( 'NONE', *, *, #34, .T. ) ;
#2621 = DIRECTION ( 'NONE',  ( 0.000000000000000000, 0.000000000000000000, 1.000000000000000000 ) ) ;
#2622 = VERTEX_POINT ( 'NONE', #1188 ) ;
#2623 = AXIS2_PLACEMENT_3D ( 'NONE', #1350, #2395, #54 ) ;
#2624 = FACE_OUTER_BOUND ( 'NONE', #1062, .T. ) ;
#2625 = CARTESIAN_POINT ( 'NONE',  ( 46.19397662556433914, -36.00000000000000000, -289.1341716182545269 ) ) ;
#2626 = CIRCLE ( 'NONE', #2053, 2.750000000000002665 ) ;
#2627 = CARTESIAN_POINT ( 'NONE',  ( 0.000000000000000000, -46.00000000000000000, -140.0000000000000000 ) ) ;
#2628 = CIRCLE ( 'NONE', #2322, 2.749999999999974687 ) ;
#2629 = DIRECTION ( 'NONE',  ( 0.000000000000000000, -1.000000000000000000, 0.000000000000000000 ) ) ;
#2630 = ORIENTED_EDGE ( 'NONE', *, *, #507, .T. ) ;
#2631 = DIRECTION ( 'NONE',  ( -1.000000000000000000, -0.000000000000000000, -0.000000000000000000 ) ) ;
#2632 = CARTESIAN_POINT ( 'NONE',  ( 1.224646799147352073E-15, -36.00000000000000000, -185.0000000000000000 ) ) ;
#2633 = CARTESIAN_POINT ( 'NONE',  ( 29.56414504036117918, -36.00000000000000000, 12.24586983568286591 ) ) ;
#2634 = AXIS2_PLACEMENT_3D ( 'NONE', #2266, #382, #188 ) ;
#2635 = ORIENTED_EDGE ( 'NONE', *, *, #1147, .T. ) ;
#2636 = CIRCLE ( 'NONE', #1834, 2.749999999999999112 ) ;
#2637 = ADVANCED_FACE ( 'NONE', ( #1767 ), #544, .F. ) ;
#2638 = CARTESIAN_POINT ( 'NONE',  ( -46.19397662556433914, -46.00000000000000000, -291.8841716182545269 ) ) ;
#2639 = VECTOR ( 'NONE', #221, 1000.000000000000114 ) ;
#2640 = ORIENTED_EDGE ( 'NONE', *, *, #988, .F. ) ;
#2641 = PLANE ( 'NONE',  #761 ) ;
#2642 = DIRECTION ( 'NONE',  ( 1.000000000000000000, 0.000000000000000000, -0.000000000000000000 ) ) ;
#2643 = DIRECTION ( 'NONE',  ( 0.000000000000000000, 1.000000000000000000, 0.000000000000000000 ) ) ;
#2644 = CARTESIAN_POINT ( 'NONE',  ( 3.079986699855593473E-15, -38.19999999999999574, -25.15000000000000213 ) ) ;
#2645 = VERTEX_POINT ( 'NONE', #2191 ) ;
#2646 = LINE ( 'NONE', #1144, #500 ) ;
#2647 = DIRECTION ( 'NONE',  ( 0.000000000000000000, -1.000000000000000000, 0.000000000000000000 ) ) ;
#2648 = ORIENTED_EDGE ( 'NONE', *, *, #1784, .F. ) ;
#2649 = DIRECTION ( 'NONE',  ( 0.000000000000000000, 1.000000000000000000, 0.000000000000000000 ) ) ;
#2650 = ORIENTED_EDGE ( 'NONE', *, *, #1093, .F. ) ;
#2651 = ADVANCED_FACE ( 'NONE', ( #1396 ), #515, .F. ) ;
#2652 = FACE_OUTER_BOUND ( 'NONE', #1399, .T. ) ;
#2653 = EDGE_CURVE ( 'NONE', #620, #1358, #2646, .T. ) ;
#2654 = FACE_OUTER_BOUND ( 'NONE', #1494, .T. ) ;
#2655 = DIRECTION ( 'NONE',  ( 1.000000000000000000, 0.000000000000000000, 0.000000000000000000 ) ) ;
#2656 = ORIENTED_EDGE ( 'NONE', *, *, #2081, .F. ) ;
#2657 = LINE ( 'NONE', #1796, #1747 ) ;
#2658 = CARTESIAN_POINT ( 'NONE',  ( -54.92397570258090411, -36.00000000000000000, -280.9250580329031663 ) ) ;
#2659 = CARTESIAN_POINT ( 'NONE',  ( 30.00000000000000000, -26.00000000000000000, -61.09991680526687929 ) ) ;
#2660 = VERTEX_POINT ( 'NONE', #1133 ) ;
#2661 = CARTESIAN_POINT ( 'NONE',  ( 19.13417161825449497, -36.00000000000000000, -316.1939766255643463 ) ) ;
#2662 = VERTEX_POINT ( 'NONE', #1591 ) ;
#2663 = EDGE_CURVE ( 'NONE', #2689, #2190, #2443, .T. ) ;
#2664 = AXIS2_PLACEMENT_3D ( 'NONE', #1004, #1603, #334 ) ;
#2665 = DIRECTION ( 'NONE',  ( -0.000000000000000000, -1.000000000000000000, -0.000000000000000000 ) ) ;
#2666 = EDGE_CURVE ( 'NONE', #57, #144, #740, .T. ) ;
#2667 = ORIENTED_EDGE ( 'NONE', *, *, #2280, .T. ) ;
#2668 = AXIS2_PLACEMENT_3D ( 'NONE', #270, #1972, #1763 ) ;
#2669 = CARTESIAN_POINT ( 'NONE',  ( 29.56414504036117563, -36.00000000000000000, -9.495869835682874793 ) ) ;
#2670 = CIRCLE ( 'NONE', #897, 2.750000000000002665 ) ;
#2671 = CARTESIAN_POINT ( 'NONE',  ( 30.00000000000000000, -36.00000000000000000, -35.59768778401239331 ) ) ;
#2672 = DIRECTION ( 'NONE',  ( 0.000000000000000000, 1.000000000000000000, 0.000000000000000000 ) ) ;
#2673 = EDGE_CURVE ( 'NONE', #425, #246, #920, .T. ) ;
#2674 = AXIS2_PLACEMENT_3D ( 'NONE', #2354, #2178, #1335 ) ;
#2675 = ORIENTED_EDGE ( 'NONE', *, *, #1208, .F. ) ;
#2676 = ORIENTED_EDGE ( 'NONE', *, *, #1036, .T. ) ;
#2677 = DIRECTION ( 'NONE',  ( -0.000000000000000000, -1.000000000000000000, -0.000000000000000000 ) ) ;
#2678 = VECTOR ( 'NONE', #129, 1000.000000000000000 ) ;
#2679 = FACE_OUTER_BOUND ( 'NONE', #1150, .T. ) ;
#2680 = ORIENTED_EDGE ( 'NONE', *, *, #465, .F. ) ;
#2681 = AXIS2_PLACEMENT_3D ( 'NONE', #381, #369, #562 ) ;
#2682 = AXIS2_PLACEMENT_3D ( 'NONE', #698, #1539, #2158 ) ;
#2683 = DIRECTION ( 'NONE',  ( -0.2873478855663453291, 0.000000000000000000, -0.9578262852211513190 ) ) ;
#2684 = DIRECTION ( 'NONE',  ( 0.000000000000000000, 0.000000000000000000, -1.000000000000000000 ) ) ;
#2685 = EDGE_LOOP ( 'NONE', ( #2340, #1320, #685, #2635 ) ) ;
#2686 = LINE ( 'NONE', #556, #405 ) ;
#2687 = EDGE_CURVE ( 'NONE', #1905, #1024, #1128, .T. ) ;
#2688 = DIRECTION ( 'NONE',  ( 0.000000000000000000, 0.9284766908852591927, -0.3713906763541039435 ) ) ;
#2689 = VERTEX_POINT ( 'NONE', #1379 ) ;
#2690 = EDGE_CURVE ( 'NONE', #1276, #1884, #1366, .T. ) ;
#2691 = VERTEX_POINT ( 'NONE', #120 ) ;
#2692 = CARTESIAN_POINT ( 'NONE',  ( -19.13417161825447721, -46.00000000000000000, -221.0560233744356537 ) ) ;
#2693 = DIRECTION ( 'NONE',  ( -0.000000000000000000, -1.000000000000000000, -0.000000000000000000 ) ) ;
#2694 = VERTEX_POINT ( 'NONE', #1821 ) ;
#2695 = EDGE_CURVE ( 'NONE', #425, #148, #728, .T. ) ;
#2696 = ORIENTED_EDGE ( 'NONE', *, *, #1584, .F. ) ;
#2697 = CARTESIAN_POINT ( 'NONE',  ( 29.56414504036117918, -36.00000000000000000, 12.24586983568286591 ) ) ;
#2698 = DIRECTION ( 'NONE',  ( 0.000000000000000000, 0.000000000000000000, -1.000000000000000000 ) ) ;
#2699 = EDGE_LOOP ( 'NONE', ( #1306, #1284 ) ) ;
#2700 = CARTESIAN_POINT ( 'NONE',  ( 0.000000000000000000, -38.19999999999999574, 25.15000000000000213 ) ) ;
#2701 = CARTESIAN_POINT ( 'NONE',  ( -12.24586983568287124, -36.00000000000000000, -29.56414504036117563 ) ) ;
#2702 = CARTESIAN_POINT ( 'NONE',  ( 46.19397662556433914, -46.00000000000000000, -289.1341716182545269 ) ) ;
#2703 = CC_DESIGN_PERSON_AND_ORGANIZATION_ASSIGNMENT ( #386, #1027, ( #363 ) ) ;
#2704 = ORIENTED_EDGE ( 'NONE', *, *, #2752, .T. ) ;
#2705 = VERTEX_POINT ( 'NONE', #275 ) ;
#2706 = PLANE ( 'NONE',  #980 ) ;
#2707 = CARTESIAN_POINT ( 'NONE',  ( -29.56414504036117563, -46.00000000000000000, -12.24586983568287657 ) ) ;
#2708 = ORIENTED_EDGE ( 'NONE', *, *, #872, .F. ) ;
#2709 = CARTESIAN_POINT ( 'NONE',  ( 0.000000000000000000, -36.00000000000000000, -270.0000000000000000 ) ) ;
#2710 = CYLINDRICAL_SURFACE ( 'NONE', #1660, 2.750000000000030198 ) ;
#2711 = VERTEX_POINT ( 'NONE', #2429 ) ;
#2712 = DIRECTION ( 'NONE',  ( 0.000000000000000000, 0.000000000000000000, 1.000000000000000000 ) ) ;
#2713 = VECTOR ( 'NONE', #1083, 1000.000000000000114 ) ;
#2714 = SECURITY_CLASSIFICATION_LEVEL ( 'unclassified' ) ;
#2715 = CARTESIAN_POINT ( 'NONE',  ( 48.00000000000000000, -36.00000000000000000, -214.0000000000000284 ) ) ;
#2716 = VECTOR ( 'NONE', #2150, 1000.000000000000000 ) ;
#2717 = ORIENTED_EDGE ( 'NONE', *, *, #2200, .T. ) ;
#2718 = CYLINDRICAL_SURFACE ( 'NONE', #1118, 10.00000000000000888 ) ;
#2719 = CARTESIAN_POINT ( 'NONE',  ( 10.92505803290318589, -36.00000000000000000, -324.9239757025808899 ) ) ;
#2720 = AXIS2_PLACEMENT_3D ( 'NONE', #2466, #1630, #2683 ) ;
#2721 = AXIS2_PLACEMENT_3D ( 'NONE', #441, #1755, #1943 ) ;
#2722 = EDGE_CURVE ( 'NONE', #2208, #571, #959, .T. ) ;
#2723 = VECTOR ( 'NONE', #2727, 1000.000000000000000 ) ;
#2724 = ORIENTED_EDGE ( 'NONE', *, *, #1020, .T. ) ;
#2725 = EDGE_CURVE ( 'NONE', #2373, #2622, #1126, .T. ) ;
#2726 = AXIS2_PLACEMENT_3D ( 'NONE', #420, #648, #2315 ) ;
#2727 = DIRECTION ( 'NONE',  ( 0.000000000000000000, 0.000000000000000000, 1.000000000000000000 ) ) ;
#2728 = CARTESIAN_POINT ( 'NONE',  ( -19.13417161825447721, -36.00000000000000000, -221.0560233744356537 ) ) ;
#2729 = VECTOR ( 'NONE', #79, 1000.000000000000000 ) ;
#2730 = FACE_OUTER_BOUND ( 'NONE', #1131, .T. ) ;
#2731 = CARTESIAN_POINT ( 'NONE',  ( 12.24586983568287479, -36.00000000000000000, -29.56414504036117563 ) ) ;
#2732 = CARTESIAN_POINT ( 'NONE',  ( 46.19397662556433914, -36.00000000000000000, -291.8841716182545269 ) ) ;
#2733 = VERTEX_POINT ( 'NONE', #1808 ) ;
#2734 = CARTESIAN_POINT ( 'NONE',  ( 30.00000000000000000, -46.00000000000000000, -110.0000000000000000 ) ) ;
#2735 = CARTESIAN_POINT ( 'NONE',  ( 19.13417161825450208, -36.00000000000000000, -223.8060233744356822 ) ) ;
#2736 = VERTEX_POINT ( 'NONE', #1890 ) ;
#2737 = CARTESIAN_POINT ( 'NONE',  ( 0.000000000000000000, -46.00000000000000000, 0.000000000000000000 ) ) ;
#2738 = ORIENTED_EDGE ( 'NONE', *, *, #1971, .F. ) ;
#2739 = ADVANCED_FACE ( 'NONE', ( #1647 ), #359, .T. ) ;
#2740 = LINE ( 'NONE', #2133, #1873 ) ;
#2741 = DIRECTION ( 'NONE',  ( -0.000000000000000000, 0.000000000000000000, -1.000000000000000000 ) ) ;
#2742 = LINE ( 'NONE', #440, #1823 ) ;
#2743 = EDGE_LOOP ( 'NONE', ( #894, #770 ) ) ;
#2744 = DIRECTION ( 'NONE',  ( 0.000000000000000000, 0.000000000000000000, -1.000000000000000000 ) ) ;
#2745 = CARTESIAN_POINT ( 'NONE',  ( 0.000000000000000000, -46.00000000000000000, -140.0000000000000000 ) ) ;
#2746 = EDGE_LOOP ( 'NONE', ( #1880, #2397, #2602, #2676 ) ) ;
#2747 = VERTEX_POINT ( 'NONE', #2079 ) ;
#2748 = FACE_OUTER_BOUND ( 'NONE', #1061, .T. ) ;
#2749 = ORIENTED_EDGE ( 'NONE', *, *, #802, .F. ) ;
#2750 = ORIENTED_EDGE ( 'NONE', *, *, #212, .F. ) ;
#2751 = DIRECTION ( 'NONE',  ( 0.000000000000000000, 1.000000000000000000, 0.000000000000000000 ) ) ;
#2752 = EDGE_CURVE ( 'NONE', #1050, #837, #2063, .T. ) ;
#2753 = FACE_OUTER_BOUND ( 'NONE', #1762, .T. ) ;
#2754 = ORIENTED_EDGE ( 'NONE', *, *, #846, .T. ) ;
#2755 = CARTESIAN_POINT ( 'NONE',  ( 19.13417161825450208, -36.00000000000000000, -223.8060233744356822 ) ) ;
#2756 = AXIS2_PLACEMENT_3D ( 'NONE', #261, #1117, #1964 ) ;
#2757 = EDGE_CURVE ( 'NONE', #825, #2016, #1176, .T. ) ;
#2758 = FACE_OUTER_BOUND ( 'NONE', #540, .T. ) ;
#2759 = LINE ( 'NONE', #1077, #669 ) ;
ENDSEC;
END-ISO-10303-21;
