ISO-10303-21;
HEADER;
FILE_DESCRIPTION (( 'STEP AP203' ),
    '1' );
FILE_NAME ('JX1_HipYawBracket_L.STEP',
    '2026-09-24T05:37:27',
    ( '' ),
    ( '' ),
    'SwSTEP 2.0',
    'SolidWorks 2026',
    '' );
FILE_SCHEMA (( 'CONFIG_CONTROL_DESIGN' ));
ENDSEC;

DATA;
#1 = PLANE ( 'NONE',  #1351 ) ;
#2 = CARTESIAN_POINT ( 'NONE',  ( -132.0000000000000000, 16.45538759169885878, -39.72681989798532953 ) ) ;
#3 = LINE ( 'NONE', #1282, #275 ) ;
#4 = VECTOR ( 'NONE', #399, 1000.000000000000000 ) ;
#5 = AXIS2_PLACEMENT_3D ( 'NONE', #1711, #578, #598 ) ;
#6 = CIRCLE ( 'NONE', #240, 2.250000000000000444 ) ;
#7 = DIRECTION ( 'NONE',  ( 0.000000000000000000, 0.000000000000000000, 1.000000000000000000 ) ) ;
#8 = PRODUCT_DEFINITION_FORMATION_WITH_SPECIFIED_SOURCE ( 'ANY', '', #276, .NOT_KNOWN. ) ;
#9 = AXIS2_PLACEMENT_3D ( 'NONE', #1544, #96, #767 ) ;
#10 = ORIENTED_EDGE ( 'NONE', *, *, #1172, .T. ) ;
#11 = DIRECTION ( 'NONE',  ( 1.000000000000000000, 0.000000000000000000, 0.000000000000000000 ) ) ;
#12 = EDGE_LOOP ( 'NONE', ( #2018, #1393, #1980, #1091 ) ) ;
#13 = CARTESIAN_POINT ( 'NONE',  ( -144.0000000000000284, 16.45538759169885878, -39.72681989798532953 ) ) ;
#14 = EDGE_LOOP ( 'NONE', ( #832, #752 ) ) ;
#15 = CARTESIAN_POINT ( 'NONE',  ( -132.0000000000000000, -39.72681989798532953, 16.45538759169884813 ) ) ;
#16 = ORIENTED_EDGE ( 'NONE', *, *, #1612, .T. ) ;
#17 = DIRECTION ( 'NONE',  ( 0.000000000000000000, 0.000000000000000000, -1.000000000000000000 ) ) ;
#18 = ORIENTED_EDGE ( 'NONE', *, *, #1712, .F. ) ;
#19 = EDGE_CURVE ( 'NONE', #258, #1936, #1121, .T. ) ;
#20 = CARTESIAN_POINT ( 'NONE',  ( -144.0000000000000284, 16.45538759169885878, -39.72681989798532953 ) ) ;
#21 = ORIENTED_EDGE ( 'NONE', *, *, #46, .F. ) ;
#22 = EDGE_CURVE ( 'NONE', #2092, #1671, #915, .T. ) ;
#23 = EDGE_CURVE ( 'NONE', #1280, #790, #1277, .T. ) ;
#24 = DIRECTION ( 'NONE',  ( 1.000000000000000000, 0.000000000000000000, 0.000000000000000000 ) ) ;
#25 = ORIENTED_EDGE ( 'NONE', *, *, #1476, .F. ) ;
#26 = CARTESIAN_POINT ( 'NONE',  ( -132.0000000000000000, 16.45538759169885878, -39.72681989798532953 ) ) ;
#27 = ORIENTED_EDGE ( 'NONE', *, *, #772, .T. ) ;
#28 = DIRECTION ( 'NONE',  ( 1.000000000000000000, 0.000000000000000000, 0.000000000000000000 ) ) ;
#29 = ORIENTED_EDGE ( 'NONE', *, *, #1349, .F. ) ;
#30 = CARTESIAN_POINT ( 'NONE',  ( 13.20000000000000107, 19.91858428704208706, 72.00000000000001421 ) ) ;
#31 = EDGE_CURVE ( 'NONE', #1142, #1035, #1049, .T. ) ;
#32 = VECTOR ( 'NONE', #1701, 1000.000000000000000 ) ;
#33 = CARTESIAN_POINT ( 'NONE',  ( -132.0000000000000000, -50.00000000000000000, 82.00000000000000000 ) ) ;
#34 = AXIS2_PLACEMENT_3D ( 'NONE', #458, #797, #1099 ) ;
#35 = AXIS2_PLACEMENT_3D ( 'NONE', #118, #461, #756 ) ;
#36 = ORIENTED_EDGE ( 'NONE', *, *, #1078, .T. ) ;
#37 = DIRECTION ( 'NONE',  ( -0.9849570246463139611, -0.000000000000000000, -0.1727994780081253123 ) ) ;
#38 = LOCAL_TIME ( 11, 7, 27.00000000000000000, #1103 ) ;
#39 = ORIENTED_EDGE ( 'NONE', *, *, #889, .F. ) ;
#40 = ORIENTED_EDGE ( 'NONE', *, *, #1835, .F. ) ;
#41 = CYLINDRICAL_SURFACE ( 'NONE', #2030, 1.700000000000000178 ) ;
#42 = LINE ( 'NONE', #63, #791 ) ;
#43 = EDGE_CURVE ( 'NONE', #1692, #504, #340, .T. ) ;
#44 = EDGE_LOOP ( 'NONE', ( #266, #178, #1056 ) ) ;
#45 = CARTESIAN_POINT ( 'NONE',  ( -144.0000000000000284, 6.000000000000000000, 56.99999999999999289 ) ) ;
#46 = EDGE_CURVE ( 'NONE', #577, #1950, #135, .T. ) ;
#47 = FACE_OUTER_BOUND ( 'NONE', #888, .T. ) ;
#48 = ORIENTED_EDGE ( 'NONE', *, *, #1400, .T. ) ;
#49 = ORIENTED_EDGE ( 'NONE', *, *, #1627, .F. ) ;
#50 = DIRECTION ( 'NONE',  ( 1.000000000000000000, 0.000000000000000000, 0.000000000000000000 ) ) ;
#51 = CARTESIAN_POINT ( 'NONE',  ( -11.49999999999999467, 19.91858428704209061, 82.00000000000000000 ) ) ;
#52 = FACE_BOUND ( 'NONE', #515, .T. ) ;
#53 = MANIFOLD_SOLID_BREP ( 'Keel', #984 ) ;
#54 = ORIENTED_EDGE ( 'NONE', *, *, #1612, .F. ) ;
#55 = CYLINDRICAL_SURFACE ( 'NONE', #1557, 1.700000000000000178 ) ;
#56 = CARTESIAN_POINT ( 'NONE',  ( -144.0000000000000284, -50.00000000000000000, 82.00000000000000000 ) ) ;
#57 = PRODUCT_DEFINITION ( 'UNKNOWN', '', #8, #821 ) ;
#58 = EDGE_CURVE ( 'NONE', #2019, #1494, #677, .T. ) ;
#59 = EDGE_LOOP ( 'NONE', ( #1848, #1446, #695, #1947 ) ) ;
#60 = CYLINDRICAL_SURFACE ( 'NONE', #1551, 2.250000000000001776 ) ;
#61 = ORIENTED_EDGE ( 'NONE', *, *, #814, .T. ) ;
#62 = CARTESIAN_POINT ( 'NONE',  ( -132.0000000000000000, 50.00000000000000000, 82.00000000000000000 ) ) ;
#63 = CARTESIAN_POINT ( 'NONE',  ( 17.15000000000000213, 0.000000000000000000, 79.80000000000001137 ) ) ;
#64 = AXIS2_PLACEMENT_3D ( 'NONE', #1683, #1666, #1979 ) ;
#65 = ORIENTED_EDGE ( 'NONE', *, *, #19, .F. ) ;
#66 = DIRECTION ( 'NONE',  ( -1.000000000000000000, -0.000000000000000000, -0.000000000000000000 ) ) ;
#67 = CIRCLE ( 'NONE', #1344, 2.250000000000001776 ) ;
#68 = DIRECTION ( 'NONE',  ( -1.000000000000000000, -0.000000000000000000, -0.000000000000000000 ) ) ;
#69 = CIRCLE ( 'NONE', #341, 6.000000000000000000 ) ;
#70 = ORIENTED_EDGE ( 'NONE', *, *, #1805, .T. ) ;
#71 = VECTOR ( 'NONE', #7, 1000.000000000000000 ) ;
#72 = VECTOR ( 'NONE', #1946, 1000.000000000000000 ) ;
#73 = AXIS2_PLACEMENT_3D ( 'NONE', #1326, #1822, #1175 ) ;
#74 = ORIENTED_EDGE ( 'NONE', *, *, #2002, .T. ) ;
#75 = EDGE_CURVE ( 'NONE', #1290, #1863, #1594, .T. ) ;
#76 = CARTESIAN_POINT ( 'NONE',  ( -144.0000000000000284, -39.72681989798532953, 16.45538759169884813 ) ) ;
#77 = DIRECTION ( 'NONE',  ( 1.000000000000000000, 0.000000000000000000, 0.000000000000000000 ) ) ;
#78 = CARTESIAN_POINT ( 'NONE',  ( 18.00000000000000000, 45.00000000000000000, 82.00000000000000000 ) ) ;
#79 = VERTEX_POINT ( 'NONE', #921 ) ;
#80 = FACE_BOUND ( 'NONE', #1489, .T. ) ;
#81 = CARTESIAN_POINT ( 'NONE',  ( 36.00000000000000000, -27.00000000000000000, 82.00000000000000000 ) ) ;
#82 = ORIENTED_EDGE ( 'NONE', *, *, #330, .F. ) ;
#83 = ORIENTED_EDGE ( 'NONE', *, *, #1042, .F. ) ;
#84 = EDGE_CURVE ( 'NONE', #687, #1125, #585, .T. ) ;
#85 = CARTESIAN_POINT ( 'NONE',  ( -144.0000000000000284, 39.72681989798532953, 16.45538759169885878 ) ) ;
#86 = DIRECTION ( 'NONE',  ( 0.000000000000000000, 0.000000000000000000, 1.000000000000000000 ) ) ;
#87 = ADVANCED_FACE ( 'NONE', ( #1913 ), #931, .F. ) ;
#88 = EDGE_CURVE ( 'NONE', #520, #258, #1109, .T. ) ;
#89 = CARTESIAN_POINT ( 'NONE',  ( -11.49999999999999467, 19.91858428704209061, 82.00000000000000000 ) ) ;
#90 = ORIENTED_EDGE ( 'NONE', *, *, #891, .F. ) ;
#91 = FACE_BOUND ( 'NONE', #14, .T. ) ;
#92 = ORIENTED_EDGE ( 'NONE', *, *, #1667, .F. ) ;
#93 = ORIENTED_EDGE ( 'NONE', *, *, #1667, .T. ) ;
#94 = FACE_OUTER_BOUND ( 'NONE', #495, .T. ) ;
#95 = PERSON_AND_ORGANIZATION ( #1842, #1289 ) ;
#96 = DIRECTION ( 'NONE',  ( -0.000000000000000000, -0.000000000000000000, -1.000000000000000000 ) ) ;
#97 = ORIENTED_EDGE ( 'NONE', *, *, #355, .F. ) ;
#98 = CYLINDRICAL_SURFACE ( 'NONE', #1384, 2.250000000000001776 ) ;
#99 = DIRECTION ( 'NONE',  ( -1.000000000000000000, -0.000000000000000000, -0.000000000000000000 ) ) ;
#100 = VERTEX_POINT ( 'NONE', #633 ) ;
#101 = VECTOR ( 'NONE', #947, 1000.000000000000000 ) ;
#102 = VECTOR ( 'NONE', #17, 1000.000000000000000 ) ;
#103 = DIRECTION ( 'NONE',  ( 0.000000000000000000, 0.000000000000000000, -1.000000000000000000 ) ) ;
#104 = CIRCLE ( 'NONE', #1960, 2.250000000000001776 ) ;
#105 = AXIS2_PLACEMENT_3D ( 'NONE', #1328, #419, #1209 ) ;
#106 = VERTEX_POINT ( 'NONE', #771 ) ;
#107 = VECTOR ( 'NONE', #1750, 1000.000000000000000 ) ;
#108 = VECTOR ( 'NONE', #758, 1000.000000000000000 ) ;
#109 = DIRECTION ( 'NONE',  ( 0.000000000000000000, 0.000000000000000000, -1.000000000000000000 ) ) ;
#110 = APPROVAL_ROLE ( '' ) ;
#111 = CARTESIAN_POINT ( 'NONE',  ( -132.0000000000000000, 0.000000000000000000, 54.10526315789473983 ) ) ;
#112 = ORIENTED_EDGE ( 'NONE', *, *, #1299, .T. ) ;
#113 = CARTESIAN_POINT ( 'NONE',  ( -9.800000000000009592, -19.91858428704208350, 72.00000000000001421 ) ) ;
#114 = EDGE_CURVE ( 'NONE', #1035, #1269, #1717, .T. ) ;
#115 = DIRECTION ( 'NONE',  ( 1.000000000000000000, 0.000000000000000000, 0.000000000000000000 ) ) ;
#116 = FACE_BOUND ( 'NONE', #808, .T. ) ;
#117 = ORIENTED_EDGE ( 'NONE', *, *, #1948, .F. ) ;
#118 = CARTESIAN_POINT ( 'NONE',  ( -132.0000000000000000, 39.72681989798532953, -16.45538759169886234 ) ) ;
#119 = PERSON_AND_ORGANIZATION ( #1842, #1289 ) ;
#120 = CARTESIAN_POINT ( 'NONE',  ( -132.0000000000000000, -39.72681989798532953, 16.45538759169884813 ) ) ;
#121 = EDGE_LOOP ( 'NONE', ( #606, #830 ) ) ;
#122 = DIRECTION ( 'NONE',  ( 0.000000000000000000, 0.000000000000000000, -1.000000000000000000 ) ) ;
#123 = DIRECTION ( 'NONE',  ( 1.000000000000000000, 0.000000000000000000, 0.000000000000000000 ) ) ;
#124 = DIRECTION ( 'NONE',  ( -0.7071067811865474617, 0.7071067811865474617, 0.000000000000000000 ) ) ;
#125 = APPROVAL ( #912, 'UNSPECIFIED' ) ;
#126 = LINE ( 'NONE', #1914, #1631 ) ;
#127 = VERTEX_POINT ( 'NONE', #1239 ) ;
#128 = CARTESIAN_POINT ( 'NONE',  ( 9.800000000000000711, 19.91858428704208706, 82.00000000000000000 ) ) ;
#129 = DATE_AND_TIME ( #278, #751 ) ;
#130 = CARTESIAN_POINT ( 'NONE',  ( -132.0000000000000000, -50.00000000000000000, 82.00000000000000000 ) ) ;
#131 = VERTEX_POINT ( 'NONE', #268 ) ;
#132 = DIRECTION ( 'NONE',  ( 1.000000000000000000, 0.000000000000000000, 0.000000000000000000 ) ) ;
#133 = FACE_OUTER_BOUND ( 'NONE', #1182, .T. ) ;
#134 = VERTEX_POINT ( 'NONE', #1563 ) ;
#135 = LINE ( 'NONE', #1425, #1082 ) ;
#136 = CARTESIAN_POINT ( 'NONE',  ( -132.0000000000000000, -50.00000000000000000, 82.00000000000000000 ) ) ;
#137 = CIRCLE ( 'NONE', #480, 2.250000000000000444 ) ;
#138 = EDGE_LOOP ( 'NONE', ( #1140, #1310, #928, #195 ) ) ;
#139 = EDGE_CURVE ( 'NONE', #421, #520, #1088, .T. ) ;
#140 = AXIS2_PLACEMENT_3D ( 'NONE', #1415, #433, #1603 ) ;
#141 = CYLINDRICAL_SURFACE ( 'NONE', #1555, 2.250000000000001776 ) ;
#142 = CIRCLE ( 'NONE', #674, 1.700000000000000178 ) ;
#143 = COORDINATED_UNIVERSAL_TIME_OFFSET ( 5, 30, .AHEAD. ) ;
#144 = VECTOR ( 'NONE', #998, 1000.000000000000000 ) ;
#145 = CYLINDRICAL_SURFACE ( 'NONE', #651, 2.249999999999998668 ) ;
#146 = AXIS2_PLACEMENT_3D ( 'NONE', #906, #1886, #1238 ) ;
#147 = EDGE_CURVE ( 'NONE', #1952, #1070, #142, .T. ) ;
#148 = CARTESIAN_POINT ( 'NONE',  ( 17.15000000000000213, 0.000000000000000000, 79.80000000000001137 ) ) ;
#149 = LINE ( 'NONE', #795, #1150 ) ;
#150 = DIRECTION ( 'NONE',  ( -1.000000000000000000, -0.000000000000000000, -0.000000000000000000 ) ) ;
#151 = DIRECTION ( 'NONE',  ( 1.000000000000000000, 0.000000000000000000, -0.000000000000000000 ) ) ;
#152 = EDGE_LOOP ( 'NONE', ( #1371, #663 ) ) ;
#153 = DIRECTION ( 'NONE',  ( 0.000000000000000000, 0.000000000000000000, 1.000000000000000000 ) ) ;
#154 = PLANE ( 'NONE',  #242 ) ;
#155 = ADVANCED_FACE ( 'NONE', ( #607 ), #1904, .F. ) ;
#156 = ADVANCED_FACE ( 'NONE', ( #1745 ), #1437, .F. ) ;
#157 = FACE_OUTER_BOUND ( 'NONE', #1223, .T. ) ;
#158 = CARTESIAN_POINT ( 'NONE',  ( 36.00000000000000000, 27.00000000000000000, 72.00000000000001421 ) ) ;
#159 = EDGE_LOOP ( 'NONE', ( #763, #1151, #460, #972 ) ) ;
#160 = CARTESIAN_POINT ( 'NONE',  ( -132.0000000000000000, -39.72681989798532953, 16.45538759169884813 ) ) ;
#161 = EDGE_LOOP ( 'NONE', ( #872, #1643 ) ) ;
#162 = LINE ( 'NONE', #519, #884 ) ;
#163 = CARTESIAN_POINT ( 'NONE',  ( -144.0000000000000284, 39.72681989798532953, -14.20538759169886411 ) ) ;
#164 = FACE_OUTER_BOUND ( 'NONE', #335, .T. ) ;
#165 = CARTESIAN_POINT ( 'NONE',  ( -144.0000000000000284, -39.72681989798532953, 16.45538759169884813 ) ) ;
#166 = VERTEX_POINT ( 'NONE', #1951 ) ;
#167 = CARTESIAN_POINT ( 'NONE',  ( -126.0000000000000284, 45.00000000000000000, 82.00000000000000000 ) ) ;
#168 = VERTEX_POINT ( 'NONE', #194 ) ;
#169 = CARTESIAN_POINT ( 'NONE',  ( -13.20000000000000995, -19.91858428704208350, 72.00000000000001421 ) ) ;
#170 = CIRCLE ( 'NONE', #1488, 1.700000000000000178 ) ;
#171 = EDGE_LOOP ( 'NONE', ( #40, #2087, #1031, #61, #1067, #488, #1632, #27 ) ) ;
#172 = VECTOR ( 'NONE', #1074, 1000.000000000000000 ) ;
#173 = AXIS2_PLACEMENT_3D ( 'NONE', #1230, #1574, #469 ) ;
#174 = AXIS2_PLACEMENT_3D ( 'NONE', #1744, #1443, #199 ) ;
#175 = AXIS2_PLACEMENT_3D ( 'NONE', #569, #1698, #1177 ) ;
#176 = CARTESIAN_POINT ( 'NONE',  ( 0.000000000000000000, -6.000000000000000000, 0.000000000000000000 ) ) ;
#177 = VECTOR ( 'NONE', #1104, 1000.000000000000000 ) ;
#178 = ORIENTED_EDGE ( 'NONE', *, *, #1955, .F. ) ;
#179 = EDGE_CURVE ( 'NONE', #1837, #131, #516, .T. ) ;
#180 = CARTESIAN_POINT ( 'NONE',  ( -144.0000000000000284, -16.45538759169884813, -41.97681989798532953 ) ) ;
#181 = CC_DESIGN_PERSON_AND_ORGANIZATION_ASSIGNMENT ( #1395, #777, ( #1153 ) ) ;
#182 = EDGE_LOOP ( 'NONE', ( #759, #1193 ) ) ;
#183 = DIRECTION ( 'NONE',  ( 0.000000000000000000, 0.000000000000000000, 1.000000000000000000 ) ) ;
#184 = ORIENTED_EDGE ( 'NONE', *, *, #619, .T. ) ;
#185 = DIRECTION ( 'NONE',  ( 0.000000000000000000, 0.000000000000000000, 1.000000000000000000 ) ) ;
#186 = EDGE_LOOP ( 'NONE', ( #588, #1453, #117, #1873 ) ) ;
#187 = CARTESIAN_POINT ( 'NONE',  ( -144.0000000000000284, -4.000000000000000000, 52.00000000000000000 ) ) ;
#188 = ORIENTED_EDGE ( 'NONE', *, *, #1940, .T. ) ;
#189 = CARTESIAN_POINT ( 'NONE',  ( -11.49999999999999467, 19.91858428704209061, 72.00000000000001421 ) ) ;
#190 = EDGE_LOOP ( 'NONE', ( #448, #1809 ) ) ;
#191 = DIRECTION ( 'NONE',  ( 0.000000000000000000, 0.000000000000000000, 1.000000000000000000 ) ) ;
#192 = DIRECTION ( 'NONE',  ( 1.000000000000000000, 0.000000000000000000, 0.000000000000000000 ) ) ;
#193 = EDGE_LOOP ( 'NONE', ( #414, #1670, #596, #1204 ) ) ;
#194 = CARTESIAN_POINT ( 'NONE',  ( 9.800000000000000711, -19.91858428704208706, 72.00000000000001421 ) ) ;
#195 = ORIENTED_EDGE ( 'NONE', *, *, #46, .T. ) ;
#196 = DIRECTION ( 'NONE',  ( 0.000000000000000000, 0.000000000000000000, 1.000000000000000000 ) ) ;
#197 = VERTEX_POINT ( 'NONE', #1647 ) ;
#198 = EDGE_CURVE ( 'NONE', #1276, #1837, #1168, .T. ) ;
#199 = DIRECTION ( 'NONE',  ( 0.000000000000000000, -0.000000000000000000, 1.000000000000000000 ) ) ;
#200 = EDGE_CURVE ( 'NONE', #421, #1530, #1161, .T. ) ;
#201 = AXIS2_PLACEMENT_3D ( 'NONE', #2, #926, #2078 ) ;
#202 = FACE_OUTER_BOUND ( 'NONE', #724, .T. ) ;
#203 = CIRCLE ( 'NONE', #1380, 1.700000000000000178 ) ;
#204 = VECTOR ( 'NONE', #892, 1000.000000000000000 ) ;
#205 = AXIS2_PLACEMENT_3D ( 'NONE', #1388, #1877, #1910 ) ;
#206 = ORIENTED_EDGE ( 'NONE', *, *, #237, .T. ) ;
#207 = CARTESIAN_POINT ( 'NONE',  ( -6.000000000000000000, 0.000000000000000000, 72.00000000000001421 ) ) ;
#208 = CIRCLE ( 'NONE', #989, 2.250000000000001776 ) ;
#209 = VECTOR ( 'NONE', #1218, 1000.000000000000000 ) ;
#210 = ORIENTED_EDGE ( 'NONE', *, *, #1703, .F. ) ;
#211 = DIRECTION ( 'NONE',  ( 0.000000000000000000, 0.000000000000000000, -1.000000000000000000 ) ) ;
#212 = VERTEX_POINT ( 'NONE', #1806 ) ;
#213 = CARTESIAN_POINT ( 'NONE',  ( -86.00000000000000000, 6.000000000000000000, 56.99999999999999289 ) ) ;
#214 = LINE ( 'NONE', #1500, #990 ) ;
#215 = ADVANCED_FACE ( 'NONE', ( #489 ), #353, .F. ) ;
#216 = EDGE_CURVE ( 'NONE', #1304, #1334, #1466, .T. ) ;
#217 = VERTEX_POINT ( 'NONE', #840 ) ;
#218 = DIRECTION ( 'NONE',  ( 0.000000000000000000, 0.000000000000000000, 1.000000000000000000 ) ) ;
#219 = VERTEX_POINT ( 'NONE', #1287 ) ;
#220 = ORIENTED_EDGE ( 'NONE', *, *, #899, .F. ) ;
#221 = CARTESIAN_POINT ( 'NONE',  ( -115.5000000000003695, -4.000000000000000000, 56.99999999999996447 ) ) ;
#222 = CARTESIAN_POINT ( 'NONE',  ( 13.20000000000000107, -19.91858428704208706, 72.00000000000001421 ) ) ;
#223 = CYLINDRICAL_SURFACE ( 'NONE', #1257, 1.700000000000000178 ) ;
#224 = ORIENTED_EDGE ( 'NONE', *, *, #88, .F. ) ;
#225 = LINE ( 'NONE', #1502, #1017 ) ;
#226 = EDGE_CURVE ( 'NONE', #1070, #1952, #2064, .T. ) ;
#227 = LINE ( 'NONE', #1513, #1215 ) ;
#228 = ORIENTED_EDGE ( 'NONE', *, *, #527, .F. ) ;
#229 = EDGE_CURVE ( 'NONE', #100, #1176, #1815, .T. ) ;
#230 = CARTESIAN_POINT ( 'NONE',  ( -144.0000000000000284, 0.000000000000000000, 0.000000000000000000 ) ) ;
#231 = ORIENTED_EDGE ( 'NONE', *, *, #200, .T. ) ;
#232 = LINE ( 'NONE', #1205, #236 ) ;
#233 = DIRECTION ( 'NONE',  ( -1.000000000000000000, 0.000000000000000000, 0.000000000000000000 ) ) ;
#234 = ORIENTED_EDGE ( 'NONE', *, *, #570, .F. ) ;
#235 = FACE_OUTER_BOUND ( 'NONE', #1338, .T. ) ;
#236 = VECTOR ( 'NONE', #900, 1000.000000000000000 ) ;
#237 = EDGE_CURVE ( 'NONE', #338, #687, #686, .T. ) ;
#238 = AXIS2_PLACEMENT_3D ( 'NONE', #13, #1315, #1468 ) ;
#239 = EDGE_LOOP ( 'NONE', ( #1870, #1241, #835, #1228, #74, #188, #706, #556, #1991, #1263, #83, #1702 ) ) ;
#240 = AXIS2_PLACEMENT_3D ( 'NONE', #440, #132, #780 ) ;
#241 = DIRECTION ( 'NONE',  ( 1.000000000000000000, 0.000000000000000000, 0.000000000000000000 ) ) ;
#242 = AXIS2_PLACEMENT_3D ( 'NONE', #810, #315, #1449 ) ;
#243 = EDGE_CURVE ( 'NONE', #1753, #291, #203, .T. ) ;
#244 = VERTEX_POINT ( 'NONE', #334 ) ;
#245 = DIRECTION ( 'NONE',  ( -1.000000000000000000, 0.000000000000000000, 0.000000000000000000 ) ) ;
#246 = DIRECTION ( 'NONE',  ( 1.000000000000000000, 0.000000000000000000, 0.000000000000000000 ) ) ;
#247 = LINE ( 'NONE', #360, #922 ) ;
#248 = ORIENTED_EDGE ( 'NONE', *, *, #1108, .F. ) ;
#249 = FACE_BOUND ( 'NONE', #1651, .T. ) ;
#250 = ORIENTED_EDGE ( 'NONE', *, *, #1584, .T. ) ;
#251 = VERTEX_POINT ( 'NONE', #207 ) ;
#252 = CARTESIAN_POINT ( 'NONE',  ( -144.0000000000000284, -39.72681989798532243, -16.45538759169886944 ) ) ;
#253 =( NAMED_UNIT ( * ) PLANE_ANGLE_UNIT ( ) SI_UNIT ( $, .RADIAN. ) );
#254 = DIRECTION ( 'NONE',  ( 0.000000000000000000, 0.000000000000000000, -1.000000000000000000 ) ) ;
#255 = EDGE_LOOP ( 'NONE', ( #1354, #478 ) ) ;
#256 = LINE ( 'NONE', #429, #1931 ) ;
#257 = CARTESIAN_POINT ( 'NONE',  ( -132.0000000000000000, 39.72681989798532953, 14.20538759169885878 ) ) ;
#258 = VERTEX_POINT ( 'NONE', #1011 ) ;
#259 = FACE_BOUND ( 'NONE', #542, .T. ) ;
#260 = ORIENTED_EDGE ( 'NONE', *, *, #491, .F. ) ;
#261 = LINE ( 'NONE', #1102, #918 ) ;
#262 = PERSON_AND_ORGANIZATION ( #1842, #1289 ) ;
#263 = EDGE_CURVE ( 'NONE', #790, #329, #1656, .T. ) ;
#264 = CARTESIAN_POINT ( 'NONE',  ( -132.0000000000000000, 39.72681989798532953, -16.45538759169886234 ) ) ;
#265 = ADVANCED_FACE ( 'NONE', ( #1445 ), #2093, .F. ) ;
#266 = ORIENTED_EDGE ( 'NONE', *, *, #902, .F. ) ;
#267 = DIRECTION ( 'NONE',  ( 1.000000000000000000, 0.000000000000000000, 0.000000000000000000 ) ) ;
#268 = CARTESIAN_POINT ( 'NONE',  ( -86.00000000000001421, -4.000000000000000000, 62.17543859649123306 ) ) ;
#269 = AXIS2_PLACEMENT_3D ( 'NONE', #1585, #151, #1100 ) ;
#270 = AXIS2_PLACEMENT_3D ( 'NONE', #824, #1305, #346 ) ;
#271 = CARTESIAN_POINT ( 'NONE',  ( -23.00000000000000000, 2.816687638038912352E-15, 72.00000000000001421 ) ) ;
#272 = AXIS2_PLACEMENT_3D ( 'NONE', #1372, #415, #382 ) ;
#273 = VERTEX_POINT ( 'NONE', #980 ) ;
#274 = CIRCLE ( 'NONE', #819, 13.00000000000000000 ) ;
#275 = VECTOR ( 'NONE', #1928, 1000.000000000000114 ) ;
#276 = PRODUCT ( 'JX1_HipYawBracket_L', 'JX1_HipYawBracket_L', '', ( #1381 ) ) ;
#277 = DIRECTION ( 'NONE',  ( 0.000000000000000000, 0.000000000000000000, 1.000000000000000000 ) ) ;
#278 = CALENDAR_DATE ( 2026, 24, 9 ) ;
#279 = CARTESIAN_POINT ( 'NONE',  ( -132.0000000000000000, 39.00000000000002132, 82.00000000000000000 ) ) ;
#280 = ORIENTED_EDGE ( 'NONE', *, *, #1781, .T. ) ;
#281 = DIRECTION ( 'NONE',  ( 0.9849570246463139611, 0.000000000000000000, 0.1727994780081253123 ) ) ;
#282 = EDGE_CURVE ( 'NONE', #442, #1580, #1553, .T. ) ;
#283 = EDGE_CURVE ( 'NONE', #1885, #1936, #1625, .T. ) ;
#284 = DIRECTION ( 'NONE',  ( -0.000000000000000000, -0.000000000000000000, -1.000000000000000000 ) ) ;
#285 = VERTEX_POINT ( 'NONE', #180 ) ;
#286 = FACE_BOUND ( 'NONE', #1147, .T. ) ;
#287 = ORIENTED_EDGE ( 'NONE', *, *, #500, .T. ) ;
#288 = DIRECTION ( 'NONE',  ( -0.000000000000000000, -0.000000000000000000, -1.000000000000000000 ) ) ;
#289 = DIRECTION ( 'NONE',  ( 0.000000000000000000, 0.000000000000000000, 1.000000000000000000 ) ) ;
#290 = DIRECTION ( 'NONE',  ( -1.000000000000000000, -0.000000000000000000, -0.000000000000000000 ) ) ;
#291 = VERTEX_POINT ( 'NONE', #1472 ) ;
#292 = CARTESIAN_POINT ( 'NONE',  ( -9.799999999999993605, 19.91858428704209061, 82.00000000000000000 ) ) ;
#293 = DIRECTION ( 'NONE',  ( 0.000000000000000000, 0.000000000000000000, -1.000000000000000000 ) ) ;
#294 = EDGE_CURVE ( 'NONE', #874, #1176, #1181, .T. ) ;
#295 = ORIENTED_EDGE ( 'NONE', *, *, #1652, .T. ) ;
#296 = LINE ( 'NONE', #1426, #172 ) ;
#297 = ADVANCED_FACE ( 'NONE', ( #994 ), #1638, .F. ) ;
#298 = ORIENTED_EDGE ( 'NONE', *, *, #1430, .F. ) ;
#299 = CYLINDRICAL_SURFACE ( 'NONE', #785, 2.249999999999998668 ) ;
#300 = FACE_OUTER_BOUND ( 'NONE', #1120, .T. ) ;
#301 = CARTESIAN_POINT ( 'NONE',  ( -132.0000000000000000, 0.000000000000000000, 0.000000000000000000 ) ) ;
#302 = CARTESIAN_POINT ( 'NONE',  ( 36.00000000000000000, 27.00000000000000000, 72.00000000000001421 ) ) ;
#303 = CARTESIAN_POINT ( 'NONE',  ( 0.000000000000000000, 0.000000000000000000, 79.80000000000001137 ) ) ;
#304 = EDGE_CURVE ( 'NONE', #197, #1906, #1722, .T. ) ;
#305 = FACE_BOUND ( 'NONE', #688, .T. ) ;
#306 = AXIS2_PLACEMENT_3D ( 'NONE', #1343, #1985, #1179 ) ;
#307 = ORIENTED_EDGE ( 'NONE', *, *, #1588, .T. ) ;
#308 = ADVANCED_FACE ( 'NONE', ( #376 ), #1528, .F. ) ;
#309 = EDGE_CURVE ( 'NONE', #400, #1646, #1201, .T. ) ;
#310 = AXIS2_PLACEMENT_3D ( 'NONE', #1284, #1768, #1008 ) ;
#311 = CARTESIAN_POINT ( 'NONE',  ( -132.0000000000000000, -39.72681989798532243, -18.70538759169886589 ) ) ;
#312 = AXIS2_PLACEMENT_3D ( 'NONE', #2046, #1409, #603 ) ;
#313 = DIRECTION ( 'NONE',  ( -1.000000000000000000, -0.000000000000000000, -0.000000000000000000 ) ) ;
#314 = APPROVAL_PERSON_ORGANIZATION ( #765, #470, #1894 ) ;
#315 = DIRECTION ( 'NONE',  ( 0.000000000000000000, 1.000000000000000000, 0.000000000000000000 ) ) ;
#316 = CARTESIAN_POINT ( 'NONE',  ( 11.50000000000000178, 19.91858428704208706, 72.00000000000001421 ) ) ;
#317 = DIRECTION ( 'NONE',  ( 1.000000000000000000, 0.000000000000000000, 0.000000000000000000 ) ) ;
#318 = ORIENTED_EDGE ( 'NONE', *, *, #1727, .F. ) ;
#319 = ORIENTED_EDGE ( 'NONE', *, *, #393, .T. ) ;
#320 = ORIENTED_EDGE ( 'NONE', *, *, #775, .T. ) ;
#321 = LINE ( 'NONE', #1440, #1123 ) ;
#322 = LINE ( 'NONE', #485, #1831 ) ;
#323 = EDGE_CURVE ( 'NONE', #1070, #1301, #1355, .T. ) ;
#324 = LINE ( 'NONE', #660, #1051 ) ;
#325 = VERTEX_POINT ( 'NONE', #868 ) ;
#326 = DIRECTION ( 'NONE',  ( 0.000000000000000000, 0.000000000000000000, -1.000000000000000000 ) ) ;
#327 = VERTEX_POINT ( 'NONE', #1222 ) ;
#328 = FACE_OUTER_BOUND ( 'NONE', #1786, .T. ) ;
#329 = VERTEX_POINT ( 'NONE', #534 ) ;
#330 = EDGE_CURVE ( 'NONE', #1501, #983, #860, .T. ) ;
#331 = DIRECTION ( 'NONE',  ( 0.000000000000000000, 0.000000000000000000, -1.000000000000000000 ) ) ;
#332 = EDGE_CURVE ( 'NONE', #1730, #874, #1676, .T. ) ;
#333 = EDGE_LOOP ( 'NONE', ( #472, #529, #2050, #1341 ) ) ;
#334 = CARTESIAN_POINT ( 'NONE',  ( -13.20000000000000995, -19.91858428704208350, 82.00000000000000000 ) ) ;
#335 = EDGE_LOOP ( 'NONE', ( #398, #1609, #390 ) ) ;
#336 = CARTESIAN_POINT ( 'NONE',  ( -132.0000000000000000, -4.000000000000000000, 0.000000000000000000 ) ) ;
#337 = VECTOR ( 'NONE', #1736, 1000.000000000000000 ) ;
#338 = VERTEX_POINT ( 'NONE', #1824 ) ;
#339 = AXIS2_PLACEMENT_3D ( 'NONE', #230, #729, #704 ) ;
#340 = CIRCLE ( 'NONE', #1691, 17.15000000000000213 ) ;
#341 = AXIS2_PLACEMENT_3D ( 'NONE', #1566, #764, #2077 ) ;
#342 = LINE ( 'NONE', #1451, #849 ) ;
#343 =( GEOMETRIC_REPRESENTATION_CONTEXT ( 3 ) GLOBAL_UNCERTAINTY_ASSIGNED_CONTEXT ( ( #1450 ) ) GLOBAL_UNIT_ASSIGNED_CONTEXT ( ( #426, #253, #579 ) ) REPRESENTATION_CONTEXT ( 'NONE', 'WORKASPACE' ) );
#344 = AXIS2_PLACEMENT_3D ( 'NONE', #2035, #1227, #938 ) ;
#345 = ORIENTED_EDGE ( 'NONE', *, *, #1573, .F. ) ;
#346 = DIRECTION ( 'NONE',  ( 0.000000000000000000, 0.000000000000000000, -1.000000000000000000 ) ) ;
#347 = ORIENTED_EDGE ( 'NONE', *, *, #1712, .T. ) ;
#348 = CARTESIAN_POINT ( 'NONE',  ( -132.0000000000000000, 0.000000000000000000, 72.00000000000001421 ) ) ;
#349 = ORIENTED_EDGE ( 'NONE', *, *, #1199, .T. ) ;
#350 = CARTESIAN_POINT ( 'NONE',  ( -132.0000000000000000, 39.72681989798532953, -16.45538759169886234 ) ) ;
#351 = CARTESIAN_POINT ( 'NONE',  ( -132.0000000000000000, 50.00000000000000000, -50.00000000000000000 ) ) ;
#352 = ORIENTED_EDGE ( 'NONE', *, *, #684, .F. ) ;
#353 = PLANE ( 'NONE',  #844 ) ;
#354 = LINE ( 'NONE', #1974, #1593 ) ;
#355 = EDGE_CURVE ( 'NONE', #1323, #1565, #225, .T. ) ;
#356 = ORIENTED_EDGE ( 'NONE', *, *, #1207, .T. ) ;
#357 = DIRECTION ( 'NONE',  ( -0.000000000000000000, 0.000000000000000000, 1.000000000000000000 ) ) ;
#358 = ORIENTED_EDGE ( 'NONE', *, *, #576, .T. ) ;
#359 = CARTESIAN_POINT ( 'NONE',  ( -144.0000000000000284, 39.72681989798532953, 18.70538759169885878 ) ) ;
#360 = CARTESIAN_POINT ( 'NONE',  ( -126.0000000000000284, -45.00000000000000000, 72.00000000000001421 ) ) ;
#361 = ORIENTED_EDGE ( 'NONE', *, *, #198, .F. ) ;
#362 = DIRECTION ( 'NONE',  ( 1.000000000000000000, 0.000000000000000000, 0.000000000000000000 ) ) ;
#363 = CARTESIAN_POINT ( 'NONE',  ( -115.5000000000003695, 4.000000000000000000, 56.99999999999996447 ) ) ;
#364 = ORIENTED_EDGE ( 'NONE', *, *, #304, .F. ) ;
#365 = CARTESIAN_POINT ( 'NONE',  ( 6.000000000000000000, 7.347880794884119736E-16, 72.00000000000001421 ) ) ;
#366 = ORIENTED_EDGE ( 'NONE', *, *, #282, .F. ) ;
#367 = EDGE_CURVE ( 'NONE', #897, #1276, #1512, .T. ) ;
#368 = EDGE_CURVE ( 'NONE', #131, #327, #896, .T. ) ;
#369 = CARTESIAN_POINT ( 'NONE',  ( 18.00000000000000000, -45.00000000000000000, 82.00000000000000000 ) ) ;
#370 = CIRCLE ( 'NONE', #1688, 2.250000000000001776 ) ;
#371 = LINE ( 'NONE', #78, #1124 ) ;
#372 = AXIS2_PLACEMENT_3D ( 'NONE', #1937, #813, #1785 ) ;
#373 = VECTOR ( 'NONE', #1113, 1000.000000000000000 ) ;
#374 = VECTOR ( 'NONE', #1570, 1000.000000000000000 ) ;
#375 = VERTEX_POINT ( 'NONE', #725 ) ;
#376 = FACE_OUTER_BOUND ( 'NONE', #1987, .T. ) ;
#377 = CC_DESIGN_APPROVAL ( #470, ( #1153 ) ) ;
#378 = AXIS2_PLACEMENT_3D ( 'NONE', #1028, #1510, #1813 ) ;
#379 = DIRECTION ( 'NONE',  ( 1.000000000000000000, 0.000000000000000000, 0.000000000000000000 ) ) ;
#380 = ORIENTED_EDGE ( 'NONE', *, *, #1986, .F. ) ;
#381 = ORIENTED_EDGE ( 'NONE', *, *, #31, .T. ) ;
#382 = DIRECTION ( 'NONE',  ( 0.7071067811865474617, -0.7071067811865474617, 0.000000000000000000 ) ) ;
#383 = PLANE ( 'NONE',  #73 ) ;
#384 = EDGE_CURVE ( 'NONE', #1035, #1142, #1862, .T. ) ;
#385 = ORIENTED_EDGE ( 'NONE', *, *, #2048, .T. ) ;
#386 = DIRECTION ( 'NONE',  ( 0.000000000000000000, -0.000000000000000000, 1.000000000000000000 ) ) ;
#387 = DIRECTION ( 'NONE',  ( -1.000000000000000000, -0.000000000000000000, -0.000000000000000000 ) ) ;
#388 = EDGE_LOOP ( 'NONE', ( #432, #224, #1540, #231 ) ) ;
#389 = FACE_BOUND ( 'NONE', #1758, .T. ) ;
#390 = ORIENTED_EDGE ( 'NONE', *, *, #367, .T. ) ;
#391 = CARTESIAN_POINT ( 'NONE',  ( -132.0000000000000000, 0.000000000000000000, 56.99999999999999289 ) ) ;
#392 = DIRECTION ( 'NONE',  ( -0.000000000000000000, -0.000000000000000000, 1.000000000000000000 ) ) ;
#393 = EDGE_CURVE ( 'NONE', #1142, #251, #1064, .T. ) ;
#394 = VERTEX_POINT ( 'NONE', #1849 ) ;
#395 = FACE_OUTER_BOUND ( 'NONE', #1178, .T. ) ;
#396 = ADVANCED_FACE ( 'NONE', ( #395 ), #55, .F. ) ;
#397 = DIRECTION ( 'NONE',  ( 1.000000000000000000, -0.000000000000000000, -0.000000000000000000 ) ) ;
#398 = ORIENTED_EDGE ( 'NONE', *, *, #1545, .T. ) ;
#399 = DIRECTION ( 'NONE',  ( -1.000000000000000000, -0.000000000000000000, -0.000000000000000000 ) ) ;
#400 = VERTEX_POINT ( 'NONE', #1685 ) ;
#401 = DIRECTION ( 'NONE',  ( 0.000000000000000000, 0.000000000000000000, 1.000000000000000000 ) ) ;
#402 = FACE_OUTER_BOUND ( 'NONE', #2010, .T. ) ;
#403 = CARTESIAN_POINT ( 'NONE',  ( -86.00000000000000000, -6.000000000000000000, 56.99999999999999289 ) ) ;
#404 = VECTOR ( 'NONE', #2086, 1000.000000000000000 ) ;
#405 = EDGE_LOOP ( 'NONE', ( #696, #944, #1358, #92 ) ) ;
#406 = DIRECTION ( 'NONE',  ( 1.000000000000000000, 0.000000000000000000, 0.000000000000000000 ) ) ;
#407 = CIRCLE ( 'NONE', #35, 2.249999999999998668 ) ;
#408 = VECTOR ( 'NONE', #831, 1000.000000000000000 ) ;
#409 = PLANE ( 'NONE',  #843 ) ;
#410 = ADVANCED_FACE ( 'NONE', ( #235 ), #883, .F. ) ;
#411 = AXIS2_PLACEMENT_3D ( 'NONE', #1226, #289, #1567 ) ;
#412 = EDGE_LOOP ( 'NONE', ( #768, #385, #1706, #635 ) ) ;
#413 = DIRECTION ( 'NONE',  ( -0.000000000000000000, -0.000000000000000000, -1.000000000000000000 ) ) ;
#414 = ORIENTED_EDGE ( 'NONE', *, *, #1796, .F. ) ;
#415 = DIRECTION ( 'NONE',  ( -0.7071067811865475727, -0.7071067811865475727, 0.000000000000000000 ) ) ;
#416 = DIRECTION ( 'NONE',  ( 1.000000000000000000, 0.000000000000000000, 0.000000000000000000 ) ) ;
#417 = LINE ( 'NONE', #463, #177 ) ;
#418 = VERTEX_POINT ( 'NONE', #1992 ) ;
#419 = DIRECTION ( 'NONE',  ( 0.000000000000000000, 0.000000000000000000, 1.000000000000000000 ) ) ;
#420 = LINE ( 'NONE', #257, #1149 ) ;
#421 = VERTEX_POINT ( 'NONE', #1039 ) ;
#422 = ADVANCED_FACE ( 'NONE', ( #852, #1538, #693, #249, #80, #1857, #1053, #91, #736, #2037 ), #1084, .T. ) ;
#423 = FACE_OUTER_BOUND ( 'NONE', #699, .T. ) ;
#424 = ORIENTED_EDGE ( 'NONE', *, *, #2080, .T. ) ;
#425 = DIRECTION ( 'NONE',  ( -0.7071067811865474617, -0.7071067811865474617, 0.000000000000000000 ) ) ;
#426 =( LENGTH_UNIT ( ) NAMED_UNIT ( * ) SI_UNIT ( .MILLI., .METRE. ) );
#427 = LINE ( 'NONE', #111, #108 ) ;
#428 = ORIENTED_EDGE ( 'NONE', *, *, #1940, .F. ) ;
#429 = CARTESIAN_POINT ( 'NONE',  ( -126.0000000000000284, -45.00000000000000000, 82.00000000000000000 ) ) ;
#430 = DIRECTION ( 'NONE',  ( 0.000000000000000000, -0.000000000000000000, -1.000000000000000000 ) ) ;
#431 = CARTESIAN_POINT ( 'NONE',  ( -132.0000000000000000, 16.45538759169886589, 39.72681989798532953 ) ) ;
#432 = ORIENTED_EDGE ( 'NONE', *, *, #1492, .T. ) ;
#433 = DIRECTION ( 'NONE',  ( -1.000000000000000000, -0.000000000000000000, -0.000000000000000000 ) ) ;
#434 = CALENDAR_DATE ( 2026, 24, 9 ) ;
#435 = LINE ( 'NONE', #474, #444 ) ;
#436 = ADVANCED_FACE ( 'NONE', ( #929 ), #98, .F. ) ;
#437 = ADVANCED_FACE ( 'NONE', ( #1071 ), #593, .F. ) ;
#438 = DIRECTION ( 'NONE',  ( -1.000000000000000000, 0.000000000000000000, 0.000000000000000000 ) ) ;
#439 = ORIENTED_EDGE ( 'NONE', *, *, #641, .T. ) ;
#440 = CARTESIAN_POINT ( 'NONE',  ( -132.0000000000000000, 39.72681989798532953, 16.45538759169885878 ) ) ;
#441 = VECTOR ( 'NONE', #392, 1000.000000000000000 ) ;
#442 = VERTEX_POINT ( 'NONE', #465 ) ;
#443 = DIRECTION ( 'NONE',  ( 1.000000000000000000, 0.000000000000000000, 0.000000000000000000 ) ) ;
#444 = VECTOR ( 'NONE', #462, 1000.000000000000000 ) ;
#445 = AXIS2_PLACEMENT_3D ( 'NONE', #1888, #654, #11 ) ;
#446 = CARTESIAN_POINT ( 'NONE',  ( 36.00000000000000000, -27.00000000000000000, 82.00000000000000000 ) ) ;
#447 = AXIS2_PLACEMENT_3D ( 'NONE', #467, #1644, #293 ) ;
#448 = ORIENTED_EDGE ( 'NONE', *, *, #1747, .F. ) ;
#449 = AXIS2_PLACEMENT_3D ( 'NONE', #1834, #539, #1027 ) ;
#450 = AXIS2_PLACEMENT_3D ( 'NONE', #1115, #1611, #650 ) ;
#451 = FACE_OUTER_BOUND ( 'NONE', #159, .T. ) ;
#452 = CALENDAR_DATE ( 2026, 24, 9 ) ;
#453 = LINE ( 'NONE', #1592, #575 ) ;
#454 = EDGE_LOOP ( 'NONE', ( #1473, #439, #502, #1156 ) ) ;
#455 = DIRECTION ( 'NONE',  ( 0.000000000000000000, 0.000000000000000000, 1.000000000000000000 ) ) ;
#456 = CARTESIAN_POINT ( 'NONE',  ( -132.0000000000000000, -50.00000000000000000, -50.00000000000000000 ) ) ;
#457 = EDGE_CURVE ( 'NONE', #2019, #168, #621, .T. ) ;
#458 = CARTESIAN_POINT ( 'NONE',  ( -132.0000000000000000, -16.45538759169885523, 39.72681989798532953 ) ) ;
#459 = FACE_BOUND ( 'NONE', #905, .T. ) ;
#460 = ORIENTED_EDGE ( 'NONE', *, *, #229, .T. ) ;
#461 = DIRECTION ( 'NONE',  ( 1.000000000000000000, 0.000000000000000000, 0.000000000000000000 ) ) ;
#462 = DIRECTION ( 'NONE',  ( -1.000000000000000000, -0.000000000000000000, -0.000000000000000000 ) ) ;
#463 = CARTESIAN_POINT ( 'NONE',  ( -132.0000000000000000, 0.000000000000000000, 56.99999999999999289 ) ) ;
#464 = ORIENTED_EDGE ( 'NONE', *, *, #19, .T. ) ;
#465 = CARTESIAN_POINT ( 'NONE',  ( -132.0000000000000000, -39.72681989798532243, -14.20538759169886944 ) ) ;
#466 = EDGE_CURVE ( 'NONE', #497, #1607, #1764, .T. ) ;
#467 = CARTESIAN_POINT ( 'NONE',  ( -144.0000000000000284, -39.72681989798532243, -16.45538759169886944 ) ) ;
#468 = ORIENTED_EDGE ( 'NONE', *, *, #1330, .T. ) ;
#469 = DIRECTION ( 'NONE',  ( 1.000000000000000000, 0.000000000000000000, 0.000000000000000000 ) ) ;
#470 = APPROVAL ( #1405, 'UNSPECIFIED' ) ;
#471 = CARTESIAN_POINT ( 'NONE',  ( -86.00000000000000000, -6.000000000000000000, 72.00000000000001421 ) ) ;
#472 = ORIENTED_EDGE ( 'NONE', *, *, #995, .F. ) ;
#473 = CARTESIAN_POINT ( 'NONE',  ( -144.0000000000000284, 16.45538759169886589, 39.72681989798532953 ) ) ;
#474 = CARTESIAN_POINT ( 'NONE',  ( -132.0000000000000000, 39.72681989798532953, 18.70538759169885878 ) ) ;
#475 = FACE_OUTER_BOUND ( 'NONE', #1921, .T. ) ;
#476 = CARTESIAN_POINT ( 'NONE',  ( -144.0000000000000284, 16.45538759169886589, 39.72681989798532953 ) ) ;
#477 = CARTESIAN_POINT ( 'NONE',  ( -23.00000000000000000, 2.816687638038912352E-15, 82.00000000000000000 ) ) ;
#478 = ORIENTED_EDGE ( 'NONE', *, *, #2023, .F. ) ;
#479 = ORIENTED_EDGE ( 'NONE', *, *, #961, .F. ) ;
#480 = AXIS2_PLACEMENT_3D ( 'NONE', #1390, #123, #919 ) ;
#481 = ORIENTED_EDGE ( 'NONE', *, *, #1108, .T. ) ;
#482 = VECTOR ( 'NONE', #2063, 1000.000000000000000 ) ;
#483 = DIRECTION ( 'NONE',  ( 0.000000000000000000, 0.000000000000000000, -1.000000000000000000 ) ) ;
#484 = VECTOR ( 'NONE', #652, 1000.000000000000000 ) ;
#485 = CARTESIAN_POINT ( 'NONE',  ( -21.30000000000000071, 3.024877593893962183E-15, 82.00000000000000000 ) ) ;
#486 = AXIS2_PLACEMENT_3D ( 'NONE', #1884, #1908, #778 ) ;
#487 = CYLINDRICAL_SURFACE ( 'NONE', #611, 2.249999999999998668 ) ;
#488 = ORIENTED_EDGE ( 'NONE', *, *, #1543, .F. ) ;
#489 = FACE_OUTER_BOUND ( 'NONE', #581, .T. ) ;
#490 = ORIENTED_EDGE ( 'NONE', *, *, #891, .T. ) ;
#491 = EDGE_CURVE ( 'NONE', #212, #134, #256, .T. ) ;
#492 = CARTESIAN_POINT ( 'NONE',  ( -126.0000000000000284, 45.00000000000000000, 82.00000000000000000 ) ) ;
#493 = EDGE_CURVE ( 'NONE', #1671, #2092, #6, .T. ) ;
#494 = CARTESIAN_POINT ( 'NONE',  ( -132.0000000000000000, -39.72681989798532953, 18.70538759169884813 ) ) ;
#495 = EDGE_LOOP ( 'NONE', ( #557, #1306, #548 ) ) ;
#496 = CARTESIAN_POINT ( 'NONE',  ( 23.00000000000000000, 0.000000000000000000, 72.00000000000001421 ) ) ;
#497 = VERTEX_POINT ( 'NONE', #745 ) ;
#498 = LINE ( 'NONE', #348, #1964 ) ;
#499 = VERTEX_POINT ( 'NONE', #1422 ) ;
#500 = EDGE_CURVE ( 'NONE', #1811, #219, #681, .T. ) ;
#501 = CARTESIAN_POINT ( 'NONE',  ( -11.50000000000001066, -19.91858428704208350, 82.00000000000000000 ) ) ;
#502 = ORIENTED_EDGE ( 'NONE', *, *, #1211, .T. ) ;
#503 = CARTESIAN_POINT ( 'NONE',  ( -144.0000000000000284, -50.00000000000000000, 82.00000000000000000 ) ) ;
#504 = VERTEX_POINT ( 'NONE', #148 ) ;
#505 = DIRECTION ( 'NONE',  ( 0.7071067811865474617, 0.7071067811865474617, 0.000000000000000000 ) ) ;
#506 = VECTOR ( 'NONE', #1878, 1000.000000000000000 ) ;
#507 = ORIENTED_EDGE ( 'NONE', *, *, #1246, .T. ) ;
#508 = CIRCLE ( 'NONE', #1690, 1.700000000000000178 ) ;
#509 = VECTOR ( 'NONE', #1267, 1000.000000000000000 ) ;
#510 = CARTESIAN_POINT ( 'NONE',  ( -132.0000000000000000, 16.45538759169885878, -37.47681989798532953 ) ) ;
#511 = CIRCLE ( 'NONE', #1050, 1.700000000000000178 ) ;
#512 = DIRECTION ( 'NONE',  ( -1.000000000000000000, 0.000000000000000000, 0.000000000000000000 ) ) ;
#513 = ADVANCED_FACE ( 'NONE', ( #1264 ), #631, .F. ) ;
#514 = VECTOR ( 'NONE', #960, 1000.000000000000000 ) ;
#515 = EDGE_LOOP ( 'NONE', ( #1496, #1444 ) ) ;
#516 = LINE ( 'NONE', #187, #1314 ) ;
#517 = EDGE_CURVE ( 'NONE', #1221, #131, #1919, .T. ) ;
#518 = ORIENTED_EDGE ( 'NONE', *, *, #1058, .T. ) ;
#519 = CARTESIAN_POINT ( 'NONE',  ( 18.00000000000000000, -45.00000000000000000, 82.00000000000000000 ) ) ;
#520 = VERTEX_POINT ( 'NONE', #1434 ) ;
#521 = DIRECTION ( 'NONE',  ( 0.000000000000000000, 0.000000000000000000, 1.000000000000000000 ) ) ;
#522 = DIRECTION ( 'NONE',  ( -1.000000000000000000, -0.000000000000000000, -0.000000000000000000 ) ) ;
#523 = VERTEX_POINT ( 'NONE', #1754 ) ;
#524 = CC_DESIGN_PERSON_AND_ORGANIZATION_ASSIGNMENT ( #1723, #1883, ( #8 ) ) ;
#525 = DIRECTION ( 'NONE',  ( 0.000000000000000000, 0.000000000000000000, 1.000000000000000000 ) ) ;
#526 = EDGE_CURVE ( 'NONE', #1668, #1313, #2081, .T. ) ;
#527 = EDGE_CURVE ( 'NONE', #1565, #774, #1348, .T. ) ;
#528 = ORIENTED_EDGE ( 'NONE', *, *, #1652, .F. ) ;
#529 = ORIENTED_EDGE ( 'NONE', *, *, #147, .T. ) ;
#530 = CARTESIAN_POINT ( 'NONE',  ( -132.0000000000000000, 0.000000000000000000, 13.00000000000000000 ) ) ;
#531 = DIRECTION ( 'NONE',  ( -0.000000000000000000, -0.000000000000000000, -1.000000000000000000 ) ) ;
#532 = DIRECTION ( 'NONE',  ( -0.000000000000000000, -0.000000000000000000, -1.000000000000000000 ) ) ;
#533 = EDGE_LOOP ( 'NONE', ( #1376, #1237, #318, #806 ) ) ;
#534 = CARTESIAN_POINT ( 'NONE',  ( -132.0000000000000000, 4.000000000000000000, 56.99999999999999289 ) ) ;
#535 = CARTESIAN_POINT ( 'NONE',  ( -24.69999999999999929, 2.816687638038912352E-15, 72.00000000000001421 ) ) ;
#536 = VERTEX_POINT ( 'NONE', #769 ) ;
#537 = ORIENTED_EDGE ( 'NONE', *, *, #493, .F. ) ;
#538 = LINE ( 'NONE', #369, #204 ) ;
#539 = DIRECTION ( 'NONE',  ( 0.000000000000000000, 0.000000000000000000, 1.000000000000000000 ) ) ;
#540 = VECTOR ( 'NONE', #1982, 1000.000000000000000 ) ;
#541 = CARTESIAN_POINT ( 'NONE',  ( -144.0000000000000284, 16.45538759169885878, -41.97681989798532953 ) ) ;
#542 = EDGE_LOOP ( 'NONE', ( #796, #1015 ) ) ;
#543 = CARTESIAN_POINT ( 'NONE',  ( -24.69999999999999929, 2.816687638038912352E-15, 82.00000000000000000 ) ) ;
#544 = CIRCLE ( 'NONE', #449, 1.700000000000000178 ) ;
#545 = PLANE ( 'NONE',  #1482 ) ;
#546 = VERTEX_POINT ( 'NONE', #113 ) ;
#547 = CARTESIAN_POINT ( 'NONE',  ( 21.30000000000000071, 0.000000000000000000, 82.00000000000000000 ) ) ;
#548 = ORIENTED_EDGE ( 'NONE', *, *, #1299, .F. ) ;
#549 = ADVANCED_FACE ( 'NONE', ( #760 ), #1398, .F. ) ;
#550 = DIRECTION ( 'NONE',  ( 0.000000000000000000, -0.000000000000000000, 1.000000000000000000 ) ) ;
#551 = EDGE_CURVE ( 'NONE', #692, #863, #2056, .T. ) ;
#552 = FACE_BOUND ( 'NONE', #1660, .T. ) ;
#553 = ORIENTED_EDGE ( 'NONE', *, *, #899, .T. ) ;
#554 = DIRECTION ( 'NONE',  ( -1.000000000000000000, 0.000000000000000000, 0.000000000000000000 ) ) ;
#555 = CARTESIAN_POINT ( 'NONE',  ( -144.0000000000000284, -39.72681989798532243, -14.20538759169886944 ) ) ;
#556 = ORIENTED_EDGE ( 'NONE', *, *, #139, .T. ) ;
#557 = ORIENTED_EDGE ( 'NONE', *, *, #368, .F. ) ;
#558 = DIRECTION ( 'NONE',  ( -1.000000000000000000, -0.000000000000000000, -0.000000000000000000 ) ) ;
#559 = CYLINDRICAL_SURFACE ( 'NONE', #378, 1.700000000000000178 ) ;
#560 = EDGE_CURVE ( 'NONE', #394, #166, #1096, .T. ) ;
#561 = ORIENTED_EDGE ( 'NONE', *, *, #229, .F. ) ;
#562 = DIRECTION ( 'NONE',  ( -1.000000000000000000, -0.000000000000000000, -0.000000000000000000 ) ) ;
#563 = ORIENTED_EDGE ( 'NONE', *, *, #263, .F. ) ;
#564 = VERTEX_POINT ( 'NONE', #1581 ) ;
#565 = DIRECTION ( 'NONE',  ( 0.000000000000000000, 0.000000000000000000, -1.000000000000000000 ) ) ;
#566 = DIRECTION ( 'NONE',  ( 1.000000000000000000, 0.000000000000000000, 0.000000000000000000 ) ) ;
#567 = AXIS2_PLACEMENT_3D ( 'NONE', #160, #594, #1735 ) ;
#568 = EDGE_LOOP ( 'NONE', ( #366, #612 ) ) ;
#569 = CARTESIAN_POINT ( 'NONE',  ( 0.000000000000000000, 0.000000000000000000, 79.80000000000001137 ) ) ;
#570 = EDGE_CURVE ( 'NONE', #1863, #842, #1144, .T. ) ;
#571 = CIRCLE ( 'NONE', #985, 17.15000000000000213 ) ;
#572 = AXIS2_PLACEMENT_3D ( 'NONE', #301, #794, #2071 ) ;
#573 = VECTOR ( 'NONE', #1535, 1000.000000000000000 ) ;
#574 = ORIENTED_EDGE ( 'NONE', *, *, #1126, .F. ) ;
#575 = VECTOR ( 'NONE', #2054, 1000.000000000000000 ) ;
#576 = EDGE_CURVE ( 'NONE', #418, #1304, #1137, .T. ) ;
#577 = VERTEX_POINT ( 'NONE', #351 ) ;
#578 = DIRECTION ( 'NONE',  ( -1.000000000000000000, -0.000000000000000000, -0.000000000000000000 ) ) ;
#579 =( NAMED_UNIT ( * ) SI_UNIT ( $, .STERADIAN. ) SOLID_ANGLE_UNIT ( ) );
#580 = LINE ( 'NONE', #1261, #1342 ) ;
#581 = EDGE_LOOP ( 'NONE', ( #1162, #1532, #620, #1967, #1408, #1520, #997, #1909 ) ) ;
#582 = DIRECTION ( 'NONE',  ( 0.000000000000000000, 0.000000000000000000, 1.000000000000000000 ) ) ;
#583 = CARTESIAN_POINT ( 'NONE',  ( -132.0000000000000000, -39.72681989798532243, -14.20538759169886944 ) ) ;
#584 = VERTEX_POINT ( 'NONE', #1131 ) ;
#585 = LINE ( 'NONE', #1399, #1930 ) ;
#586 = EDGE_CURVE ( 'NONE', #577, #584, #1464, .T. ) ;
#587 = CARTESIAN_POINT ( 'NONE',  ( 9.800000000000000711, 19.91858428704208706, 82.00000000000000000 ) ) ;
#588 = ORIENTED_EDGE ( 'NONE', *, *, #1210, .T. ) ;
#589 = FACE_OUTER_BOUND ( 'NONE', #1537, .T. ) ;
#590 = CALENDAR_DATE ( 2026, 24, 9 ) ;
#591 = DIRECTION ( 'NONE',  ( 0.000000000000000000, 0.000000000000000000, -1.000000000000000000 ) ) ;
#592 = ORIENTED_EDGE ( 'NONE', *, *, #903, .F. ) ;
#593 = PLANE ( 'NONE',  #648 ) ;
#594 = DIRECTION ( 'NONE',  ( 1.000000000000000000, 0.000000000000000000, 0.000000000000000000 ) ) ;
#595 = CARTESIAN_POINT ( 'NONE',  ( -6.000000000000000000, 0.000000000000000000, 79.80000000000001137 ) ) ;
#596 = ORIENTED_EDGE ( 'NONE', *, *, #457, .T. ) ;
#597 = ADVANCED_FACE ( 'NONE', ( #1295 ), #487, .F. ) ;
#598 = DIRECTION ( 'NONE',  ( 0.000000000000000000, 0.000000000000000000, 1.000000000000000000 ) ) ;
#599 = APPLICATION_PROTOCOL_DEFINITION ( 'international standard', 'config_control_design', 1994, #1636 ) ;
#600 = CARTESIAN_POINT ( 'NONE',  ( -144.0000000000000284, 39.72681989798532953, -16.45538759169886234 ) ) ;
#601 = ADVANCED_FACE ( 'NONE', ( #1942 ), #1971, .F. ) ;
#602 = ORIENTED_EDGE ( 'NONE', *, *, #1460, .F. ) ;
#603 = DIRECTION ( 'NONE',  ( 0.000000000000000000, 0.000000000000000000, 1.000000000000000000 ) ) ;
#604 = DIRECTION ( 'NONE',  ( -1.000000000000000000, 0.000000000000000000, 0.000000000000000000 ) ) ;
#605 = CIRCLE ( 'NONE', #875, 1.700000000000000178 ) ;
#606 = ORIENTED_EDGE ( 'NONE', *, *, #802, .T. ) ;
#607 = FACE_OUTER_BOUND ( 'NONE', #1164, .T. ) ;
#608 = CIRCLE ( 'NONE', #1896, 2.249999999999998668 ) ;
#609 = DIRECTION ( 'NONE',  ( 1.000000000000000000, 0.000000000000000000, 0.000000000000000000 ) ) ;
#610 = VECTOR ( 'NONE', #1882, 1000.000000000000000 ) ;
#611 = AXIS2_PLACEMENT_3D ( 'NONE', #15, #522, #1783 ) ;
#612 = ORIENTED_EDGE ( 'NONE', *, *, #1262, .F. ) ;
#613 = CC_DESIGN_APPROVAL ( #125, ( #57 ) ) ;
#614 = CIRCLE ( 'NONE', #1157, 2.249999999999998668 ) ;
#615 = DIRECTION ( 'NONE',  ( -0.7071067811865475727, 0.7071067811865475727, 0.000000000000000000 ) ) ;
#616 = SHAPE_DEFINITION_REPRESENTATION ( #713, #728 ) ;
#617 = EDGE_CURVE ( 'NONE', #842, #1679, #1661, .T. ) ;
#618 = LINE ( 'NONE', #1431, #1620 ) ;
#619 = EDGE_CURVE ( 'NONE', #1497, #1173, #1795, .T. ) ;
#620 = ORIENTED_EDGE ( 'NONE', *, *, #1543, .T. ) ;
#621 = LINE ( 'NONE', #949, #846 ) ;
#622 = FACE_OUTER_BOUND ( 'NONE', #1316, .T. ) ;
#623 = ORIENTED_EDGE ( 'NONE', *, *, #457, .F. ) ;
#624 = DIRECTION ( 'NONE',  ( 0.000000000000000000, 0.000000000000000000, 1.000000000000000000 ) ) ;
#625 = CYLINDRICAL_SURFACE ( 'NONE', #1180, 1.700000000000000178 ) ;
#626 = EDGE_LOOP ( 'NONE', ( #1856, #1346 ) ) ;
#627 = CARTESIAN_POINT ( 'NONE',  ( -144.0000000000000284, -50.00000000000000000, -50.00000000000000000 ) ) ;
#628 = PERSON_AND_ORGANIZATION ( #1842, #1289 ) ;
#629 = CARTESIAN_POINT ( 'NONE',  ( -132.0000000000000000, -16.45538759169884813, -37.47681989798532953 ) ) ;
#630 = CARTESIAN_POINT ( 'NONE',  ( 6.000000000000000000, 7.347880794884119736E-16, 79.80000000000001137 ) ) ;
#631 = PLANE ( 'NONE',  #205 ) ;
#632 = DIRECTION ( 'NONE',  ( -0.000000000000000000, -1.000000000000000000, -0.000000000000000000 ) ) ;
#633 = CARTESIAN_POINT ( 'NONE',  ( -132.0000000000000000, 39.72681989798532953, -14.20538759169886411 ) ) ;
#634 = DIRECTION ( 'NONE',  ( 0.000000000000000000, 0.000000000000000000, -1.000000000000000000 ) ) ;
#635 = ORIENTED_EDGE ( 'NONE', *, *, #1266, .F. ) ;
#636 = DIRECTION ( 'NONE',  ( -0.1727994780081253123, 0.000000000000000000, 0.9849570246463139611 ) ) ;
#637 = DIRECTION ( 'NONE',  ( 0.000000000000000000, 0.000000000000000000, 1.000000000000000000 ) ) ;
#638 = DIRECTION ( 'NONE',  ( -0.000000000000000000, -0.000000000000000000, -1.000000000000000000 ) ) ;
#639 = CYLINDRICAL_SURFACE ( 'NONE', #1763, 2.250000000000001776 ) ;
#640 = ORIENTED_EDGE ( 'NONE', *, *, #367, .F. ) ;
#641 = EDGE_CURVE ( 'NONE', #127, #1485, #2068, .T. ) ;
#642 = DIRECTION ( 'NONE',  ( -1.000000000000000000, -0.000000000000000000, -0.000000000000000000 ) ) ;
#643 = VECTOR ( 'NONE', #413, 1000.000000000000000 ) ;
#644 = ORIENTED_EDGE ( 'NONE', *, *, #1146, .F. ) ;
#645 = AXIS2_PLACEMENT_3D ( 'NONE', #1944, #1778, #326 ) ;
#646 = AXIS2_PLACEMENT_3D ( 'NONE', #76, #1853, #739 ) ;
#647 = CARTESIAN_POINT ( 'NONE',  ( 36.00000000000000000, -27.00000000000000000, 72.00000000000001421 ) ) ;
#648 = AXIS2_PLACEMENT_3D ( 'NONE', #1229, #1116, #281 ) ;
#649 = VECTOR ( 'NONE', #531, 1000.000000000000000 ) ;
#650 = DIRECTION ( 'NONE',  ( -1.000000000000000000, 0.000000000000000000, 0.000000000000000000 ) ) ;
#651 = AXIS2_PLACEMENT_3D ( 'NONE', #120, #1417, #948 ) ;
#652 = DIRECTION ( 'NONE',  ( -1.000000000000000000, -0.000000000000000000, -0.000000000000000000 ) ) ;
#653 = EDGE_LOOP ( 'NONE', ( #1134, #1041 ) ) ;
#654 = DIRECTION ( 'NONE',  ( 0.000000000000000000, 0.000000000000000000, 1.000000000000000000 ) ) ;
#655 = VERTEX_POINT ( 'NONE', #838 ) ;
#656 = EDGE_CURVE ( 'NONE', #687, #217, #324, .T. ) ;
#657 = ADVANCED_FACE ( 'NONE', ( #1645 ), #971, .F. ) ;
#658 = DIRECTION ( 'NONE',  ( 0.000000000000000000, 0.000000000000000000, -1.000000000000000000 ) ) ;
#659 = ORIENTED_EDGE ( 'NONE', *, *, #1895, .F. ) ;
#660 = CARTESIAN_POINT ( 'NONE',  ( -132.0000000000000000, -6.000000000000000000, 0.000000000000000000 ) ) ;
#661 = ORIENTED_EDGE ( 'NONE', *, *, #1584, .F. ) ;
#662 = DIRECTION ( 'NONE',  ( 1.000000000000000000, 0.000000000000000000, -0.000000000000000000 ) ) ;
#663 = ORIENTED_EDGE ( 'NONE', *, *, #294, .T. ) ;
#664 = CARTESIAN_POINT ( 'NONE',  ( -144.0000000000000284, 4.000000000000000000, 52.00000000000000000 ) ) ;
#665 = ORIENTED_EDGE ( 'NONE', *, *, #1207, .F. ) ;
#666 = ADVANCED_FACE ( 'NONE', ( #157 ), #1442, .T. ) ;
#667 = ADVANCED_FACE ( 'NONE', ( #2090 ), #1957, .F. ) ;
#668 = FACE_OUTER_BOUND ( 'NONE', #1504, .T. ) ;
#669 = ORIENTED_EDGE ( 'NONE', *, *, #930, .T. ) ;
#670 = DIRECTION ( 'NONE',  ( -1.000000000000000000, -0.000000000000000000, -0.000000000000000000 ) ) ;
#671 = ORIENTED_EDGE ( 'NONE', *, *, #493, .T. ) ;
#672 = FACE_OUTER_BOUND ( 'NONE', #807, .T. ) ;
#673 = VECTOR ( 'NONE', #2049, 1000.000000000000000 ) ;
#674 = AXIS2_PLACEMENT_3D ( 'NONE', #1411, #2058, #953 ) ;
#675 = ORIENTED_EDGE ( 'NONE', *, *, #1145, .F. ) ;
#676 = CIRCLE ( 'NONE', #310, 6.000000000000000000 ) ;
#677 = CIRCLE ( 'NONE', #1658, 1.700000000000000178 ) ;
#678 = CARTESIAN_POINT ( 'NONE',  ( -132.0000000000000000, 6.000000000000000000, 72.00000000000001421 ) ) ;
#679 = CC_DESIGN_PERSON_AND_ORGANIZATION_ASSIGNMENT ( #628, #2053, ( #8 ) ) ;
#680 = AXIS2_PLACEMENT_3D ( 'NONE', #817, #1462, #967 ) ;
#681 = CIRCLE ( 'NONE', #1219, 2.250000000000001776 ) ;
#682 = CARTESIAN_POINT ( 'NONE',  ( -132.0000000000000000, 39.72681989798532953, 16.45538759169885878 ) ) ;
#683 = EDGE_CURVE ( 'NONE', #1901, #546, #820, .T. ) ;
#684 = EDGE_CURVE ( 'NONE', #839, #217, #342, .T. ) ;
#685 = ORIENTED_EDGE ( 'NONE', *, *, #1454, .F. ) ;
#686 = LINE ( 'NONE', #1321, #1119 ) ;
#687 = VERTEX_POINT ( 'NONE', #1949 ) ;
#688 = EDGE_LOOP ( 'NONE', ( #287, #1224 ) ) ;
#689 = DIRECTION ( 'NONE',  ( -1.000000000000000000, 0.000000000000000000, 0.000000000000000000 ) ) ;
#690 = CARTESIAN_POINT ( 'NONE',  ( -11.50000000000001066, -19.91858428704208350, 72.00000000000001421 ) ) ;
#691 = CARTESIAN_POINT ( 'NONE',  ( -132.0000000000000000, 4.000000000000000000, 54.10526315789473983 ) ) ;
#692 = VERTEX_POINT ( 'NONE', #991 ) ;
#693 = FACE_BOUND ( 'NONE', #727, .T. ) ;
#694 = DIRECTION ( 'NONE',  ( 0.000000000000000000, -1.000000000000000000, 0.000000000000000000 ) ) ;
#695 = ORIENTED_EDGE ( 'NONE', *, *, #1080, .T. ) ;
#696 = ORIENTED_EDGE ( 'NONE', *, *, #1319, .F. ) ;
#697 = CARTESIAN_POINT ( 'NONE',  ( -144.0000000000000284, 16.45538759169886589, 37.47681989798532953 ) ) ;
#698 = FACE_BOUND ( 'NONE', #2006, .T. ) ;
#699 = EDGE_LOOP ( 'NONE', ( #1038, #553, #1771, #1391 ) ) ;
#700 = CARTESIAN_POINT ( 'NONE',  ( -132.0000000000000000, -16.45538759169884813, -39.72681989798532953 ) ) ;
#701 = CARTESIAN_POINT ( 'NONE',  ( -144.0000000000000284, 0.000000000000000000, 13.00000000000000000 ) ) ;
#702 = ADVANCED_FACE ( 'NONE', ( #1635 ), #1309, .F. ) ;
#703 = ORIENTED_EDGE ( 'NONE', *, *, #1562, .F. ) ;
#704 = DIRECTION ( 'NONE',  ( 0.000000000000000000, 0.000000000000000000, -1.000000000000000000 ) ) ;
#705 = ADVANCED_FACE ( 'NONE', ( #668 ), #1159, .F. ) ;
#706 = ORIENTED_EDGE ( 'NONE', *, *, #1414, .T. ) ;
#707 = AXIS2_PLACEMENT_3D ( 'NONE', #1383, #1094, #1866 ) ;
#708 = CARTESIAN_POINT ( 'NONE',  ( 0.000000000000000000, 0.000000000000000000, 82.00000000000000000 ) ) ;
#709 = CARTESIAN_POINT ( 'NONE',  ( -132.0000000000000000, 39.72681989798532953, 14.20538759169885878 ) ) ;
#710 = CARTESIAN_POINT ( 'NONE',  ( -11.49999999999999467, 19.91858428704209061, 72.00000000000001421 ) ) ;
#711 = AXIS2_PLACEMENT_3D ( 'NONE', #1360, #1350, #2003 ) ;
#712 = VECTOR ( 'NONE', #715, 1000.000000000000000 ) ;
#713 = PRODUCT_DEFINITION_SHAPE ( 'NONE', 'NONE',  #57 ) ;
#714 = ORIENTED_EDGE ( 'NONE', *, *, #617, .T. ) ;
#715 = DIRECTION ( 'NONE',  ( 0.000000000000000000, -0.000000000000000000, 1.000000000000000000 ) ) ;
#716 = LOCAL_TIME ( 11, 7, 27.00000000000000000, #1235 ) ;
#717 = CARTESIAN_POINT ( 'NONE',  ( -132.0000000000000000, 0.000000000000000000, 0.000000000000000000 ) ) ;
#718 = ORIENTED_EDGE ( 'NONE', *, *, #1170, .T. ) ;
#719 = EDGE_LOOP ( 'NONE', ( #735, #1436, #1714, #1469 ) ) ;
#720 = EDGE_CURVE ( 'NONE', #1843, #1975, #214, .T. ) ;
#721 = DIRECTION ( 'NONE',  ( 0.000000000000000000, 0.000000000000000000, 1.000000000000000000 ) ) ;
#722 = CARTESIAN_POINT ( 'NONE',  ( 11.50000000000000178, -19.91858428704208706, 82.00000000000000000 ) ) ;
#723 = DIRECTION ( 'NONE',  ( 1.000000000000000000, 0.000000000000000000, 0.000000000000000000 ) ) ;
#724 = EDGE_LOOP ( 'NONE', ( #206, #2008, #1664, #112, #361, #640, #1413, #1697, #1327, #210, #65, #738, #1969, #1471, #828, #665 ) ) ;
#725 = CARTESIAN_POINT ( 'NONE',  ( -132.0000000000000000, 16.45538759169886589, 41.97681989798532953 ) ) ;
#726 = FACE_BOUND ( 'NONE', #2070, .T. ) ;
#727 = EDGE_LOOP ( 'NONE', ( #90, #661 ) ) ;
#728 = ADVANCED_BREP_SHAPE_REPRESENTATION ( 'JX1_HipYawBracket_L', ( #53, #411 ), #343 ) ;
#729 = DIRECTION ( 'NONE',  ( 1.000000000000000000, 0.000000000000000000, 0.000000000000000000 ) ) ;
#730 = ORIENTED_EDGE ( 'NONE', *, *, #2041, .T. ) ;
#731 = FACE_OUTER_BOUND ( 'NONE', #388, .T. ) ;
#732 = ADVANCED_FACE ( 'NONE', ( #2022 ), #383, .F. ) ;
#733 = FACE_BOUND ( 'NONE', #1719, .T. ) ;
#734 = EDGE_CURVE ( 'NONE', #520, #1885, #371, .T. ) ;
#735 = ORIENTED_EDGE ( 'NONE', *, *, #560, .F. ) ;
#736 = FACE_BOUND ( 'NONE', #812, .T. ) ;
#737 = ORIENTED_EDGE ( 'NONE', *, *, #1781, .F. ) ;
#738 = ORIENTED_EDGE ( 'NONE', *, *, #1492, .F. ) ;
#739 = DIRECTION ( 'NONE',  ( 0.000000000000000000, 0.000000000000000000, -1.000000000000000000 ) ) ;
#740 = PERSON_AND_ORGANIZATION ( #1842, #1289 ) ;
#741 = CYLINDRICAL_SURFACE ( 'NONE', #1020, 1.700000000000000178 ) ;
#742 = CIRCLE ( 'NONE', #1929, 2.250000000000001776 ) ;
#743 = VECTOR ( 'NONE', #1923, 1000.000000000000000 ) ;
#744 = ORIENTED_EDGE ( 'NONE', *, *, #1922, .T. ) ;
#745 = CARTESIAN_POINT ( 'NONE',  ( 21.30000000000000071, 0.000000000000000000, 82.00000000000000000 ) ) ;
#746 = ADVANCED_FACE ( 'NONE', ( #857 ), #559, .F. ) ;
#747 = EDGE_CURVE ( 'NONE', #134, #79, #247, .T. ) ;
#748 = VECTOR ( 'NONE', #1599, 1000.000000000000000 ) ;
#749 = AXIS2_PLACEMENT_3D ( 'NONE', #165, #192, #977 ) ;
#750 = DIRECTION ( 'NONE',  ( 0.000000000000000000, 0.000000000000000000, 1.000000000000000000 ) ) ;
#751 = LOCAL_TIME ( 11, 7, 27.00000000000000000, #1751 ) ;
#752 = ORIENTED_EDGE ( 'NONE', *, *, #75, .F. ) ;
#753 = VECTOR ( 'NONE', #1373, 1000.000000000000000 ) ;
#754 = DIRECTION ( 'NONE',  ( 0.000000000000000000, 0.000000000000000000, -1.000000000000000000 ) ) ;
#755 = ORIENTED_EDGE ( 'NONE', *, *, #1331, .T. ) ;
#756 = DIRECTION ( 'NONE',  ( 0.000000000000000000, 0.000000000000000000, -1.000000000000000000 ) ) ;
#757 = DATE_AND_TIME ( #1243, #38 ) ;
#758 = DIRECTION ( 'NONE',  ( 0.000000000000000000, -1.000000000000000000, 0.000000000000000000 ) ) ;
#759 = ORIENTED_EDGE ( 'NONE', *, *, #1948, .T. ) ;
#760 = FACE_OUTER_BOUND ( 'NONE', #1259, .T. ) ;
#761 = CARTESIAN_POINT ( 'NONE',  ( 6.000000000000000000, 7.347880794884119736E-16, 82.00000000000000000 ) ) ;
#762 = FACE_BOUND ( 'NONE', #653, .T. ) ;
#763 = ORIENTED_EDGE ( 'NONE', *, *, #332, .F. ) ;
#764 = DIRECTION ( 'NONE',  ( 0.000000000000000000, 0.000000000000000000, 1.000000000000000000 ) ) ;
#765 = PERSON_AND_ORGANIZATION ( #1842, #1289 ) ;
#766 = LINE ( 'NONE', #629, #1622 ) ;
#767 = DIRECTION ( 'NONE',  ( -1.000000000000000000, 0.000000000000000000, 0.000000000000000000 ) ) ;
#768 = ORIENTED_EDGE ( 'NONE', *, *, #466, .T. ) ;
#769 = CARTESIAN_POINT ( 'NONE',  ( 36.00000000000000000, -27.00000000000000000, 82.00000000000000000 ) ) ;
#770 = VERTEX_POINT ( 'NONE', #878 ) ;
#771 = CARTESIAN_POINT ( 'NONE',  ( 36.00000000000000000, -27.00000000000000000, 72.00000000000001421 ) ) ;
#772 = EDGE_CURVE ( 'NONE', #1655, #897, #1009, .T. ) ;
#773 = DIRECTION ( 'NONE',  ( -1.000000000000000000, 0.000000000000000000, 0.000000000000000000 ) ) ;
#774 = VERTEX_POINT ( 'NONE', #1364 ) ;
#775 = EDGE_CURVE ( 'NONE', #504, #1083, #42, .T. ) ;
#776 = DIRECTION ( 'NONE',  ( 1.000000000000000000, 0.000000000000000000, 0.000000000000000000 ) ) ;
#777 = PERSON_AND_ORGANIZATION_ROLE ( 'classification_officer' ) ;
#778 = DIRECTION ( 'NONE',  ( 0.000000000000000000, 0.000000000000000000, -1.000000000000000000 ) ) ;
#779 = EDGE_LOOP ( 'NONE', ( #380, #890, #479, #1465 ) ) ;
#780 = DIRECTION ( 'NONE',  ( 0.000000000000000000, 0.000000000000000000, -1.000000000000000000 ) ) ;
#781 = CARTESIAN_POINT ( 'NONE',  ( -132.0000000000000000, -16.45538759169884813, -39.72681989798532953 ) ) ;
#782 = AXIS2_PLACEMENT_3D ( 'NONE', #787, #1392, #933 ) ;
#783 = ORIENTED_EDGE ( 'NONE', *, *, #1895, .T. ) ;
#784 = DIRECTION ( 'NONE',  ( -0.9849570246463139611, -0.000000000000000000, -0.1727994780081253123 ) ) ;
#785 = AXIS2_PLACEMENT_3D ( 'NONE', #800, #935, #153 ) ;
#786 = VECTOR ( 'NONE', #124, 1000.000000000000114 ) ;
#787 = CARTESIAN_POINT ( 'NONE',  ( 0.000000000000000000, 0.000000000000000000, 82.00000000000000000 ) ) ;
#788 = AXIS2_PLACEMENT_3D ( 'NONE', #690, #1325, #246 ) ;
#789 = VECTOR ( 'NONE', #1868, 1000.000000000000000 ) ;
#790 = VERTEX_POINT ( 'NONE', #691 ) ;
#791 = VECTOR ( 'NONE', #1337, 1000.000000000000000 ) ;
#792 = DIRECTION ( 'NONE',  ( 1.000000000000000000, 0.000000000000000000, 0.000000000000000000 ) ) ;
#793 = FACE_OUTER_BOUND ( 'NONE', #412, .T. ) ;
#794 = DIRECTION ( 'NONE',  ( 1.000000000000000000, -0.000000000000000000, 0.000000000000000000 ) ) ;
#795 = CARTESIAN_POINT ( 'NONE',  ( -86.00000000000000000, 6.000000000000000000, 56.99999999999999289 ) ) ;
#796 = ORIENTED_EDGE ( 'NONE', *, *, #1493, .T. ) ;
#797 = DIRECTION ( 'NONE',  ( -1.000000000000000000, -0.000000000000000000, -0.000000000000000000 ) ) ;
#798 = CARTESIAN_POINT ( 'NONE',  ( -24.69999999999999929, 2.816687638038912352E-15, 82.00000000000000000 ) ) ;
#799 = ORIENTED_EDGE ( 'NONE', *, *, #1210, .F. ) ;
#800 = CARTESIAN_POINT ( 'NONE',  ( -132.0000000000000000, 39.72681989798532953, -16.45538759169886234 ) ) ;
#801 = CARTESIAN_POINT ( 'NONE',  ( -132.0000000000000000, -50.00000000000000000, -50.00000000000000000 ) ) ;
#802 = EDGE_CURVE ( 'NONE', #1975, #166, #170, .T. ) ;
#803 = DIRECTION ( 'NONE',  ( 1.000000000000000000, 0.000000000000000000, 0.000000000000000000 ) ) ;
#804 = DIRECTION ( 'NONE',  ( -0.9849570246463139611, -0.000000000000000000, -0.1727994780081253123 ) ) ;
#805 = ADVANCED_FACE ( 'NONE', ( #52, #552, #733, #1526, #1198, #698, #850, #202 ), #1536, .F. ) ;
#806 = ORIENTED_EDGE ( 'NONE', *, *, #216, .F. ) ;
#807 = EDGE_LOOP ( 'NONE', ( #1840, #21, #675, #1377 ) ) ;
#808 = EDGE_LOOP ( 'NONE', ( #714, #93 ) ) ;
#809 = CARTESIAN_POINT ( 'NONE',  ( -132.0000000000000000, 16.45538759169886589, 39.72681989798532953 ) ) ;
#810 = CARTESIAN_POINT ( 'NONE',  ( 0.000000000000000000, 4.000000000000000000, 0.000000000000000000 ) ) ;
#811 = CARTESIAN_POINT ( 'NONE',  ( -11.50000000000001066, -19.91858428704208350, 72.00000000000001421 ) ) ;
#812 = EDGE_LOOP ( 'NONE', ( #364, #1984 ) ) ;
#813 = DIRECTION ( 'NONE',  ( -0.000000000000000000, -0.000000000000000000, -1.000000000000000000 ) ) ;
#814 = EDGE_CURVE ( 'NONE', #327, #1125, #1353, .T. ) ;
#815 = ORIENTED_EDGE ( 'NONE', *, *, #2026, .F. ) ;
#816 = CIRCLE ( 'NONE', #1995, 2.250000000000001776 ) ;
#817 = CARTESIAN_POINT ( 'NONE',  ( -132.0000000000000000, -50.00000000000000000, -50.00000000000000000 ) ) ;
#818 = ORIENTED_EDGE ( 'NONE', *, *, #641, .F. ) ;
#819 = AXIS2_PLACEMENT_3D ( 'NONE', #1307, #28, #826 ) ;
#820 = CIRCLE ( 'NONE', #1966, 1.700000000000000178 ) ;
#821 = DESIGN_CONTEXT ( 'detailed design', #1054, 'design' ) ;
#822 = DIRECTION ( 'NONE',  ( -1.000000000000000000, -0.000000000000000000, -0.000000000000000000 ) ) ;
#823 = ORIENTED_EDGE ( 'NONE', *, *, #384, .T. ) ;
#824 = CARTESIAN_POINT ( 'NONE',  ( -144.0000000000000284, 39.72681989798532953, -16.45538759169886234 ) ) ;
#825 = VERTEX_POINT ( 'NONE', #541 ) ;
#826 = DIRECTION ( 'NONE',  ( 0.000000000000000000, 0.000000000000000000, -1.000000000000000000 ) ) ;
#827 = EDGE_CURVE ( 'NONE', #1692, #523, #894, .T. ) ;
#828 = ORIENTED_EDGE ( 'NONE', *, *, #747, .F. ) ;
#829 = CARTESIAN_POINT ( 'NONE',  ( 0.000000000000000000, 0.000000000000000000, 79.80000000000001137 ) ) ;
#830 = ORIENTED_EDGE ( 'NONE', *, *, #1983, .T. ) ;
#831 = DIRECTION ( 'NONE',  ( -0.000000000000000000, -0.000000000000000000, -1.000000000000000000 ) ) ;
#832 = ORIENTED_EDGE ( 'NONE', *, *, #1400, .F. ) ;
#833 = EDGE_CURVE ( 'NONE', #1173, #1497, #1663, .T. ) ;
#834 = CYLINDRICAL_SURFACE ( 'NONE', #1766, 2.249999999999998668 ) ;
#835 = ORIENTED_EDGE ( 'NONE', *, *, #1588, .F. ) ;
#836 = ADVANCED_FACE ( 'NONE', ( #1673 ), #223, .F. ) ;
#837 = DIRECTION ( 'NONE',  ( -0.000000000000000000, -0.000000000000000000, -1.000000000000000000 ) ) ;
#838 = CARTESIAN_POINT ( 'NONE',  ( -9.800000000000009592, -19.91858428704208350, 82.00000000000000000 ) ) ;
#839 = VERTEX_POINT ( 'NONE', #403 ) ;
#840 = CARTESIAN_POINT ( 'NONE',  ( -132.0000000000000000, -6.000000000000000000, 56.99999999999999289 ) ) ;
#841 = DIRECTION ( 'NONE',  ( -0.000000000000000000, 0.000000000000000000, 1.000000000000000000 ) ) ;
#842 = VERTEX_POINT ( 'NONE', #1048 ) ;
#843 = AXIS2_PLACEMENT_3D ( 'NONE', #1912, #1265, #1117 ) ;
#844 = AXIS2_PLACEMENT_3D ( 'NONE', #1793, #1481, #662 ) ;
#845 = ORIENTED_EDGE ( 'NONE', *, *, #861, .F. ) ;
#846 = VECTOR ( 'NONE', #1252, 1000.000000000000000 ) ;
#847 = CARTESIAN_POINT ( 'NONE',  ( 0.000000000000000000, 0.000000000000000000, 82.00000000000000000 ) ) ;
#848 = AXIS2_PLACEMENT_3D ( 'NONE', #1978, #1989, #416 ) ;
#849 = VECTOR ( 'NONE', #822, 1000.000000000000000 ) ;
#850 = FACE_BOUND ( 'NONE', #1044, .T. ) ;
#851 = EDGE_LOOP ( 'NONE', ( #1788, #18 ) ) ;
#852 = FACE_BOUND ( 'NONE', #161, .T. ) ;
#853 = DIRECTION ( 'NONE',  ( 0.000000000000000000, -0.000000000000000000, -1.000000000000000000 ) ) ;
#854 = EDGE_LOOP ( 'NONE', ( #1002, #1034, #507, #910 ) ) ;
#855 = ORIENTED_EDGE ( 'NONE', *, *, #586, .T. ) ;
#856 = CARTESIAN_POINT ( 'NONE',  ( -144.0000000000000284, -16.45538759169884813, -39.72681989798532953 ) ) ;
#857 = FACE_OUTER_BOUND ( 'NONE', #12, .T. ) ;
#858 = ADVANCED_FACE ( 'NONE', ( #1696 ), #913, .F. ) ;
#859 = ORIENTED_EDGE ( 'NONE', *, *, #996, .T. ) ;
#860 = LINE ( 'NONE', #1032, #789 ) ;
#861 = EDGE_CURVE ( 'NONE', #983, #1313, #1248, .T. ) ;
#862 = LINE ( 'NONE', #1329, #540 ) ;
#863 = VERTEX_POINT ( 'NONE', #279 ) ;
#864 = EDGE_LOOP ( 'NONE', ( #97, #481, #718, #228 ) ) ;
#865 = CARTESIAN_POINT ( 'NONE',  ( -17.15000000000000213, 2.100269260537711104E-15, 79.80000000000001137 ) ) ;
#866 = DIRECTION ( 'NONE',  ( -0.000000000000000000, -0.000000000000000000, -1.000000000000000000 ) ) ;
#867 = ORIENTED_EDGE ( 'NONE', *, *, #1330, .F. ) ;
#868 = CARTESIAN_POINT ( 'NONE',  ( -144.0000000000000284, 39.72681989798532953, 14.20538759169885878 ) ) ;
#869 = CARTESIAN_POINT ( 'NONE',  ( -132.0000000000000000, 16.45538759169886589, 37.47681989798532953 ) ) ;
#870 = EDGE_CURVE ( 'NONE', #329, #1280, #453, .T. ) ;
#871 = EDGE_CURVE ( 'NONE', #127, #825, #618, .T. ) ;
#872 = ORIENTED_EDGE ( 'NONE', *, *, #1331, .F. ) ;
#873 = FACE_BOUND ( 'NONE', #851, .T. ) ;
#874 = VERTEX_POINT ( 'NONE', #1236 ) ;
#875 = AXIS2_PLACEMENT_3D ( 'NONE', #1503, #1827, #379 ) ;
#876 = DIRECTION ( 'NONE',  ( 0.000000000000000000, 1.000000000000000000, 0.000000000000000000 ) ) ;
#877 = VECTOR ( 'NONE', #804, 1000.000000000000000 ) ;
#878 = CARTESIAN_POINT ( 'NONE',  ( -132.0000000000000000, -39.00000000000002132, 82.00000000000000000 ) ) ;
#879 = AXIS2_PLACEMENT_3D ( 'NONE', #1139, #1311, #1963 ) ;
#880 = VECTOR ( 'NONE', #1941, 1000.000000000000000 ) ;
#881 = AXIS2_PLACEMENT_3D ( 'NONE', #316, #1621, #1001 ) ;
#882 = ORIENTED_EDGE ( 'NONE', *, *, #1587, .F. ) ;
#883 = CYLINDRICAL_SURFACE ( 'NONE', #175, 17.15000000000000213 ) ;
#884 = VECTOR ( 'NONE', #505, 1000.000000000000114 ) ;
#885 = AXIS2_PLACEMENT_3D ( 'NONE', #501, #638, #512 ) ;
#886 = CYLINDRICAL_SURFACE ( 'NONE', #1993, 1.700000000000000178 ) ;
#887 = DIRECTION ( 'NONE',  ( 1.000000000000000000, 0.000000000000000000, 0.000000000000000000 ) ) ;
#888 = EDGE_LOOP ( 'NONE', ( #1637, #1208, #424, #1710 ) ) ;
#889 = EDGE_CURVE ( 'NONE', #1885, #863, #580, .T. ) ;
#890 = ORIENTED_EDGE ( 'NONE', *, *, #1533, .T. ) ;
#891 = EDGE_CURVE ( 'NONE', #966, #1619, #1934, .T. ) ;
#892 = DIRECTION ( 'NONE',  ( -0.000000000000000000, -0.000000000000000000, -1.000000000000000000 ) ) ;
#893 = CARTESIAN_POINT ( 'NONE',  ( 24.69999999999999929, 2.081899558550500526E-16, 82.00000000000000000 ) ) ;
#894 = LINE ( 'NONE', #2005, #441 ) ;
#895 = ORIENTED_EDGE ( 'NONE', *, *, #720, .F. ) ;
#896 = LINE ( 'NONE', #1495, #712 ) ;
#897 = VERTEX_POINT ( 'NONE', #2044 ) ;
#898 = ORIENTED_EDGE ( 'NONE', *, *, #283, .F. ) ;
#899 = EDGE_CURVE ( 'NONE', #1607, #497, #1089, .T. ) ;
#900 = DIRECTION ( 'NONE',  ( 0.000000000000000000, 0.000000000000000000, -1.000000000000000000 ) ) ;
#901 = PERSON_AND_ORGANIZATION_ROLE ( 'design_owner' ) ;
#902 = EDGE_CURVE ( 'NONE', #273, #1681, #1407, .T. ) ;
#903 = EDGE_CURVE ( 'NONE', #1176, #874, #1890, .T. ) ;
#904 = CYLINDRICAL_SURFACE ( 'NONE', #9, 1.700000000000000178 ) ;
#905 = EDGE_LOOP ( 'NONE', ( #10, #16 ) ) ;
#906 = CARTESIAN_POINT ( 'NONE',  ( 23.00000000000000000, 0.000000000000000000, 82.00000000000000000 ) ) ;
#907 = ORIENTED_EDGE ( 'NONE', *, *, #1126, .T. ) ;
#908 = ORIENTED_EDGE ( 'NONE', *, *, #1057, .F. ) ;
#909 = CARTESIAN_POINT ( 'NONE',  ( -132.0000000000000000, -50.00000000000000000, -50.00000000000000000 ) ) ;
#910 = ORIENTED_EDGE ( 'NONE', *, *, #2041, .F. ) ;
#911 = LINE ( 'NONE', #1552, #107 ) ;
#912 = APPROVAL_STATUS ( 'not_yet_approved' ) ;
#913 = CYLINDRICAL_SURFACE ( 'NONE', #344, 1.700000000000000178 ) ;
#914 = CIRCLE ( 'NONE', #1285, 1.700000000000000178 ) ;
#915 = CIRCLE ( 'NONE', #1217, 2.250000000000000444 ) ;
#916 = ORIENTED_EDGE ( 'NONE', *, *, #263, .T. ) ;
#917 = CARTESIAN_POINT ( 'NONE',  ( -132.0000000000000000, 0.000000000000000000, 13.00000000000000000 ) ) ;
#918 = VECTOR ( 'NONE', #288, 1000.000000000000000 ) ;
#919 = DIRECTION ( 'NONE',  ( 0.000000000000000000, 0.000000000000000000, -1.000000000000000000 ) ) ;
#920 = ORIENTED_EDGE ( 'NONE', *, *, #551, .T. ) ;
#921 = CARTESIAN_POINT ( 'NONE',  ( 18.00000000000000000, -45.00000000000000000, 72.00000000000001421 ) ) ;
#922 = VECTOR ( 'NONE', #2013, 1000.000000000000000 ) ;
#923 = LINE ( 'NONE', #587, #1657 ) ;
#924 = ORIENTED_EDGE ( 'NONE', *, *, #491, .T. ) ;
#925 = DIRECTION ( 'NONE',  ( -0.000000000000000000, -0.000000000000000000, -1.000000000000000000 ) ) ;
#926 = DIRECTION ( 'NONE',  ( -1.000000000000000000, -0.000000000000000000, -0.000000000000000000 ) ) ;
#927 = CARTESIAN_POINT ( 'NONE',  ( -132.0000000000000000, -16.45538759169885523, 39.72681989798532953 ) ) ;
#928 = ORIENTED_EDGE ( 'NONE', *, *, #586, .F. ) ;
#929 = FACE_OUTER_BOUND ( 'NONE', #864, .T. ) ;
#930 = EDGE_CURVE ( 'NONE', #273, #217, #417, .T. ) ;
#931 = PLANE ( 'NONE',  #1152 ) ;
#932 = EDGE_CURVE ( 'NONE', #1730, #100, #614, .T. ) ;
#933 = DIRECTION ( 'NONE',  ( 1.000000000000000000, 0.000000000000000000, 0.000000000000000000 ) ) ;
#934 = ORIENTED_EDGE ( 'NONE', *, *, #1389, .F. ) ;
#935 = DIRECTION ( 'NONE',  ( -1.000000000000000000, -0.000000000000000000, -0.000000000000000000 ) ) ;
#936 = DATE_AND_TIME ( #452, #1662 ) ;
#937 = DIRECTION ( 'NONE',  ( 0.000000000000000000, 0.000000000000000000, -1.000000000000000000 ) ) ;
#938 = DIRECTION ( 'NONE',  ( -1.000000000000000000, 0.000000000000000000, 0.000000000000000000 ) ) ;
#939 = VERTEX_POINT ( 'NONE', #1556 ) ;
#940 = DIRECTION ( 'NONE',  ( -0.000000000000000000, -0.000000000000000000, -1.000000000000000000 ) ) ;
#941 = LINE ( 'NONE', #1582, #748 ) ;
#942 = CARTESIAN_POINT ( 'NONE',  ( 18.00000000000000000, 45.00000000000000000, 72.00000000000001421 ) ) ;
#943 = PLANE ( 'NONE',  #269 ) ;
#944 = ORIENTED_EDGE ( 'NONE', *, *, #75, .T. ) ;
#945 = DIRECTION ( 'NONE',  ( 0.000000000000000000, 0.000000000000000000, 1.000000000000000000 ) ) ;
#946 = APPROVAL_DATE_TIME ( #757, #1649 ) ;
#947 = DIRECTION ( 'NONE',  ( -1.000000000000000000, -0.000000000000000000, -0.000000000000000000 ) ) ;
#948 = DIRECTION ( 'NONE',  ( 0.000000000000000000, 0.000000000000000000, 1.000000000000000000 ) ) ;
#949 = CARTESIAN_POINT ( 'NONE',  ( 9.800000000000000711, -19.91858428704208706, 82.00000000000000000 ) ) ;
#950 = DIRECTION ( 'NONE',  ( 1.000000000000000000, 0.000000000000000000, 0.000000000000000000 ) ) ;
#951 = CIRCLE ( 'NONE', #2029, 1.700000000000000178 ) ;
#952 = ORIENTED_EDGE ( 'NONE', *, *, #1747, .T. ) ;
#953 = DIRECTION ( 'NONE',  ( 1.000000000000000000, 0.000000000000000000, 0.000000000000000000 ) ) ;
#954 = CARTESIAN_POINT ( 'NONE',  ( -132.0000000000000000, -16.45538759169884813, -39.72681989798532953 ) ) ;
#955 = VECTOR ( 'NONE', #925, 1000.000000000000000 ) ;
#956 = AXIS2_PLACEMENT_3D ( 'NONE', #1023, #1981, #386 ) ;
#957 = ORIENTED_EDGE ( 'NONE', *, *, #43, .T. ) ;
#958 = ADVANCED_FACE ( 'NONE', ( #1579 ), #741, .F. ) ;
#959 = FACE_OUTER_BOUND ( 'NONE', #2084, .T. ) ;
#960 = DIRECTION ( 'NONE',  ( -1.000000000000000000, -0.000000000000000000, -0.000000000000000000 ) ) ;
#961 = EDGE_CURVE ( 'NONE', #790, #1925, #427, .T. ) ;
#962 = DIRECTION ( 'NONE',  ( 0.000000000000000000, 0.000000000000000000, -1.000000000000000000 ) ) ;
#963 = LINE ( 'NONE', #1275, #877 ) ;
#964 = ORIENTED_EDGE ( 'NONE', *, *, #88, .T. ) ;
#965 = DIRECTION ( 'NONE',  ( 1.000000000000000000, 0.000000000000000000, 0.000000000000000000 ) ) ;
#966 = VERTEX_POINT ( 'NONE', #1079 ) ;
#967 = DIRECTION ( 'NONE',  ( 1.000000000000000000, 0.000000000000000000, -0.000000000000000000 ) ) ;
#968 = CYLINDRICAL_SURFACE ( 'NONE', #450, 1.700000000000000178 ) ;
#969 = EDGE_CURVE ( 'NONE', #1424, #1646, #1725, .T. ) ;
#970 = ADVANCED_FACE ( 'NONE', ( #300 ), #145, .F. ) ;
#971 = CYLINDRICAL_SURFACE ( 'NONE', #1798, 2.250000000000001776 ) ;
#972 = ORIENTED_EDGE ( 'NONE', *, *, #294, .F. ) ;
#973 = DIRECTION ( 'NONE',  ( -0.000000000000000000, -0.000000000000000000, -1.000000000000000000 ) ) ;
#974 = ORIENTED_EDGE ( 'NONE', *, *, #1796, .T. ) ;
#975 = CARTESIAN_POINT ( 'NONE',  ( -13.19999999999999396, 19.91858428704209061, 82.00000000000000000 ) ) ;
#976 = ORIENTED_EDGE ( 'NONE', *, *, #23, .T. ) ;
#977 = DIRECTION ( 'NONE',  ( 0.000000000000000000, 0.000000000000000000, -1.000000000000000000 ) ) ;
#978 = ADVANCED_FACE ( 'NONE', ( #793 ), #904, .F. ) ;
#979 = ORIENTED_EDGE ( 'NONE', *, *, #517, .F. ) ;
#980 = CARTESIAN_POINT ( 'NONE',  ( -132.0000000000000000, -4.000000000000000000, 56.99999999999999289 ) ) ;
#981 = VECTOR ( 'NONE', #1568, 1000.000000000000000 ) ;
#982 = AXIS2_PLACEMENT_3D ( 'NONE', #1549, #1268, #773 ) ;
#983 = VERTEX_POINT ( 'NONE', #1247 ) ;
#984 = CLOSED_SHELL ( 'NONE', ( #1782, #1772, #549, #970, #156, #1231, #657, #1561, #297, #702, #1029, #746, #1514, #836, #1097, #978, #265, #805, #422, #1871, #437, #1030, #1432, #1639, #1418, #1478, #1274, #705, #308, #1808, #513, #1677, #601, #732, #1143, #1055, #396, #1363, #858, #667, #958, #410, #2027, #993, #1939, #87, #1197, #1733, #1743, #436, #155, #597, #1847, #1505, #1359, #1674, #215, #1292, #666 ) ) ;
#985 = AXIS2_PLACEMENT_3D ( 'NONE', #708, #401, #1046 ) ;
#986 = LINE ( 'NONE', #647, #880 ) ;
#987 = VECTOR ( 'NONE', #940, 1000.000000000000000 ) ;
#988 = ORIENTED_EDGE ( 'NONE', *, *, #500, .F. ) ;
#989 = AXIS2_PLACEMENT_3D ( 'NONE', #809, #1800, #483 ) ;
#990 = VECTOR ( 'NONE', #532, 1000.000000000000000 ) ;
#991 = CARTESIAN_POINT ( 'NONE',  ( -132.0000000000000000, 39.00000000000002132, 72.00000000000001421 ) ) ;
#992 = ORIENTED_EDGE ( 'NONE', *, *, #734, .F. ) ;
#993 = ADVANCED_FACE ( 'NONE', ( #1897 ), #1740, .F. ) ;
#994 = FACE_OUTER_BOUND ( 'NONE', #186, .T. ) ;
#995 = EDGE_CURVE ( 'NONE', #1952, #939, #322, .T. ) ;
#996 = EDGE_CURVE ( 'NONE', #79, #106, #3, .T. ) ;
#997 = ORIENTED_EDGE ( 'NONE', *, *, #1986, .T. ) ;
#998 = DIRECTION ( 'NONE',  ( 1.000000000000000000, 0.000000000000000000, 0.000000000000000000 ) ) ;
#999 = EDGE_LOOP ( 'NONE', ( #49, #1286 ) ) ;
#1000 = LINE ( 'NONE', #1653, #1347 ) ;
#1001 = DIRECTION ( 'NONE',  ( 1.000000000000000000, 0.000000000000000000, 0.000000000000000000 ) ) ;
#1002 = ORIENTED_EDGE ( 'NONE', *, *, #1111, .F. ) ;
#1003 = CARTESIAN_POINT ( 'NONE',  ( -132.0000000000000000, 39.72681989798532953, -14.20538759169886411 ) ) ;
#1004 = ORIENTED_EDGE ( 'NONE', *, *, #198, .T. ) ;
#1005 = EDGE_CURVE ( 'NONE', #1403, #1334, #1130, .T. ) ;
#1006 = LINE ( 'NONE', #1633, #72 ) ;
#1007 = ORIENTED_EDGE ( 'NONE', *, *, #802, .F. ) ;
#1008 = DIRECTION ( 'NONE',  ( 1.000000000000000000, 0.000000000000000000, 0.000000000000000000 ) ) ;
#1009 = LINE ( 'NONE', #1654, #753 ) ;
#1010 = EDGE_LOOP ( 'NONE', ( #755, #1860, #2055, #1634 ) ) ;
#1011 = CARTESIAN_POINT ( 'NONE',  ( 18.00000000000000000, 45.00000000000000000, 72.00000000000001421 ) ) ;
#1012 = VERTEX_POINT ( 'NONE', #1775 ) ;
#1013 = DIRECTION ( 'NONE',  ( -0.000000000000000000, -0.000000000000000000, -1.000000000000000000 ) ) ;
#1014 = CIRCLE ( 'NONE', #782, 17.15000000000000213 ) ;
#1015 = ORIENTED_EDGE ( 'NONE', *, *, #1642, .T. ) ;
#1016 = EDGE_CURVE ( 'NONE', #966, #1811, #1918, .T. ) ;
#1017 = VECTOR ( 'NONE', #562, 1000.000000000000000 ) ;
#1018 = DIRECTION ( 'NONE',  ( 1.000000000000000000, 0.000000000000000000, 0.000000000000000000 ) ) ;
#1019 = CIRCLE ( 'NONE', #1487, 2.250000000000001776 ) ;
#1020 = AXIS2_PLACEMENT_3D ( 'NONE', #1062, #1705, #438 ) ;
#1021 = DIRECTION ( 'NONE',  ( 1.000000000000000000, 0.000000000000000000, 0.000000000000000000 ) ) ;
#1022 = ORIENTED_EDGE ( 'NONE', *, *, #747, .T. ) ;
#1023 = CARTESIAN_POINT ( 'NONE',  ( -126.0000000000000284, -45.00000000000000000, 82.00000000000000000 ) ) ;
#1024 = ORIENTED_EDGE ( 'NONE', *, *, #2002, .F. ) ;
#1025 = EDGE_LOOP ( 'NONE', ( #1572, #2036, #1832, #358 ) ) ;
#1026 = DIRECTION ( 'NONE',  ( 0.000000000000000000, 0.000000000000000000, 1.000000000000000000 ) ) ;
#1027 = DIRECTION ( 'NONE',  ( 1.000000000000000000, 0.000000000000000000, 0.000000000000000000 ) ) ;
#1028 = CARTESIAN_POINT ( 'NONE',  ( -11.50000000000001066, -19.91858428704208350, 82.00000000000000000 ) ) ;
#1029 = ADVANCED_FACE ( 'NONE', ( #475 ), #968, .F. ) ;
#1030 = ADVANCED_FACE ( 'NONE', ( #164 ), #154, .T. ) ;
#1031 = ORIENTED_EDGE ( 'NONE', *, *, #368, .T. ) ;
#1032 = CARTESIAN_POINT ( 'NONE',  ( -132.0000000000000000, 1.592040838891559095E-15, -13.00000000000000000 ) ) ;
#1033 = CARTESIAN_POINT ( 'NONE',  ( -11.50000000000001066, -19.91858428704208350, 82.00000000000000000 ) ) ;
#1034 = ORIENTED_EDGE ( 'NONE', *, *, #1807, .T. ) ;
#1035 = VERTEX_POINT ( 'NONE', #630 ) ;
#1036 = CARTESIAN_POINT ( 'NONE',  ( -132.0000000000000000, -39.72681989798532243, -18.70538759169886589 ) ) ;
#1037 = DIRECTION ( 'NONE',  ( 1.000000000000000000, 0.000000000000000000, 0.000000000000000000 ) ) ;
#1038 = ORIENTED_EDGE ( 'NONE', *, *, #2048, .F. ) ;
#1039 = CARTESIAN_POINT ( 'NONE',  ( 36.00000000000000000, 27.00000000000000000, 82.00000000000000000 ) ) ;
#1040 = EDGE_CURVE ( 'NONE', #1950, #1012, #1441, .T. ) ;
#1041 = ORIENTED_EDGE ( 'NONE', *, *, #861, .T. ) ;
#1042 = EDGE_CURVE ( 'NONE', #584, #863, #126, .T. ) ;
#1043 = LINE ( 'NONE', #1506, #4 ) ;
#1044 = EDGE_LOOP ( 'NONE', ( #1915, #1213 ) ) ;
#1045 = CIRCLE ( 'NONE', #339, 13.00000000000000000 ) ;
#1046 = DIRECTION ( 'NONE',  ( 1.000000000000000000, 0.000000000000000000, 0.000000000000000000 ) ) ;
#1047 = VECTOR ( 'NONE', #1682, 1000.000000000000000 ) ;
#1048 = CARTESIAN_POINT ( 'NONE',  ( -144.0000000000000284, -39.72681989798532953, 18.70538759169884813 ) ) ;
#1049 = CIRCLE ( 'NONE', #173, 6.000000000000000000 ) ;
#1050 = AXIS2_PLACEMENT_3D ( 'NONE', #189, #1780, #1135 ) ;
#1051 = VECTOR ( 'NONE', #962, 1000.000000000000000 ) ;
#1052 = ORIENTED_EDGE ( 'NONE', *, *, #1016, .T. ) ;
#1053 = FACE_BOUND ( 'NONE', #1357, .T. ) ;
#1054 = APPLICATION_CONTEXT ( 'configuration controlled 3d designs of mechanical parts and assemblies' ) ;
#1055 = ADVANCED_FACE ( 'NONE', ( #423 ), #1438, .F. ) ;
#1056 = ORIENTED_EDGE ( 'NONE', *, *, #1533, .F. ) ;
#1057 = EDGE_CURVE ( 'NONE', #1777, #1173, #923, .T. ) ;
#1058 = EDGE_CURVE ( 'NONE', #418, #1403, #1412, .T. ) ;
#1059 = ORIENTED_EDGE ( 'NONE', *, *, #58, .T. ) ;
#1060 = CARTESIAN_POINT ( 'NONE',  ( -132.0000000000000000, -16.45538759169884813, -41.97681989798532953 ) ) ;
#1061 = CARTESIAN_POINT ( 'NONE',  ( -86.00000000000000000, 6.000000000000000000, 56.99999999999999289 ) ) ;
#1062 = CARTESIAN_POINT ( 'NONE',  ( 11.50000000000000178, -19.91858428704208706, 82.00000000000000000 ) ) ;
#1063 = EDGE_LOOP ( 'NONE', ( #2045, #1823 ) ) ;
#1064 = LINE ( 'NONE', #1366, #1254 ) ;
#1065 = ORIENTED_EDGE ( 'NONE', *, *, #332, .T. ) ;
#1066 = CARTESIAN_POINT ( 'NONE',  ( -144.0000000000000284, -16.45538759169885523, 39.72681989798532953 ) ) ;
#1067 = ORIENTED_EDGE ( 'NONE', *, *, #1454, .T. ) ;
#1068 = CARTESIAN_POINT ( 'NONE',  ( -144.0000000000000284, -16.45538759169884813, -37.47681989798532953 ) ) ;
#1069 = CARTESIAN_POINT ( 'NONE',  ( 0.000000000000000000, -4.000000000000000000, 56.99999999999999289 ) ) ;
#1070 = VERTEX_POINT ( 'NONE', #798 ) ;
#1071 = FACE_OUTER_BOUND ( 'NONE', #779, .T. ) ;
#1072 = FACE_OUTER_BOUND ( 'NONE', #1251, .T. ) ;
#1073 = CARTESIAN_POINT ( 'NONE',  ( 18.00000000000000000, 45.00000000000000000, 82.00000000000000000 ) ) ;
#1074 = DIRECTION ( 'NONE',  ( -0.000000000000000000, -0.000000000000000000, -1.000000000000000000 ) ) ;
#1075 = EDGE_LOOP ( 'NONE', ( #29, #1891, #1708, #54 ) ) ;
#1076 = DIRECTION ( 'NONE',  ( 0.000000000000000000, 0.000000000000000000, 1.000000000000000000 ) ) ;
#1077 = DATE_AND_TIME ( #434, #1220 ) ;
#1078 = EDGE_CURVE ( 'NONE', #1906, #197, #742, .T. ) ;
#1079 = CARTESIAN_POINT ( 'NONE',  ( -132.0000000000000000, -16.45538759169885523, 41.97681989798532953 ) ) ;
#1080 = EDGE_CURVE ( 'NONE', #523, #1083, #1014, .T. ) ;
#1081 = AXIS2_PLACEMENT_3D ( 'NONE', #1591, #1774, #937 ) ;
#1082 = VECTOR ( 'NONE', #150, 1000.000000000000000 ) ;
#1083 = VERTEX_POINT ( 'NONE', #2040 ) ;
#1084 = PLANE ( 'NONE',  #572 ) ;
#1085 = CIRCLE ( 'NONE', #1184, 2.250000000000000444 ) ;
#1086 = CYLINDRICAL_SURFACE ( 'NONE', #1419, 13.00000000000000000 ) ;
#1087 = AXIS2_PLACEMENT_3D ( 'NONE', #1641, #183, #1163 ) ;
#1088 = LINE ( 'NONE', #1756, #786 ) ;
#1089 = CIRCLE ( 'NONE', #707, 1.700000000000000178 ) ;
#1090 = CARTESIAN_POINT ( 'NONE',  ( -144.0000000000000284, -27.00000000000000000, 82.00000000000000000 ) ) ;
#1091 = ORIENTED_EDGE ( 'NONE', *, *, #1246, .F. ) ;
#1092 = LINE ( 'NONE', #1404, #610 ) ;
#1093 = PERSON_AND_ORGANIZATION_ROLE ( 'creator' ) ;
#1094 = DIRECTION ( 'NONE',  ( 0.000000000000000000, 0.000000000000000000, 1.000000000000000000 ) ) ;
#1095 = ORIENTED_EDGE ( 'NONE', *, *, #1016, .F. ) ;
#1096 = LINE ( 'NONE', #292, #987 ) ;
#1097 = ADVANCED_FACE ( 'NONE', ( #2059 ), #625, .F. ) ;
#1098 = CARTESIAN_POINT ( 'NONE',  ( 13.20000000000000107, 19.91858428704208706, 82.00000000000000000 ) ) ;
#1099 = DIRECTION ( 'NONE',  ( 0.000000000000000000, 0.000000000000000000, 1.000000000000000000 ) ) ;
#1100 = DIRECTION ( 'NONE',  ( -0.000000000000000000, 0.000000000000000000, -1.000000000000000000 ) ) ;
#1101 = ORIENTED_EDGE ( 'NONE', *, *, #393, .F. ) ;
#1102 = CARTESIAN_POINT ( 'NONE',  ( 13.20000000000000107, -19.91858428704208706, 82.00000000000000000 ) ) ;
#1103 = COORDINATED_UNIVERSAL_TIME_OFFSET ( 5, 30, .AHEAD. ) ;
#1104 = DIRECTION ( 'NONE',  ( -0.000000000000000000, -1.000000000000000000, 0.000000000000000000 ) ) ;
#1105 = ORIENTED_EDGE ( 'NONE', *, *, #179, .T. ) ;
#1106 = CARTESIAN_POINT ( 'NONE',  ( -132.0000000000000000, 16.45538759169886589, 39.72681989798532953 ) ) ;
#1107 = DIRECTION ( 'NONE',  ( -1.000000000000000000, -0.000000000000000000, -0.000000000000000000 ) ) ;
#1108 = EDGE_CURVE ( 'NONE', #1323, #375, #370, .T. ) ;
#1109 = LINE ( 'NONE', #1073, #509 ) ;
#1110 = FACE_OUTER_BOUND ( 'NONE', #533, .T. ) ;
#1111 = EDGE_CURVE ( 'NONE', #655, #546, #296, .T. ) ;
#1112 = ORIENTED_EDGE ( 'NONE', *, *, #833, .F. ) ;
#1113 = DIRECTION ( 'NONE',  ( -1.000000000000000000, -0.000000000000000000, -0.000000000000000000 ) ) ;
#1114 = CARTESIAN_POINT ( 'NONE',  ( -144.0000000000000284, -27.00000000000000000, 72.00000000000001421 ) ) ;
#1115 = CARTESIAN_POINT ( 'NONE',  ( 11.50000000000000178, -19.91858428704208706, 82.00000000000000000 ) ) ;
#1116 = DIRECTION ( 'NONE',  ( -0.1727994780081253123, 0.000000000000000000, 0.9849570246463139611 ) ) ;
#1117 = DIRECTION ( 'NONE',  ( 0.000000000000000000, -0.000000000000000000, 1.000000000000000000 ) ) ;
#1118 = CIRCLE ( 'NONE', #447, 2.249999999999998668 ) ;
#1119 = VECTOR ( 'NONE', #1455, 1000.000000000000000 ) ;
#1120 = EDGE_LOOP ( 'NONE', ( #48, #1322, #1648, #234 ) ) ;
#1121 = LINE ( 'NONE', #942, #1961 ) ;
#1122 = CIRCLE ( 'NONE', #1253, 2.250000000000001776 ) ;
#1123 = VECTOR ( 'NONE', #1618, 1000.000000000000000 ) ;
#1124 = VECTOR ( 'NONE', #1166, 1000.000000000000000 ) ;
#1125 = VERTEX_POINT ( 'NONE', #471 ) ;
#1126 = EDGE_CURVE ( 'NONE', #536, #106, #1905, .T. ) ;
#1127 = EDGE_CURVE ( 'NONE', #939, #1301, #914, .T. ) ;
#1128 = DIRECTION ( 'NONE',  ( -1.000000000000000000, -0.000000000000000000, -0.000000000000000000 ) ) ;
#1129 = CARTESIAN_POINT ( 'NONE',  ( -132.0000000000000000, 16.45538759169886589, 41.97681989798532953 ) ) ;
#1130 = LINE ( 'NONE', #801, #514 ) ;
#1131 = CARTESIAN_POINT ( 'NONE',  ( -132.0000000000000000, 50.00000000000000000, 82.00000000000000000 ) ) ;
#1132 = ORIENTED_EDGE ( 'NONE', *, *, #1911, .T. ) ;
#1133 = CARTESIAN_POINT ( 'NONE',  ( -30.00000000000000000, 4.000000000000000000, 72.00000000000001421 ) ) ;
#1134 = ORIENTED_EDGE ( 'NONE', *, *, #1245, .T. ) ;
#1135 = DIRECTION ( 'NONE',  ( 1.000000000000000000, 0.000000000000000000, 0.000000000000000000 ) ) ;
#1136 = EDGE_CURVE ( 'NONE', #219, #1811, #67, .T. ) ;
#1137 = LINE ( 'NONE', #33, #1486 ) ;
#1138 = ORIENTED_EDGE ( 'NONE', *, *, #84, .F. ) ;
#1139 = CARTESIAN_POINT ( 'NONE',  ( -132.0000000000000000, -16.45538759169885523, 39.72681989798532953 ) ) ;
#1140 = ORIENTED_EDGE ( 'NONE', *, *, #1040, .T. ) ;
#1141 = DIRECTION ( 'NONE',  ( 0.000000000000000000, 1.000000000000000000, 0.000000000000000000 ) ) ;
#1142 = VERTEX_POINT ( 'NONE', #595 ) ;
#1143 = ADVANCED_FACE ( 'NONE', ( #1110, #1709, #1564, #459, #1872, #305, #116, #286, #259, #762 ), #943, .F. ) ;
#1144 = LINE ( 'NONE', #494, #484 ) ;
#1145 = EDGE_CURVE ( 'NONE', #1403, #577, #1402, .T. ) ;
#1146 = EDGE_CURVE ( 'NONE', #770, #212, #1240, .T. ) ;
#1147 = EDGE_LOOP ( 'NONE', ( #1171, #2061 ) ) ;
#1148 = DIRECTION ( 'NONE',  ( -0.000000000000000000, 0.000000000000000000, 1.000000000000000000 ) ) ;
#1149 = VECTOR ( 'NONE', #99, 1000.000000000000000 ) ;
#1150 = VECTOR ( 'NONE', #632, 1000.000000000000000 ) ;
#1151 = ORIENTED_EDGE ( 'NONE', *, *, #932, .T. ) ;
#1152 = AXIS2_PLACEMENT_3D ( 'NONE', #1879, #2074, #430 ) ;
#1153 = SECURITY_CLASSIFICATION ( '', '', #1271 ) ;
#1154 = CARTESIAN_POINT ( 'NONE',  ( -126.0000000000000284, -45.00000000000000000, 82.00000000000000000 ) ) ;
#1155 = AXIS2_PLACEMENT_3D ( 'NONE', #1776, #803, #331 ) ;
#1156 = ORIENTED_EDGE ( 'NONE', *, *, #1924, .F. ) ;
#1157 = AXIS2_PLACEMENT_3D ( 'NONE', #264, #1875, #1752 ) ;
#1158 = FACE_OUTER_BOUND ( 'NONE', #1819, .T. ) ;
#1159 = PLANE ( 'NONE',  #64 ) ;
#1160 = ORIENTED_EDGE ( 'NONE', *, *, #1703, .T. ) ;
#1161 = LINE ( 'NONE', #1973, #408 ) ;
#1162 = ORIENTED_EDGE ( 'NONE', *, *, #1614, .F. ) ;
#1163 = DIRECTION ( 'NONE',  ( 1.000000000000000000, 0.000000000000000000, 0.000000000000000000 ) ) ;
#1164 = EDGE_LOOP ( 'NONE', ( #867, #250, #1052, #1576 ) ) ;
#1165 = DIRECTION ( 'NONE',  ( -0.000000000000000000, -0.000000000000000000, -1.000000000000000000 ) ) ;
#1166 = DIRECTION ( 'NONE',  ( -1.000000000000000000, 0.000000000000000000, 0.000000000000000000 ) ) ;
#1167 = EDGE_LOOP ( 'NONE', ( #979, #1972, #1004, #1105 ) ) ;
#1168 = LINE ( 'NONE', #1133, #1762 ) ;
#1169 = DIRECTION ( 'NONE',  ( 1.000000000000000000, 0.000000000000000000, 0.000000000000000000 ) ) ;
#1170 = EDGE_CURVE ( 'NONE', #375, #774, #1927, .T. ) ;
#1171 = ORIENTED_EDGE ( 'NONE', *, *, #1573, .T. ) ;
#1172 = EDGE_CURVE ( 'NONE', #1511, #325, #1249, .T. ) ;
#1173 = VERTEX_POINT ( 'NONE', #1293 ) ;
#1174 = CARTESIAN_POINT ( 'NONE',  ( -144.0000000000000284, -39.72681989798532953, 14.20538759169884813 ) ) ;
#1175 = DIRECTION ( 'NONE',  ( 0.7071067811865473507, 0.7071067811865477948, 0.000000000000000000 ) ) ;
#1176 = VERTEX_POINT ( 'NONE', #163 ) ;
#1177 = DIRECTION ( 'NONE',  ( 1.000000000000000000, 0.000000000000000000, 0.000000000000000000 ) ) ;
#1178 = EDGE_LOOP ( 'NONE', ( #1296, #347, #1200, #1624 ) ) ;
#1179 = DIRECTION ( 'NONE',  ( 0.000000000000000000, 0.000000000000000000, -1.000000000000000000 ) ) ;
#1180 = AXIS2_PLACEMENT_3D ( 'NONE', #1757, #1575, #1232 ) ;
#1181 = CIRCLE ( 'NONE', #270, 2.249999999999998668 ) ;
#1182 = EDGE_LOOP ( 'NONE', ( #1996, #1602, #1298, #2073 ) ) ;
#1183 = EDGE_CURVE ( 'NONE', #1671, #1511, #435, .T. ) ;
#1184 = AXIS2_PLACEMENT_3D ( 'NONE', #85, #1216, #565 ) ;
#1185 = VECTOR ( 'NONE', #1273, 1000.000000000000000 ) ;
#1186 = CARTESIAN_POINT ( 'NONE',  ( -132.0000000000000000, 39.72681989798532953, 18.70538759169885878 ) ) ;
#1187 = DIRECTION ( 'NONE',  ( 1.000000000000000000, 0.000000000000000000, 0.000000000000000000 ) ) ;
#1188 = AXIS2_PLACEMENT_3D ( 'NONE', #130, #2079, #1272 ) ;
#1189 = CARTESIAN_POINT ( 'NONE',  ( 11.50000000000000178, 19.91858428704208706, 72.00000000000001421 ) ) ;
#1190 = ORIENTED_EDGE ( 'NONE', *, *, #282, .T. ) ;
#1191 = DIRECTION ( 'NONE',  ( -1.000000000000000000, -0.000000000000000000, -0.000000000000000000 ) ) ;
#1192 = PLANE ( 'NONE',  #1378 ) ;
#1193 = ORIENTED_EDGE ( 'NONE', *, *, #1924, .T. ) ;
#1194 = FACE_OUTER_BOUND ( 'NONE', #239, .T. ) ;
#1195 = ORIENTED_EDGE ( 'NONE', *, *, #304, .T. ) ;
#1196 = PLANE ( 'NONE',  #1288 ) ;
#1197 = ADVANCED_FACE ( 'NONE', ( #1448 ), #1244, .F. ) ;
#1198 = FACE_BOUND ( 'NONE', #121, .T. ) ;
#1199 = EDGE_CURVE ( 'NONE', #197, #1828, #766, .T. ) ;
#1200 = ORIENTED_EDGE ( 'NONE', *, *, #1057, .T. ) ;
#1201 = LINE ( 'NONE', #45, #1829 ) ;
#1202 = ORIENTED_EDGE ( 'NONE', *, *, #560, .T. ) ;
#1203 = FACE_BOUND ( 'NONE', #1852, .T. ) ;
#1204 = ORIENTED_EDGE ( 'NONE', *, *, #1911, .F. ) ;
#1205 = CARTESIAN_POINT ( 'NONE',  ( -132.0000000000000000, -39.00000000000002132, 82.00000000000000000 ) ) ;
#1206 = CARTESIAN_POINT ( 'NONE',  ( -86.00000000000000000, 6.000000000000000000, 72.00000000000001421 ) ) ;
#1207 = EDGE_CURVE ( 'NONE', #338, #134, #1406, .T. ) ;
#1208 = ORIENTED_EDGE ( 'NONE', *, *, #1278, .T. ) ;
#1209 = DIRECTION ( 'NONE',  ( 1.000000000000000000, 0.000000000000000000, 0.000000000000000000 ) ) ;
#1210 = EDGE_CURVE ( 'NONE', #1485, #127, #1956, .T. ) ;
#1211 = EDGE_CURVE ( 'NONE', #1485, #2042, #1043, .T. ) ;
#1212 = FACE_OUTER_BOUND ( 'NONE', #44, .T. ) ;
#1213 = ORIENTED_EDGE ( 'NONE', *, *, #243, .T. ) ;
#1214 = ORIENTED_EDGE ( 'NONE', *, *, #1955, .T. ) ;
#1215 = VECTOR ( 'NONE', #68, 1000.000000000000000 ) ;
#1216 = DIRECTION ( 'NONE',  ( 1.000000000000000000, 0.000000000000000000, 0.000000000000000000 ) ) ;
#1217 = AXIS2_PLACEMENT_3D ( 'NONE', #2039, #965, #2047 ) ;
#1218 = DIRECTION ( 'NONE',  ( 1.000000000000000000, 0.000000000000000000, 0.000000000000000000 ) ) ;
#1219 = AXIS2_PLACEMENT_3D ( 'NONE', #1547, #267, #1742 ) ;
#1220 = LOCAL_TIME ( 11, 7, 27.00000000000000000, #1739 ) ;
#1221 = VERTEX_POINT ( 'NONE', #1689 ) ;
#1222 = CARTESIAN_POINT ( 'NONE',  ( -86.00000000000000000, -4.000000000000000000, 72.00000000000001421 ) ) ;
#1223 = EDGE_LOOP ( 'NONE', ( #1138, #1615, #352, #685 ) ) ;
#1224 = ORIENTED_EDGE ( 'NONE', *, *, #1136, .T. ) ;
#1225 = LINE ( 'NONE', #627, #482 ) ;
#1226 = CARTESIAN_POINT ( 'NONE',  ( 0.000000000000000000, 0.000000000000000000, 0.000000000000000000 ) ) ;
#1227 = DIRECTION ( 'NONE',  ( -0.000000000000000000, -0.000000000000000000, -1.000000000000000000 ) ) ;
#1228 = ORIENTED_EDGE ( 'NONE', *, *, #1146, .T. ) ;
#1229 = CARTESIAN_POINT ( 'NONE',  ( -144.0000000000000284, 4.000000000000000000, 52.00000000000000000 ) ) ;
#1230 = CARTESIAN_POINT ( 'NONE',  ( 0.000000000000000000, 0.000000000000000000, 79.80000000000001137 ) ) ;
#1231 = ADVANCED_FACE ( 'NONE', ( #1333 ), #60, .F. ) ;
#1232 = DIRECTION ( 'NONE',  ( -1.000000000000000000, 0.000000000000000000, 0.000000000000000000 ) ) ;
#1233 = ORIENTED_EDGE ( 'NONE', *, *, #2051, .T. ) ;
#1234 = CARTESIAN_POINT ( 'NONE',  ( 18.00000000000000000, -45.00000000000000000, 82.00000000000000000 ) ) ;
#1235 = COORDINATED_UNIVERSAL_TIME_OFFSET ( 5, 30, .AHEAD. ) ;
#1236 = CARTESIAN_POINT ( 'NONE',  ( -144.0000000000000284, 39.72681989798532953, -18.70538759169885878 ) ) ;
#1237 = ORIENTED_EDGE ( 'NONE', *, *, #1040, .F. ) ;
#1238 = DIRECTION ( 'NONE',  ( 1.000000000000000000, 0.000000000000000000, 0.000000000000000000 ) ) ;
#1239 = CARTESIAN_POINT ( 'NONE',  ( -132.0000000000000000, 16.45538759169885878, -41.97681989798532953 ) ) ;
#1240 = LINE ( 'NONE', #1090, #337 ) ;
#1241 = ORIENTED_EDGE ( 'NONE', *, *, #576, .F. ) ;
#1242 = DIRECTION ( 'NONE',  ( 1.000000000000000000, 0.000000000000000000, 0.000000000000000000 ) ) ;
#1243 = CALENDAR_DATE ( 2026, 24, 9 ) ;
#1244 = CYLINDRICAL_SURFACE ( 'NONE', #201, 2.250000000000001776 ) ;
#1245 = EDGE_CURVE ( 'NONE', #1313, #983, #1045, .T. ) ;
#1246 = EDGE_CURVE ( 'NONE', #244, #1901, #1851, .T. ) ;
#1247 = CARTESIAN_POINT ( 'NONE',  ( -144.0000000000000284, 1.592040838891559095E-15, -13.00000000000000000 ) ) ;
#1248 = CIRCLE ( 'NONE', #486, 13.00000000000000000 ) ;
#1249 = CIRCLE ( 'NONE', #1081, 2.250000000000000444 ) ;
#1250 = VECTOR ( 'NONE', #784, 1000.000000000000000 ) ;
#1251 = EDGE_LOOP ( 'NONE', ( #82, #744, #1784, #845 ) ) ;
#1252 = DIRECTION ( 'NONE',  ( -0.000000000000000000, -0.000000000000000000, -1.000000000000000000 ) ) ;
#1253 = AXIS2_PLACEMENT_3D ( 'NONE', #856, #1865, #1523 ) ;
#1254 = VECTOR ( 'NONE', #1707, 1000.000000000000000 ) ;
#1255 = AXIS2_PLACEMENT_3D ( 'NONE', #1854, #1361, #1509 ) ;
#1256 = DIRECTION ( 'NONE',  ( 1.000000000000000000, -0.000000000000000000, -0.000000000000000000 ) ) ;
#1257 = AXIS2_PLACEMENT_3D ( 'NONE', #89, #866, #233 ) ;
#1258 = DIRECTION ( 'NONE',  ( 0.000000000000000000, -1.000000000000000000, 0.000000000000000000 ) ) ;
#1259 = EDGE_LOOP ( 'NONE', ( #1190, #280, #345, #934 ) ) ;
#1260 = CARTESIAN_POINT ( 'NONE',  ( -144.0000000000000284, -16.45538759169885523, 41.97681989798532953 ) ) ;
#1261 = CARTESIAN_POINT ( 'NONE',  ( -126.0000000000000284, 45.00000000000000000, 82.00000000000000000 ) ) ;
#1262 = EDGE_CURVE ( 'NONE', #1580, #442, #1892, .T. ) ;
#1263 = ORIENTED_EDGE ( 'NONE', *, *, #889, .T. ) ;
#1264 = FACE_OUTER_BOUND ( 'NONE', #1675, .T. ) ;
#1265 = DIRECTION ( 'NONE',  ( 0.000000000000000000, 1.000000000000000000, 0.000000000000000000 ) ) ;
#1266 = EDGE_CURVE ( 'NONE', #497, #291, #1531, .T. ) ;
#1267 = DIRECTION ( 'NONE',  ( -0.000000000000000000, -0.000000000000000000, -1.000000000000000000 ) ) ;
#1268 = DIRECTION ( 'NONE',  ( -0.000000000000000000, -0.000000000000000000, -1.000000000000000000 ) ) ;
#1269 = VERTEX_POINT ( 'NONE', #365 ) ;
#1270 = CARTESIAN_POINT ( 'NONE',  ( -132.0000000000000000, 39.72681989798532953, -18.70538759169885878 ) ) ;
#1271 = SECURITY_CLASSIFICATION_LEVEL ( 'unclassified' ) ;
#1272 = DIRECTION ( 'NONE',  ( 0.000000000000000000, -0.000000000000000000, 1.000000000000000000 ) ) ;
#1273 = DIRECTION ( 'NONE',  ( -1.000000000000000000, -0.000000000000000000, -0.000000000000000000 ) ) ;
#1274 = ADVANCED_FACE ( 'NONE', ( #1194, #1841, #2009, #389, #873, #1203, #1816, #726 ), #1192, .T. ) ;
#1275 = CARTESIAN_POINT ( 'NONE',  ( -144.0000000000000284, 4.000000000000000000, 52.00000000000000000 ) ) ;
#1276 = VERTEX_POINT ( 'NONE', #2017 ) ;
#1277 = LINE ( 'NONE', #1600, #1250 ) ;
#1278 = EDGE_CURVE ( 'NONE', #1424, #1655, #354, .T. ) ;
#1279 = EDGE_CURVE ( 'NONE', #244, #655, #1452, .T. ) ;
#1280 = VERTEX_POINT ( 'NONE', #363 ) ;
#1281 = CARTESIAN_POINT ( 'NONE',  ( -132.0000000000000000, -39.72681989798532953, 18.70538759169884813 ) ) ;
#1282 = CARTESIAN_POINT ( 'NONE',  ( 18.00000000000000000, -45.00000000000000000, 72.00000000000001421 ) ) ;
#1283 = DIRECTION ( 'NONE',  ( 1.000000000000000000, 0.000000000000000000, 0.000000000000000000 ) ) ;
#1284 = CARTESIAN_POINT ( 'NONE',  ( 0.000000000000000000, 0.000000000000000000, 72.00000000000001421 ) ) ;
#1285 = AXIS2_PLACEMENT_3D ( 'NONE', #271, #1718, #1601 ) ;
#1286 = ORIENTED_EDGE ( 'NONE', *, *, #1080, .F. ) ;
#1287 = CARTESIAN_POINT ( 'NONE',  ( -144.0000000000000284, -16.45538759169885523, 37.47681989798532953 ) ) ;
#1288 = AXIS2_PLACEMENT_3D ( 'NONE', #213, #245, #1534 ) ;
#1289 = ORGANIZATION ( 'UNSPECIFIED', 'UNSPECIFIED', '' ) ;
#1290 = VERTEX_POINT ( 'NONE', #1678 ) ;
#1291 = CARTESIAN_POINT ( 'NONE',  ( -126.0000000000000284, 45.00000000000000000, 72.00000000000001421 ) ) ;
#1292 = ADVANCED_FACE ( 'NONE', ( #47 ), #545, .F. ) ;
#1293 = CARTESIAN_POINT ( 'NONE',  ( 9.800000000000000711, 19.91858428704208706, 72.00000000000001421 ) ) ;
#1294 = CARTESIAN_POINT ( 'NONE',  ( -132.0000000000000000, -16.45538759169885523, 41.97681989798532953 ) ) ;
#1295 = FACE_OUTER_BOUND ( 'NONE', #405, .T. ) ;
#1296 = ORIENTED_EDGE ( 'NONE', *, *, #1805, .F. ) ;
#1297 = CARTESIAN_POINT ( 'NONE',  ( -132.0000000000000000, 4.000000000000000000, 0.000000000000000000 ) ) ;
#1298 = ORIENTED_EDGE ( 'NONE', *, *, #2083, .F. ) ;
#1299 = EDGE_CURVE ( 'NONE', #327, #1837, #862, .T. ) ;
#1300 = LINE ( 'NONE', #336, #1693 ) ;
#1301 = VERTEX_POINT ( 'NONE', #535 ) ;
#1302 = EDGE_CURVE ( 'NONE', #1777, #1515, #605, .T. ) ;
#1303 = DIRECTION ( 'NONE',  ( 0.000000000000000000, -0.000000000000000000, -1.000000000000000000 ) ) ;
#1304 = VERTEX_POINT ( 'NONE', #56 ) ;
#1305 = DIRECTION ( 'NONE',  ( 1.000000000000000000, 0.000000000000000000, 0.000000000000000000 ) ) ;
#1306 = ORIENTED_EDGE ( 'NONE', *, *, #179, .F. ) ;
#1307 = CARTESIAN_POINT ( 'NONE',  ( -132.0000000000000000, 0.000000000000000000, 0.000000000000000000 ) ) ;
#1308 = VERTEX_POINT ( 'NONE', #555 ) ;
#1309 = CYLINDRICAL_SURFACE ( 'NONE', #1386, 17.15000000000000213 ) ;
#1310 = ORIENTED_EDGE ( 'NONE', *, *, #1858, .F. ) ;
#1311 = DIRECTION ( 'NONE',  ( -1.000000000000000000, -0.000000000000000000, -0.000000000000000000 ) ) ;
#1312 = CIRCLE ( 'NONE', #711, 2.250000000000001776 ) ;
#1313 = VERTEX_POINT ( 'NONE', #701 ) ;
#1314 = VECTOR ( 'NONE', #37, 1000.000000000000000 ) ;
#1315 = DIRECTION ( 'NONE',  ( 1.000000000000000000, 0.000000000000000000, 0.000000000000000000 ) ) ;
#1316 = EDGE_LOOP ( 'NONE', ( #1814, #823, #319, #2024 ) ) ;
#1317 = DIRECTION ( 'NONE',  ( -0.7071067811865474617, 0.7071067811865474617, 0.000000000000000000 ) ) ;
#1318 = CARTESIAN_POINT ( 'NONE',  ( -132.0000000000000000, 50.00000000000000000, -50.00000000000000000 ) ) ;
#1319 = EDGE_CURVE ( 'NONE', #1290, #1679, #1994, .T. ) ;
#1320 = ORIENTED_EDGE ( 'NONE', *, *, #1145, .T. ) ;
#1321 = CARTESIAN_POINT ( 'NONE',  ( -132.0000000000000000, 0.000000000000000000, 72.00000000000001421 ) ) ;
#1322 = ORIENTED_EDGE ( 'NONE', *, *, #1319, .T. ) ;
#1323 = VERTEX_POINT ( 'NONE', #869 ) ;
#1324 = FACE_OUTER_BOUND ( 'NONE', #1439, .T. ) ;
#1325 = DIRECTION ( 'NONE',  ( 0.000000000000000000, 0.000000000000000000, 1.000000000000000000 ) ) ;
#1326 = CARTESIAN_POINT ( 'NONE',  ( -126.0000000000000284, 45.00000000000000000, 82.00000000000000000 ) ) ;
#1327 = ORIENTED_EDGE ( 'NONE', *, *, #2001, .T. ) ;
#1328 = CARTESIAN_POINT ( 'NONE',  ( 0.000000000000000000, 0.000000000000000000, 79.80000000000001137 ) ) ;
#1329 = CARTESIAN_POINT ( 'NONE',  ( -30.00000000000000000, -4.000000000000000000, 72.00000000000001421 ) ) ;
#1330 = EDGE_CURVE ( 'NONE', #1619, #219, #227, .T. ) ;
#1331 = EDGE_CURVE ( 'NONE', #1668, #1501, #2060, .T. ) ;
#1332 = ORIENTED_EDGE ( 'NONE', *, *, #1042, .T. ) ;
#1333 = FACE_OUTER_BOUND ( 'NONE', #2095, .T. ) ;
#1334 = VERTEX_POINT ( 'NONE', #1869 ) ;
#1335 = LINE ( 'NONE', #391, #1047 ) ;
#1336 = PLANE ( 'NONE',  #1255 ) ;
#1337 = DIRECTION ( 'NONE',  ( -0.000000000000000000, -0.000000000000000000, 1.000000000000000000 ) ) ;
#1338 = EDGE_LOOP ( 'NONE', ( #1734, #882, #320, #1741 ) ) ;
#1339 = DIRECTION ( 'NONE',  ( -0.000000000000000000, -0.000000000000000000, -1.000000000000000000 ) ) ;
#1340 = CARTESIAN_POINT ( 'NONE',  ( 0.000000000000000000, 0.000000000000000000, 82.00000000000000000 ) ) ;
#1341 = ORIENTED_EDGE ( 'NONE', *, *, #1127, .F. ) ;
#1342 = VECTOR ( 'NONE', #1396, 1000.000000000000000 ) ;
#1343 = CARTESIAN_POINT ( 'NONE',  ( -132.0000000000000000, -39.72681989798532243, -16.45538759169886944 ) ) ;
#1344 = AXIS2_PLACEMENT_3D ( 'NONE', #1066, #609, #634 ) ;
#1345 = VECTOR ( 'NONE', #642, 1000.000000000000000 ) ;
#1346 = ORIENTED_EDGE ( 'NONE', *, *, #384, .F. ) ;
#1347 = VECTOR ( 'NONE', #1935, 1000.000000000000000 ) ;
#1348 = CIRCLE ( 'NONE', #1898, 2.250000000000001776 ) ;
#1349 = EDGE_CURVE ( 'NONE', #2092, #325, #420, .T. ) ;
#1350 = DIRECTION ( 'NONE',  ( 1.000000000000000000, 0.000000000000000000, 0.000000000000000000 ) ) ;
#1351 = AXIS2_PLACEMENT_3D ( 'NONE', #664, #636, #1926 ) ;
#1352 = AXIS2_PLACEMENT_3D ( 'NONE', #927, #566, #591 ) ;
#1353 = LINE ( 'NONE', #1206, #1525 ) ;
#1354 = ORIENTED_EDGE ( 'NONE', *, *, #2051, .F. ) ;
#1355 = LINE ( 'NONE', #543, #1629 ) ;
#1356 = DIRECTION ( 'NONE',  ( 1.000000000000000000, 0.000000000000000000, 0.000000000000000000 ) ) ;
#1357 = EDGE_LOOP ( 'NONE', ( #659, #248 ) ) ;
#1358 = ORIENTED_EDGE ( 'NONE', *, *, #570, .T. ) ;
#1359 = ADVANCED_FACE ( 'NONE', ( #1072 ), #1086, .F. ) ;
#1360 = CARTESIAN_POINT ( 'NONE',  ( -132.0000000000000000, -16.45538759169885523, 39.72681989798532953 ) ) ;
#1361 = DIRECTION ( 'NONE',  ( 0.000000000000000000, 0.000000000000000000, 1.000000000000000000 ) ) ;
#1362 = CC_DESIGN_PERSON_AND_ORGANIZATION_ASSIGNMENT ( #262, #901, ( #276 ) ) ;
#1363 = ADVANCED_FACE ( 'NONE', ( #1571 ), #886, .F. ) ;
#1364 = CARTESIAN_POINT ( 'NONE',  ( -144.0000000000000284, 16.45538759169886589, 41.97681989798532953 ) ) ;
#1365 = EDGE_LOOP ( 'NONE', ( #1881, #2000, #563, #1546, #1214, #669, #1876, #1684, #1421, #307, #518, #1320, #855, #1332, #1943, #1779 ) ) ;
#1366 = CARTESIAN_POINT ( 'NONE',  ( -6.000000000000000000, 0.000000000000000000, 82.00000000000000000 ) ) ;
#1367 = CARTESIAN_POINT ( 'NONE',  ( 23.00000000000000000, 0.000000000000000000, 72.00000000000001421 ) ) ;
#1368 = CARTESIAN_POINT ( 'NONE',  ( 0.000000000000000000, 6.000000000000000000, 0.000000000000000000 ) ) ;
#1369 = ORIENTED_EDGE ( 'NONE', *, *, #1199, .F. ) ;
#1370 = CARTESIAN_POINT ( 'NONE',  ( -132.0000000000000000, 16.45538759169885878, -39.72681989798532953 ) ) ;
#1371 = ORIENTED_EDGE ( 'NONE', *, *, #903, .T. ) ;
#1372 = CARTESIAN_POINT ( 'NONE',  ( 36.00000000000000000, 27.00000000000000000, 82.00000000000000000 ) ) ;
#1373 = DIRECTION ( 'NONE',  ( -0.000000000000000000, -1.000000000000000000, -0.000000000000000000 ) ) ;
#1374 = ORIENTED_EDGE ( 'NONE', *, *, #1279, .F. ) ;
#1375 = CARTESIAN_POINT ( 'NONE',  ( -132.0000000000000000, 39.72681989798532953, -18.70538759169885878 ) ) ;
#1376 = ORIENTED_EDGE ( 'NONE', *, *, #1433, .F. ) ;
#1377 = ORIENTED_EDGE ( 'NONE', *, *, #1005, .T. ) ;
#1378 = AXIS2_PLACEMENT_3D ( 'NONE', #1340, #841, #887 ) ;
#1379 = LINE ( 'NONE', #1060, #1456 ) ;
#1380 = AXIS2_PLACEMENT_3D ( 'NONE', #496, #525, #362 ) ;
#1381 = MECHANICAL_CONTEXT ( 'NONE', #1636, 'mechanical' ) ;
#1382 = CIRCLE ( 'NONE', #646, 2.250000000000000444 ) ;
#1383 = CARTESIAN_POINT ( 'NONE',  ( 23.00000000000000000, 0.000000000000000000, 82.00000000000000000 ) ) ;
#1384 = AXIS2_PLACEMENT_3D ( 'NONE', #1106, #1731, #582 ) ;
#1385 = CIRCLE ( 'NONE', #848, 1.700000000000000178 ) ;
#1386 = AXIS2_PLACEMENT_3D ( 'NONE', #829, #1470, #24 ) ;
#1387 = ORIENTED_EDGE ( 'NONE', *, *, #1959, .T. ) ;
#1388 = CARTESIAN_POINT ( 'NONE',  ( 36.00000000000000000, -27.00000000000000000, 82.00000000000000000 ) ) ;
#1389 = EDGE_CURVE ( 'NONE', #442, #1308, #1410, .T. ) ;
#1390 = CARTESIAN_POINT ( 'NONE',  ( -132.0000000000000000, -39.72681989798532953, 16.45538759169884813 ) ) ;
#1391 = ORIENTED_EDGE ( 'NONE', *, *, #243, .F. ) ;
#1392 = DIRECTION ( 'NONE',  ( 0.000000000000000000, 0.000000000000000000, 1.000000000000000000 ) ) ;
#1393 = ORIENTED_EDGE ( 'NONE', *, *, #1111, .T. ) ;
#1394 = CARTESIAN_POINT ( 'NONE',  ( 11.50000000000000178, 19.91858428704208706, 82.00000000000000000 ) ) ;
#1395 = PERSON_AND_ORGANIZATION ( #1842, #1289 ) ;
#1396 = DIRECTION ( 'NONE',  ( -0.7071067811865473507, -0.7071067811865477948, 0.000000000000000000 ) ) ;
#1397 = ORIENTED_EDGE ( 'NONE', *, *, #1414, .F. ) ;
#1398 = CYLINDRICAL_SURFACE ( 'NONE', #312, 2.249999999999998668 ) ;
#1399 = CARTESIAN_POINT ( 'NONE',  ( -86.00000000000000000, -6.000000000000000000, 72.00000000000001421 ) ) ;
#1400 = EDGE_CURVE ( 'NONE', #1863, #1290, #137, .T. ) ;
#1401 = EDGE_CURVE ( 'NONE', #291, #1753, #951, .T. ) ;
#1402 = LINE ( 'NONE', #909, #673 ) ;
#1403 = VERTEX_POINT ( 'NONE', #456 ) ;
#1404 = CARTESIAN_POINT ( 'NONE',  ( -126.0000000000000284, 45.00000000000000000, 72.00000000000001421 ) ) ;
#1405 = APPROVAL_STATUS ( 'not_yet_approved' ) ;
#1406 = LINE ( 'NONE', #1114, #32 ) ;
#1407 = LINE ( 'NONE', #1069, #209 ) ;
#1408 = ORIENTED_EDGE ( 'NONE', *, *, #930, .F. ) ;
#1409 = DIRECTION ( 'NONE',  ( -1.000000000000000000, -0.000000000000000000, -0.000000000000000000 ) ) ;
#1410 = LINE ( 'NONE', #583, #506 ) ;
#1411 = CARTESIAN_POINT ( 'NONE',  ( -23.00000000000000000, 2.816687638038912352E-15, 82.00000000000000000 ) ) ;
#1412 = LINE ( 'NONE', #136, #1519 ) ;
#1413 = ORIENTED_EDGE ( 'NONE', *, *, #772, .F. ) ;
#1414 = EDGE_CURVE ( 'NONE', #536, #421, #1686, .T. ) ;
#1415 = CARTESIAN_POINT ( 'NONE',  ( -132.0000000000000000, 39.72681989798532953, 16.45538759169885878 ) ) ;
#1416 = APPLICATION_PROTOCOL_DEFINITION ( 'international standard', 'config_control_design', 1994, #1054 ) ;
#1417 = DIRECTION ( 'NONE',  ( -1.000000000000000000, -0.000000000000000000, -0.000000000000000000 ) ) ;
#1418 = ADVANCED_FACE ( 'NONE', ( #1212 ), #409, .F. ) ;
#1419 = AXIS2_PLACEMENT_3D ( 'NONE', #2038, #1732, #750 ) ;
#1420 = AXIS2_PLACEMENT_3D ( 'NONE', #1672, #876, #550 ) ;
#1421 = ORIENTED_EDGE ( 'NONE', *, *, #1626, .F. ) ;
#1422 = CARTESIAN_POINT ( 'NONE',  ( 18.00000000000000000, -45.00000000000000000, 82.00000000000000000 ) ) ;
#1423 = DIRECTION ( 'NONE',  ( -0.000000000000000000, -0.000000000000000000, -1.000000000000000000 ) ) ;
#1424 = VERTEX_POINT ( 'NONE', #678 ) ;
#1425 = CARTESIAN_POINT ( 'NONE',  ( -132.0000000000000000, 50.00000000000000000, -50.00000000000000000 ) ) ;
#1426 = CARTESIAN_POINT ( 'NONE',  ( -9.800000000000009592, -19.91858428704208350, 82.00000000000000000 ) ) ;
#1427 = ORIENTED_EDGE ( 'NONE', *, *, #1262, .T. ) ;
#1428 = CARTESIAN_POINT ( 'NONE',  ( -132.0000000000000000, -16.45538759169884813, -39.72681989798532953 ) ) ;
#1429 = APPROVAL_STATUS ( 'not_yet_approved' ) ;
#1430 = EDGE_CURVE ( 'NONE', #564, #1308, #1118, .T. ) ;
#1431 = CARTESIAN_POINT ( 'NONE',  ( -132.0000000000000000, 16.45538759169885878, -41.97681989798532953 ) ) ;
#1432 = ADVANCED_FACE ( 'NONE', ( #2072 ), #1435, .T. ) ;
#1433 = EDGE_CURVE ( 'NONE', #1012, #1304, #1000, .T. ) ;
#1434 = CARTESIAN_POINT ( 'NONE',  ( 18.00000000000000000, 45.00000000000000000, 82.00000000000000000 ) ) ;
#1435 = PLANE ( 'NONE',  #174 ) ;
#1436 = ORIENTED_EDGE ( 'NONE', *, *, #2023, .T. ) ;
#1437 = CYLINDRICAL_SURFACE ( 'NONE', #879, 2.250000000000001776 ) ;
#1438 = CYLINDRICAL_SURFACE ( 'NONE', #982, 1.700000000000000178 ) ;
#1439 = EDGE_LOOP ( 'NONE', ( #703, #36, #349, #1945 ) ) ;
#1440 = CARTESIAN_POINT ( 'NONE',  ( -132.0000000000000000, 50.00000000000000000, 82.00000000000000000 ) ) ;
#1441 = LINE ( 'NONE', #2089, #1729 ) ;
#1442 = PLANE ( 'NONE',  #1459 ) ;
#1443 = DIRECTION ( 'NONE',  ( 0.000000000000000000, 1.000000000000000000, 0.000000000000000000 ) ) ;
#1444 = ORIENTED_EDGE ( 'NONE', *, *, #1700, .T. ) ;
#1445 = FACE_OUTER_BOUND ( 'NONE', #1699, .T. ) ;
#1446 = ORIENTED_EDGE ( 'NONE', *, *, #827, .T. ) ;
#1447 = DIRECTION ( 'NONE',  ( 1.000000000000000000, 0.000000000000000000, 0.000000000000000000 ) ) ;
#1448 = FACE_OUTER_BOUND ( 'NONE', #454, .T. ) ;
#1449 = DIRECTION ( 'NONE',  ( 0.000000000000000000, -0.000000000000000000, 1.000000000000000000 ) ) ;
#1450 = UNCERTAINTY_MEASURE_WITH_UNIT (LENGTH_MEASURE( 1.000000000000000082E-05 ), #426, 'distance_accuracy_value', 'NONE');
#1451 = CARTESIAN_POINT ( 'NONE',  ( -144.0000000000000284, -6.000000000000000000, 56.99999999999999289 ) ) ;
#1452 = CIRCLE ( 'NONE', #1516, 1.700000000000000178 ) ;
#1453 = ORIENTED_EDGE ( 'NONE', *, *, #871, .T. ) ;
#1454 = EDGE_CURVE ( 'NONE', #1125, #839, #1920, .T. ) ;
#1455 = DIRECTION ( 'NONE',  ( 0.000000000000000000, 1.000000000000000000, 0.000000000000000000 ) ) ;
#1456 = VECTOR ( 'NONE', #1498, 1000.000000000000000 ) ;
#1457 = AXIS2_PLACEMENT_3D ( 'NONE', #700, #406, #2015 ) ;
#1458 = CIRCLE ( 'NONE', #1864, 1.700000000000000178 ) ;
#1459 = AXIS2_PLACEMENT_3D ( 'NONE', #176, #1613, #1303 ) ;
#1460 = EDGE_CURVE ( 'NONE', #168, #2085, #1521, .T. ) ;
#1461 = EDGE_LOOP ( 'NONE', ( #490, #468, #988, #1095 ) ) ;
#1462 = DIRECTION ( 'NONE',  ( 0.000000000000000000, 0.000000000000000000, 1.000000000000000000 ) ) ;
#1463 = ORIENTED_EDGE ( 'NONE', *, *, #1807, .F. ) ;
#1464 = LINE ( 'NONE', #1318, #71 ) ;
#1465 = ORIENTED_EDGE ( 'NONE', *, *, #23, .F. ) ;
#1466 = LINE ( 'NONE', #503, #102 ) ;
#1467 = EDGE_LOOP ( 'NONE', ( #916, #1539, #976 ) ) ;
#1468 = DIRECTION ( 'NONE',  ( 0.000000000000000000, 0.000000000000000000, -1.000000000000000000 ) ) ;
#1469 = ORIENTED_EDGE ( 'NONE', *, *, #1983, .F. ) ;
#1470 = DIRECTION ( 'NONE',  ( -0.000000000000000000, -0.000000000000000000, 1.000000000000000000 ) ) ;
#1471 = ORIENTED_EDGE ( 'NONE', *, *, #996, .F. ) ;
#1472 = CARTESIAN_POINT ( 'NONE',  ( 21.30000000000000071, 0.000000000000000000, 72.00000000000001421 ) ) ;
#1473 = ORIENTED_EDGE ( 'NONE', *, *, #871, .F. ) ;
#1474 = CARTESIAN_POINT ( 'NONE',  ( -132.0000000000000000, -16.45538759169884813, -41.97681989798532953 ) ) ;
#1475 = ORIENTED_EDGE ( 'NONE', *, *, #1493, .F. ) ;
#1476 = EDGE_CURVE ( 'NONE', #251, #1269, #676, .T. ) ;
#1477 = CARTESIAN_POINT ( 'NONE',  ( -144.0000000000000284, -16.45538759169884813, -39.72681989798532953 ) ) ;
#1478 = ADVANCED_FACE ( 'NONE', ( #622 ), #1755, .F. ) ;
#1479 = DIRECTION ( 'NONE',  ( 0.000000000000000000, 0.000000000000000000, 1.000000000000000000 ) ) ;
#1480 = ORIENTED_EDGE ( 'NONE', *, *, #1746, .F. ) ;
#1481 = DIRECTION ( 'NONE',  ( 0.000000000000000000, 0.000000000000000000, 1.000000000000000000 ) ) ;
#1482 = AXIS2_PLACEMENT_3D ( 'NONE', #1368, #694, #853 ) ;
#1483 = DIRECTION ( 'NONE',  ( 0.000000000000000000, 0.000000000000000000, 1.000000000000000000 ) ) ;
#1484 = VECTOR ( 'NONE', #1317, 1000.000000000000114 ) ;
#1485 = VERTEX_POINT ( 'NONE', #510 ) ;
#1486 = VECTOR ( 'NONE', #1803, 1000.000000000000000 ) ;
#1487 = AXIS2_PLACEMENT_3D ( 'NONE', #20, #1447, #658 ) ;
#1488 = AXIS2_PLACEMENT_3D ( 'NONE', #710, #1855, #1021 ) ;
#1489 = EDGE_LOOP ( 'NONE', ( #799, #818 ) ) ;
#1490 = CARTESIAN_POINT ( 'NONE',  ( -86.00000000000000000, -6.000000000000000000, 56.99999999999999289 ) ) ;
#1491 = CARTESIAN_POINT ( 'NONE',  ( 0.000000000000000000, 0.000000000000000000, 72.00000000000001421 ) ) ;
#1492 = EDGE_CURVE ( 'NONE', #1530, #258, #1977, .T. ) ;
#1493 = EDGE_CURVE ( 'NONE', #1828, #285, #816, .T. ) ;
#1494 = VERTEX_POINT ( 'NONE', #2082 ) ;
#1495 = CARTESIAN_POINT ( 'NONE',  ( -86.00000000000000000, -4.000000000000000000, 0.000000000000000000 ) ) ;
#1496 = ORIENTED_EDGE ( 'NONE', *, *, #1476, .T. ) ;
#1497 = VERTEX_POINT ( 'NONE', #30 ) ;
#1498 = DIRECTION ( 'NONE',  ( -1.000000000000000000, -0.000000000000000000, -0.000000000000000000 ) ) ;
#1499 = CARTESIAN_POINT ( 'NONE',  ( 9.800000000000000711, -19.91858428704208706, 82.00000000000000000 ) ) ;
#1500 = CARTESIAN_POINT ( 'NONE',  ( -13.19999999999999396, 19.91858428704209061, 82.00000000000000000 ) ) ;
#1501 = VERTEX_POINT ( 'NONE', #1970 ) ;
#1502 = CARTESIAN_POINT ( 'NONE',  ( -132.0000000000000000, 16.45538759169886589, 37.47681989798532953 ) ) ;
#1503 = CARTESIAN_POINT ( 'NONE',  ( 11.50000000000000178, 19.91858428704208706, 82.00000000000000000 ) ) ;
#1504 = EDGE_LOOP ( 'NONE', ( #644, #1640, #356, #260 ) ) ;
#1505 = ADVANCED_FACE ( 'NONE', ( #1324 ), #639, .F. ) ;
#1506 = CARTESIAN_POINT ( 'NONE',  ( -132.0000000000000000, 16.45538759169885878, -37.47681989798532953 ) ) ;
#1507 = EDGE_LOOP ( 'NONE', ( #464, #898, #992, #964 ) ) ;
#1508 = CARTESIAN_POINT ( 'NONE',  ( 24.69999999999999929, 2.081899558550500526E-16, 82.00000000000000000 ) ) ;
#1509 = DIRECTION ( 'NONE',  ( 1.000000000000000000, 0.000000000000000000, -0.000000000000000000 ) ) ;
#1510 = DIRECTION ( 'NONE',  ( -0.000000000000000000, -0.000000000000000000, -1.000000000000000000 ) ) ;
#1511 = VERTEX_POINT ( 'NONE', #359 ) ;
#1512 = LINE ( 'NONE', #2025, #1997 ) ;
#1513 = CARTESIAN_POINT ( 'NONE',  ( -132.0000000000000000, -16.45538759169885523, 37.47681989798532953 ) ) ;
#1514 = ADVANCED_FACE ( 'NONE', ( #133 ), #41, .F. ) ;
#1515 = VERTEX_POINT ( 'NONE', #1098 ) ;
#1516 = AXIS2_PLACEMENT_3D ( 'NONE', #1033, #1483, #1169 ) ;
#1517 = DIRECTION ( 'NONE',  ( -1.000000000000000000, -0.000000000000000000, -0.000000000000000000 ) ) ;
#1518 = PRODUCT_RELATED_PRODUCT_CATEGORY ( 'detail', '', ( #276 ) ) ;
#1519 = VECTOR ( 'NONE', #754, 1000.000000000000000 ) ;
#1520 = ORIENTED_EDGE ( 'NONE', *, *, #902, .T. ) ;
#1521 = CIRCLE ( 'NONE', #1628, 1.700000000000000178 ) ;
#1522 = AXIS2_PLACEMENT_3D ( 'NONE', #1790, #1932, #1765 ) ;
#1523 = DIRECTION ( 'NONE',  ( 0.000000000000000000, 0.000000000000000000, -1.000000000000000000 ) ) ;
#1524 = CIRCLE ( 'NONE', #788, 1.700000000000000178 ) ;
#1525 = VECTOR ( 'NONE', #1846, 1000.000000000000000 ) ;
#1526 = FACE_BOUND ( 'NONE', #1527, .T. ) ;
#1527 = EDGE_LOOP ( 'NONE', ( #1586, #1548 ) ) ;
#1528 = PLANE ( 'NONE',  #956 ) ;
#1529 = DIRECTION ( 'NONE',  ( 0.000000000000000000, 0.000000000000000000, 1.000000000000000000 ) ) ;
#1530 = VERTEX_POINT ( 'NONE', #302 ) ;
#1531 = LINE ( 'NONE', #547, #643 ) ;
#1532 = ORIENTED_EDGE ( 'NONE', *, *, #309, .F. ) ;
#1533 = EDGE_CURVE ( 'NONE', #1681, #1925, #941, .T. ) ;
#1534 = DIRECTION ( 'NONE',  ( 0.000000000000000000, 0.000000000000000000, 1.000000000000000000 ) ) ;
#1535 = DIRECTION ( 'NONE',  ( -0.000000000000000000, -0.000000000000000000, -1.000000000000000000 ) ) ;
#1536 = PLANE ( 'NONE',  #2033 ) ;
#1537 = EDGE_LOOP ( 'NONE', ( #1195, #1801, #1475, #1369 ) ) ;
#1538 = FACE_BOUND ( 'NONE', #568, .T. ) ;
#1539 = ORIENTED_EDGE ( 'NONE', *, *, #870, .T. ) ;
#1540 = ORIENTED_EDGE ( 'NONE', *, *, #139, .F. ) ;
#1541 = CARTESIAN_POINT ( 'NONE',  ( 0.000000000000000000, 0.000000000000000000, 79.80000000000001137 ) ) ;
#1542 = APPROVAL_ROLE ( '' ) ;
#1543 = EDGE_CURVE ( 'NONE', #400, #839, #149, .T. ) ;
#1544 = CARTESIAN_POINT ( 'NONE',  ( 23.00000000000000000, 0.000000000000000000, 82.00000000000000000 ) ) ;
#1545 = EDGE_CURVE ( 'NONE', #1276, #1221, #963, .T. ) ;
#1546 = ORIENTED_EDGE ( 'NONE', *, *, #961, .T. ) ;
#1547 = CARTESIAN_POINT ( 'NONE',  ( -144.0000000000000284, -16.45538759169885523, 39.72681989798532953 ) ) ;
#1548 = ORIENTED_EDGE ( 'NONE', *, *, #1127, .T. ) ;
#1549 = CARTESIAN_POINT ( 'NONE',  ( 23.00000000000000000, 0.000000000000000000, 82.00000000000000000 ) ) ;
#1550 = ORIENTED_EDGE ( 'NONE', *, *, #355, .T. ) ;
#1551 = AXIS2_PLACEMENT_3D ( 'NONE', #1998, #1517, #1818 ) ;
#1552 = CARTESIAN_POINT ( 'NONE',  ( -86.00000000000000000, 4.000000000000000000, 0.000000000000000000 ) ) ;
#1553 = CIRCLE ( 'NONE', #645, 2.249999999999998668 ) ;
#1554 = DATE_TIME_ROLE ( 'creation_date' ) ;
#1555 = AXIS2_PLACEMENT_3D ( 'NONE', #1428, #2034, #945 ) ;
#1556 = CARTESIAN_POINT ( 'NONE',  ( -21.30000000000000071, 3.024877593893962183E-15, 72.00000000000001421 ) ) ;
#1557 = AXIS2_PLACEMENT_3D ( 'NONE', #2007, #1339, #554 ) ;
#1558 = CIRCLE ( 'NONE', #238, 2.250000000000001776 ) ;
#1559 = ORIENTED_EDGE ( 'NONE', *, *, #226, .F. ) ;
#1560 = DIRECTION ( 'NONE',  ( 1.000000000000000000, 0.000000000000000000, 0.000000000000000000 ) ) ;
#1561 = ADVANCED_FACE ( 'NONE', ( #1158 ), #1802, .F. ) ;
#1562 = EDGE_CURVE ( 'NONE', #1906, #285, #1379, .T. ) ;
#1563 = CARTESIAN_POINT ( 'NONE',  ( -126.0000000000000284, -45.00000000000000000, 72.00000000000001421 ) ) ;
#1564 = FACE_BOUND ( 'NONE', #152, .T. ) ;
#1565 = VERTEX_POINT ( 'NONE', #697 ) ;
#1566 = CARTESIAN_POINT ( 'NONE',  ( 0.000000000000000000, 0.000000000000000000, 72.00000000000001421 ) ) ;
#1567 = DIRECTION ( 'NONE',  ( 1.000000000000000000, 0.000000000000000000, 0.000000000000000000 ) ) ;
#1568 = DIRECTION ( 'NONE',  ( 0.000000000000000000, 0.000000000000000000, -1.000000000000000000 ) ) ;
#1569 = ORIENTED_EDGE ( 'NONE', *, *, #683, .T. ) ;
#1570 = DIRECTION ( 'NONE',  ( 0.000000000000000000, -1.000000000000000000, 0.000000000000000000 ) ) ;
#1571 = FACE_OUTER_BOUND ( 'NONE', #719, .T. ) ;
#1572 = ORIENTED_EDGE ( 'NONE', *, *, #216, .T. ) ;
#1573 = EDGE_CURVE ( 'NONE', #1308, #564, #608, .T. ) ;
#1574 = DIRECTION ( 'NONE',  ( 0.000000000000000000, 0.000000000000000000, 1.000000000000000000 ) ) ;
#1575 = DIRECTION ( 'NONE',  ( -0.000000000000000000, -0.000000000000000000, -1.000000000000000000 ) ) ;
#1576 = ORIENTED_EDGE ( 'NONE', *, *, #1136, .F. ) ;
#1577 = CARTESIAN_POINT ( 'NONE',  ( -11.50000000000001066, -19.91858428704208350, 82.00000000000000000 ) ) ;
#1578 = APPROVAL_DATE_TIME ( #1917, #125 ) ;
#1579 = FACE_OUTER_BOUND ( 'NONE', #193, .T. ) ;
#1580 = VERTEX_POINT ( 'NONE', #1036 ) ;
#1581 = CARTESIAN_POINT ( 'NONE',  ( -144.0000000000000284, -39.72681989798532243, -18.70538759169886589 ) ) ;
#1582 = CARTESIAN_POINT ( 'NONE',  ( -144.0000000000000284, -4.000000000000000000, 52.00000000000000000 ) ) ;
#1583 = DIRECTION ( 'NONE',  ( -1.000000000000000000, 0.000000000000000000, 0.000000000000000000 ) ) ;
#1584 = EDGE_CURVE ( 'NONE', #1619, #966, #1312, .T. ) ;
#1585 = CARTESIAN_POINT ( 'NONE',  ( -144.0000000000000284, 27.00000000000000000, 82.00000000000000000 ) ) ;
#1586 = ORIENTED_EDGE ( 'NONE', *, *, #2083, .T. ) ;
#1587 = EDGE_CURVE ( 'NONE', #504, #1692, #1724, .T. ) ;
#1588 = EDGE_CURVE ( 'NONE', #770, #418, #1704, .T. ) ;
#1589 = CARTESIAN_POINT ( 'NONE',  ( -30.00000000000000000, -4.000000000000000000, 72.00000000000001421 ) ) ;
#1590 = DATE_TIME_ROLE ( 'classification_date' ) ;
#1591 = CARTESIAN_POINT ( 'NONE',  ( -144.0000000000000284, 39.72681989798532953, 16.45538759169885878 ) ) ;
#1592 = CARTESIAN_POINT ( 'NONE',  ( 0.000000000000000000, 4.000000000000000000, 56.99999999999999289 ) ) ;
#1593 = VECTOR ( 'NONE', #397, 1000.000000000000000 ) ;
#1594 = CIRCLE ( 'NONE', #567, 2.250000000000000444 ) ;
#1595 = AXIS2_PLACEMENT_3D ( 'NONE', #1541, #1026, #1018 ) ;
#1596 = DIRECTION ( 'NONE',  ( -0.000000000000000000, -0.000000000000000000, -1.000000000000000000 ) ) ;
#1597 = CIRCLE ( 'NONE', #2069, 1.700000000000000178 ) ;
#1598 = AXIS2_PLACEMENT_3D ( 'NONE', #26, #670, #218 ) ;
#1599 = DIRECTION ( 'NONE',  ( -0.9849570246463139611, -0.000000000000000000, -0.1727994780081253123 ) ) ;
#1600 = CARTESIAN_POINT ( 'NONE',  ( -144.0000000000000284, 4.000000000000000000, 52.00000000000000000 ) ) ;
#1601 = DIRECTION ( 'NONE',  ( 1.000000000000000000, 0.000000000000000000, 0.000000000000000000 ) ) ;
#1602 = ORIENTED_EDGE ( 'NONE', *, *, #995, .T. ) ;
#1603 = DIRECTION ( 'NONE',  ( 0.000000000000000000, 0.000000000000000000, 1.000000000000000000 ) ) ;
#1604 = DIRECTION ( 'NONE',  ( -1.000000000000000000, -0.000000000000000000, -0.000000000000000000 ) ) ;
#1605 = DIRECTION ( 'NONE',  ( -1.000000000000000000, -0.000000000000000000, -0.000000000000000000 ) ) ;
#1606 = CARTESIAN_POINT ( 'NONE',  ( 11.50000000000000178, -19.91858428704208706, 72.00000000000001421 ) ) ;
#1607 = VERTEX_POINT ( 'NONE', #1508 ) ;
#1608 = DIRECTION ( 'NONE',  ( 0.000000000000000000, 0.000000000000000000, 1.000000000000000000 ) ) ;
#1609 = ORIENTED_EDGE ( 'NONE', *, *, #1835, .T. ) ;
#1610 = CARTESIAN_POINT ( 'NONE',  ( -132.0000000000000000, -4.000000000000000000, 54.10526315789473983 ) ) ;
#1611 = DIRECTION ( 'NONE',  ( -0.000000000000000000, -0.000000000000000000, -1.000000000000000000 ) ) ;
#1612 = EDGE_CURVE ( 'NONE', #325, #1511, #1085, .T. ) ;
#1613 = DIRECTION ( 'NONE',  ( 0.000000000000000000, -1.000000000000000000, 0.000000000000000000 ) ) ;
#1614 = EDGE_CURVE ( 'NONE', #1646, #329, #1335, .T. ) ;
#1615 = ORIENTED_EDGE ( 'NONE', *, *, #656, .T. ) ;
#1616 = DIRECTION ( 'NONE',  ( -0.000000000000000000, -1.000000000000000000, -0.000000000000000000 ) ) ;
#1617 = ORIENTED_EDGE ( 'NONE', *, *, #1349, .T. ) ;
#1618 = DIRECTION ( 'NONE',  ( -1.000000000000000000, -0.000000000000000000, -0.000000000000000000 ) ) ;
#1619 = VERTEX_POINT ( 'NONE', #1844 ) ;
#1620 = VECTOR ( 'NONE', #290, 1000.000000000000000 ) ;
#1621 = DIRECTION ( 'NONE',  ( 0.000000000000000000, 0.000000000000000000, 1.000000000000000000 ) ) ;
#1622 = VECTOR ( 'NONE', #313, 1000.000000000000000 ) ;
#1623 = VECTOR ( 'NONE', #1148, 1000.000000000000000 ) ;
#1624 = ORIENTED_EDGE ( 'NONE', *, *, #619, .F. ) ;
#1625 = LINE ( 'NONE', #167, #1826 ) ;
#1626 = EDGE_CURVE ( 'NONE', #770, #338, #232, .T. ) ;
#1627 = EDGE_CURVE ( 'NONE', #1083, #523, #571, .T. ) ;
#1628 = AXIS2_PLACEMENT_3D ( 'NONE', #1606, #191, #950 ) ;
#1629 = VECTOR ( 'NONE', #1669, 1000.000000000000000 ) ;
#1630 = APPROVAL_PERSON_ORGANIZATION ( #119, #125, #1542 ) ;
#1631 = VECTOR ( 'NONE', #1258, 1000.000000000000000 ) ;
#1632 = ORIENTED_EDGE ( 'NONE', *, *, #2080, .F. ) ;
#1633 = CARTESIAN_POINT ( 'NONE',  ( -115.5000000000000426, 4.000000000000000000, 56.99999999999999289 ) ) ;
#1634 = ORIENTED_EDGE ( 'NONE', *, *, #526, .F. ) ;
#1635 = FACE_OUTER_BOUND ( 'NONE', #59, .T. ) ;
#1636 = APPLICATION_CONTEXT ( 'configuration controlled 3d designs of mechanical parts and assemblies' ) ;
#1637 = ORIENTED_EDGE ( 'NONE', *, *, #969, .F. ) ;
#1638 = CYLINDRICAL_SURFACE ( 'NONE', #1598, 2.250000000000001776 ) ;
#1639 = ADVANCED_FACE ( 'NONE', ( #94 ), #1988, .F. ) ;
#1640 = ORIENTED_EDGE ( 'NONE', *, *, #1626, .T. ) ;
#1641 = CARTESIAN_POINT ( 'NONE',  ( 11.50000000000000178, -19.91858428704208706, 72.00000000000001421 ) ) ;
#1642 = EDGE_CURVE ( 'NONE', #285, #1828, #1122, .T. ) ;
#1643 = ORIENTED_EDGE ( 'NONE', *, *, #1922, .F. ) ;
#1644 = DIRECTION ( 'NONE',  ( 1.000000000000000000, 0.000000000000000000, 0.000000000000000000 ) ) ;
#1645 = FACE_OUTER_BOUND ( 'NONE', #2076, .T. ) ;
#1646 = VERTEX_POINT ( 'NONE', #2020 ) ;
#1647 = CARTESIAN_POINT ( 'NONE',  ( -132.0000000000000000, -16.45538759169884813, -37.47681989798532953 ) ) ;
#1648 = ORIENTED_EDGE ( 'NONE', *, *, #617, .F. ) ;
#1649 = APPROVAL ( #1429, 'UNSPECIFIED' ) ;
#1650 = CARTESIAN_POINT ( 'NONE',  ( -13.19999999999999396, 19.91858428704209061, 72.00000000000001421 ) ) ;
#1651 = EDGE_LOOP ( 'NONE', ( #537, #1769 ) ) ;
#1652 = EDGE_CURVE ( 'NONE', #499, #79, #538, .T. ) ;
#1653 = CARTESIAN_POINT ( 'NONE',  ( -144.0000000000000284, 27.00000000000000000, 82.00000000000000000 ) ) ;
#1654 = CARTESIAN_POINT ( 'NONE',  ( -86.00000000000000000, 6.000000000000000000, 72.00000000000001421 ) ) ;
#1655 = VERTEX_POINT ( 'NONE', #1665 ) ;
#1656 = LINE ( 'NONE', #1297, #1623 ) ;
#1657 = VECTOR ( 'NONE', #1889, 1000.000000000000000 ) ;
#1658 = AXIS2_PLACEMENT_3D ( 'NONE', #1770, #624, #115 ) ;
#1659 = VECTOR ( 'NONE', #2011, 1000.000000000000000 ) ;
#1660 = EDGE_LOOP ( 'NONE', ( #1687, #1132 ) ) ;
#1661 = CIRCLE ( 'NONE', #749, 2.250000000000000444 ) ;
#1662 = LOCAL_TIME ( 11, 7, 27.00000000000000000, #143 ) ;
#1663 = CIRCLE ( 'NONE', #1999, 1.700000000000000178 ) ;
#1664 = ORIENTED_EDGE ( 'NONE', *, *, #814, .F. ) ;
#1665 = CARTESIAN_POINT ( 'NONE',  ( -86.00000000000000000, 6.000000000000000000, 72.00000000000001421 ) ) ;
#1666 = DIRECTION ( 'NONE',  ( 0.7071067811865477948, 0.7071067811865473507, -0.000000000000000000 ) ) ;
#1667 = EDGE_CURVE ( 'NONE', #1679, #842, #1382, .T. ) ;
#1668 = VERTEX_POINT ( 'NONE', #530 ) ;
#1669 = DIRECTION ( 'NONE',  ( -0.000000000000000000, -0.000000000000000000, -1.000000000000000000 ) ) ;
#1670 = ORIENTED_EDGE ( 'NONE', *, *, #2026, .T. ) ;
#1671 = VERTEX_POINT ( 'NONE', #1186 ) ;
#1672 = CARTESIAN_POINT ( 'NONE',  ( 0.000000000000000000, -4.000000000000000000, 0.000000000000000000 ) ) ;
#1673 = FACE_OUTER_BOUND ( 'NONE', #2031, .T. ) ;
#1674 = ADVANCED_FACE ( 'NONE', ( #1694 ), #1196, .F. ) ;
#1675 = EDGE_LOOP ( 'NONE', ( #1387, #1737, #1397, #907 ) ) ;
#1676 = LINE ( 'NONE', #1375, #1726 ) ;
#1677 = ADVANCED_FACE ( 'NONE', ( #731 ), #1833, .F. ) ;
#1678 = CARTESIAN_POINT ( 'NONE',  ( -132.0000000000000000, -39.72681989798532953, 14.20538759169884813 ) ) ;
#1679 = VERTEX_POINT ( 'NONE', #1174 ) ;
#1680 = CARTESIAN_POINT ( 'NONE',  ( -13.20000000000000995, -19.91858428704208350, 82.00000000000000000 ) ) ;
#1681 = VERTEX_POINT ( 'NONE', #221 ) ;
#1682 = DIRECTION ( 'NONE',  ( -0.000000000000000000, -1.000000000000000000, 0.000000000000000000 ) ) ;
#1683 = CARTESIAN_POINT ( 'NONE',  ( -144.0000000000000284, -27.00000000000000000, 82.00000000000000000 ) ) ;
#1684 = ORIENTED_EDGE ( 'NONE', *, *, #237, .F. ) ;
#1685 = CARTESIAN_POINT ( 'NONE',  ( -86.00000000000000000, 6.000000000000000000, 56.99999999999999289 ) ) ;
#1686 = LINE ( 'NONE', #81, #1761 ) ;
#1687 = ORIENTED_EDGE ( 'NONE', *, *, #1460, .T. ) ;
#1688 = AXIS2_PLACEMENT_3D ( 'NONE', #431, #1880, #1748 ) ;
#1689 = CARTESIAN_POINT ( 'NONE',  ( -86.00000000000001421, 4.000000000000000000, 62.17543859649123306 ) ) ;
#1690 = AXIS2_PLACEMENT_3D ( 'NONE', #1394, #1076, #792 ) ;
#1691 = AXIS2_PLACEMENT_3D ( 'NONE', #303, #1608, #443 ) ;
#1692 = VERTEX_POINT ( 'NONE', #865 ) ;
#1693 = VECTOR ( 'NONE', #357, 1000.000000000000000 ) ;
#1694 = FACE_OUTER_BOUND ( 'NONE', #171, .T. ) ;
#1695 = VECTOR ( 'NONE', #1604, 1000.000000000000000 ) ;
#1696 = FACE_OUTER_BOUND ( 'NONE', #333, .T. ) ;
#1697 = ORIENTED_EDGE ( 'NONE', *, *, #1278, .F. ) ;
#1698 = DIRECTION ( 'NONE',  ( -0.000000000000000000, -0.000000000000000000, 1.000000000000000000 ) ) ;
#1699 = EDGE_LOOP ( 'NONE', ( #381, #1804, #25, #1101 ) ) ;
#1700 = EDGE_CURVE ( 'NONE', #1269, #251, #69, .T. ) ;
#1701 = DIRECTION ( 'NONE',  ( 0.7071067811865473507, -0.7071067811865477948, 0.000000000000000000 ) ) ;
#1702 = ORIENTED_EDGE ( 'NONE', *, *, #1858, .T. ) ;
#1703 = EDGE_CURVE ( 'NONE', #1936, #692, #1092, .T. ) ;
#1704 = LINE ( 'NONE', #62, #1659 ) ;
#1705 = DIRECTION ( 'NONE',  ( -0.000000000000000000, -0.000000000000000000, -1.000000000000000000 ) ) ;
#1706 = ORIENTED_EDGE ( 'NONE', *, *, #1401, .F. ) ;
#1707 = DIRECTION ( 'NONE',  ( -0.000000000000000000, -0.000000000000000000, -1.000000000000000000 ) ) ;
#1708 = ORIENTED_EDGE ( 'NONE', *, *, #1183, .T. ) ;
#1709 = FACE_BOUND ( 'NONE', #182, .T. ) ;
#1710 = ORIENTED_EDGE ( 'NONE', *, *, #309, .T. ) ;
#1711 = CARTESIAN_POINT ( 'NONE',  ( -132.0000000000000000, 0.000000000000000000, 0.000000000000000000 ) ) ;
#1712 = EDGE_CURVE ( 'NONE', #1515, #1777, #508, .T. ) ;
#1713 = DIRECTION ( 'NONE',  ( 1.000000000000000000, 0.000000000000000000, 0.000000000000000000 ) ) ;
#1714 = ORIENTED_EDGE ( 'NONE', *, *, #720, .T. ) ;
#1715 = CARTESIAN_POINT ( 'NONE',  ( -86.00000000000000000, 4.000000000000000000, 62.17543859649123306 ) ) ;
#1716 = CARTESIAN_POINT ( 'NONE',  ( -11.49999999999999467, 19.91858428704209061, 82.00000000000000000 ) ) ;
#1717 = LINE ( 'NONE', #761, #743 ) ;
#1718 = DIRECTION ( 'NONE',  ( 0.000000000000000000, 0.000000000000000000, 1.000000000000000000 ) ) ;
#1719 = EDGE_LOOP ( 'NONE', ( #1569, #730 ) ) ;
#1720 = AXIS2_PLACEMENT_3D ( 'NONE', #717, #1356, #1859 ) ;
#1721 = CARTESIAN_POINT ( 'NONE',  ( 24.69999999999999929, 2.081899558550500526E-16, 72.00000000000001421 ) ) ;
#1722 = CIRCLE ( 'NONE', #1457, 2.250000000000001776 ) ;
#1723 = PERSON_AND_ORGANIZATION ( #1842, #1289 ) ;
#1724 = CIRCLE ( 'NONE', #1595, 17.15000000000000213 ) ;
#1725 = LINE ( 'NONE', #2067, #981 ) ;
#1726 = VECTOR ( 'NONE', #1191, 1000.000000000000000 ) ;
#1727 = EDGE_CURVE ( 'NONE', #1334, #1950, #1225, .T. ) ;
#1728 = APPROVAL_PERSON_ORGANIZATION ( #740, #1649, #110 ) ;
#1729 = VECTOR ( 'NONE', #637, 1000.000000000000000 ) ;
#1730 = VERTEX_POINT ( 'NONE', #1270 ) ;
#1731 = DIRECTION ( 'NONE',  ( -1.000000000000000000, -0.000000000000000000, -0.000000000000000000 ) ) ;
#1732 = DIRECTION ( 'NONE',  ( -1.000000000000000000, -0.000000000000000000, -0.000000000000000000 ) ) ;
#1733 = ADVANCED_FACE ( 'NONE', ( #451 ), #299, .F. ) ;
#1734 = ORIENTED_EDGE ( 'NONE', *, *, #827, .F. ) ;
#1735 = DIRECTION ( 'NONE',  ( 0.000000000000000000, 0.000000000000000000, -1.000000000000000000 ) ) ;
#1736 = DIRECTION ( 'NONE',  ( 0.7071067811865473507, -0.7071067811865477948, 0.000000000000000000 ) ) ;
#1737 = ORIENTED_EDGE ( 'NONE', *, *, #200, .F. ) ;
#1738 = CARTESIAN_POINT ( 'NONE',  ( 13.20000000000000107, 19.91858428704208706, 82.00000000000000000 ) ) ;
#1739 = COORDINATED_UNIVERSAL_TIME_OFFSET ( 5, 30, .AHEAD. ) ;
#1740 = PLANE ( 'NONE',  #1188 ) ;
#1741 = ORIENTED_EDGE ( 'NONE', *, *, #1627, .T. ) ;
#1742 = DIRECTION ( 'NONE',  ( 0.000000000000000000, 0.000000000000000000, -1.000000000000000000 ) ) ;
#1743 = ADVANCED_FACE ( 'NONE', ( #2043 ), #1916, .F. ) ;
#1744 = CARTESIAN_POINT ( 'NONE',  ( 0.000000000000000000, 4.000000000000000000, 0.000000000000000000 ) ) ;
#1745 = FACE_OUTER_BOUND ( 'NONE', #1461, .T. ) ;
#1746 = EDGE_CURVE ( 'NONE', #774, #1565, #104, .T. ) ;
#1747 = EDGE_CURVE ( 'NONE', #100, #1730, #407, .T. ) ;
#1748 = DIRECTION ( 'NONE',  ( 0.000000000000000000, 0.000000000000000000, -1.000000000000000000 ) ) ;
#1749 = ORIENTED_EDGE ( 'NONE', *, *, #1302, .T. ) ;
#1750 = DIRECTION ( 'NONE',  ( 0.000000000000000000, -0.000000000000000000, 1.000000000000000000 ) ) ;
#1751 = COORDINATED_UNIVERSAL_TIME_OFFSET ( 5, 30, .AHEAD. ) ;
#1752 = DIRECTION ( 'NONE',  ( 0.000000000000000000, 0.000000000000000000, -1.000000000000000000 ) ) ;
#1753 = VERTEX_POINT ( 'NONE', #1721 ) ;
#1754 = CARTESIAN_POINT ( 'NONE',  ( -17.15000000000000213, 2.100269260537711104E-15, 82.00000000000000000 ) ) ;
#1755 = CYLINDRICAL_SURFACE ( 'NONE', #1794, 6.000000000000000000 ) ;
#1756 = CARTESIAN_POINT ( 'NONE',  ( 36.00000000000000000, 27.00000000000000000, 82.00000000000000000 ) ) ;
#1757 = CARTESIAN_POINT ( 'NONE',  ( 11.50000000000000178, 19.91858428704208706, 82.00000000000000000 ) ) ;
#1758 = EDGE_LOOP ( 'NONE', ( #1559, #1887 ) ) ;
#1759 = FACE_OUTER_BOUND ( 'NONE', #1010, .T. ) ;
#1760 = DIRECTION ( 'NONE',  ( -0.000000000000000000, -0.000000000000000000, -1.000000000000000000 ) ) ;
#1761 = VECTOR ( 'NONE', #2016, 1000.000000000000000 ) ;
#1762 = VECTOR ( 'NONE', #1616, 1000.000000000000000 ) ;
#1763 = AXIS2_PLACEMENT_3D ( 'NONE', #781, #1107, #521 ) ;
#1764 = CIRCLE ( 'NONE', #146, 1.700000000000000178 ) ;
#1765 = DIRECTION ( 'NONE',  ( 0.000000000000000000, -0.000000000000000000, -1.000000000000000000 ) ) ;
#1766 = AXIS2_PLACEMENT_3D ( 'NONE', #1787, #1128, #196 ) ;
#1767 = AXIS2_PLACEMENT_3D ( 'NONE', #600, #1713, #254 ) ;
#1768 = DIRECTION ( 'NONE',  ( 0.000000000000000000, 0.000000000000000000, 1.000000000000000000 ) ) ;
#1769 = ORIENTED_EDGE ( 'NONE', *, *, #22, .F. ) ;
#1770 = CARTESIAN_POINT ( 'NONE',  ( 11.50000000000000178, -19.91858428704208706, 82.00000000000000000 ) ) ;
#1771 = ORIENTED_EDGE ( 'NONE', *, *, #1266, .T. ) ;
#1772 = ADVANCED_FACE ( 'NONE', ( #589 ), #141, .F. ) ;
#1773 = PLANE ( 'NONE',  #680 ) ;
#1774 = DIRECTION ( 'NONE',  ( 1.000000000000000000, 0.000000000000000000, 0.000000000000000000 ) ) ;
#1775 = CARTESIAN_POINT ( 'NONE',  ( -144.0000000000000284, 50.00000000000000000, 82.00000000000000000 ) ) ;
#1776 = CARTESIAN_POINT ( 'NONE',  ( -132.0000000000000000, 16.45538759169885878, -39.72681989798532953 ) ) ;
#1777 = VERTEX_POINT ( 'NONE', #128 ) ;
#1778 = DIRECTION ( 'NONE',  ( 1.000000000000000000, 0.000000000000000000, 0.000000000000000000 ) ) ;
#1779 = ORIENTED_EDGE ( 'NONE', *, *, #2001, .F. ) ;
#1780 = DIRECTION ( 'NONE',  ( 0.000000000000000000, 0.000000000000000000, 1.000000000000000000 ) ) ;
#1781 = EDGE_CURVE ( 'NONE', #1580, #564, #2052, .T. ) ;
#1782 = ADVANCED_FACE ( 'NONE', ( #1759 ), #1907, .F. ) ;
#1783 = DIRECTION ( 'NONE',  ( 0.000000000000000000, 0.000000000000000000, 1.000000000000000000 ) ) ;
#1784 = ORIENTED_EDGE ( 'NONE', *, *, #526, .T. ) ;
#1785 = DIRECTION ( 'NONE',  ( -1.000000000000000000, 0.000000000000000000, 0.000000000000000000 ) ) ;
#1786 = EDGE_LOOP ( 'NONE', ( #737, #1427, #1850, #298 ) ) ;
#1787 = CARTESIAN_POINT ( 'NONE',  ( -132.0000000000000000, -39.72681989798532243, -16.45538759169886944 ) ) ;
#1788 = ORIENTED_EDGE ( 'NONE', *, *, #1302, .F. ) ;
#1789 = VECTOR ( 'NONE', #1013, 1000.000000000000000 ) ;
#1790 = CARTESIAN_POINT ( 'NONE',  ( 18.00000000000000000, 45.00000000000000000, 82.00000000000000000 ) ) ;
#1791 = VECTOR ( 'NONE', #1165, 1000.000000000000000 ) ;
#1792 = ORIENTED_EDGE ( 'NONE', *, *, #1172, .F. ) ;
#1793 = CARTESIAN_POINT ( 'NONE',  ( -144.0000000000000284, 6.000000000000000000, 56.99999999999999289 ) ) ;
#1794 = AXIS2_PLACEMENT_3D ( 'NONE', #847, #837, #2091 ) ;
#1795 = CIRCLE ( 'NONE', #881, 1.700000000000000178 ) ;
#1796 = EDGE_CURVE ( 'NONE', #1494, #2085, #261, .T. ) ;
#1797 = AXIS2_PLACEMENT_3D ( 'NONE', #1234, #615, #425 ) ;
#1798 = AXIS2_PLACEMENT_3D ( 'NONE', #682, #1605, #1479 ) ;
#1799 = EDGE_LOOP ( 'NONE', ( #1976, #815 ) ) ;
#1800 = DIRECTION ( 'NONE',  ( 1.000000000000000000, 0.000000000000000000, 0.000000000000000000 ) ) ;
#1801 = ORIENTED_EDGE ( 'NONE', *, *, #1562, .T. ) ;
#1802 = CYLINDRICAL_SURFACE ( 'NONE', #2062, 2.249999999999998668 ) ;
#1803 = DIRECTION ( 'NONE',  ( -1.000000000000000000, -0.000000000000000000, -0.000000000000000000 ) ) ;
#1804 = ORIENTED_EDGE ( 'NONE', *, *, #114, .T. ) ;
#1805 = EDGE_CURVE ( 'NONE', #1515, #1497, #1893, .T. ) ;
#1806 = CARTESIAN_POINT ( 'NONE',  ( -126.0000000000000284, -45.00000000000000000, 82.00000000000000000 ) ) ;
#1807 = EDGE_CURVE ( 'NONE', #655, #244, #1933, .T. ) ;
#1808 = ADVANCED_FACE ( 'NONE', ( #959 ), #1874, .F. ) ;
#1809 = ORIENTED_EDGE ( 'NONE', *, *, #932, .F. ) ;
#1810 = CARTESIAN_POINT ( 'NONE',  ( -21.30000000000000071, 3.024877593893962183E-15, 82.00000000000000000 ) ) ;
#1811 = VERTEX_POINT ( 'NONE', #1260 ) ;
#1812 = DIRECTION ( 'NONE',  ( 0.000000000000000000, 0.000000000000000000, -1.000000000000000000 ) ) ;
#1813 = DIRECTION ( 'NONE',  ( -1.000000000000000000, 0.000000000000000000, 0.000000000000000000 ) ) ;
#1814 = ORIENTED_EDGE ( 'NONE', *, *, #114, .F. ) ;
#1815 = LINE ( 'NONE', #1003, #1345 ) ;
#1816 = FACE_BOUND ( 'NONE', #255, .T. ) ;
#1817 = ORIENTED_EDGE ( 'NONE', *, *, #833, .T. ) ;
#1818 = DIRECTION ( 'NONE',  ( 0.000000000000000000, 0.000000000000000000, 1.000000000000000000 ) ) ;
#1819 = EDGE_LOOP ( 'NONE', ( #952, #1065, #592, #561 ) ) ;
#1820 = DIRECTION ( 'NONE',  ( 0.000000000000000000, 0.000000000000000000, -1.000000000000000000 ) ) ;
#1821 = LINE ( 'NONE', #893, #573 ) ;
#1822 = DIRECTION ( 'NONE',  ( 0.7071067811865477948, -0.7071067811865473507, 0.000000000000000000 ) ) ;
#1823 = ORIENTED_EDGE ( 'NONE', *, *, #527, .T. ) ;
#1824 = CARTESIAN_POINT ( 'NONE',  ( -132.0000000000000000, -39.00000000000001421, 72.00000000000001421 ) ) ;
#1825 = AXIS2_PLACEMENT_3D ( 'NONE', #1370, #241, #211 ) ;
#1826 = VECTOR ( 'NONE', #973, 1000.000000000000000 ) ;
#1827 = DIRECTION ( 'NONE',  ( 0.000000000000000000, 0.000000000000000000, 1.000000000000000000 ) ) ;
#1828 = VERTEX_POINT ( 'NONE', #1068 ) ;
#1829 = VECTOR ( 'NONE', #66, 1000.000000000000000 ) ;
#1830 = CC_DESIGN_SECURITY_CLASSIFICATION ( #1153, ( #8 ) ) ;
#1831 = VECTOR ( 'NONE', #1760, 1000.000000000000000 ) ;
#1832 = ORIENTED_EDGE ( 'NONE', *, *, #1058, .F. ) ;
#1833 = PLANE ( 'NONE',  #272 ) ;
#1834 = CARTESIAN_POINT ( 'NONE',  ( -23.00000000000000000, 2.816687638038912352E-15, 72.00000000000001421 ) ) ;
#1835 = EDGE_CURVE ( 'NONE', #1221, #897, #911, .T. ) ;
#1836 = DIRECTION ( 'NONE',  ( 0.000000000000000000, 0.000000000000000000, 1.000000000000000000 ) ) ;
#1837 = VERTEX_POINT ( 'NONE', #1589 ) ;
#1838 = DIRECTION ( 'NONE',  ( 1.000000000000000000, -0.000000000000000000, -0.000000000000000000 ) ) ;
#1839 = CARTESIAN_POINT ( 'NONE',  ( -132.0000000000000000, -39.72681989798532953, 14.20538759169884813 ) ) ;
#1840 = ORIENTED_EDGE ( 'NONE', *, *, #1727, .T. ) ;
#1841 = FACE_BOUND ( 'NONE', #999, .T. ) ;
#1842 = PERSON ( 'UNSPECIFIED', 'UNSPECIFIED', 'UNSPECIFIED', ('UNSPECIFIED'), ('UNSPECIFIED'), ('UNSPECIFIED') ) ;
#1843 = VERTEX_POINT ( 'NONE', #975 ) ;
#1844 = CARTESIAN_POINT ( 'NONE',  ( -132.0000000000000000, -16.45538759169885523, 37.47681989798532953 ) ) ;
#1845 = LINE ( 'NONE', #1061, #649 ) ;
#1846 = DIRECTION ( 'NONE',  ( -0.000000000000000000, -1.000000000000000000, -0.000000000000000000 ) ) ;
#1847 = ADVANCED_FACE ( 'NONE', ( #328 ), #834, .F. ) ;
#1848 = ORIENTED_EDGE ( 'NONE', *, *, #43, .F. ) ;
#1849 = CARTESIAN_POINT ( 'NONE',  ( -9.799999999999993605, 19.91858428704209061, 82.00000000000000000 ) ) ;
#1850 = ORIENTED_EDGE ( 'NONE', *, *, #1389, .T. ) ;
#1851 = LINE ( 'NONE', #1680, #1789 ) ;
#1852 = EDGE_LOOP ( 'NONE', ( #2028, #220 ) ) ;
#1853 = DIRECTION ( 'NONE',  ( 1.000000000000000000, 0.000000000000000000, 0.000000000000000000 ) ) ;
#1854 = CARTESIAN_POINT ( 'NONE',  ( 0.000000000000000000, 0.000000000000000000, 79.80000000000001137 ) ) ;
#1855 = DIRECTION ( 'NONE',  ( 0.000000000000000000, 0.000000000000000000, 1.000000000000000000 ) ) ;
#1856 = ORIENTED_EDGE ( 'NONE', *, *, #31, .F. ) ;
#1857 = FACE_BOUND ( 'NONE', #190, .T. ) ;
#1858 = EDGE_CURVE ( 'NONE', #584, #1012, #321, .T. ) ;
#1859 = DIRECTION ( 'NONE',  ( 0.000000000000000000, 0.000000000000000000, -1.000000000000000000 ) ) ;
#1860 = ORIENTED_EDGE ( 'NONE', *, *, #330, .T. ) ;
#1861 = VECTOR ( 'NONE', #387, 1000.000000000000000 ) ;
#1862 = CIRCLE ( 'NONE', #105, 6.000000000000000000 ) ;
#1863 = VERTEX_POINT ( 'NONE', #1281 ) ;
#1864 = AXIS2_PLACEMENT_3D ( 'NONE', #51, #2021, #77 ) ;
#1865 = DIRECTION ( 'NONE',  ( 1.000000000000000000, 0.000000000000000000, 0.000000000000000000 ) ) ;
#1866 = DIRECTION ( 'NONE',  ( 1.000000000000000000, 0.000000000000000000, 0.000000000000000000 ) ) ;
#1867 = ORIENTED_EDGE ( 'NONE', *, *, #1170, .F. ) ;
#1868 = DIRECTION ( 'NONE',  ( -1.000000000000000000, -0.000000000000000000, -0.000000000000000000 ) ) ;
#1869 = CARTESIAN_POINT ( 'NONE',  ( -144.0000000000000284, -50.00000000000000000, -50.00000000000000000 ) ) ;
#1870 = ORIENTED_EDGE ( 'NONE', *, *, #1433, .T. ) ;
#1871 = ADVANCED_FACE ( 'NONE', ( #2088 ), #1, .F. ) ;
#1872 = FACE_BOUND ( 'NONE', #1063, .T. ) ;
#1873 = ORIENTED_EDGE ( 'NONE', *, *, #1211, .F. ) ;
#1874 = PLANE ( 'NONE',  #1797 ) ;
#1875 = DIRECTION ( 'NONE',  ( 1.000000000000000000, 0.000000000000000000, 0.000000000000000000 ) ) ;
#1876 = ORIENTED_EDGE ( 'NONE', *, *, #656, .F. ) ;
#1877 = DIRECTION ( 'NONE',  ( -1.000000000000000000, 0.000000000000000000, 0.000000000000000000 ) ) ;
#1878 = DIRECTION ( 'NONE',  ( -1.000000000000000000, -0.000000000000000000, -0.000000000000000000 ) ) ;
#1879 = CARTESIAN_POINT ( 'NONE',  ( -132.0000000000000000, 50.00000000000000000, -50.00000000000000000 ) ) ;
#1880 = DIRECTION ( 'NONE',  ( 1.000000000000000000, 0.000000000000000000, 0.000000000000000000 ) ) ;
#1881 = ORIENTED_EDGE ( 'NONE', *, *, #969, .T. ) ;
#1882 = DIRECTION ( 'NONE',  ( -0.7071067811865473507, -0.7071067811865477948, 0.000000000000000000 ) ) ;
#1883 = PERSON_AND_ORGANIZATION_ROLE ( 'design_supplier' ) ;
#1884 = CARTESIAN_POINT ( 'NONE',  ( -144.0000000000000284, 0.000000000000000000, 0.000000000000000000 ) ) ;
#1885 = VERTEX_POINT ( 'NONE', #492 ) ;
#1886 = DIRECTION ( 'NONE',  ( 0.000000000000000000, 0.000000000000000000, 1.000000000000000000 ) ) ;
#1887 = ORIENTED_EDGE ( 'NONE', *, *, #147, .F. ) ;
#1888 = CARTESIAN_POINT ( 'NONE',  ( -23.00000000000000000, 2.816687638038912352E-15, 82.00000000000000000 ) ) ;
#1889 = DIRECTION ( 'NONE',  ( -0.000000000000000000, -0.000000000000000000, -1.000000000000000000 ) ) ;
#1890 = CIRCLE ( 'NONE', #1767, 2.249999999999998668 ) ;
#1891 = ORIENTED_EDGE ( 'NONE', *, *, #22, .T. ) ;
#1892 = CIRCLE ( 'NONE', #306, 2.249999999999998668 ) ;
#1893 = LINE ( 'NONE', #1738, #955 ) ;
#1894 = APPROVAL_ROLE ( '' ) ;
#1895 = EDGE_CURVE ( 'NONE', #375, #1323, #208, .T. ) ;
#1896 = AXIS2_PLACEMENT_3D ( 'NONE', #252, #50, #1820 ) ;
#1897 = FACE_OUTER_BOUND ( 'NONE', #1025, .T. ) ;
#1898 = AXIS2_PLACEMENT_3D ( 'NONE', #476, #1560, #122 ) ;
#1899 = CIRCLE ( 'NONE', #1087, 1.700000000000000178 ) ;
#1900 = CC_DESIGN_DATE_AND_TIME_ASSIGNMENT ( #1077, #1590, ( #1153 ) ) ;
#1901 = VERTEX_POINT ( 'NONE', #169 ) ;
#1902 = CARTESIAN_POINT ( 'NONE',  ( -132.0000000000000000, 39.00000000000002132, 82.00000000000000000 ) ) ;
#1903 = DIRECTION ( 'NONE',  ( 1.000000000000000000, 0.000000000000000000, 0.000000000000000000 ) ) ;
#1904 = CYLINDRICAL_SURFACE ( 'NONE', #34, 2.250000000000001776 ) ;
#1905 = LINE ( 'NONE', #446, #404 ) ;
#1906 = VERTEX_POINT ( 'NONE', #1474 ) ;
#1907 = CYLINDRICAL_SURFACE ( 'NONE', #5, 13.00000000000000000 ) ;
#1908 = DIRECTION ( 'NONE',  ( 1.000000000000000000, 0.000000000000000000, 0.000000000000000000 ) ) ;
#1909 = ORIENTED_EDGE ( 'NONE', *, *, #870, .F. ) ;
#1910 = DIRECTION ( 'NONE',  ( 0.000000000000000000, 0.000000000000000000, 1.000000000000000000 ) ) ;
#1911 = EDGE_CURVE ( 'NONE', #2085, #168, #1899, .T. ) ;
#1912 = CARTESIAN_POINT ( 'NONE',  ( 0.000000000000000000, -4.000000000000000000, 0.000000000000000000 ) ) ;
#1913 = FACE_OUTER_BOUND ( 'NONE', #138, .T. ) ;
#1914 = CARTESIAN_POINT ( 'NONE',  ( -132.0000000000000000, 50.00000000000000000, 82.00000000000000000 ) ) ;
#1915 = ORIENTED_EDGE ( 'NONE', *, *, #1401, .T. ) ;
#1916 = CYLINDRICAL_SURFACE ( 'NONE', #140, 2.250000000000001776 ) ;
#1917 = DATE_AND_TIME ( #590, #716 ) ;
#1918 = LINE ( 'NONE', #1294, #1695 ) ;
#1919 = LINE ( 'NONE', #1715, #374 ) ;
#1920 = LINE ( 'NONE', #1490, #1791 ) ;
#1921 = EDGE_LOOP ( 'NONE', ( #1059, #974, #602, #623 ) ) ;
#1922 = EDGE_CURVE ( 'NONE', #1501, #1668, #274, .T. ) ;
#1923 = DIRECTION ( 'NONE',  ( -0.000000000000000000, -0.000000000000000000, -1.000000000000000000 ) ) ;
#1924 = EDGE_CURVE ( 'NONE', #825, #2042, #1558, .T. ) ;
#1925 = VERTEX_POINT ( 'NONE', #1610 ) ;
#1926 = DIRECTION ( 'NONE',  ( 0.9849570246463139611, 0.000000000000000000, 0.1727994780081253123 ) ) ;
#1927 = LINE ( 'NONE', #1129, #101 ) ;
#1928 = DIRECTION ( 'NONE',  ( 0.7071067811865474617, 0.7071067811865474617, 0.000000000000000000 ) ) ;
#1929 = AXIS2_PLACEMENT_3D ( 'NONE', #954, #2075, #103 ) ;
#1930 = VECTOR ( 'NONE', #1256, 1000.000000000000000 ) ;
#1931 = VECTOR ( 'NONE', #1596, 1000.000000000000000 ) ;
#1932 = DIRECTION ( 'NONE',  ( 0.000000000000000000, -1.000000000000000000, 0.000000000000000000 ) ) ;
#1933 = CIRCLE ( 'NONE', #2032, 1.700000000000000178 ) ;
#1934 = CIRCLE ( 'NONE', #1352, 2.250000000000001776 ) ;
#1935 = DIRECTION ( 'NONE',  ( 0.000000000000000000, -1.000000000000000000, 0.000000000000000000 ) ) ;
#1936 = VERTEX_POINT ( 'NONE', #1291 ) ;
#1937 = CARTESIAN_POINT ( 'NONE',  ( 0.000000000000000000, 0.000000000000000000, 82.00000000000000000 ) ) ;
#1938 = ORIENTED_EDGE ( 'NONE', *, *, #1183, .F. ) ;
#1939 = ADVANCED_FACE ( 'NONE', ( #672 ), #1773, .F. ) ;
#1940 = EDGE_CURVE ( 'NONE', #499, #536, #162, .T. ) ;
#1941 = DIRECTION ( 'NONE',  ( 0.000000000000000000, 1.000000000000000000, 0.000000000000000000 ) ) ;
#1942 = FACE_OUTER_BOUND ( 'NONE', #1507, .T. ) ;
#1943 = ORIENTED_EDGE ( 'NONE', *, *, #551, .F. ) ;
#1944 = CARTESIAN_POINT ( 'NONE',  ( -132.0000000000000000, -39.72681989798532243, -16.45538759169886944 ) ) ;
#1945 = ORIENTED_EDGE ( 'NONE', *, *, #1642, .F. ) ;
#1946 = DIRECTION ( 'NONE',  ( 0.000000000000000000, 1.000000000000000000, -0.000000000000000000 ) ) ;
#1947 = ORIENTED_EDGE ( 'NONE', *, *, #775, .F. ) ;
#1948 = EDGE_CURVE ( 'NONE', #2042, #825, #1019, .T. ) ;
#1949 = CARTESIAN_POINT ( 'NONE',  ( -132.0000000000000000, -6.000000000000000000, 72.00000000000001421 ) ) ;
#1950 = VERTEX_POINT ( 'NONE', #1968 ) ;
#1951 = CARTESIAN_POINT ( 'NONE',  ( -9.799999999999993605, 19.91858428704209061, 72.00000000000001421 ) ) ;
#1952 = VERTEX_POINT ( 'NONE', #1810 ) ;
#1953 = LINE ( 'NONE', #1154, #144 ) ;
#1954 = ORIENTED_EDGE ( 'NONE', *, *, #283, .T. ) ;
#1955 = EDGE_CURVE ( 'NONE', #1925, #273, #1300, .T. ) ;
#1956 = CIRCLE ( 'NONE', #1825, 2.250000000000001776 ) ;
#1957 = CYLINDRICAL_SURFACE ( 'NONE', #885, 1.700000000000000178 ) ;
#1958 = CC_DESIGN_DATE_AND_TIME_ASSIGNMENT ( #129, #1554, ( #57 ) ) ;
#1959 = EDGE_CURVE ( 'NONE', #106, #1530, #986, .T. ) ;
#1960 = AXIS2_PLACEMENT_3D ( 'NONE', #473, #1242, #109 ) ;
#1961 = VECTOR ( 'NONE', #1583, 1000.000000000000000 ) ;
#1962 = EDGE_LOOP ( 'NONE', ( #1749, #70, #1112, #908 ) ) ;
#1963 = DIRECTION ( 'NONE',  ( 0.000000000000000000, 0.000000000000000000, 1.000000000000000000 ) ) ;
#1964 = VECTOR ( 'NONE', #1141, 1000.000000000000000 ) ;
#1965 = VECTOR ( 'NONE', #455, 1000.000000000000000 ) ;
#1966 = AXIS2_PLACEMENT_3D ( 'NONE', #811, #185, #1283 ) ;
#1967 = ORIENTED_EDGE ( 'NONE', *, *, #684, .T. ) ;
#1968 = CARTESIAN_POINT ( 'NONE',  ( -144.0000000000000284, 50.00000000000000000, -50.00000000000000000 ) ) ;
#1969 = ORIENTED_EDGE ( 'NONE', *, *, #1959, .F. ) ;
#1970 = CARTESIAN_POINT ( 'NONE',  ( -132.0000000000000000, 1.592040838891559095E-15, -13.00000000000000000 ) ) ;
#1971 = PLANE ( 'NONE',  #1522 ) ;
#1972 = ORIENTED_EDGE ( 'NONE', *, *, #1545, .F. ) ;
#1973 = CARTESIAN_POINT ( 'NONE',  ( 36.00000000000000000, 27.00000000000000000, 82.00000000000000000 ) ) ;
#1974 = CARTESIAN_POINT ( 'NONE',  ( -86.00000000000000000, 6.000000000000000000, 72.00000000000001421 ) ) ;
#1975 = VERTEX_POINT ( 'NONE', #1650 ) ;
#1976 = ORIENTED_EDGE ( 'NONE', *, *, #58, .F. ) ;
#1977 = LINE ( 'NONE', #158, #1484 ) ;
#1978 = CARTESIAN_POINT ( 'NONE',  ( -11.49999999999999467, 19.91858428704209061, 82.00000000000000000 ) ) ;
#1979 = DIRECTION ( 'NONE',  ( -0.7071067811865473507, 0.7071067811865477948, 0.000000000000000000 ) ) ;
#1980 = ORIENTED_EDGE ( 'NONE', *, *, #683, .F. ) ;
#1981 = DIRECTION ( 'NONE',  ( 0.000000000000000000, 1.000000000000000000, 0.000000000000000000 ) ) ;
#1982 = DIRECTION ( 'NONE',  ( 1.000000000000000000, -0.000000000000000000, -0.000000000000000000 ) ) ;
#1983 = EDGE_CURVE ( 'NONE', #166, #1975, #511, .T. ) ;
#1984 = ORIENTED_EDGE ( 'NONE', *, *, #1078, .F. ) ;
#1985 = DIRECTION ( 'NONE',  ( 1.000000000000000000, 0.000000000000000000, 0.000000000000000000 ) ) ;
#1986 = EDGE_CURVE ( 'NONE', #1681, #1280, #1006, .T. ) ;
#1987 = EDGE_LOOP ( 'NONE', ( #1022, #528, #1024, #924 ) ) ;
#1988 = PLANE ( 'NONE',  #1420 ) ;
#1989 = DIRECTION ( 'NONE',  ( 0.000000000000000000, 0.000000000000000000, 1.000000000000000000 ) ) ;
#1990 = DIRECTION ( 'NONE',  ( -0.000000000000000000, 0.000000000000000000, 1.000000000000000000 ) ) ;
#1991 = ORIENTED_EDGE ( 'NONE', *, *, #734, .T. ) ;
#1992 = CARTESIAN_POINT ( 'NONE',  ( -132.0000000000000000, -50.00000000000000000, 82.00000000000000000 ) ) ;
#1993 = AXIS2_PLACEMENT_3D ( 'NONE', #1716, #284, #604 ) ;
#1994 = LINE ( 'NONE', #1839, #1861 ) ;
#1995 = AXIS2_PLACEMENT_3D ( 'NONE', #1477, #317, #1812 ) ;
#1996 = ORIENTED_EDGE ( 'NONE', *, *, #226, .T. ) ;
#1997 = VECTOR ( 'NONE', #1838, 1000.000000000000000 ) ;
#1998 = CARTESIAN_POINT ( 'NONE',  ( -132.0000000000000000, 16.45538759169886589, 39.72681989798532953 ) ) ;
#1999 = AXIS2_PLACEMENT_3D ( 'NONE', #1189, #1836, #1037 ) ;
#2000 = ORIENTED_EDGE ( 'NONE', *, *, #1614, .T. ) ;
#2001 = EDGE_CURVE ( 'NONE', #1424, #692, #498, .T. ) ;
#2002 = EDGE_CURVE ( 'NONE', #212, #499, #1953, .T. ) ;
#2003 = DIRECTION ( 'NONE',  ( 0.000000000000000000, 0.000000000000000000, -1.000000000000000000 ) ) ;
#2004 = FACE_BOUND ( 'NONE', #626, .T. ) ;
#2005 = CARTESIAN_POINT ( 'NONE',  ( -17.15000000000000213, 2.100269260537711104E-15, 79.80000000000001137 ) ) ;
#2006 = EDGE_LOOP ( 'NONE', ( #1817, #184 ) ) ;
#2007 = CARTESIAN_POINT ( 'NONE',  ( 11.50000000000000178, 19.91858428704208706, 82.00000000000000000 ) ) ;
#2008 = ORIENTED_EDGE ( 'NONE', *, *, #84, .T. ) ;
#2009 = FACE_BOUND ( 'NONE', #1799, .T. ) ;
#2010 = EDGE_LOOP ( 'NONE', ( #2057, #957 ) ) ;
#2011 = DIRECTION ( 'NONE',  ( 0.000000000000000000, -1.000000000000000000, 0.000000000000000000 ) ) ;
#2012 = CARTESIAN_POINT ( 'NONE',  ( -144.0000000000000284, 16.45538759169885878, -37.47681989798532953 ) ) ;
#2013 = DIRECTION ( 'NONE',  ( 1.000000000000000000, 0.000000000000000000, 0.000000000000000000 ) ) ;
#2014 = EDGE_LOOP ( 'NONE', ( #1160, #920, #39, #1954 ) ) ;
#2015 = DIRECTION ( 'NONE',  ( 0.000000000000000000, 0.000000000000000000, -1.000000000000000000 ) ) ;
#2016 = DIRECTION ( 'NONE',  ( 0.000000000000000000, 1.000000000000000000, 0.000000000000000000 ) ) ;
#2017 = CARTESIAN_POINT ( 'NONE',  ( -30.00000000000000000, 4.000000000000000000, 72.00000000000001421 ) ) ;
#2018 = ORIENTED_EDGE ( 'NONE', *, *, #1279, .T. ) ;
#2019 = VERTEX_POINT ( 'NONE', #1499 ) ;
#2020 = CARTESIAN_POINT ( 'NONE',  ( -132.0000000000000000, 6.000000000000000000, 56.99999999999999289 ) ) ;
#2021 = DIRECTION ( 'NONE',  ( 0.000000000000000000, 0.000000000000000000, 1.000000000000000000 ) ) ;
#2022 = FACE_OUTER_BOUND ( 'NONE', #2014, .T. ) ;
#2023 = EDGE_CURVE ( 'NONE', #394, #1843, #1458, .T. ) ;
#2024 = ORIENTED_EDGE ( 'NONE', *, *, #1700, .F. ) ;
#2025 = CARTESIAN_POINT ( 'NONE',  ( -30.00000000000000000, 4.000000000000000000, 72.00000000000001421 ) ) ;
#2026 = EDGE_CURVE ( 'NONE', #1494, #2019, #1597, .T. ) ;
#2027 = ADVANCED_FACE ( 'NONE', ( #2004, #402 ), #1336, .T. ) ;
#2028 = ORIENTED_EDGE ( 'NONE', *, *, #466, .F. ) ;
#2029 = AXIS2_PLACEMENT_3D ( 'NONE', #1367, #1529, #1903 ) ;
#2030 = AXIS2_PLACEMENT_3D ( 'NONE', #477, #1423, #689 ) ;
#2031 = EDGE_LOOP ( 'NONE', ( #1233, #1202, #1007, #895 ) ) ;
#2032 = AXIS2_PLACEMENT_3D ( 'NONE', #1577, #277, #776 ) ;
#2033 = AXIS2_PLACEMENT_3D ( 'NONE', #1491, #1990, #723 ) ;
#2034 = DIRECTION ( 'NONE',  ( -1.000000000000000000, -0.000000000000000000, -0.000000000000000000 ) ) ;
#2035 = CARTESIAN_POINT ( 'NONE',  ( -23.00000000000000000, 2.816687638038912352E-15, 82.00000000000000000 ) ) ;
#2036 = ORIENTED_EDGE ( 'NONE', *, *, #1005, .F. ) ;
#2037 = FACE_OUTER_BOUND ( 'NONE', #1365, .T. ) ;
#2038 = CARTESIAN_POINT ( 'NONE',  ( -132.0000000000000000, 0.000000000000000000, 0.000000000000000000 ) ) ;
#2039 = CARTESIAN_POINT ( 'NONE',  ( -132.0000000000000000, 39.72681989798532953, 16.45538759169885878 ) ) ;
#2040 = CARTESIAN_POINT ( 'NONE',  ( 17.15000000000000213, 0.000000000000000000, 82.00000000000000000 ) ) ;
#2041 = EDGE_CURVE ( 'NONE', #546, #1901, #1524, .T. ) ;
#2042 = VERTEX_POINT ( 'NONE', #2012 ) ;
#2043 = FACE_OUTER_BOUND ( 'NONE', #1075, .T. ) ;
#2044 = CARTESIAN_POINT ( 'NONE',  ( -86.00000000000000000, 4.000000000000000000, 72.00000000000001421 ) ) ;
#2045 = ORIENTED_EDGE ( 'NONE', *, *, #1746, .T. ) ;
#2046 = CARTESIAN_POINT ( 'NONE',  ( -132.0000000000000000, -39.72681989798532243, -16.45538759169886944 ) ) ;
#2047 = DIRECTION ( 'NONE',  ( 0.000000000000000000, 0.000000000000000000, -1.000000000000000000 ) ) ;
#2048 = EDGE_CURVE ( 'NONE', #1607, #1753, #1821, .T. ) ;
#2049 = DIRECTION ( 'NONE',  ( 0.000000000000000000, 1.000000000000000000, 0.000000000000000000 ) ) ;
#2050 = ORIENTED_EDGE ( 'NONE', *, *, #323, .T. ) ;
#2051 = EDGE_CURVE ( 'NONE', #1843, #394, #1385, .T. ) ;
#2052 = LINE ( 'NONE', #311, #373 ) ;
#2053 = PERSON_AND_ORGANIZATION_ROLE ( 'creator' ) ;
#2054 = DIRECTION ( 'NONE',  ( 1.000000000000000000, 0.000000000000000000, 0.000000000000000000 ) ) ;
#2055 = ORIENTED_EDGE ( 'NONE', *, *, #1245, .F. ) ;
#2056 = LINE ( 'NONE', #1902, #1965 ) ;
#2057 = ORIENTED_EDGE ( 'NONE', *, *, #1587, .T. ) ;
#2058 = DIRECTION ( 'NONE',  ( 0.000000000000000000, 0.000000000000000000, 1.000000000000000000 ) ) ;
#2059 = FACE_OUTER_BOUND ( 'NONE', #1962, .T. ) ;
#2060 = CIRCLE ( 'NONE', #1720, 13.00000000000000000 ) ;
#2061 = ORIENTED_EDGE ( 'NONE', *, *, #1430, .T. ) ;
#2062 = AXIS2_PLACEMENT_3D ( 'NONE', #350, #558, #721 ) ;
#2063 = DIRECTION ( 'NONE',  ( 0.000000000000000000, 1.000000000000000000, 0.000000000000000000 ) ) ;
#2064 = CIRCLE ( 'NONE', #445, 1.700000000000000178 ) ;
#2065 = APPROVAL_DATE_TIME ( #936, #470 ) ;
#2066 = CC_DESIGN_APPROVAL ( #1649, ( #8 ) ) ;
#2067 = CARTESIAN_POINT ( 'NONE',  ( -132.0000000000000000, 6.000000000000000000, 0.000000000000000000 ) ) ;
#2068 = CIRCLE ( 'NONE', #1155, 2.250000000000001776 ) ;
#2069 = AXIS2_PLACEMENT_3D ( 'NONE', #722, #86, #1187 ) ;
#2070 = EDGE_LOOP ( 'NONE', ( #1374, #1463 ) ) ;
#2071 = DIRECTION ( 'NONE',  ( 0.000000000000000000, 0.000000000000000000, -1.000000000000000000 ) ) ;
#2072 = FACE_OUTER_BOUND ( 'NONE', #1467, .T. ) ;
#2073 = ORIENTED_EDGE ( 'NONE', *, *, #323, .F. ) ;
#2074 = DIRECTION ( 'NONE',  ( 0.000000000000000000, -1.000000000000000000, 0.000000000000000000 ) ) ;
#2075 = DIRECTION ( 'NONE',  ( 1.000000000000000000, 0.000000000000000000, 0.000000000000000000 ) ) ;
#2076 = EDGE_LOOP ( 'NONE', ( #671, #1617, #1792, #1938 ) ) ;
#2077 = DIRECTION ( 'NONE',  ( 1.000000000000000000, 0.000000000000000000, 0.000000000000000000 ) ) ;
#2078 = DIRECTION ( 'NONE',  ( 0.000000000000000000, 0.000000000000000000, 1.000000000000000000 ) ) ;
#2079 = DIRECTION ( 'NONE',  ( -0.000000000000000000, 1.000000000000000000, 0.000000000000000000 ) ) ;
#2080 = EDGE_CURVE ( 'NONE', #1655, #400, #1845, .T. ) ;
#2081 = LINE ( 'NONE', #917, #1185 ) ;
#2082 = CARTESIAN_POINT ( 'NONE',  ( 13.20000000000000107, -19.91858428704208706, 82.00000000000000000 ) ) ;
#2083 = EDGE_CURVE ( 'NONE', #1301, #939, #544, .T. ) ;
#2084 = EDGE_LOOP ( 'NONE', ( #859, #574, #428, #295 ) ) ;
#2085 = VERTEX_POINT ( 'NONE', #222 ) ;
#2086 = DIRECTION ( 'NONE',  ( -0.000000000000000000, -0.000000000000000000, -1.000000000000000000 ) ) ;
#2087 = ORIENTED_EDGE ( 'NONE', *, *, #517, .T. ) ;
#2088 = FACE_OUTER_BOUND ( 'NONE', #1167, .T. ) ;
#2089 = CARTESIAN_POINT ( 'NONE',  ( -144.0000000000000284, 50.00000000000000000, -50.00000000000000000 ) ) ;
#2090 = FACE_OUTER_BOUND ( 'NONE', #854, .T. ) ;
#2091 = DIRECTION ( 'NONE',  ( -1.000000000000000000, 0.000000000000000000, 0.000000000000000000 ) ) ;
#2092 = VERTEX_POINT ( 'NONE', #709 ) ;
#2093 = CYLINDRICAL_SURFACE ( 'NONE', #372, 6.000000000000000000 ) ;
#2094 = CC_DESIGN_PERSON_AND_ORGANIZATION_ASSIGNMENT ( #95, #1093, ( #57 ) ) ;
#2095 = EDGE_LOOP ( 'NONE', ( #783, #1550, #1480, #1867 ) ) ;
ENDSEC;
END-ISO-10303-21;
