ISO-10303-21;
HEADER;
FILE_DESCRIPTION (( 'STEP AP203' ),
    '1' );
FILE_NAME ('JX1_Torso.STEP',
    '2026-09-24T05:39:14',
    ( '' ),
    ( '' ),
    'SwSTEP 2.0',
    'SolidWorks 2026',
    '' );
FILE_SCHEMA (( 'CONFIG_CONTROL_DESIGN' ));
ENDSEC;

DATA;
#1 = CARTESIAN_POINT ( 'NONE',  ( -13.20000000000000995, -19.91858428704208350, 0.000000000000000000 ) ) ;
#2 = DIRECTION ( 'NONE',  ( 0.000000000000000000, 0.000000000000000000, 1.000000000000000000 ) ) ;
#3 = CARTESIAN_POINT ( 'NONE',  ( -70.00000000000000000, 80.50000000000000000, 5.000000000000000000 ) ) ;
#4 = DIRECTION ( 'NONE',  ( -0.000000000000000000, -1.000000000000000000, -0.000000000000000000 ) ) ;
#5 = ORIENTED_EDGE ( 'NONE', *, *, #1906, .T. ) ;
#6 = CARTESIAN_POINT ( 'NONE',  ( 16.50000000000000355, -100.4999999999999858, 183.7211616751135068 ) ) ;
#7 = FACE_OUTER_BOUND ( 'NONE', #2373, .T. ) ;
#8 = CYLINDRICAL_SURFACE ( 'NONE', #2024, 17.15000000000000213 ) ;
#9 = EDGE_LOOP ( 'NONE', ( #2707, #4377 ) ) ;
#10 = ORIENTED_EDGE ( 'NONE', *, *, #4184, .T. ) ;
#11 = ORIENTED_EDGE ( 'NONE', *, *, #3915, .T. ) ;
#12 = DIRECTION ( 'NONE',  ( 0.000000000000000000, 0.000000000000000000, -1.000000000000000000 ) ) ;
#13 = ORIENTED_EDGE ( 'NONE', *, *, #2102, .F. ) ;
#14 = CARTESIAN_POINT ( 'NONE',  ( 70.00000000000000000, 91.00000000000000000, 214.0000000000000000 ) ) ;
#15 = AXIS2_PLACEMENT_3D ( 'NONE', #2799, #2460, #4181 ) ;
#16 = VECTOR ( 'NONE', #2453, 1000.000000000000000 ) ;
#17 = ADVANCED_FACE ( 'NONE', ( #1425 ), #4218, .F. ) ;
#18 = CIRCLE ( 'NONE', #573, 1.700000000000007061 ) ;
#19 = DIRECTION ( 'NONE',  ( 0.000000000000000000, 1.000000000000000000, 0.000000000000000000 ) ) ;
#20 = DATE_TIME_ROLE ( 'classification_date' ) ;
#21 = CARTESIAN_POINT ( 'NONE',  ( 70.00000000000000000, 80.50000000000000000, 5.000000000000000000 ) ) ;
#22 = VECTOR ( 'NONE', #3508, 1000.000000000000000 ) ;
#23 = DIRECTION ( 'NONE',  ( 0.000000000000000000, 1.000000000000000000, 0.000000000000000000 ) ) ;
#24 = CYLINDRICAL_SURFACE ( 'NONE', #2594, 1.700000000000000178 ) ;
#25 = CARTESIAN_POINT ( 'NONE',  ( -50.00000000000000000, 80.50000000000000000, 214.0000000000000000 ) ) ;
#26 = DIRECTION ( 'NONE',  ( 0.000000000000000000, -0.000000000000000000, -1.000000000000000000 ) ) ;
#27 = ORIENTED_EDGE ( 'NONE', *, *, #2549, .F. ) ;
#28 = EDGE_CURVE ( 'NONE', #3928, #1657, #2260, .T. ) ;
#29 = VERTEX_POINT ( 'NONE', #2131 ) ;
#30 = CARTESIAN_POINT ( 'NONE',  ( -62.75000000000000000, 90.50000000000000000, 0.000000000000000000 ) ) ;
#31 = DIRECTION ( 'NONE',  ( 0.000000000000000000, 0.000000000000000000, 1.000000000000000000 ) ) ;
#32 = PLANE ( 'NONE',  #1163 ) ;
#33 = VERTEX_POINT ( 'NONE', #2841 ) ;
#34 = ORIENTED_EDGE ( 'NONE', *, *, #3018, .T. ) ;
#35 = ORIENTED_EDGE ( 'NONE', *, *, #2658, .T. ) ;
#36 = VERTEX_POINT ( 'NONE', #3447 ) ;
#37 = DIRECTION ( 'NONE',  ( -1.000000000000000000, 0.000000000000000000, 0.000000000000000000 ) ) ;
#38 = ORIENTED_EDGE ( 'NONE', *, *, #948, .F. ) ;
#39 = FACE_BOUND ( 'NONE', #3841, .T. ) ;
#40 = ORIENTED_EDGE ( 'NONE', *, *, #252, .T. ) ;
#41 = CIRCLE ( 'NONE', #247, 2.749999999999995559 ) ;
#42 = DIRECTION ( 'NONE',  ( 0.000000000000000000, 0.000000000000000000, 1.000000000000000000 ) ) ;
#43 = EDGE_CURVE ( 'NONE', #4296, #3456, #2459, .T. ) ;
#44 = EDGE_CURVE ( 'NONE', #230, #3922, #1150, .T. ) ;
#45 = AXIS2_PLACEMENT_3D ( 'NONE', #1293, #3322, #4385 ) ;
#46 = CIRCLE ( 'NONE', #2504, 1.700000000000007061 ) ;
#47 = CARTESIAN_POINT ( 'NONE',  ( 16.50000000000000355, 104.5000000000000000, 242.5788383248864761 ) ) ;
#48 = ORIENTED_EDGE ( 'NONE', *, *, #83, .F. ) ;
#49 = LINE ( 'NONE', #678, #2310 ) ;
#50 = ADVANCED_FACE ( 'NONE', ( #2820 ), #803, .F. ) ;
#51 = CYLINDRICAL_SURFACE ( 'NONE', #956, 1.700000000000007061 ) ;
#52 = DIRECTION ( 'NONE',  ( 0.000000000000000000, -1.000000000000000000, 0.000000000000000000 ) ) ;
#53 = EDGE_CURVE ( 'NONE', #33, #760, #2150, .T. ) ;
#54 = DIRECTION ( 'NONE',  ( -1.000000000000000000, -0.000000000000000000, -0.000000000000000000 ) ) ;
#55 = DIRECTION ( 'NONE',  ( 1.000000000000000000, 0.000000000000000000, -0.000000000000000000 ) ) ;
#56 = LOCAL_TIME ( 11, 9, 14.00000000000000000, #2936 ) ;
#57 = DIRECTION ( 'NONE',  ( -0.000000000000000000, -0.000000000000000000, -1.000000000000000000 ) ) ;
#58 = ORIENTED_EDGE ( 'NONE', *, *, #906, .T. ) ;
#59 = ADVANCED_FACE ( 'NONE', ( #166 ), #1085, .F. ) ;
#60 = ORIENTED_EDGE ( 'NONE', *, *, #4223, .T. ) ;
#61 = ORIENTED_EDGE ( 'NONE', *, *, #2023, .F. ) ;
#62 = ORIENTED_EDGE ( 'NONE', *, *, #3018, .F. ) ;
#63 = LINE ( 'NONE', #3128, #229 ) ;
#64 = ORIENTED_EDGE ( 'NONE', *, *, #1806, .F. ) ;
#65 = DIRECTION ( 'NONE',  ( -0.000000000000000000, 0.000000000000000000, 1.000000000000000000 ) ) ;
#66 = VERTEX_POINT ( 'NONE', #2438 ) ;
#67 = CIRCLE ( 'NONE', #1756, 1.700000000000007061 ) ;
#68 = CARTESIAN_POINT ( 'NONE',  ( -33.00000000000000000, -100.4999999999999858, 212.2999999999999829 ) ) ;
#69 = AXIS2_PLACEMENT_3D ( 'NONE', #169, #2523, #3888 ) ;
#70 = CARTESIAN_POINT ( 'NONE',  ( 70.00000000000000000, 85.49999999999998579, 5.000000000000000000 ) ) ;
#71 = ORIENTED_EDGE ( 'NONE', *, *, #2023, .T. ) ;
#72 = CARTESIAN_POINT ( 'NONE',  ( 0.000000000000000000, 0.000000000000000000, 218.0000000000000000 ) ) ;
#73 = CARTESIAN_POINT ( 'NONE',  ( -33.00000000000000000, -100.9999999999999858, 215.6999999999999886 ) ) ;
#74 = DIRECTION ( 'NONE',  ( 0.000000000000000000, 0.000000000000000000, -1.000000000000000000 ) ) ;
#75 = EDGE_LOOP ( 'NONE', ( #3472, #3257 ) ) ;
#76 = EDGE_CURVE ( 'NONE', #2041, #2979, #3065, .T. ) ;
#77 = CARTESIAN_POINT ( 'NONE',  ( 8.062257748298545579, -100.9999999999999858, 218.0000000000000000 ) ) ;
#78 = CARTESIAN_POINT ( 'NONE',  ( 8.062257748298545579, 100.4999999999999858, 218.0000000000000000 ) ) ;
#79 = FACE_OUTER_BOUND ( 'NONE', #2925, .T. ) ;
#80 = EDGE_LOOP ( 'NONE', ( #2874, #1300, #11, #4257 ) ) ;
#81 = EDGE_LOOP ( 'NONE', ( #3800, #2590, #1018, #2113 ) ) ;
#82 = ADVANCED_FACE ( 'NONE', ( #3507 ), #3615, .F. ) ;
#83 = EDGE_CURVE ( 'NONE', #4243, #1761, #2537, .T. ) ;
#84 = ORIENTED_EDGE ( 'NONE', *, *, #2577, .F. ) ;
#85 = CARTESIAN_POINT ( 'NONE',  ( 50.50000000000000000, -100.4999999999999858, 98.00000000000000000 ) ) ;
#86 = VERTEX_POINT ( 'NONE', #4300 ) ;
#87 = CARTESIAN_POINT ( 'NONE',  ( -13.19999999999999396, 19.91858428704209061, 0.000000000000000000 ) ) ;
#88 = ORIENTED_EDGE ( 'NONE', *, *, #2974, .F. ) ;
#89 = CARTESIAN_POINT ( 'NONE',  ( -60.50000000000000711, 100.4999999999999858, 218.0000000000000000 ) ) ;
#90 = AXIS2_PLACEMENT_3D ( 'NONE', #1328, #1729, #1706 ) ;
#91 = CIRCLE ( 'NONE', #3693, 9.000000000000007105 ) ;
#92 = CARTESIAN_POINT ( 'NONE',  ( 50.50000000000000000, -100.9999999999999858, 98.00000000000000000 ) ) ;
#93 = VERTEX_POINT ( 'NONE', #2208 ) ;
#94 = DIRECTION ( 'NONE',  ( -0.000000000000000000, -0.000000000000000000, -1.000000000000000000 ) ) ;
#95 = DIRECTION ( 'NONE',  ( 0.000000000000000000, 0.000000000000000000, 1.000000000000000000 ) ) ;
#96 = DIRECTION ( 'NONE',  ( -0.000000000000000000, -1.000000000000000000, -0.000000000000000000 ) ) ;
#97 = EDGE_LOOP ( 'NONE', ( #3269, #64, #2975, #1920 ) ) ;
#98 = VECTOR ( 'NONE', #2097, 1000.000000000000000 ) ;
#99 = FACE_OUTER_BOUND ( 'NONE', #2296, .T. ) ;
#100 = LINE ( 'NONE', #2454, #3692 ) ;
#101 = DIRECTION ( 'NONE',  ( 0.000000000000000000, 1.000000000000000000, 0.000000000000000000 ) ) ;
#102 = ORIENTED_EDGE ( 'NONE', *, *, #2452, .F. ) ;
#103 = EDGE_CURVE ( 'NONE', #3112, #381, #224, .T. ) ;
#104 = ADVANCED_FACE ( 'NONE', ( #2588 ), #3972, .F. ) ;
#105 = ORIENTED_EDGE ( 'NONE', *, *, #2120, .F. ) ;
#106 = ORIENTED_EDGE ( 'NONE', *, *, #184, .F. ) ;
#107 = DIRECTION ( 'NONE',  ( 0.000000000000000000, 0.000000000000000000, 1.000000000000000000 ) ) ;
#108 = CARTESIAN_POINT ( 'NONE',  ( 9.800000000000000711, -19.91858428704208706, 0.000000000000000000 ) ) ;
#109 = EDGE_CURVE ( 'NONE', #2435, #316, #1237, .T. ) ;
#110 = VERTEX_POINT ( 'NONE', #2189 ) ;
#111 = DIRECTION ( 'NONE',  ( -0.000000000000000000, -1.000000000000000000, -0.000000000000000000 ) ) ;
#112 = EDGE_CURVE ( 'NONE', #130, #1314, #3289, .T. ) ;
#113 = DIRECTION ( 'NONE',  ( 0.000000000000000000, 1.000000000000000000, 0.000000000000000000 ) ) ;
#114 = VERTEX_POINT ( 'NONE', #861 ) ;
#115 = CARTESIAN_POINT ( 'NONE',  ( -16.49999999999999289, -100.4999999999999858, 187.1211616751135409 ) ) ;
#116 = AXIS2_PLACEMENT_3D ( 'NONE', #638, #3378, #1994 ) ;
#117 = DIRECTION ( 'NONE',  ( 0.000000000000000000, 0.000000000000000000, -1.000000000000000000 ) ) ;
#118 = DIRECTION ( 'NONE',  ( 0.000000000000000000, 0.000000000000000000, 1.000000000000000000 ) ) ;
#119 = CIRCLE ( 'NONE', #457, 1.700000000000007061 ) ;
#120 = CARTESIAN_POINT ( 'NONE',  ( -69.49999999999998579, 0.000000000000000000, 0.000000000000000000 ) ) ;
#121 = CARTESIAN_POINT ( 'NONE',  ( 9.800000000000000711, -19.91858428704208706, 5.000000000000000000 ) ) ;
#122 = DIRECTION ( 'NONE',  ( 0.000000000000000000, 1.000000000000000000, 0.000000000000000000 ) ) ;
#123 = VERTEX_POINT ( 'NONE', #1214 ) ;
#124 = VECTOR ( 'NONE', #2204, 1000.000000000000000 ) ;
#125 = ORIENTED_EDGE ( 'NONE', *, *, #2196, .F. ) ;
#126 = CIRCLE ( 'NONE', #2585, 10.00000000000000000 ) ;
#127 = VERTEX_POINT ( 'NONE', #881 ) ;
#128 = EDGE_CURVE ( 'NONE', #4020, #2206, #2772, .T. ) ;
#129 = CARTESIAN_POINT ( 'NONE',  ( 33.00000000000000000, -100.4999999999999858, 215.6999999999999886 ) ) ;
#130 = VERTEX_POINT ( 'NONE', #1900 ) ;
#131 = ADVANCED_FACE ( 'NONE', ( #2611, #2562, #572, #2879, #4320, #1921, #927, #594, #248, #3266, #1282, #269 ), #1879, .T. ) ;
#132 = CARTESIAN_POINT ( 'NONE',  ( 23.00000000000000000, 0.000000000000000000, 0.000000000000000000 ) ) ;
#133 = EDGE_CURVE ( 'NONE', #713, #1672, #1787, .T. ) ;
#134 = ADVANCED_FACE ( 'NONE', ( #2949 ), #4258, .F. ) ;
#135 = LINE ( 'NONE', #792, #2485 ) ;
#136 = CARTESIAN_POINT ( 'NONE',  ( -16.50000000000001421, -100.4999999999999858, 244.2788383248864648 ) ) ;
#137 = CARTESIAN_POINT ( 'NONE',  ( 0.000000000000000000, -100.4999999999999858, 214.0000000000000000 ) ) ;
#138 = DIRECTION ( 'NONE',  ( 0.000000000000000000, 1.000000000000000000, 0.000000000000000000 ) ) ;
#139 = AXIS2_PLACEMENT_3D ( 'NONE', #2379, #605, #699 ) ;
#140 = CARTESIAN_POINT ( 'NONE',  ( -70.00000000000000000, -100.4999999999999858, 214.0000000000000000 ) ) ;
#141 = DIRECTION ( 'NONE',  ( 0.000000000000000000, -0.000000000000000000, 1.000000000000000000 ) ) ;
#142 = VECTOR ( 'NONE', #1175, 1000.000000000000000 ) ;
#143 = PLANE ( 'NONE',  #391 ) ;
#144 = EDGE_LOOP ( 'NONE', ( #577, #1167, #3400, #3715 ) ) ;
#145 = EDGE_LOOP ( 'NONE', ( #903, #1838, #1595, #3407 ) ) ;
#146 = ORIENTED_EDGE ( 'NONE', *, *, #2334, .T. ) ;
#147 = DIRECTION ( 'NONE',  ( 0.000000000000000000, 0.000000000000000000, 1.000000000000000000 ) ) ;
#148 = ORIENTED_EDGE ( 'NONE', *, *, #3625, .F. ) ;
#149 = CARTESIAN_POINT ( 'NONE',  ( -16.50000000000001421, -104.5000000000000000, 242.5788383248864761 ) ) ;
#150 = EDGE_CURVE ( 'NONE', #3494, #3112, #91, .T. ) ;
#151 = CIRCLE ( 'NONE', #2423, 17.15000000000000213 ) ;
#152 = DIRECTION ( 'NONE',  ( 0.7071067811865477948, 0.7071067811865473507, 0.000000000000000000 ) ) ;
#153 = DIRECTION ( 'NONE',  ( 0.000000000000000000, -1.000000000000000000, 0.000000000000000000 ) ) ;
#154 = DIRECTION ( 'NONE',  ( -0.000000000000000000, -1.000000000000000000, -0.000000000000000000 ) ) ;
#155 = CARTESIAN_POINT ( 'NONE',  ( 70.00000000000000000, -104.5000000000000000, 5.000000000000000000 ) ) ;
#156 = AXIS2_PLACEMENT_3D ( 'NONE', #2124, #1751, #3200 ) ;
#157 = FACE_OUTER_BOUND ( 'NONE', #840, .T. ) ;
#158 = CARTESIAN_POINT ( 'NONE',  ( -7.000000000000000000, 0.000000000000000000, 5.000000000000000000 ) ) ;
#159 = AXIS2_PLACEMENT_3D ( 'NONE', #3325, #327, #1675 ) ;
#160 = PLANE ( 'NONE',  #2295 ) ;
#161 = ORIENTED_EDGE ( 'NONE', *, *, #3380, .F. ) ;
#162 = EDGE_LOOP ( 'NONE', ( #3644, #1620, #3426, #1733 ) ) ;
#163 = EDGE_CURVE ( 'NONE', #4043, #3429, #2842, .T. ) ;
#164 = ORIENTED_EDGE ( 'NONE', *, *, #2333, .F. ) ;
#165 = CIRCLE ( 'NONE', #1270, 2.749999999999995559 ) ;
#166 = FACE_OUTER_BOUND ( 'NONE', #3804, .T. ) ;
#167 = DIRECTION ( 'NONE',  ( 0.000000000000000000, 1.000000000000000000, 0.000000000000000000 ) ) ;
#168 = VERTEX_POINT ( 'NONE', #551 ) ;
#169 = CARTESIAN_POINT ( 'NONE',  ( -33.00000000000000000, 104.5000000000000000, 214.0000000000000000 ) ) ;
#170 = LINE ( 'NONE', #1507, #506 ) ;
#171 = ADVANCED_FACE ( 'NONE', ( #1567 ), #1944, .F. ) ;
#172 = DIRECTION ( 'NONE',  ( 1.000000000000000000, 0.000000000000000000, 0.000000000000000000 ) ) ;
#173 = LINE ( 'NONE', #2892, #4216 ) ;
#174 = DIRECTION ( 'NONE',  ( 0.000000000000000000, -0.000000000000000000, -1.000000000000000000 ) ) ;
#175 = DIRECTION ( 'NONE',  ( -0.000000000000000000, -0.000000000000000000, -1.000000000000000000 ) ) ;
#176 = DIRECTION ( 'NONE',  ( 0.000000000000000000, 0.000000000000000000, 1.000000000000000000 ) ) ;
#177 = CARTESIAN_POINT ( 'NONE',  ( -60.00000000000000711, -100.9999999999999858, 214.0000000000000000 ) ) ;
#178 = ORIENTED_EDGE ( 'NONE', *, *, #233, .F. ) ;
#179 = ORIENTED_EDGE ( 'NONE', *, *, #3755, .F. ) ;
#180 = VECTOR ( 'NONE', #606, 1000.000000000000000 ) ;
#181 = ORIENTED_EDGE ( 'NONE', *, *, #1422, .T. ) ;
#182 = CARTESIAN_POINT ( 'NONE',  ( 0.000000000000000000, -100.4999999999999858, 214.0000000000000000 ) ) ;
#183 = FACE_OUTER_BOUND ( 'NONE', #97, .T. ) ;
#184 = EDGE_CURVE ( 'NONE', #110, #1128, #1135, .T. ) ;
#185 = VECTOR ( 'NONE', #3732, 1000.000000000000000 ) ;
#186 = ORIENTED_EDGE ( 'NONE', *, *, #43, .T. ) ;
#187 = VECTOR ( 'NONE', #2718, 1000.000000000000000 ) ;
#188 = CARTESIAN_POINT ( 'NONE',  ( 70.00000000000000000, 80.50000000000000000, 214.0000000000000000 ) ) ;
#189 = CYLINDRICAL_SURFACE ( 'NONE', #714, 2.749999999999995559 ) ;
#190 = CARTESIAN_POINT ( 'NONE',  ( 0.000000000000000000, -100.4999999999999858, 218.0000000000000000 ) ) ;
#191 = AXIS2_PLACEMENT_3D ( 'NONE', #1321, #2032, #2694 ) ;
#192 = CARTESIAN_POINT ( 'NONE',  ( -16.49999999999999289, -100.4999999999999858, 185.4211616751135239 ) ) ;
#193 = EDGE_CURVE ( 'NONE', #3739, #2047, #3546, .T. ) ;
#194 = AXIS2_PLACEMENT_3D ( 'NONE', #891, #3912, #494 ) ;
#195 = DIRECTION ( 'NONE',  ( 0.000000000000000000, -1.000000000000000000, 0.000000000000000000 ) ) ;
#196 = CARTESIAN_POINT ( 'NONE',  ( 70.00000000000000000, 85.49999999999998579, 0.000000000000000000 ) ) ;
#197 = CARTESIAN_POINT ( 'NONE',  ( -8.062257748298545579, -100.9999999999999858, 218.0000000000000000 ) ) ;
#198 = CYLINDRICAL_SURFACE ( 'NONE', #2152, 9.000000000000007105 ) ;
#199 = ORIENTED_EDGE ( 'NONE', *, *, #4210, .T. ) ;
#200 = VECTOR ( 'NONE', #2004, 1000.000000000000000 ) ;
#201 = ORIENTED_EDGE ( 'NONE', *, *, #1288, .T. ) ;
#202 = DIRECTION ( 'NONE',  ( 0.000000000000000000, 0.000000000000000000, 1.000000000000000000 ) ) ;
#203 = AXIS2_PLACEMENT_3D ( 'NONE', #234, #2503, #1844 ) ;
#204 = CARTESIAN_POINT ( 'NONE',  ( -16.49999999999999289, -100.4999999999999858, 187.1211616751135409 ) ) ;
#205 = ORIENTED_EDGE ( 'NONE', *, *, #3639, .T. ) ;
#206 = ORIENTED_EDGE ( 'NONE', *, *, #4198, .F. ) ;
#207 = EDGE_CURVE ( 'NONE', #2839, #1502, #2344, .T. ) ;
#208 = EDGE_CURVE ( 'NONE', #4025, #4278, #3332, .T. ) ;
#209 = ORIENTED_EDGE ( 'NONE', *, *, #2940, .F. ) ;
#210 = FACE_OUTER_BOUND ( 'NONE', #453, .T. ) ;
#211 = CARTESIAN_POINT ( 'NONE',  ( 0.000000000000000000, 104.5000000000000000, 0.000000000000000000 ) ) ;
#212 = LINE ( 'NONE', #2507, #1528 ) ;
#213 = CARTESIAN_POINT ( 'NONE',  ( -9.799999999999993605, 19.91858428704209061, 0.000000000000000000 ) ) ;
#214 = CARTESIAN_POINT ( 'NONE',  ( 70.00000000000000000, 100.4999999999999858, 214.0000000000000000 ) ) ;
#215 = ORIENTED_EDGE ( 'NONE', *, *, #4023, .F. ) ;
#216 = DIRECTION ( 'NONE',  ( -0.000000000000000000, -0.000000000000000000, -1.000000000000000000 ) ) ;
#217 = DIRECTION ( 'NONE',  ( 1.000000000000000000, 0.000000000000000000, 0.000000000000000000 ) ) ;
#218 = DIRECTION ( 'NONE',  ( -1.000000000000000000, 0.000000000000000000, 0.000000000000000000 ) ) ;
#219 = CARTESIAN_POINT ( 'NONE',  ( -16.50000000000001421, 104.5000000000000000, 240.8788383248864591 ) ) ;
#220 = VERTEX_POINT ( 'NONE', #287 ) ;
#221 = AXIS2_PLACEMENT_3D ( 'NONE', #428, #1465, #1783 ) ;
#222 = VECTOR ( 'NONE', #4137, 1000.000000000000000 ) ;
#223 = ORIENTED_EDGE ( 'NONE', *, *, #3066, .F. ) ;
#224 = LINE ( 'NONE', #3545, #1554 ) ;
#225 = VECTOR ( 'NONE', #3239, 1000.000000000000000 ) ;
#226 = DIRECTION ( 'NONE',  ( -0.000000000000000000, -1.000000000000000000, -0.000000000000000000 ) ) ;
#227 = ADVANCED_FACE ( 'NONE', ( #1634 ), #683, .F. ) ;
#228 = ORIENTED_EDGE ( 'NONE', *, *, #4004, .T. ) ;
#229 = VECTOR ( 'NONE', #2328, 1000.000000000000000 ) ;
#230 = VERTEX_POINT ( 'NONE', #6 ) ;
#231 = ORIENTED_EDGE ( 'NONE', *, *, #3268, .T. ) ;
#232 = ORIENTED_EDGE ( 'NONE', *, *, #660, .T. ) ;
#233 = EDGE_CURVE ( 'NONE', #3446, #3250, #2389, .T. ) ;
#234 = CARTESIAN_POINT ( 'NONE',  ( -33.00000000000000000, 104.5000000000000000, 214.0000000000000000 ) ) ;
#235 = LINE ( 'NONE', #3889, #2702 ) ;
#236 = DIRECTION ( 'NONE',  ( 0.000000000000000000, 0.000000000000000000, 1.000000000000000000 ) ) ;
#237 = ADVANCED_FACE ( 'NONE', ( #3096 ), #2058, .T. ) ;
#238 =( LENGTH_UNIT ( ) NAMED_UNIT ( * ) SI_UNIT ( .MILLI., .METRE. ) );
#239 = CARTESIAN_POINT ( 'NONE',  ( 70.00000000000000000, -100.4999999999999858, 214.0000000000000000 ) ) ;
#240 = FACE_BOUND ( 'NONE', #3352, .T. ) ;
#241 = CARTESIAN_POINT ( 'NONE',  ( 70.00000000000000000, 104.5000000000000000, 5.000000000000000000 ) ) ;
#242 = CARTESIAN_POINT ( 'NONE',  ( -9.800000000000009592, -19.91858428704208350, 5.000000000000000000 ) ) ;
#243 = DIRECTION ( 'NONE',  ( 0.000000000000000000, 0.000000000000000000, 1.000000000000000000 ) ) ;
#244 = ORIENTED_EDGE ( 'NONE', *, *, #3386, .T. ) ;
#245 = ORIENTED_EDGE ( 'NONE', *, *, #3294, .T. ) ;
#246 = ORIENTED_EDGE ( 'NONE', *, *, #1498, .F. ) ;
#247 = AXIS2_PLACEMENT_3D ( 'NONE', #1254, #1211, #610 ) ;
#248 = FACE_BOUND ( 'NONE', #4299, .T. ) ;
#249 = CARTESIAN_POINT ( 'NONE',  ( 70.00000000000000000, 100.4999999999999858, 5.000000000000000000 ) ) ;
#250 = VECTOR ( 'NONE', #2471, 1000.000000000000000 ) ;
#251 = EDGE_LOOP ( 'NONE', ( #3027, #665, #1147, #741 ) ) ;
#252 = EDGE_CURVE ( 'NONE', #1427, #33, #3353, .T. ) ;
#253 = VECTOR ( 'NONE', #1343, 1000.000000000000000 ) ;
#254 = ORIENTED_EDGE ( 'NONE', *, *, #3993, .T. ) ;
#255 = CARTESIAN_POINT ( 'NONE',  ( 16.50000000000000355, 100.4999999999999858, 185.4211616751135239 ) ) ;
#256 =( GEOMETRIC_REPRESENTATION_CONTEXT ( 3 ) GLOBAL_UNCERTAINTY_ASSIGNED_CONTEXT ( ( #693 ) ) GLOBAL_UNIT_ASSIGNED_CONTEXT ( ( #238, #515, #1181 ) ) REPRESENTATION_CONTEXT ( 'NONE', 'WORKASPACE' ) );
#257 = DIRECTION ( 'NONE',  ( -1.000000000000000000, 0.000000000000000000, 0.000000000000000000 ) ) ;
#258 = CARTESIAN_POINT ( 'NONE',  ( 0.000000000000000000, 0.000000000000000000, 0.000000000000000000 ) ) ;
#259 = CARTESIAN_POINT ( 'NONE',  ( 33.00000000000000000, 100.9999999999999858, 215.6999999999999886 ) ) ;
#260 = ADVANCED_FACE ( 'NONE', ( #1327 ), #4092, .F. ) ;
#261 = LINE ( 'NONE', #2916, #2910 ) ;
#262 = AXIS2_PLACEMENT_3D ( 'NONE', #3485, #2792, #141 ) ;
#263 = DIRECTION ( 'NONE',  ( 0.000000000000000000, 0.000000000000000000, -1.000000000000000000 ) ) ;
#264 = CARTESIAN_POINT ( 'NONE',  ( -8.062257748298545579, 104.5000000000000000, 218.0000000000000000 ) ) ;
#265 = CARTESIAN_POINT ( 'NONE',  ( 0.000000000000000000, 104.5000000000000000, 214.0000000000000000 ) ) ;
#266 = ORIENTED_EDGE ( 'NONE', *, *, #2154, .T. ) ;
#267 = CIRCLE ( 'NONE', #1957, 1.700000000000000178 ) ;
#268 = EDGE_LOOP ( 'NONE', ( #3999, #1823, #3005, #2922 ) ) ;
#269 = FACE_BOUND ( 'NONE', #1482, .T. ) ;
#270 = LINE ( 'NONE', #2636, #434 ) ;
#271 = AXIS2_PLACEMENT_3D ( 'NONE', #1133, #42, #1115 ) ;
#272 = ORIENTED_EDGE ( 'NONE', *, *, #2284, .T. ) ;
#273 = AXIS2_PLACEMENT_3D ( 'NONE', #1597, #1693, #955 ) ;
#274 = EDGE_LOOP ( 'NONE', ( #3435, #952 ) ) ;
#275 = ORIENTED_EDGE ( 'NONE', *, *, #4111, .T. ) ;
#276 = CARTESIAN_POINT ( 'NONE',  ( 70.00000000000000000, -80.50000000000000000, 214.0000000000000000 ) ) ;
#277 = AXIS2_PLACEMENT_3D ( 'NONE', #3716, #2002, #296 ) ;
#278 = DIRECTION ( 'NONE',  ( -1.000000000000000000, 0.000000000000000000, 0.000000000000000000 ) ) ;
#279 = EDGE_CURVE ( 'NONE', #1216, #29, #2678, .T. ) ;
#280 = CARTESIAN_POINT ( 'NONE',  ( -50.00000000000000000, -100.4999999999999858, 5.000000000000000000 ) ) ;
#281 = CARTESIAN_POINT ( 'NONE',  ( -70.00000000000000000, 104.5000000000000000, 5.000000000000000000 ) ) ;
#282 = CARTESIAN_POINT ( 'NONE',  ( 60.50000000000000711, -100.4999999999999858, 218.0000000000000000 ) ) ;
#283 = CARTESIAN_POINT ( 'NONE',  ( -7.000000000000000000, 0.000000000000000000, 2.200000000000000178 ) ) ;
#284 = LINE ( 'NONE', #4317, #2010 ) ;
#285 = ORIENTED_EDGE ( 'NONE', *, *, #1898, .T. ) ;
#286 = ORIENTED_EDGE ( 'NONE', *, *, #1312, .T. ) ;
#287 = CARTESIAN_POINT ( 'NONE',  ( 33.00000000000000000, -104.5000000000000000, 215.6999999999999886 ) ) ;
#288 = ORIENTED_EDGE ( 'NONE', *, *, #3432, .T. ) ;
#289 = CARTESIAN_POINT ( 'NONE',  ( 0.000000000000000000, 100.4999999999999858, 214.0000000000000000 ) ) ;
#290 = CIRCLE ( 'NONE', #1424, 1.700000000000007061 ) ;
#291 = VERTEX_POINT ( 'NONE', #2037 ) ;
#292 = ORIENTED_EDGE ( 'NONE', *, *, #3993, .F. ) ;
#293 = CIRCLE ( 'NONE', #1206, 9.000000000000007105 ) ;
#294 = ORIENTED_EDGE ( 'NONE', *, *, #1039, .T. ) ;
#295 = VERTEX_POINT ( 'NONE', #1374 ) ;
#296 = DIRECTION ( 'NONE',  ( 0.7071067811865474617, -0.7071067811865474617, 0.000000000000000000 ) ) ;
#297 = VECTOR ( 'NONE', #960, 1000.000000000000000 ) ;
#298 = ORIENTED_EDGE ( 'NONE', *, *, #1830, .F. ) ;
#299 = DIRECTION ( 'NONE',  ( 0.000000000000000000, 0.000000000000000000, 1.000000000000000000 ) ) ;
#300 = LINE ( 'NONE', #1650, #2155 ) ;
#301 = ADVANCED_FACE ( 'NONE', ( #377 ), #4038, .F. ) ;
#302 = CARTESIAN_POINT ( 'NONE',  ( -69.50000000000000000, 100.4999999999999858, 262.0000000000000000 ) ) ;
#303 = DIRECTION ( 'NONE',  ( -0.000000000000000000, -0.000000000000000000, -1.000000000000000000 ) ) ;
#304 = DIRECTION ( 'NONE',  ( -0.7071067811865474617, -0.7071067811865474617, 0.000000000000000000 ) ) ;
#305 = CARTESIAN_POINT ( 'NONE',  ( -11.49999999999999467, 19.91858428704209061, 5.000000000000000000 ) ) ;
#306 = VERTEX_POINT ( 'NONE', #2746 ) ;
#307 = ORIENTED_EDGE ( 'NONE', *, *, #602, .T. ) ;
#308 = EDGE_CURVE ( 'NONE', #1712, #168, #3376, .T. ) ;
#309 = EDGE_CURVE ( 'NONE', #4142, #168, #4016, .T. ) ;
#310 = DIRECTION ( 'NONE',  ( 1.000000000000000000, 0.000000000000000000, 0.000000000000000000 ) ) ;
#311 = EDGE_LOOP ( 'NONE', ( #2250, #990, #929, #3560 ) ) ;
#312 = CARTESIAN_POINT ( 'NONE',  ( 0.000000000000000000, -100.9999999999999858, 214.0000000000000000 ) ) ;
#313 = CARTESIAN_POINT ( 'NONE',  ( 17.15000000000000213, 2.100269260537711104E-15, 2.200000000000000178 ) ) ;
#314 = ORIENTED_EDGE ( 'NONE', *, *, #163, .T. ) ;
#315 = ORIENTED_EDGE ( 'NONE', *, *, #575, .T. ) ;
#316 = VERTEX_POINT ( 'NONE', #634 ) ;
#317 = DIRECTION ( 'NONE',  ( -0.000000000000000000, 0.000000000000000000, 1.000000000000000000 ) ) ;
#318 = AXIS2_PLACEMENT_3D ( 'NONE', #2317, #3372, #1036 ) ;
#319 = EDGE_LOOP ( 'NONE', ( #1303, #3587, #2592 ) ) ;
#320 = DIRECTION ( 'NONE',  ( -0.7071067811865477948, 0.7071067811865473507, 0.000000000000000000 ) ) ;
#321 = CIRCLE ( 'NONE', #2088, 11.14999999999999325 ) ;
#322 = ORIENTED_EDGE ( 'NONE', *, *, #1820, .T. ) ;
#323 = DIRECTION ( 'NONE',  ( 0.000000000000000000, -1.000000000000000000, 0.000000000000000000 ) ) ;
#324 = VECTOR ( 'NONE', #2145, 1000.000000000000000 ) ;
#325 = CARTESIAN_POINT ( 'NONE',  ( -33.00000000000000000, 100.4999999999999858, 212.2999999999999829 ) ) ;
#326 = CIRCLE ( 'NONE', #4159, 1.700000000000007061 ) ;
#327 = DIRECTION ( 'NONE',  ( -0.000000000000000000, -1.000000000000000000, -0.000000000000000000 ) ) ;
#328 = CARTESIAN_POINT ( 'NONE',  ( 16.50000000000000355, -100.4999999999999858, 185.4211616751135239 ) ) ;
#329 = CYLINDRICAL_SURFACE ( 'NONE', #1239, 17.15000000000000213 ) ;
#330 = FACE_OUTER_BOUND ( 'NONE', #465, .T. ) ;
#331 = ORIENTED_EDGE ( 'NONE', *, *, #1830, .T. ) ;
#332 = DIRECTION ( 'NONE',  ( 0.000000000000000000, 1.000000000000000000, 0.000000000000000000 ) ) ;
#333 = CARTESIAN_POINT ( 'NONE',  ( -7.000000000000000000, 0.000000000000000000, 5.000000000000000000 ) ) ;
#334 = CARTESIAN_POINT ( 'NONE',  ( 13.20000000000000107, -19.91858428704208706, 0.000000000000000000 ) ) ;
#335 = EDGE_CURVE ( 'NONE', #713, #3559, #658, .T. ) ;
#336 = ORIENTED_EDGE ( 'NONE', *, *, #1500, .F. ) ;
#337 = EDGE_LOOP ( 'NONE', ( #4329, #58, #2938, #3418, #331, #1429 ) ) ;
#338 = VERTEX_POINT ( 'NONE', #30 ) ;
#339 = CARTESIAN_POINT ( 'NONE',  ( -16.49999999999999289, 104.5000000000000000, 185.4211616751135239 ) ) ;
#340 = VERTEX_POINT ( 'NONE', #3421 ) ;
#341 = LINE ( 'NONE', #276, #4110 ) ;
#342 = EDGE_CURVE ( 'NONE', #4266, #4067, #293, .T. ) ;
#343 = VECTOR ( 'NONE', #3452, 1000.000000000000000 ) ;
#344 = ORIENTED_EDGE ( 'NONE', *, *, #2232, .F. ) ;
#345 = VECTOR ( 'NONE', #1669, 1000.000000000000000 ) ;
#346 = CYLINDRICAL_SURFACE ( 'NONE', #1828, 10.00000000000000000 ) ;
#347 = CARTESIAN_POINT ( 'NONE',  ( -50.00000000000000000, 80.50000000000000000, 214.0000000000000000 ) ) ;
#348 = EDGE_CURVE ( 'NONE', #1128, #340, #797, .T. ) ;
#349 = DIRECTION ( 'NONE',  ( -0.000000000000000000, -0.000000000000000000, -1.000000000000000000 ) ) ;
#350 = DIRECTION ( 'NONE',  ( -0.000000000000000000, -0.000000000000000000, -1.000000000000000000 ) ) ;
#351 = LINE ( 'NONE', #1370, #253 ) ;
#352 = DIRECTION ( 'NONE',  ( 0.7071067811865477948, 0.7071067811865473507, 0.000000000000000000 ) ) ;
#353 = ORIENTED_EDGE ( 'NONE', *, *, #583, .T. ) ;
#354 = DIRECTION ( 'NONE',  ( -0.000000000000000000, -0.000000000000000000, -1.000000000000000000 ) ) ;
#355 = CARTESIAN_POINT ( 'NONE',  ( 55.00000000000000711, -100.4999999999999858, 5.000000000000000000 ) ) ;
#356 = CARTESIAN_POINT ( 'NONE',  ( 62.75000000000000000, 90.50000000000000000, 0.000000000000000000 ) ) ;
#357 = VERTEX_POINT ( 'NONE', #461 ) ;
#358 = ORIENTED_EDGE ( 'NONE', *, *, #3935, .T. ) ;
#359 = ORIENTED_EDGE ( 'NONE', *, *, #3945, .F. ) ;
#360 = ORIENTED_EDGE ( 'NONE', *, *, #743, .T. ) ;
#361 = DIRECTION ( 'NONE',  ( -0.000000000000000000, -1.000000000000000000, -0.000000000000000000 ) ) ;
#362 = ORIENTED_EDGE ( 'NONE', *, *, #1249, .T. ) ;
#363 = CARTESIAN_POINT ( 'NONE',  ( 55.00000000000000711, 100.4999999999999858, 5.000000000000000000 ) ) ;
#364 = VECTOR ( 'NONE', #226, 1000.000000000000000 ) ;
#365 = AXIS2_PLACEMENT_3D ( 'NONE', #1795, #1813, #3793 ) ;
#366 = EDGE_LOOP ( 'NONE', ( #4341, #509, #164, #2045 ) ) ;
#367 = EDGE_CURVE ( 'NONE', #2790, #1839, #3620, .T. ) ;
#368 = CIRCLE ( 'NONE', #1209, 1.700000000000007061 ) ;
#369 = DIRECTION ( 'NONE',  ( 0.000000000000000000, 1.000000000000000000, 0.000000000000000000 ) ) ;
#370 = CIRCLE ( 'NONE', #3422, 1.700000000000007061 ) ;
#371 = ADVANCED_FACE ( 'NONE', ( #2080, #1773, #1123 ), #3500, .T. ) ;
#372 = CARTESIAN_POINT ( 'NONE',  ( 16.50000000000000355, -100.4999999999999858, 242.5788383248864761 ) ) ;
#373 = CARTESIAN_POINT ( 'NONE',  ( 11.50000000000000178, -19.91858428704208706, 0.000000000000000000 ) ) ;
#374 = DIRECTION ( 'NONE',  ( 0.000000000000000000, 0.000000000000000000, -1.000000000000000000 ) ) ;
#375 = FACE_OUTER_BOUND ( 'NONE', #2760, .T. ) ;
#376 = ORIENTED_EDGE ( 'NONE', *, *, #3696, .T. ) ;
#377 = FACE_OUTER_BOUND ( 'NONE', #4077, .T. ) ;
#378 = DIRECTION ( 'NONE',  ( -0.000000000000000000, -0.000000000000000000, -1.000000000000000000 ) ) ;
#379 = LINE ( 'NONE', #313, #185 ) ;
#380 = ORIENTED_EDGE ( 'NONE', *, *, #3432, .F. ) ;
#381 = VERTEX_POINT ( 'NONE', #77 ) ;
#382 = VERTEX_POINT ( 'NONE', #3856 ) ;
#383 = CARTESIAN_POINT ( 'NONE',  ( -69.49999999999998579, -91.50000000000001421, 218.0000000000000000 ) ) ;
#384 = EDGE_LOOP ( 'NONE', ( #4045, #1655 ) ) ;
#385 = LINE ( 'NONE', #3450, #2748 ) ;
#386 = CC_DESIGN_DATE_AND_TIME_ASSIGNMENT ( #3961, #1204, ( #443 ) ) ;
#387 = ORIENTED_EDGE ( 'NONE', *, *, #2586, .T. ) ;
#388 = CIRCLE ( 'NONE', #1447, 1.700000000000007061 ) ;
#389 = DIRECTION ( 'NONE',  ( 0.000000000000000000, 1.000000000000000000, 0.000000000000000000 ) ) ;
#390 = CIRCLE ( 'NONE', #2863, 17.15000000000000213 ) ;
#391 = AXIS2_PLACEMENT_3D ( 'NONE', #2834, #3523, #2606 ) ;
#392 = FACE_OUTER_BOUND ( 'NONE', #639, .T. ) ;
#393 = ORIENTED_EDGE ( 'NONE', *, *, #4144, .F. ) ;
#394 = FACE_OUTER_BOUND ( 'NONE', #1540, .T. ) ;
#395 = CARTESIAN_POINT ( 'NONE',  ( -70.00000000000000000, -80.50000000000000000, 5.000000000000000000 ) ) ;
#396 = CYLINDRICAL_SURFACE ( 'NONE', #4001, 1.700000000000007061 ) ;
#397 = EDGE_LOOP ( 'NONE', ( #3690, #3150, #3474, #464 ) ) ;
#398 = ADVANCED_FACE ( 'NONE', ( #99 ), #816, .F. ) ;
#399 = ADVANCED_FACE ( 'NONE', ( #157 ), #3441, .F. ) ;
#400 = AXIS2_PLACEMENT_3D ( 'NONE', #3349, #654, #1653 ) ;
#401 = PLANE ( 'NONE',  #2262 ) ;
#402 = LINE ( 'NONE', #2999, #2905 ) ;
#403 = DIRECTION ( 'NONE',  ( 0.000000000000000000, 0.000000000000000000, 1.000000000000000000 ) ) ;
#404 = EDGE_LOOP ( 'NONE', ( #10, #2070, #3525, #2341 ) ) ;
#405 = ORIENTED_EDGE ( 'NONE', *, *, #3192, .T. ) ;
#406 = ORIENTED_EDGE ( 'NONE', *, *, #3703, .F. ) ;
#407 = CARTESIAN_POINT ( 'NONE',  ( 60.50000000000000711, 100.4999999999999858, 214.0000000000000000 ) ) ;
#408 = VERTEX_POINT ( 'NONE', #2163 ) ;
#409 = DIRECTION ( 'NONE',  ( 0.000000000000000000, 1.000000000000000000, 0.000000000000000000 ) ) ;
#410 = ORIENTED_EDGE ( 'NONE', *, *, #2974, .T. ) ;
#411 = CIRCLE ( 'NONE', #4102, 9.000000000000007105 ) ;
#412 = LINE ( 'NONE', #1765, #3463 ) ;
#413 = CIRCLE ( 'NONE', #2670, 1.700000000000007061 ) ;
#414 = CIRCLE ( 'NONE', #3253, 2.750000000000002665 ) ;
#415 = LINE ( 'NONE', #3786, #3698 ) ;
#416 = VERTEX_POINT ( 'NONE', #2411 ) ;
#417 = ADVANCED_FACE ( 'NONE', ( #4112 ), #3484, .F. ) ;
#418 = LINE ( 'NONE', #3478, #4169 ) ;
#419 = FACE_OUTER_BOUND ( 'NONE', #3155, .T. ) ;
#420 = CARTESIAN_POINT ( 'NONE',  ( 0.000000000000000000, 0.000000000000000000, 98.00000000000000000 ) ) ;
#421 = ORIENTED_EDGE ( 'NONE', *, *, #3157, .F. ) ;
#422 = DIRECTION ( 'NONE',  ( 0.000000000000000000, 0.000000000000000000, 1.000000000000000000 ) ) ;
#423 = DIRECTION ( 'NONE',  ( 1.000000000000000000, 0.000000000000000000, 0.000000000000000000 ) ) ;
#424 = DIRECTION ( 'NONE',  ( -0.000000000000000000, -1.000000000000000000, -0.000000000000000000 ) ) ;
#425 = ORIENTED_EDGE ( 'NONE', *, *, #3674, .T. ) ;
#426 = ORIENTED_EDGE ( 'NONE', *, *, #2775, .T. ) ;
#427 = DIRECTION ( 'NONE',  ( 0.000000000000000000, 1.000000000000000000, 0.000000000000000000 ) ) ;
#428 = CARTESIAN_POINT ( 'NONE',  ( 0.000000000000000000, 0.000000000000000000, 214.0000000000000000 ) ) ;
#429 = EDGE_CURVE ( 'NONE', #3992, #910, #3521, .T. ) ;
#430 = ORIENTED_EDGE ( 'NONE', *, *, #2538, .F. ) ;
#431 = CARTESIAN_POINT ( 'NONE',  ( 70.00000000000000000, 104.5000000000000000, 262.0000000000000000 ) ) ;
#432 = ORIENTED_EDGE ( 'NONE', *, *, #1981, .T. ) ;
#433 = CARTESIAN_POINT ( 'NONE',  ( -70.00000000000000000, 100.4999999999999858, 5.000000000000000000 ) ) ;
#434 = VECTOR ( 'NONE', #3246, 1000.000000000000000 ) ;
#435 = VECTOR ( 'NONE', #354, 1000.000000000000000 ) ;
#436 = CIRCLE ( 'NONE', #1913, 1.700000000000007061 ) ;
#437 = DIRECTION ( 'NONE',  ( -0.000000000000000000, -1.000000000000000000, -0.000000000000000000 ) ) ;
#438 = ORIENTED_EDGE ( 'NONE', *, *, #1924, .F. ) ;
#439 = CARTESIAN_POINT ( 'NONE',  ( 16.50000000000000355, -100.4999999999999858, 242.5788383248864761 ) ) ;
#440 = CARTESIAN_POINT ( 'NONE',  ( 57.25000000000000711, 90.50000000000000000, 5.000000000000000000 ) ) ;
#441 = CARTESIAN_POINT ( 'NONE',  ( -50.50000000000000000, 100.9999999999999858, 95.00000000000000000 ) ) ;
#442 = AXIS2_PLACEMENT_3D ( 'NONE', #1735, #1760, #12 ) ;
#443 = PRODUCT_DEFINITION ( 'UNKNOWN', '', #2510, #1443 ) ;
#444 = DIRECTION ( 'NONE',  ( 0.000000000000000000, 0.000000000000000000, 1.000000000000000000 ) ) ;
#445 = DIRECTION ( 'NONE',  ( -0.000000000000000000, -1.000000000000000000, -0.000000000000000000 ) ) ;
#446 = CARTESIAN_POINT ( 'NONE',  ( 11.50000000000000178, -19.91858428704208706, 5.000000000000000000 ) ) ;
#447 = ORIENTED_EDGE ( 'NONE', *, *, #3837, .F. ) ;
#448 = EDGE_CURVE ( 'NONE', #340, #1996, #2982, .T. ) ;
#449 = VERTEX_POINT ( 'NONE', #2493 ) ;
#450 = CARTESIAN_POINT ( 'NONE',  ( -69.49999999999998579, 100.4999999999999858, 0.000000000000000000 ) ) ;
#451 = CARTESIAN_POINT ( 'NONE',  ( 60.00000000000000711, -90.50000000000000000, 0.000000000000000000 ) ) ;
#452 = VERTEX_POINT ( 'NONE', #1103 ) ;
#453 = EDGE_LOOP ( 'NONE', ( #1586, #865, #1665, #3828 ) ) ;
#454 = DIRECTION ( 'NONE',  ( -1.000000000000000000, 0.000000000000000000, 0.000000000000000000 ) ) ;
#455 = LINE ( 'NONE', #3178, #3072 ) ;
#456 = FACE_OUTER_BOUND ( 'NONE', #3335, .T. ) ;
#457 = AXIS2_PLACEMENT_3D ( 'NONE', #3303, #1030, #4056 ) ;
#458 = FACE_OUTER_BOUND ( 'NONE', #3659, .T. ) ;
#459 = CARTESIAN_POINT ( 'NONE',  ( 70.00000000000000000, 104.5000000000000000, 262.0000000000000000 ) ) ;
#460 = AXIS2_PLACEMENT_3D ( 'NONE', #1775, #1125, #2513 ) ;
#461 = CARTESIAN_POINT ( 'NONE',  ( -21.30000000000000071, 3.024877593893962183E-15, 5.000000000000000000 ) ) ;
#462 = CARTESIAN_POINT ( 'NONE',  ( -70.00000000000000000, 80.50000000000000000, 214.0000000000000000 ) ) ;
#463 = LINE ( 'NONE', #1497, #599 ) ;
#464 = ORIENTED_EDGE ( 'NONE', *, *, #1656, .F. ) ;
#465 = EDGE_LOOP ( 'NONE', ( #3741, #909, #967, #4027, #2751, #3802 ) ) ;
#466 = ORIENTED_EDGE ( 'NONE', *, *, #150, .T. ) ;
#467 = CARTESIAN_POINT ( 'NONE',  ( 50.50000000000000000, 100.4999999999999432, 98.00000000000000000 ) ) ;
#468 = EDGE_CURVE ( 'NONE', #4052, #839, #4194, .T. ) ;
#469 = ADVANCED_FACE ( 'NONE', ( #734 ), #401, .F. ) ;
#470 = ORIENTED_EDGE ( 'NONE', *, *, #3504, .T. ) ;
#471 = VERTEX_POINT ( 'NONE', #4195 ) ;
#472 = LINE ( 'NONE', #433, #549 ) ;
#473 = CARTESIAN_POINT ( 'NONE',  ( 50.00000000000000000, 80.50000000000000000, 214.0000000000000000 ) ) ;
#474 = VECTOR ( 'NONE', #94, 1000.000000000000000 ) ;
#475 = DIRECTION ( 'NONE',  ( 1.000000000000000000, 0.000000000000000000, 0.000000000000000000 ) ) ;
#476 = CARTESIAN_POINT ( 'NONE',  ( 0.000000000000000000, -100.4999999999999858, 214.0000000000000000 ) ) ;
#477 = DIRECTION ( 'NONE',  ( -0.000000000000000000, -0.000000000000000000, -1.000000000000000000 ) ) ;
#478 = AXIS2_PLACEMENT_3D ( 'NONE', #3552, #4290, #2913 ) ;
#479 = DIRECTION ( 'NONE',  ( 0.000000000000000000, 0.000000000000000000, 1.000000000000000000 ) ) ;
#480 = PLANE ( 'NONE',  #262 ) ;
#481 = AXIS2_PLACEMENT_3D ( 'NONE', #2048, #65, #3473 ) ;
#482 = CARTESIAN_POINT ( 'NONE',  ( 62.75000000000000000, -90.50000000000000000, 5.000000000000000000 ) ) ;
#483 = ORIENTED_EDGE ( 'NONE', *, *, #3729, .T. ) ;
#484 = EDGE_LOOP ( 'NONE', ( #2322, #3167, #3511, #3489 ) ) ;
#485 = EDGE_LOOP ( 'NONE', ( #3641, #294, #1645, #860 ) ) ;
#486 = CARTESIAN_POINT ( 'NONE',  ( 16.50000000000000355, -100.4999999999999858, 244.2788383248864648 ) ) ;
#487 = ORIENTED_EDGE ( 'NONE', *, *, #1866, .F. ) ;
#488 = EDGE_LOOP ( 'NONE', ( #2897, #3927, #1113, #1569 ) ) ;
#489 = ADVANCED_FACE ( 'NONE', ( #1080 ), #2432, .F. ) ;
#490 = CARTESIAN_POINT ( 'NONE',  ( -69.49999999999998579, 91.50000000000001421, 218.0000000000000000 ) ) ;
#491 = ORIENTED_EDGE ( 'NONE', *, *, #208, .T. ) ;
#492 = EDGE_CURVE ( 'NONE', #822, #3955, #2815, .T. ) ;
#493 = LINE ( 'NONE', #4246, #1003 ) ;
#494 = DIRECTION ( 'NONE',  ( -1.000000000000000000, 0.000000000000000000, -0.000000000000000000 ) ) ;
#495 = ADVANCED_BREP_SHAPE_REPRESENTATION ( 'JX1_Torso', ( #4053, #4042, #4116, #2529, #1152, #3965, #3103 ), #256 ) ;
#496 = CARTESIAN_POINT ( 'NONE',  ( -74.00000000000000000, 0.000000000000000000, 235.0000000000000000 ) ) ;
#497 = AXIS2_PLACEMENT_3D ( 'NONE', #2472, #3464, #422 ) ;
#498 = EDGE_CURVE ( 'NONE', #3002, #2541, #2413, .T. ) ;
#499 = CARTESIAN_POINT ( 'NONE',  ( -8.062257748298545579, 100.4999999999999858, 218.0000000000000000 ) ) ;
#500 = CARTESIAN_POINT ( 'NONE',  ( -55.00000000000000711, 100.4999999999999858, 5.000000000000000000 ) ) ;
#501 = VECTOR ( 'NONE', #1229, 1000.000000000000000 ) ;
#502 = CARTESIAN_POINT ( 'NONE',  ( -31.30000000000000071, -100.4999999999999858, 214.0000000000000000 ) ) ;
#503 = DIRECTION ( 'NONE',  ( 0.000000000000000000, -0.000000000000000000, -1.000000000000000000 ) ) ;
#504 = ORIENTED_EDGE ( 'NONE', *, *, #2805, .F. ) ;
#505 = VERTEX_POINT ( 'NONE', #3836 ) ;
#506 = VECTOR ( 'NONE', #2866, 1000.000000000000000 ) ;
#507 = CARTESIAN_POINT ( 'NONE',  ( 23.00000000000000000, 0.000000000000000000, 5.000000000000000000 ) ) ;
#508 = DIRECTION ( 'NONE',  ( 1.000000000000000000, 0.000000000000000000, 0.000000000000000000 ) ) ;
#509 = ORIENTED_EDGE ( 'NONE', *, *, #689, .T. ) ;
#510 = CARTESIAN_POINT ( 'NONE',  ( -50.00000000000000000, 100.4999999999999858, 214.0000000000000000 ) ) ;
#511 = ADVANCED_FACE ( 'NONE', ( #2143, #3184, #1164, #4212, #240, #3283, #1185, #1914, #1582, #872, #1872, #2511 ), #3964, .F. ) ;
#512 = DIRECTION ( 'NONE',  ( 0.000000000000000000, 1.000000000000000000, 0.000000000000000000 ) ) ;
#513 = DIRECTION ( 'NONE',  ( 1.000000000000000000, -0.000000000000000000, -0.000000000000000000 ) ) ;
#514 = EDGE_CURVE ( 'NONE', #3921, #3001, #3876, .T. ) ;
#515 =( NAMED_UNIT ( * ) PLANE_ANGLE_UNIT ( ) SI_UNIT ( $, .RADIAN. ) );
#516 = DIRECTION ( 'NONE',  ( 0.000000000000000000, 0.000000000000000000, 1.000000000000000000 ) ) ;
#517 = VECTOR ( 'NONE', #1851, 1000.000000000000000 ) ;
#518 = DIRECTION ( 'NONE',  ( -0.000000000000000000, 0.000000000000000000, 1.000000000000000000 ) ) ;
#519 = CARTESIAN_POINT ( 'NONE',  ( 1.102182119232617714E-15, 104.5000000000000000, 223.0000000000000000 ) ) ;
#520 = DIRECTION ( 'NONE',  ( -1.000000000000000000, 0.000000000000000000, 0.000000000000000000 ) ) ;
#521 = LINE ( 'NONE', #2533, #3643 ) ;
#522 = ORIENTED_EDGE ( 'NONE', *, *, #4004, .F. ) ;
#523 = ORIENTED_EDGE ( 'NONE', *, *, #4288, .F. ) ;
#524 = CIRCLE ( 'NONE', #1309, 1.700000000000000178 ) ;
#525 = VERTEX_POINT ( 'NONE', #499 ) ;
#526 = DIRECTION ( 'NONE',  ( -0.000000000000000000, -1.000000000000000000, -0.000000000000000000 ) ) ;
#527 = LINE ( 'NONE', #289, #1552 ) ;
#528 = VECTOR ( 'NONE', #1538, 1000.000000000000000 ) ;
#529 = ADVANCED_FACE ( 'NONE', ( #2602 ), #3305, .F. ) ;
#530 = ORIENTED_EDGE ( 'NONE', *, *, #4241, .F. ) ;
#531 = VECTOR ( 'NONE', #1987, 1000.000000000000000 ) ;
#532 = ORIENTED_EDGE ( 'NONE', *, *, #3785, .F. ) ;
#533 = FACE_OUTER_BOUND ( 'NONE', #1242, .T. ) ;
#534 = FACE_OUTER_BOUND ( 'NONE', #1286, .T. ) ;
#535 = CARTESIAN_POINT ( 'NONE',  ( 70.00000000000000000, -100.4999999999999858, 5.000000000000000000 ) ) ;
#536 = CIRCLE ( 'NONE', #3036, 1.700000000000000178 ) ;
#537 = PERSON_AND_ORGANIZATION_ROLE ( 'creator' ) ;
#538 = DIRECTION ( 'NONE',  ( 0.000000000000000000, 1.000000000000000000, 0.000000000000000000 ) ) ;
#539 = ORIENTED_EDGE ( 'NONE', *, *, #2969, .F. ) ;
#540 = AXIS2_PLACEMENT_3D ( 'NONE', #2934, #236, #172 ) ;
#541 = EDGE_CURVE ( 'NONE', #2839, #2790, #564, .T. ) ;
#542 = EDGE_CURVE ( 'NONE', #1213, #3866, #2942, .T. ) ;
#543 = CARTESIAN_POINT ( 'NONE',  ( 16.50000000000000355, 100.4999999999999858, 183.7211616751135068 ) ) ;
#544 = CYLINDRICAL_SURFACE ( 'NONE', #1750, 1.700000000000000178 ) ;
#545 = LINE ( 'NONE', #857, #3100 ) ;
#546 = LINE ( 'NONE', #900, #3958 ) ;
#547 = ORIENTED_EDGE ( 'NONE', *, *, #2612, .T. ) ;
#548 = ORIENTED_EDGE ( 'NONE', *, *, #1858, .F. ) ;
#549 = VECTOR ( 'NONE', #3762, 1000.000000000000000 ) ;
#550 = VERTEX_POINT ( 'NONE', #543 ) ;
#551 = CARTESIAN_POINT ( 'NONE',  ( -70.00000000000000000, -100.4999999999999858, 5.000000000000000000 ) ) ;
#552 = VECTOR ( 'NONE', #1112, 1000.000000000000000 ) ;
#553 = FACE_BOUND ( 'NONE', #9, .T. ) ;
#554 = ORIENTED_EDGE ( 'NONE', *, *, #3710, .F. ) ;
#555 = ORIENTED_EDGE ( 'NONE', *, *, #1096, .F. ) ;
#556 = EDGE_CURVE ( 'NONE', #1280, #3544, #261, .T. ) ;
#557 = ORIENTED_EDGE ( 'NONE', *, *, #3175, .T. ) ;
#558 = ORIENTED_EDGE ( 'NONE', *, *, #681, .T. ) ;
#559 = DIRECTION ( 'NONE',  ( 1.000000000000000000, 0.000000000000000000, 0.000000000000000000 ) ) ;
#560 = FACE_BOUND ( 'NONE', #2153, .T. ) ;
#561 = PLANE ( 'NONE',  #194 ) ;
#562 = PERSON_AND_ORGANIZATION ( #1184, #3653 ) ;
#563 = DIRECTION ( 'NONE',  ( 1.000000000000000000, 0.000000000000000000, 0.000000000000000000 ) ) ;
#564 = LINE ( 'NONE', #3581, #3905 ) ;
#565 = CARTESIAN_POINT ( 'NONE',  ( 50.00000000000000000, -100.4999999999999858, 214.0000000000000000 ) ) ;
#566 = DIRECTION ( 'NONE',  ( 0.000000000000000000, 0.000000000000000000, 1.000000000000000000 ) ) ;
#567 = DIRECTION ( 'NONE',  ( 0.000000000000000000, 0.000000000000000000, -1.000000000000000000 ) ) ;
#568 = ORIENTED_EDGE ( 'NONE', *, *, #4384, .T. ) ;
#569 = AXIS2_PLACEMENT_3D ( 'NONE', #2589, #2299, #1617 ) ;
#570 = AXIS2_PLACEMENT_3D ( 'NONE', #3772, #1475, #3143 ) ;
#571 = ORIENTED_EDGE ( 'NONE', *, *, #2804, .F. ) ;
#572 = FACE_BOUND ( 'NONE', #2063, .T. ) ;
#573 = AXIS2_PLACEMENT_3D ( 'NONE', #2487, #3850, #3551 ) ;
#574 = LINE ( 'NONE', #3312, #2691 ) ;
#575 = EDGE_CURVE ( 'NONE', #1745, #1264, #436, .T. ) ;
#576 = EDGE_CURVE ( 'NONE', #2186, #2481, #836, .T. ) ;
#577 = ORIENTED_EDGE ( 'NONE', *, *, #1096, .T. ) ;
#578 = AXIS2_PLACEMENT_3D ( 'NONE', #473, #512, #4289 ) ;
#579 = EDGE_LOOP ( 'NONE', ( #950, #662, #2948, #430, #1148, #3881 ) ) ;
#580 = EDGE_LOOP ( 'NONE', ( #2274, #3946 ) ) ;
#581 = CARTESIAN_POINT ( 'NONE',  ( 11.50000000000000178, -19.91858428704208706, 5.000000000000000000 ) ) ;
#582 = ADVANCED_FACE ( 'NONE', ( #1251 ), #919, .F. ) ;
#583 = EDGE_CURVE ( 'NONE', #93, #1264, #2202, .T. ) ;
#584 = CARTESIAN_POINT ( 'NONE',  ( -16.50000000000001421, 100.4999999999999858, 242.5788383248864761 ) ) ;
#585 = CARTESIAN_POINT ( 'NONE',  ( 50.00000000000000000, -80.50000000000000000, 5.000000000000000000 ) ) ;
#586 = DIRECTION ( 'NONE',  ( 1.000000000000000000, 0.000000000000000000, 0.000000000000000000 ) ) ;
#587 = CARTESIAN_POINT ( 'NONE',  ( 0.000000000000000000, 100.4999999999999858, 0.000000000000000000 ) ) ;
#588 = CARTESIAN_POINT ( 'NONE',  ( 55.00000000000000711, -100.4999999999999858, 0.000000000000000000 ) ) ;
#589 = CARTESIAN_POINT ( 'NONE',  ( -23.00000000000000000, 2.816687638038912352E-15, 5.000000000000000000 ) ) ;
#590 = DIRECTION ( 'NONE',  ( 0.000000000000000000, 1.000000000000000000, 0.000000000000000000 ) ) ;
#591 = ORIENTED_EDGE ( 'NONE', *, *, #2065, .T. ) ;
#592 = EDGE_LOOP ( 'NONE', ( #4135, #5 ) ) ;
#593 = VECTOR ( 'NONE', #477, 1000.000000000000000 ) ;
#594 = FACE_BOUND ( 'NONE', #965, .T. ) ;
#595 = FACE_BOUND ( 'NONE', #3542, .T. ) ;
#596 = VECTOR ( 'NONE', #1420, 1000.000000000000000 ) ;
#597 = ORIENTED_EDGE ( 'NONE', *, *, #3276, .F. ) ;
#598 = ORIENTED_EDGE ( 'NONE', *, *, #845, .T. ) ;
#599 = VECTOR ( 'NONE', #4155, 1000.000000000000000 ) ;
#600 = EDGE_LOOP ( 'NONE', ( #3787, #3526, #2818, #2226 ) ) ;
#601 = ADVANCED_FACE ( 'NONE', ( #3940, #3630, #3606, #1852, #3220, #2267, #1515 ), #2245, .T. ) ;
#602 = EDGE_CURVE ( 'NONE', #1565, #3462, #2893, .T. ) ;
#603 = VERTEX_POINT ( 'NONE', #2530 ) ;
#604 = PLANE ( 'NONE',  #2397 ) ;
#605 = DIRECTION ( 'NONE',  ( 0.000000000000000000, -1.000000000000000000, 0.000000000000000000 ) ) ;
#606 = DIRECTION ( 'NONE',  ( -0.000000000000000000, -1.000000000000000000, -0.000000000000000000 ) ) ;
#607 = CARTESIAN_POINT ( 'NONE',  ( 50.00000000000000000, -100.4999999999999858, 5.000000000000000000 ) ) ;
#608 = DIRECTION ( 'NONE',  ( -0.000000000000000000, -1.000000000000000000, -0.000000000000000000 ) ) ;
#609 = CARTESIAN_POINT ( 'NONE',  ( -13.19999999999999396, 19.91858428704209061, 5.000000000000000000 ) ) ;
#610 = DIRECTION ( 'NONE',  ( 1.000000000000000000, 0.000000000000000000, 0.000000000000000000 ) ) ;
#611 = ORIENTED_EDGE ( 'NONE', *, *, #2334, .F. ) ;
#612 = AXIS2_PLACEMENT_3D ( 'NONE', #328, #2359, #3723 ) ;
#613 = ORIENTED_EDGE ( 'NONE', *, *, #3867, .T. ) ;
#614 = CARTESIAN_POINT ( 'NONE',  ( 31.30000000000000071, -100.4999999999999858, 214.0000000000000000 ) ) ;
#615 = VERTEX_POINT ( 'NONE', #1207 ) ;
#616 = FACE_BOUND ( 'NONE', #1234, .T. ) ;
#617 = CIRCLE ( 'NONE', #2884, 1.700000000000007061 ) ;
#618 = EDGE_LOOP ( 'NONE', ( #405, #2567 ) ) ;
#619 = ORIENTED_EDGE ( 'NONE', *, *, #3728, .F. ) ;
#620 = VECTOR ( 'NONE', #2194, 1000.000000000000000 ) ;
#621 = VERTEX_POINT ( 'NONE', #2555 ) ;
#622 = DIRECTION ( 'NONE',  ( 0.000000000000000000, 0.000000000000000000, 1.000000000000000000 ) ) ;
#623 = EDGE_CURVE ( 'NONE', #4002, #3002, #2357, .T. ) ;
#624 = EDGE_CURVE ( 'NONE', #1589, #3680, #984, .T. ) ;
#625 = DIRECTION ( 'NONE',  ( 0.000000000000000000, 0.000000000000000000, 1.000000000000000000 ) ) ;
#626 = CYLINDRICAL_SURFACE ( 'NONE', #4152, 2.749999999999995559 ) ;
#627 = EDGE_CURVE ( 'NONE', #29, #3079, #2647, .T. ) ;
#628 = CARTESIAN_POINT ( 'NONE',  ( -21.30000000000000071, 3.024877593893962183E-15, 0.000000000000000000 ) ) ;
#629 = FACE_OUTER_BOUND ( 'NONE', #3566, .T. ) ;
#630 = FACE_OUTER_BOUND ( 'NONE', #3147, .T. ) ;
#631 = DIRECTION ( 'NONE',  ( 1.000000000000000000, 0.000000000000000000, 0.000000000000000000 ) ) ;
#632 = ORIENTED_EDGE ( 'NONE', *, *, #4024, .T. ) ;
#633 = EDGE_LOOP ( 'NONE', ( #2349, #3734, #1951, #179 ) ) ;
#634 = CARTESIAN_POINT ( 'NONE',  ( 33.00000000000000000, -104.5000000000000000, 212.2999999999999829 ) ) ;
#635 = ORIENTED_EDGE ( 'NONE', *, *, #2109, .T. ) ;
#636 = DIRECTION ( 'NONE',  ( -0.000000000000000000, -1.000000000000000000, -0.000000000000000000 ) ) ;
#637 = VECTOR ( 'NONE', #2433, 1000.000000000000000 ) ;
#638 = CARTESIAN_POINT ( 'NONE',  ( -11.50000000000001066, -19.91858428704208350, 5.000000000000000000 ) ) ;
#639 = EDGE_LOOP ( 'NONE', ( #1614, #1454, #2129, #1521 ) ) ;
#640 = VECTOR ( 'NONE', #904, 1000.000000000000000 ) ;
#641 = ORIENTED_EDGE ( 'NONE', *, *, #3736, .F. ) ;
#642 = ORIENTED_EDGE ( 'NONE', *, *, #1092, .T. ) ;
#643 = DIRECTION ( 'NONE',  ( 1.000000000000000000, 0.000000000000000000, 0.000000000000000000 ) ) ;
#644 = EDGE_LOOP ( 'NONE', ( #3020, #2115 ) ) ;
#645 = CARTESIAN_POINT ( 'NONE',  ( -33.00000000000000000, -100.9999999999999858, 214.0000000000000000 ) ) ;
#646 = CIRCLE ( 'NONE', #3151, 1.700000000000000178 ) ;
#647 = VERTEX_POINT ( 'NONE', #628 ) ;
#648 = FACE_OUTER_BOUND ( 'NONE', #319, .T. ) ;
#649 = CALENDAR_DATE ( 2026, 24, 9 ) ;
#650 = DIRECTION ( 'NONE',  ( 0.000000000000000000, 0.000000000000000000, -1.000000000000000000 ) ) ;
#651 = CARTESIAN_POINT ( 'NONE',  ( 24.69999999999999929, 2.081899558550500526E-16, 5.000000000000000000 ) ) ;
#652 = ADVANCED_FACE ( 'NONE', ( #2290 ), #3722, .F. ) ;
#653 = DIRECTION ( 'NONE',  ( 1.000000000000000000, 0.000000000000000000, 0.000000000000000000 ) ) ;
#654 = DIRECTION ( 'NONE',  ( 0.000000000000000000, 1.000000000000000000, 0.000000000000000000 ) ) ;
#655 = CARTESIAN_POINT ( 'NONE',  ( -50.00000000000000000, 100.4999999999999858, 5.000000000000000000 ) ) ;
#656 = VERTEX_POINT ( 'NONE', #3745 ) ;
#657 = VERTEX_POINT ( 'NONE', #1274 ) ;
#658 = LINE ( 'NONE', #2016, #435 ) ;
#659 = CARTESIAN_POINT ( 'NONE',  ( -70.00000000000000000, 100.4999999999999858, 262.0000000000000000 ) ) ;
#660 = EDGE_CURVE ( 'NONE', #3420, #127, #4060, .T. ) ;
#661 = DIRECTION ( 'NONE',  ( 1.000000000000000000, 0.000000000000000000, 0.000000000000000000 ) ) ;
#662 = ORIENTED_EDGE ( 'NONE', *, *, #1637, .T. ) ;
#663 = APPLICATION_CONTEXT ( 'configuration controlled 3d designs of mechanical parts and assemblies' ) ;
#664 = VECTOR ( 'NONE', #352, 1000.000000000000000 ) ;
#665 = ORIENTED_EDGE ( 'NONE', *, *, #1788, .T. ) ;
#666 = ORIENTED_EDGE ( 'NONE', *, *, #2119, .F. ) ;
#667 = CYLINDRICAL_SURFACE ( 'NONE', #442, 1.700000000000007061 ) ;
#668 = ADVANCED_FACE ( 'NONE', ( #1368 ), #1985, .F. ) ;
#669 = VECTOR ( 'NONE', #4172, 1000.000000000000000 ) ;
#670 = EDGE_LOOP ( 'NONE', ( #737, #201 ) ) ;
#671 = DIRECTION ( 'NONE',  ( 0.000000000000000000, 0.000000000000000000, 1.000000000000000000 ) ) ;
#672 = VECTOR ( 'NONE', #4108, 1000.000000000000000 ) ;
#673 = DIRECTION ( 'NONE',  ( -0.000000000000000000, -1.000000000000000000, -0.000000000000000000 ) ) ;
#674 = AXIS2_PLACEMENT_3D ( 'NONE', #3967, #4012, #1701 ) ;
#675 = DIRECTION ( 'NONE',  ( 0.000000000000000000, 0.000000000000000000, 1.000000000000000000 ) ) ;
#676 = CIRCLE ( 'NONE', #3304, 9.000000000000007105 ) ;
#677 = DIRECTION ( 'NONE',  ( -0.000000000000000000, -1.000000000000000000, -0.000000000000000000 ) ) ;
#678 = CARTESIAN_POINT ( 'NONE',  ( -70.00000000000000000, -100.4999999999999858, 5.000000000000000000 ) ) ;
#679 = DIRECTION ( 'NONE',  ( -1.000000000000000000, 0.000000000000000000, 0.000000000000000000 ) ) ;
#680 = DIRECTION ( 'NONE',  ( -0.7071067811865474617, 0.7071067811865474617, 0.000000000000000000 ) ) ;
#681 = EDGE_CURVE ( 'NONE', #839, #550, #3699, .T. ) ;
#682 = ORIENTED_EDGE ( 'NONE', *, *, #1981, .F. ) ;
#683 = PLANE ( 'NONE',  #3979 ) ;
#684 = DIRECTION ( 'NONE',  ( 0.7071067811865474617, 0.7071067811865474617, 0.000000000000000000 ) ) ;
#685 = CARTESIAN_POINT ( 'NONE',  ( -70.00000000000000000, -80.50000000000000000, 214.0000000000000000 ) ) ;
#686 = ORIENTED_EDGE ( 'NONE', *, *, #3582, .F. ) ;
#687 = CIRCLE ( 'NONE', #3517, 1.700000000000007061 ) ;
#688 = VERTEX_POINT ( 'NONE', #2314 ) ;
#689 = EDGE_CURVE ( 'NONE', #4139, #1737, #1607, .T. ) ;
#690 = VERTEX_POINT ( 'NONE', #607 ) ;
#691 = VERTEX_POINT ( 'NONE', #281 ) ;
#692 = AXIS2_PLACEMENT_3D ( 'NONE', #1100, #2488, #475 ) ;
#693 = UNCERTAINTY_MEASURE_WITH_UNIT (LENGTH_MEASURE( 1.000000000000000082E-05 ), #238, 'distance_accuracy_value', 'NONE');
#694 = PLANE ( 'NONE',  #4324 ) ;
#695 = ORIENTED_EDGE ( 'NONE', *, *, #3439, .F. ) ;
#696 = FACE_BOUND ( 'NONE', #4037, .T. ) ;
#697 = VECTOR ( 'NONE', #1180, 1000.000000000000000 ) ;
#698 = VECTOR ( 'NONE', #866, 1000.000000000000000 ) ;
#699 = DIRECTION ( 'NONE',  ( 0.000000000000000000, -0.000000000000000000, -1.000000000000000000 ) ) ;
#700 = CARTESIAN_POINT ( 'NONE',  ( 23.00000000000000000, 0.000000000000000000, 5.000000000000000000 ) ) ;
#701 = PLANE ( 'NONE',  #2777 ) ;
#702 = CARTESIAN_POINT ( 'NONE',  ( -8.999999999999998224, -100.9999999999999858, 214.0000000000000000 ) ) ;
#703 = DIRECTION ( 'NONE',  ( -0.000000000000000000, -0.000000000000000000, -1.000000000000000000 ) ) ;
#704 = DIRECTION ( 'NONE',  ( 1.000000000000000000, 0.000000000000000000, 0.000000000000000000 ) ) ;
#705 = ORIENTED_EDGE ( 'NONE', *, *, #2714, .T. ) ;
#706 = EDGE_LOOP ( 'NONE', ( #3756, #1048, #4075, #1876 ) ) ;
#707 = CARTESIAN_POINT ( 'NONE',  ( 60.00000000000000711, 90.50000000000000000, 0.000000000000000000 ) ) ;
#708 = FACE_OUTER_BOUND ( 'NONE', #145, .T. ) ;
#709 = EDGE_CURVE ( 'NONE', #3250, #2393, #3210, .T. ) ;
#710 = CARTESIAN_POINT ( 'NONE',  ( -74.00000000000000000, -104.5000000000000000, 100.0000000000000000 ) ) ;
#711 = ORIENTED_EDGE ( 'NONE', *, *, #3963, .T. ) ;
#712 = ORIENTED_EDGE ( 'NONE', *, *, #3935, .F. ) ;
#713 = VERTEX_POINT ( 'NONE', #651 ) ;
#714 = AXIS2_PLACEMENT_3D ( 'NONE', #4206, #3871, #3196 ) ;
#715 = ORIENTED_EDGE ( 'NONE', *, *, #541, .F. ) ;
#716 = VECTOR ( 'NONE', #3825, 1000.000000000000000 ) ;
#717 = CARTESIAN_POINT ( 'NONE',  ( -10.00000000000000000, 0.000000000000000000, 218.0000000000000000 ) ) ;
#718 = VERTEX_POINT ( 'NONE', #3675 ) ;
#719 = EDGE_CURVE ( 'NONE', #1712, #615, #1341, .T. ) ;
#720 = LINE ( 'NONE', #3430, #552 ) ;
#721 = AXIS2_PLACEMENT_3D ( 'NONE', #1058, #3121, #3818 ) ;
#722 = EDGE_LOOP ( 'NONE', ( #1662, #3399, #591, #1304 ) ) ;
#723 = AXIS2_PLACEMENT_3D ( 'NONE', #4250, #195, #3538 ) ;
#724 = EDGE_CURVE ( 'NONE', #1619, #3427, #1627, .T. ) ;
#725 = FACE_OUTER_BOUND ( 'NONE', #485, .T. ) ;
#726 = EDGE_CURVE ( 'NONE', #1314, #1640, #3414, .T. ) ;
#727 = VECTOR ( 'NONE', #830, 1000.000000000000114 ) ;
#728 = CARTESIAN_POINT ( 'NONE',  ( 16.50000000000000355, 104.5000000000000000, 185.4211616751135239 ) ) ;
#729 = ORIENTED_EDGE ( 'NONE', *, *, #3268, .F. ) ;
#730 = DIRECTION ( 'NONE',  ( 0.000000000000000000, -0.000000000000000000, -1.000000000000000000 ) ) ;
#731 = EDGE_CURVE ( 'NONE', #2903, #2211, #3369, .T. ) ;
#732 = CARTESIAN_POINT ( 'NONE',  ( -70.00000000000000000, -100.4999999999999858, 262.0000000000000000 ) ) ;
#733 = FACE_OUTER_BOUND ( 'NONE', #1972, .T. ) ;
#734 = FACE_OUTER_BOUND ( 'NONE', #404, .T. ) ;
#735 = LINE ( 'NONE', #659, #2261 ) ;
#736 = CARTESIAN_POINT ( 'NONE',  ( -70.00000000000000000, 104.5000000000000000, 100.0000000000000000 ) ) ;
#737 = ORIENTED_EDGE ( 'NONE', *, *, #4057, .T. ) ;
#738 = ORIENTED_EDGE ( 'NONE', *, *, #348, .F. ) ;
#739 = EDGE_LOOP ( 'NONE', ( #2610, #2098, #3078, #2089 ) ) ;
#740 = CARTESIAN_POINT ( 'NONE',  ( 70.00000000000000000, 85.49999999999998579, 5.000000000000000000 ) ) ;
#741 = ORIENTED_EDGE ( 'NONE', *, *, #1288, .F. ) ;
#742 = DIRECTION ( 'NONE',  ( 0.000000000000000000, -0.000000000000000000, -1.000000000000000000 ) ) ;
#743 = EDGE_CURVE ( 'NONE', #1657, #3928, #2626, .T. ) ;
#744 = CIRCLE ( 'NONE', #2861, 10.00000000000000000 ) ;
#745 = DIRECTION ( 'NONE',  ( -0.7071067811865477948, -0.7071067811865473507, 0.000000000000000000 ) ) ;
#746 = VECTOR ( 'NONE', #2161, 1000.000000000000000 ) ;
#747 = EDGE_CURVE ( 'NONE', #1565, #1314, #1294, .T. ) ;
#748 = CIRCLE ( 'NONE', #2727, 1.700000000000000178 ) ;
#749 = DIRECTION ( 'NONE',  ( 0.000000000000000000, 0.000000000000000000, 1.000000000000000000 ) ) ;
#750 = VERTEX_POINT ( 'NONE', #1 ) ;
#751 = DIRECTION ( 'NONE',  ( 0.000000000000000000, 0.000000000000000000, 1.000000000000000000 ) ) ;
#752 = CARTESIAN_POINT ( 'NONE',  ( -33.00000000000000000, -104.5000000000000000, 215.6999999999999886 ) ) ;
#753 = DIRECTION ( 'NONE',  ( 0.000000000000000000, 1.000000000000000000, 0.000000000000000000 ) ) ;
#754 = ORIENTED_EDGE ( 'NONE', *, *, #4117, .F. ) ;
#755 = VECTOR ( 'NONE', #3498, 1000.000000000000000 ) ;
#756 = CARTESIAN_POINT ( 'NONE',  ( -70.00000000000000000, 85.49999999999998579, 5.000000000000000000 ) ) ;
#757 = CARTESIAN_POINT ( 'NONE',  ( 7.000000000000000000, 8.572527594031473190E-16, 5.000000000000000000 ) ) ;
#758 = DIRECTION ( 'NONE',  ( 0.000000000000000000, 0.000000000000000000, 1.000000000000000000 ) ) ;
#759 = ORIENTED_EDGE ( 'NONE', *, *, #2854, .T. ) ;
#760 = VERTEX_POINT ( 'NONE', #302 ) ;
#761 = ORIENTED_EDGE ( 'NONE', *, *, #2798, .T. ) ;
#762 = DIRECTION ( 'NONE',  ( 1.000000000000000000, 0.000000000000000000, 0.000000000000000000 ) ) ;
#763 = ORIENTED_EDGE ( 'NONE', *, *, #2548, .F. ) ;
#764 = AXIS2_PLACEMENT_3D ( 'NONE', #1124, #445, #1104 ) ;
#765 = LINE ( 'NONE', #431, #4028 ) ;
#766 = ORIENTED_EDGE ( 'NONE', *, *, #983, .F. ) ;
#767 = DIRECTION ( 'NONE',  ( -1.000000000000000000, 0.000000000000000000, 0.000000000000000000 ) ) ;
#768 = CIRCLE ( 'NONE', #2744, 1.700000000000007061 ) ;
#769 = ADVANCED_FACE ( 'NONE', ( #3013 ), #701, .F. ) ;
#770 = VECTOR ( 'NONE', #2686, 1000.000000000000000 ) ;
#771 = LINE ( 'NONE', #2828, #2266 ) ;
#772 = ORIENTED_EDGE ( 'NONE', *, *, #2452, .T. ) ;
#773 = FACE_OUTER_BOUND ( 'NONE', #2794, .T. ) ;
#774 = EDGE_CURVE ( 'NONE', #932, #4168, #4145, .T. ) ;
#775 = DIRECTION ( 'NONE',  ( -0.000000000000000000, -0.000000000000000000, -1.000000000000000000 ) ) ;
#776 = LINE ( 'NONE', #3499, #2646 ) ;
#777 = CARTESIAN_POINT ( 'NONE',  ( 16.50000000000000355, 104.5000000000000000, 185.4211616751135239 ) ) ;
#778 = DIRECTION ( 'NONE',  ( 0.000000000000000000, 0.000000000000000000, 1.000000000000000000 ) ) ;
#779 = DIRECTION ( 'NONE',  ( 0.000000000000000000, 1.000000000000000000, 0.000000000000000000 ) ) ;
#780 = EDGE_CURVE ( 'NONE', #1636, #3248, #3486, .T. ) ;
#781 = ORIENTED_EDGE ( 'NONE', *, *, #1417, .T. ) ;
#782 = ADVANCED_FACE ( 'NONE', ( #392 ), #1722, .F. ) ;
#783 = EDGE_LOOP ( 'NONE', ( #2421, #2013, #1940, #996 ) ) ;
#784 = DIRECTION ( 'NONE',  ( -1.000000000000000000, 0.000000000000000000, 0.000000000000000000 ) ) ;
#785 = LINE ( 'NONE', #2439, #930 ) ;
#786 = LINE ( 'NONE', #1383, #1183 ) ;
#787 = ORIENTED_EDGE ( 'NONE', *, *, #3468, .T. ) ;
#788 = DIRECTION ( 'NONE',  ( 1.000000000000000000, 0.000000000000000000, 0.000000000000000000 ) ) ;
#789 = AXIS2_PLACEMENT_3D ( 'NONE', #3974, #3290, #946 ) ;
#790 = AXIS2_PLACEMENT_3D ( 'NONE', #1015, #1658, #4369 ) ;
#791 = AXIS2_PLACEMENT_3D ( 'NONE', #47, #1809, #1432 ) ;
#792 = CARTESIAN_POINT ( 'NONE',  ( -9.799999999999993605, 19.91858428704209061, 5.000000000000000000 ) ) ;
#793 = FACE_OUTER_BOUND ( 'NONE', #2835, .T. ) ;
#794 = DIRECTION ( 'NONE',  ( 0.000000000000000000, 1.000000000000000000, 0.000000000000000000 ) ) ;
#795 = DIRECTION ( 'NONE',  ( 1.000000000000000000, 0.000000000000000000, 0.000000000000000000 ) ) ;
#796 = AXIS2_PLACEMENT_3D ( 'NONE', #3534, #2178, #2933 ) ;
#797 = LINE ( 'NONE', #1835, #16 ) ;
#798 = DIRECTION ( 'NONE',  ( 0.000000000000000000, 0.000000000000000000, 1.000000000000000000 ) ) ;
#799 = CARTESIAN_POINT ( 'NONE',  ( 70.00000000000000000, 91.00000000000000000, 218.0000000000000000 ) ) ;
#800 = ORIENTED_EDGE ( 'NONE', *, *, #3861, .F. ) ;
#801 = ORIENTED_EDGE ( 'NONE', *, *, #1930, .F. ) ;
#802 = EDGE_CURVE ( 'NONE', #2677, #4351, #135, .T. ) ;
#803 = PLANE ( 'NONE',  #3763 ) ;
#804 = CARTESIAN_POINT ( 'NONE',  ( -70.00000000000000000, -100.4999999999999858, 100.0000000000000000 ) ) ;
#805 = ORIENTED_EDGE ( 'NONE', *, *, #3729, .F. ) ;
#806 = EDGE_LOOP ( 'NONE', ( #3071, #3904, #2354, #84, #1346, #1256, #1044, #2971 ) ) ;
#807 = ADVANCED_FACE ( 'NONE', ( #1075 ), #1453, .F. ) ;
#808 = CARTESIAN_POINT ( 'NONE',  ( 0.000000000000000000, -100.4999999999999858, 95.00000000000000000 ) ) ;
#809 = VECTOR ( 'NONE', #987, 1000.000000000000000 ) ;
#810 = DIRECTION ( 'NONE',  ( -0.000000000000000000, -0.000000000000000000, -1.000000000000000000 ) ) ;
#811 = CARTESIAN_POINT ( 'NONE',  ( -11.50000000000001066, -19.91858428704208350, 0.000000000000000000 ) ) ;
#812 = AXIS2_PLACEMENT_3D ( 'NONE', #214, #3236, #2218 ) ;
#813 = DIRECTION ( 'NONE',  ( -1.000000000000000000, 0.000000000000000000, 0.000000000000000000 ) ) ;
#814 = DIRECTION ( 'NONE',  ( 0.000000000000000000, 1.000000000000000000, 0.000000000000000000 ) ) ;
#815 = AXIS2_PLACEMENT_3D ( 'NONE', #3685, #3424, #1060 ) ;
#816 = PLANE ( 'NONE',  #4256 ) ;
#817 = CARTESIAN_POINT ( 'NONE',  ( 70.00000000000000000, -104.5000000000000000, 262.0000000000000000 ) ) ;
#818 = DIRECTION ( 'NONE',  ( -0.7071067811865473507, -0.7071067811865477948, 0.000000000000000000 ) ) ;
#819 = ORIENTED_EDGE ( 'NONE', *, *, #2273, .T. ) ;
#820 = AXIS2_PLACEMENT_3D ( 'NONE', #4208, #3479, #3459 ) ;
#821 = EDGE_CURVE ( 'NONE', #1636, #3777, #1098, .T. ) ;
#822 = VERTEX_POINT ( 'NONE', #1118 ) ;
#823 = ORIENTED_EDGE ( 'NONE', *, *, #2477, .T. ) ;
#824 = FACE_OUTER_BOUND ( 'NONE', #4277, .T. ) ;
#825 = EDGE_CURVE ( 'NONE', #3001, #4351, #646, .T. ) ;
#826 = ORIENTED_EDGE ( 'NONE', *, *, #4210, .F. ) ;
#827 = CIRCLE ( 'NONE', #1247, 1.700000000000007061 ) ;
#828 = CARTESIAN_POINT ( 'NONE',  ( 70.00000000000000000, -91.00000000000000000, 218.0000000000000000 ) ) ;
#829 = EDGE_CURVE ( 'NONE', #3055, #1758, #2738, .T. ) ;
#830 = DIRECTION ( 'NONE',  ( -0.7071067811865474617, -0.7071067811865474617, 0.000000000000000000 ) ) ;
#831 = VECTOR ( 'NONE', #3648, 1000.000000000000000 ) ;
#832 = CARTESIAN_POINT ( 'NONE',  ( 50.00000000000000000, 100.4999999999999858, 5.000000000000000000 ) ) ;
#833 = CARTESIAN_POINT ( 'NONE',  ( 0.000000000000000000, 100.4999999999999858, 214.0000000000000000 ) ) ;
#834 = CARTESIAN_POINT ( 'NONE',  ( 0.000000000000000000, -104.5000000000000000, 214.0000000000000000 ) ) ;
#835 = VECTOR ( 'NONE', #3059, 1000.000000000000000 ) ;
#836 = LINE ( 'NONE', #3893, #3419 ) ;
#837 = LINE ( 'NONE', #158, #2814 ) ;
#838 = LINE ( 'NONE', #3540, #2369 ) ;
#839 = VERTEX_POINT ( 'NONE', #4167 ) ;
#840 = EDGE_LOOP ( 'NONE', ( #1441, #2733, #3272, #4215 ) ) ;
#841 = CARTESIAN_POINT ( 'NONE',  ( -16.49999999999999289, -104.5000000000000000, 185.4211616751135239 ) ) ;
#842 = DIRECTION ( 'NONE',  ( 0.000000000000000000, 1.000000000000000000, 0.000000000000000000 ) ) ;
#843 = ORIENTED_EDGE ( 'NONE', *, *, #4384, .F. ) ;
#844 = EDGE_CURVE ( 'NONE', #3444, #1878, #771, .T. ) ;
#845 = EDGE_CURVE ( 'NONE', #1882, #1057, #368, .T. ) ;
#846 = LINE ( 'NONE', #510, #698 ) ;
#847 = EDGE_CURVE ( 'NONE', #1298, #4025, #415, .T. ) ;
#848 = ADVANCED_FACE ( 'NONE', ( #1052 ), #3830, .F. ) ;
#849 = VECTOR ( 'NONE', #1349, 1000.000000000000000 ) ;
#850 = FACE_BOUND ( 'NONE', #3822, .T. ) ;
#851 = CYLINDRICAL_SURFACE ( 'NONE', #478, 12.50000000000000000 ) ;
#852 = COORDINATED_UNIVERSAL_TIME_OFFSET ( 5, 30, .AHEAD. ) ;
#853 = CARTESIAN_POINT ( 'NONE',  ( -16.49999999999999289, 104.5000000000000000, 187.1211616751135409 ) ) ;
#854 = DIRECTION ( 'NONE',  ( 0.000000000000000000, -1.000000000000000000, 0.000000000000000000 ) ) ;
#855 = DIRECTION ( 'NONE',  ( 0.000000000000000000, -1.000000000000000000, 0.000000000000000000 ) ) ;
#856 = VECTOR ( 'NONE', #4125, 1000.000000000000000 ) ;
#857 = CARTESIAN_POINT ( 'NONE',  ( 0.000000000000000000, 100.4999999999999858, 214.0000000000000000 ) ) ;
#858 = CARTESIAN_POINT ( 'NONE',  ( -74.00000000000000000, 104.5000000000000000, 262.0000000000000000 ) ) ;
#859 = VERTEX_POINT ( 'NONE', #2158 ) ;
#860 = ORIENTED_EDGE ( 'NONE', *, *, #193, .F. ) ;
#861 = CARTESIAN_POINT ( 'NONE',  ( -13.20000000000000995, -19.91858428704208350, 5.000000000000000000 ) ) ;
#862 = FACE_BOUND ( 'NONE', #1547, .T. ) ;
#863 = EDGE_LOOP ( 'NONE', ( #146, #3929, #3622, #2907 ) ) ;
#864 = ORIENTED_EDGE ( 'NONE', *, *, #934, .F. ) ;
#865 = ORIENTED_EDGE ( 'NONE', *, *, #802, .T. ) ;
#866 = DIRECTION ( 'NONE',  ( -0.000000000000000000, -0.000000000000000000, -1.000000000000000000 ) ) ;
#867 = EDGE_CURVE ( 'NONE', #306, #2282, #3766, .T. ) ;
#868 = DIRECTION ( 'NONE',  ( 0.000000000000000000, -0.000000000000000000, 1.000000000000000000 ) ) ;
#869 = DIRECTION ( 'NONE',  ( 1.000000000000000000, 0.000000000000000000, 0.000000000000000000 ) ) ;
#870 = DATE_AND_TIME ( #3913, #1387 ) ;
#871 = FACE_OUTER_BOUND ( 'NONE', #1359, .T. ) ;
#872 = FACE_BOUND ( 'NONE', #3191, .T. ) ;
#873 = CARTESIAN_POINT ( 'NONE',  ( 62.75000000000000000, 90.50000000000000000, 5.000000000000000000 ) ) ;
#874 = CARTESIAN_POINT ( 'NONE',  ( 0.000000000000000000, 0.000000000000000000, 5.000000000000000000 ) ) ;
#875 = CARTESIAN_POINT ( 'NONE',  ( 8.062257748298545579, -100.4999999999999858, 218.0000000000000000 ) ) ;
#876 = EDGE_LOOP ( 'NONE', ( #2662, #3017 ) ) ;
#877 = ORIENTED_EDGE ( 'NONE', *, *, #2395, .F. ) ;
#878 = EDGE_CURVE ( 'NONE', #2041, #2802, #2138, .T. ) ;
#879 = CIRCLE ( 'NONE', #1804, 9.000000000000007105 ) ;
#880 = VERTEX_POINT ( 'NONE', #3809 ) ;
#881 = CARTESIAN_POINT ( 'NONE',  ( -12.50000000000000000, 0.000000000000000000, 95.00000000000000000 ) ) ;
#882 = CARTESIAN_POINT ( 'NONE',  ( 10.00000000000000000, 1.224646799147353256E-15, 218.0000000000000000 ) ) ;
#883 = VECTOR ( 'NONE', #122, 1000.000000000000000 ) ;
#884 = ORIENTED_EDGE ( 'NONE', *, *, #3129, .F. ) ;
#885 = CC_DESIGN_APPROVAL ( #3264, ( #443 ) ) ;
#886 = ORIENTED_EDGE ( 'NONE', *, *, #1139, .F. ) ;
#887 = VERTEX_POINT ( 'NONE', #70 ) ;
#888 = DIRECTION ( 'NONE',  ( 1.000000000000000000, 0.000000000000000000, -0.000000000000000000 ) ) ;
#889 = CARTESIAN_POINT ( 'NONE',  ( 60.00000000000000711, 90.50000000000000000, 5.000000000000000000 ) ) ;
#890 = EDGE_CURVE ( 'NONE', #295, #4264, #2342, .T. ) ;
#891 = CARTESIAN_POINT ( 'NONE',  ( 70.00000000000000000, 104.5000000000000000, 262.0000000000000000 ) ) ;
#892 = VECTOR ( 'NONE', #1796, 1000.000000000000000 ) ;
#893 = PERSON_AND_ORGANIZATION_ROLE ( 'design_supplier' ) ;
#894 = CARTESIAN_POINT ( 'NONE',  ( 24.69999999999999929, 2.081899558550500526E-16, 0.000000000000000000 ) ) ;
#895 = CARTESIAN_POINT ( 'NONE',  ( -69.49999999999998579, 0.000000000000000000, 214.0000000000000000 ) ) ;
#896 = EDGE_CURVE ( 'NONE', #1061, #1216, #4186, .T. ) ;
#897 = EDGE_CURVE ( 'NONE', #1883, #1129, #455, .T. ) ;
#898 = DIRECTION ( 'NONE',  ( 0.000000000000000000, 1.000000000000000000, 0.000000000000000000 ) ) ;
#899 = CARTESIAN_POINT ( 'NONE',  ( 0.000000000000000000, 0.000000000000000000, 214.0000000000000000 ) ) ;
#900 = CARTESIAN_POINT ( 'NONE',  ( -70.00000000000000000, -85.49999999999998579, 5.000000000000000000 ) ) ;
#901 = ORIENTED_EDGE ( 'NONE', *, *, #53, .T. ) ;
#902 = AXIS2_PLACEMENT_3D ( 'NONE', #1484, #2930, #2236 ) ;
#903 = ORIENTED_EDGE ( 'NONE', *, *, #3674, .F. ) ;
#904 = DIRECTION ( 'NONE',  ( -0.000000000000000000, -1.000000000000000000, -0.000000000000000000 ) ) ;
#905 = VECTOR ( 'NONE', #1266, 1000.000000000000000 ) ;
#906 = EDGE_CURVE ( 'NONE', #4296, #4002, #18, .T. ) ;
#907 = CARTESIAN_POINT ( 'NONE',  ( -16.49999999999999289, 100.4999999999999858, 187.1211616751135409 ) ) ;
#908 = ADVANCED_FACE ( 'NONE', ( #534 ), #3254, .F. ) ;
#909 = ORIENTED_EDGE ( 'NONE', *, *, #1262, .T. ) ;
#910 = VERTEX_POINT ( 'NONE', #1157 ) ;
#911 = ORIENTED_EDGE ( 'NONE', *, *, #2614, .F. ) ;
#912 = CARTESIAN_POINT ( 'NONE',  ( -69.49999999999998579, 0.000000000000000000, 246.1499999999999773 ) ) ;
#913 = CARTESIAN_POINT ( 'NONE',  ( 50.50000000000000000, 100.4999999999999858, 0.000000000000000000 ) ) ;
#914 = CARTESIAN_POINT ( 'NONE',  ( 23.00000000000000000, 0.000000000000000000, 5.000000000000000000 ) ) ;
#915 = PERSON_AND_ORGANIZATION ( #1184, #3653 ) ;
#916 = CARTESIAN_POINT ( 'NONE',  ( 70.00000000000000000, -100.4999999999999858, 5.000000000000000000 ) ) ;
#917 = ORIENTED_EDGE ( 'NONE', *, *, #3815, .T. ) ;
#918 = AXIS2_PLACEMENT_3D ( 'NONE', #4046, #1067, #37 ) ;
#919 = CYLINDRICAL_SURFACE ( 'NONE', #998, 2.749999999999995559 ) ;
#920 = DIRECTION ( 'NONE',  ( 0.000000000000000000, 0.000000000000000000, 1.000000000000000000 ) ) ;
#921 = CARTESIAN_POINT ( 'NONE',  ( -16.49999999999999289, -104.5000000000000000, 183.7211616751135068 ) ) ;
#922 = DIRECTION ( 'NONE',  ( 0.000000000000000000, 0.000000000000000000, 1.000000000000000000 ) ) ;
#923 = ORIENTED_EDGE ( 'NONE', *, *, #3884, .F. ) ;
#924 = VECTOR ( 'NONE', #54, 1000.000000000000000 ) ;
#925 = EDGE_CURVE ( 'NONE', #1784, #1619, #235, .T. ) ;
#926 = ORIENTED_EDGE ( 'NONE', *, *, #2119, .T. ) ;
#927 = FACE_BOUND ( 'NONE', #4044, .T. ) ;
#928 = DIRECTION ( 'NONE',  ( -1.000000000000000000, -0.000000000000000000, -0.000000000000000000 ) ) ;
#929 = ORIENTED_EDGE ( 'NONE', *, *, #1221, .T. ) ;
#930 = VECTOR ( 'NONE', #2843, 1000.000000000000000 ) ;
#931 = ORIENTED_EDGE ( 'NONE', *, *, #1045, .F. ) ;
#932 = VERTEX_POINT ( 'NONE', #1831 ) ;
#933 = LINE ( 'NONE', #4078, #4238 ) ;
#934 = EDGE_CURVE ( 'NONE', #999, #2517, #151, .T. ) ;
#935 = CARTESIAN_POINT ( 'NONE',  ( 9.000000000000000000, -100.4999999999999858, 214.0000000000000000 ) ) ;
#936 = DIRECTION ( 'NONE',  ( 0.000000000000000000, 0.000000000000000000, 1.000000000000000000 ) ) ;
#937 = CARTESIAN_POINT ( 'NONE',  ( -69.49999999999998579, 91.50000000000001421, 218.0000000000000000 ) ) ;
#938 = DIRECTION ( 'NONE',  ( -0.000000000000000000, 0.000000000000000000, -1.000000000000000000 ) ) ;
#939 = DIRECTION ( 'NONE',  ( 1.000000000000000000, 0.000000000000000000, 0.000000000000000000 ) ) ;
#940 = FACE_OUTER_BOUND ( 'NONE', #2350, .T. ) ;
#941 = PLANE ( 'NONE',  #2360 ) ;
#942 = ORIENTED_EDGE ( 'NONE', *, *, #1880, .F. ) ;
#943 = ORIENTED_EDGE ( 'NONE', *, *, #3277, .T. ) ;
#944 = AXIS2_PLACEMENT_3D ( 'NONE', #2968, #3943, #2223 ) ;
#945 = DIRECTION ( 'NONE',  ( -1.000000000000000000, 0.000000000000000000, 0.000000000000000000 ) ) ;
#946 = DIRECTION ( 'NONE',  ( 0.000000000000000000, 0.000000000000000000, 1.000000000000000000 ) ) ;
#947 = ADVANCED_FACE ( 'NONE', ( #1888 ), #189, .F. ) ;
#948 = EDGE_CURVE ( 'NONE', #93, #1448, #3204, .T. ) ;
#949 = AXIS2_PLACEMENT_3D ( 'NONE', #2813, #138, #1161 ) ;
#950 = ORIENTED_EDGE ( 'NONE', *, *, #53, .F. ) ;
#951 = VECTOR ( 'NONE', #2324, 1000.000000000000000 ) ;
#952 = ORIENTED_EDGE ( 'NONE', *, *, #2548, .T. ) ;
#953 = ORIENTED_EDGE ( 'NONE', *, *, #1598, .F. ) ;
#954 = ADVANCED_FACE ( 'NONE', ( #1529, #1222, #850, #3933, #1553, #2889, #1574, #560 ), #2595, .F. ) ;
#955 = DIRECTION ( 'NONE',  ( 0.000000000000000000, 0.000000000000000000, 1.000000000000000000 ) ) ;
#956 = AXIS2_PLACEMENT_3D ( 'NONE', #1724, #3769, #1296 ) ;
#957 = CARTESIAN_POINT ( 'NONE',  ( -57.25000000000000000, -90.50000000000000000, 0.000000000000000000 ) ) ;
#958 = EDGE_CURVE ( 'NONE', #4182, #1732, #1843, .T. ) ;
#959 = CARTESIAN_POINT ( 'NONE',  ( -70.00000000000000000, -100.4999999999999858, 5.000000000000000000 ) ) ;
#960 = DIRECTION ( 'NONE',  ( -0.000000000000000000, -1.000000000000000000, -0.000000000000000000 ) ) ;
#961 = AXIS2_PLACEMENT_3D ( 'NONE', #2989, #3089, #3370 ) ;
#962 = LINE ( 'NONE', #3676, #3038 ) ;
#963 = DIRECTION ( 'NONE',  ( 0.000000000000000000, 0.000000000000000000, 1.000000000000000000 ) ) ;
#964 = CYLINDRICAL_SURFACE ( 'NONE', #2717, 1.700000000000007061 ) ;
#965 = EDGE_LOOP ( 'NONE', ( #4126, #1817 ) ) ;
#966 = AXIS2_PLACEMENT_3D ( 'NONE', #3768, #3788, #751 ) ;
#967 = ORIENTED_EDGE ( 'NONE', *, *, #4065, .F. ) ;
#968 = DIRECTION ( 'NONE',  ( 0.000000000000000000, 0.000000000000000000, 1.000000000000000000 ) ) ;
#969 = EDGE_LOOP ( 'NONE', ( #571, #917, #1019, #1973 ) ) ;
#970 = CARTESIAN_POINT ( 'NONE',  ( 33.00000000000000000, 100.9999999999999858, 214.0000000000000000 ) ) ;
#971 = VECTOR ( 'NONE', #1073, 1000.000000000000000 ) ;
#972 = ORIENTED_EDGE ( 'NONE', *, *, #2444, .F. ) ;
#973 = APPLICATION_CONTEXT ( 'configuration controlled 3d designs of mechanical parts and assemblies' ) ;
#974 = CIRCLE ( 'NONE', #1332, 1.700000000000007061 ) ;
#975 = ORIENTED_EDGE ( 'NONE', *, *, #1605, .F. ) ;
#976 = ORIENTED_EDGE ( 'NONE', *, *, #3347, .F. ) ;
#977 = CARTESIAN_POINT ( 'NONE',  ( 16.50000000000000355, -100.4999999999999858, 185.4211616751135239 ) ) ;
#978 = VERTEX_POINT ( 'NONE', #2238 ) ;
#979 = EDGE_CURVE ( 'NONE', #3806, #4067, #493, .T. ) ;
#980 = FACE_OUTER_BOUND ( 'NONE', #633, .T. ) ;
#981 = CYLINDRICAL_SURFACE ( 'NONE', #3569, 1.700000000000000178 ) ;
#982 = ADVANCED_FACE ( 'NONE', ( #3602 ), #1908, .F. ) ;
#983 = EDGE_CURVE ( 'NONE', #1761, #822, #1848, .T. ) ;
#984 = LINE ( 'NONE', #1963, #1847 ) ;
#985 = CARTESIAN_POINT ( 'NONE',  ( -70.00000000000000000, -85.49999999999998579, 5.000000000000000000 ) ) ;
#986 = CARTESIAN_POINT ( 'NONE',  ( 16.50000000000000355, 104.5000000000000000, 244.2788383248864648 ) ) ;
#987 = DIRECTION ( 'NONE',  ( -0.000000000000000000, -0.000000000000000000, -1.000000000000000000 ) ) ;
#988 = EDGE_LOOP ( 'NONE', ( #1287, #3687, #4146, #181 ) ) ;
#989 = EDGE_CURVE ( 'NONE', #1216, #2042, #1245, .T. ) ;
#990 = ORIENTED_EDGE ( 'NONE', *, *, #3355, .T. ) ;
#991 = DIRECTION ( 'NONE',  ( 0.000000000000000000, 0.000000000000000000, -1.000000000000000000 ) ) ;
#992 = PLANE ( 'NONE',  #3978 ) ;
#993 = AXIS2_PLACEMENT_3D ( 'NONE', #3826, #1130, #2483 ) ;
#994 = AXIS2_PLACEMENT_3D ( 'NONE', #2321, #1971, #310 ) ;
#995 = DIRECTION ( 'NONE',  ( -1.000000000000000000, 0.000000000000000000, 0.000000000000000000 ) ) ;
#996 = ORIENTED_EDGE ( 'NONE', *, *, #4323, .F. ) ;
#997 = ORIENTED_EDGE ( 'NONE', *, *, #1127, .F. ) ;
#998 = AXIS2_PLACEMENT_3D ( 'NONE', #1535, #216, #4273 ) ;
#999 = VERTEX_POINT ( 'NONE', #3214 ) ;
#1000 = CARTESIAN_POINT ( 'NONE',  ( 0.000000000000000000, 100.4999999999999858, 205.0000000000000000 ) ) ;
#1001 = EDGE_LOOP ( 'NONE', ( #27, #3310, #558, #223 ) ) ;
#1002 = DIRECTION ( 'NONE',  ( 0.000000000000000000, 0.000000000000000000, -1.000000000000000000 ) ) ;
#1003 = VECTOR ( 'NONE', #3959, 1000.000000000000000 ) ;
#1004 = ORIENTED_EDGE ( 'NONE', *, *, #979, .F. ) ;
#1005 = LINE ( 'NONE', #4080, #2039 ) ;
#1006 = EDGE_CURVE ( 'NONE', #1754, #887, #170, .T. ) ;
#1007 = DIRECTION ( 'NONE',  ( 0.000000000000000000, 1.000000000000000000, 0.000000000000000000 ) ) ;
#1008 = DIRECTION ( 'NONE',  ( -0.000000000000000000, -0.000000000000000000, -1.000000000000000000 ) ) ;
#1009 = CARTESIAN_POINT ( 'NONE',  ( 11.50000000000000178, 19.91858428704208706, 5.000000000000000000 ) ) ;
#1010 = DIRECTION ( 'NONE',  ( 0.000000000000000000, 1.000000000000000000, 0.000000000000000000 ) ) ;
#1011 = DIRECTION ( 'NONE',  ( 0.000000000000000000, 0.000000000000000000, 1.000000000000000000 ) ) ;
#1012 = ADVANCED_FACE ( 'NONE', ( #2525 ), #1865, .F. ) ;
#1013 = EDGE_LOOP ( 'NONE', ( #3449, #1324, #2946, #3035 ) ) ;
#1014 = VERTEX_POINT ( 'NONE', #2550 ) ;
#1015 = CARTESIAN_POINT ( 'NONE',  ( -60.00000000000000711, -100.9999999999999858, 218.0000000000000000 ) ) ;
#1016 = DIRECTION ( 'NONE',  ( -0.000000000000000000, 0.000000000000000000, -1.000000000000000000 ) ) ;
#1017 = LINE ( 'NONE', #4114, #2573 ) ;
#1018 = ORIENTED_EDGE ( 'NONE', *, *, #2745, .T. ) ;
#1019 = ORIENTED_EDGE ( 'NONE', *, *, #3468, .F. ) ;
#1020 = VECTOR ( 'NONE', #3350, 1000.000000000000000 ) ;
#1021 = ORIENTED_EDGE ( 'NONE', *, *, #2755, .F. ) ;
#1022 = ORIENTED_EDGE ( 'NONE', *, *, #2804, .T. ) ;
#1023 = CYLINDRICAL_SURFACE ( 'NONE', #918, 1.700000000000000178 ) ;
#1024 = AXIS2_PLACEMENT_3D ( 'NONE', #2431, #1142, #3480 ) ;
#1025 = ORIENTED_EDGE ( 'NONE', *, *, #3854, .T. ) ;
#1026 = CARTESIAN_POINT ( 'NONE',  ( 12.50000000000000000, 1.530808498934191521E-15, 95.00000000000000000 ) ) ;
#1027 = VECTOR ( 'NONE', #3285, 1000.000000000000000 ) ;
#1028 = DIRECTION ( 'NONE',  ( -1.000000000000000000, 0.000000000000000000, 0.000000000000000000 ) ) ;
#1029 = APPROVAL_DATE_TIME ( #2005, #2414 ) ;
#1030 = DIRECTION ( 'NONE',  ( 0.000000000000000000, 1.000000000000000000, 0.000000000000000000 ) ) ;
#1031 = CC_DESIGN_APPROVAL ( #4051, ( #2510 ) ) ;
#1032 = ADVANCED_FACE ( 'NONE', ( #2214, #3575 ), #2420, .T. ) ;
#1033 = CARTESIAN_POINT ( 'NONE',  ( 50.50000000000000000, -100.9999999999999858, 98.00000000000000000 ) ) ;
#1034 = DIRECTION ( 'NONE',  ( -1.000000000000000000, 0.000000000000000000, 0.000000000000000000 ) ) ;
#1035 = LINE ( 'NONE', #3437, #672 ) ;
#1036 = DIRECTION ( 'NONE',  ( 0.000000000000000000, 0.000000000000000000, 1.000000000000000000 ) ) ;
#1037 = ORIENTED_EDGE ( 'NONE', *, *, #1846, .F. ) ;
#1038 = VECTOR ( 'NONE', #1275, 1000.000000000000000 ) ;
#1039 = EDGE_CURVE ( 'NONE', #1732, #4182, #165, .T. ) ;
#1040 = DIRECTION ( 'NONE',  ( 0.000000000000000000, 1.000000000000000000, 0.000000000000000000 ) ) ;
#1041 = PLANE ( 'NONE',  #1707 ) ;
#1042 = DIRECTION ( 'NONE',  ( -0.000000000000000000, -0.000000000000000000, -1.000000000000000000 ) ) ;
#1043 = ORIENTED_EDGE ( 'NONE', *, *, #1820, .F. ) ;
#1044 = ORIENTED_EDGE ( 'NONE', *, *, #1743, .F. ) ;
#1045 = EDGE_CURVE ( 'NONE', #3429, #123, #2046, .T. ) ;
#1046 = ORIENTED_EDGE ( 'NONE', *, *, #1366, .T. ) ;
#1047 = CARTESIAN_POINT ( 'NONE',  ( -16.49999999999999289, 104.5000000000000000, 187.1211616751135409 ) ) ;
#1048 = ORIENTED_EDGE ( 'NONE', *, *, #1623, .F. ) ;
#1049 = PLANE ( 'NONE',  #481 ) ;
#1050 = AXIS2_PLACEMENT_3D ( 'NONE', #2465, #2806, #1431 ) ;
#1051 = LINE ( 'NONE', #3475, #3817 ) ;
#1052 = FACE_OUTER_BOUND ( 'NONE', #1001, .T. ) ;
#1053 = ORIENTED_EDGE ( 'NONE', *, *, #1983, .F. ) ;
#1054 = DIRECTION ( 'NONE',  ( 0.000000000000000000, 0.000000000000000000, 1.000000000000000000 ) ) ;
#1055 = LINE ( 'NONE', #1393, #2157 ) ;
#1056 = LINE ( 'NONE', #1323, #809 ) ;
#1057 = VERTEX_POINT ( 'NONE', #1047 ) ;
#1058 = CARTESIAN_POINT ( 'NONE',  ( 11.50000000000000178, 19.91858428704208706, 0.000000000000000000 ) ) ;
#1059 = CARTESIAN_POINT ( 'NONE',  ( -16.49999999999999289, 104.5000000000000000, 185.4211616751135239 ) ) ;
#1060 = DIRECTION ( 'NONE',  ( 0.000000000000000000, 0.000000000000000000, 1.000000000000000000 ) ) ;
#1061 = VERTEX_POINT ( 'NONE', #85 ) ;
#1062 = ADVANCED_FACE ( 'NONE', ( #2066 ), #3383, .F. ) ;
#1063 = EDGE_CURVE ( 'NONE', #887, #1763, #3448, .T. ) ;
#1064 = ORIENTED_EDGE ( 'NONE', *, *, #3114, .F. ) ;
#1065 = AXIS2_PLACEMENT_3D ( 'NONE', #4093, #2390, #2855 ) ;
#1066 = EDGE_LOOP ( 'NONE', ( #4073, #3733 ) ) ;
#1067 = DIRECTION ( 'NONE',  ( -0.000000000000000000, -0.000000000000000000, -1.000000000000000000 ) ) ;
#1068 = VERTEX_POINT ( 'NONE', #3428 ) ;
#1069 = DIRECTION ( 'NONE',  ( 0.000000000000000000, 1.000000000000000000, 0.000000000000000000 ) ) ;
#1070 = VECTOR ( 'NONE', #2923, 1000.000000000000000 ) ;
#1071 = ORIENTED_EDGE ( 'NONE', *, *, #3453, .F. ) ;
#1072 = VECTOR ( 'NONE', #1008, 1000.000000000000000 ) ;
#1073 = DIRECTION ( 'NONE',  ( -0.000000000000000000, -1.000000000000000000, -0.000000000000000000 ) ) ;
#1074 = EDGE_CURVE ( 'NONE', #4002, #4296, #2836, .T. ) ;
#1075 = FACE_OUTER_BOUND ( 'NONE', #366, .T. ) ;
#1076 = ORIENTED_EDGE ( 'NONE', *, *, #514, .T. ) ;
#1077 = CARTESIAN_POINT ( 'NONE',  ( 16.50000000000000355, 104.5000000000000000, 240.8788383248864591 ) ) ;
#1078 = DIRECTION ( 'NONE',  ( 0.000000000000000000, 0.000000000000000000, 1.000000000000000000 ) ) ;
#1079 = CARTESIAN_POINT ( 'NONE',  ( 70.00000000000000000, 100.4999999999999858, 5.000000000000000000 ) ) ;
#1080 = FACE_OUTER_BOUND ( 'NONE', #1401, .T. ) ;
#1081 = FACE_BOUND ( 'NONE', #670, .T. ) ;
#1082 = LINE ( 'NONE', #2106, #1942 ) ;
#1083 = ORIENTED_EDGE ( 'NONE', *, *, #1173, .F. ) ;
#1084 = VERTEX_POINT ( 'NONE', #407 ) ;
#1085 = CYLINDRICAL_SURFACE ( 'NONE', #2692, 2.749999999999995559 ) ;
#1086 = EDGE_CURVE ( 'NONE', #1153, #3402, #1715, .T. ) ;
#1087 = LINE ( 'NONE', #486, #2410 ) ;
#1088 = ORIENTED_EDGE ( 'NONE', *, *, #3868, .F. ) ;
#1089 = CARTESIAN_POINT ( 'NONE',  ( 33.00000000000000000, 100.4999999999999858, 212.2999999999999829 ) ) ;
#1090 = ORIENTED_EDGE ( 'NONE', *, *, #4268, .F. ) ;
#1091 = VECTOR ( 'NONE', #4253, 1000.000000000000000 ) ;
#1092 = EDGE_CURVE ( 'NONE', #4261, #621, #4059, .T. ) ;
#1093 = DIRECTION ( 'NONE',  ( -0.000000000000000000, -0.000000000000000000, -1.000000000000000000 ) ) ;
#1094 = AXIS2_PLACEMENT_3D ( 'NONE', #3987, #3629, #1511 ) ;
#1095 = ADVANCED_FACE ( 'NONE', ( #3738 ), #667, .F. ) ;
#1096 = EDGE_CURVE ( 'NONE', #3354, #4074, #3362, .T. ) ;
#1097 = VECTOR ( 'NONE', #3840, 1000.000000000000000 ) ;
#1098 = LINE ( 'NONE', #2447, #98 ) ;
#1099 = ORIENTED_EDGE ( 'NONE', *, *, #1802, .F. ) ;
#1100 = CARTESIAN_POINT ( 'NONE',  ( 0.000000000000000000, 0.000000000000000000, 5.000000000000000000 ) ) ;
#1101 = CARTESIAN_POINT ( 'NONE',  ( -13.20000000000000995, -19.91858428704208350, 5.000000000000000000 ) ) ;
#1102 = FACE_OUTER_BOUND ( 'NONE', #3977, .T. ) ;
#1103 = CARTESIAN_POINT ( 'NONE',  ( 70.00000000000000000, 100.4999999999999858, 262.0000000000000000 ) ) ;
#1104 = DIRECTION ( 'NONE',  ( 0.000000000000000000, 0.000000000000000000, -1.000000000000000000 ) ) ;
#1105 = APPROVAL_PERSON_ORGANIZATION ( #2552, #4051, #3891 ) ;
#1106 = DIRECTION ( 'NONE',  ( 0.000000000000000000, 1.000000000000000000, 0.000000000000000000 ) ) ;
#1107 = ORIENTED_EDGE ( 'NONE', *, *, #2273, .F. ) ;
#1108 = ORIENTED_EDGE ( 'NONE', *, *, #1571, .T. ) ;
#1109 = DIRECTION ( 'NONE',  ( 0.000000000000000000, 0.000000000000000000, -1.000000000000000000 ) ) ;
#1110 = LINE ( 'NONE', #3529, #2269 ) ;
#1111 = AXIS2_PLACEMENT_3D ( 'NONE', #1476, #2816, #3838 ) ;
#1112 = DIRECTION ( 'NONE',  ( -0.000000000000000000, -0.000000000000000000, -1.000000000000000000 ) ) ;
#1113 = ORIENTED_EDGE ( 'NONE', *, *, #2688, .T. ) ;
#1114 = VECTOR ( 'NONE', #869, 1000.000000000000000 ) ;
#1115 = DIRECTION ( 'NONE',  ( 1.000000000000000000, 0.000000000000000000, 0.000000000000000000 ) ) ;
#1116 = CIRCLE ( 'NONE', #3596, 1.700000000000007061 ) ;
#1117 = ORIENTED_EDGE ( 'NONE', *, *, #2569, .F. ) ;
#1118 = CARTESIAN_POINT ( 'NONE',  ( -70.00000000000000000, 85.49999999999998579, 5.000000000000000000 ) ) ;
#1119 = ORIENTED_EDGE ( 'NONE', *, *, #3408, .F. ) ;
#1120 = CARTESIAN_POINT ( 'NONE',  ( 57.25000000000000711, 90.50000000000000000, 0.000000000000000000 ) ) ;
#1121 = LINE ( 'NONE', #1101, #1386 ) ;
#1122 = CARTESIAN_POINT ( 'NONE',  ( 60.00000000000000711, 100.9999999999999858, 214.0000000000000000 ) ) ;
#1123 = FACE_OUTER_BOUND ( 'NONE', #2780, .T. ) ;
#1124 = CARTESIAN_POINT ( 'NONE',  ( -33.00000000000000000, 104.5000000000000000, 214.0000000000000000 ) ) ;
#1125 = DIRECTION ( 'NONE',  ( 0.000000000000000000, 1.000000000000000000, 0.000000000000000000 ) ) ;
#1126 = VERTEX_POINT ( 'NONE', #383 ) ;
#1127 = EDGE_CURVE ( 'NONE', #3427, #1014, #63, .T. ) ;
#1128 = VERTEX_POINT ( 'NONE', #2026 ) ;
#1129 = VERTEX_POINT ( 'NONE', #2779 ) ;
#1130 = DIRECTION ( 'NONE',  ( 0.000000000000000000, 0.000000000000000000, 1.000000000000000000 ) ) ;
#1131 = ORIENTED_EDGE ( 'NONE', *, *, #731, .T. ) ;
#1132 = AXIS2_PLACEMENT_3D ( 'NONE', #3082, #4376, #1426 ) ;
#1133 = CARTESIAN_POINT ( 'NONE',  ( 0.000000000000000000, 0.000000000000000000, 0.000000000000000000 ) ) ;
#1134 = AXIS2_PLACEMENT_3D ( 'NONE', #1192, #4260, #1215 ) ;
#1135 = CIRCLE ( 'NONE', #994, 1.700000000000000178 ) ;
#1136 = AXIS2_PLACEMENT_3D ( 'NONE', #2912, #3911, #152 ) ;
#1137 = DIRECTION ( 'NONE',  ( 0.000000000000000000, 1.000000000000000000, 0.000000000000000000 ) ) ;
#1138 = EDGE_CURVE ( 'NONE', #2110, #1611, #4138, .T. ) ;
#1139 = EDGE_CURVE ( 'NONE', #647, #1758, #3617, .T. ) ;
#1140 = DIRECTION ( 'NONE',  ( 0.000000000000000000, 0.000000000000000000, 1.000000000000000000 ) ) ;
#1141 = CARTESIAN_POINT ( 'NONE',  ( -23.00000000000000000, 2.816687638038912352E-15, 5.000000000000000000 ) ) ;
#1142 = DIRECTION ( 'NONE',  ( 0.7071067811865473507, 0.7071067811865477948, -0.000000000000000000 ) ) ;
#1143 = DIRECTION ( 'NONE',  ( 0.000000000000000000, -0.000000000000000000, -1.000000000000000000 ) ) ;
#1144 = ADVANCED_FACE ( 'NONE', ( #2000 ), #694, .F. ) ;
#1145 = FACE_BOUND ( 'NONE', #618, .T. ) ;
#1146 = CARTESIAN_POINT ( 'NONE',  ( -34.70000000000000284, -100.4999999999999858, 214.0000000000000000 ) ) ;
#1147 = ORIENTED_EDGE ( 'NONE', *, *, #1656, .T. ) ;
#1148 = ORIENTED_EDGE ( 'NONE', *, *, #4184, .F. ) ;
#1149 = ORIENTED_EDGE ( 'NONE', *, *, #1193, .F. ) ;
#1150 = LINE ( 'NONE', #3206, #716 ) ;
#1151 = DIRECTION ( 'NONE',  ( 0.000000000000000000, 0.000000000000000000, 1.000000000000000000 ) ) ;
#1152 = MANIFOLD_SOLID_BREP ( 'Post_2', #2837 ) ;
#1153 = VERTEX_POINT ( 'NONE', #2684 ) ;
#1154 = EDGE_LOOP ( 'NONE', ( #2682, #754, #3291, #387 ) ) ;
#1155 = CARTESIAN_POINT ( 'NONE',  ( 55.00000000000000711, 100.4999999999999858, 0.000000000000000000 ) ) ;
#1156 = VECTOR ( 'NONE', #2101, 1000.000000000000000 ) ;
#1157 = CARTESIAN_POINT ( 'NONE',  ( -8.062257748298547355, -100.4999999999999858, 218.0000000000000000 ) ) ;
#1158 = FACE_OUTER_BOUND ( 'NONE', #2279, .T. ) ;
#1159 = CIRCLE ( 'NONE', #116, 1.700000000000000178 ) ;
#1160 = CARTESIAN_POINT ( 'NONE',  ( 16.50000000000000355, 104.5000000000000000, 242.5788383248864761 ) ) ;
#1161 = DIRECTION ( 'NONE',  ( 0.000000000000000000, 0.000000000000000000, 1.000000000000000000 ) ) ;
#1162 = ADVANCED_FACE ( 'NONE', ( #4076 ), #1023, .F. ) ;
#1163 = AXIS2_PLACEMENT_3D ( 'NONE', #3709, #1376, #2061 ) ;
#1164 = FACE_BOUND ( 'NONE', #4240, .T. ) ;
#1165 = DIRECTION ( 'NONE',  ( 1.000000000000000000, 0.000000000000000000, -0.000000000000000000 ) ) ;
#1166 = DIRECTION ( 'NONE',  ( -0.000000000000000000, -0.000000000000000000, -1.000000000000000000 ) ) ;
#1167 = ORIENTED_EDGE ( 'NONE', *, *, #2638, .T. ) ;
#1168 = ORIENTED_EDGE ( 'NONE', *, *, #1227, .F. ) ;
#1169 = ORIENTED_EDGE ( 'NONE', *, *, #498, .T. ) ;
#1170 = LINE ( 'NONE', #3471, #22 ) ;
#1171 = VERTEX_POINT ( 'NONE', #1000 ) ;
#1172 = EDGE_CURVE ( 'NONE', #3420, #449, #3411, .T. ) ;
#1173 = EDGE_CURVE ( 'NONE', #1996, #340, #1916, .T. ) ;
#1174 = AXIS2_PLACEMENT_3D ( 'NONE', #1419, #4132, #3794 ) ;
#1175 = DIRECTION ( 'NONE',  ( 0.000000000000000000, 1.000000000000000000, 0.000000000000000000 ) ) ;
#1176 = AXIS2_PLACEMENT_3D ( 'NONE', #2179, #1910, #3872 ) ;
#1177 = EDGE_CURVE ( 'NONE', #2654, #2858, #3865, .T. ) ;
#1178 = DIRECTION ( 'NONE',  ( 0.000000000000000000, 0.000000000000000000, 1.000000000000000000 ) ) ;
#1179 = VECTOR ( 'NONE', #1093, 1000.000000000000000 ) ;
#1180 = DIRECTION ( 'NONE',  ( 0.000000000000000000, 0.000000000000000000, -1.000000000000000000 ) ) ;
#1181 =( NAMED_UNIT ( * ) SI_UNIT ( $, .STERADIAN. ) SOLID_ANGLE_UNIT ( ) );
#1182 = CARTESIAN_POINT ( 'NONE',  ( -50.50000000000000000, 100.4999999999999858, 0.000000000000000000 ) ) ;
#1183 = VECTOR ( 'NONE', #1717, 1000.000000000000000 ) ;
#1184 = PERSON ( 'UNSPECIFIED', 'UNSPECIFIED', 'UNSPECIFIED', ('UNSPECIFIED'), ('UNSPECIFIED'), ('UNSPECIFIED') ) ;
#1185 = FACE_BOUND ( 'NONE', #3705, .T. ) ;
#1186 = LINE ( 'NONE', #519, #2308 ) ;
#1187 = CARTESIAN_POINT ( 'NONE',  ( 50.00000000000000000, 80.50000000000000000, 5.000000000000000000 ) ) ;
#1188 = DIRECTION ( 'NONE',  ( 0.000000000000000000, -0.000000000000000000, 1.000000000000000000 ) ) ;
#1189 = VERTEX_POINT ( 'NONE', #1821 ) ;
#1190 = ORIENTED_EDGE ( 'NONE', *, *, #4198, .T. ) ;
#1191 = DIRECTION ( 'NONE',  ( -0.000000000000000000, -1.000000000000000000, -0.000000000000000000 ) ) ;
#1192 = CARTESIAN_POINT ( 'NONE',  ( -60.00000000000000711, 90.50000000000000000, 0.000000000000000000 ) ) ;
#1193 = EDGE_CURVE ( 'NONE', #3559, #3451, #2136, .T. ) ;
#1194 = EDGE_CURVE ( 'NONE', #2042, #4097, #1170, .T. ) ;
#1195 = ORIENTED_EDGE ( 'NONE', *, *, #1139, .T. ) ;
#1196 = ORIENTED_EDGE ( 'NONE', *, *, #3004, .T. ) ;
#1197 = ORIENTED_EDGE ( 'NONE', *, *, #2712, .T. ) ;
#1198 = CARTESIAN_POINT ( 'NONE',  ( 16.50000000000000355, -100.4999999999999858, 187.1211616751135409 ) ) ;
#1199 = CLOSED_SHELL ( 'NONE', ( #3778, #1826, #3673, #399, #947, #3952, #1747, #1162, #4343, #2726, #1955, #3591, #131, #511, #3149, #1012, #1493, #3805, #2808, #2888, #227, #489, #2256, #2375, #3180, #3971, #1923, #3823, #2633, #2544, #59, #171, #582, #4192, #1692 ) ) ;
#1200 = AXIS2_PLACEMENT_3D ( 'NONE', #3819, #3857, #423 ) ;
#1201 = DIRECTION ( 'NONE',  ( 0.000000000000000000, 1.000000000000000000, 0.000000000000000000 ) ) ;
#1202 = CARTESIAN_POINT ( 'NONE',  ( -50.00000000000000000, 100.4999999999999858, 5.000000000000000000 ) ) ;
#1203 = EDGE_CURVE ( 'NONE', #471, #2166, #3975, .T. ) ;
#1204 = DATE_TIME_ROLE ( 'creation_date' ) ;
#1205 = CARTESIAN_POINT ( 'NONE',  ( -9.000000000000000000, 104.5000000000000000, 214.0000000000000000 ) ) ;
#1206 = AXIS2_PLACEMENT_3D ( 'NONE', #2722, #1040, #3751 ) ;
#1207 = CARTESIAN_POINT ( 'NONE',  ( -50.00000000000000000, -100.4999999999999858, 214.0000000000000000 ) ) ;
#1208 = LINE ( 'NONE', #2203, #1395 ) ;
#1209 = AXIS2_PLACEMENT_3D ( 'NONE', #2467, #3111, #1471 ) ;
#1210 = CARTESIAN_POINT ( 'NONE',  ( -16.50000000000001421, 100.4999999999999858, 244.2788383248864648 ) ) ;
#1211 = DIRECTION ( 'NONE',  ( 0.000000000000000000, 0.000000000000000000, 1.000000000000000000 ) ) ;
#1212 = ORIENTED_EDGE ( 'NONE', *, *, #2577, .T. ) ;
#1213 = VERTEX_POINT ( 'NONE', #1861 ) ;
#1214 = CARTESIAN_POINT ( 'NONE',  ( -10.00000000000000000, 0.000000000000000000, 214.0000000000000000 ) ) ;
#1215 = DIRECTION ( 'NONE',  ( 1.000000000000000000, 0.000000000000000000, 0.000000000000000000 ) ) ;
#1216 = VERTEX_POINT ( 'NONE', #467 ) ;
#1217 = EDGE_CURVE ( 'NONE', #4264, #2970, #1110, .T. ) ;
#1218 = ORIENTED_EDGE ( 'NONE', *, *, #3862, .T. ) ;
#1219 = ORIENTED_EDGE ( 'NONE', *, *, #1685, .T. ) ;
#1220 = CARTESIAN_POINT ( 'NONE',  ( -74.00000000000000000, 0.000000000000000000, 246.1499999999999773 ) ) ;
#1221 = EDGE_CURVE ( 'NONE', #3640, #3079, #785, .T. ) ;
#1222 = FACE_BOUND ( 'NONE', #2660, .T. ) ;
#1223 = LINE ( 'NONE', #4029, #2176 ) ;
#1224 = APPROVAL_ROLE ( '' ) ;
#1225 = CARTESIAN_POINT ( 'NONE',  ( 21.30000000000000071, 0.000000000000000000, 0.000000000000000000 ) ) ;
#1226 = EDGE_CURVE ( 'NONE', #3248, #2021, #1087, .T. ) ;
#1227 = EDGE_CURVE ( 'NONE', #1378, #505, #370, .T. ) ;
#1228 = CIRCLE ( 'NONE', #949, 1.700000000000007061 ) ;
#1229 = DIRECTION ( 'NONE',  ( 0.000000000000000000, 1.000000000000000000, 0.000000000000000000 ) ) ;
#1230 = DIRECTION ( 'NONE',  ( -0.000000000000000000, -0.000000000000000000, -1.000000000000000000 ) ) ;
#1231 = DIRECTION ( 'NONE',  ( -1.000000000000000000, 0.000000000000000000, 0.000000000000000000 ) ) ;
#1232 = LINE ( 'NONE', #2896, #1091 ) ;
#1233 = ORIENTED_EDGE ( 'NONE', *, *, #1498, .T. ) ;
#1234 = EDGE_LOOP ( 'NONE', ( #1499, #2993 ) ) ;
#1235 = CIRCLE ( 'NONE', #3721, 1.700000000000000178 ) ;
#1236 = ORIENTED_EDGE ( 'NONE', *, *, #1727, .F. ) ;
#1237 = LINE ( 'NONE', #3949, #640 ) ;
#1238 = CARTESIAN_POINT ( 'NONE',  ( -17.15000000000000213, 0.000000000000000000, 2.200000000000000178 ) ) ;
#1239 = AXIS2_PLACEMENT_3D ( 'NONE', #3044, #3724, #679 ) ;
#1240 = ORIENTED_EDGE ( 'NONE', *, *, #2142, .T. ) ;
#1241 = VECTOR ( 'NONE', #2624, 1000.000000000000000 ) ;
#1242 = EDGE_LOOP ( 'NONE', ( #4041, #4096, #3127, #539, #3506, #315 ) ) ;
#1243 = ORIENTED_EDGE ( 'NONE', *, *, #2754, .F. ) ;
#1244 = PLANE ( 'NONE',  #3047 ) ;
#1245 = LINE ( 'NONE', #913, #4185 ) ;
#1246 = DIRECTION ( 'NONE',  ( -1.000000000000000000, 0.000000000000000000, 0.000000000000000000 ) ) ;
#1247 = AXIS2_PLACEMENT_3D ( 'NONE', #3240, #855, #1853 ) ;
#1248 = DIRECTION ( 'NONE',  ( -0.000000000000000000, -1.000000000000000000, -0.000000000000000000 ) ) ;
#1249 = EDGE_CURVE ( 'NONE', #2979, #2041, #2911, .T. ) ;
#1250 = AXIS2_PLACEMENT_3D ( 'NONE', #2829, #3458, #1140 ) ;
#1251 = FACE_OUTER_BOUND ( 'NONE', #1290, .T. ) ;
#1252 = CARTESIAN_POINT ( 'NONE',  ( 13.20000000000000107, -19.91858428704208706, 5.000000000000000000 ) ) ;
#1253 = DIRECTION ( 'NONE',  ( 0.000000000000000000, 0.000000000000000000, 1.000000000000000000 ) ) ;
#1254 = CARTESIAN_POINT ( 'NONE',  ( 60.00000000000000711, -90.50000000000000000, 5.000000000000000000 ) ) ;
#1255 = EDGE_CURVE ( 'NONE', #910, #3494, #3490, .T. ) ;
#1256 = ORIENTED_EDGE ( 'NONE', *, *, #3612, .F. ) ;
#1257 = AXIS2_PLACEMENT_3D ( 'NONE', #1338, #4103, #3829 ) ;
#1258 = EDGE_LOOP ( 'NONE', ( #3093, #943, #232, #532 ) ) ;
#1259 = CARTESIAN_POINT ( 'NONE',  ( 0.000000000000000000, -100.4999999999999858, 214.0000000000000000 ) ) ;
#1260 = AXIS2_PLACEMENT_3D ( 'NONE', #2909, #4267, #2329 ) ;
#1261 = CARTESIAN_POINT ( 'NONE',  ( -69.49999999999998579, -100.4999999999999858, 100.0000000000000000 ) ) ;
#1262 = EDGE_CURVE ( 'NONE', #1839, #220, #2880, .T. ) ;
#1263 = EDGE_LOOP ( 'NONE', ( #1310, #4199, #555, #1791 ) ) ;
#1264 = VERTEX_POINT ( 'NONE', #2190 ) ;
#1265 = ORIENTED_EDGE ( 'NONE', *, *, #1039, .F. ) ;
#1266 = DIRECTION ( 'NONE',  ( -0.000000000000000000, -1.000000000000000000, -0.000000000000000000 ) ) ;
#1267 = CARTESIAN_POINT ( 'NONE',  ( 1.102182119232616531E-15, 100.4999999999999858, 223.0000000000000000 ) ) ;
#1268 = APPLICATION_PROTOCOL_DEFINITION ( 'international standard', 'config_control_design', 1994, #663 ) ;
#1269 = FACE_OUTER_BOUND ( 'NONE', #1355, .T. ) ;
#1270 = AXIS2_PLACEMENT_3D ( 'NONE', #3714, #3779, #3759 ) ;
#1271 = VECTOR ( 'NONE', #2518, 1000.000000000000000 ) ;
#1272 = ADVANCED_FACE ( 'NONE', ( #2499, #824 ), #3171, .F. ) ;
#1273 = ADVANCED_FACE ( 'NONE', ( #183 ), #3547, .F. ) ;
#1274 = CARTESIAN_POINT ( 'NONE',  ( -74.00000000000000000, 104.5000000000000000, 100.0000000000000000 ) ) ;
#1275 = DIRECTION ( 'NONE',  ( -0.000000000000000000, -0.000000000000000000, -1.000000000000000000 ) ) ;
#1276 = LINE ( 'NONE', #1629, #3509 ) ;
#1277 = CARTESIAN_POINT ( 'NONE',  ( 16.50000000000000355, 100.4999999999999858, 242.5788383248864761 ) ) ;
#1278 = ORIENTED_EDGE ( 'NONE', *, *, #2638, .F. ) ;
#1279 = AXIS2_PLACEMENT_3D ( 'NONE', #3049, #1302, #991 ) ;
#1280 = VERTEX_POINT ( 'NONE', #1523 ) ;
#1281 = ADVANCED_FACE ( 'NONE', ( #2822 ), #3153, .F. ) ;
#1282 = FACE_BOUND ( 'NONE', #75, .T. ) ;
#1283 = AXIS2_PLACEMENT_3D ( 'NONE', #587, #1936, #174 ) ;
#1284 = FACE_OUTER_BOUND ( 'NONE', #1410, .T. ) ;
#1285 = ORIENTED_EDGE ( 'NONE', *, *, #308, .T. ) ;
#1286 = EDGE_LOOP ( 'NONE', ( #4327, #787, #522, #102 ) ) ;
#1287 = ORIENTED_EDGE ( 'NONE', *, *, #1743, .T. ) ;
#1288 = EDGE_CURVE ( 'NONE', #3757, #3998, #3898, .T. ) ;
#1289 = EDGE_LOOP ( 'NONE', ( #4326, #2731 ) ) ;
#1290 = EDGE_LOOP ( 'NONE', ( #215, #1440, #3477, #209 ) ) ;
#1291 = PLANE ( 'NONE',  #277 ) ;
#1292 = CARTESIAN_POINT ( 'NONE',  ( -70.00000000000000000, -91.00000000000000000, 218.0000000000000000 ) ) ;
#1293 = CARTESIAN_POINT ( 'NONE',  ( -16.50000000000001421, 104.5000000000000000, 242.5788383248864761 ) ) ;
#1294 = LINE ( 'NONE', #4010, #1072 ) ;
#1295 = DIRECTION ( 'NONE',  ( -1.000000000000000000, 0.000000000000000000, 0.000000000000000000 ) ) ;
#1296 = DIRECTION ( 'NONE',  ( 0.000000000000000000, 0.000000000000000000, -1.000000000000000000 ) ) ;
#1297 = CARTESIAN_POINT ( 'NONE',  ( 0.000000000000000000, 0.000000000000000000, 2.200000000000000178 ) ) ;
#1298 = VERTEX_POINT ( 'NONE', #804 ) ;
#1299 = CC_DESIGN_PERSON_AND_ORGANIZATION_ASSIGNMENT ( #1911, #1532, ( #4084 ) ) ;
#1300 = ORIENTED_EDGE ( 'NONE', *, *, #2604, .T. ) ;
#1301 = AXIS2_PLACEMENT_3D ( 'NONE', #1277, #3558, #3609 ) ;
#1302 = DIRECTION ( 'NONE',  ( -0.000000000000000000, -1.000000000000000000, -0.000000000000000000 ) ) ;
#1303 = ORIENTED_EDGE ( 'NONE', *, *, #2173, .F. ) ;
#1304 = ORIENTED_EDGE ( 'NONE', *, *, #3386, .F. ) ;
#1305 = LINE ( 'NONE', #1397, #2480 ) ;
#1306 = VECTOR ( 'NONE', #563, 1000.000000000000000 ) ;
#1307 = EDGE_CURVE ( 'NONE', #4043, #1925, #2151, .T. ) ;
#1308 = ORIENTED_EDGE ( 'NONE', *, *, #4189, .F. ) ;
#1309 = AXIS2_PLACEMENT_3D ( 'NONE', #1686, #403, #1398 ) ;
#1310 = ORIENTED_EDGE ( 'NONE', *, *, #556, .T. ) ;
#1311 = CARTESIAN_POINT ( 'NONE',  ( -16.50000000000001421, 104.5000000000000000, 242.5788383248864761 ) ) ;
#1312 = EDGE_CURVE ( 'NONE', #1839, #2839, #290, .T. ) ;
#1313 = AXIS2_PLACEMENT_3D ( 'NONE', #1435, #2181, #3536 ) ;
#1314 = VERTEX_POINT ( 'NONE', #2254 ) ;
#1315 = DIRECTION ( 'NONE',  ( -0.000000000000000000, -1.000000000000000000, -0.000000000000000000 ) ) ;
#1316 = DATE_AND_TIME ( #649, #2162 ) ;
#1317 = DIRECTION ( 'NONE',  ( 1.000000000000000000, 0.000000000000000000, 0.000000000000000000 ) ) ;
#1318 = EDGE_CURVE ( 'NONE', #3796, #2541, #1568, .T. ) ;
#1319 = CARTESIAN_POINT ( 'NONE',  ( -70.00000000000000000, -80.50000000000000000, 214.0000000000000000 ) ) ;
#1320 = VECTOR ( 'NONE', #3631, 1000.000000000000000 ) ;
#1321 = CARTESIAN_POINT ( 'NONE',  ( -16.50000000000001421, 104.5000000000000000, 242.5788383248864761 ) ) ;
#1322 = CARTESIAN_POINT ( 'NONE',  ( -70.00000000000000000, 80.50000000000000000, 214.0000000000000000 ) ) ;
#1323 = CARTESIAN_POINT ( 'NONE',  ( -50.00000000000000000, -100.4999999999999858, 214.0000000000000000 ) ) ;
#1324 = ORIENTED_EDGE ( 'NONE', *, *, #76, .T. ) ;
#1325 = CIRCLE ( 'NONE', #540, 1.700000000000000178 ) ;
#1326 = ORIENTED_EDGE ( 'NONE', *, *, #821, .T. ) ;
#1327 = FACE_OUTER_BOUND ( 'NONE', #3297, .T. ) ;
#1328 = CARTESIAN_POINT ( 'NONE',  ( -70.00000000000000000, 104.5000000000000000, 262.0000000000000000 ) ) ;
#1329 = CARTESIAN_POINT ( 'NONE',  ( 7.000000000000000000, 8.572527594031473190E-16, 2.200000000000000178 ) ) ;
#1330 = ORIENTED_EDGE ( 'NONE', *, *, #724, .F. ) ;
#1331 = ORIENTED_EDGE ( 'NONE', *, *, #1858, .T. ) ;
#1332 = AXIS2_PLACEMENT_3D ( 'NONE', #645, #1622, #622 ) ;
#1333 = ORIENTED_EDGE ( 'NONE', *, *, #2960, .F. ) ;
#1334 = EDGE_CURVE ( 'NONE', #657, #3008, #2539, .T. ) ;
#1335 = DIRECTION ( 'NONE',  ( 0.000000000000000000, 0.000000000000000000, 1.000000000000000000 ) ) ;
#1336 = ORIENTED_EDGE ( 'NONE', *, *, #4361, .F. ) ;
#1337 = CARTESIAN_POINT ( 'NONE',  ( 50.50000000000000000, -100.4999999999999858, 0.000000000000000000 ) ) ;
#1338 = CARTESIAN_POINT ( 'NONE',  ( -74.00000000000000000, 0.000000000000000000, 0.000000000000000000 ) ) ;
#1339 = PLANE ( 'NONE',  #2502 ) ;
#1340 = EDGE_CURVE ( 'NONE', #3351, #1856, #574, .T. ) ;
#1341 = LINE ( 'NONE', #4337, #2547 ) ;
#1342 = CARTESIAN_POINT ( 'NONE',  ( -16.49999999999999289, 104.5000000000000000, 183.7211616751135068 ) ) ;
#1343 = DIRECTION ( 'NONE',  ( -0.000000000000000000, -1.000000000000000000, -0.000000000000000000 ) ) ;
#1344 = DIRECTION ( 'NONE',  ( -1.000000000000000000, 0.000000000000000000, 0.000000000000000000 ) ) ;
#1345 = EDGE_LOOP ( 'NONE', ( #2371, #71, #4357, #763 ) ) ;
#1346 = ORIENTED_EDGE ( 'NONE', *, *, #2443, .F. ) ;
#1347 = CARTESIAN_POINT ( 'NONE',  ( -60.00000000000000711, 90.50000000000000000, 5.000000000000000000 ) ) ;
#1348 = ORIENTED_EDGE ( 'NONE', *, *, #3837, .T. ) ;
#1349 = DIRECTION ( 'NONE',  ( -1.000000000000000000, 0.000000000000000000, 0.000000000000000000 ) ) ;
#1350 = CIRCLE ( 'NONE', #3141, 2.750000000000002665 ) ;
#1351 = VECTOR ( 'NONE', #3730, 1000.000000000000000 ) ;
#1352 = DIRECTION ( 'NONE',  ( 0.000000000000000000, 0.000000000000000000, -1.000000000000000000 ) ) ;
#1353 = VERTEX_POINT ( 'NONE', #3996 ) ;
#1354 = ORIENTED_EDGE ( 'NONE', *, *, #878, .T. ) ;
#1355 = EDGE_LOOP ( 'NONE', ( #3598, #3642, #2174, #2427, #2020, #3174 ) ) ;
#1356 = VECTOR ( 'NONE', #113, 1000.000000000000000 ) ;
#1357 = ORIENTED_EDGE ( 'NONE', *, *, #1221, .F. ) ;
#1358 = CARTESIAN_POINT ( 'NONE',  ( -23.00000000000000000, 2.816687638038912352E-15, 0.000000000000000000 ) ) ;
#1359 = EDGE_LOOP ( 'NONE', ( #1504, #548, #2859, #4286 ) ) ;
#1360 = DIRECTION ( 'NONE',  ( 0.000000000000000000, 0.000000000000000000, 1.000000000000000000 ) ) ;
#1361 = AXIS2_PLACEMENT_3D ( 'NONE', #339, #361, #4120 ) ;
#1362 = EDGE_CURVE ( 'NONE', #1856, #3750, #3592, .T. ) ;
#1363 = EDGE_LOOP ( 'NONE', ( #4312, #4262 ) ) ;
#1364 = FACE_OUTER_BOUND ( 'NONE', #1464, .T. ) ;
#1365 = CARTESIAN_POINT ( 'NONE',  ( 0.000000000000000000, -100.4999999999999858, 214.0000000000000000 ) ) ;
#1366 = EDGE_CURVE ( 'NONE', #3446, #2327, #1350, .T. ) ;
#1367 = ADVANCED_FACE ( 'NONE', ( #2613 ), #4282, .F. ) ;
#1368 = FACE_OUTER_BOUND ( 'NONE', #81, .T. ) ;
#1369 = LINE ( 'NONE', #3700, #2385 ) ;
#1370 = CARTESIAN_POINT ( 'NONE',  ( -70.00000000000000000, -100.4999999999999858, 5.000000000000000000 ) ) ;
#1371 = CARTESIAN_POINT ( 'NONE',  ( 70.00000000000000000, -91.00000000000000000, 214.0000000000000000 ) ) ;
#1372 = VERTEX_POINT ( 'NONE', #1238 ) ;
#1373 = ORIENTED_EDGE ( 'NONE', *, *, #1307, .T. ) ;
#1374 = CARTESIAN_POINT ( 'NONE',  ( -62.75000000000000000, 90.50000000000000000, 5.000000000000000000 ) ) ;
#1375 = CARTESIAN_POINT ( 'NONE',  ( 0.000000000000000000, 0.000000000000000000, 5.000000000000000000 ) ) ;
#1376 = DIRECTION ( 'NONE',  ( -1.000000000000000000, 0.000000000000000000, 0.000000000000000000 ) ) ;
#1377 = ORIENTED_EDGE ( 'NONE', *, *, #3453, .T. ) ;
#1378 = VERTEX_POINT ( 'NONE', #204 ) ;
#1379 = ORIENTED_EDGE ( 'NONE', *, *, #2849, .F. ) ;
#1380 = ORIENTED_EDGE ( 'NONE', *, *, #3550, .T. ) ;
#1381 = CARTESIAN_POINT ( 'NONE',  ( 0.000000000000000000, 0.000000000000000000, 98.00000000000000000 ) ) ;
#1382 = VERTEX_POINT ( 'NONE', #249 ) ;
#1383 = CARTESIAN_POINT ( 'NONE',  ( -60.00000000000000711, -100.9999999999999858, 214.0000000000000000 ) ) ;
#1384 = ORIENTED_EDGE ( 'NONE', *, *, #4342, .T. ) ;
#1385 = CARTESIAN_POINT ( 'NONE',  ( -60.00000000000000711, 100.9999999999999858, 214.0000000000000000 ) ) ;
#1386 = VECTOR ( 'NONE', #775, 1000.000000000000000 ) ;
#1387 = LOCAL_TIME ( 11, 9, 14.00000000000000000, #852 ) ;
#1388 = DIRECTION ( 'NONE',  ( 1.000000000000000000, 0.000000000000000000, 0.000000000000000000 ) ) ;
#1389 = EDGE_LOOP ( 'NONE', ( #4348, #2725, #1108, #3226, #491, #2318, #1643, #425 ) ) ;
#1390 = EDGE_CURVE ( 'NONE', #1695, #3757, #270, .T. ) ;
#1391 = EDGE_CURVE ( 'NONE', #4168, #2720, #2542, .T. ) ;
#1392 = DIRECTION ( 'NONE',  ( 0.000000000000000000, 1.000000000000000000, 0.000000000000000000 ) ) ;
#1393 = CARTESIAN_POINT ( 'NONE',  ( -55.00000000000000711, 100.4999999999999858, 0.000000000000000000 ) ) ;
#1394 = PLANE ( 'NONE',  #1934 ) ;
#1395 = VECTOR ( 'NONE', #1583, 1000.000000000000000 ) ;
#1396 = CARTESIAN_POINT ( 'NONE',  ( -69.49999999999998579, -104.5000000000000000, 100.0000000000000000 ) ) ;
#1397 = CARTESIAN_POINT ( 'NONE',  ( -70.00000000000000000, 104.5000000000000000, 5.000000000000000000 ) ) ;
#1398 = DIRECTION ( 'NONE',  ( 1.000000000000000000, 0.000000000000000000, 0.000000000000000000 ) ) ;
#1399 = VERTEX_POINT ( 'NONE', #907 ) ;
#1400 = AXIS2_PLACEMENT_3D ( 'NONE', #2121, #153, #730 ) ;
#1401 = EDGE_LOOP ( 'NONE', ( #2187, #666, #148, #4163 ) ) ;
#1402 = ORIENTED_EDGE ( 'NONE', *, *, #335, .T. ) ;
#1403 = ORIENTED_EDGE ( 'NONE', *, *, #3175, .F. ) ;
#1404 = VECTOR ( 'NONE', #454, 1000.000000000000000 ) ;
#1405 = CARTESIAN_POINT ( 'NONE',  ( 16.50000000000000355, 104.5000000000000000, 240.8788383248864591 ) ) ;
#1406 = EDGE_CURVE ( 'NONE', #2541, #1883, #527, .T. ) ;
#1407 = ORIENTED_EDGE ( 'NONE', *, *, #979, .T. ) ;
#1408 = CARTESIAN_POINT ( 'NONE',  ( -16.50000000000001421, -100.4999999999999858, 240.8788383248864591 ) ) ;
#1409 = AXIS2_PLACEMENT_3D ( 'NONE', #2864, #2212, #3232 ) ;
#1410 = EDGE_LOOP ( 'NONE', ( #1999, #3425, #1885, #3337, #997, #1330 ) ) ;
#1411 = CARTESIAN_POINT ( 'NONE',  ( 16.50000000000000355, 104.5000000000000000, 187.1211616751135409 ) ) ;
#1412 = CARTESIAN_POINT ( 'NONE',  ( -24.69999999999999929, 2.816687638038912352E-15, 5.000000000000000000 ) ) ;
#1413 = ORIENTED_EDGE ( 'NONE', *, *, #1755, .T. ) ;
#1414 = DIRECTION ( 'NONE',  ( 1.000000000000000000, 0.000000000000000000, 0.000000000000000000 ) ) ;
#1415 = CARTESIAN_POINT ( 'NONE',  ( 1.102182119232616531E-15, -104.5000000000000000, 223.0000000000000000 ) ) ;
#1416 = CARTESIAN_POINT ( 'NONE',  ( 70.00000000000000000, -100.4999999999999858, 262.0000000000000000 ) ) ;
#1417 = EDGE_CURVE ( 'NONE', #2306, #657, #3564, .T. ) ;
#1418 = DIRECTION ( 'NONE',  ( 0.000000000000000000, -0.000000000000000000, 1.000000000000000000 ) ) ;
#1419 = CARTESIAN_POINT ( 'NONE',  ( -11.50000000000001066, -19.91858428704208350, 0.000000000000000000 ) ) ;
#1420 = DIRECTION ( 'NONE',  ( -0.000000000000000000, -1.000000000000000000, 0.000000000000000000 ) ) ;
#1421 = ORIENTED_EDGE ( 'NONE', *, *, #279, .T. ) ;
#1422 = EDGE_CURVE ( 'NONE', #3462, #1640, #1881, .T. ) ;
#1423 = ORIENTED_EDGE ( 'NONE', *, *, #3374, .T. ) ;
#1424 = AXIS2_PLACEMENT_3D ( 'NONE', #2973, #3334, #1974 ) ;
#1425 = FACE_OUTER_BOUND ( 'NONE', #3842, .T. ) ;
#1426 = DIRECTION ( 'NONE',  ( 0.000000000000000000, 0.000000000000000000, 1.000000000000000000 ) ) ;
#1427 = VERTEX_POINT ( 'NONE', #1261 ) ;
#1428 = CARTESIAN_POINT ( 'NONE',  ( 23.00000000000000000, 0.000000000000000000, 5.000000000000000000 ) ) ;
#1429 = ORIENTED_EDGE ( 'NONE', *, *, #2173, .T. ) ;
#1430 = AXIS2_PLACEMENT_3D ( 'NONE', #3258, #518, #2853 ) ;
#1431 = DIRECTION ( 'NONE',  ( 1.000000000000000000, 0.000000000000000000, 0.000000000000000000 ) ) ;
#1432 = DIRECTION ( 'NONE',  ( 0.000000000000000000, 0.000000000000000000, -1.000000000000000000 ) ) ;
#1433 = ORIENTED_EDGE ( 'NONE', *, *, #3639, .F. ) ;
#1434 = CARTESIAN_POINT ( 'NONE',  ( 8.062257748298545579, 104.5000000000000000, 218.0000000000000000 ) ) ;
#1435 = CARTESIAN_POINT ( 'NONE',  ( 16.50000000000000355, 104.5000000000000000, 242.5788383248864761 ) ) ;
#1436 = FACE_OUTER_BOUND ( 'NONE', #268, .T. ) ;
#1437 = DIRECTION ( 'NONE',  ( 0.000000000000000000, 1.000000000000000000, 0.000000000000000000 ) ) ;
#1438 = CARTESIAN_POINT ( 'NONE',  ( 0.000000000000000000, 100.4999999999999858, 100.0000000000000000 ) ) ;
#1439 = DIRECTION ( 'NONE',  ( 0.000000000000000000, -0.000000000000000000, 1.000000000000000000 ) ) ;
#1440 = ORIENTED_EDGE ( 'NONE', *, *, #1500, .T. ) ;
#1441 = ORIENTED_EDGE ( 'NONE', *, *, #3087, .T. ) ;
#1442 = DIRECTION ( 'NONE',  ( 1.000000000000000000, 0.000000000000000000, -0.000000000000000000 ) ) ;
#1443 = DESIGN_CONTEXT ( 'detailed design', #663, 'design' ) ;
#1444 = DIRECTION ( 'NONE',  ( -0.000000000000000000, -1.000000000000000000, -0.000000000000000000 ) ) ;
#1445 = ADVANCED_FACE ( 'NONE', ( #1284, #553, #2276, #3902, #595, #862, #616, #3637 ), #1946, .T. ) ;
#1446 = LINE ( 'NONE', #2759, #2044 ) ;
#1447 = AXIS2_PLACEMENT_3D ( 'NONE', #4340, #1918, #2558 ) ;
#1448 = VERTEX_POINT ( 'NONE', #2900 ) ;
#1449 = DIRECTION ( 'NONE',  ( -0.7071067811865474617, 0.7071067811865474617, 0.000000000000000000 ) ) ;
#1450 = EDGE_CURVE ( 'NONE', #338, #2970, #2769, .T. ) ;
#1451 = AXIS2_PLACEMENT_3D ( 'NONE', #3814, #3519, #3163 ) ;
#1452 = VECTOR ( 'NONE', #218, 1000.000000000000000 ) ;
#1453 = CYLINDRICAL_SURFACE ( 'NONE', #791, 1.700000000000007061 ) ;
#1454 = ORIENTED_EDGE ( 'NONE', *, *, #3410, .T. ) ;
#1455 = PLANE ( 'NONE',  #1887 ) ;
#1456 = EDGE_CURVE ( 'NONE', #3101, #3354, #3926, .T. ) ;
#1457 = CARTESIAN_POINT ( 'NONE',  ( -74.00000000000000000, -104.5000000000000000, 100.0000000000000000 ) ) ;
#1458 = DIRECTION ( 'NONE',  ( 0.000000000000000000, 0.000000000000000000, 1.000000000000000000 ) ) ;
#1459 = DIRECTION ( 'NONE',  ( 1.000000000000000000, -0.000000000000000000, 0.000000000000000000 ) ) ;
#1460 = FACE_OUTER_BOUND ( 'NONE', #2498, .T. ) ;
#1461 = CARTESIAN_POINT ( 'NONE',  ( 9.800000000000000711, -19.91858428704208706, 5.000000000000000000 ) ) ;
#1462 = ORIENTED_EDGE ( 'NONE', *, *, #556, .F. ) ;
#1463 = ORIENTED_EDGE ( 'NONE', *, *, #3173, .T. ) ;
#1464 = EDGE_LOOP ( 'NONE', ( #4374, #314, #1997, #1064 ) ) ;
#1465 = DIRECTION ( 'NONE',  ( -0.000000000000000000, 0.000000000000000000, 1.000000000000000000 ) ) ;
#1466 = VERTEX_POINT ( 'NONE', #3752 ) ;
#1467 = VECTOR ( 'NONE', #1986, 1000.000000000000000 ) ;
#1468 = ADVANCED_FACE ( 'NONE', ( #4347 ), #4113, .F. ) ;
#1469 = DIRECTION ( 'NONE',  ( -0.000000000000000000, -0.000000000000000000, -1.000000000000000000 ) ) ;
#1470 = ADVANCED_FACE ( 'NONE', ( #4039 ), #3076, .F. ) ;
#1471 = DIRECTION ( 'NONE',  ( 0.000000000000000000, 0.000000000000000000, 1.000000000000000000 ) ) ;
#1472 = DIRECTION ( 'NONE',  ( 0.000000000000000000, 1.000000000000000000, 0.000000000000000000 ) ) ;
#1473 = DIRECTION ( 'NONE',  ( 0.000000000000000000, 0.000000000000000000, 1.000000000000000000 ) ) ;
#1474 = CARTESIAN_POINT ( 'NONE',  ( 12.50000000000000000, 1.530808498934191521E-15, 98.00000000000000000 ) ) ;
#1475 = DIRECTION ( 'NONE',  ( -0.000000000000000000, -1.000000000000000000, -0.000000000000000000 ) ) ;
#1476 = CARTESIAN_POINT ( 'NONE',  ( 0.000000000000000000, 0.000000000000000000, 2.200000000000000178 ) ) ;
#1477 = LINE ( 'NONE', #3466, #2935 ) ;
#1478 = ORIENTED_EDGE ( 'NONE', *, *, #1203, .T. ) ;
#1479 = ORIENTED_EDGE ( 'NONE', *, *, #4272, .F. ) ;
#1480 = DIRECTION ( 'NONE',  ( 0.000000000000000000, 1.000000000000000000, 0.000000000000000000 ) ) ;
#1481 = CARTESIAN_POINT ( 'NONE',  ( 23.00000000000000000, 0.000000000000000000, 0.000000000000000000 ) ) ;
#1482 = EDGE_LOOP ( 'NONE', ( #3331, #336 ) ) ;
#1483 = AXIS2_PLACEMENT_3D ( 'NONE', #1358, #2708, #643 ) ;
#1484 = CARTESIAN_POINT ( 'NONE',  ( 11.50000000000000178, -19.91858428704208706, 5.000000000000000000 ) ) ;
#1485 = VECTOR ( 'NONE', #1922, 1000.000000000000000 ) ;
#1486 = EDGE_CURVE ( 'NONE', #3456, #3796, #3835, .T. ) ;
#1487 = VECTOR ( 'NONE', #677, 1000.000000000000000 ) ;
#1488 = DIRECTION ( 'NONE',  ( 0.000000000000000000, -1.000000000000000000, 0.000000000000000000 ) ) ;
#1489 = DIRECTION ( 'NONE',  ( -0.000000000000000000, -1.000000000000000000, -0.000000000000000000 ) ) ;
#1490 = EDGE_CURVE ( 'NONE', #1856, #691, #1305, .T. ) ;
#1491 = CARTESIAN_POINT ( 'NONE',  ( -16.49999999999999289, 100.4999999999999858, 183.7211616751135068 ) ) ;
#1492 = CARTESIAN_POINT ( 'NONE',  ( -70.00000000000000000, 100.4999999999999858, 214.0000000000000000 ) ) ;
#1493 = ADVANCED_FACE ( 'NONE', ( #2656 ), #3423, .F. ) ;
#1494 = AXIS2_PLACEMENT_3D ( 'NONE', #1841, #3493, #107 ) ;
#1495 = CARTESIAN_POINT ( 'NONE',  ( 60.00000000000000711, 100.9999999999999858, 218.0000000000000000 ) ) ;
#1496 = CARTESIAN_POINT ( 'NONE',  ( 0.000000000000000000, 0.000000000000000000, 218.0000000000000000 ) ) ;
#1497 = CARTESIAN_POINT ( 'NONE',  ( -70.00000000000000000, 85.49999999999998579, 0.000000000000000000 ) ) ;
#1498 = EDGE_CURVE ( 'NONE', #718, #381, #4255, .T. ) ;
#1499 = ORIENTED_EDGE ( 'NONE', *, *, #1880, .T. ) ;
#1500 = EDGE_CURVE ( 'NONE', #2327, #3446, #1984, .T. ) ;
#1501 = ORIENTED_EDGE ( 'NONE', *, *, #4065, .T. ) ;
#1502 = VERTEX_POINT ( 'NONE', #3356 ) ;
#1503 = DIRECTION ( 'NONE',  ( 1.000000000000000000, 0.000000000000000000, 0.000000000000000000 ) ) ;
#1504 = ORIENTED_EDGE ( 'NONE', *, *, #3300, .T. ) ;
#1505 = ORIENTED_EDGE ( 'NONE', *, *, #308, .F. ) ;
#1506 = DIRECTION ( 'NONE',  ( 0.000000000000000000, 0.000000000000000000, 1.000000000000000000 ) ) ;
#1507 = CARTESIAN_POINT ( 'NONE',  ( 70.00000000000000000, -85.49999999999998579, 5.000000000000000000 ) ) ;
#1508 = DIRECTION ( 'NONE',  ( 1.000000000000000000, 0.000000000000000000, 0.000000000000000000 ) ) ;
#1509 = VECTOR ( 'NONE', #2553, 1000.000000000000000 ) ;
#1510 = PERSON_AND_ORGANIZATION ( #1184, #3653 ) ;
#1511 = DIRECTION ( 'NONE',  ( 0.000000000000000000, 0.000000000000000000, -1.000000000000000000 ) ) ;
#1512 = AXIS2_PLACEMENT_3D ( 'NONE', #3795, #2793, #758 ) ;
#1513 = ADVANCED_FACE ( 'NONE', ( #3442 ), #1041, .F. ) ;
#1514 = EDGE_CURVE ( 'NONE', #4243, #2655, #3097, .T. ) ;
#1515 = FACE_BOUND ( 'NONE', #2665, .T. ) ;
#1516 = CARTESIAN_POINT ( 'NONE',  ( 70.00000000000000000, -85.49999999999998579, 5.000000000000000000 ) ) ;
#1517 = FACE_OUTER_BOUND ( 'NONE', #4305, .T. ) ;
#1518 = CARTESIAN_POINT ( 'NONE',  ( 50.00000000000000000, -100.4999999999999858, 214.0000000000000000 ) ) ;
#1519 = ORIENTED_EDGE ( 'NONE', *, *, #3808, .F. ) ;
#1520 = CIRCLE ( 'NONE', #3726, 1.700000000000007061 ) ;
#1521 = ORIENTED_EDGE ( 'NONE', *, *, #660, .F. ) ;
#1522 = DIRECTION ( 'NONE',  ( 0.000000000000000000, 1.000000000000000000, 0.000000000000000000 ) ) ;
#1523 = CARTESIAN_POINT ( 'NONE',  ( -70.00000000000000000, 100.4999999999999858, 5.000000000000000000 ) ) ;
#1524 = ORIENTED_EDGE ( 'NONE', *, *, #774, .T. ) ;
#1525 = ADVANCED_FACE ( 'NONE', ( #708 ), #4370, .F. ) ;
#1526 = EDGE_LOOP ( 'NONE', ( #1998, #1243, #3099, #2396, #823, #3381 ) ) ;
#1527 = DIRECTION ( 'NONE',  ( 0.000000000000000000, 1.000000000000000000, 0.000000000000000000 ) ) ;
#1528 = VECTOR ( 'NONE', #2199, 1000.000000000000000 ) ;
#1529 = FACE_OUTER_BOUND ( 'NONE', #3775, .T. ) ;
#1530 = VECTOR ( 'NONE', #767, 1000.000000000000000 ) ;
#1531 = DIRECTION ( 'NONE',  ( -1.000000000000000000, 0.000000000000000000, 0.000000000000000000 ) ) ;
#1532 = PERSON_AND_ORGANIZATION_ROLE ( 'design_owner' ) ;
#1533 = FACE_OUTER_BOUND ( 'NONE', #2326, .T. ) ;
#1534 = AXIS2_PLACEMENT_3D ( 'NONE', #255, #4307, #1360 ) ;
#1535 = CARTESIAN_POINT ( 'NONE',  ( -60.00000000000000711, -90.50000000000000000, 5.000000000000000000 ) ) ;
#1536 = CARTESIAN_POINT ( 'NONE',  ( 0.000000000000000000, 100.4999999999999858, 214.0000000000000000 ) ) ;
#1537 = CIRCLE ( 'NONE', #1694, 1.700000000000000178 ) ;
#1538 = DIRECTION ( 'NONE',  ( 0.000000000000000000, -1.000000000000000000, 0.000000000000000000 ) ) ;
#1539 = DIRECTION ( 'NONE',  ( -0.000000000000000000, -1.000000000000000000, -0.000000000000000000 ) ) ;
#1540 = EDGE_LOOP ( 'NONE', ( #2956, #1373, #2904, #931 ) ) ;
#1541 = VERTEX_POINT ( 'NONE', #333 ) ;
#1542 = ADVANCED_FACE ( 'NONE', ( #7 ), #992, .F. ) ;
#1543 = EDGE_LOOP ( 'NONE', ( #358, #1119, #421, #4328 ) ) ;
#1544 = DIRECTION ( 'NONE',  ( 0.000000000000000000, 0.000000000000000000, -1.000000000000000000 ) ) ;
#1545 = DIRECTION ( 'NONE',  ( 0.000000000000000000, -1.000000000000000000, 0.000000000000000000 ) ) ;
#1546 = ORIENTED_EDGE ( 'NONE', *, *, #2492, .T. ) ;
#1547 = EDGE_LOOP ( 'NONE', ( #3265, #360 ) ) ;
#1548 = VERTEX_POINT ( 'NONE', #2081 ) ;
#1549 = ORIENTED_EDGE ( 'NONE', *, *, #1779, .T. ) ;
#1550 = CYLINDRICAL_SURFACE ( 'NONE', #1260, 1.700000000000000178 ) ;
#1551 = EDGE_CURVE ( 'NONE', #86, #2409, #735, .T. ) ;
#1552 = VECTOR ( 'NONE', #3662, 1000.000000000000000 ) ;
#1553 = FACE_BOUND ( 'NONE', #2064, .T. ) ;
#1554 = VECTOR ( 'NONE', #3245, 1000.000000000000000 ) ;
#1555 = LINE ( 'NONE', #2240, #1114 ) ;
#1556 = DIRECTION ( 'NONE',  ( 0.000000000000000000, 0.000000000000000000, 1.000000000000000000 ) ) ;
#1557 = CARTESIAN_POINT ( 'NONE',  ( -33.00000000000000000, -100.4999999999999858, 215.6999999999999886 ) ) ;
#1558 = AXIS2_PLACEMENT_3D ( 'NONE', #372, #2785, #749 ) ;
#1559 = DIRECTION ( 'NONE',  ( 1.000000000000000000, 0.000000000000000000, 0.000000000000000000 ) ) ;
#1560 = CARTESIAN_POINT ( 'NONE',  ( -74.00000000000000000, -104.5000000000000000, 262.0000000000000000 ) ) ;
#1561 = VECTOR ( 'NONE', #2132, 1000.000000000000000 ) ;
#1562 = DIRECTION ( 'NONE',  ( -0.000000000000000000, -0.000000000000000000, -1.000000000000000000 ) ) ;
#1563 = DIRECTION ( 'NONE',  ( -0.000000000000000000, -0.000000000000000000, -1.000000000000000000 ) ) ;
#1564 = ORIENTED_EDGE ( 'NONE', *, *, #3026, .F. ) ;
#1565 = VERTEX_POINT ( 'NONE', #2017 ) ;
#1566 = ORIENTED_EDGE ( 'NONE', *, *, #2232, .T. ) ;
#1567 = FACE_OUTER_BOUND ( 'NONE', #722, .T. ) ;
#1568 = LINE ( 'NONE', #2563, #364 ) ;
#1569 = ORIENTED_EDGE ( 'NONE', *, *, #1391, .F. ) ;
#1570 = ORIENTED_EDGE ( 'NONE', *, *, #1867, .T. ) ;
#1571 = EDGE_CURVE ( 'NONE', #1427, #1298, #402, .T. ) ;
#1572 = ORIENTED_EDGE ( 'NONE', *, *, #1778, .F. ) ;
#1573 = PLANE ( 'NONE',  #1684 ) ;
#1574 = FACE_BOUND ( 'NONE', #2394, .T. ) ;
#1575 = CARTESIAN_POINT ( 'NONE',  ( 70.00000000000000000, 100.4999999999999858, 262.0000000000000000 ) ) ;
#1576 = MECHANICAL_CONTEXT ( 'NONE', #973, 'mechanical' ) ;
#1577 = DIRECTION ( 'NONE',  ( -0.000000000000000000, 0.000000000000000000, 1.000000000000000000 ) ) ;
#1578 = ORIENTED_EDGE ( 'NONE', *, *, #2491, .T. ) ;
#1579 = AXIS2_PLACEMENT_3D ( 'NONE', #1988, #2696, #2743 ) ;
#1580 = EDGE_CURVE ( 'NONE', #3462, #1754, #2366, .T. ) ;
#1581 = VECTOR ( 'NONE', #1248, 1000.000000000000000 ) ;
#1582 = FACE_BOUND ( 'NONE', #3667, .T. ) ;
#1583 = DIRECTION ( 'NONE',  ( -0.000000000000000000, -0.000000000000000000, -1.000000000000000000 ) ) ;
#1584 = CARTESIAN_POINT ( 'NONE',  ( 0.000000000000000000, 100.4999999999999858, 214.0000000000000000 ) ) ;
#1585 = CARTESIAN_POINT ( 'NONE',  ( 17.15000000000000213, 2.100269260537711104E-15, 2.200000000000000178 ) ) ;
#1586 = ORIENTED_EDGE ( 'NONE', *, *, #3238, .T. ) ;
#1587 = EDGE_LOOP ( 'NONE', ( #3329, #2810, #766, #3469 ) ) ;
#1588 = AXIS2_PLACEMENT_3D ( 'NONE', #874, #4294, #2222 ) ;
#1589 = VERTEX_POINT ( 'NONE', #2038 ) ;
#1590 = DIRECTION ( 'NONE',  ( 1.000000000000000000, 0.000000000000000000, 0.000000000000000000 ) ) ;
#1591 = EDGE_LOOP ( 'NONE', ( #2776, #1903, #819, #1149 ) ) ;
#1592 = CARTESIAN_POINT ( 'NONE',  ( -69.49999999999998579, 104.5000000000000000, 100.0000000000000000 ) ) ;
#1593 = AXIS2_PLACEMENT_3D ( 'NONE', #476, #154, #3874 ) ;
#1594 = ORIENTED_EDGE ( 'NONE', *, *, #4140, .F. ) ;
#1595 = ORIENTED_EDGE ( 'NONE', *, *, #2425, .T. ) ;
#1596 = ORIENTED_EDGE ( 'NONE', *, *, #743, .F. ) ;
#1597 = CARTESIAN_POINT ( 'NONE',  ( 0.000000000000000000, 104.5000000000000000, 214.0000000000000000 ) ) ;
#1598 = EDGE_CURVE ( 'NONE', #1171, #4118, #2192, .T. ) ;
#1599 = ADVANCED_FACE ( 'NONE', ( #3201 ), #4175, .F. ) ;
#1600 = CIRCLE ( 'NONE', #3663, 1.700000000000000178 ) ;
#1601 = DIRECTION ( 'NONE',  ( 0.000000000000000000, 1.000000000000000000, 0.000000000000000000 ) ) ;
#1602 = VECTOR ( 'NONE', #303, 1000.000000000000000 ) ;
#1603 = APPROVAL_STATUS ( 'not_yet_approved' ) ;
#1604 = CARTESIAN_POINT ( 'NONE',  ( 70.00000000000000000, -91.00000000000000000, 218.0000000000000000 ) ) ;
#1605 = EDGE_CURVE ( 'NONE', #3992, #381, #1814, .T. ) ;
#1606 = AXIS2_PLACEMENT_3D ( 'NONE', #72, #1810, #4188 ) ;
#1607 = LINE ( 'NONE', #4032, #2698 ) ;
#1608 = DIRECTION ( 'NONE',  ( -1.000000000000000000, 0.000000000000000000, 0.000000000000000000 ) ) ;
#1609 = LINE ( 'NONE', #1965, #3019 ) ;
#1610 = DIRECTION ( 'NONE',  ( 1.000000000000000000, 0.000000000000000000, 0.000000000000000000 ) ) ;
#1611 = VERTEX_POINT ( 'NONE', #2184 ) ;
#1612 = VECTOR ( 'NONE', #2735, 1000.000000000000000 ) ;
#1613 = ADVANCED_FACE ( 'NONE', ( #2473, #1145 ), #1774, .F. ) ;
#1614 = ORIENTED_EDGE ( 'NONE', *, *, #1172, .T. ) ;
#1615 = DIRECTION ( 'NONE',  ( -0.000000000000000000, -1.000000000000000000, -0.000000000000000000 ) ) ;
#1616 = VECTOR ( 'NONE', #559, 1000.000000000000000 ) ;
#1617 = DIRECTION ( 'NONE',  ( 0.000000000000000000, 0.000000000000000000, -1.000000000000000000 ) ) ;
#1618 = ORIENTED_EDGE ( 'NONE', *, *, #1605, .T. ) ;
#1619 = VERTEX_POINT ( 'NONE', #817 ) ;
#1620 = ORIENTED_EDGE ( 'NONE', *, *, #1226, .T. ) ;
#1621 = EDGE_LOOP ( 'NONE', ( #3262, #2062, #2882, #4095 ) ) ;
#1622 = DIRECTION ( 'NONE',  ( -0.000000000000000000, -1.000000000000000000, -0.000000000000000000 ) ) ;
#1623 = EDGE_CURVE ( 'NONE', #1353, #4142, #100, .T. ) ;
#1624 = CARTESIAN_POINT ( 'NONE',  ( 16.50000000000000355, 100.4999999999999858, 242.5788383248864761 ) ) ;
#1625 = PLANE ( 'NONE',  #3860 ) ;
#1626 = AXIS2_PLACEMENT_3D ( 'NONE', #2323, #55, #3684 ) ;
#1627 = LINE ( 'NONE', #2671, #3839 ) ;
#1628 = CARTESIAN_POINT ( 'NONE',  ( 9.000000000000000000, 100.4999999999999858, 214.0000000000000000 ) ) ;
#1629 = CARTESIAN_POINT ( 'NONE',  ( -57.25000000000000000, -90.50000000000000000, 5.000000000000000000 ) ) ;
#1630 = CYLINDRICAL_SURFACE ( 'NONE', #4280, 1.700000000000007061 ) ;
#1631 = VERTEX_POINT ( 'NONE', #121 ) ;
#1632 = AXIS2_PLACEMENT_3D ( 'NONE', #3563, #4237, #3925 ) ;
#1633 = ORIENTED_EDGE ( 'NONE', *, *, #4265, .T. ) ;
#1634 = FACE_OUTER_BOUND ( 'NONE', #1587, .T. ) ;
#1635 = EDGE_LOOP ( 'NONE', ( #686, #1572 ) ) ;
#1636 = VERTEX_POINT ( 'NONE', #2164 ) ;
#1637 = EDGE_CURVE ( 'NONE', #33, #2409, #2126, .T. ) ;
#1638 = CARTESIAN_POINT ( 'NONE',  ( 0.000000000000000000, -104.5000000000000000, 0.000000000000000000 ) ) ;
#1639 = ADVANCED_FACE ( 'NONE', ( #3522 ), #480, .F. ) ;
#1640 = VERTEX_POINT ( 'NONE', #3539 ) ;
#1641 = ORIENTED_EDGE ( 'NONE', *, *, #1318, .F. ) ;
#1642 = ORIENTED_EDGE ( 'NONE', *, *, #1598, .T. ) ;
#1643 = ORIENTED_EDGE ( 'NONE', *, *, #1417, .F. ) ;
#1644 = ADVANCED_FACE ( 'NONE', ( #4154 ), #1752, .F. ) ;
#1645 = ORIENTED_EDGE ( 'NONE', *, *, #4330, .T. ) ;
#1646 = CARTESIAN_POINT ( 'NONE',  ( 57.25000000000000711, -90.50000000000000000, 5.000000000000000000 ) ) ;
#1647 = ORIENTED_EDGE ( 'NONE', *, *, #2102, .T. ) ;
#1648 = CARTESIAN_POINT ( 'NONE',  ( -50.00000000000000000, 80.50000000000000000, 214.0000000000000000 ) ) ;
#1649 = APPROVAL_ROLE ( '' ) ;
#1650 = CARTESIAN_POINT ( 'NONE',  ( 70.00000000000000000, -85.49999999999998579, 0.000000000000000000 ) ) ;
#1651 = CARTESIAN_POINT ( 'NONE',  ( -50.50000000000000000, 100.9999999999999858, 98.00000000000000000 ) ) ;
#1652 = LINE ( 'NONE', #4011, #3247 ) ;
#1653 = DIRECTION ( 'NONE',  ( 0.000000000000000000, 0.000000000000000000, 1.000000000000000000 ) ) ;
#1654 = CARTESIAN_POINT ( 'NONE',  ( 60.50000000000000711, -100.4999999999999858, 218.0000000000000000 ) ) ;
#1655 = ORIENTED_EDGE ( 'NONE', *, *, #76, .F. ) ;
#1656 = EDGE_CURVE ( 'NONE', #1541, #3998, #837, .T. ) ;
#1657 = VERTEX_POINT ( 'NONE', #3122 ) ;
#1658 = DIRECTION ( 'NONE',  ( 0.000000000000000000, 1.000000000000000000, 0.000000000000000000 ) ) ;
#1659 = ORIENTED_EDGE ( 'NONE', *, *, #2805, .T. ) ;
#1660 = DIRECTION ( 'NONE',  ( 0.000000000000000000, 0.000000000000000000, -1.000000000000000000 ) ) ;
#1661 = CARTESIAN_POINT ( 'NONE',  ( -11.50000000000001066, -19.91858428704208350, 5.000000000000000000 ) ) ;
#1662 = ORIENTED_EDGE ( 'NONE', *, *, #1217, .F. ) ;
#1663 = VECTOR ( 'NONE', #3937, 1000.000000000000000 ) ;
#1664 = EDGE_LOOP ( 'NONE', ( #3170, #2191, #2920, #3570 ) ) ;
#1665 = ORIENTED_EDGE ( 'NONE', *, *, #825, .F. ) ;
#1666 = VERTEX_POINT ( 'NONE', #78 ) ;
#1667 = CARTESIAN_POINT ( 'NONE',  ( -70.00000000000000000, 100.4999999999999858, 214.0000000000000000 ) ) ;
#1668 = ORIENTED_EDGE ( 'NONE', *, *, #624, .T. ) ;
#1669 = DIRECTION ( 'NONE',  ( -0.000000000000000000, -0.000000000000000000, -1.000000000000000000 ) ) ;
#1670 = LOCAL_TIME ( 11, 9, 14.00000000000000000, #1931 ) ;
#1671 = EDGE_CURVE ( 'NONE', #750, #2997, #2736, .T. ) ;
#1672 = VERTEX_POINT ( 'NONE', #2833 ) ;
#1673 = CARTESIAN_POINT ( 'NONE',  ( -70.00000000000000000, 104.5000000000000000, 100.0000000000000000 ) ) ;
#1674 = FACE_OUTER_BOUND ( 'NONE', #1819, .T. ) ;
#1675 = DIRECTION ( 'NONE',  ( 0.000000000000000000, 0.000000000000000000, -1.000000000000000000 ) ) ;
#1676 = DIRECTION ( 'NONE',  ( -0.000000000000000000, -1.000000000000000000, -0.000000000000000000 ) ) ;
#1677 = CARTESIAN_POINT ( 'NONE',  ( -74.00000000000000000, 1.365481181049298046E-15, 223.8499999999999943 ) ) ;
#1678 = CARTESIAN_POINT ( 'NONE',  ( 50.00000000000000000, -100.4999999999999858, 214.0000000000000000 ) ) ;
#1679 = ORIENTED_EDGE ( 'NONE', *, *, #4058, .F. ) ;
#1680 = CIRCLE ( 'NONE', #2312, 1.700000000000007061 ) ;
#1681 = VERTEX_POINT ( 'NONE', #2105 ) ;
#1682 = DIRECTION ( 'NONE',  ( 1.000000000000000000, 0.000000000000000000, 0.000000000000000000 ) ) ;
#1683 = CARTESIAN_POINT ( 'NONE',  ( 55.00000000000000711, 100.4999999999999858, 5.000000000000000000 ) ) ;
#1684 = AXIS2_PLACEMENT_3D ( 'NONE', #2568, #1506, #888 ) ;
#1685 = EDGE_CURVE ( 'NONE', #110, #1996, #2771, .T. ) ;
#1686 = CARTESIAN_POINT ( 'NONE',  ( -23.00000000000000000, 2.816687638038912352E-15, 5.000000000000000000 ) ) ;
#1687 = ORIENTED_EDGE ( 'NONE', *, *, #4166, .F. ) ;
#1688 = CIRCLE ( 'NONE', #2824, 1.700000000000007061 ) ;
#1689 = ORIENTED_EDGE ( 'NONE', *, *, #1456, .F. ) ;
#1690 = DIRECTION ( 'NONE',  ( 0.000000000000000000, 0.000000000000000000, 1.000000000000000000 ) ) ;
#1691 = ORIENTED_EDGE ( 'NONE', *, *, #4148, .T. ) ;
#1692 = ADVANCED_FACE ( 'NONE', ( #1081, #1460 ), #3877, .F. ) ;
#1693 = DIRECTION ( 'NONE',  ( 0.000000000000000000, 1.000000000000000000, 0.000000000000000000 ) ) ;
#1694 = AXIS2_PLACEMENT_3D ( 'NONE', #1428, #4141, #2441 ) ;
#1695 = VERTEX_POINT ( 'NONE', #757 ) ;
#1696 = FACE_OUTER_BOUND ( 'NONE', #863, .T. ) ;
#1697 = EDGE_CURVE ( 'NONE', #3429, #4043, #2955, .T. ) ;
#1698 = FACE_OUTER_BOUND ( 'NONE', #3953, .T. ) ;
#1699 = CARTESIAN_POINT ( 'NONE',  ( -55.00000000000000711, -100.4999999999999858, 0.000000000000000000 ) ) ;
#1700 = DIRECTION ( 'NONE',  ( 1.000000000000000000, 0.000000000000000000, 0.000000000000000000 ) ) ;
#1701 = DIRECTION ( 'NONE',  ( 0.000000000000000000, 0.000000000000000000, 1.000000000000000000 ) ) ;
#1702 = DIRECTION ( 'NONE',  ( -0.000000000000000000, -0.000000000000000000, -1.000000000000000000 ) ) ;
#1703 = CLOSED_SHELL ( 'NONE', ( #769, #398, #1144, #1281, #3115, #3916 ) ) ;
#1704 = ORIENTED_EDGE ( 'NONE', *, *, #689, .F. ) ;
#1705 = CARTESIAN_POINT ( 'NONE',  ( -62.75000000000000000, -90.50000000000000000, 5.000000000000000000 ) ) ;
#1706 = DIRECTION ( 'NONE',  ( 0.000000000000000000, 0.000000000000000000, -1.000000000000000000 ) ) ;
#1707 = AXIS2_PLACEMENT_3D ( 'NONE', #1375, #2703, #3023 ) ;
#1708 = VECTOR ( 'NONE', #4153, 1000.000000000000000 ) ;
#1709 = CARTESIAN_POINT ( 'NONE',  ( 11.50000000000000178, -19.91858428704208706, 0.000000000000000000 ) ) ;
#1710 = ORIENTED_EDGE ( 'NONE', *, *, #3782, .T. ) ;
#1711 = ORIENTED_EDGE ( 'NONE', *, *, #2761, .F. ) ;
#1712 = VERTEX_POINT ( 'NONE', #3501 ) ;
#1713 = VECTOR ( 'NONE', #4229, 1000.000000000000000 ) ;
#1714 = ORIENTED_EDGE ( 'NONE', *, *, #3249, .F. ) ;
#1715 = LINE ( 'NONE', #3057, #2845 ) ;
#1716 = ORIENTED_EDGE ( 'NONE', *, *, #4223, .F. ) ;
#1717 = DIRECTION ( 'NONE',  ( 1.000000000000000000, 0.000000000000000000, 0.000000000000000000 ) ) ;
#1718 = AXIS2_PLACEMENT_3D ( 'NONE', #1481, #4161, #508 ) ;
#1719 = EDGE_CURVE ( 'NONE', #4074, #3544, #3465, .T. ) ;
#1720 = CARTESIAN_POINT ( 'NONE',  ( -70.00000000000000000, 100.4999999999999858, 100.0000000000000000 ) ) ;
#1721 = PERSON_AND_ORGANIZATION ( #1184, #3653 ) ;
#1722 = CYLINDRICAL_SURFACE ( 'NONE', #3345, 12.50000000000000000 ) ;
#1723 = DIRECTION ( 'NONE',  ( -0.000000000000000000, -0.000000000000000000, -1.000000000000000000 ) ) ;
#1724 = CARTESIAN_POINT ( 'NONE',  ( -16.50000000000001421, -100.4999999999999858, 242.5788383248864761 ) ) ;
#1725 = FACE_OUTER_BOUND ( 'NONE', #484, .T. ) ;
#1726 = ORIENTED_EDGE ( 'NONE', *, *, #3004, .F. ) ;
#1727 = EDGE_CURVE ( 'NONE', #1399, #4284, #687, .T. ) ;
#1728 = DIRECTION ( 'NONE',  ( 0.7071067811865475727, -0.7071067811865475727, 0.000000000000000000 ) ) ;
#1729 = DIRECTION ( 'NONE',  ( 1.000000000000000000, -0.000000000000000000, 0.000000000000000000 ) ) ;
#1730 = DIRECTION ( 'NONE',  ( 0.000000000000000000, 0.000000000000000000, -1.000000000000000000 ) ) ;
#1731 = ORIENTED_EDGE ( 'NONE', *, *, #4166, .T. ) ;
#1732 = VERTEX_POINT ( 'NONE', #873 ) ;
#1733 = ORIENTED_EDGE ( 'NONE', *, *, #821, .F. ) ;
#1734 = ORIENTED_EDGE ( 'NONE', *, *, #3173, .F. ) ;
#1735 = CARTESIAN_POINT ( 'NONE',  ( 33.00000000000000000, 104.5000000000000000, 214.0000000000000000 ) ) ;
#1736 = VECTOR ( 'NONE', #4209, 1000.000000000000000 ) ;
#1737 = VERTEX_POINT ( 'NONE', #3221 ) ;
#1738 = CARTESIAN_POINT ( 'NONE',  ( 70.00000000000000000, -100.4999999999999858, 5.000000000000000000 ) ) ;
#1739 = CIRCLE ( 'NONE', #674, 1.700000000000007061 ) ;
#1740 = ORIENTED_EDGE ( 'NONE', *, *, #2658, .F. ) ;
#1741 = DIRECTION ( 'NONE',  ( 0.000000000000000000, 0.000000000000000000, 1.000000000000000000 ) ) ;
#1742 = CIRCLE ( 'NONE', #3024, 1.700000000000007061 ) ;
#1743 = EDGE_CURVE ( 'NONE', #1640, #859, #2556, .T. ) ;
#1744 = DIRECTION ( 'NONE',  ( -0.000000000000000000, -1.000000000000000000, -0.000000000000000000 ) ) ;
#1745 = VERTEX_POINT ( 'NONE', #2966 ) ;
#1746 = DIRECTION ( 'NONE',  ( -0.000000000000000000, 0.000000000000000000, 1.000000000000000000 ) ) ;
#1747 = ADVANCED_FACE ( 'NONE', ( #2221 ), #544, .F. ) ;
#1748 = CARTESIAN_POINT ( 'NONE',  ( 16.50000000000000355, -104.5000000000000000, 242.5788383248864761 ) ) ;
#1749 = DIRECTION ( 'NONE',  ( 0.000000000000000000, 0.000000000000000000, -1.000000000000000000 ) ) ;
#1750 = AXIS2_PLACEMENT_3D ( 'NONE', #3607, #175, #1608 ) ;
#1751 = DIRECTION ( 'NONE',  ( -0.000000000000000000, -0.000000000000000000, -1.000000000000000000 ) ) ;
#1752 = CYLINDRICAL_SURFACE ( 'NONE', #764, 1.700000000000007061 ) ;
#1753 = DIRECTION ( 'NONE',  ( 0.000000000000000000, 1.000000000000000000, 0.000000000000000000 ) ) ;
#1754 = VERTEX_POINT ( 'NONE', #1516 ) ;
#1755 = EDGE_CURVE ( 'NONE', #382, #2419, #1186, .T. ) ;
#1756 = AXIS2_PLACEMENT_3D ( 'NONE', #439, #1472, #1769 ) ;
#1757 = ORIENTED_EDGE ( 'NONE', *, *, #3736, .T. ) ;
#1758 = VERTEX_POINT ( 'NONE', #3259 ) ;
#1759 = AXIS2_PLACEMENT_3D ( 'NONE', #3433, #1469, #1789 ) ;
#1760 = DIRECTION ( 'NONE',  ( -0.000000000000000000, -1.000000000000000000, -0.000000000000000000 ) ) ;
#1761 = VERTEX_POINT ( 'NONE', #500 ) ;
#1762 = DIRECTION ( 'NONE',  ( -0.000000000000000000, -0.000000000000000000, 1.000000000000000000 ) ) ;
#1763 = VERTEX_POINT ( 'NONE', #196 ) ;
#1764 = AXIS2_PLACEMENT_3D ( 'NONE', #1518, #2114, #1188 ) ;
#1765 = CARTESIAN_POINT ( 'NONE',  ( -33.00000000000000000, 104.5000000000000000, 212.2999999999999829 ) ) ;
#1766 = PRODUCT_RELATED_PRODUCT_CATEGORY ( 'detail', '', ( #4084 ) ) ;
#1767 = DIRECTION ( 'NONE',  ( 0.000000000000000000, 0.000000000000000000, 1.000000000000000000 ) ) ;
#1768 = ORIENTED_EDGE ( 'NONE', *, *, #719, .F. ) ;
#1769 = DIRECTION ( 'NONE',  ( 0.000000000000000000, 0.000000000000000000, 1.000000000000000000 ) ) ;
#1770 = CARTESIAN_POINT ( 'NONE',  ( 55.00000000000000711, 100.4999999999999858, 5.000000000000000000 ) ) ;
#1771 = LINE ( 'NONE', #1122, #250 ) ;
#1772 = ORIENTED_EDGE ( 'NONE', *, *, #1571, .F. ) ;
#1773 = FACE_BOUND ( 'NONE', #1635, .T. ) ;
#1774 = PLANE ( 'NONE',  #1200 ) ;
#1775 = CARTESIAN_POINT ( 'NONE',  ( -16.50000000000001421, 104.5000000000000000, 242.5788383248864761 ) ) ;
#1776 = ORIENTED_EDGE ( 'NONE', *, *, #2284, .F. ) ;
#1777 = ORIENTED_EDGE ( 'NONE', *, *, #3531, .F. ) ;
#1778 = EDGE_CURVE ( 'NONE', #932, #3102, #2951, .T. ) ;
#1779 = EDGE_CURVE ( 'NONE', #1128, #110, #1600, .T. ) ;
#1780 = VECTOR ( 'NONE', #3144, 1000.000000000000000 ) ;
#1781 = ORIENTED_EDGE ( 'NONE', *, *, #2663, .F. ) ;
#1782 = VECTOR ( 'NONE', #3395, 1000.000000000000000 ) ;
#1783 = DIRECTION ( 'NONE',  ( 1.000000000000000000, 0.000000000000000000, 0.000000000000000000 ) ) ;
#1784 = VERTEX_POINT ( 'NONE', #1560 ) ;
#1785 = DIRECTION ( 'NONE',  ( 1.000000000000000000, 0.000000000000000000, 0.000000000000000000 ) ) ;
#1786 = VERTEX_POINT ( 'NONE', #1252 ) ;
#1787 = CIRCLE ( 'NONE', #2336, 1.700000000000000178 ) ;
#1788 = EDGE_CURVE ( 'NONE', #1695, #1541, #2876, .T. ) ;
#1789 = DIRECTION ( 'NONE',  ( -1.000000000000000000, 0.000000000000000000, 0.000000000000000000 ) ) ;
#1790 = DIRECTION ( 'NONE',  ( -0.000000000000000000, -1.000000000000000000, 0.000000000000000000 ) ) ;
#1791 = ORIENTED_EDGE ( 'NONE', *, *, #2554, .T. ) ;
#1792 = DIRECTION ( 'NONE',  ( -0.000000000000000000, -0.000000000000000000, -1.000000000000000000 ) ) ;
#1793 = DIRECTION ( 'NONE',  ( 0.000000000000000000, 0.000000000000000000, 1.000000000000000000 ) ) ;
#1794 = LINE ( 'NONE', #3875, #1156 ) ;
#1795 = CARTESIAN_POINT ( 'NONE',  ( -70.00000000000000000, 85.49999999999998579, 5.000000000000000000 ) ) ;
#1796 = DIRECTION ( 'NONE',  ( -0.000000000000000000, -0.000000000000000000, -1.000000000000000000 ) ) ;
#1797 = CARTESIAN_POINT ( 'NONE',  ( -60.00000000000000711, -100.9999999999999858, 218.0000000000000000 ) ) ;
#1798 = ORIENTED_EDGE ( 'NONE', *, *, #4189, .T. ) ;
#1799 = ORIENTED_EDGE ( 'NONE', *, *, #2142, .F. ) ;
#1800 = DIRECTION ( 'NONE',  ( 0.000000000000000000, 0.000000000000000000, 1.000000000000000000 ) ) ;
#1801 = DIRECTION ( 'NONE',  ( 0.000000000000000000, 0.000000000000000000, 1.000000000000000000 ) ) ;
#1802 = EDGE_CURVE ( 'NONE', #4118, #3621, #2531, .T. ) ;
#1803 = ORIENTED_EDGE ( 'NONE', *, *, #3885, .F. ) ;
#1804 = AXIS2_PLACEMENT_3D ( 'NONE', #834, #814, #2141 ) ;
#1805 = DIRECTION ( 'NONE',  ( 1.000000000000000000, 0.000000000000000000, 0.000000000000000000 ) ) ;
#1806 = EDGE_CURVE ( 'NONE', #2858, #1382, #3894, .T. ) ;
#1807 = VECTOR ( 'NONE', #1854, 1000.000000000000000 ) ;
#1808 = VECTOR ( 'NONE', #2361, 1000.000000000000000 ) ;
#1809 = DIRECTION ( 'NONE',  ( -0.000000000000000000, -1.000000000000000000, -0.000000000000000000 ) ) ;
#1810 = DIRECTION ( 'NONE',  ( -0.000000000000000000, -0.000000000000000000, -1.000000000000000000 ) ) ;
#1811 = DIRECTION ( 'NONE',  ( 0.000000000000000000, 1.000000000000000000, 0.000000000000000000 ) ) ;
#1812 = DIRECTION ( 'NONE',  ( -0.000000000000000000, -0.000000000000000000, -1.000000000000000000 ) ) ;
#1813 = DIRECTION ( 'NONE',  ( 1.000000000000000000, 0.000000000000000000, -0.000000000000000000 ) ) ;
#1814 = LINE ( 'NONE', #2144, #637 ) ;
#1815 = CC_DESIGN_APPROVAL ( #2414, ( #3177 ) ) ;
#1816 = CARTESIAN_POINT ( 'NONE',  ( 16.50000000000000355, -104.5000000000000000, 242.5788383248864761 ) ) ;
#1817 = ORIENTED_EDGE ( 'NONE', *, *, #1867, .F. ) ;
#1818 = ORIENTED_EDGE ( 'NONE', *, *, #3710, .T. ) ;
#1819 = EDGE_LOOP ( 'NONE', ( #285, #2118, #3658, #682 ) ) ;
#1820 = EDGE_CURVE ( 'NONE', #1264, #1933, #827, .T. ) ;
#1821 = CARTESIAN_POINT ( 'NONE',  ( -16.50000000000001421, -104.5000000000000000, 240.8788383248864591 ) ) ;
#1822 = VECTOR ( 'NONE', #4251, 1000.000000000000000 ) ;
#1823 = ORIENTED_EDGE ( 'NONE', *, *, #2120, .T. ) ;
#1824 = CIRCLE ( 'NONE', #1250, 1.700000000000007061 ) ;
#1825 = EDGE_CURVE ( 'NONE', #1761, #688, #1915, .T. ) ;
#1826 = ADVANCED_FACE ( 'NONE', ( #2628 ), #4274, .F. ) ;
#1827 = DIRECTION ( 'NONE',  ( 0.000000000000000000, 1.000000000000000000, 0.000000000000000000 ) ) ;
#1828 = AXIS2_PLACEMENT_3D ( 'NONE', #2286, #3320, #1028 ) ;
#1829 = AXIS2_PLACEMENT_3D ( 'NONE', #4332, #2619, #3318 ) ;
#1830 = EDGE_CURVE ( 'NONE', #416, #1068, #2580, .T. ) ;
#1831 = CARTESIAN_POINT ( 'NONE',  ( -69.49999999999998579, 1.365481181049298046E-15, 223.8499999999999943 ) ) ;
#1832 = FACE_OUTER_BOUND ( 'NONE', #2207, .T. ) ;
#1833 = CARTESIAN_POINT ( 'NONE',  ( 33.00000000000000000, 104.5000000000000000, 215.6999999999999886 ) ) ;
#1834 = CARTESIAN_POINT ( 'NONE',  ( -12.50000000000000000, 0.000000000000000000, 98.00000000000000000 ) ) ;
#1835 = CARTESIAN_POINT ( 'NONE',  ( 9.800000000000000711, 19.91858428704208706, 5.000000000000000000 ) ) ;
#1836 = DIRECTION ( 'NONE',  ( -0.000000000000000000, -0.000000000000000000, -1.000000000000000000 ) ) ;
#1837 = CARTESIAN_POINT ( 'NONE',  ( -70.00000000000000000, -91.00000000000000000, 214.0000000000000000 ) ) ;
#1838 = ORIENTED_EDGE ( 'NONE', *, *, #2987, .F. ) ;
#1839 = VERTEX_POINT ( 'NONE', #3284 ) ;
#1840 = CARTESIAN_POINT ( 'NONE',  ( 60.00000000000000711, -90.50000000000000000, 5.000000000000000000 ) ) ;
#1841 = CARTESIAN_POINT ( 'NONE',  ( -16.50000000000001421, -100.4999999999999858, 242.5788383248864761 ) ) ;
#1842 = EDGE_LOOP ( 'NONE', ( #3364, #3798, #1689, #1197 ) ) ;
#1843 = CIRCLE ( 'NONE', #2990, 2.749999999999995559 ) ;
#1844 = DIRECTION ( 'NONE',  ( 0.000000000000000000, 0.000000000000000000, 1.000000000000000000 ) ) ;
#1845 = VECTOR ( 'NONE', #2104, 1000.000000000000000 ) ;
#1846 = EDGE_CURVE ( 'NONE', #4352, #2640, #4293, .T. ) ;
#1847 = VECTOR ( 'NONE', #2031, 1000.000000000000000 ) ;
#1848 = LINE ( 'NONE', #4225, #727 ) ;
#1849 = CARTESIAN_POINT ( 'NONE',  ( -16.50000000000001421, 100.4999999999999858, 240.8788383248864591 ) ) ;
#1850 = PERSON_AND_ORGANIZATION_ROLE ( 'creator' ) ;
#1851 = DIRECTION ( 'NONE',  ( -1.000000000000000000, 0.000000000000000000, 0.000000000000000000 ) ) ;
#1852 = FACE_BOUND ( 'NONE', #580, .T. ) ;
#1853 = DIRECTION ( 'NONE',  ( 0.000000000000000000, 0.000000000000000000, -1.000000000000000000 ) ) ;
#1854 = DIRECTION ( 'NONE',  ( -0.000000000000000000, -1.000000000000000000, -0.000000000000000000 ) ) ;
#1855 = CARTESIAN_POINT ( 'NONE',  ( 16.50000000000000355, -104.5000000000000000, 185.4211616751135239 ) ) ;
#1856 = VERTEX_POINT ( 'NONE', #241 ) ;
#1857 = ORIENTED_EDGE ( 'NONE', *, *, #802, .F. ) ;
#1858 = EDGE_CURVE ( 'NONE', #3618, #2186, #1208, .T. ) ;
#1859 = ORIENTED_EDGE ( 'NONE', *, *, #3816, .T. ) ;
#1860 = DIRECTION ( 'NONE',  ( 0.000000000000000000, 0.000000000000000000, 1.000000000000000000 ) ) ;
#1861 = CARTESIAN_POINT ( 'NONE',  ( -69.49999999999998579, -91.50000000000001421, 214.0000000000000000 ) ) ;
#1862 = ORIENTED_EDGE ( 'NONE', *, *, #3625, .T. ) ;
#1863 = EDGE_CURVE ( 'NONE', #3680, #1712, #3556, .T. ) ;
#1864 = CARTESIAN_POINT ( 'NONE',  ( 33.00000000000000000, 100.4999999999999858, 214.0000000000000000 ) ) ;
#1865 = PLANE ( 'NONE',  #2259 ) ;
#1866 = EDGE_CURVE ( 'NONE', #615, #1589, #2291, .T. ) ;
#1867 = EDGE_CURVE ( 'NONE', #2677, #3921, #536, .T. ) ;
#1868 = FACE_OUTER_BOUND ( 'NONE', #1591, .T. ) ;
#1869 = CIRCLE ( 'NONE', #4356, 2.749999999999995559 ) ;
#1870 = PLANE ( 'NONE',  #812 ) ;
#1871 = CIRCLE ( 'NONE', #460, 1.700000000000007061 ) ;
#1872 = FACE_BOUND ( 'NONE', #3136, .T. ) ;
#1873 = CARTESIAN_POINT ( 'NONE',  ( -70.00000000000000000, -80.50000000000000000, 214.0000000000000000 ) ) ;
#1874 = DIRECTION ( 'NONE',  ( -0.000000000000000000, 0.000000000000000000, 1.000000000000000000 ) ) ;
#1875 = CARTESIAN_POINT ( 'NONE',  ( -9.000000000000000000, -100.4999999999999858, 214.0000000000000000 ) ) ;
#1876 = ORIENTED_EDGE ( 'NONE', *, *, #1960, .F. ) ;
#1877 = CIRCLE ( 'NONE', #2807, 1.700000000000000178 ) ;
#1878 = VERTEX_POINT ( 'NONE', #4033 ) ;
#1879 = PLANE ( 'NONE',  #1632 ) ;
#1880 = EDGE_CURVE ( 'NONE', #1189, #2802, #1954, .T. ) ;
#1881 = LINE ( 'NONE', #2950, #2840 ) ;
#1882 = VERTEX_POINT ( 'NONE', #1342 ) ;
#1883 = VERTEX_POINT ( 'NONE', #1628 ) ;
#1884 = VECTOR ( 'NONE', #1937, 1000.000000000000114 ) ;
#1885 = ORIENTED_EDGE ( 'NONE', *, *, #208, .F. ) ;
#1886 = CYLINDRICAL_SURFACE ( 'NONE', #1409, 7.000000000000000000 ) ;
#1887 = AXIS2_PLACEMENT_3D ( 'NONE', #3497, #1746, #3851 ) ;
#1888 = FACE_OUTER_BOUND ( 'NONE', #3652, .T. ) ;
#1889 = VECTOR ( 'NONE', #2711, 1000.000000000000000 ) ;
#1890 = DIRECTION ( 'NONE',  ( 0.000000000000000000, 0.000000000000000000, -1.000000000000000000 ) ) ;
#1891 = CARTESIAN_POINT ( 'NONE',  ( 60.50000000000000711, 100.4999999999999858, 218.0000000000000000 ) ) ;
#1892 = VECTOR ( 'NONE', #320, 1000.000000000000000 ) ;
#1893 = DIRECTION ( 'NONE',  ( 0.000000000000000000, -1.000000000000000000, 0.000000000000000000 ) ) ;
#1894 = DIRECTION ( 'NONE',  ( 0.000000000000000000, 0.000000000000000000, 1.000000000000000000 ) ) ;
#1895 = LINE ( 'NONE', #242, #1027 ) ;
#1896 = DIRECTION ( 'NONE',  ( 1.000000000000000000, 0.000000000000000000, 0.000000000000000000 ) ) ;
#1897 = ORIENTED_EDGE ( 'NONE', *, *, #3330, .T. ) ;
#1898 = EDGE_CURVE ( 'NONE', #3053, #978, #3454, .T. ) ;
#1899 = ORIENTED_EDGE ( 'NONE', *, *, #2278, .T. ) ;
#1900 = CARTESIAN_POINT ( 'NONE',  ( -70.00000000000000000, -85.49999999999998579, 0.000000000000000000 ) ) ;
#1901 = CARTESIAN_POINT ( 'NONE',  ( -60.00000000000000711, -90.50000000000000000, 5.000000000000000000 ) ) ;
#1902 = VERTEX_POINT ( 'NONE', #985 ) ;
#1903 = ORIENTED_EDGE ( 'NONE', *, *, #133, .T. ) ;
#1904 = ORIENTED_EDGE ( 'NONE', *, *, #1961, .F. ) ;
#1905 = CARTESIAN_POINT ( 'NONE',  ( -50.00000000000000000, 80.50000000000000000, 5.000000000000000000 ) ) ;
#1906 = EDGE_CURVE ( 'NONE', #3688, #2954, #3588, .T. ) ;
#1907 = AXIS2_PLACEMENT_3D ( 'NONE', #355, #2747, #1993 ) ;
#1908 = PLANE ( 'NONE',  #578 ) ;
#1909 = AXIS2_PLACEMENT_3D ( 'NONE', #1259, #1191, #2635 ) ;
#1910 = DIRECTION ( 'NONE',  ( 0.000000000000000000, 0.000000000000000000, 1.000000000000000000 ) ) ;
#1911 = PERSON_AND_ORGANIZATION ( #1184, #3653 ) ;
#1912 = DIRECTION ( 'NONE',  ( -0.000000000000000000, -1.000000000000000000, -0.000000000000000000 ) ) ;
#1913 = AXIS2_PLACEMENT_3D ( 'NONE', #3555, #1893, #4292 ) ;
#1914 = FACE_BOUND ( 'NONE', #592, .T. ) ;
#1915 = LINE ( 'NONE', #3966, #1038 ) ;
#1916 = CIRCLE ( 'NONE', #2620, 1.700000000000000178 ) ;
#1917 = DIRECTION ( 'NONE',  ( 1.000000000000000000, 0.000000000000000000, 0.000000000000000000 ) ) ;
#1918 = DIRECTION ( 'NONE',  ( 0.000000000000000000, 1.000000000000000000, 0.000000000000000000 ) ) ;
#1919 = ORIENTED_EDGE ( 'NONE', *, *, #3808, .T. ) ;
#1920 = ORIENTED_EDGE ( 'NONE', *, *, #3408, .T. ) ;
#1921 = FACE_OUTER_BOUND ( 'NONE', #3767, .T. ) ;
#1922 = DIRECTION ( 'NONE',  ( -0.000000000000000000, -1.000000000000000000, -0.000000000000000000 ) ) ;
#1923 = ADVANCED_FACE ( 'NONE', ( #2716 ), #24, .F. ) ;
#1924 = EDGE_CURVE ( 'NONE', #1589, #1353, #4087, .T. ) ;
#1925 = VERTEX_POINT ( 'NONE', #4061 ) ;
#1926 = ORIENTED_EDGE ( 'NONE', *, *, #541, .T. ) ;
#1927 = ORIENTED_EDGE ( 'NONE', *, *, #2524, .F. ) ;
#1928 = FACE_OUTER_BOUND ( 'NONE', #2501, .T. ) ;
#1929 = CYLINDRICAL_SURFACE ( 'NONE', #2958, 1.700000000000000178 ) ;
#1930 = EDGE_CURVE ( 'NONE', #2985, #3976, #1369, .T. ) ;
#1931 = COORDINATED_UNIVERSAL_TIME_OFFSET ( 5, 30, .AHEAD. ) ;
#1932 = CARTESIAN_POINT ( 'NONE',  ( 0.000000000000000000, 104.5000000000000000, 205.0000000000000000 ) ) ;
#1933 = VERTEX_POINT ( 'NONE', #3391 ) ;
#1934 = AXIS2_PLACEMENT_3D ( 'NONE', #3070, #52, #26 ) ;
#1935 = VECTOR ( 'NONE', #2356, 1000.000000000000000 ) ;
#1936 = DIRECTION ( 'NONE',  ( 0.000000000000000000, -1.000000000000000000, 0.000000000000000000 ) ) ;
#1937 = DIRECTION ( 'NONE',  ( 0.7071067811865474617, 0.7071067811865474617, 0.000000000000000000 ) ) ;
#1938 = LINE ( 'NONE', #4275, #528 ) ;
#1939 = CARTESIAN_POINT ( 'NONE',  ( -50.50000000000000000, -100.4999999999999858, 98.00000000000000000 ) ) ;
#1940 = ORIENTED_EDGE ( 'NONE', *, *, #1671, .F. ) ;
#1941 = ORIENTED_EDGE ( 'NONE', *, *, #1194, .F. ) ;
#1942 = VECTOR ( 'NONE', #2434, 1000.000000000000000 ) ;
#1943 = EDGE_LOOP ( 'NONE', ( #1926, #2281, #286 ) ) ;
#1944 = CYLINDRICAL_SURFACE ( 'NONE', #3765, 2.749999999999995559 ) ;
#1945 = EDGE_LOOP ( 'NONE', ( #3382, #1421, #2921, #2618 ) ) ;
#1946 = PLANE ( 'NONE',  #2130 ) ;
#1947 = VECTOR ( 'NONE', #3833, 1000.000000000000000 ) ;
#1948 = VERTEX_POINT ( 'NONE', #4338 ) ;
#1949 = CC_DESIGN_PERSON_AND_ORGANIZATION_ASSIGNMENT ( #915, #2264, ( #3177 ) ) ;
#1950 = ORIENTED_EDGE ( 'NONE', *, *, #1255, .T. ) ;
#1951 = ORIENTED_EDGE ( 'NONE', *, *, #1334, .F. ) ;
#1952 = ORIENTED_EDGE ( 'NONE', *, *, #2477, .F. ) ;
#1953 = DIRECTION ( 'NONE',  ( 0.000000000000000000, 1.000000000000000000, 0.000000000000000000 ) ) ;
#1954 = CIRCLE ( 'NONE', #961, 1.700000000000007061 ) ;
#1955 = ADVANCED_FACE ( 'NONE', ( #629 ), #2382, .F. ) ;
#1956 = CYLINDRICAL_SURFACE ( 'NONE', #2522, 1.700000000000000178 ) ;
#1957 = AXIS2_PLACEMENT_3D ( 'NONE', #811, #3116, #1414 ) ;
#1958 = APPROVAL_STATUS ( 'not_yet_approved' ) ;
#1959 = CYLINDRICAL_SURFACE ( 'NONE', #45, 1.700000000000007061 ) ;
#1960 = EDGE_CURVE ( 'NONE', #168, #3589, #49, .T. ) ;
#1961 = EDGE_CURVE ( 'NONE', #4119, #3203, #3746, .T. ) ;
#1962 = VECTOR ( 'NONE', #3495, 1000.000000000000000 ) ;
#1963 = CARTESIAN_POINT ( 'NONE',  ( -50.00000000000000000, -80.50000000000000000, 214.0000000000000000 ) ) ;
#1964 = DIRECTION ( 'NONE',  ( 0.000000000000000000, 1.000000000000000000, 0.000000000000000000 ) ) ;
#1965 = CARTESIAN_POINT ( 'NONE',  ( -60.00000000000000711, 100.9999999999999858, 218.0000000000000000 ) ) ;
#1966 = PLANE ( 'NONE',  #2928 ) ;
#1967 = ORIENTED_EDGE ( 'NONE', *, *, #3276, .T. ) ;
#1968 = CIRCLE ( 'NONE', #2887, 1.700000000000007061 ) ;
#1969 = EDGE_CURVE ( 'NONE', #2280, #718, #2315, .T. ) ;
#1970 = ORIENTED_EDGE ( 'NONE', *, *, #829, .F. ) ;
#1971 = DIRECTION ( 'NONE',  ( 0.000000000000000000, 0.000000000000000000, 1.000000000000000000 ) ) ;
#1972 = EDGE_LOOP ( 'NONE', ( #2540, #3131, #3665, #199 ) ) ;
#1973 = ORIENTED_EDGE ( 'NONE', *, *, #542, .F. ) ;
#1974 = DIRECTION ( 'NONE',  ( 0.000000000000000000, 0.000000000000000000, 1.000000000000000000 ) ) ;
#1975 = ORIENTED_EDGE ( 'NONE', *, *, #958, .T. ) ;
#1976 = ORIENTED_EDGE ( 'NONE', *, *, #83, .T. ) ;
#1977 = ORIENTED_EDGE ( 'NONE', *, *, #3728, .T. ) ;
#1978 = VERTEX_POINT ( 'NONE', #702 ) ;
#1979 = DIRECTION ( 'NONE',  ( -0.000000000000000000, -0.000000000000000000, -1.000000000000000000 ) ) ;
#1980 = CARTESIAN_POINT ( 'NONE',  ( -17.15000000000000213, 0.000000000000000000, 2.200000000000000178 ) ) ;
#1981 = EDGE_CURVE ( 'NONE', #3053, #2206, #1652, .T. ) ;
#1982 = CARTESIAN_POINT ( 'NONE',  ( -60.00000000000000711, 90.50000000000000000, 5.000000000000000000 ) ) ;
#1983 = EDGE_CURVE ( 'NONE', #2898, #2481, #962, .T. ) ;
#1984 = CIRCLE ( 'NONE', #3619, 2.750000000000002665 ) ;
#1985 = PLANE ( 'NONE',  #4130 ) ;
#1986 = DIRECTION ( 'NONE',  ( 0.000000000000000000, 0.000000000000000000, 1.000000000000000000 ) ) ;
#1987 = DIRECTION ( 'NONE',  ( 1.000000000000000000, 0.000000000000000000, 0.000000000000000000 ) ) ;
#1988 = CARTESIAN_POINT ( 'NONE',  ( 0.000000000000000000, 0.000000000000000000, 95.00000000000000000 ) ) ;
#1989 = ORIENTED_EDGE ( 'NONE', *, *, #3491, .T. ) ;
#1990 = EDGE_LOOP ( 'NONE', ( #2844, #1524, #976, #2709 ) ) ;
#1991 = CARTESIAN_POINT ( 'NONE',  ( -69.49999999999998579, -104.5000000000000000, 100.0000000000000000 ) ) ;
#1992 = EDGE_LOOP ( 'NONE', ( #3073, #801, #1433, #4254 ) ) ;
#1993 = DIRECTION ( 'NONE',  ( -0.7071067811865474617, -0.7071067811865474617, 0.000000000000000000 ) ) ;
#1994 = DIRECTION ( 'NONE',  ( 1.000000000000000000, 0.000000000000000000, 0.000000000000000000 ) ) ;
#1995 = EDGE_CURVE ( 'NONE', #3938, #36, #411, .T. ) ;
#1996 = VERTEX_POINT ( 'NONE', #3415 ) ;
#1997 = ORIENTED_EDGE ( 'NONE', *, *, #1045, .T. ) ;
#1998 = ORIENTED_EDGE ( 'NONE', *, *, #3491, .F. ) ;
#1999 = ORIENTED_EDGE ( 'NONE', *, *, #925, .F. ) ;
#2000 = FACE_OUTER_BOUND ( 'NONE', #4367, .T. ) ;
#2001 = ORIENTED_EDGE ( 'NONE', *, *, #2491, .F. ) ;
#2002 = DIRECTION ( 'NONE',  ( -0.7071067811865475727, -0.7071067811865475727, 0.000000000000000000 ) ) ;
#2003 = ORIENTED_EDGE ( 'NONE', *, *, #1006, .T. ) ;
#2004 = DIRECTION ( 'NONE',  ( 0.000000000000000000, 0.000000000000000000, -1.000000000000000000 ) ) ;
#2005 = DATE_AND_TIME ( #3321, #2378 ) ;
#2006 = DIRECTION ( 'NONE',  ( -1.000000000000000000, 0.000000000000000000, 0.000000000000000000 ) ) ;
#2007 = EDGE_CURVE ( 'NONE', #1681, #4233, #2171, .T. ) ;
#2008 = DIRECTION ( 'NONE',  ( 1.000000000000000000, 0.000000000000000000, 0.000000000000000000 ) ) ;
#2009 = FACE_OUTER_BOUND ( 'NONE', #1345, .T. ) ;
#2010 = VECTOR ( 'NONE', #1563, 1000.000000000000000 ) ;
#2011 = FACE_OUTER_BOUND ( 'NONE', #3394, .T. ) ;
#2012 = LINE ( 'NONE', #4013, #664 ) ;
#2013 = ORIENTED_EDGE ( 'NONE', *, *, #3945, .T. ) ;
#2014 = CIRCLE ( 'NONE', #2570, 9.000000000000007105 ) ;
#2015 = ADVANCED_FACE ( 'NONE', ( #2009 ), #4364, .F. ) ;
#2016 = CARTESIAN_POINT ( 'NONE',  ( 24.69999999999999929, 2.081899558550500526E-16, 5.000000000000000000 ) ) ;
#2017 = CARTESIAN_POINT ( 'NONE',  ( -55.00000000000000711, -100.4999999999999858, 5.000000000000000000 ) ) ;
#2018 = LINE ( 'NONE', #736, #596 ) ;
#2019 = CIRCLE ( 'NONE', #3095, 1.700000000000000178 ) ;
#2020 = ORIENTED_EDGE ( 'NONE', *, *, #109, .T. ) ;
#2021 = VERTEX_POINT ( 'NONE', #4207 ) ;
#2022 = ADVANCED_FACE ( 'NONE', ( #773 ), #3832, .F. ) ;
#2023 = EDGE_CURVE ( 'NONE', #408, #230, #1824, .T. ) ;
#2024 = AXIS2_PLACEMENT_3D ( 'NONE', #2680, #1352, #995 ) ;
#2025 = ORIENTED_EDGE ( 'NONE', *, *, #2387, .T. ) ;
#2026 = CARTESIAN_POINT ( 'NONE',  ( 9.800000000000000711, 19.91858428704208706, 5.000000000000000000 ) ) ;
#2027 = ORIENTED_EDGE ( 'NONE', *, *, #1486, .T. ) ;
#2028 = DIRECTION ( 'NONE',  ( -0.000000000000000000, -0.000000000000000000, -1.000000000000000000 ) ) ;
#2029 = CARTESIAN_POINT ( 'NONE',  ( 50.00000000000000000, 100.4999999999999858, 214.0000000000000000 ) ) ;
#2030 = DIRECTION ( 'NONE',  ( 1.000000000000000000, 0.000000000000000000, -0.000000000000000000 ) ) ;
#2031 = DIRECTION ( 'NONE',  ( -1.000000000000000000, 0.000000000000000000, 0.000000000000000000 ) ) ;
#2032 = DIRECTION ( 'NONE',  ( 0.000000000000000000, 1.000000000000000000, 0.000000000000000000 ) ) ;
#2033 = LINE ( 'NONE', #25, #2941 ) ;
#2034 = LINE ( 'NONE', #3393, #2213 ) ;
#2035 = VECTOR ( 'NONE', #4127, 1000.000000000000000 ) ;
#2036 = ORIENTED_EDGE ( 'NONE', *, *, #1194, .T. ) ;
#2037 = CARTESIAN_POINT ( 'NONE',  ( 70.00000000000000000, -100.4999999999999858, 262.0000000000000000 ) ) ;
#2038 = CARTESIAN_POINT ( 'NONE',  ( -50.00000000000000000, -80.50000000000000000, 214.0000000000000000 ) ) ;
#2039 = VECTOR ( 'NONE', #673, 1000.000000000000000 ) ;
#2040 = LINE ( 'NONE', #2367, #3302 ) ;
#2041 = VERTEX_POINT ( 'NONE', #136 ) ;
#2042 = VERTEX_POINT ( 'NONE', #4170 ) ;
#2043 = ORIENTED_EDGE ( 'NONE', *, *, #3531, .T. ) ;
#2044 = VECTOR ( 'NONE', #1762, 1000.000000000000000 ) ;
#2045 = ORIENTED_EDGE ( 'NONE', *, *, #1138, .F. ) ;
#2046 = LINE ( 'NONE', #717, #3211 ) ;
#2047 = VERTEX_POINT ( 'NONE', #1120 ) ;
#2048 = CARTESIAN_POINT ( 'NONE',  ( 0.000000000000000000, 0.000000000000000000, 5.000000000000000000 ) ) ;
#2049 = ORIENTED_EDGE ( 'NONE', *, *, #3649, .F. ) ;
#2050 = CARTESIAN_POINT ( 'NONE',  ( 11.50000000000000178, 19.91858428704208706, 5.000000000000000000 ) ) ;
#2051 = ADVANCED_FACE ( 'NONE', ( #456 ), #2468, .F. ) ;
#2052 = CARTESIAN_POINT ( 'NONE',  ( 33.00000000000000000, 104.5000000000000000, 212.2999999999999829 ) ) ;
#2053 = DIRECTION ( 'NONE',  ( -0.000000000000000000, -0.000000000000000000, -1.000000000000000000 ) ) ;
#2054 = CARTESIAN_POINT ( 'NONE',  ( 0.000000000000000000, 100.9999999999999858, 214.0000000000000000 ) ) ;
#2055 = DIRECTION ( 'NONE',  ( 0.000000000000000000, 0.000000000000000000, 1.000000000000000000 ) ) ;
#2056 = AXIS2_PLACEMENT_3D ( 'NONE', #451, #2519, #3190 ) ;
#2057 = ORIENTED_EDGE ( 'NONE', *, *, #3483, .F. ) ;
#2058 = PLANE ( 'NONE',  #3271 ) ;
#2059 = CARTESIAN_POINT ( 'NONE',  ( -50.00000000000000000, 100.4999999999999858, 214.0000000000000000 ) ) ;
#2060 = AXIS2_PLACEMENT_3D ( 'NONE', #120, #1459, #3164 ) ;
#2061 = DIRECTION ( 'NONE',  ( 0.000000000000000000, 0.000000000000000000, 1.000000000000000000 ) ) ;
#2062 = ORIENTED_EDGE ( 'NONE', *, *, #1063, .F. ) ;
#2063 = EDGE_LOOP ( 'NONE', ( #3944, #2750 ) ) ;
#2064 = EDGE_LOOP ( 'NONE', ( #911, #38 ) ) ;
#2065 = EDGE_CURVE ( 'NONE', #295, #338, #3161, .T. ) ;
#2066 = FACE_OUTER_BOUND ( 'NONE', #3727, .T. ) ;
#2067 = ORIENTED_EDGE ( 'NONE', *, *, #2227, .T. ) ;
#2068 = DIRECTION ( 'NONE',  ( 1.000000000000000000, 0.000000000000000000, 0.000000000000000000 ) ) ;
#2069 = VECTOR ( 'NONE', #1444, 1000.000000000000000 ) ;
#2070 = ORIENTED_EDGE ( 'NONE', *, *, #1362, .F. ) ;
#2071 = ADVANCED_FACE ( 'NONE', ( #394 ), #3436, .F. ) ;
#2072 = EDGE_CURVE ( 'NONE', #1541, #1695, #2881, .T. ) ;
#2073 = CARTESIAN_POINT ( 'NONE',  ( 50.00000000000000000, -80.50000000000000000, 214.0000000000000000 ) ) ;
#2074 = EDGE_CURVE ( 'NONE', #1068, #3796, #418, .T. ) ;
#2075 = DIRECTION ( 'NONE',  ( 0.000000000000000000, 0.000000000000000000, 1.000000000000000000 ) ) ;
#2076 = ORIENTED_EDGE ( 'NONE', *, *, #3483, .T. ) ;
#2077 = CARTESIAN_POINT ( 'NONE',  ( -62.75000000000000000, 90.50000000000000000, 5.000000000000000000 ) ) ;
#2078 = DIRECTION ( 'NONE',  ( -0.000000000000000000, -1.000000000000000000, -0.000000000000000000 ) ) ;
#2079 = PLANE ( 'NONE',  #3296 ) ;
#2080 = FACE_BOUND ( 'NONE', #969, .T. ) ;
#2081 = CARTESIAN_POINT ( 'NONE',  ( 62.75000000000000000, -90.50000000000000000, 5.000000000000000000 ) ) ;
#2082 = FACE_OUTER_BOUND ( 'NONE', #162, .T. ) ;
#2083 = ORIENTED_EDGE ( 'NONE', *, *, #1074, .T. ) ;
#2084 = VECTOR ( 'NONE', #2719, 1000.000000000000000 ) ;
#2085 = EDGE_LOOP ( 'NONE', ( #3398, #3994 ) ) ;
#2086 = ORIENTED_EDGE ( 'NONE', *, *, #1138, .T. ) ;
#2087 = CARTESIAN_POINT ( 'NONE',  ( 33.00000000000000000, 104.5000000000000000, 214.0000000000000000 ) ) ;
#2088 = AXIS2_PLACEMENT_3D ( 'NONE', #496, #3853, #74 ) ;
#2089 = ORIENTED_EDGE ( 'NONE', *, *, #747, .T. ) ;
#2090 = CARTESIAN_POINT ( 'NONE',  ( -9.800000000000009592, -19.91858428704208350, 0.000000000000000000 ) ) ;
#2091 = ADVANCED_FACE ( 'NONE', ( #1832 ), #3179, .F. ) ;
#2092 = AXIS2_PLACEMENT_3D ( 'NONE', #2455, #779, #176 ) ;
#2093 = CARTESIAN_POINT ( 'NONE',  ( -70.00000000000000000, 100.4999999999999858, 214.0000000000000000 ) ) ;
#2094 = AXIS2_PLACEMENT_3D ( 'NONE', #2054, #3416, #374 ) ;
#2095 = ADVANCED_FACE ( 'NONE', ( #793 ), #1455, .F. ) ;
#2096 = CC_DESIGN_SECURITY_CLASSIFICATION ( #3177, ( #2510 ) ) ;
#2097 = DIRECTION ( 'NONE',  ( -0.000000000000000000, -1.000000000000000000, -0.000000000000000000 ) ) ;
#2098 = ORIENTED_EDGE ( 'NONE', *, *, #1422, .F. ) ;
#2099 = CARTESIAN_POINT ( 'NONE',  ( -33.00000000000000000, -100.4999999999999858, 214.0000000000000000 ) ) ;
#2100 = CARTESIAN_POINT ( 'NONE',  ( -33.00000000000000000, 100.4999999999999858, 214.0000000000000000 ) ) ;
#2101 = DIRECTION ( 'NONE',  ( 1.000000000000000000, -0.000000000000000000, -0.000000000000000000 ) ) ;
#2102 = EDGE_CURVE ( 'NONE', #2997, #750, #267, .T. ) ;
#2103 = EDGE_CURVE ( 'NONE', #3248, #1636, #67, .T. ) ;
#2104 = DIRECTION ( 'NONE',  ( -0.000000000000000000, -0.000000000000000000, -1.000000000000000000 ) ) ;
#2105 = CARTESIAN_POINT ( 'NONE',  ( -33.00000000000000000, -104.5000000000000000, 212.2999999999999829 ) ) ;
#2106 = CARTESIAN_POINT ( 'NONE',  ( -16.50000000000001421, 104.5000000000000000, 244.2788383248864648 ) ) ;
#2107 = VERTEX_POINT ( 'NONE', #3137 ) ;
#2108 = CIRCLE ( 'NONE', #4375, 1.700000000000007061 ) ;
#2109 = EDGE_CURVE ( 'NONE', #1666, #1466, #2159, .T. ) ;
#2110 = VERTEX_POINT ( 'NONE', #1077 ) ;
#2111 = CARTESIAN_POINT ( 'NONE',  ( -16.50000000000001421, -100.4999999999999858, 242.5788383248864761 ) ) ;
#2112 = CARTESIAN_POINT ( 'NONE',  ( 0.000000000000000000, -100.4999999999999858, 214.0000000000000000 ) ) ;
#2113 = ORIENTED_EDGE ( 'NONE', *, *, #3649, .T. ) ;
#2114 = DIRECTION ( 'NONE',  ( 0.000000000000000000, 1.000000000000000000, 0.000000000000000000 ) ) ;
#2115 = ORIENTED_EDGE ( 'NONE', *, *, #2798, .F. ) ;
#2116 = LINE ( 'NONE', #3158, #3041 ) ;
#2117 = DIRECTION ( 'NONE',  ( -1.000000000000000000, 0.000000000000000000, 0.000000000000000000 ) ) ;
#2118 = ORIENTED_EDGE ( 'NONE', *, *, #3884, .T. ) ;
#2119 = EDGE_CURVE ( 'NONE', #1902, #130, #3197, .T. ) ;
#2120 = EDGE_CURVE ( 'NONE', #1378, #1657, #2850, .T. ) ;
#2121 = CARTESIAN_POINT ( 'NONE',  ( 60.00000000000000711, 100.9999999999999858, 218.0000000000000000 ) ) ;
#2122 = LINE ( 'NONE', #440, #1947 ) ;
#2123 = DIRECTION ( 'NONE',  ( 0.000000000000000000, 0.000000000000000000, 1.000000000000000000 ) ) ;
#2124 = CARTESIAN_POINT ( 'NONE',  ( 60.00000000000000711, -90.50000000000000000, 5.000000000000000000 ) ) ;
#2125 = EDGE_CURVE ( 'NONE', #2435, #1502, #2740, .T. ) ;
#2126 = LINE ( 'NONE', #1438, #1780 ) ;
#2127 = LINE ( 'NONE', #1461, #3573 ) ;
#2128 = ORIENTED_EDGE ( 'NONE', *, *, #133, .F. ) ;
#2129 = ORIENTED_EDGE ( 'NONE', *, *, #3192, .F. ) ;
#2130 = AXIS2_PLACEMENT_3D ( 'NONE', #1638, #1545, #4239 ) ;
#2131 = CARTESIAN_POINT ( 'NONE',  ( -50.50000000000000000, 100.4999999999999858, 98.00000000000000000 ) ) ;
#2132 = DIRECTION ( 'NONE',  ( 0.000000000000000000, 1.000000000000000000, 0.000000000000000000 ) ) ;
#2133 = FACE_OUTER_BOUND ( 'NONE', #2301, .T. ) ;
#2134 = ORIENTED_EDGE ( 'NONE', *, *, #542, .T. ) ;
#2135 = AXIS2_PLACEMENT_3D ( 'NONE', #3390, #4313, #2965 ) ;
#2136 = CIRCLE ( 'NONE', #1718, 1.700000000000000178 ) ;
#2137 = LINE ( 'NONE', #2073, #1179 ) ;
#2138 = LINE ( 'NONE', #2426, #4259 ) ;
#2139 = DIRECTION ( 'NONE',  ( 0.000000000000000000, 0.000000000000000000, -1.000000000000000000 ) ) ;
#2140 = CARTESIAN_POINT ( 'NONE',  ( -70.00000000000000000, -104.5000000000000000, 262.0000000000000000 ) ) ;
#2141 = DIRECTION ( 'NONE',  ( 0.000000000000000000, 0.000000000000000000, 1.000000000000000000 ) ) ;
#2142 = EDGE_CURVE ( 'NONE', #887, #4243, #2787, .T. ) ;
#2143 = FACE_BOUND ( 'NONE', #2587, .T. ) ;
#2144 = CARTESIAN_POINT ( 'NONE',  ( -60.00000000000000711, -100.9999999999999858, 218.0000000000000000 ) ) ;
#2145 = DIRECTION ( 'NONE',  ( 0.000000000000000000, 0.000000000000000000, 1.000000000000000000 ) ) ;
#2146 = ORIENTED_EDGE ( 'NONE', *, *, #3294, .F. ) ;
#2147 = EDGE_CURVE ( 'NONE', #1061, #3079, #3934, .T. ) ;
#2148 = EDGE_CURVE ( 'NONE', #3055, #357, #1325, .T. ) ;
#2149 = EDGE_LOOP ( 'NONE', ( #2561, #1053, #611, #1331 ) ) ;
#2150 = LINE ( 'NONE', #450, #222 ) ;
#2151 = LINE ( 'NONE', #882, #2335 ) ;
#2152 = AXIS2_PLACEMENT_3D ( 'NONE', #265, #4295, #567 ) ;
#2153 = EDGE_LOOP ( 'NONE', ( #3273, #2376 ) ) ;
#2154 = EDGE_CURVE ( 'NONE', #2047, #3739, #2237, .T. ) ;
#2155 = VECTOR ( 'NONE', #3010, 1000.000000000000000 ) ;
#2156 = LINE ( 'NONE', #2403, #2239 ) ;
#2157 = VECTOR ( 'NONE', #304, 1000.000000000000114 ) ;
#2158 = CARTESIAN_POINT ( 'NONE',  ( 70.00000000000000000, -85.49999999999998579, 0.000000000000000000 ) ) ;
#2159 = LINE ( 'NONE', #1434, #2035 ) ;
#2160 = FACE_OUTER_BOUND ( 'NONE', #3152, .T. ) ;
#2161 = DIRECTION ( 'NONE',  ( -0.000000000000000000, -0.000000000000000000, -1.000000000000000000 ) ) ;
#2162 = LOCAL_TIME ( 11, 9, 14.00000000000000000, #3367 ) ;
#2163 = CARTESIAN_POINT ( 'NONE',  ( 16.50000000000000355, -100.4999999999999858, 187.1211616751135409 ) ) ;
#2164 = CARTESIAN_POINT ( 'NONE',  ( 16.50000000000000355, -100.4999999999999858, 240.8788383248864591 ) ) ;
#2165 = LINE ( 'NONE', #482, #2803 ) ;
#2166 = VERTEX_POINT ( 'NONE', #2263 ) ;
#2167 = VECTOR ( 'NONE', #939, 1000.000000000000000 ) ;
#2168 = VERTEX_POINT ( 'NONE', #3535 ) ;
#2169 = DIRECTION ( 'NONE',  ( -0.000000000000000000, 0.000000000000000000, -1.000000000000000000 ) ) ;
#2170 = DIRECTION ( 'NONE',  ( -1.000000000000000000, 0.000000000000000000, 0.000000000000000000 ) ) ;
#2171 = CIRCLE ( 'NONE', #4302, 1.700000000000007061 ) ;
#2172 = EDGE_CURVE ( 'NONE', #3112, #3203, #2959, .T. ) ;
#2173 = EDGE_CURVE ( 'NONE', #1068, #3456, #2108, .T. ) ;
#2174 = ORIENTED_EDGE ( 'NONE', *, *, #3034, .F. ) ;
#2175 = DIRECTION ( 'NONE',  ( 1.000000000000000000, 0.000000000000000000, 0.000000000000000000 ) ) ;
#2176 = VECTOR ( 'NONE', #3695, 1000.000000000000000 ) ;
#2177 = VECTOR ( 'NONE', #2028, 1000.000000000000000 ) ;
#2178 = DIRECTION ( 'NONE',  ( 0.000000000000000000, 1.000000000000000000, 0.000000000000000000 ) ) ;
#2179 = CARTESIAN_POINT ( 'NONE',  ( 60.00000000000000711, 90.50000000000000000, 0.000000000000000000 ) ) ;
#2180 = ADVANCED_FACE ( 'NONE', ( #3890 ), #3577, .F. ) ;
#2181 = DIRECTION ( 'NONE',  ( 0.000000000000000000, 1.000000000000000000, 0.000000000000000000 ) ) ;
#2182 = PLANE ( 'NONE',  #1024 ) ;
#2183 = DIRECTION ( 'NONE',  ( -0.000000000000000000, -1.000000000000000000, -0.000000000000000000 ) ) ;
#2184 = CARTESIAN_POINT ( 'NONE',  ( 16.50000000000000355, 100.4999999999999858, 240.8788383248864591 ) ) ;
#2185 = PLANE ( 'NONE',  #4285 ) ;
#2186 = VERTEX_POINT ( 'NONE', #832 ) ;
#2187 = ORIENTED_EDGE ( 'NONE', *, *, #3906, .T. ) ;
#2188 = ORIENTED_EDGE ( 'NONE', *, *, #1623, .T. ) ;
#2189 = CARTESIAN_POINT ( 'NONE',  ( 13.20000000000000107, 19.91858428704208706, 5.000000000000000000 ) ) ;
#2190 = CARTESIAN_POINT ( 'NONE',  ( -33.00000000000000000, 100.9999999999999858, 215.6999999999999886 ) ) ;
#2191 = ORIENTED_EDGE ( 'NONE', *, *, #2425, .F. ) ;
#2192 = CIRCLE ( 'NONE', #1065, 9.000000000000007105 ) ;
#2193 = EDGE_CURVE ( 'NONE', #2206, #4020, #3457, .T. ) ;
#2194 = DIRECTION ( 'NONE',  ( -0.000000000000000000, -1.000000000000000000, -0.000000000000000000 ) ) ;
#2195 = AXIS2_PLACEMENT_3D ( 'NONE', #3227, #526, #1544 ) ;
#2196 = EDGE_CURVE ( 'NONE', #2277, #603, #212, .T. ) ;
#2197 = ADVANCED_FACE ( 'NONE', ( #1158 ), #561, .F. ) ;
#2198 = DIRECTION ( 'NONE',  ( 1.000000000000000000, 0.000000000000000000, 0.000000000000000000 ) ) ;
#2199 = DIRECTION ( 'NONE',  ( -1.000000000000000000, 0.000000000000000000, 0.000000000000000000 ) ) ;
#2200 = LINE ( 'NONE', #585, #1241 ) ;
#2201 = CARTESIAN_POINT ( 'NONE',  ( 55.00000000000000711, -100.4999999999999858, 5.000000000000000000 ) ) ;
#2202 = LINE ( 'NONE', #2579, #2345 ) ;
#2203 = CARTESIAN_POINT ( 'NONE',  ( 50.00000000000000000, 100.4999999999999858, 214.0000000000000000 ) ) ;
#2204 = DIRECTION ( 'NONE',  ( -0.000000000000000000, -1.000000000000000000, -0.000000000000000000 ) ) ;
#2205 = DIRECTION ( 'NONE',  ( -1.000000000000000000, 0.000000000000000000, 0.000000000000000000 ) ) ;
#2206 = VERTEX_POINT ( 'NONE', #1849 ) ;
#2207 = EDGE_LOOP ( 'NONE', ( #2706, #2705, #1326, #1090 ) ) ;
#2208 = CARTESIAN_POINT ( 'NONE',  ( -33.00000000000000000, 104.5000000000000000, 215.6999999999999886 ) ) ;
#2209 = CARTESIAN_POINT ( 'NONE',  ( -74.00000000000000000, 104.5000000000000000, 100.0000000000000000 ) ) ;
#2210 = ORIENTED_EDGE ( 'NONE', *, *, #2402, .F. ) ;
#2211 = VERTEX_POINT ( 'NONE', #2572 ) ;
#2212 = DIRECTION ( 'NONE',  ( -0.000000000000000000, -0.000000000000000000, -1.000000000000000000 ) ) ;
#2213 = VECTOR ( 'NONE', #631, 1000.000000000000000 ) ;
#2214 = FACE_BOUND ( 'NONE', #4234, .T. ) ;
#2215 = DIRECTION ( 'NONE',  ( -0.000000000000000000, -0.000000000000000000, -1.000000000000000000 ) ) ;
#2216 = AXIS2_PLACEMENT_3D ( 'NONE', #192, #4311, #2288 ) ;
#2217 = APPROVAL_DATE_TIME ( #870, #4051 ) ;
#2218 = DIRECTION ( 'NONE',  ( 0.000000000000000000, -0.000000000000000000, -1.000000000000000000 ) ) ;
#2219 = AXIS2_PLACEMENT_3D ( 'NONE', #2773, #4371, #1730 ) ;
#2220 = CARTESIAN_POINT ( 'NONE',  ( -13.19999999999999396, 19.91858428704209061, 5.000000000000000000 ) ) ;
#2221 = FACE_OUTER_BOUND ( 'NONE', #600, .T. ) ;
#2222 = DIRECTION ( 'NONE',  ( -1.000000000000000000, 0.000000000000000000, 0.000000000000000000 ) ) ;
#2223 = DIRECTION ( 'NONE',  ( 0.000000000000000000, 0.000000000000000000, 1.000000000000000000 ) ) ;
#2224 = ORIENTED_EDGE ( 'NONE', *, *, #575, .F. ) ;
#2225 = EDGE_CURVE ( 'NONE', #2325, #910, #1555, .T. ) ;
#2226 = ORIENTED_EDGE ( 'NONE', *, *, #3915, .F. ) ;
#2227 = EDGE_CURVE ( 'NONE', #760, #452, #2526, .T. ) ;
#2228 = AXIS2_PLACEMENT_3D ( 'NONE', #3117, #2830, #95 ) ;
#2229 = ORIENTED_EDGE ( 'NONE', *, *, #1825, .F. ) ;
#2230 = DIRECTION ( 'NONE',  ( 0.000000000000000000, 0.000000000000000000, 1.000000000000000000 ) ) ;
#2231 = DIRECTION ( 'NONE',  ( -0.000000000000000000, -0.000000000000000000, -1.000000000000000000 ) ) ;
#2232 = EDGE_CURVE ( 'NONE', #839, #4052, #1680, .T. ) ;
#2233 = EDGE_LOOP ( 'NONE', ( #105, #2302, #1899, #1596 ) ) ;
#2234 = ORIENTED_EDGE ( 'NONE', *, *, #724, .T. ) ;
#2235 = ORIENTED_EDGE ( 'NONE', *, *, #1788, .F. ) ;
#2236 = DIRECTION ( 'NONE',  ( 1.000000000000000000, 0.000000000000000000, 0.000000000000000000 ) ) ;
#2237 = CIRCLE ( 'NONE', #1176, 2.749999999999995559 ) ;
#2238 = CARTESIAN_POINT ( 'NONE',  ( -16.50000000000001421, 104.5000000000000000, 244.2788383248864648 ) ) ;
#2239 = VECTOR ( 'NONE', #1805, 1000.000000000000000 ) ;
#2240 = CARTESIAN_POINT ( 'NONE',  ( 0.000000000000000000, -100.4999999999999858, 218.0000000000000000 ) ) ;
#2241 = APPLICATION_PROTOCOL_DEFINITION ( 'international standard', 'config_control_design', 1994, #973 ) ;
#2242 = LINE ( 'NONE', #3605, #1306 ) ;
#2243 = AXIS2_PLACEMENT_3D ( 'NONE', #1311, #2283, #2641 ) ;
#2244 = EDGE_CURVE ( 'NONE', #1784, #4278, #2867, .T. ) ;
#2245 = PLANE ( 'NONE',  #1283 ) ;
#2246 = DIRECTION ( 'NONE',  ( 0.000000000000000000, 0.000000000000000000, 1.000000000000000000 ) ) ;
#2247 = CARTESIAN_POINT ( 'NONE',  ( 70.00000000000000000, 100.4999999999999858, 214.0000000000000000 ) ) ;
#2248 = PLANE ( 'NONE',  #4149 ) ;
#2249 = ORIENTED_EDGE ( 'NONE', *, *, #3867, .F. ) ;
#2250 = ORIENTED_EDGE ( 'NONE', *, *, #3528, .F. ) ;
#2251 = ORIENTED_EDGE ( 'NONE', *, *, #3550, .F. ) ;
#2252 = ADVANCED_FACE ( 'NONE', ( #3960 ), #851, .F. ) ;
#2253 = CARTESIAN_POINT ( 'NONE',  ( -16.50000000000001421, 100.4999999999999858, 242.5788383248864761 ) ) ;
#2254 = CARTESIAN_POINT ( 'NONE',  ( -55.00000000000000711, -100.4999999999999858, 0.000000000000000000 ) ) ;
#2255 = ORIENTED_EDGE ( 'NONE', *, *, #2196, .T. ) ;
#2256 = ADVANCED_FACE ( 'NONE', ( #1868 ), #1929, .F. ) ;
#2257 = ORIENTED_EDGE ( 'NONE', *, *, #3129, .T. ) ;
#2258 = CYLINDRICAL_SURFACE ( 'NONE', #69, 1.700000000000007061 ) ;
#2259 = AXIS2_PLACEMENT_3D ( 'NONE', #3234, #1201, #868 ) ;
#2260 = CIRCLE ( 'NONE', #4187, 1.700000000000007061 ) ;
#2261 = VECTOR ( 'NONE', #2346, 1000.000000000000000 ) ;
#2262 = AXIS2_PLACEMENT_3D ( 'NONE', #2770, #4131, #444 ) ;
#2263 = CARTESIAN_POINT ( 'NONE',  ( 62.75000000000000000, -90.50000000000000000, 0.000000000000000000 ) ) ;
#2264 = PERSON_AND_ORGANIZATION_ROLE ( 'classification_officer' ) ;
#2265 = DIRECTION ( 'NONE',  ( 0.000000000000000000, 0.000000000000000000, 1.000000000000000000 ) ) ;
#2266 = VECTOR ( 'NONE', #4105, 1000.000000000000000 ) ;
#2267 = FACE_BOUND ( 'NONE', #2400, .T. ) ;
#2268 = DIRECTION ( 'NONE',  ( -0.000000000000000000, -0.000000000000000000, -1.000000000000000000 ) ) ;
#2269 = VECTOR ( 'NONE', #3208, 1000.000000000000000 ) ;
#2270 = LINE ( 'NONE', #1187, #4220 ) ;
#2271 = LINE ( 'NONE', #2992, #2825 ) ;
#2272 = VERTEX_POINT ( 'NONE', #1202 ) ;
#2273 = EDGE_CURVE ( 'NONE', #1672, #3451, #3235, .T. ) ;
#2274 = ORIENTED_EDGE ( 'NONE', *, *, #3568, .T. ) ;
#2275 = CARTESIAN_POINT ( 'NONE',  ( 0.000000000000000000, 0.000000000000000000, 218.0000000000000000 ) ) ;
#2276 = FACE_BOUND ( 'NONE', #2534, .T. ) ;
#2277 = VERTEX_POINT ( 'NONE', #4270 ) ;
#2278 = EDGE_CURVE ( 'NONE', #505, #3928, #1223, .T. ) ;
#2279 = EDGE_LOOP ( 'NONE', ( #1021, #2067, #3293, #3776, #3379, #3634, #3470, #2146 ) ) ;
#2280 = VERTEX_POINT ( 'NONE', #935 ) ;
#2281 = ORIENTED_EDGE ( 'NONE', *, *, #367, .T. ) ;
#2282 = VERTEX_POINT ( 'NONE', #2689 ) ;
#2283 = DIRECTION ( 'NONE',  ( -0.000000000000000000, -1.000000000000000000, -0.000000000000000000 ) ) ;
#2284 = EDGE_CURVE ( 'NONE', #1372, #999, #3671, .T. ) ;
#2285 = EDGE_CURVE ( 'NONE', #3664, #3101, #4055, .T. ) ;
#2286 = CARTESIAN_POINT ( 'NONE',  ( 0.000000000000000000, 0.000000000000000000, 218.0000000000000000 ) ) ;
#2287 = CARTESIAN_POINT ( 'NONE',  ( 0.000000000000000000, 104.5000000000000000, 205.0000000000000000 ) ) ;
#2288 = DIRECTION ( 'NONE',  ( 0.000000000000000000, 0.000000000000000000, 1.000000000000000000 ) ) ;
#2289 = CIRCLE ( 'NONE', #2216, 1.700000000000007061 ) ;
#2290 = FACE_OUTER_BOUND ( 'NONE', #2233, .T. ) ;
#2291 = LINE ( 'NONE', #3918, #3873 ) ;
#2292 = CARTESIAN_POINT ( 'NONE',  ( 0.000000000000000000, 0.000000000000000000, 2.200000000000000178 ) ) ;
#2293 = FACE_OUTER_BOUND ( 'NONE', #3243, .T. ) ;
#2294 = ORIENTED_EDGE ( 'NONE', *, *, #1719, .T. ) ;
#2295 = AXIS2_PLACEMENT_3D ( 'NONE', #1797, #101, #1439 ) ;
#2296 = EDGE_LOOP ( 'NONE', ( #3003, #1403, #1768, #1285 ) ) ;
#2297 = DIRECTION ( 'NONE',  ( 1.000000000000000000, 0.000000000000000000, 0.000000000000000000 ) ) ;
#2298 = EDGE_LOOP ( 'NONE', ( #4015, #447 ) ) ;
#2299 = DIRECTION ( 'NONE',  ( 1.000000000000000000, 0.000000000000000000, 0.000000000000000000 ) ) ;
#2300 = VECTOR ( 'NONE', #2078, 1000.000000000000000 ) ;
#2301 = EDGE_LOOP ( 'NONE', ( #3054, #3000, #1037, #3287 ) ) ;
#2302 = ORIENTED_EDGE ( 'NONE', *, *, #1227, .T. ) ;
#2303 = ORIENTED_EDGE ( 'NONE', *, *, #468, .F. ) ;
#2304 = EDGE_CURVE ( 'NONE', #3008, #1784, #3366, .T. ) ;
#2305 = ADVANCED_FACE ( 'NONE', ( #1364 ), #346, .F. ) ;
#2306 = VERTEX_POINT ( 'NONE', #1673 ) ;
#2307 = LINE ( 'NONE', #3691, #2319 ) ;
#2308 = VECTOR ( 'NONE', #2871, 1000.000000000000000 ) ;
#2309 = CARTESIAN_POINT ( 'NONE',  ( -34.70000000000000284, 104.5000000000000000, 214.0000000000000000 ) ) ;
#2310 = VECTOR ( 'NONE', #653, 1000.000000000000000 ) ;
#2311 = FACE_OUTER_BOUND ( 'NONE', #1154, .T. ) ;
#2312 = AXIS2_PLACEMENT_3D ( 'NONE', #3215, #4247, #3279 ) ;
#2313 = EDGE_CURVE ( 'NONE', #2979, #1189, #1005, .T. ) ;
#2314 = CARTESIAN_POINT ( 'NONE',  ( -55.00000000000000711, 100.4999999999999858, 0.000000000000000000 ) ) ;
#2315 = LINE ( 'NONE', #2648, #3520 ) ;
#2316 = LINE ( 'NONE', #3371, #1808 ) ;
#2317 = CARTESIAN_POINT ( 'NONE',  ( -50.00000000000000000, 80.50000000000000000, 214.0000000000000000 ) ) ;
#2318 = ORIENTED_EDGE ( 'NONE', *, *, #3755, .T. ) ;
#2319 = VECTOR ( 'NONE', #1002, 1000.000000000000000 ) ;
#2320 = ORIENTED_EDGE ( 'NONE', *, *, #3885, .T. ) ;
#2321 = CARTESIAN_POINT ( 'NONE',  ( 11.50000000000000178, 19.91858428704208706, 5.000000000000000000 ) ) ;
#2322 = ORIENTED_EDGE ( 'NONE', *, *, #867, .T. ) ;
#2323 = CARTESIAN_POINT ( 'NONE',  ( -50.50000000000000000, 100.9999999999999858, 98.00000000000000000 ) ) ;
#2324 = DIRECTION ( 'NONE',  ( 0.7071067811865477948, 0.7071067811865473507, 0.000000000000000000 ) ) ;
#2325 = VERTEX_POINT ( 'NONE', #2623 ) ;
#2326 = EDGE_LOOP ( 'NONE', ( #2947, #2025, #3512, #3880, #1618, #3263, #3973, #1463, #205, #1798, #3169, #635, #3923, #632, #426, #228 ) ) ;
#2327 = VERTEX_POINT ( 'NONE', #2355 ) ;
#2328 = DIRECTION ( 'NONE',  ( -1.000000000000000000, -0.000000000000000000, -0.000000000000000000 ) ) ;
#2329 = DIRECTION ( 'NONE',  ( -1.000000000000000000, 0.000000000000000000, 0.000000000000000000 ) ) ;
#2330 = ORIENTED_EDGE ( 'NONE', *, *, #3295, .T. ) ;
#2331 = FACE_BOUND ( 'NONE', #3758, .T. ) ;
#2332 = CARTESIAN_POINT ( 'NONE',  ( -69.49999999999998579, 0.000000000000000000, 235.0000000000000000 ) ) ;
#2333 = EDGE_CURVE ( 'NONE', #1611, #1737, #413, .T. ) ;
#2334 = EDGE_CURVE ( 'NONE', #3618, #2898, #3718, .T. ) ;
#2335 = VECTOR ( 'NONE', #2231, 1000.000000000000000 ) ;
#2336 = AXIS2_PLACEMENT_3D ( 'NONE', #507, #1860, #1590 ) ;
#2337 = DIRECTION ( 'NONE',  ( 0.000000000000000000, -1.000000000000000000, 0.000000000000000000 ) ) ;
#2338 = CARTESIAN_POINT ( 'NONE',  ( -11.50000000000001066, -19.91858428704208350, 5.000000000000000000 ) ) ;
#2339 = CARTESIAN_POINT ( 'NONE',  ( -33.00000000000000000, -100.4999999999999858, 214.0000000000000000 ) ) ;
#2340 = DIRECTION ( 'NONE',  ( 0.000000000000000000, 0.000000000000000000, -1.000000000000000000 ) ) ;
#2341 = ORIENTED_EDGE ( 'NONE', *, *, #2883, .T. ) ;
#2342 = CIRCLE ( 'NONE', #3275, 2.750000000000002665 ) ;
#2343 = ORIENTED_EDGE ( 'NONE', *, *, #2516, .F. ) ;
#2344 = LINE ( 'NONE', #614, #2482 ) ;
#2345 = VECTOR ( 'NONE', #2183, 1000.000000000000000 ) ;
#2346 = DIRECTION ( 'NONE',  ( -0.000000000000000000, -0.000000000000000000, 1.000000000000000000 ) ) ;
#2347 = DIRECTION ( 'NONE',  ( 1.000000000000000000, 0.000000000000000000, 0.000000000000000000 ) ) ;
#2348 = ORIENTED_EDGE ( 'NONE', *, *, #2914, .T. ) ;
#2349 = ORIENTED_EDGE ( 'NONE', *, *, #2244, .F. ) ;
#2350 = EDGE_LOOP ( 'NONE', ( #711, #3824, #1380, #3970 ) ) ;
#2351 = DIRECTION ( 'NONE',  ( 0.000000000000000000, 1.000000000000000000, 0.000000000000000000 ) ) ;
#2352 = ORIENTED_EDGE ( 'NONE', *, *, #3576, .F. ) ;
#2353 = CARTESIAN_POINT ( 'NONE',  ( 0.000000000000000000, 100.4999999999999858, 218.0000000000000000 ) ) ;
#2354 = ORIENTED_EDGE ( 'NONE', *, *, #4066, .F. ) ;
#2355 = CARTESIAN_POINT ( 'NONE',  ( -57.25000000000000000, -90.50000000000000000, 5.000000000000000000 ) ) ;
#2356 = DIRECTION ( 'NONE',  ( 0.000000000000000000, 1.000000000000000000, 0.000000000000000000 ) ) ;
#2357 = LINE ( 'NONE', #2052, #1487 ) ;
#2358 = ADVANCED_FACE ( 'NONE', ( #648 ), #3742, .F. ) ;
#2359 = DIRECTION ( 'NONE',  ( -0.000000000000000000, -1.000000000000000000, -0.000000000000000000 ) ) ;
#2360 = AXIS2_PLACEMENT_3D ( 'NONE', #4366, #3725, #680 ) ;
#2361 = DIRECTION ( 'NONE',  ( -0.7071067811865477948, 0.7071067811865473507, 0.000000000000000000 ) ) ;
#2362 = LINE ( 'NONE', #1371, #2084 ) ;
#2363 = ORIENTED_EDGE ( 'NONE', *, *, #3148, .T. ) ;
#2364 = EDGE_LOOP ( 'NONE', ( #3530, #619 ) ) ;
#2365 = CARTESIAN_POINT ( 'NONE',  ( 0.000000000000000000, 100.4999999999999858, 98.00000000000000000 ) ) ;
#2366 = LINE ( 'NONE', #3731, #3412 ) ;
#2367 = CARTESIAN_POINT ( 'NONE',  ( 60.50000000000000711, 100.4999999999999858, 0.000000000000000000 ) ) ;
#2368 = ORIENTED_EDGE ( 'NONE', *, *, #2154, .F. ) ;
#2369 = VECTOR ( 'NONE', #3487, 1000.000000000000000 ) ;
#2370 = ORIENTED_EDGE ( 'NONE', *, *, #2987, .T. ) ;
#2371 = ORIENTED_EDGE ( 'NONE', *, *, #2612, .F. ) ;
#2372 = CIRCLE ( 'NONE', #2094, 9.000000000000007105 ) ;
#2373 = EDGE_LOOP ( 'NONE', ( #568, #4072, #2634, #1546 ) ) ;
#2374 = DIRECTION ( 'NONE',  ( 0.000000000000000000, -1.000000000000000000, 0.000000000000000000 ) ) ;
#2375 = ADVANCED_FACE ( 'NONE', ( #3387 ), #1956, .F. ) ;
#2376 = ORIENTED_EDGE ( 'NONE', *, *, #3295, .F. ) ;
#2377 = CARTESIAN_POINT ( 'NONE',  ( 13.20000000000000107, -19.91858428704208706, 5.000000000000000000 ) ) ;
#2378 = LOCAL_TIME ( 11, 9, 14.00000000000000000, #4030 ) ;
#2379 = CARTESIAN_POINT ( 'NONE',  ( 60.00000000000000711, 100.9999999999999858, 218.0000000000000000 ) ) ;
#2380 = LINE ( 'NONE', #1365, #3440 ) ;
#2381 = CARTESIAN_POINT ( 'NONE',  ( -70.00000000000000000, -100.4999999999999858, 5.000000000000000000 ) ) ;
#2382 = CYLINDRICAL_SURFACE ( 'NONE', #3811, 1.700000000000000178 ) ;
#2383 = DIRECTION ( 'NONE',  ( -0.000000000000000000, -0.000000000000000000, -1.000000000000000000 ) ) ;
#2384 = FACE_OUTER_BOUND ( 'NONE', #3879, .T. ) ;
#2385 = VECTOR ( 'NONE', #1723, 1000.000000000000000 ) ;
#2386 = ADVANCED_FACE ( 'NONE', ( #1696 ), #2643, .T. ) ;
#2387 = EDGE_CURVE ( 'NONE', #1126, #2325, #4335, .T. ) ;
#2388 = ORIENTED_EDGE ( 'NONE', *, *, #279, .F. ) ;
#2389 = LINE ( 'NONE', #1705, #3901 ) ;
#2390 = DIRECTION ( 'NONE',  ( 0.000000000000000000, 1.000000000000000000, 0.000000000000000000 ) ) ;
#2391 = VECTOR ( 'NONE', #745, 1000.000000000000000 ) ;
#2392 = CARTESIAN_POINT ( 'NONE',  ( 16.50000000000000355, -104.5000000000000000, 240.8788383248864591 ) ) ;
#2393 = VERTEX_POINT ( 'NONE', #957 ) ;
#2394 = EDGE_LOOP ( 'NONE', ( #530, #2210 ) ) ;
#2395 = EDGE_CURVE ( 'NONE', #1933, #2277, #4007, .T. ) ;
#2396 = ORIENTED_EDGE ( 'NONE', *, *, #4164, .T. ) ;
#2397 = AXIS2_PLACEMENT_3D ( 'NONE', #363, #2734, #503 ) ;
#2398 = ORIENTED_EDGE ( 'NONE', *, *, #2148, .T. ) ;
#2399 = DIRECTION ( 'NONE',  ( -1.000000000000000000, 0.000000000000000000, 0.000000000000000000 ) ) ;
#2400 = EDGE_LOOP ( 'NONE', ( #705, #1169, #2875, #2257, #1642, #4325, #3886, #4279, #2255, #772, #3188, #3567, #4064, #4106, #483, #2977 ) ) ;
#2401 = DIRECTION ( 'NONE',  ( 0.000000000000000000, 0.000000000000000000, 1.000000000000000000 ) ) ;
#2402 = EDGE_CURVE ( 'NONE', #4139, #2110, #768, .T. ) ;
#2403 = CARTESIAN_POINT ( 'NONE',  ( 0.000000000000000000, -100.4999999999999858, 214.0000000000000000 ) ) ;
#2404 = DIRECTION ( 'NONE',  ( -1.000000000000000000, 0.000000000000000000, 0.000000000000000000 ) ) ;
#2405 = ORIENTED_EDGE ( 'NONE', *, *, #1490, .T. ) ;
#2406 = DIRECTION ( 'NONE',  ( -0.000000000000000000, -1.000000000000000000, -0.000000000000000000 ) ) ;
#2407 = CARTESIAN_POINT ( 'NONE',  ( 0.000000000000000000, -100.4999999999999858, 214.0000000000000000 ) ) ;
#2408 = CYLINDRICAL_SURFACE ( 'NONE', #3011, 1.700000000000000178 ) ;
#2409 = VERTEX_POINT ( 'NONE', #1720 ) ;
#2410 = VECTOR ( 'NONE', #3228, 1000.000000000000000 ) ;
#2411 = CARTESIAN_POINT ( 'NONE',  ( 34.70000000000000284, 100.4999999999999858, 214.0000000000000000 ) ) ;
#2412 = CARTESIAN_POINT ( 'NONE',  ( -60.00000000000000711, -90.50000000000000000, 5.000000000000000000 ) ) ;
#2413 = CIRCLE ( 'NONE', #497, 1.700000000000007061 ) ;
#2414 = APPROVAL ( #1958, 'UNSPECIFIED' ) ;
#2415 = CARTESIAN_POINT ( 'NONE',  ( 60.00000000000000711, -90.50000000000000000, 0.000000000000000000 ) ) ;
#2416 = ORIENTED_EDGE ( 'NONE', *, *, #1961, .T. ) ;
#2417 = EDGE_LOOP ( 'NONE', ( #598, #1377, #3083, #1803 ) ) ;
#2418 = AXIS2_PLACEMENT_3D ( 'NONE', #3067, #23, #2988 ) ;
#2419 = VERTEX_POINT ( 'NONE', #1267 ) ;
#2420 = PLANE ( 'NONE',  #4201 ) ;
#2421 = ORIENTED_EDGE ( 'NONE', *, *, #3703, .T. ) ;
#2422 = FACE_OUTER_BOUND ( 'NONE', #3187, .T. ) ;
#2423 = AXIS2_PLACEMENT_3D ( 'NONE', #2571, #3278, #2847 ) ;
#2424 = CARTESIAN_POINT ( 'NONE',  ( -60.50000000000000711, 100.4999999999999858, 0.000000000000000000 ) ) ;
#2425 = EDGE_CURVE ( 'NONE', #691, #86, #3009, .T. ) ;
#2426 = CARTESIAN_POINT ( 'NONE',  ( -16.50000000000001421, -100.4999999999999858, 244.2788383248864648 ) ) ;
#2427 = ORIENTED_EDGE ( 'NONE', *, *, #4140, .T. ) ;
#2428 = CARTESIAN_POINT ( 'NONE',  ( -70.00000000000000000, -85.49999999999998579, 5.000000000000000000 ) ) ;
#2429 = ADVANCED_FACE ( 'NONE', ( #980, #2331 ), #4383, .F. ) ;
#2430 = CARTESIAN_POINT ( 'NONE',  ( -50.00000000000000000, 80.50000000000000000, 5.000000000000000000 ) ) ;
#2431 = CARTESIAN_POINT ( 'NONE',  ( -70.00000000000000000, -91.00000000000000000, 218.0000000000000000 ) ) ;
#2432 = PLANE ( 'NONE',  #365 ) ;
#2433 = DIRECTION ( 'NONE',  ( 1.000000000000000000, 0.000000000000000000, 0.000000000000000000 ) ) ;
#2434 = DIRECTION ( 'NONE',  ( -0.000000000000000000, -1.000000000000000000, -0.000000000000000000 ) ) ;
#2435 = VERTEX_POINT ( 'NONE', #2826 ) ;
#2436 = AXIS2_PLACEMENT_3D ( 'NONE', #2490, #753, #118 ) ;
#2437 = EDGE_LOOP ( 'NONE', ( #4368, #4158 ) ) ;
#2438 = CARTESIAN_POINT ( 'NONE',  ( -31.30000000000000071, -100.4999999999999858, 214.0000000000000000 ) ) ;
#2439 = CARTESIAN_POINT ( 'NONE',  ( -50.50000000000000000, -100.4999999999999858, 0.000000000000000000 ) ) ;
#2440 = ORIENTED_EDGE ( 'NONE', *, *, #2754, .T. ) ;
#2441 = DIRECTION ( 'NONE',  ( 1.000000000000000000, 0.000000000000000000, 0.000000000000000000 ) ) ;
#2442 = VERTEX_POINT ( 'NONE', #4183 ) ;
#2443 = EDGE_CURVE ( 'NONE', #1763, #2655, #1051, .T. ) ;
#2444 = EDGE_CURVE ( 'NONE', #603, #3866, #3807, .T. ) ;
#2445 = CARTESIAN_POINT ( 'NONE',  ( 55.00000000000000711, 100.4999999999999858, 0.000000000000000000 ) ) ;
#2446 = CIRCLE ( 'NONE', #400, 1.700000000000007061 ) ;
#2447 = CARTESIAN_POINT ( 'NONE',  ( 16.50000000000000355, -100.4999999999999858, 240.8788383248864591 ) ) ;
#2448 = ORIENTED_EDGE ( 'NONE', *, *, #4330, .F. ) ;
#2449 = CARTESIAN_POINT ( 'NONE',  ( 70.00000000000000000, 85.49999999999998579, 5.000000000000000000 ) ) ;
#2450 = DIRECTION ( 'NONE',  ( 1.000000000000000000, 0.000000000000000000, 0.000000000000000000 ) ) ;
#2451 = CARTESIAN_POINT ( 'NONE',  ( 0.000000000000000000, 100.4999999999999858, 218.0000000000000000 ) ) ;
#2452 = EDGE_CURVE ( 'NONE', #603, #2576, #3176, .T. ) ;
#2453 = DIRECTION ( 'NONE',  ( -0.000000000000000000, -0.000000000000000000, -1.000000000000000000 ) ) ;
#2454 = CARTESIAN_POINT ( 'NONE',  ( -50.00000000000000000, -80.50000000000000000, 5.000000000000000000 ) ) ;
#2455 = CARTESIAN_POINT ( 'NONE',  ( 0.000000000000000000, -100.4999999999999858, 214.0000000000000000 ) ) ;
#2456 = ORIENTED_EDGE ( 'NONE', *, *, #2313, .F. ) ;
#2457 = AXIS2_PLACEMENT_3D ( 'NONE', #584, #1601, #3603 ) ;
#2458 = ORIENTED_EDGE ( 'NONE', *, *, #2827, .T. ) ;
#2459 = LINE ( 'NONE', #4202, #1271 ) ;
#2460 = DIRECTION ( 'NONE',  ( 0.000000000000000000, -1.000000000000000000, 0.000000000000000000 ) ) ;
#2461 = ORIENTED_EDGE ( 'NONE', *, *, #2524, .T. ) ;
#2462 = FACE_BOUND ( 'NONE', #384, .T. ) ;
#2463 = EDGE_LOOP ( 'NONE', ( #2234, #2752, #2476, #1423 ) ) ;
#2464 = VECTOR ( 'NONE', #2545, 1000.000000000000000 ) ;
#2465 = CARTESIAN_POINT ( 'NONE',  ( 60.00000000000000711, -90.50000000000000000, 5.000000000000000000 ) ) ;
#2466 = CC_DESIGN_PERSON_AND_ORGANIZATION_ASSIGNMENT ( #3578, #537, ( #2510 ) ) ;
#2467 = CARTESIAN_POINT ( 'NONE',  ( -16.49999999999999289, 104.5000000000000000, 185.4211616751135239 ) ) ;
#2468 = PLANE ( 'NONE',  #1400 ) ;
#2469 = EDGE_CURVE ( 'NONE', #2517, #999, #3120, .T. ) ;
#2470 = CARTESIAN_POINT ( 'NONE',  ( -57.25000000000000000, 90.50000000000000000, 5.000000000000000000 ) ) ;
#2471 = DIRECTION ( 'NONE',  ( -1.000000000000000000, 0.000000000000000000, 0.000000000000000000 ) ) ;
#2472 = CARTESIAN_POINT ( 'NONE',  ( 33.00000000000000000, 100.4999999999999858, 214.0000000000000000 ) ) ;
#2473 = FACE_OUTER_BOUND ( 'NONE', #4217, .T. ) ;
#2474 = FACE_OUTER_BOUND ( 'NONE', #1990, .T. ) ;
#2475 = EDGE_CURVE ( 'NONE', #1548, #2168, #2596, .T. ) ;
#2476 = ORIENTED_EDGE ( 'NONE', *, *, #2642, .F. ) ;
#2477 = EDGE_CURVE ( 'NONE', #3503, #1681, #3513, .T. ) ;
#2478 = CLOSED_SHELL ( 'NONE', ( #3846, #782, #4349, #3720, #4133, #3323, #17, #2022, #3237, #2071, #301, #807, #3638, #1470, #3193, #1644, #1095, #1525, #3593, #601, #2995, #3461, #1272, #3357, #3887, #260, #1639, #3033, #3142, #2699, #954, #2197, #469, #1599, #848, #1062, #2784, #4314, #3056, #2358, #417, #2051, #2667, #3831, #908, #2305, #3514, #134, #1445, #2180, #3645, #2015, #652, #82, #2091, #104, #1032, #1613, #1468, #668, #2252, #371, #2603, #2429, #4309 ) ) ;
#2479 = ORIENTED_EDGE ( 'NONE', *, *, #3854, .F. ) ;
#2480 = VECTOR ( 'NONE', #4070, 1000.000000000000000 ) ;
#2481 = VERTEX_POINT ( 'NONE', #2486 ) ;
#2482 = VECTOR ( 'NONE', #332, 1000.000000000000000 ) ;
#2483 = DIRECTION ( 'NONE',  ( 1.000000000000000000, 0.000000000000000000, 0.000000000000000000 ) ) ;
#2484 = EDGE_LOOP ( 'NONE', ( #1462, #2878, #1479, #206 ) ) ;
#2485 = VECTOR ( 'NONE', #810, 1000.000000000000000 ) ;
#2486 = CARTESIAN_POINT ( 'NONE',  ( 50.00000000000000000, 80.50000000000000000, 5.000000000000000000 ) ) ;
#2487 = CARTESIAN_POINT ( 'NONE',  ( 33.00000000000000000, 104.5000000000000000, 214.0000000000000000 ) ) ;
#2488 = DIRECTION ( 'NONE',  ( 0.000000000000000000, 0.000000000000000000, 1.000000000000000000 ) ) ;
#2489 = CARTESIAN_POINT ( 'NONE',  ( 16.50000000000000355, -104.5000000000000000, 187.1211616751135409 ) ) ;
#2490 = CARTESIAN_POINT ( 'NONE',  ( 0.000000000000000000, 104.5000000000000000, 214.0000000000000000 ) ) ;
#2491 = EDGE_CURVE ( 'NONE', #3451, #3559, #3669, .T. ) ;
#2492 = EDGE_CURVE ( 'NONE', #3402, #2282, #2137, .T. ) ;
#2493 = CARTESIAN_POINT ( 'NONE',  ( 12.50000000000000000, 1.530808498934191521E-15, 98.00000000000000000 ) ) ;
#2494 = CARTESIAN_POINT ( 'NONE',  ( -70.00000000000000000, 104.5000000000000000, 5.000000000000000000 ) ) ;
#2495 = LINE ( 'NONE', #502, #1807 ) ;
#2496 = EDGE_LOOP ( 'NONE', ( #254, #1195 ) ) ;
#2497 = ORIENTED_EDGE ( 'NONE', *, *, #3561, .F. ) ;
#2498 = EDGE_LOOP ( 'NONE', ( #729, #1777 ) ) ;
#2499 = FACE_BOUND ( 'NONE', #2782, .T. ) ;
#2500 = CIRCLE ( 'NONE', #2645, 17.15000000000000213 ) ;
#2501 = EDGE_LOOP ( 'NONE', ( #3230, #2862, #1799, #2683 ) ) ;
#2502 = AXIS2_PLACEMENT_3D ( 'NONE', #959, #675, #2030 ) ;
#2503 = DIRECTION ( 'NONE',  ( 0.000000000000000000, 1.000000000000000000, 0.000000000000000000 ) ) ;
#2504 = AXIS2_PLACEMENT_3D ( 'NONE', #1816, #1106, #3821 ) ;
#2505 = CIRCLE ( 'NONE', #2657, 9.000000000000007105 ) ;
#2506 = DIRECTION ( 'NONE',  ( 0.000000000000000000, -0.000000000000000000, -1.000000000000000000 ) ) ;
#2507 = CARTESIAN_POINT ( 'NONE',  ( 0.000000000000000000, 100.4999999999999858, 214.0000000000000000 ) ) ;
#2508 = DIRECTION ( 'NONE',  ( 0.000000000000000000, 0.000000000000000000, 1.000000000000000000 ) ) ;
#2509 = CARTESIAN_POINT ( 'NONE',  ( 50.00000000000000000, -80.50000000000000000, 214.0000000000000000 ) ) ;
#2510 = PRODUCT_DEFINITION_FORMATION_WITH_SPECIFIED_SOURCE ( 'ANY', '', #4084, .NOT_KNOWN. ) ;
#2511 = FACE_BOUND ( 'NONE', #3046, .T. ) ;
#2512 = CARTESIAN_POINT ( 'NONE',  ( 13.20000000000000107, 19.91858428704208706, 5.000000000000000000 ) ) ;
#2513 = DIRECTION ( 'NONE',  ( 0.000000000000000000, 0.000000000000000000, 1.000000000000000000 ) ) ;
#2514 = ORIENTED_EDGE ( 'NONE', *, *, #1406, .F. ) ;
#2515 = ORIENTED_EDGE ( 'NONE', *, *, #3561, .T. ) ;
#2516 = EDGE_CURVE ( 'NONE', #4136, #3640, #4165, .T. ) ;
#2517 = VERTEX_POINT ( 'NONE', #4123 ) ;
#2518 = DIRECTION ( 'NONE',  ( -0.000000000000000000, -1.000000000000000000, -0.000000000000000000 ) ) ;
#2519 = DIRECTION ( 'NONE',  ( 0.000000000000000000, 0.000000000000000000, 1.000000000000000000 ) ) ;
#2520 = VECTOR ( 'NONE', #1792, 1000.000000000000000 ) ;
#2521 = ORIENTED_EDGE ( 'NONE', *, *, #3363, .T. ) ;
#2522 = AXIS2_PLACEMENT_3D ( 'NONE', #2050, #3037, #278 ) ;
#2523 = DIRECTION ( 'NONE',  ( -0.000000000000000000, -1.000000000000000000, -0.000000000000000000 ) ) ;
#2524 = EDGE_CURVE ( 'NONE', #2729, #656, #2156, .T. ) ;
#2525 = FACE_OUTER_BOUND ( 'NONE', #739, .T. ) ;
#2526 = LINE ( 'NONE', #1575, #3594 ) ;
#2527 = DIRECTION ( 'NONE',  ( 1.000000000000000000, 0.000000000000000000, 0.000000000000000000 ) ) ;
#2528 = FACE_BOUND ( 'NONE', #876, .T. ) ;
#2529 = MANIFOLD_SOLID_BREP ( 'Post_1', #2901 ) ;
#2530 = CARTESIAN_POINT ( 'NONE',  ( -60.50000000000000711, 100.4999999999999858, 214.0000000000000000 ) ) ;
#2531 = LINE ( 'NONE', #1536, #4019 ) ;
#2532 = CARTESIAN_POINT ( 'NONE',  ( 70.00000000000000000, 91.00000000000000000, 214.0000000000000000 ) ) ;
#2533 = CARTESIAN_POINT ( 'NONE',  ( 34.70000000000000284, -100.4999999999999858, 214.0000000000000000 ) ) ;
#2534 = EDGE_LOOP ( 'NONE', ( #3288, #1897 ) ) ;
#2535 = ORIENTED_EDGE ( 'NONE', *, *, #2109, .F. ) ;
#2536 = ORIENTED_EDGE ( 'NONE', *, *, #1193, .T. ) ;
#2537 = LINE ( 'NONE', #4281, #1070 ) ;
#2538 = EDGE_CURVE ( 'NONE', #3750, #86, #472, .T. ) ;
#2539 = LINE ( 'NONE', #2209, #3481 ) ;
#2540 = ORIENTED_EDGE ( 'NONE', *, *, #4272, .T. ) ;
#2541 = VERTEX_POINT ( 'NONE', #3086 ) ;
#2542 = CIRCLE ( 'NONE', #569, 11.14999999999999325 ) ;
#2543 = ORIENTED_EDGE ( 'NONE', *, *, #2516, .T. ) ;
#2544 = ADVANCED_FACE ( 'NONE', ( #725 ), #2783, .F. ) ;
#2545 = DIRECTION ( 'NONE',  ( -0.000000000000000000, -0.000000000000000000, -1.000000000000000000 ) ) ;
#2546 = AXIS2_PLACEMENT_3D ( 'NONE', #3995, #1615, #2972 ) ;
#2547 = VECTOR ( 'NONE', #2008, 1000.000000000000000 ) ;
#2548 = EDGE_CURVE ( 'NONE', #4318, #3922, #617, .T. ) ;
#2549 = EDGE_CURVE ( 'NONE', #4052, #2442, #3109, .T. ) ;
#2550 = CARTESIAN_POINT ( 'NONE',  ( -70.00000000000000000, -104.5000000000000000, 5.000000000000000000 ) ) ;
#2551 = CARTESIAN_POINT ( 'NONE',  ( 21.30000000000000071, 0.000000000000000000, 5.000000000000000000 ) ) ;
#2552 = PERSON_AND_ORGANIZATION ( #1184, #3653 ) ;
#2553 = DIRECTION ( 'NONE',  ( 0.000000000000000000, 0.000000000000000000, 1.000000000000000000 ) ) ;
#2554 = EDGE_CURVE ( 'NONE', #3354, #1280, #3784, .T. ) ;
#2555 = CARTESIAN_POINT ( 'NONE',  ( -34.70000000000000284, -100.9999999999999858, 214.0000000000000000 ) ) ;
#2556 = LINE ( 'NONE', #588, #1884 ) ;
#2557 = DIRECTION ( 'NONE',  ( 1.000000000000000000, 0.000000000000000000, 0.000000000000000000 ) ) ;
#2558 = DIRECTION ( 'NONE',  ( 0.000000000000000000, 0.000000000000000000, 1.000000000000000000 ) ) ;
#2559 = ORIENTED_EDGE ( 'NONE', *, *, #3380, .T. ) ;
#2560 = ORIENTED_EDGE ( 'NONE', *, *, #3980, .F. ) ;
#2561 = ORIENTED_EDGE ( 'NONE', *, *, #576, .T. ) ;
#2562 = FACE_BOUND ( 'NONE', #3682, .T. ) ;
#2563 = CARTESIAN_POINT ( 'NONE',  ( 31.30000000000000071, 104.5000000000000000, 214.0000000000000000 ) ) ;
#2564 = ORIENTED_EDGE ( 'NONE', *, *, #2072, .F. ) ;
#2565 = ORIENTED_EDGE ( 'NONE', *, *, #681, .F. ) ;
#2566 = EDGE_LOOP ( 'NONE', ( #4100, #2515, #3106, #3704, #4346, #3614, #1594, #2764, #2416, #3244, #4204, #4200, #4017, #275, #2461, #1519 ) ) ;
#2567 = ORIENTED_EDGE ( 'NONE', *, *, #3785, .T. ) ;
#2568 = CARTESIAN_POINT ( 'NONE',  ( -69.49999999999998579, -104.5000000000000000, 100.0000000000000000 ) ) ;
#2569 = EDGE_CURVE ( 'NONE', #1448, #3635, #412, .T. ) ;
#2570 = AXIS2_PLACEMENT_3D ( 'NONE', #2767, #96, #1458 ) ;
#2571 = CARTESIAN_POINT ( 'NONE',  ( 0.000000000000000000, 0.000000000000000000, 0.000000000000000000 ) ) ;
#2572 = CARTESIAN_POINT ( 'NONE',  ( -70.00000000000000000, -100.4999999999999858, 5.000000000000000000 ) ) ;
#2573 = VECTOR ( 'NONE', #1042, 1000.000000000000000 ) ;
#2574 = DATE_AND_TIME ( #2961, #1670 ) ;
#2575 = LINE ( 'NONE', #239, #1663 ) ;
#2576 = VERTEX_POINT ( 'NONE', #89 ) ;
#2577 = EDGE_CURVE ( 'NONE', #2655, #688, #4143, .T. ) ;
#2578 = CIRCLE ( 'NONE', #4083, 9.000000000000007105 ) ;
#2579 = CARTESIAN_POINT ( 'NONE',  ( -33.00000000000000000, 104.5000000000000000, 215.6999999999999886 ) ) ;
#2580 = LINE ( 'NONE', #3941, #1822 ) ;
#2581 = CARTESIAN_POINT ( 'NONE',  ( 10.00000000000000000, 1.224646799147353256E-15, 218.0000000000000000 ) ) ;
#2582 = CARTESIAN_POINT ( 'NONE',  ( -50.00000000000000000, 100.4999999999999858, 214.0000000000000000 ) ) ;
#2583 = ORIENTED_EDGE ( 'NONE', *, *, #429, .T. ) ;
#2584 = ORIENTED_EDGE ( 'NONE', *, *, #2469, .T. ) ;
#2585 = AXIS2_PLACEMENT_3D ( 'NONE', #3162, #2508, #2450 ) ;
#2586 = EDGE_CURVE ( 'NONE', #2903, #3427, #2116, .T. ) ;
#2587 = EDGE_LOOP ( 'NONE', ( #3713, #2584 ) ) ;
#2588 = FACE_OUTER_BOUND ( 'NONE', #4091, .T. ) ;
#2589 = CARTESIAN_POINT ( 'NONE',  ( -74.00000000000000000, 0.000000000000000000, 235.0000000000000000 ) ) ;
#2590 = ORIENTED_EDGE ( 'NONE', *, *, #896, .F. ) ;
#2591 = ORIENTED_EDGE ( 'NONE', *, *, #184, .T. ) ;
#2592 = ORIENTED_EDGE ( 'NONE', *, *, #1486, .F. ) ;
#2593 = DIRECTION ( 'NONE',  ( 0.000000000000000000, 0.000000000000000000, 1.000000000000000000 ) ) ;
#2594 = AXIS2_PLACEMENT_3D ( 'NONE', #2338, #3326, #1034 ) ;
#2595 = PLANE ( 'NONE',  #4334 ) ;
#2596 = CIRCLE ( 'NONE', #1050, 2.749999999999995559 ) ;
#2597 = EDGE_CURVE ( 'NONE', #2802, #1189, #1116, .T. ) ;
#2598 = CARTESIAN_POINT ( 'NONE',  ( 33.00000000000000000, 100.9999999999999858, 214.0000000000000000 ) ) ;
#2599 = DIRECTION ( 'NONE',  ( 1.000000000000000000, 0.000000000000000000, 0.000000000000000000 ) ) ;
#2600 = CARTESIAN_POINT ( 'NONE',  ( 0.000000000000000000, 0.000000000000000000, 218.0000000000000000 ) ) ;
#2601 = AXIS2_PLACEMENT_3D ( 'NONE', #2886, #3870, #2175 ) ;
#2602 = FACE_OUTER_BOUND ( 'NONE', #1842, .T. ) ;
#2603 = ADVANCED_FACE ( 'NONE', ( #3930 ), #1573, .F. ) ;
#2604 = EDGE_CURVE ( 'NONE', #1786, #1631, #2821, .T. ) ;
#2605 = CARTESIAN_POINT ( 'NONE',  ( 11.50000000000000178, 19.91858428704208706, 5.000000000000000000 ) ) ;
#2606 = DIRECTION ( 'NONE',  ( 1.000000000000000000, 0.000000000000000000, 0.000000000000000000 ) ) ;
#2607 = CARTESIAN_POINT ( 'NONE',  ( 60.00000000000000711, -100.9999999999999858, 218.0000000000000000 ) ) ;
#2608 = ORIENTED_EDGE ( 'NONE', *, *, #1580, .T. ) ;
#2609 = EDGE_LOOP ( 'NONE', ( #3119, #3580, #3338, #1384 ) ) ;
#2610 = ORIENTED_EDGE ( 'NONE', *, *, #726, .T. ) ;
#2611 = FACE_BOUND ( 'NONE', #3104, .T. ) ;
#2612 = EDGE_CURVE ( 'NONE', #408, #4318, #3194, .T. ) ;
#2613 = FACE_OUTER_BOUND ( 'NONE', #3859, .T. ) ;
#2614 = EDGE_CURVE ( 'NONE', #1448, #93, #4176, .T. ) ;
#2615 = ORIENTED_EDGE ( 'NONE', *, *, #983, .T. ) ;
#2616 = ORIENTED_EDGE ( 'NONE', *, *, #1863, .F. ) ;
#2617 = ORIENTED_EDGE ( 'NONE', *, *, #747, .F. ) ;
#2618 = ORIENTED_EDGE ( 'NONE', *, *, #2147, .F. ) ;
#2619 = DIRECTION ( 'NONE',  ( 0.000000000000000000, 1.000000000000000000, 0.000000000000000000 ) ) ;
#2620 = AXIS2_PLACEMENT_3D ( 'NONE', #4203, #1151, #1503 ) ;
#2621 = AXIS2_PLACEMENT_3D ( 'NONE', #4160, #3492, #1109 ) ;
#2622 = AXIS2_PLACEMENT_3D ( 'NONE', #1495, #2832, #1143 ) ;
#2623 = CARTESIAN_POINT ( 'NONE',  ( -60.50000000000000711, -100.4999999999999858, 218.0000000000000000 ) ) ;
#2624 = DIRECTION ( 'NONE',  ( 0.000000000000000000, -1.000000000000000000, 0.000000000000000000 ) ) ;
#2625 = CARTESIAN_POINT ( 'NONE',  ( 1.102182119232616531E-15, -100.4999999999999858, 223.0000000000000000 ) ) ;
#2626 = CIRCLE ( 'NONE', #2418, 1.700000000000007061 ) ;
#2627 = DIRECTION ( 'NONE',  ( -1.000000000000000000, -0.000000000000000000, -0.000000000000000000 ) ) ;
#2628 = FACE_OUTER_BOUND ( 'NONE', #3133, .T. ) ;
#2629 = AXIS2_PLACEMENT_3D ( 'NONE', #2087, #2351, #1690 ) ;
#2630 = CARTESIAN_POINT ( 'NONE',  ( -69.50000000000000000, -100.4999999999999858, 262.0000000000000000 ) ) ;
#2631 = FACE_OUTER_BOUND ( 'NONE', #3309, .T. ) ;
#2632 = ORIENTED_EDGE ( 'NONE', *, *, #2475, .T. ) ;
#2633 = ADVANCED_FACE ( 'NONE', ( #3274 ), #1886, .F. ) ;
#2634 = ORIENTED_EDGE ( 'NONE', *, *, #3963, .F. ) ;
#2635 = DIRECTION ( 'NONE',  ( 0.000000000000000000, 0.000000000000000000, -1.000000000000000000 ) ) ;
#2636 = CARTESIAN_POINT ( 'NONE',  ( 7.000000000000000000, 8.572527594031473190E-16, 5.000000000000000000 ) ) ;
#2637 = ORIENTED_EDGE ( 'NONE', *, *, #103, .T. ) ;
#2638 = EDGE_CURVE ( 'NONE', #4074, #3664, #3549, .T. ) ;
#2639 = ORIENTED_EDGE ( 'NONE', *, *, #576, .F. ) ;
#2640 = VERTEX_POINT ( 'NONE', #3252 ) ;
#2641 = DIRECTION ( 'NONE',  ( 0.000000000000000000, 0.000000000000000000, -1.000000000000000000 ) ) ;
#2642 = EDGE_CURVE ( 'NONE', #291, #2903, #2846, .T. ) ;
#2643 = PLANE ( 'NONE',  #3527 ) ;
#2644 = LINE ( 'NONE', #4009, #4006 ) ;
#2645 = AXIS2_PLACEMENT_3D ( 'NONE', #1297, #2055, #2650 ) ;
#2646 = VECTOR ( 'NONE', #1812, 1000.000000000000000 ) ;
#2647 = LINE ( 'NONE', #1651, #4333 ) ;
#2648 = CARTESIAN_POINT ( 'NONE',  ( 9.000000000000000000, -100.4999999999999858, 214.0000000000000000 ) ) ;
#2649 = CARTESIAN_POINT ( 'NONE',  ( 50.50000000000000000, -100.4999999999999858, 95.00000000000000000 ) ) ;
#2650 = DIRECTION ( 'NONE',  ( 1.000000000000000000, 0.000000000000000000, 0.000000000000000000 ) ) ;
#2651 = ORIENTED_EDGE ( 'NONE', *, *, #348, .T. ) ;
#2652 = ORIENTED_EDGE ( 'NONE', *, *, #1969, .T. ) ;
#2653 = CARTESIAN_POINT ( 'NONE',  ( -70.00000000000000000, -80.50000000000000000, 5.000000000000000000 ) ) ;
#2654 = VERTEX_POINT ( 'NONE', #188 ) ;
#2655 = VERTEX_POINT ( 'NONE', #1155 ) ;
#2656 = FACE_OUTER_BOUND ( 'NONE', #988, .T. ) ;
#2657 = AXIS2_PLACEMENT_3D ( 'NONE', #137, #794, #2851 ) ;
#2658 = EDGE_CURVE ( 'NONE', #1978, #3048, #4287, .T. ) ;
#2659 = VERTEX_POINT ( 'NONE', #1905 ) ;
#2660 = EDGE_LOOP ( 'NONE', ( #4180, #4381 ) ) ;
#2661 = ORIENTED_EDGE ( 'NONE', *, *, #1391, .T. ) ;
#2662 = ORIENTED_EDGE ( 'NONE', *, *, #1697, .F. ) ;
#2663 = EDGE_CURVE ( 'NONE', #4264, #295, #4308, .T. ) ;
#2664 = DIRECTION ( 'NONE',  ( 1.000000000000000000, 0.000000000000000000, 0.000000000000000000 ) ) ;
#2665 = EDGE_LOOP ( 'NONE', ( #2036, #4221, #2388, #3209 ) ) ;
#2666 = CARTESIAN_POINT ( 'NONE',  ( -74.00000000000000000, 104.5000000000000000, 262.0000000000000000 ) ) ;
#2667 = ADVANCED_FACE ( 'NONE', ( #3623 ), #1244, .F. ) ;
#2668 = AXIS2_PLACEMENT_3D ( 'NONE', #373, #4107, #1700 ) ;
#2669 = DIRECTION ( 'NONE',  ( 0.000000000000000000, 0.000000000000000000, -1.000000000000000000 ) ) ;
#2670 = AXIS2_PLACEMENT_3D ( 'NONE', #1624, #3986, #625 ) ;
#2671 = CARTESIAN_POINT ( 'NONE',  ( 70.00000000000000000, -104.5000000000000000, 5.000000000000000000 ) ) ;
#2672 = CARTESIAN_POINT ( 'NONE',  ( -11.49999999999999467, 19.91858428704209061, 5.000000000000000000 ) ) ;
#2673 = DIRECTION ( 'NONE',  ( -0.000000000000000000, -0.000000000000000000, 1.000000000000000000 ) ) ;
#2674 = CARTESIAN_POINT ( 'NONE',  ( -70.00000000000000000, 100.4999999999999858, 214.0000000000000000 ) ) ;
#2675 = VERTEX_POINT ( 'NONE', #490 ) ;
#2676 = AXIS2_PLACEMENT_3D ( 'NONE', #977, #1953, #671 ) ;
#2677 = VERTEX_POINT ( 'NONE', #3908 ) ;
#2678 = LINE ( 'NONE', #2365, #1351 ) ;
#2679 = DIRECTION ( 'NONE',  ( 1.000000000000000000, 0.000000000000000000, 0.000000000000000000 ) ) ;
#2680 = CARTESIAN_POINT ( 'NONE',  ( 0.000000000000000000, 0.000000000000000000, 2.200000000000000178 ) ) ;
#2681 = ORIENTED_EDGE ( 'NONE', *, *, #3114, .T. ) ;
#2682 = ORIENTED_EDGE ( 'NONE', *, *, #1127, .T. ) ;
#2683 = ORIENTED_EDGE ( 'NONE', *, *, #1063, .T. ) ;
#2684 = CARTESIAN_POINT ( 'NONE',  ( 70.00000000000000000, -80.50000000000000000, 214.0000000000000000 ) ) ;
#2685 = ORIENTED_EDGE ( 'NONE', *, *, #4235, .F. ) ;
#2686 = DIRECTION ( 'NONE',  ( -1.000000000000000000, 0.000000000000000000, 0.000000000000000000 ) ) ;
#2687 = ORIENTED_EDGE ( 'NONE', *, *, #709, .T. ) ;
#2688 = EDGE_CURVE ( 'NONE', #3102, #2720, #3956, .T. ) ;
#2689 = CARTESIAN_POINT ( 'NONE',  ( 50.00000000000000000, -80.50000000000000000, 5.000000000000000000 ) ) ;
#2690 = DIRECTION ( 'NONE',  ( 1.000000000000000000, 0.000000000000000000, 0.000000000000000000 ) ) ;
#2691 = VECTOR ( 'NONE', #3267, 1000.000000000000000 ) ;
#2692 = AXIS2_PLACEMENT_3D ( 'NONE', #1840, #2797, #784 ) ;
#2693 = CARTESIAN_POINT ( 'NONE',  ( -12.50000000000000000, 0.000000000000000000, 98.00000000000000000 ) ) ;
#2694 = DIRECTION ( 'NONE',  ( 0.000000000000000000, 0.000000000000000000, 1.000000000000000000 ) ) ;
#2695 = CARTESIAN_POINT ( 'NONE',  ( -50.50000000000000000, 100.4999999999999858, 95.00000000000000000 ) ) ;
#2696 = DIRECTION ( 'NONE',  ( 0.000000000000000000, 0.000000000000000000, 1.000000000000000000 ) ) ;
#2697 = ORIENTED_EDGE ( 'NONE', *, *, #624, .F. ) ;
#2698 = VECTOR ( 'NONE', #3346, 1000.000000000000000 ) ;
#2699 = ADVANCED_FACE ( 'NONE', ( #533 ), #2258, .F. ) ;
#2700 = ORIENTED_EDGE ( 'NONE', *, *, #3300, .F. ) ;
#2701 = DIRECTION ( 'NONE',  ( 0.000000000000000000, 1.000000000000000000, 0.000000000000000000 ) ) ;
#2702 = VECTOR ( 'NONE', #4269, 1000.000000000000000 ) ;
#2703 = DIRECTION ( 'NONE',  ( -0.000000000000000000, 0.000000000000000000, 1.000000000000000000 ) ) ;
#2704 = LINE ( 'NONE', #2749, #951 ) ;
#2705 = ORIENTED_EDGE ( 'NONE', *, *, #2103, .T. ) ;
#2706 = ORIENTED_EDGE ( 'NONE', *, *, #1226, .F. ) ;
#2707 = ORIENTED_EDGE ( 'NONE', *, *, #3910, .T. ) ;
#2708 = DIRECTION ( 'NONE',  ( 0.000000000000000000, 0.000000000000000000, 1.000000000000000000 ) ) ;
#2709 = ORIENTED_EDGE ( 'NONE', *, *, #2688, .F. ) ;
#2710 = LINE ( 'NONE', #2957, #905 ) ;
#2711 = DIRECTION ( 'NONE',  ( 0.7071067811865477948, -0.7071067811865473507, 0.000000000000000000 ) ) ;
#2712 = EDGE_CURVE ( 'NONE', #3101, #2272, #846, .T. ) ;
#2713 = LINE ( 'NONE', #4031, #3299 ) ;
#2714 = EDGE_CURVE ( 'NONE', #416, #3002, #1968, .T. ) ;
#2715 = DIRECTION ( 'NONE',  ( 0.000000000000000000, 0.000000000000000000, 1.000000000000000000 ) ) ;
#2716 = FACE_OUTER_BOUND ( 'NONE', #3711, .T. ) ;
#2717 = AXIS2_PLACEMENT_3D ( 'NONE', #3770, #3748, #2340 ) ;
#2718 = DIRECTION ( 'NONE',  ( 1.000000000000000000, 0.000000000000000000, 0.000000000000000000 ) ) ;
#2719 = DIRECTION ( 'NONE',  ( 0.000000000000000000, 1.000000000000000000, 0.000000000000000000 ) ) ;
#2720 = VERTEX_POINT ( 'NONE', #1220 ) ;
#2721 = VECTOR ( 'NONE', #1912, 1000.000000000000000 ) ;
#2722 = CARTESIAN_POINT ( 'NONE',  ( 0.000000000000000000, -104.5000000000000000, 214.0000000000000000 ) ) ;
#2723 = DIRECTION ( 'NONE',  ( 1.000000000000000000, 0.000000000000000000, -0.000000000000000000 ) ) ;
#2724 = CARTESIAN_POINT ( 'NONE',  ( 0.000000000000000000, -100.4999999999999858, 205.0000000000000000 ) ) ;
#2725 = ORIENTED_EDGE ( 'NONE', *, *, #252, .F. ) ;
#2726 = ADVANCED_FACE ( 'NONE', ( #210 ), #1550, .F. ) ;
#2727 = AXIS2_PLACEMENT_3D ( 'NONE', #3990, #3919, #2557 ) ;
#2728 = ORIENTED_EDGE ( 'NONE', *, *, #4023, .T. ) ;
#2729 = VERTEX_POINT ( 'NONE', #3032 ) ;
#2730 = CIRCLE ( 'NONE', #1313, 1.700000000000007061 ) ;
#2731 = ORIENTED_EDGE ( 'NONE', *, *, #2103, .F. ) ;
#2732 = DIRECTION ( 'NONE',  ( 1.000000000000000000, 0.000000000000000000, 0.000000000000000000 ) ) ;
#2733 = ORIENTED_EDGE ( 'NONE', *, *, #3868, .T. ) ;
#2734 = DIRECTION ( 'NONE',  ( 0.000000000000000000, -1.000000000000000000, 0.000000000000000000 ) ) ;
#2735 = DIRECTION ( 'NONE',  ( -0.000000000000000000, -1.000000000000000000, -0.000000000000000000 ) ) ;
#2736 = CIRCLE ( 'NONE', #1174, 1.700000000000000178 ) ;
#2737 = CC_DESIGN_PERSON_AND_ORGANIZATION_ASSIGNMENT ( #4248, #1850, ( #443 ) ) ;
#2738 = LINE ( 'NONE', #1412, #3984 ) ;
#2739 = EDGE_LOOP ( 'NONE', ( #3384, #106 ) ) ;
#2740 = CIRCLE ( 'NONE', #966, 1.700000000000007061 ) ;
#2741 = DIRECTION ( 'NONE',  ( 1.000000000000000000, 0.000000000000000000, 0.000000000000000000 ) ) ;
#2742 = CARTESIAN_POINT ( 'NONE',  ( 0.000000000000000000, -104.5000000000000000, 205.0000000000000000 ) ) ;
#2743 = DIRECTION ( 'NONE',  ( 1.000000000000000000, 0.000000000000000000, 0.000000000000000000 ) ) ;
#2744 = AXIS2_PLACEMENT_3D ( 'NONE', #3343, #369, #299 ) ;
#2745 = EDGE_CURVE ( 'NONE', #1061, #4136, #4379, .T. ) ;
#2746 = CARTESIAN_POINT ( 'NONE',  ( 70.00000000000000000, -80.50000000000000000, 5.000000000000000000 ) ) ;
#2747 = DIRECTION ( 'NONE',  ( -0.7071067811865475727, 0.7071067811865475727, 0.000000000000000000 ) ) ;
#2748 = VECTOR ( 'NONE', #3132, 1000.000000000000000 ) ;
#2749 = CARTESIAN_POINT ( 'NONE',  ( 60.00000000000000711, -100.9999999999999858, 214.0000000000000000 ) ) ;
#2750 = ORIENTED_EDGE ( 'NONE', *, *, #2604, .F. ) ;
#2751 = ORIENTED_EDGE ( 'NONE', *, *, #2125, .T. ) ;
#2752 = ORIENTED_EDGE ( 'NONE', *, *, #2586, .F. ) ;
#2753 = CIRCLE ( 'NONE', #1534, 1.700000000000007061 ) ;
#2754 = EDGE_CURVE ( 'NONE', #2107, #4261, #974, .T. ) ;
#2755 = EDGE_CURVE ( 'NONE', #760, #3981, #933, .T. ) ;
#2756 = ORIENTED_EDGE ( 'NONE', *, *, #2932, .F. ) ;
#2757 = DIRECTION ( 'NONE',  ( -1.000000000000000000, 0.000000000000000000, 0.000000000000000000 ) ) ;
#2758 = ORIENTED_EDGE ( 'NONE', *, *, #1930, .T. ) ;
#2759 = CARTESIAN_POINT ( 'NONE',  ( -70.00000000000000000, 104.5000000000000000, 262.0000000000000000 ) ) ;
#2760 = EDGE_LOOP ( 'NONE', ( #1566, #3847, #1379, #2565 ) ) ;
#2761 = EDGE_CURVE ( 'NONE', #230, #408, #2964, .T. ) ;
#2762 = CARTESIAN_POINT ( 'NONE',  ( 16.50000000000000355, -104.5000000000000000, 185.4211616751135239 ) ) ;
#2763 = DIRECTION ( 'NONE',  ( -0.000000000000000000, -0.000000000000000000, -1.000000000000000000 ) ) ;
#2764 = ORIENTED_EDGE ( 'NONE', *, *, #4144, .T. ) ;
#2765 = CARTESIAN_POINT ( 'NONE',  ( 16.50000000000000355, -100.4999999999999858, 242.5788383248864761 ) ) ;
#2766 = LINE ( 'NONE', #2430, #4222 ) ;
#2767 = CARTESIAN_POINT ( 'NONE',  ( 0.000000000000000000, -100.9999999999999858, 214.0000000000000000 ) ) ;
#2768 = ORIENTED_EDGE ( 'NONE', *, *, #1755, .F. ) ;
#2769 = CIRCLE ( 'NONE', #1134, 2.750000000000002665 ) ;
#2770 = CARTESIAN_POINT ( 'NONE',  ( 70.00000000000000000, 104.5000000000000000, 5.000000000000000000 ) ) ;
#2771 = LINE ( 'NONE', #2512, #892 ) ;
#2772 = CIRCLE ( 'NONE', #2906, 1.700000000000007061 ) ;
#2773 = CARTESIAN_POINT ( 'NONE',  ( 16.50000000000000355, -100.4999999999999858, 242.5788383248864761 ) ) ;
#2774 = VERTEX_POINT ( 'NONE', #1026 ) ;
#2775 = EDGE_CURVE ( 'NONE', #525, #2576, #3339, .T. ) ;
#2776 = ORIENTED_EDGE ( 'NONE', *, *, #335, .F. ) ;
#2777 = AXIS2_PLACEMENT_3D ( 'NONE', #1319, #3988, #938 ) ;
#2778 = CARTESIAN_POINT ( 'NONE',  ( 50.00000000000000000, 100.4999999999999858, 214.0000000000000000 ) ) ;
#2779 = CARTESIAN_POINT ( 'NONE',  ( 8.999999999999998224, 100.9999999999999858, 214.0000000000000000 ) ) ;
#2780 = EDGE_LOOP ( 'NONE', ( #40, #901, #3864, #2249 ) ) ;
#2781 = CARTESIAN_POINT ( 'NONE',  ( 0.000000000000000000, -100.4999999999999858, 0.000000000000000000 ) ) ;
#2782 = EDGE_LOOP ( 'NONE', ( #3586, #2681 ) ) ;
#2783 = CYLINDRICAL_SURFACE ( 'NONE', #1759, 2.749999999999995559 ) ;
#2784 = ADVANCED_FACE ( 'NONE', ( #3365 ), #2980, .F. ) ;
#2785 = DIRECTION ( 'NONE',  ( 0.000000000000000000, 1.000000000000000000, 0.000000000000000000 ) ) ;
#2786 = ORIENTED_EDGE ( 'NONE', *, *, #2940, .T. ) ;
#2787 = LINE ( 'NONE', #2449, #4022 ) ;
#2788 = CYLINDRICAL_SURFACE ( 'NONE', #3869, 1.700000000000007061 ) ;
#2789 = CARTESIAN_POINT ( 'NONE',  ( 70.00000000000000000, -100.4999999999999858, 5.000000000000000000 ) ) ;
#2790 = VERTEX_POINT ( 'NONE', #4003 ) ;
#2791 = CARTESIAN_POINT ( 'NONE',  ( -8.062257748298545579, -100.4999999999999858, 218.0000000000000000 ) ) ;
#2792 = DIRECTION ( 'NONE',  ( 0.000000000000000000, 1.000000000000000000, 0.000000000000000000 ) ) ;
#2793 = DIRECTION ( 'NONE',  ( -1.000000000000000000, -0.000000000000000000, -0.000000000000000000 ) ) ;
#2794 = EDGE_LOOP ( 'NONE', ( #3707, #1989, #4115, #1952, #1919, #800 ) ) ;
#2795 = AXIS2_PLACEMENT_3D ( 'NONE', #3678, #1011, #704 ) ;
#2796 = ORIENTED_EDGE ( 'NONE', *, *, #1318, .T. ) ;
#2797 = DIRECTION ( 'NONE',  ( -0.000000000000000000, -0.000000000000000000, -1.000000000000000000 ) ) ;
#2798 = EDGE_CURVE ( 'NONE', #1057, #1882, #3749, .T. ) ;
#2799 = CARTESIAN_POINT ( 'NONE',  ( -50.00000000000000000, -80.50000000000000000, 214.0000000000000000 ) ) ;
#2800 = CIRCLE ( 'NONE', #2931, 11.14999999999999325 ) ;
#2801 = PLANE ( 'NONE',  #3324 ) ;
#2802 = VERTEX_POINT ( 'NONE', #3983 ) ;
#2803 = VECTOR ( 'NONE', #4214, 1000.000000000000000 ) ;
#2804 = EDGE_CURVE ( 'NONE', #1126, #1213, #2307, .T. ) ;
#2805 = EDGE_CURVE ( 'NONE', #3976, #1084, #3668, .T. ) ;
#2806 = DIRECTION ( 'NONE',  ( 0.000000000000000000, 0.000000000000000000, 1.000000000000000000 ) ) ;
#2807 = AXIS2_PLACEMENT_3D ( 'NONE', #2891, #1556, #2527 ) ;
#2808 = ADVANCED_FACE ( 'NONE', ( #1928 ), #1291, .F. ) ;
#2809 = CARTESIAN_POINT ( 'NONE',  ( 0.000000000000000000, 0.000000000000000000, 98.00000000000000000 ) ) ;
#2810 = ORIENTED_EDGE ( 'NONE', *, *, #492, .F. ) ;
#2811 = DIRECTION ( 'NONE',  ( 0.000000000000000000, 0.000000000000000000, -1.000000000000000000 ) ) ;
#2812 = DIRECTION ( 'NONE',  ( 0.000000000000000000, 1.000000000000000000, 0.000000000000000000 ) ) ;
#2813 = CARTESIAN_POINT ( 'NONE',  ( -33.00000000000000000, -104.5000000000000000, 214.0000000000000000 ) ) ;
#2814 = VECTOR ( 'NONE', #1836, 1000.000000000000000 ) ;
#2815 = LINE ( 'NONE', #756, #1845 ) ;
#2816 = DIRECTION ( 'NONE',  ( 0.000000000000000000, 0.000000000000000000, 1.000000000000000000 ) ) ;
#2817 = DIRECTION ( 'NONE',  ( -0.000000000000000000, -0.000000000000000000, -1.000000000000000000 ) ) ;
#2818 = ORIENTED_EDGE ( 'NONE', *, *, #3764, .F. ) ;
#2819 = ORIENTED_EDGE ( 'NONE', *, *, #2065, .F. ) ;
#2820 = FACE_OUTER_BOUND ( 'NONE', #2149, .T. ) ;
#2821 = CIRCLE ( 'NONE', #902, 1.700000000000000178 ) ;
#2822 = FACE_OUTER_BOUND ( 'NONE', #2953, .T. ) ;
#2823 = ORIENTED_EDGE ( 'NONE', *, *, #498, .F. ) ;
#2824 = AXIS2_PLACEMENT_3D ( 'NONE', #3223, #409, #4232 ) ;
#2825 = VECTOR ( 'NONE', #2205, 1000.000000000000000 ) ;
#2826 = CARTESIAN_POINT ( 'NONE',  ( 33.00000000000000000, -100.4999999999999858, 212.2999999999999829 ) ) ;
#2827 = EDGE_CURVE ( 'NONE', #2168, #471, #4026, .T. ) ;
#2828 = CARTESIAN_POINT ( 'NONE',  ( 70.00000000000000000, -91.00000000000000000, 218.0000000000000000 ) ) ;
#2829 = CARTESIAN_POINT ( 'NONE',  ( 16.50000000000000355, -100.4999999999999858, 185.4211616751135239 ) ) ;
#2830 = DIRECTION ( 'NONE',  ( -1.000000000000000000, -0.000000000000000000, -0.000000000000000000 ) ) ;
#2831 = DIRECTION ( 'NONE',  ( 1.000000000000000000, 0.000000000000000000, 0.000000000000000000 ) ) ;
#2832 = DIRECTION ( 'NONE',  ( 0.000000000000000000, -1.000000000000000000, 0.000000000000000000 ) ) ;
#2833 = CARTESIAN_POINT ( 'NONE',  ( 21.30000000000000071, 0.000000000000000000, 5.000000000000000000 ) ) ;
#2834 = CARTESIAN_POINT ( 'NONE',  ( 0.000000000000000000, 0.000000000000000000, 5.000000000000000000 ) ) ;
#2835 = EDGE_LOOP ( 'NONE', ( #2639, #2700, #2352, #712 ) ) ;
#2836 = CIRCLE ( 'NONE', #2629, 1.700000000000007061 ) ;
#2837 = CLOSED_SHELL ( 'NONE', ( #3216, #4245, #3195, #529, #237, #2902 ) ) ;
#2838 = EDGE_CURVE ( 'NONE', #1786, #3688, #3298, .T. ) ;
#2839 = VERTEX_POINT ( 'NONE', #3385 ) ;
#2840 = VECTOR ( 'NONE', #4301, 1000.000000000000000 ) ;
#2841 = CARTESIAN_POINT ( 'NONE',  ( -69.49999999999998579, 100.4999999999999858, 100.0000000000000000 ) ) ;
#2842 = CIRCLE ( 'NONE', #3145, 10.00000000000000000 ) ;
#2843 = DIRECTION ( 'NONE',  ( 0.000000000000000000, 0.000000000000000000, 1.000000000000000000 ) ) ;
#2844 = ORIENTED_EDGE ( 'NONE', *, *, #3582, .T. ) ;
#2845 = VECTOR ( 'NONE', #2399, 1000.000000000000000 ) ;
#2846 = LINE ( 'NONE', #4205, #2464 ) ;
#2847 = DIRECTION ( 'NONE',  ( 1.000000000000000000, 0.000000000000000000, 0.000000000000000000 ) ) ;
#2848 = EDGE_CURVE ( 'NONE', #1153, #306, #341, .T. ) ;
#2849 = EDGE_CURVE ( 'NONE', #550, #2442, #2753, .T. ) ;
#2850 = LINE ( 'NONE', #115, #3113 ) ;
#2851 = DIRECTION ( 'NONE',  ( 0.000000000000000000, 0.000000000000000000, 1.000000000000000000 ) ) ;
#2852 = CARTESIAN_POINT ( 'NONE',  ( -10.00000000000000000, 0.000000000000000000, 218.0000000000000000 ) ) ;
#2853 = DIRECTION ( 'NONE',  ( 1.000000000000000000, 0.000000000000000000, 0.000000000000000000 ) ) ;
#2854 = EDGE_CURVE ( 'NONE', #3562, #382, #3882, .T. ) ;
#2855 = DIRECTION ( 'NONE',  ( 0.000000000000000000, 0.000000000000000000, 1.000000000000000000 ) ) ;
#2856 = CARTESIAN_POINT ( 'NONE',  ( -69.49999999999998579, -100.4999999999999858, 0.000000000000000000 ) ) ;
#2857 = ORIENTED_EDGE ( 'NONE', *, *, #709, .F. ) ;
#2858 = VERTEX_POINT ( 'NONE', #3007 ) ;
#2859 = ORIENTED_EDGE ( 'NONE', *, *, #4005, .F. ) ;
#2860 = CARTESIAN_POINT ( 'NONE',  ( 70.00000000000000000, 80.50000000000000000, 214.0000000000000000 ) ) ;
#2861 = AXIS2_PLACEMENT_3D ( 'NONE', #3286, #243, #1610 ) ;
#2862 = ORIENTED_EDGE ( 'NONE', *, *, #1514, .F. ) ;
#2863 = AXIS2_PLACEMENT_3D ( 'NONE', #3914, #516, #586 ) ;
#2864 = CARTESIAN_POINT ( 'NONE',  ( 0.000000000000000000, 0.000000000000000000, 5.000000000000000000 ) ) ;
#2865 = CIRCLE ( 'NONE', #3233, 7.000000000000000000 ) ;
#2866 = DIRECTION ( 'NONE',  ( 0.000000000000000000, 1.000000000000000000, 0.000000000000000000 ) ) ;
#2867 = LINE ( 'NONE', #4226, #697 ) ;
#2868 = CALENDAR_DATE ( 2026, 24, 9 ) ;
#2869 = DIRECTION ( 'NONE',  ( -1.000000000000000000, 0.000000000000000000, 0.000000000000000000 ) ) ;
#2870 = CARTESIAN_POINT ( 'NONE',  ( -55.00000000000000711, -100.4999999999999858, 5.000000000000000000 ) ) ;
#2871 = DIRECTION ( 'NONE',  ( -0.000000000000000000, -1.000000000000000000, -0.000000000000000000 ) ) ;
#2872 = CARTESIAN_POINT ( 'NONE',  ( -69.49999999999998579, 91.50000000000001421, 214.0000000000000000 ) ) ;
#2873 = CARTESIAN_POINT ( 'NONE',  ( 70.00000000000000000, 91.00000000000000000, 218.0000000000000000 ) ) ;
#2874 = ORIENTED_EDGE ( 'NONE', *, *, #2838, .F. ) ;
#2875 = ORIENTED_EDGE ( 'NONE', *, *, #1406, .T. ) ;
#2876 = CIRCLE ( 'NONE', #3313, 7.000000000000000000 ) ;
#2877 = EDGE_CURVE ( 'NONE', #1631, #1786, #3601, .T. ) ;
#2878 = ORIENTED_EDGE ( 'NONE', *, *, #3156, .F. ) ;
#2879 = FACE_BOUND ( 'NONE', #2364, .T. ) ;
#2880 = LINE ( 'NONE', #129, #2069 ) ;
#2881 = CIRCLE ( 'NONE', #692, 7.000000000000000000 ) ;
#2882 = ORIENTED_EDGE ( 'NONE', *, *, #1006, .F. ) ;
#2883 = EDGE_CURVE ( 'NONE', #3351, #452, #2710, .T. ) ;
#2884 = AXIS2_PLACEMENT_3D ( 'NONE', #2762, #389, #1741 ) ;
#2885 = ORIENTED_EDGE ( 'NONE', *, *, #342, .F. ) ;
#2886 = CARTESIAN_POINT ( 'NONE',  ( -60.00000000000000711, 90.50000000000000000, 5.000000000000000000 ) ) ;
#2887 = AXIS2_PLACEMENT_3D ( 'NONE', #1864, #1527, #3572 ) ;
#2888 = ADVANCED_FACE ( 'NONE', ( #3646 ), #604, .F. ) ;
#2889 = FACE_BOUND ( 'NONE', #2298, .T. ) ;
#2890 = CARTESIAN_POINT ( 'NONE',  ( 0.000000000000000000, -100.4999999999999858, 98.00000000000000000 ) ) ;
#2891 = CARTESIAN_POINT ( 'NONE',  ( -11.49999999999999467, 19.91858428704209061, 0.000000000000000000 ) ) ;
#2892 = CARTESIAN_POINT ( 'NONE',  ( 60.00000000000000711, 100.9999999999999858, 214.0000000000000000 ) ) ;
#2893 = LINE ( 'NONE', #2870, #1713 ) ;
#2894 = DIRECTION ( 'NONE',  ( -1.000000000000000000, 0.000000000000000000, 0.000000000000000000 ) ) ;
#2895 = DIRECTION ( 'NONE',  ( 1.000000000000000000, 0.000000000000000000, 0.000000000000000000 ) ) ;
#2896 = CARTESIAN_POINT ( 'NONE',  ( 50.00000000000000000, -100.4999999999999858, 5.000000000000000000 ) ) ;
#2897 = ORIENTED_EDGE ( 'NONE', *, *, #774, .F. ) ;
#2898 = VERTEX_POINT ( 'NONE', #3761 ) ;
#2899 = DIRECTION ( 'NONE',  ( 0.000000000000000000, 1.000000000000000000, 0.000000000000000000 ) ) ;
#2900 = CARTESIAN_POINT ( 'NONE',  ( -33.00000000000000000, 104.5000000000000000, 212.2999999999999829 ) ) ;
#2901 = CLOSED_SHELL ( 'NONE', ( #1542, #2939, #1367, #3224, #3997, #1513 ) ) ;
#2902 = ADVANCED_FACE ( 'NONE', ( #3541 ), #1049, .F. ) ;
#2903 = VERTEX_POINT ( 'NONE', #1738 ) ;
#2904 = ORIENTED_EDGE ( 'NONE', *, *, #4321, .F. ) ;
#2905 = VECTOR ( 'NONE', #3377, 1000.000000000000000 ) ;
#2906 = AXIS2_PLACEMENT_3D ( 'NONE', #2253, #2899, #202 ) ;
#2907 = ORIENTED_EDGE ( 'NONE', *, *, #4005, .T. ) ;
#2908 = ORIENTED_EDGE ( 'NONE', *, *, #1450, .F. ) ;
#2909 = CARTESIAN_POINT ( 'NONE',  ( -11.49999999999999467, 19.91858428704209061, 5.000000000000000000 ) ) ;
#2910 = VECTOR ( 'NONE', #3917, 1000.000000000000000 ) ;
#2911 = CIRCLE ( 'NONE', #1494, 1.700000000000007061 ) ;
#2912 = CARTESIAN_POINT ( 'NONE',  ( -60.00000000000000711, 100.9999999999999858, 218.0000000000000000 ) ) ;
#2913 = DIRECTION ( 'NONE',  ( -1.000000000000000000, 0.000000000000000000, 0.000000000000000000 ) ) ;
#2914 = EDGE_CURVE ( 'NONE', #1732, #3739, #385, .T. ) ;
#2915 = LINE ( 'NONE', #3281, #3647 ) ;
#2916 = CARTESIAN_POINT ( 'NONE',  ( -70.00000000000000000, 100.4999999999999858, 5.000000000000000000 ) ) ;
#2917 = CARTESIAN_POINT ( 'NONE',  ( 70.00000000000000000, 100.4999999999999858, 214.0000000000000000 ) ) ;
#2918 = LINE ( 'NONE', #264, #124 ) ;
#2919 = FACE_OUTER_BOUND ( 'NONE', #4354, .T. ) ;
#2920 = ORIENTED_EDGE ( 'NONE', *, *, #1490, .F. ) ;
#2921 = ORIENTED_EDGE ( 'NONE', *, *, #627, .T. ) ;
#2922 = ORIENTED_EDGE ( 'NONE', *, *, #2278, .F. ) ;
#2923 = DIRECTION ( 'NONE',  ( -1.000000000000000000, 0.000000000000000000, 0.000000000000000000 ) ) ;
#2924 = DIRECTION ( 'NONE',  ( 0.000000000000000000, 0.000000000000000000, 1.000000000000000000 ) ) ;
#2925 = EDGE_LOOP ( 'NONE', ( #231, #1757, #864, #1776 ) ) ;
#2926 = EDGE_CURVE ( 'NONE', #3008, #3351, #765, .T. ) ;
#2927 = ORIENTED_EDGE ( 'NONE', *, *, #3034, .T. ) ;
#2928 = AXIS2_PLACEMENT_3D ( 'NONE', #3585, #3968, #1896 ) ;
#2929 = ORIENTED_EDGE ( 'NONE', *, *, #1514, .T. ) ;
#2930 = DIRECTION ( 'NONE',  ( 0.000000000000000000, 0.000000000000000000, 1.000000000000000000 ) ) ;
#2931 = AXIS2_PLACEMENT_3D ( 'NONE', #2332, #2690, #2669 ) ;
#2932 = EDGE_CURVE ( 'NONE', #1978, #718, #786, .T. ) ;
#2933 = DIRECTION ( 'NONE',  ( 0.000000000000000000, 0.000000000000000000, 1.000000000000000000 ) ) ;
#2934 = CARTESIAN_POINT ( 'NONE',  ( -23.00000000000000000, 2.816687638038912352E-15, 5.000000000000000000 ) ) ;
#2935 = VECTOR ( 'NONE', #424, 1000.000000000000000 ) ;
#2936 = COORDINATED_UNIVERSAL_TIME_OFFSET ( 5, 30, .AHEAD. ) ;
#2937 = LINE ( 'NONE', #937, #4283 ) ;
#2938 = ORIENTED_EDGE ( 'NONE', *, *, #623, .T. ) ;
#2939 = ADVANCED_FACE ( 'NONE', ( #2133 ), #3781, .F. ) ;
#2940 = EDGE_CURVE ( 'NONE', #2393, #3250, #414, .T. ) ;
#2941 = VECTOR ( 'NONE', #703, 1000.000000000000000 ) ;
#2942 = LINE ( 'NONE', #895, #501 ) ;
#2943 = DIRECTION ( 'NONE',  ( -1.000000000000000000, 0.000000000000000000, 0.000000000000000000 ) ) ;
#2944 = DIRECTION ( 'NONE',  ( 0.000000000000000000, 1.000000000000000000, 0.000000000000000000 ) ) ;
#2945 = FACE_OUTER_BOUND ( 'NONE', #337, .T. ) ;
#2946 = ORIENTED_EDGE ( 'NONE', *, *, #2313, .T. ) ;
#2947 = ORIENTED_EDGE ( 'NONE', *, *, #3815, .F. ) ;
#2948 = ORIENTED_EDGE ( 'NONE', *, *, #1551, .F. ) ;
#2949 = FACE_OUTER_BOUND ( 'NONE', #1526, .T. ) ;
#2950 = CARTESIAN_POINT ( 'NONE',  ( 55.00000000000000711, -100.4999999999999858, 5.000000000000000000 ) ) ;
#2951 = CIRCLE ( 'NONE', #3183, 11.14999999999999325 ) ;
#2952 = ORIENTED_EDGE ( 'NONE', *, *, #1450, .T. ) ;
#2953 = EDGE_LOOP ( 'NONE', ( #2188, #597, #2697, #3058 ) ) ;
#2954 = VERTEX_POINT ( 'NONE', #108 ) ;
#2955 = CIRCLE ( 'NONE', #3947, 10.00000000000000000 ) ;
#2956 = ORIENTED_EDGE ( 'NONE', *, *, #1697, .T. ) ;
#2957 = CARTESIAN_POINT ( 'NONE',  ( 70.00000000000000000, 104.5000000000000000, 262.0000000000000000 ) ) ;
#2958 = AXIS2_PLACEMENT_3D ( 'NONE', #914, #3301, #257 ) ;
#2959 = LINE ( 'NONE', #190, #3666 ) ;
#2960 = EDGE_CURVE ( 'NONE', #3922, #4318, #3820, .T. ) ;
#2961 = CALENDAR_DATE ( 2026, 24, 9 ) ;
#2962 = LINE ( 'NONE', #853, #1581 ) ;
#2963 = EDGE_CURVE ( 'NONE', #1754, #859, #720, .T. ) ;
#2964 = CIRCLE ( 'NONE', #2676, 1.700000000000007061 ) ;
#2965 = DIRECTION ( 'NONE',  ( 1.000000000000000000, 0.000000000000000000, 0.000000000000000000 ) ) ;
#2966 = CARTESIAN_POINT ( 'NONE',  ( -31.30000000000000071, 100.9999999999999858, 214.0000000000000000 ) ) ;
#2967 = LINE ( 'NONE', #2247, #1452 ) ;
#2968 = CARTESIAN_POINT ( 'NONE',  ( 0.000000000000000000, 100.4999999999999858, 214.0000000000000000 ) ) ;
#2969 = EDGE_CURVE ( 'NONE', #3621, #3635, #1688, .T. ) ;
#2970 = VERTEX_POINT ( 'NONE', #3084 ) ;
#2971 = ORIENTED_EDGE ( 'NONE', *, *, #726, .F. ) ;
#2972 = DIRECTION ( 'NONE',  ( 0.000000000000000000, 0.000000000000000000, -1.000000000000000000 ) ) ;
#2973 = CARTESIAN_POINT ( 'NONE',  ( 33.00000000000000000, -100.9999999999999858, 214.0000000000000000 ) ) ;
#2974 = EDGE_CURVE ( 'NONE', #621, #2107, #3405, .T. ) ;
#2975 = ORIENTED_EDGE ( 'NONE', *, *, #1177, .F. ) ;
#2976 = ORIENTED_EDGE ( 'NONE', *, *, #3861, .T. ) ;
#2977 = ORIENTED_EDGE ( 'NONE', *, *, #3980, .T. ) ;
#2978 = ORIENTED_EDGE ( 'NONE', *, *, #2074, .F. ) ;
#2979 = VERTEX_POINT ( 'NONE', #1408 ) ;
#2980 = CYLINDRICAL_SURFACE ( 'NONE', #2243, 1.700000000000007061 ) ;
#2981 = AXIS2_PLACEMENT_3D ( 'NONE', #1381, #4219, #762 ) ;
#2982 = CIRCLE ( 'NONE', #721, 1.700000000000000178 ) ;
#2983 = CARTESIAN_POINT ( 'NONE',  ( 0.000000000000000000, 0.000000000000000000, 214.0000000000000000 ) ) ;
#2984 = LINE ( 'NONE', #4336, #3792 ) ;
#2985 = VERTEX_POINT ( 'NONE', #2873 ) ;
#2986 = VECTOR ( 'NONE', #4363, 1000.000000000000000 ) ;
#2987 = EDGE_CURVE ( 'NONE', #691, #2306, #1446, .T. ) ;
#2988 = DIRECTION ( 'NONE',  ( 0.000000000000000000, 0.000000000000000000, 1.000000000000000000 ) ) ;
#2989 = CARTESIAN_POINT ( 'NONE',  ( -16.50000000000001421, -104.5000000000000000, 242.5788383248864761 ) ) ;
#2990 = AXIS2_PLACEMENT_3D ( 'NONE', #889, #1178, #2198 ) ;
#2991 = CARTESIAN_POINT ( 'NONE',  ( 57.25000000000000711, 90.50000000000000000, 5.000000000000000000 ) ) ;
#2992 = CARTESIAN_POINT ( 'NONE',  ( 60.00000000000000711, 100.9999999999999858, 218.0000000000000000 ) ) ;
#2993 = ORIENTED_EDGE ( 'NONE', *, *, #2597, .T. ) ;
#2994 = ORIENTED_EDGE ( 'NONE', *, *, #958, .F. ) ;
#2995 = ADVANCED_FACE ( 'NONE', ( #3154, #3740, #2462, #4122, #696, #2422, #39 ), #2801, .F. ) ;
#2996 = DIRECTION ( 'NONE',  ( -0.000000000000000000, -0.000000000000000000, -1.000000000000000000 ) ) ;
#2997 = VERTEX_POINT ( 'NONE', #2090 ) ;
#2998 = ORIENTED_EDGE ( 'NONE', *, *, #3510, .F. ) ;
#2999 = CARTESIAN_POINT ( 'NONE',  ( 0.000000000000000000, -100.4999999999999858, 100.0000000000000000 ) ) ;
#3000 = ORIENTED_EDGE ( 'NONE', *, *, #3148, .F. ) ;
#3001 = VERTEX_POINT ( 'NONE', #87 ) ;
#3002 = VERTEX_POINT ( 'NONE', #1089 ) ;
#3003 = ORIENTED_EDGE ( 'NONE', *, *, #1960, .T. ) ;
#3004 = EDGE_CURVE ( 'NONE', #1672, #713, #1537, .T. ) ;
#3005 = ORIENTED_EDGE ( 'NONE', *, *, #28, .F. ) ;
#3006 = VERTEX_POINT ( 'NONE', #3803 ) ;
#3007 = CARTESIAN_POINT ( 'NONE',  ( 70.00000000000000000, 100.4999999999999858, 214.0000000000000000 ) ) ;
#3008 = VERTEX_POINT ( 'NONE', #858 ) ;
#3009 = LINE ( 'NONE', #4358, #4380 ) ;
#3010 = DIRECTION ( 'NONE',  ( 0.000000000000000000, 1.000000000000000000, 0.000000000000000000 ) ) ;
#3011 = AXIS2_PLACEMENT_3D ( 'NONE', #305, #4109, #1344 ) ;
#3012 = VECTOR ( 'NONE', #538, 1000.000000000000000 ) ;
#3013 = FACE_OUTER_BOUND ( 'NONE', #3314, .T. ) ;
#3014 = DIRECTION ( 'NONE',  ( 0.000000000000000000, 0.000000000000000000, -1.000000000000000000 ) ) ;
#3015 = LINE ( 'NONE', #2407, #187 ) ;
#3016 = PLANE ( 'NONE',  #318 ) ;
#3017 = ORIENTED_EDGE ( 'NONE', *, *, #163, .F. ) ;
#3018 = EDGE_CURVE ( 'NONE', #1902, #1565, #546, .T. ) ;
#3019 = VECTOR ( 'NONE', #3942, 1000.000000000000000 ) ;
#3020 = ORIENTED_EDGE ( 'NONE', *, *, #845, .F. ) ;
#3021 = DIRECTION ( 'NONE',  ( -0.000000000000000000, -0.000000000000000000, -1.000000000000000000 ) ) ;
#3022 = ORIENTED_EDGE ( 'NONE', *, *, #897, .T. ) ;
#3023 = DIRECTION ( 'NONE',  ( 1.000000000000000000, 0.000000000000000000, 0.000000000000000000 ) ) ;
#3024 = AXIS2_PLACEMENT_3D ( 'NONE', #1748, #2812, #1078 ) ;
#3025 = CARTESIAN_POINT ( 'NONE',  ( 70.00000000000000000, 100.4999999999999858, 5.000000000000000000 ) ) ;
#3026 = EDGE_CURVE ( 'NONE', #1466, #3938, #2271, .T. ) ;
#3027 = ORIENTED_EDGE ( 'NONE', *, *, #1390, .F. ) ;
#3028 = ORIENTED_EDGE ( 'NONE', *, *, #1334, .T. ) ;
#3029 = ORIENTED_EDGE ( 'NONE', *, *, #623, .F. ) ;
#3030 = CARTESIAN_POINT ( 'NONE',  ( -50.00000000000000000, -100.4999999999999858, 214.0000000000000000 ) ) ;
#3031 = ORIENTED_EDGE ( 'NONE', *, *, #207, .T. ) ;
#3032 = CARTESIAN_POINT ( 'NONE',  ( -60.50000000000000711, -100.4999999999999858, 214.0000000000000000 ) ) ;
#3033 = ADVANCED_FACE ( 'NONE', ( #2919 ), #2248, .F. ) ;
#3034 = EDGE_CURVE ( 'NONE', #3006, #2790, #521, .T. ) ;
#3035 = ORIENTED_EDGE ( 'NONE', *, *, #2597, .F. ) ;
#3036 = AXIS2_PLACEMENT_3D ( 'NONE', #2672, #2, #2741 ) ;
#3037 = DIRECTION ( 'NONE',  ( -0.000000000000000000, -0.000000000000000000, -1.000000000000000000 ) ) ;
#3038 = VECTOR ( 'NONE', #350, 1000.000000000000000 ) ;
#3039 = FACE_OUTER_BOUND ( 'NONE', #3899, .T. ) ;
#3040 = EDGE_CURVE ( 'NONE', #1737, #1611, #4211, .T. ) ;
#3041 = VECTOR ( 'NONE', #111, 1000.000000000000000 ) ;
#3042 = CARTESIAN_POINT ( 'NONE',  ( 16.50000000000000355, 104.5000000000000000, 183.7211616751135068 ) ) ;
#3043 = DIRECTION ( 'NONE',  ( 0.000000000000000000, -1.000000000000000000, 0.000000000000000000 ) ) ;
#3044 = CARTESIAN_POINT ( 'NONE',  ( 0.000000000000000000, 0.000000000000000000, 2.200000000000000178 ) ) ;
#3045 = CARTESIAN_POINT ( 'NONE',  ( 33.00000000000000000, -100.4999999999999858, 214.0000000000000000 ) ) ;
#3046 = EDGE_LOOP ( 'NONE', ( #2687, #2786 ) ) ;
#3047 = AXIS2_PLACEMENT_3D ( 'NONE', #828, #3212, #2593 ) ;
#3048 = VERTEX_POINT ( 'NONE', #1875 ) ;
#3049 = CARTESIAN_POINT ( 'NONE',  ( 0.000000000000000000, 104.5000000000000000, 214.0000000000000000 ) ) ;
#3050 = DIRECTION ( 'NONE',  ( 0.000000000000000000, 0.000000000000000000, -1.000000000000000000 ) ) ;
#3051 = DIRECTION ( 'NONE',  ( -1.000000000000000000, 0.000000000000000000, 0.000000000000000000 ) ) ;
#3052 = ORIENTED_EDGE ( 'NONE', *, *, #3504, .F. ) ;
#3053 = VERTEX_POINT ( 'NONE', #219 ) ;
#3054 = ORIENTED_EDGE ( 'NONE', *, *, #3085, .T. ) ;
#3055 = VERTEX_POINT ( 'NONE', #3328 ) ;
#3056 = ADVANCED_FACE ( 'NONE', ( #3633 ), #198, .F. ) ;
#3057 = CARTESIAN_POINT ( 'NONE',  ( 70.00000000000000000, -80.50000000000000000, 214.0000000000000000 ) ) ;
#3058 = ORIENTED_EDGE ( 'NONE', *, *, #1924, .T. ) ;
#3059 = DIRECTION ( 'NONE',  ( 0.000000000000000000, 0.000000000000000000, -1.000000000000000000 ) ) ;
#3060 = DIRECTION ( 'NONE',  ( 1.000000000000000000, 0.000000000000000000, 0.000000000000000000 ) ) ;
#3061 = CLOSED_SHELL ( 'NONE', ( #50, #982, #1273, #3533, #2386, #2095 ) ) ;
#3062 = SHAPE_DEFINITION_REPRESENTATION ( #3406, #495 ) ;
#3063 = CARTESIAN_POINT ( 'NONE',  ( -70.00000000000000000, -100.4999999999999858, 262.0000000000000000 ) ) ;
#3064 = AXIS2_PLACEMENT_3D ( 'NONE', #2860, #2170, #3883 ) ;
#3065 = CIRCLE ( 'NONE', #3482, 1.700000000000007061 ) ;
#3066 = EDGE_CURVE ( 'NONE', #2442, #550, #3565, .T. ) ;
#3067 = CARTESIAN_POINT ( 'NONE',  ( -16.49999999999999289, -104.5000000000000000, 185.4211616751135239 ) ) ;
#3068 = CARTESIAN_POINT ( 'NONE',  ( -50.00000000000000000, -80.50000000000000000, 214.0000000000000000 ) ) ;
#3069 = LINE ( 'NONE', #3392, #4008 ) ;
#3070 = CARTESIAN_POINT ( 'NONE',  ( 70.00000000000000000, -80.50000000000000000, 214.0000000000000000 ) ) ;
#3071 = ORIENTED_EDGE ( 'NONE', *, *, #112, .F. ) ;
#3072 = VECTOR ( 'NONE', #1137, 1000.000000000000000 ) ;
#3073 = ORIENTED_EDGE ( 'NONE', *, *, #3249, .T. ) ;
#3074 = CARTESIAN_POINT ( 'NONE',  ( 0.000000000000000000, 0.000000000000000000, 214.0000000000000000 ) ) ;
#3075 = VECTOR ( 'NONE', #3401, 1000.000000000000000 ) ;
#3076 = CYLINDRICAL_SURFACE ( 'NONE', #3270, 1.700000000000007061 ) ;
#3077 = CARTESIAN_POINT ( 'NONE',  ( 31.30000000000000071, 100.9999999999999858, 214.0000000000000000 ) ) ;
#3078 = ORIENTED_EDGE ( 'NONE', *, *, #602, .F. ) ;
#3079 = VERTEX_POINT ( 'NONE', #1939 ) ;
#3080 = EDGE_LOOP ( 'NONE', ( #3599, #3907 ) ) ;
#3081 = ORIENTED_EDGE ( 'NONE', *, *, #3404, .F. ) ;
#3082 = CARTESIAN_POINT ( 'NONE',  ( -33.00000000000000000, -100.9999999999999858, 214.0000000000000000 ) ) ;
#3083 = ORIENTED_EDGE ( 'NONE', *, *, #3568, .F. ) ;
#3084 = CARTESIAN_POINT ( 'NONE',  ( -57.25000000000000000, 90.50000000000000000, 0.000000000000000000 ) ) ;
#3085 = EDGE_CURVE ( 'NONE', #690, #3361, #1232, .T. ) ;
#3086 = CARTESIAN_POINT ( 'NONE',  ( 31.30000000000000071, 100.4999999999999858, 214.0000000000000000 ) ) ;
#3087 = EDGE_CURVE ( 'NONE', #2168, #1548, #41, .T. ) ;
#3088 = DIRECTION ( 'NONE',  ( -0.000000000000000000, -0.000000000000000000, -1.000000000000000000 ) ) ;
#3089 = DIRECTION ( 'NONE',  ( 0.000000000000000000, 1.000000000000000000, 0.000000000000000000 ) ) ;
#3090 = AXIS2_PLACEMENT_3D ( 'NONE', #420, #2123, #2831 ) ;
#3091 = CARTESIAN_POINT ( 'NONE',  ( 70.00000000000000000, 100.4999999999999858, 5.000000000000000000 ) ) ;
#3092 = FACE_OUTER_BOUND ( 'NONE', #1263, .T. ) ;
#3093 = ORIENTED_EDGE ( 'NONE', *, *, #3410, .F. ) ;
#3094 = EDGE_CURVE ( 'NONE', #220, #316, #388, .T. ) ;
#3095 = AXIS2_PLACEMENT_3D ( 'NONE', #1661, #3774, #661 ) ;
#3096 = FACE_OUTER_BOUND ( 'NONE', #144, .T. ) ;
#3097 = LINE ( 'NONE', #1683, #4193 ) ;
#3098 = DIRECTION ( 'NONE',  ( 1.000000000000000000, 0.000000000000000000, 0.000000000000000000 ) ) ;
#3099 = ORIENTED_EDGE ( 'NONE', *, *, #3816, .F. ) ;
#3100 = VECTOR ( 'NONE', #1231, 1000.000000000000000 ) ;
#3101 = VERTEX_POINT ( 'NONE', #2582 ) ;
#3102 = VERTEX_POINT ( 'NONE', #3920 ) ;
#3103 = AXIS2_PLACEMENT_3D ( 'NONE', #258, #936, #2599 ) ;
#3104 = EDGE_LOOP ( 'NONE', ( #3360, #1781 ) ) ;
#3105 = DIRECTION ( 'NONE',  ( -0.000000000000000000, -0.000000000000000000, -1.000000000000000000 ) ) ;
#3106 = ORIENTED_EDGE ( 'NONE', *, *, #4265, .F. ) ;
#3107 = CARTESIAN_POINT ( 'NONE',  ( -60.00000000000000711, -90.50000000000000000, 0.000000000000000000 ) ) ;
#3108 = ORIENTED_EDGE ( 'NONE', *, *, #719, .T. ) ;
#3109 = LINE ( 'NONE', #1411, #971 ) ;
#3110 = VECTOR ( 'NONE', #1230, 1000.000000000000000 ) ;
#3111 = DIRECTION ( 'NONE',  ( 0.000000000000000000, 1.000000000000000000, 0.000000000000000000 ) ) ;
#3112 = VERTEX_POINT ( 'NONE', #875 ) ;
#3113 = VECTOR ( 'NONE', #2406, 1000.000000000000000 ) ;
#3114 = EDGE_CURVE ( 'NONE', #1925, #123, #744, .T. ) ;
#3115 = ADVANCED_FACE ( 'NONE', ( #2631 ), #1966, .T. ) ;
#3116 = DIRECTION ( 'NONE',  ( 0.000000000000000000, 0.000000000000000000, 1.000000000000000000 ) ) ;
#3117 = CARTESIAN_POINT ( 'NONE',  ( -69.49999999999998579, 0.000000000000000000, 235.0000000000000000 ) ) ;
#3118 = CARTESIAN_POINT ( 'NONE',  ( 16.50000000000000355, -100.4999999999999858, 244.2788383248864648 ) ) ;
#3119 = ORIENTED_EDGE ( 'NONE', *, *, #847, .F. ) ;
#3120 = CIRCLE ( 'NONE', #271, 17.15000000000000213 ) ;
#3121 = DIRECTION ( 'NONE',  ( 0.000000000000000000, 0.000000000000000000, 1.000000000000000000 ) ) ;
#3122 = CARTESIAN_POINT ( 'NONE',  ( -16.49999999999999289, -104.5000000000000000, 187.1211616751135409 ) ) ;
#3123 = AXIS2_PLACEMENT_3D ( 'NONE', #581, #4355, #2664 ) ;
#3124 = LINE ( 'NONE', #710, #3172 ) ;
#3125 = ORIENTED_EDGE ( 'NONE', *, *, #2926, .T. ) ;
#3126 = ORIENTED_EDGE ( 'NONE', *, *, #44, .F. ) ;
#3127 = ORIENTED_EDGE ( 'NONE', *, *, #2569, .T. ) ;
#3128 = CARTESIAN_POINT ( 'NONE',  ( -70.00000000000000000, -104.5000000000000000, 5.000000000000000000 ) ) ;
#3129 = EDGE_CURVE ( 'NONE', #1883, #1171, #3924, .T. ) ;
#3130 = VERTEX_POINT ( 'NONE', #1585 ) ;
#3131 = ORIENTED_EDGE ( 'NONE', *, *, #2712, .F. ) ;
#3132 = DIRECTION ( 'NONE',  ( -0.000000000000000000, -0.000000000000000000, -1.000000000000000000 ) ) ;
#3133 = EDGE_LOOP ( 'NONE', ( #1046, #2728, #2857, #178 ) ) ;
#3134 = DIRECTION ( 'NONE',  ( -0.000000000000000000, -1.000000000000000000, -0.000000000000000000 ) ) ;
#3135 = DIRECTION ( 'NONE',  ( 1.000000000000000000, 0.000000000000000000, 0.000000000000000000 ) ) ;
#3136 = EDGE_LOOP ( 'NONE', ( #2952, #244 ) ) ;
#3137 = CARTESIAN_POINT ( 'NONE',  ( -31.30000000000000071, -100.9999999999999858, 214.0000000000000000 ) ) ;
#3138 = DIRECTION ( 'NONE',  ( 0.000000000000000000, 1.000000000000000000, 0.000000000000000000 ) ) ;
#3139 = LINE ( 'NONE', #2451, #1736 ) ;
#3140 = EDGE_LOOP ( 'NONE', ( #3571, #2591, #2651, #1083 ) ) ;
#3141 = AXIS2_PLACEMENT_3D ( 'NONE', #1901, #2924, #4322 ) ;
#3142 = ADVANCED_FACE ( 'NONE', ( #2945 ), #1630, .F. ) ;
#3143 = DIRECTION ( 'NONE',  ( 0.000000000000000000, 0.000000000000000000, 1.000000000000000000 ) ) ;
#3144 = DIRECTION ( 'NONE',  ( -1.000000000000000000, 0.000000000000000000, 0.000000000000000000 ) ) ;
#3145 = AXIS2_PLACEMENT_3D ( 'NONE', #2275, #3311, #3590 ) ;
#3146 = FACE_OUTER_BOUND ( 'NONE', #1943, .T. ) ;
#3147 = EDGE_LOOP ( 'NONE', ( #362, #1354, #942, #2456 ) ) ;
#3148 = EDGE_CURVE ( 'NONE', #2640, #3361, #284, .T. ) ;
#3149 = ADVANCED_FACE ( 'NONE', ( #2293 ), #941, .F. ) ;
#3150 = ORIENTED_EDGE ( 'NONE', *, *, #1390, .T. ) ;
#3151 = AXIS2_PLACEMENT_3D ( 'NONE', #3455, #2075, #1388 ) ;
#3152 = EDGE_LOOP ( 'NONE', ( #1950, #1731, #3081, #1004, #1633, #1740, #4047, #2583 ) ) ;
#3153 = PLANE ( 'NONE',  #15 ) ;
#3154 = FACE_BOUND ( 'NONE', #2566, .T. ) ;
#3155 = EDGE_LOOP ( 'NONE', ( #1190, #826, #1278, #2294 ) ) ;
#3156 = EDGE_CURVE ( 'NONE', #2272, #1280, #3702, .T. ) ;
#3157 = EDGE_CURVE ( 'NONE', #2898, #2654, #2034, .T. ) ;
#3158 = CARTESIAN_POINT ( 'NONE',  ( 70.00000000000000000, -100.4999999999999858, 5.000000000000000000 ) ) ;
#3159 = DIRECTION ( 'NONE',  ( 0.000000000000000000, 0.000000000000000000, -1.000000000000000000 ) ) ;
#3160 = ORIENTED_EDGE ( 'NONE', *, *, #3613, .F. ) ;
#3161 = LINE ( 'NONE', #2077, #474 ) ;
#3162 = CARTESIAN_POINT ( 'NONE',  ( 0.000000000000000000, 0.000000000000000000, 214.0000000000000000 ) ) ;
#3163 = DIRECTION ( 'NONE',  ( 0.000000000000000000, 0.000000000000000000, -1.000000000000000000 ) ) ;
#3164 = DIRECTION ( 'NONE',  ( 0.000000000000000000, 0.000000000000000000, -1.000000000000000000 ) ) ;
#3165 = DIRECTION ( 'NONE',  ( -1.000000000000000000, 0.000000000000000000, 0.000000000000000000 ) ) ;
#3166 = LINE ( 'NONE', #1837, #1097 ) ;
#3167 = ORIENTED_EDGE ( 'NONE', *, *, #2492, .F. ) ;
#3168 = AXIS2_PLACEMENT_3D ( 'NONE', #3834, #4151, #795 ) ;
#3169 = ORIENTED_EDGE ( 'NONE', *, *, #3403, .T. ) ;
#3170 = ORIENTED_EDGE ( 'NONE', *, *, #2538, .T. ) ;
#3171 = PLANE ( 'NONE',  #221 ) ;
#3172 = VECTOR ( 'NONE', #1753, 1000.000000000000000 ) ;
#3173 = EDGE_CURVE ( 'NONE', #3203, #3444, #2012, .T. ) ;
#3174 = ORIENTED_EDGE ( 'NONE', *, *, #3094, .F. ) ;
#3175 = EDGE_CURVE ( 'NONE', #615, #3589, #1056, .T. ) ;
#3176 = LINE ( 'NONE', #2424, #1962 ) ;
#3177 = SECURITY_CLASSIFICATION ( '', '', #3604 ) ;
#3178 = CARTESIAN_POINT ( 'NONE',  ( 9.000000000000000000, 104.5000000000000000, 214.0000000000000000 ) ) ;
#3179 = CYLINDRICAL_SURFACE ( 'NONE', #3951, 1.700000000000007061 ) ;
#3180 = ADVANCED_FACE ( 'NONE', ( #2384 ), #2408, .F. ) ;
#3181 = CYLINDRICAL_SURFACE ( 'NONE', #3799, 1.700000000000000178 ) ;
#3182 = LINE ( 'NONE', #1474, #746 ) ;
#3183 = AXIS2_PLACEMENT_3D ( 'NONE', #3306, #4230, #263 ) ;
#3184 = FACE_OUTER_BOUND ( 'NONE', #806, .T. ) ;
#3185 = CARTESIAN_POINT ( 'NONE',  ( -16.49999999999999289, 100.4999999999999858, 185.4211616751135239 ) ) ;
#3186 = FACE_OUTER_BOUND ( 'NONE', #706, .T. ) ;
#3187 = EDGE_LOOP ( 'NONE', ( #1772, #613, #245, #3909, #1131, #1691 ) ) ;
#3188 = ORIENTED_EDGE ( 'NONE', *, *, #2775, .F. ) ;
#3189 = ORIENTED_EDGE ( 'NONE', *, *, #1969, .F. ) ;
#3190 = DIRECTION ( 'NONE',  ( 1.000000000000000000, 0.000000000000000000, 0.000000000000000000 ) ) ;
#3191 = EDGE_LOOP ( 'NONE', ( #1478, #1818 ) ) ;
#3192 = EDGE_CURVE ( 'NONE', #127, #2774, #3229, .T. ) ;
#3193 = ADVANCED_FACE ( 'NONE', ( #375 ), #964, .F. ) ;
#3194 = LINE ( 'NONE', #1198, #620 ) ;
#3195 = ADVANCED_FACE ( 'NONE', ( #733 ), #3016, .F. ) ;
#3196 = DIRECTION ( 'NONE',  ( -1.000000000000000000, 0.000000000000000000, 0.000000000000000000 ) ) ;
#3197 = LINE ( 'NONE', #2428, #2520 ) ;
#3198 = FACE_OUTER_BOUND ( 'NONE', #4178, .T. ) ;
#3199 = LINE ( 'NONE', #441, #669 ) ;
#3200 = DIRECTION ( 'NONE',  ( -1.000000000000000000, 0.000000000000000000, 0.000000000000000000 ) ) ;
#3201 = FACE_OUTER_BOUND ( 'NONE', #1664, .T. ) ;
#3202 = DIRECTION ( 'NONE',  ( -1.000000000000000000, 0.000000000000000000, 0.000000000000000000 ) ) ;
#3203 = VERTEX_POINT ( 'NONE', #1654 ) ;
#3204 = CIRCLE ( 'NONE', #796, 1.700000000000007061 ) ;
#3205 = ORIENTED_EDGE ( 'NONE', *, *, #825, .T. ) ;
#3206 = CARTESIAN_POINT ( 'NONE',  ( 16.50000000000000355, -100.4999999999999858, 183.7211616751135068 ) ) ;
#3207 = AXIS2_PLACEMENT_3D ( 'NONE', #777, #4174, #479 ) ;
#3208 = DIRECTION ( 'NONE',  ( -0.000000000000000000, -0.000000000000000000, -1.000000000000000000 ) ) ;
#3209 = ORIENTED_EDGE ( 'NONE', *, *, #989, .T. ) ;
#3210 = CIRCLE ( 'NONE', #2135, 2.750000000000002665 ) ;
#3211 = VECTOR ( 'NONE', #3105, 1000.000000000000000 ) ;
#3212 = DIRECTION ( 'NONE',  ( -1.000000000000000000, 0.000000000000000000, 0.000000000000000000 ) ) ;
#3213 = CC_DESIGN_DATE_AND_TIME_ASSIGNMENT ( #1316, #20, ( #3177 ) ) ;
#3214 = CARTESIAN_POINT ( 'NONE',  ( -17.15000000000000213, 0.000000000000000000, 0.000000000000000000 ) ) ;
#3215 = CARTESIAN_POINT ( 'NONE',  ( 16.50000000000000355, 104.5000000000000000, 185.4211616751135239 ) ) ;
#3216 = ADVANCED_FACE ( 'NONE', ( #3092 ), #2079, .F. ) ;
#3217 = DIRECTION ( 'NONE',  ( -0.000000000000000000, -1.000000000000000000, -0.000000000000000000 ) ) ;
#3218 = DIRECTION ( 'NONE',  ( 0.000000000000000000, 1.000000000000000000, 0.000000000000000000 ) ) ;
#3219 = EDGE_CURVE ( 'NONE', #4352, #690, #4035, .T. ) ;
#3220 = FACE_BOUND ( 'NONE', #1363, .T. ) ;
#3221 = CARTESIAN_POINT ( 'NONE',  ( 16.50000000000000355, 100.4999999999999858, 244.2788383248864648 ) ) ;
#3222 = LINE ( 'NONE', #1146, #883 ) ;
#3223 = CARTESIAN_POINT ( 'NONE',  ( -33.00000000000000000, 100.4999999999999858, 214.0000000000000000 ) ) ;
#3224 = ADVANCED_FACE ( 'NONE', ( #1725 ), #1394, .F. ) ;
#3225 = ORIENTED_EDGE ( 'NONE', *, *, #3347, .T. ) ;
#3226 = ORIENTED_EDGE ( 'NONE', *, *, #847, .T. ) ;
#3227 = CARTESIAN_POINT ( 'NONE',  ( -33.00000000000000000, -100.4999999999999858, 214.0000000000000000 ) ) ;
#3228 = DIRECTION ( 'NONE',  ( -0.000000000000000000, -1.000000000000000000, -0.000000000000000000 ) ) ;
#3229 = CIRCLE ( 'NONE', #1579, 12.50000000000000000 ) ;
#3230 = ORIENTED_EDGE ( 'NONE', *, *, #2443, .T. ) ;
#3231 = VECTOR ( 'NONE', #3460, 1000.000000000000000 ) ;
#3232 = DIRECTION ( 'NONE',  ( -1.000000000000000000, 0.000000000000000000, 0.000000000000000000 ) ) ;
#3233 = AXIS2_PLACEMENT_3D ( 'NONE', #2292, #566, #1917 ) ;
#3234 = CARTESIAN_POINT ( 'NONE',  ( -55.00000000000000711, -100.4999999999999858, 5.000000000000000000 ) ) ;
#3235 = LINE ( 'NONE', #2551, #3954 ) ;
#3236 = DIRECTION ( 'NONE',  ( 0.000000000000000000, -1.000000000000000000, 0.000000000000000000 ) ) ;
#3237 = ADVANCED_FACE ( 'NONE', ( #330 ), #396, .F. ) ;
#3238 = EDGE_CURVE ( 'NONE', #3921, #2677, #3855, .T. ) ;
#3239 = DIRECTION ( 'NONE',  ( -0.000000000000000000, -0.000000000000000000, -1.000000000000000000 ) ) ;
#3240 = CARTESIAN_POINT ( 'NONE',  ( -33.00000000000000000, 100.9999999999999858, 214.0000000000000000 ) ) ;
#3241 = FACE_OUTER_BOUND ( 'NONE', #397, .T. ) ;
#3242 = DIRECTION ( 'NONE',  ( -0.7071067811865477948, -0.7071067811865473507, 0.000000000000000000 ) ) ;
#3243 = EDGE_LOOP ( 'NONE', ( #4121, #2617, #62, #926 ) ) ;
#3244 = ORIENTED_EDGE ( 'NONE', *, *, #2172, .F. ) ;
#3245 = DIRECTION ( 'NONE',  ( -0.000000000000000000, -1.000000000000000000, -0.000000000000000000 ) ) ;
#3246 = DIRECTION ( 'NONE',  ( -0.000000000000000000, -0.000000000000000000, -1.000000000000000000 ) ) ;
#3247 = VECTOR ( 'NONE', #1676, 1000.000000000000000 ) ;
#3248 = VERTEX_POINT ( 'NONE', #3118 ) ;
#3249 = EDGE_CURVE ( 'NONE', #1878, #3976, #2362, .T. ) ;
#3250 = VERTEX_POINT ( 'NONE', #4089 ) ;
#3251 = EDGE_LOOP ( 'NONE', ( #975, #2521, #3712, #1233 ) ) ;
#3252 = CARTESIAN_POINT ( 'NONE',  ( 70.00000000000000000, -100.4999999999999858, 214.0000000000000000 ) ) ;
#3253 = AXIS2_PLACEMENT_3D ( 'NONE', #3107, #4101, #2068 ) ;
#3254 = PLANE ( 'NONE',  #1136 ) ;
#3255 = DIRECTION ( 'NONE',  ( 0.000000000000000000, 0.000000000000000000, 1.000000000000000000 ) ) ;
#3256 = CARTESIAN_POINT ( 'NONE',  ( -70.00000000000000000, 80.50000000000000000, 5.000000000000000000 ) ) ;
#3257 = ORIENTED_EDGE ( 'NONE', *, *, #2475, .F. ) ;
#3258 = CARTESIAN_POINT ( 'NONE',  ( 0.000000000000000000, 0.000000000000000000, 0.000000000000000000 ) ) ;
#3259 = CARTESIAN_POINT ( 'NONE',  ( -24.69999999999999929, 2.816687638038912352E-15, 0.000000000000000000 ) ) ;
#3260 = PLANE ( 'NONE',  #3650 ) ;
#3261 = DIRECTION ( 'NONE',  ( -0.000000000000000000, -1.000000000000000000, -0.000000000000000000 ) ) ;
#3262 = ORIENTED_EDGE ( 'NONE', *, *, #3612, .T. ) ;
#3263 = ORIENTED_EDGE ( 'NONE', *, *, #103, .F. ) ;
#3264 = APPROVAL ( #1603, 'UNSPECIFIED' ) ;
#3265 = ORIENTED_EDGE ( 'NONE', *, *, #28, .T. ) ;
#3266 = FACE_BOUND ( 'NONE', #4069, .T. ) ;
#3267 = DIRECTION ( 'NONE',  ( -0.000000000000000000, -0.000000000000000000, -1.000000000000000000 ) ) ;
#3268 = EDGE_CURVE ( 'NONE', #1372, #3130, #2500, .T. ) ;
#3269 = ORIENTED_EDGE ( 'NONE', *, *, #3576, .T. ) ;
#3270 = AXIS2_PLACEMENT_3D ( 'NONE', #1059, #636, #3050 ) ;
#3271 = AXIS2_PLACEMENT_3D ( 'NONE', #3074, #3706, #1682 ) ;
#3272 = ORIENTED_EDGE ( 'NONE', *, *, #1203, .F. ) ;
#3273 = ORIENTED_EDGE ( 'NONE', *, *, #2854, .F. ) ;
#3274 = FACE_OUTER_BOUND ( 'NONE', #251, .T. ) ;
#3275 = AXIS2_PLACEMENT_3D ( 'NONE', #3496, #1767, #3135 ) ;
#3276 = EDGE_CURVE ( 'NONE', #3680, #4142, #3417, .T. ) ;
#3277 = EDGE_CURVE ( 'NONE', #449, #3420, #3789, .T. ) ;
#3278 = DIRECTION ( 'NONE',  ( 0.000000000000000000, 0.000000000000000000, 1.000000000000000000 ) ) ;
#3279 = DIRECTION ( 'NONE',  ( 0.000000000000000000, 0.000000000000000000, 1.000000000000000000 ) ) ;
#3280 = APPROVAL_DATE_TIME ( #2574, #3264 ) ;
#3281 = CARTESIAN_POINT ( 'NONE',  ( -31.30000000000000071, 104.5000000000000000, 214.0000000000000000 ) ) ;
#3282 = ORIENTED_EDGE ( 'NONE', *, *, #3355, .F. ) ;
#3283 = FACE_BOUND ( 'NONE', #2496, .T. ) ;
#3284 = CARTESIAN_POINT ( 'NONE',  ( 33.00000000000000000, -100.9999999999999858, 215.6999999999999886 ) ) ;
#3285 = DIRECTION ( 'NONE',  ( -0.000000000000000000, -0.000000000000000000, -1.000000000000000000 ) ) ;
#3286 = CARTESIAN_POINT ( 'NONE',  ( 0.000000000000000000, 0.000000000000000000, 214.0000000000000000 ) ) ;
#3287 = ORIENTED_EDGE ( 'NONE', *, *, #3219, .T. ) ;
#3288 = ORIENTED_EDGE ( 'NONE', *, *, #2007, .T. ) ;
#3289 = LINE ( 'NONE', #3900, #3341 ) ;
#3290 = DIRECTION ( 'NONE',  ( -1.000000000000000000, 0.000000000000000000, 0.000000000000000000 ) ) ;
#3291 = ORIENTED_EDGE ( 'NONE', *, *, #731, .F. ) ;
#3292 = ORIENTED_EDGE ( 'NONE', *, *, #3696, .F. ) ;
#3293 = ORIENTED_EDGE ( 'NONE', *, *, #2883, .F. ) ;
#3294 = EDGE_CURVE ( 'NONE', #3981, #291, #1794, .T. ) ;
#3295 = EDGE_CURVE ( 'NONE', #382, #3562, #4353, .T. ) ;
#3296 = AXIS2_PLACEMENT_3D ( 'NONE', #2674, #4063, #3438 ) ;
#3297 = EDGE_LOOP ( 'NONE', ( #410, #2440, #642 ) ) ;
#3298 = LINE ( 'NONE', #2377, #2177 ) ;
#3299 = VECTOR ( 'NONE', #3743, 1000.000000000000000 ) ;
#3300 = EDGE_CURVE ( 'NONE', #1382, #2186, #4129, .T. ) ;
#3301 = DIRECTION ( 'NONE',  ( -0.000000000000000000, -0.000000000000000000, -1.000000000000000000 ) ) ;
#3302 = VECTOR ( 'NONE', #3397, 1000.000000000000000 ) ;
#3303 = CARTESIAN_POINT ( 'NONE',  ( -16.49999999999999289, 100.4999999999999858, 185.4211616751135239 ) ) ;
#3304 = AXIS2_PLACEMENT_3D ( 'NONE', #833, #3138, #1793 ) ;
#3305 = PLANE ( 'NONE',  #723 ) ;
#3306 = CARTESIAN_POINT ( 'NONE',  ( -69.49999999999998579, 0.000000000000000000, 235.0000000000000000 ) ) ;
#3307 = DIRECTION ( 'NONE',  ( -0.000000000000000000, -0.000000000000000000, -1.000000000000000000 ) ) ;
#3308 = CARTESIAN_POINT ( 'NONE',  ( 16.50000000000000355, 100.4999999999999858, 185.4211616751135239 ) ) ;
#3309 = EDGE_LOOP ( 'NONE', ( #3982, #3108, #3315, #1668 ) ) ;
#3310 = ORIENTED_EDGE ( 'NONE', *, *, #468, .T. ) ;
#3311 = DIRECTION ( 'NONE',  ( 0.000000000000000000, 0.000000000000000000, 1.000000000000000000 ) ) ;
#3312 = CARTESIAN_POINT ( 'NONE',  ( 70.00000000000000000, 104.5000000000000000, 5.000000000000000000 ) ) ;
#3313 = AXIS2_PLACEMENT_3D ( 'NONE', #4315, #920, #3583 ) ;
#3314 = EDGE_LOOP ( 'NONE', ( #4350, #1505, #2616, #1967 ) ) ;
#3315 = ORIENTED_EDGE ( 'NONE', *, *, #1866, .T. ) ;
#3316 = VECTOR ( 'NONE', #1246, 1000.000000000000000 ) ;
#3317 = ORIENTED_EDGE ( 'NONE', *, *, #2402, .T. ) ;
#3318 = DIRECTION ( 'NONE',  ( 0.000000000000000000, 0.000000000000000000, 1.000000000000000000 ) ) ;
#3319 = VECTOR ( 'NONE', #3532, 1000.000000000000000 ) ;
#3320 = DIRECTION ( 'NONE',  ( -0.000000000000000000, -0.000000000000000000, -1.000000000000000000 ) ) ;
#3321 = CALENDAR_DATE ( 2026, 24, 9 ) ;
#3322 = DIRECTION ( 'NONE',  ( -0.000000000000000000, -1.000000000000000000, -0.000000000000000000 ) ) ;
#3323 = ADVANCED_FACE ( 'NONE', ( #1436 ), #4191, .F. ) ;
#3324 = AXIS2_PLACEMENT_3D ( 'NONE', #2781, #4162, #742 ) ;
#3325 = CARTESIAN_POINT ( 'NONE',  ( -16.49999999999999289, -100.4999999999999858, 185.4211616751135239 ) ) ;
#3326 = DIRECTION ( 'NONE',  ( -0.000000000000000000, -0.000000000000000000, -1.000000000000000000 ) ) ;
#3327 = DIRECTION ( 'NONE',  ( 1.000000000000000000, 0.000000000000000000, 0.000000000000000000 ) ) ;
#3328 = CARTESIAN_POINT ( 'NONE',  ( -24.69999999999999929, 2.816687638038912352E-15, 5.000000000000000000 ) ) ;
#3329 = ORIENTED_EDGE ( 'NONE', *, *, #4066, .T. ) ;
#3330 = EDGE_CURVE ( 'NONE', #4233, #1681, #1228, .T. ) ;
#3331 = ORIENTED_EDGE ( 'NONE', *, *, #1366, .F. ) ;
#3332 = LINE ( 'NONE', #1991, #924 ) ;
#3333 = ORIENTED_EDGE ( 'NONE', *, *, #1995, .T. ) ;
#3334 = DIRECTION ( 'NONE',  ( -0.000000000000000000, -1.000000000000000000, -0.000000000000000000 ) ) ;
#3335 = EDGE_LOOP ( 'NONE', ( #1716, #470, #4303, #1564 ) ) ;
#3336 = ORIENTED_EDGE ( 'NONE', *, *, #3783, .F. ) ;
#3337 = ORIENTED_EDGE ( 'NONE', *, *, #4342, .F. ) ;
#3338 = ORIENTED_EDGE ( 'NONE', *, *, #4117, .T. ) ;
#3339 = LINE ( 'NONE', #2353, #770 ) ;
#3340 = AXIS2_PLACEMENT_3D ( 'NONE', #312, #4018, #3708 ) ;
#3341 = VECTOR ( 'NONE', #3636, 1000.000000000000114 ) ;
#3342 = CC_DESIGN_PERSON_AND_ORGANIZATION_ASSIGNMENT ( #562, #893, ( #2510 ) ) ;
#3343 = CARTESIAN_POINT ( 'NONE',  ( 16.50000000000000355, 104.5000000000000000, 242.5788383248864761 ) ) ;
#3344 = DIRECTION ( 'NONE',  ( 1.000000000000000000, -0.000000000000000000, 0.000000000000000000 ) ) ;
#3345 = AXIS2_PLACEMENT_3D ( 'NONE', #2809, #3088, #2404 ) ;
#3346 = DIRECTION ( 'NONE',  ( -0.000000000000000000, -1.000000000000000000, -0.000000000000000000 ) ) ;
#3347 = EDGE_CURVE ( 'NONE', #2720, #4168, #321, .T. ) ;
#3348 = CARTESIAN_POINT ( 'NONE',  ( 0.000000000000000000, 100.9999999999999858, 214.0000000000000000 ) ) ;
#3349 = CARTESIAN_POINT ( 'NONE',  ( 33.00000000000000000, -100.4999999999999858, 214.0000000000000000 ) ) ;
#3350 = DIRECTION ( 'NONE',  ( -1.000000000000000000, 0.000000000000000000, 0.000000000000000000 ) ) ;
#3351 = VERTEX_POINT ( 'NONE', #459 ) ;
#3352 = EDGE_LOOP ( 'NONE', ( #3205, #4179 ) ) ;
#3353 = LINE ( 'NONE', #1396, #4050 ) ;
#3354 = VERTEX_POINT ( 'NONE', #1492 ) ;
#3355 = EDGE_CURVE ( 'NONE', #4097, #3640, #3199, .T. ) ;
#3356 = CARTESIAN_POINT ( 'NONE',  ( 31.30000000000000071, -100.4999999999999858, 214.0000000000000000 ) ) ;
#3357 = ADVANCED_FACE ( 'NONE', ( #1102 ), #2182, .F. ) ;
#3358 = DIRECTION ( 'NONE',  ( 1.000000000000000000, 0.000000000000000000, 0.000000000000000000 ) ) ;
#3359 = EDGE_LOOP ( 'NONE', ( #3336, #1977, #4098, #886 ) ) ;
#3360 = ORIENTED_EDGE ( 'NONE', *, *, #890, .F. ) ;
#3361 = VERTEX_POINT ( 'NONE', #2789 ) ;
#3362 = LINE ( 'NONE', #1667, #3626 ) ;
#3363 = EDGE_CURVE ( 'NONE', #3992, #1978, #2014, .T. ) ;
#3364 = ORIENTED_EDGE ( 'NONE', *, *, #3156, .T. ) ;
#3365 = FACE_OUTER_BOUND ( 'NONE', #3863, .T. ) ;
#3366 = LINE ( 'NONE', #2666, #4173 ) ;
#3367 = COORDINATED_UNIVERSAL_TIME_OFFSET ( 5, 30, .AHEAD. ) ;
#3368 = CARTESIAN_POINT ( 'NONE',  ( 50.00000000000000000, 100.4999999999999858, 214.0000000000000000 ) ) ;
#3369 = LINE ( 'NONE', #2381, #4054 ) ;
#3370 = DIRECTION ( 'NONE',  ( 0.000000000000000000, 0.000000000000000000, 1.000000000000000000 ) ) ;
#3371 = CARTESIAN_POINT ( 'NONE',  ( 70.00000000000000000, 91.00000000000000000, 218.0000000000000000 ) ) ;
#3372 = DIRECTION ( 'NONE',  ( -1.000000000000000000, 0.000000000000000000, 0.000000000000000000 ) ) ;
#3373 = AXIS2_PLACEMENT_3D ( 'NONE', #589, #3307, #520 ) ;
#3374 = EDGE_CURVE ( 'NONE', #291, #1619, #3537, .T. ) ;
#3375 = ORIENTED_EDGE ( 'NONE', *, *, #3277, .F. ) ;
#3376 = LINE ( 'NONE', #4345, #3694 ) ;
#3377 = DIRECTION ( 'NONE',  ( -1.000000000000000000, 0.000000000000000000, 0.000000000000000000 ) ) ;
#3378 = DIRECTION ( 'NONE',  ( 0.000000000000000000, 0.000000000000000000, 1.000000000000000000 ) ) ;
#3379 = ORIENTED_EDGE ( 'NONE', *, *, #2304, .T. ) ;
#3380 = EDGE_CURVE ( 'NONE', #1745, #1933, #1771, .T. ) ;
#3381 = ORIENTED_EDGE ( 'NONE', *, *, #3330, .F. ) ;
#3382 = ORIENTED_EDGE ( 'NONE', *, *, #896, .T. ) ;
#3383 = CYLINDRICAL_SURFACE ( 'NONE', #1361, 1.700000000000007061 ) ;
#3384 = ORIENTED_EDGE ( 'NONE', *, *, #1779, .F. ) ;
#3385 = CARTESIAN_POINT ( 'NONE',  ( 31.30000000000000071, -100.9999999999999858, 214.0000000000000000 ) ) ;
#3386 = EDGE_CURVE ( 'NONE', #2970, #338, #3505, .T. ) ;
#3387 = FACE_OUTER_BOUND ( 'NONE', #3140, .T. ) ;
#3388 = AXIS2_PLACEMENT_3D ( 'NONE', #2099, #3516, #2811 ) ;
#3389 = CARTESIAN_POINT ( 'NONE',  ( -50.50000000000000000, -100.4999999999999858, 95.00000000000000000 ) ) ;
#3390 = CARTESIAN_POINT ( 'NONE',  ( -60.00000000000000711, -90.50000000000000000, 0.000000000000000000 ) ) ;
#3391 = CARTESIAN_POINT ( 'NONE',  ( -34.70000000000000284, 100.9999999999999858, 214.0000000000000000 ) ) ;
#3392 = CARTESIAN_POINT ( 'NONE',  ( -50.00000000000000000, -100.4999999999999858, 5.000000000000000000 ) ) ;
#3393 = CARTESIAN_POINT ( 'NONE',  ( 50.00000000000000000, 80.50000000000000000, 214.0000000000000000 ) ) ;
#3394 = EDGE_LOOP ( 'NONE', ( #641, #2043, #272, #4021 ) ) ;
#3395 = DIRECTION ( 'NONE',  ( 0.000000000000000000, -1.000000000000000000, 0.000000000000000000 ) ) ;
#3396 = DIRECTION ( 'NONE',  ( 0.000000000000000000, -1.000000000000000000, 0.000000000000000000 ) ) ;
#3397 = DIRECTION ( 'NONE',  ( 0.000000000000000000, 0.000000000000000000, -1.000000000000000000 ) ) ;
#3398 = ORIENTED_EDGE ( 'NONE', *, *, #2333, .T. ) ;
#3399 = ORIENTED_EDGE ( 'NONE', *, *, #2663, .T. ) ;
#3400 = ORIENTED_EDGE ( 'NONE', *, *, #2285, .T. ) ;
#3401 = DIRECTION ( 'NONE',  ( -0.000000000000000000, -0.000000000000000000, -1.000000000000000000 ) ) ;
#3402 = VERTEX_POINT ( 'NONE', #2509 ) ;
#3403 = EDGE_CURVE ( 'NONE', #3524, #1666, #3139, .T. ) ;
#3404 = EDGE_CURVE ( 'NONE', #4067, #4266, #879, .T. ) ;
#3405 = LINE ( 'NONE', #177, #3957 ) ;
#3406 = PRODUCT_DEFINITION_SHAPE ( 'NONE', 'NONE',  #443 ) ;
#3407 = ORIENTED_EDGE ( 'NONE', *, *, #1551, .T. ) ;
#3408 = EDGE_CURVE ( 'NONE', #2654, #1948, #776, .T. ) ;
#3409 = DIRECTION ( 'NONE',  ( -0.000000000000000000, -1.000000000000000000, -0.000000000000000000 ) ) ;
#3410 = EDGE_CURVE ( 'NONE', #449, #2774, #3182, .T. ) ;
#3411 = CIRCLE ( 'NONE', #2981, 12.50000000000000000 ) ;
#3412 = VECTOR ( 'NONE', #684, 1000.000000000000114 ) ;
#3413 = AXIS2_PLACEMENT_3D ( 'NONE', #707, #968, #2297 ) ;
#3414 = LINE ( 'NONE', #1699, #3771 ) ;
#3415 = CARTESIAN_POINT ( 'NONE',  ( 13.20000000000000107, 19.91858428704208706, 0.000000000000000000 ) ) ;
#3416 = DIRECTION ( 'NONE',  ( 0.000000000000000000, -1.000000000000000000, 0.000000000000000000 ) ) ;
#3417 = LINE ( 'NONE', #3791, #593 ) ;
#3418 = ORIENTED_EDGE ( 'NONE', *, *, #2714, .F. ) ;
#3419 = VECTOR ( 'NONE', #854, 1000.000000000000000 ) ;
#3420 = VERTEX_POINT ( 'NONE', #1834 ) ;
#3421 = CARTESIAN_POINT ( 'NONE',  ( 9.800000000000000711, 19.91858428704208706, 0.000000000000000000 ) ) ;
#3422 = AXIS2_PLACEMENT_3D ( 'NONE', #3801, #842, #1801 ) ;
#3423 = PLANE ( 'NONE',  #1907 ) ;
#3424 = DIRECTION ( 'NONE',  ( 0.000000000000000000, 1.000000000000000000, 0.000000000000000000 ) ) ;
#3425 = ORIENTED_EDGE ( 'NONE', *, *, #2244, .T. ) ;
#3426 = ORIENTED_EDGE ( 'NONE', *, *, #3910, .F. ) ;
#3427 = VERTEX_POINT ( 'NONE', #155 ) ;
#3428 = CARTESIAN_POINT ( 'NONE',  ( 34.70000000000000284, 100.9999999999999858, 214.0000000000000000 ) ) ;
#3429 = VERTEX_POINT ( 'NONE', #2852 ) ;
#3430 = CARTESIAN_POINT ( 'NONE',  ( 70.00000000000000000, -85.49999999999998579, 5.000000000000000000 ) ) ;
#3431 = ORIENTED_EDGE ( 'NONE', *, *, #448, .F. ) ;
#3432 = EDGE_CURVE ( 'NONE', #36, #4118, #4249, .T. ) ;
#3433 = CARTESIAN_POINT ( 'NONE',  ( 60.00000000000000711, 90.50000000000000000, 5.000000000000000000 ) ) ;
#3434 = CARTESIAN_POINT ( 'NONE',  ( 70.00000000000000000, -80.50000000000000000, 5.000000000000000000 ) ) ;
#3435 = ORIENTED_EDGE ( 'NONE', *, *, #2960, .T. ) ;
#3436 = CYLINDRICAL_SURFACE ( 'NONE', #1606, 10.00000000000000000 ) ;
#3437 = CARTESIAN_POINT ( 'NONE',  ( -60.50000000000000711, -100.4999999999999858, 218.0000000000000000 ) ) ;
#3438 = DIRECTION ( 'NONE',  ( -0.000000000000000000, 0.000000000000000000, -1.000000000000000000 ) ) ;
#3439 = EDGE_CURVE ( 'NONE', #3621, #1745, #2915, .T. ) ;
#3440 = VECTOR ( 'NONE', #1317, 1000.000000000000000 ) ;
#3441 = CYLINDRICAL_SURFACE ( 'NONE', #156, 2.749999999999995559 ) ;
#3442 = FACE_OUTER_BOUND ( 'NONE', #3848, .T. ) ;
#3443 = CYLINDRICAL_SURFACE ( 'NONE', #2219, 1.700000000000007061 ) ;
#3444 = VERTEX_POINT ( 'NONE', #1604 ) ;
#3445 = AXIS2_PLACEMENT_3D ( 'NONE', #4071, #4094, #2347 ) ;
#3446 = VERTEX_POINT ( 'NONE', #3651 ) ;
#3447 = CARTESIAN_POINT ( 'NONE',  ( -8.999999999999998224, 100.9999999999999858, 214.0000000000000000 ) ) ;
#3448 = LINE ( 'NONE', #740, #3075 ) ;
#3449 = ORIENTED_EDGE ( 'NONE', *, *, #878, .F. ) ;
#3450 = CARTESIAN_POINT ( 'NONE',  ( 62.75000000000000000, 90.50000000000000000, 5.000000000000000000 ) ) ;
#3451 = VERTEX_POINT ( 'NONE', #1225 ) ;
#3452 = DIRECTION ( 'NONE',  ( -0.000000000000000000, -0.000000000000000000, -1.000000000000000000 ) ) ;
#3453 = EDGE_CURVE ( 'NONE', #1057, #1399, #2962, .T. ) ;
#3454 = CIRCLE ( 'NONE', #191, 1.700000000000007061 ) ;
#3455 = CARTESIAN_POINT ( 'NONE',  ( -11.49999999999999467, 19.91858428704209061, 0.000000000000000000 ) ) ;
#3456 = VERTEX_POINT ( 'NONE', #259 ) ;
#3457 = CIRCLE ( 'NONE', #2457, 1.700000000000007061 ) ;
#3458 = DIRECTION ( 'NONE',  ( 0.000000000000000000, 1.000000000000000000, 0.000000000000000000 ) ) ;
#3459 = DIRECTION ( 'NONE',  ( 0.000000000000000000, -0.000000000000000000, 1.000000000000000000 ) ) ;
#3460 = DIRECTION ( 'NONE',  ( -0.000000000000000000, -1.000000000000000000, -0.000000000000000000 ) ) ;
#3461 = ADVANCED_FACE ( 'NONE', ( #1533, #2528 ), #3962, .T. ) ;
#3462 = VERTEX_POINT ( 'NONE', #2201 ) ;
#3463 = VECTOR ( 'NONE', #3134, 1000.000000000000000 ) ;
#3464 = DIRECTION ( 'NONE',  ( 0.000000000000000000, 1.000000000000000000, 0.000000000000000000 ) ) ;
#3465 = LINE ( 'NONE', #462, #4372 ) ;
#3466 = CARTESIAN_POINT ( 'NONE',  ( -16.49999999999999289, 104.5000000000000000, 183.7211616751135068 ) ) ;
#3467 = ORIENTED_EDGE ( 'NONE', *, *, #3783, .T. ) ;
#3468 = EDGE_CURVE ( 'NONE', #3866, #2675, #2937, .T. ) ;
#3469 = ORIENTED_EDGE ( 'NONE', *, *, #1825, .T. ) ;
#3470 = ORIENTED_EDGE ( 'NONE', *, *, #3374, .F. ) ;
#3471 = CARTESIAN_POINT ( 'NONE',  ( 0.000000000000000000, 100.4999999999999858, 95.00000000000000000 ) ) ;
#3472 = ORIENTED_EDGE ( 'NONE', *, *, #3087, .F. ) ;
#3473 = DIRECTION ( 'NONE',  ( 1.000000000000000000, 0.000000000000000000, 0.000000000000000000 ) ) ;
#3474 = ORIENTED_EDGE ( 'NONE', *, *, #4057, .F. ) ;
#3475 = CARTESIAN_POINT ( 'NONE',  ( 70.00000000000000000, 85.49999999999998579, 0.000000000000000000 ) ) ;
#3476 = CARTESIAN_POINT ( 'NONE',  ( -69.49999999999998579, 1.365481181049298046E-15, 223.8499999999999943 ) ) ;
#3477 = ORIENTED_EDGE ( 'NONE', *, *, #233, .T. ) ;
#3478 = CARTESIAN_POINT ( 'NONE',  ( 60.00000000000000711, 100.9999999999999858, 214.0000000000000000 ) ) ;
#3479 = DIRECTION ( 'NONE',  ( 0.000000000000000000, 1.000000000000000000, 0.000000000000000000 ) ) ;
#3480 = DIRECTION ( 'NONE',  ( -0.7071067811865477948, 0.7071067811865473507, 0.000000000000000000 ) ) ;
#3481 = VECTOR ( 'NONE', #3616, 1000.000000000000000 ) ;
#3482 = AXIS2_PLACEMENT_3D ( 'NONE', #2111, #427, #1800 ) ;
#3483 = EDGE_CURVE ( 'NONE', #3361, #306, #4271, .T. ) ;
#3484 = PLANE ( 'NONE',  #2622 ) ;
#3485 = CARTESIAN_POINT ( 'NONE',  ( -60.00000000000000711, -100.9999999999999858, 218.0000000000000000 ) ) ;
#3486 = CIRCLE ( 'NONE', #1558, 1.700000000000007061 ) ;
#3487 = DIRECTION ( 'NONE',  ( 0.000000000000000000, 1.000000000000000000, 0.000000000000000000 ) ) ;
#3488 = ORIENTED_EDGE ( 'NONE', *, *, #3782, .F. ) ;
#3489 = ORIENTED_EDGE ( 'NONE', *, *, #2848, .T. ) ;
#3490 = CIRCLE ( 'NONE', #3985, 9.000000000000007105 ) ;
#3491 = EDGE_CURVE ( 'NONE', #4261, #4233, #3554, .T. ) ;
#3492 = DIRECTION ( 'NONE',  ( -0.000000000000000000, -1.000000000000000000, -0.000000000000000000 ) ) ;
#3493 = DIRECTION ( 'NONE',  ( 0.000000000000000000, 1.000000000000000000, 0.000000000000000000 ) ) ;
#3494 = VERTEX_POINT ( 'NONE', #2625 ) ;
#3495 = DIRECTION ( 'NONE',  ( 0.000000000000000000, 0.000000000000000000, 1.000000000000000000 ) ) ;
#3496 = CARTESIAN_POINT ( 'NONE',  ( -60.00000000000000711, 90.50000000000000000, 5.000000000000000000 ) ) ;
#3497 = CARTESIAN_POINT ( 'NONE',  ( 0.000000000000000000, 0.000000000000000000, 5.000000000000000000 ) ) ;
#3498 = DIRECTION ( 'NONE',  ( -0.000000000000000000, -0.000000000000000000, 1.000000000000000000 ) ) ;
#3499 = CARTESIAN_POINT ( 'NONE',  ( 70.00000000000000000, 80.50000000000000000, 214.0000000000000000 ) ) ;
#3500 = PLANE ( 'NONE',  #2060 ) ;
#3501 = CARTESIAN_POINT ( 'NONE',  ( -70.00000000000000000, -100.4999999999999858, 214.0000000000000000 ) ) ;
#3502 = FACE_OUTER_BOUND ( 'NONE', #80, .T. ) ;
#3503 = VERTEX_POINT ( 'NONE', #4291 ) ;
#3504 = EDGE_CURVE ( 'NONE', #1129, #36, #173, .T. ) ;
#3505 = CIRCLE ( 'NONE', #3168, 2.750000000000002665 ) ;
#3506 = ORIENTED_EDGE ( 'NONE', *, *, #3439, .T. ) ;
#3507 = FACE_OUTER_BOUND ( 'NONE', #1013, .T. ) ;
#3508 = DIRECTION ( 'NONE',  ( -1.000000000000000000, 0.000000000000000000, 0.000000000000000000 ) ) ;
#3509 = VECTOR ( 'NONE', #1562, 1000.000000000000000 ) ;
#3510 = EDGE_CURVE ( 'NONE', #505, #1378, #2289, .T. ) ;
#3511 = ORIENTED_EDGE ( 'NONE', *, *, #1086, .F. ) ;
#3512 = ORIENTED_EDGE ( 'NONE', *, *, #2225, .T. ) ;
#3513 = LINE ( 'NONE', #68, #1612 ) ;
#3514 = ADVANCED_FACE ( 'NONE', ( #1269 ), #3579, .F. ) ;
#3515 = DIRECTION ( 'NONE',  ( 0.000000000000000000, 0.000000000000000000, -1.000000000000000000 ) ) ;
#3516 = DIRECTION ( 'NONE',  ( -0.000000000000000000, -1.000000000000000000, -0.000000000000000000 ) ) ;
#3517 = AXIS2_PLACEMENT_3D ( 'NONE', #3185, #898, #1894 ) ;
#3518 = CYLINDRICAL_SURFACE ( 'NONE', #1593, 9.000000000000007105 ) ;
#3519 = DIRECTION ( 'NONE',  ( -0.000000000000000000, -1.000000000000000000, -0.000000000000000000 ) ) ;
#3520 = VECTOR ( 'NONE', #608, 1000.000000000000000 ) ;
#3521 = LINE ( 'NONE', #2791, #1708 ) ;
#3522 = FACE_OUTER_BOUND ( 'NONE', #3251, .T. ) ;
#3523 = DIRECTION ( 'NONE',  ( -0.000000000000000000, 0.000000000000000000, 1.000000000000000000 ) ) ;
#3524 = VERTEX_POINT ( 'NONE', #1891 ) ;
#3525 = ORIENTED_EDGE ( 'NONE', *, *, #1340, .F. ) ;
#3526 = ORIENTED_EDGE ( 'NONE', *, *, #2838, .T. ) ;
#3527 = AXIS2_PLACEMENT_3D ( 'NONE', #2983, #4310, #3060 ) ;
#3528 = EDGE_CURVE ( 'NONE', #4097, #29, #3892, .T. ) ;
#3529 = CARTESIAN_POINT ( 'NONE',  ( -57.25000000000000000, 90.50000000000000000, 5.000000000000000000 ) ) ;
#3530 = ORIENTED_EDGE ( 'NONE', *, *, #2148, .F. ) ;
#3531 = EDGE_CURVE ( 'NONE', #3130, #1372, #390, .T. ) ;
#3532 = DIRECTION ( 'NONE',  ( -1.000000000000000000, -0.000000000000000000, -0.000000000000000000 ) ) ;
#3533 = ADVANCED_FACE ( 'NONE', ( #871 ), #1870, .F. ) ;
#3534 = CARTESIAN_POINT ( 'NONE',  ( -33.00000000000000000, 104.5000000000000000, 214.0000000000000000 ) ) ;
#3535 = CARTESIAN_POINT ( 'NONE',  ( 57.25000000000000711, -90.50000000000000000, 5.000000000000000000 ) ) ;
#3536 = DIRECTION ( 'NONE',  ( 0.000000000000000000, 0.000000000000000000, 1.000000000000000000 ) ) ;
#3537 = LINE ( 'NONE', #1416, #3231 ) ;
#3538 = DIRECTION ( 'NONE',  ( 0.000000000000000000, -0.000000000000000000, -1.000000000000000000 ) ) ;
#3539 = CARTESIAN_POINT ( 'NONE',  ( 55.00000000000000711, -100.4999999999999858, 0.000000000000000000 ) ) ;
#3540 = CARTESIAN_POINT ( 'NONE',  ( -69.49999999999998579, 0.000000000000000000, 218.0000000000000000 ) ) ;
#3541 = FACE_OUTER_BOUND ( 'NONE', #2484, .T. ) ;
#3542 = EDGE_LOOP ( 'NONE', ( #1501, #3780 ) ) ;
#3543 = AXIS2_PLACEMENT_3D ( 'NONE', #970, #3396, #1660 ) ;
#3544 = VERTEX_POINT ( 'NONE', #3256 ) ;
#3545 = CARTESIAN_POINT ( 'NONE',  ( 8.062257748298545579, -100.4999999999999858, 218.0000000000000000 ) ) ;
#3546 = CIRCLE ( 'NONE', #3413, 2.749999999999995559 ) ;
#3547 = PLANE ( 'NONE',  #3064 ) ;
#3548 = EDGE_LOOP ( 'NONE', ( #1212, #2229, #48, #2929 ) ) ;
#3549 = LINE ( 'NONE', #3600, #1616 ) ;
#3550 = EDGE_CURVE ( 'NONE', #2640, #1153, #2575, .T. ) ;
#3551 = DIRECTION ( 'NONE',  ( 0.000000000000000000, 0.000000000000000000, 1.000000000000000000 ) ) ;
#3552 = CARTESIAN_POINT ( 'NONE',  ( 0.000000000000000000, 0.000000000000000000, 98.00000000000000000 ) ) ;
#3553 = CARTESIAN_POINT ( 'NONE',  ( 50.00000000000000000, -100.4999999999999858, 214.0000000000000000 ) ) ;
#3554 = LINE ( 'NONE', #1557, #180 ) ;
#3555 = CARTESIAN_POINT ( 'NONE',  ( -33.00000000000000000, 100.9999999999999858, 214.0000000000000000 ) ) ;
#3556 = LINE ( 'NONE', #1873, #1320 ) ;
#3557 = CARTESIAN_POINT ( 'NONE',  ( -8.062257748298545579, 100.9999999999999858, 218.0000000000000000 ) ) ;
#3558 = DIRECTION ( 'NONE',  ( 0.000000000000000000, 1.000000000000000000, 0.000000000000000000 ) ) ;
#3559 = VERTEX_POINT ( 'NONE', #894 ) ;
#3560 = ORIENTED_EDGE ( 'NONE', *, *, #627, .F. ) ;
#3561 = EDGE_CURVE ( 'NONE', #66, #3048, #2242, .T. ) ;
#3562 = VERTEX_POINT ( 'NONE', #1932 ) ;
#3563 = CARTESIAN_POINT ( 'NONE',  ( 0.000000000000000000, 0.000000000000000000, 5.000000000000000000 ) ) ;
#3564 = LINE ( 'NONE', #1592, #4049 ) ;
#3565 = CIRCLE ( 'NONE', #3717, 1.700000000000007061 ) ;
#3566 = EDGE_LOOP ( 'NONE', ( #1549, #1219, #3431, #738 ) ) ;
#3567 = ORIENTED_EDGE ( 'NONE', *, *, #4058, .T. ) ;
#3568 = EDGE_CURVE ( 'NONE', #4284, #1399, #119, .T. ) ;
#3569 = AXIS2_PLACEMENT_3D ( 'NONE', #700, #3719, #2006 ) ;
#3570 = ORIENTED_EDGE ( 'NONE', *, *, #1362, .T. ) ;
#3571 = ORIENTED_EDGE ( 'NONE', *, *, #1685, .F. ) ;
#3572 = DIRECTION ( 'NONE',  ( 0.000000000000000000, 0.000000000000000000, 1.000000000000000000 ) ) ;
#3573 = VECTOR ( 'NONE', #2817, 1000.000000000000000 ) ;
#3574 = APPROVAL_PERSON_ORGANIZATION ( #1510, #3264, #1224 ) ;
#3575 = FACE_OUTER_BOUND ( 'NONE', #1945, .T. ) ;
#3576 = EDGE_CURVE ( 'NONE', #1948, #1382, #4081, .T. ) ;
#3577 = PLANE ( 'NONE',  #4228 ) ;
#3578 = PERSON_AND_ORGANIZATION ( #1184, #3653 ) ;
#3579 = CYLINDRICAL_SURFACE ( 'NONE', #1094, 1.700000000000007061 ) ;
#3580 = ORIENTED_EDGE ( 'NONE', *, *, #4148, .F. ) ;
#3581 = CARTESIAN_POINT ( 'NONE',  ( -60.00000000000000711, -100.9999999999999858, 214.0000000000000000 ) ) ;
#3582 = EDGE_CURVE ( 'NONE', #3102, #932, #2800, .T. ) ;
#3583 = DIRECTION ( 'NONE',  ( 1.000000000000000000, 0.000000000000000000, 0.000000000000000000 ) ) ;
#3584 = CYLINDRICAL_SURFACE ( 'NONE', #3373, 1.700000000000000178 ) ;
#3585 = CARTESIAN_POINT ( 'NONE',  ( 0.000000000000000000, 0.000000000000000000, 214.0000000000000000 ) ) ;
#3586 = ORIENTED_EDGE ( 'NONE', *, *, #4321, .T. ) ;
#3587 = ORIENTED_EDGE ( 'NONE', *, *, #2074, .T. ) ;
#3588 = CIRCLE ( 'NONE', #2668, 1.700000000000000178 ) ;
#3589 = VERTEX_POINT ( 'NONE', #280 ) ;
#3590 = DIRECTION ( 'NONE',  ( 1.000000000000000000, 0.000000000000000000, 0.000000000000000000 ) ) ;
#3591 = ADVANCED_FACE ( 'NONE', ( #3039 ), #981, .F. ) ;
#3592 = LINE ( 'NONE', #3950, #1485 ) ;
#3593 = ADVANCED_FACE ( 'NONE', ( #3697 ), #1625, .F. ) ;
#3594 = VECTOR ( 'NONE', #513, 1000.000000000000000 ) ;
#3595 = ORIENTED_EDGE ( 'NONE', *, *, #3085, .F. ) ;
#3596 = AXIS2_PLACEMENT_3D ( 'NONE', #149, #1827, #4244 ) ;
#3597 = ORIENTED_EDGE ( 'NONE', *, *, #2745, .F. ) ;
#3598 = ORIENTED_EDGE ( 'NONE', *, *, #1262, .F. ) ;
#3599 = ORIENTED_EDGE ( 'NONE', *, *, #2849, .T. ) ;
#3600 = CARTESIAN_POINT ( 'NONE',  ( -70.00000000000000000, 80.50000000000000000, 214.0000000000000000 ) ) ;
#3601 = CIRCLE ( 'NONE', #3123, 1.700000000000000178 ) ;
#3602 = FACE_OUTER_BOUND ( 'NONE', #1543, .T. ) ;
#3603 = DIRECTION ( 'NONE',  ( 0.000000000000000000, 0.000000000000000000, 1.000000000000000000 ) ) ;
#3604 = SECURITY_CLASSIFICATION_LEVEL ( 'unclassified' ) ;
#3605 = CARTESIAN_POINT ( 'NONE',  ( 0.000000000000000000, -100.4999999999999858, 214.0000000000000000 ) ) ;
#3606 = FACE_BOUND ( 'NONE', #3080, .T. ) ;
#3607 = CARTESIAN_POINT ( 'NONE',  ( 11.50000000000000178, -19.91858428704208706, 5.000000000000000000 ) ) ;
#3608 = CARTESIAN_POINT ( 'NONE',  ( 16.50000000000000355, -104.5000000000000000, 183.7211616751135068 ) ) ;
#3609 = DIRECTION ( 'NONE',  ( 0.000000000000000000, 0.000000000000000000, 1.000000000000000000 ) ) ;
#3610 = EDGE_LOOP ( 'NONE', ( #2998, #1168 ) ) ;
#3611 = EDGE_LOOP ( 'NONE', ( #2224, #2559, #1043 ) ) ;
#3612 = EDGE_CURVE ( 'NONE', #859, #1763, #300, .T. ) ;
#3613 = EDGE_CURVE ( 'NONE', #2280, #1502, #2380, .T. ) ;
#3614 = ORIENTED_EDGE ( 'NONE', *, *, #2125, .F. ) ;
#3615 = CYLINDRICAL_SURFACE ( 'NONE', #2546, 1.700000000000007061 ) ;
#3616 = DIRECTION ( 'NONE',  ( 0.000000000000000000, 0.000000000000000000, 1.000000000000000000 ) ) ;
#3617 = CIRCLE ( 'NONE', #1483, 1.700000000000000178 ) ;
#3618 = VERTEX_POINT ( 'NONE', #3368 ) ;
#3619 = AXIS2_PLACEMENT_3D ( 'NONE', #2412, #31, #2679 ) ;
#3620 = CIRCLE ( 'NONE', #570, 1.700000000000007061 ) ;
#3621 = VERTEX_POINT ( 'NONE', #4360 ) ;
#3622 = ORIENTED_EDGE ( 'NONE', *, *, #1177, .T. ) ;
#3623 = FACE_OUTER_BOUND ( 'NONE', #1992, .T. ) ;
#3624 = VECTOR ( 'NONE', #2117, 1000.000000000000000 ) ;
#3625 = EDGE_CURVE ( 'NONE', #822, #1902, #2713, .T. ) ;
#3626 = VECTOR ( 'NONE', #2374, 1000.000000000000000 ) ;
#3627 = DIRECTION ( 'NONE',  ( 0.000000000000000000, -1.000000000000000000, 0.000000000000000000 ) ) ;
#3628 = LINE ( 'NONE', #2287, #4362 ) ;
#3629 = DIRECTION ( 'NONE',  ( -0.000000000000000000, -1.000000000000000000, -0.000000000000000000 ) ) ;
#3630 = FACE_BOUND ( 'NONE', #2085, .T. ) ;
#3631 = DIRECTION ( 'NONE',  ( 0.000000000000000000, -1.000000000000000000, 0.000000000000000000 ) ) ;
#3632 = FACE_OUTER_BOUND ( 'NONE', #3359, .T. ) ;
#3633 = FACE_OUTER_BOUND ( 'NONE', #3679, .T. ) ;
#3634 = ORIENTED_EDGE ( 'NONE', *, *, #925, .T. ) ;
#3635 = VERTEX_POINT ( 'NONE', #325 ) ;
#3636 = DIRECTION ( 'NONE',  ( 0.7071067811865474617, -0.7071067811865474617, 0.000000000000000000 ) ) ;
#3637 = FACE_BOUND ( 'NONE', #2437, .T. ) ;
#3638 = ADVANCED_FACE ( 'NONE', ( #1674 ), #1959, .F. ) ;
#3639 = EDGE_CURVE ( 'NONE', #3444, #2985, #2984, .T. ) ;
#3640 = VERTEX_POINT ( 'NONE', #3389 ) ;
#3641 = ORIENTED_EDGE ( 'NONE', *, *, #2914, .F. ) ;
#3642 = ORIENTED_EDGE ( 'NONE', *, *, #367, .F. ) ;
#3643 = VECTOR ( 'NONE', #1539, 1000.000000000000000 ) ;
#3644 = ORIENTED_EDGE ( 'NONE', *, *, #780, .T. ) ;
#3645 = ADVANCED_FACE ( 'NONE', ( #2311 ), #1339, .F. ) ;
#3646 = FACE_OUTER_BOUND ( 'NONE', #3548, .T. ) ;
#3647 = VECTOR ( 'NONE', #3218, 1000.000000000000000 ) ;
#3648 = DIRECTION ( 'NONE',  ( 0.000000000000000000, -1.000000000000000000, 0.000000000000000000 ) ) ;
#3649 = EDGE_CURVE ( 'NONE', #4136, #2042, #2644, .T. ) ;
#3650 = AXIS2_PLACEMENT_3D ( 'NONE', #899, #1874, #2895 ) ;
#3651 = CARTESIAN_POINT ( 'NONE',  ( -62.75000000000000000, -90.50000000000000000, 5.000000000000000000 ) ) ;
#3652 = EDGE_LOOP ( 'NONE', ( #1975, #2348, #2368, #2448 ) ) ;
#3653 = ORGANIZATION ( 'UNSPECIFIED', 'UNSPECIFIED', '' ) ;
#3654 = DIRECTION ( 'NONE',  ( 1.000000000000000000, 0.000000000000000000, 0.000000000000000000 ) ) ;
#3655 = CARTESIAN_POINT ( 'NONE',  ( -33.00000000000000000, -104.5000000000000000, 214.0000000000000000 ) ) ;
#3656 = CYLINDRICAL_SURFACE ( 'NONE', #1588, 7.000000000000000000 ) ;
#3657 = DIRECTION ( 'NONE',  ( -0.7071067811865473507, 0.7071067811865477948, 0.000000000000000000 ) ) ;
#3658 = ORIENTED_EDGE ( 'NONE', *, *, #2193, .F. ) ;
#3659 = EDGE_LOOP ( 'NONE', ( #2398, #3467, #292, #1970 ) ) ;
#3660 = CARTESIAN_POINT ( 'NONE',  ( -55.00000000000000711, 100.4999999999999858, 5.000000000000000000 ) ) ;
#3661 = ORIENTED_EDGE ( 'NONE', *, *, #1217, .T. ) ;
#3662 = DIRECTION ( 'NONE',  ( -1.000000000000000000, 0.000000000000000000, 0.000000000000000000 ) ) ;
#3663 = AXIS2_PLACEMENT_3D ( 'NONE', #2605, #2246, #217 ) ;
#3664 = VERTEX_POINT ( 'NONE', #347 ) ;
#3665 = ORIENTED_EDGE ( 'NONE', *, *, #2285, .F. ) ;
#3666 = VECTOR ( 'NONE', #1508, 1000.000000000000000 ) ;
#3667 = EDGE_LOOP ( 'NONE', ( #266, #3903 ) ) ;
#3668 = LINE ( 'NONE', #14, #1892 ) ;
#3669 = CIRCLE ( 'NONE', #4104, 1.700000000000000178 ) ;
#3670 = ORIENTED_EDGE ( 'NONE', *, *, #4024, .F. ) ;
#3671 = LINE ( 'NONE', #1980, #200 ) ;
#3672 = DIRECTION ( 'NONE',  ( 0.000000000000000000, 1.000000000000000000, 0.000000000000000000 ) ) ;
#3673 = ADVANCED_FACE ( 'NONE', ( #1698 ), #626, .F. ) ;
#3674 = EDGE_CURVE ( 'NONE', #2306, #2409, #2018, .T. ) ;
#3675 = CARTESIAN_POINT ( 'NONE',  ( 8.999999999999998224, -100.9999999999999858, 214.0000000000000000 ) ) ;
#3676 = CARTESIAN_POINT ( 'NONE',  ( 50.00000000000000000, 80.50000000000000000, 214.0000000000000000 ) ) ;
#3677 = DIRECTION ( 'NONE',  ( 0.000000000000000000, 1.000000000000000000, 0.000000000000000000 ) ) ;
#3678 = CARTESIAN_POINT ( 'NONE',  ( -11.49999999999999467, 19.91858428704209061, 5.000000000000000000 ) ) ;
#3679 = EDGE_LOOP ( 'NONE', ( #2768, #2330, #4236, #884, #3022, #60, #2535, #2685 ) ) ;
#3680 = VERTEX_POINT ( 'NONE', #685 ) ;
#3681 = DIRECTION ( 'NONE',  ( -0.000000000000000000, -0.000000000000000000, -1.000000000000000000 ) ) ;
#3682 = EDGE_LOOP ( 'NONE', ( #2994, #1265 ) ) ;
#3683 = ORIENTED_EDGE ( 'NONE', *, *, #128, .F. ) ;
#3684 = DIRECTION ( 'NONE',  ( -0.000000000000000000, 0.000000000000000000, -1.000000000000000000 ) ) ;
#3685 = CARTESIAN_POINT ( 'NONE',  ( -33.00000000000000000, -100.4999999999999858, 214.0000000000000000 ) ) ;
#3686 = EDGE_LOOP ( 'NONE', ( #2083, #186, #2027, #2796, #2823, #3029 ) ) ;
#3687 = ORIENTED_EDGE ( 'NONE', *, *, #2963, .F. ) ;
#3688 = VERTEX_POINT ( 'NONE', #334 ) ;
#3689 = DIRECTION ( 'NONE',  ( -0.000000000000000000, -1.000000000000000000, -0.000000000000000000 ) ) ;
#3690 = ORIENTED_EDGE ( 'NONE', *, *, #2072, .T. ) ;
#3691 = CARTESIAN_POINT ( 'NONE',  ( -69.49999999999998579, -91.50000000000001421, 218.0000000000000000 ) ) ;
#3692 = VECTOR ( 'NONE', #3165, 1000.000000000000000 ) ;
#3693 = AXIS2_PLACEMENT_3D ( 'NONE', #182, #1522, #2230 ) ;
#3694 = VECTOR ( 'NONE', #3681, 1000.000000000000000 ) ;
#3695 = DIRECTION ( 'NONE',  ( -0.000000000000000000, -1.000000000000000000, -0.000000000000000000 ) ) ;
#3696 = EDGE_CURVE ( 'NONE', #880, #114, #2019, .T. ) ;
#3697 = FACE_OUTER_BOUND ( 'NONE', #2609, .T. ) ;
#3698 = VECTOR ( 'NONE', #1790, 1000.000000000000000 ) ;
#3699 = LINE ( 'NONE', #3042, #297 ) ;
#3700 = CARTESIAN_POINT ( 'NONE',  ( 70.00000000000000000, 91.00000000000000000, 218.0000000000000000 ) ) ;
#3701 = LINE ( 'NONE', #3091, #4090 ) ;
#3702 = LINE ( 'NONE', #655, #1020 ) ;
#3703 = EDGE_CURVE ( 'NONE', #114, #880, #1159, .T. ) ;
#3704 = ORIENTED_EDGE ( 'NONE', *, *, #3862, .F. ) ;
#3705 = EDGE_LOOP ( 'NONE', ( #3810, #1647 ) ) ;
#3706 = DIRECTION ( 'NONE',  ( -0.000000000000000000, 0.000000000000000000, 1.000000000000000000 ) ) ;
#3707 = ORIENTED_EDGE ( 'NONE', *, *, #1092, .F. ) ;
#3708 = DIRECTION ( 'NONE',  ( 0.000000000000000000, 0.000000000000000000, 1.000000000000000000 ) ) ;
#3709 = CARTESIAN_POINT ( 'NONE',  ( 70.00000000000000000, -85.49999999999998579, 5.000000000000000000 ) ) ;
#3710 = EDGE_CURVE ( 'NONE', #2166, #471, #1869, .T. ) ;
#3711 = EDGE_LOOP ( 'NONE', ( #359, #376, #4373, #13 ) ) ;
#3712 = ORIENTED_EDGE ( 'NONE', *, *, #2932, .T. ) ;
#3713 = ORIENTED_EDGE ( 'NONE', *, *, #934, .T. ) ;
#3714 = CARTESIAN_POINT ( 'NONE',  ( 60.00000000000000711, 90.50000000000000000, 5.000000000000000000 ) ) ;
#3715 = ORIENTED_EDGE ( 'NONE', *, *, #1456, .T. ) ;
#3716 = CARTESIAN_POINT ( 'NONE',  ( 70.00000000000000000, 85.49999999999998579, 5.000000000000000000 ) ) ;
#3717 = AXIS2_PLACEMENT_3D ( 'NONE', #3308, #590, #922 ) ;
#3718 = LINE ( 'NONE', #2029, #831 ) ;
#3719 = DIRECTION ( 'NONE',  ( -0.000000000000000000, -0.000000000000000000, -1.000000000000000000 ) ) ;
#3720 = ADVANCED_FACE ( 'NONE', ( #2082 ), #3443, .F. ) ;
#3721 = AXIS2_PLACEMENT_3D ( 'NONE', #1709, #4134, #3098 ) ;
#3722 = CYLINDRICAL_SURFACE ( 'NONE', #159, 1.700000000000007061 ) ;
#3723 = DIRECTION ( 'NONE',  ( 0.000000000000000000, 0.000000000000000000, -1.000000000000000000 ) ) ;
#3724 = DIRECTION ( 'NONE',  ( 0.000000000000000000, 0.000000000000000000, -1.000000000000000000 ) ) ;
#3725 = DIRECTION ( 'NONE',  ( 0.7071067811865475727, 0.7071067811865475727, -0.000000000000000000 ) ) ;
#3726 = AXIS2_PLACEMENT_3D ( 'NONE', #2100, #3813, #1473 ) ;
#3727 = EDGE_LOOP ( 'NONE', ( #1071, #761, #2320, #1236 ) ) ;
#3728 = EDGE_CURVE ( 'NONE', #357, #3055, #524, .T. ) ;
#3729 = EDGE_CURVE ( 'NONE', #3524, #1084, #2040, .T. ) ;
#3730 = DIRECTION ( 'NONE',  ( -1.000000000000000000, 0.000000000000000000, 0.000000000000000000 ) ) ;
#3731 = CARTESIAN_POINT ( 'NONE',  ( 55.00000000000000711, -100.4999999999999858, 5.000000000000000000 ) ) ;
#3732 = DIRECTION ( 'NONE',  ( 0.000000000000000000, 0.000000000000000000, -1.000000000000000000 ) ) ;
#3733 = ORIENTED_EDGE ( 'NONE', *, *, #1173, .T. ) ;
#3734 = ORIENTED_EDGE ( 'NONE', *, *, #2304, .F. ) ;
#3735 = ORIENTED_EDGE ( 'NONE', *, *, #867, .F. ) ;
#3736 = EDGE_CURVE ( 'NONE', #3130, #2517, #379, .T. ) ;
#3737 = ORIENTED_EDGE ( 'NONE', *, *, #2614, .T. ) ;
#3738 = FACE_OUTER_BOUND ( 'NONE', #3686, .T. ) ;
#3739 = VERTEX_POINT ( 'NONE', #356 ) ;
#3740 = FACE_BOUND ( 'NONE', #1289, .T. ) ;
#3741 = ORIENTED_EDGE ( 'NONE', *, *, #1312, .F. ) ;
#3742 = PLANE ( 'NONE',  #139 ) ;
#3743 = DIRECTION ( 'NONE',  ( 0.000000000000000000, -1.000000000000000000, 0.000000000000000000 ) ) ;
#3744 = VECTOR ( 'NONE', #3409, 1000.000000000000000 ) ;
#3745 = CARTESIAN_POINT ( 'NONE',  ( -34.70000000000000284, -100.4999999999999858, 214.0000000000000000 ) ) ;
#3746 = LINE ( 'NONE', #282, #1467 ) ;
#3747 = LINE ( 'NONE', #4034, #2300 ) ;
#3748 = DIRECTION ( 'NONE',  ( -0.000000000000000000, -1.000000000000000000, -0.000000000000000000 ) ) ;
#3749 = CIRCLE ( 'NONE', #1829, 1.700000000000007061 ) ;
#3750 = VERTEX_POINT ( 'NONE', #3025 ) ;
#3751 = DIRECTION ( 'NONE',  ( 0.000000000000000000, 0.000000000000000000, 1.000000000000000000 ) ) ;
#3752 = CARTESIAN_POINT ( 'NONE',  ( 8.062257748298545579, 100.9999999999999858, 218.0000000000000000 ) ) ;
#3753 = FACE_OUTER_BOUND ( 'NONE', #1621, .T. ) ;
#3754 = ORIENTED_EDGE ( 'NONE', *, *, #4111, .F. ) ;
#3755 = EDGE_CURVE ( 'NONE', #4278, #657, #3124, .T. ) ;
#3756 = ORIENTED_EDGE ( 'NONE', *, *, #309, .F. ) ;
#3757 = VERTEX_POINT ( 'NONE', #1329 ) ;
#3758 = EDGE_LOOP ( 'NONE', ( #3225, #2661 ) ) ;
#3759 = DIRECTION ( 'NONE',  ( 1.000000000000000000, 0.000000000000000000, 0.000000000000000000 ) ) ;
#3760 = ORIENTED_EDGE ( 'NONE', *, *, #2848, .F. ) ;
#3761 = CARTESIAN_POINT ( 'NONE',  ( 50.00000000000000000, 80.50000000000000000, 214.0000000000000000 ) ) ;
#3762 = DIRECTION ( 'NONE',  ( -1.000000000000000000, -0.000000000000000000, -0.000000000000000000 ) ) ;
#3763 = AXIS2_PLACEMENT_3D ( 'NONE', #2778, #1442, #2169 ) ;
#3764 = EDGE_CURVE ( 'NONE', #2954, #3688, #1235, .T. ) ;
#3765 = AXIS2_PLACEMENT_3D ( 'NONE', #1347, #3021, #945 ) ;
#3766 = LINE ( 'NONE', #3434, #3624 ) ;
#3767 = EDGE_LOOP ( 'NONE', ( #34, #307, #2608, #2003, #1240, #1976, #2615, #1862 ) ) ;
#3768 = CARTESIAN_POINT ( 'NONE',  ( 33.00000000000000000, -100.4999999999999858, 214.0000000000000000 ) ) ;
#3769 = DIRECTION ( 'NONE',  ( -0.000000000000000000, -1.000000000000000000, -0.000000000000000000 ) ) ;
#3770 = CARTESIAN_POINT ( 'NONE',  ( 16.50000000000000355, 104.5000000000000000, 185.4211616751135239 ) ) ;
#3771 = VECTOR ( 'NONE', #3654, 1000.000000000000000 ) ;
#3772 = CARTESIAN_POINT ( 'NONE',  ( 33.00000000000000000, -100.9999999999999858, 214.0000000000000000 ) ) ;
#3773 = CARTESIAN_POINT ( 'NONE',  ( 50.00000000000000000, -80.50000000000000000, 214.0000000000000000 ) ) ;
#3774 = DIRECTION ( 'NONE',  ( 0.000000000000000000, 0.000000000000000000, 1.000000000000000000 ) ) ;
#3775 = EDGE_LOOP ( 'NONE', ( #3125, #4306, #2405, #2370, #781, #3028 ) ) ;
#3776 = ORIENTED_EDGE ( 'NONE', *, *, #2926, .F. ) ;
#3777 = VERTEX_POINT ( 'NONE', #2392 ) ;
#3778 = ADVANCED_FACE ( 'NONE', ( #79 ), #8, .F. ) ;
#3779 = DIRECTION ( 'NONE',  ( 0.000000000000000000, 0.000000000000000000, 1.000000000000000000 ) ) ;
#3780 = ORIENTED_EDGE ( 'NONE', *, *, #3094, .T. ) ;
#3781 = PLANE ( 'NONE',  #1764 ) ;
#3782 = EDGE_CURVE ( 'NONE', #4119, #1878, #2704, .T. ) ;
#3783 = EDGE_CURVE ( 'NONE', #357, #647, #1017, .T. ) ;
#3784 = LINE ( 'NONE', #2093, #343 ) ;
#3785 = EDGE_CURVE ( 'NONE', #2774, #127, #4157, .T. ) ;
#3786 = CARTESIAN_POINT ( 'NONE',  ( -70.00000000000000000, -100.4999999999999858, 100.0000000000000000 ) ) ;
#3787 = ORIENTED_EDGE ( 'NONE', *, *, #2877, .T. ) ;
#3788 = DIRECTION ( 'NONE',  ( 0.000000000000000000, 1.000000000000000000, 0.000000000000000000 ) ) ;
#3789 = CIRCLE ( 'NONE', #3090, 12.50000000000000000 ) ;
#3790 = PLANE ( 'NONE',  #820 ) ;
#3791 = CARTESIAN_POINT ( 'NONE',  ( -70.00000000000000000, -80.50000000000000000, 214.0000000000000000 ) ) ;
#3792 = VECTOR ( 'NONE', #1007, 1000.000000000000000 ) ;
#3793 = DIRECTION ( 'NONE',  ( -0.000000000000000000, 0.000000000000000000, -1.000000000000000000 ) ) ;
#3794 = DIRECTION ( 'NONE',  ( 1.000000000000000000, 0.000000000000000000, 0.000000000000000000 ) ) ;
#3795 = CARTESIAN_POINT ( 'NONE',  ( -69.49999999999998579, 0.000000000000000000, 235.0000000000000000 ) ) ;
#3796 = VERTEX_POINT ( 'NONE', #3077 ) ;
#3797 = AXIS2_PLACEMENT_3D ( 'NONE', #446, #1166, #3202 ) ;
#3798 = ORIENTED_EDGE ( 'NONE', *, *, #2554, .F. ) ;
#3799 = AXIS2_PLACEMENT_3D ( 'NONE', #1141, #3852, #813 ) ;
#3800 = ORIENTED_EDGE ( 'NONE', *, *, #989, .F. ) ;
#3801 = CARTESIAN_POINT ( 'NONE',  ( -16.49999999999999289, -100.4999999999999858, 185.4211616751135239 ) ) ;
#3802 = ORIENTED_EDGE ( 'NONE', *, *, #207, .F. ) ;
#3803 = CARTESIAN_POINT ( 'NONE',  ( 34.70000000000000284, -100.4999999999999858, 214.0000000000000000 ) ) ;
#3804 = EDGE_LOOP ( 'NONE', ( #1088, #2632, #2458, #554 ) ) ;
#3805 = ADVANCED_FACE ( 'NONE', ( #3753 ), #32, .F. ) ;
#3806 = VERTEX_POINT ( 'NONE', #2724 ) ;
#3807 = LINE ( 'NONE', #1385, #2391 ) ;
#3808 = EDGE_CURVE ( 'NONE', #3503, #656, #4359, .T. ) ;
#3809 = CARTESIAN_POINT ( 'NONE',  ( -9.800000000000009592, -19.91858428704208350, 5.000000000000000000 ) ) ;
#3810 = ORIENTED_EDGE ( 'NONE', *, *, #1671, .T. ) ;
#3811 = AXIS2_PLACEMENT_3D ( 'NONE', #1009, #2053, #1295 ) ;
#3812 = DIRECTION ( 'NONE',  ( -0.7071067811865474617, 0.7071067811865474617, 0.000000000000000000 ) ) ;
#3813 = DIRECTION ( 'NONE',  ( 0.000000000000000000, 1.000000000000000000, 0.000000000000000000 ) ) ;
#3814 = CARTESIAN_POINT ( 'NONE',  ( -16.49999999999999289, -100.4999999999999858, 185.4211616751135239 ) ) ;
#3815 = EDGE_CURVE ( 'NONE', #1126, #2675, #838, .T. ) ;
#3816 = EDGE_CURVE ( 'NONE', #66, #2107, #2495, .T. ) ;
#3817 = VECTOR ( 'NONE', #1449, 1000.000000000000114 ) ;
#3818 = DIRECTION ( 'NONE',  ( 1.000000000000000000, 0.000000000000000000, 0.000000000000000000 ) ) ;
#3819 = CARTESIAN_POINT ( 'NONE',  ( 0.000000000000000000, 0.000000000000000000, 95.00000000000000000 ) ) ;
#3820 = CIRCLE ( 'NONE', #4382, 1.700000000000007061 ) ;
#3821 = DIRECTION ( 'NONE',  ( 0.000000000000000000, 0.000000000000000000, 1.000000000000000000 ) ) ;
#3822 = EDGE_LOOP ( 'NONE', ( #344, #2303 ) ) ;
#3823 = ADVANCED_FACE ( 'NONE', ( #3502 ), #3858, .F. ) ;
#3824 = ORIENTED_EDGE ( 'NONE', *, *, #1846, .T. ) ;
#3825 = DIRECTION ( 'NONE',  ( -0.000000000000000000, -1.000000000000000000, -0.000000000000000000 ) ) ;
#3826 = CARTESIAN_POINT ( 'NONE',  ( 0.000000000000000000, 0.000000000000000000, 2.200000000000000178 ) ) ;
#3827 = DIRECTION ( 'NONE',  ( 1.000000000000000000, -0.000000000000000000, -0.000000000000000000 ) ) ;
#3828 = ORIENTED_EDGE ( 'NONE', *, *, #514, .F. ) ;
#3829 = DIRECTION ( 'NONE',  ( 0.000000000000000000, 0.000000000000000000, -1.000000000000000000 ) ) ;
#3830 = CYLINDRICAL_SURFACE ( 'NONE', #4263, 1.700000000000007061 ) ;
#3831 = ADVANCED_FACE ( 'NONE', ( #1517 ), #2185, .F. ) ;
#3832 = CYLINDRICAL_SURFACE ( 'NONE', #3388, 1.700000000000007061 ) ;
#3833 = DIRECTION ( 'NONE',  ( -0.000000000000000000, -0.000000000000000000, -1.000000000000000000 ) ) ;
#3834 = CARTESIAN_POINT ( 'NONE',  ( -60.00000000000000711, 90.50000000000000000, 0.000000000000000000 ) ) ;
#3835 = CIRCLE ( 'NONE', #3543, 1.700000000000007061 ) ;
#3836 = CARTESIAN_POINT ( 'NONE',  ( -16.49999999999999289, -100.4999999999999858, 183.7211616751135068 ) ) ;
#3837 = EDGE_CURVE ( 'NONE', #978, #3053, #1871, .T. ) ;
#3838 = DIRECTION ( 'NONE',  ( 1.000000000000000000, 0.000000000000000000, -0.000000000000000000 ) ) ;
#3839 = VECTOR ( 'NONE', #349, 1000.000000000000000 ) ;
#3840 = DIRECTION ( 'NONE',  ( 0.7071067811865477948, -0.7071067811865473507, 0.000000000000000000 ) ) ;
#3841 = EDGE_LOOP ( 'NONE', ( #1357, #2343, #3597, #4331 ) ) ;
#3842 = EDGE_LOOP ( 'NONE', ( #4344, #547, #1333, #3126 ) ) ;
#3843 = VECTOR ( 'NONE', #3689, 1000.000000000000000 ) ;
#3844 = DIRECTION ( 'NONE',  ( 0.000000000000000000, 0.000000000000000000, 1.000000000000000000 ) ) ;
#3845 = CARTESIAN_POINT ( 'NONE',  ( 70.00000000000000000, 80.50000000000000000, 214.0000000000000000 ) ) ;
#3846 = ADVANCED_FACE ( 'NONE', ( #2474 ), #4197, .F. ) ;
#3847 = ORIENTED_EDGE ( 'NONE', *, *, #2549, .T. ) ;
#3848 = EDGE_LOOP ( 'NONE', ( #843, #3735, #2057, #3595 ) ) ;
#3849 = DIRECTION ( 'NONE',  ( 0.000000000000000000, 0.000000000000000000, 1.000000000000000000 ) ) ;
#3850 = DIRECTION ( 'NONE',  ( 0.000000000000000000, 1.000000000000000000, 0.000000000000000000 ) ) ;
#3851 = DIRECTION ( 'NONE',  ( 1.000000000000000000, 0.000000000000000000, 0.000000000000000000 ) ) ;
#3852 = DIRECTION ( 'NONE',  ( -0.000000000000000000, -0.000000000000000000, -1.000000000000000000 ) ) ;
#3853 = DIRECTION ( 'NONE',  ( 1.000000000000000000, 0.000000000000000000, 0.000000000000000000 ) ) ;
#3854 = EDGE_CURVE ( 'NONE', #1213, #2729, #3166, .T. ) ;
#3855 = CIRCLE ( 'NONE', #2795, 1.700000000000000178 ) ;
#3856 = CARTESIAN_POINT ( 'NONE',  ( 1.102182119232616531E-15, 104.5000000000000000, 223.0000000000000000 ) ) ;
#3857 = DIRECTION ( 'NONE',  ( -0.000000000000000000, 0.000000000000000000, 1.000000000000000000 ) ) ;
#3858 = CYLINDRICAL_SURFACE ( 'NONE', #3797, 1.700000000000000178 ) ;
#3859 = EDGE_LOOP ( 'NONE', ( #2076, #3760, #2251, #2363 ) ) ;
#3860 = AXIS2_PLACEMENT_3D ( 'NONE', #3063, #3344, #650 ) ;
#3861 = EDGE_CURVE ( 'NONE', #621, #656, #3222, .T. ) ;
#3862 = EDGE_CURVE ( 'NONE', #2280, #3806, #3931, .T. ) ;
#3863 = EDGE_LOOP ( 'NONE', ( #923, #1348, #432, #3683 ) ) ;
#3864 = ORIENTED_EDGE ( 'NONE', *, *, #2755, .T. ) ;
#3865 = LINE ( 'NONE', #3845, #1561 ) ;
#3866 = VERTEX_POINT ( 'NONE', #2872 ) ;
#3867 = EDGE_CURVE ( 'NONE', #1427, #3981, #3878, .T. ) ;
#3868 = EDGE_CURVE ( 'NONE', #1548, #2166, #2165, .T. ) ;
#3869 = AXIS2_PLACEMENT_3D ( 'NONE', #1160, #4150, #117 ) ;
#3870 = DIRECTION ( 'NONE',  ( 0.000000000000000000, 0.000000000000000000, 1.000000000000000000 ) ) ;
#3871 = DIRECTION ( 'NONE',  ( -0.000000000000000000, -0.000000000000000000, -1.000000000000000000 ) ) ;
#3872 = DIRECTION ( 'NONE',  ( 1.000000000000000000, 0.000000000000000000, 0.000000000000000000 ) ) ;
#3873 = VECTOR ( 'NONE', #1964, 1000.000000000000000 ) ;
#3874 = DIRECTION ( 'NONE',  ( 0.000000000000000000, 0.000000000000000000, -1.000000000000000000 ) ) ;
#3875 = CARTESIAN_POINT ( 'NONE',  ( 70.00000000000000000, -100.4999999999999858, 262.0000000000000000 ) ) ;
#3876 = LINE ( 'NONE', #2220, #225 ) ;
#3877 = PLANE ( 'NONE',  #1111 ) ;
#3878 = LINE ( 'NONE', #2856, #324 ) ;
#3879 = EDGE_LOOP ( 'NONE', ( #1857, #1570, #1076, #1336 ) ) ;
#3880 = ORIENTED_EDGE ( 'NONE', *, *, #429, .F. ) ;
#3881 = ORIENTED_EDGE ( 'NONE', *, *, #2227, .F. ) ;
#3882 = CIRCLE ( 'NONE', #273, 9.000000000000007105 ) ;
#3883 = DIRECTION ( 'NONE',  ( 0.000000000000000000, 0.000000000000000000, 1.000000000000000000 ) ) ;
#3884 = EDGE_CURVE ( 'NONE', #978, #4020, #1082, .T. ) ;
#3885 = EDGE_CURVE ( 'NONE', #1882, #4284, #1477, .T. ) ;
#3886 = ORIENTED_EDGE ( 'NONE', *, *, #2969, .T. ) ;
#3887 = ADVANCED_FACE ( 'NONE', ( #3146 ), #160, .F. ) ;
#3888 = DIRECTION ( 'NONE',  ( 0.000000000000000000, 0.000000000000000000, -1.000000000000000000 ) ) ;
#3889 = CARTESIAN_POINT ( 'NONE',  ( 70.00000000000000000, -104.5000000000000000, 262.0000000000000000 ) ) ;
#3890 = FACE_OUTER_BOUND ( 'NONE', #2463, .T. ) ;
#3891 = APPROVAL_ROLE ( '' ) ;
#3892 = LINE ( 'NONE', #1182, #1509 ) ;
#3893 = CARTESIAN_POINT ( 'NONE',  ( 50.00000000000000000, 100.4999999999999858, 5.000000000000000000 ) ) ;
#3894 = LINE ( 'NONE', #2917, #3110 ) ;
#3895 = CARTESIAN_POINT ( 'NONE',  ( -70.00000000000000000, -104.5000000000000000, 100.0000000000000000 ) ) ;
#3896 = CARTESIAN_POINT ( 'NONE',  ( 33.00000000000000000, 104.5000000000000000, 214.0000000000000000 ) ) ;
#3897 = ORIENTED_EDGE ( 'NONE', *, *, #2387, .F. ) ;
#3898 = CIRCLE ( 'NONE', #993, 7.000000000000000000 ) ;
#3899 = EDGE_LOOP ( 'NONE', ( #1196, #1402, #2001, #1107 ) ) ;
#3900 = CARTESIAN_POINT ( 'NONE',  ( -70.00000000000000000, -85.49999999999998579, 0.000000000000000000 ) ) ;
#3901 = VECTOR ( 'NONE', #2996, 1000.000000000000000 ) ;
#3902 = FACE_BOUND ( 'NONE', #274, .T. ) ;
#3903 = ORIENTED_EDGE ( 'NONE', *, *, #193, .T. ) ;
#3904 = ORIENTED_EDGE ( 'NONE', *, *, #3906, .F. ) ;
#3905 = VECTOR ( 'NONE', #1559, 1000.000000000000000 ) ;
#3906 = EDGE_CURVE ( 'NONE', #3955, #130, #463, .T. ) ;
#3907 = ORIENTED_EDGE ( 'NONE', *, *, #3066, .T. ) ;
#3908 = CARTESIAN_POINT ( 'NONE',  ( -9.799999999999993605, 19.91858428704209061, 5.000000000000000000 ) ) ;
#3909 = ORIENTED_EDGE ( 'NONE', *, *, #2642, .T. ) ;
#3910 = EDGE_CURVE ( 'NONE', #3777, #2021, #46, .T. ) ;
#3911 = DIRECTION ( 'NONE',  ( 0.7071067811865473507, -0.7071067811865477948, 0.000000000000000000 ) ) ;
#3912 = DIRECTION ( 'NONE',  ( 0.000000000000000000, 0.000000000000000000, -1.000000000000000000 ) ) ;
#3913 = CALENDAR_DATE ( 2026, 24, 9 ) ;
#3914 = CARTESIAN_POINT ( 'NONE',  ( 0.000000000000000000, 0.000000000000000000, 2.200000000000000178 ) ) ;
#3915 = EDGE_CURVE ( 'NONE', #1631, #2954, #2127, .T. ) ;
#3916 = ADVANCED_FACE ( 'NONE', ( #3186 ), #143, .F. ) ;
#3917 = DIRECTION ( 'NONE',  ( 0.000000000000000000, -1.000000000000000000, 0.000000000000000000 ) ) ;
#3918 = CARTESIAN_POINT ( 'NONE',  ( -50.00000000000000000, -100.4999999999999858, 214.0000000000000000 ) ) ;
#3919 = DIRECTION ( 'NONE',  ( 0.000000000000000000, 0.000000000000000000, 1.000000000000000000 ) ) ;
#3920 = CARTESIAN_POINT ( 'NONE',  ( -69.49999999999998579, 0.000000000000000000, 246.1499999999999773 ) ) ;
#3921 = VERTEX_POINT ( 'NONE', #609 ) ;
#3922 = VERTEX_POINT ( 'NONE', #3608 ) ;
#3923 = ORIENTED_EDGE ( 'NONE', *, *, #3026, .T. ) ;
#3924 = CIRCLE ( 'NONE', #944, 9.000000000000007105 ) ;
#3925 = DIRECTION ( 'NONE',  ( 1.000000000000000000, 0.000000000000000000, 0.000000000000000000 ) ) ;
#3926 = LINE ( 'NONE', #2059, #849 ) ;
#3927 = ORIENTED_EDGE ( 'NONE', *, *, #1778, .T. ) ;
#3928 = VERTEX_POINT ( 'NONE', #921 ) ;
#3929 = ORIENTED_EDGE ( 'NONE', *, *, #3157, .T. ) ;
#3930 = FACE_OUTER_BOUND ( 'NONE', #1389, .T. ) ;
#3931 = CIRCLE ( 'NONE', #2092, 9.000000000000007105 ) ;
#3932 = VECTOR ( 'NONE', #2673, 1000.000000000000000 ) ;
#3933 = FACE_BOUND ( 'NONE', #644, .T. ) ;
#3934 = LINE ( 'NONE', #2890, #3316 ) ;
#3935 = EDGE_CURVE ( 'NONE', #2481, #1948, #2270, .T. ) ;
#3936 = APPROVAL_STATUS ( 'not_yet_approved' ) ;
#3937 = DIRECTION ( 'NONE',  ( 0.000000000000000000, 1.000000000000000000, 0.000000000000000000 ) ) ;
#3938 = VERTEX_POINT ( 'NONE', #3557 ) ;
#3939 = APPROVAL_PERSON_ORGANIZATION ( #1721, #2414, #1649 ) ;
#3940 = FACE_OUTER_BOUND ( 'NONE', #579, .T. ) ;
#3941 = CARTESIAN_POINT ( 'NONE',  ( 34.70000000000000284, 104.5000000000000000, 214.0000000000000000 ) ) ;
#3942 = DIRECTION ( 'NONE',  ( -0.7071067811865477948, -0.7071067811865473507, 0.000000000000000000 ) ) ;
#3943 = DIRECTION ( 'NONE',  ( 0.000000000000000000, 1.000000000000000000, 0.000000000000000000 ) ) ;
#3944 = ORIENTED_EDGE ( 'NONE', *, *, #2877, .F. ) ;
#3945 = EDGE_CURVE ( 'NONE', #880, #2997, #1895, .T. ) ;
#3946 = ORIENTED_EDGE ( 'NONE', *, *, #1727, .T. ) ;
#3947 = AXIS2_PLACEMENT_3D ( 'NONE', #1496, #798, #4213 ) ;
#3948 = ORIENTED_EDGE ( 'NONE', *, *, #890, .T. ) ;
#3949 = CARTESIAN_POINT ( 'NONE',  ( 33.00000000000000000, -100.4999999999999858, 212.2999999999999829 ) ) ;
#3950 = CARTESIAN_POINT ( 'NONE',  ( 70.00000000000000000, 104.5000000000000000, 5.000000000000000000 ) ) ;
#3951 = AXIS2_PLACEMENT_3D ( 'NONE', #2765, #1489, #2139 ) ;
#3952 = ADVANCED_FACE ( 'NONE', ( #3241 ), #3656, .F. ) ;
#3953 = EDGE_LOOP ( 'NONE', ( #3948, #3661, #2908, #2819 ) ) ;
#3954 = VECTOR ( 'NONE', #2215, 1000.000000000000000 ) ;
#3955 = VERTEX_POINT ( 'NONE', #4231 ) ;
#3956 = LINE ( 'NONE', #912, #3319 ) ;
#3957 = VECTOR ( 'NONE', #1785, 1000.000000000000000 ) ;
#3958 = VECTOR ( 'NONE', #4276, 1000.000000000000114 ) ;
#3959 = DIRECTION ( 'NONE',  ( -0.000000000000000000, -1.000000000000000000, -0.000000000000000000 ) ) ;
#3960 = FACE_OUTER_BOUND ( 'NONE', #1258, .T. ) ;
#3961 = DATE_AND_TIME ( #2868, #56 ) ;
#3962 = PLANE ( 'NONE',  #4082 ) ;
#3963 = EDGE_CURVE ( 'NONE', #3402, #4352, #1938, .T. ) ;
#3964 = PLANE ( 'NONE',  #1430 ) ;
#3965 = MANIFOLD_SOLID_BREP ( 'Post_3', #1703 ) ;
#3966 = CARTESIAN_POINT ( 'NONE',  ( -55.00000000000000711, 100.4999999999999858, 5.000000000000000000 ) ) ;
#3967 = CARTESIAN_POINT ( 'NONE',  ( 33.00000000000000000, -104.5000000000000000, 214.0000000000000000 ) ) ;
#3968 = DIRECTION ( 'NONE',  ( -0.000000000000000000, 0.000000000000000000, 1.000000000000000000 ) ) ;
#3969 = ORIENTED_EDGE ( 'NONE', *, *, #3040, .F. ) ;
#3970 = ORIENTED_EDGE ( 'NONE', *, *, #1086, .T. ) ;
#3971 = ADVANCED_FACE ( 'NONE', ( #3632 ), #3584, .F. ) ;
#3972 = CYLINDRICAL_SURFACE ( 'NONE', #1909, 9.000000000000007105 ) ;
#3973 = ORIENTED_EDGE ( 'NONE', *, *, #2172, .T. ) ;
#3974 = CARTESIAN_POINT ( 'NONE',  ( 70.00000000000000000, -100.4999999999999858, 214.0000000000000000 ) ) ;
#3975 = CIRCLE ( 'NONE', #2056, 2.749999999999995559 ) ;
#3976 = VERTEX_POINT ( 'NONE', #2532 ) ;
#3977 = EDGE_LOOP ( 'NONE', ( #3897, #1022, #1025, #3754 ) ) ;
#3978 = AXIS2_PLACEMENT_3D ( 'NONE', #3773, #2723, #1016 ) ;
#3979 = AXIS2_PLACEMENT_3D ( 'NONE', #3660, #1728, #4068 ) ;
#3980 = EDGE_CURVE ( 'NONE', #1084, #416, #545, .T. ) ;
#3981 = VERTEX_POINT ( 'NONE', #2630 ) ;
#3982 = ORIENTED_EDGE ( 'NONE', *, *, #1863, .T. ) ;
#3983 = CARTESIAN_POINT ( 'NONE',  ( -16.50000000000001421, -104.5000000000000000, 244.2788383248864648 ) ) ;
#3984 = VECTOR ( 'NONE', #2763, 1000.000000000000000 ) ;
#3985 = AXIS2_PLACEMENT_3D ( 'NONE', #2112, #167, #147 ) ;
#3986 = DIRECTION ( 'NONE',  ( 0.000000000000000000, 1.000000000000000000, 0.000000000000000000 ) ) ;
#3987 = CARTESIAN_POINT ( 'NONE',  ( 33.00000000000000000, -100.4999999999999858, 214.0000000000000000 ) ) ;
#3988 = DIRECTION ( 'NONE',  ( 1.000000000000000000, 0.000000000000000000, -0.000000000000000000 ) ) ;
#3989 = CARTESIAN_POINT ( 'NONE',  ( -60.00000000000000711, -90.50000000000000000, 5.000000000000000000 ) ) ;
#3990 = CARTESIAN_POINT ( 'NONE',  ( -23.00000000000000000, 2.816687638038912352E-15, 0.000000000000000000 ) ) ;
#3991 = DIRECTION ( 'NONE',  ( 0.000000000000000000, 0.000000000000000000, -1.000000000000000000 ) ) ;
#3992 = VERTEX_POINT ( 'NONE', #197 ) ;
#3993 = EDGE_CURVE ( 'NONE', #1758, #647, #748, .T. ) ;
#3994 = ORIENTED_EDGE ( 'NONE', *, *, #3040, .T. ) ;
#3995 = CARTESIAN_POINT ( 'NONE',  ( -16.50000000000001421, -100.4999999999999858, 242.5788383248864761 ) ) ;
#3996 = CARTESIAN_POINT ( 'NONE',  ( -50.00000000000000000, -80.50000000000000000, 5.000000000000000000 ) ) ;
#3997 = ADVANCED_FACE ( 'NONE', ( #940 ), #3260, .T. ) ;
#3998 = VERTEX_POINT ( 'NONE', #283 ) ;
#3999 = ORIENTED_EDGE ( 'NONE', *, *, #3510, .T. ) ;
#4000 = ORIENTED_EDGE ( 'NONE', *, *, #2395, .T. ) ;
#4001 = AXIS2_PLACEMENT_3D ( 'NONE', #3045, #4, #1749 ) ;
#4002 = VERTEX_POINT ( 'NONE', #4252 ) ;
#4003 = CARTESIAN_POINT ( 'NONE',  ( 34.70000000000000284, -100.9999999999999858, 214.0000000000000000 ) ) ;
#4004 = EDGE_CURVE ( 'NONE', #2576, #2675, #1609, .T. ) ;
#4005 = EDGE_CURVE ( 'NONE', #2858, #3618, #2967, .T. ) ;
#4006 = VECTOR ( 'NONE', #3672, 1000.000000000000000 ) ;
#4007 = LINE ( 'NONE', #2309, #3744 ) ;
#4008 = VECTOR ( 'NONE', #3677, 1000.000000000000000 ) ;
#4009 = CARTESIAN_POINT ( 'NONE',  ( 50.50000000000000000, -100.9999999999999858, 95.00000000000000000 ) ) ;
#4010 = CARTESIAN_POINT ( 'NONE',  ( -55.00000000000000711, -100.4999999999999858, 5.000000000000000000 ) ) ;
#4011 = CARTESIAN_POINT ( 'NONE',  ( -16.50000000000001421, 104.5000000000000000, 240.8788383248864591 ) ) ;
#4012 = DIRECTION ( 'NONE',  ( 0.000000000000000000, 1.000000000000000000, 0.000000000000000000 ) ) ;
#4013 = CARTESIAN_POINT ( 'NONE',  ( 60.00000000000000711, -100.9999999999999858, 218.0000000000000000 ) ) ;
#4014 = ORIENTED_EDGE ( 'NONE', *, *, #844, .F. ) ;
#4015 = ORIENTED_EDGE ( 'NONE', *, *, #1898, .F. ) ;
#4016 = LINE ( 'NONE', #2653, #1782 ) ;
#4017 = ORIENTED_EDGE ( 'NONE', *, *, #2225, .F. ) ;
#4018 = DIRECTION ( 'NONE',  ( -0.000000000000000000, -1.000000000000000000, -0.000000000000000000 ) ) ;
#4019 = VECTOR ( 'NONE', #2894, 1000.000000000000000 ) ;
#4020 = VERTEX_POINT ( 'NONE', #1210 ) ;
#4021 = ORIENTED_EDGE ( 'NONE', *, *, #2469, .F. ) ;
#4022 = VECTOR ( 'NONE', #3812, 1000.000000000000114 ) ;
#4023 = EDGE_CURVE ( 'NONE', #2327, #2393, #1276, .T. ) ;
#4024 = EDGE_CURVE ( 'NONE', #3938, #525, #2918, .T. ) ;
#4025 = VERTEX_POINT ( 'NONE', #3895 ) ;
#4026 = LINE ( 'NONE', #1646, #345 ) ;
#4027 = ORIENTED_EDGE ( 'NONE', *, *, #109, .F. ) ;
#4028 = VECTOR ( 'NONE', #3827, 1000.000000000000000 ) ;
#4029 = CARTESIAN_POINT ( 'NONE',  ( -16.49999999999999289, -100.4999999999999858, 183.7211616751135068 ) ) ;
#4030 = COORDINATED_UNIVERSAL_TIME_OFFSET ( 5, 30, .AHEAD. ) ;
#4031 = CARTESIAN_POINT ( 'NONE',  ( -70.00000000000000000, 85.49999999999998579, 5.000000000000000000 ) ) ;
#4032 = CARTESIAN_POINT ( 'NONE',  ( 16.50000000000000355, 104.5000000000000000, 244.2788383248864648 ) ) ;
#4033 = CARTESIAN_POINT ( 'NONE',  ( 70.00000000000000000, -91.00000000000000000, 214.0000000000000000 ) ) ;
#4034 = CARTESIAN_POINT ( 'NONE',  ( 1.102182119232617714E-15, -100.4999999999999858, 223.0000000000000000 ) ) ;
#4035 = LINE ( 'NONE', #1678, #4079 ) ;
#4036 = EDGE_LOOP ( 'NONE', ( #3737, #353, #322, #4000, #523, #1117 ) ) ;
#4037 = EDGE_LOOP ( 'NONE', ( #1711, #61 ) ) ;
#4038 = CYLINDRICAL_SURFACE ( 'NONE', #1279, 9.000000000000007105 ) ;
#4039 = FACE_OUTER_BOUND ( 'NONE', #2417, .T. ) ;
#4040 = DIRECTION ( 'NONE',  ( 0.000000000000000000, 0.000000000000000000, 1.000000000000000000 ) ) ;
#4041 = ORIENTED_EDGE ( 'NONE', *, *, #583, .F. ) ;
#4042 = MANIFOLD_SOLID_BREP ( 'Back_Plate', #2478 ) ;
#4043 = VERTEX_POINT ( 'NONE', #2581 ) ;
#4044 = EDGE_LOOP ( 'NONE', ( #1726, #2128 ) ) ;
#4045 = ORIENTED_EDGE ( 'NONE', *, *, #1249, .F. ) ;
#4046 = CARTESIAN_POINT ( 'NONE',  ( -11.50000000000001066, -19.91858428704208350, 5.000000000000000000 ) ) ;
#4047 = ORIENTED_EDGE ( 'NONE', *, *, #3363, .F. ) ;
#4048 = DIRECTION ( 'NONE',  ( 0.000000000000000000, -1.000000000000000000, 0.000000000000000000 ) ) ;
#4049 = VECTOR ( 'NONE', #928, 1000.000000000000000 ) ;
#4050 = VECTOR ( 'NONE', #2701, 1000.000000000000000 ) ;
#4051 = APPROVAL ( #3936, 'UNSPECIFIED' ) ;
#4052 = VERTEX_POINT ( 'NONE', #4316 ) ;
#4053 = MANIFOLD_SOLID_BREP ( 'Waist_Pilot_Recess', #1199 ) ;
#4054 = VECTOR ( 'NONE', #2627, 1000.000000000000000 ) ;
#4055 = LINE ( 'NONE', #1648, #4304 ) ;
#4056 = DIRECTION ( 'NONE',  ( 0.000000000000000000, 0.000000000000000000, 1.000000000000000000 ) ) ;
#4057 = EDGE_CURVE ( 'NONE', #3998, #3757, #2865, .T. ) ;
#4058 = EDGE_CURVE ( 'NONE', #525, #2419, #2578, .T. ) ;
#4059 = CIRCLE ( 'NONE', #1132, 1.700000000000007061 ) ;
#4060 = LINE ( 'NONE', #2693, #2986 ) ;
#4061 = CARTESIAN_POINT ( 'NONE',  ( 10.00000000000000000, 1.224646799147353256E-15, 214.0000000000000000 ) ) ;
#4062 = CARTESIAN_POINT ( 'NONE',  ( 60.50000000000000711, -100.4999999999999858, 214.0000000000000000 ) ) ;
#4063 = DIRECTION ( 'NONE',  ( 1.000000000000000000, 0.000000000000000000, -0.000000000000000000 ) ) ;
#4064 = ORIENTED_EDGE ( 'NONE', *, *, #4235, .T. ) ;
#4065 = EDGE_CURVE ( 'NONE', #316, #220, #1739, .T. ) ;
#4066 = EDGE_CURVE ( 'NONE', #688, #3955, #1055, .T. ) ;
#4067 = VERTEX_POINT ( 'NONE', #2742 ) ;
#4068 = DIRECTION ( 'NONE',  ( 0.7071067811865474617, 0.7071067811865474617, 0.000000000000000000 ) ) ;
#4069 = EDGE_LOOP ( 'NONE', ( #2564, #2235 ) ) ;
#4070 = DIRECTION ( 'NONE',  ( -1.000000000000000000, -0.000000000000000000, -0.000000000000000000 ) ) ;
#4071 = CARTESIAN_POINT ( 'NONE',  ( 0.000000000000000000, 0.000000000000000000, 95.00000000000000000 ) ) ;
#4072 = ORIENTED_EDGE ( 'NONE', *, *, #3219, .F. ) ;
#4073 = ORIENTED_EDGE ( 'NONE', *, *, #448, .T. ) ;
#4074 = VERTEX_POINT ( 'NONE', #1322 ) ;
#4075 = ORIENTED_EDGE ( 'NONE', *, *, #4086, .F. ) ;
#4076 = FACE_OUTER_BOUND ( 'NONE', #783, .T. ) ;
#4077 = EDGE_LOOP ( 'NONE', ( #759, #1413, #1679, #3670, #3333, #288, #953, #4297 ) ) ;
#4078 = CARTESIAN_POINT ( 'NONE',  ( -69.49999999999998579, 104.5000000000000000, 262.0000000000000000 ) ) ;
#4079 = VECTOR ( 'NONE', #1702, 1000.000000000000000 ) ;
#4080 = CARTESIAN_POINT ( 'NONE',  ( -16.50000000000001421, -100.4999999999999858, 240.8788383248864591 ) ) ;
#4081 = LINE ( 'NONE', #21, #1935 ) ;
#4082 = AXIS2_PLACEMENT_3D ( 'NONE', #2600, #1577, #4227 ) ;
#4083 = AXIS2_PLACEMENT_3D ( 'NONE', #1584, #2944, #1253 ) ;
#4084 = PRODUCT ( 'JX1_Torso', 'JX1_Torso', '', ( #1576 ) ) ;
#4085 = DIRECTION ( 'NONE',  ( -1.000000000000000000, 0.000000000000000000, 0.000000000000000000 ) ) ;
#4086 = EDGE_CURVE ( 'NONE', #3589, #1353, #3069, .T. ) ;
#4087 = LINE ( 'NONE', #3068, #1602 ) ;
#4088 = LINE ( 'NONE', #3, #531 ) ;
#4089 = CARTESIAN_POINT ( 'NONE',  ( -62.75000000000000000, -90.50000000000000000, 0.000000000000000000 ) ) ;
#4090 = VECTOR ( 'NONE', #2383, 1000.000000000000000 ) ;
#4091 = EDGE_LOOP ( 'NONE', ( #1687, #466, #2637, #246, #3189, #1218, #1407, #2885 ) ) ;
#4092 = PLANE ( 'NONE',  #790 ) ;
#4093 = CARTESIAN_POINT ( 'NONE',  ( 0.000000000000000000, 100.4999999999999858, 214.0000000000000000 ) ) ;
#4094 = DIRECTION ( 'NONE',  ( 0.000000000000000000, 0.000000000000000000, 1.000000000000000000 ) ) ;
#4095 = ORIENTED_EDGE ( 'NONE', *, *, #2963, .T. ) ;
#4096 = ORIENTED_EDGE ( 'NONE', *, *, #948, .T. ) ;
#4097 = VERTEX_POINT ( 'NONE', #2695 ) ;
#4098 = ORIENTED_EDGE ( 'NONE', *, *, #829, .T. ) ;
#4099 = CARTESIAN_POINT ( 'NONE',  ( 0.000000000000000000, 0.000000000000000000, 98.00000000000000000 ) ) ;
#4100 = ORIENTED_EDGE ( 'NONE', *, *, #4164, .F. ) ;
#4101 = DIRECTION ( 'NONE',  ( 0.000000000000000000, 0.000000000000000000, 1.000000000000000000 ) ) ;
#4102 = AXIS2_PLACEMENT_3D ( 'NONE', #3348, #3043, #3014 ) ;
#4103 = DIRECTION ( 'NONE',  ( 1.000000000000000000, -0.000000000000000000, 0.000000000000000000 ) ) ;
#4104 = AXIS2_PLACEMENT_3D ( 'NONE', #132, #3849, #788 ) ;
#4105 = DIRECTION ( 'NONE',  ( -0.000000000000000000, -0.000000000000000000, -1.000000000000000000 ) ) ;
#4106 = ORIENTED_EDGE ( 'NONE', *, *, #3403, .F. ) ;
#4107 = DIRECTION ( 'NONE',  ( 0.000000000000000000, 0.000000000000000000, 1.000000000000000000 ) ) ;
#4108 = DIRECTION ( 'NONE',  ( 0.000000000000000000, 0.000000000000000000, -1.000000000000000000 ) ) ;
#4109 = DIRECTION ( 'NONE',  ( -0.000000000000000000, -0.000000000000000000, -1.000000000000000000 ) ) ;
#4110 = VECTOR ( 'NONE', #1979, 1000.000000000000000 ) ;
#4111 = EDGE_CURVE ( 'NONE', #2325, #2729, #1035, .T. ) ;
#4112 = FACE_OUTER_BOUND ( 'NONE', #3611, .T. ) ;
#4113 = PLANE ( 'NONE',  #1626 ) ;
#4114 = CARTESIAN_POINT ( 'NONE',  ( -21.30000000000000071, 3.024877593893962183E-15, 5.000000000000000000 ) ) ;
#4115 = ORIENTED_EDGE ( 'NONE', *, *, #2007, .F. ) ;
#4116 = MANIFOLD_SOLID_BREP ( 'Post_0', #3061 ) ;
#4117 = EDGE_CURVE ( 'NONE', #2211, #1014, #351, .T. ) ;
#4118 = VERTEX_POINT ( 'NONE', #4339 ) ;
#4119 = VERTEX_POINT ( 'NONE', #4062 ) ;
#4120 = DIRECTION ( 'NONE',  ( 0.000000000000000000, 0.000000000000000000, -1.000000000000000000 ) ) ;
#4121 = ORIENTED_EDGE ( 'NONE', *, *, #112, .T. ) ;
#4122 = FACE_BOUND ( 'NONE', #3610, .T. ) ;
#4123 = CARTESIAN_POINT ( 'NONE',  ( 17.15000000000000213, 2.100269260537711104E-15, 0.000000000000000000 ) ) ;
#4124 = AXIS2_PLACEMENT_3D ( 'NONE', #2494, #778, #1165 ) ;
#4125 = DIRECTION ( 'NONE',  ( -1.000000000000000000, -0.000000000000000000, -0.000000000000000000 ) ) ;
#4126 = ORIENTED_EDGE ( 'NONE', *, *, #3238, .F. ) ;
#4127 = DIRECTION ( 'NONE',  ( 0.000000000000000000, 1.000000000000000000, 0.000000000000000000 ) ) ;
#4128 = FACE_OUTER_BOUND ( 'NONE', #488, .T. ) ;
#4129 = LINE ( 'NONE', #1079, #517 ) ;
#4130 = AXIS2_PLACEMENT_3D ( 'NONE', #1033, #4085, #2715 ) ;
#4131 = DIRECTION ( 'NONE',  ( -1.000000000000000000, 0.000000000000000000, 0.000000000000000000 ) ) ;
#4132 = DIRECTION ( 'NONE',  ( 0.000000000000000000, 0.000000000000000000, 1.000000000000000000 ) ) ;
#4133 = ADVANCED_FACE ( 'NONE', ( #630 ), #51, .F. ) ;
#4134 = DIRECTION ( 'NONE',  ( 0.000000000000000000, 0.000000000000000000, 1.000000000000000000 ) ) ;
#4135 = ORIENTED_EDGE ( 'NONE', *, *, #3764, .T. ) ;
#4136 = VERTEX_POINT ( 'NONE', #2649 ) ;
#4137 = DIRECTION ( 'NONE',  ( 0.000000000000000000, 0.000000000000000000, 1.000000000000000000 ) ) ;
#4138 = LINE ( 'NONE', #1405, #3843 ) ;
#4139 = VERTEX_POINT ( 'NONE', #986 ) ;
#4140 = EDGE_CURVE ( 'NONE', #3006, #2435, #2446, .T. ) ;
#4141 = DIRECTION ( 'NONE',  ( 0.000000000000000000, 0.000000000000000000, 1.000000000000000000 ) ) ;
#4142 = VERTEX_POINT ( 'NONE', #395 ) ;
#4143 = LINE ( 'NONE', #2445, #1530 ) ;
#4144 = EDGE_CURVE ( 'NONE', #3006, #4119, #3015, .T. ) ;
#4145 = LINE ( 'NONE', #3476, #856 ) ;
#4146 = ORIENTED_EDGE ( 'NONE', *, *, #1580, .F. ) ;
#4147 = DIRECTION ( 'NONE',  ( -1.000000000000000000, 0.000000000000000000, 0.000000000000000000 ) ) ;
#4148 = EDGE_CURVE ( 'NONE', #2211, #1298, #4365, .T. ) ;
#4149 = AXIS2_PLACEMENT_3D ( 'NONE', #2607, #3657, #3242 ) ;
#4150 = DIRECTION ( 'NONE',  ( -0.000000000000000000, -1.000000000000000000, -0.000000000000000000 ) ) ;
#4151 = DIRECTION ( 'NONE',  ( 0.000000000000000000, 0.000000000000000000, 1.000000000000000000 ) ) ;
#4152 = AXIS2_PLACEMENT_3D ( 'NONE', #1982, #57, #3051 ) ;
#4153 = DIRECTION ( 'NONE',  ( 0.000000000000000000, 1.000000000000000000, 0.000000000000000000 ) ) ;
#4154 = FACE_OUTER_BOUND ( 'NONE', #4036, .T. ) ;
#4155 = DIRECTION ( 'NONE',  ( 0.000000000000000000, -1.000000000000000000, 0.000000000000000000 ) ) ;
#4156 = ORIENTED_EDGE ( 'NONE', *, *, #4086, .T. ) ;
#4157 = CIRCLE ( 'NONE', #3445, 12.50000000000000000 ) ;
#4158 = ORIENTED_EDGE ( 'NONE', *, *, #342, .T. ) ;
#4159 = AXIS2_PLACEMENT_3D ( 'NONE', #2339, #1010, #963 ) ;
#4160 = CARTESIAN_POINT ( 'NONE',  ( 16.50000000000000355, -100.4999999999999858, 185.4211616751135239 ) ) ;
#4161 = DIRECTION ( 'NONE',  ( 0.000000000000000000, 0.000000000000000000, 1.000000000000000000 ) ) ;
#4162 = DIRECTION ( 'NONE',  ( 0.000000000000000000, -1.000000000000000000, 0.000000000000000000 ) ) ;
#4163 = ORIENTED_EDGE ( 'NONE', *, *, #492, .T. ) ;
#4164 = EDGE_CURVE ( 'NONE', #66, #3503, #326, .T. ) ;
#4165 = LINE ( 'NONE', #808, #1404 ) ;
#4166 = EDGE_CURVE ( 'NONE', #3494, #4266, #3747, .T. ) ;
#4167 = CARTESIAN_POINT ( 'NONE',  ( 16.50000000000000355, 104.5000000000000000, 183.7211616751135068 ) ) ;
#4168 = VERTEX_POINT ( 'NONE', #1677 ) ;
#4169 = VECTOR ( 'NONE', #4147, 1000.000000000000000 ) ;
#4170 = CARTESIAN_POINT ( 'NONE',  ( 50.50000000000000000, 100.4999999999999858, 95.00000000000000000 ) ) ;
#4171 = CYLINDRICAL_SURFACE ( 'NONE', #2228, 11.14999999999999325 ) ;
#4172 = DIRECTION ( 'NONE',  ( 0.000000000000000000, -1.000000000000000000, 0.000000000000000000 ) ) ;
#4173 = VECTOR ( 'NONE', #323, 1000.000000000000000 ) ;
#4174 = DIRECTION ( 'NONE',  ( 0.000000000000000000, 1.000000000000000000, 0.000000000000000000 ) ) ;
#4175 = PLANE ( 'NONE',  #4124 ) ;
#4176 = CIRCLE ( 'NONE', #203, 1.700000000000007061 ) ;
#4177 = DIRECTION ( 'NONE',  ( 0.7071067811865477948, -0.7071067811865473507, 0.000000000000000000 ) ) ;
#4178 = EDGE_LOOP ( 'NONE', ( #1704, #3317, #2086, #3969 ) ) ;
#4179 = ORIENTED_EDGE ( 'NONE', *, *, #4361, .T. ) ;
#4180 = ORIENTED_EDGE ( 'NONE', *, *, #1074, .F. ) ;
#4181 = DIRECTION ( 'NONE',  ( 0.000000000000000000, -0.000000000000000000, -1.000000000000000000 ) ) ;
#4182 = VERTEX_POINT ( 'NONE', #2991 ) ;
#4183 = CARTESIAN_POINT ( 'NONE',  ( 16.50000000000000355, 100.4999999999999858, 187.1211616751135409 ) ) ;
#4184 = EDGE_CURVE ( 'NONE', #452, #3750, #3701, .T. ) ;
#4185 = VECTOR ( 'NONE', #3515, 1000.000000000000000 ) ;
#4186 = LINE ( 'NONE', #92, #1356 ) ;
#4187 = AXIS2_PLACEMENT_3D ( 'NONE', #841, #1480, #3844 ) ;
#4188 = DIRECTION ( 'NONE',  ( -1.000000000000000000, 0.000000000000000000, 0.000000000000000000 ) ) ;
#4189 = EDGE_CURVE ( 'NONE', #2985, #3524, #2316, .T. ) ;
#4190 = LINE ( 'NONE', #2140, #755 ) ;
#4191 = CYLINDRICAL_SURFACE ( 'NONE', #1451, 1.700000000000007061 ) ;
#4192 = ADVANCED_FACE ( 'NONE', ( #2011 ), #329, .F. ) ;
#4193 = VECTOR ( 'NONE', #378, 1000.000000000000000 ) ;
#4194 = CIRCLE ( 'NONE', #3207, 1.700000000000007061 ) ;
#4195 = CARTESIAN_POINT ( 'NONE',  ( 57.25000000000000711, -90.50000000000000000, 0.000000000000000000 ) ) ;
#4196 = DIRECTION ( 'NONE',  ( -0.000000000000000000, -0.000000000000000000, -1.000000000000000000 ) ) ;
#4197 = CYLINDRICAL_SURFACE ( 'NONE', #1512, 11.14999999999999325 ) ;
#4198 = EDGE_CURVE ( 'NONE', #3544, #2659, #4088, .T. ) ;
#4199 = ORIENTED_EDGE ( 'NONE', *, *, #1719, .F. ) ;
#4200 = ORIENTED_EDGE ( 'NONE', *, *, #1255, .F. ) ;
#4201 = AXIS2_PLACEMENT_3D ( 'NONE', #4099, #317, #2732 ) ;
#4202 = CARTESIAN_POINT ( 'NONE',  ( 33.00000000000000000, 104.5000000000000000, 215.6999999999999886 ) ) ;
#4203 = CARTESIAN_POINT ( 'NONE',  ( 11.50000000000000178, 19.91858428704208706, 0.000000000000000000 ) ) ;
#4204 = ORIENTED_EDGE ( 'NONE', *, *, #150, .F. ) ;
#4205 = CARTESIAN_POINT ( 'NONE',  ( 70.00000000000000000, -100.4999999999999858, 5.000000000000000000 ) ) ;
#4206 = CARTESIAN_POINT ( 'NONE',  ( 60.00000000000000711, 90.50000000000000000, 5.000000000000000000 ) ) ;
#4207 = CARTESIAN_POINT ( 'NONE',  ( 16.50000000000000355, -104.5000000000000000, 244.2788383248864648 ) ) ;
#4208 = CARTESIAN_POINT ( 'NONE',  ( -70.00000000000000000, 80.50000000000000000, 214.0000000000000000 ) ) ;
#4209 = DIRECTION ( 'NONE',  ( -1.000000000000000000, 0.000000000000000000, 0.000000000000000000 ) ) ;
#4210 = EDGE_CURVE ( 'NONE', #3664, #2659, #2033, .T. ) ;
#4211 = CIRCLE ( 'NONE', #1301, 1.700000000000007061 ) ;
#4212 = FACE_BOUND ( 'NONE', #1066, .T. ) ;
#4213 = DIRECTION ( 'NONE',  ( 1.000000000000000000, 0.000000000000000000, 0.000000000000000000 ) ) ;
#4214 = DIRECTION ( 'NONE',  ( -0.000000000000000000, -0.000000000000000000, -1.000000000000000000 ) ) ;
#4215 = ORIENTED_EDGE ( 'NONE', *, *, #2827, .F. ) ;
#4216 = VECTOR ( 'NONE', #2869, 1000.000000000000000 ) ;
#4217 = EDGE_LOOP ( 'NONE', ( #1941, #2049, #2543, #3282 ) ) ;
#4218 = CYLINDRICAL_SURFACE ( 'NONE', #2621, 1.700000000000007061 ) ;
#4219 = DIRECTION ( 'NONE',  ( 0.000000000000000000, 0.000000000000000000, 1.000000000000000000 ) ) ;
#4220 = VECTOR ( 'NONE', #3327, 1000.000000000000000 ) ;
#4221 = ORIENTED_EDGE ( 'NONE', *, *, #3528, .T. ) ;
#4222 = VECTOR ( 'NONE', #1811, 1000.000000000000000 ) ;
#4223 = EDGE_CURVE ( 'NONE', #1129, #1466, #2372, .T. ) ;
#4224 = CARTESIAN_POINT ( 'NONE',  ( -9.000000000000000000, -100.4999999999999858, 214.0000000000000000 ) ) ;
#4225 = CARTESIAN_POINT ( 'NONE',  ( -55.00000000000000711, 100.4999999999999858, 5.000000000000000000 ) ) ;
#4226 = CARTESIAN_POINT ( 'NONE',  ( -74.00000000000000000, -104.5000000000000000, 262.0000000000000000 ) ) ;
#4227 = DIRECTION ( 'NONE',  ( 1.000000000000000000, 0.000000000000000000, 0.000000000000000000 ) ) ;
#4228 = AXIS2_PLACEMENT_3D ( 'NONE', #535, #1531, #3255 ) ;
#4229 = DIRECTION ( 'NONE',  ( 1.000000000000000000, 0.000000000000000000, 0.000000000000000000 ) ) ;
#4230 = DIRECTION ( 'NONE',  ( 1.000000000000000000, 0.000000000000000000, 0.000000000000000000 ) ) ;
#4231 = CARTESIAN_POINT ( 'NONE',  ( -70.00000000000000000, 85.49999999999998579, 0.000000000000000000 ) ) ;
#4232 = DIRECTION ( 'NONE',  ( 0.000000000000000000, 0.000000000000000000, 1.000000000000000000 ) ) ;
#4233 = VERTEX_POINT ( 'NONE', #752 ) ;
#4234 = EDGE_LOOP ( 'NONE', ( #4319, #3375 ) ) ;
#4235 = EDGE_CURVE ( 'NONE', #2419, #1666, #676, .T. ) ;
#4236 = ORIENTED_EDGE ( 'NONE', *, *, #4378, .T. ) ;
#4237 = DIRECTION ( 'NONE',  ( -0.000000000000000000, 0.000000000000000000, 1.000000000000000000 ) ) ;
#4238 = VECTOR ( 'NONE', #4048, 1000.000000000000000 ) ;
#4239 = DIRECTION ( 'NONE',  ( 0.000000000000000000, -0.000000000000000000, -1.000000000000000000 ) ) ;
#4240 = EDGE_LOOP ( 'NONE', ( #1578, #2536 ) ) ;
#4241 = EDGE_CURVE ( 'NONE', #2110, #4139, #2730, .T. ) ;
#4242 = ORIENTED_EDGE ( 'NONE', *, *, #897, .F. ) ;
#4243 = VERTEX_POINT ( 'NONE', #1770 ) ;
#4244 = DIRECTION ( 'NONE',  ( 0.000000000000000000, 0.000000000000000000, 1.000000000000000000 ) ) ;
#4245 = ADVANCED_FACE ( 'NONE', ( #419 ), #3790, .F. ) ;
#4246 = CARTESIAN_POINT ( 'NONE',  ( 0.000000000000000000, -100.4999999999999858, 205.0000000000000000 ) ) ;
#4247 = DIRECTION ( 'NONE',  ( 0.000000000000000000, 1.000000000000000000, 0.000000000000000000 ) ) ;
#4248 = PERSON_AND_ORGANIZATION ( #1184, #3653 ) ;
#4249 = LINE ( 'NONE', #1205, #2721 ) ;
#4250 = CARTESIAN_POINT ( 'NONE',  ( -50.00000000000000000, 100.4999999999999858, 214.0000000000000000 ) ) ;
#4251 = DIRECTION ( 'NONE',  ( 0.000000000000000000, 1.000000000000000000, 0.000000000000000000 ) ) ;
#4252 = CARTESIAN_POINT ( 'NONE',  ( 33.00000000000000000, 104.5000000000000000, 212.2999999999999829 ) ) ;
#4253 = DIRECTION ( 'NONE',  ( 1.000000000000000000, 0.000000000000000000, 0.000000000000000000 ) ) ;
#4254 = ORIENTED_EDGE ( 'NONE', *, *, #844, .T. ) ;
#4255 = CIRCLE ( 'NONE', #3340, 9.000000000000007105 ) ;
#4256 = AXIS2_PLACEMENT_3D ( 'NONE', #140, #1437, #1418 ) ;
#4257 = ORIENTED_EDGE ( 'NONE', *, *, #1906, .F. ) ;
#4258 = CYLINDRICAL_SURFACE ( 'NONE', #2195, 1.700000000000007061 ) ;
#4259 = VECTOR ( 'NONE', #1744, 1000.000000000000000 ) ;
#4260 = DIRECTION ( 'NONE',  ( 0.000000000000000000, 0.000000000000000000, 1.000000000000000000 ) ) ;
#4261 = VERTEX_POINT ( 'NONE', #73 ) ;
#4262 = ORIENTED_EDGE ( 'NONE', *, *, #128, .T. ) ;
#4263 = AXIS2_PLACEMENT_3D ( 'NONE', #728, #437, #3159 ) ;
#4264 = VERTEX_POINT ( 'NONE', #2470 ) ;
#4265 = EDGE_CURVE ( 'NONE', #3806, #3048, #2505, .T. ) ;
#4266 = VERTEX_POINT ( 'NONE', #1415 ) ;
#4267 = DIRECTION ( 'NONE',  ( -0.000000000000000000, -0.000000000000000000, -1.000000000000000000 ) ) ;
#4268 = EDGE_CURVE ( 'NONE', #2021, #3777, #1742, .T. ) ;
#4269 = DIRECTION ( 'NONE',  ( 1.000000000000000000, -0.000000000000000000, -0.000000000000000000 ) ) ;
#4270 = CARTESIAN_POINT ( 'NONE',  ( -34.70000000000000284, 100.4999999999999858, 214.0000000000000000 ) ) ;
#4271 = LINE ( 'NONE', #916, #3012 ) ;
#4272 = EDGE_CURVE ( 'NONE', #2659, #2272, #2766, .T. ) ;
#4273 = DIRECTION ( 'NONE',  ( -1.000000000000000000, 0.000000000000000000, 0.000000000000000000 ) ) ;
#4274 = CYLINDRICAL_SURFACE ( 'NONE', #4298, 2.749999999999995559 ) ;
#4275 = CARTESIAN_POINT ( 'NONE',  ( 50.00000000000000000, -80.50000000000000000, 214.0000000000000000 ) ) ;
#4276 = DIRECTION ( 'NONE',  ( 0.7071067811865474617, -0.7071067811865474617, 0.000000000000000000 ) ) ;
#4277 = EDGE_LOOP ( 'NONE', ( #2479, #2134, #972, #125, #877, #161, #695, #1099, #380, #3052, #4242, #2514, #1641, #2978, #298, #2560, #504, #1714, #3488, #393, #2927, #715, #3031, #3160, #2652, #2756, #35, #2497, #1859, #88, #2976, #1927 ) ) ;
#4278 = VERTEX_POINT ( 'NONE', #1457 ) ;
#4279 = ORIENTED_EDGE ( 'NONE', *, *, #4288, .T. ) ;
#4280 = AXIS2_PLACEMENT_3D ( 'NONE', #3896, #3261, #3991 ) ;
#4281 = CARTESIAN_POINT ( 'NONE',  ( 55.00000000000000711, 100.4999999999999858, 5.000000000000000000 ) ) ;
#4282 = PLANE ( 'NONE',  #789 ) ;
#4283 = VECTOR ( 'NONE', #2265, 1000.000000000000000 ) ;
#4284 = VERTEX_POINT ( 'NONE', #1491 ) ;
#4285 = AXIS2_PLACEMENT_3D ( 'NONE', #799, #818, #4177 ) ;
#4286 = ORIENTED_EDGE ( 'NONE', *, *, #1806, .T. ) ;
#4287 = LINE ( 'NONE', #4224, #142 ) ;
#4288 = EDGE_CURVE ( 'NONE', #3635, #2277, #1520, .T. ) ;
#4289 = DIRECTION ( 'NONE',  ( 0.000000000000000000, -0.000000000000000000, 1.000000000000000000 ) ) ;
#4290 = DIRECTION ( 'NONE',  ( -0.000000000000000000, -0.000000000000000000, -1.000000000000000000 ) ) ;
#4291 = CARTESIAN_POINT ( 'NONE',  ( -33.00000000000000000, -100.4999999999999858, 212.2999999999999829 ) ) ;
#4292 = DIRECTION ( 'NONE',  ( 0.000000000000000000, 0.000000000000000000, -1.000000000000000000 ) ) ;
#4293 = LINE ( 'NONE', #565, #2167 ) ;
#4294 = DIRECTION ( 'NONE',  ( -0.000000000000000000, -0.000000000000000000, -1.000000000000000000 ) ) ;
#4295 = DIRECTION ( 'NONE',  ( -0.000000000000000000, -1.000000000000000000, -0.000000000000000000 ) ) ;
#4296 = VERTEX_POINT ( 'NONE', #1833 ) ;
#4297 = ORIENTED_EDGE ( 'NONE', *, *, #4378, .F. ) ;
#4298 = AXIS2_PLACEMENT_3D ( 'NONE', #3989, #2268, #2943 ) ;
#4299 = EDGE_LOOP ( 'NONE', ( #406, #3292 ) ) ;
#4300 = CARTESIAN_POINT ( 'NONE',  ( -70.00000000000000000, 100.4999999999999858, 5.000000000000000000 ) ) ;
#4301 = DIRECTION ( 'NONE',  ( -0.000000000000000000, -0.000000000000000000, -1.000000000000000000 ) ) ;
#4302 = AXIS2_PLACEMENT_3D ( 'NONE', #3655, #1392, #1054 ) ;
#4303 = ORIENTED_EDGE ( 'NONE', *, *, #1995, .F. ) ;
#4304 = VECTOR ( 'NONE', #19, 1000.000000000000000 ) ;
#4305 = EDGE_LOOP ( 'NONE', ( #805, #1308, #2758, #1659 ) ) ;
#4306 = ORIENTED_EDGE ( 'NONE', *, *, #1340, .T. ) ;
#4307 = DIRECTION ( 'NONE',  ( 0.000000000000000000, 1.000000000000000000, 0.000000000000000000 ) ) ;
#4308 = CIRCLE ( 'NONE', #2601, 2.750000000000002665 ) ;
#4309 = ADVANCED_FACE ( 'NONE', ( #4128 ), #4171, .F. ) ;
#4310 = DIRECTION ( 'NONE',  ( -0.000000000000000000, 0.000000000000000000, 1.000000000000000000 ) ) ;
#4311 = DIRECTION ( 'NONE',  ( 0.000000000000000000, 1.000000000000000000, 0.000000000000000000 ) ) ;
#4312 = ORIENTED_EDGE ( 'NONE', *, *, #2193, .T. ) ;
#4313 = DIRECTION ( 'NONE',  ( 0.000000000000000000, 0.000000000000000000, 1.000000000000000000 ) ) ;
#4314 = ADVANCED_FACE ( 'NONE', ( #3198 ), #2788, .F. ) ;
#4315 = CARTESIAN_POINT ( 'NONE',  ( 0.000000000000000000, 0.000000000000000000, 5.000000000000000000 ) ) ;
#4316 = CARTESIAN_POINT ( 'NONE',  ( 16.50000000000000355, 104.5000000000000000, 187.1211616751135409 ) ) ;
#4317 = CARTESIAN_POINT ( 'NONE',  ( 70.00000000000000000, -100.4999999999999858, 214.0000000000000000 ) ) ;
#4318 = VERTEX_POINT ( 'NONE', #2489 ) ;
#4319 = ORIENTED_EDGE ( 'NONE', *, *, #1172, .F. ) ;
#4320 = FACE_BOUND ( 'NONE', #2739, .T. ) ;
#4321 = EDGE_CURVE ( 'NONE', #123, #1925, #126, .T. ) ;
#4322 = DIRECTION ( 'NONE',  ( 1.000000000000000000, 0.000000000000000000, 0.000000000000000000 ) ) ;
#4323 = EDGE_CURVE ( 'NONE', #114, #750, #1121, .T. ) ;
#4324 = AXIS2_PLACEMENT_3D ( 'NONE', #3030, #2757, #1335 ) ;
#4325 = ORIENTED_EDGE ( 'NONE', *, *, #1802, .T. ) ;
#4326 = ORIENTED_EDGE ( 'NONE', *, *, #780, .F. ) ;
#4327 = ORIENTED_EDGE ( 'NONE', *, *, #2444, .T. ) ;
#4328 = ORIENTED_EDGE ( 'NONE', *, *, #1983, .T. ) ;
#4329 = ORIENTED_EDGE ( 'NONE', *, *, #43, .F. ) ;
#4330 = EDGE_CURVE ( 'NONE', #4182, #2047, #2122, .T. ) ;
#4331 = ORIENTED_EDGE ( 'NONE', *, *, #2147, .T. ) ;
#4332 = CARTESIAN_POINT ( 'NONE',  ( -16.49999999999999289, 104.5000000000000000, 185.4211616751135239 ) ) ;
#4333 = VECTOR ( 'NONE', #2337, 1000.000000000000000 ) ;
#4334 = AXIS2_PLACEMENT_3D ( 'NONE', #211, #1488, #2506 ) ;
#4335 = LINE ( 'NONE', #1292, #1889 ) ;
#4336 = CARTESIAN_POINT ( 'NONE',  ( 70.00000000000000000, -91.00000000000000000, 218.0000000000000000 ) ) ;
#4337 = CARTESIAN_POINT ( 'NONE',  ( -70.00000000000000000, -100.4999999999999858, 214.0000000000000000 ) ) ;
#4338 = CARTESIAN_POINT ( 'NONE',  ( 70.00000000000000000, 80.50000000000000000, 5.000000000000000000 ) ) ;
#4339 = CARTESIAN_POINT ( 'NONE',  ( -9.000000000000000000, 100.4999999999999858, 214.0000000000000000 ) ) ;
#4340 = CARTESIAN_POINT ( 'NONE',  ( 33.00000000000000000, -104.5000000000000000, 214.0000000000000000 ) ) ;
#4341 = ORIENTED_EDGE ( 'NONE', *, *, #4241, .T. ) ;
#4342 = EDGE_CURVE ( 'NONE', #1014, #4025, #4190, .T. ) ;
#4343 = ADVANCED_FACE ( 'NONE', ( #458 ), #3181, .F. ) ;
#4344 = ORIENTED_EDGE ( 'NONE', *, *, #2761, .T. ) ;
#4345 = CARTESIAN_POINT ( 'NONE',  ( -70.00000000000000000, -100.4999999999999858, 214.0000000000000000 ) ) ;
#4346 = ORIENTED_EDGE ( 'NONE', *, *, #3613, .T. ) ;
#4347 = FACE_OUTER_BOUND ( 'NONE', #311, .T. ) ;
#4348 = ORIENTED_EDGE ( 'NONE', *, *, #1637, .F. ) ;
#4349 = ADVANCED_FACE ( 'NONE', ( #2160 ), #3518, .F. ) ;
#4350 = ORIENTED_EDGE ( 'NONE', *, *, #309, .T. ) ;
#4351 = VERTEX_POINT ( 'NONE', #213 ) ;
#4352 = VERTEX_POINT ( 'NONE', #3553 ) ;
#4353 = CIRCLE ( 'NONE', #2436, 9.000000000000007105 ) ;
#4354 = EDGE_LOOP ( 'NONE', ( #1904, #1710, #4014, #1734 ) ) ;
#4355 = DIRECTION ( 'NONE',  ( 0.000000000000000000, 0.000000000000000000, 1.000000000000000000 ) ) ;
#4356 = AXIS2_PLACEMENT_3D ( 'NONE', #2415, #4040, #3358 ) ;
#4357 = ORIENTED_EDGE ( 'NONE', *, *, #44, .T. ) ;
#4358 = CARTESIAN_POINT ( 'NONE',  ( -70.00000000000000000, 104.5000000000000000, 5.000000000000000000 ) ) ;
#4359 = CIRCLE ( 'NONE', #815, 1.700000000000007061 ) ;
#4360 = CARTESIAN_POINT ( 'NONE',  ( -31.30000000000000071, 100.4999999999999858, 214.0000000000000000 ) ) ;
#4361 = EDGE_CURVE ( 'NONE', #4351, #3001, #1877, .T. ) ;
#4362 = VECTOR ( 'NONE', #3217, 1000.000000000000000 ) ;
#4363 = DIRECTION ( 'NONE',  ( -0.000000000000000000, -0.000000000000000000, -1.000000000000000000 ) ) ;
#4364 = CYLINDRICAL_SURFACE ( 'NONE', #612, 1.700000000000007061 ) ;
#4365 = LINE ( 'NONE', #732, #3932 ) ;
#4366 = CARTESIAN_POINT ( 'NONE',  ( -70.00000000000000000, -85.49999999999998579, 5.000000000000000000 ) ) ;
#4367 = EDGE_LOOP ( 'NONE', ( #4156, #438, #487, #557 ) ) ;
#4368 = ORIENTED_EDGE ( 'NONE', *, *, #3404, .T. ) ;
#4369 = DIRECTION ( 'NONE',  ( 0.000000000000000000, -0.000000000000000000, 1.000000000000000000 ) ) ;
#4370 = PLANE ( 'NONE',  #90 ) ;
#4371 = DIRECTION ( 'NONE',  ( -0.000000000000000000, -1.000000000000000000, -0.000000000000000000 ) ) ;
#4372 = VECTOR ( 'NONE', #4196, 1000.000000000000000 ) ;
#4373 = ORIENTED_EDGE ( 'NONE', *, *, #4323, .T. ) ;
#4374 = ORIENTED_EDGE ( 'NONE', *, *, #1307, .F. ) ;
#4375 = AXIS2_PLACEMENT_3D ( 'NONE', #2598, #3627, #1890 ) ;
#4376 = DIRECTION ( 'NONE',  ( -0.000000000000000000, -1.000000000000000000, -0.000000000000000000 ) ) ;
#4377 = ORIENTED_EDGE ( 'NONE', *, *, #4268, .T. ) ;
#4378 = EDGE_CURVE ( 'NONE', #3562, #1171, #3628, .T. ) ;
#4379 = LINE ( 'NONE', #1337, #835 ) ;
#4380 = VECTOR ( 'NONE', #1315, 1000.000000000000000 ) ;
#4381 = ORIENTED_EDGE ( 'NONE', *, *, #906, .F. ) ;
#4382 = AXIS2_PLACEMENT_3D ( 'NONE', #1855, #1069, #2401 ) ;
#4383 = PLANE ( 'NONE',  #1257 ) ;
#4384 = EDGE_CURVE ( 'NONE', #2282, #690, #2200, .T. ) ;
#4385 = DIRECTION ( 'NONE',  ( 0.000000000000000000, 0.000000000000000000, -1.000000000000000000 ) ) ;
ENDSEC;
END-ISO-10303-21;
