ISO-10303-21;
HEADER;
FILE_DESCRIPTION (( 'STEP AP203' ),
    '1' );
FILE_NAME ('JX1_Shin_R.STEP',
    '2026-09-24T05:38:18',
    ( '' ),
    ( '' ),
    'SwSTEP 2.0',
    'SolidWorks 2026',
    '' );
FILE_SCHEMA (( 'CONFIG_CONTROL_DESIGN' ));
ENDSEC;

DATA;
#1 = AXIS2_PLACEMENT_3D ( 'NONE', #1867, #917, #1109 ) ;
#2 = DIRECTION ( 'NONE',  ( -0.000000000000000000, -1.000000000000000000, -0.000000000000000000 ) ) ;
#3 = ORIENTED_EDGE ( 'NONE', *, *, #475, .F. ) ;
#4 = CARTESIAN_POINT ( 'NONE',  ( 36.00000000000000000, 5.000000000000000888, -110.0000000000000000 ) ) ;
#5 = CYLINDRICAL_SURFACE ( 'NONE', #1832, 11.00000000000001066 ) ;
#6 = EDGE_CURVE ( 'NONE', #280, #667, #1404, .T. ) ;
#7 = CARTESIAN_POINT ( 'NONE',  ( 0.000000000000000000, 20.00000000000000355, -25.15000000000000213 ) ) ;
#8 = ORIENTED_EDGE ( 'NONE', *, *, #870, .T. ) ;
#9 = DIRECTION ( 'NONE',  ( 0.000000000000000000, 0.000000000000000000, 1.000000000000000000 ) ) ;
#10 = ORIENTED_EDGE ( 'NONE', *, *, #2418, .F. ) ;
#11 = CARTESIAN_POINT ( 'NONE',  ( 36.00000000000000000, 34.00000000000000000, -110.0000000000000000 ) ) ;
#12 = EDGE_LOOP ( 'NONE', ( #2619, #2853 ) ) ;
#13 = DIRECTION ( 'NONE',  ( -0.000000000000000000, -1.000000000000000000, -0.000000000000000000 ) ) ;
#14 = CARTESIAN_POINT ( 'NONE',  ( 16.00000000000000000, -18.00000000000000000, -308.0000000000000000 ) ) ;
#15 = ORIENTED_EDGE ( 'NONE', *, *, #653, .F. ) ;
#16 = DIRECTION ( 'NONE',  ( 0.000000000000000000, 1.000000000000000000, 0.000000000000000000 ) ) ;
#17 = EDGE_CURVE ( 'NONE', #1509, #107, #3044, .T. ) ;
#18 = DIRECTION ( 'NONE',  ( -0.000000000000000000, -1.000000000000000000, -0.000000000000000000 ) ) ;
#19 = DIRECTION ( 'NONE',  ( 0.8411784753765537692, -0.000000000000000000, 0.5407575913134984313 ) ) ;
#20 = ORIENTED_EDGE ( 'NONE', *, *, #897, .F. ) ;
#21 = LOCAL_TIME ( 11, 8, 18.00000000000000000, #1249 ) ;
#22 = CARTESIAN_POINT ( 'NONE',  ( -36.00000000000000000, 34.00000000000000000, -110.0000000000000000 ) ) ;
#23 = ORIENTED_EDGE ( 'NONE', *, *, #3126, .F. ) ;
#24 = EDGE_LOOP ( 'NONE', ( #2579, #1123, #1440, #2443 ) ) ;
#25 = ADVANCED_FACE ( 'NONE', ( #623 ), #1627, .F. ) ;
#26 = EDGE_CURVE ( 'NONE', #1336, #3146, #2770, .T. ) ;
#27 = DIRECTION ( 'NONE',  ( 0.000000000000000000, 1.000000000000000000, 0.000000000000000000 ) ) ;
#28 = LINE ( 'NONE', #64, #1986 ) ;
#29 = EDGE_CURVE ( 'NONE', #1383, #1831, #1368, .T. ) ;
#30 = CYLINDRICAL_SURFACE ( 'NONE', #2353, 2.749999999999999112 ) ;
#31 = DIRECTION ( 'NONE',  ( 0.000000000000000000, 1.000000000000000000, 0.000000000000000000 ) ) ;
#32 = CIRCLE ( 'NONE', #2591, 11.00000000000001066 ) ;
#33 = LINE ( 'NONE', #1704, #246 ) ;
#34 = CARTESIAN_POINT ( 'NONE',  ( 37.00000000000000000, -5.000000000000000000, -206.0000000000000000 ) ) ;
#35 = AXIS2_PLACEMENT_3D ( 'NONE', #852, #834, #2782 ) ;
#36 = CARTESIAN_POINT ( 'NONE',  ( 29.56414504036117563, 34.00000000000000000, -12.24586983568287302 ) ) ;
#37 = EDGE_LOOP ( 'NONE', ( #1456, #380, #1191, #1904 ) ) ;
#38 = AXIS2_PLACEMENT_3D ( 'NONE', #1974, #2011, #1499 ) ;
#39 = VERTEX_POINT ( 'NONE', #876 ) ;
#40 = PLANE ( 'NONE',  #145 ) ;
#41 = ORIENTED_EDGE ( 'NONE', *, *, #1592, .T. ) ;
#42 = AXIS2_PLACEMENT_3D ( 'NONE', #1259, #1072, #2983 ) ;
#43 = DIRECTION ( 'NONE',  ( 0.000000000000000000, 0.000000000000000000, 1.000000000000000000 ) ) ;
#44 = CIRCLE ( 'NONE', #2698, 2.749999999999999112 ) ;
#45 = CARTESIAN_POINT ( 'NONE',  ( 30.00000000000000000, -27.00000000000000000, -270.0000000000000000 ) ) ;
#46 = VECTOR ( 'NONE', #1557, 1000.000000000000000 ) ;
#47 = ORIENTED_EDGE ( 'NONE', *, *, #897, .T. ) ;
#48 = CARTESIAN_POINT ( 'NONE',  ( -29.56414504036117918, 34.00000000000000000, 12.24586983568286946 ) ) ;
#49 = CIRCLE ( 'NONE', #2598, 2.749999999999999112 ) ;
#50 = CARTESIAN_POINT ( 'NONE',  ( -44.00000000000000000, 34.00000000000000000, 0.000000000000000000 ) ) ;
#51 = CARTESIAN_POINT ( 'NONE',  ( -12.24586983568286414, 20.00000000000000355, 32.31414504036118274 ) ) ;
#52 = ORIENTED_EDGE ( 'NONE', *, *, #1337, .T. ) ;
#53 = CARTESIAN_POINT ( 'NONE',  ( -29.56414504036117563, 34.00000000000000000, -12.24586983568287657 ) ) ;
#54 = DIRECTION ( 'NONE',  ( -0.000000000000000000, -1.000000000000000000, -0.000000000000000000 ) ) ;
#55 = ADVANCED_FACE ( 'NONE', ( #2823 ), #2605, .F. ) ;
#56 = ORIENTED_EDGE ( 'NONE', *, *, #2047, .T. ) ;
#57 = LINE ( 'NONE', #800, #1636 ) ;
#58 = ORIENTED_EDGE ( 'NONE', *, *, #1534, .F. ) ;
#59 = DIRECTION ( 'NONE',  ( 0.000000000000000000, 0.000000000000000000, 1.000000000000000000 ) ) ;
#60 = ADVANCED_BREP_SHAPE_REPRESENTATION ( 'JX1_Shin_R', ( #564, #1241 ), #1112 ) ;
#61 = APPROVAL_STATUS ( 'not_yet_approved' ) ;
#62 = ORIENTED_EDGE ( 'NONE', *, *, #437, .T. ) ;
#63 = LINE ( 'NONE', #1047, #2854 ) ;
#64 = CARTESIAN_POINT ( 'NONE',  ( -36.00000000000000000, 34.00000000000000000, -110.0000000000000000 ) ) ;
#65 = ORIENTED_EDGE ( 'NONE', *, *, #674, .F. ) ;
#66 = DIRECTION ( 'NONE',  ( -0.000000000000000000, -1.000000000000000000, -0.000000000000000000 ) ) ;
#67 = CARTESIAN_POINT ( 'NONE',  ( 29.56414504036117918, 34.00000000000000000, 9.495869835682864135 ) ) ;
#68 = CARTESIAN_POINT ( 'NONE',  ( 9.797174393178815797E-16, -5.000000000000000000, -153.9999999999999716 ) ) ;
#69 = EDGE_CURVE ( 'NONE', #1685, #672, #1130, .T. ) ;
#70 = EDGE_CURVE ( 'NONE', #470, #1246, #417, .T. ) ;
#71 = CARTESIAN_POINT ( 'NONE',  ( -48.00000000000000000, 5.000000000000000000, -236.0000000000000000 ) ) ;
#72 = DIRECTION ( 'NONE',  ( 0.000000000000000000, 0.000000000000000000, 1.000000000000000000 ) ) ;
#73 = ORIENTED_EDGE ( 'NONE', *, *, #2670, .F. ) ;
#74 = ADVANCED_FACE ( 'NONE', ( #2051 ), #3014, .F. ) ;
#75 = EDGE_LOOP ( 'NONE', ( #556, #636, #1878, #472 ) ) ;
#76 = CARTESIAN_POINT ( 'NONE',  ( 0.000000000000000000, -18.00000000000000000, -300.0000000000000000 ) ) ;
#77 = ORIENTED_EDGE ( 'NONE', *, *, #2105, .F. ) ;
#78 = PLANE ( 'NONE',  #2357 ) ;
#79 = DIRECTION ( 'NONE',  ( -0.5368754921931593316, 0.000000000000000000, -0.8436614877321074735 ) ) ;
#80 = ORIENTED_EDGE ( 'NONE', *, *, #544, .T. ) ;
#81 = LINE ( 'NONE', #2791, #1065 ) ;
#82 = DIRECTION ( 'NONE',  ( 0.000000000000000000, 1.000000000000000000, 0.000000000000000000 ) ) ;
#83 = CARTESIAN_POINT ( 'NONE',  ( 34.00000000000000000, 34.00000000000000000, 40.00000000000000000 ) ) ;
#84 = CARTESIAN_POINT ( 'NONE',  ( 18.50000000000000355, -5.000000000000000000, -151.7429399400242289 ) ) ;
#85 = ADVANCED_FACE ( 'NONE', ( #113 ), #1645, .F. ) ;
#86 = ORIENTED_EDGE ( 'NONE', *, *, #674, .T. ) ;
#87 = VERTEX_POINT ( 'NONE', #3134 ) ;
#88 = AXIS2_PLACEMENT_3D ( 'NONE', #2404, #1428, #430 ) ;
#89 = CARTESIAN_POINT ( 'NONE',  ( 29.56414504036117918, 20.00000000000000355, 14.99586983568286946 ) ) ;
#90 = EDGE_CURVE ( 'NONE', #1011, #3068, #1875, .T. ) ;
#91 = CIRCLE ( 'NONE', #1560, 1.700000000000007061 ) ;
#92 = ORIENTED_EDGE ( 'NONE', *, *, #1281, .T. ) ;
#93 = DIRECTION ( 'NONE',  ( 0.000000000000000000, 1.000000000000000000, 0.000000000000000000 ) ) ;
#94 = AXIS2_PLACEMENT_3D ( 'NONE', #692, #3115, #3143 ) ;
#95 = EDGE_CURVE ( 'NONE', #2897, #2692, #2484, .T. ) ;
#96 = AXIS2_PLACEMENT_3D ( 'NONE', #2501, #580, #1805 ) ;
#97 = AXIS2_PLACEMENT_3D ( 'NONE', #2436, #1740, #2482 ) ;
#98 = EDGE_LOOP ( 'NONE', ( #205, #873, #440, #2380, #1106, #1836, #2158, #789 ) ) ;
#99 = DIRECTION ( 'NONE',  ( 0.000000000000000000, 1.000000000000000000, 0.000000000000000000 ) ) ;
#100 = VECTOR ( 'NONE', #1793, 1000.000000000000000 ) ;
#101 = CARTESIAN_POINT ( 'NONE',  ( -30.00000000000000000, -5.000000000000000888, -260.0000000000000000 ) ) ;
#102 = CYLINDRICAL_SURFACE ( 'NONE', #1166, 1.700000000000007061 ) ;
#103 = AXIS2_PLACEMENT_3D ( 'NONE', #579, #2259, #1578 ) ;
#104 = ORIENTED_EDGE ( 'NONE', *, *, #1587, .F. ) ;
#105 = CARTESIAN_POINT ( 'NONE',  ( -16.00000000000000000, 18.00000000000000355, -270.0000000000000000 ) ) ;
#106 = VECTOR ( 'NONE', #1170, 1000.000000000000000 ) ;
#107 = VERTEX_POINT ( 'NONE', #2417 ) ;
#108 = ORIENTED_EDGE ( 'NONE', *, *, #2278, .F. ) ;
#109 = DIRECTION ( 'NONE',  ( 0.000000000000000000, 0.000000000000000000, 1.000000000000000000 ) ) ;
#110 = EDGE_CURVE ( 'NONE', #3027, #840, #2230, .T. ) ;
#111 = ORIENTED_EDGE ( 'NONE', *, *, #159, .T. ) ;
#112 = DIRECTION ( 'NONE',  ( 0.000000000000000000, 0.000000000000000000, 1.000000000000000000 ) ) ;
#113 = FACE_OUTER_BOUND ( 'NONE', #1436, .T. ) ;
#114 = LINE ( 'NONE', #1750, #906 ) ;
#115 = ORIENTED_EDGE ( 'NONE', *, *, #1317, .F. ) ;
#116 = DIRECTION ( 'NONE',  ( 0.000000000000000000, 0.000000000000000000, -1.000000000000000000 ) ) ;
#117 = DIRECTION ( 'NONE',  ( -0.000000000000000000, -1.000000000000000000, -0.000000000000000000 ) ) ;
#118 = LINE ( 'NONE', #83, #2798 ) ;
#119 = ORIENTED_EDGE ( 'NONE', *, *, #2498, .T. ) ;
#120 = FACE_OUTER_BOUND ( 'NONE', #1183, .T. ) ;
#121 = VERTEX_POINT ( 'NONE', #210 ) ;
#122 = ORIENTED_EDGE ( 'NONE', *, *, #2126, .T. ) ;
#123 = FACE_OUTER_BOUND ( 'NONE', #1427, .T. ) ;
#124 = DIRECTION ( 'NONE',  ( -0.2425356250363328858, 0.000000000000000000, 0.9701425001453318764 ) ) ;
#125 = ORIENTED_EDGE ( 'NONE', *, *, #1503, .F. ) ;
#126 = DIRECTION ( 'NONE',  ( 0.000000000000000000, -0.000000000000000000, 1.000000000000000000 ) ) ;
#127 = DIRECTION ( 'NONE',  ( -0.000000000000000000, -1.000000000000000000, -0.000000000000000000 ) ) ;
#128 = ADVANCED_FACE ( 'NONE', ( #3086 ), #1441, .F. ) ;
#129 = VERTEX_POINT ( 'NONE', #1411 ) ;
#130 = CARTESIAN_POINT ( 'NONE',  ( 48.00000000000000000, -5.000000000000000000, -236.0000000000000000 ) ) ;
#131 = LOCAL_TIME ( 11, 8, 18.00000000000000000, #1908 ) ;
#132 = FACE_BOUND ( 'NONE', #1820, .T. ) ;
#133 = DIRECTION ( 'NONE',  ( 0.000000000000000000, 0.000000000000000000, -1.000000000000000000 ) ) ;
#134 = ADVANCED_FACE ( 'NONE', ( #2145 ), #1687, .F. ) ;
#135 = CARTESIAN_POINT ( 'NONE',  ( 37.00000000000000000, 5.000000000000000000, -206.0000000000000000 ) ) ;
#136 = EDGE_LOOP ( 'NONE', ( #2487, #3119, #784, #895 ) ) ;
#137 = CARTESIAN_POINT ( 'NONE',  ( 12.24586983568288012, 20.00000000000000355, 32.31414504036117563 ) ) ;
#138 = ORIENTED_EDGE ( 'NONE', *, *, #363, .T. ) ;
#139 = CARTESIAN_POINT ( 'NONE',  ( 0.000000000000000000, -5.000000000000000000, -118.0000000000000000 ) ) ;
#140 = AXIS2_PLACEMENT_3D ( 'NONE', #3120, #1498, #2665 ) ;
#141 = ORIENTED_EDGE ( 'NONE', *, *, #812, .T. ) ;
#142 = CARTESIAN_POINT ( 'NONE',  ( 18.50000000000000355, 5.000000000000000000, -151.7429399400242289 ) ) ;
#143 = EDGE_LOOP ( 'NONE', ( #2676, #1148, #2607, #2716 ) ) ;
#144 = ORIENTED_EDGE ( 'NONE', *, *, #1260, .F. ) ;
#145 = AXIS2_PLACEMENT_3D ( 'NONE', #3132, #1487, #2677 ) ;
#146 = ORIENTED_EDGE ( 'NONE', *, *, #2503, .F. ) ;
#147 = LINE ( 'NONE', #1160, #3052 ) ;
#148 = VECTOR ( 'NONE', #2718, 1000.000000000000000 ) ;
#149 = EDGE_CURVE ( 'NONE', #2473, #2428, #1396, .T. ) ;
#150 = FACE_OUTER_BOUND ( 'NONE', #1527, .T. ) ;
#151 = CIRCLE ( 'NONE', #2449, 1.700000000000007061 ) ;
#152 = FACE_OUTER_BOUND ( 'NONE', #136, .T. ) ;
#153 = ORIENTED_EDGE ( 'NONE', *, *, #486, .F. ) ;
#154 = CARTESIAN_POINT ( 'NONE',  ( 34.00000000000000000, 20.00000000000000355, -66.00000000000000000 ) ) ;
#155 = VECTOR ( 'NONE', #1860, 1000.000000000000000 ) ;
#156 = VECTOR ( 'NONE', #336, 1000.000000000000000 ) ;
#157 = LINE ( 'NONE', #11, #1206 ) ;
#158 = ORIENTED_EDGE ( 'NONE', *, *, #853, .T. ) ;
#159 = EDGE_CURVE ( 'NONE', #2603, #2387, #896, .T. ) ;
#160 = AXIS2_PLACEMENT_3D ( 'NONE', #1624, #2618, #428 ) ;
#161 = DIRECTION ( 'NONE',  ( -0.000000000000000000, -1.000000000000000000, -0.000000000000000000 ) ) ;
#162 = ORIENTED_EDGE ( 'NONE', *, *, #2801, .T. ) ;
#163 = PLANE ( 'NONE',  #1 ) ;
#164 = ORIENTED_EDGE ( 'NONE', *, *, #2379, .T. ) ;
#165 = DIRECTION ( 'NONE',  ( 0.000000000000000000, 0.000000000000000000, 1.000000000000000000 ) ) ;
#166 = ORIENTED_EDGE ( 'NONE', *, *, #2613, .F. ) ;
#167 = FACE_BOUND ( 'NONE', #758, .T. ) ;
#168 = DIRECTION ( 'NONE',  ( 0.000000000000000000, 0.000000000000000000, -1.000000000000000000 ) ) ;
#169 = CARTESIAN_POINT ( 'NONE',  ( 0.000000000000000000, 5.000000000000000000, -169.9999999999999716 ) ) ;
#170 = LINE ( 'NONE', #1862, #1990 ) ;
#171 = EDGE_CURVE ( 'NONE', #3066, #358, #1052, .T. ) ;
#172 = ORIENTED_EDGE ( 'NONE', *, *, #110, .F. ) ;
#173 = CARTESIAN_POINT ( 'NONE',  ( 30.00000000000000000, 5.000000000000000888, -260.0000000000000000 ) ) ;
#174 = EDGE_CURVE ( 'NONE', #2989, #2387, #1903, .T. ) ;
#175 = CARTESIAN_POINT ( 'NONE',  ( -37.00000000000000000, 5.000000000000000000, -118.0000000000000000 ) ) ;
#176 = ORIENTED_EDGE ( 'NONE', *, *, #2424, .T. ) ;
#177 = VERTEX_POINT ( 'NONE', #1141 ) ;
#178 = DIRECTION ( 'NONE',  ( 0.000000000000000000, 0.000000000000000000, -1.000000000000000000 ) ) ;
#179 = CYLINDRICAL_SURFACE ( 'NONE', #1569, 1.700000000000007061 ) ;
#180 = CARTESIAN_POINT ( 'NONE',  ( -16.00000000000000000, 27.00000000000000000, -308.0000000000000000 ) ) ;
#181 = LOCAL_TIME ( 11, 8, 18.00000000000000000, #316 ) ;
#182 = CYLINDRICAL_SURFACE ( 'NONE', #563, 1.700000000000007061 ) ;
#183 = DIRECTION ( 'NONE',  ( -0.000000000000000000, -1.000000000000000000, -0.000000000000000000 ) ) ;
#184 = VERTEX_POINT ( 'NONE', #713 ) ;
#185 = EDGE_CURVE ( 'NONE', #723, #3059, #696, .T. ) ;
#186 = DIRECTION ( 'NONE',  ( 0.000000000000000000, 1.000000000000000000, 0.000000000000000000 ) ) ;
#187 = VERTEX_POINT ( 'NONE', #1670 ) ;
#188 = CARTESIAN_POINT ( 'NONE',  ( -36.00000000000000000, 20.00000000000000355, -110.0000000000000000 ) ) ;
#189 = ORIENTED_EDGE ( 'NONE', *, *, #777, .F. ) ;
#190 = DIRECTION ( 'NONE',  ( 0.000000000000000000, 0.000000000000000000, 1.000000000000000000 ) ) ;
#191 = AXIS2_PLACEMENT_3D ( 'NONE', #2316, #796, #1075 ) ;
#192 = ORIENTED_EDGE ( 'NONE', *, *, #2480, .F. ) ;
#193 = FACE_OUTER_BOUND ( 'NONE', #629, .T. ) ;
#194 = AXIS2_PLACEMENT_3D ( 'NONE', #2347, #3096, #1897 ) ;
#195 = EDGE_CURVE ( 'NONE', #1796, #2581, #2888, .T. ) ;
#196 = DIRECTION ( 'NONE',  ( 0.000000000000000000, 1.000000000000000000, 0.000000000000000000 ) ) ;
#197 =( NAMED_UNIT ( * ) PLANE_ANGLE_UNIT ( ) SI_UNIT ( $, .RADIAN. ) );
#198 = VECTOR ( 'NONE', #1682, 1000.000000000000227 ) ;
#199 = CARTESIAN_POINT ( 'NONE',  ( 30.00000000000000000, 27.00000000000000000, -270.0000000000000000 ) ) ;
#200 = AXIS2_PLACEMENT_3D ( 'NONE', #2389, #196, #1692 ) ;
#201 = AXIS2_PLACEMENT_3D ( 'NONE', #569, #2520, #2727 ) ;
#202 = VECTOR ( 'NONE', #1649, 1000.000000000000000 ) ;
#203 = CARTESIAN_POINT ( 'NONE',  ( 30.00000000000000000, 27.00000000000000000, -260.0000000000000000 ) ) ;
#204 = AXIS2_PLACEMENT_3D ( 'NONE', #2608, #419, #447 ) ;
#205 = ORIENTED_EDGE ( 'NONE', *, *, #1966, .T. ) ;
#206 = EDGE_CURVE ( 'NONE', #2689, #1794, #1305, .T. ) ;
#207 = DIRECTION ( 'NONE',  ( -0.000000000000000000, -1.000000000000000000, -0.000000000000000000 ) ) ;
#208 = ORIENTED_EDGE ( 'NONE', *, *, #1297, .F. ) ;
#209 = AXIS2_PLACEMENT_3D ( 'NONE', #2054, #3018, #827 ) ;
#210 = CARTESIAN_POINT ( 'NONE',  ( -18.49999999999999289, -5.000000000000000000, -239.7429399400242289 ) ) ;
#211 = ORIENTED_EDGE ( 'NONE', *, *, #1691, .F. ) ;
#212 = DIRECTION ( 'NONE',  ( 0.000000000000000000, 0.000000000000000000, 1.000000000000000000 ) ) ;
#213 = DIRECTION ( 'NONE',  ( 0.000000000000000000, 1.000000000000000000, 0.000000000000000000 ) ) ;
#214 = PERSON_AND_ORGANIZATION ( #3102, #2829 ) ;
#215 = EDGE_CURVE ( 'NONE', #1629, #1672, #2179, .T. ) ;
#216 = FACE_BOUND ( 'NONE', #968, .T. ) ;
#217 = LINE ( 'NONE', #1179, #2243 ) ;
#218 = CARTESIAN_POINT ( 'NONE',  ( 18.50000000000000355, -5.000000000000000000, -172.2570600599757711 ) ) ;
#219 = CARTESIAN_POINT ( 'NONE',  ( 29.56414504036117918, 34.00000000000000000, 12.24586983568286591 ) ) ;
#220 = ORIENTED_EDGE ( 'NONE', *, *, #1393, .T. ) ;
#221 = DIRECTION ( 'NONE',  ( 0.6246950475544239545, 0.000000000000000000, -0.7808688094430306093 ) ) ;
#222 = DIRECTION ( 'NONE',  ( 1.000000000000000000, 0.000000000000000000, 0.000000000000000000 ) ) ;
#223 = ORIENTED_EDGE ( 'NONE', *, *, #2494, .T. ) ;
#224 = CARTESIAN_POINT ( 'NONE',  ( 34.00000000000000000, 34.00000000000000000, 40.00000000000000000 ) ) ;
#225 = LINE ( 'NONE', #731, #1110 ) ;
#226 = MECHANICAL_CONTEXT ( 'NONE', #1037, 'mechanical' ) ;
#227 = CARTESIAN_POINT ( 'NONE',  ( 8.000000000000000000, -18.00000000000000000, -318.0000000000000000 ) ) ;
#228 = EDGE_CURVE ( 'NONE', #2433, #2883, #474, .T. ) ;
#229 = ADVANCED_FACE ( 'NONE', ( #534 ), #1157, .F. ) ;
#230 = DIRECTION ( 'NONE',  ( 0.000000000000000000, 1.000000000000000000, 0.000000000000000000 ) ) ;
#231 = DIRECTION ( 'NONE',  ( -0.000000000000000000, -1.000000000000000000, -0.000000000000000000 ) ) ;
#232 = ORIENTED_EDGE ( 'NONE', *, *, #2072, .T. ) ;
#233 = DIRECTION ( 'NONE',  ( 0.000000000000000000, 1.000000000000000000, 0.000000000000000000 ) ) ;
#234 = ORIENTED_EDGE ( 'NONE', *, *, #1911, .T. ) ;
#235 = ORIENTED_EDGE ( 'NONE', *, *, #195, .F. ) ;
#236 = CARTESIAN_POINT ( 'NONE',  ( -37.00000000000000000, 5.000000000000000000, -119.7000000000000028 ) ) ;
#237 = FACE_BOUND ( 'NONE', #2525, .T. ) ;
#238 = DIRECTION ( 'NONE',  ( 0.000000000000000000, 0.000000000000000000, 1.000000000000000000 ) ) ;
#239 = EDGE_CURVE ( 'NONE', #1948, #2832, #32, .T. ) ;
#240 = VECTOR ( 'NONE', #2512, 1000.000000000000000 ) ;
#241 = DIRECTION ( 'NONE',  ( 0.5368754921931593316, 0.000000000000000000, -0.8436614877321073624 ) ) ;
#242 = LINE ( 'NONE', #1973, #2945 ) ;
#243 = AXIS2_PLACEMENT_3D ( 'NONE', #503, #1181, #2646 ) ;
#244 = LINE ( 'NONE', #2661, #1363 ) ;
#245 = VECTOR ( 'NONE', #2809, 1000.000000000000000 ) ;
#246 = VECTOR ( 'NONE', #288, 1000.000000000000000 ) ;
#247 = ORIENTED_EDGE ( 'NONE', *, *, #1231, .F. ) ;
#248 = EDGE_CURVE ( 'NONE', #1380, #1776, #1549, .T. ) ;
#249 = DIRECTION ( 'NONE',  ( -0.6246950475544239545, 0.000000000000000000, -0.7808688094430306093 ) ) ;
#250 = VERTEX_POINT ( 'NONE', #1263 ) ;
#251 = CARTESIAN_POINT ( 'NONE',  ( 18.50000000000000355, 5.000000000000000000, -239.7429399400242005 ) ) ;
#252 = AXIS2_PLACEMENT_3D ( 'NONE', #1098, #371, #1790 ) ;
#253 = VECTOR ( 'NONE', #1542, 1000.000000000000000 ) ;
#254 = ORIENTED_EDGE ( 'NONE', *, *, #1297, .T. ) ;
#255 = DIRECTION ( 'NONE',  ( 0.000000000000000000, 0.000000000000000000, -1.000000000000000000 ) ) ;
#256 = EDGE_CURVE ( 'NONE', #1402, #410, #2729, .T. ) ;
#257 = VECTOR ( 'NONE', #2168, 1000.000000000000114 ) ;
#258 = DIRECTION ( 'NONE',  ( 0.000000000000000000, 1.000000000000000000, 0.000000000000000000 ) ) ;
#259 = VERTEX_POINT ( 'NONE', #71 ) ;
#260 = CARTESIAN_POINT ( 'NONE',  ( 8.000000000000000000, 27.00000000000000000, -318.0000000000000000 ) ) ;
#261 = PLANE ( 'NONE',  #201 ) ;
#262 = CARTESIAN_POINT ( 'NONE',  ( -18.49999999999999289, 5.000000000000000000, -150.0429399400242119 ) ) ;
#263 = DIRECTION ( 'NONE',  ( 0.000000000000000000, 0.000000000000000000, -1.000000000000000000 ) ) ;
#264 = ORIENTED_EDGE ( 'NONE', *, *, #1454, .T. ) ;
#265 = CARTESIAN_POINT ( 'NONE',  ( 0.000000000000000000, 18.00000000000000355, -304.0000000000000000 ) ) ;
#266 = EDGE_LOOP ( 'NONE', ( #294, #2396, #1727, #2536 ) ) ;
#267 = CARTESIAN_POINT ( 'NONE',  ( 36.00000000000000000, 20.00000000000000355, -110.0000000000000000 ) ) ;
#268 = FACE_OUTER_BOUND ( 'NONE', #619, .T. ) ;
#269 = EDGE_LOOP ( 'NONE', ( #1114, #1455, #2817, #871 ) ) ;
#270 = DIRECTION ( 'NONE',  ( 0.000000000000000000, 0.000000000000000000, 1.000000000000000000 ) ) ;
#271 = CARTESIAN_POINT ( 'NONE',  ( 0.000000000000000000, 5.000000000000000000, -260.0000000000000000 ) ) ;
#272 = CARTESIAN_POINT ( 'NONE',  ( -48.00000000000000000, -5.000000000000000000, -236.0000000000000000 ) ) ;
#273 = DIRECTION ( 'NONE',  ( -0.000000000000000000, -1.000000000000000000, -0.000000000000000000 ) ) ;
#274 = DIRECTION ( 'NONE',  ( 0.000000000000000000, 1.000000000000000000, 0.000000000000000000 ) ) ;
#275 = ORIENTED_EDGE ( 'NONE', *, *, #1085, .F. ) ;
#276 = ORIENTED_EDGE ( 'NONE', *, *, #171, .F. ) ;
#277 = CARTESIAN_POINT ( 'NONE',  ( 0.000000000000000000, -5.000000000000000000, -169.9999999999999716 ) ) ;
#278 = ADVANCED_FACE ( 'NONE', ( #1090 ), #597, .F. ) ;
#279 = DATE_AND_TIME ( #1270, #131 ) ;
#280 = VERTEX_POINT ( 'NONE', #84 ) ;
#281 = FACE_OUTER_BOUND ( 'NONE', #2094, .T. ) ;
#282 = FACE_BOUND ( 'NONE', #2803, .T. ) ;
#283 = ORIENTED_EDGE ( 'NONE', *, *, #2370, .T. ) ;
#284 = CARTESIAN_POINT ( 'NONE',  ( 12.24586983568287479, 34.00000000000000000, -29.56414504036117563 ) ) ;
#285 = ADVANCED_FACE ( 'NONE', ( #120 ), #551, .F. ) ;
#286 = CARTESIAN_POINT ( 'NONE',  ( -30.00000000000000000, -5.000000000000000000, -264.0000000000000000 ) ) ;
#287 = VECTOR ( 'NONE', #2626, 1000.000000000000000 ) ;
#288 = DIRECTION ( 'NONE',  ( -0.000000000000000000, -1.000000000000000000, -0.000000000000000000 ) ) ;
#289 = DIRECTION ( 'NONE',  ( -0.000000000000000000, -1.000000000000000000, -0.000000000000000000 ) ) ;
#290 = AXIS2_PLACEMENT_3D ( 'NONE', #315, #2557, #109 ) ;
#291 = DIRECTION ( 'NONE',  ( 0.000000000000000000, -0.000000000000000000, 1.000000000000000000 ) ) ;
#292 = VERTEX_POINT ( 'NONE', #338 ) ;
#293 = AXIS2_PLACEMENT_3D ( 'NONE', #36, #1995, #783 ) ;
#294 = ORIENTED_EDGE ( 'NONE', *, *, #2379, .F. ) ;
#295 = CARTESIAN_POINT ( 'NONE',  ( -12.24586983568287124, 34.00000000000000000, -32.31414504036117563 ) ) ;
#296 = VECTOR ( 'NONE', #2592, 1000.000000000000000 ) ;
#297 = DIRECTION ( 'NONE',  ( 1.000000000000000000, 0.000000000000000000, 0.000000000000000000 ) ) ;
#298 = VERTEX_POINT ( 'NONE', #1309 ) ;
#299 = AXIS2_PLACEMENT_3D ( 'NONE', #3112, #676, #3064 ) ;
#300 = CARTESIAN_POINT ( 'NONE',  ( -12.24586983568286414, 20.00000000000000355, 26.81414504036117563 ) ) ;
#301 = AXIS2_PLACEMENT_3D ( 'NONE', #260, #1988, #2906 ) ;
#302 = CARTESIAN_POINT ( 'NONE',  ( 0.000000000000000000, 5.000000000000000000, -118.0000000000000000 ) ) ;
#303 = CIRCLE ( 'NONE', #1421, 2.750000000000002665 ) ;
#304 = EDGE_CURVE ( 'NONE', #1672, #1629, #339, .T. ) ;
#305 = DIRECTION ( 'NONE',  ( 0.000000000000000000, 0.000000000000000000, 1.000000000000000000 ) ) ;
#306 = VECTOR ( 'NONE', #458, 1000.000000000000000 ) ;
#307 = FACE_BOUND ( 'NONE', #2317, .T. ) ;
#308 = ADVANCED_FACE ( 'NONE', ( #2281 ), #2297, .F. ) ;
#309 = ORIENTED_EDGE ( 'NONE', *, *, #256, .T. ) ;
#310 = LINE ( 'NONE', #1089, #1370 ) ;
#311 = DIRECTION ( 'NONE',  ( 0.000000000000000000, 0.000000000000000000, 1.000000000000000000 ) ) ;
#312 = DIRECTION ( 'NONE',  ( 0.000000000000000000, 0.000000000000000000, 1.000000000000000000 ) ) ;
#313 = ORIENTED_EDGE ( 'NONE', *, *, #1898, .T. ) ;
#314 = ORIENTED_EDGE ( 'NONE', *, *, #1445, .T. ) ;
#315 = CARTESIAN_POINT ( 'NONE',  ( -18.50000000000001776, -5.000000000000000000, -173.9570600599757597 ) ) ;
#316 = COORDINATED_UNIVERSAL_TIME_OFFSET ( 5, 30, .AHEAD. ) ;
#317 = EDGE_LOOP ( 'NONE', ( #964, #868, #2107, #2543 ) ) ;
#318 = DIRECTION ( 'NONE',  ( 0.000000000000000000, 0.000000000000000000, 1.000000000000000000 ) ) ;
#319 = ORIENTED_EDGE ( 'NONE', *, *, #2596, .F. ) ;
#320 = CYLINDRICAL_SURFACE ( 'NONE', #3002, 1.700000000000007061 ) ;
#321 = EDGE_CURVE ( 'NONE', #2987, #1509, #2010, .T. ) ;
#322 = CYLINDRICAL_SURFACE ( 'NONE', #2402, 2.749999999999999112 ) ;
#323 = DIRECTION ( 'NONE',  ( -1.000000000000000000, 0.000000000000000000, 0.000000000000000000 ) ) ;
#324 = EDGE_CURVE ( 'NONE', #1016, #2067, #1279, .T. ) ;
#325 = CARTESIAN_POINT ( 'NONE',  ( 34.00000000000000000, 5.000000000000000888, -110.0000000000000000 ) ) ;
#326 = ORIENTED_EDGE ( 'NONE', *, *, #2819, .T. ) ;
#327 = EDGE_LOOP ( 'NONE', ( #719, #313 ) ) ;
#328 = FACE_OUTER_BOUND ( 'NONE', #976, .T. ) ;
#329 = ORIENTED_EDGE ( 'NONE', *, *, #2202, .T. ) ;
#330 = LINE ( 'NONE', #1302, #1271 ) ;
#331 = CARTESIAN_POINT ( 'NONE',  ( 8.000000000000000000, 27.00000000000000000, -318.0000000000000000 ) ) ;
#332 = EDGE_LOOP ( 'NONE', ( #1267, #1998, #1713, #2050 ) ) ;
#333 = DIRECTION ( 'NONE',  ( -0.000000000000000000, -1.000000000000000000, -0.000000000000000000 ) ) ;
#334 = CARTESIAN_POINT ( 'NONE',  ( 37.00000000000000000, -5.000000000000000000, -116.2999999999999829 ) ) ;
#335 = EDGE_CURVE ( 'NONE', #1336, #1219, #1150, .T. ) ;
#336 = DIRECTION ( 'NONE',  ( -0.6246950475544239545, 0.000000000000000000, 0.7808688094430306093 ) ) ;
#337 = ORIENTED_EDGE ( 'NONE', *, *, #1605, .T. ) ;
#338 = CARTESIAN_POINT ( 'NONE',  ( 18.50000000000000355, 5.000000000000000000, -151.7429399400242289 ) ) ;
#339 = CIRCLE ( 'NONE', #2133, 1.700000000000007061 ) ;
#340 = ORIENTED_EDGE ( 'NONE', *, *, #461, .T. ) ;
#341 = EDGE_CURVE ( 'NONE', #1541, #3027, #2023, .T. ) ;
#342 = VERTEX_POINT ( 'NONE', #817 ) ;
#343 = ORIENTED_EDGE ( 'NONE', *, *, #90, .F. ) ;
#344 = DIRECTION ( 'NONE',  ( 0.000000000000000000, 1.000000000000000000, 0.000000000000000000 ) ) ;
#345 = AXIS2_PLACEMENT_3D ( 'NONE', #2877, #975, #2139 ) ;
#346 = ORIENTED_EDGE ( 'NONE', *, *, #2996, .T. ) ;
#347 = VECTOR ( 'NONE', #2397, 1000.000000000000000 ) ;
#348 = DIRECTION ( 'NONE',  ( 0.000000000000000000, 0.000000000000000000, 1.000000000000000000 ) ) ;
#349 = AXIS2_PLACEMENT_3D ( 'NONE', #2550, #793, #1277 ) ;
#350 = AXIS2_PLACEMENT_3D ( 'NONE', #1187, #258, #1969 ) ;
#351 = EDGE_CURVE ( 'NONE', #1574, #3020, #1458, .T. ) ;
#352 = ORIENTED_EDGE ( 'NONE', *, *, #1720, .F. ) ;
#353 = CARTESIAN_POINT ( 'NONE',  ( 48.00000000000000000, -5.000000000000000000, -88.00000000000000000 ) ) ;
#354 = AXIS2_PLACEMENT_3D ( 'NONE', #3142, #2008, #988 ) ;
#355 = DIRECTION ( 'NONE',  ( 0.000000000000000000, -0.000000000000000000, 1.000000000000000000 ) ) ;
#356 = PLANE ( 'NONE',  #2193 ) ;
#357 = VECTOR ( 'NONE', #1905, 1000.000000000000000 ) ;
#358 = VERTEX_POINT ( 'NONE', #3006 ) ;
#359 = CARTESIAN_POINT ( 'NONE',  ( -12.24586983568287124, 34.00000000000000000, -29.56414504036117563 ) ) ;
#360 = VERTEX_POINT ( 'NONE', #105 ) ;
#361 = ORIENTED_EDGE ( 'NONE', *, *, #928, .T. ) ;
#362 = CARTESIAN_POINT ( 'NONE',  ( 12.24586983568287479, 34.00000000000000000, -26.81414504036117563 ) ) ;
#363 = EDGE_CURVE ( 'NONE', #1580, #342, #1558, .T. ) ;
#364 = EDGE_CURVE ( 'NONE', #1486, #1899, #1978, .T. ) ;
#365 = CARTESIAN_POINT ( 'NONE',  ( 29.56414504036117918, 34.00000000000000000, 12.24586983568286591 ) ) ;
#366 = ORIENTED_EDGE ( 'NONE', *, *, #2958, .F. ) ;
#367 = CARTESIAN_POINT ( 'NONE',  ( -34.00000000000000000, 34.00000000000000000, 40.00000000000000000 ) ) ;
#368 = ORIENTED_EDGE ( 'NONE', *, *, #2874, .F. ) ;
#369 = CARTESIAN_POINT ( 'NONE',  ( -29.56414504036117918, 34.00000000000000000, 14.99586983568286946 ) ) ;
#370 = VERTEX_POINT ( 'NONE', #325 ) ;
#371 = DIRECTION ( 'NONE',  ( 0.000000000000000000, 1.000000000000000000, 0.000000000000000000 ) ) ;
#372 = ADVANCED_FACE ( 'NONE', ( #3036, #1795 ), #2763, .F. ) ;
#373 = CARTESIAN_POINT ( 'NONE',  ( 0.000000000000000000, -18.00000000000000000, 0.000000000000000000 ) ) ;
#374 = FACE_OUTER_BOUND ( 'NONE', #1447, .T. ) ;
#375 = DIRECTION ( 'NONE',  ( 0.000000000000000000, 0.000000000000000000, 1.000000000000000000 ) ) ;
#376 = ORIENTED_EDGE ( 'NONE', *, *, #1534, .T. ) ;
#377 = DIRECTION ( 'NONE',  ( 0.000000000000000000, 0.000000000000000000, 1.000000000000000000 ) ) ;
#378 = ORIENTED_EDGE ( 'NONE', *, *, #1122, .F. ) ;
#379 = DIRECTION ( 'NONE',  ( -0.000000000000000000, -1.000000000000000000, -0.000000000000000000 ) ) ;
#380 = ORIENTED_EDGE ( 'NONE', *, *, #439, .T. ) ;
#381 = EDGE_CURVE ( 'NONE', #2147, #1493, #1808, .T. ) ;
#382 = ORIENTED_EDGE ( 'NONE', *, *, #1449, .T. ) ;
#383 = DIRECTION ( 'NONE',  ( 0.000000000000000000, 0.000000000000000000, -1.000000000000000000 ) ) ;
#384 = ORIENTED_EDGE ( 'NONE', *, *, #407, .T. ) ;
#385 = CARTESIAN_POINT ( 'NONE',  ( 34.00000000000000000, 34.00000000000000000, -66.00000000000000000 ) ) ;
#386 = DIRECTION ( 'NONE',  ( 0.000000000000000000, 0.000000000000000000, 1.000000000000000000 ) ) ;
#387 = CARTESIAN_POINT ( 'NONE',  ( 30.00000000000000000, -5.000000000000000000, -264.0000000000000000 ) ) ;
#388 = DIRECTION ( 'NONE',  ( 0.000000000000000000, -1.000000000000000000, 0.000000000000000000 ) ) ;
#389 = DIRECTION ( 'NONE',  ( 0.000000000000000000, 0.000000000000000000, -1.000000000000000000 ) ) ;
#390 = ORIENTED_EDGE ( 'NONE', *, *, #690, .F. ) ;
#391 = CYLINDRICAL_SURFACE ( 'NONE', #452, 2.750000000000002665 ) ;
#392 = AXIS2_PLACEMENT_3D ( 'NONE', #462, #1931, #2901 ) ;
#393 = VERTEX_POINT ( 'NONE', #927 ) ;
#394 = DIRECTION ( 'NONE',  ( 0.07253569577882136576, 0.000000000000000000, -0.9973658169587938938 ) ) ;
#395 = ORIENTED_EDGE ( 'NONE', *, *, #2860, .F. ) ;
#396 = VERTEX_POINT ( 'NONE', #1863 ) ;
#397 = ORIENTED_EDGE ( 'NONE', *, *, #2401, .F. ) ;
#398 = FACE_BOUND ( 'NONE', #2780, .T. ) ;
#399 = CIRCLE ( 'NONE', #2292, 1.700000000000007061 ) ;
#400 = EDGE_CURVE ( 'NONE', #87, #2354, #2785, .T. ) ;
#401 = DIRECTION ( 'NONE',  ( 0.000000000000000000, -0.000000000000000000, 1.000000000000000000 ) ) ;
#403 = EDGE_CURVE ( 'NONE', #604, #1142, #445, .T. ) ;
#402 = CIRCLE ( 'NONE', #1071, 1.700000000000007061 ) ;
#404 = VECTOR ( 'NONE', #701, 1000.000000000000227 ) ;
#405 = LINE ( 'NONE', #1134, #2143 ) ;
#406 = CARTESIAN_POINT ( 'NONE',  ( -30.00000000000000000, 27.00000000000000000, -270.0000000000000000 ) ) ;
#407 = EDGE_CURVE ( 'NONE', #184, #1119, #664, .T. ) ;
#408 = CIRCLE ( 'NONE', #761, 1.700000000000007061 ) ;
#409 = ORIENTED_EDGE ( 'NONE', *, *, #644, .F. ) ;
#410 = VERTEX_POINT ( 'NONE', #436 ) ;
#411 = CIRCLE ( 'NONE', #1424, 1.700000000000007061 ) ;
#412 = DIRECTION ( 'NONE',  ( -1.000000000000000000, -0.000000000000000000, -0.000000000000000000 ) ) ;
#413 = EDGE_CURVE ( 'NONE', #2864, #838, #2489, .T. ) ;
#414 = ORIENTED_EDGE ( 'NONE', *, *, #1024, .F. ) ;
#415 = CARTESIAN_POINT ( 'NONE',  ( 37.00000000000000000, 5.000000000000000000, -116.2999999999999829 ) ) ;
#416 = EDGE_LOOP ( 'NONE', ( #884, #833, #141, #670 ) ) ;
#417 = LINE ( 'NONE', #887, #948 ) ;
#418 = ORIENTED_EDGE ( 'NONE', *, *, #2025, .T. ) ;
#419 = DIRECTION ( 'NONE',  ( 0.9701425001453318764, 0.000000000000000000, -0.2425356250363328858 ) ) ;
#420 = CARTESIAN_POINT ( 'NONE',  ( 0.000000000000000000, 5.000000000000000000, -169.9999999999999716 ) ) ;
#421 = CARTESIAN_POINT ( 'NONE',  ( 18.50000000000000355, 5.000000000000000000, -172.2570600599757711 ) ) ;
#422 = CARTESIAN_POINT ( 'NONE',  ( -8.000000000000000000, 27.00000000000000000, -318.0000000000000000 ) ) ;
#423 = VERTEX_POINT ( 'NONE', #137 ) ;
#424 = EDGE_CURVE ( 'NONE', #672, #1140, #2333, .T. ) ;
#425 = EDGE_CURVE ( 'NONE', #358, #3066, #951, .T. ) ;
#426 = ORIENTED_EDGE ( 'NONE', *, *, #2574, .T. ) ;
#427 = ADVANCED_FACE ( 'NONE', ( #1600 ), #2582, .F. ) ;
#428 = DIRECTION ( 'NONE',  ( 0.000000000000000000, 0.000000000000000000, 1.000000000000000000 ) ) ;
#429 = ORIENTED_EDGE ( 'NONE', *, *, #1728, .T. ) ;
#430 = DIRECTION ( 'NONE',  ( 0.000000000000000000, 0.000000000000000000, 1.000000000000000000 ) ) ;
#431 = ORIENTED_EDGE ( 'NONE', *, *, #691, .F. ) ;
#432 = FACE_BOUND ( 'NONE', #2127, .T. ) ;
#433 = CARTESIAN_POINT ( 'NONE',  ( 34.00000000000000000, 5.000000000000000000, -66.00000000000000000 ) ) ;
#434 = DIRECTION ( 'NONE',  ( -0.7808688094430306093, 0.000000000000000000, 0.6246950475544239545 ) ) ;
#435 = PLANE ( 'NONE',  #3103 ) ;
#436 = CARTESIAN_POINT ( 'NONE',  ( -34.00000000000000000, -5.000000000000000000, -66.00000000000000000 ) ) ;
#437 = EDGE_CURVE ( 'NONE', #2274, #129, #2842, .T. ) ;
#438 = DIRECTION ( 'NONE',  ( 0.000000000000000000, 0.000000000000000000, 1.000000000000000000 ) ) ;
#439 = EDGE_CURVE ( 'NONE', #2311, #292, #1056, .T. ) ;
#440 = ORIENTED_EDGE ( 'NONE', *, *, #2849, .F. ) ;
#441 = DIRECTION ( 'NONE',  ( 0.000000000000000000, 1.000000000000000000, 0.000000000000000000 ) ) ;
#442 = ORIENTED_EDGE ( 'NONE', *, *, #1430, .T. ) ;
#443 = VECTOR ( 'NONE', #2309, 1000.000000000000000 ) ;
#444 = CARTESIAN_POINT ( 'NONE',  ( -29.56414504036117918, 34.00000000000000000, 12.24586983568286946 ) ) ;
#445 = CIRCLE ( 'NONE', #1663, 2.750000000000002665 ) ;
#446 = ORIENTED_EDGE ( 'NONE', *, *, #1099, .T. ) ;
#447 = DIRECTION ( 'NONE',  ( -0.2425356250363328858, 0.000000000000000000, -0.9701425001453318764 ) ) ;
#448 = AXIS2_PLACEMENT_3D ( 'NONE', #365, #1588, #1865 ) ;
#449 = CARTESIAN_POINT ( 'NONE',  ( -37.00000000000000000, 5.000000000000000000, -206.0000000000000000 ) ) ;
#450 = CC_DESIGN_DATE_AND_TIME_ASSIGNMENT ( #2475, #1177, ( #2002 ) ) ;
#451 = CALENDAR_DATE ( 2026, 24, 9 ) ;
#452 = AXIS2_PLACEMENT_3D ( 'NONE', #2352, #161, #1126 ) ;
#453 = LINE ( 'NONE', #2118, #959 ) ;
#454 = AXIS2_PLACEMENT_3D ( 'NONE', #2287, #2496, #79 ) ;
#455 = VECTOR ( 'NONE', #1003, 1000.000000000000000 ) ;
#456 = AXIS2_PLACEMENT_3D ( 'NONE', #1846, #2551, #375 ) ;
#457 = DIRECTION ( 'NONE',  ( 0.000000000000000000, 1.000000000000000000, 0.000000000000000000 ) ) ;
#458 = DIRECTION ( 'NONE',  ( -0.000000000000000000, -1.000000000000000000, -0.000000000000000000 ) ) ;
#459 = ORIENTED_EDGE ( 'NONE', *, *, #2461, .F. ) ;
#460 = VECTOR ( 'NONE', #3104, 1000.000000000000000 ) ;
#461 = EDGE_CURVE ( 'NONE', #1493, #187, #157, .T. ) ;
#462 = CARTESIAN_POINT ( 'NONE',  ( -12.24586983568287124, 20.00000000000000355, -29.56414504036117563 ) ) ;
#463 = EDGE_LOOP ( 'NONE', ( #2255, #881 ) ) ;
#464 = CARTESIAN_POINT ( 'NONE',  ( 12.24586983568287479, 34.00000000000000000, -32.31414504036117563 ) ) ;
#465 = ADVANCED_FACE ( 'NONE', ( #524 ), #40, .F. ) ;
#466 = CARTESIAN_POINT ( 'NONE',  ( -16.00000000000000000, -18.00000000000000000, -308.0000000000000000 ) ) ;
#467 = DIRECTION ( 'NONE',  ( 0.6246950475544239545, 0.000000000000000000, -0.7808688094430306093 ) ) ;
#468 = LINE ( 'NONE', #499, #2899 ) ;
#469 = CARTESIAN_POINT ( 'NONE',  ( -37.00000000000000000, -5.000000000000000000, -206.0000000000000000 ) ) ;
#470 = VERTEX_POINT ( 'NONE', #539 ) ;
#471 = CARTESIAN_POINT ( 'NONE',  ( 0.000000000000000000, 22.20000000000000284, 0.000000000000000000 ) ) ;
#472 = ORIENTED_EDGE ( 'NONE', *, *, #1586, .F. ) ;
#473 = DIRECTION ( 'NONE',  ( -0.000000000000000000, -1.000000000000000000, -0.000000000000000000 ) ) ;
#474 = LINE ( 'NONE', #671, #1924 ) ;
#475 = EDGE_CURVE ( 'NONE', #476, #1644, #1712, .T. ) ;
#476 = VERTEX_POINT ( 'NONE', #277 ) ;
#477 = DIRECTION ( 'NONE',  ( 0.000000000000000000, 1.000000000000000000, -0.000000000000000000 ) ) ;
#478 = DIRECTION ( 'NONE',  ( -0.6246950475544239545, 0.000000000000000000, -0.7808688094430306093 ) ) ;
#479 = EDGE_LOOP ( 'NONE', ( #2493, #1199 ) ) ;
#480 = DIRECTION ( 'NONE',  ( 0.000000000000000000, 1.000000000000000000, 0.000000000000000000 ) ) ;
#481 = CC_DESIGN_APPROVAL ( #587, ( #638 ) ) ;
#482 = FACE_OUTER_BOUND ( 'NONE', #1073, .T. ) ;
#483 = ADVANCED_FACE ( 'NONE', ( #509 ), #1248, .F. ) ;
#484 = DIRECTION ( 'NONE',  ( 0.000000000000000000, 0.000000000000000000, 1.000000000000000000 ) ) ;
#485 = DIRECTION ( 'NONE',  ( -0.000000000000000000, -1.000000000000000000, -0.000000000000000000 ) ) ;
#486 = EDGE_CURVE ( 'NONE', #1899, #1486, #2643, .T. ) ;
#487 = ORIENTED_EDGE ( 'NONE', *, *, #842, .F. ) ;
#488 = CARTESIAN_POINT ( 'NONE',  ( -12.24586983568287124, 34.00000000000000000, -32.31414504036117563 ) ) ;
#489 = ORIENTED_EDGE ( 'NONE', *, *, #1868, .F. ) ;
#490 = DIRECTION ( 'NONE',  ( -0.5407575913134984313, 0.000000000000000000, -0.8411784753765537692 ) ) ;
#491 = ORIENTED_EDGE ( 'NONE', *, *, #2217, .F. ) ;
#492 = CYLINDRICAL_SURFACE ( 'NONE', #2749, 1.700000000000007061 ) ;
#493 = CYLINDRICAL_SURFACE ( 'NONE', #1316, 11.00000000000001066 ) ;
#494 = ORIENTED_EDGE ( 'NONE', *, *, #1827, .F. ) ;
#495 = CARTESIAN_POINT ( 'NONE',  ( 34.00000000000000000, 34.00000000000000000, -110.0000000000000000 ) ) ;
#496 = AXIS2_PLACEMENT_3D ( 'NONE', #651, #1591, #383 ) ;
#497 = EDGE_CURVE ( 'NONE', #1951, #3071, #1711, .T. ) ;
#498 = AXIS2_PLACEMENT_3D ( 'NONE', #2693, #1236, #1686 ) ;
#499 = CARTESIAN_POINT ( 'NONE',  ( 36.00000000000000000, 34.00000000000000000, -110.0000000000000000 ) ) ;
#500 = CARTESIAN_POINT ( 'NONE',  ( 12.24586983568287479, 34.00000000000000000, -29.56414504036117563 ) ) ;
#501 = CIRCLE ( 'NONE', #1312, 1.700000000000007061 ) ;
#502 = ADVANCED_FACE ( 'NONE', ( #712 ), #2964, .F. ) ;
#503 = CARTESIAN_POINT ( 'NONE',  ( 0.000000000000000000, 18.00000000000000355, -300.0000000000000000 ) ) ;
#504 = VECTOR ( 'NONE', #117, 1000.000000000000000 ) ;
#505 = AXIS2_PLACEMENT_3D ( 'NONE', #3076, #2115, #1375 ) ;
#506 = ORIENTED_EDGE ( 'NONE', *, *, #2461, .T. ) ;
#507 = CARTESIAN_POINT ( 'NONE',  ( -18.49999999999999289, -5.000000000000000000, -150.0429399400242119 ) ) ;
#508 = ORIENTED_EDGE ( 'NONE', *, *, #1747, .T. ) ;
#509 = FACE_OUTER_BOUND ( 'NONE', #1209, .T. ) ;
#510 = AXIS2_PLACEMENT_3D ( 'NONE', #734, #2222, #2682 ) ;
#511 = VECTOR ( 'NONE', #1225, 1000.000000000000000 ) ;
#512 = ORIENTED_EDGE ( 'NONE', *, *, #3067, .F. ) ;
#513 = CARTESIAN_POINT ( 'NONE',  ( 37.00000000000000000, 5.000000000000000000, -118.0000000000000000 ) ) ;
#514 = AXIS2_PLACEMENT_3D ( 'NONE', #807, #1506, #2966 ) ;
#515 = CARTESIAN_POINT ( 'NONE',  ( 0.000000000000000000, 34.00000000000000000, 0.000000000000000000 ) ) ;
#516 = ORIENTED_EDGE ( 'NONE', *, *, #2238, .F. ) ;
#517 = FACE_OUTER_BOUND ( 'NONE', #1933, .T. ) ;
#518 = LINE ( 'NONE', #271, #754 ) ;
#519 = ADVANCED_FACE ( 'NONE', ( #2928 ), #1930, .F. ) ;
#520 = LINE ( 'NONE', #1496, #606 ) ;
#521 = CARTESIAN_POINT ( 'NONE',  ( 44.00000000000000000, 20.00000000000000355, 0.000000000000000000 ) ) ;
#522 = ORIENTED_EDGE ( 'NONE', *, *, #1747, .F. ) ;
#523 = ORIENTED_EDGE ( 'NONE', *, *, #3054, .F. ) ;
#524 = FACE_OUTER_BOUND ( 'NONE', #266, .T. ) ;
#525 = PERSON_AND_ORGANIZATION ( #3102, #2829 ) ;
#526 = ADVANCED_FACE ( 'NONE', ( #2186 ), #3150, .F. ) ;
#527 = VERTEX_POINT ( 'NONE', #727 ) ;
#528 = CARTESIAN_POINT ( 'NONE',  ( 12.24586983568287479, 20.00000000000000355, -32.31414504036117563 ) ) ;
#529 = EDGE_CURVE ( 'NONE', #129, #1486, #2444, .T. ) ;
#530 = EDGE_LOOP ( 'NONE', ( #1623, #1397 ) ) ;
#531 = CARTESIAN_POINT ( 'NONE',  ( -29.56414504036117563, 20.00000000000000355, -9.495869835682878346 ) ) ;
#532 = FACE_BOUND ( 'NONE', #327, .T. ) ;
#533 = CARTESIAN_POINT ( 'NONE',  ( -29.56414504036117563, 34.00000000000000000, -12.24586983568287657 ) ) ;
#534 = FACE_OUTER_BOUND ( 'NONE', #24, .T. ) ;
#535 = CARTESIAN_POINT ( 'NONE',  ( -30.00000000000000000, 5.000000000000000000, -264.0000000000000000 ) ) ;
#536 = ORIENTED_EDGE ( 'NONE', *, *, #1763, .T. ) ;
#537 = LOCAL_TIME ( 11, 8, 18.00000000000000000, #702 ) ;
#538 = ORIENTED_EDGE ( 'NONE', *, *, #1080, .T. ) ;
#539 = CARTESIAN_POINT ( 'NONE',  ( 4.898587196589407898E-16, 27.00000000000000000, -296.0000000000000000 ) ) ;
#540 = ADVANCED_FACE ( 'NONE', ( #2755 ), #2253, .F. ) ;
#541 = APPROVAL_DATE_TIME ( #1286, #2191 ) ;
#542 = ORIENTED_EDGE ( 'NONE', *, *, #1310, .T. ) ;
#543 = LINE ( 'NONE', #1017, #2049 ) ;
#544 = EDGE_CURVE ( 'NONE', #121, #2514, #91, .T. ) ;
#545 = ORIENTED_EDGE ( 'NONE', *, *, #2340, .T. ) ;
#546 = CARTESIAN_POINT ( 'NONE',  ( -29.56414504036117918, 34.00000000000000000, 12.24586983568286946 ) ) ;
#547 = ADVANCED_FACE ( 'NONE', ( #123 ), #1331, .F. ) ;
#548 = DIRECTION ( 'NONE',  ( -0.000000000000000000, -1.000000000000000000, -0.000000000000000000 ) ) ;
#549 = AXIS2_PLACEMENT_3D ( 'NONE', #1608, #2358, #165 ) ;
#550 = DIRECTION ( 'NONE',  ( 0.000000000000000000, 0.000000000000000000, 1.000000000000000000 ) ) ;
#551 = CYLINDRICAL_SURFACE ( 'NONE', #1710, 2.749999999999999112 ) ;
#552 = AXIS2_PLACEMENT_3D ( 'NONE', #979, #1746, #221 ) ;
#553 = CARTESIAN_POINT ( 'NONE',  ( 48.00000000000000000, 5.000000000000000000, -88.00000000000000000 ) ) ;
#554 = ORIENTED_EDGE ( 'NONE', *, *, #690, .T. ) ;
#555 = VECTOR ( 'NONE', #485, 1000.000000000000000 ) ;
#556 = ORIENTED_EDGE ( 'NONE', *, *, #1728, .F. ) ;
#557 = DIRECTION ( 'NONE',  ( 0.000000000000000000, 1.000000000000000000, 0.000000000000000000 ) ) ;
#558 = CIRCLE ( 'NONE', #200, 4.000000000000003553 ) ;
#559 = APPROVAL_ROLE ( '' ) ;
#560 = ORIENTED_EDGE ( 'NONE', *, *, #2628, .F. ) ;
#561 = ADVANCED_FACE ( 'NONE', ( #575 ), #1833, .F. ) ;
#562 = DIRECTION ( 'NONE',  ( 0.000000000000000000, 1.000000000000000000, -0.000000000000000000 ) ) ;
#563 = AXIS2_PLACEMENT_3D ( 'NONE', #926, #1895, #643 ) ;
#564 = MANIFOLD_SOLID_BREP ( 'Tine_Med', #2784 ) ;
#565 = LINE ( 'NONE', #2545, #1415 ) ;
#566 = ORIENTED_EDGE ( 'NONE', *, *, #1512, .F. ) ;
#567 = CARTESIAN_POINT ( 'NONE',  ( -16.00000000000000000, -26.99999999999999645, -270.0000000000000000 ) ) ;
#568 = VECTOR ( 'NONE', #669, 1000.000000000000000 ) ;
#569 = CARTESIAN_POINT ( 'NONE',  ( 8.000000000000000000, -18.00000000000000000, -318.0000000000000000 ) ) ;
#570 = DIRECTION ( 'NONE',  ( 0.2425356250363328581, 0.000000000000000000, -0.9701425001453318764 ) ) ;
#571 = DIRECTION ( 'NONE',  ( 0.000000000000000000, 0.000000000000000000, -1.000000000000000000 ) ) ;
#572 = LINE ( 'NONE', #1729, #656 ) ;
#573 = ORIENTED_EDGE ( 'NONE', *, *, #2494, .F. ) ;
#574 = ORIENTED_EDGE ( 'NONE', *, *, #2209, .F. ) ;
#575 = FACE_OUTER_BOUND ( 'NONE', #1760, .T. ) ;
#576 = ORIENTED_EDGE ( 'NONE', *, *, #1466, .T. ) ;
#577 = ADVANCED_FACE ( 'NONE', ( #328 ), #3026, .F. ) ;
#578 = ORIENTED_EDGE ( 'NONE', *, *, #497, .F. ) ;
#579 = CARTESIAN_POINT ( 'NONE',  ( 30.00000000000000000, 27.00000000000000000, -260.0000000000000000 ) ) ;
#580 = DIRECTION ( 'NONE',  ( -0.000000000000000000, -1.000000000000000000, -0.000000000000000000 ) ) ;
#581 = LINE ( 'NONE', #1308, #1628 ) ;
#582 = DIRECTION ( 'NONE',  ( 0.000000000000000000, 0.000000000000000000, 1.000000000000000000 ) ) ;
#583 = EDGE_CURVE ( 'NONE', #1049, #2663, #2992, .T. ) ;
#584 = ORIENTED_EDGE ( 'NONE', *, *, #2535, .F. ) ;
#585 = ORIENTED_EDGE ( 'NONE', *, *, #69, .F. ) ;
#586 = DIRECTION ( 'NONE',  ( -0.000000000000000000, -1.000000000000000000, -0.000000000000000000 ) ) ;
#587 = APPROVAL ( #2513, 'UNSPECIFIED' ) ;
#588 = ORIENTED_EDGE ( 'NONE', *, *, #29, .T. ) ;
#589 = DIRECTION ( 'NONE',  ( 0.000000000000000000, 0.000000000000000000, 1.000000000000000000 ) ) ;
#590 = DIRECTION ( 'NONE',  ( -0.000000000000000000, -1.000000000000000000, -0.000000000000000000 ) ) ;
#591 = ORIENTED_EDGE ( 'NONE', *, *, #882, .T. ) ;
#592 = CARTESIAN_POINT ( 'NONE',  ( 0.000000000000000000, 5.000000000000000000, -206.0000000000000000 ) ) ;
#593 = CARTESIAN_POINT ( 'NONE',  ( -29.56414504036117918, 20.00000000000000355, 9.495869835682871241 ) ) ;
#594 = ORIENTED_EDGE ( 'NONE', *, *, #2072, .F. ) ;
#595 = DIRECTION ( 'NONE',  ( -0.000000000000000000, -1.000000000000000000, -0.000000000000000000 ) ) ;
#596 = ADVANCED_FACE ( 'NONE', ( #2490 ), #2269, .F. ) ;
#597 = CYLINDRICAL_SURFACE ( 'NONE', #1822, 2.749999999999999112 ) ;
#598 = AXIS2_PLACEMENT_3D ( 'NONE', #2506, #1828, #311 ) ;
#599 = EDGE_LOOP ( 'NONE', ( #2589, #512, #1683, #2314, #1442, #2214, #1284, #2530, #2326, #2037, #211, #1359 ) ) ;
#600 = ORIENTED_EDGE ( 'NONE', *, *, #2836, .T. ) ;
#601 = AXIS2_PLACEMENT_3D ( 'NONE', #786, #344, #2527 ) ;
#602 = CARTESIAN_POINT ( 'NONE',  ( -37.00000000000000000, 5.000000000000000000, -204.2999999999999829 ) ) ;
#603 = VECTOR ( 'NONE', #1892, 1000.000000000000000 ) ;
#604 = VERTEX_POINT ( 'NONE', #89 ) ;
#605 = DIRECTION ( 'NONE',  ( 0.000000000000000000, 1.000000000000000000, 0.000000000000000000 ) ) ;
#606 = VECTOR ( 'NONE', #1755, 1000.000000000000114 ) ;
#607 = DIRECTION ( 'NONE',  ( -0.000000000000000000, -1.000000000000000000, -0.000000000000000000 ) ) ;
#608 = AXIS2_PLACEMENT_3D ( 'NONE', #2376, #2363, #133 ) ;
#609 = VECTOR ( 'NONE', #1240, 1000.000000000000000 ) ;
#610 = VERTEX_POINT ( 'NONE', #295 ) ;
#611 = DIRECTION ( 'NONE',  ( 0.000000000000000000, 0.000000000000000000, 1.000000000000000000 ) ) ;
#612 = VECTOR ( 'NONE', #13, 1000.000000000000000 ) ;
#613 = DIRECTION ( 'NONE',  ( 0.000000000000000000, 0.000000000000000000, 1.000000000000000000 ) ) ;
#614 = ORIENTED_EDGE ( 'NONE', *, *, #2047, .F. ) ;
#615 = DIRECTION ( 'NONE',  ( -0.000000000000000000, -1.000000000000000000, -0.000000000000000000 ) ) ;
#616 = VECTOR ( 'NONE', #249, 1000.000000000000000 ) ;
#617 = CARTESIAN_POINT ( 'NONE',  ( 18.50000000000000355, 5.000000000000000000, -175.6570600599757768 ) ) ;
#618 = PRODUCT_DEFINITION_SHAPE ( 'NONE', 'NONE',  #2002 ) ;
#619 = EDGE_LOOP ( 'NONE', ( #798, #232, #3000, #431 ) ) ;
#620 = EDGE_CURVE ( 'NONE', #2858, #1794, #1092, .T. ) ;
#621 = ORIENTED_EDGE ( 'NONE', *, *, #2680, .T. ) ;
#622 = LINE ( 'NONE', #1349, #658 ) ;
#623 = FACE_OUTER_BOUND ( 'NONE', #1059, .T. ) ;
#624 = EDGE_CURVE ( 'NONE', #1311, #1981, #1409, .T. ) ;
#625 = ORIENTED_EDGE ( 'NONE', *, *, #620, .F. ) ;
#626 = FACE_OUTER_BOUND ( 'NONE', #1699, .T. ) ;
#627 = PLANE ( 'NONE',  #799 ) ;
#628 = CARTESIAN_POINT ( 'NONE',  ( -18.50000000000001776, -5.000000000000000000, -172.2570600599757711 ) ) ;
#629 = EDGE_LOOP ( 'NONE', ( #2738, #1852, #58, #1501 ) ) ;
#630 = CARTESIAN_POINT ( 'NONE',  ( -16.00000000000000000, -18.00000000000000000, -308.0000000000000000 ) ) ;
#631 = VERTEX_POINT ( 'NONE', #602 ) ;
#632 = ORIENTED_EDGE ( 'NONE', *, *, #2879, .T. ) ;
#633 = DIRECTION ( 'NONE',  ( 0.000000000000000000, 0.000000000000000000, 1.000000000000000000 ) ) ;
#634 = VERTEX_POINT ( 'NONE', #1570 ) ;
#635 = FACE_OUTER_BOUND ( 'NONE', #599, .T. ) ;
#636 = ORIENTED_EDGE ( 'NONE', *, *, #2152, .T. ) ;
#637 = EDGE_CURVE ( 'NONE', #184, #2067, #1812, .T. ) ;
#638 = PRODUCT_DEFINITION_FORMATION_WITH_SPECIFIED_SOURCE ( 'ANY', '', #1950, .NOT_KNOWN. ) ;
#639 = ORIENTED_EDGE ( 'NONE', *, *, #983, .T. ) ;
#640 = LINE ( 'NONE', #1647, #1116 ) ;
#641 = EDGE_CURVE ( 'NONE', #1667, #2016, #1029, .T. ) ;
#642 = DIRECTION ( 'NONE',  ( 0.000000000000000000, 0.000000000000000000, -1.000000000000000000 ) ) ;
#643 = DIRECTION ( 'NONE',  ( 0.000000000000000000, 0.000000000000000000, -1.000000000000000000 ) ) ;
#644 = EDGE_CURVE ( 'NONE', #1328, #3146, #3140, .T. ) ;
#645 = ORIENTED_EDGE ( 'NONE', *, *, #1137, .F. ) ;
#646 = ORIENTED_EDGE ( 'NONE', *, *, #1484, .F. ) ;
#647 = AXIS2_PLACEMENT_3D ( 'NONE', #2042, #1041, #2750 ) ;
#648 = ORIENTED_EDGE ( 'NONE', *, *, #90, .T. ) ;
#649 = DIRECTION ( 'NONE',  ( -0.000000000000000000, -1.000000000000000000, -0.000000000000000000 ) ) ;
#650 = ORIENTED_EDGE ( 'NONE', *, *, #2879, .F. ) ;
#651 = CARTESIAN_POINT ( 'NONE',  ( 29.56414504036117918, 34.00000000000000000, 12.24586983568286591 ) ) ;
#652 = CIRCLE ( 'NONE', #748, 10.99999999999999645 ) ;
#653 = EDGE_CURVE ( 'NONE', #1311, #2163, #1285, .T. ) ;
#654 = ORIENTED_EDGE ( 'NONE', *, *, #2613, .T. ) ;
#655 = CARTESIAN_POINT ( 'NONE',  ( -16.00000000000000000, -26.99999999999999645, -308.0000000000000000 ) ) ;
#656 = VECTOR ( 'NONE', #2813, 1000.000000000000000 ) ;
#657 = FACE_OUTER_BOUND ( 'NONE', #2597, .T. ) ;
#658 = VECTOR ( 'NONE', #2355, 1000.000000000000114 ) ;
#659 = AXIS2_PLACEMENT_3D ( 'NONE', #449, #1633, #2610 ) ;
#660 = DIRECTION ( 'NONE',  ( -0.000000000000000000, -1.000000000000000000, -0.000000000000000000 ) ) ;
#661 = EDGE_CURVE ( 'NONE', #2526, #2878, #1782, .T. ) ;
#662 = LINE ( 'NONE', #2580, #2746 ) ;
#663 = AXIS2_PLACEMENT_3D ( 'NONE', #2713, #1228, #1693 ) ;
#664 = LINE ( 'NONE', #912, #287 ) ;
#665 = EDGE_CURVE ( 'NONE', #2163, #2216, #1979, .T. ) ;
#666 = AXIS2_PLACEMENT_3D ( 'NONE', #3013, #1749, #43 ) ;
#667 = VERTEX_POINT ( 'NONE', #1761 ) ;
#668 = CIRCLE ( 'NONE', #2740, 1.700000000000007061 ) ;
#669 = DIRECTION ( 'NONE',  ( -0.000000000000000000, -1.000000000000000000, -0.000000000000000000 ) ) ;
#670 = ORIENTED_EDGE ( 'NONE', *, *, #1871, .F. ) ;
#671 = CARTESIAN_POINT ( 'NONE',  ( 0.000000000000000000, 34.00000000000000000, -6.000000000000000000 ) ) ;
#672 = VERTEX_POINT ( 'NONE', #1299 ) ;
#673 = FACE_BOUND ( 'NONE', #2210, .T. ) ;
#674 = EDGE_CURVE ( 'NONE', #945, #2119, #700, .T. ) ;
#675 = DIRECTION ( 'NONE',  ( -0.000000000000000000, -1.000000000000000000, -0.000000000000000000 ) ) ;
#676 = DIRECTION ( 'NONE',  ( 0.000000000000000000, 1.000000000000000000, 0.000000000000000000 ) ) ;
#677 = FACE_BOUND ( 'NONE', #2003, .T. ) ;
#678 = DIRECTION ( 'NONE',  ( 0.000000000000000000, 0.000000000000000000, 1.000000000000000000 ) ) ;
#679 = ORIENTED_EDGE ( 'NONE', *, *, #1722, .F. ) ;
#680 = LINE ( 'NONE', #2413, #1107 ) ;
#681 = DIRECTION ( 'NONE',  ( 1.000000000000000000, 0.000000000000000000, -0.000000000000000000 ) ) ;
#682 = VERTEX_POINT ( 'NONE', #2474 ) ;
#683 = CARTESIAN_POINT ( 'NONE',  ( 0.000000000000000000, -5.000000000000000000, -206.0000000000000000 ) ) ;
#684 = ORIENTED_EDGE ( 'NONE', *, *, #2627, .F. ) ;
#685 = DIRECTION ( 'NONE',  ( 0.000000000000000000, 1.000000000000000000, 0.000000000000000000 ) ) ;
#686 = DIRECTION ( 'NONE',  ( 0.000000000000000000, 0.000000000000000000, -1.000000000000000000 ) ) ;
#687 = PERSON_AND_ORGANIZATION_ROLE ( 'classification_officer' ) ;
#688 = LINE ( 'NONE', #1662, #2949 ) ;
#689 = CARTESIAN_POINT ( 'NONE',  ( 29.56414504036117918, 20.00000000000000355, 12.24586983568286591 ) ) ;
#690 = EDGE_CURVE ( 'NONE', #298, #2989, #652, .T. ) ;
#691 = EDGE_CURVE ( 'NONE', #2387, #1348, #2889, .T. ) ;
#692 = CARTESIAN_POINT ( 'NONE',  ( -30.00000000000000000, -27.00000000000000000, -260.0000000000000000 ) ) ;
#693 = ORIENTED_EDGE ( 'NONE', *, *, #17, .F. ) ;
#694 = CARTESIAN_POINT ( 'NONE',  ( -30.00000000000000000, 5.000000000000000000, -264.0000000000000000 ) ) ;
#695 = EDGE_LOOP ( 'NONE', ( #1082, #2910 ) ) ;
#696 = LINE ( 'NONE', #2225, #697 ) ;
#697 = VECTOR ( 'NONE', #1742, 1000.000000000000000 ) ;
#698 = ORIENTED_EDGE ( 'NONE', *, *, #425, .T. ) ;
#699 = LINE ( 'NONE', #1432, #1524 ) ;
#700 = CIRCLE ( 'NONE', #2034, 25.15000000000000213 ) ;
#701 = DIRECTION ( 'NONE',  ( 0.2425356250363328581, 0.000000000000000000, 0.9701425001453318764 ) ) ;
#702 = COORDINATED_UNIVERSAL_TIME_OFFSET ( 5, 30, .AHEAD. ) ;
#703 = FACE_BOUND ( 'NONE', #1618, .T. ) ;
#704 = VECTOR ( 'NONE', #2997, 1000.000000000000000 ) ;
#705 = DIRECTION ( 'NONE',  ( -0.6246950475544239545, 0.000000000000000000, -0.7808688094430306093 ) ) ;
#706 = CARTESIAN_POINT ( 'NONE',  ( -44.00000000000000000, 20.00000000000000355, 0.000000000000000000 ) ) ;
#707 = AXIS2_PLACEMENT_3D ( 'NONE', #513, #2710, #1477 ) ;
#708 = ORIENTED_EDGE ( 'NONE', *, *, #2824, .F. ) ;
#709 = CARTESIAN_POINT ( 'NONE',  ( 0.000000000000000000, 22.20000000000000284, 0.000000000000000000 ) ) ;
#710 = VERTEX_POINT ( 'NONE', #1078 ) ;
#711 = AXIS2_PLACEMENT_3D ( 'NONE', #2123, #1590, #681 ) ;
#712 = FACE_OUTER_BOUND ( 'NONE', #2968, .T. ) ;
#713 = CARTESIAN_POINT ( 'NONE',  ( 34.00000000000000000, -5.000000000000000000, -66.00000000000000000 ) ) ;
#714 = ORIENTED_EDGE ( 'NONE', *, *, #2719, .F. ) ;
#715 = CARTESIAN_POINT ( 'NONE',  ( -18.49999999999999289, -5.000000000000000000, -150.0429399400242119 ) ) ;
#716 = EDGE_CURVE ( 'NONE', #2636, #177, #2064, .T. ) ;
#717 = FACE_BOUND ( 'NONE', #1568, .T. ) ;
#718 = DIRECTION ( 'NONE',  ( 0.000000000000000000, 0.000000000000000000, -1.000000000000000000 ) ) ;
#719 = ORIENTED_EDGE ( 'NONE', *, *, #206, .T. ) ;
#720 = DIRECTION ( 'NONE',  ( 0.000000000000000000, 0.000000000000000000, 1.000000000000000000 ) ) ;
#721 = CARTESIAN_POINT ( 'NONE',  ( 18.50000000000000355, -5.000000000000000000, -239.7429399400242005 ) ) ;
#722 = FACE_OUTER_BOUND ( 'NONE', #973, .T. ) ;
#723 = VERTEX_POINT ( 'NONE', #173 ) ;
#724 = ORIENTED_EDGE ( 'NONE', *, *, #2331, .T. ) ;
#725 = CARTESIAN_POINT ( 'NONE',  ( -29.56414504036117918, 20.00000000000000355, 12.24586983568286946 ) ) ;
#726 = EDGE_LOOP ( 'NONE', ( #2546, #3025 ) ) ;
#727 = CARTESIAN_POINT ( 'NONE',  ( -30.00000000000000000, 5.000000000000000888, -260.0000000000000000 ) ) ;
#728 = ORIENTED_EDGE ( 'NONE', *, *, #1080, .F. ) ;
#729 = ADVANCED_FACE ( 'NONE', ( #2616 ), #1603, .T. ) ;
#730 = LINE ( 'NONE', #2172, #2558 ) ;
#731 = CARTESIAN_POINT ( 'NONE',  ( 16.00000000000000000, 18.00000000000000355, -308.0000000000000000 ) ) ;
#732 = ORIENTED_EDGE ( 'NONE', *, *, #1088, .T. ) ;
#733 = ADVANCED_FACE ( 'NONE', ( #2092 ), #1362, .F. ) ;
#734 = CARTESIAN_POINT ( 'NONE',  ( 29.56414504036117563, 20.00000000000000355, -12.24586983568287302 ) ) ;
#735 = CARTESIAN_POINT ( 'NONE',  ( 16.00000000000000000, 27.00000000000000000, -308.0000000000000000 ) ) ;
#736 = DIRECTION ( 'NONE',  ( 0.000000000000000000, 0.000000000000000000, -1.000000000000000000 ) ) ;
#737 = DIRECTION ( 'NONE',  ( -0.000000000000000000, -1.000000000000000000, -0.000000000000000000 ) ) ;
#738 = ORIENTED_EDGE ( 'NONE', *, *, #413, .F. ) ;
#739 = DIRECTION ( 'NONE',  ( 0.000000000000000000, 0.000000000000000000, 1.000000000000000000 ) ) ;
#740 = ORIENTED_EDGE ( 'NONE', *, *, #3012, .F. ) ;
#741 = EDGE_LOOP ( 'NONE', ( #1079, #2937 ) ) ;
#742 = DIRECTION ( 'NONE',  ( 0.000000000000000000, 0.000000000000000000, -1.000000000000000000 ) ) ;
#743 = AXIS2_PLACEMENT_3D ( 'NONE', #359, #782, #1055 ) ;
#744 = EDGE_CURVE ( 'NONE', #1438, #2373, #1824, .T. ) ;
#745 = CARTESIAN_POINT ( 'NONE',  ( 8.000000000000000000, -18.00000000000000000, -318.0000000000000000 ) ) ;
#746 = EDGE_LOOP ( 'NONE', ( #3117, #2300, #2460, #963 ) ) ;
#747 = CARTESIAN_POINT ( 'NONE',  ( 18.50000000000000355, -5.000000000000000000, -236.3429399400241948 ) ) ;
#748 = AXIS2_PLACEMENT_3D ( 'NONE', #1031, #883, #633 ) ;
#749 = CIRCLE ( 'NONE', #2090, 2.750000000000002665 ) ;
#750 = DIRECTION ( 'NONE',  ( 0.000000000000000000, 0.000000000000000000, 1.000000000000000000 ) ) ;
#751 = DIRECTION ( 'NONE',  ( 0.000000000000000000, 0.000000000000000000, -1.000000000000000000 ) ) ;
#752 = CIRCLE ( 'NONE', #1626, 1.700000000000007061 ) ;
#753 = DIRECTION ( 'NONE',  ( 0.000000000000000000, 1.000000000000000000, 0.000000000000000000 ) ) ;
#754 = VECTOR ( 'NONE', #1941, 1000.000000000000000 ) ;
#755 = AXIS2_PLACEMENT_3D ( 'NONE', #515, #2450, #1239 ) ;
#756 = ORIENTED_EDGE ( 'NONE', *, *, #3108, .T. ) ;
#757 = LINE ( 'NONE', #488, #1222 ) ;
#758 = EDGE_LOOP ( 'NONE', ( #1287, #2654 ) ) ;
#759 = VECTOR ( 'NONE', #2816, 1000.000000000000000 ) ;
#760 = CARTESIAN_POINT ( 'NONE',  ( 0.000000000000000000, 0.000000000000000000, 0.000000000000000000 ) ) ;
#761 = AXIS2_PLACEMENT_3D ( 'NONE', #1414, #1143, #2839 ) ;
#762 = ORIENTED_EDGE ( 'NONE', *, *, #1180, .F. ) ;
#763 = CARTESIAN_POINT ( 'NONE',  ( -16.00000000000000000, 27.00000000000000000, -308.0000000000000000 ) ) ;
#764 = CARTESIAN_POINT ( 'NONE',  ( -16.00000000000000000, 27.00000000000000000, -308.0000000000000000 ) ) ;
#765 = LINE ( 'NONE', #495, #2500 ) ;
#766 = ADVANCED_FACE ( 'NONE', ( #2320 ), #1642, .F. ) ;
#767 = CARTESIAN_POINT ( 'NONE',  ( 34.00000000000000000, -5.000000000000000000, -66.00000000000000000 ) ) ;
#768 = LINE ( 'NONE', #272, #1935 ) ;
#769 = ADVANCED_FACE ( 'NONE', ( #1093 ), #1835, .F. ) ;
#770 = ADVANCED_FACE ( 'NONE', ( #1347 ), #391, .F. ) ;
#771 = CARTESIAN_POINT ( 'NONE',  ( -37.00000000000000000, 5.000000000000000000, -118.0000000000000000 ) ) ;
#772 = CARTESIAN_POINT ( 'NONE',  ( 29.56414504036117918, 34.00000000000000000, 14.99586983568286946 ) ) ;
#773 = ORIENTED_EDGE ( 'NONE', *, *, #1260, .T. ) ;
#774 = ORIENTED_EDGE ( 'NONE', *, *, #2656, .T. ) ;
#775 = ORIENTED_EDGE ( 'NONE', *, *, #2498, .F. ) ;
#776 = CARTESIAN_POINT ( 'NONE',  ( -34.00000000000000000, 20.00000000000000355, 40.00000000000000000 ) ) ;
#777 = EDGE_CURVE ( 'NONE', #1103, #1584, #1058, .T. ) ;
#778 = CARTESIAN_POINT ( 'NONE',  ( 12.24586983568288012, 20.00000000000000355, 29.56414504036117208 ) ) ;
#779 = CARTESIAN_POINT ( 'NONE',  ( -18.49999999999999289, 5.000000000000000000, -239.7429399400242289 ) ) ;
#780 = DIRECTION ( 'NONE',  ( 0.000000000000000000, 0.000000000000000000, 1.000000000000000000 ) ) ;
#781 = ORIENTED_EDGE ( 'NONE', *, *, #1066, .F. ) ;
#782 = DIRECTION ( 'NONE',  ( -0.000000000000000000, -1.000000000000000000, -0.000000000000000000 ) ) ;
#783 = DIRECTION ( 'NONE',  ( 0.000000000000000000, 0.000000000000000000, -1.000000000000000000 ) ) ;
#784 = ORIENTED_EDGE ( 'NONE', *, *, #1337, .F. ) ;
#785 = ORIENTED_EDGE ( 'NONE', *, *, #1430, .F. ) ;
#786 = CARTESIAN_POINT ( 'NONE',  ( 12.24586983568287479, 20.00000000000000355, -29.56414504036117563 ) ) ;
#787 = ADVANCED_FACE ( 'NONE', ( #722 ), #1217, .F. ) ;
#788 = PERSON_AND_ORGANIZATION ( #3102, #2829 ) ;
#789 = ORIENTED_EDGE ( 'NONE', *, *, #185, .T. ) ;
#790 = CARTESIAN_POINT ( 'NONE',  ( 12.24586983568287479, 20.00000000000000355, -29.56414504036117563 ) ) ;
#791 = EDGE_CURVE ( 'NONE', #2117, #1057, #2138, .T. ) ;
#792 = CARTESIAN_POINT ( 'NONE',  ( 0.000000000000000000, 5.000000000000000000, -118.0000000000000000 ) ) ;
#793 = DIRECTION ( 'NONE',  ( 0.000000000000000000, 1.000000000000000000, 0.000000000000000000 ) ) ;
#794 = AXIS2_PLACEMENT_3D ( 'NONE', #444, #1172, #947 ) ;
#795 = DIRECTION ( 'NONE',  ( -0.5407575913134984313, 0.000000000000000000, 0.8411784753765537692 ) ) ;
#796 = DIRECTION ( 'NONE',  ( 0.000000000000000000, 1.000000000000000000, 0.000000000000000000 ) ) ;
#797 = FACE_OUTER_BOUND ( 'NONE', #1381, .T. ) ;
#798 = ORIENTED_EDGE ( 'NONE', *, *, #174, .F. ) ;
#799 = AXIS2_PLACEMENT_3D ( 'NONE', #535, #19, #2265 ) ;
#800 = CARTESIAN_POINT ( 'NONE',  ( -29.56414504036117918, 34.00000000000000000, 9.495869835682871241 ) ) ;
#801 = ORIENTED_EDGE ( 'NONE', *, *, #529, .F. ) ;
#802 = DIRECTION ( 'NONE',  ( 0.000000000000000000, 0.000000000000000000, -1.000000000000000000 ) ) ;
#803 = ADVANCED_FACE ( 'NONE', ( #2865 ), #2154, .F. ) ;
#804 = CIRCLE ( 'NONE', #3144, 1.700000000000007061 ) ;
#805 = VECTOR ( 'NONE', #736, 1000.000000000000000 ) ;
#806 = ORIENTED_EDGE ( 'NONE', *, *, #2683, .F. ) ;
#807 = CARTESIAN_POINT ( 'NONE',  ( -29.56414504036117563, 34.00000000000000000, -12.24586983568287657 ) ) ;
#808 = VECTOR ( 'NONE', #1635, 1000.000000000000000 ) ;
#809 = AXIS2_PLACEMENT_3D ( 'NONE', #822, #93, #2787 ) ;
#810 = VERTEX_POINT ( 'NONE', #706 ) ;
#811 = DIRECTION ( 'NONE',  ( 0.000000000000000000, 0.000000000000000000, -1.000000000000000000 ) ) ;
#812 = EDGE_CURVE ( 'NONE', #1796, #844, #3129, .T. ) ;
#813 = VECTOR ( 'NONE', #1095, 1000.000000000000000 ) ;
#814 = FACE_BOUND ( 'NONE', #2981, .T. ) ;
#815 = DIRECTION ( 'NONE',  ( 0.000000000000000000, 0.000000000000000000, -1.000000000000000000 ) ) ;
#816 = CC_DESIGN_PERSON_AND_ORGANIZATION_ASSIGNMENT ( #2872, #687, ( #937 ) ) ;
#817 = CARTESIAN_POINT ( 'NONE',  ( -37.00000000000000000, 5.000000000000000000, -119.7000000000000028 ) ) ;
#818 = ORIENTED_EDGE ( 'NONE', *, *, #2807, .F. ) ;
#819 = ORIENTED_EDGE ( 'NONE', *, *, #2331, .F. ) ;
#820 = DIRECTION ( 'NONE',  ( 0.000000000000000000, 0.000000000000000000, 1.000000000000000000 ) ) ;
#821 = ORIENTED_EDGE ( 'NONE', *, *, #980, .F. ) ;
#822 = CARTESIAN_POINT ( 'NONE',  ( 29.56414504036117563, 34.00000000000000000, -12.24586983568287302 ) ) ;
#823 = DIRECTION ( 'NONE',  ( 0.000000000000000000, 1.000000000000000000, 0.000000000000000000 ) ) ;
#824 = ADVANCED_FACE ( 'NONE', ( #2674 ), #1945, .F. ) ;
#825 = EDGE_CURVE ( 'NONE', #2766, #1438, #3101, .T. ) ;
#826 = ORIENTED_EDGE ( 'NONE', *, *, #248, .T. ) ;
#827 = DIRECTION ( 'NONE',  ( 0.000000000000000000, 0.000000000000000000, 1.000000000000000000 ) ) ;
#828 = LINE ( 'NONE', #2036, #1315 ) ;
#829 = EDGE_CURVE ( 'NONE', #1602, #423, #749, .T. ) ;
#830 = CARTESIAN_POINT ( 'NONE',  ( 0.000000000000000000, -18.00000000000000000, -304.0000000000000000 ) ) ;
#831 = DIRECTION ( 'NONE',  ( 0.000000000000000000, -1.000000000000000000, 0.000000000000000000 ) ) ;
#832 = ORIENTED_EDGE ( 'NONE', *, *, #2055, .T. ) ;
#833 = ORIENTED_EDGE ( 'NONE', *, *, #1145, .T. ) ;
#834 = DIRECTION ( 'NONE',  ( -0.000000000000000000, -1.000000000000000000, -0.000000000000000000 ) ) ;
#835 = CARTESIAN_POINT ( 'NONE',  ( 0.000000000000000000, 0.000000000000000000, -270.0000000000000000 ) ) ;
#836 = ORIENTED_EDGE ( 'NONE', *, *, #2929, .F. ) ;
#837 = CARTESIAN_POINT ( 'NONE',  ( 0.000000000000000000, 0.000000000000000000, -66.00000000000000000 ) ) ;
#838 = VERTEX_POINT ( 'NONE', #7 ) ;
#839 = CARTESIAN_POINT ( 'NONE',  ( -18.50000000000001776, -5.000000000000000000, -175.6570600599757768 ) ) ;
#840 = VERTEX_POINT ( 'NONE', #218 ) ;
#841 = DIRECTION ( 'NONE',  ( 1.000000000000000000, 0.000000000000000000, 0.000000000000000000 ) ) ;
#842 = EDGE_CURVE ( 'NONE', #844, #2902, #399, .T. ) ;
#843 = FACE_BOUND ( 'NONE', #2019, .T. ) ;
#844 = VERTEX_POINT ( 'NONE', #916 ) ;
#845 = CARTESIAN_POINT ( 'NONE',  ( 34.00000000000000000, 34.00000000000000000, -66.00000000000000000 ) ) ;
#846 = ORIENTED_EDGE ( 'NONE', *, *, #2917, .T. ) ;
#847 = DIRECTION ( 'NONE',  ( -0.07253569577882137964, 0.000000000000000000, -0.9973658169587938938 ) ) ;
#848 = AXIS2_PLACEMENT_3D ( 'NONE', #2868, #3107, #919 ) ;
#849 = ORIENTED_EDGE ( 'NONE', *, *, #1944, .F. ) ;
#850 = ORIENTED_EDGE ( 'NONE', *, *, #3067, .T. ) ;
#851 = AXIS2_PLACEMENT_3D ( 'NONE', #1149, #1357, #2135 ) ;
#852 = CARTESIAN_POINT ( 'NONE',  ( 37.00000000000000000, 5.000000000000000000, -206.0000000000000000 ) ) ;
#853 = EDGE_CURVE ( 'NONE', #2987, #2915, #680, .T. ) ;
#854 = VECTOR ( 'NONE', #3123, 1000.000000000000000 ) ;
#855 = ORIENTED_EDGE ( 'NONE', *, *, #2121, .T. ) ;
#856 = CARTESIAN_POINT ( 'NONE',  ( -18.49999999999999289, 5.000000000000000000, -151.7429399400242289 ) ) ;
#857 = CARTESIAN_POINT ( 'NONE',  ( -30.00000000000000000, -27.00000000000000000, -260.0000000000000000 ) ) ;
#858 = EDGE_CURVE ( 'NONE', #1246, #2733, #2187, .T. ) ;
#859 = DIRECTION ( 'NONE',  ( -0.000000000000000000, -0.000000000000000000, -1.000000000000000000 ) ) ;
#860 = VECTOR ( 'NONE', #2276, 1000.000000000000000 ) ;
#861 = AXIS2_PLACEMENT_3D ( 'NONE', #954, #2934, #1190 ) ;
#862 = EDGE_LOOP ( 'NONE', ( #886, #1035, #409, #2731 ) ) ;
#863 = CARTESIAN_POINT ( 'NONE',  ( 8.000000000000000000, -18.00000000000000000, -318.0000000000000000 ) ) ;
#864 = VECTOR ( 'NONE', #2931, 1000.000000000000000 ) ;
#865 = LINE ( 'NONE', #772, #148 ) ;
#866 = DIRECTION ( 'NONE',  ( -0.000000000000000000, -1.000000000000000000, -0.000000000000000000 ) ) ;
#867 = AXIS2_PLACEMENT_3D ( 'NONE', #709, #2880, #2442 ) ;
#868 = ORIENTED_EDGE ( 'NONE', *, *, #2628, .T. ) ;
#869 = ADVANCED_FACE ( 'NONE', ( #1960 ), #1437, .F. ) ;
#870 = EDGE_CURVE ( 'NONE', #1282, #2832, #2166, .T. ) ;
#871 = ORIENTED_EDGE ( 'NONE', *, *, #2723, .F. ) ;
#872 = EDGE_CURVE ( 'NONE', #2975, #121, #1653, .T. ) ;
#873 = ORIENTED_EDGE ( 'NONE', *, *, #2539, .T. ) ;
#874 = PLANE ( 'NONE',  #711 ) ;
#875 = ORIENTED_EDGE ( 'NONE', *, *, #1214, .T. ) ;
#876 = CARTESIAN_POINT ( 'NONE',  ( 7.347880794884118750E-16, 34.00000000000000000, 6.000000000000000000 ) ) ;
#877 = ORIENTED_EDGE ( 'NONE', *, *, #716, .T. ) ;
#878 = FACE_BOUND ( 'NONE', #1946, .T. ) ;
#879 = CARTESIAN_POINT ( 'NONE',  ( 4.898587196589407898E-16, -26.99999999999999645, -296.0000000000000000 ) ) ;
#880 = LINE ( 'NONE', #2411, #202 ) ;
#881 = ORIENTED_EDGE ( 'NONE', *, *, #624, .F. ) ;
#882 = EDGE_CURVE ( 'NONE', #2227, #2473, #2909, .T. ) ;
#883 = DIRECTION ( 'NONE',  ( 0.000000000000000000, 1.000000000000000000, 0.000000000000000000 ) ) ;
#884 = ORIENTED_EDGE ( 'NONE', *, *, #2735, .F. ) ;
#885 = CARTESIAN_POINT ( 'NONE',  ( -30.00000000000000000, 5.000000000000000000, 0.000000000000000000 ) ) ;
#886 = ORIENTED_EDGE ( 'NONE', *, *, #2958, .T. ) ;
#887 = CARTESIAN_POINT ( 'NONE',  ( 4.898587196589412829E-16, 27.00000000000000000, -296.0000000000000000 ) ) ;
#888 = ORIENTED_EDGE ( 'NONE', *, *, #2304, .T. ) ;
#889 = FACE_OUTER_BOUND ( 'NONE', #2137, .T. ) ;
#890 = EDGE_CURVE ( 'NONE', #3146, #1328, #2548, .T. ) ;
#891 = DIRECTION ( 'NONE',  ( -1.000000000000000000, 0.000000000000000000, -0.000000000000000000 ) ) ;
#892 = DIRECTION ( 'NONE',  ( 0.000000000000000000, -1.000000000000000000, 0.000000000000000000 ) ) ;
#893 = ORIENTED_EDGE ( 'NONE', *, *, #1911, .F. ) ;
#894 = CARTESIAN_POINT ( 'NONE',  ( 37.00000000000000000, -5.000000000000000000, -207.6999999999999886 ) ) ;
#895 = ORIENTED_EDGE ( 'NONE', *, *, #2836, .F. ) ;
#896 = CIRCLE ( 'NONE', #3139, 10.99999999999999645 ) ;
#897 = EDGE_CURVE ( 'NONE', #1597, #1361, #244, .T. ) ;
#898 = CARTESIAN_POINT ( 'NONE',  ( -36.00000000000000000, 34.00000000000000000, -110.0000000000000000 ) ) ;
#899 = CARTESIAN_POINT ( 'NONE',  ( 0.000000000000000000, 5.000000000000000000, -129.0000000000000000 ) ) ;
#900 = EDGE_LOOP ( 'NONE', ( #877, #2197, #326, #2472 ) ) ;
#901 = EDGE_CURVE ( 'NONE', #723, #2636, #1425, .T. ) ;
#902 = CARTESIAN_POINT ( 'NONE',  ( 29.56414504036117563, 34.00000000000000000, -14.99586983568287124 ) ) ;
#903 = AXIS2_PLACEMENT_3D ( 'NONE', #469, #2180, #2630 ) ;
#904 = CARTESIAN_POINT ( 'NONE',  ( 29.56414504036117918, 34.00000000000000000, 9.495869835682864135 ) ) ;
#905 = CIRCLE ( 'NONE', #2846, 1.700000000000007061 ) ;
#906 = VECTOR ( 'NONE', #859, 1000.000000000000000 ) ;
#907 = DIRECTION ( 'NONE',  ( 0.07253569577882136576, 0.000000000000000000, 0.9973658169587938938 ) ) ;
#908 = ADVANCED_FACE ( 'NONE', ( #1168 ), #627, .F. ) ;
#909 = DIRECTION ( 'NONE',  ( 0.000000000000000000, 0.000000000000000000, 1.000000000000000000 ) ) ;
#910 = AXIS2_PLACEMENT_3D ( 'NONE', #845, #1826, #2088 ) ;
#911 = VERTEX_POINT ( 'NONE', #2249 ) ;
#912 = CARTESIAN_POINT ( 'NONE',  ( 34.00000000000000000, 34.00000000000000000, -66.00000000000000000 ) ) ;
#913 = AXIS2_PLACEMENT_3D ( 'NONE', #969, #477, #1700 ) ;
#914 = ORIENTED_EDGE ( 'NONE', *, *, #2680, .F. ) ;
#915 = VECTOR ( 'NONE', #649, 1000.000000000000000 ) ;
#916 = CARTESIAN_POINT ( 'NONE',  ( 37.00000000000000000, -5.000000000000000000, -119.7000000000000028 ) ) ;
#917 = DIRECTION ( 'NONE',  ( 0.000000000000000000, 0.000000000000000000, -1.000000000000000000 ) ) ;
#918 = ORIENTED_EDGE ( 'NONE', *, *, #2843, .F. ) ;
#919 = DIRECTION ( 'NONE',  ( 0.000000000000000000, 0.000000000000000000, -1.000000000000000000 ) ) ;
#920 = ORIENTED_EDGE ( 'NONE', *, *, #1088, .F. ) ;
#921 = LINE ( 'NONE', #385, #357 ) ;
#922 = EDGE_CURVE ( 'NONE', #2354, #1629, #572, .T. ) ;
#923 = DIRECTION ( 'NONE',  ( -0.000000000000000000, -1.000000000000000000, -0.000000000000000000 ) ) ;
#924 = EDGE_CURVE ( 'NONE', #1644, #476, #2595, .T. ) ;
#925 = CARTESIAN_POINT ( 'NONE',  ( -48.00000000000000000, 5.000000000000000000, -236.0000000000000000 ) ) ;
#926 = CARTESIAN_POINT ( 'NONE',  ( 18.50000000000000355, 5.000000000000000000, -150.0429399400242119 ) ) ;
#927 = CARTESIAN_POINT ( 'NONE',  ( -34.00000000000000711, 20.00000000000000355, -110.0000000000000000 ) ) ;
#928 = EDGE_CURVE ( 'NONE', #1733, #3074, #2704, .T. ) ;
#929 = DIRECTION ( 'NONE',  ( 0.000000000000000000, 1.000000000000000000, 0.000000000000000000 ) ) ;
#930 = CYLINDRICAL_SURFACE ( 'NONE', #867, 25.15000000000000213 ) ;
#931 = ORIENTED_EDGE ( 'NONE', *, *, #1906, .T. ) ;
#932 = CARTESIAN_POINT ( 'NONE',  ( 36.00000000000000000, 5.000000000000000888, -110.0000000000000000 ) ) ;
#933 = ORIENTED_EDGE ( 'NONE', *, *, #1384, .F. ) ;
#934 = FACE_OUTER_BOUND ( 'NONE', #75, .T. ) ;
#935 = CARTESIAN_POINT ( 'NONE',  ( -12.24586983568287124, 34.00000000000000000, -29.56414504036117563 ) ) ;
#936 = APPROVAL_ROLE ( '' ) ;
#937 = SECURITY_CLASSIFICATION ( '', '', #993 ) ;
#938 = DIRECTION ( 'NONE',  ( 0.000000000000000000, -1.000000000000000000, 0.000000000000000000 ) ) ;
#939 = ADVANCED_FACE ( 'NONE', ( #1264 ), #2986, .F. ) ;
#940 = CARTESIAN_POINT ( 'NONE',  ( -37.00000000000000000, 5.000000000000000000, -206.0000000000000000 ) ) ;
#941 = DIRECTION ( 'NONE',  ( 0.000000000000000000, 0.000000000000000000, -1.000000000000000000 ) ) ;
#942 = DESIGN_CONTEXT ( 'detailed design', #1257, 'design' ) ;
#943 = EDGE_CURVE ( 'NONE', #1103, #1602, #1537, .T. ) ;
#944 = CARTESIAN_POINT ( 'NONE',  ( 16.00000000000000000, 27.00000000000000000, -308.0000000000000000 ) ) ;
#945 = VERTEX_POINT ( 'NONE', #1843 ) ;
#946 = CARTESIAN_POINT ( 'NONE',  ( 48.00000000000000000, -5.000000000000000000, -236.0000000000000000 ) ) ;
#947 = DIRECTION ( 'NONE',  ( 0.000000000000000000, 0.000000000000000000, -1.000000000000000000 ) ) ;
#948 = VECTOR ( 'NONE', #590, 1000.000000000000000 ) ;
#949 = ORIENTED_EDGE ( 'NONE', *, *, #171, .T. ) ;
#950 = FACE_OUTER_BOUND ( 'NONE', #1204, .T. ) ;
#951 = CIRCLE ( 'NONE', #1619, 8.000000000000007105 ) ;
#952 = FACE_BOUND ( 'NONE', #2675, .T. ) ;
#953 = VECTOR ( 'NONE', #1595, 1000.000000000000000 ) ;
#954 = CARTESIAN_POINT ( 'NONE',  ( 18.50000000000000355, 5.000000000000000000, -173.9570600599757597 ) ) ;
#955 = VECTOR ( 'NONE', #642, 1000.000000000000000 ) ;
#956 = CARTESIAN_POINT ( 'NONE',  ( -12.24586983568286414, 34.00000000000000000, 29.56414504036117918 ) ) ;
#957 = VECTOR ( 'NONE', #705, 1000.000000000000000 ) ;
#958 = CARTESIAN_POINT ( 'NONE',  ( 18.50000000000000355, 5.000000000000000000, -175.6570600599757768 ) ) ;
#959 = VECTOR ( 'NONE', #2364, 1000.000000000000000 ) ;
#960 = CARTESIAN_POINT ( 'NONE',  ( 37.00000000000000000, 5.000000000000000000, -118.0000000000000000 ) ) ;
#961 = CIRCLE ( 'NONE', #1374, 2.749999999999999112 ) ;
#962 = EDGE_CURVE ( 'NONE', #1521, #360, #989, .T. ) ;
#963 = ORIENTED_EDGE ( 'NONE', *, *, #890, .F. ) ;
#964 = ORIENTED_EDGE ( 'NONE', *, *, #2263, .F. ) ;
#965 = ORIENTED_EDGE ( 'NONE', *, *, #624, .T. ) ;
#966 = CARTESIAN_POINT ( 'NONE',  ( -18.50000000000001776, 5.000000000000000000, -173.9570600599757597 ) ) ;
#967 = EDGE_CURVE ( 'NONE', #667, #280, #2395, .T. ) ;
#968 = EDGE_LOOP ( 'NONE', ( #775, #3057 ) ) ;
#969 = CARTESIAN_POINT ( 'NONE',  ( 34.00000000000000000, -5.000000000000000000, -66.00000000000000000 ) ) ;
#970 = DIRECTION ( 'NONE',  ( 0.000000000000000000, 0.000000000000000000, -1.000000000000000000 ) ) ;
#971 = ORIENTED_EDGE ( 'NONE', *, *, #2126, .F. ) ;
#972 = LINE ( 'NONE', #2452, #2093 ) ;
#973 = EDGE_LOOP ( 'NONE', ( #3061, #1221, #487, #2465 ) ) ;
#974 = DIRECTION ( 'NONE',  ( 0.000000000000000000, 1.000000000000000000, 0.000000000000000000 ) ) ;
#975 = DIRECTION ( 'NONE',  ( -0.000000000000000000, -1.000000000000000000, -0.000000000000000000 ) ) ;
#976 = EDGE_LOOP ( 'NONE', ( #2289, #855, #762, #104 ) ) ;
#977 = LINE ( 'NONE', #22, #1121 ) ;
#978 = EDGE_LOOP ( 'NONE', ( #1076, #1131 ) ) ;
#979 = CARTESIAN_POINT ( 'NONE',  ( -8.000000000000000000, 27.00000000000000000, -318.0000000000000000 ) ) ;
#980 = EDGE_CURVE ( 'NONE', #396, #1963, #2792, .T. ) ;
#981 = EDGE_LOOP ( 'NONE', ( #2662, #3147 ) ) ;
#982 = DIRECTION ( 'NONE',  ( 1.000000000000000000, 0.000000000000000000, 0.000000000000000000 ) ) ;
#983 = EDGE_CURVE ( 'NONE', #1275, #2030, #2024, .T. ) ;
#984 = ADVANCED_FACE ( 'NONE', ( #1483, #2471 ), #1743, .T. ) ;
#985 = DIRECTION ( 'NONE',  ( -0.6246950475544239545, 0.000000000000000000, -0.7808688094430306093 ) ) ;
#986 = FACE_OUTER_BOUND ( 'NONE', #2252, .T. ) ;
#987 = APPROVAL_PERSON_ORGANIZATION ( #2708, #2191, #1014 ) ;
#988 = DIRECTION ( 'NONE',  ( 0.000000000000000000, 0.000000000000000000, 1.000000000000000000 ) ) ;
#989 = LINE ( 'NONE', #1042, #1513 ) ;
#990 = EDGE_LOOP ( 'NONE', ( #573, #2976, #1154, #1768, #2629, #1896, #594, #390, #1201, #2234, #3082, #2334, #1620, #1159, #2786 ) ) ;
#991 = CARTESIAN_POINT ( 'NONE',  ( 18.50000000000000355, 5.000000000000000000, -173.9570600599757597 ) ) ;
#992 = EDGE_LOOP ( 'NONE', ( #648, #931 ) ) ;
#993 = SECURITY_CLASSIFICATION_LEVEL ( 'unclassified' ) ;
#994 = EDGE_CURVE ( 'NONE', #1046, #631, #1208, .T. ) ;
#995 = ORIENTED_EDGE ( 'NONE', *, *, #1454, .F. ) ;
#996 = LINE ( 'NONE', #1918, #612 ) ;
#997 = VECTOR ( 'NONE', #847, 1000.000000000000000 ) ;
#998 = CARTESIAN_POINT ( 'NONE',  ( 44.00000000000000000, 20.00000000000000355, 0.000000000000000000 ) ) ;
#999 = ADVANCED_FACE ( 'NONE', ( #797 ), #1245, .F. ) ;
#1000 = FACE_OUTER_BOUND ( 'NONE', #317, .T. ) ;
#1001 = AXIS2_PLACEMENT_3D ( 'NONE', #1314, #2078, #820 ) ;
#1002 = VECTOR ( 'NONE', #2150, 1000.000000000000000 ) ;
#1003 = DIRECTION ( 'NONE',  ( -0.000000000000000000, -1.000000000000000000, -0.000000000000000000 ) ) ;
#1004 = CARTESIAN_POINT ( 'NONE',  ( 0.000000000000000000, 5.000000000000000000, -206.0000000000000000 ) ) ;
#1005 = CIRCLE ( 'NONE', #2350, 2.749999999999999112 ) ;
#1006 = DIRECTION ( 'NONE',  ( 0.000000000000000000, 1.000000000000000000, 0.000000000000000000 ) ) ;
#1007 = CARTESIAN_POINT ( 'NONE',  ( 12.24586983568287479, 34.00000000000000000, -29.56414504036117563 ) ) ;
#1008 = AXIS2_PLACEMENT_3D ( 'NONE', #1118, #2578, #907 ) ;
#1009 = CIRCLE ( 'NONE', #2043, 6.000000000000000000 ) ;
#1010 = EDGE_CURVE ( 'NONE', #292, #2311, #501, .T. ) ;
#1011 = VERTEX_POINT ( 'NONE', #1758 ) ;
#1012 = EDGE_LOOP ( 'NONE', ( #1688, #2963 ) ) ;
#1013 = CIRCLE ( 'NONE', #1678, 10.99999999999999645 ) ;
#1014 = APPROVAL_ROLE ( '' ) ;
#1015 = AXIS2_PLACEMENT_3D ( 'NONE', #898, #1853, #394 ) ;
#1016 = VERTEX_POINT ( 'NONE', #553 ) ;
#1017 = CARTESIAN_POINT ( 'NONE',  ( 0.000000000000000000, 18.00000000000000355, -270.0000000000000000 ) ) ;
#1018 = FACE_BOUND ( 'NONE', #726, .T. ) ;
#1019 = DIRECTION ( 'NONE',  ( 0.000000000000000000, 1.000000000000000000, 0.000000000000000000 ) ) ;
#1020 = EDGE_CURVE ( 'NONE', #1917, #604, #865, .T. ) ;
#1021 = CARTESIAN_POINT ( 'NONE',  ( 29.56414504036117563, 34.00000000000000000, -12.24586983568287302 ) ) ;
#1022 = DIRECTION ( 'NONE',  ( -0.000000000000000000, -1.000000000000000000, -0.000000000000000000 ) ) ;
#1023 = EDGE_LOOP ( 'NONE', ( #522, #781 ) ) ;
#1024 = EDGE_CURVE ( 'NONE', #1142, #604, #3097, .T. ) ;
#1025 = DIRECTION ( 'NONE',  ( -0.000000000000000000, -1.000000000000000000, -0.000000000000000000 ) ) ;
#1026 = CARTESIAN_POINT ( 'NONE',  ( 12.24586983568288012, 34.00000000000000000, 26.81414504036117208 ) ) ;
#1027 = ORIENTED_EDGE ( 'NONE', *, *, #716, .F. ) ;
#1028 = ORIENTED_EDGE ( 'NONE', *, *, #3133, .T. ) ;
#1029 = LINE ( 'NONE', #2302, #1511 ) ;
#1030 = ADVANCED_FACE ( 'NONE', ( #132, #1100 ), #2086, .F. ) ;
#1031 = CARTESIAN_POINT ( 'NONE',  ( 0.000000000000000000, 5.000000000000000000, -118.0000000000000000 ) ) ;
#1032 = DATE_AND_TIME ( #2737, #2532 ) ;
#1033 = ORIENTED_EDGE ( 'NONE', *, *, #413, .T. ) ;
#1034 = CARTESIAN_POINT ( 'NONE',  ( 0.000000000000000000, -5.000000000000000000, -129.0000000000000000 ) ) ;
#1035 = ORIENTED_EDGE ( 'NONE', *, *, #26, .T. ) ;
#1036 = CYLINDRICAL_SURFACE ( 'NONE', #1783, 2.749999999999999112 ) ;
#1037 = APPLICATION_CONTEXT ( 'configuration controlled 3d designs of mechanical parts and assemblies' ) ;
#1038 = FACE_BOUND ( 'NONE', #992, .T. ) ;
#1039 = EDGE_CURVE ( 'NONE', #393, #1601, #3063, .T. ) ;
#1040 = CARTESIAN_POINT ( 'NONE',  ( -30.00000000000000000, -5.000000000000000000, -264.0000000000000000 ) ) ;
#1041 = DIRECTION ( 'NONE',  ( 0.000000000000000000, 1.000000000000000000, 0.000000000000000000 ) ) ;
#1042 = CARTESIAN_POINT ( 'NONE',  ( -16.00000000000000000, 18.00000000000000355, -308.0000000000000000 ) ) ;
#1043 = EDGE_LOOP ( 'NONE', ( #1607, #2113, #1954, #361, #3095, #1640, #516, #2476, #585, #164, #1869, #1405 ) ) ;
#1044 = EDGE_LOOP ( 'NONE', ( #1681, #86, #2356, #738 ) ) ;
#1045 = CARTESIAN_POINT ( 'NONE',  ( 34.00000000000000000, -5.000000000000000000, -66.00000000000000000 ) ) ;
#1046 = VERTEX_POINT ( 'NONE', #2130 ) ;
#1047 = CARTESIAN_POINT ( 'NONE',  ( -16.00000000000000000, 0.000000000000000000, -270.0000000000000000 ) ) ;
#1048 = CARTESIAN_POINT ( 'NONE',  ( 16.00000000000000000, -26.99999999999999645, -308.0000000000000000 ) ) ;
#1049 = VERTEX_POINT ( 'NONE', #879 ) ;
#1050 = LINE ( 'NONE', #2499, #2701 ) ;
#1051 = CARTESIAN_POINT ( 'NONE',  ( 0.000000000000000000, 5.000000000000000000, -129.0000000000000000 ) ) ;
#1052 = CIRCLE ( 'NONE', #1307, 8.000000000000007105 ) ;
#1053 = ORIENTED_EDGE ( 'NONE', *, *, #2239, .T. ) ;
#1054 = DIRECTION ( 'NONE',  ( -0.000000000000000000, -1.000000000000000000, -0.000000000000000000 ) ) ;
#1055 = DIRECTION ( 'NONE',  ( 0.000000000000000000, 0.000000000000000000, -1.000000000000000000 ) ) ;
#1056 = CIRCLE ( 'NONE', #194, 1.700000000000007061 ) ;
#1057 = VERTEX_POINT ( 'NONE', #1353 ) ;
#1058 = CIRCLE ( 'NONE', #1771, 2.750000000000002665 ) ;
#1059 = EDGE_LOOP ( 'NONE', ( #2833, #2299, #414, #920 ) ) ;
#1060 = CARTESIAN_POINT ( 'NONE',  ( -18.49999999999999289, -5.000000000000000000, -238.0429399400242403 ) ) ;
#1061 = EDGE_CURVE ( 'NONE', #1224, #1781, #1417, .T. ) ;
#1062 = AXIS2_PLACEMENT_3D ( 'NONE', #1772, #82, #355 ) ;
#1063 = CIRCLE ( 'NONE', #2040, 2.749999999999999112 ) ;
#1064 = ORIENTED_EDGE ( 'NONE', *, *, #70, .F. ) ;
#1065 = VECTOR ( 'NONE', #2071, 1000.000000000000000 ) ;
#1066 = EDGE_CURVE ( 'NONE', #2858, #610, #1412, .T. ) ;
#1067 = PLANE ( 'NONE',  #454 ) ;
#1068 = AXIS2_PLACEMENT_3D ( 'NONE', #1398, #2870, #1630 ) ;
#1069 = EDGE_LOOP ( 'NONE', ( #1064, #846, #2588, #2074 ) ) ;
#1070 = CARTESIAN_POINT ( 'NONE',  ( -8.000000000000000000, -18.00000000000000000, -318.0000000000000000 ) ) ;
#1071 = AXIS2_PLACEMENT_3D ( 'NONE', #2383, #1153, #2155 ) ;
#1072 = DIRECTION ( 'NONE',  ( 0.000000000000000000, 1.000000000000000000, 0.000000000000000000 ) ) ;
#1073 = EDGE_LOOP ( 'NONE', ( #1810, #208, #2041, #542 ) ) ;
#1074 = LINE ( 'NONE', #1040, #2554 ) ;
#1075 = DIRECTION ( 'NONE',  ( 0.000000000000000000, 0.000000000000000000, 1.000000000000000000 ) ) ;
#1076 = ORIENTED_EDGE ( 'NONE', *, *, #1180, .T. ) ;
#1077 = DIRECTION ( 'NONE',  ( -0.000000000000000000, -1.000000000000000000, -0.000000000000000000 ) ) ;
#1078 = CARTESIAN_POINT ( 'NONE',  ( 34.00000000000000000, 20.00000000000000355, -110.0000000000000000 ) ) ;
#1079 = ORIENTED_EDGE ( 'NONE', *, *, #1416, .T. ) ;
#1080 = EDGE_CURVE ( 'NONE', #2832, #1948, #1829, .T. ) ;
#1081 = DIRECTION ( 'NONE',  ( -0.000000000000000000, -1.000000000000000000, -0.000000000000000000 ) ) ;
#1082 = ORIENTED_EDGE ( 'NONE', *, *, #1956, .F. ) ;
#1083 = DIRECTION ( 'NONE',  ( 0.000000000000000000, 0.000000000000000000, -1.000000000000000000 ) ) ;
#1084 = ORIENTED_EDGE ( 'NONE', *, *, #2553, .F. ) ;
#1085 = EDGE_CURVE ( 'NONE', #2027, #1298, #1162, .T. ) ;
#1086 = CARTESIAN_POINT ( 'NONE',  ( 36.00000000000000000, 20.00000000000000355, -110.0000000000000000 ) ) ;
#1087 = LINE ( 'NONE', #50, #2745 ) ;
#1088 = EDGE_CURVE ( 'NONE', #2927, #1142, #2161, .T. ) ;
#1089 = CARTESIAN_POINT ( 'NONE',  ( 12.24586983568288012, 34.00000000000000000, 32.31414504036117563 ) ) ;
#1090 = FACE_OUTER_BOUND ( 'NONE', #1294, .T. ) ;
#1091 = ORIENTED_EDGE ( 'NONE', *, *, #2305, .T. ) ;
#1092 = LINE ( 'NONE', #1798, #2182 ) ;
#1093 = FACE_OUTER_BOUND ( 'NONE', #2367, .T. ) ;
#1094 = ORIENTED_EDGE ( 'NONE', *, *, #159, .F. ) ;
#1095 = DIRECTION ( 'NONE',  ( -0.07253569577882137964, 0.000000000000000000, 0.9973658169587938938 ) ) ;
#1096 = DIRECTION ( 'NONE',  ( -0.07253569577882137964, 0.000000000000000000, 0.9973658169587938938 ) ) ;
#1097 = ORIENTED_EDGE ( 'NONE', *, *, #2368, .T. ) ;
#1098 = CARTESIAN_POINT ( 'NONE',  ( 0.000000000000000000, -18.00000000000000000, -300.0000000000000000 ) ) ;
#1099 = EDGE_CURVE ( 'NONE', #107, #2079, #2102, .T. ) ;
#1100 = FACE_OUTER_BOUND ( 'NONE', #2218, .T. ) ;
#1101 = ADVANCED_FACE ( 'NONE', ( #150 ), #2577, .F. ) ;
#1102 =( LENGTH_UNIT ( ) NAMED_UNIT ( * ) SI_UNIT ( .MILLI., .METRE. ) );
#1103 = VERTEX_POINT ( 'NONE', #1858 ) ;
#1104 = CARTESIAN_POINT ( 'NONE',  ( 29.56414504036117563, 34.00000000000000000, -9.495869835682874793 ) ) ;
#1105 = DIRECTION ( 'NONE',  ( 0.000000000000000000, 0.000000000000000000, 1.000000000000000000 ) ) ;
#1106 = ORIENTED_EDGE ( 'NONE', *, *, #1061, .T. ) ;
#1107 = VECTOR ( 'NONE', #1912, 1000.000000000000000 ) ;
#1108 = ORIENTED_EDGE ( 'NONE', *, *, #2783, .T. ) ;
#1109 = DIRECTION ( 'NONE',  ( -1.000000000000000000, 0.000000000000000000, -0.000000000000000000 ) ) ;
#1110 = VECTOR ( 'NONE', #478, 1000.000000000000000 ) ;
#1111 = CARTESIAN_POINT ( 'NONE',  ( -18.50000000000001776, 5.000000000000000000, -172.2570600599757711 ) ) ;
#1112 =( GEOMETRIC_REPRESENTATION_CONTEXT ( 3 ) GLOBAL_UNCERTAINTY_ASSIGNED_CONTEXT ( ( #2486 ) ) GLOBAL_UNIT_ASSIGNED_CONTEXT ( ( #1102, #197, #2151 ) ) REPRESENTATION_CONTEXT ( 'NONE', 'WORKASPACE' ) );
#1113 = CIRCLE ( 'NONE', #456, 1.700000000000007061 ) ;
#1114 = ORIENTED_EDGE ( 'NONE', *, *, #2631, .F. ) ;
#1115 = CARTESIAN_POINT ( 'NONE',  ( 12.24586983568287479, 20.00000000000000355, -26.81414504036117563 ) ) ;
#1116 = VECTOR ( 'NONE', #2374, 1000.000000000000000 ) ;
#1117 = LINE ( 'NONE', #2828, #955 ) ;
#1118 = CARTESIAN_POINT ( 'NONE',  ( 44.00000000000000000, 34.00000000000000000, 0.000000000000000000 ) ) ;
#1119 = VERTEX_POINT ( 'NONE', #433 ) ;
#1120 = CARTESIAN_POINT ( 'NONE',  ( -16.00000000000000000, -18.00000000000000000, -270.0000000000000000 ) ) ;
#1121 = VECTOR ( 'NONE', #2943, 1000.000000000000000 ) ;
#1122 = EDGE_CURVE ( 'NONE', #1016, #2365, #1117, .T. ) ;
#1123 = ORIENTED_EDGE ( 'NONE', *, *, #2894, .T. ) ;
#1124 = ORIENTED_EDGE ( 'NONE', *, *, #174, .T. ) ;
#1125 = ORIENTED_EDGE ( 'NONE', *, *, #2827, .F. ) ;
#1126 = DIRECTION ( 'NONE',  ( 0.000000000000000000, 0.000000000000000000, -1.000000000000000000 ) ) ;
#1127 = EDGE_LOOP ( 'NONE', ( #1585, #418 ) ) ;
#1128 = EDGE_CURVE ( 'NONE', #2733, #1246, #2895, .T. ) ;
#1129 = LINE ( 'NONE', #142, #460 ) ;
#1130 = LINE ( 'NONE', #2112, #2339 ) ;
#1131 = ORIENTED_EDGE ( 'NONE', *, *, #583, .T. ) ;
#1132 = FACE_BOUND ( 'NONE', #1290, .T. ) ;
#1133 = CARTESIAN_POINT ( 'NONE',  ( 0.000000000000000000, -5.000000000000000000, -206.0000000000000000 ) ) ;
#1134 = CARTESIAN_POINT ( 'NONE',  ( 29.56414504036117563, 34.00000000000000000, -14.99586983568287124 ) ) ;
#1135 = FACE_BOUND ( 'NONE', #2568, .T. ) ;
#1136 = DIRECTION ( 'NONE',  ( 0.000000000000000000, 0.000000000000000000, 1.000000000000000000 ) ) ;
#1137 = EDGE_CURVE ( 'NONE', #3066, #476, #1660, .T. ) ;
#1138 = ORIENTED_EDGE ( 'NONE', *, *, #29, .F. ) ;
#1139 = DIRECTION ( 'NONE',  ( -0.000000000000000000, 0.000000000000000000, 1.000000000000000000 ) ) ;
#1140 = VERTEX_POINT ( 'NONE', #3111 ) ;
#1141 = CARTESIAN_POINT ( 'NONE',  ( -30.00000000000000000, 27.00000000000000000, -260.0000000000000000 ) ) ;
#1142 = VERTEX_POINT ( 'NONE', #2375 ) ;
#1143 = DIRECTION ( 'NONE',  ( 0.000000000000000000, 1.000000000000000000, 0.000000000000000000 ) ) ;
#1144 = CARTESIAN_POINT ( 'NONE',  ( 30.00000000000000000, 27.00000000000000000, -270.0000000000000000 ) ) ;
#1145 = EDGE_CURVE ( 'NONE', #2581, #1796, #1468, .T. ) ;
#1146 = CARTESIAN_POINT ( 'NONE',  ( -29.56414504036117563, 20.00000000000000355, -14.99586983568287479 ) ) ;
#1147 = FACE_OUTER_BOUND ( 'NONE', #990, .T. ) ;
#1148 = ORIENTED_EDGE ( 'NONE', *, *, #2795, .T. ) ;
#1149 = CARTESIAN_POINT ( 'NONE',  ( 18.50000000000000355, 5.000000000000000000, -238.0429399400242119 ) ) ;
#1150 = CIRCLE ( 'NONE', #647, 1.700000000000007061 ) ;
#1151 = CARTESIAN_POINT ( 'NONE',  ( -18.50000000000001776, -5.000000000000000000, -173.9570600599757597 ) ) ;
#1152 = VECTOR ( 'NONE', #412, 1000.000000000000000 ) ;
#1153 = DIRECTION ( 'NONE',  ( 0.000000000000000000, 1.000000000000000000, 0.000000000000000000 ) ) ;
#1154 = ORIENTED_EDGE ( 'NONE', *, *, #3126, .T. ) ;
#1155 = ADVANCED_FACE ( 'NONE', ( #657 ), #2362, .F. ) ;
#1156 = ADVANCED_FACE ( 'NONE', ( #1872 ), #1648, .F. ) ;
#1157 = CYLINDRICAL_SURFACE ( 'NONE', #848, 4.000000000000003553 ) ;
#1158 = AXIS2_PLACEMENT_3D ( 'NONE', #1408, #2425, #2924 ) ;
#1159 = ORIENTED_EDGE ( 'NONE', *, *, #185, .F. ) ;
#1160 = CARTESIAN_POINT ( 'NONE',  ( 48.00000000000000000, 5.000000000000000000, -236.0000000000000000 ) ) ;
#1161 = AXIS2_PLACEMENT_3D ( 'NONE', #1482, #1959, #2908 ) ;
#1162 = LINE ( 'NONE', #1176, #854 ) ;
#1163 = VECTOR ( 'NONE', #2844, 1000.000000000000000 ) ;
#1164 = CARTESIAN_POINT ( 'NONE',  ( 29.56414504036117563, 20.00000000000000355, -9.495869835682874793 ) ) ;
#1165 = DIRECTION ( 'NONE',  ( 0.000000000000000000, -0.000000000000000000, -1.000000000000000000 ) ) ;
#1166 = AXIS2_PLACEMENT_3D ( 'NONE', #135, #615, #1598 ) ;
#1167 = AXIS2_PLACEMENT_3D ( 'NONE', #2726, #1821, #611 ) ;
#1168 = FACE_OUTER_BOUND ( 'NONE', #2753, .T. ) ;
#1169 = ORIENTED_EDGE ( 'NONE', *, *, #1848, .T. ) ;
#1170 = DIRECTION ( 'NONE',  ( -0.000000000000000000, -1.000000000000000000, -0.000000000000000000 ) ) ;
#1171 = ORIENTED_EDGE ( 'NONE', *, *, #1466, .F. ) ;
#1172 = DIRECTION ( 'NONE',  ( -0.000000000000000000, -1.000000000000000000, -0.000000000000000000 ) ) ;
#1173 = ADVANCED_FACE ( 'NONE', ( #1399 ), #179, .F. ) ;
#1174 = ORIENTED_EDGE ( 'NONE', *, *, #2167, .T. ) ;
#1175 = DIRECTION ( 'NONE',  ( -0.000000000000000000, -1.000000000000000000, -0.000000000000000000 ) ) ;
#1176 = CARTESIAN_POINT ( 'NONE',  ( -8.000000000000000000, -18.00000000000000000, -318.0000000000000000 ) ) ;
#1177 = DATE_TIME_ROLE ( 'creation_date' ) ;
#1178 = FACE_BOUND ( 'NONE', #1731, .T. ) ;
#1179 = CARTESIAN_POINT ( 'NONE',  ( 30.00000000000000000, 27.00000000000000000, -260.0000000000000000 ) ) ;
#1180 = EDGE_CURVE ( 'NONE', #2663, #1049, #558, .T. ) ;
#1181 = DIRECTION ( 'NONE',  ( 0.000000000000000000, 1.000000000000000000, 0.000000000000000000 ) ) ;
#1182 = CARTESIAN_POINT ( 'NONE',  ( -7.549834435270755151, 5.000000000000000000, -110.0000000000000000 ) ) ;
#1183 = EDGE_LOOP ( 'NONE', ( #625, #1572, #2758, #2540 ) ) ;
#1184 = DIRECTION ( 'NONE',  ( 0.000000000000000000, 1.000000000000000000, 0.000000000000000000 ) ) ;
#1185 = VERTEX_POINT ( 'NONE', #764 ) ;
#1186 = CARTESIAN_POINT ( 'NONE',  ( 30.00000000000000000, -27.00000000000000000, -270.0000000000000000 ) ) ;
#1187 = CARTESIAN_POINT ( 'NONE',  ( 0.000000000000000000, 34.00000000000000000, 0.000000000000000000 ) ) ;
#1188 = PERSON_AND_ORGANIZATION_ROLE ( 'design_owner' ) ;
#1189 = APPROVAL_PERSON_ORGANIZATION ( #214, #2621, #559 ) ;
#1190 = DIRECTION ( 'NONE',  ( 0.000000000000000000, 0.000000000000000000, -1.000000000000000000 ) ) ;
#1191 = ORIENTED_EDGE ( 'NONE', *, *, #2470, .T. ) ;
#1192 = ADVANCED_FACE ( 'NONE', ( #2220, #717, #237, #2173, #2918, #1018, #2658, #1737, #282, #2005 ), #1446, .T. ) ;
#1193 = EDGE_CURVE ( 'NONE', #1733, #2869, #3137, .T. ) ;
#1194 = DIRECTION ( 'NONE',  ( 0.000000000000000000, 1.000000000000000000, 0.000000000000000000 ) ) ;
#1195 = DIRECTION ( 'NONE',  ( 0.000000000000000000, 0.000000000000000000, -1.000000000000000000 ) ) ;
#1196 = ORIENTED_EDGE ( 'NONE', *, *, #661, .F. ) ;
#1197 = ADVANCED_FACE ( 'NONE', ( #1433, #952 ), #1226, .F. ) ;
#1198 = DIRECTION ( 'NONE',  ( -0.000000000000000000, -1.000000000000000000, -0.000000000000000000 ) ) ;
#1199 = ORIENTED_EDGE ( 'NONE', *, *, #215, .T. ) ;
#1200 = DIRECTION ( 'NONE',  ( 0.000000000000000000, 0.000000000000000000, -1.000000000000000000 ) ) ;
#1201 = ORIENTED_EDGE ( 'NONE', *, *, #1894, .T. ) ;
#1202 = DIRECTION ( 'NONE',  ( 0.000000000000000000, 0.000000000000000000, -1.000000000000000000 ) ) ;
#1203 = AXIS2_PLACEMENT_3D ( 'NONE', #34, #1006, #2125 ) ;
#1204 = EDGE_LOOP ( 'NONE', ( #1797, #309, #1889, #384, #1876, #1707 ) ) ;
#1205 = DIRECTION ( 'NONE',  ( 0.000000000000000000, 0.000000000000000000, 1.000000000000000000 ) ) ;
#1206 = VECTOR ( 'NONE', #2707, 1000.000000000000000 ) ;
#1207 = CARTESIAN_POINT ( 'NONE',  ( -18.50000000000001776, 5.000000000000000000, -175.6570600599757768 ) ) ;
#1208 = CIRCLE ( 'NONE', #1463, 1.700000000000007061 ) ;
#1209 = EDGE_LOOP ( 'NONE', ( #489, #698, #2053, #2087 ) ) ;
#1210 = DIRECTION ( 'NONE',  ( 0.000000000000000000, 0.000000000000000000, 1.000000000000000000 ) ) ;
#1211 = CIRCLE ( 'NONE', #2998, 1.700000000000007061 ) ;
#1212 = VECTOR ( 'NONE', #1261, 1000.000000000000000 ) ;
#1213 = CYLINDRICAL_SURFACE ( 'NONE', #2797, 1.700000000000007061 ) ;
#1214 = EDGE_CURVE ( 'NONE', #2869, #2337, #225, .T. ) ;
#1215 = CARTESIAN_POINT ( 'NONE',  ( -34.00000000000000000, 5.000000000000000000, -66.00000000000000000 ) ) ;
#1216 = VECTOR ( 'NONE', #595, 1000.000000000000000 ) ;
#1217 = CYLINDRICAL_SURFACE ( 'NONE', #1717, 1.700000000000007061 ) ;
#1218 = AXIS2_PLACEMENT_3D ( 'NONE', #1554, #605, #1252 ) ;
#1219 = VERTEX_POINT ( 'NONE', #1207 ) ;
#1220 = CARTESIAN_POINT ( 'NONE',  ( 30.00000000000000000, 27.00000000000000000, -260.0000000000000000 ) ) ;
#1221 = ORIENTED_EDGE ( 'NONE', *, *, #2735, .T. ) ;
#1222 = VECTOR ( 'NONE', #207, 1000.000000000000000 ) ;
#1223 = DIRECTION ( 'NONE',  ( -0.000000000000000000, -1.000000000000000000, -0.000000000000000000 ) ) ;
#1224 = VERTEX_POINT ( 'NONE', #45 ) ;
#1225 = DIRECTION ( 'NONE',  ( 1.000000000000000000, -0.000000000000000000, -0.000000000000000000 ) ) ;
#1226 = PLANE ( 'NONE',  #2647 ) ;
#1227 = VERTEX_POINT ( 'NONE', #2237 ) ;
#1228 = DIRECTION ( 'NONE',  ( -0.000000000000000000, -1.000000000000000000, -0.000000000000000000 ) ) ;
#1229 = CARTESIAN_POINT ( 'NONE',  ( 16.00000000000000000, 27.00000000000000000, -260.0000000000000000 ) ) ;
#1230 = CARTESIAN_POINT ( 'NONE',  ( 36.00000000000000000, 34.00000000000000000, -110.0000000000000000 ) ) ;
#1231 = EDGE_CURVE ( 'NONE', #810, #2428, #1701, .T. ) ;
#1232 = DIRECTION ( 'NONE',  ( -0.000000000000000000, -1.000000000000000000, -0.000000000000000000 ) ) ;
#1233 = ORIENTED_EDGE ( 'NONE', *, *, #1530, .F. ) ;
#1234 = LINE ( 'NONE', #1928, #306 ) ;
#1235 = EDGE_LOOP ( 'NONE', ( #3029, #2459, #368, #679 ) ) ;
#1236 = DIRECTION ( 'NONE',  ( 0.000000000000000000, 1.000000000000000000, 0.000000000000000000 ) ) ;
#1237 = EDGE_LOOP ( 'NONE', ( #459, #1744 ) ) ;
#1238 = FACE_OUTER_BOUND ( 'NONE', #2306, .T. ) ;
#1239 = DIRECTION ( 'NONE',  ( 0.000000000000000000, 0.000000000000000000, 1.000000000000000000 ) ) ;
#1240 = DIRECTION ( 'NONE',  ( 1.000000000000000000, 0.000000000000000000, 0.000000000000000000 ) ) ;
#1241 = AXIS2_PLACEMENT_3D ( 'NONE', #760, #2271, #297 ) ;
#1242 = LINE ( 'NONE', #1229, #2947 ) ;
#1243 = LINE ( 'NONE', #1215, #805 ) ;
#1244 = DIRECTION ( 'NONE',  ( 0.000000000000000000, 0.000000000000000000, 1.000000000000000000 ) ) ;
#1245 = CYLINDRICAL_SURFACE ( 'NONE', #293, 2.749999999999999112 ) ;
#1246 = VERTEX_POINT ( 'NONE', #2905 ) ;
#1247 = ORIENTED_EDGE ( 'NONE', *, *, #870, .F. ) ;
#1248 = CYLINDRICAL_SURFACE ( 'NONE', #1927, 8.000000000000007105 ) ;
#1249 = COORDINATED_UNIVERSAL_TIME_OFFSET ( 5, 30, .AHEAD. ) ;
#1250 = ORIENTED_EDGE ( 'NONE', *, *, #256, .F. ) ;
#1251 = EDGE_CURVE ( 'NONE', #39, #2433, #2696, .T. ) ;
#1252 = DIRECTION ( 'NONE',  ( 0.000000000000000000, 0.000000000000000000, 1.000000000000000000 ) ) ;
#1253 = AXIS2_PLACEMENT_3D ( 'NONE', #1615, #2875, #678 ) ;
#1254 = DIRECTION ( 'NONE',  ( 0.000000000000000000, 1.000000000000000000, 0.000000000000000000 ) ) ;
#1255 = DIRECTION ( 'NONE',  ( 0.000000000000000000, 0.000000000000000000, -1.000000000000000000 ) ) ;
#1256 = AXIS2_PLACEMENT_3D ( 'NONE', #1879, #1851, #124 ) ;
#1257 = APPLICATION_CONTEXT ( 'configuration controlled 3d designs of mechanical parts and assemblies' ) ;
#1258 = VECTOR ( 'NONE', #1341, 1000.000000000000000 ) ;
#1259 = CARTESIAN_POINT ( 'NONE',  ( 0.000000000000000000, 27.00000000000000000, -300.0000000000000000 ) ) ;
#1260 = EDGE_CURVE ( 'NONE', #1282, #2109, #2398, .T. ) ;
#1261 = DIRECTION ( 'NONE',  ( 0.000000000000000000, 0.000000000000000000, 1.000000000000000000 ) ) ;
#1262 = VECTOR ( 'NONE', #127, 1000.000000000000000 ) ;
#1263 = CARTESIAN_POINT ( 'NONE',  ( -18.49999999999999289, -5.000000000000000000, -148.3429399400241948 ) ) ;
#1264 = FACE_OUTER_BOUND ( 'NONE', #3016, .T. ) ;
#1265 = VECTOR ( 'NONE', #2814, 1000.000000000000000 ) ;
#1266 = AXIS2_PLACEMENT_3D ( 'NONE', #48, #1019, #270 ) ;
#1267 = ORIENTED_EDGE ( 'NONE', *, *, #400, .T. ) ;
#1268 = ORIENTED_EDGE ( 'NONE', *, *, #2140, .F. ) ;
#1269 = CARTESIAN_POINT ( 'NONE',  ( 0.000000000000000000, 34.00000000000000000, 0.000000000000000000 ) ) ;
#1270 = CALENDAR_DATE ( 2026, 24, 9 ) ;
#1271 = VECTOR ( 'NONE', #1081, 1000.000000000000000 ) ;
#1272 = ORIENTED_EDGE ( 'NONE', *, *, #1416, .F. ) ;
#1273 = CARTESIAN_POINT ( 'NONE',  ( -18.49999999999999289, 5.000000000000000000, -150.0429399400242119 ) ) ;
#1274 = ADVANCED_FACE ( 'NONE', ( #268 ), #493, .F. ) ;
#1275 = VERTEX_POINT ( 'NONE', #998 ) ;
#1276 = CARTESIAN_POINT ( 'NONE',  ( -29.56414504036117918, 34.00000000000000000, 9.495869835682871241 ) ) ;
#1277 = DIRECTION ( 'NONE',  ( 0.000000000000000000, 0.000000000000000000, 1.000000000000000000 ) ) ;
#1278 = FACE_OUTER_BOUND ( 'NONE', #1741, .T. ) ;
#1279 = LINE ( 'NONE', #2973, #2084 ) ;
#1280 = DIRECTION ( 'NONE',  ( 0.000000000000000000, 0.000000000000000000, 1.000000000000000000 ) ) ;
#1281 = EDGE_CURVE ( 'NONE', #1046, #1057, #1953, .T. ) ;
#1282 = VERTEX_POINT ( 'NONE', #2950 ) ;
#1283 = DIRECTION ( 'NONE',  ( -0.000000000000000000, -1.000000000000000000, -0.000000000000000000 ) ) ;
#1284 = ORIENTED_EDGE ( 'NONE', *, *, #2217, .T. ) ;
#1285 = LINE ( 'NONE', #362, #3090 ) ;
#1286 = DATE_AND_TIME ( #2978, #537 ) ;
#1287 = ORIENTED_EDGE ( 'NONE', *, *, #475, .T. ) ;
#1288 = CARTESIAN_POINT ( 'NONE',  ( -8.000000000000000000, 27.00000000000000000, -318.0000000000000000 ) ) ;
#1289 = CYLINDRICAL_SURFACE ( 'NONE', #1674, 11.00000000000001066 ) ;
#1290 = EDGE_LOOP ( 'NONE', ( #1053, #2070 ) ) ;
#1291 = CARTESIAN_POINT ( 'NONE',  ( 0.000000000000000000, -5.000000000000000000, -217.0000000000000000 ) ) ;
#1292 = CARTESIAN_POINT ( 'NONE',  ( -29.56414504036117563, 34.00000000000000000, -14.99586983568287479 ) ) ;
#1293 = FACE_OUTER_BOUND ( 'NONE', #2188, .T. ) ;
#1294 = EDGE_LOOP ( 'NONE', ( #1138, #2555, #2419, #1735 ) ) ;
#1295 = CARTESIAN_POINT ( 'NONE',  ( -48.00000000000000000, 5.000000000000000000, -88.00000000000000000 ) ) ;
#1296 = ORIENTED_EDGE ( 'NONE', *, *, #1654, .F. ) ;
#1297 = EDGE_CURVE ( 'NONE', #2027, #2881, #1675, .T. ) ;
#1298 = VERTEX_POINT ( 'NONE', #466 ) ;
#1299 = CARTESIAN_POINT ( 'NONE',  ( 16.00000000000000000, -18.00000000000000000, -270.0000000000000000 ) ) ;
#1300 = ORIENTED_EDGE ( 'NONE', *, *, #2270, .T. ) ;
#1301 = EDGE_CURVE ( 'NONE', #1140, #1825, #2208, .T. ) ;
#1302 = CARTESIAN_POINT ( 'NONE',  ( -12.24586983568286414, 34.00000000000000000, 26.81414504036117563 ) ) ;
#1303 = ORIENTED_EDGE ( 'NONE', *, *, #2470, .F. ) ;
#1304 = CARTESIAN_POINT ( 'NONE',  ( 30.00000000000000000, 5.000000000000000000, -264.0000000000000000 ) ) ;
#1305 = CIRCLE ( 'NONE', #392, 2.749999999999999112 ) ;
#1306 = CARTESIAN_POINT ( 'NONE',  ( -30.00000000000000000, -27.00000000000000000, -270.0000000000000000 ) ) ;
#1307 = AXIS2_PLACEMENT_3D ( 'NONE', #2170, #1184, #190 ) ;
#1308 = CARTESIAN_POINT ( 'NONE',  ( 18.50000000000000355, 5.000000000000000000, -148.3429399400241948 ) ) ;
#1309 = CARTESIAN_POINT ( 'NONE',  ( 7.549834435270755151, 5.000000000000000000, -110.0000000000000000 ) ) ;
#1310 = EDGE_CURVE ( 'NONE', #1825, #1395, #2697, .T. ) ;
#1311 = VERTEX_POINT ( 'NONE', #2464 ) ;
#1312 = AXIS2_PLACEMENT_3D ( 'NONE', #2960, #2730, #312 ) ;
#1313 = EDGE_LOOP ( 'NONE', ( #806, #62, #2266, #153 ) ) ;
#1314 = CARTESIAN_POINT ( 'NONE',  ( 12.24586983568287479, 34.00000000000000000, -29.56414504036117563 ) ) ;
#1315 = VECTOR ( 'NONE', #3003, 1000.000000000000000 ) ;
#1316 = AXIS2_PLACEMENT_3D ( 'NONE', #1985, #2, #970 ) ;
#1317 = EDGE_CURVE ( 'NONE', #187, #2227, #28, .T. ) ;
#1318 = ORIENTED_EDGE ( 'NONE', *, *, #858, .T. ) ;
#1319 = ORIENTED_EDGE ( 'NONE', *, *, #2700, .F. ) ;
#1320 = VECTOR ( 'NONE', #3022, 1000.000000000000000 ) ;
#1321 = DIRECTION ( 'NONE',  ( -0.000000000000000000, -1.000000000000000000, -0.000000000000000000 ) ) ;
#1322 = FACE_OUTER_BOUND ( 'NONE', #2946, .T. ) ;
#1323 = CIRCLE ( 'NONE', #3106, 1.700000000000007061 ) ;
#1324 = EDGE_LOOP ( 'NONE', ( #1830, #1970, #2709, #1196 ) ) ;
#1325 = CARTESIAN_POINT ( 'NONE',  ( -18.49999999999999289, 5.000000000000000000, -150.0429399400242119 ) ) ;
#1326 = LINE ( 'NONE', #2775, #2447 ) ;
#1327 = CARTESIAN_POINT ( 'NONE',  ( 48.00000000000000000, 5.000000000000000000, -88.00000000000000000 ) ) ;
#1328 = VERTEX_POINT ( 'NONE', #839 ) ;
#1329 = DIRECTION ( 'NONE',  ( 0.000000000000000000, 1.000000000000000000, 0.000000000000000000 ) ) ;
#1330 = ORIENTED_EDGE ( 'NONE', *, *, #3012, .T. ) ;
#1331 = CYLINDRICAL_SURFACE ( 'NONE', #1360, 6.000000000000000000 ) ;
#1332 = ADVANCED_FACE ( 'NONE', ( #2257 ), #1067, .F. ) ;
#1333 = DIRECTION ( 'NONE',  ( 0.000000000000000000, 1.000000000000000000, 0.000000000000000000 ) ) ;
#1334 = ORIENTED_EDGE ( 'NONE', *, *, #744, .T. ) ;
#1335 = DIRECTION ( 'NONE',  ( 0.000000000000000000, 0.000000000000000000, 1.000000000000000000 ) ) ;
#1336 = VERTEX_POINT ( 'NONE', #1338 ) ;
#1337 = EDGE_CURVE ( 'NONE', #2666, #2869, #2018, .T. ) ;
#1338 = CARTESIAN_POINT ( 'NONE',  ( -18.50000000000001776, 5.000000000000000000, -172.2570600599757711 ) ) ;
#1339 = VERTEX_POINT ( 'NONE', #331 ) ;
#1340 = LINE ( 'NONE', #1803, #46 ) ;
#1341 = DIRECTION ( 'NONE',  ( -0.07253569577882137964, 0.000000000000000000, -0.9973658169587938938 ) ) ;
#1342 = ORIENTED_EDGE ( 'NONE', *, *, #2843, .T. ) ;
#1343 = LINE ( 'NONE', #1535, #100 ) ;
#1344 = ADVANCED_FACE ( 'NONE', ( #1322 ), #1289, .F. ) ;
#1345 = CARTESIAN_POINT ( 'NONE',  ( 16.00000000000000000, -18.00000000000000000, -260.0000000000000000 ) ) ;
#1346 = VERTEX_POINT ( 'NONE', #2561 ) ;
#1347 = FACE_OUTER_BOUND ( 'NONE', #2369, .T. ) ;
#1348 = VERTEX_POINT ( 'NONE', #2967 ) ;
#1349 = CARTESIAN_POINT ( 'NONE',  ( -48.00000000000000000, 5.000000000000000000, -88.00000000000000000 ) ) ;
#1350 = EDGE_LOOP ( 'NONE', ( #639, #1125, #3011, #1174 ) ) ;
#1351 = ORIENTED_EDGE ( 'NONE', *, *, #922, .F. ) ;
#1352 = CARTESIAN_POINT ( 'NONE',  ( 44.00000000000000000, 34.00000000000000000, 0.000000000000000000 ) ) ;
#1353 = CARTESIAN_POINT ( 'NONE',  ( -37.00000000000000000, -5.000000000000000000, -207.6999999999999886 ) ) ;
#1354 = FACE_OUTER_BOUND ( 'NONE', #1566, .T. ) ;
#1355 = ORIENTED_EDGE ( 'NONE', *, *, #425, .F. ) ;
#1356 = LINE ( 'NONE', #1401, #808 ) ;
#1357 = DIRECTION ( 'NONE',  ( 0.000000000000000000, 1.000000000000000000, 0.000000000000000000 ) ) ;
#1358 = EDGE_CURVE ( 'NONE', #1298, #2794, #565, .T. ) ;
#1359 = ORIENTED_EDGE ( 'NONE', *, *, #1786, .T. ) ;
#1360 = AXIS2_PLACEMENT_3D ( 'NONE', #1269, #2063, #802 ) ;
#1361 = VERTEX_POINT ( 'NONE', #1048 ) ;
#1362 = CYLINDRICAL_SURFACE ( 'NONE', #448, 2.750000000000002665 ) ;
#1363 = VECTOR ( 'NONE', #1705, 1000.000000000000000 ) ;
#1364 = VERTEX_POINT ( 'NONE', #2052 ) ;
#1365 = LINE ( 'NONE', #2866, #568 ) ;
#1366 = EDGE_LOOP ( 'NONE', ( #1849, #1556, #2272, #1539, #2044, #2057 ) ) ;
#1367 = CIRCLE ( 'NONE', #1378, 1.700000000000007061 ) ;
#1368 = LINE ( 'NONE', #3030, #2936 ) ;
#1369 = VECTOR ( 'NONE', #241, 1000.000000000000114 ) ;
#1370 = VECTOR ( 'NONE', #866, 1000.000000000000000 ) ;
#1371 = ORIENTED_EDGE ( 'NONE', *, *, #994, .T. ) ;
#1372 = PLANE ( 'NONE',  #204 ) ;
#1373 = EDGE_CURVE ( 'NONE', #396, #1574, #2031, .T. ) ;
#1374 = AXIS2_PLACEMENT_3D ( 'NONE', #790, #1815, #112 ) ;
#1375 = DIRECTION ( 'NONE',  ( 0.000000000000000000, 0.000000000000000000, 1.000000000000000000 ) ) ;
#1376 = CYLINDRICAL_SURFACE ( 'NONE', #608, 8.000000000000007105 ) ;
#1377 = FACE_BOUND ( 'NONE', #2251, .T. ) ;
#1378 = AXIS2_PLACEMENT_3D ( 'NONE', #2427, #441, #2926 ) ;
#1379 = ORIENTED_EDGE ( 'NONE', *, *, #1085, .T. ) ;
#1380 = VERTEX_POINT ( 'NONE', #1767 ) ;
#1381 = EDGE_LOOP ( 'NONE', ( #1028, #1485, #343, #2556 ) ) ;
#1382 = CARTESIAN_POINT ( 'NONE',  ( -30.00000000000000000, 27.00000000000000000, -260.0000000000000000 ) ) ;
#1383 = VERTEX_POINT ( 'NONE', #1788 ) ;
#1384 = EDGE_CURVE ( 'NONE', #1459, #2987, #2517, .T. ) ;
#1385 = ORIENTED_EDGE ( 'NONE', *, *, #2029, .T. ) ;
#1386 = CYLINDRICAL_SURFACE ( 'NONE', #2800, 6.000000000000000000 ) ;
#1387 = DIRECTION ( 'NONE',  ( 0.000000000000000000, 0.000000000000000000, -1.000000000000000000 ) ) ;
#1388 = CARTESIAN_POINT ( 'NONE',  ( -29.56414504036117563, 34.00000000000000000, -14.99586983568287479 ) ) ;
#1389 = DIRECTION ( 'NONE',  ( -0.8436614877321074735, 0.000000000000000000, -0.5368754921931593316 ) ) ;
#1390 = EDGE_LOOP ( 'NONE', ( #146, #1342, #92, #2082 ) ) ;
#1391 = EDGE_LOOP ( 'NONE', ( #1476, #47, #3041, #1604 ) ) ;
#1392 = EDGE_CURVE ( 'NONE', #2354, #87, #151, .T. ) ;
#1393 = EDGE_CURVE ( 'NONE', #2636, #1781, #114, .T. ) ;
#1394 = LINE ( 'NONE', #2821, #2904 ) ;
#1395 = VERTEX_POINT ( 'NONE', #1839 ) ;
#1396 = LINE ( 'NONE', #1915, #2840 ) ;
#1397 = ORIENTED_EDGE ( 'NONE', *, *, #2152, .F. ) ;
#1398 = CARTESIAN_POINT ( 'NONE',  ( 0.000000000000000000, 27.00000000000000000, -300.0000000000000000 ) ) ;
#1399 = FACE_OUTER_BOUND ( 'NONE', #2617, .T. ) ;
#1400 = CARTESIAN_POINT ( 'NONE',  ( 8.000000000000000000, 27.00000000000000000, -318.0000000000000000 ) ) ;
#1401 = CARTESIAN_POINT ( 'NONE',  ( -18.49999999999999289, 5.000000000000000000, -236.3429399400242232 ) ) ;
#1402 = VERTEX_POINT ( 'NONE', #2081 ) ;
#1403 = CARTESIAN_POINT ( 'NONE',  ( 0.000000000000000000, 5.000000000000000000, -161.9999999999999716 ) ) ;
#1404 = CIRCLE ( 'NONE', #1819, 1.700000000000007061 ) ;
#1405 = ORIENTED_EDGE ( 'NONE', *, *, #2971, .F. ) ;
#1406 = AXIS2_PLACEMENT_3D ( 'NONE', #2620, #1885, #1244 ) ;
#1407 = ADVANCED_FACE ( 'NONE', ( #2246 ), #5, .F. ) ;
#1408 = CARTESIAN_POINT ( 'NONE',  ( 48.00000000000000000, 5.000000000000000000, -236.0000000000000000 ) ) ;
#1409 = CIRCLE ( 'NONE', #1001, 2.749999999999999112 ) ;
#1410 = ORIENTED_EDGE ( 'NONE', *, *, #1706, .F. ) ;
#1411 = CARTESIAN_POINT ( 'NONE',  ( 18.50000000000000355, 5.000000000000000000, -239.7429399400242005 ) ) ;
#1412 = CIRCLE ( 'NONE', #1932, 2.749999999999999112 ) ;
#1413 = ORIENTED_EDGE ( 'NONE', *, *, #2719, .T. ) ;
#1414 = CARTESIAN_POINT ( 'NONE',  ( 18.50000000000000355, 5.000000000000000000, -173.9570600599757597 ) ) ;
#1415 = VECTOR ( 'NONE', #607, 1000.000000000000000 ) ;
#1416 = EDGE_CURVE ( 'NONE', #1057, #2117, #752, .T. ) ;
#1417 = LINE ( 'NONE', #1144, #1002 ) ;
#1418 = CIRCLE ( 'NONE', #2295, 2.749999999999999112 ) ;
#1419 = VECTOR ( 'NONE', #1807, 1000.000000000000000 ) ;
#1420 = FACE_BOUND ( 'NONE', #2822, .T. ) ;
#1421 = AXIS2_PLACEMENT_3D ( 'NONE', #2431, #27, #1205 ) ;
#1422 = EDGE_CURVE ( 'NONE', #682, #2733, #1452, .T. ) ;
#1423 = CARTESIAN_POINT ( 'NONE',  ( -30.00000000000000000, -27.00000000000000000, -260.0000000000000000 ) ) ;
#1424 = AXIS2_PLACEMENT_3D ( 'NONE', #2414, #3118, #3148 ) ;
#1425 = LINE ( 'NONE', #203, #2942 ) ;
#1426 = LINE ( 'NONE', #694, #257 ) ;
#1427 = EDGE_LOOP ( 'NONE', ( #1410, #2912, #2089, #2768 ) ) ;
#1428 = DIRECTION ( 'NONE',  ( 0.000000000000000000, 1.000000000000000000, 0.000000000000000000 ) ) ;
#1429 = ORIENTED_EDGE ( 'NONE', *, *, #335, .F. ) ;
#1430 = EDGE_CURVE ( 'NONE', #2109, #1282, #2497, .T. ) ;
#1431 = EDGE_CURVE ( 'NONE', #1227, #2766, #1723, .T. ) ;
#1432 = CARTESIAN_POINT ( 'NONE',  ( 8.000000000000000000, 18.00000000000000355, -318.0000000000000000 ) ) ;
#1433 = FACE_OUTER_BOUND ( 'NONE', #1366, .T. ) ;
#1434 = FACE_OUTER_BOUND ( 'NONE', #1756, .T. ) ;
#1435 = CARTESIAN_POINT ( 'NONE',  ( 3.079986699855593473E-15, 20.00000000000000355, 25.15000000000000213 ) ) ;
#1436 = EDGE_LOOP ( 'NONE', ( #566, #2142, #2764, #850 ) ) ;
#1437 = PLANE ( 'NONE',  #1158 ) ;
#1438 = VERTEX_POINT ( 'NONE', #51 ) ;
#1439 = DIRECTION ( 'NONE',  ( 0.000000000000000000, -1.000000000000000000, 0.000000000000000000 ) ) ;
#1440 = ORIENTED_EDGE ( 'NONE', *, *, #1587, .T. ) ;
#1441 = CYLINDRICAL_SURFACE ( 'NONE', #1507, 1.700000000000007061 ) ;
#1442 = ORIENTED_EDGE ( 'NONE', *, *, #461, .F. ) ;
#1443 = DIRECTION ( 'NONE',  ( -0.000000000000000000, -1.000000000000000000, -0.000000000000000000 ) ) ;
#1444 = CC_DESIGN_SECURITY_CLASSIFICATION ( #937, ( #638 ) ) ;
#1445 = EDGE_CURVE ( 'NONE', #2575, #2241, #242, .T. ) ;
#1446 = PLANE ( 'NONE',  #350 ) ;
#1447 = EDGE_LOOP ( 'NONE', ( #949, #2538, #3, #645 ) ) ;
#1448 = DIRECTION ( 'NONE',  ( 0.7808688094430306093, -0.000000000000000000, 0.6246950475544239545 ) ) ;
#1449 = EDGE_CURVE ( 'NONE', #1981, #1311, #1063, .T. ) ;
#1450 = DIRECTION ( 'NONE',  ( 0.000000000000000000, 0.000000000000000000, 1.000000000000000000 ) ) ;
#1451 = VERTEX_POINT ( 'NONE', #2728 ) ;
#1452 = LINE ( 'NONE', #2200, #2549 ) ;
#1453 = DIRECTION ( 'NONE',  ( 0.000000000000000000, 0.000000000000000000, 1.000000000000000000 ) ) ;
#1454 = EDGE_CURVE ( 'NONE', #1364, #1776, #768, .T. ) ;
#1455 = ORIENTED_EDGE ( 'NONE', *, *, #2627, .T. ) ;
#1456 = ORIENTED_EDGE ( 'NONE', *, *, #1567, .F. ) ;
#1457 = CARTESIAN_POINT ( 'NONE',  ( 18.50000000000000355, -5.000000000000000000, -238.0429399400242119 ) ) ;
#1458 = CIRCLE ( 'NONE', #2642, 2.749999999999999112 ) ;
#1459 = VERTEX_POINT ( 'NONE', #1515 ) ;
#1460 = CARTESIAN_POINT ( 'NONE',  ( -18.49999999999999289, 5.000000000000000000, -238.0429399400242403 ) ) ;
#1461 = AXIS2_PLACEMENT_3D ( 'NONE', #76, #2284, #1502 ) ;
#1462 = DIRECTION ( 'NONE',  ( 0.000000000000000000, 0.000000000000000000, -1.000000000000000000 ) ) ;
#1463 = AXIS2_PLACEMENT_3D ( 'NONE', #2507, #274, #72 ) ;
#1464 = ORIENTED_EDGE ( 'NONE', *, *, #1650, .F. ) ;
#1465 = DIRECTION ( 'NONE',  ( -0.000000000000000000, -1.000000000000000000, -0.000000000000000000 ) ) ;
#1466 = EDGE_CURVE ( 'NONE', #1776, #410, #520, .T. ) ;
#1467 = CIRCLE ( 'NONE', #1519, 25.15000000000000213 ) ;
#1468 = CIRCLE ( 'NONE', #505, 1.700000000000007061 ) ;
#1469 = FACE_OUTER_BOUND ( 'NONE', #1324, .T. ) ;
#1470 = CIRCLE ( 'NONE', #252, 4.000000000000003553 ) ;
#1471 = CARTESIAN_POINT ( 'NONE',  ( -12.24586983568286414, 34.00000000000000000, 32.31414504036118274 ) ) ;
#1472 = ORIENTED_EDGE ( 'NONE', *, *, #1691, .T. ) ;
#1473 = ORIENTED_EDGE ( 'NONE', *, *, #1251, .F. ) ;
#1474 = CIRCLE ( 'NONE', #514, 2.749999999999999112 ) ;
#1475 = DIRECTION ( 'NONE',  ( 0.000000000000000000, 1.000000000000000000, 0.000000000000000000 ) ) ;
#1476 = ORIENTED_EDGE ( 'NONE', *, *, #2914, .F. ) ;
#1477 = DIRECTION ( 'NONE',  ( 0.000000000000000000, 0.000000000000000000, -1.000000000000000000 ) ) ;
#1478 = DIRECTION ( 'NONE',  ( -0.000000000000000000, -1.000000000000000000, -0.000000000000000000 ) ) ;
#1479 = ORIENTED_EDGE ( 'NONE', *, *, #882, .F. ) ;
#1480 = CARTESIAN_POINT ( 'NONE',  ( -48.00000000000000000, 5.000000000000000000, -236.0000000000000000 ) ) ;
#1481 = CARTESIAN_POINT ( 'NONE',  ( 1.347111479062087024E-15, -5.000000000000000000, -194.9999999999999716 ) ) ;
#1482 = CARTESIAN_POINT ( 'NONE',  ( -12.24586983568286414, 34.00000000000000000, 29.56414504036117918 ) ) ;
#1483 = FACE_OUTER_BOUND ( 'NONE', #2993, .T. ) ;
#1484 = EDGE_CURVE ( 'NONE', #3032, #1383, #1005, .T. ) ;
#1485 = ORIENTED_EDGE ( 'NONE', *, *, #1562, .T. ) ;
#1486 = VERTEX_POINT ( 'NONE', #721 ) ;
#1487 = DIRECTION ( 'NONE',  ( 1.000000000000000000, 0.000000000000000000, 0.000000000000000000 ) ) ;
#1488 = ADVANCED_FACE ( 'NONE', ( #1469 ), #2957, .F. ) ;
#1489 = PERSON_AND_ORGANIZATION_ROLE ( 'creator' ) ;
#1490 = VERTEX_POINT ( 'NONE', #2178 ) ;
#1491 = PLANE ( 'NONE',  #1730 ) ;
#1492 = CARTESIAN_POINT ( 'NONE',  ( 16.00000000000000000, 18.00000000000000355, -260.0000000000000000 ) ) ;
#1493 = VERTEX_POINT ( 'NONE', #1230 ) ;
#1494 = CARTESIAN_POINT ( 'NONE',  ( -12.24586983568287124, 20.00000000000000355, -29.56414504036117563 ) ) ;
#1495 = PLANE ( 'NONE',  #1062 ) ;
#1496 = CARTESIAN_POINT ( 'NONE',  ( -48.00000000000000000, -5.000000000000000000, -88.00000000000000000 ) ) ;
#1497 = ORIENTED_EDGE ( 'NONE', *, *, #1422, .F. ) ;
#1498 = DIRECTION ( 'NONE',  ( 1.000000000000000000, 0.000000000000000000, 0.000000000000000000 ) ) ;
#1499 = DIRECTION ( 'NONE',  ( 0.000000000000000000, 0.000000000000000000, 1.000000000000000000 ) ) ;
#1500 = ORIENTED_EDGE ( 'NONE', *, *, #1373, .F. ) ;
#1501 = ORIENTED_EDGE ( 'NONE', *, *, #228, .F. ) ;
#1502 = DIRECTION ( 'NONE',  ( 0.000000000000000000, 0.000000000000000000, -1.000000000000000000 ) ) ;
#1503 = EDGE_CURVE ( 'NONE', #3105, #1831, #3145, .T. ) ;
#1504 = PERSON_AND_ORGANIZATION ( #3102, #2829 ) ;
#1505 = ORIENTED_EDGE ( 'NONE', *, *, #1128, .F. ) ;
#1506 = DIRECTION ( 'NONE',  ( 0.000000000000000000, 1.000000000000000000, 0.000000000000000000 ) ) ;
#1507 = AXIS2_PLACEMENT_3D ( 'NONE', #771, #2959, #2157 ) ;
#1508 = DIRECTION ( 'NONE',  ( -0.000000000000000000, -1.000000000000000000, -0.000000000000000000 ) ) ;
#1509 = VERTEX_POINT ( 'NONE', #2468 ) ;
#1510 = DIRECTION ( 'NONE',  ( 0.000000000000000000, 0.000000000000000000, 1.000000000000000000 ) ) ;
#1511 = VECTOR ( 'NONE', #1552, 1000.000000000000000 ) ;
#1512 = EDGE_CURVE ( 'NONE', #1402, #2897, #1243, .T. ) ;
#1513 = VECTOR ( 'NONE', #2523, 1000.000000000000000 ) ;
#1514 = FACE_BOUND ( 'NONE', #1127, .T. ) ;
#1515 = CARTESIAN_POINT ( 'NONE',  ( 30.00000000000000000, -5.000000000000000888, -260.0000000000000000 ) ) ;
#1516 = AXIS2_PLACEMENT_3D ( 'NONE', #2861, #1611, #1907 ) ;
#1517 = DIRECTION ( 'NONE',  ( -0.000000000000000000, -1.000000000000000000, -0.000000000000000000 ) ) ;
#1518 = CARTESIAN_POINT ( 'NONE',  ( 0.000000000000000000, -5.000000000000000000, -161.9999999999999716 ) ) ;
#1519 = AXIS2_PLACEMENT_3D ( 'NONE', #2223, #230, #1450 ) ;
#1520 = CIRCLE ( 'NONE', #1266, 2.749999999999999112 ) ;
#1521 = VERTEX_POINT ( 'NONE', #2715 ) ;
#1522 = ORIENTED_EDGE ( 'NONE', *, *, #1804, .T. ) ;
#1523 = DIRECTION ( 'NONE',  ( 0.000000000000000000, 0.000000000000000000, 1.000000000000000000 ) ) ;
#1524 = VECTOR ( 'NONE', #1673, 1000.000000000000000 ) ;
#1525 = SHAPE_DEFINITION_REPRESENTATION ( #618, #60 ) ;
#1526 = VECTOR ( 'NONE', #2739, 1000.000000000000000 ) ;
#1527 = EDGE_LOOP ( 'NONE', ( #3088, #588, #125, #2724 ) ) ;
#1528 = LINE ( 'NONE', #1288, #2455 ) ;
#1529 = EDGE_CURVE ( 'NONE', #370, #1119, #2972, .T. ) ;
#1530 = EDGE_CURVE ( 'NONE', #2045, #2915, #33, .T. ) ;
#1531 = ORIENTED_EDGE ( 'NONE', *, *, #2160, .T. ) ;
#1532 = FACE_OUTER_BOUND ( 'NONE', #2111, .T. ) ;
#1533 = DIRECTION ( 'NONE',  ( 0.000000000000000000, 0.000000000000000000, -1.000000000000000000 ) ) ;
#1534 = EDGE_CURVE ( 'NONE', #2883, #1451, #1884, .T. ) ;
#1535 = CARTESIAN_POINT ( 'NONE',  ( 7.549834435270755151, 5.000000000000000000, -110.0000000000000000 ) ) ;
#1536 = DIRECTION ( 'NONE',  ( -0.000000000000000000, -1.000000000000000000, -0.000000000000000000 ) ) ;
#1537 = LINE ( 'NONE', #1026, #3047 ) ;
#1538 = ORIENTED_EDGE ( 'NONE', *, *, #1529, .F. ) ;
#1539 = ORIENTED_EDGE ( 'NONE', *, *, #2304, .F. ) ;
#1540 = CARTESIAN_POINT ( 'NONE',  ( -37.00000000000000000, 5.000000000000000000, -206.0000000000000000 ) ) ;
#1541 = VERTEX_POINT ( 'NONE', #958 ) ;
#1542 = DIRECTION ( 'NONE',  ( -0.6246950475544239545, 0.000000000000000000, 0.7808688094430306093 ) ) ;
#1543 = VERTEX_POINT ( 'NONE', #1943 ) ;
#1544 = DIRECTION ( 'NONE',  ( -0.000000000000000000, -1.000000000000000000, -0.000000000000000000 ) ) ;
#1545 = EDGE_CURVE ( 'NONE', #1799, #1521, #2686, .T. ) ;
#1546 = CYLINDRICAL_SURFACE ( 'NONE', #96, 2.749999999999999112 ) ;
#1547 = CARTESIAN_POINT ( 'NONE',  ( 12.24586983568288012, 34.00000000000000000, 32.31414504036117563 ) ) ;
#1548 = EDGE_CURVE ( 'NONE', #2915, #1364, #1074, .T. ) ;
#1549 = LINE ( 'NONE', #1295, #1616 ) ;
#1550 = ORIENTED_EDGE ( 'NONE', *, *, #1431, .F. ) ;
#1551 = EDGE_LOOP ( 'NONE', ( #1247, #773, #3100, #728 ) ) ;
#1552 = DIRECTION ( 'NONE',  ( -1.000000000000000000, 0.000000000000000000, 0.000000000000000000 ) ) ;
#1553 = EDGE_LOOP ( 'NONE', ( #576, #1250, #192, #826 ) ) ;
#1554 = CARTESIAN_POINT ( 'NONE',  ( 18.50000000000000355, -5.000000000000000000, -173.9570600599757597 ) ) ;
#1555 = CARTESIAN_POINT ( 'NONE',  ( 12.24586983568288012, 34.00000000000000000, 29.56414504036117208 ) ) ;
#1556 = ORIENTED_EDGE ( 'NONE', *, *, #962, .F. ) ;
#1557 = DIRECTION ( 'NONE',  ( -0.000000000000000000, -1.000000000000000000, -0.000000000000000000 ) ) ;
#1558 = CIRCLE ( 'NONE', #191, 1.700000000000007061 ) ;
#1559 = LINE ( 'NONE', #1400, #3098 ) ;
#1560 = AXIS2_PLACEMENT_3D ( 'NONE', #1060, #2028, #59 ) ;
#1561 = ORIENTED_EDGE ( 'NONE', *, *, #17, .T. ) ;
#1562 = EDGE_CURVE ( 'NONE', #1490, #3068, #1773, .T. ) ;
#1563 = CARTESIAN_POINT ( 'NONE',  ( 37.00000000000000000, -5.000000000000000000, -204.2999999999999829 ) ) ;
#1564 = CARTESIAN_POINT ( 'NONE',  ( -12.24586983568287124, 34.00000000000000000, -29.56414504036117563 ) ) ;
#1565 = AXIS2_PLACEMENT_3D ( 'NONE', #373, #2485, #291 ) ;
#1566 = EDGE_LOOP ( 'NONE', ( #621, #1816, #2171, #1522 ) ) ;
#1567 = EDGE_CURVE ( 'NONE', #2311, #667, #581, .T. ) ;
#1568 = EDGE_LOOP ( 'NONE', ( #574, #1987 ) ) ;
#1569 = AXIS2_PLACEMENT_3D ( 'NONE', #2624, #923, #1387 ) ;
#1570 = CARTESIAN_POINT ( 'NONE',  ( -18.49999999999999289, 5.000000000000000000, -236.3429399400242232 ) ) ;
#1571 = AXIS2_PLACEMENT_3D ( 'NONE', #1634, #2611, #613 ) ;
#1572 = ORIENTED_EDGE ( 'NONE', *, *, #1066, .T. ) ;
#1573 = FACE_OUTER_BOUND ( 'NONE', #2318, .T. ) ;
#1574 = VERTEX_POINT ( 'NONE', #2022 ) ;
#1575 = CIRCLE ( 'NONE', #1167, 25.15000000000000213 ) ;
#1576 = AXIS2_PLACEMENT_3D ( 'NONE', #592, #333, #116 ) ;
#1577 = EDGE_LOOP ( 'NONE', ( #2706, #1658, #2925, #122 ) ) ;
#1578 = DIRECTION ( 'NONE',  ( 0.000000000000000000, 0.000000000000000000, 1.000000000000000000 ) ) ;
#1579 = DIRECTION ( 'NONE',  ( 0.6246950475544239545, 0.000000000000000000, 0.7808688094430306093 ) ) ;
#1580 = VERTEX_POINT ( 'NONE', #2279 ) ;
#1581 = CARTESIAN_POINT ( 'NONE',  ( 12.24586983568288012, 20.00000000000000355, 26.81414504036117208 ) ) ;
#1582 = ORIENTED_EDGE ( 'NONE', *, *, #890, .T. ) ;
#1583 = CARTESIAN_POINT ( 'NONE',  ( -29.56414504036117918, 20.00000000000000355, 12.24586983568286946 ) ) ;
#1584 = VERTEX_POINT ( 'NONE', #1547 ) ;
#1585 = ORIENTED_EDGE ( 'NONE', *, *, #829, .T. ) ;
#1586 = EDGE_CURVE ( 'NONE', #2514, #121, #1113, .T. ) ;
#1587 = EDGE_CURVE ( 'NONE', #1641, #2663, #2566, .T. ) ;
#1588 = DIRECTION ( 'NONE',  ( -0.000000000000000000, -1.000000000000000000, -0.000000000000000000 ) ) ;
#1589 = ORIENTED_EDGE ( 'NONE', *, *, #2305, .F. ) ;
#1590 = DIRECTION ( 'NONE',  ( 0.000000000000000000, -0.000000000000000000, 1.000000000000000000 ) ) ;
#1591 = DIRECTION ( 'NONE',  ( -0.000000000000000000, -1.000000000000000000, -0.000000000000000000 ) ) ;
#1592 = EDGE_CURVE ( 'NONE', #1298, #1685, #2038, .T. ) ;
#1593 = ORIENTED_EDGE ( 'NONE', *, *, #239, .T. ) ;
#1594 = DIRECTION ( 'NONE',  ( -0.000000000000000000, -1.000000000000000000, -0.000000000000000000 ) ) ;
#1595 = DIRECTION ( 'NONE',  ( 1.000000000000000000, -0.000000000000000000, -0.000000000000000000 ) ) ;
#1596 = PLANE ( 'NONE',  #1721 ) ;
#1597 = VERTEX_POINT ( 'NONE', #2058 ) ;
#1598 = DIRECTION ( 'NONE',  ( 0.000000000000000000, 0.000000000000000000, -1.000000000000000000 ) ) ;
#1599 = ORIENTED_EDGE ( 'NONE', *, *, #324, .T. ) ;
#1600 = FACE_OUTER_BOUND ( 'NONE', #746, .T. ) ;
#1601 = VERTEX_POINT ( 'NONE', #2075 ) ;
#1602 = VERTEX_POINT ( 'NONE', #1581 ) ;
#1603 = PLANE ( 'NONE',  #2394 ) ;
#1604 = ORIENTED_EDGE ( 'NONE', *, *, #424, .F. ) ;
#1605 = EDGE_CURVE ( 'NONE', #1346, #1275, #2748, .T. ) ;
#1606 = DIRECTION ( 'NONE',  ( 0.000000000000000000, 1.000000000000000000, 0.000000000000000000 ) ) ;
#1607 = ORIENTED_EDGE ( 'NONE', *, *, #1445, .F. ) ;
#1608 = CARTESIAN_POINT ( 'NONE',  ( 16.00000000000000000, -18.00000000000000000, -260.0000000000000000 ) ) ;
#1609 = ORIENTED_EDGE ( 'NONE', *, *, #1392, .F. ) ;
#1610 = FACE_BOUND ( 'NONE', #2349, .T. ) ;
#1611 = DIRECTION ( 'NONE',  ( 0.000000000000000000, 1.000000000000000000, 0.000000000000000000 ) ) ;
#1612 = CARTESIAN_POINT ( 'NONE',  ( 30.00000000000000000, 5.000000000000000000, -264.0000000000000000 ) ) ;
#1613 = ADVANCED_FACE ( 'NONE', ( #2294 ), #102, .F. ) ;
#1614 = DIRECTION ( 'NONE',  ( -0.5368754921931593316, 0.000000000000000000, 0.8436614877321074735 ) ) ;
#1615 = CARTESIAN_POINT ( 'NONE',  ( 37.00000000000000000, 5.000000000000000000, -206.0000000000000000 ) ) ;
#1616 = VECTOR ( 'NONE', #3023, 1000.000000000000000 ) ;
#1617 = ORIENTED_EDGE ( 'NONE', *, *, #1317, .T. ) ;
#1618 = EDGE_LOOP ( 'NONE', ( #366, #1429 ) ) ;
#1619 = AXIS2_PLACEMENT_3D ( 'NONE', #1403, #2393, #1105 ) ;
#1620 = ORIENTED_EDGE ( 'NONE', *, *, #1792, .T. ) ;
#1621 = DIRECTION ( 'NONE',  ( 0.000000000000000000, 1.000000000000000000, 0.000000000000000000 ) ) ;
#1622 = VECTOR ( 'NONE', #737, 1000.000000000000000 ) ;
#1623 = ORIENTED_EDGE ( 'NONE', *, *, #2370, .F. ) ;
#1624 = CARTESIAN_POINT ( 'NONE',  ( -12.24586983568286414, 20.00000000000000355, 29.56414504036117918 ) ) ;
#1625 = VECTOR ( 'NONE', #1139, 1000.000000000000000 ) ;
#1626 = AXIS2_PLACEMENT_3D ( 'NONE', #1725, #2938, #2703 ) ;
#1627 = CYLINDRICAL_SURFACE ( 'NONE', #496, 2.750000000000002665 ) ;
#1628 = VECTOR ( 'NONE', #1054, 1000.000000000000000 ) ;
#1629 = VERTEX_POINT ( 'NONE', #1563 ) ;
#1630 = DIRECTION ( 'NONE',  ( 0.000000000000000000, 0.000000000000000000, -1.000000000000000000 ) ) ;
#1631 = VECTOR ( 'NONE', #2637, 1000.000000000000000 ) ;
#1632 = ADVANCED_FACE ( 'NONE', ( #1293 ), #356, .F. ) ;
#1633 = DIRECTION ( 'NONE',  ( -0.000000000000000000, -1.000000000000000000, -0.000000000000000000 ) ) ;
#1634 = CARTESIAN_POINT ( 'NONE',  ( 16.00000000000000000, 27.00000000000000000, -260.0000000000000000 ) ) ;
#1635 = DIRECTION ( 'NONE',  ( -0.000000000000000000, -1.000000000000000000, -0.000000000000000000 ) ) ;
#1636 = VECTOR ( 'NONE', #1958, 1000.000000000000000 ) ;
#1637 = VERTEX_POINT ( 'NONE', #2521 ) ;
#1638 = DIRECTION ( 'NONE',  ( 0.000000000000000000, 1.000000000000000000, 0.000000000000000000 ) ) ;
#1639 = EDGE_CURVE ( 'NONE', #298, #2603, #1343, .T. ) ;
#1640 = ORIENTED_EDGE ( 'NONE', *, *, #1061, .F. ) ;
#1641 = VERTEX_POINT ( 'NONE', #830 ) ;
#1642 = PLANE ( 'NONE',  #1256 ) ;
#1643 = CARTESIAN_POINT ( 'NONE',  ( -37.00000000000000000, -5.000000000000000000, -119.7000000000000028 ) ) ;
#1644 = VERTEX_POINT ( 'NONE', #68 ) ;
#1645 = PLANE ( 'NONE',  #140 ) ;
#1646 = ORIENTED_EDGE ( 'NONE', *, *, #2539, .F. ) ;
#1647 = CARTESIAN_POINT ( 'NONE',  ( 4.898587196589412829E-16, -18.00000000000000000, -296.0000000000000000 ) ) ;
#1648 = CYLINDRICAL_SURFACE ( 'NONE', #659, 1.700000000000007061 ) ;
#1649 = DIRECTION ( 'NONE',  ( -0.000000000000000000, -1.000000000000000000, -0.000000000000000000 ) ) ;
#1650 = EDGE_CURVE ( 'NONE', #1395, #2881, #2984, .T. ) ;
#1651 = DIRECTION ( 'NONE',  ( 0.000000000000000000, 1.000000000000000000, 0.000000000000000000 ) ) ;
#1652 = ADVANCED_FACE ( 'NONE', ( #2762 ), #2777, .F. ) ;
#1653 = LINE ( 'NONE', #2892, #2891 ) ;
#1654 = EDGE_CURVE ( 'NONE', #2282, #2147, #118, .T. ) ;
#1655 = LINE ( 'NONE', #1382, #245 ) ;
#1656 = ORIENTED_EDGE ( 'NONE', *, *, #2996, .F. ) ;
#1657 = CARTESIAN_POINT ( 'NONE',  ( 37.00000000000000000, 5.000000000000000000, -118.0000000000000000 ) ) ;
#1658 = ORIENTED_EDGE ( 'NONE', *, *, #1966, .F. ) ;
#1659 = DIRECTION ( 'NONE',  ( 0.000000000000000000, 0.000000000000000000, 1.000000000000000000 ) ) ;
#1660 = LINE ( 'NONE', #420, #296 ) ;
#1661 = CALENDAR_DATE ( 2026, 24, 9 ) ;
#1662 = CARTESIAN_POINT ( 'NONE',  ( 48.00000000000000000, 5.000000000000000000, -236.0000000000000000 ) ) ;
#1663 = AXIS2_PLACEMENT_3D ( 'NONE', #689, #1651, #1136 ) ;
#1664 = CARTESIAN_POINT ( 'NONE',  ( 37.00000000000000000, 5.000000000000000000, -119.7000000000000028 ) ) ;
#1665 = EDGE_CURVE ( 'NONE', #1584, #423, #310, .T. ) ;
#1666 = ADVANCED_FACE ( 'NONE', ( #1278 ), #2332, .F. ) ;
#1667 = VERTEX_POINT ( 'NONE', #154 ) ;
#1668 = DIRECTION ( 'NONE',  ( 0.000000000000000000, 1.000000000000000000, 0.000000000000000000 ) ) ;
#1669 = ORIENTED_EDGE ( 'NONE', *, *, #1545, .T. ) ;
#1670 = CARTESIAN_POINT ( 'NONE',  ( -36.00000000000000000, 34.00000000000000000, -110.0000000000000000 ) ) ;
#1671 = AXIS2_PLACEMENT_3D ( 'NONE', #3048, #2639, #401 ) ;
#1672 = VERTEX_POINT ( 'NONE', #894 ) ;
#1673 = DIRECTION ( 'NONE',  ( -1.000000000000000000, 0.000000000000000000, 0.000000000000000000 ) ) ;
#1674 = AXIS2_PLACEMENT_3D ( 'NONE', #302, #1508, #2789 ) ;
#1675 = LINE ( 'NONE', #2681, #2999 ) ;
#1676 = CIRCLE ( 'NONE', #299, 2.749999999999999112 ) ;
#1677 = DIRECTION ( 'NONE',  ( -0.000000000000000000, 1.000000000000000000, -0.000000000000000000 ) ) ;
#1678 = AXIS2_PLACEMENT_3D ( 'NONE', #792, #1769, #2743 ) ;
#1679 = DIRECTION ( 'NONE',  ( 0.000000000000000000, 0.000000000000000000, -1.000000000000000000 ) ) ;
#1680 = CIRCLE ( 'NONE', #2606, 4.000000000000003553 ) ;
#1681 = ORIENTED_EDGE ( 'NONE', *, *, #3128, .F. ) ;
#1682 = DIRECTION ( 'NONE',  ( 0.2425356250363328581, 0.000000000000000000, 0.9701425001453318764 ) ) ;
#1683 = ORIENTED_EDGE ( 'NONE', *, *, #1039, .T. ) ;
#1684 = FACE_OUTER_BOUND ( 'NONE', #1044, .T. ) ;
#1685 = VERTEX_POINT ( 'NONE', #1120 ) ;
#1686 = DIRECTION ( 'NONE',  ( 0.000000000000000000, 0.000000000000000000, 1.000000000000000000 ) ) ;
#1687 = CYLINDRICAL_SURFACE ( 'NONE', #794, 2.749999999999999112 ) ;
#1688 = ORIENTED_EDGE ( 'NONE', *, *, #842, .T. ) ;
#1689 = DIRECTION ( 'NONE',  ( -0.000000000000000000, -1.000000000000000000, -0.000000000000000000 ) ) ;
#1690 = ADVANCED_FACE ( 'NONE', ( #2162, #2887, #2132, #3094, #1420, #216, #3078, #1377, #703, #1135, #1178, #677, #1147 ), #435, .F. ) ;
#1691 = EDGE_CURVE ( 'NONE', #1348, #2603, #453, .T. ) ;
#1692 = DIRECTION ( 'NONE',  ( 0.000000000000000000, 0.000000000000000000, 1.000000000000000000 ) ) ;
#1693 = DIRECTION ( 'NONE',  ( 0.000000000000000000, 0.000000000000000000, -1.000000000000000000 ) ) ;
#1694 = CARTESIAN_POINT ( 'NONE',  ( 0.000000000000000000, 5.000000000000000000, -206.0000000000000000 ) ) ;
#1695 = CARTESIAN_POINT ( 'NONE',  ( -44.00000000000000000, 34.00000000000000000, 0.000000000000000000 ) ) ;
#1696 = EDGE_LOOP ( 'NONE', ( #2221, #971, #378, #1599 ) ) ;
#1697 = ORIENTED_EDGE ( 'NONE', *, *, #400, .F. ) ;
#1698 = EDGE_CURVE ( 'NONE', #2016, #1402, #880, .T. ) ;
#1699 = EDGE_LOOP ( 'NONE', ( #2857, #2430, #1505, #1497 ) ) ;
#1700 = DIRECTION ( 'NONE',  ( 0.000000000000000000, 0.000000000000000000, 1.000000000000000000 ) ) ;
#1701 = LINE ( 'NONE', #2192, #404 ) ;
#1702 = CARTESIAN_POINT ( 'NONE',  ( -8.000000000000000000, 18.00000000000000355, -318.0000000000000000 ) ) ;
#1703 = ADVANCED_FACE ( 'NONE', ( #2153 ), #3124, .F. ) ;
#1704 = CARTESIAN_POINT ( 'NONE',  ( -30.00000000000000000, 5.000000000000000000, -264.0000000000000000 ) ) ;
#1705 = DIRECTION ( 'NONE',  ( 0.000000000000000000, 0.000000000000000000, -1.000000000000000000 ) ) ;
#1706 = EDGE_CURVE ( 'NONE', #39, #1451, #1874, .T. ) ;
#1707 = ORIENTED_EDGE ( 'NONE', *, *, #641, .T. ) ;
#1708 = DIRECTION ( 'NONE',  ( 0.000000000000000000, 0.000000000000000000, 1.000000000000000000 ) ) ;
#1709 = ORIENTED_EDGE ( 'NONE', *, *, #1562, .F. ) ;
#1710 = AXIS2_PLACEMENT_3D ( 'NONE', #1564, #1025, #2248 ) ;
#1711 = LINE ( 'NONE', #946, #2344 ) ;
#1712 = CIRCLE ( 'NONE', #498, 8.000000000000007105 ) ;
#1713 = ORIENTED_EDGE ( 'NONE', *, *, #304, .F. ) ;
#1714 = LINE ( 'NONE', #236, #1993 ) ;
#1715 = VECTOR ( 'NONE', #2990, 1000.000000000000114 ) ;
#1716 = DIRECTION ( 'NONE',  ( 0.000000000000000000, 1.000000000000000000, 0.000000000000000000 ) ) ;
#1717 = AXIS2_PLACEMENT_3D ( 'NONE', #960, #1198, #941 ) ;
#1718 = EDGE_LOOP ( 'NONE', ( #2867, #1811, #2406, #491, #1745, #2518, #2825, #247, #319, #3084 ) ) ;
#1719 = CARTESIAN_POINT ( 'NONE',  ( 29.56414504036117918, 34.00000000000000000, 14.99586983568286946 ) ) ;
#1720 = EDGE_CURVE ( 'NONE', #911, #1224, #662, .T. ) ;
#1722 = EDGE_CURVE ( 'NONE', #2119, #838, #170, .T. ) ;
#1721 = AXIS2_PLACEMENT_3D ( 'NONE', #2343, #434, #1579 ) ;
#1723 = CIRCLE ( 'NONE', #1161, 2.750000000000002665 ) ;
#1724 = LINE ( 'NONE', #735, #957 ) ;
#1725 = CARTESIAN_POINT ( 'NONE',  ( -37.00000000000000000, -5.000000000000000000, -206.0000000000000000 ) ) ;
#1726 = VECTOR ( 'NONE', #2175, 1000.000000000000000 ) ;
#1727 = ORIENTED_EDGE ( 'NONE', *, *, #1358, .T. ) ;
#1728 = EDGE_CURVE ( 'NONE', #634, #2514, #1356, .T. ) ;
#1729 = CARTESIAN_POINT ( 'NONE',  ( 37.00000000000000000, 5.000000000000000000, -204.2999999999999829 ) ) ;
#1730 = AXIS2_PLACEMENT_3D ( 'NONE', #3154, #2159, #2679 ) ;
#1731 = EDGE_LOOP ( 'NONE', ( #785, #144 ) ) ;
#1732 = CARTESIAN_POINT ( 'NONE',  ( -12.24586983568286414, 34.00000000000000000, 32.31414504036118274 ) ) ;
#1733 = VERTEX_POINT ( 'NONE', #2104 ) ;
#1734 = APPLICATION_PROTOCOL_DEFINITION ( 'international standard', 'config_control_design', 1994, #1037 ) ;
#1735 = ORIENTED_EDGE ( 'NONE', *, *, #2876, .F. ) ;
#1736 = LINE ( 'NONE', #2219, #864 ) ;
#1737 = FACE_BOUND ( 'NONE', #2100, .T. ) ;
#1738 = DIRECTION ( 'NONE',  ( -0.000000000000000000, -1.000000000000000000, -0.000000000000000000 ) ) ;
#1739 = CARTESIAN_POINT ( 'NONE',  ( -16.00000000000000000, -26.99999999999999645, -308.0000000000000000 ) ) ;
#1740 = DIRECTION ( 'NONE',  ( 0.000000000000000000, 1.000000000000000000, 0.000000000000000000 ) ) ;
#1741 = EDGE_LOOP ( 'NONE', ( #1538, #1169, #426, #1268 ) ) ;
#1742 = DIRECTION ( 'NONE',  ( 0.000000000000000000, 0.000000000000000000, -1.000000000000000000 ) ) ;
#1743 = PLANE ( 'NONE',  #1565 ) ;
#1744 = ORIENTED_EDGE ( 'NONE', *, *, #363, .F. ) ;
#1745 = ORIENTED_EDGE ( 'NONE', *, *, #983, .F. ) ;
#1746 = DIRECTION ( 'NONE',  ( 0.7808688094430306093, -0.000000000000000000, 0.6246950475544239545 ) ) ;
#1747 = EDGE_CURVE ( 'NONE', #610, #2858, #44, .T. ) ;
#1748 = VERTEX_POINT ( 'NONE', #422 ) ;
#1749 = DIRECTION ( 'NONE',  ( 0.000000000000000000, 1.000000000000000000, 0.000000000000000000 ) ) ;
#1750 = CARTESIAN_POINT ( 'NONE',  ( 30.00000000000000000, 27.00000000000000000, -260.0000000000000000 ) ) ;
#1751 = CC_DESIGN_PERSON_AND_ORGANIZATION_ASSIGNMENT ( #2492, #2965, ( #638 ) ) ;
#1752 = ORIENTED_EDGE ( 'NONE', *, *, #665, .T. ) ;
#1753 = CARTESIAN_POINT ( 'NONE',  ( -34.00000000000000000, 20.00000000000000355, 40.00000000000000000 ) ) ;
#1754 = FACE_OUTER_BOUND ( 'NONE', #2120, .T. ) ;
#1755 = DIRECTION ( 'NONE',  ( 0.5368754921931593316, 0.000000000000000000, 0.8436614877321073624 ) ) ;
#1756 = EDGE_LOOP ( 'NONE', ( #1330, #2815, #2754, #2205 ) ) ;
#1757 = CARTESIAN_POINT ( 'NONE',  ( -30.00000000000000000, -27.00000000000000000, -260.0000000000000000 ) ) ;
#1758 = CARTESIAN_POINT ( 'NONE',  ( 29.56414504036117563, 20.00000000000000355, -14.99586983568287124 ) ) ;
#1759 = ORIENTED_EDGE ( 'NONE', *, *, #2971, .T. ) ;
#1760 = EDGE_LOOP ( 'NONE', ( #1371, #1866, #1272, #2229 ) ) ;
#1761 = CARTESIAN_POINT ( 'NONE',  ( 18.50000000000000355, -5.000000000000000000, -148.3429399400241948 ) ) ;
#1762 = ADVANCED_FACE ( 'NONE', ( #2377 ), #182, .F. ) ;
#1763 = EDGE_CURVE ( 'NONE', #1781, #3074, #2594, .T. ) ;
#1764 = ORIENTED_EDGE ( 'NONE', *, *, #962, .T. ) ;
#1765 = LINE ( 'NONE', #1800, #1526 ) ;
#1766 = VECTOR ( 'NONE', #273, 1000.000000000000000 ) ;
#1767 = CARTESIAN_POINT ( 'NONE',  ( -48.00000000000000000, 5.000000000000000000, -88.00000000000000000 ) ) ;
#1768 = ORIENTED_EDGE ( 'NONE', *, *, #2480, .T. ) ;
#1769 = DIRECTION ( 'NONE',  ( 0.000000000000000000, 1.000000000000000000, 0.000000000000000000 ) ) ;
#1770 = VECTOR ( 'NONE', #1223, 1000.000000000000000 ) ;
#1771 = AXIS2_PLACEMENT_3D ( 'NONE', #2108, #3070, #2834 ) ;
#1772 = CARTESIAN_POINT ( 'NONE',  ( 0.000000000000000000, 20.00000000000000355, 0.000000000000000000 ) ) ;
#1773 = LINE ( 'NONE', #1104, #1216 ) ;
#1774 = VECTOR ( 'NONE', #2587, 1000.000000000000000 ) ;
#1775 = AXIS2_PLACEMENT_3D ( 'NONE', #262, #2922, #1195 ) ;
#1776 = VERTEX_POINT ( 'NONE', #2391 ) ;
#1777 = CARTESIAN_POINT ( 'NONE',  ( 37.00000000000000000, -5.000000000000000000, -206.0000000000000000 ) ) ;
#1778 = CARTESIAN_POINT ( 'NONE',  ( 29.56414504036117918, 20.00000000000000355, 12.24586983568286591 ) ) ;
#1779 = CIRCLE ( 'NONE', #2244, 1.700000000000007061 ) ;
#1780 = EDGE_LOOP ( 'NONE', ( #1789, #774, #732, #2756 ) ) ;
#1781 = VERTEX_POINT ( 'NONE', #199 ) ;
#1782 = LINE ( 'NONE', #2977, #240 ) ;
#1783 = AXIS2_PLACEMENT_3D ( 'NONE', #546, #2020, #2982 ) ;
#1784 = VECTOR ( 'NONE', #126, 1000.000000000000000 ) ;
#1785 = ORIENTED_EDGE ( 'NONE', *, *, #2667, .T. ) ;
#1786 = EDGE_CURVE ( 'NONE', #1348, #2692, #3113, .T. ) ;
#1787 = LINE ( 'NONE', #2235, #253 ) ;
#1788 = CARTESIAN_POINT ( 'NONE',  ( -29.56414504036117563, 34.00000000000000000, -9.495869835682878346 ) ) ;
#1789 = ORIENTED_EDGE ( 'NONE', *, *, #1020, .F. ) ;
#1790 = DIRECTION ( 'NONE',  ( 0.000000000000000000, 0.000000000000000000, 1.000000000000000000 ) ) ;
#1791 = DIRECTION ( 'NONE',  ( 0.000000000000000000, 1.000000000000000000, 0.000000000000000000 ) ) ;
#1792 = EDGE_CURVE ( 'NONE', #2365, #3059, #688, .T. ) ;
#1793 = DIRECTION ( 'NONE',  ( -0.000000000000000000, -1.000000000000000000, -0.000000000000000000 ) ) ;
#1794 = VERTEX_POINT ( 'NONE', #2479 ) ;
#1795 = FACE_BOUND ( 'NONE', #12, .T. ) ;
#1796 = VERTEX_POINT ( 'NONE', #2422 ) ;
#1797 = ORIENTED_EDGE ( 'NONE', *, *, #1698, .T. ) ;
#1798 = CARTESIAN_POINT ( 'NONE',  ( -12.24586983568287124, 34.00000000000000000, -26.81414504036117563 ) ) ;
#1799 = VERTEX_POINT ( 'NONE', #1702 ) ;
#1800 = CARTESIAN_POINT ( 'NONE',  ( 37.00000000000000000, 5.000000000000000000, -207.6999999999999886 ) ) ;
#1801 = ADVANCED_FACE ( 'NONE', ( #2211 ), #2434, .F. ) ;
#1802 = ORIENTED_EDGE ( 'NONE', *, *, #2129, .T. ) ;
#1803 = CARTESIAN_POINT ( 'NONE',  ( -37.00000000000000000, 5.000000000000000000, -116.2999999999999829 ) ) ;
#1804 = EDGE_CURVE ( 'NONE', #1140, #1361, #972, .T. ) ;
#1805 = DIRECTION ( 'NONE',  ( 0.000000000000000000, 0.000000000000000000, -1.000000000000000000 ) ) ;
#1806 = ORIENTED_EDGE ( 'NONE', *, *, #1827, .T. ) ;
#1807 = DIRECTION ( 'NONE',  ( -1.000000000000000000, 0.000000000000000000, 0.000000000000000000 ) ) ;
#1808 = LINE ( 'NONE', #2552, #997 ) ;
#1809 = APPROVAL_PERSON_ORGANIZATION ( #525, #587, #936 ) ;
#1810 = ORIENTED_EDGE ( 'NONE', *, *, #1650, .T. ) ;
#1811 = ORIENTED_EDGE ( 'NONE', *, *, #641, .F. ) ;
#1812 = LINE ( 'NONE', #1045, #1715 ) ;
#1813 = DIRECTION ( 'NONE',  ( -1.000000000000000000, 0.000000000000000000, -0.000000000000000000 ) ) ;
#1814 = ORIENTED_EDGE ( 'NONE', *, *, #2683, .T. ) ;
#1815 = DIRECTION ( 'NONE',  ( 0.000000000000000000, 1.000000000000000000, 0.000000000000000000 ) ) ;
#1816 = ORIENTED_EDGE ( 'NONE', *, *, #1310, .F. ) ;
#1817 = DIRECTION ( 'NONE',  ( 0.000000000000000000, 1.000000000000000000, 0.000000000000000000 ) ) ;
#1818 = CARTESIAN_POINT ( 'NONE',  ( 16.00000000000000000, 27.00000000000000000, -308.0000000000000000 ) ) ;
#1819 = AXIS2_PLACEMENT_3D ( 'NONE', #2810, #1817, #348 ) ;
#1820 = EDGE_LOOP ( 'NONE', ( #376, #1385 ) ) ;
#1821 = DIRECTION ( 'NONE',  ( 0.000000000000000000, 1.000000000000000000, 0.000000000000000000 ) ) ;
#1822 = AXIS2_PLACEMENT_3D ( 'NONE', #53, #289, #571 ) ;
#1823 = LINE ( 'NONE', #1292, #1834 ) ;
#1824 = CIRCLE ( 'NONE', #2231, 2.750000000000002665 ) ;
#1825 = VERTEX_POINT ( 'NONE', #227 ) ;
#1826 = DIRECTION ( 'NONE',  ( -1.000000000000000000, 0.000000000000000000, 0.000000000000000000 ) ) ;
#1827 = EDGE_CURVE ( 'NONE', #259, #1364, #2671, .T. ) ;
#1828 = DIRECTION ( 'NONE',  ( 0.000000000000000000, 1.000000000000000000, 0.000000000000000000 ) ) ;
#1829 = CIRCLE ( 'NONE', #2236, 11.00000000000001066 ) ;
#1830 = ORIENTED_EDGE ( 'NONE', *, *, #2435, .T. ) ;
#1831 = VERTEX_POINT ( 'NONE', #531 ) ;
#1832 = AXIS2_PLACEMENT_3D ( 'NONE', #1004, #1022, #751 ) ;
#1833 = CYLINDRICAL_SURFACE ( 'NONE', #2291, 1.700000000000007061 ) ;
#1834 = VECTOR ( 'NONE', #548, 1000.000000000000000 ) ;
#1835 = CYLINDRICAL_SURFACE ( 'NONE', #2995, 1.700000000000007061 ) ;
#1836 = ORIENTED_EDGE ( 'NONE', *, *, #1393, .F. ) ;
#1837 = DIRECTION ( 'NONE',  ( 0.000000000000000000, 1.000000000000000000, 0.000000000000000000 ) ) ;
#1838 = VECTOR ( 'NONE', #1594, 1000.000000000000000 ) ;
#1839 = CARTESIAN_POINT ( 'NONE',  ( 8.000000000000000000, -26.99999999999999645, -318.0000000000000000 ) ) ;
#1840 = AXIS2_PLACEMENT_3D ( 'NONE', #2198, #1194, #1922 ) ;
#1841 = ORIENTED_EDGE ( 'NONE', *, *, #2386, .F. ) ;
#1842 = DIRECTION ( 'NONE',  ( -0.000000000000000000, -1.000000000000000000, -0.000000000000000000 ) ) ;
#1843 = CARTESIAN_POINT ( 'NONE',  ( 3.079986699855593473E-15, 22.20000000000000284, 25.15000000000000213 ) ) ;
#1844 = DIRECTION ( 'NONE',  ( -0.000000000000000000, -1.000000000000000000, -0.000000000000000000 ) ) ;
#1845 = ORIENTED_EDGE ( 'NONE', *, *, #1503, .T. ) ;
#1846 = CARTESIAN_POINT ( 'NONE',  ( -18.49999999999999289, -5.000000000000000000, -238.0429399400242403 ) ) ;
#1847 = CARTESIAN_POINT ( 'NONE',  ( 0.000000000000000000, 20.00000000000000355, 0.000000000000000000 ) ) ;
#1848 = EDGE_CURVE ( 'NONE', #370, #710, #765, .T. ) ;
#1849 = ORIENTED_EDGE ( 'NONE', *, *, #2382, .F. ) ;
#1850 = ORIENTED_EDGE ( 'NONE', *, *, #825, .T. ) ;
#1851 = DIRECTION ( 'NONE',  ( -0.9701425001453318764, 0.000000000000000000, -0.2425356250363328858 ) ) ;
#1852 = ORIENTED_EDGE ( 'NONE', *, *, #1706, .T. ) ;
#1853 = DIRECTION ( 'NONE',  ( 0.9973658169587938938, -0.000000000000000000, 0.07253569577882136576 ) ) ;
#1854 = ORIENTED_EDGE ( 'NONE', *, *, #825, .F. ) ;
#1855 = ADVANCED_FACE ( 'NONE', ( #1434 ), #2969, .F. ) ;
#1856 = EDGE_LOOP ( 'NONE', ( #111, #2134, #1472 ) ) ;
#1857 = LINE ( 'NONE', #863, #1631 ) ;
#1858 = CARTESIAN_POINT ( 'NONE',  ( 12.24586983568288012, 34.00000000000000000, 26.81414504036117208 ) ) ;
#1859 = CC_DESIGN_PERSON_AND_ORGANIZATION_ASSIGNMENT ( #788, #2174, ( #638 ) ) ;
#1860 = DIRECTION ( 'NONE',  ( -0.000000000000000000, -1.000000000000000000, -0.000000000000000000 ) ) ;
#1861 = EDGE_LOOP ( 'NONE', ( #536, #600, #632, #346, #1097, #2838, #314, #584, #1027, #220 ) ) ;
#1862 = CARTESIAN_POINT ( 'NONE',  ( 0.000000000000000000, 22.20000000000000284, -25.15000000000000213 ) ) ;
#1863 = CARTESIAN_POINT ( 'NONE',  ( -29.56414504036117918, 34.00000000000000000, 14.99586983568286946 ) ) ;
#1864 = ORIENTED_EDGE ( 'NONE', *, *, #637, .F. ) ;
#1865 = DIRECTION ( 'NONE',  ( 0.000000000000000000, 0.000000000000000000, -1.000000000000000000 ) ) ;
#1866 = ORIENTED_EDGE ( 'NONE', *, *, #2503, .T. ) ;
#1867 = CARTESIAN_POINT ( 'NONE',  ( 0.000000000000000000, 0.000000000000000000, -260.0000000000000000 ) ) ;
#1868 = EDGE_CURVE ( 'NONE', #358, #1644, #3138, .T. ) ;
#1869 = ORIENTED_EDGE ( 'NONE', *, *, #1099, .F. ) ;
#1870 = PLANE ( 'NONE',  #913 ) ;
#1871 = EDGE_CURVE ( 'NONE', #2902, #844, #1779, .T. ) ;
#1872 = FACE_OUTER_BOUND ( 'NONE', #1390, .T. ) ;
#1873 = LINE ( 'NONE', #180, #2650 ) ;
#1874 = LINE ( 'NONE', #2345, #1163 ) ;
#1875 = CIRCLE ( 'NONE', #88, 2.749999999999999112 ) ;
#1876 = ORIENTED_EDGE ( 'NONE', *, *, #2140, .T. ) ;
#1877 = AXIS2_PLACEMENT_3D ( 'NONE', #2898, #473, #1202 ) ;
#1878 = ORIENTED_EDGE ( 'NONE', *, *, #872, .T. ) ;
#1879 = CARTESIAN_POINT ( 'NONE',  ( 34.00000000000000000, 34.00000000000000000, 40.00000000000000000 ) ) ;
#1880 = AXIS2_PLACEMENT_3D ( 'NONE', #1007, #54, #263 ) ;
#1881 = LINE ( 'NONE', #2095, #1774 ) ;
#1882 = ORIENTED_EDGE ( 'NONE', *, *, #1996, .T. ) ;
#1883 = CIRCLE ( 'NONE', #2351, 1.700000000000007061 ) ;
#1884 = CIRCLE ( 'NONE', #354, 6.000000000000000000 ) ;
#1885 = DIRECTION ( 'NONE',  ( 0.000000000000000000, 1.000000000000000000, 0.000000000000000000 ) ) ;
#1886 = ADVANCED_FACE ( 'NONE', ( #517 ), #2466, .F. ) ;
#1887 = VECTOR ( 'NONE', #570, 1000.000000000000227 ) ;
#1888 = ORIENTED_EDGE ( 'NONE', *, *, #424, .T. ) ;
#1889 = ORIENTED_EDGE ( 'NONE', *, *, #2807, .T. ) ;
#1890 = CARTESIAN_POINT ( 'NONE',  ( 0.000000000000000000, 22.20000000000000284, -25.15000000000000213 ) ) ;
#1891 = VECTOR ( 'NONE', #1842, 1000.000000000000000 ) ;
#1892 = DIRECTION ( 'NONE',  ( -1.000000000000000000, 0.000000000000000000, 0.000000000000000000 ) ) ;
#1893 = PLANE ( 'NONE',  #1571 ) ;
#1894 = EDGE_CURVE ( 'NONE', #298, #370, #2195, .T. ) ;
#1895 = DIRECTION ( 'NONE',  ( -0.000000000000000000, -1.000000000000000000, -0.000000000000000000 ) ) ;
#1896 = ORIENTED_EDGE ( 'NONE', *, *, #95, .T. ) ;
#1897 = DIRECTION ( 'NONE',  ( 0.000000000000000000, 0.000000000000000000, 1.000000000000000000 ) ) ;
#1898 = EDGE_CURVE ( 'NONE', #1794, #2689, #3051, .T. ) ;
#1899 = VERTEX_POINT ( 'NONE', #747 ) ;
#1900 = DIRECTION ( 'NONE',  ( -0.000000000000000000, 1.000000000000000000, -0.000000000000000000 ) ) ;
#1901 = DIRECTION ( 'NONE',  ( 0.000000000000000000, 0.000000000000000000, 1.000000000000000000 ) ) ;
#1902 = ORIENTED_EDGE ( 'NONE', *, *, #620, .T. ) ;
#1903 = LINE ( 'NONE', #899, #1766 ) ;
#1904 = ORIENTED_EDGE ( 'NONE', *, *, #967, .F. ) ;
#1905 = DIRECTION ( 'NONE',  ( -0.000000000000000000, 1.000000000000000000, -0.000000000000000000 ) ) ;
#1906 = EDGE_CURVE ( 'NONE', #3068, #1011, #2900, .T. ) ;
#1907 = DIRECTION ( 'NONE',  ( 0.000000000000000000, 0.000000000000000000, 1.000000000000000000 ) ) ;
#1908 = COORDINATED_UNIVERSAL_TIME_OFFSET ( 5, 30, .AHEAD. ) ;
#1909 = CARTESIAN_POINT ( 'NONE',  ( -7.549834435270755151, 5.000000000000000000, -110.0000000000000000 ) ) ;
#1910 = ADVANCED_FACE ( 'NONE', ( #986 ), #30, .F. ) ;
#1911 = EDGE_CURVE ( 'NONE', #1963, #396, #1520, .T. ) ;
#1912 = DIRECTION ( 'NONE',  ( 0.000000000000000000, -0.000000000000000000, -1.000000000000000000 ) ) ;
#1913 = CARTESIAN_POINT ( 'NONE',  ( 0.000000000000000000, -26.99999999999999645, -304.0000000000000000 ) ) ;
#1914 = EDGE_LOOP ( 'NONE', ( #2013, #158, #1233, #223, #708, #2850, #1759, #693 ) ) ;
#1915 = CARTESIAN_POINT ( 'NONE',  ( -34.00000000000000000, 34.00000000000000000, 40.00000000000000000 ) ) ;
#1916 = ADVANCED_FACE ( 'NONE', ( #1000 ), #1971, .F. ) ;
#1917 = VERTEX_POINT ( 'NONE', #1719 ) ;
#1918 = CARTESIAN_POINT ( 'NONE',  ( 18.50000000000000355, 5.000000000000000000, -172.2570600599757711 ) ) ;
#1919 = DIRECTION ( 'NONE',  ( 0.000000000000000000, 0.000000000000000000, 1.000000000000000000 ) ) ;
#1920 = DATE_AND_TIME ( #451, #21 ) ;
#1921 = DIRECTION ( 'NONE',  ( -0.000000000000000000, -0.000000000000000000, -1.000000000000000000 ) ) ;
#1922 = DIRECTION ( 'NONE',  ( 0.000000000000000000, 0.000000000000000000, 1.000000000000000000 ) ) ;
#1923 = ADVANCED_FACE ( 'NONE', ( #1939 ), #2699, .F. ) ;
#1924 = VECTOR ( 'NONE', #2717, 1000.000000000000000 ) ;
#1925 = CARTESIAN_POINT ( 'NONE',  ( 1.347111479062088405E-15, 5.000000000000000000, -194.9999999999999716 ) ) ;
#1926 = ADVANCED_FACE ( 'NONE', ( #2773 ), #320, .F. ) ;
#1927 = AXIS2_PLACEMENT_3D ( 'NONE', #2664, #2722, #2416 ) ;
#1928 = CARTESIAN_POINT ( 'NONE',  ( 37.00000000000000000, 5.000000000000000000, -116.2999999999999829 ) ) ;
#1929 = ORIENTED_EDGE ( 'NONE', *, *, #3021, .T. ) ;
#1930 = CYLINDRICAL_SURFACE ( 'NONE', #1877, 2.750000000000002665 ) ;
#1931 = DIRECTION ( 'NONE',  ( 0.000000000000000000, 1.000000000000000000, 0.000000000000000000 ) ) ;
#1932 = AXIS2_PLACEMENT_3D ( 'NONE', #935, #2841, #1919 ) ;
#1933 = EDGE_LOOP ( 'NONE', ( #2440, #2283, #275, #254 ) ) ;
#1934 = LINE ( 'NONE', #2884, #2247 ) ;
#1935 = VECTOR ( 'NONE', #550, 1000.000000000000000 ) ;
#1936 = DIRECTION ( 'NONE',  ( 0.000000000000000000, -0.000000000000000000, 1.000000000000000000 ) ) ;
#1937 = CIRCLE ( 'NONE', #42, 4.000000000000003553 ) ;
#1938 = AXIS2_PLACEMENT_3D ( 'NONE', #2612, #1389, #1614 ) ;
#1939 = FACE_OUTER_BOUND ( 'NONE', #3043, .T. ) ;
#1940 = VECTOR ( 'NONE', #1689, 1000.000000000000000 ) ;
#1941 = DIRECTION ( 'NONE',  ( 1.000000000000000000, 0.000000000000000000, 0.000000000000000000 ) ) ;
#1942 = AXIS2_PLACEMENT_3D ( 'NONE', #219, #2184, #739 ) ;
#1943 = CARTESIAN_POINT ( 'NONE',  ( -37.00000000000000000, -5.000000000000000000, -116.2999999999999829 ) ) ;
#1944 = EDGE_CURVE ( 'NONE', #2433, #39, #1009, .T. ) ;
#1945 = PLANE ( 'NONE',  #94 ) ;
#1946 = EDGE_LOOP ( 'NONE', ( #2384, #3079 ) ) ;
#1947 = CARTESIAN_POINT ( 'NONE',  ( 16.00000000000000000, -26.99999999999999645, -308.0000000000000000 ) ) ;
#1948 = VERTEX_POINT ( 'NONE', #1291 ) ;
#1949 = DIRECTION ( 'NONE',  ( -0.000000000000000000, -1.000000000000000000, -0.000000000000000000 ) ) ;
#1950 = PRODUCT ( 'JX1_Shin_R', 'JX1_Shin_R', '', ( #226 ) ) ;
#1951 = VERTEX_POINT ( 'NONE', #130 ) ;
#1952 = LINE ( 'NONE', #1186, #511 ) ;
#1953 = LINE ( 'NONE', #2932, #2793 ) ;
#1954 = ORIENTED_EDGE ( 'NONE', *, *, #2382, .T. ) ;
#1955 = CARTESIAN_POINT ( 'NONE',  ( 9.797174393178825657E-16, 5.000000000000000000, -153.9999999999999716 ) ) ;
#1956 = EDGE_CURVE ( 'NONE', #1641, #1637, #1470, .T. ) ;
#1957 = CC_DESIGN_DATE_AND_TIME_ASSIGNMENT ( #1920, #2254, ( #937 ) ) ;
#1958 = DIRECTION ( 'NONE',  ( -0.000000000000000000, -1.000000000000000000, -0.000000000000000000 ) ) ;
#1959 = DIRECTION ( 'NONE',  ( 0.000000000000000000, 1.000000000000000000, 0.000000000000000000 ) ) ;
#1960 = FACE_OUTER_BOUND ( 'NONE', #1577, .T. ) ;
#1961 = ORIENTED_EDGE ( 'NONE', *, *, #1373, .T. ) ;
#1962 = LINE ( 'NONE', #1947, #616 ) ;
#1963 = VERTEX_POINT ( 'NONE', #1276 ) ;
#1964 = EDGE_LOOP ( 'NONE', ( #2426, #836, #115, #1785 ) ) ;
#1965 = EDGE_CURVE ( 'NONE', #2881, #2794, #81, .T. ) ;
#1966 = EDGE_CURVE ( 'NONE', #3059, #3071, #2312, .T. ) ;
#1967 = CARTESIAN_POINT ( 'NONE',  ( 18.50000000000000355, 5.000000000000000000, -236.3429399400241948 ) ) ;
#1968 = CC_DESIGN_APPROVAL ( #2621, ( #937 ) ) ;
#1969 = DIRECTION ( 'NONE',  ( 0.000000000000000000, -0.000000000000000000, 1.000000000000000000 ) ) ;
#1970 = ORIENTED_EDGE ( 'NONE', *, *, #2631, .T. ) ;
#1971 = CYLINDRICAL_SURFACE ( 'NONE', #861, 1.700000000000007061 ) ;
#1972 = CARTESIAN_POINT ( 'NONE',  ( -18.49999999999999289, 5.000000000000000000, -238.0429399400242403 ) ) ;
#1973 = CARTESIAN_POINT ( 'NONE',  ( -30.00000000000000000, 27.00000000000000000, -270.0000000000000000 ) ) ;
#1974 = CARTESIAN_POINT ( 'NONE',  ( 18.50000000000000355, -5.000000000000000000, -150.0429399400242119 ) ) ;
#1975 = ORIENTED_EDGE ( 'NONE', *, *, #2270, .F. ) ;
#1976 = DIRECTION ( 'NONE',  ( -0.000000000000000000, -1.000000000000000000, -0.000000000000000000 ) ) ;
#1977 = ORIENTED_EDGE ( 'NONE', *, *, #2167, .F. ) ;
#1978 = CIRCLE ( 'NONE', #598, 1.700000000000007061 ) ;
#1979 = CIRCLE ( 'NONE', #601, 2.749999999999999112 ) ;
#1980 = APPROVAL_DATE_TIME ( #1032, #2621 ) ;
#1981 = VERTEX_POINT ( 'NONE', #2759 ) ;
#1982 = DIRECTION ( 'NONE',  ( 1.000000000000000000, 0.000000000000000000, 0.000000000000000000 ) ) ;
#1983 = AXIS2_PLACEMENT_3D ( 'NONE', #1778, #2751, #2329 ) ;
#1984 = ADVANCED_FACE ( 'NONE', ( #3001 ), #2547, .F. ) ;
#1985 = CARTESIAN_POINT ( 'NONE',  ( 0.000000000000000000, 5.000000000000000000, -118.0000000000000000 ) ) ;
#1986 = VECTOR ( 'NONE', #1096, 1000.000000000000000 ) ;
#1987 = ORIENTED_EDGE ( 'NONE', *, *, #2656, .F. ) ;
#1988 = DIRECTION ( 'NONE',  ( 0.000000000000000000, -0.000000000000000000, 1.000000000000000000 ) ) ;
#1989 = CIRCLE ( 'NONE', #349, 4.000000000000003553 ) ;
#1990 = VECTOR ( 'NONE', #388, 1000.000000000000000 ) ;
#1991 = LINE ( 'NONE', #767, #2099 ) ;
#1992 = DIRECTION ( 'NONE',  ( 0.000000000000000000, 0.000000000000000000, 1.000000000000000000 ) ) ;
#1993 = VECTOR ( 'NONE', #1443, 1000.000000000000000 ) ;
#1994 = DIRECTION ( 'NONE',  ( 0.000000000000000000, 0.000000000000000000, 1.000000000000000000 ) ) ;
#1995 = DIRECTION ( 'NONE',  ( -0.000000000000000000, -1.000000000000000000, -0.000000000000000000 ) ) ;
#1996 = EDGE_CURVE ( 'NONE', #2282, #1346, #1050, .T. ) ;
#1997 = AXIS2_PLACEMENT_3D ( 'NONE', #991, #1668, #9 ) ;
#1998 = ORIENTED_EDGE ( 'NONE', *, *, #922, .T. ) ;
#1999 = DIRECTION ( 'NONE',  ( 0.000000000000000000, 0.000000000000000000, -1.000000000000000000 ) ) ;
#2000 = ORIENTED_EDGE ( 'NONE', *, *, #364, .F. ) ;
#2001 = DIRECTION ( 'NONE',  ( 0.000000000000000000, 0.000000000000000000, 1.000000000000000000 ) ) ;
#2002 = PRODUCT_DEFINITION ( 'UNKNOWN', '', #638, #942 ) ;
#2003 = EDGE_LOOP ( 'NONE', ( #276, #1355 ) ) ;
#2004 = CARTESIAN_POINT ( 'NONE',  ( 37.00000000000000000, 5.000000000000000000, -204.2999999999999829 ) ) ;
#2005 = FACE_BOUND ( 'NONE', #2586, .T. ) ;
#2006 = DIRECTION ( 'NONE',  ( -0.000000000000000000, -1.000000000000000000, -0.000000000000000000 ) ) ;
#2007 = LINE ( 'NONE', #2970, #860 ) ;
#2008 = DIRECTION ( 'NONE',  ( 0.000000000000000000, 1.000000000000000000, 0.000000000000000000 ) ) ;
#2009 = ADVANCED_FACE ( 'NONE', ( #2531 ), #2563, .F. ) ;
#2010 = LINE ( 'NONE', #1757, #2542 ) ;
#2011 = DIRECTION ( 'NONE',  ( 0.000000000000000000, 1.000000000000000000, 0.000000000000000000 ) ) ;
#2012 = ORIENTED_EDGE ( 'NONE', *, *, #544, .F. ) ;
#2013 = ORIENTED_EDGE ( 'NONE', *, *, #321, .F. ) ;
#2014 = CARTESIAN_POINT ( 'NONE',  ( -37.00000000000000000, 5.000000000000000000, -118.0000000000000000 ) ) ;
#2015 = APPROVAL_DATE_TIME ( #279, #587 ) ;
#2016 = VERTEX_POINT ( 'NONE', #2290 ) ;
#2017 = CARTESIAN_POINT ( 'NONE',  ( 30.00000000000000000, -27.00000000000000000, -260.0000000000000000 ) ) ;
#2018 = LINE ( 'NONE', #1818, #1262 ) ;
#2019 = EDGE_LOOP ( 'NONE', ( #1845, #2847 ) ) ;
#2020 = DIRECTION ( 'NONE',  ( -0.000000000000000000, -1.000000000000000000, -0.000000000000000000 ) ) ;
#2021 = FACE_BOUND ( 'NONE', #2124, .T. ) ;
#2022 = CARTESIAN_POINT ( 'NONE',  ( -29.56414504036117918, 20.00000000000000355, 14.99586983568286946 ) ) ;
#2023 = LINE ( 'NONE', #617, #2438 ) ;
#2024 = LINE ( 'NONE', #521, #1258 ) ;
#2025 = EDGE_CURVE ( 'NONE', #423, #1602, #2954, .T. ) ;
#2026 = ORIENTED_EDGE ( 'NONE', *, *, #2368, .F. ) ;
#2027 = VERTEX_POINT ( 'NONE', #1070 ) ;
#2028 = DIRECTION ( 'NONE',  ( 0.000000000000000000, 1.000000000000000000, 0.000000000000000000 ) ) ;
#2029 = EDGE_CURVE ( 'NONE', #1451, #2883, #2405, .T. ) ;
#2030 = VERTEX_POINT ( 'NONE', #1086 ) ;
#2031 = LINE ( 'NONE', #369, #704 ) ;
#2032 = ORIENTED_EDGE ( 'NONE', *, *, #1010, .F. ) ;
#2033 = DIRECTION ( 'NONE',  ( 0.000000000000000000, 1.000000000000000000, 0.000000000000000000 ) ) ;
#2034 = AXIS2_PLACEMENT_3D ( 'NONE', #2734, #557, #1523 ) ;
#2035 = AXIS2_PLACEMENT_3D ( 'NONE', #1151, #457, #1453 ) ;
#2036 = CARTESIAN_POINT ( 'NONE',  ( 30.00000000000000000, -27.00000000000000000, -260.0000000000000000 ) ) ;
#2037 = ORIENTED_EDGE ( 'NONE', *, *, #1639, .T. ) ;
#2038 = LINE ( 'NONE', #630, #1320 ) ;
#2039 = CIRCLE ( 'NONE', #160, 2.750000000000002665 ) ;
#2040 = AXIS2_PLACEMENT_3D ( 'NONE', #500, #2456, #1992 ) ;
#2041 = ORIENTED_EDGE ( 'NONE', *, *, #2160, .F. ) ;
#2042 = CARTESIAN_POINT ( 'NONE',  ( -18.50000000000001776, 5.000000000000000000, -173.9570600599757597 ) ) ;
#2043 = AXIS2_PLACEMENT_3D ( 'NONE', #2083, #2033, #1510 ) ;
#2044 = ORIENTED_EDGE ( 'NONE', *, *, #1214, .F. ) ;
#2045 = VERTEX_POINT ( 'NONE', #3033 ) ;
#2046 = DIRECTION ( 'NONE',  ( 0.000000000000000000, 0.000000000000000000, -1.000000000000000000 ) ) ;
#2047 = EDGE_CURVE ( 'NONE', #1580, #1543, #1340, .T. ) ;
#2048 = CIRCLE ( 'NONE', #666, 1.700000000000007061 ) ;
#2049 = VECTOR ( 'NONE', #2529, 1000.000000000000000 ) ;
#2050 = ORIENTED_EDGE ( 'NONE', *, *, #2424, .F. ) ;
#2051 = FACE_OUTER_BOUND ( 'NONE', #143, .T. ) ;
#2052 = CARTESIAN_POINT ( 'NONE',  ( -48.00000000000000000, -5.000000000000000000, -236.0000000000000000 ) ) ;
#2053 = ORIENTED_EDGE ( 'NONE', *, *, #1137, .T. ) ;
#2054 = CARTESIAN_POINT ( 'NONE',  ( 0.000000000000000000, 22.20000000000000284, 0.000000000000000000 ) ) ;
#2055 = EDGE_CURVE ( 'NONE', #2428, #1346, #2328, .T. ) ;
#2056 = FACE_BOUND ( 'NONE', #2622, .T. ) ;
#2057 = ORIENTED_EDGE ( 'NONE', *, *, #1193, .F. ) ;
#2058 = CARTESIAN_POINT ( 'NONE',  ( 16.00000000000000000, -26.99999999999999645, -270.0000000000000000 ) ) ;
#2059 = CC_DESIGN_PERSON_AND_ORGANIZATION_ASSIGNMENT ( #2640, #1489, ( #2002 ) ) ;
#2060 = EDGE_LOOP ( 'NONE', ( #2032, #2462 ) ) ;
#2061 = CARTESIAN_POINT ( 'NONE',  ( -30.00000000000000000, 27.00000000000000000, -260.0000000000000000 ) ) ;
#2062 = ORIENTED_EDGE ( 'NONE', *, *, #2778, .F. ) ;
#2063 = DIRECTION ( 'NONE',  ( -0.000000000000000000, -1.000000000000000000, -0.000000000000000000 ) ) ;
#2064 = LINE ( 'NONE', #2570, #1152 ) ;
#2065 = ORIENTED_EDGE ( 'NONE', *, *, #1145, .F. ) ;
#2066 = CARTESIAN_POINT ( 'NONE',  ( 8.000000000000000000, 18.00000000000000355, -318.0000000000000000 ) ) ;
#2067 = VERTEX_POINT ( 'NONE', #353 ) ;
#2068 = EDGE_CURVE ( 'NONE', #2119, #945, #1575, .T. ) ;
#2069 = ADVANCED_FACE ( 'NONE', ( #1532 ), #1036, .F. ) ;
#2070 = ORIENTED_EDGE ( 'NONE', *, *, #2723, .T. ) ;
#2071 = DIRECTION ( 'NONE',  ( -0.6246950475544239545, 0.000000000000000000, 0.7808688094430306093 ) ) ;
#2072 = EDGE_CURVE ( 'NONE', #2989, #2692, #1013, .T. ) ;
#2073 = DIRECTION ( 'NONE',  ( 0.000000000000000000, 1.000000000000000000, 0.000000000000000000 ) ) ;
#2074 = ORIENTED_EDGE ( 'NONE', *, *, #858, .F. ) ;
#2075 = CARTESIAN_POINT ( 'NONE',  ( -36.00000000000000000, 20.00000000000000355, -110.0000000000000000 ) ) ;
#2076 = DIRECTION ( 'NONE',  ( -0.000000000000000000, -1.000000000000000000, -0.000000000000000000 ) ) ;
#2077 = ORIENTED_EDGE ( 'NONE', *, *, #2238, .T. ) ;
#2078 = DIRECTION ( 'NONE',  ( 0.000000000000000000, 1.000000000000000000, 0.000000000000000000 ) ) ;
#2079 = VERTEX_POINT ( 'NONE', #567 ) ;
#2080 = CARTESIAN_POINT ( 'NONE',  ( 7.549834435270756039, -5.000000000000000000, -110.0000000000000000 ) ) ;
#2081 = CARTESIAN_POINT ( 'NONE',  ( -34.00000000000000000, 5.000000000000000000, -66.00000000000000000 ) ) ;
#2082 = ORIENTED_EDGE ( 'NONE', *, *, #791, .F. ) ;
#2083 = CARTESIAN_POINT ( 'NONE',  ( 0.000000000000000000, 34.00000000000000000, 0.000000000000000000 ) ) ;
#2084 = VECTOR ( 'NONE', #1517, 1000.000000000000000 ) ;
#2085 = ADVANCED_FACE ( 'NONE', ( #2519 ), #1372, .F. ) ;
#2086 = PLANE ( 'NONE',  #1671 ) ;
#2087 = ORIENTED_EDGE ( 'NONE', *, *, #924, .F. ) ;
#2088 = DIRECTION ( 'NONE',  ( 0.000000000000000000, 0.000000000000000000, 1.000000000000000000 ) ) ;
#2089 = ORIENTED_EDGE ( 'NONE', *, *, #228, .T. ) ;
#2090 = AXIS2_PLACEMENT_3D ( 'NONE', #2201, #929, #438 ) ;
#2091 = VECTOR ( 'NONE', #1462, 1000.000000000000000 ) ;
#2092 = FACE_OUTER_BOUND ( 'NONE', #1780, .T. ) ;
#2093 = VECTOR ( 'NONE', #2006, 1000.000000000000000 ) ;
#2094 = EDGE_LOOP ( 'NONE', ( #875, #2694, #650, #52 ) ) ;
#2095 = CARTESIAN_POINT ( 'NONE',  ( -16.00000000000000000, 27.00000000000000000, -308.0000000000000000 ) ) ;
#2096 = ORIENTED_EDGE ( 'NONE', *, *, #1965, .F. ) ;
#2097 = VECTOR ( 'NONE', #2477, 1000.000000000000000 ) ;
#2098 = DIRECTION ( 'NONE',  ( -0.000000000000000000, -1.000000000000000000, -0.000000000000000000 ) ) ;
#2099 = VECTOR ( 'NONE', #2921, 1000.000000000000000 ) ;
#2100 = EDGE_LOOP ( 'NONE', ( #893, #821 ) ) ;
#2101 = DIRECTION ( 'NONE',  ( -0.000000000000000000, -1.000000000000000000, -0.000000000000000000 ) ) ;
#2102 = LINE ( 'NONE', #3091, #953 ) ;
#2103 = CARTESIAN_POINT ( 'NONE',  ( 16.00000000000000000, 27.00000000000000000, -270.0000000000000000 ) ) ;
#2104 = CARTESIAN_POINT ( 'NONE',  ( 16.00000000000000000, 18.00000000000000355, -270.0000000000000000 ) ) ;
#2105 = EDGE_CURVE ( 'NONE', #2794, #2079, #2361, .T. ) ;
#2106 = ORIENTED_EDGE ( 'NONE', *, *, #1586, .T. ) ;
#2107 = ORIENTED_EDGE ( 'NONE', *, *, #341, .T. ) ;
#2108 = CARTESIAN_POINT ( 'NONE',  ( 12.24586983568288012, 34.00000000000000000, 29.56414504036117208 ) ) ;
#2109 = VERTEX_POINT ( 'NONE', #2407 ) ;
#2110 = LINE ( 'NONE', #2323, #1784 ) ;
#2111 = EDGE_LOOP ( 'NONE', ( #1500, #2509, #1108, #2705 ) ) ;
#2112 = CARTESIAN_POINT ( 'NONE',  ( 0.000000000000000000, -18.00000000000000000, -270.0000000000000000 ) ) ;
#2113 = ORIENTED_EDGE ( 'NONE', *, *, #2278, .T. ) ;
#2114 = CARTESIAN_POINT ( 'NONE',  ( -18.49999999999999289, 5.000000000000000000, -238.0429399400242403 ) ) ;
#2115 = DIRECTION ( 'NONE',  ( 0.000000000000000000, 1.000000000000000000, 0.000000000000000000 ) ) ;
#2116 = LINE ( 'NONE', #2390, #3050 ) ;
#2117 = VERTEX_POINT ( 'NONE', #3110 ) ;
#2118 = CARTESIAN_POINT ( 'NONE',  ( 34.00000000000000000, -5.000000000000000000, -110.0000000000000000 ) ) ;
#2119 = VERTEX_POINT ( 'NONE', #1890 ) ;
#2120 = EDGE_LOOP ( 'NONE', ( #2366, #2573, #2488, #3045 ) ) ;
#2121 = EDGE_CURVE ( 'NONE', #1637, #1049, #640, .T. ) ;
#2122 = DIRECTION ( 'NONE',  ( 0.000000000000000000, 0.000000000000000000, -1.000000000000000000 ) ) ;
#2123 = CARTESIAN_POINT ( 'NONE',  ( 36.00000000000000000, 34.00000000000000000, -110.0000000000000000 ) ) ;
#2124 = EDGE_LOOP ( 'NONE', ( #2286, #1033 ) ) ;
#2125 = DIRECTION ( 'NONE',  ( 0.000000000000000000, 0.000000000000000000, 1.000000000000000000 ) ) ;
#2126 = EDGE_CURVE ( 'NONE', #2365, #1951, #147, .T. ) ;
#2127 = EDGE_LOOP ( 'NONE', ( #3149, #1582 ) ) ;
#2128 = CARTESIAN_POINT ( 'NONE',  ( 44.00000000000000000, 34.00000000000000000, 0.000000000000000000 ) ) ;
#2129 = EDGE_CURVE ( 'NONE', #1541, #3053, #408, .T. ) ;
#2130 = CARTESIAN_POINT ( 'NONE',  ( -37.00000000000000000, 5.000000000000000000, -207.6999999999999886 ) ) ;
#2131 = FACE_OUTER_BOUND ( 'NONE', #1350, .T. ) ;
#2132 = FACE_BOUND ( 'NONE', #2203, .T. ) ;
#2133 = AXIS2_PLACEMENT_3D ( 'NONE', #1777, #2522, #582 ) ;
#2134 = ORIENTED_EDGE ( 'NONE', *, *, #691, .T. ) ;
#2135 = DIRECTION ( 'NONE',  ( 0.000000000000000000, 0.000000000000000000, 1.000000000000000000 ) ) ;
#2136 = AXIS2_PLACEMENT_3D ( 'NONE', #139, #1621, #2381 ) ;
#2137 = EDGE_LOOP ( 'NONE', ( #2933, #933, #1646, #578, #2062, #1864, #818, #1171, #995, #2571 ) ) ;
#2138 = CIRCLE ( 'NONE', #903, 1.700000000000007061 ) ;
#2139 = DIRECTION ( 'NONE',  ( 0.000000000000000000, 0.000000000000000000, -1.000000000000000000 ) ) ;
#2140 = EDGE_CURVE ( 'NONE', #1119, #1667, #921, .T. ) ;
#2141 = FACE_OUTER_BOUND ( 'NONE', #900, .T. ) ;
#2142 = ORIENTED_EDGE ( 'NONE', *, *, #1698, .F. ) ;
#2143 = VECTOR ( 'NONE', #660, 1000.000000000000000 ) ;
#2144 = AXIS2_PLACEMENT_3D ( 'NONE', #1694, #974, #484 ) ;
#2145 = FACE_OUTER_BOUND ( 'NONE', #2961, .T. ) ;
#2146 = VECTOR ( 'NONE', #1738, 1000.000000000000000 ) ;
#2147 = VERTEX_POINT ( 'NONE', #1352 ) ;
#2148 = ADVANCED_FACE ( 'NONE', ( #626 ), #3046, .F. ) ;
#2149 = AXIS2_PLACEMENT_3D ( 'NONE', #715, #2916, #3122 ) ;
#2150 = DIRECTION ( 'NONE',  ( -0.000000000000000000, 1.000000000000000000, -0.000000000000000000 ) ) ;
#2151 =( NAMED_UNIT ( * ) SI_UNIT ( $, .STERADIAN. ) SOLID_ANGLE_UNIT ( ) );
#2152 = EDGE_CURVE ( 'NONE', #634, #2975, #1323, .T. ) ;
#2153 = FACE_OUTER_BOUND ( 'NONE', #2818, .T. ) ;
#2154 = CYLINDRICAL_SURFACE ( 'NONE', #345, 1.700000000000007061 ) ;
#2155 = DIRECTION ( 'NONE',  ( 0.000000000000000000, 0.000000000000000000, 1.000000000000000000 ) ) ;
#2156 = ORIENTED_EDGE ( 'NONE', *, *, #994, .F. ) ;
#2157 = DIRECTION ( 'NONE',  ( 0.000000000000000000, 0.000000000000000000, -1.000000000000000000 ) ) ;
#2158 = ORIENTED_EDGE ( 'NONE', *, *, #901, .F. ) ;
#2159 = DIRECTION ( 'NONE',  ( -0.7808688094430306093, 0.000000000000000000, 0.6246950475544239545 ) ) ;
#2160 = EDGE_CURVE ( 'NONE', #1825, #2027, #1857, .T. ) ;
#2161 = LINE ( 'NONE', #904, #2348 ) ;
#2162 = FACE_BOUND ( 'NONE', #2835, .T. ) ;
#2163 = VERTEX_POINT ( 'NONE', #1115 ) ;
#2164 = ADVANCED_FACE ( 'NONE', ( #193 ), #1386, .F. ) ;
#2165 = CARTESIAN_POINT ( 'NONE',  ( -12.24586983568287124, 34.00000000000000000, -26.81414504036117563 ) ) ;
#2166 = LINE ( 'NONE', #1925, #1622 ) ;
#2167 = EDGE_CURVE ( 'NONE', #2147, #1275, #3062, .T. ) ;
#2168 = DIRECTION ( 'NONE',  ( -0.5407575913134984313, 0.000000000000000000, 0.8411784753765537692 ) ) ;
#2169 = ORIENTED_EDGE ( 'NONE', *, *, #1639, .F. ) ;
#2170 = CARTESIAN_POINT ( 'NONE',  ( 0.000000000000000000, 5.000000000000000000, -161.9999999999999716 ) ) ;
#2171 = ORIENTED_EDGE ( 'NONE', *, *, #1301, .F. ) ;
#2172 = CARTESIAN_POINT ( 'NONE',  ( -34.00000000000000000, 20.00000000000000355, 0.000000000000000000 ) ) ;
#2173 = FACE_BOUND ( 'NONE', #2930, .T. ) ;
#2174 = PERSON_AND_ORGANIZATION_ROLE ( 'creator' ) ;
#2175 = DIRECTION ( 'NONE',  ( -0.000000000000000000, -1.000000000000000000, -0.000000000000000000 ) ) ;
#2176 = EDGE_CURVE ( 'NONE', #1219, #1328, #2812, .T. ) ;
#2177 = DIRECTION ( 'NONE',  ( 0.000000000000000000, 1.000000000000000000, 0.000000000000000000 ) ) ;
#2178 = CARTESIAN_POINT ( 'NONE',  ( 29.56414504036117563, 34.00000000000000000, -9.495869835682874793 ) ) ;
#2179 = CIRCLE ( 'NONE', #1203, 1.700000000000007061 ) ;
#2180 = DIRECTION ( 'NONE',  ( 0.000000000000000000, 1.000000000000000000, 0.000000000000000000 ) ) ;
#2181 = VERTEX_POINT ( 'NONE', #902 ) ;
#2182 = VECTOR ( 'NONE', #586, 1000.000000000000000 ) ;
#2183 = ADVANCED_FACE ( 'NONE', ( #2859, #673, #2576, #878, #1610, #3075, #2623, #1132, #2590, #398, #432, #167, #2388, #889 ), #1870, .F. ) ;
#2184 = DIRECTION ( 'NONE',  ( 0.000000000000000000, 1.000000000000000000, 0.000000000000000000 ) ) ;
#2185 = EDGE_LOOP ( 'NONE', ( #2781, #3069, #1479, #3131 ) ) ;
#2186 = FACE_OUTER_BOUND ( 'NONE', #862, .T. ) ;
#2187 = CIRCLE ( 'NONE', #243, 4.000000000000003553 ) ;
#2188 = EDGE_LOOP ( 'NONE', ( #264, #2830, #23, #1806 ) ) ;
#2189 = VECTOR ( 'NONE', #2988, 1000.000000000000000 ) ;
#2190 = CARTESIAN_POINT ( 'NONE',  ( -44.00000000000000000, 34.00000000000000000, 0.000000000000000000 ) ) ;
#2191 = APPROVAL ( #2410, 'UNSPECIFIED' ) ;
#2192 = CARTESIAN_POINT ( 'NONE',  ( -44.00000000000000000, 20.00000000000000355, 0.000000000000000000 ) ) ;
#2193 = AXIS2_PLACEMENT_3D ( 'NONE', #3004, #2534, #815 ) ;
#2194 = ORIENTED_EDGE ( 'NONE', *, *, #2435, .F. ) ;
#2195 = LINE ( 'NONE', #4, #609 ) ;
#2196 = AXIS2_PLACEMENT_3D ( 'NONE', #837, #3028, #2273 ) ;
#2197 = ORIENTED_EDGE ( 'NONE', *, *, #2824, .T. ) ;
#2198 = CARTESIAN_POINT ( 'NONE',  ( 12.24586983568288012, 34.00000000000000000, 29.56414504036117208 ) ) ;
#2199 = AXIS2_PLACEMENT_3D ( 'NONE', #175, #1606, #1901 ) ;
#2200 = CARTESIAN_POINT ( 'NONE',  ( 0.000000000000000000, 27.00000000000000000, -304.0000000000000000 ) ) ;
#2201 = CARTESIAN_POINT ( 'NONE',  ( 12.24586983568288012, 20.00000000000000355, 29.56414504036117208 ) ) ;
#2202 = EDGE_CURVE ( 'NONE', #342, #2559, #1714, .T. ) ;
#2203 = EDGE_LOOP ( 'NONE', ( #2194, #684 ) ) ;
#2204 = LINE ( 'NONE', #2215, #2508 ) ;
#2205 = ORIENTED_EDGE ( 'NONE', *, *, #321, .T. ) ;
#2206 = EDGE_LOOP ( 'NONE', ( #1709, #545, #756, #2584 ) ) ;
#2207 = DIRECTION ( 'NONE',  ( 0.000000000000000000, 0.000000000000000000, -1.000000000000000000 ) ) ;
#2208 = LINE ( 'NONE', #14, #2848 ) ;
#2209 = EDGE_CURVE ( 'NONE', #2927, #1917, #303, .T. ) ;
#2210 = EDGE_LOOP ( 'NONE', ( #2567, #2268 ) ) ;
#2211 = FACE_OUTER_BOUND ( 'NONE', #1069, .T. ) ;
#2212 = CARTESIAN_POINT ( 'NONE',  ( -8.000000000000000000, 18.00000000000000355, -318.0000000000000000 ) ) ;
#2213 = DIRECTION ( 'NONE',  ( 0.000000000000000000, 1.000000000000000000, 0.000000000000000000 ) ) ;
#2214 = ORIENTED_EDGE ( 'NONE', *, *, #2827, .T. ) ;
#2215 = CARTESIAN_POINT ( 'NONE',  ( -18.49999999999999289, 5.000000000000000000, -148.3429399400241948 ) ) ;
#2216 = VERTEX_POINT ( 'NONE', #528 ) ;
#2217 = EDGE_CURVE ( 'NONE', #2030, #710, #2420, .T. ) ;
#2218 = EDGE_LOOP ( 'NONE', ( #2569, #65 ) ) ;
#2219 = CARTESIAN_POINT ( 'NONE',  ( -16.00000000000000000, 0.000000000000000000, -270.0000000000000000 ) ) ;
#2220 = FACE_OUTER_BOUND ( 'NONE', #2790, .T. ) ;
#2221 = ORIENTED_EDGE ( 'NONE', *, *, #2778, .T. ) ;
#2222 = DIRECTION ( 'NONE',  ( 0.000000000000000000, 1.000000000000000000, 0.000000000000000000 ) ) ;
#2223 = CARTESIAN_POINT ( 'NONE',  ( 0.000000000000000000, 20.00000000000000355, 0.000000000000000000 ) ) ;
#2224 = CARTESIAN_POINT ( 'NONE',  ( 34.00000000000000000, 5.000000000000000888, -66.00000000000000000 ) ) ;
#2225 = CARTESIAN_POINT ( 'NONE',  ( 30.00000000000000000, 5.000000000000000000, 0.000000000000000000 ) ) ;
#2226 = DIRECTION ( 'NONE',  ( 0.000000000000000000, 1.000000000000000000, 0.000000000000000000 ) ) ;
#2227 = VERTEX_POINT ( 'NONE', #2190 ) ;
#2228 = FACE_OUTER_BOUND ( 'NONE', #2941, .T. ) ;
#2229 = ORIENTED_EDGE ( 'NONE', *, *, #1281, .F. ) ;
#2230 = CIRCLE ( 'NONE', #1406, 1.700000000000007061 ) ;
#2231 = AXIS2_PLACEMENT_3D ( 'NONE', #3081, #1333, #3056 ) ;
#2232 = COORDINATED_UNIVERSAL_TIME_OFFSET ( 5, 30, .AHEAD. ) ;
#2233 = ADVANCED_FACE ( 'NONE', ( #281 ), #1491, .F. ) ;
#2234 = ORIENTED_EDGE ( 'NONE', *, *, #1529, .T. ) ;
#2235 = CARTESIAN_POINT ( 'NONE',  ( -8.000000000000000000, 27.00000000000000000, -318.0000000000000000 ) ) ;
#2236 = AXIS2_PLACEMENT_3D ( 'NONE', #1133, #213, #386 ) ;
#2237 = CARTESIAN_POINT ( 'NONE',  ( -12.24586983568286414, 34.00000000000000000, 26.81414504036117563 ) ) ;
#2238 = EDGE_CURVE ( 'NONE', #1597, #1224, #1952, .T. ) ;
#2239 = EDGE_CURVE ( 'NONE', #2878, #250, #2303, .T. ) ;
#2240 = AXIS2_PLACEMENT_3D ( 'NONE', #2341, #675, #686 ) ;
#2241 = VERTEX_POINT ( 'NONE', #2463 ) ;
#2242 = CARTESIAN_POINT ( 'NONE',  ( 0.000000000000000000, 0.000000000000000000, -260.0000000000000000 ) ) ;
#2243 = VECTOR ( 'NONE', #2935, 1000.000000000000000 ) ;
#2244 = AXIS2_PLACEMENT_3D ( 'NONE', #2953, #480, #1210 ) ;
#2245 = FACE_OUTER_BOUND ( 'NONE', #2206, .T. ) ;
#2246 = FACE_OUTER_BOUND ( 'NONE', #2721, .T. ) ;
#2247 = VECTOR ( 'NONE', #982, 1000.000000000000000 ) ;
#2248 = DIRECTION ( 'NONE',  ( 0.000000000000000000, 0.000000000000000000, -1.000000000000000000 ) ) ;
#2249 = CARTESIAN_POINT ( 'NONE',  ( 30.00000000000000000, -27.00000000000000000, -260.0000000000000000 ) ) ;
#2250 = EDGE_CURVE ( 'NONE', #2016, #393, #730, .T. ) ;
#2251 = EDGE_LOOP ( 'NONE', ( #2156, #918 ) ) ;
#2252 = EDGE_LOOP ( 'NONE', ( #15, #965, #1091, #2400 ) ) ;
#2253 = CYLINDRICAL_SURFACE ( 'NONE', #35, 1.700000000000007061 ) ;
#2254 = DATE_TIME_ROLE ( 'classification_date' ) ;
#2255 = ORIENTED_EDGE ( 'NONE', *, *, #1449, .F. ) ;
#2256 = CARTESIAN_POINT ( 'NONE',  ( 0.000000000000000000, 27.00000000000000000, -300.0000000000000000 ) ) ;
#2257 = FACE_OUTER_BOUND ( 'NONE', #1553, .T. ) ;
#2258 = ORIENTED_EDGE ( 'NONE', *, *, #6, .T. ) ;
#2259 = DIRECTION ( 'NONE',  ( -1.000000000000000000, 0.000000000000000000, 0.000000000000000000 ) ) ;
#2260 = ADVANCED_FACE ( 'NONE', ( #934 ), #492, .F. ) ;
#2261 = CARTESIAN_POINT ( 'NONE',  ( -34.00000000000000000, 5.000000000000000000, -110.0000000000000000 ) ) ;
#2262 = CARTESIAN_POINT ( 'NONE',  ( 0.000000000000000000, -18.00000000000000000, -304.0000000000000000 ) ) ;
#2263 = EDGE_CURVE ( 'NONE', #3053, #840, #996, .T. ) ;
#2264 = DIRECTION ( 'NONE',  ( 0.000000000000000000, 0.000000000000000000, 1.000000000000000000 ) ) ;
#2265 = DIRECTION ( 'NONE',  ( 0.5407575913134984313, 0.000000000000000000, -0.8411784753765537692 ) ) ;
#2266 = ORIENTED_EDGE ( 'NONE', *, *, #529, .T. ) ;
#2267 = LINE ( 'NONE', #2962, #2189 ) ;
#2268 = ORIENTED_EDGE ( 'NONE', *, *, #2342, .T. ) ;
#2269 = CYLINDRICAL_SURFACE ( 'NONE', #3093, 1.700000000000007061 ) ;
#2270 = EDGE_CURVE ( 'NONE', #2473, #2282, #1934, .T. ) ;
#2271 = DIRECTION ( 'NONE',  ( 0.000000000000000000, 0.000000000000000000, 1.000000000000000000 ) ) ;
#2272 = ORIENTED_EDGE ( 'NONE', *, *, #1545, .F. ) ;
#2273 = DIRECTION ( 'NONE',  ( -1.000000000000000000, 0.000000000000000000, -0.000000000000000000 ) ) ;
#2274 = VERTEX_POINT ( 'NONE', #1967 ) ;
#2275 = DIRECTION ( 'NONE',  ( -0.000000000000000000, -1.000000000000000000, -0.000000000000000000 ) ) ;
#2276 = DIRECTION ( 'NONE',  ( -1.000000000000000000, 0.000000000000000000, 0.000000000000000000 ) ) ;
#2277 = ORIENTED_EDGE ( 'NONE', *, *, #2645, .T. ) ;
#2278 = EDGE_CURVE ( 'NONE', #2575, #360, #1736, .T. ) ;
#2279 = CARTESIAN_POINT ( 'NONE',  ( -37.00000000000000000, 5.000000000000000000, -116.2999999999999829 ) ) ;
#2280 = ORIENTED_EDGE ( 'NONE', *, *, #6, .F. ) ;
#2281 = FACE_OUTER_BOUND ( 'NONE', #2634, .T. ) ;
#2282 = VERTEX_POINT ( 'NONE', #224 ) ;
#2283 = ORIENTED_EDGE ( 'NONE', *, *, #1358, .F. ) ;
#2284 = DIRECTION ( 'NONE',  ( -0.000000000000000000, -1.000000000000000000, -0.000000000000000000 ) ) ;
#2285 = ADVANCED_FACE ( 'NONE', ( #1238 ), #2903, .F. ) ;
#2286 = ORIENTED_EDGE ( 'NONE', *, *, #2874, .T. ) ;
#2287 = CARTESIAN_POINT ( 'NONE',  ( -48.00000000000000000, 5.000000000000000000, -88.00000000000000000 ) ) ;
#2288 = ADVANCED_FACE ( 'NONE', ( #2695 ), #2948, .F. ) ;
#2289 = ORIENTED_EDGE ( 'NONE', *, *, #1956, .T. ) ;
#2290 = CARTESIAN_POINT ( 'NONE',  ( -34.00000000000000000, 20.00000000000000355, -66.00000000000000000 ) ) ;
#2291 = AXIS2_PLACEMENT_3D ( 'NONE', #1540, #2804, #2046 ) ;
#2292 = AXIS2_PLACEMENT_3D ( 'NONE', #2439, #186, #2688 ) ;
#2293 = CARTESIAN_POINT ( 'NONE',  ( -18.49999999999999289, 5.000000000000000000, -148.3429399400241948 ) ) ;
#2294 = FACE_OUTER_BOUND ( 'NONE', #2811, .T. ) ;
#2295 = AXIS2_PLACEMENT_3D ( 'NONE', #3127, #2177, #720 ) ;
#2296 = VECTOR ( 'NONE', #2325, 1000.000000000000000 ) ;
#2297 = CYLINDRICAL_SURFACE ( 'NONE', #743, 2.749999999999999112 ) ;
#2298 = VECTOR ( 'NONE', #2873, 1000.000000000000000 ) ;
#2299 = ORIENTED_EDGE ( 'NONE', *, *, #1020, .T. ) ;
#2300 = ORIENTED_EDGE ( 'NONE', *, *, #335, .T. ) ;
#2301 = ORIENTED_EDGE ( 'NONE', *, *, #2418, .T. ) ;
#2302 = CARTESIAN_POINT ( 'NONE',  ( 0.000000000000000000, 20.00000000000000355, -66.00000000000000000 ) ) ;
#2303 = CIRCLE ( 'NONE', #2149, 1.700000000000007061 ) ;
#2304 = EDGE_CURVE ( 'NONE', #2337, #1799, #699, .T. ) ;
#2305 = EDGE_CURVE ( 'NONE', #1981, #2216, #2655, .T. ) ;
#2306 = EDGE_LOOP ( 'NONE', ( #108, #1084, #2599, #1764 ) ) ;
#2307 = DIRECTION ( 'NONE',  ( 0.000000000000000000, 0.000000000000000000, 1.000000000000000000 ) ) ;
#2308 = ORIENTED_EDGE ( 'NONE', *, *, #2801, .F. ) ;
#2309 = DIRECTION ( 'NONE',  ( -0.000000000000000000, -0.000000000000000000, -1.000000000000000000 ) ) ;
#2310 = DIRECTION ( 'NONE',  ( 0.000000000000000000, 0.000000000000000000, 1.000000000000000000 ) ) ;
#2311 = VERTEX_POINT ( 'NONE', #3136 ) ;
#2312 = LINE ( 'NONE', #1304, #2851 ) ;
#2313 = FACE_OUTER_BOUND ( 'NONE', #1718, .T. ) ;
#2314 = ORIENTED_EDGE ( 'NONE', *, *, #2667, .F. ) ;
#2315 = DIRECTION ( 'NONE',  ( 0.000000000000000000, 0.000000000000000000, 1.000000000000000000 ) ) ;
#2316 = CARTESIAN_POINT ( 'NONE',  ( -37.00000000000000000, 5.000000000000000000, -118.0000000000000000 ) ) ;
#2317 = EDGE_LOOP ( 'NONE', ( #654, #1334 ) ) ;
#2318 = EDGE_LOOP ( 'NONE', ( #352, #740, #1561, #446, #77, #2096, #1464, #914, #20, #2077 ) ) ;
#2319 = DIRECTION ( 'NONE',  ( 0.000000000000000000, 0.000000000000000000, 1.000000000000000000 ) ) ;
#2320 = FACE_OUTER_BOUND ( 'NONE', #2649, .T. ) ;
#2321 = ORIENTED_EDGE ( 'NONE', *, *, #1010, .T. ) ;
#2322 = ADVANCED_FACE ( 'NONE', ( #950 ), #2668, .F. ) ;
#2323 = CARTESIAN_POINT ( 'NONE',  ( 34.00000000000000000, 20.00000000000000355, 0.000000000000000000 ) ) ;
#2324 = ORIENTED_EDGE ( 'NONE', *, *, #872, .F. ) ;
#2325 = DIRECTION ( 'NONE',  ( -1.000000000000000000, 0.000000000000000000, 0.000000000000000000 ) ) ;
#2326 = ORIENTED_EDGE ( 'NONE', *, *, #1894, .F. ) ;
#2327 = ADVANCED_FACE ( 'NONE', ( #1573, #2560 ), #78, .F. ) ;
#2328 = LINE ( 'NONE', #1753, #3005 ) ;
#2329 = DIRECTION ( 'NONE',  ( 0.000000000000000000, 0.000000000000000000, 1.000000000000000000 ) ) ;
#2330 = CARTESIAN_POINT ( 'NONE',  ( -34.00000000000000000, -5.000000000000000000, -110.0000000000000000 ) ) ;
#2331 = EDGE_CURVE ( 'NONE', #2216, #2163, #961, .T. ) ;
#2332 = PLANE ( 'NONE',  #910 ) ;
#2333 = LINE ( 'NONE', #1345, #2441 ) ;
#2334 = ORIENTED_EDGE ( 'NONE', *, *, #1122, .T. ) ;
#2335 = ORIENTED_EDGE ( 'NONE', *, *, #239, .F. ) ;
#2336 = CARTESIAN_POINT ( 'NONE',  ( 0.000000000000000000, 5.000000000000000000, -217.0000000000000000 ) ) ;
#2337 = VERTEX_POINT ( 'NONE', #2066 ) ;
#2338 = ORIENTED_EDGE ( 'NONE', *, *, #2783, .F. ) ;
#2339 = VECTOR ( 'NONE', #3073, 1000.000000000000000 ) ;
#2340 = EDGE_CURVE ( 'NONE', #1490, #2181, #3152, .T. ) ;
#2341 = CARTESIAN_POINT ( 'NONE',  ( -29.56414504036117563, 34.00000000000000000, -12.24586983568287657 ) ) ;
#2342 = EDGE_CURVE ( 'NONE', #840, #3027, #2604, .T. ) ;
#2343 = CARTESIAN_POINT ( 'NONE',  ( 16.00000000000000000, -18.00000000000000000, -308.0000000000000000 ) ) ;
#2344 = VECTOR ( 'NONE', #490, 1000.000000000000114 ) ;
#2345 = CARTESIAN_POINT ( 'NONE',  ( 7.347880794884118750E-16, 34.00000000000000000, 6.000000000000000000 ) ) ;
#2346 = ORIENTED_EDGE ( 'NONE', *, *, #1530, .T. ) ;
#2347 = CARTESIAN_POINT ( 'NONE',  ( 18.50000000000000355, 5.000000000000000000, -150.0429399400242119 ) ) ;
#2348 = VECTOR ( 'NONE', #2885, 1000.000000000000000 ) ;
#2349 = EDGE_LOOP ( 'NONE', ( #3037, #2277 ) ) ;
#2350 = AXIS2_PLACEMENT_3D ( 'NONE', #533, #2504, #780 ) ;
#2351 = AXIS2_PLACEMENT_3D ( 'NONE', #940, #2412, #750 ) ;
#2352 = CARTESIAN_POINT ( 'NONE',  ( -12.24586983568286414, 34.00000000000000000, 29.56414504036117918 ) ) ;
#2353 = AXIS2_PLACEMENT_3D ( 'NONE', #284, #1465, #1255 ) ;
#2354 = VERTEX_POINT ( 'NONE', #2004 ) ;
#2355 = DIRECTION ( 'NONE',  ( 0.5368754921931593316, 0.000000000000000000, 0.8436614877321073624 ) ) ;
#2356 = ORIENTED_EDGE ( 'NONE', *, *, #1722, .T. ) ;
#2357 = AXIS2_PLACEMENT_3D ( 'NONE', #2017, #562, #2307 ) ;
#2358 = DIRECTION ( 'NONE',  ( -1.000000000000000000, 0.000000000000000000, 0.000000000000000000 ) ) ;
#2359 = CIRCLE ( 'NONE', #1942, 2.750000000000002665 ) ;
#2360 = ORIENTED_EDGE ( 'NONE', *, *, #215, .F. ) ;
#2361 = LINE ( 'NONE', #655, #2505 ) ;
#2362 = PLANE ( 'NONE',  #2600 ) ;
#2363 = DIRECTION ( 'NONE',  ( -0.000000000000000000, -1.000000000000000000, -0.000000000000000000 ) ) ;
#2364 = DIRECTION ( 'NONE',  ( 1.000000000000000000, -0.000000000000000000, -0.000000000000000000 ) ) ;
#2365 = VERTEX_POINT ( 'NONE', #2994 ) ;
#2366 = ORIENTED_EDGE ( 'NONE', *, *, #777, .T. ) ;
#2367 = EDGE_LOOP ( 'NONE', ( #2321, #3121, #2280, #1303 ) ) ;
#2368 = EDGE_CURVE ( 'NONE', #1748, #1185, #1787, .T. ) ;
#2369 = EDGE_LOOP ( 'NONE', ( #2952, #1850, #166, #10 ) ) ;
#2370 = EDGE_CURVE ( 'NONE', #2975, #634, #2048, .T. ) ;
#2371 = DIRECTION ( 'NONE',  ( 0.000000000000000000, 0.000000000000000000, 1.000000000000000000 ) ) ;
#2372 = ORIENTED_EDGE ( 'NONE', *, *, #2795, .F. ) ;
#2373 = VERTEX_POINT ( 'NONE', #300 ) ;
#2374 = DIRECTION ( 'NONE',  ( -0.000000000000000000, -1.000000000000000000, -0.000000000000000000 ) ) ;
#2375 = CARTESIAN_POINT ( 'NONE',  ( 29.56414504036117918, 20.00000000000000355, 9.495869835682864135 ) ) ;
#2376 = CARTESIAN_POINT ( 'NONE',  ( 0.000000000000000000, 5.000000000000000000, -161.9999999999999716 ) ) ;
#2377 = FACE_OUTER_BOUND ( 'NONE', #37, .T. ) ;
#2378 = CARTESIAN_POINT ( 'NONE',  ( -18.50000000000001776, 5.000000000000000000, -173.9570600599757597 ) ) ;
#2379 = EDGE_CURVE ( 'NONE', #1685, #2079, #63, .T. ) ;
#2380 = ORIENTED_EDGE ( 'NONE', *, *, #1720, .T. ) ;
#2381 = DIRECTION ( 'NONE',  ( 0.000000000000000000, 0.000000000000000000, 1.000000000000000000 ) ) ;
#2382 = EDGE_CURVE ( 'NONE', #360, #1733, #543, .T. ) ;
#2383 = CARTESIAN_POINT ( 'NONE',  ( -18.49999999999999289, 5.000000000000000000, -150.0429399400242119 ) ) ;
#2384 = ORIENTED_EDGE ( 'NONE', *, *, #364, .T. ) ;
#2385 = DIRECTION ( 'NONE',  ( 0.000000000000000000, 1.000000000000000000, 0.000000000000000000 ) ) ;
#2386 = EDGE_CURVE ( 'NONE', #1748, #1799, #1528, .T. ) ;
#2387 = VERTEX_POINT ( 'NONE', #1034 ) ;
#2388 = FACE_BOUND ( 'NONE', #1856, .T. ) ;
#2389 = CARTESIAN_POINT ( 'NONE',  ( 0.000000000000000000, -26.99999999999999645, -300.0000000000000000 ) ) ;
#2390 = CARTESIAN_POINT ( 'NONE',  ( 3.079986699855593473E-15, 22.20000000000000284, 25.15000000000000213 ) ) ;
#2391 = CARTESIAN_POINT ( 'NONE',  ( -48.00000000000000000, -5.000000000000000000, -88.00000000000000000 ) ) ;
#2392 = AXIS2_PLACEMENT_3D ( 'NONE', #2061, #831, #2799 ) ;
#2393 = DIRECTION ( 'NONE',  ( 0.000000000000000000, 1.000000000000000000, 0.000000000000000000 ) ) ;
#2394 = AXIS2_PLACEMENT_3D ( 'NONE', #835, #2122, #1813 ) ;
#2395 = CIRCLE ( 'NONE', #38, 1.700000000000007061 ) ;
#2396 = ORIENTED_EDGE ( 'NONE', *, *, #1592, .F. ) ;
#2397 = DIRECTION ( 'NONE',  ( -0.000000000000000000, -1.000000000000000000, -0.000000000000000000 ) ) ;
#2398 = CIRCLE ( 'NONE', #3099, 11.00000000000001066 ) ;
#2399 = DIRECTION ( 'NONE',  ( 0.000000000000000000, 0.000000000000000000, 1.000000000000000000 ) ) ;
#2400 = ORIENTED_EDGE ( 'NONE', *, *, #665, .F. ) ;
#2401 = EDGE_CURVE ( 'NONE', #1383, #3032, #1474, .T. ) ;
#2402 = AXIS2_PLACEMENT_3D ( 'NONE', #1021, #2747, #1533 ) ;
#2403 = VECTOR ( 'NONE', #2863, 1000.000000000000000 ) ;
#2404 = CARTESIAN_POINT ( 'NONE',  ( 29.56414504036117563, 20.00000000000000355, -12.24586983568287302 ) ) ;
#2405 = CIRCLE ( 'NONE', #209, 6.000000000000000000 ) ;
#2406 = ORIENTED_EDGE ( 'NONE', *, *, #2574, .F. ) ;
#2407 = CARTESIAN_POINT ( 'NONE',  ( 0.000000000000000000, 5.000000000000000000, -217.0000000000000000 ) ) ;
#2408 = CIRCLE ( 'NONE', #1997, 1.700000000000007061 ) ;
#2409 = CARTESIAN_POINT ( 'NONE',  ( 36.00000000000000000, 20.00000000000000355, -110.0000000000000000 ) ) ;
#2410 = APPROVAL_STATUS ( 'not_yet_approved' ) ;
#2411 = CARTESIAN_POINT ( 'NONE',  ( -34.00000000000000000, -5.000000000000000000, -66.00000000000000000 ) ) ;
#2412 = DIRECTION ( 'NONE',  ( 0.000000000000000000, 1.000000000000000000, 0.000000000000000000 ) ) ;
#2413 = CARTESIAN_POINT ( 'NONE',  ( -30.00000000000000000, -5.000000000000000000, -66.00000000000000000 ) ) ;
#2414 = CARTESIAN_POINT ( 'NONE',  ( -37.00000000000000000, -5.000000000000000000, -118.0000000000000000 ) ) ;
#2415 = ORIENTED_EDGE ( 'NONE', *, *, #744, .F. ) ;
#2416 = DIRECTION ( 'NONE',  ( 0.000000000000000000, 0.000000000000000000, -1.000000000000000000 ) ) ;
#2417 = CARTESIAN_POINT ( 'NONE',  ( -30.00000000000000000, -27.00000000000000000, -270.0000000000000000 ) ) ;
#2418 = EDGE_CURVE ( 'NONE', #1227, #2373, #330, .T. ) ;
#2419 = ORIENTED_EDGE ( 'NONE', *, *, #2920, .T. ) ;
#2420 = LINE ( 'NONE', #267, #2097 ) ;
#2421 = DIRECTION ( 'NONE',  ( 0.000000000000000000, 0.000000000000000000, 1.000000000000000000 ) ) ;
#2422 = CARTESIAN_POINT ( 'NONE',  ( 37.00000000000000000, 5.000000000000000000, -119.7000000000000028 ) ) ;
#2423 = CARTESIAN_POINT ( 'NONE',  ( 34.00000000000000000, 5.000000000000000000, -66.00000000000000000 ) ) ;
#2424 = EDGE_CURVE ( 'NONE', #87, #1672, #1765, .T. ) ;
#2425 = DIRECTION ( 'NONE',  ( -0.8411784753765537692, 0.000000000000000000, 0.5407575913134984313 ) ) ;
#2426 = ORIENTED_EDGE ( 'NONE', *, *, #2596, .T. ) ;
#2427 = CARTESIAN_POINT ( 'NONE',  ( -37.00000000000000000, -5.000000000000000000, -118.0000000000000000 ) ) ;
#2428 = VERTEX_POINT ( 'NONE', #776 ) ;
#2429 = CC_DESIGN_APPROVAL ( #2191, ( #2002 ) ) ;
#2430 = ORIENTED_EDGE ( 'NONE', *, *, #70, .T. ) ;
#2431 = CARTESIAN_POINT ( 'NONE',  ( 29.56414504036117918, 34.00000000000000000, 12.24586983568286591 ) ) ;
#2432 = DIRECTION ( 'NONE',  ( -0.000000000000000000, -1.000000000000000000, -0.000000000000000000 ) ) ;
#2433 = VERTEX_POINT ( 'NONE', #2495 ) ;
#2434 = CYLINDRICAL_SURFACE ( 'NONE', #663, 4.000000000000003553 ) ;
#2435 = EDGE_CURVE ( 'NONE', #2526, #2979, #1211, .T. ) ;
#2436 = CARTESIAN_POINT ( 'NONE',  ( -29.56414504036117563, 20.00000000000000355, -12.24586983568287657 ) ) ;
#2437 = EDGE_CURVE ( 'NONE', #682, #470, #1680, .T. ) ;
#2438 = VECTOR ( 'NONE', #2076, 1000.000000000000000 ) ;
#2439 = CARTESIAN_POINT ( 'NONE',  ( 37.00000000000000000, -5.000000000000000000, -118.0000000000000000 ) ) ;
#2440 = ORIENTED_EDGE ( 'NONE', *, *, #1965, .T. ) ;
#2441 = VECTOR ( 'NONE', #2614, 1000.000000000000000 ) ;
#2442 = DIRECTION ( 'NONE',  ( 0.000000000000000000, 0.000000000000000000, -1.000000000000000000 ) ) ;
#2443 = ORIENTED_EDGE ( 'NONE', *, *, #583, .F. ) ;
#2444 = LINE ( 'NONE', #251, #1770 ) ;
#2445 = AXIS2_PLACEMENT_3D ( 'NONE', #2974, #2226, #2940 ) ;
#2446 = ORIENTED_EDGE ( 'NONE', *, *, #2263, .T. ) ;
#2447 = VECTOR ( 'NONE', #2073, 1000.000000000000000 ) ;
#2448 = DIRECTION ( 'NONE',  ( -0.000000000000000000, -1.000000000000000000, -0.000000000000000000 ) ) ;
#2449 = AXIS2_PLACEMENT_3D ( 'NONE', #2771, #823, #2310 ) ;
#2450 = DIRECTION ( 'NONE',  ( 0.000000000000000000, 1.000000000000000000, 0.000000000000000000 ) ) ;
#2451 = AXIS2_PLACEMENT_3D ( 'NONE', #1494, #16, #238 ) ;
#2452 = CARTESIAN_POINT ( 'NONE',  ( 16.00000000000000000, -18.00000000000000000, -308.0000000000000000 ) ) ;
#2453 = AXIS2_PLACEMENT_3D ( 'NONE', #778, #99, #305 ) ;
#2454 = DIRECTION ( 'NONE',  ( -0.000000000000000000, -1.000000000000000000, -0.000000000000000000 ) ) ;
#2455 = VECTOR ( 'NONE', #2980, 1000.000000000000000 ) ;
#2456 = DIRECTION ( 'NONE',  ( 0.000000000000000000, 1.000000000000000000, 0.000000000000000000 ) ) ;
#2457 = CARTESIAN_POINT ( 'NONE',  ( 16.00000000000000000, 0.000000000000000000, -270.0000000000000000 ) ) ;
#2458 = ADVANCED_FACE ( 'NONE', ( #3072 ), #3058, .F. ) ;
#2459 = ORIENTED_EDGE ( 'NONE', *, *, #3128, .T. ) ;
#2460 = ORIENTED_EDGE ( 'NONE', *, *, #2176, .T. ) ;
#2461 = EDGE_CURVE ( 'NONE', #342, #1580, #2805, .T. ) ;
#2462 = ORIENTED_EDGE ( 'NONE', *, *, #439, .F. ) ;
#2463 = CARTESIAN_POINT ( 'NONE',  ( -30.00000000000000000, 27.00000000000000000, -270.0000000000000000 ) ) ;
#2464 = CARTESIAN_POINT ( 'NONE',  ( 12.24586983568287479, 34.00000000000000000, -26.81414504036117563 ) ) ;
#2465 = ORIENTED_EDGE ( 'NONE', *, *, #812, .F. ) ;
#2466 = PLANE ( 'NONE',  #2651 ) ;
#2467 = FACE_OUTER_BOUND ( 'NONE', #2776, .T. ) ;
#2468 = CARTESIAN_POINT ( 'NONE',  ( -30.00000000000000000, -27.00000000000000000, -260.0000000000000000 ) ) ;
#2469 = CARTESIAN_POINT ( 'NONE',  ( 0.000000000000000000, -5.000000000000000000, -118.0000000000000000 ) ) ;
#2470 = EDGE_CURVE ( 'NONE', #292, #280, #1129, .T. ) ;
#2471 = FACE_BOUND ( 'NONE', #695, .T. ) ;
#2472 = ORIENTED_EDGE ( 'NONE', *, *, #901, .T. ) ;
#2473 = VERTEX_POINT ( 'NONE', #367 ) ;
#2474 = CARTESIAN_POINT ( 'NONE',  ( 0.000000000000000000, 27.00000000000000000, -304.0000000000000000 ) ) ;
#2475 = DATE_AND_TIME ( #1661, #181 ) ;
#2476 = ORIENTED_EDGE ( 'NONE', *, *, #2914, .T. ) ;
#2477 = DIRECTION ( 'NONE',  ( -1.000000000000000000, 0.000000000000000000, 0.000000000000000000 ) ) ;
#2478 = CARTESIAN_POINT ( 'NONE',  ( 0.000000000000000000, 5.000000000000000000, -206.0000000000000000 ) ) ;
#2479 = CARTESIAN_POINT ( 'NONE',  ( -12.24586983568287124, 20.00000000000000355, -26.81414504036117563 ) ) ;
#2480 = EDGE_CURVE ( 'NONE', #1380, #1402, #622, .T. ) ;
#2481 = DIRECTION ( 'NONE',  ( 0.000000000000000000, 0.000000000000000000, 1.000000000000000000 ) ) ;
#2482 = DIRECTION ( 'NONE',  ( 0.000000000000000000, 0.000000000000000000, 1.000000000000000000 ) ) ;
#2483 = ORIENTED_EDGE ( 'NONE', *, *, #341, .F. ) ;
#2484 = LINE ( 'NONE', #932, #3040 ) ;
#2485 = DIRECTION ( 'NONE',  ( 0.000000000000000000, 1.000000000000000000, 0.000000000000000000 ) ) ;
#2486 = UNCERTAINTY_MEASURE_WITH_UNIT (LENGTH_MEASURE( 1.000000000000000082E-05 ), #1102, 'distance_accuracy_value', 'NONE');
#2487 = ORIENTED_EDGE ( 'NONE', *, *, #928, .F. ) ;
#2488 = ORIENTED_EDGE ( 'NONE', *, *, #829, .F. ) ;
#2489 = CIRCLE ( 'NONE', #2544, 25.15000000000000213 ) ;
#2490 = FACE_OUTER_BOUND ( 'NONE', #3009, .T. ) ;
#2491 = AXIS2_PLACEMENT_3D ( 'NONE', #966, #1949, #2913 ) ;
#2492 = PERSON_AND_ORGANIZATION ( #3102, #2829 ) ;
#2493 = ORIENTED_EDGE ( 'NONE', *, *, #304, .T. ) ;
#2494 = EDGE_CURVE ( 'NONE', #2045, #527, #2852, .T. ) ;
#2495 = CARTESIAN_POINT ( 'NONE',  ( 0.000000000000000000, 34.00000000000000000, -6.000000000000000000 ) ) ;
#2496 = DIRECTION ( 'NONE',  ( 0.8436614877321074735, 0.000000000000000000, -0.5368754921931593316 ) ) ;
#2497 = CIRCLE ( 'NONE', #2144, 11.00000000000001066 ) ;
#2498 = EDGE_CURVE ( 'NONE', #129, #2274, #668, .T. ) ;
#2499 = CARTESIAN_POINT ( 'NONE',  ( 34.00000000000000000, 34.00000000000000000, 40.00000000000000000 ) ) ;
#2500 = VECTOR ( 'NONE', #1677, 1000.000000000000000 ) ;
#2501 = CARTESIAN_POINT ( 'NONE',  ( 12.24586983568288012, 34.00000000000000000, 29.56414504036117208 ) ) ;
#2502 = ORIENTED_EDGE ( 'NONE', *, *, #1128, .T. ) ;
#2503 = EDGE_CURVE ( 'NONE', #631, #2117, #1365, .T. ) ;
#2504 = DIRECTION ( 'NONE',  ( 0.000000000000000000, 1.000000000000000000, 0.000000000000000000 ) ) ;
#2505 = VECTOR ( 'NONE', #212, 1000.000000000000000 ) ;
#2506 = CARTESIAN_POINT ( 'NONE',  ( 18.50000000000000355, -5.000000000000000000, -238.0429399400242119 ) ) ;
#2507 = CARTESIAN_POINT ( 'NONE',  ( -37.00000000000000000, 5.000000000000000000, -206.0000000000000000 ) ) ;
#2508 = VECTOR ( 'NONE', #1976, 1000.000000000000000 ) ;
#2509 = ORIENTED_EDGE ( 'NONE', *, *, #980, .T. ) ;
#2510 = CYLINDRICAL_SURFACE ( 'NONE', #2752, 1.700000000000007061 ) ;
#2511 = ORIENTED_EDGE ( 'NONE', *, *, #2202, .F. ) ;
#2512 = DIRECTION ( 'NONE',  ( -0.000000000000000000, -1.000000000000000000, -0.000000000000000000 ) ) ;
#2513 = APPROVAL_STATUS ( 'not_yet_approved' ) ;
#2514 = VERTEX_POINT ( 'NONE', #3042 ) ;
#2515 = DIRECTION ( 'NONE',  ( 0.000000000000000000, 1.000000000000000000, 0.000000000000000000 ) ) ;
#2516 = ADVANCED_FACE ( 'NONE', ( #635 ), #874, .F. ) ;
#2517 = LINE ( 'NONE', #3015, #2296 ) ;
#2518 = ORIENTED_EDGE ( 'NONE', *, *, #1605, .F. ) ;
#2519 = FACE_OUTER_BOUND ( 'NONE', #2185, .T. ) ;
#2520 = DIRECTION ( 'NONE',  ( 0.000000000000000000, -0.000000000000000000, 1.000000000000000000 ) ) ;
#2521 = CARTESIAN_POINT ( 'NONE',  ( 4.898587196589407898E-16, -18.00000000000000000, -296.0000000000000000 ) ) ;
#2522 = DIRECTION ( 'NONE',  ( 0.000000000000000000, 1.000000000000000000, 0.000000000000000000 ) ) ;
#2523 = DIRECTION ( 'NONE',  ( 0.000000000000000000, 0.000000000000000000, 1.000000000000000000 ) ) ;
#2524 = ADVANCED_FACE ( 'NONE', ( #2141 ), #163, .F. ) ;
#2525 = EDGE_LOOP ( 'NONE', ( #1550, #2308 ) ) ;
#2526 = VERTEX_POINT ( 'NONE', #856 ) ;
#2527 = DIRECTION ( 'NONE',  ( 0.000000000000000000, 0.000000000000000000, 1.000000000000000000 ) ) ;
#2528 = ORIENTED_EDGE ( 'NONE', *, *, #351, .T. ) ;
#2529 = DIRECTION ( 'NONE',  ( 1.000000000000000000, -0.000000000000000000, 0.000000000000000000 ) ) ;
#2530 = ORIENTED_EDGE ( 'NONE', *, *, #1848, .F. ) ;
#2531 = FACE_OUTER_BOUND ( 'NONE', #1551, .T. ) ;
#2532 = LOCAL_TIME ( 11, 8, 18.00000000000000000, #2232 ) ;
#2533 = CARTESIAN_POINT ( 'NONE',  ( -18.50000000000001776, 5.000000000000000000, -173.9570600599757597 ) ) ;
#2534 = DIRECTION ( 'NONE',  ( 1.000000000000000000, 0.000000000000000000, 0.000000000000000000 ) ) ;
#2535 = EDGE_CURVE ( 'NONE', #177, #2241, #1655, .T. ) ;
#2536 = ORIENTED_EDGE ( 'NONE', *, *, #2105, .T. ) ;
#2537 = CARTESIAN_POINT ( 'NONE',  ( -34.00000000000000000, 5.000000000000000000, -66.00000000000000000 ) ) ;
#2538 = ORIENTED_EDGE ( 'NONE', *, *, #1868, .T. ) ;
#2539 = EDGE_CURVE ( 'NONE', #3071, #1459, #1394, .T. ) ;
#2540 = ORIENTED_EDGE ( 'NONE', *, *, #1898, .F. ) ;
#2541 = CARTESIAN_POINT ( 'NONE',  ( 0.000000000000000000, -26.99999999999999645, -300.0000000000000000 ) ) ;
#2542 = VECTOR ( 'NONE', #1536, 1000.000000000000000 ) ;
#2543 = ORIENTED_EDGE ( 'NONE', *, *, #2342, .F. ) ;
#2544 = AXIS2_PLACEMENT_3D ( 'NONE', #1847, #1638, #377 ) ;
#2545 = CARTESIAN_POINT ( 'NONE',  ( -16.00000000000000000, -18.00000000000000000, -308.0000000000000000 ) ) ;
#2546 = ORIENTED_EDGE ( 'NONE', *, *, #3133, .F. ) ;
#2547 = PLANE ( 'NONE',  #103 ) ;
#2548 = CIRCLE ( 'NONE', #2035, 1.700000000000007061 ) ;
#2549 = VECTOR ( 'NONE', #18, 1000.000000000000000 ) ;
#2550 = CARTESIAN_POINT ( 'NONE',  ( 0.000000000000000000, -18.00000000000000000, -300.0000000000000000 ) ) ;
#2551 = DIRECTION ( 'NONE',  ( 0.000000000000000000, 1.000000000000000000, 0.000000000000000000 ) ) ;
#2552 = CARTESIAN_POINT ( 'NONE',  ( 44.00000000000000000, 34.00000000000000000, 0.000000000000000000 ) ) ;
#2553 = EDGE_CURVE ( 'NONE', #1185, #2575, #1881, .T. ) ;
#2554 = VECTOR ( 'NONE', #795, 1000.000000000000114 ) ;
#2555 = ORIENTED_EDGE ( 'NONE', *, *, #2401, .T. ) ;
#2556 = ORIENTED_EDGE ( 'NONE', *, *, #3108, .F. ) ;
#2557 = DIRECTION ( 'NONE',  ( 0.000000000000000000, 1.000000000000000000, 0.000000000000000000 ) ) ;
#2558 = VECTOR ( 'NONE', #2207, 1000.000000000000000 ) ;
#2559 = VERTEX_POINT ( 'NONE', #1643 ) ;
#2560 = FACE_BOUND ( 'NONE', #978, .T. ) ;
#2561 = CARTESIAN_POINT ( 'NONE',  ( 34.00000000000000000, 20.00000000000000355, 40.00000000000000000 ) ) ;
#2562 = ORIENTED_EDGE ( 'NONE', *, *, #407, .F. ) ;
#2563 = CYLINDRICAL_SURFACE ( 'NONE', #1576, 11.00000000000001066 ) ;
#2564 = LINE ( 'NONE', #925, #1265 ) ;
#2565 = ORIENTED_EDGE ( 'NONE', *, *, #967, .T. ) ;
#2566 = LINE ( 'NONE', #2262, #759 ) ;
#2567 = ORIENTED_EDGE ( 'NONE', *, *, #110, .T. ) ;
#2568 = EDGE_LOOP ( 'NONE', ( #2742, #560 ) ) ;
#2569 = ORIENTED_EDGE ( 'NONE', *, *, #2068, .F. ) ;
#2570 = CARTESIAN_POINT ( 'NONE',  ( -30.00000000000000000, 27.00000000000000000, -260.0000000000000000 ) ) ;
#2571 = ORIENTED_EDGE ( 'NONE', *, *, #1548, .F. ) ;
#2572 = CARTESIAN_POINT ( 'NONE',  ( -16.00000000000000000, 27.00000000000000000, -270.0000000000000000 ) ) ;
#2573 = ORIENTED_EDGE ( 'NONE', *, *, #1665, .T. ) ;
#2574 = EDGE_CURVE ( 'NONE', #710, #1667, #2110, .T. ) ;
#2575 = VERTEX_POINT ( 'NONE', #2572 ) ;
#2576 = FACE_BOUND ( 'NONE', #741, .T. ) ;
#2577 = CYLINDRICAL_SURFACE ( 'NONE', #2240, 2.749999999999999112 ) ;
#2578 = DIRECTION ( 'NONE',  ( -0.9973658169587938938, 0.000000000000000000, 0.07253569577882136576 ) ) ;
#2579 = ORIENTED_EDGE ( 'NONE', *, *, #2121, .F. ) ;
#2580 = CARTESIAN_POINT ( 'NONE',  ( 30.00000000000000000, -27.00000000000000000, -260.0000000000000000 ) ) ;
#2581 = VERTEX_POINT ( 'NONE', #415 ) ;
#2582 = CYLINDRICAL_SURFACE ( 'NONE', #2939, 1.700000000000007061 ) ;
#2583 = ORIENTED_EDGE ( 'NONE', *, *, #206, .F. ) ;
#2584 = ORIENTED_EDGE ( 'NONE', *, *, #1906, .F. ) ;
#2585 = DIRECTION ( 'NONE',  ( 0.000000000000000000, 0.000000000000000000, -1.000000000000000000 ) ) ;
#2586 = EDGE_LOOP ( 'NONE', ( #849, #1473 ) ) ;
#2587 = DIRECTION ( 'NONE',  ( 0.000000000000000000, 0.000000000000000000, 1.000000000000000000 ) ) ;
#2588 = ORIENTED_EDGE ( 'NONE', *, *, #1422, .T. ) ;
#2589 = ORIENTED_EDGE ( 'NONE', *, *, #95, .F. ) ;
#2590 = FACE_BOUND ( 'NONE', #479, .T. ) ;
#2591 = AXIS2_PLACEMENT_3D ( 'NONE', #683, #2635, #2264 ) ;
#2592 = DIRECTION ( 'NONE',  ( -0.000000000000000000, -1.000000000000000000, -0.000000000000000000 ) ) ;
#2593 = LINE ( 'NONE', #2330, #155 ) ;
#2594 = LINE ( 'NONE', #406, #2403 ) ;
#2595 = CIRCLE ( 'NONE', #2845, 8.000000000000007105 ) ;
#2596 = EDGE_CURVE ( 'NONE', #1601, #810, #3083, .T. ) ;
#2597 = EDGE_LOOP ( 'NONE', ( #832, #3024, #1975, #2788 ) ) ;
#2598 = AXIS2_PLACEMENT_3D ( 'NONE', #725, #233, #1708 ) ;
#2599 = ORIENTED_EDGE ( 'NONE', *, *, #3054, .T. ) ;
#2600 = AXIS2_PLACEMENT_3D ( 'NONE', #2871, #168, #891 ) ;
#2601 = ORIENTED_EDGE ( 'NONE', *, *, #1654, .T. ) ;
#2602 = CARTESIAN_POINT ( 'NONE',  ( 18.50000000000000355, 5.000000000000000000, -238.0429399400242119 ) ) ;
#2603 = VERTEX_POINT ( 'NONE', #2080 ) ;
#2604 = CIRCLE ( 'NONE', #1218, 1.700000000000007061 ) ;
#2605 = PLANE ( 'NONE',  #549 ) ;
#2606 = AXIS2_PLACEMENT_3D ( 'NONE', #2256, #2515, #318 ) ;
#2607 = ORIENTED_EDGE ( 'NONE', *, *, #943, .T. ) ;
#2608 = CARTESIAN_POINT ( 'NONE',  ( -44.00000000000000000, 34.00000000000000000, 0.000000000000000000 ) ) ;
#2609 = EDGE_CURVE ( 'NONE', #2109, #1948, #2837, .T. ) ;
#2610 = DIRECTION ( 'NONE',  ( 0.000000000000000000, 0.000000000000000000, -1.000000000000000000 ) ) ;
#2611 = DIRECTION ( 'NONE',  ( -1.000000000000000000, 0.000000000000000000, 0.000000000000000000 ) ) ;
#2612 = CARTESIAN_POINT ( 'NONE',  ( 34.00000000000000000, 5.000000000000000000, -66.00000000000000000 ) ) ;
#2613 = EDGE_CURVE ( 'NONE', #2373, #1438, #2039, .T. ) ;
#2614 = DIRECTION ( 'NONE',  ( 0.000000000000000000, 0.000000000000000000, -1.000000000000000000 ) ) ;
#2615 = ORIENTED_EDGE ( 'NONE', *, *, #69, .T. ) ;
#2616 = FACE_OUTER_BOUND ( 'NONE', #1043, .T. ) ;
#2617 = EDGE_LOOP ( 'NONE', ( #1802, #2446, #172, #2483 ) ) ;
#2618 = DIRECTION ( 'NONE',  ( 0.000000000000000000, 1.000000000000000000, 0.000000000000000000 ) ) ;
#2619 = ORIENTED_EDGE ( 'NONE', *, *, #2437, .F. ) ;
#2620 = CARTESIAN_POINT ( 'NONE',  ( 18.50000000000000355, -5.000000000000000000, -173.9570600599757597 ) ) ;
#2621 = APPROVAL ( #61, 'UNSPECIFIED' ) ;
#2622 = EDGE_LOOP ( 'NONE', ( #724, #1752 ) ) ;
#2623 = FACE_BOUND ( 'NONE', #1012, .T. ) ;
#2624 = CARTESIAN_POINT ( 'NONE',  ( 18.50000000000000355, 5.000000000000000000, -173.9570600599757597 ) ) ;
#2625 = DIRECTION ( 'NONE',  ( 0.000000000000000000, 1.000000000000000000, 0.000000000000000000 ) ) ;
#2626 = DIRECTION ( 'NONE',  ( -0.000000000000000000, 1.000000000000000000, -0.000000000000000000 ) ) ;
#2627 = EDGE_CURVE ( 'NONE', #2979, #2526, #402, .T. ) ;
#2628 = EDGE_CURVE ( 'NONE', #3053, #1541, #2408, .T. ) ;
#2629 = ORIENTED_EDGE ( 'NONE', *, *, #1512, .T. ) ;
#2630 = DIRECTION ( 'NONE',  ( 0.000000000000000000, 0.000000000000000000, 1.000000000000000000 ) ) ;
#2631 = EDGE_CURVE ( 'NONE', #2979, #250, #2204, .T. ) ;
#2632 = EDGE_LOOP ( 'NONE', ( #506, #56, #1319, #2511 ) ) ;
#2633 = CARTESIAN_POINT ( 'NONE',  ( 18.50000000000000355, 5.000000000000000000, -236.3429399400241948 ) ) ;
#2634 = EDGE_LOOP ( 'NONE', ( #508, #1902, #2583, #73 ) ) ;
#2635 = DIRECTION ( 'NONE',  ( 0.000000000000000000, 1.000000000000000000, 0.000000000000000000 ) ) ;
#2636 = VERTEX_POINT ( 'NONE', #1220 ) ;
#2637 = DIRECTION ( 'NONE',  ( -1.000000000000000000, 0.000000000000000000, 0.000000000000000000 ) ) ;
#2638 = VECTOR ( 'NONE', #2098, 1000.000000000000000 ) ;
#2639 = DIRECTION ( 'NONE',  ( 0.000000000000000000, 1.000000000000000000, 0.000000000000000000 ) ) ;
#2640 = PERSON_AND_ORGANIZATION ( #3102, #2829 ) ;
#2641 = DIRECTION ( 'NONE',  ( -0.5407575913134984313, 0.000000000000000000, -0.8411784753765537692 ) ) ;
#2642 = AXIS2_PLACEMENT_3D ( 'NONE', #1583, #1329, #2985 ) ;
#2643 = CIRCLE ( 'NONE', #2736, 1.700000000000007061 ) ;
#2644 = VECTOR ( 'NONE', #2213, 1000.000000000000000 ) ;
#2645 = EDGE_CURVE ( 'NONE', #1543, #2559, #411, .T. ) ;
#2646 = DIRECTION ( 'NONE',  ( 0.000000000000000000, 0.000000000000000000, 1.000000000000000000 ) ) ;
#2647 = AXIS2_PLACEMENT_3D ( 'NONE', #2669, #1716, #1936 ) ;
#2648 = CARTESIAN_POINT ( 'NONE',  ( -12.24586983568287124, 20.00000000000000355, -32.31414504036117563 ) ) ;
#2649 = EDGE_LOOP ( 'NONE', ( #337, #1977, #1296, #1882 ) ) ;
#2650 = VECTOR ( 'NONE', #1844, 1000.000000000000000 ) ;
#2651 = AXIS2_PLACEMENT_3D ( 'NONE', #2919, #1448, #467 ) ;
#2652 = DIRECTION ( 'NONE',  ( 0.000000000000000000, 0.000000000000000000, 1.000000000000000000 ) ) ;
#2653 = AXIS2_PLACEMENT_3D ( 'NONE', #763, #1982, #742 ) ;
#2654 = ORIENTED_EDGE ( 'NONE', *, *, #924, .T. ) ;
#2655 = LINE ( 'NONE', #464, #1940 ) ;
#2656 = EDGE_CURVE ( 'NONE', #1917, #2927, #2359, .T. ) ;
#2657 = CIRCLE ( 'NONE', #1840, 2.750000000000002665 ) ;
#2658 = FACE_BOUND ( 'NONE', #1023, .T. ) ;
#2659 = DIRECTION ( 'NONE',  ( -1.000000000000000000, 0.000000000000000000, -0.000000000000000000 ) ) ;
#2660 = LINE ( 'NONE', #2423, #1369 ) ;
#2661 = CARTESIAN_POINT ( 'NONE',  ( 16.00000000000000000, -26.99999999999999645, -260.0000000000000000 ) ) ;
#2662 = ORIENTED_EDGE ( 'NONE', *, *, #1024, .T. ) ;
#2663 = VERTEX_POINT ( 'NONE', #1913 ) ;
#2664 = CARTESIAN_POINT ( 'NONE',  ( 0.000000000000000000, 5.000000000000000000, -161.9999999999999716 ) ) ;
#2665 = DIRECTION ( 'NONE',  ( 0.000000000000000000, 0.000000000000000000, -1.000000000000000000 ) ) ;
#2666 = VERTEX_POINT ( 'NONE', #944 ) ;
#2667 = EDGE_CURVE ( 'NONE', #187, #1601, #977, .T. ) ;
#2668 = PLANE ( 'NONE',  #2196 ) ;
#2669 = CARTESIAN_POINT ( 'NONE',  ( 0.000000000000000000, 18.00000000000000355, 0.000000000000000000 ) ) ;
#2670 = EDGE_CURVE ( 'NONE', #610, #2689, #757, .T. ) ;
#2671 = LINE ( 'NONE', #1480, #1726 ) ;
#2672 = CARTESIAN_POINT ( 'NONE',  ( -8.000000000000000000, -26.99999999999999645, -318.0000000000000000 ) ) ;
#2673 = DIRECTION ( 'NONE',  ( -1.000000000000000000, -0.000000000000000000, -0.000000000000000000 ) ) ;
#2674 = FACE_OUTER_BOUND ( 'NONE', #1914, .T. ) ;
#2675 = EDGE_LOOP ( 'NONE', ( #2502, #1318 ) ) ;
#2676 = ORIENTED_EDGE ( 'NONE', *, *, #1665, .F. ) ;
#2677 = DIRECTION ( 'NONE',  ( 0.000000000000000000, 0.000000000000000000, -1.000000000000000000 ) ) ;
#2678 = ORIENTED_EDGE ( 'NONE', *, *, #653, .T. ) ;
#2679 = DIRECTION ( 'NONE',  ( 0.6246950475544239545, 0.000000000000000000, 0.7808688094430306093 ) ) ;
#2680 = EDGE_CURVE ( 'NONE', #1361, #1395, #1962, .T. ) ;
#2681 = CARTESIAN_POINT ( 'NONE',  ( -8.000000000000000000, -18.00000000000000000, -318.0000000000000000 ) ) ;
#2682 = DIRECTION ( 'NONE',  ( 0.000000000000000000, 0.000000000000000000, 1.000000000000000000 ) ) ;
#2683 = EDGE_CURVE ( 'NONE', #2274, #1899, #2911, .T. ) ;
#2684 = CARTESIAN_POINT ( 'NONE',  ( 0.000000000000000000, 22.20000000000000284, -6.000000000000000000 ) ) ;
#2685 = AXIS2_PLACEMENT_3D ( 'NONE', #1657, #2855, #2652 ) ;
#2686 = LINE ( 'NONE', #2212, #156 ) ;
#2687 = AXIS2_PLACEMENT_3D ( 'NONE', #1555, #1321, #1083 ) ;
#2688 = DIRECTION ( 'NONE',  ( 0.000000000000000000, 0.000000000000000000, 1.000000000000000000 ) ) ;
#2689 = VERTEX_POINT ( 'NONE', #2648 ) ;
#2690 = AXIS2_PLACEMENT_3D ( 'NONE', #2541, #3038, #2319 ) ;
#2691 = CYLINDRICAL_SURFACE ( 'NONE', #3007, 25.15000000000000213 ) ;
#2692 = VERTEX_POINT ( 'NONE', #1182 ) ;
#2693 = CARTESIAN_POINT ( 'NONE',  ( 0.000000000000000000, -5.000000000000000000, -161.9999999999999716 ) ) ;
#2694 = ORIENTED_EDGE ( 'NONE', *, *, #3021, .F. ) ;
#2695 = FACE_OUTER_BOUND ( 'NONE', #416, .T. ) ;
#2696 = CIRCLE ( 'NONE', #755, 6.000000000000000000 ) ;
#2697 = LINE ( 'NONE', #745, #2741 ) ;
#2698 = AXIS2_PLACEMENT_3D ( 'NONE', #2831, #2625, #909 ) ;
#2699 = PLANE ( 'NONE',  #301 ) ;
#2700 = EDGE_CURVE ( 'NONE', #2559, #1543, #1367, .T. ) ;
#2701 = VECTOR ( 'NONE', #1544, 1000.000000000000000 ) ;
#2702 = DIRECTION ( 'NONE',  ( 0.000000000000000000, 0.000000000000000000, 1.000000000000000000 ) ) ;
#2703 = DIRECTION ( 'NONE',  ( 0.000000000000000000, 0.000000000000000000, 1.000000000000000000 ) ) ;
#2704 = LINE ( 'NONE', #2457, #2644 ) ;
#2705 = ORIENTED_EDGE ( 'NONE', *, *, #351, .F. ) ;
#2706 = ORIENTED_EDGE ( 'NONE', *, *, #497, .T. ) ;
#2707 = DIRECTION ( 'NONE',  ( -1.000000000000000000, 0.000000000000000000, 0.000000000000000000 ) ) ;
#2708 = PERSON_AND_ORGANIZATION ( #3102, #2829 ) ;
#2709 = ORIENTED_EDGE ( 'NONE', *, *, #2239, .F. ) ;
#2710 = DIRECTION ( 'NONE',  ( -0.000000000000000000, -1.000000000000000000, -0.000000000000000000 ) ) ;
#2711 = DIRECTION ( 'NONE',  ( -0.000000000000000000, -1.000000000000000000, -0.000000000000000000 ) ) ;
#2712 = ORIENTED_EDGE ( 'NONE', *, *, #637, .T. ) ;
#2713 = CARTESIAN_POINT ( 'NONE',  ( 0.000000000000000000, 27.00000000000000000, -300.0000000000000000 ) ) ;
#2714 = LINE ( 'NONE', #1423, #455 ) ;
#2715 = CARTESIAN_POINT ( 'NONE',  ( -16.00000000000000000, 18.00000000000000355, -308.0000000000000000 ) ) ;
#2716 = ORIENTED_EDGE ( 'NONE', *, *, #2025, .F. ) ;
#2717 = DIRECTION ( 'NONE',  ( -0.000000000000000000, -1.000000000000000000, -0.000000000000000000 ) ) ;
#2718 = DIRECTION ( 'NONE',  ( -0.000000000000000000, -1.000000000000000000, -0.000000000000000000 ) ) ;
#2719 = EDGE_CURVE ( 'NONE', #3020, #1574, #49, .T. ) ;
#2720 = ORIENTED_EDGE ( 'NONE', *, *, #2757, .F. ) ;
#2721 = EDGE_LOOP ( 'NONE', ( #442, #8, #2335, #2944 ) ) ;
#2722 = DIRECTION ( 'NONE',  ( -0.000000000000000000, -1.000000000000000000, -0.000000000000000000 ) ) ;
#2723 = EDGE_CURVE ( 'NONE', #250, #2878, #804, .T. ) ;
#2724 = ORIENTED_EDGE ( 'NONE', *, *, #2920, .F. ) ;
#2725 = DIRECTION ( 'NONE',  ( 0.000000000000000000, -1.000000000000000000, 0.000000000000000000 ) ) ;
#2726 = CARTESIAN_POINT ( 'NONE',  ( 0.000000000000000000, 22.20000000000000284, 0.000000000000000000 ) ) ;
#2727 = DIRECTION ( 'NONE',  ( 1.000000000000000000, 0.000000000000000000, -0.000000000000000000 ) ) ;
#2728 = CARTESIAN_POINT ( 'NONE',  ( 7.347880794884118750E-16, 22.20000000000000284, 6.000000000000000000 ) ) ;
#2729 = LINE ( 'NONE', #2537, #3087 ) ;
#2730 = DIRECTION ( 'NONE',  ( 0.000000000000000000, 1.000000000000000000, 0.000000000000000000 ) ) ;
#2731 = ORIENTED_EDGE ( 'NONE', *, *, #2176, .F. ) ;
#2732 = CARTESIAN_POINT ( 'NONE',  ( 18.50000000000000355, 5.000000000000000000, -238.0429399400242119 ) ) ;
#2733 = VERTEX_POINT ( 'NONE', #265 ) ;
#2734 = CARTESIAN_POINT ( 'NONE',  ( 0.000000000000000000, 22.20000000000000284, 0.000000000000000000 ) ) ;
#2735 = EDGE_CURVE ( 'NONE', #2581, #2902, #1234, .T. ) ;
#2736 = AXIS2_PLACEMENT_3D ( 'NONE', #1457, #1475, #2001 ) ;
#2737 = CALENDAR_DATE ( 2026, 24, 9 ) ;
#2738 = ORIENTED_EDGE ( 'NONE', *, *, #1944, .T. ) ;
#2739 = DIRECTION ( 'NONE',  ( -0.000000000000000000, -1.000000000000000000, -0.000000000000000000 ) ) ;
#2740 = AXIS2_PLACEMENT_3D ( 'NONE', #2602, #1837, #2371 ) ;
#2741 = VECTOR ( 'NONE', #1478, 1000.000000000000000 ) ;
#2742 = ORIENTED_EDGE ( 'NONE', *, *, #2129, .F. ) ;
#2743 = DIRECTION ( 'NONE',  ( 0.000000000000000000, 0.000000000000000000, 1.000000000000000000 ) ) ;
#2744 = ADVANCED_FACE ( 'NONE', ( #2896 ), #930, .F. ) ;
#2745 = VECTOR ( 'NONE', #3034, 1000.000000000000000 ) ;
#2746 = VECTOR ( 'NONE', #1921, 1000.000000000000000 ) ;
#2747 = DIRECTION ( 'NONE',  ( -0.000000000000000000, -1.000000000000000000, -0.000000000000000000 ) ) ;
#2748 = LINE ( 'NONE', #2796, #1887 ) ;
#2749 = AXIS2_PLACEMENT_3D ( 'NONE', #1460, #2448, #255 ) ;
#2750 = DIRECTION ( 'NONE',  ( 0.000000000000000000, 0.000000000000000000, 1.000000000000000000 ) ) ;
#2751 = DIRECTION ( 'NONE',  ( 0.000000000000000000, 1.000000000000000000, 0.000000000000000000 ) ) ;
#2752 = AXIS2_PLACEMENT_3D ( 'NONE', #2732, #1283, #1999 ) ;
#2753 = EDGE_LOOP ( 'NONE', ( #2820, #494, #2720, #2346 ) ) ;
#2754 = ORIENTED_EDGE ( 'NONE', *, *, #1384, .T. ) ;
#2755 = FACE_OUTER_BOUND ( 'NONE', #332, .T. ) ;
#2756 = ORIENTED_EDGE ( 'NONE', *, *, #403, .F. ) ;
#2757 = EDGE_CURVE ( 'NONE', #2045, #259, #1426, .T. ) ;
#2758 = ORIENTED_EDGE ( 'NONE', *, *, #2670, .T. ) ;
#2759 = CARTESIAN_POINT ( 'NONE',  ( 12.24586983568287479, 34.00000000000000000, -32.31414504036117563 ) ) ;
#2760 = FACE_BOUND ( 'NONE', #981, .T. ) ;
#2761 = ADVANCED_FACE ( 'NONE', ( #1684 ), #2691, .F. ) ;
#2762 = FACE_OUTER_BOUND ( 'NONE', #1696, .T. ) ;
#2763 = PLANE ( 'NONE',  #2392 ) ;
#2764 = ORIENTED_EDGE ( 'NONE', *, *, #2250, .T. ) ;
#2765 = ORIENTED_EDGE ( 'NONE', *, *, #2645, .F. ) ;
#2766 = VERTEX_POINT ( 'NONE', #1732 ) ;
#2767 = DIRECTION ( 'NONE',  ( 0.000000000000000000, 0.000000000000000000, -1.000000000000000000 ) ) ;
#2768 = ORIENTED_EDGE ( 'NONE', *, *, #2029, .F. ) ;
#2769 = DIRECTION ( 'NONE',  ( 0.000000000000000000, 1.000000000000000000, 0.000000000000000000 ) ) ;
#2770 = LINE ( 'NONE', #1111, #2638 ) ;
#2771 = CARTESIAN_POINT ( 'NONE',  ( 37.00000000000000000, 5.000000000000000000, -206.0000000000000000 ) ) ;
#2772 = EDGE_LOOP ( 'NONE', ( #1593, #538 ) ) ;
#2773 = FACE_OUTER_BOUND ( 'NONE', #269, .T. ) ;
#2774 = ADVANCED_FACE ( 'NONE', ( #2228 ), #2510, .F. ) ;
#2775 = CARTESIAN_POINT ( 'NONE',  ( 16.00000000000000000, 0.000000000000000000, -270.0000000000000000 ) ) ;
#2776 = EDGE_LOOP ( 'NONE', ( #283, #429, #2012, #2324 ) ) ;
#2777 = PLANE ( 'NONE',  #2951 ) ;
#2778 = EDGE_CURVE ( 'NONE', #2067, #1951, #2267, .T. ) ;
#2779 = DIRECTION ( 'NONE',  ( -0.000000000000000000, -1.000000000000000000, -0.000000000000000000 ) ) ;
#2780 = EDGE_LOOP ( 'NONE', ( #80, #2106 ) ) ;
#2781 = ORIENTED_EDGE ( 'NONE', *, *, #1231, .T. ) ;
#2782 = DIRECTION ( 'NONE',  ( 0.000000000000000000, 0.000000000000000000, -1.000000000000000000 ) ) ;
#2783 = EDGE_CURVE ( 'NONE', #1963, #3020, #57, .T. ) ;
#2784 = CLOSED_SHELL ( 'NONE', ( #2148, #577, #3114, #1407, #1173, #526, #561, #2802, #2774, #540, #128, #1488, #769, #787, #1344, #2744, #2164, #25, #3017, #770, #134, #1101, #308, #939, #999, #729, #2183, #1690, #2516, #85, #1666, #2955, #1192, #2085, #1155, #766, #3125, #2458, #2991, #1910, #285, #278, #2069, #519, #74, #733, #547, #2761, #1030, #2322, #1274, #1332, #1703, #1652, #869, #908, #1632, #2288, #1762, #1926, #596, #1613, #803, #2260, #1156, #427, #1916, #2009, #483, #1855, #2524, #1984, #824, #2327, #372, #984, #465, #55, #3085, #2893, #1886, #229, #1197, #2285, #3031, #2233, #1923, #502, #1801 ) ) ;
#2785 = CIRCLE ( 'NONE', #1253, 1.700000000000007061 ) ;
#2786 = ORIENTED_EDGE ( 'NONE', *, *, #2819, .F. ) ;
#2787 = DIRECTION ( 'NONE',  ( 0.000000000000000000, 0.000000000000000000, 1.000000000000000000 ) ) ;
#2788 = ORIENTED_EDGE ( 'NONE', *, *, #149, .T. ) ;
#2789 = DIRECTION ( 'NONE',  ( 0.000000000000000000, 0.000000000000000000, -1.000000000000000000 ) ) ;
#2790 = EDGE_LOOP ( 'NONE', ( #340, #1617, #591, #1300, #2601, #2923 ) ) ;
#2791 = CARTESIAN_POINT ( 'NONE',  ( -8.000000000000000000, -26.99999999999999645, -318.0000000000000000 ) ) ;
#2792 = CIRCLE ( 'NONE', #2445, 2.749999999999999112 ) ;
#2793 = VECTOR ( 'NONE', #2711, 1000.000000000000000 ) ;
#2794 = VERTEX_POINT ( 'NONE', #1739 ) ;
#2795 = EDGE_CURVE ( 'NONE', #1584, #1103, #2657, .T. ) ;
#2796 = CARTESIAN_POINT ( 'NONE',  ( 34.00000000000000000, 20.00000000000000355, 40.00000000000000000 ) ) ;
#2797 = AXIS2_PLACEMENT_3D ( 'NONE', #1972, #2454, #2956 ) ;
#2798 = VECTOR ( 'NONE', #3049, 1000.000000000000227 ) ;
#2799 = DIRECTION ( 'NONE',  ( 0.000000000000000000, -0.000000000000000000, -1.000000000000000000 ) ) ;
#2800 = AXIS2_PLACEMENT_3D ( 'NONE', #2826, #2101, #178 ) ;
#2801 = EDGE_CURVE ( 'NONE', #2766, #1227, #3055, .T. ) ;
#2802 = ADVANCED_FACE ( 'NONE', ( #2467 ), #1213, .F. ) ;
#2803 = EDGE_LOOP ( 'NONE', ( #189, #2372 ) ) ;
#2804 = DIRECTION ( 'NONE',  ( -0.000000000000000000, -1.000000000000000000, -0.000000000000000000 ) ) ;
#2805 = CIRCLE ( 'NONE', #2199, 1.700000000000007061 ) ;
#2806 = CARTESIAN_POINT ( 'NONE',  ( 18.50000000000000355, 5.000000000000000000, -150.0429399400242119 ) ) ;
#2807 = EDGE_CURVE ( 'NONE', #410, #184, #1991, .T. ) ;
#2808 = EDGE_LOOP ( 'NONE', ( #2258, #2565 ) ) ;
#2809 = DIRECTION ( 'NONE',  ( -0.000000000000000000, -0.000000000000000000, -1.000000000000000000 ) ) ;
#2810 = CARTESIAN_POINT ( 'NONE',  ( 18.50000000000000355, -5.000000000000000000, -150.0429399400242119 ) ) ;
#2811 = EDGE_LOOP ( 'NONE', ( #1351, #3135, #176, #2360 ) ) ;
#2812 = LINE ( 'NONE', #3089, #1838 ) ;
#2813 = DIRECTION ( 'NONE',  ( -0.000000000000000000, -1.000000000000000000, -0.000000000000000000 ) ) ;
#2814 = DIRECTION ( 'NONE',  ( 0.000000000000000000, 0.000000000000000000, 1.000000000000000000 ) ) ;
#2815 = ORIENTED_EDGE ( 'NONE', *, *, #2849, .T. ) ;
#2816 = DIRECTION ( 'NONE',  ( -0.000000000000000000, -1.000000000000000000, -0.000000000000000000 ) ) ;
#2817 = ORIENTED_EDGE ( 'NONE', *, *, #661, .T. ) ;
#2818 = EDGE_LOOP ( 'NONE', ( #2712, #3153, #395, #2562 ) ) ;
#2819 = EDGE_CURVE ( 'NONE', #527, #723, #518, .T. ) ;
#2820 = ORIENTED_EDGE ( 'NONE', *, *, #1548, .T. ) ;
#2821 = CARTESIAN_POINT ( 'NONE',  ( 30.00000000000000000, -5.000000000000000000, -66.00000000000000000 ) ) ;
#2822 = EDGE_LOOP ( 'NONE', ( #1697, #1609 ) ) ;
#2823 = FACE_OUTER_BOUND ( 'NONE', #1391, .T. ) ;
#2824 = EDGE_CURVE ( 'NONE', #177, #527, #2714, .T. ) ;
#2825 = ORIENTED_EDGE ( 'NONE', *, *, #2055, .F. ) ;
#2826 = CARTESIAN_POINT ( 'NONE',  ( 0.000000000000000000, 34.00000000000000000, 0.000000000000000000 ) ) ;
#2827 = EDGE_CURVE ( 'NONE', #1493, #2030, #468, .T. ) ;
#2828 = CARTESIAN_POINT ( 'NONE',  ( 48.00000000000000000, 5.000000000000000000, -88.00000000000000000 ) ) ;
#2829 = ORGANIZATION ( 'UNSPECIFIED', 'UNSPECIFIED', '' ) ;
#2830 = ORIENTED_EDGE ( 'NONE', *, *, #248, .F. ) ;
#2831 = CARTESIAN_POINT ( 'NONE',  ( -12.24586983568287124, 34.00000000000000000, -29.56414504036117563 ) ) ;
#2832 = VERTEX_POINT ( 'NONE', #1481 ) ;
#2833 = ORIENTED_EDGE ( 'NONE', *, *, #2209, .T. ) ;
#2834 = DIRECTION ( 'NONE',  ( 0.000000000000000000, 0.000000000000000000, 1.000000000000000000 ) ) ;
#2835 = EDGE_LOOP ( 'NONE', ( #235, #2065 ) ) ;
#2836 = EDGE_CURVE ( 'NONE', #3074, #2666, #1242, .T. ) ;
#2837 = LINE ( 'NONE', #2336, #915 ) ;
#2838 = ORIENTED_EDGE ( 'NONE', *, *, #2553, .T. ) ;
#2839 = DIRECTION ( 'NONE',  ( 0.000000000000000000, 0.000000000000000000, 1.000000000000000000 ) ) ;
#2840 = VECTOR ( 'NONE', #2882, 1000.000000000000000 ) ;
#2841 = DIRECTION ( 'NONE',  ( 0.000000000000000000, 1.000000000000000000, 0.000000000000000000 ) ) ;
#2842 = CIRCLE ( 'NONE', #851, 1.700000000000007061 ) ;
#2843 = EDGE_CURVE ( 'NONE', #631, #1046, #1883, .T. ) ;
#2844 = DIRECTION ( 'NONE',  ( -0.000000000000000000, -1.000000000000000000, -0.000000000000000000 ) ) ;
#2845 = AXIS2_PLACEMENT_3D ( 'NONE', #1518, #753, #1280 ) ;
#2846 = AXIS2_PLACEMENT_3D ( 'NONE', #2533, #1791, #2481 ) ;
#2847 = ORIENTED_EDGE ( 'NONE', *, *, #2876, .T. ) ;
#2848 = VECTOR ( 'NONE', #985, 1000.000000000000000 ) ;
#2849 = EDGE_CURVE ( 'NONE', #911, #1459, #217, .T. ) ;
#2850 = ORIENTED_EDGE ( 'NONE', *, *, #2535, .T. ) ;
#2851 = VECTOR ( 'NONE', #66, 1000.000000000000000 ) ;
#2852 = LINE ( 'NONE', #885, #1625 ) ;
#2853 = ORIENTED_EDGE ( 'NONE', *, *, #2917, .F. ) ;
#2854 = VECTOR ( 'NONE', #2725, 1000.000000000000000 ) ;
#2855 = DIRECTION ( 'NONE',  ( 0.000000000000000000, 1.000000000000000000, 0.000000000000000000 ) ) ;
#2856 = AXIS2_PLACEMENT_3D ( 'NONE', #956, #31, #2702 ) ;
#2857 = ORIENTED_EDGE ( 'NONE', *, *, #2437, .T. ) ;
#2858 = VERTEX_POINT ( 'NONE', #2165 ) ;
#2859 = FACE_BOUND ( 'NONE', #2772, .T. ) ;
#2860 = EDGE_CURVE ( 'NONE', #1119, #1016, #2660, .T. ) ;
#2861 = CARTESIAN_POINT ( 'NONE',  ( 0.000000000000000000, 18.00000000000000355, -300.0000000000000000 ) ) ;
#2862 = CARTESIAN_POINT ( 'NONE',  ( 18.50000000000000355, -5.000000000000000000, -175.6570600599757768 ) ) ;
#2863 = DIRECTION ( 'NONE',  ( -1.000000000000000000, -0.000000000000000000, -0.000000000000000000 ) ) ;
#2864 = VERTEX_POINT ( 'NONE', #1435 ) ;
#2865 = FACE_OUTER_BOUND ( 'NONE', #1313, .T. ) ;
#2866 = CARTESIAN_POINT ( 'NONE',  ( -37.00000000000000000, 5.000000000000000000, -204.2999999999999829 ) ) ;
#2867 = ORIENTED_EDGE ( 'NONE', *, *, #2250, .F. ) ;
#2868 = CARTESIAN_POINT ( 'NONE',  ( 0.000000000000000000, -18.00000000000000000, -300.0000000000000000 ) ) ;
#2869 = VERTEX_POINT ( 'NONE', #2907 ) ;
#2870 = DIRECTION ( 'NONE',  ( -0.000000000000000000, -1.000000000000000000, -0.000000000000000000 ) ) ;
#2871 = CARTESIAN_POINT ( 'NONE',  ( -34.00000000000000000, 34.00000000000000000, 40.00000000000000000 ) ) ;
#2872 = PERSON_AND_ORGANIZATION ( #3102, #2829 ) ;
#2873 = DIRECTION ( 'NONE',  ( 0.000000000000000000, 1.000000000000000000, 0.000000000000000000 ) ) ;
#2874 = EDGE_CURVE ( 'NONE', #838, #2864, #1467, .T. ) ;
#2875 = DIRECTION ( 'NONE',  ( 0.000000000000000000, 1.000000000000000000, 0.000000000000000000 ) ) ;
#2876 = EDGE_CURVE ( 'NONE', #1831, #3105, #1418, .T. ) ;
#2877 = CARTESIAN_POINT ( 'NONE',  ( 18.50000000000000355, 5.000000000000000000, -238.0429399400242119 ) ) ;
#2878 = VERTEX_POINT ( 'NONE', #2890 ) ;
#2879 = EDGE_CURVE ( 'NONE', #2666, #1339, #1724, .T. ) ;
#2880 = DIRECTION ( 'NONE',  ( 0.000000000000000000, -1.000000000000000000, 0.000000000000000000 ) ) ;
#2881 = VERTEX_POINT ( 'NONE', #2672 ) ;
#2882 = DIRECTION ( 'NONE',  ( -0.000000000000000000, -1.000000000000000000, -0.000000000000000000 ) ) ;
#2883 = VERTEX_POINT ( 'NONE', #2684 ) ;
#2884 = CARTESIAN_POINT ( 'NONE',  ( -34.00000000000000000, 34.00000000000000000, 40.00000000000000000 ) ) ;
#2885 = DIRECTION ( 'NONE',  ( -0.000000000000000000, -1.000000000000000000, -0.000000000000000000 ) ) ;
#2886 = APPLICATION_PROTOCOL_DEFINITION ( 'international standard', 'config_control_design', 1994, #1257 ) ;
#2887 = FACE_BOUND ( 'NONE', #2060, .T. ) ;
#2888 = CIRCLE ( 'NONE', #2685, 1.700000000000007061 ) ;
#2889 = CIRCLE ( 'NONE', #2136, 10.99999999999999645 ) ;
#2890 = CARTESIAN_POINT ( 'NONE',  ( -18.49999999999999289, -5.000000000000000000, -151.7429399400242289 ) ) ;
#2891 = VECTOR ( 'NONE', #231, 1000.000000000000000 ) ;
#2892 = CARTESIAN_POINT ( 'NONE',  ( -18.49999999999999289, 5.000000000000000000, -239.7429399400242289 ) ) ;
#2893 = ADVANCED_FACE ( 'NONE', ( #482 ), #261, .F. ) ;
#2894 = EDGE_CURVE ( 'NONE', #1637, #1641, #1989, .T. ) ;
#2895 = CIRCLE ( 'NONE', #1516, 4.000000000000003553 ) ;
#2896 = FACE_OUTER_BOUND ( 'NONE', #1235, .T. ) ;
#2897 = VERTEX_POINT ( 'NONE', #2261 ) ;
#2898 = CARTESIAN_POINT ( 'NONE',  ( -12.24586983568286414, 34.00000000000000000, 29.56414504036117918 ) ) ;
#2899 = VECTOR ( 'NONE', #3141, 1000.000000000000000 ) ;
#2900 = CIRCLE ( 'NONE', #510, 2.749999999999999112 ) ;
#2901 = DIRECTION ( 'NONE',  ( 0.000000000000000000, 0.000000000000000000, 1.000000000000000000 ) ) ;
#2902 = VERTEX_POINT ( 'NONE', #334 ) ;
#2903 = PLANE ( 'NONE',  #2653 ) ;
#2904 = VECTOR ( 'NONE', #1335, 1000.000000000000000 ) ;
#2905 = CARTESIAN_POINT ( 'NONE',  ( 4.898587196589407898E-16, 18.00000000000000355, -296.0000000000000000 ) ) ;
#2906 = DIRECTION ( 'NONE',  ( 1.000000000000000000, 0.000000000000000000, -0.000000000000000000 ) ) ;
#2907 = CARTESIAN_POINT ( 'NONE',  ( 16.00000000000000000, 18.00000000000000355, -308.0000000000000000 ) ) ;
#2908 = DIRECTION ( 'NONE',  ( 0.000000000000000000, 0.000000000000000000, 1.000000000000000000 ) ) ;
#2909 = LINE ( 'NONE', #1695, #198 ) ;
#2910 = ORIENTED_EDGE ( 'NONE', *, *, #2894, .F. ) ;
#2911 = LINE ( 'NONE', #2633, #106 ) ;
#2912 = ORIENTED_EDGE ( 'NONE', *, *, #1251, .T. ) ;
#2913 = DIRECTION ( 'NONE',  ( 0.000000000000000000, 0.000000000000000000, -1.000000000000000000 ) ) ;
#2914 = EDGE_CURVE ( 'NONE', #1597, #672, #1326, .T. ) ;
#2915 = VERTEX_POINT ( 'NONE', #286 ) ;
#2916 = DIRECTION ( 'NONE',  ( 0.000000000000000000, 1.000000000000000000, 0.000000000000000000 ) ) ;
#2917 = EDGE_CURVE ( 'NONE', #470, #682, #1937, .T. ) ;
#2918 = FACE_BOUND ( 'NONE', #463, .T. ) ;
#2919 = CARTESIAN_POINT ( 'NONE',  ( -8.000000000000000000, -18.00000000000000000, -318.0000000000000000 ) ) ;
#2920 = EDGE_CURVE ( 'NONE', #3032, #3105, #1823, .T. ) ;
#2921 = DIRECTION ( 'NONE',  ( 1.000000000000000000, -0.000000000000000000, -0.000000000000000000 ) ) ;
#2922 = DIRECTION ( 'NONE',  ( -0.000000000000000000, -1.000000000000000000, -0.000000000000000000 ) ) ;
#2923 = ORIENTED_EDGE ( 'NONE', *, *, #381, .T. ) ;
#2924 = DIRECTION ( 'NONE',  ( 0.5407575913134984313, 0.000000000000000000, 0.8411784753765537692 ) ) ;
#2925 = ORIENTED_EDGE ( 'NONE', *, *, #1792, .F. ) ;
#2926 = DIRECTION ( 'NONE',  ( 0.000000000000000000, 0.000000000000000000, 1.000000000000000000 ) ) ;
#2927 = VERTEX_POINT ( 'NONE', #67 ) ;
#2928 = FACE_OUTER_BOUND ( 'NONE', #3008, .T. ) ;
#2929 = EDGE_CURVE ( 'NONE', #2227, #810, #1087, .T. ) ;
#2930 = EDGE_LOOP ( 'NONE', ( #646, #397 ) ) ;
#2931 = DIRECTION ( 'NONE',  ( 0.000000000000000000, -1.000000000000000000, 0.000000000000000000 ) ) ;
#2932 = CARTESIAN_POINT ( 'NONE',  ( -37.00000000000000000, 5.000000000000000000, -207.6999999999999886 ) ) ;
#2933 = ORIENTED_EDGE ( 'NONE', *, *, #853, .F. ) ;
#2934 = DIRECTION ( 'NONE',  ( -0.000000000000000000, -1.000000000000000000, -0.000000000000000000 ) ) ;
#2935 = DIRECTION ( 'NONE',  ( -0.000000000000000000, 1.000000000000000000, -0.000000000000000000 ) ) ;
#2936 = VECTOR ( 'NONE', #3060, 1000.000000000000000 ) ;
#2937 = ORIENTED_EDGE ( 'NONE', *, *, #791, .T. ) ;
#2938 = DIRECTION ( 'NONE',  ( 0.000000000000000000, 1.000000000000000000, 0.000000000000000000 ) ) ;
#2939 = AXIS2_PLACEMENT_3D ( 'NONE', #2378, #183, #389 ) ;
#2940 = DIRECTION ( 'NONE',  ( 0.000000000000000000, 0.000000000000000000, 1.000000000000000000 ) ) ;
#2941 = EDGE_LOOP ( 'NONE', ( #119, #1814, #2000, #801 ) ) ;
#2942 = VECTOR ( 'NONE', #1900, 1000.000000000000000 ) ;
#2943 = DIRECTION ( 'NONE',  ( -0.000000000000000000, -1.000000000000000000, -0.000000000000000000 ) ) ;
#2944 = ORIENTED_EDGE ( 'NONE', *, *, #2609, .F. ) ;
#2945 = VECTOR ( 'NONE', #2673, 1000.000000000000000 ) ;
#2946 = EDGE_LOOP ( 'NONE', ( #554, #1124, #1094, #2169 ) ) ;
#2947 = VECTOR ( 'NONE', #1679, 1000.000000000000000 ) ;
#2948 = CYLINDRICAL_SURFACE ( 'NONE', #707, 1.700000000000007061 ) ;
#2949 = VECTOR ( 'NONE', #2641, 1000.000000000000114 ) ;
#2950 = CARTESIAN_POINT ( 'NONE',  ( 1.347111479062087024E-15, 5.000000000000000000, -194.9999999999999716 ) ) ;
#2951 = AXIS2_PLACEMENT_3D ( 'NONE', #1327, #323, #2315 ) ;
#2952 = ORIENTED_EDGE ( 'NONE', *, *, #1431, .T. ) ;
#2953 = CARTESIAN_POINT ( 'NONE',  ( 37.00000000000000000, -5.000000000000000000, -118.0000000000000000 ) ) ;
#2954 = CIRCLE ( 'NONE', #2453, 2.750000000000002665 ) ;
#2955 = ADVANCED_FACE ( 'NONE', ( #2760, #1514, #307, #814, #843, #532, #2056, #1038, #2021, #2313 ), #1495, .F. ) ;
#2956 = DIRECTION ( 'NONE',  ( 0.000000000000000000, 0.000000000000000000, -1.000000000000000000 ) ) ;
#2957 = CYLINDRICAL_SURFACE ( 'NONE', #1775, 1.700000000000007061 ) ;
#2958 = EDGE_CURVE ( 'NONE', #1219, #1336, #905, .T. ) ;
#2959 = DIRECTION ( 'NONE',  ( -0.000000000000000000, -1.000000000000000000, -0.000000000000000000 ) ) ;
#2960 = CARTESIAN_POINT ( 'NONE',  ( 18.50000000000000355, 5.000000000000000000, -150.0429399400242119 ) ) ;
#2961 = EDGE_LOOP ( 'NONE', ( #234, #1961, #714, #2338 ) ) ;
#2962 = CARTESIAN_POINT ( 'NONE',  ( 48.00000000000000000, -5.000000000000000000, -88.00000000000000000 ) ) ;
#2963 = ORIENTED_EDGE ( 'NONE', *, *, #1871, .T. ) ;
#2964 = PLANE ( 'NONE',  #552 ) ;
#2965 = PERSON_AND_ORGANIZATION_ROLE ( 'design_supplier' ) ;
#2966 = DIRECTION ( 'NONE',  ( 0.000000000000000000, 0.000000000000000000, 1.000000000000000000 ) ) ;
#2967 = CARTESIAN_POINT ( 'NONE',  ( -7.549834435270756039, -5.000000000000000000, -110.0000000000000000 ) ) ;
#2968 = EDGE_LOOP ( 'NONE', ( #1669, #523, #2026, #3080 ) ) ;
#2969 = PLANE ( 'NONE',  #3151 ) ;
#2970 = CARTESIAN_POINT ( 'NONE',  ( 8.000000000000000000, 27.00000000000000000, -318.0000000000000000 ) ) ;
#2971 = EDGE_CURVE ( 'NONE', #2241, #107, #3019, .T. ) ;
#2972 = LINE ( 'NONE', #2224, #1212 ) ;
#2973 = CARTESIAN_POINT ( 'NONE',  ( 48.00000000000000000, 5.000000000000000000, -88.00000000000000000 ) ) ;
#2974 = CARTESIAN_POINT ( 'NONE',  ( -29.56414504036117918, 34.00000000000000000, 12.24586983568286946 ) ) ;
#2975 = VERTEX_POINT ( 'NONE', #779 ) ;
#2976 = ORIENTED_EDGE ( 'NONE', *, *, #2757, .T. ) ;
#2977 = CARTESIAN_POINT ( 'NONE',  ( -18.49999999999999289, 5.000000000000000000, -151.7429399400242289 ) ) ;
#2978 = CALENDAR_DATE ( 2026, 24, 9 ) ;
#2979 = VERTEX_POINT ( 'NONE', #2293 ) ;
#2980 = DIRECTION ( 'NONE',  ( -0.000000000000000000, -1.000000000000000000, -0.000000000000000000 ) ) ;
#2981 = EDGE_LOOP ( 'NONE', ( #1413, #2528 ) ) ;
#2982 = DIRECTION ( 'NONE',  ( 0.000000000000000000, 0.000000000000000000, -1.000000000000000000 ) ) ;
#2983 = DIRECTION ( 'NONE',  ( 0.000000000000000000, 0.000000000000000000, 1.000000000000000000 ) ) ;
#2984 = LINE ( 'NONE', #3035, #1419 ) ;
#2985 = DIRECTION ( 'NONE',  ( 0.000000000000000000, 0.000000000000000000, 1.000000000000000000 ) ) ;
#2986 = CYLINDRICAL_SURFACE ( 'NONE', #1880, 2.749999999999999112 ) ;
#2987 = VERTEX_POINT ( 'NONE', #101 ) ;
#2988 = DIRECTION ( 'NONE',  ( 0.000000000000000000, 0.000000000000000000, -1.000000000000000000 ) ) ;
#2989 = VERTEX_POINT ( 'NONE', #1051 ) ;
#2990 = DIRECTION ( 'NONE',  ( 0.5368754921931593316, 0.000000000000000000, -0.8436614877321073624 ) ) ;
#2991 = ADVANCED_FACE ( 'NONE', ( #2245 ), #322, .F. ) ;
#2992 = CIRCLE ( 'NONE', #2690, 4.000000000000003553 ) ;
#2993 = EDGE_LOOP ( 'NONE', ( #41, #2615, #1888, #3109, #1531, #1379 ) ) ;
#2994 = CARTESIAN_POINT ( 'NONE',  ( 48.00000000000000000, 5.000000000000000000, -236.0000000000000000 ) ) ;
#2995 = AXIS2_PLACEMENT_3D ( 'NONE', #2806, #379, #2585 ) ;
#2996 = EDGE_CURVE ( 'NONE', #1339, #1748, #2007, .T. ) ;
#2997 = DIRECTION ( 'NONE',  ( -0.000000000000000000, -1.000000000000000000, -0.000000000000000000 ) ) ;
#2998 = AXIS2_PLACEMENT_3D ( 'NONE', #1273, #2769, #589 ) ;
#2999 = VECTOR ( 'NONE', #2432, 1000.000000000000000 ) ;
#3000 = ORIENTED_EDGE ( 'NONE', *, *, #1786, .F. ) ;
#3001 = FACE_OUTER_BOUND ( 'NONE', #98, .T. ) ;
#3002 = AXIS2_PLACEMENT_3D ( 'NONE', #1325, #2275, #811 ) ;
#3003 = DIRECTION ( 'NONE',  ( 1.000000000000000000, -0.000000000000000000, -0.000000000000000000 ) ) ;
#3004 = CARTESIAN_POINT ( 'NONE',  ( -48.00000000000000000, 5.000000000000000000, -236.0000000000000000 ) ) ;
#3005 = VECTOR ( 'NONE', #841, 1000.000000000000000 ) ;
#3006 = CARTESIAN_POINT ( 'NONE',  ( 9.797174393178815797E-16, 5.000000000000000000, -153.9999999999999716 ) ) ;
#3007 = AXIS2_PLACEMENT_3D ( 'NONE', #471, #1439, #1200 ) ;
#3008 = EDGE_LOOP ( 'NONE', ( #1854, #162, #2301, #2415 ) ) ;
#3009 = EDGE_LOOP ( 'NONE', ( #614, #138, #329, #2765 ) ) ;
#3010 = DIRECTION ( 'NONE',  ( -0.000000000000000000, -1.000000000000000000, -0.000000000000000000 ) ) ;
#3011 = ORIENTED_EDGE ( 'NONE', *, *, #381, .F. ) ;
#3012 = EDGE_CURVE ( 'NONE', #1509, #911, #828, .T. ) ;
#3013 = CARTESIAN_POINT ( 'NONE',  ( -18.49999999999999289, 5.000000000000000000, -238.0429399400242403 ) ) ;
#3014 = CYLINDRICAL_SURFACE ( 'NONE', #2687, 2.749999999999999112 ) ;
#3015 = CARTESIAN_POINT ( 'NONE',  ( 34.00000000000000000, -5.000000000000000000, -260.0000000000000000 ) ) ;
#3016 = EDGE_LOOP ( 'NONE', ( #382, #2678, #819, #1589 ) ) ;
#3017 = ADVANCED_FACE ( 'NONE', ( #1754 ), #1546, .F. ) ;
#3018 = DIRECTION ( 'NONE',  ( 0.000000000000000000, 1.000000000000000000, 0.000000000000000000 ) ) ;
#3019 = LINE ( 'NONE', #1306, #504 ) ;
#3020 = VERTEX_POINT ( 'NONE', #593 ) ;
#3021 = EDGE_CURVE ( 'NONE', #1339, #2337, #1559, .T. ) ;
#3022 = DIRECTION ( 'NONE',  ( 0.000000000000000000, 0.000000000000000000, 1.000000000000000000 ) ) ;
#3023 = DIRECTION ( 'NONE',  ( -0.000000000000000000, -1.000000000000000000, -0.000000000000000000 ) ) ;
#3024 = ORIENTED_EDGE ( 'NONE', *, *, #1996, .F. ) ;
#3025 = ORIENTED_EDGE ( 'NONE', *, *, #2340, .F. ) ;
#3026 = CYLINDRICAL_SURFACE ( 'NONE', #1461, 4.000000000000003553 ) ;
#3027 = VERTEX_POINT ( 'NONE', #2862 ) ;
#3028 = DIRECTION ( 'NONE',  ( 0.000000000000000000, 0.000000000000000000, -1.000000000000000000 ) ) ;
#3029 = ORIENTED_EDGE ( 'NONE', *, *, #2068, .T. ) ;
#3030 = CARTESIAN_POINT ( 'NONE',  ( -29.56414504036117563, 34.00000000000000000, -9.495869835682878346 ) ) ;
#3031 = ADVANCED_FACE ( 'NONE', ( #152 ), #1893, .F. ) ;
#3032 = VERTEX_POINT ( 'NONE', #1388 ) ;
#3033 = CARTESIAN_POINT ( 'NONE',  ( -30.00000000000000000, 5.000000000000000000, -264.0000000000000000 ) ) ;
#3034 = DIRECTION ( 'NONE',  ( -0.000000000000000000, -1.000000000000000000, -0.000000000000000000 ) ) ;
#3035 = CARTESIAN_POINT ( 'NONE',  ( 8.000000000000000000, -26.99999999999999645, -318.0000000000000000 ) ) ;
#3036 = FACE_OUTER_BOUND ( 'NONE', #1861, .T. ) ;
#3037 = ORIENTED_EDGE ( 'NONE', *, *, #2700, .T. ) ;
#3038 = DIRECTION ( 'NONE',  ( 0.000000000000000000, 1.000000000000000000, 0.000000000000000000 ) ) ;
#3039 = PRODUCT_RELATED_PRODUCT_CATEGORY ( 'detail', '', ( #1950 ) ) ;
#3040 = VECTOR ( 'NONE', #222, 1000.000000000000000 ) ;
#3041 = ORIENTED_EDGE ( 'NONE', *, *, #1804, .F. ) ;
#3042 = CARTESIAN_POINT ( 'NONE',  ( -18.49999999999999289, -5.000000000000000000, -236.3429399400242232 ) ) ;
#3043 = EDGE_LOOP ( 'NONE', ( #888, #1841, #1656, #1929 ) ) ;
#3044 = LINE ( 'NONE', #857, #443 ) ;
#3045 = ORIENTED_EDGE ( 'NONE', *, *, #943, .F. ) ;
#3046 = CYLINDRICAL_SURFACE ( 'NONE', #1068, 4.000000000000003553 ) ;
#3047 = VECTOR ( 'NONE', #1232, 1000.000000000000000 ) ;
#3048 = CARTESIAN_POINT ( 'NONE',  ( 0.000000000000000000, 22.20000000000000284, 0.000000000000000000 ) ) ;
#3049 = DIRECTION ( 'NONE',  ( 0.2425356250363328581, 0.000000000000000000, -0.9701425001453318764 ) ) ;
#3050 = VECTOR ( 'NONE', #892, 1000.000000000000000 ) ;
#3051 = CIRCLE ( 'NONE', #2451, 2.749999999999999112 ) ;
#3052 = VECTOR ( 'NONE', #1175, 1000.000000000000000 ) ;
#3053 = VERTEX_POINT ( 'NONE', #421 ) ;
#3054 = EDGE_CURVE ( 'NONE', #1185, #1521, #1873, .T. ) ;
#3055 = CIRCLE ( 'NONE', #2856, 2.750000000000002665 ) ;
#3056 = DIRECTION ( 'NONE',  ( 0.000000000000000000, 0.000000000000000000, 1.000000000000000000 ) ) ;
#3057 = ORIENTED_EDGE ( 'NONE', *, *, #437, .F. ) ;
#3058 = PLANE ( 'NONE',  #1015 ) ;
#3059 = VERTEX_POINT ( 'NONE', #1612 ) ;
#3060 = DIRECTION ( 'NONE',  ( -0.000000000000000000, -1.000000000000000000, -0.000000000000000000 ) ) ;
#3061 = ORIENTED_EDGE ( 'NONE', *, *, #195, .T. ) ;
#3062 = LINE ( 'NONE', #2128, #1891 ) ;
#3063 = LINE ( 'NONE', #2409, #603 ) ;
#3064 = DIRECTION ( 'NONE',  ( 0.000000000000000000, 0.000000000000000000, 1.000000000000000000 ) ) ;
#3065 = CARTESIAN_POINT ( 'NONE',  ( 0.000000000000000000, 5.000000000000000000, 0.000000000000000000 ) ) ;
#3066 = VERTEX_POINT ( 'NONE', #169 ) ;
#3067 = EDGE_CURVE ( 'NONE', #393, #2897, #2593, .T. ) ;
#3068 = VERTEX_POINT ( 'NONE', #1164 ) ;
#3069 = ORIENTED_EDGE ( 'NONE', *, *, #149, .F. ) ;
#3070 = DIRECTION ( 'NONE',  ( 0.000000000000000000, 1.000000000000000000, 0.000000000000000000 ) ) ;
#3071 = VERTEX_POINT ( 'NONE', #387 ) ;
#3072 = FACE_OUTER_BOUND ( 'NONE', #1964, .T. ) ;
#3073 = DIRECTION ( 'NONE',  ( 1.000000000000000000, -0.000000000000000000, 0.000000000000000000 ) ) ;
#3074 = VERTEX_POINT ( 'NONE', #2103 ) ;
#3075 = FACE_BOUND ( 'NONE', #2808, .T. ) ;
#3076 = CARTESIAN_POINT ( 'NONE',  ( 37.00000000000000000, 5.000000000000000000, -118.0000000000000000 ) ) ;
#3077 = DIRECTION ( 'NONE',  ( -0.000000000000000000, -1.000000000000000000, -0.000000000000000000 ) ) ;
#3078 = FACE_BOUND ( 'NONE', #530, .T. ) ;
#3079 = ORIENTED_EDGE ( 'NONE', *, *, #486, .T. ) ;
#3080 = ORIENTED_EDGE ( 'NONE', *, *, #2386, .T. ) ;
#3081 = CARTESIAN_POINT ( 'NONE',  ( -12.24586983568286414, 20.00000000000000355, 29.56414504036117918 ) ) ;
#3082 = ORIENTED_EDGE ( 'NONE', *, *, #2860, .T. ) ;
#3083 = LINE ( 'NONE', #188, #813 ) ;
#3084 = ORIENTED_EDGE ( 'NONE', *, *, #1039, .F. ) ;
#3085 = ADVANCED_FACE ( 'NONE', ( #1354 ), #1596, .F. ) ;
#3086 = FACE_OUTER_BOUND ( 'NONE', #2632, .T. ) ;
#3087 = VECTOR ( 'NONE', #2779, 1000.000000000000000 ) ;
#3088 = ORIENTED_EDGE ( 'NONE', *, *, #1484, .T. ) ;
#3089 = CARTESIAN_POINT ( 'NONE',  ( -18.50000000000001776, 5.000000000000000000, -175.6570600599757768 ) ) ;
#3090 = VECTOR ( 'NONE', #1077, 1000.000000000000000 ) ;
#3091 = CARTESIAN_POINT ( 'NONE',  ( 30.00000000000000000, -27.00000000000000000, -270.0000000000000000 ) ) ;
#3092 = PLANE ( 'NONE',  #1008 ) ;
#3093 = AXIS2_PLACEMENT_3D ( 'NONE', #2014, #3010, #2767 ) ;
#3094 = FACE_BOUND ( 'NONE', #1237, .T. ) ;
#3095 = ORIENTED_EDGE ( 'NONE', *, *, #1763, .F. ) ;
#3096 = DIRECTION ( 'NONE',  ( 0.000000000000000000, 1.000000000000000000, 0.000000000000000000 ) ) ;
#3097 = CIRCLE ( 'NONE', #1983, 2.750000000000002665 ) ;
#3098 = VECTOR ( 'NONE', #3077, 1000.000000000000000 ) ;
#3099 = AXIS2_PLACEMENT_3D ( 'NONE', #2478, #1254, #2421 ) ;
#3100 = ORIENTED_EDGE ( 'NONE', *, *, #2609, .T. ) ;
#3101 = LINE ( 'NONE', #1471, #347 ) ;
#3102 = PERSON ( 'UNSPECIFIED', 'UNSPECIFIED', 'UNSPECIFIED', ('UNSPECIFIED'), ('UNSPECIFIED'), ('UNSPECIFIED') ) ;
#3103 = AXIS2_PLACEMENT_3D ( 'NONE', #3065, #938, #1165 ) ;
#3104 = DIRECTION ( 'NONE',  ( -0.000000000000000000, -1.000000000000000000, -0.000000000000000000 ) ) ;
#3105 = VERTEX_POINT ( 'NONE', #1146 ) ;
#3106 = AXIS2_PLACEMENT_3D ( 'NONE', #2114, #685, #1659 ) ;
#3107 = DIRECTION ( 'NONE',  ( -0.000000000000000000, -1.000000000000000000, -0.000000000000000000 ) ) ;
#3108 = EDGE_CURVE ( 'NONE', #2181, #1011, #405, .T. ) ;
#3109 = ORIENTED_EDGE ( 'NONE', *, *, #1301, .T. ) ;
#3110 = CARTESIAN_POINT ( 'NONE',  ( -37.00000000000000000, -5.000000000000000000, -204.2999999999999829 ) ) ;
#3111 = CARTESIAN_POINT ( 'NONE',  ( 16.00000000000000000, -18.00000000000000000, -308.0000000000000000 ) ) ;
#3112 = CARTESIAN_POINT ( 'NONE',  ( 29.56414504036117563, 34.00000000000000000, -12.24586983568287302 ) ) ;
#3113 = LINE ( 'NONE', #1909, #2298 ) ;
#3114 = ADVANCED_FACE ( 'NONE', ( #374 ), #1376, .F. ) ;
#3115 = DIRECTION ( 'NONE',  ( 1.000000000000000000, 0.000000000000000000, 0.000000000000000000 ) ) ;
#3116 = CC_DESIGN_PERSON_AND_ORGANIZATION_ASSIGNMENT ( #1504, #1188, ( #1950 ) ) ;
#3117 = ORIENTED_EDGE ( 'NONE', *, *, #26, .F. ) ;
#3118 = DIRECTION ( 'NONE',  ( 0.000000000000000000, 1.000000000000000000, 0.000000000000000000 ) ) ;
#3119 = ORIENTED_EDGE ( 'NONE', *, *, #1193, .T. ) ;
#3120 = CARTESIAN_POINT ( 'NONE',  ( -34.00000000000000000, -5.000000000000000000, -66.00000000000000000 ) ) ;
#3121 = ORIENTED_EDGE ( 'NONE', *, *, #1567, .T. ) ;
#3122 = DIRECTION ( 'NONE',  ( 0.000000000000000000, 0.000000000000000000, 1.000000000000000000 ) ) ;
#3123 = DIRECTION ( 'NONE',  ( -0.6246950475544239545, 0.000000000000000000, 0.7808688094430306093 ) ) ;
#3124 = PLANE ( 'NONE',  #1938 ) ;
#3125 = ADVANCED_FACE ( 'NONE', ( #2131 ), #3092, .F. ) ;
#3126 = EDGE_CURVE ( 'NONE', #259, #1380, #2564, .T. ) ;
#3127 = CARTESIAN_POINT ( 'NONE',  ( -29.56414504036117563, 20.00000000000000355, -12.24586983568287657 ) ) ;
#3128 = EDGE_CURVE ( 'NONE', #945, #2864, #2116, .T. ) ;
#3129 = LINE ( 'NONE', #1664, #555 ) ;
#3130 = DIRECTION ( 'NONE',  ( 0.000000000000000000, 1.000000000000000000, 0.000000000000000000 ) ) ;
#3131 = ORIENTED_EDGE ( 'NONE', *, *, #2929, .T. ) ;
#3132 = CARTESIAN_POINT ( 'NONE',  ( -16.00000000000000000, -18.00000000000000000, -308.0000000000000000 ) ) ;
#3133 = EDGE_CURVE ( 'NONE', #2181, #1490, #1676, .T. ) ;
#3134 = CARTESIAN_POINT ( 'NONE',  ( 37.00000000000000000, 5.000000000000000000, -207.6999999999999886 ) ) ;
#3135 = ORIENTED_EDGE ( 'NONE', *, *, #1392, .T. ) ;
#3136 = CARTESIAN_POINT ( 'NONE',  ( 18.50000000000000355, 5.000000000000000000, -148.3429399400241948 ) ) ;
#3137 = LINE ( 'NONE', #1492, #2091 ) ;
#3138 = LINE ( 'NONE', #1955, #2146 ) ;
#3139 = AXIS2_PLACEMENT_3D ( 'NONE', #2469, #2385, #1994 ) ;
#3140 = CIRCLE ( 'NONE', #290, 1.700000000000007061 ) ;
#3141 = DIRECTION ( 'NONE',  ( -0.000000000000000000, -1.000000000000000000, -0.000000000000000000 ) ) ;
#3142 = CARTESIAN_POINT ( 'NONE',  ( 0.000000000000000000, 22.20000000000000284, 0.000000000000000000 ) ) ;
#3143 = DIRECTION ( 'NONE',  ( 0.000000000000000000, 0.000000000000000000, -1.000000000000000000 ) ) ;
#3144 = AXIS2_PLACEMENT_3D ( 'NONE', #507, #3130, #2399 ) ;
#3145 = CIRCLE ( 'NONE', #97, 2.749999999999999112 ) ;
#3146 = VERTEX_POINT ( 'NONE', #628 ) ;
#3147 = ORIENTED_EDGE ( 'NONE', *, *, #403, .T. ) ;
#3148 = DIRECTION ( 'NONE',  ( 0.000000000000000000, 0.000000000000000000, 1.000000000000000000 ) ) ;
#3149 = ORIENTED_EDGE ( 'NONE', *, *, #644, .T. ) ;
#3150 = CYLINDRICAL_SURFACE ( 'NONE', #2491, 1.700000000000007061 ) ;
#3151 = AXIS2_PLACEMENT_3D ( 'NONE', #2242, #718, #2659 ) ;
#3152 = CIRCLE ( 'NONE', #809, 2.749999999999999112 ) ;
#3153 = ORIENTED_EDGE ( 'NONE', *, *, #324, .F. ) ;
#3154 = CARTESIAN_POINT ( 'NONE',  ( 16.00000000000000000, 27.00000000000000000, -308.0000000000000000 ) ) ;
ENDSEC;
END-ISO-10303-21;
