ISO-10303-21;
HEADER;
FILE_DESCRIPTION (( 'STEP AP203' ),
    '1' );
FILE_NAME ('JX1_Thigh_L.STEP',
    '2026-09-24T05:37:54',
    ( '' ),
    ( '' ),
    'SwSTEP 2.0',
    'SolidWorks 2026',
    '' );
FILE_SCHEMA (( 'CONFIG_CONTROL_DESIGN' ));
ENDSEC;

DATA;
#1 = VECTOR ( 'NONE', #2504, 1000.000000000000000 ) ;
#2 = CARTESIAN_POINT ( 'NONE',  ( -44.00000000000000000, 46.00000000000000000, 0.000000000000000000 ) ) ;
#3 = ORIENTED_EDGE ( 'NONE', *, *, #2161, .F. ) ;
#4 = DIRECTION ( 'NONE',  ( 0.000000000000000000, 0.000000000000000000, 1.000000000000000000 ) ) ;
#5 = CARTESIAN_POINT ( 'NONE',  ( 46.19397662556433914, 36.00000000000000000, -289.1341716182545269 ) ) ;
#6 = ORIENTED_EDGE ( 'NONE', *, *, #2256, .T. ) ;
#7 = EDGE_CURVE ( 'NONE', #738, #27, #2156, .T. ) ;
#8 = LINE ( 'NONE', #2319, #1439 ) ;
#9 = VERTEX_POINT ( 'NONE', #561 ) ;
#10 = DIRECTION ( 'NONE',  ( -0.000000000000000000, -1.000000000000000000, -0.000000000000000000 ) ) ;
#11 = CIRCLE ( 'NONE', #2512, 2.749999999999999112 ) ;
#12 = EDGE_CURVE ( 'NONE', #1981, #1951, #156, .T. ) ;
#13 = ORIENTED_EDGE ( 'NONE', *, *, #466, .F. ) ;
#14 = LINE ( 'NONE', #876, #134 ) ;
#15 = AXIS2_PLACEMENT_3D ( 'NONE', #1605, #1246, #1815 ) ;
#16 = PERSON_AND_ORGANIZATION ( #243, #1654 ) ;
#17 = AXIS2_PLACEMENT_3D ( 'NONE', #638, #2346, #2750 ) ;
#18 = ORIENTED_EDGE ( 'NONE', *, *, #2166, .T. ) ;
#19 = CARTESIAN_POINT ( 'NONE',  ( -44.00000000000000000, 36.00000000000000000, 0.000000000000000000 ) ) ;
#20 = ORIENTED_EDGE ( 'NONE', *, *, #267, .T. ) ;
#21 = DIRECTION ( 'NONE',  ( 0.000000000000000000, 0.000000000000000000, -1.000000000000000000 ) ) ;
#22 = CYLINDRICAL_SURFACE ( 'NONE', #2584, 2.750000000000030198 ) ;
#23 = CARTESIAN_POINT ( 'NONE',  ( 30.00000000000000000, 36.00000000000000000, -35.59768778401239331 ) ) ;
#24 = ORIENTED_EDGE ( 'NONE', *, *, #623, .F. ) ;
#25 = CYLINDRICAL_SURFACE ( 'NONE', #1601, 2.749999999999999112 ) ;
#26 = ORIENTED_EDGE ( 'NONE', *, *, #188, .T. ) ;
#27 = VERTEX_POINT ( 'NONE', #820 ) ;
#28 = DIRECTION ( 'NONE',  ( 1.000000000000000000, 0.000000000000000000, 0.000000000000000000 ) ) ;
#29 = EDGE_LOOP ( 'NONE', ( #714, #2598, #852, #2753, #2695, #1142, #2419, #2444, #374, #1197, #823, #2163, #1894, #388, #1706, #2024 ) ) ;
#30 = EDGE_CURVE ( 'NONE', #27, #738, #519, .T. ) ;
#31 = FACE_BOUND ( 'NONE', #356, .T. ) ;
#32 = DIRECTION ( 'NONE',  ( -0.000000000000000000, -1.000000000000000000, -0.000000000000000000 ) ) ;
#33 = DIRECTION ( 'NONE',  ( 0.000000000000000000, 0.000000000000000000, 1.000000000000000000 ) ) ;
#34 = ORIENTED_EDGE ( 'NONE', *, *, #2187, .T. ) ;
#35 = DIRECTION ( 'NONE',  ( 0.000000000000000000, -0.000000000000000000, 1.000000000000000000 ) ) ;
#36 = ORIENTED_EDGE ( 'NONE', *, *, #2537, .T. ) ;
#37 = CARTESIAN_POINT ( 'NONE',  ( 0.000000000000000000, 46.00000000000000000, -140.0000000000000000 ) ) ;
#38 = VERTEX_POINT ( 'NONE', #975 ) ;
#39 = VECTOR ( 'NONE', #1002, 1000.000000000000000 ) ;
#40 = ORIENTED_EDGE ( 'NONE', *, *, #1983, .F. ) ;
#41 = DIRECTION ( 'NONE',  ( 0.000000000000000000, 0.000000000000000000, 1.000000000000000000 ) ) ;
#42 = DATE_AND_TIME ( #2219, #1130 ) ;
#43 = AXIS2_PLACEMENT_3D ( 'NONE', #355, #558, #599 ) ;
#44 = AXIS2_PLACEMENT_3D ( 'NONE', #1948, #94, #2440 ) ;
#45 = EDGE_CURVE ( 'NONE', #2251, #973, #2688, .T. ) ;
#46 = VERTEX_POINT ( 'NONE', #2280 ) ;
#47 = CARTESIAN_POINT ( 'NONE',  ( 0.000000000000000000, 46.00000000000000000, -85.00000000000000000 ) ) ;
#48 = EDGE_CURVE ( 'NONE', #1830, #1069, #2557, .T. ) ;
#49 = PLANE ( 'NONE',  #294 ) ;
#50 = VECTOR ( 'NONE', #806, 1000.000000000000000 ) ;
#51 = CARTESIAN_POINT ( 'NONE',  ( 1.224646799147352073E-15, 36.00000000000000000, -185.0000000000000000 ) ) ;
#52 = ORIENTED_EDGE ( 'NONE', *, *, #942, .F. ) ;
#53 = EDGE_CURVE ( 'NONE', #959, #2429, #2485, .T. ) ;
#54 = CARTESIAN_POINT ( 'NONE',  ( -22.00000000000000000, 15.99999999999999645, -206.0000000000000284 ) ) ;
#55 = ORIENTED_EDGE ( 'NONE', *, *, #719, .F. ) ;
#56 = DIRECTION ( 'NONE',  ( 0.000000000000000000, 0.000000000000000000, -1.000000000000000000 ) ) ;
#57 = VERTEX_POINT ( 'NONE', #1001 ) ;
#58 = ORIENTED_EDGE ( 'NONE', *, *, #845, .T. ) ;
#59 = CARTESIAN_POINT ( 'NONE',  ( -19.13417161825447721, 46.00000000000000000, -223.8060233744356822 ) ) ;
#60 = PERSON_AND_ORGANIZATION_ROLE ( 'design_supplier' ) ;
#61 = VECTOR ( 'NONE', #2086, 1000.000000000000000 ) ;
#62 = EDGE_LOOP ( 'NONE', ( #885, #1931 ) ) ;
#63 = FACE_BOUND ( 'NONE', #1121, .T. ) ;
#64 = DIRECTION ( 'NONE',  ( 0.000000000000000000, 0.000000000000000000, 1.000000000000000000 ) ) ;
#65 = LINE ( 'NONE', #2643, #636 ) ;
#66 = ORIENTED_EDGE ( 'NONE', *, *, #173, .F. ) ;
#67 = ADVANCED_FACE ( 'NONE', ( #2308 ), #586, .F. ) ;
#68 = DIRECTION ( 'NONE',  ( 0.000000000000000000, 1.000000000000000000, 0.000000000000000000 ) ) ;
#69 = ORIENTED_EDGE ( 'NONE', *, *, #1823, .F. ) ;
#70 = CARTESIAN_POINT ( 'NONE',  ( -22.00000000000000000, 31.00000000000000000, -59.09991680526687929 ) ) ;
#71 = ORIENTED_EDGE ( 'NONE', *, *, #1283, .T. ) ;
#72 = VERTEX_POINT ( 'NONE', #1852 ) ;
#73 = CC_DESIGN_PERSON_AND_ORGANIZATION_ASSIGNMENT ( #708, #60, ( #1565 ) ) ;
#74 = ORIENTED_EDGE ( 'NONE', *, *, #48, .F. ) ;
#75 = CARTESIAN_POINT ( 'NONE',  ( 30.00000000000000000, 36.00000000000000000, -35.59768778401239331 ) ) ;
#76 = PERSON_AND_ORGANIZATION_ROLE ( 'creator' ) ;
#77 = ORIENTED_EDGE ( 'NONE', *, *, #1346, .F. ) ;
#78 = CARTESIAN_POINT ( 'NONE',  ( 29.56414504036117563, 36.00000000000000000, -9.495869835682874793 ) ) ;
#79 = CARTESIAN_POINT ( 'NONE',  ( 1.592040838891559095E-15, 46.00000000000000000, -257.0000000000000000 ) ) ;
#80 = CARTESIAN_POINT ( 'NONE',  ( 29.56414504036117563, 46.00000000000000000, -12.24586983568287302 ) ) ;
#81 = VERTEX_POINT ( 'NONE', #615 ) ;
#82 = LINE ( 'NONE', #479, #2158 ) ;
#83 = ORIENTED_EDGE ( 'NONE', *, *, #1564, .F. ) ;
#84 = EDGE_CURVE ( 'NONE', #2115, #2165, #963, .T. ) ;
#85 = DIRECTION ( 'NONE',  ( 0.000000000000000000, 0.000000000000000000, -1.000000000000000000 ) ) ;
#86 = VERTEX_POINT ( 'NONE', #2513 ) ;
#87 = EDGE_LOOP ( 'NONE', ( #1859, #1474, #974, #1313, #359, #2273, #1771, #1105 ) ) ;
#88 = LINE ( 'NONE', #75, #2751 ) ;
#89 = CIRCLE ( 'NONE', #672, 2.750000000000030198 ) ;
#90 = ADVANCED_FACE ( 'NONE', ( #1404 ), #372, .F. ) ;
#91 = PLANE ( 'NONE',  #640 ) ;
#92 = AXIS2_PLACEMENT_3D ( 'NONE', #2577, #1938, #678 ) ;
#93 = DIRECTION ( 'NONE',  ( -0.000000000000000000, 0.000000000000000000, 1.000000000000000000 ) ) ;
#94 = DIRECTION ( 'NONE',  ( 0.000000000000000000, 1.000000000000000000, 0.000000000000000000 ) ) ;
#95 = AXIS2_PLACEMENT_3D ( 'NONE', #5, #2747, #1050 ) ;
#96 = EDGE_LOOP ( 'NONE', ( #2661, #1163 ) ) ;
#97 = AXIS2_PLACEMENT_3D ( 'NONE', #2489, #2070, #590 ) ;
#98 = CARTESIAN_POINT ( 'NONE',  ( 0.000000000000000000, 46.00000000000000000, -85.00000000000000000 ) ) ;
#99 = CARTESIAN_POINT ( 'NONE',  ( 22.00000000000000000, 31.00000000000000000, -59.09991680526687929 ) ) ;
#100 = ORIENTED_EDGE ( 'NONE', *, *, #1818, .F. ) ;
#101 = VECTOR ( 'NONE', #1070, 1000.000000000000000 ) ;
#102 = EDGE_LOOP ( 'NONE', ( #542, #631, #1757, #1804 ) ) ;
#103 = EDGE_CURVE ( 'NONE', #851, #2077, #1664, .T. ) ;
#104 = VERTEX_POINT ( 'NONE', #1863 ) ;
#105 = CYLINDRICAL_SURFACE ( 'NONE', #632, 2.750000000000002665 ) ;
#106 = EDGE_CURVE ( 'NONE', #988, #1302, #1187, .T. ) ;
#107 = VERTEX_POINT ( 'NONE', #602 ) ;
#108 = AXIS2_PLACEMENT_3D ( 'NONE', #2590, #1586, #257 ) ;
#109 = CYLINDRICAL_SURFACE ( 'NONE', #1221, 2.749999999999999112 ) ;
#110 = DIRECTION ( 'NONE',  ( -0.000000000000000000, -0.000000000000000000, -1.000000000000000000 ) ) ;
#111 = FACE_OUTER_BOUND ( 'NONE', #900, .T. ) ;
#112 = CIRCLE ( 'NONE', #472, 2.750000000000002665 ) ;
#113 = FACE_OUTER_BOUND ( 'NONE', #838, .T. ) ;
#114 = ORIENTED_EDGE ( 'NONE', *, *, #1487, .T. ) ;
#115 = CARTESIAN_POINT ( 'NONE',  ( -30.00000000000000000, 46.00000000000000000, -110.0000000000000000 ) ) ;
#116 = VERTEX_POINT ( 'NONE', #1237 ) ;
#117 = CARTESIAN_POINT ( 'NONE',  ( 30.00000000000000000, 15.99999999999999645, -206.0000000000000284 ) ) ;
#118 = EDGE_LOOP ( 'NONE', ( #2239, #984, #2012, #1427 ) ) ;
#119 = EDGE_LOOP ( 'NONE', ( #2555, #1476, #1107, #2057 ) ) ;
#120 = EDGE_CURVE ( 'NONE', #2699, #1093, #1025, .T. ) ;
#121 = DIRECTION ( 'NONE',  ( 0.000000000000000000, 0.000000000000000000, -1.000000000000000000 ) ) ;
#122 = DIRECTION ( 'NONE',  ( 0.000000000000000000, 0.000000000000000000, 1.000000000000000000 ) ) ;
#123 = DIRECTION ( 'NONE',  ( -0.000000000000000000, -1.000000000000000000, -0.000000000000000000 ) ) ;
#124 = ORIENTED_EDGE ( 'NONE', *, *, #858, .F. ) ;
#125 = CARTESIAN_POINT ( 'NONE',  ( 0.000000000000000000, 36.00000000000000000, -270.0000000000000000 ) ) ;
#126 = VERTEX_POINT ( 'NONE', #1039 ) ;
#127 = LINE ( 'NONE', #1825, #1035 ) ;
#128 = EDGE_LOOP ( 'NONE', ( #667, #2620, #677, #1613 ) ) ;
#129 = CARTESIAN_POINT ( 'NONE',  ( 12.24586983568288012, 46.00000000000000000, 32.31414504036117563 ) ) ;
#130 = DIRECTION ( 'NONE',  ( -0.000000000000000000, -1.000000000000000000, -0.000000000000000000 ) ) ;
#131 = ORIENTED_EDGE ( 'NONE', *, *, #1027, .T. ) ;
#132 = DIRECTION ( 'NONE',  ( -0.000000000000000000, -1.000000000000000000, -0.000000000000000000 ) ) ;
#133 = EDGE_CURVE ( 'NONE', #1678, #308, #2738, .T. ) ;
#134 = VECTOR ( 'NONE', #1954, 1000.000000000000114 ) ;
#135 = DIRECTION ( 'NONE',  ( -1.000000000000000000, 0.000000000000000000, 0.000000000000000000 ) ) ;
#136 = DIRECTION ( 'NONE',  ( -0.9238795325112867385, 0.000000000000000000, 0.3826834323650898373 ) ) ;
#137 = ORIENTED_EDGE ( 'NONE', *, *, #2748, .T. ) ;
#138 = AXIS2_PLACEMENT_3D ( 'NONE', #2276, #778, #1618 ) ;
#139 = EDGE_CURVE ( 'NONE', #1535, #2209, #420, .T. ) ;
#140 = DIRECTION ( 'NONE',  ( -0.000000000000000000, -1.000000000000000000, -0.000000000000000000 ) ) ;
#141 = VECTOR ( 'NONE', #324, 1000.000000000000000 ) ;
#142 = LINE ( 'NONE', #2052, #2627 ) ;
#143 = ORIENTED_EDGE ( 'NONE', *, *, #998, .T. ) ;
#144 = CIRCLE ( 'NONE', #455, 2.749999999999999112 ) ;
#145 = EDGE_CURVE ( 'NONE', #2757, #738, #857, .T. ) ;
#146 = CARTESIAN_POINT ( 'NONE',  ( 30.00000000000000000, 15.99999999999999645, -61.09991680526687929 ) ) ;
#147 = CARTESIAN_POINT ( 'NONE',  ( 46.56229828894252876, 46.00000000000000000, -301.1119330490977291 ) ) ;
#148 = AXIS2_PLACEMENT_3D ( 'NONE', #1718, #1943, #1111 ) ;
#149 = ORIENTED_EDGE ( 'NONE', *, *, #1393, .T. ) ;
#150 = DIRECTION ( 'NONE',  ( 0.000000000000000000, 1.000000000000000000, 0.000000000000000000 ) ) ;
#151 = DIRECTION ( 'NONE',  ( 0.000000000000000000, 1.000000000000000000, 0.000000000000000000 ) ) ;
#152 = DIRECTION ( 'NONE',  ( -1.000000000000000000, 0.000000000000000000, 0.000000000000000000 ) ) ;
#153 = VECTOR ( 'NONE', #1709, 1000.000000000000000 ) ;
#154 = EDGE_LOOP ( 'NONE', ( #2494, #1517 ) ) ;
#155 = DIRECTION ( 'NONE',  ( 0.000000000000000000, 0.000000000000000000, 1.000000000000000000 ) ) ;
#156 = CIRCLE ( 'NONE', #2208, 2.750000000000002665 ) ;
#157 = CARTESIAN_POINT ( 'NONE',  ( 19.13417161825449497, 46.00000000000000000, -316.1939766255643463 ) ) ;
#158 = ADVANCED_FACE ( 'NONE', ( #2525 ), #676, .F. ) ;
#159 = CIRCLE ( 'NONE', #1710, 13.00000000000001066 ) ;
#160 = ORIENTED_EDGE ( 'NONE', *, *, #317, .T. ) ;
#161 = CARTESIAN_POINT ( 'NONE',  ( 30.00000000000000000, 15.99999999999999645, -206.0000000000000284 ) ) ;
#162 = VERTEX_POINT ( 'NONE', #1052 ) ;
#163 = DIRECTION ( 'NONE',  ( 0.000000000000000000, 0.000000000000000000, 1.000000000000000000 ) ) ;
#164 = DIRECTION ( 'NONE',  ( 0.000000000000000000, 0.000000000000000000, 1.000000000000000000 ) ) ;
#165 = DIRECTION ( 'NONE',  ( 0.000000000000000000, 1.000000000000000000, 0.000000000000000000 ) ) ;
#166 = ORIENTED_EDGE ( 'NONE', *, *, #2686, .F. ) ;
#167 = VERTEX_POINT ( 'NONE', #2334 ) ;
#168 = DIRECTION ( 'NONE',  ( 0.000000000000000000, 1.000000000000000000, 0.000000000000000000 ) ) ;
#169 = DIRECTION ( 'NONE',  ( 0.000000000000000000, 0.000000000000000000, 1.000000000000000000 ) ) ;
#170 = EDGE_CURVE ( 'NONE', #2216, #1790, #1184, .T. ) ;
#171 = DIRECTION ( 'NONE',  ( 0.000000000000000000, 0.000000000000000000, 1.000000000000000000 ) ) ;
#172 = FACE_OUTER_BOUND ( 'NONE', #2482, .T. ) ;
#173 = EDGE_CURVE ( 'NONE', #2261, #104, #1879, .T. ) ;
#174 = VERTEX_POINT ( 'NONE', #1496 ) ;
#175 = DIRECTION ( 'NONE',  ( -0.000000000000000000, -1.000000000000000000, -0.000000000000000000 ) ) ;
#176 = EDGE_CURVE ( 'NONE', #214, #2528, #958, .T. ) ;
#177 = AXIS2_PLACEMENT_3D ( 'NONE', #1314, #1437, #1287 ) ;
#178 = FACE_BOUND ( 'NONE', #2388, .T. ) ;
#179 = ORIENTED_EDGE ( 'NONE', *, *, #1669, .F. ) ;
#180 = AXIS2_PLACEMENT_3D ( 'NONE', #821, #2298, #1659 ) ;
#181 = DIRECTION ( 'NONE',  ( 0.000000000000000000, 1.000000000000000000, 0.000000000000000000 ) ) ;
#182 = DIRECTION ( 'NONE',  ( 0.000000000000000000, 1.000000000000000000, 0.000000000000000000 ) ) ;
#183 = VECTOR ( 'NONE', #2752, 1000.000000000000000 ) ;
#184 = AXIS2_PLACEMENT_3D ( 'NONE', #377, #152, #1008 ) ;
#185 = DIRECTION ( 'NONE',  ( -0.7071067811865470176, 0.000000000000000000, 0.7071067811865480168 ) ) ;
#186 = DIRECTION ( 'NONE',  ( 0.2873478855663453291, 0.000000000000000000, -0.9578262852211513190 ) ) ;
#187 = AXIS2_PLACEMENT_3D ( 'NONE', #811, #2260, #2492 ) ;
#188 = EDGE_CURVE ( 'NONE', #1995, #2006, #2130, .T. ) ;
#189 = ORIENTED_EDGE ( 'NONE', *, *, #1570, .T. ) ;
#190 = CIRCLE ( 'NONE', #1516, 2.749999999999999112 ) ;
#191 = CARTESIAN_POINT ( 'NONE',  ( -22.00000000000000000, 26.00000000000000000, -61.09991680526687929 ) ) ;
#192 = ADVANCED_FACE ( 'NONE', ( #2726 ), #2551, .F. ) ;
#193 = AXIS2_PLACEMENT_3D ( 'NONE', #191, #1251, #2136 ) ;
#194 = DIRECTION ( 'NONE',  ( -0.000000000000000000, -1.000000000000000000, -0.000000000000000000 ) ) ;
#195 = ORIENTED_EDGE ( 'NONE', *, *, #1903, .F. ) ;
#196 = CC_DESIGN_PERSON_AND_ORGANIZATION_ASSIGNMENT ( #1345, #76, ( #1875 ) ) ;
#197 = VERTEX_POINT ( 'NONE', #870 ) ;
#198 = DIRECTION ( 'NONE',  ( 0.000000000000000000, 1.000000000000000000, 0.000000000000000000 ) ) ;
#199 = CARTESIAN_POINT ( 'NONE',  ( -30.00000000000000000, 26.00000000000000000, -61.09991680526687929 ) ) ;
#200 = VECTOR ( 'NONE', #507, 1000.000000000000000 ) ;
#201 = DIRECTION ( 'NONE',  ( 0.000000000000000000, 0.000000000000000000, 1.000000000000000000 ) ) ;
#202 = CARTESIAN_POINT ( 'NONE',  ( -22.00000000000000000, 15.99999999999999645, -61.09991680526687929 ) ) ;
#203 = ORIENTED_EDGE ( 'NONE', *, *, #1891, .T. ) ;
#204 = ORIENTED_EDGE ( 'NONE', *, *, #537, .F. ) ;
#205 = ORIENTED_EDGE ( 'NONE', *, *, #1003, .F. ) ;
#206 = LINE ( 'NONE', #2717, #1470 ) ;
#207 = EDGE_CURVE ( 'NONE', #1069, #1830, #1433, .T. ) ;
#208 = EDGE_LOOP ( 'NONE', ( #256, #834, #1299, #1194 ) ) ;
#209 = DIRECTION ( 'NONE',  ( 0.000000000000000000, -0.000000000000000000, -1.000000000000000000 ) ) ;
#210 = EDGE_LOOP ( 'NONE', ( #333, #541 ) ) ;
#211 = ORIENTED_EDGE ( 'NONE', *, *, #582, .T. ) ;
#212 = CARTESIAN_POINT ( 'NONE',  ( 22.00000000000000000, 0.000000000000000000, 0.000000000000000000 ) ) ;
#213 = LINE ( 'NONE', #1062, #454 ) ;
#214 = VERTEX_POINT ( 'NONE', #1298 ) ;
#215 = CARTESIAN_POINT ( 'NONE',  ( 19.13417161825449497, 46.00000000000000000, -313.4439766255644031 ) ) ;
#216 = CARTESIAN_POINT ( 'NONE',  ( -29.56414504036117918, 36.00000000000000000, 12.24586983568286946 ) ) ;
#217 = ORIENTED_EDGE ( 'NONE', *, *, #2268, .F. ) ;
#218 = CARTESIAN_POINT ( 'NONE',  ( 0.000000000000000000, 46.00000000000000000, -195.0000000000000000 ) ) ;
#219 = LINE ( 'NONE', #1855, #2284 ) ;
#220 = DIRECTION ( 'NONE',  ( 0.000000000000000000, 0.000000000000000000, 1.000000000000000000 ) ) ;
#221 = ORIENTED_EDGE ( 'NONE', *, *, #1582, .T. ) ;
#222 = EDGE_CURVE ( 'NONE', #2733, #1354, #744, .T. ) ;
#223 = CARTESIAN_POINT ( 'NONE',  ( 22.00000000000000000, 15.99999999999999645, -206.0000000000000284 ) ) ;
#224 = DIRECTION ( 'NONE',  ( -1.000000000000000000, 0.000000000000000000, -0.000000000000000000 ) ) ;
#225 = EDGE_LOOP ( 'NONE', ( #24, #1004 ) ) ;
#226 = EDGE_CURVE ( 'NONE', #1909, #1464, #2511, .T. ) ;
#227 = DIRECTION ( 'NONE',  ( -0.000000000000000000, -0.000000000000000000, 1.000000000000000000 ) ) ;
#228 = VECTOR ( 'NONE', #722, 1000.000000000000000 ) ;
#229 = DIRECTION ( 'NONE',  ( 0.000000000000000000, 0.000000000000000000, 1.000000000000000000 ) ) ;
#230 = EDGE_CURVE ( 'NONE', #1713, #2244, #1284, .T. ) ;
#231 = AXIS2_PLACEMENT_3D ( 'NONE', #512, #302, #85 ) ;
#232 = EDGE_LOOP ( 'NONE', ( #446, #1687, #642, #1233 ) ) ;
#233 = LINE ( 'NONE', #1276, #1457 ) ;
#234 = ORIENTED_EDGE ( 'NONE', *, *, #1045, .F. ) ;
#235 = VECTOR ( 'NONE', #935, 1000.000000000000000 ) ;
#236 = DIRECTION ( 'NONE',  ( 0.000000000000000000, 0.000000000000000000, 1.000000000000000000 ) ) ;
#237 = AXIS2_PLACEMENT_3D ( 'NONE', #567, #2679, #1845 ) ;
#238 = FACE_BOUND ( 'NONE', #1805, .T. ) ;
#239 = ORIENTED_EDGE ( 'NONE', *, *, #2292, .T. ) ;
#240 = DIRECTION ( 'NONE',  ( 0.000000000000000000, 0.000000000000000000, 1.000000000000000000 ) ) ;
#241 = CARTESIAN_POINT ( 'NONE',  ( 0.000000000000000000, 38.19999999999999574, 0.000000000000000000 ) ) ;
#242 = ORIENTED_EDGE ( 'NONE', *, *, #537, .T. ) ;
#243 = PERSON ( 'UNSPECIFIED', 'UNSPECIFIED', 'UNSPECIFIED', ('UNSPECIFIED'), ('UNSPECIFIED'), ('UNSPECIFIED') ) ;
#244 = DIRECTION ( 'NONE',  ( -0.000000000000000000, -1.000000000000000000, -0.000000000000000000 ) ) ;
#245 = VECTOR ( 'NONE', #1921, 1000.000000000000000 ) ;
#246 = ORIENTED_EDGE ( 'NONE', *, *, #1923, .F. ) ;
#247 = FACE_OUTER_BOUND ( 'NONE', #232, .T. ) ;
#248 = EDGE_LOOP ( 'NONE', ( #1073, #2698, #6, #1058 ) ) ;
#249 = LINE ( 'NONE', #886, #2320 ) ;
#250 = AXIS2_PLACEMENT_3D ( 'NONE', #1658, #2675, #171 ) ;
#251 = APPROVAL_ROLE ( '' ) ;
#252 = AXIS2_PLACEMENT_3D ( 'NONE', #1364, #68, #1965 ) ;
#253 = FACE_BOUND ( 'NONE', #1876, .T. ) ;
#254 = DIRECTION ( 'NONE',  ( -0.000000000000000000, -1.000000000000000000, -0.000000000000000000 ) ) ;
#255 = CARTESIAN_POINT ( 'NONE',  ( -30.00000000000000000, 46.00000000000000000, -110.0000000000000000 ) ) ;
#256 = ORIENTED_EDGE ( 'NONE', *, *, #387, .T. ) ;
#257 = DIRECTION ( 'NONE',  ( 0.000000000000000000, 0.000000000000000000, 1.000000000000000000 ) ) ;
#258 = ORIENTED_EDGE ( 'NONE', *, *, #795, .T. ) ;
#259 = CARTESIAN_POINT ( 'NONE',  ( -30.00000000000000000, 15.99999999999999645, -206.0000000000000284 ) ) ;
#260 = ORIENTED_EDGE ( 'NONE', *, *, #2237, .T. ) ;
#261 = ORIENTED_EDGE ( 'NONE', *, *, #2307, .F. ) ;
#262 = EDGE_CURVE ( 'NONE', #1316, #1337, #624, .T. ) ;
#263 = ORIENTED_EDGE ( 'NONE', *, *, #1899, .T. ) ;
#264 = DIRECTION ( 'NONE',  ( 1.000000000000000000, 0.000000000000000000, 0.000000000000000000 ) ) ;
#265 = ADVANCED_FACE ( 'NONE', ( #1262 ), #1712, .F. ) ;
#266 = CARTESIAN_POINT ( 'NONE',  ( 44.00000000000000000, 36.00000000000000000, 0.000000000000000000 ) ) ;
#267 = EDGE_CURVE ( 'NONE', #1756, #2336, #462, .T. ) ;
#268 = LINE ( 'NONE', #908, #2003 ) ;
#269 = CYLINDRICAL_SURFACE ( 'NONE', #1078, 2.749999999999999112 ) ;
#270 = DIRECTION ( 'NONE',  ( -0.000000000000000000, -1.000000000000000000, -0.000000000000000000 ) ) ;
#271 = EDGE_LOOP ( 'NONE', ( #66, #1463, #2357, #928 ) ) ;
#272 = FACE_OUTER_BOUND ( 'NONE', #2291, .T. ) ;
#273 = ORIENTED_EDGE ( 'NONE', *, *, #490, .T. ) ;
#274 = AXIS2_PLACEMENT_3D ( 'NONE', #59, #2218, #2198 ) ;
#275 = ORIENTED_EDGE ( 'NONE', *, *, #1003, .T. ) ;
#276 = CARTESIAN_POINT ( 'NONE',  ( 48.00000000000000000, 46.00000000000000000, -214.0000000000000284 ) ) ;
#277 = AXIS2_PLACEMENT_3D ( 'NONE', #2345, #2117, #2549 ) ;
#278 = AXIS2_PLACEMENT_3D ( 'NONE', #1777, #731, #352 ) ;
#279 = VERTEX_POINT ( 'NONE', #2563 ) ;
#280 = EDGE_CURVE ( 'NONE', #1180, #2457, #8, .T. ) ;
#281 = CARTESIAN_POINT ( 'NONE',  ( -44.00000000000000000, 46.00000000000000000, 0.000000000000000000 ) ) ;
#282 = AXIS2_PLACEMENT_3D ( 'NONE', #1688, #605, #437 ) ;
#283 = LINE ( 'NONE', #934, #2248 ) ;
#284 = CC_DESIGN_APPROVAL ( #1495, ( #1518 ) ) ;
#285 = CARTESIAN_POINT ( 'NONE',  ( 32.00000000000000000, 46.00000000000000000, 40.00000000000000000 ) ) ;
#286 = ADVANCED_FACE ( 'NONE', ( #1137 ), #2008, .F. ) ;
#287 = DIRECTION ( 'NONE',  ( -1.000000000000000000, -0.000000000000000000, -0.000000000000000000 ) ) ;
#288 = ORIENTED_EDGE ( 'NONE', *, *, #589, .F. ) ;
#289 = LINE ( 'NONE', #1574, #450 ) ;
#290 = ORIENTED_EDGE ( 'NONE', *, *, #1530, .F. ) ;
#291 = EDGE_LOOP ( 'NONE', ( #837, #453, #553, #2176 ) ) ;
#292 = ORIENTED_EDGE ( 'NONE', *, *, #1983, .T. ) ;
#293 = DIRECTION ( 'NONE',  ( 0.000000000000000000, 0.000000000000000000, -1.000000000000000000 ) ) ;
#294 = AXIS2_PLACEMENT_3D ( 'NONE', #1115, #93, #310 ) ;
#295 = FACE_BOUND ( 'NONE', #2520, .T. ) ;
#296 = AXIS2_PLACEMENT_3D ( 'NONE', #1151, #1780, #1849 ) ;
#297 = EDGE_CURVE ( 'NONE', #1354, #2733, #1095, .T. ) ;
#298 = CARTESIAN_POINT ( 'NONE',  ( 7.347880794884119736E-16, 38.19999999999999574, 6.000000000000000000 ) ) ;
#299 = CARTESIAN_POINT ( 'NONE',  ( -22.00000000000000000, 36.00000000000000000, -206.0000000000000284 ) ) ;
#300 = LINE ( 'NONE', #2614, #1881 ) ;
#301 = ORIENTED_EDGE ( 'NONE', *, *, #371, .T. ) ;
#302 = DIRECTION ( 'NONE',  ( -0.000000000000000000, -1.000000000000000000, -0.000000000000000000 ) ) ;
#303 = EDGE_LOOP ( 'NONE', ( #504, #2200 ) ) ;
#304 = VERTEX_POINT ( 'NONE', #1308 ) ;
#305 = VERTEX_POINT ( 'NONE', #2430 ) ;
#306 = ORIENTED_EDGE ( 'NONE', *, *, #2240, .T. ) ;
#307 = FACE_OUTER_BOUND ( 'NONE', #957, .T. ) ;
#308 = VERTEX_POINT ( 'NONE', #1978 ) ;
#309 = DIRECTION ( 'NONE',  ( 0.000000000000000000, -0.000000000000000000, -1.000000000000000000 ) ) ;
#310 = DIRECTION ( 'NONE',  ( 1.000000000000000000, 0.000000000000000000, 0.000000000000000000 ) ) ;
#311 = PLANE ( 'NONE',  #2365 ) ;
#312 = EDGE_CURVE ( 'NONE', #1207, #2283, #614, .T. ) ;
#313 = ORIENTED_EDGE ( 'NONE', *, *, #2277, .F. ) ;
#314 = FACE_OUTER_BOUND ( 'NONE', #2108, .T. ) ;
#315 = CARTESIAN_POINT ( 'NONE',  ( 30.00000000000000000, 36.00000000000000000, -206.0000000000000284 ) ) ;
#316 = ORIENTED_EDGE ( 'NONE', *, *, #1647, .F. ) ;
#317 = EDGE_CURVE ( 'NONE', #1022, #2267, #2725, .T. ) ;
#318 = EDGE_LOOP ( 'NONE', ( #2329, #221, #2146, #1726 ) ) ;
#319 = EDGE_LOOP ( 'NONE', ( #2160, #1785, #1573, #2589 ) ) ;
#320 = DIRECTION ( 'NONE',  ( -0.000000000000000000, -1.000000000000000000, -0.000000000000000000 ) ) ;
#321 = CARTESIAN_POINT ( 'NONE',  ( 0.000000000000000000, 46.00000000000000000, 0.000000000000000000 ) ) ;
#322 = VECTOR ( 'NONE', #2026, 1000.000000000000000 ) ;
#323 = DIRECTION ( 'NONE',  ( -0.000000000000000000, -1.000000000000000000, -0.000000000000000000 ) ) ;
#324 = DIRECTION ( 'NONE',  ( -0.000000000000000000, -1.000000000000000000, -0.000000000000000000 ) ) ;
#325 = AXIS2_PLACEMENT_3D ( 'NONE', #1763, #701, #951 ) ;
#326 = EDGE_LOOP ( 'NONE', ( #2401, #2721, #477, #530, #2109, #166, #1341, #1143, #344, #77, #1201, #630, #1966, #1897, #694, #485, #1589, #986, #2132, #2434, #2028, #818, #339, #398, #234, #2001 ) ) ;
#327 = CARTESIAN_POINT ( 'NONE',  ( -31.11193304909772550, 46.00000000000000000, -316.5622982889425430 ) ) ;
#328 = DIRECTION ( 'NONE',  ( 0.000000000000000000, 1.000000000000000000, 0.000000000000000000 ) ) ;
#329 = ORIENTED_EDGE ( 'NONE', *, *, #2144, .F. ) ;
#330 = EDGE_CURVE ( 'NONE', #2745, #378, #1992, .T. ) ;
#331 = ORIENTED_EDGE ( 'NONE', *, *, #1621, .T. ) ;
#332 = LINE ( 'NONE', #276, #2625 ) ;
#333 = ORIENTED_EDGE ( 'NONE', *, *, #1325, .F. ) ;
#334 = AXIS2_PLACEMENT_3D ( 'NONE', #2105, #1892, #201 ) ;
#335 = CARTESIAN_POINT ( 'NONE',  ( 12.24586983568287479, 36.00000000000000000, -29.56414504036117563 ) ) ;
#336 = EDGE_CURVE ( 'NONE', #126, #782, #300, .T. ) ;
#337 = DIRECTION ( 'NONE',  ( 0.000000000000000000, 0.000000000000000000, 1.000000000000000000 ) ) ;
#338 = LINE ( 'NONE', #1192, #598 ) ;
#339 = ORIENTED_EDGE ( 'NONE', *, *, #426, .F. ) ;
#340 = CIRCLE ( 'NONE', #1974, 2.749999999999999112 ) ;
#341 = CARTESIAN_POINT ( 'NONE',  ( -22.00000000000000000, 31.00000000000000000, -35.59768778401239331 ) ) ;
#342 = VERTEX_POINT ( 'NONE', #2387 ) ;
#343 = CARTESIAN_POINT ( 'NONE',  ( 48.00000000000000000, 46.00000000000000000, -214.0000000000000284 ) ) ;
#344 = ORIENTED_EDGE ( 'NONE', *, *, #687, .F. ) ;
#345 = ORIENTED_EDGE ( 'NONE', *, *, #2740, .T. ) ;
#346 = DIRECTION ( 'NONE',  ( -0.000000000000000000, -1.000000000000000000, -0.000000000000000000 ) ) ;
#347 = ADVANCED_FACE ( 'NONE', ( #314 ), #2175, .F. ) ;
#348 = ORIENTED_EDGE ( 'NONE', *, *, #755, .T. ) ;
#349 = DIRECTION ( 'NONE',  ( 0.000000000000000000, 1.000000000000000000, 0.000000000000000000 ) ) ;
#350 = ADVANCED_FACE ( 'NONE', ( #692 ), #924, .F. ) ;
#351 = DIRECTION ( 'NONE',  ( -0.000000000000000000, -1.000000000000000000, -0.000000000000000000 ) ) ;
#352 = DIRECTION ( 'NONE',  ( 0.000000000000000000, 0.000000000000000000, 1.000000000000000000 ) ) ;
#353 = ORIENTED_EDGE ( 'NONE', *, *, #2307, .T. ) ;
#354 = DIRECTION ( 'NONE',  ( 0.9853505058554479223, 0.000000000000000000, -0.1705414337057505891 ) ) ;
#355 = CARTESIAN_POINT ( 'NONE',  ( 12.24586983568287479, 46.00000000000000000, -29.56414504036117563 ) ) ;
#356 = EDGE_LOOP ( 'NONE', ( #610, #1198 ) ) ;
#357 = ORIENTED_EDGE ( 'NONE', *, *, #1378, .T. ) ;
#358 = CARTESIAN_POINT ( 'NONE',  ( -12.24586983568287124, 36.00000000000000000, -26.81414504036117563 ) ) ;
#359 = ORIENTED_EDGE ( 'NONE', *, *, #557, .F. ) ;
#360 = CARTESIAN_POINT ( 'NONE',  ( -12.24586983568287124, 36.00000000000000000, -29.56414504036117563 ) ) ;
#361 = AXIS2_PLACEMENT_3D ( 'NONE', #2169, #1519, #1703 ) ;
#362 = AXIS2_PLACEMENT_3D ( 'NONE', #202, #639, #2120 ) ;
#363 = ADVANCED_FACE ( 'NONE', ( #1104 ), #732, .F. ) ;
#364 = CARTESIAN_POINT ( 'NONE',  ( -29.56414504036117918, 36.00000000000000000, 14.99586983568286946 ) ) ;
#365 = CARTESIAN_POINT ( 'NONE',  ( 0.000000000000000000, 46.00000000000000000, -96.00000000000000000 ) ) ;
#366 = ORIENTED_EDGE ( 'NONE', *, *, #1807, .T. ) ;
#367 = AXIS2_PLACEMENT_3D ( 'NONE', #1416, #1656, #2510 ) ;
#368 = DIRECTION ( 'NONE',  ( 0.000000000000000000, 0.000000000000000000, -1.000000000000000000 ) ) ;
#369 = CIRCLE ( 'NONE', #1963, 6.000000000000000000 ) ;
#370 = FACE_OUTER_BOUND ( 'NONE', #2314, .T. ) ;
#371 = EDGE_CURVE ( 'NONE', #679, #46, #82, .T. ) ;
#372 = CYLINDRICAL_SURFACE ( 'NONE', #469, 6.000000000000000000 ) ;
#373 = CARTESIAN_POINT ( 'NONE',  ( -44.00000000000000000, 46.00000000000000000, 0.000000000000000000 ) ) ;
#374 = ORIENTED_EDGE ( 'NONE', *, *, #1991, .T. ) ;
#375 = CARTESIAN_POINT ( 'NONE',  ( -46.19397662556434625, 46.00000000000000000, -248.1158283817455299 ) ) ;
#376 = CARTESIAN_POINT ( 'NONE',  ( 29.56414504036117563, 46.00000000000000000, -12.24586983568287302 ) ) ;
#377 = CARTESIAN_POINT ( 'NONE',  ( 30.00000000000000000, 0.000000000000000000, 0.000000000000000000 ) ) ;
#378 = VERTEX_POINT ( 'NONE', #713 ) ;
#379 = CIRCLE ( 'NONE', #566, 2.750000000000002665 ) ;
#380 = ORIENTED_EDGE ( 'NONE', *, *, #2652, .T. ) ;
#381 = ADVANCED_FACE ( 'NONE', ( #2224 ), #1553, .F. ) ;
#382 = CARTESIAN_POINT ( 'NONE',  ( 0.000000000000000000, 38.19999999999999574, 0.000000000000000000 ) ) ;
#383 = CARTESIAN_POINT ( 'NONE',  ( 29.56414504036117918, 46.00000000000000000, 9.495869835682864135 ) ) ;
#384 = AXIS2_PLACEMENT_3D ( 'NONE', #1682, #1673, #2535 ) ;
#385 = DIRECTION ( 'NONE',  ( 0.000000000000000000, 1.000000000000000000, 0.000000000000000000 ) ) ;
#386 = CARTESIAN_POINT ( 'NONE',  ( -12.24586983568286414, 36.00000000000000000, 32.31414504036118274 ) ) ;
#387 = EDGE_CURVE ( 'NONE', #939, #174, #702, .T. ) ;
#388 = ORIENTED_EDGE ( 'NONE', *, *, #336, .T. ) ;
#389 = CARTESIAN_POINT ( 'NONE',  ( -46.19397662556434625, 36.00000000000000000, -253.6158283817455583 ) ) ;
#390 = FACE_BOUND ( 'NONE', #847, .T. ) ;
#391 = ORIENTED_EDGE ( 'NONE', *, *, #2441, .T. ) ;
#392 = LINE ( 'NONE', #223, #1572 ) ;
#393 = ADVANCED_FACE ( 'NONE', ( #1539 ), #748, .F. ) ;
#394 = CARTESIAN_POINT ( 'NONE',  ( 29.56414504036117563, 46.00000000000000000, -9.495869835682874793 ) ) ;
#395 = DIRECTION ( 'NONE',  ( 0.000000000000000000, 0.000000000000000000, 1.000000000000000000 ) ) ;
#396 = EDGE_CURVE ( 'NONE', #2115, #1984, #510, .T. ) ;
#397 = LINE ( 'NONE', #1446, #1690 ) ;
#398 = ORIENTED_EDGE ( 'NONE', *, *, #1296, .T. ) ;
#399 = CARTESIAN_POINT ( 'NONE',  ( 31.11193304909772550, 46.00000000000000000, -316.5622982889425430 ) ) ;
#400 = DIRECTION ( 'NONE',  ( 0.000000000000000000, 0.000000000000000000, -1.000000000000000000 ) ) ;
#401 = ORIENTED_EDGE ( 'NONE', *, *, #106, .F. ) ;
#402 = AXIS2_PLACEMENT_3D ( 'NONE', #1816, #1591, #2447 ) ;
#403 = CARTESIAN_POINT ( 'NONE',  ( 22.00000000000000000, 36.00000000000000000, -206.0000000000000284 ) ) ;
#404 = CARTESIAN_POINT ( 'NONE',  ( 0.000000000000000000, 38.19999999999999574, -6.000000000000000000 ) ) ;
#405 = VECTOR ( 'NONE', #2533, 1000.000000000000114 ) ;
#406 = CARTESIAN_POINT ( 'NONE',  ( -46.19397662556433914, 46.00000000000000000, -286.3841716182544701 ) ) ;
#407 = DIRECTION ( 'NONE',  ( -0.000000000000000000, -1.000000000000000000, -0.000000000000000000 ) ) ;
#408 = AXIS2_PLACEMENT_3D ( 'NONE', #1265, #425, #2123 ) ;
#409 = MANIFOLD_SOLID_BREP ( 'Back_Flange', #2383 ) ;
#410 = ADVANCED_FACE ( 'NONE', ( #1350 ), #2212, .F. ) ;
#411 = EDGE_LOOP ( 'NONE', ( #937, #2290, #2608, #2615 ) ) ;
#412 = VECTOR ( 'NONE', #1870, 1000.000000000000000 ) ;
#413 = LINE ( 'NONE', #1475, #1 ) ;
#414 = LINE ( 'NONE', #1268, #948 ) ;
#415 = ORIENTED_EDGE ( 'NONE', *, *, #1064, .T. ) ;
#416 = ORIENTED_EDGE ( 'NONE', *, *, #262, .F. ) ;
#417 = FACE_OUTER_BOUND ( 'NONE', #2546, .T. ) ;
#418 = CARTESIAN_POINT ( 'NONE',  ( -19.13417161825447721, 36.00000000000000000, -226.5560233744356822 ) ) ;
#419 = CIRCLE ( 'NONE', #2296, 2.749999999999999112 ) ;
#420 = LINE ( 'NONE', #1273, #1796 ) ;
#421 = LINE ( 'NONE', #1472, #1213 ) ;
#422 = VERTEX_POINT ( 'NONE', #2275 ) ;
#423 = CARTESIAN_POINT ( 'NONE',  ( -22.00000000000000000, 36.00000000000000000, -35.59768778401239331 ) ) ;
#424 = EDGE_CURVE ( 'NONE', #2006, #952, #112, .T. ) ;
#425 = DIRECTION ( 'NONE',  ( 0.000000000000000000, 1.000000000000000000, 0.000000000000000000 ) ) ;
#426 = EDGE_CURVE ( 'NONE', #1108, #595, #2040, .T. ) ;
#427 = CARTESIAN_POINT ( 'NONE',  ( 0.000000000000000000, 36.00000000000000000, 0.000000000000000000 ) ) ;
#428 = ORIENTED_EDGE ( 'NONE', *, *, #2734, .T. ) ;
#429 = ORIENTED_EDGE ( 'NONE', *, *, #1968, .T. ) ;
#430 = DIRECTION ( 'NONE',  ( 0.000000000000000000, 0.000000000000000000, 1.000000000000000000 ) ) ;
#431 = LINE ( 'NONE', #1076, #2501 ) ;
#432 = ORIENTED_EDGE ( 'NONE', *, *, #1222, .T. ) ;
#433 = DIRECTION ( 'NONE',  ( 0.000000000000000000, 0.000000000000000000, 1.000000000000000000 ) ) ;
#434 = DIRECTION ( 'NONE',  ( 0.000000000000000000, 1.000000000000000000, 0.000000000000000000 ) ) ;
#435 = ORIENTED_EDGE ( 'NONE', *, *, #969, .F. ) ;
#436 = FACE_OUTER_BOUND ( 'NONE', #1542, .T. ) ;
#437 = DIRECTION ( 'NONE',  ( 0.000000000000000000, 0.000000000000000000, 1.000000000000000000 ) ) ;
#438 = DIRECTION ( 'NONE',  ( -0.000000000000000000, -1.000000000000000000, -0.000000000000000000 ) ) ;
#439 = EDGE_LOOP ( 'NONE', ( #539, #726 ) ) ;
#440 = ADVANCED_FACE ( 'NONE', ( #113 ), #800, .F. ) ;
#441 = CARTESIAN_POINT ( 'NONE',  ( 46.19397662556434625, 46.00000000000000000, -250.8658283817455299 ) ) ;
#442 = CARTESIAN_POINT ( 'NONE',  ( 32.00000000000000000, 46.00000000000000000, 40.00000000000000000 ) ) ;
#443 = ORIENTED_EDGE ( 'NONE', *, *, #2724, .F. ) ;
#444 = VECTOR ( 'NONE', #1819, 1000.000000000000000 ) ;
#445 = CARTESIAN_POINT ( 'NONE',  ( 19.13417161825450208, 46.00000000000000000, -223.8060233744356822 ) ) ;
#446 = ORIENTED_EDGE ( 'NONE', *, *, #2487, .T. ) ;
#447 = AXIS2_PLACEMENT_3D ( 'NONE', #2676, #1226, #781 ) ;
#448 = DIRECTION ( 'NONE',  ( -1.000000000000000000, 0.000000000000000000, -0.000000000000000000 ) ) ;
#449 = EDGE_LOOP ( 'NONE', ( #1744, #1280 ) ) ;
#450 = VECTOR ( 'NONE', #1140, 1000.000000000000000 ) ;
#451 = VERTEX_POINT ( 'NONE', #1860 ) ;
#452 = DIRECTION ( 'NONE',  ( 0.000000000000000000, 1.000000000000000000, 0.000000000000000000 ) ) ;
#453 = ORIENTED_EDGE ( 'NONE', *, *, #2366, .F. ) ;
#454 = VECTOR ( 'NONE', #855, 1000.000000000000000 ) ;
#455 = AXIS2_PLACEMENT_3D ( 'NONE', #1383, #2258, #1626 ) ;
#456 = DIRECTION ( 'NONE',  ( 0.000000000000000000, 1.000000000000000000, 0.000000000000000000 ) ) ;
#457 = APPROVAL_PERSON_ORGANIZATION ( #16, #1495, #251 ) ;
#458 = ORIENTED_EDGE ( 'NONE', *, *, #1681, .T. ) ;
#459 = LINE ( 'NONE', #2367, #200 ) ;
#460 = CYLINDRICAL_SURFACE ( 'NONE', #1297, 25.15000000000000213 ) ;
#461 = EDGE_CURVE ( 'NONE', #1790, #2216, #159, .T. ) ;
#462 = LINE ( 'NONE', #2089, #1312 ) ;
#463 = AXIS2_PLACEMENT_3D ( 'NONE', #2442, #2193, #2416 ) ;
#464 = EDGE_LOOP ( 'NONE', ( #1769, #292 ) ) ;
#465 = CARTESIAN_POINT ( 'NONE',  ( 0.000000000000000000, 46.00000000000000000, -205.0000000000000284 ) ) ;
#466 = EDGE_CURVE ( 'NONE', #2261, #1535, #1086, .T. ) ;
#467 = ORIENTED_EDGE ( 'NONE', *, *, #687, .T. ) ;
#468 = CARTESIAN_POINT ( 'NONE',  ( -22.00000000000000000, 36.00000000000000000, -35.59768778401239331 ) ) ;
#469 = AXIS2_PLACEMENT_3D ( 'NONE', #2265, #2662, #1225 ) ;
#470 = CALENDAR_DATE ( 2026, 24, 9 ) ;
#471 = ADVANCED_FACE ( 'NONE', ( #815 ), #1401, .F. ) ;
#472 = AXIS2_PLACEMENT_3D ( 'NONE', #2025, #2063, #155 ) ;
#473 = CARTESIAN_POINT ( 'NONE',  ( 44.00000000000000000, 46.00000000000000000, 0.000000000000000000 ) ) ;
#474 = CARTESIAN_POINT ( 'NONE',  ( -22.00000000000000000, 31.00000000000000000, -59.09991680526687929 ) ) ;
#475 = CARTESIAN_POINT ( 'NONE',  ( 12.24586983568287479, 36.00000000000000000, -32.31414504036117563 ) ) ;
#476 = ORIENTED_EDGE ( 'NONE', *, *, #2152, .F. ) ;
#477 = ORIENTED_EDGE ( 'NONE', *, *, #2748, .F. ) ;
#478 = ORIENTED_EDGE ( 'NONE', *, *, #84, .F. ) ;
#479 = CARTESIAN_POINT ( 'NONE',  ( -29.56414504036117563, 46.00000000000000000, -14.99586983568287479 ) ) ;
#480 = EDGE_LOOP ( 'NONE', ( #617, #1525 ) ) ;
#481 = CARTESIAN_POINT ( 'NONE',  ( 31.11193304909772550, 36.00000000000000000, -316.5622982889425430 ) ) ;
#482 = PRODUCT_DEFINITION_SHAPE ( 'NONE', 'NONE',  #1875 ) ;
#483 = EDGE_LOOP ( 'NONE', ( #2741, #2593, #1440, #2477 ) ) ;
#484 = EDGE_CURVE ( 'NONE', #1146, #1995, #2030, .T. ) ;
#485 = ORIENTED_EDGE ( 'NONE', *, *, #2479, .T. ) ;
#486 = CARTESIAN_POINT ( 'NONE',  ( 30.00000000000000000, 36.00000000000000000, -206.0000000000000284 ) ) ;
#487 = CALENDAR_DATE ( 2026, 24, 9 ) ;
#488 = CC_DESIGN_PERSON_AND_ORGANIZATION_ASSIGNMENT ( #2596, #1502, ( #1565 ) ) ;
#489 = CARTESIAN_POINT ( 'NONE',  ( 0.000000000000000000, 46.00000000000000000, -85.00000000000000000 ) ) ;
#490 = EDGE_CURVE ( 'NONE', #1724, #2454, #1206, .T. ) ;
#491 = DIRECTION ( 'NONE',  ( 0.000000000000000000, 0.000000000000000000, -1.000000000000000000 ) ) ;
#492 = CARTESIAN_POINT ( 'NONE',  ( 22.00000000000000000, 15.99999999999999645, -61.09991680526687929 ) ) ;
#493 = CARTESIAN_POINT ( 'NONE',  ( -46.19397662556434625, 46.00000000000000000, -250.8658283817455299 ) ) ;
#494 = ORIENTED_EDGE ( 'NONE', *, *, #1165, .T. ) ;
#495 = CARTESIAN_POINT ( 'NONE',  ( -46.19397662556433914, 36.00000000000000000, -289.1341716182545269 ) ) ;
#496 = AXIS2_PLACEMENT_3D ( 'NONE', #2071, #2680, #1793 ) ;
#497 = ORIENTED_EDGE ( 'NONE', *, *, #2223, .F. ) ;
#498 = EDGE_LOOP ( 'NONE', ( #1675, #1770, #2069, #2215 ) ) ;
#499 = CARTESIAN_POINT ( 'NONE',  ( -48.00000000000000000, 46.00000000000000000, -214.0000000000000284 ) ) ;
#500 = COORDINATED_UNIVERSAL_TIME_OFFSET ( 5, 30, .AHEAD. ) ;
#501 = CIRCLE ( 'NONE', #596, 2.750000000000002665 ) ;
#502 = EDGE_CURVE ( 'NONE', #851, #1485, #971, .T. ) ;
#503 = AXIS2_PLACEMENT_3D ( 'NONE', #1858, #1021, #2507 ) ;
#504 = ORIENTED_EDGE ( 'NONE', *, *, #424, .T. ) ;
#505 = FACE_BOUND ( 'NONE', #2683, .T. ) ;
#506 = VECTOR ( 'NONE', #2303, 1000.000000000000000 ) ;
#507 = DIRECTION ( 'NONE',  ( -0.000000000000000000, -1.000000000000000000, -0.000000000000000000 ) ) ;
#508 = LINE ( 'NONE', #2173, #1037 ) ;
#509 = EDGE_CURVE ( 'NONE', #2685, #174, #538, .T. ) ;
#510 = LINE ( 'NONE', #936, #966 ) ;
#511 = ORIENTED_EDGE ( 'NONE', *, *, #297, .F. ) ;
#512 = CARTESIAN_POINT ( 'NONE',  ( 46.19397662556434625, 46.00000000000000000, -250.8658283817455299 ) ) ;
#513 = ORIENTED_EDGE ( 'NONE', *, *, #2560, .T. ) ;
#514 = EDGE_LOOP ( 'NONE', ( #428, #1430, #1029, #432 ) ) ;
#515 = ORIENTED_EDGE ( 'NONE', *, *, #207, .F. ) ;
#516 = CARTESIAN_POINT ( 'NONE',  ( -22.00000000000000000, 36.00000000000000000, -206.0000000000000284 ) ) ;
#517 = DATE_AND_TIME ( #1773, #2328 ) ;
#518 = VECTOR ( 'NONE', #2128, 1000.000000000000000 ) ;
#519 = CIRCLE ( 'NONE', #1307, 2.749999999999974687 ) ;
#520 = EDGE_CURVE ( 'NONE', #1464, #1909, #340, .T. ) ;
#521 = CARTESIAN_POINT ( 'NONE',  ( 0.000000000000000000, 46.00000000000000000, 0.000000000000000000 ) ) ;
#522 = AXIS2_PLACEMENT_3D ( 'NONE', #1390, #168, #1615 ) ;
#523 = ADVANCED_FACE ( 'NONE', ( #983 ), #597, .F. ) ;
#524 = CARTESIAN_POINT ( 'NONE',  ( -19.13417161825447721, 46.00000000000000000, -223.8060233744356822 ) ) ;
#525 = DIRECTION ( 'NONE',  ( 0.000000000000000000, 1.000000000000000000, 0.000000000000000000 ) ) ;
#526 = ORIENTED_EDGE ( 'NONE', *, *, #742, .T. ) ;
#527 = EDGE_CURVE ( 'NONE', #2417, #1854, #693, .T. ) ;
#528 = DIRECTION ( 'NONE',  ( -0.000000000000000000, -1.000000000000000000, -0.000000000000000000 ) ) ;
#529 = CARTESIAN_POINT ( 'NONE',  ( 46.19397662556434625, 46.00000000000000000, -250.8658283817455299 ) ) ;
#530 = ORIENTED_EDGE ( 'NONE', *, *, #845, .F. ) ;
#531 = ORIENTED_EDGE ( 'NONE', *, *, #2607, .T. ) ;
#532 = ORIENTED_EDGE ( 'NONE', *, *, #1409, .F. ) ;
#533 = CARTESIAN_POINT ( 'NONE',  ( 30.00000000000000000, 31.00000000000000000, -35.59768778401239331 ) ) ;
#534 = DIRECTION ( 'NONE',  ( 0.000000000000000000, 1.000000000000000000, 0.000000000000000000 ) ) ;
#535 = DIRECTION ( 'NONE',  ( 0.000000000000000000, 1.000000000000000000, 0.000000000000000000 ) ) ;
#536 = CARTESIAN_POINT ( 'NONE',  ( -44.00000000000000000, 46.00000000000000000, 0.000000000000000000 ) ) ;
#537 = EDGE_CURVE ( 'NONE', #2699, #903, #2670, .T. ) ;
#538 = LINE ( 'NONE', #341, #1190 ) ;
#539 = ORIENTED_EDGE ( 'NONE', *, *, #1131, .F. ) ;
#540 = DIRECTION ( 'NONE',  ( 0.9919979117236189525, -0.000000000000000000, 0.1262542796739151152 ) ) ;
#541 = ORIENTED_EDGE ( 'NONE', *, *, #1027, .F. ) ;
#542 = ORIENTED_EDGE ( 'NONE', *, *, #2453, .T. ) ;
#543 = VECTOR ( 'NONE', #2451, 1000.000000000000000 ) ;
#544 = CARTESIAN_POINT ( 'NONE',  ( 0.000000000000000000, 46.00000000000000000, -195.0000000000000000 ) ) ;
#545 = VECTOR ( 'NONE', #616, 1000.000000000000114 ) ;
#546 = EDGE_LOOP ( 'NONE', ( #2227, #1491, #2371, #1949 ) ) ;
#547 = VECTOR ( 'NONE', #2294, 1000.000000000000000 ) ;
#548 = LINE ( 'NONE', #2245, #996 ) ;
#549 = VECTOR ( 'NONE', #2005, 1000.000000000000000 ) ;
#550 = DIRECTION ( 'NONE',  ( -0.000000000000000000, -1.000000000000000000, -0.000000000000000000 ) ) ;
#551 = DIRECTION ( 'NONE',  ( -0.000000000000000000, -1.000000000000000000, -0.000000000000000000 ) ) ;
#552 = AXIS2_PLACEMENT_3D ( 'NONE', #2124, #2313, #1085 ) ;
#553 = ORIENTED_EDGE ( 'NONE', *, *, #1487, .F. ) ;
#554 = VECTOR ( 'NONE', #933, 1000.000000000000000 ) ;
#555 = DIRECTION ( 'NONE',  ( 0.000000000000000000, -0.000000000000000000, 1.000000000000000000 ) ) ;
#556 = ORIENTED_EDGE ( 'NONE', *, *, #1621, .F. ) ;
#557 = EDGE_CURVE ( 'NONE', #1469, #2457, #571, .T. ) ;
#558 = DIRECTION ( 'NONE',  ( -0.000000000000000000, -1.000000000000000000, -0.000000000000000000 ) ) ;
#559 = EDGE_LOOP ( 'NONE', ( #239, #2579, #329, #313 ) ) ;
#560 = VECTOR ( 'NONE', #1895, 1000.000000000000000 ) ;
#561 = CARTESIAN_POINT ( 'NONE',  ( -29.56414504036117918, 36.00000000000000000, 9.495869835682871241 ) ) ;
#562 = EDGE_CURVE ( 'NONE', #1993, #805, #1044, .T. ) ;
#563 = DIRECTION ( 'NONE',  ( 0.000000000000000000, -0.000000000000000000, 1.000000000000000000 ) ) ;
#564 = VERTEX_POINT ( 'NONE', #1234 ) ;
#565 = ADVANCED_FACE ( 'NONE', ( #1836 ), #2684, .F. ) ;
#566 = AXIS2_PLACEMENT_3D ( 'NONE', #441, #198, #240 ) ;
#567 = CARTESIAN_POINT ( 'NONE',  ( -46.19397662556433914, 46.00000000000000000, -289.1341716182545269 ) ) ;
#568 = CARTESIAN_POINT ( 'NONE',  ( 7.347880794884119736E-16, 46.00000000000000000, 6.000000000000000000 ) ) ;
#569 = DIRECTION ( 'NONE',  ( -0.3826834323650895042, 0.000000000000000000, 0.9238795325112868495 ) ) ;
#570 = ORIENTED_EDGE ( 'NONE', *, *, #1406, .T. ) ;
#571 = LINE ( 'NONE', #2293, #2682 ) ;
#572 = VERTEX_POINT ( 'NONE', #2483 ) ;
#573 = CYLINDRICAL_SURFACE ( 'NONE', #43, 2.749999999999999112 ) ;
#574 = DIRECTION ( 'NONE',  ( -0.000000000000000000, -1.000000000000000000, -0.000000000000000000 ) ) ;
#575 = CARTESIAN_POINT ( 'NONE',  ( -54.92397570258090411, 46.00000000000000000, -280.9250580329031663 ) ) ;
#576 = EDGE_CURVE ( 'NONE', #451, #2699, #2735, .T. ) ;
#577 = ORIENTED_EDGE ( 'NONE', *, *, #1447, .T. ) ;
#578 = DIRECTION ( 'NONE',  ( 0.000000000000000000, 0.000000000000000000, 1.000000000000000000 ) ) ;
#579 = CC_DESIGN_PERSON_AND_ORGANIZATION_ASSIGNMENT ( #668, #1359, ( #1789 ) ) ;
#580 = CARTESIAN_POINT ( 'NONE',  ( 29.56414504036117563, 36.00000000000000000, -12.24586983568287302 ) ) ;
#581 = DIRECTION ( 'NONE',  ( -0.000000000000000000, -1.000000000000000000, -0.000000000000000000 ) ) ;
#582 = EDGE_CURVE ( 'NONE', #741, #1469, #1466, .T. ) ;
#583 = DIRECTION ( 'NONE',  ( 0.000000000000000000, 1.000000000000000000, 0.000000000000000000 ) ) ;
#584 = ORIENTED_EDGE ( 'NONE', *, *, #1236, .F. ) ;
#585 = CARTESIAN_POINT ( 'NONE',  ( 29.56414504036117918, 46.00000000000000000, 9.495869835682864135 ) ) ;
#586 = PLANE ( 'NONE',  #1707 ) ;
#587 = CYLINDRICAL_SURFACE ( 'NONE', #180, 11.00000000000001066 ) ;
#588 = ORIENTED_EDGE ( 'NONE', *, *, #755, .F. ) ;
#589 = EDGE_CURVE ( 'NONE', #879, #9, #11, .T. ) ;
#590 = DIRECTION ( 'NONE',  ( -0.1029093542216269197, 0.000000000000000000, 0.9946907382768211958 ) ) ;
#591 = AXIS2_PLACEMENT_3D ( 'NONE', #892, #1537, #1762 ) ;
#592 = CIRCLE ( 'NONE', #1031, 2.749999999999974687 ) ;
#593 = DIRECTION ( 'NONE',  ( 0.000000000000000000, 1.000000000000000000, 0.000000000000000000 ) ) ;
#594 = CARTESIAN_POINT ( 'NONE',  ( 0.000000000000000000, 46.00000000000000000, 0.000000000000000000 ) ) ;
#595 = VERTEX_POINT ( 'NONE', #1061 ) ;
#596 = AXIS2_PLACEMENT_3D ( 'NONE', #1893, #434, #229 ) ;
#597 = CYLINDRICAL_SURFACE ( 'NONE', #961, 2.749999999999974687 ) ;
#598 = VECTOR ( 'NONE', #581, 1000.000000000000000 ) ;
#599 = DIRECTION ( 'NONE',  ( 0.000000000000000000, 0.000000000000000000, -1.000000000000000000 ) ) ;
#600 = EDGE_CURVE ( 'NONE', #952, #2006, #2470, .T. ) ;
#601 = AXIS2_PLACEMENT_3D ( 'NONE', #2664, #770, #2692 ) ;
#602 = CARTESIAN_POINT ( 'NONE',  ( 30.00000000000000000, 46.00000000000000000, -110.0000000000000000 ) ) ;
#603 = DIRECTION ( 'NONE',  ( -0.000000000000000000, -1.000000000000000000, -0.000000000000000000 ) ) ;
#604 = ORIENTED_EDGE ( 'NONE', *, *, #2372, .T. ) ;
#605 = DIRECTION ( 'NONE',  ( 0.000000000000000000, 1.000000000000000000, 0.000000000000000000 ) ) ;
#606 = ADVANCED_FACE ( 'NONE', ( #1075 ), #2522, .F. ) ;
#607 = CARTESIAN_POINT ( 'NONE',  ( -19.13417161825448787, 36.00000000000000000, -318.9439766255643463 ) ) ;
#608 = CARTESIAN_POINT ( 'NONE',  ( 0.000000000000000000, 46.00000000000000000, -151.0000000000000284 ) ) ;
#609 = CIRCLE ( 'NONE', #1704, 2.750000000000002665 ) ;
#610 = ORIENTED_EDGE ( 'NONE', *, *, #2537, .F. ) ;
#611 = EDGE_CURVE ( 'NONE', #57, #758, #1877, .T. ) ;
#612 = CARTESIAN_POINT ( 'NONE',  ( -10.92505803290318056, 46.00000000000000000, -324.9239757025808899 ) ) ;
#613 = CARTESIAN_POINT ( 'NONE',  ( -12.24586983568286414, 46.00000000000000000, 29.56414504036117918 ) ) ;
#614 = CIRCLE ( 'NONE', #108, 11.00000000000001066 ) ;
#615 = CARTESIAN_POINT ( 'NONE',  ( 12.24586983568288012, 46.00000000000000000, 26.81414504036117208 ) ) ;
#616 = DIRECTION ( 'NONE',  ( 0.2873478855663453291, 0.000000000000000000, 0.9578262852211513190 ) ) ;
#617 = ORIENTED_EDGE ( 'NONE', *, *, #461, .T. ) ;
#618 = CARTESIAN_POINT ( 'NONE',  ( 29.56414504036117563, 36.00000000000000000, -14.99586983568287124 ) ) ;
#619 = FACE_BOUND ( 'NONE', #2196, .T. ) ;
#620 = ORIENTED_EDGE ( 'NONE', *, *, #2223, .T. ) ;
#621 = CARTESIAN_POINT ( 'NONE',  ( -29.56414504036117918, 36.00000000000000000, 12.24586983568286946 ) ) ;
#622 = DIRECTION ( 'NONE',  ( 0.000000000000000000, 0.000000000000000000, 1.000000000000000000 ) ) ;
#623 = EDGE_CURVE ( 'NONE', #706, #1612, #609, .T. ) ;
#624 = LINE ( 'NONE', #1079, #245 ) ;
#625 = CARTESIAN_POINT ( 'NONE',  ( 29.56414504036117918, 36.00000000000000000, 14.99586983568286946 ) ) ;
#626 = ORIENTED_EDGE ( 'NONE', *, *, #582, .F. ) ;
#627 = DIRECTION ( 'NONE',  ( -0.3826834323650892822, 0.000000000000000000, 0.9238795325112870716 ) ) ;
#628 = AXIS2_PLACEMENT_3D ( 'NONE', #1327, #2580, #164 ) ;
#629 = FACE_BOUND ( 'NONE', #2591, .T. ) ;
#630 = ORIENTED_EDGE ( 'NONE', *, *, #2734, .F. ) ;
#631 = ORIENTED_EDGE ( 'NONE', *, *, #1851, .T. ) ;
#632 = AXIS2_PLACEMENT_3D ( 'NONE', #2609, #1545, #1999 ) ;
#633 = DIRECTION ( 'NONE',  ( -1.000000000000000000, -0.000000000000000000, -0.000000000000000000 ) ) ;
#634 = FACE_OUTER_BOUND ( 'NONE', #498, .T. ) ;
#635 = AXIS2_PLACEMENT_3D ( 'NONE', #70, #1994, #1353 ) ;
#636 = VECTOR ( 'NONE', #921, 1000.000000000000000 ) ;
#637 = EDGE_CURVE ( 'NONE', #2251, #342, #1679, .T. ) ;
#638 = CARTESIAN_POINT ( 'NONE',  ( -12.24586983568287124, 46.00000000000000000, -29.56414504036117563 ) ) ;
#639 = DIRECTION ( 'NONE',  ( 0.000000000000000000, 0.000000000000000000, -1.000000000000000000 ) ) ;
#640 = AXIS2_PLACEMENT_3D ( 'NONE', #521, #890, #309 ) ;
#641 = EDGE_CURVE ( 'NONE', #1909, #1419, #854, .T. ) ;
#642 = ORIENTED_EDGE ( 'NONE', *, *, #2689, .F. ) ;
#643 = FACE_OUTER_BOUND ( 'NONE', #1214, .T. ) ;
#644 = FACE_BOUND ( 'NONE', #480, .T. ) ;
#645 = ORIENTED_EDGE ( 'NONE', *, *, #779, .F. ) ;
#646 = ORIENTED_EDGE ( 'NONE', *, *, #1617, .F. ) ;
#647 = CARTESIAN_POINT ( 'NONE',  ( -19.13417161825447721, 46.00000000000000000, -223.8060233744356822 ) ) ;
#648 = FACE_BOUND ( 'NONE', #449, .T. ) ;
#649 = VECTOR ( 'NONE', #1523, 1000.000000000000000 ) ;
#650 = CARTESIAN_POINT ( 'NONE',  ( -19.13417161825447721, 46.00000000000000000, -226.5560233744356822 ) ) ;
#651 = PLANE ( 'NONE',  #720 ) ;
#652 = VECTOR ( 'NONE', #185, 1000.000000000000000 ) ;
#653 = VERTEX_POINT ( 'NONE', #2315 ) ;
#654 = LINE ( 'NONE', #423, #1071 ) ;
#655 = LINE ( 'NONE', #1459, #1787 ) ;
#656 = EDGE_CURVE ( 'NONE', #718, #1663, #379, .T. ) ;
#657 = FACE_OUTER_BOUND ( 'NONE', #326, .T. ) ;
#658 = VERTEX_POINT ( 'NONE', #403 ) ;
#659 = DIRECTION ( 'NONE',  ( 0.000000000000000000, 0.000000000000000000, 1.000000000000000000 ) ) ;
#660 = DIRECTION ( 'NONE',  ( 0.000000000000000000, 0.000000000000000000, -1.000000000000000000 ) ) ;
#661 = ORIENTED_EDGE ( 'NONE', *, *, #7, .F. ) ;
#662 = DIRECTION ( 'NONE',  ( -0.7071067811865469066, 0.000000000000000000, -0.7071067811865482389 ) ) ;
#663 = ORIENTED_EDGE ( 'NONE', *, *, #2490, .F. ) ;
#664 = LINE ( 'NONE', #695, #322 ) ;
#665 = VERTEX_POINT ( 'NONE', #2548 ) ;
#666 = CARTESIAN_POINT ( 'NONE',  ( -19.13417161825447721, 46.00000000000000000, -221.0560233744356537 ) ) ;
#667 = ORIENTED_EDGE ( 'NONE', *, *, #2110, .T. ) ;
#668 = PERSON_AND_ORGANIZATION ( #243, #1654 ) ;
#669 = EDGE_CURVE ( 'NONE', #1713, #658, #866, .T. ) ;
#670 = CARTESIAN_POINT ( 'NONE',  ( 0.000000000000000000, 36.00000000000000000, -195.0000000000000000 ) ) ;
#671 = ORIENTED_EDGE ( 'NONE', *, *, #84, .T. ) ;
#672 = AXIS2_PLACEMENT_3D ( 'NONE', #1809, #593, #122 ) ;
#673 = LINE ( 'NONE', #1507, #2337 ) ;
#674 = DIRECTION ( 'NONE',  ( -1.000000000000000000, -0.000000000000000000, -0.000000000000000000 ) ) ;
#675 = ORIENTED_EDGE ( 'NONE', *, *, #1291, .F. ) ;
#676 = CYLINDRICAL_SURFACE ( 'NONE', #1579, 2.749999999999999112 ) ;
#677 = ORIENTED_EDGE ( 'NONE', *, *, #45, .F. ) ;
#678 = DIRECTION ( 'NONE',  ( 0.000000000000000000, 0.000000000000000000, -1.000000000000000000 ) ) ;
#679 = VERTEX_POINT ( 'NONE', #1258 ) ;
#680 = CIRCLE ( 'NONE', #367, 2.750000000000030198 ) ;
#681 = ORIENTED_EDGE ( 'NONE', *, *, #424, .F. ) ;
#682 = LINE ( 'NONE', #904, #1032 ) ;
#683 = CIRCLE ( 'NONE', #2714, 2.749999999999999112 ) ;
#684 = AXIS2_PLACEMENT_3D ( 'NONE', #399, #627, #2543 ) ;
#685 = ORIENTED_EDGE ( 'NONE', *, *, #1310, .T. ) ;
#686 = LINE ( 'NONE', #727, #860 ) ;
#687 = EDGE_CURVE ( 'NONE', #1645, #1337, #1036, .T. ) ;
#688 = LINE ( 'NONE', #2172, #1138 ) ;
#689 = DIRECTION ( 'NONE',  ( -0.2873478855663453291, 0.000000000000000000, -0.9578262852211513190 ) ) ;
#690 = EDGE_LOOP ( 'NONE', ( #2755, #2617, #1193, #497 ) ) ;
#691 = EDGE_CURVE ( 'NONE', #2432, #2674, #419, .T. ) ;
#692 = FACE_OUTER_BOUND ( 'NONE', #291, .T. ) ;
#693 = CIRCLE ( 'NONE', #1267, 2.750000000000002665 ) ;
#694 = ORIENTED_EDGE ( 'NONE', *, *, #669, .T. ) ;
#695 = CARTESIAN_POINT ( 'NONE',  ( -10.92505803290318056, 46.00000000000000000, -324.9239757025808899 ) ) ;
#696 = ORIENTED_EDGE ( 'NONE', *, *, #222, .F. ) ;
#697 = ORIENTED_EDGE ( 'NONE', *, *, #226, .T. ) ;
#698 = LINE ( 'NONE', #1716, #766 ) ;
#699 = FACE_OUTER_BOUND ( 'NONE', #29, .T. ) ;
#700 = CARTESIAN_POINT ( 'NONE',  ( 54.92397570258090411, 36.00000000000000000, -280.9250580329031663 ) ) ;
#701 = DIRECTION ( 'NONE',  ( 0.000000000000000000, -1.000000000000000000, 0.000000000000000000 ) ) ;
#702 = LINE ( 'NONE', #2647, #2023 ) ;
#703 = ORIENTED_EDGE ( 'NONE', *, *, #297, .T. ) ;
#704 = EDGE_CURVE ( 'NONE', #1126, #1451, #1900, .T. ) ;
#705 = CARTESIAN_POINT ( 'NONE',  ( 44.00000000000000000, 46.00000000000000000, 0.000000000000000000 ) ) ;
#706 = VERTEX_POINT ( 'NONE', #1481 ) ;
#707 = DIRECTION ( 'NONE',  ( 0.000000000000000000, 1.000000000000000000, 0.000000000000000000 ) ) ;
#708 = PERSON_AND_ORGANIZATION ( #243, #1654 ) ;
#709 = EDGE_CURVE ( 'NONE', #2378, #1547, #392, .T. ) ;
#710 = FACE_BOUND ( 'NONE', #210, .T. ) ;
#711 = LINE ( 'NONE', #474, #649 ) ;
#712 = CARTESIAN_POINT ( 'NONE',  ( 12.24586983568287479, 46.00000000000000000, -26.81414504036117563 ) ) ;
#713 = CARTESIAN_POINT ( 'NONE',  ( 22.00000000000000000, 36.00000000000000000, -35.59768778401239331 ) ) ;
#714 = ORIENTED_EDGE ( 'NONE', *, *, #1361, .T. ) ;
#715 = DIRECTION ( 'NONE',  ( -0.9853505058554479223, 0.000000000000000000, -0.1705414337057505891 ) ) ;
#716 = ORIENTED_EDGE ( 'NONE', *, *, #2438, .T. ) ;
#717 = CIRCLE ( 'NONE', #177, 2.750000000000002665 ) ;
#718 = VERTEX_POINT ( 'NONE', #1243 ) ;
#719 = EDGE_CURVE ( 'NONE', #2165, #2115, #2107, .T. ) ;
#720 = AXIS2_PLACEMENT_3D ( 'NONE', #1274, #1484, #448 ) ;
#721 = ORIENTED_EDGE ( 'NONE', *, *, #30, .F. ) ;
#722 = DIRECTION ( 'NONE',  ( -0.000000000000000000, -0.000000000000000000, -1.000000000000000000 ) ) ;
#723 = APPLICATION_PROTOCOL_DEFINITION ( 'international standard', 'config_control_design', 1994, #1018 ) ;
#724 = VECTOR ( 'NONE', #1453, 1000.000000000000000 ) ;
#725 = ADVANCED_FACE ( 'NONE', ( #417 ), #2116, .T. ) ;
#726 = ORIENTED_EDGE ( 'NONE', *, *, #1218, .F. ) ;
#727 = CARTESIAN_POINT ( 'NONE',  ( 30.00000000000000000, 46.00000000000000000, -110.0000000000000000 ) ) ;
#728 = CIRCLE ( 'NONE', #408, 2.749999999999974687 ) ;
#729 = EDGE_CURVE ( 'NONE', #1995, #1146, #2204, .T. ) ;
#730 = CARTESIAN_POINT ( 'NONE',  ( -22.00000000000000000, 15.99999999999999645, -206.0000000000000284 ) ) ;
#731 = DIRECTION ( 'NONE',  ( 0.000000000000000000, 1.000000000000000000, 0.000000000000000000 ) ) ;
#732 = CYLINDRICAL_SURFACE ( 'NONE', #1522, 2.749999999999974687 ) ;
#733 = ORIENTED_EDGE ( 'NONE', *, *, #1810, .T. ) ;
#734 = DIRECTION ( 'NONE',  ( 0.7071067811865470176, 0.000000000000000000, -0.7071067811865480168 ) ) ;
#735 = VERTEX_POINT ( 'NONE', #2573 ) ;
#736 = EDGE_LOOP ( 'NONE', ( #2043, #1623, #982, #353 ) ) ;
#737 = AXIS2_PLACEMENT_3D ( 'NONE', #445, #1092, #433 ) ;
#738 = VERTEX_POINT ( 'NONE', #1947 ) ;
#739 = CARTESIAN_POINT ( 'NONE',  ( 32.00000000000000000, 46.00000000000000000, 40.00000000000000000 ) ) ;
#740 = AXIS2_PLACEMENT_3D ( 'NONE', #2330, #1271, #1917 ) ;
#741 = VERTEX_POINT ( 'NONE', #730 ) ;
#742 = EDGE_CURVE ( 'NONE', #167, #1577, #2597, .T. ) ;
#743 = FACE_OUTER_BOUND ( 'NONE', #514, .T. ) ;
#744 = CIRCLE ( 'NONE', #1933, 2.750000000000002665 ) ;
#745 = DIRECTION ( 'NONE',  ( 0.000000000000000000, 1.000000000000000000, 0.000000000000000000 ) ) ;
#746 = CYLINDRICAL_SURFACE ( 'NONE', #2013, 2.750000000000002665 ) ;
#747 = ORIENTED_EDGE ( 'NONE', *, *, #1818, .T. ) ;
#748 = CYLINDRICAL_SURFACE ( 'NONE', #1358, 2.750000000000030198 ) ;
#749 = PLANE ( 'NONE',  #635 ) ;
#750 = VERTEX_POINT ( 'NONE', #1318 ) ;
#751 = ORIENTED_EDGE ( 'NONE', *, *, #2716, .T. ) ;
#752 = DIRECTION ( 'NONE',  ( 0.000000000000000000, 0.000000000000000000, 1.000000000000000000 ) ) ;
#753 = EDGE_LOOP ( 'NONE', ( #2045, #316, #2015, #1661 ) ) ;
#754 = DIRECTION ( 'NONE',  ( 0.000000000000000000, 0.000000000000000000, 1.000000000000000000 ) ) ;
#755 = EDGE_CURVE ( 'NONE', #38, #27, #673, .T. ) ;
#756 = CARTESIAN_POINT ( 'NONE',  ( -22.00000000000000000, 31.00000000000000000, -35.59768778401239331 ) ) ;
#757 = LINE ( 'NONE', #2247, #2056 ) ;
#758 = VERTEX_POINT ( 'NONE', #2411 ) ;
#759 = ADVANCED_FACE ( 'NONE', ( #2004 ), #49, .F. ) ;
#760 = DIRECTION ( 'NONE',  ( -0.000000000000000000, -1.000000000000000000, -0.000000000000000000 ) ) ;
#761 = ORIENTED_EDGE ( 'NONE', *, *, #1444, .T. ) ;
#762 = LINE ( 'NONE', #985, #1603 ) ;
#763 = ORIENTED_EDGE ( 'NONE', *, *, #1856, .T. ) ;
#764 = EDGE_CURVE ( 'NONE', #1309, #2114, #283, .T. ) ;
#765 = DIRECTION ( 'NONE',  ( 0.000000000000000000, 0.000000000000000000, 1.000000000000000000 ) ) ;
#766 = VECTOR ( 'NONE', #1942, 1000.000000000000000 ) ;
#767 = DIRECTION ( 'NONE',  ( 0.000000000000000000, 1.000000000000000000, 0.000000000000000000 ) ) ;
#768 = CIRCLE ( 'NONE', #1460, 25.15000000000000213 ) ;
#769 = VECTOR ( 'NONE', #2497, 1000.000000000000000 ) ;
#770 = DIRECTION ( 'NONE',  ( -0.000000000000000000, -1.000000000000000000, -0.000000000000000000 ) ) ;
#771 = VECTOR ( 'NONE', #995, 1000.000000000000000 ) ;
#772 = CARTESIAN_POINT ( 'NONE',  ( 0.000000000000000000, 36.00000000000000000, -85.00000000000000000 ) ) ;
#773 = FACE_OUTER_BOUND ( 'NONE', #2194, .T. ) ;
#774 = AXIS2_PLACEMENT_3D ( 'NONE', #1277, #175, #2339 ) ;
#775 = EDGE_LOOP ( 'NONE', ( #1367, #1614 ) ) ;
#776 = ORIENTED_EDGE ( 'NONE', *, *, #1899, .F. ) ;
#777 = CARTESIAN_POINT ( 'NONE',  ( -19.13417161825447721, 46.00000000000000000, -223.8060233744356822 ) ) ;
#778 = DIRECTION ( 'NONE',  ( 0.000000000000000000, 1.000000000000000000, 0.000000000000000000 ) ) ;
#779 = EDGE_CURVE ( 'NONE', #706, #304, #459, .T. ) ;
#780 = DIRECTION ( 'NONE',  ( 0.000000000000000000, 0.000000000000000000, 1.000000000000000000 ) ) ;
#781 = DIRECTION ( 'NONE',  ( 0.000000000000000000, 0.000000000000000000, 1.000000000000000000 ) ) ;
#782 = VERTEX_POINT ( 'NONE', #1348 ) ;
#783 = CARTESIAN_POINT ( 'NONE',  ( -48.00000000000000000, 36.00000000000000000, -214.0000000000000284 ) ) ;
#784 = DIRECTION ( 'NONE',  ( 0.000000000000000000, 0.000000000000000000, 1.000000000000000000 ) ) ;
#785 = CARTESIAN_POINT ( 'NONE',  ( -19.13417161825448787, 46.00000000000000000, -318.9439766255643463 ) ) ;
#786 = CARTESIAN_POINT ( 'NONE',  ( 10.92505803290318589, 46.00000000000000000, -324.9239757025808899 ) ) ;
#787 = ORIENTED_EDGE ( 'NONE', *, *, #764, .F. ) ;
#788 = DIRECTION ( 'NONE',  ( 0.000000000000000000, 0.000000000000000000, 1.000000000000000000 ) ) ;
#789 = EDGE_CURVE ( 'NONE', #2168, #1678, #688, .T. ) ;
#790 = DIRECTION ( 'NONE',  ( 0.000000000000000000, 0.000000000000000000, 1.000000000000000000 ) ) ;
#791 = DIRECTION ( 'NONE',  ( 0.3826834323650895597, 0.000000000000000000, -0.9238795325112868495 ) ) ;
#792 = ADVANCED_FACE ( 'NONE', ( #1776 ), #2600, .F. ) ;
#793 = EDGE_LOOP ( 'NONE', ( #345, #258, #1270, #1972 ) ) ;
#794 = CARTESIAN_POINT ( 'NONE',  ( 22.00000000000000000, 31.00000000000000000, -59.09991680526687929 ) ) ;
#795 = EDGE_CURVE ( 'NONE', #564, #2216, #2206, .T. ) ;
#796 = CYLINDRICAL_SURFACE ( 'NONE', #807, 2.750000000000002665 ) ;
#797 = CARTESIAN_POINT ( 'NONE',  ( 46.19397662556434625, 46.00000000000000000, -248.1158283817455299 ) ) ;
#798 = ORIENTED_EDGE ( 'NONE', *, *, #1940, .F. ) ;
#799 = ORIENTED_EDGE ( 'NONE', *, *, #502, .T. ) ;
#800 = CYLINDRICAL_SURFACE ( 'NONE', #2381, 2.749999999999999112 ) ;
#801 = DIRECTION ( 'NONE',  ( -1.000000000000000000, 0.000000000000000000, -0.000000000000000000 ) ) ;
#802 = CARTESIAN_POINT ( 'NONE',  ( 19.13417161825450208, 46.00000000000000000, -223.8060233744356822 ) ) ;
#803 = FACE_OUTER_BOUND ( 'NONE', #1882, .T. ) ;
#804 = EDGE_CURVE ( 'NONE', #2304, #2391, #711, .T. ) ;
#805 = VERTEX_POINT ( 'NONE', #298 ) ;
#806 = DIRECTION ( 'NONE',  ( -1.000000000000000000, 0.000000000000000000, 0.000000000000000000 ) ) ;
#807 = AXIS2_PLACEMENT_3D ( 'NONE', #1627, #1230, #1833 ) ;
#808 = ADVANCED_FACE ( 'NONE', ( #2612 ), #2157, .F. ) ;
#809 = VECTOR ( 'NONE', #2255, 1000.000000000000227 ) ;
#810 = LINE ( 'NONE', #468, #1956 ) ;
#811 = CARTESIAN_POINT ( 'NONE',  ( 44.00000000000000000, 46.00000000000000000, 0.000000000000000000 ) ) ;
#812 = PRODUCT_RELATED_PRODUCT_CATEGORY ( 'detail', '', ( #1789 ) ) ;
#813 = ORIENTED_EDGE ( 'NONE', *, *, #317, .F. ) ;
#814 = AXIS2_PLACEMENT_3D ( 'NONE', #2177, #1376, #2009 ) ;
#815 = FACE_OUTER_BOUND ( 'NONE', #1540, .T. ) ;
#816 = CIRCLE ( 'NONE', #1465, 2.750000000000030198 ) ;
#817 = DIRECTION ( 'NONE',  ( 0.000000000000000000, 0.000000000000000000, 1.000000000000000000 ) ) ;
#818 = ORIENTED_EDGE ( 'NONE', *, *, #2323, .F. ) ;
#819 = AXIS2_PLACEMENT_3D ( 'NONE', #2720, #1666, #400 ) ;
#820 = CARTESIAN_POINT ( 'NONE',  ( 19.13417161825449497, 36.00000000000000000, -318.9439766255643463 ) ) ;
#821 = CARTESIAN_POINT ( 'NONE',  ( 0.000000000000000000, 46.00000000000000000, -140.0000000000000000 ) ) ;
#822 = LOCAL_TIME ( 11, 7, 54.00000000000000000, #2361 ) ;
#823 = ORIENTED_EDGE ( 'NONE', *, *, #576, .T. ) ;
#824 = CARTESIAN_POINT ( 'NONE',  ( 29.56414504036117563, 46.00000000000000000, -14.99586983568287124 ) ) ;
#825 = VECTOR ( 'NONE', #2051, 1000.000000000000000 ) ;
#826 = EDGE_CURVE ( 'NONE', #2229, #86, #1961, .T. ) ;
#827 = FACE_BOUND ( 'NONE', #2702, .T. ) ;
#828 = ORIENTED_EDGE ( 'NONE', *, *, #2740, .F. ) ;
#829 = DIRECTION ( 'NONE',  ( -0.9238795325112870716, 0.000000000000000000, 0.3826834323650891712 ) ) ;
#830 = LINE ( 'NONE', #1711, #405 ) ;
#831 = AXIS2_PLACEMENT_3D ( 'NONE', #777, #583, #1640 ) ;
#832 = DIRECTION ( 'NONE',  ( 0.000000000000000000, 0.000000000000000000, 1.000000000000000000 ) ) ;
#833 = LINE ( 'NONE', #1674, #809 ) ;
#834 = ORIENTED_EDGE ( 'NONE', *, *, #509, .F. ) ;
#835 =( LENGTH_UNIT ( ) NAMED_UNIT ( * ) SI_UNIT ( .MILLI., .METRE. ) );
#836 = FACE_BOUND ( 'NONE', #2263, .T. ) ;
#837 = ORIENTED_EDGE ( 'NONE', *, *, #2638, .T. ) ;
#838 = EDGE_LOOP ( 'NONE', ( #34, #954, #846, #1935 ) ) ;
#839 = EDGE_CURVE ( 'NONE', #564, #916, #2426, .T. ) ;
#840 = DIRECTION ( 'NONE',  ( -0.000000000000000000, -1.000000000000000000, -0.000000000000000000 ) ) ;
#841 = DIRECTION ( 'NONE',  ( 0.000000000000000000, -1.000000000000000000, 0.000000000000000000 ) ) ;
#842 = ADVANCED_FACE ( 'NONE', ( #1736 ), #2221, .F. ) ;
#843 = DIRECTION ( 'NONE',  ( 0.000000000000000000, 0.000000000000000000, 1.000000000000000000 ) ) ;
#844 = CARTESIAN_POINT ( 'NONE',  ( 29.56414504036117918, 46.00000000000000000, 14.99586983568286946 ) ) ;
#845 = EDGE_CURVE ( 'NONE', #279, #2564, #268, .T. ) ;
#846 = ORIENTED_EDGE ( 'NONE', *, *, #1968, .F. ) ;
#847 = EDGE_LOOP ( 'NONE', ( #143, #2624 ) ) ;
#848 = CARTESIAN_POINT ( 'NONE',  ( 10.92505803290318589, 46.00000000000000000, -324.9239757025808899 ) ) ;
#849 = VECTOR ( 'NONE', #550, 1000.000000000000000 ) ;
#850 = CYLINDRICAL_SURFACE ( 'NONE', #2017, 2.749999999999999112 ) ;
#851 = VERTEX_POINT ( 'NONE', #1134 ) ;
#852 = ORIENTED_EDGE ( 'NONE', *, *, #1923, .T. ) ;
#853 = AXIS2_PLACEMENT_3D ( 'NONE', #1200, #1395, #2476 ) ;
#854 = LINE ( 'NONE', #1452, #61 ) ;
#855 = DIRECTION ( 'NONE',  ( 0.000000000000000000, -1.000000000000000000, 0.000000000000000000 ) ) ;
#856 = VECTOR ( 'NONE', #1072, 1000.000000000000000 ) ;
#857 = LINE ( 'NONE', #215, #2295 ) ;
#858 = EDGE_CURVE ( 'NONE', #2429, #422, #2623, .T. ) ;
#859 = CARTESIAN_POINT ( 'NONE',  ( -22.00000000000000000, 15.99999999999999645, -206.0000000000000284 ) ) ;
#860 = VECTOR ( 'NONE', #1113, 1000.000000000000000 ) ;
#861 = ORIENTED_EDGE ( 'NONE', *, *, #226, .F. ) ;
#862 = CARTESIAN_POINT ( 'NONE',  ( 12.24586983568288012, 36.00000000000000000, 29.56414504036117208 ) ) ;
#863 = CARTESIAN_POINT ( 'NONE',  ( 0.000000000000000000, 46.00000000000000000, -270.0000000000000000 ) ) ;
#864 = LINE ( 'NONE', #1705, #506 ) ;
#865 = ORIENTED_EDGE ( 'NONE', *, *, #1564, .T. ) ;
#866 = LINE ( 'NONE', #1695, #2154 ) ;
#867 = CARTESIAN_POINT ( 'NONE',  ( -46.19397662556433914, 46.00000000000000000, -289.1341716182545269 ) ) ;
#868 = AXIS2_PLACEMENT_3D ( 'NONE', #2305, #2561, #430 ) ;
#869 = AXIS2_PLACEMENT_3D ( 'NONE', #802, #2254, #790 ) ;
#870 = CARTESIAN_POINT ( 'NONE',  ( -10.92505803290318056, 36.00000000000000000, -324.9239757025808899 ) ) ;
#871 = ORIENTED_EDGE ( 'NONE', *, *, #1183, .T. ) ;
#872 = LINE ( 'NONE', #1714, #1691 ) ;
#873 = AXIS2_PLACEMENT_3D ( 'NONE', #1223, #354, #2696 ) ;
#874 = EDGE_CURVE ( 'NONE', #2457, #1108, #2189, .T. ) ;
#875 = ORIENTED_EDGE ( 'NONE', *, *, #1807, .F. ) ;
#876 = CARTESIAN_POINT ( 'NONE',  ( 30.00000000000000000, 46.00000000000000000, -110.0000000000000000 ) ) ;
#877 = APPLICATION_PROTOCOL_DEFINITION ( 'international standard', 'config_control_design', 1994, #2333 ) ;
#878 = FACE_BOUND ( 'NONE', #2566, .T. ) ;
#879 = VERTEX_POINT ( 'NONE', #364 ) ;
#880 = CARTESIAN_POINT ( 'NONE',  ( 29.56414504036117563, 36.00000000000000000, -12.24586983568287302 ) ) ;
#881 = DIRECTION ( 'NONE',  ( -0.000000000000000000, -1.000000000000000000, -0.000000000000000000 ) ) ;
#882 = CARTESIAN_POINT ( 'NONE',  ( 0.000000000000000000, 36.00000000000000000, -270.0000000000000000 ) ) ;
#883 = EDGE_LOOP ( 'NONE', ( #2170, #2420, #2502, #211 ) ) ;
#884 = CARTESIAN_POINT ( 'NONE',  ( 30.00000000000000000, 31.00000000000000000, -35.59768778401239331 ) ) ;
#885 = ORIENTED_EDGE ( 'NONE', *, *, #729, .F. ) ;
#886 = CARTESIAN_POINT ( 'NONE',  ( 46.19397662556434625, 46.00000000000000000, -253.6158283817455583 ) ) ;
#887 = ADVANCED_FACE ( 'NONE', ( #1178 ), #796, .F. ) ;
#888 = COORDINATED_UNIVERSAL_TIME_OFFSET ( 5, 30, .AHEAD. ) ;
#889 = ADVANCED_FACE ( 'NONE', ( #2480 ), #2259, .F. ) ;
#890 = DIRECTION ( 'NONE',  ( 0.000000000000000000, -1.000000000000000000, 0.000000000000000000 ) ) ;
#891 = CIRCLE ( 'NONE', #628, 11.00000000000001066 ) ;
#892 = CARTESIAN_POINT ( 'NONE',  ( 0.000000000000000000, 46.00000000000000000, -270.0000000000000000 ) ) ;
#893 = DIRECTION ( 'NONE',  ( -0.2873478855663453291, 0.000000000000000000, 0.9578262852211513190 ) ) ;
#894 = ORIENTED_EDGE ( 'NONE', *, *, #2068, .F. ) ;
#895 = VECTOR ( 'NONE', #1880, 1000.000000000000000 ) ;
#896 = DIRECTION ( 'NONE',  ( 0.000000000000000000, 0.000000000000000000, 1.000000000000000000 ) ) ;
#897 = ORIENTED_EDGE ( 'NONE', *, *, #839, .F. ) ;
#898 = AXIS2_PLACEMENT_3D ( 'NONE', #1837, #2660, #817 ) ;
#899 = LINE ( 'NONE', #859, #2236 ) ;
#900 = EDGE_LOOP ( 'NONE', ( #1168, #2311, #1797, #940, #1380, #1109, #71, #114 ) ) ;
#901 = ORIENTED_EDGE ( 'NONE', *, *, #145, .F. ) ;
#902 = AXIS2_PLACEMENT_3D ( 'NONE', #1628, #136, #1820 ) ;
#903 = VERTEX_POINT ( 'NONE', #2048 ) ;
#904 = CARTESIAN_POINT ( 'NONE',  ( 54.92397570258090411, 46.00000000000000000, -280.9250580329031663 ) ) ;
#905 = AXIS2_PLACEMENT_3D ( 'NONE', #1397, #1593, #1581 ) ;
#906 = FACE_OUTER_BOUND ( 'NONE', #102, .T. ) ;
#907 = EDGE_CURVE ( 'NONE', #782, #2564, #1637, .T. ) ;
#908 = CARTESIAN_POINT ( 'NONE',  ( -54.92397570258090411, 36.00000000000000000, -280.9250580329031663 ) ) ;
#909 = CARTESIAN_POINT ( 'NONE',  ( 0.000000000000000000, 36.00000000000000000, -195.0000000000000000 ) ) ;
#910 = DIRECTION ( 'NONE',  ( 0.000000000000000000, 1.000000000000000000, 0.000000000000000000 ) ) ;
#911 = AXIS2_PLACEMENT_3D ( 'NONE', #382, #1598, #999 ) ;
#912 = ORIENTED_EDGE ( 'NONE', *, *, #729, .T. ) ;
#913 = LINE ( 'NONE', #99, #1646 ) ;
#914 = ORIENTED_EDGE ( 'NONE', *, *, #426, .T. ) ;
#915 = EDGE_CURVE ( 'NONE', #1854, #2417, #1289, .T. ) ;
#916 = VERTEX_POINT ( 'NONE', #2036 ) ;
#917 = PLANE ( 'NONE',  #402 ) ;
#918 = APPROVAL_STATUS ( 'not_yet_approved' ) ;
#919 = CARTESIAN_POINT ( 'NONE',  ( 12.24586983568288012, 36.00000000000000000, 32.31414504036117563 ) ) ;
#920 = CARTESIAN_POINT ( 'NONE',  ( -10.92505803290318056, 46.00000000000000000, -324.9239757025808899 ) ) ;
#921 = DIRECTION ( 'NONE',  ( -0.1262542796739151152, 0.000000000000000000, 0.9919979117236189525 ) ) ;
#922 = ADVANCED_FACE ( 'NONE', ( #1219 ), #1371, .T. ) ;
#923 = ORIENTED_EDGE ( 'NONE', *, *, #188, .F. ) ;
#924 = PLANE ( 'NONE',  #1009 ) ;
#925 = ORIENTED_EDGE ( 'NONE', *, *, #262, .T. ) ;
#926 = FACE_OUTER_BOUND ( 'NONE', #987, .T. ) ;
#927 = EDGE_CURVE ( 'NONE', #2674, #2432, #1862, .T. ) ;
#928 = ORIENTED_EDGE ( 'NONE', *, *, #1698, .F. ) ;
#929 = EDGE_LOOP ( 'NONE', ( #2715, #2148 ) ) ;
#930 = DIRECTION ( 'NONE',  ( -0.000000000000000000, -0.000000000000000000, 1.000000000000000000 ) ) ;
#931 = PERSON_AND_ORGANIZATION ( #243, #1654 ) ;
#932 = ORIENTED_EDGE ( 'NONE', *, *, #2669, .F. ) ;
#933 = DIRECTION ( 'NONE',  ( -0.1262542796739151152, 0.000000000000000000, -0.9919979117236189525 ) ) ;
#934 = CARTESIAN_POINT ( 'NONE',  ( 32.00000000000000000, 46.00000000000000000, 40.00000000000000000 ) ) ;
#935 = DIRECTION ( 'NONE',  ( -0.000000000000000000, -1.000000000000000000, -0.000000000000000000 ) ) ;
#936 = CARTESIAN_POINT ( 'NONE',  ( 12.24586983568287479, 46.00000000000000000, -26.81414504036117563 ) ) ;
#937 = ORIENTED_EDGE ( 'NONE', *, *, #656, .T. ) ;
#938 = PLANE ( 'NONE',  #1869 ) ;
#939 = VERTEX_POINT ( 'NONE', #1410 ) ;
#940 = ORIENTED_EDGE ( 'NONE', *, *, #1412, .T. ) ;
#941 = VECTOR ( 'NONE', #2637, 1000.000000000000000 ) ;
#942 = EDGE_CURVE ( 'NONE', #758, #2336, #89, .T. ) ;
#943 = ORIENTED_EDGE ( 'NONE', *, *, #53, .F. ) ;
#944 = CARTESIAN_POINT ( 'NONE',  ( 1.347111479062087024E-15, 46.00000000000000000, -129.0000000000000000 ) ) ;
#945 = CIRCLE ( 'NONE', #2498, 6.000000000000000000 ) ;
#946 = ORIENTED_EDGE ( 'NONE', *, *, #484, .T. ) ;
#947 = DIRECTION ( 'NONE',  ( -0.000000000000000000, -1.000000000000000000, -0.000000000000000000 ) ) ;
#948 = VECTOR ( 'NONE', #2113, 1000.000000000000000 ) ;
#949 = DIRECTION ( 'NONE',  ( 0.000000000000000000, 1.000000000000000000, 0.000000000000000000 ) ) ;
#950 = LOCAL_TIME ( 11, 7, 54.00000000000000000, #2423 ) ;
#951 = DIRECTION ( 'NONE',  ( 0.000000000000000000, 0.000000000000000000, -1.000000000000000000 ) ) ;
#952 = VERTEX_POINT ( 'NONE', #1204 ) ;
#953 = DIRECTION ( 'NONE',  ( 0.000000000000000000, 0.000000000000000000, -1.000000000000000000 ) ) ;
#954 = ORIENTED_EDGE ( 'NONE', *, *, #1701, .T. ) ;
#955 = DIRECTION ( 'NONE',  ( -0.1705414337057505614, 0.000000000000000000, 0.9853505058554478113 ) ) ;
#956 = VERTEX_POINT ( 'NONE', #568 ) ;
#957 = EDGE_LOOP ( 'NONE', ( #2370, #1697, #1639, #40 ) ) ;
#958 = CIRCLE ( 'NONE', #334, 2.750000000000002665 ) ;
#959 = VERTEX_POINT ( 'NONE', #2060 ) ;
#960 = CARTESIAN_POINT ( 'NONE',  ( -46.19397662556434625, 46.00000000000000000, -250.8658283817455299 ) ) ;
#961 = AXIS2_PLACEMENT_3D ( 'NONE', #1428, #140, #1824 ) ;
#962 = ADVANCED_FACE ( 'NONE', ( #2491 ), #1594, .F. ) ;
#963 = CIRCLE ( 'NONE', #15, 2.749999999999999112 ) ;
#964 = DIRECTION ( 'NONE',  ( -0.000000000000000000, -0.000000000000000000, 1.000000000000000000 ) ) ;
#965 = EDGE_CURVE ( 'NONE', #174, #2391, #2655, .T. ) ;
#966 = VECTOR ( 'NONE', #1765, 1000.000000000000000 ) ;
#967 = LINE ( 'NONE', #756, #849 ) ;
#968 = CARTESIAN_POINT ( 'NONE',  ( 0.000000000000000000, 46.00000000000000000, -151.0000000000000284 ) ) ;
#969 = EDGE_CURVE ( 'NONE', #1778, #2729, #1549, .T. ) ;
#970 = EDGE_LOOP ( 'NONE', ( #2178, #1745, #2678, #645 ) ) ;
#971 = LINE ( 'NONE', #2235, #2385 ) ;
#972 = LINE ( 'NONE', #2648, #1215 ) ;
#973 = VERTEX_POINT ( 'NONE', #1583 ) ;
#974 = ORIENTED_EDGE ( 'NONE', *, *, #1296, .F. ) ;
#975 = CARTESIAN_POINT ( 'NONE',  ( 19.13417161825449497, 46.00000000000000000, -318.9439766255643463 ) ) ;
#976 = CARTESIAN_POINT ( 'NONE',  ( 31.11193304909772550, 46.00000000000000000, -316.5622982889425430 ) ) ;
#977 = ORIENTED_EDGE ( 'NONE', *, *, #2110, .F. ) ;
#978 = FACE_OUTER_BOUND ( 'NONE', #2359, .T. ) ;
#979 = EDGE_CURVE ( 'NONE', #2267, #2054, #2642, .T. ) ;
#980 = CARTESIAN_POINT ( 'NONE',  ( 0.000000000000000000, 46.00000000000000000, -96.00000000000000000 ) ) ;
#981 = CARTESIAN_POINT ( 'NONE',  ( -46.56229828894253586, 46.00000000000000000, -301.1119330490977291 ) ) ;
#982 = ORIENTED_EDGE ( 'NONE', *, *, #1361, .F. ) ;
#983 = FACE_OUTER_BOUND ( 'NONE', #248, .T. ) ;
#984 = ORIENTED_EDGE ( 'NONE', *, *, #1530, .T. ) ;
#985 = CARTESIAN_POINT ( 'NONE',  ( 1.347111479062088405E-15, 46.00000000000000000, -74.00000000000001421 ) ) ;
#986 = ORIENTED_EDGE ( 'NONE', *, *, #1283, .F. ) ;
#987 = EDGE_LOOP ( 'NONE', ( #260, #1355, #2466, #391 ) ) ;
#988 = VERTEX_POINT ( 'NONE', #1846 ) ;
#989 = PLANE ( 'NONE',  #1377 ) ;
#990 = EDGE_LOOP ( 'NONE', ( #1920, #1754 ) ) ;
#991 = DESIGN_CONTEXT ( 'detailed design', #2333, 'design' ) ;
#992 = FACE_OUTER_BOUND ( 'NONE', #2605, .T. ) ;
#993 = CIRCLE ( 'NONE', #1217, 2.750000000000002665 ) ;
#994 = CARTESIAN_POINT ( 'NONE',  ( -30.00000000000000000, 31.00000000000000000, -59.09991680526687929 ) ) ;
#995 = DIRECTION ( 'NONE',  ( 1.000000000000000000, 0.000000000000000000, 0.000000000000000000 ) ) ;
#996 = VECTOR ( 'NONE', #964, 1000.000000000000000 ) ;
#997 = ORIENTED_EDGE ( 'NONE', *, *, #691, .F. ) ;
#998 = EDGE_CURVE ( 'NONE', #2054, #2174, #2707, .T. ) ;
#999 = DIRECTION ( 'NONE',  ( 0.000000000000000000, 0.000000000000000000, 1.000000000000000000 ) ) ;
#1000 = CARTESIAN_POINT ( 'NONE',  ( 30.00000000000000000, 31.00000000000000000, -59.09991680526687929 ) ) ;
#1001 = CARTESIAN_POINT ( 'NONE',  ( 46.19397662556433914, 46.00000000000000000, -291.8841716182545269 ) ) ;
#1002 = DIRECTION ( 'NONE',  ( -0.000000000000000000, -1.000000000000000000, -0.000000000000000000 ) ) ;
#1003 = EDGE_CURVE ( 'NONE', #2299, #679, #2450, .T. ) ;
#1004 = ORIENTED_EDGE ( 'NONE', *, *, #1884, .F. ) ;
#1005 = FACE_OUTER_BOUND ( 'NONE', #119, .T. ) ;
#1006 = VECTOR ( 'NONE', #2475, 1000.000000000000000 ) ;
#1007 = DIRECTION ( 'NONE',  ( 0.000000000000000000, 0.000000000000000000, -1.000000000000000000 ) ) ;
#1008 = DIRECTION ( 'NONE',  ( 0.000000000000000000, 0.000000000000000000, 1.000000000000000000 ) ) ;
#1009 = AXIS2_PLACEMENT_3D ( 'NONE', #2632, #953, #1753 ) ;
#1010 = EDGE_LOOP ( 'NONE', ( #1326, #2650, #1479, #2541 ) ) ;
#1011 = CARTESIAN_POINT ( 'NONE',  ( -12.24586983568287124, 46.00000000000000000, -29.56414504036117563 ) ) ;
#1012 = EDGE_CURVE ( 'NONE', #305, #2685, #967, .T. ) ;
#1013 = DIRECTION ( 'NONE',  ( 0.000000000000000000, 0.000000000000000000, -1.000000000000000000 ) ) ;
#1014 = CARTESIAN_POINT ( 'NONE',  ( 30.00000000000000000, 26.00000000000000000, -61.09991680526687929 ) ) ;
#1015 = EDGE_CURVE ( 'NONE', #1207, #1322, #1385, .T. ) ;
#1016 = DIRECTION ( 'NONE',  ( -0.1029093542216269197, 0.000000000000000000, -0.9946907382768211958 ) ) ;
#1017 = ORIENTED_EDGE ( 'NONE', *, *, #779, .T. ) ;
#1018 = APPLICATION_CONTEXT ( 'configuration controlled 3d designs of mechanical parts and assemblies' ) ;
#1019 = CYLINDRICAL_SURFACE ( 'NONE', #905, 13.00000000000001066 ) ;
#1020 = DIRECTION ( 'NONE',  ( -1.000000000000000000, 0.000000000000000000, 0.000000000000000000 ) ) ;
#1021 = DIRECTION ( 'NONE',  ( 0.000000000000000000, 1.000000000000000000, 0.000000000000000000 ) ) ;
#1022 = VERTEX_POINT ( 'NONE', #1610 ) ;
#1023 = DIRECTION ( 'NONE',  ( 0.000000000000000000, 1.000000000000000000, 0.000000000000000000 ) ) ;
#1024 = FACE_OUTER_BOUND ( 'NONE', #1953, .T. ) ;
#1025 = LINE ( 'NONE', #2712, #652 ) ;
#1026 = DIRECTION ( 'NONE',  ( 0.000000000000000000, 0.000000000000000000, 1.000000000000000000 ) ) ;
#1027 = EDGE_CURVE ( 'NONE', #2332, #1152, #1908, .T. ) ;
#1028 = AXIS2_PLACEMENT_3D ( 'NONE', #486, #1533, #264 ) ;
#1029 = ORIENTED_EDGE ( 'NONE', *, *, #1975, .F. ) ;
#1030 = CARTESIAN_POINT ( 'NONE',  ( 0.000000000000000000, 46.00000000000000000, -6.000000000000000000 ) ) ;
#1031 = AXIS2_PLACEMENT_3D ( 'NONE', #1357, #707, #1806 ) ;
#1032 = VECTOR ( 'NONE', #1746, 1000.000000000000000 ) ;
#1033 = CARTESIAN_POINT ( 'NONE',  ( 46.19397662556433914, 36.00000000000000000, -286.3841716182544701 ) ) ;
#1034 = ORIENTED_EDGE ( 'NONE', *, *, #2402, .F. ) ;
#1035 = VECTOR ( 'NONE', #2673, 1000.000000000000000 ) ;
#1036 = LINE ( 'NONE', #2102, #1392 ) ;
#1037 = VECTOR ( 'NONE', #1116, 1000.000000000000000 ) ;
#1038 = DIRECTION ( 'NONE',  ( 0.000000000000000000, 0.000000000000000000, 1.000000000000000000 ) ) ;
#1039 = CARTESIAN_POINT ( 'NONE',  ( -54.92397570258090411, 46.00000000000000000, -280.9250580329031663 ) ) ;
#1040 = CARTESIAN_POINT ( 'NONE',  ( -46.56229828894253586, 46.00000000000000000, -301.1119330490977291 ) ) ;
#1041 = ORIENTED_EDGE ( 'NONE', *, *, #2310, .F. ) ;
#1042 = EDGE_CURVE ( 'NONE', #2283, #1207, #891, .T. ) ;
#1043 = CARTESIAN_POINT ( 'NONE',  ( 30.00000000000000000, 36.00000000000000000, -35.59768778401239331 ) ) ;
#1044 = CIRCLE ( 'NONE', #911, 6.000000000000000000 ) ;
#1045 = EDGE_CURVE ( 'NONE', #305, #939, #654, .T. ) ;
#1046 = CYLINDRICAL_SURFACE ( 'NONE', #819, 2.750000000000030198 ) ;
#1047 = ORIENTED_EDGE ( 'NONE', *, *, #2366, .T. ) ;
#1048 = ORIENTED_EDGE ( 'NONE', *, *, #1447, .F. ) ;
#1049 = DIRECTION ( 'NONE',  ( 0.000000000000000000, 1.000000000000000000, 0.000000000000000000 ) ) ;
#1050 = DIRECTION ( 'NONE',  ( 0.000000000000000000, 0.000000000000000000, 1.000000000000000000 ) ) ;
#1051 = ADVANCED_FACE ( 'NONE', ( #1098 ), #2349, .F. ) ;
#1052 = CARTESIAN_POINT ( 'NONE',  ( 48.00000000000000000, 36.00000000000000000, -214.0000000000000284 ) ) ;
#1053 = DIRECTION ( 'NONE',  ( 0.000000000000000000, 0.000000000000000000, -1.000000000000000000 ) ) ;
#1054 = EDGE_LOOP ( 'NONE', ( #2508, #2414, #443, #925 ) ) ;
#1055 = EDGE_LOOP ( 'NONE', ( #3, #131, #1396, #288 ) ) ;
#1056 =( NAMED_UNIT ( * ) PLANE_ANGLE_UNIT ( ) SI_UNIT ( $, .RADIAN. ) );
#1057 = FACE_BOUND ( 'NONE', #2519, .T. ) ;
#1058 = ORIENTED_EDGE ( 'NONE', *, *, #1183, .F. ) ;
#1059 = ORIENTED_EDGE ( 'NONE', *, *, #1823, .T. ) ;
#1060 = EDGE_CURVE ( 'NONE', #1337, #197, #1486, .T. ) ;
#1061 = CARTESIAN_POINT ( 'NONE',  ( -44.00000000000000000, 36.00000000000000000, 0.000000000000000000 ) ) ;
#1062 = CARTESIAN_POINT ( 'NONE',  ( 3.079986699855593473E-15, 38.19999999999999574, 25.15000000000000213 ) ) ;
#1063 = EDGE_LOOP ( 'NONE', ( #901, #1822, #348, #661 ) ) ;
#1064 = EDGE_CURVE ( 'NONE', #1352, #304, #2088, .T. ) ;
#1065 = DIRECTION ( 'NONE',  ( -0.000000000000000000, -1.000000000000000000, -0.000000000000000000 ) ) ;
#1066 = FACE_OUTER_BOUND ( 'NONE', #690, .T. ) ;
#1067 = ORIENTED_EDGE ( 'NONE', *, *, #1991, .F. ) ;
#1068 = DIRECTION ( 'NONE',  ( 0.000000000000000000, 1.000000000000000000, 0.000000000000000000 ) ) ;
#1069 = VERTEX_POINT ( 'NONE', #2393 ) ;
#1070 = DIRECTION ( 'NONE',  ( -0.000000000000000000, 1.000000000000000000, -0.000000000000000000 ) ) ;
#1071 = VECTOR ( 'NONE', #2134, 1000.000000000000000 ) ;
#1072 = DIRECTION ( 'NONE',  ( -0.000000000000000000, -1.000000000000000000, -0.000000000000000000 ) ) ;
#1073 = ORIENTED_EDGE ( 'NONE', *, *, #502, .F. ) ;
#1074 = CIRCLE ( 'NONE', #1957, 10.00000000000000888 ) ;
#1075 = FACE_OUTER_BOUND ( 'NONE', #2226, .T. ) ;
#1076 = CARTESIAN_POINT ( 'NONE',  ( 31.11193304909772550, 46.00000000000000000, -316.5622982889425430 ) ) ;
#1077 = ADVANCED_FACE ( 'NONE', ( #436 ), #2556, .F. ) ;
#1078 = AXIS2_PLACEMENT_3D ( 'NONE', #80, #1751, #1977 ) ;
#1079 = CARTESIAN_POINT ( 'NONE',  ( 10.92505803290318589, 46.00000000000000000, -324.9239757025808899 ) ) ;
#1080 = CARTESIAN_POINT ( 'NONE',  ( -12.24586983568286414, 46.00000000000000000, 32.31414504036118274 ) ) ;
#1081 = CIRCLE ( 'NONE', #2368, 10.00000000000000888 ) ;
#1082 = EDGE_LOOP ( 'NONE', ( #306, #787, #1616, #273 ) ) ;
#1083 = DIRECTION ( 'NONE',  ( 0.000000000000000000, 0.000000000000000000, -1.000000000000000000 ) ) ;
#1084 = SHAPE_DEFINITION_REPRESENTATION ( #482, #1633 ) ;
#1085 = DIRECTION ( 'NONE',  ( 0.000000000000000000, 0.000000000000000000, 1.000000000000000000 ) ) ;
#1086 = CIRCLE ( 'NONE', #522, 2.750000000000030198 ) ;
#1087 = CARTESIAN_POINT ( 'NONE',  ( -22.00000000000000000, 15.99999999999999645, -206.0000000000000284 ) ) ;
#1088 = DIRECTION ( 'NONE',  ( 0.2873478855663453291, 0.000000000000000000, -0.9578262852211513190 ) ) ;
#1089 = AXIS2_PLACEMENT_3D ( 'NONE', #786, #555, #1629 ) ;
#1090 = VECTOR ( 'NONE', #574, 1000.000000000000000 ) ;
#1091 = EDGE_CURVE ( 'NONE', #1180, #305, #810, .T. ) ;
#1092 = DIRECTION ( 'NONE',  ( 0.000000000000000000, 1.000000000000000000, 0.000000000000000000 ) ) ;
#1093 = VERTEX_POINT ( 'NONE', #2506 ) ;
#1094 = CARTESIAN_POINT ( 'NONE',  ( 46.19397662556434625, 36.00000000000000000, -248.1158283817455299 ) ) ;
#1095 = CIRCLE ( 'NONE', #252, 2.750000000000002665 ) ;
#1096 = EDGE_CURVE ( 'NONE', #304, #1352, #717, .T. ) ;
#1097 = ORIENTED_EDGE ( 'NONE', *, *, #2654, .F. ) ;
#1098 = FACE_OUTER_BOUND ( 'NONE', #2363, .T. ) ;
#1099 = APPROVAL_DATE_TIME ( #2570, #1672 ) ;
#1100 = FACE_BOUND ( 'NONE', #439, .T. ) ;
#1101 = DIRECTION ( 'NONE',  ( -0.3826834323650898373, 0.000000000000000000, -0.9238795325112867385 ) ) ;
#1102 = DIRECTION ( 'NONE',  ( -0.9578262852211514300, 0.000000000000000000, -0.2873478855663453846 ) ) ;
#1103 = VERTEX_POINT ( 'NONE', #607 ) ;
#1104 = FACE_OUTER_BOUND ( 'NONE', #2547, .T. ) ;
#1105 = ORIENTED_EDGE ( 'NONE', *, *, #1996, .F. ) ;
#1106 = DIRECTION ( 'NONE',  ( 0.000000000000000000, 0.000000000000000000, -1.000000000000000000 ) ) ;
#1107 = ORIENTED_EDGE ( 'NONE', *, *, #1534, .F. ) ;
#1108 = VERTEX_POINT ( 'NONE', #2302 ) ;
#1109 = ORIENTED_EDGE ( 'NONE', *, *, #230, .T. ) ;
#1110 = DIRECTION ( 'NONE',  ( 0.000000000000000000, 1.000000000000000000, 0.000000000000000000 ) ) ;
#1111 = DIRECTION ( 'NONE',  ( 1.000000000000000000, 0.000000000000000000, 0.000000000000000000 ) ) ;
#1112 = EDGE_CURVE ( 'NONE', #973, #2378, #698, .T. ) ;
#1113 = DIRECTION ( 'NONE',  ( -0.000000000000000000, -1.000000000000000000, -0.000000000000000000 ) ) ;
#1114 = AXIS2_PLACEMENT_3D ( 'NONE', #1910, #1857, #41 ) ;
#1115 = CARTESIAN_POINT ( 'NONE',  ( -22.00000000000000000, 36.00000000000000000, -206.0000000000000284 ) ) ;
#1116 = DIRECTION ( 'NONE',  ( -0.000000000000000000, -1.000000000000000000, -0.000000000000000000 ) ) ;
#1117 = EDGE_CURVE ( 'NONE', #1724, #1309, #233, .T. ) ;
#1118 = AXIS2_PLACEMENT_3D ( 'NONE', #2663, #1186, #2029 ) ;
#1119 = ORIENTED_EDGE ( 'NONE', *, *, #1739, .F. ) ;
#1120 = DIRECTION ( 'NONE',  ( 0.000000000000000000, 0.000000000000000000, -1.000000000000000000 ) ) ;
#1121 = EDGE_LOOP ( 'NONE', ( #74, #515 ) ) ;
#1122 = AXIS2_PLACEMENT_3D ( 'NONE', #157, #2064, #1391 ) ;
#1123 = CARTESIAN_POINT ( 'NONE',  ( 46.19397662556434625, 46.00000000000000000, -248.1158283817455299 ) ) ;
#1124 = EDGE_LOOP ( 'NONE', ( #1812, #1169, #675, #2639 ) ) ;
#1125 = AXIS2_PLACEMENT_3D ( 'NONE', #1901, #2129, #224 ) ;
#1126 = VERTEX_POINT ( 'NONE', #2122 ) ;
#1127 = CYLINDRICAL_SURFACE ( 'NONE', #274, 2.750000000000002665 ) ;
#1128 = AXIS2_PLACEMENT_3D ( 'NONE', #2364, #456, #1608 ) ;
#1129 = SECURITY_CLASSIFICATION_LEVEL ( 'unclassified' ) ;
#1130 = LOCAL_TIME ( 11, 7, 54.00000000000000000, #2610 ) ;
#1131 = EDGE_CURVE ( 'NONE', #735, #1324, #2183, .T. ) ;
#1132 = CARTESIAN_POINT ( 'NONE',  ( -32.00000000000000000, 36.00000000000000000, 40.00000000000000000 ) ) ;
#1133 = EDGE_CURVE ( 'NONE', #422, #2429, #1644, .T. ) ;
#1134 = CARTESIAN_POINT ( 'NONE',  ( -19.13417161825448787, 46.00000000000000000, -313.4439766255644031 ) ) ;
#1135 = DIRECTION ( 'NONE',  ( 0.9578262852211514300, 0.000000000000000000, -0.2873478855663453846 ) ) ;
#1136 = EDGE_CURVE ( 'NONE', #107, #1738, #14, .T. ) ;
#1137 = FACE_OUTER_BOUND ( 'NONE', #2039, .T. ) ;
#1138 = VECTOR ( 'NONE', #1721, 1000.000000000000114 ) ;
#1139 = EDGE_LOOP ( 'NONE', ( #1590, #2472, #1017, #1937 ) ) ;
#1140 = DIRECTION ( 'NONE',  ( -0.000000000000000000, -1.000000000000000000, -0.000000000000000000 ) ) ;
#1141 = VERTEX_POINT ( 'NONE', #2567 ) ;
#1142 = ORIENTED_EDGE ( 'NONE', *, *, #1975, .T. ) ;
#1143 = ORIENTED_EDGE ( 'NONE', *, *, #1060, .F. ) ;
#1144 = DIRECTION ( 'NONE',  ( 0.000000000000000000, 0.000000000000000000, 1.000000000000000000 ) ) ;
#1145 = CALENDAR_DATE ( 2026, 24, 9 ) ;
#1146 = VERTEX_POINT ( 'NONE', #666 ) ;
#1147 = DIRECTION ( 'NONE',  ( 0.000000000000000000, 0.000000000000000000, 1.000000000000000000 ) ) ;
#1148 = DIRECTION ( 'NONE',  ( 0.1029093542216269058, 0.000000000000000000, 0.9946907382768211958 ) ) ;
#1149 = PLANE ( 'NONE',  #2095 ) ;
#1150 = EDGE_CURVE ( 'NONE', #1171, #116, #768, .T. ) ;
#1151 = CARTESIAN_POINT ( 'NONE',  ( 46.56229828894252876, 46.00000000000000000, -301.1119330490977291 ) ) ;
#1152 = VERTEX_POINT ( 'NONE', #2150 ) ;
#1153 = FACE_OUTER_BOUND ( 'NONE', #1906, .T. ) ;
#1154 = EDGE_LOOP ( 'NONE', ( #290, #2010, #1407, #997 ) ) ;
#1155 = ORIENTED_EDGE ( 'NONE', *, *, #764, .T. ) ;
#1156 = EDGE_CURVE ( 'NONE', #718, #167, #249, .T. ) ;
#1157 = ORIENTED_EDGE ( 'NONE', *, *, #170, .F. ) ;
#1158 = DIRECTION ( 'NONE',  ( 0.000000000000000000, 1.000000000000000000, 0.000000000000000000 ) ) ;
#1159 = EDGE_CURVE ( 'NONE', #2168, #2229, #682, .T. ) ;
#1160 = PLANE ( 'NONE',  #1128 ) ;
#1161 = DIRECTION ( 'NONE',  ( 0.000000000000000000, 1.000000000000000000, 0.000000000000000000 ) ) ;
#1162 = CYLINDRICAL_SURFACE ( 'NONE', #325, 25.15000000000000213 ) ;
#1163 = ORIENTED_EDGE ( 'NONE', *, *, #1929, .T. ) ;
#1164 = DIRECTION ( 'NONE',  ( -0.000000000000000000, -1.000000000000000000, -0.000000000000000000 ) ) ;
#1165 = EDGE_CURVE ( 'NONE', #308, #1645, #2595, .T. ) ;
#1166 = DIRECTION ( 'NONE',  ( -1.000000000000000000, -0.000000000000000000, -0.000000000000000000 ) ) ;
#1167 = AXIS2_PLACEMENT_3D ( 'NONE', #1424, #323, #1007 ) ;
#1168 = ORIENTED_EDGE ( 'NONE', *, *, #1903, .T. ) ;
#1169 = ORIENTED_EDGE ( 'NONE', *, *, #804, .F. ) ;
#1170 = VECTOR ( 'NONE', #2067, 1000.000000000000000 ) ;
#1171 = VERTEX_POINT ( 'NONE', #1343 ) ;
#1172 = CARTESIAN_POINT ( 'NONE',  ( -46.19397662556434625, 46.00000000000000000, -250.8658283817455299 ) ) ;
#1173 = CIRCLE ( 'NONE', #814, 11.00000000000001066 ) ;
#1174 = VECTOR ( 'NONE', #569, 1000.000000000000114 ) ;
#1175 = EDGE_LOOP ( 'NONE', ( #1576, #861 ) ) ;
#1176 = CYLINDRICAL_SURFACE ( 'NONE', #1874, 13.00000000000001066 ) ;
#1177 = VECTOR ( 'NONE', #1521, 1000.000000000000000 ) ;
#1178 = FACE_OUTER_BOUND ( 'NONE', #318, .T. ) ;
#1179 = LINE ( 'NONE', #968, #1694 ) ;
#1180 = VERTEX_POINT ( 'NONE', #516 ) ;
#1181 = DIRECTION ( 'NONE',  ( -0.000000000000000000, -1.000000000000000000, -0.000000000000000000 ) ) ;
#1182 = DIRECTION ( 'NONE',  ( 0.1262542796739151152, 0.000000000000000000, -0.9919979117236189525 ) ) ;
#1183 = EDGE_CURVE ( 'NONE', #1485, #1103, #592, .T. ) ;
#1184 = CIRCLE ( 'NONE', #2153, 13.00000000000001066 ) ;
#1185 = ORIENTED_EDGE ( 'NONE', *, *, #2445, .F. ) ;
#1186 = DIRECTION ( 'NONE',  ( 0.000000000000000000, 1.000000000000000000, 0.000000000000000000 ) ) ;
#1187 = CIRCLE ( 'NONE', #2728, 25.15000000000000213 ) ;
#1188 = ORIENTED_EDGE ( 'NONE', *, *, #2719, .F. ) ;
#1189 = CARTESIAN_POINT ( 'NONE',  ( -54.92397570258090411, 46.00000000000000000, -280.9250580329031663 ) ) ;
#1190 = VECTOR ( 'NONE', #1375, 1000.000000000000000 ) ;
#1191 = CARTESIAN_POINT ( 'NONE',  ( 1.347111479062088405E-15, 46.00000000000000000, -129.0000000000000000 ) ) ;
#1192 = CARTESIAN_POINT ( 'NONE',  ( 12.24586983568288012, 46.00000000000000000, 26.81414504036117208 ) ) ;
#1193 = ORIENTED_EDGE ( 'NONE', *, *, #2372, .F. ) ;
#1194 = ORIENTED_EDGE ( 'NONE', *, *, #1045, .T. ) ;
#1195 = CARTESIAN_POINT ( 'NONE',  ( -30.00000000000000000, 36.00000000000000000, -110.0000000000000000 ) ) ;
#1196 = CARTESIAN_POINT ( 'NONE',  ( 46.19397662556434625, 46.00000000000000000, -250.8658283817455299 ) ) ;
#1197 = ORIENTED_EDGE ( 'NONE', *, *, #2724, .T. ) ;
#1198 = ORIENTED_EDGE ( 'NONE', *, *, #2521, .F. ) ;
#1199 = VERTEX_POINT ( 'NONE', #533 ) ;
#1200 = CARTESIAN_POINT ( 'NONE',  ( -19.13417161825448787, 36.00000000000000000, -316.1939766255643463 ) ) ;
#1201 = ORIENTED_EDGE ( 'NONE', *, *, #826, .F. ) ;
#1202 = ADVANCED_FACE ( 'NONE', ( #2180 ), #917, .F. ) ;
#1203 = LINE ( 'NONE', #2046, #2503 ) ;
#1204 = CARTESIAN_POINT ( 'NONE',  ( -19.13417161825447721, 36.00000000000000000, -221.0560233744356537 ) ) ;
#1205 = CARTESIAN_POINT ( 'NONE',  ( 1.347111479062088799E-15, 36.00000000000000000, -74.00000000000001421 ) ) ;
#1206 = LINE ( 'NONE', #1655, #1887 ) ;
#1207 = VERTEX_POINT ( 'NONE', #944 ) ;
#1208 = DIRECTION ( 'NONE',  ( 0.000000000000000000, 0.000000000000000000, -1.000000000000000000 ) ) ;
#1209 = ADVANCED_FACE ( 'NONE', ( #2241 ), #1758, .F. ) ;
#1210 = ORIENTED_EDGE ( 'NONE', *, *, #1156, .T. ) ;
#1211 = AXIS2_PLACEMENT_3D ( 'NONE', #2020, #135, #784 ) ;
#1212 = LINE ( 'NONE', #147, #39 ) ;
#1213 = VECTOR ( 'NONE', #2335, 1000.000000000000227 ) ;
#1214 = EDGE_LOOP ( 'NONE', ( #1886, #671, #1499, #663 ) ) ;
#1215 = VECTOR ( 'NONE', #1166, 1000.000000000000000 ) ;
#1216 = DIRECTION ( 'NONE',  ( -0.000000000000000000, -1.000000000000000000, -0.000000000000000000 ) ) ;
#1217 = AXIS2_PLACEMENT_3D ( 'NONE', #1680, #2523, #622 ) ;
#1218 = EDGE_CURVE ( 'NONE', #1324, #735, #1074, .T. ) ;
#1219 = FACE_OUTER_BOUND ( 'NONE', #87, .T. ) ;
#1220 = DIRECTION ( 'NONE',  ( 0.000000000000000000, -1.000000000000000000, 0.000000000000000000 ) ) ;
#1221 = AXIS2_PLACEMENT_3D ( 'NONE', #2640, #1216, #2230 ) ;
#1222 = EDGE_CURVE ( 'NONE', #1738, #162, #332, .T. ) ;
#1223 = CARTESIAN_POINT ( 'NONE',  ( -48.00000000000000000, 46.00000000000000000, -214.0000000000000284 ) ) ;
#1224 = LINE ( 'NONE', #1235, #769 ) ;
#1225 = DIRECTION ( 'NONE',  ( 0.000000000000000000, 0.000000000000000000, -1.000000000000000000 ) ) ;
#1226 = DIRECTION ( 'NONE',  ( 0.000000000000000000, 1.000000000000000000, 0.000000000000000000 ) ) ;
#1227 = ORIENTED_EDGE ( 'NONE', *, *, #2505, .F. ) ;
#1228 = AXIS2_PLACEMENT_3D ( 'NONE', #920, #1976, #1305 ) ;
#1229 = LINE ( 'NONE', #2269, #2415 ) ;
#1230 = DIRECTION ( 'NONE',  ( -0.000000000000000000, -1.000000000000000000, -0.000000000000000000 ) ) ;
#1231 = CARTESIAN_POINT ( 'NONE',  ( -46.19397662556433914, 36.00000000000000000, -291.8841716182545269 ) ) ;
#1232 = VECTOR ( 'NONE', #227, 1000.000000000000000 ) ;
#1233 = ORIENTED_EDGE ( 'NONE', *, *, #704, .T. ) ;
#1234 = CARTESIAN_POINT ( 'NONE',  ( 1.592040838891557715E-15, 46.00000000000000000, -257.0000000000000000 ) ) ;
#1235 = CARTESIAN_POINT ( 'NONE',  ( 22.00000000000000000, 36.00000000000000000, -206.0000000000000284 ) ) ;
#1236 = EDGE_CURVE ( 'NONE', #2174, #2054, #1731, .T. ) ;
#1237 = CARTESIAN_POINT ( 'NONE',  ( 0.000000000000000000, 36.00000000000000000, -25.15000000000000213 ) ) ;
#1238 = LINE ( 'NONE', #373, #545 ) ;
#1239 = EDGE_LOOP ( 'NONE', ( #2649, #415 ) ) ;
#1240 = DIRECTION ( 'NONE',  ( 0.000000000000000000, 1.000000000000000000, 0.000000000000000000 ) ) ;
#1241 = FACE_BOUND ( 'NONE', #2530, .T. ) ;
#1242 = ORIENTED_EDGE ( 'NONE', *, *, #1534, .T. ) ;
#1243 = CARTESIAN_POINT ( 'NONE',  ( 46.19397662556434625, 46.00000000000000000, -253.6158283817455583 ) ) ;
#1244 = FACE_OUTER_BOUND ( 'NONE', #128, .T. ) ;
#1245 = ADVANCED_FACE ( 'NONE', ( #1786 ), #1606, .F. ) ;
#1246 = DIRECTION ( 'NONE',  ( 0.000000000000000000, 1.000000000000000000, 0.000000000000000000 ) ) ;
#1247 = CARTESIAN_POINT ( 'NONE',  ( 10.92505803290318589, 36.00000000000000000, -324.9239757025808899 ) ) ;
#1248 = VECTOR ( 'NONE', #1398, 1000.000000000000000 ) ;
#1249 = ADVANCED_FACE ( 'NONE', ( #2463 ), #1127, .F. ) ;
#1250 = EDGE_LOOP ( 'NONE', ( #776, #2324 ) ) ;
#1251 = DIRECTION ( 'NONE',  ( 0.000000000000000000, 0.3713906763541039990, -0.9284766908852593037 ) ) ;
#1252 = AXIS2_PLACEMENT_3D ( 'NONE', #1040, #1418, #791 ) ;
#1253 = ADVANCED_FACE ( 'NONE', ( #307 ), #105, .F. ) ;
#1254 = CARTESIAN_POINT ( 'NONE',  ( 0.000000000000000000, 46.00000000000000000, -6.000000000000000000 ) ) ;
#1255 = ORIENTED_EDGE ( 'NONE', *, *, #1278, .F. ) ;
#1256 = ORIENTED_EDGE ( 'NONE', *, *, #656, .F. ) ;
#1257 = VECTOR ( 'NONE', #674, 1000.000000000000000 ) ;
#1258 = CARTESIAN_POINT ( 'NONE',  ( -29.56414504036117563, 46.00000000000000000, -14.99586983568287479 ) ) ;
#1259 = CIRCLE ( 'NONE', #237, 2.750000000000030198 ) ;
#1260 = CARTESIAN_POINT ( 'NONE',  ( -19.13417161825447721, 46.00000000000000000, -226.5560233744356822 ) ) ;
#1261 = CC_DESIGN_SECURITY_CLASSIFICATION ( #1518, ( #1565 ) ) ;
#1262 = FACE_OUTER_BOUND ( 'NONE', #546, .T. ) ;
#1263 = CARTESIAN_POINT ( 'NONE',  ( -12.24586983568287124, 46.00000000000000000, -32.31414504036117563 ) ) ;
#1264 = ORIENTED_EDGE ( 'NONE', *, *, #1647, .T. ) ;
#1265 = CARTESIAN_POINT ( 'NONE',  ( -19.13417161825448787, 46.00000000000000000, -316.1939766255643463 ) ) ;
#1266 = EDGE_CURVE ( 'NONE', #2528, #214, #1912, .T. ) ;
#1267 = AXIS2_PLACEMENT_3D ( 'NONE', #2659, #1023, #2471 ) ;
#1268 = CARTESIAN_POINT ( 'NONE',  ( 30.00000000000000000, 31.00000000000000000, -35.59768778401239331 ) ) ;
#1269 = ORIENTED_EDGE ( 'NONE', *, *, #1657, .F. ) ;
#1270 = ORIENTED_EDGE ( 'NONE', *, *, #461, .F. ) ;
#1271 = DIRECTION ( 'NONE',  ( 0.000000000000000000, 1.000000000000000000, 0.000000000000000000 ) ) ;
#1272 = FACE_OUTER_BOUND ( 'NONE', #271, .T. ) ;
#1273 = CARTESIAN_POINT ( 'NONE',  ( -46.19397662556433914, 46.00000000000000000, -291.8841716182545269 ) ) ;
#1274 = CARTESIAN_POINT ( 'NONE',  ( -32.00000000000000000, 46.00000000000000000, 40.00000000000000000 ) ) ;
#1275 = ORIENTED_EDGE ( 'NONE', *, *, #2182, .F. ) ;
#1276 = CARTESIAN_POINT ( 'NONE',  ( -32.00000000000000000, 46.00000000000000000, 40.00000000000000000 ) ) ;
#1277 = CARTESIAN_POINT ( 'NONE',  ( 12.24586983568287479, 46.00000000000000000, -29.56414504036117563 ) ) ;
#1278 = EDGE_CURVE ( 'NONE', #782, #2073, #2404, .T. ) ;
#1279 = DIRECTION ( 'NONE',  ( 0.000000000000000000, 1.000000000000000000, 0.000000000000000000 ) ) ;
#1280 = ORIENTED_EDGE ( 'NONE', *, *, #1784, .T. ) ;
#1281 = DIRECTION ( 'NONE',  ( -0.000000000000000000, -1.000000000000000000, -0.000000000000000000 ) ) ;
#1282 = CARTESIAN_POINT ( 'NONE',  ( -22.00000000000000000, 15.99999999999999645, -61.09991680526687929 ) ) ;
#1283 = EDGE_CURVE ( 'NONE', #2244, #2745, #88, .T. ) ;
#1284 = LINE ( 'NONE', #23, #1232 ) ;
#1285 = FACE_OUTER_BOUND ( 'NONE', #1764, .T. ) ;
#1286 = ORIENTED_EDGE ( 'NONE', *, *, #12, .T. ) ;
#1287 = DIRECTION ( 'NONE',  ( 0.000000000000000000, 0.000000000000000000, 1.000000000000000000 ) ) ;
#1288 = PLANE ( 'NONE',  #193 ) ;
#1289 = CIRCLE ( 'NONE', #496, 2.750000000000002665 ) ;
#1290 = DIRECTION ( 'NONE',  ( 0.2873478855663453291, 0.000000000000000000, 0.9578262852211513190 ) ) ;
#1291 = EDGE_CURVE ( 'NONE', #2685, #2304, #1772, .T. ) ;
#1292 = CIRCLE ( 'NONE', #2710, 2.749999999999999112 ) ;
#1293 = CARTESIAN_POINT ( 'NONE',  ( -12.24586983568286414, 46.00000000000000000, 29.56414504036117918 ) ) ;
#1294 = CARTESIAN_POINT ( 'NONE',  ( 22.00000000000000000, 26.00000000000000000, -61.09991680526687929 ) ) ;
#1295 = AXIS2_PLACEMENT_3D ( 'NONE', #495, #2238, #2400 ) ;
#1296 = EDGE_CURVE ( 'NONE', #1108, #939, #1561, .T. ) ;
#1297 = AXIS2_PLACEMENT_3D ( 'NONE', #241, #841, #2143 ) ;
#1298 = CARTESIAN_POINT ( 'NONE',  ( -46.19397662556434625, 46.00000000000000000, -253.6158283817455583 ) ) ;
#1299 = ORIENTED_EDGE ( 'NONE', *, *, #1012, .F. ) ;
#1300 = FACE_OUTER_BOUND ( 'NONE', #1082, .T. ) ;
#1301 = AXIS2_PLACEMENT_3D ( 'NONE', #489, #1331, #1567 ) ;
#1302 = VERTEX_POINT ( 'NONE', #1369 ) ;
#1303 = DIRECTION ( 'NONE',  ( 0.000000000000000000, 0.000000000000000000, 1.000000000000000000 ) ) ;
#1304 = CARTESIAN_POINT ( 'NONE',  ( 12.24586983568288012, 46.00000000000000000, 29.56414504036117208 ) ) ;
#1305 = DIRECTION ( 'NONE',  ( 0.9238795325112870716, 0.000000000000000000, -0.3826834323650891712 ) ) ;
#1306 = PLANE ( 'NONE',  #1125 ) ;
#1307 = AXIS2_PLACEMENT_3D ( 'NONE', #1620, #1417, #395 ) ;
#1308 = CARTESIAN_POINT ( 'NONE',  ( -12.24586983568286414, 36.00000000000000000, 26.81414504036117563 ) ) ;
#1309 = VERTEX_POINT ( 'NONE', #739 ) ;
#1310 = EDGE_CURVE ( 'NONE', #214, #2733, #2435, .T. ) ;
#1311 = DIRECTION ( 'NONE',  ( 0.000000000000000000, 0.000000000000000000, 1.000000000000000000 ) ) ;
#1312 = VECTOR ( 'NONE', #1454, 1000.000000000000000 ) ;
#1313 = ORIENTED_EDGE ( 'NONE', *, *, #874, .F. ) ;
#1314 = CARTESIAN_POINT ( 'NONE',  ( -12.24586983568286414, 36.00000000000000000, 29.56414504036117918 ) ) ;
#1315 = APPROVAL_DATE_TIME ( #42, #1495 ) ;
#1316 = VERTEX_POINT ( 'NONE', #2016 ) ;
#1317 = FACE_BOUND ( 'NONE', #2033, .T. ) ;
#1318 = CARTESIAN_POINT ( 'NONE',  ( 30.00000000000000000, 15.99999999999999645, -206.0000000000000284 ) ) ;
#1319 = DIRECTION ( 'NONE',  ( -0.000000000000000000, -1.000000000000000000, -0.000000000000000000 ) ) ;
#1320 = ORIENTED_EDGE ( 'NONE', *, *, #1346, .T. ) ;
#1321 = DIRECTION ( 'NONE',  ( 0.1029093542216269058, 0.000000000000000000, 0.9946907382768211958 ) ) ;
#1322 = VERTEX_POINT ( 'NONE', #1865 ) ;
#1323 = DIRECTION ( 'NONE',  ( -0.000000000000000000, -0.000000000000000000, -1.000000000000000000 ) ) ;
#1324 = VERTEX_POINT ( 'NONE', #1632 ) ;
#1325 = EDGE_CURVE ( 'NONE', #1152, #2332, #1292, .T. ) ;
#1326 = ORIENTED_EDGE ( 'NONE', *, *, #1996, .T. ) ;
#1327 = CARTESIAN_POINT ( 'NONE',  ( 0.000000000000000000, 46.00000000000000000, -140.0000000000000000 ) ) ;
#1328 = DATE_AND_TIME ( #470, #822 ) ;
#1329 = EDGE_CURVE ( 'NONE', #2528, #1354, #2080, .T. ) ;
#1330 = ORIENTED_EDGE ( 'NONE', *, *, #1291, .T. ) ;
#1331 = DIRECTION ( 'NONE',  ( 0.000000000000000000, 1.000000000000000000, 0.000000000000000000 ) ) ;
#1332 = ADVANCED_FACE ( 'NONE', ( #2713 ), #587, .F. ) ;
#1333 = CARTESIAN_POINT ( 'NONE',  ( 19.13417161825450208, 46.00000000000000000, -223.8060233744356822 ) ) ;
#1334 = DIRECTION ( 'NONE',  ( -0.000000000000000000, -1.000000000000000000, -0.000000000000000000 ) ) ;
#1335 = VECTOR ( 'NONE', #2281, 1000.000000000000000 ) ;
#1336 = DIRECTION ( 'NONE',  ( 0.000000000000000000, 0.000000000000000000, -1.000000000000000000 ) ) ;
#1337 = VERTEX_POINT ( 'NONE', #1247 ) ;
#1338 = CIRCLE ( 'NONE', #138, 2.749999999999999112 ) ;
#1339 = CYLINDRICAL_SURFACE ( 'NONE', #2582, 2.750000000000030198 ) ;
#1340 = ORIENTED_EDGE ( 'NONE', *, *, #2638, .F. ) ;
#1341 = ORIENTED_EDGE ( 'NONE', *, *, #1689, .F. ) ;
#1342 = ORIENTED_EDGE ( 'NONE', *, *, #1165, .F. ) ;
#1343 = CARTESIAN_POINT ( 'NONE',  ( 3.079986699855593473E-15, 36.00000000000000000, 25.15000000000000213 ) ) ;
#1344 = AXIS2_PLACEMENT_3D ( 'NONE', #1636, #1370, #163 ) ;
#1345 = PERSON_AND_ORGANIZATION ( #243, #1654 ) ;
#1346 = EDGE_CURVE ( 'NONE', #86, #1645, #2700, .T. ) ;
#1347 = FACE_BOUND ( 'NONE', #2373, .T. ) ;
#1348 = CARTESIAN_POINT ( 'NONE',  ( -48.00000000000000000, 46.00000000000000000, -214.0000000000000284 ) ) ;
#1349 = CARTESIAN_POINT ( 'NONE',  ( -22.00000000000000000, 15.99999999999999645, -61.09991680526687929 ) ) ;
#1350 = FACE_OUTER_BOUND ( 'NONE', #2348, .T. ) ;
#1351 = VECTOR ( 'NONE', #760, 1000.000000000000000 ) ;
#1352 = VERTEX_POINT ( 'NONE', #386 ) ;
#1353 = DIRECTION ( 'NONE',  ( 0.000000000000000000, -0.000000000000000000, 1.000000000000000000 ) ) ;
#1354 = VERTEX_POINT ( 'NONE', #2486 ) ;
#1355 = ORIENTED_EDGE ( 'NONE', *, *, #1222, .F. ) ;
#1356 = ORIENTED_EDGE ( 'NONE', *, *, #1012, .T. ) ;
#1357 = CARTESIAN_POINT ( 'NONE',  ( -19.13417161825448787, 36.00000000000000000, -316.1939766255643463 ) ) ;
#1358 = AXIS2_PLACEMENT_3D ( 'NONE', #493, #1798, #1336 ) ;
#1359 = PERSON_AND_ORGANIZATION_ROLE ( 'design_owner' ) ;
#1360 = FACE_OUTER_BOUND ( 'NONE', #2399, .T. ) ;
#1361 = EDGE_CURVE ( 'NONE', #2446, #1724, #1238, .T. ) ;
#1362 = DIRECTION ( 'NONE',  ( -0.000000000000000000, -1.000000000000000000, -0.000000000000000000 ) ) ;
#1363 = FACE_OUTER_BOUND ( 'NONE', #1366, .T. ) ;
#1364 = CARTESIAN_POINT ( 'NONE',  ( -46.19397662556434625, 36.00000000000000000, -250.8658283817455299 ) ) ;
#1365 = CARTESIAN_POINT ( 'NONE',  ( -10.92505803290318056, 36.00000000000000000, -324.9239757025808899 ) ) ;
#1366 = EDGE_LOOP ( 'NONE', ( #357, #556, #246, #1155 ) ) ;
#1367 = ORIENTED_EDGE ( 'NONE', *, *, #2571, .T. ) ;
#1368 = ORIENTED_EDGE ( 'NONE', *, *, #589, .T. ) ;
#1369 = CARTESIAN_POINT ( 'NONE',  ( 0.000000000000000000, 38.19999999999999574, -25.15000000000000213 ) ) ;
#1370 = DIRECTION ( 'NONE',  ( 0.000000000000000000, 1.000000000000000000, 0.000000000000000000 ) ) ;
#1371 = PLANE ( 'NONE',  #1211 ) ;
#1372 = CARTESIAN_POINT ( 'NONE',  ( 12.24586983568287479, 46.00000000000000000, -32.31414504036117563 ) ) ;
#1373 = ADVANCED_FACE ( 'NONE', ( #172 ), #2266, .F. ) ;
#1374 = AXIS2_PLACEMENT_3D ( 'NONE', #580, #949, #2468 ) ;
#1375 = DIRECTION ( 'NONE',  ( -1.000000000000000000, -0.000000000000000000, -0.000000000000000000 ) ) ;
#1376 = DIRECTION ( 'NONE',  ( 0.000000000000000000, 1.000000000000000000, 0.000000000000000000 ) ) ;
#1377 = AXIS2_PLACEMENT_3D ( 'NONE', #575, #2727, #1016 ) ;
#1378 = EDGE_CURVE ( 'NONE', #2114, #1821, #397, .T. ) ;
#1379 = AXIS2_PLACEMENT_3D ( 'NONE', #2616, #715, #955 ) ;
#1380 = ORIENTED_EDGE ( 'NONE', *, *, #2719, .T. ) ;
#1381 = DIRECTION ( 'NONE',  ( 0.000000000000000000, 1.000000000000000000, 0.000000000000000000 ) ) ;
#1382 = VECTOR ( 'NONE', #1990, 1000.000000000000000 ) ;
#1383 = CARTESIAN_POINT ( 'NONE',  ( 12.24586983568287479, 36.00000000000000000, -29.56414504036117563 ) ) ;
#1384 = VECTOR ( 'NONE', #2186, 1000.000000000000000 ) ;
#1385 = LINE ( 'NONE', #1191, #1248 ) ;
#1386 = CC_DESIGN_APPROVAL ( #1672, ( #1875 ) ) ;
#1387 = PLANE ( 'NONE',  #187 ) ;
#1388 = ORIENTED_EDGE ( 'NONE', *, *, #2527, .F. ) ;
#1389 = EDGE_LOOP ( 'NONE', ( #1532, #205 ) ) ;
#1390 = CARTESIAN_POINT ( 'NONE',  ( -46.19397662556433914, 46.00000000000000000, -289.1341716182545269 ) ) ;
#1391 = DIRECTION ( 'NONE',  ( 0.000000000000000000, 0.000000000000000000, -1.000000000000000000 ) ) ;
#1392 = VECTOR ( 'NONE', #1442, 999.9999999999998863 ) ;
#1393 = EDGE_CURVE ( 'NONE', #1419, #665, #1779, .T. ) ;
#1394 = DIRECTION ( 'NONE',  ( 0.000000000000000000, 1.000000000000000000, 0.000000000000000000 ) ) ;
#1395 = DIRECTION ( 'NONE',  ( 0.000000000000000000, 1.000000000000000000, 0.000000000000000000 ) ) ;
#1396 = ORIENTED_EDGE ( 'NONE', *, *, #2118, .T. ) ;
#1397 = CARTESIAN_POINT ( 'NONE',  ( 0.000000000000000000, 46.00000000000000000, -270.0000000000000000 ) ) ;
#1398 = DIRECTION ( 'NONE',  ( -0.000000000000000000, -1.000000000000000000, -0.000000000000000000 ) ) ;
#1399 = LINE ( 'NONE', #1595, #1829 ) ;
#1400 = ORIENTED_EDGE ( 'NONE', *, *, #1570, .F. ) ;
#1401 = PLANE ( 'NONE',  #873 ) ;
#1402 = EDGE_LOOP ( 'NONE', ( #604, #458 ) ) ;
#1403 = CARTESIAN_POINT ( 'NONE',  ( 19.13417161825450208, 46.00000000000000000, -221.0560233744356537 ) ) ;
#1404 = FACE_OUTER_BOUND ( 'NONE', #1528, .T. ) ;
#1405 = CARTESIAN_POINT ( 'NONE',  ( -46.56229828894253586, 46.00000000000000000, -301.1119330490977291 ) ) ;
#1406 = EDGE_CURVE ( 'NONE', #1830, #1951, #2309, .T. ) ;
#1407 = ORIENTED_EDGE ( 'NONE', *, *, #2093, .T. ) ;
#1408 = LINE ( 'NONE', #1189, #1918 ) ;
#1409 = EDGE_CURVE ( 'NONE', #1103, #1485, #2053, .T. ) ;
#1410 = CARTESIAN_POINT ( 'NONE',  ( -30.00000000000000000, 36.00000000000000000, -35.59768778401239331 ) ) ;
#1411 = DIRECTION ( 'NONE',  ( -0.000000000000000000, -1.000000000000000000, -0.000000000000000000 ) ) ;
#1412 = EDGE_CURVE ( 'NONE', #973, #750, #2091, .T. ) ;
#1413 = ORIENTED_EDGE ( 'NONE', *, *, #176, .F. ) ;
#1414 = DIRECTION ( 'NONE',  ( 0.000000000000000000, 1.000000000000000000, 0.000000000000000000 ) ) ;
#1415 = ORIENTED_EDGE ( 'NONE', *, *, #7, .T. ) ;
#1416 = CARTESIAN_POINT ( 'NONE',  ( -46.19397662556433914, 36.00000000000000000, -289.1341716182545269 ) ) ;
#1417 = DIRECTION ( 'NONE',  ( 0.000000000000000000, 1.000000000000000000, 0.000000000000000000 ) ) ;
#1418 = DIRECTION ( 'NONE',  ( 0.9238795325112868495, -0.000000000000000000, 0.3826834323650895597 ) ) ;
#1419 = VERTEX_POINT ( 'NONE', #358 ) ;
#1420 = CIRCLE ( 'NONE', #2455, 2.749999999999999112 ) ;
#1421 = DIRECTION ( 'NONE',  ( 0.000000000000000000, 0.000000000000000000, 1.000000000000000000 ) ) ;
#1422 = VECTOR ( 'NONE', #2736, 1000.000000000000227 ) ;
#1423 = ADVANCED_FACE ( 'NONE', ( #803 ), #989, .F. ) ;
#1424 = CARTESIAN_POINT ( 'NONE',  ( -12.24586983568286414, 46.00000000000000000, 29.56414504036117918 ) ) ;
#1425 = CARTESIAN_POINT ( 'NONE',  ( 54.92397570258090411, 46.00000000000000000, -280.9250580329031663 ) ) ;
#1426 = AXIS2_PLACEMENT_3D ( 'NONE', #321, #349, #578 ) ;
#1427 = ORIENTED_EDGE ( 'NONE', *, *, #2093, .F. ) ;
#1428 = CARTESIAN_POINT ( 'NONE',  ( -19.13417161825448787, 46.00000000000000000, -316.1939766255643463 ) ) ;
#1429 = FACE_OUTER_BOUND ( 'NONE', #1585, .T. ) ;
#1430 = ORIENTED_EDGE ( 'NONE', *, *, #1159, .F. ) ;
#1431 = VERTEX_POINT ( 'NONE', #1853 ) ;
#1432 = DIRECTION ( 'NONE',  ( 0.000000000000000000, 0.000000000000000000, -1.000000000000000000 ) ) ;
#1433 = CIRCLE ( 'NONE', #737, 2.750000000000002665 ) ;
#1434 = ORIENTED_EDGE ( 'NONE', *, *, #611, .F. ) ;
#1435 = AXIS2_PLACEMENT_3D ( 'NONE', #212, #2746, #4 ) ;
#1436 = CYLINDRICAL_SURFACE ( 'NONE', #774, 2.749999999999999112 ) ;
#1437 = DIRECTION ( 'NONE',  ( 0.000000000000000000, 1.000000000000000000, 0.000000000000000000 ) ) ;
#1438 = FACE_BOUND ( 'NONE', #1557, .T. ) ;
#1439 = VECTOR ( 'NONE', #287, 1000.000000000000000 ) ;
#1440 = ORIENTED_EDGE ( 'NONE', *, *, #611, .T. ) ;
#1441 = EDGE_CURVE ( 'NONE', #2304, #1126, #833, .T. ) ;
#1442 = DIRECTION ( 'NONE',  ( -0.9238795325112870716, 0.000000000000000000, -0.3826834323650892822 ) ) ;
#1443 = DIRECTION ( 'NONE',  ( 0.000000000000000000, 1.000000000000000000, 0.000000000000000000 ) ) ;
#1444 = EDGE_CURVE ( 'NONE', #1093, #572, #2044, .T. ) ;
#1445 = ORIENTED_EDGE ( 'NONE', *, *, #2527, .T. ) ;
#1446 = CARTESIAN_POINT ( 'NONE',  ( 32.00000000000000000, 36.00000000000000000, 40.00000000000000000 ) ) ;
#1447 = EDGE_CURVE ( 'NONE', #1678, #86, #1212, .T. ) ;
#1448 = ORIENTED_EDGE ( 'NONE', *, *, #1669, .T. ) ;
#1449 = DIRECTION ( 'NONE',  ( 0.1029093542216269058, 0.000000000000000000, -0.9946907382768211958 ) ) ;
#1450 = FACE_BOUND ( 'NONE', #1843, .T. ) ;
#1451 = VERTEX_POINT ( 'NONE', #1842 ) ;
#1452 = CARTESIAN_POINT ( 'NONE',  ( -12.24586983568287124, 46.00000000000000000, -26.81414504036117563 ) ) ;
#1453 = DIRECTION ( 'NONE',  ( -0.000000000000000000, -0.000000000000000000, -1.000000000000000000 ) ) ;
#1454 = DIRECTION ( 'NONE',  ( -0.000000000000000000, -1.000000000000000000, -0.000000000000000000 ) ) ;
#1455 = ADVANCED_FACE ( 'NONE', ( #2690 ), #1643, .F. ) ;
#1456 = DIRECTION ( 'NONE',  ( -0.000000000000000000, -1.000000000000000000, -0.000000000000000000 ) ) ;
#1457 = VECTOR ( 'NONE', #28, 1000.000000000000000 ) ;
#1458 = ORIENTED_EDGE ( 'NONE', *, *, #1940, .T. ) ;
#1459 = CARTESIAN_POINT ( 'NONE',  ( -46.56229828894253586, 36.00000000000000000, -301.1119330490977291 ) ) ;
#1460 = AXIS2_PLACEMENT_3D ( 'NONE', #2360, #452, #1303 ) ;
#1461 = CIRCLE ( 'NONE', #277, 2.750000000000030198 ) ;
#1462 = CARTESIAN_POINT ( 'NONE',  ( -29.56414504036117918, 46.00000000000000000, 14.99586983568286946 ) ) ;
#1463 = ORIENTED_EDGE ( 'NONE', *, *, #466, .T. ) ;
#1464 = VERTEX_POINT ( 'NONE', #1263 ) ;
#1465 = AXIS2_PLACEMENT_3D ( 'NONE', #1524, #2601, #33 ) ;
#1466 = LINE ( 'NONE', #1087, #153 ) ;
#1467 = CIRCLE ( 'NONE', #282, 2.750000000000002665 ) ;
#1468 = DIRECTION ( 'NONE',  ( -0.9238795325112870716, 0.000000000000000000, -0.3826834323650892822 ) ) ;
#1469 = VERTEX_POINT ( 'NONE', #259 ) ;
#1470 = VECTOR ( 'NONE', #1883, 1000.000000000000114 ) ;
#1471 = CARTESIAN_POINT ( 'NONE',  ( 12.24586983568288012, 46.00000000000000000, 29.56414504036117208 ) ) ;
#1472 = CARTESIAN_POINT ( 'NONE',  ( 30.00000000000000000, 26.00000000000000000, -61.09991680526687929 ) ) ;
#1473 = ADVANCED_FACE ( 'NONE', ( #2164 ), #25, .F. ) ;
#1474 = ORIENTED_EDGE ( 'NONE', *, *, #387, .F. ) ;
#1475 = CARTESIAN_POINT ( 'NONE',  ( 22.00000000000000000, 31.00000000000000000, -35.59768778401239331 ) ) ;
#1476 = ORIENTED_EDGE ( 'NONE', *, *, #2161, .T. ) ;
#1477 = VECTOR ( 'NONE', #840, 1000.000000000000000 ) ;
#1478 = FACE_BOUND ( 'NONE', #775, .T. ) ;
#1479 = ORIENTED_EDGE ( 'NONE', *, *, #1441, .F. ) ;
#1480 = EDGE_LOOP ( 'NONE', ( #2375, #401 ) ) ;
#1481 = CARTESIAN_POINT ( 'NONE',  ( -12.24586983568286414, 46.00000000000000000, 26.81414504036117563 ) ) ;
#1482 = FACE_OUTER_BOUND ( 'NONE', #1480, .T. ) ;
#1483 = DIRECTION ( 'NONE',  ( 0.000000000000000000, 1.000000000000000000, 0.000000000000000000 ) ) ;
#1484 = DIRECTION ( 'NONE',  ( 0.000000000000000000, 0.000000000000000000, -1.000000000000000000 ) ) ;
#1485 = VERTEX_POINT ( 'NONE', #2106 ) ;
#1486 = LINE ( 'NONE', #2379, #2317 ) ;
#1487 = EDGE_CURVE ( 'NONE', #2745, #1199, #1683, .T. ) ;
#1488 = DIRECTION ( 'NONE',  ( -0.7071067811865470176, 0.000000000000000000, 0.7071067811865480168 ) ) ;
#1489 = EDGE_CURVE ( 'NONE', #1802, #2251, #421, .T. ) ;
#1490 = CARTESIAN_POINT ( 'NONE',  ( -22.00000000000000000, 31.00000000000000000, -59.09991680526687929 ) ) ;
#1491 = ORIENTED_EDGE ( 'NONE', *, *, #53, .T. ) ;
#1492 = CARTESIAN_POINT ( 'NONE',  ( -22.00000000000000000, 26.00000000000000000, -61.09991680526687929 ) ) ;
#1493 = CARTESIAN_POINT ( 'NONE',  ( 19.13417161825450208, 36.00000000000000000, -221.0560233744356537 ) ) ;
#1494 = ORIENTED_EDGE ( 'NONE', *, *, #312, .T. ) ;
#1495 = APPROVAL ( #1759, 'UNSPECIFIED' ) ;
#1496 = CARTESIAN_POINT ( 'NONE',  ( -30.00000000000000000, 31.00000000000000000, -35.59768778401239331 ) ) ;
#1497 = ORIENTED_EDGE ( 'NONE', *, *, #1266, .T. ) ;
#1498 = CYLINDRICAL_SURFACE ( 'NONE', #1734, 11.00000000000001066 ) ;
#1499 = ORIENTED_EDGE ( 'NONE', *, *, #2047, .T. ) ;
#1500 = ORIENTED_EDGE ( 'NONE', *, *, #1218, .T. ) ;
#1501 = CARTESIAN_POINT ( 'NONE',  ( -12.24586983568287124, 46.00000000000000000, -29.56414504036117563 ) ) ;
#1502 = PERSON_AND_ORGANIZATION_ROLE ( 'creator' ) ;
#1503 = ORIENTED_EDGE ( 'NONE', *, *, #789, .F. ) ;
#1504 = FACE_BOUND ( 'NONE', #1250, .T. ) ;
#1505 = VECTOR ( 'NONE', #130, 1000.000000000000000 ) ;
#1506 = ADVANCED_FACE ( 'NONE', ( #247 ), #2538, .F. ) ;
#1507 = CARTESIAN_POINT ( 'NONE',  ( 19.13417161825449497, 46.00000000000000000, -318.9439766255643463 ) ) ;
#1508 = CARTESIAN_POINT ( 'NONE',  ( -29.56414504036117563, 36.00000000000000000, -12.24586983568287657 ) ) ;
#1509 = EDGE_LOOP ( 'NONE', ( #1330, #2515, #2184, #189, #1741, #2635, #1356 ) ) ;
#1510 = VECTOR ( 'NONE', #1556, 1000.000000000000000 ) ;
#1511 = VECTOR ( 'NONE', #2656, 1000.000000000000114 ) ;
#1512 = DIRECTION ( 'NONE',  ( -0.000000000000000000, -1.000000000000000000, -0.000000000000000000 ) ) ;
#1513 = ORIENTED_EDGE ( 'NONE', *, *, #2047, .F. ) ;
#1514 = DIRECTION ( 'NONE',  ( -0.000000000000000000, -1.000000000000000000, -0.000000000000000000 ) ) ;
#1515 = ORIENTED_EDGE ( 'NONE', *, *, #176, .T. ) ;
#1516 = AXIS2_PLACEMENT_3D ( 'NONE', #335, #2285, #1421 ) ;
#1517 = ORIENTED_EDGE ( 'NONE', *, *, #1150, .T. ) ;
#1518 = SECURITY_CLASSIFICATION ( '', '', #1129 ) ;
#1519 = DIRECTION ( 'NONE',  ( 0.000000000000000000, 1.000000000000000000, 0.000000000000000000 ) ) ;
#1520 = DATE_TIME_ROLE ( 'creation_date' ) ;
#1521 = DIRECTION ( 'NONE',  ( -0.1262542796739151152, 0.000000000000000000, -0.9919979117236189525 ) ) ;
#1522 = AXIS2_PLACEMENT_3D ( 'NONE', #1527, #528, #1120 ) ;
#1523 = DIRECTION ( 'NONE',  ( -1.000000000000000000, -0.000000000000000000, -0.000000000000000000 ) ) ;
#1524 = CARTESIAN_POINT ( 'NONE',  ( 46.19397662556433914, 46.00000000000000000, -289.1341716182545269 ) ) ;
#1525 = ORIENTED_EDGE ( 'NONE', *, *, #170, .T. ) ;
#1526 = ADVANCED_FACE ( 'NONE', ( #1300 ), #651, .F. ) ;
#1527 = CARTESIAN_POINT ( 'NONE',  ( -19.13417161825448787, 46.00000000000000000, -316.1939766255643463 ) ) ;
#1528 = EDGE_LOOP ( 'NONE', ( #2338, #2539, #751, #2353 ) ) ;
#1529 = CARTESIAN_POINT ( 'NONE',  ( 46.19397662556433914, 46.00000000000000000, -289.1341716182545269 ) ) ;
#1530 = EDGE_CURVE ( 'NONE', #1778, #2432, #2552, .T. ) ;
#1531 = ORIENTED_EDGE ( 'NONE', *, *, #1617, .T. ) ;
#1532 = ORIENTED_EDGE ( 'NONE', *, *, #2187, .F. ) ;
#1533 = DIRECTION ( 'NONE',  ( -0.000000000000000000, 0.000000000000000000, 1.000000000000000000 ) ) ;
#1534 = EDGE_CURVE ( 'NONE', #9, #879, #1420, .T. ) ;
#1535 = VERTEX_POINT ( 'NONE', #2131 ) ;
#1536 = FACE_BOUND ( 'NONE', #2140, .T. ) ;
#1537 = DIRECTION ( 'NONE',  ( 0.000000000000000000, 1.000000000000000000, 0.000000000000000000 ) ) ;
#1538 = CARTESIAN_POINT ( 'NONE',  ( 0.000000000000000000, 36.00000000000000000, -96.00000000000000000 ) ) ;
#1539 = FACE_OUTER_BOUND ( 'NONE', #1838, .T. ) ;
#1540 = EDGE_LOOP ( 'NONE', ( #137, #1041, #1255, #1653 ) ) ;
#1541 = CYLINDRICAL_SURFACE ( 'NONE', #1826, 2.750000000000030198 ) ;
#1542 = EDGE_LOOP ( 'NONE', ( #2018, #697, #531, #2594 ) ) ;
#1543 = ADVANCED_FACE ( 'NONE', ( #1066 ), #1498, .F. ) ;
#1544 = EDGE_LOOP ( 'NONE', ( #1982, #813 ) ) ;
#1545 = DIRECTION ( 'NONE',  ( -0.000000000000000000, -1.000000000000000000, -0.000000000000000000 ) ) ;
#1546 = DATE_TIME_ROLE ( 'classification_date' ) ;
#1547 = VERTEX_POINT ( 'NONE', #1905 ) ;
#1548 = CARTESIAN_POINT ( 'NONE',  ( -30.00000000000000000, 36.00000000000000000, -206.0000000000000284 ) ) ;
#1549 = CIRCLE ( 'NONE', #2050, 2.749999999999999112 ) ;
#1550 = DIRECTION ( 'NONE',  ( -0.000000000000000000, -1.000000000000000000, -0.000000000000000000 ) ) ;
#1551 = CARTESIAN_POINT ( 'NONE',  ( -29.56414504036117918, 46.00000000000000000, 9.495869835682871241 ) ) ;
#1552 = VECTOR ( 'NONE', #320, 1000.000000000000000 ) ;
#1553 = CYLINDRICAL_SURFACE ( 'NONE', #463, 2.749999999999974687 ) ;
#1554 = VERTEX_POINT ( 'NONE', #625 ) ;
#1555 = VECTOR ( 'NONE', #2159, 1000.000000000000000 ) ;
#1556 = DIRECTION ( 'NONE',  ( -0.9238795325112870716, 0.000000000000000000, 0.3826834323650891712 ) ) ;
#1557 = EDGE_LOOP ( 'NONE', ( #1445, #149 ) ) ;
#1558 = ORIENTED_EDGE ( 'NONE', *, *, #1657, .T. ) ;
#1559 = AXIS2_PLACEMENT_3D ( 'NONE', #909, #525, #2428 ) ;
#1560 = ORIENTED_EDGE ( 'NONE', *, *, #709, .F. ) ;
#1561 = LINE ( 'NONE', #2422, #941 ) ;
#1562 = CIRCLE ( 'NONE', #1301, 10.99999999999999645 ) ;
#1563 = MECHANICAL_CONTEXT ( 'NONE', #1018, 'mechanical' ) ;
#1564 = EDGE_CURVE ( 'NONE', #735, #653, #2358, .T. ) ;
#1565 = PRODUCT_DEFINITION_FORMATION_WITH_SPECIFIED_SOURCE ( 'ANY', '', #1789, .NOT_KNOWN. ) ;
#1566 = ORIENTED_EDGE ( 'NONE', *, *, #1866, .T. ) ;
#1567 = DIRECTION ( 'NONE',  ( 0.000000000000000000, 0.000000000000000000, 1.000000000000000000 ) ) ;
#1568 = CARTESIAN_POINT ( 'NONE',  ( 46.19397662556434625, 36.00000000000000000, -250.8658283817455299 ) ) ;
#1569 = LINE ( 'NONE', #1551, #549 ) ;
#1570 = EDGE_CURVE ( 'NONE', #2126, #741, #899, .T. ) ;
#1571 = CARTESIAN_POINT ( 'NONE',  ( 0.000000000000000000, 46.00000000000000000, -195.0000000000000000 ) ) ;
#1572 = VECTOR ( 'NONE', #2509, 1000.000000000000000 ) ;
#1573 = ORIENTED_EDGE ( 'NONE', *, *, #1856, .F. ) ;
#1574 = CARTESIAN_POINT ( 'NONE',  ( -29.56414504036117563, 46.00000000000000000, -9.495869835682878346 ) ) ;
#1575 = EDGE_LOOP ( 'NONE', ( #1915, #1774, #2550, #331 ) ) ;
#1576 = ORIENTED_EDGE ( 'NONE', *, *, #520, .F. ) ;
#1577 = VERTEX_POINT ( 'NONE', #1094 ) ;
#1578 = DIRECTION ( 'NONE',  ( -0.000000000000000000, -1.000000000000000000, -0.000000000000000000 ) ) ;
#1579 = AXIS2_PLACEMENT_3D ( 'NONE', #1699, #244, #1904 ) ;
#1580 = EDGE_CURVE ( 'NONE', #2125, #1554, #501, .T. ) ;
#1581 = DIRECTION ( 'NONE',  ( 0.000000000000000000, 0.000000000000000000, -1.000000000000000000 ) ) ;
#1582 = EDGE_CURVE ( 'NONE', #2417, #1554, #2739, .T. ) ;
#1583 = CARTESIAN_POINT ( 'NONE',  ( 30.00000000000000000, 15.99999999999999645, -61.09991680526687929 ) ) ;
#1584 = FACE_OUTER_BOUND ( 'NONE', #2179, .T. ) ;
#1585 = EDGE_LOOP ( 'NONE', ( #36, #2342, #721, #588 ) ) ;
#1586 = DIRECTION ( 'NONE',  ( 0.000000000000000000, 1.000000000000000000, 0.000000000000000000 ) ) ;
#1587 = ORIENTED_EDGE ( 'NONE', *, *, #1701, .F. ) ;
#1588 = FACE_OUTER_BOUND ( 'NONE', #2100, .T. ) ;
#1589 = ORIENTED_EDGE ( 'NONE', *, *, #330, .F. ) ;
#1590 = ORIENTED_EDGE ( 'NONE', *, *, #2351, .F. ) ;
#1591 = DIRECTION ( 'NONE',  ( -1.000000000000000000, 0.000000000000000000, 0.000000000000000000 ) ) ;
#1592 = ORIENTED_EDGE ( 'NONE', *, *, #2607, .F. ) ;
#1593 = DIRECTION ( 'NONE',  ( -0.000000000000000000, -1.000000000000000000, -0.000000000000000000 ) ) ;
#1594 = CYLINDRICAL_SURFACE ( 'NONE', #1167, 2.750000000000002665 ) ;
#1595 = CARTESIAN_POINT ( 'NONE',  ( -29.56414504036117918, 46.00000000000000000, 14.99586983568286946 ) ) ;
#1596 = ORIENTED_EDGE ( 'NONE', *, *, #1871, .F. ) ;
#1597 = ADVANCED_FACE ( 'NONE', ( #1285 ), #1725, .F. ) ;
#1598 = DIRECTION ( 'NONE',  ( 0.000000000000000000, 1.000000000000000000, 0.000000000000000000 ) ) ;
#1599 = ORIENTED_EDGE ( 'NONE', *, *, #795, .F. ) ;
#1600 = DIRECTION ( 'NONE',  ( -0.000000000000000000, -1.000000000000000000, -0.000000000000000000 ) ) ;
#1601 = AXIS2_PLACEMENT_3D ( 'NONE', #1700, #1456, #1106 ) ;
#1602 = EDGE_LOOP ( 'NONE', ( #1800, #1497, #685, #511 ) ) ;
#1603 = VECTOR ( 'NONE', #2709, 1000.000000000000000 ) ;
#1604 = EDGE_LOOP ( 'NONE', ( #1458, #1868, #1979, #716 ) ) ;
#1605 = CARTESIAN_POINT ( 'NONE',  ( 12.24586983568287479, 46.00000000000000000, -29.56414504036117563 ) ) ;
#1606 = PLANE ( 'NONE',  #2665 ) ;
#1607 = CIRCLE ( 'NONE', #2587, 11.00000000000001066 ) ;
#1608 = DIRECTION ( 'NONE',  ( 0.000000000000000000, -0.000000000000000000, 1.000000000000000000 ) ) ;
#1609 = VECTOR ( 'NONE', #1449, 1000.000000000000114 ) ;
#1610 = CARTESIAN_POINT ( 'NONE',  ( 1.347111479062088799E-15, 46.00000000000000000, -74.00000000000001421 ) ) ;
#1611 = CARTESIAN_POINT ( 'NONE',  ( 54.92397570258090411, 36.00000000000000000, -280.9250580329031663 ) ) ;
#1612 = VERTEX_POINT ( 'NONE', #1080 ) ;
#1613 = ORIENTED_EDGE ( 'NONE', *, *, #637, .T. ) ;
#1614 = ORIENTED_EDGE ( 'NONE', *, *, #2490, .T. ) ;
#1615 = DIRECTION ( 'NONE',  ( 0.000000000000000000, 0.000000000000000000, 1.000000000000000000 ) ) ;
#1616 = ORIENTED_EDGE ( 'NONE', *, *, #1117, .F. ) ;
#1617 = EDGE_CURVE ( 'NONE', #1146, #952, #2376, .T. ) ;
#1618 = DIRECTION ( 'NONE',  ( 0.000000000000000000, 0.000000000000000000, 1.000000000000000000 ) ) ;
#1619 = AXIS2_PLACEMENT_3D ( 'NONE', #647, #2344, #64 ) ;
#1620 = CARTESIAN_POINT ( 'NONE',  ( 19.13417161825449497, 36.00000000000000000, -316.1939766255643463 ) ) ;
#1621 = EDGE_CURVE ( 'NONE', #1686, #1821, #872, .T. ) ;
#1622 = CARTESIAN_POINT ( 'NONE',  ( -29.56414504036117918, 46.00000000000000000, 12.24586983568286946 ) ) ;
#1623 = ORIENTED_EDGE ( 'NONE', *, *, #490, .F. ) ;
#1624 = EDGE_CURVE ( 'NONE', #451, #197, #664, .T. ) ;
#1625 = UNCERTAINTY_MEASURE_WITH_UNIT (LENGTH_MEASURE( 1.000000000000000082E-05 ), #835, 'distance_accuracy_value', 'NONE');
#1626 = DIRECTION ( 'NONE',  ( 0.000000000000000000, 0.000000000000000000, 1.000000000000000000 ) ) ;
#1627 = CARTESIAN_POINT ( 'NONE',  ( 29.56414504036117918, 46.00000000000000000, 12.24586983568286591 ) ) ;
#1628 = CARTESIAN_POINT ( 'NONE',  ( 54.92397570258090411, 46.00000000000000000, -280.9250580329031663 ) ) ;
#1629 = DIRECTION ( 'NONE',  ( 1.000000000000000000, 0.000000000000000000, -0.000000000000000000 ) ) ;
#1630 = CARTESIAN_POINT ( 'NONE',  ( 46.19397662556433914, 46.00000000000000000, -286.3841716182544701 ) ) ;
#1631 = ORIENTED_EDGE ( 'NONE', *, *, #1329, .T. ) ;
#1632 = CARTESIAN_POINT ( 'NONE',  ( 1.224646799147352073E-15, 46.00000000000000000, -185.0000000000000000 ) ) ;
#1633 = ADVANCED_BREP_SHAPE_REPRESENTATION ( 'JX1_Thigh_L', ( #409, #148 ), #2286 ) ;
#1634 = ADVANCED_FACE ( 'NONE', ( #1153 ), #2443, .F. ) ;
#1635 = ORIENTED_EDGE ( 'NONE', *, *, #1944, .T. ) ;
#1636 = CARTESIAN_POINT ( 'NONE',  ( 19.13417161825449497, 46.00000000000000000, -316.1939766255643463 ) ) ;
#1637 = LINE ( 'NONE', #2666, #543 ) ;
#1638 = LINE ( 'NONE', #797, #141 ) ;
#1639 = ORIENTED_EDGE ( 'NONE', *, *, #1788, .T. ) ;
#1640 = DIRECTION ( 'NONE',  ( 0.000000000000000000, 0.000000000000000000, 1.000000000000000000 ) ) ;
#1641 = CARTESIAN_POINT ( 'NONE',  ( 46.19397662556434625, 36.00000000000000000, -250.8658283817455299 ) ) ;
#1642 = DIRECTION ( 'NONE',  ( 0.000000000000000000, 1.000000000000000000, 0.000000000000000000 ) ) ;
#1643 = CYLINDRICAL_SURFACE ( 'NONE', #1867, 10.99999999999999645 ) ;
#1644 = CIRCLE ( 'NONE', #2536, 2.750000000000002665 ) ;
#1645 = VERTEX_POINT ( 'NONE', #481 ) ;
#1646 = VECTOR ( 'NONE', #1323, 1000.000000000000000 ) ;
#1647 = EDGE_CURVE ( 'NONE', #750, #1547, #972, .T. ) ;
#1648 = CARTESIAN_POINT ( 'NONE',  ( 19.13417161825449497, 46.00000000000000000, -313.4439766255644031 ) ) ;
#1649 = VECTOR ( 'NONE', #2723, 1000.000000000000227 ) ;
#1650 = DIRECTION ( 'NONE',  ( -0.000000000000000000, -0.000000000000000000, 1.000000000000000000 ) ) ;
#1651 = CARTESIAN_POINT ( 'NONE',  ( 1.592040838891557715E-15, 36.00000000000000000, -257.0000000000000000 ) ) ;
#1652 = AXIS2_PLACEMENT_3D ( 'NONE', #360, #534, #754 ) ;
#1653 = ORIENTED_EDGE ( 'NONE', *, *, #907, .T. ) ;
#1654 = ORGANIZATION ( 'UNSPECIFIED', 'UNSPECIFIED', '' ) ;
#1655 = CARTESIAN_POINT ( 'NONE',  ( -32.00000000000000000, 46.00000000000000000, 40.00000000000000000 ) ) ;
#1656 = DIRECTION ( 'NONE',  ( 0.000000000000000000, 1.000000000000000000, 0.000000000000000000 ) ) ;
#1657 = EDGE_CURVE ( 'NONE', #1663, #718, #2279, .T. ) ;
#1658 = CARTESIAN_POINT ( 'NONE',  ( 19.13417161825449497, 36.00000000000000000, -316.1939766255643463 ) ) ;
#1659 = DIRECTION ( 'NONE',  ( 0.000000000000000000, 0.000000000000000000, -1.000000000000000000 ) ) ;
#1660 = AXIS2_PLACEMENT_3D ( 'NONE', #98, #2398, #896 ) ;
#1661 = ORIENTED_EDGE ( 'NONE', *, *, #1112, .T. ) ;
#1662 = CARTESIAN_POINT ( 'NONE',  ( 48.00000000000000000, 36.00000000000000000, -214.0000000000000284 ) ) ;
#1663 = VERTEX_POINT ( 'NONE', #1123 ) ;
#1664 = CIRCLE ( 'NONE', #2027, 2.749999999999974687 ) ;
#1665 = ADVANCED_FACE ( 'NONE', ( #2195 ), #1541, .F. ) ;
#1666 = DIRECTION ( 'NONE',  ( -0.000000000000000000, -1.000000000000000000, -0.000000000000000000 ) ) ;
#1667 = VECTOR ( 'NONE', #662, 1000.000000000000000 ) ;
#1668 = ORIENTED_EDGE ( 'NONE', *, *, #2505, .T. ) ;
#1669 = EDGE_CURVE ( 'NONE', #2022, #2618, #913, .T. ) ;
#1670 = DIRECTION ( 'NONE',  ( 0.000000000000000000, 1.000000000000000000, 0.000000000000000000 ) ) ;
#1671 = LINE ( 'NONE', #442, #1872 ) ;
#1672 = APPROVAL ( #1927, 'UNSPECIFIED' ) ;
#1673 = DIRECTION ( 'NONE',  ( -0.000000000000000000, -1.000000000000000000, -0.000000000000000000 ) ) ;
#1674 = CARTESIAN_POINT ( 'NONE',  ( -22.00000000000000000, 26.00000000000000000, -61.09991680526687929 ) ) ;
#1675 = ORIENTED_EDGE ( 'NONE', *, *, #2014, .F. ) ;
#1676 = FACE_OUTER_BOUND ( 'NONE', #1010, .T. ) ;
#1677 = CARTESIAN_POINT ( 'NONE',  ( 1.224646799147353256E-15, 46.00000000000000000, -185.0000000000000000 ) ) ;
#1678 = VERTEX_POINT ( 'NONE', #2225 ) ;
#1679 = LINE ( 'NONE', #2532, #518 ) ;
#1680 = CARTESIAN_POINT ( 'NONE',  ( 29.56414504036117918, 36.00000000000000000, 12.24586983568286591 ) ) ;
#1681 = EDGE_CURVE ( 'NONE', #1322, #72, #1173, .T. ) ;
#1682 = CARTESIAN_POINT ( 'NONE',  ( -29.56414504036117563, 46.00000000000000000, -12.24586983568287657 ) ) ;
#1683 = LINE ( 'NONE', #884, #2407 ) ;
#1684 = ADVANCED_FACE ( 'NONE', ( #272 ), #1339, .F. ) ;
#1685 = AXIS2_PLACEMENT_3D ( 'NONE', #2288, #351, #2246 ) ;
#1686 = VERTEX_POINT ( 'NONE', #705 ) ;
#1687 = ORIENTED_EDGE ( 'NONE', *, *, #1944, .F. ) ;
#1688 = CARTESIAN_POINT ( 'NONE',  ( 19.13417161825450208, 36.00000000000000000, -223.8060233744356822 ) ) ;
#1689 = EDGE_CURVE ( 'NONE', #197, #903, #2431, .T. ) ;
#1690 = VECTOR ( 'NONE', #186, 1000.000000000000114 ) ;
#1691 = VECTOR ( 'NONE', #2565, 1000.000000000000000 ) ;
#1692 = FACE_BOUND ( 'NONE', #154, .T. ) ;
#1693 = ORIENTED_EDGE ( 'NONE', *, *, #839, .T. ) ;
#1694 = VECTOR ( 'NONE', #551, 1000.000000000000000 ) ;
#1695 = CARTESIAN_POINT ( 'NONE',  ( 30.00000000000000000, 36.00000000000000000, -206.0000000000000284 ) ) ;
#1696 = CARTESIAN_POINT ( 'NONE',  ( 22.00000000000000000, 31.00000000000000000, -35.59768778401239331 ) ) ;
#1697 = ORIENTED_EDGE ( 'NONE', *, *, #527, .T. ) ;
#1698 = EDGE_CURVE ( 'NONE', #104, #2209, #2754, .T. ) ;
#1699 = CARTESIAN_POINT ( 'NONE',  ( 12.24586983568288012, 46.00000000000000000, 29.56414504036117208 ) ) ;
#1700 = CARTESIAN_POINT ( 'NONE',  ( -29.56414504036117918, 46.00000000000000000, 12.24586983568286946 ) ) ;
#1701 = EDGE_CURVE ( 'NONE', #2299, #1431, #289, .T. ) ;
#1702 = ORIENTED_EDGE ( 'NONE', *, *, #826, .T. ) ;
#1703 = DIRECTION ( 'NONE',  ( 0.000000000000000000, 0.000000000000000000, 1.000000000000000000 ) ) ;
#1704 = AXIS2_PLACEMENT_3D ( 'NONE', #1293, #181, #2722 ) ;
#1705 = CARTESIAN_POINT ( 'NONE',  ( -30.00000000000000000, 46.00000000000000000, -110.0000000000000000 ) ) ;
#1706 = ORIENTED_EDGE ( 'NONE', *, *, #1278, .T. ) ;
#1707 = AXIS2_PLACEMENT_3D ( 'NONE', #1014, #2078, #2297 ) ;
#1708 = ADVANCED_FACE ( 'NONE', ( #1980 ), #749, .F. ) ;
#1709 = DIRECTION ( 'NONE',  ( -1.000000000000000000, -0.000000000000000000, -0.000000000000000000 ) ) ;
#1710 = AXIS2_PLACEMENT_3D ( 'NONE', #125, #1414, #2074 ) ;
#1711 = CARTESIAN_POINT ( 'NONE',  ( 48.00000000000000000, 46.00000000000000000, -214.0000000000000284 ) ) ;
#1712 = CYLINDRICAL_SURFACE ( 'NONE', #2300, 2.749999999999999112 ) ;
#1713 = VERTEX_POINT ( 'NONE', #315 ) ;
#1714 = CARTESIAN_POINT ( 'NONE',  ( 44.00000000000000000, 46.00000000000000000, 0.000000000000000000 ) ) ;
#1715 = EDGE_LOOP ( 'NONE', ( #1902, #204, #2392, #1827 ) ) ;
#1716 = CARTESIAN_POINT ( 'NONE',  ( 30.00000000000000000, 15.99999999999999645, -61.09991680526687929 ) ) ;
#1717 = ORIENTED_EDGE ( 'NONE', *, *, #2669, .T. ) ;
#1718 = CARTESIAN_POINT ( 'NONE',  ( 0.000000000000000000, 0.000000000000000000, 0.000000000000000000 ) ) ;
#1719 = ADVANCED_FACE ( 'NONE', ( #926 ), #1768, .F. ) ;
#1720 = CARTESIAN_POINT ( 'NONE',  ( 29.56414504036117563, 46.00000000000000000, -12.24586983568287302 ) ) ;
#1721 = DIRECTION ( 'NONE',  ( -0.3826834323650898373, 0.000000000000000000, -0.9238795325112867385 ) ) ;
#1722 = DIRECTION ( 'NONE',  ( 0.000000000000000000, 1.000000000000000000, 0.000000000000000000 ) ) ;
#1723 = DIRECTION ( 'NONE',  ( -0.000000000000000000, -1.000000000000000000, -0.000000000000000000 ) ) ;
#1724 = VERTEX_POINT ( 'NONE', #1801 ) ;
#1725 = CYLINDRICAL_SURFACE ( 'NONE', #92, 10.00000000000000888 ) ;
#1726 = ORIENTED_EDGE ( 'NONE', *, *, #1788, .F. ) ;
#1727 = DIRECTION ( 'NONE',  ( -0.000000000000000000, -1.000000000000000000, -0.000000000000000000 ) ) ;
#1728 = PERSON_AND_ORGANIZATION_ROLE ( 'classification_officer' ) ;
#1729 = AXIS2_PLACEMENT_3D ( 'NONE', #1989, #1750, #2395 ) ;
#1730 = ADVANCED_FACE ( 'NONE', ( #2214 ), #2418, .F. ) ;
#1731 = CIRCLE ( 'NONE', #1118, 10.99999999999999645 ) ;
#1732 = FACE_BOUND ( 'NONE', #2568, .T. ) ;
#1733 = ORIENTED_EDGE ( 'NONE', *, *, #927, .T. ) ;
#1734 = AXIS2_PLACEMENT_3D ( 'NONE', #37, #2347, #1053 ) ;
#1735 = ADVANCED_FACE ( 'NONE', ( #1588 ), #938, .F. ) ;
#1736 = FACE_OUTER_BOUND ( 'NONE', #1925, .T. ) ;
#1737 = DIRECTION ( 'NONE',  ( 0.000000000000000000, 0.000000000000000000, -1.000000000000000000 ) ) ;
#1738 = VERTEX_POINT ( 'NONE', #343 ) ;
#1739 = EDGE_CURVE ( 'NONE', #1069, #1981, #2459, .T. ) ;
#1740 = CARTESIAN_POINT ( 'NONE',  ( 30.00000000000000000, 36.00000000000000000, -35.59768778401239331 ) ) ;
#1741 = ORIENTED_EDGE ( 'NONE', *, *, #2127, .T. ) ;
#1742 = DIRECTION ( 'NONE',  ( -0.000000000000000000, -0.000000000000000000, -1.000000000000000000 ) ) ;
#1743 = CIRCLE ( 'NONE', #2544, 2.749999999999974687 ) ;
#1744 = ORIENTED_EDGE ( 'NONE', *, *, #562, .T. ) ;
#1745 = ORIENTED_EDGE ( 'NONE', *, *, #2351, .T. ) ;
#1746 = DIRECTION ( 'NONE',  ( -0.000000000000000000, -1.000000000000000000, -0.000000000000000000 ) ) ;
#1747 = APPROVAL_ROLE ( '' ) ;
#1748 = CYLINDRICAL_SURFACE ( 'NONE', #2058, 10.99999999999999645 ) ;
#1749 = VECTOR ( 'NONE', #829, 1000.000000000000000 ) ;
#1750 = DIRECTION ( 'NONE',  ( 0.000000000000000000, 1.000000000000000000, 0.000000000000000000 ) ) ;
#1751 = DIRECTION ( 'NONE',  ( -0.000000000000000000, -1.000000000000000000, -0.000000000000000000 ) ) ;
#1752 = ADVANCED_FACE ( 'NONE', ( #1429 ), #2687, .F. ) ;
#1753 = DIRECTION ( 'NONE',  ( -1.000000000000000000, 0.000000000000000000, -0.000000000000000000 ) ) ;
#1754 = ORIENTED_EDGE ( 'NONE', *, *, #2211, .F. ) ;
#1755 = DIRECTION ( 'NONE',  ( -0.000000000000000000, -1.000000000000000000, -0.000000000000000000 ) ) ;
#1756 = VERTEX_POINT ( 'NONE', #1630 ) ;
#1757 = ORIENTED_EDGE ( 'NONE', *, *, #998, .F. ) ;
#1758 = CYLINDRICAL_SURFACE ( 'NONE', #2578, 2.750000000000030198 ) ;
#1759 = APPROVAL_STATUS ( 'not_yet_approved' ) ;
#1760 = ORIENTED_EDGE ( 'NONE', *, *, #2571, .F. ) ;
#1761 = CARTESIAN_POINT ( 'NONE',  ( 29.56414504036117918, 46.00000000000000000, 14.99586983568286946 ) ) ;
#1762 = DIRECTION ( 'NONE',  ( 0.000000000000000000, 0.000000000000000000, 1.000000000000000000 ) ) ;
#1763 = CARTESIAN_POINT ( 'NONE',  ( 0.000000000000000000, 38.19999999999999574, 0.000000000000000000 ) ) ;
#1764 = EDGE_LOOP ( 'NONE', ( #2488, #2007, #1185, #83 ) ) ;
#1765 = DIRECTION ( 'NONE',  ( -0.000000000000000000, -1.000000000000000000, -0.000000000000000000 ) ) ;
#1766 = ORIENTED_EDGE ( 'NONE', *, *, #1133, .T. ) ;
#1767 = ADVANCED_FACE ( 'NONE', ( #1244 ), #2252, .F. ) ;
#1768 = PLANE ( 'NONE',  #1379 ) ;
#1769 = ORIENTED_EDGE ( 'NONE', *, *, #1580, .T. ) ;
#1770 = ORIENTED_EDGE ( 'NONE', *, *, #106, .T. ) ;
#1771 = ORIENTED_EDGE ( 'NONE', *, *, #2487, .F. ) ;
#1772 = LINE ( 'NONE', #2621, #228 ) ;
#1773 = CALENDAR_DATE ( 2026, 24, 9 ) ;
#1774 = ORIENTED_EDGE ( 'NONE', *, *, #2441, .F. ) ;
#1775 = FACE_BOUND ( 'NONE', #929, .T. ) ;
#1776 = FACE_OUTER_BOUND ( 'NONE', #1715, .T. ) ;
#1777 = CARTESIAN_POINT ( 'NONE',  ( 0.000000000000000000, 36.00000000000000000, 0.000000000000000000 ) ) ;
#1778 = VERTEX_POINT ( 'NONE', #394 ) ;
#1779 = CIRCLE ( 'NONE', #447, 2.749999999999999112 ) ;
#1780 = DIRECTION ( 'NONE',  ( -0.7071067811865482389, 0.000000000000000000, 0.7071067811865469066 ) ) ;
#1781 = ORIENTED_EDGE ( 'NONE', *, *, #1409, .T. ) ;
#1782 = CARTESIAN_POINT ( 'NONE',  ( -31.11193304909772550, 46.00000000000000000, -316.5622982889425430 ) ) ;
#1783 = ORIENTED_EDGE ( 'NONE', *, *, #2438, .F. ) ;
#1784 = EDGE_CURVE ( 'NONE', #805, #1993, #945, .T. ) ;
#1785 = ORIENTED_EDGE ( 'NONE', *, *, #173, .T. ) ;
#1786 = FACE_OUTER_BOUND ( 'NONE', #753, .T. ) ;
#1787 = VECTOR ( 'NONE', #2083, 1000.000000000000114 ) ;
#1788 = EDGE_CURVE ( 'NONE', #1854, #2125, #2087, .T. ) ;
#1789 = PRODUCT ( 'JX1_Thigh_L', 'JX1_Thigh_L', '', ( #1563 ) ) ;
#1790 = VERTEX_POINT ( 'NONE', #1850 ) ;
#1791 = FACE_BOUND ( 'NONE', #1389, .T. ) ;
#1792 = ADVANCED_FACE ( 'NONE', ( #370 ), #573, .F. ) ;
#1793 = DIRECTION ( 'NONE',  ( 0.000000000000000000, 0.000000000000000000, 1.000000000000000000 ) ) ;
#1794 = CARTESIAN_POINT ( 'NONE',  ( 19.13417161825450208, 46.00000000000000000, -223.8060233744356822 ) ) ;
#1795 = ORIENTED_EDGE ( 'NONE', *, *, #1310, .F. ) ;
#1796 = VECTOR ( 'NONE', #2374, 1000.000000000000000 ) ;
#1797 = ORIENTED_EDGE ( 'NONE', *, *, #45, .T. ) ;
#1798 = DIRECTION ( 'NONE',  ( -0.000000000000000000, -1.000000000000000000, -0.000000000000000000 ) ) ;
#1799 = AXIS2_PLACEMENT_3D ( 'NONE', #1568, #1161, #2427 ) ;
#1800 = ORIENTED_EDGE ( 'NONE', *, *, #1329, .F. ) ;
#1801 = CARTESIAN_POINT ( 'NONE',  ( -32.00000000000000000, 46.00000000000000000, 40.00000000000000000 ) ) ;
#1802 = VERTEX_POINT ( 'NONE', #1000 ) ;
#1803 = ORIENTED_EDGE ( 'NONE', *, *, #222, .T. ) ;
#1804 = ORIENTED_EDGE ( 'NONE', *, *, #979, .F. ) ;
#1805 = EDGE_LOOP ( 'NONE', ( #1803, #703 ) ) ;
#1806 = DIRECTION ( 'NONE',  ( 0.000000000000000000, 0.000000000000000000, 1.000000000000000000 ) ) ;
#1807 = EDGE_CURVE ( 'NONE', #1577, #167, #2092, .T. ) ;
#1808 = FACE_OUTER_BOUND ( 'NONE', #793, .T. ) ;
#1809 = CARTESIAN_POINT ( 'NONE',  ( 46.19397662556433914, 36.00000000000000000, -289.1341716182545269 ) ) ;
#1810 = EDGE_CURVE ( 'NONE', #956, #805, #142, .T. ) ;
#1811 = LINE ( 'NONE', #2469, #771 ) ;
#1812 = ORIENTED_EDGE ( 'NONE', *, *, #965, .T. ) ;
#1813 = DIRECTION ( 'NONE',  ( 0.000000000000000000, 0.000000000000000000, 1.000000000000000000 ) ) ;
#1814 = CARTESIAN_POINT ( 'NONE',  ( 44.00000000000000000, 36.00000000000000000, 0.000000000000000000 ) ) ;
#1815 = DIRECTION ( 'NONE',  ( 0.000000000000000000, 0.000000000000000000, 1.000000000000000000 ) ) ;
#1816 = CARTESIAN_POINT ( 'NONE',  ( -22.00000000000000000, 0.000000000000000000, 0.000000000000000000 ) ) ;
#1817 = FACE_OUTER_BOUND ( 'NONE', #1946, .T. ) ;
#1818 = EDGE_CURVE ( 'NONE', #1547, #658, #1224, .T. ) ;
#1819 = DIRECTION ( 'NONE',  ( -0.000000000000000000, -1.000000000000000000, -0.000000000000000000 ) ) ;
#1820 = DIRECTION ( 'NONE',  ( 0.3826834323650898373, 0.000000000000000000, 0.9238795325112867385 ) ) ;
#1821 = VERTEX_POINT ( 'NONE', #1814 ) ;
#1822 = ORIENTED_EDGE ( 'NONE', *, *, #2521, .T. ) ;
#1823 = EDGE_CURVE ( 'NONE', #959, #81, #2362, .T. ) ;
#1824 = DIRECTION ( 'NONE',  ( 0.000000000000000000, 0.000000000000000000, -1.000000000000000000 ) ) ;
#1825 = CARTESIAN_POINT ( 'NONE',  ( -30.00000000000000000, 15.99999999999999645, -206.0000000000000284 ) ) ;
#1826 = AXIS2_PLACEMENT_3D ( 'NONE', #1529, #2390, #56 ) ;
#1827 = ORIENTED_EDGE ( 'NONE', *, *, #1624, .T. ) ;
#1828 = CARTESIAN_POINT ( 'NONE',  ( -46.19397662556434625, 46.00000000000000000, -248.1158283817455299 ) ) ;
#1829 = VECTOR ( 'NONE', #123, 1000.000000000000000 ) ;
#1830 = VERTEX_POINT ( 'NONE', #2076 ) ;
#1831 = CIRCLE ( 'NONE', #1964, 2.750000000000002665 ) ;
#1832 = PLANE ( 'NONE',  #684 ) ;
#1833 = DIRECTION ( 'NONE',  ( 0.000000000000000000, 0.000000000000000000, -1.000000000000000000 ) ) ;
#1834 = CARTESIAN_POINT ( 'NONE',  ( 30.00000000000000000, 26.00000000000000000, -61.09991680526687929 ) ) ;
#1835 = ORIENTED_EDGE ( 'NONE', *, *, #2112, .F. ) ;
#1836 = FACE_OUTER_BOUND ( 'NONE', #1054, .T. ) ;
#1837 = CARTESIAN_POINT ( 'NONE',  ( 12.24586983568288012, 46.00000000000000000, 29.56414504036117208 ) ) ;
#1838 = EDGE_LOOP ( 'NONE', ( #1515, #1631, #696, #1795 ) ) ;
#1839 = ADVANCED_FACE ( 'NONE', ( #1024 ), #2484, .F. ) ;
#1840 = VECTOR ( 'NONE', #1362, 1000.000000000000000 ) ;
#1841 = CARTESIAN_POINT ( 'NONE',  ( 19.13417161825450208, 36.00000000000000000, -223.8060233744356822 ) ) ;
#1842 = CARTESIAN_POINT ( 'NONE',  ( -30.00000000000000000, 26.00000000000000000, -61.09991680526687929 ) ) ;
#1843 = EDGE_LOOP ( 'NONE', ( #1733, #2094 ) ) ;
#1844 = VECTOR ( 'NONE', #2162, 1000.000000000000000 ) ;
#1845 = DIRECTION ( 'NONE',  ( 0.000000000000000000, 0.000000000000000000, 1.000000000000000000 ) ) ;
#1846 = CARTESIAN_POINT ( 'NONE',  ( 3.079986699855593473E-15, 38.19999999999999574, 25.15000000000000213 ) ) ;
#1847 = LINE ( 'NONE', #785, #1916 ) ;
#1848 = ORIENTED_EDGE ( 'NONE', *, *, #12, .F. ) ;
#1849 = DIRECTION ( 'NONE',  ( 0.7071067811865469066, 0.000000000000000000, 0.7071067811865482389 ) ) ;
#1850 = CARTESIAN_POINT ( 'NONE',  ( 0.000000000000000000, 36.00000000000000000, -283.0000000000000568 ) ) ;
#1851 = EDGE_CURVE ( 'NONE', #1022, #2174, #762, .T. ) ;
#1852 = CARTESIAN_POINT ( 'NONE',  ( 0.000000000000000000, 36.00000000000000000, -151.0000000000000284 ) ) ;
#1853 = CARTESIAN_POINT ( 'NONE',  ( -29.56414504036117563, 36.00000000000000000, -9.495869835682878346 ) ) ;
#1854 = VERTEX_POINT ( 'NONE', #585 ) ;
#1855 = CARTESIAN_POINT ( 'NONE',  ( -31.11193304909772550, 36.00000000000000000, -316.5622982889425430 ) ) ;
#1856 = EDGE_CURVE ( 'NONE', #2209, #104, #680, .T. ) ;
#1857 = DIRECTION ( 'NONE',  ( 0.000000000000000000, 1.000000000000000000, 0.000000000000000000 ) ) ;
#1858 = CARTESIAN_POINT ( 'NONE',  ( 29.56414504036117563, 46.00000000000000000, -12.24586983568287302 ) ) ;
#1859 = ORIENTED_EDGE ( 'NONE', *, *, #965, .F. ) ;
#1860 = CARTESIAN_POINT ( 'NONE',  ( -10.92505803290318056, 46.00000000000000000, -324.9239757025808899 ) ) ;
#1861 = DIRECTION ( 'NONE',  ( -0.000000000000000000, -1.000000000000000000, -0.000000000000000000 ) ) ;
#1862 = CIRCLE ( 'NONE', #1374, 2.749999999999999112 ) ;
#1863 = CARTESIAN_POINT ( 'NONE',  ( -46.19397662556433914, 36.00000000000000000, -286.3841716182544701 ) ) ;
#1864 = AXIS2_PLACEMENT_3D ( 'NONE', #772, #745, #2693 ) ;
#1865 = CARTESIAN_POINT ( 'NONE',  ( 1.347111479062087024E-15, 36.00000000000000000, -129.0000000000000000 ) ) ;
#1866 = EDGE_CURVE ( 'NONE', #1141, #1469, #127, .T. ) ;
#1867 = AXIS2_PLACEMENT_3D ( 'NONE', #2500, #603, #1432 ) ;
#1868 = ORIENTED_EDGE ( 'NONE', *, *, #637, .F. ) ;
#1869 = AXIS2_PLACEMENT_3D ( 'NONE', #1782, #2634, #734 ) ;
#1870 = DIRECTION ( 'NONE',  ( -0.000000000000000000, -1.000000000000000000, -0.000000000000000000 ) ) ;
#1871 = EDGE_CURVE ( 'NONE', #1431, #46, #1338, .T. ) ;
#1872 = VECTOR ( 'NONE', #1088, 1000.000000000000114 ) ;
#1873 = FACE_OUTER_BOUND ( 'NONE', #319, .T. ) ;
#1874 = AXIS2_PLACEMENT_3D ( 'NONE', #2019, #2653, #121 ) ;
#1875 = PRODUCT_DEFINITION ( 'UNKNOWN', '', #1565, #991 ) ;
#1876 = EDGE_LOOP ( 'NONE', ( #2249, #13 ) ) ;
#1877 = LINE ( 'NONE', #2141, #1477 ) ;
#1878 = LINE ( 'NONE', #1294, #1649 ) ;
#1879 = LINE ( 'NONE', #406, #2210 ) ;
#1880 = DIRECTION ( 'NONE',  ( -0.000000000000000000, -0.000000000000000000, -1.000000000000000000 ) ) ;
#1881 = VECTOR ( 'NONE', #1321, 1000.000000000000114 ) ;
#1882 = EDGE_LOOP ( 'NONE', ( #58, #1888, #2377, #1668 ) ) ;
#1883 = DIRECTION ( 'NONE',  ( 0.1705414337057505614, 0.000000000000000000, 0.9853505058554478113 ) ) ;
#1884 = EDGE_CURVE ( 'NONE', #1612, #706, #2581, .T. ) ;
#1885 = CARTESIAN_POINT ( 'NONE',  ( -12.24586983568286414, 46.00000000000000000, 32.31414504036118274 ) ) ;
#1886 = ORIENTED_EDGE ( 'NONE', *, *, #396, .F. ) ;
#1887 = VECTOR ( 'NONE', #2496, 1000.000000000000000 ) ;
#1888 = ORIENTED_EDGE ( 'NONE', *, *, #907, .F. ) ;
#1889 = DIRECTION ( 'NONE',  ( -1.000000000000000000, -0.000000000000000000, -0.000000000000000000 ) ) ;
#1890 = LINE ( 'NONE', #1282, #1257 ) ;
#1891 = EDGE_CURVE ( 'NONE', #916, #1790, #2355, .T. ) ;
#1892 = DIRECTION ( 'NONE',  ( 0.000000000000000000, 1.000000000000000000, 0.000000000000000000 ) ) ;
#1893 = CARTESIAN_POINT ( 'NONE',  ( 29.56414504036117918, 36.00000000000000000, 12.24586983568286591 ) ) ;
#1894 = ORIENTED_EDGE ( 'NONE', *, *, #2182, .T. ) ;
#1895 = DIRECTION ( 'NONE',  ( -0.000000000000000000, -1.000000000000000000, -0.000000000000000000 ) ) ;
#1896 = CARTESIAN_POINT ( 'NONE',  ( 0.000000000000000000, 36.00000000000000000, -140.0000000000000000 ) ) ;
#1897 = ORIENTED_EDGE ( 'NONE', *, *, #230, .F. ) ;
#1898 = ORIENTED_EDGE ( 'NONE', *, *, #2654, .T. ) ;
#1899 = EDGE_CURVE ( 'NONE', #57, #1756, #1461, .T. ) ;
#1900 = LINE ( 'NONE', #1492, #1928 ) ;
#1901 = CARTESIAN_POINT ( 'NONE',  ( -22.00000000000000000, 31.00000000000000000, -35.59768778401239331 ) ) ;
#1902 = ORIENTED_EDGE ( 'NONE', *, *, #1689, .T. ) ;
#1903 = EDGE_CURVE ( 'NONE', #1199, #1802, #2369, .T. ) ;
#1904 = DIRECTION ( 'NONE',  ( 0.000000000000000000, 0.000000000000000000, -1.000000000000000000 ) ) ;
#1905 = CARTESIAN_POINT ( 'NONE',  ( 22.00000000000000000, 15.99999999999999645, -206.0000000000000284 ) ) ;
#1906 = EDGE_LOOP ( 'NONE', ( #914, #261, #1835, #2081 ) ) ;
#1907 = ADVANCED_FACE ( 'NONE', ( #634 ), #460, .F. ) ;
#1908 = CIRCLE ( 'NONE', #361, 2.749999999999999112 ) ;
#1909 = VERTEX_POINT ( 'NONE', #2331 ) ;
#1910 = CARTESIAN_POINT ( 'NONE',  ( -12.24586983568286414, 36.00000000000000000, 29.56414504036117918 ) ) ;
#1911 = LINE ( 'NONE', #848, #50 ) ;
#1912 = CIRCLE ( 'NONE', #2137, 2.750000000000002665 ) ;
#1913 = AXIS2_PLACEMENT_3D ( 'NONE', #2042, #1013, #801 ) ;
#1914 = PLANE ( 'NONE',  #2192 ) ;
#1915 = ORIENTED_EDGE ( 'NONE', *, *, #2409, .T. ) ;
#1916 = VECTOR ( 'NONE', #1411, 1000.000000000000000 ) ;
#1917 = DIRECTION ( 'NONE',  ( 0.000000000000000000, 0.000000000000000000, 1.000000000000000000 ) ) ;
#1918 = VECTOR ( 'NONE', #2034, 1000.000000000000000 ) ;
#1919 = CARTESIAN_POINT ( 'NONE',  ( 30.00000000000000000, 31.00000000000000000, -59.09991680526687929 ) ) ;
#1920 = ORIENTED_EDGE ( 'NONE', *, *, #2560, .F. ) ;
#1921 = DIRECTION ( 'NONE',  ( -0.000000000000000000, -1.000000000000000000, -0.000000000000000000 ) ) ;
#1922 = ORIENTED_EDGE ( 'NONE', *, *, #641, .T. ) ;
#1923 = EDGE_CURVE ( 'NONE', #1309, #1686, #1671, .T. ) ;
#1924 = CARTESIAN_POINT ( 'NONE',  ( -19.13417161825447721, 46.00000000000000000, -221.0560233744356537 ) ) ;
#1925 = EDGE_LOOP ( 'NONE', ( #646, #946, #26, #1941 ) ) ;
#1926 = DIRECTION ( 'NONE',  ( 0.000000000000000000, 0.000000000000000000, 1.000000000000000000 ) ) ;
#1927 = APPROVAL_STATUS ( 'not_yet_approved' ) ;
#1928 = VECTOR ( 'NONE', #633, 1000.000000000000000 ) ;
#1929 = EDGE_CURVE ( 'NONE', #2336, #758, #2630, .T. ) ;
#1930 = FACE_BOUND ( 'NONE', #303, .T. ) ;
#1931 = ORIENTED_EDGE ( 'NONE', *, *, #484, .F. ) ;
#1932 = DIRECTION ( 'NONE',  ( 0.000000000000000000, 0.000000000000000000, 1.000000000000000000 ) ) ;
#1933 = AXIS2_PLACEMENT_3D ( 'NONE', #1936, #1483, #843 ) ;
#1934 = CARTESIAN_POINT ( 'NONE',  ( 19.13417161825450208, 36.00000000000000000, -226.5560233744356822 ) ) ;
#1935 = ORIENTED_EDGE ( 'NONE', *, *, #371, .F. ) ;
#1936 = CARTESIAN_POINT ( 'NONE',  ( -46.19397662556434625, 36.00000000000000000, -250.8658283817455299 ) ) ;
#1937 = ORIENTED_EDGE ( 'NONE', *, *, #1064, .F. ) ;
#1938 = DIRECTION ( 'NONE',  ( -0.000000000000000000, -1.000000000000000000, -0.000000000000000000 ) ) ;
#1939 = ORIENTED_EDGE ( 'NONE', *, *, #669, .F. ) ;
#1940 = EDGE_CURVE ( 'NONE', #2618, #342, #1878, .T. ) ;
#1941 = ORIENTED_EDGE ( 'NONE', *, *, #600, .F. ) ;
#1942 = DIRECTION ( 'NONE',  ( -1.000000000000000000, -0.000000000000000000, -0.000000000000000000 ) ) ;
#1943 = DIRECTION ( 'NONE',  ( 0.000000000000000000, 0.000000000000000000, 1.000000000000000000 ) ) ;
#1944 = EDGE_CURVE ( 'NONE', #2126, #1141, #1890, .T. ) ;
#1945 = FACE_BOUND ( 'NONE', #2732, .T. ) ;
#1946 = EDGE_LOOP ( 'NONE', ( #513, #733, #2671, #2104 ) ) ;
#1947 = CARTESIAN_POINT ( 'NONE',  ( 19.13417161825449497, 36.00000000000000000, -313.4439766255644031 ) ) ;
#1948 = CARTESIAN_POINT ( 'NONE',  ( 0.000000000000000000, 38.19999999999999574, 0.000000000000000000 ) ) ;
#1949 = ORIENTED_EDGE ( 'NONE', *, *, #2166, .F. ) ;
#1950 = DIRECTION ( 'NONE',  ( 0.000000000000000000, 0.000000000000000000, -1.000000000000000000 ) ) ;
#1951 = VERTEX_POINT ( 'NONE', #1934 ) ;
#1952 = CARTESIAN_POINT ( 'NONE',  ( 29.56414504036117563, 46.00000000000000000, -9.495869835682874793 ) ) ;
#1953 = EDGE_LOOP ( 'NONE', ( #476, #1558, #1210, #875 ) ) ;
#1954 = DIRECTION ( 'NONE',  ( 0.1705414337057505614, 0.000000000000000000, -0.9853505058554478113 ) ) ;
#1955 = ADVANCED_FACE ( 'NONE', ( #1272 ), #22, .F. ) ;
#1956 = VECTOR ( 'NONE', #1650, 1000.000000000000000 ) ;
#1957 = AXIS2_PLACEMENT_3D ( 'NONE', #544, #1381, #752 ) ;
#1958 = ADVANCED_FACE ( 'NONE', ( #2562 ), #1306, .F. ) ;
#1959 = DIRECTION ( 'NONE',  ( 0.000000000000000000, 0.000000000000000000, 1.000000000000000000 ) ) ;
#1960 = AXIS2_PLACEMENT_3D ( 'NONE', #1641, #182, #788 ) ;
#1961 = LINE ( 'NONE', #700, #2553 ) ;
#1962 = PLANE ( 'NONE',  #44 ) ;
#1963 = AXIS2_PLACEMENT_3D ( 'NONE', #594, #165, #2667 ) ;
#1964 = AXIS2_PLACEMENT_3D ( 'NONE', #1304, #2408, #1147 ) ;
#1965 = DIRECTION ( 'NONE',  ( 0.000000000000000000, 0.000000000000000000, 1.000000000000000000 ) ) ;
#1966 = ORIENTED_EDGE ( 'NONE', *, *, #2237, .F. ) ;
#1967 = CARTESIAN_POINT ( 'NONE',  ( 46.19397662556433914, 46.00000000000000000, -289.1341716182545269 ) ) ;
#1968 = EDGE_CURVE ( 'NONE', #46, #1431, #2458, .T. ) ;
#1969 = APPROVAL_PERSON_ORGANIZATION ( #931, #2465, #1747 ) ;
#1970 = ORIENTED_EDGE ( 'NONE', *, *, #520, .T. ) ;
#1971 = DIRECTION ( 'NONE',  ( -0.000000000000000000, -1.000000000000000000, -0.000000000000000000 ) ) ;
#1972 = ORIENTED_EDGE ( 'NONE', *, *, #1891, .F. ) ;
#1973 = LINE ( 'NONE', #2626, #1384 ) ;
#1974 = AXIS2_PLACEMENT_3D ( 'NONE', #1011, #2456, #1813 ) ;
#1975 = EDGE_CURVE ( 'NONE', #1738, #2168, #830, .T. ) ;
#1976 = DIRECTION ( 'NONE',  ( 0.3826834323650891712, -0.000000000000000000, 0.9238795325112870716 ) ) ;
#1977 = DIRECTION ( 'NONE',  ( 0.000000000000000000, 0.000000000000000000, -1.000000000000000000 ) ) ;
#1978 = CARTESIAN_POINT ( 'NONE',  ( 31.11193304909772550, 46.00000000000000000, -316.5622982889425430 ) ) ;
#1979 = ORIENTED_EDGE ( 'NONE', *, *, #1489, .F. ) ;
#1980 = FACE_OUTER_BOUND ( 'NONE', #1124, .T. ) ;
#1981 = VERTEX_POINT ( 'NONE', #1493 ) ;
#1982 = ORIENTED_EDGE ( 'NONE', *, *, #2453, .F. ) ;
#1983 = EDGE_CURVE ( 'NONE', #1554, #2125, #993, .T. ) ;
#1984 = VERTEX_POINT ( 'NONE', #2316 ) ;
#1985 = DIRECTION ( 'NONE',  ( 0.1705414337057505614, 0.000000000000000000, 0.9853505058554478113 ) ) ;
#1986 = PERSON_AND_ORGANIZATION ( #243, #1654 ) ;
#1987 = EDGE_LOOP ( 'NONE', ( #1781, #871 ) ) ;
#1988 = CARTESIAN_POINT ( 'NONE',  ( 22.00000000000000000, 15.99999999999999645, -61.09991680526687929 ) ) ;
#1989 = CARTESIAN_POINT ( 'NONE',  ( 12.24586983568288012, 36.00000000000000000, 29.56414504036117208 ) ) ;
#1990 = DIRECTION ( 'NONE',  ( -0.000000000000000000, 1.000000000000000000, -0.000000000000000000 ) ) ;
#1991 = EDGE_CURVE ( 'NONE', #308, #1316, #431, .T. ) ;
#1992 = LINE ( 'NONE', #1740, #1844 ) ;
#1993 = VERTEX_POINT ( 'NONE', #404 ) ;
#1994 = DIRECTION ( 'NONE',  ( 0.000000000000000000, 1.000000000000000000, 0.000000000000000000 ) ) ;
#1995 = VERTEX_POINT ( 'NONE', #1260 ) ;
#1996 = EDGE_CURVE ( 'NONE', #2391, #1451, #2103, .T. ) ;
#1997 = ORIENTED_EDGE ( 'NONE', *, *, #1159, .T. ) ;
#1998 = ORIENTED_EDGE ( 'NONE', *, *, #312, .F. ) ;
#1999 = DIRECTION ( 'NONE',  ( 0.000000000000000000, 0.000000000000000000, -1.000000000000000000 ) ) ;
#2000 = CC_DESIGN_PERSON_AND_ORGANIZATION_ASSIGNMENT ( #2199, #1728, ( #1518 ) ) ;
#2001 = ORIENTED_EDGE ( 'NONE', *, *, #1091, .F. ) ;
#2002 = DIRECTION ( 'NONE',  ( 0.000000000000000000, 0.000000000000000000, -1.000000000000000000 ) ) ;
#2003 = VECTOR ( 'NONE', #1148, 1000.000000000000114 ) ;
#2004 = FACE_OUTER_BOUND ( 'NONE', #883, .T. ) ;
#2005 = DIRECTION ( 'NONE',  ( -0.000000000000000000, -1.000000000000000000, -0.000000000000000000 ) ) ;
#2006 = VERTEX_POINT ( 'NONE', #418 ) ;
#2007 = ORIENTED_EDGE ( 'NONE', *, *, #2287, .T. ) ;
#2008 = PLANE ( 'NONE',  #2516 ) ;
#2009 = DIRECTION ( 'NONE',  ( 0.000000000000000000, 0.000000000000000000, 1.000000000000000000 ) ) ;
#2010 = ORIENTED_EDGE ( 'NONE', *, *, #969, .T. ) ;
#2011 = EDGE_LOOP ( 'NONE', ( #1034, #69 ) ) ;
#2012 = ORIENTED_EDGE ( 'NONE', *, *, #927, .F. ) ;
#2013 = AXIS2_PLACEMENT_3D ( 'NONE', #1794, #1334, #1737 ) ;
#2014 = EDGE_CURVE ( 'NONE', #988, #1171, #213, .T. ) ;
#2015 = ORIENTED_EDGE ( 'NONE', *, *, #1412, .F. ) ;
#2016 = CARTESIAN_POINT ( 'NONE',  ( 10.92505803290318589, 46.00000000000000000, -324.9239757025808899 ) ) ;
#2017 = AXIS2_PLACEMENT_3D ( 'NONE', #1720, #2327, #2545 ) ;
#2018 = ORIENTED_EDGE ( 'NONE', *, *, #641, .F. ) ;
#2019 = CARTESIAN_POINT ( 'NONE',  ( 0.000000000000000000, 46.00000000000000000, -270.0000000000000000 ) ) ;
#2020 = CARTESIAN_POINT ( 'NONE',  ( -30.00000000000000000, 0.000000000000000000, 0.000000000000000000 ) ) ;
#2021 = PLANE ( 'NONE',  #184 ) ;
#2022 = VERTEX_POINT ( 'NONE', #1696 ) ;
#2023 = VECTOR ( 'NONE', #1164, 1000.000000000000000 ) ;
#2024 = ORIENTED_EDGE ( 'NONE', *, *, #2112, .T. ) ;
#2025 = CARTESIAN_POINT ( 'NONE',  ( -19.13417161825447721, 36.00000000000000000, -223.8060233744356822 ) ) ;
#2026 = DIRECTION ( 'NONE',  ( -0.000000000000000000, -1.000000000000000000, -0.000000000000000000 ) ) ;
#2027 = AXIS2_PLACEMENT_3D ( 'NONE', #2066, #385, #765 ) ;
#2028 = ORIENTED_EDGE ( 'NONE', *, *, #2240, .F. ) ;
#2029 = DIRECTION ( 'NONE',  ( 0.000000000000000000, 0.000000000000000000, 1.000000000000000000 ) ) ;
#2030 = CIRCLE ( 'NONE', #831, 2.750000000000002665 ) ;
#2031 = ADVANCED_FACE ( 'NONE', ( #648, #1482 ), #1962, .F. ) ;
#2032 = ORIENTED_EDGE ( 'NONE', *, *, #48, .T. ) ;
#2033 = EDGE_LOOP ( 'NONE', ( #1097, #2167 ) ) ;
#2034 = DIRECTION ( 'NONE',  ( -0.000000000000000000, -1.000000000000000000, -0.000000000000000000 ) ) ;
#2035 = ADVANCED_FACE ( 'NONE', ( #1584 ), #746, .F. ) ;
#2036 = CARTESIAN_POINT ( 'NONE',  ( 0.000000000000000000, 46.00000000000000000, -283.0000000000000568 ) ) ;
#2037 = PLANE ( 'NONE',  #902 ) ;
#2038 = ADVANCED_FACE ( 'NONE', ( #2190 ), #1149, .F. ) ;
#2039 = EDGE_LOOP ( 'NONE', ( #1566, #626, #1400, #1635 ) ) ;
#2040 = LINE ( 'NONE', #1195, #825 ) ;
#2041 = VERTEX_POINT ( 'NONE', #51 ) ;
#2042 = CARTESIAN_POINT ( 'NONE',  ( 30.00000000000000000, 15.99999999999999645, -61.09991680526687929 ) ) ;
#2043 = ORIENTED_EDGE ( 'NONE', *, *, #2323, .T. ) ;
#2044 = LINE ( 'NONE', #1405, #1505 ) ;
#2045 = ORIENTED_EDGE ( 'NONE', *, *, #709, .T. ) ;
#2046 = CARTESIAN_POINT ( 'NONE',  ( -12.24586983568287124, 46.00000000000000000, -32.31414504036117563 ) ) ;
#2047 = EDGE_CURVE ( 'NONE', #2165, #2085, #2588, .T. ) ;
#2048 = CARTESIAN_POINT ( 'NONE',  ( -31.11193304909772550, 36.00000000000000000, -316.5622982889425430 ) ) ;
#2049 = CARTESIAN_POINT ( 'NONE',  ( -29.56414504036117563, 46.00000000000000000, -12.24586983568287657 ) ) ;
#2050 = AXIS2_PLACEMENT_3D ( 'NONE', #376, #151, #337 ) ;
#2051 = DIRECTION ( 'NONE',  ( -0.1262542796739151152, 0.000000000000000000, 0.9919979117236189525 ) ) ;
#2052 = CARTESIAN_POINT ( 'NONE',  ( 7.347880794884119736E-16, 46.00000000000000000, 6.000000000000000000 ) ) ;
#2053 = CIRCLE ( 'NONE', #853, 2.749999999999974687 ) ;
#2054 = VERTEX_POINT ( 'NONE', #1538 ) ;
#2055 = CARTESIAN_POINT ( 'NONE',  ( 19.13417161825450208, 46.00000000000000000, -226.5560233744356822 ) ) ;
#2056 = VECTOR ( 'NONE', #1220, 1000.000000000000000 ) ;
#2057 = ORIENTED_EDGE ( 'NONE', *, *, #2118, .F. ) ;
#2058 = AXIS2_PLACEMENT_3D ( 'NONE', #47, #947, #2002 ) ;
#2059 = CARTESIAN_POINT ( 'NONE',  ( 19.13417161825449497, 46.00000000000000000, -316.1939766255643463 ) ) ;
#2060 = CARTESIAN_POINT ( 'NONE',  ( 12.24586983568288012, 46.00000000000000000, 32.31414504036117563 ) ) ;
#2061 = CARTESIAN_POINT ( 'NONE',  ( 30.00000000000000000, 36.00000000000000000, -110.0000000000000000 ) ) ;
#2062 = EDGE_CURVE ( 'NONE', #1756, #57, #816, .T. ) ;
#2063 = DIRECTION ( 'NONE',  ( 0.000000000000000000, 1.000000000000000000, 0.000000000000000000 ) ) ;
#2064 = DIRECTION ( 'NONE',  ( -0.000000000000000000, -1.000000000000000000, -0.000000000000000000 ) ) ;
#2065 = AXIS2_PLACEMENT_3D ( 'NONE', #1333, #1550, #491 ) ;
#2066 = CARTESIAN_POINT ( 'NONE',  ( -19.13417161825448787, 46.00000000000000000, -316.1939766255643463 ) ) ;
#2067 = DIRECTION ( 'NONE',  ( -0.000000000000000000, -1.000000000000000000, -0.000000000000000000 ) ) ;
#2068 = EDGE_CURVE ( 'NONE', #2041, #653, #2542, .T. ) ;
#2069 = ORIENTED_EDGE ( 'NONE', *, *, #2277, .T. ) ;
#2070 = DIRECTION ( 'NONE',  ( -0.9946907382768213068, 0.000000000000000000, -0.1029093542216269336 ) ) ;
#2071 = CARTESIAN_POINT ( 'NONE',  ( 29.56414504036117918, 46.00000000000000000, 12.24586983568286591 ) ) ;
#2072 = CARTESIAN_POINT ( 'NONE',  ( -46.19397662556433914, 46.00000000000000000, -286.3841716182544701 ) ) ;
#2073 = VERTEX_POINT ( 'NONE', #255 ) ;
#2074 = DIRECTION ( 'NONE',  ( 0.000000000000000000, 0.000000000000000000, 1.000000000000000000 ) ) ;
#2075 = ADVANCED_FACE ( 'NONE', ( #2222 ), #269, .F. ) ;
#2076 = CARTESIAN_POINT ( 'NONE',  ( 19.13417161825450208, 46.00000000000000000, -226.5560233744356822 ) ) ;
#2077 = VERTEX_POINT ( 'NONE', #2629 ) ;
#2078 = DIRECTION ( 'NONE',  ( 0.000000000000000000, 0.3713906763541039990, -0.9284766908852593037 ) ) ;
#2079 = ADVANCED_FACE ( 'NONE', ( #1363 ), #311, .F. ) ;
#2080 = LINE ( 'NONE', #1828, #2185 ) ;
#2081 = ORIENTED_EDGE ( 'NONE', *, *, #2310, .T. ) ;
#2082 = ADVANCED_FACE ( 'NONE', ( #2386 ), #1162, .F. ) ;
#2083 = DIRECTION ( 'NONE',  ( -0.3826834323650895042, 0.000000000000000000, 0.9238795325112868495 ) ) ;
#2084 = LINE ( 'NONE', #2, #2242 ) ;
#2085 = VERTEX_POINT ( 'NONE', #475 ) ;
#2086 = DIRECTION ( 'NONE',  ( -0.000000000000000000, -1.000000000000000000, -0.000000000000000000 ) ) ;
#2087 = LINE ( 'NONE', #383, #2711 ) ;
#2088 = CIRCLE ( 'NONE', #1114, 2.750000000000002665 ) ;
#2089 = CARTESIAN_POINT ( 'NONE',  ( 46.19397662556433914, 46.00000000000000000, -286.3841716182544701 ) ) ;
#2090 = VECTOR ( 'NONE', #1578, 1000.000000000000000 ) ;
#2091 = LINE ( 'NONE', #161, #895 ) ;
#2092 = CIRCLE ( 'NONE', #1960, 2.750000000000002665 ) ;
#2093 = EDGE_CURVE ( 'NONE', #2729, #2674, #508, .T. ) ;
#2094 = ORIENTED_EDGE ( 'NONE', *, *, #691, .T. ) ;
#2095 = AXIS2_PLACEMENT_3D ( 'NONE', #536, #1135, #689 ) ;
#2096 = LINE ( 'NONE', #1030, #412 ) ;
#2097 = CIRCLE ( 'NONE', #1426, 6.000000000000000000 ) ;
#2098 = LINE ( 'NONE', #1885, #2461 ) ;
#2099 = CIRCLE ( 'NONE', #1344, 2.749999999999974687 ) ;
#2100 = EDGE_LOOP ( 'NONE', ( #2421, #2603, #2202, #242 ) ) ;
#2101 = APPROVAL_PERSON_ORGANIZATION ( #1986, #1672, #2622 ) ;
#2102 = CARTESIAN_POINT ( 'NONE',  ( 31.11193304909772550, 36.00000000000000000, -316.5622982889425430 ) ) ;
#2103 = LINE ( 'NONE', #199, #1422 ) ;
#2104 = ORIENTED_EDGE ( 'NONE', *, *, #2716, .F. ) ;
#2105 = CARTESIAN_POINT ( 'NONE',  ( -46.19397662556434625, 46.00000000000000000, -250.8658283817455299 ) ) ;
#2106 = CARTESIAN_POINT ( 'NONE',  ( -19.13417161825448787, 36.00000000000000000, -313.4439766255644031 ) ) ;
#2107 = CIRCLE ( 'NONE', #740, 2.749999999999999112 ) ;
#2108 = EDGE_LOOP ( 'NONE', ( #2636, #1500, #865, #894 ) ) ;
#2109 = ORIENTED_EDGE ( 'NONE', *, *, #2652, .F. ) ;
#2110 = EDGE_CURVE ( 'NONE', #342, #2378, #2396, .T. ) ;
#2111 = CARTESIAN_POINT ( 'NONE',  ( -22.00000000000000000, 15.99999999999999645, -61.09991680526687929 ) ) ;
#2112 = EDGE_CURVE ( 'NONE', #2073, #2446, #65, .T. ) ;
#2113 = DIRECTION ( 'NONE',  ( -1.000000000000000000, -0.000000000000000000, -0.000000000000000000 ) ) ;
#2114 = VERTEX_POINT ( 'NONE', #2613 ) ;
#2115 = VERTEX_POINT ( 'NONE', #712 ) ;
#2116 = PLANE ( 'NONE',  #1435 ) ;
#2117 = DIRECTION ( 'NONE',  ( 0.000000000000000000, 1.000000000000000000, 0.000000000000000000 ) ) ;
#2118 = EDGE_CURVE ( 'NONE', #1152, #9, #1569, .T. ) ;
#2119 = DIRECTION ( 'NONE',  ( 0.000000000000000000, 1.000000000000000000, 0.000000000000000000 ) ) ;
#2120 = DIRECTION ( 'NONE',  ( -1.000000000000000000, 0.000000000000000000, -0.000000000000000000 ) ) ;
#2121 = ORIENTED_EDGE ( 'NONE', *, *, #2445, .T. ) ;
#2122 = CARTESIAN_POINT ( 'NONE',  ( -22.00000000000000000, 26.00000000000000000, -61.09991680526687929 ) ) ;
#2123 = DIRECTION ( 'NONE',  ( 0.000000000000000000, 0.000000000000000000, 1.000000000000000000 ) ) ;
#2124 = CARTESIAN_POINT ( 'NONE',  ( 0.000000000000000000, 38.19999999999999574, 0.000000000000000000 ) ) ;
#2125 = VERTEX_POINT ( 'NONE', #2412 ) ;
#2126 = VERTEX_POINT ( 'NONE', #1349 ) ;
#2127 = EDGE_CURVE ( 'NONE', #741, #1180, #2207, .T. ) ;
#2128 = DIRECTION ( 'NONE',  ( -1.000000000000000000, -0.000000000000000000, -0.000000000000000000 ) ) ;
#2129 = DIRECTION ( 'NONE',  ( 0.000000000000000000, 0.000000000000000000, -1.000000000000000000 ) ) ;
#2130 = LINE ( 'NONE', #650, #2646 ) ;
#2131 = CARTESIAN_POINT ( 'NONE',  ( -46.19397662556433914, 46.00000000000000000, -291.8841716182545269 ) ) ;
#2132 = ORIENTED_EDGE ( 'NONE', *, *, #2409, .F. ) ;
#2133 = ORIENTED_EDGE ( 'NONE', *, *, #1871, .T. ) ;
#2134 = DIRECTION ( 'NONE',  ( -1.000000000000000000, -0.000000000000000000, -0.000000000000000000 ) ) ;
#2135 = EDGE_LOOP ( 'NONE', ( #2032, #2705, #932, #2403 ) ) ;
#2136 = DIRECTION ( 'NONE',  ( 0.000000000000000000, 0.9284766908852591927, 0.3713906763541039435 ) ) ;
#2137 = AXIS2_PLACEMENT_3D ( 'NONE', #1172, #1158, #1144 ) ;
#2138 = AXIS2_PLACEMENT_3D ( 'NONE', #115, #540, #1182 ) ;
#2139 = FACE_BOUND ( 'NONE', #464, .T. ) ;
#2140 = EDGE_LOOP ( 'NONE', ( #1413, #2213 ) ) ;
#2141 = CARTESIAN_POINT ( 'NONE',  ( 46.19397662556433914, 46.00000000000000000, -291.8841716182545269 ) ) ;
#2142 = VECTOR ( 'NONE', #1290, 1000.000000000000114 ) ;
#2143 = DIRECTION ( 'NONE',  ( 0.000000000000000000, 0.000000000000000000, -1.000000000000000000 ) ) ;
#2144 = EDGE_CURVE ( 'NONE', #116, #1171, #2282, .T. ) ;
#2145 = CARTESIAN_POINT ( 'NONE',  ( 46.56229828894252876, 46.00000000000000000, -301.1119330490977291 ) ) ;
#2146 = ORIENTED_EDGE ( 'NONE', *, *, #1580, .F. ) ;
#2147 = DIRECTION ( 'NONE',  ( 0.000000000000000000, 1.000000000000000000, 0.000000000000000000 ) ) ;
#2148 = ORIENTED_EDGE ( 'NONE', *, *, #527, .F. ) ;
#2149 = ORIENTED_EDGE ( 'NONE', *, *, #396, .T. ) ;
#2150 = CARTESIAN_POINT ( 'NONE',  ( -29.56414504036117918, 46.00000000000000000, 9.495869835682871241 ) ) ;
#2151 = DATE_AND_TIME ( #487, #950 ) ;
#2152 = EDGE_CURVE ( 'NONE', #1663, #1577, #1638, .T. ) ;
#2153 = AXIS2_PLACEMENT_3D ( 'NONE', #882, #2119, #832 ) ;
#2154 = VECTOR ( 'NONE', #1889, 1000.000000000000000 ) ;
#2155 = FACE_BOUND ( 'NONE', #225, .T. ) ;
#2156 = CIRCLE ( 'NONE', #250, 2.749999999999974687 ) ;
#2157 = CYLINDRICAL_SURFACE ( 'NONE', #2065, 2.750000000000002665 ) ;
#2158 = VECTOR ( 'NONE', #2604, 1000.000000000000000 ) ;
#2159 = DIRECTION ( 'NONE',  ( -0.000000000000000000, -1.000000000000000000, -0.000000000000000000 ) ) ;
#2160 = ORIENTED_EDGE ( 'NONE', *, *, #2585, .T. ) ;
#2161 = EDGE_CURVE ( 'NONE', #2332, #879, #1399, .T. ) ;
#2162 = DIRECTION ( 'NONE',  ( -1.000000000000000000, -0.000000000000000000, -0.000000000000000000 ) ) ;
#2163 = ORIENTED_EDGE ( 'NONE', *, *, #120, .T. ) ;
#2164 = FACE_OUTER_BOUND ( 'NONE', #1055, .T. ) ;
#2165 = VERTEX_POINT ( 'NONE', #2481 ) ;
#2166 = EDGE_CURVE ( 'NONE', #81, #422, #338, .T. ) ;
#2167 = ORIENTED_EDGE ( 'NONE', *, *, #103, .F. ) ;
#2168 = VERTEX_POINT ( 'NONE', #1425 ) ;
#2169 = CARTESIAN_POINT ( 'NONE',  ( -29.56414504036117918, 46.00000000000000000, 12.24586983568286946 ) ) ;
#2170 = ORIENTED_EDGE ( 'NONE', *, *, #557, .T. ) ;
#2171 = FACE_BOUND ( 'NONE', #62, .T. ) ;
#2172 = CARTESIAN_POINT ( 'NONE',  ( 54.92397570258090411, 46.00000000000000000, -280.9250580329031663 ) ) ;
#2173 = CARTESIAN_POINT ( 'NONE',  ( 29.56414504036117563, 46.00000000000000000, -14.99586983568287124 ) ) ;
#2174 = VERTEX_POINT ( 'NONE', #1205 ) ;
#2175 = CYLINDRICAL_SURFACE ( 'NONE', #2730, 10.00000000000000888 ) ;
#2176 = ORIENTED_EDGE ( 'NONE', *, *, #330, .T. ) ;
#2177 = CARTESIAN_POINT ( 'NONE',  ( 0.000000000000000000, 36.00000000000000000, -140.0000000000000000 ) ) ;
#2178 = ORIENTED_EDGE ( 'NONE', *, *, #623, .T. ) ;
#2179 = EDGE_LOOP ( 'NONE', ( #1119, #2397, #570, #1848 ) ) ;
#2180 = FACE_OUTER_BOUND ( 'NONE', #1509, .T. ) ;
#2181 =( NAMED_UNIT ( * ) SI_UNIT ( $, .STERADIAN. ) SOLID_ANGLE_UNIT ( ) );
#2182 = EDGE_CURVE ( 'NONE', #1093, #126, #2694, .T. ) ;
#2183 = CIRCLE ( 'NONE', #2534, 10.00000000000000888 ) ;
#2184 = ORIENTED_EDGE ( 'NONE', *, *, #2689, .T. ) ;
#2185 = VECTOR ( 'NONE', #346, 1000.000000000000000 ) ;
#2186 = DIRECTION ( 'NONE',  ( -1.000000000000000000, -0.000000000000000000, -0.000000000000000000 ) ) ;
#2187 = EDGE_CURVE ( 'NONE', #679, #2299, #683, .T. ) ;
#2188 = VECTOR ( 'NONE', #1514, 1000.000000000000000 ) ;
#2189 = LINE ( 'NONE', #2628, #2495 ) ;
#2190 = FACE_OUTER_BOUND ( 'NONE', #736, .T. ) ;
#2191 = ADVANCED_FACE ( 'NONE', ( #2452 ), #1387, .F. ) ;
#2192 = AXIS2_PLACEMENT_3D ( 'NONE', #427, #2529, #209 ) ;
#2193 = DIRECTION ( 'NONE',  ( -0.000000000000000000, -1.000000000000000000, -0.000000000000000000 ) ) ;
#2194 = EDGE_LOOP ( 'NONE', ( #1702, #1048, #1503, #1997 ) ) ;
#2195 = FACE_OUTER_BOUND ( 'NONE', #483, .T. ) ;
#2196 = EDGE_LOOP ( 'NONE', ( #2657, #1415 ) ) ;
#2197 = ORIENTED_EDGE ( 'NONE', *, *, #1851, .F. ) ;
#2198 = DIRECTION ( 'NONE',  ( 0.000000000000000000, 0.000000000000000000, -1.000000000000000000 ) ) ;
#2199 = PERSON_AND_ORGANIZATION ( #243, #1654 ) ;
#2200 = ORIENTED_EDGE ( 'NONE', *, *, #600, .T. ) ;
#2201 = ADVANCED_FACE ( 'NONE', ( #111 ), #2021, .F. ) ;
#2202 = ORIENTED_EDGE ( 'NONE', *, *, #120, .F. ) ;
#2203 = FACE_BOUND ( 'NONE', #1175, .T. ) ;
#2204 = CIRCLE ( 'NONE', #1619, 2.750000000000002665 ) ;
#2205 = ADVANCED_FACE ( 'NONE', ( #773 ), #2037, .F. ) ;
#2206 = LINE ( 'NONE', #79, #1840 ) ;
#2207 = LINE ( 'NONE', #299, #1382 ) ;
#2208 = AXIS2_PLACEMENT_3D ( 'NONE', #1841, #1394, #780 ) ;
#2209 = VERTEX_POINT ( 'NONE', #1231 ) ;
#2210 = VECTOR ( 'NONE', #1512, 1000.000000000000000 ) ;
#2211 = EDGE_CURVE ( 'NONE', #956, #2343, #369, .T. ) ;
#2212 = PLANE ( 'NONE',  #296 ) ;
#2213 = ORIENTED_EDGE ( 'NONE', *, *, #1266, .F. ) ;
#2214 = FACE_OUTER_BOUND ( 'NONE', #411, .T. ) ;
#2215 = ORIENTED_EDGE ( 'NONE', *, *, #1150, .F. ) ;
#2216 = VERTEX_POINT ( 'NONE', #1651 ) ;
#2217 = EDGE_LOOP ( 'NONE', ( #2197, #160, #2448, #584 ) ) ;
#2218 = DIRECTION ( 'NONE',  ( -0.000000000000000000, -1.000000000000000000, -0.000000000000000000 ) ) ;
#2219 = CALENDAR_DATE ( 2026, 24, 9 ) ;
#2220 = LINE ( 'NONE', #266, #554 ) ;
#2221 = CYLINDRICAL_SURFACE ( 'NONE', #2405, 2.750000000000002665 ) ;
#2222 = FACE_OUTER_BOUND ( 'NONE', #118, .T. ) ;
#2223 = EDGE_CURVE ( 'NONE', #2283, #72, #1179, .T. ) ;
#2224 = FACE_OUTER_BOUND ( 'NONE', #1063, .T. ) ;
#2225 = CARTESIAN_POINT ( 'NONE',  ( 46.56229828894252876, 46.00000000000000000, -301.1119330490977291 ) ) ;
#2226 = EDGE_LOOP ( 'NONE', ( #1970, #1922, #1388, #1592 ) ) ;
#2227 = ORIENTED_EDGE ( 'NONE', *, *, #2402, .T. ) ;
#2228 = CARTESIAN_POINT ( 'NONE',  ( -46.19397662556434625, 46.00000000000000000, -253.6158283817455583 ) ) ;
#2229 = VERTEX_POINT ( 'NONE', #1611 ) ;
#2230 = DIRECTION ( 'NONE',  ( 0.000000000000000000, 0.000000000000000000, -1.000000000000000000 ) ) ;
#2231 = AXIS2_PLACEMENT_3D ( 'NONE', #2439, #535, #2233 ) ;
#2232 = VECTOR ( 'NONE', #1985, 1000.000000000000114 ) ;
#2233 = DIRECTION ( 'NONE',  ( 0.000000000000000000, 0.000000000000000000, 1.000000000000000000 ) ) ;
#2234 = LINE ( 'NONE', #1677, #856 ) ;
#2235 = CARTESIAN_POINT ( 'NONE',  ( -19.13417161825448787, 46.00000000000000000, -313.4439766255644031 ) ) ;
#2236 = VECTOR ( 'NONE', #1742, 1000.000000000000000 ) ;
#2237 = EDGE_CURVE ( 'NONE', #2244, #162, #2704, .T. ) ;
#2238 = DIRECTION ( 'NONE',  ( 0.000000000000000000, 1.000000000000000000, 0.000000000000000000 ) ) ;
#2239 = ORIENTED_EDGE ( 'NONE', *, *, #2268, .T. ) ;
#2240 = EDGE_CURVE ( 'NONE', #2454, #2114, #1811, .T. ) ;
#2241 = FACE_OUTER_BOUND ( 'NONE', #1602, .T. ) ;
#2242 = VECTOR ( 'NONE', #438, 1000.000000000000000 ) ;
#2243 = LOCAL_TIME ( 11, 7, 54.00000000000000000, #888 ) ;
#2244 = VERTEX_POINT ( 'NONE', #2061 ) ;
#2245 = CARTESIAN_POINT ( 'NONE',  ( 22.00000000000000000, 36.00000000000000000, -35.59768778401239331 ) ) ;
#2246 = DIRECTION ( 'NONE',  ( 0.000000000000000000, 0.000000000000000000, -1.000000000000000000 ) ) ;
#2247 = CARTESIAN_POINT ( 'NONE',  ( 0.000000000000000000, 38.19999999999999574, -25.15000000000000213 ) ) ;
#2248 = VECTOR ( 'NONE', #254, 1000.000000000000000 ) ;
#2249 = ORIENTED_EDGE ( 'NONE', *, *, #2585, .F. ) ;
#2250 = CARTESIAN_POINT ( 'NONE',  ( -29.56414504036117563, 46.00000000000000000, -12.24586983568287657 ) ) ;
#2251 = VERTEX_POINT ( 'NONE', #1834 ) ;
#2252 = PLANE ( 'NONE',  #1913 ) ;
#2253 = EDGE_LOOP ( 'NONE', ( #912, #1531, #681, #923 ) ) ;
#2254 = DIRECTION ( 'NONE',  ( 0.000000000000000000, 1.000000000000000000, 0.000000000000000000 ) ) ;
#2255 = DIRECTION ( 'NONE',  ( -0.000000000000000000, -0.9284766908852591927, -0.3713906763541039435 ) ) ;
#2256 = EDGE_CURVE ( 'NONE', #2077, #1103, #1847, .T. ) ;
#2257 = ORIENTED_EDGE ( 'NONE', *, *, #1698, .T. ) ;
#2258 = DIRECTION ( 'NONE',  ( 0.000000000000000000, 1.000000000000000000, 0.000000000000000000 ) ) ;
#2259 = CYLINDRICAL_SURFACE ( 'NONE', #1685, 2.750000000000002665 ) ;
#2260 = DIRECTION ( 'NONE',  ( -0.9919979117236189525, 0.000000000000000000, 0.1262542796739151152 ) ) ;
#2261 = VERTEX_POINT ( 'NONE', #2072 ) ;
#2262 = DIRECTION ( 'NONE',  ( -0.000000000000000000, 1.000000000000000000, -0.000000000000000000 ) ) ;
#2263 = EDGE_LOOP ( 'NONE', ( #1242, #1368 ) ) ;
#2264 = CARTESIAN_POINT ( 'NONE',  ( 0.000000000000000000, 38.19999999999999574, 0.000000000000000000 ) ) ;
#2265 = CARTESIAN_POINT ( 'NONE',  ( 0.000000000000000000, 46.00000000000000000, 0.000000000000000000 ) ) ;
#2266 = PLANE ( 'NONE',  #1252 ) ;
#2267 = VERTEX_POINT ( 'NONE', #365 ) ;
#2268 = EDGE_CURVE ( 'NONE', #2729, #1778, #2325, .T. ) ;
#2269 = CARTESIAN_POINT ( 'NONE',  ( -30.00000000000000000, 15.99999999999999645, -61.09991680526687929 ) ) ;
#2270 = DIRECTION ( 'NONE',  ( -0.000000000000000000, -0.000000000000000000, 1.000000000000000000 ) ) ;
#2271 = DIRECTION ( 'NONE',  ( 0.000000000000000000, 1.000000000000000000, 0.000000000000000000 ) ) ;
#2272 = ORIENTED_EDGE ( 'NONE', *, *, #719, .T. ) ;
#2273 = ORIENTED_EDGE ( 'NONE', *, *, #1866, .F. ) ;
#2274 = AXIS2_PLACEMENT_3D ( 'NONE', #1501, #2703, #1083 ) ;
#2275 = CARTESIAN_POINT ( 'NONE',  ( 12.24586983568288012, 36.00000000000000000, 26.81414504036117208 ) ) ;
#2276 = CARTESIAN_POINT ( 'NONE',  ( -29.56414504036117563, 36.00000000000000000, -12.24586983568287657 ) ) ;
#2277 = EDGE_CURVE ( 'NONE', #1302, #116, #757, .T. ) ;
#2278 = VECTOR ( 'NONE', #407, 1000.000000000000000 ) ;
#2279 = CIRCLE ( 'NONE', #2410, 2.750000000000002665 ) ;
#2280 = CARTESIAN_POINT ( 'NONE',  ( -29.56414504036117563, 36.00000000000000000, -14.99586983568287479 ) ) ;
#2281 = DIRECTION ( 'NONE',  ( -0.7071067811865469066, 0.000000000000000000, -0.7071067811865482389 ) ) ;
#2282 = CIRCLE ( 'NONE', #278, 25.15000000000000213 ) ;
#2283 = VERTEX_POINT ( 'NONE', #608 ) ;
#2284 = VECTOR ( 'NONE', #1488, 1000.000000000000000 ) ;
#2285 = DIRECTION ( 'NONE',  ( 0.000000000000000000, 1.000000000000000000, 0.000000000000000000 ) ) ;
#2286 =( GEOMETRIC_REPRESENTATION_CONTEXT ( 3 ) GLOBAL_UNCERTAINTY_ASSIGNED_CONTEXT ( ( #1625 ) ) GLOBAL_UNIT_ASSIGNED_CONTEXT ( ( #835, #1056, #2181 ) ) REPRESENTATION_CONTEXT ( 'NONE', 'WORKASPACE' ) );
#2287 = EDGE_CURVE ( 'NONE', #1324, #2041, #2234, .T. ) ;
#2288 = CARTESIAN_POINT ( 'NONE',  ( -12.24586983568286414, 46.00000000000000000, 29.56414504036117918 ) ) ;
#2289 = DIRECTION ( 'NONE',  ( 0.000000000000000000, 0.000000000000000000, 1.000000000000000000 ) ) ;
#2290 = ORIENTED_EDGE ( 'NONE', *, *, #2152, .T. ) ;
#2291 = EDGE_LOOP ( 'NONE', ( #263, #20, #52, #1434 ) ) ;
#2292 = EDGE_CURVE ( 'NONE', #1302, #988, #2413, .T. ) ;
#2293 = CARTESIAN_POINT ( 'NONE',  ( -30.00000000000000000, 36.00000000000000000, -206.0000000000000284 ) ) ;
#2294 = DIRECTION ( 'NONE',  ( -0.000000000000000000, -1.000000000000000000, -0.000000000000000000 ) ) ;
#2295 = VECTOR ( 'NONE', #1065, 1000.000000000000000 ) ;
#2296 = AXIS2_PLACEMENT_3D ( 'NONE', #880, #1049, #659 ) ;
#2297 = DIRECTION ( 'NONE',  ( 0.000000000000000000, 0.9284766908852591927, 0.3713906763541039435 ) ) ;
#2298 = DIRECTION ( 'NONE',  ( -0.000000000000000000, -1.000000000000000000, -0.000000000000000000 ) ) ;
#2299 = VERTEX_POINT ( 'NONE', #2352 ) ;
#2300 = AXIS2_PLACEMENT_3D ( 'NONE', #1471, #1723, #2575 ) ;
#2301 = CARTESIAN_POINT ( 'NONE',  ( 30.00000000000000000, 36.00000000000000000, -206.0000000000000284 ) ) ;
#2302 = CARTESIAN_POINT ( 'NONE',  ( -30.00000000000000000, 36.00000000000000000, -110.0000000000000142 ) ) ;
#2303 = DIRECTION ( 'NONE',  ( -0.000000000000000000, -1.000000000000000000, -0.000000000000000000 ) ) ;
#2304 = VERTEX_POINT ( 'NONE', #1490 ) ;
#2305 = CARTESIAN_POINT ( 'NONE',  ( -19.13417161825447721, 36.00000000000000000, -223.8060233744356822 ) ) ;
#2306 = DIRECTION ( 'NONE',  ( -0.000000000000000000, -1.000000000000000000, -0.000000000000000000 ) ) ;
#2307 = EDGE_CURVE ( 'NONE', #2446, #595, #2084, .T. ) ;
#2308 = FACE_OUTER_BOUND ( 'NONE', #1604, .T. ) ;
#2309 = LINE ( 'NONE', #2055, #1170 ) ;
#2310 = EDGE_CURVE ( 'NONE', #2073, #1108, #864, .T. ) ;
#2311 = ORIENTED_EDGE ( 'NONE', *, *, #1489, .T. ) ;
#2312 = CARTESIAN_POINT ( 'NONE',  ( -22.00000000000000000, 31.00000000000000000, -35.59768778401239331 ) ) ;
#2313 = DIRECTION ( 'NONE',  ( 0.000000000000000000, 1.000000000000000000, 0.000000000000000000 ) ) ;
#2314 = EDGE_LOOP ( 'NONE', ( #2272, #2149, #1760, #1513 ) ) ;
#2315 = CARTESIAN_POINT ( 'NONE',  ( 0.000000000000000000, 36.00000000000000000, -205.0000000000000284 ) ) ;
#2316 = CARTESIAN_POINT ( 'NONE',  ( 12.24586983568287479, 36.00000000000000000, -26.81414504036117563 ) ) ;
#2317 = VECTOR ( 'NONE', #1020, 1000.000000000000000 ) ;
#2318 = ADVANCED_FACE ( 'NONE', ( #2743 ), #850, .F. ) ;
#2319 = CARTESIAN_POINT ( 'NONE',  ( -22.00000000000000000, 36.00000000000000000, -206.0000000000000284 ) ) ;
#2320 = VECTOR ( 'NONE', #1727, 1000.000000000000000 ) ;
#2321 = DIRECTION ( 'NONE',  ( -0.000000000000000000, -1.000000000000000000, -0.000000000000000000 ) ) ;
#2322 = VECTOR ( 'NONE', #10, 1000.000000000000000 ) ;
#2323 = EDGE_CURVE ( 'NONE', #595, #2454, #2518, .T. ) ;
#2324 = ORIENTED_EDGE ( 'NONE', *, *, #2062, .F. ) ;
#2325 = CIRCLE ( 'NONE', #503, 2.749999999999999112 ) ;
#2326 = ADVANCED_FACE ( 'NONE', ( #1692, #2558, #644, #178, #1930, #827, #619, #2139, #2731, #1057, #1478, #1450, #1438, #836, #629, #2341, #2572, #238, #878, #390, #1241, #657 ), #1914, .T. ) ;
#2327 = DIRECTION ( 'NONE',  ( -0.000000000000000000, -1.000000000000000000, -0.000000000000000000 ) ) ;
#2328 = LOCAL_TIME ( 11, 7, 54.00000000000000000, #500 ) ;
#2329 = ORIENTED_EDGE ( 'NONE', *, *, #915, .T. ) ;
#2330 = CARTESIAN_POINT ( 'NONE',  ( 12.24586983568287479, 46.00000000000000000, -29.56414504036117563 ) ) ;
#2331 = CARTESIAN_POINT ( 'NONE',  ( -12.24586983568287124, 46.00000000000000000, -26.81414504036117563 ) ) ;
#2332 = VERTEX_POINT ( 'NONE', #1462 ) ;
#2333 = APPLICATION_CONTEXT ( 'configuration controlled 3d designs of mechanical parts and assemblies' ) ;
#2334 = CARTESIAN_POINT ( 'NONE',  ( 46.19397662556434625, 36.00000000000000000, -253.6158283817455583 ) ) ;
#2335 = DIRECTION ( 'NONE',  ( -0.000000000000000000, -0.9284766908852591927, -0.3713906763541039435 ) ) ;
#2336 = VERTEX_POINT ( 'NONE', #1033 ) ;
#2337 = VECTOR ( 'NONE', #32, 1000.000000000000000 ) ;
#2338 = ORIENTED_EDGE ( 'NONE', *, *, #1810, .F. ) ;
#2339 = DIRECTION ( 'NONE',  ( 0.000000000000000000, 0.000000000000000000, -1.000000000000000000 ) ) ;
#2340 = ADVANCED_FACE ( 'NONE', ( #1873 ), #1046, .F. ) ;
#2341 = FACE_BOUND ( 'NONE', #96, .T. ) ;
#2342 = ORIENTED_EDGE ( 'NONE', *, *, #145, .T. ) ;
#2343 = VERTEX_POINT ( 'NONE', #1254 ) ;
#2344 = DIRECTION ( 'NONE',  ( 0.000000000000000000, 1.000000000000000000, 0.000000000000000000 ) ) ;
#2345 = CARTESIAN_POINT ( 'NONE',  ( 46.19397662556433914, 46.00000000000000000, -289.1341716182545269 ) ) ;
#2346 = DIRECTION ( 'NONE',  ( 0.000000000000000000, 1.000000000000000000, 0.000000000000000000 ) ) ;
#2347 = DIRECTION ( 'NONE',  ( -0.000000000000000000, -1.000000000000000000, -0.000000000000000000 ) ) ;
#2348 = EDGE_LOOP ( 'NONE', ( #1320, #1342, #2744, #577 ) ) ;
#2349 = PLANE ( 'NONE',  #1028 ) ;
#2350 = LINE ( 'NONE', #2111, #560 ) ;
#2351 = EDGE_CURVE ( 'NONE', #1612, #1352, #2098, .T. ) ;
#2352 = CARTESIAN_POINT ( 'NONE',  ( -29.56414504036117563, 46.00000000000000000, -9.495869835682878346 ) ) ;
#2353 = ORIENTED_EDGE ( 'NONE', *, *, #1784, .F. ) ;
#2354 = CARTESIAN_POINT ( 'NONE',  ( -12.24586983568287124, 46.00000000000000000, -29.56414504036117563 ) ) ;
#2355 = LINE ( 'NONE', #2574, #1555 ) ;
#2356 = DIRECTION ( 'NONE',  ( -0.000000000000000000, -1.000000000000000000, -0.000000000000000000 ) ) ;
#2357 = ORIENTED_EDGE ( 'NONE', *, *, #139, .T. ) ;
#2358 = LINE ( 'NONE', #465, #183 ) ;
#2359 = EDGE_LOOP ( 'NONE', ( #1599, #1693, #203, #1157 ) ) ;
#2360 = CARTESIAN_POINT ( 'NONE',  ( 0.000000000000000000, 36.00000000000000000, 0.000000000000000000 ) ) ;
#2361 = COORDINATED_UNIVERSAL_TIME_OFFSET ( 5, 30, .AHEAD. ) ;
#2362 = CIRCLE ( 'NONE', #898, 2.750000000000002665 ) ;
#2363 = EDGE_LOOP ( 'NONE', ( #747, #1939, #1188, #1264 ) ) ;
#2364 = CARTESIAN_POINT ( 'NONE',  ( 30.00000000000000000, 31.00000000000000000, -59.09991680526687929 ) ) ;
#2365 = AXIS2_PLACEMENT_3D ( 'NONE', #285, #1102, #893 ) ;
#2366 = EDGE_CURVE ( 'NONE', #1199, #2022, #414, .T. ) ;
#2367 = CARTESIAN_POINT ( 'NONE',  ( -12.24586983568286414, 46.00000000000000000, 26.81414504036117563 ) ) ;
#2368 = AXIS2_PLACEMENT_3D ( 'NONE', #670, #2394, #1959 ) ;
#2369 = LINE ( 'NONE', #1919, #724 ) ;
#2370 = ORIENTED_EDGE ( 'NONE', *, *, #1582, .F. ) ;
#2371 = ORIENTED_EDGE ( 'NONE', *, *, #1133, .F. ) ;
#2372 = EDGE_CURVE ( 'NONE', #72, #1322, #1607, .T. ) ;
#2373 = EDGE_LOOP ( 'NONE', ( #2559, #1998 ) ) ;
#2374 = DIRECTION ( 'NONE',  ( -0.000000000000000000, -1.000000000000000000, -0.000000000000000000 ) ) ;
#2375 = ORIENTED_EDGE ( 'NONE', *, *, #2292, .F. ) ;
#2376 = LINE ( 'NONE', #1924, #2322 ) ;
#2377 = ORIENTED_EDGE ( 'NONE', *, *, #336, .F. ) ;
#2378 = VERTEX_POINT ( 'NONE', #1988 ) ;
#2379 = CARTESIAN_POINT ( 'NONE',  ( 10.92505803290318589, 36.00000000000000000, -324.9239757025808899 ) ) ;
#2380 = APPROVAL_DATE_TIME ( #517, #2465 ) ;
#2381 = AXIS2_PLACEMENT_3D ( 'NONE', #2250, #1181, #368 ) ;
#2382 = FACE_BOUND ( 'NONE', #2011, .T. ) ;
#2383 = CLOSED_SHELL ( 'NONE', ( #2082, #1597, #1543, #2406, #2569, #2602, #1730, #808, #1249, #393, #2340, #363, #1752, #1684, #887, #265, #889, #2554, #440, #606, #1792, #2075, #2326, #2424, #2038, #1526, #2079, #2191, #1719, #2524, #2205, #410, #2619, #565, #792, #1735, #1373, #1423, #471, #1634, #2318, #2644, #1077, #192, #1473, #962, #158, #1253, #1665, #381, #523, #1955, #1209, #842, #2035, #1839, #90, #2474, #1455, #1332, #347, #1907, #2031, #2460, #67, #1767, #1245, #1051, #350, #2201, #725, #1708, #2701, #1506, #286, #759, #1958, #1202, #922 ) ) ;
#2384 = DIRECTION ( 'NONE',  ( 0.000000000000000000, 0.000000000000000000, -1.000000000000000000 ) ) ;
#2385 = VECTOR ( 'NONE', #2708, 1000.000000000000000 ) ;
#2386 = FACE_OUTER_BOUND ( 'NONE', #559, .T. ) ;
#2387 = CARTESIAN_POINT ( 'NONE',  ( 22.00000000000000000, 26.00000000000000000, -61.09991680526687929 ) ) ;
#2388 = EDGE_LOOP ( 'NONE', ( #526, #366 ) ) ;
#2389 = EDGE_CURVE ( 'NONE', #1686, #107, #2599, .T. ) ;
#2390 = DIRECTION ( 'NONE',  ( -0.000000000000000000, -1.000000000000000000, -0.000000000000000000 ) ) ;
#2391 = VERTEX_POINT ( 'NONE', #2425 ) ;
#2392 = ORIENTED_EDGE ( 'NONE', *, *, #576, .F. ) ;
#2393 = CARTESIAN_POINT ( 'NONE',  ( 19.13417161825450208, 46.00000000000000000, -221.0560233744356537 ) ) ;
#2394 = DIRECTION ( 'NONE',  ( 0.000000000000000000, 1.000000000000000000, 0.000000000000000000 ) ) ;
#2395 = DIRECTION ( 'NONE',  ( 0.000000000000000000, 0.000000000000000000, 1.000000000000000000 ) ) ;
#2396 = LINE ( 'NONE', #492, #235 ) ;
#2397 = ORIENTED_EDGE ( 'NONE', *, *, #207, .T. ) ;
#2398 = DIRECTION ( 'NONE',  ( 0.000000000000000000, 1.000000000000000000, 0.000000000000000000 ) ) ;
#2399 = EDGE_LOOP ( 'NONE', ( #1448, #1783, #195, #1047 ) ) ;
#2400 = DIRECTION ( 'NONE',  ( 0.000000000000000000, 0.000000000000000000, 1.000000000000000000 ) ) ;
#2401 = ORIENTED_EDGE ( 'NONE', *, *, #280, .T. ) ;
#2402 = EDGE_CURVE ( 'NONE', #81, #959, #1831, .T. ) ;
#2403 = ORIENTED_EDGE ( 'NONE', *, *, #1406, .F. ) ;
#2404 = LINE ( 'NONE', #499, #2232 ) ;
#2405 = AXIS2_PLACEMENT_3D ( 'NONE', #524, #2586, #2384 ) ;
#2406 = ADVANCED_FACE ( 'NONE', ( #906 ), #1748, .F. ) ;
#2407 = VECTOR ( 'NONE', #2321, 1000.000000000000000 ) ;
#2408 = DIRECTION ( 'NONE',  ( 0.000000000000000000, 1.000000000000000000, 0.000000000000000000 ) ) ;
#2409 = EDGE_CURVE ( 'NONE', #1821, #2244, #2220, .T. ) ;
#2410 = AXIS2_PLACEMENT_3D ( 'NONE', #529, #328, #2592 ) ;
#2411 = CARTESIAN_POINT ( 'NONE',  ( 46.19397662556433914, 36.00000000000000000, -291.8841716182545269 ) ) ;
#2412 = CARTESIAN_POINT ( 'NONE',  ( 29.56414504036117918, 36.00000000000000000, 9.495869835682864135 ) ) ;
#2413 = CIRCLE ( 'NONE', #552, 25.15000000000000213 ) ;
#2414 = ORIENTED_EDGE ( 'NONE', *, *, #1624, .F. ) ;
#2415 = VECTOR ( 'NONE', #2449, 1000.000000000000000 ) ;
#2416 = DIRECTION ( 'NONE',  ( 0.000000000000000000, 0.000000000000000000, -1.000000000000000000 ) ) ;
#2417 = VERTEX_POINT ( 'NONE', #1761 ) ;
#2418 = CYLINDRICAL_SURFACE ( 'NONE', #231, 2.750000000000030198 ) ;
#2419 = ORIENTED_EDGE ( 'NONE', *, *, #789, .T. ) ;
#2420 = ORIENTED_EDGE ( 'NONE', *, *, #280, .F. ) ;
#2421 = ORIENTED_EDGE ( 'NONE', *, *, #2686, .T. ) ;
#2422 = CARTESIAN_POINT ( 'NONE',  ( -30.00000000000000000, 36.00000000000000000, -35.59768778401239331 ) ) ;
#2423 = COORDINATED_UNIVERSAL_TIME_OFFSET ( 5, 30, .AHEAD. ) ;
#2424 = ADVANCED_FACE ( 'NONE', ( #699, #1732, #1945, #2203, #1791, #710, #2155, #2382, #1775, #1504, #31, #1317, #253, #1536, #2171, #63, #295, #2583, #505, #2611, #1347, #1100 ), #91, .F. ) ;
#2425 = CARTESIAN_POINT ( 'NONE',  ( -30.00000000000000000, 31.00000000000000000, -59.09991680526687929 ) ) ;
#2426 = CIRCLE ( 'NONE', #591, 13.00000000000001066 ) ;
#2427 = DIRECTION ( 'NONE',  ( 0.000000000000000000, 0.000000000000000000, 1.000000000000000000 ) ) ;
#2428 = DIRECTION ( 'NONE',  ( 0.000000000000000000, 0.000000000000000000, 1.000000000000000000 ) ) ;
#2429 = VERTEX_POINT ( 'NONE', #919 ) ;
#2430 = CARTESIAN_POINT ( 'NONE',  ( -22.00000000000000000, 36.00000000000000000, -35.59768778401239331 ) ) ;
#2431 = LINE ( 'NONE', #1365, #1510 ) ;
#2432 = VERTEX_POINT ( 'NONE', #78 ) ;
#2433 = ORIENTED_EDGE ( 'NONE', *, *, #2256, .F. ) ;
#2434 = ORIENTED_EDGE ( 'NONE', *, *, #1378, .F. ) ;
#2435 = LINE ( 'NONE', #2228, #1552 ) ;
#2436 = EDGE_LOOP ( 'NONE', ( #2576, #1494, #620, #2706 ) ) ;
#2437 = PLANE ( 'NONE',  #97 ) ;
#2438 = EDGE_CURVE ( 'NONE', #1802, #2618, #1973, .T. ) ;
#2439 = CARTESIAN_POINT ( 'NONE',  ( -29.56414504036117563, 46.00000000000000000, -12.24586983568287657 ) ) ;
#2440 = DIRECTION ( 'NONE',  ( 0.000000000000000000, -0.000000000000000000, 1.000000000000000000 ) ) ;
#2441 = EDGE_CURVE ( 'NONE', #107, #2244, #686, .T. ) ;
#2442 = CARTESIAN_POINT ( 'NONE',  ( 19.13417161825449497, 46.00000000000000000, -316.1939766255643463 ) ) ;
#2443 = PLANE ( 'NONE',  #2138 ) ;
#2444 = ORIENTED_EDGE ( 'NONE', *, *, #133, .T. ) ;
#2445 = EDGE_CURVE ( 'NONE', #653, #2041, #1081, .T. ) ;
#2446 = VERTEX_POINT ( 'NONE', #281 ) ;
#2447 = DIRECTION ( 'NONE',  ( 0.000000000000000000, 0.000000000000000000, 1.000000000000000000 ) ) ;
#2448 = ORIENTED_EDGE ( 'NONE', *, *, #979, .T. ) ;
#2449 = DIRECTION ( 'NONE',  ( -0.000000000000000000, -1.000000000000000000, -0.000000000000000000 ) ) ;
#2450 = CIRCLE ( 'NONE', #2231, 2.749999999999999112 ) ;
#2451 = DIRECTION ( 'NONE',  ( -0.000000000000000000, -1.000000000000000000, -0.000000000000000000 ) ) ;
#2452 = FACE_OUTER_BOUND ( 'NONE', #1575, .T. ) ;
#2453 = EDGE_CURVE ( 'NONE', #2267, #1022, #1562, .T. ) ;
#2454 = VERTEX_POINT ( 'NONE', #1132 ) ;
#2455 = AXIS2_PLACEMENT_3D ( 'NONE', #216, #2147, #1311 ) ;
#2456 = DIRECTION ( 'NONE',  ( 0.000000000000000000, 1.000000000000000000, 0.000000000000000000 ) ) ;
#2457 = VERTEX_POINT ( 'NONE', #1548 ) ;
#2458 = CIRCLE ( 'NONE', #2672, 2.749999999999999112 ) ;
#2459 = LINE ( 'NONE', #1403, #547 ) ;
#2460 = ADVANCED_FACE ( 'NONE', ( #1360 ), #1160, .F. ) ;
#2461 = VECTOR ( 'NONE', #194, 1000.000000000000000 ) ;
#2462 = CARTESIAN_POINT ( 'NONE',  ( 0.000000000000000000, 38.19999999999999574, 0.000000000000000000 ) ) ;
#2463 = FACE_OUTER_BOUND ( 'NONE', #2253, .T. ) ;
#2464 = CC_DESIGN_APPROVAL ( #2465, ( #1565 ) ) ;
#2465 = APPROVAL ( #918, 'UNSPECIFIED' ) ;
#2466 = ORIENTED_EDGE ( 'NONE', *, *, #1136, .F. ) ;
#2467 = DIRECTION ( 'NONE',  ( 0.000000000000000000, 0.000000000000000000, 1.000000000000000000 ) ) ;
#2468 = DIRECTION ( 'NONE',  ( 0.000000000000000000, 0.000000000000000000, 1.000000000000000000 ) ) ;
#2469 = CARTESIAN_POINT ( 'NONE',  ( -32.00000000000000000, 36.00000000000000000, 40.00000000000000000 ) ) ;
#2470 = CIRCLE ( 'NONE', #868, 2.750000000000002665 ) ;
#2471 = DIRECTION ( 'NONE',  ( 0.000000000000000000, 0.000000000000000000, 1.000000000000000000 ) ) ;
#2472 = ORIENTED_EDGE ( 'NONE', *, *, #1884, .T. ) ;
#2473 = DIRECTION ( 'NONE',  ( 0.000000000000000000, 0.000000000000000000, 1.000000000000000000 ) ) ;
#2474 = ADVANCED_FACE ( 'NONE', ( #978 ), #1019, .F. ) ;
#2475 = DIRECTION ( 'NONE',  ( -0.000000000000000000, -1.000000000000000000, -0.000000000000000000 ) ) ;
#2476 = DIRECTION ( 'NONE',  ( 0.000000000000000000, 0.000000000000000000, 1.000000000000000000 ) ) ;
#2477 = ORIENTED_EDGE ( 'NONE', *, *, #1929, .F. ) ;
#2478 = CYLINDRICAL_SURFACE ( 'NONE', #601, 6.000000000000000000 ) ;
#2479 = EDGE_CURVE ( 'NONE', #658, #378, #548, .T. ) ;
#2480 = FACE_OUTER_BOUND ( 'NONE', #970, .T. ) ;
#2481 = CARTESIAN_POINT ( 'NONE',  ( 12.24586983568287479, 46.00000000000000000, -32.31414504036117563 ) ) ;
#2482 = EDGE_LOOP ( 'NONE', ( #380, #1227, #1275, #761 ) ) ;
#2483 = CARTESIAN_POINT ( 'NONE',  ( -46.56229828894253586, 36.00000000000000000, -301.1119330490977291 ) ) ;
#2484 = CYLINDRICAL_SURFACE ( 'NONE', #2540, 2.750000000000030198 ) ;
#2485 = LINE ( 'NONE', #129, #1090 ) ;
#2486 = CARTESIAN_POINT ( 'NONE',  ( -46.19397662556434625, 36.00000000000000000, -248.1158283817455299 ) ) ;
#2487 = EDGE_CURVE ( 'NONE', #1451, #1141, #1229, .T. ) ;
#2488 = ORIENTED_EDGE ( 'NONE', *, *, #1131, .T. ) ;
#2489 = CARTESIAN_POINT ( 'NONE',  ( 48.00000000000000000, 46.00000000000000000, -214.0000000000000284 ) ) ;
#2490 = EDGE_CURVE ( 'NONE', #1984, #2085, #190, .T. ) ;
#2491 = FACE_OUTER_BOUND ( 'NONE', #1139, .T. ) ;
#2492 = DIRECTION ( 'NONE',  ( 0.1262542796739151152, 0.000000000000000000, 0.9919979117236189525 ) ) ;
#2493 = CC_DESIGN_DATE_AND_TIME_ASSIGNMENT ( #2151, #1520, ( #1875 ) ) ;
#2494 = ORIENTED_EDGE ( 'NONE', *, *, #2144, .T. ) ;
#2495 = VECTOR ( 'NONE', #2270, 1000.000000000000000 ) ;
#2496 = DIRECTION ( 'NONE',  ( -0.000000000000000000, -1.000000000000000000, -0.000000000000000000 ) ) ;
#2497 = DIRECTION ( 'NONE',  ( -0.000000000000000000, 1.000000000000000000, -0.000000000000000000 ) ) ;
#2498 = AXIS2_PLACEMENT_3D ( 'NONE', #2264, #2697, #169 ) ;
#2499 = DIRECTION ( 'NONE',  ( 0.000000000000000000, 0.000000000000000000, 1.000000000000000000 ) ) ;
#2500 = CARTESIAN_POINT ( 'NONE',  ( 0.000000000000000000, 46.00000000000000000, -85.00000000000000000 ) ) ;
#2501 = VECTOR ( 'NONE', #1468, 999.9999999999998863 ) ;
#2502 = ORIENTED_EDGE ( 'NONE', *, *, #2127, .F. ) ;
#2503 = VECTOR ( 'NONE', #132, 1000.000000000000000 ) ;
#2504 = DIRECTION ( 'NONE',  ( -0.000000000000000000, -1.000000000000000000, -0.000000000000000000 ) ) ;
#2505 = EDGE_CURVE ( 'NONE', #126, #279, #1408, .T. ) ;
#2506 = CARTESIAN_POINT ( 'NONE',  ( -46.56229828894253586, 46.00000000000000000, -301.1119330490977291 ) ) ;
#2507 = DIRECTION ( 'NONE',  ( 0.000000000000000000, 0.000000000000000000, 1.000000000000000000 ) ) ;
#2508 = ORIENTED_EDGE ( 'NONE', *, *, #1060, .T. ) ;
#2509 = DIRECTION ( 'NONE',  ( -0.000000000000000000, -0.000000000000000000, -1.000000000000000000 ) ) ;
#2510 = DIRECTION ( 'NONE',  ( 0.000000000000000000, 0.000000000000000000, 1.000000000000000000 ) ) ;
#2511 = CIRCLE ( 'NONE', #17, 2.749999999999999112 ) ;
#2512 = AXIS2_PLACEMENT_3D ( 'NONE', #621, #1670, #1932 ) ;
#2513 = CARTESIAN_POINT ( 'NONE',  ( 46.56229828894252876, 36.00000000000000000, -301.1119330490977291 ) ) ;
#2514 = CARTESIAN_POINT ( 'NONE',  ( 46.56229828894252876, 36.00000000000000000, -301.1119330490977291 ) ) ;
#2515 = ORIENTED_EDGE ( 'NONE', *, *, #1441, .T. ) ;
#2516 = AXIS2_PLACEMENT_3D ( 'NONE', #54, #910, #35 ) ;
#2517 = CARTESIAN_POINT ( 'NONE',  ( -31.11193304909772550, 46.00000000000000000, -316.5622982889425430 ) ) ;
#2518 = LINE ( 'NONE', #19, #2142 ) ;
#2519 = EDGE_LOOP ( 'NONE', ( #429, #2133 ) ) ;
#2520 = EDGE_LOOP ( 'NONE', ( #1256, #1269 ) ) ;
#2521 = EDGE_CURVE ( 'NONE', #2757, #38, #1743, .T. ) ;
#2522 = CYLINDRICAL_SURFACE ( 'NONE', #2641, 2.749999999999999112 ) ;
#2523 = DIRECTION ( 'NONE',  ( 0.000000000000000000, 1.000000000000000000, 0.000000000000000000 ) ) ;
#2524 = ADVANCED_FACE ( 'NONE', ( #743 ), #2437, .F. ) ;
#2525 = FACE_OUTER_BOUND ( 'NONE', #2691, .T. ) ;
#2526 = DIRECTION ( 'NONE',  ( 0.000000000000000000, 1.000000000000000000, 0.000000000000000000 ) ) ;
#2527 = EDGE_CURVE ( 'NONE', #665, #1419, #2631, .T. ) ;
#2528 = VERTEX_POINT ( 'NONE', #375 ) ;
#2529 = DIRECTION ( 'NONE',  ( 0.000000000000000000, -1.000000000000000000, 0.000000000000000000 ) ) ;
#2530 = EDGE_LOOP ( 'NONE', ( #2121, #2531 ) ) ;
#2531 = ORIENTED_EDGE ( 'NONE', *, *, #2068, .T. ) ;
#2532 = CARTESIAN_POINT ( 'NONE',  ( 30.00000000000000000, 26.00000000000000000, -61.09991680526687929 ) ) ;
#2533 = DIRECTION ( 'NONE',  ( 0.1029093542216269058, 0.000000000000000000, -0.9946907382768211958 ) ) ;
#2534 = AXIS2_PLACEMENT_3D ( 'NONE', #218, #1068, #2756 ) ;
#2535 = DIRECTION ( 'NONE',  ( 0.000000000000000000, 0.000000000000000000, -1.000000000000000000 ) ) ;
#2536 = AXIS2_PLACEMENT_3D ( 'NONE', #862, #1110, #1926 ) ;
#2537 = EDGE_CURVE ( 'NONE', #38, #2757, #2099, .T. ) ;
#2538 = PLANE ( 'NONE',  #362 ) ;
#2539 = ORIENTED_EDGE ( 'NONE', *, *, #2211, .T. ) ;
#2540 = AXIS2_PLACEMENT_3D ( 'NONE', #1196, #1861, #1208 ) ;
#2541 = ORIENTED_EDGE ( 'NONE', *, *, #804, .T. ) ;
#2542 = CIRCLE ( 'NONE', #1559, 10.00000000000000888 ) ;
#2543 = DIRECTION ( 'NONE',  ( 0.9238795325112870716, 0.000000000000000000, 0.3826834323650892822 ) ) ;
#2544 = AXIS2_PLACEMENT_3D ( 'NONE', #2059, #150, #2467 ) ;
#2545 = DIRECTION ( 'NONE',  ( 0.000000000000000000, 0.000000000000000000, -1.000000000000000000 ) ) ;
#2546 = EDGE_LOOP ( 'NONE', ( #179, #1340, #2633, #100, #1560, #977, #798 ) ) ;
#2547 = EDGE_LOOP ( 'NONE', ( #1898, #799, #532, #2433 ) ) ;
#2548 = CARTESIAN_POINT ( 'NONE',  ( -12.24586983568287124, 36.00000000000000000, -32.31414504036117563 ) ) ;
#2549 = DIRECTION ( 'NONE',  ( 0.000000000000000000, 0.000000000000000000, 1.000000000000000000 ) ) ;
#2550 = ORIENTED_EDGE ( 'NONE', *, *, #2389, .F. ) ;
#2551 = CYLINDRICAL_SURFACE ( 'NONE', #384, 2.749999999999999112 ) ;
#2552 = LINE ( 'NONE', #1952, #2278 ) ;
#2553 = VECTOR ( 'NONE', #1101, 1000.000000000000114 ) ;
#2554 = ADVANCED_FACE ( 'NONE', ( #1005 ), #109, .F. ) ;
#2555 = ORIENTED_EDGE ( 'NONE', *, *, #1325, .T. ) ;
#2556 = CYLINDRICAL_SURFACE ( 'NONE', #2274, 2.749999999999999112 ) ;
#2557 = CIRCLE ( 'NONE', #869, 2.750000000000002665 ) ;
#2558 = FACE_BOUND ( 'NONE', #1402, .T. ) ;
#2559 = ORIENTED_EDGE ( 'NONE', *, *, #1042, .F. ) ;
#2560 = EDGE_CURVE ( 'NONE', #2343, #956, #2097, .T. ) ;
#2561 = DIRECTION ( 'NONE',  ( 0.000000000000000000, 1.000000000000000000, 0.000000000000000000 ) ) ;
#2562 = FACE_OUTER_BOUND ( 'NONE', #208, .T. ) ;
#2563 = CARTESIAN_POINT ( 'NONE',  ( -54.92397570258090411, 36.00000000000000000, -280.9250580329031663 ) ) ;
#2564 = VERTEX_POINT ( 'NONE', #783 ) ;
#2565 = DIRECTION ( 'NONE',  ( -0.000000000000000000, -1.000000000000000000, -0.000000000000000000 ) ) ;
#2566 = EDGE_LOOP ( 'NONE', ( #1717, #1286 ) ) ;
#2567 = CARTESIAN_POINT ( 'NONE',  ( -30.00000000000000000, 15.99999999999999645, -61.09991680526687929 ) ) ;
#2568 = EDGE_LOOP ( 'NONE', ( #217, #435 ) ) ;
#2569 = ADVANCED_FACE ( 'NONE', ( #1808 ), #1176, .F. ) ;
#2570 = DATE_AND_TIME ( #1145, #2243 ) ;
#2571 = EDGE_CURVE ( 'NONE', #2085, #1984, #144, .T. ) ;
#2572 = FACE_BOUND ( 'NONE', #1987, .T. ) ;
#2573 = CARTESIAN_POINT ( 'NONE',  ( 0.000000000000000000, 46.00000000000000000, -205.0000000000000284 ) ) ;
#2574 = CARTESIAN_POINT ( 'NONE',  ( 0.000000000000000000, 46.00000000000000000, -283.0000000000000568 ) ) ;
#2575 = DIRECTION ( 'NONE',  ( 0.000000000000000000, 0.000000000000000000, -1.000000000000000000 ) ) ;
#2576 = ORIENTED_EDGE ( 'NONE', *, *, #1015, .F. ) ;
#2577 = CARTESIAN_POINT ( 'NONE',  ( 0.000000000000000000, 46.00000000000000000, -195.0000000000000000 ) ) ;
#2578 = AXIS2_PLACEMENT_3D ( 'NONE', #960, #2651, #293 ) ;
#2579 = ORIENTED_EDGE ( 'NONE', *, *, #2014, .T. ) ;
#2580 = DIRECTION ( 'NONE',  ( 0.000000000000000000, 1.000000000000000000, 0.000000000000000000 ) ) ;
#2581 = CIRCLE ( 'NONE', #2668, 2.750000000000002665 ) ;
#2582 = AXIS2_PLACEMENT_3D ( 'NONE', #1967, #1755, #2606 ) ;
#2583 = FACE_BOUND ( 'NONE', #990, .T. ) ;
#2584 = AXIS2_PLACEMENT_3D ( 'NONE', #867, #881, #660 ) ;
#2585 = EDGE_CURVE ( 'NONE', #1535, #2261, #1259, .T. ) ;
#2586 = DIRECTION ( 'NONE',  ( -0.000000000000000000, -1.000000000000000000, -0.000000000000000000 ) ) ;
#2587 = AXIS2_PLACEMENT_3D ( 'NONE', #1896, #1279, #220 ) ;
#2588 = LINE ( 'NONE', #1372, #2758 ) ;
#2589 = ORIENTED_EDGE ( 'NONE', *, *, #139, .F. ) ;
#2590 = CARTESIAN_POINT ( 'NONE',  ( 0.000000000000000000, 46.00000000000000000, -140.0000000000000000 ) ) ;
#2591 = EDGE_LOOP ( 'NONE', ( #1766, #2645 ) ) ;
#2592 = DIRECTION ( 'NONE',  ( 0.000000000000000000, 0.000000000000000000, 1.000000000000000000 ) ) ;
#2593 = ORIENTED_EDGE ( 'NONE', *, *, #2062, .T. ) ;
#2594 = ORIENTED_EDGE ( 'NONE', *, *, #1393, .F. ) ;
#2595 = LINE ( 'NONE', #976, #2090 ) ;
#2596 = PERSON_AND_ORGANIZATION ( #243, #1654 ) ;
#2597 = CIRCLE ( 'NONE', #1799, 2.750000000000002665 ) ;
#2598 = ORIENTED_EDGE ( 'NONE', *, *, #1117, .T. ) ;
#2599 = LINE ( 'NONE', #473, #1177 ) ;
#2600 = PLANE ( 'NONE',  #1228 ) ;
#2601 = DIRECTION ( 'NONE',  ( 0.000000000000000000, 1.000000000000000000, 0.000000000000000000 ) ) ;
#2602 = ADVANCED_FACE ( 'NONE', ( #1817 ), #2478, .F. ) ;
#2603 = ORIENTED_EDGE ( 'NONE', *, *, #1444, .F. ) ;
#2604 = DIRECTION ( 'NONE',  ( -0.000000000000000000, -1.000000000000000000, -0.000000000000000000 ) ) ;
#2605 = EDGE_LOOP ( 'NONE', ( #467, #416, #1067, #494 ) ) ;
#2606 = DIRECTION ( 'NONE',  ( 0.000000000000000000, 0.000000000000000000, -1.000000000000000000 ) ) ;
#2607 = EDGE_CURVE ( 'NONE', #1464, #665, #1203, .T. ) ;
#2608 = ORIENTED_EDGE ( 'NONE', *, *, #742, .F. ) ;
#2609 = CARTESIAN_POINT ( 'NONE',  ( 29.56414504036117918, 46.00000000000000000, 12.24586983568286591 ) ) ;
#2610 = COORDINATED_UNIVERSAL_TIME_OFFSET ( 5, 30, .AHEAD. ) ;
#2611 = FACE_BOUND ( 'NONE', #1544, .T. ) ;
#2612 = FACE_OUTER_BOUND ( 'NONE', #2135, .T. ) ;
#2613 = CARTESIAN_POINT ( 'NONE',  ( 32.00000000000000000, 36.00000000000000000, 40.00000000000000000 ) ) ;
#2614 = CARTESIAN_POINT ( 'NONE',  ( -54.92397570258090411, 46.00000000000000000, -280.9250580329031663 ) ) ;
#2615 = ORIENTED_EDGE ( 'NONE', *, *, #1156, .F. ) ;
#2616 = CARTESIAN_POINT ( 'NONE',  ( 30.00000000000000000, 46.00000000000000000, -110.0000000000000000 ) ) ;
#2617 = ORIENTED_EDGE ( 'NONE', *, *, #1015, .T. ) ;
#2618 = VERTEX_POINT ( 'NONE', #794 ) ;
#2619 = ADVANCED_FACE ( 'NONE', ( #992 ), #1832, .F. ) ;
#2620 = ORIENTED_EDGE ( 'NONE', *, *, #1112, .F. ) ;
#2621 = CARTESIAN_POINT ( 'NONE',  ( -22.00000000000000000, 31.00000000000000000, -59.09991680526687929 ) ) ;
#2622 = APPROVAL_ROLE ( '' ) ;
#2623 = CIRCLE ( 'NONE', #1729, 2.750000000000002665 ) ;
#2624 = ORIENTED_EDGE ( 'NONE', *, *, #1236, .T. ) ;
#2625 = VECTOR ( 'NONE', #1971, 1000.000000000000000 ) ;
#2626 = CARTESIAN_POINT ( 'NONE',  ( 30.00000000000000000, 31.00000000000000000, -59.09991680526687929 ) ) ;
#2627 = VECTOR ( 'NONE', #2306, 1000.000000000000000 ) ;
#2628 = CARTESIAN_POINT ( 'NONE',  ( -30.00000000000000000, 36.00000000000000000, -35.59768778401239331 ) ) ;
#2629 = CARTESIAN_POINT ( 'NONE',  ( -19.13417161825448787, 46.00000000000000000, -318.9439766255643463 ) ) ;
#2630 = CIRCLE ( 'NONE', #95, 2.750000000000030198 ) ;
#2631 = CIRCLE ( 'NONE', #1652, 2.749999999999999112 ) ;
#2632 = CARTESIAN_POINT ( 'NONE',  ( 30.00000000000000000, 31.00000000000000000, -35.59768778401239331 ) ) ;
#2633 = ORIENTED_EDGE ( 'NONE', *, *, #2479, .F. ) ;
#2634 = DIRECTION ( 'NONE',  ( 0.7071067811865480168, -0.000000000000000000, 0.7071067811865470176 ) ) ;
#2635 = ORIENTED_EDGE ( 'NONE', *, *, #1091, .T. ) ;
#2636 = ORIENTED_EDGE ( 'NONE', *, *, #2287, .F. ) ;
#2637 = DIRECTION ( 'NONE',  ( -0.000000000000000000, -0.000000000000000000, 1.000000000000000000 ) ) ;
#2638 = EDGE_CURVE ( 'NONE', #378, #2022, #413, .T. ) ;
#2639 = ORIENTED_EDGE ( 'NONE', *, *, #509, .T. ) ;
#2640 = CARTESIAN_POINT ( 'NONE',  ( -29.56414504036117918, 46.00000000000000000, 12.24586983568286946 ) ) ;
#2641 = AXIS2_PLACEMENT_3D ( 'NONE', #2354, #1281, #21 ) ;
#2642 = LINE ( 'NONE', #980, #444 ) ;
#2643 = CARTESIAN_POINT ( 'NONE',  ( -30.00000000000000000, 46.00000000000000000, -110.0000000000000000 ) ) ;
#2644 = ADVANCED_FACE ( 'NONE', ( #643 ), #1436, .F. ) ;
#2645 = ORIENTED_EDGE ( 'NONE', *, *, #858, .T. ) ;
#2646 = VECTOR ( 'NONE', #2356, 1000.000000000000000 ) ;
#2647 = CARTESIAN_POINT ( 'NONE',  ( -30.00000000000000000, 31.00000000000000000, -35.59768778401239331 ) ) ;
#2648 = CARTESIAN_POINT ( 'NONE',  ( 30.00000000000000000, 15.99999999999999645, -206.0000000000000284 ) ) ;
#2649 = ORIENTED_EDGE ( 'NONE', *, *, #1096, .T. ) ;
#2650 = ORIENTED_EDGE ( 'NONE', *, *, #704, .F. ) ;
#2651 = DIRECTION ( 'NONE',  ( -0.000000000000000000, -1.000000000000000000, -0.000000000000000000 ) ) ;
#2652 = EDGE_CURVE ( 'NONE', #572, #279, #655, .T. ) ;
#2653 = DIRECTION ( 'NONE',  ( -0.000000000000000000, -1.000000000000000000, -0.000000000000000000 ) ) ;
#2654 = EDGE_CURVE ( 'NONE', #2077, #851, #728, .T. ) ;
#2655 = LINE ( 'NONE', #994, #2749 ) ;
#2656 = DIRECTION ( 'NONE',  ( 0.1705414337057505614, 0.000000000000000000, -0.9853505058554478113 ) ) ;
#2657 = ORIENTED_EDGE ( 'NONE', *, *, #30, .T. ) ;
#2658 = EDGE_LOOP ( 'NONE', ( #1587, #275, #301, #1596 ) ) ;
#2659 = CARTESIAN_POINT ( 'NONE',  ( 29.56414504036117918, 46.00000000000000000, 12.24586983568286591 ) ) ;
#2660 = DIRECTION ( 'NONE',  ( 0.000000000000000000, 1.000000000000000000, 0.000000000000000000 ) ) ;
#2661 = ORIENTED_EDGE ( 'NONE', *, *, #942, .T. ) ;
#2662 = DIRECTION ( 'NONE',  ( -0.000000000000000000, -1.000000000000000000, -0.000000000000000000 ) ) ;
#2663 = CARTESIAN_POINT ( 'NONE',  ( 0.000000000000000000, 36.00000000000000000, -85.00000000000000000 ) ) ;
#2664 = CARTESIAN_POINT ( 'NONE',  ( 0.000000000000000000, 46.00000000000000000, 0.000000000000000000 ) ) ;
#2665 = AXIS2_PLACEMENT_3D ( 'NONE', #117, #767, #563 ) ;
#2666 = CARTESIAN_POINT ( 'NONE',  ( -48.00000000000000000, 46.00000000000000000, -214.0000000000000284 ) ) ;
#2667 = DIRECTION ( 'NONE',  ( 0.000000000000000000, 0.000000000000000000, 1.000000000000000000 ) ) ;
#2668 = AXIS2_PLACEMENT_3D ( 'NONE', #613, #1443, #2473 ) ;
#2669 = EDGE_CURVE ( 'NONE', #1951, #1981, #1467, .T. ) ;
#2670 = LINE ( 'NONE', #327, #1351 ) ;
#2671 = ORIENTED_EDGE ( 'NONE', *, *, #562, .F. ) ;
#2672 = AXIS2_PLACEMENT_3D ( 'NONE', #1508, #1722, #1038 ) ;
#2673 = DIRECTION ( 'NONE',  ( -0.000000000000000000, -0.000000000000000000, -1.000000000000000000 ) ) ;
#2674 = VERTEX_POINT ( 'NONE', #618 ) ;
#2675 = DIRECTION ( 'NONE',  ( 0.000000000000000000, 1.000000000000000000, 0.000000000000000000 ) ) ;
#2676 = CARTESIAN_POINT ( 'NONE',  ( -12.24586983568287124, 36.00000000000000000, -29.56414504036117563 ) ) ;
#2677 = CIRCLE ( 'NONE', #2718, 13.00000000000001066 ) ;
#2678 = ORIENTED_EDGE ( 'NONE', *, *, #1096, .F. ) ;
#2679 = DIRECTION ( 'NONE',  ( 0.000000000000000000, 1.000000000000000000, 0.000000000000000000 ) ) ;
#2680 = DIRECTION ( 'NONE',  ( 0.000000000000000000, 1.000000000000000000, 0.000000000000000000 ) ) ;
#2681 = CARTESIAN_POINT ( 'NONE',  ( 30.00000000000000000, 36.00000000000000000, -110.0000000000000000 ) ) ;
#2682 = VECTOR ( 'NONE', #2262, 1000.000000000000000 ) ;
#2683 = EDGE_LOOP ( 'NONE', ( #828, #897 ) ) ;
#2684 = PLANE ( 'NONE',  #1089 ) ;
#2685 = VERTEX_POINT ( 'NONE', #2312 ) ;
#2686 = EDGE_CURVE ( 'NONE', #903, #572, #219, .T. ) ;
#2687 = CYLINDRICAL_SURFACE ( 'NONE', #1122, 2.749999999999974687 ) ;
#2688 = LINE ( 'NONE', #146, #1006 ) ;
#2689 = EDGE_CURVE ( 'NONE', #1126, #2126, #2350, .T. ) ;
#2690 = FACE_OUTER_BOUND ( 'NONE', #2217, .T. ) ;
#2691 = EDGE_LOOP ( 'NONE', ( #943, #1059, #18, #124 ) ) ;
#2692 = DIRECTION ( 'NONE',  ( 0.000000000000000000, 0.000000000000000000, -1.000000000000000000 ) ) ;
#2693 = DIRECTION ( 'NONE',  ( 0.000000000000000000, 0.000000000000000000, 1.000000000000000000 ) ) ;
#2694 = LINE ( 'NONE', #981, #1174 ) ;
#2695 = ORIENTED_EDGE ( 'NONE', *, *, #1136, .T. ) ;
#2696 = DIRECTION ( 'NONE',  ( -0.1705414337057505614, 0.000000000000000000, -0.9853505058554478113 ) ) ;
#2697 = DIRECTION ( 'NONE',  ( 0.000000000000000000, 1.000000000000000000, 0.000000000000000000 ) ) ;
#2698 = ORIENTED_EDGE ( 'NONE', *, *, #103, .T. ) ;
#2699 = VERTEX_POINT ( 'NONE', #2517 ) ;
#2700 = LINE ( 'NONE', #2514, #1335 ) ;
#2701 = ADVANCED_FACE ( 'NONE', ( #1676 ), #1288, .F. ) ;
#2702 = EDGE_LOOP ( 'NONE', ( #763, #2257 ) ) ;
#2703 = DIRECTION ( 'NONE',  ( -0.000000000000000000, -1.000000000000000000, -0.000000000000000000 ) ) ;
#2704 = LINE ( 'NONE', #2681, #1511 ) ;
#2705 = ORIENTED_EDGE ( 'NONE', *, *, #1739, .T. ) ;
#2706 = ORIENTED_EDGE ( 'NONE', *, *, #1681, .F. ) ;
#2707 = CIRCLE ( 'NONE', #1864, 10.99999999999999645 ) ;
#2708 = DIRECTION ( 'NONE',  ( -0.000000000000000000, -1.000000000000000000, -0.000000000000000000 ) ) ;
#2709 = DIRECTION ( 'NONE',  ( -0.000000000000000000, -1.000000000000000000, -0.000000000000000000 ) ) ;
#2710 = AXIS2_PLACEMENT_3D ( 'NONE', #1622, #2526, #1026 ) ;
#2711 = VECTOR ( 'NONE', #1600, 1000.000000000000000 ) ;
#2712 = CARTESIAN_POINT ( 'NONE',  ( -31.11193304909772550, 46.00000000000000000, -316.5622982889425430 ) ) ;
#2713 = FACE_OUTER_BOUND ( 'NONE', #2436, .T. ) ;
#2714 = AXIS2_PLACEMENT_3D ( 'NONE', #2049, #2271, #2289 ) ;
#2715 = ORIENTED_EDGE ( 'NONE', *, *, #915, .F. ) ;
#2716 = EDGE_CURVE ( 'NONE', #2343, #1993, #2096, .T. ) ;
#2717 = CARTESIAN_POINT ( 'NONE',  ( -48.00000000000000000, 36.00000000000000000, -214.0000000000000284 ) ) ;
#2718 = AXIS2_PLACEMENT_3D ( 'NONE', #863, #1240, #236 ) ;
#2719 = EDGE_CURVE ( 'NONE', #750, #1713, #2742, .T. ) ;
#2720 = CARTESIAN_POINT ( 'NONE',  ( -46.19397662556433914, 46.00000000000000000, -289.1341716182545269 ) ) ;
#2721 = ORIENTED_EDGE ( 'NONE', *, *, #874, .T. ) ;
#2722 = DIRECTION ( 'NONE',  ( 0.000000000000000000, 0.000000000000000000, 1.000000000000000000 ) ) ;
#2723 = DIRECTION ( 'NONE',  ( -0.000000000000000000, -0.9284766908852591927, -0.3713906763541039435 ) ) ;
#2724 = EDGE_CURVE ( 'NONE', #1316, #451, #1911, .T. ) ;
#2725 = CIRCLE ( 'NONE', #1660, 10.99999999999999645 ) ;
#2726 = FACE_OUTER_BOUND ( 'NONE', #2658, .T. ) ;
#2727 = DIRECTION ( 'NONE',  ( 0.9946907382768213068, 0.000000000000000000, -0.1029093542216269336 ) ) ;
#2728 = AXIS2_PLACEMENT_3D ( 'NONE', #2462, #1642, #2499 ) ;
#2729 = VERTEX_POINT ( 'NONE', #824 ) ;
#2730 = AXIS2_PLACEMENT_3D ( 'NONE', #1571, #270, #1950 ) ;
#2731 = FACE_BOUND ( 'NONE', #1239, .T. ) ;
#2732 = EDGE_LOOP ( 'NONE', ( #55, #478 ) ) ;
#2733 = VERTEX_POINT ( 'NONE', #389 ) ;
#2734 = EDGE_CURVE ( 'NONE', #162, #2229, #2759, .T. ) ;
#2735 = LINE ( 'NONE', #612, #1749 ) ;
#2736 = DIRECTION ( 'NONE',  ( -0.000000000000000000, -0.9284766908852591927, -0.3713906763541039435 ) ) ;
#2737 = CC_DESIGN_DATE_AND_TIME_ASSIGNMENT ( #1328, #1546, ( #1518 ) ) ;
#2738 = LINE ( 'NONE', #2145, #1667 ) ;
#2739 = LINE ( 'NONE', #844, #2188 ) ;
#2740 = EDGE_CURVE ( 'NONE', #916, #564, #2677, .T. ) ;
#2741 = ORIENTED_EDGE ( 'NONE', *, *, #267, .F. ) ;
#2742 = LINE ( 'NONE', #2301, #101 ) ;
#2743 = FACE_OUTER_BOUND ( 'NONE', #1154, .T. ) ;
#2744 = ORIENTED_EDGE ( 'NONE', *, *, #133, .F. ) ;
#2745 = VERTEX_POINT ( 'NONE', #1043 ) ;
#2746 = DIRECTION ( 'NONE',  ( -1.000000000000000000, 0.000000000000000000, 0.000000000000000000 ) ) ;
#2747 = DIRECTION ( 'NONE',  ( 0.000000000000000000, 1.000000000000000000, 0.000000000000000000 ) ) ;
#2748 = EDGE_CURVE ( 'NONE', #2564, #1108, #206, .T. ) ;
#2749 = VECTOR ( 'NONE', #110, 1000.000000000000000 ) ;
#2750 = DIRECTION ( 'NONE',  ( 0.000000000000000000, 0.000000000000000000, 1.000000000000000000 ) ) ;
#2751 = VECTOR ( 'NONE', #930, 1000.000000000000000 ) ;
#2752 = DIRECTION ( 'NONE',  ( -0.000000000000000000, -1.000000000000000000, -0.000000000000000000 ) ) ;
#2753 = ORIENTED_EDGE ( 'NONE', *, *, #2389, .T. ) ;
#2754 = CIRCLE ( 'NONE', #1295, 2.750000000000030198 ) ;
#2755 = ORIENTED_EDGE ( 'NONE', *, *, #1042, .T. ) ;
#2756 = DIRECTION ( 'NONE',  ( 0.000000000000000000, 0.000000000000000000, 1.000000000000000000 ) ) ;
#2757 = VERTEX_POINT ( 'NONE', #1648 ) ;
#2758 = VECTOR ( 'NONE', #1319, 1000.000000000000000 ) ;
#2759 = LINE ( 'NONE', #1662, #1609 ) ;
ENDSEC;
END-ISO-10303-21;
