ISO-10303-21;
HEADER;
FILE_DESCRIPTION (( 'STEP AP203' ),
    '1' );
FILE_NAME ('JX1_ShoulderPitchBracket_R.STEP',
    '2026-09-24T05:39:36',
    ( '' ),
    ( '' ),
    'SwSTEP 2.0',
    'SolidWorks 2026',
    '' );
FILE_SCHEMA (( 'CONFIG_CONTROL_DESIGN' ));
ENDSEC;

DATA;
#1 = CYLINDRICAL_SURFACE ( 'NONE', #586, 1.700000000000000178 ) ;
#2 = AXIS2_PLACEMENT_3D ( 'NONE', #332, #352, #1142 ) ;
#3 = FACE_BOUND ( 'NONE', #675, .T. ) ;
#4 = FACE_OUTER_BOUND ( 'NONE', #506, .T. ) ;
#5 = CIRCLE ( 'NONE', #917, 1.700000000000000178 ) ;
#6 = CIRCLE ( 'NONE', #1460, 1.700000000000000178 ) ;
#7 = FACE_OUTER_BOUND ( 'NONE', #212, .T. ) ;
#8 = EDGE_CURVE ( 'NONE', #860, #442, #346, .T. ) ;
#9 = LINE ( 'NONE', #1197, #1478 ) ;
#10 = CIRCLE ( 'NONE', #844, 1.700000000000000178 ) ;
#11 = ORIENTED_EDGE ( 'NONE', *, *, #1154, .F. ) ;
#12 = DIRECTION ( 'NONE',  ( -0.000000000000000000, -1.000000000000000000, -0.000000000000000000 ) ) ;
#13 = DIRECTION ( 'NONE',  ( -0.000000000000000000, -0.000000000000000000, -1.000000000000000000 ) ) ;
#14 = DIRECTION ( 'NONE',  ( 0.000000000000000000, 0.000000000000000000, 1.000000000000000000 ) ) ;
#15 = CARTESIAN_POINT ( 'NONE',  ( 10.00000000000000178, -5.000000000000000000, 19.02050807568877389 ) ) ;
#16 = EDGE_CURVE ( 'NONE', #978, #919, #804, .T. ) ;
#17 = DIRECTION ( 'NONE',  ( 0.000000000000000000, -1.000000000000000000, 0.000000000000000000 ) ) ;
#18 = PLANE ( 'NONE',  #628 ) ;
#19 = ORIENTED_EDGE ( 'NONE', *, *, #421, .T. ) ;
#20 = CARTESIAN_POINT ( 'NONE',  ( -90.50000000000000000, -73.57883832488647613, 14.79999999999999361 ) ) ;
#21 = MECHANICAL_CONTEXT ( 'NONE', #952, 'mechanical' ) ;
#22 = VECTOR ( 'NONE', #1299, 1000.000000000000000 ) ;
#23 = EDGE_CURVE ( 'NONE', #1084, #125, #1406, .T. ) ;
#24 = CARTESIAN_POINT ( 'NONE',  ( -90.50000000000000000, 0.000000000000000000, -46.75000000000000000 ) ) ;
#25 = ORIENTED_EDGE ( 'NONE', *, *, #1246, .F. ) ;
#26 = VECTOR ( 'NONE', #1290, 1000.000000000000000 ) ;
#27 = AXIS2_PLACEMENT_3D ( 'NONE', #474, #698, #819 ) ;
#28 = VECTOR ( 'NONE', #725, 1000.000000000000000 ) ;
#29 = LINE ( 'NONE', #162, #1455 ) ;
#30 = CARTESIAN_POINT ( 'NONE',  ( -20.00000000000000000, -5.000000000000000000, 1.699999999999997735 ) ) ;
#31 = CARTESIAN_POINT ( 'NONE',  ( -85.49999999999998579, -16.42116167511352387, -16.50000000000000355 ) ) ;
#32 = ORIENTED_EDGE ( 'NONE', *, *, #1150, .T. ) ;
#33 = EDGE_CURVE ( 'NONE', #994, #816, #789, .T. ) ;
#34 = ORIENTED_EDGE ( 'NONE', *, *, #735, .T. ) ;
#35 = ORIENTED_EDGE ( 'NONE', *, *, #233, .F. ) ;
#36 = DIRECTION ( 'NONE',  ( -0.000000000000000000, -1.000000000000000000, -0.000000000000000000 ) ) ;
#37 = ORIENTED_EDGE ( 'NONE', *, *, #1427, .T. ) ;
#38 = FACE_OUTER_BOUND ( 'NONE', #533, .T. ) ;
#39 = DIRECTION ( 'NONE',  ( 0.000000000000000000, 1.000000000000000000, 0.000000000000000000 ) ) ;
#40 = ADVANCED_FACE ( 'NONE', ( #324 ), #697, .F. ) ;
#41 = EDGE_CURVE ( 'NONE', #1375, #645, #747, .T. ) ;
#42 = ORIENTED_EDGE ( 'NONE', *, *, #1456, .F. ) ;
#43 = DIRECTION ( 'NONE',  ( -1.000000000000000000, -0.000000000000000000, -0.000000000000000000 ) ) ;
#44 = DIRECTION ( 'NONE',  ( 0.000000000000000000, 0.000000000000000000, 1.000000000000000000 ) ) ;
#45 = CARTESIAN_POINT ( 'NONE',  ( -90.50000000000000000, -45.00000000000000000, 0.000000000000000000 ) ) ;
#46 = EDGE_LOOP ( 'NONE', ( #433, #1144 ) ) ;
#47 = VECTOR ( 'NONE', #547, 1000.000000000000000 ) ;
#48 = EDGE_CURVE ( 'NONE', #53, #921, #530, .T. ) ;
#49 = DIRECTION ( 'NONE',  ( -1.000000000000000000, -0.000000000000000000, -0.000000000000000000 ) ) ;
#50 = SHAPE_DEFINITION_REPRESENTATION ( #1260, #1008 ) ;
#51 = VECTOR ( 'NONE', #77, 1000.000000000000000 ) ;
#52 = AXIS2_PLACEMENT_3D ( 'NONE', #1271, #776, #874 ) ;
#53 = VERTEX_POINT ( 'NONE', #1532 ) ;
#54 = DIRECTION ( 'NONE',  ( 0.000000000000000000, -0.000000000000000000, 1.000000000000000000 ) ) ;
#55 = DATE_AND_TIME ( #176, #1152 ) ;
#56 = CARTESIAN_POINT ( 'NONE',  ( 10.00000000000000178, 0.000000000000000000, -17.32050807568877460 ) ) ;
#57 = ORIENTED_EDGE ( 'NONE', *, *, #785, .T. ) ;
#58 = DIRECTION ( 'NONE',  ( -1.000000000000000000, -0.000000000000000000, -0.000000000000000000 ) ) ;
#59 = FACE_OUTER_BOUND ( 'NONE', #1293, .T. ) ;
#60 = APPROVAL_DATE_TIME ( #1133, #538 ) ;
#61 = CARTESIAN_POINT ( 'NONE',  ( 30.00000000000000000, 0.000000000000000000, 46.75000000000000000 ) ) ;
#62 = APPROVAL_DATE_TIME ( #660, #1284 ) ;
#63 = CARTESIAN_POINT ( 'NONE',  ( -9.999999999999994671, 0.000000000000000000, -19.02050807568877389 ) ) ;
#64 = ORIENTED_EDGE ( 'NONE', *, *, #1038, .F. ) ;
#65 = DIRECTION ( 'NONE',  ( 0.000000000000000000, -0.000000000000000000, 1.000000000000000000 ) ) ;
#66 = DIRECTION ( 'NONE',  ( 0.000000000000000000, 1.000000000000000000, 0.000000000000000000 ) ) ;
#67 = ORIENTED_EDGE ( 'NONE', *, *, #192, .T. ) ;
#68 = VERTEX_POINT ( 'NONE', #467 ) ;
#69 = CARTESIAN_POINT ( 'NONE',  ( 10.00000000000000178, -5.000000000000000000, -17.32050807568877460 ) ) ;
#70 = COORDINATED_UNIVERSAL_TIME_OFFSET ( 5, 30, .AHEAD. ) ;
#71 = DIRECTION ( 'NONE',  ( -0.000000000000000000, -1.000000000000000000, -0.000000000000000000 ) ) ;
#72 = DIRECTION ( 'NONE',  ( 0.000000000000000000, 0.000000000000000000, 1.000000000000000000 ) ) ;
#73 = DIRECTION ( 'NONE',  ( 0.000000000000000000, 0.000000000000000000, 1.000000000000000000 ) ) ;
#74 = VERTEX_POINT ( 'NONE', #1018 ) ;
#75 = EDGE_CURVE ( 'NONE', #1367, #337, #445, .T. ) ;
#76 = CARTESIAN_POINT ( 'NONE',  ( 0.000000000000000000, -2.200000000000000178, 0.000000000000000000 ) ) ;
#77 = DIRECTION ( 'NONE',  ( -0.000000000000000000, -1.000000000000000000, -0.000000000000000000 ) ) ;
#78 = AXIS2_PLACEMENT_3D ( 'NONE', #589, #1051, #1540 ) ;
#79 = AXIS2_PLACEMENT_3D ( 'NONE', #199, #66, #1132 ) ;
#80 = VERTEX_POINT ( 'NONE', #1319 ) ;
#81 = VECTOR ( 'NONE', #426, 1000.000000000000000 ) ;
#82 = DIRECTION ( 'NONE',  ( -0.000000000000000000, -1.000000000000000000, -0.000000000000000000 ) ) ;
#83 = DIRECTION ( 'NONE',  ( 0.000000000000000000, 0.000000000000000000, -1.000000000000000000 ) ) ;
#84 = CARTESIAN_POINT ( 'NONE',  ( 20.00000000000000000, 0.000000000000000000, 0.000000000000000000 ) ) ;
#85 = ORIENTED_EDGE ( 'NONE', *, *, #400, .F. ) ;
#86 = CARTESIAN_POINT ( 'NONE',  ( -85.49999999999998579, -45.00000000000000000, -34.70000000000000284 ) ) ;
#87 = CARTESIAN_POINT ( 'NONE',  ( -85.49999999999998579, -86.75000000000000000, 41.74999999999999289 ) ) ;
#88 = EDGE_CURVE ( 'NONE', #1512, #888, #616, .T. ) ;
#89 = ORIENTED_EDGE ( 'NONE', *, *, #204, .T. ) ;
#90 = VERTEX_POINT ( 'NONE', #1448 ) ;
#91 = FACE_OUTER_BOUND ( 'NONE', #361, .T. ) ;
#92 = ORIENTED_EDGE ( 'NONE', *, *, #826, .F. ) ;
#93 = CARTESIAN_POINT ( 'NONE',  ( -90.50000000000000000, 0.000000000000000000, 46.75000000000000000 ) ) ;
#94 = COORDINATED_UNIVERSAL_TIME_OFFSET ( 5, 30, .AHEAD. ) ;
#95 = UNCERTAINTY_MEASURE_WITH_UNIT (LENGTH_MEASURE( 1.000000000000000082E-05 ), #147, 'distance_accuracy_value', 'NONE');
#96 = CARTESIAN_POINT ( 'NONE',  ( 20.00000000000000000, 0.000000000000000000, 1.700000000000000178 ) ) ;
#97 = EDGE_CURVE ( 'NONE', #1288, #1135, #133, .T. ) ;
#98 = DIRECTION ( 'NONE',  ( 0.000000000000000000, 0.000000000000000000, 1.000000000000000000 ) ) ;
#99 = EDGE_LOOP ( 'NONE', ( #374, #1264 ) ) ;
#100 = EDGE_CURVE ( 'NONE', #1135, #1288, #824, .T. ) ;
#101 = CARTESIAN_POINT ( 'NONE',  ( 0.000000000000000000, 0.000000000000000000, 0.000000000000000000 ) ) ;
#102 = CARTESIAN_POINT ( 'NONE',  ( 20.00000000000000000, 0.000000000000000000, 0.000000000000000000 ) ) ;
#103 = DIRECTION ( 'NONE',  ( 0.000000000000000000, 0.000000000000000000, -1.000000000000000000 ) ) ;
#104 = LINE ( 'NONE', #1204, #1436 ) ;
#105 = ORIENTED_EDGE ( 'NONE', *, *, #450, .F. ) ;
#106 = ADVANCED_FACE ( 'NONE', ( #730, #959, #1065, #833, #377, #619, #146, #3 ), #494, .F. ) ;
#107 = ORIENTED_EDGE ( 'NONE', *, *, #1228, .T. ) ;
#108 = VECTOR ( 'NONE', #13, 1000.000000000000000 ) ;
#109 = VECTOR ( 'NONE', #1393, 1000.000000000000000 ) ;
#110 = FACE_BOUND ( 'NONE', #393, .T. ) ;
#111 = AXIS2_PLACEMENT_3D ( 'NONE', #1076, #277, #1468 ) ;
#112 = ORIENTED_EDGE ( 'NONE', *, *, #1481, .F. ) ;
#113 = AXIS2_PLACEMENT_3D ( 'NONE', #683, #813, #569 ) ;
#114 = DIRECTION ( 'NONE',  ( 0.000000000000000000, 1.000000000000000000, 0.000000000000000000 ) ) ;
#115 = DATE_AND_TIME ( #456, #968 ) ;
#116 = APPROVAL_PERSON_ORGANIZATION ( #642, #1284, #990 ) ;
#117 = DIRECTION ( 'NONE',  ( -0.000000000000000000, -1.000000000000000000, -0.000000000000000000 ) ) ;
#118 = ORIENTED_EDGE ( 'NONE', *, *, #1545, .F. ) ;
#119 = PERSON ( 'UNSPECIFIED', 'UNSPECIFIED', 'UNSPECIFIED', ('UNSPECIFIED'), ('UNSPECIFIED'), ('UNSPECIFIED') ) ;
#120 = DIRECTION ( 'NONE',  ( 0.000000000000000000, 1.000000000000000000, 0.000000000000000000 ) ) ;
#121 = CARTESIAN_POINT ( 'NONE',  ( 10.00000000000000178, 0.000000000000000000, -17.32050807568877460 ) ) ;
#122 = EDGE_CURVE ( 'NONE', #1033, #632, #508, .T. ) ;
#123 = COORDINATED_UNIVERSAL_TIME_OFFSET ( 5, 30, .AHEAD. ) ;
#124 = LINE ( 'NONE', #1061, #210 ) ;
#125 = VERTEX_POINT ( 'NONE', #20 ) ;
#126 = EDGE_CURVE ( 'NONE', #795, #1062, #992, .T. ) ;
#127 = CARTESIAN_POINT ( 'NONE',  ( 30.00000000000000000, -5.000000000000000000, -46.75000000000000000 ) ) ;
#128 =( NAMED_UNIT ( * ) SI_UNIT ( $, .STERADIAN. ) SOLID_ANGLE_UNIT ( ) );
#129 = LINE ( 'NONE', #1305, #843 ) ;
#130 = CARTESIAN_POINT ( 'NONE',  ( -85.49999999999998579, -73.57883832488647613, -14.80000000000000426 ) ) ;
#131 = ORIENTED_EDGE ( 'NONE', *, *, #132, .F. ) ;
#132 = EDGE_CURVE ( 'NONE', #80, #686, #918, .T. ) ;
#133 = CIRCLE ( 'NONE', #158, 1.700000000000000178 ) ;
#134 = EDGE_LOOP ( 'NONE', ( #892, #1350, #672, #174 ) ) ;
#135 = DIRECTION ( 'NONE',  ( 0.000000000000000000, 0.000000000000000000, -1.000000000000000000 ) ) ;
#136 = PERSON_AND_ORGANIZATION ( #119, #315 ) ;
#137 = AXIS2_PLACEMENT_3D ( 'NONE', #325, #301, #681 ) ;
#138 = CIRCLE ( 'NONE', #1211, 5.000000000000000000 ) ;
#139 = ORIENTED_EDGE ( 'NONE', *, *, #384, .T. ) ;
#140 = DIRECTION ( 'NONE',  ( 0.000000000000000000, 0.000000000000000000, -1.000000000000000000 ) ) ;
#141 = DIRECTION ( 'NONE',  ( 0.000000000000000000, 0.000000000000000000, 1.000000000000000000 ) ) ;
#142 = CARTESIAN_POINT ( 'NONE',  ( -85.49999999999998579, -16.42116167511352387, -16.50000000000000355 ) ) ;
#143 = FACE_OUTER_BOUND ( 'NONE', #144, .T. ) ;
#144 = EDGE_LOOP ( 'NONE', ( #687, #449, #1130, #1253 ) ) ;
#145 = EDGE_CURVE ( 'NONE', #1539, #836, #1326, .T. ) ;
#146 = FACE_BOUND ( 'NONE', #259, .T. ) ;
#147 =( LENGTH_UNIT ( ) NAMED_UNIT ( * ) SI_UNIT ( .MILLI., .METRE. ) );
#148 = CARTESIAN_POINT ( 'NONE',  ( -90.50000000000000000, -45.00000000000000000, 0.000000000000000000 ) ) ;
#149 = CYLINDRICAL_SURFACE ( 'NONE', #1504, 1.700000000000000178 ) ;
#150 = ORIENTED_EDGE ( 'NONE', *, *, #371, .T. ) ;
#151 = DIRECTION ( 'NONE',  ( 1.000000000000000000, 0.000000000000000000, 0.000000000000000000 ) ) ;
#152 = LINE ( 'NONE', #396, #28 ) ;
#153 = AXIS2_PLACEMENT_3D ( 'NONE', #1388, #1118, #54 ) ;
#154 = AXIS2_PLACEMENT_3D ( 'NONE', #955, #243, #936 ) ;
#155 = CARTESIAN_POINT ( 'NONE',  ( -45.00000000000000000, -5.000000000000000000, -46.75000000000000000 ) ) ;
#156 = ORIENTED_EDGE ( 'NONE', *, *, #809, .F. ) ;
#157 = AXIS2_PLACEMENT_3D ( 'NONE', #76, #534, #65 ) ;
#158 = AXIS2_PLACEMENT_3D ( 'NONE', #838, #827, #140 ) ;
#159 = AXIS2_PLACEMENT_3D ( 'NONE', #121, #1304, #912 ) ;
#160 = VECTOR ( 'NONE', #610, 1000.000000000000000 ) ;
#161 = ORIENTED_EDGE ( 'NONE', *, *, #97, .F. ) ;
#162 = CARTESIAN_POINT ( 'NONE',  ( -90.50000000000000000, 0.000000000000000000, -46.75000000000000000 ) ) ;
#163 = EDGE_CURVE ( 'NONE', #1084, #904, #653, .T. ) ;
#164 = DIRECTION ( 'NONE',  ( 0.000000000000000000, 0.000000000000000000, -1.000000000000000000 ) ) ;
#165 = EDGE_LOOP ( 'NONE', ( #1493, #1021 ) ) ;
#166 = VERTEX_POINT ( 'NONE', #596 ) ;
#167 = PLANE ( 'NONE',  #557 ) ;
#168 = APPLICATION_PROTOCOL_DEFINITION ( 'international standard', 'config_control_design', 1994, #1209 ) ;
#169 = ADVANCED_FACE ( 'NONE', ( #1214, #948, #1547, #480, #1434, #938, #364, #1193 ), #1079, .T. ) ;
#170 = CARTESIAN_POINT ( 'NONE',  ( -20.00000000000000000, 0.000000000000000000, -2.449293598294706513E-15 ) ) ;
#171 = DIRECTION ( 'NONE',  ( -0.000000000000000000, -1.000000000000000000, -0.000000000000000000 ) ) ;
#172 = CC_DESIGN_DATE_AND_TIME_ASSIGNMENT ( #55, #1489, ( #1371 ) ) ;
#173 = VERTEX_POINT ( 'NONE', #487 ) ;
#174 = ORIENTED_EDGE ( 'NONE', *, *, #192, .F. ) ;
#175 = LINE ( 'NONE', #61, #820 ) ;
#176 = CALENDAR_DATE ( 2026, 24, 9 ) ;
#177 = CARTESIAN_POINT ( 'NONE',  ( -85.49999999999998579, -73.57883832488647613, -18.20000000000000284 ) ) ;
#178 = VECTOR ( 'NONE', #1220, 1000.000000000000000 ) ;
#179 = ORIENTED_EDGE ( 'NONE', *, *, #927, .F. ) ;
#180 = AXIS2_PLACEMENT_3D ( 'NONE', #1255, #1163, #1016 ) ;
#181 = CARTESIAN_POINT ( 'NONE',  ( -85.49999999999998579, -16.42116167511352742, 14.80000000000001492 ) ) ;
#182 = CARTESIAN_POINT ( 'NONE',  ( -90.50000000000000000, 0.000000000000000000, 46.75000000000000000 ) ) ;
#183 = CIRCLE ( 'NONE', #113, 1.700000000000000178 ) ;
#184 = AXIS2_PLACEMENT_3D ( 'NONE', #568, #356, #818 ) ;
#185 = EDGE_CURVE ( 'NONE', #854, #742, #1114, .T. ) ;
#186 = CARTESIAN_POINT ( 'NONE',  ( 0.000000000000000000, 0.000000000000000000, 41.75000000000000000 ) ) ;
#187 = PRODUCT_DEFINITION_FORMATION_WITH_SPECIFIED_SOURCE ( 'ANY', '', #1232, .NOT_KNOWN. ) ;
#188 = CARTESIAN_POINT ( 'NONE',  ( -10.00000000000000888, 0.000000000000000000, 17.32050807568877104 ) ) ;
#189 = EDGE_LOOP ( 'NONE', ( #1240, #566 ) ) ;
#190 = CARTESIAN_POINT ( 'NONE',  ( -85.49999999999998579, -5.000000000000000000, 0.000000000000000000 ) ) ;
#191 = DIRECTION ( 'NONE',  ( -1.000000000000000000, -0.000000000000000000, -0.000000000000000000 ) ) ;
#192 = EDGE_CURVE ( 'NONE', #1056, #442, #385, .T. ) ;
#193 = ORIENTED_EDGE ( 'NONE', *, *, #88, .F. ) ;
#194 = EDGE_LOOP ( 'NONE', ( #161, #1415 ) ) ;
#195 = DIRECTION ( 'NONE',  ( -1.000000000000000000, 0.000000000000000000, -0.000000000000000000 ) ) ;
#196 = DIRECTION ( 'NONE',  ( -0.000000000000000000, -1.000000000000000000, -0.000000000000000000 ) ) ;
#197 = ORIENTED_EDGE ( 'NONE', *, *, #1396, .F. ) ;
#198 = DIRECTION ( 'NONE',  ( -0.000000000000000000, -1.000000000000000000, -0.000000000000000000 ) ) ;
#199 = CARTESIAN_POINT ( 'NONE',  ( 10.00000000000000178, 0.000000000000000000, 17.32050807568877460 ) ) ;
#200 = ORIENTED_EDGE ( 'NONE', *, *, #126, .F. ) ;
#201 = CARTESIAN_POINT ( 'NONE',  ( -90.50000000000000000, -16.42116167511352742, 18.20000000000001350 ) ) ;
#202 = DIRECTION ( 'NONE',  ( -0.000000000000000000, -1.000000000000000000, -0.000000000000000000 ) ) ;
#203 = DIRECTION ( 'NONE',  ( -0.000000000000000000, -1.000000000000000000, -0.000000000000000000 ) ) ;
#204 = EDGE_CURVE ( 'NONE', #412, #490, #1384, .T. ) ;
#205 = CARTESIAN_POINT ( 'NONE',  ( 20.00000000000000000, 0.000000000000000000, -1.700000000000000178 ) ) ;
#206 = EDGE_LOOP ( 'NONE', ( #19, #1344, #1153, #1052 ) ) ;
#207 = VECTOR ( 'NONE', #82, 1000.000000000000000 ) ;
#208 = AXIS2_PLACEMENT_3D ( 'NONE', #1314, #1445, #718 ) ;
#209 = VERTEX_POINT ( 'NONE', #416 ) ;
#210 = VECTOR ( 'NONE', #1523, 1000.000000000000000 ) ;
#211 = CARTESIAN_POINT ( 'NONE',  ( -45.00000000000000000, -86.75000000000000000, 46.75000000000000000 ) ) ;
#212 = EDGE_LOOP ( 'NONE', ( #339, #1223, #1112, #1392 ) ) ;
#213 = ORIENTED_EDGE ( 'NONE', *, *, #1166, .T. ) ;
#214 = CARTESIAN_POINT ( 'NONE',  ( -90.50000000000000000, -73.57883832488647613, 16.49999999999999289 ) ) ;
#215 = ORIENTED_EDGE ( 'NONE', *, *, #233, .T. ) ;
#216 = EDGE_CURVE ( 'NONE', #429, #1410, #484, .T. ) ;
#217 = DIRECTION ( 'NONE',  ( 0.000000000000000000, 0.000000000000000000, -1.000000000000000000 ) ) ;
#218 = LINE ( 'NONE', #310, #1180 ) ;
#219 = EDGE_LOOP ( 'NONE', ( #1267, #1270 ) ) ;
#220 = EDGE_CURVE ( 'NONE', #1280, #427, #635, .T. ) ;
#221 = PLANE ( 'NONE',  #340 ) ;
#222 = CARTESIAN_POINT ( 'NONE',  ( -85.49999999999998579, -73.57883832488647613, 14.79999999999999361 ) ) ;
#223 = CARTESIAN_POINT ( 'NONE',  ( -10.00000000000000888, -5.000000000000000000, 17.32050807568877104 ) ) ;
#224 = EDGE_CURVE ( 'NONE', #632, #1369, #585, .T. ) ;
#225 = DIRECTION ( 'NONE',  ( 0.000000000000000000, 0.000000000000000000, 1.000000000000000000 ) ) ;
#226 = CARTESIAN_POINT ( 'NONE',  ( -45.00000000000000000, -5.000000000000000000, -41.75000000000000000 ) ) ;
#227 = ORIENTED_EDGE ( 'NONE', *, *, #273, .T. ) ;
#228 = VERTEX_POINT ( 'NONE', #1466 ) ;
#229 = FACE_BOUND ( 'NONE', #165, .T. ) ;
#230 = ORIENTED_EDGE ( 'NONE', *, *, #185, .F. ) ;
#231 = LINE ( 'NONE', #93, #1183 ) ;
#232 = VECTOR ( 'NONE', #523, 1000.000000000000000 ) ;
#233 = EDGE_CURVE ( 'NONE', #1158, #577, #29, .T. ) ;
#234 = ORIENTED_EDGE ( 'NONE', *, *, #1373, .T. ) ;
#235 = DIRECTION ( 'NONE',  ( 1.000000000000000000, 0.000000000000000000, 0.000000000000000000 ) ) ;
#236 = AXIS2_PLACEMENT_3D ( 'NONE', #242, #593, #217 ) ;
#237 = ORIENTED_EDGE ( 'NONE', *, *, #1441, .T. ) ;
#238 = VECTOR ( 'NONE', #1203, 1000.000000000000000 ) ;
#239 = CARTESIAN_POINT ( 'NONE',  ( -10.00000000000000888, -5.000000000000000000, 15.62050807568876998 ) ) ;
#240 = PERSON_AND_ORGANIZATION ( #119, #315 ) ;
#241 = AXIS2_PLACEMENT_3D ( 'NONE', #796, #1287, #14 ) ;
#242 = CARTESIAN_POINT ( 'NONE',  ( 10.00000000000000178, 0.000000000000000000, 17.32050807568877460 ) ) ;
#243 = DIRECTION ( 'NONE',  ( 0.000000000000000000, 1.000000000000000000, 0.000000000000000000 ) ) ;
#244 = EDGE_CURVE ( 'NONE', #1529, #1048, #1363, .T. ) ;
#245 = DIRECTION ( 'NONE',  ( 0.000000000000000000, -0.000000000000000000, -1.000000000000000000 ) ) ;
#246 = LINE ( 'NONE', #597, #724 ) ;
#247 = DATE_AND_TIME ( #1321, #891 ) ;
#248 = CARTESIAN_POINT ( 'NONE',  ( 0.000000000000000000, 0.000000000000000000, 15.15000000000000036 ) ) ;
#249 = CARTESIAN_POINT ( 'NONE',  ( 10.00000000000000178, -5.000000000000000000, 17.32050807568877460 ) ) ;
#250 = VERTEX_POINT ( 'NONE', #1102 ) ;
#251 = FACE_OUTER_BOUND ( 'NONE', #1361, .T. ) ;
#252 = VERTEX_POINT ( 'NONE', #428 ) ;
#253 = DIRECTION ( 'NONE',  ( -0.000000000000000000, -0.000000000000000000, -1.000000000000000000 ) ) ;
#254 = FACE_BOUND ( 'NONE', #594, .T. ) ;
#255 = EDGE_CURVE ( 'NONE', #166, #1369, #861, .T. ) ;
#256 = CYLINDRICAL_SURFACE ( 'NONE', #111, 1.700000000000000178 ) ;
#257 = ORIENTED_EDGE ( 'NONE', *, *, #612, .T. ) ;
#258 = DIRECTION ( 'NONE',  ( 0.000000000000000000, 0.000000000000000000, -1.000000000000000000 ) ) ;
#259 = EDGE_LOOP ( 'NONE', ( #1278, #999 ) ) ;
#260 = AXIS2_PLACEMENT_3D ( 'NONE', #69, #1175, #567 ) ;
#261 = DIRECTION ( 'NONE',  ( 0.000000000000000000, 0.000000000000000000, -1.000000000000000000 ) ) ;
#262 = DIRECTION ( 'NONE',  ( 0.000000000000000000, 0.000000000000000000, 1.000000000000000000 ) ) ;
#263 = ADVANCED_FACE ( 'NONE', ( #626 ), #167, .T. ) ;
#264 = VECTOR ( 'NONE', #458, 1000.000000000000000 ) ;
#265 = CARTESIAN_POINT ( 'NONE',  ( -20.00000000000000000, -5.000000000000000000, -1.700000000000002398 ) ) ;
#266 = CIRCLE ( 'NONE', #365, 1.700000000000000178 ) ;
#267 = EDGE_LOOP ( 'NONE', ( #1050, #709, #677, #1105 ) ) ;
#268 = ORIENTED_EDGE ( 'NONE', *, *, #220, .F. ) ;
#269 = EDGE_CURVE ( 'NONE', #836, #783, #305, .T. ) ;
#270 = DIRECTION ( 'NONE',  ( 0.000000000000000000, 0.000000000000000000, -1.000000000000000000 ) ) ;
#271 = DIRECTION ( 'NONE',  ( 1.000000000000000000, 0.000000000000000000, -0.000000000000000000 ) ) ;
#272 = ORIENTED_EDGE ( 'NONE', *, *, #75, .F. ) ;
#273 = EDGE_CURVE ( 'NONE', #228, #1386, #175, .T. ) ;
#274 = EDGE_CURVE ( 'NONE', #921, #53, #1115, .T. ) ;
#275 = CARTESIAN_POINT ( 'NONE',  ( -85.49999999999998579, -16.42116167511352742, 16.50000000000001421 ) ) ;
#276 = DIRECTION ( 'NONE',  ( -1.000000000000000000, -0.000000000000000000, -0.000000000000000000 ) ) ;
#277 = DIRECTION ( 'NONE',  ( -0.000000000000000000, -1.000000000000000000, -0.000000000000000000 ) ) ;
#278 = CARTESIAN_POINT ( 'NONE',  ( 1.855339900708240019E-15, -2.200000000000000178, -15.15000000000000036 ) ) ;
#279 = ORIENTED_EDGE ( 'NONE', *, *, #1481, .T. ) ;
#280 = EDGE_CURVE ( 'NONE', #919, #1514, #382, .T. ) ;
#281 = ORIENTED_EDGE ( 'NONE', *, *, #710, .F. ) ;
#282 = CARTESIAN_POINT ( 'NONE',  ( -10.00000000000000888, 0.000000000000000000, 15.62050807568876998 ) ) ;
#283 = ADVANCED_FACE ( 'NONE', ( #1473 ), #659, .F. ) ;
#284 = CARTESIAN_POINT ( 'NONE',  ( -85.49999999999998579, -86.75000000000000000, -41.75000000000000000 ) ) ;
#285 = ORIENTED_EDGE ( 'NONE', *, *, #343, .T. ) ;
#286 = VECTOR ( 'NONE', #551, 1000.000000000000000 ) ;
#287 = AXIS2_PLACEMENT_3D ( 'NONE', #583, #1040, #83 ) ;
#288 = VERTEX_POINT ( 'NONE', #517 ) ;
#289 = AXIS2_PLACEMENT_3D ( 'NONE', #1041, #591, #905 ) ;
#290 = EDGE_CURVE ( 'NONE', #313, #604, #1334, .T. ) ;
#291 = ORIENTED_EDGE ( 'NONE', *, *, #1509, .T. ) ;
#292 = CYLINDRICAL_SURFACE ( 'NONE', #700, 1.700000000000000178 ) ;
#293 = DIRECTION ( 'NONE',  ( 0.000000000000000000, 0.000000000000000000, 1.000000000000000000 ) ) ;
#294 = CARTESIAN_POINT ( 'NONE',  ( -20.00000000000000000, 0.000000000000000000, -2.449293598294706513E-15 ) ) ;
#295 = ORIENTED_EDGE ( 'NONE', *, *, #290, .F. ) ;
#296 = FACE_OUTER_BOUND ( 'NONE', #1309, .T. ) ;
#297 = CARTESIAN_POINT ( 'NONE',  ( -20.00000000000000000, 0.000000000000000000, 1.699999999999997735 ) ) ;
#298 = ORIENTED_EDGE ( 'NONE', *, *, #1026, .T. ) ;
#299 = CARTESIAN_POINT ( 'NONE',  ( -85.49999999999998579, -16.42116167511352387, -18.20000000000000284 ) ) ;
#300 = DIRECTION ( 'NONE',  ( -1.000000000000000000, -0.000000000000000000, -0.000000000000000000 ) ) ;
#301 = DIRECTION ( 'NONE',  ( -0.000000000000000000, 1.000000000000000000, -0.000000000000000000 ) ) ;
#302 = ORIENTED_EDGE ( 'NONE', *, *, #1352, .F. ) ;
#303 = CARTESIAN_POINT ( 'NONE',  ( -10.00000000000000888, 0.000000000000000000, 19.02050807568877033 ) ) ;
#304 = EDGE_LOOP ( 'NONE', ( #744, #554, #873, #704 ) ) ;
#305 = LINE ( 'NONE', #996, #232 ) ;
#306 = LINE ( 'NONE', #430, #656 ) ;
#307 = AXIS2_PLACEMENT_3D ( 'NONE', #1494, #151, #981 ) ;
#308 = ORIENTED_EDGE ( 'NONE', *, *, #1128, .F. ) ;
#309 = VECTOR ( 'NONE', #545, 1000.000000000000000 ) ;
#310 = CARTESIAN_POINT ( 'NONE',  ( 30.00000000000000000, 0.000000000000000000, 46.75000000000000000 ) ) ;
#311 = CIRCLE ( 'NONE', #1286, 1.700000000000000178 ) ;
#312 = CIRCLE ( 'NONE', #159, 1.700000000000000178 ) ;
#313 = VERTEX_POINT ( 'NONE', #299 ) ;
#314 = ADVANCED_FACE ( 'NONE', ( #1488 ), #745, .F. ) ;
#315 = ORGANIZATION ( 'UNSPECIFIED', 'UNSPECIFIED', '' ) ;
#316 = PLANE ( 'NONE',  #1009 ) ;
#317 = ORIENTED_EDGE ( 'NONE', *, *, #1456, .T. ) ;
#318 = FACE_OUTER_BOUND ( 'NONE', #753, .T. ) ;
#319 = EDGE_LOOP ( 'NONE', ( #588, #1028 ) ) ;
#320 = DIRECTION ( 'NONE',  ( 0.000000000000000000, 0.000000000000000000, -1.000000000000000000 ) ) ;
#321 = ORIENTED_EDGE ( 'NONE', *, *, #269, .F. ) ;
#322 = FACE_OUTER_BOUND ( 'NONE', #1401, .T. ) ;
#323 = ADVANCED_FACE ( 'NONE', ( #855 ), #292, .F. ) ;
#324 = FACE_OUTER_BOUND ( 'NONE', #1178, .T. ) ;
#325 = CARTESIAN_POINT ( 'NONE',  ( 0.000000000000000000, -2.200000000000000178, 0.000000000000000000 ) ) ;
#326 = ORIENTED_EDGE ( 'NONE', *, *, #1252, .F. ) ;
#327 = LINE ( 'NONE', #1491, #81 ) ;
#328 = CARTESIAN_POINT ( 'NONE',  ( -10.00000000000000888, -5.000000000000000000, 19.02050807568877033 ) ) ;
#329 = ORIENTED_EDGE ( 'NONE', *, *, #290, .T. ) ;
#330 = ORIENTED_EDGE ( 'NONE', *, *, #977, .T. ) ;
#331 = ADVANCED_FACE ( 'NONE', ( #973 ), #1353, .F. ) ;
#332 = CARTESIAN_POINT ( 'NONE',  ( 0.000000000000000000, -2.200000000000000178, 0.000000000000000000 ) ) ;
#333 = ADVANCED_FACE ( 'NONE', ( #322 ), #903, .F. ) ;
#334 = VERTEX_POINT ( 'NONE', #211 ) ;
#335 = DIRECTION ( 'NONE',  ( 0.000000000000000000, 1.000000000000000000, 0.000000000000000000 ) ) ;
#336 = EDGE_CURVE ( 'NONE', #337, #438, #1433, .T. ) ;
#337 = VERTEX_POINT ( 'NONE', #1037 ) ;
#338 = DIRECTION ( 'NONE',  ( -1.000000000000000000, -0.000000000000000000, -0.000000000000000000 ) ) ;
#339 = ORIENTED_EDGE ( 'NONE', *, *, #1225, .T. ) ;
#340 = AXIS2_PLACEMENT_3D ( 'NONE', #1167, #1156, #472 ) ;
#341 = ORIENTED_EDGE ( 'NONE', *, *, #1195, .T. ) ;
#342 = VECTOR ( 'NONE', #402, 1000.000000000000000 ) ;
#343 = EDGE_CURVE ( 'NONE', #419, #288, #1526, .T. ) ;
#344 = DIRECTION ( 'NONE',  ( 0.000000000000000000, 1.000000000000000000, 0.000000000000000000 ) ) ;
#345 = VECTOR ( 'NONE', #998, 1000.000000000000000 ) ;
#346 = LINE ( 'NONE', #1507, #775 ) ;
#347 = DIRECTION ( 'NONE',  ( 0.000000000000000000, 0.000000000000000000, 1.000000000000000000 ) ) ;
#348 = DIRECTION ( 'NONE',  ( 0.000000000000000000, 1.000000000000000000, 0.000000000000000000 ) ) ;
#349 = DIRECTION ( 'NONE',  ( -1.000000000000000000, -0.000000000000000000, -0.000000000000000000 ) ) ;
#350 = ORIENTED_EDGE ( 'NONE', *, *, #667, .T. ) ;
#351 = EDGE_LOOP ( 'NONE', ( #234, #1451 ) ) ;
#352 = DIRECTION ( 'NONE',  ( -0.000000000000000000, 1.000000000000000000, -0.000000000000000000 ) ) ;
#353 = ORIENTED_EDGE ( 'NONE', *, *, #528, .F. ) ;
#354 = CARTESIAN_POINT ( 'NONE',  ( -90.50000000000000000, -45.00000000000000000, -33.00000000000000000 ) ) ;
#355 = ORIENTED_EDGE ( 'NONE', *, *, #1394, .T. ) ;
#356 = DIRECTION ( 'NONE',  ( 1.000000000000000000, 0.000000000000000000, 0.000000000000000000 ) ) ;
#357 = DIRECTION ( 'NONE',  ( 0.000000000000000000, 0.000000000000000000, 1.000000000000000000 ) ) ;
#358 = VECTOR ( 'NONE', #1317, 1000.000000000000000 ) ;
#359 = CIRCLE ( 'NONE', #606, 1.700000000000000178 ) ;
#360 = ADVANCED_FACE ( 'NONE', ( #1397 ), #1302, .F. ) ;
#361 = EDGE_LOOP ( 'NONE', ( #956, #1428, #553, #272 ) ) ;
#362 = AXIS2_PLACEMENT_3D ( 'NONE', #1469, #1475, #164 ) ;
#363 = VECTOR ( 'NONE', #1085, 1000.000000000000000 ) ;
#364 = FACE_BOUND ( 'NONE', #405, .T. ) ;
#365 = AXIS2_PLACEMENT_3D ( 'NONE', #223, #335, #1170 ) ;
#366 = DIRECTION ( 'NONE',  ( -1.000000000000000000, -0.000000000000000000, -0.000000000000000000 ) ) ;
#367 = SECURITY_CLASSIFICATION ( '', '', #699 ) ;
#368 = DIRECTION ( 'NONE',  ( 1.000000000000000000, 0.000000000000000000, 0.000000000000000000 ) ) ;
#369 = VERTEX_POINT ( 'NONE', #787 ) ;
#370 = LINE ( 'NONE', #1199, #178 ) ;
#371 = EDGE_CURVE ( 'NONE', #483, #1206, #444, .T. ) ;
#372 = DIRECTION ( 'NONE',  ( 0.000000000000000000, 0.000000000000000000, -1.000000000000000000 ) ) ;
#373 = CARTESIAN_POINT ( 'NONE',  ( 0.000000000000000000, 0.000000000000000000, 0.000000000000000000 ) ) ;
#374 = ORIENTED_EDGE ( 'NONE', *, *, #280, .T. ) ;
#375 = DIRECTION ( 'NONE',  ( -0.000000000000000000, -0.000000000000000000, -1.000000000000000000 ) ) ;
#376 = ORIENTED_EDGE ( 'NONE', *, *, #1128, .T. ) ;
#377 = FACE_BOUND ( 'NONE', #319, .T. ) ;
#378 = CARTESIAN_POINT ( 'NONE',  ( 30.00000000000000000, -5.000000000000000000, 46.75000000000000000 ) ) ;
#379 = FACE_OUTER_BOUND ( 'NONE', #398, .T. ) ;
#380 = ORIENTED_EDGE ( 'NONE', *, *, #1352, .T. ) ;
#381 = EDGE_LOOP ( 'NONE', ( #1496, #279, #741, #1541 ) ) ;
#382 = CIRCLE ( 'NONE', #457, 1.700000000000000178 ) ;
#383 = CIRCLE ( 'NONE', #1011, 5.000000000000000000 ) ;
#384 = EDGE_CURVE ( 'NONE', #90, #1048, #1177, .T. ) ;
#385 = LINE ( 'NONE', #1074, #108 ) ;
#386 = FACE_BOUND ( 'NONE', #1200, .T. ) ;
#387 = CIRCLE ( 'NONE', #1289, 1.700000000000000178 ) ;
#388 = AXIS2_PLACEMENT_3D ( 'NONE', #395, #850, #261 ) ;
#389 = FACE_OUTER_BOUND ( 'NONE', #206, .T. ) ;
#390 = DIRECTION ( 'NONE',  ( 0.000000000000000000, 0.000000000000000000, -1.000000000000000000 ) ) ;
#391 = CC_DESIGN_APPROVAL ( #1164, ( #187 ) ) ;
#392 = ORIENTED_EDGE ( 'NONE', *, *, #274, .T. ) ;
#393 = EDGE_LOOP ( 'NONE', ( #308, #1337 ) ) ;
#394 = EDGE_LOOP ( 'NONE', ( #1218, #329, #516, #85 ) ) ;
#395 = CARTESIAN_POINT ( 'NONE',  ( -85.49999999999998579, -73.57883832488647613, 16.49999999999999289 ) ) ;
#396 = CARTESIAN_POINT ( 'NONE',  ( -45.00000000000000000, -86.75000000000000000, -41.75000000000000000 ) ) ;
#397 = CARTESIAN_POINT ( 'NONE',  ( 10.00000000000000178, -5.000000000000000000, 15.62050807568877353 ) ) ;
#398 = EDGE_LOOP ( 'NONE', ( #268, #1446, #1426, #543 ) ) ;
#399 = ADVANCED_FACE ( 'NONE', ( #811, #803, #229, #1283, #110, #1513, #1017, #781 ), #221, .F. ) ;
#400 = EDGE_CURVE ( 'NONE', #1007, #173, #1477, .T. ) ;
#401 = DIRECTION ( 'NONE',  ( 0.000000000000000000, 1.000000000000000000, 0.000000000000000000 ) ) ;
#402 = DIRECTION ( 'NONE',  ( -0.000000000000000000, 1.000000000000000000, -0.000000000000000000 ) ) ;
#403 = ORIENTED_EDGE ( 'NONE', *, *, #519, .T. ) ;
#404 = EDGE_CURVE ( 'NONE', #313, #1007, #1422, .T. ) ;
#405 = EDGE_LOOP ( 'NONE', ( #1098, #317 ) ) ;
#406 = PERSON_AND_ORGANIZATION ( #119, #315 ) ;
#407 = ORIENTED_EDGE ( 'NONE', *, *, #48, .F. ) ;
#408 = DIRECTION ( 'NONE',  ( 0.000000000000000000, 0.000000000000000000, -1.000000000000000000 ) ) ;
#409 = VECTOR ( 'NONE', #1274, 1000.000000000000000 ) ;
#410 = DIRECTION ( 'NONE',  ( 0.000000000000000000, 1.000000000000000000, 0.000000000000000000 ) ) ;
#411 = CARTESIAN_POINT ( 'NONE',  ( 10.00000000000000178, -5.000000000000000000, -17.32050807568877460 ) ) ;
#412 = VERTEX_POINT ( 'NONE', #201 ) ;
#413 = VECTOR ( 'NONE', #975, 1000.000000000000000 ) ;
#414 = CALENDAR_DATE ( 2026, 24, 9 ) ;
#415 = ORIENTED_EDGE ( 'NONE', *, *, #100, .T. ) ;
#416 = CARTESIAN_POINT ( 'NONE',  ( -85.49999999999998579, -5.000000000000000000, 41.75000000000000000 ) ) ;
#417 = COORDINATED_UNIVERSAL_TIME_OFFSET ( 5, 30, .AHEAD. ) ;
#418 = ADVANCED_FACE ( 'NONE', ( #91 ), #576, .F. ) ;
#419 = VERTEX_POINT ( 'NONE', #1520 ) ;
#420 = EDGE_LOOP ( 'NONE', ( #1372, #1516 ) ) ;
#421 = EDGE_CURVE ( 'NONE', #604, #313, #1500, .T. ) ;
#422 = DIRECTION ( 'NONE',  ( 0.000000000000000000, 0.000000000000000000, 1.000000000000000000 ) ) ;
#423 = PERSON_AND_ORGANIZATION ( #119, #315 ) ;
#424 = ORIENTED_EDGE ( 'NONE', *, *, #269, .T. ) ;
#425 = ADVANCED_FACE ( 'NONE', ( #908 ), #316, .F. ) ;
#426 = DIRECTION ( 'NONE',  ( -0.000000000000000000, 1.000000000000000000, -0.000000000000000000 ) ) ;
#427 = VERTEX_POINT ( 'NONE', #665 ) ;
#428 = CARTESIAN_POINT ( 'NONE',  ( 20.00000000000000000, 0.000000000000000000, -1.700000000000000178 ) ) ;
#429 = VERTEX_POINT ( 'NONE', #1136 ) ;
#430 = CARTESIAN_POINT ( 'NONE',  ( 20.00000000000000000, 0.000000000000000000, 1.700000000000000178 ) ) ;
#431 = CARTESIAN_POINT ( 'NONE',  ( 0.000000000000000000, -2.200000000000000178, 0.000000000000000000 ) ) ;
#432 = AXIS2_PLACEMENT_3D ( 'NONE', #894, #924, #1404 ) ;
#433 = ORIENTED_EDGE ( 'NONE', *, *, #41, .T. ) ;
#434 = CIRCLE ( 'NONE', #507, 1.700000000000000178 ) ;
#435 = DIRECTION ( 'NONE',  ( 0.000000000000000000, 0.000000000000000000, -1.000000000000000000 ) ) ;
#436 = ORIENTED_EDGE ( 'NONE', *, *, #1277, .F. ) ;
#437 = CARTESIAN_POINT ( 'NONE',  ( -85.49999999999998579, 0.000000000000000000, -41.75000000000000000 ) ) ;
#438 = VERTEX_POINT ( 'NONE', #688 ) ;
#439 = ORIENTED_EDGE ( 'NONE', *, *, #1034, .F. ) ;
#440 = EDGE_LOOP ( 'NONE', ( #330, #285 ) ) ;
#441 = CARTESIAN_POINT ( 'NONE',  ( -90.50000000000000000, 0.000000000000000000, -46.75000000000000000 ) ) ;
#442 = VERTEX_POINT ( 'NONE', #555 ) ;
#443 = EDGE_CURVE ( 'NONE', #1303, #901, #1010, .T. ) ;
#444 = LINE ( 'NONE', #671, #207 ) ;
#445 = LINE ( 'NONE', #1221, #1147 ) ;
#446 = CYLINDRICAL_SURFACE ( 'NONE', #241, 1.700000000000000178 ) ;
#447 = ORIENTED_EDGE ( 'NONE', *, *, #1545, .T. ) ;
#448 = LINE ( 'NONE', #1517, #1117 ) ;
#449 = ORIENTED_EDGE ( 'NONE', *, *, #1331, .T. ) ;
#450 = EDGE_CURVE ( 'NONE', #334, #68, #370, .T. ) ;
#451 = CC_DESIGN_PERSON_AND_ORGANIZATION_ASSIGNMENT ( #997, #1249, ( #1371 ) ) ;
#452 = CARTESIAN_POINT ( 'NONE',  ( -85.49999999999998579, -16.42116167511352387, -18.20000000000000284 ) ) ;
#453 = ADVANCED_FACE ( 'NONE', ( #1192 ), #595, .F. ) ;
#454 = ORIENTED_EDGE ( 'NONE', *, *, #1210, .F. ) ;
#455 = PLANE ( 'NONE',  #749 ) ;
#456 = CALENDAR_DATE ( 2026, 24, 9 ) ;
#457 = AXIS2_PLACEMENT_3D ( 'NONE', #1248, #1262, #882 ) ;
#458 = DIRECTION ( 'NONE',  ( -1.000000000000000000, -0.000000000000000000, -0.000000000000000000 ) ) ;
#459 = DIRECTION ( 'NONE',  ( -0.000000000000000000, -0.000000000000000000, 1.000000000000000000 ) ) ;
#460 = AXIS2_PLACEMENT_3D ( 'NONE', #832, #720, #615 ) ;
#461 = EDGE_LOOP ( 'NONE', ( #32, #150, #514, #193 ) ) ;
#462 = DIRECTION ( 'NONE',  ( -1.000000000000000000, 0.000000000000000000, 0.000000000000000000 ) ) ;
#463 = AXIS2_PLACEMENT_3D ( 'NONE', #1418, #348, #225 ) ;
#464 = VECTOR ( 'NONE', #253, 1000.000000000000000 ) ;
#465 = CARTESIAN_POINT ( 'NONE',  ( 10.00000000000000178, 0.000000000000000000, -17.32050807568877460 ) ) ;
#466 = AXIS2_PLACEMENT_3D ( 'NONE', #148, #739, #502 ) ;
#467 = CARTESIAN_POINT ( 'NONE',  ( -45.00000000000000000, -5.000000000000000000, 46.75000000000000000 ) ) ;
#468 = DIRECTION ( 'NONE',  ( 0.000000000000000000, 0.000000000000000000, -1.000000000000000000 ) ) ;
#469 = PLANE ( 'NONE',  #1312 ) ;
#470 = ORIENTED_EDGE ( 'NONE', *, *, #639, .F. ) ;
#471 = ORIENTED_EDGE ( 'NONE', *, *, #41, .F. ) ;
#472 = DIRECTION ( 'NONE',  ( -0.000000000000000000, 0.000000000000000000, 1.000000000000000000 ) ) ;
#473 = ORIENTED_EDGE ( 'NONE', *, *, #670, .T. ) ;
#474 = CARTESIAN_POINT ( 'NONE',  ( -10.00000000000000888, 0.000000000000000000, 17.32050807568877104 ) ) ;
#475 = DIRECTION ( 'NONE',  ( 0.000000000000000000, 0.000000000000000000, -1.000000000000000000 ) ) ;
#476 = ORIENTED_EDGE ( 'NONE', *, *, #630, .F. ) ;
#477 = EDGE_CURVE ( 'NONE', #1288, #412, #817, .T. ) ;
#478 = CARTESIAN_POINT ( 'NONE',  ( -45.00000000000000000, -86.75000000000000000, 46.75000000000000000 ) ) ;
#479 = FACE_OUTER_BOUND ( 'NONE', #984, .T. ) ;
#480 = FACE_BOUND ( 'NONE', #841, .T. ) ;
#481 = CARTESIAN_POINT ( 'NONE',  ( 0.000000000000000000, -5.000000000000000000, 0.000000000000000000 ) ) ;
#482 = CYLINDRICAL_SURFACE ( 'NONE', #510, 1.700000000000000178 ) ;
#483 = VERTEX_POINT ( 'NONE', #1064 ) ;
#484 = CIRCLE ( 'NONE', #1308, 1.700000000000000178 ) ;
#485 = CARTESIAN_POINT ( 'NONE',  ( -9.999999999999994671, 0.000000000000000000, -17.32050807568877460 ) ) ;
#486 = VECTOR ( 'NONE', #1381, 1000.000000000000000 ) ;
#487 = CARTESIAN_POINT ( 'NONE',  ( -90.50000000000000000, -16.42116167511352387, -14.80000000000000426 ) ) ;
#488 = AXIS2_PLACEMENT_3D ( 'NONE', #142, #1086, #835 ) ;
#489 = DIRECTION ( 'NONE',  ( -0.000000000000000000, -1.000000000000000000, -0.000000000000000000 ) ) ;
#490 = VERTEX_POINT ( 'NONE', #957 ) ;
#491 = EDGE_CURVE ( 'NONE', #334, #1525, #1071, .T. ) ;
#492 = ADVANCED_FACE ( 'NONE', ( #1324 ), #1, .F. ) ;
#493 = CARTESIAN_POINT ( 'NONE',  ( -85.49999999999998579, -45.00000000000000000, 0.000000000000000000 ) ) ;
#494 = PLANE ( 'NONE',  #986 ) ;
#495 = PLANE ( 'NONE',  #751 ) ;
#496 = ORIENTED_EDGE ( 'NONE', *, *, #785, .F. ) ;
#497 = EDGE_CURVE ( 'NONE', #1101, #994, #1143, .T. ) ;
#498 = DIRECTION ( 'NONE',  ( -1.000000000000000000, 0.000000000000000000, 0.000000000000000000 ) ) ;
#499 = PRODUCT_RELATED_PRODUCT_CATEGORY ( 'detail', '', ( #1232 ) ) ;
#500 = DIRECTION ( 'NONE',  ( 0.000000000000000000, -0.000000000000000000, -1.000000000000000000 ) ) ;
#501 = DIRECTION ( 'NONE',  ( -1.000000000000000000, -0.000000000000000000, -0.000000000000000000 ) ) ;
#502 = DIRECTION ( 'NONE',  ( 0.000000000000000000, 0.000000000000000000, -1.000000000000000000 ) ) ;
#503 = CARTESIAN_POINT ( 'NONE',  ( 30.00000000000000000, 0.000000000000000000, -46.75000000000000000 ) ) ;
#504 = ORIENTED_EDGE ( 'NONE', *, *, #1160, .F. ) ;
#505 = AXIS2_PLACEMENT_3D ( 'NONE', #641, #43, #531 ) ;
#506 = EDGE_LOOP ( 'NONE', ( #1403, #1347, #1230, #885 ) ) ;
#507 = AXIS2_PLACEMENT_3D ( 'NONE', #560, #1419, #435 ) ;
#508 = LINE ( 'NONE', #1332, #363 ) ;
#509 = CARTESIAN_POINT ( 'NONE',  ( 10.00000000000000178, 0.000000000000000000, -15.62050807568877353 ) ) ;
#510 = AXIS2_PLACEMENT_3D ( 'NONE', #928, #1549, #475 ) ;
#511 = CIRCLE ( 'NONE', #27, 1.700000000000000178 ) ;
#512 = ADVANCED_FACE ( 'NONE', ( #251 ), #607, .F. ) ;
#513 = FACE_OUTER_BOUND ( 'NONE', #394, .T. ) ;
#514 = ORIENTED_EDGE ( 'NONE', *, *, #714, .F. ) ;
#515 = EDGE_CURVE ( 'NONE', #800, #1514, #1368, .T. ) ;
#516 = ORIENTED_EDGE ( 'NONE', *, *, #1088, .T. ) ;
#517 = CARTESIAN_POINT ( 'NONE',  ( -9.999999999999994671, -5.000000000000000000, -19.02050807568877389 ) ) ;
#518 = FACE_BOUND ( 'NONE', #1134, .T. ) ;
#519 = EDGE_CURVE ( 'NONE', #1386, #1539, #218, .T. ) ;
#520 = CYLINDRICAL_SURFACE ( 'NONE', #362, 5.000000000000000000 ) ;
#521 = ORIENTED_EDGE ( 'NONE', *, *, #1150, .F. ) ;
#522 = EDGE_LOOP ( 'NONE', ( #875, #1176 ) ) ;
#523 = DIRECTION ( 'NONE',  ( -1.000000000000000000, -0.000000000000000000, -0.000000000000000000 ) ) ;
#524 = DIRECTION ( 'NONE',  ( 0.000000000000000000, 0.000000000000000000, 1.000000000000000000 ) ) ;
#525 = CARTESIAN_POINT ( 'NONE',  ( -90.50000000000000000, -45.00000000000000000, -8.000000000000000000 ) ) ;
#526 = EDGE_LOOP ( 'NONE', ( #1487, #1380, #662, #1490 ) ) ;
#527 = DIRECTION ( 'NONE',  ( -1.000000000000000000, -0.000000000000000000, -0.000000000000000000 ) ) ;
#528 = EDGE_CURVE ( 'NONE', #483, #1512, #1414, .T. ) ;
#529 = ORIENTED_EDGE ( 'NONE', *, *, #371, .F. ) ;
#530 = CIRCLE ( 'NONE', #287, 1.700000000000000178 ) ;
#531 = DIRECTION ( 'NONE',  ( 0.000000000000000000, 0.000000000000000000, 1.000000000000000000 ) ) ;
#532 = FACE_OUTER_BOUND ( 'NONE', #304, .T. ) ;
#533 = EDGE_LOOP ( 'NONE', ( #439, #415, #979, #436 ) ) ;
#534 = DIRECTION ( 'NONE',  ( 0.000000000000000000, 1.000000000000000000, 0.000000000000000000 ) ) ;
#535 = VECTOR ( 'NONE', #1019, 1000.000000000000000 ) ;
#536 = CC_DESIGN_APPROVAL ( #1284, ( #1371 ) ) ;
#537 = ORIENTED_EDGE ( 'NONE', *, *, #1377, .T. ) ;
#538 = APPROVAL ( #1106, 'UNSPECIFIED' ) ;
#539 = CARTESIAN_POINT ( 'NONE',  ( -85.49999999999998579, -45.00000000000000711, 31.30000000000000071 ) ) ;
#540 = EDGE_CURVE ( 'NONE', #971, #1035, #1139, .T. ) ;
#541 = CARTESIAN_POINT ( 'NONE',  ( -85.49999999999998579, -45.00000000000000711, 31.30000000000000071 ) ) ;
#542 = DIRECTION ( 'NONE',  ( 0.000000000000000000, 0.000000000000000000, 1.000000000000000000 ) ) ;
#543 = ORIENTED_EDGE ( 'NONE', *, *, #1509, .F. ) ;
#544 = CARTESIAN_POINT ( 'NONE',  ( -90.50000000000000000, -45.00000000000000711, 34.70000000000000284 ) ) ;
#545 = DIRECTION ( 'NONE',  ( -0.000000000000000000, -1.000000000000000000, -0.000000000000000000 ) ) ;
#546 = ORIENTED_EDGE ( 'NONE', *, *, #8, .F. ) ;
#547 = DIRECTION ( 'NONE',  ( -1.000000000000000000, -0.000000000000000000, -0.000000000000000000 ) ) ;
#548 = APPROVAL_ROLE ( '' ) ;
#549 = CARTESIAN_POINT ( 'NONE',  ( -85.49999999999998579, -16.42116167511352742, 18.20000000000001350 ) ) ;
#550 = EDGE_LOOP ( 'NONE', ( #37, #1357, #634, #558 ) ) ;
#551 = DIRECTION ( 'NONE',  ( -1.000000000000000000, -0.000000000000000000, -0.000000000000000000 ) ) ;
#552 = CARTESIAN_POINT ( 'NONE',  ( -85.49999999999998579, -45.00000000000000711, 33.00000000000000000 ) ) ;
#553 = ORIENTED_EDGE ( 'NONE', *, *, #336, .F. ) ;
#554 = ORIENTED_EDGE ( 'NONE', *, *, #515, .T. ) ;
#555 = CARTESIAN_POINT ( 'NONE',  ( -90.50000000000000000, -86.75000000000000000, -46.75000000000000000 ) ) ;
#556 = CARTESIAN_POINT ( 'NONE',  ( -85.49999999999998579, -73.57883832488647613, -16.50000000000000355 ) ) ;
#557 = AXIS2_PLACEMENT_3D ( 'NONE', #186, #754, #771 ) ;
#558 = ORIENTED_EDGE ( 'NONE', *, *, #255, .F. ) ;
#559 = LINE ( 'NONE', #86, #286 ) ;
#560 = CARTESIAN_POINT ( 'NONE',  ( -90.50000000000000000, -45.00000000000000711, 33.00000000000000000 ) ) ;
#561 = AXIS2_PLACEMENT_3D ( 'NONE', #983, #1087, #1222 ) ;
#562 = AXIS2_PLACEMENT_3D ( 'NONE', #1186, #120, #711 ) ;
#563 = EDGE_LOOP ( 'NONE', ( #470, #179 ) ) ;
#564 = EDGE_CURVE ( 'NONE', #1035, #427, #434, .T. ) ;
#565 = VECTOR ( 'NONE', #1355, 1000.000000000000000 ) ;
#566 = ORIENTED_EDGE ( 'NONE', *, *, #779, .T. ) ;
#567 = DIRECTION ( 'NONE',  ( 0.000000000000000000, 0.000000000000000000, 1.000000000000000000 ) ) ;
#568 = CARTESIAN_POINT ( 'NONE',  ( -90.50000000000000000, -45.00000000000000000, -33.00000000000000000 ) ) ;
#569 = DIRECTION ( 'NONE',  ( 0.000000000000000000, 0.000000000000000000, 1.000000000000000000 ) ) ;
#570 = CYLINDRICAL_SURFACE ( 'NONE', #137, 15.15000000000000036 ) ;
#571 = EDGE_CURVE ( 'NONE', #971, #1280, #884, .T. ) ;
#572 = ORIENTED_EDGE ( 'NONE', *, *, #1486, .F. ) ;
#573 = LINE ( 'NONE', #190, #486 ) ;
#574 = LINE ( 'NONE', #205, #51 ) ;
#575 = EDGE_LOOP ( 'NONE', ( #376, #1459, #302, #572 ) ) ;
#576 = CYLINDRICAL_SURFACE ( 'NONE', #1257, 5.000000000000000000 ) ;
#577 = VERTEX_POINT ( 'NONE', #441 ) ;
#578 = DIRECTION ( 'NONE',  ( -0.000000000000000000, -1.000000000000000000, -0.000000000000000000 ) ) ;
#579 = CARTESIAN_POINT ( 'NONE',  ( -85.49999999999998579, -73.57883832488647613, -18.20000000000000284 ) ) ;
#580 = CYLINDRICAL_SURFACE ( 'NONE', #1258, 1.700000000000000178 ) ;
#581 = EDGE_LOOP ( 'NONE', ( #424, #1301, #1236, #1023, #35, #473 ) ) ;
#582 = DIRECTION ( 'NONE',  ( 0.000000000000000000, 0.000000000000000000, -1.000000000000000000 ) ) ;
#583 = CARTESIAN_POINT ( 'NONE',  ( -85.49999999999998579, -45.00000000000000000, -33.00000000000000000 ) ) ;
#584 = FACE_OUTER_BOUND ( 'NONE', #727, .T. ) ;
#585 = CIRCLE ( 'NONE', #964, 1.700000000000000178 ) ;
#586 = AXIS2_PLACEMENT_3D ( 'NONE', #485, #12, #258 ) ;
#587 = AXIS2_PLACEMENT_3D ( 'NONE', #1313, #368, #1196 ) ;
#588 = ORIENTED_EDGE ( 'NONE', *, *, #216, .F. ) ;
#589 = CARTESIAN_POINT ( 'NONE',  ( -85.49999999999998579, -16.42116167511352387, -16.50000000000000355 ) ) ;
#590 = DIRECTION ( 'NONE',  ( -1.000000000000000000, -0.000000000000000000, -0.000000000000000000 ) ) ;
#591 = DIRECTION ( 'NONE',  ( 0.000000000000000000, 1.000000000000000000, 0.000000000000000000 ) ) ;
#592 = EDGE_CURVE ( 'NONE', #1303, #728, #1291, .T. ) ;
#593 = DIRECTION ( 'NONE',  ( -0.000000000000000000, -1.000000000000000000, -0.000000000000000000 ) ) ;
#594 = EDGE_LOOP ( 'NONE', ( #89, #669 ) ) ;
#595 = PLANE ( 'NONE',  #1231 ) ;
#596 = CARTESIAN_POINT ( 'NONE',  ( -10.00000000000000888, 0.000000000000000000, 15.62050807568876998 ) ) ;
#597 = CARTESIAN_POINT ( 'NONE',  ( -45.00000000000000000, 0.000000000000000000, 41.75000000000000000 ) ) ;
#598 = ORIENTED_EDGE ( 'NONE', *, *, #163, .T. ) ;
#599 = CARTESIAN_POINT ( 'NONE',  ( -45.00000000000000000, 0.000000000000000000, 46.75000000000000000 ) ) ;
#600 = CARTESIAN_POINT ( 'NONE',  ( 10.00000000000000178, 0.000000000000000000, 15.62050807568877353 ) ) ;
#601 = FACE_BOUND ( 'NONE', #189, .T. ) ;
#602 = CARTESIAN_POINT ( 'NONE',  ( -45.00000000000000000, -86.75000000000000000, -41.75000000000000000 ) ) ;
#603 = CARTESIAN_POINT ( 'NONE',  ( -90.50000000000000000, -73.57883832488647613, -14.80000000000000426 ) ) ;
#604 = VERTEX_POINT ( 'NONE', #1279 ) ;
#605 = AXIS2_PLACEMENT_3D ( 'NONE', #1443, #17, #500 ) ;
#606 = AXIS2_PLACEMENT_3D ( 'NONE', #249, #613, #943 ) ;
#607 = CYLINDRICAL_SURFACE ( 'NONE', #1207, 8.000000000000000000 ) ;
#608 = VECTOR ( 'NONE', #198, 1000.000000000000000 ) ;
#609 = DIRECTION ( 'NONE',  ( 1.000000000000000000, 0.000000000000000000, 0.000000000000000000 ) ) ;
#610 = DIRECTION ( 'NONE',  ( -0.000000000000000000, -1.000000000000000000, -0.000000000000000000 ) ) ;
#611 = DESIGN_CONTEXT ( 'detailed design', #1209, 'design' ) ;
#612 = EDGE_CURVE ( 'NONE', #252, #795, #574, .T. ) ;
#613 = DIRECTION ( 'NONE',  ( 0.000000000000000000, 1.000000000000000000, 0.000000000000000000 ) ) ;
#614 = EDGE_LOOP ( 'NONE', ( #859, #925 ) ) ;
#615 = DIRECTION ( 'NONE',  ( 0.000000000000000000, 0.000000000000000000, -1.000000000000000000 ) ) ;
#616 = LINE ( 'NONE', #600, #910 ) ;
#617 = DIRECTION ( 'NONE',  ( -1.000000000000000000, -0.000000000000000000, -0.000000000000000000 ) ) ;
#618 = ORIENTED_EDGE ( 'NONE', *, *, #756, .T. ) ;
#619 = FACE_BOUND ( 'NONE', #664, .T. ) ;
#620 = EDGE_CURVE ( 'NONE', #68, #770, #1524, .T. ) ;
#621 = CARTESIAN_POINT ( 'NONE',  ( -90.50000000000000000, -45.00000000000000000, 8.000000000000000000 ) ) ;
#622 = EDGE_LOOP ( 'NONE', ( #529, #812, #793, #1161 ) ) ;
#623 = AXIS2_PLACEMENT_3D ( 'NONE', #680, #696, #794 ) ;
#624 = EDGE_CURVE ( 'NONE', #209, #651, #448, .T. ) ;
#625 = AXIS2_PLACEMENT_3D ( 'NONE', #552, #685, #768 ) ;
#626 = FACE_OUTER_BOUND ( 'NONE', #381, .T. ) ;
#627 = FACE_BOUND ( 'NONE', #46, .T. ) ;
#628 = AXIS2_PLACEMENT_3D ( 'NONE', #503, #661, #73 ) ;
#629 = CIRCLE ( 'NONE', #864, 1.700000000000000178 ) ;
#630 = EDGE_CURVE ( 'NONE', #904, #1084, #1311, .T. ) ;
#631 = DIRECTION ( 'NONE',  ( 1.000000000000000000, 0.000000000000000000, 0.000000000000000000 ) ) ;
#632 = VERTEX_POINT ( 'NONE', #328 ) ;
#633 = ORIENTED_EDGE ( 'NONE', *, *, #1034, .T. ) ;
#634 = ORIENTED_EDGE ( 'NONE', *, *, #1447, .F. ) ;
#635 = LINE ( 'NONE', #539, #47 ) ;
#636 = DIRECTION ( 'NONE',  ( -1.000000000000000000, -0.000000000000000000, -0.000000000000000000 ) ) ;
#637 = EDGE_LOOP ( 'NONE', ( #1116, #1390, #1518, #403 ) ) ;
#638 = EDGE_CURVE ( 'NONE', #1280, #971, #1501, .T. ) ;
#639 = EDGE_CURVE ( 'NONE', #1367, #1245, #383, .T. ) ;
#640 = ORIENTED_EDGE ( 'NONE', *, *, #491, .T. ) ;
#641 = CARTESIAN_POINT ( 'NONE',  ( -85.49999999999998579, -45.00000000000000000, -33.00000000000000000 ) ) ;
#642 = PERSON_AND_ORGANIZATION ( #119, #315 ) ;
#643 = CARTESIAN_POINT ( 'NONE',  ( -9.999999999999994671, 0.000000000000000000, -17.32050807568877460 ) ) ;
#644 = DIRECTION ( 'NONE',  ( -1.000000000000000000, -0.000000000000000000, -0.000000000000000000 ) ) ;
#645 = VERTEX_POINT ( 'NONE', #1151 ) ;
#646 = EDGE_LOOP ( 'NONE', ( #1281, #213, #321, #1247, #881, #937, #112, #897 ) ) ;
#647 = AXIS2_PLACEMENT_3D ( 'NONE', #648, #1370, #1003 ) ;
#648 = CARTESIAN_POINT ( 'NONE',  ( -85.49999999999998579, -16.42116167511352387, -16.50000000000000355 ) ) ;
#649 = AXIS2_PLACEMENT_3D ( 'NONE', #1157, #1168, #1530 ) ;
#650 = CARTESIAN_POINT ( 'NONE',  ( -90.50000000000000000, -16.42116167511352742, 16.50000000000001421 ) ) ;
#651 = VERTEX_POINT ( 'NONE', #87 ) ;
#652 = AXIS2_PLACEMENT_3D ( 'NONE', #1113, #49, #1265 ) ;
#653 = CIRCLE ( 'NONE', #388, 1.700000000000000178 ) ;
#654 = ADVANCED_FACE ( 'NONE', ( #906 ), #580, .F. ) ;
#655 = CARTESIAN_POINT ( 'NONE',  ( 30.00000000000000000, 0.000000000000000000, -46.75000000000000000 ) ) ;
#656 = VECTOR ( 'NONE', #196, 1000.000000000000000 ) ;
#657 = APPROVAL_PERSON_ORGANIZATION ( #423, #1164, #548 ) ;
#658 = EDGE_LOOP ( 'NONE', ( #476, #980 ) ) ;
#659 = CYLINDRICAL_SURFACE ( 'NONE', #674, 1.700000000000000178 ) ;
#660 = DATE_AND_TIME ( #763, #1184 ) ;
#661 = DIRECTION ( 'NONE',  ( -1.000000000000000000, 0.000000000000000000, 0.000000000000000000 ) ) ;
#662 = ORIENTED_EDGE ( 'NONE', *, *, #1373, .F. ) ;
#663 = CARTESIAN_POINT ( 'NONE',  ( 20.00000000000000000, -5.000000000000000000, 1.700000000000000178 ) ) ;
#664 = EDGE_LOOP ( 'NONE', ( #1191, #1025 ) ) ;
#665 = CARTESIAN_POINT ( 'NONE',  ( -90.50000000000000000, -45.00000000000000711, 31.30000000000000071 ) ) ;
#666 = CYLINDRICAL_SURFACE ( 'NONE', #1315, 1.700000000000000178 ) ;
#667 = EDGE_CURVE ( 'NONE', #577, #228, #1032, .T. ) ;
#668 = CARTESIAN_POINT ( 'NONE',  ( -85.49999999999998579, -45.00000000000000000, -8.000000000000000000 ) ) ;
#669 = ORIENTED_EDGE ( 'NONE', *, *, #1277, .T. ) ;
#670 = EDGE_CURVE ( 'NONE', #1158, #836, #916, .T. ) ;
#671 = CARTESIAN_POINT ( 'NONE',  ( 10.00000000000000178, 0.000000000000000000, 19.02050807568877389 ) ) ;
#672 = ORIENTED_EDGE ( 'NONE', *, *, #1205, .T. ) ;
#673 = DIRECTION ( 'NONE',  ( 0.000000000000000000, 0.000000000000000000, -1.000000000000000000 ) ) ;
#674 = AXIS2_PLACEMENT_3D ( 'NONE', #1242, #1126, #408 ) ;
#675 = EDGE_LOOP ( 'NONE', ( #1250, #281 ) ) ;
#676 = CIRCLE ( 'NONE', #1208, 1.700000000000000178 ) ;
#677 = ORIENTED_EDGE ( 'NONE', *, *, #564, .F. ) ;
#678 = AXIS2_PLACEMENT_3D ( 'NONE', #1474, #865, #293 ) ;
#679 = ORIENTED_EDGE ( 'NONE', *, *, #421, .F. ) ;
#680 = CARTESIAN_POINT ( 'NONE',  ( -90.50000000000000000, -16.42116167511352387, -16.50000000000000355 ) ) ;
#681 = DIRECTION ( 'NONE',  ( 0.000000000000000000, 0.000000000000000000, 1.000000000000000000 ) ) ;
#682 = EDGE_LOOP ( 'NONE', ( #537, #1219, #200, #1285 ) ) ;
#683 = CARTESIAN_POINT ( 'NONE',  ( -20.00000000000000000, -5.000000000000000000, -2.449293598294706513E-15 ) ) ;
#684 = EDGE_LOOP ( 'NONE', ( #350, #227, #951, #215 ) ) ;
#685 = DIRECTION ( 'NONE',  ( 1.000000000000000000, 0.000000000000000000, 0.000000000000000000 ) ) ;
#686 = VERTEX_POINT ( 'NONE', #1492 ) ;
#687 = ORIENTED_EDGE ( 'NONE', *, *, #515, .F. ) ;
#688 = CARTESIAN_POINT ( 'NONE',  ( 6.123233995736766282E-16, -5.000000000000000000, 5.000000000000000000 ) ) ;
#689 = EDGE_LOOP ( 'NONE', ( #774, #1198 ) ) ;
#690 = DIRECTION ( 'NONE',  ( 1.000000000000000000, -0.000000000000000000, -0.000000000000000000 ) ) ;
#691 = APPROVAL_DATE_TIME ( #115, #1164 ) ;
#692 = LINE ( 'NONE', #1172, #413 ) ;
#693 = EDGE_LOOP ( 'NONE', ( #694, #105, #640, #237 ) ) ;
#694 = ORIENTED_EDGE ( 'NONE', *, *, #620, .F. ) ;
#695 = ADVANCED_FACE ( 'NONE', ( #59 ), #1001, .F. ) ;
#696 = DIRECTION ( 'NONE',  ( 1.000000000000000000, 0.000000000000000000, 0.000000000000000000 ) ) ;
#697 = CYLINDRICAL_SURFACE ( 'NONE', #1411, 1.700000000000000178 ) ;
#698 = DIRECTION ( 'NONE',  ( 0.000000000000000000, 1.000000000000000000, 0.000000000000000000 ) ) ;
#699 = SECURITY_CLASSIFICATION_LEVEL ( 'unclassified' ) ;
#700 = AXIS2_PLACEMENT_3D ( 'NONE', #737, #1226, #989 ) ;
#701 = LINE ( 'NONE', #814, #862 ) ;
#702 = VECTOR ( 'NONE', #459, 1000.000000000000000 ) ;
#703 = CIRCLE ( 'NONE', #1461, 1.700000000000000178 ) ;
#704 = ORIENTED_EDGE ( 'NONE', *, *, #16, .F. ) ;
#705 = LINE ( 'NONE', #1053, #1149 ) ;
#706 = PERSON_AND_ORGANIZATION ( #119, #315 ) ;
#707 = CARTESIAN_POINT ( 'NONE',  ( -85.49999999999998579, -16.42116167511352742, 14.80000000000001492 ) ) ;
#708 = CYLINDRICAL_SURFACE ( 'NONE', #1181, 1.700000000000000178 ) ;
#709 = ORIENTED_EDGE ( 'NONE', *, *, #220, .T. ) ;
#710 = EDGE_CURVE ( 'NONE', #250, #1078, #965, .T. ) ;
#711 = DIRECTION ( 'NONE',  ( 0.000000000000000000, 0.000000000000000000, 1.000000000000000000 ) ) ;
#712 = EDGE_CURVE ( 'NONE', #651, #901, #1550, .T. ) ;
#713 = CARTESIAN_POINT ( 'NONE',  ( -85.49999999999998579, -73.57883832488647613, 14.79999999999999361 ) ) ;
#714 = EDGE_CURVE ( 'NONE', #888, #1206, #823, .T. ) ;
#715 = ORIENTED_EDGE ( 'NONE', *, *, #1427, .F. ) ;
#716 = EDGE_CURVE ( 'NONE', #1206, #888, #359, .T. ) ;
#717 = DIRECTION ( 'NONE',  ( -0.000000000000000000, -1.000000000000000000, -0.000000000000000000 ) ) ;
#718 = DIRECTION ( 'NONE',  ( 0.000000000000000000, 0.000000000000000000, 1.000000000000000000 ) ) ;
#719 = ORIENTED_EDGE ( 'NONE', *, *, #1026, .F. ) ;
#720 = DIRECTION ( 'NONE',  ( 1.000000000000000000, 0.000000000000000000, 0.000000000000000000 ) ) ;
#721 = ORIENTED_EDGE ( 'NONE', *, *, #244, .F. ) ;
#722 = AXIS2_PLACEMENT_3D ( 'NONE', #431, #1379, #542 ) ;
#723 = DIRECTION ( 'NONE',  ( 0.000000000000000000, 0.000000000000000000, 1.000000000000000000 ) ) ;
#724 = VECTOR ( 'NONE', #1416, 1000.000000000000000 ) ;
#725 = DIRECTION ( 'NONE',  ( -0.000000000000000000, -0.000000000000000000, -1.000000000000000000 ) ) ;
#726 = CARTESIAN_POINT ( 'NONE',  ( -85.49999999999998579, -45.00000000000000000, -34.70000000000000284 ) ) ;
#727 = EDGE_LOOP ( 'NONE', ( #837, #780, #341, #792, #1359, #1259 ) ) ;
#728 = VERTEX_POINT ( 'NONE', #226 ) ;
#729 = EDGE_CURVE ( 'NONE', #860, #783, #9, .T. ) ;
#730 = FACE_OUTER_BOUND ( 'NONE', #684, .T. ) ;
#731 = FACE_BOUND ( 'NONE', #900, .T. ) ;
#732 = CARTESIAN_POINT ( 'NONE',  ( -90.50000000000000000, 0.000000000000000000, -46.75000000000000000 ) ) ;
#733 = DIRECTION ( 'NONE',  ( 0.000000000000000000, 0.000000000000000000, 1.000000000000000000 ) ) ;
#734 = VERTEX_POINT ( 'NONE', #130 ) ;
#735 = EDGE_CURVE ( 'NONE', #334, #1056, #104, .T. ) ;
#736 = DIRECTION ( 'NONE',  ( -0.000000000000000000, -1.000000000000000000, -0.000000000000000000 ) ) ;
#737 = CARTESIAN_POINT ( 'NONE',  ( -9.999999999999994671, 0.000000000000000000, -17.32050807568877460 ) ) ;
#738 = APPLICATION_PROTOCOL_DEFINITION ( 'international standard', 'config_control_design', 1994, #952 ) ;
#739 = DIRECTION ( 'NONE',  ( 1.000000000000000000, 0.000000000000000000, 0.000000000000000000 ) ) ;
#740 = DIRECTION ( 'NONE',  ( 0.000000000000000000, 1.000000000000000000, 0.000000000000000000 ) ) ;
#741 = ORIENTED_EDGE ( 'NONE', *, *, #1441, .F. ) ;
#742 = VERTEX_POINT ( 'NONE', #603 ) ;
#743 = AXIS2_PLACEMENT_3D ( 'NONE', #465, #1528, #582 ) ;
#744 = ORIENTED_EDGE ( 'NONE', *, *, #947, .T. ) ;
#745 = PLANE ( 'NONE',  #153 ) ;
#746 = CIRCLE ( 'NONE', #649, 1.700000000000000178 ) ;
#747 = CIRCLE ( 'NONE', #184, 1.700000000000000178 ) ;
#748 = ADVANCED_FACE ( 'NONE', ( #1425 ), #708, .F. ) ;
#749 = AXIS2_PLACEMENT_3D ( 'NONE', #926, #103, #1320 ) ;
#750 = CARTESIAN_POINT ( 'NONE',  ( -85.49999999999998579, -45.00000000000000711, 33.00000000000000000 ) ) ;
#751 = AXIS2_PLACEMENT_3D ( 'NONE', #960, #1215, #856 ) ;
#752 = ORIENTED_EDGE ( 'NONE', *, *, #977, .F. ) ;
#753 = EDGE_LOOP ( 'NONE', ( #1089, #598, #1125, #1266 ) ) ;
#754 = DIRECTION ( 'NONE',  ( 0.000000000000000000, 0.000000000000000000, -1.000000000000000000 ) ) ;
#755 = ORIENTED_EDGE ( 'NONE', *, *, #927, .T. ) ;
#756 = EDGE_CURVE ( 'NONE', #173, #1007, #5, .T. ) ;
#757 = FACE_OUTER_BOUND ( 'NONE', #761, .T. ) ;
#758 = CARTESIAN_POINT ( 'NONE',  ( -85.49999999999998579, -73.57883832488647613, 18.19999999999999574 ) ) ;
#759 = EDGE_LOOP ( 'NONE', ( #715, #911 ) ) ;
#760 = CYLINDRICAL_SURFACE ( 'NONE', #652, 1.700000000000000178 ) ;
#761 = EDGE_LOOP ( 'NONE', ( #1470, #988, #929, #963 ) ) ;
#762 = CARTESIAN_POINT ( 'NONE',  ( -9.999999999999994671, 0.000000000000000000, -17.32050807568877460 ) ) ;
#763 = CALENDAR_DATE ( 2026, 24, 9 ) ;
#764 = ADVANCED_FACE ( 'NONE', ( #1538 ), #469, .F. ) ;
#765 = CC_DESIGN_PERSON_AND_ORGANIZATION_ASSIGNMENT ( #706, #1188, ( #367 ) ) ;
#766 = EDGE_LOOP ( 'NONE', ( #853, #298, #752, #1165 ) ) ;
#767 = CARTESIAN_POINT ( 'NONE',  ( -85.49999999999998579, -45.00000000000000711, 34.70000000000000284 ) ) ;
#768 = DIRECTION ( 'NONE',  ( 0.000000000000000000, 0.000000000000000000, -1.000000000000000000 ) ) ;
#769 = APPROVAL_ROLE ( '' ) ;
#770 = VERTEX_POINT ( 'NONE', #852 ) ;
#771 = DIRECTION ( 'NONE',  ( -1.000000000000000000, 0.000000000000000000, -0.000000000000000000 ) ) ;
#772 = PERSON_AND_ORGANIZATION_ROLE ( 'design_owner' ) ;
#773 = CIRCLE ( 'NONE', #1091, 1.700000000000000178 ) ;
#774 = ORIENTED_EDGE ( 'NONE', *, *, #1447, .T. ) ;
#775 = VECTOR ( 'NONE', #895, 1000.000000000000000 ) ;
#776 = DIRECTION ( 'NONE',  ( 0.000000000000000000, 1.000000000000000000, 0.000000000000000000 ) ) ;
#777 = CARTESIAN_POINT ( 'NONE',  ( -85.49999999999998579, -45.00000000000000711, 34.70000000000000284 ) ) ;
#778 =( GEOMETRIC_REPRESENTATION_CONTEXT ( 3 ) GLOBAL_UNCERTAINTY_ASSIGNED_CONTEXT ( ( #95 ) ) GLOBAL_UNIT_ASSIGNED_CONTEXT ( ( #147, #1075, #128 ) ) REPRESENTATION_CONTEXT ( 'NONE', 'WORKASPACE' ) );
#779 = EDGE_CURVE ( 'NONE', #816, #842, #799, .T. ) ;
#780 = ORIENTED_EDGE ( 'NONE', *, *, #450, .T. ) ;
#781 = FACE_OUTER_BOUND ( 'NONE', #1140, .T. ) ;
#782 = LINE ( 'NONE', #177, #1362 ) ;
#783 = VERTEX_POINT ( 'NONE', #155 ) ;
#784 = DIRECTION ( 'NONE',  ( 1.000000000000000000, 0.000000000000000000, 0.000000000000000000 ) ) ;
#785 = EDGE_CURVE ( 'NONE', #80, #250, #1458, .T. ) ;
#786 = EDGE_LOOP ( 'NONE', ( #139, #1399 ) ) ;
#787 = CARTESIAN_POINT ( 'NONE',  ( 10.00000000000000178, 0.000000000000000000, -19.02050807568877389 ) ) ;
#788 = EDGE_CURVE ( 'NONE', #1138, #252, #676, .T. ) ;
#789 = LINE ( 'NONE', #1430, #1505 ) ;
#790 = CARTESIAN_POINT ( 'NONE',  ( 6.123233995736766282E-16, -2.200000000000000178, 5.000000000000000000 ) ) ;
#791 = FACE_OUTER_BOUND ( 'NONE', #420, .T. ) ;
#792 = ORIENTED_EDGE ( 'NONE', *, *, #519, .F. ) ;
#793 = ORIENTED_EDGE ( 'NONE', *, *, #88, .T. ) ;
#794 = DIRECTION ( 'NONE',  ( 0.000000000000000000, 0.000000000000000000, -1.000000000000000000 ) ) ;
#795 = VERTEX_POINT ( 'NONE', #1239 ) ;
#796 = CARTESIAN_POINT ( 'NONE',  ( -85.49999999999998579, -73.57883832488647613, -16.50000000000000355 ) ) ;
#797 = ORIENTED_EDGE ( 'NONE', *, *, #1282, .T. ) ;
#798 = DIRECTION ( 'NONE',  ( 0.000000000000000000, 0.000000000000000000, 1.000000000000000000 ) ) ;
#799 = CIRCLE ( 'NONE', #1479, 8.000000000000000000 ) ;
#800 = VERTEX_POINT ( 'NONE', #962 ) ;
#801 = CIRCLE ( 'NONE', #825, 1.700000000000000178 ) ;
#802 = MANIFOLD_SOLID_BREP ( 'Bottom_Plate', #1202 ) ;
#803 = FACE_BOUND ( 'NONE', #194, .T. ) ;
#804 = LINE ( 'NONE', #1296, #887 ) ;
#805 = LINE ( 'NONE', #1146, #535 ) ;
#806 = CC_DESIGN_DATE_AND_TIME_ASSIGNMENT ( #247, #1194, ( #367 ) ) ;
#807 = DIRECTION ( 'NONE',  ( 0.000000000000000000, 0.000000000000000000, 1.000000000000000000 ) ) ;
#808 = DIRECTION ( 'NONE',  ( 1.000000000000000000, 0.000000000000000000, 0.000000000000000000 ) ) ;
#809 = EDGE_CURVE ( 'NONE', #1048, #90, #773, .T. ) ;
#810 = ORIENTED_EDGE ( 'NONE', *, *, #33, .T. ) ;
#811 = FACE_BOUND ( 'NONE', #1423, .T. ) ;
#812 = ORIENTED_EDGE ( 'NONE', *, *, #528, .T. ) ;
#813 = DIRECTION ( 'NONE',  ( 0.000000000000000000, 1.000000000000000000, 0.000000000000000000 ) ) ;
#814 = CARTESIAN_POINT ( 'NONE',  ( -85.49999999999998579, -16.42116167511352387, -14.80000000000000426 ) ) ;
#815 = CARTESIAN_POINT ( 'NONE',  ( -90.50000000000000000, -16.42116167511352387, -16.50000000000000355 ) ) ;
#816 = VERTEX_POINT ( 'NONE', #525 ) ;
#817 = LINE ( 'NONE', #1546, #1141 ) ;
#818 = DIRECTION ( 'NONE',  ( 0.000000000000000000, 0.000000000000000000, -1.000000000000000000 ) ) ;
#819 = DIRECTION ( 'NONE',  ( 0.000000000000000000, 0.000000000000000000, 1.000000000000000000 ) ) ;
#820 = VECTOR ( 'NONE', #1482, 1000.000000000000000 ) ;
#821 = CYLINDRICAL_SURFACE ( 'NONE', #236, 1.700000000000000178 ) ;
#822 = ORIENTED_EDGE ( 'NONE', *, *, #712, .T. ) ;
#823 = CIRCLE ( 'NONE', #154, 1.700000000000000178 ) ;
#824 = CIRCLE ( 'NONE', #1014, 1.700000000000000178 ) ;
#825 = AXIS2_PLACEMENT_3D ( 'NONE', #1297, #828, #1522 ) ;
#826 = EDGE_CURVE ( 'NONE', #1062, #795, #1145, .T. ) ;
#827 = DIRECTION ( 'NONE',  ( 1.000000000000000000, 0.000000000000000000, 0.000000000000000000 ) ) ;
#828 = DIRECTION ( 'NONE',  ( 1.000000000000000000, 0.000000000000000000, 0.000000000000000000 ) ) ;
#829 = CARTESIAN_POINT ( 'NONE',  ( -85.49999999999998579, -86.75000000000000000, -46.75000000000000000 ) ) ;
#830 = EDGE_LOOP ( 'NONE', ( #25, #107, #1004, #230 ) ) ;
#831 = ADVANCED_FACE ( 'NONE', ( #513 ), #149, .F. ) ;
#832 = CARTESIAN_POINT ( 'NONE',  ( -85.49999999999998579, -45.00000000000000000, 0.000000000000000000 ) ) ;
#833 = FACE_BOUND ( 'NONE', #522, .T. ) ;
#834 = DIRECTION ( 'NONE',  ( 0.000000000000000000, 0.000000000000000000, 1.000000000000000000 ) ) ;
#835 = DIRECTION ( 'NONE',  ( 0.000000000000000000, 0.000000000000000000, 1.000000000000000000 ) ) ;
#836 = VERTEX_POINT ( 'NONE', #1097 ) ;
#837 = ORIENTED_EDGE ( 'NONE', *, *, #735, .F. ) ;
#838 = CARTESIAN_POINT ( 'NONE',  ( -85.49999999999998579, -16.42116167511352742, 16.50000000000001421 ) ) ;
#839 = CARTESIAN_POINT ( 'NONE',  ( -85.49999999999998579, -73.57883832488647613, -14.80000000000000426 ) ) ;
#840 = DIRECTION ( 'NONE',  ( 0.000000000000000000, 0.000000000000000000, 1.000000000000000000 ) ) ;
#841 = EDGE_LOOP ( 'NONE', ( #1306, #1519 ) ) ;
#842 = VERTEX_POINT ( 'NONE', #621 ) ;
#843 = VECTOR ( 'NONE', #117, 1000.000000000000000 ) ;
#844 = AXIS2_PLACEMENT_3D ( 'NONE', #556, #1495, #886 ) ;
#845 = DIRECTION ( 'NONE',  ( 1.000000000000000000, 0.000000000000000000, 0.000000000000000000 ) ) ;
#846 = CIRCLE ( 'NONE', #966, 1.700000000000000178 ) ;
#847 = CYLINDRICAL_SURFACE ( 'NONE', #1420, 8.000000000000000000 ) ;
#848 = FACE_OUTER_BOUND ( 'NONE', #1090, .T. ) ;
#849 = ORIENTED_EDGE ( 'NONE', *, *, #710, .T. ) ;
#850 = DIRECTION ( 'NONE',  ( 1.000000000000000000, 0.000000000000000000, 0.000000000000000000 ) ) ;
#851 = CARTESIAN_POINT ( 'NONE',  ( 10.00000000000000178, 0.000000000000000000, 15.62050807568877353 ) ) ;
#852 = CARTESIAN_POINT ( 'NONE',  ( -45.00000000000000000, -5.000000000000000000, 41.75000000000000000 ) ) ;
#853 = ORIENTED_EDGE ( 'NONE', *, *, #216, .T. ) ;
#854 = VERTEX_POINT ( 'NONE', #970 ) ;
#855 = FACE_OUTER_BOUND ( 'NONE', #766, .T. ) ;
#856 = DIRECTION ( 'NONE',  ( 0.000000000000000000, 0.000000000000000000, -1.000000000000000000 ) ) ;
#857 = CARTESIAN_POINT ( 'NONE',  ( 30.00000000000000000, -5.000000000000000000, 46.75000000000000000 ) ) ;
#858 = CYLINDRICAL_SURFACE ( 'NONE', #1387, 1.700000000000000178 ) ;
#859 = ORIENTED_EDGE ( 'NONE', *, *, #714, .T. ) ;
#860 = VERTEX_POINT ( 'NONE', #1464 ) ;
#861 = LINE ( 'NONE', #282, #913 ) ;
#862 = VECTOR ( 'NONE', #1537, 1000.000000000000000 ) ;
#863 = ADVANCED_FACE ( 'NONE', ( #848 ), #520, .F. ) ;
#864 = AXIS2_PLACEMENT_3D ( 'NONE', #354, #1542, #1407 ) ;
#865 = DIRECTION ( 'NONE',  ( -1.000000000000000000, -0.000000000000000000, -0.000000000000000000 ) ) ;
#866 = CARTESIAN_POINT ( 'NONE',  ( -45.00000000000000000, -86.75000000000000000, -41.75000000000000000 ) ) ;
#867 = ORIENTED_EDGE ( 'NONE', *, *, #1072, .T. ) ;
#868 = ADVANCED_FACE ( 'NONE', ( #532 ), #1104, .F. ) ;
#869 = ORIENTED_EDGE ( 'NONE', *, *, #1072, .F. ) ;
#870 = CARTESIAN_POINT ( 'NONE',  ( 10.00000000000000178, 0.000000000000000000, -15.62050807568877353 ) ) ;
#871 = CC_DESIGN_PERSON_AND_ORGANIZATION_ASSIGNMENT ( #1171, #1042, ( #187 ) ) ;
#872 = CARTESIAN_POINT ( 'NONE',  ( -85.49999999999998579, -73.57883832488647613, 16.49999999999999289 ) ) ;
#873 = ORIENTED_EDGE ( 'NONE', *, *, #280, .F. ) ;
#874 = DIRECTION ( 'NONE',  ( 0.000000000000000000, 0.000000000000000000, 1.000000000000000000 ) ) ;
#875 = ORIENTED_EDGE ( 'NONE', *, *, #947, .F. ) ;
#876 = DIRECTION ( 'NONE',  ( 0.000000000000000000, 0.000000000000000000, 1.000000000000000000 ) ) ;
#877 = DIRECTION ( 'NONE',  ( -1.000000000000000000, -0.000000000000000000, -0.000000000000000000 ) ) ;
#878 = VERTEX_POINT ( 'NONE', #866 ) ;
#879 = CARTESIAN_POINT ( 'NONE',  ( 10.00000000000000178, -5.000000000000000000, -15.62050807568877353 ) ) ;
#880 = CARTESIAN_POINT ( 'NONE',  ( -85.49999999999998579, -16.42116167511352742, 16.50000000000001421 ) ) ;
#881 = ORIENTED_EDGE ( 'NONE', *, *, #1195, .F. ) ;
#882 = DIRECTION ( 'NONE',  ( 0.000000000000000000, 0.000000000000000000, 1.000000000000000000 ) ) ;
#883 = APPROVAL_STATUS ( 'not_yet_approved' ) ;
#884 = CIRCLE ( 'NONE', #625, 1.700000000000000178 ) ;
#885 = ORIENTED_EDGE ( 'NONE', *, *, #779, .F. ) ;
#886 = DIRECTION ( 'NONE',  ( 0.000000000000000000, 0.000000000000000000, -1.000000000000000000 ) ) ;
#887 = VECTOR ( 'NONE', #71, 1000.000000000000000 ) ;
#888 = VERTEX_POINT ( 'NONE', #397 ) ;
#889 = CIRCLE ( 'NONE', #1046, 1.700000000000000178 ) ;
#890 = CARTESIAN_POINT ( 'NONE',  ( -45.00000000000000000, -5.000000000000000000, 0.000000000000000000 ) ) ;
#891 = LOCAL_TIME ( 11, 9, 36.00000000000000000, #123 ) ;
#892 = ORIENTED_EDGE ( 'NONE', *, *, #1405, .F. ) ;
#893 = ADVANCED_FACE ( 'NONE', ( #143 ), #858, .F. ) ;
#894 = CARTESIAN_POINT ( 'NONE',  ( -9.999999999999994671, -5.000000000000000000, -17.32050807568877460 ) ) ;
#895 = DIRECTION ( 'NONE',  ( -1.000000000000000000, -0.000000000000000000, -0.000000000000000000 ) ) ;
#896 = CARTESIAN_POINT ( 'NONE',  ( -10.00000000000000888, 0.000000000000000000, 17.32050807568877104 ) ) ;
#897 = ORIENTED_EDGE ( 'NONE', *, *, #1058, .T. ) ;
#898 = CARTESIAN_POINT ( 'NONE',  ( -90.50000000000000000, -16.42116167511352387, -18.20000000000000284 ) ) ;
#899 = CARTESIAN_POINT ( 'NONE',  ( -85.49999999999998579, -73.57883832488647613, 16.49999999999999289 ) ) ;
#900 = EDGE_LOOP ( 'NONE', ( #380, #1325 ) ) ;
#901 = VERTEX_POINT ( 'NONE', #284 ) ;
#902 = ADVANCED_FACE ( 'NONE', ( #379 ), #1229, .F. ) ;
#903 = CYLINDRICAL_SURFACE ( 'NONE', #743, 1.700000000000000178 ) ;
#904 = VERTEX_POINT ( 'NONE', #758 ) ;
#905 = DIRECTION ( 'NONE',  ( 0.000000000000000000, 0.000000000000000000, 1.000000000000000000 ) ) ;
#906 = FACE_OUTER_BOUND ( 'NONE', #830, .T. ) ;
#907 = ORIENTED_EDGE ( 'NONE', *, *, #477, .F. ) ;
#908 = FACE_OUTER_BOUND ( 'NONE', #1316, .T. ) ;
#909 = CC_DESIGN_PERSON_AND_ORGANIZATION_ASSIGNMENT ( #136, #772, ( #1232 ) ) ;
#910 = VECTOR ( 'NONE', #717, 1000.000000000000000 ) ;
#911 = ORIENTED_EDGE ( 'NONE', *, *, #1238, .F. ) ;
#912 = DIRECTION ( 'NONE',  ( 0.000000000000000000, 0.000000000000000000, 1.000000000000000000 ) ) ;
#913 = VECTOR ( 'NONE', #36, 1000.000000000000000 ) ;
#914 = EDGE_CURVE ( 'NONE', #904, #74, #1450, .T. ) ;
#915 = CARTESIAN_POINT ( 'NONE',  ( 30.00000000000000000, 0.000000000000000000, -46.75000000000000000 ) ) ;
#916 = LINE ( 'NONE', #655, #309 ) ;
#917 = AXIS2_PLACEMENT_3D ( 'NONE', #815, #808, #1045 ) ;
#918 = CIRCLE ( 'NONE', #1047, 15.15000000000000036 ) ;
#919 = VERTEX_POINT ( 'NONE', #265 ) ;
#920 = CIRCLE ( 'NONE', #1480, 1.700000000000000178 ) ;
#921 = VERTEX_POINT ( 'NONE', #726 ) ;
#922 = LOCAL_TIME ( 11, 9, 36.00000000000000000, #1256 ) ;
#923 = ADVANCED_FACE ( 'NONE', ( #1217 ), #18, .F. ) ;
#924 = DIRECTION ( 'NONE',  ( 0.000000000000000000, 1.000000000000000000, 0.000000000000000000 ) ) ;
#925 = ORIENTED_EDGE ( 'NONE', *, *, #716, .T. ) ;
#926 = CARTESIAN_POINT ( 'NONE',  ( 30.00000000000000000, 0.000000000000000000, 46.75000000000000000 ) ) ;
#927 = EDGE_CURVE ( 'NONE', #1245, #1367, #1339, .T. ) ;
#928 = CARTESIAN_POINT ( 'NONE',  ( 10.00000000000000178, 0.000000000000000000, -17.32050807568877460 ) ) ;
#929 = ORIENTED_EDGE ( 'NONE', *, *, #255, .T. ) ;
#930 = ORIENTED_EDGE ( 'NONE', *, *, #1154, .T. ) ;
#931 = DIRECTION ( 'NONE',  ( 0.000000000000000000, 0.000000000000000000, -1.000000000000000000 ) ) ;
#932 = CARTESIAN_POINT ( 'NONE',  ( -90.50000000000000000, -73.57883832488647613, 16.49999999999999289 ) ) ;
#933 = DIRECTION ( 'NONE',  ( 0.000000000000000000, 0.000000000000000000, -1.000000000000000000 ) ) ;
#934 = DIRECTION ( 'NONE',  ( 0.000000000000000000, 1.000000000000000000, 0.000000000000000000 ) ) ;
#935 = CARTESIAN_POINT ( 'NONE',  ( -85.49999999999998579, -45.00000000000000000, 8.000000000000000000 ) ) ;
#936 = DIRECTION ( 'NONE',  ( 0.000000000000000000, 0.000000000000000000, 1.000000000000000000 ) ) ;
#937 = ORIENTED_EDGE ( 'NONE', *, *, #620, .T. ) ;
#938 = FACE_BOUND ( 'NONE', #689, .T. ) ;
#939 = FACE_OUTER_BOUND ( 'NONE', #526, .T. ) ;
#940 = VECTOR ( 'NONE', #375, 1000.000000000000000 ) ;
#941 = FACE_OUTER_BOUND ( 'NONE', #461, .T. ) ;
#942 = ADVANCED_FACE ( 'NONE', ( #1020 ), #570, .F. ) ;
#943 = DIRECTION ( 'NONE',  ( 0.000000000000000000, 0.000000000000000000, 1.000000000000000000 ) ) ;
#944 = ORIENTED_EDGE ( 'NONE', *, *, #1307, .F. ) ;
#945 = AXIS2_PLACEMENT_3D ( 'NONE', #1224, #462, #1294 ) ;
#946 = AXIS2_PLACEMENT_3D ( 'NONE', #872, #300, #524 ) ;
#947 = EDGE_CURVE ( 'NONE', #978, #800, #746, .T. ) ;
#948 = FACE_BOUND ( 'NONE', #99, .T. ) ;
#949 = CARTESIAN_POINT ( 'NONE',  ( -85.49999999999998579, -45.00000000000000711, 33.00000000000000000 ) ) ;
#950 = DIRECTION ( 'NONE',  ( 0.000000000000000000, 0.000000000000000000, -1.000000000000000000 ) ) ;
#951 = ORIENTED_EDGE ( 'NONE', *, *, #1442, .T. ) ;
#952 = APPLICATION_CONTEXT ( 'configuration controlled 3d designs of mechanical parts and assemblies' ) ;
#953 = CARTESIAN_POINT ( 'NONE',  ( -90.50000000000000000, -16.42116167511352742, 16.50000000000001421 ) ) ;
#954 = LINE ( 'NONE', #839, #1121 ) ;
#955 = CARTESIAN_POINT ( 'NONE',  ( 10.00000000000000178, -5.000000000000000000, 17.32050807568877460 ) ) ;
#956 = ORIENTED_EDGE ( 'NONE', *, *, #639, .T. ) ;
#957 = CARTESIAN_POINT ( 'NONE',  ( -90.50000000000000000, -16.42116167511352742, 14.80000000000001492 ) ) ;
#958 = EDGE_CURVE ( 'NONE', #125, #74, #311, .T. ) ;
#959 = FACE_BOUND ( 'NONE', #1465, .T. ) ;
#960 = CARTESIAN_POINT ( 'NONE',  ( -90.50000000000000000, 0.000000000000000000, 46.75000000000000000 ) ) ;
#961 = ADVANCED_FACE ( 'NONE', ( #479 ), #1452, .F. ) ;
#962 = CARTESIAN_POINT ( 'NONE',  ( -20.00000000000000000, 0.000000000000000000, 1.699999999999997735 ) ) ;
#963 = ORIENTED_EDGE ( 'NONE', *, *, #224, .F. ) ;
#964 = AXIS2_PLACEMENT_3D ( 'NONE', #1093, #1237, #422 ) ;
#965 = CIRCLE ( 'NONE', #208, 15.15000000000000036 ) ;
#966 = AXIS2_PLACEMENT_3D ( 'NONE', #84, #934, #357 ) ;
#967 = CARTESIAN_POINT ( 'NONE',  ( 0.000000000000000000, -2.200000000000000178, 0.000000000000000000 ) ) ;
#968 = LOCAL_TIME ( 11, 9, 36.00000000000000000, #94 ) ;
#969 = DIRECTION ( 'NONE',  ( 0.000000000000000000, 0.000000000000000000, -1.000000000000000000 ) ) ;
#970 = CARTESIAN_POINT ( 'NONE',  ( -90.50000000000000000, -73.57883832488647613, -18.20000000000000284 ) ) ;
#971 = VERTEX_POINT ( 'NONE', #767 ) ;
#972 = ORIENTED_EDGE ( 'NONE', *, *, #1055, .T. ) ;
#973 = FACE_OUTER_BOUND ( 'NONE', #1122, .T. ) ;
#974 = LINE ( 'NONE', #1454, #160 ) ;
#975 = DIRECTION ( 'NONE',  ( 0.000000000000000000, 0.000000000000000000, -1.000000000000000000 ) ) ;
#976 = DIRECTION ( 'NONE',  ( 0.000000000000000000, 0.000000000000000000, -1.000000000000000000 ) ) ;
#977 = EDGE_CURVE ( 'NONE', #288, #419, #1531, .T. ) ;
#978 = VERTEX_POINT ( 'NONE', #1131 ) ;
#979 = ORIENTED_EDGE ( 'NONE', *, *, #477, .T. ) ;
#980 = ORIENTED_EDGE ( 'NONE', *, *, #163, .F. ) ;
#981 = DIRECTION ( 'NONE',  ( 0.000000000000000000, 0.000000000000000000, -1.000000000000000000 ) ) ;
#982 = CYLINDRICAL_SURFACE ( 'NONE', #678, 1.700000000000000178 ) ;
#983 = CARTESIAN_POINT ( 'NONE',  ( 20.00000000000000000, -5.000000000000000000, 0.000000000000000000 ) ) ;
#984 = EDGE_LOOP ( 'NONE', ( #1502, #326, #447, #1521 ) ) ;
#985 = ADVANCED_FACE ( 'NONE', ( #296 ), #760, .F. ) ;
#986 = AXIS2_PLACEMENT_3D ( 'NONE', #1348, #1059, #245 ) ;
#987 = AXIS2_PLACEMENT_3D ( 'NONE', #1295, #344, #1506 ) ;
#988 = ORIENTED_EDGE ( 'NONE', *, *, #1238, .T. ) ;
#989 = DIRECTION ( 'NONE',  ( 0.000000000000000000, 0.000000000000000000, -1.000000000000000000 ) ) ;
#990 = APPROVAL_ROLE ( '' ) ;
#991 = CIRCLE ( 'NONE', #1360, 8.000000000000000000 ) ;
#992 = CIRCLE ( 'NONE', #562, 1.700000000000000178 ) ;
#993 = CIRCLE ( 'NONE', #1094, 1.700000000000000178 ) ;
#994 = VERTEX_POINT ( 'NONE', #668 ) ;
#995 = ORIENTED_EDGE ( 'NONE', *, *, #712, .F. ) ;
#996 = CARTESIAN_POINT ( 'NONE',  ( -90.50000000000000000, -5.000000000000000000, -46.75000000000000000 ) ) ;
#997 = PERSON_AND_ORGANIZATION ( #119, #315 ) ;
#998 = DIRECTION ( 'NONE',  ( -0.000000000000000000, -1.000000000000000000, -0.000000000000000000 ) ) ;
#999 = ORIENTED_EDGE ( 'NONE', *, *, #788, .F. ) ;
#1000 = PLANE ( 'NONE',  #157 ) ;
#1001 = CYLINDRICAL_SURFACE ( 'NONE', #1457, 1.700000000000000178 ) ;
#1002 = ORIENTED_EDGE ( 'NONE', *, *, #97, .T. ) ;
#1003 = DIRECTION ( 'NONE',  ( 0.000000000000000000, 0.000000000000000000, -1.000000000000000000 ) ) ;
#1004 = ORIENTED_EDGE ( 'NONE', *, *, #1486, .T. ) ;
#1005 = LINE ( 'NONE', #1498, #264 ) ;
#1006 = DIRECTION ( 'NONE',  ( -0.000000000000000000, -1.000000000000000000, -0.000000000000000000 ) ) ;
#1007 = VERTEX_POINT ( 'NONE', #898 ) ;
#1008 = ADVANCED_BREP_SHAPE_REPRESENTATION ( 'JX1_ShoulderPitchBracket_R', ( #802, #1213 ), #778 ) ;
#1009 = AXIS2_PLACEMENT_3D ( 'NONE', #1268, #1413, #195 ) ;
#1010 = LINE ( 'NONE', #437, #358 ) ;
#1011 = AXIS2_PLACEMENT_3D ( 'NONE', #1022, #1272, #98 ) ;
#1012 = ORIENTED_EDGE ( 'NONE', *, *, #1099, .F. ) ;
#1013 = DIRECTION ( 'NONE',  ( 0.000000000000000000, 1.000000000000000000, 0.000000000000000000 ) ) ;
#1014 = AXIS2_PLACEMENT_3D ( 'NONE', #275, #609, #372 ) ;
#1015 = VECTOR ( 'NONE', #1548, 1000.000000000000000 ) ;
#1016 = DIRECTION ( 'NONE',  ( 0.000000000000000000, 0.000000000000000000, -1.000000000000000000 ) ) ;
#1017 = FACE_BOUND ( 'NONE', #219, .T. ) ;
#1018 = CARTESIAN_POINT ( 'NONE',  ( -90.50000000000000000, -73.57883832488647613, 18.19999999999999574 ) ) ;
#1019 = DIRECTION ( 'NONE',  ( 1.000000000000000000, 0.000000000000000000, 0.000000000000000000 ) ) ;
#1020 = FACE_OUTER_BOUND ( 'NONE', #1300, .T. ) ;
#1021 = ORIENTED_EDGE ( 'NONE', *, *, #638, .F. ) ;
#1022 = CARTESIAN_POINT ( 'NONE',  ( 0.000000000000000000, -2.200000000000000178, 0.000000000000000000 ) ) ;
#1023 = ORIENTED_EDGE ( 'NONE', *, *, #1205, .F. ) ;
#1024 = ADVANCED_FACE ( 'NONE', ( #1374, #791 ), #1000, .T. ) ;
#1025 = ORIENTED_EDGE ( 'NONE', *, *, #1402, .F. ) ;
#1026 = EDGE_CURVE ( 'NONE', #1410, #419, #1123, .T. ) ;
#1027 = DIRECTION ( 'NONE',  ( -0.000000000000000000, -1.000000000000000000, -0.000000000000000000 ) ) ;
#1028 = ORIENTED_EDGE ( 'NONE', *, *, #1216, .F. ) ;
#1029 = ORIENTED_EDGE ( 'NONE', *, *, #1058, .F. ) ;
#1030 = CARTESIAN_POINT ( 'NONE',  ( 30.00000000000000000, 0.000000000000000000, -46.75000000000000000 ) ) ;
#1031 = CARTESIAN_POINT ( 'NONE',  ( 10.00000000000000178, 0.000000000000000000, 17.32050807568877460 ) ) ;
#1032 = LINE ( 'NONE', #182, #702 ) ;
#1033 = VERTEX_POINT ( 'NONE', #303 ) ;
#1034 = EDGE_CURVE ( 'NONE', #1135, #490, #1254, .T. ) ;
#1035 = VERTEX_POINT ( 'NONE', #544 ) ;
#1036 = CC_DESIGN_PERSON_AND_ORGANIZATION_ASSIGNMENT ( #240, #1535, ( #187 ) ) ;
#1037 = CARTESIAN_POINT ( 'NONE',  ( 0.000000000000000000, -5.000000000000000000, -5.000000000000000000 ) ) ;
#1038 = EDGE_CURVE ( 'NONE', #686, #1078, #327, .T. ) ;
#1039 = VECTOR ( 'NONE', #1376, 1000.000000000000000 ) ;
#1040 = DIRECTION ( 'NONE',  ( 1.000000000000000000, 0.000000000000000000, 0.000000000000000000 ) ) ;
#1041 = CARTESIAN_POINT ( 'NONE',  ( 0.000000000000000000, 0.000000000000000000, 0.000000000000000000 ) ) ;
#1042 = PERSON_AND_ORGANIZATION_ROLE ( 'creator' ) ;
#1043 = VECTOR ( 'NONE', #784, 1000.000000000000000 ) ;
#1044 = AXIS2_PLACEMENT_3D ( 'NONE', #750, #636, #1366 ) ;
#1045 = DIRECTION ( 'NONE',  ( 0.000000000000000000, 0.000000000000000000, -1.000000000000000000 ) ) ;
#1046 = AXIS2_PLACEMENT_3D ( 'NONE', #643, #410, #1484 ) ;
#1047 = AXIS2_PLACEMENT_3D ( 'NONE', #967, #1462, #723 ) ;
#1048 = VERTEX_POINT ( 'NONE', #879 ) ;
#1049 = AXIS2_PLACEMENT_3D ( 'NONE', #949, #1354, #141 ) ;
#1050 = ORIENTED_EDGE ( 'NONE', *, *, #571, .T. ) ;
#1051 = DIRECTION ( 'NONE',  ( 1.000000000000000000, 0.000000000000000000, 0.000000000000000000 ) ) ;
#1052 = ORIENTED_EDGE ( 'NONE', *, *, #1088, .F. ) ;
#1053 = CARTESIAN_POINT ( 'NONE',  ( -45.00000000000000000, -86.75000000000000000, 41.75000000000000000 ) ) ;
#1054 = DIRECTION ( 'NONE',  ( 1.000000000000000000, 0.000000000000000000, 0.000000000000000000 ) ) ;
#1055 = EDGE_CURVE ( 'NONE', #921, #645, #559, .T. ) ;
#1056 = VERTEX_POINT ( 'NONE', #1510 ) ;
#1057 = DIRECTION ( 'NONE',  ( 0.000000000000000000, 0.000000000000000000, -1.000000000000000000 ) ) ;
#1058 = EDGE_CURVE ( 'NONE', #209, #1303, #573, .T. ) ;
#1059 = DIRECTION ( 'NONE',  ( 0.000000000000000000, -1.000000000000000000, 0.000000000000000000 ) ) ;
#1060 = CARTESIAN_POINT ( 'NONE',  ( -90.50000000000000000, -45.00000000000000000, -31.30000000000000071 ) ) ;
#1061 = CARTESIAN_POINT ( 'NONE',  ( -85.49999999999998579, -45.00000000000000000, -31.30000000000000071 ) ) ;
#1062 = VERTEX_POINT ( 'NONE', #663 ) ;
#1063 = EDGE_CURVE ( 'NONE', #1101, #842, #1005, .T. ) ;
#1064 = CARTESIAN_POINT ( 'NONE',  ( 10.00000000000000178, 0.000000000000000000, 19.02050807568877389 ) ) ;
#1065 = FACE_BOUND ( 'NONE', #759, .T. ) ;
#1066 = FACE_BOUND ( 'NONE', #351, .T. ) ;
#1067 = CARTESIAN_POINT ( 'NONE',  ( -10.00000000000000888, 0.000000000000000000, 17.32050807568877104 ) ) ;
#1068 = ORIENTED_EDGE ( 'NONE', *, *, #443, .F. ) ;
#1069 = CIRCLE ( 'NONE', #463, 15.15000000000000036 ) ;
#1070 = VECTOR ( 'NONE', #1391, 1000.000000000000000 ) ;
#1071 = LINE ( 'NONE', #478, #940 ) ;
#1072 = EDGE_CURVE ( 'NONE', #901, #878, #1298, .T. ) ;
#1073 = CC_DESIGN_SECURITY_CLASSIFICATION ( #367, ( #187 ) ) ;
#1074 = CARTESIAN_POINT ( 'NONE',  ( -90.50000000000000000, -86.75000000000000000, -46.75000000000000000 ) ) ;
#1075 =( NAMED_UNIT ( * ) PLANE_ANGLE_UNIT ( ) SI_UNIT ( $, .RADIAN. ) );
#1076 = CARTESIAN_POINT ( 'NONE',  ( 20.00000000000000000, 0.000000000000000000, 0.000000000000000000 ) ) ;
#1077 = EDGE_LOOP ( 'NONE', ( #719, #1351, #797, #1275 ) ) ;
#1078 = VERTEX_POINT ( 'NONE', #248 ) ;
#1079 = PLANE ( 'NONE',  #605 ) ;
#1080 = DIRECTION ( 'NONE',  ( 1.000000000000000000, 0.000000000000000000, 0.000000000000000000 ) ) ;
#1081 = LINE ( 'NONE', #857, #565 ) ;
#1082 = CARTESIAN_POINT ( 'NONE',  ( 20.00000000000000000, 0.000000000000000000, 0.000000000000000000 ) ) ;
#1083 = ORIENTED_EDGE ( 'NONE', *, *, #592, .F. ) ;
#1084 = VERTEX_POINT ( 'NONE', #713 ) ;
#1085 = DIRECTION ( 'NONE',  ( -0.000000000000000000, -1.000000000000000000, -0.000000000000000000 ) ) ;
#1086 = DIRECTION ( 'NONE',  ( -1.000000000000000000, -0.000000000000000000, -0.000000000000000000 ) ) ;
#1087 = DIRECTION ( 'NONE',  ( 0.000000000000000000, 1.000000000000000000, 0.000000000000000000 ) ) ;
#1088 = EDGE_CURVE ( 'NONE', #604, #173, #701, .T. ) ;
#1089 = ORIENTED_EDGE ( 'NONE', *, *, #23, .F. ) ;
#1090 = EDGE_LOOP ( 'NONE', ( #1012, #755, #1273, #42 ) ) ;
#1091 = AXIS2_PLACEMENT_3D ( 'NONE', #411, #740, #733 ) ;
#1092 = CIRCLE ( 'NONE', #289, 15.15000000000000036 ) ;
#1093 = CARTESIAN_POINT ( 'NONE',  ( -10.00000000000000888, -5.000000000000000000, 17.32050807568877104 ) ) ;
#1094 = AXIS2_PLACEMENT_3D ( 'NONE', #1449, #1080, #969 ) ;
#1095 = FACE_OUTER_BOUND ( 'NONE', #267, .T. ) ;
#1096 = ADVANCED_FACE ( 'NONE', ( #7 ), #482, .F. ) ;
#1097 = CARTESIAN_POINT ( 'NONE',  ( 30.00000000000000000, -5.000000000000000000, -46.75000000000000000 ) ) ;
#1098 = ORIENTED_EDGE ( 'NONE', *, *, #336, .T. ) ;
#1099 = EDGE_CURVE ( 'NONE', #1245, #438, #129, .T. ) ;
#1100 = ORIENTED_EDGE ( 'NONE', *, *, #1365, .T. ) ;
#1101 = VERTEX_POINT ( 'NONE', #935 ) ;
#1102 = CARTESIAN_POINT ( 'NONE',  ( 1.855339900708240019E-15, 0.000000000000000000, -15.15000000000000036 ) ) ;
#1103 = ADVANCED_FACE ( 'NONE', ( #941 ), #821, .F. ) ;
#1104 = CYLINDRICAL_SURFACE ( 'NONE', #1437, 1.700000000000000178 ) ;
#1105 = ORIENTED_EDGE ( 'NONE', *, *, #540, .F. ) ;
#1106 = APPROVAL_STATUS ( 'not_yet_approved' ) ;
#1107 = EDGE_CURVE ( 'NONE', #994, #1101, #991, .T. ) ;
#1108 = ORIENTED_EDGE ( 'NONE', *, *, #274, .F. ) ;
#1109 = DIRECTION ( 'NONE',  ( -1.000000000000000000, -0.000000000000000000, -0.000000000000000000 ) ) ;
#1110 = DIRECTION ( 'NONE',  ( 0.000000000000000000, 1.000000000000000000, 0.000000000000000000 ) ) ;
#1111 = DIRECTION ( 'NONE',  ( 0.000000000000000000, 0.000000000000000000, 1.000000000000000000 ) ) ;
#1112 = ORIENTED_EDGE ( 'NONE', *, *, #384, .F. ) ;
#1113 = CARTESIAN_POINT ( 'NONE',  ( -85.49999999999998579, -45.00000000000000000, -33.00000000000000000 ) ) ;
#1114 = CIRCLE ( 'NONE', #1358, 1.700000000000000178 ) ;
#1115 = CIRCLE ( 'NONE', #307, 1.700000000000000178 ) ;
#1116 = ORIENTED_EDGE ( 'NONE', *, *, #145, .T. ) ;
#1117 = VECTOR ( 'NONE', #1511, 1000.000000000000000 ) ;
#1118 = DIRECTION ( 'NONE',  ( 0.000000000000000000, 1.000000000000000000, 0.000000000000000000 ) ) ;
#1119 = CIRCLE ( 'NONE', #466, 8.000000000000000000 ) ;
#1120 = DIRECTION ( 'NONE',  ( 0.000000000000000000, 0.000000000000000000, -1.000000000000000000 ) ) ;
#1121 = VECTOR ( 'NONE', #501, 1000.000000000000000 ) ;
#1122 = EDGE_LOOP ( 'NONE', ( #1551, #972, #471, #11 ) ) ;
#1123 = LINE ( 'NONE', #1400, #608 ) ;
#1124 = DIRECTION ( 'NONE',  ( 1.000000000000000000, 0.000000000000000000, 0.000000000000000000 ) ) ;
#1125 = ORIENTED_EDGE ( 'NONE', *, *, #914, .T. ) ;
#1126 = DIRECTION ( 'NONE',  ( -0.000000000000000000, -1.000000000000000000, -0.000000000000000000 ) ) ;
#1127 = APPROVAL_STATUS ( 'not_yet_approved' ) ;
#1128 = EDGE_CURVE ( 'NONE', #734, #1148, #1533, .T. ) ;
#1129 = DIRECTION ( 'NONE',  ( 1.000000000000000000, 0.000000000000000000, 0.000000000000000000 ) ) ;
#1130 = ORIENTED_EDGE ( 'NONE', *, *, #16, .T. ) ;
#1131 = CARTESIAN_POINT ( 'NONE',  ( -20.00000000000000000, 0.000000000000000000, -1.700000000000002398 ) ) ;
#1132 = DIRECTION ( 'NONE',  ( 0.000000000000000000, 0.000000000000000000, 1.000000000000000000 ) ) ;
#1133 = DATE_AND_TIME ( #414, #922 ) ;
#1134 = EDGE_LOOP ( 'NONE', ( #1485, #291 ) ) ;
#1135 = VERTEX_POINT ( 'NONE', #707 ) ;
#1136 = CARTESIAN_POINT ( 'NONE',  ( -9.999999999999994671, 0.000000000000000000, -19.02050807568877389 ) ) ;
#1137 = DIRECTION ( 'NONE',  ( 0.000000000000000000, 1.000000000000000000, 0.000000000000000000 ) ) ;
#1138 = VERTEX_POINT ( 'NONE', #96 ) ;
#1139 = LINE ( 'NONE', #777, #1338 ) ;
#1140 = EDGE_LOOP ( 'NONE', ( #1068, #1029, #1395, #822 ) ) ;
#1141 = VECTOR ( 'NONE', #1212, 1000.000000000000000 ) ;
#1142 = DIRECTION ( 'NONE',  ( 0.000000000000000000, 0.000000000000000000, 1.000000000000000000 ) ) ;
#1143 = CIRCLE ( 'NONE', #460, 8.000000000000000000 ) ;
#1144 = ORIENTED_EDGE ( 'NONE', *, *, #1396, .T. ) ;
#1145 = CIRCLE ( 'NONE', #561, 1.700000000000000178 ) ;
#1146 = CARTESIAN_POINT ( 'NONE',  ( 0.000000000000000000, -5.000000000000000000, 41.75000000000000000 ) ) ;
#1147 = VECTOR ( 'NONE', #1341, 1000.000000000000000 ) ;
#1148 = VERTEX_POINT ( 'NONE', #579 ) ;
#1149 = VECTOR ( 'NONE', #690, 1000.000000000000000 ) ;
#1150 = EDGE_CURVE ( 'NONE', #1512, #483, #6, .T. ) ;
#1151 = CARTESIAN_POINT ( 'NONE',  ( -90.50000000000000000, -45.00000000000000000, -34.70000000000000284 ) ) ;
#1152 = LOCAL_TIME ( 11, 9, 36.00000000000000000, #70 ) ;
#1153 = ORIENTED_EDGE ( 'NONE', *, *, #756, .F. ) ;
#1154 = EDGE_CURVE ( 'NONE', #53, #1375, #124, .T. ) ;
#1155 = EDGE_LOOP ( 'NONE', ( #67, #546, #118, #869, #995, #355, #1323, #34 ) ) ;
#1156 = DIRECTION ( 'NONE',  ( -1.000000000000000000, 0.000000000000000000, -0.000000000000000000 ) ) ;
#1157 = CARTESIAN_POINT ( 'NONE',  ( -20.00000000000000000, 0.000000000000000000, -2.449293598294706513E-15 ) ) ;
#1158 = VERTEX_POINT ( 'NONE', #915 ) ;
#1159 = CARTESIAN_POINT ( 'NONE',  ( 30.00000000000000000, 0.000000000000000000, 46.75000000000000000 ) ) ;
#1160 = EDGE_CURVE ( 'NONE', #686, #80, #1069, .T. ) ;
#1161 = ORIENTED_EDGE ( 'NONE', *, *, #716, .F. ) ;
#1162 = DIRECTION ( 'NONE',  ( 0.000000000000000000, 0.000000000000000000, -1.000000000000000000 ) ) ;
#1163 = DIRECTION ( 'NONE',  ( 1.000000000000000000, 0.000000000000000000, 0.000000000000000000 ) ) ;
#1164 = APPROVAL ( #1127, 'UNSPECIFIED' ) ;
#1165 = ORIENTED_EDGE ( 'NONE', *, *, #1282, .F. ) ;
#1166 = EDGE_CURVE ( 'NONE', #728, #783, #692, .T. ) ;
#1167 = CARTESIAN_POINT ( 'NONE',  ( -85.49999999999998579, 0.000000000000000000, 0.000000000000000000 ) ) ;
#1168 = DIRECTION ( 'NONE',  ( 0.000000000000000000, 1.000000000000000000, 0.000000000000000000 ) ) ;
#1169 = DIRECTION ( 'NONE',  ( -1.000000000000000000, -0.000000000000000000, -0.000000000000000000 ) ) ;
#1170 = DIRECTION ( 'NONE',  ( 0.000000000000000000, 0.000000000000000000, 1.000000000000000000 ) ) ;
#1171 = PERSON_AND_ORGANIZATION ( #119, #315 ) ;
#1172 = CARTESIAN_POINT ( 'NONE',  ( -45.00000000000000000, -5.000000000000000000, 0.000000000000000000 ) ) ;
#1173 = ORIENTED_EDGE ( 'NONE', *, *, #1038, .T. ) ;
#1174 = ORIENTED_EDGE ( 'NONE', *, *, #1063, .F. ) ;
#1175 = DIRECTION ( 'NONE',  ( 0.000000000000000000, 1.000000000000000000, 0.000000000000000000 ) ) ;
#1176 = ORIENTED_EDGE ( 'NONE', *, *, #1331, .F. ) ;
#1177 = CIRCLE ( 'NONE', #260, 1.700000000000000178 ) ;
#1178 = EDGE_LOOP ( 'NONE', ( #944, #1544, #257, #92 ) ) ;
#1179 = LINE ( 'NONE', #1030, #1015 ) ;
#1180 = VECTOR ( 'NONE', #1006, 1000.000000000000000 ) ;
#1181 = AXIS2_PLACEMENT_3D ( 'NONE', #1067, #489, #950 ) ;
#1182 = DIRECTION ( 'NONE',  ( 0.000000000000000000, 0.000000000000000000, 1.000000000000000000 ) ) ;
#1183 = VECTOR ( 'NONE', #578, 1000.000000000000000 ) ;
#1184 = LOCAL_TIME ( 11, 9, 36.00000000000000000, #417 ) ;
#1185 = ADVANCED_FACE ( 'NONE', ( #1444 ), #256, .F. ) ;
#1186 = CARTESIAN_POINT ( 'NONE',  ( 20.00000000000000000, -5.000000000000000000, 0.000000000000000000 ) ) ;
#1187 = CARTESIAN_POINT ( 'NONE',  ( -9.999999999999994671, 0.000000000000000000, -15.62050807568877353 ) ) ;
#1188 = PERSON_AND_ORGANIZATION_ROLE ( 'classification_officer' ) ;
#1189 = ADVANCED_FACE ( 'NONE', ( #389 ), #1342, .F. ) ;
#1190 = DIRECTION ( 'NONE',  ( 0.000000000000000000, 1.000000000000000000, 0.000000000000000000 ) ) ;
#1191 = ORIENTED_EDGE ( 'NONE', *, *, #1225, .F. ) ;
#1192 = FACE_OUTER_BOUND ( 'NONE', #693, .T. ) ;
#1193 = FACE_OUTER_BOUND ( 'NONE', #646, .T. ) ;
#1194 = DATE_TIME_ROLE ( 'classification_date' ) ;
#1195 = EDGE_CURVE ( 'NONE', #68, #1539, #1081, .T. ) ;
#1196 = DIRECTION ( 'NONE',  ( 0.000000000000000000, 0.000000000000000000, -1.000000000000000000 ) ) ;
#1197 = CARTESIAN_POINT ( 'NONE',  ( -45.00000000000000000, 0.000000000000000000, -46.75000000000000000 ) ) ;
#1198 = ORIENTED_EDGE ( 'NONE', *, *, #224, .T. ) ;
#1199 = CARTESIAN_POINT ( 'NONE',  ( -45.00000000000000000, 0.000000000000000000, 46.75000000000000000 ) ) ;
#1200 = EDGE_LOOP ( 'NONE', ( #618, #1330 ) ) ;
#1201 = DIRECTION ( 'NONE',  ( 1.000000000000000000, 0.000000000000000000, 0.000000000000000000 ) ) ;
#1202 = CLOSED_SHELL ( 'NONE', ( #1189, #695, #1527, #1471, #1483, #331, #512, #360, #1103, #748, #868, #323, #1096, #1185, #418, #169, #399, #863, #106, #1497, #1346, #923, #764, #40, #333, #492, #893, #1318, #283, #942, #1024, #314, #1543, #985, #654, #1235, #902, #1328, #831, #453, #263, #961, #425 ) ) ;
#1203 = DIRECTION ( 'NONE',  ( -0.000000000000000000, -1.000000000000000000, -0.000000000000000000 ) ) ;
#1204 = CARTESIAN_POINT ( 'NONE',  ( -85.49999999999998579, -86.75000000000000000, 46.75000000000000000 ) ) ;
#1205 = EDGE_CURVE ( 'NONE', #577, #442, #1329, .T. ) ;
#1206 = VERTEX_POINT ( 'NONE', #15 ) ;
#1207 = AXIS2_PLACEMENT_3D ( 'NONE', #493, #527, #1345 ) ;
#1208 = AXIS2_PLACEMENT_3D ( 'NONE', #1082, #39, #840 ) ;
#1209 = APPLICATION_CONTEXT ( 'configuration controlled 3d designs of mechanical parts and assemblies' ) ;
#1210 = EDGE_CURVE ( 'NONE', #842, #816, #1119, .T. ) ;
#1211 = AXIS2_PLACEMENT_3D ( 'NONE', #481, #114, #1431 ) ;
#1212 = DIRECTION ( 'NONE',  ( -1.000000000000000000, -0.000000000000000000, -0.000000000000000000 ) ) ;
#1213 = AXIS2_PLACEMENT_3D ( 'NONE', #373, #834, #1327 ) ;
#1214 = FACE_BOUND ( 'NONE', #614, .T. ) ;
#1215 = DIRECTION ( 'NONE',  ( 1.000000000000000000, -0.000000000000000000, 0.000000000000000000 ) ) ;
#1216 = EDGE_CURVE ( 'NONE', #1410, #429, #889, .T. ) ;
#1217 = FACE_OUTER_BOUND ( 'NONE', #637, .T. ) ;
#1218 = ORIENTED_EDGE ( 'NONE', *, *, #404, .F. ) ;
#1219 = ORIENTED_EDGE ( 'NONE', *, *, #1307, .T. ) ;
#1220 = DIRECTION ( 'NONE',  ( -0.000000000000000000, 1.000000000000000000, -0.000000000000000000 ) ) ;
#1221 = CARTESIAN_POINT ( 'NONE',  ( 0.000000000000000000, 0.000000000000000000, -5.000000000000000000 ) ) ;
#1222 = DIRECTION ( 'NONE',  ( 0.000000000000000000, 0.000000000000000000, 1.000000000000000000 ) ) ;
#1223 = ORIENTED_EDGE ( 'NONE', *, *, #244, .T. ) ;
#1224 = CARTESIAN_POINT ( 'NONE',  ( -45.00000000000000000, 0.000000000000000000, -41.75000000000000000 ) ) ;
#1225 = EDGE_CURVE ( 'NONE', #369, #1529, #920, .T. ) ;
#1226 = DIRECTION ( 'NONE',  ( -0.000000000000000000, -1.000000000000000000, -0.000000000000000000 ) ) ;
#1227 = CYLINDRICAL_SURFACE ( 'NONE', #1049, 1.700000000000000178 ) ;
#1228 = EDGE_CURVE ( 'NONE', #1148, #734, #10, .T. ) ;
#1229 = CYLINDRICAL_SURFACE ( 'NONE', #1044, 1.700000000000000178 ) ;
#1230 = ORIENTED_EDGE ( 'NONE', *, *, #1063, .T. ) ;
#1231 = AXIS2_PLACEMENT_3D ( 'NONE', #599, #498, #1429 ) ;
#1232 = PRODUCT ( 'JX1_ShoulderPitchBracket_R', 'JX1_ShoulderPitchBracket_R', '', ( #21 ) ) ;
#1233 = ORIENTED_EDGE ( 'NONE', *, *, #1402, .T. ) ;
#1234 = VECTOR ( 'NONE', #644, 1000.000000000000000 ) ;
#1235 = ADVANCED_FACE ( 'NONE', ( #318 ), #1508, .F. ) ;
#1236 = ORIENTED_EDGE ( 'NONE', *, *, #8, .T. ) ;
#1237 = DIRECTION ( 'NONE',  ( 0.000000000000000000, 1.000000000000000000, 0.000000000000000000 ) ) ;
#1238 = EDGE_CURVE ( 'NONE', #1033, #166, #1340, .T. ) ;
#1239 = CARTESIAN_POINT ( 'NONE',  ( 20.00000000000000000, -5.000000000000000000, -1.700000000000000178 ) ) ;
#1240 = ORIENTED_EDGE ( 'NONE', *, *, #1210, .T. ) ;
#1241 = ORIENTED_EDGE ( 'NONE', *, *, #497, .T. ) ;
#1242 = CARTESIAN_POINT ( 'NONE',  ( 10.00000000000000178, 0.000000000000000000, 17.32050807568877460 ) ) ;
#1243 = CARTESIAN_POINT ( 'NONE',  ( -45.00000000000000000, 0.000000000000000000, -41.75000000000000000 ) ) ;
#1244 = DIRECTION ( 'NONE',  ( 0.000000000000000000, 0.000000000000000000, 1.000000000000000000 ) ) ;
#1245 = VERTEX_POINT ( 'NONE', #790 ) ;
#1246 = EDGE_CURVE ( 'NONE', #1148, #854, #782, .T. ) ;
#1247 = ORIENTED_EDGE ( 'NONE', *, *, #145, .F. ) ;
#1248 = CARTESIAN_POINT ( 'NONE',  ( -20.00000000000000000, -5.000000000000000000, -2.449293598294706513E-15 ) ) ;
#1249 = PERSON_AND_ORGANIZATION_ROLE ( 'creator' ) ;
#1250 = ORIENTED_EDGE ( 'NONE', *, *, #1365, .F. ) ;
#1251 = DIRECTION ( 'NONE',  ( 0.000000000000000000, 0.000000000000000000, 1.000000000000000000 ) ) ;
#1252 = EDGE_CURVE ( 'NONE', #878, #728, #1276, .T. ) ;
#1253 = ORIENTED_EDGE ( 'NONE', *, *, #1383, .F. ) ;
#1254 = LINE ( 'NONE', #181, #1261 ) ;
#1255 = CARTESIAN_POINT ( 'NONE',  ( -85.49999999999998579, -45.00000000000000711, 33.00000000000000000 ) ) ;
#1256 = COORDINATED_UNIVERSAL_TIME_OFFSET ( 5, 30, .AHEAD. ) ;
#1257 = AXIS2_PLACEMENT_3D ( 'NONE', #101, #1027, #931 ) ;
#1258 = AXIS2_PLACEMENT_3D ( 'NONE', #1409, #338, #798 ) ;
#1259 = ORIENTED_EDGE ( 'NONE', *, *, #1405, .T. ) ;
#1260 = PRODUCT_DEFINITION_SHAPE ( 'NONE', 'NONE',  #1371 ) ;
#1261 = VECTOR ( 'NONE', #58, 1000.000000000000000 ) ;
#1262 = DIRECTION ( 'NONE',  ( 0.000000000000000000, 1.000000000000000000, 0.000000000000000000 ) ) ;
#1263 = CIRCLE ( 'NONE', #1389, 1.700000000000000178 ) ;
#1264 = ORIENTED_EDGE ( 'NONE', *, *, #1383, .T. ) ;
#1265 = DIRECTION ( 'NONE',  ( 0.000000000000000000, 0.000000000000000000, 1.000000000000000000 ) ) ;
#1266 = ORIENTED_EDGE ( 'NONE', *, *, #958, .F. ) ;
#1267 = ORIENTED_EDGE ( 'NONE', *, *, #497, .F. ) ;
#1268 = CARTESIAN_POINT ( 'NONE',  ( 0.000000000000000000, 0.000000000000000000, -41.75000000000000000 ) ) ;
#1269 = LINE ( 'NONE', #63, #345 ) ;
#1270 = ORIENTED_EDGE ( 'NONE', *, *, #1107, .F. ) ;
#1271 = CARTESIAN_POINT ( 'NONE',  ( -9.999999999999994671, -5.000000000000000000, -17.32050807568877460 ) ) ;
#1272 = DIRECTION ( 'NONE',  ( 0.000000000000000000, 1.000000000000000000, 0.000000000000000000 ) ) ;
#1273 = ORIENTED_EDGE ( 'NONE', *, *, #75, .T. ) ;
#1274 = DIRECTION ( 'NONE',  ( -1.000000000000000000, -0.000000000000000000, -0.000000000000000000 ) ) ;
#1275 = ORIENTED_EDGE ( 'NONE', *, *, #343, .F. ) ;
#1276 = LINE ( 'NONE', #1243, #1070 ) ;
#1277 = EDGE_CURVE ( 'NONE', #490, #412, #1263, .T. ) ;
#1278 = ORIENTED_EDGE ( 'NONE', *, *, #1377, .F. ) ;
#1279 = CARTESIAN_POINT ( 'NONE',  ( -85.49999999999998579, -16.42116167511352387, -14.80000000000000426 ) ) ;
#1280 = VERTEX_POINT ( 'NONE', #541 ) ;
#1281 = ORIENTED_EDGE ( 'NONE', *, *, #592, .T. ) ;
#1282 = EDGE_CURVE ( 'NONE', #429, #288, #1269, .T. ) ;
#1283 = FACE_BOUND ( 'NONE', #658, .T. ) ;
#1284 = APPROVAL ( #883, 'UNSPECIFIED' ) ;
#1285 = ORIENTED_EDGE ( 'NONE', *, *, #612, .F. ) ;
#1286 = AXIS2_PLACEMENT_3D ( 'NONE', #932, #235, #1057 ) ;
#1287 = DIRECTION ( 'NONE',  ( -1.000000000000000000, -0.000000000000000000, -0.000000000000000000 ) ) ;
#1288 = VERTEX_POINT ( 'NONE', #549 ) ;
#1289 = AXIS2_PLACEMENT_3D ( 'NONE', #170, #1110, #44 ) ;
#1290 = DIRECTION ( 'NONE',  ( 1.000000000000000000, -0.000000000000000000, -0.000000000000000000 ) ) ;
#1291 = LINE ( 'NONE', #1499, #1043 ) ;
#1292 = APPROVAL_PERSON_ORGANIZATION ( #406, #538, #769 ) ;
#1293 = EDGE_LOOP ( 'NONE', ( #1002, #633, #1440, #907 ) ) ;
#1294 = DIRECTION ( 'NONE',  ( 0.000000000000000000, 0.000000000000000000, 1.000000000000000000 ) ) ;
#1295 = CARTESIAN_POINT ( 'NONE',  ( 0.000000000000000000, -5.000000000000000000, 0.000000000000000000 ) ) ;
#1296 = CARTESIAN_POINT ( 'NONE',  ( -20.00000000000000000, 0.000000000000000000, -1.700000000000002398 ) ) ;
#1297 = CARTESIAN_POINT ( 'NONE',  ( -90.50000000000000000, -73.57883832488647613, -16.50000000000000355 ) ) ;
#1298 = LINE ( 'NONE', #602, #26 ) ;
#1299 = DIRECTION ( 'NONE',  ( -0.000000000000000000, -0.000000000000000000, -1.000000000000000000 ) ) ;
#1300 = EDGE_LOOP ( 'NONE', ( #496, #504, #1173, #1100 ) ) ;
#1301 = ORIENTED_EDGE ( 'NONE', *, *, #729, .F. ) ;
#1302 = CYLINDRICAL_SURFACE ( 'NONE', #2, 15.15000000000000036 ) ;
#1303 = VERTEX_POINT ( 'NONE', #1378 ) ;
#1304 = DIRECTION ( 'NONE',  ( 0.000000000000000000, 1.000000000000000000, 0.000000000000000000 ) ) ;
#1305 = CARTESIAN_POINT ( 'NONE',  ( 6.123233995736766282E-16, 0.000000000000000000, 5.000000000000000000 ) ) ;
#1306 = ORIENTED_EDGE ( 'NONE', *, *, #126, .T. ) ;
#1307 = EDGE_CURVE ( 'NONE', #1138, #1062, #306, .T. ) ;
#1308 = AXIS2_PLACEMENT_3D ( 'NONE', #762, #401, #876 ) ;
#1309 = EDGE_LOOP ( 'NONE', ( #1398, #392, #930, #197 ) ) ;
#1310 = CARTESIAN_POINT ( 'NONE',  ( -85.49999999999998579, -73.57883832488647613, 16.49999999999999289 ) ) ;
#1311 = CIRCLE ( 'NONE', #1335, 1.700000000000000178 ) ;
#1312 = AXIS2_PLACEMENT_3D ( 'NONE', #24, #1111, #271 ) ;
#1313 = CARTESIAN_POINT ( 'NONE',  ( -85.49999999999998579, -73.57883832488647613, -16.50000000000000355 ) ) ;
#1314 = CARTESIAN_POINT ( 'NONE',  ( 0.000000000000000000, 0.000000000000000000, 0.000000000000000000 ) ) ;
#1315 = AXIS2_PLACEMENT_3D ( 'NONE', #896, #203, #673 ) ;
#1316 = EDGE_LOOP ( 'NONE', ( #1083, #1503, #867, #1476 ) ) ;
#1317 = DIRECTION ( 'NONE',  ( 0.000000000000000000, -1.000000000000000000, 0.000000000000000000 ) ) ;
#1318 = ADVANCED_FACE ( 'NONE', ( #757 ), #666, .F. ) ;
#1319 = CARTESIAN_POINT ( 'NONE',  ( 1.855339900708240019E-15, -2.200000000000000178, -15.15000000000000036 ) ) ;
#1320 = DIRECTION ( 'NONE',  ( -1.000000000000000000, 0.000000000000000000, -0.000000000000000000 ) ) ;
#1321 = CALENDAR_DATE ( 2026, 24, 9 ) ;
#1322 = CARTESIAN_POINT ( 'NONE',  ( -85.49999999999998579, -45.00000000000000000, 0.000000000000000000 ) ) ;
#1323 = ORIENTED_EDGE ( 'NONE', *, *, #491, .F. ) ;
#1324 = FACE_OUTER_BOUND ( 'NONE', #1077, .T. ) ;
#1325 = ORIENTED_EDGE ( 'NONE', *, *, #185, .T. ) ;
#1326 = LINE ( 'NONE', #127, #464 ) ;
#1327 = DIRECTION ( 'NONE',  ( 1.000000000000000000, 0.000000000000000000, 0.000000000000000000 ) ) ;
#1328 = ADVANCED_FACE ( 'NONE', ( #38 ), #982, .F. ) ;
#1329 = LINE ( 'NONE', #732, #238 ) ;
#1330 = ORIENTED_EDGE ( 'NONE', *, *, #400, .T. ) ;
#1331 = EDGE_CURVE ( 'NONE', #800, #978, #387, .T. ) ;
#1332 = CARTESIAN_POINT ( 'NONE',  ( -10.00000000000000888, 0.000000000000000000, 19.02050807568877033 ) ) ;
#1333 = CARTESIAN_POINT ( 'NONE',  ( -45.00000000000000000, -86.75000000000000000, 41.75000000000000000 ) ) ;
#1334 = CIRCLE ( 'NONE', #647, 1.700000000000000178 ) ;
#1335 = AXIS2_PLACEMENT_3D ( 'NONE', #899, #1124, #320 ) ;
#1336 = CARTESIAN_POINT ( 'NONE',  ( -85.49999999999998579, -73.57883832488647613, 18.19999999999999574 ) ) ;
#1337 = ORIENTED_EDGE ( 'NONE', *, *, #1228, .F. ) ;
#1338 = VECTOR ( 'NONE', #191, 1000.000000000000000 ) ;
#1339 = CIRCLE ( 'NONE', #722, 5.000000000000000000 ) ;
#1340 = CIRCLE ( 'NONE', #1439, 1.700000000000000178 ) ;
#1341 = DIRECTION ( 'NONE',  ( -0.000000000000000000, -1.000000000000000000, -0.000000000000000000 ) ) ;
#1342 = CYLINDRICAL_SURFACE ( 'NONE', #488, 1.700000000000000178 ) ;
#1343 = DIRECTION ( 'NONE',  ( -0.000000000000000000, -1.000000000000000000, -0.000000000000000000 ) ) ;
#1344 = ORIENTED_EDGE ( 'NONE', *, *, #404, .T. ) ;
#1345 = DIRECTION ( 'NONE',  ( 0.000000000000000000, 0.000000000000000000, 1.000000000000000000 ) ) ;
#1346 = ADVANCED_FACE ( 'NONE', ( #584 ), #455, .F. ) ;
#1347 = ORIENTED_EDGE ( 'NONE', *, *, #1107, .T. ) ;
#1348 = CARTESIAN_POINT ( 'NONE',  ( 0.000000000000000000, 0.000000000000000000, 0.000000000000000000 ) ) ;
#1349 = DIRECTION ( 'NONE',  ( 0.000000000000000000, 0.000000000000000000, -1.000000000000000000 ) ) ;
#1350 = ORIENTED_EDGE ( 'NONE', *, *, #667, .F. ) ;
#1351 = ORIENTED_EDGE ( 'NONE', *, *, #1216, .T. ) ;
#1352 = EDGE_CURVE ( 'NONE', #742, #854, #801, .T. ) ;
#1353 = CYLINDRICAL_SURFACE ( 'NONE', #505, 1.700000000000000178 ) ;
#1354 = DIRECTION ( 'NONE',  ( -1.000000000000000000, -0.000000000000000000, -0.000000000000000000 ) ) ;
#1355 = DIRECTION ( 'NONE',  ( 1.000000000000000000, -0.000000000000000000, -0.000000000000000000 ) ) ;
#1356 = CARTESIAN_POINT ( 'NONE',  ( -20.00000000000000000, 0.000000000000000000, -2.449293598294706513E-15 ) ) ;
#1357 = ORIENTED_EDGE ( 'NONE', *, *, #122, .T. ) ;
#1358 = AXIS2_PLACEMENT_3D ( 'NONE', #1453, #1201, #135 ) ;
#1359 = ORIENTED_EDGE ( 'NONE', *, *, #273, .F. ) ;
#1360 = AXIS2_PLACEMENT_3D ( 'NONE', #1322, #1054, #1162 ) ;
#1361 = EDGE_LOOP ( 'NONE', ( #1241, #810, #454, #1174 ) ) ;
#1362 = VECTOR ( 'NONE', #877, 1000.000000000000000 ) ;
#1363 = LINE ( 'NONE', #870, #1039 ) ;
#1364 = CC_DESIGN_APPROVAL ( #538, ( #367 ) ) ;
#1365 = EDGE_CURVE ( 'NONE', #1078, #250, #1092, .T. ) ;
#1366 = DIRECTION ( 'NONE',  ( 0.000000000000000000, 0.000000000000000000, 1.000000000000000000 ) ) ;
#1367 = VERTEX_POINT ( 'NONE', #1424 ) ;
#1368 = LINE ( 'NONE', #297, #1385 ) ;
#1369 = VERTEX_POINT ( 'NONE', #239 ) ;
#1370 = DIRECTION ( 'NONE',  ( 1.000000000000000000, 0.000000000000000000, 0.000000000000000000 ) ) ;
#1371 = PRODUCT_DEFINITION ( 'UNKNOWN', '', #187, #611 ) ;
#1372 = ORIENTED_EDGE ( 'NONE', *, *, #1160, .T. ) ;
#1373 = EDGE_CURVE ( 'NONE', #74, #125, #703, .T. ) ;
#1374 = FACE_BOUND ( 'NONE', #563, .T. ) ;
#1375 = VERTEX_POINT ( 'NONE', #1060 ) ;
#1376 = DIRECTION ( 'NONE',  ( -0.000000000000000000, -1.000000000000000000, -0.000000000000000000 ) ) ;
#1377 = EDGE_CURVE ( 'NONE', #252, #1138, #846, .T. ) ;
#1378 = CARTESIAN_POINT ( 'NONE',  ( -85.49999999999998579, -5.000000000000000000, -41.75000000000000000 ) ) ;
#1379 = DIRECTION ( 'NONE',  ( 0.000000000000000000, 1.000000000000000000, 0.000000000000000000 ) ) ;
#1380 = ORIENTED_EDGE ( 'NONE', *, *, #23, .T. ) ;
#1381 = DIRECTION ( 'NONE',  ( 0.000000000000000000, 0.000000000000000000, -1.000000000000000000 ) ) ;
#1382 = DIRECTION ( 'NONE',  ( -1.000000000000000000, -0.000000000000000000, -0.000000000000000000 ) ) ;
#1383 = EDGE_CURVE ( 'NONE', #1514, #919, #183, .T. ) ;
#1384 = CIRCLE ( 'NONE', #1412, 1.700000000000000178 ) ;
#1385 = VECTOR ( 'NONE', #736, 1000.000000000000000 ) ;
#1386 = VERTEX_POINT ( 'NONE', #1159 ) ;
#1387 = AXIS2_PLACEMENT_3D ( 'NONE', #1356, #171, #390 ) ;
#1388 = CARTESIAN_POINT ( 'NONE',  ( -85.49999999999998579, -86.75000000000000000, -46.75000000000000000 ) ) ;
#1389 = AXIS2_PLACEMENT_3D ( 'NONE', #650, #1129, #1120 ) ;
#1390 = ORIENTED_EDGE ( 'NONE', *, *, #670, .F. ) ;
#1391 = DIRECTION ( 'NONE',  ( -0.000000000000000000, 1.000000000000000000, -0.000000000000000000 ) ) ;
#1392 = ORIENTED_EDGE ( 'NONE', *, *, #1536, .F. ) ;
#1393 = DIRECTION ( 'NONE',  ( 0.000000000000000000, 0.000000000000000000, -1.000000000000000000 ) ) ;
#1394 = EDGE_CURVE ( 'NONE', #651, #1525, #705, .T. ) ;
#1395 = ORIENTED_EDGE ( 'NONE', *, *, #624, .T. ) ;
#1396 = EDGE_CURVE ( 'NONE', #645, #1375, #629, .T. ) ;
#1397 = FACE_OUTER_BOUND ( 'NONE', #1408, .T. ) ;
#1398 = ORIENTED_EDGE ( 'NONE', *, *, #1055, .F. ) ;
#1399 = ORIENTED_EDGE ( 'NONE', *, *, #809, .T. ) ;
#1400 = CARTESIAN_POINT ( 'NONE',  ( -9.999999999999994671, 0.000000000000000000, -15.62050807568877353 ) ) ;
#1401 = EDGE_LOOP ( 'NONE', ( #721, #1233, #1421, #156 ) ) ;
#1402 = EDGE_CURVE ( 'NONE', #1529, #369, #312, .T. ) ;
#1403 = ORIENTED_EDGE ( 'NONE', *, *, #33, .F. ) ;
#1404 = DIRECTION ( 'NONE',  ( 0.000000000000000000, 0.000000000000000000, 1.000000000000000000 ) ) ;
#1405 = EDGE_CURVE ( 'NONE', #228, #1056, #231, .T. ) ;
#1406 = LINE ( 'NONE', #222, #1438 ) ;
#1407 = DIRECTION ( 'NONE',  ( 0.000000000000000000, 0.000000000000000000, -1.000000000000000000 ) ) ;
#1408 = EDGE_LOOP ( 'NONE', ( #131, #57, #849, #64 ) ) ;
#1409 = CARTESIAN_POINT ( 'NONE',  ( -85.49999999999998579, -73.57883832488647613, -16.50000000000000355 ) ) ;
#1410 = VERTEX_POINT ( 'NONE', #1187 ) ;
#1411 = AXIS2_PLACEMENT_3D ( 'NONE', #102, #202, #933 ) ;
#1412 = AXIS2_PLACEMENT_3D ( 'NONE', #953, #845, #270 ) ;
#1413 = DIRECTION ( 'NONE',  ( 0.000000000000000000, 0.000000000000000000, -1.000000000000000000 ) ) ;
#1414 = CIRCLE ( 'NONE', #79, 1.700000000000000178 ) ;
#1415 = ORIENTED_EDGE ( 'NONE', *, *, #100, .F. ) ;
#1416 = DIRECTION ( 'NONE',  ( -0.000000000000000000, 1.000000000000000000, -0.000000000000000000 ) ) ;
#1417 = AXIS2_PLACEMENT_3D ( 'NONE', #1310, #366, #347 ) ;
#1418 = CARTESIAN_POINT ( 'NONE',  ( 0.000000000000000000, -2.200000000000000178, 0.000000000000000000 ) ) ;
#1419 = DIRECTION ( 'NONE',  ( 1.000000000000000000, 0.000000000000000000, 0.000000000000000000 ) ) ;
#1420 = AXIS2_PLACEMENT_3D ( 'NONE', #1467, #276, #262 ) ;
#1421 = ORIENTED_EDGE ( 'NONE', *, *, #1536, .T. ) ;
#1422 = LINE ( 'NONE', #452, #409 ) ;
#1423 = EDGE_LOOP ( 'NONE', ( #679, #295 ) ) ;
#1424 = CARTESIAN_POINT ( 'NONE',  ( 0.000000000000000000, -2.200000000000000178, -5.000000000000000000 ) ) ;
#1425 = FACE_OUTER_BOUND ( 'NONE', #550, .T. ) ;
#1426 = ORIENTED_EDGE ( 'NONE', *, *, #540, .T. ) ;
#1427 = EDGE_CURVE ( 'NONE', #166, #1033, #511, .T. ) ;
#1428 = ORIENTED_EDGE ( 'NONE', *, *, #1099, .T. ) ;
#1429 = DIRECTION ( 'NONE',  ( 0.000000000000000000, 0.000000000000000000, 1.000000000000000000 ) ) ;
#1430 = CARTESIAN_POINT ( 'NONE',  ( -85.49999999999998579, -45.00000000000000000, -8.000000000000000000 ) ) ;
#1431 = DIRECTION ( 'NONE',  ( 0.000000000000000000, 0.000000000000000000, 1.000000000000000000 ) ) ;
#1432 = DIRECTION ( 'NONE',  ( -0.000000000000000000, 1.000000000000000000, -0.000000000000000000 ) ) ;
#1433 = CIRCLE ( 'NONE', #987, 5.000000000000000000 ) ;
#1434 = FACE_BOUND ( 'NONE', #440, .T. ) ;
#1435 = CYLINDRICAL_SURFACE ( 'NONE', #1417, 1.700000000000000178 ) ;
#1436 = VECTOR ( 'NONE', #349, 1000.000000000000000 ) ;
#1437 = AXIS2_PLACEMENT_3D ( 'NONE', #294, #1343, #976 ) ;
#1438 = VECTOR ( 'NONE', #1169, 1000.000000000000000 ) ;
#1439 = AXIS2_PLACEMENT_3D ( 'NONE', #188, #1013, #1251 ) ;
#1440 = ORIENTED_EDGE ( 'NONE', *, *, #204, .F. ) ;
#1441 = EDGE_CURVE ( 'NONE', #1525, #770, #246, .T. ) ;
#1442 = EDGE_CURVE ( 'NONE', #1386, #1158, #1179, .T. ) ;
#1443 = CARTESIAN_POINT ( 'NONE',  ( 0.000000000000000000, -5.000000000000000000, 0.000000000000000000 ) ) ;
#1444 = FACE_OUTER_BOUND ( 'NONE', #682, .T. ) ;
#1445 = DIRECTION ( 'NONE',  ( 0.000000000000000000, 1.000000000000000000, 0.000000000000000000 ) ) ;
#1446 = ORIENTED_EDGE ( 'NONE', *, *, #638, .T. ) ;
#1447 = EDGE_CURVE ( 'NONE', #1369, #632, #266, .T. ) ;
#1448 = CARTESIAN_POINT ( 'NONE',  ( 10.00000000000000178, -5.000000000000000000, -19.02050807568877389 ) ) ;
#1449 = CARTESIAN_POINT ( 'NONE',  ( -90.50000000000000000, -45.00000000000000711, 33.00000000000000000 ) ) ;
#1450 = LINE ( 'NONE', #1336, #1234 ) ;
#1451 = ORIENTED_EDGE ( 'NONE', *, *, #958, .T. ) ;
#1452 = PLANE ( 'NONE',  #945 ) ;
#1453 = CARTESIAN_POINT ( 'NONE',  ( -90.50000000000000000, -73.57883832488647613, -16.50000000000000355 ) ) ;
#1454 = CARTESIAN_POINT ( 'NONE',  ( 10.00000000000000178, 0.000000000000000000, -19.02050807568877389 ) ) ;
#1455 = VECTOR ( 'NONE', #1109, 1000.000000000000000 ) ;
#1456 = EDGE_CURVE ( 'NONE', #438, #337, #138, .T. ) ;
#1457 = AXIS2_PLACEMENT_3D ( 'NONE', #880, #1382, #1182 ) ;
#1458 = LINE ( 'NONE', #278, #342 ) ;
#1459 = ORIENTED_EDGE ( 'NONE', *, *, #1246, .T. ) ;
#1460 = AXIS2_PLACEMENT_3D ( 'NONE', #1031, #1190, #807 ) ;
#1461 = AXIS2_PLACEMENT_3D ( 'NONE', #214, #1534, #468 ) ;
#1462 = DIRECTION ( 'NONE',  ( 0.000000000000000000, 1.000000000000000000, 0.000000000000000000 ) ) ;
#1463 = FACE_OUTER_BOUND ( 'NONE', #134, .T. ) ;
#1464 = CARTESIAN_POINT ( 'NONE',  ( -45.00000000000000000, -86.75000000000000000, -46.75000000000000000 ) ) ;
#1465 = EDGE_LOOP ( 'NONE', ( #521, #353 ) ) ;
#1466 = CARTESIAN_POINT ( 'NONE',  ( -90.50000000000000000, 0.000000000000000000, 46.75000000000000000 ) ) ;
#1467 = CARTESIAN_POINT ( 'NONE',  ( -85.49999999999998579, -45.00000000000000000, 0.000000000000000000 ) ) ;
#1468 = DIRECTION ( 'NONE',  ( 0.000000000000000000, 0.000000000000000000, -1.000000000000000000 ) ) ;
#1469 = CARTESIAN_POINT ( 'NONE',  ( 0.000000000000000000, 0.000000000000000000, 0.000000000000000000 ) ) ;
#1470 = ORIENTED_EDGE ( 'NONE', *, *, #122, .F. ) ;
#1471 = ADVANCED_FACE ( 'NONE', ( #939 ), #1435, .F. ) ;
#1472 = EDGE_LOOP ( 'NONE', ( #407, #1108 ) ) ;
#1473 = FACE_OUTER_BOUND ( 'NONE', #622, .T. ) ;
#1474 = CARTESIAN_POINT ( 'NONE',  ( -85.49999999999998579, -16.42116167511352742, 16.50000000000001421 ) ) ;
#1475 = DIRECTION ( 'NONE',  ( -0.000000000000000000, -1.000000000000000000, -0.000000000000000000 ) ) ;
#1476 = ORIENTED_EDGE ( 'NONE', *, *, #1252, .T. ) ;
#1477 = CIRCLE ( 'NONE', #623, 1.700000000000000178 ) ;
#1478 = VECTOR ( 'NONE', #1432, 1000.000000000000000 ) ;
#1479 = AXIS2_PLACEMENT_3D ( 'NONE', #45, #631, #1349 ) ;
#1480 = AXIS2_PLACEMENT_3D ( 'NONE', #56, #1137, #72 ) ;
#1481 = EDGE_CURVE ( 'NONE', #209, #770, #805, .T. ) ;
#1482 = DIRECTION ( 'NONE',  ( 1.000000000000000000, -0.000000000000000000, -0.000000000000000000 ) ) ;
#1483 = ADVANCED_FACE ( 'NONE', ( #1515 ), #446, .F. ) ;
#1484 = DIRECTION ( 'NONE',  ( 0.000000000000000000, 0.000000000000000000, 1.000000000000000000 ) ) ;
#1485 = ORIENTED_EDGE ( 'NONE', *, *, #564, .T. ) ;
#1486 = EDGE_CURVE ( 'NONE', #734, #742, #954, .T. ) ;
#1487 = ORIENTED_EDGE ( 'NONE', *, *, #630, .T. ) ;
#1488 = FACE_OUTER_BOUND ( 'NONE', #1155, .T. ) ;
#1489 = DATE_TIME_ROLE ( 'creation_date' ) ;
#1490 = ORIENTED_EDGE ( 'NONE', *, *, #914, .F. ) ;
#1491 = CARTESIAN_POINT ( 'NONE',  ( 0.000000000000000000, -2.200000000000000178, 15.15000000000000036 ) ) ;
#1492 = CARTESIAN_POINT ( 'NONE',  ( 0.000000000000000000, -2.200000000000000178, 15.15000000000000036 ) ) ;
#1493 = ORIENTED_EDGE ( 'NONE', *, *, #571, .F. ) ;
#1494 = CARTESIAN_POINT ( 'NONE',  ( -85.49999999999998579, -45.00000000000000000, -33.00000000000000000 ) ) ;
#1495 = DIRECTION ( 'NONE',  ( 1.000000000000000000, 0.000000000000000000, 0.000000000000000000 ) ) ;
#1496 = ORIENTED_EDGE ( 'NONE', *, *, #624, .F. ) ;
#1497 = ADVANCED_FACE ( 'NONE', ( #1463, #254, #1066, #627, #601, #731, #518, #386 ), #495, .F. ) ;
#1498 = CARTESIAN_POINT ( 'NONE',  ( -85.49999999999998579, -45.00000000000000000, 8.000000000000000000 ) ) ;
#1499 = CARTESIAN_POINT ( 'NONE',  ( 0.000000000000000000, -5.000000000000000000, -41.75000000000000000 ) ) ;
#1500 = CIRCLE ( 'NONE', #78, 1.700000000000000178 ) ;
#1501 = CIRCLE ( 'NONE', #180, 1.700000000000000178 ) ;
#1502 = ORIENTED_EDGE ( 'NONE', *, *, #1166, .F. ) ;
#1503 = ORIENTED_EDGE ( 'NONE', *, *, #443, .T. ) ;
#1504 = AXIS2_PLACEMENT_3D ( 'NONE', #31, #617, #1244 ) ;
#1505 = VECTOR ( 'NONE', #590, 1000.000000000000000 ) ;
#1506 = DIRECTION ( 'NONE',  ( 0.000000000000000000, 0.000000000000000000, 1.000000000000000000 ) ) ;
#1507 = CARTESIAN_POINT ( 'NONE',  ( -85.49999999999998579, -86.75000000000000000, -46.75000000000000000 ) ) ;
#1508 = CYLINDRICAL_SURFACE ( 'NONE', #946, 1.700000000000000178 ) ;
#1509 = EDGE_CURVE ( 'NONE', #427, #1035, #993, .T. ) ;
#1510 = CARTESIAN_POINT ( 'NONE',  ( -90.50000000000000000, -86.75000000000000000, 46.75000000000000000 ) ) ;
#1511 = DIRECTION ( 'NONE',  ( 0.000000000000000000, -1.000000000000000000, 0.000000000000000000 ) ) ;
#1512 = VERTEX_POINT ( 'NONE', #851 ) ;
#1513 = FACE_BOUND ( 'NONE', #1472, .T. ) ;
#1514 = VERTEX_POINT ( 'NONE', #30 ) ;
#1515 = FACE_OUTER_BOUND ( 'NONE', #575, .T. ) ;
#1516 = ORIENTED_EDGE ( 'NONE', *, *, #132, .T. ) ;
#1517 = CARTESIAN_POINT ( 'NONE',  ( -85.49999999999998579, 0.000000000000000000, 41.75000000000000000 ) ) ;
#1518 = ORIENTED_EDGE ( 'NONE', *, *, #1442, .F. ) ;
#1519 = ORIENTED_EDGE ( 'NONE', *, *, #826, .T. ) ;
#1520 = CARTESIAN_POINT ( 'NONE',  ( -9.999999999999994671, -5.000000000000000000, -15.62050807568877353 ) ) ;
#1521 = ORIENTED_EDGE ( 'NONE', *, *, #729, .T. ) ;
#1522 = DIRECTION ( 'NONE',  ( 0.000000000000000000, 0.000000000000000000, -1.000000000000000000 ) ) ;
#1523 = DIRECTION ( 'NONE',  ( -1.000000000000000000, -0.000000000000000000, -0.000000000000000000 ) ) ;
#1524 = LINE ( 'NONE', #890, #109 ) ;
#1525 = VERTEX_POINT ( 'NONE', #1333 ) ;
#1526 = CIRCLE ( 'NONE', #432, 1.700000000000000178 ) ;
#1527 = ADVANCED_FACE ( 'NONE', ( #1095 ), #1227, .F. ) ;
#1528 = DIRECTION ( 'NONE',  ( -0.000000000000000000, -1.000000000000000000, -0.000000000000000000 ) ) ;
#1529 = VERTEX_POINT ( 'NONE', #509 ) ;
#1530 = DIRECTION ( 'NONE',  ( 0.000000000000000000, 0.000000000000000000, 1.000000000000000000 ) ) ;
#1531 = CIRCLE ( 'NONE', #52, 1.700000000000000178 ) ;
#1532 = CARTESIAN_POINT ( 'NONE',  ( -85.49999999999998579, -45.00000000000000000, -31.30000000000000071 ) ) ;
#1533 = CIRCLE ( 'NONE', #587, 1.700000000000000178 ) ;
#1534 = DIRECTION ( 'NONE',  ( 1.000000000000000000, 0.000000000000000000, 0.000000000000000000 ) ) ;
#1535 = PERSON_AND_ORGANIZATION_ROLE ( 'design_supplier' ) ;
#1536 = EDGE_CURVE ( 'NONE', #369, #90, #974, .T. ) ;
#1537 = DIRECTION ( 'NONE',  ( -1.000000000000000000, -0.000000000000000000, -0.000000000000000000 ) ) ;
#1538 = FACE_OUTER_BOUND ( 'NONE', #581, .T. ) ;
#1539 = VERTEX_POINT ( 'NONE', #378 ) ;
#1540 = DIRECTION ( 'NONE',  ( 0.000000000000000000, 0.000000000000000000, -1.000000000000000000 ) ) ;
#1541 = ORIENTED_EDGE ( 'NONE', *, *, #1394, .F. ) ;
#1542 = DIRECTION ( 'NONE',  ( 1.000000000000000000, 0.000000000000000000, 0.000000000000000000 ) ) ;
#1543 = ADVANCED_FACE ( 'NONE', ( #4 ), #847, .F. ) ;
#1544 = ORIENTED_EDGE ( 'NONE', *, *, #788, .T. ) ;
#1545 = EDGE_CURVE ( 'NONE', #878, #860, #152, .T. ) ;
#1546 = CARTESIAN_POINT ( 'NONE',  ( -85.49999999999998579, -16.42116167511352742, 18.20000000000001350 ) ) ;
#1547 = FACE_BOUND ( 'NONE', #786, .T. ) ;
#1548 = DIRECTION ( 'NONE',  ( -0.000000000000000000, -0.000000000000000000, -1.000000000000000000 ) ) ;
#1549 = DIRECTION ( 'NONE',  ( -0.000000000000000000, -1.000000000000000000, -0.000000000000000000 ) ) ;
#1550 = LINE ( 'NONE', #829, #22 ) ;
#1551 = ORIENTED_EDGE ( 'NONE', *, *, #48, .T. ) ;
ENDSEC;
END-ISO-10303-21;
