ISO-10303-21;
HEADER;
FILE_DESCRIPTION (( 'STEP AP203' ),
    '1' );
FILE_NAME ('JX1_ShoulderRollBracket_R.STEP',
    '2026-09-24T05:39:50',
    ( '' ),
    ( '' ),
    'SwSTEP 2.0',
    'SolidWorks 2026',
    '' );
FILE_SCHEMA (( 'CONFIG_CONTROL_DESIGN' ));
ENDSEC;

DATA;
#1 = CARTESIAN_POINT ( 'NONE',  ( 0.000000000000000000, 0.000000000000000000, -13.00000000000000355 ) ) ;
#2 = ORIENTED_EDGE ( 'NONE', *, *, #1304, .T. ) ;
#3 = CARTESIAN_POINT ( 'NONE',  ( 32.00000000000000000, 32.00000000000000000, -13.00000000000000355 ) ) ;
#4 = EDGE_LOOP ( 'NONE', ( #349, #29 ) ) ;
#5 = ADVANCED_FACE ( 'NONE', ( #718, #878, #1098, #1489, #616, #648, #1589 ), #134, .F. ) ;
#6 = AXIS2_PLACEMENT_3D ( 'NONE', #591, #1067, #723 ) ;
#7 = PLANE ( 'NONE',  #440 ) ;
#8 = AXIS2_PLACEMENT_3D ( 'NONE', #970, #829, #205 ) ;
#9 = AXIS2_PLACEMENT_3D ( 'NONE', #1581, #1459, #386 ) ;
#10 = CARTESIAN_POINT ( 'NONE',  ( -40.00000000000000000, -33.25966317040631992, 13.77660356514323148 ) ) ;
#11 = CYLINDRICAL_SURFACE ( 'NONE', #1473, 7.000000000000000000 ) ;
#12 = VECTOR ( 'NONE', #724, 1000.000000000000000 ) ;
#13 = VERTEX_POINT ( 'NONE', #893 ) ;
#14 = ORIENTED_EDGE ( 'NONE', *, *, #1429, .T. ) ;
#15 = FACE_OUTER_BOUND ( 'NONE', #1550, .T. ) ;
#16 = VERTEX_POINT ( 'NONE', #125 ) ;
#17 = DIRECTION ( 'NONE',  ( -1.000000000000000000, 0.000000000000000000, 0.000000000000000000 ) ) ;
#18 = CARTESIAN_POINT ( 'NONE',  ( -40.00000000000000000, 0.000000000000000000, 0.000000000000000000 ) ) ;
#19 = CC_DESIGN_PERSON_AND_ORGANIZATION_ASSIGNMENT ( #1178, #690, ( #1127 ) ) ;
#20 = EDGE_CURVE ( 'NONE', #1418, #1479, #1505, .T. ) ;
#21 = ORIENTED_EDGE ( 'NONE', *, *, #776, .T. ) ;
#22 = ORIENTED_EDGE ( 'NONE', *, *, #1396, .F. ) ;
#23 = CARTESIAN_POINT ( 'NONE',  ( -34.00000000000000000, -33.25966317040631992, -13.77660356514322260 ) ) ;
#24 = ORIENTED_EDGE ( 'NONE', *, *, #201, .F. ) ;
#25 = LINE ( 'NONE', #1359, #905 ) ;
#26 = DIRECTION ( 'NONE',  ( -1.000000000000000000, -0.000000000000000000, -0.000000000000000000 ) ) ;
#27 = CARTESIAN_POINT ( 'NONE',  ( -34.00000000000000000, -17.32050807568877460, -8.300000000000002487 ) ) ;
#28 = DIRECTION ( 'NONE',  ( 1.000000000000000000, 0.000000000000000000, 0.000000000000000000 ) ) ;
#29 = ORIENTED_EDGE ( 'NONE', *, *, #466, .T. ) ;
#30 = ADVANCED_FACE ( 'NONE', ( #749 ), #1234, .F. ) ;
#31 = PLANE ( 'NONE',  #389 ) ;
#32 = LINE ( 'NONE', #117, #1342 ) ;
#33 = FACE_BOUND ( 'NONE', #781, .T. ) ;
#34 = AXIS2_PLACEMENT_3D ( 'NONE', #55, #1021, #406 ) ;
#35 = VECTOR ( 'NONE', #28, 1000.000000000000000 ) ;
#36 = VERTEX_POINT ( 'NONE', #492 ) ;
#37 = DIRECTION ( 'NONE',  ( 0.000000000000000000, 0.000000000000000000, -1.000000000000000000 ) ) ;
#38 = EDGE_CURVE ( 'NONE', #1327, #120, #1393, .T. ) ;
#39 = ORIENTED_EDGE ( 'NONE', *, *, #163, .F. ) ;
#40 = DIRECTION ( 'NONE',  ( 0.000000000000000000, 0.000000000000000000, -1.000000000000000000 ) ) ;
#41 = DIRECTION ( 'NONE',  ( 0.000000000000000000, 0.000000000000000000, 1.000000000000000000 ) ) ;
#42 = EDGE_CURVE ( 'NONE', #1509, #36, #962, .T. ) ;
#43 = DIRECTION ( 'NONE',  ( 1.000000000000000000, 0.000000000000000000, 0.000000000000000000 ) ) ;
#44 = VERTEX_POINT ( 'NONE', #1001 ) ;
#45 = CARTESIAN_POINT ( 'NONE',  ( -34.00000000000000000, 17.32050807568877460, -10.00000000000000178 ) ) ;
#46 = EDGE_LOOP ( 'NONE', ( #380, #14, #186, #771 ) ) ;
#47 = LINE ( 'NONE', #536, #182 ) ;
#48 = CARTESIAN_POINT ( 'NONE',  ( -34.00000000000000000, -33.25966317040631992, 13.77660356514323148 ) ) ;
#49 = EDGE_CURVE ( 'NONE', #979, #1023, #1228, .T. ) ;
#50 = DATE_AND_TIME ( #1031, #441 ) ;
#51 = VERTEX_POINT ( 'NONE', #1128 ) ;
#52 = DIRECTION ( 'NONE',  ( -0.000000000000000000, -1.000000000000000000, -0.000000000000000000 ) ) ;
#53 = ORIENTED_EDGE ( 'NONE', *, *, #49, .F. ) ;
#54 = LINE ( 'NONE', #1151, #758 ) ;
#55 = CARTESIAN_POINT ( 'NONE',  ( 16.26345596729058585, 16.26345596729059650, -13.00000000000000355 ) ) ;
#56 = ADVANCED_FACE ( 'NONE', ( #264 ), #502, .F. ) ;
#57 = CARTESIAN_POINT ( 'NONE',  ( -16.26345596729058940, -16.26345596729059295, -13.00000000000000355 ) ) ;
#58 = CIRCLE ( 'NONE', #1372, 1.700000000000000178 ) ;
#59 = VECTOR ( 'NONE', #350, 1000.000000000000000 ) ;
#60 = ORIENTED_EDGE ( 'NONE', *, *, #1409, .T. ) ;
#61 = CIRCLE ( 'NONE', #86, 1.700000000000000178 ) ;
#62 = DIRECTION ( 'NONE',  ( -1.000000000000000000, -0.000000000000000000, -0.000000000000000000 ) ) ;
#63 = ORIENTED_EDGE ( 'NONE', *, *, #509, .F. ) ;
#64 = CIRCLE ( 'NONE', #1401, 1.700000000000000178 ) ;
#65 = LINE ( 'NONE', #1152, #1036 ) ;
#66 = PERSON_AND_ORGANIZATION ( #546, #856 ) ;
#67 = ORIENTED_EDGE ( 'NONE', *, *, #1077, .F. ) ;
#68 = LINE ( 'NONE', #711, #1371 ) ;
#69 = EDGE_LOOP ( 'NONE', ( #1430, #1496, #449, #177 ) ) ;
#70 = CARTESIAN_POINT ( 'NONE',  ( 16.26345596729059295, -16.26345596729059295, -13.00000000000000355 ) ) ;
#71 = DIRECTION ( 'NONE',  ( 1.000000000000000000, 0.000000000000000000, 0.000000000000000000 ) ) ;
#72 = ORIENTED_EDGE ( 'NONE', *, *, #1513, .F. ) ;
#73 = DIRECTION ( 'NONE',  ( 1.000000000000000000, 0.000000000000000000, 0.000000000000000000 ) ) ;
#74 = VERTEX_POINT ( 'NONE', #139 ) ;
#75 = EDGE_LOOP ( 'NONE', ( #731, #741, #1549, #588, #1564, #585, #1488, #1493, #513, #377, #39, #22 ) ) ;
#76 = DIRECTION ( 'NONE',  ( 1.000000000000000000, 0.000000000000000000, 0.000000000000000000 ) ) ;
#77 = EDGE_CURVE ( 'NONE', #1035, #979, #1353, .T. ) ;
#78 = DIRECTION ( 'NONE',  ( -1.000000000000000000, -0.000000000000000000, -0.000000000000000000 ) ) ;
#79 = APPROVAL_DATE_TIME ( #433, #599 ) ;
#80 = CARTESIAN_POINT ( 'NONE',  ( -17.96345596729059224, -16.26345596729059295, -19.00000000000000355 ) ) ;
#81 = VECTOR ( 'NONE', #381, 1000.000000000000000 ) ;
#82 = ORIENTED_EDGE ( 'NONE', *, *, #1262, .T. ) ;
#83 = CARTESIAN_POINT ( 'NONE',  ( -40.00000000000000000, -33.25966317040631992, -13.77660356514322260 ) ) ;
#84 = VECTOR ( 'NONE', #1586, 1000.000000000000000 ) ;
#85 = ORIENTED_EDGE ( 'NONE', *, *, #664, .T. ) ;
#86 = AXIS2_PLACEMENT_3D ( 'NONE', #896, #143, #668 ) ;
#87 = DIRECTION ( 'NONE',  ( -0.000000000000000000, 0.7071067811865477948, 0.7071067811865473507 ) ) ;
#88 = AXIS2_PLACEMENT_3D ( 'NONE', #662, #405, #698 ) ;
#89 = LINE ( 'NONE', #1569, #1545 ) ;
#90 = EDGE_CURVE ( 'NONE', #828, #1310, #1497, .T. ) ;
#91 = CARTESIAN_POINT ( 'NONE',  ( -34.00000000000000000, 33.25966317040631992, -13.77660356514322793 ) ) ;
#92 = VERTEX_POINT ( 'NONE', #1105 ) ;
#93 = DIRECTION ( 'NONE',  ( -0.000000000000000000, -0.000000000000000000, -1.000000000000000000 ) ) ;
#94 = VERTEX_POINT ( 'NONE', #10 ) ;
#95 = ORIENTED_EDGE ( 'NONE', *, *, #725, .F. ) ;
#96 = CARTESIAN_POINT ( 'NONE',  ( -37.79999999999999716, 0.000000000000000000, 0.000000000000000000 ) ) ;
#97 = CARTESIAN_POINT ( 'NONE',  ( 0.000000000000000000, 0.000000000000000000, -13.00000000000000355 ) ) ;
#98 = CARTESIAN_POINT ( 'NONE',  ( -40.00000000000000000, 0.000000000000000000, 0.000000000000000000 ) ) ;
#99 = EDGE_CURVE ( 'NONE', #159, #1053, #32, .T. ) ;
#100 = CARTESIAN_POINT ( 'NONE',  ( -14.56345596729059721, 16.26345596729058940, -13.00000000000000355 ) ) ;
#101 = ORIENTED_EDGE ( 'NONE', *, *, #20, .F. ) ;
#102 = DIRECTION ( 'NONE',  ( -1.000000000000000000, -0.000000000000000000, -0.000000000000000000 ) ) ;
#103 = CYLINDRICAL_SURFACE ( 'NONE', #361, 1.700000000000000178 ) ;
#104 = ADVANCED_FACE ( 'NONE', ( #1481 ), #392, .F. ) ;
#105 = CYLINDRICAL_SURFACE ( 'NONE', #1158, 5.000000000000000000 ) ;
#106 = DIRECTION ( 'NONE',  ( 1.000000000000000000, 0.000000000000000000, 0.000000000000000000 ) ) ;
#107 = ORIENTED_EDGE ( 'NONE', *, *, #958, .T. ) ;
#108 = AXIS2_PLACEMENT_3D ( 'NONE', #1250, #145, #852 ) ;
#109 = DIRECTION ( 'NONE',  ( -0.000000000000000000, -0.7071067811865474617, -0.7071067811865475727 ) ) ;
#110 = AXIS2_PLACEMENT_3D ( 'NONE', #735, #1365, #980 ) ;
#111 = DIRECTION ( 'NONE',  ( -1.000000000000000000, -0.000000000000000000, -0.000000000000000000 ) ) ;
#112 = EDGE_CURVE ( 'NONE', #394, #94, #1251, .T. ) ;
#113 = CARTESIAN_POINT ( 'NONE',  ( 16.26345596729059295, -16.26345596729059295, -13.00000000000000355 ) ) ;
#114 = ORIENTED_EDGE ( 'NONE', *, *, #163, .T. ) ;
#115 = CARTESIAN_POINT ( 'NONE',  ( -34.00000000000000000, -32.00000000000000000, -15.03626673554954429 ) ) ;
#116 = DIRECTION ( 'NONE',  ( 0.000000000000000000, 0.000000000000000000, -1.000000000000000000 ) ) ;
#117 = CARTESIAN_POINT ( 'NONE',  ( -34.00000000000000000, 33.25966317040631992, 13.77660356514323503 ) ) ;
#118 = DIRECTION ( 'NONE',  ( 0.000000000000000000, 0.000000000000000000, -1.000000000000000000 ) ) ;
#119 = ADVANCED_FACE ( 'NONE', ( #530 ), #1016, .F. ) ;
#120 = VERTEX_POINT ( 'NONE', #1542 ) ;
#121 = FACE_OUTER_BOUND ( 'NONE', #1089, .T. ) ;
#122 = ORIENTED_EDGE ( 'NONE', *, *, #1233, .F. ) ;
#123 = DIRECTION ( 'NONE',  ( 1.000000000000000000, 0.000000000000000000, 0.000000000000000000 ) ) ;
#124 = EDGE_CURVE ( 'NONE', #1454, #294, #1420, .T. ) ;
#125 = CARTESIAN_POINT ( 'NONE',  ( -34.00000000000000000, 1.374772708486753814, -19.00000000000000355 ) ) ;
#126 = DIRECTION ( 'NONE',  ( -0.000000000000000000, -0.000000000000000000, -1.000000000000000000 ) ) ;
#127 = ORIENTED_EDGE ( 'NONE', *, *, #915, .T. ) ;
#128 = ORIENTED_EDGE ( 'NONE', *, *, #1435, .F. ) ;
#129 = DIRECTION ( 'NONE',  ( -0.000000000000000000, 1.000000000000000000, -0.000000000000000000 ) ) ;
#130 = CARTESIAN_POINT ( 'NONE',  ( -40.00000000000000000, 33.25966317040631992, -13.77660356514322793 ) ) ;
#131 = LOCAL_TIME ( 11, 9, 50.00000000000000000, #581 ) ;
#132 = VECTOR ( 'NONE', #178, 1000.000000000000000 ) ;
#133 = VECTOR ( 'NONE', #955, 1000.000000000000000 ) ;
#134 = PLANE ( 'NONE',  #1183 ) ;
#135 = CIRCLE ( 'NONE', #632, 1.700000000000000178 ) ;
#136 = LINE ( 'NONE', #252, #84 ) ;
#137 = ORIENTED_EDGE ( 'NONE', *, *, #1552, .F. ) ;
#138 = DIRECTION ( 'NONE',  ( 0.000000000000000000, 0.000000000000000000, 1.000000000000000000 ) ) ;
#139 = CARTESIAN_POINT ( 'NONE',  ( -40.00000000000000000, -2.449293598294706513E-15, 21.69999999999999929 ) ) ;
#140 = DIRECTION ( 'NONE',  ( 1.000000000000000000, 0.000000000000000000, 0.000000000000000000 ) ) ;
#141 = EDGE_CURVE ( 'NONE', #1567, #1023, #408, .T. ) ;
#142 = ORIENTED_EDGE ( 'NONE', *, *, #77, .F. ) ;
#143 = DIRECTION ( 'NONE',  ( 0.000000000000000000, 0.000000000000000000, 1.000000000000000000 ) ) ;
#144 = ORIENTED_EDGE ( 'NONE', *, *, #694, .T. ) ;
#145 = DIRECTION ( 'NONE',  ( 1.000000000000000000, 0.000000000000000000, 0.000000000000000000 ) ) ;
#146 = CARTESIAN_POINT ( 'NONE',  ( -40.00000000000000000, -33.25966317040631992, 13.77660356514323148 ) ) ;
#147 = DIRECTION ( 'NONE',  ( -1.000000000000000000, -0.000000000000000000, -0.000000000000000000 ) ) ;
#148 = ORIENTED_EDGE ( 'NONE', *, *, #1148, .T. ) ;
#149 = DIRECTION ( 'NONE',  ( -1.000000000000000000, -0.000000000000000000, -0.000000000000000000 ) ) ;
#150 = EDGE_LOOP ( 'NONE', ( #248, #976 ) ) ;
#151 = LINE ( 'NONE', #1135, #259 ) ;
#152 = CARTESIAN_POINT ( 'NONE',  ( -40.00000000000000000, 33.25966317040631992, -13.77660356514322793 ) ) ;
#153 = CIRCLE ( 'NONE', #1574, 7.000000000000000000 ) ;
#154 = CC_DESIGN_APPROVAL ( #682, ( #1318 ) ) ;
#155 = VECTOR ( 'NONE', #129, 1000.000000000000000 ) ;
#156 = CARTESIAN_POINT ( 'NONE',  ( -40.00000000000000000, 0.000000000000000000, 0.000000000000000000 ) ) ;
#157 = VECTOR ( 'NONE', #587, 1000.000000000000000 ) ;
#158 = CIRCLE ( 'NONE', #831, 15.15000000000000036 ) ;
#159 = VERTEX_POINT ( 'NONE', #307 ) ;
#160 = CARTESIAN_POINT ( 'NONE',  ( -34.00000000000000000, 17.32050807568877460, -10.00000000000000178 ) ) ;
#161 = VERTEX_POINT ( 'NONE', #554 ) ;
#162 = CARTESIAN_POINT ( 'NONE',  ( -40.00000000000000000, 13.77660356514322082, -33.25966317040631992 ) ) ;
#163 = EDGE_CURVE ( 'NONE', #448, #569, #919, .T. ) ;
#164 = FACE_OUTER_BOUND ( 'NONE', #827, .T. ) ;
#165 = CARTESIAN_POINT ( 'NONE',  ( -37.79999999999999716, 0.000000000000000000, 15.15000000000000036 ) ) ;
#166 = VERTEX_POINT ( 'NONE', #658 ) ;
#167 = EDGE_CURVE ( 'NONE', #702, #835, #1184, .T. ) ;
#168 = LINE ( 'NONE', #1149, #884 ) ;
#169 = EDGE_LOOP ( 'NONE', ( #883, #362 ) ) ;
#170 = CARTESIAN_POINT ( 'NONE',  ( 17.96345596729058869, 16.26345596729059650, -13.00000000000000355 ) ) ;
#171 = FACE_OUTER_BOUND ( 'NONE', #1537, .T. ) ;
#172 = EDGE_CURVE ( 'NONE', #1303, #595, #912, .T. ) ;
#173 = ORIENTED_EDGE ( 'NONE', *, *, #422, .T. ) ;
#174 = APPROVAL_STATUS ( 'not_yet_approved' ) ;
#175 = ORIENTED_EDGE ( 'NONE', *, *, #854, .T. ) ;
#176 = DIRECTION ( 'NONE',  ( 0.000000000000000000, 0.000000000000000000, 1.000000000000000000 ) ) ;
#177 = ORIENTED_EDGE ( 'NONE', *, *, #99, .T. ) ;
#178 = DIRECTION ( 'NONE',  ( 0.000000000000000000, -1.000000000000000000, 0.000000000000000000 ) ) ;
#179 = CC_DESIGN_PERSON_AND_ORGANIZATION_ASSIGNMENT ( #66, #556, ( #1318 ) ) ;
#180 = DIRECTION ( 'NONE',  ( -1.000000000000000000, -0.000000000000000000, -0.000000000000000000 ) ) ;
#181 = CALENDAR_DATE ( 2026, 24, 9 ) ;
#182 = VECTOR ( 'NONE', #1020, 1000.000000000000000 ) ;
#183 = AXIS2_PLACEMENT_3D ( 'NONE', #578, #1555, #841 ) ;
#184 = AXIS2_PLACEMENT_3D ( 'NONE', #300, #1043, #415 ) ;
#185 = EDGE_CURVE ( 'NONE', #866, #1479, #339, .T. ) ;
#186 = ORIENTED_EDGE ( 'NONE', *, *, #1081, .F. ) ;
#187 = AXIS2_PLACEMENT_3D ( 'NONE', #475, #692, #303 ) ;
#188 = LINE ( 'NONE', #1431, #1424 ) ;
#189 = ORIENTED_EDGE ( 'NONE', *, *, #421, .T. ) ;
#190 = ORIENTED_EDGE ( 'NONE', *, *, #1471, .T. ) ;
#191 = AXIS2_PLACEMENT_3D ( 'NONE', #622, #336, #1453 ) ;
#192 = DIRECTION ( 'NONE',  ( 0.000000000000000000, 0.000000000000000000, -1.000000000000000000 ) ) ;
#193 = FACE_BOUND ( 'NONE', #721, .T. ) ;
#194 = DATE_TIME_ROLE ( 'classification_date' ) ;
#195 = ORIENTED_EDGE ( 'NONE', *, *, #915, .F. ) ;
#196 = LINE ( 'NONE', #929, #263 ) ;
#197 = ORIENTED_EDGE ( 'NONE', *, *, #1262, .F. ) ;
#198 = LINE ( 'NONE', #344, #987 ) ;
#199 = CARTESIAN_POINT ( 'NONE',  ( -34.00000000000000000, 13.77660356514322970, 33.25966317040631992 ) ) ;
#200 = PLANE ( 'NONE',  #88 ) ;
#201 = EDGE_CURVE ( 'NONE', #541, #1327, #680, .T. ) ;
#202 = VERTEX_POINT ( 'NONE', #301 ) ;
#203 = LINE ( 'NONE', #701, #834 ) ;
#204 = ORIENTED_EDGE ( 'NONE', *, *, #644, .T. ) ;
#205 = DIRECTION ( 'NONE',  ( 0.000000000000000000, 0.000000000000000000, 1.000000000000000000 ) ) ;
#206 = EDGE_CURVE ( 'NONE', #974, #1509, #800, .T. ) ;
#207 = DIRECTION ( 'NONE',  ( 0.000000000000000000, 0.000000000000000000, -1.000000000000000000 ) ) ;
#208 = PERSON_AND_ORGANIZATION ( #546, #856 ) ;
#209 = LINE ( 'NONE', #707, #1579 ) ;
#210 = VECTOR ( 'NONE', #1367, 1000.000000000000000 ) ;
#211 = ORIENTED_EDGE ( 'NONE', *, *, #1167, .F. ) ;
#212 = DIRECTION ( 'NONE',  ( 0.000000000000000000, -0.7071067811865476838, -0.7071067811865474617 ) ) ;
#213 = AXIS2_PLACEMENT_3D ( 'NONE', #1333, #76, #590 ) ;
#214 = EDGE_LOOP ( 'NONE', ( #107, #1462 ) ) ;
#215 = ORIENTED_EDGE ( 'NONE', *, *, #1572, .F. ) ;
#216 = CIRCLE ( 'NONE', #290, 1.700000000000000178 ) ;
#217 = PLANE ( 'NONE',  #8 ) ;
#218 = ADVANCED_FACE ( 'NONE', ( #565, #925, #806, #193, #1048, #1434 ), #1443, .F. ) ;
#219 = CIRCLE ( 'NONE', #368, 1.700000000000000178 ) ;
#220 = LINE ( 'NONE', #944, #1010 ) ;
#221 = EDGE_CURVE ( 'NONE', #1381, #803, #153, .T. ) ;
#222 = FACE_OUTER_BOUND ( 'NONE', #1324, .T. ) ;
#223 = EDGE_LOOP ( 'NONE', ( #215, #1294 ) ) ;
#224 = CARTESIAN_POINT ( 'NONE',  ( 14.56345596729059366, -16.26345596729059295, -13.00000000000000355 ) ) ;
#225 = ORIENTED_EDGE ( 'NONE', *, *, #1474, .T. ) ;
#226 = ORIENTED_EDGE ( 'NONE', *, *, #809, .F. ) ;
#227 = EDGE_CURVE ( 'NONE', #51, #74, #1562, .T. ) ;
#228 = CARTESIAN_POINT ( 'NONE',  ( 14.56345596729058656, 16.26345596729059650, -19.00000000000000355 ) ) ;
#229 = EDGE_CURVE ( 'NONE', #573, #828, #704, .T. ) ;
#230 = CARTESIAN_POINT ( 'NONE',  ( -40.00000000000000000, 17.32050807568877460, -10.00000000000000178 ) ) ;
#231 = ORIENTED_EDGE ( 'NONE', *, *, #914, .F. ) ;
#232 = LINE ( 'NONE', #1449, #59 ) ;
#233 = ORIENTED_EDGE ( 'NONE', *, *, #337, .T. ) ;
#234 = DIRECTION ( 'NONE',  ( -0.000000000000000000, -0.7071067811865476838, 0.7071067811865474617 ) ) ;
#235 = EDGE_CURVE ( 'NONE', #948, #1035, #220, .T. ) ;
#236 = DIRECTION ( 'NONE',  ( 1.000000000000000000, 0.000000000000000000, 0.000000000000000000 ) ) ;
#237 = EDGE_LOOP ( 'NONE', ( #818, #1514 ) ) ;
#238 = AXIS2_PLACEMENT_3D ( 'NONE', #57, #1171, #432 ) ;
#239 = DIRECTION ( 'NONE',  ( -1.000000000000000000, 0.000000000000000000, 0.000000000000000000 ) ) ;
#240 = VERTEX_POINT ( 'NONE', #480 ) ;
#241 = AXIS2_PLACEMENT_3D ( 'NONE', #70, #722, #318 ) ;
#242 = FACE_BOUND ( 'NONE', #1100, .T. ) ;
#243 = AXIS2_PLACEMENT_3D ( 'NONE', #341, #837, #1559 ) ;
#244 = EDGE_CURVE ( 'NONE', #1310, #998, #89, .T. ) ;
#245 = DIRECTION ( 'NONE',  ( 0.000000000000000000, 0.000000000000000000, -1.000000000000000000 ) ) ;
#246 = ORIENTED_EDGE ( 'NONE', *, *, #141, .T. ) ;
#247 = DIRECTION ( 'NONE',  ( 0.000000000000000000, 0.000000000000000000, 1.000000000000000000 ) ) ;
#248 = ORIENTED_EDGE ( 'NONE', *, *, #324, .T. ) ;
#249 = FACE_OUTER_BOUND ( 'NONE', #1207, .T. ) ;
#250 = EDGE_LOOP ( 'NONE', ( #72, #514, #890, #396, #539, #1339, #1074, #1438, #268, #144 ) ) ;
#251 = DIRECTION ( 'NONE',  ( -0.000000000000000000, -0.000000000000000000, -1.000000000000000000 ) ) ;
#252 = CARTESIAN_POINT ( 'NONE',  ( -34.00000000000000000, -2.241103642439656682E-15, 18.30000000000000071 ) ) ;
#253 = EDGE_CURVE ( 'NONE', #458, #394, #1188, .T. ) ;
#254 = CARTESIAN_POINT ( 'NONE',  ( -34.00000000000000000, 0.000000000000000000, 0.000000000000000000 ) ) ;
#255 = ORIENTED_EDGE ( 'NONE', *, *, #253, .F. ) ;
#256 = DIRECTION ( 'NONE',  ( 0.000000000000000000, 0.000000000000000000, 1.000000000000000000 ) ) ;
#257 = CARTESIAN_POINT ( 'NONE',  ( -34.00000000000000000, -17.32050807568877460, 11.69999999999999574 ) ) ;
#258 = ORIENTED_EDGE ( 'NONE', *, *, #1440, .T. ) ;
#259 = VECTOR ( 'NONE', #898, 1000.000000000000000 ) ;
#260 = AXIS2_PLACEMENT_3D ( 'NONE', #97, #207, #609 ) ;
#261 = CARTESIAN_POINT ( 'NONE',  ( -40.00000000000000000, -32.00000000000000000, -19.00000000000000355 ) ) ;
#262 = AXIS2_PLACEMENT_3D ( 'NONE', #478, #695, #959 ) ;
#263 = VECTOR ( 'NONE', #1173, 1000.000000000000000 ) ;
#264 = FACE_OUTER_BOUND ( 'NONE', #1063, .T. ) ;
#265 = ADVANCED_FACE ( 'NONE', ( #960 ), #1177, .F. ) ;
#266 = DIRECTION ( 'NONE',  ( 0.000000000000000000, 0.000000000000000000, 1.000000000000000000 ) ) ;
#267 = VECTOR ( 'NONE', #872, 1000.000000000000000 ) ;
#268 = ORIENTED_EDGE ( 'NONE', *, *, #914, .T. ) ;
#269 = CARTESIAN_POINT ( 'NONE',  ( -16.26345596729058940, -16.26345596729059295, -13.00000000000000355 ) ) ;
#270 = VERTEX_POINT ( 'NONE', #814 ) ;
#271 = DIRECTION ( 'NONE',  ( -1.000000000000000000, 0.000000000000000000, 0.000000000000000000 ) ) ;
#272 = DIRECTION ( 'NONE',  ( -1.000000000000000000, -0.000000000000000000, -0.000000000000000000 ) ) ;
#273 = DIRECTION ( 'NONE',  ( 0.000000000000000000, -1.000000000000000000, 0.000000000000000000 ) ) ;
#274 = FACE_BOUND ( 'NONE', #4, .T. ) ;
#275 = EDGE_CURVE ( 'NONE', #294, #1341, #823, .T. ) ;
#276 = ADVANCED_FACE ( 'NONE', ( #319 ), #103, .F. ) ;
#277 = CARTESIAN_POINT ( 'NONE',  ( 7.000000000000000000, 8.572527594031473190E-16, -13.00000000000000355 ) ) ;
#278 = ORIENTED_EDGE ( 'NONE', *, *, #1039, .F. ) ;
#279 = DIRECTION ( 'NONE',  ( 0.000000000000000000, 0.000000000000000000, -1.000000000000000000 ) ) ;
#280 = CARTESIAN_POINT ( 'NONE',  ( -16.26345596729058940, -16.26345596729059295, -13.00000000000000355 ) ) ;
#281 = CARTESIAN_POINT ( 'NONE',  ( -37.79999999999999716, 6.123233995736766282E-16, -5.000000000000000000 ) ) ;
#282 = ORIENTED_EDGE ( 'NONE', *, *, #329, .T. ) ;
#283 = DIRECTION ( 'NONE',  ( 0.000000000000000000, 0.000000000000000000, 1.000000000000000000 ) ) ;
#284 = EDGE_CURVE ( 'NONE', #159, #1282, #728, .T. ) ;
#285 = ORIENTED_EDGE ( 'NONE', *, *, #1077, .T. ) ;
#286 = DIRECTION ( 'NONE',  ( 1.000000000000000000, 0.000000000000000000, 0.000000000000000000 ) ) ;
#287 = FACE_OUTER_BOUND ( 'NONE', #299, .T. ) ;
#288 = DIRECTION ( 'NONE',  ( 1.000000000000000000, 0.000000000000000000, 0.000000000000000000 ) ) ;
#289 = LINE ( 'NONE', #27, #1038 ) ;
#290 = AXIS2_PLACEMENT_3D ( 'NONE', #1502, #1133, #1533 ) ;
#291 = EDGE_CURVE ( 'NONE', #458, #202, #696, .T. ) ;
#292 = ORIENTED_EDGE ( 'NONE', *, *, #842, .T. ) ;
#293 = DIRECTION ( 'NONE',  ( 1.000000000000000000, 0.000000000000000000, 0.000000000000000000 ) ) ;
#294 = VERTEX_POINT ( 'NONE', #1335 ) ;
#295 = DIRECTION ( 'NONE',  ( 0.000000000000000000, 0.000000000000000000, 1.000000000000000000 ) ) ;
#296 = APPROVAL_ROLE ( '' ) ;
#297 = ORIENTED_EDGE ( 'NONE', *, *, #1189, .F. ) ;
#298 = CARTESIAN_POINT ( 'NONE',  ( 32.00000000000000000, -32.00000000000000000, -13.00000000000000355 ) ) ;
#299 = EDGE_LOOP ( 'NONE', ( #1441, #2, #956, #1172 ) ) ;
#300 = CARTESIAN_POINT ( 'NONE',  ( -34.00000000000000000, -2.449293598294706513E-15, 20.00000000000000000 ) ) ;
#301 = CARTESIAN_POINT ( 'NONE',  ( -34.00000000000000000, -33.25966317040631992, 13.77660356514323148 ) ) ;
#302 = VERTEX_POINT ( 'NONE', #1451 ) ;
#303 = DIRECTION ( 'NONE',  ( -1.000000000000000000, 0.000000000000000000, 0.000000000000000000 ) ) ;
#304 = EDGE_LOOP ( 'NONE', ( #733, #764, #226, #567 ) ) ;
#305 = LINE ( 'NONE', #1511, #132 ) ;
#306 = EDGE_CURVE ( 'NONE', #302, #74, #442, .T. ) ;
#307 = CARTESIAN_POINT ( 'NONE',  ( -34.00000000000000000, 33.25966317040631992, 13.77660356514323503 ) ) ;
#308 = PERSON_AND_ORGANIZATION ( #546, #856 ) ;
#309 = EDGE_CURVE ( 'NONE', #1211, #1464, #716, .T. ) ;
#310 = AXIS2_PLACEMENT_3D ( 'NONE', #1274, #531, #504 ) ;
#311 = VECTOR ( 'NONE', #621, 1000.000000000000000 ) ;
#312 = AXIS2_PLACEMENT_3D ( 'NONE', #334, #87, #597 ) ;
#313 = VERTEX_POINT ( 'NONE', #335 ) ;
#314 = VECTOR ( 'NONE', #62, 1000.000000000000000 ) ;
#315 = CYLINDRICAL_SURFACE ( 'NONE', #187, 1.700000000000000178 ) ;
#316 = ORIENTED_EDGE ( 'NONE', *, *, #972, .F. ) ;
#317 = EDGE_LOOP ( 'NONE', ( #608, #82 ) ) ;
#318 = DIRECTION ( 'NONE',  ( -1.000000000000000000, 0.000000000000000000, 0.000000000000000000 ) ) ;
#319 = FACE_OUTER_BOUND ( 'NONE', #1201, .T. ) ;
#320 = SHAPE_DEFINITION_REPRESENTATION ( #1260, #927 ) ;
#321 = DIRECTION ( 'NONE',  ( -1.000000000000000000, -0.000000000000000000, -0.000000000000000000 ) ) ;
#322 = ORIENTED_EDGE ( 'NONE', *, *, #739, .T. ) ;
#323 = DIRECTION ( 'NONE',  ( 1.000000000000000000, 0.000000000000000000, 0.000000000000000000 ) ) ;
#324 = EDGE_CURVE ( 'NONE', #240, #1296, #525, .T. ) ;
#325 = EDGE_LOOP ( 'NONE', ( #762, #1124, #127, #950 ) ) ;
#326 = FACE_OUTER_BOUND ( 'NONE', #46, .T. ) ;
#327 = DIRECTION ( 'NONE',  ( -0.000000000000000000, -0.000000000000000000, -1.000000000000000000 ) ) ;
#328 = DIRECTION ( 'NONE',  ( -0.000000000000000000, -1.000000000000000000, -0.000000000000000000 ) ) ;
#329 = EDGE_CURVE ( 'NONE', #541, #1484, #1394, .T. ) ;
#330 = ORIENTED_EDGE ( 'NONE', *, *, #1494, .T. ) ;
#331 = DIRECTION ( 'NONE',  ( 1.000000000000000000, 0.000000000000000000, 0.000000000000000000 ) ) ;
#332 = ORIENTED_EDGE ( 'NONE', *, *, #742, .T. ) ;
#333 = ADVANCED_FACE ( 'NONE', ( #460 ), #1320, .F. ) ;
#334 = CARTESIAN_POINT ( 'NONE',  ( -34.00000000000000000, -13.77660356514324036, -33.25966317040631282 ) ) ;
#335 = CARTESIAN_POINT ( 'NONE',  ( -37.79999999999999716, 0.000000000000000000, 5.000000000000000000 ) ) ;
#336 = DIRECTION ( 'NONE',  ( 0.000000000000000000, 0.000000000000000000, 1.000000000000000000 ) ) ;
#337 = EDGE_CURVE ( 'NONE', #522, #1567, #877, .T. ) ;
#338 = AXIS2_PLACEMENT_3D ( 'NONE', #843, #1229, #118 ) ;
#339 = CIRCLE ( 'NONE', #1131, 1.700000000000000178 ) ;
#340 = VERTEX_POINT ( 'NONE', #1115 ) ;
#341 = CARTESIAN_POINT ( 'NONE',  ( -16.26345596729059650, 16.26345596729058940, -13.00000000000000355 ) ) ;
#342 = CIRCLE ( 'NONE', #184, 1.700000000000000178 ) ;
#343 = EDGE_LOOP ( 'NONE', ( #864, #693, #142, #467 ) ) ;
#344 = CARTESIAN_POINT ( 'NONE',  ( 17.96345596729059579, -16.26345596729059295, -13.00000000000000355 ) ) ;
#345 = CIRCLE ( 'NONE', #586, 15.15000000000000036 ) ;
#346 = CARTESIAN_POINT ( 'NONE',  ( -34.00000000000000000, -13.77660356514324036, -33.25966317040631282 ) ) ;
#347 = DIRECTION ( 'NONE',  ( 1.000000000000000000, 0.000000000000000000, 0.000000000000000000 ) ) ;
#348 = VERTEX_POINT ( 'NONE', #1376 ) ;
#349 = ORIENTED_EDGE ( 'NONE', *, *, #1070, .T. ) ;
#350 = DIRECTION ( 'NONE',  ( -0.000000000000000000, -0.000000000000000000, -1.000000000000000000 ) ) ;
#351 = PRODUCT_RELATED_PRODUCT_CATEGORY ( 'detail', '', ( #1127 ) ) ;
#352 = CARTESIAN_POINT ( 'NONE',  ( -34.00000000000000000, -33.25966317040631992, 13.77660356514323148 ) ) ;
#353 = CARTESIAN_POINT ( 'NONE',  ( -34.00000000000000000, 0.000000000000000000, 0.000000000000000000 ) ) ;
#354 = ORIENTED_EDGE ( 'NONE', *, *, #1457, .T. ) ;
#355 = CARTESIAN_POINT ( 'NONE',  ( -37.79999999999999716, 1.855339900708240019E-15, -15.15000000000000036 ) ) ;
#356 = ORIENTED_EDGE ( 'NONE', *, *, #1364, .F. ) ;
#357 = CARTESIAN_POINT ( 'NONE',  ( -40.00000000000000000, 32.00000000000000000, -19.00000000000000355 ) ) ;
#358 = ORIENTED_EDGE ( 'NONE', *, *, #1412, .T. ) ;
#359 = FACE_OUTER_BOUND ( 'NONE', #516, .T. ) ;
#360 = EDGE_CURVE ( 'NONE', #997, #1296, #757, .T. ) ;
#361 = AXIS2_PLACEMENT_3D ( 'NONE', #1059, #1299, #1210 ) ;
#362 = ORIENTED_EDGE ( 'NONE', *, *, #462, .F. ) ;
#363 = LOCAL_TIME ( 11, 9, 50.00000000000000000, #1293 ) ;
#364 = CARTESIAN_POINT ( 'NONE',  ( 16.26345596729058585, 16.26345596729059650, -13.00000000000000355 ) ) ;
#365 = ORIENTED_EDGE ( 'NONE', *, *, #253, .T. ) ;
#366 = CIRCLE ( 'NONE', #988, 1.700000000000000178 ) ;
#367 = FACE_BOUND ( 'NONE', #769, .T. ) ;
#368 = AXIS2_PLACEMENT_3D ( 'NONE', #729, #347, #855 ) ;
#369 = DIRECTION ( 'NONE',  ( -1.000000000000000000, 0.000000000000000000, 0.000000000000000000 ) ) ;
#370 = EDGE_LOOP ( 'NONE', ( #1046, #575 ) ) ;
#371 = ADVANCED_FACE ( 'NONE', ( #1468, #977, #242, #1352, #367, #490 ), #7, .T. ) ;
#372 = CARTESIAN_POINT ( 'NONE',  ( -7.000000000000000000, 0.000000000000000000, -13.00000000000000355 ) ) ;
#373 = ORIENTED_EDGE ( 'NONE', *, *, #1068, .T. ) ;
#374 = CARTESIAN_POINT ( 'NONE',  ( -34.00000000000000000, 32.00000000000000000, -15.03626673554954962 ) ) ;
#375 = CARTESIAN_POINT ( 'NONE',  ( -16.26345596729059650, 16.26345596729058940, -13.00000000000000355 ) ) ;
#376 = FACE_OUTER_BOUND ( 'NONE', #1486, .T. ) ;
#377 = ORIENTED_EDGE ( 'NONE', *, *, #454, .F. ) ;
#378 = EDGE_LOOP ( 'NONE', ( #1338, #1560, #610, #425 ) ) ;
#379 = DIRECTION ( 'NONE',  ( -0.000000000000000000, -0.000000000000000000, -1.000000000000000000 ) ) ;
#380 = ORIENTED_EDGE ( 'NONE', *, *, #206, .F. ) ;
#381 = DIRECTION ( 'NONE',  ( -0.000000000000000000, 0.7071067811865476838, 0.7071067811865474617 ) ) ;
#382 = CARTESIAN_POINT ( 'NONE',  ( -34.00000000000000000, 33.25966317040631992, -13.77660356514322793 ) ) ;
#383 = CARTESIAN_POINT ( 'NONE',  ( -40.00000000000000000, -2.449293598294706513E-15, 20.00000000000000000 ) ) ;
#384 = EDGE_CURVE ( 'NONE', #429, #828, #25, .T. ) ;
#385 = VERTEX_POINT ( 'NONE', #1478 ) ;
#386 = DIRECTION ( 'NONE',  ( 0.000000000000000000, 0.000000000000000000, -1.000000000000000000 ) ) ;
#387 = EDGE_LOOP ( 'NONE', ( #1363, #491, #520, #1268 ) ) ;
#388 = LINE ( 'NONE', #115, #886 ) ;
#389 = AXIS2_PLACEMENT_3D ( 'NONE', #254, #17, #138 ) ;
#390 = DIRECTION ( 'NONE',  ( -0.000000000000000000, 1.000000000000000000, -0.000000000000000000 ) ) ;
#391 = AXIS2_PLACEMENT_3D ( 'NONE', #96, #469, #1185 ) ;
#392 = CYLINDRICAL_SURFACE ( 'NONE', #832, 1.700000000000000178 ) ;
#393 = CARTESIAN_POINT ( 'NONE',  ( 16.26345596729058585, 16.26345596729059650, -19.00000000000000355 ) ) ;
#394 = VERTEX_POINT ( 'NONE', #1126 ) ;
#395 = FACE_OUTER_BOUND ( 'NONE', #642, .T. ) ;
#396 = ORIENTED_EDGE ( 'NONE', *, *, #1167, .T. ) ;
#397 = DIRECTION ( 'NONE',  ( 0.000000000000000000, 0.000000000000000000, 1.000000000000000000 ) ) ;
#398 = ORIENTED_EDGE ( 'NONE', *, *, #791, .T. ) ;
#399 = ADVANCED_FACE ( 'NONE', ( #249 ), #646, .F. ) ;
#400 = DIRECTION ( 'NONE',  ( 0.000000000000000000, 0.000000000000000000, 1.000000000000000000 ) ) ;
#401 = DIRECTION ( 'NONE',  ( 0.000000000000000000, 0.000000000000000000, 1.000000000000000000 ) ) ;
#402 = ADVANCED_FACE ( 'NONE', ( #500 ), #31, .F. ) ;
#403 = CARTESIAN_POINT ( 'NONE',  ( -34.00000000000000000, 13.77660356514322082, -33.25966317040631992 ) ) ;
#404 = ORIENTED_EDGE ( 'NONE', *, *, #431, .F. ) ;
#405 = DIRECTION ( 'NONE',  ( 0.000000000000000000, 1.000000000000000000, 0.000000000000000000 ) ) ;
#406 = DIRECTION ( 'NONE',  ( -1.000000000000000000, 0.000000000000000000, 0.000000000000000000 ) ) ;
#407 = ADVANCED_FACE ( 'NONE', ( #1232 ), #517, .F. ) ;
#408 = LINE ( 'NONE', #1273, #1236 ) ;
#409 = CARTESIAN_POINT ( 'NONE',  ( -34.00000000000000000, -17.32050807568877460, 9.999999999999994671 ) ) ;
#410 = ORIENTED_EDGE ( 'NONE', *, *, #1029, .F. ) ;
#411 = DIRECTION ( 'NONE',  ( 1.000000000000000000, 0.000000000000000000, 0.000000000000000000 ) ) ;
#412 = VERTEX_POINT ( 'NONE', #638 ) ;
#413 = CARTESIAN_POINT ( 'NONE',  ( -40.00000000000000000, 17.32050807568877460, -11.70000000000000284 ) ) ;
#414 = AXIS2_PLACEMENT_3D ( 'NONE', #18, #1368, #518 ) ;
#415 = DIRECTION ( 'NONE',  ( 0.000000000000000000, 0.000000000000000000, -1.000000000000000000 ) ) ;
#416 = VERTEX_POINT ( 'NONE', #1588 ) ;
#417 = AXIS2_PLACEMENT_3D ( 'NONE', #383, #1261, #649 ) ;
#418 = CIRCLE ( 'NONE', #605, 1.700000000000000178 ) ;
#419 = AXIS2_PLACEMENT_3D ( 'NONE', #280, #792, #1283 ) ;
#420 = AXIS2_PLACEMENT_3D ( 'NONE', #1012, #719, #212 ) ;
#421 = EDGE_CURVE ( 'NONE', #348, #13, #1219, .T. ) ;
#422 = EDGE_CURVE ( 'NONE', #1265, #1118, #418, .T. ) ;
#423 = ORIENTED_EDGE ( 'NONE', *, *, #167, .F. ) ;
#424 = CARTESIAN_POINT ( 'NONE',  ( -34.00000000000000000, 13.77660356514322082, -33.25966317040631992 ) ) ;
#425 = ORIENTED_EDGE ( 'NONE', *, *, #809, .T. ) ;
#426 = FACE_OUTER_BOUND ( 'NONE', #1175, .T. ) ;
#427 = ORIENTED_EDGE ( 'NONE', *, *, #742, .F. ) ;
#428 = FACE_OUTER_BOUND ( 'NONE', #1582, .T. ) ;
#429 = VERTEX_POINT ( 'NONE', #374 ) ;
#430 = DIRECTION ( 'NONE',  ( 1.000000000000000000, 0.000000000000000000, 0.000000000000000000 ) ) ;
#431 = EDGE_CURVE ( 'NONE', #348, #522, #1119, .T. ) ;
#432 = DIRECTION ( 'NONE',  ( 1.000000000000000000, 0.000000000000000000, 0.000000000000000000 ) ) ;
#433 = DATE_AND_TIME ( #1307, #131 ) ;
#434 = ORIENTED_EDGE ( 'NONE', *, *, #112, .T. ) ;
#435 = DIRECTION ( 'NONE',  ( -1.000000000000000000, -0.000000000000000000, -0.000000000000000000 ) ) ;
#436 = EDGE_LOOP ( 'NONE', ( #737, #720 ) ) ;
#437 = ORIENTED_EDGE ( 'NONE', *, *, #1471, .F. ) ;
#438 = DIRECTION ( 'NONE',  ( 0.000000000000000000, 0.000000000000000000, 1.000000000000000000 ) ) ;
#439 = DIRECTION ( 'NONE',  ( 0.000000000000000000, 0.000000000000000000, -1.000000000000000000 ) ) ;
#440 = AXIS2_PLACEMENT_3D ( 'NONE', #620, #1104, #983 ) ;
#441 = LOCAL_TIME ( 11, 9, 50.00000000000000000, #1417 ) ;
#442 = CIRCLE ( 'NONE', #183, 1.700000000000000178 ) ;
#443 = CARTESIAN_POINT ( 'NONE',  ( -40.00000000000000000, -17.32050807568877460, -10.00000000000000178 ) ) ;
#444 = VECTOR ( 'NONE', #1317, 1000.000000000000000 ) ;
#445 = ORIENTED_EDGE ( 'NONE', *, *, #799, .T. ) ;
#446 = CIRCLE ( 'NONE', #1348, 1.700000000000000178 ) ;
#447 = CARTESIAN_POINT ( 'NONE',  ( -34.00000000000000000, -17.32050807568877460, -10.00000000000000178 ) ) ;
#448 = VERTEX_POINT ( 'NONE', #261 ) ;
#449 = ORIENTED_EDGE ( 'NONE', *, *, #284, .F. ) ;
#450 = LINE ( 'NONE', #951, #963 ) ;
#451 = CARTESIAN_POINT ( 'NONE',  ( 14.56345596729059366, -16.26345596729059295, -13.00000000000000355 ) ) ;
#452 = APPROVAL_STATUS ( 'not_yet_approved' ) ;
#453 = CARTESIAN_POINT ( 'NONE',  ( -34.00000000000000000, -13.77660356514324036, -33.25966317040631282 ) ) ;
#454 = EDGE_CURVE ( 'NONE', #569, #166, #1461, .T. ) ;
#455 = ORIENTED_EDGE ( 'NONE', *, *, #840, .F. ) ;
#456 = DIRECTION ( 'NONE',  ( 0.000000000000000000, 0.000000000000000000, -1.000000000000000000 ) ) ;
#457 = ORIENTED_EDGE ( 'NONE', *, *, #1521, .T. ) ;
#458 = VERTEX_POINT ( 'NONE', #885 ) ;
#459 = CYLINDRICAL_SURFACE ( 'NONE', #241, 1.700000000000000178 ) ;
#460 = FACE_OUTER_BOUND ( 'NONE', #69, .T. ) ;
#461 = EDGE_CURVE ( 'NONE', #166, #522, #1096, .T. ) ;
#462 = EDGE_CURVE ( 'NONE', #1011, #385, #1500, .T. ) ;
#463 = DIRECTION ( 'NONE',  ( 0.000000000000000000, 0.000000000000000000, -1.000000000000000000 ) ) ;
#464 = EDGE_LOOP ( 'NONE', ( #1289, #1558, #1169, #1313 ) ) ;
#465 = LINE ( 'NONE', #1166, #1469 ) ;
#466 = EDGE_CURVE ( 'NONE', #1421, #92, #582, .T. ) ;
#467 = ORIENTED_EDGE ( 'NONE', *, *, #1364, .T. ) ;
#468 = ORIENTED_EDGE ( 'NONE', *, *, #1407, .F. ) ;
#469 = DIRECTION ( 'NONE',  ( 1.000000000000000000, 0.000000000000000000, 0.000000000000000000 ) ) ;
#470 = DIRECTION ( 'NONE',  ( -0.000000000000000000, 0.7071067811865473507, -0.7071067811865477948 ) ) ;
#471 = DIRECTION ( 'NONE',  ( -1.000000000000000000, 0.000000000000000000, 0.000000000000000000 ) ) ;
#472 = AXIS2_PLACEMENT_3D ( 'NONE', #1361, #256, #43 ) ;
#473 = AXIS2_PLACEMENT_3D ( 'NONE', #230, #952, #830 ) ;
#474 = CC_DESIGN_DATE_AND_TIME_ASSIGNMENT ( #1536, #816, ( #969 ) ) ;
#475 = CARTESIAN_POINT ( 'NONE',  ( 16.26345596729058585, 16.26345596729059650, -13.00000000000000355 ) ) ;
#476 = CIRCLE ( 'NONE', #681, 1.700000000000000178 ) ;
#477 = CIRCLE ( 'NONE', #529, 1.700000000000000178 ) ;
#478 = CARTESIAN_POINT ( 'NONE',  ( 16.26345596729059295, -16.26345596729059295, -19.00000000000000355 ) ) ;
#479 = VECTOR ( 'NONE', #111, 1000.000000000000000 ) ;
#480 = CARTESIAN_POINT ( 'NONE',  ( -40.00000000000000000, 17.32050807568877460, -8.300000000000002487 ) ) ;
#481 = FACE_OUTER_BOUND ( 'NONE', #1073, .T. ) ;
#482 = LINE ( 'NONE', #372, #1501 ) ;
#483 = ORIENTED_EDGE ( 'NONE', *, *, #874, .T. ) ;
#484 = DIRECTION ( 'NONE',  ( -0.000000000000000000, 0.7071067811865477948, 0.7071067811865473507 ) ) ;
#485 = EDGE_CURVE ( 'NONE', #803, #1381, #909, .T. ) ;
#486 = CARTESIAN_POINT ( 'NONE',  ( -34.00000000000000000, 17.32050807568877460, -8.300000000000002487 ) ) ;
#487 = ORIENTED_EDGE ( 'NONE', *, *, #1435, .T. ) ;
#488 = CARTESIAN_POINT ( 'NONE',  ( -34.00000000000000000, -28.03626673554954607, -19.00000000000000355 ) ) ;
#489 = ORIENTED_EDGE ( 'NONE', *, *, #1189, .T. ) ;
#490 = FACE_OUTER_BOUND ( 'NONE', #75, .T. ) ;
#491 = ORIENTED_EDGE ( 'NONE', *, *, #1125, .T. ) ;
#492 = CARTESIAN_POINT ( 'NONE',  ( -40.00000000000000000, 1.374772708486753814, -19.00000000000000355 ) ) ;
#493 = CARTESIAN_POINT ( 'NONE',  ( -40.00000000000000000, -17.32050807568877460, 8.299999999999995381 ) ) ;
#494 = VECTOR ( 'NONE', #767, 1000.000000000000000 ) ;
#495 = VECTOR ( 'NONE', #1140, 1000.000000000000000 ) ;
#496 = AXIS2_PLACEMENT_3D ( 'NONE', #1237, #266, #140 ) ;
#497 = DIRECTION ( 'NONE',  ( 0.000000000000000000, 0.000000000000000000, 1.000000000000000000 ) ) ;
#498 = ORIENTED_EDGE ( 'NONE', *, *, #946, .F. ) ;
#499 = AXIS2_PLACEMENT_3D ( 'NONE', #364, #247, #770 ) ;
#500 = FACE_OUTER_BOUND ( 'NONE', #1180, .T. ) ;
#501 = AXIS2_PLACEMENT_3D ( 'NONE', #1069, #1428, #279 ) ;
#502 = PLANE ( 'NONE',  #805 ) ;
#503 = EDGE_CURVE ( 'NONE', #385, #1011, #1522, .T. ) ;
#504 = DIRECTION ( 'NONE',  ( 1.000000000000000000, 0.000000000000000000, 0.000000000000000000 ) ) ;
#505 = ORIENTED_EDGE ( 'NONE', *, *, #1164, .T. ) ;
#506 = CARTESIAN_POINT ( 'NONE',  ( -16.26345596729059650, 16.26345596729058940, -19.00000000000000355 ) ) ;
#507 = VERTEX_POINT ( 'NONE', #1402 ) ;
#508 = CARTESIAN_POINT ( 'NONE',  ( 16.26345596729058585, 16.26345596729059650, -13.00000000000000355 ) ) ;
#509 = EDGE_CURVE ( 'NONE', #801, #1358, #1161, .T. ) ;
#510 = DIRECTION ( 'NONE',  ( 1.000000000000000000, 0.000000000000000000, 0.000000000000000000 ) ) ;
#511 = APPLICATION_PROTOCOL_DEFINITION ( 'international standard', 'config_control_design', 1994, #1392 ) ;
#512 = EDGE_CURVE ( 'NONE', #974, #948, #305, .T. ) ;
#513 = ORIENTED_EDGE ( 'NONE', *, *, #461, .F. ) ;
#514 = ORIENTED_EDGE ( 'NONE', *, *, #90, .F. ) ;
#515 = DIRECTION ( 'NONE',  ( -1.000000000000000000, 0.000000000000000000, 0.000000000000000000 ) ) ;
#516 = EDGE_LOOP ( 'NONE', ( #322, #1312, #1101, #920 ) ) ;
#517 = CYLINDRICAL_SURFACE ( 'NONE', #780, 1.700000000000000178 ) ;
#518 = DIRECTION ( 'NONE',  ( 0.000000000000000000, 0.000000000000000000, -1.000000000000000000 ) ) ;
#519 = FACE_BOUND ( 'NONE', #1334, .T. ) ;
#520 = ORIENTED_EDGE ( 'NONE', *, *, #958, .F. ) ;
#521 = PLANE ( 'NONE',  #420 ) ;
#522 = VERTEX_POINT ( 'NONE', #688 ) ;
#523 = EDGE_CURVE ( 'NONE', #1053, #1044, #65, .T. ) ;
#524 = LOCAL_TIME ( 11, 9, 50.00000000000000000, #808 ) ;
#525 = CIRCLE ( 'NONE', #473, 1.700000000000000178 ) ;
#526 = FACE_OUTER_BOUND ( 'NONE', #712, .T. ) ;
#527 = AXIS2_PLACEMENT_3D ( 'NONE', #269, #1088, #747 ) ;
#528 = ADVANCED_FACE ( 'NONE', ( #564 ), #1170, .F. ) ;
#529 = AXIS2_PLACEMENT_3D ( 'NONE', #779, #411, #788 ) ;
#530 = FACE_OUTER_BOUND ( 'NONE', #1209, .T. ) ;
#531 = DIRECTION ( 'NONE',  ( 0.000000000000000000, 0.000000000000000000, 1.000000000000000000 ) ) ;
#532 = EDGE_LOOP ( 'NONE', ( #850, #1017, #810, #639, #114, #455 ) ) ;
#533 = ADVANCED_FACE ( 'NONE', ( #1259 ), #663, .F. ) ;
#534 = DIRECTION ( 'NONE',  ( -0.000000000000000000, 2.518361608903234722E-16, 1.000000000000000000 ) ) ;
#535 = ORIENTED_EDGE ( 'NONE', *, *, #235, .F. ) ;
#536 = CARTESIAN_POINT ( 'NONE',  ( -40.00000000000000000, 33.25966317040631992, 13.77660356514323503 ) ) ;
#537 = DIRECTION ( 'NONE',  ( 1.000000000000000000, 0.000000000000000000, 0.000000000000000000 ) ) ;
#538 =( LENGTH_UNIT ( ) NAMED_UNIT ( * ) SI_UNIT ( .MILLI., .METRE. ) );
#539 = ORIENTED_EDGE ( 'NONE', *, *, #1136, .T. ) ;
#540 = CARTESIAN_POINT ( 'NONE',  ( -34.00000000000000000, 17.32050807568877104, 8.300000000000009592 ) ) ;
#541 = VERTEX_POINT ( 'NONE', #1390 ) ;
#542 = CARTESIAN_POINT ( 'NONE',  ( -34.00000000000000000, 17.32050807568877104, 11.70000000000000817 ) ) ;
#543 = CARTESIAN_POINT ( 'NONE',  ( -34.00000000000000000, 0.000000000000000000, 0.000000000000000000 ) ) ;
#544 = CARTESIAN_POINT ( 'NONE',  ( 32.00000000000000000, -32.00000000000000000, -19.00000000000000355 ) ) ;
#545 = ADVANCED_FACE ( 'NONE', ( #526 ), #891, .F. ) ;
#546 = PERSON ( 'UNSPECIFIED', 'UNSPECIFIED', 'UNSPECIFIED', ('UNSPECIFIED'), ('UNSPECIFIED'), ('UNSPECIFIED') ) ;
#547 = EDGE_LOOP ( 'NONE', ( #1458, #297 ) ) ;
#548 = DIRECTION ( 'NONE',  ( 0.000000000000000000, 0.000000000000000000, -1.000000000000000000 ) ) ;
#549 = ORIENTED_EDGE ( 'NONE', *, *, #99, .F. ) ;
#550 = DIRECTION ( 'NONE',  ( 0.000000000000000000, 0.000000000000000000, -1.000000000000000000 ) ) ;
#551 = CARTESIAN_POINT ( 'NONE',  ( -34.00000000000000000, 17.32050807568877460, -10.00000000000000178 ) ) ;
#552 = AXIS2_PLACEMENT_3D ( 'NONE', #1570, #1079, #471 ) ;
#553 = VECTOR ( 'NONE', #1403, 1000.000000000000000 ) ;
#554 = CARTESIAN_POINT ( 'NONE',  ( -14.56345596729059721, 16.26345596729058940, -13.00000000000000355 ) ) ;
#555 = AXIS2_PLACEMENT_3D ( 'NONE', #1343, #736, #116 ) ;
#556 = PERSON_AND_ORGANIZATION_ROLE ( 'creator' ) ;
#557 = CIRCLE ( 'NONE', #1215, 1.700000000000000178 ) ;
#558 = ADVANCED_FACE ( 'NONE', ( #171 ), #1504, .F. ) ;
#559 = VECTOR ( 'NONE', #1510, 1000.000000000000000 ) ;
#560 = ORIENTED_EDGE ( 'NONE', *, *, #1194, .F. ) ;
#561 = CYLINDRICAL_SURFACE ( 'NONE', #708, 1.700000000000000178 ) ;
#562 = EDGE_CURVE ( 'NONE', #1566, #1567, #1037, .T. ) ;
#563 = ORIENTED_EDGE ( 'NONE', *, *, #1585, .F. ) ;
#564 = FACE_OUTER_BOUND ( 'NONE', #637, .T. ) ;
#565 = FACE_BOUND ( 'NONE', #1414, .T. ) ;
#566 = APPROVAL ( #174, 'UNSPECIFIED' ) ;
#567 = ORIENTED_EDGE ( 'NONE', *, *, #840, .T. ) ;
#568 = FACE_OUTER_BOUND ( 'NONE', #1366, .T. ) ;
#569 = VERTEX_POINT ( 'NONE', #924 ) ;
#570 = DIRECTION ( 'NONE',  ( 0.000000000000000000, 0.000000000000000000, 1.000000000000000000 ) ) ;
#571 = DIRECTION ( 'NONE',  ( 0.000000000000000000, 0.000000000000000000, 1.000000000000000000 ) ) ;
#572 = COORDINATED_UNIVERSAL_TIME_OFFSET ( 5, 30, .AHEAD. ) ;
#573 = VERTEX_POINT ( 'NONE', #656 ) ;
#574 = LINE ( 'NONE', #1052, #1554 ) ;
#575 = ORIENTED_EDGE ( 'NONE', *, *, #1235, .F. ) ;
#576 = VERTEX_POINT ( 'NONE', #1518 ) ;
#577 = CYLINDRICAL_SURFACE ( 'NONE', #1108, 5.000000000000000000 ) ;
#578 = CARTESIAN_POINT ( 'NONE',  ( -40.00000000000000000, -2.449293598294706513E-15, 20.00000000000000000 ) ) ;
#579 = EDGE_CURVE ( 'NONE', #51, #1224, #342, .T. ) ;
#580 = VECTOR ( 'NONE', #327, 1000.000000000000000 ) ;
#581 = COORDINATED_UNIVERSAL_TIME_OFFSET ( 5, 30, .AHEAD. ) ;
#582 = CIRCLE ( 'NONE', #555, 1.700000000000000178 ) ;
#583 = LINE ( 'NONE', #453, #559 ) ;
#584 = AXIS2_PLACEMENT_3D ( 'NONE', #1405, #1281, #674 ) ;
#585 = ORIENTED_EDGE ( 'NONE', *, *, #1541, .F. ) ;
#586 = AXIS2_PLACEMENT_3D ( 'NONE', #98, #236, #245 ) ;
#587 = DIRECTION ( 'NONE',  ( -0.000000000000000000, -0.000000000000000000, -1.000000000000000000 ) ) ;
#588 = ORIENTED_EDGE ( 'NONE', *, *, #1148, .F. ) ;
#589 = ADVANCED_FACE ( 'NONE', ( #287 ), #1138, .F. ) ;
#590 = DIRECTION ( 'NONE',  ( 0.000000000000000000, 0.000000000000000000, -1.000000000000000000 ) ) ;
#591 = CARTESIAN_POINT ( 'NONE',  ( -37.79999999999999716, 0.000000000000000000, 0.000000000000000000 ) ) ;
#592 = DIRECTION ( 'NONE',  ( 0.000000000000000000, 0.000000000000000000, -1.000000000000000000 ) ) ;
#593 = ORIENTED_EDGE ( 'NONE', *, *, #946, .T. ) ;
#594 = PLANE ( 'NONE',  #657 ) ;
#595 = VERTEX_POINT ( 'NONE', #910 ) ;
#596 = ORIENTED_EDGE ( 'NONE', *, *, #1585, .T. ) ;
#597 = DIRECTION ( 'NONE',  ( 0.000000000000000000, -0.7071067811865473507, 0.7071067811865477948 ) ) ;
#598 = DIRECTION ( 'NONE',  ( 1.000000000000000000, 0.000000000000000000, 0.000000000000000000 ) ) ;
#599 = APPROVAL ( #824, 'UNSPECIFIED' ) ;
#600 = LINE ( 'NONE', #1439, #1321 ) ;
#601 = ORIENTED_EDGE ( 'NONE', *, *, #562, .F. ) ;
#602 = CARTESIAN_POINT ( 'NONE',  ( -34.00000000000000000, -17.32050807568877460, -10.00000000000000178 ) ) ;
#603 = DIRECTION ( 'NONE',  ( 0.000000000000000000, 0.7071067811865476838, -0.7071067811865474617 ) ) ;
#604 = APPROVAL_PERSON_ORGANIZATION ( #308, #682, #296 ) ;
#605 = AXIS2_PLACEMENT_3D ( 'NONE', #508, #1000, #123 ) ;
#606 = ADVANCED_FACE ( 'NONE', ( #164 ), #1147, .F. ) ;
#607 = LINE ( 'NONE', #627, #1264 ) ;
#608 = ORIENTED_EDGE ( 'NONE', *, *, #185, .T. ) ;
#609 = DIRECTION ( 'NONE',  ( -1.000000000000000000, 0.000000000000000000, -0.000000000000000000 ) ) ;
#610 = ORIENTED_EDGE ( 'NONE', *, *, #244, .T. ) ;
#611 = DIRECTION ( 'NONE',  ( -1.000000000000000000, -0.000000000000000000, -0.000000000000000000 ) ) ;
#612 = ORIENTED_EDGE ( 'NONE', *, *, #1412, .F. ) ;
#613 = DIRECTION ( 'NONE',  ( 1.000000000000000000, 0.000000000000000000, 0.000000000000000000 ) ) ;
#614 = ORIENTED_EDGE ( 'NONE', *, *, #461, .T. ) ;
#615 = DIRECTION ( 'NONE',  ( -1.000000000000000000, -0.000000000000000000, -0.000000000000000000 ) ) ;
#616 = FACE_BOUND ( 'NONE', #436, .T. ) ;
#617 = CARTESIAN_POINT ( 'NONE',  ( -34.00000000000000000, -17.32050807568877460, 11.69999999999999574 ) ) ;
#618 = DIRECTION ( 'NONE',  ( -0.000000000000000000, -0.000000000000000000, -1.000000000000000000 ) ) ;
#619 = ORIENTED_EDGE ( 'NONE', *, *, #431, .T. ) ;
#620 = CARTESIAN_POINT ( 'NONE',  ( 0.000000000000000000, 0.000000000000000000, -19.00000000000000355 ) ) ;
#621 = DIRECTION ( 'NONE',  ( -0.000000000000000000, 1.000000000000000000, -2.518361608903234722E-16 ) ) ;
#622 = CARTESIAN_POINT ( 'NONE',  ( 0.000000000000000000, 0.000000000000000000, -13.00000000000000355 ) ) ;
#623 = AXIS2_PLACEMENT_3D ( 'NONE', #1400, #653, #40 ) ;
#624 = ORIENTED_EDGE ( 'NONE', *, *, #227, .F. ) ;
#625 = SECURITY_CLASSIFICATION ( '', '', #1049 ) ;
#626 = AXIS2_PLACEMENT_3D ( 'NONE', #784, #1272, #804 ) ;
#627 = CARTESIAN_POINT ( 'NONE',  ( 32.00000000000000000, -32.00000000000000000, -13.00000000000000355 ) ) ;
#628 = ORIENTED_EDGE ( 'NONE', *, *, #1109, .T. ) ;
#629 = VECTOR ( 'NONE', #921, 1000.000000000000000 ) ;
#630 = ADVANCED_FACE ( 'NONE', ( #426 ), #671, .F. ) ;
#631 = CARTESIAN_POINT ( 'NONE',  ( -34.00000000000000000, 17.32050807568877460, -11.70000000000000284 ) ) ;
#632 = AXIS2_PLACEMENT_3D ( 'NONE', #443, #1258, #550 ) ;
#633 = CARTESIAN_POINT ( 'NONE',  ( -34.00000000000000000, -17.32050807568877460, -11.70000000000000284 ) ) ;
#634 = CARTESIAN_POINT ( 'NONE',  ( -34.00000000000000000, -32.00000000000000000, 0.000000000000000000 ) ) ;
#635 = ORIENTED_EDGE ( 'NONE', *, *, #503, .T. ) ;
#636 = DIRECTION ( 'NONE',  ( -0.000000000000000000, -0.000000000000000000, -1.000000000000000000 ) ) ;
#637 = EDGE_LOOP ( 'NONE', ( #468, #173, #330, #137 ) ) ;
#638 = CARTESIAN_POINT ( 'NONE',  ( 17.96345596729059579, -16.26345596729059295, -19.00000000000000355 ) ) ;
#639 = ORIENTED_EDGE ( 'NONE', *, *, #1349, .T. ) ;
#640 = CARTESIAN_POINT ( 'NONE',  ( -34.00000000000000000, 0.000000000000000000, -13.00000000000000355 ) ) ;
#641 = LINE ( 'NONE', #1141, #267 ) ;
#642 = EDGE_LOOP ( 'NONE', ( #1227, #246, #53, #849 ) ) ;
#643 = LINE ( 'NONE', #1123, #35 ) ;
#644 = EDGE_CURVE ( 'NONE', #313, #1539, #1395, .T. ) ;
#645 = ORIENTED_EDGE ( 'NONE', *, *, #1572, .T. ) ;
#646 = PLANE ( 'NONE',  #679 ) ;
#647 = ORIENTED_EDGE ( 'NONE', *, *, #42, .T. ) ;
#648 = FACE_BOUND ( 'NONE', #547, .T. ) ;
#649 = DIRECTION ( 'NONE',  ( 0.000000000000000000, 0.000000000000000000, -1.000000000000000000 ) ) ;
#650 = CARTESIAN_POINT ( 'NONE',  ( -34.00000000000000000, 6.123233995736766282E-16, -5.000000000000000000 ) ) ;
#651 = AXIS2_PLACEMENT_3D ( 'NONE', #1292, #1391, #1529 ) ;
#652 = VERTEX_POINT ( 'NONE', #703 ) ;
#653 = DIRECTION ( 'NONE',  ( 1.000000000000000000, 0.000000000000000000, 0.000000000000000000 ) ) ;
#654 = ADVANCED_FACE ( 'NONE', ( #1305 ), #459, .F. ) ;
#655 = AXIS2_PLACEMENT_3D ( 'NONE', #1162, #726, #1423 ) ;
#656 = CARTESIAN_POINT ( 'NONE',  ( 32.00000000000000000, 32.00000000000000000, -13.00000000000000355 ) ) ;
#657 = AXIS2_PLACEMENT_3D ( 'NONE', #685, #1325, #1419 ) ;
#658 = CARTESIAN_POINT ( 'NONE',  ( 32.00000000000000000, 32.00000000000000000, -19.00000000000000355 ) ) ;
#659 = ORIENTED_EDGE ( 'NONE', *, *, #324, .F. ) ;
#660 = CARTESIAN_POINT ( 'NONE',  ( -34.00000000000000000, 17.32050807568877460, -11.70000000000000284 ) ) ;
#661 = ORIENTED_EDGE ( 'NONE', *, *, #309, .F. ) ;
#662 = CARTESIAN_POINT ( 'NONE',  ( -34.00000000000000000, -33.25966317040631992, -13.77660356514322260 ) ) ;
#663 = CYLINDRICAL_SURFACE ( 'NONE', #807, 1.700000000000000178 ) ;
#664 = EDGE_CURVE ( 'NONE', #1464, #412, #753, .T. ) ;
#665 = ADVANCED_FACE ( 'NONE', ( #1442 ), #1328, .F. ) ;
#666 = CARTESIAN_POINT ( 'NONE',  ( -34.00000000000000000, -32.00000000000000000, -15.03626673554954429 ) ) ;
#667 = ORIENTED_EDGE ( 'NONE', *, *, #677, .T. ) ;
#668 = DIRECTION ( 'NONE',  ( 1.000000000000000000, 0.000000000000000000, 0.000000000000000000 ) ) ;
#669 = VERTEX_POINT ( 'NONE', #1561 ) ;
#670 = LINE ( 'NONE', #162, #1573 ) ;
#671 = CYLINDRICAL_SURFACE ( 'NONE', #1450, 1.700000000000000178 ) ;
#672 = CALENDAR_DATE ( 2026, 24, 9 ) ;
#673 = ORIENTED_EDGE ( 'NONE', *, *, #422, .F. ) ;
#674 = DIRECTION ( 'NONE',  ( 0.000000000000000000, 0.000000000000000000, 1.000000000000000000 ) ) ;
#675 = EDGE_LOOP ( 'NONE', ( #122, #1373, #1206, #1145 ) ) ;
#676 = DIRECTION ( 'NONE',  ( 0.000000000000000000, 0.7071067811865474617, 0.7071067811865474617 ) ) ;
#677 = EDGE_CURVE ( 'NONE', #1404, #576, #232, .T. ) ;
#678 = AXIS2_PLACEMENT_3D ( 'NONE', #409, #147, #1002 ) ;
#679 = AXIS2_PLACEMENT_3D ( 'NONE', #766, #1007, #743 ) ;
#680 = LINE ( 'NONE', #165, #553 ) ;
#681 = AXIS2_PLACEMENT_3D ( 'NONE', #1553, #570, #845 ) ;
#682 = APPROVAL ( #452, 'UNSPECIFIED' ) ;
#683 = AXIS2_PLACEMENT_3D ( 'NONE', #45, #293, #548 ) ;
#684 = ORIENTED_EDGE ( 'NONE', *, *, #275, .T. ) ;
#685 = CARTESIAN_POINT ( 'NONE',  ( -34.00000000000000000, 33.25966317040631992, 13.77660356514323503 ) ) ;
#686 = ORIENTED_EDGE ( 'NONE', *, *, #49, .T. ) ;
#687 = ORIENTED_EDGE ( 'NONE', *, *, #644, .F. ) ;
#688 = CARTESIAN_POINT ( 'NONE',  ( -40.00000000000000000, 32.00000000000000000, -19.00000000000000355 ) ) ;
#689 = DIRECTION ( 'NONE',  ( -1.000000000000000000, -0.000000000000000000, -0.000000000000000000 ) ) ;
#690 = PERSON_AND_ORGANIZATION_ROLE ( 'design_owner' ) ;
#691 = ORIENTED_EDGE ( 'NONE', *, *, #1097, .T. ) ;
#692 = DIRECTION ( 'NONE',  ( -0.000000000000000000, -0.000000000000000000, -1.000000000000000000 ) ) ;
#693 = ORIENTED_EDGE ( 'NONE', *, *, #989, .F. ) ;
#694 = EDGE_CURVE ( 'NONE', #270, #1526, #450, .T. ) ;
#695 = DIRECTION ( 'NONE',  ( 0.000000000000000000, 0.000000000000000000, 1.000000000000000000 ) ) ;
#696 = LINE ( 'NONE', #352, #1159 ) ;
#697 = APPROVAL_DATE_TIME ( #913, #682 ) ;
#698 = DIRECTION ( 'NONE',  ( 0.000000000000000000, -0.000000000000000000, 1.000000000000000000 ) ) ;
#699 = EDGE_CURVE ( 'NONE', #755, #412, #198, .T. ) ;
#700 = ORIENTED_EDGE ( 'NONE', *, *, #982, .F. ) ;
#701 = CARTESIAN_POINT ( 'NONE',  ( -34.00000000000000000, 13.77660356514322970, 33.25966317040631992 ) ) ;
#702 = VERTEX_POINT ( 'NONE', #228 ) ;
#703 = CARTESIAN_POINT ( 'NONE',  ( -40.00000000000000000, 17.32050807568877104, 8.300000000000009592 ) ) ;
#704 = LINE ( 'NONE', #1425, #752 ) ;
#705 = VECTOR ( 'NONE', #273, 1000.000000000000000 ) ;
#706 = CALENDAR_DATE ( 2026, 24, 9 ) ;
#707 = CARTESIAN_POINT ( 'NONE',  ( -40.00000000000000000, -32.00000000000000000, -19.00000000000000355 ) ) ;
#708 = AXIS2_PLACEMENT_3D ( 'NONE', #796, #149, #176 ) ;
#709 = ORIENTED_EDGE ( 'NONE', *, *, #421, .F. ) ;
#710 = CIRCLE ( 'NONE', #990, 1.700000000000000178 ) ;
#711 = CARTESIAN_POINT ( 'NONE',  ( -34.00000000000000000, 33.25966317040631992, 13.77660356514323503 ) ) ;
#712 = EDGE_LOOP ( 'NONE', ( #332, #917, #1284, #1297 ) ) ;
#713 = ORIENTED_EDGE ( 'NONE', *, *, #966, .T. ) ;
#714 = DIRECTION ( 'NONE',  ( 0.000000000000000000, 0.000000000000000000, 1.000000000000000000 ) ) ;
#715 = ADVANCED_FACE ( 'NONE', ( #1176 ), #217, .F. ) ;
#716 = LINE ( 'NONE', #451, #580 ) ;
#717 = DIRECTION ( 'NONE',  ( 0.000000000000000000, 0.000000000000000000, -1.000000000000000000 ) ) ;
#718 = FACE_BOUND ( 'NONE', #169, .T. ) ;
#719 = DIRECTION ( 'NONE',  ( 0.000000000000000000, -0.7071067811865474617, 0.7071067811865476838 ) ) ;
#720 = ORIENTED_EDGE ( 'NONE', *, *, #854, .F. ) ;
#721 = EDGE_LOOP ( 'NONE', ( #1445, #673 ) ) ;
#722 = DIRECTION ( 'NONE',  ( -0.000000000000000000, -0.000000000000000000, -1.000000000000000000 ) ) ;
#723 = DIRECTION ( 'NONE',  ( 0.000000000000000000, 0.000000000000000000, -1.000000000000000000 ) ) ;
#724 = DIRECTION ( 'NONE',  ( -1.000000000000000000, -0.000000000000000000, -0.000000000000000000 ) ) ;
#725 = EDGE_CURVE ( 'NONE', #1211, #755, #476, .T. ) ;
#726 = DIRECTION ( 'NONE',  ( 1.000000000000000000, 0.000000000000000000, 0.000000000000000000 ) ) ;
#727 = ORIENTED_EDGE ( 'NONE', *, *, #1386, .F. ) ;
#728 = LINE ( 'NONE', #199, #1212 ) ;
#729 = CARTESIAN_POINT ( 'NONE',  ( -34.00000000000000000, 0.000000000000000000, -20.00000000000000000 ) ) ;
#730 = VECTOR ( 'NONE', #1306, 1000.000000000000000 ) ;
#731 = ORIENTED_EDGE ( 'NONE', *, *, #1256, .F. ) ;
#732 = CIRCLE ( 'NONE', #1058, 1.700000000000000178 ) ;
#733 = ORIENTED_EDGE ( 'NONE', *, *, #454, .T. ) ;
#734 = AXIS2_PLACEMENT_3D ( 'NONE', #113, #1351, #613 ) ;
#735 = CARTESIAN_POINT ( 'NONE',  ( -34.00000000000000000, 33.25966317040631992, -13.77660356514322793 ) ) ;
#736 = DIRECTION ( 'NONE',  ( 1.000000000000000000, 0.000000000000000000, 0.000000000000000000 ) ) ;
#737 = ORIENTED_EDGE ( 'NONE', *, *, #1474, .F. ) ;
#738 = CARTESIAN_POINT ( 'NONE',  ( 14.56345596729059366, -16.26345596729059295, -19.00000000000000355 ) ) ;
#739 = EDGE_CURVE ( 'NONE', #507, #669, #1370, .T. ) ;
#740 = CARTESIAN_POINT ( 'NONE',  ( 17.96345596729058869, 16.26345596729059650, -19.00000000000000355 ) ) ;
#741 = ORIENTED_EDGE ( 'NONE', *, *, #512, .F. ) ;
#742 = EDGE_CURVE ( 'NONE', #1358, #801, #1132, .T. ) ;
#743 = DIRECTION ( 'NONE',  ( -1.000000000000000000, 0.000000000000000000, -0.000000000000000000 ) ) ;
#744 = CARTESIAN_POINT ( 'NONE',  ( -34.00000000000000000, 17.32050807568877104, 10.00000000000000888 ) ) ;
#745 = CARTESIAN_POINT ( 'NONE',  ( -40.00000000000000000, -1.374772708486753814, -19.00000000000000355 ) ) ;
#746 = ADVANCED_FACE ( 'NONE', ( #326 ), #1202, .F. ) ;
#747 = DIRECTION ( 'NONE',  ( -1.000000000000000000, 0.000000000000000000, 0.000000000000000000 ) ) ;
#748 = CARTESIAN_POINT ( 'NONE',  ( -34.00000000000000000, -2.449293598294706513E-15, 20.00000000000000000 ) ) ;
#749 = FACE_OUTER_BOUND ( 'NONE', #1375, .T. ) ;
#750 = AXIS2_PLACEMENT_3D ( 'NONE', #744, #1384, #984 ) ;
#751 = AXIS2_PLACEMENT_3D ( 'NONE', #156, #1512, #401 ) ;
#752 = VECTOR ( 'NONE', #1091, 1000.000000000000000 ) ;
#753 = CIRCLE ( 'NONE', #262, 1.700000000000000178 ) ;
#754 = CARTESIAN_POINT ( 'NONE',  ( 7.000000000000000000, 8.572527594031473190E-16, -19.00000000000000355 ) ) ;
#755 = VERTEX_POINT ( 'NONE', #813 ) ;
#756 = AXIS2_PLACEMENT_3D ( 'NONE', #1476, #1223, #515 ) ;
#757 = LINE ( 'NONE', #631, #985 ) ;
#758 = VECTOR ( 'NONE', #321, 1000.000000000000000 ) ;
#759 = ADVANCED_FACE ( 'NONE', ( #1047 ), #577, .F. ) ;
#760 = CARTESIAN_POINT ( 'NONE',  ( -40.00000000000000000, 32.00000000000000000, -13.00000000000000355 ) ) ;
#761 = MECHANICAL_CONTEXT ( 'NONE', #1392, 'mechanical' ) ;
#762 = ORIENTED_EDGE ( 'NONE', *, *, #1143, .F. ) ;
#763 = CARTESIAN_POINT ( 'NONE',  ( -40.00000000000000000, -13.77660356514323325, 33.25966317040631992 ) ) ;
#764 = ORIENTED_EDGE ( 'NONE', *, *, #776, .F. ) ;
#765 = CARTESIAN_POINT ( 'NONE',  ( -34.00000000000000000, -2.449293598294706513E-15, 20.00000000000000000 ) ) ;
#766 = CARTESIAN_POINT ( 'NONE',  ( -34.00000000000000000, -13.77660356514323325, 33.25966317040631992 ) ) ;
#767 = DIRECTION ( 'NONE',  ( -1.000000000000000000, -0.000000000000000000, -0.000000000000000000 ) ) ;
#768 = CARTESIAN_POINT ( 'NONE',  ( -40.00000000000000000, 13.77660356514322082, -33.25966317040631992 ) ) ;
#769 = EDGE_LOOP ( 'NONE', ( #1013, #794 ) ) ;
#770 = DIRECTION ( 'NONE',  ( 1.000000000000000000, 0.000000000000000000, 0.000000000000000000 ) ) ;
#771 = ORIENTED_EDGE ( 'NONE', *, *, #42, .F. ) ;
#772 = CARTESIAN_POINT ( 'NONE',  ( -40.00000000000000000, 0.000000000000000000, 15.15000000000000036 ) ) ;
#773 = DIRECTION ( 'NONE',  ( -1.000000000000000000, -0.000000000000000000, -0.000000000000000000 ) ) ;
#774 = CARTESIAN_POINT ( 'NONE',  ( -34.00000000000000000, -1.374772708486753814, -19.00000000000000355 ) ) ;
#775 = DIRECTION ( 'NONE',  ( 0.000000000000000000, 0.000000000000000000, 1.000000000000000000 ) ) ;
#776 = EDGE_CURVE ( 'NONE', #573, #166, #1298, .T. ) ;
#777 = ADVANCED_FACE ( 'NONE', ( #943 ), #822, .F. ) ;
#778 = EDGE_LOOP ( 'NONE', ( #1546, #1466, #423, #1432 ) ) ;
#779 = CARTESIAN_POINT ( 'NONE',  ( -40.00000000000000000, -17.32050807568877460, 9.999999999999994671 ) ) ;
#780 = AXIS2_PLACEMENT_3D ( 'NONE', #748, #870, #1226 ) ;
#781 = EDGE_LOOP ( 'NONE', ( #797, #957 ) ) ;
#782 = LINE ( 'NONE', #1062, #1061 ) ;
#783 = AXIS2_PLACEMENT_3D ( 'NONE', #1535, #41, #430 ) ;
#784 = CARTESIAN_POINT ( 'NONE',  ( -37.79999999999999716, 0.000000000000000000, 0.000000000000000000 ) ) ;
#785 = CIRCLE ( 'NONE', #9, 1.700000000000000178 ) ;
#786 = AXIS2_PLACEMENT_3D ( 'NONE', #765, #1563, #592 ) ;
#787 = ORIENTED_EDGE ( 'NONE', *, *, #360, .T. ) ;
#788 = DIRECTION ( 'NONE',  ( 0.000000000000000000, 0.000000000000000000, -1.000000000000000000 ) ) ;
#789 = EDGE_LOOP ( 'NONE', ( #821, #941 ) ) ;
#790 = CARTESIAN_POINT ( 'NONE',  ( -37.79999999999999716, 0.000000000000000000, 0.000000000000000000 ) ) ;
#791 = EDGE_CURVE ( 'NONE', #1539, #313, #1345, .T. ) ;
#792 = DIRECTION ( 'NONE',  ( -0.000000000000000000, -0.000000000000000000, -1.000000000000000000 ) ) ;
#793 = PERSON_AND_ORGANIZATION_ROLE ( 'classification_officer' ) ;
#794 = ORIENTED_EDGE ( 'NONE', *, *, #485, .T. ) ;
#795 = ADVANCED_FACE ( 'NONE', ( #839 ), #1242, .F. ) ;
#796 = CARTESIAN_POINT ( 'NONE',  ( -34.00000000000000000, -2.449293598294706513E-15, 20.00000000000000000 ) ) ;
#797 = ORIENTED_EDGE ( 'NONE', *, *, #1583, .T. ) ;
#798 = DIRECTION ( 'NONE',  ( 0.000000000000000000, 0.000000000000000000, 1.000000000000000000 ) ) ;
#799 = EDGE_CURVE ( 'NONE', #412, #1464, #1548, .T. ) ;
#800 = LINE ( 'NONE', #774, #1055 ) ;
#801 = VERTEX_POINT ( 'NONE', #1485 ) ;
#802 = LINE ( 'NONE', #100, #157 ) ;
#803 = VERTEX_POINT ( 'NONE', #754 ) ;
#804 = DIRECTION ( 'NONE',  ( 0.000000000000000000, 0.000000000000000000, 1.000000000000000000 ) ) ;
#805 = AXIS2_PLACEMENT_3D ( 'NONE', #760, #1246, #1220 ) ;
#806 = FACE_BOUND ( 'NONE', #1460, .T. ) ;
#807 = AXIS2_PLACEMENT_3D ( 'NONE', #1383, #773, #397 ) ;
#808 = COORDINATED_UNIVERSAL_TIME_OFFSET ( 5, 30, .AHEAD. ) ;
#809 = EDGE_CURVE ( 'NONE', #998, #573, #1117, .T. ) ;
#810 = ORIENTED_EDGE ( 'NONE', *, *, #1233, .T. ) ;
#811 = DIRECTION ( 'NONE',  ( 0.000000000000000000, 0.000000000000000000, -1.000000000000000000 ) ) ;
#812 = ORIENTED_EDGE ( 'NONE', *, *, #275, .F. ) ;
#813 = CARTESIAN_POINT ( 'NONE',  ( 17.96345596729059579, -16.26345596729059295, -13.00000000000000355 ) ) ;
#814 = CARTESIAN_POINT ( 'NONE',  ( -34.00000000000000000, -33.25966317040631992, -13.77660356514322260 ) ) ;
#815 = ADVANCED_FACE ( 'NONE', ( #1102 ), #991, .F. ) ;
#816 = DATE_TIME_ROLE ( 'creation_date' ) ;
#817 = PLANE ( 'NONE',  #501 ) ;
#818 = ORIENTED_EDGE ( 'NONE', *, *, #329, .F. ) ;
#819 = CARTESIAN_POINT ( 'NONE',  ( -34.00000000000000000, 17.32050807568877460, -8.300000000000002487 ) ) ;
#820 = EDGE_CURVE ( 'NONE', #340, #576, #732, .T. ) ;
#821 = ORIENTED_EDGE ( 'NONE', *, *, #167, .T. ) ;
#822 = CYLINDRICAL_SURFACE ( 'NONE', #1290, 1.700000000000000178 ) ;
#823 = LINE ( 'NONE', #1584, #730 ) ;
#824 = APPROVAL_STATUS ( 'not_yet_approved' ) ;
#825 = ORIENTED_EDGE ( 'NONE', *, *, #38, .F. ) ;
#826 = DIRECTION ( 'NONE',  ( -0.000000000000000000, -1.000000000000000000, -0.000000000000000000 ) ) ;
#827 = EDGE_LOOP ( 'NONE', ( #434, #1475, #1042, #365 ) ) ;
#828 = VERTEX_POINT ( 'NONE', #1218 ) ;
#829 = DIRECTION ( 'NONE',  ( 0.000000000000000000, 1.000000000000000000, -0.000000000000000000 ) ) ;
#830 = DIRECTION ( 'NONE',  ( 0.000000000000000000, 0.000000000000000000, -1.000000000000000000 ) ) ;
#831 = AXIS2_PLACEMENT_3D ( 'NONE', #790, #286, #463 ) ;
#832 = AXIS2_PLACEMENT_3D ( 'NONE', #375, #887, #871 ) ;
#833 = AXIS2_PLACEMENT_3D ( 'NONE', #543, #537, #1415 ) ;
#834 = VECTOR ( 'NONE', #949, 1000.000000000000000 ) ;
#835 = VERTEX_POINT ( 'NONE', #740 ) ;
#836 = VECTOR ( 'NONE', #251, 1000.000000000000000 ) ;
#837 = DIRECTION ( 'NONE',  ( -0.000000000000000000, -0.000000000000000000, -1.000000000000000000 ) ) ;
#838 = ORIENTED_EDGE ( 'NONE', *, *, #820, .F. ) ;
#839 = FACE_OUTER_BOUND ( 'NONE', #954, .T. ) ;
#840 = EDGE_CURVE ( 'NONE', #998, #569, #607, .T. ) ;
#841 = DIRECTION ( 'NONE',  ( 0.000000000000000000, 0.000000000000000000, -1.000000000000000000 ) ) ;
#842 = EDGE_CURVE ( 'NONE', #1224, #302, #136, .T. ) ;
#843 = CARTESIAN_POINT ( 'NONE',  ( -34.00000000000000000, -17.32050807568877460, 9.999999999999994671 ) ) ;
#844 = ORIENTED_EDGE ( 'NONE', *, *, #1583, .F. ) ;
#845 = DIRECTION ( 'NONE',  ( 1.000000000000000000, 0.000000000000000000, 0.000000000000000000 ) ) ;
#846 = CC_DESIGN_PERSON_AND_ORGANIZATION_ASSIGNMENT ( #208, #935, ( #1318 ) ) ;
#847 = DIRECTION ( 'NONE',  ( 1.000000000000000000, -0.000000000000000000, -0.000000000000000000 ) ) ;
#848 = DIRECTION ( 'NONE',  ( 1.000000000000000000, 0.000000000000000000, 0.000000000000000000 ) ) ;
#849 = ORIENTED_EDGE ( 'NONE', *, *, #989, .T. ) ;
#850 = ORIENTED_EDGE ( 'NONE', *, *, #244, .F. ) ;
#851 = CARTESIAN_POINT ( 'NONE',  ( -40.00000000000000000, -17.32050807568877460, -8.300000000000002487 ) ) ;
#852 = DIRECTION ( 'NONE',  ( 0.000000000000000000, 0.000000000000000000, -1.000000000000000000 ) ) ;
#853 = AXIS2_PLACEMENT_3D ( 'NONE', #346, #484, #1456 ) ;
#854 = EDGE_CURVE ( 'NONE', #930, #942, #785, .T. ) ;
#855 = DIRECTION ( 'NONE',  ( 0.000000000000000000, 0.000000000000000000, -1.000000000000000000 ) ) ;
#856 = ORGANIZATION ( 'UNSPECIFIED', 'UNSPECIFIED', '' ) ;
#857 = ORIENTED_EDGE ( 'NONE', *, *, #1125, .F. ) ;
#858 = CIRCLE ( 'NONE', #683, 1.700000000000000178 ) ;
#859 = ORIENTED_EDGE ( 'NONE', *, *, #1349, .F. ) ;
#860 = VECTOR ( 'NONE', #1357, 1000.000000000000000 ) ;
#861 = LINE ( 'NONE', #23, #1086 ) ;
#862 = DIRECTION ( 'NONE',  ( 0.000000000000000000, 0.000000000000000000, 1.000000000000000000 ) ) ;
#863 = ADVANCED_FACE ( 'NONE', ( #121 ), #1230, .F. ) ;
#864 = ORIENTED_EDGE ( 'NONE', *, *, #1253, .T. ) ;
#865 = CARTESIAN_POINT ( 'NONE',  ( 14.56345596729058656, 16.26345596729059650, -13.00000000000000355 ) ) ;
#866 = VERTEX_POINT ( 'NONE', #851 ) ;
#867 = VERTEX_POINT ( 'NONE', #1340 ) ;
#868 = LINE ( 'NONE', #355, #911 ) ;
#869 = ORIENTED_EDGE ( 'NONE', *, *, #725, .T. ) ;
#870 = DIRECTION ( 'NONE',  ( -1.000000000000000000, -0.000000000000000000, -0.000000000000000000 ) ) ;
#871 = DIRECTION ( 'NONE',  ( -1.000000000000000000, 0.000000000000000000, 0.000000000000000000 ) ) ;
#872 = DIRECTION ( 'NONE',  ( 0.000000000000000000, -1.000000000000000000, 0.000000000000000000 ) ) ;
#873 = ORIENTED_EDGE ( 'NONE', *, *, #1139, .F. ) ;
#874 = EDGE_CURVE ( 'NONE', #507, #1381, #482, .T. ) ;
#875 = PLANE ( 'NONE',  #110 ) ;
#876 = ORIENTED_EDGE ( 'NONE', *, *, #1541, .T. ) ;
#877 = LINE ( 'NONE', #1245, #1369 ) ;
#878 = FACE_BOUND ( 'NONE', #1216, .T. ) ;
#879 = VECTOR ( 'NONE', #1389, 1000.000000000000000 ) ;
#880 = VECTOR ( 'NONE', #1330, 1000.000000000000000 ) ;
#881 = ORIENTED_EDGE ( 'NONE', *, *, #77, .T. ) ;
#882 = CARTESIAN_POINT ( 'NONE',  ( -34.00000000000000000, -17.32050807568877460, -8.300000000000002487 ) ) ;
#883 = ORIENTED_EDGE ( 'NONE', *, *, #503, .F. ) ;
#884 = VECTOR ( 'NONE', #1033, 1000.000000000000000 ) ;
#885 = CARTESIAN_POINT ( 'NONE',  ( -34.00000000000000000, -13.77660356514323325, 33.25966317040631992 ) ) ;
#886 = VECTOR ( 'NONE', #271, 1000.000000000000000 ) ;
#887 = DIRECTION ( 'NONE',  ( -0.000000000000000000, -0.000000000000000000, -1.000000000000000000 ) ) ;
#888 = PLANE ( 'NONE',  #751 ) ;
#889 = LINE ( 'NONE', #540, #629 ) ;
#890 = ORIENTED_EDGE ( 'NONE', *, *, #384, .F. ) ;
#891 = CYLINDRICAL_SURFACE ( 'NONE', #1187, 1.700000000000000178 ) ;
#892 = CC_DESIGN_PERSON_AND_ORGANIZATION_ASSIGNMENT ( #926, #793, ( #625 ) ) ;
#893 = CARTESIAN_POINT ( 'NONE',  ( -40.00000000000000000, 33.25966317040631992, -13.77660356514322793 ) ) ;
#894 = DIRECTION ( 'NONE',  ( 0.000000000000000000, 0.000000000000000000, -1.000000000000000000 ) ) ;
#895 = EDGE_LOOP ( 'NONE', ( #1534, #292, #844, #624 ) ) ;
#896 = CARTESIAN_POINT ( 'NONE',  ( -16.26345596729058940, -16.26345596729059295, -19.00000000000000355 ) ) ;
#897 = ORIENTED_EDGE ( 'NONE', *, *, #1217, .F. ) ;
#898 = DIRECTION ( 'NONE',  ( -0.000000000000000000, -0.000000000000000000, -1.000000000000000000 ) ) ;
#899 = DIRECTION ( 'NONE',  ( -0.000000000000000000, -0.7071067811865476838, 0.7071067811865474617 ) ) ;
#900 = DIRECTION ( 'NONE',  ( 1.000000000000000000, -0.000000000000000000, -0.000000000000000000 ) ) ;
#901 =( NAMED_UNIT ( * ) SI_UNIT ( $, .STERADIAN. ) SOLID_ANGLE_UNIT ( ) );
#902 = CLOSED_SHELL ( 'NONE', ( #1078, #1416, #1153, #104, #795, #654, #1480, #276, #545, #407, #119, #533, #5, #665, #937, #402, #1525, #1314, #265, #995, #1090, #1196, #333, #399, #606, #746, #777, #1531, #1006, #30, #630, #759, #218, #715, #56, #371, #815, #863, #558, #1186, #528, #1427, #589, #1271 ) ) ;
#903 = CARTESIAN_POINT ( 'NONE',  ( -34.00000000000000000, 13.77660356514322082, -33.25966317040631992 ) ) ;
#904 = EDGE_CURVE ( 'NONE', #1484, #120, #868, .T. ) ;
#905 = VECTOR ( 'NONE', #862, 1000.000000000000000 ) ;
#906 = EDGE_LOOP ( 'NONE', ( #971, #1301, #923, #981 ) ) ;
#907 = FACE_OUTER_BOUND ( 'NONE', #1051, .T. ) ;
#908 = CC_DESIGN_SECURITY_CLASSIFICATION ( #625, ( #1318 ) ) ;
#909 = CIRCLE ( 'NONE', #783, 7.000000000000000000 ) ;
#910 = CARTESIAN_POINT ( 'NONE',  ( -40.00000000000000000, -32.00000000000000000, -15.03626673554954429 ) ) ;
#911 = VECTOR ( 'NONE', #239, 1000.000000000000000 ) ;
#912 = LINE ( 'NONE', #1030, #495 ) ;
#913 = DATE_AND_TIME ( #706, #1130 ) ;
#914 = EDGE_CURVE ( 'NONE', #202, #270, #861, .T. ) ;
#915 = EDGE_CURVE ( 'NONE', #385, #313, #975, .T. ) ;
#916 = CARTESIAN_POINT ( 'NONE',  ( -34.00000000000000000, 28.03626673554954607, -19.00000000000000355 ) ) ;
#917 = ORIENTED_EDGE ( 'NONE', *, *, #972, .T. ) ;
#918 = DIRECTION ( 'NONE',  ( -1.000000000000000000, -0.000000000000000000, -0.000000000000000000 ) ) ;
#919 = LINE ( 'NONE', #544, #933 ) ;
#920 = ORIENTED_EDGE ( 'NONE', *, *, #874, .F. ) ;
#921 = DIRECTION ( 'NONE',  ( -1.000000000000000000, -0.000000000000000000, -0.000000000000000000 ) ) ;
#922 = CC_DESIGN_DATE_AND_TIME_ASSIGNMENT ( #50, #194, ( #625 ) ) ;
#923 = ORIENTED_EDGE ( 'NONE', *, *, #185, .F. ) ;
#924 = CARTESIAN_POINT ( 'NONE',  ( 32.00000000000000000, -32.00000000000000000, -19.00000000000000355 ) ) ;
#925 = FACE_BOUND ( 'NONE', #223, .T. ) ;
#926 = PERSON_AND_ORGANIZATION ( #546, #856 ) ;
#927 = ADVANCED_BREP_SHAPE_REPRESENTATION ( 'JX1_ShoulderRollBracket_R', ( #1204, #496 ), #1057 ) ;
#928 = VERTEX_POINT ( 'NONE', #882 ) ;
#929 = CARTESIAN_POINT ( 'NONE',  ( -34.00000000000000000, 32.00000000000000000, -15.03626673554954962 ) ) ;
#930 = VERTEX_POINT ( 'NONE', #1113 ) ;
#931 = ORIENTED_EDGE ( 'NONE', *, *, #1022, .F. ) ;
#932 = CARTESIAN_POINT ( 'NONE',  ( -34.00000000000000000, 0.000000000000000000, 0.000000000000000000 ) ) ;
#933 = VECTOR ( 'NONE', #900, 1000.000000000000000 ) ;
#934 = AXIS2_PLACEMENT_3D ( 'NONE', #1066, #102, #1575 ) ;
#935 = PERSON_AND_ORGANIZATION_ROLE ( 'design_supplier' ) ;
#936 = CIRCLE ( 'NONE', #1137, 1.700000000000000178 ) ;
#937 = ADVANCED_FACE ( 'NONE', ( #15 ), #875, .F. ) ;
#938 = FACE_OUTER_BOUND ( 'NONE', #237, .T. ) ;
#939 = ORIENTED_EDGE ( 'NONE', *, *, #1253, .F. ) ;
#940 = DIRECTION ( 'NONE',  ( 0.000000000000000000, 0.000000000000000000, 1.000000000000000000 ) ) ;
#941 = ORIENTED_EDGE ( 'NONE', *, *, #1552, .T. ) ;
#942 = VERTEX_POINT ( 'NONE', #257 ) ;
#943 = FACE_OUTER_BOUND ( 'NONE', #1003, .T. ) ;
#944 = CARTESIAN_POINT ( 'NONE',  ( -34.00000000000000000, -13.77660356514324036, -33.25966317040631282 ) ) ;
#945 = APPROVAL_ROLE ( '' ) ;
#946 = EDGE_CURVE ( 'NONE', #755, #1211, #1060, .T. ) ;
#947 = CARTESIAN_POINT ( 'NONE',  ( -7.000000000000000000, 0.000000000000000000, -19.00000000000000355 ) ) ;
#948 = VERTEX_POINT ( 'NONE', #488 ) ;
#949 = DIRECTION ( 'NONE',  ( -1.000000000000000000, -0.000000000000000000, -0.000000000000000000 ) ) ;
#950 = ORIENTED_EDGE ( 'NONE', *, *, #791, .F. ) ;
#951 = CARTESIAN_POINT ( 'NONE',  ( -34.00000000000000000, -13.77660356514324036, -33.25966317040631282 ) ) ;
#952 = DIRECTION ( 'NONE',  ( 1.000000000000000000, 0.000000000000000000, 0.000000000000000000 ) ) ;
#953 = EDGE_CURVE ( 'NONE', #1118, #1265, #1578, .T. ) ;
#954 = EDGE_LOOP ( 'NONE', ( #645, #285, #931, #812 ) ) ;
#955 = DIRECTION ( 'NONE',  ( -0.000000000000000000, 0.7071067811865476838, 0.7071067811865474617 ) ) ;
#956 = ORIENTED_EDGE ( 'NONE', *, *, #201, .T. ) ;
#957 = ORIENTED_EDGE ( 'NONE', *, *, #306, .T. ) ;
#958 = EDGE_CURVE ( 'NONE', #576, #340, #216, .T. ) ;
#959 = DIRECTION ( 'NONE',  ( 1.000000000000000000, 0.000000000000000000, 0.000000000000000000 ) ) ;
#960 = FACE_OUTER_BOUND ( 'NONE', #1120, .T. ) ;
#961 = CIRCLE ( 'NONE', #472, 1.700000000000000178 ) ;
#962 = CIRCLE ( 'NONE', #1288, 1.700000000000000178 ) ;
#963 = VECTOR ( 'NONE', #1540, 1000.000000000000000 ) ;
#964 = LINE ( 'NONE', #486, #12 ) ;
#965 = CIRCLE ( 'NONE', #1110, 1.700000000000000178 ) ;
#966 = EDGE_CURVE ( 'NONE', #1044, #394, #1157, .T. ) ;
#967 = CIRCLE ( 'NONE', #786, 1.700000000000000178 ) ;
#968 = CARTESIAN_POINT ( 'NONE',  ( -40.00000000000000000, 17.32050807568877460, -10.00000000000000178 ) ) ;
#969 = PRODUCT_DEFINITION ( 'UNKNOWN', '', #1318, #1331 ) ;
#970 = CARTESIAN_POINT ( 'NONE',  ( 32.00000000000000000, -32.00000000000000000, -13.00000000000000355 ) ) ;
#971 = ORIENTED_EDGE ( 'NONE', *, *, #1337, .T. ) ;
#972 = EDGE_CURVE ( 'NONE', #801, #652, #889, .T. ) ;
#973 = CARTESIAN_POINT ( 'NONE',  ( 0.000000000000000000, 0.000000000000000000, -19.00000000000000355 ) ) ;
#974 = VERTEX_POINT ( 'NONE', #1380 ) ;
#975 = LINE ( 'NONE', #1004, #860 ) ;
#976 = ORIENTED_EDGE ( 'NONE', *, *, #1194, .T. ) ;
#977 = FACE_BOUND ( 'NONE', #1025, .T. ) ;
#978 = CYLINDRICAL_SURFACE ( 'NONE', #552, 7.000000000000000000 ) ;
#979 = VERTEX_POINT ( 'NONE', #424 ) ;
#980 = DIRECTION ( 'NONE',  ( 0.000000000000000000, -0.7071067811865476838, -0.7071067811865474617 ) ) ;
#981 = ORIENTED_EDGE ( 'NONE', *, *, #1521, .F. ) ;
#982 = EDGE_CURVE ( 'NONE', #669, #803, #1515, .T. ) ;
#983 = DIRECTION ( 'NONE',  ( -1.000000000000000000, 0.000000000000000000, -0.000000000000000000 ) ) ;
#984 = DIRECTION ( 'NONE',  ( 0.000000000000000000, 0.000000000000000000, 1.000000000000000000 ) ) ;
#985 = VECTOR ( 'NONE', #615, 1000.000000000000000 ) ;
#986 = CARTESIAN_POINT ( 'NONE',  ( -37.79999999999999716, 1.855339900708240019E-15, -15.15000000000000036 ) ) ;
#987 = VECTOR ( 'NONE', #1433, 1000.000000000000000 ) ;
#988 = AXIS2_PLACEMENT_3D ( 'NONE', #1547, #940, #323 ) ;
#989 = EDGE_CURVE ( 'NONE', #979, #1566, #1024, .T. ) ;
#990 = AXIS2_PLACEMENT_3D ( 'NONE', #1354, #848, #717 ) ;
#991 = PLANE ( 'NONE',  #1422 ) ;
#992 = ORIENTED_EDGE ( 'NONE', *, *, #1022, .T. ) ;
#993 = DIRECTION ( 'NONE',  ( -0.000000000000000000, -1.000000000000000000, -0.000000000000000000 ) ) ;
#994 = CARTESIAN_POINT ( 'NONE',  ( -34.00000000000000000, 13.77660356514322082, -33.25966317040631992 ) ) ;
#995 = ADVANCED_FACE ( 'NONE', ( #1255 ), #1387, .F. ) ;
#996 = DIRECTION ( 'NONE',  ( -1.000000000000000000, -0.000000000000000000, -0.000000000000000000 ) ) ;
#997 = VERTEX_POINT ( 'NONE', #660 ) ;
#998 = VERTEX_POINT ( 'NONE', #298 ) ;
#999 = DIRECTION ( 'NONE',  ( 1.000000000000000000, 0.000000000000000000, 0.000000000000000000 ) ) ;
#1000 = DIRECTION ( 'NONE',  ( 0.000000000000000000, 0.000000000000000000, 1.000000000000000000 ) ) ;
#1001 = CARTESIAN_POINT ( 'NONE',  ( -40.00000000000000000, -13.77660356514324036, -33.25966317040631282 ) ) ;
#1002 = DIRECTION ( 'NONE',  ( 0.000000000000000000, 0.000000000000000000, 1.000000000000000000 ) ) ;
#1003 = EDGE_LOOP ( 'NONE', ( #101, #489, #457, #197 ) ) ;
#1004 = CARTESIAN_POINT ( 'NONE',  ( -34.00000000000000000, 0.000000000000000000, 5.000000000000000000 ) ) ;
#1005 = ORIENTED_EDGE ( 'NONE', *, *, #1244, .T. ) ;
#1006 = ADVANCED_FACE ( 'NONE', ( #1248 ), #561, .F. ) ;
#1007 = DIRECTION ( 'NONE',  ( 0.000000000000000000, 0.000000000000000000, -1.000000000000000000 ) ) ;
#1008 = CARTESIAN_POINT ( 'NONE',  ( -34.00000000000000000, 0.000000000000000000, 0.000000000000000000 ) ) ;
#1009 = FACE_BOUND ( 'NONE', #1350, .T. ) ;
#1010 = VECTOR ( 'NONE', #470, 1000.000000000000000 ) ;
#1011 = VERTEX_POINT ( 'NONE', #650 ) ;
#1012 = CARTESIAN_POINT ( 'NONE',  ( -34.00000000000000000, 33.25966317040631992, -13.77660356514322793 ) ) ;
#1013 = ORIENTED_EDGE ( 'NONE', *, *, #221, .T. ) ;
#1014 = VECTOR ( 'NONE', #52, 1000.000000000000000 ) ;
#1015 = CARTESIAN_POINT ( 'NONE',  ( -34.00000000000000000, 17.32050807568877104, 10.00000000000000888 ) ) ;
#1016 = CYLINDRICAL_SURFACE ( 'NONE', #1034, 1.700000000000000178 ) ;
#1017 = ORIENTED_EDGE ( 'NONE', *, *, #1513, .T. ) ;
#1018 = CARTESIAN_POINT ( 'NONE',  ( -40.00000000000000000, 13.77660356514322970, 33.25966317040631992 ) ) ;
#1019 = ORIENTED_EDGE ( 'NONE', *, *, #1429, .F. ) ;
#1020 = DIRECTION ( 'NONE',  ( -0.000000000000000000, -0.000000000000000000, 1.000000000000000000 ) ) ;
#1021 = DIRECTION ( 'NONE',  ( -0.000000000000000000, -0.000000000000000000, -1.000000000000000000 ) ) ;
#1022 = EDGE_CURVE ( 'NONE', #1341, #867, #61, .T. ) ;
#1023 = VERTEX_POINT ( 'NONE', #916 ) ;
#1024 = LINE ( 'NONE', #903, #314 ) ;
#1025 = EDGE_LOOP ( 'NONE', ( #992, #596 ) ) ;
#1026 = CARTESIAN_POINT ( 'NONE',  ( -34.00000000000000000, 13.77660356514322970, 33.25966317040631992 ) ) ;
#1027 = CARTESIAN_POINT ( 'NONE',  ( -34.00000000000000000, 17.32050807568877104, 10.00000000000000888 ) ) ;
#1028 = UNCERTAINTY_MEASURE_WITH_UNIT (LENGTH_MEASURE( 1.000000000000000082E-05 ), #538, 'distance_accuracy_value', 'NONE');
#1029 = EDGE_CURVE ( 'NONE', #161, #1404, #557, .T. ) ;
#1030 = CARTESIAN_POINT ( 'NONE',  ( -40.00000000000000000, -13.77660356514324036, -33.25966317040631282 ) ) ;
#1031 = CALENDAR_DATE ( 2026, 24, 9 ) ;
#1032 = ORIENTED_EDGE ( 'NONE', *, *, #664, .F. ) ;
#1033 = DIRECTION ( 'NONE',  ( -0.000000000000000000, -0.000000000000000000, -1.000000000000000000 ) ) ;
#1034 = AXIS2_PLACEMENT_3D ( 'NONE', #1154, #689, #571 ) ;
#1035 = VERTEX_POINT ( 'NONE', #1398 ) ;
#1036 = VECTOR ( 'NONE', #899, 1000.000000000000000 ) ;
#1037 = LINE ( 'NONE', #152, #1346 ) ;
#1038 = VECTOR ( 'NONE', #996, 1000.000000000000000 ) ;
#1039 = EDGE_CURVE ( 'NONE', #997, #1095, #965, .T. ) ;
#1040 = EDGE_LOOP ( 'NONE', ( #709, #619, #233, #601, #939, #1191, #1355, #859, #1257, #1277, #1174, #1222, #1254, #1523 ) ) ;
#1041 = DIRECTION ( 'NONE',  ( 1.000000000000000000, 0.000000000000000000, 0.000000000000000000 ) ) ;
#1042 = ORIENTED_EDGE ( 'NONE', *, *, #291, .F. ) ;
#1043 = DIRECTION ( 'NONE',  ( 1.000000000000000000, 0.000000000000000000, 0.000000000000000000 ) ) ;
#1044 = VERTEX_POINT ( 'NONE', #1018 ) ;
#1045 = CARTESIAN_POINT ( 'NONE',  ( -40.00000000000000000, 17.32050807568877104, 11.70000000000000817 ) ) ;
#1046 = ORIENTED_EDGE ( 'NONE', *, *, #579, .F. ) ;
#1047 = FACE_OUTER_BOUND ( 'NONE', #325, .T. ) ;
#1048 = FACE_BOUND ( 'NONE', #1483, .T. ) ;
#1049 = SECURITY_CLASSIFICATION_LEVEL ( 'unclassified' ) ;
#1050 = CARTESIAN_POINT ( 'NONE',  ( -40.00000000000000000, -33.25966317040631992, -13.77660356514322260 ) ) ;
#1051 = EDGE_LOOP ( 'NONE', ( #691, #873, #231, #258 ) ) ;
#1052 = CARTESIAN_POINT ( 'NONE',  ( -34.00000000000000000, 17.32050807568877104, 11.70000000000000817 ) ) ;
#1053 = VERTEX_POINT ( 'NONE', #1276 ) ;
#1054 = ORIENTED_EDGE ( 'NONE', *, *, #1309, .T. ) ;
#1055 = VECTOR ( 'NONE', #180, 1000.000000000000000 ) ;
#1056 = DIRECTION ( 'NONE',  ( 1.000000000000000000, 0.000000000000000000, 0.000000000000000000 ) ) ;
#1057 =( GEOMETRIC_REPRESENTATION_CONTEXT ( 3 ) GLOBAL_UNCERTAINTY_ASSIGNED_CONTEXT ( ( #1028 ) ) GLOBAL_UNIT_ASSIGNED_CONTEXT ( ( #538, #1121, #901 ) ) REPRESENTATION_CONTEXT ( 'NONE', 'WORKASPACE' ) );
#1058 = AXIS2_PLACEMENT_3D ( 'NONE', #506, #497, #106 ) ;
#1059 = CARTESIAN_POINT ( 'NONE',  ( -34.00000000000000000, 17.32050807568877460, -10.00000000000000178 ) ) ;
#1060 = CIRCLE ( 'NONE', #734, 1.700000000000000178 ) ;
#1061 = VECTOR ( 'NONE', #1557, 1000.000000000000000 ) ;
#1062 = CARTESIAN_POINT ( 'NONE',  ( -40.00000000000000000, -13.77660356514324036, -33.25966317040631282 ) ) ;
#1063 = EDGE_LOOP ( 'NONE', ( #505, #1134, #1507, #21, #614, #404 ) ) ;
#1064 = CARTESIAN_POINT ( 'NONE',  ( -34.00000000000000000, 33.25966317040631992, -13.77660356514322793 ) ) ;
#1065 = ORIENTED_EDGE ( 'NONE', *, *, #1225, .T. ) ;
#1066 = CARTESIAN_POINT ( 'NONE',  ( -34.00000000000000000, 0.000000000000000000, -20.00000000000000000 ) ) ;
#1067 = DIRECTION ( 'NONE',  ( 1.000000000000000000, 0.000000000000000000, 0.000000000000000000 ) ) ;
#1068 = EDGE_CURVE ( 'NONE', #1095, #997, #858, .T. ) ;
#1069 = CARTESIAN_POINT ( 'NONE',  ( -37.79999999999999716, 0.000000000000000000, 0.000000000000000000 ) ) ;
#1070 = EDGE_CURVE ( 'NONE', #92, #1421, #477, .T. ) ;
#1071 = ORIENTED_EDGE ( 'NONE', *, *, #1070, .F. ) ;
#1072 = CARTESIAN_POINT ( 'NONE',  ( 14.56345596729058656, 16.26345596729059650, -13.00000000000000355 ) ) ;
#1073 = EDGE_LOOP ( 'NONE', ( #635, #1193, #687, #195 ) ) ;
#1074 = ORIENTED_EDGE ( 'NONE', *, *, #1386, .T. ) ;
#1075 = CARTESIAN_POINT ( 'NONE',  ( 32.00000000000000000, 32.00000000000000000, -13.00000000000000355 ) ) ;
#1076 = CARTESIAN_POINT ( 'NONE',  ( -34.00000000000000000, -13.77660356514323325, 33.25966317040631992 ) ) ;
#1077 = EDGE_CURVE ( 'NONE', #1454, #867, #168, .T. ) ;
#1078 = ADVANCED_FACE ( 'NONE', ( #428 ), #1524, .F. ) ;
#1079 = DIRECTION ( 'NONE',  ( -0.000000000000000000, -0.000000000000000000, -1.000000000000000000 ) ) ;
#1080 = LINE ( 'NONE', #1295, #1266 ) ;
#1081 = EDGE_CURVE ( 'NONE', #36, #16, #643, .T. ) ;
#1082 = EDGE_LOOP ( 'NONE', ( #427, #63 ) ) ;
#1083 = DIRECTION ( 'NONE',  ( -1.000000000000000000, -0.000000000000000000, -0.000000000000000000 ) ) ;
#1084 = DIRECTION ( 'NONE',  ( 0.000000000000000000, 0.000000000000000000, 1.000000000000000000 ) ) ;
#1085 = CARTESIAN_POINT ( 'NONE',  ( -17.96345596729059935, 16.26345596729058940, -13.00000000000000355 ) ) ;
#1086 = VECTOR ( 'NONE', #379, 1000.000000000000000 ) ;
#1087 = CIRCLE ( 'NONE', #417, 1.700000000000000178 ) ;
#1088 = DIRECTION ( 'NONE',  ( -0.000000000000000000, -0.000000000000000000, -1.000000000000000000 ) ) ;
#1089 = EDGE_LOOP ( 'NONE', ( #1388, #593, #1111, #1275 ) ) ;
#1090 = ADVANCED_FACE ( 'NONE', ( #395 ), #521, .F. ) ;
#1091 = DIRECTION ( 'NONE',  ( -1.000000000000000000, -0.000000000000000000, -0.000000000000000000 ) ) ;
#1092 = DIRECTION ( 'NONE',  ( -0.000000000000000000, -0.000000000000000000, -1.000000000000000000 ) ) ;
#1093 = EDGE_LOOP ( 'NONE', ( #1122, #549, #1156, #628 ) ) ;
#1094 = DIRECTION ( 'NONE',  ( -1.000000000000000000, 0.000000000000000000, 0.000000000000000000 ) ) ;
#1095 = VERTEX_POINT ( 'NONE', #819 ) ;
#1096 = LINE ( 'NONE', #357, #1316 ) ;
#1097 = EDGE_CURVE ( 'NONE', #94, #1303, #1181, .T. ) ;
#1098 = FACE_BOUND ( 'NONE', #1082, .T. ) ;
#1099 = DIRECTION ( 'NONE',  ( 0.000000000000000000, 0.000000000000000000, 1.000000000000000000 ) ) ;
#1100 = EDGE_LOOP ( 'NONE', ( #85, #445 ) ) ;
#1101 = ORIENTED_EDGE ( 'NONE', *, *, #221, .F. ) ;
#1102 = FACE_OUTER_BOUND ( 'NONE', #304, .T. ) ;
#1103 = VERTEX_POINT ( 'NONE', #1045 ) ;
#1104 = DIRECTION ( 'NONE',  ( 0.000000000000000000, 0.000000000000000000, -1.000000000000000000 ) ) ;
#1105 = CARTESIAN_POINT ( 'NONE',  ( -40.00000000000000000, -17.32050807568877460, 11.69999999999999574 ) ) ;
#1106 = VECTOR ( 'NONE', #390, 1000.000000000000000 ) ;
#1107 = CC_DESIGN_APPROVAL ( #599, ( #969 ) ) ;
#1108 = AXIS2_PLACEMENT_3D ( 'NONE', #932, #1455, #1568 ) ;
#1109 = EDGE_CURVE ( 'NONE', #1399, #13, #465, .T. ) ;
#1110 = AXIS2_PLACEMENT_3D ( 'NONE', #160, #1267, #37 ) ;
#1111 = ORIENTED_EDGE ( 'NONE', *, *, #309, .T. ) ;
#1112 = CIRCLE ( 'NONE', #338, 1.700000000000000178 ) ;
#1113 = CARTESIAN_POINT ( 'NONE',  ( -34.00000000000000000, -17.32050807568877460, 8.299999999999995381 ) ) ;
#1114 = ORIENTED_EDGE ( 'NONE', *, *, #509, .T. ) ;
#1115 = CARTESIAN_POINT ( 'NONE',  ( -14.56345596729059721, 16.26345596729058940, -19.00000000000000355 ) ) ;
#1116 = DIRECTION ( 'NONE',  ( 0.000000000000000000, 0.000000000000000000, -1.000000000000000000 ) ) ;
#1117 = LINE ( 'NONE', #1374, #155 ) ;
#1118 = VERTEX_POINT ( 'NONE', #1072 ) ;
#1119 = LINE ( 'NONE', #1487, #210 ) ;
#1120 = EDGE_LOOP ( 'NONE', ( #535, #1411, #1168, #356 ) ) ;
#1121 =( NAMED_UNIT ( * ) PLANE_ANGLE_UNIT ( ) SI_UNIT ( $, .RADIAN. ) );
#1122 = ORIENTED_EDGE ( 'NONE', *, *, #1356, .T. ) ;
#1123 = CARTESIAN_POINT ( 'NONE',  ( -34.00000000000000000, 1.374772708486753814, -19.00000000000000355 ) ) ;
#1124 = ORIENTED_EDGE ( 'NONE', *, *, #462, .T. ) ;
#1125 = EDGE_CURVE ( 'NONE', #161, #340, #802, .T. ) ;
#1126 = CARTESIAN_POINT ( 'NONE',  ( -40.00000000000000000, -13.77660356514323325, 33.25966317040631992 ) ) ;
#1127 = PRODUCT ( 'JX1_ShoulderRollBracket_R', 'JX1_ShoulderRollBracket_R', '', ( #761 ) ) ;
#1128 = CARTESIAN_POINT ( 'NONE',  ( -34.00000000000000000, -2.449293598294706513E-15, 21.69999999999999929 ) ) ;
#1129 = FACE_OUTER_BOUND ( 'NONE', #1040, .T. ) ;
#1130 = LOCAL_TIME ( 11, 9, 50.00000000000000000, #572 ) ;
#1131 = AXIS2_PLACEMENT_3D ( 'NONE', #1410, #288, #439 ) ;
#1132 = CIRCLE ( 'NONE', #213, 1.700000000000000178 ) ;
#1133 = DIRECTION ( 'NONE',  ( 0.000000000000000000, 0.000000000000000000, 1.000000000000000000 ) ) ;
#1134 = ORIENTED_EDGE ( 'NONE', *, *, #384, .T. ) ;
#1135 = CARTESIAN_POINT ( 'NONE',  ( -40.00000000000000000, -32.00000000000000000, -13.00000000000000355 ) ) ;
#1136 = EDGE_CURVE ( 'NONE', #1399, #159, #68, .T. ) ;
#1137 = AXIS2_PLACEMENT_3D ( 'NONE', #447, #73, #456 ) ;
#1138 = CYLINDRICAL_SURFACE ( 'NONE', #626, 15.15000000000000036 ) ;
#1139 = EDGE_CURVE ( 'NONE', #270, #1303, #1080, .T. ) ;
#1140 = DIRECTION ( 'NONE',  ( -0.000000000000000000, 0.7071067811865473507, -0.7071067811865477948 ) ) ;
#1141 = CARTESIAN_POINT ( 'NONE',  ( -34.00000000000000000, 0.000000000000000000, -19.00000000000000355 ) ) ;
#1142 = EDGE_LOOP ( 'NONE', ( #647, #148 ) ) ;
#1143 = EDGE_CURVE ( 'NONE', #1011, #1539, #188, .T. ) ;
#1144 = CARTESIAN_POINT ( 'NONE',  ( -16.26345596729059650, 16.26345596729058940, -13.00000000000000355 ) ) ;
#1145 = ORIENTED_EDGE ( 'NONE', *, *, #172, .T. ) ;
#1146 = CARTESIAN_POINT ( 'NONE',  ( -40.00000000000000000, 17.32050807568877104, 10.00000000000000888 ) ) ;
#1147 = PLANE ( 'NONE',  #1239 ) ;
#1148 = EDGE_CURVE ( 'NONE', #36, #1509, #600, .T. ) ;
#1149 = CARTESIAN_POINT ( 'NONE',  ( -14.56345596729059011, -16.26345596729059295, -13.00000000000000355 ) ) ;
#1150 = ORIENTED_EDGE ( 'NONE', *, *, #739, .F. ) ;
#1151 = CARTESIAN_POINT ( 'NONE',  ( -34.00000000000000000, -17.32050807568877460, 8.299999999999995381 ) ) ;
#1152 = CARTESIAN_POINT ( 'NONE',  ( -40.00000000000000000, 13.77660356514322970, 33.25966317040631992 ) ) ;
#1153 = ADVANCED_FACE ( 'NONE', ( #1571 ), #315, .F. ) ;
#1154 = CARTESIAN_POINT ( 'NONE',  ( -34.00000000000000000, -17.32050807568877460, 9.999999999999994671 ) ) ;
#1155 = APPROVAL_DATE_TIME ( #1436, #566 ) ;
#1156 = ORIENTED_EDGE ( 'NONE', *, *, #1136, .F. ) ;
#1157 = LINE ( 'NONE', #763, #1014 ) ;
#1158 = AXIS2_PLACEMENT_3D ( 'NONE', #353, #611, #1099 ) ;
#1159 = VECTOR ( 'NONE', #109, 1000.000000000000000 ) ;
#1160 = ORIENTED_EDGE ( 'NONE', *, *, #904, .T. ) ;
#1161 = CIRCLE ( 'NONE', #1319, 1.700000000000000178 ) ;
#1162 = CARTESIAN_POINT ( 'NONE',  ( -37.79999999999999716, 0.000000000000000000, 0.000000000000000000 ) ) ;
#1163 = VECTOR ( 'NONE', #328, 1000.000000000000000 ) ;
#1164 = EDGE_CURVE ( 'NONE', #348, #429, #196, .T. ) ;
#1165 = ORIENTED_EDGE ( 'NONE', *, *, #512, .T. ) ;
#1166 = CARTESIAN_POINT ( 'NONE',  ( -34.00000000000000000, 33.25966317040631992, -13.77660356514322793 ) ) ;
#1167 = EDGE_CURVE ( 'NONE', #429, #1399, #1192, .T. ) ;
#1168 = ORIENTED_EDGE ( 'NONE', *, *, #1377, .T. ) ;
#1169 = ORIENTED_EDGE ( 'NONE', *, *, #227, .T. ) ;
#1170 = CYLINDRICAL_SURFACE ( 'NONE', #34, 1.700000000000000178 ) ;
#1171 = DIRECTION ( 'NONE',  ( 0.000000000000000000, 0.000000000000000000, 1.000000000000000000 ) ) ;
#1172 = ORIENTED_EDGE ( 'NONE', *, *, #1457, .F. ) ;
#1173 = DIRECTION ( 'NONE',  ( 1.000000000000000000, 0.000000000000000000, 0.000000000000000000 ) ) ;
#1174 = ORIENTED_EDGE ( 'NONE', *, *, #112, .F. ) ;
#1175 = EDGE_LOOP ( 'NONE', ( #1516, #1286, #358, #560 ) ) ;
#1176 = FACE_OUTER_BOUND ( 'NONE', #532, .T. ) ;
#1177 = PLANE ( 'NONE',  #853 ) ;
#1178 = PERSON_AND_ORGANIZATION ( #546, #856 ) ;
#1179 = CARTESIAN_POINT ( 'NONE',  ( -34.00000000000000000, -28.03626673554954252, -19.00000000000000355 ) ) ;
#1180 = EDGE_LOOP ( 'NONE', ( #686, #876, #1019, #1165, #1332, #881 ) ) ;
#1181 = LINE ( 'NONE', #83, #1452 ) ;
#1182 = EDGE_LOOP ( 'NONE', ( #869, #1491, #1032, #661 ) ) ;
#1183 = AXIS2_PLACEMENT_3D ( 'NONE', #1008, #369, #400 ) ;
#1184 = CIRCLE ( 'NONE', #651, 1.700000000000000178 ) ;
#1185 = DIRECTION ( 'NONE',  ( 0.000000000000000000, 0.000000000000000000, -1.000000000000000000 ) ) ;
#1186 = ADVANCED_FACE ( 'NONE', ( #568 ), #1538, .F. ) ;
#1187 = AXIS2_PLACEMENT_3D ( 'NONE', #1015, #1528, #295 ) ;
#1188 = LINE ( 'NONE', #1076, #880 ) ;
#1189 = EDGE_CURVE ( 'NONE', #1418, #928, #936, .T. ) ;
#1190 = DIRECTION ( 'NONE',  ( -0.000000000000000000, -1.000000000000000000, -0.000000000000000000 ) ) ;
#1191 = ORIENTED_EDGE ( 'NONE', *, *, #1377, .F. ) ;
#1192 = LINE ( 'NONE', #1064, #133 ) ;
#1193 = ORIENTED_EDGE ( 'NONE', *, *, #1143, .T. ) ;
#1194 = EDGE_CURVE ( 'NONE', #1296, #240, #446, .T. ) ;
#1195 = CARTESIAN_POINT ( 'NONE',  ( 0.000000000000000000, 0.000000000000000000, -13.00000000000000355 ) ) ;
#1196 = ADVANCED_FACE ( 'NONE', ( #1287 ), #594, .F. ) ;
#1197 = CARTESIAN_POINT ( 'NONE',  ( -34.00000000000000000, 13.77660356514322970, 33.25966317040631992 ) ) ;
#1198 = EDGE_CURVE ( 'NONE', #1358, #1103, #574, .T. ) ;
#1199 = LINE ( 'NONE', #1347, #1519 ) ;
#1200 = DIRECTION ( 'NONE',  ( -1.000000000000000000, -0.000000000000000000, -0.000000000000000000 ) ) ;
#1201 = EDGE_LOOP ( 'NONE', ( #373, #787, #659, #612 ) ) ;
#1202 = CYLINDRICAL_SURFACE ( 'NONE', #934, 1.700000000000000178 ) ;
#1203 = DIRECTION ( 'NONE',  ( 0.000000000000000000, -0.7071067811865474617, -0.7071067811865476838 ) ) ;
#1204 = MANIFOLD_SOLID_BREP ( 'Roll_Pilot_Recess', #902 ) ;
#1205 = CARTESIAN_POINT ( 'NONE',  ( -34.00000000000000000, -17.32050807568877460, -11.70000000000000284 ) ) ;
#1206 = ORIENTED_EDGE ( 'NONE', *, *, #1139, .T. ) ;
#1207 = EDGE_LOOP ( 'NONE', ( #713, #255, #727, #1065 ) ) ;
#1208 = DIRECTION ( 'NONE',  ( 0.000000000000000000, 0.000000000000000000, 1.000000000000000000 ) ) ;
#1209 = EDGE_LOOP ( 'NONE', ( #225, #1005, #1071, #437 ) ) ;
#1210 = DIRECTION ( 'NONE',  ( 0.000000000000000000, 0.000000000000000000, 1.000000000000000000 ) ) ;
#1211 = VERTEX_POINT ( 'NONE', #224 ) ;
#1212 = VECTOR ( 'NONE', #234, 1000.000000000000000 ) ;
#1213 = AXIS2_PLACEMENT_3D ( 'NONE', #1465, #1492, #999 ) ;
#1214 = CARTESIAN_POINT ( 'NONE',  ( -14.56345596729059011, -16.26345596729059295, -13.00000000000000355 ) ) ;
#1215 = AXIS2_PLACEMENT_3D ( 'NONE', #1144, #283, #1041 ) ;
#1216 = EDGE_LOOP ( 'NONE', ( #1231, #278 ) ) ;
#1217 = EDGE_CURVE ( 'NONE', #1404, #161, #366, .T. ) ;
#1218 = CARTESIAN_POINT ( 'NONE',  ( -34.00000000000000000, 32.00000000000000000, -13.00000000000000355 ) ) ;
#1219 = LINE ( 'NONE', #130, #81 ) ;
#1220 = DIRECTION ( 'NONE',  ( 0.000000000000000000, -0.000000000000000000, -1.000000000000000000 ) ) ;
#1221 = LINE ( 'NONE', #617, #479 ) ;
#1222 = ORIENTED_EDGE ( 'NONE', *, *, #966, .F. ) ;
#1223 = DIRECTION ( 'NONE',  ( -0.000000000000000000, -0.000000000000000000, -1.000000000000000000 ) ) ;
#1224 = VERTEX_POINT ( 'NONE', #1302 ) ;
#1225 = EDGE_CURVE ( 'NONE', #1282, #1044, #203, .T. ) ;
#1226 = DIRECTION ( 'NONE',  ( 0.000000000000000000, 0.000000000000000000, 1.000000000000000000 ) ) ;
#1227 = ORIENTED_EDGE ( 'NONE', *, *, #562, .T. ) ;
#1228 = LINE ( 'NONE', #382, #1520 ) ;
#1229 = DIRECTION ( 'NONE',  ( 1.000000000000000000, 0.000000000000000000, 0.000000000000000000 ) ) ;
#1230 = CYLINDRICAL_SURFACE ( 'NONE', #756, 1.700000000000000178 ) ;
#1231 = ORIENTED_EDGE ( 'NONE', *, *, #1068, .F. ) ;
#1232 = FACE_OUTER_BOUND ( 'NONE', #895, .T. ) ;
#1233 = EDGE_CURVE ( 'NONE', #1526, #595, #388, .T. ) ;
#1234 = CYLINDRICAL_SURFACE ( 'NONE', #750, 1.700000000000000178 ) ;
#1235 = EDGE_CURVE ( 'NONE', #1224, #51, #967, .T. ) ;
#1236 = VECTOR ( 'NONE', #71, 1000.000000000000000 ) ;
#1237 = CARTESIAN_POINT ( 'NONE',  ( 0.000000000000000000, 0.000000000000000000, 0.000000000000000000 ) ) ;
#1238 = CC_DESIGN_APPROVAL ( #566, ( #625 ) ) ;
#1239 = AXIS2_PLACEMENT_3D ( 'NONE', #48, #1279, #676 ) ;
#1240 = ORIENTED_EDGE ( 'NONE', *, *, #1164, .F. ) ;
#1241 = CIRCLE ( 'NONE', #623, 1.700000000000000178 ) ;
#1242 = CYLINDRICAL_SURFACE ( 'NONE', #527, 1.700000000000000178 ) ;
#1243 = ORIENTED_EDGE ( 'NONE', *, *, #1309, .F. ) ;
#1244 = EDGE_CURVE ( 'NONE', #930, #1421, #54, .T. ) ;
#1245 = CARTESIAN_POINT ( 'NONE',  ( -40.00000000000000000, -32.00000000000000000, -19.00000000000000355 ) ) ;
#1246 = DIRECTION ( 'NONE',  ( 0.000000000000000000, -1.000000000000000000, 0.000000000000000000 ) ) ;
#1247 = ORIENTED_EDGE ( 'NONE', *, *, #485, .F. ) ;
#1248 = FACE_OUTER_BOUND ( 'NONE', #464, .T. ) ;
#1249 = ORIENTED_EDGE ( 'NONE', *, *, #38, .T. ) ;
#1250 = CARTESIAN_POINT ( 'NONE',  ( -34.00000000000000000, 0.000000000000000000, 0.000000000000000000 ) ) ;
#1251 = LINE ( 'NONE', #146, #1448 ) ;
#1252 = LINE ( 'NONE', #634, #1322 ) ;
#1253 = EDGE_CURVE ( 'NONE', #44, #1566, #670, .T. ) ;
#1254 = ORIENTED_EDGE ( 'NONE', *, *, #523, .F. ) ;
#1255 = FACE_OUTER_BOUND ( 'NONE', #343, .T. ) ;
#1256 = EDGE_CURVE ( 'NONE', #948, #416, #1382, .T. ) ;
#1257 = ORIENTED_EDGE ( 'NONE', *, *, #172, .F. ) ;
#1258 = DIRECTION ( 'NONE',  ( 1.000000000000000000, 0.000000000000000000, 0.000000000000000000 ) ) ;
#1259 = FACE_OUTER_BOUND ( 'NONE', #906, .T. ) ;
#1260 = PRODUCT_DEFINITION_SHAPE ( 'NONE', 'NONE',  #969 ) ;
#1261 = DIRECTION ( 'NONE',  ( 1.000000000000000000, 0.000000000000000000, 0.000000000000000000 ) ) ;
#1262 = EDGE_CURVE ( 'NONE', #1479, #866, #135, .T. ) ;
#1263 = VECTOR ( 'NONE', #78, 1000.000000000000000 ) ;
#1264 = VECTOR ( 'NONE', #618, 1000.000000000000000 ) ;
#1265 = VERTEX_POINT ( 'NONE', #170 ) ;
#1266 = VECTOR ( 'NONE', #435, 1000.000000000000000 ) ;
#1267 = DIRECTION ( 'NONE',  ( 1.000000000000000000, 0.000000000000000000, 0.000000000000000000 ) ) ;
#1268 = ORIENTED_EDGE ( 'NONE', *, *, #677, .F. ) ;
#1269 = FACE_BOUND ( 'NONE', #1477, .T. ) ;
#1270 = CIRCLE ( 'NONE', #191, 7.000000000000000000 ) ;
#1271 = ADVANCED_FACE ( 'NONE', ( #1269, #938 ), #817, .F. ) ;
#1272 = DIRECTION ( 'NONE',  ( -1.000000000000000000, 0.000000000000000000, 0.000000000000000000 ) ) ;
#1273 = CARTESIAN_POINT ( 'NONE',  ( -34.00000000000000000, 28.03626673554954607, -19.00000000000000355 ) ) ;
#1274 = CARTESIAN_POINT ( 'NONE',  ( -16.26345596729058940, -16.26345596729059295, -19.00000000000000355 ) ) ;
#1275 = ORIENTED_EDGE ( 'NONE', *, *, #799, .F. ) ;
#1276 = CARTESIAN_POINT ( 'NONE',  ( -40.00000000000000000, 33.25966317040631992, 13.77660356514323503 ) ) ;
#1277 = ORIENTED_EDGE ( 'NONE', *, *, #1097, .F. ) ;
#1278 = DIRECTION ( 'NONE',  ( 0.000000000000000000, 0.000000000000000000, -1.000000000000000000 ) ) ;
#1279 = DIRECTION ( 'NONE',  ( 0.000000000000000000, 0.7071067811865475727, -0.7071067811865475727 ) ) ;
#1280 = PERSON_AND_ORGANIZATION ( #546, #856 ) ;
#1281 = DIRECTION ( 'NONE',  ( -1.000000000000000000, 0.000000000000000000, 0.000000000000000000 ) ) ;
#1282 = VERTEX_POINT ( 'NONE', #1026 ) ;
#1283 = DIRECTION ( 'NONE',  ( -1.000000000000000000, 0.000000000000000000, 0.000000000000000000 ) ) ;
#1284 = ORIENTED_EDGE ( 'NONE', *, *, #1409, .F. ) ;
#1285 = PERSON_AND_ORGANIZATION ( #546, #856 ) ;
#1286 = ORIENTED_EDGE ( 'NONE', *, *, #1039, .T. ) ;
#1287 = FACE_OUTER_BOUND ( 'NONE', #1093, .T. ) ;
#1288 = AXIS2_PLACEMENT_3D ( 'NONE', #1378, #510, #1116 ) ;
#1289 = ORIENTED_EDGE ( 'NONE', *, *, #842, .F. ) ;
#1290 = AXIS2_PLACEMENT_3D ( 'NONE', #602, #1083, #714 ) ;
#1291 = DIRECTION ( 'NONE',  ( 1.000000000000000000, 0.000000000000000000, 0.000000000000000000 ) ) ;
#1292 = CARTESIAN_POINT ( 'NONE',  ( 16.26345596729058585, 16.26345596729059650, -19.00000000000000355 ) ) ;
#1293 = COORDINATED_UNIVERSAL_TIME_OFFSET ( 5, 30, .AHEAD. ) ;
#1294 = ORIENTED_EDGE ( 'NONE', *, *, #124, .F. ) ;
#1295 = CARTESIAN_POINT ( 'NONE',  ( -34.00000000000000000, -33.25966317040631992, -13.77660356514322260 ) ) ;
#1296 = VERTEX_POINT ( 'NONE', #413 ) ;
#1297 = ORIENTED_EDGE ( 'NONE', *, *, #1198, .F. ) ;
#1298 = LINE ( 'NONE', #1075, #444 ) ;
#1299 = DIRECTION ( 'NONE',  ( -1.000000000000000000, -0.000000000000000000, -0.000000000000000000 ) ) ;
#1300 = DIRECTION ( 'NONE',  ( 1.000000000000000000, 0.000000000000000000, 0.000000000000000000 ) ) ;
#1301 = ORIENTED_EDGE ( 'NONE', *, *, #20, .T. ) ;
#1302 = CARTESIAN_POINT ( 'NONE',  ( -34.00000000000000000, -2.241103642439656682E-15, 18.30000000000000071 ) ) ;
#1303 = VERTEX_POINT ( 'NONE', #1050 ) ;
#1304 = EDGE_CURVE ( 'NONE', #1484, #541, #158, .T. ) ;
#1305 = FACE_OUTER_BOUND ( 'NONE', #1182, .T. ) ;
#1306 = DIRECTION ( 'NONE',  ( -0.000000000000000000, -0.000000000000000000, -1.000000000000000000 ) ) ;
#1307 = CALENDAR_DATE ( 2026, 24, 9 ) ;
#1308 = CARTESIAN_POINT ( 'NONE',  ( -34.00000000000000000, -13.77660356514323325, 33.25966317040631992 ) ) ;
#1309 = EDGE_CURVE ( 'NONE', #652, #1103, #64, .T. ) ;
#1310 = VERTEX_POINT ( 'NONE', #1517 ) ;
#1311 = DIRECTION ( 'NONE',  ( -1.000000000000000000, -0.000000000000000000, -0.000000000000000000 ) ) ;
#1312 = ORIENTED_EDGE ( 'NONE', *, *, #982, .T. ) ;
#1313 = ORIENTED_EDGE ( 'NONE', *, *, #306, .F. ) ;
#1314 = ADVANCED_FACE ( 'NONE', ( #907 ), #200, .F. ) ;
#1315 = CIRCLE ( 'NONE', #310, 1.700000000000000178 ) ;
#1316 = VECTOR ( 'NONE', #272, 1000.000000000000000 ) ;
#1317 = DIRECTION ( 'NONE',  ( -0.000000000000000000, -0.000000000000000000, -1.000000000000000000 ) ) ;
#1318 = PRODUCT_DEFINITION_FORMATION_WITH_SPECIFIED_SOURCE ( 'ANY', '', #1127, .NOT_KNOWN. ) ;
#1319 = AXIS2_PLACEMENT_3D ( 'NONE', #1027, #1291, #192 ) ;
#1320 = PLANE ( 'NONE',  #1467 ) ;
#1321 = VECTOR ( 'NONE', #826, 1000.000000000000000 ) ;
#1322 = VECTOR ( 'NONE', #894, 1000.000000000000000 ) ;
#1323 = CARTESIAN_POINT ( 'NONE',  ( 17.96345596729058869, 16.26345596729059650, -13.00000000000000355 ) ) ;
#1324 = EDGE_LOOP ( 'NONE', ( #700, #487, #483, #1247 ) ) ;
#1325 = DIRECTION ( 'NONE',  ( 0.000000000000000000, -1.000000000000000000, 0.000000000000000000 ) ) ;
#1326 = ORIENTED_EDGE ( 'NONE', *, *, #1029, .T. ) ;
#1327 = VERTEX_POINT ( 'NONE', #772 ) ;
#1328 = PLANE ( 'NONE',  #312 ) ;
#1329 = CC_DESIGN_PERSON_AND_ORGANIZATION_ASSIGNMENT ( #1543, #1556, ( #969 ) ) ;
#1330 = DIRECTION ( 'NONE',  ( -1.000000000000000000, -0.000000000000000000, -0.000000000000000000 ) ) ;
#1331 = DESIGN_CONTEXT ( 'detailed design', #1362, 'design' ) ;
#1332 = ORIENTED_EDGE ( 'NONE', *, *, #235, .T. ) ;
#1333 = CARTESIAN_POINT ( 'NONE',  ( -34.00000000000000000, 17.32050807568877104, 10.00000000000000888 ) ) ;
#1334 = EDGE_LOOP ( 'NONE', ( #1249, #354 ) ) ;
#1335 = CARTESIAN_POINT ( 'NONE',  ( -17.96345596729059224, -16.26345596729059295, -13.00000000000000355 ) ) ;
#1336 = CARTESIAN_POINT ( 'NONE',  ( -40.00000000000000000, -17.32050807568877460, -11.70000000000000284 ) ) ;
#1337 = EDGE_CURVE ( 'NONE', #928, #1418, #1241, .T. ) ;
#1338 = ORIENTED_EDGE ( 'NONE', *, *, #229, .T. ) ;
#1339 = ORIENTED_EDGE ( 'NONE', *, *, #284, .T. ) ;
#1340 = CARTESIAN_POINT ( 'NONE',  ( -14.56345596729059011, -16.26345596729059295, -19.00000000000000355 ) ) ;
#1341 = VERTEX_POINT ( 'NONE', #80 ) ;
#1342 = VECTOR ( 'NONE', #26, 1000.000000000000000 ) ;
#1343 = CARTESIAN_POINT ( 'NONE',  ( -40.00000000000000000, -17.32050807568877460, 9.999999999999994671 ) ) ;
#1344 = APPROVAL_PERSON_ORGANIZATION ( #1285, #599, #1426 ) ;
#1345 = CIRCLE ( 'NONE', #391, 5.000000000000000000 ) ;
#1346 = VECTOR ( 'NONE', #1408, 1000.000000000000000 ) ;
#1347 = CARTESIAN_POINT ( 'NONE',  ( -34.00000000000000000, -33.25966317040631992, 13.77660356514323148 ) ) ;
#1348 = AXIS2_PLACEMENT_3D ( 'NONE', #968, #331, #811 ) ;
#1349 = EDGE_CURVE ( 'NONE', #595, #448, #151, .T. ) ;
#1350 = EDGE_LOOP ( 'NONE', ( #60, #1054 ) ) ;
#1351 = DIRECTION ( 'NONE',  ( 0.000000000000000000, 0.000000000000000000, 1.000000000000000000 ) ) ;
#1352 = FACE_BOUND ( 'NONE', #214, .T. ) ;
#1353 = LINE ( 'NONE', #994, #311 ) ;
#1354 = CARTESIAN_POINT ( 'NONE',  ( -40.00000000000000000, 17.32050807568877104, 10.00000000000000888 ) ) ;
#1355 = ORIENTED_EDGE ( 'NONE', *, *, #1396, .T. ) ;
#1356 = EDGE_CURVE ( 'NONE', #13, #1053, #47, .T. ) ;
#1357 = DIRECTION ( 'NONE',  ( -1.000000000000000000, -0.000000000000000000, -0.000000000000000000 ) ) ;
#1358 = VERTEX_POINT ( 'NONE', #542 ) ;
#1359 = CARTESIAN_POINT ( 'NONE',  ( -34.00000000000000000, 32.00000000000000000, 0.000000000000000000 ) ) ;
#1360 = DIRECTION ( 'NONE',  ( -0.000000000000000000, -0.7071067811865474617, -0.7071067811865475727 ) ) ;
#1361 = CARTESIAN_POINT ( 'NONE',  ( -16.26345596729058940, -16.26345596729059295, -13.00000000000000355 ) ) ;
#1362 = APPLICATION_CONTEXT ( 'configuration controlled 3d designs of mechanical parts and assemblies' ) ;
#1363 = ORIENTED_EDGE ( 'NONE', *, *, #1217, .T. ) ;
#1364 = EDGE_CURVE ( 'NONE', #1035, #44, #583, .T. ) ;
#1365 = DIRECTION ( 'NONE',  ( 0.000000000000000000, -0.7071067811865474617, 0.7071067811865476838 ) ) ;
#1366 = EDGE_LOOP ( 'NONE', ( #857, #1326, #667, #838 ) ) ;
#1367 = DIRECTION ( 'NONE',  ( -0.000000000000000000, -0.000000000000000000, -1.000000000000000000 ) ) ;
#1368 = DIRECTION ( 'NONE',  ( 1.000000000000000000, 0.000000000000000000, 0.000000000000000000 ) ) ;
#1369 = VECTOR ( 'NONE', #993, 1000.000000000000000 ) ;
#1370 = CIRCLE ( 'NONE', #1576, 7.000000000000000000 ) ;
#1371 = VECTOR ( 'NONE', #1565, 1000.000000000000000 ) ;
#1372 = AXIS2_PLACEMENT_3D ( 'NONE', #393, #775, #1379 ) ;
#1373 = ORIENTED_EDGE ( 'NONE', *, *, #694, .F. ) ;
#1374 = CARTESIAN_POINT ( 'NONE',  ( 32.00000000000000000, 32.00000000000000000, -13.00000000000000355 ) ) ;
#1375 = EDGE_LOOP ( 'NONE', ( #316, #1114, #1587, #1243 ) ) ;
#1376 = CARTESIAN_POINT ( 'NONE',  ( -40.00000000000000000, 32.00000000000000000, -15.03626673554954962 ) ) ;
#1377 = EDGE_CURVE ( 'NONE', #416, #44, #782, .T. ) ;
#1378 = CARTESIAN_POINT ( 'NONE',  ( -40.00000000000000000, 0.000000000000000000, -20.00000000000000000 ) ) ;
#1379 = DIRECTION ( 'NONE',  ( 1.000000000000000000, 0.000000000000000000, 0.000000000000000000 ) ) ;
#1380 = CARTESIAN_POINT ( 'NONE',  ( -34.00000000000000000, -1.374772708486753814, -19.00000000000000355 ) ) ;
#1381 = VERTEX_POINT ( 'NONE', #947 ) ;
#1382 = LINE ( 'NONE', #1179, #879 ) ;
#1383 = CARTESIAN_POINT ( 'NONE',  ( -34.00000000000000000, -17.32050807568877460, -10.00000000000000178 ) ) ;
#1384 = DIRECTION ( 'NONE',  ( -1.000000000000000000, -0.000000000000000000, -0.000000000000000000 ) ) ;
#1385 = FACE_BOUND ( 'NONE', #317, .T. ) ;
#1386 = EDGE_CURVE ( 'NONE', #1282, #458, #1437, .T. ) ;
#1387 = PLANE ( 'NONE',  #1551 ) ;
#1388 = ORIENTED_EDGE ( 'NONE', *, *, #699, .F. ) ;
#1389 = DIRECTION ( 'NONE',  ( -1.000000000000000000, 0.000000000000000000, 0.000000000000000000 ) ) ;
#1390 = CARTESIAN_POINT ( 'NONE',  ( -37.79999999999999716, 0.000000000000000000, 15.15000000000000036 ) ) ;
#1391 = DIRECTION ( 'NONE',  ( 0.000000000000000000, 0.000000000000000000, 1.000000000000000000 ) ) ;
#1392 = APPLICATION_CONTEXT ( 'configuration controlled 3d designs of mechanical parts and assemblies' ) ;
#1393 = CIRCLE ( 'NONE', #414, 15.15000000000000036 ) ;
#1394 = CIRCLE ( 'NONE', #6, 15.15000000000000036 ) ;
#1395 = CIRCLE ( 'NONE', #655, 5.000000000000000000 ) ;
#1396 = EDGE_CURVE ( 'NONE', #416, #448, #209, .T. ) ;
#1397 = VECTOR ( 'NONE', #1413, 1000.000000000000000 ) ;
#1398 = CARTESIAN_POINT ( 'NONE',  ( -34.00000000000000000, -13.77660356514324036, -33.25966317040631282 ) ) ;
#1399 = VERTEX_POINT ( 'NONE', #91 ) ;
#1400 = CARTESIAN_POINT ( 'NONE',  ( -34.00000000000000000, -17.32050807568877460, -10.00000000000000178 ) ) ;
#1401 = AXIS2_PLACEMENT_3D ( 'NONE', #1146, #1300, #1278 ) ;
#1402 = CARTESIAN_POINT ( 'NONE',  ( -7.000000000000000000, 0.000000000000000000, -13.00000000000000355 ) ) ;
#1403 = DIRECTION ( 'NONE',  ( -1.000000000000000000, 0.000000000000000000, 0.000000000000000000 ) ) ;
#1404 = VERTEX_POINT ( 'NONE', #1085 ) ;
#1405 = CARTESIAN_POINT ( 'NONE',  ( -37.79999999999999716, 0.000000000000000000, 0.000000000000000000 ) ) ;
#1406 = ORIENTED_EDGE ( 'NONE', *, *, #1244, .F. ) ;
#1407 = EDGE_CURVE ( 'NONE', #1265, #835, #1444, .T. ) ;
#1408 = DIRECTION ( 'NONE',  ( -0.000000000000000000, 0.7071067811865476838, 0.7071067811865474617 ) ) ;
#1409 = EDGE_CURVE ( 'NONE', #1103, #652, #710, .T. ) ;
#1410 = CARTESIAN_POINT ( 'NONE',  ( -40.00000000000000000, -17.32050807568877460, -10.00000000000000178 ) ) ;
#1411 = ORIENTED_EDGE ( 'NONE', *, *, #1256, .T. ) ;
#1412 = EDGE_CURVE ( 'NONE', #1095, #240, #964, .T. ) ;
#1413 = DIRECTION ( 'NONE',  ( -0.000000000000000000, -0.000000000000000000, -1.000000000000000000 ) ) ;
#1414 = EDGE_LOOP ( 'NONE', ( #95, #498 ) ) ;
#1415 = DIRECTION ( 'NONE',  ( 0.000000000000000000, 0.000000000000000000, -1.000000000000000000 ) ) ;
#1416 = ADVANCED_FACE ( 'NONE', ( #359 ), #978, .F. ) ;
#1417 = COORDINATED_UNIVERSAL_TIME_OFFSET ( 5, 30, .AHEAD. ) ;
#1418 = VERTEX_POINT ( 'NONE', #1205 ) ;
#1419 = DIRECTION ( 'NONE',  ( 0.000000000000000000, -0.000000000000000000, -1.000000000000000000 ) ) ;
#1420 = CIRCLE ( 'NONE', #238, 1.700000000000000178 ) ;
#1421 = VERTEX_POINT ( 'NONE', #493 ) ;
#1422 = AXIS2_PLACEMENT_3D ( 'NONE', #3, #1094, #1208 ) ;
#1423 = DIRECTION ( 'NONE',  ( 0.000000000000000000, 0.000000000000000000, -1.000000000000000000 ) ) ;
#1424 = VECTOR ( 'NONE', #1446, 1000.000000000000000 ) ;
#1425 = CARTESIAN_POINT ( 'NONE',  ( -40.00000000000000000, 32.00000000000000000, -13.00000000000000355 ) ) ;
#1426 = APPROVAL_ROLE ( '' ) ;
#1427 = ADVANCED_FACE ( 'NONE', ( #222 ), #11, .F. ) ;
#1428 = DIRECTION ( 'NONE',  ( 1.000000000000000000, 0.000000000000000000, 0.000000000000000000 ) ) ;
#1429 = EDGE_CURVE ( 'NONE', #974, #16, #219, .T. ) ;
#1430 = ORIENTED_EDGE ( 'NONE', *, *, #523, .T. ) ;
#1431 = CARTESIAN_POINT ( 'NONE',  ( -34.00000000000000000, 6.123233995736766282E-16, -5.000000000000000000 ) ) ;
#1432 = ORIENTED_EDGE ( 'NONE', *, *, #1494, .F. ) ;
#1433 = DIRECTION ( 'NONE',  ( -0.000000000000000000, -0.000000000000000000, -1.000000000000000000 ) ) ;
#1434 = FACE_OUTER_BOUND ( 'NONE', #378, .T. ) ;
#1435 = EDGE_CURVE ( 'NONE', #669, #507, #1270, .T. ) ;
#1436 = DATE_AND_TIME ( #672, #363 ) ;
#1437 = LINE ( 'NONE', #1308, #1163 ) ;
#1438 = ORIENTED_EDGE ( 'NONE', *, *, #291, .T. ) ;
#1439 = CARTESIAN_POINT ( 'NONE',  ( -40.00000000000000000, -32.00000000000000000, -19.00000000000000355 ) ) ;
#1440 = EDGE_CURVE ( 'NONE', #202, #94, #1199, .T. ) ;
#1441 = ORIENTED_EDGE ( 'NONE', *, *, #904, .F. ) ;
#1442 = FACE_OUTER_BOUND ( 'NONE', #675, .T. ) ;
#1443 = PLANE ( 'NONE',  #260 ) ;
#1444 = LINE ( 'NONE', #1323, #1527 ) ;
#1445 = ORIENTED_EDGE ( 'NONE', *, *, #953, .F. ) ;
#1446 = DIRECTION ( 'NONE',  ( -1.000000000000000000, -0.000000000000000000, -0.000000000000000000 ) ) ;
#1447 = ORIENTED_EDGE ( 'NONE', *, *, #466, .F. ) ;
#1448 = VECTOR ( 'NONE', #1360, 1000.000000000000000 ) ;
#1449 = CARTESIAN_POINT ( 'NONE',  ( -17.96345596729059935, 16.26345596729058940, -13.00000000000000355 ) ) ;
#1450 = AXIS2_PLACEMENT_3D ( 'NONE', #551, #918, #798 ) ;
#1451 = CARTESIAN_POINT ( 'NONE',  ( -40.00000000000000000, -2.241103642439656682E-15, 18.30000000000000071 ) ) ;
#1452 = VECTOR ( 'NONE', #93, 1000.000000000000000 ) ;
#1453 = DIRECTION ( 'NONE',  ( 1.000000000000000000, 0.000000000000000000, 0.000000000000000000 ) ) ;
#1454 = VERTEX_POINT ( 'NONE', #1214 ) ;
#1455 = DIRECTION ( 'NONE',  ( -1.000000000000000000, -0.000000000000000000, -0.000000000000000000 ) ) ;
#1456 = DIRECTION ( 'NONE',  ( 0.000000000000000000, -0.7071067811865473507, 0.7071067811865477948 ) ) ;
#1457 = EDGE_CURVE ( 'NONE', #120, #1327, #345, .T. ) ;
#1458 = ORIENTED_EDGE ( 'NONE', *, *, #1337, .F. ) ;
#1459 = DIRECTION ( 'NONE',  ( 1.000000000000000000, 0.000000000000000000, 0.000000000000000000 ) ) ;
#1460 = EDGE_LOOP ( 'NONE', ( #897, #410 ) ) ;
#1461 = LINE ( 'NONE', #1495, #1106 ) ;
#1462 = ORIENTED_EDGE ( 'NONE', *, *, #820, .T. ) ;
#1463 = DIRECTION ( 'NONE',  ( -1.000000000000000000, 0.000000000000000000, 0.000000000000000000 ) ) ;
#1464 = VERTEX_POINT ( 'NONE', #738 ) ;
#1465 = CARTESIAN_POINT ( 'NONE',  ( 16.26345596729059295, -16.26345596729059295, -19.00000000000000355 ) ) ;
#1466 = ORIENTED_EDGE ( 'NONE', *, *, #1407, .T. ) ;
#1467 = AXIS2_PLACEMENT_3D ( 'NONE', #1197, #1203, #603 ) ;
#1468 = FACE_BOUND ( 'NONE', #789, .T. ) ;
#1469 = VECTOR ( 'NONE', #1200, 1000.000000000000000 ) ;
#1470 = DIRECTION ( 'NONE',  ( -0.000000000000000000, 0.7071067811865476838, 0.7071067811865474617 ) ) ;
#1471 = EDGE_CURVE ( 'NONE', #942, #92, #1221, .T. ) ;
#1472 = LINE ( 'NONE', #865, #836 ) ;
#1473 = AXIS2_PLACEMENT_3D ( 'NONE', #1, #126, #1463 ) ;
#1474 = EDGE_CURVE ( 'NONE', #942, #930, #1112, .T. ) ;
#1475 = ORIENTED_EDGE ( 'NONE', *, *, #1440, .F. ) ;
#1476 = CARTESIAN_POINT ( 'NONE',  ( 16.26345596729059295, -16.26345596729059295, -13.00000000000000355 ) ) ;
#1477 = EDGE_LOOP ( 'NONE', ( #204, #398 ) ) ;
#1478 = CARTESIAN_POINT ( 'NONE',  ( -34.00000000000000000, 0.000000000000000000, 5.000000000000000000 ) ) ;
#1479 = VERTEX_POINT ( 'NONE', #1336 ) ;
#1480 = ADVANCED_FACE ( 'NONE', ( #481 ), #105, .F. ) ;
#1481 = FACE_OUTER_BOUND ( 'NONE', #387, .T. ) ;
#1482 = FACE_BOUND ( 'NONE', #150, .T. ) ;
#1483 = EDGE_LOOP ( 'NONE', ( #1150, #128 ) ) ;
#1484 = VERTEX_POINT ( 'NONE', #986 ) ;
#1485 = CARTESIAN_POINT ( 'NONE',  ( -34.00000000000000000, 17.32050807568877104, 8.300000000000009592 ) ) ;
#1486 = EDGE_LOOP ( 'NONE', ( #1406, #175, #190, #1447 ) ) ;
#1487 = CARTESIAN_POINT ( 'NONE',  ( -40.00000000000000000, 32.00000000000000000, -13.00000000000000355 ) ) ;
#1488 = ORIENTED_EDGE ( 'NONE', *, *, #141, .F. ) ;
#1489 = FACE_BOUND ( 'NONE', #370, .T. ) ;
#1490 = CARTESIAN_POINT ( 'NONE',  ( -40.00000000000000000, 28.03626673554954607, -19.00000000000000355 ) ) ;
#1491 = ORIENTED_EDGE ( 'NONE', *, *, #699, .T. ) ;
#1492 = DIRECTION ( 'NONE',  ( 0.000000000000000000, 0.000000000000000000, 1.000000000000000000 ) ) ;
#1493 = ORIENTED_EDGE ( 'NONE', *, *, #337, .F. ) ;
#1494 = EDGE_CURVE ( 'NONE', #1118, #702, #1472, .T. ) ;
#1495 = CARTESIAN_POINT ( 'NONE',  ( 32.00000000000000000, 32.00000000000000000, -19.00000000000000355 ) ) ;
#1496 = ORIENTED_EDGE ( 'NONE', *, *, #1225, .F. ) ;
#1497 = LINE ( 'NONE', #640, #705 ) ;
#1498 = APPROVAL_PERSON_ORGANIZATION ( #1280, #566, #945 ) ;
#1499 = CYLINDRICAL_SURFACE ( 'NONE', #678, 1.700000000000000178 ) ;
#1500 = CIRCLE ( 'NONE', #108, 5.000000000000000000 ) ;
#1501 = VECTOR ( 'NONE', #636, 1000.000000000000000 ) ;
#1502 = CARTESIAN_POINT ( 'NONE',  ( -16.26345596729059650, 16.26345596729058940, -19.00000000000000355 ) ) ;
#1503 = ORIENTED_EDGE ( 'NONE', *, *, #124, .T. ) ;
#1504 = CYLINDRICAL_SURFACE ( 'NONE', #419, 1.700000000000000178 ) ;
#1505 = LINE ( 'NONE', #633, #494 ) ;
#1506 = FACE_BOUND ( 'NONE', #1142, .T. ) ;
#1507 = ORIENTED_EDGE ( 'NONE', *, *, #229, .F. ) ;
#1508 = DIRECTION ( 'NONE',  ( 0.000000000000000000, -1.000000000000000000, 2.518361608903234722E-16 ) ) ;
#1509 = VERTEX_POINT ( 'NONE', #745 ) ;
#1510 = DIRECTION ( 'NONE',  ( -1.000000000000000000, -0.000000000000000000, -0.000000000000000000 ) ) ;
#1511 = CARTESIAN_POINT ( 'NONE',  ( -34.00000000000000000, 0.000000000000000000, -19.00000000000000355 ) ) ;
#1512 = DIRECTION ( 'NONE',  ( -1.000000000000000000, 0.000000000000000000, 0.000000000000000000 ) ) ;
#1513 = EDGE_CURVE ( 'NONE', #1310, #1526, #1252, .T. ) ;
#1514 = ORIENTED_EDGE ( 'NONE', *, *, #1304, .F. ) ;
#1515 = LINE ( 'NONE', #277, #1397 ) ;
#1516 = ORIENTED_EDGE ( 'NONE', *, *, #360, .F. ) ;
#1517 = CARTESIAN_POINT ( 'NONE',  ( -34.00000000000000000, -32.00000000000000000, -13.00000000000000355 ) ) ;
#1518 = CARTESIAN_POINT ( 'NONE',  ( -17.96345596729059935, 16.26345596729058940, -19.00000000000000355 ) ) ;
#1519 = VECTOR ( 'NONE', #1580, 1000.000000000000000 ) ;
#1520 = VECTOR ( 'NONE', #1470, 1000.000000000000000 ) ;
#1521 = EDGE_CURVE ( 'NONE', #928, #866, #289, .T. ) ;
#1522 = CIRCLE ( 'NONE', #833, 5.000000000000000000 ) ;
#1523 = ORIENTED_EDGE ( 'NONE', *, *, #1356, .F. ) ;
#1524 = CYLINDRICAL_SURFACE ( 'NONE', #584, 15.15000000000000036 ) ;
#1525 = ADVANCED_FACE ( 'NONE', ( #519, #1506, #1129, #1009, #274, #1385, #33, #1482 ), #888, .T. ) ;
#1526 = VERTEX_POINT ( 'NONE', #666 ) ;
#1527 = VECTOR ( 'NONE', #1092, 1000.000000000000000 ) ;
#1528 = DIRECTION ( 'NONE',  ( -1.000000000000000000, -0.000000000000000000, -0.000000000000000000 ) ) ;
#1529 = DIRECTION ( 'NONE',  ( 1.000000000000000000, 0.000000000000000000, 0.000000000000000000 ) ) ;
#1530 = APPLICATION_PROTOCOL_DEFINITION ( 'international standard', 'config_control_design', 1994, #1362 ) ;
#1531 = ADVANCED_FACE ( 'NONE', ( #376 ), #1499, .F. ) ;
#1532 = ORIENTED_EDGE ( 'NONE', *, *, #1109, .F. ) ;
#1533 = DIRECTION ( 'NONE',  ( 1.000000000000000000, 0.000000000000000000, 0.000000000000000000 ) ) ;
#1534 = ORIENTED_EDGE ( 'NONE', *, *, #579, .T. ) ;
#1535 = CARTESIAN_POINT ( 'NONE',  ( 0.000000000000000000, 0.000000000000000000, -19.00000000000000355 ) ) ;
#1536 = DATE_AND_TIME ( #181, #524 ) ;
#1537 = EDGE_LOOP ( 'NONE', ( #67, #1503, #684, #563 ) ) ;
#1538 = CYLINDRICAL_SURFACE ( 'NONE', #243, 1.700000000000000178 ) ;
#1539 = VERTEX_POINT ( 'NONE', #281 ) ;
#1540 = DIRECTION ( 'NONE',  ( -0.000000000000000000, 0.7071067811865473507, -0.7071067811865477948 ) ) ;
#1541 = EDGE_CURVE ( 'NONE', #1023, #16, #641, .T. ) ;
#1542 = CARTESIAN_POINT ( 'NONE',  ( -40.00000000000000000, 1.855339900708240019E-15, -15.15000000000000036 ) ) ;
#1543 = PERSON_AND_ORGANIZATION ( #546, #856 ) ;
#1544 = DIRECTION ( 'NONE',  ( -0.000000000000000000, 1.000000000000000000, -2.518361608903234722E-16 ) ) ;
#1545 = VECTOR ( 'NONE', #847, 1000.000000000000000 ) ;
#1546 = ORIENTED_EDGE ( 'NONE', *, *, #953, .T. ) ;
#1547 = CARTESIAN_POINT ( 'NONE',  ( -16.26345596729059650, 16.26345596729058940, -13.00000000000000355 ) ) ;
#1548 = CIRCLE ( 'NONE', #1213, 1.700000000000000178 ) ;
#1549 = ORIENTED_EDGE ( 'NONE', *, *, #206, .T. ) ;
#1550 = EDGE_LOOP ( 'NONE', ( #1240, #189, #1532, #211 ) ) ;
#1551 = AXIS2_PLACEMENT_3D ( 'NONE', #403, #534, #1508 ) ;
#1552 = EDGE_CURVE ( 'NONE', #835, #702, #58, .T. ) ;
#1553 = CARTESIAN_POINT ( 'NONE',  ( 16.26345596729059295, -16.26345596729059295, -13.00000000000000355 ) ) ;
#1554 = VECTOR ( 'NONE', #1311, 1000.000000000000000 ) ;
#1555 = DIRECTION ( 'NONE',  ( 1.000000000000000000, 0.000000000000000000, 0.000000000000000000 ) ) ;
#1556 = PERSON_AND_ORGANIZATION_ROLE ( 'creator' ) ;
#1557 = DIRECTION ( 'NONE',  ( -0.000000000000000000, 0.7071067811865473507, -0.7071067811865477948 ) ) ;
#1558 = ORIENTED_EDGE ( 'NONE', *, *, #1235, .T. ) ;
#1559 = DIRECTION ( 'NONE',  ( -1.000000000000000000, 0.000000000000000000, 0.000000000000000000 ) ) ;
#1560 = ORIENTED_EDGE ( 'NONE', *, *, #90, .T. ) ;
#1561 = CARTESIAN_POINT ( 'NONE',  ( 7.000000000000000000, 8.572527594031473190E-16, -13.00000000000000355 ) ) ;
#1562 = LINE ( 'NONE', #1577, #1263 ) ;
#1563 = DIRECTION ( 'NONE',  ( 1.000000000000000000, 0.000000000000000000, 0.000000000000000000 ) ) ;
#1564 = ORIENTED_EDGE ( 'NONE', *, *, #1081, .T. ) ;
#1565 = DIRECTION ( 'NONE',  ( -0.000000000000000000, -0.000000000000000000, 1.000000000000000000 ) ) ;
#1566 = VERTEX_POINT ( 'NONE', #768 ) ;
#1567 = VERTEX_POINT ( 'NONE', #1490 ) ;
#1568 = DIRECTION ( 'NONE',  ( 0.000000000000000000, 0.000000000000000000, 1.000000000000000000 ) ) ;
#1569 = CARTESIAN_POINT ( 'NONE',  ( 32.00000000000000000, -32.00000000000000000, -13.00000000000000355 ) ) ;
#1570 = CARTESIAN_POINT ( 'NONE',  ( 0.000000000000000000, 0.000000000000000000, -13.00000000000000355 ) ) ;
#1571 = FACE_OUTER_BOUND ( 'NONE', #778, .T. ) ;
#1572 = EDGE_CURVE ( 'NONE', #294, #1454, #961, .T. ) ;
#1573 = VECTOR ( 'NONE', #1544, 1000.000000000000000 ) ;
#1574 = AXIS2_PLACEMENT_3D ( 'NONE', #973, #1084, #598 ) ;
#1575 = DIRECTION ( 'NONE',  ( 0.000000000000000000, 0.000000000000000000, 1.000000000000000000 ) ) ;
#1576 = AXIS2_PLACEMENT_3D ( 'NONE', #1195, #438, #1056 ) ;
#1577 = CARTESIAN_POINT ( 'NONE',  ( -34.00000000000000000, -2.449293598294706513E-15, 21.69999999999999929 ) ) ;
#1578 = CIRCLE ( 'NONE', #499, 1.700000000000000178 ) ;
#1579 = VECTOR ( 'NONE', #1190, 1000.000000000000000 ) ;
#1580 = DIRECTION ( 'NONE',  ( -1.000000000000000000, -0.000000000000000000, -0.000000000000000000 ) ) ;
#1581 = CARTESIAN_POINT ( 'NONE',  ( -34.00000000000000000, -17.32050807568877460, 9.999999999999994671 ) ) ;
#1582 = EDGE_LOOP ( 'NONE', ( #282, #1160, #825, #24 ) ) ;
#1583 = EDGE_CURVE ( 'NONE', #74, #302, #1087, .T. ) ;
#1584 = CARTESIAN_POINT ( 'NONE',  ( -17.96345596729059224, -16.26345596729059295, -13.00000000000000355 ) ) ;
#1585 = EDGE_CURVE ( 'NONE', #867, #1341, #1315, .T. ) ;
#1586 = DIRECTION ( 'NONE',  ( -1.000000000000000000, -0.000000000000000000, -0.000000000000000000 ) ) ;
#1587 = ORIENTED_EDGE ( 'NONE', *, *, #1198, .T. ) ;
#1588 = CARTESIAN_POINT ( 'NONE',  ( -40.00000000000000000, -28.03626673554954607, -19.00000000000000355 ) ) ;
#1589 = FACE_OUTER_BOUND ( 'NONE', #250, .T. ) ;
ENDSEC;
END-ISO-10303-21;
