ISO-10303-21;
HEADER;
FILE_DESCRIPTION (( 'STEP AP203' ),
    '1' );
FILE_NAME ('JX1_UpperArm_L.STEP',
    '2026-09-24T05:39:53',
    ( '' ),
    ( '' ),
    'SwSTEP 2.0',
    'SolidWorks 2026',
    '' );
FILE_SCHEMA (( 'CONFIG_CONTROL_DESIGN' ));
ENDSEC;

DATA;
#1 = VERTEX_POINT ( 'NONE', #980 ) ;
#2 = CARTESIAN_POINT ( 'NONE',  ( 0.000000000000000000, 0.000000000000000000, -8.000000000000000000 ) ) ;
#3 = DIRECTION ( 'NONE',  ( 0.000000000000000000, 0.000000000000000000, -1.000000000000000000 ) ) ;
#4 = ORIENTED_EDGE ( 'NONE', *, *, #640, .T. ) ;
#5 = EDGE_CURVE ( 'NONE', #202, #1157, #1106, .T. ) ;
#6 = CARTESIAN_POINT ( 'NONE',  ( 8.000000000000001776, -13.85640646055101755, 0.000000000000000000 ) ) ;
#7 = AXIS2_PLACEMENT_3D ( 'NONE', #549, #930, #414 ) ;
#8 = CYLINDRICAL_SURFACE ( 'NONE', #630, 1.700000000000000178 ) ;
#9 = VECTOR ( 'NONE', #1483, 1000.000000000000000 ) ;
#10 = AXIS2_PLACEMENT_3D ( 'NONE', #807, #616, #867 ) ;
#11 = ORIENTED_EDGE ( 'NONE', *, *, #448, .F. ) ;
#12 = CARTESIAN_POINT ( 'NONE',  ( 6.300000000000001599, -13.85640646055101755, -8.000000000000000000 ) ) ;
#13 = CARTESIAN_POINT ( 'NONE',  ( 16.26345596729058585, -35.50000000000000000, -113.7365440327094177 ) ) ;
#14 = EDGE_LOOP ( 'NONE', ( #910, #107, #429, #476 ) ) ;
#15 = LINE ( 'NONE', #493, #763 ) ;
#16 = ORIENTED_EDGE ( 'NONE', *, *, #882, .F. ) ;
#17 = EDGE_CURVE ( 'NONE', #529, #1080, #600, .T. ) ;
#18 = ORIENTED_EDGE ( 'NONE', *, *, #180, .T. ) ;
#19 = FACE_OUTER_BOUND ( 'NONE', #31, .T. ) ;
#20 = DIRECTION ( 'NONE',  ( 1.000000000000000000, 0.000000000000000000, 0.000000000000000000 ) ) ;
#21 = FACE_OUTER_BOUND ( 'NONE', #482, .T. ) ;
#22 = EDGE_CURVE ( 'NONE', #1157, #148, #368, .T. ) ;
#23 = VECTOR ( 'NONE', #387, 1000.000000000000000 ) ;
#24 = ORIENTED_EDGE ( 'NONE', *, *, #702, .F. ) ;
#25 = AXIS2_PLACEMENT_3D ( 'NONE', #954, #703, #1185 ) ;
#26 = DIRECTION ( 'NONE',  ( -0.000000000000000000, -0.000000000000000000, -1.000000000000000000 ) ) ;
#27 = FACE_OUTER_BOUND ( 'NONE', #1311, .T. ) ;
#28 = LINE ( 'NONE', #1073, #1009 ) ;
#29 = EDGE_CURVE ( 'NONE', #1101, #81, #385, .T. ) ;
#30 = DIRECTION ( 'NONE',  ( 0.000000000000000000, -0.000000000000000000, 1.000000000000000000 ) ) ;
#31 = EDGE_LOOP ( 'NONE', ( #348, #285, #88, #241 ) ) ;
#32 = LINE ( 'NONE', #1013, #860 ) ;
#33 = CARTESIAN_POINT ( 'NONE',  ( -30.00000000000000000, -25.49999999999999645, -160.0000000000000000 ) ) ;
#34 = ORIENTED_EDGE ( 'NONE', *, *, #1427, .F. ) ;
#35 = DIRECTION ( 'NONE',  ( 0.000000000000000000, 0.000000000000000000, -1.000000000000000000 ) ) ;
#36 = UNCERTAINTY_MEASURE_WITH_UNIT (LENGTH_MEASURE( 1.000000000000000082E-05 ), #420, 'distance_accuracy_value', 'NONE');
#37 = LINE ( 'NONE', #537, #48 ) ;
#38 = EDGE_CURVE ( 'NONE', #68, #1165, #625, .T. ) ;
#39 = DIRECTION ( 'NONE',  ( 0.000000000000000000, 0.000000000000000000, 1.000000000000000000 ) ) ;
#40 = EDGE_LOOP ( 'NONE', ( #1582, #1097 ) ) ;
#41 = FACE_OUTER_BOUND ( 'NONE', #1119, .T. ) ;
#42 = DIRECTION ( 'NONE',  ( 0.000000000000000000, -0.000000000000000000, 1.000000000000000000 ) ) ;
#43 = ORIENTED_EDGE ( 'NONE', *, *, #323, .T. ) ;
#44 = CARTESIAN_POINT ( 'NONE',  ( -16.26345596729059650, -35.50000000000000000, -113.7365440327094177 ) ) ;
#45 = CARTESIAN_POINT ( 'NONE',  ( 30.00000000000000000, -35.50000000000000000, -160.0000000000000000 ) ) ;
#46 = EDGE_CURVE ( 'NONE', #855, #679, #1029, .T. ) ;
#47 = ORIENTED_EDGE ( 'NONE', *, *, #488, .T. ) ;
#48 = VECTOR ( 'NONE', #192, 1000.000000000000000 ) ;
#49 = AXIS2_PLACEMENT_3D ( 'NONE', #906, #1019, #282 ) ;
#50 = ORIENTED_EDGE ( 'NONE', *, *, #1177, .T. ) ;
#51 = VECTOR ( 'NONE', #724, 1000.000000000000000 ) ;
#52 = FACE_BOUND ( 'NONE', #1442, .T. ) ;
#53 = DIRECTION ( 'NONE',  ( -0.000000000000000000, -0.000000000000000000, -1.000000000000000000 ) ) ;
#54 = CIRCLE ( 'NONE', #688, 1.700000000000000178 ) ;
#55 = ORIENTED_EDGE ( 'NONE', *, *, #1427, .T. ) ;
#56 = VECTOR ( 'NONE', #290, 1000.000000000000000 ) ;
#57 = DIRECTION ( 'NONE',  ( 0.000000000000000000, 0.000000000000000000, 1.000000000000000000 ) ) ;
#58 = DIRECTION ( 'NONE',  ( 1.000000000000000000, 0.000000000000000000, -0.000000000000000000 ) ) ;
#59 = ORIENTED_EDGE ( 'NONE', *, *, #469, .F. ) ;
#60 = PLANE ( 'NONE',  #131 ) ;
#61 = CARTESIAN_POINT ( 'NONE',  ( -17.69999999999999929, 1.959434878635765131E-15, -8.000000000000000000 ) ) ;
#62 = EDGE_LOOP ( 'NONE', ( #47, #252 ) ) ;
#63 = DIRECTION ( 'NONE',  ( 0.000000000000000000, 0.000000000000000000, 1.000000000000000000 ) ) ;
#64 = ORIENTED_EDGE ( 'NONE', *, *, #1432, .T. ) ;
#65 = DIRECTION ( 'NONE',  ( 0.000000000000000000, 0.000000000000000000, 1.000000000000000000 ) ) ;
#66 = PLANE ( 'NONE',  #1007 ) ;
#67 = DIRECTION ( 'NONE',  ( -0.000000000000000000, -1.000000000000000000, -0.000000000000000000 ) ) ;
#68 = VERTEX_POINT ( 'NONE', #850 ) ;
#69 = CARTESIAN_POINT ( 'NONE',  ( 16.26345596729059295, -35.50000000000000000, -144.5634559672905937 ) ) ;
#70 = DIRECTION ( 'NONE',  ( -1.000000000000000000, 0.000000000000000000, 0.000000000000000000 ) ) ;
#71 = DIRECTION ( 'NONE',  ( -0.000000000000000000, -0.000000000000000000, -1.000000000000000000 ) ) ;
#72 = ADVANCED_FACE ( 'NONE', ( #484 ), #986, .F. ) ;
#73 = ORIENTED_EDGE ( 'NONE', *, *, #494, .F. ) ;
#74 = LINE ( 'NONE', #555, #505 ) ;
#75 = VERTEX_POINT ( 'NONE', #12 ) ;
#76 = AXIS2_PLACEMENT_3D ( 'NONE', #730, #1090, #501 ) ;
#77 = AXIS2_PLACEMENT_3D ( 'NONE', #356, #745, #147 ) ;
#78 = CARTESIAN_POINT ( 'NONE',  ( -30.00000000000000000, -25.49999999999999645, -8.000000000000000000 ) ) ;
#79 = SECURITY_CLASSIFICATION ( '', '', #1453 ) ;
#80 = CIRCLE ( 'NONE', #312, 7.000000000000006217 ) ;
#81 = VERTEX_POINT ( 'NONE', #370 ) ;
#82 = LINE ( 'NONE', #561, #736 ) ;
#83 = AXIS2_PLACEMENT_3D ( 'NONE', #875, #1341, #1210 ) ;
#84 = VECTOR ( 'NONE', #752, 1000.000000000000000 ) ;
#85 = EDGE_LOOP ( 'NONE', ( #924, #224, #244, #749 ) ) ;
#86 = EDGE_CURVE ( 'NONE', #701, #993, #1237, .T. ) ;
#87 = FACE_OUTER_BOUND ( 'NONE', #836, .T. ) ;
#88 = ORIENTED_EDGE ( 'NONE', *, *, #1122, .F. ) ;
#89 = VERTEX_POINT ( 'NONE', #248 ) ;
#90 = CARTESIAN_POINT ( 'NONE',  ( -30.00000000000000000, -25.49999999999999645, -8.000000000000000000 ) ) ;
#91 = PERSON_AND_ORGANIZATION_ROLE ( 'creator' ) ;
#92 = ORIENTED_EDGE ( 'NONE', *, *, #1224, .F. ) ;
#93 = CARTESIAN_POINT ( 'NONE',  ( 16.26345596729058585, -25.49999999999999645, -112.0365440327094007 ) ) ;
#94 = VERTEX_POINT ( 'NONE', #269 ) ;
#95 = EDGE_CURVE ( 'NONE', #941, #1291, #1370, .T. ) ;
#96 = VERTEX_POINT ( 'NONE', #1232 ) ;
#97 = CARTESIAN_POINT ( 'NONE',  ( 30.00000000000000000, -35.50000000000000000, -8.000000000000000000 ) ) ;
#98 = APPROVAL_ROLE ( '' ) ;
#99 = EDGE_CURVE ( 'NONE', #1346, #808, #234, .T. ) ;
#100 = LINE ( 'NONE', #577, #1189 ) ;
#101 = ORIENTED_EDGE ( 'NONE', *, *, #513, .T. ) ;
#102 = CARTESIAN_POINT ( 'NONE',  ( -16.26345596729058940, -35.50000000000000000, -146.2634559672905823 ) ) ;
#103 = ORIENTED_EDGE ( 'NONE', *, *, #448, .T. ) ;
#104 = ORIENTED_EDGE ( 'NONE', *, *, #1289, .T. ) ;
#105 = FACE_OUTER_BOUND ( 'NONE', #997, .T. ) ;
#106 = AXIS2_PLACEMENT_3D ( 'NONE', #439, #923, #280 ) ;
#107 = ORIENTED_EDGE ( 'NONE', *, *, #22, .T. ) ;
#108 = AXIS2_PLACEMENT_3D ( 'NONE', #1299, #1316, #228 ) ;
#109 = VECTOR ( 'NONE', #1286, 1000.000000000000000 ) ;
#110 = DIRECTION ( 'NONE',  ( -0.000000000000000000, -0.000000000000000000, -1.000000000000000000 ) ) ;
#111 = ADVANCED_BREP_SHAPE_REPRESENTATION ( 'JX1_UpperArm_L', ( #1294, #106 ), #459 ) ;
#112 = DIRECTION ( 'NONE',  ( -1.000000000000000000, 0.000000000000000000, 0.000000000000000000 ) ) ;
#113 = VERTEX_POINT ( 'NONE', #998 ) ;
#114 = CARTESIAN_POINT ( 'NONE',  ( 24.50000000000000000, -25.49999999999999645, -8.000000000000000000 ) ) ;
#115 = ADVANCED_FACE ( 'NONE', ( #1243, #1258, #156, #181, #417, #171 ), #66, .T. ) ;
#116 = EDGE_LOOP ( 'NONE', ( #1225, #4, #575, #1187 ) ) ;
#117 = APPLICATION_CONTEXT ( 'configuration controlled 3d designs of mechanical parts and assemblies' ) ;
#118 = DIRECTION ( 'NONE',  ( 0.000000000000000000, 0.000000000000000000, 1.000000000000000000 ) ) ;
#119 = ORIENTED_EDGE ( 'NONE', *, *, #164, .F. ) ;
#120 = ADVANCED_FACE ( 'NONE', ( #41, #900, #1136, #919, #1396, #1518 ), #1379, .F. ) ;
#121 = ORIENTED_EDGE ( 'NONE', *, *, #1234, .T. ) ;
#122 = CARTESIAN_POINT ( 'NONE',  ( 25.00000000000000000, -25.49999999999999645, -8.000000000000000000 ) ) ;
#123 = ORIENTED_EDGE ( 'NONE', *, *, #1504, .T. ) ;
#124 = ADVANCED_FACE ( 'NONE', ( #1526 ), #754, .F. ) ;
#125 = PLANE ( 'NONE',  #344 ) ;
#126 = FACE_OUTER_BOUND ( 'NONE', #1135, .T. ) ;
#127 = CARTESIAN_POINT ( 'NONE',  ( -8.000000000000007105, -13.85640646055101577, -8.000000000000000000 ) ) ;
#128 = FACE_BOUND ( 'NONE', #62, .T. ) ;
#129 = CARTESIAN_POINT ( 'NONE',  ( 16.00000000000000000, 0.000000000000000000, 0.000000000000000000 ) ) ;
#130 = CARTESIAN_POINT ( 'NONE',  ( 4.000000000000000000, 4.898587196589412829E-16, -8.000000000000000000 ) ) ;
#131 = AXIS2_PLACEMENT_3D ( 'NONE', #162, #295, #540 ) ;
#132 = PRODUCT_DEFINITION_FORMATION_WITH_SPECIFIED_SOURCE ( 'ANY', '', #1254, .NOT_KNOWN. ) ;
#133 = CARTESIAN_POINT ( 'NONE',  ( 0.000000000000000000, 0.000000000000000000, -2.200000000000000178 ) ) ;
#134 = DIRECTION ( 'NONE',  ( 0.000000000000000000, 1.000000000000000000, 0.000000000000000000 ) ) ;
#135 = VECTOR ( 'NONE', #1421, 1000.000000000000000 ) ;
#136 = CIRCLE ( 'NONE', #946, 12.15000000000000036 ) ;
#137 = ORIENTED_EDGE ( 'NONE', *, *, #355, .T. ) ;
#138 = ORIENTED_EDGE ( 'NONE', *, *, #553, .T. ) ;
#139 = DIRECTION ( 'NONE',  ( 0.000000000000000000, 0.000000000000000000, 1.000000000000000000 ) ) ;
#140 = ORIENTED_EDGE ( 'NONE', *, *, #638, .F. ) ;
#141 = ORIENTED_EDGE ( 'NONE', *, *, #1088, .F. ) ;
#142 = EDGE_CURVE ( 'NONE', #113, #1198, #32, .T. ) ;
#143 = ORIENTED_EDGE ( 'NONE', *, *, #1492, .T. ) ;
#144 = DIRECTION ( 'NONE',  ( 0.000000000000000000, 1.000000000000000000, 0.000000000000000000 ) ) ;
#145 = ORIENTED_EDGE ( 'NONE', *, *, #692, .F. ) ;
#146 = DIRECTION ( 'NONE',  ( 0.000000000000000000, 0.000000000000000000, 1.000000000000000000 ) ) ;
#147 = DIRECTION ( 'NONE',  ( 1.000000000000000000, 0.000000000000000000, 0.000000000000000000 ) ) ;
#148 = VERTEX_POINT ( 'NONE', #880 ) ;
#149 = CARTESIAN_POINT ( 'NONE',  ( 0.000000000000000000, -35.50000000000000000, -130.0000000000000000 ) ) ;
#150 = DIRECTION ( 'NONE',  ( -1.000000000000000000, 0.000000000000000000, 0.000000000000000000 ) ) ;
#151 = CARTESIAN_POINT ( 'NONE',  ( -7.999999999999996447, 13.85640646055101932, 0.000000000000000000 ) ) ;
#152 = VECTOR ( 'NONE', #1499, 1000.000000000000000 ) ;
#153 = CIRCLE ( 'NONE', #760, 1.700000000000007061 ) ;
#154 = PLANE ( 'NONE',  #1012 ) ;
#155 = VECTOR ( 'NONE', #389, 1000.000000000000000 ) ;
#156 = FACE_BOUND ( 'NONE', #1556, .T. ) ;
#157 = CARTESIAN_POINT ( 'NONE',  ( -7.999999999999996447, 13.85640646055101932, 0.000000000000000000 ) ) ;
#158 = ADVANCED_FACE ( 'NONE', ( #302, #52, #286, #765, #782, #1405, #1250, #1146 ), #60, .T. ) ;
#159 = LINE ( 'NONE', #1496, #434 ) ;
#160 = CARTESIAN_POINT ( 'NONE',  ( 0.000000000000000000, 0.000000000000000000, -2.200000000000000178 ) ) ;
#161 = DIRECTION ( 'NONE',  ( -1.000000000000000000, 0.000000000000000000, 0.000000000000000000 ) ) ;
#162 = CARTESIAN_POINT ( 'NONE',  ( 0.000000000000000000, 0.000000000000000000, 0.000000000000000000 ) ) ;
#163 = DIRECTION ( 'NONE',  ( 0.000000000000000000, 0.000000000000000000, -1.000000000000000000 ) ) ;
#164 = EDGE_CURVE ( 'NONE', #1171, #75, #424, .T. ) ;
#165 = ORIENTED_EDGE ( 'NONE', *, *, #1565, .T. ) ;
#166 = CARTESIAN_POINT ( 'NONE',  ( -16.26345596729059650, -35.50000000000000000, -115.4365440327094205 ) ) ;
#167 = APPROVAL ( #1197, 'UNSPECIFIED' ) ;
#168 = CARTESIAN_POINT ( 'NONE',  ( -30.00000000000000000, -35.50000000000000000, -8.000000000000000000 ) ) ;
#169 = CARTESIAN_POINT ( 'NONE',  ( -25.00000000000000000, -35.50000000000000000, 0.000000000000000000 ) ) ;
#170 = CYLINDRICAL_SURFACE ( 'NONE', #1246, 1.700000000000007061 ) ;
#171 = FACE_OUTER_BOUND ( 'NONE', #176, .T. ) ;
#172 = DIRECTION ( 'NONE',  ( 0.000000000000000000, 0.000000000000000000, 1.000000000000000000 ) ) ;
#173 = ORIENTED_EDGE ( 'NONE', *, *, #1476, .F. ) ;
#174 = DIRECTION ( 'NONE',  ( 0.000000000000000000, -0.5104105650098257341, -0.8599308432230760024 ) ) ;
#175 = CARTESIAN_POINT ( 'NONE',  ( 30.00000000000000000, -35.50000000000000000, -160.0000000000000000 ) ) ;
#176 = EDGE_LOOP ( 'NONE', ( #1308, #468, #714, #1533, #332, #516, #826, #563, #690, #262, #1338, #206, #445, #667 ) ) ;
#177 = AXIS2_PLACEMENT_3D ( 'NONE', #1264, #421, #1034 ) ;
#178 = VECTOR ( 'NONE', #201, 1000.000000000000000 ) ;
#179 = AXIS2_PLACEMENT_3D ( 'NONE', #994, #1490, #877 ) ;
#180 = EDGE_CURVE ( 'NONE', #884, #1015, #340, .T. ) ;
#181 = FACE_BOUND ( 'NONE', #956, .T. ) ;
#182 = FACE_OUTER_BOUND ( 'NONE', #510, .T. ) ;
#183 = CIRCLE ( 'NONE', #528, 7.000000000000006217 ) ;
#184 = ORIENTED_EDGE ( 'NONE', *, *, #562, .F. ) ;
#185 = VECTOR ( 'NONE', #58, 1000.000000000000000 ) ;
#186 = FACE_OUTER_BOUND ( 'NONE', #618, .T. ) ;
#187 = ORIENTED_EDGE ( 'NONE', *, *, #375, .T. ) ;
#188 = CARTESIAN_POINT ( 'NONE',  ( 14.30000000000000071, 0.000000000000000000, 0.000000000000000000 ) ) ;
#189 = DIRECTION ( 'NONE',  ( 0.000000000000000000, 0.000000000000000000, 1.000000000000000000 ) ) ;
#190 = ORIENTED_EDGE ( 'NONE', *, *, #623, .F. ) ;
#191 = CARTESIAN_POINT ( 'NONE',  ( -14.30000000000000071, 2.167624834490814962E-15, 0.000000000000000000 ) ) ;
#192 = DIRECTION ( 'NONE',  ( -0.000000000000000000, -1.000000000000000000, -0.000000000000000000 ) ) ;
#193 = ORIENTED_EDGE ( 'NONE', *, *, #1122, .T. ) ;
#194 = CARTESIAN_POINT ( 'NONE',  ( 12.15000000000000036, 0.000000000000000000, -2.200000000000000178 ) ) ;
#195 = ORIENTED_EDGE ( 'NONE', *, *, #1173, .F. ) ;
#196 = LINE ( 'NONE', #894, #662 ) ;
#197 = ORIENTED_EDGE ( 'NONE', *, *, #452, .F. ) ;
#198 = DIRECTION ( 'NONE',  ( -0.000000000000000000, -1.000000000000000000, -0.000000000000000000 ) ) ;
#199 = CALENDAR_DATE ( 2026, 24, 9 ) ;
#200 = ADVANCED_FACE ( 'NONE', ( #1128 ), #313, .F. ) ;
#201 = DIRECTION ( 'NONE',  ( 1.000000000000000000, 0.000000000000000000, 0.000000000000000000 ) ) ;
#202 = VERTEX_POINT ( 'NONE', #188 ) ;
#203 = AXIS2_PLACEMENT_3D ( 'NONE', #1200, #509, #520 ) ;
#204 = DIRECTION ( 'NONE',  ( 0.000000000000000000, 0.000000000000000000, 1.000000000000000000 ) ) ;
#205 = ORIENTED_EDGE ( 'NONE', *, *, #274, .F. ) ;
#206 = ORIENTED_EDGE ( 'NONE', *, *, #413, .T. ) ;
#207 = CARTESIAN_POINT ( 'NONE',  ( -25.00000000000000000, -25.49999999999999645, -8.000000000000000000 ) ) ;
#208 = CIRCLE ( 'NONE', #364, 1.700000000000000178 ) ;
#209 = EDGE_CURVE ( 'NONE', #1209, #975, #1376, .T. ) ;
#210 = APPROVAL_DATE_TIME ( #1550, #1134 ) ;
#211 = AXIS2_PLACEMENT_3D ( 'NONE', #1227, #1100, #739 ) ;
#212 = EDGE_LOOP ( 'NONE', ( #1470, #682, #1372 ) ) ;
#213 = EDGE_CURVE ( 'NONE', #440, #1456, #811, .T. ) ;
#214 = CARTESIAN_POINT ( 'NONE',  ( 0.000000000000000000, 0.000000000000000000, 0.000000000000000000 ) ) ;
#215 = ORIENTED_EDGE ( 'NONE', *, *, #95, .F. ) ;
#216 = CARTESIAN_POINT ( 'NONE',  ( 8.000000000000001776, -13.85640646055101755, 0.000000000000000000 ) ) ;
#217 = ORIENTED_EDGE ( 'NONE', *, *, #259, .F. ) ;
#218 = LINE ( 'NONE', #353, #1480 ) ;
#219 = ADVANCED_FACE ( 'NONE', ( #961, #983, #1479, #266, #128, #622, #853, #1345 ), #593, .F. ) ;
#220 = PERSON_AND_ORGANIZATION ( #1324, #1328 ) ;
#221 = VERTEX_POINT ( 'NONE', #246 ) ;
#222 = CC_DESIGN_PERSON_AND_ORGANIZATION_ASSIGNMENT ( #220, #1581, ( #132 ) ) ;
#223 = LINE ( 'NONE', #700, #1502 ) ;
#224 = ORIENTED_EDGE ( 'NONE', *, *, #1565, .F. ) ;
#225 = DIRECTION ( 'NONE',  ( 0.000000000000000000, -1.000000000000000000, 0.000000000000000000 ) ) ;
#226 = ORIENTED_EDGE ( 'NONE', *, *, #5, .F. ) ;
#227 = EDGE_LOOP ( 'NONE', ( #1049, #1285, #965, #800 ) ) ;
#228 = DIRECTION ( 'NONE',  ( 0.000000000000000000, 0.000000000000000000, -1.000000000000000000 ) ) ;
#229 = CARTESIAN_POINT ( 'NONE',  ( -16.26345596729058940, -25.49999999999999645, -146.2634559672905823 ) ) ;
#230 = EDGE_CURVE ( 'NONE', #538, #722, #883, .T. ) ;
#231 = VERTEX_POINT ( 'NONE', #720 ) ;
#232 = ORIENTED_EDGE ( 'NONE', *, *, #164, .T. ) ;
#233 = CYLINDRICAL_SURFACE ( 'NONE', #1331, 12.15000000000000036 ) ;
#234 = CIRCLE ( 'NONE', #433, 7.000000000000006217 ) ;
#235 = PERSON_AND_ORGANIZATION ( #1324, #1328 ) ;
#236 = ORIENTED_EDGE ( 'NONE', *, *, #1215, .F. ) ;
#237 = AXIS2_PLACEMENT_3D ( 'NONE', #1091, #870, #619 ) ;
#238 = CARTESIAN_POINT ( 'NONE',  ( -7.999999999999996447, 13.85640646055101932, -8.000000000000000000 ) ) ;
#239 = EDGE_CURVE ( 'NONE', #148, #815, #839, .T. ) ;
#240 = LINE ( 'NONE', #721, #365 ) ;
#241 = ORIENTED_EDGE ( 'NONE', *, *, #767, .F. ) ;
#242 = ORIENTED_EDGE ( 'NONE', *, *, #95, .T. ) ;
#243 = CARTESIAN_POINT ( 'NONE',  ( 0.000000000000000000, 19.70322580645161281, -8.000000000000000000 ) ) ;
#244 = ORIENTED_EDGE ( 'NONE', *, *, #978, .F. ) ;
#245 = DIRECTION ( 'NONE',  ( -0.000000000000000000, -1.000000000000000000, -0.000000000000000000 ) ) ;
#246 = CARTESIAN_POINT ( 'NONE',  ( 24.50000000000000000, 19.70322580645161281, -8.000000000000000000 ) ) ;
#247 = ORIENTED_EDGE ( 'NONE', *, *, #1231, .T. ) ;
#248 = CARTESIAN_POINT ( 'NONE',  ( -18.50000000000000355, -25.49999999999999645, -8.000000000000000000 ) ) ;
#249 = DIRECTION ( 'NONE',  ( -1.000000000000000000, 0.000000000000000000, 0.000000000000000000 ) ) ;
#250 = ADVANCED_FACE ( 'NONE', ( #641 ), #996, .F. ) ;
#251 = ORIENTED_EDGE ( 'NONE', *, *, #1114, .T. ) ;
#252 = ORIENTED_EDGE ( 'NONE', *, *, #469, .T. ) ;
#253 = ORIENTED_EDGE ( 'NONE', *, *, #562, .T. ) ;
#254 = DIRECTION ( 'NONE',  ( 0.000000000000000000, 0.000000000000000000, 1.000000000000000000 ) ) ;
#255 = ADVANCED_FACE ( 'NONE', ( #990 ), #1514, .F. ) ;
#256 = AXIS2_PLACEMENT_3D ( 'NONE', #1183, #65, #1418 ) ;
#257 = FACE_OUTER_BOUND ( 'NONE', #1081, .T. ) ;
#258 = AXIS2_PLACEMENT_3D ( 'NONE', #1233, #1465, #1112 ) ;
#259 = EDGE_CURVE ( 'NONE', #1464, #1291, #398, .T. ) ;
#260 = AXIS2_PLACEMENT_3D ( 'NONE', #216, #1193, #112 ) ;
#261 = CARTESIAN_POINT ( 'NONE',  ( 8.000000000000001776, 13.85640646055101755, -8.000000000000000000 ) ) ;
#262 = ORIENTED_EDGE ( 'NONE', *, *, #307, .T. ) ;
#263 = ORIENTED_EDGE ( 'NONE', *, *, #1060, .F. ) ;
#264 = CARTESIAN_POINT ( 'NONE',  ( -16.00000000000000000, 1.959434878635765131E-15, 0.000000000000000000 ) ) ;
#265 = EDGE_CURVE ( 'NONE', #440, #822, #764, .T. ) ;
#266 = FACE_BOUND ( 'NONE', #1035, .T. ) ;
#267 = ORIENTED_EDGE ( 'NONE', *, *, #553, .F. ) ;
#268 = ADVANCED_FACE ( 'NONE', ( #1523 ), #633, .F. ) ;
#269 = CARTESIAN_POINT ( 'NONE',  ( -30.00000000000000000, -25.49999999999999645, -8.000000000000000000 ) ) ;
#270 = CARTESIAN_POINT ( 'NONE',  ( 25.00000000000000000, 25.00000000000000000, 0.000000000000000000 ) ) ;
#271 = ORIENTED_EDGE ( 'NONE', *, *, #230, .F. ) ;
#272 = CARTESIAN_POINT ( 'NONE',  ( -9.699999999999997513, 13.85640646055101932, 0.000000000000000000 ) ) ;
#273 = DIRECTION ( 'NONE',  ( 0.000000000000000000, -1.000000000000000000, 0.000000000000000000 ) ) ;
#274 = EDGE_CURVE ( 'NONE', #221, #896, #1403, .T. ) ;
#275 = ORIENTED_EDGE ( 'NONE', *, *, #265, .T. ) ;
#276 = CARTESIAN_POINT ( 'NONE',  ( -25.00000000000000000, -35.50000000000000000, 0.000000000000000000 ) ) ;
#277 = CARTESIAN_POINT ( 'NONE',  ( -9.699999999999997513, 13.85640646055101932, 0.000000000000000000 ) ) ;
#278 = EDGE_CURVE ( 'NONE', #1198, #447, #805, .T. ) ;
#279 = PLANE ( 'NONE',  #841 ) ;
#280 = DIRECTION ( 'NONE',  ( 1.000000000000000000, 0.000000000000000000, 0.000000000000000000 ) ) ;
#281 = CIRCLE ( 'NONE', #1538, 1.700000000000000178 ) ;
#282 = DIRECTION ( 'NONE',  ( -1.000000000000000000, 0.000000000000000000, 0.000000000000000000 ) ) ;
#283 = AXIS2_PLACEMENT_3D ( 'NONE', #1103, #144, #139 ) ;
#284 = EDGE_CURVE ( 'NONE', #1, #1473, #1305, .T. ) ;
#285 = ORIENTED_EDGE ( 'NONE', *, *, #725, .T. ) ;
#286 = FACE_BOUND ( 'NONE', #1130, .T. ) ;
#287 = CARTESIAN_POINT ( 'NONE',  ( -9.700000000000006395, -13.85640646055101577, 0.000000000000000000 ) ) ;
#288 = ORIENTED_EDGE ( 'NONE', *, *, #413, .F. ) ;
#289 = DIRECTION ( 'NONE',  ( -0.000000000000000000, -0.000000000000000000, -1.000000000000000000 ) ) ;
#290 = DIRECTION ( 'NONE',  ( 0.000000000000000000, 0.000000000000000000, 1.000000000000000000 ) ) ;
#291 = FACE_OUTER_BOUND ( 'NONE', #316, .T. ) ;
#292 = ORIENTED_EDGE ( 'NONE', *, *, #180, .F. ) ;
#293 = DIRECTION ( 'NONE',  ( -0.000000000000000000, -0.000000000000000000, -1.000000000000000000 ) ) ;
#294 = VERTEX_POINT ( 'NONE', #1292 ) ;
#295 = DIRECTION ( 'NONE',  ( -0.000000000000000000, 0.000000000000000000, 1.000000000000000000 ) ) ;
#296 = CARTESIAN_POINT ( 'NONE',  ( 30.00000000000000000, -25.49999999999999645, -8.000000000000000000 ) ) ;
#297 = ORIENTED_EDGE ( 'NONE', *, *, #1530, .T. ) ;
#298 = DIRECTION ( 'NONE',  ( 0.000000000000000000, 0.000000000000000000, 1.000000000000000000 ) ) ;
#299 = DIRECTION ( 'NONE',  ( -1.000000000000000000, 0.000000000000000000, -0.000000000000000000 ) ) ;
#300 = VERTEX_POINT ( 'NONE', #943 ) ;
#301 = ORIENTED_EDGE ( 'NONE', *, *, #1056, .F. ) ;
#302 = FACE_BOUND ( 'NONE', #574, .T. ) ;
#303 = DIRECTION ( 'NONE',  ( 1.000000000000000000, 0.000000000000000000, 0.000000000000000000 ) ) ;
#304 = VERTEX_POINT ( 'NONE', #441 ) ;
#305 = CYLINDRICAL_SURFACE ( 'NONE', #631, 1.700000000000007061 ) ;
#306 = ORIENTED_EDGE ( 'NONE', *, *, #142, .T. ) ;
#307 = EDGE_CURVE ( 'NONE', #829, #979, #1553, .T. ) ;
#308 = CARTESIAN_POINT ( 'NONE',  ( -25.00000000000000000, 25.00000000000000000, 0.000000000000000000 ) ) ;
#309 = EDGE_CURVE ( 'NONE', #1456, #440, #660, .T. ) ;
#310 = LOCAL_TIME ( 11, 9, 53.00000000000000000, #810 ) ;
#311 = VECTOR ( 'NONE', #545, 1000.000000000000114 ) ;
#312 = AXIS2_PLACEMENT_3D ( 'NONE', #1400, #897, #784 ) ;
#313 = CYLINDRICAL_SURFACE ( 'NONE', #430, 1.700000000000000178 ) ;
#314 = LINE ( 'NONE', #541, #109 ) ;
#315 = AXIS2_PLACEMENT_3D ( 'NONE', #1129, #1380, #1507 ) ;
#316 = EDGE_LOOP ( 'NONE', ( #1280, #671, #1018 ) ) ;
#317 = DIRECTION ( 'NONE',  ( -0.000000000000000000, -1.000000000000000000, -0.000000000000000000 ) ) ;
#318 = LINE ( 'NONE', #1282, #732 ) ;
#319 = CARTESIAN_POINT ( 'NONE',  ( -16.26345596729058940, -25.49999999999999645, -146.2634559672905823 ) ) ;
#320 = ORIENTED_EDGE ( 'NONE', *, *, #1196, .T. ) ;
#321 = CARTESIAN_POINT ( 'NONE',  ( -6.300000000000006928, -13.85640646055101577, 0.000000000000000000 ) ) ;
#322 = DIRECTION ( 'NONE',  ( -0.000000000000000000, -1.000000000000000000, -0.000000000000000000 ) ) ;
#323 = EDGE_CURVE ( 'NONE', #1015, #884, #1567, .T. ) ;
#324 = CARTESIAN_POINT ( 'NONE',  ( -18.50000000000000355, 19.70322580645161281, -8.000000000000000000 ) ) ;
#325 = PERSON_AND_ORGANIZATION ( #1324, #1328 ) ;
#326 = CARTESIAN_POINT ( 'NONE',  ( 12.15000000000000036, 0.000000000000000000, 0.000000000000000000 ) ) ;
#327 = EDGE_LOOP ( 'NONE', ( #226, #1343 ) ) ;
#328 = DIRECTION ( 'NONE',  ( 1.000000000000000000, 0.000000000000000000, 0.000000000000000000 ) ) ;
#329 = ORIENTED_EDGE ( 'NONE', *, *, #1175, .F. ) ;
#330 = CARTESIAN_POINT ( 'NONE',  ( -25.00000000000000000, -35.50000000000000000, -8.000000000000000000 ) ) ;
#331 = EDGE_CURVE ( 'NONE', #75, #96, #1240, .T. ) ;
#332 = ORIENTED_EDGE ( 'NONE', *, *, #1419, .T. ) ;
#333 = CARTESIAN_POINT ( 'NONE',  ( 30.00000000000000000, -25.49999999999999645, -160.0000000000000000 ) ) ;
#334 = EDGE_CURVE ( 'NONE', #1426, #743, #1545, .T. ) ;
#335 = DATE_AND_TIME ( #1558, #380 ) ;
#336 = DIRECTION ( 'NONE',  ( 0.000000000000000000, 0.000000000000000000, 1.000000000000000000 ) ) ;
#337 = ORIENTED_EDGE ( 'NONE', *, *, #849, .T. ) ;
#338 = EDGE_CURVE ( 'NONE', #804, #1314, #1176, .T. ) ;
#339 = AXIS2_PLACEMENT_3D ( 'NONE', #308, #1500, #1239 ) ;
#340 = CIRCLE ( 'NONE', #1163, 12.15000000000000036 ) ;
#341 = ORIENTED_EDGE ( 'NONE', *, *, #473, .F. ) ;
#342 = DIRECTION ( 'NONE',  ( -0.000000000000000000, -0.000000000000000000, 1.000000000000000000 ) ) ;
#343 = APPROVAL_DATE_TIME ( #931, #778 ) ;
#344 = AXIS2_PLACEMENT_3D ( 'NONE', #615, #1477, #382 ) ;
#345 = ORIENTED_EDGE ( 'NONE', *, *, #488, .F. ) ;
#346 = DIRECTION ( 'NONE',  ( 0.000000000000000000, 0.000000000000000000, 1.000000000000000000 ) ) ;
#347 = EDGE_LOOP ( 'NONE', ( #1030, #659 ) ) ;
#348 = ORIENTED_EDGE ( 'NONE', *, *, #230, .T. ) ;
#349 = ORIENTED_EDGE ( 'NONE', *, *, #776, .T. ) ;
#350 = CARTESIAN_POINT ( 'NONE',  ( -6.300000000000006928, -13.85640646055101577, 0.000000000000000000 ) ) ;
#351 = CYLINDRICAL_SURFACE ( 'NONE', #1478, 7.000000000000006217 ) ;
#352 = ORIENTED_EDGE ( 'NONE', *, *, #1126, .F. ) ;
#353 = CARTESIAN_POINT ( 'NONE',  ( 30.00000000000000000, -25.49999999999999645, -160.0000000000000000 ) ) ;
#354 = PLANE ( 'NONE',  #1505 ) ;
#355 = EDGE_CURVE ( 'NONE', #300, #535, #1448, .T. ) ;
#356 = CARTESIAN_POINT ( 'NONE',  ( 0.000000000000000000, 0.000000000000000000, -8.000000000000000000 ) ) ;
#357 = CYLINDRICAL_SURFACE ( 'NONE', #1501, 4.000000000000000000 ) ;
#358 = ORIENTED_EDGE ( 'NONE', *, *, #38, .T. ) ;
#359 = VECTOR ( 'NONE', #390, 1000.000000000000000 ) ;
#360 = ORIENTED_EDGE ( 'NONE', *, *, #1003, .F. ) ;
#361 = CARTESIAN_POINT ( 'NONE',  ( 16.26345596729059295, -35.50000000000000000, -147.9634559672905993 ) ) ;
#362 = VECTOR ( 'NONE', #317, 1000.000000000000000 ) ;
#363 = ORIENTED_EDGE ( 'NONE', *, *, #757, .T. ) ;
#364 = AXIS2_PLACEMENT_3D ( 'NONE', #791, #189, #1527 ) ;
#365 = VECTOR ( 'NONE', #928, 1000.000000000000000 ) ;
#366 = LINE ( 'NONE', #1079, #1303 ) ;
#367 = ADVANCED_FACE ( 'NONE', ( #87 ), #351, .F. ) ;
#368 = LINE ( 'NONE', #1348, #837 ) ;
#369 = CARTESIAN_POINT ( 'NONE',  ( 9.700000000000002842, -13.85640646055101755, 0.000000000000000000 ) ) ;
#370 = CARTESIAN_POINT ( 'NONE',  ( -24.50000000000000000, -25.49999999999999645, -8.000000000000000000 ) ) ;
#371 = CYLINDRICAL_SURFACE ( 'NONE', #890, 1.700000000000000178 ) ;
#372 = FACE_OUTER_BOUND ( 'NONE', #1401, .T. ) ;
#373 = LINE ( 'NONE', #1365, #859 ) ;
#374 = ORIENTED_EDGE ( 'NONE', *, *, #1003, .T. ) ;
#375 = EDGE_CURVE ( 'NONE', #1194, #1410, #913, .T. ) ;
#376 = DIRECTION ( 'NONE',  ( -0.000000000000000000, -0.000000000000000000, -1.000000000000000000 ) ) ;
#377 = CARTESIAN_POINT ( 'NONE',  ( 0.000000000000000000, -35.50000000000000000, -130.0000000000000000 ) ) ;
#378 = PRODUCT_RELATED_PRODUCT_CATEGORY ( 'detail', '', ( #1254 ) ) ;
#379 = EDGE_LOOP ( 'NONE', ( #470, #933 ) ) ;
#380 = LOCAL_TIME ( 11, 9, 53.00000000000000000, #585 ) ;
#381 = AXIS2_PLACEMENT_3D ( 'NONE', #1268, #774, #1120 ) ;
#382 = DIRECTION ( 'NONE',  ( 0.000000000000000000, 0.000000000000000000, 1.000000000000000000 ) ) ;
#383 = AXIS2_PLACEMENT_3D ( 'NONE', #769, #645, #57 ) ;
#384 = AXIS2_PLACEMENT_3D ( 'NONE', #485, #971, #809 ) ;
#385 = LINE ( 'NONE', #1201, #755 ) ;
#386 = CYLINDRICAL_SURFACE ( 'NONE', #1541, 1.700000000000007061 ) ;
#387 = DIRECTION ( 'NONE',  ( 1.000000000000000000, 0.000000000000000000, 0.000000000000000000 ) ) ;
#388 = EDGE_CURVE ( 'NONE', #1314, #868, #564, .T. ) ;
#389 = DIRECTION ( 'NONE',  ( 1.000000000000000000, 0.000000000000000000, 0.000000000000000000 ) ) ;
#390 = DIRECTION ( 'NONE',  ( 0.000000000000000000, -1.000000000000000000, 0.000000000000000000 ) ) ;
#391 = EDGE_CURVE ( 'NONE', #1546, #743, #693, .T. ) ;
#392 = DIRECTION ( 'NONE',  ( -1.000000000000000000, 0.000000000000000000, 0.000000000000000000 ) ) ;
#393 = DIRECTION ( 'NONE',  ( -0.000000000000000000, -0.000000000000000000, -1.000000000000000000 ) ) ;
#394 = CARTESIAN_POINT ( 'NONE',  ( 24.50000000000000000, -25.49999999999999645, -84.15760869565220048 ) ) ;
#395 = FACE_OUTER_BOUND ( 'NONE', #212, .T. ) ;
#396 = EDGE_CURVE ( 'NONE', #1444, #855, #100, .T. ) ;
#397 = CARTESIAN_POINT ( 'NONE',  ( 24.50000000000000000, -25.49999999999999645, 0.000000000000000000 ) ) ;
#398 = LINE ( 'NONE', #169, #942 ) ;
#399 = ORIENTED_EDGE ( 'NONE', *, *, #29, .T. ) ;
#400 = DIRECTION ( 'NONE',  ( -0.000000000000000000, 0.5104105650098257341, 0.8599308432230760024 ) ) ;
#401 = CARTESIAN_POINT ( 'NONE',  ( -16.00000000000000000, 1.959434878635765131E-15, -8.000000000000000000 ) ) ;
#402 = ORIENTED_EDGE ( 'NONE', *, *, #757, .F. ) ;
#403 = DIRECTION ( 'NONE',  ( 0.000000000000000000, 0.000000000000000000, -1.000000000000000000 ) ) ;
#404 = LINE ( 'NONE', #168, #609 ) ;
#405 = AXIS2_PLACEMENT_3D ( 'NONE', #6, #973, #1467 ) ;
#406 = AXIS2_PLACEMENT_3D ( 'NONE', #1367, #650, #161 ) ;
#407 = VECTOR ( 'NONE', #474, 1000.000000000000000 ) ;
#408 = DIRECTION ( 'NONE',  ( -0.000000000000000000, -0.000000000000000000, -1.000000000000000000 ) ) ;
#409 = AXIS2_PLACEMENT_3D ( 'NONE', #13, #1472, #254 ) ;
#410 = CARTESIAN_POINT ( 'NONE',  ( 16.26345596729058585, -25.49999999999999645, -113.7365440327094177 ) ) ;
#411 = DIRECTION ( 'NONE',  ( 0.000000000000000000, -0.000000000000000000, 1.000000000000000000 ) ) ;
#412 = CARTESIAN_POINT ( 'NONE',  ( 25.00000000000000000, 25.00000000000000000, -8.000000000000000000 ) ) ;
#413 = EDGE_CURVE ( 'NONE', #94, #941, #223, .T. ) ;
#414 = DIRECTION ( 'NONE',  ( 0.000000000000000000, 0.000000000000000000, 1.000000000000000000 ) ) ;
#415 = CARTESIAN_POINT ( 'NONE',  ( 9.700000000000002842, -13.85640646055101755, 0.000000000000000000 ) ) ;
#416 = CARTESIAN_POINT ( 'NONE',  ( -16.26345596729058940, -25.49999999999999645, -144.5634559672905937 ) ) ;
#417 = FACE_BOUND ( 'NONE', #1528, .T. ) ;
#418 = CARTESIAN_POINT ( 'NONE',  ( 18.50000000000000000, 19.70322580645161281, -8.000000000000000000 ) ) ;
#419 = DIRECTION ( 'NONE',  ( -0.000000000000000000, -1.000000000000000000, -0.000000000000000000 ) ) ;
#420 =( LENGTH_UNIT ( ) NAMED_UNIT ( * ) SI_UNIT ( .MILLI., .METRE. ) );
#421 = DIRECTION ( 'NONE',  ( -1.000000000000000000, 0.000000000000000000, 0.000000000000000000 ) ) ;
#422 = EDGE_CURVE ( 'NONE', #815, #148, #733, .T. ) ;
#423 = ORIENTED_EDGE ( 'NONE', *, *, #982, .F. ) ;
#424 = LINE ( 'NONE', #546, #526 ) ;
#425 = DIRECTION ( 'NONE',  ( -1.000000000000000000, 0.000000000000000000, 0.000000000000000000 ) ) ;
#426 = EDGE_LOOP ( 'NONE', ( #306, #1525, #173, #937 ) ) ;
#427 = CARTESIAN_POINT ( 'NONE',  ( -6.299999999999996270, 13.85640646055101932, 0.000000000000000000 ) ) ;
#428 = APPLICATION_PROTOCOL_DEFINITION ( 'international standard', 'config_control_design', 1994, #1026 ) ;
#429 = ORIENTED_EDGE ( 'NONE', *, *, #422, .F. ) ;
#430 = AXIS2_PLACEMENT_3D ( 'NONE', #790, #1278, #521 ) ;
#431 = DIRECTION ( 'NONE',  ( 0.000000000000000000, 0.000000000000000000, 1.000000000000000000 ) ) ;
#432 = APPROVAL_PERSON_ORGANIZATION ( #235, #1134, #1054 ) ;
#433 = AXIS2_PLACEMENT_3D ( 'NONE', #149, #1111, #991 ) ;
#434 = VECTOR ( 'NONE', #245, 1000.000000000000000 ) ;
#435 = CARTESIAN_POINT ( 'NONE',  ( -16.26345596729058940, -25.49999999999999645, -146.2634559672905823 ) ) ;
#436 = LINE ( 'NONE', #412, #1332 ) ;
#437 = AXIS2_PLACEMENT_3D ( 'NONE', #296, #425, #663 ) ;
#438 = DIRECTION ( 'NONE',  ( -1.000000000000000000, 0.000000000000000000, 0.000000000000000000 ) ) ;
#439 = CARTESIAN_POINT ( 'NONE',  ( 0.000000000000000000, 0.000000000000000000, 0.000000000000000000 ) ) ;
#440 = VERTEX_POINT ( 'NONE', #830 ) ;
#441 = CARTESIAN_POINT ( 'NONE',  ( -9.700000000000006395, -13.85640646055101577, 0.000000000000000000 ) ) ;
#442 = VERTEX_POINT ( 'NONE', #321 ) ;
#443 = EDGE_CURVE ( 'NONE', #804, #1531, #1571, .T. ) ;
#444 = DIRECTION ( 'NONE',  ( -0.000000000000000000, -0.000000000000000000, -1.000000000000000000 ) ) ;
#445 = ORIENTED_EDGE ( 'NONE', *, *, #1417, .T. ) ;
#446 = LINE ( 'NONE', #697, #51 ) ;
#447 = VERTEX_POINT ( 'NONE', #709 ) ;
#448 = EDGE_CURVE ( 'NONE', #884, #1410, #797, .T. ) ;
#449 = CARTESIAN_POINT ( 'NONE',  ( 30.00000000000000000, -25.49999999999999645, -8.000000000000000000 ) ) ;
#450 = ORIENTED_EDGE ( 'NONE', *, *, #789, .F. ) ;
#451 = PRODUCT_DEFINITION ( 'UNKNOWN', '', #132, #668 ) ;
#452 = EDGE_CURVE ( 'NONE', #1314, #829, #74, .T. ) ;
#453 = VERTEX_POINT ( 'NONE', #394 ) ;
#454 = CARTESIAN_POINT ( 'NONE',  ( 14.30000000000000071, 0.000000000000000000, -8.000000000000000000 ) ) ;
#455 = CALENDAR_DATE ( 2026, 24, 9 ) ;
#456 = ORIENTED_EDGE ( 'NONE', *, *, #1088, .T. ) ;
#457 = DIRECTION ( 'NONE',  ( -0.000000000000000000, -1.000000000000000000, -0.000000000000000000 ) ) ;
#458 = EDGE_LOOP ( 'NONE', ( #899, #1184 ) ) ;
#459 =( GEOMETRIC_REPRESENTATION_CONTEXT ( 3 ) GLOBAL_UNCERTAINTY_ASSIGNED_CONTEXT ( ( #36 ) ) GLOBAL_UNIT_ASSIGNED_CONTEXT ( ( #420, #786, #1033 ) ) REPRESENTATION_CONTEXT ( 'NONE', 'WORKASPACE' ) );
#460 = VECTOR ( 'NONE', #1158, 1000.000000000000000 ) ;
#461 = DIRECTION ( 'NONE',  ( 0.000000000000000000, 0.000000000000000000, 1.000000000000000000 ) ) ;
#462 = ORIENTED_EDGE ( 'NONE', *, *, #307, .F. ) ;
#463 = CARTESIAN_POINT ( 'NONE',  ( -16.26345596729059650, -25.49999999999999645, -115.4365440327094205 ) ) ;
#464 = AXIS2_PLACEMENT_3D ( 'NONE', #1137, #783, #163 ) ;
#465 = DATE_AND_TIME ( #940, #310 ) ;
#466 = AXIS2_PLACEMENT_3D ( 'NONE', #1214, #134, #611 ) ;
#467 = DIRECTION ( 'NONE',  ( 1.000000000000000000, 0.000000000000000000, 0.000000000000000000 ) ) ;
#468 = ORIENTED_EDGE ( 'NONE', *, *, #1248, .T. ) ;
#469 = EDGE_CURVE ( 'NONE', #1096, #876, #1409, .T. ) ;
#470 = ORIENTED_EDGE ( 'NONE', *, *, #1228, .F. ) ;
#471 = CARTESIAN_POINT ( 'NONE',  ( 0.000000000000000000, -25.49999999999999645, -130.0000000000000000 ) ) ;
#472 = VERTEX_POINT ( 'NONE', #272 ) ;
#473 = EDGE_CURVE ( 'NONE', #896, #804, #1084, .T. ) ;
#474 = DIRECTION ( 'NONE',  ( 0.000000000000000000, 0.000000000000000000, -1.000000000000000000 ) ) ;
#475 = CARTESIAN_POINT ( 'NONE',  ( -18.50000000000000355, -25.49999999999999645, 0.000000000000000000 ) ) ;
#476 = ORIENTED_EDGE ( 'NONE', *, *, #1388, .F. ) ;
#477 = ORIENTED_EDGE ( 'NONE', *, *, #1145, .F. ) ;
#478 = LINE ( 'NONE', #1202, #914 ) ;
#479 = PERSON_AND_ORGANIZATION ( #1324, #1328 ) ;
#480 = ORIENTED_EDGE ( 'NONE', *, *, #443, .T. ) ;
#481 = CARTESIAN_POINT ( 'NONE',  ( -17.69999999999999929, 1.959434878635765131E-15, 0.000000000000000000 ) ) ;
#482 = EDGE_LOOP ( 'NONE', ( #500, #1416, #1230, #544 ) ) ;
#483 = AXIS2_PLACEMENT_3D ( 'NONE', #1107, #1455, #1333 ) ;
#484 = FACE_OUTER_BOUND ( 'NONE', #861, .T. ) ;
#485 = CARTESIAN_POINT ( 'NONE',  ( 16.26345596729059295, -25.49999999999999645, -146.2634559672905823 ) ) ;
#486 = CIRCLE ( 'NONE', #686, 1.700000000000007061 ) ;
#487 = VECTOR ( 'NONE', #751, 1000.000000000000000 ) ;
#488 = EDGE_CURVE ( 'NONE', #876, #1096, #281, .T. ) ;
#489 = DIRECTION ( 'NONE',  ( 1.000000000000000000, 0.000000000000000000, 0.000000000000000000 ) ) ;
#490 = EDGE_CURVE ( 'NONE', #1209, #529, #366, .T. ) ;
#491 = DIRECTION ( 'NONE',  ( -0.000000000000000000, -0.000000000000000000, -1.000000000000000000 ) ) ;
#492 = FACE_OUTER_BOUND ( 'NONE', #746, .T. ) ;
#493 = CARTESIAN_POINT ( 'NONE',  ( 14.30000000000000071, 0.000000000000000000, 0.000000000000000000 ) ) ;
#494 = EDGE_CURVE ( 'NONE', #722, #538, #1329, .T. ) ;
#495 = VERTEX_POINT ( 'NONE', #517 ) ;
#496 = CC_DESIGN_PERSON_AND_ORGANIZATION_ASSIGNMENT ( #479, #835, ( #132 ) ) ;
#497 = CARTESIAN_POINT ( 'NONE',  ( -12.15000000000000036, 1.487945860964034377E-15, -2.200000000000000178 ) ) ;
#498 = ORIENTED_EDGE ( 'NONE', *, *, #1238, .T. ) ;
#499 = PLANE ( 'NONE',  #689 ) ;
#500 = ORIENTED_EDGE ( 'NONE', *, *, #1398, .F. ) ;
#501 = DIRECTION ( 'NONE',  ( 0.000000000000000000, 0.000000000000000000, 1.000000000000000000 ) ) ;
#502 = DIRECTION ( 'NONE',  ( -0.000000000000000000, -0.000000000000000000, 1.000000000000000000 ) ) ;
#503 = ADVANCED_FACE ( 'NONE', ( #750 ), #1468, .F. ) ;
#504 = APPROVAL_PERSON_ORGANIZATION ( #707, #167, #98 ) ;
#505 = VECTOR ( 'NONE', #35, 1000.000000000000000 ) ;
#506 = AXIS2_PLACEMENT_3D ( 'NONE', #1190, #118, #728 ) ;
#507 = EDGE_CURVE ( 'NONE', #1101, #1426, #838, .T. ) ;
#508 = AXIS2_PLACEMENT_3D ( 'NONE', #1051, #580, #695 ) ;
#509 = DIRECTION ( 'NONE',  ( 0.000000000000000000, 0.000000000000000000, 1.000000000000000000 ) ) ;
#510 = EDGE_LOOP ( 'NONE', ( #539, #1513, #1522, #644 ) ) ;
#511 = CARTESIAN_POINT ( 'NONE',  ( -25.00000000000000000, 25.00000000000000000, -8.000000000000000000 ) ) ;
#512 = CYLINDRICAL_SURFACE ( 'NONE', #1439, 1.700000000000000178 ) ;
#513 = EDGE_CURVE ( 'NONE', #1157, #202, #887, .T. ) ;
#514 = CARTESIAN_POINT ( 'NONE',  ( 16.26345596729059295, -25.49999999999999645, -146.2634559672905823 ) ) ;
#515 = DIRECTION ( 'NONE',  ( 0.000000000000000000, 0.000000000000000000, 1.000000000000000000 ) ) ;
#516 = ORIENTED_EDGE ( 'NONE', *, *, #1424, .T. ) ;
#517 = CARTESIAN_POINT ( 'NONE',  ( 0.000000000000000000, -25.49999999999999645, -137.0000000000000000 ) ) ;
#518 = FACE_OUTER_BOUND ( 'NONE', #1000, .T. ) ;
#519 = EDGE_CURVE ( 'NONE', #868, #1562, #719, .T. ) ;
#520 = DIRECTION ( 'NONE',  ( 1.000000000000000000, 0.000000000000000000, 0.000000000000000000 ) ) ;
#521 = DIRECTION ( 'NONE',  ( -1.000000000000000000, 0.000000000000000000, 0.000000000000000000 ) ) ;
#522 = CARTESIAN_POINT ( 'NONE',  ( 6.300000000000001599, -13.85640646055101755, 0.000000000000000000 ) ) ;
#523 = FACE_OUTER_BOUND ( 'NONE', #1318, .T. ) ;
#524 = LINE ( 'NONE', #45, #1306 ) ;
#525 = ORIENTED_EDGE ( 'NONE', *, *, #1248, .F. ) ;
#526 = VECTOR ( 'NONE', #642, 1000.000000000000000 ) ;
#527 = AXIS2_PLACEMENT_3D ( 'NONE', #1031, #1540, #438 ) ;
#528 = AXIS2_PLACEMENT_3D ( 'NONE', #377, #851, #515 ) ;
#529 = VERTEX_POINT ( 'NONE', #587 ) ;
#530 = CC_DESIGN_DATE_AND_TIME_ASSIGNMENT ( #958, #698, ( #79 ) ) ;
#531 = CIRCLE ( 'NONE', #1357, 4.000000000000000000 ) ;
#532 = CARTESIAN_POINT ( 'NONE',  ( 0.000000000000000000, -25.49999999999999645, 0.000000000000000000 ) ) ;
#533 = DIRECTION ( 'NONE',  ( 1.000000000000000000, 0.000000000000000000, 0.000000000000000000 ) ) ;
#534 = ADVANCED_FACE ( 'NONE', ( #126 ), #8, .F. ) ;
#535 = VERTEX_POINT ( 'NONE', #1001 ) ;
#536 = DIRECTION ( 'NONE',  ( 0.000000000000000000, 1.000000000000000000, 0.000000000000000000 ) ) ;
#537 = CARTESIAN_POINT ( 'NONE',  ( 8.572527594031473190E-16, -25.49999999999999645, -123.0000000000000000 ) ) ;
#538 = VERTEX_POINT ( 'NONE', #481 ) ;
#539 = ORIENTED_EDGE ( 'NONE', *, *, #623, .T. ) ;
#540 = DIRECTION ( 'NONE',  ( 1.000000000000000000, 0.000000000000000000, 0.000000000000000000 ) ) ;
#541 = CARTESIAN_POINT ( 'NONE',  ( -16.26345596729058940, -25.49999999999999645, -147.9634559672905993 ) ) ;
#542 = ORIENTED_EDGE ( 'NONE', *, *, #1492, .F. ) ;
#543 = DIRECTION ( 'NONE',  ( 0.000000000000000000, 1.000000000000000000, 0.000000000000000000 ) ) ;
#544 = ORIENTED_EDGE ( 'NONE', *, *, #1515, .F. ) ;
#545 = DIRECTION ( 'NONE',  ( -0.000000000000000000, 0.5104105650098257341, 0.8599308432230760024 ) ) ;
#546 = CARTESIAN_POINT ( 'NONE',  ( 6.300000000000001599, -13.85640646055101755, 0.000000000000000000 ) ) ;
#547 = DIRECTION ( 'NONE',  ( -1.000000000000000000, 0.000000000000000000, 0.000000000000000000 ) ) ;
#548 = ORIENTED_EDGE ( 'NONE', *, *, #1164, .T. ) ;
#549 = CARTESIAN_POINT ( 'NONE',  ( 0.000000000000000000, -25.49999999999999645, -130.0000000000000000 ) ) ;
#550 = DIRECTION ( 'NONE',  ( 1.000000000000000000, 0.000000000000000000, 0.000000000000000000 ) ) ;
#551 = ORIENTED_EDGE ( 'NONE', *, *, #1168, .F. ) ;
#552 = AXIS2_PLACEMENT_3D ( 'NONE', #869, #26, #392 ) ;
#553 = EDGE_CURVE ( 'NONE', #1466, #941, #28, .T. ) ;
#554 = VECTOR ( 'NONE', #1169, 1000.000000000000000 ) ;
#555 = CARTESIAN_POINT ( 'NONE',  ( 30.00000000000000000, -25.49999999999999645, -8.000000000000000000 ) ) ;
#556 = VECTOR ( 'NONE', #1155, 1000.000000000000000 ) ;
#557 = VECTOR ( 'NONE', #225, 1000.000000000000000 ) ;
#558 = CARTESIAN_POINT ( 'NONE',  ( -16.26345596729058940, -35.50000000000000000, -147.9634559672905993 ) ) ;
#559 = AXIS2_PLACEMENT_3D ( 'NONE', #261, #1229, #1208 ) ;
#560 = VERTEX_POINT ( 'NONE', #1454 ) ;
#561 = CARTESIAN_POINT ( 'NONE',  ( 6.300000000000001599, 13.85640646055101755, 0.000000000000000000 ) ) ;
#562 = EDGE_CURVE ( 'NONE', #1482, #1171, #1113, .T. ) ;
#563 = ORIENTED_EDGE ( 'NONE', *, *, #338, .T. ) ;
#564 = LINE ( 'NONE', #449, #603 ) ;
#565 = ORIENTED_EDGE ( 'NONE', *, *, #1060, .T. ) ;
#566 = CARTESIAN_POINT ( 'NONE',  ( -30.00000000000000000, -35.50000000000000000, -8.000000000000000000 ) ) ;
#567 = ORIENTED_EDGE ( 'NONE', *, *, #1347, .T. ) ;
#568 = ORIENTED_EDGE ( 'NONE', *, *, #239, .F. ) ;
#569 = PLANE ( 'NONE',  #237 ) ;
#570 = APPROVAL_STATUS ( 'not_yet_approved' ) ;
#571 = ORIENTED_EDGE ( 'NONE', *, *, #422, .T. ) ;
#572 = ADVANCED_FACE ( 'NONE', ( #1373 ), #279, .F. ) ;
#573 = DIRECTION ( 'NONE',  ( 1.000000000000000000, 0.000000000000000000, 0.000000000000000000 ) ) ;
#574 = EDGE_LOOP ( 'NONE', ( #352, #984 ) ) ;
#575 = ORIENTED_EDGE ( 'NONE', *, *, #702, .T. ) ;
#576 = CARTESIAN_POINT ( 'NONE',  ( 12.15000000000000036, 0.000000000000000000, -2.200000000000000178 ) ) ;
#577 = CARTESIAN_POINT ( 'NONE',  ( 16.26345596729059295, -25.49999999999999645, -147.9634559672905993 ) ) ;
#578 = EDGE_LOOP ( 'NONE', ( #215, #288, #1293, #949 ) ) ;
#579 = AXIS2_PLACEMENT_3D ( 'NONE', #1340, #970, #874 ) ;
#580 = DIRECTION ( 'NONE',  ( 0.000000000000000000, 1.000000000000000000, 0.000000000000000000 ) ) ;
#581 = CIRCLE ( 'NONE', #1087, 1.700000000000007061 ) ;
#582 = ORIENTED_EDGE ( 'NONE', *, *, #657, .F. ) ;
#583 = CARTESIAN_POINT ( 'NONE',  ( 0.000000000000000000, 0.000000000000000000, -2.200000000000000178 ) ) ;
#584 = EDGE_CURVE ( 'NONE', #589, #679, #159, .T. ) ;
#585 = COORDINATED_UNIVERSAL_TIME_OFFSET ( 5, 30, .AHEAD. ) ;
#586 = VERTEX_POINT ( 'NONE', #885 ) ;
#587 = CARTESIAN_POINT ( 'NONE',  ( -4.000000000000000000, 0.000000000000000000, -8.000000000000000000 ) ) ;
#588 = LINE ( 'NONE', #475, #762 ) ;
#589 = VERTEX_POINT ( 'NONE', #1206 ) ;
#590 = CARTESIAN_POINT ( 'NONE',  ( -18.50000000000000355, 0.000000000000000000, 0.000000000000000000 ) ) ;
#591 = DATE_TIME_ROLE ( 'creation_date' ) ;
#592 = DIRECTION ( 'NONE',  ( -0.000000000000000000, -0.000000000000000000, -1.000000000000000000 ) ) ;
#593 = PLANE ( 'NONE',  #77 ) ;
#594 = EDGE_LOOP ( 'NONE', ( #768, #565 ) ) ;
#595 = CYLINDRICAL_SURFACE ( 'NONE', #384, 1.700000000000007061 ) ;
#596 = ORIENTED_EDGE ( 'NONE', *, *, #1515, .T. ) ;
#597 = LINE ( 'NONE', #639, #738 ) ;
#598 = DIRECTION ( 'NONE',  ( -0.000000000000000000, 0.5104105650098257341, 0.8599308432230760024 ) ) ;
#599 = FACE_OUTER_BOUND ( 'NONE', #1313, .T. ) ;
#600 = CIRCLE ( 'NONE', #785, 4.000000000000000000 ) ;
#601 = ORIENTED_EDGE ( 'NONE', *, *, #22, .F. ) ;
#602 = AXIS2_PLACEMENT_3D ( 'NONE', #319, #674, #1017 ) ;
#603 = VECTOR ( 'NONE', #457, 1000.000000000000000 ) ;
#604 = EDGE_LOOP ( 'NONE', ( #1154, #1399, #187, #11 ) ) ;
#605 = CARTESIAN_POINT ( 'NONE',  ( 16.26345596729059295, -25.49999999999999645, -146.2634559672905823 ) ) ;
#606 = VECTOR ( 'NONE', #598, 1000.000000000000114 ) ;
#607 = CIRCLE ( 'NONE', #1415, 1.700000000000000178 ) ;
#608 = EDGE_CURVE ( 'NONE', #1395, #1531, #637, .T. ) ;
#609 = VECTOR ( 'NONE', #1521, 1000.000000000000000 ) ;
#610 = FACE_BOUND ( 'NONE', #347, .T. ) ;
#611 = DIRECTION ( 'NONE',  ( 0.000000000000000000, 0.000000000000000000, 1.000000000000000000 ) ) ;
#612 = ORIENTED_EDGE ( 'NONE', *, *, #727, .T. ) ;
#613 = ORIENTED_EDGE ( 'NONE', *, *, #725, .F. ) ;
#614 = CARTESIAN_POINT ( 'NONE',  ( -9.700000000000006395, -13.85640646055101577, -8.000000000000000000 ) ) ;
#615 = CARTESIAN_POINT ( 'NONE',  ( 18.50000000000000000, 0.000000000000000000, 0.000000000000000000 ) ) ;
#616 = DIRECTION ( 'NONE',  ( 0.000000000000000000, 0.000000000000000000, 1.000000000000000000 ) ) ;
#617 = EDGE_LOOP ( 'NONE', ( #1471, #596 ) ) ;
#618 = EDGE_LOOP ( 'NONE', ( #143, #402, #462, #337 ) ) ;
#619 = DIRECTION ( 'NONE',  ( 0.000000000000000000, 0.000000000000000000, 1.000000000000000000 ) ) ;
#620 = ADVANCED_FACE ( 'NONE', ( #1578 ), #354, .F. ) ;
#621 = CARTESIAN_POINT ( 'NONE',  ( 9.700000000000002842, 13.85640646055101755, -8.000000000000000000 ) ) ;
#622 = FACE_BOUND ( 'NONE', #1045, .T. ) ;
#623 = EDGE_CURVE ( 'NONE', #792, #1182, #153, .T. ) ;
#624 = ORIENTED_EDGE ( 'NONE', *, *, #1530, .F. ) ;
#625 = LINE ( 'NONE', #1355, #1498 ) ;
#626 = CARTESIAN_POINT ( 'NONE',  ( -16.26345596729059650, -25.49999999999999645, -113.7365440327094177 ) ) ;
#627 = CARTESIAN_POINT ( 'NONE',  ( 30.00000000000000000, -35.50000000000000000, -8.000000000000000000 ) ) ;
#628 = ADVANCED_FACE ( 'NONE', ( #777 ), #305, .F. ) ;
#629 = LOCAL_TIME ( 11, 9, 53.00000000000000000, #1070 ) ;
#630 = AXIS2_PLACEMENT_3D ( 'NONE', #151, #592, #1583 ) ;
#631 = AXIS2_PLACEMENT_3D ( 'NONE', #1016, #419, #672 ) ;
#632 = CARTESIAN_POINT ( 'NONE',  ( 8.572527594031465301E-16, -25.49999999999999645, -123.0000000000000000 ) ) ;
#633 = CYLINDRICAL_SURFACE ( 'NONE', #406, 1.700000000000000178 ) ;
#634 = ORIENTED_EDGE ( 'NONE', *, *, #1381, .T. ) ;
#635 = DIRECTION ( 'NONE',  ( 0.000000000000000000, -0.000000000000000000, 1.000000000000000000 ) ) ;
#636 = LINE ( 'NONE', #270, #1245 ) ;
#637 = LINE ( 'NONE', #1123, #988 ) ;
#638 = EDGE_CURVE ( 'NONE', #1108, #300, #581, .T. ) ;
#639 = CARTESIAN_POINT ( 'NONE',  ( 24.50000000000000000, 20.00000000000000000, -7.500000000000000000 ) ) ;
#640 = EDGE_CURVE ( 'NONE', #1423, #495, #80, .T. ) ;
#641 = FACE_OUTER_BOUND ( 'NONE', #856, .T. ) ;
#642 = DIRECTION ( 'NONE',  ( -0.000000000000000000, -0.000000000000000000, -1.000000000000000000 ) ) ;
#643 = DIRECTION ( 'NONE',  ( 0.000000000000000000, 0.000000000000000000, 1.000000000000000000 ) ) ;
#644 = ORIENTED_EDGE ( 'NONE', *, *, #1289, .F. ) ;
#645 = DIRECTION ( 'NONE',  ( 0.000000000000000000, 1.000000000000000000, 0.000000000000000000 ) ) ;
#646 = CARTESIAN_POINT ( 'NONE',  ( 0.000000000000000000, 0.000000000000000000, -8.000000000000000000 ) ) ;
#647 = CYLINDRICAL_SURFACE ( 'NONE', #602, 1.700000000000007061 ) ;
#648 = CARTESIAN_POINT ( 'NONE',  ( -30.00000000000000000, -25.49999999999999645, -8.000000000000000000 ) ) ;
#649 = ORIENTED_EDGE ( 'NONE', *, *, #284, .T. ) ;
#650 = DIRECTION ( 'NONE',  ( -0.000000000000000000, -0.000000000000000000, -1.000000000000000000 ) ) ;
#651 = CARTESIAN_POINT ( 'NONE',  ( 16.26345596729058585, -25.49999999999999645, -113.7365440327094177 ) ) ;
#652 = ORIENTED_EDGE ( 'NONE', *, *, #1196, .F. ) ;
#653 = LINE ( 'NONE', #287, #1037 ) ;
#654 = ORIENTED_EDGE ( 'NONE', *, *, #1164, .F. ) ;
#655 = CARTESIAN_POINT ( 'NONE',  ( -16.26345596729059650, -25.49999999999999645, -113.7365440327094177 ) ) ;
#656 = DIRECTION ( 'NONE',  ( -0.000000000000000000, -0.000000000000000000, -1.000000000000000000 ) ) ;
#657 = EDGE_CURVE ( 'NONE', #1182, #792, #1064, .T. ) ;
#658 = CIRCLE ( 'NONE', #10, 1.700000000000000178 ) ;
#659 = ORIENTED_EDGE ( 'NONE', *, *, #1561, .F. ) ;
#660 = CIRCLE ( 'NONE', #1085, 1.700000000000007061 ) ;
#661 = AXIS2_PLACEMENT_3D ( 'NONE', #1557, #1323, #1069 ) ;
#662 = VECTOR ( 'NONE', #670, 1000.000000000000000 ) ;
#663 = DIRECTION ( 'NONE',  ( 0.000000000000000000, 0.000000000000000000, 1.000000000000000000 ) ) ;
#664 = CARTESIAN_POINT ( 'NONE',  ( 30.00000000000000000, -25.49999999999999645, -160.0000000000000000 ) ) ;
#665 = ORIENTED_EDGE ( 'NONE', *, *, #1504, .F. ) ;
#666 = EDGE_CURVE ( 'NONE', #472, #1551, #1036, .T. ) ;
#667 = ORIENTED_EDGE ( 'NONE', *, *, #29, .F. ) ;
#668 = DESIGN_CONTEXT ( 'detailed design', #117, 'design' ) ;
#669 = CARTESIAN_POINT ( 'NONE',  ( 0.000000000000000000, 0.000000000000000000, -2.200000000000000178 ) ) ;
#670 = DIRECTION ( 'NONE',  ( 0.000000000000000000, 0.000000000000000000, 1.000000000000000000 ) ) ;
#671 = ORIENTED_EDGE ( 'NONE', *, *, #274, .T. ) ;
#672 = DIRECTION ( 'NONE',  ( 0.000000000000000000, 0.000000000000000000, -1.000000000000000000 ) ) ;
#673 = ADVANCED_FACE ( 'NONE', ( #186 ), #1043, .F. ) ;
#674 = DIRECTION ( 'NONE',  ( -0.000000000000000000, -1.000000000000000000, -0.000000000000000000 ) ) ;
#675 = EDGE_LOOP ( 'NONE', ( #1302, #292, #103, #1495 ) ) ;
#676 = DIRECTION ( 'NONE',  ( 0.000000000000000000, 0.000000000000000000, 1.000000000000000000 ) ) ;
#677 = EDGE_CURVE ( 'NONE', #993, #701, #486, .T. ) ;
#678 = CARTESIAN_POINT ( 'NONE',  ( -4.000000000000000000, 0.000000000000000000, -2.200000000000000178 ) ) ;
#679 = VERTEX_POINT ( 'NONE', #69 ) ;
#680 = LINE ( 'NONE', #1429, #1438 ) ;
#681 = COORDINATED_UNIVERSAL_TIME_OFFSET ( 5, 30, .AHEAD. ) ;
#682 = ORIENTED_EDGE ( 'NONE', *, *, #142, .F. ) ;
#683 = VECTOR ( 'NONE', #1560, 1000.000000000000000 ) ;
#684 = DIRECTION ( 'NONE',  ( 0.000000000000000000, -1.000000000000000000, 0.000000000000000000 ) ) ;
#685 = CC_DESIGN_SECURITY_CLASSIFICATION ( #79, ( #132 ) ) ;
#686 = AXIS2_PLACEMENT_3D ( 'NONE', #44, #543, #1022 ) ;
#687 = EDGE_LOOP ( 'NONE', ( #55, #297 ) ) ;
#688 = AXIS2_PLACEMENT_3D ( 'NONE', #401, #1519, #303 ) ;
#689 = AXIS2_PLACEMENT_3D ( 'NONE', #133, #146, #1094 ) ;
#690 = ORIENTED_EDGE ( 'NONE', *, *, #452, .T. ) ;
#691 = FACE_OUTER_BOUND ( 'NONE', #781, .T. ) ;
#692 = EDGE_CURVE ( 'NONE', #1551, #1096, #1411, .T. ) ;
#693 = LINE ( 'NONE', #1440, #311 ) ;
#694 = ORIENTED_EDGE ( 'NONE', *, *, #519, .F. ) ;
#695 = DIRECTION ( 'NONE',  ( 0.000000000000000000, 0.000000000000000000, 1.000000000000000000 ) ) ;
#696 = ORIENTED_EDGE ( 'NONE', *, *, #1177, .F. ) ;
#697 = CARTESIAN_POINT ( 'NONE',  ( -16.26345596729059650, -25.49999999999999645, -112.0365440327094007 ) ) ;
#698 = DATE_TIME_ROLE ( 'classification_date' ) ;
#699 = EDGE_LOOP ( 'NONE', ( #138, #242, #217, #780, #165 ) ) ;
#700 = CARTESIAN_POINT ( 'NONE',  ( -30.00000000000000000, -25.49999999999999645, -8.000000000000000000 ) ) ;
#701 = VERTEX_POINT ( 'NONE', #166 ) ;
#702 = EDGE_CURVE ( 'NONE', #495, #808, #1529, .T. ) ;
#703 = DIRECTION ( 'NONE',  ( 0.000000000000000000, 0.000000000000000000, 1.000000000000000000 ) ) ;
#704 = ORIENTED_EDGE ( 'NONE', *, *, #46, .T. ) ;
#705 = ORIENTED_EDGE ( 'NONE', *, *, #396, .T. ) ;
#706 = FACE_OUTER_BOUND ( 'NONE', #604, .T. ) ;
#707 = PERSON_AND_ORGANIZATION ( #1324, #1328 ) ;
#708 = ORIENTED_EDGE ( 'NONE', *, *, #38, .F. ) ;
#709 = CARTESIAN_POINT ( 'NONE',  ( 18.50000000000000000, -25.49999999999999645, -8.000000000000000000 ) ) ;
#710 = AXIS2_PLACEMENT_3D ( 'NONE', #1199, #1330, #489 ) ;
#711 = LINE ( 'NONE', #1555, #557 ) ;
#712 = ORIENTED_EDGE ( 'NONE', *, *, #966, .F. ) ;
#713 = AXIS2_PLACEMENT_3D ( 'NONE', #514, #1364, #403 ) ;
#714 = ORIENTED_EDGE ( 'NONE', *, *, #917, .T. ) ;
#715 = DIRECTION ( 'NONE',  ( -0.000000000000000000, -0.000000000000000000, -1.000000000000000000 ) ) ;
#716 = CIRCLE ( 'NONE', #25, 1.700000000000000178 ) ;
#717 = MECHANICAL_CONTEXT ( 'NONE', #1026, 'mechanical' ) ;
#718 = EDGE_LOOP ( 'NONE', ( #843, #945, #345, #360 ) ) ;
#719 = LINE ( 'NONE', #627, #407 ) ;
#720 = CARTESIAN_POINT ( 'NONE',  ( 16.26345596729058585, -35.50000000000000000, -115.4365440327094205 ) ) ;
#721 = CARTESIAN_POINT ( 'NONE',  ( -16.26345596729059650, -25.49999999999999645, -115.4365440327094205 ) ) ;
#722 = VERTEX_POINT ( 'NONE', #793 ) ;
#723 = ORIENTED_EDGE ( 'NONE', *, *, #1173, .T. ) ;
#724 = DIRECTION ( 'NONE',  ( -0.000000000000000000, -1.000000000000000000, -0.000000000000000000 ) ) ;
#725 = EDGE_CURVE ( 'NONE', #722, #1142, #1281, .T. ) ;
#726 = EDGE_LOOP ( 'NONE', ( #423, #253, #232, #195 ) ) ;
#727 = EDGE_CURVE ( 'NONE', #495, #1423, #814, .T. ) ;
#728 = DIRECTION ( 'NONE',  ( 1.000000000000000000, 0.000000000000000000, 0.000000000000000000 ) ) ;
#729 = ADVANCED_FACE ( 'NONE', ( #523 ), #1008, .F. ) ;
#730 = CARTESIAN_POINT ( 'NONE',  ( 16.26345596729059295, -35.50000000000000000, -146.2634559672905823 ) ) ;
#731 = PLANE ( 'NONE',  #258 ) ;
#732 = VECTOR ( 'NONE', #656, 1000.000000000000000 ) ;
#733 = CIRCLE ( 'NONE', #256, 1.700000000000000178 ) ;
#734 = DIRECTION ( 'NONE',  ( 0.000000000000000000, 0.000000000000000000, 1.000000000000000000 ) ) ;
#735 = DIRECTION ( 'NONE',  ( 0.000000000000000000, 0.000000000000000000, -1.000000000000000000 ) ) ;
#736 = VECTOR ( 'NONE', #1549, 1000.000000000000000 ) ;
#737 = CIRCLE ( 'NONE', #844, 1.700000000000007061 ) ;
#738 = VECTOR ( 'NONE', #1385, 1000.000000000000114 ) ;
#739 = DIRECTION ( 'NONE',  ( -1.000000000000000000, 0.000000000000000000, 0.000000000000000000 ) ) ;
#740 = EDGE_CURVE ( 'NONE', #1426, #81, #1511, .T. ) ;
#741 = ORIENTED_EDGE ( 'NONE', *, *, #1320, .F. ) ;
#742 = CARTESIAN_POINT ( 'NONE',  ( -12.15000000000000036, 1.487945860964034377E-15, -2.200000000000000178 ) ) ;
#743 = VERTEX_POINT ( 'NONE', #324 ) ;
#744 = DIRECTION ( 'NONE',  ( 1.000000000000000000, 0.000000000000000000, 0.000000000000000000 ) ) ;
#745 = DIRECTION ( 'NONE',  ( -0.000000000000000000, 0.000000000000000000, 1.000000000000000000 ) ) ;
#746 = EDGE_LOOP ( 'NONE', ( #905, #123, #1404, #873 ) ) ;
#747 = DIRECTION ( 'NONE',  ( 0.000000000000000000, -1.000000000000000000, 0.000000000000000000 ) ) ;
#748 = CARTESIAN_POINT ( 'NONE',  ( 4.000000000000000000, 4.898587196589412829E-16, -2.200000000000000178 ) ) ;
#749 = ORIENTED_EDGE ( 'NONE', *, *, #608, .T. ) ;
#750 = FACE_OUTER_BOUND ( 'NONE', #1539, .T. ) ;
#751 = DIRECTION ( 'NONE',  ( 0.000000000000000000, 1.000000000000000000, 0.000000000000000000 ) ) ;
#752 = DIRECTION ( 'NONE',  ( 1.000000000000000000, 0.000000000000000000, -0.000000000000000000 ) ) ;
#753 = ORIENTED_EDGE ( 'NONE', *, *, #840, .F. ) ;
#754 = PLANE ( 'NONE',  #381 ) ;
#755 = VECTOR ( 'NONE', #1221, 1000.000000000000000 ) ;
#756 = DIRECTION ( 'NONE',  ( -1.000000000000000000, 0.000000000000000000, 0.000000000000000000 ) ) ;
#757 = EDGE_CURVE ( 'NONE', #979, #1368, #801, .T. ) ;
#758 = VECTOR ( 'NONE', #1312, 1000.000000000000000 ) ;
#759 = CARTESIAN_POINT ( 'NONE',  ( 24.50000000000000000, 20.00000000000000000, -7.500000000000000000 ) ) ;
#760 = AXIS2_PLACEMENT_3D ( 'NONE', #655, #536, #298 ) ;
#761 = CARTESIAN_POINT ( 'NONE',  ( 0.000000000000000000, -25.49999999999999645, -84.15760869565220048 ) ) ;
#762 = VECTOR ( 'NONE', #1449, 1000.000000000000000 ) ;
#763 = VECTOR ( 'NONE', #977, 1000.000000000000000 ) ;
#764 = LINE ( 'NONE', #416, #152 ) ;
#765 = FACE_BOUND ( 'NONE', #379, .T. ) ;
#766 = LINE ( 'NONE', #1420, #1382 ) ;
#767 = EDGE_CURVE ( 'NONE', #538, #1104, #680, .T. ) ;
#768 = ORIENTED_EDGE ( 'NONE', *, *, #966, .T. ) ;
#769 = CARTESIAN_POINT ( 'NONE',  ( -16.26345596729059650, -25.49999999999999645, -113.7365440327094177 ) ) ;
#770 = DIRECTION ( 'NONE',  ( 1.000000000000000000, 0.000000000000000000, 0.000000000000000000 ) ) ;
#771 = PLANE ( 'NONE',  #177 ) ;
#772 = ORIENTED_EDGE ( 'NONE', *, *, #1398, .T. ) ;
#773 = DIRECTION ( 'NONE',  ( -1.000000000000000000, 0.000000000000000000, 0.000000000000000000 ) ) ;
#774 = DIRECTION ( 'NONE',  ( 0.000000000000000000, -1.000000000000000000, 0.000000000000000000 ) ) ;
#775 = CARTESIAN_POINT ( 'NONE',  ( -16.00000000000000000, 1.959434878635765131E-15, -8.000000000000000000 ) ) ;
#776 = EDGE_CURVE ( 'NONE', #1457, #294, #82, .T. ) ;
#777 = FACE_OUTER_BOUND ( 'NONE', #1321, .T. ) ;
#778 = APPROVAL ( #570, 'UNSPECIFIED' ) ;
#779 = DIRECTION ( 'NONE',  ( 0.000000000000000000, 0.000000000000000000, -1.000000000000000000 ) ) ;
#780 = ORIENTED_EDGE ( 'NONE', *, *, #1231, .F. ) ;
#781 = EDGE_LOOP ( 'NONE', ( #1322, #955, #399 ) ) ;
#782 = FACE_OUTER_BOUND ( 'NONE', #1219, .T. ) ;
#783 = DIRECTION ( 'NONE',  ( -0.000000000000000000, -1.000000000000000000, -0.000000000000000000 ) ) ;
#784 = DIRECTION ( 'NONE',  ( 0.000000000000000000, 0.000000000000000000, 1.000000000000000000 ) ) ;
#785 = AXIS2_PLACEMENT_3D ( 'NONE', #2, #1102, #20 ) ;
#786 =( NAMED_UNIT ( * ) PLANE_ANGLE_UNIT ( ) SI_UNIT ( $, .RADIAN. ) );
#787 = ORIENTED_EDGE ( 'NONE', *, *, #1224, .T. ) ;
#788 = VECTOR ( 'NONE', #715, 1000.000000000000000 ) ;
#789 = EDGE_CURVE ( 'NONE', #1182, #993, #446, .T. ) ;
#790 = CARTESIAN_POINT ( 'NONE',  ( -7.999999999999996447, 13.85640646055101932, 0.000000000000000000 ) ) ;
#791 = CARTESIAN_POINT ( 'NONE',  ( 8.000000000000001776, -13.85640646055101755, -8.000000000000000000 ) ) ;
#792 = VERTEX_POINT ( 'NONE', #463 ) ;
#793 = CARTESIAN_POINT ( 'NONE',  ( -14.30000000000000071, 2.167624834490814962E-15, 0.000000000000000000 ) ) ;
#794 = CARTESIAN_POINT ( 'NONE',  ( 25.00000000000000000, 25.00000000000000000, -8.000000000000000000 ) ) ;
#795 = ORIENTED_EDGE ( 'NONE', *, *, #331, .F. ) ;
#796 = ADVANCED_FACE ( 'NONE', ( #1434 ), #1195, .F. ) ;
#797 = LINE ( 'NONE', #194, #460 ) ;
#798 = CARTESIAN_POINT ( 'NONE',  ( -14.30000000000000071, 2.167624834490814962E-15, -8.000000000000000000 ) ) ;
#799 = ADVANCED_FACE ( 'NONE', ( #834 ), #846, .F. ) ;
#800 = ORIENTED_EDGE ( 'NONE', *, *, #1576, .F. ) ;
#801 = LINE ( 'NONE', #1288, #1242 ) ;
#802 = PERSON_AND_ORGANIZATION_ROLE ( 'classification_officer' ) ;
#803 = LINE ( 'NONE', #648, #155 ) ;
#804 = VERTEX_POINT ( 'NONE', #122 ) ;
#805 = LINE ( 'NONE', #1430, #985 ) ;
#806 = ORIENTED_EDGE ( 'NONE', *, *, #259, .T. ) ;
#807 = CARTESIAN_POINT ( 'NONE',  ( -8.000000000000007105, -13.85640646055101577, 0.000000000000000000 ) ) ;
#808 = VERTEX_POINT ( 'NONE', #1337 ) ;
#809 = DIRECTION ( 'NONE',  ( 0.000000000000000000, 0.000000000000000000, -1.000000000000000000 ) ) ;
#810 = COORDINATED_UNIVERSAL_TIME_OFFSET ( 5, 30, .AHEAD. ) ;
#811 = CIRCLE ( 'NONE', #1535, 1.700000000000007061 ) ;
#812 = CARTESIAN_POINT ( 'NONE',  ( 0.000000000000000000, -25.49999999999999645, -130.0000000000000000 ) ) ;
#813 = LOCAL_TIME ( 11, 9, 53.00000000000000000, #1325 ) ;
#814 = CIRCLE ( 'NONE', #7, 7.000000000000006217 ) ;
#815 = VERTEX_POINT ( 'NONE', #454 ) ;
#816 = AXIS2_PLACEMENT_3D ( 'NONE', #157, #981, #1475 ) ;
#817 = ORIENTED_EDGE ( 'NONE', *, *, #638, .T. ) ;
#818 = ORIENTED_EDGE ( 'NONE', *, *, #1228, .T. ) ;
#819 = PLANE ( 'NONE',  #108 ) ;
#820 = ADVANCED_FACE ( 'NONE', ( #706 ), #233, .F. ) ;
#821 = PERSON_AND_ORGANIZATION ( #1324, #1328 ) ;
#822 = VERTEX_POINT ( 'NONE', #938 ) ;
#823 = EDGE_CURVE ( 'NONE', #1198, #221, #1180, .T. ) ;
#824 = CARTESIAN_POINT ( 'NONE',  ( 9.700000000000002842, 13.85640646055101755, 0.000000000000000000 ) ) ;
#825 = ORIENTED_EDGE ( 'NONE', *, *, #1056, .T. ) ;
#826 = ORIENTED_EDGE ( 'NONE', *, *, #473, .T. ) ;
#827 = ORIENTED_EDGE ( 'NONE', *, *, #1212, .F. ) ;
#828 = FACE_OUTER_BOUND ( 'NONE', #1042, .T. ) ;
#829 = VERTEX_POINT ( 'NONE', #333 ) ;
#830 = CARTESIAN_POINT ( 'NONE',  ( -16.26345596729058940, -25.49999999999999645, -144.5634559672905937 ) ) ;
#831 = FACE_OUTER_BOUND ( 'NONE', #726, .T. ) ;
#832 = ORIENTED_EDGE ( 'NONE', *, *, #840, .T. ) ;
#833 = EDGE_LOOP ( 'NONE', ( #634, #498 ) ) ;
#834 = FACE_OUTER_BOUND ( 'NONE', #1058, .T. ) ;
#835 = PERSON_AND_ORGANIZATION_ROLE ( 'creator' ) ;
#836 = EDGE_LOOP ( 'NONE', ( #612, #918, #1052, #24 ) ) ;
#837 = VECTOR ( 'NONE', #376, 1000.000000000000000 ) ;
#838 = LINE ( 'NONE', #1235, #606 ) ;
#839 = CIRCLE ( 'NONE', #203, 1.700000000000000178 ) ;
#840 = EDGE_CURVE ( 'NONE', #679, #855, #1569, .T. ) ;
#841 = AXIS2_PLACEMENT_3D ( 'NONE', #759, #1247, #848 ) ;
#842 = DIRECTION ( 'NONE',  ( -1.000000000000000000, 0.000000000000000000, 0.000000000000000000 ) ) ;
#843 = ORIENTED_EDGE ( 'NONE', *, *, #666, .T. ) ;
#844 = AXIS2_PLACEMENT_3D ( 'NONE', #605, #1147, #1259 ) ;
#845 = EDGE_LOOP ( 'NONE', ( #601, #101, #1093, #568 ) ) ;
#846 = CYLINDRICAL_SURFACE ( 'NONE', #661, 1.700000000000000178 ) ;
#847 = VECTOR ( 'NONE', #393, 1000.000000000000000 ) ;
#848 = DIRECTION ( 'NONE',  ( 0.000000000000000000, -0.5104105650098257341, -0.8599308432230760024 ) ) ;
#849 = EDGE_CURVE ( 'NONE', #829, #1562, #218, .T. ) ;
#850 = CARTESIAN_POINT ( 'NONE',  ( 25.00000000000000000, -35.50000000000000000, 0.000000000000000000 ) ) ;
#851 = DIRECTION ( 'NONE',  ( 0.000000000000000000, 1.000000000000000000, 0.000000000000000000 ) ) ;
#852 = EDGE_LOOP ( 'NONE', ( #140, #1265 ) ) ;
#853 = FACE_BOUND ( 'NONE', #1252, .T. ) ;
#854 = CARTESIAN_POINT ( 'NONE',  ( 30.00000000000000000, -25.49999999999999645, -8.000000000000000000 ) ) ;
#855 = VERTEX_POINT ( 'NONE', #361 ) ;
#856 = EDGE_LOOP ( 'NONE', ( #1517, #1139, #795, #119 ) ) ;
#857 = CARTESIAN_POINT ( 'NONE',  ( -8.000000000000007105, -13.85640646055101577, 0.000000000000000000 ) ) ;
#858 = ORIENTED_EDGE ( 'NONE', *, *, #740, .T. ) ;
#859 = VECTOR ( 'NONE', #273, 1000.000000000000000 ) ;
#860 = VECTOR ( 'NONE', #400, 1000.000000000000114 ) ;
#861 = EDGE_LOOP ( 'NONE', ( #1178, #1298, #34, #654 ) ) ;
#862 = DIRECTION ( 'NONE',  ( -0.000000000000000000, -1.000000000000000000, -0.000000000000000000 ) ) ;
#863 = VECTOR ( 'NONE', #950, 1000.000000000000000 ) ;
#864 = VECTOR ( 'NONE', #1443, 1000.000000000000000 ) ;
#865 = CIRCLE ( 'NONE', #948, 1.700000000000000178 ) ;
#866 = CARTESIAN_POINT ( 'NONE',  ( 8.000000000000001776, 13.85640646055101755, 0.000000000000000000 ) ) ;
#867 = DIRECTION ( 'NONE',  ( 1.000000000000000000, 0.000000000000000000, 0.000000000000000000 ) ) ;
#868 = VERTEX_POINT ( 'NONE', #97 ) ;
#869 = CARTESIAN_POINT ( 'NONE',  ( -8.000000000000007105, -13.85640646055101577, 0.000000000000000000 ) ) ;
#870 = DIRECTION ( 'NONE',  ( -1.000000000000000000, 0.000000000000000000, 0.000000000000000000 ) ) ;
#871 = DIRECTION ( 'NONE',  ( 0.000000000000000000, -1.000000000000000000, 0.000000000000000000 ) ) ;
#872 = LINE ( 'NONE', #1095, #84 ) ;
#873 = ORIENTED_EDGE ( 'NONE', *, *, #338, .F. ) ;
#874 = DIRECTION ( 'NONE',  ( 0.000000000000000000, 0.000000000000000000, 1.000000000000000000 ) ) ;
#875 = CARTESIAN_POINT ( 'NONE',  ( 0.000000000000000000, 0.000000000000000000, 0.000000000000000000 ) ) ;
#876 = VERTEX_POINT ( 'NONE', #1053 ) ;
#877 = DIRECTION ( 'NONE',  ( 1.000000000000000000, 0.000000000000000000, 0.000000000000000000 ) ) ;
#878 = CARTESIAN_POINT ( 'NONE',  ( -25.00000000000000000, -35.50000000000000000, 0.000000000000000000 ) ) ;
#879 = ORIENTED_EDGE ( 'NONE', *, *, #443, .F. ) ;
#880 = CARTESIAN_POINT ( 'NONE',  ( 17.69999999999999929, 2.081899558550500526E-16, -8.000000000000000000 ) ) ;
#881 = CARTESIAN_POINT ( 'NONE',  ( 17.69999999999999929, 2.081899558550500526E-16, 0.000000000000000000 ) ) ;
#882 = EDGE_CURVE ( 'NONE', #442, #1174, #1452, .T. ) ;
#883 = CIRCLE ( 'NONE', #483, 1.700000000000000178 ) ;
#884 = VERTEX_POINT ( 'NONE', #576 ) ;
#885 = CARTESIAN_POINT ( 'NONE',  ( -25.00000000000000000, 25.00000000000000000, 0.000000000000000000 ) ) ;
#886 = CC_DESIGN_APPROVAL ( #778, ( #132 ) ) ;
#887 = CIRCLE ( 'NONE', #506, 1.700000000000000178 ) ;
#888 = LINE ( 'NONE', #1413, #56 ) ;
#889 = CARTESIAN_POINT ( 'NONE',  ( 4.000000000000000000, 4.898587196589412829E-16, 0.000000000000000000 ) ) ;
#890 = AXIS2_PLACEMENT_3D ( 'NONE', #264, #1226, #756 ) ;
#891 = ADVANCED_FACE ( 'NONE', ( #105 ), #819, .F. ) ;
#892 = FACE_OUTER_BOUND ( 'NONE', #1260, .T. ) ;
#893 = DIRECTION ( 'NONE',  ( 0.000000000000000000, 1.000000000000000000, 0.000000000000000000 ) ) ;
#894 = CARTESIAN_POINT ( 'NONE',  ( -30.00000000000000000, -35.50000000000000000, -160.0000000000000000 ) ) ;
#895 = CC_DESIGN_PERSON_AND_ORGANIZATION_ASSIGNMENT ( #1317, #91, ( #451 ) ) ;
#896 = VERTEX_POINT ( 'NONE', #114 ) ;
#897 = DIRECTION ( 'NONE',  ( 0.000000000000000000, 1.000000000000000000, 0.000000000000000000 ) ) ;
#898 = DIRECTION ( 'NONE',  ( 0.000000000000000000, 0.000000000000000000, -1.000000000000000000 ) ) ;
#899 = ORIENTED_EDGE ( 'NONE', *, *, #995, .T. ) ;
#900 = FACE_BOUND ( 'NONE', #1133, .T. ) ;
#901 = CARTESIAN_POINT ( 'NONE',  ( 0.000000000000000000, 0.000000000000000000, 0.000000000000000000 ) ) ;
#902 = ORIENTED_EDGE ( 'NONE', *, *, #17, .F. ) ;
#903 = DIRECTION ( 'NONE',  ( 0.000000000000000000, 0.000000000000000000, 1.000000000000000000 ) ) ;
#904 = DIRECTION ( 'NONE',  ( -0.000000000000000000, -1.000000000000000000, -0.000000000000000000 ) ) ;
#905 = ORIENTED_EDGE ( 'NONE', *, *, #936, .F. ) ;
#906 = CARTESIAN_POINT ( 'NONE',  ( 16.00000000000000000, 0.000000000000000000, 0.000000000000000000 ) ) ;
#907 = ORIENTED_EDGE ( 'NONE', *, *, #776, .F. ) ;
#908 = CARTESIAN_POINT ( 'NONE',  ( 0.000000000000000000, 0.000000000000000000, -2.200000000000000178 ) ) ;
#909 = FACE_OUTER_BOUND ( 'NONE', #1061, .T. ) ;
#910 = ORIENTED_EDGE ( 'NONE', *, *, #5, .T. ) ;
#911 = CARTESIAN_POINT ( 'NONE',  ( 0.000000000000000000, -25.49999999999999645, -137.0000000000000000 ) ) ;
#912 = ORIENTED_EDGE ( 'NONE', *, *, #278, .T. ) ;
#913 = CIRCLE ( 'NONE', #1271, 12.15000000000000036 ) ;
#914 = VECTOR ( 'NONE', #964, 1000.000000000000000 ) ;
#915 = DIRECTION ( 'NONE',  ( 0.000000000000000000, 0.000000000000000000, -1.000000000000000000 ) ) ;
#916 = AXIS2_PLACEMENT_3D ( 'NONE', #102, #934, #461 ) ;
#917 = EDGE_CURVE ( 'NONE', #89, #447, #1062, .T. ) ;
#918 = ORIENTED_EDGE ( 'NONE', *, *, #1577, .T. ) ;
#919 = FACE_BOUND ( 'NONE', #40, .T. ) ;
#920 = LINE ( 'NONE', #78, #1570 ) ;
#921 = ORIENTED_EDGE ( 'NONE', *, *, #1238, .F. ) ;
#922 = CARTESIAN_POINT ( 'NONE',  ( -24.50000000000000000, -0.000000000000000000, -8.000000000000000000 ) ) ;
#923 = DIRECTION ( 'NONE',  ( 0.000000000000000000, 0.000000000000000000, 1.000000000000000000 ) ) ;
#924 = ORIENTED_EDGE ( 'NONE', *, *, #1175, .T. ) ;
#925 = CARTESIAN_POINT ( 'NONE',  ( 0.000000000000000000, 19.70322580645161281, -8.000000000000000000 ) ) ;
#926 = ORIENTED_EDGE ( 'NONE', *, *, #917, .F. ) ;
#927 = ADVANCED_FACE ( 'NONE', ( #828 ), #1188, .F. ) ;
#928 = DIRECTION ( 'NONE',  ( -0.000000000000000000, -1.000000000000000000, -0.000000000000000000 ) ) ;
#929 = ORIENTED_EDGE ( 'NONE', *, *, #1203, .F. ) ;
#930 = DIRECTION ( 'NONE',  ( 0.000000000000000000, 1.000000000000000000, 0.000000000000000000 ) ) ;
#931 = DATE_AND_TIME ( #455, #1408 ) ;
#932 = DIRECTION ( 'NONE',  ( 1.000000000000000000, 0.000000000000000000, 0.000000000000000000 ) ) ;
#933 = ORIENTED_EDGE ( 'NONE', *, *, #1469, .F. ) ;
#934 = DIRECTION ( 'NONE',  ( 0.000000000000000000, 1.000000000000000000, 0.000000000000000000 ) ) ;
#935 = ORIENTED_EDGE ( 'NONE', *, *, #388, .T. ) ;
#936 = EDGE_CURVE ( 'NONE', #1165, #804, #478, .T. ) ;
#937 = ORIENTED_EDGE ( 'NONE', *, *, #1419, .F. ) ;
#938 = CARTESIAN_POINT ( 'NONE',  ( -16.26345596729058940, -35.50000000000000000, -144.5634559672905937 ) ) ;
#939 = ADVANCED_FACE ( 'NONE', ( #1458 ), #595, .F. ) ;
#940 = CALENDAR_DATE ( 2026, 24, 9 ) ;
#941 = VERTEX_POINT ( 'NONE', #207 ) ;
#942 = VECTOR ( 'NONE', #408, 1000.000000000000000 ) ;
#943 = CARTESIAN_POINT ( 'NONE',  ( 16.26345596729058585, -25.49999999999999645, -112.0365440327094007 ) ) ;
#944 = AXIS2_PLACEMENT_3D ( 'NONE', #471, #1082, #3 ) ;
#945 = ORIENTED_EDGE ( 'NONE', *, *, #692, .T. ) ;
#946 = AXIS2_PLACEMENT_3D ( 'NONE', #901, #643, #1014 ) ;
#947 = ADVANCED_FACE ( 'NONE', ( #691 ), #569, .T. ) ;
#948 = AXIS2_PLACEMENT_3D ( 'NONE', #1255, #1132, #1124 ) ;
#949 = ORIENTED_EDGE ( 'NONE', *, *, #1215, .T. ) ;
#950 = DIRECTION ( 'NONE',  ( 1.000000000000000000, 0.000000000000000000, 0.000000000000000000 ) ) ;
#951 = ADVANCED_FACE ( 'NONE', ( #1363 ), #992, .F. ) ;
#952 = ORIENTED_EDGE ( 'NONE', *, *, #1508, .F. ) ;
#953 = CARTESIAN_POINT ( 'NONE',  ( 8.000000000000001776, -13.85640646055101755, -8.000000000000000000 ) ) ;
#954 = CARTESIAN_POINT ( 'NONE',  ( 8.000000000000001776, 13.85640646055101755, -8.000000000000000000 ) ) ;
#955 = ORIENTED_EDGE ( 'NONE', *, *, #507, .F. ) ;
#956 = EDGE_LOOP ( 'NONE', ( #190, #582 ) ) ;
#957 = DIRECTION ( 'NONE',  ( -0.000000000000000000, -1.000000000000000000, -0.000000000000000000 ) ) ;
#958 = DATE_AND_TIME ( #1310, #813 ) ;
#959 = ORIENTED_EDGE ( 'NONE', *, *, #1417, .F. ) ;
#960 = CARTESIAN_POINT ( 'NONE',  ( -30.00000000000000000, -25.49999999999999645, -8.000000000000000000 ) ) ;
#961 = FACE_BOUND ( 'NONE', #617, .T. ) ;
#962 = FACE_OUTER_BOUND ( 'NONE', #1486, .T. ) ;
#963 = ORIENTED_EDGE ( 'NONE', *, *, #331, .T. ) ;
#964 = DIRECTION ( 'NONE',  ( 0.000000000000000000, 1.000000000000000000, 0.000000000000000000 ) ) ;
#965 = ORIENTED_EDGE ( 'NONE', *, *, #391, .F. ) ;
#966 = EDGE_CURVE ( 'NONE', #231, #535, #1167, .T. ) ;
#967 = CARTESIAN_POINT ( 'NONE',  ( -16.00000000000000000, 1.959434878635765131E-15, 0.000000000000000000 ) ) ;
#968 = VECTOR ( 'NONE', #1025, 1000.000000000000000 ) ;
#969 = ADVANCED_FACE ( 'NONE', ( #19 ), #371, .F. ) ;
#970 = DIRECTION ( 'NONE',  ( 0.000000000000000000, 1.000000000000000000, 0.000000000000000000 ) ) ;
#971 = DIRECTION ( 'NONE',  ( -0.000000000000000000, -1.000000000000000000, -0.000000000000000000 ) ) ;
#972 = CIRCLE ( 'NONE', #1039, 1.700000000000000178 ) ;
#973 = DIRECTION ( 'NONE',  ( 0.000000000000000000, 0.000000000000000000, 1.000000000000000000 ) ) ;
#974 = DIRECTION ( 'NONE',  ( 0.000000000000000000, 0.000000000000000000, 1.000000000000000000 ) ) ;
#975 = VERTEX_POINT ( 'NONE', #748 ) ;
#976 = CARTESIAN_POINT ( 'NONE',  ( -16.26345596729059650, -35.50000000000000000, -112.0365440327094007 ) ) ;
#977 = DIRECTION ( 'NONE',  ( -0.000000000000000000, -0.000000000000000000, -1.000000000000000000 ) ) ;
#978 = EDGE_CURVE ( 'NONE', #1395, #586, #636, .T. ) ;
#979 = VERTEX_POINT ( 'NONE', #33 ) ;
#980 = CARTESIAN_POINT ( 'NONE',  ( 9.700000000000002842, 13.85640646055101755, 0.000000000000000000 ) ) ;
#981 = DIRECTION ( 'NONE',  ( 0.000000000000000000, 0.000000000000000000, 1.000000000000000000 ) ) ;
#982 = EDGE_CURVE ( 'NONE', #1482, #96, #1098, .T. ) ;
#983 = FACE_BOUND ( 'NONE', #1256, .T. ) ;
#984 = ORIENTED_EDGE ( 'NONE', *, *, #375, .F. ) ;
#985 = VECTOR ( 'NONE', #684, 1000.000000000000000 ) ;
#986 = CYLINDRICAL_SURFACE ( 'NONE', #552, 1.700000000000000178 ) ;
#987 = LINE ( 'NONE', #277, #847 ) ;
#988 = VECTOR ( 'NONE', #110, 1000.000000000000000 ) ;
#989 = CIRCLE ( 'NONE', #283, 1.700000000000007061 ) ;
#990 = FACE_OUTER_BOUND ( 'NONE', #14, .T. ) ;
#991 = DIRECTION ( 'NONE',  ( 0.000000000000000000, 0.000000000000000000, 1.000000000000000000 ) ) ;
#992 = CYLINDRICAL_SURFACE ( 'NONE', #1220, 12.15000000000000036 ) ;
#993 = VERTEX_POINT ( 'NONE', #976 ) ;
#994 = CARTESIAN_POINT ( 'NONE',  ( 8.000000000000001776, -13.85640646055101755, 0.000000000000000000 ) ) ;
#995 = EDGE_CURVE ( 'NONE', #808, #1346, #183, .T. ) ;
#996 = CYLINDRICAL_SURFACE ( 'NONE', #1217, 1.700000000000000178 ) ;
#997 = EDGE_LOOP ( 'NONE', ( #50, #929, #952, #363 ) ) ;
#998 = CARTESIAN_POINT ( 'NONE',  ( 18.50000000000000000, -25.50000000000000355, -84.15760869565220048 ) ) ;
#999 = CARTESIAN_POINT ( 'NONE',  ( -25.00000000000000000, -35.50000000000000000, 0.000000000000000000 ) ) ;
#1000 = EDGE_LOOP ( 'NONE', ( #1451, #275, #1315, #477 ) ) ;
#1001 = CARTESIAN_POINT ( 'NONE',  ( 16.26345596729058585, -35.50000000000000000, -112.0365440327094007 ) ) ;
#1002 = CARTESIAN_POINT ( 'NONE',  ( -30.00000000000000000, -25.49999999999999645, -8.000000000000000000 ) ) ;
#1003 = EDGE_CURVE ( 'NONE', #472, #876, #987, .T. ) ;
#1004 = DIRECTION ( 'NONE',  ( 0.000000000000000000, 1.000000000000000000, 0.000000000000000000 ) ) ;
#1005 = CARTESIAN_POINT ( 'NONE',  ( -6.300000000000006928, -13.85640646055101577, -8.000000000000000000 ) ) ;
#1006 = CIRCLE ( 'NONE', #559, 1.700000000000000178 ) ;
#1007 = AXIS2_PLACEMENT_3D ( 'NONE', #532, #1020, #411 ) ;
#1008 = CYLINDRICAL_SURFACE ( 'NONE', #527, 1.700000000000000178 ) ;
#1009 = VECTOR ( 'NONE', #871, 1000.000000000000000 ) ;
#1010 = CARTESIAN_POINT ( 'NONE',  ( -18.50000000000000355, -25.49999999999999645, -84.15760869565220048 ) ) ;
#1011 = ORIENTED_EDGE ( 'NONE', *, *, #1114, .F. ) ;
#1012 = AXIS2_PLACEMENT_3D ( 'NONE', #1387, #773, #39 ) ;
#1013 = CARTESIAN_POINT ( 'NONE',  ( 18.50000000000000000, 20.00000000000000000, -7.500000000000000000 ) ) ;
#1014 = DIRECTION ( 'NONE',  ( 1.000000000000000000, 0.000000000000000000, 0.000000000000000000 ) ) ;
#1015 = VERTEX_POINT ( 'NONE', #497 ) ;
#1016 = CARTESIAN_POINT ( 'NONE',  ( 16.26345596729058585, -25.49999999999999645, -113.7365440327094177 ) ) ;
#1017 = DIRECTION ( 'NONE',  ( 0.000000000000000000, 0.000000000000000000, -1.000000000000000000 ) ) ;
#1018 = ORIENTED_EDGE ( 'NONE', *, *, #1424, .F. ) ;
#1019 = DIRECTION ( 'NONE',  ( -0.000000000000000000, -0.000000000000000000, -1.000000000000000000 ) ) ;
#1020 = DIRECTION ( 'NONE',  ( 0.000000000000000000, 1.000000000000000000, 0.000000000000000000 ) ) ;
#1021 = CARTESIAN_POINT ( 'NONE',  ( 25.00000000000000000, -35.50000000000000000, -8.000000000000000000 ) ) ;
#1022 = DIRECTION ( 'NONE',  ( 0.000000000000000000, 0.000000000000000000, 1.000000000000000000 ) ) ;
#1023 = LINE ( 'NONE', #761, #185 ) ;
#1024 = ORIENTED_EDGE ( 'NONE', *, *, #1469, .T. ) ;
#1025 = DIRECTION ( 'NONE',  ( -0.000000000000000000, -0.000000000000000000, -1.000000000000000000 ) ) ;
#1026 = APPLICATION_CONTEXT ( 'configuration controlled 3d designs of mechanical parts and assemblies' ) ;
#1027 = DIRECTION ( 'NONE',  ( 0.000000000000000000, 0.000000000000000000, 1.000000000000000000 ) ) ;
#1028 = LINE ( 'NONE', #1251, #1115 ) ;
#1029 = CIRCLE ( 'NONE', #76, 1.700000000000007061 ) ;
#1030 = ORIENTED_EDGE ( 'NONE', *, *, #209, .F. ) ;
#1031 = CARTESIAN_POINT ( 'NONE',  ( -16.00000000000000000, 1.959434878635765131E-15, 0.000000000000000000 ) ) ;
#1032 = VECTOR ( 'NONE', #747, 1000.000000000000000 ) ;
#1033 =( NAMED_UNIT ( * ) SI_UNIT ( $, .STERADIAN. ) SOLID_ANGLE_UNIT ( ) );
#1034 = DIRECTION ( 'NONE',  ( 0.000000000000000000, 0.000000000000000000, 1.000000000000000000 ) ) ;
#1035 = EDGE_LOOP ( 'NONE', ( #193, #320 ) ) ;
#1036 = CIRCLE ( 'NONE', #1166, 1.700000000000000178 ) ;
#1037 = VECTOR ( 'NONE', #53, 1000.000000000000000 ) ;
#1038 = CARTESIAN_POINT ( 'NONE',  ( 30.00000000000000000, -25.49999999999999645, -160.0000000000000000 ) ) ;
#1039 = AXIS2_PLACEMENT_3D ( 'NONE', #127, #1086, #744 ) ;
#1040 = ORIENTED_EDGE ( 'NONE', *, *, #239, .T. ) ;
#1041 = CARTESIAN_POINT ( 'NONE',  ( 0.000000000000000000, 0.000000000000000000, 0.000000000000000000 ) ) ;
#1042 = EDGE_LOOP ( 'NONE', ( #1474, #1579, #525 ) ) ;
#1043 = PLANE ( 'NONE',  #1378 ) ;
#1044 = PERSON_AND_ORGANIZATION ( #1324, #1328 ) ;
#1045 = EDGE_LOOP ( 'NONE', ( #121, #1211 ) ) ;
#1046 = ADVANCED_FACE ( 'NONE', ( #1356 ), #386, .F. ) ;
#1047 = ADVANCED_FACE ( 'NONE', ( #492 ), #731, .F. ) ;
#1048 = DIRECTION ( 'NONE',  ( -0.000000000000000000, -1.000000000000000000, -0.000000000000000000 ) ) ;
#1049 = ORIENTED_EDGE ( 'NONE', *, *, #507, .T. ) ;
#1050 = EDGE_CURVE ( 'NONE', #1015, #1194, #1244, .T. ) ;
#1051 = CARTESIAN_POINT ( 'NONE',  ( 16.26345596729059295, -25.49999999999999645, -146.2634559672905823 ) ) ;
#1052 = ORIENTED_EDGE ( 'NONE', *, *, #995, .F. ) ;
#1053 = CARTESIAN_POINT ( 'NONE',  ( -9.699999999999997513, 13.85640646055101932, -8.000000000000000000 ) ) ;
#1054 = APPROVAL_ROLE ( '' ) ;
#1055 = ORIENTED_EDGE ( 'NONE', *, *, #584, .F. ) ;
#1056 = EDGE_CURVE ( 'NONE', #1551, #472, #1543, .T. ) ;
#1057 = DIRECTION ( 'NONE',  ( -0.000000000000000000, -1.000000000000000000, -0.000000000000000000 ) ) ;
#1058 = EDGE_LOOP ( 'NONE', ( #818, #649, #1509, #907 ) ) ;
#1059 = CC_DESIGN_DATE_AND_TIME_ASSIGNMENT ( #465, #591, ( #451 ) ) ;
#1060 = EDGE_CURVE ( 'NONE', #535, #231, #989, .T. ) ;
#1061 = EDGE_LOOP ( 'NONE', ( #1287, #1386, #197, #935 ) ) ;
#1062 = LINE ( 'NONE', #90, #1191 ) ;
#1063 = CARTESIAN_POINT ( 'NONE',  ( 25.00000000000000000, -35.50000000000000000, -8.000000000000000000 ) ) ;
#1064 = CIRCLE ( 'NONE', #383, 1.700000000000007061 ) ;
#1065 = CIRCLE ( 'NONE', #508, 1.700000000000007061 ) ;
#1066 = VERTEX_POINT ( 'NONE', #614 ) ;
#1067 = AXIS2_PLACEMENT_3D ( 'NONE', #1002, #779, #299 ) ;
#1068 = ORIENTED_EDGE ( 'NONE', *, *, #1295, .T. ) ;
#1069 = DIRECTION ( 'NONE',  ( -1.000000000000000000, 0.000000000000000000, 0.000000000000000000 ) ) ;
#1070 = COORDINATED_UNIVERSAL_TIME_OFFSET ( 5, 30, .AHEAD. ) ;
#1071 = ORIENTED_EDGE ( 'NONE', *, *, #494, .T. ) ;
#1072 = ADVANCED_FACE ( 'NONE', ( #27 ), #512, .F. ) ;
#1073 = CARTESIAN_POINT ( 'NONE',  ( -25.00000000000000000, 25.00000000000000000, -8.000000000000000000 ) ) ;
#1074 = CARTESIAN_POINT ( 'NONE',  ( 8.000000000000001776, 13.85640646055101755, 0.000000000000000000 ) ) ;
#1075 = ORIENTED_EDGE ( 'NONE', *, *, #608, .F. ) ;
#1076 = DIRECTION ( 'NONE',  ( -1.000000000000000000, 0.000000000000000000, 0.000000000000000000 ) ) ;
#1077 = EDGE_LOOP ( 'NONE', ( #1334, #1568, #1283, #921 ) ) ;
#1078 = ADVANCED_FACE ( 'NONE', ( #21 ), #1488, .F. ) ;
#1079 = CARTESIAN_POINT ( 'NONE',  ( -4.000000000000000000, 0.000000000000000000, 0.000000000000000000 ) ) ;
#1080 = VERTEX_POINT ( 'NONE', #130 ) ;
#1081 = EDGE_LOOP ( 'NONE', ( #1563, #1024, #349, #741 ) ) ;
#1082 = DIRECTION ( 'NONE',  ( -0.000000000000000000, -1.000000000000000000, -0.000000000000000000 ) ) ;
#1083 = CARTESIAN_POINT ( 'NONE',  ( -30.00000000000000000, -35.50000000000000000, -160.0000000000000000 ) ) ;
#1084 = LINE ( 'NONE', #960, #23 ) ;
#1085 = AXIS2_PLACEMENT_3D ( 'NONE', #229, #1284, #431 ) ;
#1086 = DIRECTION ( 'NONE',  ( 0.000000000000000000, 0.000000000000000000, 1.000000000000000000 ) ) ;
#1087 = AXIS2_PLACEMENT_3D ( 'NONE', #1131, #1140, #903 ) ;
#1088 = EDGE_CURVE ( 'NONE', #1444, #589, #737, .T. ) ;
#1089 = CIRCLE ( 'NONE', #1304, 1.700000000000000178 ) ;
#1090 = DIRECTION ( 'NONE',  ( 0.000000000000000000, 1.000000000000000000, 0.000000000000000000 ) ) ;
#1091 = CARTESIAN_POINT ( 'NONE',  ( -24.50000000000000000, 0.000000000000000000, 0.000000000000000000 ) ) ;
#1092 = AXIS2_PLACEMENT_3D ( 'NONE', #866, #1359, #1374 ) ;
#1093 = ORIENTED_EDGE ( 'NONE', *, *, #1388, .T. ) ;
#1094 = DIRECTION ( 'NONE',  ( 1.000000000000000000, 0.000000000000000000, -0.000000000000000000 ) ) ;
#1095 = CARTESIAN_POINT ( 'NONE',  ( 0.000000000000000000, -25.49999999999999645, -84.15760869565220048 ) ) ;
#1096 = VERTEX_POINT ( 'NONE', #1269 ) ;
#1097 = ORIENTED_EDGE ( 'NONE', *, *, #677, .T. ) ;
#1098 = LINE ( 'NONE', #369, #9 ) ;
#1099 = ORIENTED_EDGE ( 'NONE', *, *, #1212, .T. ) ;
#1100 = DIRECTION ( 'NONE',  ( -0.000000000000000000, -0.000000000000000000, -1.000000000000000000 ) ) ;
#1101 = VERTEX_POINT ( 'NONE', #1407 ) ;
#1102 = DIRECTION ( 'NONE',  ( 0.000000000000000000, 0.000000000000000000, 1.000000000000000000 ) ) ;
#1103 = CARTESIAN_POINT ( 'NONE',  ( 16.26345596729058585, -35.50000000000000000, -113.7365440327094177 ) ) ;
#1104 = VERTEX_POINT ( 'NONE', #61 ) ;
#1105 = EDGE_CURVE ( 'NONE', #113, #447, #766, .T. ) ;
#1106 = CIRCLE ( 'NONE', #1406, 1.700000000000000178 ) ;
#1107 = CARTESIAN_POINT ( 'NONE',  ( -16.00000000000000000, 1.959434878635765131E-15, 0.000000000000000000 ) ) ;
#1108 = VERTEX_POINT ( 'NONE', #1397 ) ;
#1109 = APPROVAL_PERSON_ORGANIZATION ( #325, #778, #1301 ) ;
#1110 = AXIS2_PLACEMENT_3D ( 'NONE', #276, #893, #635 ) ;
#1111 = DIRECTION ( 'NONE',  ( 0.000000000000000000, 1.000000000000000000, 0.000000000000000000 ) ) ;
#1112 = DIRECTION ( 'NONE',  ( -1.000000000000000000, 0.000000000000000000, -0.000000000000000000 ) ) ;
#1113 = CIRCLE ( 'NONE', #179, 1.700000000000000178 ) ;
#1114 = EDGE_CURVE ( 'NONE', #1108, #231, #1028, .T. ) ;
#1115 = VECTOR ( 'NONE', #67, 1000.000000000000000 ) ;
#1116 = DIRECTION ( 'NONE',  ( 0.000000000000000000, 0.000000000000000000, 1.000000000000000000 ) ) ;
#1117 = ADVANCED_FACE ( 'NONE', ( #182 ), #1536, .F. ) ;
#1118 = LINE ( 'NONE', #397, #1143 ) ;
#1119 = EDGE_LOOP ( 'NONE', ( #806, #236, #696, #542, #694, #665, #708, #827 ) ) ;
#1120 = DIRECTION ( 'NONE',  ( 0.000000000000000000, -0.000000000000000000, -1.000000000000000000 ) ) ;
#1121 = CARTESIAN_POINT ( 'NONE',  ( 0.000000000000000000, 0.000000000000000000, -2.200000000000000178 ) ) ;
#1122 = EDGE_CURVE ( 'NONE', #1104, #1142, #54, .T. ) ;
#1123 = CARTESIAN_POINT ( 'NONE',  ( 25.00000000000000000, 25.00000000000000000, 0.000000000000000000 ) ) ;
#1124 = DIRECTION ( 'NONE',  ( 1.000000000000000000, 0.000000000000000000, 0.000000000000000000 ) ) ;
#1125 = CARTESIAN_POINT ( 'NONE',  ( 25.00000000000000000, 25.00000000000000000, 0.000000000000000000 ) ) ;
#1126 = EDGE_CURVE ( 'NONE', #1410, #1194, #136, .T. ) ;
#1127 = DIRECTION ( 'NONE',  ( 0.000000000000000000, 1.000000000000000000, 0.000000000000000000 ) ) ;
#1128 = FACE_OUTER_BOUND ( 'NONE', #718, .T. ) ;
#1129 = CARTESIAN_POINT ( 'NONE',  ( -8.000000000000007105, -13.85640646055101577, 0.000000000000000000 ) ) ;
#1130 = EDGE_LOOP ( 'NONE', ( #271, #73 ) ) ;
#1131 = CARTESIAN_POINT ( 'NONE',  ( 16.26345596729058585, -25.49999999999999645, -113.7365440327094177 ) ) ;
#1132 = DIRECTION ( 'NONE',  ( 0.000000000000000000, 0.000000000000000000, 1.000000000000000000 ) ) ;
#1133 = EDGE_LOOP ( 'NONE', ( #704, #832 ) ) ;
#1134 = APPROVAL ( #1181, 'UNSPECIFIED' ) ;
#1135 = EDGE_LOOP ( 'NONE', ( #145, #825, #374, #59 ) ) ;
#1136 = FACE_BOUND ( 'NONE', #833, .T. ) ;
#1137 = CARTESIAN_POINT ( 'NONE',  ( -16.26345596729059650, -25.49999999999999645, -113.7365440327094177 ) ) ;
#1138 = VECTOR ( 'NONE', #1319, 1000.000000000000000 ) ;
#1139 = ORIENTED_EDGE ( 'NONE', *, *, #982, .T. ) ;
#1140 = DIRECTION ( 'NONE',  ( 0.000000000000000000, 1.000000000000000000, 0.000000000000000000 ) ) ;
#1141 = FACE_OUTER_BOUND ( 'NONE', #578, .T. ) ;
#1142 = VERTEX_POINT ( 'NONE', #798 ) ;
#1143 = VECTOR ( 'NONE', #30, 1000.000000000000000 ) ;
#1144 = DIRECTION ( 'NONE',  ( 0.000000000000000000, 0.000000000000000000, 1.000000000000000000 ) ) ;
#1145 = EDGE_CURVE ( 'NONE', #1456, #1275, #314, .T. ) ;
#1146 = FACE_BOUND ( 'NONE', #1574, .T. ) ;
#1147 = DIRECTION ( 'NONE',  ( 0.000000000000000000, 1.000000000000000000, 0.000000000000000000 ) ) ;
#1148 = ADVANCED_FACE ( 'NONE', ( #909 ), #1279, .F. ) ;
#1149 = ORIENTED_EDGE ( 'NONE', *, *, #978, .T. ) ;
#1150 = DIRECTION ( 'NONE',  ( 0.000000000000000000, -0.000000000000000000, 1.000000000000000000 ) ) ;
#1151 = ORIENTED_EDGE ( 'NONE', *, *, #355, .F. ) ;
#1152 = DIRECTION ( 'NONE',  ( 0.000000000000000000, 0.000000000000000000, 1.000000000000000000 ) ) ;
#1153 = CARTESIAN_POINT ( 'NONE',  ( -12.15000000000000036, 1.487945860964034377E-15, 0.000000000000000000 ) ) ;
#1154 = ORIENTED_EDGE ( 'NONE', *, *, #323, .F. ) ;
#1155 = DIRECTION ( 'NONE',  ( -0.000000000000000000, -0.000000000000000000, -1.000000000000000000 ) ) ;
#1156 = LINE ( 'NONE', #889, #1383 ) ;
#1157 = VERTEX_POINT ( 'NONE', #881 ) ;
#1158 = DIRECTION ( 'NONE',  ( -0.000000000000000000, -0.000000000000000000, 1.000000000000000000 ) ) ;
#1159 = ORIENTED_EDGE ( 'NONE', *, *, #727, .F. ) ;
#1160 = LINE ( 'NONE', #999, #1192 ) ;
#1161 = ORIENTED_EDGE ( 'NONE', *, *, #334, .F. ) ;
#1162 = DIRECTION ( 'NONE',  ( -0.000000000000000000, -0.000000000000000000, -1.000000000000000000 ) ) ;
#1163 = AXIS2_PLACEMENT_3D ( 'NONE', #908, #1152, #1534 ) ;
#1164 = EDGE_CURVE ( 'NONE', #304, #1066, #653, .T. ) ;
#1165 = VERTEX_POINT ( 'NONE', #1021 ) ;
#1166 = AXIS2_PLACEMENT_3D ( 'NONE', #1272, #63, #1392 ) ;
#1167 = CIRCLE ( 'NONE', #409, 1.700000000000007061 ) ;
#1168 = EDGE_CURVE ( 'NONE', #304, #442, #1354, .T. ) ;
#1169 = DIRECTION ( 'NONE',  ( 1.000000000000000000, 0.000000000000000000, 0.000000000000000000 ) ) ;
#1170 = ORIENTED_EDGE ( 'NONE', *, *, #823, .F. ) ;
#1171 = VERTEX_POINT ( 'NONE', #522 ) ;
#1172 = DIRECTION ( 'NONE',  ( 0.000000000000000000, 1.000000000000000000, 0.000000000000000000 ) ) ;
#1173 = EDGE_CURVE ( 'NONE', #96, #75, #208, .T. ) ;
#1174 = VERTEX_POINT ( 'NONE', #1005 ) ;
#1175 = EDGE_CURVE ( 'NONE', #1531, #1466, #436, .T. ) ;
#1176 = LINE ( 'NONE', #1532, #178 ) ;
#1177 = EDGE_CURVE ( 'NONE', #1368, #560, #196, .T. ) ;
#1178 = ORIENTED_EDGE ( 'NONE', *, *, #1168, .T. ) ;
#1179 = EDGE_LOOP ( 'NONE', ( #1489, #1428 ) ) ;
#1180 = LINE ( 'NONE', #243, #863 ) ;
#1181 = APPROVAL_STATUS ( 'not_yet_approved' ) ;
#1182 = VERTEX_POINT ( 'NONE', #1390 ) ;
#1183 = CARTESIAN_POINT ( 'NONE',  ( 16.00000000000000000, 0.000000000000000000, -8.000000000000000000 ) ) ;
#1184 = ORIENTED_EDGE ( 'NONE', *, *, #99, .T. ) ;
#1185 = DIRECTION ( 'NONE',  ( 1.000000000000000000, 0.000000000000000000, 0.000000000000000000 ) ) ;
#1186 = ORIENTED_EDGE ( 'NONE', *, *, #677, .F. ) ;
#1187 = ORIENTED_EDGE ( 'NONE', *, *, #99, .F. ) ;
#1188 = PLANE ( 'NONE',  #1412 ) ;
#1189 = VECTOR ( 'NONE', #1048, 1000.000000000000000 ) ;
#1190 = CARTESIAN_POINT ( 'NONE',  ( 16.00000000000000000, 0.000000000000000000, 0.000000000000000000 ) ) ;
#1191 = VECTOR ( 'NONE', #1564, 1000.000000000000000 ) ;
#1192 = VECTOR ( 'NONE', #1494, 1000.000000000000000 ) ;
#1193 = DIRECTION ( 'NONE',  ( -0.000000000000000000, -0.000000000000000000, -1.000000000000000000 ) ) ;
#1194 = VERTEX_POINT ( 'NONE', #1153 ) ;
#1195 = CYLINDRICAL_SURFACE ( 'NONE', #944, 7.000000000000006217 ) ;
#1196 = EDGE_CURVE ( 'NONE', #1142, #1104, #1089, .T. ) ;
#1197 = APPROVAL_STATUS ( 'not_yet_approved' ) ;
#1198 = VERTEX_POINT ( 'NONE', #418 ) ;
#1199 = CARTESIAN_POINT ( 'NONE',  ( -7.999999999999996447, 13.85640646055101932, -8.000000000000000000 ) ) ;
#1200 = CARTESIAN_POINT ( 'NONE',  ( 16.00000000000000000, 0.000000000000000000, -8.000000000000000000 ) ) ;
#1201 = CARTESIAN_POINT ( 'NONE',  ( -24.50000000000000000, -25.49999999999999645, 0.000000000000000000 ) ) ;
#1202 = CARTESIAN_POINT ( 'NONE',  ( 25.00000000000000000, -35.50000000000000000, -8.000000000000000000 ) ) ;
#1203 = EDGE_CURVE ( 'NONE', #94, #560, #920, .T. ) ;
#1204 = ORIENTED_EDGE ( 'NONE', *, *, #209, .T. ) ;
#1205 = CARTESIAN_POINT ( 'NONE',  ( 25.00000000000000000, -35.50000000000000000, 0.000000000000000000 ) ) ;
#1206 = CARTESIAN_POINT ( 'NONE',  ( 16.26345596729059295, -25.49999999999999645, -144.5634559672905937 ) ) ;
#1207 = CARTESIAN_POINT ( 'NONE',  ( -24.50000000000000000, 19.70322580645161281, -8.000000000000000000 ) ) ;
#1208 = DIRECTION ( 'NONE',  ( 1.000000000000000000, 0.000000000000000000, 0.000000000000000000 ) ) ;
#1209 = VERTEX_POINT ( 'NONE', #678 ) ;
#1210 = DIRECTION ( 'NONE',  ( -1.000000000000000000, 0.000000000000000000, 0.000000000000000000 ) ) ;
#1211 = ORIENTED_EDGE ( 'NONE', *, *, #1320, .T. ) ;
#1212 = EDGE_CURVE ( 'NONE', #1464, #68, #1160, .T. ) ;
#1213 = CYLINDRICAL_SURFACE ( 'NONE', #211, 1.700000000000000178 ) ;
#1214 = CARTESIAN_POINT ( 'NONE',  ( -16.26345596729058940, -35.50000000000000000, -146.2634559672905823 ) ) ;
#1215 = EDGE_CURVE ( 'NONE', #560, #1291, #1547, .T. ) ;
#1216 = CIRCLE ( 'NONE', #405, 1.700000000000000178 ) ;
#1217 = AXIS2_PLACEMENT_3D ( 'NONE', #1375, #293, #1266 ) ;
#1218 = AXIS2_PLACEMENT_3D ( 'NONE', #967, #1116, #1459 ) ;
#1219 = EDGE_LOOP ( 'NONE', ( #247, #1099, #64, #1149 ) ) ;
#1220 = AXIS2_PLACEMENT_3D ( 'NONE', #1121, #502, #1371 ) ;
#1221 = DIRECTION ( 'NONE',  ( 0.000000000000000000, -0.000000000000000000, 1.000000000000000000 ) ) ;
#1222 = DIRECTION ( 'NONE',  ( -0.000000000000000000, -0.000000000000000000, 1.000000000000000000 ) ) ;
#1223 = CIRCLE ( 'NONE', #466, 1.700000000000007061 ) ;
#1224 = EDGE_CURVE ( 'NONE', #589, #1444, #1065, .T. ) ;
#1225 = ORIENTED_EDGE ( 'NONE', *, *, #1577, .F. ) ;
#1226 = DIRECTION ( 'NONE',  ( -0.000000000000000000, -0.000000000000000000, -1.000000000000000000 ) ) ;
#1227 = CARTESIAN_POINT ( 'NONE',  ( 8.000000000000001776, 13.85640646055101755, 0.000000000000000000 ) ) ;
#1228 = EDGE_CURVE ( 'NONE', #1457, #1, #607, .T. ) ;
#1229 = DIRECTION ( 'NONE',  ( 0.000000000000000000, 0.000000000000000000, 1.000000000000000000 ) ) ;
#1230 = ORIENTED_EDGE ( 'NONE', *, *, #490, .T. ) ;
#1231 = EDGE_CURVE ( 'NONE', #586, #1464, #711, .T. ) ;
#1232 = CARTESIAN_POINT ( 'NONE',  ( 9.700000000000002842, -13.85640646055101755, -8.000000000000000000 ) ) ;
#1233 = CARTESIAN_POINT ( 'NONE',  ( -30.00000000000000000, -25.49999999999999645, -8.000000000000000000 ) ) ;
#1234 = EDGE_CURVE ( 'NONE', #294, #1473, #716, .T. ) ;
#1235 = CARTESIAN_POINT ( 'NONE',  ( -24.50000000000000000, 20.00000000000000000, -7.500000000000000000 ) ) ;
#1236 = CARTESIAN_POINT ( 'NONE',  ( -25.00000000000000000, 25.00000000000000000, -8.000000000000000000 ) ) ;
#1237 = CIRCLE ( 'NONE', #579, 1.700000000000007061 ) ;
#1238 = EDGE_CURVE ( 'NONE', #822, #1275, #1460, .T. ) ;
#1239 = DIRECTION ( 'NONE',  ( -0.000000000000000000, 0.000000000000000000, -1.000000000000000000 ) ) ;
#1240 = CIRCLE ( 'NONE', #1352, 1.700000000000000178 ) ;
#1241 = ORIENTED_EDGE ( 'NONE', *, *, #1432, .F. ) ;
#1242 = VECTOR ( 'NONE', #198, 1000.000000000000000 ) ;
#1243 = FACE_BOUND ( 'NONE', #852, .T. ) ;
#1244 = LINE ( 'NONE', #742, #1481 ) ;
#1245 = VECTOR ( 'NONE', #150, 1000.000000000000000 ) ;
#1246 = AXIS2_PLACEMENT_3D ( 'NONE', #651, #1277, #1516 ) ;
#1247 = DIRECTION ( 'NONE',  ( 0.000000000000000000, -0.8599308432230760024, 0.5104105650098257341 ) ) ;
#1248 = EDGE_CURVE ( 'NONE', #1546, #89, #588, .T. ) ;
#1249 = PLANE ( 'NONE',  #1067 ) ;
#1250 = FACE_BOUND ( 'NONE', #1336, .T. ) ;
#1251 = CARTESIAN_POINT ( 'NONE',  ( 16.26345596729058585, -25.49999999999999645, -115.4365440327094205 ) ) ;
#1252 = EDGE_LOOP ( 'NONE', ( #571, #1040 ) ) ;
#1253 = DIRECTION ( 'NONE',  ( 1.000000000000000000, 0.000000000000000000, -0.000000000000000000 ) ) ;
#1254 = PRODUCT ( 'JX1_UpperArm_L', 'JX1_UpperArm_L', '', ( #717 ) ) ;
#1255 = CARTESIAN_POINT ( 'NONE',  ( -8.000000000000007105, -13.85640646055101577, -8.000000000000000000 ) ) ;
#1256 = EDGE_LOOP ( 'NONE', ( #963, #723 ) ) ;
#1257 = FACE_OUTER_BOUND ( 'NONE', #699, .T. ) ;
#1258 = FACE_BOUND ( 'NONE', #1179, .T. ) ;
#1259 = DIRECTION ( 'NONE',  ( 0.000000000000000000, 0.000000000000000000, 1.000000000000000000 ) ) ;
#1260 = EDGE_LOOP ( 'NONE', ( #817, #137, #712, #1011 ) ) ;
#1261 = DIRECTION ( 'NONE',  ( -0.000000000000000000, -0.000000000000000000, -1.000000000000000000 ) ) ;
#1262 = ADVANCED_FACE ( 'NONE', ( #831 ), #1433, .F. ) ;
#1263 = DIRECTION ( 'NONE',  ( 0.000000000000000000, 0.000000000000000000, 1.000000000000000000 ) ) ;
#1264 = CARTESIAN_POINT ( 'NONE',  ( 24.50000000000000000, 0.000000000000000000, 0.000000000000000000 ) ) ;
#1265 = ORIENTED_EDGE ( 'NONE', *, *, #1347, .F. ) ;
#1266 = DIRECTION ( 'NONE',  ( -1.000000000000000000, 0.000000000000000000, 0.000000000000000000 ) ) ;
#1267 = EDGE_LOOP ( 'NONE', ( #456, #1548, #1362, #1326 ) ) ;
#1268 = CARTESIAN_POINT ( 'NONE',  ( 25.00000000000000000, 25.00000000000000000, 0.000000000000000000 ) ) ;
#1269 = CARTESIAN_POINT ( 'NONE',  ( -6.299999999999996270, 13.85640646055101932, -8.000000000000000000 ) ) ;
#1270 = CC_DESIGN_APPROVAL ( #167, ( #451 ) ) ;
#1271 = AXIS2_PLACEMENT_3D ( 'NONE', #214, #346, #932 ) ;
#1272 = CARTESIAN_POINT ( 'NONE',  ( -7.999999999999996447, 13.85640646055101932, 0.000000000000000000 ) ) ;
#1273 = AXIS2_PLACEMENT_3D ( 'NONE', #1309, #1172, #1445 ) ;
#1274 = CYLINDRICAL_SURFACE ( 'NONE', #1441, 1.700000000000007061 ) ;
#1275 = VERTEX_POINT ( 'NONE', #558 ) ;
#1276 = ADVANCED_FACE ( 'NONE', ( #962 ), #357, .F. ) ;
#1277 = DIRECTION ( 'NONE',  ( -0.000000000000000000, -1.000000000000000000, -0.000000000000000000 ) ) ;
#1278 = DIRECTION ( 'NONE',  ( -0.000000000000000000, -0.000000000000000000, -1.000000000000000000 ) ) ;
#1279 = PLANE ( 'NONE',  #437 ) ;
#1280 = ORIENTED_EDGE ( 'NONE', *, *, #1476, .T. ) ;
#1281 = LINE ( 'NONE', #191, #556 ) ;
#1282 = CARTESIAN_POINT ( 'NONE',  ( -25.00000000000000000, 25.00000000000000000, 0.000000000000000000 ) ) ;
#1283 = ORIENTED_EDGE ( 'NONE', *, *, #1145, .T. ) ;
#1284 = DIRECTION ( 'NONE',  ( 0.000000000000000000, 1.000000000000000000, 0.000000000000000000 ) ) ;
#1285 = ORIENTED_EDGE ( 'NONE', *, *, #334, .T. ) ;
#1286 = DIRECTION ( 'NONE',  ( -0.000000000000000000, -1.000000000000000000, -0.000000000000000000 ) ) ;
#1287 = ORIENTED_EDGE ( 'NONE', *, *, #519, .T. ) ;
#1288 = CARTESIAN_POINT ( 'NONE',  ( -30.00000000000000000, -25.49999999999999645, -160.0000000000000000 ) ) ;
#1289 = EDGE_CURVE ( 'NONE', #792, #701, #240, .T. ) ;
#1290 = APPLICATION_PROTOCOL_DEFINITION ( 'international standard', 'config_control_design', 1994, #117 ) ;
#1291 = VERTEX_POINT ( 'NONE', #330 ) ;
#1292 = CARTESIAN_POINT ( 'NONE',  ( 6.300000000000001599, 13.85640646055101755, -8.000000000000000000 ) ) ;
#1293 = ORIENTED_EDGE ( 'NONE', *, *, #1203, .T. ) ;
#1294 = MANIFOLD_SOLID_BREP ( 'Gusset_Back', #1296 ) ;
#1295 = EDGE_CURVE ( 'NONE', #442, #304, #658, .T. ) ;
#1296 = CLOSED_SHELL ( 'NONE', ( #367, #1360, #1117, #1542, #939, #820, #250, #72, #969, #200, #799, #255, #1276, #219, #115, #1078, #158, #1342, #120, #1335, #124, #268, #1447, #534, #729, #1072, #1262, #951, #1461, #1552, #891, #1047, #1148, #673, #503, #1394, #1046, #628, #796, #572, #1402, #1463, #620, #927, #947 ) ) ;
#1297 = CC_DESIGN_PERSON_AND_ORGANIZATION_ASSIGNMENT ( #1044, #1422, ( #1254 ) ) ;
#1298 = ORIENTED_EDGE ( 'NONE', *, *, #882, .T. ) ;
#1299 = CARTESIAN_POINT ( 'NONE',  ( -30.00000000000000000, -25.49999999999999645, -160.0000000000000000 ) ) ;
#1300 = AXIS2_PLACEMENT_3D ( 'NONE', #1425, #676, #328 ) ;
#1301 = APPROVAL_ROLE ( '' ) ;
#1302 = ORIENTED_EDGE ( 'NONE', *, *, #1050, .F. ) ;
#1303 = VECTOR ( 'NONE', #289, 1000.000000000000000 ) ;
#1304 = AXIS2_PLACEMENT_3D ( 'NONE', #775, #172, #533 ) ;
#1305 = LINE ( 'NONE', #824, #968 ) ;
#1306 = VECTOR ( 'NONE', #70, 1000.000000000000000 ) ;
#1307 = ORIENTED_EDGE ( 'NONE', *, *, #666, .F. ) ;
#1308 = ORIENTED_EDGE ( 'NONE', *, *, #1576, .T. ) ;
#1309 = CARTESIAN_POINT ( 'NONE',  ( 16.26345596729059295, -35.50000000000000000, -146.2634559672905823 ) ) ;
#1310 = CALENDAR_DATE ( 2026, 24, 9 ) ;
#1311 = EDGE_LOOP ( 'NONE', ( #16, #1068, #548, #624 ) ) ;
#1312 = DIRECTION ( 'NONE',  ( -1.000000000000000000, 0.000000000000000000, 0.000000000000000000 ) ) ;
#1313 = EDGE_LOOP ( 'NONE', ( #1503, #480, #1075, #1241, #358 ) ) ;
#1314 = VERTEX_POINT ( 'NONE', #854 ) ;
#1315 = ORIENTED_EDGE ( 'NONE', *, *, #1381, .F. ) ;
#1316 = DIRECTION ( 'NONE',  ( 1.000000000000000000, 0.000000000000000000, 0.000000000000000000 ) ) ;
#1317 = PERSON_AND_ORGANIZATION ( #1324, #1328 ) ;
#1318 = EDGE_LOOP ( 'NONE', ( #613, #1071, #1450, #652 ) ) ;
#1319 = DIRECTION ( 'NONE',  ( 0.000000000000000000, 1.000000000000000000, 0.000000000000000000 ) ) ;
#1320 = EDGE_CURVE ( 'NONE', #1473, #294, #1006, .T. ) ;
#1321 = EDGE_LOOP ( 'NONE', ( #1151, #567, #251, #263 ) ) ;
#1322 = ORIENTED_EDGE ( 'NONE', *, *, #740, .F. ) ;
#1323 = DIRECTION ( 'NONE',  ( -0.000000000000000000, -0.000000000000000000, -1.000000000000000000 ) ) ;
#1324 = PERSON ( 'UNSPECIFIED', 'UNSPECIFIED', 'UNSPECIFIED', ('UNSPECIFIED'), ('UNSPECIFIED'), ('UNSPECIFIED') ) ;
#1325 = COORDINATED_UNIVERSAL_TIME_OFFSET ( 5, 30, .AHEAD. ) ;
#1326 = ORIENTED_EDGE ( 'NONE', *, *, #396, .F. ) ;
#1327 = AXIS2_PLACEMENT_3D ( 'NONE', #669, #1027, #1389 ) ;
#1328 = ORGANIZATION ( 'UNSPECIFIED', 'UNSPECIFIED', '' ) ;
#1329 = CIRCLE ( 'NONE', #1218, 1.700000000000000178 ) ;
#1330 = DIRECTION ( 'NONE',  ( 0.000000000000000000, 0.000000000000000000, 1.000000000000000000 ) ) ;
#1331 = AXIS2_PLACEMENT_3D ( 'NONE', #583, #342, #1575 ) ;
#1332 = VECTOR ( 'NONE', #547, 1000.000000000000000 ) ;
#1333 = DIRECTION ( 'NONE',  ( 1.000000000000000000, 0.000000000000000000, 0.000000000000000000 ) ) ;
#1334 = ORIENTED_EDGE ( 'NONE', *, *, #265, .F. ) ;
#1335 = ADVANCED_FACE ( 'NONE', ( #599 ), #154, .F. ) ;
#1336 = EDGE_LOOP ( 'NONE', ( #1307, #301 ) ) ;
#1337 = CARTESIAN_POINT ( 'NONE',  ( 0.000000000000000000, -35.50000000000000000, -137.0000000000000000 ) ) ;
#1338 = ORIENTED_EDGE ( 'NONE', *, *, #1508, .T. ) ;
#1339 = CARTESIAN_POINT ( 'NONE',  ( -18.50000000000000355, 20.00000000000000000, -7.500000000000000000 ) ) ;
#1340 = CARTESIAN_POINT ( 'NONE',  ( -16.26345596729059650, -35.50000000000000000, -113.7365440327094177 ) ) ;
#1341 = DIRECTION ( 'NONE',  ( -0.000000000000000000, -0.000000000000000000, -1.000000000000000000 ) ) ;
#1342 = ADVANCED_FACE ( 'NONE', ( #1257 ), #1493, .F. ) ;
#1343 = ORIENTED_EDGE ( 'NONE', *, *, #513, .F. ) ;
#1344 = CARTESIAN_POINT ( 'NONE',  ( 6.300000000000001599, 13.85640646055101755, 0.000000000000000000 ) ) ;
#1345 = FACE_OUTER_BOUND ( 'NONE', #1358, .T. ) ;
#1346 = VERTEX_POINT ( 'NONE', #1524 ) ;
#1347 = EDGE_CURVE ( 'NONE', #300, #1108, #1462, .T. ) ;
#1348 = CARTESIAN_POINT ( 'NONE',  ( 17.69999999999999929, 2.081899558550500526E-16, 0.000000000000000000 ) ) ;
#1349 = DIRECTION ( 'NONE',  ( -0.000000000000000000, -0.000000000000000000, -1.000000000000000000 ) ) ;
#1350 = PRODUCT_DEFINITION_SHAPE ( 'NONE', 'NONE',  #451 ) ;
#1351 = CARTESIAN_POINT ( 'NONE',  ( 16.26345596729059295, -25.49999999999999645, -147.9634559672905993 ) ) ;
#1352 = AXIS2_PLACEMENT_3D ( 'NONE', #953, #336, #573 ) ;
#1353 = VECTOR ( 'NONE', #1261, 1000.000000000000000 ) ;
#1354 = CIRCLE ( 'NONE', #315, 1.700000000000000178 ) ;
#1355 = CARTESIAN_POINT ( 'NONE',  ( 25.00000000000000000, -35.50000000000000000, 0.000000000000000000 ) ) ;
#1356 = FACE_OUTER_BOUND ( 'NONE', #1377, .T. ) ;
#1357 = AXIS2_PLACEMENT_3D ( 'NONE', #160, #1263, #550 ) ;
#1358 = EDGE_LOOP ( 'NONE', ( #1559, #1161, #858, #959, #267, #329, #879, #341, #205, #1170, #912, #926 ) ) ;
#1359 = DIRECTION ( 'NONE',  ( 0.000000000000000000, 0.000000000000000000, 1.000000000000000000 ) ) ;
#1360 = ADVANCED_FACE ( 'NONE', ( #892 ), #170, .F. ) ;
#1361 = ORIENTED_EDGE ( 'NONE', *, *, #640, .F. ) ;
#1362 = ORIENTED_EDGE ( 'NONE', *, *, #46, .F. ) ;
#1363 = FACE_OUTER_BOUND ( 'NONE', #675, .T. ) ;
#1364 = DIRECTION ( 'NONE',  ( -0.000000000000000000, -1.000000000000000000, -0.000000000000000000 ) ) ;
#1365 = CARTESIAN_POINT ( 'NONE',  ( -18.50000000000000355, -0.000000000000000000, -8.000000000000000000 ) ) ;
#1366 = EDGE_CURVE ( 'NONE', #743, #89, #373, .T. ) ;
#1367 = CARTESIAN_POINT ( 'NONE',  ( 16.00000000000000000, 0.000000000000000000, 0.000000000000000000 ) ) ;
#1368 = VERTEX_POINT ( 'NONE', #1083 ) ;
#1369 = EDGE_CURVE ( 'NONE', #1171, #1482, #1216, .T. ) ;
#1370 = LINE ( 'NONE', #511, #1032 ) ;
#1371 = DIRECTION ( 'NONE',  ( 1.000000000000000000, 0.000000000000000000, 0.000000000000000000 ) ) ;
#1372 = ORIENTED_EDGE ( 'NONE', *, *, #1105, .T. ) ;
#1373 = FACE_OUTER_BOUND ( 'NONE', #426, .T. ) ;
#1374 = DIRECTION ( 'NONE',  ( 1.000000000000000000, 0.000000000000000000, 0.000000000000000000 ) ) ;
#1375 = CARTESIAN_POINT ( 'NONE',  ( 8.000000000000001776, -13.85640646055101755, 0.000000000000000000 ) ) ;
#1376 = CIRCLE ( 'NONE', #1327, 4.000000000000000000 ) ;
#1377 = EDGE_LOOP ( 'NONE', ( #450, #1437, #104, #1186 ) ) ;
#1378 = AXIS2_PLACEMENT_3D ( 'NONE', #664, #1150, #1253 ) ;
#1379 = PLANE ( 'NONE',  #1110 ) ;
#1380 = DIRECTION ( 'NONE',  ( 0.000000000000000000, 0.000000000000000000, 1.000000000000000000 ) ) ;
#1381 = EDGE_CURVE ( 'NONE', #1275, #822, #1223, .T. ) ;
#1382 = VECTOR ( 'NONE', #42, 1000.000000000000000 ) ;
#1383 = VECTOR ( 'NONE', #71, 1000.000000000000000 ) ;
#1384 = DIRECTION ( 'NONE',  ( 1.000000000000000000, 0.000000000000000000, 0.000000000000000000 ) ) ;
#1385 = DIRECTION ( 'NONE',  ( -0.000000000000000000, 0.5104105650098257341, 0.8599308432230760024 ) ) ;
#1386 = ORIENTED_EDGE ( 'NONE', *, *, #849, .F. ) ;
#1387 = CARTESIAN_POINT ( 'NONE',  ( 25.00000000000000000, -35.50000000000000000, 0.000000000000000000 ) ) ;
#1388 = EDGE_CURVE ( 'NONE', #202, #815, #15, .T. ) ;
#1389 = DIRECTION ( 'NONE',  ( 1.000000000000000000, 0.000000000000000000, 0.000000000000000000 ) ) ;
#1390 = CARTESIAN_POINT ( 'NONE',  ( -16.26345596729059650, -25.49999999999999645, -112.0365440327094007 ) ) ;
#1391 = CC_DESIGN_PERSON_AND_ORGANIZATION_ASSIGNMENT ( #821, #802, ( #79 ) ) ;
#1392 = DIRECTION ( 'NONE',  ( 1.000000000000000000, 0.000000000000000000, 0.000000000000000000 ) ) ;
#1393 = CARTESIAN_POINT ( 'NONE',  ( -6.299999999999996270, 13.85640646055101932, 0.000000000000000000 ) ) ;
#1394 = ADVANCED_FACE ( 'NONE', ( #1414 ), #647, .F. ) ;
#1395 = VERTEX_POINT ( 'NONE', #1125 ) ;
#1396 = FACE_BOUND ( 'NONE', #594, .T. ) ;
#1397 = CARTESIAN_POINT ( 'NONE',  ( 16.26345596729058585, -25.49999999999999645, -115.4365440327094205 ) ) ;
#1398 = EDGE_CURVE ( 'NONE', #975, #1080, #1156, .T. ) ;
#1399 = ORIENTED_EDGE ( 'NONE', *, *, #1050, .T. ) ;
#1400 = CARTESIAN_POINT ( 'NONE',  ( 0.000000000000000000, -25.49999999999999645, -130.0000000000000000 ) ) ;
#1401 = EDGE_LOOP ( 'NONE', ( #18, #43 ) ) ;
#1402 = ADVANCED_FACE ( 'NONE', ( #291 ), #771, .F. ) ;
#1403 = LINE ( 'NONE', #1485, #359 ) ;
#1404 = ORIENTED_EDGE ( 'NONE', *, *, #388, .F. ) ;
#1405 = FACE_BOUND ( 'NONE', #327, .T. ) ;
#1406 = AXIS2_PLACEMENT_3D ( 'NONE', #129, #734, #1487 ) ;
#1407 = CARTESIAN_POINT ( 'NONE',  ( -24.50000000000000000, -25.50000000000000355, -84.15760869565220048 ) ) ;
#1408 = LOCAL_TIME ( 11, 9, 53.00000000000000000, #681 ) ;
#1409 = CIRCLE ( 'NONE', #710, 1.700000000000000178 ) ;
#1410 = VERTEX_POINT ( 'NONE', #326 ) ;
#1411 = LINE ( 'NONE', #427, #1353 ) ;
#1412 = AXIS2_PLACEMENT_3D ( 'NONE', #590, #1076, #1580 ) ;
#1413 = CARTESIAN_POINT ( 'NONE',  ( -30.00000000000000000, -25.49999999999999645, -160.0000000000000000 ) ) ;
#1414 = FACE_OUTER_BOUND ( 'NONE', #1077, .T. ) ;
#1415 = AXIS2_PLACEMENT_3D ( 'NONE', #1074, #204, #1573 ) ;
#1416 = ORIENTED_EDGE ( 'NONE', *, *, #1561, .T. ) ;
#1417 = EDGE_CURVE ( 'NONE', #941, #81, #803, .T. ) ;
#1418 = DIRECTION ( 'NONE',  ( 1.000000000000000000, 0.000000000000000000, 0.000000000000000000 ) ) ;
#1419 = EDGE_CURVE ( 'NONE', #113, #453, #872, .T. ) ;
#1420 = CARTESIAN_POINT ( 'NONE',  ( 18.50000000000000000, -25.49999999999999645, 0.000000000000000000 ) ) ;
#1421 = DIRECTION ( 'NONE',  ( 0.000000000000000000, -1.000000000000000000, 0.000000000000000000 ) ) ;
#1422 = PERSON_AND_ORGANIZATION_ROLE ( 'design_owner' ) ;
#1423 = VERTEX_POINT ( 'NONE', #632 ) ;
#1424 = EDGE_CURVE ( 'NONE', #453, #896, #1118, .T. ) ;
#1425 = CARTESIAN_POINT ( 'NONE',  ( 0.000000000000000000, 0.000000000000000000, -2.200000000000000178 ) ) ;
#1426 = VERTEX_POINT ( 'NONE', #1207 ) ;
#1427 = EDGE_CURVE ( 'NONE', #1066, #1174, #972, .T. ) ;
#1428 = ORIENTED_EDGE ( 'NONE', *, *, #213, .F. ) ;
#1429 = CARTESIAN_POINT ( 'NONE',  ( -17.69999999999999929, 1.959434878635765131E-15, 0.000000000000000000 ) ) ;
#1430 = CARTESIAN_POINT ( 'NONE',  ( 18.50000000000000000, 0.000000000000000000, -8.000000000000000000 ) ) ;
#1431 = ORIENTED_EDGE ( 'NONE', *, *, #1369, .F. ) ;
#1432 = EDGE_CURVE ( 'NONE', #68, #1395, #1484, .T. ) ;
#1433 = CYLINDRICAL_SURFACE ( 'NONE', #260, 1.700000000000000178 ) ;
#1434 = FACE_OUTER_BOUND ( 'NONE', #116, .T. ) ;
#1435 = CIRCLE ( 'NONE', #1510, 4.000000000000000000 ) ;
#1436 = APPROVAL_DATE_TIME ( #335, #167 ) ;
#1437 = ORIENTED_EDGE ( 'NONE', *, *, #657, .T. ) ;
#1438 = VECTOR ( 'NONE', #1162, 1000.000000000000000 ) ;
#1439 = AXIS2_PLACEMENT_3D ( 'NONE', #857, #1349, #249 ) ;
#1440 = CARTESIAN_POINT ( 'NONE',  ( -18.50000000000000355, 20.00000000000000000, -7.500000000000000000 ) ) ;
#1441 = AXIS2_PLACEMENT_3D ( 'NONE', #1512, #904, #898 ) ;
#1442 = EDGE_LOOP ( 'NONE', ( #1431, #184 ) ) ;
#1443 = DIRECTION ( 'NONE',  ( 1.000000000000000000, 0.000000000000000000, 0.000000000000000000 ) ) ;
#1444 = VERTEX_POINT ( 'NONE', #1351 ) ;
#1445 = DIRECTION ( 'NONE',  ( 0.000000000000000000, 0.000000000000000000, 1.000000000000000000 ) ) ;
#1446 = SHAPE_DEFINITION_REPRESENTATION ( #1350, #111 ) ;
#1447 = ADVANCED_FACE ( 'NONE', ( #257 ), #1213, .F. ) ;
#1448 = LINE ( 'NONE', #93, #683 ) ;
#1449 = DIRECTION ( 'NONE',  ( 0.000000000000000000, -0.000000000000000000, 1.000000000000000000 ) ) ;
#1450 = ORIENTED_EDGE ( 'NONE', *, *, #767, .T. ) ;
#1451 = ORIENTED_EDGE ( 'NONE', *, *, #309, .T. ) ;
#1452 = LINE ( 'NONE', #350, #788 ) ;
#1453 = SECURITY_CLASSIFICATION_LEVEL ( 'unclassified' ) ;
#1454 = CARTESIAN_POINT ( 'NONE',  ( -30.00000000000000000, -35.50000000000000000, -8.000000000000000000 ) ) ;
#1455 = DIRECTION ( 'NONE',  ( 0.000000000000000000, 0.000000000000000000, 1.000000000000000000 ) ) ;
#1456 = VERTEX_POINT ( 'NONE', #1491 ) ;
#1457 = VERTEX_POINT ( 'NONE', #1344 ) ;
#1458 = FACE_OUTER_BOUND ( 'NONE', #1267, .T. ) ;
#1459 = DIRECTION ( 'NONE',  ( 1.000000000000000000, 0.000000000000000000, 0.000000000000000000 ) ) ;
#1460 = CIRCLE ( 'NONE', #916, 1.700000000000007061 ) ;
#1461 = ADVANCED_FACE ( 'NONE', ( #610, #372 ), #499, .T. ) ;
#1462 = CIRCLE ( 'NONE', #1572, 1.700000000000007061 ) ;
#1463 = ADVANCED_FACE ( 'NONE', ( #395 ), #125, .T. ) ;
#1464 = VERTEX_POINT ( 'NONE', #878 ) ;
#1465 = DIRECTION ( 'NONE',  ( 0.000000000000000000, 0.000000000000000000, -1.000000000000000000 ) ) ;
#1466 = VERTEX_POINT ( 'NONE', #1236 ) ;
#1467 = DIRECTION ( 'NONE',  ( 1.000000000000000000, 0.000000000000000000, 0.000000000000000000 ) ) ;
#1468 = CYLINDRICAL_SURFACE ( 'NONE', #713, 1.700000000000007061 ) ;
#1469 = EDGE_CURVE ( 'NONE', #1, #1457, #1566, .T. ) ;
#1470 = ORIENTED_EDGE ( 'NONE', *, *, #278, .F. ) ;
#1471 = ORIENTED_EDGE ( 'NONE', *, *, #17, .T. ) ;
#1472 = DIRECTION ( 'NONE',  ( 0.000000000000000000, 1.000000000000000000, 0.000000000000000000 ) ) ;
#1473 = VERTEX_POINT ( 'NONE', #621 ) ;
#1474 = ORIENTED_EDGE ( 'NONE', *, *, #391, .T. ) ;
#1475 = DIRECTION ( 'NONE',  ( 1.000000000000000000, 0.000000000000000000, 0.000000000000000000 ) ) ;
#1476 = EDGE_CURVE ( 'NONE', #453, #221, #597, .T. ) ;
#1477 = DIRECTION ( 'NONE',  ( -1.000000000000000000, 0.000000000000000000, 0.000000000000000000 ) ) ;
#1478 = AXIS2_PLACEMENT_3D ( 'NONE', #812, #1057, #915 ) ;
#1479 = FACE_BOUND ( 'NONE', #687, .T. ) ;
#1480 = VECTOR ( 'NONE', #957, 1000.000000000000000 ) ;
#1481 = VECTOR ( 'NONE', #1222, 1000.000000000000000 ) ;
#1482 = VERTEX_POINT ( 'NONE', #415 ) ;
#1483 = DIRECTION ( 'NONE',  ( -0.000000000000000000, -0.000000000000000000, -1.000000000000000000 ) ) ;
#1484 = LINE ( 'NONE', #1205, #487 ) ;
#1485 = CARTESIAN_POINT ( 'NONE',  ( 24.50000000000000000, 0.000000000000000000, -8.000000000000000000 ) ) ;
#1486 = EDGE_LOOP ( 'NONE', ( #1204, #772, #902, #1554 ) ) ;
#1487 = DIRECTION ( 'NONE',  ( 1.000000000000000000, 0.000000000000000000, 0.000000000000000000 ) ) ;
#1488 = CYLINDRICAL_SURFACE ( 'NONE', #83, 4.000000000000000000 ) ;
#1489 = ORIENTED_EDGE ( 'NONE', *, *, #309, .F. ) ;
#1490 = DIRECTION ( 'NONE',  ( 0.000000000000000000, 0.000000000000000000, 1.000000000000000000 ) ) ;
#1491 = CARTESIAN_POINT ( 'NONE',  ( -16.26345596729058940, -25.49999999999999645, -147.9634559672905993 ) ) ;
#1492 = EDGE_CURVE ( 'NONE', #1562, #1368, #524, .T. ) ;
#1493 = PLANE ( 'NONE',  #339 ) ;
#1494 = DIRECTION ( 'NONE',  ( 1.000000000000000000, 0.000000000000000000, 0.000000000000000000 ) ) ;
#1495 = ORIENTED_EDGE ( 'NONE', *, *, #1126, .T. ) ;
#1496 = CARTESIAN_POINT ( 'NONE',  ( 16.26345596729059295, -25.49999999999999645, -144.5634559672905937 ) ) ;
#1497 = DIRECTION ( 'NONE',  ( 0.000000000000000000, 0.000000000000000000, 1.000000000000000000 ) ) ;
#1498 = VECTOR ( 'NONE', #491, 1000.000000000000000 ) ;
#1499 = DIRECTION ( 'NONE',  ( -0.000000000000000000, -1.000000000000000000, -0.000000000000000000 ) ) ;
#1500 = DIRECTION ( 'NONE',  ( 1.000000000000000000, 0.000000000000000000, -0.000000000000000000 ) ) ;
#1501 = AXIS2_PLACEMENT_3D ( 'NONE', #1041, #444, #842 ) ;
#1502 = VECTOR ( 'NONE', #467, 1000.000000000000000 ) ;
#1503 = ORIENTED_EDGE ( 'NONE', *, *, #936, .T. ) ;
#1504 = EDGE_CURVE ( 'NONE', #1165, #868, #404, .T. ) ;
#1505 = AXIS2_PLACEMENT_3D ( 'NONE', #1339, #1520, #174 ) ;
#1506 = DIRECTION ( 'NONE',  ( 0.000000000000000000, 0.000000000000000000, 1.000000000000000000 ) ) ;
#1507 = DIRECTION ( 'NONE',  ( 1.000000000000000000, 0.000000000000000000, 0.000000000000000000 ) ) ;
#1508 = EDGE_CURVE ( 'NONE', #979, #94, #888, .T. ) ;
#1509 = ORIENTED_EDGE ( 'NONE', *, *, #1234, .F. ) ;
#1510 = AXIS2_PLACEMENT_3D ( 'NONE', #646, #1497, #770 ) ;
#1511 = LINE ( 'NONE', #922, #135 ) ;
#1512 = CARTESIAN_POINT ( 'NONE',  ( -16.26345596729058940, -25.49999999999999645, -146.2634559672905823 ) ) ;
#1513 = ORIENTED_EDGE ( 'NONE', *, *, #789, .T. ) ;
#1514 = CYLINDRICAL_SURFACE ( 'NONE', #49, 1.700000000000000178 ) ;
#1515 = EDGE_CURVE ( 'NONE', #1080, #529, #1435, .T. ) ;
#1516 = DIRECTION ( 'NONE',  ( 0.000000000000000000, 0.000000000000000000, -1.000000000000000000 ) ) ;
#1517 = ORIENTED_EDGE ( 'NONE', *, *, #1369, .T. ) ;
#1518 = FACE_BOUND ( 'NONE', #458, .T. ) ;
#1519 = DIRECTION ( 'NONE',  ( 0.000000000000000000, 0.000000000000000000, 1.000000000000000000 ) ) ;
#1520 = DIRECTION ( 'NONE',  ( 0.000000000000000000, -0.8599308432230760024, 0.5104105650098257341 ) ) ;
#1521 = DIRECTION ( 'NONE',  ( 1.000000000000000000, 0.000000000000000000, 0.000000000000000000 ) ) ;
#1522 = ORIENTED_EDGE ( 'NONE', *, *, #86, .F. ) ;
#1523 = FACE_OUTER_BOUND ( 'NONE', #845, .T. ) ;
#1524 = CARTESIAN_POINT ( 'NONE',  ( 8.572527594031465301E-16, -35.50000000000000000, -123.0000000000000000 ) ) ;
#1525 = ORIENTED_EDGE ( 'NONE', *, *, #823, .T. ) ;
#1526 = FACE_OUTER_BOUND ( 'NONE', #85, .T. ) ;
#1527 = DIRECTION ( 'NONE',  ( 1.000000000000000000, 0.000000000000000000, 0.000000000000000000 ) ) ;
#1528 = EDGE_LOOP ( 'NONE', ( #1159, #1361 ) ) ;
#1529 = LINE ( 'NONE', #911, #362 ) ;
#1530 = EDGE_CURVE ( 'NONE', #1174, #1066, #865, .T. ) ;
#1531 = VERTEX_POINT ( 'NONE', #794 ) ;
#1532 = CARTESIAN_POINT ( 'NONE',  ( -30.00000000000000000, -25.49999999999999645, -8.000000000000000000 ) ) ;
#1533 = ORIENTED_EDGE ( 'NONE', *, *, #1105, .F. ) ;
#1534 = DIRECTION ( 'NONE',  ( 1.000000000000000000, 0.000000000000000000, 0.000000000000000000 ) ) ;
#1535 = AXIS2_PLACEMENT_3D ( 'NONE', #435, #1004, #1506 ) ;
#1536 = CYLINDRICAL_SURFACE ( 'NONE', #464, 1.700000000000007061 ) ;
#1537 = CC_DESIGN_APPROVAL ( #1134, ( #79 ) ) ;
#1538 = AXIS2_PLACEMENT_3D ( 'NONE', #238, #974, #1384 ) ;
#1539 = EDGE_LOOP ( 'NONE', ( #1055, #787, #705, #753 ) ) ;
#1540 = DIRECTION ( 'NONE',  ( -0.000000000000000000, -0.000000000000000000, -1.000000000000000000 ) ) ;
#1541 = AXIS2_PLACEMENT_3D ( 'NONE', #626, #862, #735 ) ;
#1542 = ADVANCED_FACE ( 'NONE', ( #518 ), #1274, .F. ) ;
#1543 = CIRCLE ( 'NONE', #816, 1.700000000000000178 ) ;
#1544 = ORIENTED_EDGE ( 'NONE', *, *, #1295, .F. ) ;
#1545 = LINE ( 'NONE', #925, #554 ) ;
#1546 = VERTEX_POINT ( 'NONE', #1010 ) ;
#1547 = LINE ( 'NONE', #566, #864 ) ;
#1548 = ORIENTED_EDGE ( 'NONE', *, *, #584, .T. ) ;
#1549 = DIRECTION ( 'NONE',  ( -0.000000000000000000, -0.000000000000000000, -1.000000000000000000 ) ) ;
#1550 = DATE_AND_TIME ( #199, #629 ) ;
#1551 = VERTEX_POINT ( 'NONE', #1393 ) ;
#1552 = ADVANCED_FACE ( 'NONE', ( #1141 ), #1249, .F. ) ;
#1553 = LINE ( 'NONE', #1038, #758 ) ;
#1554 = ORIENTED_EDGE ( 'NONE', *, *, #490, .F. ) ;
#1555 = CARTESIAN_POINT ( 'NONE',  ( -25.00000000000000000, 25.00000000000000000, 0.000000000000000000 ) ) ;
#1556 = EDGE_LOOP ( 'NONE', ( #141, #92 ) ) ;
#1557 = CARTESIAN_POINT ( 'NONE',  ( 8.000000000000001776, 13.85640646055101755, 0.000000000000000000 ) ) ;
#1558 = CALENDAR_DATE ( 2026, 24, 9 ) ;
#1559 = ORIENTED_EDGE ( 'NONE', *, *, #1366, .F. ) ;
#1560 = DIRECTION ( 'NONE',  ( -0.000000000000000000, -1.000000000000000000, -0.000000000000000000 ) ) ;
#1561 = EDGE_CURVE ( 'NONE', #975, #1209, #531, .T. ) ;
#1562 = VERTEX_POINT ( 'NONE', #175 ) ;
#1563 = ORIENTED_EDGE ( 'NONE', *, *, #284, .F. ) ;
#1564 = DIRECTION ( 'NONE',  ( 1.000000000000000000, 0.000000000000000000, 0.000000000000000000 ) ) ;
#1565 = EDGE_CURVE ( 'NONE', #586, #1466, #318, .T. ) ;
#1566 = CIRCLE ( 'NONE', #1092, 1.700000000000000178 ) ;
#1567 = CIRCLE ( 'NONE', #1300, 12.15000000000000036 ) ;
#1568 = ORIENTED_EDGE ( 'NONE', *, *, #213, .T. ) ;
#1569 = CIRCLE ( 'NONE', #1273, 1.700000000000007061 ) ;
#1570 = VECTOR ( 'NONE', #322, 1000.000000000000000 ) ;
#1571 = LINE ( 'NONE', #1063, #1138 ) ;
#1572 = AXIS2_PLACEMENT_3D ( 'NONE', #410, #1127, #1144 ) ;
#1573 = DIRECTION ( 'NONE',  ( 1.000000000000000000, 0.000000000000000000, 0.000000000000000000 ) ) ;
#1574 = EDGE_LOOP ( 'NONE', ( #551, #1544 ) ) ;
#1575 = DIRECTION ( 'NONE',  ( 1.000000000000000000, 0.000000000000000000, 0.000000000000000000 ) ) ;
#1576 = EDGE_CURVE ( 'NONE', #1101, #1546, #1023, .T. ) ;
#1577 = EDGE_CURVE ( 'NONE', #1423, #1346, #37, .T. ) ;
#1578 = FACE_OUTER_BOUND ( 'NONE', #227, .T. ) ;
#1579 = ORIENTED_EDGE ( 'NONE', *, *, #1366, .T. ) ;
#1580 = DIRECTION ( 'NONE',  ( 0.000000000000000000, 0.000000000000000000, 1.000000000000000000 ) ) ;
#1581 = PERSON_AND_ORGANIZATION_ROLE ( 'design_supplier' ) ;
#1582 = ORIENTED_EDGE ( 'NONE', *, *, #86, .T. ) ;
#1583 = DIRECTION ( 'NONE',  ( -1.000000000000000000, 0.000000000000000000, 0.000000000000000000 ) ) ;
ENDSEC;
END-ISO-10303-21;
