ISO-10303-21;
HEADER;
FILE_DESCRIPTION (( 'STEP AP203' ),
    '1' );
FILE_NAME ('JX1_ShoulderRollBracket_L.STEP',
    '2026-09-24T05:39:39',
    ( '' ),
    ( '' ),
    'SwSTEP 2.0',
    'SolidWorks 2026',
    '' );
FILE_SCHEMA (( 'CONFIG_CONTROL_DESIGN' ));
ENDSEC;

DATA;
#1 = CIRCLE ( 'NONE', #1443, 7.000000000000000000 ) ;
#2 = ORIENTED_EDGE ( 'NONE', *, *, #598, .T. ) ;
#3 = CARTESIAN_POINT ( 'NONE',  ( -40.00000000000000000, 28.03626673554954252, -19.00000000000000355 ) ) ;
#4 = AXIS2_PLACEMENT_3D ( 'NONE', #865, #1352, #408 ) ;
#5 = ADVANCED_FACE ( 'NONE', ( #473 ), #835, .F. ) ;
#6 = ORIENTED_EDGE ( 'NONE', *, *, #1250, .T. ) ;
#7 = VECTOR ( 'NONE', #708, 1000.000000000000000 ) ;
#8 = CARTESIAN_POINT ( 'NONE',  ( -7.000000000000000000, 0.000000000000000000, -19.00000000000000355 ) ) ;
#9 = VECTOR ( 'NONE', #1467, 1000.000000000000000 ) ;
#10 = CARTESIAN_POINT ( 'NONE',  ( 16.26345596729059295, 16.26345596729059295, -13.00000000000000355 ) ) ;
#11 = ORIENTED_EDGE ( 'NONE', *, *, #1526, .T. ) ;
#12 = DIRECTION ( 'NONE',  ( 0.000000000000000000, 0.000000000000000000, 1.000000000000000000 ) ) ;
#13 = ORIENTED_EDGE ( 'NONE', *, *, #52, .T. ) ;
#14 = CARTESIAN_POINT ( 'NONE',  ( -34.00000000000000000, 17.32050807568877460, -11.70000000000000284 ) ) ;
#15 = ORIENTED_EDGE ( 'NONE', *, *, #318, .T. ) ;
#16 = CARTESIAN_POINT ( 'NONE',  ( -34.00000000000000000, -17.32050807568877104, 10.00000000000000888 ) ) ;
#17 = CARTESIAN_POINT ( 'NONE',  ( -34.00000000000000000, 17.32050807568877460, 9.999999999999994671 ) ) ;
#18 = APPROVAL ( #1368, 'UNSPECIFIED' ) ;
#19 = ADVANCED_FACE ( 'NONE', ( #706 ), #224, .F. ) ;
#20 = VERTEX_POINT ( 'NONE', #1441 ) ;
#21 = CALENDAR_DATE ( 2026, 24, 9 ) ;
#22 = VERTEX_POINT ( 'NONE', #1223 ) ;
#23 = CARTESIAN_POINT ( 'NONE',  ( 32.00000000000000000, -32.00000000000000000, -13.00000000000000355 ) ) ;
#24 = CARTESIAN_POINT ( 'NONE',  ( -37.79999999999999716, 0.000000000000000000, 0.000000000000000000 ) ) ;
#25 = ORIENTED_EDGE ( 'NONE', *, *, #526, .F. ) ;
#26 = CYLINDRICAL_SURFACE ( 'NONE', #1564, 1.700000000000000178 ) ;
#27 = CARTESIAN_POINT ( 'NONE',  ( -34.00000000000000000, -33.25966317040631992, 13.77660356514323503 ) ) ;
#28 = ORIENTED_EDGE ( 'NONE', *, *, #562, .T. ) ;
#29 = PERSON_AND_ORGANIZATION ( #595, #429 ) ;
#30 = CIRCLE ( 'NONE', #447, 1.700000000000000178 ) ;
#31 = ADVANCED_FACE ( 'NONE', ( #589 ), #250, .F. ) ;
#32 = LINE ( 'NONE', #23, #367 ) ;
#33 = AXIS2_PLACEMENT_3D ( 'NONE', #1588, #875, #610 ) ;
#34 = LINE ( 'NONE', #790, #135 ) ;
#35 = ORIENTED_EDGE ( 'NONE', *, *, #972, .T. ) ;
#36 = VECTOR ( 'NONE', #823, 1000.000000000000000 ) ;
#37 = DIRECTION ( 'NONE',  ( -0.000000000000000000, 1.000000000000000000, 0.000000000000000000 ) ) ;
#38 = ORIENTED_EDGE ( 'NONE', *, *, #104, .F. ) ;
#39 = ORIENTED_EDGE ( 'NONE', *, *, #1199, .T. ) ;
#40 = PERSON_AND_ORGANIZATION_ROLE ( 'design_supplier' ) ;
#41 = EDGE_LOOP ( 'NONE', ( #128, #95, #158, #1415 ) ) ;
#42 = CARTESIAN_POINT ( 'NONE',  ( -34.00000000000000000, 17.32050807568877460, 8.299999999999995381 ) ) ;
#43 = ADVANCED_FACE ( 'NONE', ( #1074 ), #343, .F. ) ;
#44 = CARTESIAN_POINT ( 'NONE',  ( -34.00000000000000000, -13.77660356514322082, -33.25966317040631992 ) ) ;
#45 = FACE_OUTER_BOUND ( 'NONE', #838, .T. ) ;
#46 = DIRECTION ( 'NONE',  ( 1.000000000000000000, 0.000000000000000000, 0.000000000000000000 ) ) ;
#47 = ORIENTED_EDGE ( 'NONE', *, *, #212, .T. ) ;
#48 = APPROVAL_DATE_TIME ( #1150, #1575 ) ;
#49 = ORIENTED_EDGE ( 'NONE', *, *, #1273, .F. ) ;
#50 = CARTESIAN_POINT ( 'NONE',  ( -34.00000000000000000, 0.000000000000000000, 0.000000000000000000 ) ) ;
#51 = ORIENTED_EDGE ( 'NONE', *, *, #1340, .F. ) ;
#52 = EDGE_CURVE ( 'NONE', #1023, #89, #124, .T. ) ;
#53 = DIRECTION ( 'NONE',  ( -1.000000000000000000, 0.000000000000000000, 0.000000000000000000 ) ) ;
#54 = LINE ( 'NONE', #819, #1166 ) ;
#55 = APPLICATION_PROTOCOL_DEFINITION ( 'international standard', 'config_control_design', 1994, #226 ) ;
#56 = VECTOR ( 'NONE', #1095, 1000.000000000000000 ) ;
#57 = ORIENTED_EDGE ( 'NONE', *, *, #510, .T. ) ;
#58 = DIRECTION ( 'NONE',  ( 0.000000000000000000, 1.000000000000000000, 2.518361608903234722E-16 ) ) ;
#59 = ORIENTED_EDGE ( 'NONE', *, *, #1311, .T. ) ;
#60 = AXIS2_PLACEMENT_3D ( 'NONE', #812, #1183, #1532 ) ;
#61 = EDGE_CURVE ( 'NONE', #274, #1585, #779, .T. ) ;
#62 = CIRCLE ( 'NONE', #290, 1.700000000000000178 ) ;
#63 = PLANE ( 'NONE',  #155 ) ;
#64 = LINE ( 'NONE', #688, #205 ) ;
#65 = ORIENTED_EDGE ( 'NONE', *, *, #412, .F. ) ;
#66 = CIRCLE ( 'NONE', #950, 1.700000000000000178 ) ;
#67 = CIRCLE ( 'NONE', #1366, 1.700000000000000178 ) ;
#68 = CIRCLE ( 'NONE', #298, 15.15000000000000036 ) ;
#69 = ORIENTED_EDGE ( 'NONE', *, *, #853, .F. ) ;
#70 = CARTESIAN_POINT ( 'NONE',  ( -34.00000000000000000, 2.449293598294706513E-15, 21.69999999999999929 ) ) ;
#71 = DIRECTION ( 'NONE',  ( -1.000000000000000000, -0.000000000000000000, -0.000000000000000000 ) ) ;
#72 = CARTESIAN_POINT ( 'NONE',  ( 0.000000000000000000, 0.000000000000000000, -19.00000000000000355 ) ) ;
#73 = ORIENTED_EDGE ( 'NONE', *, *, #336, .F. ) ;
#74 = ORIENTED_EDGE ( 'NONE', *, *, #512, .F. ) ;
#75 = CARTESIAN_POINT ( 'NONE',  ( -40.00000000000000000, -32.00000000000000000, -13.00000000000000355 ) ) ;
#76 = CYLINDRICAL_SURFACE ( 'NONE', #845, 1.700000000000000178 ) ;
#77 = DIRECTION ( 'NONE',  ( 0.000000000000000000, 0.7071067811865473507, 0.7071067811865477948 ) ) ;
#78 = DIRECTION ( 'NONE',  ( 0.000000000000000000, 0.000000000000000000, -1.000000000000000000 ) ) ;
#79 = EDGE_CURVE ( 'NONE', #869, #1023, #1464, .T. ) ;
#80 = CYLINDRICAL_SURFACE ( 'NONE', #316, 1.700000000000000178 ) ;
#81 = VECTOR ( 'NONE', #267, 1000.000000000000000 ) ;
#82 = FACE_OUTER_BOUND ( 'NONE', #535, .T. ) ;
#83 = ORIENTED_EDGE ( 'NONE', *, *, #1310, .F. ) ;
#84 = VECTOR ( 'NONE', #427, 1000.000000000000000 ) ;
#85 = LINE ( 'NONE', #94, #1216 ) ;
#86 = AXIS2_PLACEMENT_3D ( 'NONE', #1584, #487, #968 ) ;
#87 = AXIS2_PLACEMENT_3D ( 'NONE', #774, #1265, #545 ) ;
#88 = LOCAL_TIME ( 11, 9, 39.00000000000000000, #524 ) ;
#89 = VERTEX_POINT ( 'NONE', #244 ) ;
#90 = DIRECTION ( 'NONE',  ( -1.000000000000000000, -0.000000000000000000, -0.000000000000000000 ) ) ;
#91 = CARTESIAN_POINT ( 'NONE',  ( -34.00000000000000000, -17.32050807568877104, 10.00000000000000888 ) ) ;
#92 = EDGE_CURVE ( 'NONE', #380, #1369, #493, .T. ) ;
#93 = ORIENTED_EDGE ( 'NONE', *, *, #190, .T. ) ;
#94 = CARTESIAN_POINT ( 'NONE',  ( 32.00000000000000000, 32.00000000000000000, -19.00000000000000355 ) ) ;
#95 = ORIENTED_EDGE ( 'NONE', *, *, #944, .T. ) ;
#96 = DIRECTION ( 'NONE',  ( 1.000000000000000000, 0.000000000000000000, 0.000000000000000000 ) ) ;
#97 = CARTESIAN_POINT ( 'NONE',  ( 16.26345596729058585, -16.26345596729059650, -13.00000000000000355 ) ) ;
#98 = DIRECTION ( 'NONE',  ( 0.000000000000000000, 0.000000000000000000, -1.000000000000000000 ) ) ;
#99 = EDGE_LOOP ( 'NONE', ( #896, #770, #884, #1007 ) ) ;
#100 = EDGE_CURVE ( 'NONE', #982, #1016, #874, .T. ) ;
#101 = ORIENTED_EDGE ( 'NONE', *, *, #788, .T. ) ;
#102 = CYLINDRICAL_SURFACE ( 'NONE', #1470, 1.700000000000000178 ) ;
#103 = CARTESIAN_POINT ( 'NONE',  ( 32.00000000000000000, 32.00000000000000000, -13.00000000000000355 ) ) ;
#104 = EDGE_CURVE ( 'NONE', #605, #1205, #652, .T. ) ;
#105 = VERTEX_POINT ( 'NONE', #1389 ) ;
#106 = DIRECTION ( 'NONE',  ( 0.000000000000000000, 0.7071067811865473507, 0.7071067811865477948 ) ) ;
#107 = VECTOR ( 'NONE', #994, 1000.000000000000000 ) ;
#108 = AXIS2_PLACEMENT_3D ( 'NONE', #565, #1046, #449 ) ;
#109 = CIRCLE ( 'NONE', #1005, 1.700000000000000178 ) ;
#110 = ORIENTED_EDGE ( 'NONE', *, *, #104, .T. ) ;
#111 = SECURITY_CLASSIFICATION ( '', '', #1008 ) ;
#112 = VERTEX_POINT ( 'NONE', #297 ) ;
#113 = LINE ( 'NONE', #326, #393 ) ;
#114 = FACE_BOUND ( 'NONE', #1251, .T. ) ;
#115 = EDGE_LOOP ( 'NONE', ( #1161, #1343 ) ) ;
#116 = CARTESIAN_POINT ( 'NONE',  ( -17.96345596729059935, -16.26345596729058940, -19.00000000000000355 ) ) ;
#117 = VERTEX_POINT ( 'NONE', #628 ) ;
#118 = ADVANCED_FACE ( 'NONE', ( #1365 ), #153, .F. ) ;
#119 = EDGE_LOOP ( 'NONE', ( #1288, #957 ) ) ;
#120 =( LENGTH_UNIT ( ) NAMED_UNIT ( * ) SI_UNIT ( .MILLI., .METRE. ) );
#121 = EDGE_LOOP ( 'NONE', ( #866, #631 ) ) ;
#122 = CARTESIAN_POINT ( 'NONE',  ( -40.00000000000000000, 0.000000000000000000, 0.000000000000000000 ) ) ;
#123 = CARTESIAN_POINT ( 'NONE',  ( -34.00000000000000000, -28.03626673554954607, -19.00000000000000355 ) ) ;
#124 = LINE ( 'NONE', #828, #56 ) ;
#125 = EDGE_CURVE ( 'NONE', #1059, #1021, #568, .T. ) ;
#126 = VERTEX_POINT ( 'NONE', #644 ) ;
#127 = DIRECTION ( 'NONE',  ( 0.000000000000000000, -0.7071067811865476838, -0.7071067811865474617 ) ) ;
#128 = ORIENTED_EDGE ( 'NONE', *, *, #190, .F. ) ;
#129 = CYLINDRICAL_SURFACE ( 'NONE', #673, 7.000000000000000000 ) ;
#130 = EDGE_CURVE ( 'NONE', #791, #794, #540, .T. ) ;
#131 = CARTESIAN_POINT ( 'NONE',  ( -34.00000000000000000, 17.32050807568877460, -10.00000000000000178 ) ) ;
#132 = ORIENTED_EDGE ( 'NONE', *, *, #130, .F. ) ;
#133 = CARTESIAN_POINT ( 'NONE',  ( -40.00000000000000000, -17.32050807568877460, -10.00000000000000178 ) ) ;
#134 = CIRCLE ( 'NONE', #824, 1.700000000000000178 ) ;
#135 = VECTOR ( 'NONE', #1396, 1000.000000000000000 ) ;
#136 = DIRECTION ( 'NONE',  ( 1.000000000000000000, 0.000000000000000000, 0.000000000000000000 ) ) ;
#137 = CIRCLE ( 'NONE', #578, 15.15000000000000036 ) ;
#138 = CARTESIAN_POINT ( 'NONE',  ( -34.00000000000000000, 17.32050807568877460, 11.69999999999999574 ) ) ;
#139 = EDGE_LOOP ( 'NONE', ( #1466, #451, #1004, #1339 ) ) ;
#140 = PERSON_AND_ORGANIZATION ( #595, #429 ) ;
#141 = ORIENTED_EDGE ( 'NONE', *, *, #1068, .T. ) ;
#142 = CARTESIAN_POINT ( 'NONE',  ( 7.000000000000000000, 8.572527594031473190E-16, -13.00000000000000355 ) ) ;
#143 = PLANE ( 'NONE',  #676 ) ;
#144 = VERTEX_POINT ( 'NONE', #1258 ) ;
#145 = DIRECTION ( 'NONE',  ( 1.000000000000000000, 0.000000000000000000, 0.000000000000000000 ) ) ;
#146 = CARTESIAN_POINT ( 'NONE',  ( -40.00000000000000000, -33.25966317040631992, 13.77660356514323503 ) ) ;
#147 = ADVANCED_FACE ( 'NONE', ( #1375, #1136, #1490, #511, #411, #889 ), #1245, .F. ) ;
#148 = EDGE_LOOP ( 'NONE', ( #13, #711, #1522, #829 ) ) ;
#149 =( NAMED_UNIT ( * ) PLANE_ANGLE_UNIT ( ) SI_UNIT ( $, .RADIAN. ) );
#150 = LINE ( 'NONE', #641, #369 ) ;
#151 = LINE ( 'NONE', #906, #1083 ) ;
#152 = DIRECTION ( 'NONE',  ( 0.000000000000000000, 0.000000000000000000, -1.000000000000000000 ) ) ;
#153 = CYLINDRICAL_SURFACE ( 'NONE', #287, 1.700000000000000178 ) ;
#154 = ORIENTED_EDGE ( 'NONE', *, *, #481, .F. ) ;
#155 = AXIS2_PLACEMENT_3D ( 'NONE', #1276, #682, #435 ) ;
#156 = COORDINATED_UNIVERSAL_TIME_OFFSET ( 5, 30, .AHEAD. ) ;
#157 = CIRCLE ( 'NONE', #876, 7.000000000000000000 ) ;
#158 = ORIENTED_EDGE ( 'NONE', *, *, #1244, .T. ) ;
#159 = CARTESIAN_POINT ( 'NONE',  ( -40.00000000000000000, 0.000000000000000000, -20.00000000000000000 ) ) ;
#160 = VECTOR ( 'NONE', #1253, 1000.000000000000000 ) ;
#161 = DIRECTION ( 'NONE',  ( 1.000000000000000000, 0.000000000000000000, 0.000000000000000000 ) ) ;
#162 = ORIENTED_EDGE ( 'NONE', *, *, #548, .T. ) ;
#163 = CIRCLE ( 'NONE', #323, 5.000000000000000000 ) ;
#164 = CARTESIAN_POINT ( 'NONE',  ( -34.00000000000000000, -33.25966317040631992, -13.77660356514322793 ) ) ;
#165 = CARTESIAN_POINT ( 'NONE',  ( 0.000000000000000000, 0.000000000000000000, -19.00000000000000355 ) ) ;
#166 = PRODUCT_DEFINITION_FORMATION_WITH_SPECIFIED_SOURCE ( 'ANY', '', #272, .NOT_KNOWN. ) ;
#167 = EDGE_LOOP ( 'NONE', ( #808, #1284 ) ) ;
#168 = APPROVAL_STATUS ( 'not_yet_approved' ) ;
#169 = EDGE_CURVE ( 'NONE', #1384, #890, #777, .T. ) ;
#170 = ORIENTED_EDGE ( 'NONE', *, *, #1072, .F. ) ;
#171 = CARTESIAN_POINT ( 'NONE',  ( -40.00000000000000000, -32.00000000000000000, -19.00000000000000355 ) ) ;
#172 = DIRECTION ( 'NONE',  ( -1.000000000000000000, 0.000000000000000000, 0.000000000000000000 ) ) ;
#173 = ADVANCED_FACE ( 'NONE', ( #635 ), #1277, .F. ) ;
#174 = PERSON_AND_ORGANIZATION ( #595, #429 ) ;
#175 = EDGE_LOOP ( 'NONE', ( #415, #376, #1487, #6, #590, #739, #761, #730, #907, #1128 ) ) ;
#176 = EDGE_CURVE ( 'NONE', #1579, #89, #660, .T. ) ;
#177 = DIRECTION ( 'NONE',  ( -1.000000000000000000, 0.000000000000000000, 0.000000000000000000 ) ) ;
#178 = ORIENTED_EDGE ( 'NONE', *, *, #526, .T. ) ;
#179 = CYLINDRICAL_SURFACE ( 'NONE', #1240, 1.700000000000000178 ) ;
#180 = CARTESIAN_POINT ( 'NONE',  ( -34.00000000000000000, 33.25966317040631992, 13.77660356514323148 ) ) ;
#181 = ORIENTED_EDGE ( 'NONE', *, *, #1155, .T. ) ;
#182 = VECTOR ( 'NONE', #502, 1000.000000000000000 ) ;
#183 = DIRECTION ( 'NONE',  ( 1.000000000000000000, 0.000000000000000000, -0.000000000000000000 ) ) ;
#184 = CIRCLE ( 'NONE', #1187, 15.15000000000000036 ) ;
#185 = APPROVAL ( #397, 'UNSPECIFIED' ) ;
#186 = CIRCLE ( 'NONE', #1446, 1.700000000000000178 ) ;
#187 = CARTESIAN_POINT ( 'NONE',  ( 16.26345596729058585, -16.26345596729059650, -13.00000000000000355 ) ) ;
#188 = DIRECTION ( 'NONE',  ( 0.000000000000000000, -0.000000000000000000, 1.000000000000000000 ) ) ;
#189 = AXIS2_PLACEMENT_3D ( 'NONE', #416, #183, #886 ) ;
#190 = EDGE_CURVE ( 'NONE', #626, #890, #1156, .T. ) ;
#191 = CIRCLE ( 'NONE', #371, 1.700000000000000178 ) ;
#192 = CARTESIAN_POINT ( 'NONE',  ( -17.96345596729059224, 16.26345596729059295, -13.00000000000000355 ) ) ;
#193 = DIRECTION ( 'NONE',  ( -1.000000000000000000, -0.000000000000000000, -0.000000000000000000 ) ) ;
#194 = CARTESIAN_POINT ( 'NONE',  ( -34.00000000000000000, 13.77660356514324036, -33.25966317040631282 ) ) ;
#195 = EDGE_LOOP ( 'NONE', ( #1485, #207, #1217, #530 ) ) ;
#196 = DIRECTION ( 'NONE',  ( 1.000000000000000000, 0.000000000000000000, 0.000000000000000000 ) ) ;
#197 = DIRECTION ( 'NONE',  ( 0.000000000000000000, 0.000000000000000000, 1.000000000000000000 ) ) ;
#198 = CARTESIAN_POINT ( 'NONE',  ( -34.00000000000000000, 0.000000000000000000, 0.000000000000000000 ) ) ;
#199 = EDGE_LOOP ( 'NONE', ( #978, #663, #894, #1393 ) ) ;
#200 = DIRECTION ( 'NONE',  ( 0.000000000000000000, 0.000000000000000000, -1.000000000000000000 ) ) ;
#201 = VERTEX_POINT ( 'NONE', #988 ) ;
#202 = DIRECTION ( 'NONE',  ( -1.000000000000000000, -0.000000000000000000, -0.000000000000000000 ) ) ;
#203 = EDGE_CURVE ( 'NONE', #1538, #144, #1484, .T. ) ;
#204 = CARTESIAN_POINT ( 'NONE',  ( -34.00000000000000000, -33.25966317040631992, 13.77660356514323503 ) ) ;
#205 = VECTOR ( 'NONE', #560, 1000.000000000000000 ) ;
#206 = CARTESIAN_POINT ( 'NONE',  ( -34.00000000000000000, 13.77660356514324036, -33.25966317040631282 ) ) ;
#207 = ORIENTED_EDGE ( 'NONE', *, *, #1131, .T. ) ;
#208 = AXIS2_PLACEMENT_3D ( 'NONE', #687, #1182, #1200 ) ;
#209 = CARTESIAN_POINT ( 'NONE',  ( -40.00000000000000000, 13.77660356514324036, -33.25966317040631282 ) ) ;
#210 = VECTOR ( 'NONE', #1094, 1000.000000000000000 ) ;
#211 = VECTOR ( 'NONE', #127, 1000.000000000000000 ) ;
#212 = EDGE_CURVE ( 'NONE', #754, #22, #391, .T. ) ;
#213 = LINE ( 'NONE', #703, #752 ) ;
#214 = CARTESIAN_POINT ( 'NONE',  ( -34.00000000000000000, -13.77660356514322082, -33.25966317040631992 ) ) ;
#215 = ADVANCED_FACE ( 'NONE', ( #1003 ), #1179, .F. ) ;
#216 = CARTESIAN_POINT ( 'NONE',  ( -7.000000000000000000, 0.000000000000000000, -13.00000000000000355 ) ) ;
#217 = EDGE_LOOP ( 'NONE', ( #1406, #629 ) ) ;
#218 = EDGE_CURVE ( 'NONE', #1016, #982, #365, .T. ) ;
#219 = EDGE_LOOP ( 'NONE', ( #378, #471, #229, #1372 ) ) ;
#220 = DIRECTION ( 'NONE',  ( 0.000000000000000000, 0.000000000000000000, 1.000000000000000000 ) ) ;
#221 = EDGE_CURVE ( 'NONE', #1397, #1278, #801, .T. ) ;
#222 = CARTESIAN_POINT ( 'NONE',  ( -40.00000000000000000, -13.77660356514322082, -33.25966317040631992 ) ) ;
#223 = CARTESIAN_POINT ( 'NONE',  ( -34.00000000000000000, 2.449293598294706513E-15, 20.00000000000000000 ) ) ;
#224 = PLANE ( 'NONE',  #573 ) ;
#225 = DIRECTION ( 'NONE',  ( 0.000000000000000000, -1.000000000000000000, 0.000000000000000000 ) ) ;
#226 = APPLICATION_CONTEXT ( 'configuration controlled 3d designs of mechanical parts and assemblies' ) ;
#227 = ORIENTED_EDGE ( 'NONE', *, *, #556, .T. ) ;
#228 = DIRECTION ( 'NONE',  ( 1.000000000000000000, 0.000000000000000000, 0.000000000000000000 ) ) ;
#229 = ORIENTED_EDGE ( 'NONE', *, *, #685, .F. ) ;
#230 = CARTESIAN_POINT ( 'NONE',  ( -17.96345596729059224, 16.26345596729059295, -13.00000000000000355 ) ) ;
#231 = ORIENTED_EDGE ( 'NONE', *, *, #1476, .T. ) ;
#232 = FACE_OUTER_BOUND ( 'NONE', #1065, .T. ) ;
#233 = VECTOR ( 'NONE', #188, 1000.000000000000000 ) ;
#234 = DIRECTION ( 'NONE',  ( -1.000000000000000000, 0.000000000000000000, 0.000000000000000000 ) ) ;
#235 = EDGE_CURVE ( 'NONE', #618, #1503, #1299, .T. ) ;
#236 = AXIS2_PLACEMENT_3D ( 'NONE', #1338, #1102, #377 ) ;
#237 = CIRCLE ( 'NONE', #552, 5.000000000000000000 ) ;
#238 = ORIENTED_EDGE ( 'NONE', *, *, #580, .T. ) ;
#239 = CARTESIAN_POINT ( 'NONE',  ( -34.00000000000000000, -13.77660356514322970, 33.25966317040631992 ) ) ;
#240 = ORIENTED_EDGE ( 'NONE', *, *, #1155, .F. ) ;
#241 = CARTESIAN_POINT ( 'NONE',  ( -34.00000000000000000, -17.32050807568877104, 11.70000000000000817 ) ) ;
#242 = CARTESIAN_POINT ( 'NONE',  ( -37.79999999999999716, 0.000000000000000000, 5.000000000000000000 ) ) ;
#243 = EDGE_CURVE ( 'NONE', #1587, #1558, #822, .T. ) ;
#244 = CARTESIAN_POINT ( 'NONE',  ( -40.00000000000000000, -13.77660356514322970, 33.25966317040631992 ) ) ;
#245 = ORIENTED_EDGE ( 'NONE', *, *, #1068, .F. ) ;
#246 = LINE ( 'NONE', #355, #905 ) ;
#247 = FACE_OUTER_BOUND ( 'NONE', #1092, .T. ) ;
#248 = ORIENTED_EDGE ( 'NONE', *, *, #536, .F. ) ;
#249 = CARTESIAN_POINT ( 'NONE',  ( -34.00000000000000000, 13.77660356514324036, -33.25966317040631282 ) ) ;
#250 = CYLINDRICAL_SURFACE ( 'NONE', #1440, 1.700000000000000178 ) ;
#251 = ORIENTED_EDGE ( 'NONE', *, *, #1259, .F. ) ;
#252 = CARTESIAN_POINT ( 'NONE',  ( -40.00000000000000000, 0.000000000000000000, 0.000000000000000000 ) ) ;
#253 = EDGE_CURVE ( 'NONE', #455, #910, #899, .T. ) ;
#254 = LINE ( 'NONE', #1118, #1361 ) ;
#255 = DIRECTION ( 'NONE',  ( -1.000000000000000000, -0.000000000000000000, -0.000000000000000000 ) ) ;
#256 = AXIS2_PLACEMENT_3D ( 'NONE', #72, #574, #454 ) ;
#257 = ORIENTED_EDGE ( 'NONE', *, *, #766, .T. ) ;
#258 = FACE_BOUND ( 'NONE', #549, .T. ) ;
#259 = CIRCLE ( 'NONE', #448, 1.700000000000000178 ) ;
#260 = ORIENTED_EDGE ( 'NONE', *, *, #512, .T. ) ;
#261 = CIRCLE ( 'NONE', #1336, 1.700000000000000178 ) ;
#262 = DIRECTION ( 'NONE',  ( 0.000000000000000000, 0.000000000000000000, 1.000000000000000000 ) ) ;
#263 = EDGE_LOOP ( 'NONE', ( #871, #445 ) ) ;
#264 = LOCAL_TIME ( 11, 9, 39.00000000000000000, #1394 ) ;
#265 = DIRECTION ( 'NONE',  ( -1.000000000000000000, 0.000000000000000000, -0.000000000000000000 ) ) ;
#266 = EDGE_CURVE ( 'NONE', #360, #709, #64, .T. ) ;
#267 = DIRECTION ( 'NONE',  ( -1.000000000000000000, -0.000000000000000000, -0.000000000000000000 ) ) ;
#268 = ORIENTED_EDGE ( 'NONE', *, *, #691, .F. ) ;
#269 = APPROVAL_DATE_TIME ( #1139, #18 ) ;
#270 = EDGE_LOOP ( 'NONE', ( #1528, #857, #647, #388, #1121, #765 ) ) ;
#271 = DIRECTION ( 'NONE',  ( -1.000000000000000000, 0.000000000000000000, 0.000000000000000000 ) ) ;
#272 = PRODUCT ( 'JX1_ShoulderRollBracket_L', 'JX1_ShoulderRollBracket_L', '', ( #1015 ) ) ;
#273 = DIRECTION ( 'NONE',  ( 1.000000000000000000, 0.000000000000000000, 0.000000000000000000 ) ) ;
#274 = VERTEX_POINT ( 'NONE', #547 ) ;
#275 = CARTESIAN_POINT ( 'NONE',  ( -34.00000000000000000, 33.25966317040631992, 13.77660356514323148 ) ) ;
#276 = DIRECTION ( 'NONE',  ( 1.000000000000000000, 0.000000000000000000, 0.000000000000000000 ) ) ;
#277 = EDGE_CURVE ( 'NONE', #814, #963, #1413, .T. ) ;
#278 = EDGE_CURVE ( 'NONE', #1159, #380, #327, .T. ) ;
#279 = VERTEX_POINT ( 'NONE', #1042 ) ;
#280 = DATE_TIME_ROLE ( 'classification_date' ) ;
#281 = ORIENTED_EDGE ( 'NONE', *, *, #675, .F. ) ;
#282 = DIRECTION ( 'NONE',  ( -1.000000000000000000, -0.000000000000000000, -0.000000000000000000 ) ) ;
#283 = PLANE ( 'NONE',  #496 ) ;
#284 = ORIENTED_EDGE ( 'NONE', *, *, #1423, .T. ) ;
#285 = CARTESIAN_POINT ( 'NONE',  ( -40.00000000000000000, -33.25966317040631992, -13.77660356514322793 ) ) ;
#286 = VERTEX_POINT ( 'NONE', #180 ) ;
#287 = AXIS2_PLACEMENT_3D ( 'NONE', #17, #255, #1126 ) ;
#288 = ADVANCED_FACE ( 'NONE', ( #696 ), #1283, .F. ) ;
#289 = PERSON_AND_ORGANIZATION_ROLE ( 'classification_officer' ) ;
#290 = AXIS2_PLACEMENT_3D ( 'NONE', #91, #720, #1428 ) ;
#291 = EDGE_LOOP ( 'NONE', ( #653, #904, #1349, #83 ) ) ;
#292 = DIRECTION ( 'NONE',  ( -1.000000000000000000, -0.000000000000000000, -0.000000000000000000 ) ) ;
#293 = ORIENTED_EDGE ( 'NONE', *, *, #743, .F. ) ;
#294 = VECTOR ( 'NONE', #202, 1000.000000000000000 ) ;
#295 = CARTESIAN_POINT ( 'NONE',  ( -37.79999999999999716, 0.000000000000000000, 0.000000000000000000 ) ) ;
#296 = APPLICATION_CONTEXT ( 'configuration controlled 3d designs of mechanical parts and assemblies' ) ;
#297 = CARTESIAN_POINT ( 'NONE',  ( 14.56345596729058656, -16.26345596729059650, -13.00000000000000355 ) ) ;
#298 = AXIS2_PLACEMENT_3D ( 'NONE', #252, #228, #361 ) ;
#299 = EDGE_CURVE ( 'NONE', #640, #22, #1163, .T. ) ;
#300 = ORIENTED_EDGE ( 'NONE', *, *, #702, .T. ) ;
#301 = PERSON_AND_ORGANIZATION_ROLE ( 'design_owner' ) ;
#302 = ORIENTED_EDGE ( 'NONE', *, *, #788, .F. ) ;
#303 = CARTESIAN_POINT ( 'NONE',  ( -37.79999999999999716, 0.000000000000000000, 15.15000000000000036 ) ) ;
#304 = ORIENTED_EDGE ( 'NONE', *, *, #92, .F. ) ;
#305 = FACE_OUTER_BOUND ( 'NONE', #773, .T. ) ;
#306 = CARTESIAN_POINT ( 'NONE',  ( -34.00000000000000000, -13.77660356514322970, 33.25966317040631992 ) ) ;
#307 = CALENDAR_DATE ( 2026, 24, 9 ) ;
#308 = ORIENTED_EDGE ( 'NONE', *, *, #412, .T. ) ;
#309 = DIRECTION ( 'NONE',  ( 1.000000000000000000, 0.000000000000000000, 0.000000000000000000 ) ) ;
#310 = CARTESIAN_POINT ( 'NONE',  ( -34.00000000000000000, 1.374772708486753814, -19.00000000000000355 ) ) ;
#311 = CARTESIAN_POINT ( 'NONE',  ( -34.00000000000000000, 17.32050807568877460, 9.999999999999994671 ) ) ;
#312 = ORIENTED_EDGE ( 'NONE', *, *, #1176, .T. ) ;
#313 = VECTOR ( 'NONE', #442, 1000.000000000000000 ) ;
#314 = PRODUCT_DEFINITION_SHAPE ( 'NONE', 'NONE',  #726 ) ;
#315 = LINE ( 'NONE', #192, #698 ) ;
#316 = AXIS2_PLACEMENT_3D ( 'NONE', #704, #587, #825 ) ;
#317 = DIRECTION ( 'NONE',  ( 0.000000000000000000, -0.7071067811865476838, 0.7071067811865474617 ) ) ;
#318 = EDGE_CURVE ( 'NONE', #1096, #748, #1536, .T. ) ;
#319 = CIRCLE ( 'NONE', #900, 5.000000000000000000 ) ;
#320 = CARTESIAN_POINT ( 'NONE',  ( 32.00000000000000000, -32.00000000000000000, -13.00000000000000355 ) ) ;
#321 = CARTESIAN_POINT ( 'NONE',  ( -40.00000000000000000, -17.32050807568877460, -10.00000000000000178 ) ) ;
#322 = ORIENTED_EDGE ( 'NONE', *, *, #853, .T. ) ;
#323 = AXIS2_PLACEMENT_3D ( 'NONE', #50, #309, #799 ) ;
#324 = ADVANCED_FACE ( 'NONE', ( #82 ), #554, .F. ) ;
#325 = LINE ( 'NONE', #331, #1112 ) ;
#326 = CARTESIAN_POINT ( 'NONE',  ( -34.00000000000000000, 0.000000000000000000, -13.00000000000000355 ) ) ;
#327 = LINE ( 'NONE', #1047, #233 ) ;
#328 = VERTEX_POINT ( 'NONE', #566 ) ;
#329 = CYLINDRICAL_SURFACE ( 'NONE', #1497, 1.700000000000000178 ) ;
#330 = EDGE_CURVE ( 'NONE', #334, #754, #1518, .T. ) ;
#331 = CARTESIAN_POINT ( 'NONE',  ( -40.00000000000000000, 32.00000000000000000, -19.00000000000000355 ) ) ;
#332 = LINE ( 'NONE', #340, #521 ) ;
#333 = DIRECTION ( 'NONE',  ( 0.000000000000000000, 0.7071067811865476838, 0.7071067811865474617 ) ) ;
#334 = VERTEX_POINT ( 'NONE', #428 ) ;
#335 = DIRECTION ( 'NONE',  ( -0.000000000000000000, -0.000000000000000000, -1.000000000000000000 ) ) ;
#336 = EDGE_CURVE ( 'NONE', #1151, #684, #1029, .T. ) ;
#337 = EDGE_CURVE ( 'NONE', #1221, #618, #54, .T. ) ;
#338 = CARTESIAN_POINT ( 'NONE',  ( -16.26345596729058940, 16.26345596729059295, -13.00000000000000355 ) ) ;
#339 = CLOSED_SHELL ( 'NONE', ( #215, #43, #410, #939, #1203, #1477, #798, #5, #1404, #1149, #118, #1434, #624, #1196, #1144, #1331, #288, #1504, #31, #430, #19, #1091, #1026, #324, #173, #956, #1547, #911, #981, #464, #379, #1270, #147, #1582, #345, #417, #1348, #1100, #997, #485, #440, #760, #932, #1194 ) ) ;
#340 = CARTESIAN_POINT ( 'NONE',  ( -34.00000000000000000, 17.32050807568877460, -11.70000000000000284 ) ) ;
#341 = AXIS2_PLACEMENT_3D ( 'NONE', #922, #1294, #1429 ) ;
#342 = CARTESIAN_POINT ( 'NONE',  ( -34.00000000000000000, 2.449293598294706513E-15, 21.69999999999999929 ) ) ;
#343 = CYLINDRICAL_SURFACE ( 'NONE', #945, 7.000000000000000000 ) ;
#344 = CIRCLE ( 'NONE', #236, 1.700000000000000178 ) ;
#345 = ADVANCED_FACE ( 'NONE', ( #1028 ), #668, .F. ) ;
#346 = VECTOR ( 'NONE', #1088, 1000.000000000000000 ) ;
#347 = EDGE_LOOP ( 'NONE', ( #1537, #57, #984, #1453 ) ) ;
#348 = CARTESIAN_POINT ( 'NONE',  ( 32.00000000000000000, -32.00000000000000000, -19.00000000000000355 ) ) ;
#349 = EDGE_LOOP ( 'NONE', ( #742, #716, #614, #707 ) ) ;
#350 = CARTESIAN_POINT ( 'NONE',  ( -40.00000000000000000, -17.32050807568877104, 10.00000000000000888 ) ) ;
#351 = CARTESIAN_POINT ( 'NONE',  ( -34.00000000000000000, 1.374772708486753814, -19.00000000000000355 ) ) ;
#352 = ORIENTED_EDGE ( 'NONE', *, *, #1191, .F. ) ;
#353 = ORIENTED_EDGE ( 'NONE', *, *, #1066, .F. ) ;
#354 = CC_DESIGN_PERSON_AND_ORGANIZATION_ASSIGNMENT ( #174, #40, ( #166 ) ) ;
#355 = CARTESIAN_POINT ( 'NONE',  ( 32.00000000000000000, -32.00000000000000000, -19.00000000000000355 ) ) ;
#356 = DIRECTION ( 'NONE',  ( 1.000000000000000000, 0.000000000000000000, 0.000000000000000000 ) ) ;
#357 = DIRECTION ( 'NONE',  ( 1.000000000000000000, 0.000000000000000000, 0.000000000000000000 ) ) ;
#358 = DIRECTION ( 'NONE',  ( 0.000000000000000000, -1.000000000000000000, 0.000000000000000000 ) ) ;
#359 = FACE_BOUND ( 'NONE', #115, .T. ) ;
#360 = VERTEX_POINT ( 'NONE', #533 ) ;
#361 = DIRECTION ( 'NONE',  ( 0.000000000000000000, 0.000000000000000000, -1.000000000000000000 ) ) ;
#362 = VERTEX_POINT ( 'NONE', #509 ) ;
#363 = CARTESIAN_POINT ( 'NONE',  ( 0.000000000000000000, 0.000000000000000000, -19.00000000000000355 ) ) ;
#364 = DIRECTION ( 'NONE',  ( 0.000000000000000000, 0.000000000000000000, 1.000000000000000000 ) ) ;
#365 = CIRCLE ( 'NONE', #1442, 1.700000000000000178 ) ;
#366 = CARTESIAN_POINT ( 'NONE',  ( -34.00000000000000000, 13.77660356514323325, 33.25966317040631992 ) ) ;
#367 = VECTOR ( 'NONE', #747, 1000.000000000000000 ) ;
#368 = EDGE_CURVE ( 'NONE', #923, #937, #1229, .T. ) ;
#369 = VECTOR ( 'NONE', #528, 1000.000000000000000 ) ;
#370 = EDGE_LOOP ( 'NONE', ( #353, #891 ) ) ;
#371 = AXIS2_PLACEMENT_3D ( 'NONE', #133, #1479, #623 ) ;
#372 = FACE_OUTER_BOUND ( 'NONE', #437, .T. ) ;
#373 = ORIENTED_EDGE ( 'NONE', *, *, #79, .F. ) ;
#374 = DIRECTION ( 'NONE',  ( -0.000000000000000000, -0.000000000000000000, -1.000000000000000000 ) ) ;
#375 = DIRECTION ( 'NONE',  ( 1.000000000000000000, 0.000000000000000000, 0.000000000000000000 ) ) ;
#376 = ORIENTED_EDGE ( 'NONE', *, *, #278, .T. ) ;
#377 = DIRECTION ( 'NONE',  ( 0.000000000000000000, 0.000000000000000000, -1.000000000000000000 ) ) ;
#378 = ORIENTED_EDGE ( 'NONE', *, *, #61, .T. ) ;
#379 = ADVANCED_FACE ( 'NONE', ( #45 ), #1541, .F. ) ;
#380 = VERTEX_POINT ( 'NONE', #441 ) ;
#381 = CARTESIAN_POINT ( 'NONE',  ( -34.00000000000000000, 17.32050807568877460, -10.00000000000000178 ) ) ;
#382 = ORIENTED_EDGE ( 'NONE', *, *, #1191, .T. ) ;
#383 = CYLINDRICAL_SURFACE ( 'NONE', #4, 5.000000000000000000 ) ;
#384 = CARTESIAN_POINT ( 'NONE',  ( -14.56345596729059011, 16.26345596729059295, -13.00000000000000355 ) ) ;
#385 = CARTESIAN_POINT ( 'NONE',  ( -34.00000000000000000, -13.77660356514322970, 33.25966317040631992 ) ) ;
#386 = ORIENTED_EDGE ( 'NONE', *, *, #1239, .F. ) ;
#387 = FACE_BOUND ( 'NONE', #1153, .T. ) ;
#388 = ORIENTED_EDGE ( 'NONE', *, *, #912, .T. ) ;
#389 = LINE ( 'NONE', #999, #1417 ) ;
#390 = DIRECTION ( 'NONE',  ( 1.000000000000000000, 0.000000000000000000, 0.000000000000000000 ) ) ;
#391 = LINE ( 'NONE', #877, #81 ) ;
#392 = AXIS2_PLACEMENT_3D ( 'NONE', #419, #193, #1178 ) ;
#393 = VECTOR ( 'NONE', #1322, 1000.000000000000000 ) ;
#394 = EDGE_CURVE ( 'NONE', #794, #1122, #908, .T. ) ;
#395 = ORIENTED_EDGE ( 'NONE', *, *, #330, .T. ) ;
#396 = CC_DESIGN_DATE_AND_TIME_ASSIGNMENT ( #514, #1527, ( #726 ) ) ;
#397 = APPROVAL_STATUS ( 'not_yet_approved' ) ;
#398 = AXIS2_PLACEMENT_3D ( 'NONE', #1510, #292, #1264 ) ;
#399 = ORIENTED_EDGE ( 'NONE', *, *, #833, .T. ) ;
#400 = CARTESIAN_POINT ( 'NONE',  ( 16.26345596729058585, -16.26345596729059650, -19.00000000000000355 ) ) ;
#401 = FACE_OUTER_BOUND ( 'NONE', #719, .T. ) ;
#402 = EDGE_LOOP ( 'NONE', ( #1141, #621 ) ) ;
#403 = AXIS2_PLACEMENT_3D ( 'NONE', #406, #1022, #883 ) ;
#404 = CARTESIAN_POINT ( 'NONE',  ( 16.26345596729059295, 16.26345596729059295, -19.00000000000000355 ) ) ;
#405 = VERTEX_POINT ( 'NONE', #1027 ) ;
#406 = CARTESIAN_POINT ( 'NONE',  ( 0.000000000000000000, 0.000000000000000000, 0.000000000000000000 ) ) ;
#407 = ORIENTED_EDGE ( 'NONE', *, *, #1412, .T. ) ;
#408 = DIRECTION ( 'NONE',  ( 0.000000000000000000, 0.000000000000000000, 1.000000000000000000 ) ) ;
#409 = DIRECTION ( 'NONE',  ( 0.000000000000000000, 0.000000000000000000, 1.000000000000000000 ) ) ;
#410 = ADVANCED_FACE ( 'NONE', ( #305 ), #76, .F. ) ;
#411 = FACE_BOUND ( 'NONE', #608, .T. ) ;
#412 = EDGE_CURVE ( 'NONE', #20, #1209, #1212, .T. ) ;
#413 = ORIENTED_EDGE ( 'NONE', *, *, #1302, .T. ) ;
#414 = PERSON_AND_ORGANIZATION ( #595, #429 ) ;
#415 = ORIENTED_EDGE ( 'NONE', *, *, #1578, .T. ) ;
#416 = CARTESIAN_POINT ( 'NONE',  ( -34.00000000000000000, 0.000000000000000000, 0.000000000000000000 ) ) ;
#417 = ADVANCED_FACE ( 'NONE', ( #553 ), #921, .F. ) ;
#418 = PLANE ( 'NONE',  #1006 ) ;
#419 = CARTESIAN_POINT ( 'NONE',  ( -34.00000000000000000, -17.32050807568877460, -10.00000000000000178 ) ) ;
#420 = EDGE_LOOP ( 'NONE', ( #781, #65 ) ) ;
#421 = AXIS2_PLACEMENT_3D ( 'NONE', #198, #1550, #793 ) ;
#422 = EDGE_LOOP ( 'NONE', ( #38, #1495, #1025, #990, #132, #569, #1345, #248, #515, #1104, #1272, #517, #504, #25 ) ) ;
#423 = CIRCLE ( 'NONE', #1030, 1.700000000000000178 ) ;
#424 = DIRECTION ( 'NONE',  ( -1.000000000000000000, -0.000000000000000000, -0.000000000000000000 ) ) ;
#425 = ORIENTED_EDGE ( 'NONE', *, *, #1066, .T. ) ;
#426 = AXIS2_PLACEMENT_3D ( 'NONE', #1181, #570, #1297 ) ;
#427 = DIRECTION ( 'NONE',  ( 0.000000000000000000, 0.000000000000000000, -1.000000000000000000 ) ) ;
#428 = CARTESIAN_POINT ( 'NONE',  ( -34.00000000000000000, -17.32050807568877460, -8.300000000000002487 ) ) ;
#429 = ORGANIZATION ( 'UNSPECIFIED', 'UNSPECIFIED', '' ) ;
#430 = ADVANCED_FACE ( 'NONE', ( #800, #1286, #1520, #1388, #792, #1512, #1172, #785 ), #63, .F. ) ;
#431 = PERSON_AND_ORGANIZATION ( #595, #429 ) ;
#432 = ORIENTED_EDGE ( 'NONE', *, *, #1355, .F. ) ;
#433 = DIRECTION ( 'NONE',  ( 1.000000000000000000, 0.000000000000000000, 0.000000000000000000 ) ) ;
#434 = FACE_OUTER_BOUND ( 'NONE', #679, .T. ) ;
#435 = DIRECTION ( 'NONE',  ( -0.000000000000000000, 0.000000000000000000, -1.000000000000000000 ) ) ;
#436 = CARTESIAN_POINT ( 'NONE',  ( -40.00000000000000000, -32.00000000000000000, -13.00000000000000355 ) ) ;
#437 = EDGE_LOOP ( 'NONE', ( #74, #399, #1201, #998 ) ) ;
#438 = ORIENTED_EDGE ( 'NONE', *, *, #1140, .F. ) ;
#439 = LINE ( 'NONE', #586, #294 ) ;
#440 = ADVANCED_FACE ( 'NONE', ( #659 ), #179, .F. ) ;
#441 = CARTESIAN_POINT ( 'NONE',  ( -34.00000000000000000, -32.00000000000000000, -13.00000000000000355 ) ) ;
#442 = DIRECTION ( 'NONE',  ( 0.000000000000000000, -1.000000000000000000, 0.000000000000000000 ) ) ;
#443 = EDGE_LOOP ( 'NONE', ( #1101, #561, #2, #1014 ) ) ;
#444 = AXIS2_PLACEMENT_3D ( 'NONE', #306, #1542, #333 ) ;
#445 = ORIENTED_EDGE ( 'NONE', *, *, #944, .F. ) ;
#446 = DIRECTION ( 'NONE',  ( 1.000000000000000000, 0.000000000000000000, 0.000000000000000000 ) ) ;
#447 = AXIS2_PLACEMENT_3D ( 'NONE', #479, #197, #951 ) ;
#448 = AXIS2_PLACEMENT_3D ( 'NONE', #577, #1561, #200 ) ;
#449 = DIRECTION ( 'NONE',  ( 1.000000000000000000, 0.000000000000000000, 0.000000000000000000 ) ) ;
#450 = DIRECTION ( 'NONE',  ( 1.000000000000000000, 0.000000000000000000, 0.000000000000000000 ) ) ;
#451 = ORIENTED_EDGE ( 'NONE', *, *, #1239, .T. ) ;
#452 = DIRECTION ( 'NONE',  ( -0.000000000000000000, 0.7071067811865474617, 0.7071067811865476838 ) ) ;
#453 = PLANE ( 'NONE',  #208 ) ;
#454 = DIRECTION ( 'NONE',  ( 1.000000000000000000, 0.000000000000000000, 0.000000000000000000 ) ) ;
#455 = VERTEX_POINT ( 'NONE', #677 ) ;
#456 = CYLINDRICAL_SURFACE ( 'NONE', #1109, 15.15000000000000036 ) ;
#457 = EDGE_CURVE ( 'NONE', #605, #1248, #1041, .T. ) ;
#458 = ORIENTED_EDGE ( 'NONE', *, *, #253, .T. ) ;
#459 = CARTESIAN_POINT ( 'NONE',  ( 32.00000000000000000, 32.00000000000000000, -13.00000000000000355 ) ) ;
#460 = DIRECTION ( 'NONE',  ( 0.000000000000000000, -0.7071067811865474617, 0.7071067811865475727 ) ) ;
#461 = EDGE_CURVE ( 'NONE', #117, #482, #546, .T. ) ;
#462 = EDGE_LOOP ( 'NONE', ( #914, #881, #555, #1214, #69, #304 ) ) ;
#463 = DIRECTION ( 'NONE',  ( 0.000000000000000000, -2.518361608903234722E-16, 1.000000000000000000 ) ) ;
#464 = ADVANCED_FACE ( 'NONE', ( #667 ), #1036, .F. ) ;
#465 = EDGE_CURVE ( 'NONE', #910, #455, #1213, .T. ) ;
#466 = EDGE_LOOP ( 'NONE', ( #178, #352, #1303, #1469 ) ) ;
#467 = CARTESIAN_POINT ( 'NONE',  ( 32.00000000000000000, 32.00000000000000000, -13.00000000000000355 ) ) ;
#468 = AXIS2_PLACEMENT_3D ( 'NONE', #436, #1173, #917 ) ;
#469 = DIRECTION ( 'NONE',  ( -0.000000000000000000, -0.000000000000000000, -1.000000000000000000 ) ) ;
#470 = VECTOR ( 'NONE', #1337, 1000.000000000000000 ) ;
#471 = ORIENTED_EDGE ( 'NONE', *, *, #661, .T. ) ;
#472 = CARTESIAN_POINT ( 'NONE',  ( 14.56345596729059366, 16.26345596729059295, -19.00000000000000355 ) ) ;
#473 = FACE_OUTER_BOUND ( 'NONE', #542, .T. ) ;
#474 = AXIS2_PLACEMENT_3D ( 'NONE', #223, #962, #724 ) ;
#475 = CC_DESIGN_PERSON_AND_ORGANIZATION_ASSIGNMENT ( #1031, #301, ( #272 ) ) ;
#476 = VECTOR ( 'NONE', #161, 1000.000000000000000 ) ;
#477 = VERTEX_POINT ( 'NONE', #928 ) ;
#478 = CARTESIAN_POINT ( 'NONE',  ( 7.000000000000000000, 8.572527594031473190E-16, -13.00000000000000355 ) ) ;
#479 = CARTESIAN_POINT ( 'NONE',  ( -16.26345596729058940, 16.26345596729059295, -13.00000000000000355 ) ) ;
#480 = DIRECTION ( 'NONE',  ( 0.000000000000000000, -1.000000000000000000, -2.518361608903234722E-16 ) ) ;
#481 = EDGE_CURVE ( 'NONE', #286, #869, #1420, .T. ) ;
#482 = VERTEX_POINT ( 'NONE', #164 ) ;
#483 = DIRECTION ( 'NONE',  ( 1.000000000000000000, 0.000000000000000000, 0.000000000000000000 ) ) ;
#484 = CARTESIAN_POINT ( 'NONE',  ( -40.00000000000000000, 32.00000000000000000, -19.00000000000000355 ) ) ;
#485 = ADVANCED_FACE ( 'NONE', ( #604 ), #80, .F. ) ;
#486 = PLANE ( 'NONE',  #1363 ) ;
#487 = DIRECTION ( 'NONE',  ( 0.000000000000000000, 0.000000000000000000, 1.000000000000000000 ) ) ;
#488 = VERTEX_POINT ( 'NONE', #966 ) ;
#489 = DIRECTION ( 'NONE',  ( -1.000000000000000000, 0.000000000000000000, 0.000000000000000000 ) ) ;
#490 = DIRECTION ( 'NONE',  ( 1.000000000000000000, 0.000000000000000000, 0.000000000000000000 ) ) ;
#491 = DIRECTION ( 'NONE',  ( 1.000000000000000000, 0.000000000000000000, 0.000000000000000000 ) ) ;
#492 = AXIS2_PLACEMENT_3D ( 'NONE', #1268, #46, #1020 ) ;
#493 = LINE ( 'NONE', #734, #971 ) ;
#494 = VECTOR ( 'NONE', #593, 1000.000000000000000 ) ;
#495 = VECTOR ( 'NONE', #1501, 1000.000000000000000 ) ;
#496 = AXIS2_PLACEMENT_3D ( 'NONE', #772, #452, #693 ) ;
#497 = VERTEX_POINT ( 'NONE', #1219 ) ;
#498 = DIRECTION ( 'NONE',  ( 0.000000000000000000, -0.7071067811865477948, 0.7071067811865473507 ) ) ;
#499 = EDGE_LOOP ( 'NONE', ( #836, #1426 ) ) ;
#500 = FACE_BOUND ( 'NONE', #263, .T. ) ;
#501 = DIRECTION ( 'NONE',  ( -1.000000000000000000, 0.000000000000000000, 0.000000000000000000 ) ) ;
#502 = DIRECTION ( 'NONE',  ( -1.000000000000000000, -0.000000000000000000, -0.000000000000000000 ) ) ;
#503 = EDGE_CURVE ( 'NONE', #1397, #105, #1328, .T. ) ;
#504 = ORIENTED_EDGE ( 'NONE', *, *, #902, .F. ) ;
#505 = CARTESIAN_POINT ( 'NONE',  ( 17.96345596729059579, 16.26345596729059295, -13.00000000000000355 ) ) ;
#506 = ORIENTED_EDGE ( 'NONE', *, *, #1493, .F. ) ;
#507 = DIRECTION ( 'NONE',  ( -0.000000000000000000, -0.000000000000000000, -1.000000000000000000 ) ) ;
#508 = DIRECTION ( 'NONE',  ( 1.000000000000000000, 0.000000000000000000, 0.000000000000000000 ) ) ;
#509 = CARTESIAN_POINT ( 'NONE',  ( -40.00000000000000000, -17.32050807568877104, 8.300000000000009592 ) ) ;
#510 = EDGE_CURVE ( 'NONE', #105, #380, #113, .T. ) ;
#511 = FACE_BOUND ( 'NONE', #217, .T. ) ;
#512 = EDGE_CURVE ( 'NONE', #744, #1021, #332, .T. ) ;
#513 = ORIENTED_EDGE ( 'NONE', *, *, #1430, .F. ) ;
#514 = DATE_AND_TIME ( #1158, #1314 ) ;
#515 = ORIENTED_EDGE ( 'NONE', *, *, #203, .F. ) ;
#516 = LINE ( 'NONE', #1254, #571 ) ;
#517 = ORIENTED_EDGE ( 'NONE', *, *, #235, .T. ) ;
#518 = DIRECTION ( 'NONE',  ( -0.000000000000000000, -0.000000000000000000, -1.000000000000000000 ) ) ;
#519 = DIRECTION ( 'NONE',  ( 0.000000000000000000, -0.000000000000000000, 1.000000000000000000 ) ) ;
#520 = AXIS2_PLACEMENT_3D ( 'NONE', #320, #172, #1411 ) ;
#521 = VECTOR ( 'NONE', #1554, 1000.000000000000000 ) ;
#522 = AXIS2_PLACEMENT_3D ( 'NONE', #634, #741, #265 ) ;
#523 = ORIENTED_EDGE ( 'NONE', *, *, #465, .F. ) ;
#524 = COORDINATED_UNIVERSAL_TIME_OFFSET ( 5, 30, .AHEAD. ) ;
#525 = VECTOR ( 'NONE', #893, 1000.000000000000000 ) ;
#526 = EDGE_CURVE ( 'NONE', #1205, #201, #832, .T. ) ;
#527 = AXIS2_PLACEMENT_3D ( 'NONE', #983, #863, #1105 ) ;
#528 = DIRECTION ( 'NONE',  ( 0.000000000000000000, -1.000000000000000000, 0.000000000000000000 ) ) ;
#529 = CARTESIAN_POINT ( 'NONE',  ( -40.00000000000000000, 13.77660356514324036, -33.25966317040631282 ) ) ;
#530 = ORIENTED_EDGE ( 'NONE', *, *, #1113, .F. ) ;
#531 = EDGE_CURVE ( 'NONE', #112, #126, #1289, .T. ) ;
#532 = CYLINDRICAL_SURFACE ( 'NONE', #87, 1.700000000000000178 ) ;
#533 = CARTESIAN_POINT ( 'NONE',  ( -34.00000000000000000, 32.00000000000000000, -15.03626673554954429 ) ) ;
#534 = CARTESIAN_POINT ( 'NONE',  ( -34.00000000000000000, 2.657483554149756344E-15, 18.30000000000000071 ) ) ;
#535 = EDGE_LOOP ( 'NONE', ( #1386, #1509, #1515, #1459 ) ) ;
#536 = EDGE_CURVE ( 'NONE', #144, #1023, #710, .T. ) ;
#537 = VERTEX_POINT ( 'NONE', #230 ) ;
#538 = CYLINDRICAL_SURFACE ( 'NONE', #398, 5.000000000000000000 ) ;
#539 = DIRECTION ( 'NONE',  ( -0.000000000000000000, -0.000000000000000000, -1.000000000000000000 ) ) ;
#540 = LINE ( 'NONE', #146, #803 ) ;
#541 = EDGE_LOOP ( 'NONE', ( #1480, #1543 ) ) ;
#542 = EDGE_LOOP ( 'NONE', ( #395, #47, #1508, #768 ) ) ;
#543 = DIRECTION ( 'NONE',  ( -1.000000000000000000, 0.000000000000000000, 0.000000000000000000 ) ) ;
#544 = ORIENTED_EDGE ( 'NONE', *, *, #531, .F. ) ;
#545 = DIRECTION ( 'NONE',  ( 0.000000000000000000, 0.000000000000000000, 1.000000000000000000 ) ) ;
#546 = LINE ( 'NONE', #559, #84 ) ;
#547 = CARTESIAN_POINT ( 'NONE',  ( -7.000000000000000000, 0.000000000000000000, -13.00000000000000355 ) ) ;
#548 = EDGE_CURVE ( 'NONE', #1585, #274, #1, .T. ) ;
#549 = EDGE_LOOP ( 'NONE', ( #948, #1069 ) ) ;
#550 = AXIS2_PLACEMENT_3D ( 'NONE', #131, #491, #759 ) ;
#551 = DIRECTION ( 'NONE',  ( 0.000000000000000000, 0.000000000000000000, -1.000000000000000000 ) ) ;
#552 = AXIS2_PLACEMENT_3D ( 'NONE', #1436, #196, #78 ) ;
#553 = FACE_OUTER_BOUND ( 'NONE', #840, .T. ) ;
#554 = PLANE ( 'NONE',  #444 ) ;
#555 = ORIENTED_EDGE ( 'NONE', *, *, #1392, .T. ) ;
#556 = EDGE_CURVE ( 'NONE', #1089, #279, #583, .T. ) ;
#557 = EDGE_CURVE ( 'NONE', #1587, #910, #1208, .T. ) ;
#558 = CARTESIAN_POINT ( 'NONE',  ( -37.79999999999999716, 1.855339900708240019E-15, -15.15000000000000036 ) ) ;
#559 = CARTESIAN_POINT ( 'NONE',  ( -34.00000000000000000, -33.25966317040631992, 13.77660356514323503 ) ) ;
#560 = DIRECTION ( 'NONE',  ( 0.000000000000000000, 0.7071067811865473507, 0.7071067811865477948 ) ) ;
#561 = ORIENTED_EDGE ( 'NONE', *, *, #1493, .T. ) ;
#562 = EDGE_CURVE ( 'NONE', #649, #405, #62, .T. ) ;
#563 = EDGE_LOOP ( 'NONE', ( #797, #789, #438, #1367 ) ) ;
#564 = DIRECTION ( 'NONE',  ( 0.000000000000000000, 0.000000000000000000, 1.000000000000000000 ) ) ;
#565 = CARTESIAN_POINT ( 'NONE',  ( -16.26345596729059650, -16.26345596729058940, -19.00000000000000355 ) ) ;
#566 = CARTESIAN_POINT ( 'NONE',  ( 17.96345596729059579, 16.26345596729059295, -13.00000000000000355 ) ) ;
#567 = ORIENTED_EDGE ( 'NONE', *, *, #1539, .F. ) ;
#568 = CIRCLE ( 'NONE', #1186, 1.700000000000000178 ) ;
#569 = ORIENTED_EDGE ( 'NONE', *, *, #1407, .F. ) ;
#570 = DIRECTION ( 'NONE',  ( -1.000000000000000000, -0.000000000000000000, -0.000000000000000000 ) ) ;
#571 = VECTOR ( 'NONE', #1226, 1000.000000000000000 ) ;
#572 = DIRECTION ( 'NONE',  ( 1.000000000000000000, 0.000000000000000000, 0.000000000000000000 ) ) ;
#573 = AXIS2_PLACEMENT_3D ( 'NONE', #1111, #358, #1211 ) ;
#574 = DIRECTION ( 'NONE',  ( 0.000000000000000000, 0.000000000000000000, 1.000000000000000000 ) ) ;
#575 = EDGE_CURVE ( 'NONE', #887, #362, #721, .T. ) ;
#576 = AXIS2_PLACEMENT_3D ( 'NONE', #467, #1063, #927 ) ;
#577 = CARTESIAN_POINT ( 'NONE',  ( -34.00000000000000000, 17.32050807568877460, -10.00000000000000178 ) ) ;
#578 = AXIS2_PLACEMENT_3D ( 'NONE', #1577, #483, #1454 ) ;
#579 = CARTESIAN_POINT ( 'NONE',  ( -40.00000000000000000, 17.32050807568877460, 8.299999999999995381 ) ) ;
#580 = EDGE_CURVE ( 'NONE', #537, #1089, #30, .T. ) ;
#581 = EDGE_LOOP ( 'NONE', ( #969, #59, #736, #1079 ) ) ;
#582 = FACE_OUTER_BOUND ( 'NONE', #1138, .T. ) ;
#583 = LINE ( 'NONE', #1298, #1465 ) ;
#584 = CARTESIAN_POINT ( 'NONE',  ( -40.00000000000000000, 2.657483554149756344E-15, 18.30000000000000071 ) ) ;
#585 = ORIENTED_EDGE ( 'NONE', *, *, #958, .F. ) ;
#586 = CARTESIAN_POINT ( 'NONE',  ( -34.00000000000000000, 17.32050807568877460, -8.300000000000002487 ) ) ;
#587 = DIRECTION ( 'NONE',  ( -0.000000000000000000, -0.000000000000000000, -1.000000000000000000 ) ) ;
#588 = CARTESIAN_POINT ( 'NONE',  ( -34.00000000000000000, 17.32050807568877460, 9.999999999999994671 ) ) ;
#589 = FACE_OUTER_BOUND ( 'NONE', #713, .T. ) ;
#590 = ORIENTED_EDGE ( 'NONE', *, *, #266, .T. ) ;
#591 = PLANE ( 'NONE',  #1114 ) ;
#592 = AXIS2_PLACEMENT_3D ( 'NONE', #611, #1103, #1589 ) ;
#593 = DIRECTION ( 'NONE',  ( -1.000000000000000000, 0.000000000000000000, 0.000000000000000000 ) ) ;
#594 = AXIS2_PLACEMENT_3D ( 'NONE', #350, #356, #1571 ) ;
#595 = PERSON ( 'UNSPECIFIED', 'UNSPECIFIED', 'UNSPECIFIED', ('UNSPECIFIED'), ('UNSPECIFIED'), ('UNSPECIFIED') ) ;
#596 = CIRCLE ( 'NONE', #474, 1.700000000000000178 ) ;
#597 = CARTESIAN_POINT ( 'NONE',  ( -16.26345596729059650, -16.26345596729058940, -13.00000000000000355 ) ) ;
#598 = EDGE_CURVE ( 'NONE', #112, #1148, #1449, .T. ) ;
#599 = CARTESIAN_POINT ( 'NONE',  ( -34.00000000000000000, 0.000000000000000000, 5.000000000000000000 ) ) ;
#600 = EDGE_CURVE ( 'NONE', #637, #1205, #1456, .T. ) ;
#601 = ORIENTED_EDGE ( 'NONE', *, *, #1578, .F. ) ;
#602 = CYLINDRICAL_SURFACE ( 'NONE', #1448, 1.700000000000000178 ) ;
#603 = VERTEX_POINT ( 'NONE', #1580 ) ;
#604 = FACE_OUTER_BOUND ( 'NONE', #139, .T. ) ;
#605 = VERTEX_POINT ( 'NONE', #1064 ) ;
#606 = CARTESIAN_POINT ( 'NONE',  ( -34.00000000000000000, 6.123233995736766282E-16, -5.000000000000000000 ) ) ;
#607 = CARTESIAN_POINT ( 'NONE',  ( 0.000000000000000000, 0.000000000000000000, -13.00000000000000355 ) ) ;
#608 = EDGE_LOOP ( 'NONE', ( #1124, #1533 ) ) ;
#609 = DIRECTION ( 'NONE',  ( -1.000000000000000000, -0.000000000000000000, -0.000000000000000000 ) ) ;
#610 = DIRECTION ( 'NONE',  ( -1.000000000000000000, 0.000000000000000000, 0.000000000000000000 ) ) ;
#611 = CARTESIAN_POINT ( 'NONE',  ( -34.00000000000000000, 17.32050807568877460, 9.999999999999994671 ) ) ;
#612 = EDGE_LOOP ( 'NONE', ( #1106, #1351 ) ) ;
#613 = FACE_OUTER_BOUND ( 'NONE', #291, .T. ) ;
#614 = ORIENTED_EDGE ( 'NONE', *, *, #715, .T. ) ;
#615 = DIRECTION ( 'NONE',  ( 0.000000000000000000, 0.000000000000000000, 1.000000000000000000 ) ) ;
#616 = DIRECTION ( 'NONE',  ( -1.000000000000000000, -0.000000000000000000, -0.000000000000000000 ) ) ;
#617 = AXIS2_PLACEMENT_3D ( 'NONE', #321, #683, #1414 ) ;
#618 = VERTEX_POINT ( 'NONE', #484 ) ;
#619 = AXIS2_PLACEMENT_3D ( 'NONE', #97, #811, #572 ) ;
#620 = AXIS2_PLACEMENT_3D ( 'NONE', #699, #463, #480 ) ;
#621 = ORIENTED_EDGE ( 'NONE', *, *, #1279, .T. ) ;
#622 = APPROVAL_PERSON_ORGANIZATION ( #140, #1575, #654 ) ;
#623 = DIRECTION ( 'NONE',  ( 0.000000000000000000, 0.000000000000000000, -1.000000000000000000 ) ) ;
#624 = ADVANCED_FACE ( 'NONE', ( #1549 ), #453, .T. ) ;
#625 = DIRECTION ( 'NONE',  ( 1.000000000000000000, 0.000000000000000000, 0.000000000000000000 ) ) ;
#626 = VERTEX_POINT ( 'NONE', #935 ) ;
#627 = CARTESIAN_POINT ( 'NONE',  ( -40.00000000000000000, 13.77660356514323325, 33.25966317040631992 ) ) ;
#628 = CARTESIAN_POINT ( 'NONE',  ( -34.00000000000000000, -33.25966317040631992, 13.77660356514323503 ) ) ;
#629 = ORIENTED_EDGE ( 'NONE', *, *, #656, .T. ) ;
#630 = COORDINATED_UNIVERSAL_TIME_OFFSET ( 5, 30, .AHEAD. ) ;
#631 = ORIENTED_EDGE ( 'NONE', *, *, #218, .F. ) ;
#632 = DIRECTION ( 'NONE',  ( 0.000000000000000000, 0.000000000000000000, 1.000000000000000000 ) ) ;
#633 = ORIENTED_EDGE ( 'NONE', *, *, #368, .F. ) ;
#634 = CARTESIAN_POINT ( 'NONE',  ( -34.00000000000000000, 13.77660356514323325, 33.25966317040631992 ) ) ;
#635 = FACE_OUTER_BOUND ( 'NONE', #964, .T. ) ;
#636 = ORIENTED_EDGE ( 'NONE', *, *, #299, .T. ) ;
#637 = VERTEX_POINT ( 'NONE', #818 ) ;
#638 = EDGE_CURVE ( 'NONE', #117, #791, #1305, .T. ) ;
#639 = SHAPE_DEFINITION_REPRESENTATION ( #314, #1400 ) ;
#640 = VERTEX_POINT ( 'NONE', #1193 ) ;
#641 = CARTESIAN_POINT ( 'NONE',  ( -34.00000000000000000, 0.000000000000000000, -19.00000000000000355 ) ) ;
#642 = CARTESIAN_POINT ( 'NONE',  ( -40.00000000000000000, -32.00000000000000000, -19.00000000000000355 ) ) ;
#643 = DIRECTION ( 'NONE',  ( 0.000000000000000000, 0.000000000000000000, 1.000000000000000000 ) ) ;
#644 = CARTESIAN_POINT ( 'NONE',  ( 17.96345596729058869, -16.26345596729059650, -13.00000000000000355 ) ) ;
#645 = VECTOR ( 'NONE', #695, 1000.000000000000000 ) ;
#646 = VECTOR ( 'NONE', #507, 1000.000000000000000 ) ;
#647 = ORIENTED_EDGE ( 'NONE', *, *, #221, .T. ) ;
#648 = EDGE_CURVE ( 'NONE', #1209, #1174, #254, .T. ) ;
#649 = VERTEX_POINT ( 'NONE', #241 ) ;
#650 = DIRECTION ( 'NONE',  ( 1.000000000000000000, 0.000000000000000000, 0.000000000000000000 ) ) ;
#651 = LINE ( 'NONE', #558, #852 ) ;
#652 = LINE ( 'NONE', #285, #1492 ) ;
#653 = ORIENTED_EDGE ( 'NONE', *, *, #735, .T. ) ;
#654 = APPROVAL_ROLE ( '' ) ;
#655 = ORIENTED_EDGE ( 'NONE', *, *, #556, .F. ) ;
#656 = EDGE_CURVE ( 'NONE', #1236, #1148, #1544, .T. ) ;
#657 = DIRECTION ( 'NONE',  ( 1.000000000000000000, 0.000000000000000000, 0.000000000000000000 ) ) ;
#658 = ORIENTED_EDGE ( 'NONE', *, *, #860, .F. ) ;
#659 = FACE_OUTER_BOUND ( 'NONE', #443, .T. ) ;
#660 = LINE ( 'NONE', #385, #692 ) ;
#661 = EDGE_CURVE ( 'NONE', #1585, #1151, #985, .T. ) ;
#662 = APPROVAL_DATE_TIME ( #903, #185 ) ;
#663 = ORIENTED_EDGE ( 'NONE', *, *, #1260, .T. ) ;
#664 = CARTESIAN_POINT ( 'NONE',  ( 32.00000000000000000, 32.00000000000000000, -19.00000000000000355 ) ) ;
#665 = ORIENTED_EDGE ( 'NONE', *, *, #813, .T. ) ;
#666 = CARTESIAN_POINT ( 'NONE',  ( 7.000000000000000000, 8.572527594031473190E-16, -19.00000000000000355 ) ) ;
#667 = FACE_OUTER_BOUND ( 'NONE', #349, .T. ) ;
#668 = PLANE ( 'NONE',  #468 ) ;
#669 = ORIENTED_EDGE ( 'NONE', *, *, #580, .F. ) ;
#670 = VECTOR ( 'NONE', #936, 1000.000000000000000 ) ;
#671 = AXIS2_PLACEMENT_3D ( 'NONE', #404, #1001, #508 ) ;
#672 = ORIENTED_EDGE ( 'NONE', *, *, #830, .F. ) ;
#673 = AXIS2_PLACEMENT_3D ( 'NONE', #763, #374, #1370 ) ;
#674 = FACE_OUTER_BOUND ( 'NONE', #1319, .T. ) ;
#675 = EDGE_CURVE ( 'NONE', #1369, #1397, #32, .T. ) ;
#676 = AXIS2_PLACEMENT_3D ( 'NONE', #24, #375, #722 ) ;
#677 = CARTESIAN_POINT ( 'NONE',  ( -14.56345596729059721, -16.26345596729058940, -19.00000000000000355 ) ) ;
#678 = DIRECTION ( 'NONE',  ( 1.000000000000000000, 0.000000000000000000, 0.000000000000000000 ) ) ;
#679 = EDGE_LOOP ( 'NONE', ( #1281, #93, #1012, #1098 ) ) ;
#680 = CC_DESIGN_DATE_AND_TIME_ASSIGNMENT ( #762, #280, ( #111 ) ) ;
#681 = CARTESIAN_POINT ( 'NONE',  ( -34.00000000000000000, -28.03626673554954962, -19.00000000000000355 ) ) ;
#682 = DIRECTION ( 'NONE',  ( 1.000000000000000000, 0.000000000000000000, -0.000000000000000000 ) ) ;
#683 = DIRECTION ( 'NONE',  ( 1.000000000000000000, 0.000000000000000000, 0.000000000000000000 ) ) ;
#684 = VERTEX_POINT ( 'NONE', #8 ) ;
#685 = EDGE_CURVE ( 'NONE', #684, #1151, #157, .T. ) ;
#686 = CARTESIAN_POINT ( 'NONE',  ( -34.00000000000000000, 33.25966317040631992, -13.77660356514322260 ) ) ;
#687 = CARTESIAN_POINT ( 'NONE',  ( -34.00000000000000000, 0.000000000000000000, 0.000000000000000000 ) ) ;
#688 = CARTESIAN_POINT ( 'NONE',  ( -34.00000000000000000, 13.77660356514324036, -33.25966317040631282 ) ) ;
#689 = ORIENTED_EDGE ( 'NONE', *, *, #1273, .T. ) ;
#690 = LINE ( 'NONE', #1329, #1545 ) ;
#691 = EDGE_CURVE ( 'NONE', #1018, #1174, #184, .T. ) ;
#692 = VECTOR ( 'NONE', #1013, 1000.000000000000000 ) ;
#693 = DIRECTION ( 'NONE',  ( 0.000000000000000000, -0.7071067811865476838, 0.7071067811865474617 ) ) ;
#694 = AXIS2_PLACEMENT_3D ( 'NONE', #400, #632, #1234 ) ;
#695 = DIRECTION ( 'NONE',  ( -1.000000000000000000, -0.000000000000000000, -0.000000000000000000 ) ) ;
#696 = FACE_OUTER_BOUND ( 'NONE', #1043, .T. ) ;
#697 = ORIENTED_EDGE ( 'NONE', *, *, #394, .T. ) ;
#698 = VECTOR ( 'NONE', #1040, 1000.000000000000000 ) ;
#699 = CARTESIAN_POINT ( 'NONE',  ( -34.00000000000000000, -13.77660356514322082, -33.25966317040631992 ) ) ;
#700 = CARTESIAN_POINT ( 'NONE',  ( -34.00000000000000000, -32.00000000000000000, -15.03626673554954962 ) ) ;
#701 = ORIENTED_EDGE ( 'NONE', *, *, #600, .F. ) ;
#702 = EDGE_CURVE ( 'NONE', #286, #144, #1471, .T. ) ;
#703 = CARTESIAN_POINT ( 'NONE',  ( -34.00000000000000000, 32.00000000000000000, -15.03626673554954429 ) ) ;
#704 = CARTESIAN_POINT ( 'NONE',  ( -16.26345596729059650, -16.26345596729058940, -13.00000000000000355 ) ) ;
#705 = DIRECTION ( 'NONE',  ( 1.000000000000000000, 0.000000000000000000, 0.000000000000000000 ) ) ;
#706 = FACE_OUTER_BOUND ( 'NONE', #99, .T. ) ;
#707 = ORIENTED_EDGE ( 'NONE', *, *, #795, .F. ) ;
#708 = DIRECTION ( 'NONE',  ( 0.000000000000000000, -0.7071067811865476838, -0.7071067811865474617 ) ) ;
#709 = VERTEX_POINT ( 'NONE', #740 ) ;
#710 = LINE ( 'NONE', #1071, #1519 ) ;
#711 = ORIENTED_EDGE ( 'NONE', *, *, #176, .F. ) ;
#712 = FACE_OUTER_BOUND ( 'NONE', #1517, .T. ) ;
#713 = EDGE_LOOP ( 'NONE', ( #689, #1455, #1115, #1165 ) ) ;
#714 = DIRECTION ( 'NONE',  ( -1.000000000000000000, -0.000000000000000000, -0.000000000000000000 ) ) ;
#715 = EDGE_CURVE ( 'NONE', #649, #887, #389, .T. ) ;
#716 = ORIENTED_EDGE ( 'NONE', *, *, #1076, .T. ) ;
#717 = CARTESIAN_POINT ( 'NONE',  ( -17.96345596729059935, -16.26345596729058940, -13.00000000000000355 ) ) ;
#718 = VECTOR ( 'NONE', #1398, 1000.000000000000000 ) ;
#719 = EDGE_LOOP ( 'NONE', ( #873, #413, #181, #658 ) ) ;
#720 = DIRECTION ( 'NONE',  ( 1.000000000000000000, 0.000000000000000000, 0.000000000000000000 ) ) ;
#721 = CIRCLE ( 'NONE', #594, 1.700000000000000178 ) ;
#722 = DIRECTION ( 'NONE',  ( 0.000000000000000000, 0.000000000000000000, -1.000000000000000000 ) ) ;
#723 = AXIS2_PLACEMENT_3D ( 'NONE', #597, #1432, #1317 ) ;
#724 = DIRECTION ( 'NONE',  ( 0.000000000000000000, 0.000000000000000000, -1.000000000000000000 ) ) ;
#725 = DIRECTION ( 'NONE',  ( 0.000000000000000000, 0.000000000000000000, 1.000000000000000000 ) ) ;
#726 = PRODUCT_DEFINITION ( 'UNKNOWN', '', #166, #1296 ) ;
#727 = VECTOR ( 'NONE', #96, 1000.000000000000000 ) ;
#728 = ORIENTED_EDGE ( 'NONE', *, *, #457, .F. ) ;
#729 = DIRECTION ( 'NONE',  ( -0.000000000000000000, 0.000000000000000000, 1.000000000000000000 ) ) ;
#730 = ORIENTED_EDGE ( 'NONE', *, *, #955, .T. ) ;
#731 = CARTESIAN_POINT ( 'NONE',  ( -40.00000000000000000, -17.32050807568877104, 10.00000000000000888 ) ) ;
#732 = ORIENTED_EDGE ( 'NONE', *, *, #912, .F. ) ;
#733 = DIRECTION ( 'NONE',  ( 0.000000000000000000, 0.000000000000000000, -1.000000000000000000 ) ) ;
#734 = CARTESIAN_POINT ( 'NONE',  ( -40.00000000000000000, -32.00000000000000000, -13.00000000000000355 ) ) ;
#735 = EDGE_CURVE ( 'NONE', #497, #328, #66, .T. ) ;
#736 = ORIENTED_EDGE ( 'NONE', *, *, #1382, .F. ) ;
#737 = DIRECTION ( 'NONE',  ( 0.000000000000000000, 1.000000000000000000, 0.000000000000000000 ) ) ;
#738 = EDGE_CURVE ( 'NONE', #1148, #1236, #1051, .T. ) ;
#739 = ORIENTED_EDGE ( 'NONE', *, *, #780, .T. ) ;
#740 = CARTESIAN_POINT ( 'NONE',  ( -34.00000000000000000, 33.25966317040631992, -13.77660356514322260 ) ) ;
#741 = DIRECTION ( 'NONE',  ( 0.000000000000000000, 0.000000000000000000, -1.000000000000000000 ) ) ;
#742 = ORIENTED_EDGE ( 'NONE', *, *, #809, .F. ) ;
#743 = EDGE_CURVE ( 'NONE', #1159, #1122, #516, .T. ) ;
#744 = VERTEX_POINT ( 'NONE', #14 ) ;
#745 = PLANE ( 'NONE',  #954 ) ;
#746 = ORIENTED_EDGE ( 'NONE', *, *, #277, .F. ) ;
#747 = DIRECTION ( 'NONE',  ( 0.000000000000000000, 1.000000000000000000, 0.000000000000000000 ) ) ;
#748 = VERTEX_POINT ( 'NONE', #1099 ) ;
#749 = LINE ( 'NONE', #977, #160 ) ;
#750 = DIRECTION ( 'NONE',  ( -0.000000000000000000, 0.000000000000000000, 1.000000000000000000 ) ) ;
#751 = VECTOR ( 'NONE', #1123, 1000.000000000000000 ) ;
#752 = VECTOR ( 'NONE', #920, 1000.000000000000000 ) ;
#753 = UNCERTAINTY_MEASURE_WITH_UNIT (LENGTH_MEASURE( 1.000000000000000082E-05 ), #120, 'distance_accuracy_value', 'NONE');
#754 = VERTEX_POINT ( 'NONE', #872 ) ;
#755 = FACE_BOUND ( 'NONE', #1499, .T. ) ;
#756 = EDGE_LOOP ( 'NONE', ( #1082, #308, #1207, #268 ) ) ;
#757 = DIRECTION ( 'NONE',  ( 1.000000000000000000, 0.000000000000000000, 0.000000000000000000 ) ) ;
#758 = FACE_OUTER_BOUND ( 'NONE', #420, .T. ) ;
#759 = DIRECTION ( 'NONE',  ( 0.000000000000000000, 0.000000000000000000, -1.000000000000000000 ) ) ;
#760 = ADVANCED_FACE ( 'NONE', ( #1496 ), #129, .F. ) ;
#761 = ORIENTED_EDGE ( 'NONE', *, *, #481, .T. ) ;
#762 = DATE_AND_TIME ( #307, #264 ) ;
#763 = CARTESIAN_POINT ( 'NONE',  ( 0.000000000000000000, 0.000000000000000000, -13.00000000000000355 ) ) ;
#764 = DIRECTION ( 'NONE',  ( -0.000000000000000000, -0.000000000000000000, -1.000000000000000000 ) ) ;
#765 = ORIENTED_EDGE ( 'NONE', *, *, #1452, .T. ) ;
#766 = EDGE_CURVE ( 'NONE', #1558, #455, #1360, .T. ) ;
#767 = CARTESIAN_POINT ( 'NONE',  ( -37.79999999999999716, 6.123233995736766282E-16, -5.000000000000000000 ) ) ;
#768 = ORIENTED_EDGE ( 'NONE', *, *, #1175, .F. ) ;
#769 =( NAMED_UNIT ( * ) SI_UNIT ( $, .STERADIAN. ) SOLID_ANGLE_UNIT ( ) );
#770 = ORIENTED_EDGE ( 'NONE', *, *, #702, .F. ) ;
#771 = CARTESIAN_POINT ( 'NONE',  ( -16.26345596729058940, 16.26345596729059295, -19.00000000000000355 ) ) ;
#772 = CARTESIAN_POINT ( 'NONE',  ( -34.00000000000000000, -33.25966317040631992, -13.77660356514322793 ) ) ;
#773 = EDGE_LOOP ( 'NONE', ( #820, #231, #1087, #930 ) ) ;
#774 = CARTESIAN_POINT ( 'NONE',  ( -34.00000000000000000, 2.449293598294706513E-15, 20.00000000000000000 ) ) ;
#775 = CARTESIAN_POINT ( 'NONE',  ( -34.00000000000000000, 33.25966317040631992, 13.77660356514323148 ) ) ;
#776 = DIRECTION ( 'NONE',  ( 0.000000000000000000, 0.7071067811865476838, -0.7071067811865474617 ) ) ;
#777 = CIRCLE ( 'NONE', #492, 1.700000000000000178 ) ;
#778 = VECTOR ( 'NONE', #1073, 1000.000000000000000 ) ;
#779 = CIRCLE ( 'NONE', #86, 7.000000000000000000 ) ;
#780 = EDGE_CURVE ( 'NONE', #709, #286, #1107, .T. ) ;
#781 = ORIENTED_EDGE ( 'NONE', *, *, #1483, .F. ) ;
#782 = VECTOR ( 'NONE', #1206, 1000.000000000000000 ) ;
#783 = EDGE_LOOP ( 'NONE', ( #636, #1295 ) ) ;
#784 = DIRECTION ( 'NONE',  ( 1.000000000000000000, 0.000000000000000000, 0.000000000000000000 ) ) ;
#785 = FACE_BOUND ( 'NONE', #783, .T. ) ;
#786 = CARTESIAN_POINT ( 'NONE',  ( -40.00000000000000000, 17.32050807568877460, -10.00000000000000178 ) ) ;
#787 = PERSON_AND_ORGANIZATION_ROLE ( 'creator' ) ;
#788 = EDGE_CURVE ( 'NONE', #975, #1376, #150, .T. ) ;
#789 = ORIENTED_EDGE ( 'NONE', *, *, #816, .T. ) ;
#790 = CARTESIAN_POINT ( 'NONE',  ( -34.00000000000000000, 32.00000000000000000, 0.000000000000000000 ) ) ;
#791 = VERTEX_POINT ( 'NONE', #1133 ) ;
#792 = FACE_BOUND ( 'NONE', #119, .T. ) ;
#793 = DIRECTION ( 'NONE',  ( 0.000000000000000000, 0.000000000000000000, -1.000000000000000000 ) ) ;
#794 = VERTEX_POINT ( 'NONE', #1462 ) ;
#795 = EDGE_CURVE ( 'NONE', #362, #887, #1242, .T. ) ;
#796 = CALENDAR_DATE ( 2026, 24, 9 ) ;
#797 = ORIENTED_EDGE ( 'NONE', *, *, #100, .T. ) ;
#798 = ADVANCED_FACE ( 'NONE', ( #247 ), #383, .F. ) ;
#799 = DIRECTION ( 'NONE',  ( 0.000000000000000000, 0.000000000000000000, -1.000000000000000000 ) ) ;
#800 = FACE_BOUND ( 'NONE', #1231, .T. ) ;
#801 = LINE ( 'NONE', #807, #670 ) ;
#802 = ORIENTED_EDGE ( 'NONE', *, *, #715, .F. ) ;
#803 = VECTOR ( 'NONE', #1354, 1000.000000000000000 ) ;
#804 = LINE ( 'NONE', #75, #1390 ) ;
#805 = APPROVAL_PERSON_ORGANIZATION ( #29, #185, #1261 ) ;
#806 = DIRECTION ( 'NONE',  ( 0.000000000000000000, -1.000000000000000000, 0.000000000000000000 ) ) ;
#807 = CARTESIAN_POINT ( 'NONE',  ( 32.00000000000000000, 32.00000000000000000, -13.00000000000000355 ) ) ;
#808 = ORIENTED_EDGE ( 'NONE', *, *, #330, .F. ) ;
#809 = EDGE_CURVE ( 'NONE', #405, #362, #1010, .T. ) ;
#810 = CARTESIAN_POINT ( 'NONE',  ( 17.96345596729058869, -16.26345596729059650, -13.00000000000000355 ) ) ;
#811 = DIRECTION ( 'NONE',  ( 0.000000000000000000, 0.000000000000000000, 1.000000000000000000 ) ) ;
#812 = CARTESIAN_POINT ( 'NONE',  ( -16.26345596729059650, -16.26345596729058940, -19.00000000000000355 ) ) ;
#813 = EDGE_CURVE ( 'NONE', #488, #937, #1290, .T. ) ;
#814 = VERTEX_POINT ( 'NONE', #1142 ) ;
#815 = CARTESIAN_POINT ( 'NONE',  ( -37.79999999999999716, 0.000000000000000000, 0.000000000000000000 ) ) ;
#816 = EDGE_CURVE ( 'NONE', #1016, #1170, #1506, .T. ) ;
#817 = CARTESIAN_POINT ( 'NONE',  ( -40.00000000000000000, 2.449293598294706513E-15, 21.69999999999999929 ) ) ;
#818 = CARTESIAN_POINT ( 'NONE',  ( -34.00000000000000000, -13.77660356514322082, -33.25966317040631992 ) ) ;
#819 = CARTESIAN_POINT ( 'NONE',  ( -40.00000000000000000, 32.00000000000000000, -13.00000000000000355 ) ) ;
#820 = ORIENTED_EDGE ( 'NONE', *, *, #531, .T. ) ;
#821 = DIRECTION ( 'NONE',  ( 0.000000000000000000, 0.000000000000000000, -1.000000000000000000 ) ) ;
#822 = CIRCLE ( 'NONE', #924, 1.700000000000000178 ) ;
#823 = DIRECTION ( 'NONE',  ( -1.000000000000000000, -0.000000000000000000, -0.000000000000000000 ) ) ;
#824 = AXIS2_PLACEMENT_3D ( 'NONE', #1308, #1086, #821 ) ;
#825 = DIRECTION ( 'NONE',  ( -1.000000000000000000, 0.000000000000000000, 0.000000000000000000 ) ) ;
#826 = CIRCLE ( 'NONE', #1190, 1.700000000000000178 ) ;
#827 = LINE ( 'NONE', #216, #210 ) ;
#828 = CARTESIAN_POINT ( 'NONE',  ( -40.00000000000000000, 13.77660356514323325, 33.25966317040631992 ) ) ;
#829 = ORIENTED_EDGE ( 'NONE', *, *, #79, .T. ) ;
#830 = EDGE_CURVE ( 'NONE', #1274, #279, #109, .T. ) ;
#831 = DIRECTION ( 'NONE',  ( 0.000000000000000000, 0.000000000000000000, 1.000000000000000000 ) ) ;
#832 = LINE ( 'NONE', #222, #1266 ) ;
#833 = EDGE_CURVE ( 'NONE', #744, #603, #259, .T. ) ;
#834 = DIRECTION ( 'NONE',  ( -1.000000000000000000, 0.000000000000000000, 0.000000000000000000 ) ) ;
#835 = CYLINDRICAL_SURFACE ( 'NONE', #1052, 1.700000000000000178 ) ;
#836 = ORIENTED_EDGE ( 'NONE', *, *, #125, .T. ) ;
#837 = CARTESIAN_POINT ( 'NONE',  ( -34.00000000000000000, -13.77660356514322970, 33.25966317040631992 ) ) ;
#838 = EDGE_LOOP ( 'NONE', ( #918, #1475, #1435, #567 ) ) ;
#839 = DIRECTION ( 'NONE',  ( -1.000000000000000000, -0.000000000000000000, -0.000000000000000000 ) ) ;
#840 = EDGE_LOOP ( 'NONE', ( #995, #1445, #281, #322 ) ) ;
#841 = LINE ( 'NONE', #1572, #778 ) ;
#842 = CARTESIAN_POINT ( 'NONE',  ( -34.00000000000000000, 0.000000000000000000, -20.00000000000000000 ) ) ;
#843 = ORIENTED_EDGE ( 'NONE', *, *, #130, .T. ) ;
#844 = CARTESIAN_POINT ( 'NONE',  ( 17.96345596729059579, 16.26345596729059295, -19.00000000000000355 ) ) ;
#845 = AXIS2_PLACEMENT_3D ( 'NONE', #1531, #539, #898 ) ;
#846 = ORIENTED_EDGE ( 'NONE', *, *, #277, .T. ) ;
#847 = CARTESIAN_POINT ( 'NONE',  ( 16.26345596729059295, 16.26345596729059295, -13.00000000000000355 ) ) ;
#848 = AXIS2_PLACEMENT_3D ( 'NONE', #974, #262, #490 ) ;
#849 = AXIS2_PLACEMENT_3D ( 'NONE', #1222, #942, #705 ) ;
#850 = CARTESIAN_POINT ( 'NONE',  ( -40.00000000000000000, 1.855339900708240019E-15, -15.15000000000000036 ) ) ;
#851 = DIRECTION ( 'NONE',  ( -1.000000000000000000, -0.000000000000000000, -0.000000000000000000 ) ) ;
#852 = VECTOR ( 'NONE', #177, 1000.000000000000000 ) ;
#853 = EDGE_CURVE ( 'NONE', #1369, #1359, #690, .T. ) ;
#854 = APPROVAL_PERSON_ORGANIZATION ( #1130, #18, #1377 ) ;
#855 = ORIENTED_EDGE ( 'NONE', *, *, #816, .F. ) ;
#856 = CARTESIAN_POINT ( 'NONE',  ( -14.56345596729059721, -16.26345596729058940, -13.00000000000000355 ) ) ;
#857 = ORIENTED_EDGE ( 'NONE', *, *, #503, .F. ) ;
#858 = DIRECTION ( 'NONE',  ( 1.000000000000000000, 0.000000000000000000, 0.000000000000000000 ) ) ;
#859 = FACE_OUTER_BOUND ( 'NONE', #1451, .T. ) ;
#860 = EDGE_CURVE ( 'NONE', #1132, #1032, #319, .T. ) ;
#861 = CARTESIAN_POINT ( 'NONE',  ( -34.00000000000000000, -17.32050807568877460, -10.00000000000000178 ) ) ;
#862 = ORIENTED_EDGE ( 'NONE', *, *, #218, .T. ) ;
#863 = DIRECTION ( 'NONE',  ( 0.000000000000000000, 0.000000000000000000, 1.000000000000000000 ) ) ;
#864 = ORIENTED_EDGE ( 'NONE', *, *, #125, .F. ) ;
#865 = CARTESIAN_POINT ( 'NONE',  ( -34.00000000000000000, 0.000000000000000000, 0.000000000000000000 ) ) ;
#866 = ORIENTED_EDGE ( 'NONE', *, *, #100, .F. ) ;
#867 = CARTESIAN_POINT ( 'NONE',  ( -40.00000000000000000, 17.32050807568877460, 9.999999999999994671 ) ) ;
#868 = CARTESIAN_POINT ( 'NONE',  ( -40.00000000000000000, 33.25966317040631992, -13.77660356514322260 ) ) ;
#869 = VERTEX_POINT ( 'NONE', #1323 ) ;
#870 = FACE_BOUND ( 'NONE', #1573, .T. ) ;
#871 = ORIENTED_EDGE ( 'NONE', *, *, #1224, .F. ) ;
#872 = CARTESIAN_POINT ( 'NONE',  ( -34.00000000000000000, -17.32050807568877460, -11.70000000000000284 ) ) ;
#873 = ORIENTED_EDGE ( 'NONE', *, *, #1513, .F. ) ;
#874 = CIRCLE ( 'NONE', #592, 1.700000000000000178 ) ;
#875 = DIRECTION ( 'NONE',  ( -0.000000000000000000, -0.000000000000000000, -1.000000000000000000 ) ) ;
#876 = AXIS2_PLACEMENT_3D ( 'NONE', #363, #885, #625 ) ;
#877 = CARTESIAN_POINT ( 'NONE',  ( -34.00000000000000000, -17.32050807568877460, -11.70000000000000284 ) ) ;
#878 = CIRCLE ( 'NONE', #671, 1.700000000000000178 ) ;
#879 = VECTOR ( 'NONE', #1557, 1000.000000000000000 ) ;
#880 = VECTOR ( 'NONE', #58, 1000.000000000000000 ) ;
#881 = ORIENTED_EDGE ( 'NONE', *, *, #743, .T. ) ;
#882 = CC_DESIGN_APPROVAL ( #185, ( #726 ) ) ;
#883 = DIRECTION ( 'NONE',  ( 1.000000000000000000, 0.000000000000000000, 0.000000000000000000 ) ) ;
#884 = ORIENTED_EDGE ( 'NONE', *, *, #780, .F. ) ;
#885 = DIRECTION ( 'NONE',  ( 0.000000000000000000, 0.000000000000000000, 1.000000000000000000 ) ) ;
#886 = DIRECTION ( 'NONE',  ( -0.000000000000000000, 0.000000000000000000, -1.000000000000000000 ) ) ;
#887 = VERTEX_POINT ( 'NONE', #1210 ) ;
#888 = CARTESIAN_POINT ( 'NONE',  ( -40.00000000000000000, -32.00000000000000000, -15.03626673554954962 ) ) ;
#889 = FACE_OUTER_BOUND ( 'NONE', #1514, .T. ) ;
#890 = VERTEX_POINT ( 'NONE', #584 ) ;
#891 = ORIENTED_EDGE ( 'NONE', *, *, #833, .F. ) ;
#892 = DIRECTION ( 'NONE',  ( -1.000000000000000000, -0.000000000000000000, -0.000000000000000000 ) ) ;
#893 = DIRECTION ( 'NONE',  ( 0.000000000000000000, 0.7071067811865473507, 0.7071067811865477948 ) ) ;
#894 = ORIENTED_EDGE ( 'NONE', *, *, #1526, .F. ) ;
#895 = PERSON_AND_ORGANIZATION_ROLE ( 'creator' ) ;
#896 = ORIENTED_EDGE ( 'NONE', *, *, #203, .T. ) ;
#897 = CARTESIAN_POINT ( 'NONE',  ( -40.00000000000000000, -13.77660356514322082, -33.25966317040631992 ) ) ;
#898 = DIRECTION ( 'NONE',  ( -1.000000000000000000, 0.000000000000000000, 0.000000000000000000 ) ) ;
#899 = CIRCLE ( 'NONE', #60, 1.700000000000000178 ) ;
#900 = AXIS2_PLACEMENT_3D ( 'NONE', #1424, #357, #98 ) ;
#901 = ORIENTED_EDGE ( 'NONE', *, *, #243, .F. ) ;
#902 = EDGE_CURVE ( 'NONE', #201, #1503, #1185, .T. ) ;
#903 = DATE_AND_TIME ( #913, #88 ) ;
#904 = ORIENTED_EDGE ( 'NONE', *, *, #1565, .T. ) ;
#905 = VECTOR ( 'NONE', #737, 1000.000000000000000 ) ;
#906 = CARTESIAN_POINT ( 'NONE',  ( -34.00000000000000000, -33.25966317040631992, -13.77660356514322793 ) ) ;
#907 = ORIENTED_EDGE ( 'NONE', *, *, #1534, .T. ) ;
#908 = LINE ( 'NONE', #916, #718 ) ;
#909 = DIRECTION ( 'NONE',  ( 0.000000000000000000, 0.000000000000000000, 1.000000000000000000 ) ) ;
#910 = VERTEX_POINT ( 'NONE', #116 ) ;
#911 = ADVANCED_FACE ( 'NONE', ( #232 ), #1551, .F. ) ;
#912 = EDGE_CURVE ( 'NONE', #1278, #618, #85, .T. ) ;
#913 = CALENDAR_DATE ( 2026, 24, 9 ) ;
#914 = ORIENTED_EDGE ( 'NONE', *, *, #278, .F. ) ;
#915 = CARTESIAN_POINT ( 'NONE',  ( -16.26345596729059650, -16.26345596729058940, -13.00000000000000355 ) ) ;
#916 = CARTESIAN_POINT ( 'NONE',  ( -40.00000000000000000, -33.25966317040631992, -13.77660356514322793 ) ) ;
#917 = DIRECTION ( 'NONE',  ( 0.000000000000000000, -0.000000000000000000, 1.000000000000000000 ) ) ;
#918 = ORIENTED_EDGE ( 'NONE', *, *, #212, .F. ) ;
#919 = CC_DESIGN_PERSON_AND_ORGANIZATION_ASSIGNMENT ( #431, #787, ( #166 ) ) ;
#920 = DIRECTION ( 'NONE',  ( 1.000000000000000000, 0.000000000000000000, 0.000000000000000000 ) ) ;
#921 = PLANE ( 'NONE',  #520 ) ;
#922 = CARTESIAN_POINT ( 'NONE',  ( -37.79999999999999716, 0.000000000000000000, 0.000000000000000000 ) ) ;
#923 = VERTEX_POINT ( 'NONE', #351 ) ;
#924 = AXIS2_PLACEMENT_3D ( 'NONE', #1037, #909, #929 ) ;
#925 = AXIS2_PLACEMENT_3D ( 'NONE', #159, #650, #1379 ) ;
#926 = CIRCLE ( 'NONE', #1500, 1.700000000000000178 ) ;
#927 = DIRECTION ( 'NONE',  ( 0.000000000000000000, -0.000000000000000000, -1.000000000000000000 ) ) ;
#928 = CARTESIAN_POINT ( 'NONE',  ( -40.00000000000000000, 17.32050807568877460, 11.69999999999999574 ) ) ;
#929 = DIRECTION ( 'NONE',  ( 1.000000000000000000, 0.000000000000000000, 0.000000000000000000 ) ) ;
#930 = ORIENTED_EDGE ( 'NONE', *, *, #598, .F. ) ;
#931 = FACE_OUTER_BOUND ( 'NONE', #41, .T. ) ;
#932 = ADVANCED_FACE ( 'NONE', ( #1458 ), #456, .F. ) ;
#933 = LINE ( 'NONE', #1563, #1567 ) ;
#934 = LINE ( 'NONE', #1427, #7 ) ;
#935 = CARTESIAN_POINT ( 'NONE',  ( -34.00000000000000000, 2.657483554149756344E-15, 18.30000000000000071 ) ) ;
#936 = DIRECTION ( 'NONE',  ( -0.000000000000000000, -0.000000000000000000, -1.000000000000000000 ) ) ;
#937 = VERTEX_POINT ( 'NONE', #1195 ) ;
#938 = CYLINDRICAL_SURFACE ( 'NONE', #723, 1.700000000000000178 ) ;
#939 = ADVANCED_FACE ( 'NONE', ( #712 ), #938, .F. ) ;
#940 = DIRECTION ( 'NONE',  ( 0.000000000000000000, 0.7071067811865476838, -0.7071067811865474617 ) ) ;
#941 = DIRECTION ( 'NONE',  ( 0.000000000000000000, 0.000000000000000000, 1.000000000000000000 ) ) ;
#942 = DIRECTION ( 'NONE',  ( 0.000000000000000000, 0.000000000000000000, 1.000000000000000000 ) ) ;
#943 = CARTESIAN_POINT ( 'NONE',  ( -34.00000000000000000, 0.000000000000000000, -19.00000000000000355 ) ) ;
#944 = EDGE_CURVE ( 'NONE', #626, #961, #596, .T. ) ;
#945 = AXIS2_PLACEMENT_3D ( 'NONE', #607, #1330, #234 ) ;
#946 = VECTOR ( 'NONE', #77, 1000.000000000000000 ) ;
#947 = EDGE_CURVE ( 'NONE', #754, #334, #134, .T. ) ;
#948 = ORIENTED_EDGE ( 'NONE', *, *, #735, .F. ) ;
#949 = LINE ( 'NONE', #1177, #1271 ) ;
#950 = AXIS2_PLACEMENT_3D ( 'NONE', #847, #615, #136 ) ;
#951 = DIRECTION ( 'NONE',  ( 1.000000000000000000, 0.000000000000000000, 0.000000000000000000 ) ) ;
#952 = CIRCLE ( 'NONE', #979, 1.700000000000000178 ) ;
#953 = DIRECTION ( 'NONE',  ( 0.000000000000000000, 0.000000000000000000, 1.000000000000000000 ) ) ;
#954 = AXIS2_PLACEMENT_3D ( 'NONE', #970, #498, #1586 ) ;
#955 = EDGE_CURVE ( 'NONE', #869, #1579, #841, .T. ) ;
#956 = ADVANCED_FACE ( 'NONE', ( #1439 ), #1556, .F. ) ;
#957 = ORIENTED_EDGE ( 'NONE', *, *, #1044, .T. ) ;
#958 = EDGE_CURVE ( 'NONE', #279, #1274, #976, .T. ) ;
#959 = VERTEX_POINT ( 'NONE', #472 ) ;
#960 = CARTESIAN_POINT ( 'NONE',  ( 14.56345596729058656, -16.26345596729059650, -13.00000000000000355 ) ) ;
#961 = VERTEX_POINT ( 'NONE', #342 ) ;
#962 = DIRECTION ( 'NONE',  ( 1.000000000000000000, 0.000000000000000000, 0.000000000000000000 ) ) ;
#963 = VERTEX_POINT ( 'NONE', #606 ) ;
#964 = EDGE_LOOP ( 'NONE', ( #843, #1300, #1341, #1048 ) ) ;
#965 = FACE_OUTER_BOUND ( 'NONE', #581, .T. ) ;
#966 = CARTESIAN_POINT ( 'NONE',  ( -40.00000000000000000, -1.374772708486753814, -19.00000000000000355 ) ) ;
#967 = FACE_OUTER_BOUND ( 'NONE', #1038, .T. ) ;
#968 = DIRECTION ( 'NONE',  ( 1.000000000000000000, 0.000000000000000000, 0.000000000000000000 ) ) ;
#969 = ORIENTED_EDGE ( 'NONE', *, *, #1452, .F. ) ;
#970 = CARTESIAN_POINT ( 'NONE',  ( -34.00000000000000000, 13.77660356514324036, -33.25966317040631282 ) ) ;
#971 = VECTOR ( 'NONE', #1230, 1000.000000000000000 ) ;
#972 = EDGE_CURVE ( 'NONE', #274, #684, #827, .T. ) ;
#973 = ORIENTED_EDGE ( 'NONE', *, *, #809, .T. ) ;
#974 = CARTESIAN_POINT ( 'NONE',  ( 16.26345596729058585, -16.26345596729059650, -19.00000000000000355 ) ) ;
#975 = VERTEX_POINT ( 'NONE', #1583 ) ;
#976 = CIRCLE ( 'NONE', #849, 1.700000000000000178 ) ;
#977 = CARTESIAN_POINT ( 'NONE',  ( -34.00000000000000000, 28.03626673554954252, -19.00000000000000355 ) ) ;
#978 = ORIENTED_EDGE ( 'NONE', *, *, #1483, .T. ) ;
#979 = AXIS2_PLACEMENT_3D ( 'NONE', #1371, #657, #1160 ) ;
#980 = AXIS2_PLACEMENT_3D ( 'NONE', #381, #1116, #12 ) ;
#981 = ADVANCED_FACE ( 'NONE', ( #931 ), #329, .F. ) ;
#982 = VERTEX_POINT ( 'NONE', #138 ) ;
#983 = CARTESIAN_POINT ( 'NONE',  ( 16.26345596729058585, -16.26345596729059650, -13.00000000000000355 ) ) ;
#984 = ORIENTED_EDGE ( 'NONE', *, *, #92, .T. ) ;
#985 = LINE ( 'NONE', #142, #470 ) ;
#986 = FACE_BOUND ( 'NONE', #167, .T. ) ;
#987 = DIRECTION ( 'NONE',  ( 0.000000000000000000, 0.000000000000000000, -1.000000000000000000 ) ) ;
#988 = CARTESIAN_POINT ( 'NONE',  ( -40.00000000000000000, 13.77660356514324036, -33.25966317040631282 ) ) ;
#989 = CC_DESIGN_PERSON_AND_ORGANIZATION_ASSIGNMENT ( #414, #895, ( #726 ) ) ;
#990 = ORIENTED_EDGE ( 'NONE', *, *, #394, .F. ) ;
#991 = DIRECTION ( 'NONE',  ( -0.000000000000000000, -0.000000000000000000, -1.000000000000000000 ) ) ;
#992 = ORIENTED_EDGE ( 'NONE', *, *, #661, .F. ) ;
#993 = DIRECTION ( 'NONE',  ( 0.000000000000000000, 0.000000000000000000, -1.000000000000000000 ) ) ;
#994 = DIRECTION ( 'NONE',  ( 0.000000000000000000, 0.000000000000000000, 1.000000000000000000 ) ) ;
#995 = ORIENTED_EDGE ( 'NONE', *, *, #1524, .T. ) ;
#996 = COORDINATED_UNIVERSAL_TIME_OFFSET ( 5, 30, .AHEAD. ) ;
#997 = ADVANCED_FACE ( 'NONE', ( #1489 ), #1235, .F. ) ;
#998 = ORIENTED_EDGE ( 'NONE', *, *, #1075, .F. ) ;
#999 = CARTESIAN_POINT ( 'NONE',  ( -34.00000000000000000, -17.32050807568877104, 11.70000000000000817 ) ) ;
#1000 = AXIS2_PLACEMENT_3D ( 'NONE', #165, #750, #276 ) ;
#1001 = DIRECTION ( 'NONE',  ( 0.000000000000000000, 0.000000000000000000, 1.000000000000000000 ) ) ;
#1002 = VECTOR ( 'NONE', #1267, 1000.000000000000000 ) ;
#1003 = FACE_OUTER_BOUND ( 'NONE', #199, .T. ) ;
#1004 = ORIENTED_EDGE ( 'NONE', *, *, #557, .T. ) ;
#1005 = AXIS2_PLACEMENT_3D ( 'NONE', #771, #1202, #1301 ) ;
#1006 = AXIS2_PLACEMENT_3D ( 'NONE', #1035, #1410, #317 ) ;
#1007 = ORIENTED_EDGE ( 'NONE', *, *, #1382, .T. ) ;
#1008 = SECURITY_CLASSIFICATION_LEVEL ( 'unclassified' ) ;
#1009 = ORIENTED_EDGE ( 'NONE', *, *, #958, .T. ) ;
#1010 = LINE ( 'NONE', #1263, #1081 ) ;
#1011 = CYLINDRICAL_SURFACE ( 'NONE', #1523, 1.700000000000000178 ) ;
#1012 = ORIENTED_EDGE ( 'NONE', *, *, #169, .F. ) ;
#1013 = DIRECTION ( 'NONE',  ( -1.000000000000000000, -0.000000000000000000, -0.000000000000000000 ) ) ;
#1014 = ORIENTED_EDGE ( 'NONE', *, *, #656, .F. ) ;
#1015 = MECHANICAL_CONTEXT ( 'NONE', #226, 'mechanical' ) ;
#1016 = VERTEX_POINT ( 'NONE', #1463 ) ;
#1017 = LINE ( 'NONE', #70, #1169 ) ;
#1018 = VERTEX_POINT ( 'NONE', #850 ) ;
#1019 = DIRECTION ( 'NONE',  ( 1.000000000000000000, 0.000000000000000000, 0.000000000000000000 ) ) ;
#1020 = DIRECTION ( 'NONE',  ( 0.000000000000000000, 0.000000000000000000, -1.000000000000000000 ) ) ;
#1021 = VERTEX_POINT ( 'NONE', #1364 ) ;
#1022 = DIRECTION ( 'NONE',  ( 0.000000000000000000, 0.000000000000000000, 1.000000000000000000 ) ) ;
#1023 = VERTEX_POINT ( 'NONE', #627 ) ;
#1024 = LINE ( 'NONE', #44, #880 ) ;
#1025 = ORIENTED_EDGE ( 'NONE', *, *, #1392, .F. ) ;
#1026 = ADVANCED_FACE ( 'NONE', ( #1120 ), #1474, .F. ) ;
#1027 = CARTESIAN_POINT ( 'NONE',  ( -34.00000000000000000, -17.32050807568877104, 8.300000000000009592 ) ) ;
#1028 = FACE_OUTER_BOUND ( 'NONE', #462, .T. ) ;
#1029 = CIRCLE ( 'NONE', #256, 7.000000000000000000 ) ;
#1030 = AXIS2_PLACEMENT_3D ( 'NONE', #1228, #145, #733 ) ;
#1031 = PERSON_AND_ORGANIZATION ( #595, #429 ) ;
#1032 = VERTEX_POINT ( 'NONE', #242 ) ;
#1033 = CIRCLE ( 'NONE', #527, 1.700000000000000178 ) ;
#1034 = LINE ( 'NONE', #529, #525 ) ;
#1035 = CARTESIAN_POINT ( 'NONE',  ( -34.00000000000000000, -33.25966317040631992, -13.77660356514322793 ) ) ;
#1036 = CYLINDRICAL_SURFACE ( 'NONE', #1494, 1.700000000000000178 ) ;
#1037 = CARTESIAN_POINT ( 'NONE',  ( -16.26345596729059650, -16.26345596729058940, -13.00000000000000355 ) ) ;
#1038 = EDGE_LOOP ( 'NONE', ( #170, #110, #701, #1256 ) ) ;
#1039 = ORIENTED_EDGE ( 'NONE', *, *, #1402, .T. ) ;
#1040 = DIRECTION ( 'NONE',  ( -0.000000000000000000, -0.000000000000000000, -1.000000000000000000 ) ) ;
#1041 = LINE ( 'NONE', #1282, #1050 ) ;
#1042 = CARTESIAN_POINT ( 'NONE',  ( -14.56345596729059011, 16.26345596729059295, -19.00000000000000355 ) ) ;
#1043 = EDGE_LOOP ( 'NONE', ( #245, #1241, #382, #1225 ) ) ;
#1044 = EDGE_CURVE ( 'NONE', #1170, #477, #423, .T. ) ;
#1045 = FACE_OUTER_BOUND ( 'NONE', #270, .T. ) ;
#1046 = DIRECTION ( 'NONE',  ( 0.000000000000000000, 0.000000000000000000, 1.000000000000000000 ) ) ;
#1047 = CARTESIAN_POINT ( 'NONE',  ( -34.00000000000000000, -32.00000000000000000, 0.000000000000000000 ) ) ;
#1048 = ORIENTED_EDGE ( 'NONE', *, *, #638, .T. ) ;
#1049 = VECTOR ( 'NONE', #1146, 1000.000000000000000 ) ;
#1050 = VECTOR ( 'NONE', #806, 1000.000000000000000 ) ;
#1051 = CIRCLE ( 'NONE', #694, 1.700000000000000178 ) ;
#1052 = AXIS2_PLACEMENT_3D ( 'NONE', #861, #1324, #1318 ) ;
#1053 = EDGE_LOOP ( 'NONE', ( #746, #1316 ) ) ;
#1054 = VECTOR ( 'NONE', #1255, 1000.000000000000000 ) ;
#1055 = CARTESIAN_POINT ( 'NONE',  ( 32.00000000000000000, -32.00000000000000000, -13.00000000000000355 ) ) ;
#1056 = VECTOR ( 'NONE', #1334, 1000.000000000000000 ) ;
#1057 = DIRECTION ( 'NONE',  ( -0.000000000000000000, -0.000000000000000000, -1.000000000000000000 ) ) ;
#1058 = DIRECTION ( 'NONE',  ( 0.000000000000000000, 0.000000000000000000, -1.000000000000000000 ) ) ;
#1059 = VERTEX_POINT ( 'NONE', #1257 ) ;
#1060 = DIRECTION ( 'NONE',  ( -1.000000000000000000, 0.000000000000000000, 0.000000000000000000 ) ) ;
#1061 = LINE ( 'NONE', #1574, #879 ) ;
#1062 = EDGE_LOOP ( 'NONE', ( #655, #1491, #284, #585 ) ) ;
#1063 = DIRECTION ( 'NONE',  ( 0.000000000000000000, -1.000000000000000000, 0.000000000000000000 ) ) ;
#1064 = CARTESIAN_POINT ( 'NONE',  ( -40.00000000000000000, -28.03626673554954252, -19.00000000000000355 ) ) ;
#1065 = EDGE_LOOP ( 'NONE', ( #855, #862, #407, #1180 ) ) ;
#1066 = EDGE_CURVE ( 'NONE', #603, #744, #1188, .T. ) ;
#1067 = DIRECTION ( 'NONE',  ( 0.000000000000000000, 0.000000000000000000, 1.000000000000000000 ) ) ;
#1068 = EDGE_CURVE ( 'NONE', #748, #1503, #749, .T. ) ;
#1069 = ORIENTED_EDGE ( 'NONE', *, *, #1131, .F. ) ;
#1070 = PLANE ( 'NONE',  #576 ) ;
#1071 = CARTESIAN_POINT ( 'NONE',  ( -40.00000000000000000, 33.25966317040631992, 13.77660356514323148 ) ) ;
#1072 = EDGE_CURVE ( 'NONE', #605, #1376, #1110, .T. ) ;
#1073 = DIRECTION ( 'NONE',  ( 0.000000000000000000, -1.000000000000000000, 0.000000000000000000 ) ) ;
#1074 = FACE_OUTER_BOUND ( 'NONE', #219, .T. ) ;
#1075 = EDGE_CURVE ( 'NONE', #1021, #1059, #344, .T. ) ;
#1076 = EDGE_CURVE ( 'NONE', #405, #649, #1269, .T. ) ;
#1077 = AXIS2_PLACEMENT_3D ( 'NONE', #295, #1019, #1405 ) ;
#1078 = VECTOR ( 'NONE', #1238, 1000.000000000000000 ) ;
#1079 = ORIENTED_EDGE ( 'NONE', *, *, #266, .F. ) ;
#1080 = CARTESIAN_POINT ( 'NONE',  ( 0.000000000000000000, 0.000000000000000000, -13.00000000000000355 ) ) ;
#1081 = VECTOR ( 'NONE', #892, 1000.000000000000000 ) ;
#1082 = ORIENTED_EDGE ( 'NONE', *, *, #1260, .F. ) ;
#1083 = VECTOR ( 'NONE', #424, 1000.000000000000000 ) ;
#1084 = CARTESIAN_POINT ( 'NONE',  ( -17.96345596729059935, -16.26345596729058940, -13.00000000000000355 ) ) ;
#1085 = CC_DESIGN_APPROVAL ( #18, ( #166 ) ) ;
#1086 = DIRECTION ( 'NONE',  ( 1.000000000000000000, 0.000000000000000000, 0.000000000000000000 ) ) ;
#1087 = ORIENTED_EDGE ( 'NONE', *, *, #738, .F. ) ;
#1088 = DIRECTION ( 'NONE',  ( -1.000000000000000000, -0.000000000000000000, -0.000000000000000000 ) ) ;
#1089 = VERTEX_POINT ( 'NONE', #384 ) ;
#1090 = CARTESIAN_POINT ( 'NONE',  ( 16.26345596729059295, 16.26345596729059295, -13.00000000000000355 ) ) ;
#1091 = ADVANCED_FACE ( 'NONE', ( #859 ), #486, .F. ) ;
#1092 = EDGE_LOOP ( 'NONE', ( #846, #1461, #1227, #240 ) ) ;
#1093 = DIRECTION ( 'NONE',  ( 0.000000000000000000, 1.000000000000000000, 2.518361608903234722E-16 ) ) ;
#1094 = DIRECTION ( 'NONE',  ( -0.000000000000000000, -0.000000000000000000, -1.000000000000000000 ) ) ;
#1095 = DIRECTION ( 'NONE',  ( 0.000000000000000000, -1.000000000000000000, 0.000000000000000000 ) ) ;
#1096 = VERTEX_POINT ( 'NONE', #249 ) ;
#1097 = DIRECTION ( 'NONE',  ( -0.000000000000000000, -0.000000000000000000, -1.000000000000000000 ) ) ;
#1098 = ORIENTED_EDGE ( 'NONE', *, *, #1244, .F. ) ;
#1099 = CARTESIAN_POINT ( 'NONE',  ( -34.00000000000000000, 28.03626673554954252, -19.00000000000000355 ) ) ;
#1100 = ADVANCED_FACE ( 'NONE', ( #1125 ), #26, .F. ) ;
#1101 = ORIENTED_EDGE ( 'NONE', *, *, #1476, .F. ) ;
#1102 = DIRECTION ( 'NONE',  ( 1.000000000000000000, 0.000000000000000000, 0.000000000000000000 ) ) ;
#1103 = DIRECTION ( 'NONE',  ( 1.000000000000000000, 0.000000000000000000, 0.000000000000000000 ) ) ;
#1104 = ORIENTED_EDGE ( 'NONE', *, *, #1311, .F. ) ;
#1105 = DIRECTION ( 'NONE',  ( 1.000000000000000000, 0.000000000000000000, 0.000000000000000000 ) ) ;
#1106 = ORIENTED_EDGE ( 'NONE', *, *, #61, .F. ) ;
#1107 = LINE ( 'NONE', #1481, #751 ) ;
#1108 = FACE_BOUND ( 'NONE', #370, .T. ) ;
#1109 = AXIS2_PLACEMENT_3D ( 'NONE', #815, #834, #1067 ) ;
#1110 = LINE ( 'NONE', #123, #495 ) ;
#1111 = CARTESIAN_POINT ( 'NONE',  ( -34.00000000000000000, 33.25966317040631992, -13.77660356514322260 ) ) ;
#1112 = VECTOR ( 'NONE', #1535, 1000.000000000000000 ) ;
#1113 = EDGE_CURVE ( 'NONE', #1555, #959, #878, .T. ) ;
#1114 = AXIS2_PLACEMENT_3D ( 'NONE', #1080, #729, #1568 ) ;
#1115 = ORIENTED_EDGE ( 'NONE', *, *, #813, .F. ) ;
#1116 = DIRECTION ( 'NONE',  ( -1.000000000000000000, -0.000000000000000000, -0.000000000000000000 ) ) ;
#1117 = ORIENTED_EDGE ( 'NONE', *, *, #465, .T. ) ;
#1118 = CARTESIAN_POINT ( 'NONE',  ( -37.79999999999999716, 0.000000000000000000, 15.15000000000000036 ) ) ;
#1119 = ORIENTED_EDGE ( 'NONE', *, *, #575, .F. ) ;
#1120 = FACE_OUTER_BOUND ( 'NONE', #148, .T. ) ;
#1121 = ORIENTED_EDGE ( 'NONE', *, *, #337, .F. ) ;
#1122 = VERTEX_POINT ( 'NONE', #888 ) ;
#1123 = DIRECTION ( 'NONE',  ( 0.000000000000000000, 0.000000000000000000, 1.000000000000000000 ) ) ;
#1124 = ORIENTED_EDGE ( 'NONE', *, *, #685, .T. ) ;
#1125 = FACE_OUTER_BOUND ( 'NONE', #195, .T. ) ;
#1126 = DIRECTION ( 'NONE',  ( 0.000000000000000000, 0.000000000000000000, 1.000000000000000000 ) ) ;
#1127 = PRODUCT_RELATED_PRODUCT_CATEGORY ( 'detail', '', ( #272 ) ) ;
#1128 = ORIENTED_EDGE ( 'NONE', *, *, #461, .T. ) ;
#1129 = MANIFOLD_SOLID_BREP ( 'Roll_Pilot_Recess', #339 ) ;
#1130 = PERSON_AND_ORGANIZATION ( #595, #429 ) ;
#1131 = EDGE_CURVE ( 'NONE', #328, #497, #186, .T. ) ;
#1132 = VERTEX_POINT ( 'NONE', #767 ) ;
#1133 = CARTESIAN_POINT ( 'NONE',  ( -40.00000000000000000, -33.25966317040631992, 13.77660356514323503 ) ) ;
#1134 = CARTESIAN_POINT ( 'NONE',  ( 14.56345596729059366, 16.26345596729059295, -13.00000000000000355 ) ) ;
#1135 = DIRECTION ( 'NONE',  ( 1.000000000000000000, 0.000000000000000000, 0.000000000000000000 ) ) ;
#1136 = FACE_BOUND ( 'NONE', #1184, .T. ) ;
#1137 = VECTOR ( 'NONE', #282, 1000.000000000000000 ) ;
#1138 = EDGE_LOOP ( 'NONE', ( #425, #260, #864, #513 ) ) ;
#1139 = DATE_AND_TIME ( #796, #1247 ) ;
#1140 = EDGE_CURVE ( 'NONE', #477, #1170, #261, .T. ) ;
#1141 = ORIENTED_EDGE ( 'NONE', *, *, #169, .T. ) ;
#1142 = CARTESIAN_POINT ( 'NONE',  ( -34.00000000000000000, 0.000000000000000000, 5.000000000000000000 ) ) ;
#1143 = CARTESIAN_POINT ( 'NONE',  ( -40.00000000000000000, 32.00000000000000000, -15.03626673554954429 ) ) ;
#1144 = ADVANCED_FACE ( 'NONE', ( #967 ), #418, .F. ) ;
#1145 = CARTESIAN_POINT ( 'NONE',  ( 14.56345596729058656, -16.26345596729059650, -19.00000000000000355 ) ) ;
#1146 = DIRECTION ( 'NONE',  ( -1.000000000000000000, -0.000000000000000000, -0.000000000000000000 ) ) ;
#1147 = DIRECTION ( 'NONE',  ( 0.000000000000000000, 0.000000000000000000, -1.000000000000000000 ) ) ;
#1148 = VERTEX_POINT ( 'NONE', #1145 ) ;
#1149 = ADVANCED_FACE ( 'NONE', ( #434 ), #532, .F. ) ;
#1150 = DATE_AND_TIME ( #21, #1502 ) ;
#1151 = VERTEX_POINT ( 'NONE', #666 ) ;
#1152 = CARTESIAN_POINT ( 'NONE',  ( 17.96345596729058869, -16.26345596729059650, -19.00000000000000355 ) ) ;
#1153 = EDGE_LOOP ( 'NONE', ( #544, #506 ) ) ;
#1154 = DIRECTION ( 'NONE',  ( -0.000000000000000000, -0.000000000000000000, -1.000000000000000000 ) ) ;
#1155 = EDGE_CURVE ( 'NONE', #814, #1032, #1530, .T. ) ;
#1156 = LINE ( 'NONE', #534, #182 ) ;
#1157 = ORIENTED_EDGE ( 'NONE', *, *, #691, .T. ) ;
#1158 = CALENDAR_DATE ( 2026, 24, 9 ) ;
#1159 = VERTEX_POINT ( 'NONE', #700 ) ;
#1160 = DIRECTION ( 'NONE',  ( 0.000000000000000000, 0.000000000000000000, -1.000000000000000000 ) ) ;
#1161 = ORIENTED_EDGE ( 'NONE', *, *, #1374, .T. ) ;
#1162 = CARTESIAN_POINT ( 'NONE',  ( -34.00000000000000000, -17.32050807568877104, 10.00000000000000888 ) ) ;
#1163 = CIRCLE ( 'NONE', #617, 1.700000000000000178 ) ;
#1164 = DIRECTION ( 'NONE',  ( 0.000000000000000000, -0.7071067811865473507, -0.7071067811865477948 ) ) ;
#1165 = ORIENTED_EDGE ( 'NONE', *, *, #1355, .T. ) ;
#1166 = VECTOR ( 'NONE', #1306, 1000.000000000000000 ) ;
#1167 = VECTOR ( 'NONE', #839, 1000.000000000000000 ) ;
#1168 = AXIS2_PLACEMENT_3D ( 'NONE', #16, #1135, #987 ) ;
#1169 = VECTOR ( 'NONE', #1385, 1000.000000000000000 ) ;
#1170 = VERTEX_POINT ( 'NONE', #579 ) ;
#1171 = FACE_OUTER_BOUND ( 'NONE', #175, .T. ) ;
#1172 = FACE_BOUND ( 'NONE', #1362, .T. ) ;
#1173 = DIRECTION ( 'NONE',  ( 0.000000000000000000, 1.000000000000000000, 0.000000000000000000 ) ) ;
#1174 = VERTEX_POINT ( 'NONE', #1325 ) ;
#1175 = EDGE_CURVE ( 'NONE', #334, #640, #1061, .T. ) ;
#1176 = EDGE_CURVE ( 'NONE', #748, #923, #1433, .T. ) ;
#1177 = CARTESIAN_POINT ( 'NONE',  ( -34.00000000000000000, -33.25966317040631992, -13.77660356514322793 ) ) ;
#1178 = DIRECTION ( 'NONE',  ( 0.000000000000000000, 0.000000000000000000, 1.000000000000000000 ) ) ;
#1179 = CYLINDRICAL_SURFACE ( 'NONE', #341, 15.15000000000000036 ) ;
#1180 = ORIENTED_EDGE ( 'NONE', *, *, #1044, .F. ) ;
#1181 = CARTESIAN_POINT ( 'NONE',  ( -34.00000000000000000, 17.32050807568877460, -10.00000000000000178 ) ) ;
#1182 = DIRECTION ( 'NONE',  ( 1.000000000000000000, 0.000000000000000000, -0.000000000000000000 ) ) ;
#1183 = DIRECTION ( 'NONE',  ( 0.000000000000000000, 0.000000000000000000, 1.000000000000000000 ) ) ;
#1184 = EDGE_LOOP ( 'NONE', ( #1189, #1009 ) ) ;
#1185 = LINE ( 'NONE', #209, #1335 ) ;
#1186 = AXIS2_PLACEMENT_3D ( 'NONE', #786, #1381, #1147 ) ;
#1187 = AXIS2_PLACEMENT_3D ( 'NONE', #122, #757, #993 ) ;
#1188 = CIRCLE ( 'NONE', #550, 1.700000000000000178 ) ;
#1189 = ORIENTED_EDGE ( 'NONE', *, *, #830, .T. ) ;
#1190 = AXIS2_PLACEMENT_3D ( 'NONE', #1516, #433, #1498 ) ;
#1191 = EDGE_CURVE ( 'NONE', #1096, #201, #933, .T. ) ;
#1192 = CARTESIAN_POINT ( 'NONE',  ( -34.00000000000000000, 17.32050807568877460, 11.69999999999999574 ) ) ;
#1193 = CARTESIAN_POINT ( 'NONE',  ( -40.00000000000000000, -17.32050807568877460, -8.300000000000002487 ) ) ;
#1194 = ADVANCED_FACE ( 'NONE', ( #359, #758 ), #143, .F. ) ;
#1195 = CARTESIAN_POINT ( 'NONE',  ( -40.00000000000000000, 1.374772708486753814, -19.00000000000000355 ) ) ;
#1196 = ADVANCED_FACE ( 'NONE', ( #1220, #114, #1581, #1108, #500, #986, #1171 ), #1280, .T. ) ;
#1197 = EDGE_LOOP ( 'NONE', ( #293, #601, #1307, #697 ) ) ;
#1198 = LINE ( 'NONE', #686, #36 ) ;
#1199 = EDGE_CURVE ( 'NONE', #637, #1096, #1024, .T. ) ;
#1200 = DIRECTION ( 'NONE',  ( -0.000000000000000000, 0.000000000000000000, -1.000000000000000000 ) ) ;
#1201 = ORIENTED_EDGE ( 'NONE', *, *, #1430, .T. ) ;
#1202 = DIRECTION ( 'NONE',  ( 0.000000000000000000, 0.000000000000000000, 1.000000000000000000 ) ) ;
#1203 = ADVANCED_FACE ( 'NONE', ( #674 ), #1011, .F. ) ;
#1204 = DIRECTION ( 'NONE',  ( -1.000000000000000000, -0.000000000000000000, -0.000000000000000000 ) ) ;
#1205 = VERTEX_POINT ( 'NONE', #897 ) ;
#1206 = DIRECTION ( 'NONE',  ( -1.000000000000000000, -0.000000000000000000, -0.000000000000000000 ) ) ;
#1207 = ORIENTED_EDGE ( 'NONE', *, *, #648, .T. ) ;
#1208 = LINE ( 'NONE', #1084, #1416 ) ;
#1209 = VERTEX_POINT ( 'NONE', #303 ) ;
#1210 = CARTESIAN_POINT ( 'NONE',  ( -40.00000000000000000, -17.32050807568877104, 11.70000000000000817 ) ) ;
#1211 = DIRECTION ( 'NONE',  ( 0.000000000000000000, -0.000000000000000000, -1.000000000000000000 ) ) ;
#1212 = CIRCLE ( 'NONE', #1077, 15.15000000000000036 ) ;
#1213 = CIRCLE ( 'NONE', #108, 1.700000000000000178 ) ;
#1214 = ORIENTED_EDGE ( 'NONE', *, *, #1259, .T. ) ;
#1215 = CYLINDRICAL_SURFACE ( 'NONE', #980, 1.700000000000000178 ) ;
#1216 = VECTOR ( 'NONE', #1060, 1000.000000000000000 ) ;
#1217 = ORIENTED_EDGE ( 'NONE', *, *, #1310, .T. ) ;
#1218 = AXIS2_PLACEMENT_3D ( 'NONE', #1403, #784, #551 ) ;
#1219 = CARTESIAN_POINT ( 'NONE',  ( 14.56345596729059366, 16.26345596729059295, -13.00000000000000355 ) ) ;
#1220 = FACE_BOUND ( 'NONE', #1053, .T. ) ;
#1221 = VERTEX_POINT ( 'NONE', #1143 ) ;
#1222 = CARTESIAN_POINT ( 'NONE',  ( -16.26345596729058940, 16.26345596729059295, -19.00000000000000355 ) ) ;
#1223 = CARTESIAN_POINT ( 'NONE',  ( -40.00000000000000000, -17.32050807568877460, -11.70000000000000284 ) ) ;
#1224 = EDGE_CURVE ( 'NONE', #961, #626, #826, .T. ) ;
#1225 = ORIENTED_EDGE ( 'NONE', *, *, #902, .T. ) ;
#1226 = DIRECTION ( 'NONE',  ( -1.000000000000000000, 0.000000000000000000, -0.000000000000000000 ) ) ;
#1227 = ORIENTED_EDGE ( 'NONE', *, *, #1374, .F. ) ;
#1228 = CARTESIAN_POINT ( 'NONE',  ( -40.00000000000000000, 17.32050807568877460, 9.999999999999994671 ) ) ;
#1229 = LINE ( 'NONE', #310, #1049 ) ;
#1230 = DIRECTION ( 'NONE',  ( 1.000000000000000000, 0.000000000000000000, 0.000000000000000000 ) ) ;
#1231 = EDGE_LOOP ( 'NONE', ( #11, #1157 ) ) ;
#1232 = LINE ( 'NONE', #837, #211 ) ;
#1233 = EDGE_CURVE ( 'NONE', #482, #794, #151, .T. ) ;
#1234 = DIRECTION ( 'NONE',  ( 1.000000000000000000, 0.000000000000000000, 0.000000000000000000 ) ) ;
#1235 = CYLINDRICAL_SURFACE ( 'NONE', #33, 1.700000000000000178 ) ;
#1236 = VERTEX_POINT ( 'NONE', #1152 ) ;
#1237 = CARTESIAN_POINT ( 'NONE',  ( -40.00000000000000000, 33.25966317040631992, -13.77660356514322260 ) ) ;
#1238 = DIRECTION ( 'NONE',  ( -1.000000000000000000, -0.000000000000000000, -0.000000000000000000 ) ) ;
#1239 = EDGE_CURVE ( 'NONE', #1558, #1587, #926, .T. ) ;
#1240 = AXIS2_PLACEMENT_3D ( 'NONE', #187, #1154, #53 ) ;
#1241 = ORIENTED_EDGE ( 'NONE', *, *, #318, .F. ) ;
#1242 = CIRCLE ( 'NONE', #1444, 1.700000000000000178 ) ;
#1243 = DIRECTION ( 'NONE',  ( 0.000000000000000000, -0.7071067811865475727, -0.7071067811865475727 ) ) ;
#1244 = EDGE_CURVE ( 'NONE', #961, #1384, #1017, .T. ) ;
#1245 = PLANE ( 'NONE',  #1000 ) ;
#1246 = AXIS2_PLACEMENT_3D ( 'NONE', #338, #220, #1559 ) ;
#1247 = LOCAL_TIME ( 11, 9, 39.00000000000000000, #996 ) ;
#1248 = VERTEX_POINT ( 'NONE', #642 ) ;
#1249 = FACE_BOUND ( 'NONE', #612, .T. ) ;
#1250 = EDGE_CURVE ( 'NONE', #105, #360, #34, .T. ) ;
#1251 = EDGE_LOOP ( 'NONE', ( #1478, #1576 ) ) ;
#1252 = CARTESIAN_POINT ( 'NONE',  ( -14.56345596729059721, -16.26345596729058940, -13.00000000000000355 ) ) ;
#1253 = DIRECTION ( 'NONE',  ( -1.000000000000000000, 0.000000000000000000, 0.000000000000000000 ) ) ;
#1254 = CARTESIAN_POINT ( 'NONE',  ( -34.00000000000000000, -32.00000000000000000, -15.03626673554954962 ) ) ;
#1255 = DIRECTION ( 'NONE',  ( -0.000000000000000000, -0.000000000000000000, -1.000000000000000000 ) ) ;
#1256 = ORIENTED_EDGE ( 'NONE', *, *, #1402, .F. ) ;
#1257 = CARTESIAN_POINT ( 'NONE',  ( -40.00000000000000000, 17.32050807568877460, -8.300000000000002487 ) ) ;
#1258 = CARTESIAN_POINT ( 'NONE',  ( -40.00000000000000000, 33.25966317040631992, 13.77660356514323148 ) ) ;
#1259 = EDGE_CURVE ( 'NONE', #1248, #1359, #1275, .T. ) ;
#1260 = EDGE_CURVE ( 'NONE', #20, #1018, #651, .T. ) ;
#1261 = APPROVAL_ROLE ( '' ) ;
#1262 = ORIENTED_EDGE ( 'NONE', *, *, #575, .T. ) ;
#1263 = CARTESIAN_POINT ( 'NONE',  ( -34.00000000000000000, -17.32050807568877104, 8.300000000000009592 ) ) ;
#1264 = DIRECTION ( 'NONE',  ( 0.000000000000000000, 0.000000000000000000, 1.000000000000000000 ) ) ;
#1265 = DIRECTION ( 'NONE',  ( -1.000000000000000000, -0.000000000000000000, -0.000000000000000000 ) ) ;
#1266 = VECTOR ( 'NONE', #1093, 1000.000000000000000 ) ;
#1267 = DIRECTION ( 'NONE',  ( 0.000000000000000000, -0.7071067811865474617, 0.7071067811865475727 ) ) ;
#1268 = CARTESIAN_POINT ( 'NONE',  ( -40.00000000000000000, 2.449293598294706513E-15, 20.00000000000000000 ) ) ;
#1269 = CIRCLE ( 'NONE', #1168, 1.700000000000000178 ) ;
#1270 = ADVANCED_FACE ( 'NONE', ( #401 ), #538, .F. ) ;
#1271 = VECTOR ( 'NONE', #940, 1000.000000000000000 ) ;
#1272 = ORIENTED_EDGE ( 'NONE', *, *, #337, .T. ) ;
#1273 = EDGE_CURVE ( 'NONE', #975, #923, #1291, .T. ) ;
#1274 = VERTEX_POINT ( 'NONE', #1285 ) ;
#1275 = LINE ( 'NONE', #171, #476 ) ;
#1276 = CARTESIAN_POINT ( 'NONE',  ( -40.00000000000000000, 0.000000000000000000, 0.000000000000000000 ) ) ;
#1277 = PLANE ( 'NONE',  #1387 ) ;
#1278 = VERTEX_POINT ( 'NONE', #664 ) ;
#1279 = EDGE_CURVE ( 'NONE', #890, #1384, #952, .T. ) ;
#1280 = PLANE ( 'NONE',  #189 ) ;
#1281 = ORIENTED_EDGE ( 'NONE', *, *, #1224, .T. ) ;
#1282 = CARTESIAN_POINT ( 'NONE',  ( -40.00000000000000000, 32.00000000000000000, -19.00000000000000355 ) ) ;
#1283 = PLANE ( 'NONE',  #1309 ) ;
#1284 = ORIENTED_EDGE ( 'NONE', *, *, #947, .F. ) ;
#1285 = CARTESIAN_POINT ( 'NONE',  ( -17.96345596729059224, 16.26345596729059295, -19.00000000000000355 ) ) ;
#1286 = FACE_BOUND ( 'NONE', #1356, .T. ) ;
#1287 = DIRECTION ( 'NONE',  ( 0.000000000000000000, -0.7071067811865477948, 0.7071067811865473507 ) ) ;
#1288 = ORIENTED_EDGE ( 'NONE', *, *, #1140, .T. ) ;
#1289 = CIRCLE ( 'NONE', #619, 1.700000000000000178 ) ;
#1290 = CIRCLE ( 'NONE', #925, 1.700000000000000178 ) ;
#1291 = CIRCLE ( 'NONE', #1218, 1.700000000000000178 ) ;
#1292 = CARTESIAN_POINT ( 'NONE',  ( -34.00000000000000000, -17.32050807568877104, 10.00000000000000888 ) ) ;
#1293 = DIRECTION ( 'NONE',  ( 0.000000000000000000, 0.000000000000000000, 1.000000000000000000 ) ) ;
#1294 = DIRECTION ( 'NONE',  ( -1.000000000000000000, 0.000000000000000000, 0.000000000000000000 ) ) ;
#1295 = ORIENTED_EDGE ( 'NONE', *, *, #1539, .T. ) ;
#1296 = DESIGN_CONTEXT ( 'detailed design', #296, 'design' ) ;
#1297 = DIRECTION ( 'NONE',  ( 0.000000000000000000, 0.000000000000000000, 1.000000000000000000 ) ) ;
#1298 = CARTESIAN_POINT ( 'NONE',  ( -14.56345596729059011, 16.26345596729059295, -13.00000000000000355 ) ) ;
#1299 = LINE ( 'NONE', #1521, #313 ) ;
#1300 = ORIENTED_EDGE ( 'NONE', *, *, #1233, .F. ) ;
#1301 = DIRECTION ( 'NONE',  ( 1.000000000000000000, 0.000000000000000000, 0.000000000000000000 ) ) ;
#1302 = EDGE_CURVE ( 'NONE', #963, #814, #163, .T. ) ;
#1303 = ORIENTED_EDGE ( 'NONE', *, *, #1199, .F. ) ;
#1304 = DIRECTION ( 'NONE',  ( -0.000000000000000000, -0.000000000000000000, -1.000000000000000000 ) ) ;
#1305 = LINE ( 'NONE', #204, #645 ) ;
#1306 = DIRECTION ( 'NONE',  ( -0.000000000000000000, -0.000000000000000000, -1.000000000000000000 ) ) ;
#1307 = ORIENTED_EDGE ( 'NONE', *, *, #1233, .T. ) ;
#1308 = CARTESIAN_POINT ( 'NONE',  ( -34.00000000000000000, -17.32050807568877460, -10.00000000000000178 ) ) ;
#1309 = AXIS2_PLACEMENT_3D ( 'NONE', #194, #1287, #1164 ) ;
#1310 = EDGE_CURVE ( 'NONE', #497, #959, #1529, .T. ) ;
#1311 = EDGE_CURVE ( 'NONE', #1221, #1538, #1034, .T. ) ;
#1312 = VECTOR ( 'NONE', #225, 1000.000000000000000 ) ;
#1313 = CYLINDRICAL_SURFACE ( 'NONE', #426, 1.700000000000000178 ) ;
#1314 = LOCAL_TIME ( 11, 9, 39.00000000000000000, #156 ) ;
#1315 = DIRECTION ( 'NONE',  ( -0.000000000000000000, -0.000000000000000000, -1.000000000000000000 ) ) ;
#1316 = ORIENTED_EDGE ( 'NONE', *, *, #1302, .F. ) ;
#1317 = DIRECTION ( 'NONE',  ( -1.000000000000000000, 0.000000000000000000, 0.000000000000000000 ) ) ;
#1318 = DIRECTION ( 'NONE',  ( 0.000000000000000000, 0.000000000000000000, 1.000000000000000000 ) ) ;
#1319 = EDGE_LOOP ( 'NONE', ( #238, #227, #672, #1333 ) ) ;
#1320 = LINE ( 'NONE', #1192, #782 ) ;
#1321 = EDGE_LOOP ( 'NONE', ( #992, #162, #35, #73 ) ) ;
#1322 = DIRECTION ( 'NONE',  ( 0.000000000000000000, -1.000000000000000000, 0.000000000000000000 ) ) ;
#1323 = CARTESIAN_POINT ( 'NONE',  ( -34.00000000000000000, 13.77660356514323325, 33.25966317040631992 ) ) ;
#1324 = DIRECTION ( 'NONE',  ( -1.000000000000000000, -0.000000000000000000, -0.000000000000000000 ) ) ;
#1325 = CARTESIAN_POINT ( 'NONE',  ( -40.00000000000000000, 0.000000000000000000, 15.15000000000000036 ) ) ;
#1326 = ORIENTED_EDGE ( 'NONE', *, *, #1072, .T. ) ;
#1327 = LINE ( 'NONE', #1486, #1056 ) ;
#1328 = LINE ( 'NONE', #103, #494 ) ;
#1329 = CARTESIAN_POINT ( 'NONE',  ( 32.00000000000000000, -32.00000000000000000, -13.00000000000000355 ) ) ;
#1330 = DIRECTION ( 'NONE',  ( -0.000000000000000000, -0.000000000000000000, -1.000000000000000000 ) ) ;
#1331 = ADVANCED_FACE ( 'NONE', ( #1380 ), #283, .F. ) ;
#1332 = VECTOR ( 'NONE', #1057, 1000.000000000000000 ) ;
#1333 = ORIENTED_EDGE ( 'NONE', *, *, #1423, .F. ) ;
#1334 = DIRECTION ( 'NONE',  ( 0.000000000000000000, 0.7071067811865476838, -0.7071067811865474617 ) ) ;
#1335 = VECTOR ( 'NONE', #106, 1000.000000000000000 ) ;
#1336 = AXIS2_PLACEMENT_3D ( 'NONE', #867, #390, #152 ) ;
#1337 = DIRECTION ( 'NONE',  ( -0.000000000000000000, -0.000000000000000000, -1.000000000000000000 ) ) ;
#1338 = CARTESIAN_POINT ( 'NONE',  ( -40.00000000000000000, 17.32050807568877460, -10.00000000000000178 ) ) ;
#1339 = ORIENTED_EDGE ( 'NONE', *, *, #253, .F. ) ;
#1340 = EDGE_CURVE ( 'NONE', #1089, #537, #1418, .T. ) ;
#1341 = ORIENTED_EDGE ( 'NONE', *, *, #461, .F. ) ;
#1342 = FACE_OUTER_BOUND ( 'NONE', #347, .T. ) ;
#1343 = ORIENTED_EDGE ( 'NONE', *, *, #860, .T. ) ;
#1344 = DIRECTION ( 'NONE',  ( 0.000000000000000000, 0.000000000000000000, -1.000000000000000000 ) ) ;
#1345 = ORIENTED_EDGE ( 'NONE', *, *, #52, .F. ) ;
#1346 = DIRECTION ( 'NONE',  ( 0.000000000000000000, 0.7071067811865474617, -0.7071067811865474617 ) ) ;
#1347 = ORIENTED_EDGE ( 'NONE', *, *, #243, .T. ) ;
#1348 = ADVANCED_FACE ( 'NONE', ( #1045 ), #1070, .F. ) ;
#1349 = ORIENTED_EDGE ( 'NONE', *, *, #1457, .F. ) ;
#1350 = CARTESIAN_POINT ( 'NONE',  ( -34.00000000000000000, 6.123233995736766282E-16, -5.000000000000000000 ) ) ;
#1351 = ORIENTED_EDGE ( 'NONE', *, *, #548, .F. ) ;
#1352 = DIRECTION ( 'NONE',  ( -1.000000000000000000, -0.000000000000000000, -0.000000000000000000 ) ) ;
#1353 = CARTESIAN_POINT ( 'NONE',  ( 16.26345596729059295, 16.26345596729059295, -13.00000000000000355 ) ) ;
#1354 = DIRECTION ( 'NONE',  ( 0.000000000000000000, 0.000000000000000000, -1.000000000000000000 ) ) ;
#1355 = EDGE_CURVE ( 'NONE', #488, #975, #1447, .T. ) ;
#1356 = EDGE_LOOP ( 'NONE', ( #665, #1472 ) ) ;
#1357 = AXIS2_PLACEMENT_3D ( 'NONE', #1399, #450, #1421 ) ;
#1358 = LINE ( 'NONE', #505, #1546 ) ;
#1359 = VERTEX_POINT ( 'NONE', #348 ) ;
#1360 = LINE ( 'NONE', #1252, #646 ) ;
#1361 = VECTOR ( 'NONE', #271, 1000.000000000000000 ) ;
#1362 = EDGE_LOOP ( 'NONE', ( #1262, #1511 ) ) ;
#1363 = AXIS2_PLACEMENT_3D ( 'NONE', #275, #1243, #1346 ) ;
#1364 = CARTESIAN_POINT ( 'NONE',  ( -40.00000000000000000, 17.32050807568877460, -11.70000000000000284 ) ) ;
#1365 = FACE_OUTER_BOUND ( 'NONE', #563, .T. ) ;
#1366 = AXIS2_PLACEMENT_3D ( 'NONE', #1409, #564, #446 ) ;
#1367 = ORIENTED_EDGE ( 'NONE', *, *, #1412, .F. ) ;
#1368 = APPROVAL_STATUS ( 'not_yet_approved' ) ;
#1369 = VERTEX_POINT ( 'NONE', #1055 ) ;
#1370 = DIRECTION ( 'NONE',  ( -1.000000000000000000, 0.000000000000000000, 0.000000000000000000 ) ) ;
#1371 = CARTESIAN_POINT ( 'NONE',  ( -40.00000000000000000, 2.449293598294706513E-15, 20.00000000000000000 ) ) ;
#1372 = ORIENTED_EDGE ( 'NONE', *, *, #972, .F. ) ;
#1373 = CARTESIAN_POINT ( 'NONE',  ( -34.00000000000000000, 2.449293598294706513E-15, 20.00000000000000000 ) ) ;
#1374 = EDGE_CURVE ( 'NONE', #1032, #1132, #237, .T. ) ;
#1375 = FACE_BOUND ( 'NONE', #541, .T. ) ;
#1376 = VERTEX_POINT ( 'NONE', #681 ) ;
#1377 = APPROVAL_ROLE ( '' ) ;
#1378 = ORIENTED_EDGE ( 'NONE', *, *, #557, .F. ) ;
#1379 = DIRECTION ( 'NONE',  ( 0.000000000000000000, 0.000000000000000000, -1.000000000000000000 ) ) ;
#1380 = FACE_OUTER_BOUND ( 'NONE', #1197, .T. ) ;
#1381 = DIRECTION ( 'NONE',  ( 1.000000000000000000, 0.000000000000000000, 0.000000000000000000 ) ) ;
#1382 = EDGE_CURVE ( 'NONE', #709, #1538, #1198, .T. ) ;
#1383 = APPLICATION_PROTOCOL_DEFINITION ( 'international standard', 'config_control_design', 1994, #296 ) ;
#1384 = VERTEX_POINT ( 'NONE', #817 ) ;
#1385 = DIRECTION ( 'NONE',  ( -1.000000000000000000, -0.000000000000000000, -0.000000000000000000 ) ) ;
#1386 = ORIENTED_EDGE ( 'NONE', *, *, #1407, .T. ) ;
#1387 = AXIS2_PLACEMENT_3D ( 'NONE', #27, #37, #519 ) ;
#1388 = FACE_BOUND ( 'NONE', #499, .T. ) ;
#1389 = CARTESIAN_POINT ( 'NONE',  ( -34.00000000000000000, 32.00000000000000000, -13.00000000000000355 ) ) ;
#1390 = VECTOR ( 'NONE', #1304, 1000.000000000000000 ) ;
#1391 = VECTOR ( 'NONE', #1548, 1000.000000000000000 ) ;
#1392 = EDGE_CURVE ( 'NONE', #1122, #1248, #804, .T. ) ;
#1393 = ORIENTED_EDGE ( 'NONE', *, *, #648, .F. ) ;
#1394 = COORDINATED_UNIVERSAL_TIME_OFFSET ( 5, 30, .AHEAD. ) ;
#1395 = ORIENTED_EDGE ( 'NONE', *, *, #235, .F. ) ;
#1396 = DIRECTION ( 'NONE',  ( 0.000000000000000000, 0.000000000000000000, -1.000000000000000000 ) ) ;
#1397 = VERTEX_POINT ( 'NONE', #459 ) ;
#1398 = DIRECTION ( 'NONE',  ( 0.000000000000000000, 0.7071067811865476838, -0.7071067811865474617 ) ) ;
#1399 = CARTESIAN_POINT ( 'NONE',  ( -34.00000000000000000, -17.32050807568877460, -10.00000000000000178 ) ) ;
#1400 = ADVANCED_BREP_SHAPE_REPRESENTATION ( 'JX1_ShoulderRollBracket_L', ( #1129, #403 ), #1569 ) ;
#1401 = PERSON_AND_ORGANIZATION ( #595, #429 ) ;
#1402 = EDGE_CURVE ( 'NONE', #1376, #637, #949, .T. ) ;
#1403 = CARTESIAN_POINT ( 'NONE',  ( -34.00000000000000000, 0.000000000000000000, -20.00000000000000000 ) ) ;
#1404 = ADVANCED_FACE ( 'NONE', ( #1419 ), #102, .F. ) ;
#1405 = DIRECTION ( 'NONE',  ( 0.000000000000000000, 0.000000000000000000, -1.000000000000000000 ) ) ;
#1406 = ORIENTED_EDGE ( 'NONE', *, *, #738, .T. ) ;
#1407 = EDGE_CURVE ( 'NONE', #89, #791, #934, .T. ) ;
#1408 = CC_DESIGN_PERSON_AND_ORGANIZATION_ASSIGNMENT ( #1401, #289, ( #111 ) ) ;
#1409 = CARTESIAN_POINT ( 'NONE',  ( 16.26345596729059295, 16.26345596729059295, -19.00000000000000355 ) ) ;
#1410 = DIRECTION ( 'NONE',  ( -0.000000000000000000, 0.7071067811865474617, 0.7071067811865476838 ) ) ;
#1411 = DIRECTION ( 'NONE',  ( 0.000000000000000000, 0.000000000000000000, 1.000000000000000000 ) ) ;
#1412 = EDGE_CURVE ( 'NONE', #982, #477, #1320, .T. ) ;
#1413 = CIRCLE ( 'NONE', #421, 5.000000000000000000 ) ;
#1414 = DIRECTION ( 'NONE',  ( 0.000000000000000000, 0.000000000000000000, -1.000000000000000000 ) ) ;
#1415 = ORIENTED_EDGE ( 'NONE', *, *, #1279, .F. ) ;
#1416 = VECTOR ( 'NONE', #1315, 1000.000000000000000 ) ;
#1417 = VECTOR ( 'NONE', #609, 1000.000000000000000 ) ;
#1418 = CIRCLE ( 'NONE', #1246, 1.700000000000000178 ) ;
#1419 = FACE_OUTER_BOUND ( 'NONE', #1438, .T. ) ;
#1420 = LINE ( 'NONE', #775, #1002 ) ;
#1421 = DIRECTION ( 'NONE',  ( 0.000000000000000000, 0.000000000000000000, -1.000000000000000000 ) ) ;
#1422 = ORIENTED_EDGE ( 'NONE', *, *, #1425, .F. ) ;
#1423 = EDGE_CURVE ( 'NONE', #537, #1274, #315, .T. ) ;
#1424 = CARTESIAN_POINT ( 'NONE',  ( -37.79999999999999716, 0.000000000000000000, 0.000000000000000000 ) ) ;
#1425 = EDGE_CURVE ( 'NONE', #937, #488, #325, .T. ) ;
#1426 = ORIENTED_EDGE ( 'NONE', *, *, #1075, .T. ) ;
#1427 = CARTESIAN_POINT ( 'NONE',  ( -40.00000000000000000, -13.77660356514322970, 33.25966317040631992 ) ) ;
#1428 = DIRECTION ( 'NONE',  ( 0.000000000000000000, 0.000000000000000000, -1.000000000000000000 ) ) ;
#1429 = DIRECTION ( 'NONE',  ( 0.000000000000000000, 0.000000000000000000, 1.000000000000000000 ) ) ;
#1430 = EDGE_CURVE ( 'NONE', #603, #1059, #439, .T. ) ;
#1431 = EDGE_LOOP ( 'NONE', ( #1117, #458 ) ) ;
#1432 = DIRECTION ( 'NONE',  ( -0.000000000000000000, -0.000000000000000000, -1.000000000000000000 ) ) ;
#1433 = LINE ( 'NONE', #943, #1312 ) ;
#1434 = ADVANCED_FACE ( 'NONE', ( #582 ), #1313, .F. ) ;
#1435 = ORIENTED_EDGE ( 'NONE', *, *, #1175, .T. ) ;
#1436 = CARTESIAN_POINT ( 'NONE',  ( -37.79999999999999716, 0.000000000000000000, 0.000000000000000000 ) ) ;
#1437 = DIRECTION ( 'NONE',  ( 1.000000000000000000, 0.000000000000000000, 0.000000000000000000 ) ) ;
#1438 = EDGE_LOOP ( 'NONE', ( #28, #973, #1119, #802 ) ) ;
#1439 = FACE_OUTER_BOUND ( 'NONE', #466, .T. ) ;
#1440 = AXIS2_PLACEMENT_3D ( 'NONE', #842, #1204, #725 ) ;
#1441 = CARTESIAN_POINT ( 'NONE',  ( -37.79999999999999716, 1.855339900708240019E-15, -15.15000000000000036 ) ) ;
#1442 = AXIS2_PLACEMENT_3D ( 'NONE', #311, #678, #1058 ) ;
#1443 = AXIS2_PLACEMENT_3D ( 'NONE', #1560, #941, #1437 ) ;
#1444 = AXIS2_PLACEMENT_3D ( 'NONE', #731, #858, #1344 ) ;
#1445 = ORIENTED_EDGE ( 'NONE', *, *, #221, .F. ) ;
#1446 = AXIS2_PLACEMENT_3D ( 'NONE', #1353, #364, #1482 ) ;
#1447 = LINE ( 'NONE', #1553, #727 ) ;
#1448 = AXIS2_PLACEMENT_3D ( 'NONE', #1090, #1097, #489 ) ;
#1449 = LINE ( 'NONE', #960, #1332 ) ;
#1450 = DIRECTION ( 'NONE',  ( -1.000000000000000000, -0.000000000000000000, -0.000000000000000000 ) ) ;
#1451 = EDGE_LOOP ( 'NONE', ( #1570, #373, #154, #300 ) ) ;
#1452 = EDGE_CURVE ( 'NONE', #1221, #360, #213, .T. ) ;
#1453 = ORIENTED_EDGE ( 'NONE', *, *, #675, .T. ) ;
#1454 = DIRECTION ( 'NONE',  ( 0.000000000000000000, 0.000000000000000000, -1.000000000000000000 ) ) ;
#1455 = ORIENTED_EDGE ( 'NONE', *, *, #368, .T. ) ;
#1456 = LINE ( 'NONE', #214, #1167 ) ;
#1457 = EDGE_CURVE ( 'NONE', #959, #1555, #67, .T. ) ;
#1458 = FACE_OUTER_BOUND ( 'NONE', #756, .T. ) ;
#1459 = ORIENTED_EDGE ( 'NONE', *, *, #176, .T. ) ;
#1460 = LINE ( 'NONE', #1350, #9 ) ;
#1461 = ORIENTED_EDGE ( 'NONE', *, *, #1513, .T. ) ;
#1462 = CARTESIAN_POINT ( 'NONE',  ( -40.00000000000000000, -33.25966317040631992, -13.77660356514322793 ) ) ;
#1463 = CARTESIAN_POINT ( 'NONE',  ( -34.00000000000000000, 17.32050807568877460, 8.299999999999995381 ) ) ;
#1464 = LINE ( 'NONE', #366, #1562 ) ;
#1465 = VECTOR ( 'NONE', #469, 1000.000000000000000 ) ;
#1466 = ORIENTED_EDGE ( 'NONE', *, *, #766, .F. ) ;
#1467 = DIRECTION ( 'NONE',  ( -1.000000000000000000, -0.000000000000000000, -0.000000000000000000 ) ) ;
#1468 = AXIS2_PLACEMENT_3D ( 'NONE', #588, #1450, #953 ) ;
#1469 = ORIENTED_EDGE ( 'NONE', *, *, #600, .T. ) ;
#1470 = AXIS2_PLACEMENT_3D ( 'NONE', #1292, #90, #831 ) ;
#1471 = LINE ( 'NONE', #1488, #1078 ) ;
#1472 = ORIENTED_EDGE ( 'NONE', *, *, #1425, .T. ) ;
#1473 = CC_DESIGN_APPROVAL ( #1575, ( #111 ) ) ;
#1474 = PLANE ( 'NONE',  #522 ) ;
#1475 = ORIENTED_EDGE ( 'NONE', *, *, #947, .T. ) ;
#1476 = EDGE_CURVE ( 'NONE', #126, #1236, #1540, .T. ) ;
#1477 = ADVANCED_FACE ( 'NONE', ( #613 ), #602, .F. ) ;
#1478 = ORIENTED_EDGE ( 'NONE', *, *, #562, .F. ) ;
#1479 = DIRECTION ( 'NONE',  ( 1.000000000000000000, 0.000000000000000000, 0.000000000000000000 ) ) ;
#1480 = ORIENTED_EDGE ( 'NONE', *, *, #1457, .T. ) ;
#1481 = CARTESIAN_POINT ( 'NONE',  ( -34.00000000000000000, 33.25966317040631992, -13.77660356514322260 ) ) ;
#1482 = DIRECTION ( 'NONE',  ( 1.000000000000000000, 0.000000000000000000, 0.000000000000000000 ) ) ;
#1483 = EDGE_CURVE ( 'NONE', #1209, #20, #137, .T. ) ;
#1484 = LINE ( 'NONE', #868, #107 ) ;
#1485 = ORIENTED_EDGE ( 'NONE', *, *, #1565, .F. ) ;
#1486 = CARTESIAN_POINT ( 'NONE',  ( -34.00000000000000000, -33.25966317040631992, -13.77660356514322793 ) ) ;
#1487 = ORIENTED_EDGE ( 'NONE', *, *, #510, .F. ) ;
#1488 = CARTESIAN_POINT ( 'NONE',  ( -34.00000000000000000, 33.25966317040631992, 13.77660356514323148 ) ) ;
#1489 = FACE_OUTER_BOUND ( 'NONE', #1062, .T. ) ;
#1490 = FACE_BOUND ( 'NONE', #1431, .T. ) ;
#1491 = ORIENTED_EDGE ( 'NONE', *, *, #1340, .T. ) ;
#1492 = VECTOR ( 'NONE', #776, 1000.000000000000000 ) ;
#1493 = EDGE_CURVE ( 'NONE', #126, #112, #1033, .T. ) ;
#1494 = AXIS2_PLACEMENT_3D ( 'NONE', #1162, #71, #1293 ) ;
#1495 = ORIENTED_EDGE ( 'NONE', *, *, #457, .T. ) ;
#1496 = FACE_OUTER_BOUND ( 'NONE', #1321, .T. ) ;
#1497 = AXIS2_PLACEMENT_3D ( 'NONE', #1373, #616, #643 ) ;
#1498 = DIRECTION ( 'NONE',  ( 0.000000000000000000, 0.000000000000000000, -1.000000000000000000 ) ) ;
#1499 = EDGE_LOOP ( 'NONE', ( #901, #386 ) ) ;
#1500 = AXIS2_PLACEMENT_3D ( 'NONE', #915, #409, #273 ) ;
#1501 = DIRECTION ( 'NONE',  ( 1.000000000000000000, 0.000000000000000000, 0.000000000000000000 ) ) ;
#1502 = LOCAL_TIME ( 11, 9, 39.00000000000000000, #630 ) ;
#1503 = VERTEX_POINT ( 'NONE', #3 ) ;
#1504 = ADVANCED_FACE ( 'NONE', ( #965 ), #745, .F. ) ;
#1505 = ORIENTED_EDGE ( 'NONE', *, *, #1524, .F. ) ;
#1506 = LINE ( 'NONE', #42, #1137 ) ;
#1507 = CARTESIAN_POINT ( 'NONE',  ( -16.26345596729058940, 16.26345596729059295, -13.00000000000000355 ) ) ;
#1508 = ORIENTED_EDGE ( 'NONE', *, *, #299, .F. ) ;
#1509 = ORIENTED_EDGE ( 'NONE', *, *, #638, .F. ) ;
#1510 = CARTESIAN_POINT ( 'NONE',  ( -34.00000000000000000, 0.000000000000000000, 0.000000000000000000 ) ) ;
#1511 = ORIENTED_EDGE ( 'NONE', *, *, #795, .T. ) ;
#1512 = FACE_BOUND ( 'NONE', #402, .T. ) ;
#1513 = EDGE_CURVE ( 'NONE', #963, #1132, #1460, .T. ) ;
#1514 = EDGE_LOOP ( 'NONE', ( #1552, #141, #1395, #732, #1505, #251, #728, #1326, #302, #432, #1422, #633 ) ) ;
#1515 = ORIENTED_EDGE ( 'NONE', *, *, #1534, .F. ) ;
#1516 = CARTESIAN_POINT ( 'NONE',  ( -34.00000000000000000, 2.449293598294706513E-15, 20.00000000000000000 ) ) ;
#1517 = EDGE_LOOP ( 'NONE', ( #1347, #257, #523, #1378 ) ) ;
#1518 = CIRCLE ( 'NONE', #1357, 1.700000000000000178 ) ;
#1519 = VECTOR ( 'NONE', #460, 1000.000000000000000 ) ;
#1520 = FACE_OUTER_BOUND ( 'NONE', #422, .T. ) ;
#1521 = CARTESIAN_POINT ( 'NONE',  ( -40.00000000000000000, 32.00000000000000000, -19.00000000000000355 ) ) ;
#1522 = ORIENTED_EDGE ( 'NONE', *, *, #955, .F. ) ;
#1523 = AXIS2_PLACEMENT_3D ( 'NONE', #1507, #764, #543 ) ;
#1524 = EDGE_CURVE ( 'NONE', #1359, #1278, #246, .T. ) ;
#1525 = CC_DESIGN_SECURITY_CLASSIFICATION ( #111, ( #166 ) ) ;
#1526 = EDGE_CURVE ( 'NONE', #1174, #1018, #68, .T. ) ;
#1527 = DATE_TIME_ROLE ( 'creation_date' ) ;
#1528 = ORIENTED_EDGE ( 'NONE', *, *, #1250, .F. ) ;
#1529 = LINE ( 'NONE', #1134, #1054 ) ;
#1530 = LINE ( 'NONE', #599, #346 ) ;
#1531 = CARTESIAN_POINT ( 'NONE',  ( 16.26345596729058585, -16.26345596729059650, -13.00000000000000355 ) ) ;
#1532 = DIRECTION ( 'NONE',  ( 1.000000000000000000, 0.000000000000000000, 0.000000000000000000 ) ) ;
#1533 = ORIENTED_EDGE ( 'NONE', *, *, #336, .T. ) ;
#1534 = EDGE_CURVE ( 'NONE', #1579, #117, #1232, .T. ) ;
#1535 = DIRECTION ( 'NONE',  ( 0.000000000000000000, -1.000000000000000000, 0.000000000000000000 ) ) ;
#1536 = LINE ( 'NONE', #206, #946 ) ;
#1537 = ORIENTED_EDGE ( 'NONE', *, *, #503, .T. ) ;
#1538 = VERTEX_POINT ( 'NONE', #1237 ) ;
#1539 = EDGE_CURVE ( 'NONE', #22, #640, #191, .T. ) ;
#1540 = LINE ( 'NONE', #810, #1391 ) ;
#1541 = CYLINDRICAL_SURFACE ( 'NONE', #392, 1.700000000000000178 ) ;
#1542 = DIRECTION ( 'NONE',  ( 0.000000000000000000, 0.7071067811865474617, -0.7071067811865476838 ) ) ;
#1543 = ORIENTED_EDGE ( 'NONE', *, *, #1113, .T. ) ;
#1544 = CIRCLE ( 'NONE', #848, 1.700000000000000178 ) ;
#1545 = VECTOR ( 'NONE', #335, 1000.000000000000000 ) ;
#1546 = VECTOR ( 'NONE', #991, 1000.000000000000000 ) ;
#1547 = ADVANCED_FACE ( 'NONE', ( #372 ), #1215, .F. ) ;
#1548 = DIRECTION ( 'NONE',  ( -0.000000000000000000, -0.000000000000000000, -1.000000000000000000 ) ) ;
#1549 = FACE_OUTER_BOUND ( 'NONE', #1566, .T. ) ;
#1550 = DIRECTION ( 'NONE',  ( 1.000000000000000000, 0.000000000000000000, 0.000000000000000000 ) ) ;
#1551 = CYLINDRICAL_SURFACE ( 'NONE', #1468, 1.700000000000000178 ) ;
#1552 = ORIENTED_EDGE ( 'NONE', *, *, #1176, .F. ) ;
#1553 = CARTESIAN_POINT ( 'NONE',  ( -34.00000000000000000, -1.374772708486753814, -19.00000000000000355 ) ) ;
#1554 = DIRECTION ( 'NONE',  ( -1.000000000000000000, -0.000000000000000000, -0.000000000000000000 ) ) ;
#1555 = VERTEX_POINT ( 'NONE', #844 ) ;
#1556 = PLANE ( 'NONE',  #620 ) ;
#1557 = DIRECTION ( 'NONE',  ( -1.000000000000000000, -0.000000000000000000, -0.000000000000000000 ) ) ;
#1558 = VERTEX_POINT ( 'NONE', #856 ) ;
#1559 = DIRECTION ( 'NONE',  ( 1.000000000000000000, 0.000000000000000000, 0.000000000000000000 ) ) ;
#1560 = CARTESIAN_POINT ( 'NONE',  ( 0.000000000000000000, 0.000000000000000000, -13.00000000000000355 ) ) ;
#1561 = DIRECTION ( 'NONE',  ( 1.000000000000000000, 0.000000000000000000, 0.000000000000000000 ) ) ;
#1562 = VECTOR ( 'NONE', #851, 1000.000000000000000 ) ;
#1563 = CARTESIAN_POINT ( 'NONE',  ( -34.00000000000000000, 13.77660356514324036, -33.25966317040631282 ) ) ;
#1564 = AXIS2_PLACEMENT_3D ( 'NONE', #10, #518, #501 ) ;
#1565 = EDGE_CURVE ( 'NONE', #328, #1555, #1358, .T. ) ;
#1566 = EDGE_LOOP ( 'NONE', ( #15, #312, #49, #101, #1039, #39 ) ) ;
#1567 = VECTOR ( 'NONE', #714, 1000.000000000000000 ) ;
#1568 = DIRECTION ( 'NONE',  ( 1.000000000000000000, 0.000000000000000000, 0.000000000000000000 ) ) ;
#1569 =( GEOMETRIC_REPRESENTATION_CONTEXT ( 3 ) GLOBAL_UNCERTAINTY_ASSIGNED_CONTEXT ( ( #753 ) ) GLOBAL_UNIT_ASSIGNED_CONTEXT ( ( #120, #149, #769 ) ) REPRESENTATION_CONTEXT ( 'NONE', 'WORKASPACE' ) );
#1570 = ORIENTED_EDGE ( 'NONE', *, *, #536, .T. ) ;
#1571 = DIRECTION ( 'NONE',  ( 0.000000000000000000, 0.000000000000000000, -1.000000000000000000 ) ) ;
#1572 = CARTESIAN_POINT ( 'NONE',  ( -34.00000000000000000, 13.77660356514323325, 33.25966317040631992 ) ) ;
#1573 = EDGE_LOOP ( 'NONE', ( #669, #51 ) ) ;
#1574 = CARTESIAN_POINT ( 'NONE',  ( -34.00000000000000000, -17.32050807568877460, -8.300000000000002487 ) ) ;
#1575 = APPROVAL ( #168, 'UNSPECIFIED' ) ;
#1576 = ORIENTED_EDGE ( 'NONE', *, *, #1076, .F. ) ;
#1577 = CARTESIAN_POINT ( 'NONE',  ( -37.79999999999999716, 0.000000000000000000, 0.000000000000000000 ) ) ;
#1578 = EDGE_CURVE ( 'NONE', #482, #1159, #1327, .T. ) ;
#1579 = VERTEX_POINT ( 'NONE', #239 ) ;
#1580 = CARTESIAN_POINT ( 'NONE',  ( -34.00000000000000000, 17.32050807568877460, -8.300000000000002487 ) ) ;
#1581 = FACE_BOUND ( 'NONE', #121, .T. ) ;
#1582 = ADVANCED_FACE ( 'NONE', ( #387, #870, #1342, #258, #755, #1249 ), #591, .T. ) ;
#1583 = CARTESIAN_POINT ( 'NONE',  ( -34.00000000000000000, -1.374772708486753814, -19.00000000000000355 ) ) ;
#1584 = CARTESIAN_POINT ( 'NONE',  ( 0.000000000000000000, 0.000000000000000000, -13.00000000000000355 ) ) ;
#1585 = VERTEX_POINT ( 'NONE', #478 ) ;
#1586 = DIRECTION ( 'NONE',  ( 0.000000000000000000, -0.7071067811865473507, -0.7071067811865477948 ) ) ;
#1587 = VERTEX_POINT ( 'NONE', #717 ) ;
#1588 = CARTESIAN_POINT ( 'NONE',  ( -16.26345596729058940, 16.26345596729059295, -13.00000000000000355 ) ) ;
#1589 = DIRECTION ( 'NONE',  ( 0.000000000000000000, 0.000000000000000000, -1.000000000000000000 ) ) ;
ENDSEC;
END-ISO-10303-21;
